TradDt,BizDt,Sgmt,Src,FinInstrmTp,FinInstrmId,ISIN,TckrSymb,SctySrs,XpryDt,FininstrmActlXpryDt,StrkPric,OptnTp,FinInstrmNm,OpnPric,HghPric,LwPric,ClsPric,LastPric,PrvsClsgPric,UndrlygPric,SttlmPric,OpnIntrst,ChngInOpnIntrst,TtlTradgVol,TtlTrfVal,TtlNbOfTxsExctd,SsnId,NewBrdLotQty,Rmks,Rsvd1,Rsvd2,Rsvd3,Rsvd4
2026-07-22,2026-07-22,CM,BSE,STK,500002,INE117A01022,ABB,A,,,,,ABB INDIA LIMITED,7525.05,7635.45,7485.8,7507.3,7523.0,7533.35,,7506.0,,,12812,96748458.0,2536,F1,1,,,,,
2026-07-22,2026-07-22,CM,BSE,STK,500003,INE208C01025,AEGISLOG,A,,,,,AEGIS LOGISTICS LTD.,1330.85,1368.45,1322.2,1350.95,1350.95,1314.8,,1351.3,,,202868,273582181.0,5831,F1,1,,,,,
2026-07-22,2026-07-22,CM,BSE,STK,500008,INE885A01032,ARE&M,A,,,,,Amara Raja Energy & Mobility L,911.45,916.0,894.05,902.45,902.45,904.3,,902.15,,,46897,42359120.0,1470,F1,1,,,,,
2026-07-22,2026-07-22,CM,BSE,STK,500009,INE432A01017,AMBALALSA,B,,,,,AMBALAL SARABHAI ENTERPRISES L,31.25,32.25,30.8,31.49,31.43,31.85,,31.1,,,7146,224637.0,97,F1,1,,,,,
2026-07-22,2026-07-22,CM,BSE,STK,500012,INE714B01016,ANDHRAPET,X,,,,,ANDHRA PETROCHEMICALS LTD.,49.8,50.5,48.0,49.74,49.74,49.8,,49.74,,,67151,3304450.0,416,F1,1,,,,,
2026-07-22,2026-07-22,CM,BSE,STK,500013,INE436A01026,ANSALAPI,Z,,,,,ANSAL PROPERTIES & INFRASTRUCT,3.58,3.64,3.57,3.64,3.64,3.57,,3.64,,,3479,12602.0,12,F1,1,,,,,
2026-07-22,2026-07-22,CM,BSE,STK,500014,INE096A01010,UTIQUE,X,,,,,UTIQUE ENTERPRISES LIMITED,3.89,3.96,3.77,3.83,3.91,3.84,,3.83,,,1739,6683.0,39,F1,1,,,,,
2026-07-22,2026-07-22,CM,BSE,STK,500016,INE957C01019,ARUNAHTEL,X,,,,,ARUNA HOTELS LTD.,7.85,7.85,7.22,7.4,7.4,7.53,,7.4,,,1741,12705.0,31,F1,1,,,,,
2026-07-22,2026-07-22,CM,BSE,STK,500020,INE032A01023,BOMDYEING,B,,,,,BOMBAY DYEING & MFG.CO.LTD.,122.55,122.95,120.1,120.45,120.85,123.4,,120.42,,,36964,4468294.0,520,F1,1,,,,,
2026-07-22,2026-07-22,CM,BSE,STK,500023,INE363A01022,ASIANHOTNR,B,,,,,ASIAN HOTELS (NORTH) LIMITED,296.0,313.55,293.6,310.05,311.55,296.3,,308.6,,,253,76909.0,69,F1,1,,,,,
2026-07-22,2026-07-22,CM,BSE,STK,500027,INE100A01010,ATUL,A,,,,,ATUL LTD.,6202.3,6212.45,6072.2,6139.75,6127.55,6187.4,,6137.5,,,1584,9675676.0,312,F1,1,,,,,
2026-07-22,2026-07-22,CM,BSE,STK,500028,INE447A01015,ATVPR,X,,,,,ATV PROJECTS INDIA LTD.,23.69,24.37,23.15,23.48,23.66,23.68,,23.48,,,14513,340844.0,209,F1,1,,,,,
2026-07-22,2026-07-22,CM,BSE,STK,500031,INE193E01025,BAJAJELEC,A,,,,,BAJAJ ELECTRICALS LTD.,331.5,333.6,324.7,330.35,330.35,333.25,,330.15,,,8823,2894154.0,325,F1,1,,,,,
2026-07-22,2026-07-22,CM,BSE,STK,500032,INE306A01021,BAJAJHIND,B,,,,,BAJAJ HINDUSTHAN SUGAR LIMITED,17.53,17.53,17.01,17.04,17.04,17.35,,17.03,,,222506,3807593.0,943,F1,1,,,,,
2026-07-22,2026-07-22,CM,BSE,STK,500033,INE451A01017,FORCEMOT,A,,,,,FORCE MOTORS LTD.,17800.0,17855.35,17330.0,17422.7,17422.7,17687.7,,17419.0,,,8688,151732597.0,1928,F1,1,,,,,
2026-07-22,2026-07-22,CM,BSE,STK,500034,INE296A01032,BAJFINANCE,A,,,,,BAJAJ FINANCE LIMITED,1064.9,1070.6,1056.3,1060.25,1060.0,1068.5,,1060.3,,,812001,860795361.0,5457,F1,1,,,,,
2026-07-22,2026-07-22,CM,BSE,STK,500038,INE119A01028,BALRAMCHIN,A,,,,,BALRAMPUR CHINI MILLS LTD,616.6,630.0,611.25,623.95,620.3,617.45,,624.7,,,26415,16350439.0,993,F1,1,,,,,
2026-07-22,2026-07-22,CM,BSE,STK,500039,INE213C01025,BANCOINDIA,A,,,,,BANCO PRODUCTS (INDIA) LTD.,653.7,655.1,631.6,635.55,635.55,650.05,,635.2,,,12752,8153551.0,756,F1,1,,,,,
2026-07-22,2026-07-22,CM,BSE,STK,500040,INE055A01016,ABREL,A,,,,,ADITYA BIRLA REAL ESTATE LIMIT,1457.25,1457.25,1400.0,1408.85,1408.85,1444.6,,1408.6,,,4621,6562875.0,330,F1,1,,,,,
2026-07-22,2026-07-22,CM,BSE,STK,500041,INE459A01010,BANARISUG,B,,,,,BANNARI AMMAN SUGARS LTD.,3441.05,3539.95,3431.05,3431.05,3431.05,3461.0,,3476.6,,,5,17289.0,5,F1,1,,,,,
2026-07-22,2026-07-22,CM,BSE,STK,500042,INE373A01013,BASF,A,,,,,BASF INDIA LTD.,3865.1,3865.1,3744.25,3765.1,3775.8,3837.3,,3764.8,,,1532,5779011.0,369,F1,1,,,,,
2026-07-22,2026-07-22,CM,BSE,STK,500043,INE176A01028,BATAINDIA,A,,,,,BATA INDIA LTD.,699.0,699.0,691.85,694.0,694.0,698.9,,694.35,,,18743,13000009.0,852,F1,1,,,,,
2026-07-22,2026-07-22,CM,BSE,STK,500048,INE258A01024,BEML,A,,,,,BEML LTD.,1801.3,1801.3,1731.55,1737.4,1737.95,1785.15,,1736.5,,,6309,11052132.0,604,F1,1,,,,,
2026-07-22,2026-07-22,CM,BSE,STK,500049,INE263A01024,BEL,A,,,,,BHARAT ELECTRONICS LTD.,410.15,410.5,406.0,406.8,406.8,410.05,,406.75,,,415645,169304329.0,8893,F1,1,,,,,
2026-07-22,2026-07-22,CM,BSE,STK,500051,INE099C01010,BHAGGAS,XT,,,,,BHAGAWATI GAS LIMITED,11.94,11.94,11.94,11.94,11.94,11.71,,11.94,,,207853,2481764.0,166,F1,1,,,,,
2026-07-22,2026-07-22,CM,BSE,STK,500052,INE922A01025,BEPL,B,,,,,BHANSALI ENGINEERING POLYMERS,123.5,127.59,116.64,120.08,120.08,123.49,,120.06,,,1236139,151742728.0,6851,F1,1,,,,,
2026-07-22,2026-07-22,CM,BSE,STK,500058,INE819C01011,BIHSPONG,X,,,,,BIHAR SPONGE IRON LTD.,12.51,12.92,12.11,12.57,12.57,12.51,,12.57,,,14046,174343.0,49,F1,1,,,,,
2026-07-22,2026-07-22,CM,BSE,STK,500059,INE071A01013,BILVYAPAR,T,,,,,BIL VYAPAR LIMITED,4.1,4.1,4.07,4.07,4.07,4.22,,4.11,,,1812,7414.0,8,F1,1,,,,,
2026-07-22,2026-07-22,CM,BSE,STK,500060,INE800A01015,BIRLACABLE,T,,,,,Birla Cable Limited,187.0,194.35,181.65,192.35,194.3,185.1,,192.37,,,6203,1180414.0,121,F1,1,,,,,
2026-07-22,2026-07-22,CM,BSE,STK,500067,INE472A01039,BLUESTARCO,A,,,,,BLUE STAR LTD.,1707.25,1709.8,1650.5,1660.25,1660.0,1702.75,,1660.7,,,9752,16318719.0,1814,F1,1,,,,,
2026-07-22,2026-07-22,CM,BSE,STK,500068,INE131C01011,DISAQ,B,,,,,DISA INDIA LTD.,12116.0,12116.0,11922.0,12110.0,12110.0,12076.9,,11978.0,,,9,108207.0,9,F1,1,,,,,
2026-07-22,2026-07-22,CM,BSE,STK,500069,INE418C01012,QUESTCAP,X,,,,,QUEST CAPITAL MARKETS LIMITED,274.0,274.0,274.0,274.0,274.0,274.0,,274.0,,,20,5480.0,1,F1,1,,,,,
2026-07-22,2026-07-22,CM,BSE,STK,500074,INE110A01019,BPL,B,,,,,BPL LTD.,54.66,55.18,54.15,54.46,54.15,54.66,,54.25,,,1850,101045.0,50,F1,1,,,,,
2026-07-22,2026-07-22,CM,BSE,STK,500078,INE959C01023,OAL,B,,,,,ORIENTAL AROMATICS LIMITED,349.0,352.75,344.3,347.75,347.75,343.9,,348.6,,,515,179741.0,69,F1,1,,,,,
2026-07-22,2026-07-22,CM,BSE,STK,500083,INE281A01026,CENTEXT,B,,,,,CENTURY EXTRUSIONS LTD.,18.81,18.99,18.69,18.94,18.99,18.83,,18.89,,,1221,23026.0,29,F1,1,,,,,
2026-07-22,2026-07-22,CM,BSE,STK,500084,INE486A01021,CESC,A,,,,,CESC LTD.,164.25,166.85,164.1,164.4,164.5,165.05,,164.44,,,25717,4237700.0,716,F1,1,,,,,
2026-07-22,2026-07-22,CM,BSE,STK,500085,INE085A01013,CHAMBLFERT,A,,,,,CHAMBAL FERTILISERS & CHEMICAL,439.0,441.7,434.45,435.65,434.55,439.25,,435.75,,,26360,11498411.0,884,F1,1,,,,,
2026-07-22,2026-07-22,CM,BSE,STK,500086,INE302A01020,EXIDEIND,A,,,,,EXIDE INDUSTRIES LTD.,443.45,452.8,435.7,448.0,448.0,443.35,,447.85,,,217072,96294762.0,4091,F1,1,,,,,
2026-07-22,2026-07-22,CM,BSE,STK,500087,INE059A01026,CIPLA,A,,,,,CIPLA LTD.,1428.0,1428.0,1396.1,1415.1,1417.1,1432.55,,1415.1,,,69893,98534155.0,4399,F1,1,,,,,
2026-07-22,2026-07-22,CM,BSE,STK,500089,INE303A01010,DICIND,B,,,,,DIC INDIA LTD.,518.0,529.25,511.2,511.2,511.2,518.25,,522.55,,,874,458911.0,23,F1,1,,,,,
2026-07-22,2026-07-22,CM,BSE,STK,500092,INE007A01025,CRISIL,A,,,,,CRISIL LTD.,4395.65,4537.8,4261.2,4496.15,4496.15,4302.1,,4495.2,,,36779,163242273.0,3388,F1,1,,,,,
2026-07-22,2026-07-22,CM,BSE,STK,500093,INE067A01029,CGPOWER,A,,,,,CG Power and Industrial Soluti,919.3,930.4,910.0,912.9,912.9,913.1,,912.85,,,195262,179193062.0,3467,F1,1,,,,,
2026-07-22,2026-07-22,CM,BSE,STK,500096,INE016A01026,DABUR,A,,,,,DABUR INDIA LTD.,426.3,427.45,421.75,426.5,426.0,426.15,,426.5,,,42821,18192055.0,1301,F1,1,,,,,
2026-07-22,2026-07-22,CM,BSE,STK,500097,INE495A01022,DALMIASUG,B,,,,,DALMIA BHARAT SUGAR AND INDUST,367.65,379.0,362.1,365.25,362.1,370.6,,365.05,,,16770,6192625.0,475,F1,1,,,,,
2026-07-22,2026-07-22,CM,BSE,STK,500101,INE034A01011,ARVIND,A,,,,,ARVIND LTD.,528.65,533.85,518.4,522.7,523.05,530.5,,522.35,,,14309,7485551.0,695,F1,1,,,,,
2026-07-22,2026-07-22,CM,BSE,STK,500103,INE257A01026,BHEL,A,,,,,BHARAT HEAVY ELECTRICALS LTD.,413.55,420.85,412.5,416.3,416.3,413.4,,416.45,,,607266,253282242.0,8711,F1,1,,,,,
2026-07-22,2026-07-22,CM,BSE,STK,500104,INE094A01015,HINDPETRO,A,,,,,HINDUSTAN PETROLEUM CORPORATIO,405.6,405.6,393.15,395.25,395.25,407.0,,395.2,,,405371,161211897.0,6735,F1,1,,,,,
2026-07-22,2026-07-22,CM,BSE,STK,500106,INE039A01010,IFCI,A,,,,,IFCI LTD.,72.5,72.59,71.29,71.48,71.48,72.98,,71.47,,,1001008,71722303.0,3861,F1,1,,,,,
2026-07-22,2026-07-22,CM,BSE,STK,500108,INE153A01019,MTNL,B,,,,,MAHANAGAR TELEPHONE NIGAM LTD.,28.15,29.3,27.35,27.68,27.7,28.05,,27.69,,,116761,3261915.0,731,F1,1,,,,,
2026-07-22,2026-07-22,CM,BSE,STK,500109,INE103A01014,MRPL,A,,,,,MANGALORE REFINERY & PETROCHEM,177.3,180.25,174.0,174.65,174.65,176.25,,174.66,,,754485,133670943.0,4393,F1,1,,,,,
2026-07-22,2026-07-22,CM,BSE,STK,500110,INE178A01016,CHENNPETRO,A,,,,,CHENNAI PETROLEUM CORPORATION,1268.5,1314.7,1268.5,1307.8,1307.8,1259.7,,1307.8,,,244976,318479571.0,8105,F1,1,,,,,
2026-07-22,2026-07-22,CM,BSE,STK,500112,INE062A01020,SBIN,A,,,,,STATE BANK OF INDIA,1045.8,1045.8,1019.3,1025.35,1025.35,1044.25,,1025.0,,,518865,532403205.0,19658,F1,1,,,,,
2026-07-22,2026-07-22,CM,BSE,STK,500113,INE114A01011,SAIL,A,,,,,STEEL AUTHORITY OF INDIA LTD.,164.4,166.15,161.0,162.15,162.15,163.95,,162.0,,,868732,141009341.0,3664,F1,1,,,,,
2026-07-22,2026-07-22,CM,BSE,STK,500114,INE280A01028,TITAN,A,,,,,TITAN COMPANY LIMITED,4688.0,4730.1,4673.65,4712.05,4705.65,4688.05,,4711.6,,,151909,716671104.0,6934,F1,1,,,,,
2026-07-22,2026-07-22,CM,BSE,STK,500116,INE008A01015,IDBI,A,,,,,IDBI BANK LTD.,86.6,86.6,84.5,85.89,85.89,86.6,,85.93,,,301311,25702105.0,1542,F1,1,,,,,
2026-07-22,2026-07-22,CM,BSE,STK,500117,INE500A01029,DCW,B,,,,,DCW LTD.,48.0,48.0,46.0,46.2,46.22,47.6,,46.09,,,39426,1834687.0,370,F1,1,,,,,
2026-07-22,2026-07-22,CM,BSE,STK,500119,INE041A01016,DHAMPURSUG,B,,,,,DHAMPUR SUGAR MILLS LTD.,145.55,145.55,142.3,142.55,142.3,145.55,,142.82,,,7694,1102972.0,193,F1,1,,,,,
2026-07-22,2026-07-22,CM,BSE,STK,500120,INE591D01014,DIAMINESQ,B,,,,,DIAMINES & CHEMICALS LTD.,250.15,250.65,247.3,248.4,250.0,255.0,,248.73,,,146,36470.0,10,F1,1,,,,,
2026-07-22,2026-07-22,CM,BSE,STK,500123,INE280B01018,ELANTAS,B,,,,,ELANTAS BECK INDIA LTD.,9445.0,9500.0,9343.0,9343.0,9343.0,9456.0,,9349.0,,,197,1859903.0,54,F1,1,,,,,
2026-07-22,2026-07-22,CM,BSE,STK,500124,INE089A01031,DRREDDY,A,,,,,DR.REDDYS LABORATORIES LTD.,1199.65,1202.0,1168.7,1183.0,1183.0,1206.55,,1182.8,,,165968,196771318.0,14265,F1,1,,,,,
2026-07-22,2026-07-22,CM,BSE,STK,500125,INE126A01031,EIDPARRY,A,,,,,E.I.D.-PARRY (INDIA) LTD.,766.95,768.95,750.75,765.5,766.3,767.6,,765.45,,,10586,8027904.0,708,F1,1,,,,,
2026-07-22,2026-07-22,CM,BSE,STK,500126,INE199A01012,PGHL,A,,,,,PROCTER & GAMBLE HEALTH LIMITE,6765.05,6785.0,6687.3,6718.2,6702.4,6792.75,,6712.0,,,805,5405325.0,253,F1,1,,,,,
2026-07-22,2026-07-22,CM,BSE,STK,500128,INE086A01029,ELECTCAST,A,,,,,ELECTROSTEEL CASTINGS LTD.,72.93,72.93,71.11,71.3,72.47,72.83,,71.27,,,40153,2874679.0,737,F1,1,,,,,
2026-07-22,2026-07-22,CM,BSE,STK,500133,INE284A01012,ESABINDIA,B,,,,,ESAB INDIA LTD.,5800.65,5810.55,5738.75,5786.15,5760.05,5898.55,,5787.0,,,103,595528.0,64,F1,1,,,,,
2026-07-22,2026-07-22,CM,BSE,STK,500135,INE255A01020,EPL,A,,,,,EPL LIMITED,239.25,239.3,232.85,234.35,234.7,237.25,,233.88,,,15857,3727998.0,341,F1,1,,,,,
2026-07-22,2026-07-22,CM,BSE,STK,500136,INE778B01029,ESTER,B,,,,,ESTER INDUSTRIES LTD.,93.9,93.9,86.47,86.91,86.9,88.74,,86.98,,,1623,142486.0,102,F1,1,,,,,
2026-07-22,2026-07-22,CM,BSE,STK,500142,INE512A01016,FGP,X,,,,,FGP LTD.,11.12,11.12,10.4,10.85,10.85,10.69,,10.85,,,2894,30507.0,16,F1,1,,,,,
2026-07-22,2026-07-22,CM,BSE,STK,500143,INE160F01013,PHCAP,XT,,,,,P H CAPITAL LIMITED,1014.5,1025.0,1014.5,1024.5,1024.5,1017.25,,1024.5,,,1727,1764652.0,26,F1,1,,,,,
2026-07-22,2026-07-22,CM,BSE,STK,500144,INE235A01022,FINCABLES,A,,,,,FINOLEX CABLES LTD.,1006.0,1026.0,994.15,1014.7,1011.9,1008.7,,1014.9,,,22006,22201351.0,1366,F1,1,,,,,
2026-07-22,2026-07-22,CM,BSE,STK,500147,INE515A01019,COCKERILL,B,,,,,JOHN COCKERILL INDIA LIMITED,9162.75,9162.75,8947.2,9030.05,9042.0,9175.1,,9026.0,,,265,2393231.0,123,F1,1,,,,,
2026-07-22,2026-07-22,CM,BSE,STK,500148,INE516A01017,UFLEX,B,,,,,UFLEX LTD.,444.25,515.0,438.75,491.1,491.1,438.3,,490.7,,,533049,265247183.0,13401,F1,1,,,,,
2026-07-22,2026-07-22,CM,BSE,STK,500150,INE519A01011,FOSECOIND,B,,,,,FOSECO INDIA LTD.,5110.0,5110.0,5080.0,5082.0,5080.0,5154.55,,5102.5,,,6,30520.0,3,F1,1,,,,,
2026-07-22,2026-07-22,CM,BSE,STK,500151,INE973A01010,GOLDENTOBC,Z,,,,,GOLDEN TOBACCO LTD.,25.63,25.63,23.91,25.5,25.5,25.02,,25.5,,,2403,58758.0,12,F1,1,,,,,
2026-07-22,2026-07-22,CM,BSE,STK,500153,INE388A01029,GANESHBE,B,,,,,GANESH BENZOPLAST LTD.,105.35,117.85,103.3,109.35,109.25,106.15,,109.32,,,327204,37167461.0,2033,F1,1,,,,,
2026-07-22,2026-07-22,CM,BSE,STK,500159,INE085D01033,METROGLOBL,B,,,,,METROGLOBAL LIMITED,136.9,138.0,131.0,133.5,131.7,133.6,,131.54,,,500,67472.0,29,F1,1,,,,,
2026-07-22,2026-07-22,CM,BSE,STK,500160,INE043A01012,GTL,B,,,,,GTL LTD.,7.25,7.25,7.15,7.23,7.25,7.2,,7.22,,,18610,134374.0,92,F1,1,,,,,
2026-07-22,2026-07-22,CM,BSE,STK,500163,INE260B01028,GODFRYPHLP,A,,,,,GODFREY PHILLIPS INDIA LTD.,2132.35,2132.35,2067.8,2071.75,2071.75,2132.35,,2072.3,,,20678,43126536.0,2293,F1,1,,,,,
2026-07-22,2026-07-22,CM,BSE,STK,500164,INE233A01035,GODREJIND,A,,,,,GODREJ INDUSTRIES LTD.,1380.05,1380.05,1332.05,1352.25,1349.0,1380.55,,1354.6,,,17476,23635280.0,1285,F1,1,,,,,
2026-07-22,2026-07-22,CM,BSE,STK,500165,INE531A01024,KANSAINER,A,,,,,KANSAI NEROLAC PAINTS LTD.,202.75,202.75,198.5,198.85,202.0,202.75,,198.92,,,11352,2265953.0,391,F1,1,,,,,
2026-07-22,2026-07-22,CM,BSE,STK,500166,INE300A01016,GOODRICKE,X,,,,,GOODRICKE GROUP LTD.,186.25,186.4,181.0,185.05,186.15,186.55,,185.05,,,4898,899916.0,92,F1,1,,,,,
2026-07-22,2026-07-22,CM,BSE,STK,500168,INE533A01012,GOODYEAR,B,,,,,GOODYEAR INDIA LTD.,822.0,827.1,819.0,823.0,827.0,823.65,,824.2,,,2656,2183865.0,267,F1,1,,,,,
2026-07-22,2026-07-22,CM,BSE,STK,500170,INE537A01013,GTNINDS,X,,,,,GTN INDUSTRIES LTD.,25.31,26.37,23.0,24.0,24.0,25.31,,24.0,,,5056,119985.0,55,F1,1,,,,,
2026-07-22,2026-07-22,CM,BSE,STK,500171,INE539A01019,GHCL,A,,,,,GHCL LTD.,433.55,433.55,426.85,429.1,427.95,432.75,,428.9,,,9173,3937620.0,362,F1,1,,,,,
2026-07-22,2026-07-22,CM,BSE,STK,500173,INE538A01037,GFLLIMITED,B,,,,,GFL LIMITED,45.79,46.53,45.52,45.86,45.52,45.65,,45.23,,,536,24589.0,25,F1,1,,,,,
2026-07-22,2026-07-22,CM,BSE,STK,500179,INE236A01020,HCL-INSYS,B,,,,,HCL INFOSYSTEMS LTD.,12.05,12.05,11.51,11.61,11.51,11.67,,11.57,,,38120,443660.0,214,F1,1,,,,,
2026-07-22,2026-07-22,CM,BSE,STK,500180,INE040A01034,HDFCBANK,A,,,,,HDFC BANK LTD.,761.05,761.05,750.25,753.15,753.15,761.45,,753.15,,,1396943,1053070409.0,36814,F1,1,,,,,
2026-07-22,2026-07-22,CM,BSE,STK,500182,INE158A01026,HEROMOTOCO,A,,,,,HERO MOTOCORP LTD.,5068.55,5111.0,4968.0,4985.6,4981.0,5031.25,,4987.1,,,25794,130236711.0,4763,F1,1,,,,,
2026-07-22,2026-07-22,CM,BSE,STK,500183,INE548A01028,HFCL,A,,,,,HFCL LIMITED,221.9,228.0,214.3,217.9,217.9,217.5,,217.9,,,2371142,525193004.0,19329,F1,1,,,,,
2026-07-22,2026-07-22,CM,BSE,STK,500184,INE019C01026,HSCL,A,,,,,Himadri Speciality Chemical Lt,811.75,818.0,760.2,767.9,767.9,800.8,,768.25,,,975599,774778934.0,14883,F1,1,,,,,
2026-07-22,2026-07-22,CM,BSE,STK,500185,INE549A01026,HCC,A,,,,,HINDUSTAN CONSTRUCTION CO.LTD.,22.76,22.76,22.03,22.07,22.07,22.67,,22.06,,,1869856,41535572.0,2573,F1,1,,,,,
2026-07-22,2026-07-22,CM,BSE,STK,500186,INE345A01011,HINDOILEXP,B,,,,,HINDUSTAN OIL EXPLORATION CO.L,164.9,165.95,160.25,164.05,164.0,162.3,,164.06,,,24896,4054784.0,536,F1,1,,,,,
2026-07-22,2026-07-22,CM,BSE,STK,500187,INE415A01038,AGI,B,,,,,AGI GREENPAC LIMITED,690.2,690.2,660.5,666.45,666.5,685.5,,666.1,,,5077,3398673.0,355,F1,1,,,,,
2026-07-22,2026-07-22,CM,BSE,STK,500188,INE267A01025,HINDZINC,A,,,,,HINDUSTAN ZINC LTD.,538.55,541.1,532.0,535.5,535.5,533.2,,535.4,,,143003,76793067.0,5190,F1,1,,,,,
2026-07-22,2026-07-22,CM,BSE,STK,500189,INE353A01023,NDLVENTURE,B,,,,,NDL Ventures Limited,117.25,127.15,117.25,125.5,125.5,128.45,,125.9,,,243,30107.0,20,F1,1,,,,,
2026-07-22,2026-07-22,CM,BSE,STK,500191,INE262A01018,HMT,Z,,,,,HMT LTD.,61.7,61.99,60.0,61.0,61.0,61.4,,60.08,,,1553,94577.0,22,F1,1,,,,,
2026-07-22,2026-07-22,CM,BSE,STK,500192,INE962B01011,PRAGBOS,X,,,,,PRAG BOSIMI SYNTHETICS LTD.,1.74,1.88,1.72,1.81,1.85,1.74,,1.81,,,13333,24350.0,37,F1,1,,,,,
2026-07-22,2026-07-22,CM,BSE,STK,500193,INE102A01024,HLVLTD,B,,,,,HLV LIMITED,7.01,7.26,7.01,7.18,7.18,7.12,,7.18,,,10582,75772.0,95,F1,1,,,,,
2026-07-22,2026-07-22,CM,BSE,STK,500199,INE204A01010,IGPL,B,,,,,I G PETROCHEMICALS LTD.,424.0,439.35,422.5,438.2,432.0,425.95,,438.4,,,1056,455886.0,146,F1,1,,,,,
2026-07-22,2026-07-22,CM,BSE,STK,500201,INE560A01023,INDIAGLYCO,A,,,,,INDIA GLYCOLS LTD.,1159.7,1159.7,1130.0,1139.9,1142.0,1153.15,,1140.55,,,4289,4894283.0,288,F1,1,,,,,
2026-07-22,2026-07-22,CM,BSE,STK,500202,INE333C01013,INDLEASE,X,,,,,INDIA LEASE DEVELOPMENT LTD.,6.94,7.05,6.94,7.05,7.05,6.94,,7.05,,,221,1547.0,3,F1,1,,,,,
2026-07-22,2026-07-22,CM,BSE,STK,500206,INE680B01019,MARGOFIN,X,,,,,MARGO FINANCE LIMITED,63.0,64.89,62.0,63.49,64.78,64.9,,63.49,,,367,23266.0,17,F1,1,,,,,
2026-07-22,2026-07-22,CM,BSE,STK,500207,INE156A01020,INDORAMA,B,,,,,INDO RAMA SYNTHETICS (INDIA) L,49.48,49.75,48.58,48.77,48.58,50.44,,48.68,,,2973,145301.0,129,F1,1,,,,,
2026-07-22,2026-07-22,CM,BSE,STK,500209,INE009A01021,INFY,A,,,,,INFOSYS LTD.,1067.15,1069.0,1046.25,1052.3,1052.3,1073.4,,1052.1,,,270202,285372406.0,12391,F1,1,,,,,
2026-07-22,2026-07-22,CM,BSE,STK,500210,INE177A01018,INGERRAND,B,,,,,INGERSOLL-RAND (INDIA) LTD.,4510.0,4574.5,4500.0,4530.05,4574.5,4520.85,,4530.8,,,20853,94454056.0,137,F1,1,,,,,
2026-07-22,2026-07-22,CM,BSE,STK,500213,INE262B01016,ITHL,X,,,,,INTERNATIONAL TRAVEL HOUSE LTD,315.05,320.0,311.5,314.6,312.5,318.1,,314.6,,,1090,342754.0,49,F1,1,,,,,
2026-07-22,2026-07-22,CM,BSE,STK,500214,INE570A01022,IONEXCHANG,A,,,,,ION EXCHANGE (INDIA) LTD.,442.9,442.9,423.7,424.95,424.95,437.6,,424.75,,,46507,20085253.0,1292,F1,1,,,,,
2026-07-22,2026-07-22,CM,BSE,STK,500215,INE209A01019,SUNDROP,B,,,,,SUNDROP BRANDS LIMITED,642.9,656.7,642.2,650.1,652.0,647.25,,651.75,,,1780,1155887.0,163,F1,1,,,,,
2026-07-22,2026-07-22,CM,BSE,STK,500219,INE175A01038,JISLJALEQS,A,,,,,JAIN IRRIGATION SYSTEMS LTD.,30.34,30.51,29.94,30.13,30.15,30.34,,30.09,,,60219,1812602.0,364,F1,1,,,,,
2026-07-22,2026-07-22,CM,BSE,STK,500220,INE711C01028,JASCH,XT,,,,,JASCH INDUSTRIES LTD.,282.0,282.85,282.0,282.85,282.85,269.4,,282.85,,,4722,1334850.0,48,F1,1,,,,,
2026-07-22,2026-07-22,CM,BSE,STK,500227,INE197D01010,JINDALPOLY,B,,,,,JINDAL POLY FILMS LIMITED,664.15,664.9,639.0,650.0,650.0,669.95,,647.7,,,1638,1063052.0,160,F1,1,,,,,
2026-07-22,2026-07-22,CM,BSE,STK,500228,INE019A01038,JSWSTEEL,A,,,,,JSW STEEL LTD.,1268.45,1279.1,1261.7,1266.7,1266.75,1266.6,,1266.9,,,75421,95786228.0,3682,F1,1,,,,,
2026-07-22,2026-07-22,CM,BSE,STK,500233,INE217B01036,KAJARIACER,A,,,,,KAJARIA CERAMICS LTD.,1228.75,1234.5,1212.9,1232.7,1232.7,1228.75,,1229.6,,,80960,99421484.0,1781,F1,1,,,,,
2026-07-22,2026-07-22,CM,BSE,STK,500234,INE437B01014,KAKATCEM,T,,,,,KAKATIYA CEMENT SUGAR & INDUST,121.0,121.5,119.0,121.5,121.5,118.05,,121.6,,,366,43988.0,23,F1,1,,,,,
2026-07-22,2026-07-22,CM,BSE,STK,500235,INE907A01026,KSL,B,,,,,KALYANI STEELS LTD.,900.7,900.7,880.85,887.8,895.0,898.35,,886.3,,,1184,1049511.0,92,F1,1,,,,,
2026-07-22,2026-07-22,CM,BSE,STK,500238,INE716A01013,WHIRLPOOL,A,,,,,WHIRLPOOL OF INDIA LTD.,768.85,769.7,754.0,757.35,759.0,769.75,,757.4,,,20784,15797911.0,1333,F1,1,,,,,
2026-07-22,2026-07-22,CM,BSE,STK,500239,INE104A01012,KGDENIM,X,,,,,KG DENIM LTD.,15.4,15.4,14.5,14.56,14.99,15.0,,14.56,,,2240,32930.0,22,F1,1,,,,,
2026-07-22,2026-07-22,CM,BSE,STK,500240,INE266B01017,KINETICENG,XT,,,,,KINETIC ENGINEERING LTD.,287.4,293.85,274.0,277.2,281.0,281.75,,277.2,,,6522,1819477.0,151,F1,1,,,,,
2026-07-22,2026-07-22,CM,BSE,STK,500241,INE732A01036,KIRLOSBROS,A,,,,,KIRLOSKAR BROTHERS LTD.,1900.15,1900.2,1851.3,1877.35,1877.35,1909.2,,1876.8,,,5256,9833072.0,412,F1,1,,,,,
2026-07-22,2026-07-22,CM,BSE,STK,500243,INE250A01039,KIRLOSIND,B,,,,,KIRLOSKAR INDUSTRIES LTD,3837.0,3837.0,3769.3,3789.9,3769.35,3857.85,,3784.3,,,900,3408931.0,128,F1,1,,,,,
2026-07-22,2026-07-22,CM,BSE,STK,500245,INE884B01025,KIRLFER,B,,,,,KIRLOSKAR FERROUS INDUSTRIES L,472.65,476.3,462.6,471.05,466.05,468.3,,470.1,,,13228,6177462.0,705,F1,1,,,,,
2026-07-22,2026-07-22,CM,BSE,STK,500246,INE601C01013,ENVAIREL,XT,,,,,ENVAIR ELECTRODYNE LTD.,54.47,54.47,54.47,54.47,54.47,57.33,,54.47,,,1930,105127.0,9,F1,1,,,,,
2026-07-22,2026-07-22,CM,BSE,STK,500247,INE237A01036,KOTAKBANK,A,,,,,KOTAK MAHINDRA BANK LTD.,384.0,388.5,378.2,381.2,381.8,385.95,,381.15,,,556652,212502986.0,7192,F1,1,,,,,
2026-07-22,2026-07-22,CM,BSE,STK,500248,INE073A01019,KRIFILIND,X,,,,,KRISHNA FILAMENT INDUSTRIES LI,5.4,5.55,5.4,5.55,5.55,5.4,,5.55,,,262,1452.0,3,F1,1,,,,,
2026-07-22,2026-07-22,CM,BSE,STK,500249,INE999A01023,KSB,A,,,,,KSB LIMITED,896.3,914.5,888.85,893.25,890.05,907.15,,892.35,,,4692,4204172.0,355,F1,1,,,,,
2026-07-22,2026-07-22,CM,BSE,STK,500250,INE337A01034,LGBBROSLTD,A,,,,,L.G.BALAKRISHNAN & BROS.LTD.,1545.25,1553.95,1528.0,1544.85,1542.25,1543.4,,1547.7,,,385,591252.0,51,F1,1,,,,,
2026-07-22,2026-07-22,CM,BSE,STK,500251,INE849A01020,TRENT,A,,,,,TRENT LTD.,2932.5,2932.5,2862.0,2887.55,2887.55,2894.2,,2887.3,,,24649,71015985.0,3214,F1,1,,,,,
2026-07-22,2026-07-22,CM,BSE,STK,500252,INE269B01029,LMW,A,,,,,LMW Limited,16120.0,16138.75,15989.95,16073.95,16138.75,16054.0,,16091.0,,,143,2296700.0,82,F1,1,,,,,
2026-07-22,2026-07-22,CM,BSE,STK,500253,INE115A01026,LICHSGFIN,A,,,,,LIC HOUSING FINANCE LTD.,548.6,548.6,537.75,538.3,538.3,548.6,,538.6,,,23460,12678264.0,994,F1,1,,,,,
2026-07-22,2026-07-22,CM,BSE,STK,500257,INE326A01037,LUPIN,A,,,,,LUPIN LTD.,2498.9,2498.9,2404.0,2405.8,2408.5,2514.4,,2406.9,,,23040,56004658.0,2812,F1,1,,,,,
2026-07-22,2026-07-22,CM,BSE,STK,500259,INE933A01014,LYKALABS,T,,,,,LYKA LABS LTD.,66.0,66.0,63.11,65.65,65.65,66.07,,64.95,,,5378,342075.0,39,F1,1,,,,,
2026-07-22,2026-07-22,CM,BSE,STK,500260,INE331A01037,RAMCOCEM,A,,,,,THE RAMCO CEMENTS LIMITED,921.95,921.95,905.0,909.8,916.7,918.3,,907.05,,,41785,38270640.0,464,F1,1,,,,,
2026-07-22,2026-07-22,CM,BSE,STK,500262,INE965B01022,HYBRIDFIN,T,,,,,HYBRID FINANCIAL SERVICES LIMI,19.7,19.7,18.12,19.0,19.0,18.8,,19.0,,,784,14891.0,15,F1,1,,,,,
2026-07-22,2026-07-22,CM,BSE,STK,500264,INE270B01035,MAFATIND,B,,,,,MAFATLAL INDUSTRIES LTD.,132.5,132.65,129.5,130.7,130.85,132.5,,130.61,,,7993,1043025.0,262,F1,1,,,,,
2026-07-22,2026-07-22,CM,BSE,STK,500265,INE271B01025,MAHSEAMLES,A,,,,,MAHARASHTRA SEAMLESS LTD.,579.0,579.0,572.6,574.9,574.65,579.65,,575.4,,,3950,2270482.0,207,F1,1,,,,,
2026-07-22,2026-07-22,CM,BSE,STK,500266,INE288A01013,MAHSCOOTER,A,,,,,MAHARASHTRA SCOOTERS LTD.,12915.0,12915.0,12721.05,12752.0,12773.5,12943.7,,12833.0,,,170,2179765.0,81,F1,1,,,,,
2026-07-22,2026-07-22,CM,BSE,STK,500267,INE201B01022,MAJESAUT,B,,,,,MAJESTIC AUTO LTD.,435.45,436.0,420.0,430.9,431.95,431.05,,430.3,,,8072,3451221.0,287,F1,1,,,,,
2026-07-22,2026-07-22,CM,BSE,STK,500268,INE201A01024,MANALIPETC,B,,,,,MANALI PETROCHEMICAL LTD.,67.65,69.0,63.69,64.37,64.37,65.97,,64.25,,,100470,6731728.0,777,F1,1,,,,,
2026-07-22,2026-07-22,CM,BSE,STK,500270,INE461A01024,BARODARY,X,,,,,BARODA RAYON CORPORATION LTD.,129.0,129.75,126.0,126.4,129.6,128.6,,126.4,,,272,34849.0,50,F1,1,,,,,
2026-07-22,2026-07-22,CM,BSE,STK,500271,INE180A01020,MFSL,A,,,,,Max Financial Services Limited,1537.0,1537.7,1512.05,1520.45,1524.2,1537.75,,1523.3,,,7078,10775000.0,678,F1,1,,,,,
2026-07-22,2026-07-22,CM,BSE,STK,500277,INE401C01018,MIDINDIA,X,,,,,MID INDIA INDUSTRIES LTD.,5.91,6.33,5.62,6.32,6.32,5.97,,6.32,,,3542,22260.0,16,F1,1,,,,,
2026-07-22,2026-07-22,CM,BSE,STK,500279,INE831A01028,ONIDA,T,,,,,ONIDA ELECTRONICS LIMITED,39.0,39.39,38.36,38.98,39.0,39.0,,38.54,,,11090,428617.0,66,F1,1,,,,,
2026-07-22,2026-07-22,CM,BSE,STK,500280,INE485A01015,CENTENKA,B,,,,,CENTURY ENKA LTD.,545.0,563.95,534.65,560.25,561.5,544.0,,558.8,,,5542,3066860.0,264,F1,1,,,,,
2026-07-22,2026-07-22,CM,BSE,STK,500284,INE846D01012,LORDSCHLO,B,,,,,LORDS CHLORO ALKALI LTD.,151.05,151.05,142.25,144.25,146.45,147.45,,144.13,,,7553,1104552.0,252,F1,1,,,,,
2026-07-22,2026-07-22,CM,BSE,STK,500285,INE285B01017,SPICEJET,B,,,,,SPICEJET LTD.,10.9,11.35,10.83,11.2,11.2,10.86,,11.2,,,8403178,93816861.0,6345,F1,1,,,,,
2026-07-22,2026-07-22,CM,BSE,STK,500288,INE083A01026,MOREPENLAB,B,,,,,MOREPEN LABORATORIES LTD.,56.7,56.7,52.95,53.27,53.27,56.84,,53.2,,,676524,36543486.0,2860,F1,1,,,,,
2026-07-22,2026-07-22,CM,BSE,STK,500290,INE883A01011,MRF,A,,,,,MRF LTD.,134000.0,134685.0,132750.55,132959.45,133070.0,133926.7,,132945.0,,,112,14948284.0,102,F1,1,,,,,
2026-07-22,2026-07-22,CM,BSE,STK,500292,INE578A01017,HEIDELBERG,B,,,,,HEIDELBERGCEMENT INDIA LTD.,162.4,162.4,158.75,159.4,159.55,160.8,,158.88,,,2539,405148.0,71,F1,1,,,,,
2026-07-22,2026-07-22,CM,BSE,STK,500294,INE868B01028,NCC,A,,,,,NCC LIMITED,139.45,139.7,136.1,137.65,138.1,139.3,,137.75,,,131748,18064378.0,1800,F1,1,,,,,
2026-07-22,2026-07-22,CM,BSE,STK,500295,INE205A01025,VEDL,A,,,,,VEDANTA LIMITED,265.0,266.05,261.15,262.35,262.35,264.75,,262.3,,,285842,75121952.0,3849,F1,1,,,,,
2026-07-22,2026-07-22,CM,BSE,STK,500296,INE290A01027,NAHARSPING,T,,,,,NAHAR SPINNING MILLS LTD.,287.0,287.0,275.55,275.55,275.55,283.0,,278.15,,,330,91103.0,12,F1,1,,,,,
2026-07-22,2026-07-22,CM,BSE,STK,500298,INE585A01020,NAPEROL,X,,,,,Naperol Investments Limited,645.05,660.85,645.0,645.5,645.5,655.9,,645.5,,,1102,720632.0,58,F1,1,,,,,
2026-07-22,2026-07-22,CM,BSE,STK,500300,INE047A01021,GRASIM,A,,,,,GRASIM INDUSTRIES LTD.,3170.0,3190.95,3147.8,3166.1,3172.8,3176.5,,3166.3,,,3095,9781946.0,687,F1,1,,,,,
2026-07-22,2026-07-22,CM,BSE,STK,500304,INE161A01038,NIITLTD,B,,,,,NIIT LTD.,100.15,100.15,93.9,95.95,95.95,99.3,,95.84,,,63890,6186195.0,585,F1,1,,,,,
2026-07-22,2026-07-22,CM,BSE,STK,500306,INE903A01025,JAYKAY,B,,,,,Jaykay Enterprises Limited,168.1,168.1,165.05,166.3,165.9,168.05,,166.16,,,18760,3117629.0,358,F1,1,,,,,
2026-07-22,2026-07-22,CM,BSE,STK,500307,INE910A01012,NIRLON,B,,,,,NIRLON LTD.,627.85,632.4,624.4,627.1,628.0,627.85,,626.75,,,547,343259.0,46,F1,1,,,,,
2026-07-22,2026-07-22,CM,BSE,STK,500312,INE213A01029,ONGC,A,,,,,OIL AND NATURAL GAS CORPORATIO,250.95,252.75,250.15,251.9,251.9,250.65,,251.9,,,614299,154663152.0,8213,F1,1,,,,,
2026-07-22,2026-07-22,CM,BSE,STK,500313,INE591A01010,OILCOUNTUB,T,,,,,OIL COUNTRY TUBULAR LTD.,56.05,56.05,54.35,56.03,56.05,56.05,,56.09,,,750,41851.0,13,F1,1,,,,,
2026-07-22,2026-07-22,CM,BSE,STK,500314,INE750A01020,ORIENTHOT,B,,,,,ORIENTAL HOTELS LTD.,144.2,144.2,135.0,135.5,135.15,146.65,,135.49,,,53110,7330943.0,723,F1,1,,,,,
2026-07-22,2026-07-22,CM,BSE,STK,500317,INE142A01012,OSWALAGRO,T,,,,,OSWAL AGRO MILLS LTD.,39.5,39.5,38.0,38.08,38.0,39.64,,37.79,,,1363,52604.0,25,F1,1,,,,,
2026-07-22,2026-07-22,CM,BSE,STK,500319,INE557C01017,INDSUCR,X,,,,,INDIAN SUCROSE LTD.,78.0,79.0,75.16,75.76,75.76,77.16,,75.76,,,6327,490723.0,64,F1,1,,,,,
2026-07-22,2026-07-22,CM,BSE,STK,500322,INE167E01037,PANCM,XT,,,,,PANYAM CEMENTS & MINERAL INDUS,111.0,111.0,105.45,105.5,105.5,111.0,,105.5,,,55,6082.0,5,F1,1,,,,,
2026-07-22,2026-07-22,CM,BSE,STK,500325,INE002A01018,RELIANCE,A,,,,,RELIANCE INDUSTRIES LTD.,1303.6,1303.7,1284.0,1288.85,1288.85,1303.65,,1288.6,,,680098,877709190.0,14231,F1,1,,,,,
2026-07-22,2026-07-22,CM,BSE,STK,500327,INE600A01035,PILITA,T,,,,,Pil Italica Lifestyle Limited,9.33,9.33,8.75,8.85,8.85,8.89,,9.0,,,14068,123275.0,12,F1,1,,,,,
2026-07-22,2026-07-22,CM,BSE,STK,500330,INE301A01014,RAYMOND,A,,,,,RAYMOND LTD.,607.1,611.4,599.0,605.55,602.55,607.1,,606.05,,,10457,6321993.0,376,F1,1,,,,,
2026-07-22,2026-07-22,CM,BSE,STK,500331,INE318A01026,PIDILITIND,A,,,,,PIDILITE INDUSTRIES LTD.,1598.6,1615.15,1569.4,1608.7,1608.7,1583.0,,1608.6,,,31714,50605201.0,2230,F1,1,,,,,
2026-07-22,2026-07-22,CM,BSE,STK,500333,INE751B01018,PIXTRANS,B,,,,,PIX TRANSMISSIONS LTD.,1834.0,1834.0,1780.0,1822.15,1809.4,1847.2,,1817.4,,,1142,2052306.0,146,F1,1,,,,,
2026-07-22,2026-07-22,CM,BSE,STK,500335,INE340A01012,BIRLACORPN,A,,,,,BIRLA CORPORATION LTD.,1017.85,1017.85,988.0,992.6,988.6,1008.75,,993.2,,,3903,3887407.0,301,F1,1,,,,,
2026-07-22,2026-07-22,CM,BSE,STK,500336,INE335A01020,SURYAROSNI,B,,,,,SURYA ROSHNI LTD.,238.3,238.45,232.5,235.9,236.5,238.05,,235.55,,,16002,3758251.0,257,F1,1,,,,,
2026-07-22,2026-07-22,CM,BSE,STK,500337,INE032B01021,PRIMESECU,B,,,,,PRIME SECURITIES LTD.,273.05,273.05,271.1,271.1,271.1,277.0,,271.6,,,60,16363.0,3,F1,1,,,,,
2026-07-22,2026-07-22,CM,BSE,STK,500338,INE010A01011,PRSMJOHNSN,B,,,,,PRISM JOHNSON LIMITED.,112.5,112.5,108.65,109.15,109.2,112.8,,109.0,,,11858,1304241.0,300,F1,1,,,,,
2026-07-22,2026-07-22,CM,BSE,STK,500339,INE855B01025,RAIN,A,,,,,RAIN INDUSTRIES LIMITED,224.8,225.0,215.85,216.65,216.2,223.4,,216.64,,,251093,55158403.0,2235,F1,1,,,,,
2026-07-22,2026-07-22,CM,BSE,STK,500342,INE024D01016,PRUDMOULI,T,,,,,PRUDENTIAL SUGAR CORPORATION L,13.8,13.8,12.76,12.86,13.0,13.15,,13.31,,,167,2151.0,5,F1,1,,,,,
2026-07-22,2026-07-22,CM,BSE,STK,500343,INE606A01024,AMJLAND,B,,,,,AMJ LAND HOLDINGS LIMITED,37.89,37.89,36.9,36.93,37.71,36.99,,36.98,,,141,5216.0,8,F1,1,,,,,
2026-07-22,2026-07-22,CM,BSE,STK,500346,INE609A01010,PUNJCOMMU,B,,,,,PUNJAB COMMUNICATIONS LTD.,49.95,49.95,47.0,47.26,47.5,47.92,,47.26,,,503,24061.0,32,F1,1,,,,,
2026-07-22,2026-07-22,CM,BSE,STK,500350,INE611A01016,RSWM,T,,,,,RSWM LTD.,209.0,217.4,209.0,213.05,211.6,212.8,,212.3,,,2261,480100.0,9,F1,1,,,,,
2026-07-22,2026-07-22,CM,BSE,STK,500354,INE562B01019,RAJSREESUG,B,,,,,RAJSHREE SUGARS & CHEMICALS LT,31.09,31.43,30.84,31.33,31.43,31.49,,30.87,,,1485,46293.0,39,F1,1,,,,,
2026-07-22,2026-07-22,CM,BSE,STK,500355,INE613A01020,RALLIS,A,,,,,RALLIS INDIA LTD.,229.75,230.2,224.5,227.45,227.25,228.35,,227.7,,,95188,21720893.0,1223,F1,1,,,,,
2026-07-22,2026-07-22,CM,BSE,STK,500356,INE278B01020,RAMANEWS,B,,,,,SHREE RAMA NEWSPRINT LTD.,30.6,30.6,27.57,28.11,27.57,28.55,,27.94,,,4097,119899.0,38,F1,1,,,,,
2026-07-22,2026-07-22,CM,BSE,STK,500357,INE425E01013,RAMAPPR-B,Z,,,,,RAMA PAPER MILLS LTD.,11.4,12.49,11.4,12.29,12.49,11.97,,12.29,,,24,294.0,5,F1,1,,,,,
2026-07-22,2026-07-22,CM,BSE,STK,500360,INE350D01015,RAPICUT,XT,,,,,RAPICUT CARBIDES LTD.,242.55,257.3,242.55,249.85,252.0,245.05,,249.85,,,2781,698263.0,53,F1,1,,,,,
2026-07-22,2026-07-22,CM,BSE,STK,500365,INE731F01037,WELSPLSOL,B,,,,,WELSPUN SPECIALTY SOLUTIONS LI,56.3,56.3,53.05,53.44,53.44,54.48,,53.35,,,102202,5533720.0,690,F1,1,,,,,
2026-07-22,2026-07-22,CM,BSE,STK,500367,INE642C01025,RUBFILA,B,,,,,RUBFILA INTERNATIONAL LTD.,73.0,73.5,72.46,73.5,73.5,72.72,,72.83,,,226,16513.0,37,F1,1,,,,,
2026-07-22,2026-07-22,CM,BSE,STK,500368,INE619A01035,PATANJALI,A,,,,,Patanjali Foods Limited,342.9,342.9,334.1,336.3,335.4,340.05,,336.15,,,327252,110092240.0,104461,F1,1,,,,,
2026-07-22,2026-07-22,CM,BSE,STK,500370,INE924A01013,SALORAINTL,X,,,,,SALORA INTERNATIONAL LTD.,29.15,30.3,28.66,29.59,29.85,29.79,,29.59,,,1490,43307.0,12,F1,1,,,,,
2026-07-22,2026-07-22,CM,BSE,STK,500371,INE538C01017,SAMTELIN,XT,,,,,SAMTEL INDIA LTD.,56.81,56.81,56.81,56.81,56.81,59.79,,56.81,,,1287,73114.0,17,F1,1,,,,,
2026-07-22,2026-07-22,CM,BSE,STK,500378,INE324A01032,JINDALSAW,A,,,,,JINDAL SAW LTD.,263.95,267.95,258.95,264.9,266.0,262.15,,265.15,,,100729,26529478.0,1291,F1,1,,,,,
2026-07-22,2026-07-22,CM,BSE,STK,500380,INE786A01032,JKLAKSHMI,A,,,,,JK LAKSHMI CEMENT LTD.,585.95,585.95,574.35,579.45,580.05,582.45,,580.0,,,4557,2643664.0,308,F1,1,,,,,
2026-07-22,2026-07-22,CM,BSE,STK,500387,INE070A01015,SHREECEM,A,,,,,SHREE CEMENT LTD.,27245.0,27250.0,26617.55,26690.45,26691.3,27235.1,,26720.0,,,909,24394898.0,460,F1,1,,,,,
2026-07-22,2026-07-22,CM,BSE,STK,500388,INE970C01012,SKPMIL,XT,,,,,SHREE KRISHNA PAPER MILLS & IN,100.0,100.0,100.0,100.0,100.0,104.5,,100.0,,,392,39200.0,1,F1,1,,,,,
2026-07-22,2026-07-22,CM,BSE,STK,500400,INE245A01021,TATAPOWER,A,,,,,TATA POWER CO.LTD.,380.2,381.25,377.3,378.6,378.6,381.45,,378.55,,,253048,95811923.0,5310,F1,1,,,,,
2026-07-22,2026-07-22,CM,BSE,STK,500402,INE937A01023,SPMLINFRA,B,,,,,SPML INFRA LIMITED,205.05,207.45,200.9,201.7,201.75,207.15,,201.54,,,14710,2992794.0,337,F1,1,,,,,
2026-07-22,2026-07-22,CM,BSE,STK,500403,INE387A01021,SUNDRMFAST,A,,,,,SUNDRAM FASTENERS LTD.,962.0,962.05,948.05,952.7,955.45,964.15,,952.25,,,1752,1668512.0,158,F1,1,,,,,
2026-07-22,2026-07-22,CM,BSE,STK,500404,INE947A01014,SUNFLAG,B,,,,,SUNFLAG IRON & STEEL CO.LTD.,360.15,361.95,347.35,350.25,349.2,360.65,,350.25,,,19902,7030428.0,569,F1,1,,,,,
2026-07-22,2026-07-22,CM,BSE,STK,500405,INE663A01033,SPLPETRO,A,,,,,SUPREME PETROCHEM LTD.,722.9,756.0,716.05,734.55,734.0,726.55,,734.3,,,43048,31771843.0,1166,F1,1,,,,,
2026-07-22,2026-07-22,CM,BSE,STK,500407,INE277A01016,SWARAJENG,B,,,,,SWARAJ ENGINES LTD.,3620.0,3620.0,3567.25,3584.05,3576.55,3605.6,,3587.1,,,507,1819866.0,72,F1,1,,,,,
2026-07-22,2026-07-22,CM,BSE,STK,500408,INE670A01012,TATAELXSI,A,,,,,TATA ELXSI LTD.,3457.3,3457.3,3400.0,3405.1,3405.1,3462.8,,3406.5,,,51743,176586460.0,6805,F1,1,,,,,
2026-07-22,2026-07-22,CM,BSE,STK,500410,INE012A01025,ACC,A,,,,,ACC LTD.,1382.05,1389.0,1355.6,1358.7,1358.7,1388.5,,1359.0,,,16605,22628422.0,1942,F1,1,,,,,
2026-07-22,2026-07-22,CM,BSE,STK,500411,INE152A01029,THERMAX,A,,,,,THERMAX LTD.,4817.65,4841.0,4687.15,4724.2,4690.0,4836.6,,4719.0,,,6796,32368913.0,1438,F1,1,,,,,
2026-07-22,2026-07-22,CM,BSE,STK,500412,INE338A01024,TIRUMALCHM,B,,,,,THIRUMALAI CHEMICALS LTD.,163.8,167.0,158.5,166.3,167.0,164.2,,165.8,,,40369,6544649.0,763,F1,1,,,,,
2026-07-22,2026-07-22,CM,BSE,STK,500413,INE332A01027,THOMASCOOK,A,,,,,THOMAS COOK (INDIA) LTD.,104.25,104.45,101.5,102.05,101.75,104.65,,101.97,,,22645,2323357.0,330,F1,1,,,,,
2026-07-22,2026-07-22,CM,BSE,STK,500414,INE064A01026,TIMEX,B,,,,,TIMEX GROUP INDIA LTD.,570.0,570.0,554.55,556.3,556.3,563.65,,556.15,,,48986,27453681.0,1956,F1,1,,,,,
2026-07-22,2026-07-22,CM,BSE,STK,500420,INE685A01028,TORNTPHARM,A,,,,,TORRENT PHARMACEUTICALS LTD.,5038.75,5056.4,4967.15,5035.4,5042.0,5038.75,,5033.4,,,11022,55266757.0,2582,F1,1,,,,,
2026-07-22,2026-07-22,CM,BSE,STK,500421,INE578C01021,TPINDIA,X,,,,,TPI INDIA LTD.,17.9,17.91,16.9,17.4,16.9,17.91,,17.4,,,181586,3148548.0,48,F1,1,,,,,
2026-07-22,2026-07-22,CM,BSE,STK,500422,INE019B01010,TRANSCHEM,XT,,,,,TRANSCHEM LTD.,377.65,377.65,369.7,370.0,370.0,370.25,,370.0,,,1425,534926.0,19,F1,1,,,,,
2026-07-22,2026-07-22,CM,BSE,STK,500425,INE079A01024,AMBUJACEM,A,,,,,AMBUJA CEMENTS LTD.,439.55,440.0,430.05,430.75,430.75,440.9,,430.8,,,79890,34576605.0,2357,F1,1,,,,,
2026-07-22,2026-07-22,CM,BSE,STK,500426,INE184E01024,UTLINDS,X,,,,,UTL INDUSTRIES LIMITED,1.74,1.74,1.63,1.63,1.63,1.62,,1.63,,,2365,3856.0,17,F1,1,,,,,
2026-07-22,2026-07-22,CM,BSE,STK,500429,INE037A01022,UNIENTER,B,,,,,UNIPHOS ENTERPRISES LTD.,102.5,102.5,95.2,100.05,98.85,102.5,,99.56,,,369,36955.0,44,F1,1,,,,,
2026-07-22,2026-07-22,CM,BSE,STK,500440,INE038A01020,HINDALCO,A,,,,,HINDALCO INDUSTRIES LTD.,952.4,960.0,945.8,950.05,950.05,951.35,,950.0,,,73777,70116312.0,2205,F1,1,,,,,
2026-07-22,2026-07-22,CM,BSE,STK,500444,INE976A01021,WSTCSTPAPR,B,,,,,West Coast Paper Mills Limited,518.7,554.05,510.0,546.6,546.6,519.8,,548.9,,,33779,18240039.0,1014,F1,1,,,,,
2026-07-22,2026-07-22,CM,BSE,STK,500449,INE048A01011,HOCL,T,,,,,HINDUSTAN ORGANIC CHEMICALS LT,36.86,37.43,36.5,37.21,36.81,36.68,,37.21,,,22510,833099.0,79,F1,1,,,,,
2026-07-22,2026-07-22,CM,BSE,STK,500456,INE818B01023,PASUPTAC,T,,,,,PASUPATI ACRYLON LTD.,58.7,59.87,58.05,58.15,58.05,60.4,,58.17,,,9568,560845.0,74,F1,1,,,,,
2026-07-22,2026-07-22,CM,BSE,STK,500458,INE601A01017,TEAM24,X,,,,,TEAM24 CONSUMER PRODUCTS LIMIT,28.5,29.44,28.0,29.44,29.44,28.54,,29.44,,,2899,82435.0,21,F1,1,,,,,
2026-07-22,2026-07-22,CM,BSE,STK,500459,INE179A01014,PGHH,A,,,,,PROCTER & GAMBLE HYGIENE & HEA,8766.95,9010.0,8723.05,8995.85,8974.0,8777.5,,8999.5,,,1717,15262276.0,454,F1,1,,,,,
2026-07-22,2026-07-22,CM,BSE,STK,500460,INE304A01026,MUKANDLTD,B,,,,,MUKAND LTD.,144.75,145.4,142.15,142.25,142.15,145.25,,142.5,,,13378,1930840.0,216,F1,1,,,,,
2026-07-22,2026-07-22,CM,BSE,STK,500463,INE676A01027,BBOX,A,,,,,BLACK BOX LIMITED,807.7,820.0,760.0,781.0,779.0,811.75,,780.9,,,51377,40618266.0,3117,F1,1,,,,,
2026-07-22,2026-07-22,CM,BSE,STK,500464,INE139B01016,UCAL,B,,,,,UCAL LIMITED,117.45,119.6,115.0,117.9,117.9,119.1,,118.03,,,1190,139229.0,49,F1,1,,,,,
2026-07-22,2026-07-22,CM,BSE,STK,500467,INE544A01019,HARRMALAYA,B,,,,,HARRISONS MALAYALAM LTD.,216.5,221.85,216.5,219.0,219.0,216.5,,218.85,,,1060,232164.0,194,F1,1,,,,,
2026-07-22,2026-07-22,CM,BSE,STK,500469,INE171A01029,FEDERALBNK,A,,,,,FEDERAL BANK LTD.,353.95,357.2,351.4,353.0,353.0,356.1,,353.25,,,194488,68874393.0,4394,F1,1,,,,,
2026-07-22,2026-07-22,CM,BSE,STK,500470,INE081A01020,TATASTEEL,A,,,,,TATA STEEL LTD.,187.7,187.8,185.0,186.5,186.5,187.25,,186.53,,,733224,136339002.0,14020,F1,1,,,,,
2026-07-22,2026-07-22,CM,BSE,STK,500472,INE640A01023,SKFINDIA,A,,,,,SKF INDIA LIMITED,1480.0,1529.6,1425.7,1499.85,1509.0,1458.05,,1500.4,,,7368,10990466.0,820,F1,1,,,,,
2026-07-22,2026-07-22,CM,BSE,STK,500477,INE208A01029,ASHOKLEY,A,,,,,ASHOK LEYLAND LTD.,154.85,154.85,151.8,152.5,152.5,153.9,,152.49,,,977793,148953674.0,4059,F1,1,,,,,
2026-07-22,2026-07-22,CM,BSE,STK,500480,INE298A01020,CUMMINSIND,A,,,,,CUMMINS INDIA LTD.,5590.9,5635.0,5564.75,5589.4,5589.4,5583.1,,5588.0,,,214692,1199850145.0,2698,F1,1,,,,,
2026-07-22,2026-07-22,CM,BSE,STK,500483,INE151A01013,TATACOMM,A,,,,,TATA COMMUNICATIONS LTD.,1833.35,1854.25,1680.75,1760.75,1796.0,1817.45,,1761.4,,,75618,131732526.0,5144,F1,1,,,,,
2026-07-22,2026-07-22,CM,BSE,STK,500488,INE358A01014,ABBOTINDIA,A,,,,,ABBOTT INDIA LTD.,28835.0,28955.0,28210.0,28898.6,28952.15,28775.35,,28900.0,,,1764,50521014.0,706,F1,1,,,,,
2026-07-22,2026-07-22,CM,BSE,STK,500490,INE118A01012,BAJAJHLDNG,A,,,,,BAJAJ HOLDINGS & INVESTMENT LT,10377.8,10525.0,10307.0,10424.85,10424.0,10465.95,,10425.0,,,1375,14328588.0,451,F1,1,,,,,
2026-07-22,2026-07-22,CM,BSE,STK,500493,INE465A01025,BHARATFORG,A,,,,,BHARAT FORGE LTD.,2186.25,2214.0,2177.8,2184.05,2178.0,2202.8,,2185.5,,,28385,62268664.0,3888,F1,1,,,,,
2026-07-22,2026-07-22,CM,BSE,STK,500495,INE042A01014,ESCORTS,A,,,,,Escorts Kubota Limited,2952.65,2979.9,2933.55,2945.05,2940.0,2957.0,,2948.2,,,3548,10461097.0,480,F1,1,,,,,
2026-07-22,2026-07-22,CM,BSE,STK,500500,INE253A01025,HINDMOTORS,XT,,,,,HINDUSTAN MOTORS LTD.,16.24,16.24,15.6,15.81,15.88,16.15,,15.81,,,109778,1748642.0,853,F1,1,,,,,
2026-07-22,2026-07-22,CM,BSE,STK,500510,INE018A01030,LT,A,,,,,LARSEN & TOUBRO LTD.,3841.95,3841.95,3806.8,3816.85,3816.85,3847.35,,3817.4,,,56082,214398696.0,7673,F1,1,,,,,
2026-07-22,2026-07-22,CM,BSE,STK,500520,INE101A01026,M&M,A,,,,,MAHINDRA & MAHINDRA LTD.,3186.85,3218.35,3167.4,3174.65,3174.65,3202.25,,3175.3,,,89660,286479965.0,8156,F1,1,,,,,
2026-07-22,2026-07-22,CM,BSE,STK,500530,INE323A01026,BOSCHLTD,A,,,,,BOSCH LTD.,40440.0,41625.0,40440.0,41537.0,41592.4,40890.85,,41560.0,,,1742,71877122.0,492,F1,1,,,,,
2026-07-22,2026-07-22,CM,BSE,STK,500540,INE342A01018,PREMIER,T,,,,,PREMIER LTD.,2.85,2.9,2.8,2.9,2.9,2.9,,2.88,,,1292,3658.0,11,F1,1,,,,,
2026-07-22,2026-07-22,CM,BSE,STK,500547,INE029A01011,BPCL,A,,,,,BHARAT PETROLEUM CORPORATION L,318.7,321.7,309.0,314.5,314.5,319.25,,314.0,,,470418,148853918.0,6365,F1,1,,,,,
2026-07-22,2026-07-22,CM,BSE,STK,500550,INE003A01024,SIEMENS,A,,,,,SIEMENS LTD.,3680.0,3699.0,3631.55,3648.85,3644.0,3668.25,,3649.4,,,13444,49335930.0,2597,F1,1,,,,,
2026-07-22,2026-07-22,CM,BSE,STK,500570,INE155A01022,TMPV,A,,,,,TATA MOTORS PASSENGER VEHICLES,336.35,336.35,327.1,327.8,327.8,333.75,,327.7,,,740262,244412492.0,7644,F1,1,,,,,
2026-07-22,2026-07-22,CM,BSE,STK,500575,INE226A01021,VOLTAS,A,,,,,VOLTAS LTD.,1353.2,1355.5,1299.35,1308.85,1308.85,1358.95,,1308.0,,,22209,29266747.0,1558,F1,1,,,,,
2026-07-22,2026-07-22,CM,BSE,STK,500620,INE017A01032,GESHIP,A,,,,,GREAT EASTERN SHIPPING CO.LTD.,1408.9,1444.5,1408.9,1435.5,1435.5,1408.9,,1435.2,,,41308,59240222.0,2187,F1,1,,,,,
2026-07-22,2026-07-22,CM,BSE,STK,500645,INE501A01019,DEEPAKFERT,A,,,,,DEEPAK FERTILISERS & PETROCHEM,1603.95,1627.9,1594.6,1600.9,1595.5,1606.35,,1599.0,,,15572,24977422.0,585,F1,1,,,,,
2026-07-22,2026-07-22,CM,BSE,STK,500650,INE369A01029,EXCELINDUS,B,,,,,EXCEL INDUSTRIES LTD.,949.85,957.35,935.25,949.65,949.0,939.3,,948.3,,,3877,3678965.0,342,F1,1,,,,,
2026-07-22,2026-07-22,CM,BSE,STK,500655,INE291A01017,GRWRHITECH,A,,,,,GARWARE HI-TECH FILMS LIMITED,6925.0,6945.05,6645.5,6706.9,6799.8,6917.15,,6712.5,,,30781,210288083.0,1213,F1,1,,,,,
2026-07-22,2026-07-22,CM,BSE,STK,500660,INE159A01016,GLAXO,A,,,,,GLAXOSMITHKLINE PHARMACEUTICAL,2503.95,2562.0,2463.95,2551.1,2556.0,2505.3,,2552.8,,,4731,11960431.0,654,F1,1,,,,,
2026-07-22,2026-07-22,CM,BSE,STK,500670,INE113A01013,GNFC,A,,,,,GUJARAT NARMADA VALLEY FERTILI,507.0,509.05,504.45,506.4,506.5,504.7,,506.15,,,5950,3012095.0,213,F1,1,,,,,
2026-07-22,2026-07-22,CM,BSE,STK,500672,INE234A01025,NOVARTIND,B,,,,,NOVARTIS INDIA LTD.,1707.8,1710.95,1672.35,1699.05,1693.55,1699.35,,1699.7,,,4434,7524899.0,334,F1,1,,,,,
2026-07-22,2026-07-22,CM,BSE,STK,500674,INE058A01010,SANOFI,A,,,,,SANOFI INDIA LTD,3424.35,3424.35,3358.6,3403.5,3413.35,3380.0,,3409.3,,,791,2676474.0,169,F1,1,,,,,
2026-07-22,2026-07-22,CM,BSE,STK,500680,INE182A01018,PFIZER,A,,,,,PFIZER LTD.,4589.95,4680.0,4533.95,4641.95,4640.0,4589.95,,4644.6,,,867,4013740.0,226,F1,1,,,,,
2026-07-22,2026-07-22,CM,BSE,STK,500690,INE026A01025,GSFC,A,,,,,GUJARAT STATE FERTILIZERS & CH,159.85,159.85,155.5,156.25,156.35,158.75,,156.19,,,60247,9421596.0,1091,F1,1,,,,,
2026-07-22,2026-07-22,CM,BSE,STK,500696,INE030A01027,HINDUNILVR,A,,,,,HINDUSTAN UNILEVER LTD.,2141.65,2160.0,2130.0,2154.35,2158.0,2142.0,,2154.6,,,44478,95616783.0,3545,F1,1,,,,,
2026-07-22,2026-07-22,CM,BSE,STK,500710,INE133A01011,JSWDULUX,A,,,,,JSW Dulux Limited,3010.0,3087.45,2978.35,3050.75,3042.8,2983.95,,3055.1,,,1720,5242320.0,399,F1,1,,,,,
2026-07-22,2026-07-22,CM,BSE,STK,500730,INE163A01018,NOCIL,B,,,,,NOCIL LTD.,166.6,167.3,162.85,163.9,163.9,167.0,,163.99,,,11944,1958509.0,263,F1,1,,,,,
2026-07-22,2026-07-22,CM,BSE,STK,500770,INE092A01019,TATACHEM,A,,,,,TATA CHEMICALS LTD.,688.45,710.05,685.35,691.4,691.4,690.7,,691.6,,,55567,38682858.0,1956,F1,1,,,,,
2026-07-22,2026-07-22,CM,BSE,STK,500777,INE148A01019,TNPETRO,B,,,,,TAMILNADU PETROPRODUCTS LTD.,95.77,95.77,93.32,93.61,93.32,94.35,,93.42,,,1843,172859.0,41,F1,1,,,,,
2026-07-22,2026-07-22,CM,BSE,STK,500780,INE217A01012,ZUARIIND,B,,,,,Zuari Industries Limited,257.6,261.8,257.6,260.75,261.0,259.85,,260.85,,,1641,427549.0,103,F1,1,,,,,
2026-07-22,2026-07-22,CM,BSE,STK,500790,INE239A01024,NESTLEIND,A,,,,,NESTLE INDIA LTD.,1450.35,1509.75,1450.35,1492.2,1492.2,1453.0,,1493.4,,,465414,692012517.0,19235,F1,1,,,,,
2026-07-22,2026-07-22,CM,BSE,STK,500800,INE192A01025,TATACONSUM,A,,,,,TATA CONSUMER PRODUCTS LIMITED,1080.0,1099.3,1069.8,1095.0,1095.0,1081.75,,1094.9,,,98087,106097389.0,3929,F1,1,,,,,
2026-07-22,2026-07-22,CM,BSE,STK,500820,INE021A01026,ASIANPAINT,A,,,,,ASIAN PAINTS LTD.,2689.95,2699.0,2666.0,2693.05,2693.05,2692.1,,2692.8,,,18876,50680203.0,3118,F1,1,,,,,
2026-07-22,2026-07-22,CM,BSE,STK,500825,INE216A01030,BRITANNIA,A,,,,,BRITANNIA INDUSTRIES LTD.,5489.8,5527.0,5444.05,5489.95,5502.5,5480.5,,5485.5,,,2808,15415020.0,717,F1,1,,,,,
2026-07-22,2026-07-22,CM,BSE,STK,500830,INE259A01022,COLPAL,A,,,,,COLGATE-PALMOLIVE (INDIA) LTD.,2092.55,2115.0,2064.9,2107.75,2114.15,2092.55,,2107.1,,,10468,21985911.0,1286,F1,1,,,,,
2026-07-22,2026-07-22,CM,BSE,STK,500840,INE230A01023,EIHOTEL,A,,,,,EIH LTD.,332.0,332.85,330.3,331.75,332.15,335.2,,331.65,,,4060,1345172.0,196,F1,1,,,,,
2026-07-22,2026-07-22,CM,BSE,STK,500850,INE053A01029,INDHOTEL,A,,,,,THE INDIAN HOTELS COMPANY LTD,736.0,736.0,718.7,725.3,725.3,732.6,,724.85,,,131424,95341667.0,5146,F1,1,,,,,
2026-07-22,2026-07-22,CM,BSE,STK,500870,INE172A01027,CASTROLIND,A,,,,,CASTROL INDIA LTD.,184.85,186.25,184.5,185.9,185.6,184.95,,185.79,,,170464,31570336.0,1572,F1,1,,,,,
2026-07-22,2026-07-22,CM,BSE,STK,500875,INE154A01025,ITC,A,,,,,ITC LTD.,280.1,282.1,278.5,280.8,280.8,281.0,,280.8,,,495577,138825931.0,10692,F1,1,,,,,
2026-07-22,2026-07-22,CM,BSE,STK,500877,INE438A01022,APOLLOTYRE,A,,,,,APOLLO TYRES LTD.,427.95,428.85,423.1,426.85,425.5,428.4,,426.6,,,11682,4970611.0,402,F1,1,,,,,
2026-07-22,2026-07-22,CM,BSE,STK,500878,INE482A01020,CEATLTD,A,,,,,CEAT LTD.,3435.7,3435.7,3338.0,3346.0,3346.0,3406.95,,3345.5,,,5822,19609778.0,825,F1,1,,,,,
2026-07-22,2026-07-22,CM,BSE,STK,500890,INE832A01018,MODIRUBBER,B,,,,,MODI RUBBER LTD.,126.85,129.75,125.3,129.75,129.75,129.0,,126.03,,,168,21226.0,11,F1,1,,,,,
2026-07-22,2026-07-22,CM,BSE,STK,500940,INE183A01024,FINPIPE,A,,,,,FINOLEX INDUSTRIES LTD.,165.05,165.4,162.8,164.05,164.45,165.4,,164.21,,,33208,5438273.0,715,F1,1,,,,,
2026-07-22,2026-07-22,CM,BSE,STK,501150,INE660C01027,CENTRUM,B,,,,,CENTRUM CAPITAL LTD.,23.9,23.9,23.15,23.39,23.39,23.9,,23.2,,,2824,66450.0,39,F1,1,,,,,
2026-07-22,2026-07-22,CM,BSE,STK,501151,INE524U01019,KARTKIN,XT,,,,,KARTIK INVESTMENTS TRUST LTD.,8703.6,8703.6,8703.6,8703.6,8703.6,8881.2,,8703.6,,,1,8703.0,1,F1,1,,,,,
2026-07-22,2026-07-22,CM,BSE,STK,501242,INE911B01018,TCIFINANCE,T,,,,,TCI FINANCE LTD.,14.53,15.97,14.53,15.22,15.2,15.22,,15.42,,,4015,62818.0,23,F1,1,,,,,
2026-07-22,2026-07-22,CM,BSE,STK,501261,INE567L01025,LORDSMARK,XT,,,,,Lords Mark Industries Limited,92.9,92.9,89.0,92.9,92.9,88.5,,92.9,,,3411193,315302533.0,3167,F1,1,,,,,
2026-07-22,2026-07-22,CM,BSE,STK,501295,INE886A01014,IITL,B,,,,,INDUSTRIAL INVESTMENT TRUST LT,127.45,131.4,125.0,129.35,128.45,127.5,,129.51,,,10573,1355746.0,162,F1,1,,,,,
2026-07-22,2026-07-22,CM,BSE,STK,501298,INE620D01011,INDPRUD,B,,,,,INDUSTRIAL & PRUDENTIAL INVEST,6350.0,6619.95,6350.0,6450.0,6450.0,6647.0,,6450.0,,,21,136204.0,5,F1,1,,,,,
2026-07-22,2026-07-22,CM,BSE,STK,501301,INE672A01026,TATAINVEST,A,,,,,TATA INVESTMENT CORPORATION LT,656.9,657.6,641.6,642.35,642.35,656.9,,642.5,,,11801,7613192.0,671,F1,1,,,,,
2026-07-22,2026-07-22,CM,BSE,STK,501314,INE286N01028,PRISMX,X,,,,,PRISMX GLOBAL VENTURES LIMITED,0.61,0.61,0.59,0.6,0.61,0.61,,0.6,,,76114,45588.0,70,F1,1,,,,,
2026-07-22,2026-07-22,CM,BSE,STK,501343,INE861B01023,MOTOGENFIN,T,,,,,MOTOR & GENERAL FINANCE LTD.,27.43,27.43,27.43,27.43,27.43,27.44,,27.44,,,15,411.0,1,F1,1,,,,,
2026-07-22,2026-07-22,CM,BSE,STK,501370,INE695D01021,WALCHPF,X,,,,,WALCHAND PEOPLEFIRST LTD.,125.5,125.5,123.0,123.0,123.0,129.25,,123.0,,,212,26497.0,9,F1,1,,,,,
2026-07-22,2026-07-22,CM,BSE,STK,501391,INE855A01019,WHBRADY,X,,,,,W.H.BRADY & CO.LTD.,522.4,522.4,521.3,521.3,521.3,535.0,,521.3,,,86,44858.0,6,F1,1,,,,,
2026-07-22,2026-07-22,CM,BSE,STK,501421,INE314H01012,TECHNVISN,B,,,,,TechNVision Ventures Limited,3498.0,3670.0,3468.0,3670.0,3670.0,3421.4,,3690.4,,,236,848307.0,84,F1,1,,,,,
2026-07-22,2026-07-22,CM,BSE,STK,501423,INE151G01028,SHAILY,A,,,,,SHAILY ENGINEERING PLASTICS LT,2845.0,2898.2,2810.55,2883.75,2895.0,2847.7,,2884.4,,,11759,33648660.0,876,F1,1,,,,,
2026-07-22,2026-07-22,CM,BSE,STK,501425,INE050A01025,BBTC,A,,,,,The Bombay Burmah Trading Corp,1491.3,1509.25,1480.0,1496.35,1499.35,1491.3,,1496.6,,,665,990513.0,123,F1,1,,,,,
2026-07-22,2026-07-22,CM,BSE,STK,501430,INE691K01017,BOMBCYC,X,,,,,BOMBAY CYCLE & MOTOR AGENCY LT,1551.8,1597.2,1551.8,1597.2,1597.2,1599.0,,1597.2,,,14,21906.0,3,F1,1,,,,,
2026-07-22,2026-07-22,CM,BSE,STK,501455,INE224A01026,GREAVESCOT,A,,,,,GREAVES COTTON LTD.,248.4,251.35,239.0,240.05,240.0,248.0,,239.9,,,100225,24517259.0,1491,F1,1,,,,,
2026-07-22,2026-07-22,CM,BSE,STK,501622,INE492N01022,AMALGAM,XT,,,,,AMALGAMATED ELECTRICITY CO.LTD,114.69,114.69,114.69,114.69,114.69,109.23,,114.69,,,232,26608.0,8,F1,1,,,,,
2026-07-22,2026-07-22,CM,BSE,STK,501700,INE131H01028,INDIANVSH,X,,,,,INDIANIVESH LTD.,6.89,7.08,6.55,6.9,6.9,6.89,,6.9,,,10192,69727.0,41,F1,1,,,,,
2026-07-22,2026-07-22,CM,BSE,STK,501831,INE377E01024,COASTCORP,B,,,,,COASTAL CORPORATION LTD.,51.51,52.0,50.5,51.25,51.35,51.82,,50.77,,,3694,187833.0,126,F1,1,,,,,
2026-07-22,2026-07-22,CM,BSE,STK,501833,INE490A01015,CHOWGULSTM,X,,,,,CHOWGULE STEAMSHIPS LTD.,22.9,22.95,22.6,22.62,22.62,22.95,,22.62,,,1149,25975.0,14,F1,1,,,,,
2026-07-22,2026-07-22,CM,BSE,STK,501848,INE446C01013,GARWAOFFS,XT,,,,,GARWARE OFFSHORE SERVICES LIMI,47.0,47.99,46.0,47.75,47.75,47.99,,47.75,,,3762,174498.0,21,F1,1,,,,,
2026-07-22,2026-07-22,CM,BSE,STK,501945,INE758D01027,DHENUBUILD,Z,,,,,DHENU BUILDCON INFRA LTD.,8.32,8.63,8.31,8.63,8.63,8.47,,8.63,,,20372,172945.0,102,F1,1,,,,,
2026-07-22,2026-07-22,CM,BSE,STK,502015,INE443A01030,ASIIL,X,,,,,ASI INDUSTRIES LIMITED,23.5,23.69,23.02,23.32,23.35,23.47,,23.32,,,17041,395555.0,64,F1,1,,,,,
2026-07-22,2026-07-22,CM,BSE,STK,502090,INE229C01021,SAGCEM,B,,,,,SAGAR CEMENTS LTD.,186.9,186.9,179.0,180.2,180.55,184.9,,180.46,,,2627,476653.0,108,F1,1,,,,,
2026-07-22,2026-07-22,CM,BSE,STK,502137,INE583C01021,DECCANCE,B,,,,,DECCAN CEMENTS LTD.,570.0,570.0,560.35,562.45,560.35,574.35,,563.55,,,870,489790.0,67,F1,1,,,,,
2026-07-22,2026-07-22,CM,BSE,STK,502157,INE347A01017,MANGLMCEM,B,,,,,MANGALAM CEMENT LTD.,977.55,988.8,975.85,984.1,988.8,980.35,,982.5,,,1922,1884252.0,86,F1,1,,,,,
2026-07-22,2026-07-22,CM,BSE,STK,502168,INE732C01016,NCLIND,B,,,,,NCL INDUSTRIES LTD.,186.2,186.2,182.0,184.45,185.6,188.6,,184.52,,,5203,957608.0,69,F1,1,,,,,
2026-07-22,2026-07-22,CM,BSE,STK,502175,INE626A01014,SAURASHCEM,B,,,,,SAURASHTRA CEMENT LTD.,60.01,60.8,57.51,58.05,57.68,59.08,,57.85,,,4282,250150.0,281,F1,1,,,,,
2026-07-22,2026-07-22,CM,BSE,STK,502180,INE232A01011,SHREDIGCEM,B,,,,,SHREE DIGVIJAY CEMENT CO.LTD.,72.81,74.78,72.61,74.47,74.49,73.0,,74.45,,,5432,401057.0,111,F1,1,,,,,
2026-07-22,2026-07-22,CM,BSE,STK,502219,INE666D01022,BORORENEW,A,,,,,BOROSIL RENEWABLES LIMITED,596.55,601.75,586.35,592.4,590.55,595.95,,592.05,,,22342,13213713.0,712,F1,1,,,,,
2026-07-22,2026-07-22,CM,BSE,STK,502250,INE347D01011,LERTHAI,XT,,,,,LERTHAI FINANCE LIMITED,497.35,549.65,497.35,500.0,500.0,523.5,,500.0,,,8,4033.0,6,F1,1,,,,,
2026-07-22,2026-07-22,CM,BSE,STK,502281,INE094C01011,TRIVENIGQ,X,,,,,TRIVENI GLASS LTD.,6.5,6.55,6.5,6.55,6.55,6.5,,6.55,,,8512,55336.0,15,F1,1,,,,,
2026-07-22,2026-07-22,CM,BSE,STK,502294,INE416N01013,NILACHAL,X,,,,,NILACHAL REFRACTORIES LTD.,38.4,38.99,37.23,38.98,38.98,38.4,,38.98,,,1625,61434.0,17,F1,1,,,,,
2026-07-22,2026-07-22,CM,BSE,STK,502330,INE435A01051,ANDHRAPAP,B,,,,,ANDHRA PAPER LIMITED,60.41,61.75,59.25,60.6,60.0,60.56,,60.37,,,18343,1108710.0,228,F1,1,,,,,
2026-07-22,2026-07-22,CM,BSE,STK,502355,INE787D01026,BALKRISIND,A,,,,,BALKRISHNA INDUSTRIES LTD.,2056.0,2056.0,1992.0,2016.05,2012.15,2038.55,,2014.7,,,18019,36151823.0,2043,F1,1,,,,,
2026-07-22,2026-07-22,CM,BSE,STK,502420,INE592A01026,ORIENTPPR,B,,,,,ORIENT PAPER & INDUSTRIES LTD.,16.32,17.5,16.32,17.24,17.28,16.74,,17.2,,,27172,467346.0,147,F1,1,,,,,
2026-07-22,2026-07-22,CM,BSE,STK,502445,INE906D01014,CITADEL,X,,,,,CITADEL REALTY AND DEVELOPERS,35.65,37.59,35.0,35.08,35.05,35.65,,35.08,,,756,26816.0,22,F1,1,,,,,
2026-07-22,2026-07-22,CM,BSE,STK,502448,INE927A01040,ROLLT,T,,,,,ROLLATAINERS LTD.,1.97,2.11,1.95,2.1,2.11,2.01,,2.09,,,178808,358772.0,46,F1,1,,,,,
2026-07-22,2026-07-22,CM,BSE,STK,502450,INE630A01024,SESHAPAPER,B,,,,,SESHASAYEE PAPER & BOARDS LTD.,216.7,231.7,216.5,220.6,219.05,218.3,,220.62,,,7750,1753869.0,339,F1,1,,,,,
2026-07-22,2026-07-22,CM,BSE,STK,502587,INE777A01023,NATHIND,X,,,,,NATH INDUSTRIES LIMITED,48.84,50.49,47.5,50.17,50.0,47.52,,50.17,,,1916,92573.0,21,F1,1,,,,,
2026-07-22,2026-07-22,CM,BSE,STK,502589,INE464D01014,VAPIENTER,X,,,,,VAPI ENTERPRISE LIMITED,127.2,127.2,120.0,120.0,120.0,121.15,,120.0,,,203,25461.0,6,F1,1,,,,,
2026-07-22,2026-07-22,CM,BSE,STK,502820,INE498A01018,DCM,T,,,,,DCM LTD.,94.01,94.1,93.1,93.1,93.1,98.0,,92.07,,,749,70155.0,22,F1,1,,,,,
2026-07-22,2026-07-22,CM,BSE,STK,502865,INE518A01013,FORBESCO,X,,,,,FORBES & COMPANY LTD.,283.4,283.4,277.0,278.25,277.0,283.4,,278.25,,,2558,714779.0,133,F1,1,,,,,
2026-07-22,2026-07-22,CM,BSE,STK,502873,INE950C01014,HPCOTTON,X,,,,,H.P.COTTON TEXTILE MILLS LTD.,103.95,103.95,103.95,103.95,103.95,99.0,,103.95,,,10,1039.0,1,F1,1,,,,,
2026-07-22,2026-07-22,CM,BSE,STK,502893,INE706D01018,UNITEDINT,X,,,,,UNITED INTERACTIVE LTD.,68.0,68.0,68.0,68.0,68.0,68.99,,68.0,,,1,68.0,1,F1,1,,,,,
2026-07-22,2026-07-22,CM,BSE,STK,502901,INE462D01034,JAMSHRI,X,,,,,JAMSHRI REALTY LIMITED,76.0,77.8,76.0,76.09,76.01,77.23,,76.09,,,1386,105793.0,28,F1,1,,,,,
2026-07-22,2026-07-22,CM,BSE,STK,502937,INE087A01019,KESORAMIND,T,,,,,KESORAM INDUSTRIES LTD.,12.12,12.12,12.12,12.12,12.12,11.89,,12.12,,,962542,11666009.0,129,F1,1,,,,,
2026-07-22,2026-07-22,CM,BSE,STK,502958,INE938C01019,LAKSHMIMIL,X,,,,,LAKSHMI MILLS COMPANY LTD.,7760.05,7900.0,7470.0,7844.75,7900.0,7536.0,,7844.75,,,364,2793491.0,99,F1,1,,,,,
2026-07-22,2026-07-22,CM,BSE,STK,502986,INE825A01020,VTL,A,,,,,VARDHMAN TEXTILES LTD.,625.35,631.15,611.6,627.0,625.5,624.95,,626.55,,,9932,6171199.0,450,F1,1,,,,,
2026-07-22,2026-07-22,CM,BSE,STK,503031,INE138A01028,PENINLAND,T,,,,,PENINSULA LAND LTD.,16.76,17.0,16.71,16.71,16.71,17.05,,16.71,,,6727,112700.0,31,F1,1,,,,,
2026-07-22,2026-07-22,CM,BSE,STK,503092,INE909B01020,PASUSPG,X,,,,,PASUPATI SPG.& WVG.MILLS LTD.,32.7,34.33,32.7,34.33,34.33,32.7,,34.33,,,67,2213.0,7,F1,1,,,,,
2026-07-22,2026-07-22,CM,BSE,STK,503100,INE211B01039,PHOENIXLTD,A,,,,,THE PHOENIX MILLS LTD,2092.2,2098.05,2039.3,2055.55,2052.85,2089.25,,2055.6,,,7879,16314209.0,776,F1,1,,,,,
2026-07-22,2026-07-22,CM,BSE,STK,503101,INE182D01020,MARATHON,B,,,,,MARATHON NEXTGEN REALTY LTD.,394.25,394.25,386.5,390.15,387.85,391.3,,388.55,,,2246,875412.0,213,F1,1,,,,,
2026-07-22,2026-07-22,CM,BSE,STK,503162,INE750D01016,RELCHEMQ,B,,,,,RELIANCE CHEMOTEX INDUSTRIES L,129.6,130.45,128.9,130.35,130.45,129.0,,129.67,,,296,38537.0,25,F1,1,,,,,
2026-07-22,2026-07-22,CM,BSE,STK,503169,INE301D01026,RUBYMILLS,T,,,,,RUBY MILLS LTD.,414.0,418.75,408.0,417.65,417.65,402.5,,417.25,,,2115,882736.0,50,F1,1,,,,,
2026-07-22,2026-07-22,CM,BSE,STK,503310,INE665A01038,SWANCORP,A,,,,,Swan Corp Limited,310.0,314.1,306.3,309.1,309.1,310.0,,309.2,,,13158,4080201.0,399,F1,1,,,,,
2026-07-22,2026-07-22,CM,BSE,STK,503349,INE203D01016,VICTMILL,X,,,,,VICTORIA MILLS LTD.,5100.1,5100.1,5000.0,5000.0,5000.0,5186.65,,5000.0,,,59,295752.0,27,F1,1,,,,,
2026-07-22,2026-07-22,CM,BSE,STK,503624,INE406N01014,ZSVARAJT,X,,,,,SVARAJ TRADING & AGENCIES LTD.,8.15,8.15,7.5,7.56,7.55,8.17,,7.56,,,1710,12913.0,13,F1,1,,,,,
2026-07-22,2026-07-22,CM,BSE,STK,503635,INE315N01017,SALSAIN,XT,,,,,SHREE SALASAR INVESTMENT LTD.,374.4,374.4,374.4,374.4,374.4,356.6,,374.4,,,73,27331.0,9,F1,1,,,,,
2026-07-22,2026-07-22,CM,BSE,STK,503639,INE314N01028,APOLLOIN,XT,,,,,Apollo Ingredients Limited,119.89,119.89,119.89,119.89,119.89,117.54,,119.89,,,301,36086.0,2,F1,1,,,,,
2026-07-22,2026-07-22,CM,BSE,STK,503641,INE945J01027,ZODIACVEN,XT,,,,,ZODIAC VENTURES LIMITED,1.67,1.68,1.61,1.65,1.67,1.64,,1.65,,,28980,47872.0,83,F1,1,,,,,
2026-07-22,2026-07-22,CM,BSE,STK,503657,INE255E01030,VEERENRGY,X,,,,,VEER ENERGY & INFRASTRUCTURE L,12.14,12.5,12.02,12.19,12.06,12.14,,12.19,,,1984,24028.0,36,F1,1,,,,,
2026-07-22,2026-07-22,CM,BSE,STK,503663,INE026L01022,TILAK,XT,,,,,Tilak Ventures Limited,1.13,1.13,1.1,1.12,1.12,1.12,,1.12,,,327392,366888.0,329,F1,1,,,,,
2026-07-22,2026-07-22,CM,BSE,STK,503675,INE786K01023,WAGEND,X,,,,,WAGEND INFRA VENTURE LIMITED,1.2,1.2,1.17,1.2,1.2,1.2,,1.2,,,9478,11358.0,25,F1,1,,,,,
2026-07-22,2026-07-22,CM,BSE,STK,503685,INE828I01019,MEDIAONE,Z,,,,,MEDIAONE GLOBAL ENTERTAINMENT,15.3,15.4,15.3,15.3,15.3,15.4,,15.3,,,14,214.0,4,F1,1,,,,,
2026-07-22,2026-07-22,CM,BSE,STK,503722,INE629D01020,BANSWRAS,B,,,,,BANSWARA SYNTEX LTD.,133.7,133.7,130.0,130.85,130.85,133.7,,130.51,,,3746,491729.0,63,F1,1,,,,,
2026-07-22,2026-07-22,CM,BSE,STK,503772,INE380D01012,MODWOOL,X,,,,,MODELLA WOOLLENS LTD.,58.43,58.43,58.43,58.43,58.43,61.5,,58.43,,,1,58.0,1,F1,1,,,,,
2026-07-22,2026-07-22,CM,BSE,STK,503776,INE170C01019,MODIPON,XT,,,,,MODIPON LTD.,31.58,32.0,31.58,32.0,32.0,33.0,,32.0,,,502,15865.0,4,F1,1,,,,,
2026-07-22,2026-07-22,CM,BSE,STK,503804,INE204C01024,SHRIDINE,XT,,,,,SHRI DINESH MILLS LTD.,360.0,380.0,355.2,362.4,362.1,369.0,,362.4,,,6148,2275589.0,55,F1,1,,,,,
2026-07-22,2026-07-22,CM,BSE,STK,503806,INE647A01010,SRF,A,,,,,SRF LTD.,2949.9,2972.75,2817.0,2873.1,2873.1,2941.4,,2867.4,,,183870,527679852.0,9516,F1,1,,,,,
2026-07-22,2026-07-22,CM,BSE,STK,503811,INE076B01028,SIYSIL,B,,,,,SIYARAM SILK MILLS LTD.,636.35,642.2,625.1,627.75,627.2,636.35,,627.85,,,1242,783455.0,144,F1,1,,,,,
2026-07-22,2026-07-22,CM,BSE,STK,503816,INE243N01029,SWADPOL,X,,,,,SWADESHI POLYTEX LTD.,38.42,38.85,36.5,36.72,37.79,38.42,,36.72,,,3582,132807.0,43,F1,1,,,,,
2026-07-22,2026-07-22,CM,BSE,STK,503837,INE796C01011,SHRAJSYNQ,X,,,,,SHREE RAJASTHAN SYNTEX LTD.,12.06,12.06,12.06,12.06,12.06,12.69,,12.06,,,2400,28944.0,4,F1,1,,,,,
2026-07-22,2026-07-22,CM,BSE,STK,503863,INE632A01012,SHRMFGC,X,,,,,SHREE MANUFACTURING CO.LTD.,10.5,10.5,10.5,10.5,10.5,10.5,,10.5,,,2,21.0,1,F1,1,,,,,
2026-07-22,2026-07-22,CM,BSE,STK,503960,INE464A01036,BBL,B,,,,,BHARAT BIJLEE LTD.,2660.0,2660.0,2547.0,2556.3,2547.0,2665.35,,2554.0,,,1713,4447201.0,308,F1,1,,,,,
2026-07-22,2026-07-22,CM,BSE,STK,504000,INE579B01039,ELPROINTL,B,,,,,ELPRO INTERNATIONAL LTD.,175.05,175.05,174.5,174.5,174.5,174.5,,174.55,,,3741,654037.0,30,F1,1,,,,,
2026-07-22,2026-07-22,CM,BSE,STK,504028,INE064H01021,GEE,XT,,,,,GEE LTD.,115.15,117.0,111.2,113.1,113.1,116.0,,113.1,,,13023,1486119.0,118,F1,1,,,,,
2026-07-22,2026-07-22,CM,BSE,STK,504036,INE835D01023,HIRECT,B,,,,,HIND RECTIFIERS LTD.,1329.7,1335.0,1273.55,1278.15,1276.35,1310.05,,1278.4,,,13770,17983805.0,849,F1,1,,,,,
2026-07-22,2026-07-22,CM,BSE,STK,504058,INE567A01028,NIPPOBATRY,B,,,,,INDO-NATIONAL LTD.,329.5,330.4,327.5,329.6,328.5,334.0,,328.05,,,32,10547.0,7,F1,1,,,,,
2026-07-22,2026-07-22,CM,BSE,STK,504067,INE520A01027,ZENSARTECH,A,,,,,ZENSAR TECHNOLOGIES LTD.,514.85,515.2,494.3,497.75,497.75,514.3,,497.45,,,173333,86899425.0,3770,F1,1,,,,,
2026-07-22,2026-07-22,CM,BSE,STK,504076,INE511D01012,JYOTI,X,,,,,JYOTI LTD.,58.34,60.0,56.01,56.41,56.41,59.37,,56.41,,,102232,5871707.0,526,F1,1,,,,,
2026-07-22,2026-07-22,CM,BSE,STK,504080,INE581L01018,JSLINDL,X,,,,,JSL INDUSTRIES LTD.,937.95,937.95,849.05,903.0,903.0,848.0,,903.0,,,136,122838.0,19,F1,1,,,,,
2026-07-22,2026-07-22,CM,BSE,STK,504084,INE813G01023,KAYCEEI,X,,,,,KAYCEE INDUSTRIES LTD.,947.5,947.5,910.0,920.4,920.25,944.25,,920.4,,,657,610852.0,74,F1,1,,,,,
2026-07-22,2026-07-22,CM,BSE,STK,504092,INE716F01012,INDOKEM,B,,,,,INDOKEM LTD.,629.85,629.85,629.85,629.85,629.85,599.9,,629.85,,,2687,1692406.0,71,F1,1,,,,,
2026-07-22,2026-07-22,CM,BSE,STK,504093,INE795A01017,PANAENERG,X,,,,,PANASONIC ENERGY INDIA COMPANY,250.0,255.7,248.1,250.75,250.75,250.55,,250.75,,,1036,259602.0,69,F1,1,,,,,
2026-07-22,2026-07-22,CM,BSE,STK,504112,INE045B01015,NELCO,B,,,,,NELCO LTD.,928.0,953.0,917.65,934.35,934.35,930.65,,934.95,,,20916,19537852.0,719,F1,1,,,,,
2026-07-22,2026-07-22,CM,BSE,STK,504132,INE418E01018,PERMAGN,X,,,,,PERMANENT MAGNETS LTD.,855.05,872.0,841.0,846.0,846.0,860.9,,846.0,,,1756,1494425.0,125,F1,1,,,,,
2026-07-22,2026-07-22,CM,BSE,STK,504176,INE783E01023,HIGHENE,X,,,,,HIGH ENERGY BATTERIES (INDIA),622.85,625.0,603.0,605.85,608.7,622.85,,605.85,,,6936,4247788.0,333,F1,1,,,,,
2026-07-22,2026-07-22,CM,BSE,STK,504180,INE502C01039,STDBAT,X,,,,,STANDARD BATTERIES LTD.,47.25,50.41,47.0,49.4,49.4,49.42,,49.4,,,1473,70027.0,32,F1,1,,,,,
2026-07-22,2026-07-22,CM,BSE,STK,504212,INE279A01012,UNIVCABLES,B,,,,,UNIVERSAL CABLES LTD.,1193.0,1237.95,1190.5,1202.85,1202.9,1200.25,,1203.4,,,8090,9791530.0,638,F1,1,,,,,
2026-07-22,2026-07-22,CM,BSE,STK,504220,INE100D01014,WSI,B,,,,,W.S.INDUSTRIES (INDIA) LTD.,59.93,62.75,59.93,61.0,61.0,61.39,,60.93,,,1407,85588.0,64,F1,1,,,,,
2026-07-22,2026-07-22,CM,BSE,STK,504240,INE872E01016,DLTNCBL,X,,,,,DELTON CABLES LTD.,422.9,422.9,409.25,413.7,410.0,411.35,,413.7,,,1497,619615.0,80,F1,1,,,,,
2026-07-22,2026-07-22,CM,BSE,STK,504258,INE284C01018,LAKSELEC,X,,,,,LAKSHMI ELECTRICAL CONTROL SYS,820.0,824.6,808.1,816.5,817.0,821.2,,816.5,,,323,263187.0,36,F1,1,,,,,
2026-07-22,2026-07-22,CM,BSE,STK,504273,INE064R01012,MODULEX,Z,,,,,MODULEX CONSTRUCTION TECHNOLOG,17.44,17.48,16.35,17.44,17.45,16.65,,17.44,,,38760,667818.0,70,F1,1,,,,,
2026-07-22,2026-07-22,CM,BSE,STK,504286,INE393A01011,DELTAMAGNT,B,,,,,DELTA MANUFACTURING LIMITED,63.1,63.1,58.0,58.02,59.66,59.0,,58.17,,,771,44854.0,58,F1,1,,,,,
2026-07-22,2026-07-22,CM,BSE,STK,504340,INE180M01033,LONGSPUR,X,,,,,Longspur International Venture,9.12,9.13,8.27,9.07,9.13,8.7,,9.07,,,182223,1649309.0,75,F1,1,,,,,
2026-07-22,2026-07-22,CM,BSE,STK,504341,INE206N01018,RELTD,B,,,,,RAVINDRA ENERGY LIMITED,175.3,177.2,173.6,174.05,174.05,176.4,,174.53,,,13617,2384783.0,285,F1,1,,,,,
2026-07-22,2026-07-22,CM,BSE,STK,504351,INE507F01023,EMPOWER,T,,,,,EMPOWER INDIA LTD.,2.33,2.43,2.33,2.34,2.33,2.32,,2.33,,,831772,1951000.0,336,F1,1,,,,,
2026-07-22,2026-07-22,CM,BSE,STK,504356,INE017P01014,ZMULTIPU,X,,,,,MULTIPURPOSE TRADING & AGENCIE,10.88,10.88,9.87,9.87,9.87,10.37,,9.87,,,9,92.0,5,F1,1,,,,,
2026-07-22,2026-07-22,CM,BSE,STK,504369,INE927M01029,GRANDMA,X,,,,,GRANDMA TRADING & AGENCIES LTD,0.28,0.28,0.28,0.28,0.28,0.27,,0.28,,,54510,15262.0,12,F1,1,,,,,
2026-07-22,2026-07-22,CM,BSE,STK,504375,INE459E01012,IDREAM,P,,,,,IDream Film Infrastructure Com,618.9,618.9,618.9,618.9,618.9,608.6,,618.9,,,50,30945.0,1,F1,50,,,,,
2026-07-22,2026-07-22,CM,BSE,STK,504378,INE812K01027,NYSSACORP,X,,,,,NYSSA CORPORATION LIMITED,2.25,2.29,2.15,2.21,2.21,2.31,,2.21,,,78470,170934.0,104,F1,1,,,,,
2026-07-22,2026-07-22,CM,BSE,STK,504380,INE952M01019,FLOMIC,X,,,,,FLOMIC GLOBAL LOGISTICS LIMITE,48.85,48.85,46.16,47.81,47.81,46.75,,47.81,,,374,17739.0,16,F1,1,,,,,
2026-07-22,2026-07-22,CM,BSE,STK,504392,INE537L01010,KRISHNA,XT,,,,,KRISHNA VENTURES LIMITED,45.83,45.83,45.83,45.83,45.83,46.76,,45.83,,,26,1191.0,3,F1,1,,,,,
2026-07-22,2026-07-22,CM,BSE,STK,504605,INE361D01012,UNIABEXAL,XT,,,,,UNI ABEX ALLOY PRODUCTS LTD.,4523.0,4757.35,4523.0,4745.5,4700.0,4530.85,,4745.5,,,1265,5956345.0,153,F1,1,,,,,
2026-07-22,2026-07-22,CM,BSE,STK,504614,INE385C01021,SARDAEN,A,,,,,SARDA ENERGY & MINERALS LTD.,513.85,513.85,498.65,499.5,498.65,508.45,,499.4,,,8133,4089211.0,378,F1,1,,,,,
2026-07-22,2026-07-22,CM,BSE,STK,504646,INE106G01014,BGWTATO,X,,,,,BHAGWATI AUTOCAST LTD.,565.0,584.6,555.0,573.3,580.95,563.1,,573.3,,,2933,1658573.0,101,F1,1,,,,,
2026-07-22,2026-07-22,CM,BSE,STK,504648,INE089T01023,BOMBWIR,X,,,,,BOMBAY WIRE ROPES LTD.,45.6,47.01,45.4,47.0,47.0,48.5,,47.0,,,268,12302.0,14,F1,1,,,,,
2026-07-22,2026-07-22,CM,BSE,STK,504731,INE566M01017,AZADIND,X,,,,,AZAD INDIA MOBILITY LIMITED,84.93,88.77,84.69,86.84,85.55,84.68,,86.84,,,1350,117236.0,59,F1,1,,,,,
2026-07-22,2026-07-22,CM,BSE,STK,504741,INE323C01030,INDIANHUME,B,,,,,INDIAN HUME PIPE CO.LTD.,391.5,391.5,380.35,382.15,381.0,395.5,,382.1,,,5046,1938212.0,274,F1,1,,,,,
2026-07-22,2026-07-22,CM,BSE,STK,504746,INE359D01024,INLCM,X,,,,,INDIAN LINK CHAIN MANUFACTURES,644.0,644.0,568.9,568.9,568.9,632.1,,568.9,,,2077,1207330.0,152,F1,1,,,,,
2026-07-22,2026-07-22,CM,BSE,STK,504786,INE155E01016,INVPRECQ,B,,,,,INVESTMENT & PRECISION CASTING,889.75,976.05,885.0,926.5,926.5,889.7,,924.35,,,10212,9444266.0,671,F1,1,,,,,
2026-07-22,2026-07-22,CM,BSE,STK,504810,INE123E01014,INFORTEC,X,,,,,INFORMED TECHNOLOGIES INDIA LT,78.65,83.17,74.87,83.17,83.17,83.58,,83.17,,,34,2663.0,12,F1,1,,,,,
2026-07-22,2026-07-22,CM,BSE,STK,504840,INE375D01012,KAIRA,X,,,,,KAIRA CAN CO.LTD.,1669.95,1669.95,1600.05,1600.05,1600.05,1669.95,,1600.05,,,16,26644.0,9,F1,1,,,,,
2026-07-22,2026-07-22,CM,BSE,STK,504879,INE569C01020,ORIENTCER,B,,,,,ORIENT CERATECH LIMITED,41.56,41.8,40.6,40.63,40.61,41.6,,40.62,,,3718,151448.0,36,F1,1,,,,,
2026-07-22,2026-07-22,CM,BSE,STK,504882,INE166R01015,NATIONSTD,B,,,,,NATIONAL STANDARD (INDIA) LTD.,357.45,357.45,357.45,357.45,357.45,376.25,,354.7,,,3104,1109524.0,23,F1,1,,,,,
2026-07-22,2026-07-22,CM,BSE,STK,504903,INE336C01016,RATHIST,X,,,,,RATHI STEEL & POWER LTD.,23.99,23.99,23.25,23.68,23.67,23.54,,23.68,,,48854,1144565.0,245,F1,1,,,,,
2026-07-22,2026-07-22,CM,BSE,STK,504918,INE149K01016,SANDUMA,A,,,,,SANDUR MANGANESE & IRON ORES L,196.5,197.65,193.5,195.05,195.0,197.9,,194.95,,,34912,6825915.0,784,F1,1,,,,,
2026-07-22,2026-07-22,CM,BSE,STK,504959,INE755D01015,STOVACQ,X,,,,,STOVEC INDUSTRIES LTD.,1699.0,1699.0,1685.0,1685.0,1685.0,1700.0,,1685.0,,,11,18584.0,6,F1,1,,,,,
2026-07-22,2026-07-22,CM,BSE,STK,504973,INE149A01033,CHOLAHLDNG,A,,,,,CHOLAMANDALAM FINANCIAL HOLDIN,1550.6,1550.6,1515.0,1528.55,1530.0,1551.15,,1527.1,,,121592,184636201.0,558,F1,1,,,,,
2026-07-22,2026-07-22,CM,BSE,STK,505010,INE449A01011,AUTOAXLES,B,,,,,AUTOMOTIVE AXLES LTD.,1852.9,1852.9,1815.15,1815.15,1815.15,1840.0,,1820.1,,,279,509375.0,46,F1,1,,,,,
2026-07-22,2026-07-22,CM,BSE,STK,505029,INE446A01025,ATLASCYCLE,B,,,,,ATLAS CYCLES (HARYANA) LTD.,94.7,103.1,94.7,100.0,100.0,101.27,,98.45,,,126,12448.0,24,F1,1,,,,,
2026-07-22,2026-07-22,CM,BSE,STK,505032,INE0NY101012,AUTOPRD,XT,,,,,AUTOMOBILE PRODUCTS OF INDIA L,5.89,5.89,5.89,5.89,5.89,5.61,,5.89,,,50,294.0,1,F1,1,,,,,
2026-07-22,2026-07-22,CM,BSE,STK,505036,INE451C01013,ACGL,B,,,,,AUTOMOBILE CORPORATION OF GOA,2300.05,2350.1,2260.0,2283.3,2283.3,2286.7,,2283.3,,,1909,4404287.0,234,F1,1,,,,,
2026-07-22,2026-07-22,CM,BSE,STK,505075,INE878E01021,SETCO,T,,,,,SETCO AUTOMOTIVE LTD.,18.53,18.53,18.53,18.53,18.53,18.9,,18.33,,,7194,133304.0,14,F1,1,,,,,
2026-07-22,2026-07-22,CM,BSE,STK,505160,INE187D01029,TALBROAUTO,B,,,,,TALBROS AUTOMOTIVE COMPONENTS,416.75,416.75,402.3,408.35,406.4,411.75,,407.6,,,6130,2497280.0,187,F1,1,,,,,
2026-07-22,2026-07-22,CM,BSE,STK,505163,INE116C01012,ZFSTEERING,B,,,,,Z.F.STEERING GEAR (INDIA) LTD.,672.0,687.0,656.1,664.25,667.35,666.1,,661.55,,,504,334276.0,77,F1,1,,,,,
2026-07-22,2026-07-22,CM,BSE,STK,505192,INE294B01019,SMLMAH,A,,,,,SML Mahindra Limited,4070.95,4091.2,3935.5,3959.55,3952.6,4091.8,,3961.6,,,4629,18514783.0,667,F1,1,,,,,
2026-07-22,2026-07-22,CM,BSE,STK,505196,INE806C01018,TIL,B,,,,,TIL LTD.,218.35,218.35,205.1,209.4,208.95,221.1,,209.99,,,10427,2182972.0,261,F1,1,,,,,
2026-07-22,2026-07-22,CM,BSE,STK,505200,INE066A01021,EICHERMOT,A,,,,,EICHER MOTORS LTD.,7699.35,7734.0,7589.75,7635.4,7614.0,7688.25,,7632.0,,,11182,85381459.0,2519,F1,1,,,,,
2026-07-22,2026-07-22,CM,BSE,STK,505212,INE280F01019,JAINEX,X,,,,,JAINEX AAMCOL LTD.,117.0,125.0,115.9,125.0,125.0,114.9,,125.0,,,2827,342653.0,26,F1,1,,,,,
2026-07-22,2026-07-22,CM,BSE,STK,505216,INE782D01027,ALFREDHE,X,,,,,ALFRED HERBERT (INDIA) LTD.,2701.8,2722.0,2664.05,2665.15,2665.15,2701.8,,2665.15,,,27,72707.0,9,F1,1,,,,,
2026-07-22,2026-07-22,CM,BSE,STK,505232,INE232E01013,VELJAN,T,,,,,VELJAN DENISON LIMITED,1724.0,1774.0,1724.0,1747.6,1750.0,1710.0,,1737.7,,,210,369999.0,36,F1,1,,,,,
2026-07-22,2026-07-22,CM,BSE,STK,505242,INE221B01012,DYNAMATECH,A,,,,,DYNAMATIC TECHNOLOGIES LTD.,10309.9,10436.2,10056.8,10204.0,10114.15,10394.65,,10168.0,,,664,6780212.0,196,F1,1,,,,,
2026-07-22,2026-07-22,CM,BSE,STK,505250,INE631D01026,GGDPROP,X,,,,,G. G. Dandekar Properties Limi,78.0,78.8,75.8,76.02,76.0,76.14,,76.02,,,567,43568.0,12,F1,1,,,,,
2026-07-22,2026-07-22,CM,BSE,STK,505255,INE541A01023,GMMPFAUDLR,A,,,,,GMM PFAUDLER LTD.,797.65,802.45,788.65,797.9,801.25,802.85,,799.85,,,3091,2461842.0,255,F1,1,,,,,
2026-07-22,2026-07-22,CM,BSE,STK,505283,INE811A01020,KIRLPNU,A,,,,,KIRLOSKAR PNEUMATIC CO.LTD.,1610.7,1637.05,1574.2,1596.45,1600.0,1616.25,,1598.7,,,8669,13792862.0,774,F1,1,,,,,
2026-07-22,2026-07-22,CM,BSE,STK,505299,INE731D01024,KPT,X,,,,,KPT INDUSTRIES LIMITED,530.0,530.0,492.0,505.0,501.85,520.75,,505.0,,,2111,1074046.0,116,F1,1,,,,,
2026-07-22,2026-07-22,CM,BSE,STK,505302,INE718M01022,LAKSHMIEW,X,,,,,LAKSHMI ENGINEERING AND WAREHO,2478.4,2478.4,2251.0,2344.0,2344.0,2349.8,,2344.0,,,56,129969.0,29,F1,1,,,,,
2026-07-22,2026-07-22,CM,BSE,STK,505324,INE867A01022,MANUGRAPH,T,,,,,MANUGRAPH INDIA LTD.,15.26,15.26,15.26,15.26,15.26,15.27,,14.55,,,10,152.0,1,F1,1,,,,,
2026-07-22,2026-07-22,CM,BSE,STK,505336,INE098E01026,HARSHILAGR,XT,,,,,HARSHIL AGROTECH LIMITED,0.31,0.31,0.3,0.3,0.3,0.31,,0.3,,,1365094,409665.0,440,F1,1,,,,,
2026-07-22,2026-07-22,CM,BSE,STK,505343,INE811D01024,MONOT,X,,,,,MONOTYPE INDIA LTD.,0.33,0.33,0.31,0.32,0.33,0.32,,0.32,,,2165199,685250.0,474,F1,1,,,,,
2026-07-22,2026-07-22,CM,BSE,STK,505355,INE317F01035,NESCO,A,,,,,NESCO LTD.,1071.0,1086.75,1052.95,1057.15,1079.0,1079.15,,1059.1,,,4322,4603699.0,271,F1,1,,,,,
2026-07-22,2026-07-22,CM,BSE,STK,505358,INE984B01023,INTEGRAEN,XT,,,,,INTEGRA ENGINEERING INDIA LTD.,170.05,177.0,168.5,169.1,169.0,174.2,,169.1,,,9337,1613960.0,103,F1,1,,,,,
2026-07-22,2026-07-22,CM,BSE,STK,505368,INE617A01013,SEMAC,T,,,,,Semac Construction Limited,320.15,320.15,319.9,319.9,319.9,320.15,,315.45,,,4,1279.0,2,F1,1,,,,,
2026-07-22,2026-07-22,CM,BSE,STK,505400,INE435C01024,TEXINFRA,B,,,,,TEXMACO INFRASTRUCTURE & HOLDI,113.3,113.75,112.4,113.0,113.0,113.7,,113.35,,,595,67047.0,19,F1,1,,,,,
2026-07-22,2026-07-22,CM,BSE,STK,505412,INE274C01019,WENDT,B,,,,,WENDT (INDIA) LTD.,7550.0,7587.9,7500.0,7520.6,7500.0,7578.3,,7511.5,,,265,1995420.0,82,F1,1,,,,,
2026-07-22,2026-07-22,CM,BSE,STK,505502,INE953M01033,PSITINFRA,XT,,,,,PS IT INFRASTRUCTURE & SERVICE,1.22,1.22,1.18,1.2,1.22,1.2,,1.2,,,16067,19555.0,35,F1,1,,,,,
2026-07-22,2026-07-22,CM,BSE,STK,505504,INE809Q01020,GHVINFRA,X,,,,,GHV INFRA PROJECTS LIMITED,234.25,235.1,227.0,235.05,235.05,223.95,,235.05,,,256585,60281923.0,651,F1,1,,,,,
2026-07-22,2026-07-22,CM,BSE,STK,505509,INE688D01026,RESPONIND,B,,,,,RESPONSIVE INDUSTRIES LTD.,182.05,187.05,178.15,179.35,179.35,182.05,,179.0,,,62815,11384201.0,762,F1,1,,,,,
2026-07-22,2026-07-22,CM,BSE,STK,505515,INE203N01015,SHYMINV,X,,,,,SHYAMKAMAL INVESTMENTS LTD.,12.8,13.0,12.07,12.7,12.7,12.61,,12.7,,,2525,31495.0,31,F1,1,,,,,
2026-07-22,2026-07-22,CM,BSE,STK,505523,INE272E01027,MAHACORP,X,,,,,MAHARASHTRA CORPORATION LTD.,0.34,0.34,0.33,0.34,0.34,0.33,,0.34,,,806485,271051.0,195,F1,1,,,,,
2026-07-22,2026-07-22,CM,BSE,STK,505526,INE966A01022,DOLATALGO,B,,,,,DOLAT ALGOTECH LIMITED,68.75,69.28,67.71,68.73,68.48,69.03,,68.71,,,5625,384653.0,118,F1,1,,,,,
2026-07-22,2026-07-22,CM,BSE,STK,505533,INE274F01020,WESTLIFE,A,,,,,WESTLIFE FOODWORLD LIMITED,489.7,504.35,478.45,500.6,497.3,516.2,,500.7,,,52491,25776454.0,2285,F1,1,,,,,
2026-07-22,2026-07-22,CM,BSE,STK,505537,INE256A01028,ZEEL,A,,,,,ZEE ENTERTAINMENT ENTERPRISES,107.05,107.6,104.95,105.6,105.6,107.6,,105.4,,,572932,60893275.0,2590,F1,1,,,,,
2026-07-22,2026-07-22,CM,BSE,STK,505590,INE308E01029,SVPGLOB,T,,,,,SVP GLOBAL TEXTILES LIMITED,3.92,3.92,3.92,3.92,3.92,3.92,,3.93,,,100,392.0,2,F1,1,,,,,
2026-07-22,2026-07-22,CM,BSE,STK,505650,INE178E01026,SKYLMILAR,X,,,,,SKYLINE MILLARS LTD.,15.99,15.99,14.85,15.86,15.85,15.25,,15.86,,,664,9991.0,15,F1,1,,,,,
2026-07-22,2026-07-22,CM,BSE,STK,505681,INE469A01019,BIMETAL,B,,,,,BIMETAL BEARINGS LTD.,697.95,697.95,650.0,650.0,650.0,651.0,,650.3,,,28,18346.0,4,F1,1,,,,,
2026-07-22,2026-07-22,CM,BSE,STK,505688,INE561C01019,BHARATGEAR,T,,,,,BHARAT GEARS LTD.,122.0,122.0,118.1,118.1,118.1,121.55,,120.96,,,604,72193.0,14,F1,1,,,,,
2026-07-22,2026-07-22,CM,BSE,STK,505690,INE856A01017,BRADYM,X,,,,,BRADY & MORRIS ENGINEERING CO.,712.3,749.5,705.3,749.5,749.5,720.0,,749.5,,,29,21120.0,15,F1,1,,,,,
2026-07-22,2026-07-22,CM,BSE,STK,505693,INE501N01020,LATIMMETAL,X,,,,,La Tim Metal & Industries Limi,9.12,9.12,8.7,8.88,8.9,8.81,,8.88,,,53786,475167.0,99,F1,1,,,,,
2026-07-22,2026-07-22,CM,BSE,STK,505700,INE205B01031,ELECON,A,,,,,ELECON ENGINEERING CO.LTD.,447.7,450.2,434.7,436.8,438.0,449.9,,437.1,,,46763,20609934.0,1519,F1,1,,,,,
2026-07-22,2026-07-22,CM,BSE,STK,505710,INE266D01021,GRAUWEIL,B,,,,,GRAUER & WEIL (INDIA) LTD.,75.0,75.91,74.16,74.42,74.42,75.72,,74.36,,,21182,1583636.0,521,F1,1,,,,,
2026-07-22,2026-07-22,CM,BSE,STK,505712,INE705G01021,HIMTEK,X,,,,,HIM TEKNOFORGE LIMITED,263.2,269.0,255.0,258.55,257.0,257.85,,258.55,,,87513,23058183.0,828,F1,1,,,,,
2026-07-22,2026-07-22,CM,BSE,STK,505714,INE524A01029,GABRIEL,A,,,,,GABRIEL INDIA LTD.,1440.15,1464.45,1361.5,1424.35,1424.35,1493.4,,1424.6,,,402950,569337203.0,14736,F1,1,,,,,
2026-07-22,2026-07-22,CM,BSE,STK,505720,INE688E01024,HERCULES,X,,,,,Hercules Investments Limited,113.0,115.0,113.0,114.8,114.1,113.9,,114.8,,,12802,1468294.0,144,F1,1,,,,,
2026-07-22,2026-07-22,CM,BSE,STK,505725,INE598D01035,ALGOQUANT,B,,,,,ALGOQUANT FINTECH LIMITED,65.1,67.74,64.89,66.89,66.89,65.19,,66.83,,,290188,19015271.0,1280,F1,1,,,,,
2026-07-22,2026-07-22,CM,BSE,STK,505726,INE559A01017,IFBIND,B,,,,,IFB INDUSTRIES LTD.,1354.1,1354.1,1310.5,1322.35,1322.35,1354.1,,1320.0,,,3673,4889924.0,282,F1,1,,,,,
2026-07-22,2026-07-22,CM,BSE,STK,505729,INE638A01035,SINGERIND,B,,,,,SINGER INDIA LTD.,65.05,66.0,64.13,65.44,65.44,65.05,,65.28,,,5815,378541.0,243,F1,1,,,,,
2026-07-22,2026-07-22,CM,BSE,STK,505737,INE403C01014,INTLCOMBQ,X,,,,,INTERNATIONAL COMBUSTION (INDI,591.7,604.95,591.7,596.85,599.9,605.95,,596.85,,,358,213516.0,32,F1,1,,,,,
2026-07-22,2026-07-22,CM,BSE,STK,505744,INE529A01010,FMGOETZE,B,,,,,FEDERAL-MOGUL GOETZE (INDIA) L,489.55,489.55,474.8,479.45,476.95,484.55,,479.0,,,2255,1076854.0,107,F1,1,,,,,
2026-07-22,2026-07-22,CM,BSE,STK,505750,INE636D01041,JOSTS,X,,,,,JOSTS ENGINEERING CO.LTD.,251.45,253.45,247.85,250.05,248.0,248.25,,250.05,,,5965,1491530.0,83,F1,1,,,,,
2026-07-22,2026-07-22,CM,BSE,STK,505790,INE513A01022,SCHAEFFLER,A,,,,,Schaeffler India Limited,4204.35,4208.05,4102.45,4196.9,4201.0,4187.25,,4199.1,,,47204,197712908.0,696,F1,1,,,,,
2026-07-22,2026-07-22,CM,BSE,STK,505800,INE384A01010,RANEHOLDIN,B,,,,,RANE HOLDINGS LTD.,1769.1,1769.1,1704.05,1728.35,1727.45,1769.1,,1732.3,,,675,1162137.0,120,F1,1,,,,,
2026-07-22,2026-07-22,CM,BSE,STK,505807,INE775R01013,ROLCOEN,P,,,,,ROLCON ENGINEERING CO.LTD.,564.0,564.0,564.0,564.0,564.0,540.75,,564.0,,,50,28200.0,1,F1,50,,,,,
2026-07-22,2026-07-22,CM,BSE,STK,505827,INE568F01017,SNL,X,,,,,SNL BEARINGS LTD.,381.0,386.0,378.55,379.7,379.0,380.05,,379.7,,,785,298076.0,27,F1,1,,,,,
2026-07-22,2026-07-22,CM,BSE,STK,505840,INE058D01030,JAIPAN,X,,,,,JAIPAN INDUSTRIES LTD.,34.97,34.97,32.5,33.49,33.49,33.81,,33.49,,,98599,3257945.0,74,F1,1,,,,,
2026-07-22,2026-07-22,CM,BSE,STK,505850,INE545L01039,MANCREDIT,B,,,,,MANGAL CREDIT AND FINCORP LTD.,233.6,233.95,214.25,215.75,215.2,220.5,,215.77,,,27495,6216457.0,510,F1,1,,,,,
2026-07-22,2026-07-22,CM,BSE,STK,505854,INE391D01019,TRF,B,,,,,TRF LTD.,247.0,247.9,232.3,233.4,234.25,244.1,,233.1,,,38432,9173821.0,425,F1,1,,,,,
2026-07-22,2026-07-22,CM,BSE,STK,505872,INE765D01022,WPIL,B,,,,,WPIL LTD.,450.6,457.0,445.0,455.25,457.0,450.6,,454.7,,,4809,2165154.0,168,F1,1,,,,,
2026-07-22,2026-07-22,CM,BSE,STK,505890,INE717A01029,KENNAMET,B,,,,,KENNAMETAL INDIA LTD.,2758.9,2768.55,2731.0,2753.8,2745.9,2785.6,,2751.7,,,299,821308.0,72,F1,1,,,,,
2026-07-22,2026-07-22,CM,BSE,STK,505893,INE724D01011,HINDHARD,X,,,,,HINDUSTAN HARDY LIMITED,820.95,820.95,772.2,802.25,802.0,816.85,,802.25,,,662,533366.0,53,F1,1,,,,,
2026-07-22,2026-07-22,CM,BSE,STK,505978,INE440G01017,TRITONV,X,,,,,TRITON VALVES LTD.,1080.0,1122.4,1005.0,1020.4,1021.0,1095.0,,1020.4,,,13907,14334499.0,436,F1,1,,,,,
2026-07-22,2026-07-22,CM,BSE,STK,506003,INE618D01015,SUDAI,X,,,,,SUDAL INDUSTRIES LTD.,33.85,35.04,31.72,32.35,32.35,33.38,,32.35,,,4519,151819.0,43,F1,1,,,,,
2026-07-22,2026-07-22,CM,BSE,STK,506022,INE603A01013,PRAKASH,B,,,,,PRAKASH INDUSTRIES LTD.,124.35,124.35,122.6,123.8,124.2,124.3,,123.9,,,7325,905147.0,172,F1,1,,,,,
2026-07-22,2026-07-22,CM,BSE,STK,506074,INE968D01022,ARSHIYA,Z,,,,,ARSHIYA LIMITED,0.99,1.03,0.98,1.0,1.0,1.02,,0.99,,,7834,7835.0,17,F1,1,,,,,
2026-07-22,2026-07-22,CM,BSE,STK,506076,INE536A01023,GRINDWELL,A,,,,,GRINDWELL NORTON LTD.,2085.0,2085.0,2015.55,2020.95,2020.0,2097.05,,2020.8,,,3626,7379371.0,621,F1,1,,,,,
2026-07-22,2026-07-22,CM,BSE,STK,506079,INE651C01018,LAKPRE,Z,,,,,LAKSHMI PRECISION SCREWS LTD.,5.15,5.15,4.99,4.99,4.99,5.2,,4.99,,,13183,66509.0,20,F1,1,,,,,
2026-07-22,2026-07-22,CM,BSE,STK,506105,INE441L01015,STANROS,X,,,,,STANROSE MAFATLAL INVESTMENTS,64.01,67.93,64.01,67.93,67.93,64.51,,67.93,,,105,6727.0,5,F1,1,,,,,
2026-07-22,2026-07-22,CM,BSE,STK,506109,INE727B01026,GENESYS,B,,,,,GENESYS INTERNATIONAL CORPORAT,318.0,321.3,295.25,300.6,300.6,323.9,,300.95,,,21452,6548645.0,680,F1,1,,,,,
2026-07-22,2026-07-22,CM,BSE,STK,506122,INE820M01018,VOLKAI,XT,,,,,Kairosoft AI Solutions Limited,83.89,84.0,77.0,82.76,82.8,80.0,,82.76,,,8205,675573.0,31,F1,1,,,,,
2026-07-22,2026-07-22,CM,BSE,STK,506128,INE383L01019,PARNAXLAB,X,,,,,PARNAX LAB LTD.,141.05,150.95,141.0,144.45,143.1,144.1,,144.45,,,4045,585052.0,28,F1,1,,,,,
2026-07-22,2026-07-22,CM,BSE,STK,506134,INE512D01028,GOURMET,XT,,,,,GOURMET GATEWAY INDIA LIMITED,12.58,12.58,11.51,11.75,12.1,12.03,,11.75,,,4537,52882.0,38,F1,1,,,,,
2026-07-22,2026-07-22,CM,BSE,STK,506146,INE370E01029,VIVIDHA,B,,,,,VISAGAR POLYTEX LTD.,0.54,0.54,0.51,0.52,0.52,0.53,,0.52,,,51687,27035.0,52,F1,1,,,,,
2026-07-22,2026-07-22,CM,BSE,STK,506166,INE070K01014,APIS,B,,,,,APIS INDIA LTD.,53.56,55.0,52.45,53.37,53.65,53.23,,53.37,,,12581,670354.0,233,F1,1,,,,,
2026-07-22,2026-07-22,CM,BSE,STK,506180,INE668L01013,EMERGENT,XT,,,,,EMERGENT INDUSTRIAL SOLUTIONS,435.0,435.0,430.0,430.0,430.0,435.0,,430.0,,,7,3035.0,3,F1,1,,,,,
2026-07-22,2026-07-22,CM,BSE,STK,506184,INE879E01037,KANANIIND,B,,,,,KANANI INDUSTRIES LTD.,1.5,1.54,1.48,1.5,1.5,1.51,,1.5,,,2961,4476.0,21,F1,1,,,,,
2026-07-22,2026-07-22,CM,BSE,STK,506186,INE403B01016,GSLTD,X,,,,,GALAXY SUPERMARKET LIMITED,18.1,18.5,17.5,18.28,18.3,18.16,,18.28,,,4580,82602.0,26,F1,1,,,,,
2026-07-22,2026-07-22,CM,BSE,STK,506194,INE643K01018,ARIHANTSUP,B,,,,,ARIHANT SUPERSTRUCTURES LIMITE,260.1,265.95,258.45,258.7,258.45,259.7,,259.15,,,328,86263.0,24,F1,1,,,,,
2026-07-22,2026-07-22,CM,BSE,STK,506197,INE416D01022,BLISSGVS,T,,,,,BLISS GVS PHARMA LTD.,468.5,468.5,445.35,448.15,451.6,467.25,,448.1,,,24113,10855769.0,293,F1,1,,,,,
2026-07-22,2026-07-22,CM,BSE,STK,506222,INE189B01011,STYRENIX,B,,,,,Styrenix Performance Materials,2414.0,2444.35,2385.05,2429.1,2435.0,2455.2,,2431.9,,,4731,11420836.0,532,F1,1,,,,,
2026-07-22,2026-07-22,CM,BSE,STK,506235,INE426A01027,ALEMBICLTD,B,,,,,ALEMBIC LTD.,91.08,91.08,88.25,88.57,88.5,90.35,,88.59,,,9336,830742.0,168,F1,1,,,,,
2026-07-22,2026-07-22,CM,BSE,STK,506248,INE275D01022,AMNPLST,B,,,,,AMINES & PLASTICIZERS LTD.,196.0,209.95,192.95,193.25,192.95,193.85,,194.2,,,2168,427762.0,87,F1,1,,,,,
2026-07-22,2026-07-22,CM,BSE,STK,506260,INE489G01022,ANUHPHR,B,,,,,ANUH PHARMA LTD.,80.01,80.96,77.28,80.79,80.62,80.01,,80.67,,,4607,365240.0,132,F1,1,,,,,
2026-07-22,2026-07-22,CM,BSE,STK,506261,INE737D01021,MODISONLTD,T,,,,,MODISON LIMITED,298.0,298.0,289.0,293.5,293.0,297.6,,293.25,,,3791,1111297.0,79,F1,1,,,,,
2026-07-22,2026-07-22,CM,BSE,STK,506285,INE462A01022,BAYERCROP,A,,,,,BAYER CROPSCIENCE LTD.,4352.0,4352.0,4282.0,4289.5,4285.0,4352.35,,4286.2,,,1251,5387127.0,388,F1,1,,,,,
2026-07-22,2026-07-22,CM,BSE,STK,506365,INE320M01019,STARSOURCE,X,,,,,STARSOURCE MULTITRADE LIMITED,79.79,79.97,79.79,79.97,79.97,76.17,,79.97,,,267,21329.0,9,F1,1,,,,,
2026-07-22,2026-07-22,CM,BSE,STK,506390,INE492A01029,SUDARCOLOR,B,,,,,Sudarshan Colorants India Limi,359.3,363.5,357.0,358.7,358.7,363.5,,360.85,,,682,245452.0,77,F1,1,,,,,
2026-07-22,2026-07-22,CM,BSE,STK,506395,INE169A01031,COROMANDEL,A,,,,,COROMANDEL INTERNATIONAL LTD.,2056.45,2056.45,2016.6,2035.95,2035.0,2054.15,,2039.2,,,2303,4668400.0,387,F1,1,,,,,
2026-07-22,2026-07-22,CM,BSE,STK,506401,INE288B01029,DEEPAKNTR,A,,,,,DEEPAK NITRITE LTD.,1715.15,1716.6,1681.3,1693.15,1693.15,1709.6,,1695.6,,,17177,29142156.0,1221,F1,1,,,,,
2026-07-22,2026-07-22,CM,BSE,STK,506405,INE505A01010,DMCC,B,,,,,DMCC SPECIALITY CHEMICALS LIMI,268.75,269.35,260.1,265.45,268.35,268.9,,266.05,,,748,196621.0,25,F1,1,,,,,
2026-07-22,2026-07-22,CM,BSE,STK,506414,INE225B01021,FERMENTA,B,,,,,FERMENTA BIOTECH LIMITED,438.2,438.35,419.65,420.85,420.4,436.45,,420.85,,,18041,7684259.0,495,F1,1,,,,,
2026-07-22,2026-07-22,CM,BSE,STK,506480,INE077F01035,GOCLCORP,B,,,,,GOCL Corporation Limited,400.0,400.0,392.15,392.25,392.2,400.4,,393.05,,,2644,1041804.0,89,F1,1,,,,,
2026-07-22,2026-07-22,CM,BSE,STK,506520,INE693E01016,JAYCH,X,,,,,JAYSHREE CHEMICALS LTD.,6.08,6.08,5.77,5.91,5.96,6.01,,5.91,,,2435,14460.0,31,F1,1,,,,,
2026-07-22,2026-07-22,CM,BSE,STK,506525,INE138C01024,KANORICHEM,T,,,,,KANORIA CHEMICALS & INDUSTRIES,153.15,156.0,150.05,155.05,155.9,152.85,,153.53,,,8082,1236292.0,100,F1,1,,,,,
2026-07-22,2026-07-22,CM,BSE,STK,506528,INE881E01017,KELENRG,XT,,,,,KELTECH ENERGIES LTD.,7865.05,8013.0,7621.0,7671.85,7830.0,8013.35,,7671.85,,,1736,13424238.0,213,F1,1,,,,,
2026-07-22,2026-07-22,CM,BSE,STK,506532,INE265B01019,NITTAGELA,B,,,,,NITTA GELATIN INDIA LTD.,1859.5,1886.4,1829.75,1844.8,1839.0,1859.0,,1836.9,,,860,1596604.0,139,F1,1,,,,,
2026-07-22,2026-07-22,CM,BSE,STK,506543,INE468C01017,MPAGI,X,,,,,M.P.AGRO INDUSTRIES LTD.,8.62,8.62,8.62,8.62,8.62,8.6,,8.62,,,1,8.0,1,F1,1,,,,,
2026-07-22,2026-07-22,CM,BSE,STK,506579,INE321D01016,AGVENTURES,X,,,,,AG VENTURES LIMITED,112.0,115.0,108.0,111.05,111.0,111.9,,111.05,,,4560,510024.0,135,F1,1,,,,,
2026-07-22,2026-07-22,CM,BSE,STK,506590,INE602A01031,PCBL,A,,,,,PCBL Chemical Limited,332.6,332.65,320.5,322.0,322.0,332.55,,322.1,,,95689,31071630.0,1656,F1,1,,,,,
2026-07-22,2026-07-22,CM,BSE,STK,506597,INE841D01013,AMAL,X,,,,,AMAL LTD.,781.6,794.0,755.0,766.95,766.95,769.45,,766.95,,,34742,26874324.0,1305,F1,1,,,,,
2026-07-22,2026-07-22,CM,BSE,STK,506605,INE752B01024,POLYCHEM,X,,,,,POLYCHEM LTD.,1935.0,1935.0,1910.0,1910.0,1910.0,1939.95,,1910.0,,,9,17235.0,9,F1,1,,,,,
2026-07-22,2026-07-22,CM,BSE,STK,506618,INE277B01014,PUNJABCHEM,B,,,,,PUNJAB CHEMICALS AND CROP PROT,1130.0,1130.45,1107.3,1127.35,1128.05,1160.45,,1125.6,,,662,737820.0,49,F1,1,,,,,
2026-07-22,2026-07-22,CM,BSE,STK,506642,INE888C01040,SADHNANIQ,T,,,,,SADHANA NITROCHEM LTD.,2.73,2.73,2.73,2.73,2.73,2.68,,2.73,,,184296,503128.0,15,F1,1,,,,,
2026-07-22,2026-07-22,CM,BSE,STK,506655,INE659A01023,SUDARSCHEM,A,,,,,SUDARSHAN CHEMICAL INDUSTRIES,1054.0,1060.45,1024.3,1033.9,1036.1,1056.85,,1030.45,,,7531,7811271.0,429,F1,1,,,,,
2026-07-22,2026-07-22,CM,BSE,STK,506680,INE014B01011,TECILCHEM,B,,,,,TECIL CHEMICALS & HYDRO POWER,9.99,9.99,9.96,9.97,9.97,9.39,,9.66,,,256,2551.0,8,F1,1,,,,,
2026-07-22,2026-07-22,CM,BSE,STK,506685,INE405A01021,ULTRAMAR,B,,,,,ULTRAMARINE & PIGMENTS LTD.,381.25,388.0,378.5,381.35,379.55,387.05,,381.1,,,4444,1699049.0,524,F1,1,,,,,
2026-07-22,2026-07-22,CM,BSE,STK,506687,INE687A01016,TRANSPEK,B,,,,,TRANSPEK INDUSTRY LTD.,1025.45,1042.5,1020.85,1022.65,1021.0,1025.45,,1024.3,,,4349,4479843.0,284,F1,1,,,,,
2026-07-22,2026-07-22,CM,BSE,STK,506690,INE351A01035,UNICHEMLAB,B,,,,,UNICHEM LABORATORIES LTD.,585.0,585.0,527.4,527.8,527.8,585.95,,528.45,,,18859,10307306.0,976,F1,1,,,,,
2026-07-22,2026-07-22,CM,BSE,STK,506734,INE741A01011,MYSORPETRO,X,,,,,MYSORE PETRO CHEMICALS LTD.,100.0,100.0,95.0,97.0,97.0,98.0,,97.0,,,72,7131.0,14,F1,1,,,,,
2026-07-22,2026-07-22,CM,BSE,STK,506767,INE150B01039,ALKYLAMINE,A,,,,,ALKYL AMINES CHEMICALS LTD.,1837.0,1841.0,1791.25,1821.3,1826.6,1836.45,,1823.4,,,3101,5634067.0,380,F1,1,,,,,
2026-07-22,2026-07-22,CM,BSE,STK,506808,INE400A01014,TUTIALKA,X,,,,,TUTICORIN ALKALI CHEMICALS AND,62.69,62.69,59.01,59.3,59.15,61.38,,59.3,,,15144,907120.0,248,F1,1,,,,,
2026-07-22,2026-07-22,CM,BSE,STK,506820,INE203A01020,ASTRAZEN,A,,,,,ASTRAZENECA PHARMA INDIA LTD.,8052.05,8052.05,7970.0,8033.05,8000.0,8090.2,,8031.0,,,361,2887670.0,97,F1,1,,,,,
2026-07-22,2026-07-22,CM,BSE,STK,506852,INE607A01022,PRIMO,B,,,,,Primo Chemicals Limited,23.0,23.3,22.5,22.59,22.52,23.02,,22.59,,,28078,636345.0,116,F1,1,,,,,
2026-07-22,2026-07-22,CM,BSE,STK,506854,INE639B01023,TANFACIND,B,,,,,TANFAC INDUSTRIES LTD.,2721.0,2740.0,2585.0,2699.5,2699.5,2714.05,,2699.5,,,19061,50564489.0,1980,F1,1,,,,,
2026-07-22,2026-07-22,CM,BSE,STK,506858,INE636P01011,GUJPETR,X,,,,,GUJARAT PETROSYNTHESE LTD.,51.0,55.98,51.0,52.62,52.62,55.13,,52.62,,,5507,296745.0,35,F1,1,,,,,
2026-07-22,2026-07-22,CM,BSE,STK,506863,INE716M01034,SWADEIN,X,,,,,SWADESHI INDUSTRIES LEASING CO,76.0,77.9,75.15,76.78,76.4,76.08,,76.78,,,2467,189206.0,50,F1,1,,,,,
2026-07-22,2026-07-22,CM,BSE,STK,506879,INE942C01045,GUJTHEM,B,,,,,GUJARAT THEMIS BIOSYN LTD.,361.1,362.0,350.5,351.75,351.0,363.15,,351.5,,,9138,3251737.0,479,F1,1,,,,,
2026-07-22,2026-07-22,CM,BSE,STK,506919,INE987A01010,MAKERSL,X,,,,,MAKERS LABORATORIES LTD.,153.5,156.0,148.2,151.45,151.0,153.95,,151.45,,,2597,397878.0,29,F1,1,,,,,
2026-07-22,2026-07-22,CM,BSE,STK,506935,INE423K01015,CONTCHM,X,,,,,CONTINENTAL CHEMICALS LTD.,63.17,65.75,63.17,65.75,65.75,66.49,,65.75,,,21,1331.0,8,F1,1,,,,,
2026-07-22,2026-07-22,CM,BSE,STK,506947,INE334N01018,ADVPETR-B,XT,,,,,ADVANCE PETROCHEMICALS LTD.,181.45,181.45,181.45,181.45,181.45,191.0,,181.45,,,111,20140.0,3,F1,1,,,,,
2026-07-22,2026-07-22,CM,BSE,STK,506975,INE374C01017,RAJSPTR,P,,,,,RAJASTHAN PETRO SYNTHETICS LTD,13.8,13.8,13.8,13.8,13.8,13.17,,13.8,,,100,1380.0,1,F1,100,,,,,
2026-07-22,2026-07-22,CM,BSE,STK,506979,INE046E01025,APTPACK,X,,,,,APT PACKAGING LTD.,76.57,79.9,76.57,76.61,78.3,80.6,,76.61,,,243,18615.0,8,F1,1,,,,,
2026-07-22,2026-07-22,CM,BSE,STK,506981,INE472D01017,BLUECHIPT,X,,,,,BLUE CHIP TEX INDUSTRIES LTD.,121.0,123.95,116.0,116.0,116.0,121.4,,116.0,,,954,111070.0,8,F1,1,,,,,
2026-07-22,2026-07-22,CM,BSE,STK,507155,INE574A01016,JAGAJITIND,X,,,,,JAGATJIT INDUSTRIES LTD.,129.05,130.65,127.1,128.4,128.2,128.4,,128.4,,,2981,383234.0,58,F1,1,,,,,
2026-07-22,2026-07-22,CM,BSE,STK,507180,INE133B01027,KESARENT,X,,,,,KESAR ENTERPRISES LTD.,6.04,6.04,5.7,5.88,5.88,6.04,,5.88,,,14207,83223.0,58,F1,1,,,,,
2026-07-22,2026-07-22,CM,BSE,STK,507205,INE133E01013,TI,A,,,,,TILAKNAGAR INDUSTRIES LTD.,448.6,451.15,441.0,442.1,442.75,443.55,,441.75,,,13102,5831933.0,393,F1,1,,,,,
2026-07-22,2026-07-22,CM,BSE,STK,507265,INE044N01021,EMERALL,X,,,,,Emerald Leisures Limited,188.0,188.0,167.4,167.75,168.0,177.9,,167.75,,,507,85322.0,15,F1,1,,,,,
2026-07-22,2026-07-22,CM,BSE,STK,507300,INE615A01025,RAVALSUGAR,X,,,,,The Ravalgaon Sugar Farm Limit,970.0,985.0,941.0,970.0,970.0,969.6,,970.0,,,99,96266.0,15,F1,1,,,,,
2026-07-22,2026-07-22,CM,BSE,STK,507315,INE623A01011,SAKHTISUG,B,,,,,SAKTHI SUGARS LTD.,17.45,17.45,17.05,17.05,17.05,17.45,,17.1,,,2573,44128.0,14,F1,1,,,,,
2026-07-22,2026-07-22,CM,BSE,STK,507410,INE711A01022,WALCHANNAG,B,,,,,WALCHANDNAGAR INDUSTRIES LTD.,248.55,248.85,243.05,247.2,246.0,250.45,,246.55,,,35015,8608167.0,615,F1,1,,,,,
2026-07-22,2026-07-22,CM,BSE,STK,507438,INE076C01018,IFBAGRO,T,,,,,IFB AGRO INDUSTRIES LTD.,971.1,986.4,948.55,949.2,948.55,998.45,,947.75,,,722,690906.0,45,F1,1,,,,,
2026-07-22,2026-07-22,CM,BSE,STK,507474,INE991B01010,KFBL,X,,,,,KOTHARI FERMENTATION & BIOCHEM,47.08,47.97,46.01,46.37,46.37,47.66,,46.37,,,3551,166123.0,35,F1,1,,,,,
2026-07-22,2026-07-22,CM,BSE,STK,507486,INE470N01010,CAPRO,X,,,,,CAPROLACTAM CHEMICALS LTD.,49.6,49.83,49.6,49.83,49.83,49.84,,49.83,,,2,99.0,2,F1,1,,,,,
2026-07-22,2026-07-22,CM,BSE,STK,507488,INE075D01018,GMBREW,B,,,,,G.M.BREWERIES LTD.,920.25,920.25,904.0,915.6,916.4,910.95,,915.3,,,2625,2391664.0,127,F1,1,,,,,
2026-07-22,2026-07-22,CM,BSE,STK,507490,INE625B01014,RANASUG,B,,,,,RANA SUGARS LTD.,11.95,11.98,11.75,11.79,11.79,11.9,,11.79,,,14840,175379.0,64,F1,1,,,,,
2026-07-22,2026-07-22,CM,BSE,STK,507498,INE544C01023,PICCASUG,X,,,,,PICCADILY SUGAR & ALLIED INDUS,34.51,34.8,33.68,33.99,34.25,33.83,,33.99,,,2558,86698.0,30,F1,1,,,,,
2026-07-22,2026-07-22,CM,BSE,STK,507514,INE480C01038,SDBL,B,,,,,SOM DISTILLERIES & BREWERIES L,73.57,76.74,71.55,74.36,74.36,72.18,,74.34,,,323776,24112806.0,1538,F1,1,,,,,
2026-07-22,2026-07-22,CM,BSE,STK,507515,INE557D01015,CJGEL,XT,,,,,C.J.GELATINE PRODUCTS LTD.,21.93,23.0,21.93,22.03,23.0,23.08,,22.03,,,11,242.0,2,F1,1,,,,,
2026-07-22,2026-07-22,CM,BSE,STK,507526,INE073G01016,ASALCBR,B,,,,,ASSOCIATED ALCOHOLS & BREWERIE,790.25,797.5,781.6,786.1,781.6,797.7,,784.45,,,1091,862655.0,220,F1,1,,,,,
2026-07-22,2026-07-22,CM,BSE,STK,507552,INE976E01023,FOODSIN,B,,,,,FOODS & INNS LTD.,57.95,58.89,56.42,57.09,56.96,58.05,,57.0,,,6664,383968.0,220,F1,1,,,,,
2026-07-22,2026-07-22,CM,BSE,STK,507580,INE043C01018,IVP,T,,,,,IVP LTD.,155.4,156.5,155.4,156.0,156.0,157.1,,156.82,,,201,31367.0,3,F1,1,,,,,
2026-07-22,2026-07-22,CM,BSE,STK,507598,INE014E01015,KLRFM,X,,,,,KOVILPATTI LAKSHMI ROLLER FLOU,97.8,99.0,96.0,98.6,99.0,97.6,,98.6,,,634,62352.0,21,F1,1,,,,,
2026-07-22,2026-07-22,CM,BSE,STK,507621,INE588G01021,MLKFOOD,X,,,,,MILKFOOD LTD.,67.19,69.89,67.19,67.53,67.85,67.19,,67.53,,,4633,315277.0,71,F1,1,,,,,
2026-07-22,2026-07-22,CM,BSE,STK,507645,INE339F01021,POLSON,X,,,,,POLSON LTD.,10301.5,10484.1,10301.5,10303.2,10303.2,10600.0,,10303.2,,,5,52056.0,5,F1,1,,,,,
2026-07-22,2026-07-22,CM,BSE,STK,507685,INE075A01022,WIPRO,A,,,,,WIPRO LTD.,175.0,175.0,173.45,174.45,174.45,174.85,,174.44,,,224487,39118294.0,4109,F1,1,,,,,
2026-07-22,2026-07-22,CM,BSE,STK,507690,INE247F01018,ORIBEVER,X,,,,,ORIENT BEVERAGES LTD.,179.5,185.0,178.25,180.2,183.55,179.75,,180.2,,,133,24334.0,12,F1,1,,,,,
2026-07-22,2026-07-22,CM,BSE,STK,507717,INE435G01025,DHANUKA,B,,,,,DHANUKA AGRITECH LTD.,1017.95,1018.0,1002.05,1010.6,1013.75,1016.35,,1009.6,,,1786,1801869.0,178,F1,1,,,,,
2026-07-22,2026-07-22,CM,BSE,STK,507747,INE910C01018,TTKHLTCARE,B,,,,,TTK HEALTHCARE LTD.,1029.0,1037.6,999.2,1007.25,1016.0,1028.35,,1006.05,,,823,837112.0,113,F1,1,,,,,
2026-07-22,2026-07-22,CM,BSE,STK,507753,INE284B01028,TGVSL,B,,,,,TGV SRAAC Limited,100.4,101.9,99.95,100.15,100.15,101.15,,100.15,,,37003,3730067.0,483,F1,1,,,,,
2026-07-22,2026-07-22,CM,BSE,STK,507759,INE891G01011,LIMECHM,X,,,,,LIME CHEMICALS LTD.,13.96,13.96,13.96,13.96,13.96,13.96,,13.96,,,510,7119.0,3,F1,1,,,,,
2026-07-22,2026-07-22,CM,BSE,STK,507779,INE694E01014,KANPRPLA,B,,,,,KANPUR PLASTIPACK LTD.,201.05,205.95,201.0,201.05,201.0,203.6,,201.03,,,2453,493219.0,184,F1,1,,,,,
2026-07-22,2026-07-22,CM,BSE,STK,507785,INE123C01018,TAINWALCHM,B,,,,,TAINWALA CHEMICALS & PLASTICS,206.65,212.5,202.85,202.85,202.85,208.6,,203.1,,,253,51577.0,29,F1,1,,,,,
2026-07-22,2026-07-22,CM,BSE,STK,507789,INE048B01035,JAGSNPHARM,B,,,,,JAGSONPAL PHARMACEUTICALS LTD.,221.0,224.25,218.35,219.95,219.6,221.55,,220.17,,,4007,880985.0,154,F1,1,,,,,
2026-07-22,2026-07-22,CM,BSE,STK,507794,INE745B01028,KHAICHEM,T,,,,,KHAITAN CHEMICALS & FERTILIZER,50.49,50.49,47.77,48.01,48.98,49.0,,48.0,,,2905,139600.0,31,F1,1,,,,,
2026-07-22,2026-07-22,CM,BSE,STK,507813,INE296D01010,NOL,X,,,,,NATIONAL OXYGEN LTD.,63.99,63.99,56.1,57.39,57.2,57.35,,57.39,,,1031,59562.0,33,F1,1,,,,,
2026-07-22,2026-07-22,CM,BSE,STK,507815,INE322A01010,GILLETTE,A,,,,,GILLETTE INDIA LTD.,7934.35,7934.35,7810.0,7905.5,7919.5,7898.75,,7909.0,,,493,3875451.0,194,F1,1,,,,,
2026-07-22,2026-07-22,CM,BSE,STK,507828,INE880B01015,ANSALHSG,X,,,,,ANSAL HOUSING LIMITED,6.03,6.14,5.91,5.96,5.91,6.03,,5.96,,,8544,50914.0,62,F1,1,,,,,
2026-07-22,2026-07-22,CM,BSE,STK,507833,INE607B01012,COMPUPN,X,,,,,COMPUTER POINT LTD.,3.6,3.75,3.59,3.61,3.61,3.6,,3.61,,,3723,13829.0,22,F1,1,,,,,
2026-07-22,2026-07-22,CM,BSE,STK,507836,INE435D01014,MCCHRLS-B,B,,,,,MAC CHARLES (INDIA) LTD.,686.3,714.0,686.0,699.8,714.0,707.9,,702.25,,,203,141944.0,31,F1,1,,,,,
2026-07-22,2026-07-22,CM,BSE,STK,507852,INE757C01021,ADDIND,X,,,,,ADDI INDUSTRIES LTD.,81.99,85.9,79.5,80.53,82.7,81.44,,80.53,,,198,16128.0,10,F1,1,,,,,
2026-07-22,2026-07-22,CM,BSE,STK,507864,INE746D01014,PIONRINV,B,,,,,PIONEER INVESTCORP LTD.,98.1,99.98,94.35,95.66,98.7,100.05,,94.84,,,8355,809490.0,126,F1,1,,,,,
2026-07-22,2026-07-22,CM,BSE,STK,507872,INE372I01018,ASHNOOR,X,,,,,ASHNOOR TEXTILE MILLS LTD.,40.0,40.59,38.5,39.52,40.49,38.8,,39.52,,,2138,83737.0,18,F1,1,,,,,
2026-07-22,2026-07-22,CM,BSE,STK,507878,INE694A01020,UNITECH,B,,,,,UNITECH LTD.,4.56,4.59,4.41,4.48,4.48,4.59,,4.48,,,439238,1977370.0,422,F1,1,,,,,
2026-07-22,2026-07-22,CM,BSE,STK,507880,INE054A01027,VIPIND,A,,,,,V.I.P.INDUSTRIES LTD.,298.1,298.1,291.7,293.8,293.3,299.7,,293.0,,,7822,2301747.0,325,F1,1,,,,,
2026-07-22,2026-07-22,CM,BSE,STK,507910,INE296C01020,FIBERWEB,B,,,,,FIBERWEB (INDIA) LTD.,31.0,31.0,30.59,30.8,30.89,31.98,,30.87,,,482,14862.0,30,F1,1,,,,,
2026-07-22,2026-07-22,CM,BSE,STK,507912,INE724A01017,GYFTR,B,,,,,GYFTR LIMITED,146.5,155.0,139.0,152.35,151.45,149.65,,151.71,,,28908,4313460.0,902,F1,1,,,,,
2026-07-22,2026-07-22,CM,BSE,STK,507917,INE706N01017,EASTBUILD,XT,,,,,EAST BUILDTECH LTD.,53.44,53.44,49.78,51.11,52.44,52.39,,51.11,,,3,155.0,3,F1,1,,,,,
2026-07-22,2026-07-22,CM,BSE,STK,507944,INE704G01024,BAJAJST,B,,,,,BAJAJ STEEL INDUSTRIES LTD.,393.6,402.0,390.15,393.05,390.15,397.95,,393.05,,,3349,1324461.0,269,F1,1,,,,,
2026-07-22,2026-07-22,CM,BSE,STK,507946,INE845A01028,KIDUJA,X,,,,,KIDUJA INDIA LTD.,15.14,15.14,14.41,15.14,15.14,15.14,,15.14,,,1088,16471.0,6,F1,1,,,,,
2026-07-22,2026-07-22,CM,BSE,STK,507948,INE130F01016,KEYCORP,X,,,,,KEY CORP LTD.,69.01,72.3,67.31,72.15,72.15,70.59,,72.15,,,489,35206.0,15,F1,1,,,,,
2026-07-22,2026-07-22,CM,BSE,STK,507960,INE621C01011,GUJHOTE,X,,,,,GUJARAT HOTELS LTD.,186.8,188.0,182.4,187.2,185.05,186.85,,187.2,,,461,85753.0,26,F1,1,,,,,
2026-07-22,2026-07-22,CM,BSE,STK,507962,INE455H01021,FYNX,X,,,,,FYNX CAPITAL LIMITED,4.69,4.69,4.46,4.5,4.5,4.69,,4.5,,,14970,67075.0,47,F1,1,,,,,
2026-07-22,2026-07-22,CM,BSE,STK,507966,INE651D01016,RASRESOR,X,,,,,RAS RESORTS & APART HOTELS LTD,54.61,56.5,54.11,56.0,56.0,54.61,,56.0,,,546,30159.0,11,F1,1,,,,,
2026-07-22,2026-07-22,CM,BSE,STK,507970,INE143I01013,PARMCOS-B,X,,,,,PARAMOUNT COSMETICS (INDIA) LT,33.49,33.5,32.01,32.02,32.02,33.49,,32.02,,,239,7886.0,9,F1,1,,,,,
2026-07-22,2026-07-22,CM,BSE,STK,507981,INE726D01016,JINDHOT,X,,,,,JINDAL HOTELS LTD.,64.84,65.0,63.1,63.1,63.1,64.85,,63.1,,,2410,156382.0,17,F1,1,,,,,
2026-07-22,2026-07-22,CM,BSE,STK,507998,INE657D01021,SIMMOND,XT,,,,,SIMMONDS MARSHALL LTD.,184.85,187.7,175.4,183.15,184.5,183.0,,183.15,,,10253,1861889.0,46,F1,1,,,,,
2026-07-22,2026-07-22,CM,BSE,STK,508136,INE489D01011,BNALTD,T,,,,,B & A LTD.,532.0,532.95,490.0,490.0,490.0,507.6,,490.25,,,2956,1453137.0,24,F1,1,,,,,
2026-07-22,2026-07-22,CM,BSE,STK,508486,INE979B01015,HAWKINCOOK,B,,,,,HAWKINS COOKERS LTD.,9199.7,9199.7,8686.05,8757.25,8686.05,8985.95,,8738.5,,,392,3501746.0,163,F1,1,,,,,
2026-07-22,2026-07-22,CM,BSE,STK,508494,INE712A01012,WARRENTEA,X,,,,,WARREN TEA LTD.,49.89,49.89,46.0,47.95,49.36,47.21,,47.95,,,5578,264490.0,46,F1,1,,,,,
2026-07-22,2026-07-22,CM,BSE,STK,508571,INE788M01017,COCHMAL,X,,,,,COCHIN MALABAR ESTATES & INDUS,138.0,138.0,138.0,138.0,138.0,138.0,,138.0,,,50,6900.0,1,F1,1,,,,,
2026-07-22,2026-07-22,CM,BSE,STK,508664,INE553F01035,BESTEAST,XT,,,,,BEST EASTERN HOTELS LTD.,16.51,17.49,16.5,16.7,17.2,17.07,,16.7,,,8671,145247.0,30,F1,1,,,,,
2026-07-22,2026-07-22,CM,BSE,STK,508670,INE605D01012,NEAGI,B,,,,,NEELAMALAI AGRO INDUSTRIES LTD,3090.0,3090.0,3090.0,3090.0,3090.0,3120.0,,3104.5,,,11,33990.0,6,F1,1,,,,,
2026-07-22,2026-07-22,CM,BSE,STK,508807,INE684B01029,ISTLTD,X,,,,,IST LTD.,639.2,639.2,600.0,607.0,607.0,621.05,,607.0,,,3770,2289337.0,103,F1,1,,,,,
2026-07-22,2026-07-22,CM,BSE,STK,508814,INE757A01017,COSMOFIRST,B,,,,,Cosmo First Limited,828.0,871.3,816.3,867.8,865.6,829.2,,865.5,,,6479,5520974.0,436,F1,1,,,,,
2026-07-22,2026-07-22,CM,BSE,STK,508869,INE437A01024,APOLLOHOSP,A,,,,,APOLLO HOSPITALS ENTERPRISE LT,8986.55,8986.55,8866.1,8938.1,8940.0,8920.6,,8938.0,,,56679,504579673.0,1309,F1,1,,,,,
2026-07-22,2026-07-22,CM,BSE,STK,508875,INE861H01020,NITINCAST,X,,,,,Nitin Castings Limited,522.25,570.0,519.0,541.65,541.65,545.95,,541.65,,,337,180253.0,55,F1,1,,,,,
2026-07-22,2026-07-22,CM,BSE,STK,508905,INE641A01013,NEXOME,XT,,,,,NEXOME CAPITAL MARKETS LIMITED,128.1,128.1,117.0,122.25,121.0,122.0,,122.25,,,452,55174.0,24,F1,1,,,,,
2026-07-22,2026-07-22,CM,BSE,STK,508906,INE295A01018,EVERESTIND,T,,,,,EVEREST INDUSTRIES LTD.,480.0,494.0,478.2,490.0,491.65,496.85,,482.95,,,639,306817.0,30,F1,1,,,,,
2026-07-22,2026-07-22,CM,BSE,STK,508918,INE791H01011,IRONWOOD,X,,,,,IRONWOOD EDUCATION LIMITED,51.97,54.64,48.0,51.47,51.5,50.29,,51.47,,,52057,2677754.0,59,F1,1,,,,,
2026-07-22,2026-07-22,CM,BSE,STK,508933,INE193B01039,AYMSYNTEX,B,,,,,AYM Syntex Limited,234.35,239.3,230.0,236.35,236.15,236.95,,236.95,,,1466,338929.0,70,F1,1,,,,,
2026-07-22,2026-07-22,CM,BSE,STK,508941,INE013E01017,PANCARBON,X,,,,,PANASONIC CARBON INDIA CO.LTD.,462.05,464.45,458.0,460.65,460.65,462.55,,460.65,,,1546,711846.0,55,F1,1,,,,,
2026-07-22,2026-07-22,CM,BSE,STK,508954,INE734I01027,FINKURVE,B,,,,,FINKURVE FINANCIAL SERVICES LT,63.04,63.04,61.45,62.09,62.24,62.8,,61.93,,,540,33846.0,20,F1,1,,,,,
2026-07-22,2026-07-22,CM,BSE,STK,508956,INE549B01016,HBLEAS,X,,,,,HB LEASING & FINANCE CO.LTD.,10.87,10.87,10.02,10.49,10.49,10.66,,10.49,,,356,3642.0,14,F1,1,,,,,
2026-07-22,2026-07-22,CM,BSE,STK,508961,INE753D01010,SHRICON,XT,,,,,SHRICON INDUSTRIES LTD.,176.0,194.5,176.0,189.9,190.0,185.25,,189.9,,,433,76440.0,8,F1,1,,,,,
2026-07-22,2026-07-22,CM,BSE,STK,508969,INE673M01029,SULABEN,X,,,,,SULABH ENGINEERS & SERVICES LT,2.82,2.99,2.82,2.92,2.88,2.86,,2.92,,,15392,44843.0,70,F1,1,,,,,
2026-07-22,2026-07-22,CM,BSE,STK,508980,INE977E01013,FRONTCAP,X,,,,,FRONTIER CAPITAL LIMITED,8.33,8.33,7.92,8.23,8.23,8.13,,8.23,,,12921,104056.0,17,F1,1,,,,,
2026-07-22,2026-07-22,CM,BSE,STK,508989,INE060A01024,NAVNETEDUL,B,,,,,NAVNEET EDUCATION LIMITED,144.05,145.2,143.45,143.8,143.8,146.0,,144.18,,,3032,436445.0,85,F1,1,,,,,
2026-07-22,2026-07-22,CM,BSE,STK,509009,INE218C01016,AUSOMENT,T,,,,,AUSOM ENTERPRISE LIMITED,133.8,133.8,133.2,133.2,133.2,133.95,,128.02,,,66,8809.0,4,F1,1,,,,,
2026-07-22,2026-07-22,CM,BSE,STK,509015,INE190F01028,THAKRAL,X,,,,,THAKRAL SERVICES (INDIA) LTD.,16.31,16.31,16.09,16.09,16.09,15.54,,16.09,,,51,820.0,4,F1,1,,,,,
2026-07-22,2026-07-22,CM,BSE,STK,509020,INE413B01023,RUCHINFRA,B,,,,,RUCHI INFRASTRUCTURE LTD.,6.09,6.2,5.92,5.93,6.0,6.09,,5.91,,,3219,19243.0,40,F1,1,,,,,
2026-07-22,2026-07-22,CM,BSE,STK,509024,INE088E01019,GOLDLEG,X,,,,,GOLDEN LEGAND LEASING & FINANC,8.51,8.99,8.44,8.7,8.72,8.6,,8.7,,,11758,101393.0,68,F1,1,,,,,
2026-07-22,2026-07-22,CM,BSE,STK,509026,INE117F01013,VJTFEDU,X,,,,,VJTF EDUSERVICES LTD.,71.4,71.4,62.0,70.89,70.89,71.4,,70.89,,,236,15237.0,9,F1,1,,,,,
2026-07-22,2026-07-22,CM,BSE,STK,509038,INE763D01019,VOLLF,X,,,,,VOLTAIRE LEASING & FINANCE LTD,15.49,16.25,14.72,14.75,14.72,15.49,,14.75,,,2044,31730.0,18,F1,1,,,,,
2026-07-22,2026-07-22,CM,BSE,STK,509040,INE040F01033,NETLINK,X,,,,,NETLINK SOLUTIONS (INDIA) LTD.,178.0,182.8,171.0,174.95,180.0,176.0,,174.95,,,905,157018.0,45,F1,1,,,,,
2026-07-22,2026-07-22,CM,BSE,STK,509046,INE778N01016,TRILIANCE,XT,,,,,TRILIANCE POLYMERS LIMITED,43.6,43.6,43.5,43.5,43.5,43.53,,43.5,,,51,2218.0,2,F1,1,,,,,
2026-07-22,2026-07-22,CM,BSE,STK,509048,INE572G01025,LANCORHOL,B,,,,,LANCOR HOLDINGS LTD.,24.84,24.9,24.08,24.4,24.4,24.86,,24.85,,,5637,136837.0,39,F1,1,,,,,
2026-07-22,2026-07-22,CM,BSE,STK,509051,INE300B01022,INDINFO,X,,,,,INDIAN INFOTECH & SOFTWARE LTD,0.58,0.6,0.56,0.58,0.58,0.58,,0.58,,,2069671,1199613.0,660,F1,1,,,,,
2026-07-22,2026-07-22,CM,BSE,STK,509053,INE521L01030,BANASFN,X,,,,,BANAS FINANCE LTD.,7.0,7.22,6.9,6.96,7.05,7.08,,6.96,,,14856,104147.0,50,F1,1,,,,,
2026-07-22,2026-07-22,CM,BSE,STK,509055,INE392A01021,VISAKAIND,B,,,,,VISAKA INDUSTRIES LTD.,80.23,84.5,79.31,80.1,79.89,81.12,,79.98,,,26287,2158517.0,297,F1,1,,,,,
2026-07-22,2026-07-22,CM,BSE,STK,509069,INE669A01022,INFOMEDIA,B,,,,,INFOMEDIA PRESS LTD.,5.46,5.46,5.46,5.46,5.46,5.51,,5.62,,,1000,5460.0,1,F1,1,,,,,
2026-07-22,2026-07-22,CM,BSE,STK,509073,INE525B01016,HATHWAYB,X,,,,,HATHWAY BHAWANI CABLETEL & DAT,11.0,11.5,11.0,11.25,11.25,11.0,,11.25,,,61,676.0,5,F1,1,,,,,
2026-07-22,2026-07-22,CM,BSE,STK,509079,INE742B01025,GUFICBIO,B,,,,,GUFIC BIOSCIENCES LTD.,393.05,393.1,383.0,386.25,383.0,398.1,,386.35,,,3742,1444291.0,190,F1,1,,,,,
2026-07-22,2026-07-22,CM,BSE,STK,509152,INE137I01015,GRPLTD,B,,,,,GRP LTD.,1917.0,1917.0,1881.2,1891.3,1893.1,1945.95,,1889.2,,,2863,5421523.0,15,F1,1,,,,,
2026-07-22,2026-07-22,CM,BSE,STK,509162,INE802D01023,INDAG,XT,,,,,INDAG RUBBER LTD.,96.9,96.9,93.6,95.0,95.0,95.0,,95.0,,,1202,114452.0,30,F1,1,,,,,
2026-07-22,2026-07-22,CM,BSE,STK,509196,INE159E01026,MMRUBBR-B,X,,,,,MM RUBBER COMPANY LTD.,52.7,53.49,50.51,53.47,53.49,52.9,,53.47,,,2301,118986.0,19,F1,1,,,,,
2026-07-22,2026-07-22,CM,BSE,STK,509220,INE034D01049,PTL,B,,,,,PTL ENTERPRISES LTD.,39.0,40.29,38.65,39.76,39.69,39.71,,39.58,,,11279,446460.0,105,F1,1,,,,,
2026-07-22,2026-07-22,CM,BSE,STK,509243,INE421C01016,TVSSRICHAK,B,,,,,TVS SRICHAKRA LTD.,4000.0,4010.5,3950.0,3960.7,3965.0,4017.65,,3957.0,,,268,1063014.0,92,F1,1,,,,,
2026-07-22,2026-07-22,CM,BSE,STK,509438,INE664D01019,BENARAS,B,,,,,BENARES HOTELS LTD.,10139.95,10298.95,10139.95,10259.85,10298.95,10200.15,,10259.85,,,165,1687781.0,82,F1,1,,,,,
2026-07-22,2026-07-22,CM,BSE,STK,509449,INE026I01010,BHAGWOX,X,,,,,BHAGWATI OXYGEN LTD.,38.26,38.26,38.19,38.2,38.2,36.45,,38.2,,,298,11390.0,6,F1,1,,,,,
2026-07-22,2026-07-22,CM,BSE,STK,509470,INE01TL01014,BOMOXY-B1,X,,,,,BOMBAY OXYGEN INVESTMENTS LIMI,19420.0,19420.0,19122.0,19400.0,19400.0,19082.7,,19400.0,,,3,57942.0,3,F1,1,,,,,
2026-07-22,2026-07-22,CM,BSE,STK,509472,INE145E01017,CRAVATEX,X,,,,,CRAVATEX LTD.,429.9,435.8,410.0,423.95,427.0,422.8,,423.95,,,11016,4669457.0,288,F1,1,,,,,
2026-07-22,2026-07-22,CM,BSE,STK,509480,INE463A01038,BERGEPAINT,A,,,,,BERGER PAINTS INDIA LTD.,505.85,507.0,495.45,496.2,496.25,506.6,,496.45,,,12148,6061755.0,594,F1,1,,,,,
2026-07-22,2026-07-22,CM,BSE,STK,509486,INE479A01018,CAPRIHANS,X,,,,,CAPRIHANS INDIA LTD.,76.42,77.65,74.0,74.48,74.95,76.42,,74.48,,,1984,148807.0,35,F1,1,,,,,
2026-07-22,2026-07-22,CM,BSE,STK,509488,INE371A01025,GRAPHITE,A,,,,,GRAPHITE INDIA LTD.,639.35,639.35,622.2,629.8,629.0,635.7,,629.55,,,25291,15885901.0,726,F1,1,,,,,
2026-07-22,2026-07-22,CM,BSE,STK,509496,INE686A01026,CEMPRO,A,,,,,Cemindia Projects Limited,1608.4,1643.2,1557.75,1596.8,1596.8,1639.7,,1596.6,,,70857,111950392.0,2750,F1,1,,,,,
2026-07-22,2026-07-22,CM,BSE,STK,509525,INE515H01014,EMPIND,X,,,,,EMPIRE INDUSTRIES LTD.,1004.0,1035.05,1004.0,1031.85,1030.0,1018.25,,1031.85,,,839,860021.0,51,F1,1,,,,,
2026-07-22,2026-07-22,CM,BSE,STK,509546,INE214F01026,GRAVISSHO,B,,,,,GRAVISS HOSPITALITY LIMITED,30.85,30.85,30.0,30.0,30.0,30.89,,29.95,,,229,6979.0,6,F1,1,,,,,
2026-07-22,2026-07-22,CM,BSE,STK,509557,INE276A01018,GARFIBRES,A,,,,,GARWARE TECHNICAL FIBRES LIMIT,785.2,785.2,752.0,759.7,752.0,778.35,,757.95,,,3058,2332276.0,295,F1,1,,,,,
2026-07-22,2026-07-22,CM,BSE,STK,509563,INE925D01014,GARWAMAR,X,,,,,GARWARE MARINE INDUSTRIES LTD.,21.56,21.88,21.0,21.46,21.46,21.56,,21.46,,,1898,40529.0,59,F1,1,,,,,
2026-07-22,2026-07-22,CM,BSE,STK,509567,INE426D01013,GOACARBON,B,,,,,GOA CARBON LTD.,364.0,375.95,356.0,367.05,367.05,368.0,,370.35,,,1156,418779.0,82,F1,1,,,,,
2026-07-22,2026-07-22,CM,BSE,STK,509597,INE722D01015,HARDCAS,X,,,,,HARDCASTLE & WAUD MFG.CO.LTD.,858.0,884.65,858.0,869.7,869.7,858.15,,869.7,,,38,32968.0,7,F1,1,,,,,
2026-07-22,2026-07-22,CM,BSE,STK,509631,INE545A01024,HEG,A,,,,,HEG LTD.,603.75,606.1,594.55,598.65,599.1,604.95,,598.85,,,47376,28427227.0,1405,F1,1,,,,,
2026-07-22,2026-07-22,CM,BSE,STK,509635,INE310C01029,HINDCOMPOS,B,,,,,HINDUSTAN COMPOSITES LTD.,449.0,449.0,432.0,432.7,432.0,440.6,,432.95,,,112,49035.0,41,F1,1,,,,,
2026-07-22,2026-07-22,CM,BSE,STK,509675,INE557A01011,BIRLANU,B,,,,,BIRLANU LIMITED,1339.95,1370.0,1328.85,1341.3,1340.0,1345.55,,1341.2,,,379,507219.0,86,F1,1,,,,,
2026-07-22,2026-07-22,CM,BSE,STK,509692,INE061A01014,INDIANCARD,B,,,,,INDIAN CARD CLOTHING CO.LTD.,222.25,222.25,214.15,214.15,214.15,221.05,,223.42,,,517,113135.0,15,F1,1,,,,,
2026-07-22,2026-07-22,CM,BSE,STK,509709,INE575C01027,INTLCONV,B,,,,,INTERNATIONAL CONVEYORS LTD.,79.0,79.0,76.5,76.89,77.12,76.6,,76.62,,,1000,76914.0,62,F1,1,,,,,
2026-07-22,2026-07-22,CM,BSE,STK,509715,INE364A01020,JAYSREETEA,B,,,,,JAY SHREE TEA & INDUSTRIES LTD,81.13,81.35,81.0,81.02,81.0,81.13,,81.07,,,1480,119895.0,91,F1,1,,,,,
2026-07-22,2026-07-22,CM,BSE,STK,509732,INE972A01020,KOTIC,B,,,,,KOTHARI INDUSTRIAL CORPORATION,168.45,168.95,164.6,168.0,168.0,168.45,,167.92,,,1014,168949.0,48,F1,1,,,,,
2026-07-22,2026-07-22,CM,BSE,STK,509760,INE370A01019,MODRNSH,X,,,,,MODERN SHARES & STOCKBROKERS L,35.5,35.5,32.61,32.61,32.61,32.43,,32.61,,,1405,49099.0,11,F1,1,,,,,
2026-07-22,2026-07-22,CM,BSE,STK,509762,INE848M01019,MAPROIN,X,,,,,MAPRO INDUSTRIES LTD.,40.09,40.09,40.09,40.09,40.09,38.19,,40.09,,,16505,661685.0,33,F1,1,,,,,
2026-07-22,2026-07-22,CM,BSE,STK,509820,INE275B01026,HUHTAMAKI,B,,,,,HUHTAMAKI INDIA LIMITED,268.05,307.95,268.05,292.15,292.15,264.3,,291.98,,,1127393,330794545.0,61304,F1,1,,,,,
2026-07-22,2026-07-22,CM,BSE,STK,509835,INE940N01012,PREMSYN,X,,,,,PREMIER SYNTHETICS LTD.,16.0,16.5,16.0,16.5,16.5,16.7,,16.5,,,73,1171.0,4,F1,1,,,,,
2026-07-22,2026-07-22,CM,BSE,STK,509874,INE849C01026,SHALPAINTS,B,,,,,SHALIMAR PAINTS LTD.,70.41,70.96,65.0,67.07,66.86,70.3,,67.06,,,61665,4156396.0,816,F1,1,,,,,
2026-07-22,2026-07-22,CM,BSE,STK,509887,INE896E01023,SINNAR,XT,,,,,SINNAR BIDI UDYOG LTD.,688.0,688.0,688.0,688.0,688.0,724.0,,688.0,,,2,1376.0,2,F1,1,,,,,
2026-07-22,2026-07-22,CM,BSE,STK,509895,INE832D01020,HINDMILL,X,,,,,HINDOOSTAN MILLS LTD.,164.95,164.95,164.9,164.9,164.9,166.5,,164.9,,,7,1154.0,4,F1,1,,,,,
2026-07-22,2026-07-22,CM,BSE,STK,509930,INE195A01028,SUPREMEIND,A,,,,,SUPREME INDUSTRIES LTD.,3423.85,3463.0,3367.05,3450.95,3450.95,3400.45,,3452.8,,,4056,13847103.0,1006,F1,1,,,,,
2026-07-22,2026-07-22,CM,BSE,STK,509953,INE961E01017,TRADWIN,XT,,,,,TRADE WINGS LTD.,646.85,646.9,585.3,605.0,605.0,616.1,,605.0,,,240,153330.0,13,F1,1,,,,,
2026-07-22,2026-07-22,CM,BSE,STK,509960,INE726E01014,UPHOT,X,,,,,U.P.HOTELS LTD.,1400.0,1470.0,1400.0,1466.8,1402.55,1400.0,,1466.8,,,172,251625.0,13,F1,1,,,,,
2026-07-22,2026-07-22,CM,BSE,STK,509966,INE710A01016,VSTIND,B,,,,,VST INDUSTRIES LTD.,235.1,235.1,230.55,232.1,232.1,233.85,,232.2,,,8566,1983673.0,252,F1,1,,,,,
2026-07-22,2026-07-22,CM,BSE,STK,510245,INE804A01025,SWASTIVI,X,,,,,SWASTI VINAYAKA SYNTHETICS LTD,3.67,3.9,3.67,3.69,3.7,3.68,,3.69,,,12483,46514.0,57,F1,1,,,,,
2026-07-22,2026-07-22,CM,BSE,STK,511000,INE856D01011,MSLGLOBAL,X,,,,,MSL GLOBAL LIMITED,15.85,16.29,15.85,16.29,16.29,15.95,,16.29,,,100,1611.0,4,F1,1,,,,,
2026-07-22,2026-07-22,CM,BSE,STK,511012,INE457N01025,YAMNINV,XT,,,,,YAMINI INVESTMENTS COMPANY LTD,0.61,0.64,0.6,0.62,0.63,0.61,,0.62,,,358377,221158.0,243,F1,1,,,,,
2026-07-22,2026-07-22,CM,BSE,STK,511016,INE946K01023,PREMCAP,XT,,,,,PREMIER CAPITAL SERVICES LTD.,5.03,5.17,5.03,5.17,5.17,4.93,,5.17,,,344,1739.0,4,F1,1,,,,,
2026-07-22,2026-07-22,CM,BSE,STK,511018,INE679T01013,ZMILGFIN,X,,,,,MILGREY FINANCE & INVESTMENT L,41.38,42.5,40.16,41.27,41.27,41.39,,41.27,,,16378,671756.0,81,F1,1,,,,,
2026-07-22,2026-07-22,CM,BSE,STK,511034,INE742C01031,JINDRILL,B,,,,,JINDAL DRILLING & INDUSTRIES L,590.25,593.6,581.45,590.85,590.85,594.2,,590.0,,,7818,4589700.0,336,F1,1,,,,,
2026-07-22,2026-07-22,CM,BSE,STK,511066,INE302E01014,SAKTHIFIN,X,,,,,SAKTHI FINANCE LTD.,28.74,28.74,27.5,28.34,28.34,28.15,,28.34,,,1521,42506.0,41,F1,1,,,,,
2026-07-22,2026-07-22,CM,BSE,STK,511076,INE065D01027,AEROENTER,B,,,,,AEROFLEX ENTERPRISES LIMITED,118.85,119.75,116.2,116.5,117.9,119.6,,116.48,,,21040,2467182.0,307,F1,1,,,,,
2026-07-22,2026-07-22,CM,BSE,STK,511092,INE047E01031,JMDVL,XT,,,,,JMD Ventures Limited,8.83,8.83,8.39,8.39,8.39,8.83,,8.39,,,37448,316390.0,35,F1,1,,,,,
2026-07-22,2026-07-22,CM,BSE,STK,511108,INE705C01020,SHIVATEX,B,,,,,SHIVA TEXYARN LTD.,160.0,160.0,156.8,156.8,156.8,160.0,,150.13,,,14,2233.0,5,F1,1,,,,,
2026-07-22,2026-07-22,CM,BSE,STK,511110,INE848D01018,VBDESAI,X,,,,,V.B.DESAI FINANCIAL SERVICES L,16.98,16.98,16.98,16.98,16.98,17.01,,16.98,,,100,1698.0,2,F1,1,,,,,
2026-07-22,2026-07-22,CM,BSE,STK,511122,INE609B01018,1STCUS,X,,,,,FIRST CUSTODIAN FUND (INDIA) L,68.4,68.4,68.29,68.29,68.29,68.8,,68.29,,,4,273.0,3,F1,1,,,,,
2026-07-22,2026-07-22,CM,BSE,STK,511131,INE344D01018,KAMANWALA,X,,,,,KAMANWALA HOUSING CONSTRUCTION,15.65,15.65,15.0,15.6,15.6,15.65,,15.6,,,4070,61504.0,14,F1,1,,,,,
2026-07-22,2026-07-22,CM,BSE,STK,511147,INE549D01012,WSFX,X,,,,,WSFX Global Pay Limited,63.0,66.0,63.0,65.07,63.2,62.99,,65.07,,,4323,279529.0,43,F1,1,,,,,
2026-07-22,2026-07-22,CM,BSE,STK,511153,INE096I01021,ANJANIFOODS,XT,,,,,Anjani Foods Limited,21.08,22.13,20.03,21.49,21.49,21.08,,21.49,,,11874,251918.0,163,F1,1,,,,,
2026-07-22,2026-07-22,CM,BSE,STK,511169,INE552N01023,RKDAGRRTL,XT,,,,,RKD AGRI AND RETAIL LIMITED,5.6,5.6,5.6,5.6,5.6,5.62,,5.6,,,15,84.0,1,F1,1,,,,,
2026-07-22,2026-07-22,CM,BSE,STK,511176,INE635I01018,PARSHWANA,X,,,,,PARSHWANATH CORPORATION LTD.,75.49,75.49,74.9,74.9,74.9,71.9,,74.9,,,81,6080.0,6,F1,1,,,,,
2026-07-22,2026-07-22,CM,BSE,STK,511187,INE570N01025,MILLENNIUM,X,,,,,Millennium Online Solutions (I,1.78,1.78,1.7,1.78,1.78,1.78,,1.78,,,34,59.0,4,F1,1,,,,,
2026-07-22,2026-07-22,CM,BSE,STK,511194,INE613B01010,ICDSLTD,B,,,,,ICDS LTD.,39.27,40.6,38.82,38.82,38.82,41.56,,39.16,,,126,4938.0,17,F1,1,,,,,
2026-07-22,2026-07-22,CM,BSE,STK,511196,INE477A01020,CANFINHOME,A,,,,,CAN FIN HOMES LTD.,836.8,836.8,807.6,819.6,818.0,832.15,,819.8,,,14981,12303047.0,1196,F1,1,,,,,
2026-07-22,2026-07-22,CM,BSE,STK,511208,INE050B01023,IVC,B,,,,,IL&FS INVESTMENT MANAGERS LTD.,8.35,8.35,8.2,8.27,8.29,8.32,,8.26,,,31535,259931.0,142,F1,1,,,,,
2026-07-22,2026-07-22,CM,BSE,STK,511218,INE721A01047,SHRIRAMFIN,A,,,,,Shriram Finance Limited,1059.3,1065.0,1047.0,1059.0,1056.4,1061.8,,1058.8,,,281322,296386429.0,8309,F1,1,,,,,
2026-07-22,2026-07-22,CM,BSE,STK,511243,INE121A01024,CHOLAFIN,A,,,,,CHOLAMANDALAM INVESTMENT AND F,1782.9,1782.9,1725.35,1728.65,1731.5,1757.95,,1728.0,,,183560,319285176.0,3681,F1,1,,,,,
2026-07-22,2026-07-22,CM,BSE,STK,511246,INE910D01024,BOMTALKIES,X,,,,,BOMBAY TALKIES LIMITED,3.13,3.28,3.12,3.12,3.12,3.13,,3.12,,,1020,3185.0,11,F1,1,,,,,
2026-07-22,2026-07-22,CM,BSE,STK,511260,INE088P01015,ICONIKSPEV,X,,,,,ICONIK SPORTS AND EVENTS LIMIT,37.45,37.45,33.98,33.98,33.98,35.76,,33.98,,,109733,3766270.0,6034,F1,1,,,,,
2026-07-22,2026-07-22,CM,BSE,STK,511333,INE709A01018,VLSFINANCE,B,,,,,VLS FINANCE LTD.,259.0,259.0,253.85,255.7,257.65,258.8,,256.35,,,1398,356608.0,55,F1,1,,,,,
2026-07-22,2026-07-22,CM,BSE,STK,511355,INE429D01017,INDCEMCAP,XT,,,,,INDIA CEMENTS CAPITAL LTD.,18.78,18.78,18.78,18.78,18.78,17.89,,18.78,,,7768,145883.0,27,F1,1,,,,,
2026-07-22,2026-07-22,CM,BSE,STK,511359,INE556D01017,ADMANUM,X,,,,,AD-MANUM FINANCE LTD.,58.0,60.99,57.6,57.6,57.6,58.5,,57.6,,,203,11742.0,6,F1,1,,,,,
2026-07-22,2026-07-22,CM,BSE,STK,511377,INE240B01012,MEHIF,X,,,,,MEHTA INTEGRATED FINANCE LTD.,27.0,27.0,27.0,27.0,27.0,27.55,,27.0,,,5,135.0,1,F1,1,,,,,
2026-07-22,2026-07-22,CM,BSE,STK,511391,INE661M01016,INTRGLB,X,,,,,INTER GLOBE FINANCE LTD.,70.69,70.69,63.97,63.97,63.97,67.33,,63.97,,,19,1222.0,4,F1,1,,,,,
2026-07-22,2026-07-22,CM,BSE,STK,511401,INE410E01015,MCLTD,X,,,,,MUNOTH COMMUNICATION LIMITED,4.54,4.54,4.54,4.54,4.54,4.77,,4.54,,,20,90.0,2,F1,1,,,,,
2026-07-22,2026-07-22,CM,BSE,STK,511411,INE472C01027,SHRISTI,X,,,,,SHRISTI INFRASTRUCTURE DEVELOP,32.96,32.96,28.25,30.4,30.87,29.97,,30.4,,,69,2147.0,9,F1,1,,,,,
2026-07-22,2026-07-22,CM,BSE,STK,511413,INE559D01011,CREST,B,,,,,CREST,369.5,374.95,366.9,372.8,374.95,370.0,,376.25,,,38,14062.0,12,F1,1,,,,,
2026-07-22,2026-07-22,CM,BSE,STK,511431,INE051B01021,VAKRANGEE,B,,,,,VAKRANGEE LIMITED,6.05,6.05,5.76,5.82,5.8,5.87,,5.81,,,98582,571434.0,1310,F1,1,,,,,
2026-07-22,2026-07-22,CM,BSE,STK,511441,INE034B01019,GUJCRED,X,,,,,GUJARAT CREDIT CORPORATION LTD,23.0,23.1,23.0,23.05,23.05,23.75,,23.05,,,4607,106186.0,5,F1,1,,,,,
2026-07-22,2026-07-22,CM,BSE,STK,511447,INE706F01021,SYLPH,X,,,,,Sylph Industries Limited,0.26,0.27,0.25,0.26,0.26,0.26,,0.26,,,8767262,2274862.0,725,F1,1,,,,,
2026-07-22,2026-07-22,CM,BSE,STK,511451,INE899D01011,DHARFIN,XT,,,,,DHARANI FINANCE LTD.,13.0,13.0,13.0,13.0,13.0,13.0,,13.0,,,64,832.0,3,F1,1,,,,,
2026-07-22,2026-07-22,CM,BSE,STK,511463,INE191N01012,ALEXANDER,X,,,,,Alexander Stamps And Coin Limi,7.74,7.74,7.45,7.45,7.45,7.79,,7.45,,,3241,24761.0,9,F1,1,,,,,
2026-07-22,2026-07-22,CM,BSE,STK,511473,INE841B01017,INDBANK,B,,,,,INDBANK MERCHANT BANKING SERVI,33.4,33.47,32.6,32.72,32.8,33.04,,32.66,,,2584,84743.0,51,F1,1,,,,,
2026-07-22,2026-07-22,CM,BSE,STK,511493,INE488C01015,SHRYDUS,XT,,,,,SHRYDUS INDUSTRIES LIMITED,5.61,5.61,5.46,5.61,5.61,5.35,,5.61,,,376223,2108236.0,120,F1,1,,,,,
2026-07-22,2026-07-22,CM,BSE,STK,511501,INE900A01013,BHARAT,X,,,,,Bharat Bhushan Finance & Commo,24.27,24.47,23.56,23.62,24.44,24.27,,23.62,,,1696,41054.0,35,F1,1,,,,,
2026-07-22,2026-07-22,CM,BSE,STK,511505,INE707C01018,CAPTRUST,B,,,,,CAPITAL TRUST LTD.,15.0,15.07,15.0,15.07,15.07,14.36,,15.4,,,514,7738.0,9,F1,1,,,,,
2026-07-22,2026-07-22,CM,BSE,STK,511507,INE697C01011,USHAKIRA,X,,,,,USHAKIRAN FINANCE LTD.,29.0,30.5,27.61,30.5,30.5,29.05,,30.5,,,1758,49352.0,8,F1,1,,,,,
2026-07-22,2026-07-22,CM,BSE,STK,511509,INE380K01017,VIVOBIOT,X,,,,,VIVO BIO TECH LTD.,23.5,23.9,23.15,23.18,23.17,23.48,,23.18,,,17488,405773.0,75,F1,1,,,,,
2026-07-22,2026-07-22,CM,BSE,STK,511523,INE882C01035,VEERHEALTH,XT,,,,,VEERHEALTH CARE LIMITED,41.5,41.5,40.1,41.1,41.0,41.16,,41.1,,,83692,3445304.0,283,F1,1,,,,,
2026-07-22,2026-07-22,CM,BSE,STK,511525,INE376A01032,PANINDIAC,X,,,,,PAN INDIA CORPORATION LTD.,1.67,1.69,1.63,1.67,1.66,1.68,,1.67,,,30347,50596.0,107,F1,1,,,,,
2026-07-22,2026-07-22,CM,BSE,STK,511533,INE135C01012,SAHARAHOUS,X,,,,,SAHARA HOUSINGFINA CORPORATION,40.74,40.74,39.32,40.19,40.19,40.0,,40.19,,,2732,108753.0,28,F1,1,,,,,
2026-07-22,2026-07-22,CM,BSE,STK,511535,INE026C01013,NDASEC,X,,,,,NDA SECURITIES LTD.,30.14,31.49,29.25,30.82,31.49,29.55,,30.82,,,383,11632.0,23,F1,1,,,,,
2026-07-22,2026-07-22,CM,BSE,STK,511539,INE533B01028,SUPRATRE,X,,,,,Supra Trends Limited,13.95,14.0,13.94,13.94,13.94,13.95,,13.94,,,106,1479.0,5,F1,1,,,,,
2026-07-22,2026-07-22,CM,BSE,STK,511543,INE777C01011,GSBFIN,X,,,,,GSB FINANCE LTD.,46.37,47.73,44.15,45.0,45.0,45.46,,45.0,,,3181,147571.0,39,F1,1,,,,,
2026-07-22,2026-07-22,CM,BSE,STK,511549,INE367A01015,MORARKFI,X,,,,,MORARKA FINANCE LTD.,66.0,73.86,62.3,64.17,63.0,64.35,,64.17,,,20323,1370591.0,208,F1,1,,,,,
2026-07-22,2026-07-22,CM,BSE,STK,511551,INE903D01011,MONARCH,B,,,,,Monarch Networth Capital Limit,364.85,364.85,353.4,356.8,357.35,359.55,,356.35,,,748,265988.0,42,F1,1,,,,,
2026-07-22,2026-07-22,CM,BSE,STK,511557,INE732K01027,PROFINC,Z,,,,,PRO FIN CAPITAL SERVICES LTD.,2.55,2.76,2.51,2.76,2.76,2.63,,2.76,,,4767772,13000743.0,468,F1,1,,,,,
2026-07-22,2026-07-22,CM,BSE,STK,511559,INE289C01025,TEAMGTY,B,,,,,TEAM INDIA GUARANTY LIMITED,223.55,247.0,218.4,225.0,225.0,236.5,,222.38,,,412,95963.0,35,F1,1,,,,,
2026-07-22,2026-07-22,CM,BSE,STK,511571,INE754C01010,CRESCENTIS,X,,,,,Crescentis Capital Limited,110.8,110.8,107.0,109.8,109.8,109.75,,109.8,,,456,48917.0,14,F1,1,,,,,
2026-07-22,2026-07-22,CM,BSE,STK,511577,INE304E01010,MANTRA,X,,,,,Mantra Capital Limited,16.81,18.51,15.99,17.36,17.36,15.43,,17.36,,,52618,921141.0,74,F1,1,,,,,
2026-07-22,2026-07-22,CM,BSE,STK,511585,INE425F01028,BEFOUNDMOL,X,,,,,BEFOUND MOVEMENT LIMITED,3.48,3.48,3.23,3.23,3.23,3.39,,3.23,,,11,35.0,2,F1,1,,,,,
2026-07-22,2026-07-22,CM,BSE,STK,511589,INE323B01024,AVONMORE,B,,,,,AVONMORE CAPITAL & MANAGEMENT,9.92,9.98,9.69,9.73,9.73,9.69,,9.7,,,5248,51251.0,123,F1,1,,,,,
2026-07-22,2026-07-22,CM,BSE,STK,511593,INE212B01011,LIBORDFIN,X,,,,,LIBORD FINANCE LTD,17.36,17.99,17.01,17.99,17.99,17.36,,17.99,,,3,52.0,3,F1,1,,,,,
2026-07-22,2026-07-22,CM,BSE,STK,511601,INE216B01012,YASHMGM,X,,,,,YASH MANAGEMENT & SATELLITE LT,9.45,9.63,9.1,9.48,9.63,9.52,,9.48,,,152,1443.0,8,F1,1,,,,,
2026-07-22,2026-07-22,CM,BSE,STK,511605,INE420B01036,ARIHANTCAP,B,,,,,ARIHANT CAPITAL MARKETS LTD.,78.49,78.73,76.64,76.92,76.99,78.28,,77.12,,,12747,989285.0,166,F1,1,,,,,
2026-07-22,2026-07-22,CM,BSE,STK,511609,INE569B01022,ISLCONSUL,X,,,,,ISL CONSULTING LTD.,17.56,17.85,15.88,15.95,15.95,16.57,,15.95,,,775,12950.0,14,F1,1,,,,,
2026-07-22,2026-07-22,CM,BSE,STK,511611,INE891B01012,DCMFINSERV,T,,,,,DCM FINANCIAL SERVICES LTD.,4.96,5.14,4.96,5.14,5.14,5.19,,5.07,,,511,2556.0,10,F1,1,,,,,
2026-07-22,2026-07-22,CM,BSE,STK,511626,INE229D01011,RRFIN,XT,,,,,RR FINANCIAL CONSULTANTS LTD.,83.5,83.5,78.85,81.59,81.59,83.0,,81.59,,,1091,88172.0,48,F1,1,,,,,
2026-07-22,2026-07-22,CM,BSE,STK,511628,INE417D01020,FEDDERSHOL,B,,,,,FEDDERS HOLDING LIMITED,52.78,53.46,47.1,51.33,51.33,51.83,,51.51,,,1083323,55334275.0,3060,F1,1,,,,,
2026-07-22,2026-07-22,CM,BSE,STK,511630,INE699B01027,SAMBHAAV,B,,,,,SAMBHAAV MEDIA LTD.,6.02,6.23,6.02,6.07,6.07,6.06,,6.07,,,4228,25665.0,13,F1,1,,,,,
2026-07-22,2026-07-22,CM,BSE,STK,511636,INE234E01027,DJSSS,X,,,,,DJS STOCK & SHARES LTD.,1.74,1.74,1.66,1.68,1.68,1.73,,1.68,,,13449,23065.0,56,F1,1,,,,,
2026-07-22,2026-07-22,CM,BSE,STK,511644,INE113B01037,OMEGAIN,X,,,,,OMEGA INTERACTIVE TECHNOLOGIES,47.72,47.72,47.71,47.72,47.72,45.45,,47.72,,,677018,32306528.0,2609,F1,1,,,,,
2026-07-22,2026-07-22,CM,BSE,STK,511654,INE309D01011,SUGALDAM,X,,,,,SUGAL & DAMANI SHARE BROKERS L,62.0,62.0,62.0,62.0,62.0,62.0,,62.0,,,2167,134354.0,14,F1,1,,,,,
2026-07-22,2026-07-22,CM,BSE,STK,511658,INE027D01019,NETTLINX,X,,,,,NETTLINX LTD.,14.88,15.0,14.61,14.95,14.9,14.88,,14.95,,,7383,109713.0,44,F1,1,,,,,
2026-07-22,2026-07-22,CM,BSE,STK,511664,INE443D01018,BGIL,X,,,,,BGIL FILMS & TECHNOLOGIES LTD.,8.24,8.24,7.5,7.5,7.5,7.89,,7.5,,,49686,379421.0,129,F1,1,,,,,
2026-07-22,2026-07-22,CM,BSE,STK,511672,INE099G01011,SCANSTL,B,,,,,Scan Steels Limited,46.71,48.45,45.57,47.47,47.4,47.33,,47.94,,,22011,1025460.0,204,F1,1,,,,,
2026-07-22,2026-07-22,CM,BSE,STK,511676,INE289B01019,GICHSGFIN,B,,,,,GIC HOUSING FINANCE LTD.,148.25,148.9,146.7,148.35,148.25,149.0,,148.4,,,4669,688118.0,99,F1,1,,,,,
2026-07-22,2026-07-22,CM,BSE,STK,511692,INE759C01027,AJCON,X,,,,,AJCON GLOBAL SERVICES LTD.,5.99,5.99,5.6,5.66,5.7,6.04,,5.66,,,18153,103499.0,75,F1,1,,,,,
2026-07-22,2026-07-22,CM,BSE,STK,511700,INE625D01028,STANCAP,X,,,,,STANDARD CAPITAL MARKETS LTD.,0.41,0.42,0.4,0.41,0.41,0.41,,0.41,,,8634671,3536337.0,977,F1,1,,,,,
2026-07-22,2026-07-22,CM,BSE,STK,511702,INE290E01011,YOGI,X,,,,,YOGI LIMITED,172.5,172.5,166.0,169.35,172.0,173.0,,169.35,,,334,56795.0,17,F1,1,,,,,
2026-07-22,2026-07-22,CM,BSE,STK,511710,INE717D01023,CUBIFIN,XT,,,,,CUBICAL FINANCIAL SERVICES LTD,4.57,4.57,4.15,4.57,4.57,4.36,,4.57,,,457524,2026666.0,177,F1,1,,,,,
2026-07-22,2026-07-22,CM,BSE,STK,511712,INE452B01013,RELICTEC,X,,,,,RELIC TECHNOLOGIES LTD.,62.0,69.9,55.25,59.6,59.0,63.05,,59.6,,,315,19179.0,26,F1,1,,,,,
2026-07-22,2026-07-22,CM,BSE,STK,511714,INE875B01015,NIMBSPROJ,T,,,,,NIMBUS PROJECTS LTD.,230.0,230.0,230.0,230.0,230.0,223.8,,194.0,,,1,230.0,1,F1,1,,,,,
2026-07-22,2026-07-22,CM,BSE,STK,511716,INE359A01012,INVIGO,X,,,,,Invigorated Business Consultin,6.54,6.74,5.91,6.2,6.24,6.54,,6.2,,,9413,57881.0,30,F1,1,,,,,
2026-07-22,2026-07-22,CM,BSE,STK,511724,INE020D01022,BAIDFIN,B,,,,,BAID FINSERV LIMITED,9.9,9.97,9.74,9.9,9.9,9.95,,9.86,,,7223,71692.0,65,F1,1,,,,,
2026-07-22,2026-07-22,CM,BSE,STK,511726,INE946H01037,VIPULLTD,T,,,,,VIPUL LTD.,13.65,15.0,13.58,13.58,13.58,14.29,,13.42,,,165692,2263054.0,192,F1,1,,,,,
2026-07-22,2026-07-22,CM,BSE,STK,511728,INE006C01015,KZLFIN,X,,,,,K.Z.LEASING & FINANCE LTD.,16.11,16.11,15.5,15.5,15.5,16.01,,15.5,,,16,254.0,5,F1,1,,,,,
2026-07-22,2026-07-22,CM,BSE,STK,511738,INE241B01010,MEHSECU,X,,,,,MEHTA SECURITIES LTD.,22.75,22.75,22.75,22.75,22.75,23.94,,22.75,,,200,4550.0,2,F1,1,,,,,
2026-07-22,2026-07-22,CM,BSE,STK,511740,INE239B01014,RFL,XT,,,,,RUPAREL FOOD PRODUCTS LIMITED,123.5,123.5,123.5,123.5,123.5,130.0,,123.5,,,5,617.0,1,F1,1,,,,,
2026-07-22,2026-07-22,CM,BSE,STK,511742,INE583D01011,UGROCAP,B,,,,,UGRO CAPITAL LIMITED,95.51,96.39,93.84,95.03,95.0,96.51,,94.9,,,3894,369334.0,94,F1,1,,,,,
2026-07-22,2026-07-22,CM,BSE,STK,511754,INE861D01011,SAHLIBHFI,B,,,,,SHALIBHADRA FINANCE LTD.,77.01,77.08,77.0,77.08,77.08,77.0,,77.09,,,92,7087.0,8,F1,1,,,,,
2026-07-22,2026-07-22,CM,BSE,STK,511756,INE195I01013,ABIRAFN,Z,,,,,ABIRAMI FINANCIAL SERVICES (IN,32.89,32.89,31.5,31.5,31.5,31.5,,31.5,,,839,26430.0,9,F1,1,,,,,
2026-07-22,2026-07-22,CM,BSE,STK,511758,INE094E01017,MANSIFIN,X,,,,,MANSI FINANCE (CHENNAI) LTD.,67.14,67.14,63.0,63.0,63.0,63.99,,63.0,,,20,1301.0,2,F1,1,,,,,
2026-07-22,2026-07-22,CM,BSE,STK,511764,INE819K01014,AASTAFIN,X,,,,,Aastamangalam Finance Limited,37.89,37.89,33.3,33.99,33.85,36.97,,33.99,,,14846,512449.0,91,F1,1,,,,,
2026-07-22,2026-07-22,CM,BSE,STK,511766,INE296G01013,MUTHOOTCAP,B,,,,,MUTHOOT CAPITAL SERVICES LTD.,218.6,224.3,214.05,215.7,214.85,213.4,,215.46,,,725,157727.0,68,F1,1,,,,,
2026-07-22,2026-07-22,CM,BSE,STK,511768,INE677D01037,MASTERTR,B,,,,,MASTER TRUST LTD.,86.14,88.42,84.91,85.07,84.92,86.14,,85.35,,,6295,544858.0,93,F1,1,,,,,
2026-07-22,2026-07-22,CM,BSE,STK,512008,INE886D01026,EFCIL,B,,,,,EFC (I) LIMITED,203.9,203.9,184.15,191.4,193.5,186.9,,191.92,,,88105,16752552.0,848,F1,1,,,,,
2026-07-22,2026-07-22,CM,BSE,STK,512014,INE754D01018,SOBME,X,,,,,SOBHAGYA MERCHANTILE LTD.,900.0,903.5,880.0,894.65,889.0,900.0,,894.65,,,215,191081.0,21,F1,1,,,,,
2026-07-22,2026-07-22,CM,BSE,STK,512018,INE135H01029,TTGIL,X,,,,,TOMORROW TECHNOLOGIES GLOBAL I,8.23,8.23,8.0,8.02,8.08,8.0,,8.02,,,7572,60729.0,19,F1,1,,,,,
2026-07-22,2026-07-22,CM,BSE,STK,512020,INE967G01019,ZSARACOM,B,,,,,SARASWATI COMMERCIAL (INDIA) L,12801.0,12801.0,12200.0,12700.0,12700.0,12800.6,,12429.0,,,5,63140.0,5,F1,1,,,,,
2026-07-22,2026-07-22,CM,BSE,STK,512025,INE767M01029,ASGARD,X,,,,,ASGARD ALCOBEV LIMITED,30.5,31.48,30.1,30.54,31.0,31.55,,30.54,,,18817,574605.0,151,F1,1,,,,,
2026-07-22,2026-07-22,CM,BSE,STK,512026,INE603D01017,VEGA,XT,,,,,VEGA JEWELLERS LIMITED,61.95,61.95,61.95,61.95,61.95,61.95,,61.95,,,165,10221.0,3,F1,1,,,,,
2026-07-22,2026-07-22,CM,BSE,STK,512036,INE393H01016,SKYBIOTECH,XT,,,,,SKYBIOTECH HEALTHCARE LIMITED,149.5,149.85,149.5,149.85,149.85,142.75,,149.85,,,517,77437.0,13,F1,1,,,,,
2026-07-22,2026-07-22,CM,BSE,STK,512038,INE887D01016,TCC,B,,,,,TCC CONCEPT LIMITED,295.0,295.0,268.5,275.35,272.65,287.1,,275.3,,,3612,1004854.0,310,F1,1,,,,,
2026-07-22,2026-07-22,CM,BSE,STK,512047,INE510H01015,ROYALIND,X,,,,,ROYAL INDIA CORPORATION LIMITE,6.1,6.18,5.91,6.13,6.14,6.1,,6.13,,,72322,440203.0,244,F1,1,,,,,
2026-07-22,2026-07-22,CM,BSE,STK,512048,INE195E01020,DHANSAFAL,X,,,,,DHANSAFAL FINSERVE LIMITED,2.36,2.46,2.26,2.4,2.4,2.38,,2.4,,,57127,136820.0,71,F1,1,,,,,
2026-07-22,2026-07-22,CM,BSE,STK,512062,INE896J01014,TANDHANIN,XT,,,,,TANDHAN INDUSTRIES LIMITED,148.8,150.0,148.8,150.0,150.0,151.8,,150.0,,,10340,1542548.0,18,F1,1,,,,,
2026-07-22,2026-07-22,CM,BSE,STK,512064,INE762D01011,VISVEN,X,,,,,VISHVPRABHA VENTURES LIMITED,41.93,41.93,40.0,40.0,40.0,39.95,,40.0,,,8,327.0,2,F1,1,,,,,
2026-07-22,2026-07-22,CM,BSE,STK,512065,INE738D01029,MRUTR,XT,,,,,MRUGESH TRADING LTD.,76.04,76.04,76.04,76.04,76.04,74.55,,76.04,,,1090,82883.0,3,F1,1,,,,,
2026-07-22,2026-07-22,CM,BSE,STK,512068,INE945F01025,DECNGOLD,B,,,,,DECCAN GOLD MINES LTD.,190.2,192.95,185.2,186.0,186.0,191.55,,185.81,,,236057,44194714.0,2270,F1,1,,,,,
2026-07-22,2026-07-22,CM,BSE,STK,512070,INE628A01036,UPL,A,,,,,UPL LIMITED,614.0,620.1,607.0,608.8,608.8,618.2,,608.85,,,35572,21745310.0,1271,F1,1,,,,,
2026-07-22,2026-07-22,CM,BSE,STK,512093,INE234B01023,CRANESSOFT,Z,,,,,CRANES SOFTWARE INTERNATIONAL,3.57,3.69,3.46,3.51,3.49,3.57,,3.51,,,8436,29517.0,28,F1,1,,,,,
2026-07-22,2026-07-22,CM,BSE,STK,512097,INE092G01024,SAICOM,X,,,,,SAIANAND COMMERCIAL LIMITED,0.23,0.24,0.22,0.24,0.24,0.23,,0.24,,,59608,13684.0,36,F1,1,,,,,
2026-07-22,2026-07-22,CM,BSE,STK,512103,INE276H01013,NIDHGRN,XT,,,,,NIDHI GRANITES LTD.,336.0,336.0,320.0,323.9,320.0,336.8,,323.9,,,372,121830.0,27,F1,1,,,,,
2026-07-22,2026-07-22,CM,BSE,STK,512109,INE461H01011,AVIVA,X,,,,,AVIVA INDUSTRIES LTD.,58.58,58.58,58.58,58.58,58.58,59.77,,58.58,,,20,1171.0,1,F1,1,,,,,
2026-07-22,2026-07-22,CM,BSE,STK,512115,INE649C01012,ROSEMER,X,,,,,ROSE MERC.LTD.,67.0,67.0,63.0,64.38,65.9,67.0,,64.38,,,1543,99260.0,28,F1,1,,,,,
2026-07-22,2026-07-22,CM,BSE,STK,512131,INE529F01035,SIGIND,B,,,,,SIGNET INDUSTRIES LIMITED,44.2,45.0,44.2,44.26,44.2,44.07,,44.34,,,330,14670.0,14,F1,1,,,,,
2026-07-22,2026-07-22,CM,BSE,STK,512149,INE758A01072,AVANCE,X,,,,,AVANCE TECHNOLOGIES LTD.,0.91,0.92,0.9,0.91,0.91,0.92,,0.91,,,6584651,5977206.0,1559,F1,1,,,,,
2026-07-22,2026-07-22,CM,BSE,STK,512161,INE650K01021,SECURKLOUD,B,,,,,SECUREKLOUD TECHNOLOGIES LIMIT,17.01,18.49,17.01,17.67,18.14,17.98,,17.86,,,1574,27687.0,23,F1,1,,,,,
2026-07-22,2026-07-22,CM,BSE,STK,512165,INE365O01028,ABANSENT,T,,,,,ABANS ENTERPRISES LTD,27.87,28.49,26.31,28.45,28.45,27.2,,27.24,,,5354,148034.0,20,F1,1,,,,,
2026-07-22,2026-07-22,CM,BSE,STK,512169,INE968E01012,CAPRICORN,XT,,,,,CAPRICORN SYSTEMS GLOBAL SOLUT,15.75,15.75,14.31,15.75,15.75,15.0,,15.75,,,42089,661846.0,39,F1,1,,,,,
2026-07-22,2026-07-22,CM,BSE,STK,512175,INE685D01022,VAMA,X,,,,,VAMA INDUSTRIES LTD.,3.64,3.75,3.63,3.67,3.67,3.79,,3.67,,,12668,46374.0,59,F1,1,,,,,
2026-07-22,2026-07-22,CM,BSE,STK,512179,INE805D01034,SUNTECK,B,,,,,SUNTECK REALTY LTD.,316.0,319.15,289.15,291.0,291.0,315.55,,290.7,,,67984,20364957.0,1825,F1,1,,,,,
2026-07-22,2026-07-22,CM,BSE,STK,512197,INE798C01017,SILVERO,Z,,,,,SILVER OAK COMMERCIAL LTD.,6.39,6.39,5.79,6.38,6.38,6.09,,6.38,,,2706,17265.0,25,F1,1,,,,,
2026-07-22,2026-07-22,CM,BSE,STK,512217,INE730E01016,PRISMMEDI,X,,,,,PRISM MEDICO AND PHARMACY LTD.,29.0,29.23,27.01,27.33,28.85,29.23,,27.33,,,2417,66908.0,26,F1,1,,,,,
2026-07-22,2026-07-22,CM,BSE,STK,512229,INE379J01029,VERITAS,XT,,,,,VERITAS (INDIA) LTD.,172.0,174.5,169.05,170.35,173.0,171.85,,170.35,,,1203,206478.0,20,F1,1,,,,,
2026-07-22,2026-07-22,CM,BSE,STK,512237,INE070D01027,JAICORPLTD,B,,,,,JAI CORP LTD.,105.0,105.0,101.6,102.05,102.1,105.35,,102.04,,,20184,2070203.0,386,F1,1,,,,,
2026-07-22,2026-07-22,CM,BSE,STK,512247,INE894A01026,ASHCAP,X,,,,,ASHIRWAD CAPITAL LTD.,2.77,2.94,2.65,2.8,2.8,2.73,,2.8,,,202013,559047.0,291,F1,1,,,,,
2026-07-22,2026-07-22,CM,BSE,STK,512257,INE895A01023,SVARTCORP,X,,,,,SWASTI VINAYAKA ART AND HERITA,3.61,3.61,3.51,3.58,3.6,3.58,,3.58,,,17642,62990.0,84,F1,1,,,,,
2026-07-22,2026-07-22,CM,BSE,STK,512267,INE200D01020,MMWL,T,,,,,MEDIA MATRIX WORLDWIDE LTD.,14.11,14.9,14.07,14.65,14.9,14.81,,14.67,,,62085,899610.0,80,F1,1,,,,,
2026-07-22,2026-07-22,CM,BSE,STK,512277,INE340U01010,AUTOINT,X,,,,,AUTORIDERS INTERNATIONAL LTD.,332.0,332.0,301.8,301.8,301.8,317.65,,301.8,,,2427,735162.0,134,F1,1,,,,,
2026-07-22,2026-07-22,CM,BSE,STK,512296,INE458B01036,BHAGYANGR,T,,,,,BHAGYANAGAR INDIA LTD.,367.5,391.75,367.5,387.6,391.65,373.1,,385.15,,,3286,1271366.0,95,F1,1,,,,,
2026-07-22,2026-07-22,CM,BSE,STK,512301,INE417N01011,CHMBBRW,XT,,,,,CHAMBAL BREWERIES & DISTILLERI,39.95,39.95,39.95,39.95,39.95,39.17,,39.95,,,15682,626495.0,17,F1,1,,,,,
2026-07-22,2026-07-22,CM,BSE,STK,512329,INE385F01024,SGMART,B,,,,,SG MART LIMITED,655.45,668.9,641.7,658.6,662.3,659.6,,660.4,,,34599,22565743.0,837,F1,1,,,,,
2026-07-22,2026-07-22,CM,BSE,STK,512344,INE068C01015,ARAVALIS,X,,,,,ARAVALI SECURITIES & FINANCE L,3.7,3.7,3.7,3.7,3.7,3.7,,3.7,,,15,55.0,2,F1,1,,,,,
2026-07-22,2026-07-22,CM,BSE,STK,512345,INE745A01012,LEXGLOBAL,XT,,,,,LEXORA GLOBAL LIMITED,198.9,198.9,198.9,198.9,198.9,198.9,,198.9,,,2,397.0,1,F1,1,,,,,
2026-07-22,2026-07-22,CM,BSE,STK,512361,INE108G01010,CUPIDALBV,XT,,,,,CUPID BREWERIES AND DISTILLERI,27.3,27.9,27.0,27.5,27.5,28.0,,27.5,,,26566,730239.0,247,F1,1,,,,,
2026-07-22,2026-07-22,CM,BSE,STK,512379,INE716D01033,CRSL,X,,,,,CRESSANDA RAILWAY SOLUTIONS LI,2.2,2.27,2.2,2.25,2.24,2.24,,2.25,,,237139,531016.0,373,F1,1,,,,,
2026-07-22,2026-07-22,CM,BSE,STK,512381,INE992I01013,STARTECK,B,,,,,STARTECK FINANCE LIMITED,269.0,271.0,265.0,267.5,269.85,269.55,,264.8,,,3015,813700.0,17,F1,1,,,,,
2026-07-22,2026-07-22,CM,BSE,STK,512393,INE037B01020,SHARDUL,T,,,,,SHARDUL SECURITIES LTD.,59.55,59.55,57.0,59.55,59.55,56.72,,59.47,,,58403,3475480.0,202,F1,1,,,,,
2026-07-22,2026-07-22,CM,BSE,STK,512399,INE017I01027,SERA,X,,,,,SERA INVESTMENTS & FINANCE IND,40.25,40.93,39.79,40.03,40.19,40.45,,40.03,,,11530,462637.0,95,F1,1,,,,,
2026-07-22,2026-07-22,CM,BSE,STK,512415,INE319T01016,MERCTRD,X,,,,,MERCURY TRADE LINKS LTD.,5.0,5.09,4.9,5.04,5.04,4.94,,5.04,,,9971,50048.0,45,F1,1,,,,,
2026-07-22,2026-07-22,CM,BSE,STK,512437,INE412D01013,APOLLOFI,X,,,,,APOLLO FINVEST (INDIA) LTD.,333.05,333.05,332.95,332.95,332.95,331.0,,332.95,,,1066,354975.0,14,F1,1,,,,,
2026-07-22,2026-07-22,CM,BSE,STK,512441,INE993I01029,ENBETRD,X,,,,,Enbee Trade &amp; Finance Ltd,0.29,0.3,0.28,0.28,0.28,0.29,,0.28,,,9766620,2760316.0,392,F1,1,,,,,
2026-07-22,2026-07-22,CM,BSE,STK,512443,INE162L01017,GANONPRO,X,,,,,Ganon Products Limited,11.86,12.0,11.25,11.73,12.0,11.83,,11.73,,,74778,874692.0,46,F1,1,,,,,
2026-07-22,2026-07-22,CM,BSE,STK,512453,INE564J01026,SHRJAGP,X,,,,,SHRI JAGDAMBA POLYMERS LTD.,582.5,585.45,568.0,576.3,576.0,582.6,,576.3,,,145,83401.0,20,F1,1,,,,,
2026-07-22,2026-07-22,CM,BSE,STK,512455,INE281B01032,LLOYDSME,A,,,,,LLOYDS METALS AND ENERGY LTD.,1945.0,1947.7,1865.05,1870.85,1870.85,1935.4,,1871.6,,,22628,43044166.0,1290,F1,1,,,,,
2026-07-22,2026-07-22,CM,BSE,STK,512463,INE080I01025,LLOYDSENT,A,,,,,LLOYDS ENTERPRISES LIMITED,81.49,81.49,78.22,78.62,78.62,81.52,,78.52,,,241431,19216484.0,1814,F1,1,,,,,
2026-07-22,2026-07-22,CM,BSE,STK,512477,INE765L01017,BETXIND,X,,,,,BETEX INDIA LTD.,471.05,471.05,451.0,471.0,471.0,471.0,,471.0,,,80,36740.0,6,F1,1,,,,,
2026-07-22,2026-07-22,CM,BSE,STK,512489,INE876A01023,OASISEC,XT,,,,,OASIS SECURITIES LTD.,11.01,11.93,11.01,11.3,11.3,11.4,,11.3,,,4671,52917.0,17,F1,1,,,,,
2026-07-22,2026-07-22,CM,BSE,STK,512493,INE590B01010,GARNETINT,X,,,,,GARNET INTERNATIONAL LTD.,64.5,64.75,63.55,63.78,64.5,64.5,,63.78,,,505,32484.0,21,F1,1,,,,,
2026-07-22,2026-07-22,CM,BSE,STK,512499,INE435E01020,SHALPRO,X,,,,,SHALIMAR PRODUCTIONS LTD.,0.36,0.37,0.35,0.35,0.35,0.36,,0.35,,,15493220,5466578.0,1005,F1,1,,,,,
2026-07-22,2026-07-22,CM,BSE,STK,512519,INE668D01028,DONEAR,B,,,,,DONEAR INDUSTRIES LTD.,85.39,86.47,83.15,84.12,85.0,86.47,,84.6,,,903,75833.0,29,F1,1,,,,,
2026-07-22,2026-07-22,CM,BSE,STK,512527,INE091C01017,SUPER,X,,,,,SUPER SALES INDIA LTD.,1098.0,1098.0,1032.05,1066.45,1074.8,1087.05,,1066.45,,,1853,1993724.0,89,F1,1,,,,,
2026-07-22,2026-07-22,CM,BSE,STK,512529,INE807F01027,VIYASH,A,,,,,VIYASH SCIENTIFIC LIMITED,266.5,266.5,255.35,256.9,259.9,264.85,,256.75,,,68715,17723449.0,1078,F1,1,,,,,
2026-07-22,2026-07-22,CM,BSE,STK,512531,INE655A01013,STCINDIA,B,,,,,STATE TRADING CORPORATION OF I,120.35,120.35,118.0,118.2,118.15,118.95,,118.35,,,1132,134183.0,36,F1,1,,,,,
2026-07-22,2026-07-22,CM,BSE,STK,512559,INE080B01012,KOHINOOR,B,,,,,KOHINOOR FOODS LTD.,24.88,24.88,23.3,23.41,23.4,23.83,,23.51,,,5906,139156.0,298,F1,1,,,,,
2026-07-22,2026-07-22,CM,BSE,STK,512565,INE581D01015,NEELKANTH,X,,,,,NEELKANTH LIMITED,39.0,39.0,39.0,39.0,39.0,40.0,,39.0,,,1000,39000.0,1,F1,1,,,,,
2026-07-22,2026-07-22,CM,BSE,STK,512573,INE871C01038,AVANTIFEED,A,,,,,AVANTI FEEDS LTD.,1007.0,1007.0,976.0,993.35,996.0,1001.4,,992.95,,,28248,27842601.0,903,F1,1,,,,,
2026-07-22,2026-07-22,CM,BSE,STK,512587,INE077B01018,ZODJRDMKJ,X,,,,,ZODIAC-JRD-MKJ LTD.,33.45,34.9,32.06,32.77,32.55,32.63,,32.77,,,140016,4597402.0,158,F1,1,,,,,
2026-07-22,2026-07-22,CM,BSE,STK,512589,INE579D01019,SITAENT,X,,,,,SITA ENTERPRISES LTD.,145.05,151.9,141.0,144.95,144.95,145.55,,144.95,,,7720,1113588.0,61,F1,1,,,,,
2026-07-22,2026-07-22,CM,BSE,STK,512591,INE183U01022,PULSRIN,X,,,,,PULSAR INTERNATIONAL LTD.,0.38,0.38,0.37,0.37,0.37,0.38,,0.37,,,5752234,2144532.0,664,F1,1,,,,,
2026-07-22,2026-07-22,CM,BSE,STK,512595,INE348N01042,MANBRO,X,,,,,Manbro Industries Limited,50.74,52.81,49.77,51.67,51.67,50.3,,51.67,,,88466,4510210.0,257,F1,1,,,,,
2026-07-22,2026-07-22,CM,BSE,STK,512597,INE681C01015,KEYFINSERV,B,,,,,KEYNOTE FINANCIAL SERVICES LIM,282.9,282.9,267.2,267.2,267.2,262.0,,262.26,,,306,85462.0,5,F1,1,,,,,
2026-07-22,2026-07-22,CM,BSE,STK,512599,INE423A01024,ADANIENT,A,,,,,ADANI ENTERPRISES LTD.,3203.2,3203.2,3140.0,3147.4,3147.4,3182.65,,3147.7,,,31798,100775612.0,2614,F1,1,,,,,
2026-07-22,2026-07-22,CM,BSE,STK,512600,INE307N01014,ASTALLTD,X,,,,,ASTAL LABORATORIES LIMITED,80.11,80.46,77.5,79.01,78.5,81.28,,79.01,,,9475,748312.0,122,F1,1,,,,,
2026-07-22,2026-07-22,CM,BSE,STK,512604,INE772B01014,HARIAEXPO,X,,,,,HARIA EXPORTS LTD.,6.44,6.44,6.44,6.44,6.44,6.44,,6.44,,,499,3213.0,5,F1,1,,,,,
2026-07-22,2026-07-22,CM,BSE,STK,512608,INE474E01029,BHANDARI,T,,,,,BHANDARI HOSIERY EXPORTS LTD.,3.05,3.05,2.88,2.95,2.95,2.96,,2.91,,,25575,75457.0,52,F1,1,,,,,
2026-07-22,2026-07-22,CM,BSE,STK,512618,INE629C01014,RLF,X,,,,,RLF LTD.,8.52,8.61,8.52,8.61,8.61,9.4,,8.61,,,560,4787.0,8,F1,1,,,,,
2026-07-22,2026-07-22,CM,BSE,STK,512624,INE769D01016,REGENTRP,X,,,,,Regent Enterprises Limited,5.35,5.35,5.16,5.25,5.25,5.25,,5.25,,,17771,93297.0,46,F1,1,,,,,
2026-07-22,2026-07-22,CM,BSE,STK,512626,INE231G01010,ORBTEXP,T,,,,,ORBIT EXPORTS LTD.,224.0,224.0,217.05,223.55,223.75,222.9,,222.33,,,448,99388.0,29,F1,1,,,,,
2026-07-22,2026-07-22,CM,BSE,STK,512634,INE104E01014,SAVERA,X,,,,,SAVERA INDUSTRIES LTD.,167.95,167.95,152.45,164.1,166.0,167.0,,164.1,,,3299,539733.0,99,F1,1,,,,,
2026-07-22,2026-07-22,CM,BSE,STK,513005,INE114E01013,CHROME,X,,,,,Chrome Silicon Limited,38.8,43.0,38.8,41.64,41.65,41.5,,41.64,,,3649,150593.0,21,F1,1,,,,,
2026-07-22,2026-07-22,CM,BSE,STK,513023,INE725A01030,NAVA,A,,,,,NAVA LIMITED,582.2,587.2,568.4,570.9,573.65,585.65,,571.15,,,19952,11455957.0,1089,F1,1,,,,,
2026-07-22,2026-07-22,CM,BSE,STK,513043,INE158G01015,REMIEDEL,X,,,,,REMI EDELSTAHL TUBULARS LIMITE,197.8,197.8,185.8,186.7,186.7,191.0,,186.7,,,1282,242807.0,49,F1,1,,,,,
2026-07-22,2026-07-22,CM,BSE,STK,513059,INE736H01024,GSAUTO,X,,,,,G.S.AUTO INTERNATIONAL LTD.,15.21,15.21,14.21,14.27,14.27,14.63,,14.27,,,15103,222102.0,107,F1,1,,,,,
2026-07-22,2026-07-22,CM,BSE,STK,513063,INE360D01014,TRANSFRE,X,,,,,TRANS-FREIGHT CONTAINERS LTD.,20.06,21.0,20.06,20.99,20.99,20.06,,20.99,,,415,8710.0,7,F1,1,,,,,
2026-07-22,2026-07-22,CM,BSE,STK,513097,INE386D01027,SBCL,B,,,,,SHIVALIK BIMETAL CONTROLS LTD.,751.05,762.0,738.0,742.15,738.55,753.7,,741.9,,,9535,7120005.0,714,F1,1,,,,,
2026-07-22,2026-07-22,CM,BSE,STK,513108,INE524B01027,GANDHITUBE,B,,,,,GANDHI SPECIAL TUBES LTD.,874.0,874.0,871.9,872.25,874.0,865.2,,872.05,,,65,56701.0,9,F1,1,,,,,
2026-07-22,2026-07-22,CM,BSE,STK,513117,INE991A01020,AMFORG,X,,,,,AMFORGE INDUSTRIES LTD.,6.22,6.44,6.12,6.4,6.4,6.22,,6.4,,,1531,9476.0,14,F1,1,,,,,
2026-07-22,2026-07-22,CM,BSE,STK,513119,INE173M01012,ONIXSOLAR,X,,,,,ONIX SOLAR ENERGY LIMITED,621.6,627.0,609.2,609.2,609.2,621.6,,609.2,,,52891,32422209.0,309,F1,1,,,,,
2026-07-22,2026-07-22,CM,BSE,STK,513121,INE730A01022,ORICONENT,B,,,,,ORICON ENTERPRISES LTD.,57.0,57.0,54.85,55.2,54.93,57.09,,54.89,,,2618,145632.0,142,F1,1,,,,,
2026-07-22,2026-07-22,CM,BSE,STK,513149,INE950D01012,ACROW,X,,,,,ACROW INDIA LTD.,840.3,899.0,840.3,896.65,899.0,866.25,,896.65,,,500,448326.0,2,F1,1,,,,,
2026-07-22,2026-07-22,CM,BSE,STK,513173,INE205F01016,STLSTRINF,X,,,,,STEEL STRIPS INFRASTRUCTURES L,19.84,19.84,18.2,19.8,19.8,19.45,,19.8,,,1176,22917.0,15,F1,1,,,,,
2026-07-22,2026-07-22,CM,BSE,STK,513228,INE932A01024,PENIND,A,,,,,PENNAR INDUSTRIES LTD.,167.45,167.45,164.6,164.75,164.75,167.9,,164.83,,,7220,1193522.0,169,F1,1,,,,,
2026-07-22,2026-07-22,CM,BSE,STK,513250,INE197A01024,JYOTISTRUC,B,,,,,JYOTI STRUCTURES LTD.,11.13,11.18,10.71,10.75,10.79,11.21,,10.74,,,696872,7593568.0,908,F1,1,,,,,
2026-07-22,2026-07-22,CM,BSE,STK,513252,INE289D01015,JAYUSH,X,,,,,JAY USHIN LTD.,893.8,893.8,860.0,887.8,887.8,893.8,,887.8,,,120,104779.0,10,F1,1,,,,,
2026-07-22,2026-07-22,CM,BSE,STK,513262,INE802C01033,SSWL,B,,,,,STEEL STRIPS WHEELS LTD.,279.75,289.0,278.75,279.6,279.5,279.45,,279.68,,,105380,29928982.0,1581,F1,1,,,,,
2026-07-22,2026-07-22,CM,BSE,STK,513269,INE993A01026,MANINDS,B,,,,,MAN INDUSTRIES (INDIA) LTD.,524.4,526.6,512.6,514.85,512.7,527.6,,514.6,,,10547,5461524.0,464,F1,1,,,,,
2026-07-22,2026-07-22,CM,BSE,STK,513295,INE611C01020,IMEC,X,,,,,IMEC SERVICES LIMITED,116.9,116.9,107.2,113.5,113.5,113.95,,113.5,,,120,13315.0,18,F1,1,,,,,
2026-07-22,2026-07-22,CM,BSE,STK,513303,INE001F01019,MDRNSTL,X,,,,,MODERN STEELS LTD.,13.77,13.77,12.99,13.45,13.58,13.1,,13.45,,,3639,48717.0,43,F1,1,,,,,
2026-07-22,2026-07-22,CM,BSE,STK,513307,INE363L01045,BELDING,X,,,,,BELDING INDIA LIMITED,991.0,1030.15,968.95,1030.15,1030.15,981.1,,1030.15,,,112561,112537053.0,511,F1,1,,,,,
2026-07-22,2026-07-22,CM,BSE,STK,513337,INE145J01032,GUJTLRM,B,,,,,GUJARAT TOOLROOM LTD.,0.48,0.48,0.46,0.47,0.47,0.48,,0.47,,,5861426,2737369.0,1084,F1,1,,,,,
2026-07-22,2026-07-22,CM,BSE,STK,513349,INE298G01035,AJMERA,B,,,,,AJMERA REALTY & INFRA INDIA LT,125.6,125.6,123.45,123.9,125.1,125.95,,124.18,,,25388,3148911.0,339,F1,1,,,,,
2026-07-22,2026-07-22,CM,BSE,STK,513353,INE105D01013,COCHINM,X,,,,,COCHIN MINERALS & RUTILE LTD.,255.2,258.7,250.3,252.95,252.95,255.6,,252.95,,,1468,370513.0,53,F1,1,,,,,
2026-07-22,2026-07-22,CM,BSE,STK,513361,INE072A01029,INDIAHOMES,XT,,,,,India Homes Limited,22.15,22.29,21.7,22.08,22.18,22.15,,22.08,,,489097,10809853.0,284,F1,1,,,,,
2026-07-22,2026-07-22,CM,BSE,STK,513369,INE013J01016,KVFORGE,XT,,,,,KRISHANVEER FORGE LIMITED,149.15,157.05,149.15,154.45,154.45,151.65,,154.45,,,741,113125.0,18,F1,1,,,,,
2026-07-22,2026-07-22,CM,BSE,STK,513375,INE120A01034,CARBORUNIV,A,,,,,CARBORUNDUM UNIVERSAL LTD.,1080.55,1095.7,1057.6,1068.5,1068.5,1085.55,,1068.8,,,11613,12534423.0,605,F1,1,,,,,
2026-07-22,2026-07-22,CM,BSE,STK,513377,INE123F01029,MMTC,B,,,,,MMTC LTD.,63.45,63.45,62.17,62.33,62.33,63.34,,62.27,,,112433,7042816.0,792,F1,1,,,,,
2026-07-22,2026-07-22,CM,BSE,STK,513397,INE457E01016,VALLABHSQ,X,,,,,VALLABH STEELS LTD.,8.93,8.93,8.93,8.93,8.93,9.4,,8.93,,,167,1491.0,4,F1,1,,,,,
2026-07-22,2026-07-22,CM,BSE,STK,513418,INE728B01032,SMFIL,XT,,,,,SMITHS & FOUNDERS (INDIA) LIMI,11.07,11.07,11.06,11.07,11.07,10.86,,11.07,,,11170,123638.0,17,F1,1,,,,,
2026-07-22,2026-07-22,CM,BSE,STK,513422,INE373E01015,BLOIN,X,,,,,BLOOM INDUSTRIES LTD.,33.73,33.95,32.2,33.95,33.95,33.4,,33.95,,,58,1960.0,5,F1,1,,,,,
2026-07-22,2026-07-22,CM,BSE,STK,513430,INE501L01024,MAITRI,XT,,,,,Maitri Enterprises Limited,43.52,43.52,40.0,43.49,43.48,41.45,,43.49,,,248,10346.0,8,F1,1,,,,,
2026-07-22,2026-07-22,CM,BSE,STK,513436,INE640C01011,SHAHALLOYS,B,,,,,SHAH ALLOYS LTD.,65.42,67.58,65.28,66.73,66.97,65.28,,66.4,,,84,5582.0,7,F1,1,,,,,
2026-07-22,2026-07-22,CM,BSE,STK,513452,INE594D01018,ELANGO,XT,,,,,ELANGO INDUSTRIES LTD.,11.0,11.0,11.0,11.0,11.0,11.0,,11.0,,,157,1727.0,3,F1,1,,,,,
2026-07-22,2026-07-22,CM,BSE,STK,513456,INE791E01018,KANSHST,X,,,,,KANISHK STEEL INDUSTRIES LTD.,52.95,52.95,51.5,52.52,52.52,51.15,,52.52,,,6891,361989.0,19,F1,1,,,,,
2026-07-22,2026-07-22,CM,BSE,STK,513460,INE257F01017,MAHALXSE,Z,,,,,MAHALAXMI SEAMLESS LTD.,8.8,9.24,8.8,9.24,9.24,8.8,,9.24,,,26016,235912.0,28,F1,1,,,,,
2026-07-22,2026-07-22,CM,BSE,STK,513472,INE658D01029,SIMPLEXCAS,X,,,,,SIMPLEX CASTINGS LTD.,100.85,108.0,98.65,104.55,103.75,100.25,,104.55,,,60898,6259766.0,430,F1,1,,,,,
2026-07-22,2026-07-22,CM,BSE,STK,513488,INE387D01025,SSWRL,XT,,,,,SHREE STEEL WIRE ROPES LTD.,33.5,33.66,33.5,33.5,33.5,35.26,,33.5,,,5257,176111.0,26,F1,1,,,,,
2026-07-22,2026-07-22,CM,BSE,STK,513496,INE235U01012,SIZEMASTER,XT,,,,,SIZEMASTERS TECHNOLOGY LIMITED,315.9,332.0,315.9,332.0,332.0,324.0,,332.0,,,14,4470.0,6,F1,1,,,,,
2026-07-22,2026-07-22,CM,BSE,STK,513498,INE308N01012,SOUTHMG,X,,,,,SOUTHERN MAGNESIUM & CHEMICALS,72.78,76.9,72.78,75.9,75.9,72.78,,75.9,,,2255,170383.0,30,F1,1,,,,,
2026-07-22,2026-07-22,CM,BSE,STK,513502,INE927K01023,BAROEXT,X,,,,,BARODA EXTRUSION LTD.,8.39,8.4,8.23,8.3,8.28,8.35,,8.3,,,60829,506850.0,113,F1,1,,,,,
2026-07-22,2026-07-22,CM,BSE,STK,513507,INE276I01011,GUJCONT,P,,,,,GUJARAT CONTAINERS LTD.,155.0,155.0,155.0,155.0,155.0,158.25,,155.0,,,100,15500.0,1,F1,100,,,,,
2026-07-22,2026-07-22,CM,BSE,STK,513509,INE314G01014,KALYANIFRG,B,,,,,KALYANI FORGE LTD.,602.3,610.0,602.3,605.65,610.0,599.35,,609.15,,,33,19976.0,32,F1,1,,,,,
2026-07-22,2026-07-22,CM,BSE,STK,513511,INE798F01010,PANCHMAHQ,X,,,,,PANCHMAHAL STEEL LTD.,287.65,300.0,285.0,285.0,285.0,287.95,,285.0,,,361,103212.0,15,F1,1,,,,,
2026-07-22,2026-07-22,CM,BSE,STK,513513,INE570B01012,ADITYA,X,,,,,ADITYA ISPAT LTD.,9.0,9.05,9.0,9.05,9.05,9.3,,9.05,,,25243,227486.0,10,F1,1,,,,,
2026-07-22,2026-07-22,CM,BSE,STK,513517,INE124E01038,STEELCAS,B,,,,,STEELCAST LTD.,306.6,314.25,303.0,305.6,307.15,306.6,,306.3,,,3660,1118859.0,176,F1,1,,,,,
2026-07-22,2026-07-22,CM,BSE,STK,513519,INE450D01021,PITTIENG,B,,,,,PITTI ENGINEERING LIMITED,925.95,936.95,915.4,926.15,927.15,929.9,,927.6,,,52075,48168774.0,221,F1,1,,,,,
2026-07-22,2026-07-22,CM,BSE,STK,513528,INE741B01027,GLITTEKG,XT,,,,,GLITTEK GRANITES LTD.,56.19,56.19,56.19,56.19,56.19,55.09,,56.19,,,6035,339106.0,25,F1,1,,,,,
2026-07-22,2026-07-22,CM,BSE,STK,513532,INE770A01010,PRADPME,T,,,,,PRADEEP METALS LTD.,527.0,527.0,506.35,508.6,506.35,527.55,,510.7,,,1348,690348.0,23,F1,1,,,,,
2026-07-22,2026-07-22,CM,BSE,STK,513536,INE207H01018,GNRL,B,,,,,GUJARAT NATURAL RESOURCES LIMI,96.9,97.05,94.8,95.7,95.6,97.9,,95.69,,,12395,1185224.0,683,F1,1,,,,,
2026-07-22,2026-07-22,CM,BSE,STK,513540,INE176E01012,TNSTLTU,P,,,,,TAMILNADU STEEL TUBES LTD.,24.3,24.3,24.3,24.3,24.3,23.15,,24.3,,,100,2430.0,1,F1,100,,,,,
2026-07-22,2026-07-22,CM,BSE,STK,513544,INE277E01026,MSCTC,X,,,,,MARDIA SAMYOUNG CAPILLARY TUBE,41.29,42.5,39.65,40.1,40.1,41.49,,40.1,,,702,28728.0,18,F1,1,,,,,
2026-07-22,2026-07-22,CM,BSE,STK,513548,INE385M01012,SHRDAIS,X,,,,,SHARDA ISPAT LTD.,143.45,164.0,143.45,153.9,156.0,152.5,,153.9,,,621,101550.0,13,F1,1,,,,,
2026-07-22,2026-07-22,CM,BSE,STK,513554,INE451L01014,MAHASTEEL,B,,,,,MAHAMAYA STEEL INDUSTRIES LTD.,790.0,807.7,790.0,796.15,790.15,805.75,,795.85,,,42,33371.0,8,F1,1,,,,,
2026-07-22,2026-07-22,CM,BSE,STK,513566,INE608C01026,NOVIS,X,,,,,NOVA IRON & STEEL LTD.,12.06,12.9,12.06,12.7,12.65,12.3,,12.7,,,443,5515.0,11,F1,1,,,,,
2026-07-22,2026-07-22,CM,BSE,STK,513575,INE067E01013,STERPOW,XT,,,,,STERLING POWERGENSYS LTD,35.89,35.89,34.2,34.85,34.85,35.89,,34.85,,,3855,132946.0,23,F1,1,,,,,
2026-07-22,2026-07-22,CM,BSE,STK,513599,INE531E01026,HINDCOPPER,A,,,,,HINDUSTAN COPPER LTD.,500.5,500.7,488.2,489.25,489.25,492.35,,489.25,,,149533,73844567.0,3476,F1,1,,,,,
2026-07-22,2026-07-22,CM,BSE,STK,513629,INE463D01016,TULSYAN,X,,,,,TULSYAN NEC LTD.,24.5,24.5,24.1,24.5,24.5,24.5,,24.5,,,9148,224125.0,9,F1,1,,,,,
2026-07-22,2026-07-22,CM,BSE,STK,513642,INE197C01012,AXELPOLY,X,,,,,AXEL POLYMERS LTD.,43.01,45.0,41.61,42.05,42.0,43.45,,42.05,,,669,28172.0,11,F1,1,,,,,
2026-07-22,2026-07-22,CM,BSE,STK,513683,INE589A01014,NLCINDIA,A,,,,,NLC India Limited,294.9,294.9,287.0,287.55,287.55,295.25,,287.6,,,119018,34525862.0,2476,F1,1,,,,,
2026-07-22,2026-07-22,CM,BSE,STK,513687,INE848B01012,SPECTRA,Z,,,,,SPECTRA INDUSTRIES LTD.,4.28,4.36,3.99,4.36,4.36,4.2,,4.36,,,688,2804.0,7,F1,1,,,,,
2026-07-22,2026-07-22,CM,BSE,STK,513693,INE434C01027,KAJARIR,XT,,,,,KIC METALIKS LTD.,36.1,36.1,34.3,35.0,35.0,36.1,,35.0,,,2331,81506.0,14,F1,1,,,,,
2026-07-22,2026-07-22,CM,BSE,STK,513699,INE584G01012,SOLIDSTON,X,,,,,SOLID STONE COMPANY LTD.,25.9,25.9,25.0,25.0,25.0,24.16,,25.0,,,152,3809.0,10,F1,1,,,,,
2026-07-22,2026-07-22,CM,BSE,STK,513709,INE960A01017,SHILGRAVQ,X,,,,,SHILP GRAVURES LTD.,156.9,156.9,152.0,153.0,153.0,151.35,,153.0,,,442,67473.0,14,F1,1,,,,,
2026-07-22,2026-07-22,CM,BSE,STK,513713,INE146C01019,WHITEORG,X,,,,,White Organic Agro Limited,3.6,3.62,3.3,3.58,3.59,3.54,,3.58,,,31263,109031.0,89,F1,1,,,,,
2026-07-22,2026-07-22,CM,BSE,STK,513721,INE614F01019,MFSINTRCRP,XT,,,,,MFS INTERCORP LTD.,13.99,13.99,13.33,13.33,13.33,14.03,,13.33,,,250,3466.0,6,F1,1,,,,,
2026-07-22,2026-07-22,CM,BSE,STK,513729,INE210C01013,AROGRANITE,B,,,,,ARO GRANITE INDUSTRIES LTD.,24.41,24.41,24.4,24.4,24.4,24.41,,24.74,,,193,4710.0,33,F1,1,,,,,
2026-07-22,2026-07-22,CM,BSE,STK,514010,INE723D01021,RUDRAECO,X,,,,,RUDRA ECOVATION LIMITED,18.06,18.45,17.61,17.95,18.09,18.14,,17.95,,,21083,379373.0,103,F1,1,,,,,
2026-07-22,2026-07-22,CM,BSE,STK,514028,INE376L01013,RAJKSYN,X,,,,,RAJKAMAL SYNTHETICS LTD.,23.85,28.5,23.0,25.78,25.69,23.75,,25.78,,,1449,34888.0,31,F1,1,,,,,
2026-07-22,2026-07-22,CM,BSE,STK,514030,INE272C01013,DEEPAKSP,X,,,,,DEEPAK SPINNERS LTD.,135.5,138.75,131.1,136.0,137.9,135.3,,136.0,,,2231,303844.0,47,F1,1,,,,,
2026-07-22,2026-07-22,CM,BSE,STK,514036,INE970D01010,LOYALTEX,B,,,,,LOYAL TEXTILE MILLS LTD.,189.95,219.4,189.95,219.4,219.4,200.0,,213.48,,,2,409.0,2,F1,1,,,,,
2026-07-22,2026-07-22,CM,BSE,STK,514043,INE049A01027,HIMATSEIDE,B,,,,,HIMATSINGKA SEIDE LTD.,84.0,84.2,82.22,82.63,82.63,84.48,,82.62,,,54481,4534988.0,533,F1,1,,,,,
2026-07-22,2026-07-22,CM,BSE,STK,514045,INE594B01012,BSL,B,,,,,BSL LTD.,126.0,126.0,125.0,125.0,125.0,124.3,,125.1,,,160,20112.0,10,F1,1,,,,,
2026-07-22,2026-07-22,CM,BSE,STK,514060,INE229N01010,NEWTRAC,X,,,,,NEWTRAC FOODS & BEVERAGES LIMI,3.5,3.5,3.35,3.39,3.4,3.39,,3.39,,,144035,489875.0,178,F1,1,,,,,
2026-07-22,2026-07-22,CM,BSE,STK,514087,INE501F01018,PBMPOLY,X,,,,,PBM POLYTEX LTD.,55.0,60.0,54.21,55.24,54.21,57.94,,55.24,,,818,45990.0,22,F1,1,,,,,
2026-07-22,2026-07-22,CM,BSE,STK,514113,INE207C01019,ADINATH,XT,,,,,ADINATH TEXTILES LTD.,20.41,20.41,19.65,20.0,20.0,20.41,,20.0,,,786,15725.0,12,F1,1,,,,,
2026-07-22,2026-07-22,CM,BSE,STK,514138,INE132C01027,SURYALA,B,,,,,SURYALATA SPINNING MILLS LTD.,436.45,436.7,436.45,436.7,436.7,423.15,,431.15,,,47,20517.0,6,F1,1,,,,,
2026-07-22,2026-07-22,CM,BSE,STK,514142,INE592B01024,TTL,B,,,,,T T LTD.,6.49,6.49,6.2,6.37,6.48,6.36,,6.44,,,4789,30498.0,30,F1,1,,,,,
2026-07-22,2026-07-22,CM,BSE,STK,514162,INE192B01031,WELSPUNLIV,A,,,,,WELSPUN LIVING LIMITED,165.15,165.65,162.0,164.9,164.7,165.7,,164.99,,,49363,8114808.0,543,F1,1,,,,,
2026-07-22,2026-07-22,CM,BSE,STK,514165,INE862B01013,INDIANACRY,X,,,,,INDIAN ACRYLICS LTD.,5.86,5.86,5.72,5.8,5.82,5.81,,5.8,,,7208,41990.0,29,F1,1,,,,,
2026-07-22,2026-07-22,CM,BSE,STK,514167,INE845D01014,GANECOS,B,,,,,GANESHA ECOSPHERE LTD.,1244.05,1244.05,1188.4,1197.75,1201.0,1235.45,,1199.3,,,7459,8982623.0,541,F1,1,,,,,
2026-07-22,2026-07-22,CM,BSE,STK,514171,INE760J01012,CEETAIN,X,,,,,CEETA INDUSTRIES LTD.,40.89,40.89,39.97,39.97,39.97,40.49,,39.97,,,271,10832.0,3,F1,1,,,,,
2026-07-22,2026-07-22,CM,BSE,STK,514175,INE835A01029,VARDMNPOLY,B,,,,,VARDHMAN POLYTEX LTD.,6.09,6.14,5.9,5.97,6.12,6.09,,6.01,,,53325,320217.0,100,F1,1,,,,,
2026-07-22,2026-07-22,CM,BSE,STK,514177,INE351D01013,RISHYRN,X,,,,,RISHAB SPECIAL YARNS LTD.,61.83,67.8,61.83,67.8,67.8,65.08,,67.8,,,255,16071.0,6,F1,1,,,,,
2026-07-22,2026-07-22,CM,BSE,STK,514183,INE761G01016,BLACKROSE,T,,,,,BLACK ROSE INDUSTRIES LTD.,98.9,99.25,95.35,96.9,96.3,98.3,,96.42,,,6876,668968.0,120,F1,1,,,,,
2026-07-22,2026-07-22,CM,BSE,STK,514197,INE110Q01023,STCORP,XT,,,,,S&T CORPORATION LTD.,3.85,3.85,3.67,3.75,3.8,3.85,,3.75,,,2232,8441.0,22,F1,1,,,,,
2026-07-22,2026-07-22,CM,BSE,STK,514211,INE235C01036,SUMEETINDS,B,,,,,SUMEET INDUSTRIES LTD.,31.99,31.99,31.99,31.99,31.99,33.67,,31.87,,,1046,33461.0,28,F1,1,,,,,
2026-07-22,2026-07-22,CM,BSE,STK,514223,INE410D01017,RAMGOPOLY,X,,,,,RAMGOPAL POLYTEX LTD.,17.87,18.75,17.87,18.75,18.75,17.86,,18.75,,,864,16111.0,7,F1,1,,,,,
2026-07-22,2026-07-22,CM,BSE,STK,514234,INE495C01010,SANGAMIND,B,,,,,SANGAM (INDIA) LTD.,625.0,627.0,603.0,618.05,622.75,619.55,,621.45,,,8683,5303720.0,260,F1,1,,,,,
2026-07-22,2026-07-22,CM,BSE,STK,514238,INE874A01010,MKVENTURES,X,,,,,MKVENTURES CAPITAL LIMITED,1066.5,1100.0,1060.0,1099.7,1100.0,1100.0,,1099.7,,,314,341363.0,45,F1,1,,,,,
2026-07-22,2026-07-22,CM,BSE,STK,514240,INE979D01011,KUSHIND,X,,,,,Kush Industries Limited,6.05,6.45,6.05,6.2,6.24,6.33,,6.2,,,4679,29051.0,32,F1,1,,,,,
2026-07-22,2026-07-22,CM,BSE,STK,514260,INE899E01019,SURBHIN,XT,,,,,SURBHI INDUSTRIES LTD.,86.98,86.98,86.98,86.98,86.98,82.84,,86.98,,,96,8350.0,4,F1,1,,,,,
2026-07-22,2026-07-22,CM,BSE,STK,514264,INE707B01010,SEASONST,X,,,,,SEASONS TEXTILES LTD.,16.4,16.85,16.4,16.85,16.85,16.8,,16.85,,,8,132.0,4,F1,1,,,,,
2026-07-22,2026-07-22,CM,BSE,STK,514266,INE106C01013,ZENIFIB,X,,,,,ZENITH FIBRES LTD.,54.5,54.89,52.1,52.1,52.1,52.2,,52.1,,,826,44794.0,24,F1,1,,,,,
2026-07-22,2026-07-22,CM,BSE,STK,514272,INE436C01014,BHILSPIN,X,,,,,BHILWARA SPINNERS LTD.,134.9,134.9,130.25,131.2,132.6,127.35,,131.2,,,1367,179518.0,30,F1,1,,,,,
2026-07-22,2026-07-22,CM,BSE,STK,514274,INE273D01027,VGL,B,,,,,VARVEE GLOBAL LIMITED,61.5,63.3,61.15,62.19,63.3,61.89,,62.01,,,2439,151224.0,138,F1,1,,,,,
2026-07-22,2026-07-22,CM,BSE,STK,514280,INE589J01015,SANTETX,X,,,,,SANRHEA TECHNICAL TEXTILES LTD,129.2,129.6,129.2,129.2,129.2,132.35,,129.2,,,131,16926.0,8,F1,1,,,,,
2026-07-22,2026-07-22,CM,BSE,STK,514286,INE440A01010,ASHIMASYN,B,,,,,ASHIMA LTD.,18.4,18.97,17.62,17.69,17.69,18.9,,17.89,,,47786,872246.0,257,F1,1,,,,,
2026-07-22,2026-07-22,CM,BSE,STK,514300,INE156C01018,PIONEEREMB,B,,,,,PIONEER EMBROIDERIES LTD.,22.03,22.03,22.0,22.0,22.0,22.05,,21.99,,,151,3324.0,5,F1,1,,,,,
2026-07-22,2026-07-22,CM,BSE,STK,514312,INE156E01014,JAIHIND,X,,,,,JAIHIND INDUSTRIES LIMITED,35.0,35.0,33.5,33.5,33.5,34.99,,33.5,,,220,7385.0,4,F1,1,,,,,
2026-07-22,2026-07-22,CM,BSE,STK,514316,INE969C01022,RAGHUSYN,X,,,,,RAGHUVIR SYNTHETICS LTD.,104.75,104.75,102.0,102.05,102.0,102.05,,102.05,,,3317,338399.0,74,F1,1,,,,,
2026-07-22,2026-07-22,CM,BSE,STK,514318,INE722N01014,JATTAINDUS,X,,,,,JATTASHANKAR INDUSTIES LTD.,425.0,425.0,421.0,421.0,421.0,417.05,,421.0,,,3,1271.0,2,F1,1,,,,,
2026-07-22,2026-07-22,CM,BSE,STK,514322,INE535C01013,KAMADGIRI,XT,,,,,KAMADGIRI FASHION LTD.,128.0,128.0,121.1,121.1,121.1,127.25,,121.1,,,146,18000.0,4,F1,1,,,,,
2026-07-22,2026-07-22,CM,BSE,STK,514324,INE814D01010,OMNITEX,XT,,,,,OMNITEX INDUSTRIES (INDIA) LTD,784.0,784.0,755.0,755.0,755.0,770.0,,755.0,,,81,62999.0,6,F1,1,,,,,
2026-07-22,2026-07-22,CM,BSE,STK,514326,INE790C01014,PATSPINLTD,X,,,,,PATSPIN INDIA LTD.,6.72,6.98,6.67,6.69,6.93,6.8,,6.69,,,1545,10405.0,13,F1,1,,,,,
2026-07-22,2026-07-22,CM,BSE,STK,514330,INE670O01013,ONEGLOBAL,X,,,,,ONE GLOBAL SERVICE PROVIDER LI,612.85,612.85,591.6,599.65,601.0,604.95,,599.65,,,3076,1837616.0,221,F1,1,,,,,
2026-07-22,2026-07-22,CM,BSE,STK,514332,INE216I01017,NEOINFRA,X,,,,,NEO INFRACON LTD.,47.15,47.15,37.62,43.99,43.99,39.33,,43.99,,,1191,52278.0,50,F1,1,,,,,
2026-07-22,2026-07-22,CM,BSE,STK,514336,INE194N01016,CCME,XT,,,,,CCME GLOBAL LIMITED,126.95,126.95,120.0,120.0,120.0,121.0,,120.0,,,118,14171.0,6,F1,1,,,,,
2026-07-22,2026-07-22,CM,BSE,STK,514348,INE784B01035,WINSOME,Z,,,,,WINSOME YARNS LTD.,2.1,2.1,2.1,2.1,2.1,2.06,,2.27,,,3051,6407.0,2,F1,1,,,,,
2026-07-22,2026-07-22,CM,BSE,STK,514354,INE309M01020,PREMIERPOL,B,,,,,PREMIER POLYFILM LTD.,72.73,82.7,72.73,79.37,79.37,72.05,,79.48,,,54062,4317782.0,781,F1,1,,,,,
2026-07-22,2026-07-22,CM,BSE,STK,514358,INE339D01034,EVERFIN,X,,,,,EVERLON FINANCIALS LIMITED,101.0,112.2,101.0,112.2,112.2,110.4,,112.2,,,86,8963.0,10,F1,1,,,,,
2026-07-22,2026-07-22,CM,BSE,STK,514360,INE078T01026,KRRAIL,X,,,,,K&R RAIL ENGINEERING LIMITED,25.03,26.0,25.03,25.8,26.0,25.65,,25.8,,,14241,364229.0,204,F1,1,,,,,
2026-07-22,2026-07-22,CM,BSE,STK,514378,INE564C01013,YARNSYN,X,,,,,YARN SYNDICATE LTD.,14.03,15.79,14.03,14.36,14.36,14.89,,14.36,,,2164,30962.0,26,F1,1,,,,,
2026-07-22,2026-07-22,CM,BSE,STK,514386,INE004C01028,GUJCOTEX,XT,,,,,GUJARAT COTEX LTD.,2.98,2.99,2.8,2.97,2.97,2.85,,2.97,,,413501,1223284.0,419,F1,1,,,,,
2026-07-22,2026-07-22,CM,BSE,STK,514402,INE638N01012,ECOHOTELS,XT,,,,,ECO HOTELS AND RESORTS LIMITED,12.8,12.8,12.1,12.5,12.5,12.48,,12.5,,,5765,70755.0,33,F1,1,,,,,
2026-07-22,2026-07-22,CM,BSE,STK,514412,INE305D01019,SARUPINDUS,X,,,,,SARUP INDUSTRIES LTD.,107.05,117.7,107.0,117.7,117.7,112.15,,117.7,,,478,53291.0,10,F1,1,,,,,
2026-07-22,2026-07-22,CM,BSE,STK,514414,INE114D01015,OXFORDIN,XT,,,,,OXFORD INDUSTRIES LTD.,7.6,7.6,7.6,7.6,7.6,7.99,,7.6,,,604,4590.0,18,F1,1,,,,,
2026-07-22,2026-07-22,CM,BSE,STK,514418,INE370D01013,MANORG,T,,,,,MANGALAM ORGANICS LIMITED,580.0,580.0,560.0,560.0,560.0,570.0,,550.0,,,49,28189.0,7,F1,1,,,,,
2026-07-22,2026-07-22,CM,BSE,STK,514428,INE074C01013,HINDADH,X,,,,,HINDUSTAN ADHESIVES LTD.,267.45,267.45,256.0,256.05,256.05,260.15,,256.05,,,386,100854.0,38,F1,1,,,,,
2026-07-22,2026-07-22,CM,BSE,STK,514440,INE439N01031,BPAGRI,B,,,,,Blue Pearl Agriventures Limite,9.6,9.6,8.9,9.04,9.2,9.31,,9.04,,,36246,331802.0,280,F1,1,,,,,
2026-07-22,2026-07-22,CM,BSE,STK,514442,INE009C01019,SRIKPRIND,X,,,,,SRI KPR INDUSTRIES LTD.,21.48,21.48,19.11,21.09,21.08,20.53,,21.09,,,2003,39852.0,33,F1,1,,,,,
2026-07-22,2026-07-22,CM,BSE,STK,514448,INE577D01013,JYOTIRES,B,,,,,JYOTI RESINS & ADHESIVES LTD.,965.15,968.95,939.95,949.0,949.0,960.35,,949.0,,,10984,10462857.0,876,F1,1,,,,,
2026-07-22,2026-07-22,CM,BSE,STK,514450,INE112D01035,MHLXMIRU,B,,,,,MAHALAXMI RUBTECH LTD.,135.1,137.75,134.55,134.55,134.55,134.1,,135.96,,,554,75090.0,12,F1,1,,,,,
2026-07-22,2026-07-22,CM,BSE,STK,514454,INE410M01018,SOUTLAT,XT,,,,,SOUTHERN LATEX LTD.,25.2,25.2,23.95,25.2,25.2,25.2,,25.2,,,933,23473.0,9,F1,1,,,,,
2026-07-22,2026-07-22,CM,BSE,STK,514470,INE837B01031,WINSOMTX,X,,,,,WINSOME TEXTILE INDUSTRIES LTD,94.2,95.0,92.35,93.82,93.99,94.27,,93.82,,,4179,391800.0,31,F1,1,,,,,
2026-07-22,2026-07-22,CM,BSE,STK,515008,INE219W01012,MODINSU,XT,,,,,MODERN INSULATORS LTD.,519.95,519.95,498.5,511.7,511.7,495.2,,511.7,,,45667,23454268.0,837,F1,1,,,,,
2026-07-22,2026-07-22,CM,BSE,STK,515018,INE277C01012,REGENCERAM,B,,,,,REGENCY CERAMICS LTD.,33.05,33.22,33.03,33.22,33.22,37.69,,33.91,,,92,3039.0,4,F1,1,,,,,
2026-07-22,2026-07-22,CM,BSE,STK,515030,INE439A01020,ASAHIINDIA,A,,,,,ASAHI INDIA GLASS LTD.,894.65,898.25,884.35,886.95,886.95,895.45,,886.5,,,2484,2210512.0,211,F1,1,,,,,
2026-07-22,2026-07-22,CM,BSE,STK,515037,INE692B01014,MURUDCERA,B,,,,,MURUDESHWAR CERAMICS LTD.,30.96,31.24,30.0,31.0,31.0,30.96,,30.36,,,5321,162195.0,45,F1,1,,,,,
2026-07-22,2026-07-22,CM,BSE,STK,515043,INE068B01017,SEKURITIND,X,,,,,SAINT-GOBAIN SEKURIT INDIA LTD,132.05,133.3,130.0,130.45,130.45,132.95,,130.45,,,40410,5309023.0,386,F1,1,,,,,
2026-07-22,2026-07-22,CM,BSE,STK,515055,INE242C01024,ANANTRAJ,A,,,,,ANANT RAJ LIMITED,619.05,627.95,606.1,616.35,616.35,609.6,,616.35,,,778302,480637558.0,15818,F1,1,,,,,
2026-07-22,2026-07-22,CM,BSE,STK,515059,INE469C01023,MADHUDIN,X,,,,,MADHUSUDAN INDUSTRIES LTD.,34.0,38.0,34.0,38.0,38.0,35.98,,38.0,,,129,4400.0,5,F1,1,,,,,
2026-07-22,2026-07-22,CM,BSE,STK,515085,INE298E01022,RESTILE,X,,,,,RESTILE CERAMICS LTD.,6.78,7.1,6.71,7.0,7.0,6.81,,7.0,,,11635,79472.0,49,F1,1,,,,,
2026-07-22,2026-07-22,CM,BSE,STK,515093,INE925C01016,MADHAV,B,,,,,MADHAV MARBLES & GRANITES LTD.,35.01,35.02,34.5,34.5,34.5,35.01,,34.46,,,233,8105.0,28,F1,1,,,,,
2026-07-22,2026-07-22,CM,BSE,STK,515147,INE506D01020,HALDYNGL,T,,,,,HALDYN GLASS LTD,117.55,122.9,117.55,122.75,122.75,117.35,,118.99,,,508,61030.0,14,F1,1,,,,,
2026-07-22,2026-07-22,CM,BSE,STK,516003,INE932D01010,DUROPLY,X,,,,,DUROPLY INDUSTRIES LIMITED,107.25,111.45,104.5,104.8,104.5,109.6,,104.8,,,10254,1090675.0,122,F1,1,,,,,
2026-07-22,2026-07-22,CM,BSE,STK,516016,INE231C01019,SHREYANIND,B,,,,,SHREYANS INDUSTRIES LTD.,135.7,139.65,134.1,135.0,135.0,135.05,,134.89,,,27,3697.0,6,F1,1,,,,,
2026-07-22,2026-07-22,CM,BSE,STK,516022,INE733A01018,STARPAPER,B,,,,,STAR PAPER MILLS LTD.,144.6,151.15,140.45,146.75,146.3,144.55,,147.05,,,2036,299920.0,99,F1,1,,,,,
2026-07-22,2026-07-22,CM,BSE,STK,516030,INE551D01018,PAKKA,B,,,,,PAKKA LIMITED,71.75,73.0,70.12,71.87,72.33,72.21,,72.11,,,11678,838850.0,227,F1,1,,,,,
2026-07-22,2026-07-22,CM,BSE,STK,516032,INE385D01029,TAHMARENT,XT,,,,,TAHMAR ENTERPRISES LIMITED,4.03,4.14,3.9,3.91,3.91,4.03,,3.91,,,9704,38747.0,45,F1,1,,,,,
2026-07-22,2026-07-22,CM,BSE,STK,516038,INE737E01011,KSSMART,X,,,,,KS Smart Technologies Limited,127.4,128.6,118.75,122.1,123.5,124.9,,122.1,,,7181,868507.0,129,F1,1,,,,,
2026-07-22,2026-07-22,CM,BSE,STK,516062,INE497C01016,NATPLY,Z,,,,,NATIONAL PLYWOOD INDUSTRIES LT,2.48,2.52,2.48,2.52,2.52,2.48,,2.52,,,52,129.0,5,F1,1,,,,,
2026-07-22,2026-07-22,CM,BSE,STK,516064,INE570D01018,ARROWGREEN,T,,,,,Arrow Greentech Limited,729.8,740.4,685.55,713.55,705.0,705.15,,713.45,,,4494,3284815.0,157,F1,1,,,,,
2026-07-22,2026-07-22,CM,BSE,STK,516072,INE270I01022,VISHNU,B,,,,,VISHNU CHEMICALS LTD.,636.0,647.65,628.0,631.1,632.55,641.35,,631.7,,,13657,8691574.0,584,F1,1,,,,,
2026-07-22,2026-07-22,CM,BSE,STK,516078,INE699D01015,JUMBO,X,,,,,JUMBO BAG LTD.,65.09,69.01,65.09,67.59,67.85,64.36,,67.59,,,4313,291457.0,79,F1,1,,,,,
2026-07-22,2026-07-22,CM,BSE,STK,516082,INE740D01017,NRAIL,B,,,,,N.R.AGARWAL INDUSTRIES LTD.,428.95,455.0,428.95,449.8,450.0,429.35,,451.7,,,945,419951.0,197,F1,1,,,,,
2026-07-22,2026-07-22,CM,BSE,STK,516092,INE105C01023,3PLAND,B,,,,,3P LAND HOLDINGS LTD.,31.51,31.51,31.51,31.51,31.51,31.5,,31.85,,,72,2268.0,3,F1,1,,,,,
2026-07-22,2026-07-22,CM,BSE,STK,516098,INE810C01044,VENTURA,X,,,,,VENTURA TEXTILES LTD.,8.15,8.99,8.05,8.44,8.79,8.41,,8.44,,,8180,70403.0,39,F1,1,,,,,
2026-07-22,2026-07-22,CM,BSE,STK,516106,INE538D01015,SHKARTP,X,,,,,SHREE KARTHIK PAPERS LTD.,7.38,7.38,6.65,6.7,6.65,6.98,,6.7,,,21981,154565.0,52,F1,1,,,,,
2026-07-22,2026-07-22,CM,BSE,STK,516108,INE088G01014,STHINPA,X,,,,,SOUTH INDIA PAPER MILLS LTD.,108.3,110.7,105.0,105.45,105.0,108.0,,105.45,,,5498,586942.0,52,F1,1,,,,,
2026-07-22,2026-07-22,CM,BSE,STK,516110,INE146N01016,FAMILYCARE,X,,,,,FAMILY CARE HOSPITALS LIMITED,2.67,2.89,2.6,2.63,2.63,2.63,,2.63,,,84497,228501.0,202,F1,1,,,,,
2026-07-22,2026-07-22,CM,BSE,STK,517015,INE707A01012,VINDHYATEL,B,,,,,VINDHYA TELELINKS LTD.,1951.55,1959.35,1855.0,1888.5,1879.2,1936.25,,1892.0,,,5303,10035273.0,657,F1,1,,,,,
2026-07-22,2026-07-22,CM,BSE,STK,517035,INE302D01024,RIR,B,,,,,RIR POWER ELECTRONICS LIMITED,164.95,165.3,159.6,160.45,160.9,162.7,,160.35,,,22172,3588270.0,591,F1,1,,,,,
2026-07-22,2026-07-22,CM,BSE,STK,517041,INE045A01017,ADOR,B,,,,,ADOR WELDING LTD.,1549.95,1599.8,1457.7,1480.0,1480.0,1507.2,,1478.0,,,14213,21839042.0,1472,F1,1,,,,,
2026-07-22,2026-07-22,CM,BSE,STK,517059,INE457F01013,SALZERELEC,B,,,,,SALZER ELECTRONICS LTD.,595.95,595.95,574.95,578.95,578.0,587.9,,578.65,,,1322,767272.0,107,F1,1,,,,,
2026-07-22,2026-07-22,CM,BSE,STK,517063,INE919C01019,JETKINGQ,X,,,,,JETKING INFOTRAIN LTD.,100.2,101.0,94.56,95.53,95.53,98.66,,95.53,,,807,78301.0,24,F1,1,,,,,
2026-07-22,2026-07-22,CM,BSE,STK,517096,INE273A01015,APLAB,XT,,,,,APLAB LTD.,80.27,80.27,80.27,80.27,80.27,84.49,,80.27,,,7158,574572.0,34,F1,1,,,,,
2026-07-22,2026-07-22,CM,BSE,STK,517119,INE834B01012,PCS,X,,,,,PCS TECHNOLOGY LTD.,19.9,20.26,19.25,19.41,19.25,19.51,,19.41,,,3151,61420.0,28,F1,1,,,,,
2026-07-22,2026-07-22,CM,BSE,STK,517146,INE228A01035,USHAMART,A,,,,,USHA MARTIN LTD.,496.55,503.5,492.1,496.75,497.0,500.1,,496.75,,,10598,5258135.0,358,F1,1,,,,,
2026-07-22,2026-07-22,CM,BSE,STK,517166,INE252A01019,SPELS,X,,,,,SPEL SEMICONDUCTOR LTD.,159.0,162.0,155.0,156.1,156.1,159.95,,156.1,,,44589,7040506.0,1017,F1,1,,,,,
2026-07-22,2026-07-22,CM,BSE,STK,517168,INE287B01021,SUBROS,B,,,,,SUBROS LTD.,802.4,804.35,786.4,796.8,796.8,802.4,,795.0,,,3152,2505657.0,160,F1,1,,,,,
2026-07-22,2026-07-22,CM,BSE,STK,517170,INE125G01014,EDVENSWA,XT,,,,,Edvenswa Enterprises Limited,23.15,23.5,22.02,22.49,22.5,22.7,,22.49,,,35791,816641.0,44,F1,1,,,,,
2026-07-22,2026-07-22,CM,BSE,STK,517172,INE443P01038,PERVASIVE,XT,,,,,Pervasive Commodities Limited,4.74,4.74,4.74,4.74,4.74,4.65,,4.74,,,150,711.0,1,F1,1,,,,,
2026-07-22,2026-07-22,CM,BSE,STK,517174,INE671A01010,HONAUT,A,,,,,HONEYWELL AUTOMATION INDIA LTD,38000.05,38460.55,37975.0,38097.8,38100.1,38575.7,,38095.0,,,379,14425797.0,139,F1,1,,,,,
2026-07-22,2026-07-22,CM,BSE,STK,517201,INE311D01017,SWITCHTE,XT,,,,,SWITCHING TECHNOLOGIES GUNTHER,138.9,139.15,133.45,139.15,139.15,132.55,,139.15,,,2162,300167.0,36,F1,1,,,,,
2026-07-22,2026-07-22,CM,BSE,STK,517206,INE162B01018,LUMAXIND,B,,,,,LUMAX INDUSTRIES LTD.,5148.0,5148.0,5069.15,5083.65,5089.0,5137.9,,5084.0,,,521,2652033.0,112,F1,1,,,,,
2026-07-22,2026-07-22,CM,BSE,STK,517214,INE927C01020,DIGISPICE,T,,,,,DIGISPICE TECHNOLOGIES LIMITED,19.3,19.3,18.75,19.08,19.08,19.3,,18.87,,,11666,224379.0,16,F1,1,,,,,
2026-07-22,2026-07-22,CM,BSE,STK,517236,INE216C01010,CALCOM,X,,,,,CALCOM VISION LTD.,81.2,82.0,80.0,80.05,80.0,80.78,,80.05,,,4154,333786.0,39,F1,1,,,,,
2026-07-22,2026-07-22,CM,BSE,STK,517238,INE083E01010,DYNAVSN,X,,,,,DYNAVISION LTD.,202.7,202.7,198.0,198.05,198.0,202.7,,198.05,,,229,45482.0,7,F1,1,,,,,
2026-07-22,2026-07-22,CM,BSE,STK,517246,INE788D01016,BCCFUBA,XT,,,,,BCC FUBA INDIA LTD.,208.4,209.15,202.0,208.05,209.15,199.2,,208.05,,,83540,17402145.0,490,F1,1,,,,,
2026-07-22,2026-07-22,CM,BSE,STK,517258,INE143C01024,PRECISIO,XT,,,,,PRECISION ELECTRONICS LTD.,221.0,221.0,205.2,205.2,205.2,212.15,,205.2,,,207,43082.0,16,F1,1,,,,,
2026-07-22,2026-07-22,CM,BSE,STK,517264,INE087E01011,FINELINE,XT,,,,,FINE-LINE CIRCUITS LTD.,68.01,73.9,67.1,71.81,71.99,70.63,,71.81,,,3346,230297.0,52,F1,1,,,,,
2026-07-22,2026-07-22,CM,BSE,STK,517271,INE292B01021,HBLENGINE,A,,,,,HBL ENGINEERING LIMITED,725.55,729.35,710.0,714.15,714.15,729.3,,712.75,,,84870,61043450.0,3776,F1,1,,,,,
2026-07-22,2026-07-22,CM,BSE,STK,517273,INE902B01017,S&SPOWER,B,,,,,S&S POWER SWITCHGEAR LTD.,322.45,323.0,322.45,323.0,323.0,334.2,,342.05,,,5,1612.0,2,F1,1,,,,,
2026-07-22,2026-07-22,CM,BSE,STK,517286,INE335Q01026,RNITAI,XT,,,,,RNIT AI SOLUTIONS LIMITED,61.6,61.6,58.6,59.02,59.05,59.68,,59.02,,,50827,3034980.0,143,F1,1,,,,,
2026-07-22,2026-07-22,CM,BSE,STK,517288,INE541F01022,GUJARATPOLY,XT,,,,,Gujarat Poly Electronics Limit,74.9,74.9,71.0,73.81,73.81,72.79,,73.81,,,1158,85833.0,31,F1,1,,,,,
2026-07-22,2026-07-22,CM,BSE,STK,517300,INE162A01010,GIPCL,B,,,,,GUJARAT INDUSTRIES POWER CO.LT,162.1,162.35,158.6,159.1,159.1,162.25,,158.96,,,26609,4263146.0,514,F1,1,,,,,
2026-07-22,2026-07-22,CM,BSE,STK,517320,INE898E01011,MAGNUS,XT,,,,,MAGNUS STEEL AND INFRA LIMITED,49.57,49.57,49.57,49.57,49.57,52.17,,49.57,,,14319,709792.0,119,F1,1,,,,,
2026-07-22,2026-07-22,CM,BSE,STK,517334,INE775A01035,MOTHERSON,A,,,,,Samvardhana Motherson Internat,144.6,147.6,143.3,143.6,143.6,145.35,,143.6,,,959213,140274763.0,6230,F1,1,,,,,
2026-07-22,2026-07-22,CM,BSE,STK,517336,INE834C01028,MODMA,P,,,,,MODERN MALLEABLES LTD.,52.0,52.0,47.1,47.1,47.1,49.57,,47.1,,,600,28750.0,5,F1,100,,,,,
2026-07-22,2026-07-22,CM,BSE,STK,517344,INE110B01017,MINDTECK,B,,,,,MINDTECK (INDIA) LTD.,199.95,199.95,196.85,197.35,196.85,199.95,,197.21,,,8270,1639684.0,228,F1,1,,,,,
2026-07-22,2026-07-22,CM,BSE,STK,517354,INE176B01034,HAVELLS,A,,,,,HAVELLS INDIA LTD.,1212.35,1217.7,1193.0,1206.35,1206.9,1217.5,,1207.1,,,26411,31854114.0,1892,F1,1,,,,,
2026-07-22,2026-07-22,CM,BSE,STK,517356,INE167B01025,ACIIN,X,,,,,ACI INFOCOM LTD.,1.56,1.71,1.56,1.71,1.71,1.56,,1.71,,,795915,1353590.0,360,F1,1,,,,,
2026-07-22,2026-07-22,CM,BSE,STK,517360,INE689V01018,SBECSYS,X,,,,,SBEC SYSTEMS (INDIA) LTD.,20.5,22.3,18.64,19.2,19.2,20.54,,19.2,,,2972,57632.0,27,F1,1,,,,,
2026-07-22,2026-07-22,CM,BSE,STK,517372,INE877E01015,GUJINTRX,X,,,,,GUJARAT INTRUX LTD.,435.0,439.7,429.0,429.1,429.1,433.05,,429.1,,,280,120975.0,50,F1,1,,,,,
2026-07-22,2026-07-22,CM,BSE,STK,517380,INE188B01013,IGARASHI,B,,,,,IGARASHI MOTORS INDIA LTD.,457.0,465.15,444.7,446.15,444.75,458.55,,447.5,,,3592,1630765.0,209,F1,1,,,,,
2026-07-22,2026-07-22,CM,BSE,STK,517385,INE225D01027,SYMPHONY,B,,,,,SYMPHONY LIMITED,700.35,700.35,691.0,693.4,699.75,700.3,,694.1,,,5230,3627583.0,318,F1,1,,,,,
2026-07-22,2026-07-22,CM,BSE,STK,517393,INE043B01028,REGANTO,Z,,,,,REGANTO ENTERPRISES LIMITED,6.39,6.39,5.97,6.03,6.18,6.28,,6.03,,,284107,1716199.0,368,F1,1,,,,,
2026-07-22,2026-07-22,CM,BSE,STK,517397,INE648E01010,PANELEC,X,,,,,PAN ELECTRONICS INDIA LTD.,24.0,25.55,24.0,25.5,25.5,26.0,,25.5,,,129,3227.0,17,F1,1,,,,,
2026-07-22,2026-07-22,CM,BSE,STK,517399,INE756A01019,VXLINSTR,XT,,,,,VXL INSTRUMENTS LTD.,3.8,3.8,3.61,3.8,3.8,3.8,,3.8,,,848,3122.0,8,F1,1,,,,,
2026-07-22,2026-07-22,CM,BSE,STK,517411,INE635A01023,SHYAMTEL,T,,,,,SHYAM TELECOM LTD.,15.25,15.25,15.25,15.25,15.25,15.56,,15.26,,,614,9363.0,9,F1,1,,,,,
2026-07-22,2026-07-22,CM,BSE,STK,517415,INE791B01014,LEENEE,X,,,,,LEE & NEE SOFTWARES (EXPORTS),7.28,7.9,7.28,7.36,7.33,7.47,,7.36,,,4933,36788.0,44,F1,1,,,,,
2026-07-22,2026-07-22,CM,BSE,STK,517417,INE082C01024,PATELSAI,XT,,,,,PATELS AIRTEMP (INDIA) LTD.,305.6,333.9,303.3,332.8,333.45,319.25,,332.8,,,12424,3962967.0,252,F1,1,,,,,
2026-07-22,2026-07-22,CM,BSE,STK,517421,INE295F01017,BUTTERFLY,B,,,,,BUTTERFLY GANDHIMATHI APPLIANC,755.65,759.4,744.85,757.45,756.95,755.65,,759.85,,,1696,1273982.0,127,F1,1,,,,,
2026-07-22,2026-07-22,CM,BSE,STK,517429,INE576B01019,ATHENAGLO,XT,,,,,Athena Global Technologies Lim,56.49,57.84,54.0,57.0,57.84,55.13,,57.0,,,18228,1032251.0,27,F1,1,,,,,
2026-07-22,2026-07-22,CM,BSE,STK,517431,INE060D01028,NARMP,XT,,,,,NARMADA MACPLAST DRIP IRRIGATI,19.9,20.99,19.73,19.77,20.0,20.3,,19.77,,,10101,200905.0,36,F1,1,,,,,
2026-07-22,2026-07-22,CM,BSE,STK,517437,INE940C01015,DUTRON,X,,,,,DUTRON POLYMERS LTD.,99.0,99.0,99.0,99.0,99.0,98.3,,99.0,,,20,1980.0,1,F1,1,,,,,
2026-07-22,2026-07-22,CM,BSE,STK,517447,INE165B01029,RSSOFTWARE,T,,,,,R.S.SOFTWARE INDIA LTD.,33.75,33.75,32.47,32.55,32.55,33.13,,32.55,,,2618,85115.0,18,F1,1,,,,,
2026-07-22,2026-07-22,CM,BSE,STK,517449,INE437D01010,MAGNAELQ,XT,,,,,MAGNA ELECTRO CASTINGS LTD.,1198.0,1198.0,1111.2,1195.0,1195.0,1149.2,,1195.0,,,6,6925.0,5,F1,1,,,,,
2026-07-22,2026-07-22,CM,BSE,STK,517467,INE415B01044,MARSONS,B,,,,,MARSONS LIMITED,118.2,119.5,113.5,114.5,114.5,116.85,,114.49,,,67504,7857771.0,653,F1,1,,,,,
2026-07-22,2026-07-22,CM,BSE,STK,517477,INE033C01019,ELNET,X,,,,,ELNET TECHNOLOGIES LTD.,328.85,328.85,320.0,320.3,324.9,327.0,,320.3,,,3450,1105750.0,36,F1,1,,,,,
2026-07-22,2026-07-22,CM,BSE,STK,517494,INE258C01038,ACCEL,X,,,,,ACCEL LIMITED,12.79,12.84,12.51,12.54,12.54,12.79,,12.54,,,32126,404414.0,52,F1,1,,,,,
2026-07-22,2026-07-22,CM,BSE,STK,517498,INE855C01023,WEBELSOLAR,A,,,,,WEBSOL ENERGY SYSTEM LTD.,101.25,102.75,99.65,100.7,100.7,100.85,,100.82,,,92960,9372186.0,898,F1,1,,,,,
2026-07-22,2026-07-22,CM,BSE,STK,517500,INE535D01037,ROTO,B,,,,,ROTO PUMPS LTD.,70.05,70.29,67.57,68.58,68.08,69.97,,68.4,,,41319,2828248.0,522,F1,1,,,,,
2026-07-22,2026-07-22,CM,BSE,STK,517506,INE690A01028,TTKPRESTIG,B,,,,,TTK PRESTIGE LTD.,657.05,659.95,650.65,657.3,657.0,656.25,,657.1,,,1864,1222774.0,160,F1,1,,,,,
2026-07-22,2026-07-22,CM,BSE,STK,517514,INE589D01018,DHINDIA,X,,,,,D&H INDIA LTD,244.0,245.0,238.0,239.65,240.0,244.0,,239.65,,,1837,440917.0,47,F1,1,,,,,
2026-07-22,2026-07-22,CM,BSE,STK,517522,INE451D01029,RAJRATAN,B,,,,,RAJRATAN GLOBAL WIRE LTD.,511.0,511.0,492.6,494.9,494.8,510.45,,495.3,,,10575,5276926.0,513,F1,1,,,,,
2026-07-22,2026-07-22,CM,BSE,STK,517530,INE130B01031,SURANAT&P,B,,,,,SURANA TELECOM AND POWER LIMIT,17.61,18.49,17.61,17.95,17.91,17.95,,18.03,,,8218,147247.0,259,F1,1,,,,,
2026-07-22,2026-07-22,CM,BSE,STK,517536,INE229A01017,ONWARDTEC,B,,,,,ONWARD TECHNOLOGIES LTD.,295.0,295.0,283.0,285.8,283.0,292.1,,284.75,,,4604,1316115.0,130,F1,1,,,,,
2026-07-22,2026-07-22,CM,BSE,STK,517544,INE320B01020,CENTUM,B,,,,,CENTUM ELECTRONICS LTD.,3740.6,3740.6,3590.0,3616.4,3603.0,3707.1,,3610.4,,,1917,6995719.0,326,F1,1,,,,,
2026-07-22,2026-07-22,CM,BSE,STK,517546,INE209C01015,ALFATRAN,XT,,,,,ALFA TRANSFORMERS LTD.,41.76,41.76,40.05,40.51,40.51,41.99,,40.51,,,10407,419953.0,68,F1,1,,,,,
2026-07-22,2026-07-22,CM,BSE,STK,517554,INE141C01036,NHCFOODS,XT,,,,,NHC FOODS LTD.,1.05,1.05,1.0,1.01,1.03,1.03,,1.01,,,972812,995898.0,492,F1,1,,,,,
2026-07-22,2026-07-22,CM,BSE,STK,517556,INE362A01016,PVP,B,,,,,PVP VENTURES LTD.,29.0,29.07,28.05,28.14,28.05,28.95,,28.14,,,11760,334612.0,81,F1,1,,,,,
2026-07-22,2026-07-22,CM,BSE,STK,517562,INE948A01012,TRIGYN,B,,,,,TRIGYN TECHNOLOGIES LTD.,56.27,56.27,52.4,52.88,53.96,54.86,,53.16,,,3566,190045.0,98,F1,1,,,,,
2026-07-22,2026-07-22,CM,BSE,STK,517569,INE878B01027,KEI,A,,,,,KEI INDUSTRIES LTD.,4966.05,5060.75,4935.65,4974.6,4967.0,4975.15,,4971.5,,,9624,48085935.0,2265,F1,1,,,,,
2026-07-22,2026-07-22,CM,BSE,STK,518011,INE145L01012,KEERTHI,X,,,,,KEERTHI INDUSTRIES LTD.,36.55,39.9,36.5,38.0,38.0,38.0,,38.0,,,680,26155.0,14,F1,1,,,,,
2026-07-22,2026-07-22,CM,BSE,STK,518053,INE827D01020,SRICC,X,,,,,Sri Chakra Cement Limited,32.5,32.5,29.11,30.99,30.99,31.96,,30.99,,,3371,103435.0,65,F1,1,,,,,
2026-07-22,2026-07-22,CM,BSE,STK,518075,INE069E01019,SURAJ,Z,,,,,SURAJ PRODUCTS LTD.,224.95,228.0,221.05,227.0,227.0,223.9,,227.0,,,1104,246689.0,31,F1,1,,,,,
2026-07-22,2026-07-22,CM,BSE,STK,518091,INE071F01012,APCL,B,,,,,ANJANI PORTLAND CEMENT LTD.,107.4,107.4,101.35,107.0,107.0,105.5,,104.84,,,31,3176.0,5,F1,1,,,,,
2026-07-22,2026-07-22,CM,BSE,STK,519003,INE537F01012,MODINATUR,T,,,,,MODI NATURALS LIMITED,420.0,420.0,398.1,398.1,398.1,417.55,,413.0,,,159,64836.0,8,F1,1,,,,,
2026-07-22,2026-07-22,CM,BSE,STK,519031,INE455D01012,SHAHFOOD,XT,,,,,SHAH FOODS LTD.,361.45,375.0,361.45,375.0,375.0,368.8,,375.0,,,1173,423994.0,15,F1,1,,,,,
2026-07-22,2026-07-22,CM,BSE,STK,519091,INE488B01017,TASTYBITE,B,,,,,TASTY BITE EATABLES LTD.,9043.05,9043.05,8893.35,8909.1,8999.95,9043.05,,8954.5,,,95,853957.0,34,F1,1,,,,,
2026-07-22,2026-07-22,CM,BSE,STK,519097,INE534D01014,RITESHIN,X,,,,,RITESH INTERNATIONAL LTD.,73.2,77.47,73.2,74.9,77.29,77.3,,74.9,,,6697,509822.0,98,F1,1,,,,,
2026-07-22,2026-07-22,CM,BSE,STK,519105,INE488D01021,AVTNPL,B,,,,,AVT NATURAL PRODUCTS LTD.,68.51,69.84,67.35,69.33,69.17,69.9,,69.58,,,4083,281774.0,536,F1,1,,,,,
2026-07-22,2026-07-22,CM,BSE,STK,519126,INE254N01026,HNDFDS,B,,,,,HINDUSTAN FOODS LTD.,571.95,571.95,562.0,564.65,562.0,569.8,,563.55,,,913,517037.0,78,F1,1,,,,,
2026-07-22,2026-07-22,CM,BSE,STK,519136,INE289A01011,NAHARINDUS,B,,,,,NAHAR INDUSTRIAL ENTERPRISES L,117.0,118.0,117.0,117.05,117.05,118.3,,117.29,,,1274,150076.0,13,F1,1,,,,,
2026-07-22,2026-07-22,CM,BSE,STK,519152,INE693D01018,VADILENT,X,,,,,VADILAL ENTERPRISES LTD.,9808.0,9810.0,9800.0,9810.0,9810.0,9800.4,,9810.0,,,11,107848.0,4,F1,1,,,,,
2026-07-22,2026-07-22,CM,BSE,STK,519156,INE694D01016,VADILALIND,B,,,,,VADILAL INDUSTRIES LTD.,6783.0,6830.0,6703.25,6768.0,6768.7,6811.75,,6762.0,,,657,4449017.0,100,F1,1,,,,,
2026-07-22,2026-07-22,CM,BSE,STK,519174,INE709D01012,ASHAI,XT,,,,,ASHIANA AGRO INDUSTRIES LTD.,10.5,10.5,10.5,10.5,10.5,10.5,,10.5,,,1,10.0,1,F1,1,,,,,
2026-07-22,2026-07-22,CM,BSE,STK,519183,INE982B01027,ADFFOODS,B,,,,,ADF FOODS LTD.,303.0,303.0,295.7,299.25,300.1,302.05,,299.85,,,4048,1205848.0,122,F1,1,,,,,
2026-07-22,2026-07-22,CM,BSE,STK,519191,INE601N01010,RGRL,Z,,,,,Retro Green Revolution Limited,1.46,1.46,1.4,1.45,1.45,1.46,,1.45,,,7537,10690.0,27,F1,1,,,,,
2026-07-22,2026-07-22,CM,BSE,STK,519214,INE188E01017,WILLIMFI,X,,,,,WILLIAMSON FINANCIAL SERVICES,8.4,8.4,8.4,8.4,8.4,8.4,,8.4,,,200,1680.0,2,F1,1,,,,,
2026-07-22,2026-07-22,CM,BSE,STK,519216,INE601B01023,AJANTSOY,X,,,,,AJANTA SOYA LTD.,22.0,22.0,21.55,21.87,21.92,21.76,,21.87,,,24246,530683.0,92,F1,1,,,,,
2026-07-22,2026-07-22,CM,BSE,STK,519224,INE210A01017,WILLAMAGOR,B,,,,,WILLIAMSON MAGOR & COMPANY LTD,27.95,27.95,25.62,26.98,26.98,25.55,,25.51,,,605,15919.0,3,F1,1,,,,,
2026-07-22,2026-07-22,CM,BSE,STK,519230,INE102C01020,KISAAN,X,,,,,KISAAN PARIVAR INDUSTRIES LIMI,12.1,12.1,11.67,12.0,12.0,11.82,,12.0,,,4666,55110.0,60,F1,1,,,,,
2026-07-22,2026-07-22,CM,BSE,STK,519238,INE233P01017,SPTRSHI,X,,,,,SAPTARISHI AGRO INDUSTRIES LTD,24.94,24.94,23.7,23.7,23.7,24.94,,23.7,,,1587,37614.0,10,F1,1,,,,,
2026-07-22,2026-07-22,CM,BSE,STK,519260,INE890C01046,SANWARIA,Z,,,,,SANWARIA CONSUMER LIMITED,0.49,0.49,0.49,0.49,0.49,0.49,,0.21,,,190613,93400.0,8,F1,1,,,,,
2026-07-22,2026-07-22,CM,BSE,STK,519262,INE297D01018,PRIMAGR,X,,,,,PRIMA AGRO LTD.,13.0,13.0,13.0,13.0,13.0,13.65,,13.0,,,702,9126.0,5,F1,1,,,,,
2026-07-22,2026-07-22,CM,BSE,STK,519285,INE906C01016,TARAI,Z,,,,,TARAI FOODS LTD.,3.92,4.04,3.92,3.94,3.94,3.92,,3.94,,,54,211.0,4,F1,1,,,,,
2026-07-22,2026-07-22,CM,BSE,STK,519287,INE617B01011,MODAIRY,X,,,,,MODERN DAIRIES LTD.,30.8,31.79,30.8,30.99,31.0,32.1,,30.99,,,10325,320723.0,83,F1,1,,,,,
2026-07-22,2026-07-22,CM,BSE,STK,519295,INE921D01013,BAMBINO,X,,,,,BAMBINO AGRO INDUSTRIES LTD.,209.85,218.25,209.85,216.05,217.0,209.85,,216.05,,,4985,1068837.0,22,F1,1,,,,,
2026-07-22,2026-07-22,CM,BSE,STK,519299,INE543F01028,PRIMIND,XT,,,,,PRIME INDUSTRIES LTD.,45.89,45.89,45.76,45.76,45.76,44.0,,45.76,,,2,91.0,2,F1,1,,,,,
2026-07-22,2026-07-22,CM,BSE,STK,519307,INE706A01022,VIKASWSP,Z,,,,,VIKAS WSP LTD.,1.03,1.03,0.96,0.99,1.0,0.99,,0.99,,,116044,116991.0,82,F1,1,,,,,
2026-07-22,2026-07-22,CM,BSE,STK,519331,INE923K01014,VSFPROJ,X,,,,,VSF PROJECTS LTD.,36.99,37.49,33.35,33.8,33.35,36.43,,33.8,,,208,7406.0,14,F1,1,,,,,
2026-07-22,2026-07-22,CM,BSE,STK,519359,INE809E01018,POONADAL,X,,,,,POONA DAL & OIL INDUSTRIES LTD,62.1,63.9,62.0,62.0,62.0,63.85,,62.0,,,142,8826.0,15,F1,1,,,,,
2026-07-22,2026-07-22,CM,BSE,STK,519367,INE213P01027,TRANSFD,X,,,,,TRANSGLOBE FOODS LTD.,480.05,480.05,480.05,480.05,480.05,480.05,,480.05,,,1,480.0,1,F1,1,,,,,
2026-07-22,2026-07-22,CM,BSE,STK,519383,INE087B01017,ANIKINDS,T,,,,,ANIK INDUSTRIES LTD.,41.31,42.85,41.31,42.85,42.85,43.45,,41.97,,,221,9149.0,8,F1,1,,,,,
2026-07-22,2026-07-22,CM,BSE,STK,519397,INE220Z01013,SHINDL,B,,,,,SHARAT INDUSTRIES LTD.,163.35,163.35,159.85,161.15,161.15,162.0,,160.37,,,42308,6812933.0,169,F1,1,,,,,
2026-07-22,2026-07-22,CM,BSE,STK,519413,INE673U01014,DATIWARE,P,,,,,DATIWARE MARITIME INFRA LIMITE,40.24,40.24,40.24,40.24,40.24,38.33,,40.24,,,100,4024.0,1,F1,100,,,,,
2026-07-22,2026-07-22,CM,BSE,STK,519421,INE953E01022,KSE,X,,,,,KSE LTD.,194.0,194.5,191.1,193.2,194.5,191.95,,193.2,,,15520,2998519.0,293,F1,1,,,,,
2026-07-22,2026-07-22,CM,BSE,STK,519457,INE295C01014,VIRATCRA,X,,,,,VIRAT CRANE INDUSTRIES LTD.,40.4,40.4,38.04,39.08,39.48,39.01,,39.08,,,1597,61370.0,19,F1,1,,,,,
2026-07-22,2026-07-22,CM,BSE,STK,519463,INE678B01039,IBINFO,XT,,,,,IB INFOTECH ENTERPRISES LTD.,52.0,52.05,52.0,52.05,52.05,49.58,,52.05,,,1976,102835.0,32,F1,1,,,,,
2026-07-22,2026-07-22,CM,BSE,STK,519471,INE072V01017,AMBARPIL,X,,,,,Ambar Protein Industries Limit,188.05,188.95,188.05,188.3,188.3,192.2,,188.3,,,40,7533.0,7,F1,1,,,,,
2026-07-22,2026-07-22,CM,BSE,STK,519477,INE052V01019,CIANAGRO,T,,,,,CIAN Agro Ind & Infra Ltd,1531.4,1574.0,1500.0,1507.1,1516.0,1531.4,,1507.1,,,30375,46646206.0,1867,F1,1,,,,,
2026-07-22,2026-07-22,CM,BSE,STK,519479,INE112B01013,OMEAG,X,,,,,OMEGA AG-SEEDS (PUNJAB) LTD.,9.4,9.4,9.4,9.4,9.4,9.04,,9.4,,,151,1419.0,1,F1,1,,,,,
2026-07-22,2026-07-22,CM,BSE,STK,519483,INE358D01018,TAIIND,XT,,,,,TAI INDUSTRIES LTD.,22.15,22.15,21.09,21.09,21.09,22.15,,21.09,,,1367,30269.0,6,F1,1,,,,,
2026-07-22,2026-07-22,CM,BSE,STK,519494,INE542C01019,NKIND,B,,,,,N.K.INDUSTRIES LTD.,54.64,54.64,54.64,54.64,54.64,55.2,,64.98,,,1,54.0,1,F1,1,,,,,
2026-07-22,2026-07-22,CM,BSE,STK,519500,INE356C01022,BKV,X,,,,,BKV INDUSTRIES LTD.,9.35,9.79,9.34,9.37,9.74,9.34,,9.37,,,1986,18954.0,15,F1,1,,,,,
2026-07-22,2026-07-22,CM,BSE,STK,519506,INE630N01019,NCCBLUE,P,,,,,NCC BLUE WATER PRODUCTS LTD.,17.5,17.5,17.5,17.5,17.5,17.5,,17.5,,,300,5250.0,3,F1,100,,,,,
2026-07-22,2026-07-22,CM,BSE,STK,519532,INE822B01017,ASIANTNE,X,,,,,ASIAN TEA & EXPORTS LTD.,9.5,9.71,8.79,8.89,8.89,9.18,,8.89,,,37412,335636.0,114,F1,1,,,,,
2026-07-22,2026-07-22,CM,BSE,STK,519552,INE978A01027,HERITGFOOD,B,,,,,HERITAGE FOODS LIMITED,329.0,332.9,326.0,330.85,332.65,329.85,,330.5,,,7973,2626200.0,270,F1,1,,,,,
2026-07-22,2026-07-22,CM,BSE,STK,519566,INE354D01017,SIMRAN,X,,,,,SIMRAN FARMS LTD.,150.05,156.55,150.05,151.3,151.3,150.8,,151.3,,,992,151775.0,13,F1,1,,,,,
2026-07-22,2026-07-22,CM,BSE,STK,519574,INE092301014,HINDUST,X,,,,,HINDUSTAN AGRIGENETICS LTD.,42.0,42.0,39.01,39.17,40.99,40.21,,39.17,,,1515,60381.0,34,F1,1,,,,,
2026-07-22,2026-07-22,CM,BSE,STK,519600,INE421D01022,CCL,A,,,,,CCL PRODUCTS (INDIA) LTD.,1200.95,1214.25,1197.25,1203.2,1197.25,1205.55,,1203.2,,,7564,9116143.0,603,F1,1,,,,,
2026-07-22,2026-07-22,CM,BSE,STK,519602,INE164B01030,KELLTONTEC,B,,,,,KELLTON TECH SOLUTIONS LTD.,14.69,14.7,14.4,14.46,14.6,14.69,,14.49,,,120184,1745618.0,495,F1,1,,,,,
2026-07-22,2026-07-22,CM,BSE,STK,519604,INE565E01016,SURFI,X,,,,,SURYO FOODS & INDUSTRIES LTD.,19.7,19.7,19.7,19.7,19.7,18.8,,19.7,,,2,39.0,2,F1,1,,,,,
2026-07-22,2026-07-22,CM,BSE,STK,519606,INE177M01013,INTEGFD,XT,,,,,INTEGRATED PROTEINS LTD.,149.25,149.25,141.8,147.85,147.6,149.25,,147.85,,,1127,160273.0,24,F1,1,,,,,
2026-07-22,2026-07-22,CM,BSE,STK,519612,INE734D01010,LAKESHORE,X,,,,,LAKE SHORE REALTY LIMITED,76.3,76.3,72.0,74.59,74.0,75.24,,74.59,,,1225,90946.0,41,F1,1,,,,,
2026-07-22,2026-07-22,CM,BSE,STK,520008,INE209B01025,RICOAUTO,B,,,,,RICO AUTO INDUSTRIES LTD.,137.4,139.4,132.8,134.05,134.0,137.45,,133.9,,,52321,7075320.0,593,F1,1,,,,,
2026-07-22,2026-07-22,CM,BSE,STK,520021,INE090B01011,OMAXAUTO,T,,,,,OMAX AUTOS LTD.,232.15,236.9,224.1,225.35,225.95,235.15,,224.42,,,5646,1282329.0,76,F1,1,,,,,
2026-07-22,2026-07-22,CM,BSE,STK,520043,INE577A01027,MUNJALSHOW,B,,,,,MUNJAL SHOWA LTD.,136.75,137.0,135.9,136.25,136.5,136.75,,136.25,,,2742,373168.0,78,F1,1,,,,,
2026-07-22,2026-07-22,CM,BSE,STK,520051,INE039C01032,JAMNAAUTO,A,,,,,JAMNA AUTO INDUSTRIES LTD.,135.5,136.65,131.65,131.9,132.45,136.2,,131.93,,,86474,11533293.0,1231,F1,1,,,,,
2026-07-22,2026-07-22,CM,BSE,STK,520056,INE105A01035,TVSHLTD,A,,,,,TVS Holdings Limited,14949.0,15784.8,14650.0,14861.9,14810.1,14256.2,,14847.0,,,3910,59036061.0,1280,F1,1,,,,,
2026-07-22,2026-07-22,CM,BSE,STK,520057,INE643A01035,JTEKTINDIA,B,,,,,JTEKT India Ltd,133.8,134.3,131.0,132.05,132.0,134.0,,132.04,,,23530,3109582.0,285,F1,1,,,,,
2026-07-22,2026-07-22,CM,BSE,STK,520059,INE672B01032,MUNJALAU,B,,,,,MUNJAL AUTO INDUSTRIES LTD.,102.8,102.8,100.92,102.22,102.72,103.49,,101.94,,,10958,1114204.0,178,F1,1,,,,,
2026-07-22,2026-07-22,CM,BSE,STK,520066,INE571B01036,JAYBARMARU,B,,,,,JAY BHARAT MARUTI LTD.,176.8,176.8,167.1,168.25,170.3,171.5,,168.08,,,29578,5070662.0,493,F1,1,,,,,
2026-07-22,2026-07-22,CM,BSE,STK,520073,INE704B01017,RACLGEAR,B,,,,,RACL Geartech Limited,1385.5,1404.3,1344.1,1345.75,1344.1,1361.3,,1347.2,,,2523,3464683.0,317,F1,1,,,,,
2026-07-22,2026-07-22,CM,BSE,STK,520075,INE706B01012,SAMKRG,X,,,,,SAMKRG PISTONS & RINGS LTD.,122.95,123.4,119.05,119.5,122.9,120.9,,119.5,,,523,62954.0,26,F1,1,,,,,
2026-07-22,2026-07-22,CM,BSE,STK,520086,INE075B01020,SICALLOG,B,,,,,SICAL LOGISTICS LTD.,104.0,104.19,94.55,99.25,101.11,99.23,,99.25,,,141958,14389958.0,998,F1,1,,,,,
2026-07-22,2026-07-22,CM,BSE,STK,520111,INE703B01027,RATNAMANI,A,,,,,RATNAMANI METALS & TUBES LTD.,2527.5,2531.6,2460.0,2478.3,2475.45,2539.85,,2478.9,,,3359,8353858.0,422,F1,1,,,,,
2026-07-22,2026-07-22,CM,BSE,STK,520113,INE386A01023,VESUVIUS,A,,,,,VESUVIUS INDIA LTD.,462.95,464.6,460.55,461.85,461.25,467.0,,462.0,,,1710,790918.0,102,F1,1,,,,,
2026-07-22,2026-07-22,CM,BSE,STK,520119,INE900C01027,ASAL,B,,,,,AUTOMOTIVE STAMPINGS & ASSEMBL,553.5,556.4,543.8,546.6,549.5,551.85,,546.45,,,5218,2859031.0,225,F1,1,,,,,
2026-07-22,2026-07-22,CM,BSE,STK,520123,INE125D01011,ABCINDQ,X,,,,,ABC INDIA LTD.,63.32,64.4,62.95,63.16,63.1,62.95,,63.16,,,374,23722.0,16,F1,1,,,,,
2026-07-22,2026-07-22,CM,BSE,STK,520131,INE229E01019,COARO,P,,,,,COASTAL ROADWAYS LTD.,28.87,28.87,28.05,28.05,28.05,27.5,,28.05,,,400,11302.0,2,F1,100,,,,,
2026-07-22,2026-07-22,CM,BSE,STK,520141,INE441C01014,SIBARAUT,X,,,,,SIBAR AUTO PARTS LTD.,7.99,7.99,7.5,7.92,7.92,7.6,,7.92,,,523,4138.0,19,F1,1,,,,,
2026-07-22,2026-07-22,CM,BSE,STK,520151,INE757B01015,TRANSWORLD,T,,,,,TRANSWORLD SHIPPING LINES LIMI,165.6,165.6,161.0,161.0,161.0,160.2,,162.74,,,125,20364.0,4,F1,1,,,,,
2026-07-22,2026-07-22,CM,BSE,STK,520155,INE580C01019,STARLOG,X,,,,,Starlog Enterprises Limited,39.0,39.0,37.2,38.0,38.0,37.56,,38.0,,,4791,178853.0,43,F1,1,,,,,
2026-07-22,2026-07-22,CM,BSE,STK,521005,INE807M01031,TITANIN,X,,,,,TITAN INTECH LIMITED,0.99,1.05,0.98,1.0,1.01,0.98,,1.0,,,4138106,4173436.0,1274,F1,1,,,,,
2026-07-22,2026-07-22,CM,BSE,STK,521014,INE022C01012,EUROTEXIND,T,,,,,EUROTEX INDUSTRIES & EXPORTS L,12.85,12.85,12.85,12.85,12.85,12.85,,12.83,,,309,3970.0,1,F1,1,,,,,
2026-07-22,2026-07-22,CM,BSE,STK,521016,INE483B01026,ICIL,A,,,,,INDO COUNT INDUSTRIES LTD.,399.35,403.85,392.5,397.8,397.55,396.35,,398.0,,,14482,5775088.0,432,F1,1,,,,,
2026-07-22,2026-07-22,CM,BSE,STK,521018,INE882A01013,MARALOVER,T,,,,,MARAL OVERSEAS LTD.,55.0,55.0,54.36,54.36,54.36,54.5,,55.0,,,100,5436.0,4,F1,1,,,,,
2026-07-22,2026-07-22,CM,BSE,STK,521034,INE314C01013,SOMATEX,B,,,,,SOMA TEXTILES & INDUSTRIES LTD,103.0,103.98,100.02,102.32,101.9,103.45,,100.9,,,285,29096.0,20,F1,1,,,,,
2026-07-22,2026-07-22,CM,BSE,STK,521036,INE695C01015,SOURCEIND,XT,,,,,SOURCE INDUSTRIES (INDIA) LTD.,27.1,27.1,27.1,27.1,27.1,26.6,,27.1,,,1,27.0,1,F1,1,,,,,
2026-07-22,2026-07-22,CM,BSE,STK,521054,INE092E01011,KAKTEX,X,,,,,KAKATIYA TEXTILES LTD.,9.16,9.17,9.16,9.16,9.16,9.64,,9.16,,,1624,14880.0,10,F1,1,,,,,
2026-07-22,2026-07-22,CM,BSE,STK,521062,INE814L01013,OCTAVE,X,,,,,PERFECT-OCTAVE MEDIA PROJECTS,3.9,4.18,3.78,4.0,4.0,3.89,,4.0,,,1310,5081.0,18,F1,1,,,,,
2026-07-22,2026-07-22,CM,BSE,STK,521064,INE064C01022,TRIDENT,A,,,,,TRIDENT LTD.,25.56,26.78,25.2,25.5,25.5,25.14,,25.45,,,4131550,107609655.0,10060,F1,1,,,,,
2026-07-22,2026-07-22,CM,BSE,STK,521070,INE270A01029,ALOKINDS,A,,,,,ALOK INDUSTRIES LTD.,12.38,12.38,12.01,12.05,12.05,12.3,,12.04,,,264917,3217444.0,914,F1,1,,,,,
2026-07-22,2026-07-22,CM,BSE,STK,521080,INE604F01010,PASARI,X,,,,,PASARI SPINNING MILLS LTD.,6.65,7.16,5.57,6.96,6.96,6.65,,6.96,,,5051,28204.0,12,F1,1,,,,,
2026-07-22,2026-07-22,CM,BSE,STK,521097,INE484D01012,AMARJOTHI,X,,,,,AMARJOTHI SPINNING MILLS LTD.,180.05,180.05,160.0,173.75,173.0,181.9,,173.75,,,3152,551552.0,68,F1,1,,,,,
2026-07-22,2026-07-22,CM,BSE,STK,521105,INE482O01021,OLYMPTX,X,,,,,OLYMPIA INDUSTRIES LTD.,31.9,31.9,28.12,28.57,28.12,30.18,,28.57,,,230,6773.0,19,F1,1,,,,,
2026-07-22,2026-07-22,CM,BSE,STK,521109,INE123B01028,NAGREEKEXP,B,,,,,NAGREEKA EXPORTS LTD.,22.99,24.7,22.66,22.72,22.66,23.69,,22.77,,,708,16444.0,28,F1,1,,,,,
2026-07-22,2026-07-22,CM,BSE,STK,521113,INE691D01012,SUDTIND-B,X,,,,,SUDITI INDUSTRIES LTD.,92.99,92.99,82.0,84.28,84.12,84.2,,84.28,,,11175,949345.0,124,F1,1,,,,,
2026-07-22,2026-07-22,CM,BSE,STK,521131,INE363D01018,SBFL,X,,,,,Shree Bhavya Fabrics Limited,23.65,24.86,22.57,24.47,24.5,23.65,,24.47,,,530,12804.0,11,F1,1,,,,,
2026-07-22,2026-07-22,CM,BSE,STK,521137,INE958A01011,EUREKAI,XT,,,,,EUREKA INDUSTRIES LTD.,10.65,10.65,10.63,10.63,10.63,11.18,,10.63,,,1873,19924.0,24,F1,1,,,,,
2026-07-22,2026-07-22,CM,BSE,STK,521141,INE122D01026,ADITYASP,X,,,,,ADITYA SPINNERS LTD.,16.0,16.0,15.51,15.86,15.86,15.47,,15.86,,,2514,39760.0,17,F1,1,,,,,
2026-07-22,2026-07-22,CM,BSE,STK,521149,INE419E01024,PRIMEURB,X,,,,,PRIME URBAN DEVELOPMENT INDIA,8.61,8.61,8.05,8.24,8.59,8.61,,8.24,,,346,2956.0,12,F1,1,,,,,
2026-07-22,2026-07-22,CM,BSE,STK,521161,INE456D01010,SLSTLQ,X,,,,,SRI LAKSHMI SARASWATHI TEXTILE,30.33,30.33,30.33,30.33,30.33,30.42,,30.33,,,223,6763.0,3,F1,1,,,,,
2026-07-22,2026-07-22,CM,BSE,STK,521163,INE206B01013,ZODIACLOTH,B,,,,,ZODIAC CLOTHING CO.LTD.,78.0,78.0,77.8,77.99,77.8,78.16,,77.72,,,955,74480.0,5,F1,1,,,,,
2026-07-22,2026-07-22,CM,BSE,STK,521167,INE485D01043,MAXGROW,XT,,,,,MAXGROW INDIA LIMITED,77.15,77.33,73.65,77.33,77.33,73.65,,77.33,,,27807,2138046.0,237,F1,1,,,,,
2026-07-22,2026-07-22,CM,BSE,STK,521178,INE306D01017,SRMCL,XT,,,,,SRI RAMAKRISHNA MILLS (COIMBAT,59.2,59.2,55.97,56.61,57.7,57.5,,56.61,,,1256,71593.0,33,F1,1,,,,,
2026-07-22,2026-07-22,CM,BSE,STK,521180,INE662A01027,SUPERSPIN,T,,,,,SUPER SPINNING MILLS LTD.,5.1,5.1,5.1,5.1,5.1,5.0,,5.22,,,100,510.0,1,F1,1,,,,,
2026-07-22,2026-07-22,CM,BSE,STK,521194,INE923A01015,SILINV,B,,,,,SIL INVESTMENTS LTD.,421.0,421.0,421.0,421.0,421.0,420.45,,420.7,,,2,842.0,2,F1,1,,,,,
2026-07-22,2026-07-22,CM,BSE,STK,521200,INE713B01026,SURYALAXMI,B,,,,,SURYALAKSHMI COTTON MILLS LTD.,67.9,67.9,54.55,54.82,54.82,57.5,,55.79,,,382,21086.0,19,F1,1,,,,,
2026-07-22,2026-07-22,CM,BSE,STK,521206,INE931D01020,SAMTEX,X,,,,,SAMTEX FASHIONS LTD.,1.52,1.52,1.42,1.48,1.48,1.5,,1.48,,,3333,4855.0,30,F1,1,,,,,
2026-07-22,2026-07-22,CM,BSE,STK,521210,INE117C01010,CITYMAN,X,,,,,CITYMAN LTD.,15.0,15.37,15.0,15.37,15.37,15.0,,15.37,,,130,1997.0,3,F1,1,,,,,
2026-07-22,2026-07-22,CM,BSE,STK,521216,INE220C01012,DHANROTO,X,,,,,DHANALAXMI ROTO SPINNERS LTD.,73.52,75.0,72.05,72.65,72.64,73.59,,72.65,,,4699,342868.0,40,F1,1,,,,,
2026-07-22,2026-07-22,CM,BSE,STK,521228,INE083G01031,TATIAGLOB,X,,,,,TATIA GLOBAL VENNTURE LTD.,2.38,2.38,2.33,2.35,2.37,2.36,,2.35,,,62124,145685.0,117,F1,1,,,,,
2026-07-22,2026-07-22,CM,BSE,STK,521234,INE443E01016,SRINACHA,X,,,,,SRI NACHAMMAI COTTON MILLS LTD,27.96,28.49,27.27,28.4,28.4,29.66,,28.4,,,2314,63326.0,22,F1,1,,,,,
2026-07-22,2026-07-22,CM,BSE,STK,521238,INE893C01032,BGDL,B,,,,,BHARAT GLOBAL DEVELOPERS LIMIT,91.1,93.49,91.0,91.36,91.12,92.08,,91.36,,,6722,615567.0,129,F1,1,,,,,
2026-07-22,2026-07-22,CM,BSE,STK,521240,INE304D01012,SAMBANDAM,X,,,,,SAMBANDAM SPINNING MILLS LTD.,105.0,114.0,101.85,106.0,106.0,108.1,,106.0,,,404,42040.0,15,F1,1,,,,,
2026-07-22,2026-07-22,CM,BSE,STK,521244,INE676G01024,MKPMOB,X,,,,,MKP Mobility Limited,160.0,160.0,144.8,149.95,150.0,152.4,,149.95,,,318,48254.0,15,F1,1,,,,,
2026-07-22,2026-07-22,CM,BSE,STK,521246,INE162C01024,PARASPETRO,B,,,,,PARAS PETROFILS LTD.,2.04,2.04,1.98,2.02,2.03,2.0,,1.99,,,4915,9892.0,24,F1,1,,,,,
2026-07-22,2026-07-22,CM,BSE,STK,521248,INE602G01020,KITEX,A,,,,,KITEX GARMENTS LTD.,148.5,149.2,144.9,145.9,145.9,148.75,,145.22,,,30729,4501216.0,602,F1,1,,,,,
2026-07-22,2026-07-22,CM,BSE,STK,522001,INE608B01010,CRANEX,XT,,,,,CRANEX LTD.,96.95,96.95,88.0,92.45,90.6,92.55,,92.45,,,3650,341883.0,50,F1,1,,,,,
2026-07-22,2026-07-22,CM,BSE,STK,522004,INE177C01022,BATLIBOI,B,,,,,BATLIBOI LTD.,92.64,92.64,87.0,88.18,88.0,90.39,,88.23,,,10057,887777.0,176,F1,1,,,,,
2026-07-22,2026-07-22,CM,BSE,STK,522005,INE759F01012,AUSTENG,X,,,,,AUSTIN ENGINEERING CO.LTD.,162.25,169.75,155.15,158.55,158.55,160.55,,158.55,,,1345,217037.0,80,F1,1,,,,,
2026-07-22,2026-07-22,CM,BSE,STK,522014,INE961D01019,UNIDT,T,,,,,UNITED DRILLING TOOLS LTD.,225.0,225.8,224.95,225.7,225.7,224.0,,224.94,,,892,200760.0,10,F1,1,,,,,
2026-07-22,2026-07-22,CM,BSE,STK,522017,INE459C01016,FLUIDOM,X,,,,,FLUIDOMAT LTD.,949.0,950.0,930.0,938.4,935.0,934.0,,938.4,,,4320,4071869.0,171,F1,1,,,,,
2026-07-22,2026-07-22,CM,BSE,STK,522027,INE279D01016,EMAINDIA,XT,,,,,EMA INDIA LTD.,746.6,776.5,746.6,776.5,776.5,761.8,,776.5,,,2215,1654346.0,19,F1,1,,,,,
2026-07-22,2026-07-22,CM,BSE,STK,522029,INE052A01021,WINDMACHIN,B,,,,,WINDSOR MACHINES LTD.,300.95,300.95,292.5,298.7,294.65,298.0,,298.05,,,1812,536646.0,87,F1,1,,,,,
2026-07-22,2026-07-22,CM,BSE,STK,522034,INE631A01022,SHANTIGEAR,B,,,,,SHANTHI GEARS LTD.,420.0,421.1,407.65,412.65,412.65,420.2,,413.0,,,4524,1868969.0,315,F1,1,,,,,
2026-07-22,2026-07-22,CM,BSE,STK,522064,INE634A01018,HONDAPOWER,B,,,,,HONDA INDIA POWER PRODUCTS LIM,2128.35,2128.35,2089.05,2099.05,2099.1,2102.8,,2116.3,,,163,343351.0,64,F1,1,,,,,
2026-07-22,2026-07-22,CM,BSE,STK,522073,INE127B01011,HITECHGEAR,T,,,,,The Hi-Tech Gears Ltd,630.5,630.5,597.0,597.0,597.0,600.5,,594.15,,,22,13826.0,3,F1,1,,,,,
2026-07-22,2026-07-22,CM,BSE,STK,522074,INE285A01027,ELGIEQUIP,A,,,,,ELGI EQUIPMENTS LTD.,596.4,599.1,580.45,583.35,583.35,600.85,,583.2,,,8402,4924059.0,503,F1,1,,,,,
2026-07-22,2026-07-22,CM,BSE,STK,522091,INE890G01047,UVDRHOR,XT,,,,,UNITED VAN DER HORST LTD.,35.44,35.44,35.44,35.44,35.44,33.76,,35.44,,,966,34235.0,13,F1,1,,,,,
2026-07-22,2026-07-22,CM,BSE,STK,522101,INE338F01015,KLBRENG-B,B,,,,,KILBURN ENGINEERING LTD.,440.55,448.0,430.0,443.4,443.95,436.45,,443.65,,,5846,2582667.0,367,F1,1,,,,,
2026-07-22,2026-07-22,CM,BSE,STK,522105,INE372E01025,BIRLAPREC,B,,,,,BIRLA PRECISION TECHNOLOGIES L,35.44,35.44,34.5,34.87,34.94,34.77,,34.58,,,6989,241681.0,43,F1,1,,,,,
2026-07-22,2026-07-22,CM,BSE,STK,522108,INE384C01016,YUKEN,B,,,,,YUKEN INDIA LTD.,713.2,720.8,700.15,720.8,720.8,713.95,,717.15,,,130,92390.0,19,F1,1,,,,,
2026-07-22,2026-07-22,CM,BSE,STK,522113,INE325A01013,TIMKEN,A,,,,,TIMKEN INDIA LTD.,3075.3,3102.65,3063.8,3071.45,3075.0,3093.55,,3073.0,,,1307,4023994.0,267,F1,1,,,,,
2026-07-22,2026-07-22,CM,BSE,STK,522122,INE285C01015,VOITHPAPR,X,,,,,VOITH PAPER FABRICS INDIA LTD.,1488.0,1488.0,1411.0,1446.3,1446.3,1453.7,,1446.3,,,830,1199970.0,61,F1,1,,,,,
2026-07-22,2026-07-22,CM,BSE,STK,522134,INE133D01023,ARTSON,XT,,,,,ARTSON LIMITED,153.2,153.25,151.5,153.0,153.0,156.9,,153.0,,,1960,299569.0,17,F1,1,,,,,
2026-07-22,2026-07-22,CM,BSE,STK,522152,INE410A01013,SOLIMAC,X,,,,,SOLITAIRE MACHINE TOOLS LTD.,88.0,95.0,88.0,91.56,91.5,88.0,,91.56,,,13641,1272142.0,139,F1,1,,,,,
2026-07-22,2026-07-22,CM,BSE,STK,522163,INE989C01038,DIACABS,B,,,,,DIAMOND POWER INFRASTRUCTURE L,273.25,276.9,263.65,269.05,270.2,269.35,,269.13,,,694127,187600144.0,6745,F1,1,,,,,
2026-07-22,2026-07-22,CM,BSE,STK,522165,INE867D01018,INDSILHYD,X,,,,,INDSIL HYDRO POWER AND MANGANE,38.5,38.5,37.5,37.59,37.5,38.05,,37.59,,,5144,193867.0,42,F1,1,,,,,
2026-07-22,2026-07-22,CM,BSE,STK,522183,INE478D01014,ITL,X,,,,,ITL INDUSTRIES LTD.,300.0,300.0,280.9,282.3,289.0,283.75,,282.3,,,208,58997.0,25,F1,1,,,,,
2026-07-22,2026-07-22,CM,BSE,STK,522195,INE572D01014,FRONTSP,B,,,,,FRONTIER SPRINGS LTD.,1393.3,1400.15,1380.0,1389.5,1395.0,1400.35,,1389.7,,,5095,7069818.0,515,F1,1,,,,,
2026-07-22,2026-07-22,CM,BSE,STK,522205,INE074A01025,PRAJIND,A,,,,,PRAJ INDUSTRIES LTD.,338.0,338.0,325.65,326.7,326.7,335.85,,326.55,,,174465,57480575.0,1469,F1,1,,,,,
2026-07-22,2026-07-22,CM,BSE,STK,522207,INE682D01011,RASANDIK,X,,,,,RASANDIK ENGINEERING INDUSTRIE,65.0,65.98,64.33,64.62,65.0,64.0,,64.62,,,522,33921.0,10,F1,1,,,,,
2026-07-22,2026-07-22,CM,BSE,STK,522209,INE429B01011,YOGISUNG,XT,,,,,YOGI SUNG-WON (INDIA) LTD.,6.53,6.88,6.35,6.4,6.4,6.56,,6.4,,,15366,102011.0,16,F1,1,,,,,
2026-07-22,2026-07-22,CM,BSE,STK,522215,INE461D01028,HLEGLAS,B,,,,,HLE GLASCOAT LIMITED,437.85,441.95,412.0,417.55,417.55,440.5,,417.95,,,37863,16027298.0,1203,F1,1,,,,,
2026-07-22,2026-07-22,CM,BSE,STK,522217,INE826C01016,GUJAPOLLO,B,,,,,GUJARAT APOLLO INDUSTRIES LTD.,350.85,350.85,337.6,338.65,340.7,344.8,,338.1,,,128,44045.0,24,F1,1,,,,,
2026-07-22,2026-07-22,CM,BSE,STK,522229,INE692C01020,TANAA,X,,,,,TANEJA AEROSPACE & AVIATION LT,297.0,321.0,286.2,301.05,301.05,296.6,,301.05,,,49238,14665130.0,778,F1,1,,,,,
2026-07-22,2026-07-22,CM,BSE,STK,522231,INE714D01020,CONART,X,,,,,CONART ENGINEERS LTD.,89.61,91.8,88.13,89.65,91.8,90.2,,89.65,,,310,27781.0,21,F1,1,,,,,
2026-07-22,2026-07-22,CM,BSE,STK,522235,INE097E01028,MINALIND,X,,,,,MINAL INDUSTRIES LIMITED,2.14,2.16,2.1,2.12,2.12,2.14,,2.12,,,4955,10642.0,46,F1,1,,,,,
2026-07-22,2026-07-22,CM,BSE,STK,522237,INE092H01014,SHIVAGR,X,,,,,SHIVAGRICO IMPLEMENTS LTD.,27.7,27.7,23.5,24.36,23.5,25.3,,24.36,,,724,18339.0,10,F1,1,,,,,
2026-07-22,2026-07-22,CM,BSE,STK,522241,INE227C01017,MMFL,B,,,,,M.M.FORGINGS LTD.,560.95,563.35,545.05,551.6,550.3,556.1,,552.05,,,7722,4270017.0,363,F1,1,,,,,
2026-07-22,2026-07-22,CM,BSE,STK,522249,INE040D01038,MAYURUNIQ,B,,,,,MAYUR UNIQUOTERS LTD.,789.4,803.9,783.5,796.5,795.95,793.45,,798.05,,,4912,3880553.0,323,F1,1,,,,,
2026-07-22,2026-07-22,CM,BSE,STK,522251,INE627F01011,CENLUB,X,,,,,CENLUB INDUSTRIES LTD.,217.6,223.0,208.4,220.25,222.0,212.4,,220.25,,,7772,1692390.0,106,F1,1,,,,,
2026-07-22,2026-07-22,CM,BSE,STK,522257,INE535F01024,RAJOOENG,T,,,,,RAJOO ENGINEERS LTD.,56.13,56.13,56.13,56.13,56.13,53.46,,56.29,,,30083,1688558.0,37,F1,1,,,,,
2026-07-22,2026-07-22,CM,BSE,STK,522261,INE920A01037,DOLPHIN,B,,,,,DOLPHIN OFFSHORE ENTERPRISES (,378.9,379.9,374.05,377.0,379.5,376.8,,378.45,,,275,103688.0,44,F1,1,,,,,
2026-07-22,2026-07-22,CM,BSE,STK,522267,INE466D01019,VJLAXMIE,X,,,,,VEEJAY LAKSHMI ENGINEERING WOR,39.0,39.0,37.55,37.55,37.55,38.84,,37.55,,,1526,59421.0,11,F1,1,,,,,
2026-07-22,2026-07-22,CM,BSE,STK,522273,INE868C01018,AHMDSTE,XT,,,,,AHMEDABAD STEELCRAFT LTD.,160.0,173.55,157.05,172.6,173.55,165.3,,172.6,,,10998,1813220.0,187,F1,1,,,,,
2026-07-22,2026-07-22,CM,BSE,STK,522275,INE200A01026,GVT&D,A,,,,,GE Vernova T&D India Limited,4515.05,4601.35,4430.0,4481.2,4483.0,4488.95,,4481.5,,,31905,144247154.0,4008,F1,1,,,,,
2026-07-22,2026-07-22,CM,BSE,STK,522281,INE207E01023,RAMRAT,B,,,,,RAM RATNA WIRES LTD.,427.0,427.0,412.4,416.6,416.0,421.0,,416.6,,,9202,3826902.0,333,F1,1,,,,,
2026-07-22,2026-07-22,CM,BSE,STK,522285,INE854B01010,JAYNECOIND,A,,,,,JAYASWAL NECO INDUSTRIES LTD.,88.25,88.79,83.71,84.02,84.02,88.03,,83.97,,,265289,22710005.0,1615,F1,1,,,,,
2026-07-22,2026-07-22,CM,BSE,STK,522287,INE220B01022,KPIL,A,,,,,KALPATARU PROJECTS INTERNATION,1347.95,1347.95,1312.5,1321.6,1323.1,1341.1,,1320.1,,,2886,3823721.0,720,F1,1,,,,,
2026-07-22,2026-07-22,CM,BSE,STK,522289,INE169F01014,NMSGLOBAL,X,,,,,NMS GLOBAL LIMITED,75.95,75.95,69.6,69.6,69.6,73.26,,69.6,,,24864,1738596.0,278,F1,1,,,,,
2026-07-22,2026-07-22,CM,BSE,STK,522292,INE713D01055,CANDOUR,X,,,,,CANDOUR TECHTEX LIMITED,80.99,82.0,77.42,80.12,80.0,79.54,,80.12,,,17145,1375143.0,69,F1,1,,,,,
2026-07-22,2026-07-22,CM,BSE,STK,522294,INE811B01010,TIGLOB,X,,,,,T & I GLOBAL LTD.,172.9,172.9,172.5,172.6,172.5,165.65,,172.6,,,22,3797.0,3,F1,1,,,,,
2026-07-22,2026-07-22,CM,BSE,STK,522295,INE663B01015,CONTROLPR,B,,,,,CONTROL PRINT LIMITED,636.95,658.95,636.0,656.4,657.5,640.5,,656.8,,,5511,3583145.0,286,F1,1,,,,,
2026-07-22,2026-07-22,CM,BSE,STK,522650,INE142E01022,BEMHY,X,,,,,BEMCO HYDRAULICS LTD.,107.8,110.5,106.62,107.75,107.75,108.81,,107.75,,,35829,3912674.0,355,F1,1,,,,,
2026-07-22,2026-07-22,CM,BSE,STK,523007,INE030C01015,ANSALBU,X,,,,,ANSAL BUILDWELL LTD.,77.29,77.5,75.0,77.0,77.0,77.4,,77.0,,,1009,77511.0,17,F1,1,,,,,
2026-07-22,2026-07-22,CM,BSE,STK,523011,INE080A01014,WEIZMANIND,B,,,,,WEIZMANN LTD.,78.0,80.2,78.0,78.01,78.01,78.0,,78.1,,,47,3677.0,5,F1,1,,,,,
2026-07-22,2026-07-22,CM,BSE,STK,523019,INE710D01028,BNRSEC,X,,,,,B.N.RATHI SECURITIES LTD.,17.43,17.64,17.05,17.17,17.17,17.43,,17.17,,,31128,542979.0,104,F1,1,,,,,
2026-07-22,2026-07-22,CM,BSE,STK,523021,INE989D01010,RISHITECH,X,,,,,RISHI TECHTEX LTD.,39.0,41.0,37.76,39.0,39.0,39.03,,39.0,,,2373,91831.0,16,F1,1,,,,,
2026-07-22,2026-07-22,CM,BSE,STK,523023,INE985A01022,SINCLAIR,B,,,,,SINCLAIRS HOTELS LIMITED,75.32,75.5,74.0,74.48,74.0,74.52,,74.29,,,1018,76157.0,33,F1,1,,,,,
2026-07-22,2026-07-22,CM,BSE,STK,523025,INE429E01023,SAFARI,A,,,,,SAFARI INDUSTRIES (INDIA) LTD.,1605.05,1605.05,1571.0,1578.25,1575.0,1611.65,,1578.6,,,1467,2321278.0,206,F1,1,,,,,
2026-07-22,2026-07-22,CM,BSE,STK,523062,INE584C01011,JJFINCOR,X,,,,,J.J.FINANCE CORPORATION LTD.,60.48,60.48,60.48,60.48,60.48,57.6,,60.48,,,255,15422.0,12,F1,1,,,,,
2026-07-22,2026-07-22,CM,BSE,STK,523100,INE124B01018,COSMOFE,XT,,,,,COSMO FERRITES LTD.,219.0,219.0,215.6,215.6,215.6,220.0,,215.6,,,213,46602.0,4,F1,1,,,,,
2026-07-22,2026-07-22,CM,BSE,STK,523105,INE293E01031,CROPSTER,B,,,,,CROPSTER AGRO LIMITED,7.46,7.64,7.46,7.64,7.64,7.28,,7.64,,,51950636,396100048.0,19829,F1,1,,,,,
2026-07-22,2026-07-22,CM,BSE,STK,523120,INE628D01014,THRIVE,X,,,,,THRIVE FUTURE HABITATS LIMITED,88.5,88.5,87.0,87.0,87.0,88.5,,87.0,,,355,30928.0,7,F1,1,,,,,
2026-07-22,2026-07-22,CM,BSE,STK,523127,INE276C01014,EIHAHOTELS,B,,,,,EIH ASSOCIATED HOTELS LTD.,307.3,327.45,307.3,315.45,315.45,325.15,,316.0,,,6609,2094978.0,439,F1,1,,,,,
2026-07-22,2026-07-22,CM,BSE,STK,523144,INE442D01010,MEDICAPQ,X,,,,,MEDI-CAPS LTD.,25.66,28.0,24.34,25.55,25.06,26.26,,25.55,,,1670,44231.0,50,F1,1,,,,,
2026-07-22,2026-07-22,CM,BSE,STK,523151,INE910B01028,OTCO,XT,,,,,OTCO INTERNATIONAL LTD.,10.71,10.71,10.2,10.22,10.66,10.71,,10.22,,,2099,21942.0,12,F1,1,,,,,
2026-07-22,2026-07-22,CM,BSE,STK,523160,INE599F01020,FOSECOC,X,,,,,FOSECO CRUCIBLE INDIA LIMITED,1329.05,1329.05,1280.0,1288.75,1288.75,1328.3,,1288.75,,,2335,3022901.0,134,F1,1,,,,,
2026-07-22,2026-07-22,CM,BSE,STK,523186,INE00FM01013,BAPACK,X,,,,,B&A PACKAGING INDIA LIMITED,202.2,206.8,182.2,189.75,190.0,190.05,,189.75,,,268,50322.0,16,F1,1,,,,,
2026-07-22,2026-07-22,CM,BSE,STK,523204,INE421A01028,ABAN,T,,,,,ABAN OFFSHORE LTD.,15.3,15.55,14.77,15.29,15.55,15.18,,15.01,,,9667,146826.0,81,F1,1,,,,,
2026-07-22,2026-07-22,CM,BSE,STK,523207,INE760A01029,KOKUYOCMLN,B,,,,,KOKUYO CAMLIN LTD.,85.03,85.03,83.29,84.66,84.99,85.1,,85.33,,,1722,144560.0,38,F1,1,,,,,
2026-07-22,2026-07-22,CM,BSE,STK,523222,INE173J01018,SRMENERGY,XT,,,,,SRM ENERGY LTD.,24.12,24.24,22.55,23.87,23.87,23.62,,23.87,,,4013,92018.0,30,F1,1,,,,,
2026-07-22,2026-07-22,CM,BSE,STK,523229,INE415D01024,BHARATSE,B,,,,,BHARAT SEATS LTD.,223.25,229.55,217.55,219.6,219.45,221.0,,219.07,,,24185,5379111.0,567,F1,1,,,,,
2026-07-22,2026-07-22,CM,BSE,STK,523232,INE369D01023,CONTPTR,X,,,,,CONTINENTAL PETROLEUMS LTD.,72.05,74.9,72.05,73.01,74.2,72.05,,73.01,,,541,39170.0,13,F1,1,,,,,
2026-07-22,2026-07-22,CM,BSE,STK,523242,INE006F01018,NBFOOT,P,,,,,NB FOOTWEAR LTD.,7.19,7.19,6.52,6.89,6.8,6.86,,6.89,,,30400,208276.0,10,F1,100,,,,,
2026-07-22,2026-07-22,CM,BSE,STK,523248,INE082B01018,MACPLASQ,X,,,,,MACHINO PLASTICS LTD.,266.6,269.0,261.0,261.6,264.0,266.0,,261.6,,,401,105948.0,19,F1,1,,,,,
2026-07-22,2026-07-22,CM,BSE,STK,523260,INE844A01013,PEARLPOLY,T,,,,,PEARL POLYMERS LTD.,17.75,17.75,17.13,17.13,17.13,17.69,,17.27,,,200,3435.0,5,F1,1,,,,,
2026-07-22,2026-07-22,CM,BSE,STK,523261,INE398A01010,VENKEYS,B,,,,,VENKYS (INDIA) LTD.,1530.0,1530.0,1494.5,1506.25,1510.2,1526.8,,1501.0,,,1724,2600997.0,173,F1,1,,,,,
2026-07-22,2026-07-22,CM,BSE,STK,523269,INE199C01026,ADVANIHOTR,B,,,,,ADVANI HOTELS & RESORTS (INDIA,52.27,52.27,51.27,52.12,52.27,52.18,,52.17,,,3822,197896.0,100,F1,1,,,,,
2026-07-22,2026-07-22,CM,BSE,STK,523283,INE712B01010,SUPERHOUSE,B,,,,,SUPERHOUSE LTD.,171.05,174.0,163.2,164.05,164.0,169.75,,164.37,,,28891,4837212.0,419,F1,1,,,,,
2026-07-22,2026-07-22,CM,BSE,STK,523289,INE763B01013,RAMAVISION,X,,,,,RAMA VISION LTD.,139.95,139.95,137.05,137.2,137.2,137.7,,137.2,,,1520,208901.0,28,F1,1,,,,,
2026-07-22,2026-07-22,CM,BSE,STK,523301,INE822C01015,TCPLPACK,B,,,,,TCPL PACKAGING LTD.,3429.0,3523.0,3282.75,3319.45,3321.1,3437.55,,3310.1,,,387,1304695.0,88,F1,1,,,,,
2026-07-22,2026-07-22,CM,BSE,STK,523309,INE241V01018,SHRIGANG,X,,,,,SHRI GANG INDUSTRIES AND ALLIE,63.91,65.34,62.5,62.71,62.51,63.65,,62.71,,,18513,1176408.0,50,F1,1,,,,,
2026-07-22,2026-07-22,CM,BSE,STK,523319,INE164A01016,BALMLAWRIE,B,,,,,BALMER LAWRIE AND COMPANY LIMI,178.35,178.75,176.3,176.35,176.35,178.25,,176.5,,,4705,833773.0,121,F1,1,,,,,
2026-07-22,2026-07-22,CM,BSE,STK,523323,INE177F01017,KOVAI,B,,,,,KOVAI MEDICAL CENTER & HOSPITA,5926.85,5929.05,5685.95,5748.4,5740.0,5932.05,,5749.0,,,802,4627475.0,297,F1,1,,,,,
2026-07-22,2026-07-22,CM,BSE,STK,523329,INE668G01021,ELDEHSG,B,,,,,ELDECO HOUSING & INDUSTRIES LT,798.0,798.0,775.05,775.05,775.05,772.0,,779.25,,,36,28597.0,14,F1,1,,,,,
2026-07-22,2026-07-22,CM,BSE,STK,523367,INE499A01024,DCMSHRIRAM,A,,,,,DCM SHRIRAM LIMITED,1039.9,1039.9,1010.0,1013.0,1031.5,1039.9,,1013.7,,,2859,2919577.0,279,F1,1,,,,,
2026-07-22,2026-07-22,CM,BSE,STK,523369,INE843D01027,DCMSRIND,B,,,,,DCM SHRIRAM INDUSTRIES LTD.,42.83,44.1,41.33,41.99,41.33,42.4,,41.91,,,22651,968746.0,325,F1,1,,,,,
2026-07-22,2026-07-22,CM,BSE,STK,523371,INE636A01039,MAWANASUG,T,,,,,MAWANA SUGARS LTD.,119.35,119.35,111.05,114.35,114.0,116.65,,114.08,,,3459,390729.0,46,F1,1,,,,,
2026-07-22,2026-07-22,CM,BSE,STK,523373,INE281E01028,MINID,X,,,,,MINI DIAMONDS (INDIA) LTD.,5.6,5.69,5.38,5.42,5.42,5.5,,5.42,,,172293,946948.0,343,F1,1,,,,,
2026-07-22,2026-07-22,CM,BSE,STK,523384,INE843B01013,MAHAPEXLTD,B,,,,,MAHA RASHTRA APEX CORPORATION,45.74,45.98,43.38,45.4,45.4,45.74,,44.22,,,1972,88227.0,88,F1,1,,,,,
2026-07-22,2026-07-22,CM,BSE,STK,523385,INE310A01015,NILKAMAL,B,,,,,NILKAMAL LTD.,1571.9,1620.8,1506.3,1602.05,1602.05,1556.55,,1604.2,,,6500,10050718.0,490,F1,1,,,,,
2026-07-22,2026-07-22,CM,BSE,STK,523387,INE982C01033,HOM,XT,,,,,HOMRE LIMITED,2.0,2.04,1.96,2.04,2.04,2.0,,2.04,,,122451,243077.0,99,F1,1,,,,,
2026-07-22,2026-07-22,CM,BSE,STK,523391,INE308A01027,NAHARPOLY,B,,,,,NAHAR POLYFILMS LTD.,259.0,275.7,259.0,271.95,273.0,259.95,,272.6,,,4157,1112190.0,436,F1,1,,,,,
2026-07-22,2026-07-22,CM,BSE,STK,523395,INE470A01017,3MINDIA,A,,,,,3M INDIA LTD.,35235.05,35950.0,35096.85,35786.25,35790.0,35105.55,,35725.0,,,188,6680498.0,92,F1,1,,,,,
2026-07-22,2026-07-22,CM,BSE,STK,523398,INE782A01015,BOSCH-HCIL,B,,,,,BOSCH HOME COMFORT INDIA LIMIT,1350.0,1350.0,1320.0,1320.6,1323.55,1340.05,,1320.2,,,477,632073.0,83,F1,1,,,,,
2026-07-22,2026-07-22,CM,BSE,STK,523405,INE780C01023,JMFINANCIL,A,,,,,JM FINANCIAL LTD.,124.05,126.0,123.8,124.35,124.6,124.05,,124.39,,,224009,27937697.0,1506,F1,1,,,,,
2026-07-22,2026-07-22,CM,BSE,STK,523411,INE833A01016,ADCINDIA,XT,,,,,ADC INDIA COMMUNICATIONS LIMIT,2190.0,2244.0,2150.0,2221.75,2221.75,2201.75,,2221.75,,,650,1438006.0,106,F1,1,,,,,
2026-07-22,2026-07-22,CM,BSE,STK,523419,INE141D01018,TNTELE,B,,,,,TAMILNADU TELECOMMUNICATIONS L,8.83,9.25,8.83,9.16,9.16,9.26,,9.05,,,386,3463.0,4,F1,1,,,,,
2026-07-22,2026-07-22,CM,BSE,STK,523445,INE046A01015,RIIL,B,,,,,RELIANCE INDUSTRIAL INFRASTRUC,765.0,765.0,745.7,748.05,745.7,765.9,,747.75,,,2563,1930532.0,268,F1,1,,,,,
2026-07-22,2026-07-22,CM,BSE,STK,523457,INE473A01011,LINDEINDIA,A,,,,,Linde India Limited,6929.95,7000.0,6833.0,6840.75,6844.0,7000.3,,6840.5,,,526,3627992.0,166,F1,1,,,,,
2026-07-22,2026-07-22,CM,BSE,STK,523465,INE969D01012,INDBNK,B,,,,,IND BANK HOUSING LTD.,50.21,57.99,49.02,52.57,52.97,52.84,,52.57,,,951,48393.0,23,F1,1,,,,,
2026-07-22,2026-07-22,CM,BSE,STK,523467,INE250C01027,JAIMATAG,X,,,,,JAI MATA GLASS LTD.,2.57,2.57,2.57,2.57,2.57,2.45,,2.57,,,432448,1111391.0,72,F1,1,,,,,
2026-07-22,2026-07-22,CM,BSE,STK,523475,INE026D01011,LOTUSCHO,B,,,,,LOTUS CHOCOLATE CO.LTD.,670.8,670.8,660.0,661.95,664.4,661.4,,661.95,,,2784,1847509.0,215,F1,1,,,,,
2026-07-22,2026-07-22,CM,BSE,STK,523483,INE883C01025,PACIFICI,X,,,,,PACIFIC INDUSTRIES LTD.,131.25,132.0,129.0,129.35,129.0,131.25,,129.35,,,693,89981.0,15,F1,1,,,,,
2026-07-22,2026-07-22,CM,BSE,STK,523489,INE889F01017,CMMHOSP,X,,,,,CHENNAI MEENAKSHI MULTISPECIAL,37.66,38.0,36.51,36.98,36.51,37.84,,36.98,,,1739,64784.0,14,F1,1,,,,,
2026-07-22,2026-07-22,CM,BSE,STK,523537,INE170D01025,APMIN,X,,,,,APM INDUSTRIES LTD.,49.0,49.0,46.6,46.85,46.6,49.19,,46.85,,,2181,102591.0,25,F1,1,,,,,
2026-07-22,2026-07-22,CM,BSE,STK,523539,INE372C01037,PRECWIRE,B,,,,,PRECISION WIRES INDIA LTD.,360.0,378.2,360.0,371.7,370.1,359.3,,372.15,,,14686,5444160.0,614,F1,1,,,,,
2026-07-22,2026-07-22,CM,BSE,STK,523550,INE951B01014,KRYPTONQ,X,,,,,KRYPTON INDUSTRIES LTD.,36.75,38.5,36.53,38.0,38.0,37.42,,38.0,,,14031,530442.0,65,F1,1,,,,,
2026-07-22,2026-07-22,CM,BSE,STK,523558,INE010C01025,SWISSMLTRY,X,,,,,SWISS MILITARY CONSUMER GOODS,15.21,15.77,15.11,15.31,15.31,15.42,,15.31,,,63681,972643.0,330,F1,1,,,,,
2026-07-22,2026-07-22,CM,BSE,STK,523566,INE199D01016,MARBU,X,,,,,MARTIN BURN LTD.,43.5,43.5,43.5,43.5,43.5,43.5,,43.5,,,5,217.0,1,F1,1,,,,,
2026-07-22,2026-07-22,CM,BSE,STK,523574,INE623B01027,FEL,Z,,,,,Future Enterprises Limited,0.49,0.49,0.49,0.49,0.49,0.49,,0.49,,,4863,2382.0,7,F1,1,,,,,
2026-07-22,2026-07-22,CM,BSE,STK,523586,INE826B01026,INDTONER,X,,,,,INDIAN TONERS & DEVELOPERS LTD,51.25,51.25,47.0,49.6,49.65,50.25,,49.6,,,28405,1372724.0,455,F1,1,,,,,
2026-07-22,2026-07-22,CM,BSE,STK,523594,INE638D01021,KUNSTOFF,X,,,,,KUNSTSTOFFE INDUSTRIES LTD.,22.25,22.72,21.61,21.97,21.97,22.86,,21.97,,,157,3448.0,14,F1,1,,,,,
2026-07-22,2026-07-22,CM,BSE,STK,523598,INE109A01011,SCI,A,,,,,SHIPPING CORPORATION OF INDIA,277.2,279.5,267.15,268.7,268.7,277.05,,268.8,,,197025,53573732.0,3681,F1,1,,,,,
2026-07-22,2026-07-22,CM,BSE,STK,523606,INE438E01032,SIKA,B,,,,,SIKA INTERPLANT SYSTEMS LTD.,1234.95,1234.95,1154.05,1165.05,1180.0,1202.55,,1164.9,,,13593,15975167.0,967,F1,1,,,,,
2026-07-22,2026-07-22,CM,BSE,STK,523610,INE248A01017,ITI,B,,,,,ITI LTD.,283.8,284.95,278.1,280.6,280.6,285.75,,280.65,,,38566,10837838.0,644,F1,1,,,,,
2026-07-22,2026-07-22,CM,BSE,STK,523618,INE506A01018,DREDGECORP,B,,,,,DREDGING CORPORATION OF INDIA,1012.05,1012.05,990.2,996.35,990.2,1018.1,,996.7,,,2967,2959173.0,175,F1,1,,,,,
2026-07-22,2026-07-22,CM,BSE,STK,523630,INE870D01012,NFL,B,,,,,NATIONAL FERTILIZERS LTD.,71.65,71.89,70.64,70.88,70.88,71.89,,70.87,,,54240,3853557.0,621,F1,1,,,,,
2026-07-22,2026-07-22,CM,BSE,STK,523638,INE558A01019,IPRINGLTD,X,,,,,IP RINGS LTD.,122.0,129.95,119.15,120.0,119.15,124.75,,120.0,,,1866,233602.0,35,F1,1,,,,,
2026-07-22,2026-07-22,CM,BSE,STK,523642,INE603J01030,PIIND,A,,,,,P.I.INDUSTRIES LTD.,2703.5,2756.0,2657.0,2698.5,2687.7,2681.15,,2697.6,,,14035,38076521.0,2111,F1,1,,,,,
2026-07-22,2026-07-22,CM,BSE,STK,523648,INE083C01022,PLASTIBLEN,B,,,,,PLASTIBLENDS INDIA LTD.,199.8,200.0,192.2,194.8,195.4,198.45,,194.44,,,9600,1892391.0,472,F1,1,,,,,
2026-07-22,2026-07-22,CM,BSE,STK,523650,INE823D01011,YASHINNO,X,,,,,YASH INNOVENTURES LIMITED,36.09,37.14,35.0,36.93,37.14,35.38,,36.93,,,9535,348780.0,49,F1,1,,,,,
2026-07-22,2026-07-22,CM,BSE,STK,523652,INE465K01016,KKPLASTICK,X,,,,,Kkalpana Plastick Limited,40.61,40.61,40.61,40.61,40.61,38.68,,40.61,,,243,9868.0,6,F1,1,,,,,
2026-07-22,2026-07-22,CM,BSE,STK,523660,INE054C01015,WATERBASE,X,,,,,WATERBASE LTD.,44.25,44.67,43.55,43.82,43.82,44.2,,43.82,,,5433,239307.0,126,F1,1,,,,,
2026-07-22,2026-07-22,CM,BSE,STK,523672,INE954B01018,FLEXFO,X,,,,,FLEX FOODS LTD.,43.0,43.34,38.35,39.99,39.6,41.21,,39.99,,,9249,375615.0,65,F1,1,,,,,
2026-07-22,2026-07-22,CM,BSE,STK,523676,INE798D01015,GOLKUNDIA,X,,,,,GOLKUNDA DIAMONDS & JEWELLERY,237.5,248.95,237.5,242.95,242.25,246.3,,242.95,,,3685,892123.0,84,F1,1,,,,,
2026-07-22,2026-07-22,CM,BSE,STK,523694,INE116A01032,APCOTEXIND,B,,,,,APCOTEX INDUSTRIES LTD.,562.15,572.4,552.0,555.85,557.55,557.8,,555.1,,,5760,3244417.0,279,F1,1,,,,,
2026-07-22,2026-07-22,CM,BSE,STK,523696,INE842B01015,FORTISMLR,X,,,,,FORTIS MALAR HOSPITALS LIMITED,50.15,51.52,49.66,50.66,50.01,50.64,,50.66,,,5781,292043.0,138,F1,1,,,,,
2026-07-22,2026-07-22,CM,BSE,STK,523704,INE759A01021,MASTEK,A,,,,,MASTEK LTD.,1734.1,1739.95,1669.0,1716.6,1719.85,1746.4,,1715.5,,,12295,20910797.0,1310,F1,1,,,,,
2026-07-22,2026-07-22,CM,BSE,STK,523708,INE158B01016,EIMCOELECO,B,,,,,EIMCO ELECON (INDIA) LTD.,1821.0,1823.3,1783.1,1808.05,1811.65,1807.9,,1810.2,,,745,1343537.0,114,F1,1,,,,,
2026-07-22,2026-07-22,CM,BSE,STK,523716,INE365D01021,ASHIANA,B,,,,,ASHIANA HOUSING LTD.,394.9,409.4,380.2,382.3,381.35,396.55,,382.35,,,50314,20045868.0,1108,F1,1,,,,,
2026-07-22,2026-07-22,CM,BSE,STK,523722,INE119B01018,SVAMSOF,X,,,,,SVAM SOFTWARE LTD.,5.76,5.76,5.76,5.76,5.76,5.68,,5.76,,,4169,24013.0,7,F1,1,,,,,
2026-07-22,2026-07-22,CM,BSE,STK,523732,INE866A01016,ECOBOAR,X,,,,,ECOBOARD INDUSTRIES LTD.,54.85,54.85,51.25,51.95,52.0,53.42,,51.95,,,5038,262495.0,55,F1,1,,,,,
2026-07-22,2026-07-22,CM,BSE,STK,523736,INE477B01010,DVL,B,,,,,Dhunseri Ventures Limited,241.0,244.55,237.55,243.9,241.7,243.95,,244.81,,,5665,1363832.0,162,F1,1,,,,,
2026-07-22,2026-07-22,CM,BSE,STK,523752,INE502D01011,TIHIL,XT,,,,,TRANS INDIA HOUSE IMPEX LIMITE,3.61,3.85,3.61,3.8,3.8,3.73,,3.8,,,22398,85135.0,59,F1,1,,,,,
2026-07-22,2026-07-22,CM,BSE,STK,523754,INE215D01010,MAHEPC,B,,,,,MAHINDRA EPC IRRIGATION LIMITE,112.55,112.55,105.7,105.9,107.4,110.95,,106.69,,,11299,1240465.0,269,F1,1,,,,,
2026-07-22,2026-07-22,CM,BSE,STK,523782,INE844D01017,MITSHI,X,,,,,Mitshi India Limited,14.6,14.93,13.67,14.42,14.71,14.13,,14.42,,,13044,187123.0,80,F1,1,,,,,
2026-07-22,2026-07-22,CM,BSE,STK,523792,INE885E01042,MAZDA,T,,,,,MAZDA LTD.,223.0,226.8,218.05,224.75,224.75,226.8,,221.39,,,1062,237436.0,23,F1,1,,,,,
2026-07-22,2026-07-22,CM,BSE,STK,523796,INE048C01025,VHLTD,T,,,,,VICEROY HOTELS LTD.,134.75,134.75,131.3,132.15,132.3,131.25,,132.07,,,18450,2440660.0,25,F1,1,,,,,
2026-07-22,2026-07-22,CM,BSE,STK,523826,INE959D01013,SOVERDIA,X,,,,,SOVEREIGN DIAMONDS LTD.,22.35,24.0,22.35,23.76,23.76,23.0,,23.76,,,16613,395656.0,40,F1,1,,,,,
2026-07-22,2026-07-22,CM,BSE,STK,523828,INE071D01033,MENONBE,T,,,,,MENON BEARINGS LTD.,220.8,220.8,207.7,208.95,208.4,218.6,,207.71,,,12095,2568931.0,171,F1,1,,,,,
2026-07-22,2026-07-22,CM,BSE,STK,523832,INE862C01029,MUKATPIP,XT,,,,,MUKAT PIPES LTD.,16.8,16.8,16.8,16.8,16.8,16.48,,16.8,,,273,4586.0,6,F1,1,,,,,
2026-07-22,2026-07-22,CM,BSE,STK,523836,INE610B01024,GUJRAFFIA,B,,,,,GUJARAT RAFFIA INDUSTRIES LTD.,39.29,39.29,39.29,39.29,39.29,39.02,,39.26,,,1,39.0,1,F1,1,,,,,
2026-07-22,2026-07-22,CM,BSE,STK,523838,INE059B01024,SIMPLEXINF,B,,,,,SIMPLEX INFRASTRUCTURES LTD.,248.3,248.3,238.0,242.75,239.0,250.0,,242.15,,,4168,1004908.0,120,F1,1,,,,,
2026-07-22,2026-07-22,CM,BSE,STK,523840,INE965C01038,INNOVTEC,X,,,,,INNOVATIVE TECH PACK LTD.,13.54,13.75,13.11,13.29,13.74,13.54,,13.29,,,11431,150249.0,14,F1,1,,,,,
2026-07-22,2026-07-22,CM,BSE,STK,523842,INE460D01038,SUPTANERY,X,,,,,SUPER TANNERY LIMITED,7.1,7.4,6.88,6.99,7.0,7.2,,6.99,,,52282,364557.0,127,F1,1,,,,,
2026-07-22,2026-07-22,CM,BSE,STK,523844,INE537B01011,CONSTRONIC,X,,,,,CONSTRONICS INFRA LIMITED,52.0,52.0,49.0,49.0,49.0,47.99,,49.0,,,58,2879.0,6,F1,1,,,,,
2026-07-22,2026-07-22,CM,BSE,STK,523850,INE767C01012,AXTEL,X,,,,,AXTEL INDUSTRIES LTD.,438.85,438.85,428.0,433.8,432.75,433.25,,433.8,,,727,313822.0,67,F1,1,,,,,
2026-07-22,2026-07-22,CM,BSE,STK,523862,INE926B01016,GRANDOAK,B,,,,,GRAND OAK CANYONS DISTILLERY L,39.29,42.39,39.29,41.64,42.39,41.04,,39.45,,,272,10718.0,7,F1,1,,,,,
2026-07-22,2026-07-22,CM,BSE,STK,523874,INE191C01023,EASTINDIA,XT,,,,,East India Drums and Barrels M,97.12,97.12,87.88,96.0,96.0,92.5,,96.0,,,1493,135341.0,42,F1,1,,,,,
2026-07-22,2026-07-22,CM,BSE,STK,523888,INE317D01014,MEGAMONT,XT,,,,,MEGAMONT LIMITED,151.7,151.7,151.7,151.7,151.7,154.75,,151.7,,,51,7736.0,3,F1,1,,,,,
2026-07-22,2026-07-22,CM,BSE,STK,524000,INE511C01022,POONAWALLA,A,,,,,POONAWALLA FINCORP LIMITED,460.95,473.9,458.0,473.3,472.35,462.6,,473.0,,,52372,24562829.0,1217,F1,1,,,,,
2026-07-22,2026-07-22,CM,BSE,STK,524019,INE473D01015,KINGFA,B,,,,,Kingfa Science & Technology (I,5036.15,5173.6,5014.9,5078.6,5122.75,5070.4,,5068.5,,,244,1242503.0,42,F1,1,,,,,
2026-07-22,2026-07-22,CM,BSE,STK,524031,INE637N01014,PATIDAR,X,,,,,PATIDAR BUILDCON LIMITED,5.84,5.84,5.84,5.84,5.84,6.14,,5.84,,,1,5.0,1,F1,1,,,,,
2026-07-22,2026-07-22,CM,BSE,STK,524037,INE809A01032,RAMAPHO,B,,,,,RAMA PHOSPHATES LTD.,126.05,126.05,123.5,124.55,123.5,125.75,,124.82,,,995,123958.0,56,F1,1,,,,,
2026-07-22,2026-07-22,CM,BSE,STK,524038,INE204D01022,VENLONENT,X,,,,,VENLON ENTERPRISES LTD.,3.85,3.85,3.15,3.18,3.33,3.5,,3.18,,,23568,75447.0,31,F1,1,,,,,
2026-07-22,2026-07-22,CM,BSE,STK,524051,INE633B01018,POLYPLEX,B,,,,,POLYPLEX CORPORATION LTD.,1066.8,1122.9,1060.0,1114.55,1113.4,1072.2,,1115.05,,,11118,12274662.0,941,F1,1,,,,,
2026-07-22,2026-07-22,CM,BSE,STK,524075,INE155C01010,ALBERTDAVD,B,,,,,ALBERT DAVID LTD.,750.0,750.0,684.5,688.2,692.45,692.95,,687.5,,,248,171777.0,66,F1,1,,,,,
2026-07-22,2026-07-22,CM,BSE,STK,524080,INE681F01018,HARLETH,X,,,,,HARYANA LEATHER CHEMICALS LTD.,60.17,60.99,60.0,60.0,60.0,60.06,,60.0,,,1915,115026.0,14,F1,1,,,,,
2026-07-22,2026-07-22,CM,BSE,STK,524091,INE482D01024,CARYSIL,B,,,,,CARYSIL LIMITED,1164.85,1166.05,1146.05,1151.35,1148.0,1171.7,,1150.8,,,4129,4771486.0,324,F1,1,,,,,
2026-07-22,2026-07-22,CM,BSE,STK,524109,INE900B01029,KABRAEXTRU,B,,,,,KABRA EXTRUSIONTECHNIK LTD.,360.0,360.0,340.6,341.75,340.6,358.65,,341.0,,,7632,2672384.0,355,F1,1,,,,,
2026-07-22,2026-07-22,CM,BSE,STK,524129,INE250B01029,VINYLINDIA,B,,,,,VINYL CHEMICALS (INDIA) LTD.,246.85,247.55,243.3,244.4,243.3,245.65,,244.25,,,572,140138.0,46,F1,1,,,,,
2026-07-22,2026-07-22,CM,BSE,STK,524136,INE417E01010,PCCOSMA,X,,,,,PEE CEE COSMA SOPE LTD.,314.8,314.8,300.0,309.65,312.75,306.8,,309.65,,,125,37977.0,35,F1,1,,,,,
2026-07-22,2026-07-22,CM,BSE,STK,524156,INE034F01010,TCMLMTD,X,,,,,TCM LTD.,43.06,43.06,41.4,42.53,42.5,43.75,,42.53,,,2551,106718.0,18,F1,1,,,,,
2026-07-22,2026-07-22,CM,BSE,STK,524164,INE485C01029,IOLCP,B,,,,,IOL CHEMICALS & PHARMACEUTICAL,150.75,152.45,146.75,148.15,148.15,151.0,,148.23,,,102905,15342283.0,1185,F1,1,,,,,
2026-07-22,2026-07-22,CM,BSE,STK,524174,INE133C01033,KESARPE,X,,,,,KESAR PETROPRODUCTS LTD.,16.97,17.27,16.8,17.06,17.07,16.76,,17.06,,,69544,1189438.0,131,F1,1,,,,,
2026-07-22,2026-07-22,CM,BSE,STK,524200,INE410B01037,VINATIORGA,A,,,,,VINATI ORGANICS LTD.,1327.35,1329.4,1310.5,1312.85,1312.0,1334.0,,1314.0,,,3596,4741617.0,379,F1,1,,,,,
2026-07-22,2026-07-22,CM,BSE,STK,524202,INE058I01013,LACTOSE,X,,,,,LACTOSE (INDIA) LTD.,100.7,102.6,97.6,102.35,102.6,101.45,,102.35,,,2617,265042.0,35,F1,1,,,,,
2026-07-22,2026-07-22,CM,BSE,STK,524204,INE757D01011,TEEAI,X,,,,,TEESTA AGRO INDUSTRIES LTD.,114.0,116.85,113.7,113.75,113.75,113.7,,113.75,,,827,94076.0,11,F1,1,,,,,
2026-07-22,2026-07-22,CM,BSE,STK,524208,INE769A01020,AARTIIND,A,,,,,AARTI INDUSTRIES LTD.,500.9,505.15,485.55,495.2,492.2,499.8,,495.9,,,109402,53885101.0,2412,F1,1,,,,,
2026-07-22,2026-07-22,CM,BSE,STK,524210,INE702E01015,PNTKYOR,X,,,,,PENTOKEY ORGANY (INDIA) LTD.,35.33,35.33,35.16,35.16,35.16,35.16,,35.16,,,2,70.0,2,F1,1,,,,,
2026-07-22,2026-07-22,CM,BSE,STK,524212,INE107F01022,WANBURY,B,,,,,WANBURY LTD.,339.55,339.85,323.3,330.5,330.95,336.95,,330.65,,,14563,4803049.0,487,F1,1,,,,,
2026-07-22,2026-07-22,CM,BSE,STK,524218,INE486D01017,RESONANCE,XT,,,,,RESONANCE SPECIALTIES LTD.,136.25,136.25,132.05,135.45,135.95,136.25,,135.45,,,9287,1252019.0,39,F1,1,,,,,
2026-07-22,2026-07-22,CM,BSE,STK,524226,INE036B01030,GAEL,B,,,,,GUJARAT AMBUJA EXPORTS LTD.,143.25,145.55,141.35,144.75,144.75,142.7,,144.73,,,55118,7922209.0,743,F1,1,,,,,
2026-07-22,2026-07-22,CM,BSE,STK,524230,INE027A01015,RCF,A,,,,,RASHTRIYA CHEMICALS & FERTILIZ,127.6,127.6,125.25,125.9,125.9,127.6,,126.01,,,35834,4510544.0,374,F1,1,,,,,
2026-07-22,2026-07-22,CM,BSE,STK,524238,INE659F01022,GUJINJEC,XT,,,,,GUJARAT INJECT (KERALA) LTD.,11.7,11.75,11.5,11.5,11.5,12.1,,11.5,,,73573,850242.0,269,F1,1,,,,,
2026-07-22,2026-07-22,CM,BSE,STK,524280,INE082A01010,KOPRAN,T,,,,,KOPRAN LTD.,202.0,205.9,195.15,201.85,201.0,204.05,,201.37,,,13514,2678923.0,89,F1,1,,,,,
2026-07-22,2026-07-22,CM,BSE,STK,524288,INE008B01013,AIMCOPEST,X,,,,,AIMCO PESTICIDES LTD.,53.0,53.0,51.5,51.52,52.49,53.5,,51.52,,,1165,60022.0,11,F1,1,,,,,
2026-07-22,2026-07-22,CM,BSE,STK,524314,INE499G01013,GUJTERC,X,,,,,GUJARAT TERCE LABORATORIES LTD,33.52,35.0,33.51,35.0,35.0,34.65,,35.0,,,6969,235288.0,17,F1,1,,,,,
2026-07-22,2026-07-22,CM,BSE,STK,524322,INE323K01017,KABRADG,X,,,,,KABRA DRUGS LTD.,21.33,22.0,21.33,21.66,21.74,21.33,,21.66,,,46643,1001696.0,90,F1,1,,,,,
2026-07-22,2026-07-22,CM,BSE,STK,524324,INE573R01012,SEYAIND,T,,,,,SEYA INDUSTRIES LTD.,12.94,12.94,12.46,12.46,12.46,12.7,,12.48,,,348,4336.0,5,F1,1,,,,,
2026-07-22,2026-07-22,CM,BSE,STK,524330,INE785A01026,JAYAGROGN,B,,,,,JAYANT AGRO-ORGANICS LTD.,222.95,223.1,217.1,220.3,223.0,222.65,,220.28,,,434,95562.0,71,F1,1,,,,,
2026-07-22,2026-07-22,CM,BSE,STK,524332,INE412G01024,BCLIND,B,,,,,BCL INDUSTRIES LIMITED,34.77,35.65,34.56,34.86,34.75,34.95,,34.87,,,84333,2945493.0,375,F1,1,,,,,
2026-07-22,2026-07-22,CM,BSE,STK,524336,INE065E01017,SHHARICH,X,,,,,SHREE HARI CHEMICALS EXPORT LT,135.4,136.0,131.35,134.0,134.0,137.4,,134.0,,,545,72993.0,10,F1,1,,,,,
2026-07-22,2026-07-22,CM,BSE,STK,524342,INE803D01021,INDOBORAX,B,,,,,INDO BORAX & CHEMICALS LTD.,421.95,428.0,390.0,397.85,392.05,430.4,,396.8,,,38854,15926661.0,961,F1,1,,,,,
2026-07-22,2026-07-22,CM,BSE,STK,524348,INE767A01016,AARTIDRUGS,B,,,,,AARTI DRUGS LTD.,426.0,432.75,403.2,412.55,412.5,426.55,,412.05,,,15716,6454436.0,605,F1,1,,,,,
2026-07-22,2026-07-22,CM,BSE,STK,524370,INE338D01028,BODALCHEM,T,,,,,BODAL CHEMICALS LTD.,65.08,65.94,65.0,65.48,65.4,65.33,,65.33,,,2833,184832.0,17,F1,1,,,,,
2026-07-22,2026-07-22,CM,BSE,STK,524372,INE191A01027,ORCHPHARMA,B,,,,,Orchid Pharma Limited,1025.0,1025.0,987.55,1001.45,1002.25,1021.95,,1001.0,,,10405,10405316.0,600,F1,1,,,,,
2026-07-22,2026-07-22,CM,BSE,STK,524394,INE579C01029,VIMTALABS,B,,,,,VIMTA LABS LTD.,594.45,633.95,575.25,583.9,585.5,600.5,,583.9,,,138362,83483063.0,4872,F1,1,,,,,
2026-07-22,2026-07-22,CM,BSE,STK,524396,INE829A01014,BIOFILCHEM,B,,,,,BIOFIL CHEMICALS & PHARMACEUTI,36.46,36.46,33.09,33.09,33.09,33.3,,33.42,,,270,9390.0,19,F1,1,,,,,
2026-07-22,2026-07-22,CM,BSE,STK,524404,INE750C01026,MARKSANS,A,,,,,MARKSANS PHARMA LTD.,244.5,249.0,239.2,240.9,240.9,260.35,,241.1,,,456750,111020071.0,5783,F1,1,,,,,
2026-07-22,2026-07-22,CM,BSE,STK,524408,INE113E01015,UNIVSTAR,XT,,,,,UNIVERSAL STARCH-CHEM ALLIED L,203.9,203.9,192.5,195.05,198.5,199.9,,195.05,,,611,119912.0,14,F1,1,,,,,
2026-07-22,2026-07-22,CM,BSE,STK,524412,INE198H01019,AAREYDRUGS,T,,,,,AAREY DRUGS & PHARMACEUTICALS,79.08,79.08,77.97,78.0,78.0,79.56,,76.99,,,6146,485327.0,15,F1,1,,,,,
2026-07-22,2026-07-22,CM,BSE,STK,524414,INE744C01029,NORRIS,X,,,,,NORRIS MEDICINES LTD.,14.78,15.4,14.78,15.4,15.4,15.55,,15.4,,,956,14193.0,8,F1,1,,,,,
2026-07-22,2026-07-22,CM,BSE,STK,524434,INE810M01019,ASINPET,X,,,,,ASIAN PETROPRODUCTS & EXPORTS,8.6,9.09,8.5,9.04,9.0,8.39,,9.04,,,24203,214020.0,67,F1,1,,,,,
2026-07-22,2026-07-22,CM,BSE,STK,524440,INE198C01010,CAMEXLTD,X,,,,,CAMEX LTD.,39.52,40.99,39.5,40.56,40.99,40.73,,40.56,,,1228,48672.0,18,F1,1,,,,,
2026-07-22,2026-07-22,CM,BSE,STK,524444,INE313M01030,EVEXIA,XT,,,,,EVEXIA LIFECARE LIMITED,1.7,1.7,1.59,1.66,1.66,1.67,,1.66,,,4311603,7061942.0,602,F1,1,,,,,
2026-07-22,2026-07-22,CM,BSE,STK,524458,INE319N01019,INDOEURO,X,,,,,INDO EURO INDCHEM LTD.,7.77,10.29,7.77,10.0,10.0,8.63,,10.0,,,27708,283584.0,23,F1,1,,,,,
2026-07-22,2026-07-22,CM,BSE,STK,524470,INE312C01025,SYNCOMF,B,,,,,SYNCOM FORMULATIONS (INDIA) LT,13.64,13.64,13.14,13.18,13.19,13.55,,13.19,,,84381,1119408.0,499,F1,1,,,,,
2026-07-22,2026-07-22,CM,BSE,STK,524480,INE249D01019,RIDDHI,XT,,,,,RIDDHI SIDDHI GLUCO BIOLS LTD.,730.0,730.0,710.0,711.6,725.0,730.0,,711.6,,,986,709721.0,38,F1,1,,,,,
2026-07-22,2026-07-22,CM,BSE,STK,524488,INE038B01010,SVCIND,X,,,,,SVC INDUSTRIES LIMITED,2.1,2.1,1.96,2.08,2.08,2.02,,2.08,,,12292,24767.0,52,F1,1,,,,,
2026-07-22,2026-07-22,CM,BSE,STK,524494,INE571A01038,IPCALAB,A,,,,,IPCA LABORATORIES LTD.,1789.95,1793.15,1730.25,1787.65,1793.15,1798.8,,1788.5,,,6888,12182742.0,610,F1,1,,,,,
2026-07-22,2026-07-22,CM,BSE,STK,524500,INE729D01010,KILITCH,T,,,,,KILITCH DRUGS (INDIA) LTD.,187.9,187.9,176.55,181.9,181.9,180.5,,178.26,,,1298,234314.0,11,F1,1,,,,,
2026-07-22,2026-07-22,CM,BSE,STK,524504,INE270D01015,REVAMEDIA,X,,,,,REVATI MEDIA LIMITED,11.62,11.62,11.62,11.62,11.62,11.07,,11.62,,,300,3486.0,2,F1,1,,,,,
2026-07-22,2026-07-22,CM,BSE,STK,524506,INE683E01017,CORALAB,XT,,,,,CORAL LABORATORIES LTD.,599.9,599.9,570.0,580.0,591.7,588.0,,580.0,,,573,334290.0,24,F1,1,,,,,
2026-07-22,2026-07-22,CM,BSE,STK,524516,INE711D01018,BACPHAR,X,,,,,BACIL PHARMA LTD.,31.24,31.24,31.24,31.24,31.24,32.88,,31.24,,,3408,106465.0,28,F1,1,,,,,
2026-07-22,2026-07-22,CM,BSE,STK,524518,INE268B01013,KREBSBIO,B,,,,,KREBS BIOCHEMICALS & INDUSTRIE,53.5,53.5,53.5,53.5,53.5,54.44,,53.49,,,51,2728.0,2,F1,1,,,,,
2026-07-22,2026-07-22,CM,BSE,STK,524520,INE879K01018,KMCSHIL,B,,,,,KMC SPECIALITY HOSPITALS (INDI,132.7,136.0,131.4,132.5,133.0,133.4,,132.5,,,83903,11178679.0,1450,F1,1,,,,,
2026-07-22,2026-07-22,CM,BSE,STK,524522,INE919B01011,LAFFANSQ,X,,,,,LAFFANS PETROCHEMICALS LTD.,27.05,27.99,27.0,27.89,27.89,28.0,,27.89,,,513,13864.0,6,F1,1,,,,,
2026-07-22,2026-07-22,CM,BSE,STK,524534,INE972C01018,BHASKAGR,X,,,,,BHASKAR AGROCHEMICALS LTD.,120.0,121.55,120.0,120.15,121.55,121.55,,120.15,,,357,42873.0,6,F1,1,,,,,
2026-07-22,2026-07-22,CM,BSE,STK,524542,INE450E01029,SUKHJITS,B,,,,,SUKHJIT STARCH & CHEMICALS LTD,161.6,165.05,161.6,164.0,164.0,159.85,,163.94,,,65,10566.0,18,F1,1,,,,,
2026-07-22,2026-07-22,CM,BSE,STK,524548,INE465H01012,SHARMEH,X,,,,,SHARMA EAST INDIA HOSPITALS &,100.77,100.77,97.0,100.0,100.0,99.78,,100.0,,,37,3697.0,5,F1,1,,,,,
2026-07-22,2026-07-22,CM,BSE,STK,524558,INE794A01010,NEULANDLAB,A,,,,,NEULAND LABORATORIES LTD.,18869.95,18931.0,18400.0,18497.9,18467.0,18892.25,,18467.0,,,616,11439639.0,236,F1,1,,,,,
2026-07-22,2026-07-22,CM,BSE,STK,524564,INE052E01015,GAYATRIBI,X,,,,,GAYATRI BIOORGANICS LTD.,6.8,7.09,6.49,6.55,6.55,6.8,,6.55,,,7182,48336.0,40,F1,1,,,,,
2026-07-22,2026-07-22,CM,BSE,STK,524570,INE371C01013,PODDARMENT,B,,,,,PODDAR PIGMENTS LTD.,265.7,267.55,263.4,263.4,263.4,263.4,,265.41,,,551,146148.0,69,F1,1,,,,,
2026-07-22,2026-07-22,CM,BSE,STK,524572,INE117D01018,PHARMAID,X,,,,,PHARMAIDS PHARMACEUTICALS LTD.,32.98,32.98,30.36,30.97,30.85,31.03,,30.97,,,3074,96895.0,68,F1,1,,,,,
2026-07-22,2026-07-22,CM,BSE,STK,524576,INE737C01023,VIVIDIND,X,,,,,VIVID GLOBAL INDUSTRIES LTD.,19.7,19.86,19.4,19.84,19.85,19.95,,19.84,,,160,3149.0,8,F1,1,,,,,
2026-07-22,2026-07-22,CM,BSE,STK,524582,INE314D01011,TIRUSTA,X,,,,,TIRUPATI STARCH & CHEMICALS LT,166.85,166.85,150.2,165.0,165.0,166.05,,165.0,,,325,50722.0,23,F1,1,,,,,
2026-07-22,2026-07-22,CM,BSE,STK,524592,INE263B01022,JAYSYNTH,X,,,,,JAYSYNTH ORGOCHEM LIMITED,12.7,12.7,12.41,12.49,12.49,12.32,,12.49,,,17994,224984.0,55,F1,1,,,,,
2026-07-22,2026-07-22,CM,BSE,STK,524594,INE994D01010,AEONXDIGI,X,,,,,Aeonx Digital Technology Limit,130.0,130.0,123.05,124.55,126.1,123.5,,124.55,,,1094,138868.0,42,F1,1,,,,,
2026-07-22,2026-07-22,CM,BSE,STK,524598,INE542B01011,AKSHARCHEM,T,,,,,AKSHARCHEM (INDIA) LTD.,231.6,231.6,226.2,226.35,226.35,237.0,,234.94,,,79,17898.0,8,F1,1,,,,,
2026-07-22,2026-07-22,CM,BSE,STK,524602,INE875N01036,BANDARAM,X,,,,,BANDARAM PHARMA PACKTECH LIMIT,23.09,23.89,23.09,23.33,23.85,23.08,,23.33,,,1496,35635.0,15,F1,1,,,,,
2026-07-22,2026-07-22,CM,BSE,STK,524606,INE415H01017,BERLDRG,X,,,,,BERYL DRUGS LTD.,22.5,22.5,21.12,21.99,21.99,22.0,,21.99,,,251,5347.0,5,F1,1,,,,,
2026-07-22,2026-07-22,CM,BSE,STK,524614,INE056E01024,INDXTRA,X,,,,,IEL LIMITED,6.27,6.63,6.27,6.39,6.43,6.39,,6.39,,,30224,192710.0,77,F1,1,,,,,
2026-07-22,2026-07-22,CM,BSE,STK,524622,INE532B01020,ISTRNETWK,X,,,,,ISTREET NETWORK LIMITED,48.58,49.24,46.55,47.91,48.49,48.26,,47.91,,,16442,783363.0,97,F1,1,,,,,
2026-07-22,2026-07-22,CM,BSE,STK,524624,INE076D01016,GAGAN,XT,,,,,GAGAN GASES LTD.,19.63,19.99,18.65,18.65,18.65,19.63,,18.65,,,910,17060.0,36,F1,1,,,,,
2026-07-22,2026-07-22,CM,BSE,STK,524628,INE750B01010,PARKERAC,X,,,,,PARKER AGROCHEM EXPORTS LTD.,13.86,13.86,13.85,13.85,13.85,13.2,,13.85,,,87,1205.0,3,F1,1,,,,,
2026-07-22,2026-07-22,CM,BSE,STK,524632,INE551C01044,SHUKRAPHAR,B,,,,,Shukra Pharmaceuticals Limited,32.27,33.39,30.57,31.5,31.55,32.84,,31.5,,,219534,6960056.0,1192,F1,1,,,,,
2026-07-22,2026-07-22,CM,BSE,STK,524634,INE058F01019,ALUFLUOR,X,,,,,ALUFLUORIDE LTD.,497.85,497.85,486.5,489.65,488.5,495.4,,489.65,,,4558,2233995.0,137,F1,1,,,,,
2026-07-22,2026-07-22,CM,BSE,STK,524636,INE102E01018,OXYGENTAPH,X,,,,,OXYGENTA PHARMACEUTICAL LIMITE,49.01,49.98,49.0,49.38,49.98,48.9,,49.38,,,2208,108674.0,29,F1,1,,,,,
2026-07-22,2026-07-22,CM,BSE,STK,524640,INE078I01011,ARCHITORG,XT,,,,,ARCHIT ORGANOSYS LTD.,56.0,56.0,53.5,54.79,54.8,54.75,,54.79,,,9297,503791.0,58,F1,1,,,,,
2026-07-22,2026-07-22,CM,BSE,STK,524648,INE760F01028,INDOAMIN,T,,,,,INDO AMINES LTD.,129.9,132.35,126.0,132.15,130.05,126.05,,131.9,,,4860,638356.0,86,F1,1,,,,,
2026-07-22,2026-07-22,CM,BSE,STK,524654,INE936B01015,NATCAPSUQ,B,,,,,NATURAL CAPSULES LTD.,164.9,164.9,142.0,142.0,142.0,139.25,,142.71,,,210,34410.0,3,F1,1,,,,,
2026-07-22,2026-07-22,CM,BSE,STK,524661,INE331C01025,WELCURE,X,,,,,WELCURE DRUGS & PHARMACEUTICAL,0.26,0.26,0.24,0.24,0.25,0.26,,0.24,,,12469082,3029578.0,1119,F1,1,,,,,
2026-07-22,2026-07-22,CM,BSE,STK,524663,INE994B01014,BIBCL,B,,,,,BHARAT IMMUNOLOGICALS & BIOLOG,16.79,16.9,16.25,16.44,16.44,16.79,,16.44,,,13967,231440.0,116,F1,1,,,,,
2026-07-22,2026-07-22,CM,BSE,STK,524667,INE035D01020,SOTL,B,,,,,SAVITA OIL TECHNOLOGIES LTD.,609.25,609.95,584.45,594.95,593.55,601.45,,596.1,,,11854,7046291.0,381,F1,1,,,,,
2026-07-22,2026-07-22,CM,BSE,STK,524669,INE782E01017,HESTERBIO,B,,,,,HESTER BIOSCIENCES LTD.,2443.8,2462.05,2396.05,2429.25,2407.4,2452.3,,2430.8,,,610,1487193.0,172,F1,1,,,,,
2026-07-22,2026-07-22,CM,BSE,STK,524675,INE645C01010,KABSON,XT,,,,,KABSONS INDUSTRIES LTD.,21.74,21.74,20.71,21.0,21.0,20.71,,21.0,,,444,9525.0,14,F1,1,,,,,
2026-07-22,2026-07-22,CM,BSE,STK,524687,INE473E01021,BASANTGL,X,,,,,BASANT AGRO TECH (INDIA) LTD.,11.11,11.15,10.71,11.15,11.15,11.11,,11.15,,,22963,253621.0,91,F1,1,,,,,
2026-07-22,2026-07-22,CM,BSE,STK,524703,INE751D01014,SANDUPHQ,X,,,,,SANDU PHARMACEUTICALS LTD.,39.6,41.5,39.6,41.03,41.0,39.55,,41.03,,,6564,261171.0,16,F1,1,,,,,
2026-07-22,2026-07-22,CM,BSE,STK,524709,INE295D01020,NACLIND,B,,,,,NACL Industries Limited,211.65,235.5,202.45,204.8,204.8,211.6,,204.89,,,635807,139471147.0,5386,F1,1,,,,,
2026-07-22,2026-07-22,CM,BSE,STK,524711,INE427C01021,VISTAPH,X,,,,,VISTA PHARMACEUTICALS LTD.,7.15,7.3,7.01,7.26,7.3,7.15,,7.26,,,1173,8406.0,21,F1,1,,,,,
2026-07-22,2026-07-22,CM,BSE,STK,524715,INE044A01036,SUNPHARMA,A,,,,,SUN PHARMACEUTICAL INDUSTRIES,1942.45,1951.85,1924.5,1942.95,1942.95,1962.15,,1943.0,,,64866,125815491.0,6469,F1,1,,,,,
2026-07-22,2026-07-22,CM,BSE,STK,524717,INE150C01029,TITANBIO,XT,,,,,TITAN BIOTECH LTD.,426.95,430.0,411.6,424.55,424.95,428.7,,424.55,,,25868,10893887.0,425,F1,1,,,,,
2026-07-22,2026-07-22,CM,BSE,STK,524723,INE491D01017,ARVAYA,XT,,,,,Arvaya Healthcare Limited,126.46,126.46,126.46,126.46,126.46,120.44,,126.46,,,388,49066.0,6,F1,1,,,,,
2026-07-22,2026-07-22,CM,BSE,STK,524727,INE004E01016,SDL,X,,,,,Span Divergent Limited,37.1,38.3,35.9,37.94,37.94,36.77,,37.94,,,667,25214.0,17,F1,1,,,,,
2026-07-22,2026-07-22,CM,BSE,STK,524731,INE354A01013,JENBURPH,X,,,,,JENBURKT PHARMACEUTICALS LTD.,1090.95,1106.9,1054.3,1067.55,1067.55,1090.95,,1067.55,,,865,929102.0,67,F1,1,,,,,
2026-07-22,2026-07-22,CM,BSE,STK,524735,INE475B01022,HIKAL,B,,,,,HIKAL LTD.,226.0,226.0,212.95,213.5,213.5,225.05,,213.65,,,39238,8438515.0,717,F1,1,,,,,
2026-07-22,2026-07-22,CM,BSE,STK,524742,INE475E01026,CAPLIPOINT,A,,,,,CAPLIN POINT LABORATORIES LTD.,2602.05,2605.3,2460.1,2480.95,2490.0,2607.05,,2480.6,,,9799,24623213.0,1158,F1,1,,,,,
2026-07-22,2026-07-22,CM,BSE,STK,524743,INE771F01041,FISCHER,B,,,,,FISCHER MEDICAL VENTURES LIMIT,40.73,40.73,38.78,39.0,38.78,40.02,,38.95,,,65866,2591052.0,326,F1,1,,,,,
2026-07-22,2026-07-22,CM,BSE,STK,524752,INE643N01012,DECIPHER,X,,,,,DECIPHER LABS LIMITED,5.99,5.99,5.95,5.99,5.99,5.63,,5.99,,,3503,20935.0,18,F1,1,,,,,
2026-07-22,2026-07-22,CM,BSE,STK,524768,INE634B01016,EMMESSA,X,,,,,EMMESSAR BIOTECH & NUTRITION L,24.51,25.79,24.31,24.4,24.4,25.21,,24.4,,,692,17033.0,11,F1,1,,,,,
2026-07-22,2026-07-22,CM,BSE,STK,524774,INE887E01022,NGLFINE,B,,,,,NGL FINE-CHEM LTD.,3214.8,3270.0,3133.6,3261.6,3261.6,3239.55,,3257.7,,,1546,5019069.0,446,F1,1,,,,,
2026-07-22,2026-07-22,CM,BSE,STK,524790,INE334C01029,EVERESTO,X,,,,,EVEREST ORGANICS LTD.,305.05,305.05,276.05,290.05,290.0,308.05,,290.05,,,1642,482215.0,96,F1,1,,,,,
2026-07-22,2026-07-22,CM,BSE,STK,524804,INE406A01037,AUROPHARMA,A,,,,,AUROBINDO PHARMA LTD.,1571.2,1571.2,1515.15,1532.95,1549.0,1580.45,,1533.6,,,63139,96955479.0,4744,F1,1,,,,,
2026-07-22,2026-07-22,CM,BSE,STK,524808,INE037C01010,PHYTO,X,,,,,PHYTO CHEM (INDIA) LTD.,23.8,23.8,22.6,23.69,23.69,24.0,,23.69,,,941,21876.0,17,F1,1,,,,,
2026-07-22,2026-07-22,CM,BSE,STK,524816,INE987B01026,NATCOPHARM,A,,,,,NATCO PHARMA LTD.,953.25,955.1,927.4,934.8,934.8,961.95,,934.3,,,70248,65794992.0,5287,F1,1,,,,,
2026-07-22,2026-07-22,CM,BSE,STK,524818,INE457C01010,DYNAMIND,X,,,,,DYNAMIC INDUSTRIES LTD.,107.0,113.65,107.0,113.5,113.65,112.0,,113.5,,,126,14205.0,5,F1,1,,,,,
2026-07-22,2026-07-22,CM,BSE,STK,524820,INE305C01029,PANAMAPET,B,,,,,PANAMA PETROCHEM LTD.,459.8,459.8,449.5,457.3,457.7,458.8,,457.05,,,13012,5888074.0,354,F1,1,,,,,
2026-07-22,2026-07-22,CM,BSE,STK,524824,INE083D01012,BALPHARMA,B,,,,,BAL PHARMA LTD.,89.0,89.51,87.21,88.04,87.45,89.23,,87.79,,,5897,520244.0,82,F1,1,,,,,
2026-07-22,2026-07-22,CM,BSE,STK,524828,INE278D01018,BDH,X,,,,,BDH INDUSTRIES LTD.,545.0,574.5,542.0,563.4,570.0,555.0,,563.4,,,10928,6175955.0,275,F1,1,,,,,
2026-07-22,2026-07-22,CM,BSE,STK,526001,INE593O01017,JAUSPOL,X,,,,,JAUSS POLYMERS LTD.,26.5,26.5,26.5,26.5,26.5,26.5,,26.5,,,10,265.0,1,F1,1,,,,,
2026-07-22,2026-07-22,CM,BSE,STK,526025,INE064L01015,GLOBUSCON,X,,,,,GLOBUS CONSTRUCTORS & DEVELOPE,12.44,13.3,12.26,13.08,13.12,12.5,,13.08,,,16095,208124.0,56,F1,1,,,,,
2026-07-22,2026-07-22,CM,BSE,STK,526027,INE144D01012,CUBEXTUB,B,,,,,CUBEX TUBINGS LTD.,78.2,79.22,77.8,78.04,77.8,78.37,,78.04,,,1708,134617.0,61,F1,1,,,,,
2026-07-22,2026-07-22,CM,BSE,STK,526043,INE809B01014,POLYCHMP,X,,,,,POLYMECHPLAST MACHINES LTD.,50.9,50.9,50.0,50.78,50.78,48.28,,50.78,,,131,6574.0,8,F1,1,,,,,
2026-07-22,2026-07-22,CM,BSE,STK,526071,INE395F01023,STELLANT,XT,,,,,STELLANT SECURITIES (INDIA) LT,649.85,654.05,600.0,613.5,600.0,622.95,,613.5,,,17028,10728973.0,322,F1,1,,,,,
2026-07-22,2026-07-22,CM,BSE,STK,526073,INE020S01012,GALXBRG,XT,,,,,GALAXY BEARINGS LTD.,900.0,933.45,889.0,905.1,900.05,889.0,,905.1,,,2262,2074698.0,108,F1,1,,,,,
2026-07-22,2026-07-22,CM,BSE,STK,526075,INE092O01028,VINRKLB,XT,,,,,REKVINA LABORATORIES LTD.,28.0,28.0,26.6,26.6,26.6,28.0,,26.6,,,130,3494.0,6,F1,1,,,,,
2026-07-22,2026-07-22,CM,BSE,STK,526081,INE895E01017,SCAGRO,X,,,,,SC Agrotech Limited,27.98,27.98,27.0,27.0,27.0,27.25,,27.0,,,5080,137565.0,28,F1,1,,,,,
2026-07-22,2026-07-22,CM,BSE,STK,526113,INE602H01010,UNRYLMA,X,,,,,UNIROYAL MARINE EXPORTS LTD.,14.59,14.6,14.59,14.6,14.6,14.66,,14.6,,,594,8666.0,5,F1,1,,,,,
2026-07-22,2026-07-22,CM,BSE,STK,526115,INE327D01013,KARANWO,X,,,,,KARAN WOO-SIN LTD.,8.48,8.48,8.1,8.1,8.1,8.08,,8.1,,,2398,20334.0,2,F1,1,,,,,
2026-07-22,2026-07-22,CM,BSE,STK,526117,INE011D01013,SHERVANI,X,,,,,SHERVANI INDUSTRIAL SYNDICATE,288.9,288.9,280.0,280.1,280.0,282.7,,280.1,,,227,63615.0,17,F1,1,,,,,
2026-07-22,2026-07-22,CM,BSE,STK,526125,INE00HZ01011,BNAGROCHEM,T,,,,,BN AGROCHEM LIMITED,266.0,266.0,266.0,266.0,266.0,275.45,,267.65,,,50,13300.0,1,F1,1,,,,,
2026-07-22,2026-07-22,CM,BSE,STK,526133,INE881B01054,SUPERTEX,X,,,,,SUPERTEX INDUSTRIES LTD.,5.15,5.15,5.13,5.13,5.13,5.15,,5.13,,,1274,6560.0,9,F1,1,,,,,
2026-07-22,2026-07-22,CM,BSE,STK,526137,INE278C01010,SHETR,X,,,,,SHETRON LTD.,99.0,99.0,93.01,96.54,96.54,99.17,,96.54,,,787,76037.0,41,F1,1,,,,,
2026-07-22,2026-07-22,CM,BSE,STK,526139,INE773D01018,TRABI,X,,,,,TRANSGENE BIOTEK LTD.,3.05,3.05,2.96,2.98,2.96,3.04,,2.98,,,1479,4425.0,20,F1,1,,,,,
2026-07-22,2026-07-22,CM,BSE,STK,526143,INE343A01016,MPL,X,,,,,MPL PLASTICS LTD.,6.2,6.2,5.85,5.85,5.85,6.2,,5.85,,,4623,27575.0,13,F1,1,,,,,
2026-07-22,2026-07-22,CM,BSE,STK,526159,INE926C01022,NIKHILAD,X,,,,,NIKHIL ADHESIVES LTD.,76.64,76.84,74.2,75.0,75.0,76.64,,75.0,,,2293,171954.0,52,F1,1,,,,,
2026-07-22,2026-07-22,CM,BSE,STK,526161,INE175C01018,SPENTA,X,,,,,SPENTA INTERNATIONAL LTD.,124.6,124.6,120.0,120.0,120.0,115.26,,120.0,,,146,18076.0,4,F1,1,,,,,
2026-07-22,2026-07-22,CM,BSE,STK,526169,INE678F01014,MULTIBASE,X,,,,,MULTIBASE INDIA LTD.,182.2,188.8,181.0,181.3,181.0,186.7,,181.3,,,3375,619418.0,150,F1,1,,,,,
2026-07-22,2026-07-22,CM,BSE,STK,526173,INE449C01025,ANDREWYU,B,,,,,ANDREW YULE & COMPANY LTD.,24.4,24.4,23.9,24.23,24.23,24.06,,24.23,,,68693,1660722.0,317,F1,1,,,,,
2026-07-22,2026-07-22,CM,BSE,STK,526179,INE983C01015,LUDLOWJUT,XT,,,,,LUDLOW JUTE & SPECIALITIES LTD,405.0,410.0,391.0,394.65,393.2,405.05,,394.65,,,1916,769812.0,50,F1,1,,,,,
2026-07-22,2026-07-22,CM,BSE,STK,526187,INE293C01019,ASHRAM,X,,,,,ASHRAM ONLINE.COM LTD.,5.77,5.77,5.23,5.25,5.25,5.5,,5.25,,,6367,36655.0,7,F1,1,,,,,
2026-07-22,2026-07-22,CM,BSE,STK,526193,INE618A01011,ROYALCU,X,,,,,ROYAL CUSHION VINYL PRODUCTS L,17.2,17.28,15.85,16.56,16.89,16.67,,16.56,,,1743,28980.0,43,F1,1,,,,,
2026-07-22,2026-07-22,CM,BSE,STK,526211,INE170U01011,SURJIND,XT,,,,,SURAJ INDUSTRIES LTD.,54.7,54.7,54.45,54.45,54.45,54.7,,54.45,,,13,710.0,4,F1,1,,,,,
2026-07-22,2026-07-22,CM,BSE,STK,526217,INE120D01012,HITECHCORP,T,,,,,Hitech Corporation Limited,321.5,325.85,315.25,321.0,321.0,321.5,,321.2,,,1041,334541.0,10,F1,1,,,,,
2026-07-22,2026-07-22,CM,BSE,STK,526225,INE253C01013,BLOOM,X,,,,,BLOOM DEKOR LTD.,7.53,7.53,7.53,7.53,7.53,7.5,,7.53,,,10,75.0,1,F1,1,,,,,
2026-07-22,2026-07-22,CM,BSE,STK,526227,INE816B01035,FILATEX,B,,,,,FILATEX INDIA LTD.,71.14,73.74,70.26,71.69,71.65,71.4,,71.73,,,179363,12898929.0,1034,F1,1,,,,,
2026-07-22,2026-07-22,CM,BSE,STK,526231,INE307D01015,STDSFAC,X,,,,,STANDARD SURFACTANTS LTD.,51.87,52.68,51.0,51.75,52.37,51.87,,51.75,,,836,43163.0,11,F1,1,,,,,
2026-07-22,2026-07-22,CM,BSE,STK,526237,INE902C01015,MORGAN,X,,,,,MORGAN VENTURES LTD.,44.8,47.94,44.78,46.35,46.0,44.83,,46.35,,,511,23277.0,12,F1,1,,,,,
2026-07-22,2026-07-22,CM,BSE,STK,526241,INE762C01021,AMRAPLIN,XT,,,,,AMRAPALI INDUSTRIES LTD.,35.0,37.0,33.63,34.71,34.6,35.39,,34.71,,,5405,186749.0,61,F1,1,,,,,
2026-07-22,2026-07-22,CM,BSE,STK,526247,INE863B01029,PREMEXPLN,A,,,,,PREMIER EXPLOSIVES LTD.,662.8,682.15,654.65,676.25,672.05,657.1,,675.3,,,31796,21279686.0,721,F1,1,,,,,
2026-07-22,2026-07-22,CM,BSE,STK,526251,INE033E01015,MIDEASTP,XT,,,,,MID EAST PORTFOLIO MANAGEMENT,37.42,39.0,35.55,38.99,38.99,37.42,,38.99,,,2962,106623.0,14,F1,1,,,,,
2026-07-22,2026-07-22,CM,BSE,STK,526263,INE835B01035,MOLDTECH,B,,,,,MOLD-TEK TECHNOLOGIES LTD.,131.95,134.45,129.15,132.55,132.2,129.5,,133.07,,,3377,446245.0,212,F1,1,,,,,
2026-07-22,2026-07-22,CM,BSE,STK,526269,INE293N01016,CRSTCHM,XT,,,,,CRESTCHEM LTD.,140.0,140.6,130.3,136.95,136.95,133.95,,136.95,,,356,49400.0,19,F1,1,,,,,
2026-07-22,2026-07-22,CM,BSE,STK,526299,INE356A01018,MPHASIS,A,,,,,MPHASIS LTD.,2363.05,2363.05,2265.8,2274.15,2276.0,2380.1,,2273.8,,,14320,33015995.0,1655,F1,1,,,,,
2026-07-22,2026-07-22,CM,BSE,STK,526315,INE410G01010,DIVSHKT,X,,,,,DIVYASHAKTI LIMITED,51.89,51.89,50.0,50.87,50.9,48.81,,50.87,,,165,8387.0,11,F1,1,,,,,
2026-07-22,2026-07-22,CM,BSE,STK,526325,INE609C01024,ORIENTLTD,B,,,,,ORIENT PRESS LTD.,72.25,72.25,70.16,70.16,70.16,67.16,,71.44,,,48,3452.0,5,F1,1,,,,,
2026-07-22,2026-07-22,CM,BSE,STK,526345,INE744D01019,PANJON,X,,,,,PANJON LTD.,18.51,18.51,17.8,17.82,17.8,18.5,,17.82,,,3536,63784.0,30,F1,1,,,,,
2026-07-22,2026-07-22,CM,BSE,STK,526355,INE138B01018,DUROPACK,X,,,,,DUROPACK LTD.,61.0,61.0,57.21,57.21,57.21,53.56,,57.21,,,330,19405.0,15,F1,1,,,,,
2026-07-22,2026-07-22,CM,BSE,STK,526365,INE967A01012,SWARNSAR,X,,,,,SWARNSARITA JEWELS INDIA LIMIT,33.0,33.1,31.2,31.28,31.28,31.99,,31.28,,,14168,457795.0,92,F1,1,,,,,
2026-07-22,2026-07-22,CM,BSE,STK,526367,INE460C01014,GANESHHOU,B,,,,,GANESH HOUSING LIMITED,807.9,828.75,790.45,811.4,816.65,808.6,,814.2,,,3110,2518540.0,230,F1,1,,,,,
2026-07-22,2026-07-22,CM,BSE,STK,526371,INE584A01023,NMDC,A,,,,,NMDC LTD.,84.45,84.7,83.1,83.35,83.32,83.9,,83.34,,,411747,34516783.0,4965,F1,1,,,,,
2026-07-22,2026-07-22,CM,BSE,STK,526381,INE529D01014,PATINTLOG,T,,,,,PATEL INTEGRATED LOGISTICS LTD,14.65,14.87,14.32,14.53,14.66,14.65,,14.34,,,11631,167885.0,51,F1,1,,,,,
2026-07-22,2026-07-22,CM,BSE,STK,526397,INE137C01018,ALPHAGEO,B,,,,,ALPHAGEO (INDIA) LTD.,199.45,200.25,198.0,199.3,199.6,199.0,,198.35,,,764,152181.0,13,F1,1,,,,,
2026-07-22,2026-07-22,CM,BSE,STK,526407,INE299D01022,HAMPTON,X,,,,,HAMPTON SKY REALTY LIMITED,9.09,9.1,8.77,8.79,8.77,8.99,,8.79,,,12211,109273.0,59,F1,1,,,,,
2026-07-22,2026-07-22,CM,BSE,STK,526409,INE301C01028,KKALPANAIND,X,,,,,KKALPANA INDUSTRIES (INDIA) LT,7.73,7.73,7.1,7.38,7.4,7.39,,7.38,,,12335,91331.0,63,F1,1,,,,,
2026-07-22,2026-07-22,CM,BSE,STK,526415,INE870B01024,OKPLA,XT,,,,,OK PLAY INDIA LTD.,3.94,4.1,3.92,3.95,3.96,3.93,,3.95,,,199400,803569.0,239,F1,1,,,,,
2026-07-22,2026-07-22,CM,BSE,STK,526423,INE479D01038,KRITI,T,,,,,KRITI INDUSTRIES (INDIA) LTD.,69.95,69.95,65.55,65.62,69.0,67.0,,65.6,,,515,34104.0,20,F1,1,,,,,
2026-07-22,2026-07-22,CM,BSE,STK,526433,INE867C01010,ASMTEC,B,,,,,ASM TECHNOLOGIES LTD.,4103.0,4244.95,4100.0,4150.65,4131.0,4148.25,,4150.65,,,16113,67010869.0,1740,F1,1,,,,,
2026-07-22,2026-07-22,CM,BSE,STK,526435,INE759I01024,PERFEPA,X,,,,,PERFECTPAC LTD.,67.17,70.0,67.17,68.0,68.0,70.0,,68.0,,,355,24142.0,9,F1,1,,,,,
2026-07-22,2026-07-22,CM,BSE,STK,526439,INE267C01013,AMBIT,X,,,,,AMBITIOUS PLASTOMAC COMPANY LT,9.85,9.85,9.85,9.85,9.85,9.75,,9.85,,,1,9.0,1,F1,1,,,,,
2026-07-22,2026-07-22,CM,BSE,STK,526441,INE515B01025,VISIONCINE,XT,,,,,VISION CINEMAS LTD.,1.23,1.23,1.2,1.2,1.2,1.18,,1.2,,,16629,20013.0,24,F1,1,,,,,
2026-07-22,2026-07-22,CM,BSE,STK,526443,INE072B01027,AEIM,X,,,,,Artificial Electronics Intelli,95.0,95.0,92.0,92.1,92.1,93.4,,92.1,,,23153,2141913.0,193,F1,1,,,,,
2026-07-22,2026-07-22,CM,BSE,STK,526445,INE007C01021,INDRANIB,X,,,,,INDRAYANI BIOTECH LTD.,7.86,7.86,7.4,7.55,7.69,7.74,,7.55,,,23997,181476.0,90,F1,1,,,,,
2026-07-22,2026-07-22,CM,BSE,STK,526468,INE940E01011,EUROLED,X,,,,,EURO LEDER FASHION LTD.,15.85,16.47,15.0,15.96,15.96,16.17,,15.96,,,4340,66999.0,38,F1,1,,,,,
2026-07-22,2026-07-22,CM,BSE,STK,526471,INE391C01011,WINSOMBR,X,,,,,WINSOME BREWERIES LTD.,20.11,20.89,20.07,20.09,20.38,20.34,,20.09,,,4802,98022.0,80,F1,1,,,,,
2026-07-22,2026-07-22,CM,BSE,STK,526473,INE152E01013,ELEFLOR,X,,,,,ELEGANT FLORICULTURE & AGROTEC,5.14,5.14,4.87,5.09,5.09,5.03,,5.09,,,29335,147123.0,47,F1,1,,,,,
2026-07-22,2026-07-22,CM,BSE,STK,526479,INE765B01018,SKYIND,X,,,,,SKY INDUSTRIES LTD.,108.01,110.46,97.2,105.86,104.71,110.47,,105.86,,,40326,4154315.0,847,F1,1,,,,,
2026-07-22,2026-07-22,CM,BSE,STK,526481,INE245B01011,PHOENXINTL,X,,,,,PHOENIX INTERNATIONAL LTD.,28.99,29.98,28.0,28.16,28.12,28.99,,28.16,,,1864,52874.0,26,F1,1,,,,,
2026-07-22,2026-07-22,CM,BSE,STK,526488,INE432N01010,BHUDEVI,XT,,,,,BHUDEVI INFRA PROJECTS LIMITED,154.95,154.95,141.2,142.7,152.7,148.3,,142.7,,,266,38985.0,12,F1,1,,,,,
2026-07-22,2026-07-22,CM,BSE,STK,526490,INE206C01029,PRATIK,X,,,,,PRATIK PANELS LTD.,5.26,5.59,5.15,5.25,5.25,5.33,,5.25,,,38251,204781.0,82,F1,1,,,,,
2026-07-22,2026-07-22,CM,BSE,STK,526492,INE582D01013,RISHIROOP,X,,,,,Rishiroop Limited,99.7,99.7,93.0,93.9,93.9,92.6,,93.9,,,4347,411375.0,73,F1,1,,,,,
2026-07-22,2026-07-22,CM,BSE,STK,526500,INE398F01019,STRGRENWO,X,,,,,STERLING GREEN WOODS LTD.,22.99,22.99,22.99,22.99,22.99,22.99,,22.99,,,405,9310.0,2,F1,1,,,,,
2026-07-22,2026-07-22,CM,BSE,STK,526506,INE356B01024,SYSTMTXC,T,,,,,SYSTEMATIX CORPORATE SERVICES,60.8,62.0,60.55,60.91,62.0,62.67,,60.66,,,2000,121889.0,33,F1,1,,,,,
2026-07-22,2026-07-22,CM,BSE,STK,526508,INE825D01016,SHAHISHIP,X,,,,,Shahi Shipping Limited,12.1,12.35,11.55,12.0,12.0,12.07,,12.0,,,1566,18415.0,31,F1,1,,,,,
2026-07-22,2026-07-22,CM,BSE,STK,526519,INE840D01015,ALPINEHOU,X,,,,,ALPINE HOUSING DEVELOPMENT COR,137.0,137.0,125.35,129.93,130.0,128.14,,129.93,,,7758,1003340.0,90,F1,1,,,,,
2026-07-22,2026-07-22,CM,BSE,STK,526525,INE550D01010,WWALUM,X,,,,,WORLDWIDE ALUMINIUM LIMITED,17.85,18.61,17.85,18.61,18.61,17.73,,18.61,,,1200,21421.0,4,F1,1,,,,,
2026-07-22,2026-07-22,CM,BSE,STK,526530,INE670C01026,IIRM,XT,,,,,IIRM HOLDINGS INDIA LIMITED,128.6,129.7,122.35,125.8,125.8,128.75,,125.8,,,25707,3176765.0,88,F1,1,,,,,
2026-07-22,2026-07-22,CM,BSE,STK,526532,INE716K01020,SFPIL,X,,,,,SQUARE FOUR PROJECTS INDIA LIM,8.51,8.51,8.05,8.32,8.44,8.47,,8.32,,,874,7157.0,11,F1,1,,,,,
2026-07-22,2026-07-22,CM,BSE,STK,526544,INE967B01028,SGLRES,XT,,,,,SGL RESOURCES LIMITED,2.65,2.65,2.65,2.65,2.65,2.7,,2.65,,,21868,57950.0,15,F1,1,,,,,
2026-07-22,2026-07-22,CM,BSE,STK,526546,INE493D01013,CHOKSILA,XT,,,,,CHOKSI LABORATORIES LTD.,112.0,114.0,106.4,113.0,113.0,112.0,,113.0,,,1011,109586.0,14,F1,1,,,,,
2026-07-22,2026-07-22,CM,BSE,STK,526550,INE652F01027,CCHHL,B,,,,,COUNTRY CLUB HOSPITALITY AND H,12.62,12.9,12.41,12.8,12.8,12.37,,12.74,,,91,1157.0,4,F1,1,,,,,
2026-07-22,2026-07-22,CM,BSE,STK,526554,INE159C01012,SALGUTI,X,,,,,SALGUTI INDUSTRIES LTD.,32.99,32.99,32.99,32.99,32.99,33.0,,32.99,,,1,32.0,1,F1,1,,,,,
2026-07-22,2026-07-22,CM,BSE,STK,526570,INE519N01014,REMAGNET,T,,,,,MIDWEST ENERGY LIMITED,3600.0,3679.8,3419.9,3518.55,3507.0,3599.85,,3518.55,,,3686,12849064.0,402,F1,1,,,,,
2026-07-22,2026-07-22,CM,BSE,STK,526574,INE439G01019,ENTRINT,X,,,,,ENTERPRISE INTERNATIONAL LTD.,20.8,20.8,19.81,19.81,19.81,20.85,,19.81,,,101,2002.0,3,F1,1,,,,,
2026-07-22,2026-07-22,CM,BSE,STK,526582,INE413G01022,TPLPLASTEH,B,,,,,TPL PLASTECH LTD.,80.01,81.19,78.4,78.78,78.86,80.89,,78.69,,,7106,562247.0,162,F1,1,,,,,
2026-07-22,2026-07-22,CM,BSE,STK,526596,INE557B01019,LIBERTSHOE,B,,,,,LIBERTY SHOES LTD.,267.55,267.55,260.85,262.15,260.85,266.4,,262.2,,,4923,1297641.0,318,F1,1,,,,,
2026-07-22,2026-07-22,CM,BSE,STK,526604,INE845B01018,LIPPISYS,XT,,,,,LIPPI SYSTEMS LTD.,255.2,255.2,243.1,254.9,255.2,243.05,,254.9,,,51027,12918635.0,329,F1,1,,,,,
2026-07-22,2026-07-22,CM,BSE,STK,526608,INE822G01016,ELECTHERM,B,,,,,ELECTROTHERM (INDIA) LTD.,1041.5,1041.5,1023.0,1026.4,1026.4,1044.0,,1030.0,,,78,80106.0,19,F1,1,,,,,
2026-07-22,2026-07-22,CM,BSE,STK,526612,INE233B01017,BLUEDART,A,,,,,BLUE DART EXPRESS LTD.,4864.4,4864.4,4793.3,4816.45,4820.45,4873.25,,4811.9,,,752,3625376.0,229,F1,1,,,,,
2026-07-22,2026-07-22,CM,BSE,STK,526614,INE561D01025,EXPOEAPL,X,,,,,EXPO ENGINEERING AND PROJECTS,71.41,72.78,65.72,70.96,71.0,73.0,,70.96,,,30146,2058526.0,242,F1,1,,,,,
2026-07-22,2026-07-22,CM,BSE,STK,526616,INE233D01013,NATPLAS,X,,,,,NATIONAL PLASTIC INDUSTRIES LT,43.0,43.0,42.1,42.58,42.79,42.14,,42.58,,,1230,52021.0,24,F1,1,,,,,
2026-07-22,2026-07-22,CM,BSE,STK,526622,INE244C01020,MFLINDIA,X,,,,,MFL INDIA LTD.,0.37,0.38,0.34,0.36,0.36,0.37,,0.36,,,560781,206562.0,261,F1,1,,,,,
2026-07-22,2026-07-22,CM,BSE,STK,526638,INE594V01028,TEXELIN,X,,,,,TEXEL INDUSTRIES LTD.,73.0,73.5,70.01,70.29,70.5,72.03,,70.29,,,11687,832030.0,72,F1,1,,,,,
2026-07-22,2026-07-22,CM,BSE,STK,526640,INE008C01011,RAYALEMA,X,,,,,ROYALE MANOR HOTELS & INDUSTRI,29.5,32.4,27.65,29.44,29.5,28.74,,29.44,,,953,27693.0,35,F1,1,,,,,
2026-07-22,2026-07-22,CM,BSE,STK,526642,INE771A01026,MIRZAINT,B,,,,,MIRZA INTERNATIONAL LTD.,37.3,37.3,36.05,36.17,36.06,37.4,,36.28,,,22904,828964.0,228,F1,1,,,,,
2026-07-22,2026-07-22,CM,BSE,STK,526650,INE305A01023,TFCILTD,A,,,,,TOURISM FINANCE CORPORATION OF,83.0,83.72,81.5,81.75,82.1,83.37,,81.81,,,693124,57157721.0,894,F1,1,,,,,
2026-07-22,2026-07-22,CM,BSE,STK,526654,INE403F01017,THAKDEV,B,,,,,THAKKERS DEVELOPERS LTD.,156.4,158.3,143.5,156.45,156.45,150.9,,155.88,,,24,3670.0,5,F1,1,,,,,
2026-07-22,2026-07-22,CM,BSE,STK,526662,INE610C01014,ARENTERP,B,,,,,RAJDARSHAN INDUSTRIES LTD.,38.0,40.47,38.0,40.47,40.47,33.73,,41.22,,,3466,139190.0,70,F1,1,,,,,
2026-07-22,2026-07-22,CM,BSE,STK,526668,INE967C01018,KAMATHOTEL,B,,,,,KAMAT HOTELS (INDIA) LTD.,173.85,174.0,167.1,168.05,167.1,172.3,,167.76,,,23014,3911614.0,592,F1,1,,,,,
2026-07-22,2026-07-22,CM,BSE,STK,526675,INE008N01018,TIRTPLS,X,,,,,TIRTH PLASTIC LTD.,30.58,30.98,30.4,30.48,30.5,29.51,,30.48,,,2957,90730.0,21,F1,1,,,,,
2026-07-22,2026-07-22,CM,BSE,STK,526677,INE055C01020,KEEPLEARN,B,,,,,DSJ KEEP LEARNING LIMITED,1.89,1.98,1.75,1.77,1.75,1.89,,1.75,,,14581,26479.0,87,F1,1,,,,,
2026-07-22,2026-07-22,CM,BSE,STK,526703,INE423D01010,ECOPLAST,X,,,,,ECOPLAST LTD.,500.0,513.0,483.2,506.95,501.85,481.35,,506.95,,,2202,1100225.0,86,F1,1,,,,,
2026-07-22,2026-07-22,CM,BSE,STK,526705,INE095B01010,ELEMARB,X,,,,,ELEGANT MARBLES & GRANI INDUST,178.0,183.8,170.0,171.6,176.8,175.65,,171.6,,,103,17903.0,23,F1,1,,,,,
2026-07-22,2026-07-22,CM,BSE,STK,526709,INE839A01021,BITS,X,,,,,BITS LTD.,7.65,7.65,7.31,7.5,7.47,7.6,,7.5,,,24540,184417.0,181,F1,1,,,,,
2026-07-22,2026-07-22,CM,BSE,STK,526717,INE136C01044,HPBL,XT,,,,,HCP PLASTENE BULKPACK LIMITED,181.15,190.0,180.15,180.15,182.0,189.6,,180.15,,,51550,9304099.0,243,F1,1,,,,,
2026-07-22,2026-07-22,CM,BSE,STK,526721,INE653C01022,NICCOPAR,X,,,,,NICCO PARKS & RESORTS LTD.,77.0,77.0,71.0,72.38,72.5,77.0,,72.38,,,2008,145248.0,96,F1,1,,,,,
2026-07-22,2026-07-22,CM,BSE,STK,526723,INE920C01017,NTCIND,X,,,,,NTC INDUSTRIES LTD.,137.6,140.0,135.45,135.85,135.9,137.55,,135.85,,,3305,450519.0,71,F1,1,,,,,
2026-07-22,2026-07-22,CM,BSE,STK,526727,INE797D01017,GARNET,X,,,,,GARNET CONSTRUCTION LTD.,68.03,72.0,66.5,68.45,68.45,68.81,,68.45,,,1028,70570.0,39,F1,1,,,,,
2026-07-22,2026-07-22,CM,BSE,STK,526729,INE025B01025,GOLDIAM,A,,,,,GOLDIAM INTERNATIONAL LTD.,346.05,351.65,338.9,342.1,340.5,341.0,,341.9,,,54969,18991823.0,1460,F1,1,,,,,
2026-07-22,2026-07-22,CM,BSE,STK,526731,INE630D01010,BRIGHTBR,X,,,,,BRIGHT BROTHERS LTD.,222.25,225.4,218.1,220.6,220.0,222.25,,220.6,,,227,50070.0,28,F1,1,,,,,
2026-07-22,2026-07-22,CM,BSE,STK,526739,INE869A01010,SHAWGELTIN,X,,,,,NARMADA GELATINES LTD.,496.1,509.0,496.1,496.65,496.2,505.25,,496.65,,,2868,1429054.0,163,F1,1,,,,,
2026-07-22,2026-07-22,CM,BSE,STK,526747,INE078D01012,PGFOILQ,X,,,,,PG FOILS LTD.,189.45,190.4,179.95,182.65,185.0,184.85,,182.65,,,3272,605579.0,98,F1,1,,,,,
2026-07-22,2026-07-22,CM,BSE,STK,526751,INE915E01013,GRATEXI,X,,,,,GRATEX INDUSTRIES LTD.,27.3,27.3,25.94,25.94,25.94,27.3,,25.94,,,199,5168.0,2,F1,1,,,,,
2026-07-22,2026-07-22,CM,BSE,STK,526755,INE548D01014,VELHO,X,,,,,VELAN HOTELS LTD.,5.74,6.2,5.74,6.1,6.2,5.95,,6.1,,,25152,152865.0,47,F1,1,,,,,
2026-07-22,2026-07-22,CM,BSE,STK,526761,INE931B01016,HOWARHO,X,,,,,HOWARD HOTELS LTD.,20.98,20.98,20.55,20.55,20.55,20.88,,20.55,,,204,4259.0,4,F1,1,,,,,
2026-07-22,2026-07-22,CM,BSE,STK,526775,INE760B01019,VALIANT,X,,,,,VALIANT COMMUNICATIONS LTD.,955.0,999.0,932.05,988.2,992.0,948.2,,988.2,,,13632,13185657.0,525,F1,1,,,,,
2026-07-22,2026-07-22,CM,BSE,STK,526783,INE934C01018,DRAGARWQ,B,,,,,DR.AGARWALS EYE HOSPITAL LTD.,4951.0,5044.0,4951.0,5010.0,5010.0,5030.35,,5033.0,,,149,749371.0,26,F1,1,,,,,
2026-07-22,2026-07-22,CM,BSE,STK,526797,INE461C01038,GREENPLY,B,,,,,GREENPLY INDUSTRIES LTD.,322.9,332.75,317.7,329.95,332.75,322.05,,329.65,,,54225,17686450.0,252,F1,1,,,,,
2026-07-22,2026-07-22,CM,BSE,STK,526807,INE497B01018,SEAMECLTD,B,,,,,SEAMEC LTD.,1385.0,1411.15,1352.95,1372.6,1368.0,1367.85,,1370.7,,,1813,2487291.0,277,F1,1,,,,,
2026-07-22,2026-07-22,CM,BSE,STK,526813,INE753B01014,RAGHUNAT,X,,,,,RAGHUNATH INTERNATIONAL LTD.,10.55,10.55,9.86,9.86,9.86,10.5,,9.86,,,103,1084.0,4,F1,1,,,,,
2026-07-22,2026-07-22,CM,BSE,STK,526817,INE974B01016,CHEVIOT,B,,,,,CHEVIOT CO.LTD.,1124.0,1144.65,1124.0,1137.65,1135.6,1143.35,,1139.7,,,110,125241.0,16,F1,1,,,,,
2026-07-22,2026-07-22,CM,BSE,STK,526823,INE016C01014,RAJINFRA,Z,,,,,RAJESWARI INFRASTRUCTURE LIMIT,4.18,4.38,3.98,4.25,3.98,4.18,,4.25,,,1287,5490.0,14,F1,1,,,,,
2026-07-22,2026-07-22,CM,BSE,STK,526827,INE882D01017,SPICEISLIN,XT,,,,,SPICE ISLANDS INDUSTRIES LIMIT,526.0,536.0,499.25,516.45,516.45,525.45,,516.45,,,11871,6085724.0,638,F1,1,,,,,
2026-07-22,2026-07-22,CM,BSE,STK,526829,INE552D01024,CONFIPET,B,,,,,CONFIDENCE PETROLEUM INDIA LTD,76.95,76.95,74.13,74.61,75.2,75.64,,74.74,,,91565,6849628.0,449,F1,1,,,,,
2026-07-22,2026-07-22,CM,BSE,STK,526839,INE413C01013,SIPL,X,,,,,SHELTER INFRA PROJECTS LTD.,14.08,14.55,14.0,14.07,14.07,14.08,,14.07,,,242,3406.0,22,F1,1,,,,,
2026-07-22,2026-07-22,CM,BSE,STK,526841,INE794C01016,SHAKTIPR,XT,,,,,SHAKTI PRESS LTD.,13.91,14.89,13.71,14.89,14.89,14.19,,14.89,,,541248,7829870.0,1252,F1,1,,,,,
2026-07-22,2026-07-22,CM,BSE,STK,526847,INE338C01012,ASHSI,X,,,,,ASHIRWAD STEELS & INDUSTRIES L,22.33,23.0,22.01,22.77,22.79,21.89,,22.77,,,5779,132057.0,54,F1,1,,,,,
2026-07-22,2026-07-22,CM,BSE,STK,526849,INE655B01011,BANARBEADS,B,,,,,BANARAS BEADS LTD.,118.1,118.1,110.6,111.0,111.0,116.55,,111.04,,,5657,650682.0,139,F1,1,,,,,
2026-07-22,2026-07-22,CM,BSE,STK,526853,INE986A01012,BI,B,,,,,BILCARE LTD.,58.6,61.99,58.6,60.46,60.41,61.63,,60.52,,,2813,170404.0,48,F1,1,,,,,
2026-07-22,2026-07-22,CM,BSE,STK,526859,INE973B01026,ISFL,X,,,,,ISF LIMITED,0.69,0.69,0.68,0.68,0.68,0.69,,0.68,,,21840,15038.0,29,F1,1,,,,,
2026-07-22,2026-07-22,CM,BSE,STK,526861,INE988D01012,RISHILASE,X,,,,,RISHI LASER LTD.,122.25,125.0,120.05,122.75,122.75,124.35,,122.75,,,2372,290134.0,26,F1,1,,,,,
2026-07-22,2026-07-22,CM,BSE,STK,526865,INE966C01010,JAINCO,X,,,,,JAINCO PROJECTS (INDIA) LTD.,4.2,4.2,3.8,3.8,3.8,4.0,,3.8,,,756,2935.0,5,F1,1,,,,,
2026-07-22,2026-07-22,CM,BSE,STK,526869,INE795E01019,KUMPFIN,X,,,,,KUMBHAT FINANCIAL SERVICES LTD,23.75,23.75,23.75,23.75,23.75,24.99,,23.75,,,204,4845.0,2,F1,1,,,,,
2026-07-22,2026-07-22,CM,BSE,STK,526871,INE017E01018,INTECCAP,XT,,,,,INTEC CAPITAL LTD.,15.56,15.56,15.45,15.45,15.45,15.42,,15.45,,,891,13820.0,6,F1,1,,,,,
2026-07-22,2026-07-22,CM,BSE,STK,526873,INE184D01026,RAJSEC,X,,,,,RAJASTHAN SECURITIES LIMITED,54.4,54.5,54.2,54.4,54.4,54.45,,54.4,,,24218,1317627.0,27,F1,1,,,,,
2026-07-22,2026-07-22,CM,BSE,STK,526877,INE797C01019,SIDDHEGA,X,,,,,SIDDHESWARI GARMENTS LTD.,15.6,16.27,15.5,16.27,16.27,15.5,,16.27,,,61,946.0,3,F1,1,,,,,
2026-07-22,2026-07-22,CM,BSE,STK,526881,INE111B01023,63MOONS,A,,,,,63 Moons Technologies Limited,726.65,727.65,702.55,703.25,703.8,734.65,,704.85,,,12625,9041949.0,635,F1,1,,,,,
2026-07-22,2026-07-22,CM,BSE,STK,526883,INE641B01011,SHIKHAR,X,,,,,SHIKHAR CONSULTANTS LTD.,12.99,13.0,11.78,12.49,12.49,12.39,,12.49,,,3050,39104.0,69,F1,1,,,,,
2026-07-22,2026-07-22,CM,BSE,STK,526885,INE453D01025,SARLAPOLY,B,,,,,SARLA PERFORMANCE FIBERS LTD.,101.5,102.7,100.0,102.39,102.7,103.17,,102.14,,,1837,185971.0,47,F1,1,,,,,
2026-07-22,2026-07-22,CM,BSE,STK,526899,INE552B01010,HFIL,X,,,,,HIMALAYA FOOD INTERNATIONAL LI,9.0,9.03,8.6,9.02,9.01,8.88,,9.02,,,76906,689514.0,126,F1,1,,,,,
2026-07-22,2026-07-22,CM,BSE,STK,526901,INE344I01017,SONALAD,X,,,,,SONAL ADHESIVES LTD.,47.0,48.99,46.8,48.99,48.99,48.08,,48.99,,,5832,283794.0,8,F1,1,,,,,
2026-07-22,2026-07-22,CM,BSE,STK,526905,INE743D01011,PADMAIND,XT,,,,,Padmanabh Industries Ltd,8.95,9.39,8.51,8.58,9.29,8.95,,8.58,,,268,2413.0,9,F1,1,,,,,
2026-07-22,2026-07-22,CM,BSE,STK,526921,INE253B01015,21STCENMGM,B,,,,,TWENTYFIRST CENTURY MANAGEMENT,35.1,35.89,34.66,35.89,35.89,35.19,,35.68,,,2966,105641.0,22,F1,1,,,,,
2026-07-22,2026-07-22,CM,BSE,STK,526931,INE400G01011,HRYNSHP,X,,,,,HARIYANA SHIP BREAKERS LTD.,105.2,108.0,102.55,103.5,103.0,105.9,,103.5,,,2501,261059.0,77,F1,1,,,,,
2026-07-22,2026-07-22,CM,BSE,STK,526935,INE377D01018,KALIND,XT,,,,,Kalind Limited,82.98,83.39,80.0,80.81,80.81,81.96,,80.81,,,268392,21736536.0,1239,F1,1,,,,,
2026-07-22,2026-07-22,CM,BSE,STK,526941,INE116E01018,VAICC,P,,,,,VAISHNO CEMENT CO.LTD.,3.61,3.61,3.61,3.61,3.61,3.8,,3.61,,,100,361.0,1,F1,100,,,,,
2026-07-22,2026-07-22,CM,BSE,STK,526945,INE945B01016,TYROON,X,,,,,TYROON TEA CO.LTD.,89.9,89.9,87.27,87.28,87.27,89.99,,87.28,,,38,3329.0,7,F1,1,,,,,
2026-07-22,2026-07-22,CM,BSE,STK,526947,INE059D01020,LAOPALA,B,,,,,LA OPALA RG LTD.,187.85,191.4,185.45,190.4,188.9,189.75,,189.78,,,9344,1764804.0,292,F1,1,,,,,
2026-07-22,2026-07-22,CM,BSE,STK,526951,INE239C01020,STYLAMIND,B,,,,,STYLAM INDUSTRIES LIMITED,3520.0,4160.25,3294.65,3587.55,3621.2,3519.6,,3587.4,,,145114,560318172.0,12490,F1,1,,,,,
2026-07-22,2026-07-22,CM,BSE,STK,526953,INE411B01019,VENUSREM,T,,,,,VENUS REMEDIES LTD.,1777.95,1777.95,1698.0,1698.0,1698.0,1787.35,,1687.2,,,1974,3388625.0,197,F1,1,,,,,
2026-07-22,2026-07-22,CM,BSE,STK,526959,INE374J01020,WOODSVILA,XT,,,,,WOODSVILLA LTD.,15.31,15.31,15.31,15.31,15.31,14.59,,15.31,,,600,9186.0,2,F1,1,,,,,
2026-07-22,2026-07-22,CM,BSE,STK,526961,INE404B01022,LASTMILE,XT,,,,,LAST MILE ENTERPRISES LIMITED,7.1,7.1,6.61,6.67,6.67,6.94,,6.67,,,463346,3094781.0,130,F1,1,,,,,
2026-07-22,2026-07-22,CM,BSE,STK,526965,INE372D01019,GUJCRAFT,X,,,,,GUJARAT CRAFT INDUSTRIES LTD.,93.56,94.5,90.26,94.28,94.28,93.84,,94.28,,,360,33747.0,14,F1,1,,,,,
2026-07-22,2026-07-22,CM,BSE,STK,526967,INE025D01013,HEERAISP,X,,,,,HEERA ISPAT LTD.,6.49,6.49,6.49,6.49,6.49,6.49,,6.49,,,10,64.0,1,F1,1,,,,,
2026-07-22,2026-07-22,CM,BSE,STK,526971,INE313G01016,DHOOTIN,X,,,,,DHOOT INDUSTRIAL FINANCE LTD.,237.95,237.95,228.0,228.9,228.9,234.35,,228.9,,,295,67489.0,17,F1,1,,,,,
2026-07-22,2026-07-22,CM,BSE,STK,526981,INE402H01015,SHBAJRG,B,,,,,SHRI BAJRANG ALLIANCE LIMITED,192.7,192.7,190.0,192.0,192.0,189.9,,192.11,,,3366,645329.0,249,F1,1,,,,,
2026-07-22,2026-07-22,CM,BSE,STK,526987,INE550C01020,URJA,B,,,,,URJA GLOBAL LTD.,9.3,9.3,9.06,9.12,9.12,9.21,,9.13,,,95761,872934.0,513,F1,1,,,,,
2026-07-22,2026-07-22,CM,BSE,STK,527001,INE348A01023,ASHAPURMIN,A,,,,,ASHAPURA MINECHEM LTD.,682.8,686.0,662.25,678.1,685.7,686.6,,676.75,,,15974,10733360.0,538,F1,1,,,,,
2026-07-22,2026-07-22,CM,BSE,STK,527005,INE847D01010,SHREEPAC,X,,,,,SHREE PACETRONIX LTD.,139.4,140.0,130.05,135.75,135.8,139.4,,135.75,,,1670,228701.0,36,F1,1,,,,,
2026-07-22,2026-07-22,CM,BSE,STK,530001,INE186A01019,GUJALKALI,B,,,,,GUJARAT ALKALIES & CHEMICALS L,623.8,624.4,608.0,622.3,622.3,627.8,,620.45,,,2307,1423689.0,222,F1,1,,,,,
2026-07-22,2026-07-22,CM,BSE,STK,530005,INE383A01012,INDIACEM,A,,,,,INDIA CEMENTS LTD.,406.25,416.5,396.65,410.35,406.85,405.2,,409.7,,,61397,25196822.0,1740,F1,1,,,,,
2026-07-22,2026-07-22,CM,BSE,STK,530007,INE573A01042,JKTYRE,A,,,,,JK TYRE & INDUSTRIES LTD.,396.15,398.1,390.3,391.3,391.15,398.6,,391.15,,,18380,7210697.0,638,F1,1,,,,,
2026-07-22,2026-07-22,CM,BSE,STK,530017,INE173A01025,SIL,B,,,,,STANDARD INDUSTRIES LTD.,18.75,18.75,16.13,16.14,16.14,15.91,,16.0,,,408,6585.0,9,F1,1,,,,,
2026-07-22,2026-07-22,CM,BSE,STK,530019,INE700A01033,JUBLPHARMA,A,,,,,JUBILANT PHARMOVA LIMITED,1014.95,1014.95,973.6,993.1,992.0,995.45,,989.2,,,8278,8163494.0,513,F1,1,,,,,
2026-07-22,2026-07-22,CM,BSE,STK,530023,INE924D01017,THEINVEST,B,,,,,THE INVESTMENT TRUST OF INDIA,98.99,102.64,96.7,96.78,96.7,97.75,,96.56,,,1716,167188.0,47,F1,1,,,,,
2026-07-22,2026-07-22,CM,BSE,STK,530025,INE607G01011,SAMYAKINT,X,,,,,SAMYAK INTERNATIONAL LTD.,16.59,16.69,16.59,16.69,16.69,16.69,,16.69,,,2986,49781.0,16,F1,1,,,,,
2026-07-22,2026-07-22,CM,BSE,STK,530027,INE563D01013,AADIIND,X,,,,,AADI INDUSTRIES LTD.,8.3,8.3,7.9,8.3,8.3,8.3,,8.3,,,72,577.0,6,F1,1,,,,,
2026-07-22,2026-07-22,CM,BSE,STK,530037,INE618F01010,SPARKLEGR,X,,,,,SPARKLE GOLD ROCK LIMITED,74.0,74.0,65.5,65.99,70.14,65.99,,65.99,,,525,35228.0,35,F1,1,,,,,
2026-07-22,2026-07-22,CM,BSE,STK,530043,INE326C01017,ACKNIT,X,,,,,ACKNIT INDUSTRIES LTD.,310.05,330.05,305.0,318.6,317.0,308.05,,318.6,,,3053,975916.0,86,F1,1,,,,,
2026-07-22,2026-07-22,CM,BSE,STK,530045,INE090D01017,TITANSEC,X,,,,,TITAN SECURITIES LTD.,42.16,43.44,41.52,42.79,42.0,41.89,,42.79,,,29103,1231689.0,104,F1,1,,,,,
2026-07-22,2026-07-22,CM,BSE,STK,530053,INE055E01034,REALECO,X,,,,,REAL ECO-ENERGY LIMITED,4.02,4.08,3.88,3.97,3.97,4.1,,3.97,,,14122,56311.0,88,F1,1,,,,,
2026-07-22,2026-07-22,CM,BSE,STK,530057,INE984E01035,VIVANZA,X,,,,,Vivanza Biosciences Limited,1.82,1.89,1.82,1.83,1.83,1.8,,1.83,,,10787,20174.0,20,F1,1,,,,,
2026-07-22,2026-07-22,CM,BSE,STK,530063,INE095C01018,YASHRAJC,XT,,,,,YASHRAJ CONTAINEURS LTD.,4.72,4.75,4.72,4.72,4.72,4.74,,4.72,,,414,1954.0,14,F1,1,,,,,
2026-07-22,2026-07-22,CM,BSE,STK,530065,INE689J01013,LORDSHOTL,X,,,,,LORDS ISHWAR HOTELS LIMITED,13.45,14.18,13.45,14.18,14.18,13.51,,14.18,,,309,4346.0,4,F1,1,,,,,
2026-07-22,2026-07-22,CM,BSE,STK,530067,INE718F01018,CSLFINANCE,B,,,,,CSL Finance Limited,214.85,216.85,214.0,214.0,214.0,214.85,,214.66,,,713,153507.0,28,F1,1,,,,,
2026-07-22,2026-07-22,CM,BSE,STK,530073,INE989A01032,SANGHVIMOV,B,,,,,SANGHVI MOVERS LTD.,436.05,438.2,426.95,428.1,433.0,441.05,,429.6,,,10205,4392078.0,336,F1,1,,,,,
2026-07-22,2026-07-22,CM,BSE,STK,530075,INE818A01017,ANTELOPUS,B,,,,,Antelopus Selan Energy Limited,867.65,909.0,858.35,881.95,883.6,869.25,,881.2,,,13468,11822819.0,944,F1,1,,,,,
2026-07-22,2026-07-22,CM,BSE,STK,530077,INE795D01011,PURETROP,X,,,,,PURETROP FRUITS LIMITED,161.2,161.5,159.0,160.35,161.3,161.05,,160.35,,,917,147449.0,28,F1,1,,,,,
2026-07-22,2026-07-22,CM,BSE,STK,530079,INE963C01033,FAZE3Q,B,,,,,FAZE THREE LTD.,552.05,561.0,549.05,558.3,558.3,558.05,,555.5,,,233,129043.0,36,F1,1,,,,,
2026-07-22,2026-07-22,CM,BSE,STK,530093,INE715F01014,ACEEDU,Z,,,,,ACE EDUTREND LTD.,4.0,4.0,4.0,4.0,4.0,4.0,,4.0,,,107,428.0,1,F1,1,,,,,
2026-07-22,2026-07-22,CM,BSE,STK,530109,INE069B01023,ANUPAM,X,,,,,ANUPAM FINSERV LIMITED,1.91,1.95,1.88,1.9,1.91,1.93,,1.9,,,50320,95963.0,95,F1,1,,,,,
2026-07-22,2026-07-22,CM,BSE,STK,530111,INE639C01013,RAJPACK,X,,,,,RAJ PACKAGING INDUSTRIES LTD.,28.8,28.8,28.8,28.8,28.8,28.6,,28.8,,,1501,43228.0,4,F1,1,,,,,
2026-07-22,2026-07-22,CM,BSE,STK,530117,INE959A01019,PRIVISCL,A,,,,,PRIVI SPECIALITY CHEMICALS LIM,3761.1,3775.7,3650.05,3673.65,3668.0,3676.5,,3676.3,,,5933,22097471.0,892,F1,1,,,,,
2026-07-22,2026-07-22,CM,BSE,STK,530119,INE444D01016,NATRAJPR,X,,,,,NATRAJ PROTEINS LTD.,38.4,38.4,36.0,38.4,38.4,38.49,,38.4,,,82,2982.0,10,F1,1,,,,,
2026-07-22,2026-07-22,CM,BSE,STK,530125,INE103E01016,SAMRATPH,XT,,,,,SAMRAT PHARMACHEM LTD.,250.0,259.0,247.05,257.95,257.95,260.05,,257.95,,,592,148527.0,21,F1,1,,,,,
2026-07-22,2026-07-22,CM,BSE,STK,530127,INE446D01011,NPRFIN,X,,,,,NPR FINANCE LTD.,20.5,21.0,20.5,21.0,21.0,21.1,,21.0,,,22,458.0,5,F1,1,,,,,
2026-07-22,2026-07-22,CM,BSE,STK,530129,INE445D01013,NILE,B,,,,,NILE LTD.,1860.0,1865.0,1812.0,1839.1,1812.0,1839.55,,1839.0,,,792,1467837.0,100,F1,1,,,,,
2026-07-22,2026-07-22,CM,BSE,STK,530133,INE924B01011,AMCOIND,X,,,,,AMCO INDIA LTD.,63.0,68.4,60.52,67.05,68.4,63.19,,67.05,,,71,4328.0,6,F1,1,,,,,
2026-07-22,2026-07-22,CM,BSE,STK,530135,INE350C01017,OPTIEMUS,B,,,,,OPTIEMUS INFRACOM LTD,601.05,625.0,599.95,615.6,611.3,605.85,,615.45,,,52046,32169077.0,2554,F1,1,,,,,
2026-07-22,2026-07-22,CM,BSE,STK,530139,INE302C01018,KREONFIN,XT,,,,,KREON FINNANCIAL SERVICES LTD.,78.05,81.85,78.05,79.11,80.0,81.9,,79.11,,,2587,205311.0,22,F1,1,,,,,
2026-07-22,2026-07-22,CM,BSE,STK,530141,INE487G01018,GYANDEV,XT,,,,,GYAN DEVELOPERS & BUILDERS LTD,54.06,54.06,54.0,54.0,54.0,53.0,,54.0,,,43,2324.0,3,F1,1,,,,,
2026-07-22,2026-07-22,CM,BSE,STK,530145,INE017C01012,KISAN,XT,,,,,KISAN MOULDINGS LTD.,23.59,23.68,23.05,23.24,23.39,23.13,,23.24,,,22299,517541.0,67,F1,1,,,,,
2026-07-22,2026-07-22,CM,BSE,STK,530163,INE817B01025,KERALAYUR,X,,,,,KERALA AYURVEDA LTD.,167.5,167.5,163.95,164.0,164.0,167.2,,164.0,,,3902,645717.0,76,F1,1,,,,,
2026-07-22,2026-07-22,CM,BSE,STK,530167,INE153K01018,MONGIPA,X,,,,,MOONGIPA CAPITAL FINANCE LTD.,16.5,16.5,16.0,16.0,16.0,16.0,,16.0,,,6177,98833.0,10,F1,1,,,,,
2026-07-22,2026-07-22,CM,BSE,STK,530169,INE388C01017,MOHITPPR,X,,,,,MOHIT PAPER MILLS LTD.,27.3,28.0,27.3,28.0,28.0,27.23,,28.0,,,644,17752.0,3,F1,1,,,,,
2026-07-22,2026-07-22,CM,BSE,STK,530171,INE108C01019,DAULAT,X,,,,,DAULAT SECURITIES LTD.,29.0,30.3,25.5,29.59,30.3,29.3,,29.59,,,1444,40997.0,22,F1,1,,,,,
2026-07-22,2026-07-22,CM,BSE,STK,530175,INE213B01019,ODYSSEY,X,,,,,ODYSSEY TECHNOLOGIES LTD.,41.94,41.94,39.51,40.08,40.08,40.14,,40.08,,,1915,77144.0,42,F1,1,,,,,
2026-07-22,2026-07-22,CM,BSE,STK,530179,INE015F01019,RSCINT,XT,,,,,RSC INTERNATIONAL LTD.,42.58,42.58,42.37,42.58,42.58,41.75,,42.58,,,3073,130806.0,7,F1,1,,,,,
2026-07-22,2026-07-22,CM,BSE,STK,530185,INE936A01025,SURATRAML,X,,,,,Surat Trade and Mercantile Lim,4.39,4.48,4.38,4.42,4.46,4.41,,4.42,,,24225,107168.0,160,F1,1,,,,,
2026-07-22,2026-07-22,CM,BSE,STK,530187,INE354E01031,ATHARVENT,X,,,,,ATHARV ENTERPRISES LTD.,3.6,4.0,3.6,3.61,3.61,3.6,,3.61,,,674,2432.0,9,F1,1,,,,,
2026-07-22,2026-07-22,CM,BSE,STK,530199,INE083B01024,THEMISMED,B,,,,,THEMIS MEDICARE LTD.,112.95,114.1,106.95,108.3,108.3,112.1,,108.23,,,5892,652794.0,187,F1,1,,,,,
2026-07-22,2026-07-22,CM,BSE,STK,530201,INE629F01025,KALLAM,XT,,,,,KALLAM TEXTILES LTD,2.35,2.49,2.35,2.41,2.43,2.45,,2.41,,,9833,23817.0,28,F1,1,,,,,
2026-07-22,2026-07-22,CM,BSE,STK,530207,INE899B01015,BRAWN,X,,,,,BRAWN BIOTECH LTD.,24.24,24.24,23.99,23.99,23.99,23.15,,23.99,,,243,5880.0,6,F1,1,,,,,
2026-07-22,2026-07-22,CM,BSE,STK,530215,INE050N01010,KINGSINFR,X,,,,,KINGS INFRA VENTURES LIMITED,123.7,123.7,115.35,116.75,116.9,116.95,,116.75,,,2449,286548.0,81,F1,1,,,,,
2026-07-22,2026-07-22,CM,BSE,STK,530217,INE295B01016,SWOJAS,XT,,,,,SWOJAS FOODS LIMITED,9.09,9.3,8.55,9.03,9.3,9.0,,9.03,,,12455,110693.0,42,F1,1,,,,,
2026-07-22,2026-07-22,CM,BSE,STK,530231,INE690D01014,SUBSM,XT,,,,,SUBHASH SILK MILLS LTD.,82.0,82.0,82.0,82.0,82.0,82.12,,82.0,,,2,164.0,1,F1,1,,,,,
2026-07-22,2026-07-22,CM,BSE,STK,530233,INE292C01011,AUROLAB,X,,,,,AURO LABORATORIES LTD.,253.0,253.0,240.0,243.1,244.85,241.8,,243.1,,,656,160537.0,36,F1,1,,,,,
2026-07-22,2026-07-22,CM,BSE,STK,530235,INE533C01018,KJMCFIN,X,,,,,KJMC FINANCIAL SERVICES LTD.,54.0,54.99,52.0,52.0,52.0,55.0,,52.0,,,1178,62390.0,21,F1,1,,,,,
2026-07-22,2026-07-22,CM,BSE,STK,530239,INE495B01038,SUVEN,B,,,,,SUVEN LIFE SCIENCES LTD.,342.2,342.2,313.05,319.15,319.15,340.75,,319.35,,,77473,25150215.0,1480,F1,1,,,,,
2026-07-22,2026-07-22,CM,BSE,STK,530245,INE032E01017,ARYAMAN,X,,,,,ARYAMAN FINANCIAL SERVICES LTD,600.0,600.0,595.0,595.0,595.0,594.0,,595.0,,,25,14890.0,3,F1,1,,,,,
2026-07-22,2026-07-22,CM,BSE,STK,530249,INE958C01025,BRIDGESE,X,,,,,BRIDGE SECURITIES LTD.,15.49,15.87,14.54,14.91,14.72,15.5,,14.91,,,208553,3156748.0,337,F1,1,,,,,
2026-07-22,2026-07-22,CM,BSE,STK,530251,INE001O01029,RISAINTL,X,,,,,RISA INTERNATIONAL LTD.,0.39,0.42,0.39,0.41,0.41,0.39,,0.41,,,37111,14921.0,36,F1,1,,,,,
2026-07-22,2026-07-22,CM,BSE,STK,530253,INE497E01020,RAJTUBE,XT,,,,,RAJASTHAN TUBE MANUFACTURING C,11.57,11.57,10.7,11.4,11.4,11.03,,11.4,,,7533,84749.0,38,F1,1,,,,,
2026-07-22,2026-07-22,CM,BSE,STK,530255,INE961B01013,KAYPOWR,X,,,,,KAY POWER AND PAPER LTD.,10.0,10.54,10.0,10.49,10.51,9.91,,10.49,,,9792,101595.0,47,F1,1,,,,,
2026-07-22,2026-07-22,CM,BSE,STK,530259,INE003B01014,INTSTOIL,X,,,,,INTER STATE OIL CARRIER LTD.,43.0,43.0,38.75,40.66,40.66,39.5,,40.66,,,1117,43705.0,16,F1,1,,,,,
2026-07-22,2026-07-22,CM,BSE,STK,530263,INE062C01042,GLOBALCA,X,,,,,GLOBAL CAPITAL MARKETS LTD.,0.47,0.47,0.45,0.46,0.46,0.47,,0.46,,,173600,78943.0,114,F1,1,,,,,
2026-07-22,2026-07-22,CM,BSE,STK,530265,INE584B01013,SAINIK,X,,,,,SAINIK FINANCE & INDUSTRIES LT,36.0,36.0,36.0,36.0,36.0,38.0,,36.0,,,1,36.0,1,F1,1,,,,,
2026-07-22,2026-07-22,CM,BSE,STK,530267,INE021N01011,ARIGATO,XT,,,,,ARIGATO UNIVERSE LIMITED,51.3,51.3,51.3,51.3,51.3,51.3,,51.3,,,1,51.0,1,F1,1,,,,,
2026-07-22,2026-07-22,CM,BSE,STK,530281,INE373C01019,QUANTDIA,XT,,,,,QUANTUM DIGITAL VISION (INDIA),30.97,30.97,30.96,30.96,30.96,29.5,,30.96,,,11441,354327.0,40,F1,1,,,,,
2026-07-22,2026-07-22,CM,BSE,STK,530289,INE102F01015,SPCAPIT,X,,,,,SP CAPITAL FINANCING LTD.,52.5,52.5,52.5,52.5,52.5,52.99,,52.5,,,2,105.0,1,F1,1,,,,,
2026-07-22,2026-07-22,CM,BSE,STK,530305,INE546C01010,PICCADIL,B,,,,,PICCADILY AGRO INDUSTRIES LTD.,759.75,759.75,740.65,745.45,745.0,753.0,,745.05,,,21306,15932822.0,946,F1,1,,,,,
2026-07-22,2026-07-22,CM,BSE,STK,530307,INE419D01026,CLSEL,B,,,,,CHAMAN LAL SETIA EXPORTS LIMIT,281.6,282.7,272.7,281.6,281.15,278.65,,281.85,,,3118,866103.0,126,F1,1,,,,,
2026-07-22,2026-07-22,CM,BSE,STK,530309,INE368D01025,CHANDRAP,X,,,,,CHANDRA PRABHU INTERNATIONAL L,11.4,11.4,10.22,10.75,10.89,11.35,,10.75,,,80914,848905.0,153,F1,1,,,,,
2026-07-22,2026-07-22,CM,BSE,STK,530313,INE285U01025,KIMIABL,X,,,,,KIMIA BIOSCIENCES LIMITED,34.5,34.5,33.25,33.99,33.99,34.33,,33.99,,,334,11372.0,10,F1,1,,,,,
2026-07-22,2026-07-22,CM,BSE,STK,530315,INE428D01019,HINDTIN,X,,,,,HINDUSTAN TIN WORKS LTD.,103.0,104.0,101.0,102.5,103.25,104.0,,102.5,,,2263,232504.0,44,F1,1,,,,,
2026-07-22,2026-07-22,CM,BSE,STK,530317,INE362C01012,GODAVARI,XT,,,,,GODAVARI DRUGS LTD.,115.0,120.0,115.0,120.0,120.0,116.05,,120.0,,,1275,149407.0,14,F1,1,,,,,
2026-07-22,2026-07-22,CM,BSE,STK,530331,INE001E01012,PREMCO,B,,,,,PREMCO GLOBAL LTD.,351.6,368.0,351.6,365.55,366.0,369.05,,367.2,,,196,70656.0,22,F1,1,,,,,
2026-07-22,2026-07-22,CM,BSE,STK,530341,INE596B01017,MUKESHB,X,,,,,MUKESH BABU FINANCIAL SERVICES,129.05,129.05,129.05,129.05,129.05,129.05,,129.05,,,105,13550.0,5,F1,1,,,,,
2026-07-22,2026-07-22,CM,BSE,STK,530343,INE955D01029,GENUSPOWER,A,,,,,GENUS POWER INFRASTRUCTURES LT,316.15,318.05,310.1,313.2,313.2,314.5,,312.8,,,139594,43806514.0,1612,F1,1,,,,,
2026-07-22,2026-07-22,CM,BSE,STK,530355,INE276G01015,ASIANENE,B,,,,,ASIAN ENERGY SERVICES LTD,355.95,358.0,347.0,351.2,354.9,350.75,,350.65,,,7580,2666130.0,269,F1,1,,,,,
2026-07-22,2026-07-22,CM,BSE,STK,530357,INE883D01023,KBSINDIA,X,,,,,KBS INDIA LIMITED,1.48,1.48,1.35,1.42,1.4,1.5,,1.42,,,109556,153595.0,105,F1,1,,,,,
2026-07-22,2026-07-22,CM,BSE,STK,530361,INE428P01013,PRABHHANS,XT,,,,,PRABHHANS INDUSTRIES LIMITED,33.6,34.5,32.01,32.11,32.01,33.52,,32.11,,,3210,104514.0,18,F1,1,,,,,
2026-07-22,2026-07-22,CM,BSE,STK,530363,INE071E01023,UGARSUGAR,B,,,,,UGAR SUGAR WORKS LTD.,39.8,39.9,39.04,39.27,39.9,39.92,,39.31,,,6472,254923.0,119,F1,1,,,,,
2026-07-22,2026-07-22,CM,BSE,STK,530365,INE607D01018,ORIENTBELL,B,,,,,ORIENT BELL LIMITED,321.55,322.7,312.05,312.05,312.05,321.55,,314.9,,,126,40224.0,22,F1,1,,,,,
2026-07-22,2026-07-22,CM,BSE,STK,530367,INE349A01021,NRBBEARING,B,,,,,NRB BEARINGS LTD.,408.8,408.8,388.0,394.0,395.0,404.7,,394.2,,,25478,10024622.0,662,F1,1,,,,,
2026-07-22,2026-07-22,CM,BSE,STK,530369,INE380C01014,VAMSHIRU,X,,,,,VAMSHI RUBBER LTD.,39.95,40.0,38.7,40.0,40.0,39.95,,40.0,,,616,23988.0,17,F1,1,,,,,
2026-07-22,2026-07-22,CM,BSE,STK,530377,INE937C01029,NILAINFRA,B,,,,,NILA INFRASTRUCTURES LTD.,7.31,7.31,7.22,7.27,7.3,7.22,,7.23,,,25678,187527.0,53,F1,1,,,,,
2026-07-22,2026-07-22,CM,BSE,STK,530393,INE921B01025,DBSTOCKBRO,T,,,,,DB (INTERNATIONAL) STOCK BROKE,34.0,34.7,33.4,33.4,33.4,35.07,,33.4,,,845,29097.0,11,F1,1,,,,,
2026-07-22,2026-07-22,CM,BSE,STK,530401,INE526H01011,VINYOFL,X,,,,,VINYOFLEX LTD.,50.5,51.3,50.5,50.8,50.8,50.95,,50.8,,,643,32677.0,14,F1,1,,,,,
2026-07-22,2026-07-22,CM,BSE,STK,530405,INE356F01017,JINDCAP,X,,,,,JINDAL CAPITAL LTD.,32.15,32.95,31.02,32.04,32.0,32.0,,32.04,,,1634,52366.0,42,F1,1,,,,,
2026-07-22,2026-07-22,CM,BSE,STK,530407,INE932F01015,EPIC,X,,,,,EPIC ENERGY LTD.,35.94,36.12,35.0,35.01,35.63,35.94,,35.01,,,2956,103667.0,41,F1,1,,,,,
2026-07-22,2026-07-22,CM,BSE,STK,530419,INE886B01012,SUMEDHA,X,,,,,SUMEDHA FISCAL SERVICES LTD.,37.99,37.99,36.0,36.05,36.05,36.34,,36.05,,,1739,63017.0,27,F1,1,,,,,
2026-07-22,2026-07-22,CM,BSE,STK,530421,INE430F01010,KUWERIN,X,,,,,KUWER INDUSTRIES LTD.,10.75,11.5,10.0,10.98,10.98,10.69,,10.98,,,2274,23313.0,43,F1,1,,,,,
2026-07-22,2026-07-22,CM,BSE,STK,530427,INE865B01016,CHOKSI,XT,,,,,CHOKSI ASIA LIMITED,184.25,184.25,174.0,180.0,180.0,177.55,,180.0,,,1083,195725.0,19,F1,1,,,,,
2026-07-22,2026-07-22,CM,BSE,STK,530429,INE831C01016,ASHISHPO,X,,,,,ASHISH POLYPLAST LTD.,31.0,31.0,28.22,29.4,29.4,28.22,,29.4,,,1352,38967.0,25,F1,1,,,,,
2026-07-22,2026-07-22,CM,BSE,STK,530433,INE960E01019,SHIVAAGRO,X,,,,,SHIVA GLOBAL AGRO INDUSTRIES L,40.2,40.4,40.2,40.39,40.39,40.99,,40.39,,,188,7570.0,3,F1,1,,,,,
2026-07-22,2026-07-22,CM,BSE,STK,530439,INE140C01012,SIDDHA,X,,,,,SIDDHA VENTURES LTD.,4.01,4.2,4.01,4.01,4.01,4.01,,4.01,,,5939,23815.0,17,F1,1,,,,,
2026-07-22,2026-07-22,CM,BSE,STK,530443,INE293D01017,KIRANSY-B,X,,,,,KIRAN SYNTEX LTD.,12.35,12.35,12.35,12.35,12.35,13.0,,12.35,,,678,8373.0,6,F1,1,,,,,
2026-07-22,2026-07-22,CM,BSE,STK,530445,INE764B01029,SUMERUIND,X,,,,,SUMERU INDUSTRIES LTD.,1.75,1.75,1.42,1.44,1.5,1.5,,1.44,,,32211,47132.0,59,F1,1,,,,,
2026-07-22,2026-07-22,CM,BSE,STK,530449,INE347C01013,RUNGTAIR,X,,,,,RUNGTA IRRIGATION LTD.,49.0,50.99,48.0,49.99,50.75,51.49,,49.99,,,2477,120538.0,37,F1,1,,,,,
2026-07-22,2026-07-22,CM,BSE,STK,530457,INE959B01017,GTTDATA,X,,,,,GTT DATA SOLUTIONS LIMITED,38.02,39.5,36.1,39.16,39.19,38.56,,39.16,,,12847,484915.0,137,F1,1,,,,,
2026-07-22,2026-07-22,CM,BSE,STK,530459,INE808A01018,VALSONQ,X,,,,,VALSON INDUSTRIES LTD.,32.99,33.0,32.99,33.0,33.0,33.0,,33.0,,,230,7587.0,3,F1,1,,,,,
2026-07-22,2026-07-22,CM,BSE,STK,530461,INE440C01016,SABOOSOD,X,,,,,SABOO SODIUM CHLORO LTD.,12.3,12.5,12.05,12.21,12.45,12.4,,12.21,,,8907,108415.0,53,F1,1,,,,,
2026-07-22,2026-07-22,CM,BSE,STK,530475,INE015C01016,TINNARUBR,B,,,,,TINNA RUBBER AND INFRASTRUCTUR,1100.0,1132.4,1055.75,1090.2,1090.45,1145.25,,1090.35,,,39608,43280938.0,2125,F1,1,,,,,
2026-07-22,2026-07-22,CM,BSE,STK,530477,INE337E01010,VIKRAMTH,XT,,,,,VIKRAM THERMO (INDIA) LTD.,235.0,248.3,235.0,245.0,245.1,245.05,,245.0,,,17086,4183969.0,159,F1,1,,,,,
2026-07-22,2026-07-22,CM,BSE,STK,530495,INE473C01025,STRATMONT,XT,,,,,STRATMONT INDUSTRIES LIMITED,60.0,60.0,60.0,60.0,60.0,61.91,,60.0,,,10,600.0,1,F1,1,,,,,
2026-07-22,2026-07-22,CM,BSE,STK,530499,INE701G01012,AKCAPIT,B,,,,,A.K.CAPITAL SERVICES LTD.,1800.05,1800.05,1755.35,1759.85,1757.5,1784.65,,1784.8,,,3062,5461458.0,220,F1,1,,,,,
2026-07-22,2026-07-22,CM,BSE,STK,530517,INE131B01039,RELAXO,A,,,,,RELAXO FOOTWEARS LTD.,410.55,412.15,397.0,401.3,401.3,412.95,,401.5,,,85906,34530536.0,1948,F1,1,,,,,
2026-07-22,2026-07-22,CM,BSE,STK,530521,INE467D01017,VIRAT,X,,,,,VIRAT INDUSTRIES LTD.,338.95,338.95,311.1,324.1,331.9,328.3,,324.1,,,123,39827.0,30,F1,1,,,,,
2026-07-22,2026-07-22,CM,BSE,STK,530525,INE786J01033,RRETAIL,X,,,,,RAJNISH RETAIL LIMITED,2.63,2.63,2.54,2.56,2.56,2.6,,2.56,,,163466,417985.0,121,F1,1,,,,,
2026-07-22,2026-07-22,CM,BSE,STK,530533,INE390D01011,TERAI,X,,,,,TERAI TEA CO.LTD.,119.95,119.95,119.95,119.95,119.95,119.95,,119.95,,,4,479.0,1,F1,1,,,,,
2026-07-22,2026-07-22,CM,BSE,STK,530545,INE949B01018,COSCO,X,,,,,COSCO (INDIA) LTD.,192.8,192.8,186.6,187.3,187.1,190.6,,187.3,,,750,140911.0,25,F1,1,,,,,
2026-07-22,2026-07-22,CM,BSE,STK,530549,INE790G01031,SHILPAMED,A,,,,,SHILPA MEDICARE LTD.,641.3,641.3,611.0,613.45,613.2,639.35,,613.35,,,34168,21088933.0,912,F1,1,,,,,
2026-07-22,2026-07-22,CM,BSE,STK,530555,INE074B01023,PARACABLES,B,,,,,PARAMOUNT COMMUNICATIONS LTD.,67.0,67.0,62.89,63.12,62.89,65.75,,63.2,,,118198,7525972.0,1070,F1,1,,,,,
2026-07-22,2026-07-22,CM,BSE,STK,530557,INE132F01038,NCLRESE,X,,,,,NCL RESEARCH & FINANCIAL SERVI,0.77,0.82,0.74,0.79,0.79,0.75,,0.79,,,34696966,27827195.0,3721,F1,1,,,,,
2026-07-22,2026-07-22,CM,BSE,STK,530571,INE335G01019,EXPLICITFIN,X,,,,,EXPLICIT FINANCE LTD.,7.1,7.2,7.09,7.2,7.2,7.46,,7.2,,,2950,21047.0,11,F1,1,,,,,
2026-07-22,2026-07-22,CM,BSE,STK,530577,INE519D01015,LADDERUP,X,,,,,LADDERUP FINANCE LTD.,55.0,55.0,55.0,55.0,55.0,56.0,,55.0,,,600,33000.0,1,F1,1,,,,,
2026-07-22,2026-07-22,CM,BSE,STK,530579,INE152C01025,UYFINCORP,B,,,,,U. Y. FINCORP LIMITED,17.5,17.5,17.0,17.2,17.4,17.15,,17.24,,,40832,701911.0,175,F1,1,,,,,
2026-07-22,2026-07-22,CM,BSE,STK,530581,INE906L01025,EKAMLEA,XT,,,,,EKAM LEASING & FINANCE CO.LTD.,7.51,7.88,7.14,7.88,7.88,7.51,,7.88,,,641,4980.0,7,F1,1,,,,,
2026-07-22,2026-07-22,CM,BSE,STK,530585,INE691C01022,SWASTIKA,XT,,,,,SWASTIKA INVESTMART LIMITED,111.95,123.71,111.93,111.95,111.95,117.82,,111.95,,,82025,9431873.0,349,F1,1,,,,,
2026-07-22,2026-07-22,CM,BSE,STK,530589,INE573B01016,PRIMAPLA,XT,,,,,PRIMA PLASTICS LTD.,125.95,129.0,125.0,126.0,126.0,122.95,,126.0,,,9873,1266802.0,70,F1,1,,,,,
2026-07-22,2026-07-22,CM,BSE,STK,530595,INE381G01013,TELECANOR,X,,,,,TELECANOR GLOBAL LTD.,24.5,24.55,24.5,24.55,24.55,23.39,,24.55,,,21664,531775.0,36,F1,1,,,,,
2026-07-22,2026-07-22,CM,BSE,STK,530601,INE582C01015,JAGSONSER,X,,,,,JAGSONPAL SERVICES LIMITED,55.0,57.0,54.5,56.63,57.0,54.5,,56.63,,,1301,73667.0,10,F1,1,,,,,
2026-07-22,2026-07-22,CM,BSE,STK,530615,INE194E01015,GARGFUR,X,,,,,GARG FURNACE LTD.,115.9,115.9,111.4,112.45,113.9,112.25,,112.45,,,740,83866.0,15,F1,1,,,,,
2026-07-22,2026-07-22,CM,BSE,STK,530617,INE375C01022,SAMPRE,X,,,,,SAMPRE NUTRITIONS LTD.,7.4,7.43,6.78,6.78,6.85,7.13,,6.78,,,283336,1940755.0,235,F1,1,,,,,
2026-07-22,2026-07-22,CM,BSE,STK,530621,INE864E01021,AAIL,X,,,,,Akar Auto Industries Limited,110.4,112.8,108.01,111.07,112.0,106.85,,111.07,,,24744,2723897.0,199,F1,1,,,,,
2026-07-22,2026-07-22,CM,BSE,STK,530627,INE834D01018,VIPULORG,X,,,,,Vipul Organics Limited,248.15,248.15,240.1,240.65,240.1,243.25,,240.65,,,2068,501441.0,41,F1,1,,,,,
2026-07-22,2026-07-22,CM,BSE,STK,530643,INE316A01038,ECORECO,XT,,,,,ECO RECYCLING LTD.,508.25,515.9,487.15,502.25,503.0,508.25,,502.25,,,10884,5453232.0,564,F1,1,,,,,
2026-07-22,2026-07-22,CM,BSE,STK,530655,INE127I01024,GOODLUCK,B,,,,,Goodluck India Limited,1552.85,1570.4,1541.5,1556.35,1557.9,1552.85,,1557.0,,,5789,9002885.0,443,F1,1,,,,,
2026-07-22,2026-07-22,CM,BSE,STK,530663,INE912B01032,GOYALASS,X,,,,,GOYAL ASSOCIATES LTD.,0.95,1.05,0.95,1.0,1.0,0.95,,1.0,,,18433,17815.0,34,F1,1,,,,,
2026-07-22,2026-07-22,CM,BSE,STK,530665,INE812B01026,ZENITHHE,X,,,,,ZENITH HEALTH CARE LTD.,3.59,3.75,3.28,3.4,3.38,3.5,,3.4,,,23340,79264.0,142,F1,1,,,,,
2026-07-22,2026-07-22,CM,BSE,STK,530677,INE822E01011,SUPREME,B,,,,,SUPREME HOLDINGS & HOSPITALITY,44.88,45.59,44.54,44.99,45.0,44.95,,44.77,,,4641,207792.0,119,F1,1,,,,,
2026-07-22,2026-07-22,CM,BSE,STK,530689,INE624M01014,LYKISLTD,X,,,,,LYKIS LIMITED,45.0,46.44,45.0,45.41,45.4,45.1,,45.41,,,3579,162434.0,22,F1,1,,,,,
2026-07-22,2026-07-22,CM,BSE,STK,530695,INE233C01023,PRIMEPRO,XT,,,,,PRIME PROPERTY DEVELOPMENT COR,26.51,26.98,25.65,26.9,26.9,26.98,,26.9,,,2389,62261.0,21,F1,1,,,,,
2026-07-22,2026-07-22,CM,BSE,STK,530697,INE546F01013,ZENLABS,XT,,,,,Zenlabs Ethica Limited,27.7,30.52,27.7,30.52,30.52,29.07,,30.52,,,51,1553.0,2,F1,1,,,,,
2026-07-22,2026-07-22,CM,BSE,STK,530699,INE533D01032,RAJRILTD,T,,,,,RAJ RAYON INDUSTRIES LIMITED,21.5,21.5,21.02,21.44,21.44,21.43,,21.42,,,574,12199.0,17,F1,1,,,,,
2026-07-22,2026-07-22,CM,BSE,STK,530705,INE161F01011,ANIRIT,XT,,,,,ANIRIT VENTURES LIMITED,45.53,45.53,45.53,45.53,45.53,45.53,,45.53,,,252,11473.0,4,F1,1,,,,,
2026-07-22,2026-07-22,CM,BSE,STK,530709,INE225G01012,GOWRALE,XT,,,,,GOWRA LEASING & FINANCE LTD.,104.45,104.45,99.25,99.85,99.85,104.45,,99.85,,,4478,447951.0,69,F1,1,,,,,
2026-07-22,2026-07-22,CM,BSE,STK,530711,INE144C01014,JAGANLAM,X,,,,,JAGAN LAMPS LTD.,46.62,46.99,46.0,46.16,46.05,46.61,,46.16,,,1392,64303.0,27,F1,1,,,,,
2026-07-22,2026-07-22,CM,BSE,STK,530723,INE041B01014,ASITCFIN,X,,,,,ASIT C.MEHTA FINANCIAL SERVICE,111.0,113.8,111.0,113.75,113.8,109.25,,113.75,,,350,39327.0,9,F1,1,,,,,
2026-07-22,2026-07-22,CM,BSE,STK,530735,INE897A01011,SUPERBAK,X,,,,,SUPER BAKERS (INDIA) LTD.,29.92,29.92,28.4,28.4,28.4,28.5,,28.4,,,46,1374.0,6,F1,1,,,,,
2026-07-22,2026-07-22,CM,BSE,STK,530741,INE812S01012,OVOBELE,XT,,,,,OVOBEL FOODS LTD.,190.0,190.0,183.1,188.5,188.7,190.0,,188.5,,,479,89079.0,26,F1,1,,,,,
2026-07-22,2026-07-22,CM,BSE,STK,530745,INE366C01021,ACSTECH,B,,,,,ACS TECHNOLOGIES LIMITED,38.06,40.66,38.06,40.3,40.62,40.02,,40.54,,,23897,960208.0,341,F1,1,,,,,
2026-07-22,2026-07-22,CM,BSE,STK,530747,INE807A01010,CHALLANI,X,,,,,CHALLANI CAPITAL LIMITED,20.6,20.6,18.52,19.99,19.99,19.99,,19.99,,,12,228.0,7,F1,1,,,,,
2026-07-22,2026-07-22,CM,BSE,STK,530755,INE715D01019,CORNE,X,,,,,CORAL NEWSPRINTS LTD.,9.91,9.91,9.91,9.91,9.91,9.95,,9.91,,,2,19.0,1,F1,1,,,,,
2026-07-22,2026-07-22,CM,BSE,STK,530757,INE0OUS01011,SHENTRA,XT,,,,,SHENTRACON CHEMICALS LTD.,125.4,125.4,125.4,125.4,125.4,122.95,,125.4,,,770,96558.0,5,F1,1,,,,,
2026-07-22,2026-07-22,CM,BSE,STK,530759,INE334A01023,STERTOOLS,T,,,,,STERLING TOOLS LTD.,254.5,255.0,244.35,249.9,244.35,249.7,,247.36,,,2035,512161.0,43,F1,1,,,,,
2026-07-22,2026-07-22,CM,BSE,STK,530765,INE510B01018,AGARWAL,X,,,,,AGARWAL FORTUNE INDIA LIMITED,21.1,21.1,21.1,21.1,21.1,21.1,,21.1,,,101,2131.0,2,F1,1,,,,,
2026-07-22,2026-07-22,CM,BSE,STK,530779,INE118C01018,DYNAMICP,X,,,,,DYNAMIC PORTFOLIO MANAGEMENT &,15.2,16.0,15.2,16.0,16.0,16.0,,16.0,,,251,3897.0,5,F1,1,,,,,
2026-07-22,2026-07-22,CM,BSE,STK,530787,INE055O01033,INLANPR,XT,,,,,INLAND PRINTERS LTD.,64.02,64.02,63.97,64.0,64.0,60.98,,64.0,,,2575,164826.0,23,F1,1,,,,,
2026-07-22,2026-07-22,CM,BSE,STK,530795,INE584D01019,SUNCITYSY,X,,,,,SUNCITY SYNTHETICS LTD.,7.95,7.99,7.95,7.99,7.99,8.36,,7.99,,,1167,9278.0,4,F1,1,,,,,
2026-07-22,2026-07-22,CM,BSE,STK,530797,INE400N01017,SHGANEL,X,,,,,SHREE GANESH ELASTOPLAST LTD.,18.21,18.21,18.21,18.21,18.21,19.16,,18.21,,,10,182.0,1,F1,1,,,,,
2026-07-22,2026-07-22,CM,BSE,STK,530799,INE336D01014,ANNAINFRA,X,,,,,ANNA INFRASTRUCTURES LTD.,30.41,30.41,30.4,30.4,30.4,32.0,,30.4,,,1012,30766.0,9,F1,1,,,,,
2026-07-22,2026-07-22,CM,BSE,STK,530803,INE354C01027,BHAGERIA,T,,,,,Bhageria Industries Limited,205.1,220.0,205.1,217.65,215.2,213.8,,217.34,,,6688,1445930.0,87,F1,1,,,,,
2026-07-22,2026-07-22,CM,BSE,STK,530805,INE125F01032,OIVL,XT,,,,,ONESOURCE INDUSTRIES AND VENTU,6.25,6.3,5.7,5.94,6.0,6.0,,5.94,,,18435,112454.0,73,F1,1,,,,,
2026-07-22,2026-07-22,CM,BSE,STK,530809,INE355C01016,BNRUDY,X,,,,,BNR UDYOG LTD.,32.01,36.0,32.0,34.03,36.0,35.84,,34.03,,,503,16504.0,10,F1,1,,,,,
2026-07-22,2026-07-22,CM,BSE,STK,530813,INE001B01026,KRBL,A,,,,,KRBL LTD.,353.45,353.6,345.5,349.9,353.6,354.9,,350.3,,,23513,8180709.0,362,F1,1,,,,,
2026-07-22,2026-07-22,CM,BSE,STK,530821,INE838C01011,SSPDL,X,,,,,SSPDL LTD.,17.41,17.41,16.78,16.78,16.78,17.41,,16.78,,,3307,56458.0,18,F1,1,,,,,
2026-07-22,2026-07-22,CM,BSE,STK,530825,INE789B01018,DAIKAFFI,XT,,,,,DAIKAFFIL CHEMICALS INDIA LTD.,41.88,41.88,41.88,41.88,41.88,42.73,,41.88,,,3455,144695.0,16,F1,1,,,,,
2026-07-22,2026-07-22,CM,BSE,STK,530829,INE830A01012,CILSEC,X,,,,,CIL SECURITIES LIMITED,37.0,37.0,35.5,35.51,35.51,36.35,,35.51,,,115,4101.0,8,F1,1,,,,,
2026-07-22,2026-07-22,CM,BSE,STK,530839,INE011B01017,CLIOINFO,XT,,,,,CLIO INFOTECH LTD.,12.15,12.15,12.15,12.15,12.15,12.78,,12.15,,,2947,35806.0,14,F1,1,,,,,
2026-07-22,2026-07-22,CM,BSE,STK,530843,INE509F01029,CUPID,A,,,,,CUPID LTD.,211.5,213.25,203.9,206.95,206.95,211.2,,206.9,,,1761568,366821608.0,11062,F1,1,,,,,
2026-07-22,2026-07-22,CM,BSE,STK,530845,INE199E01014,SUNSHIEL,X,,,,,SUNSHIELD CHEMICALS LTD.,1200.55,1225.0,1181.0,1198.8,1185.2,1203.1,,1198.8,,,1808,2182350.0,194,F1,1,,,,,
2026-07-22,2026-07-22,CM,BSE,STK,530853,INE963A01011,HIPOLIN,XT,,,,,HIPOLIN LTD.,95.65,97.56,95.65,97.56,97.56,95.65,,97.56,,,2840,275312.0,20,F1,1,,,,,
2026-07-22,2026-07-22,CM,BSE,STK,530855,INE545E01018,GDLLEAS,XT,,,,,GDL LEASING & FINANCE LTD.,66.9,66.9,66.89,66.89,66.89,63.93,,66.89,,,23,1538.0,3,F1,1,,,,,
2026-07-22,2026-07-22,CM,BSE,STK,530871,INE995D01025,CHEMBOND,T,,,,,Chembond Material Technologies,177.5,177.95,177.5,177.7,177.7,185.8,,178.26,,,118,20960.0,7,F1,1,,,,,
2026-07-22,2026-07-22,CM,BSE,STK,530879,INE345H01024,CIFL,B,,,,,CAPITAL INDIA FINANCE LIMITED,21.98,21.98,21.1,21.27,21.27,21.17,,20.91,,,279,5968.0,11,F1,1,,,,,
2026-07-22,2026-07-22,CM,BSE,STK,530881,INE485K01022,ABVL,X,,,,,Arunjyoti Bio Ventures Limited,5.35,5.5,5.35,5.49,5.49,5.42,,5.49,,,106537,579375.0,158,F1,1,,,,,
2026-07-22,2026-07-22,CM,BSE,STK,530883,INE366G01022,SUCROSA,X,,,,,SUPER CROP SAFE LTD.,13.2,13.35,12.5,12.63,12.63,12.99,,12.63,,,58423,752984.0,136,F1,1,,,,,
2026-07-22,2026-07-22,CM,BSE,STK,530897,INE825C01018,NGIND,X,,,,,N.G.INDUSTRIES LTD.,117.0,117.0,113.9,113.9,113.9,113.35,,113.9,,,175,20083.0,12,F1,1,,,,,
2026-07-22,2026-07-22,CM,BSE,STK,530899,INE784M01016,ASIAPAK,X,,,,,ASIA PACK LTD.,56.0,56.0,56.0,56.0,56.0,53.5,,56.0,,,1,56.0,1,F1,1,,,,,
2026-07-22,2026-07-22,CM,BSE,STK,530907,INE417F01017,SICAPIT,X,,,,,SI CAPITAL & FINANCIAL SERVICE,29.7,29.73,29.7,29.73,29.73,28.32,,29.73,,,2395,71197.0,17,F1,1,,,,,
2026-07-22,2026-07-22,CM,BSE,STK,530919,INE474C01023,REMSONSIND,B,,,,,REMSONS INDUSTRIES LTD.,80.49,80.88,79.07,79.45,79.5,81.55,,79.57,,,3785,302197.0,129,F1,1,,,,,
2026-07-22,2026-07-22,CM,BSE,STK,530925,INE609D01014,RAMSONS,X,,,,,RAMSONS PROJECTS LTD.,91.0,91.0,90.0,90.0,90.0,90.04,,90.0,,,205,18556.0,5,F1,1,,,,,
2026-07-22,2026-07-22,CM,BSE,STK,530931,INE457D01018,STANPACK,X,,,,,STANPACKS (INDIA) LTD.,9.45,9.46,9.45,9.46,9.46,9.94,,9.46,,,105,992.0,2,F1,1,,,,,
2026-07-22,2026-07-22,CM,BSE,STK,530943,INE416A01051,AQYLON,B,,,,,Aqylon Nexus Limited,28.31,30.79,28.31,28.68,28.68,29.8,,28.9,,,2501315,71043701.0,1027,F1,1,,,,,
2026-07-22,2026-07-22,CM,BSE,STK,530951,INE357B01022,RAMINFO,X,,,,,RAMINFO LIMITED,44.74,44.74,42.6,44.68,44.68,43.36,,44.68,,,807,35686.0,25,F1,1,,,,,
2026-07-22,2026-07-22,CM,BSE,STK,530953,INE224D01012,SUNILAGR,X,,,,,SUNIL AGRO FOODS LTD.,79.19,82.0,79.14,79.18,79.14,83.3,,79.18,,,628,49723.0,9,F1,1,,,,,
2026-07-22,2026-07-22,CM,BSE,STK,530959,INE012E01035,DIANATEA,X,,,,,DIANA TEA CO.LTD.,26.0,26.0,25.35,25.4,25.4,25.6,,25.4,,,4316,111405.0,15,F1,1,,,,,
2026-07-22,2026-07-22,CM,BSE,STK,530961,INE806A01020,VIKASECO,B,,,,,Vikas EcoTech Limited,1.12,1.16,1.11,1.12,1.12,1.13,,1.11,,,341717,383316.0,233,F1,1,,,,,
2026-07-22,2026-07-22,CM,BSE,STK,530965,INE242A01010,IOC,A,,,,,INDIAN OIL CORPORATION LTD.,142.55,143.15,141.0,141.85,141.85,143.3,,142.02,,,760157,108200157.0,6073,F1,1,,,,,
2026-07-22,2026-07-22,CM,BSE,STK,530973,INE042C01010,ALFAICA,X,,,,,ALFA ICA (INDIA) LTD.,76.52,76.52,73.0,73.0,73.0,76.0,,73.0,,,11,809.0,7,F1,1,,,,,
2026-07-22,2026-07-22,CM,BSE,STK,530977,INE260E01014,SKCIL,X,,,,,Shri Keshav Cements and Infra,117.4,122.0,113.2,115.1,119.0,117.4,,115.1,,,4129,482238.0,126,F1,1,,,,,
2026-07-22,2026-07-22,CM,BSE,STK,530979,INE274E01015,INDIAHOME,X,,,,,INDIA HOME LOAN LTD.,30.55,30.89,29.85,30.82,30.85,30.77,,30.82,,,2302,69280.0,31,F1,1,,,,,
2026-07-22,2026-07-22,CM,BSE,STK,530991,INE443C01010,ROOPAIND,X,,,,,ROOPA INDUSTRIES LTD.,50.99,50.99,49.75,49.75,49.75,47.99,,49.75,,,13,655.0,7,F1,1,,,,,
2026-07-22,2026-07-22,CM,BSE,STK,530993,INE075H01019,SARTHAKGL,XT,,,,,SARTHAK GLOBAL LTD.,40.62,40.62,40.62,40.62,40.62,41.44,,40.62,,,500,20310.0,1,F1,1,,,,,
2026-07-22,2026-07-22,CM,BSE,STK,530997,INE333E01019,UNIQUEO,X,,,,,UNIQUE ORGANICS LTD.,76.1,80.0,75.0,76.95,77.0,77.19,,76.95,,,3908,297605.0,52,F1,1,,,,,
2026-07-22,2026-07-22,CM,BSE,STK,530999,INE050E01027,BALAMINES,B,,,,,BALAJI AMINES LTD.,2382.0,2429.5,2329.3,2383.95,2383.95,2366.85,,2380.6,,,18295,43459945.0,1771,F1,1,,,,,
2026-07-22,2026-07-22,CM,BSE,STK,531003,INE595G01018,SWRNASE,X,,,,,SWARNA SECURITIES LTD.,88.46,88.46,80.04,80.26,84.8,84.25,,80.26,,,1598,136338.0,25,F1,1,,,,,
2026-07-22,2026-07-22,CM,BSE,STK,531015,INE154G01022,VENMAX,X,,,,,VENMAX DRUGS AND PHARMACEUTICA,17.49,18.69,16.32,17.06,17.18,16.65,,17.06,,,1733,29647.0,39,F1,1,,,,,
2026-07-22,2026-07-22,CM,BSE,STK,531017,INE190D01015,ARISE,X,,,,,ARIHANTS SECURITIES LTD.,19.4,19.44,18.25,19.39,19.39,18.96,,19.39,,,572,10816.0,9,F1,1,,,,,
2026-07-22,2026-07-22,CM,BSE,STK,531025,INE309H01038,VISAGAR,X,,,,,VISAGAR FINANCIAL SERVICES LTD,0.31,0.32,0.3,0.32,0.32,0.31,,0.32,,,559535,174492.0,238,F1,1,,,,,
2026-07-22,2026-07-22,CM,BSE,STK,531033,INE101E01010,REGAL,X,,,,,REGAL ENTERTAINMENT & CONSULTA,17.5,17.5,14.52,16.7,16.7,16.13,,16.7,,,309,5211.0,6,F1,1,,,,,
2026-07-22,2026-07-22,CM,BSE,STK,531035,INE432F01032,EBIX,XT,,,,,EBIX LIMITED,21.78,21.8,20.82,21.04,21.15,21.91,,21.04,,,189372,3981302.0,455,F1,1,,,,,
2026-07-22,2026-07-22,CM,BSE,STK,531041,INE823B01015,COMPEAU,X,,,,,COMPETENT AUTOMOBILES CO.LTD.,363.55,383.4,363.55,371.0,371.0,370.0,,371.0,,,50,18755.0,4,F1,1,,,,,
2026-07-22,2026-07-22,CM,BSE,STK,531043,INE239F01015,ZDHJERK,X,,,,,DHANVANTRI JEEVAN REKHA LTD.,28.2,28.2,28.2,28.2,28.2,26.9,,28.2,,,25,705.0,3,F1,1,,,,,
2026-07-22,2026-07-22,CM,BSE,STK,531049,INE741D01015,NEELKAN,Z,,,,,NEELKANTH ROCKMINERALS LTD.,43.48,43.48,43.4,43.48,43.48,42.63,,43.48,,,5297,230001.0,14,F1,1,,,,,
2026-07-22,2026-07-22,CM,BSE,STK,531051,INE153C01015,VINTAGES,X,,,,,VINTAGE SECURITIES LTD.,17.0,17.0,17.0,17.0,17.0,17.0,,17.0,,,1,17.0,1,F1,1,,,,,
2026-07-22,2026-07-22,CM,BSE,STK,531067,INE080G01029,CONTILI,X,,,,,CONTIL INDIA LTD.,21.5,21.99,21.0,21.01,21.0,21.25,,21.01,,,1245,26314.0,29,F1,1,,,,,
2026-07-22,2026-07-22,CM,BSE,STK,531069,INE362D01010,VIJSOLX,XT,,,,,VIJAY SOLVEX LTD.,707.0,707.0,677.15,699.95,699.95,712.0,,699.95,,,90,61903.0,20,F1,1,,,,,
2026-07-22,2026-07-22,CM,BSE,STK,531080,INE997I01012,SHRIKRISH,B,,,,,SHRI KRISHNA DEVCON LTD.,44.01,44.9,43.47,43.47,43.47,41.99,,43.0,,,28,1232.0,5,F1,1,,,,,
2026-07-22,2026-07-22,CM,BSE,STK,531082,INE914E01040,ALANKIT,B,,,,,ALANKIT,7.9,8.05,7.55,7.86,7.96,7.9,,7.93,,,13159,103677.0,124,F1,1,,,,,
2026-07-22,2026-07-22,CM,BSE,STK,531083,INE876E01033,NIHARINF,X,,,,,NIHAR INFO GLOBAL LTD.,5.85,5.97,5.8,5.97,5.97,5.99,,5.97,,,6538,38861.0,8,F1,1,,,,,
2026-07-22,2026-07-22,CM,BSE,STK,531091,INE858C01027,UNITDCR,X,,,,,UNITED CREDIT LTD.,27.5,27.5,26.0,26.0,26.0,27.5,,26.0,,,379,9859.0,9,F1,1,,,,,
2026-07-22,2026-07-22,CM,BSE,STK,531092,INE239D01028,OMINFRAL,B,,,,,OM INFRA LIMITED,89.78,89.78,86.97,87.26,87.26,88.98,,87.21,,,13763,1203784.0,144,F1,1,,,,,
2026-07-22,2026-07-22,CM,BSE,STK,531099,INE396H01019,CENTUPLE,X,,,,,CENTUPLE GLOBAL LIMITED,35.0,35.49,34.25,35.45,35.45,34.83,,35.45,,,5970,206362.0,21,F1,1,,,,,
2026-07-22,2026-07-22,CM,BSE,STK,531109,INE561M01018,ISHANCH,B,,,,,Ishan Dyes and Chemicals Limit,51.37,54.9,51.37,54.67,54.85,51.99,,54.85,,,1250,68013.0,25,F1,1,,,,,
2026-07-22,2026-07-22,CM,BSE,STK,531112,INE011E01029,BALUFORGE,A,,,,,BALU FORGE INDUSTRIES LIMITED,441.45,441.45,426.5,429.25,429.25,441.3,,428.15,,,28609,12394828.0,786,F1,1,,,,,
2026-07-22,2026-07-22,CM,BSE,STK,531119,INE418D01010,CEENIK,X,,,,,CEENIK EXPORTS (INDIA) LTD.,267.0,273.5,260.0,267.0,267.0,264.9,,267.0,,,3949,1060326.0,141,F1,1,,,,,
2026-07-22,2026-07-22,CM,BSE,STK,531120,INE244B01030,PATELENG,A,,,,,PATEL ENGINEERING LTD.,29.61,29.8,28.9,29.08,29.06,29.79,,29.05,,,311696,9100011.0,1240,F1,1,,,,,
2026-07-22,2026-07-22,CM,BSE,STK,531126,INE237C01016,KATIPATANG,X,,,,,KATI PATANG LIFESTYLE LIMITED,13.23,14.62,13.23,13.95,13.95,13.85,,13.95,,,5351,74631.0,54,F1,1,,,,,
2026-07-22,2026-07-22,CM,BSE,STK,531127,INE148B01033,MENAMANI,X,,,,,MENA MANI INDUSTRIES LIMITED,10.49,10.56,10.15,10.41,10.41,10.06,,10.41,,,294436,3063040.0,193,F1,1,,,,,
2026-07-22,2026-07-22,CM,BSE,STK,531129,INE635D01027,INANI,X,,,,,INANI MARBLES & INDUSTRIES LTD,10.2,10.2,10.15,10.15,10.15,10.45,,10.15,,,132,1343.0,3,F1,1,,,,,
2026-07-22,2026-07-22,CM,BSE,STK,531137,INE503D01027,GEMSI,X,,,,,GEMSTONE INVESTMENTS LTD.,1.5,1.52,1.42,1.45,1.45,1.49,,1.45,,,45884,67591.0,127,F1,1,,,,,
2026-07-22,2026-07-22,CM,BSE,STK,531144,INE158F01017,ELFORGE,X,,,,,EL FORGE LTD.,19.19,19.19,17.82,18.02,18.4,18.64,,18.02,,,11654,213455.0,80,F1,1,,,,,
2026-07-22,2026-07-22,CM,BSE,STK,531146,INE646B01010,MEDICAMEQ,B,,,,,MEDICAMEN BIOTECH LTD.,249.85,250.8,242.0,247.25,248.0,250.3,,245.2,,,311,76721.0,63,F1,1,,,,,
2026-07-22,2026-07-22,CM,BSE,STK,531147,INE062D01024,ALICON,B,,,,,ALICON CASTALLOY LIMITED,622.8,664.75,622.8,647.25,645.05,622.75,,647.85,,,2890,1888088.0,222,F1,1,,,,,
2026-07-22,2026-07-22,CM,BSE,STK,531153,INE650C01036,DILIGENT,X,,,,,DILIGENT INDUSTRIES LTD.,2.02,2.06,2.01,2.03,2.01,2.05,,2.03,,,23081,46675.0,99,F1,1,,,,,
2026-07-22,2026-07-22,CM,BSE,STK,531156,INE883B01027,ALFAVIO,X,,,,,ALFAVISION OVERSEAS (INDIA) LT,10.78,10.78,9.8,9.95,10.56,10.28,,9.95,,,7598,77148.0,48,F1,1,,,,,
2026-07-22,2026-07-22,CM,BSE,STK,531157,INE412E01011,ORGCOAT,X,,,,,ORGANIC COATINGS LTD.,18.85,18.85,18.8,18.8,18.8,17.97,,18.8,,,5657,106607.0,16,F1,1,,,,,
2026-07-22,2026-07-22,CM,BSE,STK,531158,INE660B01011,CATVISION,X,,,,,CATVISION  LIMITED,20.4,20.4,19.12,19.92,19.36,19.94,,19.92,,,3763,75232.0,23,F1,1,,,,,
2026-07-22,2026-07-22,CM,BSE,STK,531161,INE850B01026,ABMKNO,B,,,,,ABM KNOWLEDGEWARE LTD.,190.75,199.0,190.75,191.0,191.0,201.6,,192.86,,,1797,347014.0,65,F1,1,,,,,
2026-07-22,2026-07-22,CM,BSE,STK,531162,INE548C01032,EMAMILTD,A,,,,,EMAMI LTD.,401.85,416.35,394.75,413.9,416.2,401.05,,413.9,,,40244,16376369.0,1384,F1,1,,,,,
2026-07-22,2026-07-22,CM,BSE,STK,531163,INE971L01029,KEMISTAR,X,,,,,KEMISTAR CORPORATION LIMITED,53.0,53.0,47.15,49.39,49.47,47.98,,49.39,,,3940,194753.0,34,F1,1,,,,,
2026-07-22,2026-07-22,CM,BSE,STK,531168,INE771E01010,ASSOCER,X,,,,,ASSOCIATED CERAMICS LTD.,170.35,170.35,170.35,170.35,170.35,170.35,,170.35,,,77,13116.0,3,F1,1,,,,,
2026-07-22,2026-07-22,CM,BSE,STK,531169,INE709B01016,SKPSEC,X,,,,,SKP SECURITIES LTD.,126.0,126.0,120.25,123.25,124.45,120.55,,123.25,,,678,83459.0,37,F1,1,,,,,
2026-07-22,2026-07-22,CM,BSE,STK,531173,INE121D01036,SYSCHEM,X,,,,,SYSCHEM (INDIA) LTD.,45.46,45.46,43.12,43.61,43.52,44.14,,43.61,,,14039,615175.0,93,F1,1,,,,,
2026-07-22,2026-07-22,CM,BSE,STK,531176,INE186C01023,MEFCOMCAP,X,,,,,MEFCOM CAPITAL MARKETS LTD.,9.97,11.39,9.65,10.82,10.82,10.02,,10.82,,,11693,123012.0,102,F1,1,,,,,
2026-07-22,2026-07-22,CM,BSE,STK,531179,INE109C01017,ARMANFIN,B,,,,,ARMAN FINANCIAL SERVICES LTD.,1977.05,1977.05,1923.65,1931.8,1937.2,1992.8,,1936.5,,,1556,3032644.0,212,F1,1,,,,,
2026-07-22,2026-07-22,CM,BSE,STK,531190,INE355H01015,EFORU,X,,,,,EFORU ENTERTAINMENT LIMITED,97.3,97.3,88.49,88.56,88.49,93.14,,88.56,,,10622,945496.0,109,F1,1,,,,,
2026-07-22,2026-07-22,CM,BSE,STK,531191,INE589N01017,FILTRON,XT,,,,,FILTRON ENGINEERS LTD.,61.36,63.0,61.35,61.35,61.35,62.6,,61.35,,,1108,67978.0,16,F1,1,,,,,
2026-07-22,2026-07-22,CM,BSE,STK,531201,INE024F01011,SHILCTECH,B,,,,,SHILCHAR TECHNOLOGIES LTD.,4380.05,4410.9,4114.05,4170.4,4202.9,4380.05,,4164.4,,,2326,9867753.0,827,F1,1,,,,,
2026-07-22,2026-07-22,CM,BSE,STK,531205,INE179O01031,SPRIGHT,X,,,,,SPRIGHT AGRO LIMITED,0.44,0.47,0.44,0.45,0.45,0.45,,0.45,,,3635199,1646908.0,816,F1,1,,,,,
2026-07-22,2026-07-22,CM,BSE,STK,531209,INE096B01018,NUCLEUS,B,,,,,NUCLEUS SOFTWARE EXPORTS LTD.,748.0,748.0,736.0,740.6,740.1,748.05,,743.1,,,1049,778219.0,93,F1,1,,,,,
2026-07-22,2026-07-22,CM,BSE,STK,531210,INE923C01011,COLINZ,XT,,,,,COLINZ LABORATORIES LTD.,82.0,84.45,77.9,80.13,84.0,82.0,,80.13,,,1188,94304.0,18,F1,1,,,,,
2026-07-22,2026-07-22,CM,BSE,STK,531212,INE606C01012,NLFL,X,,,,,NALIN LEASE FINANCE LTD.,39.89,39.9,38.78,39.9,39.9,39.18,,39.9,,,985,39252.0,15,F1,1,,,,,
2026-07-22,2026-07-22,CM,BSE,STK,531213,INE522D01027,MANAPPURAM,A,,,,,Manappuram Finance Ltd,352.85,354.55,347.2,350.05,351.8,351.55,,350.2,,,224108,78710845.0,3723,F1,1,,,,,
2026-07-22,2026-07-22,CM,BSE,STK,531215,INE005C01017,RTSPOWR,X,,,,,RTS POWER CORPORATION LTD.,103.0,103.0,96.35,97.95,97.95,96.35,,97.95,,,1198,117756.0,28,F1,1,,,,,
2026-07-22,2026-07-22,CM,BSE,STK,531216,INE819A01049,COMFINTE,B,,,,,COMFORT INTECH LTD.,5.4,5.65,5.4,5.5,5.49,5.61,,5.5,,,32623,178109.0,156,F1,1,,,,,
2026-07-22,2026-07-22,CM,BSE,STK,531219,INE861E01019,SHYAMACOMP,P,,,,,Shyama Computronics and Servic,2.5,2.5,2.5,2.5,2.5,2.63,,2.5,,,4600,11500.0,4,F1,100,,,,,
2026-07-22,2026-07-22,CM,BSE,STK,531221,INE262W01012,MAYURFL,XT,,,,,MAYUR FLOORINGS LTD.,15.22,15.22,15.22,15.22,15.22,15.21,,15.22,,,1,15.0,1,F1,1,,,,,
2026-07-22,2026-07-22,CM,BSE,STK,531223,INE364D01032,ANJANI,X,,,,,ANJANI SYNTHETICS LTD.,23.19,23.29,23.19,23.29,23.29,23.19,,23.29,,,204,4750.0,3,F1,1,,,,,
2026-07-22,2026-07-22,CM,BSE,STK,531225,INE547B01028,XTGLOBAL,B,,,,,XTGLOBAL INFOTECH LIMITED,28.4,28.6,27.64,27.93,27.93,28.63,,28.32,,,626,17549.0,33,F1,1,,,,,
2026-07-22,2026-07-22,CM,BSE,STK,531227,INE907E01010,DECOMIC,X,,,,,DECO-MICA LTD.,57.61,57.61,57.61,57.61,57.61,60.45,,57.61,,,20,1152.0,1,F1,1,,,,,
2026-07-22,2026-07-22,CM,BSE,STK,531228,INE821D01031,RANDER,X,,,,,RANDER CORPORATION LTD.,12.35,12.71,11.68,12.48,12.48,12.23,,12.48,,,771,9047.0,16,F1,1,,,,,
2026-07-22,2026-07-22,CM,BSE,STK,531233,INE822D01021,RASIELEC,X,,,,,RASI ELECTRODES LTD.,12.5,12.5,12.13,12.32,12.32,12.18,,12.32,,,4157,51010.0,41,F1,1,,,,,
2026-07-22,2026-07-22,CM,BSE,STK,531234,INE962E01015,SCOOBEEDAY,X,,,,,SCOOBEE DAY GARMENTS (INDIA) L,70.63,70.63,68.87,68.87,68.87,70.28,,68.87,,,166,11473.0,6,F1,1,,,,,
2026-07-22,2026-07-22,CM,BSE,STK,531235,INE494D01011,CITIPOR,X,,,,,CITIPORT FINANCIAL SERVICES LT,35.0,35.0,34.96,34.96,34.96,36.79,,34.96,,,700,24472.0,3,F1,1,,,,,
2026-07-22,2026-07-22,CM,BSE,STK,531237,INE972E01014,DHRUVCA,X,,,,,DHRUVA CAPITAL SERVICES LTD.,183.7,203.0,183.7,183.7,183.7,193.35,,183.7,,,1197,221915.0,23,F1,1,,,,,
2026-07-22,2026-07-22,CM,BSE,STK,531241,INE802B01027,LINC,B,,,,,LINC LIMITED,105.0,105.85,104.55,105.55,105.65,105.55,,105.48,,,3029,320399.0,77,F1,1,,,,,
2026-07-22,2026-07-22,CM,BSE,STK,531246,INE723N01012,PRIMAIN,X,,,,,PRIMA INDUSTRIES LTD.,19.49,19.49,16.8,17.0,17.0,18.0,,17.0,,,267,4689.0,8,F1,1,,,,,
2026-07-22,2026-07-22,CM,BSE,STK,531253,INE342D01012,INDGELA,X,,,,,INDIA GELATINE & CHEMICALS LTD,375.85,375.85,360.0,368.2,369.0,364.5,,368.2,,,844,307102.0,25,F1,1,,,,,
2026-07-22,2026-07-22,CM,BSE,STK,531254,INE031G01022,OPTIFIN,X,,,,,Optimus Finance Limited,11.5,11.77,11.5,11.65,11.5,11.4,,11.65,,,12381,143626.0,73,F1,1,,,,,
2026-07-22,2026-07-22,CM,BSE,STK,531255,INE015E01012,PARAGONF,X,,,,,PARAGON FINANCE LTD.,53.7,53.7,46.0,51.5,46.0,53.8,,51.5,,,22,1146.0,7,F1,1,,,,,
2026-07-22,2026-07-22,CM,BSE,STK,531257,INE530D01012,PRATIKSH,X,,,,,PRATIKSHA CHEMICALS LTD.,17.75,17.75,17.1,17.54,17.53,17.4,,17.54,,,120782,2105959.0,35,F1,1,,,,,
2026-07-22,2026-07-22,CM,BSE,STK,531259,INE328F01016,ESHAMEDIA,XT,,,,,ESHA MEDIA RESEARCH LIMITED,43.84,43.84,43.84,43.84,43.84,41.76,,43.84,,,11627,509727.0,32,F1,1,,,,,
2026-07-22,2026-07-22,CM,BSE,STK,531262,INE060N01019,EQUILATERA,X,,,,,EQUILATERAL ENTERPRISES LIMITE,17.43,17.43,16.63,16.63,16.63,16.6,,16.63,,,5,84.0,4,F1,1,,,,,
2026-07-22,2026-07-22,CM,BSE,STK,531266,INE764D01017,VSTTILLERS,B,,,,,V.S.T.TILLERS TRACTORS LTD.,4468.5,4495.35,4430.0,4433.4,4430.0,4471.8,,4441.7,,,425,1890436.0,121,F1,1,,,,,
2026-07-22,2026-07-22,CM,BSE,STK,531268,INE151B01011,B2BSOFT,X,,,,,B2B SOFTWARE TECHNOLOGIES LTD.,27.99,28.35,26.7,28.04,28.35,27.97,,28.04,,,18843,523454.0,205,F1,1,,,,,
2026-07-22,2026-07-22,CM,BSE,STK,531273,INE986B01044,RADHEDE,X,,,,,RADHE DEVELOPERS (INDIA) LTD.,1.52,1.55,1.45,1.5,1.5,1.52,,1.5,,,247101,366718.0,197,F1,1,,,,,
2026-07-22,2026-07-22,CM,BSE,STK,531274,INE674M01019,KINETRU,X,,,,,KINETIC TRUST LTD.,43.19,43.19,42.09,42.09,42.09,44.3,,42.09,,,305,12870.0,3,F1,1,,,,,
2026-07-22,2026-07-22,CM,BSE,STK,531278,INE785D01012,ELIXIR,X,,,,,Elixir Capital Limited,120.5,120.5,114.2,115.1,118.95,122.5,,115.1,,,595,68671.0,41,F1,1,,,,,
2026-07-22,2026-07-22,CM,BSE,STK,531279,INE238C01022,TRISHAKT,X,,,,,Trishakti Industries Limited,228.7,235.0,220.0,231.1,231.1,218.75,,231.1,,,216691,49408293.0,1574,F1,1,,,,,
2026-07-22,2026-07-22,CM,BSE,STK,531280,INE698B01011,PANKAJPO,X,,,,,PANKAJ POLYMERS LTD.,82.25,82.29,82.0,82.29,82.29,78.38,,82.29,,,49089,4038872.0,104,F1,1,,,,,
2026-07-22,2026-07-22,CM,BSE,STK,531281,INE807H01023,MARBLE,X,,,,,MARBLE CITY INDIA LIMITED,128.0,128.0,125.0,125.3,125.3,128.45,,125.3,,,1695,213589.0,25,F1,1,,,,,
2026-07-22,2026-07-22,CM,BSE,STK,531283,INE897D01015,CINDRELL,X,,,,,CINDRELLA FINANCIAL SERVICES L,11.5,11.5,11.5,11.5,11.5,11.5,,11.5,,,310,3565.0,2,F1,1,,,,,
2026-07-22,2026-07-22,CM,BSE,STK,531287,INE896D01017,NATPLASTI,X,,,,,NATIONAL PLASTIC TECHNOLOGIES,222.35,235.9,217.05,222.15,226.85,230.85,,222.15,,,1141,253982.0,39,F1,1,,,,,
2026-07-22,2026-07-22,CM,BSE,STK,531288,INE531D01010,LEADFIN,X,,,,,LEAD FINANCIAL SERVICES LTD.,17.32,17.32,17.32,17.32,17.32,17.32,,17.32,,,6,103.0,1,F1,1,,,,,
2026-07-22,2026-07-22,CM,BSE,STK,531289,INE643C01015,NATFIT,X,,,,,NATIONAL FITTINGS LIMITED,154.0,155.5,154.0,155.0,155.0,153.55,,155.0,,,7950,1230450.0,12,F1,1,,,,,
2026-07-22,2026-07-22,CM,BSE,STK,531297,INE885B01014,ARTEFACT,X,,,,,ARTEFACT PROJECTS LTD.,53.2,54.49,53.17,53.2,53.2,54.2,,53.2,,,812,43393.0,13,F1,1,,,,,
2026-07-22,2026-07-22,CM,BSE,STK,531301,INE319M01011,TUSALDAH,XT,,,,,TUSALDAH LIMITED,124.55,137.1,124.55,133.9,137.0,131.1,,133.9,,,46,5779.0,6,F1,1,,,,,
2026-07-22,2026-07-22,CM,BSE,STK,531304,INE960H01012,NUTECGLOB,X,,,,,NUTECH GLOBAL LTD.,24.0,24.43,24.0,24.43,24.43,23.27,,24.43,,,1045,25313.0,4,F1,1,,,,,
2026-07-22,2026-07-22,CM,BSE,STK,531306,INE590D01016,DHPIND,X,,,,,DHP INDIA LTD.,512.1,520.0,512.1,514.45,520.0,522.0,,514.45,,,34,17491.0,4,F1,1,,,,,
2026-07-22,2026-07-22,CM,BSE,STK,531307,INE951M01037,RRIL,B,,,,,RRIL LIMITED,16.9,17.4,16.6,16.75,16.75,17.11,,16.83,,,846,14309.0,27,F1,1,,,,,
2026-07-22,2026-07-22,CM,BSE,STK,531310,INE325G01010,AVAILFC,B,,,,,AVAILABLE FINANCE LTD.,146.05,151.8,146.05,146.6,146.6,148.05,,146.6,,,514,76247.0,37,F1,1,,,,,
2026-07-22,2026-07-22,CM,BSE,STK,531319,INE368C01019,MGIL,XT,,,,,MARUTI GLOBAL INDUSTRIES LIMIT,39.1,39.55,37.2,39.48,39.48,39.09,,39.48,,,210,8060.0,16,F1,1,,,,,
2026-07-22,2026-07-22,CM,BSE,STK,531322,INE293B01029,HAVISHA,B,,,,,SRI HAVISHA HOSPITALITY INFRAS,1.22,1.24,1.19,1.21,1.23,1.21,,1.19,,,15175,18420.0,63,F1,1,,,,,
2026-07-22,2026-07-22,CM,BSE,STK,531323,INE250D01017,JAYIND,X,,,,,JAYATMA INDUSTRIES LIMITED,11.63,11.63,11.63,11.63,11.63,12.24,,11.63,,,5,58.0,1,F1,1,,,,,
2026-07-22,2026-07-22,CM,BSE,STK,531328,INE128R01023,KRETTOSYS,XT,,,,,KRETTO SYSCON LIMITED,0.54,0.56,0.53,0.55,0.55,0.54,,0.55,,,3866562,2120025.0,232,F1,1,,,,,
2026-07-22,2026-07-22,CM,BSE,STK,531335,INE768C01028,ZYDUSWELL,A,,,,,ZYDUS WELLNESS LTD.,586.55,589.25,566.4,571.3,572.0,592.1,,571.75,,,19107,11060415.0,680,F1,1,,,,,
2026-07-22,2026-07-22,CM,BSE,STK,531340,INE348I01018,BERVINL,X,,,,,BERVIN INVESTMENT & LEASING LT,48.94,48.94,44.67,44.67,44.67,47.02,,44.67,,,63,2854.0,6,F1,1,,,,,
2026-07-22,2026-07-22,CM,BSE,STK,531341,INE373D01017,GUJINV,X,,,,,GUJARAT INVESTA LTD.,16.5,17.8,16.5,17.8,17.8,17.0,,17.8,,,2183,36183.0,8,F1,1,,,,,
2026-07-22,2026-07-22,CM,BSE,STK,531344,INE111A01025,CONCOR,A,,,,,CONTAINER CORPORATION OF INDIA,487.5,491.8,478.0,481.1,481.1,491.95,,481.4,,,70222,33841149.0,2153,F1,1,,,,,
2026-07-22,2026-07-22,CM,BSE,STK,531346,INE500D01015,EASTRED,X,,,,,EASTERN TREADS LTD.,28.49,28.49,27.5,27.5,27.5,27.95,,27.5,,,70,1944.0,3,F1,1,,,,,
2026-07-22,2026-07-22,CM,BSE,STK,531349,INE922B01023,PANACEABIO,B,,,,,PANACEA BIOTEC LTD.,492.95,504.05,450.0,461.9,460.0,494.55,,461.95,,,53536,25120738.0,1951,F1,1,,,,,
2026-07-22,2026-07-22,CM,BSE,STK,531352,INE328D01011,PEETISEC,X,,,,,PEETI SECURITIES LTD.,18.08,18.08,18.08,18.08,18.08,18.88,,18.08,,,37,668.0,3,F1,1,,,,,
2026-07-22,2026-07-22,CM,BSE,STK,531357,INE763M01028,MERCURYEV,T,,,,,MERCURY EV-TECH LIMITED,35.99,36.6,35.25,35.29,35.25,35.28,,35.24,,,43118,1532141.0,145,F1,1,,,,,
2026-07-22,2026-07-22,CM,BSE,STK,531358,INE102B01014,CHOICEIN,A,,,,,CHOICE INTERNATIONAL LTD.,816.9,816.9,804.3,809.8,809.8,817.1,,809.25,,,18819,15225095.0,503,F1,1,,,,,
2026-07-22,2026-07-22,CM,BSE,STK,531359,INE777G01012,SRAMSET,X,,,,,SHRIRAM ASSET MANAGEMENT CO.LT,280.05,285.5,275.6,283.0,283.0,285.85,,283.0,,,433,122275.0,31,F1,1,,,,,
2026-07-22,2026-07-22,CM,BSE,STK,531360,INE427D01011,GOLECHA,X,,,,,GOLECHHA GLOBAL FINANCE LTD.,26.24,27.41,26.24,27.39,27.41,26.11,,27.39,,,4550,124607.0,12,F1,1,,,,,
2026-07-22,2026-07-22,CM,BSE,STK,531364,INE005E01013,EKANSH,X,,,,,Ekansh Concepts Limited,229.7,238.15,228.0,235.45,235.45,232.15,,235.45,,,3124,721366.0,35,F1,1,,,,,
2026-07-22,2026-07-22,CM,BSE,STK,531370,INE960B01015,SPAR,X,,,,,SPARC ELECTREX LIMITED,4.68,4.87,4.53,4.8,4.87,4.64,,4.8,,,12445,59997.0,31,F1,1,,,,,
2026-07-22,2026-07-22,CM,BSE,STK,531373,INE319B01014,BYKE,T,,,,,THE BYKE HOSPITALITY LTD.,33.83,33.83,33.15,33.15,33.15,32.44,,32.74,,,600,20230.0,2,F1,1,,,,,
2026-07-22,2026-07-22,CM,BSE,STK,531380,INE405H01018,CSURGSU,X,,,,,CENTENIAL SURGICAL SUTURE LTD.,88.83,88.83,81.0,81.0,81.0,84.6,,81.0,,,34,2832.0,2,F1,1,,,,,
2026-07-22,2026-07-22,CM,BSE,STK,531381,INE413D01011,ARIHANT,B,,,,,ARIHANT FOUNDATIONS & HOUSING,919.95,939.95,890.1,910.5,920.0,918.6,,908.5,,,873,798416.0,142,F1,1,,,,,
2026-07-22,2026-07-22,CM,BSE,STK,531390,INE890B01014,UPSURGE,X,,,,,UPSURGE INVESTMENT & FINANCE L,68.47,68.99,65.0,66.94,65.96,68.0,,66.94,,,1928,128363.0,59,F1,1,,,,,
2026-07-22,2026-07-22,CM,BSE,STK,531395,INE448D01025,PADAMCO,X,,,,,PADAM COTTON YARNS LTD.,0.96,0.98,0.95,0.96,0.97,0.96,,0.96,,,599035,573241.0,365,F1,1,,,,,
2026-07-22,2026-07-22,CM,BSE,STK,531396,INE905B01010,WOMENNET,X,,,,,WOMEN NETWORKS LTD.,8.92,8.92,8.92,8.92,8.92,9.38,,8.92,,,70,624.0,2,F1,1,,,,,
2026-07-22,2026-07-22,CM,BSE,STK,531397,INE262C01014,POLYCON,X,,,,,POLYCON INTERNATIONAL LTD.,22.94,25.15,22.94,25.15,25.15,24.14,,25.15,,,1829,42335.0,13,F1,1,,,,,
2026-07-22,2026-07-22,CM,BSE,STK,531398,INE679C01027,SOURCENTRL,X,,,,,SOURCE NATURAL FOODS & HERBAL,117.0,117.0,109.5,110.0,110.0,114.0,,110.0,,,227,24952.0,16,F1,1,,,,,
2026-07-22,2026-07-22,CM,BSE,STK,531399,INE493B01017,GGAUTO,X,,,,,G.G.AUTOMOTIVE GEARS LTD.,163.6,168.5,161.2,162.4,164.3,163.5,,162.4,,,2389,389576.0,84,F1,1,,,,,
2026-07-22,2026-07-22,CM,BSE,STK,531400,INE326B01035,ALMONDZ,B,,,,,ALMONDZ GLOBAL SECURITIES LTD.,13.1,13.27,12.77,12.97,12.97,13.1,,13.0,,,2116,27429.0,35,F1,1,,,,,
2026-07-22,2026-07-22,CM,BSE,STK,531402,INE281M01013,LWSKNIT,X,,,,,LWS KNITWEAR LTD.,15.95,15.95,15.3,15.35,15.35,16.08,,15.35,,,10661,163902.0,38,F1,1,,,,,
2026-07-22,2026-07-22,CM,BSE,STK,531411,INE560D01027,TUNITEX,X,,,,,TUNI TEXTILE MILLS LTD.,1.04,1.06,1.02,1.02,1.02,1.03,,1.02,,,480816,499874.0,124,F1,1,,,,,
2026-07-22,2026-07-22,CM,BSE,STK,531412,INE576N01014,RADIXIND,XT,,,,,RADIX INDUSTRIES (INDIA) LIMIT,137.9,137.95,137.9,137.95,137.95,144.85,,137.95,,,30,4138.0,2,F1,1,,,,,
2026-07-22,2026-07-22,CM,BSE,STK,531417,INE804B01023,MEGACOR,XT,,,,,MEGA CORPORATION LTD.,2.9,2.9,2.85,2.85,2.85,2.9,,2.85,,,12758,36382.0,21,F1,1,,,,,
2026-07-22,2026-07-22,CM,BSE,STK,531420,INE644K01016,BMBMUMG,X,,,,,BMB MUSIC & MAGNETICS LTD.,7.82,7.82,7.43,7.43,7.43,7.82,,7.43,,,2904,21578.0,14,F1,1,,,,,
2026-07-22,2026-07-22,CM,BSE,STK,531426,INE107A01015,TNPL,B,,,,,TAMIL NADU NEWSPRINT & PAPERS,144.8,148.55,142.85,143.35,143.0,144.8,,143.12,,,13685,1987582.0,356,F1,1,,,,,
2026-07-22,2026-07-22,CM,BSE,STK,531431,INE908D01010,SHAKTIPUMP,A,,,,,SHAKTI PUMPS (INDIA) LTD.,543.65,544.95,532.95,537.55,537.55,543.1,,537.5,,,28664,15361697.0,1123,F1,1,,,,,
2026-07-22,2026-07-22,CM,BSE,STK,531436,INE474D01013,SAFFRON,X,,,,,SAFFRON INDUSTRIES LIMITED,23.8,26.21,23.8,26.21,26.21,23.83,,26.21,,,2056,53259.0,23,F1,1,,,,,
2026-07-22,2026-07-22,CM,BSE,STK,531437,INE523I01016,PWASML,X,,,,,Prakash Woollen & Synthetic Mi,22.66,22.66,21.68,22.0,22.0,22.57,,22.0,,,2137,47229.0,28,F1,1,,,,,
2026-07-22,2026-07-22,CM,BSE,STK,531439,INE805A01014,GOLDTECH,T,,,,,AION TECH SOLUTIONS LIMITED,56.0,58.15,55.01,58.15,58.15,55.42,,58.45,,,5745,327753.0,42,F1,1,,,,,
2026-07-22,2026-07-22,CM,BSE,STK,531441,INE100F01019,LYONSCO,X,,,,,LYONS CORPORATE MARKET LTD.,22.0,22.0,22.0,22.0,22.0,22.3,,22.0,,,100,2200.0,2,F1,1,,,,,
2026-07-22,2026-07-22,CM,BSE,STK,531449,INE192H01020,GRMOVER,B,,,,,GRM OVERSEAS LTD.,93.19,93.19,89.54,90.61,89.9,91.22,,90.17,,,23405,2116309.0,243,F1,1,,,,,
2026-07-22,2026-07-22,CM,BSE,STK,531453,INE954E01012,MOHITIND,B,,,,,MOHIT INDUSTRIES LTD.,22.25,23.0,22.0,22.5,22.5,22.45,,22.49,,,650,14430.0,11,F1,1,,,,,
2026-07-22,2026-07-22,CM,BSE,STK,531454,INE323D01020,POLYLINK,X,,,,,POLYLINK POLYMERS (INDIA) LTD.,21.25,22.0,20.05,21.23,20.51,21.14,,21.23,,,3519,74119.0,66,F1,1,,,,,
2026-07-22,2026-07-22,CM,BSE,STK,531456,INE952C01028,MINAXI,X,,,,,MINAXI TEXTILES LTD.,1.25,1.4,1.25,1.3,1.3,1.3,,1.3,,,15123,19355.0,27,F1,1,,,,,
2026-07-22,2026-07-22,CM,BSE,STK,531458,INE109B01019,BOSTON,X,,,,,BOSTON COMMERCE LIMITED,5.25,5.25,5.25,5.25,5.25,5.25,,5.25,,,1,5.0,1,F1,1,,,,,
2026-07-22,2026-07-22,CM,BSE,STK,531460,INE545B01022,CONTICON,X,,,,,CONTINENTAL CONTROLS LTD.,10.85,10.85,10.85,10.85,10.85,10.34,,10.85,,,7596,82416.0,10,F1,1,,,,,
2026-07-22,2026-07-22,CM,BSE,STK,531465,INE317B01042,NOUVEAU,X,,,,,NOUVEAU GLOBAL VENTURES LTD.,0.28,0.28,0.28,0.28,0.28,0.27,,0.28,,,108318,30329.0,14,F1,1,,,,,
2026-07-22,2026-07-22,CM,BSE,STK,531471,INE397G01019,DUKEOFS,XT,,,,,DUKE OFFSHORE LTD.,33.32,33.32,33.32,33.32,33.32,32.67,,33.32,,,4800,159936.0,32,F1,1,,,,,
2026-07-22,2026-07-22,CM,BSE,STK,531472,INE183D01010,CYBELEIND,X,,,,,CYBELE INDUSTRIES LTD.,48.0,48.0,44.78,44.78,44.78,47.13,,44.78,,,3085,139087.0,34,F1,1,,,,,
2026-07-22,2026-07-22,CM,BSE,STK,531486,INE600B01033,FILME,XT,,,,,FILMCITY MEDIA LTD.,1.9,1.9,1.9,1.9,1.9,1.93,,1.9,,,53479,101610.0,13,F1,1,,,,,
2026-07-22,2026-07-22,CM,BSE,STK,531489,INE084D01010,CGVAK,X,,,,,CG-VAK SOFTWARE & EXPORTS LTD.,166.45,166.45,158.55,159.9,161.7,161.15,,159.9,,,1259,202536.0,66,F1,1,,,,,
2026-07-22,2026-07-22,CM,BSE,STK,531494,INE268H01044,NAVKARURB,T,,,,,NAVKAR URBANSTRUCTURE LIMITED,1.09,1.15,1.09,1.09,1.09,1.14,,1.06,,,235648,259920.0,65,F1,1,,,,,
2026-07-22,2026-07-22,CM,BSE,STK,531495,INE472B01011,BLUECOAST,T,,,,,BLUE COAST HOTELS LTD.,24.0,26.3,24.0,24.05,24.05,25.05,,25.33,,,42,1055.0,4,F1,1,,,,,
2026-07-22,2026-07-22,CM,BSE,STK,531497,INE378D01032,MADHUCON,T,,,,,MADHUCON PROJECTS LTD.,5.22,5.22,5.22,5.22,5.22,5.41,,5.27,,,1208,6305.0,5,F1,1,,,,,
2026-07-22,2026-07-22,CM,BSE,STK,531500,INE343B01030,RAJESHEXPO,Z,,,,,RAJESH EXPORTS LTD.,91.79,94.0,88.5,89.47,89.94,91.7,,89.27,,,8982,810552.0,168,F1,1,,,,,
2026-07-22,2026-07-22,CM,BSE,STK,531502,INE404L01039,ESARIND,X,,,,,ESAAR (INDIA) LTD.,10.99,10.99,10.64,10.98,10.98,10.78,,10.98,,,11549,126511.0,47,F1,1,,,,,
2026-07-22,2026-07-22,CM,BSE,STK,531503,INE866D01010,MARIS,X,,,,,MARIS SPINNERS LTD.,29.6,29.6,28.5,28.78,28.99,29.48,,28.78,,,1106,31759.0,19,F1,1,,,,,
2026-07-22,2026-07-22,CM,BSE,STK,531505,INE628F01019,INDERGR,XT,,,,,INDERGIRI FINANCE LTD.,27.21,28.57,27.21,28.57,28.57,27.21,,28.57,,,1105,31555.0,9,F1,1,,,,,
2026-07-22,2026-07-22,CM,BSE,STK,531508,INE128A01029,EVEREADY,B,,,,,EVEREADY INDUSTRIES INDIA LTD.,354.2,370.1,348.85,363.05,361.45,350.5,,363.3,,,36140,12913525.0,717,F1,1,,,,,
2026-07-22,2026-07-22,CM,BSE,STK,531509,INE623D01015,STEP2COR,X,,,,,STEP TWO CORPORATION LTD.,22.5,22.5,21.0,21.5,21.5,21.5,,21.5,,,106,2234.0,4,F1,1,,,,,
2026-07-22,2026-07-22,CM,BSE,STK,531512,INE681D01039,ORIENTTR,X,,,,,ORIENT TRADELINK LTD.,6.1,6.1,5.52,5.56,5.56,5.81,,5.56,,,147144,857281.0,192,F1,1,,,,,
2026-07-22,2026-07-22,CM,BSE,STK,531518,INE767B01022,VIKASPROP,Z,,,,,VIKAS PROPPANT & GRANITE LTD.,0.27,0.28,0.26,0.27,0.28,0.27,,0.27,,,123122,32797.0,63,F1,1,,,,,
2026-07-22,2026-07-22,CM,BSE,STK,531525,INE849B01010,ACESOFT,X,,,,,ACE SOFTWARE EXPORTS LTD.,138.5,138.5,130.0,131.6,131.6,132.05,,131.6,,,48294,6407944.0,367,F1,1,,,,,
2026-07-22,2026-07-22,CM,BSE,STK,531529,INE562E01021,SOFTRAKV,XT,,,,,SOFTRAK VENTURE INVESTMENT LTD,1.4,1.54,1.4,1.54,1.54,1.47,,1.54,,,13645,20690.0,32,F1,1,,,,,
2026-07-22,2026-07-22,CM,BSE,STK,531531,INE473B01035,HATSUN,A,,,,,HATSUN AGRO PRODUCT LTD.,930.2,930.2,891.0,893.65,893.65,928.95,,892.7,,,7145,6455765.0,720,F1,1,,,,,
2026-07-22,2026-07-22,CM,BSE,STK,531533,INE578B01015,ACCEDERE,XT,,,,,ACCEDERE LIMITED,57.2,62.2,57.2,62.2,62.2,59.5,,62.2,,,462,27448.0,9,F1,1,,,,,
2026-07-22,2026-07-22,CM,BSE,STK,531537,INE681K01026,MIZVEN,X,,,,,MIZZEN VENTURES LIMITED,80.25,80.25,76.25,76.25,76.25,80.25,,76.25,,,1920,150400.0,17,F1,1,,,,,
2026-07-22,2026-07-22,CM,BSE,STK,531539,INE864D01015,RISHDIGA,X,,,,,RISHABH DIGHA STEEL & ALLIED P,42.5,42.5,38.0,38.18,39.04,41.31,,38.18,,,1170,44869.0,29,F1,1,,,,,
2026-07-22,2026-07-22,CM,BSE,STK,531540,INE392G01028,MAINFRA,XT,,,,,MARUTI INFRASTRUCTURE LTD.,11.48,11.71,11.01,11.16,11.19,11.48,,11.16,,,10981,123896.0,56,F1,1,,,,,
2026-07-22,2026-07-22,CM,BSE,STK,531541,INE881A01015,KOBO,Z,,,,,KOBO BIOTECH LIMITED,9.26,9.26,9.26,9.26,9.26,9.44,,9.26,,,8456,78302.0,17,F1,1,,,,,
2026-07-22,2026-07-22,CM,BSE,STK,531543,INE247D01039,JINDWORLD,B,,,,,JINDAL WORLDWIDE LTD.,38.17,39.35,35.74,37.38,37.38,37.69,,37.16,,,2544470,95250042.0,5410,F1,1,,,,,
2026-07-22,2026-07-22,CM,BSE,STK,531548,INE355A01028,SOMANYCERA,B,,,,,SOMANY CERAMICS LTD.,509.95,510.4,498.0,502.35,502.4,512.75,,503.6,,,2693,1354906.0,121,F1,1,,,,,
2026-07-22,2026-07-22,CM,BSE,STK,531550,INE865D01012,JHACC,X,,,,,JHAVERI CREDITS & CAPITAL LTD.,200.0,200.0,184.0,189.95,190.0,187.0,,189.95,,,2759,520873.0,79,F1,1,,,,,
2026-07-22,2026-07-22,CM,BSE,STK,531552,INE754B01012,RAGHUTOB,X,,,,,RAGHUNATH TOBACCO CO.LTD.,14.2,14.49,14.1,14.48,14.48,14.5,,14.48,,,753,10632.0,13,F1,1,,,,,
2026-07-22,2026-07-22,CM,BSE,STK,531553,INE193D01019,DRL,XT,,,,,DISHA RESOURCES LIMITED,26.0,28.25,25.61,28.25,28.25,26.95,,28.25,,,2946,77515.0,12,F1,1,,,,,
2026-07-22,2026-07-22,CM,BSE,STK,531556,INE558D01021,CORALFINAC,B,,,,,CORAL INDIA FINANCE & HOUSING,30.71,34.0,30.55,31.63,31.95,31.14,,31.67,,,48819,1519991.0,279,F1,1,,,,,
2026-07-22,2026-07-22,CM,BSE,STK,531557,INE137E01014,AMITSEC,X,,,,,AMIT SECURITIES LTD.,37.09,37.27,37.09,37.1,37.1,39.04,,37.1,,,132,4896.0,7,F1,1,,,,,
2026-07-22,2026-07-22,CM,BSE,STK,531568,INE723K01018,ASHUTPM,X,,,,,ASHUTOSH PAPER MILLS LTD.,6.0,6.0,6.0,6.0,6.0,6.0,,6.0,,,65,390.0,1,F1,1,,,,,
2026-07-22,2026-07-22,CM,BSE,STK,531569,INE860D01013,SANJIVIN,X,,,,,SANJIVANI PARANTERAL LTD.,150.0,150.0,144.0,146.8,146.8,148.55,,146.8,,,2247,328469.0,43,F1,1,,,,,
2026-07-22,2026-07-22,CM,BSE,STK,531572,INE863D01017,RANJITSE,XT,,,,,RANJIT SECURITIES LTD.,59.5,59.5,59.5,59.5,59.5,59.0,,59.5,,,31,1844.0,3,F1,1,,,,,
2026-07-22,2026-07-22,CM,BSE,STK,531574,INE192C01013,VASINFRA,XT,,,,,VAS INFRASTRUCTURE LTD.,7.95,7.95,7.21,7.71,7.92,7.58,,7.71,,,2121,16472.0,14,F1,1,,,,,
2026-07-22,2026-07-22,CM,BSE,STK,531582,INE508J01015,BERYLSE,XT,,,,,BERYL SECURITIES LTD.,37.6,37.6,36.59,36.59,36.59,35.89,,36.59,,,327,12031.0,4,F1,1,,,,,
2026-07-22,2026-07-22,CM,BSE,STK,531583,INE483D01014,RAP,X,,,,,RAP CORP LIMITED,38.8,40.7,37.01,39.9,39.9,38.8,,39.9,,,402,15725.0,23,F1,1,,,,,
2026-07-22,2026-07-22,CM,BSE,STK,531585,INE455C01014,DEVINE,X,,,,,DEVINE IMPEX LTD.,9.1,9.1,9.1,9.1,9.1,9.1,,9.1,,,11,100.0,2,F1,1,,,,,
2026-07-22,2026-07-22,CM,BSE,STK,531591,INE802A01037,BAMPSL,X,,,,,BAMPSL SECURITIES LTD.,20.0,20.0,19.26,19.3,19.3,19.79,,19.3,,,2116,41237.0,23,F1,1,,,,,
2026-07-22,2026-07-22,CM,BSE,STK,531592,INE861N01036,GENPHARMA,X,,,,,GENPHARMASEC LIMITED,1.03,1.08,1.02,1.07,1.07,1.07,,1.07,,,985296,1023854.0,299,F1,1,,,,,
2026-07-22,2026-07-22,CM,BSE,STK,531594,INE507D01010,INCON,XT,,,,,INCON ENGINEERS LTD.,31.56,31.56,31.56,31.56,31.56,32.2,,31.56,,,115,3629.0,3,F1,1,,,,,
2026-07-22,2026-07-22,CM,BSE,STK,531595,INE180C01042,CGCL,A,,,,,CAPRI GLOBAL CAPITAL LIMITED,250.15,250.6,241.65,243.95,243.9,249.15,,244.0,,,76951,18781795.0,1166,F1,1,,,,,
2026-07-22,2026-07-22,CM,BSE,STK,531599,INE258B01022,FDC,B,,,,,FDC LTD.,410.0,414.0,401.55,409.8,410.8,413.7,,410.25,,,11412,4655667.0,459,F1,1,,,,,
2026-07-22,2026-07-22,CM,BSE,STK,531608,INE792J01015,GORANIN,XT,,,,,GORANI INDUSTRIES LTD.,46.0,46.76,43.99,43.99,43.99,46.3,,43.99,,,885,38978.0,12,F1,1,,,,,
2026-07-22,2026-07-22,CM,BSE,STK,531609,INE902G01016,KGPETRO,X,,,,,KG PETROCHEM LTD.,176.0,176.0,176.0,176.0,176.0,175.25,,176.0,,,9,1584.0,1,F1,1,,,,,
2026-07-22,2026-07-22,CM,BSE,STK,531613,INE100C01024,MAL,XT,,,,,Meyer Apparel Limited,1.78,1.78,1.69,1.69,1.69,1.77,,1.69,,,3874,6593.0,13,F1,1,,,,,
2026-07-22,2026-07-22,CM,BSE,STK,531624,INE695B01025,COUNCODOS,B,,,,,COUNTRY CONDOS LTD.,6.02,6.8,6.02,6.6,6.6,6.41,,6.55,,,92181,611231.0,159,F1,1,,,,,
2026-07-22,2026-07-22,CM,BSE,STK,531626,INE628B01034,OROSMITHS,XT,,,,,OROSIL SMITHS INDIA LTD.,6.64,6.88,6.41,6.53,6.47,6.56,,6.53,,,75574,508656.0,144,F1,1,,,,,
2026-07-22,2026-07-22,CM,BSE,STK,531628,INE173E01019,TEJASSVI,XT,,,,,TEJASSVI AAHARAM LIMITED,57.3,57.3,57.0,57.3,57.3,56.18,,57.3,,,115193,6600558.0,34,F1,1,,,,,
2026-07-22,2026-07-22,CM,BSE,STK,531633,INE405C01035,LINCOLN,B,,,,,LINCOLN PHARMACEUTICALS LTD.,595.0,595.0,575.0,579.0,577.95,598.7,,577.05,,,2381,1388009.0,167,F1,1,,,,,
2026-07-22,2026-07-22,CM,BSE,STK,531635,INE870J01019,SILVOAK,X,,,,,SILVER OAK (INDIA) LTD.,80.0,80.0,78.11,78.4,78.4,78.6,,78.4,,,281,22128.0,15,F1,1,,,,,
2026-07-22,2026-07-22,CM,BSE,STK,531637,INE722B01019,PRAVEG,B,,,,,PRAVEG LIMITED,298.0,310.2,291.1,293.85,292.0,296.85,,293.5,,,28125,8471185.0,905,F1,1,,,,,
2026-07-22,2026-07-22,CM,BSE,STK,531638,INE713C01016,SURAJLTD,B,,,,,SURAJ LTD.,233.95,233.95,233.95,233.95,233.95,236.15,,226.56,,,2,467.0,2,F1,1,,,,,
2026-07-22,2026-07-22,CM,BSE,STK,531642,INE196A01026,MARICO,A,,,,,MARICO LTD.,856.65,865.55,844.0,862.25,861.95,853.45,,862.65,,,27501,23518917.0,2240,F1,1,,,,,
2026-07-22,2026-07-22,CM,BSE,STK,531644,INE546D01018,TOKYOFIN,X,,,,,TOKYO FINANCE LTD.,19.0,19.55,17.51,19.41,19.41,18.81,,19.41,,,942,18062.0,29,F1,1,,,,,
2026-07-22,2026-07-22,CM,BSE,STK,531651,INE654H01011,NATGENI,X,,,,,NATIONAL GENERAL INDUSTRIES LT,61.18,63.99,61.18,62.6,62.6,64.4,,62.6,,,66,4053.0,7,F1,1,,,,,
2026-07-22,2026-07-22,CM,BSE,STK,531652,INE528C01018,UVS,X,,,,,UVS HOSPITALITY AND SERVICES L,86.99,89.29,83.01,84.0,83.01,87.71,,84.0,,,13160,1118034.0,87,F1,1,,,,,
2026-07-22,2026-07-22,CM,BSE,STK,531658,INE454E01013,ABATEAS,X,,,,,ABATE AS INDUSTRIES LIMITED,9.9,9.9,9.32,9.71,9.85,9.57,,9.71,,,28787,276062.0,61,F1,1,,,,,
2026-07-22,2026-07-22,CM,BSE,STK,531661,INE863C01019,HITTCO,X,,,,,HITTCO TOOLS LTD.,13.1,13.1,11.87,11.91,11.91,12.49,,11.91,,,16041,199326.0,58,F1,1,,,,,
2026-07-22,2026-07-22,CM,BSE,STK,531663,INE139D01020,YUVRAAJHPL,XT,,,,,YUVRAAJ HYGIENE PRODUCTS LTD.,7.64,7.64,7.05,7.64,7.64,7.28,,7.64,,,112044,847910.0,119,F1,1,,,,,
2026-07-22,2026-07-22,CM,BSE,STK,531667,INE117K01013,RRMETAL,XT,,,,,RR METALMAKERS INDIA LIMITED,59.8,60.99,59.8,60.99,60.99,59.8,,60.99,,,52373,3189187.0,29,F1,1,,,,,
2026-07-22,2026-07-22,CM,BSE,STK,531668,INE661D01015,VISIONCO,X,,,,,VISION CORPORATION LTD.,2.17,2.17,2.13,2.13,2.13,2.0,,2.13,,,7250,15642.0,11,F1,1,,,,,
2026-07-22,2026-07-22,CM,BSE,STK,531671,INE214D01021,KARNAWATI,XT,,,,,Karnawati Innovation Limited,1.27,1.31,1.19,1.19,1.19,1.25,,1.19,,,68174,83149.0,113,F1,1,,,,,
2026-07-22,2026-07-22,CM,BSE,STK,531672,INE224C01014,INANISEC,XT,,,,,INANI SECURITIES LTD.,19.5,19.5,19.5,19.5,19.5,19.5,,19.5,,,10,195.0,2,F1,1,,,,,
2026-07-22,2026-07-22,CM,BSE,STK,531673,INE067C01025,ANKIN,X,,,,,ANKA INDIA LTD.,21.7,22.39,21.1,21.53,21.53,21.7,,21.53,,,4778,104734.0,37,F1,1,,,,,
2026-07-22,2026-07-22,CM,BSE,STK,531676,INE554H01021,EMROCK,XT,,,,,EMROCK CORPORATION LIMITED,248.0,248.0,231.5,236.0,236.0,243.65,,236.0,,,2937,688535.0,42,F1,1,,,,,
2026-07-22,2026-07-22,CM,BSE,STK,531680,INE799E01011,MAYUR,X,,,,,MAYUR LEATHER PRODUCTS LTD.,24.85,24.85,22.8,22.8,22.8,23.99,,22.8,,,5720,133712.0,34,F1,1,,,,,
2026-07-22,2026-07-22,CM,BSE,STK,531681,INE673C01020,AMERISE,X,,,,,AMERISE BIOSCIENCES LIMITED,0.85,0.89,0.85,0.85,0.85,0.85,,0.85,,,29963,26368.0,18,F1,1,,,,,
2026-07-22,2026-07-22,CM,BSE,STK,531688,INE621B01021,PRITHVIEXCH,X,,,,,Prithvi Exchange (India) Limit,101.0,104.4,95.0,99.95,99.95,100.95,,99.95,,,877,85289.0,40,F1,1,,,,,
2026-07-22,2026-07-22,CM,BSE,STK,531692,INE593B01030,KHYATI,XT,,,,,KHYATI MULTIMEDIA-ENTERTAINMEN,3.29,3.43,3.13,3.15,3.37,3.29,,3.15,,,453,1434.0,15,F1,1,,,,,
2026-07-22,2026-07-22,CM,BSE,STK,531694,INE230F01014,RAINBOWF,X,,,,,RAINBOW FOUNDATIONS LTD.,38.0,39.6,38.0,38.34,38.1,38.3,,38.34,,,415,15844.0,19,F1,1,,,,,
2026-07-22,2026-07-22,CM,BSE,STK,531716,INE843F01014,TRICOMFRU,XT,,,,,TRICOM FRUIT PRODUCTS LIMITED,1.6,1.68,1.6,1.68,1.68,1.6,,1.68,,,1024,1720.0,10,F1,1,,,,,
2026-07-22,2026-07-22,CM,BSE,STK,531717,INE632C01026,VIDHIING,B,,,,,Vidhi Specialty Food Ingredien,300.15,309.6,299.75,301.05,301.95,299.35,,301.95,,,224,68128.0,33,F1,1,,,,,
2026-07-22,2026-07-22,CM,BSE,STK,531719,INE414D01027,BHAGCHEM,B,,,,,BHAGIRADHA CHEMICALS & INDUSTR,278.15,278.2,262.7,263.9,263.9,273.45,,263.85,,,3690,981604.0,121,F1,1,,,,,
2026-07-22,2026-07-22,CM,BSE,STK,531723,INE224E01028,GATECH,B,,,,,GACM Technologies Limited,0.48,0.48,0.46,0.47,0.47,0.48,,0.47,,,1069099,502919.0,166,F1,1,,,,,
2026-07-22,2026-07-22,CM,BSE,STK,531726,INE316G01019,PANCHSHEEL,X,,,,,PANCHSHEEL ORGANICS LTD.,118.1,119.35,116.1,117.0,117.0,118.05,,117.0,,,1525,177878.0,28,F1,1,,,,,
2026-07-22,2026-07-22,CM,BSE,STK,531727,INE650G01029,MENNPIS,B,,,,,MENON PISTONS LTD.,75.6,76.0,73.11,75.62,76.0,73.74,,75.43,,,27320,2048770.0,441,F1,1,,,,,
2026-07-22,2026-07-22,CM,BSE,STK,531737,INE414C01045,GREENCREST,X,,,,,GREENCREST FINANCIAL SERVICES,0.49,0.49,0.47,0.48,0.48,0.48,,0.48,,,69015,33423.0,106,F1,1,,,,,
2026-07-22,2026-07-22,CM,BSE,STK,531739,INE509C01026,GENNEX,X,,,,,GENNEX LABORATORIES LTD.,9.1,9.19,8.76,9.05,9.05,9.1,,9.05,,,236561,2136896.0,504,F1,1,,,,,
2026-07-22,2026-07-22,CM,BSE,STK,531744,INE548B01018,GINISILK,X,,,,,GINI SILK MILLS LTD.,54.2,59.9,54.2,57.22,59.0,54.2,,57.22,,,2538,143914.0,20,F1,1,,,,,
2026-07-22,2026-07-22,CM,BSE,STK,531746,INE505C01016,PRAENG,B,,,,,PRAJAY ENGINEERS SYNDICATE LTD,20.89,20.89,19.1,19.67,19.67,19.77,,19.65,,,2879,57603.0,19,F1,1,,,,,
2026-07-22,2026-07-22,CM,BSE,STK,531752,INE703D01023,BIOGEN,X,,,,,BIOGEN PHARMACHEM INDUSTRIES L,0.32,0.33,0.31,0.31,0.31,0.32,,0.31,,,2866483,914522.0,799,F1,1,,,,,
2026-07-22,2026-07-22,CM,BSE,STK,531758,INE131D01019,GKCONS,X,,,,,G.K.CONSULTANTS LTD.,11.75,11.75,11.44,11.44,11.44,11.75,,11.44,,,354,4108.0,7,F1,1,,,,,
2026-07-22,2026-07-22,CM,BSE,STK,531761,INE126J01016,APOLLOPIPE,B,,,,,APOLLO PIPES LIMITED,488.65,493.5,484.65,489.3,488.65,494.15,,490.8,,,3519,1718872.0,160,F1,1,,,,,
2026-07-22,2026-07-22,CM,BSE,STK,531762,INE576D01015,UNJHAFOR,X,,,,,UNJHA FORMULATIONS LTD.,24.5,24.5,24.0,24.48,24.48,24.51,,24.48,,,2185,53336.0,17,F1,1,,,,,
2026-07-22,2026-07-22,CM,BSE,STK,531768,INE205C01021,POLYMED,A,,,,,POLY MEDICURE LTD.,1708.8,1708.8,1666.8,1670.2,1666.8,1694.0,,1673.9,,,3045,5107010.0,256,F1,1,,,,,
2026-07-22,2026-07-22,CM,BSE,STK,531769,INE600F01018,PFLINFOTC,X,,,,,PFL INFOTECH LTD.,4.39,4.39,4.39,4.39,4.39,4.44,,4.39,,,2045,8977.0,5,F1,1,,,,,
2026-07-22,2026-07-22,CM,BSE,STK,531771,INE311M01018,SHRADDHA,X,,,,,SHRADDHA PRIME PROJECTS LTD,166.95,166.95,162.05,163.05,163.05,166.15,,163.05,,,9627,1574397.0,64,F1,1,,,,,
2026-07-22,2026-07-22,CM,BSE,STK,531778,INE059E01010,KACHCHH,XT,,,,,KACHCHH MINERALS LTD.,25.8,25.8,25.18,25.8,25.8,26.5,,25.8,,,305,7692.0,4,F1,1,,,,,
2026-07-22,2026-07-22,CM,BSE,STK,531780,INE229G01022,KACL,XT,,,,,KAISER CORPORATION LIMITED,6.34,6.34,6.34,6.34,6.34,6.46,,6.34,,,2670,16927.0,18,F1,1,,,,,
2026-07-22,2026-07-22,CM,BSE,STK,531784,INE469F01026,KCLINFRA,X,,,,,KCL Infra Projects Limited,1.21,1.24,1.19,1.2,1.22,1.2,,1.2,,,104205,126365.0,105,F1,1,,,,,
2026-07-22,2026-07-22,CM,BSE,STK,531794,INE331F01028,SESHACHAL,X,,,,,SESHACHAL TECHNOLOGIES LTD.,75.0,75.66,75.0,75.66,75.66,72.06,,75.66,,,399,30155.0,6,F1,1,,,,,
2026-07-22,2026-07-22,CM,BSE,STK,531795,INE951D01028,ATULAUTO,B,,,,,ATUL AUTO LTD.,481.75,491.05,477.75,478.2,477.85,483.2,,478.9,,,4305,2074571.0,157,F1,1,,,,,
2026-07-22,2026-07-22,CM,BSE,STK,531797,INE393D01015,SCANPRO,XT,,,,,SCAN PROJECTS LTD.,101.75,112.35,101.75,105.0,105.0,107.0,,105.0,,,1659,179585.0,12,F1,1,,,,,
2026-07-22,2026-07-22,CM,BSE,STK,531802,INE426H01014,PRERINFRA,X,,,,,PRERNA INFRABUILD LTD.,25.99,25.99,24.51,25.64,25.79,25.11,,25.64,,,1791,44876.0,22,F1,1,,,,,
2026-07-22,2026-07-22,CM,BSE,STK,531810,INE161E01014,METALCO,X,,,,,METAL COATINGS (INDIA) LTD.,54.0,54.0,51.0,51.91,52.02,50.0,,51.91,,,645,33637.0,25,F1,1,,,,,
2026-07-22,2026-07-22,CM,BSE,STK,531812,INE266C01023,SGNTE,X,,,,,SGN TELECOMS LTD.,0.51,0.56,0.51,0.55,0.55,0.51,,0.55,,,8324,4355.0,15,F1,1,,,,,
2026-07-22,2026-07-22,CM,BSE,STK,531813,INE278O01015,GANGAPA,X,,,,,GANGA PAPERS INDIA LTD.,97.0,97.78,97.0,97.78,97.78,93.23,,97.78,,,43,4202.0,4,F1,1,,,,,
2026-07-22,2026-07-22,CM,BSE,STK,531814,INE297J01023,TIRSARJ,X,,,,,TIRUPATI SARJAN LTD.,8.84,8.84,8.47,8.5,8.5,8.47,,8.5,,,784,6685.0,16,F1,1,,,,,
2026-07-22,2026-07-22,CM,BSE,STK,531821,INE348D01019,MUNOTHFI,XT,,,,,MUNOTH FINANCIAL SERVICES LTD.,41.39,41.39,41.39,41.39,41.39,41.39,,41.39,,,30,1241.0,1,F1,1,,,,,
2026-07-22,2026-07-22,CM,BSE,STK,531822,INE513E01024,RODIUM,X,,,,,RODIUM REALTY LIMITED,176.9,176.9,165.0,174.3,174.0,176.9,,174.3,,,97,16151.0,14,F1,1,,,,,
2026-07-22,2026-07-22,CM,BSE,STK,531832,INE793H01017,NAGTECH,XT,,,,,NAGARJUNA AGRI TECH LTD.,43.21,45.37,41.05,41.42,44.0,43.21,,41.42,,,2873,119640.0,21,F1,1,,,,,
2026-07-22,2026-07-22,CM,BSE,STK,531834,INE487B01019,NATHUEC,XT,,,,,NATURA HUE CHEM LTD.,29.45,30.38,29.45,30.25,30.25,31.0,,30.25,,,13954,418086.0,22,F1,1,,,,,
2026-07-22,2026-07-22,CM,BSE,STK,531840,INE172B01017,IECEDU,X,,,,,IEC EDUCATION LTD.,22.9,22.9,20.76,21.95,21.95,22.79,,21.95,,,5075,108565.0,50,F1,1,,,,,
2026-07-22,2026-07-22,CM,BSE,STK,531841,INE935D01013,INDUSFINL,XT,,,,,Indus Finance Limited,156.85,156.85,142.3,148.9,148.9,149.75,,148.9,,,2879,414275.0,67,F1,1,,,,,
2026-07-22,2026-07-22,CM,BSE,STK,531842,INE515C01023,LAHOTIOV,B,,,,,LAHOTI OVERSEAS LTD.,45.7,45.79,42.7,42.84,44.74,43.32,,42.65,,,347,14880.0,8,F1,1,,,,,
2026-07-22,2026-07-22,CM,BSE,STK,531845,INE318D01020,ZENITHSTL,B,,,,,ZENITH STEEL PIPES AND  INDUST,5.49,6.0,5.37,5.72,6.0,5.5,,5.85,,,47008,265202.0,156,F1,1,,,,,
2026-07-22,2026-07-22,CM,BSE,STK,531846,INE884X01011,TRINITYLEA,X,,,,,TRINITY LEAGUE INDIA LTD.,10.0,10.88,10.0,10.88,10.88,10.38,,10.88,,,194,2098.0,5,F1,1,,,,,
2026-07-22,2026-07-22,CM,BSE,STK,531847,INE194D01017,ASTAR,B,,,,,ASIAN STAR CO.LTD.,699.95,699.95,610.05,610.05,610.05,625.0,,615.0,,,10,6906.0,7,F1,1,,,,,
2026-07-22,2026-07-22,CM,BSE,STK,531859,INE457G01029,ORIRAIL,X,,,,,ORIENTAL RAIL INFRASTRUCTURE L,111.5,114.0,107.6,108.35,108.9,112.45,,108.35,,,97026,10600998.0,996,F1,1,,,,,
2026-07-22,2026-07-22,CM,BSE,STK,531861,INE024B01010,JOINDRE,X,,,,,JOINDRE CAPITAL SERVICES LTD.,54.25,55.0,53.1,53.46,53.92,55.37,,53.46,,,15816,855432.0,167,F1,1,,,,,
2026-07-22,2026-07-22,CM,BSE,STK,531862,INE842D01029,BHARATAGRI,X,,,,,BHARAT AGRI FERT & REALTY LTD.,22.95,23.9,22.4,23.06,23.0,23.31,,23.06,,,23431,540476.0,206,F1,1,,,,,
2026-07-22,2026-07-22,CM,BSE,STK,531867,INE929K01011,UNITINT,Z,,,,,UNITECH INTERNATIONAL LTD.,3.52,3.52,3.28,3.35,3.35,3.45,,3.35,,,1319,4426.0,12,F1,1,,,,,
2026-07-22,2026-07-22,CM,BSE,STK,531869,INE433G01020,SACHEMT,X,,,,,SACHETA METALS LTD.,3.85,3.85,3.8,3.84,3.84,3.82,,3.84,,,11897,45575.0,51,F1,1,,,,,
2026-07-22,2026-07-22,CM,BSE,STK,531870,INE370C01015,POPULARES,X,,,,,POPULAR ESTATE MANAGEMENT LTD.,16.4,16.4,16.4,16.4,16.4,15.62,,16.4,,,1,16.0,1,F1,1,,,,,
2026-07-22,2026-07-22,CM,BSE,STK,531878,INE283D01018,ANJANIFIN,X,,,,,ANJANI FINANCE LTD.,9.33,9.33,8.45,8.45,8.45,8.89,,8.45,,,13,115.0,7,F1,1,,,,,
2026-07-22,2026-07-22,CM,BSE,STK,531888,INE687C01012,REXNORD,XT,,,,,REXNORD ELECTRONICS & CONTROLS,80.9,82.29,80.9,82.2,82.2,78.38,,82.2,,,4129,338177.0,50,F1,1,,,,,
2026-07-22,2026-07-22,CM,BSE,STK,531889,INE882B01037,NWIL,X,,,,,NURTURE WELL INDUSTRIES LIMITE,24.57,24.98,24.15,24.78,24.78,24.57,,24.78,,,360638,8872440.0,518,F1,1,,,,,
2026-07-22,2026-07-22,CM,BSE,STK,531892,INE060B01014,KHANDSE,B,,,,,KHANDWALA SECURITIES LTD.,17.0,19.0,17.0,17.02,19.0,17.43,,17.42,,,369,6275.0,13,F1,1,,,,,
2026-07-22,2026-07-22,CM,BSE,STK,531893,INE248B01023,SAWACA,X,,,,,SAWACA ENTERPRISES LIMITED,0.29,0.3,0.29,0.29,0.3,0.3,,0.29,,,480717,140783.0,188,F1,1,,,,,
2026-07-22,2026-07-22,CM,BSE,STK,531900,INE778E01031,CCLINTER,X,,,,,CCL INTERNATIONAL LTD.,23.86,23.86,22.01,23.77,23.79,23.86,,23.77,,,673,15841.0,17,F1,1,,,,,
2026-07-22,2026-07-22,CM,BSE,STK,531902,INE755J01012,GALLOPENT,XT,,,,,GALLOPS ENTERPRISE LTD.,39.2,39.2,38.0,38.0,38.0,40.0,,38.0,,,48,1836.0,7,F1,1,,,,,
2026-07-22,2026-07-22,CM,BSE,STK,531909,INE587J01027,CROISSANCE,X,,,,,CROISSANCE LIMITED,1.25,1.25,1.2,1.24,1.24,1.23,,1.24,,,20005,24780.0,35,F1,1,,,,,
2026-07-22,2026-07-22,CM,BSE,STK,531910,INE312M01016,JOJO,X,,,,,JOJO LIMITED,254.95,256.5,246.5,255.8,256.05,255.3,,255.8,,,10455,2655194.0,114,F1,1,,,,,
2026-07-22,2026-07-22,CM,BSE,STK,531911,INE803L01016,GALAGEX,X,,,,,GALAXY AGRICO EXPORTS LTD.,69.95,69.95,63.4,65.98,63.55,69.45,,65.98,,,7817,531200.0,30,F1,1,,,,,
2026-07-22,2026-07-22,CM,BSE,STK,531921,INE204E01012,AGARIND,B,,,,,AGARWAL INDUSTRIAL CORPORATION,490.1,491.0,480.0,481.15,488.5,495.95,,480.85,,,2331,1128410.0,198,F1,1,,,,,
2026-07-22,2026-07-22,CM,BSE,STK,531923,INE956B01013,DHAMPURE,X,,,,,DHAMPURE SPECIALITY SUGARS LTD,122.0,123.0,120.35,122.3,122.5,122.5,,122.3,,,2242,274281.0,29,F1,1,,,,,
2026-07-22,2026-07-22,CM,BSE,STK,531925,INE545N01019,SHAQUAK,X,,,,,SHANTANU SHEOREY AQUAKULT LTD.,1.17,1.17,1.17,1.17,1.17,1.17,,1.17,,,1500,1755.0,7,F1,1,,,,,
2026-07-22,2026-07-22,CM,BSE,STK,531931,INE531X01018,SAICAPI,X,,,,,SAI CAPITAL LTD.,141.3,149.4,141.3,146.2,144.0,146.15,,146.2,,,4377,640760.0,30,F1,1,,,,,
2026-07-22,2026-07-22,CM,BSE,STK,531936,INE657B01025,BLUECHIP,T,,,,,BLUE CHIP INDIA LTD.,2.51,2.51,2.51,2.51,2.51,2.56,,1.97,,,25,62.0,1,F1,1,,,,,
2026-07-22,2026-07-22,CM,BSE,STK,531944,INE185D01015,LEXORAA,XT,,,,,LEXORAA INDUSTRIES LIMITED,17.9,17.9,17.09,17.09,17.09,17.98,,17.09,,,1630,27859.0,6,F1,1,,,,,
2026-07-22,2026-07-22,CM,BSE,STK,531950,INE316D01024,VERTEX,XT,,,,,VERTEX SECURITIES LTD.,3.67,3.7,3.43,3.61,3.7,3.6,,3.61,,,23843,85792.0,65,F1,1,,,,,
2026-07-22,2026-07-22,CM,BSE,STK,531952,INE811H01017,RIBATEX,XT,,,,,RIBA TEXTILES LTD.,85.0,85.0,80.71,82.72,82.72,82.06,,82.72,,,1926,158001.0,21,F1,1,,,,,
2026-07-22,2026-07-22,CM,BSE,STK,531959,INE997D01021,NEWINFRA,X,,,,,NEWTIME INFRASTRUCTURE LIMITED,1.98,2.07,1.91,1.97,1.98,1.96,,1.97,,,99484,196699.0,197,F1,1,,,,,
2026-07-22,2026-07-22,CM,BSE,STK,531962,INE914B01012,SHREMETAL,X,,,,,SHREE METALLOYS LTD.,38.89,38.89,36.51,38.09,37.05,36.81,,38.09,,,1247,47512.0,42,F1,1,,,,,
2026-07-22,2026-07-22,CM,BSE,STK,531968,INE786E01018,IITLPROJ,XT,,,,,IITL PROJECTS LIMITED,50.24,50.24,50.24,50.24,50.24,52.88,,50.24,,,3001,150770.0,3,F1,1,,,,,
2026-07-22,2026-07-22,CM,BSE,STK,531977,INE558F01026,CHLOGIST,X,,,,,CHARTERED LOGISTICS LTD.,6.18,6.2,5.94,6.0,6.0,6.18,,6.0,,,458626,2751894.0,66,F1,1,,,,,
2026-07-22,2026-07-22,CM,BSE,STK,531978,INE540G01014,AMBIKCO,B,,,,,AMBIKA COTTON MILLS LTD.,1711.3,1718.2,1704.1,1714.8,1717.35,1720.7,,1709.8,,,100,170975.0,20,F1,1,,,,,
2026-07-22,2026-07-22,CM,BSE,STK,531979,INE227B01019,HINDALUMI,X,,,,,HIND ALUMINIUM INDUSTRIES LTD.,101.0,101.0,96.45,97.0,97.0,98.65,,97.0,,,1098,107240.0,53,F1,1,,,,,
2026-07-22,2026-07-22,CM,BSE,STK,531982,INE547C01018,SPECFOOD,XT,,,,,SPECTRUM FOODS LTD.,17.63,17.73,17.1,17.18,17.6,17.77,,17.18,,,4824,82940.0,27,F1,1,,,,,
2026-07-22,2026-07-22,CM,BSE,STK,531991,INE735C01027,AMRAAGRI,X,,,,,AMRAWORLD AGRICO LTD.,0.52,0.52,0.51,0.52,0.52,0.52,,0.52,,,41171,21371.0,33,F1,1,,,,,
2026-07-22,2026-07-22,CM,BSE,STK,531996,INE839E01023,ODYCORP,X,,,,,ODYSSEY CORPORATION LTD.,7.0,7.34,5.75,5.94,5.94,6.88,,5.94,,,543382,3242797.0,520,F1,1,,,,,
2026-07-22,2026-07-22,CM,BSE,STK,531997,INE164D01010,IKOMA,XT,,,,,IKOMA TECHNOLOGIES LIMITED,69.5,70.0,67.01,69.47,69.0,69.03,,69.47,,,57673,3994695.0,159,F1,1,,,,,
2026-07-22,2026-07-22,CM,BSE,STK,532001,INE146H01018,INDCTST,X,,,,,INDUCTO STEEL LTD.,48.0,51.0,48.0,50.87,50.0,48.0,,50.87,,,133,6542.0,11,F1,1,,,,,
2026-07-22,2026-07-22,CM,BSE,STK,532005,INE653D01012,SAMINDUS,X,,,,,SAM INDUSTRIES LTD.,42.0,42.1,37.7,38.98,38.5,41.77,,38.98,,,1220,50623.0,19,F1,1,,,,,
2026-07-22,2026-07-22,CM,BSE,STK,532007,INE981C01019,SHVFL,X,,,,,SHREEVATSAA FINANCE & LEASING,25.9,25.9,25.9,25.9,25.9,25.9,,25.9,,,100,2590.0,1,F1,1,,,,,
2026-07-22,2026-07-22,CM,BSE,STK,532011,INE147C01017,POOJAENT,X,,,,,VASHU BHAGNANI INDUSTRIES LIMI,74.75,74.75,68.0,71.53,73.25,74.75,,71.53,,,16363,1162051.0,83,F1,1,,,,,
2026-07-22,2026-07-22,CM,BSE,STK,532015,INE995A01013,GRAVITY,XT,,,,,GRAVITY (INDIA) LTD.,10.76,11.59,10.76,11.25,11.25,11.24,,11.25,,,15463,173873.0,51,F1,1,,,,,
2026-07-22,2026-07-22,CM,BSE,STK,532016,INE176O01011,ESPIRE,X,,,,,ESPIRE HOSPITALITY LIMITED,169.95,170.0,160.0,164.35,164.35,169.85,,164.35,,,5551,921368.0,52,F1,1,,,,,
2026-07-22,2026-07-22,CM,BSE,STK,532019,INE938A01021,LCCINFOTEC,B,,,,,LCC INFOTECH LTD.,4.7,4.7,4.33,4.52,4.52,4.53,,4.5,,,21605,96148.0,21,F1,1,,,,,
2026-07-22,2026-07-22,CM,BSE,STK,532022,INE185E01021,FILATFASH,T,,,,,FILATEX FASHIONS LTD.,0.19,0.2,0.19,0.19,0.19,0.19,,0.18,,,2025749,384917.0,418,F1,1,,,,,
2026-07-22,2026-07-22,CM,BSE,STK,532029,INE325D01025,SINDHUTRAD,B,,,,,SINDHU TRADE LINKS LIMITED,25.0,25.64,24.84,25.09,25.1,25.27,,25.05,,,2330831,58285659.0,430,F1,1,,,,,
2026-07-22,2026-07-22,CM,BSE,STK,532039,INE486F01012,ZENOTECH,X,,,,,ZENOTECH LABORATORIES LTD.,45.7,46.4,45.0,45.27,45.0,46.4,,45.27,,,6720,303474.0,28,F1,1,,,,,
2026-07-22,2026-07-22,CM,BSE,STK,532041,INE597C01021,HINDBIO,XT,,,,,HINDUSTAN BIO SCIENCES LTD.,7.3,7.4,6.96,7.33,7.39,7.3,,7.33,,,9814,70652.0,42,F1,1,,,,,
2026-07-22,2026-07-22,CM,BSE,STK,532042,INE092D01013,FRONTCORP,X,,,,,FRONTLINE CORPORATION LTD.,35.75,35.75,35.74,35.74,35.74,35.75,,35.74,,,4,142.0,3,F1,1,,,,,
2026-07-22,2026-07-22,CM,BSE,STK,532051,INE409B01013,SWELECTES,B,,,,,SWELECT ENERGY SYSTEMS LIMITED,608.9,616.75,606.1,607.15,606.25,614.35,,607.15,,,704,428933.0,80,F1,1,,,,,
2026-07-22,2026-07-22,CM,BSE,STK,532053,INE121B01014,WALLFORT,X,,,,,WALLFORT FINANCIAL SERVICES LT,89.0,89.0,87.99,87.99,87.99,85.45,,87.99,,,222,19708.0,5,F1,1,,,,,
2026-07-22,2026-07-22,CM,BSE,STK,532054,INE291D01011,KDDL,B,,,,,KDDL LTD.,3173.5,3186.05,3088.45,3093.6,3105.0,3173.5,,3097.4,,,504,1580593.0,112,F1,1,,,,,
2026-07-22,2026-07-22,CM,BSE,STK,532056,INE398H01015,TRUSTEDGE,X,,,,,Trustedge Capital Limited,135.0,135.0,133.0,134.5,134.5,138.0,,134.5,,,5828,786327.0,21,F1,1,,,,,
2026-07-22,2026-07-22,CM,BSE,STK,532057,INE516F01016,ABHICAP,X,,,,,ABHINAV CAPITAL SERVICES LTD.,122.9,122.9,101.0,103.0,101.0,102.8,,103.0,,,201,22203.0,11,F1,1,,,,,
2026-07-22,2026-07-22,CM,BSE,STK,532067,INE994E01018,3BBLACKBIO,B,,,,,3B BlackBio Dx Limited,1278.05,1292.0,1266.35,1287.6,1290.0,1277.25,,1289.5,,,2980,3817107.0,309,F1,1,,,,,
2026-07-22,2026-07-22,CM,BSE,STK,532070,INE311N01016,GUJJUBHAI,X,,,,,GUJJUBHAI INDUSTRIES LIMITED,123.7,123.7,116.35,118.1,118.1,120.45,,118.1,,,180199,21458999.0,240,F1,1,,,,,
2026-07-22,2026-07-22,CM,BSE,STK,532090,INE219M01021,ATVOENT,XT,,,,,Atvo Enterprises Limited,31.5,31.5,30.97,31.5,31.5,31.6,,31.5,,,14391,449178.0,26,F1,1,,,,,
2026-07-22,2026-07-22,CM,BSE,STK,532092,INE807D01030,EPUJA,X,,,,,EPUJA SPIRITECH LIMITED,1.41,1.46,1.41,1.41,1.41,1.48,,1.41,,,23860,33702.0,57,F1,1,,,,,
2026-07-22,2026-07-22,CM,BSE,STK,532100,INE456B01014,INDOCITY,XT,,,,,INDO-CITY INFOTECH LTD.,12.8,12.8,12.73,12.73,12.73,13.4,,12.73,,,1125,14348.0,8,F1,1,,,,,
2026-07-22,2026-07-22,CM,BSE,STK,532102,INE948G01019,SBECSUG,XT,,,,,SBEC SUGAR LTD.,63.15,65.9,62.2,63.58,64.0,63.13,,63.58,,,3947,251993.0,34,F1,1,,,,,
2026-07-22,2026-07-22,CM,BSE,STK,532113,INE957E01031,BRIJLEAS,X,,,,,BRIJLAXMI LEASING & FINANCE LT,9.9,9.9,8.98,9.1,9.1,9.97,,9.1,,,3169,28767.0,9,F1,1,,,,,
2026-07-22,2026-07-22,CM,BSE,STK,532123,INE395A01016,BSELALGO,X,,,,,BSEL ALGO LIMITED,4.24,4.35,4.09,4.17,4.17,4.27,,4.17,,,64066,267496.0,203,F1,1,,,,,
2026-07-22,2026-07-22,CM,BSE,STK,532124,INE419H01019,RELIABVEN,XT,,,,,RELIABLE VENTURES INDIA LTD.,24.2,24.35,23.51,24.3,23.51,24.41,,24.3,,,4563,110933.0,15,F1,1,,,,,
2026-07-22,2026-07-22,CM,BSE,STK,532131,INE382B01012,TRIUMPIN,XT,,,,,TRIUMPH INTERNATIONAL FINANCE,15.4,15.4,15.4,15.4,15.4,15.62,,15.4,,,6,92.0,1,F1,1,,,,,
2026-07-22,2026-07-22,CM,BSE,STK,532134,INE028A01039,BANKBARODA,A,,,,,BANK OF BARODA,248.0,248.5,244.45,245.75,245.75,247.75,,245.75,,,345986,84986937.0,6262,F1,1,,,,,
2026-07-22,2026-07-22,CM,BSE,STK,532140,INE154B01023,MOHITE,X,,,,,MOHITE INDUSTRIES LIMITED,2.85,2.9,2.75,2.76,2.76,2.79,,2.76,,,23953,66730.0,73,F1,1,,,,,
2026-07-22,2026-07-22,CM,BSE,STK,532141,INE666E01020,ACL,B,,,,,ANDHRA CEMENTS LTD.,48.34,49.06,48.34,49.06,49.06,48.88,,48.71,,,628,30646.0,10,F1,1,,,,,
2026-07-22,2026-07-22,CM,BSE,STK,532143,INE411D01023,SKMEGGPROD,B,,,,,SKM EGG PRODUCTS EXPORT (INDIA,315.0,319.55,303.35,312.65,315.3,314.3,,313.95,,,55830,17320958.0,1030,F1,1,,,,,
2026-07-22,2026-07-22,CM,BSE,STK,532144,INE191B01025,WELCORP,A,,,,,WELSPUN CORP LIMITED,1626.15,1637.2,1597.85,1611.45,1615.0,1629.45,,1611.8,,,26324,42442784.0,1010,F1,1,,,,,
2026-07-22,2026-07-22,CM,BSE,STK,532145,INE731B01010,HOTLSILV,X,,,,,H.S.INDIA LTD.,11.5,11.5,11.1,11.25,11.25,11.4,,11.25,,,2504,28164.0,18,F1,1,,,,,
2026-07-22,2026-07-22,CM,BSE,STK,532149,INE084A01016,BANKINDIA,A,,,,,BANK OF INDIA,146.25,147.0,142.5,143.95,143.95,147.05,,143.99,,,361485,51897439.0,2333,F1,1,,,,,
2026-07-22,2026-07-22,CM,BSE,STK,532150,INE681B01017,INDRAMEDCO,A,,,,,INDRAPRASTHA MEDICAL CORP.LTD.,371.15,373.5,366.2,367.45,366.25,373.45,,367.45,,,2705,998259.0,186,F1,1,,,,,
2026-07-22,2026-07-22,CM,BSE,STK,532154,INE560F01022,JOHNPHARMA,X,,,,,JOHNSON PHARMACARE LIMITED,0.47,0.48,0.47,0.47,0.47,0.48,,0.47,,,601714,283922.0,316,F1,1,,,,,
2026-07-22,2026-07-22,CM,BSE,STK,532155,INE129A01019,GAIL,A,,,,,GAIL (INDIA) LTD.,174.35,174.6,172.25,173.1,173.1,173.85,,173.01,,,2179904,378984065.0,4035,F1,1,,,,,
2026-07-22,2026-07-22,CM,BSE,STK,532156,INE884A01027,VAIBHAVGBL,B,,,,,VAIBHAV GLOBAL LTD,259.4,272.5,257.3,258.15,257.65,257.35,,258.14,,,69466,18429227.0,1569,F1,1,,,,,
2026-07-22,2026-07-22,CM,BSE,STK,532159,INE088D01011,TRESCON,X,,,,,TRESCON LIMITED,8.59,8.6,8.02,8.02,8.02,8.15,,8.02,,,3749,32153.0,23,F1,1,,,,,
2026-07-22,2026-07-22,CM,BSE,STK,532160,INE944A01011,GUJSTATFIN,B,,,,,GUJARAT STATE FINANCIAL CORPOR,10.7,11.0,10.5,10.53,10.57,10.7,,10.53,,,4883,52626.0,60,F1,1,,,,,
2026-07-22,2026-07-22,CM,BSE,STK,532162,INE789E01012,JKPAPER,A,,,,,JK PAPER LTD.,370.5,412.6,370.5,389.1,389.1,376.1,,389.3,,,456653,181064756.0,6841,F1,1,,,,,
2026-07-22,2026-07-22,CM,BSE,STK,532163,INE979A01025,SAREGAMA,A,,,,,SAREGAMA INDIA LTD.,517.55,517.55,487.0,489.0,491.1,516.1,,489.4,,,18780,9343964.0,476,F1,1,,,,,
2026-07-22,2026-07-22,CM,BSE,STK,532164,INE514C01026,MINOLTAF,XT,,,,,MINOLTA FINANCE LTD.,1.21,1.21,1.14,1.16,1.16,1.19,,1.16,,,21081,24614.0,23,F1,1,,,,,
2026-07-22,2026-07-22,CM,BSE,STK,532167,INE501C01015,OMKARPH,X,,,,,OMKAR PHARMACHEM LTD.,15.55,15.55,15.55,15.55,15.55,15.55,,15.55,,,327,5084.0,3,F1,1,,,,,
2026-07-22,2026-07-22,CM,BSE,STK,532172,INE737B01033,ADROITINFO,B,,,,,Adroit Infotech Limited,9.1,9.1,9.02,9.02,9.02,9.15,,9.2,,,104,940.0,3,F1,1,,,,,
2026-07-22,2026-07-22,CM,BSE,STK,532173,INE214A01019,CYBERTECH,T,,,,,CYBERTECH SYSTEMS AND SOFTWARE,145.0,145.0,139.25,142.15,144.95,142.25,,144.57,,,989,141742.0,24,F1,1,,,,,
2026-07-22,2026-07-22,CM,BSE,STK,532174,INE090A01021,ICICIBANK,A,,,,,ICICI BANK LTD.,1465.3,1465.3,1438.5,1441.45,1441.0,1462.95,,1440.7,,,191708,277523196.0,11806,F1,1,,,,,
2026-07-22,2026-07-22,CM,BSE,STK,532175,INE136B01020,CYIENT,A,,,,,CYIENT LIMITED,850.4,854.2,840.4,842.9,842.0,847.1,,843.25,,,26082,22015855.0,1201,F1,1,,,,,
2026-07-22,2026-07-22,CM,BSE,STK,532178,INE510A01028,ENGINERSIN,A,,,,,ENGINEERS INDIA LTD.,228.0,228.0,224.4,225.35,225.35,228.05,,225.39,,,55105,12443736.0,895,F1,1,,,,,
2026-07-22,2026-07-22,CM,BSE,STK,532180,INE680A01011,DHANBANK,B,,,,,DHANLAXMI BANK LIMITED,33.66,36.7,33.61,34.08,34.07,34.3,,34.04,,,332157,11757562.0,1544,F1,1,,,,,
2026-07-22,2026-07-22,CM,BSE,STK,532181,INE131A01031,GMDCLTD,A,,,,,GUJARAT MINERAL DEVELOPMENT CO,581.85,582.85,558.1,560.9,560.9,580.55,,560.25,,,71389,40639786.0,2895,F1,1,,,,,
2026-07-22,2026-07-22,CM,BSE,STK,532183,INE622E01023,GAYATRI,X,,,,,GAYATRI SUGARS LTD.,7.8,8.08,7.8,8.05,8.06,7.91,,8.05,,,16927,135591.0,115,F1,1,,,,,
2026-07-22,2026-07-22,CM,BSE,STK,532187,INE095A01012,INDUSINDBK,A,,,,,INDUSIND BANK LTD.,1059.95,1077.8,1052.0,1069.9,1069.9,1064.3,,1069.35,,,1818037,1933595460.0,20266,F1,1,,,,,
2026-07-22,2026-07-22,CM,BSE,STK,532189,INE353K01014,ITDC,B,,,,,INDIA TOURISM DEVELOPMENT CORP,755.05,789.45,737.8,751.2,744.95,758.4,,750.2,,,95272,72669798.0,2946,F1,1,,,,,
2026-07-22,2026-07-22,CM,BSE,STK,532209,INE168A01041,J&KBANK,A,,,,,JAMMU & KASHMIR BANK LTD.,187.0,188.2,177.4,180.1,180.1,187.6,,179.84,,,348999,63774988.0,3052,F1,1,,,,,
2026-07-22,2026-07-22,CM,BSE,STK,532210,INE491A01021,CUB,A,,,,,CITY UNION BANK LIMITED,228.95,229.0,223.35,223.5,223.5,230.2,,223.53,,,401661,89894792.0,1598,F1,1,,,,,
2026-07-22,2026-07-22,CM,BSE,STK,532212,INE731A01020,ARCHIES,B,,,,,ARCHIES LTD.,13.77,13.82,13.75,13.81,13.78,14.0,,13.77,,,380,5232.0,9,F1,1,,,,,
2026-07-22,2026-07-22,CM,BSE,STK,532215,INE238A01034,AXISBANK,A,,,,,AXIS BANK LTD.,1257.95,1257.95,1232.0,1239.75,1239.75,1257.85,,1238.4,,,289179,358189220.0,10719,F1,1,,,,,
2026-07-22,2026-07-22,CM,BSE,STK,532216,INE550B01022,HBSL,T,,,,,HB STOCKHOLDINGS LTD.,48.5,48.5,48.5,48.5,48.5,47.12,,47.64,,,5,242.0,4,F1,1,,,,,
2026-07-22,2026-07-22,CM,BSE,STK,532217,INE027F01014,CMXLTD,X,,,,,CMX HOLDINGS LIMITED,22.99,22.99,20.87,20.87,20.87,21.96,,20.87,,,4850,101782.0,33,F1,1,,,,,
2026-07-22,2026-07-22,CM,BSE,STK,532218,INE683A01023,SOUTHBANK,A,,,,,SOUTH INDIAN BANK LTD.,47.29,48.37,47.11,47.98,47.98,47.31,,48.0,,,1911290,91642564.0,6319,F1,1,,,,,
2026-07-22,2026-07-22,CM,BSE,STK,532219,INE306C01019,ENERGYDEV,B,,,,,ENERGY DEVELOPMENT COMPANY LTD,17.33,17.33,16.95,17.2,17.2,16.99,,17.02,,,2131,36223.0,30,F1,1,,,,,
2026-07-22,2026-07-22,CM,BSE,STK,532221,INE269A01021,SONATSOFTW,A,,,,,SONATA SOFTWARE LTD.,300.15,300.3,290.0,295.35,295.8,302.7,,295.6,,,76785,22631198.0,1075,F1,1,,,,,
2026-07-22,2026-07-22,CM,BSE,STK,532230,INE665D01016,BENGALT,X,,,,,BENGAL TEA & FABRICS LTD.,145.0,148.9,143.0,148.85,148.85,142.45,,148.85,,,396,57314.0,12,F1,1,,,,,
2026-07-22,2026-07-22,CM,BSE,STK,532234,INE139A01034,NATIONALUM,A,,,,,NATIONAL ALUMINIUM CO.LTD.,343.95,347.25,339.9,342.45,342.45,342.85,,342.4,,,231863,79209003.0,2529,F1,1,,,,,
2026-07-22,2026-07-22,CM,BSE,STK,532240,INE092B01025,INDNIPPON,B,,,,,INDIA NIPPON ELECTRICALS LTD.,1242.9,1250.0,1194.75,1213.7,1215.0,1241.3,,1213.7,,,1919,2323895.0,243,F1,1,,,,,
2026-07-22,2026-07-22,CM,BSE,STK,532256,INE023A01030,NSIL,B,,,,,NALWA SONS INVESTMENTS LTD.,5569.5,5581.5,5490.45,5528.1,5501.25,5539.5,,5554.0,,,69,380746.0,30,F1,1,,,,,
2026-07-22,2026-07-22,CM,BSE,STK,532259,INE372A01015,APARINDS,A,,,,,APAR INDUSTRIES LTD.,13910.0,14024.95,13567.65,13625.6,13632.55,13818.85,,13630.0,,,1912,26199697.0,424,F1,1,,,,,
2026-07-22,2026-07-22,CM,BSE,STK,532262,INE920B01019,TCIIND,X,,,,,TCI INDUSTRIES LTD.,1250.05,1250.05,1250.0,1250.0,1250.0,1300.0,,1250.0,,,14,17500.0,2,F1,1,,,,,
2026-07-22,2026-07-22,CM,BSE,STK,532268,INE793A01012,ACCELYA,B,,,,,ACCELYA SOLUTIONS INDIA LIMITE,1145.8,1147.65,1125.6,1132.1,1131.2,1145.45,,1128.4,,,472,536574.0,184,F1,1,,,,,
2026-07-22,2026-07-22,CM,BSE,STK,532271,INE215B01022,ORCHASP,B,,,,,ORCHASP LIMITED,1.7,1.71,1.62,1.7,1.7,1.7,,1.66,,,46514,76600.0,74,F1,1,,,,,
2026-07-22,2026-07-22,CM,BSE,STK,532275,INE394C01023,LANDMARC,X,,,,,LANDMARC LEISURE CORPORATION L,2.05,2.05,1.92,2.01,2.03,1.96,,2.01,,,688395,1399295.0,187,F1,1,,,,,
2026-07-22,2026-07-22,CM,BSE,STK,532281,INE860A01027,HCLTECH,A,,,,,HCL TECHNOLOGIES LTD.,1243.0,1244.5,1227.95,1237.25,1237.55,1239.5,,1237.3,,,172662,213438434.0,8207,F1,1,,,,,
2026-07-22,2026-07-22,CM,BSE,STK,532284,INE389D01013,TCFCFINQ,X,,,,,TCFC FINANCE LTD.,26.27,26.99,26.26,26.62,26.62,26.27,,26.62,,,662,17416.0,15,F1,1,,,,,
2026-07-22,2026-07-22,CM,BSE,STK,532285,INE007B01023,GEOJITFSL,B,,,,,Geojit Financial Services Limi,83.01,83.01,80.52,81.29,81.41,81.72,,81.44,,,18511,1507390.0,239,F1,1,,,,,
2026-07-22,2026-07-22,CM,BSE,STK,532286,INE749A01030,JINDALSTEL,A,,,,,JINDAL STEEL LIMITED,1053.7,1053.7,1039.45,1044.75,1048.0,1044.8,,1045.0,,,24934,26050729.0,1192,F1,1,,,,,
2026-07-22,2026-07-22,CM,BSE,STK,532290,INE791A01024,BLBLIMITED,B,,,,,BLB LTD.,16.36,16.36,15.73,15.75,15.74,16.36,,15.67,,,3677,58376.0,46,F1,1,,,,,
2026-07-22,2026-07-22,CM,BSE,STK,532296,INE935A01035,GLENMARK,A,,,,,GLENMARK PHARMACEUTICALS LTD.,2237.35,2237.35,2168.65,2198.2,2208.45,2241.9,,2199.9,,,14861,32644135.0,2622,F1,1,,,,,
2026-07-22,2026-07-22,CM,BSE,STK,532300,INE049B01025,WOCKPHARMA,A,,,,,WOCKHARDT LTD.,1895.0,1895.0,1826.45,1861.4,1860.0,1893.9,,1861.5,,,32607,60452896.0,1971,F1,1,,,,,
2026-07-22,2026-07-22,CM,BSE,STK,532303,INE934A01012,INTEGHIT,X,,,,,INTEGRATED HITECH LTD.,3.06,3.06,3.06,3.06,3.06,3.22,,3.06,,,105,321.0,5,F1,1,,,,,
2026-07-22,2026-07-22,CM,BSE,STK,532304,INE602C01011,KJMCCORP,X,,,,,KJMC CORPORATE ADVISORS (INDIA,54.0,54.82,54.0,54.82,54.82,54.82,,54.82,,,12,649.0,2,F1,1,,,,,
2026-07-22,2026-07-22,CM,BSE,STK,532305,INE915B01019,INDSWFTLAB,B,,,,,IND-SWIFT LABORATORIES LTD.,238.3,240.65,231.1,233.15,232.5,238.75,,233.07,,,29665,6923631.0,402,F1,1,,,,,
2026-07-22,2026-07-22,CM,BSE,STK,532309,INE878A01011,GVPIL,B,,,,,GE Power India Ltd,805.2,825.1,802.2,805.95,805.0,809.4,,805.1,,,7476,6082740.0,617,F1,1,,,,,
2026-07-22,2026-07-22,CM,BSE,STK,532310,INE879A01019,SHREERAMA,B,,,,,SHREE RAMA MULTI-TECH LTD.,41.78,42.3,40.4,41.0,41.0,41.67,,40.62,,,12810,525054.0,95,F1,1,,,,,
2026-07-22,2026-07-22,CM,BSE,STK,532313,INE813A01018,MAHLIFE,A,,,,,MAHINDRA LIFESPACE DEVELOPERS,371.0,377.0,369.2,374.15,374.8,368.85,,374.1,,,7974,2985650.0,281,F1,1,,,,,
2026-07-22,2026-07-22,CM,BSE,STK,532315,INE042B01012,GROARC,X,,,,,GROARC INDUSTRIES INDIA LIMITE,6.0,6.0,5.64,5.95,5.95,5.86,,5.95,,,726,4349.0,7,F1,1,,,,,
2026-07-22,2026-07-22,CM,BSE,STK,532320,INE418B01048,VAARAD,X,,,,,VAARAD VENTURES LTD,9.85,9.85,9.85,9.85,9.85,10.37,,9.85,,,300,2955.0,2,F1,1,,,,,
2026-07-22,2026-07-22,CM,BSE,STK,532321,INE010B01027,ZYDUSLIFE,A,,,,,Zydus Lifesciences Limited,1138.65,1138.65,1112.2,1129.75,1129.75,1143.65,,1127.7,,,360389,405668311.0,5151,F1,1,,,,,
2026-07-22,2026-07-22,CM,BSE,STK,532323,INE555C01029,SHIVACEM,X,,,,,SHIVA CEMENT LTD.,17.68,17.68,17.05,17.1,17.1,17.35,,17.1,,,58987,1024329.0,197,F1,1,,,,,
2026-07-22,2026-07-22,CM,BSE,STK,532324,INE039B01026,CINEVISTA,B,,,,,CINEVISTA LTD.,15.7,15.7,14.53,15.21,15.21,15.01,,15.46,,,2861,44014.0,45,F1,1,,,,,
2026-07-22,2026-07-22,CM,BSE,STK,532326,INE781A01025,INTENTECH,B,,,,,INTENSE TECHNOLOGIES LTD.,91.7,92.3,90.48,91.85,91.52,91.64,,91.62,,,864,79391.0,10,F1,1,,,,,
2026-07-22,2026-07-22,CM,BSE,STK,532329,INE310B01013,DANLAW,XT,,,,,DANLAW TECHNOLOGIES INDIA LTD.,1015.65,1015.65,985.0,1003.2,1012.0,1015.8,,1003.2,,,1284,1276705.0,69,F1,1,,,,,
2026-07-22,2026-07-22,CM,BSE,STK,532331,INE031B01049,AJANTPHARM,A,,,,,AJANTA PHARMA LTD.,3598.4,3598.4,3429.45,3459.25,3459.25,3577.7,,3458.9,,,9325,32444945.0,1191,F1,1,,,,,
2026-07-22,2026-07-22,CM,BSE,STK,532333,INE638B01025,HBPOR,X,,,,,HB PORTFOLIO LTD.,55.49,55.49,53.33,54.31,54.0,55.87,,54.31,,,205,11055.0,16,F1,1,,,,,
2026-07-22,2026-07-22,CM,BSE,STK,532334,INE640B01021,HBESD,B,,,,,HB ESTATE DEVELOPERS LTD.,74.82,74.82,71.02,71.02,71.02,73.0,,72.76,,,26,1857.0,2,F1,1,,,,,
2026-07-22,2026-07-22,CM,BSE,STK,532339,INE453B01029,COMPUSOFT,B,,,,,COMPUCOM SOFTWARE LTD.,13.79,13.79,13.02,13.41,13.41,13.53,,13.16,,,6042,79113.0,32,F1,1,,,,,
2026-07-22,2026-07-22,CM,BSE,STK,532340,INE369B01019,OMNIAX,X,,,,,OMNI AXS SOFTWARE LTD.,3.0,3.3,3.0,3.0,3.0,3.0,,3.0,,,205,615.0,6,F1,1,,,,,
2026-07-22,2026-07-22,CM,BSE,STK,532341,INE848A01014,IZMO,B,,,,,IZMO Limited,1101.1,1125.8,1078.35,1086.15,1086.15,1106.4,,1084.3,,,6876,7564113.0,562,F1,1,,,,,
2026-07-22,2026-07-22,CM,BSE,STK,532343,INE494B01023,TVSMOTOR,A,,,,,TVS MOTOR COMPANY LTD.,3845.05,3965.0,3831.45,3908.05,3908.05,3791.6,,3907.6,,,322896,1270159292.0,20589,F1,1,,,,,
2026-07-22,2026-07-22,CM,BSE,STK,532344,INE002B01016,MADALA,X,,,,,MADALA HOLDINGS LIMITED,205.9,205.9,193.5,198.35,198.35,200.3,,198.35,,,169,32853.0,9,F1,1,,,,,
2026-07-22,2026-07-22,CM,BSE,STK,532348,INE754A01055,SUBEXLTD,T,,,,,SUBEX LTD.,13.09,13.09,12.6,12.62,12.6,12.81,,12.69,,,27324,345330.0,101,F1,1,,,,,
2026-07-22,2026-07-22,CM,BSE,STK,532349,INE688A01022,TCI,B,,,,,TRANSPORT CORPORATION OF INDIA,930.15,935.5,922.6,924.7,924.0,930.3,,926.0,,,407,378330.0,62,F1,1,,,,,
2026-07-22,2026-07-22,CM,BSE,STK,532350,INE243B01016,PADMALAYAT,Z,,,,,PADMALAYA TELEFILMS LTD.,4.07,4.07,3.81,3.81,3.81,3.88,,3.81,,,1129,4445.0,9,F1,1,,,,,
2026-07-22,2026-07-22,CM,BSE,STK,532351,INE523B01011,AKSHOPTFBR,T,,,,,AKSH OPTIFIBRE LTD.,5.79,5.79,5.78,5.79,5.79,5.68,,5.79,,,18910,109484.0,27,F1,1,,,,,
2026-07-22,2026-07-22,CM,BSE,STK,532354,INE400B01020,VIRGOGLOB,XT,,,,,Virgo Global Limited,4.42,4.42,4.42,4.42,4.42,4.51,,4.42,,,230,1016.0,8,F1,1,,,,,
2026-07-22,2026-07-22,CM,BSE,STK,532355,INE448B01029,PICTUREHS,X,,,,,PICTUREHOUSE MEDIA LTD.,7.44,8.64,7.17,7.61,7.7,7.87,,7.61,,,4755,34834.0,15,F1,1,,,,,
2026-07-22,2026-07-22,CM,BSE,STK,532356,INE256C01024,TRIVENI,T,,,,,TRIVENI ENGINEERING & INDUSTRI,291.2,292.0,276.65,276.65,276.65,471.5,,275.55,,,11079,3092178.0,327,F1,1,,,,,
2026-07-22,2026-07-22,CM,BSE,STK,532359,INE309B01023,HITKITGLO,X,,,,,HIT KIT GLOBAL SOLUTIONS LTD.,1.73,1.76,1.68,1.74,1.76,1.72,,1.74,,,91656,155464.0,79,F1,1,,,,,
2026-07-22,2026-07-22,CM,BSE,STK,532362,INE099E01016,NAGPI,X,,,,,NAGPUR POWER & INDUSTRIES LTD.,161.0,161.0,145.5,146.4,146.4,146.5,,146.4,,,12212,1925555.0,54,F1,1,,,,,
2026-07-22,2026-07-22,CM,BSE,STK,532365,INE417B01040,DSSL,B,,,,,DYNACONS SYSTEMS & SOLUTIONS L,1214.25,1214.25,1173.05,1181.65,1181.65,1213.95,,1183.2,,,1660,1964734.0,263,F1,1,,,,,
2026-07-22,2026-07-22,CM,BSE,STK,532366,INE859A01011,PNBGILTS,B,,,,,PNB GILTS LTD.,88.01,88.01,85.26,85.79,85.79,88.11,,85.57,,,18499,1598699.0,335,F1,1,,,,,
2026-07-22,2026-07-22,CM,BSE,STK,532368,INE425B01027,BCG,B,,,,,BRIGHTCOM GROUP LIMITED,9.53,9.59,9.46,9.49,9.52,9.61,,9.5,,,480353,4570138.0,628,F1,1,,,,,
2026-07-22,2026-07-22,CM,BSE,STK,532369,INE614A01028,RAMCOIND,B,,,,,RAMCO INDUSTRIES LTD.,353.4,353.4,339.0,340.8,340.0,349.1,,340.4,,,5165,1774839.0,226,F1,1,,,,,
2026-07-22,2026-07-22,CM,BSE,STK,532370,INE246B01019,RAMCOSYS,B,,,,,RAMCO SYSTEMS LTD.,800.0,825.35,783.8,816.95,816.95,796.45,,816.45,,,60028,48329983.0,1929,F1,1,,,,,
2026-07-22,2026-07-22,CM,BSE,STK,532371,INE517B01013,TTML,A,,,,,TATA TELESERVICES (MAHARASHTRA,40.21,42.71,39.58,40.55,40.55,40.11,,40.6,,,819289,33702672.0,2746,F1,1,,,,,
2026-07-22,2026-07-22,CM,BSE,STK,532372,INE539B01017,VIRINCHI,B,,,,,Virinchi Limited,15.87,15.97,15.66,15.97,15.97,15.73,,15.72,,,515,8155.0,12,F1,1,,,,,
2026-07-22,2026-07-22,CM,BSE,STK,532373,INE434B01029,WEPSOLN,X,,,,,WEP SOLUTIONS LTD.,27.25,29.72,26.9,26.9,26.9,28.31,,26.9,,,104477,2866744.0,185,F1,1,,,,,
2026-07-22,2026-07-22,CM,BSE,STK,532374,INE089C01029,STLTECH,T,,,,,STERLITE TECHNOLOGIES LTD.,530.0,554.8,513.3,552.95,552.95,528.4,,552.95,,,167108,91442927.0,3205,F1,1,,,,,
2026-07-22,2026-07-22,CM,BSE,STK,532375,INE716B01029,TIPSMUSIC,A,,,,,TIPS MUSIC LIMITED,720.8,720.8,612.2,622.4,624.85,711.8,,622.85,,,102185,66795983.0,3448,F1,1,,,,,
2026-07-22,2026-07-22,CM,BSE,STK,532376,INE398B01018,UMIYA-MRO,B,,,,,UMIYA BUILDCON LIMITED,93.85,93.85,89.72,90.21,90.22,90.42,,90.07,,,600,54332.0,11,F1,1,,,,,
2026-07-22,2026-07-22,CM,BSE,STK,532378,INE464B01018,UNIVARTS,X,,,,,UNIVERSAL ARTS LTD.,5.0,5.0,4.25,4.25,4.25,5.0,,4.25,,,603,2638.0,5,F1,1,,,,,
2026-07-22,2026-07-22,CM,BSE,STK,532379,INE683B01047,FIRSTFIN,XT,,,,,FIRST FINTEC LIMITED,6.92,7.49,6.89,7.19,7.19,7.25,,7.19,,,1228,8468.0,29,F1,1,,,,,
2026-07-22,2026-07-22,CM,BSE,STK,532380,INE893A01036,BABA,X,,,,,BABA ARTS LTD.,13.99,14.69,13.02,13.91,13.91,13.88,,13.91,,,73212,987650.0,186,F1,1,,,,,
2026-07-22,2026-07-22,CM,BSE,STK,532382,INE794B01026,BALAJITELE,B,,,,,BALAJI TELEFILMS LTD.,86.81,86.81,84.8,85.25,84.8,86.84,,85.08,,,10090,868616.0,256,F1,1,,,,,
2026-07-22,2026-07-22,CM,BSE,STK,532384,INE443B01012,TYCHE,X,,,,,TYCHE INDUSTRIES LTD.,130.0,130.0,127.5,128.9,128.9,131.5,,128.9,,,328,42188.0,17,F1,1,,,,,
2026-07-22,2026-07-22,CM,BSE,STK,532386,INE526B01014,CALSOFT,T,,,,,CALIFORNIA SOFTWARE CO.LTD.,23.8,23.8,22.41,22.6,22.47,22.92,,22.25,,,2633,60349.0,39,F1,1,,,,,
2026-07-22,2026-07-22,CM,BSE,STK,532387,INE392B01011,PNC,B,,,,,PRITISH NANDY COMMUNICATIONS L,19.35,19.91,19.35,19.71,19.91,20.49,,19.71,,,625,12198.0,8,F1,1,,,,,
2026-07-22,2026-07-22,CM,BSE,STK,532388,INE565A01014,IOB,A,,,,,INDIAN OVERSEAS BANK,35.35,35.35,34.5,34.58,34.58,35.3,,34.59,,,499754,17386606.0,1952,F1,1,,,,,
2026-07-22,2026-07-22,CM,BSE,STK,532390,INE586B01026,TAJGVK,B,,,,,TAJGVK HOTELS & RESORTS LTD.,357.5,359.2,347.0,358.75,358.85,357.5,,358.0,,,2249,794172.0,155,F1,1,,,,,
2026-07-22,2026-07-22,CM,BSE,STK,532395,INE555B01013,AXISCADES,B,,,,,AXISCADES TECHNOLOGIES LIMITED,1566.0,1592.65,1541.4,1545.4,1546.0,1578.35,,1545.9,,,3568,5570609.0,403,F1,1,,,,,
2026-07-22,2026-07-22,CM,BSE,STK,532397,INE971A01014,KONNDOR,XT,,,,,KONNDOR INDUSTRIES LIMITED,16.27,16.27,15.5,15.5,15.5,16.26,,15.5,,,5563,86912.0,12,F1,1,,,,,
2026-07-22,2026-07-22,CM,BSE,STK,532398,INE240C01028,UMESLTD,B,,,,,USHA MARTIN EDUCATION & SOLUTI,5.4,5.41,5.4,5.4,5.4,5.67,,5.62,,,127,686.0,10,F1,1,,,,,
2026-07-22,2026-07-22,CM,BSE,STK,532400,INE836A01035,BSOFT,A,,,,,BIRLASOFT LIMITED,287.6,287.6,282.15,282.6,283.4,285.7,,282.55,,,26447,7516786.0,796,F1,1,,,,,
2026-07-22,2026-07-22,CM,BSE,STK,532402,INE718B01017,USGTECH,XT,,,,,USG TECH SOLUTIONS LTD.,10.32,10.32,10.32,10.32,10.32,9.83,,10.32,,,7891,81435.0,27,F1,1,,,,,
2026-07-22,2026-07-22,CM,BSE,STK,532404,INE856B01023,7TEC,X,,,,,SAVEN TECHNOLOGIES LTD.,36.38,37.25,36.1,37.1,37.1,35.68,,37.1,,,15801,581722.0,145,F1,1,,,,,
2026-07-22,2026-07-22,CM,BSE,STK,532406,INE005B01027,AVANTEL,A,,,,,AVANTEL LTD.,170.95,171.0,164.05,164.8,164.8,171.1,,164.77,,,186395,31035643.0,1995,F1,1,,,,,
2026-07-22,2026-07-22,CM,BSE,STK,532407,INE935B01025,MOSCHIP,A,,,,,MOSCHIP TECHNOLOGIES LIMITED,247.45,250.0,240.2,243.5,243.5,245.3,,243.85,,,452312,110715184.0,4580,F1,1,,,,,
2026-07-22,2026-07-22,CM,BSE,STK,532408,INE933B01012,SIGMAADV,T,,,,,SIGMA ADVANCED SYSTEMS LIMITED,518.0,534.6,502.1,523.9,523.9,521.45,,525.7,,,20459,10622181.0,348,F1,1,,,,,
2026-07-22,2026-07-22,CM,BSE,STK,532410,INE330E01023,TRANSCOR,X,,,,,TRANSCORP INTERNATIONAL LTD.,26.1,26.1,25.51,25.55,25.51,25.6,,25.55,,,3759,96648.0,43,F1,1,,,,,
2026-07-22,2026-07-22,CM,BSE,STK,532413,INE345B01019,CEREBRAINT,Z,,,,,CEREBRA INTEGRATED TECHNOLOGIE,3.05,3.18,2.94,3.07,3.08,3.07,,3.05,,,47718,143129.0,52,F1,1,,,,,
2026-07-22,2026-07-22,CM,BSE,STK,532416,INE747B01016,NEXTMEDIA,B,,,,,NEXT MEDIAWORKS LTD.,3.61,3.61,3.61,3.61,3.61,3.75,,3.79,,,60,216.0,1,F1,1,,,,,
2026-07-22,2026-07-22,CM,BSE,STK,532419,INE178C01020,SMARTLINK,T,,,,,Smartlink Holdings Limited,225.0,225.0,217.9,219.95,219.95,221.05,,214.46,,,666,145239.0,14,F1,1,,,,,
2026-07-22,2026-07-22,CM,BSE,STK,532424,INE102D01028,GODREJCP,A,,,,,GODREJ CONSUMER PRODUCTS LTD.,1072.55,1072.55,1039.35,1068.9,1072.0,1053.85,,1068.8,,,28422,30189899.0,2796,F1,1,,,,,
2026-07-22,2026-07-22,CM,BSE,STK,532425,INE256D01014,GENUSPRIME,X,,,,,GENUS PRIME INFRA LIMITED,31.0,31.98,30.0,30.31,30.11,30.59,,30.31,,,15012,462120.0,97,F1,1,,,,,
2026-07-22,2026-07-22,CM,BSE,STK,532430,INE243D01012,BFUTILITIE,B,,,,,BF UTILITIES LTD.,613.45,613.45,585.0,585.9,585.0,605.55,,586.1,,,3637,2164522.0,307,F1,1,,,,,
2026-07-22,2026-07-22,CM,BSE,STK,532432,INE854D01024,UNITDSPR,A,,,,,UNITED SPIRITS LTD.,1390.95,1408.2,1376.0,1404.6,1404.6,1391.25,,1404.2,,,26108,36397345.0,2010,F1,1,,,,,
2026-07-22,2026-07-22,CM,BSE,STK,532435,INE799C01049,SANINFRA,XT,,,,,SANMIT INFRA LIMITED,52.57,52.57,49.97,50.32,50.3,50.07,,50.32,,,4427,226532.0,112,F1,1,,,,,
2026-07-22,2026-07-22,CM,BSE,STK,532439,INE260D01016,OLECTRA,A,,,,,OLECTRA GREENTECH LIMITED,1359.4,1371.7,1338.5,1345.3,1348.0,1355.3,,1345.8,,,15699,21237544.0,691,F1,1,,,,,
2026-07-22,2026-07-22,CM,BSE,STK,532440,INE943D01017,MPSLTD,B,,,,,MPS LTD.,2311.05,2568.35,2311.05,2568.35,2568.35,2140.3,,2565.2,,,96087,242529287.0,4374,F1,1,,,,,
2026-07-22,2026-07-22,CM,BSE,STK,532443,INE739E01017,CERA,A,,,,,CERA SANITARYWARE LTD.,6240.0,6240.0,6100.0,6103.2,6100.0,6235.95,,6105.5,,,222,1365706.0,99,F1,1,,,,,
2026-07-22,2026-07-22,CM,BSE,STK,532444,INE541C01037,TSPIRITUAL,XT,,,,,T.SPIRITUAL WORLD LTD.,1.9,1.9,1.81,1.81,1.81,1.9,,1.81,,,523,947.0,4,F1,1,,,,,
2026-07-22,2026-07-22,CM,BSE,STK,532454,INE397D01024,BHARTIARTL,A,,,,,BHARTI AIRTEL LTD.,1938.7,1956.0,1938.7,1950.05,1950.05,1948.45,,1949.0,,,1670576,3251068414.0,8279,F1,1,,,,,
2026-07-22,2026-07-22,CM,BSE,STK,532455,INE655D01025,SHALIWIR,X,,,,,SHALIMAR WIRES INDUSTRIES LTD.,18.68,19.4,18.25,19.3,19.19,18.68,,19.3,,,1721,32743.0,21,F1,1,,,,,
2026-07-22,2026-07-22,CM,BSE,STK,532456,INE070C01037,COMPINFO,Z,,,,,COMPUAGE INFOCOM LTD.,1.17,1.2,1.12,1.2,1.2,1.17,,1.15,,,13839,15505.0,15,F1,1,,,,,
2026-07-22,2026-07-22,CM,BSE,STK,532457,INE255D01024,GULPOLY,B,,,,,GULSHAN POLYOLS LTD.,180.5,210.75,179.15,187.15,187.15,180.8,,186.94,,,429604,86017370.0,4418,F1,1,,,,,
2026-07-22,2026-07-22,CM,BSE,STK,532460,INE838E01017,PONNIERODE,B,,,,,PONNI SUGARS (ERODE) LTD.,311.5,319.95,311.5,315.7,319.6,316.1,,317.35,,,313,98955.0,65,F1,1,,,,,
2026-07-22,2026-07-22,CM,BSE,STK,532461,INE160A01022,PNB,A,,,,,PUNJAB NATIONAL BANK,112.25,112.8,110.4,110.75,110.75,112.05,,110.73,,,596334,66307495.0,4560,F1,1,,,,,
2026-07-22,2026-07-22,CM,BSE,STK,532466,INE881D01027,OFSS,A,,,,,ORACLE FINANCIAL SERVICES SOFT,11625.0,11662.95,10765.0,10843.85,10843.85,11623.95,,10851.0,,,26260,297426550.0,10563,F1,1,,,,,
2026-07-22,2026-07-22,CM,BSE,STK,532467,INE550F01049,HAZOOR,B,,,,,HAZOOR MULTI PROJECTS LTD.,23.05,23.29,22.42,22.58,22.68,22.96,,22.58,,,211774,4799392.0,521,F1,1,,,,,
2026-07-22,2026-07-22,CM,BSE,STK,532468,INE411F01010,KAMAHOLD,B,,,,,KAMA HOLDINGS LIMITED,2700.0,2721.0,2632.0,2648.15,2632.0,2707.85,,2641.0,,,481,1287487.0,170,F1,1,,,,,
2026-07-22,2026-07-22,CM,BSE,STK,532475,INE266F01018,APTECHT,T,,,,,APTECH LTD.,94.0,96.4,91.15,92.05,93.5,92.8,,92.07,,,6266,589850.0,60,F1,1,,,,,
2026-07-22,2026-07-22,CM,BSE,STK,532477,INE692A01016,UNIONBANK,A,,,,,UNION BANK OF INDIA,175.75,176.1,170.1,170.65,170.65,176.15,,170.64,,,1032847,177489216.0,8461,F1,1,,,,,
2026-07-22,2026-07-22,CM,BSE,STK,532478,INE686F01025,UBL,A,,,,,UNITED BREWERIES LTD.,1410.0,1440.0,1404.0,1431.4,1422.0,1402.9,,1431.0,,,14884,21240191.0,1060,F1,1,,,,,
2026-07-22,2026-07-22,CM,BSE,STK,532481,INE781B01015,NOIDATOLL,T,,,,,NOIDA TOLL BRIDGE COMPANY LTD.,4.64,4.64,4.35,4.4,4.4,4.47,,4.4,,,20840,91547.0,72,F1,1,,,,,
2026-07-22,2026-07-22,CM,BSE,STK,532482,INE101D01020,GRANULES,A,,,,,GRANULES INDIA LTD.,880.05,885.75,828.5,854.45,851.8,875.45,,853.8,,,56570,48014578.0,2785,F1,1,,,,,
2026-07-22,2026-07-22,CM,BSE,STK,532483,INE476A01022,CANBK,A,,,,,CANARA BANK,127.35,127.35,125.25,126.4,126.4,127.55,,126.45,,,1070846,135229784.0,5581,F1,1,,,,,
2026-07-22,2026-07-22,CM,BSE,STK,532485,INE525F01025,BLIL,B,,,,,BALMER LAWRIE INVESTMENTS LTD.,70.01,70.64,70.0,70.08,70.08,70.3,,70.0,,,1608,113080.0,154,F1,1,,,,,
2026-07-22,2026-07-22,CM,BSE,STK,532486,INE637C01025,POKARNA,B,,,,,POKARNA LTD.,979.8,979.8,945.0,949.9,946.35,982.85,,945.8,,,3987,3814015.0,372,F1,1,,,,,
2026-07-22,2026-07-22,CM,BSE,STK,532488,INE361B01024,DIVISLAB,A,,,,,DIVIS LABORATORIES LTD.,7288.75,7395.65,7218.0,7386.75,7386.75,7330.05,,7386.5,,,20608,151588524.0,3193,F1,1,,,,,
2026-07-22,2026-07-22,CM,BSE,STK,532493,INE386C01029,ASTRAMICRO,A,,,,,ASTRA MICROWAVE PRODUCTS LTD.,1745.4,1778.65,1736.9,1757.05,1753.9,1749.35,,1757.1,,,17172,30068881.0,866,F1,1,,,,,
2026-07-22,2026-07-22,CM,BSE,STK,532497,INE944F01028,RADICO,A,,,,,RADICO KHAITAN LTD.,4118.55,4158.9,4073.65,4146.45,4153.0,4087.8,,4147.5,,,7322,30214194.0,1114,F1,1,,,,,
2026-07-22,2026-07-22,CM,BSE,STK,532500,INE585B01010,MARUTI,A,,,,,MARUTI SUZUKI INDIA LTD.,13598.0,13714.5,13493.3,13546.5,13546.5,13593.3,,13545.0,,,42265,572285580.0,6433,F1,1,,,,,
2026-07-22,2026-07-22,CM,BSE,STK,532503,INE296E01026,RAJPALAYAM,B,,,,,RAJAPALAYAM MILLS LTD.,815.1,834.95,815.0,815.75,815.05,815.1,,818.4,,,786,641179.0,17,F1,1,,,,,
2026-07-22,2026-07-22,CM,BSE,STK,532504,INE048G01026,NAVINFLUOR,A,,,,,NAVIN FLUORINE INTERNATIONAL L,7856.0,7870.0,7703.0,7787.9,7790.65,7888.25,,7789.0,,,6561,51039048.0,1024,F1,1,,,,,
2026-07-22,2026-07-22,CM,BSE,STK,532505,INE691A01018,UCOBANK,A,,,,,UCO BANK,26.88,27.03,26.48,26.54,26.57,26.84,,26.55,,,479185,12780985.0,888,F1,1,,,,,
2026-07-22,2026-07-22,CM,BSE,STK,532507,INE116D01028,BAGFILMS,B,,,,,B.A.G.FILMS & MEDIA LTD.,4.59,4.59,4.4,4.45,4.45,4.59,,4.49,,,8667,38368.0,39,F1,1,,,,,
2026-07-22,2026-07-22,CM,BSE,STK,532508,INE220G01021,JSL,A,,,,,JINDAL STAINLESS LTD.,747.05,747.05,732.3,738.0,736.15,738.8,,738.4,,,7973,5868534.0,432,F1,1,,,,,
2026-07-22,2026-07-22,CM,BSE,STK,532509,INE399C01030,SUPRAJIT,A,,,,,SUPRAJIT ENGINEERING LTD.,486.05,495.0,485.2,486.7,485.3,488.65,,486.8,,,4019,1966413.0,200,F1,1,,,,,
2026-07-22,2026-07-22,CM,BSE,STK,532513,INE236G01019,TVSELECT,B,,,,,TVS ELECTRONICS LTD.,494.8,499.4,490.45,493.75,495.9,498.4,,494.7,,,1942,959555.0,140,F1,1,,,,,
2026-07-22,2026-07-22,CM,BSE,STK,532514,INE203G01027,IGL,A,,,,,INDRAPRASTHA GAS LTD.,153.4,153.4,151.1,151.45,151.45,153.55,,151.39,,,1773007,269090669.0,979,F1,1,,,,,
2026-07-22,2026-07-22,CM,BSE,STK,532515,INE038F01029,TVTODAY,B,,,,,TV TODAY NETWORK LTD.,123.15,123.15,119.0,119.2,119.1,121.85,,119.15,,,2397,289184.0,183,F1,1,,,,,
2026-07-22,2026-07-22,CM,BSE,STK,532521,INE218G01033,PALREDTEC,T,,,,,PALRED TECHNOLOGIES LIMITED,48.31,48.31,48.31,48.31,48.31,49.23,,47.83,,,46,2222.0,1,F1,1,,,,,
2026-07-22,2026-07-22,CM,BSE,STK,532522,INE347G01014,PETRONET,A,,,,,PETRONET LNG LTD.,276.1,280.45,273.85,279.6,279.6,276.7,,279.65,,,832502,231149570.0,2359,F1,1,,,,,
2026-07-22,2026-07-22,CM,BSE,STK,532523,INE376G01013,BIOCON,A,,,,,BIOCON LTD.,435.7,441.6,426.4,437.95,437.95,440.45,,437.95,,,488540,213138189.0,12837,F1,1,,,,,
2026-07-22,2026-07-22,CM,BSE,STK,532524,INE877F01012,PTC,A,,,,,PTC INDIA LTD.,169.5,170.35,167.55,167.75,167.75,170.1,,167.71,,,33844,5693909.0,873,F1,1,,,,,
2026-07-22,2026-07-22,CM,BSE,STK,532525,INE457A01014,MAHABANK,A,,,,,BANK OF MAHARASHTRA,81.65,81.65,79.06,79.17,79.17,81.74,,79.17,,,485528,38711295.0,2695,F1,1,,,,,
2026-07-22,2026-07-22,CM,BSE,STK,532527,INE399G01023,RKFORGE,A,,,,,RAMKRISHNA FORGINGS LTD.,583.3,583.3,571.45,575.95,575.95,577.25,,575.7,,,25099,14458155.0,618,F1,1,,,,,
2026-07-22,2026-07-22,CM,BSE,STK,532528,INE365B01017,DATAMATICS,A,,,,,DATAMATICS GLOBAL SERVICES LTD,827.9,867.5,827.9,833.35,833.35,829.75,,833.3,,,6027,5081415.0,490,F1,1,,,,,
2026-07-22,2026-07-22,CM,BSE,STK,532529,INE155G01029,NDTV,B,,,,,NEW DELHI TELEVISION LTD.,77.12,78.94,75.9,76.12,76.12,79.7,,76.02,,,33457,2573996.0,263,F1,1,,,,,
2026-07-22,2026-07-22,CM,BSE,STK,532531,INE939A01011,STAR,A,,,,,STRIDES PHARMA SCIENCE LIMITED,1042.95,1051.3,1001.0,1040.5,1042.0,1053.1,,1040.7,,,14829,15174328.0,1052,F1,1,,,,,
2026-07-22,2026-07-22,CM,BSE,STK,532538,INE481G01011,ULTRACEMCO,A,,,,,ULTRATECH CEMENT LTD.,12119.95,12150.0,11861.25,11892.9,11876.5,12093.65,,11893.0,,,20210,242412757.0,3342,F1,1,,,,,
2026-07-22,2026-07-22,CM,BSE,STK,532539,INE405E01023,UNOMINDA,A,,,,,UNO Minda Limited,1147.4,1149.45,1126.0,1129.95,1134.0,1147.4,,1130.9,,,17732,20139068.0,1555,F1,1,,,,,
2026-07-22,2026-07-22,CM,BSE,STK,532540,INE467B01029,TCS,A,,,,,TATA CONSULTANCY SERVICES LTD.,2214.85,2227.15,2200.25,2208.85,2208.85,2220.5,,2208.3,,,93067,205761002.0,6224,F1,1,,,,,
2026-07-22,2026-07-22,CM,BSE,STK,532541,INE591G01025,COFORGE,A,,,,,COFORGE LIMITED,1495.5,1496.1,1468.05,1471.75,1471.75,1493.75,,1471.4,,,32033,47448913.0,1799,F1,1,,,,,
2026-07-22,2026-07-22,CM,BSE,STK,532543,INE586G01017,GULFPETRO,T,,,,,GP PETROLEUMS LTD,39.5,39.85,37.5,39.23,39.34,37.96,,39.26,,,15910,615977.0,41,F1,1,,,,,
2026-07-22,2026-07-22,CM,BSE,STK,532548,INE348B01021,CENTURYPLY,A,,,,,CENTURY PLYBOARDS (I) LTD.,789.2,793.45,780.85,782.95,791.9,794.15,,782.95,,,3071,2410189.0,168,F1,1,,,,,
2026-07-22,2026-07-22,CM,BSE,STK,532553,INE625G01013,WELENT,A,,,,,WELSPUN ENTERPRISES LIMTED,615.9,621.5,602.25,604.4,605.1,620.45,,605.0,,,9267,5630330.0,391,F1,1,,,,,
2026-07-22,2026-07-22,CM,BSE,STK,532555,INE733E01010,NTPC,A,,,,,NTPC LTD.,348.45,350.95,345.85,350.55,350.55,348.5,,350.5,,,198281,69125194.0,5013,F1,1,,,,,
2026-07-22,2026-07-22,CM,BSE,STK,532604,INE658G01014,SALSTEEL,T,,,,,S.A.L.STEEL LTD.,54.9,57.68,54.9,57.18,56.21,54.94,,57.04,,,31174,1753923.0,196,F1,1,,,,,
2026-07-22,2026-07-22,CM,BSE,STK,532605,INE927D01051,JBMA,A,,,,,JBM AUTO LTD.,669.9,680.95,666.85,672.95,672.95,666.85,,672.65,,,44397,29936231.0,1300,F1,1,,,,,
2026-07-22,2026-07-22,CM,BSE,STK,532610,INE366A01041,DWARKESH,B,,,,,DWARIKESH SUGAR INDUSTRIES LTD,44.0,44.2,42.2,42.43,42.43,43.71,,42.51,,,63082,2725597.0,330,F1,1,,,,,
2026-07-22,2026-07-22,CM,BSE,STK,532612,INE873D01024,INDOCO,B,,,,,INDOCO REMEDIES LTD.,245.0,245.0,233.0,233.4,233.85,245.95,,233.2,,,4033,957608.0,228,F1,1,,,,,
2026-07-22,2026-07-22,CM,BSE,STK,532613,INE450G01024,VIPCLOTHNG,T,,,,,VIP Clothing Limited,22.67,22.67,21.8,21.91,21.8,22.4,,21.75,,,1865,41028.0,21,F1,1,,,,,
2026-07-22,2026-07-22,CM,BSE,STK,532616,INE692G01013,XCHANGING,B,,,,,XCHANGING SOLUTIONS LTD.,64.63,64.85,63.4,64.3,64.3,64.63,,64.16,,,18172,1167831.0,339,F1,1,,,,,
2026-07-22,2026-07-22,CM,BSE,STK,532624,INE796G01012,JINDALPHOT,B,,,,,JINDAL PHOTO LTD.,1085.35,1097.25,1060.0,1062.7,1060.0,1096.0,,1061.4,,,268,289132.0,62,F1,1,,,,,
2026-07-22,2026-07-22,CM,BSE,STK,532626,INE063E01061,POCL,A,,,,,PONDY OXIDES & CHEMICALS LTD.,561.05,561.05,531.7,537.15,541.65,561.35,,537.8,,,51181,27600764.0,1992,F1,1,,,,,
2026-07-22,2026-07-22,CM,BSE,STK,532627,INE351F01018,JPPOWER,A,,,,,JAIPRAKASH POWER VENTURES LIMI,17.73,17.73,17.31,17.38,17.38,17.72,,17.37,,,3431492,59727944.0,3194,F1,1,,,,,
2026-07-22,2026-07-22,CM,BSE,STK,532628,INE748C01038,3IINFOLTD,B,,,,,3I INFOTECH LTD.,19.15,20.1,19.09,19.94,19.96,19.1,,19.97,,,150203,2951412.0,1050,F1,1,,,,,
2026-07-22,2026-07-22,CM,BSE,STK,532630,INE887G01027,GOKEX,A,,,,,GOKALDAS EXPORTS LTD.,820.0,830.5,795.1,797.05,797.95,832.05,,796.35,,,15495,12514004.0,893,F1,1,,,,,
2026-07-22,2026-07-22,CM,BSE,STK,532633,INE835G01018,ALLDIGI,B,,,,,Alldigi Tech Limited,826.15,860.0,823.45,846.0,848.0,823.6,,853.65,,,232,194826.0,36,F1,1,,,,,
2026-07-22,2026-07-22,CM,BSE,STK,532636,INE530B01024,IIFL,A,,,,,IIFL FINANCE LIMITED,571.95,587.6,562.35,570.0,566.55,572.1,,570.35,,,171843,98387469.0,3420,F1,1,,,,,
2026-07-22,2026-07-22,CM,BSE,STK,532637,INE584F01014,MANGALAM,B,,,,,MANGALAM DRUGS & ORGANICS LTD.,28.5,28.5,27.03,27.09,27.09,27.18,,27.22,,,1236,33796.0,9,F1,1,,,,,
2026-07-22,2026-07-22,CM,BSE,STK,532638,INE498B01024,SHOPERSTOP,B,,,,,SHOPPERS STOP LTD.,382.7,385.45,371.5,376.4,376.25,385.3,,375.75,,,3849,1465112.0,425,F1,1,,,,,
2026-07-22,2026-07-22,CM,BSE,STK,532640,INE278G01037,CYBERMEDIA,T,,,,,CYBER MEDIA (INDIA) LTD.,16.68,16.68,15.4,15.98,15.98,15.89,,15.0,,,532,8511.0,7,F1,1,,,,,
2026-07-22,2026-07-22,CM,BSE,STK,532641,INE875G01048,NDL,B,,,,,NANDAN DENIM LIMITED,2.33,2.37,2.33,2.35,2.36,2.37,,2.34,,,55862,130967.0,147,F1,1,,,,,
2026-07-22,2026-07-22,CM,BSE,STK,532642,INE824G01012,JSWHL,A,,,,,JSW HOLDINGS LIMITED,11099.95,11099.95,10836.9,10918.2,10945.0,10992.6,,10915.0,,,392,4277354.0,186,F1,1,,,,,
2026-07-22,2026-07-22,CM,BSE,STK,532644,INE823G01014,JKCEMENT,A,,,,,J.K.CEMENT LTD.,5698.65,5785.0,5585.9,5766.55,5725.0,5655.45,,5762.0,,,3679,21022954.0,699,F1,1,,,,,
2026-07-22,2026-07-22,CM,BSE,STK,532645,INE052B01011,BEEYU,X,,,,,BEEYU OVERSEAS LTD.,2.0,2.35,2.0,2.35,2.35,2.2,,2.35,,,2129,4508.0,10,F1,1,,,,,
2026-07-22,2026-07-22,CM,BSE,STK,532648,INE528G01035,YESBANK,A,,,,,YES BANK LTD.,23.18,23.75,23.1,23.25,23.25,23.13,,23.24,,,4091756,95746526.0,19283,F1,1,,,,,
2026-07-22,2026-07-22,CM,BSE,STK,532649,INE023H01027,NECLIFE,T,,,,,NECTAR LIFESCIENCES LTD.,10.74,10.79,10.31,10.49,10.7,10.75,,10.55,,,25448,267664.0,97,F1,1,,,,,
2026-07-22,2026-07-22,CM,BSE,STK,532650,INE752G01015,MSPL,B,,,,,MSP STEEL & POWER LTD.,37.28,37.28,35.3,35.59,35.3,36.52,,35.49,,,46807,1666579.0,256,F1,1,,,,,
2026-07-22,2026-07-22,CM,BSE,STK,532651,INE978G01016,SPLIL,B,,,,,SPL INDUSTRIES LTD.,32.55,32.75,31.0,31.3,31.3,30.6,,31.9,,,28892,919643.0,68,F1,1,,,,,
2026-07-22,2026-07-22,CM,BSE,STK,532652,INE614B01018,KTKBANK,A,,,,,KARNATAKA BANK LTD.,282.5,284.6,272.5,276.65,276.65,281.3,,276.25,,,163087,45230742.0,2334,F1,1,,,,,
2026-07-22,2026-07-22,CM,BSE,STK,532654,INE942G01012,MCLEODRUSS,T,,,,,MCLEOD RUSSEL INDIA LTD.,55.0,55.0,53.51,53.55,53.95,55.65,,53.65,,,16582,897474.0,58,F1,1,,,,,
2026-07-22,2026-07-22,CM,BSE,STK,532656,INE828G01013,FACORALL,XT,,,,,FACOR ALLOYS LTD.,3.58,3.82,3.58,3.78,3.82,3.64,,3.78,,,191754,724271.0,180,F1,1,,,,,
2026-07-22,2026-07-22,CM,BSE,STK,532660,INE526G01021,VIVIMEDLAB,T,,,,,VIVIMED LABS LTD.,5.29,5.29,5.11,5.14,5.13,5.18,,5.11,,,4450,23090.0,28,F1,1,,,,,
2026-07-22,2026-07-22,CM,BSE,STK,532661,INE050H01012,RML,B,,,,,RANE (MADRAS) LTD.,1192.95,1192.95,1141.0,1144.95,1142.0,1198.85,,1145.0,,,1416,1639902.0,193,F1,1,,,,,
2026-07-22,2026-07-22,CM,BSE,STK,532662,INE501G01024,HTMEDIA,B,,,,,HT MEDIA LIMITED,26.01,26.17,25.52,25.57,25.78,26.25,,25.67,,,15931,409723.0,83,F1,1,,,,,
2026-07-22,2026-07-22,CM,BSE,STK,532663,INE231F01020,SASKEN,B,,,,,Sasken Technologies Limited,1762.05,1946.0,1762.05,1908.55,1904.0,1854.05,,1905.5,,,2919,5565908.0,490,F1,1,,,,,
2026-07-22,2026-07-22,CM,BSE,STK,532666,INE512B01022,FCSSOFT,T,,,,,FCS SOFTWARE SOLUTIONS LTD.,1.62,1.62,1.51,1.54,1.55,1.55,,1.54,,,221783,350362.0,198,F1,1,,,,,
2026-07-22,2026-07-22,CM,BSE,STK,532667,INE040H01021,SUZLON,A,,,,,SUZLON ENERGY LTD.,53.16,53.69,52.33,52.99,52.99,53.17,,53.01,,,4021513,212951984.0,10553,F1,1,,,,,
2026-07-22,2026-07-22,CM,BSE,STK,532668,INE132H01018,AURIONPRO,A,,,,,AURIONPRO SOLUTIONS LTD.,832.85,835.15,824.0,826.95,824.15,836.25,,827.15,,,2856,2366402.0,257,F1,1,,,,,
2026-07-22,2026-07-22,CM,BSE,STK,532670,INE087H01022,RENUKA,A,,,,,SHREE RENUKA SUGARS LTD.,22.2,22.2,22.0,22.03,22.03,22.23,,22.02,,,208383,4594263.0,865,F1,1,,,,,
2026-07-22,2026-07-22,CM,BSE,STK,532673,INE157H01023,KMSUGAR,B,,,,,K.M.SUGAR MILLS LTD.,31.5,31.5,28.01,28.84,28.84,28.9,,28.66,,,14813,423273.0,93,F1,1,,,,,
2026-07-22,2026-07-22,CM,BSE,STK,532674,INE186H01022,BASML,T,,,,,BANNARI AMMAN SPINNING MILLS L,27.61,27.61,26.71,27.0,27.0,27.1,,27.0,,,3510,94524.0,19,F1,1,,,,,
2026-07-22,2026-07-22,CM,BSE,STK,532676,INE160H01019,PBAINFRA,XT,,,,,PBA INFRASTRUCTURE LTD.,12.24,12.74,12.2,12.22,12.22,12.81,,12.22,,,604,7372.0,7,F1,1,,,,,
2026-07-22,2026-07-22,CM,BSE,STK,532683,INE212H01026,AIAENG,A,,,,,AIA ENGINEERING LTD.,4691.05,4691.05,4554.5,4629.35,4631.5,4677.95,,4626.5,,,1754,8096023.0,387,F1,1,,,,,
2026-07-22,2026-07-22,CM,BSE,STK,532684,INE184H01027,EKC,B,,,,,EVEREST KANTO CYLINDER LTD.,112.45,112.7,110.75,111.6,111.55,113.25,,111.74,,,10098,1124977.0,265,F1,1,,,,,
2026-07-22,2026-07-22,CM,BSE,STK,532686,INE202H01019,KERNEX,B,,,,,KERNEX MICROSYSTEMS (INDIA) LT,2149.35,2222.35,2126.65,2199.8,2185.5,2126.65,,2195.8,,,13162,28721612.0,981,F1,1,,,,,
2026-07-22,2026-07-22,CM,BSE,STK,532687,INE461B01014,REPRO,B,,,,,REPRO INDIA LTD.,374.95,374.95,369.2,369.2,369.2,373.0,,370.3,,,40,14883.0,2,F1,1,,,,,
2026-07-22,2026-07-22,CM,BSE,STK,532689,INE191H01014,PVRINOX,A,,,,,PVR INOX LIMITED,1005.9,1005.95,989.6,992.95,992.65,1001.0,,992.65,,,4515,4498597.0,338,F1,1,,,,,
2026-07-22,2026-07-22,CM,BSE,STK,532694,INE855F01042,ASMS,T,,,,,Avio Smart Market Stack Limite,6.93,7.18,6.93,7.12,7.11,7.12,,7.1,,,13413,94848.0,88,F1,1,,,,,
2026-07-22,2026-07-22,CM,BSE,STK,532695,INE185H01016,CELEBRITY,B,,,,,CELEBRITY FASHIONS LTD.,7.49,8.1,7.0,7.15,7.15,7.01,,7.14,,,14774,108813.0,40,F1,1,,,,,
2026-07-22,2026-07-22,CM,BSE,STK,532698,INE229H01012,NITINSPIN,B,,,,,NITIN SPINNERS LTD.,547.05,547.05,529.95,534.55,533.0,550.85,,533.6,,,8517,4570082.0,337,F1,1,,,,,
2026-07-22,2026-07-22,CM,BSE,STK,532699,INE283H01019,ROHLTD,B,,,,,ROYAL ORCHID HOTELS LTD.,317.6,318.75,311.15,313.5,314.0,317.0,,313.8,,,1150,360656.0,83,F1,1,,,,,
2026-07-22,2026-07-22,CM,BSE,STK,532701,INE266H01014,CELLA,Z,,,,,CELLA SPACE LIMITED,25.3,25.3,25.3,25.3,25.3,24.1,,25.3,,,10805,273366.0,30,F1,1,,,,,
2026-07-22,2026-07-22,CM,BSE,STK,532705,INE199G01027,JAGRAN,B,,,,,JAGRAN PRAKASHAN LTD.,63.63,63.63,62.62,62.97,63.05,63.0,,63.03,,,16630,1045875.0,348,F1,1,,,,,
2026-07-22,2026-07-22,CM,BSE,STK,532707,INE256H01015,DYNPRO,B,,,,,DYNEMIC PRODUCTS LTD.,235.7,242.65,235.7,235.75,235.7,235.7,,235.99,,,421,99528.0,55,F1,1,,,,,
2026-07-22,2026-07-22,CM,BSE,STK,532708,INE251H01024,GVKPIL,T,,,,,GVK POWER & INFRASTRUCTURE LTD,2.51,2.55,2.47,2.49,2.48,2.52,,2.48,,,63880,160021.0,124,F1,1,,,,,
2026-07-22,2026-07-22,CM,BSE,STK,532710,INE226H01026,SADBHAV,B,,,,,SADBHAV ENGINEERING LTD.,7.87,8.12,7.69,7.77,7.7,8.0,,7.74,,,22158,172382.0,137,F1,1,,,,,
2026-07-22,2026-07-22,CM,BSE,STK,532712,INE330H01018,RCOM,T,,,,,RELIANCE COMMUNICATIONS LTD.,0.86,0.86,0.84,0.84,0.84,0.85,,0.84,,,298627,254595.0,167,F1,1,,,,,
2026-07-22,2026-07-22,CM,BSE,STK,532713,INE190H01024,SAKUMA,T,,,,,SAKUMA EXPORTS LTD.,1.67,1.71,1.64,1.65,1.65,1.71,,1.64,,,205075,340914.0,259,F1,1,,,,,
2026-07-22,2026-07-22,CM,BSE,STK,532714,INE389H01022,KEC,A,,,,,KEC INTERNATIONAL LTD.,492.4,493.2,478.0,479.6,479.6,490.5,,479.6,,,31837,15345537.0,1071,F1,1,,,,,
2026-07-22,2026-07-22,CM,BSE,STK,532716,INE047B01011,GILLANDERS,B,,,,,GILLANDERS ARBUTHNOT & CO.LTD.,86.85,86.85,85.5,85.5,85.5,86.85,,89.04,,,29,2480.0,2,F1,1,,,,,
2026-07-22,2026-07-22,CM,BSE,STK,532717,INE332H01014,INDOTECH,T,,,,,INDO TECH TRANSFORMERS LTD.,3328.0,3447.0,3316.0,3425.6,3420.0,3449.5,,3413.3,,,514,1722702.0,96,F1,1,,,,,
2026-07-22,2026-07-22,CM,BSE,STK,532719,INE350H01032,BLKASHYAP,B,,,,,B.L.KASHYAP AND SONS LTD.,56.16,56.21,54.75,54.86,54.99,56.48,,54.82,,,20023,1111840.0,174,F1,1,,,,,
2026-07-22,2026-07-22,CM,BSE,STK,532720,INE774D01024,M&MFIN,A,,,,,MAHINDRA & MAHINDRA FINANCIAL,360.0,384.55,360.0,378.35,378.35,350.65,,378.15,,,5022800,1879710098.0,50498,F1,1,,,,,
2026-07-22,2026-07-22,CM,BSE,STK,532721,INE286H01012,VISACHROME,T,,,,,VISA Chrome Limited,41.49,41.49,38.28,38.9,38.9,40.29,,37.96,,,848,32983.0,15,F1,1,,,,,
2026-07-22,2026-07-22,CM,BSE,STK,532722,INE858F01012,NITCO,B,,,,,NITCO LTD.,106.1,106.25,103.8,105.5,104.95,107.05,,105.37,,,28198,2953891.0,299,F1,1,,,,,
2026-07-22,2026-07-22,CM,BSE,STK,532723,INE493H01014,MPDL,X,,,,,MPDL LIMITED,28.66,28.99,28.66,28.99,28.99,29.18,,28.99,,,2,57.0,2,F1,1,,,,,
2026-07-22,2026-07-22,CM,BSE,STK,532725,INE343H01029,SOLARINDS,A,,,,,SOLAR INDUSTRIES INDIA LTD.,19067.1,19160.55,18738.95,18827.75,18827.75,19067.1,,18855.0,,,6563,124206598.0,1582,F1,1,,,,,
2026-07-22,2026-07-22,CM,BSE,STK,532726,INE297H01019,GALLANTT,A,,,,,GALLANTT ISPAT LIMITED,575.15,584.0,563.6,565.35,565.35,593.25,,562.45,,,39229,22286122.0,1588,F1,1,,,,,
2026-07-22,2026-07-22,CM,BSE,STK,532728,INE383H01017,MALUPAPER,B,,,,,MALU PAPER MILLS LTD.,30.35,36.18,30.35,34.73,34.73,30.35,,34.85,,,36458,1243673.0,470,F1,1,,,,,
2026-07-22,2026-07-22,CM,BSE,STK,532729,INE786F01031,UTTAMSUGAR,B,,,,,UTTAM SUGAR MILLS LTD.,238.45,238.45,232.0,232.45,232.05,238.25,,232.98,,,2730,638734.0,109,F1,1,,,,,
2026-07-22,2026-07-22,CM,BSE,STK,532730,INE353H01010,SGL,B,,,,,STL GLOBAL LTD.,9.9,10.0,9.8,9.8,9.8,9.99,,9.99,,,1546,15323.0,9,F1,1,,,,,
2026-07-22,2026-07-22,CM,BSE,STK,532732,INE401H01017,KKCL,B,,,,,KEWAL KIRAN CLOTHING LTD.,507.55,507.55,495.35,499.85,500.9,511.75,,499.9,,,1187,593488.0,103,F1,1,,,,,
2026-07-22,2026-07-22,CM,BSE,STK,532733,INE424H01027,SUNTV,A,,,,,SUN TV NETWORK LTD.,495.0,497.1,489.35,490.0,490.0,494.8,,490.75,,,8727,4297027.0,489,F1,1,,,,,
2026-07-22,2026-07-22,CM,BSE,STK,532734,INE177H01039,GPIL,A,,,,,GODAWARI POWER & ISPAT LTD.,247.85,247.85,241.35,242.5,242.5,246.2,,242.7,,,90666,22138772.0,1302,F1,1,,,,,
2026-07-22,2026-07-22,CM,BSE,STK,532735,INE411H01032,RSYSTEMS,B,,,,,R SYSTEMS INTERNATIONAL LTD.,249.85,249.85,237.0,238.7,237.4,247.95,,239.0,,,13852,3348425.0,445,F1,1,,,,,
2026-07-22,2026-07-22,CM,BSE,STK,532737,INE296H01011,EMKAY,B,,,,,EMKAY GLOBAL FINANCIAL SERVICE,238.6,238.6,234.0,236.35,236.0,239.1,,237.55,,,899,212407.0,59,F1,1,,,,,
2026-07-22,2026-07-22,CM,BSE,STK,532738,INE388G01026,TICL,B,,,,,TwamevConstruction and Infrast,10.69,10.69,9.76,9.76,9.76,10.27,,9.7,,,36677,364288.0,147,F1,1,,,,,
2026-07-22,2026-07-22,CM,BSE,STK,532740,INE397H01017,LOKESHMACH,T,,,,,LOKESH MACHINES LTD.,349.65,349.65,345.0,345.0,345.0,342.8,,345.0,,,2695,940037.0,34,F1,1,,,,,
2026-07-22,2026-07-22,CM,BSE,STK,532741,INE390H01020,KAMDHENU,T,,,,,Kamdhenu Limited,34.0,34.0,33.11,33.95,34.0,33.49,,33.76,,,31882,1075099.0,131,F1,1,,,,,
2026-07-22,2026-07-22,CM,BSE,STK,532742,INE111F01024,PAUSHAKLTD,B,,,,,PAUSHAK LTD.,561.15,561.15,538.25,547.95,547.0,563.65,,546.5,,,3199,1750198.0,338,F1,1,,,,,
2026-07-22,2026-07-22,CM,BSE,STK,532744,INE302H01017,GTNTEX,X,,,,,GTN TEXTILES LTD.,8.14,8.9,8.14,8.89,8.89,8.13,,8.89,,,1240,10798.0,15,F1,1,,,,,
2026-07-22,2026-07-22,CM,BSE,STK,532748,INE367G01038,PFOCUS,B,,,,,PRIME FOCUS LTD.,290.15,291.7,284.9,285.25,285.6,289.45,,285.34,,,35250,10108005.0,836,F1,1,,,,,
2026-07-22,2026-07-22,CM,BSE,STK,532749,INE418H01029,ALLCARGO,B,,,,,ALLCARGO LOGISTICS LTD.,8.14,8.31,8.01,8.07,8.09,8.16,,8.05,,,237599,1927842.0,416,F1,1,,,,,
2026-07-22,2026-07-22,CM,BSE,STK,532754,INE776C01039,GMRAIRPORT,A,,,,,GMR Airports Limited,110.7,112.05,109.5,109.8,109.8,111.5,,109.83,,,6312965,698199514.0,3084,F1,1,,,,,
2026-07-22,2026-07-22,CM,BSE,STK,532755,INE669C01036,TECHM,A,,,,,TECH MAHINDRA LTD.,1576.8,1576.8,1551.5,1561.35,1557.55,1576.0,,1560.6,,,300396,468666633.0,3392,F1,1,,,,,
2026-07-22,2026-07-22,CM,BSE,STK,532756,INE536H01010,CIEINDIA,A,,,,,CIE Automotive India Limited,468.25,474.25,466.6,472.25,472.25,472.3,,472.5,,,9942,4686060.0,441,F1,1,,,,,
2026-07-22,2026-07-22,CM,BSE,STK,532757,INE540H01012,VOLTAMP,A,,,,,VOLTAMP TRANSFORMERS LTD.,9524.1,9555.2,9384.9,9396.65,9405.65,9503.55,,9399.0,,,503,4745668.0,130,F1,1,,,,,
2026-07-22,2026-07-22,CM,BSE,STK,532759,INE285H01022,ATLANTAA,B,,,,,ATLANTAA LIMITED,37.27,37.8,36.52,37.4,37.42,37.15,,36.75,,,1304,48042.0,107,F1,1,,,,,
2026-07-22,2026-07-22,CM,BSE,STK,532761,INE596H01014,HGM,B,,,,,HANDSON GLOBAL MANAGEMENT (HGM,47.0,47.58,47.0,47.58,47.58,47.26,,47.04,,,424,20071.0,7,F1,1,,,,,
2026-07-22,2026-07-22,CM,BSE,STK,532762,INE731H01025,ACE,A,,,,,ACTION CONSTRUCTION EQUIPMENT,1040.9,1048.55,1005.0,1007.55,1009.0,1035.2,,1007.6,,,34777,35717905.0,1730,F1,1,,,,,
2026-07-22,2026-07-22,CM,BSE,STK,532764,INE916G01016,GEECEE,T,,,,,GEECEE VENTURES LIMITED,345.0,369.95,338.35,369.0,369.0,354.95,,344.65,,,356,121493.0,9,F1,1,,,,,
2026-07-22,2026-07-22,CM,BSE,STK,532767,INE336H01023,GAYAPROJ,T,,,,,GAYATRI PROJECTS LTD.,21.66,21.9,20.62,21.26,21.2,21.66,,20.91,,,46246,978398.0,197,F1,1,,,,,
2026-07-22,2026-07-22,CM,BSE,STK,532768,INE737H01014,FIEMIND,B,,,,,FIEM INDUSTRIES LTD.,2349.8,2349.95,2316.3,2342.85,2349.9,2332.45,,2343.6,,,1586,3699638.0,300,F1,1,,,,,
2026-07-22,2026-07-22,CM,BSE,STK,532771,INE544H01014,JHS,B,,,,,JHS SVENDGAARD LABORATORIES LT,7.18,7.53,7.18,7.3,7.23,7.3,,7.25,,,898,6578.0,23,F1,1,,,,,
2026-07-22,2026-07-22,CM,BSE,STK,532772,INE503A01015,DCBBANK,A,,,,,DCB BANK LIMITED,191.65,194.25,186.5,188.7,188.45,190.35,,188.65,,,65710,12489209.0,1015,F1,1,,,,,
2026-07-22,2026-07-22,CM,BSE,STK,532773,INE792H01019,GLOBALVECT,B,,,,,GLOBAL VECTRA HELICORP LTD.,152.6,152.6,148.3,151.75,151.2,152.0,,149.91,,,184,27570.0,37,F1,1,,,,,
2026-07-22,2026-07-22,CM,BSE,STK,532774,INE020G01017,INSPIRISYS,T,,,,,Inspirisys Solutions Limited,100.7,101.6,98.2,101.6,101.6,100.7,,98.64,,,154,15379.0,5,F1,1,,,,,
2026-07-22,2026-07-22,CM,BSE,STK,532775,INE221H01019,GTLINFRA,B,,,,,GTL INFRASTRUCTURE LTD.,1.24,1.27,1.22,1.23,1.23,1.25,,1.23,,,3604900,4456806.0,11695,F1,1,,,,,
2026-07-22,2026-07-22,CM,BSE,STK,532776,INE637H01024,SHIVAMAUTO,T,,,,,SHIVAM AUTOTECH LTD.,17.34,17.34,17.34,17.34,17.34,17.69,,16.88,,,107,1855.0,2,F1,1,,,,,
2026-07-22,2026-07-22,CM,BSE,STK,532777,INE663F01032,NAUKRI,A,,,,,INFO EDGE (INDIA) LTD.,1216.7,1216.7,1184.45,1188.7,1188.0,1206.9,,1189.3,,,103535,123281917.0,5916,F1,1,,,,,
2026-07-22,2026-07-22,CM,BSE,STK,532779,INE813H01021,TORNTPOWER,A,,,,,TORRENT POWER LTD.,1431.5,1446.05,1412.9,1432.3,1432.3,1436.6,,1433.1,,,70476,100844203.0,1364,F1,1,,,,,
2026-07-22,2026-07-22,CM,BSE,STK,532780,INE561H01026,PARSVNATH,T,,,,,PARSVNATH DEVELOPERS LTD.,2.01,2.01,2.01,2.01,2.01,2.05,,2.01,,,46971,94411.0,71,F1,1,,,,,
2026-07-22,2026-07-22,CM,BSE,STK,532782,INE645H01027,SUTLEJTEX,T,,,,,SUTLEJ TEXTILES & INDUSTRIES L,38.0,38.0,38.0,38.0,38.0,38.15,,38.0,,,1,38.0,1,F1,1,,,,,
2026-07-22,2026-07-22,CM,BSE,STK,532783,INE818H01020,LTFOODS,A,,,,,LT FOODS LTD.,379.95,380.3,375.25,378.35,378.0,379.9,,378.65,,,32125,12160755.0,705,F1,1,,,,,
2026-07-22,2026-07-22,CM,BSE,STK,532784,INE671H01015,SOBHA,A,,,,,SOBHA,1462.35,1481.55,1416.8,1423.55,1423.55,1457.75,,1425.9,,,19600,28089763.0,1225,F1,1,,,,,
2026-07-22,2026-07-22,CM,BSE,STK,532785,INE803H01014,RUCHIRA,B,,,,,RUCHIRA PAPERS LTD.,104.45,109.8,102.45,107.45,107.3,104.45,,107.37,,,4492,476952.0,134,F1,1,,,,,
2026-07-22,2026-07-22,CM,BSE,STK,532790,INE483C01032,TANLA,A,,,,,TANLA PLATFORMS LIMITED,565.0,569.0,555.0,560.3,565.8,565.0,,561.55,,,33029,18498901.0,899,F1,1,,,,,
2026-07-22,2026-07-22,CM,BSE,STK,532794,INE966H01019,ZEEMEDIA,B,,,,,ZEE MEDIA CORPORATION LIMITED,8.07,8.07,7.86,7.92,7.92,8.11,,7.9,,,117697,934879.0,450,F1,1,,,,,
2026-07-22,2026-07-22,CM,BSE,STK,532795,INE965H01011,SITINET,Z,,,,,Siti Networks Ltd.,0.49,0.49,0.49,0.49,0.49,0.49,,0.32,,,17442,8546.0,10,F1,1,,,,,
2026-07-22,2026-07-22,CM,BSE,STK,532796,INE872H01027,LUMAXTECH,A,,,,,LUMAX AUTO TECHNOLOGIES LTD.,1462.1,1504.9,1454.5,1474.2,1474.55,1460.75,,1475.3,,,6662,9849176.0,565,F1,1,,,,,
2026-07-22,2026-07-22,CM,BSE,STK,532797,INE718H01014,AUTOIND,T,,,,,AUTOLINE INDUSTRIES LTD.,83.11,85.45,82.81,83.62,83.79,86.7,,83.37,,,9827,820265.0,126,F1,1,,,,,
2026-07-22,2026-07-22,CM,BSE,STK,532798,INE870H01013,NETWORK18,A,,,,,NETWORK18 MEDIA & INVESTMENTS,29.65,29.67,28.68,28.75,28.75,29.55,,28.76,,,112194,3259279.0,862,F1,1,,,,,
2026-07-22,2026-07-22,CM,BSE,STK,532799,INE703H01016,HUBTOWN,A,,,,,HUBTOWN LTD.,205.95,208.0,201.0,201.75,201.0,206.9,,201.76,,,40220,8198995.0,732,F1,1,,,,,
2026-07-22,2026-07-22,CM,BSE,STK,532801,INE627H01017,CTE,B,,,,,CAMBRIDGE TECHNOLOGY ENTERPRIS,31.89,33.0,31.89,32.59,32.59,32.16,,32.39,,,6627,214852.0,37,F1,1,,,,,
2026-07-22,2026-07-22,CM,BSE,STK,532804,INE545H01011,TIIL,B,,,,,TECHNOCRAFT INDUSTRIES (INDIA),2626.05,2626.05,2519.1,2529.7,2575.1,2631.0,,2529.8,,,453,1160550.0,142,F1,1,,,,,
2026-07-22,2026-07-22,CM,BSE,STK,532805,INE891D01026,REDINGTON,A,,,,,Redington Limited,269.95,272.85,264.15,265.95,265.5,269.9,,265.85,,,35198,9366855.0,828,F1,1,,,,,
2026-07-22,2026-07-22,CM,BSE,STK,532806,INE768E01024,AICHAMP,XT,,,,,AI CHAMPDANY INDUSTRIES LTD.,35.39,36.43,35.39,36.43,36.43,34.7,,36.43,,,1441,52210.0,26,F1,1,,,,,
2026-07-22,2026-07-22,CM,BSE,STK,532807,INE704H01022,CINELINE,B,,,,,CINELINE INDIA LIMITED,77.62,78.88,77.0,78.52,78.0,77.7,,78.24,,,865,67560.0,12,F1,1,,,,,
2026-07-22,2026-07-22,CM,BSE,STK,532808,INE940H01022,PGIL,A,,,,,PEARL GLOBAL INDUSTRIES LIMITE,2029.85,2042.25,1963.95,2004.4,2002.6,2044.85,,2004.5,,,5867,11702098.0,637,F1,1,,,,,
2026-07-22,2026-07-22,CM,BSE,STK,532809,INE684F01012,FSL,A,,,,,FIRSTSOURCE SOLUTIONS LTD.,266.05,267.05,261.85,264.15,264.15,266.05,,264.07,,,42083,11112051.0,803,F1,1,,,,,
2026-07-22,2026-07-22,CM,BSE,STK,532810,INE134E01011,PFC,A,,,,,POWER FINANCE CORPORATION LTD.,414.55,414.55,409.25,412.3,412.3,415.0,,412.3,,,113200,46611798.0,2649,F1,1,,,,,
2026-07-22,2026-07-22,CM,BSE,STK,532811,INE758C01029,AHLUCONT,A,,,,,AHLUWALIA CONTRACTS (INDIA) LT,837.7,839.85,820.2,823.65,823.65,844.6,,823.05,,,3552,2934587.0,244,F1,1,,,,,
2026-07-22,2026-07-22,CM,BSE,STK,532814,INE562A01011,INDIANB,A,,,,,INDIAN BANK,850.8,852.05,824.65,827.7,827.7,855.35,,827.55,,,82604,68828120.0,2887,F1,1,,,,,
2026-07-22,2026-07-22,CM,BSE,STK,532815,INE812G01025,SMSPHARMA,B,,,,,SMS PHARMACEUTICALS LTD.,388.1,388.8,378.2,387.75,385.1,387.95,,386.65,,,3698,1422953.0,142,F1,1,,,,,
2026-07-22,2026-07-22,CM,BSE,STK,532817,INE998H01012,ORIENTALTL,B,,,,,ORIENTAL TRIMEX LTD.,5.41,5.49,5.07,5.34,5.35,5.41,,5.32,,,44962,233729.0,112,F1,1,,,,,
2026-07-22,2026-07-22,CM,BSE,STK,532820,INE311H01018,ELAND,X,,,,,E-Land Apparel Limited,12.89,12.98,11.82,12.22,12.21,12.37,,12.22,,,3515,44294.0,29,F1,1,,,,,
2026-07-22,2026-07-22,CM,BSE,STK,532822,INE669E01016,IDEA,A,,,,,VODAFONE IDEA  LIMITED,13.5,13.59,13.27,13.54,13.54,13.5,,13.54,,,21267800,285938364.0,484799,F1,1,,,,,
2026-07-22,2026-07-22,CM,BSE,STK,532825,INE702H01018,JAGJANANI,X,,,,,JAGJANANI TEXTILES LTD.,4.77,4.77,4.56,4.56,4.56,4.09,,4.56,,,3157,14398.0,12,F1,1,,,,,
2026-07-22,2026-07-22,CM,BSE,STK,532826,INE952H01027,RAJTV,B,,,,,RAJ TELEVISION NETWORK LTD.,11.99,11.99,11.8,11.8,11.8,12.0,,12.01,,,18,213.0,3,F1,1,,,,,
2026-07-22,2026-07-22,CM,BSE,STK,532827,INE761H01022,PAGEIND,A,,,,,PAGE INDUSTRIES LTD.,40072.45,40100.0,39650.0,39812.9,39790.45,40098.6,,39820.0,,,169,6732466.0,120,F1,1,,,,,
2026-07-22,2026-07-22,CM,BSE,STK,532828,INE005I01014,AMDIND,B,,,,,AMD INDUSTRIES LTD.,46.4,47.06,45.5,46.57,46.57,45.5,,46.79,,,1818,84671.0,39,F1,1,,,,,
2026-07-22,2026-07-22,CM,BSE,STK,532829,INE976H01018,LEHAR,X,,,,,LEHAR FOOTWEARS LIMITED,251.8,251.8,243.0,248.65,248.9,248.1,,248.65,,,18399,4567640.0,387,F1,1,,,,,
2026-07-22,2026-07-22,CM,BSE,STK,532830,INE006I01046,ASTRAL,A,,,,,ASTRAL LIMITED,1413.2,1442.0,1408.0,1430.05,1424.9,1414.75,,1430.8,,,100280,143042605.0,1799,F1,1,,,,,
2026-07-22,2026-07-22,CM,BSE,STK,532832,INE069I01010,EMBDL,A,,,,,EMBASSY DEVELOPMENTS LIMITED,62.71,63.74,62.2,62.45,62.3,63.51,,62.6,,,73118,4579230.0,619,F1,1,,,,,
2026-07-22,2026-07-22,CM,BSE,STK,532834,INE052I01032,CAMLINFINE,B,,,,,Camlin Fine Sciences Ltd,124.55,124.55,118.6,121.55,121.55,123.95,,121.45,,,52087,6346397.0,657,F1,1,,,,,
2026-07-22,2026-07-22,CM,BSE,STK,532835,INE725G01011,ICRA,B,,,,,ICRA LTD.,5172.0,5173.65,5077.4,5123.45,5115.45,5162.6,,5127.0,,,1533,7854288.0,294,F1,1,,,,,
2026-07-22,2026-07-22,CM,BSE,STK,532839,INE836F01026,DISHTV,T,,,,,DISH TV INDIA LTD.,2.92,2.94,2.89,2.9,2.9,2.93,,2.89,,,114042,331478.0,254,F1,1,,,,,
2026-07-22,2026-07-22,CM,BSE,STK,532841,INE280H01015,SAHYADRI,B,,,,,SAHYADRI INDUSTRIES LTD.,282.6,282.6,278.0,278.0,278.0,285.05,,280.8,,,64,17856.0,3,F1,1,,,,,
2026-07-22,2026-07-22,CM,BSE,STK,532842,INE917H01012,SRHHYPOLTD,B,,,,,SREE RAYALASEEMA HI-STRENGTH H,523.85,523.85,483.35,484.5,483.35,490.45,,484.6,,,383,186375.0,88,F1,1,,,,,
2026-07-22,2026-07-22,CM,BSE,STK,532843,INE061F01013,FORTIS,A,,,,,FORTIS HEALTHCARE LTD.,964.2,970.15,945.6,949.55,952.5,969.25,,949.85,,,16925,16138042.0,1247,F1,1,,,,,
2026-07-22,2026-07-22,CM,BSE,STK,532845,INE797H01018,TGBHOTELS,B,,,,,TGB BANQUETS AND HOTELS LTD.,9.02,10.45,8.9,9.04,9.05,8.94,,9.07,,,102329,1009181.0,342,F1,1,,,,,
2026-07-22,2026-07-22,CM,BSE,STK,532847,INE788H01017,HILTON,T,,,,,HILTON METAL FORGING LTD.,22.06,22.06,21.3,21.53,21.77,22.42,,21.41,,,20147,430827.0,132,F1,1,,,,,
2026-07-22,2026-07-22,CM,BSE,STK,532848,INE124G01033,DELTACORP,B,,,,,DELTA CORP LTD.,63.7,64.1,62.6,62.89,62.9,63.5,,62.87,,,258836,16362439.0,931,F1,1,,,,,
2026-07-22,2026-07-22,CM,BSE,STK,532850,INE287C01037,MICEL,T,,,,,MIC ELECTRONICS LTD.,37.42,37.99,36.5,36.71,36.9,37.7,,36.69,,,29380,1083155.0,363,F1,1,,,,,
2026-07-22,2026-07-22,CM,BSE,STK,532851,INE070I01018,INSECTICID,B,,,,,INSECTICIDES (INDIA) LTD.,622.05,625.25,606.05,621.55,619.4,624.55,,616.7,,,1652,1014675.0,124,F1,1,,,,,
2026-07-22,2026-07-22,CM,BSE,STK,532853,INE228I01012,ASAHISONG,B,,,,,ASAHI SONGWON COLORS LTD.,271.55,306.0,270.0,300.35,303.95,264.85,,299.4,,,5791,1715233.0,381,F1,1,,,,,
2026-07-22,2026-07-22,CM,BSE,STK,532855,INE928H01019,HARYNACAP,X,,,,,HARYANA CAPFIN LTD.,143.8,143.8,143.8,143.8,143.8,136.5,,143.8,,,25,3595.0,1,F1,1,,,,,
2026-07-22,2026-07-22,CM,BSE,STK,532856,INE508G01029,TIMETECHNO,A,,,,,TIME TECHNOPLAST LTD.,207.65,208.2,202.05,202.9,203.0,207.4,,203.09,,,168770,34539756.0,1496,F1,1,,,,,
2026-07-22,2026-07-22,CM,BSE,STK,532859,INE170I01016,HGS,B,,,,,HINDUJA GLOBAL SOLUTIONS LTD.,429.5,429.5,427.3,427.45,427.45,427.8,,427.85,,,117,50058.0,15,F1,1,,,,,
2026-07-22,2026-07-22,CM,BSE,STK,532864,INE189I01024,NELCAST,B,,,,,NELCAST LTD.,139.55,141.0,133.9,134.15,134.15,141.45,,134.17,,,24712,3376447.0,546,F1,1,,,,,
2026-07-22,2026-07-22,CM,BSE,STK,532867,INE945H01021,V2RETAIL,B,,,,,V2 RETAIL LTD.,223.85,225.55,220.55,221.45,221.2,224.95,,221.36,,,36324,8082719.0,609,F1,1,,,,,
2026-07-22,2026-07-22,CM,BSE,STK,532868,INE271C01023,DLF,A,,,,,DLF LTD.,668.9,670.0,648.7,651.2,651.2,673.65,,651.5,,,100093,65610089.0,3151,F1,1,,,,,
2026-07-22,2026-07-22,CM,BSE,STK,532869,INE924H01018,TARMAT,B,,,,,TARMAT LTD.,50.49,50.5,50.4,50.4,50.4,50.5,,50.34,,,8957,452235.0,98,F1,1,,,,,
2026-07-22,2026-07-22,CM,BSE,STK,532872,INE232I01014,SPARC,B,,,,,SUN PHARMA ADVANCED RESEARCH C,224.85,224.85,212.15,213.95,213.95,224.65,,213.96,,,152591,32957286.0,2808,F1,1,,,,,
2026-07-22,2026-07-22,CM,BSE,STK,532873,INE191I01012,HDIL,Z,,,,,HOUSING DEVELOPMENT & INFRASTR,1.66,1.76,1.66,1.68,1.68,1.7,,1.7,,,69547,119660.0,51,F1,1,,,,,
2026-07-22,2026-07-22,CM,BSE,STK,532875,INE102I01027,ADSL,B,,,,,ALLIED DIGITAL SERVICES LTD.,117.6,118.25,116.0,117.1,116.25,118.35,,116.93,,,22397,2621101.0,319,F1,1,,,,,
2026-07-22,2026-07-22,CM,BSE,STK,532878,INE385I01010,ALPA,B,,,,,ALPA LABORATORIES LTD.,67.25,67.59,66.3,66.64,67.32,67.3,,66.62,,,78,5234.0,27,F1,1,,,,,
2026-07-22,2026-07-22,CM,BSE,STK,532880,INE800H01010,OMAXE,B,,,,,OMAXE LTD.,93.75,93.75,88.9,89.35,90.04,92.7,,89.5,,,26476,2373441.0,276,F1,1,,,,,
2026-07-22,2026-07-22,CM,BSE,STK,532884,INE056I01025,REFEX,A,,,,,REFEX INDUSTRIES LTD.,306.0,313.25,302.35,311.65,311.55,306.55,,311.35,,,23981,7401306.0,680,F1,1,,,,,
2026-07-22,2026-07-22,CM,BSE,STK,532885,INE483A01010,CENTRALBK,A,,,,,CENTRAL BANK OF INDIA,31.95,32.03,31.05,31.2,31.26,32.03,,31.18,,,1106445,34755516.0,4230,F1,1,,,,,
2026-07-22,2026-07-22,CM,BSE,STK,532886,INE105I01020,SELMC,B,,,,,SEL MANUFACTURING COMPANY LTD.,25.01,28.8,25.01,28.17,28.8,28.95,,28.35,,,1115,31424.0,26,F1,1,,,,,
2026-07-22,2026-07-22,CM,BSE,STK,532887,INE333I01044,NEUEON,T,,,,,Neueon Corporation Limited,15.18,16.63,15.18,16.56,16.56,15.84,,16.56,,,59670,977205.0,122,F1,1,,,,,
2026-07-22,2026-07-22,CM,BSE,STK,532888,INE022I01019,ASIANTILES,B,,,,,ASIAN GRANITO INDIA LTD.,45.31,45.31,42.5,43.43,43.2,45.08,,43.42,,,90700,3944371.0,662,F1,1,,,,,
2026-07-22,2026-07-22,CM,BSE,STK,532889,INE930H01031,KPRMILL,A,,,,,K.P.R.MILL LIMITED,1101.1,1101.1,1059.0,1064.45,1063.1,1101.1,,1064.8,,,22784,24524577.0,1314,F1,1,,,,,
2026-07-22,2026-07-22,CM,BSE,STK,532890,INE142I01023,TAKE,B,,,,,TAKE SOLUTIONS LTD.,20.74,21.19,20.35,20.76,20.76,20.35,,20.64,,,107454,2222558.0,494,F1,1,,,,,
2026-07-22,2026-07-22,CM,BSE,STK,532891,INE323I01011,PURVA,B,,,,,Puravankara Limited,218.05,218.85,214.0,214.85,215.2,219.1,,215.26,,,6000,1289967.0,252,F1,1,,,,,
2026-07-22,2026-07-22,CM,BSE,STK,532892,INE338I01027,MOTILALOFS,A,,,,,MOTILAL OSWAL FINANCIAL SERVIC,962.7,964.9,930.0,945.35,948.0,964.9,,943.15,,,47205,44492570.0,2621,F1,1,,,,,
2026-07-22,2026-07-22,CM,BSE,STK,532893,INE222F01029,VTMLTD,X,,,,,VTM LTD.,70.79,70.79,63.0,64.06,64.06,68.72,,64.06,,,72968,4734540.0,371,F1,1,,,,,
2026-07-22,2026-07-22,CM,BSE,STK,532894,INE227G01018,INDOWIND,T,,,,,INDOWIND ENERGY LTD.,9.2,9.39,9.07,9.32,9.13,9.39,,9.29,,,19114,176945.0,78,F1,1,,,,,
2026-07-22,2026-07-22,CM,BSE,STK,532895,INE245I01016,NAGREEKCAP,T,,,,,NAGREEKA CAPITAL & INFRASTRUCT,22.41,24.25,22.41,23.35,23.35,23.5,,22.7,,,2732,62962.0,10,F1,1,,,,,
2026-07-22,2026-07-22,CM,BSE,STK,532898,INE752E01010,POWERGRID,A,,,,,POWER GRID CORPORATION OF INDI,285.55,289.8,284.4,289.35,288.3,286.65,,289.3,,,166185,47789903.0,4095,F1,1,,,,,
2026-07-22,2026-07-22,CM,BSE,STK,532899,INE455I01029,KSCL,B,,,,,KAVERI SEED COMPANY LTD.,871.35,871.35,847.15,856.3,856.3,868.3,,855.4,,,3795,3237790.0,289,F1,1,,,,,
2026-07-22,2026-07-22,CM,BSE,STK,532900,INE420C01059,PAISALO,A,,,,,PAISALO DIGITAL LIMITED,72.0,73.4,71.58,73.14,73.14,72.18,,73.23,,,346134,25158546.0,1689,F1,1,,,,,
2026-07-22,2026-07-22,CM,BSE,STK,532902,INE429I01024,CCCL,B,,,,,CONSOLIDATED CONSTRUCTION CONS,16.15,16.4,15.0,16.05,16.0,16.25,,16.01,,,61814,978913.0,93,F1,1,,,,,
2026-07-22,2026-07-22,CM,BSE,STK,532904,INE550H01011,SUPREMEINF,B,,,,,SUPREME INFRASTRUCTURE INDIA L,88.43,92.0,87.32,90.26,88.98,89.91,,89.85,,,57807,5209964.0,759,F1,1,,,,,
2026-07-22,2026-07-22,CM,BSE,STK,532906,INE215I01027,MAANALU,B,,,,,MAAN ALUMINIUM LTD.,116.55,116.55,113.4,114.65,115.05,115.3,,114.84,,,7400,843264.0,180,F1,1,,,,,
2026-07-22,2026-07-22,CM,BSE,STK,532907,INE369I01014,IL&FSENGG,Z,,,,,IL&FS ENGINEERING AND CONSTRUC,28.0,29.4,28.0,29.4,29.4,28.0,,28.93,,,12351,362895.0,27,F1,1,,,,,
2026-07-22,2026-07-22,CM,BSE,STK,532911,INE272G01014,PARLEIND,XT,,,,,PARLE INDUSTRIES LIMITED,7.64,7.64,7.64,7.64,7.64,7.79,,7.64,,,81940,626021.0,121,F1,1,,,,,
2026-07-22,2026-07-22,CM,BSE,STK,532915,INE621H01010,RELIGARE,A,,,,,RELIGARE ENTERPRISES LTD.,254.95,263.45,251.4,261.6,261.6,256.7,,261.7,,,21463,5542685.0,478,F1,1,,,,,
2026-07-22,2026-07-22,CM,BSE,STK,532916,INE139I01011,BVCL,B,,,,,BARAK VALLEY CEMENTS LTD.,41.94,41.94,41.0,41.0,41.0,42.39,,41.31,,,627,25786.0,12,F1,1,,,,,
2026-07-22,2026-07-22,CM,BSE,STK,532918,INE575I01016,RATHIBAR,X,,,,,RATHI BARS LTD.,19.85,20.0,19.5,19.93,19.98,19.84,,19.93,,,4337,85981.0,46,F1,1,,,,,
2026-07-22,2026-07-22,CM,BSE,STK,532921,INE742F01042,ADANIPORTS,A,,,,,ADANI PORTS AND SPECIAL ECONOM,1841.0,1847.0,1812.05,1819.35,1819.35,1844.55,,1819.4,,,49539,90623586.0,3713,F1,1,,,,,
2026-07-22,2026-07-22,CM,BSE,STK,532922,INE532F01054,EDELWEISS,A,,,,,EDELWEISS FINANCIAL SERVICES L,121.6,121.6,117.0,117.65,117.45,120.65,,117.56,,,85668,10110908.0,1042,F1,1,,,,,
2026-07-22,2026-07-22,CM,BSE,STK,532923,INE722H01024,RGL,B,,,,,RENAISSANCE GLOBAL LIMITED,118.85,121.45,118.85,120.0,120.05,119.75,,120.12,,,8359,1004264.0,173,F1,1,,,,,
2026-07-22,2026-07-22,CM,BSE,STK,532924,INE094I01018,KOLTEPATIL,B,,,,,KOLTE-PATIL DEVELOPERS LTD.,384.95,388.15,378.0,385.45,385.4,381.1,,386.05,,,3512,1349842.0,135,F1,1,,,,,
2026-07-22,2026-07-22,CM,BSE,STK,532925,INE234I01028,KAUSHALYA,T,,,,,KAUSHALYA INFRASTRUCTURE DEVEL,893.0,914.8,893.0,903.0,903.0,918.0,,897.0,,,43,38659.0,6,F1,1,,,,,
2026-07-22,2026-07-22,CM,BSE,STK,532926,INE668F01031,JYOTHYLAB,A,,,,,JYOTHY LABS LIMITED,201.55,201.6,199.3,200.75,201.0,200.45,,200.67,,,35544,7115811.0,1529,F1,1,,,,,
2026-07-22,2026-07-22,CM,BSE,STK,532927,INE738I01010,ECLERX,A,,,,,ECLERX SERVICES LTD.,1931.4,1971.2,1864.05,1948.6,1948.6,1925.85,,1947.0,,,34831,66476529.0,2391,F1,1,,,,,
2026-07-22,2026-07-22,CM,BSE,STK,532928,INE763I01026,TARIL,A,,,,,TRANSFORMERS AND RECTIFIERS (I,317.35,324.15,305.0,308.5,307.75,316.35,,307.25,,,328527,103528674.0,4038,F1,1,,,,,
2026-07-22,2026-07-22,CM,BSE,STK,532929,INE791I01019,BRIGADE,A,,,,,BRIGADE ENTERPRISES LTD.,567.4,567.4,542.5,545.8,545.35,567.85,,545.2,,,16720,9224601.0,664,F1,1,,,,,
2026-07-22,2026-07-22,CM,BSE,STK,532930,INE661I01014,BGRENERGY,T,,,,,BGR ENERGY SYSTEMS LTD.,285.3,285.3,273.0,283.2,284.0,285.1,,284.3,,,6324,1773282.0,112,F1,1,,,,,
2026-07-22,2026-07-22,CM,BSE,STK,532932,INE015D01022,MANAKSIA,B,,,,,MANAKSIA LTD.,57.15,58.16,57.0,57.01,57.01,57.07,,56.99,,,757,43385.0,13,F1,1,,,,,
2026-07-22,2026-07-22,CM,BSE,STK,532933,INE386I01018,PORWAL,X,,,,,PORWAL AUTO COMPONENTS LTD.,53.99,54.9,53.99,54.38,54.38,53.92,,54.38,,,2136,116062.0,23,F1,1,,,,,
2026-07-22,2026-07-22,CM,BSE,STK,532934,INE095I01015,PPAP,T,,,,,PPAP,313.95,313.95,290.0,292.35,292.9,301.1,,290.57,,,2636,783332.0,83,F1,1,,,,,
2026-07-22,2026-07-22,CM,BSE,STK,532935,INE298I01015,ARIES,B,,,,,ARIES AGRO LTD.,340.0,344.35,339.15,339.6,339.2,342.1,,340.0,,,579,197355.0,47,F1,1,,,,,
2026-07-22,2026-07-22,CM,BSE,STK,532937,INE529I01021,KUANTUM,B,,,,,KUANTUM PAPERS LTD.,77.4,81.0,73.51,77.42,78.33,75.77,,78.21,,,15735,1198584.0,430,F1,1,,,,,
2026-07-22,2026-07-22,CM,BSE,STK,532939,INE614G01033,RPOWER,A,,,,,RELIANCE POWER LTD.,24.3,24.48,24.06,24.17,24.17,24.33,,24.17,,,1719930,41621479.0,4373,F1,1,,,,,
2026-07-22,2026-07-22,CM,BSE,STK,532940,INE576I01022,JKIL,B,,,,,J.KUMAR INFRAPROJECTS LTD.,492.5,492.5,485.0,485.75,485.65,494.15,,485.9,,,884,431502.0,69,F1,1,,,,,
2026-07-22,2026-07-22,CM,BSE,STK,532941,INE792I01017,CORDSCABLE,T,,,,,CORDS CABLE INDUSTRIES LTD.,205.1,212.0,204.75,210.5,210.5,210.6,,207.54,,,3519,739323.0,47,F1,1,,,,,
2026-07-22,2026-07-22,CM,BSE,STK,532942,INE634I01029,KNRCON,A,,,,,KNR CONSTRUCTIONS LTD.,124.35,124.35,121.2,121.6,122.15,123.9,,121.59,,,24122,2950253.0,406,F1,1,,,,,
2026-07-22,2026-07-22,CM,BSE,STK,532944,INE809I01019,ONMOBILE,T,,,,,ONMOBILE,60.93,61.48,59.5,60.31,60.31,61.48,,60.48,,,7103,428446.0,94,F1,1,,,,,
2026-07-22,2026-07-22,CM,BSE,STK,532945,INE964H01014,SEPC,B,,,,,SEPC LIMITED,6.1,6.14,5.99,6.03,6.03,6.13,,6.01,,,605824,3652179.0,670,F1,1,,,,,
2026-07-22,2026-07-22,CM,BSE,STK,532946,INE863I01016,BANG,B,,,,,BANG OVERSEAS LTD.,29.2,29.2,28.4,28.42,28.84,28.8,,28.54,,,351,10006.0,52,F1,1,,,,,
2026-07-22,2026-07-22,CM,BSE,STK,532947,INE821I01022,IRB,A,,,,,IRB INFRASTRUCTURE DEVELOPERS,19.93,19.97,19.81,19.85,19.84,19.97,,19.85,,,661702,13136855.0,2661,F1,1,,,,,
2026-07-22,2026-07-22,CM,BSE,STK,532951,INE871H01011,GSS,B,,,,,GSS INFOTECH LTD.,12.4,12.5,12.1,12.37,12.37,12.53,,12.17,,,1330,16201.0,10,F1,1,,,,,
2026-07-22,2026-07-22,CM,BSE,STK,532952,INE049I01012,NAHARCAP,B,,,,,NAHAR CAPITAL & FINANCIAL SERV,247.5,253.0,247.5,248.1,248.1,252.45,,251.54,,,128,31833.0,6,F1,1,,,,,
2026-07-22,2026-07-22,CM,BSE,STK,532953,INE951I01027,VGUARD,A,,,,,V-GUARD INDUSTRIES LTD.,303.5,303.5,294.5,295.25,295.9,300.6,,294.9,,,5650,1676986.0,337,F1,1,,,,,
2026-07-22,2026-07-22,CM,BSE,STK,532955,INE020B01018,RECLTD,A,,,,,REC LIMITED,361.5,361.95,357.5,360.6,360.6,362.0,,360.65,,,201783,72625954.0,3563,F1,1,,,,,
2026-07-22,2026-07-22,CM,BSE,STK,532966,INE615H01020,TITAGARH,A,,,,,TITAGARH RAIL SYSTEMS LIMITED,837.35,842.65,817.0,820.25,820.25,844.2,,819.75,,,47158,38966317.0,2330,F1,1,,,,,
2026-07-22,2026-07-22,CM,BSE,STK,532967,INE415I01015,KIRIINDUS,A,,,,,KIRI INDUSTRIES LTD.,409.0,409.0,399.7,402.2,402.0,407.65,,402.0,,,11427,4598703.0,275,F1,1,,,,,
2026-07-22,2026-07-22,CM,BSE,STK,532974,INE865C01022,BIRLAMONEY,B,,,,,ADITYA BIRLA MONEY LTD.,134.65,135.0,132.0,134.0,134.0,134.15,,134.81,,,3907,520867.0,289,F1,1,,,,,
2026-07-22,2026-07-22,CM,BSE,STK,532975,INE778I01024,TELOGICA,XT,,,,,TELOGICA LIMITED,10.3,10.3,9.51,10.13,10.13,9.94,,10.13,,,20673,207592.0,31,F1,1,,,,,
2026-07-22,2026-07-22,CM,BSE,STK,532976,INE091G01026,JAIBALAJI,T,,,,,JAI BALAJI INDUSTRIES LTD.,62.8,63.17,60.8,61.16,61.16,62.91,,61.45,,,159235,9729153.0,297,F1,1,,,,,
2026-07-22,2026-07-22,CM,BSE,STK,532977,INE917I01010,BAJAJ-AUTO,A,,,,,BAJAJ AUTO LTD.,10570.75,11025.0,10570.75,10999.3,10999.3,10408.1,,10998.5,,,100236,1085738735.0,20322,F1,1,,,,,
2026-07-22,2026-07-22,CM,BSE,STK,532978,INE918I01026,BAJAJFINSV,A,,,,,BAJAJ FINSERV LTD.,1904.6,1904.6,1871.05,1877.45,1883.4,1900.4,,1876.5,,,59473,111867239.0,3654,F1,1,,,,,
2026-07-22,2026-07-22,CM,BSE,STK,532980,INE020J01029,GOKUL,B,,,,,GOKUL REFOILS & SOLVENT LTD.,39.51,40.15,38.89,39.0,38.89,39.5,,38.94,,,22313,878284.0,132,F1,1,,,,,
2026-07-22,2026-07-22,CM,BSE,STK,532983,INE105J01010,RPGLIFE,B,,,,,RPG LIFE SCIENCES LTD.,3009.55,3043.95,2924.75,3005.5,3002.65,2966.6,,3004.9,,,5491,16413746.0,548,F1,1,,,,,
2026-07-22,2026-07-22,CM,BSE,STK,532985,INF174KA1JD7,SENSEX1,A,,,,,KOTAK MAHINDRA MUTUAL FUND,84.22,85.78,83.88,84.33,84.36,85.08,,84.33,,,3799,319895.0,72,F1,1,,,,,
2026-07-22,2026-07-22,CM,BSE,STK,532986,INE368I01016,NIRAJ,T,,,,,NIRAJ CEMENT STRUCTURALS LTD.,28.71,30.73,28.52,28.9,28.9,29.31,,28.98,,,7947,233213.0,24,F1,1,,,,,
2026-07-22,2026-07-22,CM,BSE,STK,532989,INE878I01022,BAFNAPH,T,,,,,BAFNA PHARMACEUTICALS LTD.,237.65,237.65,237.65,237.65,237.65,233.0,,237.95,,,156,37073.0,4,F1,1,,,,,
2026-07-22,2026-07-22,CM,BSE,STK,532992,INE790D01020,CHLLTD,X,,,,,CHL LTD.,26.66,26.66,26.66,26.66,26.66,26.88,,26.66,,,126,3359.0,5,F1,1,,,,,
2026-07-22,2026-07-22,CM,BSE,STK,532993,INE955I01044,SEJALLTD,T,,,,,SEJAL GLASS LIMITED,710.05,750.0,710.05,737.85,745.0,743.0,,737.2,,,504,373314.0,22,F1,1,,,,,
2026-07-22,2026-07-22,CM,BSE,STK,532994,INE877I01016,ARCHIDPLY,B,,,,,ARCHIDPLY INDUSTRIES LTD.,80.38,80.38,79.0,80.28,79.0,79.99,,79.19,,,582,46535.0,25,F1,1,,,,,
2026-07-22,2026-07-22,CM,BSE,STK,532998,INE947I01017,LOTUSEYE,B,,,,,Lotus Eye Hospital And Institu,121.25,121.75,118.9,120.1,119.9,120.5,,119.28,,,5578,672903.0,157,F1,1,,,,,
2026-07-22,2026-07-22,CM,BSE,STK,533001,INE323J01019,SOMICONVEY,B,,,,,SOMI CONVEYOR BELTINGS LTD.,99.85,101.4,98.1,98.7,98.55,98.9,,98.78,,,11053,1102330.0,110,F1,1,,,,,
2026-07-22,2026-07-22,CM,BSE,STK,533006,INE655I01032,BIRLACOT,XT,,,,,BIRLA COTSYN (INDIA) LTD.,27.16,27.16,27.16,27.16,27.16,25.87,,27.16,,,46546,1264189.0,143,F1,1,,,,,
2026-07-22,2026-07-22,CM,BSE,STK,533007,INE201J01017,LGBFORGE,XT,,,,,LGB FORGE LTD.,5.94,5.94,5.53,5.7,5.7,5.82,,5.7,,,77145,440325.0,133,F1,1,,,,,
2026-07-22,2026-07-22,CM,BSE,STK,533012,INE197J01017,LPDC,B,,,,,LANDMARK PROPERTY DEVELOPMENT,6.4,6.4,6.11,6.29,6.29,6.48,,6.19,,,1264,7738.0,11,F1,1,,,,,
2026-07-22,2026-07-22,CM,BSE,STK,533014,INE176J01011,SICAGEN,B,,,,,SICAGEN INDIA LTD.,51.37,51.61,50.53,51.25,50.53,50.55,,51.2,,,1349,68695.0,26,F1,1,,,,,
2026-07-22,2026-07-22,CM,BSE,STK,533018,INE457H01027,SIMPLXMIL,X,,,,,SIMPLEX MILLS COMPANY LTD.,4395.0,4395.0,4395.0,4395.0,4395.0,4395.0,,4395.0,,,5,21975.0,1,F1,1,,,,,
2026-07-22,2026-07-22,CM,BSE,STK,533022,INE144J01027,20MICRONS,B,,,,,20 MICRONS LTD.,209.3,211.85,206.65,211.15,211.0,210.7,,211.15,,,6624,1387646.0,193,F1,1,,,,,
2026-07-22,2026-07-22,CM,BSE,STK,533023,INE342J01019,ZFCVINDIA,A,,,,,ZF Commercial Vehicle Control,2419.95,2425.0,2359.45,2365.55,2361.6,2402.1,,2367.1,,,7488,17876973.0,703,F1,1,,,,,
2026-07-22,2026-07-22,CM,BSE,STK,533029,INE773I01017,ALKALI,T,,,,,ALKALI METALS LTD.,84.99,84.99,77.92,77.93,77.93,81.7,,78.33,,,256,20574.0,24,F1,1,,,,,
2026-07-22,2026-07-22,CM,BSE,STK,533033,INE858B01029,ISGEC,B,,,,,ISGEC HEAVY ENGINEERING LTD.,878.6,881.4,869.0,875.7,873.3,879.15,,873.6,,,1599,1395380.0,142,F1,1,,,,,
2026-07-22,2026-07-22,CM,BSE,STK,533047,INE919H01018,IMFA,A,,,,,INDIAN METALS & FERRO ALLOYS L,1372.0,1408.8,1354.7,1371.25,1367.8,1374.45,,1370.0,,,3928,5420523.0,340,F1,1,,,,,
2026-07-22,2026-07-22,CM,BSE,STK,533048,INE065J01024,TPHQ,B,,,,,Teamo Productions HQ Limited,0.42,0.43,0.4,0.41,0.42,0.43,,0.41,,,442632,184145.0,178,F1,1,,,,,
2026-07-22,2026-07-22,CM,BSE,STK,533056,INE359B01010,VEDAVAAG,X,,,,,VEDAVAAG SYSTEMS LTD.,20.44,20.44,19.35,19.99,20.0,19.96,,19.99,,,12145,242104.0,118,F1,1,,,,,
2026-07-22,2026-07-22,CM,BSE,STK,533080,INE893J01029,MOLDTKPAC,B,,,,,MOLD-TEK PACKAGING LIMITED,693.55,721.45,691.75,705.3,704.0,700.55,,705.0,,,6572,4605606.0,281,F1,1,,,,,
2026-07-22,2026-07-22,CM,BSE,STK,533088,INE998I01010,MHRIL,B,,,,,MAHINDRA HOLIDAYS & RESORTS IN,230.5,230.5,208.8,211.75,214.35,227.9,,211.7,,,39186,8429575.0,1139,F1,1,,,,,
2026-07-22,2026-07-22,CM,BSE,STK,533090,INE688J01023,LANDSMILL,B,,,,,Landsmill Green Limited,0.76,0.78,0.76,0.77,0.77,0.77,,0.76,,,412606,315793.0,192,F1,1,,,,,
2026-07-22,2026-07-22,CM,BSE,STK,533095,INE083K01017,BENGALASM,B,,,,,BENGAL & ASSAM COMPANY LTD.,6211.1,6299.8,6200.5,6200.5,6200.5,6221.25,,6202.5,,,142,881263.0,17,F1,1,,,,,
2026-07-22,2026-07-22,CM,BSE,STK,533096,INE814H01029,ADANIPOWER,A,,,,,ADANI POWER LTD.,220.7,221.6,212.0,216.95,216.95,220.3,,216.95,,,2674504,583209148.0,16835,F1,1,,,,,
2026-07-22,2026-07-22,CM,BSE,STK,533098,INE848E01016,NHPC,A,,,,,NHPC LTD.,79.89,80.62,79.69,80.3,80.3,80.36,,80.28,,,696153,55772042.0,5046,F1,1,,,,,
2026-07-22,2026-07-22,CM,BSE,STK,533100,INE429K01012,PEIL,X,,,,,PREMIER ENERGY AND INFRASTRUCT,6.0,6.36,6.0,6.32,6.33,6.11,,6.32,,,5981,37509.0,39,F1,1,,,,,
2026-07-22,2026-07-22,CM,BSE,STK,533101,INE360J01011,SURYAAMBA,X,,,,,SURYAAMBA SPINNING MILLS LTD.,118.6,118.6,115.1,115.2,115.2,121.0,,115.2,,,15,1733.0,5,F1,1,,,,,
2026-07-22,2026-07-22,CM,BSE,STK,533104,INE615I01010,GLOBUSSPR,B,,,,,GLOBUS SPIRITS LTD.,901.0,901.0,873.55,879.75,882.9,900.0,,878.9,,,9003,7945234.0,591,F1,1,,,,,
2026-07-22,2026-07-22,CM,BSE,STK,533106,INE274J01014,OIL,A,,,,,OIL INDIA LTD.,449.65,453.0,446.35,450.55,450.4,445.1,,451.1,,,286834,129000743.0,5629,F1,1,,,,,
2026-07-22,2026-07-22,CM,BSE,STK,533107,INE542F01020,SWANDEF,T,,,,,SWAN DEFENCE AND HEAVY INDUSTR,2290.0,2409.0,2290.0,2399.55,2399.55,2342.75,,2399.6,,,1687,3996811.0,172,F1,1,,,,,
2026-07-22,2026-07-22,CM,BSE,STK,533108,INE274K01012,BTTL,T,,,,,BHILWARA TECHNICAL TEXTILES LT,47.51,49.88,47.05,49.88,49.88,47.51,,49.84,,,2490,123398.0,22,F1,1,,,,,
2026-07-22,2026-07-22,CM,BSE,STK,533110,INE318K01025,SPSL,X,,,,,SHREE PRECOATED STEELS LTD.,15.35,15.35,14.6,14.61,14.61,15.35,,14.61,,,161,2389.0,12,F1,1,,,,,
2026-07-22,2026-07-22,CM,BSE,STK,533121,INE201K01015,EXPLEOSOL,B,,,,,EXPLEO SOLUTIONS LIMITED,806.7,810.0,797.25,804.55,810.0,810.9,,801.2,,,1041,833619.0,89,F1,1,,,,,
2026-07-22,2026-07-22,CM,BSE,STK,533122,INE399K01017,RTNPOWER,A,,,,,RATTANINDIA POWER LTD.,8.83,8.85,8.6,8.63,8.63,8.85,,8.62,,,845738,7347335.0,1708,F1,1,,,,,
2026-07-22,2026-07-22,CM,BSE,STK,533137,INE947J01015,DEN,B,,,,,DEN NETWORKS LTD,27.37,27.89,26.81,27.4,27.27,27.13,,27.4,,,31571,865377.0,213,F1,1,,,,,
2026-07-22,2026-07-22,CM,BSE,STK,533138,INE563J01010,ASTEC,B,,,,,ASTEC LIFESCIENCES LIMITED,671.3,675.35,667.0,672.65,673.3,675.55,,672.75,,,251,168076.0,28,F1,1,,,,,
2026-07-22,2026-07-22,CM,BSE,STK,533146,INE250K01012,DLINKINDIA,B,,,,,D-LINK (INDIA) LTD,447.85,452.5,442.5,447.0,447.0,453.05,,447.9,,,5482,2445689.0,250,F1,1,,,,,
2026-07-22,2026-07-22,CM,BSE,STK,533148,INE121E01018,JSWENERGY,A,,,,,JSW ENERGY LTD,568.4,572.6,554.3,561.75,561.85,565.85,,561.7,,,148414,83702455.0,3737,F1,1,,,,,
2026-07-22,2026-07-22,CM,BSE,STK,533149,INE143K01019,YUNIKM,X,,,,,Yunik Managing Advisors Limite,6.05,6.05,5.45,5.45,5.45,5.88,,5.45,,,26727,147820.0,44,F1,1,,,,,
2026-07-22,2026-07-22,CM,BSE,STK,533150,INE484J01027,GODREJPROP,A,,,,,GODREJ PROPERTIES LTD,2173.65,2174.95,2076.05,2080.6,2083.0,2164.25,,2081.1,,,162215,342138695.0,3265,F1,1,,,,,
2026-07-22,2026-07-22,CM,BSE,STK,533151,INE950I01011,DBCORP,B,,,,,D B CORP LTD,218.1,218.1,212.0,214.1,214.1,216.9,,214.26,,,24008,5156256.0,419,F1,1,,,,,
2026-07-22,2026-07-22,CM,BSE,STK,533152,INE912H01013,MBLINFRA,T,,,,,MBL Infrastructure Ltd,24.62,26.17,24.62,25.29,25.3,25.02,,24.88,,,575,14329.0,18,F1,1,,,,,
2026-07-22,2026-07-22,CM,BSE,STK,533155,INE797F01020,JUBLFOOD,A,,,,,JUBILANT FOODWORKS LTD,425.0,425.0,415.65,416.75,416.75,425.2,,417.2,,,22583,9456369.0,688,F1,1,,,,,
2026-07-22,2026-07-22,CM,BSE,STK,533156,INE893I01013,VASCONEQ,T,,,,,VASCON ENGINEERS LTD,32.25,33.47,31.51,32.34,32.34,32.99,,32.52,,,35467,1141559.0,158,F1,1,,,,,
2026-07-22,2026-07-22,CM,BSE,STK,533158,INE085J01014,THANGAMAYL,A,,,,,THANGAMAYIL JEWELLERY LTD,6546.45,6549.95,6359.2,6471.75,6471.75,6450.05,,6476.0,,,4896,31647647.0,890,F1,1,,,,,
2026-07-22,2026-07-22,CM,BSE,STK,533160,INE879I01012,DBREALTY,T,,,,,VALOR ESTATE LIMITED,116.6,116.7,112.05,114.85,115.8,115.3,,114.28,,,17674,2024535.0,217,F1,1,,,,,
2026-07-22,2026-07-22,CM,BSE,STK,533161,INE753K01015,EMMBI,T,,,,,EMMBI INDUSTRIES LTD,88.01,88.01,87.76,88.01,88.01,92.37,,87.1,,,699,61512.0,18,F1,1,,,,,
2026-07-22,2026-07-22,CM,BSE,STK,533162,INE982F01036,HATHWAY,B,,,,,HATHWAY CABLE & DATACOM LTD,10.97,11.05,10.81,10.83,10.85,11.04,,10.82,,,130774,1420396.0,429,F1,1,,,,,
2026-07-22,2026-07-22,CM,BSE,STK,533164,INE141K01013,TEXMOPIPES,B,,,,,TEXMO PIPES & PRODUCTS LTD.,43.1,43.77,42.75,42.91,42.9,44.1,,42.96,,,948,40692.0,62,F1,1,,,,,
2026-07-22,2026-07-22,CM,BSE,STK,533166,INE108E01023,SUNDARAM,B,,,,,SUNDARAM MULTI PAP LTD.,1.28,1.29,1.25,1.26,1.26,1.28,,1.26,,,135002,171819.0,86,F1,1,,,,,
2026-07-22,2026-07-22,CM,BSE,STK,533167,INE312J01012,COROENGG,X,,,,,COROMANDEL ENGINEERING COMPANY,54.0,54.0,51.3,52.39,52.39,52.14,,52.39,,,445,23143.0,18,F1,1,,,,,
2026-07-22,2026-07-22,CM,BSE,STK,533168,INE847C01020,ROSSELLIND,B,,,,,ROSSELL INDIA LTD.,62.78,62.78,57.32,58.97,60.5,61.59,,58.8,,,2002,118734.0,64,F1,1,,,,,
2026-07-22,2026-07-22,CM,BSE,STK,533169,INE949H01023,MANINFRA,B,,,,,MAN INFRACONSTRUCTION LTD.,99.1,100.25,97.55,98.1,98.1,99.65,,98.52,,,104012,10300836.0,524,F1,1,,,,,
2026-07-22,2026-07-22,CM,BSE,STK,533170,INE864J01012,TAMBOLIIN,T,,,,,TAMBOLI INDUSTRIES LIMITED,225.0,227.0,225.0,227.0,227.0,217.0,,220.21,,,50,11300.0,2,F1,1,,,,,
2026-07-22,2026-07-22,CM,BSE,STK,533172,INF205KA1BP1,IVZINGOLD,E,,,,,INVESCO India Gold Exchange Tr,121.93,126.14,121.93,125.73,125.7,123.67,,125.6,,,2075,256993.0,40,F1,1,,,,,
2026-07-22,2026-07-22,CM,BSE,STK,533177,INE975G01012,IL&FSTRANS,Z,,,,,IL&FS TRANSPORTATION NETWORKS,2.17,2.17,2.09,2.12,2.12,2.19,,2.08,,,2686,5614.0,18,F1,1,,,,,
2026-07-22,2026-07-22,CM,BSE,STK,533179,INE262H01021,PERSISTENT,A,,,,,PERSISTENT SYSTEMS LTD.,5215.5,5215.5,5070.0,5096.5,5082.0,5216.05,,5098.8,,,12533,64231234.0,2229,F1,1,,,,,
2026-07-22,2026-07-22,CM,BSE,STK,533181,INE566K01011,ISFT,B,,,,,INTRASOFT TECHNOLOGIES LTD.,72.43,74.64,72.07,73.57,73.57,72.79,,72.16,,,219,15868.0,40,F1,1,,,,,
2026-07-22,2026-07-22,CM,BSE,STK,533192,INE790B01024,KCPSUGIND,B,,,,,KCP SUGAR & INDUSTRIES CORPORA,25.94,26.25,24.34,24.99,24.99,25.83,,25.06,,,107855,2706339.0,466,F1,1,,,,,
2026-07-22,2026-07-22,CM,BSE,STK,533193,INE134B01017,KECL,T,,,,,KIRLOSKAR ELECTRIC COMPANY LTD,129.0,131.6,125.0,127.7,129.0,127.1,,127.17,,,7540,972458.0,107,F1,1,,,,,
2026-07-22,2026-07-22,CM,BSE,STK,533202,INE639K01016,SATCH,XT,,,,,SATCHMO HOLDINGS LIMITED,5.82,5.83,5.6,5.83,5.83,5.56,,5.83,,,177022,1030100.0,131,F1,1,,,,,
2026-07-22,2026-07-22,CM,BSE,STK,533203,INE747K01017,TARAPUR,B,,,,,TARAPUR TRANSFORMERS LTD,18.81,18.81,17.51,17.52,17.51,17.93,,17.56,,,8416,153725.0,55,F1,1,,,,,
2026-07-22,2026-07-22,CM,BSE,STK,533206,INE002L01015,SJVN,A,,,,,SJVN LTD,68.7,69.25,67.61,68.62,68.62,68.66,,68.66,,,265925,18116295.0,3228,F1,1,,,,,
2026-07-22,2026-07-22,CM,BSE,STK,533208,INE830C01026,EMAMIPAP,B,,,,,EMAMI PAPER MILLS LTD.,99.8,118.46,96.1,118.46,118.46,98.72,,118.62,,,55963,6377604.0,692,F1,1,,,,,
2026-07-22,2026-07-22,CM,BSE,STK,533210,INE798K01010,KRITINUT,T,,,,,KRITI NUTRIENTS LTD,79.99,79.99,74.2,78.79,78.9,76.96,,77.39,,,372,29237.0,7,F1,1,,,,,
2026-07-22,2026-07-22,CM,BSE,STK,533212,INE265D01015,GKB,X,,,,,GKB OPHTHALMICS LTD.,58.0,58.0,57.45,57.51,57.51,59.63,,57.51,,,103,5945.0,3,F1,1,,,,,
2026-07-22,2026-07-22,CM,BSE,STK,533217,INE871K01015,HMVL,B,,,,,HINDUSTAN MEDIA VENTURES LTD.,89.5,93.12,86.96,90.52,86.96,91.25,,91.38,,,2709,244894.0,100,F1,1,,,,,
2026-07-22,2026-07-22,CM,BSE,STK,533218,INE778K01012,EMAMIREAL,T,,,,,EMAMI REALTY LIMITED,76.25,82.26,76.25,79.05,79.05,78.35,,78.78,,,1094,89181.0,16,F1,1,,,,,
2026-07-22,2026-07-22,CM,BSE,STK,533229,INE933K01021,BAJAJCON,A,,,,,BAJAJ CONSUMER CARE LIMITED,524.4,535.95,517.65,529.7,529.5,525.4,,529.6,,,39302,20698383.0,1114,F1,1,,,,,
2026-07-22,2026-07-22,CM,BSE,STK,533230,INF179KC1981,HDFCGOLD,E,,,,,HDFC MUTUAL FUND - HDFC GOLD E,124.7,124.99,120.65,123.01,123.07,121.66,,123.04,,,91696,11277276.0,907,F1,1,,,,,
2026-07-22,2026-07-22,CM,BSE,STK,533239,INE696K01024,PRAKASHSTL,B,,,,,PRAKASH STEELAGE LTD.,4.0,4.15,4.0,4.02,4.05,4.0,,4.01,,,14720,59222.0,27,F1,1,,,,,
2026-07-22,2026-07-22,CM,BSE,STK,533244,INF109KC1NT3,GOLDIETF,E,,,,,ICICI Prudential Gold ETF,122.05,123.97,122.05,123.57,123.6,122.03,,123.54,,,118963,14690100.0,1646,F1,1,,,,,
2026-07-22,2026-07-22,CM,BSE,STK,533248,INE517F01014,GPPL,A,,,,,GUJARAT PIPAVAV PORT LTD.,150.8,150.9,148.3,148.65,148.6,150.75,,148.69,,,92832,13826694.0,1294,F1,1,,,,,
2026-07-22,2026-07-22,CM,BSE,STK,533252,INE389K01018,WELINV,T,,,,,WELSPUN INVESTMENTS AND COMMER,1839.6,1839.6,1809.1,1816.75,1832.0,1752.0,,1866.9,,,34,62477.0,4,F1,1,,,,,
2026-07-22,2026-07-22,CM,BSE,STK,533257,INE866K01023,WAAREEINDO,B,,,,,INDOSOLAR LTD.,376.1,383.2,374.3,378.2,380.0,377.95,,376.6,,,15908,6021404.0,239,F1,1,,,,,
2026-07-22,2026-07-22,CM,BSE,STK,533259,INE019J01013,HEALTHX,B,,,,,HEALTH X PLATFORM LIMITED,322.0,325.2,319.7,325.2,325.2,322.3,,319.9,,,415,133156.0,16,F1,1,,,,,
2026-07-22,2026-07-22,CM,BSE,STK,533260,INE521J01018,CPCAP,T,,,,,CP CAPITAL LIMITED,109.95,109.95,107.55,107.55,107.55,109.9,,108.55,,,1605,172637.0,13,F1,1,,,,,
2026-07-22,2026-07-22,CM,BSE,STK,533262,INE874I01013,RAMKY,B,,,,,RAMKY INFRASTRUCTURE LTD.,380.85,381.35,374.0,377.4,376.0,383.25,,377.4,,,2006,759134.0,87,F1,1,,,,,
2026-07-22,2026-07-22,CM,BSE,STK,533263,INE999K01014,GREENPOWER,B,,,,,ORIENT GREEN POWER COMPANY LTD,10.45,10.54,10.26,10.34,10.38,10.54,,10.35,,,311345,3227792.0,868,F1,1,,,,,
2026-07-22,2026-07-22,CM,BSE,STK,533267,INE068L01024,CANTABIL,B,,,,,CANTABIL RETAIL INDIA LTD.,249.55,250.75,247.9,248.8,248.55,251.15,,248.51,,,3118,775849.0,99,F1,1,,,,,
2026-07-22,2026-07-22,CM,BSE,STK,533268,INE351L01016,SEATV,X,,,,,SEA TV NETWORK LTD.,2.8,2.8,2.7,2.72,2.72,2.8,,2.72,,,1590,4324.0,9,F1,1,,,,,
2026-07-22,2026-07-22,CM,BSE,STK,533269,INE956G01038,WABAG,A,,,,,VA TECH WABAG LTD.,2087.75,2109.4,2057.55,2072.8,2090.0,2102.55,,2072.8,,,24880,51675531.0,1271,F1,1,,,,,
2026-07-22,2026-07-22,CM,BSE,STK,533270,INE844K01012,BEDMUTHA,B,,,,,BEDMUTHA INDUSTRIES LTD.,108.0,108.0,108.0,108.0,108.0,108.0,,108.9,,,450,48600.0,2,F1,1,,,,,
2026-07-22,2026-07-22,CM,BSE,STK,533271,INE442H01029,ASHOKA,A,,,,,ASHOKA BUILDCON LTD.,124.45,124.45,121.7,122.4,122.65,124.35,,122.44,,,33235,4071802.0,402,F1,1,,,,,
2026-07-22,2026-07-22,CM,BSE,STK,533272,INE209L01016,JWL,A,,,,,JUPITER WAGONS LIMITED,252.0,252.0,246.0,246.65,247.2,250.6,,246.65,,,108266,26782100.0,2025,F1,1,,,,,
2026-07-22,2026-07-22,CM,BSE,STK,533273,INE093I01010,OBEROIRLTY,A,,,,,OBEROI REALTY LTD.,1860.35,1887.35,1839.4,1851.35,1851.35,1884.3,,1851.5,,,3858,7153277.0,689,F1,1,,,,,
2026-07-22,2026-07-22,CM,BSE,STK,533274,INE811K01011,PRESTIGE,A,,,,,PRESTIGE ESTATES PROJECTS LTD.,1709.95,1709.95,1651.6,1662.2,1668.0,1706.1,,1663.1,,,14419,24112570.0,1423,F1,1,,,,,
2026-07-22,2026-07-22,CM,BSE,STK,533275,INE482J01021,SHAH,B,,,,,SHAH METACORP LIMITED,4.4,4.45,4.26,4.26,4.37,4.36,,4.32,,,283929,1230134.0,178,F1,1,,,,,
2026-07-22,2026-07-22,CM,BSE,STK,533278,INE522F01014,COALINDIA,A,,,,,COAL INDIA LTD.,431.75,431.75,427.4,428.25,429.0,431.15,,428.4,,,291151,124920320.0,3001,F1,1,,,,,
2026-07-22,2026-07-22,CM,BSE,STK,533282,INE024L01027,GRAVITA,A,,,,,GRAVITA INDIA LTD.,1804.65,1843.45,1788.2,1793.8,1798.0,1804.65,,1793.0,,,21212,38527047.0,1786,F1,1,,,,,
2026-07-22,2026-07-22,CM,BSE,STK,533284,INE324L01013,RPPINFRA,B,,,,,RPP INFRA PROJECTS LTD.,63.25,64.82,61.75,62.23,62.0,64.21,,61.9,,,9157,575716.0,147,F1,1,,,,,
2026-07-22,2026-07-22,CM,BSE,STK,533285,INE245L01028,RDBIPL,B,,,,,RDB INFRASTRUCTURE AND POWER L,13.31,14.18,13.2,13.97,14.17,13.81,,13.97,,,163143,2221421.0,565,F1,1,,,,,
2026-07-22,2026-07-22,CM,BSE,STK,533286,INE490G01020,MOIL,A,,,,,MOIL LTD.,271.1,271.15,268.35,269.95,268.75,271.1,,270.0,,,7906,2131251.0,222,F1,1,,,,,
2026-07-22,2026-07-22,CM,BSE,STK,533287,INE565L01011,ZEELEARN,T,,,,,ZEE LEARN LTD.,8.85,8.85,8.48,8.48,8.48,8.45,,8.46,,,21121,180334.0,67,F1,1,,,,,
2026-07-22,2026-07-22,CM,BSE,STK,533289,INE096L01025,KTIL,X,,,,,KESAR TERMINALS & INFRASTRUCTU,61.0,61.98,60.11,61.06,61.01,61.52,,61.06,,,1422,86586.0,18,F1,1,,,,,
2026-07-22,2026-07-22,CM,BSE,STK,533292,INE619I01012,A2ZINFRA,B,,,,,A2Z INFRA ENGINEERING LIMITED,13.73,13.73,12.4,12.55,12.45,12.96,,12.56,,,34181,459484.0,152,F1,1,,,,,
2026-07-22,2026-07-22,CM,BSE,STK,533293,INE146L01010,KIRLOSENG,A,,,,,KIRLOSKAR OIL ENGINES LTD.,2220.15,2237.5,2145.0,2191.5,2191.5,2222.95,,2188.1,,,76141,166150523.0,5652,F1,1,,,,,
2026-07-22,2026-07-22,CM,BSE,STK,533294,INE722J01012,RKDL,B,,,,,RAVI KUMAR DISTILLERIES LTD.,19.5,19.5,18.74,18.74,18.74,19.03,,19.21,,,50,969.0,4,F1,1,,,,,
2026-07-22,2026-07-22,CM,BSE,STK,533295,INE608A01012,PSB,B,,,,,PUNJAB & SIND BANK,24.73,24.73,24.28,24.39,24.49,24.72,,24.43,,,43579,1064954.0,298,F1,1,,,,,
2026-07-22,2026-07-22,CM,BSE,STK,533296,INE360L01017,FMNL,T,,,,,FUTURE MARKET NETWORKS LTD.,9.5,9.6,9.15,9.16,9.55,9.15,,9.17,,,5285,49495.0,13,F1,1,,,,,
2026-07-22,2026-07-22,CM,BSE,STK,533298,INE272L01022,SURANASOL,B,,,,,SURANA SOLAR LTD.,25.85,26.43,25.85,26.21,26.21,26.43,,26.29,,,470,12338.0,32,F1,1,,,,,
2026-07-22,2026-07-22,CM,BSE,STK,533301,INE268L01046,SHEKHAWATI,T,,,,,SHEKHAWATI INDUSTRIES LIMITED,12.12,12.59,12.12,12.17,12.17,12.63,,12.11,,,4972,60559.0,16,F1,1,,,,,
2026-07-22,2026-07-22,CM,BSE,STK,533302,INE029L01018,KICL,B,,,,,KALYANI INVESTMENT COMPANY LTD,5555.0,5555.0,5450.1,5476.3,5488.6,5577.15,,5470.0,,,173,954817.0,35,F1,1,,,,,
2026-07-22,2026-07-22,CM,BSE,STK,533303,INE878K01010,BFINVEST,B,,,,,BF INVESTMENT LTD.,467.0,467.55,456.05,457.3,456.05,467.6,,457.8,,,1596,734508.0,133,F1,1,,,,,
2026-07-22,2026-07-22,CM,BSE,STK,533306,INE519C01017,SUMMITSEC,B,,,,,SUMMIT SECURITIES LTD.,1495.0,1517.55,1441.0,1466.05,1441.0,1513.95,,1464.3,,,155,228799.0,70,F1,1,,,,,
2026-07-22,2026-07-22,CM,BSE,STK,533316,INE577L01016,STEL,B,,,,,STEL HOLDINGS LIMITED,554.55,556.05,545.0,545.25,545.25,551.8,,542.1,,,127,69718.0,60,F1,1,,,,,
2026-07-22,2026-07-22,CM,BSE,STK,533326,INE621L01012,TEXRAIL,A,,,,,TEXMACO RAIL & ENGINEERING LTD,113.65,114.0,110.7,111.25,111.25,114.2,,111.31,,,84327,9459026.0,954,F1,1,,,,,
2026-07-22,2026-07-22,CM,BSE,STK,533329,INE611L01021,INDTERRAIN,B,,,,,INDIAN TERRAIN FASHIONS LTD.,29.81,29.81,28.94,29.0,29.0,29.95,,28.83,,,4977,144847.0,45,F1,1,,,,,
2026-07-22,2026-07-22,CM,BSE,STK,533333,INE045J01034,FCL,B,,,,,FINEOTEX CHEMICAL LTD.,40.55,40.56,39.1,39.93,39.93,40.08,,39.88,,,844482,33545662.0,1792,F1,1,,,,,
2026-07-22,2026-07-22,CM,BSE,STK,533336,INE320L01011,DHUNINV,B,,,,,DHUNSERI INVESTMENTS LTD.,890.0,895.0,888.95,890.0,890.0,943.05,,892.55,,,77,68610.0,22,F1,1,,,,,
2026-07-22,2026-07-22,CM,BSE,STK,533339,INE251B01027,ZENTEC,A,,,,,ZEN TECHNOLOGIES LTD.,1821.6,1841.75,1795.75,1815.9,1815.9,1819.7,,1814.9,,,40101,72608939.0,2520,F1,1,,,,,
2026-07-22,2026-07-22,CM,BSE,STK,533343,INE597L01014,LOVABLE,B,,,,,LOVABLE LINGERIE LTD.,73.89,74.5,73.0,73.4,73.4,73.89,,72.13,,,1178,86258.0,41,F1,1,,,,,
2026-07-22,2026-07-22,CM,BSE,STK,533344,INE560K01014,PFS,B,,,,,PTC INDIA FINANCIAL SERVICES L,29.65,29.78,29.31,29.55,29.61,29.64,,29.5,,,22374,660354.0,202,F1,1,,,,,
2026-07-22,2026-07-22,CM,BSE,STK,533385,INF247L01AP3,MON100,E,,,,,MOTILAL OSWAL MOST SHARES NASD,323.44,323.44,323.44,323.44,323.44,322.81,,323.44,,,4312,1394673.0,73,F1,1,,,,,
2026-07-22,2026-07-22,CM,BSE,STK,533398,INE414G01012,MUTHOOTFIN,A,,,,,MUTHOOT FINANCE LTD.,3139.3,3139.3,3030.0,3036.15,3045.25,3078.5,,3035.6,,,31429,96920227.0,2962,F1,1,,,,,
2026-07-22,2026-07-22,CM,BSE,STK,533407,INE672K01025,TRUEGREEN,XT,,,,,TRUE GREEN BIO ENERGY LIMITED,184.25,191.5,180.05,190.5,190.5,188.0,,190.5,,,5220,972629.0,53,F1,1,,,,,
2026-07-22,2026-07-22,CM,BSE,STK,533408,INF209KB18D3,BSLGOLDETF,E,,,,,Aditya Birla Sun Life Mutual F,126.55,127.02,126.39,126.61,126.66,125.03,,126.56,,,47215,5975596.0,104,F1,1,,,,,
2026-07-22,2026-07-22,CM,BSE,STK,533427,INE932K01015,VMS,X,,,,,VMS INDUSTRIES LTD.,22.2,22.5,21.45,21.5,22.0,21.99,,21.5,,,26663,574527.0,125,F1,1,,,,,
2026-07-22,2026-07-22,CM,BSE,STK,533451,INE725L01011,KARMAENG,B,,,,,KARMA ENERGY LTD.,38.6,38.6,38.6,38.6,38.6,38.6,,38.1,,,2,77.0,1,F1,1,,,,,
2026-07-22,2026-07-22,CM,BSE,STK,533452,INE726L01027,DELPHIFX,T,,,,,DELPHI WORLD MONEY LIMITED,6.19,6.83,6.19,6.83,6.83,6.51,,6.84,,,242338,1507011.0,120,F1,1,,,,,
2026-07-22,2026-07-22,CM,BSE,STK,533470,INE573K01025,RUSHIL,B,,,,,RUSHIL DECOR LTD.,16.44,17.82,15.91,17.51,17.51,16.36,,17.55,,,93821,1613688.0,502,F1,1,,,,,
2026-07-22,2026-07-22,CM,BSE,STK,533477,INE130L01014,ENKEIWHEL,X,,,,,ENKEI WHEELS (INDIA) LTD.,361.0,370.7,355.55,362.95,362.95,363.6,,362.95,,,2188,793737.0,50,F1,1,,,,,
2026-07-22,2026-07-22,CM,BSE,STK,533482,INE524L01026,KRIDHANINF,T,,,,,KRIDHAN INFRA LIMITED,2.6,2.6,2.49,2.51,2.51,2.5,,2.47,,,62168,156673.0,21,F1,1,,,,,
2026-07-22,2026-07-22,CM,BSE,STK,533506,INE878H01024,INVENTURE,B,,,,,INVENTURE GROWTH & SECURITIES,0.9,0.91,0.89,0.9,0.91,0.9,,0.9,,,159882,144109.0,99,F1,1,,,,,
2026-07-22,2026-07-22,CM,BSE,STK,533519,INE498L01015,LTF,A,,,,,L&T Finance Limited,307.05,310.65,303.75,305.75,305.75,306.9,,305.9,,,235885,72409809.0,4639,F1,1,,,,,
2026-07-22,2026-07-22,CM,BSE,STK,533520,INE126M01010,IBULLSLTD,T,,,,,Indiabulls Limited,28.8,30.35,27.62,29.76,29.76,28.95,,29.59,,,404732,11707704.0,1115,F1,1,,,,,
2026-07-22,2026-07-22,CM,BSE,STK,533540,INE040M01013,TREEHOUSE,B,,,,,TREE HOUSE EDUCATION & ACCESSO,6.2,6.2,6.2,6.2,6.2,6.3,,6.24,,,100,620.0,1,F1,1,,,,,
2026-07-22,2026-07-22,CM,BSE,STK,533543,INE650L01011,BROOKS,T,,,,,BROOKS LABORATORIES LTD.,66.75,66.76,65.67,66.76,66.76,66.76,,66.77,,,222,14743.0,5,F1,1,,,,,
2026-07-22,2026-07-22,CM,BSE,STK,533552,INE895B01021,RUPA,B,,,,,RUPA & COMPANY LTD.,164.0,164.45,162.15,163.35,162.95,164.75,,163.29,,,8642,1409590.0,450,F1,1,,,,,
2026-07-22,2026-07-22,CM,BSE,STK,533553,INE419M01027,TDPOWERSYS,A,,,,,T D POWER SYSTEMS LTD.,1130.9,1173.0,1130.9,1161.55,1155.0,1129.75,,1160.8,,,71706,83092944.0,3484,F1,1,,,,,
2026-07-22,2026-07-22,CM,BSE,STK,533570,INF846K01W80,GOLDAXIS,E,,,,,AXIS MUTUAL FUND - AXIS GOLD E,118.96,120.48,118.96,120.32,120.4,118.92,,120.35,,,25528,3068569.0,496,F1,1,,,,,
2026-07-22,2026-07-22,CM,BSE,STK,533573,INE901L01018,APLLTD,A,,,,,ALEMBIC PHARMACEUTICALS LTD.,841.35,841.35,810.3,813.45,810.3,833.4,,812.25,,,3149,2569880.0,293,F1,1,,,,,
2026-07-22,2026-07-22,CM,BSE,STK,533576,INE590L01019,VASWANI,B,,,,,VASWANI INDUSTRIES LTD.,52.6,53.33,52.41,52.64,52.51,53.09,,52.68,,,2207,116111.0,125,F1,1,,,,,
2026-07-22,2026-07-22,CM,BSE,STK,533581,INE457L01029,PGEL,A,,,,,PG ELECTROPLAST LTD.,607.7,607.7,570.2,575.2,575.2,609.75,,575.4,,,136216,79131408.0,4747,F1,1,,,,,
2026-07-22,2026-07-22,CM,BSE,STK,533602,INE050L01048,LESHAIND,X,,,,,LESHA INDUSTRIES LTD.,0.78,0.78,0.76,0.78,0.78,0.76,,0.78,,,83171,64553.0,91,F1,1,,,,,
2026-07-22,2026-07-22,CM,BSE,STK,533608,INE123M01017,RDBRL,X,,,,,RDB RASAYANS LTD.,167.0,169.8,162.3,162.8,162.95,165.9,,162.8,,,14671,2429625.0,108,F1,1,,,,,
2026-07-22,2026-07-22,CM,BSE,STK,533629,INE440L01017,TIJARIA,B,,,,,TIJARIA POLYPIPES LTD.,4.49,4.69,4.4,4.4,4.4,4.36,,4.51,,,3360,15405.0,57,F1,1,,,,,
2026-07-22,2026-07-22,CM,BSE,STK,533632,INE912L01015,ONELIFECAP,T,,,,,ONELIFE CAPITAL ADVISORS LTD.,38.0,38.0,37.0,37.5,37.5,37.21,,37.32,,,17591,651498.0,31,F1,1,,,,,
2026-07-22,2026-07-22,CM,BSE,STK,533638,INE060J01017,FLEXITUFF,T,,,,,FLEXITUFF VENTURES INTERNATION,4.88,5.08,4.88,5.08,5.08,4.9,,5.07,,,1106,5558.0,4,F1,1,,,,,
2026-07-22,2026-07-22,CM,BSE,STK,533644,INE899L01030,UEL,B,,,,,UJAAS ENERGY LIMITED,111.1,123.35,111.1,120.1,120.1,123.7,,121.42,,,90,10889.0,16,F1,1,,,,,
2026-07-22,2026-07-22,CM,BSE,STK,533655,INE152M01016,TRITURBINE,A,,,,,TRIVENI TURBINE LTD.,619.5,622.0,611.0,614.1,614.0,619.65,,613.65,,,23623,14562174.0,1057,F1,1,,,,,
2026-07-22,2026-07-22,CM,BSE,STK,533676,INE337M01021,INDOTHAI,B,,,,,INDO THAI SECURITIES LTD.,215.2,221.25,214.3,216.75,217.35,217.9,,216.24,,,50651,11004526.0,705,F1,1,,,,,
2026-07-22,2026-07-22,CM,BSE,STK,533704,INE122M01019,ESSARSHPNG,B,,,,,ESSAR SHIPPING LTD.,20.26,20.81,19.94,20.21,20.2,20.67,,20.24,,,18057,365589.0,167,F1,1,,,,,
2026-07-22,2026-07-22,CM,BSE,STK,533719,INF767K01SM1,LICMFGOLD,E,,,,,LIC MUTUAL FUND - LIC MF GOLD,129.64,130.0,129.16,129.93,129.8,128.73,,129.9,,,2985,387317.0,109,F1,1,,,,,
2026-07-22,2026-07-22,CM,BSE,STK,533758,INE702C01027,APLAPOLLO,A,,,,,APL APOLLO TUBES LTD.,1833.1,1833.1,1799.8,1822.1,1820.0,1818.3,,1822.9,,,4124,7473865.0,512,F1,1,,,,,
2026-07-22,2026-07-22,CM,BSE,STK,533761,INE390G01014,GPTINFRA,B,,,,,GPT INFRAPROJECTS LTD.,117.7,118.15,116.0,117.5,117.5,118.7,,117.52,,,2751,322121.0,80,F1,1,,,,,
2026-07-22,2026-07-22,CM,BSE,STK,533896,INE258M01011,FERVENTSYN,X,,,,,FERVENT SYNERGIES LTD.,16.9,16.9,15.22,15.75,15.75,15.01,,15.75,,,5811,93906.0,39,F1,1,,,,,
2026-07-22,2026-07-22,CM,BSE,STK,533941,INE480M01011,THOMASCOTT,B,,,,,THOMAS SCOTT (INDIA) LIMITED,299.65,304.0,289.2,291.45,289.6,297.0,,291.25,,,3292,966800.0,163,F1,1,,,,,
2026-07-22,2026-07-22,CM,BSE,STK,533982,INE482B01010,TERASOFT,B,,,,,TERA SOFTWARE LTD.,394.9,394.9,384.55,389.85,390.05,394.7,,387.75,,,1657,644699.0,37,F1,1,,,,,
2026-07-22,2026-07-22,CM,BSE,STK,534060,INE793G01035,PMCFIN,X,,,,,PMC FINCORP LIMITED,1.77,1.79,1.72,1.74,1.75,1.77,,1.74,,,500316,872604.0,463,F1,1,,,,,
2026-07-22,2026-07-22,CM,BSE,STK,534063,INE241F01011,FUTSOL,X,,,,,FUTURISTIC SOLUTIONS LTD.,45.27,47.35,45.0,47.3,47.3,45.27,,47.3,,,12,544.0,4,F1,1,,,,,
2026-07-22,2026-07-22,CM,BSE,STK,534064,INE123D01024,AIML,XT,,,,,ALLIANCE INTEGRATED METALIKS L,2.06,2.12,1.96,2.02,2.09,2.06,,2.02,,,152146,310505.0,148,F1,1,,,,,
2026-07-22,2026-07-22,CM,BSE,STK,534076,INE743M01012,RHIM,A,,,,,RHI MAGNESITA INDIA LIMITED,411.0,411.0,397.8,399.3,399.3,410.65,,398.45,,,222935,89047529.0,533,F1,1,,,,,
2026-07-22,2026-07-22,CM,BSE,STK,534091,INE745G01043,MCX,A,,,,,MULTI COMMODITY EXCHANGE OF IN,2803.1,2833.4,2755.3,2804.35,2804.35,2802.05,,2803.9,,,100577,280830916.0,5989,F1,1,,,,,
2026-07-22,2026-07-22,CM,BSE,STK,534139,INE839M01018,SCHNEIDER,A,,,,,SCHNEIDER ELECTRIC INFRASTRUCT,1357.75,1372.55,1331.55,1341.75,1343.1,1357.1,,1342.3,,,12066,16257349.0,585,F1,1,,,,,
2026-07-22,2026-07-22,CM,BSE,STK,534190,INE550L01013,OLPCL,X,,,,,OLYMPIC CARDS LTD.,2.8,2.8,2.8,2.8,2.8,2.76,,2.8,,,1173,3284.0,6,F1,1,,,,,
2026-07-22,2026-07-22,CM,BSE,STK,534309,INE095N01031,NBCC,A,,,,,NBCC (India) Limited,96.5,96.75,94.3,94.8,94.8,96.8,,94.74,,,582343,55401362.0,5170,F1,1,,,,,
2026-07-22,2026-07-22,CM,BSE,STK,534312,INE472M01018,MTEDUCARE,T,,,,,MT EDUCARE LTD.,1.94,1.94,1.77,1.86,1.86,1.85,,1.77,,,779,1394.0,7,F1,1,,,,,
2026-07-22,2026-07-22,CM,BSE,STK,534328,INE750M01017,HEXATRADEX,B,,,,,HEXA TRADEX LTD.,158.65,160.9,152.0,153.15,152.0,167.85,,154.04,,,140,21736.0,19,F1,1,,,,,
2026-07-22,2026-07-22,CM,BSE,STK,534338,INE393F01010,MAXHEIGHTS,X,,,,,Max heights Infrastucture Ltd,12.0,12.0,11.5,11.61,11.61,11.95,,11.61,,,3119,35872.0,12,F1,1,,,,,
2026-07-22,2026-07-22,CM,BSE,STK,534369,INE760L01018,TBZ,B,,,,,TRIBHOVANDAS BHIMJI ZAVERI LTD,262.85,270.95,259.0,264.1,264.1,259.7,,264.36,,,150693,40052245.0,2477,F1,1,,,,,
2026-07-22,2026-07-22,CM,BSE,STK,534392,INE050M01012,VSSL,B,,,,,VARDHMAN SPECIAL STEELS LTD.,305.0,325.0,300.75,303.6,304.7,303.4,,303.3,,,106770,33645187.0,3484,F1,1,,,,,
2026-07-22,2026-07-22,CM,BSE,STK,534422,INE204N01013,LOOKS,XT,,,,,LOOKS HEALTH SERVICES LIMITED,9.39,9.55,9.39,9.55,9.55,9.58,,9.55,,,12004,113517.0,21,F1,1,,,,,
2026-07-22,2026-07-22,CM,BSE,STK,534425,INE247M01014,SPECIALITY,B,,,,,SPECIALITY RESTAURANTS LTD.,131.15,132.6,130.1,132.2,132.25,131.7,,132.12,,,3567,470256.0,164,F1,1,,,,,
2026-07-22,2026-07-22,CM,BSE,STK,534532,INE142K01011,AURUS,B,,,,,AURUS GEM CORPORATION LIMITED,4.85,5.05,4.69,4.9,4.9,4.8,,4.92,,,5301,26091.0,29,F1,1,,,,,
2026-07-22,2026-07-22,CM,BSE,STK,534535,INE958L01034,META,T,,,,,STRING METAVERSE LIMITED,6.68,6.68,6.35,6.37,6.4,6.6,,6.37,,,933675,6081067.0,878,F1,1,,,,,
2026-07-22,2026-07-22,CM,BSE,STK,534597,INE834M01019,RTNINDIA,B,,,,,RATTANINDIA ENTERPRISES LIMITE,32.37,32.52,31.84,32.12,32.12,32.63,,32.05,,,69340,2221724.0,593,F1,1,,,,,
2026-07-22,2026-07-22,CM,BSE,STK,534598,INE735M01018,SAMPANN,B,,,,,Sampann Utpadan India Limited,26.6,26.98,26.6,26.98,26.98,26.77,,27.36,,,175,4687.0,8,F1,1,,,,,
2026-07-22,2026-07-22,CM,BSE,STK,534600,INE391J01032,JTLIND,B,,,,,JTL INDUSTRIES LIMITED,76.37,76.37,72.5,73.06,72.95,76.37,,73.05,,,130554,9583705.0,1309,F1,1,,,,,
2026-07-22,2026-07-22,CM,BSE,STK,534612,INE436N01029,AMTL,X,,,,,ADVANCE METERING TECHNOLOGY LT,18.0,18.92,18.0,18.55,18.77,18.55,,18.55,,,1800,32829.0,20,F1,1,,,,,
2026-07-22,2026-07-22,CM,BSE,STK,534615,INE553C01016,NECCLTD,T,,,,,NORTH EASTERN CARRYING CORPORA,15.5,15.5,15.09,15.35,15.35,15.13,,15.05,,,2358,35643.0,10,F1,1,,,,,
2026-07-22,2026-07-22,CM,BSE,STK,534618,INE299N01021,WAAREERTL,A,,,,,WAAREE RENEWABLE TECHNOLOGIES,1019.0,1029.6,1001.55,1019.35,1019.35,1014.15,,1019.2,,,34579,35109198.0,1388,F1,1,,,,,
2026-07-22,2026-07-22,CM,BSE,STK,534623,INE524N01014,JUPITERIN,X,,,,,JUPITER INFOMEDIA LTD.,54.52,57.19,52.6,56.09,56.28,54.52,,56.09,,,4661,259158.0,71,F1,1,,,,,
2026-07-22,2026-07-22,CM,BSE,STK,534639,INE581M01016,VINAYAKPOL,X,,,,,VINAYAK POLYCON INTERNATIONAL,22.81,22.81,22.81,22.81,22.81,22.81,,22.81,,,250,5702.0,1,F1,1,,,,,
2026-07-22,2026-07-22,CM,BSE,STK,534674,INE741L01018,DUCON,B,,,,,Ducon Infratechnologies Ltd,3.04,3.06,2.95,3.04,3.04,3.01,,3.03,,,51373,152887.0,42,F1,1,,,,,
2026-07-22,2026-07-22,CM,BSE,STK,534675,INE195N01013,PROZONER,B,,,,,PROZONE REALTY LIMITED,42.61,42.61,41.51,41.6,41.6,42.35,,41.68,,,17079,721864.0,83,F1,1,,,,,
2026-07-22,2026-07-22,CM,BSE,STK,534680,INE559N01010,SRGHFL,B,,,,,SRG HOUSING FINANCE LTD.,311.5,311.5,306.7,306.7,306.7,304.2,,307.0,,,446,137843.0,15,F1,1,,,,,
2026-07-22,2026-07-22,CM,BSE,STK,534691,INE456N01019,COMCL,XT,,,,,COMFORT COMMOTRADE LTD.,14.92,14.92,14.55,14.55,14.55,14.99,,14.55,,,1623,23749.0,25,F1,1,,,,,
2026-07-22,2026-07-22,CM,BSE,STK,534708,INE892L01019,SHANTIGURU,M,,,,,SHANTI GURU INDUSTRIES LIMITED,8.79,8.79,8.77,8.77,8.77,9.11,,8.77,,,6000,52680.0,2,F1,3000,,,,,
2026-07-22,2026-07-22,CM,BSE,STK,534732,INE176N01039,CASPIAN,XT,,,,,CASPIAN CORPORATE SERVICES LIM,34.83,35.8,33.25,34.96,35.0,35.0,,34.96,,,7211,246055.0,68,F1,1,,,,,
2026-07-22,2026-07-22,CM,BSE,STK,534733,INE175N01023,AERPACE,X,,,,,Aerpace Industries Limited,36.5,37.0,35.25,36.5,36.5,35.74,,36.5,,,535146,19465032.0,1450,F1,1,,,,,
2026-07-22,2026-07-22,CM,BSE,STK,534741,INE247C01023,VIRTUALG,X,,,,,VIRTUAL GLOBAL EDUCATION LTD.,0.47,0.47,0.44,0.46,0.46,0.46,,0.46,,,584863,264869.0,190,F1,1,,,,,
2026-07-22,2026-07-22,CM,BSE,STK,534742,INE840M01016,ZUARI,B,,,,,ZUARI AGRO CHEMICALS LTD.,229.8,229.85,226.1,227.45,227.35,228.85,,227.24,,,1910,435122.0,78,F1,1,,,,,
2026-07-22,2026-07-22,CM,BSE,STK,534748,INE503B01021,STEELXIND,B,,,,,STEEL EXCHANGE INDIA LTD.,11.89,11.97,11.64,11.7,11.65,11.97,,11.75,,,137996,1620964.0,350,F1,1,,,,,
2026-07-22,2026-07-22,CM,BSE,STK,534755,INE234G01022,TRIOMERC,XT,,,,,TRIO MERCANTILE & TRADING LTD.,2.51,2.51,2.51,2.51,2.51,2.47,,2.51,,,52107,130788.0,35,F1,1,,,,,
2026-07-22,2026-07-22,CM,BSE,STK,534796,INE198N01017,CDG,XT,,,,,CDG PETCHEM LIMITED,286.7,295.0,275.5,292.85,294.95,290.0,,292.85,,,7457,2137184.0,56,F1,1,,,,,
2026-07-22,2026-07-22,CM,BSE,STK,534804,INE752H01013,CARERATING,A,,,,,CARE Ratings Limited,1650.1,1676.2,1635.15,1674.15,1676.2,1668.6,,1674.5,,,1584,2625313.0,197,F1,1,,,,,
2026-07-22,2026-07-22,CM,BSE,STK,534809,INE785M01021,PCJEWELLER,A,,,,,PC JEWELLER LTD.,10.07,10.16,9.75,9.89,9.89,10.06,,9.87,,,12002384,119437383.0,13921,F1,1,,,,,
2026-07-22,2026-07-22,CM,BSE,STK,534816,INE121J01017,INDUSTOWER,A,,,,,INDUS TOWERS LIMITED,407.7,407.7,393.5,395.85,398.0,404.15,,394.9,,,74122,29458985.0,1214,F1,1,,,,,
2026-07-22,2026-07-22,CM,BSE,STK,534920,INE899M01020,ISERA,XT,,,,,iSERA LIFESCIENCES LIMITED,143.9,143.9,143.9,143.9,143.9,143.9,,143.9,,,119,17124.0,2,F1,1,,,,,
2026-07-22,2026-07-22,CM,BSE,STK,534976,INE665J01013,VMART,A,,,,,V-MART RETAIL LTD.,769.85,778.45,766.0,768.75,766.0,775.05,,768.85,,,2832,2187643.0,220,F1,1,,,,,
2026-07-22,2026-07-22,CM,BSE,STK,535136,INE149O01018,NIBE,B,,,,,NIBE LIMITED,1537.9,1563.8,1523.35,1544.05,1539.7,1554.2,,1539.5,,,4161,6401074.0,288,F1,1,,,,,
2026-07-22,2026-07-22,CM,BSE,STK,535204,INE160O01031,MUKTA,X,,,,,Mukta Agriculture Limited,2.8,2.8,2.8,2.8,2.8,2.83,,2.8,,,1344,3763.0,5,F1,1,,,,,
2026-07-22,2026-07-22,CM,BSE,STK,535205,INE159O01033,MYSTICELE,X,,,,,Mystic Electronics Limited,3.52,3.59,3.32,3.49,3.52,3.49,,3.49,,,10233,34921.0,32,F1,1,,,,,
2026-07-22,2026-07-22,CM,BSE,STK,535267,INE274M01026,COMFINCAP,X,,,,,COMFORT FINCAP LTD.,7.63,7.79,7.5,7.64,7.64,7.64,,7.64,,,27486,210107.0,158,F1,1,,,,,
2026-07-22,2026-07-22,CM,BSE,STK,535276,INF200K01VT2,SBISENSEX,A,,,,,SBI MUTUAL FUND - SBI ETF SENS,862.95,865.0,852.4,853.7,865.0,863.35,,853.7,,,17664,15103480.0,540,F1,1,,,,,
2026-07-22,2026-07-22,CM,BSE,STK,535322,INE612J01015,REPCOHOME,B,,,,,REPCO HOME FINANCE LTD.,397.1,398.2,391.4,392.25,391.4,399.9,,392.4,,,2074,819616.0,129,F1,1,,,,,
2026-07-22,2026-07-22,CM,BSE,STK,535387,INE191O01010,LAKHOTIA,X,,,,,LAKHOTIA POLYESTERS (INDIA) LT,66.4,66.4,60.01,63.06,64.95,60.42,,63.06,,,716,44657.0,13,F1,1,,,,,
2026-07-22,2026-07-22,CM,BSE,STK,535431,INE168O01026,GCMSECU,B,,,,,GCM SECURITIES LTD,0.67,0.7,0.66,0.68,0.68,0.67,,0.68,,,85517,57949.0,71,F1,1,,,,,
2026-07-22,2026-07-22,CM,BSE,STK,535458,INE047O01014,NIBL,B,,,,,NRB INDUSTRIAL BEARINGS LTD.,35.65,35.65,33.98,34.51,34.51,35.48,,34.43,,,2526,88354.0,43,F1,1,,,,,
2026-07-22,2026-07-22,CM,BSE,STK,535514,INE748D01010,PRIMECAPM,XT,,,,,PRIME CAPITAL MARKET LTD.,7.25,7.25,7.21,7.21,7.21,7.58,,7.21,,,41,296.0,2,F1,1,,,,,
2026-07-22,2026-07-22,CM,BSE,STK,535566,INE902D01013,KIFS,X,,,,,KIFS FINANCIAL SERVICES LTD.,110.6,110.6,110.0,110.0,110.0,110.05,,110.0,,,186,20472.0,7,F1,1,,,,,
2026-07-22,2026-07-22,CM,BSE,STK,535601,INE099F01013,SREEL,B,,,,,SREELEATHERS LTD.,228.0,234.0,224.4,224.4,224.4,227.9,,225.64,,,2349,537542.0,269,F1,1,,,,,
2026-07-22,2026-07-22,CM,BSE,STK,535602,INE597I01028,SHARDAMOTR,B,,,,,SHARDA MOTOR INDUSTRIES LTD,845.65,848.35,832.15,838.1,834.05,844.2,,838.55,,,2224,1866349.0,195,F1,1,,,,,
2026-07-22,2026-07-22,CM,BSE,STK,535621,INE159L01013,SVGLOBAL,X,,,,,S V GLOBAL MILL LTD.,125.0,127.05,120.6,120.6,120.6,123.35,,120.6,,,66,8247.0,7,F1,1,,,,,
2026-07-22,2026-07-22,CM,BSE,STK,535648,INE599M01018,JUSTDIAL,A,,,,,JUST DIAL LTD.,749.95,749.95,715.05,723.95,723.95,743.95,,723.0,,,57703,42019548.0,2519,F1,1,,,,,
2026-07-22,2026-07-22,CM,BSE,STK,535657,INE860E01011,OONE,X,,,,,OBJECTONE INFORMATION SYSTEMS,6.3,6.82,6.3,6.8,6.8,6.2,,6.8,,,2037,13084.0,9,F1,1,,,,,
2026-07-22,2026-07-22,CM,BSE,STK,535667,INE474O01010,IFINSEC,X,,,,,INDIA FINSEC LTD.,216.55,216.55,216.55,216.55,216.55,216.55,,216.55,,,5,1082.0,1,F1,1,,,,,
2026-07-22,2026-07-22,CM,BSE,STK,535693,INE320I01017,BRAHMINFRA,X,,,,,BRAHMAPUTRA INFRASTRUCTURE LTD,168.8,168.9,156.2,163.0,162.0,164.6,,163.0,,,14385,2336361.0,214,F1,1,,,,,
2026-07-22,2026-07-22,CM,BSE,STK,535719,INE989J01017,AMPVOLTS,XT,,,,,AMPVOLTS LIMITED,27.55,27.55,26.6,27.0,27.0,27.48,,27.0,,,3547,97147.0,18,F1,1,,,,,
2026-07-22,2026-07-22,CM,BSE,STK,535730,INE731G01027,KHOOBSURAT,X,,,,,KHOOBSURAT LTD,0.52,0.53,0.48,0.51,0.51,0.52,,0.51,,,1081431,552466.0,180,F1,1,,,,,
2026-07-22,2026-07-22,CM,BSE,STK,535754,INE876N01018,ORIENTCEM,B,,,,,ORIENT CEMENT LTD,140.15,140.15,136.25,136.95,136.85,139.35,,136.63,,,12787,1752977.0,173,F1,1,,,,,
2026-07-22,2026-07-22,CM,BSE,STK,535755,INE647O01011,ABFRL,A,,,,,Aditya Birla Fashion and Retai,57.32,57.5,56.35,57.09,57.09,57.4,,57.05,,,130404,7419037.0,1478,F1,1,,,,,
2026-07-22,2026-07-22,CM,BSE,STK,535789,INE148I01020,SAMMAANCAP,A,,,,,Sammaan Capital Limited,163.7,168.5,162.45,163.65,163.65,163.45,,163.59,,,472513,77770747.0,3674,F1,1,,,,,
2026-07-22,2026-07-22,CM,BSE,STK,535910,INE340O01021,MMLF,B,,,,,MONEY MASTERS LEASING & FINANC,0.72,0.72,0.7,0.7,0.7,0.7,,0.7,,,3765,2658.0,16,F1,1,,,,,
2026-07-22,2026-07-22,CM,BSE,STK,535916,INE030P01017,ALSL,B,,,,,ALACRITY SECURITIES LTD,67.0,67.6,65.18,65.95,65.4,66.91,,65.95,,,3897,259198.0,46,F1,1,,,,,
2026-07-22,2026-07-22,CM,BSE,STK,535958,INE418N01035,ESSENTIA,T,,,,,Integra Essentia Limited,1.15,1.16,1.14,1.14,1.15,1.15,,1.14,,,177913,203695.0,104,F1,1,,,,,
2026-07-22,2026-07-22,CM,BSE,STK,536073,INE890N01027,JULIEN,X,,,,,JULIEN AGRO INFRATECH LIMITED,1.29,1.32,1.27,1.28,1.3,1.32,,1.28,,,141446,182527.0,151,F1,1,,,,,
2026-07-22,2026-07-22,CM,BSE,STK,536264,INE906O01029,TIGERLOGS,T,,,,,TIGER LOGISTICS (INDIA) LTD,31.7,32.25,31.0,31.65,31.57,31.85,,31.37,,,3177,100469.0,63,F1,1,,,,,
2026-07-22,2026-07-22,CM,BSE,STK,536493,INE690O01011,JKAGRI,X,,,,,JK AGRI GENETICS LTD,303.25,319.0,303.0,318.95,318.95,312.5,,318.95,,,500,155218.0,31,F1,1,,,,,
2026-07-22,2026-07-22,CM,BSE,STK,536507,INE452O01016,FLFL,Z,,,,,FUTURE LIFESTYLE FASHIONS LTD,1.3,1.33,1.27,1.33,1.33,1.33,,1.32,,,1794,2361.0,14,F1,1,,,,,
2026-07-22,2026-07-22,CM,BSE,STK,536565,INE314I01036,NOVELIX,XT,,,,,NOVELIX PHARMACEUTICALS LIMITE,73.0,73.0,68.01,71.77,71.88,69.74,,71.77,,,1504,108239.0,33,F1,1,,,,,
2026-07-22,2026-07-22,CM,BSE,STK,536659,INE428B01021,PVVINFRA,X,,,,,PVV Infra Limited,3.47,3.6,3.37,3.54,3.54,3.4,,3.54,,,1394012,4887583.0,567,F1,1,,,,,
2026-07-22,2026-07-22,CM,BSE,STK,536672,INE962O01014,VCU,XT,,,,,VCU DATA MANAGEMENT LTD,7.72,7.72,7.5,7.66,7.7,7.6,,7.66,,,9615,73529.0,73,F1,1,,,,,
2026-07-22,2026-07-22,CM,BSE,STK,536709,INE138O01029,INDRENEW,Z,,,,,IND Renewable Energy Ltd,13.26,13.26,12.99,13.09,13.0,13.0,,13.09,,,25151,327537.0,41,F1,1,,,,,
2026-07-22,2026-07-22,CM,BSE,STK,536773,INE147P01019,JPOLYINVST,B,,,,,JINDAL POLY INVESTMENT AND FIN,1087.0,1088.1,1052.0,1063.1,1052.0,1089.65,,1062.4,,,365,391858.0,133,F1,1,,,,,
2026-07-22,2026-07-22,CM,BSE,STK,536960,INF247L01023,MOM100,B,,,,,MOTILAL OSWAL MUTUAL FUND - MO,67.68,68.41,67.05,67.28,67.29,67.68,,67.28,,,11423,770743.0,201,F1,1,,,,,
2026-07-22,2026-07-22,CM,BSE,STK,536974,INE536P01021,CPL,X,,,,,CAPTAIN POLYPLAST LTD,72.0,72.25,70.51,71.31,71.31,70.76,,71.31,,,45561,3256823.0,186,F1,1,,,,,
2026-07-22,2026-07-22,CM,BSE,STK,537007,INF109K012R6,NIFTYIETF,B,,,,,ICICI Prudential Nifty ETF,270.91,273.75,270.91,271.93,272.13,273.73,,271.93,,,19211,5231779.0,1009,F1,1,,,,,
2026-07-22,2026-07-22,CM,BSE,STK,537008,INF109KC16V9,NIF100IETF,B,,,,,ICICI Prudential Nifty 100 ETF,28.0,28.14,27.84,27.88,27.9,28.2,,27.94,,,17659,494204.0,99,F1,1,,,,,
2026-07-22,2026-07-22,CM,BSE,STK,537069,INE185K01036,ARNOLD,X,,,,,ARNOLD HOLDINGS LTD,13.6,13.6,12.0,12.46,12.25,12.18,,12.46,,,796004,9555488.0,79,F1,1,,,,,
2026-07-22,2026-07-22,CM,BSE,STK,537253,INE671C01016,SUNLOC,X,,,,,SUNIL HEALTHCARE LTD,67.21,73.78,66.65,67.3,67.0,68.5,,67.3,,,445,29954.0,12,F1,1,,,,,
2026-07-22,2026-07-22,CM,BSE,STK,537259,INE442P01014,SUYOG,B,,,,,SUYOG TELEMATICS LTD,841.15,852.75,829.8,851.7,851.95,841.2,,851.75,,,686,580624.0,58,F1,1,,,,,
2026-07-22,2026-07-22,CM,BSE,STK,537291,INE448G01010,NATHBIOGEN,B,,,,,NATH BIO-GENES (INDIA) LTD,162.9,163.0,160.6,161.15,161.15,163.95,,161.8,,,1220,197402.0,31,F1,1,,,,,
2026-07-22,2026-07-22,CM,BSE,STK,537292,INE449G01018,AGRITECH,T,,,,,AGRI- TECH (INDIA) LTD,110.0,110.0,108.3,108.75,108.75,113.95,,110.34,,,135,14642.0,5,F1,1,,,,,
2026-07-22,2026-07-22,CM,BSE,STK,537326,INE212P01011,CHEMTECH,X,,,,,CHEMTECH INDUSTRIAL VALVES LTD,72.95,72.95,70.15,71.97,71.98,71.5,,71.97,,,2630,186571.0,39,F1,1,,,,,
2026-07-22,2026-07-22,CM,BSE,STK,537483,INF204K014N5,NIF100BEES,B,,,,,NIPPON INDIA ETF NIFTY 100,265.94,267.61,265.69,266.52,267.32,267.55,,266.29,,,2472,658542.0,174,F1,1,,,,,
2026-07-22,2026-07-22,CM,BSE,STK,537536,INE051G01012,DENISCHEM,X,,,,,DENIS CHEM LAB LTD,71.33,71.94,70.0,70.11,70.01,70.84,,70.11,,,18137,1280799.0,98,F1,1,,,,,
2026-07-22,2026-07-22,CM,BSE,STK,537573,INE826P01018,POLYMAC,M,,,,,POLYMAC THERMOFORMERS LTD,7.21,7.9,7.2,7.85,7.9,8.95,,7.85,,,5600,41912.0,6,F1,800,,,,,
2026-07-22,2026-07-22,CM,BSE,STK,537582,INE210P01015,UNISHIRE,MT,,,,,UNISHIRE URBAN INFRA LTD,1.33,1.33,1.32,1.32,1.32,1.38,,1.32,,,110000,146200.0,2,F1,10000,,,,,
2026-07-22,2026-07-22,CM,BSE,STK,537707,INE546I01025,LADDU,X,,,,,LADDU GOPAL ONLINE SERVICES LI,0.56,0.56,0.55,0.56,0.56,0.54,,0.56,,,374524,209233.0,48,F1,1,,,,,
2026-07-22,2026-07-22,CM,BSE,STK,537708,INF174K014P6,NIFTY1,B,,,,,KOTAK MAHINDRA MUTUAL FUND - K,270.25,270.25,266.01,266.88,267.05,268.21,,266.27,,,2170,580854.0,79,F1,1,,,,,
2026-07-22,2026-07-22,CM,BSE,STK,537709,INE101H01013,HANSUGAR,XT,,,,,SHREE HANUMAN SUGAR & INDUSTRI,3.6,3.78,3.6,3.61,3.6,3.65,,3.61,,,10359,37564.0,44,F1,1,,,,,
2026-07-22,2026-07-22,CM,BSE,STK,537750,INE555P01013,KIRANVYPAR,B,,,,,KIRAN VYAPAR LTD,192.0,196.55,192.0,196.55,196.55,192.0,,196.37,,,46,9036.0,2,F1,1,,,,,
2026-07-22,2026-07-22,CM,BSE,STK,537766,INE905P01028,BCP,X,,,,,B.C. POWER CONTROLS LTD,1.82,1.83,1.79,1.8,1.8,1.81,,1.8,,,28192,50790.0,75,F1,1,,,,,
2026-07-22,2026-07-22,CM,BSE,STK,537785,INE084Q01012,RACE,B,,,,,RACE ECO CHAIN LIMITED,109.95,112.0,109.95,112.0,112.0,109.95,,109.64,,,109,12189.0,2,F1,1,,,,,
2026-07-22,2026-07-22,CM,BSE,STK,537800,INE717C01025,MANGIND,X,,,,,MANGALAM INDUSTRIAL FINANCE LT,0.66,0.66,0.61,0.61,0.61,0.64,,0.61,,,4646270,2889794.0,813,F1,1,,,,,
2026-07-22,2026-07-22,CM,BSE,STK,537820,INE159N01027,VIJIFIN,T,,,,,VIJI FINANCE LTD,8.98,8.98,8.98,8.98,8.98,8.81,,8.95,,,104805,941148.0,66,F1,1,,,,,
2026-07-22,2026-07-22,CM,BSE,STK,537839,INE977M01024,HBGHOTELS,X,,,,,HBG HOTELS LIMITED,92.0,92.0,88.0,88.01,88.0,92.4,,88.01,,,2000,177305.0,15,F1,1,,,,,
2026-07-22,2026-07-22,CM,BSE,STK,537840,INE523K01012,RAUNAQ,XT,,,,,RAUNAQ INTERNATIONAL LIMITED,32.65,32.65,32.65,32.65,32.65,34.35,,32.65,,,1,32.0,1,F1,1,,,,,
2026-07-22,2026-07-22,CM,BSE,STK,537985,INE463B01036,INFRONICS,X,,,,,INFRONICS SYSTEMS LTD,23.62,23.62,23.62,23.62,23.62,22.5,,23.62,,,13869,327585.0,38,F1,1,,,,,
2026-07-22,2026-07-22,CM,BSE,STK,538057,INF457M01133,CPSEETF,A,,,,,CPSE ETF,97.5,97.5,96.35,96.72,96.64,96.7,,96.76,,,42997,4155508.0,391,F1,1,,,,,
2026-07-22,2026-07-22,CM,BSE,STK,538081,INE493N01012,HARIAAPL,X,,,,,HARIA APPARELS LTD,5.1,5.25,5.1,5.25,5.25,5.11,,5.25,,,2905,14922.0,8,F1,1,,,,,
2026-07-22,2026-07-22,CM,BSE,STK,538119,INE012Q01039,RNBDENIMS,B,,,,,R&B DENIMS LTD,9.5,9.65,9.31,9.44,9.6,9.55,,9.45,,,87423,824981.0,203,F1,1,,,,,
2026-07-22,2026-07-22,CM,BSE,STK,538212,INE909D01026,SHARPINV,X,,,,,SHARP INVESTMENTS LTD,0.37,0.37,0.35,0.37,0.37,0.36,,0.37,,,649898,234112.0,146,F1,1,,,,,
2026-07-22,2026-07-22,CM,BSE,STK,538268,INE066O01014,WONDERLA,B,,,,,WONDERLA HOLIDAYS LTD,470.25,472.0,467.0,471.6,470.0,471.7,,471.7,,,2254,1060936.0,210,F1,1,,,,,
2026-07-22,2026-07-22,CM,BSE,STK,538273,INE401B01010,RESPONSINF,X,,,,,RESPONSE INFORMATICS LTD,20.43,20.43,18.95,19.03,18.95,20.0,,19.03,,,4299,84758.0,42,F1,1,,,,,
2026-07-22,2026-07-22,CM,BSE,STK,538351,INE663P01015,AFEL,Z,,,,,A.F. ENTERPRISES LTD,1.76,1.76,1.67,1.68,1.68,1.74,,1.68,,,3185,5345.0,35,F1,1,,,,,
2026-07-22,2026-07-22,CM,BSE,STK,538365,INE452L01012,INCREDIBLE,B,,,,,INCREDIBLE INDUSTRIES LIMITED,35.4,36.99,34.0,34.6,34.79,33.7,,34.01,,,5650,196147.0,26,F1,1,,,,,
2026-07-22,2026-07-22,CM,BSE,STK,538395,INE792G01011,NAM,X,,,,,NAM SECURITIES LTD,90.46,94.9,90.46,94.9,94.9,90.73,,94.9,,,35,3189.0,7,F1,1,,,,,
2026-07-22,2026-07-22,CM,BSE,STK,538401,INE318N01011,METSL,X,,,,,MAESTROS ELECTRONICS & TELECOM,147.15,153.95,147.1,151.3,151.3,146.8,,151.3,,,6370,960994.0,123,F1,1,,,,,
2026-07-22,2026-07-22,CM,BSE,STK,538422,INE508N01025,JACKSON,X,,,,,JACKSON INVESTMENTS LTD,0.4,0.4,0.39,0.4,0.4,0.4,,0.4,,,229820,91609.0,104,F1,1,,,,,
2026-07-22,2026-07-22,CM,BSE,STK,538446,INE296Q01012,MONEYBOXX,B,,,,,MONEYBOXX FINANCE LIMITED,56.04,59.1,55.0,58.73,58.64,57.0,,58.69,,,4263,242304.0,113,F1,1,,,,,
2026-07-22,2026-07-22,CM,BSE,STK,538451,INE114O01020,WORTH,XT,,,,,WORTH INVESTMENT & TRADING CO,3.74,3.88,3.74,3.88,3.88,3.81,,3.88,,,77132,292956.0,64,F1,1,,,,,
2026-07-22,2026-07-22,CM,BSE,STK,538464,INE901C01017,TPROJECT,X,,,,,THIRANI PROJECTS LTD,3.59,3.6,3.5,3.59,3.59,3.67,,3.59,,,2802,9939.0,12,F1,1,,,,,
2026-07-22,2026-07-22,CM,BSE,STK,538465,INE745P01010,AMARSEC,X,,,,,AMARNATH SECURITIES LTD,13.77,13.77,13.4,13.4,13.4,13.8,,13.4,,,12524,168931.0,10,F1,1,,,,,
2026-07-22,2026-07-22,CM,BSE,STK,538476,INE172D01021,CTL,XT,,,,,CAPITAL TRADE LINKS LTD,26.64,26.64,25.66,26.12,26.12,26.08,,26.12,,,27566,718507.0,81,F1,1,,,,,
2026-07-22,2026-07-22,CM,BSE,STK,538496,INE849M01017,TARINI,M,,,,,TARINI INTERNATIONAL LTD,6.61,7.7,6.61,7.7,7.7,7.6,,7.7,,,12000,85860.0,4,F1,3000,,,,,
2026-07-22,2026-07-22,CM,BSE,STK,538521,INE969E01010,YAANENT,X,,,,,YAAN ENTERPRISES LIMITED,100.0,100.0,100.0,100.0,100.0,98.75,,100.0,,,5003,500300.0,7,F1,1,,,,,
2026-07-22,2026-07-22,CM,BSE,STK,538539,INE075K01013,ANVRDHI,X,,,,,ANNVRRIDHHI VENTURES LIMITED,9.37,9.37,9.3,9.3,9.3,9.32,,9.3,,,2844,26520.0,23,F1,1,,,,,
2026-07-22,2026-07-22,CM,BSE,STK,538540,INE516P01015,RAAMA,XT,,,,,RAAMA FINANCE LIMITED,18.53,18.53,18.53,18.53,18.53,18.17,,18.53,,,36887,683516.0,26,F1,1,,,,,
2026-07-22,2026-07-22,CM,BSE,STK,538542,INE634J01027,GOLDCOINHF,X,,,,,GOLD COIN HEALTH FOODS LTD,33.25,33.41,27.75,30.66,30.66,31.04,,30.66,,,750,23468.0,56,F1,1,,,,,
2026-07-22,2026-07-22,CM,BSE,STK,538546,INE319Q01012,BRPL,B,,,,,BANSAL ROOFING PRODUCTS LTD,119.15,121.0,118.1,119.0,119.9,119.15,,119.0,,,3899,464930.0,92,F1,1,,,,,
2026-07-22,2026-07-22,CM,BSE,STK,538556,INE510P01018,ARMAN,X,,,,,ARMAN HOLDINGS LTD,110.1,110.1,96.7,108.25,109.75,108.8,,108.25,,,5253,575243.0,87,F1,1,,,,,
2026-07-22,2026-07-22,CM,BSE,STK,538562,INE439E01022,SKIPPER,B,,,,,SKIPPER LTD,542.05,546.0,528.05,530.3,530.9,546.3,,530.25,,,26633,14257663.0,982,F1,1,,,,,
2026-07-22,2026-07-22,CM,BSE,STK,538563,INE673E01018,SMTEL,XT,,,,,SMT ENGINEERING LIMITED,539.1,539.1,539.1,539.1,539.1,513.45,,539.1,,,1508,812962.0,44,F1,1,,,,,
2026-07-22,2026-07-22,CM,BSE,STK,538564,INE718P01017,JAMESWARREN,X,,,,,JAMES WARREN TEA LTD,263.6,263.6,259.05,262.95,263.0,262.85,,262.95,,,128,33673.0,14,F1,1,,,,,
2026-07-22,2026-07-22,CM,BSE,STK,538565,INE878P01019,VISTARAMAR,X,,,,,Vistar Amar Limited,209.8,214.8,205.3,213.2,213.2,209.55,,213.2,,,2631,558189.0,59,F1,1,,,,,
2026-07-22,2026-07-22,CM,BSE,STK,538567,INE635Q01029,GULFOILLUB,B,,,,,GULF OIL LUBRICANTS INDIA LTD,983.25,994.05,973.85,982.05,981.25,989.85,,982.4,,,2392,2348084.0,376,F1,1,,,,,
2026-07-22,2026-07-22,CM,BSE,STK,538568,INE836C01015,FRUTION,X,,,,,FRUITION VENTURE LTD,41.0,41.0,38.75,40.0,40.0,40.75,,40.0,,,4594,181542.0,18,F1,1,,,,,
2026-07-22,2026-07-22,CM,BSE,STK,538569,INE916P01025,TRIVENIENT,X,,,,,TRIVENI ENTERPRISES LTD,1.09,1.09,1.0,1.01,1.01,1.02,,1.01,,,13021,13661.0,27,F1,1,,,,,
2026-07-22,2026-07-22,CM,BSE,STK,538596,INE222B01028,CEMAINFRA,X,,,,,CEMANTIC INFRA-TECH LIMITED,5.06,5.44,4.94,5.44,5.44,5.19,,5.44,,,998,5323.0,23,F1,1,,,,,
2026-07-22,2026-07-22,CM,BSE,STK,538597,INE404F01031,TTIENT,X,,,,,TTI ENTERPRISE LTD,8.16,8.16,7.7,7.9,7.9,7.98,,7.9,,,2787,22016.0,14,F1,1,,,,,
2026-07-22,2026-07-22,CM,BSE,STK,538598,INE755Q01025,VISHAL,B,,,,,VISHAL FABRICS LTD,18.31,19.26,18.2,18.33,18.26,18.79,,18.33,,,74791,1388157.0,460,F1,1,,,,,
2026-07-22,2026-07-22,CM,BSE,STK,538607,INE457P01020,TOYAMSL,X,,,,,TOYAM SPORTS LIMITED,0.68,0.69,0.66,0.67,0.67,0.68,,0.67,,,816163,549604.0,237,F1,1,,,,,
2026-07-22,2026-07-22,CM,BSE,STK,538609,INE868G01019,GAJANANSEC,X,,,,,GAJANAN SECURITIES SERVICES LT,51.0,52.0,50.0,51.48,51.73,51.15,,51.48,,,1596,81746.0,35,F1,1,,,,,
2026-07-22,2026-07-22,CM,BSE,STK,538610,INE099D01026,UNISON,XT,,,,,UNISON METALS LTD,0.72,0.72,0.68,0.7,0.71,0.69,,0.7,,,442155,306701.0,188,F1,1,,,,,
2026-07-22,2026-07-22,CM,BSE,STK,538611,INE840I01014,RTFL,Z,,,,,Real Touch Finance Limited,50.45,50.45,50.45,50.45,50.45,53.1,,50.45,,,4,201.0,1,F1,1,,,,,
2026-07-22,2026-07-22,CM,BSE,STK,538634,INE406F01010,VRL,XT,,,,,VASUNDHARA RASAYANS LTD,170.0,176.0,170.0,171.55,174.75,170.85,,171.55,,,1387,241057.0,36,F1,1,,,,,
2026-07-22,2026-07-22,CM,BSE,STK,538635,INE734N01019,SNOWMAN,B,,,,,SNOWMAN LOGISTICS LTD,36.72,37.32,36.18,36.54,36.6,37.01,,36.66,,,3705,135169.0,119,F1,1,,,,,
2026-07-22,2026-07-22,CM,BSE,STK,538646,INE837C01013,QGO,X,,,,,QGO FINANCE LIMITED,44.66,44.66,43.0,43.0,43.0,44.22,,43.0,,,131,5661.0,18,F1,1,,,,,
2026-07-22,2026-07-22,CM,BSE,STK,538647,INE729C01020,PURSHOTTAM,X,,,,,PURSHOTTAM INVESTOFIN LTD,36.1,36.1,36.1,36.1,36.1,38.56,,36.1,,,2,72.0,2,F1,1,,,,,
2026-07-22,2026-07-22,CM,BSE,STK,538666,INE221J01015,SHARDACROP,A,,,,,Sharda Cropchem Limited,889.8,889.8,869.5,873.4,872.95,879.15,,873.15,,,6821,5985362.0,473,F1,1,,,,,
2026-07-22,2026-07-22,CM,BSE,STK,538668,INE898Q01015,MIIL,B,,,,,Meghna Infracon Infrastructure,764.9,764.95,718.0,721.0,721.45,761.35,,721.0,,,89281,64899770.0,804,F1,1,,,,,
2026-07-22,2026-07-22,CM,BSE,STK,538674,INE158C01014,CITYONLINE,Z,,,,,City Online Services Limited,8.16,8.16,8.16,8.16,8.16,8.34,,8.16,,,16,130.0,1,F1,1,,,,,
2026-07-22,2026-07-22,CM,BSE,STK,538683,INF204KA1UN7,SENSEXBEES,A,,,,,NIPPON INDIA ETF SENSEX,887.1,887.4,880.11,881.59,884.0,890.95,,881.59,,,10088,8902578.0,437,F1,1,,,,,
2026-07-22,2026-07-22,CM,BSE,STK,538685,INE363M01019,SHEMAROO,T,,,,,SHEMAROO ENTERTAINMENT LIMITED,125.1,128.9,125.0,125.0,125.0,125.7,,125.04,,,314,39306.0,4,F1,1,,,,,
2026-07-22,2026-07-22,CM,BSE,STK,538706,INE010R01023,ULTRACAB,X,,,,,Ultracab (India) Limited,7.18,7.18,6.84,6.89,6.89,7.04,,6.89,,,115207,804218.0,286,F1,1,,,,,
2026-07-22,2026-07-22,CM,BSE,STK,538707,INE929D01016,RCCL,X,,,,,Rajasthan Cylinders & Containe,32.15,32.5,30.61,32.21,32.5,32.13,,32.21,,,698,22442.0,20,F1,1,,,,,
2026-07-22,2026-07-22,CM,BSE,STK,538708,INE937K01014,ETIL,X,,,,,Econo Trade (India) Limited,6.1,6.64,6.1,6.41,6.46,6.1,,6.41,,,454,2912.0,30,F1,1,,,,,
2026-07-22,2026-07-22,CM,BSE,STK,538713,INE011R01013,ATISHAY,X,,,,,Atishay Limited,178.95,183.7,162.1,163.7,163.7,173.55,,163.7,,,7535,1276381.0,189,F1,1,,,,,
2026-07-22,2026-07-22,CM,BSE,STK,538714,INE475D01010,SANGAMFIN,X,,,,,Sangam Finserv Limited,37.25,43.0,36.4,43.0,43.0,37.25,,43.0,,,79,2945.0,6,F1,1,,,,,
2026-07-22,2026-07-22,CM,BSE,STK,538715,INE260R01016,DHABRIYA,X,,,,,Dhabriya Polywood Limited,412.8,412.8,385.0,396.15,394.4,406.35,,396.15,,,10670,4262962.0,243,F1,1,,,,,
2026-07-22,2026-07-22,CM,BSE,STK,538716,INE229R01011,ARYACAPM,B,,,,,Aryaman Capital Markets Limite,430.05,434.8,395.45,401.05,402.45,411.0,,401.05,,,1675,685303.0,1576,F1,1,,,,,
2026-07-22,2026-07-22,CM,BSE,STK,538730,INE111Q01021,PDSL,B,,,,,PDS LIMITED,364.0,365.0,353.45,359.1,354.05,364.3,,356.75,,,2794,1007229.0,112,F1,1,,,,,
2026-07-22,2026-07-22,CM,BSE,STK,538732,INE761Q01015,VGCL,XT,,,,,Vibrant Global Capital Limited,53.13,54.5,53.0,53.0,53.0,54.5,,53.0,,,196,10460.0,7,F1,1,,,,,
2026-07-22,2026-07-22,CM,BSE,STK,538734,INE016Q01014,CEINSYS,B,,,,,CEINSYS TECH LIMITED,884.05,895.35,857.6,868.85,870.5,884.05,,869.65,,,11556,10052382.0,599,F1,1,,,,,
2026-07-22,2026-07-22,CM,BSE,STK,538742,INE516E01019,PANABYTE,X,,,,,PANABYTE TECHNOLOGIES LIMITED,18.5,18.5,17.65,17.68,18.24,18.5,,17.68,,,6975,125361.0,26,F1,1,,,,,
2026-07-22,2026-07-22,CM,BSE,STK,538770,INE176L01017,CRANEINFRA,X,,,,,Crane Infrastructure Limited,12.65,12.8,12.0,12.09,12.09,12.5,,12.09,,,1936,24157.0,17,F1,1,,,,,
2026-07-22,2026-07-22,CM,BSE,STK,538772,INE480D01010,NIYOGIN,X,,,,,Niyogin Fintech Limited,42.99,43.49,42.06,43.29,43.45,42.39,,43.29,,,50891,2196117.0,131,F1,1,,,,,
2026-07-22,2026-07-22,CM,BSE,STK,538777,INE131Q01011,ASIACAP,XT,,,,,ASIA CAPITAL LIMITED,85.79,85.79,85.79,85.79,85.79,87.54,,85.79,,,504,43238.0,3,F1,1,,,,,
2026-07-22,2026-07-22,CM,BSE,STK,538778,INE149Q01021,KALYANCAP,XT,,,,,Kalyan Capitals Limited,7.6,8.15,7.6,7.76,7.8,7.95,,7.76,,,3567,27892.0,52,F1,1,,,,,
2026-07-22,2026-07-22,CM,BSE,STK,538786,INE473L01018,CITIZEN,X,,,,,Citizen Solar Limited,302.65,302.65,290.9,300.5,302.65,296.75,,300.5,,,4655,1406209.0,61,F1,1,,,,,
2026-07-22,2026-07-22,CM,BSE,STK,538787,INE997C01015,GBFL,X,,,,,Goenka Business & Finance Limi,9.0,10.28,9.0,9.69,9.51,9.48,,9.69,,,2732,26355.0,62,F1,1,,,,,
2026-07-22,2026-07-22,CM,BSE,STK,538788,INE918C01029,GILADAFINS,X,,,,,Gilada Finance & Investments L,13.98,13.98,13.46,13.5,13.85,13.6,,13.5,,,1950,26455.0,17,F1,1,,,,,
2026-07-22,2026-07-22,CM,BSE,STK,538795,INE185C01017,SAPPL,B,,,,,Shree Ajit Pulp And Paper Ltd.,306.0,306.0,306.0,306.0,306.0,306.95,,294.6,,,2,612.0,2,F1,1,,,,,
2026-07-22,2026-07-22,CM,BSE,STK,538812,INE322R01022,AANCHALISP,XT,,,,,Aanchal Ispat Limited,88.0,88.4,83.45,83.45,83.45,87.8,,83.45,,,10365,876134.0,70,F1,1,,,,,
2026-07-22,2026-07-22,CM,BSE,STK,538817,INE513R01026,CAPPIPES,B,,,,,Captain Pipes Limited,9.26,9.35,9.0,9.12,9.16,9.22,,9.12,,,62912,572337.0,286,F1,1,,,,,
2026-07-22,2026-07-22,CM,BSE,STK,538833,INE891N01017,KAIZENAGRO,XT,,,,,KAIZEN AGRO INFRABUILD LIMITED,10.5,10.88,10.44,10.44,10.44,10.89,,10.44,,,860,9042.0,11,F1,1,,,,,
2026-07-22,2026-07-22,CM,BSE,STK,538834,INE242Q01016,JMJFIN,X,,,,,JMJ Fintech Limited,9.65,9.71,9.5,9.58,9.66,9.59,,9.58,,,11627,111775.0,46,F1,1,,,,,
2026-07-22,2026-07-22,CM,BSE,STK,538835,INE306R01017,INTELLECT,A,,,,,INTELLECT DESIGN ARENA LIMITED,763.7,763.7,736.25,739.25,739.85,758.6,,738.45,,,14491,10812178.0,650,F1,1,,,,,
2026-07-22,2026-07-22,CM,BSE,STK,538836,INE950M01013,MONTECARLO,B,,,,,Monte Carlo Fashions Limited,541.75,541.75,532.6,534.4,534.15,538.75,,534.8,,,1846,986775.0,98,F1,1,,,,,
2026-07-22,2026-07-22,CM,BSE,STK,538837,INE237B01018,JSTL,X,,,,,Jeevan Scientific Technology L,71.53,72.5,70.04,71.78,71.78,71.53,,71.78,,,14199,1020933.0,56,F1,1,,,,,
2026-07-22,2026-07-22,CM,BSE,STK,538838,INE407P01017,ICL,XT,,,,,Indo Cotspin Limited,37.4,41.09,37.2,40.67,41.09,39.14,,40.67,,,4907,193174.0,25,F1,1,,,,,
2026-07-22,2026-07-22,CM,BSE,STK,538857,INE892C01018,SCC,X,,,,,Scintilla Commercial & Credit,12.6,12.6,12.5,12.5,12.5,12.57,,12.5,,,6,75.0,2,F1,1,,,,,
2026-07-22,2026-07-22,CM,BSE,STK,538860,INE655P01029,PANAFIC,XT,,,,,PANAFIC INDUSTRIALS LTD,1.77,1.77,1.77,1.77,1.77,1.74,,1.77,,,155288,274859.0,59,F1,1,,,,,
2026-07-22,2026-07-22,CM,BSE,STK,538862,INE232L01018,MYMONEY,X,,,,,My Money Securities Ltd.,39.5,39.5,36.0,38.25,38.25,39.69,,38.25,,,1930,69793.0,14,F1,1,,,,,
2026-07-22,2026-07-22,CM,BSE,STK,538868,INE183Q01020,CSL,X,,,,,Continental Securities Limited,13.8,13.8,12.01,13.5,13.32,13.77,,13.5,,,138539,1811908.0,190,F1,1,,,,,
2026-07-22,2026-07-22,CM,BSE,STK,538874,INE370Q01015,NEXUSSURGL,X,,,,,NEXUS SURGICAL AND MEDICARE LI,19.5,20.0,18.0,19.99,20.0,18.91,,19.99,,,1508,29285.0,34,F1,1,,,,,
2026-07-22,2026-07-22,CM,BSE,STK,538881,INE243E01010,GALADAFIN,XT,,,,,Galada Finance Limited,40.0,40.0,38.9,39.0,39.0,39.0,,39.0,,,2618,102040.0,10,F1,1,,,,,
2026-07-22,2026-07-22,CM,BSE,STK,538882,INE030Q01015,EMERALD,X,,,,,Emerald Finance Limited,60.0,60.0,56.5,58.19,57.5,58.14,,58.19,,,75698,4387455.0,349,F1,1,,,,,
2026-07-22,2026-07-22,CM,BSE,STK,538890,INE227F01010,MKEXIM,X,,,,,M. K. Exim (India) Ltd.,54.5,55.77,54.15,54.16,54.16,54.01,,54.16,,,3237,176765.0,60,F1,1,,,,,
2026-07-22,2026-07-22,CM,BSE,STK,538891,INE613C01026,MCLOUD,B,,,,,MAGELLANIC CLOUD LIMITED,27.85,28.09,27.36,27.58,27.65,28.28,,27.5,,,148865,4114835.0,536,F1,1,,,,,
2026-07-22,2026-07-22,CM,BSE,STK,538894,INE513C01010,OCTAL,X,,,,,Octal Credit Capital Ltd.,21.65,21.68,21.65,21.67,21.68,20.65,,21.67,,,311,6733.0,12,F1,1,,,,,
2026-07-22,2026-07-22,CM,BSE,STK,538895,INE779Q01017,MIHIKA,XT,,,,,Mihika Industries Ltd.,12.35,13.65,12.35,13.6,13.61,13.0,,13.6,,,1400,18532.0,8,F1,1,,,,,
2026-07-22,2026-07-22,CM,BSE,STK,538896,INE081G01019,KANCHI,T,,,,,Kanchi Karpooram Ltd.,358.2,361.85,358.2,358.2,358.2,358.2,,368.55,,,139,49844.0,12,F1,1,,,,,
2026-07-22,2026-07-22,CM,BSE,STK,538897,INE201F01015,SHRINIWAS,X,,,,,Shri Niwas Leasing and Finance,11.53,11.53,10.5,11.43,11.43,10.99,,11.43,,,4577,51606.0,29,F1,1,,,,,
2026-07-22,2026-07-22,CM,BSE,STK,538902,INE341R01014,DTIL,B,,,,,Dhunseri Tea & Industries Ltd,135.0,135.0,134.0,134.0,134.0,138.8,,134.36,,,14,1877.0,4,F1,1,,,,,
2026-07-22,2026-07-22,CM,BSE,STK,538918,INE661Q01017,VANICOM,X,,,,,Vani Commercials Limited,8.08,8.09,7.54,7.54,7.78,7.95,,7.54,,,17228,138117.0,8,F1,1,,,,,
2026-07-22,2026-07-22,CM,BSE,STK,538920,INE498Q01014,VINCOFE,B,,,,,VINTAGE COFFEE AND BEVERAGES L,159.85,159.85,154.9,156.15,155.85,156.85,,156.16,,,74034,11586729.0,708,F1,1,,,,,
2026-07-22,2026-07-22,CM,BSE,STK,538922,INE029B01019,COSYN,X,,,,,COSYN Limited,20.7,21.12,20.5,21.0,21.0,20.83,,21.0,,,4273,89718.0,27,F1,1,,,,,
2026-07-22,2026-07-22,CM,BSE,STK,538923,INE499Q01012,SOFCOM,XT,,,,,SOFCOM SYSTEMS LIMITED,19.35,19.75,17.94,18.63,19.2,18.88,,18.63,,,87031,1602842.0,98,F1,1,,,,,
2026-07-22,2026-07-22,CM,BSE,STK,538926,INE223R01014,NAPL,X,,,,,Naturite Agro Products Limited,181.15,200.15,181.15,194.75,194.75,190.65,,194.75,,,185957,34384531.0,1266,F1,1,,,,,
2026-07-22,2026-07-22,CM,BSE,STK,538928,INE554R01020,KARNAVATI,X,,,,,Karnavati Finance Limited,1.4,1.5,1.35,1.36,1.36,1.38,,1.36,,,45778,65576.0,57,F1,1,,,,,
2026-07-22,2026-07-22,CM,BSE,STK,538935,INE723C01015,ABHIFIN,XT,,,,,Abhishek Finlease limited,56.61,56.61,56.6,56.6,56.6,53.92,,56.6,,,120,6792.0,5,F1,1,,,,,
2026-07-22,2026-07-22,CM,BSE,STK,538942,INE689O01013,MERCANTILE,B,,,,,Mercantile Ventures Limited,25.94,26.7,22.8,25.05,24.85,24.33,,24.91,,,2370,60060.0,43,F1,1,,,,,
2026-07-22,2026-07-22,CM,BSE,STK,538943,INE321M01017,SONAL,B,,,,,Sonal Mercantile Limited,101.0,101.0,92.15,92.73,92.15,97.0,,92.73,,,540,50173.0,19,F1,1,,,,,
2026-07-22,2026-07-22,CM,BSE,STK,538952,INE211D01027,ALFL,X,,,,,Abhinav Leasing & Finance Limi,1.06,1.1,1.05,1.1,1.1,1.06,,1.1,,,566,595.0,12,F1,1,,,,,
2026-07-22,2026-07-22,CM,BSE,STK,538961,INE949P01018,GENUSPAPER,B,,,,,GENUS PAPER & BOARDS LIMITED,11.5,12.65,11.3,12.51,12.51,11.17,,12.4,,,18908,226841.0,117,F1,1,,,,,
2026-07-22,2026-07-22,CM,BSE,STK,538962,INE842C01021,MINDACORP,A,,,,,Minda Corporation Limited,683.2,688.4,669.65,672.1,671.8,680.3,,671.3,,,8407,5701510.0,401,F1,1,,,,,
2026-07-22,2026-07-22,CM,BSE,STK,538964,INE947G01011,MERCURYLAB,X,,,,,Mercury Laboratories Limited,850.0,897.95,837.1,844.1,837.1,858.35,,844.1,,,73,61861.0,20,F1,1,,,,,
2026-07-22,2026-07-22,CM,BSE,STK,538965,INE858L01010,CONCORD,X,,,,,Concord Drugs Limited,71.75,73.8,71.0,71.35,71.4,71.52,,71.35,,,2729,195187.0,32,F1,1,,,,,
2026-07-22,2026-07-22,CM,BSE,STK,538970,INE945P01024,WARDINMOBI,X,,,,,WARDWIZARD INNOVATIONS AND MOB,6.9,6.92,6.62,6.73,6.83,6.9,,6.73,,,356178,2427199.0,766,F1,1,,,,,
2026-07-22,2026-07-22,CM,BSE,STK,538975,INE397C01026,SHREESEC,Z,,,,,Shree Securities Ltd.,0.2,0.21,0.2,0.2,0.21,0.21,,0.2,,,123982,25168.0,127,F1,1,,,,,
2026-07-22,2026-07-22,CM,BSE,STK,538979,INE544R01021,GREENLAM,B,,,,,Greenlam Industries Ltd,246.75,246.75,242.75,243.55,242.75,248.1,,243.85,,,689,167806.0,25,F1,1,,,,,
2026-07-22,2026-07-22,CM,BSE,STK,538987,INE717E01013,TALBROSENG,X,,,,,TALBROS ENGINEERING LIMITED,696.2,700.8,692.15,696.5,695.05,696.2,,696.5,,,1087,757728.0,54,F1,1,,,,,
2026-07-22,2026-07-22,CM,BSE,STK,538992,INE002E01010,SAPL,X,,,,,Sar  Auto Products Limited,3390.0,3540.25,3290.0,3398.75,3540.25,3371.7,,3398.75,,,99,344371.0,28,F1,1,,,,,
2026-07-22,2026-07-22,CM,BSE,STK,539005,INE246D01015,JAYATMA,XT,,,,,JAYATMA ENTERPRISES LIMITED,37.45,37.45,37.45,37.45,37.45,35.67,,37.45,,,18,674.0,4,F1,1,,,,,
2026-07-22,2026-07-22,CM,BSE,STK,539006,INE596F01018,PTCIL,A,,,,,PTC Industries Ltd.,17979.85,18034.0,17563.3,17802.35,17841.05,17808.8,,17778.0,,,659,11746679.0,261,F1,1,,,,,
2026-07-22,2026-07-22,CM,BSE,STK,539011,INE777O01016,CHENFERRO,X,,,,,CHENNAI FERROUS INDUSTRIES LIM,82.01,82.01,78.01,79.87,80.0,81.55,,79.87,,,899,72255.0,49,F1,1,,,,,
2026-07-22,2026-07-22,CM,BSE,STK,539012,INE756R01013,MEGRISOFT,X,,,,,Megri Soft Limited,80.88,84.0,80.88,84.0,84.0,82.67,,84.0,,,94,7754.0,6,F1,1,,,,,
2026-07-22,2026-07-22,CM,BSE,STK,539013,INE776O01018,GITARENEW,X,,,,,GITA RENEWABLE ENERGY LIMITED,72.45,73.96,72.45,73.96,73.96,73.9,,73.96,,,215,15661.0,19,F1,1,,,,,
2026-07-22,2026-07-22,CM,BSE,STK,539014,INE059Q01014,KALPACOMME,X,,,,,Kalpa Commercial Limited,8.0,8.0,7.12,7.14,7.14,8.0,,7.14,,,463,3396.0,7,F1,1,,,,,
2026-07-22,2026-07-22,CM,BSE,STK,539015,INE849L01019,ORTEL,Z,,,,,Ortel Communications Limited,1.58,1.74,1.58,1.74,1.74,1.66,,1.75,,,4003,6875.0,11,F1,1,,,,,
2026-07-22,2026-07-22,CM,BSE,STK,539016,INE396C01010,NEIL,X,,,,,Neil Industries Ltd.,6.25,6.41,6.03,6.28,6.29,6.42,,6.28,,,1445,8905.0,28,F1,1,,,,,
2026-07-22,2026-07-22,CM,BSE,STK,539017,INE526R01028,STARHFL,XT,,,,,STAR HOUSING FINANCE LIMITED,5.92,6.3,5.92,6.17,6.19,6.08,,6.17,,,31776,191801.0,71,F1,1,,,,,
2026-07-22,2026-07-22,CM,BSE,STK,539018,INE213D01015,BEEKAY,B,,,,,Beekay Steel Industries Ltd.,402.4,402.4,400.0,400.0,400.0,402.4,,400.8,,,75,30083.0,18,F1,1,,,,,
2026-07-22,2026-07-22,CM,BSE,STK,539031,INF200KA1572,SETFBSE100,A,,,,,SBI Mutual Fund,285.5,285.5,282.52,284.14,284.14,286.33,,284.14,,,470,133190.0,33,F1,1,,,,,
2026-07-22,2026-07-22,CM,BSE,STK,539032,INE184Q01010,FRASER,X,,,,,Fraser And Company Limited,9.95,9.98,9.17,9.41,9.54,9.63,,9.41,,,15431,150819.0,33,F1,1,,,,,
2026-07-22,2026-07-22,CM,BSE,STK,539040,INE812Q01016,TIRUPATIIN,XT,,,,,TIRUPATI INNOVAR LIMITED,7.43,7.43,7.4,7.43,7.43,7.29,,7.43,,,251171,1865217.0,195,F1,1,,,,,
2026-07-22,2026-07-22,CM,BSE,STK,539041,INE369Q01017,GANVERSE,MT,,,,,GANESHA ECOVERSE LIMITED,27.56,27.56,27.09,27.14,27.09,28.51,,27.14,,,7500,205100.0,6,F1,1250,,,,,
2026-07-22,2026-07-22,CM,BSE,STK,539042,INE976R01033,AGIIL,B,,,,,AGI Infra Limited,328.05,333.95,320.2,322.95,323.95,327.8,,322.85,,,67335,21954993.0,883,F1,1,,,,,
2026-07-22,2026-07-22,CM,BSE,STK,539044,INE824Q01011,MANAKSTEEL,T,,,,,Manaksia Steels Limited,73.15,75.0,73.15,74.25,74.25,73.26,,72.85,,,217,16244.0,5,F1,1,,,,,
2026-07-22,2026-07-22,CM,BSE,STK,539045,INE859Q01017,MANAKALUCO,B,,,,,Manaksia Aluminium Company Ltd,36.68,36.74,36.0,36.26,36.1,36.67,,36.33,,,5030,182145.0,60,F1,1,,,,,
2026-07-22,2026-07-22,CM,BSE,STK,539046,INE830Q01018,MANAKCOAT,B,,,,,Manaksia Coated Metals & Indus,130.0,130.0,120.0,122.65,122.65,123.05,,122.59,,,7999,973609.0,157,F1,1,,,,,
2026-07-22,2026-07-22,CM,BSE,STK,539056,INE172N01012,IMAGICAA,B,,,,,IMAGICAAWORLD ENTERTAINMENT LI,46.52,48.95,46.11,47.28,47.35,46.98,,47.36,,,37884,1792776.0,255,F1,1,,,,,
2026-07-22,2026-07-22,CM,BSE,STK,539083,INE066P01011,INOXWIND,A,,,,,Inox Wind Limited,79.74,79.74,76.43,76.71,76.71,78.97,,76.67,,,318986,24673479.0,2568,F1,1,,,,,
2026-07-22,2026-07-22,CM,BSE,STK,539090,INE751R01014,RAJPUTANA,X,,,,,Rajputana Investment and Finan,33.1,34.0,33.0,34.0,34.0,34.0,,34.0,,,68,2280.0,5,F1,1,,,,,
2026-07-22,2026-07-22,CM,BSE,STK,539091,INE187R01029,CCDL,XT,,,,,Consecutive Commodities Limite,1.15,1.18,1.14,1.14,1.14,1.14,,1.14,,,857250,980044.0,185,F1,1,,,,,
2026-07-22,2026-07-22,CM,BSE,STK,539097,INE904R01027,URSUGAR,B,,,,,UR SUGAR INDUSTRIES LIMITED,2.62,2.8,2.62,2.7,2.71,2.7,,2.7,,,146224,395341.0,74,F1,1,,,,,
2026-07-22,2026-07-22,CM,BSE,STK,539110,INE736P01019,NORTHLINK,Z,,,,,Northlink Fiscal And Capital S,24.33,24.33,24.33,24.33,24.33,23.18,,24.33,,,50,1216.0,1,F1,1,,,,,
2026-07-22,2026-07-22,CM,BSE,STK,539111,INE193R01019,SHESHAINDS,X,,,,,SHESHADRI INDUSTRIES LIMITED,18.0,18.0,18.0,18.0,18.0,18.0,,18.0,,,21,378.0,1,F1,1,,,,,
2026-07-22,2026-07-22,CM,BSE,STK,539112,INE137M01017,SAB,XT,,,,,SAB INDUSTRIES LIMITED,195.0,201.0,195.0,199.15,201.0,203.3,,199.15,,,231,45171.0,16,F1,1,,,,,
2026-07-22,2026-07-22,CM,BSE,STK,539113,INE291E01019,PML,B,,,,,Paul Merchants Ltd.,485.0,485.05,485.0,485.0,485.0,487.65,,486.65,,,104,50440.0,11,F1,1,,,,,
2026-07-22,2026-07-22,CM,BSE,STK,539115,INE273F01022,ALANSCOTT,XT,,,,,ALAN SCOTT ENTERPRISES LIMITED,314.0,323.95,310.0,312.6,320.95,314.0,,312.6,,,39,12240.0,8,F1,1,,,,,
2026-07-22,2026-07-22,CM,BSE,STK,539117,INE029H01016,SUJALA,X,,,,,Sujala Trading & Holding Ltd.,17.37,17.37,16.15,16.38,16.15,16.76,,16.38,,,42976,709197.0,171,F1,1,,,,,
2026-07-22,2026-07-22,CM,BSE,STK,539118,INE366I01010,VRLLOG,B,,,,,VRL Logistics Limited,243.6,247.05,241.55,242.9,242.5,243.45,,243.04,,,15923,3881895.0,517,F1,1,,,,,
2026-07-22,2026-07-22,CM,BSE,STK,539120,INE578R01011,GRAMEVA,XT,,,,,GRAMEVA LIMITED,97.9,97.9,90.25,95.85,95.85,95.0,,95.85,,,1497,138275.0,15,F1,1,,,,,
2026-07-22,2026-07-22,CM,BSE,STK,539121,INE239L01013,PALCO,X,,,,,Palco Metals Limited,139.45,144.0,135.4,143.3,144.0,136.65,,143.3,,,3152,448857.0,25,F1,1,,,,,
2026-07-22,2026-07-22,CM,BSE,STK,539122,INE104F01029,BODHTREE,X,,,,,Bodhtree Consulting Limited,17.35,17.5,16.55,17.0,17.0,17.35,,17.0,,,4253,73728.0,13,F1,1,,,,,
2026-07-22,2026-07-22,CM,BSE,STK,539123,INE334E01017,VBIND,X,,,,,V B INDUSTRIES LIMITED,9.3,9.3,8.71,8.73,8.75,8.93,,8.73,,,11264,99647.0,31,F1,1,,,,,
2026-07-22,2026-07-22,CM,BSE,STK,539124,INE822Q01015,SARVOTTAM,X,,,,,Survottam Finvest Ltd.,21.5,21.5,18.9,20.53,20.53,19.99,,20.53,,,2005,41162.0,8,F1,1,,,,,
2026-07-22,2026-07-22,CM,BSE,STK,539126,INE776I01010,MEP,Z,,,,,MEP Infrastructure Developers,0.58,0.58,0.58,0.58,0.58,0.59,,0.57,,,32384,18782.0,28,F1,1,,,,,
2026-07-22,2026-07-22,CM,BSE,STK,539132,INE761D01021,WARDWIZFBL,X,,,,,Wardwizard Foods and Beverages,9.84,9.84,9.12,9.54,9.54,9.53,,9.54,,,347886,3313507.0,365,F1,1,,,,,
2026-07-22,2026-07-22,CM,BSE,STK,539141,INE527H01019,UFO,B,,,,,UFO Moviez India Limited,65.62,70.83,65.62,67.2,67.2,67.96,,67.1,,,2007,136044.0,120,F1,1,,,,,
2026-07-22,2026-07-22,CM,BSE,STK,539143,INE945O01019,PANTH,XT,,,,,PANTH INFINITY LIMITED,10.0,10.4,10.0,10.09,10.09,10.06,,10.09,,,19707,200388.0,70,F1,1,,,,,
2026-07-22,2026-07-22,CM,BSE,STK,539148,INE788J01021,SHIVALIK,T,,,,,Shivalik Rasayan Ltd.,238.85,250.7,233.85,245.25,245.0,238.85,,242.79,,,16682,4101628.0,199,F1,1,,,,,
2026-07-22,2026-07-22,CM,BSE,STK,539149,INE682B01023,ICSL,X,,,,,Integrated Capital Services Lt,4.0,4.0,3.85,3.85,3.85,3.85,,3.85,,,997,3846.0,13,F1,1,,,,,
2026-07-22,2026-07-22,CM,BSE,STK,539150,INE195J01029,PNCINFRA,A,,,,,PNC Infratech Limited,241.65,241.65,232.9,234.5,234.3,243.55,,234.39,,,21425,5069682.0,625,F1,1,,,,,
2026-07-22,2026-07-22,CM,BSE,STK,539151,INE784R01023,ARFIN,B,,,,,Arfin India Limited,85.8,89.5,85.8,88.48,88.97,87.09,,88.59,,,70672,6161692.0,486,F1,1,,,,,
2026-07-22,2026-07-22,CM,BSE,STK,539176,INE230I01018,HAWAENG,X,,,,,Hawa Engineers ltd.,81.19,81.2,81.19,81.2,81.2,81.2,,81.2,,,8,649.0,4,F1,1,,,,,
2026-07-22,2026-07-22,CM,BSE,STK,539177,INE206F01022,AIIL,A,,,,,Authum Investment & Infrastruc,564.95,576.95,539.65,543.15,543.15,561.0,,542.4,,,129663,72771052.0,3043,F1,1,,,,,
2026-07-22,2026-07-22,CM,BSE,STK,539189,INE578L01014,ADHBHUTIN,X,,,,,Adhbhut Infrastructure Ltd.,15.2,15.2,14.06,14.93,15.15,14.51,,14.93,,,3898,57583.0,18,F1,1,,,,,
2026-07-22,2026-07-22,CM,BSE,STK,539190,INE848N01017,DFL,X,,,,,Decillion Finance Ltd.,37.55,37.75,35.82,37.75,37.75,39.8,,37.75,,,275,10374.0,7,F1,1,,,,,
2026-07-22,2026-07-22,CM,BSE,STK,539195,INE035S01028,POEL,X,,,,,POCL ENTERPRISES LTD,170.85,173.85,167.55,168.25,168.25,170.2,,168.25,,,23631,4000471.0,258,F1,1,,,,,
2026-07-22,2026-07-22,CM,BSE,STK,539196,INE829P01020,AEL,X,,,,,Amba Enterprises Ltd.,112.0,112.75,110.05,111.0,110.45,111.95,,111.0,,,5837,649664.0,72,F1,1,,,,,
2026-07-22,2026-07-22,CM,BSE,STK,539199,INE618R01015,SGFIN,B,,,,,SG FINSERVE LIMITED,678.95,678.95,648.0,665.05,669.5,675.95,,665.65,,,26156,17276795.0,833,F1,1,,,,,
2026-07-22,2026-07-22,CM,BSE,STK,539200,INE203Q01026,NOBPOL,XT,,,,,NOBLE POLYMERS LIMITED,6.71,6.71,6.71,6.71,6.71,6.58,,6.71,,,2833,19009.0,9,F1,1,,,,,
2026-07-22,2026-07-22,CM,BSE,STK,539201,INE170E01023,SATIA,B,,,,,SATIA INDUSTRIES LIMITED,57.5,59.55,57.05,58.89,58.41,57.97,,58.92,,,7260,424086.0,137,F1,1,,,,,
2026-07-22,2026-07-22,CM,BSE,STK,539206,INE574D01010,GVBL,X,,,,,GENOMIC VALLEY BIOTECH LIMITED,27.15,28.0,27.15,28.0,28.0,28.55,,28.0,,,1024,28058.0,9,F1,1,,,,,
2026-07-22,2026-07-22,CM,BSE,STK,539216,INE653S01028,GARMNTMNTR,X,,,,,GARMENT MANTRA LIFESTYLE LIMIT,1.13,1.13,1.11,1.12,1.13,1.12,,1.12,,,163407,182659.0,143,F1,1,,,,,
2026-07-22,2026-07-22,CM,BSE,STK,539217,INE606K01049,SRESTHA,XT,,,,,Srestha Finvest Limited,0.31,0.32,0.31,0.32,0.32,0.31,,0.32,,,5371946,1711539.0,509,F1,1,,,,,
2026-07-22,2026-07-22,CM,BSE,STK,539218,INE563C01015,SAUMYA,X,,,,,Saumya Consultants Ltd.,123.4,123.4,113.1,122.75,122.75,118.9,,122.75,,,102,11556.0,3,F1,1,,,,,
2026-07-22,2026-07-22,CM,BSE,STK,539219,INE150D01027,MUL,X,,,,,MAURIA UDYOG LIMITED,8.49,8.99,7.99,8.05,8.03,8.36,,8.05,,,67554,552744.0,109,F1,1,,,,,
2026-07-22,2026-07-22,CM,BSE,STK,539220,INE540S01019,MISHKA,X,,,,,Mishka Exim Limited,40.01,40.01,40.01,40.01,40.01,40.01,,40.01,,,1149,45971.0,4,F1,1,,,,,
2026-07-22,2026-07-22,CM,BSE,STK,539221,INE885H01029,SPORTKING,B,,,,,Sportking India Ltd.,199.9,205.0,197.9,200.65,201.35,198.55,,200.91,,,21339,4294672.0,464,F1,1,,,,,
2026-07-22,2026-07-22,CM,BSE,STK,539222,INE451S01027,GROWINGTON,B,,,,,GROWINGTON VENTURES INDIA LIMI,0.73,0.75,0.72,0.73,0.73,0.73,,0.73,,,3128782,2294070.0,400,F1,1,,,,,
2026-07-22,2026-07-22,CM,BSE,STK,539224,INE345Q01017,HCKKVENTURE,XT,,,,,HCKK Ventures Limited,36.96,37.14,36.96,37.14,37.14,35.38,,37.14,,,2815,104531.0,6,F1,1,,,,,
2026-07-22,2026-07-22,CM,BSE,STK,539226,INE027T01023,RUDRA,T,,,,,RUDRA GLOBAL INFRA PRODUCTS LI,17.0,17.01,16.16,16.22,16.22,17.0,,16.51,,,25693,430683.0,70,F1,1,,,,,
2026-07-22,2026-07-22,CM,BSE,STK,539227,INE876S01017,LOYAL,X,,,,,Loyal Equipments Limited,155.4,158.65,153.05,155.4,155.35,155.4,,155.4,,,4640,719149.0,82,F1,1,,,,,
2026-07-22,2026-07-22,CM,BSE,STK,539228,INE480S01026,GGPL,Z,,,,,Gala Global Products Limited,1.7,1.78,1.7,1.73,1.74,1.7,,1.73,,,10501,18095.0,37,F1,1,,,,,
2026-07-22,2026-07-22,CM,BSE,STK,539230,INE829R01018,CHEMIESYNT,XT,,,,,Chemiesynth (Vapi) Limited,73.68,73.68,73.68,73.68,73.68,70.18,,73.68,,,3,221.0,1,F1,1,,,,,
2026-07-22,2026-07-22,CM,BSE,STK,539251,INE875R01011,BALKRISHNA,B,,,,,Balkrishna Paper Mills Ltd.,17.73,17.73,17.7,17.73,17.73,17.73,,17.53,,,106,1879.0,7,F1,1,,,,,
2026-07-22,2026-07-22,CM,BSE,STK,539252,INE979R01011,SHYAMCENT,T,,,,,Shyam Century Ferrous Limited,5.24,5.39,5.24,5.24,5.24,5.23,,5.22,,,940,4926.0,14,F1,1,,,,,
2026-07-22,2026-07-22,CM,BSE,STK,539254,INE931S01010,ADANIENSOL,A,,,,,Adani Energy Solutions Limited,1765.95,1765.95,1714.0,1724.15,1724.15,1741.35,,1724.4,,,139788,242890781.0,7212,F1,1,,,,,
2026-07-22,2026-07-22,CM,BSE,STK,539255,INE541K01014,STARDELTA,X,,,,,STAR DELTA TRANSFORMERS LIMITE,587.3,594.8,577.35,582.8,584.95,590.05,,582.8,,,1411,825780.0,104,F1,1,,,,,
2026-07-22,2026-07-22,CM,BSE,STK,539267,INE579N01018,SAMSRITA,X,,,,,SAMSRITA LABS LIMITED,12.01,12.96,12.01,12.26,12.26,12.64,,12.26,,,8535,103188.0,44,F1,1,,,,,
2026-07-22,2026-07-22,CM,BSE,STK,539268,INE398R01022,SYNGENE,A,,,,,Syngene International Limited,419.2,419.2,404.85,406.4,406.95,414.4,,406.4,,,33469,13638548.0,1359,F1,1,,,,,
2026-07-22,2026-07-22,CM,BSE,STK,539275,INE829S01016,MSL,X,,,,,Mangalam Seeds Limited,139.45,139.45,127.1,129.0,129.0,134.0,,129.0,,,470,63445.0,12,F1,1,,,,,
2026-07-22,2026-07-22,CM,BSE,STK,539276,INE587G01015,KAYA,B,,,,,Kaya Limited,245.0,290.0,245.0,265.75,270.9,245.0,,266.31,,,10862,3001694.0,466,F1,1,,,,,
2026-07-22,2026-07-22,CM,BSE,STK,539278,INE653R01012,SYMBIOX,X,,,,,Symbiox Investment & Trading C,1.58,1.58,1.49,1.49,1.49,1.58,,1.49,,,8998,13483.0,23,F1,1,,,,,
2026-07-22,2026-07-22,CM,BSE,STK,539287,INE749B01020,ORTINGLOBE,T,,,,,ORTIN GLOBAL LIMITED,15.81,15.81,14.33,15.15,15.0,15.08,,15.27,,,845,12262.0,97,F1,1,,,,,
2026-07-22,2026-07-22,CM,BSE,STK,539289,INE898S01029,AURUM,B,,,,,Aurum PropTech Limited,230.95,231.2,223.7,227.2,227.7,228.45,,227.82,,,30725,7008890.0,419,F1,1,,,,,
2026-07-22,2026-07-22,CM,BSE,STK,539290,INE143A01010,OSWALGREEN,B,,,,,Oswal Greentech Limited,22.93,22.93,21.28,21.35,21.33,21.66,,21.37,,,12870,277994.0,127,F1,1,,,,,
2026-07-22,2026-07-22,CM,BSE,STK,539300,INE671K01027,SUNRAKSHAK,X,,,,,SUNRAKSHAKK INDUSTRIES INDIA L,369.5,374.8,353.0,370.9,373.0,369.15,,370.9,,,30783,11359670.0,476,F1,1,,,,,
2026-07-22,2026-07-22,CM,BSE,STK,539301,INE034S01021,ARVSMART,B,,,,,Arvind SmartSpaces Limited,586.4,601.0,583.05,600.05,599.45,589.95,,600.0,,,1189,705882.0,94,F1,1,,,,,
2026-07-22,2026-07-22,CM,BSE,STK,539302,INE211R01019,POWERMECH,A,,,,,Power Mech Projects Limited,2553.55,2555.65,2530.0,2537.7,2544.6,2528.1,,2539.1,,,3052,7754115.0,295,F1,1,,,,,
2026-07-22,2026-07-22,CM,BSE,STK,539309,INE230R01035,RAMASTEEL,T,,,,,Rama Steel Tubes Limited,4.33,4.35,4.11,4.28,4.3,4.32,,4.29,,,558085,2353918.0,846,F1,1,,,,,
2026-07-22,2026-07-22,CM,BSE,STK,539310,INE365S01045,THINKINK,XT,,,,,THINKINK PICTUREZ LIMITED,0.19,0.19,0.19,0.19,0.19,0.19,,0.19,,,406999,77329.0,159,F1,1,,,,,
2026-07-22,2026-07-22,CM,BSE,STK,539312,INF789FB1X58,SENSEXBETA,A,,,,,UTI BSE Sensex ETF,854.05,854.05,851.68,851.68,851.68,855.0,,849.98,,,104,88741.0,5,F1,1,,,,,
2026-07-22,2026-07-22,CM,BSE,STK,539313,INF789F1AZC0,NIFTYBETA,B,,,,,UTI Mutual Fund,264.68,266.71,264.68,266.24,266.24,267.54,,266.11,,,600,159617.0,24,F1,1,,,,,
2026-07-22,2026-07-22,CM,BSE,STK,539314,INE203T01012,UNIAUTO,B,,,,,Universal Autofoundry Limited,51.8,54.5,51.46,52.49,52.5,52.51,,52.49,,,54257,2864453.0,99,F1,1,,,,,
2026-07-22,2026-07-22,CM,BSE,STK,539331,INE918N01018,VETO,T,,,,,VETO SWITCHGEARS AND CABLES LI,125.75,125.75,121.55,121.9,122.95,127.0,,122.47,,,3127,383696.0,51,F1,1,,,,,
2026-07-22,2026-07-22,CM,BSE,STK,539332,INE278M01019,NAVKARCORP,B,,,,,Navkar Corporation Limited,104.0,104.6,98.4,98.95,99.35,104.2,,98.97,,,116836,11733542.0,999,F1,1,,,,,
2026-07-22,2026-07-22,CM,BSE,STK,539334,INE712K01011,SHREEPUSHK,B,,,,,Shree Pushkar Chemicals & Fert,403.85,403.85,387.25,388.0,388.1,406.85,,388.85,,,2307,908118.0,176,F1,1,,,,,
2026-07-22,2026-07-22,CM,BSE,STK,539335,INE714Q01014,CALLISTA,XT,,,,,Callista Industries Limited,167.95,167.95,164.85,164.85,164.85,160.45,,164.85,,,4,665.0,4,F1,1,,,,,
2026-07-22,2026-07-22,CM,BSE,STK,539336,INE844O01030,GUJENERGY,A,,,,,Gujarat Energy Limited,267.15,272.5,264.1,265.0,265.0,267.85,,264.9,,,72920,19451245.0,3188,F1,1,,,,,
2026-07-22,2026-07-22,CM,BSE,STK,539337,INE725P01012,WAAREE,MT,,,,,WAAREE TECHNOLOGIES LIMITED,243.0,248.7,243.0,245.8,246.1,242.65,,245.8,,,14000,3438741.0,57,F1,175,,,,,
2026-07-22,2026-07-22,CM,BSE,STK,539346,INE764L01010,SADBHIN,T,,,,,Sadbhav Infrastructure Project,2.38,2.4,2.31,2.34,2.34,2.37,,2.35,,,14868,34843.0,22,F1,1,,,,,
2026-07-22,2026-07-22,CM,BSE,STK,539353,INE724G01014,SALAUTO,X,,,,,SAL AUTOMOTIVE LIMITED,184.9,184.9,179.0,183.5,183.5,178.75,,183.5,,,156,28420.0,16,F1,1,,,,,
2026-07-22,2026-07-22,CM,BSE,STK,539354,INE914G01029,POLYSPIN,X,,,,,Polyspin Exports Ltd.,29.3,29.3,29.16,29.24,29.3,29.89,,29.24,,,360,10527.0,4,F1,1,,,,,
2026-07-22,2026-07-22,CM,BSE,STK,539359,INE583R01029,PRITIKAUTO,T,,,,,Pritika Auto Industries Limite,18.3,18.53,17.51,17.67,17.67,18.43,,17.78,,,27798,491743.0,98,F1,1,,,,,
2026-07-22,2026-07-22,CM,BSE,STK,539378,INE848R01018,SML,X,,,,,Soni Medicare Limited,48.5,51.5,47.02,50.84,51.5,49.49,,50.84,,,1310,63155.0,46,F1,1,,,,,
2026-07-22,2026-07-22,CM,BSE,STK,539383,INE019D01016,MAHAVEER,Z,,,,,Mahaveer Infoway Limited,17.1,17.95,16.25,16.25,16.25,17.1,,16.25,,,387,6388.0,14,F1,1,,,,,
2026-07-22,2026-07-22,CM,BSE,STK,539391,INE636B01011,ACME,Z,,,,,Acme Resources Limited,30.74,30.74,28.51,29.5,29.5,29.28,,29.5,,,5262,159881.0,23,F1,1,,,,,
2026-07-22,2026-07-22,CM,BSE,STK,539398,INE060T01024,VISHALBL,B,,,,,Vishal Bearings Limited,54.49,54.49,48.55,50.9,50.9,51.24,,50.9,,,1056,55062.0,44,F1,1,,,,,
2026-07-22,2026-07-22,CM,BSE,STK,539399,INE344T01014,BELLACASA,B,,,,,Bella Casa Fashion & Retail Li,243.55,244.75,237.7,239.2,237.8,244.9,,239.2,,,300,72795.0,31,F1,1,,,,,
2026-07-22,2026-07-22,CM,BSE,STK,539400,INE389C01015,MALLCOM,B,,,,,MALLCOM (INDIA) LTD.,1024.4,1033.2,999.8,1000.0,1000.0,1027.95,,1005.4,,,34,34672.0,16,F1,1,,,,,
2026-07-22,2026-07-22,CM,BSE,STK,539402,INE256S01012,NAKSH,Z,,,,,Naksh Precious Metals Limited,3.9,3.9,3.9,3.9,3.9,3.9,,3.9,,,120,468.0,3,F1,1,,,,,
2026-07-22,2026-07-22,CM,BSE,STK,539404,INE836B01017,SATIN,B,,,,,SATIN CREDITCARE NETWORK LIMIT,260.25,260.25,251.1,251.8,251.55,257.65,,251.85,,,16244,4145603.0,334,F1,1,,,,,
2026-07-22,2026-07-22,CM,BSE,STK,539405,INE183R01010,DITCO,X,,,,,Decorous Investment and Tradin,12.95,12.95,12.95,12.95,12.95,12.7,,12.95,,,1,12.0,1,F1,1,,,,,
2026-07-22,2026-07-22,CM,BSE,STK,539407,INE854S01022,GENCON,B,,,,,Generic Engineering Constructi,40.01,40.01,38.3,38.54,38.3,39.8,,38.53,,,5779,225014.0,120,F1,1,,,,,
2026-07-22,2026-07-22,CM,BSE,STK,539408,INE594R01018,KUBERJI,XT,,,,,Kuber Udyog Limited,25.74,25.74,25.74,25.74,25.74,24.52,,25.74,,,11288,290553.0,13,F1,1,,,,,
2026-07-22,2026-07-22,CM,BSE,STK,539428,INE030T01027,TEJNAKSH,X,,,,,Tejnaksh Healthcare Limited,14.5,14.65,13.05,14.08,14.5,14.4,,14.08,,,23343,319564.0,71,F1,1,,,,,
2026-07-22,2026-07-22,CM,BSE,STK,539435,INE201C01012,RFSL,X,,,,,Richfield Financial Services L,23.05,24.45,22.79,22.81,24.28,23.98,,22.81,,,276,6316.0,6,F1,1,,,,,
2026-07-22,2026-07-22,CM,BSE,STK,539436,INE335K01011,COFFEEDAY,T,,,,,Coffee Day Enterprises Limited,31.02,31.48,30.51,30.64,30.89,31.42,,30.63,,,81598,2533762.0,223,F1,1,,,,,
2026-07-22,2026-07-22,CM,BSE,STK,539437,INE092T01019,IDFCFIRSTB,A,,,,,IDFC FIRST BANK LIMITED,81.2,81.59,79.74,80.71,80.71,81.65,,80.72,,,314719,25371463.0,2906,F1,1,,,,,
2026-07-22,2026-07-22,CM,BSE,STK,539448,INE646L01027,INDIGO,A,,,,,InterGlobe Aviation Limited,5249.1,5249.1,5101.7,5120.65,5120.65,5310.15,,5117.0,,,76537,393311669.0,11425,F1,1,,,,,
2026-07-22,2026-07-22,CM,BSE,STK,539449,INE099S01016,IGCIL,X,,,,,IGC Industries Limited,2.02,2.24,2.02,2.18,2.21,2.11,,2.18,,,27832,60129.0,78,F1,1,,,,,
2026-07-22,2026-07-22,CM,BSE,STK,539450,INE500L01026,SHK,B,,,,,S H Kelkar and Company Limited,143.05,143.05,137.0,138.9,139.4,143.0,,138.88,,,45969,6391907.0,792,F1,1,,,,,
2026-07-22,2026-07-22,CM,BSE,STK,539455,INE360S01012,ARYAVAN,X,,,,,ARYAVAN ENTERPRISE LIMITED,62.08,63.0,57.57,59.75,59.9,60.09,,59.75,,,31961,1885540.0,88,F1,1,,,,,
2026-07-22,2026-07-22,CM,BSE,STK,539469,INE258R01028,PANORAMA,B,,,,,PANORAMA STUDIOS INTERNATIONAL,50.61,51.45,49.61,50.22,50.22,50.39,,50.22,,,343107,17489021.0,505,F1,1,,,,,
2026-07-22,2026-07-22,CM,BSE,STK,539470,INE051N01026,SHREEGANES,X,,,,,Shree Ganesh Biotech (India) L,0.57,0.57,0.54,0.55,0.55,0.56,,0.55,,,432846,239990.0,283,F1,1,,,,,
2026-07-22,2026-07-22,CM,BSE,STK,539479,INE910R01024,GTV,X,,,,,GTV Engineering Limited,73.36,74.88,72.13,74.0,74.0,72.89,,74.0,,,52436,3850470.0,223,F1,1,,,,,
2026-07-22,2026-07-22,CM,BSE,STK,539480,INF767K01OS7,LICNETFN50,B,,,,,LIC MF EXHGE TRADED FUND-NIFTY,269.84,269.84,269.5,269.5,269.5,270.92,,269.62,,,7,1887.0,2,F1,1,,,,,
2026-07-22,2026-07-22,CM,BSE,STK,539492,INE721C01019,GARBIFIN,X,,,,,Garbi Finvest Limited,9.2,9.44,9.19,9.19,9.19,9.19,,9.19,,,2208,20323.0,13,F1,1,,,,,
2026-07-22,2026-07-22,CM,BSE,STK,539494,INE766D01020,SMARTFIN,X,,,,,Smart Finsec Limited,7.75,8.28,7.75,7.84,7.89,7.96,,7.84,,,5282,41415.0,85,F1,1,,,,,
2026-07-22,2026-07-22,CM,BSE,STK,539495,INE176R01014,RAJKOTINV,X,,,,,Rajkot Investment Trust Limite,47.0,49.5,44.4,44.4,44.4,45.0,,44.4,,,605,29228.0,5,F1,1,,,,,
2026-07-22,2026-07-22,CM,BSE,STK,539506,INE805Q01028,ADCON,XT,,,,,Adcon Capital Services Limited,0.51,0.54,0.51,0.51,0.53,0.52,,0.51,,,88554,45584.0,108,F1,1,,,,,
2026-07-22,2026-07-22,CM,BSE,STK,539516,INF179KC1965,HDFCNIFTY,B,,,,,HDFC Mutual Fund,268.56,272.2,268.56,270.94,270.58,272.43,,270.48,,,1397,378231.0,91,F1,1,,,,,
2026-07-22,2026-07-22,CM,BSE,STK,539517,INF179KC1HX2,HDFCSENSEX,A,,,,,HDFC Mutual Fund,87.18,87.5,87.0,87.21,87.25,88.07,,87.12,,,3406,297103.0,60,F1,1,,,,,
2026-07-22,2026-07-22,CM,BSE,STK,539518,INE551B01012,UDAYJEW,X,,,,,Uday Jewellery Industries Limi,143.5,146.8,137.05,145.45,145.7,144.95,,145.45,,,4671,659239.0,94,F1,1,,,,,
2026-07-22,2026-07-22,CM,BSE,STK,539519,INE280E01038,SATTVASUKU,X,,,,,SATTVA SUKUN LIFECARE LIMITED,0.79,0.79,0.77,0.77,0.77,0.79,,0.77,,,112342,86800.0,85,F1,1,,,,,
2026-07-22,2026-07-22,CM,BSE,STK,539522,INE343C01012,GROVY,X,,,,,Grovy India Limited,50.35,53.0,50.35,52.74,53.0,50.63,,52.74,,,3648,189882.0,49,F1,1,,,,,
2026-07-22,2026-07-22,CM,BSE,STK,539523,INE540L01014,ALKEM,A,,,,,Alkem Laboratories Limited,5724.0,5724.0,5504.0,5588.75,5601.0,5682.3,,5585.0,,,6108,34077631.0,1913,F1,1,,,,,
2026-07-22,2026-07-22,CM,BSE,STK,539524,INE600L01024,LALPATHLAB,A,,,,,Dr. Lal Pathlabs Limited,1721.95,1721.95,1687.3,1699.65,1699.65,1700.75,,1699.0,,,6625,11256582.0,927,F1,1,,,,,
2026-07-22,2026-07-22,CM,BSE,STK,539526,INE452S01025,SCTL,X,,,,,Suncare Traders Limited,0.47,0.5,0.47,0.48,0.48,0.48,,0.48,,,163937,78635.0,107,F1,1,,,,,
2026-07-22,2026-07-22,CM,BSE,STK,539527,INE146E01015,CREATIVE,X,,,,,Creative Castings Limited,572.4,585.0,570.0,575.0,575.0,572.4,,575.0,,,51,29520.0,6,F1,1,,,,,
2026-07-22,2026-07-22,CM,BSE,STK,539528,INE430R01023,AAYUSH,X,,,,,AAYUSH WELLNESS LIMITED,24.05,24.36,23.7,23.84,23.84,24.03,,23.84,,,82113,1965361.0,500,F1,1,,,,,
2026-07-22,2026-07-22,CM,BSE,STK,539533,INE669R01026,ELITECON,B,,,,,ELITECON INTERNATIONAL LIMITED,17.51,18.14,16.49,16.67,16.67,17.74,,16.68,,,614107,10487616.0,2068,F1,1,,,,,
2026-07-22,2026-07-22,CM,BSE,STK,539542,INE150G01020,LUXIND,B,,,,,LUX Industries Limited,1279.0,1279.0,1222.0,1224.4,1225.95,1253.45,,1225.5,,,3957,4899438.0,391,F1,1,,,,,
2026-07-22,2026-07-22,CM,BSE,STK,539545,INE217S01014,APOORVA,X,,,,,Apoorva Leasing Finance & Inve,32.32,32.32,28.8,28.91,28.8,32.0,,28.91,,,202,6183.0,11,F1,1,,,,,
2026-07-22,2026-07-22,CM,BSE,STK,539546,INE679E01015,AGRIBIO,X,,,,,AGRIBIO SPIRITS LIMITED,327.35,327.35,317.5,319.95,319.95,318.55,,319.95,,,12473,4004104.0,61,F1,1,,,,,
2026-07-22,2026-07-22,CM,BSE,STK,539551,INE410P01011,NH,A,,,,,Narayana Hrudayalaya Limited,2013.6,2013.6,1952.3,1967.8,1967.8,1997.75,,1968.0,,,28755,56829607.0,2569,F1,1,,,,,
2026-07-22,2026-07-22,CM,BSE,STK,539552,INE108T01021,FMEC,XT,,,,,F MEC INTERNATIONAL FINANCIAL,13.4,13.4,12.32,12.71,12.71,12.88,,12.71,,,118067,1490404.0,167,F1,1,,,,,
2026-07-22,2026-07-22,CM,BSE,STK,539559,INE005G01026,DEEPAI,XT,,,,,Deep Health AI India Limited,2.05,2.07,2.02,2.03,2.05,2.05,,2.03,,,305014,624139.0,387,F1,1,,,,,
2026-07-22,2026-07-22,CM,BSE,STK,539561,INE549S01036,SUPHA,XT,,,,,SUPHA PHARMACHEM LIMITED,0.33,0.33,0.32,0.33,0.33,0.32,,0.33,,,3329732,1091607.0,427,F1,1,,,,,
2026-07-22,2026-07-22,CM,BSE,STK,539562,INE750R01016,AARNAV,B,,,,,AARNAV FASHIONS LIMITED,30.2,30.3,28.55,29.11,29.11,30.93,,28.94,,,9597,283019.0,118,F1,1,,,,,
2026-07-22,2026-07-22,CM,BSE,STK,539593,INE728Q01014,SHIVA,X,,,,,Shivansh Finserv Limited,8.21,9.58,8.21,8.51,8.51,8.71,,8.51,,,290,2752.0,10,F1,1,,,,,
2026-07-22,2026-07-22,CM,BSE,STK,539594,INE094S01041,MISHTANN,X,,,,,Mishtann Foods Limited,3.7,3.7,3.6,3.64,3.66,3.71,,3.64,,,842148,3073883.0,1650,F1,1,,,,,
2026-07-22,2026-07-22,CM,BSE,STK,539596,INE681Q01015,DELTA,X,,,,,Delta Industrial Resources Lim,12.45,12.45,12.45,12.45,12.45,12.08,,12.45,,,100,1245.0,1,F1,1,,,,,
2026-07-22,2026-07-22,CM,BSE,STK,539598,INE727C01024,AMPL,X,,,,,AMPL Capital Limited,33.06,33.6,32.12,33.32,33.32,33.06,,33.32,,,17267,570657.0,80,F1,1,,,,,
2026-07-22,2026-07-22,CM,BSE,STK,539599,INE079C01012,KEL,X,,,,,Kotia Enterprises Limited,26.75,26.75,26.7,26.7,26.7,26.77,,26.7,,,104,2776.0,3,F1,1,,,,,
2026-07-22,2026-07-22,CM,BSE,STK,539607,INE373T01047,BLUECLOUDS,B,,,,,Blue Cloud Softech Solutions L,20.1,20.27,19.7,19.84,19.84,20.09,,19.84,,,902716,17961658.0,3127,F1,1,,,,,
2026-07-22,2026-07-22,CM,BSE,STK,539620,INE534E01020,KEIL,X,,,,,KANORIA ENERGY & INFRASTRUCTUR,17.13,17.13,15.71,15.81,15.81,16.47,,15.81,,,2755,45042.0,34,F1,1,,,,,
2026-07-22,2026-07-22,CM,BSE,STK,539636,INE484I01029,PRECAM,B,,,,,Precision Camshafts Limited,142.6,142.6,140.05,140.8,140.8,141.85,,140.54,,,3975,559605.0,160,F1,1,,,,,
2026-07-22,2026-07-22,CM,BSE,STK,539658,INE985S01024,TEAMLEASE,B,,,,,TeamLease Services Limited,1335.8,1352.0,1331.4,1336.9,1336.9,1324.7,,1338.4,,,1780,2384769.0,284,F1,1,,,,,
2026-07-22,2026-07-22,CM,BSE,STK,539659,INE564S01019,KAMATS,B,,,,,VIKRAM KAMATS HOSPITALITY LIMI,40.0,40.0,37.52,38.53,38.53,38.03,,38.53,,,922,34717.0,13,F1,1,,,,,
2026-07-22,2026-07-22,CM,BSE,STK,539660,INE052T01021,BESTAGRO,B,,,,,BEST AGROLIFE LIMITED,15.73,15.73,15.17,15.23,15.32,15.47,,15.19,,,13864,212680.0,103,F1,1,,,,,
2026-07-22,2026-07-22,CM,BSE,STK,539661,INE023R01018,ACEMEN,X,,,,,ACE MEN ENGG WORKS LIMITED,95.0,98.99,92.75,97.71,98.0,92.63,,97.71,,,32703,3194102.0,56,F1,1,,,,,
2026-07-22,2026-07-22,CM,BSE,STK,539662,INE948Q01018,BFLAFL,X,,,,,BFL Asset Finvest Limited,7.2,7.2,6.9,6.91,6.91,7.2,,6.91,,,221,1586.0,8,F1,1,,,,,
2026-07-22,2026-07-22,CM,BSE,STK,539669,INE684D01025,RGF,XT,,,,,RGF Capital Markets Limited,2.52,2.52,2.52,2.52,2.52,2.48,,2.52,,,21108,53192.0,22,F1,1,,,,,
2026-07-22,2026-07-22,CM,BSE,STK,539673,INE792P01020,RCL,Z,,,,,Radhagobind Commercial Limited,2.83,2.83,2.83,2.83,2.83,2.97,,2.83,,,521,1474.0,4,F1,1,,,,,
2026-07-22,2026-07-22,CM,BSE,STK,539678,INE306L01010,QUICKHEAL,T,,,,,Quick Heal Technologies Limite,157.85,159.0,153.2,157.2,157.3,158.3,,156.4,,,7089,1102884.0,125,F1,1,,,,,
2026-07-22,2026-07-22,CM,BSE,STK,539679,INE332Q01023,KAPILRAJ,X,,,,,Kapil Raj Finance Ltd.,1.38,1.38,1.32,1.38,1.38,1.32,,1.38,,,738534,1018246.0,135,F1,1,,,,,
2026-07-22,2026-07-22,CM,BSE,STK,539682,INE622Q01027,MOBAVENUE,X,,,,,Mobavenue AI Tech Limited,308.5,311.95,301.05,302.95,302.05,309.35,,302.95,,,29111,8957374.0,339,F1,1,,,,,
2026-07-22,2026-07-22,CM,BSE,STK,539686,INE127T01021,KPEL,B,,,,,K.P. Energy Limited,310.0,311.95,303.8,307.1,307.8,309.85,,306.85,,,9725,2980963.0,458,F1,1,,,,,
2026-07-22,2026-07-22,CM,BSE,STK,539692,INE064T01018,IFINSER,X,,,,,INTERACTIVE FINANCIAL SERVICES,13.16,13.43,11.81,12.27,12.29,12.9,,12.27,,,7279,88200.0,69,F1,1,,,,,
2026-07-22,2026-07-22,CM,BSE,STK,539697,INE966Q01010,HILIKS,XT,,,,,HILIKS TECHNOLOGIES LIMITED,75.8,75.8,69.79,70.39,70.39,73.46,,70.39,,,15485,1140623.0,68,F1,1,,,,,
2026-07-22,2026-07-22,CM,BSE,STK,539724,INE039D01014,HYPERSOFT,XT,,,,,HYPERSOFT TECHNOLOGIES LIMITED,223.55,223.55,202.35,214.55,215.0,212.95,,214.55,,,9148,1920499.0,148,F1,1,,,,,
2026-07-22,2026-07-22,CM,BSE,STK,539725,INE314T01033,GOKULAGRO,B,,,,,Gokul Agro Resources Ltd,212.0,216.45,210.8,212.05,212.5,214.5,,212.18,,,14828,3150499.0,212,F1,1,,,,,
2026-07-22,2026-07-22,CM,BSE,STK,539730,INE194R01017,FREDUN,X,,,,,Fredun Pharmaceuticals Limited,905.0,925.0,865.0,885.75,885.0,916.6,,885.75,,,29752,26640757.0,1532,F1,1,,,,,
2026-07-22,2026-07-22,CM,BSE,STK,539742,INE748T01016,SIMBHALS,Z,,,,,Simbhaoli Sugars Ltd,6.66,7.14,6.6,7.14,7.14,6.85,,6.98,,,2128,14638.0,20,F1,1,,,,,
2026-07-22,2026-07-22,CM,BSE,STK,539760,INE773T01014,RELICAB,B,,,,,Relicab Cable Manufacturing Li,38.4,38.95,36.82,36.95,37.16,38.4,,36.95,,,399,15005.0,24,F1,1,,,,,
2026-07-22,2026-07-22,CM,BSE,STK,539761,INE427T01025,VKAL,X,,,,,Vantage Knowledge Academy Limi,0.93,0.93,0.89,0.9,0.9,0.93,,0.9,,,270299,244508.0,222,F1,1,,,,,
2026-07-22,2026-07-22,CM,BSE,STK,539762,INE250S01015,MEAPL,X,,,,,MODERN ENGINEERING AND PROJECT,28.16,28.9,27.5,28.38,28.4,28.15,,28.38,,,8085,229760.0,76,F1,1,,,,,
2026-07-22,2026-07-22,CM,BSE,STK,539767,INE216Q01010,MNIL,X,,,,,Mega Nirman & Industries Limit,30.89,30.89,30.89,30.89,30.89,31.4,,30.89,,,151,4664.0,3,F1,1,,,,,
2026-07-22,2026-07-22,CM,BSE,STK,539770,INE830S01014,DARJEELING,X,,,,,DARJEELING INDUSTRIIES LIMITED,15.9,15.9,15.9,15.9,15.9,16.73,,15.9,,,452,7186.0,16,F1,1,,,,,
2026-07-22,2026-07-22,CM,BSE,STK,539773,INE178T01024,ADVIKCA,X,,,,,Advik Capital Limited,1.24,1.27,1.23,1.26,1.25,1.28,,1.26,,,1239444,1553892.0,296,F1,1,,,,,
2026-07-22,2026-07-22,CM,BSE,STK,539785,INE865T01018,PDMJEPAPER,B,,,,,Pudumjee Paper Products Limite,86.18,91.47,84.83,89.49,88.62,86.85,,89.67,,,27488,2438121.0,645,F1,1,,,,,
2026-07-22,2026-07-22,CM,BSE,STK,539787,INE075I01017,HCG,A,,,,,HealthCare Global Enterprises,660.0,674.35,650.45,671.0,671.6,661.5,,670.95,,,13366,8887302.0,850,F1,1,,,,,
2026-07-22,2026-07-22,CM,BSE,STK,539798,INE173U01015,UMIYA,X,,,,,Umiya Tubes Limited,28.75,28.75,28.75,28.75,28.75,27.39,,28.75,,,1380,39675.0,9,F1,1,,,,,
2026-07-22,2026-07-22,CM,BSE,STK,539799,INE316L01019,BHARATWIRE,B,,,,,Bharat Wire Ropes Limited,199.0,201.0,194.9,195.45,194.9,199.5,,195.3,,,7752,1532859.0,200,F1,1,,,,,
2026-07-22,2026-07-22,CM,BSE,STK,539800,INE043U01010,CHDCHEM,X,,,,,CHD Chemicals Limited,5.02,5.02,5.02,5.02,5.02,5.02,,5.02,,,248,1244.0,2,F1,1,,,,,
2026-07-22,2026-07-22,CM,BSE,STK,539807,INE483S01020,CCAVENUE,A,,,,,AvenuesAI Limited,16.95,17.08,16.6,16.73,16.73,17.04,,16.74,,,299635,5029547.0,926,F1,1,,,,,
2026-07-22,2026-07-22,CM,BSE,STK,539814,INE204S01012,LELAVOIR,X,,,,,LE LAVOIR LIMITED,59.25,59.25,59.25,59.25,59.25,62.35,,59.25,,,634,37564.0,20,F1,1,,,,,
2026-07-22,2026-07-22,CM,BSE,STK,539834,INE119R01014,BALGOPAL,X,,,,,Balgopal Commercial limited,201.1,222.0,201.1,211.2,210.0,202.65,,211.2,,,998,213815.0,19,F1,1,,,,,
2026-07-22,2026-07-22,CM,BSE,STK,539835,INE574R01028,SUPERIOR,X,,,,,Superior Finlease Limited,1.89,1.89,1.81,1.81,1.81,1.9,,1.81,,,65,119.0,6,F1,1,,,,,
2026-07-22,2026-07-22,CM,BSE,STK,539837,INE912T01018,RPEL,B,,,,,RAGHAV PRODUCTIVITY ENHANCERS,1270.0,1279.75,1243.05,1273.7,1275.7,1269.35,,1274.3,,,2669,3362550.0,247,F1,1,,,,,
2026-07-22,2026-07-22,CM,BSE,STK,539841,INE359U01028,LANCER,X,,,,,Lancer Container Lines Limited,10.22,10.24,10.0,10.14,10.15,10.18,,10.14,,,142244,1436362.0,502,F1,1,,,,,
2026-07-22,2026-07-22,CM,BSE,STK,539843,INE395U01014,NINSYS,T,,,,,NINtec Systems Limited,900.0,900.0,861.1,862.85,862.4,897.5,,870.6,,,300,260599.0,13,F1,1,,,,,
2026-07-22,2026-07-22,CM,BSE,STK,539854,INE115S01010,HALDER,B,,,,,Halder Venture Limited,230.1,236.0,227.9,235.2,236.0,232.1,,234.59,,,6981,1619935.0,149,F1,1,,,,,
2026-07-22,2026-07-22,CM,BSE,STK,539871,INE594H01019,THYROCARE,A,,,,,Thyrocare Technologies Limited,568.9,571.1,554.8,558.4,557.5,561.9,,557.95,,,30715,17317043.0,1235,F1,1,,,,,
2026-07-22,2026-07-22,CM,BSE,STK,539872,INE411U01027,BAJAJHCARE,B,,,,,Bajaj Healthcare Limited,370.95,370.95,320.0,323.05,323.05,370.05,,323.3,,,131769,43685678.0,3426,F1,1,,,,,
2026-07-22,2026-07-22,CM,BSE,STK,539875,INE616F01022,RSDFIN,B,,,,,RSD Finance Limited,81.4,89.9,81.4,89.9,89.9,83.07,,86.44,,,4,334.0,3,F1,1,,,,,
2026-07-22,2026-07-22,CM,BSE,STK,539876,INE299U01018,CROMPTON,A,,,,,Crompton Greaves Consumer Elec,258.35,258.8,252.0,255.7,255.7,258.45,,255.7,,,64989,16532851.0,2112,F1,1,,,,,
2026-07-22,2026-07-22,CM,BSE,STK,539883,INE417C01014,PILANIINVS,B,,,,,Pilani Investment And Industri,4419.8,4419.8,4328.2,4332.95,4337.35,4445.1,,4351.2,,,40,173895.0,22,F1,1,,,,,
2026-07-22,2026-07-22,CM,BSE,STK,539884,INE671T01028,DARSHANORNA,X,,,,,Darshan Orna Limited,2.22,2.22,2.18,2.21,2.21,2.23,,2.21,,,18783,41219.0,44,F1,1,,,,,
2026-07-22,2026-07-22,CM,BSE,STK,539889,INE883N01014,PARAGMILK,A,,,,,Parag Milk Foods Limited,226.05,226.35,215.1,216.0,217.05,226.05,,215.89,,,28415,6279787.0,678,F1,1,,,,,
2026-07-22,2026-07-22,CM,BSE,STK,539894,INE631R01026,MADHAVIPL,B,,,,,Madhav Infra Projects Limited,8.69,8.69,7.92,8.03,8.07,8.09,,7.9,,,9240,74944.0,89,F1,1,,,,,
2026-07-22,2026-07-22,CM,BSE,STK,539895,INE631E01024,SPICELOUNG,B,,,,,SPICE LOUNGE FOOD WORKS LIMITE,24.52,25.89,23.91,23.91,23.91,25.16,,23.91,,,109656,2653125.0,286,F1,1,,,,,
2026-07-22,2026-07-22,CM,BSE,STK,539900,INE642P01019,DIDL,X,,,,,DALMIA INDUSTRIAL DEVELOPMENT,9.9,9.9,9.9,9.9,9.9,9.9,,9.9,,,2,19.0,1,F1,1,,,,,
2026-07-22,2026-07-22,CM,BSE,STK,539911,INE730R01042,SNIM,X,,,,,Svarnim Trade Udyog Limited,11.62,11.62,11.0,11.0,11.0,11.07,,11.0,,,15,166.0,6,F1,1,,,,,
2026-07-22,2026-07-22,CM,BSE,STK,539921,INE440T01028,SEIL,B,,,,,Shanti Educational Initiatives,216.4,216.4,206.8,209.75,209.5,211.75,,210.01,,,58249,12203002.0,783,F1,1,,,,,
2026-07-22,2026-07-22,CM,BSE,STK,539922,INE364S01014,RGIL,XT,,,,,Rotographics (India) Limited,306.65,312.75,306.65,312.75,312.75,306.65,,312.75,,,269,83525.0,4,F1,1,,,,,
2026-07-22,2026-07-22,CM,BSE,STK,539938,INE858Q01019,MIL,X,,,,,Medico Intercontinental Limite,25.0,26.39,24.02,24.05,24.02,24.29,,24.05,,,1965,48797.0,23,F1,1,,,,,
2026-07-22,2026-07-22,CM,BSE,STK,539939,INE571U01010,YASHCHEM,X,,,,,Yash Chemex Limited,50.0,52.5,49.85,50.0,50.0,48.24,,50.0,,,2786,139441.0,29,F1,1,,,,,
2026-07-22,2026-07-22,CM,BSE,STK,539945,INF109KC11V0,NV20IETF,B,,,,,ICICI Prudential NV20 ETF,13.66,13.68,13.56,13.61,13.64,13.73,,13.58,,,26643,362475.0,446,F1,1,,,,,
2026-07-22,2026-07-22,CM,BSE,STK,539946,INE217E01014,BAZELINTER,X,,,,,Bazel International Limited,18.98,18.98,18.03,18.71,18.71,18.21,,18.71,,,356,6561.0,7,F1,1,,,,,
2026-07-22,2026-07-22,CM,BSE,STK,539947,INE919T01013,JLL,XT,,,,,JINDAL LEASEFIN LIMITED,156.1,156.1,156.1,156.1,156.1,159.25,,156.1,,,36,5619.0,3,F1,1,,,,,
2026-07-22,2026-07-22,CM,BSE,STK,539956,INE524T01011,TAALTECH,B,,,,,TAAL TECH LIMITED,3902.15,3902.15,3798.55,3849.9,3850.0,3896.85,,3828.8,,,143,548353.0,32,F1,1,,,,,
2026-07-22,2026-07-22,CM,BSE,STK,539957,INE002S01010,MGL,A,,,,,Mahanagar Gas Limited,1076.55,1095.25,1072.1,1081.3,1080.0,1082.0,,1081.9,,,7451,8064309.0,703,F1,1,,,,,
2026-07-22,2026-07-22,CM,BSE,STK,539963,INE819S01025,ZEAL,XT,,,,,Zeal Aqua Limited,11.5,11.5,11.13,11.33,11.33,11.36,,11.33,,,54459,621383.0,131,F1,1,,,,,
2026-07-22,2026-07-22,CM,BSE,STK,539978,INE615P01015,QUESS,B,,,,,Quess Corp Limited,299.0,299.0,292.05,295.0,296.75,299.6,,295.65,,,4208,1239176.0,220,F1,1,,,,,
2026-07-22,2026-07-22,CM,BSE,STK,539979,INE731U01028,DIGJAMLMTD,B,,,,,DIGJAM LIMITED,44.0,45.0,44.0,45.0,45.0,44.37,,44.01,,,449,19905.0,7,F1,1,,,,,
2026-07-22,2026-07-22,CM,BSE,STK,539980,INF109KC10W0,MIDSELIETF,B,,,,,ICICI Prudential BSE Midcap Se,19.4,19.44,19.16,19.19,19.16,19.42,,19.22,,,667,12847.0,23,F1,1,,,,,
2026-07-22,2026-07-22,CM,BSE,STK,539985,INE120V01014,TITAANIUM,MT,,,,,Titaanium Ten Enterprise Limit,22.05,22.05,21.0,21.0,21.0,21.0,,21.0,,,2000,43050.0,2,F1,1000,,,,,
2026-07-22,2026-07-22,CM,BSE,STK,539986,INE073V01015,COMSYN,B,,,,,Commercial Syn Bags Limited,188.25,192.45,180.7,182.95,181.85,188.3,,182.0,,,19855,3703046.0,389,F1,1,,,,,
2026-07-22,2026-07-22,CM,BSE,STK,539991,INE700F01024,CFEL,X,,,,,CONFIDENCE FUTURISTIC ENERGETE,35.07,35.69,33.96,34.0,34.0,35.07,,34.0,,,54650,1882076.0,109,F1,1,,,,,
2026-07-22,2026-07-22,CM,BSE,STK,539992,INE093R01011,LLOYDSENGG,A,,,,,LLOYDS ENGINEERING WORKS LIMIT,90.81,91.44,86.32,87.04,87.04,91.11,,86.94,,,629674,55938579.0,2560,F1,1,,,,,
2026-07-22,2026-07-22,CM,BSE,STK,539997,INE552U01010,KPL,B,,,,,Kwality Pharmaceuticals Limite,2700.65,2747.95,2638.85,2697.1,2690.0,2689.1,,2697.4,,,2994,7998573.0,527,F1,1,,,,,
2026-07-22,2026-07-22,CM,BSE,STK,540005,INE214T01019,LTM,A,,,,,LTM LIMITED,4083.7,4083.7,3974.5,3982.55,3979.45,4044.75,,3982.4,,,3697,14811774.0,750,F1,1,,,,,
2026-07-22,2026-07-22,CM,BSE,STK,540006,INE595R01023,EASTWEST,XT,,,,,EAST WEST FREIGHT CARRIERS LTD,2.54,2.56,2.45,2.54,2.54,2.49,,2.54,,,19541,49324.0,55,F1,1,,,,,
2026-07-22,2026-07-22,CM,BSE,STK,540008,INF209KB10E8,BSLSENETFG,A,,,,,Aditya Birla Sun Life BSE Sens,77.22,77.85,77.22,77.22,77.22,78.0,,77.38,,,1391,107416.0,23,F1,1,,,,,
2026-07-22,2026-07-22,CM,BSE,STK,540023,INE621I01042,COLORCHIPS,X,,,,,COLORCHIPS NEW MEDIA LIMITED,10.45,10.63,9.08,9.45,9.45,10.0,,9.45,,,27104,257689.0,174,F1,1,,,,,
2026-07-22,2026-07-22,CM,BSE,STK,540025,INE837H01020,ADVENZYMES,B,,,,,Advanced Enzyme Technologies L,319.0,324.9,312.65,312.95,313.0,321.45,,313.05,,,9029,2857837.0,354,F1,1,,,,,
2026-07-22,2026-07-22,CM,BSE,STK,540026,INE213U01019,LAHL,X,,,,,Ladam Affortable Housing Limit,7.01,7.12,6.73,7.06,7.06,7.01,,7.06,,,1032,7294.0,5,F1,1,,,,,
2026-07-22,2026-07-22,CM,BSE,STK,540047,INE917M01012,DBL,A,,,,,Dilip Buildcon Limited,407.1,407.45,399.0,401.35,402.0,408.8,,400.45,,,5559,2227443.0,144,F1,1,,,,,
2026-07-22,2026-07-22,CM,BSE,STK,540048,INE212I01016,SPAL,B,,,,,S.P. Apparels Limited,1005.75,1005.75,965.0,972.7,969.5,998.4,,972.6,,,6251,6090724.0,308,F1,1,,,,,
2026-07-22,2026-07-22,CM,BSE,STK,540061,INE412U01025,BIGBLOC,B,,,,,Bigbloc Construction Limited,47.09,47.48,46.56,47.07,46.83,47.14,,47.01,,,3042,143104.0,183,F1,1,,,,,
2026-07-22,2026-07-22,CM,BSE,STK,540062,INE222U01010,GOLDENCREST,X,,,,,Golden Crest Education & Servi,342.0,342.0,342.0,342.0,342.0,360.0,,342.0,,,41,14022.0,3,F1,1,,,,,
2026-07-22,2026-07-22,CM,BSE,STK,540065,INE976G01028,RBLBANK,A,,,,,RBL Bank Limited,367.4,367.4,353.5,355.0,356.5,366.75,,355.45,,,188595,67542456.0,1870,F1,1,,,,,
2026-07-22,2026-07-22,CM,BSE,STK,540066,INE345U01019,AMS,XT,,,,,AMS POLYMERS LIMITED,61.99,61.99,56.62,59.31,61.5,59.6,,59.31,,,417,24732.0,13,F1,1,,,,,
2026-07-22,2026-07-22,CM,BSE,STK,540073,INE153T01027,BLS,A,,,,,BLS International Services Ltd,233.0,234.2,229.3,230.8,231.55,235.05,,230.6,,,77304,17890798.0,1453,F1,1,,,,,
2026-07-22,2026-07-22,CM,BSE,STK,540078,INE317V01016,MITSU,XT,,,,,Mitsu Chem Plast Limited,145.0,147.5,142.0,145.0,145.0,145.4,,145.0,,,16305,2346550.0,118,F1,1,,,,,
2026-07-22,2026-07-22,CM,BSE,STK,540079,INE537U01037,SPRAYKING,B,,,,,Sprayking Limited,1.39,1.4,1.17,1.32,1.35,1.34,,1.32,,,559049,728159.0,449,F1,1,,,,,
2026-07-22,2026-07-22,CM,BSE,STK,540080,INE715T01031,DHATRE,X,,,,,Dhatre Udyog Limited,4.18,4.18,4.09,4.11,4.1,4.18,,4.11,,,32159,132038.0,123,F1,1,,,,,
2026-07-22,2026-07-22,CM,BSE,STK,540081,INE860T01019,SABEVENTS,B,,,,,Sab Events & Governance Now Me,7.79,8.13,7.43,8.08,8.09,7.76,,7.75,,,1867,14129.0,17,F1,1,,,,,
2026-07-22,2026-07-22,CM,BSE,STK,540083,INE871L01013,TVVISION,B,,,,,TV VISION LIMITED,4.6,4.8,4.4,4.77,4.77,4.77,,4.77,,,1901,8525.0,14,F1,1,,,,,
2026-07-22,2026-07-22,CM,BSE,STK,540097,INE890S01026,GAMCO,X,,,,,GAMCO LIMITED,54.9,56.49,49.7,51.29,51.0,50.6,,51.29,,,404415,21407996.0,1119,F1,1,,,,,
2026-07-22,2026-07-22,CM,BSE,STK,540115,INE010V01017,LTTS,A,,,,,L&T Technology Services Limite,3331.35,3350.0,3290.5,3332.4,3334.0,3307.45,,3333.2,,,5601,18620343.0,912,F1,1,,,,,
2026-07-22,2026-07-22,CM,BSE,STK,540124,INE934S01014,GNA,B,,,,,G N A Axles Limited,509.3,528.9,506.8,518.95,518.95,509.4,,517.3,,,29781,15488931.0,900,F1,1,,,,,
2026-07-22,2026-07-22,CM,BSE,STK,540125,INE583V01021,RADHIKAJWE,B,,,,,Radhika Jeweltech Limited,65.65,68.43,65.19,65.86,65.19,65.23,,65.68,,,92104,6148529.0,603,F1,1,,,,,
2026-07-22,2026-07-22,CM,BSE,STK,540132,INE400R01018,SIIL,XT,,,,,Sabrimala Industries India Lim,10.97,11.0,10.35,10.95,11.0,10.57,,10.95,,,26445,283987.0,33,F1,1,,,,,
2026-07-22,2026-07-22,CM,BSE,STK,540133,INE726G01019,ICICIPRULI,A,,,,,ICICI Prudential Life Insuranc,504.75,504.75,490.4,499.15,500.15,499.75,,499.5,,,53332,26388705.0,2481,F1,1,,,,,
2026-07-22,2026-07-22,CM,BSE,STK,540134,INE818R01011,IISL,XT,,,,,ISHAAN INFRASTRUCTURE AND SHEL,15.3,15.4,15.3,15.4,15.4,15.04,,15.4,,,26,399.0,3,F1,1,,,,,
2026-07-22,2026-07-22,CM,BSE,STK,540135,INE202R01026,ARCFIN,X,,,,,ARC Finance Limited,0.52,0.53,0.51,0.52,0.52,0.52,,0.52,,,1283129,667925.0,612,F1,1,,,,,
2026-07-22,2026-07-22,CM,BSE,STK,540136,INE495S01016,HPL,B,,,,,HPL Electric & Power Limited,351.05,351.05,341.0,343.6,345.0,348.15,,342.85,,,9466,3258404.0,283,F1,1,,,,,
2026-07-22,2026-07-22,CM,BSE,STK,540143,INE184B01012,SAGARSOFT,X,,,,,Sagarsoft (India) Limited,84.6,84.6,77.0,81.39,81.0,83.79,,81.39,,,1456,119415.0,26,F1,1,,,,,
2026-07-22,2026-07-22,CM,BSE,STK,540145,INE565V01010,VALIANTORG,T,,,,,Valiant Organics Limited,276.95,276.95,261.0,261.6,261.6,264.05,,265.95,,,2145,560705.0,35,F1,1,,,,,
2026-07-22,2026-07-22,CM,BSE,STK,540146,INE427V01013,ACML,M,,,,,ADITYA CONSUMER MARKETING LIMI,32.55,32.55,32.5,32.5,32.5,33.0,,32.5,,,2000,65050.0,2,F1,1000,,,,,
2026-07-22,2026-07-22,CM,BSE,STK,540147,INE700V01021,SHASHIJIT,X,,,,,Shashijit Infraprojects Limite,2.39,2.44,2.36,2.43,2.41,2.51,,2.43,,,11047,26646.0,22,F1,1,,,,,
2026-07-22,2026-07-22,CM,BSE,STK,540150,INE957U01011,MHEL,MT,,,,,Mewar Hi-Tech Engineering Limi,65.0,65.0,65.0,65.0,65.0,65.0,,65.0,,,750,48750.0,1,F1,750,,,,,
2026-07-22,2026-07-22,CM,BSE,STK,540153,INE913H01037,ENDURANCE,A,,,,,Endurance Technologies Limited,2737.45,2760.9,2700.0,2738.65,2750.0,2748.8,,2738.2,,,3444,9402851.0,437,F1,1,,,,,
2026-07-22,2026-07-22,CM,BSE,STK,540154,INF194KA1T91,IDFSENSEXE,A,,,,,Bandhan Mutual Fund,837.55,837.55,836.9,836.9,836.9,844.05,,836.9,,,17,14228.0,3,F1,1,,,,,
2026-07-22,2026-07-22,CM,BSE,STK,540168,INE268T01015,SUPRAPFSL,X,,,,,Supra Pacific Financial Servic,32.28,33.9,31.5,33.39,33.49,31.99,,33.39,,,82697,2678505.0,543,F1,1,,,,,
2026-07-22,2026-07-22,CM,BSE,STK,540173,INE572E01012,PNBHOUSING,A,,,,,PNB Housing Finance Limited,1093.95,1093.95,1074.0,1082.3,1076.9,1093.15,,1082.3,,,116251,125764880.0,922,F1,1,,,,,
2026-07-22,2026-07-22,CM,BSE,STK,540174,INE298B01010,SOUTHERNIN,X,,,,,SOUTHERN INFOCONSULTANTS LIMIT,21.41,21.41,21.41,21.41,21.41,21.51,,21.41,,,21,449.0,2,F1,1,,,,,
2026-07-22,2026-07-22,CM,BSE,STK,540175,INE964R01013,REGENCY,XT,,,,,REGENCY FINCORP LIMITED,46.05,47.49,44.69,44.76,45.3,47.04,,44.76,,,205852,9277484.0,456,F1,1,,,,,
2026-07-22,2026-07-22,CM,BSE,STK,540180,INE200M01039,VBL,A,,,,,Varun Beverages Limited,463.15,464.05,455.15,458.35,458.35,462.95,,458.25,,,338865,155223253.0,6921,F1,1,,,,,
2026-07-22,2026-07-22,CM,BSE,STK,540181,INE894E01028,SALEM,X,,,,,Salem Erode Investments Ltd.,37.99,37.99,37.8,37.8,37.8,37.24,,37.8,,,6,227.0,2,F1,1,,,,,
2026-07-22,2026-07-22,CM,BSE,STK,540189,INE448F01012,UPROTECH,X,,,,,Unipro Technologies Limited,15.79,15.8,14.57,15.34,15.8,15.33,,15.34,,,6290,99252.0,19,F1,1,,,,,
2026-07-22,2026-07-22,CM,BSE,STK,540190,INE789R01022,FRANKLININD,XT,,,,,Franklin Industries Limited,0.36,0.37,0.35,0.35,0.36,0.36,,0.35,,,2033946,716683.0,498,F1,1,,,,,
2026-07-22,2026-07-22,CM,BSE,STK,540192,INE341H01023,LKPSEC,XT,,,,,LKP Securities Limited,16.54,16.54,15.84,16.01,15.9,16.0,,16.01,,,6526,104606.0,56,F1,1,,,,,
2026-07-22,2026-07-22,CM,BSE,STK,540198,INE186R01013,OSIAJEE,X,,,,,OSIAJEE TEXFAB LIMITED,325.0,325.0,315.05,317.05,322.0,313.8,,317.05,,,69453,22111814.0,100,F1,1,,,,,
2026-07-22,2026-07-22,CM,BSE,STK,540199,INE850R01014,CMBL,X,,,,,Corporate Merchant Bankers Lim,50.36,50.36,47.85,47.85,47.85,50.36,,47.85,,,149,7443.0,13,F1,1,,,,,
2026-07-22,2026-07-22,CM,BSE,STK,540203,INE916U01025,SFL,A,,,,,Sheela Foam Limited,742.2,759.95,736.2,746.3,748.1,745.45,,745.65,,,20143,14957086.0,584,F1,1,,,,,
2026-07-22,2026-07-22,CM,BSE,STK,540204,INE666Q01016,EIKO,X,,,,,EIKO LIFESCIENCES LIMITED,49.68,50.0,48.38,48.99,50.0,49.27,,48.99,,,3875,190127.0,84,F1,1,,,,,
2026-07-22,2026-07-22,CM,BSE,STK,540205,INE679V01027,AVL,A,,,,,Aditya Vision Limited,638.0,641.3,626.0,634.8,636.55,643.6,,635.35,,,7375,4663686.0,394,F1,1,,,,,
2026-07-22,2026-07-22,CM,BSE,STK,540210,INE759V01019,HEADSUP,B,,,,,Heads UP Ventures Limited,7.14,7.14,7.0,7.13,7.13,7.14,,6.87,,,572,4005.0,16,F1,1,,,,,
2026-07-22,2026-07-22,CM,BSE,STK,540212,INE586V01016,TCIEXP,B,,,,,TCI Express Limited,585.0,587.0,568.5,583.9,580.0,587.2,,581.7,,,3536,2053323.0,193,F1,1,,,,,
2026-07-22,2026-07-22,CM,BSE,STK,540222,INE947Q01028,LAURUSLABS,A,,,,,Laurus Labs Limited,1594.75,1594.75,1566.5,1577.65,1577.5,1592.95,,1577.8,,,31829,50348100.0,2292,F1,1,,,,,
2026-07-22,2026-07-22,CM,BSE,STK,540243,INE835U01027,NEWLIGHT,X,,,,,NEW LIGHT INDUSTRIES LIMITED,1.51,1.51,1.36,1.43,1.45,1.47,,1.43,,,86778,122406.0,112,F1,1,,,,,
2026-07-22,2026-07-22,CM,BSE,STK,540252,INE607V01028,VSL,B,,,,,Viram Suvarn Limited,9.83,10.19,9.83,10.05,10.03,9.94,,10.05,,,388765,3901623.0,331,F1,1,,,,,
2026-07-22,2026-07-22,CM,BSE,STK,540254,INE245H01018,MTPL,XT,,,,,MARG TECHNO PROJECTS LIMITED,18.45,18.45,18.44,18.44,18.44,18.09,,18.44,,,25225,465165.0,17,F1,1,,,,,
2026-07-22,2026-07-22,CM,BSE,STK,540259,INE118R01032,SHANGAR,X,,,,,SHANGAR DECOR LIMITED,0.23,0.25,0.23,0.24,0.24,0.23,,0.24,,,1956338,467569.0,148,F1,1,,,,,
2026-07-22,2026-07-22,CM,BSE,STK,540266,INE804Q01013,GLCL,XT,,,,,Globe Commercials Limited,18.71,19.72,18.7,19.58,19.53,18.94,,19.58,,,16585,318581.0,73,F1,1,,,,,
2026-07-22,2026-07-22,CM,BSE,STK,540267,INE318U01016,FLORACORP,X,,,,,Flora Corporation Limited,7.72,7.72,7.72,7.72,7.72,7.37,,7.72,,,394,3041.0,2,F1,1,,,,,
2026-07-22,2026-07-22,CM,BSE,STK,540268,INE615R01029,TRU,B,,,,,TruCap Finance Limited,4.89,5.0,4.85,4.9,4.97,5.06,,4.96,,,15867,77372.0,105,F1,1,,,,,
2026-07-22,2026-07-22,CM,BSE,STK,540269,INE459U01018,SKL,MT,,,,,SUPER FINE KNITTERS LIMITED,8.71,8.71,8.71,8.71,8.71,8.3,,8.71,,,20000,174200.0,2,F1,10000,,,,,
2026-07-22,2026-07-22,CM,BSE,STK,540293,INE726V01018,PRICOLLTD,A,,,,,Pricol Limited,610.25,610.25,596.7,604.9,604.0,611.05,,605.3,,,21944,13221701.0,957,F1,1,,,,,
2026-07-22,2026-07-22,CM,BSE,STK,540311,INE863T01013,JITFINFRA,B,,,,,JITF INFRALOGISTICS LIMITED,373.3,375.7,369.9,374.0,374.2,378.2,,372.15,,,1197,446820.0,51,F1,1,,,,,
2026-07-22,2026-07-22,CM,BSE,STK,540332,INE978V01015,TANVI,M,,,,,Tanvi Foods (India) Limited,55.86,55.86,55.86,55.86,55.86,58.8,,55.86,,,1000,55860.0,1,F1,1000,,,,,
2026-07-22,2026-07-22,CM,BSE,STK,540358,INE655V01019,RMC,B,,,,,RMC SWITCHGEARS LIMITED,308.9,308.9,261.35,263.3,261.35,269.5,,262.4,,,4315,1160089.0,214,F1,1,,,,,
2026-07-22,2026-07-22,CM,BSE,STK,540359,INE240T01014,PARMAX,XT,,,,,Parmax Pharma Limited,107.06,107.06,107.06,107.06,107.06,104.97,,107.06,,,3849,412073.0,17,F1,1,,,,,
2026-07-22,2026-07-22,CM,BSE,STK,540360,INE715Q01029,LLFICL,T,,,,,LEADING LEASING FINANCE AND IN,1.19,1.21,1.16,1.17,1.17,1.17,,1.17,,,972837,1144377.0,371,F1,1,,,,,
2026-07-22,2026-07-22,CM,BSE,STK,540361,INE575D01041,DANUBE,XT,,,,,DANUBE INDUSTRIES LIMITED,6.55,6.76,6.15,6.62,6.76,6.47,,6.62,,,87667,557466.0,167,F1,1,,,,,
2026-07-22,2026-07-22,CM,BSE,STK,540366,INE919I01024,RADIOCITY,B,,,,,Music Broadcast Limited,6.02,6.2,5.92,5.92,5.92,5.9,,5.98,,,8873,52749.0,23,F1,1,,,,,
2026-07-22,2026-07-22,CM,BSE,STK,540376,INE192R01011,DMART,A,,,,,Avenue Supermarts Limited,3965.1,4011.9,3956.85,4000.7,4003.15,3974.9,,4000.5,,,6244,24931741.0,1261,F1,1,,,,,
2026-07-22,2026-07-22,CM,BSE,STK,540377,INE714U01024,IFL,B,,,,,IFL ENTERPRISES LIMITED,0.38,0.38,0.37,0.38,0.38,0.37,,0.38,,,2752117,1023761.0,468,F1,1,,,,,
2026-07-22,2026-07-22,CM,BSE,STK,540386,INE989S01042,ONTIC,XT,,,,,Ontic Finserve Limited,2.21,2.21,2.14,2.15,2.15,2.21,,2.15,,,688222,1480554.0,234,F1,1,,,,,
2026-07-22,2026-07-22,CM,BSE,STK,540393,INE017W01010,SMLT,B,,,,,Sarthak Metals Limited,67.99,69.68,67.99,69.68,69.68,67.71,,66.63,,,21,1461.0,4,F1,1,,,,,
2026-07-22,2026-07-22,CM,BSE,STK,540395,INE298W01016,CHEMCRUX,B,,,,,Chemcrux Enterprises Limited,89.5,90.78,88.15,88.5,88.5,89.6,,88.5,,,1949,173202.0,72,F1,1,,,,,
2026-07-22,2026-07-22,CM,BSE,STK,540396,INE784W01015,MANOMAY,B,,,,,Manomay Tex India Limited,204.95,204.95,200.0,202.5,200.0,200.85,,202.25,,,16793,3405601.0,246,F1,1,,,,,
2026-07-22,2026-07-22,CM,BSE,STK,540401,INE544W01021,MAXIMUS,X,,,,,Maximus International Limited,13.52,13.75,12.9,13.46,13.73,13.71,,13.46,,,77184,1040596.0,151,F1,1,,,,,
2026-07-22,2026-07-22,CM,BSE,STK,540403,INE201M01029,CLEDUCATE,T,,,,,CL Educate Limited,58.0,59.0,58.0,59.0,59.0,56.56,,58.07,,,518,30337.0,7,F1,1,,,,,
2026-07-22,2026-07-22,CM,BSE,STK,540404,INE442V01012,PRIMEFRESH,B,,,,,PRIME FRESH LIMITED,200.0,201.0,194.0,198.95,199.0,199.4,,198.95,,,196896,39039950.0,445,F1,1,,,,,
2026-07-22,2026-07-22,CM,BSE,STK,540405,INE711V01010,OCEANIC,X,,,,,Oceanic Foods Limited,52.05,54.94,52.05,53.01,54.74,54.87,,53.01,,,1102,58755.0,18,F1,1,,,,,
2026-07-22,2026-07-22,CM,BSE,STK,540425,INE274V01019,SHANKARA,B,,,,,Shankara Building Products Lim,139.8,140.55,138.4,139.8,139.8,138.0,,139.63,,,2570,359148.0,48,F1,1,,,,,
2026-07-22,2026-07-22,CM,BSE,STK,540455,INE953W01016,ESCORP,B,,,,,Escorp Asset Management Limite,104.95,104.95,103.0,103.0,103.0,103.5,,103.0,,,22,2292.0,4,F1,1,,,,,
2026-07-22,2026-07-22,CM,BSE,STK,540467,INE808R01012,PARMSILK,XT,,,,,PARMESHWARI SILK MILLS LIMITED,298.65,298.65,298.65,298.65,298.65,314.35,,298.65,,,154,45992.0,26,F1,1,,,,,
2026-07-22,2026-07-22,CM,BSE,STK,540481,INE949C01016,CLFL,X,,,,,Classic Leasing & Finance Ltd.,62.01,62.01,56.11,56.11,56.11,59.06,,56.11,,,1237,70045.0,9,F1,1,,,,,
2026-07-22,2026-07-22,CM,BSE,STK,540492,INE594W01042,STARLENT,B,,,,,STARLINEPS ENTERPRISES LIMITED,10.21,10.78,10.21,10.58,10.65,10.57,,10.58,,,218705,2300814.0,353,F1,1,,,,,
2026-07-22,2026-07-22,CM,BSE,STK,540497,INE807K01035,SCHAND,B,,,,,S Chand And Company Limited,148.55,149.7,147.6,149.15,149.7,150.25,,149.31,,,666,98699.0,116,F1,1,,,,,
2026-07-22,2026-07-22,CM,BSE,STK,540515,INE453S01015,KANUNGO,X,,,,,KANUNGO FINANCIERS LIMITED,9.5,9.55,9.5,9.5,9.5,9.1,,9.5,,,1403,13328.0,5,F1,1,,,,,
2026-07-22,2026-07-22,CM,BSE,STK,540519,INE343X01026,MEERA,T,,,,,Meera Industries Limited,42.33,42.33,42.33,42.33,42.33,43.19,,42.33,,,306,12952.0,7,F1,1,,,,,
2026-07-22,2026-07-22,CM,BSE,STK,540526,INE183W23014,IRBINVIT,IF,,,,,IRB InvIT Fund,62.85,63.4,62.55,62.94,63.0,62.77,,62.99,,,59281,3730748.0,576,F1,1,,,,,
2026-07-22,2026-07-22,CM,BSE,STK,540530,INE031A01017,HUDCO,A,,,,,Housing &Urban Development Cor,200.15,202.15,193.8,198.0,198.0,199.65,,198.31,,,208324,41016005.0,2344,F1,1,,,,,
2026-07-22,2026-07-22,CM,BSE,STK,540544,INE488V01015,PSPPROJECT,B,,,,,PSP Projects Limited,1092.4,1092.4,1052.6,1057.45,1060.25,1074.55,,1056.3,,,1734,1836329.0,159,F1,1,,,,,
2026-07-22,2026-07-22,CM,BSE,STK,540545,INE986W01016,GKL,X,,,,,GURU KRUPA GEMS AND JEWELLERY,31.99,32.79,31.0,31.69,32.0,31.23,,31.69,,,120443,3887929.0,174,F1,1,,,,,
2026-07-22,2026-07-22,CM,BSE,STK,540565,INE219X23014,INDIGRID,IF,,,,,IndiGrid Infrastructure Trust,180.4,180.4,178.91,179.91,180.09,178.71,,179.53,,,14005,2516674.0,300,F1,1,,,,,
2026-07-22,2026-07-22,CM,BSE,STK,540570,INE717F01028,VARIMAN,XT,,,,,VARIMAN GLOBAL ENTERPRISES LIM,4.46,4.53,4.31,4.39,4.38,4.53,,4.39,,,75001,328038.0,87,F1,1,,,,,
2026-07-22,2026-07-22,CM,BSE,STK,540575,INE460H01021,STARCEMENT,B,,,,,Star Cement Limited,208.25,208.25,204.85,205.75,205.9,208.3,,205.71,,,5199,1069463.0,148,F1,1,,,,,
2026-07-22,2026-07-22,CM,BSE,STK,540590,INE325X01015,RIDDHICORP,X,,,,,Riddhi Corporate Services Limi,59.11,61.2,58.0,58.28,58.9,61.45,,58.28,,,1047,61069.0,27,F1,1,,,,,
2026-07-22,2026-07-22,CM,BSE,STK,540595,INE010J01012,TEJASNET,A,,,,,Tejas Networks Limited,540.0,540.0,517.65,520.2,520.2,537.2,,520.55,,,71798,37705873.0,1598,F1,1,,,,,
2026-07-22,2026-07-22,CM,BSE,STK,540596,INE406M01024,ERIS,A,,,,,Eris Lifesciences Limited,1477.35,1477.35,1430.85,1440.45,1440.0,1469.15,,1440.6,,,101620,146834504.0,290,F1,1,,,,,
2026-07-22,2026-07-22,CM,BSE,STK,540597,INE319U01022,CONTAINER,X,,,,,Containerway International Lim,17.11,17.85,17.0,17.77,17.79,17.11,,17.77,,,6336,110972.0,41,F1,1,,,,,
2026-07-22,2026-07-22,CM,BSE,STK,540602,INE869I01013,GTPL,B,,,,,GTPL Hathway Limited,64.99,64.99,58.15,59.72,60.0,62.19,,60.82,,,2911,176273.0,71,F1,1,,,,,
2026-07-22,2026-07-22,CM,BSE,STK,540611,INE949L01017,AUBANK,A,,,,,AU Small Finance Bank Limited,999.0,1003.0,975.0,980.05,980.05,1003.5,,980.2,,,108188,106376611.0,4149,F1,1,,,,,
2026-07-22,2026-07-22,CM,BSE,STK,540612,INF109KC19U5,LOWVOLIETF,B,,,,,ICICI Prudential Nifty Low Vol,22.0,22.36,22.0,22.14,22.14,22.22,,22.16,,,10308,228489.0,209,F1,1,,,,,
2026-07-22,2026-07-22,CM,BSE,STK,540613,INE721X01023,GEL,M,,,,,Gautam Exim Limited,33.3,33.3,33.3,33.3,33.3,32.75,,33.3,,,3000,99900.0,1,F1,3000,,,,,
2026-07-22,2026-07-22,CM,BSE,STK,540615,INE413X01035,7NR,XT,,,,,7NR Retail Limited,6.62,6.62,6.45,6.56,6.6,6.31,,6.56,,,278032,1829799.0,494,F1,1,,,,,
2026-07-22,2026-07-22,CM,BSE,STK,540642,INE170V01027,SALASAR,B,,,,,Salasar Techno Engineering Lim,6.07,6.07,5.92,5.93,5.93,6.0,,5.93,,,144350,859440.0,1152,F1,1,,,,,
2026-07-22,2026-07-22,CM,BSE,STK,540647,INE335W01016,GANGESSECU,B,,,,,Ganges Securities Ltd.,119.7,119.7,113.4,116.0,116.0,114.7,,115.98,,,909,105884.0,21,F1,1,,,,,
2026-07-22,2026-07-22,CM,BSE,STK,540648,INE471W01019,PALASHSECU,B,,,,,Palash Securities Limited,90.01,92.0,89.0,92.0,92.0,90.73,,91.46,,,419,37894.0,41,F1,1,,,,,
2026-07-22,2026-07-22,CM,BSE,STK,540649,INE349W01017,AVADHSUGAR,T,,,,,AVADH SUGAR & ENERGY LIMITED,557.3,559.0,535.15,536.35,536.25,554.55,,544.4,,,1581,851153.0,41,F1,1,,,,,
2026-07-22,2026-07-22,CM,BSE,STK,540650,INE347W01011,MAGADSUGAR,B,,,,,Magadh Sugar & Energy Limited,481.0,511.85,481.0,496.85,499.15,512.05,,499.35,,,498,249805.0,61,F1,1,,,,,
2026-07-22,2026-07-22,CM,BSE,STK,540654,INE632W01016,GSTL,XT,,,,,GlobalSpace Technologies Limit,24.23,24.45,22.85,24.15,24.36,24.01,,24.15,,,3890,92092.0,68,F1,1,,,,,
2026-07-22,2026-07-22,CM,BSE,STK,540669,INF789F1AUW9,NEXT50BETA,B,,,,,UTI Mutual Fund,78.98,78.98,77.2,77.77,77.73,78.31,,77.99,,,6667,519216.0,73,F1,1,,,,,
2026-07-22,2026-07-22,CM,BSE,STK,540673,INE285J01028,SIS,B,,,,,SIS LIMITED,444.0,444.5,435.0,436.6,438.6,441.35,,437.05,,,10457,4594747.0,435,F1,1,,,,,
2026-07-22,2026-07-22,CM,BSE,STK,540678,INE704P01025,COCHINSHIP,A,,,,,Cochin Shipyard Limited,1409.6,1409.6,1363.8,1368.5,1368.5,1404.9,,1367.7,,,75865,104826751.0,3867,F1,1,,,,,
2026-07-22,2026-07-22,CM,BSE,STK,540680,INE880L01014,KIOCL,B,,,,,KIOCL Limited,367.0,367.0,357.25,357.5,357.25,368.5,,357.1,,,4416,1598713.0,217,F1,1,,,,,
2026-07-22,2026-07-22,CM,BSE,STK,540686,INE172E01011,SMRUTHIORG,X,,,,,Smruthi Organics Limited,117.95,117.95,113.15,115.8,115.8,115.05,,115.8,,,470,54438.0,12,F1,1,,,,,
2026-07-22,2026-07-22,CM,BSE,STK,540691,INE674K01013,ABCAPITAL,A,,,,,Aditya Birla Capital Ltd,409.0,411.25,398.45,400.55,400.55,409.2,,400.6,,,203030,82503222.0,4819,F1,1,,,,,
2026-07-22,2026-07-22,CM,BSE,STK,540692,INE346W01013,APEX,B,,,,,Apex Frozen Foods Limited,403.3,403.3,390.65,392.3,393.55,401.25,,392.2,,,6513,2561885.0,369,F1,1,,,,,
2026-07-22,2026-07-22,CM,BSE,STK,540693,INE145Y01023,SHISHIND,X,,,,,Shish Industries Limited,12.85,13.27,12.78,12.93,13.0,12.87,,12.93,,,266372,3434713.0,249,F1,1,,,,,
2026-07-22,2026-07-22,CM,BSE,STK,540694,INE236W01016,ANG,T,,,,,ANG Lifesciences India Limited,33.48,34.96,31.76,34.94,33.05,33.3,,34.94,,,5793,201106.0,51,F1,1,,,,,
2026-07-22,2026-07-22,CM,BSE,STK,540696,INE185U01035,KCDGROUP,X,,,,,KCD INDUSTRIES INDIA LIMITED,4.08,4.12,3.71,3.92,3.92,4.0,,3.92,,,28504,113474.0,67,F1,1,,,,,
2026-07-22,2026-07-22,CM,BSE,STK,540699,INE935N01020,DIXON,A,,,,,Dixon Technologies (India) Lim,14126.05,14201.85,13650.0,13873.8,13873.8,14121.1,,13881.0,,,58599,819834265.0,16076,F1,1,,,,,
2026-07-22,2026-07-22,CM,BSE,STK,540700,INE727S01012,BRNL,B,,,,,Bharat Road Network Limited,17.4,17.75,17.22,17.51,17.51,17.6,,17.38,,,2982,52075.0,59,F1,1,,,,,
2026-07-22,2026-07-22,CM,BSE,STK,540701,INE385W01011,DCAL,B,,,,,Dishman Carbogen Amcis Limited,191.6,191.65,184.0,186.35,185.0,190.2,,186.19,,,20563,3805927.0,453,F1,1,,,,,
2026-07-22,2026-07-22,CM,BSE,STK,540702,INE670X01014,LASA,B,,,,,Lasa Supergenerics Limited,7.25,7.25,7.17,7.17,7.17,7.25,,7.12,,,4010,29032.0,31,F1,1,,,,,
2026-07-22,2026-07-22,CM,BSE,STK,540703,INE438C01010,PROCLB,X,,,,,PRO CLB GLOBAL LIMITED,26.0,27.89,26.0,27.89,27.89,26.68,,27.89,,,11080,294338.0,11,F1,1,,,,,
2026-07-22,2026-07-22,CM,BSE,STK,540704,INE866R01028,MATRIMONY,B,,,,,Matrimony.com Limited,436.8,437.35,428.1,428.7,428.1,435.2,,429.95,,,460,198616.0,87,F1,1,,,,,
2026-07-22,2026-07-22,CM,BSE,STK,540709,INE217K01011,RHFL,Z,,,,,Reliance Home Finance Limited,2.05,2.05,1.98,1.99,2.0,2.01,,1.99,,,169338,336212.0,167,F1,1,,,,,
2026-07-22,2026-07-22,CM,BSE,STK,540710,INE264T01014,CAPACITE,B,,,,,Capacite Infraprojects Limited,223.7,224.0,216.05,216.95,216.8,225.2,,217.05,,,18830,4143171.0,432,F1,1,,,,,
2026-07-22,2026-07-22,CM,BSE,STK,540716,INE765G01017,ICICIGI,A,,,,,ICICI Lombard General Insuranc,1606.35,1621.15,1575.0,1585.6,1585.6,1624.95,,1583.8,,,302401,482041073.0,3070,F1,1,,,,,
2026-07-22,2026-07-22,CM,BSE,STK,540717,INE689M01025,PQIF,X,,,,,Polo Queen Industrial and Fint,8.47,8.47,8.47,8.47,8.47,8.07,,8.47,,,8112,68708.0,34,F1,1,,,,,
2026-07-22,2026-07-22,CM,BSE,STK,540718,INE777X01017,AAYUSHBULL,M,,,,,AAYUSH ART AND BULLION LIMITED,1161.5,1171.0,1158.0,1163.05,1171.0,1163.65,,1163.05,,,167750,194963512.0,839,F1,125,,,,,
2026-07-22,2026-07-22,CM,BSE,STK,540719,INE123W01016,SBILIFE,A,,,,,SBI Life Insurance Company Lim,1809.95,1828.8,1797.35,1805.55,1808.5,1827.35,,1806.7,,,9554,17262027.0,1200,F1,1,,,,,
2026-07-22,2026-07-22,CM,BSE,STK,540724,INE393P01035,DIAMONDYD,B,,,,,Prataap Snacks Limited,1145.0,1145.0,1125.0,1134.4,1135.85,1145.3,,1132.0,,,56,63270.0,13,F1,1,,,,,
2026-07-22,2026-07-22,CM,BSE,STK,540725,INE932X01026,SHAREINDIA,B,,,,,Share India Securities Limited,188.0,194.3,183.7,190.7,190.4,185.9,,190.73,,,159589,30286630.0,1727,F1,1,,,,,
2026-07-22,2026-07-22,CM,BSE,STK,540726,INE071Y01013,TTFL,X,,,,,Trident Texofab Limited,31.98,32.75,31.8,32.25,32.48,32.3,,32.25,,,1818,58755.0,41,F1,1,,,,,
2026-07-22,2026-07-22,CM,BSE,STK,540727,INE973X01012,POOJA,B,,,,,Poojawestern Metaliks Limited,18.0,18.0,17.32,17.87,17.9,17.73,,17.87,,,4508,79841.0,82,F1,1,,,,,
2026-07-22,2026-07-22,CM,BSE,STK,540728,INE327G01032,SAYAJIIND,X,,,,,Sayaji Industries Limited,102.0,104.9,99.95,100.45,100.55,101.05,,100.45,,,4190,421498.0,28,F1,1,,,,,
2026-07-22,2026-07-22,CM,BSE,STK,540730,INE062Y01020,MEHAI,XT,,,,,Mehai Technology  Limited,1.19,1.19,1.14,1.15,1.15,1.17,,1.15,,,651531,750573.0,219,F1,1,,,,,
2026-07-22,2026-07-22,CM,BSE,STK,540735,INE864K01010,IRIS,B,,,,,IRIS RegTech Solutions Limited,240.0,243.0,235.85,237.55,237.2,239.4,,237.45,,,1062,254092.0,74,F1,1,,,,,
2026-07-22,2026-07-22,CM,BSE,STK,540737,INE414Y01015,SGRL,X,,,,,Shree Ganesh Remedies Limited,630.0,686.0,610.0,658.0,670.05,635.8,,658.0,,,11018,7010019.0,373,F1,1,,,,,
2026-07-22,2026-07-22,CM,BSE,STK,540738,INE402Y01028,STL,B,,,,,Shreeji Translogistics Limited,8.44,8.5,8.35,8.39,8.38,8.37,,8.39,,,16600,139661.0,67,F1,1,,,,,
2026-07-22,2026-07-22,CM,BSE,STK,540743,INE850D01014,GODREJAGRO,A,,,,,Godrej Agrovet Limited,577.95,577.95,567.75,569.4,568.0,575.45,,569.3,,,11178,6391759.0,350,F1,1,,,,,
2026-07-22,2026-07-22,CM,BSE,STK,540749,INE348L01012,MASFIN,B,,,,,MAS Financial Services Limited,318.95,318.95,313.55,316.2,315.35,320.0,,315.75,,,4434,1401800.0,199,F1,1,,,,,
2026-07-22,2026-07-22,CM,BSE,STK,540750,INE022Q01020,IEX,A,,,,,Indian Energy Exchange Limited,125.55,125.55,122.3,123.45,123.45,124.4,,123.48,,,130588,16115055.0,1386,F1,1,,,,,
2026-07-22,2026-07-22,CM,BSE,STK,540755,INE481Y01014,GICRE,A,,,,,General Insurance Corporation,361.9,365.8,356.5,362.25,362.25,361.9,,361.5,,,55902,20175380.0,1470,F1,1,,,,,
2026-07-22,2026-07-22,CM,BSE,STK,540756,INE282Y01016,KAARYAFSL,M,,,,,Kaarya Facilities and Services,13.1,13.1,13.1,13.1,13.1,13.78,,13.1,,,6000,78600.0,1,F1,6000,,,,,
2026-07-22,2026-07-22,CM,BSE,STK,540757,INE501Y01019,SCPL,B,,,,,SHEETAL COOL PRODUCTS LIMITED,548.0,599.7,528.95,581.35,581.95,546.65,,582.55,,,22901,13099554.0,1185,F1,1,,,,,
2026-07-22,2026-07-22,CM,BSE,STK,540762,INE974X01010,TIINDIA,A,,,,,Tube Investments of India Ltd,2910.2,2977.1,2870.0,2902.5,2896.2,2910.2,,2903.7,,,6433,18672696.0,1356,F1,1,,,,,
2026-07-22,2026-07-22,CM,BSE,STK,540767,INE298J01013,NAM-INDIA,A,,,,,NIPPON LIFE INDIA ASSET MANAGE,1161.0,1166.05,1138.65,1146.35,1140.0,1167.5,,1147.9,,,21914,25168388.0,2324,F1,1,,,,,
2026-07-22,2026-07-22,CM,BSE,STK,540768,INE766P01016,MAHLOG,B,,,,,Mahindra Logistics Limited,395.3,412.3,384.35,402.1,403.0,391.0,,402.15,,,29025,11611832.0,816,F1,1,,,,,
2026-07-22,2026-07-22,CM,BSE,STK,540769,INE470Y01017,NIACL,A,,,,,The New India Assurance Compan,179.65,179.65,174.05,175.0,174.05,178.1,,175.14,,,32660,5745084.0,470,F1,1,,,,,
2026-07-22,2026-07-22,CM,BSE,STK,540774,INE133Y01011,IFGLEXPOR,B,,,,,IFGL Refractories Limited,208.55,208.55,202.2,203.1,203.05,208.85,,203.56,,,3961,810161.0,467,F1,1,,,,,
2026-07-22,2026-07-22,CM,BSE,STK,540775,INE834I01025,KHADIM,T,,,,,Khadim India Limited,95.65,99.35,94.0,96.4,96.4,97.2,,94.64,,,3096,302989.0,67,F1,1,,,,,
2026-07-22,2026-07-22,CM,BSE,STK,540776,INE618L01018,5PAISA,B,,,,,5paisa Capital Limited,375.9,376.35,368.4,369.65,368.4,376.7,,369.95,,,1763,654115.0,109,F1,1,,,,,
2026-07-22,2026-07-22,CM,BSE,STK,540777,INE795G01014,HDFCLIFE,A,,,,,HDFC LIFE INSURANCE COMPANY LI,560.85,562.05,550.25,552.6,552.6,560.9,,553.1,,,189434,104810480.0,3028,F1,1,,,,,
2026-07-22,2026-07-22,CM,BSE,STK,540782,INE204Y01010,SBRANDS,MT,,,,,Sanghvi Brands Limited,12.6,12.6,12.6,12.6,12.6,12.0,,12.6,,,2000,25200.0,2,F1,1000,,,,,
2026-07-22,2026-07-22,CM,BSE,STK,540786,INE669Y01022,SHARIKA,T,,,,,SHARIKA ENTERPRISES LIMITED,19.68,19.68,19.68,19.68,19.68,20.08,,19.68,,,5691,111998.0,24,F1,1,,,,,
2026-07-22,2026-07-22,CM,BSE,STK,540787,INF109KB15Y7,ICICIB22,A,,,,,ICICI Prudential Mutual Fund,117.48,117.48,115.21,115.79,115.79,116.29,,115.76,,,15944,1844781.0,213,F1,1,,,,,
2026-07-22,2026-07-22,CM,BSE,STK,540788,INE500C01017,ASPIRA,XT,,,,,Aspira Pathlab & Diagnostics L,95.9,100.6,95.9,100.55,100.6,95.9,,100.55,,,3076,306153.0,31,F1,1,,,,,
2026-07-22,2026-07-22,CM,BSE,STK,540789,INE016M01021,DNAMEDIA,B,,,,,Diligent Media Corporation Lim,2.85,2.9,2.71,2.84,2.84,2.9,,2.83,,,9970,27884.0,26,F1,1,,,,,
2026-07-22,2026-07-22,CM,BSE,STK,540795,INE600Y01019,DYCL,B,,,,,Dynamic Cables Limited,432.5,441.65,405.0,407.4,407.4,434.75,,407.2,,,87509,36905612.0,2088,F1,1,,,,,
2026-07-22,2026-07-22,CM,BSE,STK,540797,INE597J01018,SHALBY,B,,,,,Shalby Limited,165.2,165.95,162.5,163.25,165.95,166.05,,163.73,,,5176,848087.0,95,F1,1,,,,,
2026-07-22,2026-07-22,CM,BSE,STK,540809,INE333Y01017,MRCAGRO,B,,,,,MRC AGROTECH LIMITED,37.21,37.99,35.79,37.06,37.06,37.22,,37.06,,,180078,6727837.0,397,F1,1,,,,,
2026-07-22,2026-07-22,CM,BSE,STK,540821,INE994R01028,CRYSTAL,XT,,,,,CRYSTAL BUSINESS SYSTEM LIMITE,1.85,1.88,1.85,1.86,1.86,1.88,,1.86,,,6973,13026.0,31,F1,1,,,,,
2026-07-22,2026-07-22,CM,BSE,STK,540824,INE646X01014,ASTRON,T,,,,,Astron Paper & Board Mill Limi,4.1,4.18,3.96,4.17,4.17,3.99,,4.1,,,41016,168526.0,67,F1,1,,,,,
2026-07-22,2026-07-22,CM,BSE,STK,540829,INE371F01024,CHANDRIMA,X,,,,,Chandrima Mercantiles limited,6.1,6.83,5.81,6.83,6.83,6.21,,6.83,,,646231,4253018.0,419,F1,1,,,,,
2026-07-22,2026-07-22,CM,BSE,STK,540874,INE454F01010,7SEASL,X,,,,,7SEAS ENTERTAINMENT LIMITED,79.85,79.85,76.0,76.87,76.25,78.09,,76.87,,,4762,368237.0,39,F1,1,,,,,
2026-07-22,2026-07-22,CM,BSE,STK,540879,INE713T01028,APOLLO,A,,,,,Apollo Micro Systems Limited,392.9,406.55,387.9,404.55,404.55,390.45,,404.85,,,1208055,483937263.0,11424,F1,1,,,,,
2026-07-22,2026-07-22,CM,BSE,STK,540900,INE619B01017,NEWGEN,A,,,,,Newgen Software Technologies L,546.6,546.6,523.3,531.45,531.45,546.6,,533.05,,,183619,97146817.0,3555,F1,1,,,,,
2026-07-22,2026-07-22,CM,BSE,STK,540901,INE546Y01022,PRAXIS,T,,,,,Praxis Home Retail Limited,7.5,7.5,7.05,7.17,7.27,7.4,,7.2,,,3063,21992.0,16,F1,1,,,,,
2026-07-22,2026-07-22,CM,BSE,STK,540902,INE371P01015,AMBER,A,,,,,Amber Enterprises India Limite,7698.55,7698.55,7444.0,7469.95,7492.0,7621.95,,7478.5,,,13034,98371039.0,1553,F1,1,,,,,
2026-07-22,2026-07-22,CM,BSE,STK,540904,INE115G01015,TIRUFOAM,X,,,,,TIRUPATI FOAM LIMITED,74.97,74.97,74.97,74.97,74.97,71.4,,74.97,,,655,49105.0,4,F1,1,,,,,
2026-07-22,2026-07-22,CM,BSE,STK,540914,INE425C01017,SRUSTEELS,XT,,,,,SRU Steels Limited,1.59,1.59,1.49,1.53,1.51,1.54,,1.53,,,52934,81162.0,86,F1,1,,,,,
2026-07-22,2026-07-22,CM,BSE,STK,540923,INE760Y01011,ASHOKAMET,B,,,,,Ashoka Metcast Limited,14.38,14.53,14.1,14.14,14.1,14.12,,14.11,,,370,5238.0,19,F1,1,,,,,
2026-07-22,2026-07-22,CM,BSE,STK,540935,INE600K01018,GALAXYSURF,B,,,,,Galaxy Surfactants Limited,1931.1,1943.55,1918.15,1926.85,1926.0,1946.45,,1932.7,,,15126,29192785.0,25,F1,1,,,,,
2026-07-22,2026-07-22,CM,BSE,STK,540936,INE063Z01017,GGL,X,,,,,Gautam Gems Limited,3.16,3.16,3.01,3.06,3.06,3.04,,3.06,,,79098,242129.0,76,F1,1,,,,,
2026-07-22,2026-07-22,CM,BSE,STK,540937,INE630Y01024,MEDICO,B,,,,,MEDICO REMEDIES LIMITED,40.63,40.63,38.01,38.92,39.0,38.1,,38.22,,,4823,184221.0,40,F1,1,,,,,
2026-07-22,2026-07-22,CM,BSE,STK,540938,INE578V01013,GUJHYSPIN,MT,,,,,Gujarat Hy-Spin Limited,9.25,9.25,9.23,9.23,9.23,9.0,,9.23,,,10000,92400.0,2,F1,5000,,,,,
2026-07-22,2026-07-22,CM,BSE,STK,540952,INE740X01023,LAL,B,,,,,LORENZINI APPARELS LIMITED,8.5,8.6,8.34,8.4,8.4,8.56,,8.82,,,3941,33354.0,43,F1,1,,,,,
2026-07-22,2026-07-22,CM,BSE,STK,540953,INE923Y01023,KENVI,B,,,,,Kenvi Jewels Limited,2.02,2.05,1.96,2.01,2.05,2.02,,2.01,,,55179,111343.0,120,F1,1,,,,,
2026-07-22,2026-07-22,CM,BSE,STK,540954,INE586E01020,IWP,B,,,,,The Indian Wood Products Co. L,32.5,33.96,32.5,33.8,33.8,33.24,,33.55,,,2001,67429.0,20,F1,1,,,,,
2026-07-22,2026-07-22,CM,BSE,STK,540955,INE773Y01014,TDSL,Z,,,,,Tasty Dairy Specialities Limit,4.51,4.51,4.09,4.11,4.35,4.3,,4.11,,,4410,18589.0,24,F1,1,,,,,
2026-07-22,2026-07-22,CM,BSE,STK,540956,INE341Z01025,BHATIA,X,,,,,Bhatia Communications & Retail,25.19,25.19,24.11,24.26,24.3,24.35,,24.26,,,24945,610543.0,97,F1,1,,,,,
2026-07-22,2026-07-22,CM,BSE,STK,540975,INE914M01019,ASTERDM,A,,,,,Aster DM Healthcare Limited,814.15,816.3,791.9,799.35,799.8,814.15,,799.5,,,19924,15955092.0,1081,F1,1,,,,,
2026-07-22,2026-07-22,CM,BSE,STK,540980,INE868X01014,YSL,X,,,,,The Yamuna Syndicate Ltd,26920.0,26920.0,26000.0,26000.0,26000.0,25990.0,,26000.0,,,12,313784.0,7,F1,1,,,,,
2026-07-22,2026-07-22,CM,BSE,STK,541005,INE398L01017,KANCOTEA,X,,,,,KANCO TEA & INDUSTRIES LIMITED,47.9,48.9,47.9,48.9,48.9,47.9,,48.9,,,32,1534.0,3,F1,1,,,,,
2026-07-22,2026-07-22,CM,BSE,STK,541019,INE926X01010,HGINFRA,B,,,,,H.G. Infra Engineering Limited,550.5,552.9,545.0,547.55,549.9,552.5,,547.1,,,2715,1492472.0,245,F1,1,,,,,
2026-07-22,2026-07-22,CM,BSE,STK,541083,INE464Z01017,INFLAME,M,,,,,Inflame Appliances Limited,231.0,231.05,229.9,229.9,229.9,231.05,,229.9,,,1500,346275.0,6,F1,250,,,,,
2026-07-22,2026-07-22,CM,BSE,STK,541096,INE365Y01019,BPLPHARMA,X,,,,,Bharat Parenterals Limited,1500.0,1509.5,1459.95,1480.45,1467.05,1485.5,,1480.45,,,1985,2953898.0,83,F1,1,,,,,
2026-07-22,2026-07-22,CM,BSE,STK,541097,INF740KA1EU7,LIQUIDETF,F,,,,,DSP BlackRock Mutual Fund,1000.0,1000.01,999.99,1000.0,1000.0,1000.01,,999.99,,,622928,622927992.0,34,F1,1,,,,,
2026-07-22,2026-07-22,CM,BSE,STK,541143,INE171Z01026,BDL,A,,,,,Bharat Dynamics Limited,1276.65,1278.0,1248.0,1249.75,1249.75,1273.15,,1249.5,,,38417,48342679.0,1969,F1,1,,,,,
2026-07-22,2026-07-22,CM,BSE,STK,541144,INE380Z01015,ACTIVE,B,,,,,Active Clothing Co  Limited,116.3,119.5,116.25,117.1,117.0,116.05,,117.1,,,3092,361739.0,75,F1,1,,,,,
2026-07-22,2026-07-22,CM,BSE,STK,541152,INE705X01026,GOYALALUM,B,,,,,GOYAL ALUMINIUMS LIMITED,6.53,6.79,6.36,6.57,6.5,6.56,,6.5,,,7534,49215.0,73,F1,1,,,,,
2026-07-22,2026-07-22,CM,BSE,STK,541153,INE545U01014,BANDHANBNK,A,,,,,Bandhan Bank Limited,187.75,191.0,169.65,173.4,173.4,208.6,,173.5,,,6138385,1100218746.0,31181,F1,1,,,,,
2026-07-22,2026-07-22,CM,BSE,STK,541154,INE066F01020,HAL,A,,,,,Hindustan Aeronautics Limited,4589.9,4627.0,4549.5,4578.95,4578.95,4581.25,,4575.2,,,75035,344310719.0,6777,F1,1,,,,,
2026-07-22,2026-07-22,CM,BSE,STK,541161,INE278R01034,DHARAN,Z,,,,,DHARAN INFRA-EPC LIMITED,0.19,0.19,0.19,0.19,0.19,0.19,,0.16,,,399210,75849.0,48,F1,1,,,,,
2026-07-22,2026-07-22,CM,BSE,STK,541163,INE278H01035,SANDHAR,B,,,,,Sandhar Technologies Limited,612.5,615.2,596.9,598.8,599.85,612.5,,599.2,,,9920,6019747.0,421,F1,1,,,,,
2026-07-22,2026-07-22,CM,BSE,STK,541167,INE616Z01012,YASHO,B,,,,,YASHO INDUSTRIES LIMITED,3151.15,3260.0,3130.2,3214.9,3225.1,3151.15,,3217.8,,,2658,8448511.0,432,F1,1,,,,,
2026-07-22,2026-07-22,CM,BSE,STK,541195,INE099Z01011,MIDHANI,A,,,,,Mishra Dhatu Nigam Limited,409.8,409.8,400.8,401.6,403.35,411.55,,402.15,,,26308,10617879.0,691,F1,1,,,,,
2026-07-22,2026-07-22,CM,BSE,STK,541228,INE459Z01017,TRL,B,,,,,Taylormade Renewables Limited,74.0,75.52,66.83,67.39,67.39,74.25,,67.39,,,82247,5608850.0,952,F1,1,,,,,
2026-07-22,2026-07-22,CM,BSE,STK,541233,INE970X01018,LEMONTREE,A,,,,,Lemon Tree Hotels Limited,111.4,111.4,107.25,108.95,108.95,110.95,,108.91,,,333134,36197468.0,2740,F1,1,,,,,
2026-07-22,2026-07-22,CM,BSE,STK,541269,INE783X01023,CHEMFAB,T,,,,,Chemfab Alkalis Ltd,362.0,362.0,357.2,359.85,357.2,372.95,,360.25,,,100,36091.0,3,F1,1,,,,,
2026-07-22,2026-07-22,CM,BSE,STK,541276,INE626Z01029,HARDWYN,B,,,,,HARDWYN INDIA LIMITED,16.08,16.08,15.26,15.51,15.51,15.68,,15.52,,,137504,2133894.0,355,F1,1,,,,,
2026-07-22,2026-07-22,CM,BSE,STK,541299,INE871Z01013,DLCL,M,,,,,DR LALCHANDANI LABS LIMITED,7.53,7.95,7.53,7.95,7.95,7.92,,7.95,,,36000,272760.0,8,F1,4000,,,,,
2026-07-22,2026-07-22,CM,BSE,STK,541301,INE142Z01019,ORIENTELEC,B,,,,,Orient Electric Limited,180.3,182.3,169.5,170.2,170.2,178.4,,170.28,,,105674,18829639.0,1672,F1,1,,,,,
2026-07-22,2026-07-22,CM,BSE,STK,541302,INE506Z01015,DHRUV,T,,,,,Dhruv Consultancy Services Lim,24.95,25.01,24.75,25.01,25.01,25.3,,25.07,,,405,10128.0,6,F1,1,,,,,
2026-07-22,2026-07-22,CM,BSE,STK,541303,INE256Z01025,AKSHAR,B,,,,,Akshar Spintex Limited,0.44,0.44,0.42,0.43,0.43,0.43,,0.42,,,57302,24626.0,55,F1,1,,,,,
2026-07-22,2026-07-22,CM,BSE,STK,541304,INE250Z01010,INDOUS,B,,,,,Indo US Bio-Tech Limited,85.63,87.99,85.63,87.38,87.44,86.39,,86.65,,,1814,157486.0,28,F1,1,,,,,
2026-07-22,2026-07-22,CM,BSE,STK,541313,INF109KC1V59,BSE500IETF,A,,,,,ICICI Prudential BSE 500 ETF,39.48,39.48,39.01,39.06,39.03,39.48,,39.17,,,3705,144860.0,71,F1,1,,,,,
2026-07-22,2026-07-22,CM,BSE,STK,541336,INE896L01010,INDOSTAR,B,,,,,IndoStar Capital Finance Limit,270.0,272.3,263.0,265.2,265.0,270.25,,265.35,,,2241,604327.0,68,F1,1,,,,,
2026-07-22,2026-07-22,CM,BSE,STK,541338,INE556Z01010,UHZAVERI,B,,,,,U. H. ZAVERI LIMITED,10.9,10.94,10.19,10.6,10.76,10.72,,10.6,,,53282,571903.0,63,F1,1,,,,,
2026-07-22,2026-07-22,CM,BSE,STK,541347,INE295Z01015,PARVATI,X,,,,,Parvati Sweetners and Power Lt,6.55,6.94,6.55,6.59,6.59,6.68,,6.59,,,300354,1979800.0,41,F1,1,,,,,
2026-07-22,2026-07-22,CM,BSE,STK,541352,INE00EM01016,MEGASTAR,B,,,,,Megastar Foods Limited,351.0,351.55,347.55,349.95,349.95,343.6,,348.3,,,50,17443.0,14,F1,1,,,,,
2026-07-22,2026-07-22,CM,BSE,STK,541353,INE870Z01015,INNOVATORS,M,,,,,Innovators Facade Systems Limi,119.0,119.0,113.1,114.4,114.0,117.0,,114.4,,,7200,828000.0,9,F1,800,,,,,
2026-07-22,2026-07-22,CM,BSE,STK,541358,INE926R01012,UCIL,XT,,,,,UNIFINZ CAPITAL INDIA LIMITED,114.0,114.65,114.0,114.65,114.65,119.95,,114.65,,,1058,120640.0,13,F1,1,,,,,
2026-07-22,2026-07-22,CM,BSE,STK,541402,INE692Z01013,AFFORDABLE,T,,,,,Affordable Robotic & Automatio,204.0,204.0,185.75,189.6,189.6,195.45,,188.55,,,5332,1005949.0,63,F1,1,,,,,
2026-07-22,2026-07-22,CM,BSE,STK,541403,INE325C01035,DOLLAR,B,,,,,Dollar Industries Limited,258.2,258.2,255.25,256.55,256.7,259.9,,256.45,,,5396,1382392.0,125,F1,1,,,,,
2026-07-22,2026-07-22,CM,BSE,STK,541418,INE236Y01012,NGIL,T,,,,,NAKODA GROUP OF INDUSTRIES LIM,38.5,40.0,38.5,40.0,40.0,40.5,,39.0,,,933,36393.0,3,F1,1,,,,,
2026-07-22,2026-07-22,CM,BSE,STK,541444,INE838Z01012,PALMJEWELS,X,,,,,Palm Jewels Limited,15.0,15.39,14.9,15.25,15.25,15.0,,15.25,,,781,11909.0,14,F1,1,,,,,
2026-07-22,2026-07-22,CM,BSE,STK,541445,INE799N01012,WAA,M,,,,,Waa Solar Limited,48.5,48.5,46.0,46.69,46.69,47.87,,46.69,,,12800,596032.0,15,F1,800,,,,,
2026-07-22,2026-07-22,CM,BSE,STK,541450,INE364U01010,ADANIGREEN,A,,,,,Adani Green Energy Limited,1542.35,1545.85,1466.0,1472.85,1472.85,1541.85,,1472.3,,,220220,331394119.0,10736,F1,1,,,,,
2026-07-22,2026-07-22,CM,BSE,STK,541503,INE250G01010,UNICK,X,,,,,Unick Fix-A- Form and Printers,49.61,49.61,47.24,47.24,47.24,47.25,,47.24,,,202,9545.0,5,F1,1,,,,,
2026-07-22,2026-07-22,CM,BSE,STK,541540,INE624Z01016,SOLARA,B,,,,,SOLARA ACTIVE PHARMA SCIENCES,563.45,563.45,516.4,535.45,535.75,558.3,,536.1,,,17522,9298162.0,1021,F1,1,,,,,
2026-07-22,2026-07-22,CM,BSE,STK,541546,INE287Z01012,GAYAHWS,B,,,,,GAYATRI HIGHWAYS LTD,1.85,1.99,1.85,1.92,1.92,1.94,,1.92,,,37305,71841.0,75,F1,1,,,,,
2026-07-22,2026-07-22,CM,BSE,STK,541556,INE320J01015,RITES,A,,,,,RITES Limited,219.05,219.05,215.15,215.75,215.75,219.7,,216.0,,,60143,12997654.0,1275,F1,1,,,,,
2026-07-22,2026-07-22,CM,BSE,STK,541557,INE686Y01026,FINEORG,A,,,,,Fine Organic Industries Limite,4901.05,5015.65,4796.2,4933.45,4960.0,4898.05,,4929.0,,,676,3298716.0,191,F1,1,,,,,
2026-07-22,2026-07-22,CM,BSE,STK,541578,INE665L01035,VARROC,A,,,,,Varroc Engineering Limited,664.1,664.1,646.55,650.2,649.65,658.5,,649.15,,,5527,3596890.0,245,F1,1,,,,,
2026-07-22,2026-07-22,CM,BSE,STK,541601,INE685Z01033,RAJNISH,B,,,,,Rajnish Wellness Limited,0.42,0.42,0.4,0.41,0.41,0.42,,0.41,,,2596902,1065528.0,407,F1,1,,,,,
2026-07-22,2026-07-22,CM,BSE,STK,541627,INE173V01013,GUJWIND,X,,,,,Gujarat Winding Systems Limite,7.6,7.6,7.22,7.23,7.23,7.6,,7.23,,,10536,76260.0,10,F1,1,,,,,
2026-07-22,2026-07-22,CM,BSE,STK,541634,INE960Z01014,RAWEDGE,B,,,,,Raw Edge Industrial Solutions,18.0,18.2,17.51,17.55,17.55,17.96,,17.55,,,1269,22317.0,12,F1,1,,,,,
2026-07-22,2026-07-22,CM,BSE,STK,541702,INE694W01024,ASHNI,X,,,,,Ashnisha Industries Limited,3.81,3.93,3.61,3.64,3.64,3.79,,3.64,,,1347560,4985629.0,1569,F1,1,,,,,
2026-07-22,2026-07-22,CM,BSE,STK,541703,INE00WY01013,RACONTEUR,M,,,,,RACONTEUR GLOBAL RESOURCES LIM,11.5,11.5,11.5,11.5,11.5,11.97,,11.5,,,1600,18400.0,1,F1,1600,,,,,
2026-07-22,2026-07-22,CM,BSE,STK,541729,INE127D01025,HDFCAMC,A,,,,,HDFC Asset Management Company,2576.55,2594.45,2537.45,2545.05,2545.05,2581.15,,2546.0,,,110272,282912726.0,3358,F1,1,,,,,
2026-07-22,2026-07-22,CM,BSE,STK,541735,INE299W01022,VIVANTA,X,,,,,Vivanta Industries Limited,1.72,1.72,1.63,1.67,1.67,1.69,,1.67,,,55362,92384.0,152,F1,1,,,,,
2026-07-22,2026-07-22,CM,BSE,STK,541741,INE401Z01019,FRATELLI,XT,,,,,Fratelli Vineyards Limited,98.0,99.98,95.55,96.04,98.6,97.35,,96.04,,,3006,288949.0,25,F1,1,,,,,
2026-07-22,2026-07-22,CM,BSE,STK,541770,INE741K01010,CREDITACC,A,,,,,CreditAccess Grameen Ltd.,1533.95,1533.95,1480.0,1487.05,1486.4,1534.2,,1488.9,,,5285,7925194.0,472,F1,1,,,,,
2026-07-22,2026-07-22,CM,BSE,STK,541771,INE572Z01017,AMINTAN,XT,,,,,AMIN TANNERY LIMITED,1.5,1.55,1.5,1.54,1.54,1.5,,1.54,,,17231,25973.0,57,F1,1,,,,,
2026-07-22,2026-07-22,CM,BSE,STK,541778,INE00IY01012,DEEP,X,,,,,Deep Polymers Limited,36.3,36.44,33.91,34.0,34.0,36.0,,34.0,,,48887,1677324.0,306,F1,1,,,,,
2026-07-22,2026-07-22,CM,BSE,STK,541809,INF109KC1NS5,NEXT50IETF,B,,,,,ICICI Prudential Mutual Fund,75.69,77.1,75.69,76.21,76.19,76.51,,76.17,,,27996,2135667.0,303,F1,1,,,,,
2026-07-22,2026-07-22,CM,BSE,STK,541865,INE01B501018,ASRL,X,,,,,Add-Shop E-Retail Limited,6.86,7.03,6.86,6.97,6.97,6.92,,6.97,,,4820,33434.0,53,F1,1,,,,,
2026-07-22,2026-07-22,CM,BSE,STK,541890,INE797Z01028,SPACEINCUBA,XT,,,,,Space Incubatrics Technologies,0.18,0.18,0.18,0.18,0.18,0.18,,0.18,,,57608,10369.0,60,F1,1,,,,,
2026-07-22,2026-07-22,CM,BSE,STK,541929,INE00QT01015,SGIL,B,,,,,Synergy Green Industries Limit,584.2,614.95,575.95,582.05,575.95,598.15,,582.5,,,135,79127.0,57,F1,1,,,,,
2026-07-22,2026-07-22,CM,BSE,STK,541946,INF109KC1KT9,LIQUIDIETF,F,,,,,ICICI Prudential BSE Liquid Ra,1000.0,1000.0,1000.0,1000.0,1000.0,1000.0,,999.99,,,126647,126647000.0,55,F1,1,,,,,
2026-07-22,2026-07-22,CM,BSE,STK,541956,INE962Y01021,IRCON,A,,,,,IRCON International Ltd,128.35,128.75,127.0,127.2,127.25,129.1,,127.17,,,124713,15895323.0,2149,F1,1,,,,,
2026-07-22,2026-07-22,CM,BSE,STK,541967,INE01IU01018,SKYGOLD,A,,,,,Sky Gold And Diamonds Limited,653.3,684.0,649.25,670.9,670.9,656.1,,671.25,,,79183,53324121.0,2903,F1,1,,,,,
2026-07-22,2026-07-22,CM,BSE,STK,541972,INF200KA1VQ2,SETFSN50,A,,,,,SBI Mutual Fund,958.49,958.49,937.0,937.0,937.0,949.0,,937.0,,,307,289025.0,39,F1,1,,,,,
2026-07-22,2026-07-22,CM,BSE,STK,541973,INE004Z01011,MACH,M,,,,,Mac Hotels Limited,85.0,85.0,85.0,85.0,85.0,83.0,,85.0,,,1500,127500.0,1,F1,1500,,,,,
2026-07-22,2026-07-22,CM,BSE,STK,541974,INE00VM01036,MANORAMA,A,,,,,Manorama Industries Limited,1609.05,1609.05,1567.95,1572.55,1574.85,1607.15,,1573.6,,,6652,10538688.0,407,F1,1,,,,,
2026-07-22,2026-07-22,CM,BSE,STK,541988,INE216P01012,AAVAS,A,,,,,AAVAS Financiers Limited,1534.45,1540.0,1424.45,1441.4,1441.4,1521.05,,1444.0,,,19210,27985839.0,1853,F1,1,,,,,
2026-07-22,2026-07-22,CM,BSE,STK,542011,INE382Z01011,GRSE,A,,,,,Garden Reach Shipbuilders & En,2620.65,2642.5,2581.0,2588.4,2588.4,2618.8,,2588.8,,,15951,41500811.0,1193,F1,1,,,,,
2026-07-22,2026-07-22,CM,BSE,STK,542012,INE911Z01025,A1L,B,,,,,A-1 LIMITED,5.11,5.51,5.0,5.24,5.24,5.25,,5.24,,,5624009,29268488.0,4551,F1,1,,,,,
2026-07-22,2026-07-22,CM,BSE,STK,542013,INE666Y01010,DOLFIN,B,,,,,Dolfin Rubbers Limited,169.2,171.85,169.15,171.4,171.85,170.05,,171.4,,,2262,384471.0,19,F1,1,,,,,
2026-07-22,2026-07-22,CM,BSE,STK,542019,INE01J501010,SHUBHAM,X,,,,,Shubham Polyspin Limited,40.0,40.65,38.0,38.83,39.68,39.96,,38.83,,,8630,335377.0,59,F1,1,,,,,
2026-07-22,2026-07-22,CM,BSE,STK,542020,INE642Z01026,AKI,B,,,,,AKI India Limited,4.57,4.72,4.55,4.61,4.62,4.66,,4.5,,,3566,16312.0,19,F1,1,,,,,
2026-07-22,2026-07-22,CM,BSE,STK,542025,INE206Z01020,SUNRETAIL,M,,,,,Sun Retail Limited,0.28,0.28,0.28,0.28,0.28,0.28,,0.28,,,96000,26880.0,2,F1,48000,,,,,
2026-07-22,2026-07-22,CM,BSE,STK,542034,INE00Q901014,SMGOLD,B,,,,,S. M. Gold Limited,11.6,12.4,11.6,12.17,12.31,11.92,,12.17,,,15407,187088.0,62,F1,1,,,,,
2026-07-22,2026-07-22,CM,BSE,STK,542046,INE647Z01025,VIVIDM,B,,,,,VIVID MERCANTILE LIMITED,6.33,6.33,5.85,6.11,6.11,6.21,,6.11,,,66625,403072.0,72,F1,1,,,,,
2026-07-22,2026-07-22,CM,BSE,STK,542057,INE00SW01015,BCPL,B,,,,,BCPL Railway Infrastructure Li,70.8,71.29,69.5,69.94,69.51,70.8,,69.81,,,728,50759.0,76,F1,1,,,,,
2026-07-22,2026-07-22,CM,BSE,STK,542066,INE399L01023,ATGL,A,,,,,ADANI TOTAL GAS LIMITED,700.95,701.85,676.45,682.0,682.0,699.35,,681.65,,,191597,131903690.0,4613,F1,1,,,,,
2026-07-22,2026-07-22,CM,BSE,STK,542123,INE398C01016,PHOSPHATE,X,,,,,The Phosphate Company Limited,145.0,145.0,145.0,145.0,145.0,138.0,,145.0,,,2,290.0,2,F1,1,,,,,
2026-07-22,2026-07-22,CM,BSE,STK,542131,INF769K01EG9,NIFTYETF,B,,,,,Mirae Asset Mutual Fund,262.27,262.27,260.43,261.13,261.11,263.04,,261.1,,,3574,933539.0,130,F1,1,,,,,
2026-07-22,2026-07-22,CM,BSE,STK,542141,INE285K01026,TECHNOE,A,,,,,Techno Electric & Engineering,1021.5,1021.5,1001.05,1009.75,1009.75,1019.9,,1010.2,,,8103,8183541.0,533,F1,1,,,,,
2026-07-22,2026-07-22,CM,BSE,STK,542145,INE02AP01013,RONI,M,,,,,Roni Households Limited,36.66,36.66,36.66,36.66,36.66,39.9,,36.66,,,1800,65988.0,1,F1,1800,,,,,
2026-07-22,2026-07-22,CM,BSE,STK,542146,INE951Z01013,SKIFL,M,,,,,Shree Krishna Infrastructure L,7.18,7.19,6.55,6.98,7.19,6.86,,6.98,,,11250,80012.0,7,F1,1250,,,,,
2026-07-22,2026-07-22,CM,BSE,STK,542155,INE01GR01018,DGL,MT,,,,,Diksha Greens Limited,1.07,1.09,1.07,1.08,1.09,1.09,,1.08,,,4000,4320.0,2,F1,2000,,,,,
2026-07-22,2026-07-22,CM,BSE,STK,542176,INE016X01010,ARYAN,X,,,,,Aryan Share & Stock Brokers Lt,16.66,16.66,16.66,16.66,16.66,17.5,,16.66,,,47,783.0,3,F1,1,,,,,
2026-07-22,2026-07-22,CM,BSE,STK,542206,INE139E01028,NIVAKA,X,,,,,NIVAKA FASHIONS LIMITED,0.55,0.55,0.51,0.51,0.51,0.53,,0.51,,,215423,110932.0,85,F1,1,,,,,
2026-07-22,2026-07-22,CM,BSE,STK,542216,INE00R701025,DALBHARAT,A,,,,,DALMIA BHARAT LIMITED,1874.9,1874.9,1837.2,1864.85,1864.2,1865.4,,1864.2,,,7720,14316175.0,1223,F1,1,,,,,
2026-07-22,2026-07-22,CM,BSE,STK,542230,INF209KB16D7,ABSLNN50ET,B,,,,,Aditya Birla Sun Life Mutual F,77.0,77.0,75.82,76.26,76.26,76.08,,75.98,,,686,52266.0,16,F1,1,,,,,
2026-07-22,2026-07-22,CM,BSE,STK,542231,INE00S901012,NILASPACES,B,,,,,Nila Spaces Ltd,11.97,12.19,11.94,12.0,12.0,12.16,,11.98,,,27251,327915.0,101,F1,1,,,,,
2026-07-22,2026-07-22,CM,BSE,STK,542232,INE01NE01012,SRD,B,,,,,Shankar Lal Rampal Dye-Chem Li,38.05,38.8,37.52,38.08,37.8,38.0,,37.76,,,2769,105366.0,46,F1,1,,,,,
2026-07-22,2026-07-22,CM,BSE,STK,542233,INE00CA01015,TREJHARA,B,,,,,Trejhara Solutions Limited,136.5,142.9,136.5,139.55,139.55,139.15,,140.68,,,1609,224609.0,113,F1,1,,,,,
2026-07-22,2026-07-22,CM,BSE,STK,542248,INE452W01019,DECCAN,T,,,,,Deccan Health Care Limited,12.75,12.75,12.02,12.45,12.44,12.5,,12.45,,,1379,17200.0,15,F1,1,,,,,
2026-07-22,2026-07-22,CM,BSE,STK,542285,INE02EZ01022,AXITA,B,,,,,Axita Cotton Limited,7.46,7.46,7.35,7.36,7.36,7.42,,7.36,,,353120,2609153.0,285,F1,1,,,,,
2026-07-22,2026-07-22,CM,BSE,STK,542323,INE542W01025,KPIGREEN,A,,,,,KPI Green Energy Limited,408.85,408.85,394.0,396.65,396.65,406.45,,396.7,,,25212,10092976.0,777,F1,1,,,,,
2026-07-22,2026-07-22,CM,BSE,STK,542333,INE425Y01011,RPSGVENT,B,,,,,RPSG VENTURES LIMITED,908.8,918.0,905.2,911.0,910.65,919.1,,911.2,,,506,460832.0,105,F1,1,,,,,
2026-07-22,2026-07-22,CM,BSE,STK,542337,INE020801028,SPENCERS,B,,,,,Spencer's Retail Limited,35.25,35.25,34.3,34.44,34.3,35.4,,34.48,,,1221,42267.0,62,F1,1,,,,,
2026-07-22,2026-07-22,CM,BSE,STK,542351,INE350Z01018,GLOSTERLTD,B,,,,,Gloster Ltd,680.0,680.0,669.95,677.75,677.75,661.05,,675.75,,,11,7457.0,6,F1,1,,,,,
2026-07-22,2026-07-22,CM,BSE,STK,542367,INE01P501012,XELPMOC,B,,,,,Xelpmoc Design and Tech Limite,82.97,85.02,79.51,80.18,79.9,81.52,,80.12,,,134,10885.0,26,F1,1,,,,,
2026-07-22,2026-07-22,CM,BSE,STK,542383,INE01EG01016,RITCO,B,,,,,Ritco Logistics Limited,277.65,290.0,276.95,287.05,290.0,279.5,,288.1,,,4959,1410987.0,190,F1,1,,,,,
2026-07-22,2026-07-22,CM,BSE,STK,542399,INE427F01016,CHALET,A,,,,,Chalet Hotels Limited,846.9,846.9,820.0,826.8,820.0,838.95,,822.8,,,2761,2283602.0,200,F1,1,,,,,
2026-07-22,2026-07-22,CM,BSE,STK,542437,INE02AR01019,ANMOL,B,,,,,Anmol India Limited,10.6,10.6,9.58,9.9,9.9,10.58,,10.09,,,31693,314500.0,43,F1,1,,,,,
2026-07-22,2026-07-22,CM,BSE,STK,542446,INE793Z01027,JONJUA,MT,,,,,Jonjua Overseas Limited,3.19,3.2,3.19,3.2,3.2,3.31,,3.2,,,14463,46233.0,3,F1,4821,,,,,
2026-07-22,2026-07-22,CM,BSE,STK,542459,INE911T01010,KRANTI,B,,,,,Kranti Industries Limited,51.11,51.94,47.16,51.29,51.29,52.2,,51.29,,,58657,2916093.0,562,F1,1,,,,,
2026-07-22,2026-07-22,CM,BSE,STK,542460,INE294Z01018,ANUP,B,,,,,The Anup Engineering Ltd,2140.05,2141.3,2085.0,2090.25,2085.0,2138.35,,2087.9,,,610,1288516.0,148,F1,1,,,,,
2026-07-22,2026-07-22,CM,BSE,STK,542484,INE955V01021,ARVINDFASN,A,,,,,Arvind Fashions Limited,462.1,481.25,462.1,474.3,473.15,471.35,,474.95,,,29096,13828468.0,995,F1,1,,,,,
2026-07-22,2026-07-22,CM,BSE,STK,542503,INE00CX01017,MAHIP,MT,,,,,Mahip Industries Limited,18.93,18.93,18.93,18.93,18.93,19.92,,18.93,,,136000,2574480.0,7,F1,4000,,,,,
2026-07-22,2026-07-22,CM,BSE,STK,542513,INF789F1AUU3,SNXT50BETA,A,,,,,UTI BSE  Sensex Next 50 ETF,93.94,94.09,93.47,93.7,93.7,94.0,,93.57,,,166,15577.0,34,F1,1,,,,,
2026-07-22,2026-07-22,CM,BSE,STK,542524,INE342U01016,AIHL,X,,,,,AMBASSADOR INTRA HOLDINGS LIMI,34.62,34.62,33.88,33.99,33.99,32.98,,33.99,,,490,16695.0,4,F1,1,,,,,
2026-07-22,2026-07-22,CM,BSE,STK,542543,INE05KD23015,ENERGYINF,IF,,,,,Energy Infrastructure Trust,75.92,75.92,75.11,75.83,75.86,75.9,,75.83,,,650000,49265250.0,23,F1,25000,,,,,
2026-07-22,2026-07-22,CM,BSE,STK,542579,INE05FR01029,AGOL,B,,,,,Ashapuri Gold Ornament Limited,3.97,3.97,3.89,3.9,3.9,3.94,,3.9,,,290765,1139893.0,662,F1,1,,,,,
2026-07-22,2026-07-22,CM,BSE,STK,542580,INE01C001026,AARTECH,T,,,,,Aartech Solonics Limited,48.11,49.0,47.15,48.99,49.0,48.97,,48.6,,,3837,185220.0,20,F1,1,,,,,
2026-07-22,2026-07-22,CM,BSE,STK,542592,INE02PC01027,HBEL,MT,,,,,Humming Bird Education Limited,13.3,14.7,13.3,14.7,14.7,14.0,,14.7,,,5000,68250.0,4,F1,1250,,,,,
2026-07-22,2026-07-22,CM,BSE,STK,542597,INE255X01014,MSTCLTD,B,,,,,MSTC Limited,593.55,596.3,580.0,590.55,590.0,598.15,,590.45,,,21456,12614091.0,675,F1,1,,,,,
2026-07-22,2026-07-22,CM,BSE,STK,542602,INE041025011,EMBASSY,IF,,,,,Embassy Office Parks REIT,446.3,449.48,444.75,446.54,446.4,445.62,,446.18,,,6731,3009631.0,481,F1,1,,,,,
2026-07-22,2026-07-22,CM,BSE,STK,542627,INE01GZ01011,CHANDNIMACH,XT,,,,,Chandni Machines Limited,103.5,105.0,98.5,103.95,103.0,102.04,,103.95,,,14652,1493972.0,66,F1,1,,,,,
2026-07-22,2026-07-22,CM,BSE,STK,542628,INE01BL01012,NSL,B,,,,,Northern Spirits Limited,144.95,145.0,133.5,135.45,135.45,142.95,,135.45,,,9953,1385486.0,200,F1,1,,,,,
2026-07-22,2026-07-22,CM,BSE,STK,542649,INE415G01027,RVNL,A,,,,,Rail Vikas Nigam Limited,225.25,225.5,222.2,223.0,223.0,225.25,,223.11,,,231008,51556956.0,3108,F1,1,,,,,
2026-07-22,2026-07-22,CM,BSE,STK,542650,INE112L01020,METROPOLIS,A,,,,,Metropolis Healthcare Limited,568.85,579.0,561.05,568.45,568.45,568.5,,569.95,,,6950,3944803.0,349,F1,1,,,,,
2026-07-22,2026-07-22,CM,BSE,STK,542651,INE04I401011,KPITTECH,A,,,,,KPIT Technologies Ltd,565.1,565.1,551.15,554.6,554.6,564.4,,554.9,,,75390,41954650.0,1678,F1,1,,,,,
2026-07-22,2026-07-22,CM,BSE,STK,542652,INE455K01017,POLYCAB,A,,,,,Polycab India Limited,8900.0,9199.55,8886.0,9090.3,9089.0,8900.2,,9090.5,,,21189,192415568.0,5707,F1,1,,,,,
2026-07-22,2026-07-22,CM,BSE,STK,542654,INE06LG01010,VRFILMS,B,,,,,V R FILMS & STUDIOS LIMITED,14.99,15.99,14.25,14.99,14.99,14.29,,14.99,,,18227,277769.0,33,F1,1,,,,,
2026-07-22,2026-07-22,CM,BSE,STK,542655,INE161L01027,VIKASLIFE,B,,,,,VIKAS LIFECARE LIMITED,1.32,1.32,1.3,1.31,1.31,1.33,,1.3,,,339764,445402.0,6405,F1,1,,,,,
2026-07-22,2026-07-22,CM,BSE,STK,542665,INE136S01016,NEOGEN,B,,,,,Neogen Chemicals Limited,2163.2,2176.75,2086.0,2113.6,2106.9,2164.7,,2105.6,,,3972,8408514.0,571,F1,1,,,,,
2026-07-22,2026-07-22,CM,BSE,STK,542666,INE05QJ01015,GKP,B,,,,,G. K. P. Printing & Packaging,6.05,6.05,5.8,6.0,6.0,6.05,,6.0,,,6163,36687.0,44,F1,1,,,,,
2026-07-22,2026-07-22,CM,BSE,STK,542669,INE374E01021,BMW,X,,,,,BMW INDUSTRIES LIMITED,55.0,56.4,53.9,54.12,54.12,55.41,,54.12,,,313932,17415586.0,1162,F1,1,,,,,
2026-07-22,2026-07-22,CM,BSE,STK,542670,INE757T01025,AEPL,B,,,,,Artemis Electricals and Projec,16.49,16.65,14.95,15.02,15.0,15.14,,14.97,,,27389,439634.0,86,F1,1,,,,,
2026-07-22,2026-07-22,CM,BSE,STK,542677,INE01MO01013,MAHESH,XT,,,,,Mahesh Developers Limited,44.28,46.49,42.07,42.07,42.07,12.3,,42.07,,,14699,651878.0,54,F1,1,,,,,
2026-07-22,2026-07-22,CM,BSE,STK,542679,INE413F01016,DEL,X,,,,,Dhanashree Electronics Limited,155.55,155.55,155.55,155.55,155.55,148.15,,155.55,,,11619,1807335.0,39,F1,1,,,,,
2026-07-22,2026-07-22,CM,BSE,STK,542682,INE01K301012,HARISH,X,,,,,Harish Textile Engineers Limit,66.96,70.0,66.96,67.96,68.2,66.96,,67.96,,,3647,252153.0,30,F1,1,,,,,
2026-07-22,2026-07-22,CM,BSE,STK,542684,INE050001010,PPL,T,,,,,Prakash Pipes Limited,268.0,268.0,253.15,259.1,259.1,260.5,,263.2,,,1451,377618.0,43,F1,1,,,,,
2026-07-22,2026-07-22,CM,BSE,STK,542685,INE03JI01017,DGCONTENT,B,,,,,Digicontent Limited,24.1,24.67,23.9,23.9,23.9,25.99,,24.3,,,612,14732.0,7,F1,1,,,,,
2026-07-22,2026-07-22,CM,BSE,STK,542694,INE05MV01019,PARSHVA,B,,,,,Parshva Enterprises Limited,162.1,163.0,162.1,163.0,163.0,170.0,,163.0,,,14,2279.0,3,F1,1,,,,,
2026-07-22,2026-07-22,CM,BSE,STK,542721,INE02GA01012,ARL,B,,,,,Anand Rayons Limited,51.85,55.6,51.85,52.99,53.5,53.39,,52.99,,,5702,306303.0,133,F1,1,,,,,
2026-07-22,2026-07-22,CM,BSE,STK,542725,INE04AK01028,SBC,B,,,,,SBC EXPORTS LIMITED,41.91,42.25,41.69,42.01,42.01,42.15,,42.12,,,59810,2516973.0,222,F1,1,,,,,
2026-07-22,2026-07-22,CM,BSE,STK,542726,INE933S01016,INDIAMART,A,,,,,IndiaMART InterMESH Limited,1919.15,1919.15,1775.0,1819.05,1819.05,1919.15,,1820.0,,,38702,70466732.0,4502,F1,1,,,,,
2026-07-22,2026-07-22,CM,BSE,STK,542727,INE056001014,CPML,M,,,,,CITY PULSE MULTIVENTURES LIMIT,577.6,577.6,577.6,577.6,577.6,608.0,,577.6,,,50,28880.0,1,F1,50,,,,,
2026-07-22,2026-07-22,CM,BSE,STK,542728,INE04ST01013,SKIEL,MT,,,,,SK International Export Limite,25.55,25.55,25.5,25.5,25.5,26.75,,25.5,,,18000,459540.0,3,F1,6000,,,,,
2026-07-22,2026-07-22,CM,BSE,STK,542729,INE08KP01019,DCMNVL,T,,,,,DCM NOUVELLE LIMITED,147.0,147.0,145.35,147.0,147.0,152.2,,147.15,,,633,92508.0,6,F1,1,,,,,
2026-07-22,2026-07-22,CM,BSE,STK,542730,INF109KC15I8,BANKIETF,B,,,,,ICICI Prudential Mutual Fund,59.0,59.57,58.55,58.78,58.79,59.47,,58.75,,,15655,919886.0,327,F1,1,,,,,
2026-07-22,2026-07-22,CM,BSE,STK,542747,INF204KB15D0,SNXT50BEES,A,,,,,NIPPON INDIA ETF SENSEX NEXT 5,92.88,92.88,91.38,91.59,91.65,92.17,,91.59,,,2395,219415.0,84,F1,1,,,,,
2026-07-22,2026-07-22,CM,BSE,STK,542752,INE00WC01027,AFFLE,A,,,,,AFFLE 3I LIMITED,1519.7,1529.35,1492.0,1498.25,1502.0,1529.25,,1499.0,,,4936,7463832.0,462,F1,1,,,,,
2026-07-22,2026-07-22,CM,BSE,STK,542758,INF109KC18U7,PVTBANIETF,B,,,,,ICICI Prudential Mutual Fund,28.1,28.1,27.69,27.75,27.75,28.13,,27.75,,,78977,2197714.0,342,F1,1,,,,,
2026-07-22,2026-07-22,CM,BSE,STK,542759,INE572J01011,SPANDANA,B,,,,,Spandana Sphoorty Financial Li,304.25,304.25,283.0,284.65,286.1,302.9,,285.25,,,21029,6135378.0,869,F1,1,,,,,
2026-07-22,2026-07-22,CM,BSE,STK,542760,INE00M201021,SWSOLAR,B,,,,,STERLING AND WILSON RENEWABLE,208.2,209.4,203.0,205.05,205.05,207.45,,205.04,,,74998,15420122.0,1024,F1,1,,,,,
2026-07-22,2026-07-22,CM,BSE,STK,542765,INE06YD01010,TRANSPACT,MS,,,,,Transpact Enterprises Limited,153.6,153.6,153.6,153.6,153.6,161.65,,153.6,,,500,76800.0,1,F1,500,,,,,
2026-07-22,2026-07-22,CM,BSE,STK,542770,INE08E401029,ALPHALOGIC,B,,,,,Alphalogic Techsys Limited,44.76,44.76,43.0,43.72,43.86,44.72,,43.72,,,1420,61834.0,43,F1,1,,,,,
2026-07-22,2026-07-22,CM,BSE,STK,542772,INE466L01038,360ONE,A,,,,,360 ONE WAM LIMITED,1128.35,1128.35,1088.6,1093.9,1090.0,1118.55,,1093.6,,,23200,25558937.0,1245,F1,1,,,,,
2026-07-22,2026-07-22,CM,BSE,STK,542773,INE489L01022,IIFLCAPS,A,,,,,IIFL CAPITAL SERVICES LIMITED,342.5,344.25,339.95,342.75,342.75,339.5,,342.95,,,25909,8865006.0,417,F1,1,,,,,
2026-07-22,2026-07-22,CM,BSE,STK,542774,INE08KJ01020,MUFIN,B,,,,,MUFIN GREEN FINANCE LIMITED,129.2,129.2,125.9,126.25,126.4,128.7,,126.63,,,11678,1484081.0,222,F1,1,,,,,
2026-07-22,2026-07-22,CM,BSE,STK,542802,INE906Y01028,GALACTICO,B,,,,,Galactico Corporate Services L,2.0,2.0,1.95,1.97,1.95,1.98,,1.97,,,78456,155656.0,153,F1,1,,,,,
2026-07-22,2026-07-22,CM,BSE,STK,542803,INE560T01015,VEL,X,,,,,Vaxfab Enterprises Limited,60.01,64.0,59.02,61.04,61.01,60.0,,61.04,,,15042,905683.0,69,F1,1,,,,,
2026-07-22,2026-07-22,CM,BSE,STK,542812,INE09N301011,FLUOROCHEM,A,,,,,Gujarat Fluorochemicals Limite,4590.3,4644.95,4545.2,4590.65,4613.35,4607.55,,4590.4,,,13215,60543058.0,1729,F1,1,,,,,
2026-07-22,2026-07-22,CM,BSE,STK,542830,INE335Y01020,IRCTC,A,,,,,Indian Railway Catering and To,499.05,500.5,493.65,494.15,494.15,499.85,,494.05,,,117217,58174325.0,6554,F1,1,,,,,
2026-07-22,2026-07-22,CM,BSE,STK,542850,INE492Z01018,GOBLIN,MT,,,,,GOBLIN INDIA LIMITED,8.01,8.01,8.01,8.01,8.01,8.31,,8.01,,,2000,16020.0,1,F1,2000,,,,,
2026-07-22,2026-07-22,CM,BSE,STK,542852,INE430N01022,VISHWARAJ,B,,,,,Vishwaraj Sugar Industries Lim,5.35,5.37,5.25,5.27,5.33,5.23,,5.27,,,14454,76402.0,35,F1,1,,,,,
2026-07-22,2026-07-22,CM,BSE,STK,542857,INE08ZM01014,GREENPANEL,B,,,,,Greenpanel Industries Limited,197.0,198.7,193.65,197.25,195.3,197.3,,197.58,,,9335,1835509.0,324,F1,1,,,,,
2026-07-22,2026-07-22,CM,BSE,STK,542862,INE052001026,SHAHLON,X,,,,,Shahlon Silk Industries Limite,25.49,27.05,23.85,26.43,27.05,24.99,,26.43,,,387806,10112934.0,82,F1,1,,,,,
2026-07-22,2026-07-22,CM,BSE,STK,542863,INF209KB17D5,ABSLBANETF,B,,,,,Aditya Birla Sun Life Mutual F,58.86,58.86,58.37,58.77,58.77,59.53,,58.67,,,228,13316.0,11,F1,1,,,,,
2026-07-22,2026-07-22,CM,BSE,STK,542865,INE490Z01012,ANUROOP,B,,,,,Anuroop Packaging Limited,13.47,13.47,11.8,11.85,11.84,12.79,,11.85,,,17122,209638.0,97,F1,1,,,,,
2026-07-22,2026-07-22,CM,BSE,STK,542867,INE679A01013,CSBBANK,A,,,,,CSB Bank Limited,372.0,372.0,340.4,344.75,344.75,370.15,,345.25,,,142388,49698069.0,2125,F1,1,,,,,
2026-07-22,2026-07-22,CM,BSE,STK,542904,INE551W01018,UJJIVANSFB,A,,,,,Ujjivan Small Finance Bank Lim,65.88,66.0,64.48,65.06,65.06,65.74,,65.05,,,787446,51311731.0,3435,F1,1,,,,,
2026-07-22,2026-07-22,CM,BSE,STK,542905,INE05AN01011,HINDWAREAP,B,,,,,Hindware Home Innovation Limit,217.6,218.3,212.7,213.55,216.0,218.95,,213.55,,,12026,2577121.0,263,F1,1,,,,,
2026-07-22,2026-07-22,CM,BSE,STK,542906,INE771C01014,EASUN,XT,,,,,Easun Capital Markets Limited,46.83,46.83,46.83,46.83,46.83,49.29,,46.83,,,1,46.0,1,F1,1,,,,,
2026-07-22,2026-07-22,CM,BSE,STK,542907,INE689W01016,PRINCEPIPE,B,,,,,Prince Pipes and Fittings Limi,267.75,267.75,260.0,260.85,260.5,264.8,,260.7,,,4456,1163966.0,207,F1,1,,,,,
2026-07-22,2026-07-22,CM,BSE,STK,542909,INF754K01KO2,EBBETF0430,F,,,,,Edelweiss Mutual Fund,1606.09,1608.68,1602.02,1605.06,1605.17,1606.13,,1604.01,,,677,1087608.0,54,F1,1,,,,,
2026-07-22,2026-07-22,CM,BSE,STK,542910,INE08RT01016,VALENCIA,MS,,,,,Valencia Nutrition Limited,42.25,42.25,42.25,42.25,42.25,49.5,,42.25,,,3000,126750.0,1,F1,1500,,,,,
2026-07-22,2026-07-22,CM,BSE,STK,542918,INE063601012,GIANLIFE,Z,,,,,Gian Life Care Limited,5.06,5.07,4.76,4.92,4.85,4.96,,4.92,,,9652,47344.0,75,F1,1,,,,,
2026-07-22,2026-07-22,CM,BSE,STK,542919,INE025R01021,ARTEMISMED,B,,,,,Artemis Medicare Services Limi,279.1,279.15,271.3,273.65,273.55,277.1,,273.45,,,6440,1767011.0,233,F1,1,,,,,
2026-07-22,2026-07-22,CM,BSE,STK,542920,INE258G01013,SUMICHEM,A,,,,,SUMITOMO CHEMICAL INDIA LIMITE,541.1,541.1,522.8,530.9,530.9,541.0,,531.15,,,50495,26782862.0,1193,F1,1,,,,,
2026-07-22,2026-07-22,CM,BSE,STK,542921,INF109KC11W8,MIDCAPIETF,B,,,,,ICICI Prudential Mutual Fund,23.99,24.07,23.69,23.76,23.76,23.93,,23.77,,,15562,370477.0,108,F1,1,,,,,
2026-07-22,2026-07-22,CM,BSE,STK,542922,INF769K01FN2,NEXT50,B,,,,,Mirae Asset Mutual Fund,752.96,752.96,744.2,745.45,745.88,749.21,,744.62,,,671,500982.0,44,F1,1,,,,,
2026-07-22,2026-07-22,CM,BSE,STK,542933,INE03V001013,UNIVPHOTO,T,,,,,UNIVERSUS PHOTO IMAGINGS LIMIT,440.0,457.7,440.0,457.7,457.7,435.95,,474.9,,,22,10051.0,3,F1,1,,,,,
2026-07-22,2026-07-22,CM,BSE,STK,542934,INE07QQ01016,CBPL,M,,,,,Chandra Bhagat Pharma Limited,32.2,33.0,31.8,33.0,33.0,33.06,,33.0,,,11000,352810.0,11,F1,1000,,,,,
2026-07-22,2026-07-22,CM,BSE,STK,543064,INE03QK01018,COHANCE,A,,,,,Cohance Lifesciences Limited,443.6,443.6,433.4,438.95,439.0,445.4,,438.15,,,22503,9834219.0,715,F1,1,,,,,
2026-07-22,2026-07-22,CM,BSE,STK,543065,INE0C4I01011,SMAUTO,M,,,,,SM Auto Stamping Limited,21.03,21.03,21.03,21.03,21.03,23.36,,21.03,,,2000,42060.0,1,F1,2000,,,,,
2026-07-22,2026-07-22,CM,BSE,STK,543066,INE018E01016,SBICARD,A,,,,,SBI CARDS AND PAYMENT SERVICES,646.85,646.85,624.0,626.45,627.2,644.75,,626.85,,,201693,127917688.0,3094,F1,1,,,,,
2026-07-22,2026-07-22,CM,BSE,STK,543071,INF204KB10R1,07AGG,F,,,,,Nippon India Mutual Fund,15.14,15.14,13.1,13.84,13.8,13.79,,13.84,,,509,6897.0,12,F1,1,,,,,
2026-07-22,2026-07-22,CM,BSE,STK,543079,INF204KB16R8,07GPG,F,,,,,Nippon India Mutual Fund,3.49,3.49,3.49,3.49,3.49,3.59,,3.49,,,11,38.0,2,F1,1,,,,,
2026-07-22,2026-07-22,CM,BSE,STK,543087,INF204KB14O0,09AGG,F,,,,,Nippon India Mutual Fund,244.83,244.83,244.83,244.83,244.83,245.0,,244.83,,,4,979.0,1,F1,1,,,,,
2026-07-22,2026-07-22,CM,BSE,STK,543110,INF789F1ARQ7,UTCRFS2RGR,F,,,,,UTI Mutual Fund,4.95,4.95,4.95,4.95,4.95,5.5,,4.95,,,15,74.0,2,F1,1,,,,,
2026-07-22,2026-07-22,CM,BSE,STK,543144,INF204KB11T5,08MPD,B,,,,,Nippon India Mutual Fund,5.39,5.39,5.1,5.1,5.1,5.24,,5.1,,,3,15.0,2,F1,1,,,,,
2026-07-22,2026-07-22,CM,BSE,STK,543150,INF204KB16S6,08GPG,B,,,,,Nippon India Mutual Fund,2.08,2.09,1.75,1.9,1.97,1.93,,1.9,,,8961,16999.0,41,F1,1,,,,,
2026-07-22,2026-07-22,CM,BSE,STK,543161,INF204KB14P7,10AGG,F,,,,,Nippon India Mutual Fund,124.0,124.0,101.7,101.92,103.0,113.0,,101.92,,,19,2091.0,4,F1,1,,,,,
2026-07-22,2026-07-22,CM,BSE,STK,543171,INE0BDU01028,ROJL,B,,,,,RO Jewels Limited,1.7,1.7,1.65,1.7,1.7,1.7,,1.7,,,27590,46643.0,27,F1,1,,,,,
2026-07-22,2026-07-22,CM,BSE,STK,543172,INE0CQB01010,COSPOWER,MT,,,,,Cospower Engineering Limited,1904.0,1994.7,1900.0,1910.0,1910.0,1904.7,,1910.0,,,1125,2173468.0,9,F1,125,,,,,
2026-07-22,2026-07-22,CM,BSE,STK,543173,INF204KB14U7,11DPR,B,,,,,Nippon India Mutual Fund,14.03,14.03,12.95,12.99,12.99,13.97,,12.99,,,264,3487.0,7,F1,1,,,,,
2026-07-22,2026-07-22,CM,BSE,STK,543174,INF204KB10U5,11GPG,B,,,,,Nippon India Mutual Fund,1.66,1.66,1.62,1.63,1.64,1.65,,1.63,,,12235,20192.0,21,F1,1,,,,,
2026-07-22,2026-07-22,CM,BSE,STK,543175,INF204KB15U4,11MPD,B,,,,,Nippon India Mutual Fund,2.55,2.79,2.55,2.75,2.75,2.79,,2.75,,,2734,7131.0,8,F1,1,,,,,
2026-07-22,2026-07-22,CM,BSE,STK,543176,INF204KB16U2,11MPR,B,,,,,Nippon India Mutual Fund,58.89,58.89,57.0,58.0,58.0,53.54,,58.0,,,325,18825.0,4,F1,1,,,,,
2026-07-22,2026-07-22,CM,BSE,STK,543177,INF204KB11U3,11QPD,B,,,,,Nippon India Mutual Fund,5.98,6.6,5.9,6.12,6.33,6.01,,6.12,,,1904,11492.0,15,F1,1,,,,,
2026-07-22,2026-07-22,CM,BSE,STK,543181,INF204KB13T1,11AGG,B,,,,,Nippon India Mutual Fund,22.63,24.98,22.63,24.98,24.98,22.74,,24.98,,,1305,29542.0,5,F1,1,,,,,
2026-07-22,2026-07-22,CM,BSE,STK,543182,INF204KB18T0,11AMD,B,,,,,Nippon India Mutual Fund,33.98,33.98,29.02,30.4,30.95,32.18,,30.4,,,13,406.0,8,F1,1,,,,,
2026-07-22,2026-07-22,CM,BSE,STK,543184,INF204KB14T9,11AQD,B,,,,,Nippon India Mutual Fund,20.94,22.99,20.94,22.99,22.99,20.94,,22.99,,,1187,26966.0,16,F1,1,,,,,
2026-07-22,2026-07-22,CM,BSE,STK,543186,INF204KB13U9,11DPD,B,,,,,Nippon India Mutual Fund,3.73,3.73,3.41,3.64,3.64,3.72,,3.64,,,517,1905.0,8,F1,1,,,,,
2026-07-22,2026-07-22,CM,BSE,STK,543187,INE07Y701011,POWERINDIA,A,,,,,HITACHI ENERGY INDIA LIMITED,32375.0,32962.05,31945.0,32040.75,32040.75,32185.35,,32055.0,,,9457,306121885.0,2399,F1,1,,,,,
2026-07-22,2026-07-22,CM,BSE,STK,543193,INE0B1K01014,DJML,B,,,,,DJ Mediaprint & Logistics Limi,107.45,109.2,106.75,108.4,109.2,107.95,,108.38,,,68467,7388410.0,540,F1,1,,,,,
2026-07-22,2026-07-22,CM,BSE,STK,543207,INE06MM01016,NATURAL,X,,,,,Natural Biocon (India) Limited,3.62,3.62,3.44,3.5,3.55,3.55,,3.5,,,36397,127938.0,73,F1,1,,,,,
2026-07-22,2026-07-22,CM,BSE,STK,543208,INE745R01024,REGIS,X,,,,,REGIS INDUSTRIES LIMITED,2.25,2.28,2.15,2.17,2.19,2.21,,2.17,,,204423,447637.0,194,F1,1,,,,,
2026-07-22,2026-07-22,CM,BSE,STK,543210,INE09EO01013,AARTISURF,B,,,,,Aarti Surfactants Limited,402.95,403.0,385.3,388.6,391.0,399.0,,388.25,,,1544,603259.0,103,F1,1,,,,,
2026-07-22,2026-07-22,CM,BSE,STK,543211,INE0B9A01018,BONLON,B,,,,,BONLON INDUSTRIES LIMITED,42.0,42.1,40.2,42.07,42.07,42.0,,42.08,,,1253,52112.0,20,F1,1,,,,,
2026-07-22,2026-07-22,CM,BSE,STK,543212,INE02PY01013,BOROLTD,B,,,,,Borosil Limited,240.1,241.0,234.55,237.15,238.0,238.75,,237.45,,,4478,1056969.0,157,F1,1,,,,,
2026-07-22,2026-07-22,CM,BSE,STK,543213,INE02A801020,ROSSARI,B,,,,,ROSSARI BIOTECH LIMITED,510.65,515.35,495.0,497.05,496.95,512.15,,496.7,,,3716,1856877.0,254,F1,1,,,,,
2026-07-22,2026-07-22,CM,BSE,STK,543214,INE07OG01012,NDRAUTO,B,,,,,NDR Auto Components Limited,821.05,821.05,805.0,805.65,805.0,820.6,,806.45,,,818,662048.0,106,F1,1,,,,,
2026-07-22,2026-07-22,CM,BSE,STK,543216,INF754K01LE1,EBBETF0431,F,,,,,Edelweiss Mutual Fund,1440.33,1440.33,1439.0,1439.0,1439.0,1443.45,,1440.56,,,218,313788.0,9,F1,1,,,,,
2026-07-22,2026-07-22,CM,BSE,STK,543217,INE0CCU25019,MINDSPACE,IF,,,,,Mindspace Business Parks REIT,525.5,525.5,497.14,497.89,497.7,496.83,,497.52,,,5591,2795495.0,345,F1,1,,,,,
2026-07-22,2026-07-22,CM,BSE,STK,543218,INE05ST01028,SBGLP,B,,,,,SURATWWALA BUSINESS GROUP LIMI,26.1,26.1,25.0,25.0,25.0,25.95,,25.52,,,571,14591.0,10,F1,1,,,,,
2026-07-22,2026-07-22,CM,BSE,STK,543219,INF109KC17V7,ALPL30IETF,B,,,,,ICICI Prudential Mutual Fund,28.06,28.08,27.88,27.94,27.94,27.97,,27.97,,,2941,82217.0,27,F1,1,,,,,
2026-07-22,2026-07-22,CM,BSE,STK,543220,INE027H01010,MAXHEALTH,A,,,,,Max Healthcare Institute Limit,1094.45,1094.45,1077.95,1081.65,1083.1,1100.35,,1081.0,,,17685,19179316.0,1078,F1,1,,,,,
2026-07-22,2026-07-22,CM,BSE,STK,543221,INF109KC16I6,ITIETF,B,,,,,ICICI Prudential Mutual Fund,31.91,32.04,31.69,31.74,31.75,32.18,,31.79,,,12117,386466.0,89,F1,1,,,,,
2026-07-22,2026-07-22,CM,BSE,STK,543223,INE0CG601016,MAXIND,B,,,,,Max India Limited,169.0,169.0,158.7,161.1,161.1,164.1,,160.85,,,3465,556829.0,118,F1,1,,,,,
2026-07-22,2026-07-22,CM,BSE,STK,543224,INF179KC1HY0,HDFCNIFBAN,B,,,,,HDFC Mutual Fund,59.23,59.23,58.85,58.91,59.0,59.47,,58.86,,,694,40947.0,28,F1,1,,,,,
2026-07-22,2026-07-22,CM,BSE,STK,543226,INF789F1AUV1,BANKBETA,B,,,,,UTI Mutual Fund,59.43,59.43,59.11,59.12,59.12,59.81,,59.13,,,1152,68114.0,17,F1,1,,,,,
2026-07-22,2026-07-22,CM,BSE,STK,543227,INE419U01012,HAPPSTMNDS,A,,,,,Happiest Minds Technologies Li,378.2,394.65,366.5,367.4,367.4,376.1,,367.2,,,48791,18077570.0,975,F1,1,,,,,
2026-07-22,2026-07-22,CM,BSE,STK,543228,INE450U01017,ROUTE,B,,,,,Route Mobile Limited,577.0,577.0,565.0,566.4,566.15,575.6,,567.05,,,5618,3193464.0,262,F1,1,,,,,
2026-07-22,2026-07-22,CM,BSE,STK,543230,INE0ALI01010,ADVAIT,B,,,,,ADVAIT ENERGY TRANSITIONS LIMI,2251.7,2365.05,2241.95,2294.7,2290.45,2250.4,,2296.0,,,11144,25678773.0,1229,F1,1,,,,,
2026-07-22,2026-07-22,CM,BSE,STK,543232,INE596I01020,CAMS,A,,,,,Computer Age Management Servic,773.05,775.0,762.1,773.1,773.45,767.1,,773.0,,,37914,29215184.0,1420,F1,1,,,,,
2026-07-22,2026-07-22,CM,BSE,STK,543233,INE03YM01018,CHEMCON,T,,,,,Chemcon Speciality Chemicals L,181.1,184.0,173.1,179.2,179.2,181.45,,177.33,,,2937,520787.0,120,F1,1,,,,,
2026-07-22,2026-07-22,CM,BSE,STK,543235,INE732I01021,ANGELONE,A,,,,,ANGEL ONE LIMITED,322.05,324.45,311.1,312.3,312.3,321.7,,312.4,,,280005,88571146.0,3640,F1,1,,,,,
2026-07-22,2026-07-22,CM,BSE,STK,543236,INE09KD01013,ATAM,B,,,,,Atam Valves Limited,67.0,68.0,67.0,67.99,67.99,66.58,,67.29,,,56,3782.0,7,F1,1,,,,,
2026-07-22,2026-07-22,CM,BSE,STK,543237,INE249Z01020,MAZDOCK,A,,,,,Mazagon Dock Shipbuilders Limi,2354.0,2358.85,2302.05,2307.4,2307.4,2354.05,,2307.4,,,37555,87382576.0,3190,F1,1,,,,,
2026-07-22,2026-07-22,CM,BSE,STK,543238,INE094J01016,UTIAMC,A,,,,,UTI Asset Management Company L,921.95,929.0,907.25,909.9,929.0,918.85,,909.55,,,13291,12150363.0,760,F1,1,,,,,
2026-07-22,2026-07-22,CM,BSE,STK,543240,INE060901027,LIKHITHA,B,,,,,Likhitha Infrastructure Limite,234.0,239.45,231.65,233.9,233.0,234.55,,235.75,,,9480,2220537.0,266,F1,1,,,,,
2026-07-22,2026-07-22,CM,BSE,STK,543241,INE244W01010,VGIL,T,,,,,Veer Global Infraconstruction,139.5,142.0,136.0,139.0,139.0,136.0,,139.0,,,372,52165.0,11,F1,1,,,,,
2026-07-22,2026-07-22,CM,BSE,STK,543242,INE0AJG01018,HEMIPROP,B,,,,,Hemisphere Properties India Li,138.0,138.0,134.6,135.3,135.3,138.15,,135.39,,,23950,3243804.0,314,F1,1,,,,,
2026-07-22,2026-07-22,CM,BSE,STK,543243,INE063P01018,EQUITASBNK,A,,,,,Equitas Small Finance Bank Lim,82.07,82.07,78.75,79.03,78.97,81.41,,79.02,,,182816,14580963.0,1098,F1,1,,,,,
2026-07-22,2026-07-22,CM,BSE,STK,543244,INE0BLY01023,SHINEFASH,MT,,,,,Shine Fashions (India) Limited,22.75,22.75,22.75,22.75,22.75,21.71,,22.75,,,4000,91000.0,1,F1,4000,,,,,
2026-07-22,2026-07-22,CM,BSE,STK,543245,INE068V01023,GLAND,A,,,,,Gland Pharma Limited,2461.25,2480.0,2350.0,2440.25,2412.5,2484.35,,2439.1,,,98848,238671230.0,4247,F1,1,,,,,
2026-07-22,2026-07-22,CM,BSE,STK,543246,INF769K01GS9,ESG,B,,,,,Mirae Asset Mutual Fund,41.5,41.5,41.39,41.39,41.39,41.86,,41.47,,,35,1448.0,2,F1,1,,,,,
2026-07-22,2026-07-22,CM,BSE,STK,543248,INE07T201019,RBA,A,,,,,Restaurant Brands Asia Limited,65.81,67.03,65.74,65.96,65.98,65.9,,65.93,,,48190,3190903.0,330,F1,1,,,,,
2026-07-22,2026-07-22,CM,BSE,STK,543249,INE0EK901012,TARC,B,,,,,TARC LIMITED,116.0,128.0,115.1,122.75,122.75,115.8,,122.71,,,171295,21092193.0,1568,F1,1,,,,,
2026-07-22,2026-07-22,CM,BSE,STK,543250,INF247L01AK4,MOGSEC,F,,,,,Motilal Oswal Mutual Fund,65.28,65.28,64.89,65.13,65.14,65.16,,65.12,,,147,9567.0,124,F1,1,,,,,
2026-07-22,2026-07-22,CM,BSE,STK,543252,INE0DNW01011,FAIRCHEMOR,T,,,,,Fairchem Organics Limited,709.0,740.25,705.0,737.2,736.5,705.0,,736.8,,,2058,1506631.0,102,F1,1,,,,,
2026-07-22,2026-07-22,CM,BSE,STK,543253,INE495P01020,BECTORFOOD,B,,,,,Mrs. Bectors Food Specialities,212.15,212.15,201.7,206.8,207.0,211.3,,207.07,,,545971,112202391.0,4860,F1,1,,,,,
2026-07-22,2026-07-22,CM,BSE,STK,543254,INE01BK01022,AWHCL,B,,,,,Antony Waste Handling Cell Lim,443.6,445.6,435.4,438.05,438.35,446.35,,437.7,,,12081,5294316.0,362,F1,1,,,,,
2026-07-22,2026-07-22,CM,BSE,STK,543255,INF732E01268,INFRABEES,B,,,,,Nippon India Mutual Fund,970.61,973.13,964.53,967.01,965.51,973.66,,965.7,,,747,722620.0,197,F1,1,,,,,
2026-07-22,2026-07-22,CM,BSE,STK,543256,INE018S01016,RFLL,X,,,,,RITA FINANCE AND LEASING LIMIT,12.74,12.74,12.74,12.74,12.74,12.14,,12.74,,,40500,515970.0,22,F1,1,,,,,
2026-07-22,2026-07-22,CM,BSE,STK,543257,INE053F01010,IRFC,A,,,,,Indian Railway Finance Corpora,88.2,88.45,87.2,87.39,87.39,88.31,,87.39,,,693854,60694213.0,8063,F1,1,,,,,
2026-07-22,2026-07-22,CM,BSE,STK,543258,INE09VQ01012,INDIGOPNTS,A,,,,,Indigo Paints Limited,1041.6,1072.95,1041.6,1069.0,1061.1,1077.7,,1065.4,,,2873,3054741.0,278,F1,1,,,,,
2026-07-22,2026-07-22,CM,BSE,STK,543259,INE481N01025,HOMEFIRST,A,,,,,Home First Finance Company Ind,1280.25,1289.8,1221.1,1223.75,1238.45,1280.25,,1224.1,,,12295,15299205.0,1291,F1,1,,,,,
2026-07-22,2026-07-22,CM,BSE,STK,543260,INE00IN01015,STOVEKRAFT,B,,,,,STOVE KRAFT LIMITED,780.0,780.0,754.6,761.75,759.05,778.95,,762.65,,,4532,3443032.0,263,F1,1,,,,,
2026-07-22,2026-07-22,CM,BSE,STK,543261,INE0FDU25010,BIRET,IF,,,,,Brookfield India Real Estate T,340.2,344.02,340.2,342.22,342.3,341.28,,342.07,,,8535,2922557.0,386,F1,1,,,,,
2026-07-22,2026-07-22,CM,BSE,STK,543263,INE103C01036,SMCGLOBAL,B,,,,,SMC Global Securities Limited,79.17,82.34,77.41,79.67,78.49,78.79,,79.78,,,23719,1875458.0,161,F1,1,,,,,
2026-07-22,2026-07-22,CM,BSE,STK,543264,INE0DSF01015,NURECA,B,,,,,Nureca Limited,327.8,330.1,304.85,312.05,304.85,292.05,,311.14,,,15065,4780666.0,1033,F1,1,,,,,
2026-07-22,2026-07-22,CM,BSE,STK,543265,INE0DD101019,RAILTEL,A,,,,,RailTel Corporation of India L,295.85,295.85,288.1,290.0,290.0,293.7,,289.9,,,41351,12007804.0,985,F1,1,,,,,
2026-07-22,2026-07-22,CM,BSE,STK,543266,INE694N01015,HERANBA,B,,,,,Heranba Industries Limited,180.0,180.0,174.6,175.7,175.6,180.0,,175.3,,,1976,348002.0,115,F1,1,,,,,
2026-07-22,2026-07-22,CM,BSE,STK,543267,INE179G01029,DAVANGERE,B,,,,,Davangere Sugar Company Limite,3.42,3.62,3.28,3.31,3.31,3.4,,3.3,,,3272443,11323594.0,997,F1,1,,,,,
2026-07-22,2026-07-22,CM,BSE,STK,543268,INE03RS01027,DRCSYSTEMS,B,,,,,DRC Systems India Limited,13.07,13.1,12.51,12.78,12.79,13.2,,12.69,,,24563,317037.0,160,F1,1,,,,,
2026-07-22,2026-07-22,CM,BSE,STK,543270,INE864I01014,MTARTECH,T,,,,,MTAR Technologies Limited,5825.55,5906.8,5825.55,5906.8,5906.8,5625.55,,5858.0,,,59195,349517482.0,1885,F1,1,,,,,
2026-07-22,2026-07-22,CM,BSE,STK,543271,INE0BY001018,JUBLINGREA,A,,,,,Jubilant Ingrevia Limited,762.15,794.95,714.4,742.75,747.65,764.25,,743.7,,,223334,168937697.0,7836,F1,1,,,,,
2026-07-22,2026-07-22,CM,BSE,STK,543272,INE07O001026,EASEMYTRIP,B,,,,,Easy Trip Planners Limited,6.85,6.85,6.73,6.81,6.81,6.85,,6.81,,,843655,5733129.0,942,F1,1,,,,,
2026-07-22,2026-07-22,CM,BSE,STK,543273,INE0CJD01029,KMEW,B,,,,,Knowledge Marine & Engineering,2452.0,2472.0,2405.45,2421.8,2410.0,2452.4,,2426.0,,,5980,14503386.0,730,F1,1,,,,,
2026-07-22,2026-07-22,CM,BSE,STK,543275,INE930P01018,ANURAS,A,,,,,Anupam Rasayan India Limited,1258.65,1273.95,1245.0,1249.35,1245.0,1267.0,,1251.2,,,2228,2804678.0,216,F1,1,,,,,
2026-07-22,2026-07-22,CM,BSE,STK,543276,INE00LO01017,CRAFTSMAN,A,,,,,Craftsman Automation Limited,9485.55,9485.55,9275.05,9401.2,9417.0,9393.5,,9400.0,,,1248,11674211.0,331,F1,1,,,,,
2026-07-22,2026-07-22,CM,BSE,STK,543277,INE576O01020,LXCHEM,B,,,,,Laxmi Organic Industries Limit,183.2,183.3,173.6,174.75,175.05,181.35,,174.53,,,139914,24887924.0,1409,F1,1,,,,,
2026-07-22,2026-07-22,CM,BSE,STK,543278,INE303R01014,KALYANKJIL,A,,,,,Kalyan Jewellers India Limited,576.85,601.25,575.9,596.2,596.2,576.95,,596.1,,,1728183,1027540971.0,26707,F1,1,,,,,
2026-07-22,2026-07-22,CM,BSE,STK,543279,INE428Q01011,SURYODAY,B,,,,,Suryoday Small Finance Bank Li,193.4,193.4,179.8,181.1,181.5,190.9,,181.26,,,41348,7680407.0,822,F1,1,,,,,
2026-07-22,2026-07-22,CM,BSE,STK,543280,INE418L01047,NAZARA,A,,,,,Nazara Technologies Limited,310.45,311.0,304.05,304.7,304.05,309.2,,304.65,,,28950,8865141.0,1211,F1,1,,,,,
2026-07-22,2026-07-22,CM,BSE,STK,543281,INE018401013,SUVIDHAA,B,,,,,Suvidhaa Infoserve Limited,2.51,2.67,2.51,2.56,2.56,2.54,,2.55,,,16129,41550.0,43,F1,1,,,,,
2026-07-22,2026-07-22,CM,BSE,STK,543282,INE0GX601011,NIKSTECH,TS,,,,,Niks Technology Limited,305.6,305.6,276.5,276.5,276.5,291.05,,276.5,,,5100,1427610.0,12,F1,300,,,,,
2026-07-22,2026-07-22,CM,BSE,STK,543283,INE382M01027,UFBL,B,,,,,UNITED FOODBRANDS LIMITED,621.0,669.35,620.0,669.35,669.35,637.5,,666.8,,,12863,8579889.0,237,F1,1,,,,,
2026-07-22,2026-07-22,CM,BSE,STK,543284,INE0CPR01018,EKI,B,,,,,EKI Energy Services Limited,85.0,85.2,83.8,84.42,85.2,85.11,,84.42,,,8537,719565.0,209,F1,1,,,,,
2026-07-22,2026-07-22,CM,BSE,STK,543285,INE0CQ101015,RCAN,M,,,,,Rajeshwari Cans Limited,15.5,15.59,14.62,15.45,15.49,16.0,,15.45,,,24400,366692.0,46,F1,400,,,,,
2026-07-22,2026-07-22,CM,BSE,STK,543287,INE670K01029,LODHA,A,,,,,Lodha Developers Limited,1191.05,1201.7,1153.0,1161.0,1161.0,1199.25,,1161.0,,,300046,350060928.0,4621,F1,1,,,,,
2026-07-22,2026-07-22,CM,BSE,STK,543288,INE0FHS01024,DEEPINDS,B,,,,,Deep Industries Limited,475.0,480.0,465.55,471.0,472.5,470.2,,469.5,,,11224,5293895.0,496,F1,1,,,,,
2026-07-22,2026-07-22,CM,BSE,STK,543290,INE0GGX23010,PGINVIT,IF,,,,,POWERGRID Infrastructure Inves,99.05,99.49,98.95,99.33,99.33,98.55,,99.36,,,106220,10541575.0,861,F1,1,,,,,
2026-07-22,2026-07-22,CM,BSE,STK,543291,INF769K01HF4,MAFANG,B,,,,,Mirae Asset Mutual Fund,196.27,196.27,196.27,196.27,196.27,194.77,,196.27,,,2495,489693.0,28,F1,1,,,,,
2026-07-22,2026-07-22,CM,BSE,STK,543292,INF109KC1Q72,HEALTHIETF,B,,,,,ICICI Prudential Mutual Fund,169.96,169.96,166.73,168.2,168.31,169.96,,168.08,,,12280,2061291.0,116,F1,1,,,,,
2026-07-22,2026-07-22,CM,BSE,STK,543298,INE505Y01010,VINEETLAB,T,,,,,Vineet Laboratories Limited,38.3,38.3,36.81,37.04,36.81,36.92,,37.26,,,2569,95701.0,33,F1,1,,,,,
2026-07-22,2026-07-22,CM,BSE,STK,543299,INE810G01011,SHYAMMETL,A,,,,,Shyam Metalics and Energy Limi,1064.0,1064.0,1022.7,1030.7,1038.6,1065.05,,1030.2,,,26797,27760735.0,1762,F1,1,,,,,
2026-07-22,2026-07-22,CM,BSE,STK,543300,INE073K01018,SONACOMS,A,,,,,Sona BLW Precision Forgings Li,733.2,739.5,719.4,726.15,726.15,733.2,,726.5,,,147404,107359350.0,5345,F1,1,,,,,
2026-07-22,2026-07-22,CM,BSE,STK,543306,INE021O01019,DODLA,A,,,,,Dodla Dairy Limited,1062.8,1068.25,1047.0,1060.4,1060.4,1065.5,,1063.4,,,561,592289.0,125,F1,1,,,,,
2026-07-22,2026-07-22,CM,BSE,STK,543308,INE967H01025,KIMS,A,,,,,Krishna Institute of Medical S,799.35,799.35,778.55,784.15,784.0,790.6,,784.45,,,25097,19687716.0,1520,F1,1,,,,,
2026-07-22,2026-07-22,CM,BSE,STK,543311,INE0D6701023,IPL,B,,,,,India Pesticides Limited,149.35,151.95,148.0,151.25,150.9,149.4,,151.11,,,13649,2050449.0,230,F1,1,,,,,
2026-07-22,2026-07-22,CM,BSE,STK,543312,INE0DXR01010,FOCUS,M,,,,,Focus Business Solution Limite,180.0,180.0,180.0,180.0,180.0,203.0,,180.0,,,2133,383940.0,1,F1,2133,,,,,
2026-07-22,2026-07-22,CM,BSE,STK,543317,INE201P01022,GRINFRA,B,,,,,G R Infraprojects Limited,892.85,892.85,878.4,882.05,882.65,894.7,,883.7,,,1032,910969.0,164,F1,1,,,,,
2026-07-22,2026-07-22,CM,BSE,STK,543318,INE227W01023,CLEAN,A,,,,,Clean Science and Technology L,760.1,760.1,734.7,737.85,737.85,755.7,,737.85,,,19273,14265302.0,1216,F1,1,,,,,
2026-07-22,2026-07-22,CM,BSE,STK,543320,INE758T01015,ETERNAL,A,,,,,Eternal Limited,287.95,291.25,275.7,283.4,283.4,286.7,,284.35,,,3530489,1002756881.0,24391,F1,1,,,,,
2026-07-22,2026-07-22,CM,BSE,STK,543321,INE0GK401011,TATVA,B,,,,,Tatva Chintan Pharma Chem Limi,1704.35,1718.75,1635.5,1665.6,1661.2,1680.4,,1664.9,,,19297,32201508.0,986,F1,1,,,,,
2026-07-22,2026-07-22,CM,BSE,STK,543322,INE03Q201024,ALIVUS,A,,,,,ALIVUS LIFE SCIENCES LIMITED,1131.05,1146.85,1130.8,1137.15,1135.9,1145.4,,1138.3,,,3509,3990183.0,307,F1,1,,,,,
2026-07-22,2026-07-22,CM,BSE,STK,543323,INF769K01HI8,BFSI,B,,,,,Mirae Asset Mutual Fund,27.52,27.55,27.13,27.24,27.25,27.55,,27.2,,,15433,420415.0,232,F1,1,,,,,
2026-07-22,2026-07-22,CM,BSE,STK,543324,INE199P01028,GCSL,B,,,,,Gretex Corporate Services Limi,516.55,527.1,510.75,522.85,524.6,514.85,,523.55,,,16385,8429673.0,118,F1,1,,,,,
2026-07-22,2026-07-22,CM,BSE,STK,543325,INE645S01024,ROLEXRINGS,B,,,,,Rolex Rings Limited,141.15,145.1,141.0,143.8,143.8,150.3,,143.55,,,140945,20135616.0,1723,F1,1,,,,,
2026-07-22,2026-07-22,CM,BSE,STK,543326,INF109KC19V3,FMCGIETF,B,,,,,ICICI Prudential Mutual Fund,52.55,52.94,52.13,52.84,52.94,52.5,,52.82,,,40623,2138817.0,373,F1,1,,,,,
2026-07-22,2026-07-22,CM,BSE,STK,543327,INE0GFE01026,EXXARO,B,,,,,Exxaro Tiles Limited,6.35,6.43,6.26,6.35,6.36,6.31,,6.34,,,4134,26242.0,48,F1,1,,,,,
2026-07-22,2026-07-22,CM,BSE,STK,543328,INE08LI01020,KRSNAA,B,,,,,Krsnaa Diagnostics Limited,561.45,561.45,538.0,539.65,542.5,553.65,,541.65,,,2455,1332380.0,184,F1,1,,,,,
2026-07-22,2026-07-22,CM,BSE,STK,543329,INE0H5O01029,WINDLAS,B,,,,,Windlas Biotech Limited,878.05,895.15,858.0,867.25,866.95,881.7,,869.85,,,1976,1720298.0,173,F1,1,,,,,
2026-07-22,2026-07-22,CM,BSE,STK,543330,INE872J01023,DEVYANI,A,,,,,Devyani International Limited,110.8,111.75,109.25,110.5,110.35,110.8,,110.63,,,33668,3704022.0,464,F1,1,,,,,
2026-07-22,2026-07-22,CM,BSE,STK,543331,INE0CT101020,MOL,B,,,,,Meghmani Organics Limited,54.87,58.1,54.53,55.87,55.53,54.33,,55.8,,,466707,26342086.0,2580,F1,1,,,,,
2026-07-22,2026-07-22,CM,BSE,STK,543332,INE071N01016,EPIGRAL,B,,,,,Epigral Limited,1164.0,1168.0,1125.1,1137.85,1138.75,1164.45,,1138.8,,,6944,7909533.0,595,F1,1,,,,,
2026-07-22,2026-07-22,CM,BSE,STK,543333,INE290S01011,CARTRADE,A,,,,,CarTrade Tech Limited,2741.95,2824.0,2741.95,2808.4,2809.0,2722.75,,2809.7,,,11268,31445520.0,923,F1,1,,,,,
2026-07-22,2026-07-22,CM,BSE,STK,543334,INE118D01016,NUVOCO,A,,,,,Nuvoco Vistas Corporation Limi,364.3,368.7,352.7,360.4,360.4,361.5,,359.75,,,94059,33999531.0,1555,F1,1,,,,,
2026-07-22,2026-07-22,CM,BSE,STK,543335,INE852O01025,APTUS,A,,,,,Aptus Value Housing Finance In,299.15,300.4,292.15,294.6,294.6,301.45,,294.65,,,81123,24024003.0,1381,F1,1,,,,,
2026-07-22,2026-07-22,CM,BSE,STK,543336,INE488A01050,CHEMPLASTS,B,,,,,Chemplast Sanmar Limited,194.1,198.35,194.1,196.7,197.0,195.7,,196.61,,,6544,1285851.0,213,F1,1,,,,,
2026-07-22,2026-07-22,CM,BSE,STK,543341,INE647W01014,SHARPLINE,X,,,,,SHARPLINE BROADCAST LIMITED,10.8,10.8,10.4,10.4,10.4,10.5,,10.4,,,5465,57368.0,12,F1,1,,,,,
2026-07-22,2026-07-22,CM,BSE,STK,543346,INE0EAX01014,AASHKA,M,,,,,Aashka Hospitals Limited,71.6,73.85,70.5,73.0,73.0,75.5,,73.0,,,5000,359550.0,5,F1,1000,,,,,
2026-07-22,2026-07-22,CM,BSE,STK,543347,INF846K01Y96,ITAXIS,B,,,,,Axis Mutual Fund,318.23,318.23,313.24,313.24,313.24,320.03,,315.48,,,14,4442.0,5,F1,1,,,,,
2026-07-22,2026-07-22,CM,BSE,STK,543348,INF846K01Z12,HEALTHAXIS,B,,,,,Axis Mutual Fund,167.0,167.0,166.31,166.36,166.36,167.1,,166.1,,,168,28016.0,4,F1,1,,,,,
2026-07-22,2026-07-22,CM,BSE,STK,543349,INE00FF01025,ACUTAAS,A,,,,,ACUTAAS CHEMICALS LIMITED,3674.4,3696.2,3620.0,3667.5,3667.5,3675.05,,3660.1,,,11128,40704761.0,838,F1,1,,,,,
2026-07-22,2026-07-22,CM,BSE,STK,543350,INE043W01024,VIJAYA,A,,,,,Vijaya Diagnostic Centre Limit,1331.35,1331.35,1302.0,1312.0,1325.05,1330.75,,1313.1,,,164413,214834562.0,1215,F1,1,,,,,
2026-07-22,2026-07-22,CM,BSE,STK,543352,INE0DTJ01015,POBS,M,,,,,PlatinumOne Business Services,175.0,175.0,175.0,175.0,175.0,165.0,,175.0,,,600,105000.0,1,F1,600,,,,,
2026-07-22,2026-07-22,CM,BSE,STK,543357,INF846K016C7,CONSUMAXIS,B,,,,,Axis Mutual Fund,121.74,123.97,120.67,121.35,121.35,123.07,,121.19,,,98,11864.0,10,F1,1,,,,,
2026-07-22,2026-07-22,CM,BSE,STK,543358,INE953O01021,SANSERA,A,,,,,Sansera Engineering Limited,3284.95,3356.5,3232.35,3255.15,3249.9,3294.9,,3255.2,,,16810,55259255.0,1589,F1,1,,,,,
2026-07-22,2026-07-22,CM,BSE,STK,543363,INE0GAO01018,PREVEST,M,,,,,Prevest Denpro Limited,387.9,390.0,387.9,390.0,390.0,382.3,,390.0,,,400,155580.0,2,F1,200,,,,,
2026-07-22,2026-07-22,CM,BSE,STK,543364,INE0FW001016,MARKOLINES,B,,,,,Markolines Pavement Technologi,177.1,183.0,174.55,181.3,180.5,178.3,,181.32,,,51452,9245995.0,817,F1,1,,,,,
2026-07-22,2026-07-22,CM,BSE,STK,543365,INF769K01HP3,MASPTOP50,B,,,,,Mirae Asset Mutual Fund,78.81,78.81,78.81,78.81,78.81,78.74,,78.81,,,37167,2929131.0,128,F1,1,,,,,
2026-07-22,2026-07-22,CM,BSE,STK,543367,INE045601023,PARAS,A,,,,,Paras Defence and Space Techno,1223.1,1250.0,1206.0,1222.95,1222.95,1223.1,,1223.1,,,84886,103667809.0,2672,F1,1,,,,,
2026-07-22,2026-07-22,CM,BSE,STK,543373,INE0HLJ01013,SVRL,MT,,,,,Shri Venkatesh Refineries Limi,398.95,398.95,378.2,380.0,380.0,397.3,,380.0,,,1500,578575.0,3,F1,500,,,,,
2026-07-22,2026-07-22,CM,BSE,STK,543374,INE404A01024,ABSLAMC,A,,,,,Aditya Birla Sun Life AMC Limi,1013.9,1021.0,975.0,1002.5,1010.0,1042.8,,1002.9,,,246745,248391167.0,2077,F1,1,,,,,
2026-07-22,2026-07-22,CM,BSE,STK,543375,INE0I2F01015,PROMAX,M,,,,,Promax Power Limited,11.5,11.5,11.5,11.5,11.5,11.5,,11.5,,,2500,28750.0,1,F1,2500,,,,,
2026-07-22,2026-07-22,CM,BSE,STK,543376,INE0GD201014,SAMOR,B,,,,,Samor Reality Limited,96.0,96.0,88.01,92.0,92.0,92.0,,92.0,,,8,743.0,6,F1,1,,,,,
2026-07-22,2026-07-22,CM,BSE,STK,543377,INE0CWK01019,ADISHAKTI,M,,,,,Adishakti Loha and Ispat Limit,12.65,12.65,12.01,12.32,12.32,12.37,,12.32,,,40000,496300.0,4,F1,10000,,,,,
2026-07-22,2026-07-22,CM,BSE,STK,543378,INE0H8H01019,CWD,MS,,,,,CWD Limited,307.8,310.0,305.0,309.0,310.0,305.15,,309.0,,,12000,3669575.0,12,F1,500,,,,,
2026-07-22,2026-07-22,CM,BSE,STK,543384,INE388Y01029,NYKAA,A,,,,,FSN E-Commerce Ventures Limite,330.9,334.95,324.95,326.8,328.0,328.1,,326.6,,,740487,242738823.0,5680,F1,1,,,,,
2026-07-22,2026-07-22,CM,BSE,STK,543386,INE02NC01014,FINOPB,B,,,,,Fino Payments Bank Limited,171.85,174.0,167.65,171.55,170.15,173.2,,171.07,,,74539,12696404.0,757,F1,1,,,,,
2026-07-22,2026-07-22,CM,BSE,STK,543387,INE284S01014,SJS,A,,,,,S.J.S. Enterprises Limited,2235.0,2245.0,2189.45,2239.9,2245.0,2225.6,,2240.2,,,2560,5653146.0,308,F1,1,,,,,
2026-07-22,2026-07-22,CM,BSE,STK,543389,INE0D0K01022,SIGACHI,T,,,,,Sigachi Industries Limited,26.46,26.46,26.46,26.46,26.46,25.95,,26.46,,,9614,254386.0,26,F1,1,,,,,
2026-07-22,2026-07-22,CM,BSE,STK,543390,INE417T01026,POLICYBZR,A,,,,,PB Fintech Limited,1566.85,1566.85,1532.15,1548.2,1548.2,1566.85,,1548.2,,,36500,56427925.0,2095,F1,1,,,,,
2026-07-22,2026-07-22,CM,BSE,STK,543396,INE982J01020,PAYTM,A,,,,,One 97 Communications Limited,1300.7,1306.5,1260.7,1266.4,1266.4,1299.7,,1267.0,,,228063,292926368.0,9135,F1,1,,,,,
2026-07-22,2026-07-22,CM,BSE,STK,543397,INE806T01020,SAPPHIRE,A,,,,,Sapphire Foods India Limited,181.6,185.0,179.3,180.35,180.3,182.55,,180.45,,,15230,2742579.0,205,F1,1,,,,,
2026-07-22,2026-07-22,CM,BSE,STK,543398,INE0I7C01011,LATENTVIEW,A,,,,,Latent View Analytics Limited,307.85,308.0,301.0,304.5,303.5,305.2,,304.55,,,21828,6643123.0,847,F1,1,,,,,
2026-07-22,2026-07-22,CM,BSE,STK,543399,INE144Z01023,TARSONS,B,,,,,Tarsons Products Limited,312.9,318.95,302.3,307.55,309.6,312.15,,306.3,,,61679,19020222.0,853,F1,1,,,,,
2026-07-22,2026-07-22,CM,BSE,STK,543400,INE0JFE01012,OMNIPOTENT,M,,,,,Omnipotent Industries Limited,2.41,2.41,2.41,2.41,2.41,2.48,,2.41,,,2000,4820.0,1,F1,2000,,,,,
2026-07-22,2026-07-22,CM,BSE,STK,543401,INE0BJS01011,GOCOLORS,B,,,,,Go Fashion (India) Limited,344.85,345.9,335.0,337.6,336.55,343.15,,336.9,,,3326,1124084.0,118,F1,1,,,,,
2026-07-22,2026-07-22,CM,BSE,STK,543411,INE106T01025,HITECH,B,,,,,HI-TECH PIPES LIMITED,86.61,86.91,85.53,86.0,86.19,86.91,,85.91,,,20258,1744288.0,350,F1,1,,,,,
2026-07-22,2026-07-22,CM,BSE,STK,543412,INE575P01011,STARHEALTH,A,,,,,Star Health and Allied Insuran,583.05,588.65,574.05,580.55,580.8,588.05,,580.0,,,6547,3783126.0,268,F1,1,,,,,
2026-07-22,2026-07-22,CM,BSE,STK,543413,INE011K01018,TEGA,A,,,,,Tega Industries Limited,1624.8,1626.45,1555.25,1572.0,1594.0,1634.85,,1567.6,,,4086,6464425.0,394,F1,1,,,,,
2026-07-22,2026-07-22,CM,BSE,STK,543414,INF769K01HS7,MAHKTECH,B,,,,,Mirae Asset Mutual Fund,23.55,23.55,23.55,23.55,23.55,22.87,,23.55,,,36254,853781.0,39,F1,1,,,,,
2026-07-22,2026-07-22,CM,BSE,STK,543415,INE463V01026,ANANDRATHI,A,,,,,Anand Rathi Wealth Limited,2112.45,2121.5,2070.0,2079.75,2075.1,2091.1,,2079.7,,,9562,19930599.0,493,F1,1,,,,,
2026-07-22,2026-07-22,CM,BSE,STK,543416,INE761Y01019,ZODIAC,T,,,,,Zodiac Energy Limited,255.0,259.65,255.0,258.85,259.65,259.65,,258.95,,,466,119754.0,25,F1,1,,,,,
2026-07-22,2026-07-22,CM,BSE,STK,543417,INE0CLI01024,RATEGAIN,A,,,,,RateGain Travel Technologies L,920.0,925.0,885.75,895.15,895.65,925.75,,896.4,,,20518,18493336.0,1290,F1,1,,,,,
2026-07-22,2026-07-22,CM,BSE,STK,543418,INF754K01OB1,BBETF0432,F,,,,,Edelweiss Mutual Fund,1338.03,1355.54,1338.03,1355.54,1355.54,1343.01,,1352.88,,,9,12059.0,2,F1,1,,,,,
2026-07-22,2026-07-22,CM,BSE,STK,543419,INE217L01019,SHRIRAMPPS,B,,,,,Shriram Properties Limited,88.1,88.1,85.22,85.49,85.94,88.1,,85.48,,,46033,3975954.0,314,F1,1,,,,,
2026-07-22,2026-07-22,CM,BSE,STK,543420,INE982V01025,JETFREIGHT,B,,,,,Jet Freight Logistics Limited,23.5,23.61,22.1,23.49,23.36,23.55,,23.38,,,58915,1356398.0,185,F1,1,,,,,
2026-07-22,2026-07-22,CM,BSE,STK,543425,INE0BV301023,MAPMYINDIA,A,,,,,C.E. Info Systems Limited,1074.8,1090.0,1025.4,1046.55,1053.4,1071.85,,1044.45,,,15413,16103595.0,964,F1,1,,,,,
2026-07-22,2026-07-22,CM,BSE,STK,543426,INE317I01021,METROBRAND,A,,,,,Metro Brands Limited,1075.0,1081.7,1059.7,1062.7,1062.85,1075.1,,1061.9,,,31742,34053157.0,240,F1,1,,,,,
2026-07-22,2026-07-22,CM,BSE,STK,543427,INE804L01022,MEDPLUS,A,,,,,Medplus Health Services Limite,716.45,737.25,653.8,695.05,695.05,795.4,,692.3,,,191396,129979785.0,7306,F1,1,,,,,
2026-07-22,2026-07-22,CM,BSE,STK,543428,INE0IX101010,DATAPATTNS,A,,,,,Data Patterns (India) Limited,4300.0,4800.0,4238.55,4777.85,4777.85,4241.25,,4782.6,,,368892,1710373477.0,20026,F1,1,,,,,
2026-07-22,2026-07-22,CM,BSE,STK,543433,INE0GSL01024,HPAL,B,,,,,HP Adhesives Limited,33.68,33.76,32.88,33.56,33.63,33.68,,33.49,,,3337,111021.0,126,F1,1,,,,,
2026-07-22,2026-07-22,CM,BSE,STK,543434,INE07RO01027,SUPRIYA,B,,,,,Supriya Lifescience Limited,870.0,882.4,830.0,840.45,841.1,863.35,,840.2,,,11218,9555130.0,633,F1,1,,,,,
2026-07-22,2026-07-22,CM,BSE,STK,543435,INE0JJS01014,CLARA,M,,,,,CLARA INDUSTRIES LIMITED,34.05,38.48,32.1,36.11,38.1,35.74,,36.11,,,29050,1023846.0,7,F1,4150,,,,,
2026-07-22,2026-07-22,CM,BSE,STK,543437,INF247L01AU3,MONQ50,B,,,,,Motilal Oswal Mutual Fund,140.41,140.41,140.41,140.41,140.41,140.43,,140.41,,,229,32153.0,9,F1,1,,,,,
2026-07-22,2026-07-22,CM,BSE,STK,543438,INF740KA1ZF3,MIDQ50ADD,B,,,,,DSP Mutual Fund,24.81,25.14,24.65,24.65,25.14,24.98,,24.66,,,16525,407778.0,18,F1,1,,,,,
2026-07-22,2026-07-22,CM,BSE,STK,543440,INF740KA1CL0,NIFTYADD,B,,,,,DSP Mutual Fund,253.92,258.0,251.82,253.31,258.0,254.5,,252.79,,,482,121802.0,31,F1,1,,,,,
2026-07-22,2026-07-22,CM,BSE,STK,543441,INE925R01014,CMSINFO,A,,,,,CMS Info Systems Limited,275.0,279.5,270.0,272.9,272.9,275.2,,272.9,,,206074,57036395.0,645,F1,1,,,,,
2026-07-22,2026-07-22,CM,BSE,STK,543442,INE977Y01011,BCONCEPTS,B,,,,,Brand Concepts Limited,180.05,188.1,180.05,185.9,185.9,186.35,,187.91,,,185,34404.0,21,F1,1,,,,,
2026-07-22,2026-07-22,CM,BSE,STK,543449,INE02WG01024,WEL,B,,,,,WONDER ELECTRICALS LIMITED,101.05,102.2,101.0,101.8,101.55,101.75,,101.58,,,3916,397867.0,32,F1,1,,,,,
2026-07-22,2026-07-22,CM,BSE,STK,543450,INF109KC10V2,AUTOIETF,B,,,,,ICICI Prudential Mutual Fund,28.5,28.5,27.93,28.19,28.19,28.22,,28.22,,,87793,2483097.0,296,F1,1,,,,,
2026-07-22,2026-07-22,CM,BSE,STK,543452,INF109KC1Y56,SILVERIETF,E,,,,,ICICI Prudential Mutual Fund,226.91,226.91,221.86,222.32,222.01,221.38,,222.37,,,251845,56120000.0,2284,F1,1,,,,,
2026-07-22,2026-07-22,CM,BSE,STK,543454,INF769K01IB1,MAKEINDIA,B,,,,,Mirae Asset Mutual Fund,163.89,163.91,162.52,162.88,162.88,163.1,,162.61,,,287,46796.0,13,F1,1,,,,,
2026-07-22,2026-07-22,CM,BSE,STK,543458,INE699H01024,AWL,A,,,,,AWL AGRI BUSINESS LIMITED,194.8,194.8,189.15,189.8,189.5,193.9,,189.9,,,84547,16142416.0,1158,F1,1,,,,,
2026-07-22,2026-07-22,CM,BSE,STK,543460,INE0KAF01018,QRIL,M,,,,,Quality RO Industries Limited,47.0,47.0,41.31,41.31,41.31,45.9,,41.31,,,15500,645595.0,14,F1,500,,,,,
2026-07-22,2026-07-22,CM,BSE,STK,543461,INE0JNA01014,SSTL,M,,,,,Safa Systems & Technologies Li,19.6,19.6,19.3,19.3,19.3,19.7,,19.3,,,15000,291000.0,2,F1,5000,,,,,
2026-07-22,2026-07-22,CM,BSE,STK,543462,INE060X01034,DEVIT,B,,,,,DEV INFORMATION TECHNOLOGY LIM,27.05,27.47,26.15,26.92,26.92,27.47,,26.7,,,6506,173957.0,133,F1,1,,,,,
2026-07-22,2026-07-22,CM,BSE,STK,543463,INE825V01034,MANYAVAR,A,,,,,Vedant Fashions Limited,416.0,416.5,406.0,407.95,406.0,417.25,,407.75,,,155933,63937551.0,706,F1,1,,,,,
2026-07-22,2026-07-22,CM,BSE,STK,543464,INE0JSJ01014,SPITZE,M,,,,,Maruti Interior Products Limit,56.5,60.5,55.0,56.83,60.5,55.76,,56.83,,,9000,508860.0,9,F1,1000,,,,,
2026-07-22,2026-07-22,CM,BSE,STK,543465,INF247L01BK2,MOMOMENTUM,B,,,,,Motilal Oswal Mutual Fund,61.63,62.38,61.63,61.98,61.98,62.26,,61.83,,,5184,321210.0,31,F1,1,,,,,
2026-07-22,2026-07-22,CM,BSE,STK,543471,INF209KB19F6,SILVER,E,,,,,Aditya Birla Sun Life Mutual F,226.99,226.99,222.06,222.46,222.21,221.46,,222.49,,,49409,11023009.0,1079,F1,1,,,,,
2026-07-22,2026-07-22,CM,BSE,STK,543472,INF209KB11D8,TECH,B,,,,,Aditya Birla Sun Life Mutual F,31.6,31.65,31.33,31.52,31.61,31.75,,31.4,,,1750,54988.0,25,F1,1,,,,,
2026-07-22,2026-07-22,CM,BSE,STK,543473,INF209KB10C2,HEALTHY,B,,,,,Aditya Birla Sun Life Mutual F,17.33,17.33,16.72,16.88,16.87,16.99,,16.83,,,10008,168219.0,94,F1,1,,,,,
2026-07-22,2026-07-22,CM,BSE,STK,543474,INF209KB19D1,BSLNIFTY,B,,,,,Aditya Birla Sun Life Mutual F,27.64,28.34,27.64,28.16,28.15,28.35,,28.15,,,40354,1134658.0,446,F1,1,,,,,
2026-07-22,2026-07-22,CM,BSE,STK,543480,INF109KC14A8,GSEC5IETF,F,,,,,ICICI Prudential Mutual Fund,66.68,66.68,65.86,66.0,66.0,66.22,,66.38,,,9049,597230.0,3,F1,1,,,,,
2026-07-22,2026-07-22,CM,BSE,STK,543481,INF769K01IC9,MIDCAPETF,B,,,,,Mirae Asset Mutual Fund,23.62,23.66,23.4,23.44,23.47,23.66,,23.43,,,135911,3191527.0,764,F1,1,,,,,
2026-07-22,2026-07-22,CM,BSE,STK,543482,INE0KCE01017,EUREKAFORB,A,,,,,Eureka Forbes Limited,462.0,462.15,446.8,448.0,448.0,463.85,,447.7,,,1403,636924.0,113,F1,1,,,,,
2026-07-22,2026-07-22,CM,BSE,STK,543489,INE079J01017,GATEWAY,B,,,,,Gateway Distriparks Limited,58.99,59.4,57.1,57.58,57.89,58.31,,57.67,,,63948,3715693.0,958,F1,1,,,,,
2026-07-22,2026-07-22,CM,BSE,STK,543490,INE0CU601026,GMRP&UI,A,,,,,GMR Power and Urban Infra Limi,96.01,101.95,94.81,100.58,100.5,96.71,,100.93,,,153815,15058266.0,926,F1,1,,,,,
2026-07-22,2026-07-22,CM,BSE,STK,543497,INE0KQ001017,BCCL,M,,,,,Bhatia Colour Chem Limited,43.25,43.26,40.89,41.03,40.89,43.04,,41.03,,,19200,791212.0,39,F1,400,,,,,
2026-07-22,2026-07-22,CM,BSE,STK,543498,INE0FS801015,MSUMI,A,,,,,Motherson Sumi Wiring India Li,39.99,40.35,39.65,40.19,40.14,40.07,,40.19,,,400572,16033379.0,1024,F1,1,,,,,
2026-07-22,2026-07-22,CM,BSE,STK,543499,INE0K1401020,ACHYUT,T,,,,,Achyut Healthcare Limited,7.19,7.5,7.0,7.03,7.2,7.36,,7.03,,,146099,1035663.0,481,F1,1,,,,,
2026-07-22,2026-07-22,CM,BSE,STK,543500,INE0JVD01011,EVOQ,MT,,,,,Evoq Remedies Limited,2.0,2.01,1.95,1.95,1.95,2.05,,1.95,,,76000,149000.0,18,F1,4000,,,,,
2026-07-22,2026-07-22,CM,BSE,STK,543501,INF247L01BL0,MOLOWVOL,B,,,,,Motilal Oswal Mutual Fund,37.37,37.37,37.37,37.37,37.37,37.06,,37.0,,,9,336.0,1,F1,1,,,,,
2026-07-22,2026-07-22,CM,BSE,STK,543512,INE652Z01025,AVROIND,B,,,,,Avro India Limited,9.35,9.6,8.8,9.04,9.04,9.36,,8.9,,,17034,154207.0,211,F1,1,,,,,
2026-07-22,2026-07-22,CM,BSE,STK,543513,INE0GIU01018,UMAEXPORTS,T,,,,,Uma Exports Limited,20.03,20.03,19.54,19.8,19.8,19.75,,19.75,,,30614,612937.0,18,F1,1,,,,,
2026-07-22,2026-07-22,CM,BSE,STK,543514,INE0IQ001011,VERANDA,B,,,,,Veranda Learning Solutions Lim,237.5,240.7,232.5,233.55,232.7,237.05,,232.95,,,5670,1338606.0,187,F1,1,,,,,
2026-07-22,2026-07-22,CM,BSE,STK,543515,INE0KPY01017,SEML,MT,,,,,Sunrise Efficient Marketing Li,46.8,46.8,45.0,45.18,45.0,45.0,,45.18,,,9750,444900.0,13,F1,375,,,,,
2026-07-22,2026-07-22,CM,BSE,STK,543516,INE0K5F01014,DHYAANITR,MT,,,,,DHYAANI TRADEVENTTURES LIMITED,4.8,4.8,4.5,4.75,4.75,4.66,,4.75,,,162400,737352.0,12,F1,2800,,,,,
2026-07-22,2026-07-22,CM,BSE,STK,543517,INE00EV01017,HARIOMPIPE,B,,,,,Hariom Pipe Industries Limited,391.75,391.75,383.0,386.05,386.05,391.8,,385.85,,,9289,3592511.0,415,F1,1,,,,,
2026-07-22,2026-07-22,CM,BSE,STK,543518,INE0KSN01014,EIGHTY,MT,,,,,Eighty Jewellers Limited,44.1,44.1,44.1,44.1,44.1,46.3,,44.1,,,3000,132300.0,1,F1,3000,,,,,
2026-07-22,2026-07-22,CM,BSE,STK,543520,INE0J2K01014,GLHRL,M,,,,,Global Longlife Hospital and R,13.0,13.0,12.3,12.52,12.31,12.39,,12.52,,,32000,405330.0,23,F1,1000,,,,,
2026-07-22,2026-07-22,CM,BSE,STK,543522,INE0E5R01017,NVENTURES,M,,,,,Nanavati Ventures Limited,72.0,72.0,71.0,71.65,72.0,78.7,,71.65,,,2250,161250.0,3,F1,750,,,,,
2026-07-22,2026-07-22,CM,BSE,STK,543523,INE278Y01022,CAMPUS,A,,,,,Campus Activewear Limited,224.8,224.8,218.8,221.35,221.5,223.0,,221.34,,,41136,9090292.0,713,F1,1,,,,,
2026-07-22,2026-07-22,CM,BSE,STK,543524,INE961O01016,RAINBOW,A,,,,,Rainbow Children's Medicare Li,1451.35,1496.0,1451.35,1490.25,1494.0,1484.9,,1489.9,,,4776,7032788.0,533,F1,1,,,,,
2026-07-22,2026-07-22,CM,BSE,STK,543525,INE625X01026,SILVERTUC,B,,,,,Silver Touch Technologies Limi,186.15,201.9,186.15,195.7,195.7,195.25,,195.89,,,79059,15590935.0,770,F1,1,,,,,
2026-07-22,2026-07-22,CM,BSE,STK,543526,INE0J1Y01017,LICI,A,,,,,LIFE INSURANCE CORPORATION OF,430.15,430.2,422.5,423.15,422.75,429.5,,423.3,,,74351,31582196.0,1584,F1,1,,,,,
2026-07-22,2026-07-22,CM,BSE,STK,543527,INE00F201020,PRUDENT,A,,,,,Prudent Corporate Advisory Ser,2890.6,2906.05,2860.45,2871.45,2861.5,2916.2,,2870.6,,,32583,94158061.0,194,F1,1,,,,,
2026-07-22,2026-07-22,CM,BSE,STK,543528,INE0JA001018,VENUSPIPES,B,,,,,Venus Pipes & Tubes Limited,1697.3,1728.0,1655.6,1704.4,1692.9,1704.65,,1700.5,,,8874,15000867.0,686,F1,1,,,,,
2026-07-22,2026-07-22,CM,BSE,STK,543529,INE148O01028,DELHIVERY,A,,,,,Delhivery Limited,480.6,483.0,465.55,467.15,467.15,484.95,,467.55,,,1474671,698042893.0,4598,F1,1,,,,,
2026-07-22,2026-07-22,CM,BSE,STK,543530,INE088F01024,PARADEEP,A,,,,,Paradeep Phosphates Limited,140.7,140.7,137.75,139.35,139.1,139.8,,139.31,,,84641,11765159.0,629,F1,1,,,,,
2026-07-22,2026-07-22,CM,BSE,STK,543531,INE05CY01014,TIERRA,X,,,,,Tierra Agrotech Limited,42.3,44.0,39.05,39.91,39.05,42.1,,39.91,,,2692,108533.0,22,F1,1,,,,,
2026-07-22,2026-07-22,CM,BSE,STK,543532,INE04TZ01018,ETHOSLTD,A,,,,,ETHOS LIMITED,2632.0,2666.55,2600.0,2624.8,2600.0,2632.65,,2621.4,,,1108,2915448.0,211,F1,1,,,,,
2026-07-22,2026-07-22,CM,BSE,STK,543533,INE01QM01018,EMUDHRA,B,,,,,eMudhra Limited,462.55,472.0,457.95,459.45,459.2,460.8,,459.6,,,8928,4170033.0,462,F1,1,,,,,
2026-07-22,2026-07-22,CM,BSE,STK,543534,INE0BWX01014,AETHER,A,,,,,Aether Industries Limited,1465.5,1488.25,1443.05,1466.45,1465.3,1452.2,,1462.9,,,10795,15791894.0,855,F1,1,,,,,
2026-07-22,2026-07-22,CM,BSE,STK,543535,INE082W01014,WEWIN,T,,,,,We Win Limited,46.0,46.0,45.5,46.0,46.0,45.37,,45.55,,,102,4691.0,3,F1,1,,,,,
2026-07-22,2026-07-22,CM,BSE,STK,543538,INE0K6L01010,GOEL,M,,,,,Goel Food Products Limited,12.0,12.2,11.98,12.1,12.0,12.34,,12.1,,,18000,217320.0,8,F1,2000,,,,,
2026-07-22,2026-07-22,CM,BSE,STK,543539,INE0L0L01012,MODIS,B,,,,,MODI'S NAVNIRMAN LIMITED,374.65,422.25,374.65,409.75,402.75,392.3,,408.0,,,17209,6915186.0,549,F1,1,,,,,
2026-07-22,2026-07-22,CM,BSE,STK,543540,INE0GTX01019,PGCRL,M,,,,,Pearl Green Clubs and Resorts,95.3,99.95,95.3,98.9,99.95,93.7,,98.9,,,9600,930300.0,8,F1,600,,,,,
2026-07-22,2026-07-22,CM,BSE,STK,543542,INE0L1C01019,KESAR,M,,,,,KESAR INDIA LIMITED,1264.0,1264.0,1240.0,1250.0,1250.0,1259.95,,1250.0,,,35300,44107485.0,114,F1,100,,,,,
2026-07-22,2026-07-22,CM,BSE,STK,543543,INE0IZQ01016,BRRL,M,,,,,B-RIGHT REALESTATE LIMITED,845.0,886.0,840.0,865.35,886.0,898.2,,865.35,,,6000,5091560.0,28,F1,200,,,,,
2026-07-22,2026-07-22,CM,BSE,STK,543544,INE0KR801019,JAYANT,MT,,,,,JAYANT INFRATECH LIMITED,73.12,77.0,73.0,77.0,77.0,75.0,,77.0,,,6750,498847.0,8,F1,750,,,,,
2026-07-22,2026-07-22,CM,BSE,STK,543545,INE0ID001024,VEERKRUPA,M,,,,,Veerkrupa Jewellers Limited,0.53,0.53,0.5,0.51,0.51,0.52,,0.51,,,100200,51269.0,5,F1,16700,,,,,
2026-07-22,2026-07-22,CM,BSE,STK,543547,INE0HR601026,DDEVPLSTIK,B,,,,,DDEV PLASTIKS INDUSTRIES LIMIT,285.2,285.75,277.8,278.75,279.5,286.7,,278.65,,,4872,1365611.0,205,F1,1,,,,,
2026-07-22,2026-07-22,CM,BSE,STK,543563,INF247L01BB1,MOHEALTH,B,,,,,Motilal Oswal Mutual Fund,51.38,51.38,50.31,50.68,50.68,51.38,,50.62,,,6196,313111.0,89,F1,1,,,,,
2026-07-22,2026-07-22,CM,BSE,STK,543568,INF109KC17C7,MOM30IETF,B,,,,,ICICI Prudential Mutual Fund,31.27,31.4,31.01,31.07,31.11,31.24,,31.06,,,228244,7098186.0,266,F1,1,,,,,
2026-07-22,2026-07-22,CM,BSE,STK,543569,INF179KC1HR4,HDFCNIF100,B,,,,,HDFC Mutual Fund,25.78,26.04,25.78,25.87,26.04,26.05,,25.94,,,9643,249897.0,31,F1,1,,,,,
2026-07-22,2026-07-22,CM,BSE,STK,543570,INF179KC1HS2,HDFCNEXT50,B,,,,,HDFC Mutual Fund,73.33,74.9,73.33,73.79,73.8,74.09,,73.76,,,29121,2149979.0,211,F1,1,,,,,
2026-07-22,2026-07-22,CM,BSE,STK,543571,INF109KC16E5,INFRAIETF,B,,,,,ICICI Prudential Mutual Fund,96.77,96.92,95.85,96.0,96.5,97.11,,96.2,,,5750,552969.0,96,F1,1,,,,,
2026-07-22,2026-07-22,CM,BSE,STK,543572,INF740KA1RE3,SILVERADD,E,,,,,DSP Mutual Fund,215.74,216.26,214.61,214.62,214.62,213.87,,214.77,,,7577,1632818.0,150,F1,1,,,,,
2026-07-22,2026-07-22,CM,BSE,STK,543573,INE0DYJ01015,SYRMA,A,,,,,Syrma SGS Technology Limited,1368.0,1389.05,1352.95,1359.65,1359.65,1374.55,,1363.1,,,48150,66000512.0,2156,F1,1,,,,,
2026-07-22,2026-07-22,CM,BSE,STK,543574,INF209KB15K4,NIFTYQLITY,B,,,,,Aditya Birla Sun Life Mutual F,21.19,21.28,20.77,21.13,21.13,21.16,,21.12,,,1575,33441.0,11,F1,1,,,,,
2026-07-22,2026-07-22,CM,BSE,STK,543575,INF209KB14K7,MOMENTUM,B,,,,,Aditya Birla Sun Life Mutual F,31.0,31.0,30.95,30.95,30.95,31.13,,30.93,,,133,4121.0,8,F1,1,,,,,
2026-07-22,2026-07-22,CM,BSE,STK,543576,INF247L01BE5,MOVALUE,B,,,,,Motilal Oswal Mutual Fund,114.32,115.0,113.81,114.11,114.1,115.22,,114.05,,,5374,614389.0,110,F1,1,,,,,
2026-07-22,2026-07-22,CM,BSE,STK,543577,INF247L01BH8,MOQUALITY,B,,,,,Motilal Oswal Mutual Fund,201.0,201.0,201.0,201.0,201.0,200.61,,200.86,,,1,201.0,1,F1,1,,,,,
2026-07-22,2026-07-22,CM,BSE,STK,543578,INE0M3901015,OLATECH,M,,,,,Olatech Solutions Limited,62.2,64.48,61.01,61.38,61.2,64.91,,61.38,,,23125,1438190.0,24,F1,925,,,,,
2026-07-22,2026-07-22,CM,BSE,STK,543590,INE0KKN01029,RHETAN,B,,,,,Rhetan TMT Limited,28.94,28.94,28.12,28.44,28.5,28.26,,28.48,,,51685,1467703.0,169,F1,1,,,,,
2026-07-22,2026-07-22,CM,BSE,STK,543591,INE0JS101016,DREAMFOLKS,B,,,,,DREAMFOLKS SERVICES LIMITED,67.6,67.92,66.66,67.4,67.5,67.86,,67.26,,,4014,270334.0,236,F1,1,,,,,
2026-07-22,2026-07-22,CM,BSE,STK,543592,INF179KC1DI2,HDFCSILVER,E,,,,,HDFC Mutual Fund,212.5,215.46,212.5,212.97,213.04,212.35,,213.26,,,73826,15785047.0,1521,F1,1,,,,,
2026-07-22,2026-07-22,CM,BSE,STK,543593,INE0I3401014,DBOL,B,,,,,Dhampur Bio Organics Limited,106.2,106.2,102.65,103.7,104.4,106.2,,103.67,,,14113,1463622.0,190,F1,1,,,,,
2026-07-22,2026-07-22,CM,BSE,STK,543594,INE0MC401013,DPL,M,,,,,DIPNA PHARMACHEM LIMITED,5.22,5.46,5.22,5.39,5.3,5.19,,5.39,,,57000,307650.0,15,F1,3000,,,,,
2026-07-22,2026-07-22,CM,BSE,STK,543596,INE668A01016,TMB,A,,,,,Tamilnad Mercantile Bank Limit,838.0,838.0,806.25,810.15,810.65,818.55,,810.65,,,9566,7764995.0,578,F1,1,,,,,
2026-07-22,2026-07-22,CM,BSE,STK,543597,INE0I0T01010,VOEPL,B,,,,,Virtuoso Optoelectronics Limit,508.85,533.8,498.1,503.15,503.15,514.5,,502.2,,,60960,31603806.0,1464,F1,1,,,,,
2026-07-22,2026-07-22,CM,BSE,STK,543599,INE0D6I01023,KSOLVES,B,,,,,Ksolves India Limited,289.9,292.95,284.4,287.45,287.3,291.7,,287.8,,,6299,1807603.0,241,F1,1,,,,,
2026-07-22,2026-07-22,CM,BSE,STK,543600,INE0JUS01029,HARSHA,B,,,,,Harsha Engineers International,417.4,417.4,407.3,410.85,410.0,413.7,,411.0,,,4652,1920140.0,163,F1,1,,,,,
2026-07-22,2026-07-22,CM,BSE,STK,543605,INF179KC1DL6,HDFCQUAL,B,,,,,HDFC Mutual Fund,57.54,57.66,57.44,57.56,57.44,57.71,,57.53,,,302,17392.0,6,F1,1,,,,,
2026-07-22,2026-07-22,CM,BSE,STK,543606,INE0M8901010,CONTAINE,MT,,,,,CONTAINE TECHNOLOGIES LIMITED,23.91,25.19,23.91,25.19,25.19,25.16,,25.19,,,3000,74290.0,3,F1,1000,,,,,
2026-07-22,2026-07-22,CM,BSE,STK,543607,INF179KC1DJ0,HDFCGROWTH,B,,,,,HDFC Mutual Fund,116.49,116.85,116.02,116.02,116.02,116.37,,116.24,,,168,19521.0,13,F1,1,,,,,
2026-07-22,2026-07-22,CM,BSE,STK,543608,INF179KC1DK8,HDFCVALUE,B,,,,,HDFC Mutual Fund,125.88,125.88,124.97,125.18,125.18,127.0,,125.5,,,488,61082.0,13,F1,1,,,,,
2026-07-22,2026-07-22,CM,BSE,STK,543614,INE0LQS01015,TIPSFILMS,B,,,,,Tips Films Limited,319.1,328.0,313.0,318.4,321.4,322.0,,312.75,,,319,101382.0,54,F1,1,,,,,
2026-07-22,2026-07-22,CM,BSE,STK,543615,INE0MNV01014,SRSOLTD,M,,,,,SILICON RENTAL SOLUTIONS LIMIT,79.6,85.0,79.6,85.0,85.0,83.5,,85.0,,,1600,131680.0,2,F1,800,,,,,
2026-07-22,2026-07-22,CM,BSE,STK,543616,INE0MKA01014,TLL,M,,,,,Trident Lifeline Limited,260.05,265.0,260.05,261.4,260.75,260.9,,261.4,,,30600,8042070.0,50,F1,600,,,,,
2026-07-22,2026-07-22,CM,BSE,STK,543618,INE0M4L01013,CARGOTRANS,M,,,,,Cargotrans Maritime Limited,89.4,89.4,88.55,88.55,88.55,97.0,,88.55,,,3750,333712.0,5,F1,750,,,,,
2026-07-22,2026-07-22,CM,BSE,STK,543619,INE0N0J01014,CNCRD,M,,,,,Concord Control Systems Limite,2491.25,2543.65,2380.0,2520.8,2534.8,2491.25,,2520.8,,,14750,36194812.0,241,F1,50,,,,,
2026-07-22,2026-07-22,CM,BSE,STK,543620,INE0LGX01024,INA,B,,,,,INSOLATION ENERGY LIMITED,119.05,120.25,116.2,117.5,117.0,119.85,,117.31,,,90428,10613034.0,783,F1,1,,,,,
2026-07-22,2026-07-22,CM,BSE,STK,543621,INE0KZM01011,CARGOSOL,MT,,,,,Cargosol Logistics Limited,25.42,25.42,25.42,25.42,25.42,26.75,,25.42,,,8000,203360.0,2,F1,4000,,,,,
2026-07-22,2026-07-22,CM,BSE,STK,543626,INE02YR01019,EMIL,B,,,,,Electronics Mart India Limited,134.55,135.0,130.85,131.5,131.75,133.3,,131.45,,,38797,5155834.0,707,F1,1,,,,,
2026-07-22,2026-07-22,CM,BSE,STK,543627,INF179KC1HU8,HDFCLOWVOL,B,,,,,HDFC Mutual Fund,20.8,21.05,20.5,20.55,20.5,20.67,,20.59,,,1267,26064.0,7,F1,1,,,,,
2026-07-22,2026-07-22,CM,BSE,STK,543628,INF179KC1HV6,HDFCMOMENT,B,,,,,HDFC Mutual Fund,31.05,31.06,30.85,30.89,30.93,30.93,,30.88,,,488,15091.0,21,F1,1,,,,,
2026-07-22,2026-07-22,CM,BSE,STK,543635,INE0DK501011,PPLPHARMA,A,,,,,PIRAMAL PHARMA LIMITED,184.75,184.75,175.8,177.05,177.05,184.8,,177.1,,,377164,67527848.0,4592,F1,1,,,,,
2026-07-22,2026-07-22,CM,BSE,STK,543636,INE0A1101019,DCI,B,,,,,Dc Infotech and Communication,275.0,275.0,263.0,265.75,263.0,271.0,,265.2,,,697,188198.0,76,F1,1,,,,,
2026-07-22,2026-07-22,CM,BSE,STK,543637,INE0N1L01018,PACE,MT,,,,,PACE E-COMMERCE VENTURES LIMIT,14.3,14.3,13.83,13.86,13.86,14.3,,13.86,,,8400,116904.0,7,F1,1200,,,,,
2026-07-22,2026-07-22,CM,BSE,STK,543638,INE0HMF01019,TRACXN,B,,,,,Tracxn Technologies Limited,30.0,30.02,29.64,30.0,30.0,30.22,,30.04,,,18045,539067.0,214,F1,1,,,,,
2026-07-22,2026-07-22,CM,BSE,STK,543643,INE117Z01011,NARMADA,B,,,,,Narmada Agrobase Limited,36.64,37.03,35.6,35.8,35.8,36.51,,35.75,,,58835,2145962.0,361,F1,1,,,,,
2026-07-22,2026-07-22,CM,BSE,STK,543644,INE344S01016,INFOBEAN,B,,,,,InfoBeans Technologies Limited,163.0,163.0,156.75,158.15,158.1,167.55,,158.05,,,57041,9125082.0,817,F1,1,,,,,
2026-07-22,2026-07-22,CM,BSE,STK,543645,INE05X901010,HPIL,B,,,,,HINDPRAKASH INDUSTRIES LIMITED,124.35,128.5,124.3,128.5,128.5,128.25,,121.72,,,955,119374.0,16,F1,1,,,,,
2026-07-22,2026-07-22,CM,BSE,STK,543650,INE0KL801015,DCXINDIA,B,,,,,DCX Systems Limited,185.05,186.0,181.95,182.9,183.15,185.6,,182.83,,,33940,6238429.0,493,F1,1,,,,,
2026-07-22,2026-07-22,CM,BSE,STK,543652,INE139R01012,FUSION,B,,,,,FUSION FINANCE LIMITED,226.05,226.85,216.25,219.4,218.2,228.1,,219.8,,,30644,6735854.0,658,F1,1,,,,,
2026-07-22,2026-07-22,CM,BSE,STK,543653,INE00E101023,BIKAJI,A,,,,,Bikaji Foods International Lim,648.8,648.8,635.0,635.6,635.3,643.35,,636.2,,,2512,1602506.0,192,F1,1,,,,,
2026-07-22,2026-07-22,CM,BSE,STK,543654,INE474Q01031,MEDANTA,A,,,,,Global Health Limited,1334.2,1376.0,1325.0,1353.75,1350.3,1340.8,,1353.4,,,8844,11974043.0,661,F1,1,,,,,
2026-07-22,2026-07-22,CM,BSE,STK,543657,INE128X01021,ACI,A,,,,,Archean Chemical Industries Li,591.7,591.7,557.1,563.35,565.25,587.75,,562.55,,,8730,5006257.0,638,F1,1,,,,,
2026-07-22,2026-07-22,CM,BSE,STK,543663,INE128S01021,FIVESTAR,A,,,,,Five-Star Business Finance Ltd,561.95,576.0,541.7,544.9,544.9,564.05,,545.3,,,28803,15862218.0,936,F1,1,,,,,
2026-07-22,2026-07-22,CM,BSE,STK,543664,INE918Z01012,KAYNES,A,,,,,KAYNES TECHNOLOGY INDIA LIMITE,3279.75,3300.0,3213.95,3253.35,3253.35,3271.1,,3252.4,,,32265,105158267.0,3152,F1,1,,,,,
2026-07-22,2026-07-22,CM,BSE,STK,543665,INF179KC1IA8,HDFCNIFIT,B,,,,,HDFC Mutual Fund,30.78,30.86,30.5,30.62,30.62,31.1,,30.56,,,4610,141666.0,37,F1,1,,,,,
2026-07-22,2026-07-22,CM,BSE,STK,543666,INF179KC1HZ7,HDFCPVTBAN,B,,,,,HDFC Mutual Fund,27.69,28.38,27.69,28.06,28.12,28.4,,28.06,,,2876,80853.0,34,F1,1,,,,,
2026-07-22,2026-07-22,CM,BSE,STK,543667,INE510W01014,INOXGREEN,A,,,,,INOX GREEN ENERGY SERVICES LIM,195.7,196.15,192.25,193.5,192.55,195.2,,193.49,,,35147,6812548.0,497,F1,1,,,,,
2026-07-22,2026-07-22,CM,BSE,STK,543669,INE263M01029,RUSTOMJEE,B,,,,,Keystone Realtors Limited,412.4,413.45,405.3,405.55,406.55,410.55,,405.7,,,1128,462537.0,93,F1,1,,,,,
2026-07-22,2026-07-22,CM,BSE,STK,543670,INE01KI01027,VINNY,B,,,,,VINNY OVERSEAS LIMITED,1.08,1.17,1.04,1.09,1.08,1.06,,1.07,,,169470,183126.0,79,F1,1,,,,,
2026-07-22,2026-07-22,CM,BSE,STK,543671,INE0D0U01013,AAATECH,B,,,,,AAA TECHNOLOGIES LIMITED,90.0,91.62,90.0,90.6,90.6,91.1,,90.58,,,406,36881.0,38,F1,1,,,,,
2026-07-22,2026-07-22,CM,BSE,STK,543677,INF109KC17L8,FINIETF,B,,,,,ICICI Prudential Mutual Fund,32.71,32.71,32.31,32.32,32.44,32.69,,32.34,,,415037,13458291.0,55,F1,1,,,,,
2026-07-22,2026-07-22,CM,BSE,STK,543678,INE0N6V01016,AMBOAGRI,M,,,,,AMBO AGRITEC LIMITED,10.1,10.1,10.1,10.1,10.1,10.15,,10.1,,,1000,10100.0,1,F1,1000,,,,,
2026-07-22,2026-07-22,CM,BSE,STK,543686,INE792Z01011,SIRCA,B,,,,,Sirca Paints India Limited,401.0,401.05,392.0,394.6,393.0,397.55,,393.5,,,5690,2253687.0,213,F1,1,,,,,
2026-07-22,2026-07-22,CM,BSE,STK,543687,INE00OQ01016,DHARMAJ,B,,,,,Dharmaj Crop Guard Limited,255.1,261.5,254.25,260.65,261.35,255.2,,260.55,,,154,39736.0,24,F1,1,,,,,
2026-07-22,2026-07-22,CM,BSE,STK,543688,INE324X01026,SARVESHWAR,T,,,,,Sarveshwar Foods Limited,3.45,3.55,3.45,3.49,3.49,3.51,,3.48,,,91215,317545.0,256,F1,1,,,,,
2026-07-22,2026-07-22,CM,BSE,STK,543689,INE244O01017,UNIPARTS,B,,,,,Uniparts India Limited,685.8,685.8,673.65,677.05,677.7,688.9,,676.35,,,2770,1877444.0,158,F1,1,,,,,
2026-07-22,2026-07-22,CM,BSE,STK,543699,INF754K01QX0,EBBETF0433,F,,,,,Edelweiss Mutual Fund,1312.99,1318.69,1309.08,1309.08,1309.08,1309.07,,1312.48,,,23,30168.0,6,F1,1,,,,,
2026-07-22,2026-07-22,CM,BSE,STK,543709,INE0NT601018,GARGI,M,,,,,PNGS GARGI FASHION JEWELLERY L,648.0,657.9,640.25,650.85,647.0,650.85,,650.85,,,27625,17947500.0,79,F1,125,,,,,
2026-07-22,2026-07-22,CM,BSE,STK,543710,INF109KC19O8,COMMOIETF,B,,,,,ICICI Prudential Mutual Fund,101.42,101.58,100.51,100.75,101.27,101.62,,100.98,,,1845,186226.0,64,F1,1,,,,,
2026-07-22,2026-07-22,CM,BSE,STK,543711,INE142Q01026,SULA,B,,,,,Sula Vineyards Limited,151.5,151.5,148.0,148.5,149.5,149.9,,148.55,,,11521,1711683.0,350,F1,1,,,,,
2026-07-22,2026-07-22,CM,BSE,STK,543712,INE00ZE01026,AFSL,B,,,,,ABANS FINANCIAL SERVICES LIMIT,201.0,201.1,201.0,201.0,201.0,201.0,,201.47,,,601,120806.0,4,F1,1,,,,,
2026-07-22,2026-07-22,CM,BSE,STK,543713,INE0MQD01015,DRONACHRYA,M,,,,,Droneacharya Aerial Innovation,37.55,37.93,37.15,37.7,37.24,37.6,,37.7,,,16000,600530.0,16,F1,1000,,,,,
2026-07-22,2026-07-22,CM,BSE,STK,543714,INE559R01029,LANDMARK,B,,,,,LANDMARK CARS LIMITED,534.65,534.65,511.9,518.95,514.5,531.25,,519.25,,,27895,14527485.0,696,F1,1,,,,,
2026-07-22,2026-07-22,CM,BSE,STK,543720,INE138Y01010,KFINTECH,A,,,,,KFin Technologies Limited,896.65,896.65,875.55,880.4,880.4,888.85,,880.2,,,30144,26578196.0,1769,F1,1,,,,,
2026-07-22,2026-07-22,CM,BSE,STK,543725,INE050401020,ELIN,B,,,,,Elin Electronics Limited,105.25,105.25,99.35,101.05,100.8,105.45,,101.0,,,11228,1137256.0,242,F1,1,,,,,
2026-07-22,2026-07-22,CM,BSE,STK,543732,INE855R01021,RADIANTCMS,B,,,,,Radiant Cash Management Servic,37.65,37.74,36.51,37.29,37.74,37.61,,37.42,,,18045,667219.0,142,F1,1,,,,,
2026-07-22,2026-07-22,CM,BSE,STK,543737,INE09BN01011,AVEER,X,,,,,Aveer Foods Limited,572.0,572.0,571.25,571.25,571.25,600.0,,571.25,,,61,34884.0,3,F1,1,,,,,
2026-07-22,2026-07-22,CM,BSE,STK,543738,INF740KA1RX3,BANKADD,B,,,,,DSP Mutual Fund,58.79,58.92,58.37,58.67,58.67,59.1,,58.42,,,4266,249039.0,7,F1,1,,,,,
2026-07-22,2026-07-22,CM,BSE,STK,543743,INE035801013,AERONEU,B,,,,,Aeroflex Neu Limited,87.55,88.8,85.5,85.5,85.5,88.8,,85.97,,,832,73565.0,6,F1,1,,,,,
2026-07-22,2026-07-22,CM,BSE,STK,543746,INE0BSU01018,LOGICA,M,,,,,LOGICA INFOWAY LIMITED,160.0,160.0,160.0,160.0,160.0,163.9,,160.0,,,6600,1056000.0,11,F1,600,,,,,
2026-07-22,2026-07-22,CM,BSE,STK,543747,INE0BTI01037,KAMOPAINTS,B,,,,,Kamdhenu Ventures Limited,4.55,4.62,4.51,4.54,4.56,4.55,,4.52,,,21624,98382.0,102,F1,1,,,,,
2026-07-22,2026-07-22,CM,BSE,STK,543748,INE0LRU01027,AARTIPHARM,A,,,,,Aarti Pharmalabs Limited,698.3,698.9,670.6,673.35,673.35,704.7,,672.7,,,10790,7395852.0,768,F1,1,,,,,
2026-07-22,2026-07-22,CM,BSE,STK,543765,INE0O4V01010,EARTH,M,,,,,Earthstahl & Alloys Limited,15.0,15.48,15.0,15.48,15.48,15.19,,15.48,,,9000,137880.0,2,F1,3000,,,,,
2026-07-22,2026-07-22,CM,BSE,STK,543766,INE094B01013,ASHIKA,B,,,,,Ashika Credit Capital Ltd.,397.55,400.15,393.45,395.5,397.3,395.4,,396.8,,,53172,21170743.0,453,F1,1,,,,,
2026-07-22,2026-07-22,CM,BSE,STK,543767,INE0EEJ01023,BTML,B,,,,,BODHI TREE MULTIMEDIA LIMITED,6.14,6.14,5.75,5.97,5.97,6.14,,6.0,,,13805,80938.0,50,F1,1,,,,,
2026-07-22,2026-07-22,CM,BSE,STK,543768,INE0NNS01018,NSLNISP,A,,,,,NMDC Steel Limited,42.96,43.21,42.1,42.3,42.3,43.18,,42.25,,,262018,11094306.0,1613,F1,1,,,,,
2026-07-22,2026-07-22,CM,BSE,STK,543769,INE0KN201016,INDONG,M,,,,,INDONG TEA COMPANY LIMITED,9.45,9.9,8.67,9.25,9.25,9.0,,9.25,,,184000,1689280.0,30,F1,4000,,,,,
2026-07-22,2026-07-22,CM,BSE,STK,543774,INF179KC1EZ4,HDFCBSE500,B,,,,,HDFC Mutual Fund,37.42,37.51,37.12,37.49,37.17,37.54,,37.29,,,11919,444747.0,116,F1,1,,,,,
2026-07-22,2026-07-22,CM,BSE,STK,543775,INF179KC1FB2,HDFCSML250,B,,,,,HDFC Mutual Fund,182.03,182.31,179.93,180.23,180.2,182.14,,180.12,,,29365,5300600.0,554,F1,1,,,,,
2026-07-22,2026-07-22,CM,BSE,STK,543776,INF179KC1HT0,HDFCMID150,B,,,,,HDFC Mutual Fund,23.43,23.45,23.21,23.25,23.26,23.43,,23.23,,,69819,1626847.0,493,F1,1,,,,,
2026-07-22,2026-07-22,CM,BSE,STK,543781,INF769K01JP9,GOLDETF,E,,,,,Mirae Asset Mutual Fund,134.86,140.29,134.86,140.11,140.12,138.32,,140.04,,,164441,22981975.0,1282,F1,1,,,,,
2026-07-22,2026-07-22,CM,BSE,STK,543782,INE0O4601016,SEALMATIC,M,,,,,Sealmatic India Limited,390.0,397.8,390.0,390.0,390.0,384.2,,390.0,,,3420,1335267.0,16,F1,180,,,,,
2026-07-22,2026-07-22,CM,BSE,STK,543787,INE0OLH01013,ROBU,M,,,,,Macfos Limited,1175.0,1175.0,1132.05,1150.0,1150.0,1174.0,,1150.0,,,1815,2089923.0,10,F1,165,,,,,
2026-07-22,2026-07-22,CM,BSE,STK,543799,INE0JZS01010,SVJ,M,,,,,S. V. J. Enterprises Limited,190.95,192.05,190.95,191.25,192.05,182.95,,191.25,,,1000,191250.0,4,F1,250,,,,,
2026-07-22,2026-07-22,CM,BSE,STK,543805,INE0NYN01016,RESGEN,M,,,,,RESGEN LIMITED,51.2,51.2,49.71,50.7,50.7,51.79,,50.7,,,20250,1024875.0,10,F1,750,,,,,
2026-07-22,2026-07-22,CM,BSE,STK,543806,INE0O6A01019,ITCONS,M,,,,,ITCONS E-Solutions Limited,254.95,264.7,253.0,263.25,262.7,256.4,,263.25,,,20000,5199420.0,64,F1,200,,,,,
2026-07-22,2026-07-22,CM,BSE,STK,543811,INE645W01026,AIRAN,B,,,,,AIRAN LIMITED,16.49,16.49,15.21,15.25,15.25,15.32,,15.22,,,2089,32232.0,40,F1,1,,,,,
2026-07-22,2026-07-22,CM,BSE,STK,543812,INE753U01022,DIVGIITTS,B,,,,,DIVGI TORQTRANSFER SYSTEMS LIM,922.65,959.0,915.8,951.75,951.75,925.95,,950.25,,,4217,3933288.0,340,F1,1,,,,,
2026-07-22,2026-07-22,CM,BSE,STK,543813,INF209KB18T9,ABSLLIQUID,F,,,,,Aditya Birla Sun Life Mutual F,999.99,999.99,999.99,999.99,999.99,999.99,,999.99,,,60,59999.0,1,F1,1,,,,,
2026-07-22,2026-07-22,CM,BSE,STK,543814,INE0OKG01017,PCL,M,,,,,PROSPECT CONSUMER PRODUCTS LIM,40.51,42.19,38.4,41.23,41.23,48.0,,41.23,,,11000,447640.0,11,F1,1000,,,,,
2026-07-22,2026-07-22,CM,BSE,STK,543819,INF109KC10S8,PSUBNKIETF,B,,,,,ICICI Prudential Mutual Fund,85.87,85.89,84.8,85.15,85.36,86.49,,85.2,,,3608,307595.0,174,F1,1,,,,,
2026-07-22,2026-07-22,CM,BSE,STK,543828,INE00TV01023,SUDARSHAN,MT,,,,,SUDARSHAN PHARMA INDUSTRIES LI,41.01,42.0,40.2,40.2,40.2,42.31,,40.2,,,160000,6485160.0,35,F1,4000,,,,,
2026-07-22,2026-07-22,CM,BSE,STK,543829,INE0JSX01015,GSLSU,B,,,,,Global Surfaces Limited,23.49,25.92,23.46,25.92,25.92,24.69,,25.41,,,40181,1009335.0,89,F1,1,,,,,
2026-07-22,2026-07-22,CM,BSE,STK,543831,INE0OMI01019,BRIGHT,M,,,,,Bright Outdoor Media Limited,370.0,371.0,367.0,367.0,367.0,362.0,,367.0,,,43875,16259493.0,57,F1,375,,,,,
2026-07-22,2026-07-22,CM,BSE,STK,543848,INE0NIJ01025,DEVLAB,M,,,,,Dev Labtech Venture Limited,16.99,16.99,16.99,16.99,16.99,18.55,,16.99,,,12000,203880.0,1,F1,4000,,,,,
2026-07-22,2026-07-22,CM,BSE,STK,543853,INF846K010Q0,SENSEXAXIS,B,,,,,AXIS BSE SENSEX ETF,80.01,80.79,79.15,80.09,80.79,80.46,,79.64,,,130,10406.0,8,F1,1,,,,,
2026-07-22,2026-07-22,CM,BSE,STK,543861,INE0N0Y01013,USK,B,,,,,Udayshivakumar infra limited,22.2,22.48,21.29,22.02,22.0,21.92,,22.09,,,13624,299597.0,42,F1,1,,,,,
2026-07-22,2026-07-22,CM,BSE,STK,543874,INE0O1T01010,MAIDEN,M,,,,,Maiden Forgings Limited,99.0,99.0,93.0,94.95,94.95,93.45,,94.95,,,44000,4192970.0,29,F1,1000,,,,,
2026-07-22,2026-07-22,CM,BSE,STK,543895,INE0O8901016,EXHICON,M,,,,,Exhicon Events Media Solutions,526.0,530.95,520.0,529.5,530.95,533.5,,529.5,,,13250,6983350.0,50,F1,250,,,,,
2026-07-22,2026-07-22,CM,BSE,STK,543896,INE0LCL01028,AVALON,A,,,,,Avalon Technologies Limited,1761.25,1818.0,1736.05,1743.6,1761.4,1742.95,,1743.7,,,39992,70366010.0,1289,F1,1,,,,,
2026-07-22,2026-07-22,CM,BSE,STK,543898,INE0N7W01012,BLAL,B,,,,,BEML Land Assets Limited,178.6,180.4,177.05,177.45,177.05,178.6,,177.92,,,2086,370749.0,29,F1,1,,,,,
2026-07-22,2026-07-22,CM,BSE,STK,543900,INF789F1AYK6,SILVERBETA,E,,,,,UTI Mutual Fund,216.53,216.65,214.92,215.28,215.0,214.38,,215.38,,,10510,2268248.0,545,F1,1,,,,,
2026-07-22,2026-07-22,CM,BSE,STK,543901,INE508K01013,RHL,B,,,,,ROBUST HOTELS LIMITED,170.25,174.85,168.3,170.1,170.1,174.45,,171.14,,,1714,291915.0,36,F1,1,,,,,
2026-07-22,2026-07-22,CM,BSE,STK,543902,INE0NTC01019,RETINA,M,,,,,Retina Paints Limited,38.5,41.9,37.0,40.11,41.9,37.68,,40.11,,,54000,2135680.0,22,F1,2000,,,,,
2026-07-22,2026-07-22,CM,BSE,STK,543903,INF740KA1SW3,GOLDADD,E,,,,,DSP Mutual Fund,139.54,140.23,139.54,140.23,140.23,138.54,,140.18,,,9482,1327183.0,128,F1,1,,,,,
2026-07-22,2026-07-22,CM,BSE,STK,543904,INE634S01028,MANKIND,A,,,,,Mankind Pharma Limited,2574.15,2574.15,2514.2,2544.05,2550.0,2577.75,,2544.7,,,16583,42164674.0,1624,F1,1,,,,,
2026-07-22,2026-07-22,CM,BSE,STK,543910,INE680Z01018,AVG,T,,,,,AVG Logistics Limited,209.8,209.8,200.7,207.05,208.0,200.7,,204.32,,,6099,1271097.0,32,F1,1,,,,,
2026-07-22,2026-07-22,CM,BSE,STK,543911,INE0ALR01029,ATALREAL,B,,,,,Atal Realtech Limited,30.48,30.63,30.16,30.35,30.23,30.39,,30.29,,,253499,7692750.0,156,F1,1,,,,,
2026-07-22,2026-07-22,CM,BSE,STK,543912,INE557Z01018,PIGL,B,,,,,Power & Instrumentation (Gujar,110.0,110.35,108.8,109.2,109.65,110.9,,109.3,,,1865,204141.0,45,F1,1,,,,,
2026-07-22,2026-07-22,CM,BSE,STK,543913,INE0NDH25011,NXST,IF,,,,,Nexus Select Trust,168.39,175.0,164.27,168.17,168.14,167.49,,167.95,,,22039,3717517.0,696,F1,1,,,,,
2026-07-22,2026-07-22,CM,BSE,STK,543914,INE210F01016,SWATIPRO,X,,,,,Swati Projects Limited,30.5,30.78,29.18,30.5,30.5,30.55,,30.5,,,2916,87555.0,43,F1,1,,,,,
2026-07-22,2026-07-22,CM,BSE,STK,543915,INE07S101038,PAVNAIND,B,,,,,Pavna Industries Limited,17.0,17.0,15.4,16.59,16.6,16.67,,16.46,,,21454,339995.0,81,F1,1,,,,,
2026-07-22,2026-07-22,CM,BSE,STK,543916,INE0GYI01028,HSIL,MT,,,,,Hemant Surgical Industries Lim,384.6,392.5,384.6,392.4,392.4,396.65,,392.4,,,2800,1086600.0,7,F1,400,,,,,
2026-07-22,2026-07-22,CM,BSE,STK,543917,INE0A0S01028,SIGMA,B,,,,,SIGMA SOLVE LIMITED,40.9,40.9,37.36,38.56,38.56,38.14,,38.26,,,1908,73563.0,46,F1,1,,,,,
2026-07-22,2026-07-22,CM,BSE,STK,543918,INE0PA801013,GHCLTEXTIL,B,,,,,GHCL Textiles Limited,118.3,119.0,113.11,113.99,114.3,117.13,,114.18,,,38642,4489475.0,579,F1,1,,,,,
2026-07-22,2026-07-22,CM,BSE,STK,543919,INE964W01021,MKPL,B,,,,,M.K.Proteins Limited,4.27,4.27,4.15,4.25,4.25,4.27,,4.24,,,21494,91030.0,60,F1,1,,,,,
2026-07-22,2026-07-22,CM,BSE,STK,543920,INE0NJ001013,CFF,M,,,,,CFF FLUID CONTROL LIMITED,967.0,985.0,955.1,962.6,962.6,966.15,,962.6,,,33200,32176880.0,144,F1,200,,,,,
2026-07-22,2026-07-22,CM,BSE,STK,543921,INE0NXA01015,COMRADE,M,,,,,Comrade Appliances Limited,36.33,37.8,36.33,37.8,37.8,36.0,,37.8,,,12000,446360.0,8,F1,1000,,,,,
2026-07-22,2026-07-22,CM,BSE,STK,543922,INF769K01KG6,SILVERAG,E,,,,,Mirae Asset Mutual Fund,216.01,218.53,216.01,217.09,216.95,215.88,,217.08,,,3459,752477.0,164,F1,1,,,,,
2026-07-22,2026-07-22,CM,BSE,STK,543923,INE0LOJ01019,IKIO,B,,,,,IKIO Technologies Limited,214.95,216.5,209.45,212.95,212.05,215.6,,212.74,,,48479,10304646.0,512,F1,1,,,,,
2026-07-22,2026-07-22,CM,BSE,STK,543924,INE0N5O01013,SONALIS,M,,,,,Sonalis Consumer Products Limi,43.5,44.19,42.98,44.19,44.19,40.25,,44.19,,,16000,697160.0,8,F1,2000,,,,,
2026-07-22,2026-07-22,CM,BSE,STK,543926,INE0OJ401014,BIZOTIC,MT,,,,,Bizotic Commercial Limited,558.6,589.8,558.6,587.4,588.95,588.0,,587.4,,,11600,6779250.0,15,F1,200,,,,,
2026-07-22,2026-07-22,CM,BSE,STK,543927,INE04Z101016,ASIAN,X,,,,,Asian Warehousing Limited,35.65,35.65,35.35,35.35,35.35,34.76,,35.35,,,27,957.0,7,F1,1,,,,,
2026-07-22,2026-07-22,CM,BSE,STK,543928,INE0ORA01015,COSMICCRF,MT,,,,,Cosmic CRF Limited,1260.05,1270.0,1230.5,1236.85,1240.0,1284.0,,1236.85,,,3900,4845770.0,35,F1,100,,,,,
2026-07-22,2026-07-22,CM,BSE,STK,543929,INE0ECP01024,HMAAGRO,B,,,,,HMA Agro Industries Limited,21.75,21.75,21.43,21.52,21.63,21.77,,21.55,,,7581,163469.0,156,F1,1,,,,,
2026-07-22,2026-07-22,CM,BSE,STK,543930,INE568Z01015,URAVIDEF,T,,,,,Uravi Defence and Technology L,117.95,119.0,113.1,113.55,113.45,117.9,,113.74,,,1130,130826.0,48,F1,1,,,,,
2026-07-22,2026-07-22,CM,BSE,STK,543931,INE0Q0M01015,VEEFIN,M,,,,,VEEFIN SOLUTIONS LIMITED,318.05,323.65,302.2,305.15,305.15,322.75,,305.15,,,65400,20215110.0,161,F1,200,,,,,
2026-07-22,2026-07-22,CM,BSE,STK,543932,INE349Y01013,IDEAFORGE,T,,,,,IDEAFORGE TECHNOLOGY LIMITED,845.0,869.7,834.0,863.85,863.85,852.65,,861.8,,,16451,14074019.0,905,F1,1,,,,,
2026-07-22,2026-07-22,CM,BSE,STK,543933,INE055S01018,CYIENTDLM,B,,,,,Cyient DLM Limited,627.9,733.9,624.0,699.2,699.2,622.8,,698.15,,,623355,433090828.0,16375,F1,1,,,,,
2026-07-22,2026-07-22,CM,BSE,STK,543934,INE01BT01015,MACIND,X,,,,,Machhar Industries Limited,346.8,362.8,346.8,362.8,362.8,365.05,,362.8,,,130,46224.0,7,F1,1,,,,,
2026-07-22,2026-07-22,CM,BSE,STK,543935,INF740KA1SX1,ITADD,B,,,,,DSP Mutual Fund,30.61,30.66,30.3,30.52,30.52,30.83,,30.35,,,217,6584.0,11,F1,1,,,,,
2026-07-22,2026-07-22,CM,BSE,STK,543936,INE602W01027,SENCO,A,,,,,Senco Gold Limited,379.25,399.8,377.0,390.8,390.8,377.85,,391.6,,,377071,147624072.0,6978,F1,1,,,,,
2026-07-22,2026-07-22,CM,BSE,STK,543939,INE0P3N01018,KAKA,M,,,,,Kaka Industries Limited,222.0,222.0,222.0,222.0,222.0,224.5,,222.0,,,1000,222000.0,1,F1,500,,,,,
2026-07-22,2026-07-22,CM,BSE,STK,543940,INE758E01017,JIOFIN,A,,,,,Jio Financial Services Limited,239.9,241.3,234.3,234.85,234.85,240.0,,234.8,,,834374,196977975.0,10256,F1,1,,,,,
2026-07-22,2026-07-22,CM,BSE,STK,543941,INE0NEV01011,AHASOLAR,M,,,,,AHASOLAR TECHNOLOGIES LIMITED,81.0,81.0,79.0,79.0,79.0,76.0,,79.0,,,800,64000.0,2,F1,400,,,,,
2026-07-22,2026-07-22,CM,BSE,STK,543942,INE735W01017,UTKARSHBNK,B,,,,,UTKARSH SMALL FINANCE BANK LIM,14.92,14.92,14.37,14.45,14.45,14.92,,14.45,,,368002,5349829.0,761,F1,1,,,,,
2026-07-22,2026-07-22,CM,BSE,STK,543943,INE0DN001027,ASARFI,M,,,,,ASARFI HOSPITAL LIMITED,221.95,222.0,212.0,213.5,215.0,218.65,,213.5,,,19000,4123450.0,19,F1,1000,,,,,
2026-07-22,2026-07-22,CM,BSE,STK,543944,INF769K01KR3,BANKETF,B,,,,,Mirae Asset Mutual Fund,594.95,595.36,580.0,582.97,583.0,591.21,,582.68,,,241,141110.0,14,F1,1,,,,,
2026-07-22,2026-07-22,CM,BSE,STK,543945,INE0NT901020,NETWEB,A,,,,,NETWEB TECHNOLOGIES INDIA LIMI,4290.0,4384.0,4267.5,4287.6,4287.6,4257.35,,4288.6,,,79232,342983981.0,5986,F1,1,,,,,
2026-07-22,2026-07-22,CM,BSE,STK,543946,INF769K01KS1,LIQUID,F,,,,,Mirae Asset Mutual Fund,1000.0,1000.01,1000.0,1000.0,1000.0,1000.0,,999.99,,,37289,37289003.0,40,F1,1,,,,,
2026-07-22,2026-07-22,CM,BSE,STK,543947,INF740KA1SZ6,SENSEXADD,A,,,,,DSP BSE Sensex ETF,79.29,79.38,79.29,79.38,79.38,79.61,,79.27,,,2005,158976.0,3,F1,1,,,,,
2026-07-22,2026-07-22,CM,BSE,STK,543948,INF740KA1SY9,PSUBANKADD,B,,,,,DSP Mutual Fund,85.66,85.82,84.63,85.1,85.06,86.63,,84.94,,,2838,241217.0,94,F1,1,,,,,
2026-07-22,2026-07-22,CM,BSE,STK,543949,INF740KA1TA7,PVTBANKADD,B,,,,,DSP Mutual Fund,28.27,28.27,27.87,27.99,28.04,28.24,,27.93,,,6805,190529.0,26,F1,1,,,,,
2026-07-22,2026-07-22,CM,BSE,STK,543950,INE0JO301016,YATHARTH,A,,,,,YATHARTH HOSPITAL & TRAUMA CAR,857.9,860.9,848.5,851.7,853.45,857.3,,851.3,,,12000,10228358.0,494,F1,1,,,,,
2026-07-22,2026-07-22,CM,BSE,STK,543952,INE342G01023,NIITMTS,B,,,,,NIIT Learning Systems Limited,241.45,241.45,230.65,233.25,230.65,236.7,,233.33,,,12533,2918985.0,394,F1,1,,,,,
2026-07-22,2026-07-22,CM,BSE,STK,543953,INE0OWC01011,KHAZANCHI,M,,,,,Khazanchi Jewellers Limited,654.7,660.0,654.0,658.6,658.6,654.7,,658.6,,,34750,22807050.0,98,F1,250,,,,,
2026-07-22,2026-07-22,CM,BSE,STK,543954,INE0NN701020,ATL,B,,,,,Allcargo Terminals Limited,24.1,24.25,23.06,23.19,23.2,23.86,,23.23,,,3880,90955.0,84,F1,1,,,,,
2026-07-22,2026-07-22,CM,BSE,STK,543955,INE0O3901029,TREL,B,,,,,Transindia Real Estate Limited,24.65,24.65,24.2,24.23,24.23,24.35,,24.68,,,797,19405.0,18,F1,1,,,,,
2026-07-22,2026-07-22,CM,BSE,STK,543956,INF109KC18V5,QUAL30IETF,B,,,,,ICICI Prudential Mutual Fund,21.0,21.01,20.88,20.92,21.0,21.01,,20.91,,,2306,48247.0,31,F1,1,,,,,
2026-07-22,2026-07-22,CM,BSE,STK,543957,INE0LXT01019,REDTAPE,B,,,,,REDTAPE Limited,133.75,133.75,129.25,129.9,129.85,132.4,,129.99,,,22273,2905488.0,377,F1,1,,,,,
2026-07-22,2026-07-22,CM,BSE,STK,543958,INE03HW01020,VLEGOV,T,,,,,VL E-Governance & IT Solutions,10.83,10.83,10.83,10.83,10.83,11.05,,10.83,,,12941,140151.0,61,F1,1,,,,,
2026-07-22,2026-07-22,CM,BSE,STK,543959,INE423Y01016,SBFC,A,,,,,SBFC Finance Limited,94.0,94.06,92.2,92.4,92.42,93.37,,92.34,,,20679,1921898.0,341,F1,1,,,,,
2026-07-22,2026-07-22,CM,BSE,STK,543960,INE338H01029,CONCORDBIO,A,,,,,Concord Biotech Limited,1330.8,1330.8,1275.5,1287.95,1278.1,1328.7,,1283.7,,,4348,5608218.0,329,F1,1,,,,,
2026-07-22,2026-07-22,CM,BSE,STK,543962,INE864X01013,DPWIRES,T,,,,,D.P. WIRES LIMITED,173.15,173.15,169.0,170.0,170.0,174.0,,169.72,,,1866,319210.0,46,F1,1,,,,,
2026-07-22,2026-07-22,CM,BSE,STK,543963,INE013V01011,SHELTER,M,,,,,SHELTER PHARMA LIMITED,27.5,27.5,26.6,26.6,26.6,28.04,,26.6,,,6000,162300.0,2,F1,3000,,,,,
2026-07-22,2026-07-22,CM,BSE,STK,543965,INE395N01027,TVSSCS,B,,,,,TVS Supply Chain Solutions Lim,135.6,136.45,132.55,133.65,133.65,135.35,,133.76,,,40689,5437519.0,610,F1,1,,,,,
2026-07-22,2026-07-22,CM,BSE,STK,543969,INE0MIS01010,PYRAMID,B,,,,,Pyramid Technoplast Limited,161.6,163.65,160.2,160.9,160.9,163.6,,161.21,,,1551,251142.0,93,F1,1,,,,,
2026-07-22,2026-07-22,CM,BSE,STK,543970,INE0OJZ01019,SHOORA,MT,,,,,Shoora Designs Limited,78.54,78.54,78.54,78.54,78.54,82.67,,78.54,,,4500,353430.0,3,F1,1500,,,,,
2026-07-22,2026-07-22,CM,BSE,STK,543971,INE0Q8P01029,BONDADA,M,,,,,Bondada Engineering Limited,322.95,324.0,306.1,308.05,308.05,315.45,,308.05,,,133000,41743750.0,537,F1,200,,,,,
2026-07-22,2026-07-22,CM,BSE,STK,543972,INE024001021,AEROFLEX,B,,,,,Aeroflex Industries Limited,416.0,417.65,402.5,406.7,407.0,413.2,,407.1,,,51387,21053060.0,1035,F1,1,,,,,
2026-07-22,2026-07-22,CM,BSE,STK,543974,INE0AE001013,VPRPL,T,,,,,VISHNU PRAKASH R PUNGLIA LIMIT,26.85,26.85,26.85,26.85,26.85,26.33,,26.89,,,5299,142278.0,7,F1,1,,,,,
2026-07-22,2026-07-22,CM,BSE,STK,543975,INF789F1AYX9,MIDCAPBETA,B,,,,,UTI Mutual Fund,232.0,232.0,232.0,232.0,232.0,232.74,,231.23,,,10,2320.0,1,F1,1,,,,,
2026-07-22,2026-07-22,CM,BSE,STK,543976,INE489B01031,SHRAAITECH,X,,,,,Shradha AI Technologies Limite,25.2,25.2,24.0,24.27,24.27,24.65,,24.27,,,15815,385396.0,149,F1,1,,,,,
2026-07-22,2026-07-22,CM,BSE,STK,543977,INE0N2P01017,RISHABH,B,,,,,Rishabh Instruments Limited,680.0,680.0,638.0,645.75,649.0,650.85,,648.65,,,10315,6671132.0,579,F1,1,,,,,
2026-07-22,2026-07-22,CM,BSE,STK,543978,INE05CZ01011,RATNAVEER,B,,,,,Ratnaveer Precision Engineerin,176.0,176.1,173.5,174.95,174.95,176.6,,175.31,,,19401,3389663.0,289,F1,1,,,,,
2026-07-22,2026-07-22,CM,BSE,STK,543979,INE04T901017,KAHAN,MT,,,,,Kahan Packaging Limited,76.0,76.0,76.0,76.0,76.0,79.99,,76.0,,,1600,121600.0,1,F1,1600,,,,,
2026-07-22,2026-07-22,CM,BSE,STK,543980,INE682M01012,JLHL,A,,,,,Jupiter Life Line Hospitals Li,1579.35,1579.35,1544.5,1562.6,1565.0,1567.0,,1561.0,,,525,819322.0,96,F1,1,,,,,
2026-07-22,2026-07-22,CM,BSE,STK,543981,INE777K01022,RRKABEL,A,,,,,R R KABEL LIMITED,2392.2,2460.0,2377.1,2432.45,2432.45,2346.5,,2432.4,,,82703,200526093.0,6496,F1,1,,,,,
2026-07-22,2026-07-22,CM,BSE,STK,543982,INE0OYE01013,QUESTFLOW,MT,,,,,QUEST FLOW CONTROLS LIMITED,215.85,215.85,211.6,211.6,211.6,215.9,,211.6,,,3400,722010.0,13,F1,200,,,,,
2026-07-22,2026-07-22,CM,BSE,STK,543983,INE0OV601013,EMSLIMITED,B,,,,,EMS LIMITED,418.9,422.75,410.55,415.85,417.6,422.1,,416.75,,,29308,12167967.0,793,F1,1,,,,,
2026-07-22,2026-07-22,CM,BSE,STK,543984,INE08U801020,SAMHI,A,,,,,Samhi Hotels Limited,164.1,165.05,162.45,163.2,164.0,164.65,,163.65,,,27973,4575202.0,527,F1,1,,,,,
2026-07-22,2026-07-22,CM,BSE,STK,543985,INE07K301024,ZAGGLE,A,,,,,ZAGGLE PREPAID OCEAN SERVICES,207.3,208.2,203.0,203.4,203.85,206.35,,203.36,,,35386,7229210.0,800,F1,1,,,,,
2026-07-22,2026-07-22,CM,BSE,STK,543986,INE980Y01015,SOUTHWEST,B,,,,,South West Pinnacle Exploratio,249.0,254.15,237.1,242.8,242.75,249.7,,242.57,,,95743,23211519.0,1545,F1,1,,,,,
2026-07-22,2026-07-22,CM,BSE,STK,543988,INE531F01023,NUVAMA,A,,,,,Nuvama Wealth Management Limit,1895.05,1895.05,1860.7,1881.7,1883.1,1891.25,,1882.4,,,2583,4861994.0,308,F1,1,,,,,
2026-07-22,2026-07-22,CM,BSE,STK,543989,INE438K01021,KALAMANDIR,B,,,,,Sai Silks (Kalamandir) Limited,91.0,91.0,86.4,86.75,86.75,89.9,,86.62,,,73282,6435853.0,941,F1,1,,,,,
2026-07-22,2026-07-22,CM,BSE,STK,543990,INE903U01023,SIGNATURE,A,,,,,SIGNATUREGLOBAL (INDIA) LIMITE,800.0,802.05,780.0,781.15,780.0,798.15,,781.1,,,21814,17119731.0,614,F1,1,,,,,
2026-07-22,2026-07-22,CM,BSE,STK,543991,INE0P4P01011,TECHKGREEN,M,,,,,TECHKNOWGREEN SOLUTIONS LIMITE,157.0,157.0,146.9,154.0,154.0,144.05,,154.0,,,26000,4001920.0,58,F1,400,,,,,
2026-07-22,2026-07-22,CM,BSE,STK,543992,INE0JR601024,YATRA,B,,,,,YATRA ONLINE LIMITED,109.0,109.0,103.95,105.0,105.25,107.8,,105.15,,,110811,11712838.0,2088,F1,1,,,,,
2026-07-22,2026-07-22,CM,BSE,STK,543993,INE372M01010,ARCL,X,,,,,ARCL Organics Ltd,176.0,184.8,176.0,184.8,184.8,176.0,,184.8,,,2036,375745.0,35,F1,1,,,,,
2026-07-22,2026-07-22,CM,BSE,STK,543994,INE880J01026,JSWINFRA,A,,,,,JSW Infrastructure Limited,335.85,342.5,327.0,329.8,329.8,345.05,,330.0,,,377569,126191392.0,9038,F1,1,,,,,
2026-07-22,2026-07-22,CM,BSE,STK,543995,INE0KNT01012,MVGJL,B,,,,,MANOJ VAIBHAV GEMS 'N' JEWELLE,158.45,161.85,154.8,156.35,156.0,159.8,,156.92,,,4766,750409.0,103,F1,1,,,,,
2026-07-22,2026-07-22,CM,BSE,STK,543996,INE851I01011,UDS,B,,,,,Updater Services Limited,202.55,203.25,195.0,196.4,196.5,200.05,,196.15,,,11046,2188735.0,329,F1,1,,,,,
2026-07-22,2026-07-22,CM,BSE,STK,543997,INE0MIO01019,ORGANICREC,M,,,,,ORGANIC RECYCLING SYSTEMS LIMI,230.05,230.6,228.85,229.0,229.05,229.05,,229.0,,,25800,5929680.0,42,F1,600,,,,,
2026-07-22,2026-07-22,CM,BSE,STK,543998,INE0JWS01017,VALIANTLAB,T,,,,,Valiant Laboratories Limited,62.7,63.65,62.7,62.99,63.65,61.13,,62.85,,,13,818.0,2,F1,1,,,,,
2026-07-22,2026-07-22,CM,BSE,STK,543999,INF769K01KT9,SENSEXETF,A,,,,,Mirae Asset Mutual Fund,79.7,79.7,79.05,79.23,79.23,79.95,,79.17,,,2792,221323.0,60,F1,1,,,,,
2026-07-22,2026-07-22,CM,BSE,STK,544001,INE0Q1S01010,SUNITATOOL,MT,,,,,Sunita Tools Limited,920.4,920.4,920.4,920.4,920.4,902.4,,920.4,,,4750,4371900.0,18,F1,125,,,,,
2026-07-22,2026-07-22,CM,BSE,STK,544003,INE0INJ01017,PLAZACABLE,T,,,,,Plaza Wires Limited,41.8,43.5,41.15,42.99,42.99,42.7,,42.3,,,2644,112059.0,30,F1,1,,,,,
2026-07-22,2026-07-22,CM,BSE,STK,544004,INE07U701015,IRMENERGY,B,,,,,IRM ENERGY LIMITED,261.0,261.0,256.0,256.8,256.8,260.75,,256.55,,,3131,806869.0,217,F1,1,,,,,
2026-07-22,2026-07-22,CM,BSE,STK,544006,INF769K01KV5,ITETF,B,,,,,Mirae Asset Mutual Fund,30.45,30.56,30.19,30.23,30.19,30.71,,30.27,,,7590,230700.0,252,F1,1,,,,,
2026-07-22,2026-07-22,CM,BSE,STK,544007,INF769K01KU7,ALPHAETF,B,,,,,Mirae Asset Mutual Fund,26.25,26.25,25.91,25.97,25.98,26.14,,25.93,,,5699,148359.0,232,F1,1,,,,,
2026-07-22,2026-07-22,CM,BSE,STK,544008,INE03EI01018,MAXESTATES,B,,,,,Max Estates Limited,396.55,400.0,386.1,391.85,392.65,399.9,,391.75,,,16910,6655791.0,502,F1,1,,,,,
2026-07-22,2026-07-22,CM,BSE,STK,544009,INE0KBH01020,BLUEJET,A,,,,,Blue Jet Healthcare Limited,582.0,588.4,569.7,584.8,584.8,589.05,,585.4,,,28790,16692042.0,862,F1,1,,,,,
2026-07-22,2026-07-22,CM,BSE,STK,544010,INF200KA13Z8,LIQUIDSBI,F,,,,,SBI Mutual Fund,999.99,999.99,999.99,999.99,999.99,999.99,,1000.0,,,10,9999.0,1,F1,1,,,,,
2026-07-22,2026-07-22,CM,BSE,STK,544011,INE0Q6901013,VPL,M,,,,,Vrundavan Plantation Limited,30.1,31.9,30.1,31.5,31.5,34.5,,31.5,,,4800,148980.0,4,F1,1200,,,,,
2026-07-22,2026-07-22,CM,BSE,STK,544012,INE0LMW01024,CELLO,A,,,,,Cello World Limited,360.0,361.0,347.6,349.5,350.9,360.35,,349.15,,,15342,5410371.0,873,F1,1,,,,,
2026-07-22,2026-07-22,CM,BSE,STK,544014,INE0J5401028,HONASA,A,,,,,Honasa Consumer Limited,451.05,461.2,451.05,456.7,457.0,449.65,,456.65,,,28953,13181697.0,849,F1,1,,,,,
2026-07-22,2026-07-22,CM,BSE,STK,544020,INE818W01011,ESAFSFB,B,,,,,ESAF Small Finance Bank Ltd,36.25,37.37,35.12,35.57,35.4,36.21,,35.7,,,128536,4628747.0,614,F1,1,,,,,
2026-07-22,2026-07-22,CM,BSE,STK,544021,INE004A01022,PROTEAN,A,,,,,Protean eGov Technologies Limi,591.65,591.65,581.5,584.9,582.05,596.4,,584.5,,,7843,4594288.0,556,F1,1,,,,,
2026-07-22,2026-07-22,CM,BSE,STK,544022,INE491J01022,ASKAUTOLTD,B,,,,,ASK Automotive Limited,485.05,498.0,482.0,485.6,488.0,484.75,,485.3,,,10429,5110470.0,574,F1,1,,,,,
2026-07-22,2026-07-22,CM,BSE,STK,544023,INE0N6U01018,KALYANI,MT,,,,,Kalyani Cast-Tech Limited,740.3,742.1,723.6,729.25,729.85,760.45,,729.25,,,9250,6797500.0,34,F1,250,,,,,
2026-07-22,2026-07-22,CM,BSE,STK,544026,INE202E01016,IREDA,A,,,,,Indian Renewable Energy Develo,121.15,121.3,119.45,119.7,119.7,121.15,,119.68,,,367511,44107917.0,4701,F1,1,,,,,
2026-07-22,2026-07-22,CM,BSE,STK,544027,INE007N01010,FEDFINA,B,,,,,Fedbank Financial Services Lim,159.85,160.85,153.85,154.75,155.0,157.8,,154.61,,,94377,14745073.0,999,F1,1,,,,,
2026-07-22,2026-07-22,CM,BSE,STK,544028,INE142M01025,TATATECH,A,,,,,Tata Technologies Limited,734.7,734.7,711.2,712.55,712.05,728.55,,712.45,,,39540,28379074.0,1608,F1,1,,,,,
2026-07-22,2026-07-22,CM,BSE,STK,544029,INE717W01049,GANDHAR,B,,,,,Gandhar Oil Refinery (India) L,229.0,245.0,228.65,236.55,236.55,227.35,,236.21,,,389604,92131545.0,9038,F1,1,,,,,
2026-07-22,2026-07-22,CM,BSE,STK,544030,INE00Y201027,FLAIR,B,,,,,Flair Writing Industries Limit,247.95,251.1,247.0,249.6,249.5,249.2,,249.65,,,10220,2551701.0,333,F1,1,,,,,
2026-07-22,2026-07-22,CM,BSE,STK,544035,INE0RDR01012,SPL,M,,,,,Swashthik Plascon Limited,23.75,23.75,23.1,23.5,23.5,23.75,,23.5,,,6400,149520.0,4,F1,1600,,,,,
2026-07-22,2026-07-22,CM,BSE,STK,544036,INE0RDM01013,DEEPAKCHEM,M,,,,,DEEPAK CHEMTEX LIMITED,75.21,77.49,75.21,77.49,77.49,74.76,,77.49,,,4000,303280.0,4,F1,800,,,,,
2026-07-22,2026-07-22,CM,BSE,STK,544037,INE0P9J01013,AMIC,M,,,,,Amic Forging Limited,1745.0,1767.9,1700.0,1706.45,1702.0,1744.7,,1706.45,,,27700,47896230.0,170,F1,100,,,,,
2026-07-22,2026-07-22,CM,BSE,STK,544042,INE0KQN01018,BAJEL,B,,,,,Bajel Projects Limited,177.05,191.0,173.2,185.25,183.0,177.1,,184.59,,,69198,12700822.0,1112,F1,1,,,,,
2026-07-22,2026-07-22,CM,BSE,STK,544043,INF251K01SU9,BBNPPGOLD,E,,,,,BARODA BNP PARIBAS MUTUAL FUND,140.45,140.45,138.05,139.1,139.1,137.7,,140.0,,,1103,152889.0,23,F1,1,,,,,
2026-07-22,2026-07-22,CM,BSE,STK,544044,INE922K01024,INDIASHLTR,A,,,,,India Shelter Finance Corporat,806.4,808.15,764.0,770.55,772.75,816.45,,770.55,,,10829,8448833.0,853,F1,1,,,,,
2026-07-22,2026-07-22,CM,BSE,STK,544045,INE321T01012,DOMS,A,,,,,DOMS Industries Limited,2270.0,2285.0,2242.9,2268.3,2267.95,2270.9,,2266.9,,,2663,6040029.0,240,F1,1,,,,,
2026-07-22,2026-07-22,CM,BSE,STK,544046,INE616N01034,INOXINDIA,A,,,,,INOX India Limited,2100.0,2117.3,2026.5,2041.9,2035.0,2090.1,,2042.2,,,13078,27229668.0,930,F1,1,,,,,
2026-07-22,2026-07-22,CM,BSE,STK,544047,INE0QSK01017,SIYARAM,MT,,,,,Siyaram Recycling Industries L,39.81,39.81,38.12,39.6,39.6,39.81,,39.6,,,27000,1054995.0,17,F1,1500,,,,,
2026-07-22,2026-07-22,CM,BSE,STK,544053,INE0FRK01020,MOTISONS,B,,,,,Motisons Jewellers Limited,13.73,13.85,13.29,13.53,13.53,13.73,,13.47,,,1053456,14352262.0,582,F1,1,,,,,
2026-07-22,2026-07-22,CM,BSE,STK,544054,INE843S01025,SURAJEST,B,,,,,Suraj Estate Developers Limite,198.3,198.3,192.75,195.5,196.35,196.0,,194.37,,,3366,653267.0,57,F1,1,,,,,
2026-07-22,2026-07-22,CM,BSE,STK,544055,INE046W01019,MUTHOOTMF,B,,,,,Muthoot Microfin Limited,256.75,256.75,246.45,250.2,251.05,254.15,,250.24,,,37338,9354239.0,601,F1,1,,,,,
2026-07-22,2026-07-22,CM,BSE,STK,544057,INE330T01021,HAPPYFORGE,B,,,,,Happy Forgings Limited,1621.0,1621.0,1577.75,1591.75,1598.35,1613.7,,1591.3,,,7540,11961676.0,671,F1,1,,,,,
2026-07-22,2026-07-22,CM,BSE,STK,544058,INE220Q01020,MUFTI,B,,,,,Credo Brands Marketing Limited,84.98,84.98,83.11,83.47,84.26,85.47,,83.62,,,4609,385198.0,96,F1,1,,,,,
2026-07-22,2026-07-22,CM,BSE,STK,544059,INE0QZQ01019,SHANTIDENM,M,,,,,SHANTI SPINTEX LIMITED,40.0,41.5,40.0,41.5,41.5,40.0,,41.5,,,6000,243000.0,3,F1,2000,,,,,
2026-07-22,2026-07-22,CM,BSE,STK,544060,INE0PEQ01016,RBZJEWEL,B,,,,,RBZ Jewellers Limited,148.0,151.9,146.4,146.45,146.9,145.5,,146.59,,,4095,612601.0,127,F1,1,,,,,
2026-07-22,2026-07-22,CM,BSE,STK,544061,INE02IJ01035,AZAD,A,,,,,Azad Engineering Limited,2382.6,2403.75,2305.15,2327.1,2330.0,2379.15,,2326.7,,,34230,80097616.0,2344,F1,1,,,,,
2026-07-22,2026-07-22,CM,BSE,STK,544066,INE0Q3R01026,SUNCLAY,B,,,,,SUNDARAM-CLAYTON LIMITED,1353.7,1363.7,1337.4,1359.8,1360.0,1353.7,,1355.5,,,244,330168.0,97,F1,1,,,,,
2026-07-22,2026-07-22,CM,BSE,STK,544067,INE0DUT01020,INNOVACAP,B,,,,,INNOVA CAPTAB LIMITED,989.75,989.75,968.0,974.65,973.05,979.4,,974.1,,,1091,1065723.0,108,F1,1,,,,,
2026-07-22,2026-07-22,CM,BSE,STK,544072,INE0QFT01015,AIKPIPES,M,,,,,AIK Pipes and Polymers Limited,21.85,22.06,21.85,22.06,22.06,21.01,,22.06,,,1600,35128.0,2,F1,800,,,,,
2026-07-22,2026-07-22,CM,BSE,STK,544073,INE0A6N01026,MCPL,MT,,,,,Manoj Ceramic Limited,80.0,80.0,78.85,78.85,78.85,83.0,,78.85,,,5000,395400.0,5,F1,1000,,,,,
2026-07-22,2026-07-22,CM,BSE,STK,544074,INE0RNZ01014,SBVCL,MT,,,,,Shri Balaji Valve Components L,105.85,105.85,105.85,105.85,105.85,106.0,,105.85,,,1200,127020.0,2,F1,600,,,,,
2026-07-22,2026-07-22,CM,BSE,STK,544079,INE0PSC01024,DIGIDRIVE,B,,,,,DIGIDRIVE DISTRIBUTORS LIMITED,18.44,18.78,17.71,18.07,18.07,18.43,,18.04,,,4665,83825.0,58,F1,1,,,,,
2026-07-22,2026-07-22,CM,BSE,STK,544081,INE980O01024,JYOTICNC,A,,,,,Jyoti CNC Automation Limited,800.2,813.8,787.1,790.75,795.0,802.95,,790.85,,,58835,46915449.0,1937,F1,1,,,,,
2026-07-22,2026-07-22,CM,BSE,STK,544082,INE0GEN01012,SWANAGRO,M,,,,,New Swan Multitech Limited,42.8,42.8,42.8,42.8,42.8,44.6,,42.8,,,4000,171200.0,2,F1,2000,,,,,
2026-07-22,2026-07-22,CM,BSE,STK,544083,INE0QIS01011,SHREE,M,,,,,Shree Marutinandan Tubes Limit,52.0,52.0,52.0,52.0,52.0,52.0,,52.0,,,1500,78000.0,3,F1,500,,,,,
2026-07-22,2026-07-22,CM,BSE,STK,544088,INE456Z01021,MEDIASSIST,A,,,,,Medi Assist Healthcare Service,356.3,357.0,346.45,347.25,347.5,357.15,,348.1,,,3977,1391930.0,241,F1,1,,,,,
2026-07-22,2026-07-22,CM,BSE,STK,544089,INF0R8F01034,LIQUIDCASE,F,,,,,Zerodha Mutual Fund,115.1,115.12,115.1,115.1,115.1,115.11,,115.11,,,751532,86506909.0,537,F1,1,,,,,
2026-07-22,2026-07-22,CM,BSE,STK,544090,INE07G501017,SHPLPUNE,X,,,,,Sayaji Hotels (Pune) Limited,839.3,839.3,820.0,830.0,830.0,838.4,,830.0,,,8,6652.0,8,F1,1,,,,,
2026-07-22,2026-07-22,CM,BSE,STK,544091,INE0Q1R01012,QLL,M,,,,,Qualitek Labs Limited,449.0,453.0,449.0,452.5,453.0,478.0,,452.5,,,1600,721600.0,4,F1,400,,,,,
2026-07-22,2026-07-22,CM,BSE,STK,544092,INF0QA701722,NIFTYBETF,B,,,,,Bajaj Finserv Mutual Fund,249.34,249.34,246.25,247.3,247.28,249.34,,246.25,,,91,22513.0,14,F1,1,,,,,
2026-07-22,2026-07-22,CM,BSE,STK,544093,INF0QA701714,BANKBETF,B,,,,,Bajaj Finserv Mutual Fund,58.89,58.89,57.78,58.2,58.18,58.93,,58.09,,,615,35807.0,34,F1,1,,,,,
2026-07-22,2026-07-22,CM,BSE,STK,544095,INE0G5901015,EPACK,B,,,,,EPACK Durable Limited,240.75,240.75,233.15,235.4,234.95,238.0,,234.73,,,12855,3022679.0,351,F1,1,,,,,
2026-07-22,2026-07-22,CM,BSE,STK,544100,INE02H701025,NOVAAGRI,T,,,,,Nova Agritech Limited,22.56,23.4,22.55,22.82,22.8,22.55,,22.84,,,2350,53436.0,20,F1,1,,,,,
2026-07-22,2026-07-22,CM,BSE,STK,544102,INF789F1AZD8,ITBETA,B,,,,,UTI Mutual Fund,301.59,301.59,301.59,301.59,301.59,306.1,,300.07,,,5,1507.0,1,F1,1,,,,,
2026-07-22,2026-07-22,CM,BSE,STK,544104,INF789F1AZF3,GILT10BETA,F,,,,,UTI Mutual Fund,26.87,26.87,26.87,26.87,26.87,26.99,,26.79,,,101,2713.0,2,F1,1,,,,,
2026-07-22,2026-07-22,CM,BSE,STK,544105,INE0OLZ01015,HARSHDEEP,M,,,,,HARSHDEEP HORTICO LIMITED,80.12,88.2,80.12,85.51,85.51,80.7,,85.51,,,18000,1532565.0,10,F1,1500,,,,,
2026-07-22,2026-07-22,CM,BSE,STK,544106,INE0R5Z01015,MCFL,MT,,,,,Mayank Cattle Food Limited,211.0,211.0,210.0,210.25,210.0,211.0,,210.25,,,2400,504600.0,3,F1,600,,,,,
2026-07-22,2026-07-22,CM,BSE,STK,544107,INE0NLT01010,BLSE,B,,,,,BLS E-Services Limited,266.3,269.8,259.0,260.05,259.0,268.55,,260.09,,,16151,4284731.0,356,F1,1,,,,,
2026-07-22,2026-07-22,CM,BSE,STK,544108,INE0QZF01012,GPSL,M,,,,,Gabriel Pet Straps Limited,99.0,100.25,98.2,99.55,98.2,102.65,,99.55,,,3000,298020.0,5,F1,600,,,,,
2026-07-22,2026-07-22,CM,BSE,STK,544109,INF740KA1ZG1,HEALTHADD,B,,,,,DSP Mutual Fund,16.58,16.58,16.44,16.57,16.57,16.76,,16.53,,,205,3391.0,8,F1,1,,,,,
2026-07-22,2026-07-22,CM,BSE,STK,544110,INF179KC1HW4,HDFCPSUBK,B,,,,,HDFC Mutual Fund,85.67,85.8,84.86,85.07,85.09,86.22,,84.95,,,1291,109892.0,125,F1,1,,,,,
2026-07-22,2026-07-22,CM,BSE,STK,544111,INE988S01028,PARKHOTELS,B,,,,,Apeejay Surrendra Park Hotels,128.1,129.6,126.05,126.95,127.9,128.2,,127.18,,,4829,612537.0,168,F1,1,,,,,
2026-07-22,2026-07-22,CM,BSE,STK,544112,INE0QXV01014,JGTL,X,,,,,JASCH GAUGING TECHNOLOGIES LIM,481.35,487.95,481.0,485.5,483.0,481.3,,485.5,,,681,327731.0,12,F1,1,,,,,
2026-07-22,2026-07-22,CM,BSE,STK,544117,INE0KGZ01021,SIGNPOST,B,,,,,Signpost India Limited,305.05,305.05,290.85,294.45,292.8,305.55,,292.5,,,11888,3522157.0,651,F1,1,,,,,
2026-07-22,2026-07-22,CM,BSE,STK,544118,INE953L01027,JSFB,A,,,,,JANA SMALL FINANCE BANK LIMITE,560.05,564.5,544.6,551.9,551.9,561.6,,552.25,,,40280,22334648.0,885,F1,1,,,,,
2026-07-22,2026-07-22,CM,BSE,STK,544119,INE0J1F01024,RPTECH,B,,,,,Rashi Peripherals Limited,744.55,750.0,740.3,744.85,742.1,744.2,,744.95,,,6360,4735942.0,364,F1,1,,,,,
2026-07-22,2026-07-22,CM,BSE,STK,544120,INE646H01017,CAPITALSFB,B,,,,,Capital Small Finance Bank Ltd,301.45,302.35,296.8,301.0,301.05,304.3,,300.7,,,1440,430773.0,53,F1,1,,,,,
2026-07-22,2026-07-22,CM,BSE,STK,544121,INE0OYK01010,RUDRAGAS,M,,,,,Rudra Gas Enterprise Limited,72.0,72.0,69.31,71.25,71.25,74.2,,71.25,,,18000,1277520.0,18,F1,1000,,,,,
2026-07-22,2026-07-22,CM,BSE,STK,544122,INE010601016,ENTERO,B,,,,,Entero Healthcare Solutions Li,1220.0,1245.15,1195.95,1238.4,1240.0,1215.4,,1239.3,,,2803,3407019.0,269,F1,1,,,,,
2026-07-22,2026-07-22,CM,BSE,STK,544123,INF767K01RN1,LICNMID100,B,,,,,LIC Mutual Fund,63.11,63.13,62.57,62.88,62.88,63.4,,62.81,,,284,17809.0,6,F1,1,,,,,
2026-07-22,2026-07-22,CM,BSE,STK,544124,INE0QTF01015,VSTL,B,,,,,VIBHOR STEEL TUBES LIMITED,111.5,111.95,110.8,110.85,110.8,110.95,,111.09,,,149,16582.0,12,F1,1,,,,,
2026-07-22,2026-07-22,CM,BSE,STK,544129,INE696F01016,JUNIPER,B,,,,,Juniper Hotels Limited,196.9,196.9,191.9,192.7,192.8,196.95,,192.41,,,3456,671017.0,194,F1,1,,,,,
2026-07-22,2026-07-22,CM,BSE,STK,544130,INF769K01LC3,SMALLCAP,B,,,,,Mirae Asset Mutual Fund,47.84,47.84,47.26,47.29,47.26,47.72,,47.27,,,34551,1637690.0,245,F1,1,,,,,
2026-07-22,2026-07-22,CM,BSE,STK,544131,INE486R01017,GPTHEALTH,B,,,,,GPT Healthcare Limited,151.1,155.9,149.85,155.15,155.9,151.1,,155.37,,,6447,990642.0,295,F1,1,,,,,
2026-07-22,2026-07-22,CM,BSE,STK,544132,INF0R8F01042,GOLDCASE,E,,,,,Zerodha Mutual Fund,22.45,22.9,22.45,22.68,22.68,22.45,,22.7,,,388938,8817824.0,1109,F1,1,,,,,
2026-07-22,2026-07-22,CM,BSE,STK,544133,INE777F01014,EXICOM,B,,,,,EXICOM TELE-SYSTEMS LIMITED,176.25,178.75,165.65,168.35,168.35,177.3,,169.2,,,371718,64666663.0,2600,F1,1,,,,,
2026-07-22,2026-07-22,CM,BSE,STK,544134,INE0PT501018,PLATIND,B,,,,,Platinum Industries Limited,231.55,232.85,226.9,228.4,229.0,231.35,,228.77,,,4480,1027173.0,150,F1,1,,,,,
2026-07-22,2026-07-22,CM,BSE,STK,544135,INE0CG401037,MUKKA,B,,,,,Mukka Proteins Limited,23.13,23.6,22.75,23.02,23.02,23.26,,23.0,,,23497,540877.0,175,F1,1,,,,,
2026-07-22,2026-07-22,CM,BSE,STK,544136,INE0NQ801033,RKSWAMY,B,,,,,R K Swamy Limited,101.2,101.5,99.0,99.7,100.2,102.05,,99.55,,,425,42423.0,30,F1,1,,,,,
2026-07-22,2026-07-22,CM,BSE,STK,544137,INE0NHL23019,INDUSINVIT,IF,,,,,Indus Infra Trust,131.44,131.44,129.26,130.67,130.7,130.23,,130.49,,,3857,503471.0,184,F1,1,,,,,
2026-07-22,2026-07-22,CM,BSE,STK,544138,INE0MB501011,JGCHEM,B,,,,,J.G.Chemicals Limited,495.05,501.85,482.4,484.55,482.7,493.6,,484.45,,,14278,7010260.0,458,F1,1,,,,,
2026-07-22,2026-07-22,CM,BSE,STK,544140,INE0L9R01028,GOPAL,B,,,,,Gopal Snacks Limited,264.95,264.95,259.0,259.85,259.95,260.15,,259.7,,,17135,4447709.0,500,F1,1,,,,,
2026-07-22,2026-07-22,CM,BSE,STK,544141,INE510U01018,PESB,MT,,,,,Pune E - Stock Broking Limited,261.0,261.0,253.0,256.0,256.0,261.85,,256.0,,,10400,2667200.0,13,F1,800,,,,,
2026-07-22,2026-07-22,CM,BSE,STK,544142,INE0PB301013,SCILAL,B,,,,,Shipping Corporation of India,42.39,42.39,41.21,41.91,41.91,41.88,,42.0,,,8267,343700.0,96,F1,1,,,,,
2026-07-22,2026-07-22,CM,BSE,STK,544143,INE0QQG01019,ROYAL,M,,,,,Royal Sense Limited,108.0,114.78,108.0,113.5,113.5,106.99,,113.5,,,13500,1485250.0,20,F1,500,,,,,
2026-07-22,2026-07-22,CM,BSE,STK,544144,INE772T01024,PVSL,B,,,,,Popular Vehicles and Services,104.26,106.0,100.94,105.36,105.5,103.58,,105.42,,,2050,212879.0,150,F1,1,,,,,
2026-07-22,2026-07-22,CM,BSE,STK,544149,INE0QN801017,KRYSTAL,B,,,,,KRYSTAL INTEGRATED SERVICES LI,600.0,600.0,600.0,600.0,600.0,600.0,,600.05,,,123,73800.0,4,F1,1,,,,,
2026-07-22,2026-07-22,CM,BSE,STK,544150,INE0QVH01025,KPGEL,M,,,,,KP GREEN ENGINEERING LIMITED,343.0,345.0,339.15,340.55,339.75,343.45,,340.55,,,25000,8533775.0,83,F1,250,,,,,
2026-07-22,2026-07-22,CM,BSE,STK,544151,INE0AH901011,CHATHA,M,,,,,CHATHA FOODS LIMITED,95.5,95.5,86.9,88.49,88.49,94.61,,88.49,,,76000,6724800.0,71,F1,1000,,,,,
2026-07-22,2026-07-22,CM,BSE,STK,544157,INE0OMZ01013,VRUDDHI,M,,,,,Vruddhi Engineering Works Limi,227.0,227.0,227.0,227.0,227.0,240.0,,227.0,,,500,113500.0,1,F1,500,,,,,
2026-07-22,2026-07-22,CM,BSE,STK,544158,INE0R6Z01013,SRM,B,,,,,SRM CONTRACTORS LIMITED,514.55,519.65,502.7,510.65,508.4,512.8,,510.3,,,6499,3303274.0,282,F1,1,,,,,
2026-07-22,2026-07-22,CM,BSE,STK,544159,INF740KA1UM0,LIQUIDADD,F,,,,,DSP BSE Liquid Rate ETF,1136.75,1136.77,1136.75,1136.75,1136.77,1136.59,,1136.75,,,15768,17924318.0,18,F1,1,,,,,
2026-07-22,2026-07-22,CM,BSE,STK,544160,INE0MSS01019,JAYKAILASH,MT,,,,,Jay Kailash Namkeen Limited,33.37,33.37,33.37,33.37,33.37,31.79,,33.37,,,1600,53392.0,1,F1,1600,,,,,
2026-07-22,2026-07-22,CM,BSE,STK,544161,INE266Y01019,DPABHUSHAN,B,,,,,D P ABHUSHAN LIMITED,1472.0,1495.4,1380.0,1384.8,1381.35,1468.75,,1386.0,,,4710,6755327.0,362,F1,1,,,,,
2026-07-22,2026-07-22,CM,BSE,STK,544162,INE343G01021,BHARTIHEXA,A,,,,,Bharti Hexacom Limited,1659.35,1659.35,1625.5,1636.15,1636.9,1647.6,,1635.2,,,1923,3153048.0,178,F1,1,,,,,
2026-07-22,2026-07-22,CM,BSE,STK,544163,INE0S0701019,GVL,M,,,,,Greenhitech Ventures Limited,40.82,42.82,40.82,42.82,42.82,44.5,,42.82,,,3000,124460.0,3,F1,1000,,,,,
2026-07-22,2026-07-22,CM,BSE,STK,544164,INE0Q9W01015,FAALCON,M,,,,,Faalcon Concepts Limited,39.5,39.5,39.5,39.5,39.5,39.5,,39.5,,,2000,79000.0,1,F1,2000,,,,,
2026-07-22,2026-07-22,CM,BSE,STK,544165,INE0SGR01013,SHIVAM,M,,,,,SHIVAM CHEMICALS LIMITED,97.25,100.0,97.25,100.0,100.0,100.15,,100.0,,,3000,295875.0,2,F1,1500,,,,,
2026-07-22,2026-07-22,CM,BSE,STK,544166,INE0SDC01012,EMMFORCE,MT,,,,,EMMFORCE AUTOTECH LIMITED,168.1,172.0,168.1,172.0,172.0,168.1,,172.0,,,7200,1232400.0,6,F1,1200,,,,,
2026-07-22,2026-07-22,CM,BSE,STK,544167,INE0OAF01028,JNKINDIA,B,,,,,JNK India Limited,485.15,485.15,470.2,474.1,472.95,480.35,,473.75,,,16773,7952535.0,433,F1,1,,,,,
2026-07-22,2026-07-22,CM,BSE,STK,544170,INE0QXT01018,DKUAL,M,,,,,Dolphin Kitchen Utensils and A,7.6,7.81,7.6,7.69,7.69,7.74,,7.69,,,16000,123620.0,8,F1,2000,,,,,
2026-07-22,2026-07-22,CM,BSE,STK,544171,INE0RGM01016,STAL,M,,,,,Storage Technologies and Autom,38.5,38.5,36.6,36.6,36.6,38.5,,36.6,,,65600,2428080.0,5,F1,800,,,,,
2026-07-22,2026-07-22,CM,BSE,STK,544172,INE065X01017,INDGN,A,,,,,Indegene Limited,508.0,508.75,491.65,493.75,493.3,507.95,,493.4,,,15410,7625747.0,704,F1,1,,,,,
2026-07-22,2026-07-22,CM,BSE,STK,544173,INE0QOQ01013,FTL,MT,,,,,Finelistings Technologies Limi,11.01,11.52,11.01,11.2,11.2,10.98,,11.2,,,5000,56730.0,5,F1,1000,,,,,
2026-07-22,2026-07-22,CM,BSE,STK,544174,INE673O01025,TBOTEK,A,,,,,TBO TEK LIMITED,1456.05,1474.2,1451.0,1468.15,1474.2,1464.15,,1469.1,,,2749,4009445.0,207,F1,1,,,,,
2026-07-22,2026-07-22,CM,BSE,STK,544175,INE0SMU01015,TGIF,M,,,,,TGIF AGRIBUSINESS LIMITED,99.0,99.0,99.0,99.0,99.0,93.9,,99.0,,,1200,118800.0,1,F1,1200,,,,,
2026-07-22,2026-07-22,CM,BSE,STK,544176,INE883F01010,AADHARHFC,A,,,,,Aadhar Housing Finance Limited,511.6,513.65,504.3,509.55,511.1,513.9,,510.2,,,31969,16228052.0,1208,F1,1,,,,,
2026-07-22,2026-07-22,CM,BSE,STK,544177,INE0SCB01016,AZTEC,M,,,,,Aztec Fluids & Machinery Limit,98.9,99.0,93.95,94.45,93.95,100.25,,94.45,,,97000,9279200.0,88,F1,1000,,,,,
2026-07-22,2026-07-22,CM,BSE,STK,544179,INE03JT01014,GODIGIT,A,,,,,Go Digit General Insurance Lim,286.5,287.0,279.45,283.2,283.0,285.3,,283.0,,,34155,9659776.0,723,F1,1,,,,,
2026-07-22,2026-07-22,CM,BSE,STK,544180,INF769K01LJ8,MIDSMALL,B,,,,,Mirae Asset Mutual Fund,51.07,51.1,50.5,50.64,50.61,51.07,,50.62,,,11228,569041.0,291,F1,1,,,,,
2026-07-22,2026-07-22,CM,BSE,STK,544181,INE108V01019,AWFIS,A,,,,,Awfis Space Solutions Limited,287.1,288.75,282.4,283.95,284.95,289.8,,284.1,,,6592,1878604.0,564,F1,1,,,,,
2026-07-22,2026-07-22,CM,BSE,STK,544182,INF0QA701854,LIQUIDBETF,F,,,,,Bajaj Finserv Mutual Fund,1091.24,1091.24,1091.24,1091.24,1091.24,1091.1,,1091.25,,,25,27281.0,1,F1,1,,,,,
2026-07-22,2026-07-22,CM,BSE,STK,544184,INE02L001032,BOROSCI,B,,,,,Borosil Scientific Limited,159.9,162.0,155.7,156.55,156.2,161.1,,156.98,,,4715,741032.0,150,F1,1,,,,,
2026-07-22,2026-07-22,CM,BSE,STK,544185,INE257C01014,ADTECH,X,,,,,ADTECH SYSTEMS LIMITED,55.5,55.6,54.0,54.91,55.5,55.09,,54.91,,,3603,198398.0,52,F1,1,,,,,
2026-07-22,2026-07-22,CM,BSE,STK,544186,INE0TT901016,TOTEM,X,,,,,Forbes Precision Tools and Mac,146.45,146.5,140.0,140.9,142.0,146.5,,140.9,,,18702,2666394.0,296,F1,1,,,,,
2026-07-22,2026-07-22,CM,BSE,STK,544187,INE0ATZ01017,KRONOX,B,,,,,KRONOX LAB SCIENCES LIMITED,151.25,151.25,148.0,149.05,148.0,152.0,,148.85,,,3026,452473.0,126,F1,1,,,,,
2026-07-22,2026-07-22,CM,BSE,STK,544189,INE0QUV01010,SATTRIX,M,,,,,SATTRIX INFORMATION SECURITY L,374.95,374.95,371.2,373.0,373.0,372.0,,373.0,,,2000,746075.0,4,F1,500,,,,,
2026-07-22,2026-07-22,CM,BSE,STK,544190,INE0R7D01018,3CIT,M,,,,,3C IT Solutions and Telecoms (,18.5,18.73,18.5,18.73,18.73,17.6,,18.73,,,4000,74460.0,2,F1,2000,,,,,
2026-07-22,2026-07-22,CM,BSE,STK,544191,INE0CYK01015,PURPLEFIN,X,,,,,Purple Finance Limited,78.5,78.5,74.1,76.51,76.81,73.99,,76.51,,,249682,19145574.0,577,F1,1,,,,,
2026-07-22,2026-07-22,CM,BSE,STK,544192,INE0HV901016,IXIGO,A,,,,,Le Travenues Technology Limite,194.0,194.0,184.9,191.45,192.3,195.35,,191.37,,,41947,7929148.0,1057,F1,1,,,,,
2026-07-22,2026-07-22,CM,BSE,STK,544193,INF0R8F01059,MID150CASE,B,,,,,Zerodha Mutual Fund,11.65,11.7,11.51,11.54,11.54,11.65,,11.54,,,57689,666843.0,320,F1,1,,,,,
2026-07-22,2026-07-22,CM,BSE,STK,544194,INF0R8F01067,TOP100CASE,B,,,,,Zerodha Mutual Fund,10.61,10.61,10.45,10.51,10.51,10.61,,10.53,,,36739,387153.0,197,F1,1,,,,,
2026-07-22,2026-07-22,CM,BSE,STK,544197,INE03DD01011,RETAIL,B,,,,,JHS SVENDGAARD RETAIL VENTURES,17.07,18.8,16.85,16.93,16.93,17.07,,17.03,,,3798,65428.0,26,F1,1,,,,,
2026-07-22,2026-07-22,CM,BSE,STK,544198,INE841L01016,DEEDEV,T,,,,,DEE DEVELOPMENT ENGINEERS LIMI,689.0,689.0,654.0,661.25,669.9,675.15,,666.85,,,3236,2158816.0,134,F1,1,,,,,
2026-07-22,2026-07-22,CM,BSE,STK,544199,INE0RUJ01013,GEMENVIRO,M,,,,,GEM Enviro Management Limited,37.94,38.2,37.94,38.15,38.2,36.28,,38.15,,,11200,425520.0,9,F1,800,,,,,
2026-07-22,2026-07-22,CM,BSE,STK,544200,INE916Y01027,AFIL,B,,,,,Akme Fintrade (India) Limited,9.79,9.82,9.23,9.47,9.4,9.66,,9.41,,,96117,915253.0,353,F1,1,,,,,
2026-07-22,2026-07-22,CM,BSE,STK,544201,INE0S6R01027,DFPL,MT,,,,,DINDIGUL FARM PRODUCT LIMITED,13.61,14.92,13.61,14.92,14.92,14.21,,14.92,,,26000,380480.0,9,F1,2000,,,,,
2026-07-22,2026-07-22,CM,BSE,STK,544202,INE01A001028,STANLEY,B,,,,,STANLEY LIFESTYLES LIMITED,155.1,155.65,154.25,154.6,154.5,156.55,,154.98,,,1637,253316.0,95,F1,1,,,,,
2026-07-22,2026-07-22,CM,BSE,STK,544203,INE552Z01027,ABDL,A,,,,,Allied Blenders and Distillers,612.45,628.5,612.45,616.3,615.0,619.2,,615.7,,,14765,9143570.0,615,F1,1,,,,,
2026-07-22,2026-07-22,CM,BSE,STK,544204,INE0S2V01010,VRAJ,B,,,,,VRAJ IRON AND STEEL LIMITED,133.2,134.35,130.9,131.0,130.9,132.45,,131.43,,,1510,199909.0,57,F1,1,,,,,
2026-07-22,2026-07-22,CM,BSE,STK,544205,INE0PO601011,NPL,XT,,,,,National Peroxide Limited,576.0,590.0,573.1,575.0,575.0,590.0,,575.0,,,446,257481.0,33,F1,1,,,,,
2026-07-22,2026-07-22,CM,BSE,STK,544206,INF200KB1217,SBISILVER,E,,,,,SBI Mutual Fund,220.5,220.5,217.93,218.35,218.09,217.33,,218.41,,,67267,14745416.0,1508,F1,1,,,,,
2026-07-22,2026-07-22,CM,BSE,STK,544207,INE375Y01018,RELIABLE,B,,,,,Reliable Data Services Limited,147.0,147.0,144.5,147.0,147.0,147.0,,146.67,,,49,7187.0,10,F1,1,,,,,
2026-07-22,2026-07-22,CM,BSE,STK,544209,INE0B9K01025,BANSALWIRE,B,,,,,Bansal Wire Industries Limited,337.3,351.0,305.9,314.25,314.25,334.25,,314.9,,,66650,21796165.0,1242,F1,1,,,,,
2026-07-22,2026-07-22,CM,BSE,STK,544210,INE168P01015,EMCURE,A,,,,,Emcure Pharmaceuticals Limited,1929.1,1935.0,1878.65,1890.95,1897.3,1922.4,,1889.2,,,5353,10151812.0,582,F1,1,,,,,
2026-07-22,2026-07-22,CM,BSE,STK,544211,INF209KC1134,ABGSEC,F,,,,,Aditya Birla Sun Life Mutual F,113.59,113.59,113.59,113.59,113.59,113.31,,113.59,,,40,4543.0,1,F1,1,,,,,
2026-07-22,2026-07-22,CM,BSE,STK,544212,INF769K01LQ3,EVINDIA,B,,,,,Mirae Asset Mutual Fund,31.68,32.1,31.66,31.82,31.87,31.95,,31.82,,,96465,3081037.0,389,F1,1,,,,,
2026-07-22,2026-07-22,CM,BSE,STK,544213,INE0T3401029,ACLD,M,,,,,AELEA COMMODITIES LIMITED,149.15,149.15,144.2,146.5,146.5,149.15,,146.5,,,10200,1496700.0,17,F1,600,,,,,
2026-07-22,2026-07-22,CM,BSE,STK,544214,INE0UK501010,THREEMPAPE,M,,,,,THREE M PAPER BOARDS LIMITED,25.98,25.98,25.98,25.98,25.98,24.5,,25.98,,,2000,51960.0,1,F1,2000,,,,,
2026-07-22,2026-07-22,CM,BSE,STK,544215,INF200KB1282,SBINEQWETF,B,,,,,SBI Mutual Fund,33.94,34.38,33.11,33.32,33.32,33.36,,33.42,,,1519,50649.0,32,F1,1,,,,,
2026-07-22,2026-07-22,CM,BSE,STK,544216,INF109KC18W3,OILIETF,B,,,,,ICICI Prudential Mutual Fund,11.5,11.5,11.37,11.4,11.4,11.49,,11.38,,,54589,623156.0,599,F1,1,,,,,
2026-07-22,2026-07-22,CM,BSE,STK,544217,INE08NE01025,SANSTAR,B,,,,,SANSTAR LIMITED,126.5,126.5,105.1,106.65,106.65,108.1,,106.48,,,16204,1770028.0,193,F1,1,,,,,
2026-07-22,2026-07-22,CM,BSE,STK,544218,INF209KB19Z4,ABSLPSE,B,,,,,Aditya Birla Sun Life Mutual F,10.37,10.42,10.37,10.37,10.37,10.37,,10.38,,,637,6625.0,9,F1,1,,,,,
2026-07-22,2026-07-22,CM,BSE,STK,544219,INE0MNP01016,VVIPIL,M,,,,,VVIP Infratech Limited,126.6,126.6,120.6,124.3,124.0,128.5,,124.3,,,7800,964950.0,13,F1,600,,,,,
2026-07-22,2026-07-22,CM,BSE,STK,544221,INE0RMR01013,KIZI,M,,,,,Kizi Apparels Limited,20.2,20.38,20.0,20.0,20.0,19.5,,20.0,,,24000,484080.0,5,F1,3000,,,,,
2026-07-22,2026-07-22,CM,BSE,STK,544222,INE09XN01023,AKUMS,B,,,,,Akums Drugs and Pharmaceutical,695.0,698.1,678.35,696.35,696.65,694.55,,696.35,,,9350,6430221.0,594,F1,1,,,,,
2026-07-22,2026-07-22,CM,BSE,STK,544223,INE0AG901020,CEIGALL,B,,,,,Ceigall India Limited,347.35,347.35,335.05,339.5,339.5,341.4,,339.1,,,11354,3844806.0,470,F1,1,,,,,
2026-07-22,2026-07-22,CM,BSE,STK,544224,INE0OXY01013,AFCOM,M,,,,,Afcom Holdings Limited,1390.05,1405.0,1291.5,1322.8,1322.8,1390.05,,1322.8,,,374520,503461116.0,1050,F1,120,,,,,
2026-07-22,2026-07-22,CM,BSE,STK,544225,INE0LXG01040,OLAELEC,A,,,,,Ola Electric Mobility Limited,38.77,38.95,36.28,36.67,36.67,38.73,,36.67,,,5526804,206691851.0,14264,F1,1,,,,,
2026-07-22,2026-07-22,CM,BSE,STK,544226,INE02RE01045,FIRSTCRY,A,,,,,Brainbees Solutions Limited,209.95,209.95,206.4,207.0,207.35,209.05,,207.03,,,77944,16179700.0,1143,F1,1,,,,,
2026-07-22,2026-07-22,CM,BSE,STK,544227,INE00U401027,UNIECOM,B,,,,,UNICOMMERCE ESOLUTIONS LIMITED,85.89,85.89,84.38,85.16,85.0,85.89,,85.06,,,17429,1483670.0,192,F1,1,,,,,
2026-07-22,2026-07-22,CM,BSE,STK,544229,INF109KC19W1,METALIETF,B,,,,,ICICI Prudential Mutual Fund,13.02,13.02,12.39,12.66,12.67,12.71,,12.66,,,172580,2183390.0,485,F1,1,,,,,
2026-07-22,2026-07-22,CM,BSE,STK,544230,INE0PQ101010,SSDL,B,,,,,SARASWATI SAREE DEPOT LIMITED,53.22,53.53,51.96,52.59,52.0,52.97,,52.12,,,2025,106507.0,145,F1,1,,,,,
2026-07-22,2026-07-22,CM,BSE,STK,544232,INE00M901018,INTERARCH,B,,,,,Interarch Building Solutions L,1820.05,1868.65,1753.6,1845.35,1821.6,1814.85,,1832.7,,,2569,4574013.0,456,F1,1,,,,,
2026-07-22,2026-07-22,CM,BSE,STK,544233,INE0US801024,MFML,B,,,,,Mahalaxmi Fabric Mills Limited,18.8,22.0,18.5,20.79,20.79,19.25,,19.74,,,1324,25139.0,15,F1,1,,,,,
2026-07-22,2026-07-22,CM,BSE,STK,544235,INE0PPK01015,ORIENTTECH,B,,,,,Orient Technologies Limited,263.15,264.8,257.5,262.65,259.7,263.05,,262.93,,,14234,3704309.0,402,F1,1,,,,,
2026-07-22,2026-07-22,CM,BSE,STK,544236,INE0SK201011,RAL,MT,,,,,Resourceful Automobile Limited,43.55,43.7,43.55,43.7,43.7,45.8,,43.7,,,2400,104700.0,2,F1,1200,,,,,
2026-07-22,2026-07-22,CM,BSE,STK,544238,INE0BS701011,PREMIERENE,A,,,,,Premier Energies Limited,1044.5,1048.5,1008.0,1022.6,1027.5,1048.75,,1021.9,,,114847,117034329.0,5714,F1,1,,,,,
2026-07-22,2026-07-22,CM,BSE,STK,544239,INE06HJ01020,ECOSMOBLTY,T,,,,,ECOS (India) Mobility & Hospit,131.5,132.0,128.5,130.85,130.85,131.5,,129.39,,,2023,262134.0,63,F1,1,,,,,
2026-07-22,2026-07-22,CM,BSE,STK,544240,INE02ID01020,RAYMONDLSL,A,,,,,Raymond Lifestyle Limited,721.05,725.15,705.6,710.9,711.75,721.0,,711.2,,,11394,8111472.0,487,F1,1,,,,,
2026-07-22,2026-07-22,CM,BSE,STK,544241,INF769K01LX9,MULTICAP,B,,,,,Mirae Asset Mutual Fund,16.68,16.69,16.53,16.58,16.58,16.75,,16.57,,,38916,645122.0,332,F1,1,,,,,
2026-07-22,2026-07-22,CM,BSE,STK,544243,INE01FR01028,STYLEBAAZA,T,,,,,Baazar Style Retail Limited,298.5,300.5,288.5,288.5,288.5,303.65,,288.8,,,16861,4897570.0,162,F1,1,,,,,
2026-07-22,2026-07-22,CM,BSE,STK,544244,INE0RE001014,GALAPREC,B,,,,,Gala Precision Engineering Lim,1193.7,1193.7,1160.2,1166.35,1165.45,1194.5,,1165.3,,,3531,4126581.0,356,F1,1,,,,,
2026-07-22,2026-07-22,CM,BSE,STK,544245,INE0N4701016,NHL,M,,,,,Naturewings Holidays Limited,73.5,76.49,65.75,68.23,65.75,80.0,,68.23,,,38400,2742976.0,19,F1,1600,,,,,
2026-07-22,2026-07-22,CM,BSE,STK,544247,INF740KA1UR9,TOP10ADD,B,,,,,DSP Mutual Fund,88.35,88.35,86.34,86.7,86.67,87.59,,86.67,,,4266,369494.0,153,F1,1,,,,,
2026-07-22,2026-07-22,CM,BSE,STK,544248,INE0UYT01018,MACHLTD,M,,,,,MACH TRAVEL SOLUTIONS LIMITED,156.0,156.0,152.0,152.1,152.1,155.75,,152.1,,,4200,641580.0,7,F1,600,,,,,
2026-07-22,2026-07-22,CM,BSE,STK,544249,INE0S2G01011,BALAJEE,B,,,,,SHREE TIRUPATI BALAJEE AGRO TR,28.29,28.29,28.0,28.13,28.13,28.16,,27.99,,,284,7962.0,12,F1,1,,,,,
2026-07-22,2026-07-22,CM,BSE,STK,544250,INE0UOS01011,SANOFICONR,B,,,,,Sanofi Consumer Healthcare Ind,4542.15,4627.55,4504.95,4611.3,4627.55,4562.85,,4615.4,,,320,1457063.0,70,F1,1,,,,,
2026-07-22,2026-07-22,CM,BSE,STK,544251,INE0LY301010,SSL,M,,,,,Share Samadhan Limited,33.0,33.0,33.0,33.0,33.0,35.0,,33.0,,,1600,52800.0,1,F1,1600,,,,,
2026-07-22,2026-07-22,CM,BSE,STK,544252,INE377Y01014,BAJAJHFL,A,,,,,Bajaj Housing Finance Limited,85.9,86.28,85.05,85.41,85.41,86.16,,85.46,,,170215,14536540.0,1783,F1,1,,,,,
2026-07-22,2026-07-22,CM,BSE,STK,544253,INE0O6601022,KROSS,B,,,,,Kross Limited,209.4,213.1,204.25,210.5,210.5,211.4,,210.69,,,79122,16486367.0,865,F1,1,,,,,
2026-07-22,2026-07-22,CM,BSE,STK,544254,INE0RWQ01014,TOLINS,B,,,,,Tolins Tyres Limited,103.6,104.75,102.7,104.25,104.75,103.7,,104.31,,,2874,297811.0,147,F1,1,,,,,
2026-07-22,2026-07-22,CM,BSE,STK,544256,INE953R01016,PNGJL,B,,,,,P N GADGIL JEWELLERS LIMITED,600.0,660.0,599.95,636.95,636.95,601.05,,636.6,,,125878,80433206.0,4854,F1,1,,,,,
2026-07-22,2026-07-22,CM,BSE,STK,544257,INE0Q3401017,SAFE,M,,,,,Sodhani Academy of Fintech Ena,175.0,175.0,159.05,159.05,159.05,168.0,,159.05,,,1500,248000.0,3,F1,500,,,,,
2026-07-22,2026-07-22,CM,BSE,STK,544258,INE0CJF01024,WCIL,B,,,,,Western Carriers (India) Limit,93.0,93.3,90.45,90.5,90.45,92.1,,90.35,,,6713,613312.0,162,F1,1,,,,,
2026-07-22,2026-07-22,CM,BSE,STK,544259,INE0PZB01013,PFL,M,,,,,POPULAR FOUNDATIONS LIMITED,28.2,32.7,27.09,30.5,30.5,30.61,,30.5,,,129000,3916440.0,36,F1,3000,,,,,
2026-07-22,2026-07-22,CM,BSE,STK,544260,INE850M01015,NORTHARC,A,,,,,Northern Arc Capital Ltd.,306.0,309.0,297.0,299.2,299.2,306.2,,299.7,,,44715,13567299.0,769,F1,1,,,,,
2026-07-22,2026-07-22,CM,BSE,STK,544261,INE0QRL01017,ARKADE,B,,,,,ARKADE DEVELOPERS LIMITED,136.75,141.5,136.55,140.55,139.8,136.65,,140.4,,,31466,4355873.0,336,F1,1,,,,,
2026-07-22,2026-07-22,CM,BSE,STK,544262,INE939X01013,MANBA,B,,,,,Manba Finance Limited,144.0,144.9,138.4,139.5,140.2,140.2,,139.17,,,21424,3016283.0,301,F1,1,,,,,
2026-07-22,2026-07-22,CM,BSE,STK,544263,INE0Q3J01015,KRN,T,,,,,KRN HEAT EXCHANGER AND REFRIGE,1218.0,1260.0,1212.1,1238.45,1242.0,1257.2,,1238.0,,,2796,3453991.0,238,F1,1,,,,,
2026-07-22,2026-07-22,CM,BSE,STK,544264,INE184O01015,DIFFNKG,B,,,,,Diffusion Engineers Limited,393.2,397.95,388.0,392.15,392.2,396.5,,392.75,,,3586,1405382.0,167,F1,1,,,,,
2026-07-22,2026-07-22,CM,BSE,STK,544266,INF769K01LZ4,BANKPSU,B,,,,,Mirae Asset Mutual Fund,84.91,85.05,84.69,84.73,84.73,86.0,,84.67,,,265,22500.0,6,F1,1,,,,,
2026-07-22,2026-07-22,CM,BSE,STK,544267,INE0U6201010,SUBAM,M,,,,,SUBAM PAPERS LIMITED,221.25,221.25,221.25,221.25,221.25,221.25,,221.25,,,1600,354000.0,2,F1,800,,,,,
2026-07-22,2026-07-22,CM,BSE,STK,544268,INF769K01LY7,METAL,B,,,,,Mirae Asset Mutual Fund,12.8,12.8,12.66,12.67,12.7,12.75,,12.69,,,125738,1597818.0,803,F1,1,,,,,
2026-07-22,2026-07-22,CM,BSE,STK,544271,INE0JVO01026,GARUDA,B,,,,,Garuda Construction and Engine,176.4,176.4,172.05,173.65,172.85,176.45,,173.4,,,17053,2951739.0,281,F1,1,,,,,
2026-07-22,2026-07-22,CM,BSE,STK,544272,INE0YRO01015,SHIVTEXCHEM,MT,,,,,SHIV TEXCHEM LIMITED,118.0,120.75,118.0,120.75,120.75,115.0,,120.75,,,4000,481800.0,9,F1,400,,,,,
2026-07-22,2026-07-22,CM,BSE,STK,544273,INE0APB01032,MGEL,T,,,,,MANGALAM GLOBAL ENTERPRISE LIM,16.11,16.85,16.0,16.55,16.67,16.79,,16.43,,,24875,411515.0,60,F1,1,,,,,
2026-07-22,2026-07-22,CM,BSE,STK,544274,INE0V6F01027,HYUNDAI,A,,,,,HYUNDAI MOTOR INDIA LIMITED,1952.15,1974.3,1938.65,1946.9,1946.0,1955.4,,1945.6,,,13920,27206376.0,965,F1,1,,,,,
2026-07-22,2026-07-22,CM,BSE,STK,544275,INF109KC16X5,VAL30IETF,B,,,,,ICICI Prudential Mutual Fund,15.44,15.56,15.33,15.48,15.56,15.58,,15.4,,,15719,242474.0,88,F1,1,,,,,
2026-07-22,2026-07-22,CM,BSE,STK,544276,INE0OPA01027,DBEIL,T,,,,,Deepak Builders and Engineers,7.3,7.5,7.16,7.19,7.19,7.53,,7.23,,,32973,238313.0,119,F1,1,,,,,
2026-07-22,2026-07-22,CM,BSE,STK,544277,INE377N01017,WAAREEENER,A,,,,,Waaree Energies Limited,2738.8,2747.55,2667.45,2696.65,2696.65,2731.25,,2697.2,,,60079,162273648.0,5271,F1,1,,,,,
2026-07-22,2026-07-22,CM,BSE,STK,544278,INE0PK601023,OCCLLTD,T,,,,,OCCL Limited,136.0,138.0,136.0,136.5,136.5,136.0,,136.86,,,2392,326654.0,19,F1,1,,,,,
2026-07-22,2026-07-22,CM,BSE,STK,544279,INE497S01012,GODAVARIB,B,,,,,Godavari Biorefineries Limited,280.0,280.0,271.65,273.9,273.7,279.35,,274.3,,,7593,2085358.0,342,F1,1,,,,,
2026-07-22,2026-07-22,CM,BSE,STK,544280,INE101I01011,AFCONS,A,,,,,Afcons Infrastructure Limited,290.05,292.15,282.25,289.9,289.0,290.05,,289.95,,,132761,38084360.0,2062,F1,1,,,,,
2026-07-22,2026-07-22,CM,BSE,STK,544281,INE00YB01025,ABINFRA,B,,,,,A B INFRABUILD LIMITED,10.37,10.37,10.13,10.2,10.15,10.2,,10.2,,,22187,226486.0,49,F1,1,,,,,
2026-07-22,2026-07-22,CM,BSE,STK,544282,INE0W2G01015,SAGILITY,A,,,,,Sagility Limited,42.51,42.79,40.93,41.19,41.19,41.86,,41.16,,,2318923,96323413.0,8650,F1,1,,,,,
2026-07-22,2026-07-22,CM,BSE,STK,544283,INE622W01025,ACMESOLAR,A,,,,,ACME Solar Holdings Limited,373.45,376.0,363.7,369.7,369.8,372.8,,369.6,,,63846,23532668.0,1647,F1,1,,,,,
2026-07-22,2026-07-22,CM,BSE,STK,544284,INF769K01MY5,LIQUIDPLUS,F,,,,,Mirae Asset Mutual Fund,1095.46,1095.46,1095.44,1095.46,1095.44,1095.3,,1095.44,,,7235,7925637.0,11,F1,1,,,,,
2026-07-22,2026-07-22,CM,BSE,STK,544285,INE00H001014,SWIGGY,A,,,,,SWIGGY LIMITED,270.0,271.8,261.0,263.55,263.55,270.35,,263.84,,,440111,117121234.0,4937,F1,1,,,,,
2026-07-22,2026-07-22,CM,BSE,STK,544286,INE995S01015,NIVABUPA,A,,,,,NIVA BUPA HEALTH INSURANCE COM,86.76,86.76,84.03,84.78,84.51,86.01,,84.79,,,36136,3078883.0,657,F1,1,,,,,
2026-07-22,2026-07-22,CM,BSE,STK,544288,INE0UIZ01018,BLACKBUCK,A,,,,,BlackBuck Limited,570.25,572.45,555.2,558.15,557.4,574.85,,558.85,,,14704,8250250.0,712,F1,1,,,,,
2026-07-22,2026-07-22,CM,BSE,STK,544289,INE0ONG01011,NTPCGREEN,A,,,,,NTPC GREEN ENERGY LIMITED,92.81,92.83,91.18,91.3,91.3,92.5,,91.3,,,104465,9578602.0,1498,F1,1,,,,,
2026-07-22,2026-07-22,CM,BSE,STK,544290,INE0LLY01014,EIEL,B,,,,,ENVIRO INFRA ENGINEERS LIMITED,228.65,228.65,222.0,224.7,224.7,230.0,,224.34,,,90206,20231333.0,1077,F1,1,,,,,
2026-07-22,2026-07-22,CM,BSE,STK,544291,INE0VN801010,RAJESH,M,,,,,RAJESH POWER SERVICES LIMITED,851.0,851.0,830.2,839.45,836.0,859.65,,839.45,,,25100,21106610.0,201,F1,100,,,,,
2026-07-22,2026-07-22,CM,BSE,STK,544292,INE013P01021,ONESOURCE,A,,,,,Onesource Specialty Pharma Lim,1648.45,1680.0,1572.0,1673.8,1664.05,1648.4,,1671.6,,,17080,28054591.0,2122,F1,1,,,,,
2026-07-22,2026-07-22,CM,BSE,STK,544293,INE877V01027,SURAKSHA,B,,,,,SURAKSHA DIAGNOSTIC LIMITED,262.6,264.85,258.5,260.0,260.1,260.55,,259.6,,,747,195824.0,56,F1,1,,,,,
2026-07-22,2026-07-22,CM,BSE,STK,544294,INE0OJW01016,ROSSTECH,B,,,,,Rossell Techsys Limited,1011.45,1011.45,989.0,995.25,996.0,1004.45,,995.3,,,2678,2665258.0,213,F1,1,,,,,
2026-07-22,2026-07-22,CM,BSE,STK,544295,INE19RO25013,PSPLATINA,IF,,,,,Property Share Investment Trus,1071000.0,1077000.0,1071000.0,1077000.0,1077000.0,1093999.99,,1077000.0,,,4,4300100.0,4,F1,1,,,,,
2026-07-22,2026-07-22,CM,BSE,STK,544296,INE0DQN01013,NISUS,M,,,,,NISUS FINANCE SERVICES CO LIMI,192.85,195.8,191.25,193.45,193.9,192.5,,193.45,,,8000,1548900.0,18,F1,400,,,,,
2026-07-22,2026-07-22,CM,BSE,STK,544301,INE054301028,ODIGMA,T,,,,,Odigma Consultancy Solutions L,22.72,23.0,22.13,22.89,22.95,23.16,,22.82,,,2070,46911.0,69,F1,1,,,,,
2026-07-22,2026-07-22,CM,BSE,STK,544302,INE403Y01018,INNOVANA,B,,,,,Innovana Thinklabs Limited,330.55,337.6,321.55,325.4,325.4,336.0,,328.2,,,3136,1034495.0,58,F1,1,,,,,
2026-07-22,2026-07-22,CM,BSE,STK,544303,INE0XAY01012,TTC,M,,,,,TOSS THE COIN LIMITED,195.0,195.0,195.0,195.0,195.0,195.0,,195.0,,,300,58500.0,1,F1,300,,,,,
2026-07-22,2026-07-22,CM,BSE,STK,544304,INE0WCH01015,JUNGLECAMP,M,,,,,JUNGLE CAMPS INDIA LIMITED,47.05,47.1,47.0,47.0,47.0,47.51,,47.0,,,8000,376240.0,5,F1,1600,,,,,
2026-07-22,2026-07-22,CM,BSE,STK,544305,INE0HLU01028,MOBIKWIK,B,,,,,One Mobikwik Systems Limited,210.0,210.05,203.15,204.1,204.1,208.5,,203.95,,,30210,6232884.0,416,F1,1,,,,,
2026-07-22,2026-07-22,CM,BSE,STK,544306,INE570L01029,SAILIFE,A,,,,,Sai Life Sciences Limited,1285.0,1285.0,1244.55,1250.2,1249.0,1289.1,,1250.5,,,129707,161892691.0,2150,F1,1,,,,,
2026-07-22,2026-07-22,CM,BSE,STK,544307,INE01EA01019,VMM,A,,,,,Vishal Mega Mart Limited,113.65,113.7,110.8,112.05,112.05,113.5,,112.02,,,285610,31961222.0,1444,F1,1,,,,,
2026-07-22,2026-07-22,CM,BSE,STK,544308,INE168C01013,HILLTONE,X,,,,,Hilltone Software and Gases Lt,40.03,44.99,39.01,41.01,41.65,40.03,,41.01,,,106896,4444213.0,51,F1,1,,,,,
2026-07-22,2026-07-22,CM,BSE,STK,544309,INE115Q01022,IKS,A,,,,,INVENTURUS KNOWLEDGE SOLUTIONS,1887.85,1893.95,1800.85,1813.7,1812.9,1880.6,,1815.5,,,7004,12873201.0,692,F1,1,,,,,
2026-07-22,2026-07-22,CM,BSE,STK,544310,INE00GK01023,YASHHV,M,,,,,Yash Highvoltage Limited,905.6,928.85,870.1,888.55,890.0,918.3,,888.55,,,193500,172058962.0,482,F1,250,,,,,
2026-07-22,2026-07-22,CM,BSE,STK,544311,INE0Q9301021,IGIL,A,,,,,International Gemological Inst,349.95,351.2,341.25,348.95,350.0,343.1,,348.5,,,27323,9506561.0,1298,F1,1,,,,,
2026-07-22,2026-07-22,CM,BSE,STK,544312,INE0QBD01018,HAMPS,MT,,,,,HAMPS BIO LIMITED,24.7,24.7,24.7,24.7,24.7,26.0,,24.7,,,4000,98800.0,1,F1,4000,,,,,
2026-07-22,2026-07-22,CM,BSE,STK,544313,INE0LB101011,NACDAC,M,,,,,NACDAC Infrastructure Limited,24.01,24.01,24.01,24.01,24.01,24.0,,24.01,,,4000,96040.0,1,F1,4000,,,,,
2026-07-22,2026-07-22,CM,BSE,STK,544314,INE0JPD01013,SANATHAN,B,,,,,Sanathan Textiles Limited,461.95,497.5,460.7,495.5,497.25,469.95,,495.6,,,6207,3013959.0,459,F1,1,,,,,
2026-07-22,2026-07-22,CM,BSE,STK,544315,INE037Z01029,CEWATER,B,,,,,Concord Enviro Systems Limited,311.1,311.1,298.0,299.95,300.8,308.15,,300.25,,,11054,3341631.0,312,F1,1,,,,,
2026-07-22,2026-07-22,CM,BSE,STK,544316,INE284H01025,DAMCAPITAL,B,,,,,DAM Capital Advisors Limited,164.5,164.5,157.1,157.65,157.1,162.65,,157.61,,,25016,3969614.0,339,F1,1,,,,,
2026-07-22,2026-07-22,CM,BSE,STK,544317,INE454P01035,TRANSRAILL,A,,,,,Transrail Lighting Limited,490.0,490.0,480.6,481.65,481.65,492.3,,481.9,,,19315,9345912.0,717,F1,1,,,,,
2026-07-22,2026-07-22,CM,BSE,STK,544318,INE0TO701015,MAMATA,B,,,,,MAMATA MACHINERY LIMITED,398.05,401.0,395.0,396.05,396.05,399.55,,397.95,,,4012,1592737.0,274,F1,1,,,,,
2026-07-22,2026-07-22,CM,BSE,STK,544319,INE0RB801010,SENORES,A,,,,,SENORES PHARMACEUTICALS LIMITE,1414.4,1426.4,1342.4,1394.25,1394.25,1405.15,,1393.5,,,21875,30485584.0,1538,F1,1,,,,,
2026-07-22,2026-07-22,CM,BSE,STK,544320,INE0V7W01012,CARRARO,B,,,,,CARRARO INDIA LIMITED,561.95,561.95,538.0,543.75,545.9,554.85,,544.25,,,3995,2174585.0,356,F1,1,,,,,
2026-07-22,2026-07-22,CM,BSE,STK,544321,INE781S01027,VENTIVE,B,,,,,Ventive Hospitality Limited,617.85,620.7,615.0,615.95,615.05,616.8,,615.25,,,1434,884316.0,70,F1,1,,,,,
2026-07-22,2026-07-22,CM,BSE,STK,544322,INE0U3I01011,UNIMECH,B,,,,,Unimech Aerospace and Manufact,1283.95,1283.95,1230.0,1231.85,1239.15,1274.8,,1235.2,,,7714,9599357.0,548,F1,1,,,,,
2026-07-22,2026-07-22,CM,BSE,STK,544323,INF769K01NS5,CONSUMER,B,,,,,Mirae Asset Mutual Fund,11.85,11.85,11.7,11.72,11.71,11.84,,11.72,,,2978,35046.0,46,F1,1,,,,,
2026-07-22,2026-07-22,CM,BSE,STK,544325,INE379A01028,ITCHOTELS,A,,,,,ITC Hotels Limited,164.85,165.15,163.5,163.9,163.9,164.4,,163.83,,,148919,24445546.0,3208,F1,1,,,,,
2026-07-22,2026-07-22,CM,BSE,STK,544326,INF754K01TX4,ECAPINSURE,B,,,,,Edelweiss Mutual Fund,23.7,24.99,23.61,23.96,23.96,24.01,,23.77,,,939,22626.0,27,F1,1,,,,,
2026-07-22,2026-07-22,CM,BSE,STK,544327,INE0ZHT01012,TECHNICHEM,M,,,,,TECHNICHEM ORGANICS LIMITED,44.61,46.95,44.61,44.61,44.61,46.95,,44.61,,,16000,718460.0,8,F1,2000,,,,,
2026-07-22,2026-07-22,CM,BSE,STK,544328,INE622H01018,INDOFARM,B,,,,,INDO FARM EQUIPMENT LIMITED,160.5,160.8,155.0,156.4,155.0,161.35,,156.17,,,24669,3896248.0,386,F1,1,,,,,
2026-07-22,2026-07-22,CM,BSE,STK,544329,INE0RH001011,VANDU,M,,,,,LEO DRYFRUITS & SPICES TRADING,49.0,51.8,49.0,50.0,50.0,49.0,,50.0,,,24000,1214600.0,7,F1,2000,,,,,
2026-07-22,2026-07-22,CM,BSE,STK,544330,INE0QQJ01021,PARMESHWAR,MT,,,,,PARMESHWAR METAL LIMITED,189.25,189.25,180.1,186.0,186.0,189.2,,186.0,,,7000,1304150.0,7,F1,1000,,,,,
2026-07-22,2026-07-22,CM,BSE,STK,544331,INE0Q2L01013,DAVIN,M,,,,,Davin Sons Retail Limited,31.4,31.4,31.4,31.4,31.4,31.4,,31.4,,,2000,62800.0,1,F1,2000,,,,,
2026-07-22,2026-07-22,CM,BSE,STK,544332,INE0HSD01011,FABCLEAN,MT,,,,,FABTECH TECHNOLOGIES CLEANROOM,383.2,383.25,376.0,376.0,376.0,370.05,,376.0,,,4000,1523140.0,10,F1,400,,,,,
2026-07-22,2026-07-22,CM,BSE,STK,544333,INE0M4D01010,SETL,B,,,,,STANDARD ENGINEERING TECHNOLOG,285.0,296.0,285.0,287.75,287.75,290.45,,287.85,,,60523,17664225.0,851,F1,1,,,,,
2026-07-22,2026-07-22,CM,BSE,STK,544334,INE0FK501019,INDOBELL,M,,,,,Indobell Insulations Limited,76.0,76.0,74.0,74.0,74.0,73.29,,74.0,,,6000,450300.0,6,F1,750,,,,,
2026-07-22,2026-07-22,CM,BSE,STK,544335,INE00ST01011,BRGIL,M,,,,,B.R.GOYAL INFRASTRUCTURE LIMIT,121.0,127.0,121.0,124.6,124.6,129.7,,124.6,,,4000,496700.0,4,F1,1000,,,,,
2026-07-22,2026-07-22,CM,BSE,STK,544336,INE0LRY01011,QUADFUTURE,B,,,,,Quadrant Future Tek Limited,395.05,395.5,384.8,386.3,386.95,395.35,,386.3,,,6992,2719770.0,221,F1,1,,,,,
2026-07-22,2026-07-22,CM,BSE,STK,544337,INE0NQ401024,AVAX,MT,,,,,Avax Apparels and Ornaments Li,50.0,50.0,50.0,50.0,50.0,49.0,,50.0,,,1000,50000.0,1,F1,1000,,,,,
2026-07-22,2026-07-22,CM,BSE,STK,544338,INE0Z8Z23013,CAPINVIT,IF,,,,,Capital Infra Trust,73.99,74.4,73.58,74.0,74.09,73.72,,73.96,,,20692,1530416.0,333,F1,1,,,,,
2026-07-22,2026-07-22,CM,BSE,STK,544339,INE0WO601020,LAXMIDENTL,B,,,,,Laxmi Dental Limited,222.25,223.35,216.0,218.25,219.15,224.95,,217.94,,,7624,1666756.0,307,F1,1,,,,,
2026-07-22,2026-07-22,CM,BSE,STK,544340,INE0CFH01028,RIKHAV,M,,,,,Rikhav Securities Limited,46.7,46.7,46.65,46.65,46.65,47.0,,46.65,,,3200,149360.0,2,F1,1600,,,,,
2026-07-22,2026-07-22,CM,BSE,STK,544341,INE12QA01010,LGLL,M,,,,,LANDMARK GLOBAL LEARNING LIMIT,12.65,12.65,12.64,12.64,12.64,13.3,,12.64,,,20800,262928.0,10,F1,1600,,,,,
2026-07-22,2026-07-22,CM,BSE,STK,544342,INE0RYC01010,STALLION,B,,,,,Stallion India Fluorochemicals,246.85,253.2,239.25,250.75,250.75,245.35,,250.64,,,652922,161093861.0,6875,F1,1,,,,,
2026-07-22,2026-07-22,CM,BSE,STK,544343,INE0WXM01011,CNINFOTECH,M,,,,,CAPITALNUMBERS INFOTECH  LIMIT,91.0,91.0,88.3,89.25,89.25,91.0,,89.25,,,7200,642664.0,13,F1,400,,,,,
2026-07-22,2026-07-22,CM,BSE,STK,544344,INE526E01018,SHRIPISTON,A,,,,,SPR Auto Technologies Limited,4529.45,4529.45,4336.0,4412.95,4383.0,4474.65,,4394.9,,,1709,7505256.0,324,F1,1,,,,,
2026-07-22,2026-07-22,CM,BSE,STK,544345,INE0R4L01018,DENTA,B,,,,,Denta Water and Infra Solution,345.45,346.15,329.3,332.15,332.85,347.85,,332.45,,,21676,7264288.0,684,F1,1,,,,,
2026-07-22,2026-07-22,CM,BSE,STK,544346,INE0AK901016,RRECL,X,,,,,RDB Real Estate Constructions,158.75,162.75,151.6,160.6,162.0,159.15,,160.6,,,6968,1093904.0,107,F1,1,,,,,
2026-07-22,2026-07-22,CM,BSE,STK,544347,INE0WDX01010,CLN,MT,,,,,CLN ENERGY LIMITED,495.0,495.0,490.0,490.0,490.0,507.45,,490.0,,,1400,687200.0,7,F1,200,,,,,
2026-07-22,2026-07-22,CM,BSE,STK,544348,INE0RWU01016,GBLOGISTIC,M,,,,,GB Logistics Commerce Limited,26.01,27.95,24.07,26.18,27.95,28.05,,26.18,,,98400,2482272.0,53,F1,1200,,,,,
2026-07-22,2026-07-22,CM,BSE,STK,544349,INE0DZD01015,HMEML,M,,,,,H.M. ELECTRO MECH LIMITED,46.0,47.25,45.0,47.25,47.25,45.0,,47.25,,,12800,593568.0,8,F1,1600,,,,,
2026-07-22,2026-07-22,CM,BSE,STK,544350,INE943P01029,AGARWALEYE,A,,,,,Dr. Agarwal's Health Care Limi,487.0,487.85,471.3,479.7,479.7,486.3,,480.05,,,5665,2720366.0,434,F1,1,,,,,
2026-07-22,2026-07-22,CM,BSE,STK,544352,INF740KA1VE5,NEXT30ADD,B,,,,,DSP Mutual Fund,42.33,42.33,42.33,42.33,42.33,42.33,,42.51,,,1,42.0,1,F1,1,,,,,
2026-07-22,2026-07-22,CM,BSE,STK,544353,INE0U2L01017,AMWILL,M,,,,,Amwill Health Care Limited,41.43,41.43,41.43,41.43,41.43,41.43,,41.43,,,2400,99432.0,2,F1,1200,,,,,
2026-07-22,2026-07-22,CM,BSE,STK,544354,INE0W0H01017,SOLARIUM,M,,,,,SOLARIUM GREEN ENERGY LIMITED,178.45,180.95,175.05,178.0,178.0,176.85,,178.0,,,28800,5139675.0,76,F1,300,,,,,
2026-07-22,2026-07-22,CM,BSE,STK,544355,INE03CC01015,JUBLCPL,B,,,,,Jubilant Agri and Consumer Pro,1955.4,1955.4,1881.0,1883.3,1881.0,1923.95,,1882.7,,,324,615753.0,51,F1,1,,,,,
2026-07-22,2026-07-22,CM,BSE,STK,544356,INE274Y01021,AJAXENGG,B,,,,,AJAX Engineering Limited,590.05,590.05,572.85,574.7,573.95,589.85,,575.25,,,34131,19993995.0,278,F1,1,,,,,
2026-07-22,2026-07-22,CM,BSE,STK,544361,INE0R8101016,COVANCE,XT,,,,,COVANCE SOFTSOL LIMITED,252.8,252.8,252.8,252.8,252.8,240.8,,252.8,,,9243,2336630.0,78,F1,1,,,,,
2026-07-22,2026-07-22,CM,BSE,STK,544362,INE093A01041,HEXT,A,,,,,Hexaware Technologies Limited,556.1,560.8,543.35,550.05,550.05,560.15,,550.7,,,15561,8539088.0,758,F1,1,,,,,
2026-07-22,2026-07-22,CM,BSE,STK,544363,INF582M01KS4,UNIONGOLD,E,,,,,UNION MUTUAL FUND,142.14,142.14,141.99,141.99,141.99,139.35,,141.3,,,13,1846.0,2,F1,1,,,,,
2026-07-22,2026-07-22,CM,BSE,STK,544364,INE0O9T01021,BAJAJINDEF,B,,,,,Indef Manufacturing Limited,227.0,240.15,225.2,234.85,237.15,230.35,,234.65,,,1608,376101.0,227,F1,1,,,,,
2026-07-22,2026-07-22,CM,BSE,STK,544365,INE0TD301017,SHANMUGA,M,,,,,SHANMUGA HOSPITAL LIMITED,43.0,43.0,43.0,43.0,43.0,44.12,,43.0,,,2000,86000.0,1,F1,2000,,,,,
2026-07-22,2026-07-22,CM,BSE,STK,544367,INE0SII01026,QPOWER,T,,,,,QUALITY POWER ELECTRICAL EQUIP,1120.1,1160.0,1106.1,1135.4,1135.4,1130.3,,1132.3,,,11134,12602862.0,413,F1,1,,,,,
2026-07-22,2026-07-22,CM,BSE,STK,544368,INE0TIR01017,SWASTH,M,,,,,Swasth Foodtech India Limited,16.0,16.0,16.0,16.0,16.0,16.01,,16.0,,,1200,19200.0,1,F1,1200,,,,,
2026-07-22,2026-07-22,CM,BSE,STK,544369,INE13VU01016,BEEZAASAN,MT,,,,,Beezaasan Explotech Limited,375.0,381.0,368.0,370.0,370.0,384.95,,370.0,,,17600,6586560.0,16,F1,800,,,,,
2026-07-22,2026-07-22,CM,BSE,STK,544371,INE0NR501012,VIKRAMAR,X,,,,,VIKRAM AROMA LIMITED,70.0,74.98,69.21,69.61,69.52,69.19,,69.61,,,866,60577.0,25,F1,1,,,,,
2026-07-22,2026-07-22,CM,BSE,STK,544375,INF579M01BB5,GOLD360,E,,,,,360 ONE Mutual Fund,143.31,143.31,139.49,140.38,139.75,139.82,,140.45,,,2260,317771.0,81,F1,1,,,,,
2026-07-22,2026-07-22,CM,BSE,STK,544376,INF769K01ON4,SELECTIPO,B,,,,,Mirae Asset Mutual Fund,46.35,46.35,45.89,45.9,46.06,46.58,,45.92,,,595,27377.0,14,F1,1,,,,,
2026-07-22,2026-07-22,CM,BSE,STK,544377,INF769K01OA1,EQUAL200,B,,,,,Mirae Asset Mutual Fund,13.81,13.81,13.76,13.76,13.76,13.85,,13.78,,,99,1364.0,4,F1,1,,,,,
2026-07-22,2026-07-22,CM,BSE,STK,544379,INE0I0M01023,PRABHA,B,,,,,Prabha Energy Limited,148.0,148.0,142.0,142.45,142.0,146.0,,142.52,,,3716,538330.0,66,F1,1,,,,,
2026-07-22,2026-07-22,CM,BSE,STK,544381,INE16IQ01014,SUPERIRON,MT,,,,,Super Iron Foundry Limited,37.5,40.95,37.5,40.95,40.95,39.0,,40.95,,,40800,1665960.0,10,F1,1200,,,,,
2026-07-22,2026-07-22,CM,BSE,STK,544382,INF846KA1119,VALUEAXIS,B,,,,,Axis Mutual Fund,32.9,33.05,32.9,33.05,33.05,32.9,,32.79,,,101,3323.0,2,F1,1,,,,,
2026-07-22,2026-07-22,CM,BSE,STK,544383,INE0SMW01011,PPARIVAH,MT,,,,,PARADEEP PARIVAHAN LIMITED,224.95,226.0,220.0,225.95,225.95,221.15,,225.95,,,6000,1347180.0,5,F1,1200,,,,,
2026-07-22,2026-07-22,CM,BSE,STK,544384,INF0R8F01091,SILVERCASE,E,,,,,Zerodha Mutual Fund,22.95,22.95,22.53,22.58,22.54,22.49,,22.58,,,464557,10512385.0,623,F1,1,,,,,
2026-07-22,2026-07-22,CM,BSE,STK,544385,INF200KB1712,SBIBPB,B,,,,,SBI Mutual Fund,50.99,50.99,47.4,48.57,48.67,49.54,,48.65,,,2914,141989.0,93,F1,1,,,,,
2026-07-22,2026-07-22,CM,BSE,STK,544386,INE01EO01010,SPECTRUM,B,,,,,Spectrum Electrical Industries,2230.0,2277.0,2072.2,2133.55,2121.75,2138.25,,2134.5,,,3473,7470531.0,442,F1,1,,,,,
2026-07-22,2026-07-22,CM,BSE,STK,544387,INE0TGG01014,DESCO,MT,,,,,Desco Infratech Limited,184.95,188.0,184.95,185.0,185.0,181.95,,185.0,,,12500,2328450.0,25,F1,500,,,,,
2026-07-22,2026-07-22,CM,BSE,STK,544389,INF579M01BC3,SILVER360,E,,,,,360 ONE Mutual Fund,219.91,220.66,218.91,219.67,220.0,218.56,,219.73,,,2165,476709.0,57,F1,1,,,,,
2026-07-22,2026-07-22,CM,BSE,STK,544390,INE1NPP01017,ENRIN,A,,,,,Siemens Energy India Limited,3411.25,3430.0,3363.0,3370.9,3366.9,3372.65,,3373.3,,,6553,22246836.0,580,F1,1,,,,,
2026-07-22,2026-07-22,CM,BSE,STK,544394,INF109K1A153,EVIETF,B,,,,,ICICI Prudential Mutual Fund,32.1,32.3,31.83,31.85,31.85,31.99,,31.87,,,1148,36698.0,32,F1,1,,,,,
2026-07-22,2026-07-22,CM,BSE,STK,544395,INE1VXE01018,STLNETWORK,T,,,,,STL Networks Limited,24.76,25.0,23.81,24.79,24.79,24.76,,24.63,,,38247,935776.0,271,F1,1,,,,,
2026-07-22,2026-07-22,CM,BSE,STK,544396,INE0FFK01017,NPST,B,,,,,Network People Services Techno,1555.0,1583.35,1516.5,1538.55,1539.85,1554.55,,1539.1,,,1180,1832809.0,181,F1,1,,,,,
2026-07-22,2026-07-22,CM,BSE,STK,544397,INE0LEZ01016,ATHERENERG,A,,,,,Ather Energy Limited,1288.05,1312.0,1262.0,1268.45,1268.45,1288.8,,1268.2,,,272359,352145518.0,9074,F1,1,,,,,
2026-07-22,2026-07-22,CM,BSE,STK,544400,INE0MV001018,MANOJJEWEL,M,,,,,Manoj Jewellers Limited,32.32,32.32,31.11,31.11,31.11,32.32,,31.11,,,8000,251400.0,4,F1,2000,,,,,
2026-07-22,2026-07-22,CM,BSE,STK,544401,INF769K01OO2,EQUAL50,B,,,,,Mirae Asset Mutual Fund,330.32,331.02,330.32,331.02,331.02,331.87,,331.1,,,27,8920.0,2,F1,1,,,,,
2026-07-22,2026-07-22,CM,BSE,STK,544402,INE039O01029,JASH,B,,,,,JASH ENGINEERING LIMITED,515.1,517.05,505.6,507.0,507.35,518.85,,506.5,,,7508,3823741.0,191,F1,1,,,,,
2026-07-22,2026-07-22,CM,BSE,STK,544403,INE14LE01019,ABLBL,A,,,,,Aditya Birla Lifestyle Brands,94.58,94.65,93.51,93.69,93.8,94.93,,93.8,,,36581,3432855.0,559,F1,1,,,,,
2026-07-22,2026-07-22,CM,BSE,STK,544404,INE16SF01016,BORANA,B,,,,,BORANA WEAVES LIMITED,326.2,328.0,324.0,327.2,325.0,326.2,,327.25,,,525,170953.0,43,F1,1,,,,,
2026-07-22,2026-07-22,CM,BSE,STK,544405,INE894V01022,BELRISE,A,,,,,BELRISE INDUSTRIES LIMITED,236.4,237.25,227.25,232.3,232.3,236.8,,232.3,,,303696,70439066.0,5066,F1,1,,,,,
2026-07-22,2026-07-22,CM,BSE,STK,544406,INE1ABX01018,UNIFIED,M,,,,,UNIFIED DATA TECH SOLUTIONS LI,361.25,375.0,360.0,371.5,374.0,364.05,,371.5,,,14000,5111000.0,29,F1,400,,,,,
2026-07-22,2026-07-22,CM,BSE,STK,544407,INE0INX01018,AEGISVOPAK,A,,,,,AEGIS VOPAK TERMINALS LIMITED,288.75,301.8,282.45,295.75,295.75,287.8,,295.66,,,243877,72229237.0,3556,F1,1,,,,,
2026-07-22,2026-07-22,CM,BSE,STK,544408,INE0AQ201015,THELEELA,A,,,,,Leela Palaces Hotels & Resorts,483.6,497.0,483.6,489.6,497.0,487.05,,490.9,,,28355,13868790.0,923,F1,1,,,,,
2026-07-22,2026-07-22,CM,BSE,STK,544409,INE0TG901011,ASTONEALAB,MT,,,,,ASTONEA LABS LIMITED,267.05,267.05,267.05,267.05,267.05,272.45,,267.05,,,1000,267050.0,1,F1,1000,,,,,
2026-07-22,2026-07-22,CM,BSE,STK,544410,INE0BX301013,PROSTARM,B,,,,,PROSTARM INFO SYSTEMS LIMITED,127.05,127.05,123.55,124.05,124.15,126.55,,124.14,,,15765,1966530.0,431,F1,1,,,,,
2026-07-22,2026-07-22,CM,BSE,STK,544411,INE090501011,SCODATUBES,B,,,,,Scoda Tubes Limited,142.25,143.0,141.0,142.0,142.0,142.05,,141.7,,,5376,762530.0,89,F1,1,,,,,
2026-07-22,2026-07-22,CM,BSE,STK,544412,INE0TE101010,3BFILMS,MT,,,,,3B FILMS LIMITED,15.96,17.29,15.96,16.02,16.02,16.79,,16.02,,,9000,147810.0,3,F1,3000,,,,,
2026-07-22,2026-07-22,CM,BSE,STK,544413,INE0U4701011,DIGITIDE,B,,,,,Digitide Solutions Limited,101.98,103.0,97.44,100.87,100.12,100.69,,100.9,,,23488,2329244.0,259,F1,1,,,,,
2026-07-22,2026-07-22,CM,BSE,STK,544414,INE0U4101014,BLUSPRING,B,,,,,Bluspring Enterprises Limited,108.0,111.2,107.15,107.85,107.5,108.3,,108.02,,,35463,3867443.0,437,F1,1,,,,,
2026-07-22,2026-07-22,CM,BSE,STK,544415,INF204KC1EZ3,SNXT30BEES,B,,,,,Nippon India Mutual Fund,42.36,42.39,42.16,42.16,42.16,42.47,,42.37,,,3311,139605.0,4,F1,1,,,,,
2026-07-22,2026-07-22,CM,BSE,STK,544416,INE0GGO01015,KRISHIVAL,B,,,,,KRISHIVAL FOODS LIMITED,396.05,397.45,389.0,389.5,389.0,395.9,,389.35,,,110363,43042745.0,75,F1,1,,,,,
2026-07-22,2026-07-22,CM,BSE,STK,544418,INE0BYP01024,OSWALPUMPS,B,,,,,Oswal Pumps Limited,390.15,394.05,354.0,356.8,356.8,390.15,,356.35,,,70130,25566527.0,2310,F1,1,,,,,
2026-07-22,2026-07-22,CM,BSE,STK,544419,INE0H9P01028,ARIS,B,,,,,ArisInfra Solutions Limited,120.05,121.0,117.5,118.05,118.05,118.95,,118.17,,,53123,6332673.0,749,F1,1,,,,,
2026-07-22,2026-07-22,CM,BSE,STK,544420,INE1SY401010,RAYMONDREL,B,,,,,Raymond Realty Limited,691.8,692.5,657.0,668.4,669.25,690.95,,667.3,,,54904,36596044.0,1335,F1,1,,,,,
2026-07-22,2026-07-22,CM,BSE,STK,544421,INE236E01022,ELLEN,B,,,,,ELLENBARRIE INDUSTRIAL GASES L,295.9,298.45,278.2,286.85,281.95,295.9,,287.8,,,40228,11591264.0,1022,F1,1,,,,,
2026-07-22,2026-07-22,CM,BSE,STK,544422,INE0ZDY01011,ABRFL,M,,,,,Abram Food Limited,42.23,42.23,42.23,42.23,42.23,44.45,,42.23,,,2400,101352.0,2,F1,1200,,,,,
2026-07-22,2026-07-22,CM,BSE,STK,544423,INE227J01012,KALPATARU,B,,,,,Kalpataru Limited,278.6,278.6,269.65,272.85,273.0,275.8,,273.35,,,5376,1459523.0,281,F1,1,,,,,
2026-07-22,2026-07-22,CM,BSE,STK,544424,INE0V3U01015,GLOBECIVIL,T,,,,,GLOBE CIVIL PROJECTS LIMITED,39.18,40.2,38.8,40.04,40.2,40.79,,40.36,,,5945,233642.0,41,F1,1,,,,,
2026-07-22,2026-07-22,CM,BSE,STK,544425,INE0XRR01010,AJCJEWEL,M,,,,,AJC Jewel Manufacturers Limite,117.57,117.57,114.0,116.89,116.9,111.98,,116.89,,,67200,7871124.0,52,F1,1200,,,,,
2026-07-22,2026-07-22,CM,BSE,STK,544426,INE0Y0E01012,ICON,MT,,,,,Icon Facilitators Limited,70.21,74.97,70.21,74.0,74.97,73.9,,74.0,,,8400,617076.0,6,F1,1200,,,,,
2026-07-22,2026-07-22,CM,BSE,STK,544427,INF109K1A344,TOP15IETF,B,,,,,ICICI Prudential Mutual Fund,9.8,9.84,9.74,9.74,9.74,9.88,,9.76,,,19716,192548.0,71,F1,1,,,,,
2026-07-22,2026-07-22,CM,BSE,STK,544428,INE0SC101013,SEVL,M,,,,,SUPERTECH EV LIMITED,37.0,37.0,32.7,36.87,37.0,36.33,,36.87,,,39600,1381488.0,28,F1,1200,,,,,
2026-07-22,2026-07-22,CM,BSE,STK,544429,INE756I01012,HDBFS,A,,,,,HDB FINANCIAL SERVICES LIMITED,721.0,721.0,705.3,707.1,705.6,720.5,,707.2,,,11684,8293947.0,725,F1,1,,,,,
2026-07-22,2026-07-22,CM,BSE,STK,544430,INE12NJ01018,SAMBHV,B,,,,,SAMBHV STEEL TUBES LIMITED,117.7,118.25,115.95,116.2,115.95,118.05,,116.17,,,19516,2277919.0,250,F1,1,,,,,
2026-07-22,2026-07-22,CM,BSE,STK,544431,INE0S9X01011,ACEALPHA,M,,,,,Ace Alpha Tech Limited,133.4,133.4,128.0,128.0,128.0,131.2,,128.0,,,3000,394800.0,3,F1,1000,,,,,
2026-07-22,2026-07-22,CM,BSE,STK,544432,INE05J901018,IGCL,B,,,,,Indogulf Cropsciences Limited,69.8,70.0,68.9,69.58,70.0,69.71,,69.55,,,3069,212769.0,52,F1,1,,,,,
2026-07-22,2026-07-22,CM,BSE,STK,544433,INE130701019,VALINDIA,M,,,,,Valencia India Limited,18.01,18.3,18.01,18.3,18.3,18.25,,18.3,,,2400,43572.0,2,F1,1200,,,,,
2026-07-22,2026-07-22,CM,BSE,STK,544434,INE0UZO01024,NEETUYOSHI,MT,,,,,Neetu Yoshi Limited,170.85,175.5,166.5,172.65,173.5,170.85,,172.65,,,144800,25002800.0,154,F1,800,,,,,
2026-07-22,2026-07-22,CM,BSE,STK,544435,INE0W1601012,ADCOUNTY,M,,,,,ADCOUNTY MEDIA INDIA LIMITED,85.0,85.15,80.0,82.72,82.6,85.7,,82.72,,,173600,14226048.0,142,F1,800,,,,,
2026-07-22,2026-07-22,CM,BSE,STK,544436,INE0RDJ01019,VANDAN,M,,,,,VANDAN FOODS LIMITED,24.0,24.0,23.01,23.01,23.01,24.1,,23.01,,,2400,56412.0,2,F1,1200,,,,,
2026-07-22,2026-07-22,CM,BSE,STK,544437,INE0TBQ01014,MARCLOIRE,M,,,,,MARC LOIRE FASHIONS LIMITED,36.3,36.3,35.8,35.8,35.8,37.68,,35.8,,,4800,172464.0,4,F1,1200,,,,,
2026-07-22,2026-07-22,CM,BSE,STK,544438,INF769K01PB6,INTERNET,B,,,,,Mirae Asset Mutual Fund,13.33,13.33,13.08,13.23,13.28,13.39,,13.21,,,12981,172047.0,28,F1,1,,,,,
2026-07-22,2026-07-22,CM,BSE,STK,544439,INE0S4R01014,CRIZAC,B,,,,,CRIZAC LIMITED,190.85,190.85,185.05,185.55,185.55,189.05,,185.5,,,21823,4078618.0,439,F1,1,,,,,
2026-07-22,2026-07-22,CM,BSE,STK,544440,INE0TL001013,CRYOGENIC,MT,,,,,CRYOGENIC OGS LIMITED,300.0,303.1,286.0,288.2,292.0,292.15,,288.2,,,26250,7697062.0,32,F1,750,,,,,
2026-07-22,2026-07-22,CM,BSE,STK,544441,INE162901016,METAINFO,MT,,,,,META INFOTECH LIMITED,80.0,80.0,77.02,77.14,77.02,80.18,,77.14,,,7200,560096.0,9,F1,800,,,,,
2026-07-22,2026-07-22,CM,BSE,STK,544442,INE0VWL01017,CHEMKART,MT,,,,,Chemkart India Limited,178.7,185.05,178.7,179.9,178.7,188.1,,179.9,,,13800,2478030.0,18,F1,600,,,,,
2026-07-22,2026-07-22,CM,BSE,STK,544443,INE103V01028,TRAVELFOOD,B,,,,,TRAVEL FOOD SERVICES LIMITED,1329.95,1329.95,1280.0,1283.0,1280.0,1300.05,,1284.9,,,881,1142067.0,151,F1,1,,,,,
2026-07-22,2026-07-22,CM,BSE,STK,544444,INE0UMC01019,GLEN,M,,,,,Glen Industries Limited,73.95,74.3,72.25,72.83,73.4,71.95,,72.83,,,36000,2655432.0,29,F1,1200,,,,,
2026-07-22,2026-07-22,CM,BSE,STK,544445,INE0SJX01015,APL,M,,,,,ASSTON PHARMACEUTICALS LIMITED,65.0,65.0,63.14,64.99,64.99,63.14,,64.99,,,9000,583130.0,3,F1,1000,,,,,
2026-07-22,2026-07-22,CM,BSE,STK,544446,INE28GN01010,ADVENTHTL,B,,,,,Advent Hotels International Li,145.05,146.3,143.4,143.7,143.5,146.4,,144.05,,,4820,694708.0,154,F1,1,,,,,
2026-07-22,2026-07-22,CM,BSE,STK,544447,INE0NAZ01010,SMARTWORKS,B,,,,,SMARTWORKS COWORKING SPACES LI,509.35,515.0,479.75,489.15,491.35,499.35,,489.15,,,49540,24776551.0,1401,F1,1,,,,,
2026-07-22,2026-07-22,CM,BSE,STK,544448,INE124Y01028,PASHUPATI,B,,,,,Pashupati Cotspin Limited,87.45,88.07,85.6,87.23,87.12,86.9,,86.7,,,17550,1535310.0,424,F1,1,,,,,
2026-07-22,2026-07-22,CM,BSE,STK,544449,INE0CZ201020,ANTHEM,A,,,,,Anthem Biosciences Limited,750.05,781.5,735.1,778.35,778.35,791.7,,778.9,,,3066054,2382059546.0,8106,F1,1,,,,,
2026-07-22,2026-07-22,CM,BSE,STK,544450,INE0TGX01019,CHEMBONDCH,T,,,,,CHEMBOND CHEMICALS  LIMITED,248.45,263.0,240.6,253.05,250.0,251.45,,257.66,,,2073,535466.0,29,F1,1,,,,,
2026-07-22,2026-07-22,CM,BSE,STK,544451,INE0LCG01010,MONIKA,M,,,,,MONIKA ALCOBEV LIMITED,224.75,226.8,221.0,221.5,221.0,224.75,,221.5,,,2000,447420.0,5,F1,400,,,,,
2026-07-22,2026-07-22,CM,BSE,STK,544452,INE0PTF01017,SWASTIKAAL,MT,,,,,Swastika Castal Limited,88.0,91.7,86.0,91.7,91.7,88.68,,91.7,,,14000,1242560.0,6,F1,2000,,,,,
2026-07-22,2026-07-22,CM,BSE,STK,544453,INE0V0L01028,MSECL,MT,,,,,Monarch Surveyors and Engineer,227.0,228.0,225.0,228.0,228.0,228.55,,228.0,,,6600,1492170.0,9,F1,600,,,,,
2026-07-22,2026-07-22,CM,BSE,STK,544454,INE06ST01018,INDIQUBE,B,,,,,INDIQUBE SPACES LIMITED,172.5,177.9,169.9,174.55,174.6,173.05,,174.65,,,2536,442385.0,212,F1,1,,,,,
2026-07-22,2026-07-22,CM,BSE,STK,544455,INE18JU01028,EBGNG,B,,,,,GNG Electronics Limited,547.3,558.9,536.4,545.15,547.85,542.45,,545.5,,,21006,11598502.0,926,F1,1,,,,,
2026-07-22,2026-07-22,CM,BSE,STK,544456,INE219Y01026,RMDRIP,B,,,,,R M DRIP AND SPRINKLERS SYSTEM,18.5,18.89,18.5,18.64,18.84,18.95,,18.54,,,57261,1068328.0,363,F1,1,,,,,
2026-07-22,2026-07-22,CM,BSE,STK,544457,INE03NU01014,BRIGHOTEL,B,,,,,Brigade Hotel Ventures Limited,62.66,62.66,60.5,60.73,60.5,62.66,,60.61,,,3365,205796.0,199,F1,1,,,,,
2026-07-22,2026-07-22,CM,BSE,STK,544458,INE0FMZ01045,SHREEREF,M,,,,,SHREE REFRIGERATIONS LIMITED,355.5,357.0,342.0,344.45,345.6,352.7,,344.45,,,80000,27986000.0,147,F1,500,,,,,
2026-07-22,2026-07-22,CM,BSE,STK,544459,INE06ZD01017,SHANTIGOLD,B,,,,,SHANTI GOLD INTERNATIONAL LIMI,215.5,215.5,205.4,207.3,208.15,213.1,,206.8,,,21632,4562232.0,502,F1,1,,,,,
2026-07-22,2026-07-22,CM,BSE,STK,544460,INE161701011,PATELCHEM,MT,,,,,PATEL CHEM SPECIALITIES LIMITE,91.65,93.95,91.0,91.0,91.0,93.95,,91.0,,,9600,882000.0,5,F1,1600,,,,,
2026-07-22,2026-07-22,CM,BSE,STK,544461,INE505V01016,EUROBOND,B,,,,,Euro Panel Products Limited,165.0,170.2,160.1,161.2,160.1,162.5,,164.09,,,359,59524.0,15,F1,1,,,,,
2026-07-22,2026-07-22,CM,BSE,STK,544463,INE15WN01014,REPONO,MT,,,,,REPONO LIMITED,79.6,79.93,78.0,79.32,78.1,79.93,,79.32,,,13200,1047936.0,9,F1,1200,,,,,
2026-07-22,2026-07-22,CM,BSE,STK,544464,INE1P1A01018,UML,M,,,,,Umiya Mobile Limited,50.1,50.1,50.0,50.0,50.0,51.7,,50.0,,,34000,1700240.0,7,F1,2000,,,,,
2026-07-22,2026-07-22,CM,BSE,STK,544465,INE06WU01026,LAXMIINDIA,T,,,,,LAXMI INDIA FINANCE LIMITED,121.89,127.98,121.89,127.98,127.98,121.89,,129.81,,,14545,1839614.0,145,F1,1,,,,,
2026-07-22,2026-07-22,CM,BSE,STK,544466,INE819V01029,CPPLUS,A,,,,,Aditya Infotech Limited,3500.0,3550.0,3371.1,3448.75,3444.45,3489.45,,3446.3,,,9861,34029306.0,1257,F1,1,,,,,
2026-07-22,2026-07-22,CM,BSE,STK,544467,INE301O01023,NSDL,A,,,,,National Securities Depository,822.35,822.5,815.0,817.85,817.85,822.35,,817.85,,,420877,344375628.0,15465,F1,1,,,,,
2026-07-22,2026-07-22,CM,BSE,STK,544468,INE1LJ801017,BDI,M,,,,,B. D. Industries (Pune) Limite,109.35,109.35,109.35,109.35,109.35,109.35,,109.35,,,1200,131220.0,1,F1,1200,,,,,
2026-07-22,2026-07-22,CM,BSE,STK,544469,INE0V9Q01010,LOTUSDEV,B,,,,,Sri Lotus Developers and Realt,150.0,163.5,150.0,162.75,162.75,148.65,,162.7,,,849654,136107877.0,5426,F1,1,,,,,
2026-07-22,2026-07-22,CM,BSE,STK,544470,INE08N601015,MBEL,B,,,,,M & B ENGINEERING LIMITED,311.45,311.5,296.75,299.2,301.4,314.7,,299.3,,,13003,3920750.0,610,F1,1,,,,,
2026-07-22,2026-07-22,CM,BSE,STK,544471,INE14OX01013,TAKYON,M,,,,,TAKYON NETWORKS LIMITED,20.0,20.0,20.0,20.0,20.0,20.25,,20.0,,,4000,80000.0,2,F1,2000,,,,,
2026-07-22,2026-07-22,CM,BSE,STK,544473,INF666M01LM6,GROWWPOWER,B,,,,,Groww Mutual Fund,12.09,12.09,11.71,11.9,11.88,11.86,,11.88,,,81000,963610.0,235,F1,1,,,,,
2026-07-22,2026-07-22,CM,BSE,STK,544474,INE0W4K01013,BLT,MT,,,,,BLT Logistics Limited,27.65,27.65,27.65,27.65,27.65,27.65,,27.65,,,4800,132720.0,3,F1,1600,,,,,
2026-07-22,2026-07-22,CM,BSE,STK,544475,INE1IBY01019,ESSEX,MT,,,,,ESSEX MARINE LIMITED,41.98,41.98,41.98,41.98,41.98,41.24,,41.98,,,2000,83960.0,1,F1,2000,,,,,
2026-07-22,2026-07-22,CM,BSE,STK,544476,INE0J5801029,JSLL,A,,,,,Jeena Sikho Lifecare Limited,572.15,572.15,558.15,560.75,560.75,573.45,,559.4,,,9716,5480853.0,462,F1,1,,,,,
2026-07-22,2026-07-22,CM,BSE,STK,544477,INE00RL01028,HILINFRA,T,,,,,Highway Infrastructure Limited,44.3,44.95,43.01,44.0,44.0,43.49,,44.06,,,5312,231212.0,66,F1,1,,,,,
2026-07-22,2026-07-22,CM,BSE,STK,544479,INE0GV601021,ALLTIME,B,,,,,ALL TIME PLASTICS LIMITED,239.55,240.55,231.1,231.95,231.1,242.0,,231.44,,,2061,480801.0,124,F1,1,,,,,
2026-07-22,2026-07-22,CM,BSE,STK,544480,INE718I01012,JSWCEMENT,A,,,,,JSW CEMENT LIMITED,141.4,141.55,136.5,137.3,137.3,140.9,,137.29,,,82186,11458414.0,848,F1,1,,,,,
2026-07-22,2026-07-22,CM,BSE,STK,544481,INE1JAR25012,KRT,IF,,,,,KNOWLEDGE REALTY TRUST,116.2,116.72,116.04,116.43,116.41,116.16,,116.44,,,17420,2028999.0,284,F1,1,,,,,
2026-07-22,2026-07-22,CM,BSE,STK,544482,INE0YG001013,STARIMAGIN,MT,,,,,STAR IMAGING AND PATH LAB LIMI,95.0,95.5,95.0,95.5,95.5,98.0,,95.5,,,9000,855520.0,7,F1,1000,,,,,
2026-07-22,2026-07-22,CM,BSE,STK,544483,INE111601014,ICODEX,M,,,,,ICODEX PUBLISHING SOLUTIONS LI,37.0,38.9,37.0,37.98,38.9,39.5,,37.98,,,10800,406956.0,7,F1,1200,,,,,
2026-07-22,2026-07-22,CM,BSE,STK,544484,INE304W01038,BLUESTONE,A,,,,,BlueStone Jewellery and Lifest,734.6,872.6,703.4,776.0,776.0,727.2,,776.05,,,3667779,2920067648.0,60065,F1,1,,,,,
2026-07-22,2026-07-22,CM,BSE,STK,544485,INE0MHO01029,REGAAL,T,,,,,REGAAL RESOURCES LIMITED,79.48,79.48,77.0,78.98,78.98,78.03,,77.7,,,985,77122.0,17,F1,1,,,,,
2026-07-22,2026-07-22,CM,BSE,STK,544486,INF0R8F01133,LTGILTCASE,F,,,,,Zerodha Mutual Fund,30.47,30.48,30.43,30.48,30.45,30.55,,30.48,,,25281,770411.0,25,F1,1,,,,,
2026-07-22,2026-07-22,CM,BSE,STK,544487,INE0R8B01010,PATELRMART,B,,,,,PATEL RETAIL LIMITED,215.5,216.0,213.45,215.05,214.45,215.5,,214.89,,,1809,387838.0,72,F1,1,,,,,
2026-07-22,2026-07-22,CM,BSE,STK,544488,INE078V01014,VIKRAMSOLR,A,,,,,Vikram Solar Limited,187.45,188.35,184.1,185.35,185.65,187.35,,185.37,,,145032,26873805.0,1709,F1,1,,,,,
2026-07-22,2026-07-22,CM,BSE,STK,544489,INE191201016,LGT,M,,,,,LGT GLOBAL HOSPITALITY LIMITED,46.0,48.43,46.0,48.43,48.43,46.13,,48.43,,,8400,396780.0,7,F1,1200,,,,,
2026-07-22,2026-07-22,CM,BSE,STK,544490,INE1B6101010,SHREEJISPG,B,,,,,Shreeji Shipping Global Limite,617.7,628.8,607.25,627.35,627.35,612.85,,626.1,,,8332,5125405.0,338,F1,1,,,,,
2026-07-22,2026-07-22,CM,BSE,STK,544491,INE06XZ01023,GEMAROMA,B,,,,,Gem Aromatics Limited,183.95,183.95,176.85,178.35,180.6,182.4,,178.57,,,13623,2436624.0,396,F1,1,,,,,
2026-07-22,2026-07-22,CM,BSE,STK,544492,INE0PKD01011,MEIL,T,,,,,MANGAL ELECTRICAL INDUSTRIES L,298.0,298.0,289.0,290.4,290.4,297.85,,289.85,,,1066,310217.0,54,F1,1,,,,,
2026-07-22,2026-07-22,CM,BSE,STK,544494,INE12P601017,GLOBTIER,MT,,,,,Globtier Infotech limited,17.01,17.01,17.01,17.01,17.01,17.01,,17.01,,,1600,27216.0,1,F1,1600,,,,,
2026-07-22,2026-07-22,CM,BSE,STK,544495,INE0M3X01010,NISMGMT,M,,,,,NIS MANAGEMENT LIMITED,47.0,47.0,47.0,47.0,47.0,47.0,,47.0,,,1200,56400.0,1,F1,1200,,,,,
2026-07-22,2026-07-22,CM,BSE,STK,544496,INE01R501028,VIKRAN,B,,,,,Vikran Engineering Limited,71.52,71.88,70.01,70.37,70.37,72.03,,70.32,,,112997,7970450.0,948,F1,1,,,,,
2026-07-22,2026-07-22,CM,BSE,STK,544497,INE0Y8W01025,AHCL,B,,,,,ANLON HEALTHCARE LIMITED,15.36,15.37,14.85,14.9,14.9,15.37,,14.87,,,117205,1752364.0,519,F1,1,,,,,
2026-07-22,2026-07-22,CM,BSE,STK,544498,INE0RTI01017,OVAL,M,,,,,OVAL PROJECTS ENGINEERING LIMI,53.2,53.2,53.0,53.0,53.0,54.0,,53.0,,,3200,169920.0,2,F1,1600,,,,,
2026-07-22,2026-07-22,CM,BSE,STK,544499,INE0P6P01016,CPEDU,B,,,,,Career Point Edutech Limited,188.95,189.0,188.95,189.0,189.0,184.85,,188.32,,,2,377.0,2,F1,1,,,,,
2026-07-22,2026-07-22,CM,BSE,STK,544500,INE15MX01014,ABRIL,M,,,,,ABRIL PAPER TECH LIMITED,36.9,36.9,34.0,34.0,34.0,37.0,,34.0,,,14000,485920.0,6,F1,2000,,,,,
2026-07-22,2026-07-22,CM,BSE,STK,544501,INE0XX801016,SUGSLLOYD,MT,,,,,SUGS LLOYD LIMITED,133.0,140.75,128.05,138.85,140.7,134.05,,138.85,,,62000,8405400.0,60,F1,1000,,,,,
2026-07-22,2026-07-22,CM,BSE,STK,544502,INE084K01015,AMANTA,T,,,,,Amanta Healthcare Limited,170.0,170.0,165.1,167.0,167.0,168.45,,167.0,,,8341,1416946.0,26,F1,1,,,,,
2026-07-22,2026-07-22,CM,BSE,STK,544503,INE0ZN101029,RACHIT,MT,,,,,Rachit Prints Limited,205.0,205.1,203.3,205.1,205.1,214.0,,205.1,,,13000,2647700.0,11,F1,1000,,,,,
2026-07-22,2026-07-22,CM,BSE,STK,544504,INE0ZOM01013,GOELCONS,MT,,,,,GOEL CONSTRUCTION COMPANY LIMI,450.0,460.0,449.0,452.0,452.0,467.0,,452.0,,,9200,4159800.0,18,F1,400,,,,,
2026-07-22,2026-07-22,CM,BSE,STK,544505,INE104201012,AUSTERE,M,,,,,AUSTERE SYSTEMS LIMITED,42.0,42.0,41.5,41.5,41.5,42.0,,41.5,,,4000,167000.0,2,F1,2000,,,,,
2026-07-22,2026-07-22,CM,BSE,STK,544506,INE0UJF01018,SHARVAYA,MT,,,,,SHARVAYA METALS LIMITED,112.2,112.2,110.0,112.2,112.2,106.9,,112.2,,,31200,3497790.0,47,F1,600,,,,,
2026-07-22,2026-07-22,CM,BSE,STK,544507,INF0R8F01141,SML100CASE,B,,,,,Zerodha Mutual Fund,11.25,11.25,10.85,10.86,10.94,11.02,,10.87,,,188428,2053160.0,372,F1,1,,,,,
2026-07-22,2026-07-22,CM,BSE,STK,544508,INE0WRP01016,VASHISHTHA,M,,,,,VASHISHTHA LUXURY FASHION LIMI,54.01,54.01,53.5,53.5,53.5,55.65,,53.5,,,4800,258024.0,4,F1,1200,,,,,
2026-07-22,2026-07-22,CM,BSE,STK,544510,INE346R01013,NCML,M,,,,,NILACHAL CARBO METALICKS LIMIT,80.5,80.5,80.5,80.5,80.5,80.5,,80.5,,,1600,128800.0,1,F1,1600,,,,,
2026-07-22,2026-07-22,CM,BSE,STK,544511,INE0V8A01016,KARBON,M,,,,,Karbonsteel Engineering Limite,104.95,105.0,104.95,105.0,105.0,105.0,,105.0,,,4000,419960.0,3,F1,800,,,,,
2026-07-22,2026-07-22,CM,BSE,STK,544512,INE1B3L01017,SHRINGARMS,B,,,,,SHRINGAR HOUSE OF MANGALSUTRA,224.0,224.95,219.0,220.55,219.0,222.9,,220.17,,,17704,3905286.0,239,F1,1,,,,,
2026-07-22,2026-07-22,CM,BSE,STK,544513,INE0VOV01021,DEVX,B,,,,,Dev Accelerator Limited,34.0,35.1,30.0,34.06,34.4,34.33,,34.08,,,18551,616012.0,147,F1,1,,,,,
2026-07-22,2026-07-22,CM,BSE,STK,544515,INE0CAZ01013,URBANCO,A,,,,,Urban Company Limited,134.0,134.0,130.45,131.05,130.8,134.1,,130.89,,,57449,7559144.0,571,F1,1,,,,,
2026-07-22,2026-07-22,CM,BSE,STK,544516,INE0XBS01012,AIRFLOA,M,,,,,AIRFLOA RAIL TECHNOLOGY LIMITE,334.0,344.85,331.3,336.3,332.2,334.4,,336.3,,,102500,34722775.0,156,F1,500,,,,,
2026-07-22,2026-07-22,CM,BSE,STK,544517,INE24OJ01011,BUILDPRO,B,,,,,Shankara Buildpro Limited,1263.95,1263.95,1194.8,1208.85,1211.0,1236.85,,1211.8,,,3227,3909633.0,347,F1,1,,,,,
2026-07-22,2026-07-22,CM,BSE,STK,544518,INE0TJ801010,LTELEVATOR,MT,,,,,L. T. ELEVATOR LIMITED,249.35,254.5,243.0,243.0,243.0,249.35,,243.0,,,25600,6363120.0,31,F1,800,,,,,
2026-07-22,2026-07-22,CM,BSE,STK,544519,INE198501012,EUROPRATIK,B,,,,,EURO PRATIK SALES LIMITED,311.85,311.85,301.8,306.05,302.0,314.65,,305.9,,,2294,702764.0,124,F1,1,,,,,
2026-07-22,2026-07-22,CM,BSE,STK,544520,INE10XS01012,SAMPAT,MT,,,,,SAMPAT ALUMINIUM LIMITED,35.05,35.05,34.75,34.75,34.75,36.2,,34.75,,,4800,167736.0,4,F1,1200,,,,,
2026-07-22,2026-07-22,CM,BSE,STK,544521,INE0SJA01013,VMSTMT,T,,,,,VMS TMT LIMITED,46.2,46.2,44.0,44.9,44.9,44.0,,44.13,,,1294,58155.0,19,F1,1,,,,,
2026-07-22,2026-07-22,CM,BSE,STK,544522,INE08PH01015,ABCOTS,B,,,,,A B Cotspin India Limited,208.8,211.4,202.75,204.05,203.2,202.9,,204.14,,,558,113910.0,83,F1,1,,,,,
2026-07-22,2026-07-22,CM,BSE,STK,544523,INE056801025,IVALUE,B,,,,,IVALUE INFOSOLUTIONS LIMITED,294.75,295.0,280.55,283.5,284.55,290.4,,283.95,,,9252,2647538.0,347,F1,1,,,,,
2026-07-22,2026-07-22,CM,BSE,STK,544524,INE14VP01014,JDCABLES,M,,,,,JD CABLES LIMITED,240.0,244.0,232.0,240.4,239.0,239.85,,240.4,,,79200,18768960.0,68,F1,800,,,,,
2026-07-22,2026-07-22,CM,BSE,STK,544525,INE1AG301022,GKENERGY,B,,,,,GK ENERGY LIMITED,140.05,142.0,138.15,138.85,138.6,142.75,,138.64,,,39176,5469718.0,580,F1,1,,,,,
2026-07-22,2026-07-22,CM,BSE,STK,544526,INE13B501022,SAATVIKGL,B,,,,,Saatvik Green Energy Limited,464.6,464.6,436.85,444.3,443.8,448.5,,444.75,,,3866,1709865.0,239,F1,1,,,,,
2026-07-22,2026-07-22,CM,BSE,STK,544527,INE0Z4F01028,ATLANTAELE,B,,,,,Atlanta Electricals Limited,1641.3,1684.0,1572.7,1607.95,1607.95,1655.45,,1613.9,,,26169,42283106.0,2565,F1,1,,,,,
2026-07-22,2026-07-22,CM,BSE,STK,544528,INE652V01016,GANESHCP,B,,,,,Ganesh Consumer Products Limit,175.35,177.4,174.0,175.8,174.4,177.95,,175.14,,,5670,996547.0,156,F1,1,,,,,
2026-07-22,2026-07-22,CM,BSE,STK,544529,INE15XJ01010,APPL,MT,,,,,Aptus Pharma Limited,259.0,259.0,251.25,254.1,251.3,251.2,,254.1,,,12800,3265960.0,28,F1,400,,,,,
2026-07-22,2026-07-22,CM,BSE,STK,544530,INE549H01021,ARSSBL,B,,,,,ANAND RATHI SHARE AND STOCK BR,520.0,526.5,516.0,517.3,516.0,521.1,,517.6,,,15729,8191335.0,425,F1,1,,,,,
2026-07-22,2026-07-22,CM,BSE,STK,544531,INE1LDV01015,TRUECOLORS,M,,,,,TRUE COLORS LIMITED,155.0,156.4,152.25,155.7,155.0,151.5,,155.7,,,23400,3625980.0,30,F1,600,,,,,
2026-07-22,2026-07-22,CM,BSE,STK,544532,INE0TY101024,SOLARWORLD,B,,,,,Solarworld Energy Solutions Li,197.6,197.6,194.0,195.7,194.7,197.95,,195.55,,,9558,1865328.0,252,F1,1,,,,,
2026-07-22,2026-07-22,CM,BSE,STK,544533,INE04VU01023,STYL,B,,,,,Seshaasai Technologies Limited,360.0,396.0,360.0,388.3,391.3,371.7,,389.1,,,30386,11754215.0,1047,F1,1,,,,,
2026-07-22,2026-07-22,CM,BSE,STK,544534,INE00YJ01010,JARO,B,,,,,Jaro Institute of Technology M,481.0,485.7,475.0,475.95,476.8,483.75,,476.5,,,3127,1490813.0,176,F1,1,,,,,
2026-07-22,2026-07-22,CM,BSE,STK,544535,INE0QMV01017,BHARATROHAN,M,,,,,BHARATROHAN AIRBORNE INNOVATIO,117.95,139.0,117.95,135.9,138.95,118.0,,135.9,,,323200,41405160.0,129,F1,800,,,,,
2026-07-22,2026-07-22,CM,BSE,STK,544536,INE658T01017,WEALTH,B,,,,,Wealth First Portfolio Manager,960.0,960.0,960.0,960.0,960.0,955.0,,957.1,,,8,7680.0,5,F1,1,,,,,
2026-07-22,2026-07-22,CM,BSE,STK,544537,INE0YD401026,JAINREC,B,,,,,Jain Resource Recycling Limite,332.15,338.4,324.35,335.8,335.8,328.6,,335.9,,,114108,37807384.0,1913,F1,1,,,,,
2026-07-22,2026-07-22,CM,BSE,STK,544538,INE0TI501017,PRARUH,M,,,,,PRARUH TECHNOLOGIES LIMITED,64.25,64.25,60.5,63.3,63.2,60.3,,63.3,,,26000,1633900.0,10,F1,2000,,,,,
2026-07-22,2026-07-22,CM,BSE,STK,544539,INE1IIQ01028,SOLVEX,MT,,,,,Solvex Edibles Limited,22.86,22.86,22.86,22.86,22.86,23.32,,22.86,,,1600,36576.0,1,F1,1600,,,,,
2026-07-22,2026-07-22,CM,BSE,STK,544540,INE0MLS01022,EPACKPEB,B,,,,,Epack Prefab Technologies Limi,245.2,246.55,240.0,241.3,240.0,246.75,,241.1,,,31260,7591501.0,607,F1,1,,,,,
2026-07-22,2026-07-22,CM,BSE,STK,544541,INE1KLZ01011,SYSTEMATIC,MT,,,,,SYSTEMATIC INDUSTRIES LIMITED,187.0,192.0,186.5,188.0,188.0,188.6,,188.0,,,28800,5468040.0,31,F1,600,,,,,
2026-07-22,2026-07-22,CM,BSE,STK,544542,INE0W5Q01017,JUSTO,M,,,,,Justo Realfintech Limited,89.35,95.0,89.35,92.77,93.7,86.1,,92.77,,,19000,1757660.0,10,F1,1000,,,,,
2026-07-22,2026-07-22,CM,BSE,STK,544543,INE965W01036,BMWVENTLTD,B,,,,,BMW VENTURES LIMITED,57.01,57.65,56.5,56.9,56.73,57.48,,56.68,,,3215,183422.0,151,F1,1,,,,,
2026-07-22,2026-07-22,CM,BSE,STK,544544,INE0SRP01014,TELGE,MT,,,,,TELGE PROJECTS LIMITED,182.0,182.0,178.6,178.6,178.6,187.9,,178.6,,,12000,2175240.0,9,F1,1200,,,,,
2026-07-22,2026-07-22,CM,BSE,STK,544545,INE0MWH01014,TRUALT,B,,,,,TRUALT BIOENERGY LIMITED,415.0,434.9,409.0,430.3,426.7,418.65,,430.6,,,4342,1824229.0,279,F1,1,,,,,
2026-07-22,2026-07-22,CM,BSE,STK,544546,INE1B4801017,CHTR,MT,,,,,Chatterbox Technologies Limite,45.2,47.44,44.22,46.0,46.0,45.82,,46.0,,,4800,219432.0,4,F1,1200,,,,,
2026-07-22,2026-07-22,CM,BSE,STK,544547,INE1FF001016,JKIPL,T,,,,,Jinkushal Industries Limited,93.2,97.85,93.2,95.65,96.0,93.2,,96.54,,,1377,131388.0,26,F1,1,,,,,
2026-07-22,2026-07-22,CM,BSE,STK,544548,INE0SIK01014,GPAPL,M,,,,,GUJARAT PEANUT AND AGRI PRODUC,75.5,75.5,72.3,73.5,73.5,78.75,,73.5,,,4800,354080.0,3,F1,1600,,,,,
2026-07-22,2026-07-22,CM,BSE,STK,544550,INE0S3G01027,PACEDIGITK,B,,,,,Pace Digitek Limited,206.0,206.4,197.45,198.35,198.35,204.8,,198.35,,,53831,10799527.0,853,F1,1,,,,,
2026-07-22,2026-07-22,CM,BSE,STK,544552,INE0S5T01017,RDGAIL,M,,,,,RUKMANI DEVI GARG AGRO IMPEX L,106.45,106.45,106.45,106.45,106.45,108.0,,106.45,,,1200,127740.0,1,F1,1200,,,,,
2026-07-22,2026-07-22,CM,BSE,STK,544553,INE1PJP01015,MPKSTEELS,M,,,,,M P K STEELS (I) LIMITED,102.0,118.0,100.0,116.25,118.0,98.6,,116.25,,,13600,1489920.0,16,F1,800,,,,,
2026-07-22,2026-07-22,CM,BSE,STK,544555,INE14QA01016,AMEENJI,M,,,,,AMEENJI RUBBER LIMITED,139.5,139.5,139.5,139.5,139.5,139.5,,139.5,,,4800,669600.0,4,F1,1200,,,,,
2026-07-22,2026-07-22,CM,BSE,STK,544556,INE0SPJ01011,DHILLON,M,,,,,Dhillon Freight Carrier Limite,32.6,37.8,32.6,37.8,37.8,31.5,,37.8,,,4800,166720.0,3,F1,1600,,,,,
2026-07-22,2026-07-22,CM,BSE,STK,544557,INE0TQE01026,GLOTTIS,T,,,,,Glottis Limited,67.0,67.4,66.51,66.63,67.4,66.83,,66.84,,,2426,162208.0,34,F1,1,,,,,
2026-07-22,2026-07-22,CM,BSE,STK,544558,INE0HF201011,FABTECH,B,,,,,Fabtech Technologies Limited,148.25,150.85,146.0,147.05,146.0,150.25,,147.22,,,11601,1721227.0,299,F1,1,,,,,
2026-07-22,2026-07-22,CM,BSE,STK,544559,INE0R8Q01018,OML,MT,,,,,OM METALLOGIC LIMITED,31.82,31.82,31.82,31.82,31.82,31.45,,31.82,,,1600,50912.0,1,F1,1600,,,,,
2026-07-22,2026-07-22,CM,BSE,STK,544561,INE12P101018,CHIRAHARIT,M,,,,,Chiraharit Limited,7.6,8.1,7.6,8.1,8.1,7.9,,8.1,,,54000,413400.0,2,F1,6000,,,,,
2026-07-22,2026-07-22,CM,BSE,STK,544562,INE1B0W01010,ADVANCE,B,,,,,Advance Agrolife Limited,112.0,114.6,109.3,111.8,111.7,111.45,,111.77,,,13442,1510484.0,279,F1,1,,,,,
2026-07-22,2026-07-22,CM,BSE,STK,544563,INE1B3501014,ZELIO,MT,,,,,Zelio E Mobility Limited,795.8,828.2,795.8,828.2,828.2,812.0,,828.2,,,37500,30616350.0,33,F1,500,,,,,
2026-07-22,2026-07-22,CM,BSE,STK,544564,INE1BZC01019,OMFREIGHT,T,,,,,Om Freight Forwarders Limited,93.0,93.0,90.5,90.5,90.5,91.56,,91.72,,,176,16053.0,6,F1,1,,,,,
2026-07-22,2026-07-22,CM,BSE,STK,544565,INE0QP701017,VALPLAST,M,,,,,Valplast Technologies Limited,40.0,40.0,39.1,39.55,39.1,39.05,,39.55,,,10000,398200.0,5,F1,2000,,,,,
2026-07-22,2026-07-22,CM,BSE,STK,544566,INE10CM01027,SUNSKY,M,,,,,Sunsky Logistics Limited,39.5,39.5,39.5,39.5,39.5,38.38,,39.5,,,4500,177750.0,2,F1,1500,,,,,
2026-07-22,2026-07-22,CM,BSE,STK,544567,INE16XA01017,INFINITY,M,,,,,Infinity Infoway Limited,355.0,355.0,343.3,344.05,344.05,339.25,,344.05,,,3600,1263660.0,6,F1,400,,,,,
2026-07-22,2026-07-22,CM,BSE,STK,544568,INE0SUM01015,ZAPPFRESH,M,,,,,DSM Fresh Foods Limited,68.2,81.5,68.01,80.51,81.3,67.94,,80.51,,,294000,22119528.0,208,F1,1200,,,,,
2026-07-22,2026-07-22,CM,BSE,STK,544569,INE1TAE01010,TMCV,B,,,,,Tata Motors Limited,411.75,412.5,402.3,405.35,405.35,411.75,,405.45,,,299317,121554554.0,6837,F1,1,,,,,
2026-07-22,2026-07-22,CM,BSE,STK,544570,INE085001019,WEWORK,B,,,,,WeWork India Management Limite,723.45,725.0,699.8,714.8,709.45,722.05,,715.15,,,16531,11779741.0,890,F1,1,,,,,
2026-07-22,2026-07-22,CM,BSE,STK,544572,INE2J8701016,SKFINDUS,B,,,,,SKF INDIA (INDUSTRIAL) LIMITED,2828.7,2828.7,2724.0,2735.15,2743.5,2818.25,,2736.5,,,2059,5701336.0,374,F1,1,,,,,
2026-07-22,2026-07-22,CM,BSE,STK,544574,INE976I01016,TATACAP,A,,,,,Tata Capital Limited,351.1,351.1,342.6,346.55,346.55,349.8,,347.35,,,61704,21323941.0,1245,F1,1,,,,,
2026-07-22,2026-07-22,CM,BSE,STK,544575,INE833Q01012,MITTALSTL,MT,,,,,Mittal Sections Limited,27.75,28.59,27.75,28.59,28.59,27.75,,28.59,,,2000,56340.0,2,F1,1000,,,,,
2026-07-22,2026-07-22,CM,BSE,STK,544576,INE324D01010,LGEINDIA,B,,,,,LG Electronics India Limited,1563.0,1563.0,1527.1,1531.85,1531.85,1562.4,,1529.4,,,7965,12274576.0,763,F1,1,,,,,
2026-07-22,2026-07-22,CM,BSE,STK,544577,INE196Y01018,WORTHPERI,B,,,,,Worth Peripherals Limited,142.15,142.15,138.0,139.8,139.8,144.65,,141.07,,,301,41933.0,7,F1,1,,,,,
2026-07-22,2026-07-22,CM,BSE,STK,544578,INE506V01022,RUBICON,B,,,,,RUBICON RESEARCH LIMITED,1517.45,1524.55,1451.55,1464.9,1461.5,1516.25,,1466.3,,,83695,123439157.0,1917,F1,1,,,,,
2026-07-22,2026-07-22,CM,BSE,STK,544579,INE1UA823019,ANANTAM,IF,,,,,Anantam Highways Trust,104.06,105.5,104.06,105.49,105.49,105.5,,105.4,,,462,48379.0,9,F1,1,,,,,
2026-07-22,2026-07-22,CM,BSE,STK,544580,INE218I01013,CRAMC,B,,,,,Canara Robeco Asset Management,265.05,294.55,264.65,266.7,266.7,253.3,,266.81,,,1552158,435484972.0,17541,F1,1,,,,,
2026-07-22,2026-07-22,CM,BSE,STK,544581,INF740KA1WU9,FLEXIADD,B,,,,,DSP Mutual Fund,10.09,10.09,9.96,9.98,9.98,10.06,,9.99,,,5770,57638.0,35,F1,1,,,,,
2026-07-22,2026-07-22,CM,BSE,STK,544583,INE01TY01017,CANHLIFE,B,,,,,Canara HSBC Life Insurance Com,153.4,156.8,150.75,151.5,151.5,154.65,,151.43,,,204761,31443196.0,1690,F1,1,,,,,
2026-07-22,2026-07-22,CM,BSE,STK,544584,INE13YH01017,SKM,MT,,,,,SK Minerals & Additives Limite,481.0,491.0,480.0,490.9,491.0,486.8,,490.9,,,6000,2906750.0,6,F1,1000,,,,,
2026-07-22,2026-07-22,CM,BSE,STK,544585,INE0SFA01011,SIHORA,M,,,,,SIHORA INDUSTRIES LIMITED,59.0,59.0,59.0,59.0,59.0,59.0,,59.0,,,2000,118000.0,1,F1,2000,,,,,
2026-07-22,2026-07-22,CM,BSE,STK,544586,INF0R8F01166,NIFTYCASE,B,,,,,Zerodha Mutual Fund,9.44,9.7,9.44,9.62,9.64,9.69,,9.63,,,217986,2097476.0,263,F1,1,,,,,
2026-07-22,2026-07-22,CM,BSE,STK,544587,INE0XAD01024,MIDWESTLTD,B,,,,,Midwest Limited,1266.5,1269.45,1245.6,1255.35,1253.55,1279.45,,1256.2,,,496,624211.0,80,F1,1,,,,,
2026-07-22,2026-07-22,CM,BSE,STK,544594,INE1GUJ01014,TRADEUNO,M,,,,,GAME CHANGERS TEXFAB LIMITED,97.5,98.7,95.0,98.1,98.7,95.0,,98.1,,,7200,697440.0,6,F1,1200,,,,,
2026-07-22,2026-07-22,CM,BSE,STK,544595,INE16NZ01023,ORKLAINDIA,B,,,,,Orkla India Limited,569.25,571.65,561.05,563.2,565.0,573.0,,565.0,,,2262,1283801.0,240,F1,1,,,,,
2026-07-22,2026-07-22,CM,BSE,STK,544596,INE0SVZ01015,SAFECURE,M,,,,,Safecure Services Limited,23.0,23.97,23.0,23.97,23.97,23.0,,23.97,,,2400,56364.0,2,F1,1200,,,,,
2026-07-22,2026-07-22,CM,BSE,STK,544597,INE202B01038,PIRAMALFIN,B,,,,,Piramal Finance Limited,2180.0,2196.65,2134.65,2146.1,2147.0,2183.25,,2146.7,,,11457,24817027.0,1251,F1,1,,,,,
2026-07-22,2026-07-22,CM,BSE,STK,544598,INE648Z01023,ACCURACY,T,,,,,Accuracy Shipping Limited,4.94,4.94,4.94,4.94,4.94,4.71,,5.01,,,240,1185.0,9,F1,1,,,,,
2026-07-22,2026-07-22,CM,BSE,STK,544599,INE00Q601028,STUDDS,B,,,,,Studds Accessories Limited,446.05,448.2,443.0,444.95,444.0,447.2,,444.85,,,934,415086.0,60,F1,1,,,,,
2026-07-22,2026-07-22,CM,BSE,STK,544600,INE956O01016,LENSKART,B,,,,,Lenskart Solutions Limited,546.35,561.6,546.35,559.05,557.05,548.95,,559.35,,,295033,163080107.0,3518,F1,1,,,,,
2026-07-22,2026-07-22,CM,BSE,STK,544601,INF2KCX01012,CHOICEGOLD,E,,,,,Choice Mutual Fund,141.19,144.0,141.15,143.41,143.41,141.96,,143.01,,,121,17300.0,15,F1,1,,,,,
2026-07-22,2026-07-22,CM,BSE,STK,544602,INE1YPB01014,AGL,B,,,,,Allcargo Global Limited,12.75,13.56,12.75,13.22,13.22,13.12,,13.2,,,589986,7768236.0,1557,F1,1,,,,,
2026-07-22,2026-07-22,CM,BSE,STK,544603,INE0HOQ01053,GROWW,B,,,,,Billionbrains Garage Ventures,206.15,207.05,201.6,203.95,203.95,206.35,,203.9,,,1115334,227938618.0,20241,F1,1,,,,,
2026-07-22,2026-07-22,CM,BSE,STK,544604,INF769K01PR2,ENERGY,B,,,,,Mirae Asset Mutual Fund,39.83,39.83,39.5,39.52,39.5,39.77,,39.57,,,31205,1237910.0,252,F1,1,,,,,
2026-07-22,2026-07-22,CM,BSE,STK,544605,INF769K01PQ4,SMALL250,B,,,,,Mirae Asset Mutual Fund,18.14,18.14,17.88,17.93,17.9,18.14,,17.9,,,59865,1075892.0,192,F1,1,,,,,
2026-07-22,2026-07-22,CM,BSE,STK,544606,INE15B701018,PINELABS,B,,,,,Pine Labs Limited,150.1,151.0,146.0,146.95,146.95,150.55,,146.9,,,570262,84437024.0,4167,F1,1,,,,,
2026-07-22,2026-07-22,CM,BSE,STK,544607,INE0D8001018,SHTL,MT,,,,,SHINING TOOLS LIMITED,78.0,78.0,74.82,74.82,74.82,78.75,,74.82,,,4800,362964.0,4,F1,1200,,,,,
2026-07-22,2026-07-22,CM,BSE,STK,544608,INE1C6T01020,EMMVEE,B,,,,,Emmvee Photovoltaic Power Limi,328.8,328.9,315.25,321.9,323.2,327.25,,322.0,,,106069,34080906.0,1597,F1,1,,,,,
2026-07-22,2026-07-22,CM,BSE,STK,544609,INE0LP301011,PWL,B,,,,,Physicswallah Limited,133.3,134.95,131.15,131.8,131.8,133.9,,131.91,,,152815,20203416.0,1201,F1,1,,,,,
2026-07-22,2026-07-22,CM,BSE,STK,544610,INE1I1301016,WORKMATES,M,,,,,WORKMATES CORE2CLOUD SOLUTION,320.4,343.0,320.4,343.0,343.0,339.5,,343.0,,,12600,4251930.0,21,F1,600,,,,,
2026-07-22,2026-07-22,CM,BSE,STK,544612,INE19RI01016,TENNIND,B,,,,,Tenneco Clean Air India Limite,569.5,570.0,555.6,558.65,556.5,569.45,,558.55,,,34315,19320120.0,1453,F1,1,,,,,
2026-07-22,2026-07-22,CM,BSE,STK,544613,INE12UR01024,UTLSOLAR,B,,,,,Fujiyama Power Systems Limited,372.4,381.3,372.4,378.75,378.3,376.25,,378.4,,,32768,12378565.0,2358,F1,1,,,,,
2026-07-22,2026-07-22,CM,BSE,STK,544614,INE0ILV01024,CAPILLARY,B,,,,,Capillary Technologies India L,477.15,481.55,474.6,479.95,478.5,476.7,,480.0,,,705,336201.0,76,F1,1,,,,,
2026-07-22,2026-07-22,CM,BSE,STK,544615,INE1SPP01016,KSR,B,,,,,KSR Footwear Limited,29.25,30.6,29.25,29.92,30.0,30.6,,29.81,,,262,7879.0,12,F1,1,,,,,
2026-07-22,2026-07-22,CM,BSE,STK,544617,INE606N01019,EXCELSOFT,B,,,,,Excelsoft Technologies Limited,75.36,76.55,74.68,75.03,74.9,76.03,,75.09,,,42598,3207273.0,357,F1,1,,,,,
2026-07-22,2026-07-22,CM,BSE,STK,544619,INE0QPI01025,SUDEEPPHRM,B,,,,,Sudeep Pharma Limited,874.95,874.95,845.95,851.05,847.95,870.05,,849.9,,,8157,6978491.0,582,F1,1,,,,,
2026-07-22,2026-07-22,CM,BSE,STK,544621,INE1U2R01013,SSMD,M,,,,,SSMD AGROTECH INDIA LIMITED,57.04,58.94,56.05,57.34,58.94,57.5,,57.34,,,5000,286110.0,5,F1,1000,,,,,
2026-07-22,2026-07-22,CM,BSE,STK,544622,INE2KCE01013,KWIL,B,,,,,Kwality Walls (India) Limited,33.99,33.99,32.5,32.6,32.6,33.77,,32.58,,,372287,12218003.0,1570,F1,1,,,,,
2026-07-22,2026-07-22,CM,BSE,STK,544626,INE1E4401010,EXATO,MT,,,,,EXATO TECHNOLOGIES LIMITED,585.4,585.4,584.0,585.4,585.4,557.55,,585.4,,,38500,22537150.0,52,F1,500,,,,,
2026-07-22,2026-07-22,CM,BSE,STK,544628,INE0RUY01012,ASTRONMULT,MT,,,,,Astron Multigrain Limited,17.45,18.27,17.38,18.18,18.18,18.29,,18.18,,,16000,282680.0,8,F1,2000,,,,,
2026-07-22,2026-07-22,CM,BSE,STK,544629,INE0W4D01018,RAVEL,M,,,,,Ravelcare Limited,123.85,123.85,118.5,118.5,118.5,118.95,,118.5,,,5000,598750.0,5,F1,1000,,,,,
2026-07-22,2026-07-22,CM,BSE,STK,544631,INE985W01018,CNL,B,,,,,CREATIVE NEWTECH LIMITED,950.0,950.0,901.2,909.45,901.2,948.75,,909.55,,,3384,3123575.0,194,F1,1,,,,,
2026-07-22,2026-07-22,CM,BSE,STK,544632,INE0VDM01015,MEESHO,B,,,,,Meesho Limited,190.65,191.55,188.75,189.75,189.75,191.6,,189.87,,,275317,52380196.0,3881,F1,1,,,,,
2026-07-22,2026-07-22,CM,BSE,STK,544633,INE14UN01029,VIDYAWIRES,B,,,,,VIDYA WIRES LIMITED,91.01,92.1,89.96,90.4,91.0,91.12,,90.34,,,51819,4686877.0,838,F1,1,,,,,
2026-07-22,2026-07-22,CM,BSE,STK,544634,INE947N01017,AEQUS,B,,,,,Aequs Limited,240.2,241.35,230.5,232.55,232.55,238.3,,232.73,,,109907,25675198.0,1358,F1,1,,,,,
2026-07-22,2026-07-22,CM,BSE,STK,544635,INE1CJB01013,LUXURY,MT,,,,,Luxury Time Limited,73.49,73.49,73.49,73.49,73.49,71.71,,73.49,,,1600,117584.0,1,F1,1600,,,,,
2026-07-22,2026-07-22,CM,BSE,STK,544637,INE0QZR01017,METHODHUB,M,,,,,Methodhub Software Limited,79.5,80.79,77.0,79.94,80.79,79.72,,79.94,,,22800,1782168.0,36,F1,600,,,,,
2026-07-22,2026-07-22,CM,BSE,STK,544638,INF194KB1KJ7,GOLDBND,E,,,,,Bandhan Mutual Fund,145.25,145.9,142.98,143.09,143.01,143.14,,144.15,,,1741,249841.0,287,F1,1,,,,,
2026-07-22,2026-07-22,CM,BSE,STK,544639,INF194KB1KI9,SILVERBND,E,,,,,Bandhan Mutual Fund,223.48,223.75,223.48,223.75,223.75,221.83,,223.6,,,40,8944.0,2,F1,1,,,,,
2026-07-22,2026-07-22,CM,BSE,STK,544640,INE1DKT01011,RDEL,M,,,,,Riddhi Display Equipments Limi,34.21,34.99,33.47,33.47,33.47,34.2,,33.47,,,4800,163632.0,4,F1,1200,,,,,
2026-07-22,2026-07-22,CM,BSE,STK,544641,INE1IE301018,KVTOYS,M,,,,,K. V. TOYS INDIA LIMITED,321.9,322.0,301.2,302.4,304.0,321.9,,302.4,,,9000,2785680.0,14,F1,600,,,,,
2026-07-22,2026-07-22,CM,BSE,STK,544642,INE0E7301029,WAKEFIT,B,,,,,Wakefit Innovations Limited,126.0,143.85,126.0,138.6,138.6,124.8,,138.85,,,1035186,141973862.0,7587,F1,1,,,,,
2026-07-22,2026-07-22,CM,BSE,STK,544643,INE10XK01019,PRODOCS,M,,,,,PRODOCS SOLUTIONS LIMITED,180.5,180.5,166.05,166.05,166.05,165.0,,166.05,,,3000,517550.0,3,F1,1000,,,,,
2026-07-22,2026-07-22,CM,BSE,STK,544644,INE02ZQ01018,CORONA,B,,,,,Corona Remedies Limited,2072.0,2072.0,2040.0,2042.6,2040.0,2089.15,,2042.7,,,380,778683.0,90,F1,1,,,,,
2026-07-22,2026-07-22,CM,BSE,STK,544645,INE119201023,PARKHOSPS,B,,,,,PARK MEDI WORLD LIMITED,271.2,285.0,269.0,281.7,281.45,270.95,,281.6,,,86526,24154404.0,1311,F1,1,,,,,
2026-07-22,2026-07-22,CM,BSE,STK,544646,INE0O9L01010,SHIPWAVES,M,,,,,Shipwaves Online Limited,3.23,3.35,3.14,3.27,3.35,3.3,,3.27,,,170000,550200.0,15,F1,10000,,,,,
2026-07-22,2026-07-22,CM,BSE,STK,544647,INE428V01029,NEPHROPLUS,B,,,,,Nephrocare Health Services Lim,634.0,679.0,633.4,673.5,679.0,625.1,,672.75,,,36422,24148268.0,1393,F1,1,,,,,
2026-07-22,2026-07-22,CM,BSE,STK,544648,INE1FHV01026,UNISEM,M,,,,,UNISEM AGRITECH LIMITED,54.99,54.99,54.99,54.99,54.99,55.0,,54.99,,,4000,219960.0,2,F1,2000,,,,,
2026-07-22,2026-07-22,CM,BSE,STK,544654,INF740KA1WX3,SMALLADD,B,,,,,DSP Mutual Fund,18.2,18.2,17.9,17.95,17.93,18.2,,17.94,,,7335,131920.0,61,F1,1,,,,,
2026-07-22,2026-07-22,CM,BSE,STK,544655,INF740KA1WW5,MIDCAPADD,B,,,,,DSP Mutual Fund,23.12,23.12,22.98,23.12,23.12,23.14,,22.95,,,3,69.0,3,F1,1,,,,,
2026-07-22,2026-07-22,CM,BSE,STK,544656,INE1E1V01017,HRS,M,,,,,HRS ALUGLAZE LIMITED,248.0,252.0,247.95,250.0,252.0,247.85,,250.0,,,1600,398380.0,4,F1,400,,,,,
2026-07-22,2026-07-22,CM,BSE,STK,544657,INE14LM01012,PAJSON,M,,,,,Pajson Agro India Limited,183.0,185.0,181.05,182.0,182.0,181.4,,182.0,,,4200,770430.0,6,F1,600,,,,,
2026-07-22,2026-07-22,CM,BSE,STK,544658,INE346A01027,ICICIAMC,A,,,,,ICICI Prudential Asset Managem,3149.6,3150.0,3105.05,3119.75,3119.75,3149.6,,3119.9,,,3672,11460150.0,491,F1,1,,,,,
2026-07-22,2026-07-22,CM,BSE,STK,544660,INF769K01PZ5,TOP20,B,,,,,Mirae Asset Mutual Fund,8.85,8.85,8.77,8.79,8.79,8.82,,8.77,,,2447,21644.0,11,F1,1,,,,,
2026-07-22,2026-07-22,CM,BSE,STK,544661,INF769K01PY8,DIVIDEND,B,,,,,Mirae Asset Mutual Fund,35.26,35.29,35.26,35.29,35.29,35.44,,35.21,,,60,2115.0,2,F1,1,,,,,
2026-07-22,2026-07-22,CM,BSE,STK,544662,INE0VI201010,SIMANDHAR,X,,,,,SIMANDHAR IMPEX LIMITED,145.95,145.95,145.95,145.95,145.95,133.4,,145.95,,,1,145.0,1,F1,1,,,,,
2026-07-22,2026-07-22,CM,BSE,STK,544664,INE987S01020,KSHINTL,B,,,,,KSH INTERNATIONAL LIMITED,911.05,915.85,888.5,893.5,894.1,903.7,,893.7,,,211398,190638307.0,628,F1,1,,,,,
2026-07-22,2026-07-22,CM,BSE,STK,544665,INE1ITY01011,GLOBALLOG,M,,,,,Global Ocean Logistics India L,139.0,139.0,139.0,139.0,139.0,139.0,,139.0,,,4800,667200.0,2,F1,1600,,,,,
2026-07-22,2026-07-22,CM,BSE,STK,544666,INE0V0W01025,GKSL,B,,,,,GUJARAT KIDNEY AND SUPER SPECI,130.5,130.5,127.0,127.4,127.95,130.25,,127.36,,,12376,1580868.0,266,F1,1,,,,,
2026-07-22,2026-07-22,CM,BSE,STK,544667,INE1F9M01018,DACHEPALLI,MT,,,,,Dachepalli Publishers Limited,82.9,82.9,80.01,81.5,81.5,78.96,,81.5,,,22800,1878936.0,18,F1,1200,,,,,
2026-07-22,2026-07-22,CM,BSE,STK,544668,INE0YJA01011,NANTA,MT,,,,,NANTA TECH LIMITED,450.0,470.0,448.0,468.8,469.0,456.6,,468.8,,,15600,7259640.0,23,F1,600,,,,,
2026-07-22,2026-07-22,CM,BSE,STK,544669,INE0XLO01010,ADMACH,MT,,,,,ADMACH SYSTEMS LIMITED,398.35,405.95,394.45,399.4,400.0,394.45,,399.4,,,10200,4076250.0,13,F1,600,,,,,
2026-07-22,2026-07-22,CM,BSE,STK,544670,INE1IJQ01026,BAIKAKAJI,M,,,,,BAI-KAKAJI POLYMERS LIMITED,188.55,188.55,185.05,185.2,185.1,189.3,,185.2,,,6000,1117740.0,10,F1,600,,,,,
2026-07-22,2026-07-22,CM,BSE,STK,544671,INE0X4A01013,ATIL,M,,,,,APOLLO TECHNO INDUSTRIES LIMIT,82.75,82.75,80.55,80.6,80.6,84.73,,80.6,,,4000,324640.0,4,F1,1000,,,,,
2026-07-22,2026-07-22,CM,BSE,STK,544674,INF740KA1XU7,NEXT50ADD,B,,,,,DSP Mutual Fund,72.83,72.87,72.83,72.87,72.87,71.79,,72.68,,,16,1165.0,3,F1,1,,,,,
2026-07-22,2026-07-22,CM,BSE,STK,544675,INE1H1501013,GTIL,M,,,,,Gabion Technologies India Limi,80.0,94.75,80.0,87.0,87.0,82.88,,87.0,,,73600,6485904.0,39,F1,1600,,,,,
2026-07-22,2026-07-22,CM,BSE,STK,544676,INE0CNJ01010,YAJUR,MT,,,,,YAJUR FIBRES LIMITED,37.01,38.0,36.35,36.78,36.7,37.98,,36.78,,,14400,532584.0,16,F1,800,,,,,
2026-07-22,2026-07-22,CM,BSE,STK,544677,INE0ZE201010,DEFRAIL,M,,,,,Defrail Technologies Limited,68.1,71.44,68.1,71.0,71.0,68.6,,71.0,,,22400,1582448.0,10,F1,1600,,,,,
2026-07-22,2026-07-22,CM,BSE,STK,544678,INE05XR01022,BHARATCOAL,B,,,,,BHARAT COKING COAL LIMITED,36.1,36.4,34.41,34.92,34.92,37.5,,34.92,,,1818332,63698310.0,5478,F1,1,,,,,
2026-07-22,2026-07-22,CM,BSE,STK,544679,INE121R01077,AMAGI,B,,,,,Amagi Media Labs Limited,590.0,619.0,587.7,611.85,607.7,591.2,,611.85,,,64920,39227406.0,1970,F1,1,,,,,
2026-07-22,2026-07-22,CM,BSE,STK,544680,INE0S1B01014,NARMADESH,MT,,,,,Narmadesh Brass Industries Lim,308.85,309.75,308.85,309.75,309.75,309.75,,309.75,,,61680,19104732.0,122,F1,240,,,,,
2026-07-22,2026-07-22,CM,BSE,STK,544681,INE0WKY01013,INDOSMC,MT,,,,,INDO SMC Limited,394.95,406.95,394.95,406.95,406.95,387.6,,406.95,,,55000,22286450.0,39,F1,1000,,,,,
2026-07-22,2026-07-22,CM,BSE,STK,544682,INE0U8P01015,GRERENEW,MT,,,,,GRE Renew Enertech Limited,184.95,184.95,184.95,184.95,184.95,176.15,,184.95,,,25200,4660740.0,13,F1,1200,,,,,
2026-07-22,2026-07-22,CM,BSE,STK,544683,INE1D8001016,ARITAS,MT,,,,,Aritas Vinyl Limited,12.36,13.12,12.36,13.12,13.12,12.99,,13.12,,,6000,76440.0,2,F1,3000,,,,,
2026-07-22,2026-07-22,CM,BSE,STK,544684,INE1OOT01028,DIGILOGIC,M,,,,,DIGILOGIC SYSTEMS LIMITED,115.0,118.0,113.15,115.0,115.0,116.9,,115.0,,,45600,5310660.0,35,F1,1200,,,,,
2026-07-22,2026-07-22,CM,BSE,STK,544685,INE12UN01015,SHADOWFAX,B,,,,,SHADOWFAX TECHNOLOGIES LIMITED,217.95,223.25,214.0,217.15,215.95,218.65,,217.15,,,81547,17840787.0,1556,F1,1,,,,,
2026-07-22,2026-07-22,CM,BSE,STK,544686,INE0UCL01011,SHAYONAENG,M,,,,,SHAYONA ENGINEERING LIMITED,143.9,143.9,143.9,143.9,143.9,144.9,,143.9,,,1000,143900.0,1,F1,1000,,,,,
2026-07-22,2026-07-22,CM,BSE,STK,544687,INE0JVH01012,HANNAH,MT,,,,,Hannah Joseph Hospital Limited,117.2,117.2,106.15,106.15,106.15,111.65,,106.15,,,10000,1130100.0,5,F1,2000,,,,,
2026-07-22,2026-07-22,CM,BSE,STK,544693,INE163401016,KANISHK,MT,,,,,KANISHK ALUMINIUM INDIA LIMITE,26.05,26.05,26.05,26.05,26.05,26.7,,26.05,,,3200,83360.0,2,F1,1600,,,,,
2026-07-22,2026-07-22,CM,BSE,STK,544694,INE1KVQ01019,ANL,MT,,,,,Accretion Nutraveda Limited,268.05,274.0,266.0,273.5,274.0,278.0,,273.5,,,6000,1615050.0,6,F1,1000,,,,,
2026-07-22,2026-07-22,CM,BSE,STK,544695,INE2B5L01011,MSAFE,MT,,,,,Msafe Equipments Limited,175.05,188.95,175.05,180.5,180.5,184.15,,180.5,,,21000,3833450.0,21,F1,1000,,,,,
2026-07-22,2026-07-22,CM,BSE,STK,544699,INE501X01029,AYE,B,,,,,Aye Finance Limited,191.15,192.3,174.85,177.5,177.5,189.6,,177.24,,,375098,68330571.0,3644,F1,1,,,,,
2026-07-22,2026-07-22,CM,BSE,STK,544700,INE212S01015,FRACTAL,B,,,,,Fractal Analytics Limited,872.25,899.45,859.25,893.95,893.55,867.45,,895.25,,,23658,20986443.0,1610,F1,1,,,,,
2026-07-22,2026-07-22,CM,BSE,STK,544701,INF769K01QA6,HEALTHCARE,B,,,,,Mirae Asset Mutual Fund,21.39,21.39,21.03,21.14,21.19,21.47,,21.14,,,46065,973775.0,62,F1,1,,,,,
2026-07-22,2026-07-22,CM,BSE,STK,544702,INE0OU201013,DCMSIL,T,,,,,DCM SHRIRAM INTERNATIONAL LIMI,83.53,83.53,83.53,83.53,83.53,85.23,,83.53,,,3192,266627.0,12,F1,1,,,,,
2026-07-22,2026-07-22,CM,BSE,STK,544703,INE0OFM01015,DSFCL,T,,,,,DCM SHRIRAM FINE CHEMICALS LIM,28.22,28.22,28.22,28.22,28.22,26.88,,28.16,,,46841,1321853.0,101,F1,1,,,,,
2026-07-22,2026-07-22,CM,BSE,STK,544704,INF769K01QB4,INFRA,B,,,,,Mirae Asset Mutual Fund,12.33,12.33,12.21,12.21,12.25,12.37,,12.24,,,2172,26617.0,24,F1,1,,,,,
2026-07-22,2026-07-22,CM,BSE,STK,544705,INF769K01QC2,DEFENCE,B,,,,,Mirae Asset Mutual Fund,78.95,79.07,78.07,78.63,78.5,78.87,,78.64,,,17360,1364320.0,160,F1,1,,,,,
2026-07-22,2026-07-22,CM,BSE,STK,544707,INE1W3Q01011,FIL,M,,,,,Fractal Industries Limited,201.0,214.0,201.0,213.85,213.85,208.9,,213.85,,,29400,6277650.0,18,F1,600,,,,,
2026-07-22,2026-07-22,CM,BSE,STK,544708,INE1O6P01016,YASHHTEJ,MT,,,,,Yashhtej Industries (India) Li,52.0,53.9,50.41,52.95,53.9,52.3,,52.95,,,9600,498972.0,8,F1,1200,,,,,
2026-07-22,2026-07-22,CM,BSE,STK,544709,INE0P8B01020,GAUDIUMIVF,T,,,,,Gaudium IVF and Women Health L,157.0,163.7,149.1,157.65,158.65,155.95,,158.05,,,153049,24448620.0,1324,F1,1,,,,,
2026-07-22,2026-07-22,CM,BSE,STK,544710,INE132201018,ACCORDTS,M,,,,,ACCORD TRANSFORMER & SWITCHGEA,52.1,53.55,51.0,52.33,52.5,52.7,,52.33,,,126000,6579150.0,40,F1,3000,,,,,
2026-07-22,2026-07-22,CM,BSE,STK,544711,INE1C3F01018,KIAASA,M,,,,,KIAASA RETAIL LIMITED,34.8,36.2,34.55,34.99,34.9,35.33,,34.99,,,34000,1186280.0,16,F1,1000,,,,,
2026-07-22,2026-07-22,CM,BSE,STK,544716,INE19GK01015,SRTL,B,,,,,SHREE RAM TWISTEX LIMITED,41.26,41.49,40.6,41.01,41.17,41.67,,41.0,,,6192,254179.0,60,F1,1,,,,,
2026-07-22,2026-07-22,CM,BSE,STK,544717,INE647U01026,CLEANMAX,B,,,,,Clean Max Enviro Energy Soluti,1363.6,1409.35,1352.8,1370.1,1373.7,1365.6,,1370.8,,,12290,16874421.0,1000,F1,1,,,,,
2026-07-22,2026-07-22,CM,BSE,STK,544718,INE1RDG01013,PNGSREVA,B,,,,,PNGS Reva Diamond Jewellery Li,412.0,422.15,405.2,413.45,416.5,411.25,,414.05,,,12927,5357842.0,527,F1,1,,,,,
2026-07-22,2026-07-22,CM,BSE,STK,544719,INF209KC1670,ABSL10BANK,B,,,,,Aditya Birla Sun Life Mutual F,172.0,175.24,170.0,170.0,170.0,172.04,,170.68,,,84,14339.0,8,F1,1,,,,,
2026-07-22,2026-07-22,CM,BSE,STK,544720,INE0UH301010,OMNI,B,,,,,Omnitech Engineering Limited,576.9,584.25,565.1,580.5,582.25,576.9,,580.65,,,32806,18931927.0,1355,F1,1,,,,,
2026-07-22,2026-07-22,CM,BSE,STK,544721,INF666M01OD9,GROWWHOSPI,B,,,,,Groww Mutual Fund,53.15,54.22,53.01,53.66,53.79,54.27,,53.65,,,27548,1475783.0,206,F1,1,,,,,
2026-07-22,2026-07-22,CM,BSE,STK,544722,INF200KB1AJ0,SBIMIDMOM,B,,,,,SBI Mutual Fund,62.47,62.47,62.46,62.46,62.46,62.59,,62.42,,,21,1311.0,2,F1,1,,,,,
2026-07-22,2026-07-22,CM,BSE,STK,544723,INE00XB01019,SEDEMAC,B,,,,,SEDEMAC MECHATRONICS LIMITED,2699.15,2804.0,2699.15,2771.95,2770.0,2674.35,,2775.1,,,5788,15948584.0,674,F1,1,,,,,
2026-07-22,2026-07-22,CM,BSE,STK,544724,INE1FEW01013,ELFIN,MT,,,,,Elfin Agro India Limited,80.0,80.0,79.1,79.1,79.1,83.25,,79.1,,,18000,1427250.0,6,F1,3000,,,,,
2026-07-22,2026-07-22,CM,BSE,STK,544725,INF740KA1YH2,BANK10ADD,B,,,,,DSP Mutual Fund,17.18,17.18,16.99,17.02,17.03,17.19,,16.99,,,5637,96128.0,14,F1,1,,,,,
2026-07-22,2026-07-22,CM,BSE,STK,544726,INE0J0B01017,KOTYARK,T,,,,,Kotyark Industries Limited,34.88,34.98,33.26,33.34,34.57,34.07,,33.32,,,2384,80615.0,26,F1,1,,,,,
2026-07-22,2026-07-22,CM,BSE,STK,544731,INE313L01016,RSL,B,,,,,RAJPUTANA STAINLESS LIMITED,133.0,137.25,131.05,133.7,133.7,133.1,,133.76,,,25531,3442443.0,668,F1,1,,,,,
2026-07-22,2026-07-22,CM,BSE,STK,544732,INE0ADB01012,INNOVISION,B,,,,,Innovision Limited,285.1,288.25,283.7,285.6,284.75,286.2,,286.1,,,868,246918.0,80,F1,1,,,,,
2026-07-22,2026-07-22,CM,BSE,STK,544733,INE713R01022,GSPCROP,B,,,,,GSP CROP SCIENCE LIMITED,498.6,512.7,498.6,505.7,510.9,507.7,,506.7,,,7864,3980445.0,210,F1,1,,,,,
2026-07-22,2026-07-22,CM,BSE,STK,544734,INE2PB023011,RIIT,IF,,,,,Raajmarg Infra Investment Trus,116.95,116.95,116.45,116.85,116.85,116.59,,116.75,,,1533,179044.0,32,F1,1,,,,,
2026-07-22,2026-07-22,CM,BSE,STK,544735,INE1TFS01019,NOVUS,M,,,,,Novus Loyalty Limited,132.0,132.0,132.0,132.0,132.0,128.5,,132.0,,,1000,132000.0,1,F1,1000,,,,,
2026-07-22,2026-07-22,CM,BSE,STK,544736,INF336L01RX2,HSBCGOLD,E,,,,,HSBC Mutual Fund,125.0,126.0,124.53,124.53,124.53,124.2,,125.64,,,1080,134992.0,14,F1,1,,,,,
2026-07-22,2026-07-22,CM,BSE,STK,544737,INF769K01QV2,VALUE,B,,,,,Mirae Asset Mutual Fund,16.17,16.19,16.13,16.14,16.14,16.29,,16.13,,,697,11264.0,13,F1,1,,,,,
2026-07-22,2026-07-22,CM,BSE,STK,544738,INE0R0M01014,SPML,MT,,,,,SPECIALITY MEDICINES LIMITED,185.0,185.0,185.0,185.0,185.0,190.9,,185.0,,,2000,370000.0,2,F1,1000,,,,,
2026-07-22,2026-07-22,CM,BSE,STK,544739,INE05HV01027,CMPDI,B,,,,,Central Mine Planning & Design,265.2,269.5,258.0,259.6,259.6,264.85,,259.27,,,508160,133419449.0,8061,F1,1,,,,,
2026-07-22,2026-07-22,CM,BSE,STK,544740,INE1U6D01014,TIPCO,MT,,,,,Tipco Engineering India Limite,188.5,194.0,186.4,186.7,186.7,191.45,,186.7,,,64000,12054240.0,22,F1,1600,,,,,
2026-07-22,2026-07-22,CM,BSE,STK,544741,INE1KI801019,HIGHNESS,MT,,,,,Highness Microelectronics Limi,173.7,173.9,171.45,171.5,171.5,180.45,,171.5,,,25200,4333440.0,21,F1,1200,,,,,
2026-07-22,2026-07-22,CM,BSE,STK,544742,INE0H9F01037,SAIPARENT,B,,,,,Sai Parenteral's Limited,560.0,560.55,545.6,550.85,549.0,560.4,,551.05,,,6777,3736237.0,495,F1,1,,,,,
2026-07-22,2026-07-22,CM,BSE,STK,544743,INE05TO01019,AEROPLANE,B,,,,,Amir Chand Jagdish Kumar (Expo,185.1,188.5,177.05,183.75,184.0,186.3,,183.92,,,45443,8305522.0,1142,F1,1,,,,,
2026-07-22,2026-07-22,CM,BSE,STK,544744,INE921L01032,POWERICA,B,,,,,Powerica Ltd.,561.0,565.95,551.0,555.2,551.0,563.0,,554.2,,,25751,14316994.0,1171,F1,1,,,,,
2026-07-22,2026-07-22,CM,BSE,STK,544745,INF200KB1AK8,SBINMID150,B,,,,,SBI Mutual Fund,23.31,23.31,23.0,23.02,23.03,23.31,,22.99,,,3757,86673.0,73,F1,1,,,,,
2026-07-22,2026-07-22,CM,BSE,STK,544746,INE0UMH01018,SCDL,M,,,,,SAFETY CONTROLS & DEVICES LIMI,70.75,71.75,68.0,68.72,68.72,71.8,,68.72,,,30400,2116880.0,19,F1,1600,,,,,
2026-07-22,2026-07-22,CM,BSE,STK,544747,INE1OSW01015,EMIAC,M,,,,,EMIAC TECHNOLOGIES LIMITED,97.0,97.0,93.7,93.7,93.7,98.0,,93.7,,,8400,797700.0,7,F1,1200,,,,,
2026-07-22,2026-07-22,CM,BSE,STK,544748,INE840Y01029,ONEPOINT,B,,,,,ONE POINT ONE SOLUTIONS LIMITE,53.51,54.58,51.8,54.24,54.19,53.62,,54.24,,,133364,6979088.0,534,F1,1,,,,,
2026-07-22,2026-07-22,CM,BSE,STK,544750,INE25E901019,OMPOWER,B,,,,,OM POWER TRANSMISSION LIMITED,170.4,170.4,166.6,167.1,167.15,169.2,,167.11,,,4073,684990.0,263,F1,1,,,,,
2026-07-22,2026-07-22,CM,BSE,STK,544751,INE1K0V01011,MTL,M,,,,,MEHUL TELECOM LIMITED,94.0,94.0,90.0,91.0,91.0,94.1,,91.0,,,3600,330000.0,3,F1,1200,,,,,
2026-07-22,2026-07-22,CM,BSE,STK,544753,INE2Q7823014,CITIUSINVT,IF,,,,,Citius TransNet Investment Tru,111.9,111.9,109.86,110.96,110.96,110.03,,109.42,,,6825,756275.0,22,F1,1,,,,,
2026-07-22,2026-07-22,CM,BSE,STK,544754,INE12F801023,KISSHT,B,,,,,OnEMI Technology Solutions Lim,336.6,343.95,332.0,339.2,339.2,337.1,,339.05,,,338862,113978435.0,3171,F1,1,,,,,
2026-07-22,2026-07-22,CM,BSE,STK,544755,INE2B6701015,RECODE,M,,,,,RECODE STUDIOS LIMITED,211.0,238.9,211.0,217.05,216.95,208.1,,217.05,,,267200,60199880.0,247,F1,800,,,,,
2026-07-22,2026-07-22,CM,BSE,STK,544756,INE368U01029,UNITEDPOLY,T,,,,,United Polyfab Gujarat Limited,28.5,29.9,27.75,28.24,29.9,28.95,,28.86,,,377,10602.0,7,F1,1,,,,,
2026-07-22,2026-07-22,CM,BSE,STK,544757,INE032Z01020,BSHSL,T,,,,,BOMBAY SUPER HYBRID SEEDS LIMI,89.76,89.76,89.4,89.4,89.4,85.5,,88.74,,,87,7799.0,7,F1,1,,,,,
2026-07-22,2026-07-22,CM,BSE,STK,544758,INE2OVN25015,BAGMANE,IF,,,,,Bagmane Prime Office REIT,105.09,105.09,104.52,104.56,104.52,104.89,,104.66,,,6017,631022.0,152,F1,1,,,,,
2026-07-22,2026-07-22,CM,BSE,STK,544759,INE1CLW01015,GLPL,M,,,,,GOLDLINE PHARMACEUTICAL LIMITE,41.25,41.25,39.99,39.99,39.99,41.0,,39.99,,,12000,491220.0,2,F1,3000,,,,,
2026-07-22,2026-07-22,CM,BSE,STK,544762,INF200KB1AX1,SBIVALETF,B,,,,,SBI Mutual Fund,15.0,15.0,14.98,14.99,14.99,15.02,,14.91,,,224,3358.0,6,F1,1,,,,,
2026-07-22,2026-07-22,CM,BSE,STK,544763,INF200KB1AY9,SBISMLETF,B,,,,,SBI Mutual Fund,18.6,18.6,17.66,17.86,17.91,18.15,,17.89,,,5567,99851.0,41,F1,1,,,,,
2026-07-22,2026-07-22,CM,BSE,STK,544764,INE0JYY01029,MWL,B,,,,,Mangalam Worldwide Limited,36.55,36.75,35.85,36.0,35.85,36.7,,35.9,,,22732,819343.0,67,F1,1,,,,,
2026-07-22,2026-07-22,CM,BSE,STK,544765,INE1L3801017,VPAL,M,,,,,Vegorama Punjabi Angithi Limit,153.05,156.0,153.0,156.0,156.0,155.8,,156.0,,,11200,1734400.0,7,F1,1600,,,,,
2026-07-22,2026-07-22,CM,BSE,STK,544766,INF579M01BP5,MSCI360,B,,,,,360 ONE Mutual Fund,10.15,10.15,10.02,10.06,10.06,10.13,,10.01,,,1062,10644.0,5,F1,1,,,,,
2026-07-22,2026-07-22,CM,BSE,STK,544767,INE18HI01019,AFLTD,M,,,,,Autofurnish Limited,56.75,56.75,55.0,55.3,55.3,59.0,,55.3,,,30000,1668000.0,10,F1,3000,,,,,
2026-07-22,2026-07-22,CM,BSE,STK,544768,INE0YD301010,MANIVENI,M,,,,,M.R.MANIVENI FOODS LIMITED,30.35,31.65,30.05,31.64,31.65,30.02,,31.64,,,46000,1390260.0,5,F1,2000,,,,,
2026-07-22,2026-07-22,CM,BSE,STK,544769,INE1UYW01010,HARIKANTA,M,,,,,HARIKANTA OVERSEAS LIMITED,78.0,79.0,75.0,75.5,75.0,77.0,,75.5,,,8400,647400.0,7,F1,1200,,,,,
2026-07-22,2026-07-22,CM,BSE,STK,544770,INE1T6L01010,YAASHVI,M,,,,,YAASHVI JEWELLERS LIMITED,72.5,76.9,70.15,74.35,72.7,73.0,,74.35,,,120000,8737520.0,24,F1,1600,,,,,
2026-07-22,2026-07-22,CM,BSE,STK,544772,INE1KVL01010,AUREATE,M,,,,,AUREATE TRADDE LIMITED,34.06,34.06,34.06,34.06,34.06,35.85,,34.06,,,2000,68120.0,1,F1,2000,,,,,
2026-07-22,2026-07-22,CM,BSE,STK,544773,INE1RQS01010,MRTX,M,,,,,Merritronix Limited,384.95,384.95,365.2,370.35,366.0,380.95,,370.35,,,74000,27875450.0,70,F1,1000,,,,,
2026-07-22,2026-07-22,CM,BSE,STK,544774,INE11XK01017,SMR,M,,,,,SMR Jewels Limited,88.0,91.6,88.0,88.0,88.0,88.0,,88.0,,,4000,355600.0,4,F1,1000,,,,,
2026-07-22,2026-07-22,CM,BSE,STK,544777,INE00WV01027,CMRGREEN,B,,,,,CMR Green Technologies Limited,223.05,223.1,215.05,218.1,218.1,221.8,,218.1,,,86070,18732859.0,1383,F1,1,,,,,
2026-07-22,2026-07-22,CM,BSE,STK,544778,INE0H3U01013,VAHH,M,,,,,Vahh Chemicals Limited,54.5,54.5,52.0,52.61,52.99,56.66,,52.61,,,20000,1068080.0,9,F1,2000,,,,,
2026-07-22,2026-07-22,CM,BSE,STK,544779,INE0YZ901011,UHMVL,M,,,,,UHM Vacation Limited,38.71,39.5,36.06,36.07,36.07,37.95,,36.07,,,82400,2985280.0,77,F1,800,,,,,
2026-07-22,2026-07-22,CM,BSE,STK,544780,INE1CDF01017,VAML,B,,,,,Vedanta Aluminium Metal Limite,440.95,440.95,423.3,431.3,431.3,441.45,,431.2,,,803332,346569167.0,30364,F1,1,,,,,
2026-07-22,2026-07-22,CM,BSE,STK,544781,INE694L01019,VEDPOWER,B,,,,,Vedanta Power Limited,37.65,38.2,35.25,35.38,35.38,37.79,,35.38,,,3424947,123806489.0,17340,F1,1,,,,,
2026-07-22,2026-07-22,CM,BSE,STK,544782,INE704J01044,VOGL,B,,,,,Vedanta Oil and Gas Limited,34.83,35.1,33.15,33.33,33.33,34.83,,33.28,,,3974999,133547297.0,12623,F1,1,,,,,
2026-07-22,2026-07-22,CM,BSE,STK,544783,INE255Z01027,E2E,B,,,,,E2E Networks Limited,468.95,468.95,468.95,468.95,468.95,446.65,,468.9,,,168367,78955704.0,1137,F1,1,,,,,
2026-07-22,2026-07-22,CM,BSE,STK,544784,INE1CLE01013,VISL,B,,,,,Vedanta Iron and Steel Limited,32.34,32.44,31.2,31.42,31.42,32.6,,31.4,,,1611633,50873576.0,5237,F1,1,,,,,
2026-07-22,2026-07-22,CM,BSE,STK,544785,INE0JUI01012,HEXAGON,T,,,,,Hexagon Nutrition Limited,67.82,69.0,66.16,67.45,68.4,69.55,,67.63,,,92824,6285829.0,516,F1,1,,,,,
2026-07-22,2026-07-22,CM,BSE,STK,544786,INE155D01018,SELECTRIC,B,,,,,Schneider Electric President S,2185.0,2338.4,2185.0,2338.4,2338.4,2227.05,,2338.4,,,36483,82937854.0,505,F1,1,,,,,
2026-07-22,2026-07-22,CM,BSE,STK,544793,INE2L0V01019,SUSAN,M,,,,,Susan Electricals India Limite,235.0,239.0,228.15,230.0,230.0,235.25,,230.0,,,163000,37979200.0,150,F1,1000,,,,,
2026-07-22,2026-07-22,CM,BSE,STK,544794,INE1SEO01013,HORIZON,M,,,,,HORIZON RECLAIM (INDIA) LIMITE,149.35,149.95,144.9,146.9,146.9,149.35,,146.9,,,33600,4954140.0,28,F1,1200,,,,,
2026-07-22,2026-07-22,CM,BSE,STK,544795,INF109K1A476,SMALLIETF,B,,,,,ICICI Prudential Mutual Fund,18.0,18.0,17.9,17.91,17.91,18.12,,17.91,,,1375,24677.0,8,F1,1,,,,,
2026-07-22,2026-07-22,CM,BSE,STK,544796,INE0TKX01011,LIOTECH,M,,,,,LIOTECH INDUSTRIES LIMITED,105.35,112.0,105.35,105.35,105.35,110.85,,105.35,,,75200,7992580.0,129,F1,400,,,,,
2026-07-22,2026-07-22,CM,BSE,STK,544797,INE0X6O01027,LESL,M,,,,,LEAPFROG ENGINEERING SERVICES,22.89,22.89,22.05,22.31,22.31,22.49,,22.31,,,78000,1754340.0,11,F1,6000,,,,,
2026-07-22,2026-07-22,CM,BSE,STK,544798,INE1OSI01014,DIKSHA,M,,,,,DIKSHA POLYMERS LIMITED,119.0,120.0,119.0,119.0,119.0,119.0,,119.0,,,7200,860400.0,5,F1,1200,,,,,
2026-07-22,2026-07-22,CM,BSE,STK,544799,INE0OC301013,TURTLEMINT,B,,,,,Turtlemint Fintech Solutions L,138.05,138.4,130.0,130.45,130.45,135.65,,130.5,,,125425,16681750.0,1388,F1,1,,,,,
2026-07-22,2026-07-22,CM,BSE,STK,544800,INE1O7201010,ANUBHAV,M,,,,,ANUBHAV PLAST LIMITED,50.0,50.0,49.98,50.0,50.0,50.59,,50.0,,,8000,399952.0,5,F1,1600,,,,,
2026-07-22,2026-07-22,CM,BSE,STK,544802,INE0LZF01013,CORDELIA,B,,,,,Waterways Leisure Tourism Limi,900.15,923.9,885.25,911.65,911.65,907.05,,912.5,,,65067,58859507.0,2803,F1,1,,,,,
2026-07-22,2026-07-22,CM,BSE,STK,544803,INE1SJO01012,RAMBHAJO,B,,,,,Advit Jewels Limited,206.7,206.75,201.0,204.85,204.85,202.75,,204.65,,,27533,5599955.0,407,F1,1,,,,,
2026-07-22,2026-07-22,CM,BSE,STK,544805,INE0V3T01017,JIVIAL,M,,,,,Jivial Industries Limited,83.2,83.9,83.0,83.8,83.8,83.9,,83.8,,,4200,350520.0,7,F1,600,,,,,
2026-07-22,2026-07-22,CM,BSE,STK,544806,INE0ZK601013,CSM,B,,,,,CSM TECHNOLOGIES LIMITED,103.3,104.0,96.95,98.4,98.4,103.0,,98.14,,,43209,4328161.0,706,F1,1,,,,,
2026-07-22,2026-07-22,CM,BSE,STK,544807,INE0RBX01014,CRAZY,M,,,,,CRAZY SNACKS LIMITED,58.0,58.0,58.0,58.0,58.0,58.0,,58.0,,,6000,348000.0,2,F1,3000,,,,,
2026-07-22,2026-07-22,CM,BSE,STK,544808,INE2FMX01012,AASTHA,B,,,,,AASTHA SPINTEX LIMITED,140.0,140.25,103.3,103.3,103.3,129.1,,103.24,,,2379173,271278828.0,9750,F1,1,,,,,
2026-07-22,2026-07-22,CM,BSE,STK,544809,INE1SME01017,ADON,M,,,,,ADON AGRO COMMODITIES LIMITED,84.19,96.0,82.24,83.9,82.5,85.04,,83.9,,,716000,61466740.0,168,F1,2000,,,,,
2026-07-22,2026-07-22,CM,BSE,STK,544810,INE147701010,SILL,M,,,,,Sampark India Logistics Limite,95.1,95.1,95.0,95.0,95.0,95.09,,95.0,,,6400,608304.0,4,F1,1600,,,,,
2026-07-22,2026-07-22,CM,BSE,STK,544811,INE1L0M01019,KRATIKAL,M,,,,,KRATIKAL TECH LIMITED,173.3,174.4,171.0,172.55,174.0,178.0,,172.55,,,10000,1728450.0,10,F1,1000,,,,,
2026-07-22,2026-07-22,CM,BSE,STK,544812,INE226801012,ATHARVA,M,,,,,Atharva Poly-Plast Limited,83.55,83.55,78.01,78.01,78.01,81.75,,78.01,,,82000,6583200.0,39,F1,2000,,,,,
2026-07-22,2026-07-22,CM,BSE,STK,544813,INE1EVO01017,SEEMAX,M,,,,,Seemax Resources Limited,57.15,58.35,55.25,55.25,55.25,61.35,,55.25,,,60000,3387250.0,53,F1,1000,,,,,
2026-07-22,2026-07-22,CM,BSE,STK,544814,INE17QZ01016,KNACK,B,,,,,KNACK PACKAGING LIMITED,191.55,196.3,189.15,190.5,190.5,194.55,,190.42,,,210502,40486225.0,2106,F1,1,,,,,
2026-07-22,2026-07-22,CM,BSE,STK,544821,INE0ISX01025,KUSUMGAR,B,,,,,Kusumgar Limited,565.0,581.95,547.8,576.1,576.1,568.05,,575.85,,,93894,53034741.0,3781,F1,1,,,,,
2026-07-22,2026-07-22,CM,BSE,STK,544822,INE17IR01028,LASERPOWER,B,,,,,Laser Power & Infra Limited,286.1,288.25,274.3,277.45,276.25,282.8,,277.66,,,301221,84417248.0,3532,F1,1,,,,,
2026-07-22,2026-07-22,CM,BSE,STK,544823,INE2KRP01017,DEVSON,MT,,,,,DEVSON CATALYST LIMITED,199.5,212.65,199.0,212.65,212.65,202.55,,212.65,,,159600,33538020.0,117,F1,1200,,,,,
2026-07-22,2026-07-22,CM,BSE,STK,544825,INE1JCQ01037,ALPINETEX,T,,,,,ALPINE TEXWORLD LIMITED,94.8,94.8,94.8,94.8,94.8,99.75,,94.77,,,3596,340900.0,120,F1,1,,,,,
2026-07-22,2026-07-22,CM,BSE,STK,544826,INE1SRC01010,MILLWORKS,MT,,,,,MILLWORKS TECHNOLOGIES LIMITED,693.3,693.3,693.3,693.3,693.3,660.3,,693.3,,,165200,114533160.0,252,F1,400,,,,,
2026-07-22,2026-07-22,CM,BSE,STK,544827,INF0QA701CI0,BANK10BETF,B,,,,,Bajaj Finserv Mutual Fund,21.11,21.11,20.82,20.96,20.96,21.4,,20.95,,,1188,24952.0,12,F1,1,,,,,
2026-07-22,2026-07-22,CM,BSE,STK,544829,INE640G01020,SBIFUNDS,A,,,,,SBI Funds Management Limited,606.3,608.0,582.55,584.9,584.9,609.9,,584.7,,,1854380,1098406119.0,86774,F1,1,,,,,
2026-07-22,2026-07-22,CM,BSE,STK,544830,INF769K01RC0,MOMMIDCAP,B,,,,,Mirae Asset Mutual Fund,12.64,12.64,12.5,12.5,12.5,0.0,,12.5,,,14109,176823.0,23,F1,1,,,,,
2026-07-22,2026-07-22,CM,BSE,STK,555555,INF346A01034,SENSEXIETF,A,,,,,ICICI Prudential BSE Sensex ET,886.95,888.0,880.89,882.66,882.66,891.0,,881.58,,,263,232290.0,43,F1,1,,,,,
2026-07-22,2026-07-22,CM,BSE,STK,570002,IN9623B01058,FELDVR,Z,,,,,Future Enterprises Limited,2.4,2.55,2.36,2.55,2.55,2.48,,2.55,,,531,1287.0,13,F1,1,,,,,
2026-07-22,2026-07-22,CM,BSE,STK,570004,IN9175A01010,JISLDVREQS,B,,,,,JAIN IRRIGATION SYSTEMS LTD.,21.5,21.5,21.25,21.47,21.47,21.61,,21.44,,,702,15068.0,8,F1,1,,,,,
2026-07-22,2026-07-22,CM,BSE,STK,570005,INE224E01036,GATECHDVR,B,,,,,GACM Technologies Limited - DV,0.44,0.44,0.41,0.43,0.43,0.43,,0.42,,,116798,48570.0,39,F1,1,,,,,
2026-07-22,2026-07-22,CM,BSE,STK,590003,INE036D01028,KARURVYSYA,B,,,,,KARUR VYSYA BANK LTD.,341.7,347.75,336.9,339.15,339.15,340.1,,339.15,,,954289,326423928.0,11984,F1,1,,,,,
2026-07-22,2026-07-22,CM,BSE,STK,590005,INE484C01030,VEEDOL,B,,,,,VEEDOL CORPORATION LIMITED,1413.2,1413.2,1385.2,1390.15,1390.0,1404.05,,1390.0,,,368,512519.0,69,F1,1,,,,,
2026-07-22,2026-07-22,CM,BSE,STK,590006,INE098F01031,AMRUTANJAN,B,,,,,AMRUTANJAN HEALTH CARE LTD.,539.0,539.0,528.0,529.35,530.7,538.15,,529.1,,,2603,1382963.0,232,F1,1,,,,,
2026-07-22,2026-07-22,CM,BSE,STK,590013,INE445C01015,XPROINDIA,B,,,,,XPRO INDIA LTD.,1379.35,1379.35,1341.1,1354.5,1354.5,1379.3,,1352.2,,,843,1139934.0,122,F1,1,,,,,
2026-07-22,2026-07-22,CM,BSE,STK,590021,INE838B01021,BHARATRAS,B,,,,,BHARAT RASAYAN LTD.,1329.9,1329.9,1280.0,1284.4,1285.0,1325.25,,1282.6,,,1171,1520790.0,209,F1,1,,,,,
2026-07-22,2026-07-22,CM,BSE,STK,590024,INE188A01015,FACT,B,,,,,FERTILIZERS & CHEMICALS TRAVAN,839.95,839.95,812.55,814.6,815.35,832.6,,814.1,,,6002,4914095.0,403,F1,1,,,,,
2026-07-22,2026-07-22,CM,BSE,STK,590025,INE424C01010,GINNIFILA,T,,,,,GINNI FILAMENTS LTD.,49.96,51.95,48.25,48.5,48.3,50.06,,48.24,,,8296,406167.0,35,F1,1,,,,,
2026-07-22,2026-07-22,CM,BSE,STK,590030,INE147A01011,SPIC,B,,,,,SOUTHERN PETROCHEMICALS LTD.,67.11,67.11,65.51,65.64,65.64,66.62,,65.64,,,18368,1209043.0,181,F1,1,,,,,
2026-07-22,2026-07-22,CM,BSE,STK,590031,INE244A01016,DENORA,B,,,,,DE NORA INDIA LTD.,886.3,919.0,847.3,866.9,868.0,886.3,,863.8,,,2626,2281467.0,349,F1,1,,,,,
2026-07-22,2026-07-22,CM,BSE,STK,590041,INE641C01019,KAVDEFENCE,B,,,,,Kavveri Defence &amp; Wireless,61.99,61.99,57.06,57.34,57.1,58.29,,57.66,,,6282,365344.0,144,F1,1,,,,,
2026-07-22,2026-07-22,CM,BSE,STK,590051,INE667G01023,SAKSOFT,B,,,,,SAKSOFT LTD.,173.2,174.45,167.55,170.55,168.45,173.9,,169.22,,,65510,11182894.0,672,F1,1,,,,,
2026-07-22,2026-07-22,CM,BSE,STK,590056,INE498E01010,SALONA,B,,,,,SALONA COTSPIN LTD.,273.2,273.2,247.95,262.7,262.7,259.45,,258.95,,,7,1795.0,6,F1,1,,,,,
2026-07-22,2026-07-22,CM,BSE,STK,590057,INE217G01035,EQUIPPP,T,,,,,EQUIPPP SOCIAL IMPACT TECHNOLO,24.97,24.98,23.61,24.8,24.8,24.85,,24.1,,,1887,45205.0,15,F1,1,,,,,
2026-07-22,2026-07-22,CM,BSE,STK,590062,INE715B01021,ANDHRSUGAR,B,,,,,ANDHRA SUGARS LTD.,83.24,84.36,82.1,83.78,83.74,84.14,,84.12,,,17201,1427025.0,279,F1,1,,,,,
2026-07-22,2026-07-22,CM,BSE,STK,590065,INE547E01014,IMPAL,B,,,,,INDIA MOTOR PARTS & ACCESSORIE,1094.0,1097.25,1078.4,1082.75,1082.75,1086.55,,1077.3,,,183,197973.0,23,F1,1,,,,,
2026-07-22,2026-07-22,CM,BSE,STK,590066,INE805C01028,KCP,B,,,,,K.C.P.LTD.,166.65,171.0,166.2,169.55,170.65,169.1,,170.06,,,5911,1002633.0,121,F1,1,,,,,
2026-07-22,2026-07-22,CM,BSE,STK,590068,INE731C01018,KHAITANLTD,T,,,,,KHAITAN (INDIA) LTD.,128.1,128.1,128.1,128.1,128.1,130.3,,129.5,,,1,128.0,1,F1,1,,,,,
2026-07-22,2026-07-22,CM,BSE,STK,590070,INE874F01027,RADAAN,B,,,,,RADAAN MEDIAWORKS (I) LTD.,2.88,2.96,2.88,2.93,2.93,2.93,,2.95,,,1188,3438.0,19,F1,1,,,,,
2026-07-22,2026-07-22,CM,BSE,STK,590071,INE660A01013,SUNDARMFIN,B,,,,,SUNDARAM FINANCE LTD.,4459.2,4470.85,4382.05,4419.7,4425.2,4474.55,,4420.0,,,822,3636236.0,223,F1,1,,,,,
2026-07-22,2026-07-22,CM,BSE,STK,590072,INE073D01013,SUNDRMBRAK,T,,,,,SUNDARAM BRAKE LININGS LTD.,816.0,816.0,770.0,770.0,770.0,810.1,,796.95,,,157,121681.0,9,F1,1,,,,,
2026-07-22,2026-07-22,CM,BSE,STK,590073,INE715A01015,WHEELS,B,,,,,WHEELS INDIA LTD.,1459.8,1491.2,1411.0,1418.5,1420.0,1489.7,,1419.4,,,5316,7657945.0,582,F1,1,,,,,
2026-07-22,2026-07-22,CM,BSE,STK,590075,INE112F01022,LAMBODHARA,B,,,,,LAMBODHARA TEXTILES LTD.,115.65,116.4,112.4,113.65,112.4,115.3,,113.78,,,613,70176.0,33,F1,1,,,,,
2026-07-22,2026-07-22,CM,BSE,STK,590078,INE683C01011,MAITHANALL,B,,,,,MAITHAN ALLOYS LTD.,983.15,995.05,971.1,977.6,979.75,987.4,,977.1,,,1628,1593365.0,142,F1,1,,,,,
2026-07-22,2026-07-22,CM,BSE,STK,590086,INE725E01024,ORISSAMINE,B,,,,,ORISSA MINERALS DEVELOPMENT CO,3720.0,3780.0,3680.0,3745.8,3749.5,3730.95,,3751.2,,,234,872444.0,75,F1,1,,,,,
2026-07-22,2026-07-22,CM,BSE,STK,590095,INF204KB17I5,GOLDBEES,E,,,,,NIPPON INDIA ETF GOLD BEES,118.91,119.4,118.0,119.06,119.06,117.73,,119.13,,,1122281,133628340.0,6191,F1,1,,,,,
2026-07-22,2026-07-22,CM,BSE,STK,590096,INF732E01037,LIQUIDBEES,F,,,,,NIPPON INDIA ETF LIQUID BEES,999.99,1000.01,999.99,999.99,999.99,1000.01,,1000.0,,,407670,407669786.0,694,F1,1,,,,,
2026-07-22,2026-07-22,CM,BSE,STK,590097,INF174KA1HJ8,GOLD1,E,,,,,KOTAK MAHINDRA MUTUAL FUND - K,118.87,120.7,116.85,120.39,120.35,118.84,,120.44,,,59225,7124147.0,636,F1,1,,,,,
2026-07-22,2026-07-22,CM,BSE,STK,590098,INF200KA16D8,SETFGOLD,E,,,,,SBI MUTUAL FUND - SBI GOLD EXC,123.18,123.18,121.42,122.99,123.04,121.41,,123.0,,,104325,12814147.0,1156,F1,1,,,,,
2026-07-22,2026-07-22,CM,BSE,STK,590099,INF082J01408,QGOLDHALF,E,,,,,QUANTUM GOLD FUND - EXCHANGE T,120.29,120.29,118.05,119.34,119.38,117.98,,119.35,,,3653,435959.0,136,F1,1,,,,,
2026-07-22,2026-07-22,CM,BSE,STK,590101,INF789F1AUX7,GOLDBETA,E,,,,,UTI MUTUAL FUND - UTI GOLD EXC,116.78,122.77,116.78,121.34,121.17,119.78,,121.35,,,24210,2933439.0,524,F1,1,,,,,
2026-07-22,2026-07-22,CM,BSE,STK,590103,INF204KB14I2,NIFTYBEES,B,,,,,NIPPON INDIA ETF NIFTY BEES,275.24,275.24,272.92,273.5,273.5,275.04,,273.37,,,179016,48975956.0,2815,F1,1,,,,,
2026-07-22,2026-07-22,CM,BSE,STK,590104,INF732E01045,JUNIORBEES,B,,,,,NIPPON INDIA ETF JUNIOR BEES,780.68,785.08,779.0,779.86,779.86,784.8,,779.61,,,15565,12162478.0,715,F1,1,,,,,
2026-07-22,2026-07-22,CM,BSE,STK,590106,INF204KB15I9,BANKBEES,B,,,,,NIPPON INDIA ETF BANK BEES,602.74,602.74,591.0,592.25,592.9,599.05,,592.24,,,31353,18601888.0,1093,F1,1,,,,,
2026-07-22,2026-07-22,CM,BSE,STK,590107,INF174KA1A86,PSUBANK,B,,,,,KOTAK MAHINDRA MUTUAL FUND - K,84.71,84.71,83.6,84.12,84.25,85.73,,84.1,,,1446,121727.0,45,F1,1,,,,,
2026-07-22,2026-07-22,CM,BSE,STK,590108,INF204KB16I7,PSUBNKBEES,B,,,,,NIPPON INDIA ETF PSU BANK BEES,93.07,95.46,93.07,93.69,93.74,95.46,,93.67,,,127360,11964865.0,1214,F1,1,,,,,
2026-07-22,2026-07-22,CM,BSE,STK,590109,INF732E01128,SHARIABEES,B,,,,,NIPPON INDIA ETF SHARIAH BEES,458.17,461.0,454.61,460.77,461.0,459.27,,456.78,,,234,106756.0,43,F1,1,,,,,
2026-07-22,2026-07-22,CM,BSE,STK,590110,INF082J01499,QNIFTY,B,,,,,Quantum Nifty 50 ETF,265.0,265.0,264.0,264.0,264.19,266.0,,264.03,,,143,37826.0,9,F1,1,,,,,
2026-07-22,2026-07-22,CM,BSE,STK,590113,INF204KB19I1,HNGSNGBEES,E,,,,,NIPPON INDIA ETF HANG SENG BEE,483.08,484.21,476.95,478.77,479.02,483.15,,478.7,,,2604,1252964.0,231,F1,1,,,,,
2026-07-22,2026-07-22,CM,BSE,STK,590115,INF247L01536,MOM50,B,,,,,MOTILAL OSWAL MUTUAL FUND,251.39,251.98,250.25,251.98,251.98,253.45,,251.0,,,63,15810.0,7,F1,1,,,,,
2026-07-22,2026-07-22,CM,BSE,STK,590134,INE414A01015,MADRASFERT,B,,,,,Madras Fertilizer Limited,68.21,68.21,66.57,66.93,67.04,67.54,,67.07,,,4245,285446.0,45,F1,1,,,,,
2026-07-22,2026-07-22,CM,BSE,STK,590136,INF174KA1ZB7,BANKNIFTY1,B,,,,,Kotak Mahindra Mutual Fund - P,60.02,60.02,59.19,59.2,59.28,59.92,,59.18,,,4141,246067.0,127,F1,1,,,,,
2026-07-22,2026-07-22,CM,BSE,STK,590137,INF200KA1580,SETFNIFBK,B,,,,,SBI Mutual Fund-Permitted,590.0,590.87,585.5,587.02,587.05,595.52,,587.69,,,2120,1247353.0,189,F1,1,,,,,
2026-07-22,2026-07-22,CM,BSE,STK,590138,INF200KA1FS1,SETFNIF50,B,,,,,SBI Mutual Fund-Permitted,256.55,261.8,256.55,258.4,258.4,260.16,,258.36,,,16174,4182584.0,412,F1,1,,,,,
2026-07-22,2026-07-22,CM,BSE,STK,590139,INF174KA1LV5,LIQUID1,B,,,,,Kotak Mahindra Mutual Fund - P,1114.6,1114.62,1114.6,1114.6,1114.6,1114.46,,1114.6,,,2010,2240357.0,8,F1,1,,,,,
2026-07-22,2026-07-22,CM,BSE,STK,590140,INF277KA1976,TATAGOLD,E,,,,,Tata Mutual Fund - Permitted,13.49,14.1,13.49,14.01,14.01,13.84,,14.0,,,3983128,55703350.0,4921,F1,1,,,,,
2026-07-22,2026-07-22,CM,BSE,STK,590141,INF204KB15V2,ITBEES,B,,,,,Nippon India Mutual Fund - Per,31.8,32.28,31.65,31.71,31.75,32.18,,31.71,,,225251,7184571.0,898,F1,1,,,,,
2026-07-22,2026-07-22,CM,BSE,STK,590142,INF204KC1089,PHARMABEES,B,,,,,Nippon India Mutual Fund - Per,26.85,26.85,26.26,26.49,26.51,26.85,,26.51,,,270404,7140270.0,887,F1,1,,,,,
2026-07-22,2026-07-22,CM,BSE,STK,590143,INF204KB1882,LTGILTBEES,F,,,,,Nippon India Mutual Fund - Per,29.94,29.94,29.86,29.87,29.86,29.96,,29.88,,,22551,673658.0,42,F1,1,,,,,
2026-07-22,2026-07-22,CM,BSE,STK,590144,INF204KB1V68,MID150BEES,B,,,,,Nippon India Mutual Fund - Per,239.5,239.5,236.77,237.04,237.38,239.18,,237.07,,,7463,1772864.0,272,F1,1,,,,,
2026-07-22,2026-07-22,CM,BSE,STK,590145,INF204KC1402,SILVERBEES,E,,,,,Nippon India Mutual Fund - Per,206.9,215.45,206.9,213.03,213.03,212.21,,213.07,,,658673,140824100.0,4239,F1,1,,,,,
2026-07-22,2026-07-22,CM,BSE,STK,590146,INF247L01FY4,MOGOLD,E,,,,,Motilal Oswal Mutual Fund-Perm,140.75,143.41,140.75,142.18,143.41,140.57,,142.3,,,3863,549874.0,171,F1,1,,,,,
2026-07-22,2026-07-22,CM,BSE,STK,590147,INF247L01FZ1,MOSILVER,E,,,,,Motilal Oswal Mutual Fund-Perm,221.79,221.79,219.79,220.09,219.79,218.71,,220.39,,,1033,228029.0,35,F1,1,,,,,
2026-07-22,2026-07-22,CM,BSE,STK,590148,INF247L01CH6,MOSMALL250,B,,,,,Motilal Oswal Mutual Fund-Perm,17.91,18.18,17.91,17.98,18.04,18.17,,17.97,,,48291,869279.0,313,F1,1,,,,,
2026-07-22,2026-07-22,CM,BSE,STK,590149,INF247L01EV3,MOCAPITAL,B,,,,,Motilal Oswal Mutual Fund-Perm,54.29,54.29,53.38,53.64,53.81,54.26,,53.66,,,75473,4047822.0,504,F1,1,,,,,
2026-07-22,2026-07-22,CM,BSE,STK,590150,INF247L01CI4,MOREALTY,B,,,,,Motilal Oswal Mutual Fund-Perm,94.31,94.31,89.83,90.2,90.4,92.46,,90.24,,,221206,20053962.0,537,F1,1,,,,,
2026-07-22,2026-07-22,CM,BSE,STK,590151,INF247L01DK8,MOMENTUM50,B,,,,,Motilal Oswal Mutual Fund-Perm,52.83,53.33,52.81,52.83,52.89,53.16,,52.88,,,8478,449328.0,123,F1,1,,,,,
2026-07-22,2026-07-22,CM,BSE,STK,590152,INF247L01DJ0,MODEFENCE,B,,,,,Motilal Oswal Mutual Fund-Perm,103.56,104.08,102.52,103.16,103.04,103.56,,103.27,,,75960,7865597.0,554,F1,1,,,,,
2026-07-22,2026-07-22,CM,BSE,STK,590153,INF247L01BU1,MONIFTY500,B,,,,,Motilal Oswal Mutual Fund-Perm,23.64,23.93,23.6,23.63,23.6,23.85,,23.63,,,41896,992701.0,218,F1,1,,,,,
2026-07-22,2026-07-22,CM,BSE,STK,590154,INF174KA1IA5,ALPHA,B,,,,,Kotak Mahindra Mutual Fund - P,52.6,52.6,51.63,51.76,51.78,52.03,,51.76,,,20260,1048299.0,100,F1,1,,,,,
2026-07-22,2026-07-22,CM,BSE,STK,590155,INF666M01OF4,GROWWSLVR,E,,,,,GROWW MUTUAL FUND  PERMITTED,21.99,21.99,21.81,21.82,21.81,21.74,,21.84,,,22018,482641.0,80,F1,1,,,,,
2026-07-22,2026-07-22,CM,BSE,STK,590156,INF666M01OE7,GROWWGOLD,E,,,,,GROWW MUTUAL FUND  PERMITTED,14.03,14.12,14.02,14.06,14.07,13.91,,14.08,,,95030,1335805.0,429,F1,1,,,,,
2026-07-22,2026-07-22,CM,BSE,STK,590157,INF666M01IO8,GROWWDEFNC,B,,,,,GROWW MUTUAL FUND  PERMITTED,94.79,95.01,93.82,94.19,93.99,94.03,,94.58,,,2378,224552.0,64,F1,1,,,,,
2026-07-22,2026-07-22,CM,BSE,STK,590158,INF666M01JJ6,GROWWRAIL,B,,,,,GROWW MUTUAL FUND  PERMITTED,29.0,29.0,28.57,28.71,28.69,28.99,,28.71,,,26066,747540.0,193,F1,1,,,,,
2026-07-22,2026-07-22,CM,BSE,STK,590159,INF666M01IP5,GROWWLIQID,F,,,,,GROWW MUTUAL FUND  PERMITTED,110.01,110.02,110.01,110.02,110.02,109.99,,110.01,,,4193,461277.0,2,F1,1,,,,,
2026-07-22,2026-07-22,CM,BSE,STK,590160,INF277K015R5,NETF,B,,,,,Tata Mutual Fund - Permitted,263.12,266.01,260.53,266.01,266.01,261.82,,262.69,,,112,29450.0,10,F1,1,,,,,
2026-07-22,2026-07-22,CM,BSE,STK,590161,INF277KA1984,TATSILV,E,,,,,Tata Mutual Fund - Permitted,21.57,21.98,21.5,21.64,21.64,21.57,,21.65,,,1363431,29657825.0,2622,F1,1,,,,,
2026-07-22,2026-07-22,CM,BSE,STK,717506,INE494B04019,TVSMNCRPS,F,,,,,TVS Motor Company Ltd.,10.44,10.5,10.31,10.43,10.45,10.4,,10.4,,,15355,160422.0,84,F1,1,,,,,
2026-07-22,2026-07-22,CM,BSE,STK,751124,INE245H20018,MTPL-RE,R,,,,,MARG TECHNO PROJECTS LIMITED,0.49,0.58,0.49,0.49,0.49,0.54,,0.49,,,298379,152046.0,230,F1,1,,,,,
2026-07-22,2026-07-22,CM,BSE,STK,751126,INE187R20011,CCDL-RE,R,,,,,Consecutive Commodities Limite,0.04,0.04,0.04,0.04,0.04,0.04,,0.04,,,1639753,65590.0,110,F1,1,,,,,
2026-07-22,2026-07-22,CM,BSE,STK,800177,IN0020130053,92GS2030,G,,,,,920GOI2030,115.0,115.0,115.0,115.0,115.0,114.95,,114.95,,,2519,289685.0,3,F1,1,,,,,
2026-07-22,2026-07-22,CM,BSE,STK,800249,IN0020150044,813CG2045A,G,,,,,813CG2045,112.75,112.75,112.75,112.75,112.75,112.75,,112.75,,,5,563.0,1,F1,1,,,,,
2026-07-22,2026-07-22,CM,BSE,STK,800289,IN0020180314,SGBNOV26,G,,,,,SOVEREIGN GOLD BOND 2019 SERIE,14299.0,14299.0,14299.0,14299.0,14299.0,13980.0,,14294.5,,,5,71495.0,1,F1,1,,,,,
2026-07-22,2026-07-22,CM,BSE,STK,800290,IN0020180389,SGBDEC26,G,,,,,SOVEREIGN GOLD BOND 2019 SERIE,14100.0,14100.0,14100.0,14100.0,14100.0,14100.0,,14100.0,,,1,14100.0,1,F1,1,,,,,
2026-07-22,2026-07-22,CM,BSE,STK,800297,IN0020190107,SGBAUG27,G,,,,,SOVEREIGN GOLD BOND 2019-20 SE,14321.0,14321.0,14321.0,14321.0,14321.0,14008.0,,14350.0,,,5,71605.0,1,F1,1,,,,,
2026-07-22,2026-07-22,CM,BSE,STK,800301,IN0020190115,SGBSEP27,G,,,,,Sovereign Gold Bonds 2019-20 S,14211.68,14211.68,14211.68,14211.68,14211.68,14041.0,,14207.91,,,1,14211.0,1,F1,1,,,,,
2026-07-22,2026-07-22,CM,BSE,STK,800312,IN0020190461,SGBDC27VII,G,,,,,Sovereign Gold Bonds 2019-20 S,14200.0,14200.0,14200.0,14200.0,14200.0,14201.0,,14200.0,,,11,156200.0,1,F1,1,,,,,
2026-07-22,2026-07-22,CM,BSE,STK,800324,IN0020200146,SGBJUL28IV,G,,,,,Sovereign Gold Bond 2020-21 IV,14299.99,14299.99,14170.0,14220.0,14220.0,14100.0,,14207.61,,,32,455415.0,5,F1,1,,,,,
2026-07-22,2026-07-22,CM,BSE,STK,800325,IN0020200161,SGBAUG28V,G,,,,,Sovereign Gold Bonds 2020-21 V,14270.01,14400.0,14270.01,14328.39,14322.0,14153.0,,14355.83,,,31,443892.0,10,F1,1,,,,,
2026-07-22,2026-07-22,CM,BSE,STK,800327,IN0020200195,SGBSEP28VI,G,,,,,Sovereign Gold Bonds 2020-21 S,14186.01,14348.0,14160.0,14200.0,14200.0,14100.0,,14207.01,,,34,483738.0,9,F1,1,,,,,
2026-07-22,2026-07-22,CM,BSE,STK,800328,IN0020200203,SGBOC28VII,G,,,,,Sovereign Gold Bonds 2020-21 S,14200.0,14240.0,14200.0,14240.0,14240.0,14156.0,,14245.0,,,3,42640.0,2,F1,1,,,,,
2026-07-22,2026-07-22,CM,BSE,STK,800329,IN0020200286,SGBN28VIII,G,,,,,Sovereign Gold Bonds 2020-21 S,14177.2,14273.95,14177.0,14273.95,14273.95,14041.0,,14213.11,,,6,85159.0,4,F1,1,,,,,
2026-07-22,2026-07-22,CM,BSE,STK,800331,IN0020200377,SGBJAN29IX,G,,,,,SGB 2020-21 Series IX,14249.0,14249.0,14185.0,14185.0,14185.0,14050.0,,14185.0,,,9,127729.0,2,F1,1,,,,,
2026-07-22,2026-07-22,CM,BSE,STK,800334,IN0020200401,676GS2061,G,,,,,676GOI2061,92.81,92.81,92.81,92.81,92.81,93.38,,92.67,,,2000,185620.0,2,F1,1,,,,,
2026-07-22,2026-07-22,CM,BSE,STK,800339,IN0020200427,SGBMR29XII,G,,,,,SGB 2020-21 Series XII,14221.02,14274.99,14221.02,14260.0,14260.0,14008.5,,14231.03,,,160,2275827.0,3,F1,1,,,,,
2026-07-22,2026-07-22,CM,BSE,STK,800340,IN0020210053,SGBMAY29I,G,,,,,SGB 2021-22 Series I,14300.0,14300.0,14290.0,14290.0,14290.0,14071.0,,14294.35,,,22,314390.0,4,F1,1,,,,,
2026-07-22,2026-07-22,CM,BSE,STK,800341,IN0020210061,SGBJUN29II,G,,,,,SGB 2021-22 Series II,14200.0,14200.0,14200.0,14200.0,14200.0,14120.0,,14201.5,,,6,85200.0,2,F1,1,,,,,
2026-07-22,2026-07-22,CM,BSE,STK,800385,IN0020210129,SGBAUG29V,G,,,,,Sovereign Gold Bonds 2021-22 S,14270.01,14325.0,14251.0,14317.83,14320.0,14132.0,,14337.07,,,25,356809.0,7,F1,1,,,,,
2026-07-22,2026-07-22,CM,BSE,STK,800386,IN0020210145,SGBSEP29VI,G,,,,,Sovereign Gold Bonds 2021-22 S,14300.0,14300.0,14225.0,14225.0,14225.0,13931.2,,14221.2,,,10,142785.0,3,F1,1,,,,,
2026-07-22,2026-07-22,CM,BSE,STK,800432,IN0020210152,667GS2035,G,,,,,667GOI2035,97.85,108.0,97.85,108.0,108.0,98.5,,104.61,,,3,303.0,2,F1,1,,,,,
2026-07-22,2026-07-22,CM,BSE,STK,800434,IN0020210178,SGBNV29VII,G,,,,,Sovereign Gold Bonds 2021-22 S,14280.0,14280.0,14280.0,14280.0,14280.0,14281.99,,14191.66,,,1,14280.0,1,F1,1,,,,,
2026-07-22,2026-07-22,CM,BSE,STK,800435,IN0020210194,699GS2051,G,,,,,699GOI2051,97.0,97.0,97.0,97.0,97.0,95.5,,96.75,,,2,194.0,1,F1,1,,,,,
2026-07-22,2026-07-22,CM,BSE,STK,800438,IN0020210236,SGBJAN30IX,G,,,,,Soveriegn Gold Bonds 2021-22 S,14230.0,14230.0,14230.0,14230.0,14230.0,14042.0,,14296.32,,,1,14230.0,1,F1,1,,,,,
2026-07-22,2026-07-22,CM,BSE,STK,800441,IN0020220029,754GS2036,G,,,,,754GOI2036,106.4,106.4,106.25,106.25,106.3,106.2,,106.28,,,3939,418671.0,4,F1,1,,,,,
2026-07-22,2026-07-22,CM,BSE,STK,800442,IN0020220037,738GS2027,G,,,,,738GOI2027,101.65,101.65,101.65,101.65,101.65,105.0,,101.99,,,981,99718.0,1,F1,1,,,,,
2026-07-22,2026-07-22,CM,BSE,STK,800489,IN0020220094,74GS2062,G,,,,,74GOI2062,102.84,102.84,102.84,102.84,102.84,100.16,,102.35,,,40,4113.0,3,F1,1,,,,,
2026-07-22,2026-07-22,CM,BSE,STK,800517,IN000958C024,GS19SEP2058,G,,,,,GS19SEP2058,21.0,21.0,21.0,21.0,21.0,22.0,,21.0,,,28,588.0,3,F1,1,,,,,
2026-07-22,2026-07-22,CM,BSE,STK,800573,IN0020220110,SGBDE30III,G,,,,,Soverign Gold Bond 2022-23 Sr,14472.98,14540.0,14399.0,14540.0,14540.0,14346.3,,14538.75,,,247,3582589.0,79,F1,1,,,,,
2026-07-22,2026-07-22,CM,BSE,STK,800575,IN0020220169,SGBMAR31IV,G,,,,,Sovereign Gold Bond 2022-23 Sr,14430.0,14480.0,14430.0,14480.0,14480.0,14260.0,,14520.0,,,21,304029.0,6,F1,1,,,,,
2026-07-22,2026-07-22,CM,BSE,STK,800580,IN0020230069,SGBJUN31I,G,,,,,Sovereign Gold Bonds 2023-24 S,14600.0,14650.0,14520.11,14524.52,14520.11,14426.0,,14524.56,,,153,2227763.0,39,F1,1,,,,,
2026-07-22,2026-07-22,CM,BSE,STK,800584,IN0020230051,73GS2053,G,,,,,73GOI2053,100.0,100.0,100.0,100.0,100.0,98.6,,99.86,,,1,100.0,1,F1,1,,,,,
2026-07-22,2026-07-22,CM,BSE,STK,800588,IN0020230044,725GS2063,G,,,,,725GOI2063,97.5,97.78,97.47,97.47,97.47,97.46,,97.62,,,2960,288968.0,5,F1,1,,,,,
2026-07-22,2026-07-22,CM,BSE,STK,800595,IN001241C032,GS12DEC2041,G,,,,,GS12DEC2041,30.81,30.81,30.81,30.81,30.81,29.85,,30.81,,,54000,1663740.0,1,F1,1,,,,,
2026-07-22,2026-07-22,CM,BSE,STK,800596,IN0020230093,SGBSEP31II,G,,,,,Sovereign Gold Bonds 2023-24 S,14556.0,14573.98,14500.02,14545.0,14545.0,14449.23,,14549.86,,,23,334333.0,12,F1,1,,,,,
2026-07-22,2026-07-22,CM,BSE,STK,800603,IN0020230168,SGBDE31III,G,,,,,Sovereign Gold Bonds 2023-24 S,14543.98,14669.99,14500.0,14573.56,14554.0,14502.4,,14560.59,,,163,2374700.0,51,F1,1,,,,,
2026-07-22,2026-07-22,CM,BSE,STK,800605,IN0020230184,SGBFEB32IV,G,,,,,Sovereign Gold Bonds 2023-24 S,14825.0,14837.49,14686.04,14729.57,14734.0,14624.96,,14712.56,,,35,515906.0,17,F1,1,,,,,
2026-07-22,2026-07-22,CM,BSE,STK,800607,IN0020240035,734GS2064,G,,,,,734GOI2064,99.89,99.98,99.6,99.65,99.65,99.89,,99.67,,,5952,594753.0,5,F1,1,,,,,
2026-07-22,2026-07-22,CM,BSE,STK,800618,IN0020240118,709GOI54,G,,,,,709GOI54,99.1,99.1,99.1,99.1,99.1,99.01,,99.45,,,100,9910.0,1,F1,1,,,,,
2026-07-22,2026-07-22,CM,BSE,STK,800691,IN000442C037,GS22APR42,G,,,,,GS22APR42,29.97,29.97,29.97,29.97,29.97,29.62,,29.97,,,124000,3716280.0,1,F1,1,,,,,
2026-07-22,2026-07-22,CM,BSE,STK,800807,IN0020240142,709GOI74,G,,,,,709GOI74,95.68,96.2,95.0,96.0,96.0,95.68,,95.99,,,13138,1259205.0,10,F1,1,,,,,
2026-07-22,2026-07-22,CM,BSE,STK,800808,IN0020250018,690GOI65,G,,,,,690GOI65,93.02,93.79,93.02,93.5,93.5,94.25,,93.46,,,3577,334202.0,10,F1,1,,,,,
2026-07-22,2026-07-22,CM,BSE,STK,800809,IN0020250075,724GOI55,G,,,,,724GOI55,101.05,101.35,101.0,101.35,101.35,101.05,,101.04,,,851,86013.0,5,F1,1,,,,,
2026-07-22,2026-07-22,CM,BSE,STK,800815,IN0020250117,743GOI2076,G,,,,,743GOI2076,100.0,100.0,99.1,99.1,99.1,99.1,,99.4,,,10501,1041505.0,7,F1,1,,,,,
2026-07-22,2026-07-22,CM,BSE,STK,805177,IN002025Z443,364TB40227,G,,,,,364TB40227,96.03,96.03,96.03,96.03,96.03,95.81,,96.15,,,400,38412.0,1,F1,1,,,,,
2026-07-22,2026-07-22,CM,BSE,STK,810848,IN2220220072,772MH34,G,,,,,772MAHSDL34,98.0,98.0,98.0,98.0,98.0,100.0,,98.0,,,15,1470.0,1,F1,1,,,,,
2026-07-22,2026-07-22,CM,BSE,STK,811115,IN2120250369,763MPSDL48,G,,,,,763MPSDL48,100.0,100.0,100.0,100.0,100.0,100.0,,100.0,,,5,500.0,1,F1,1,,,,,
2026-07-22,2026-07-22,CM,BSE,STK,890217,IN9273A01047,APLABPP,XT,,,,,Aplab Ltd.,62.7,62.7,62.7,62.7,62.7,65.99,,62.7,,,1511,94739.0,7,F1,1,,,,,
2026-07-22,2026-07-22,CM,BSE,STK,890221,IN9572J01019,SSFLPP,B,,,,,Spandana Sphoorty Financial Li,157.0,160.15,155.0,158.3,159.0,164.05,,156.95,,,93,14692.0,22,F1,1,,,,,
2026-07-22,2026-07-22,CM,BSE,STK,890226,IN9170U01035,SURAJINDPP,XT,,,,,Suraj Industries Limited.,17.22,18.0,17.22,18.0,18.0,17.22,,18.0,,,67,1202.0,3,F1,1,,,,,
2026-07-22,2026-07-22,CM,BSE,STK,890228,IN90NN701011,ATLPP,B,,,,,Allcargo Terminals Limited,8.74,9.0,8.71,8.71,8.71,8.7,,8.71,,,302,2650.0,6,F1,1,,,,,
2026-07-22,2026-07-22,CM,BSE,STK,890230,IN9849B01026,ACESEPP,X,,,,,Ace Software Exports ltd.,53.81,63.44,53.81,58.18,58.24,56.82,,58.18,,,348,20184.0,18,F1,1,,,,,
2026-07-22,2026-07-22,CM,BSE,STK,890234,IN9316D01014,VERTEXPP,XT,,,,,Vertex Securities Ltd.,1.58,1.58,1.51,1.58,1.58,1.52,,1.58,,,10191,15821.0,12,F1,1,,,,,
2026-07-22,2026-07-22,CM,BSE,STK,890238,IN9736H01014,GSAILPP,X,,,,,G.S. Auto International Ltd.,7.58,7.58,7.2,7.45,7.47,7.32,,7.45,,,5998,44217.0,54,F1,1,,,,,
2026-07-22,2026-07-22,CM,BSE,STK,935584,INE906B07EJ8,76NHAI31,F,,,,,NHAI-7.6%-11-1-31-TAXFREENCD,1115.0,1120.0,1115.0,1120.0,1120.0,1106.01,,1113.01,,,450,503490.0,4,F1,1,,,,,
2026-07-22,2026-07-22,CM,BSE,STK,935618,INE202E07229,774IREDA31,F,,,,,IREDA-7.74%-21-1-31-TAXFREENCD,1120.0,1120.0,1120.0,1120.0,1120.0,1119.0,,1120.0,,,100,112000.0,1,F1,1,,,,,
2026-07-22,2026-07-22,CM,BSE,STK,935620,INE202E07237,768IREDA36,F,,,,,IREDA-7.68%-21-1-36-TAXFREENCD,1192.0,1192.0,1192.0,1192.0,1192.0,1192.0,,1192.0,,,111,132312.0,1,F1,1,,,,,
2026-07-22,2026-07-22,CM,BSE,STK,935690,INE261F07032,764NABAR31,F,,,,,NABARD-7.64%-23-3-31-NCDS,1110.0,1110.0,1105.0,1107.16,1105.0,1109.99,,1107.04,,,580,642150.0,3,F1,1,,,,,
2026-07-22,2026-07-22,CM,BSE,STK,935868,INE148I08256,915SCL26,F,,,,,SCL-9.15%-26-9-26-NCDS,1070.7,1070.7,1070.7,1070.7,1070.7,1066.5,,1070.7,,,91,97433.0,1,F1,1,,,,,
2026-07-22,2026-07-22,CM,BSE,STK,935870,INE148I08272,SCLZC26A,F,,,,,SC-ZC-26-9-26-NCDS,2350.0,2350.0,2350.0,2350.0,2350.0,2127.9,,2350.0,,,40,94000.0,2,F1,1,,,,,
2026-07-22,2026-07-22,CM,BSE,STK,936044,INE774D08MK5,800MMFSL27,F,,,,,MMFSL-8.00%-24-07-27-NCD,1021.5,1021.5,1021.5,1021.5,1021.5,1021.5,,1021.5,,,295,301342.0,1,F1,1,,,,,
2026-07-22,2026-07-22,CM,BSE,STK,936224,INE651J07622,975JMFCS28,F,,,,,JMFCSL-9.75%-7-6-28-NCD,1050.0,1050.0,1050.0,1050.0,1050.0,1040.0,,1050.0,,,2750,2887500.0,18,F1,1,,,,,
2026-07-22,2026-07-22,CM,BSE,STK,936236,INE721A07NX5,94SFL28,F,,,,,SFL-9.40%-12-7-28-NCD,1044.5,1044.5,1040.0,1040.0,1040.0,1044.8,,1040.0,,,139,145010.0,5,F1,1,,,,,
2026-07-22,2026-07-22,CM,BSE,STK,936254,INE804I079Y6,985ECL28,F,,,,,EFL-9.85%-6-8-28-NCD,1002.0,1009.88,997.5,998.0,998.0,1085.01,,998.0,,,1929,1925705.0,42,F1,1,,,,,
2026-07-22,2026-07-22,CM,BSE,STK,936294,INE306N08292,910TCAP28,F,,,,,TCAP-9.10%-27-9-28-NCD,1104.51,1104.51,1104.5,1104.5,1104.5,1105.71,,1104.5,,,100,110450.0,3,F1,1,,,,,
2026-07-22,2026-07-22,CM,BSE,STK,936320,INE538L07528,935AHFL28,F,,,,,AHFL-9.35%-29-9-28-NCD,1020.0,1020.0,1020.0,1020.0,1020.0,1069.0,,1020.0,,,100,102000.0,2,F1,1,,,,,
2026-07-22,2026-07-22,CM,BSE,STK,936398,INE804IA7014,1015ECL29,F,,,,,EFL-10.15%-4-1-29-NCD,1012.03,1012.03,1010.0,1010.0,1010.0,1015.0,,1022.5,,,400,404507.0,4,F1,1,,,,,
2026-07-22,2026-07-22,CM,BSE,STK,936412,INE774D07SW9,93MMFSL27,F,,,,,MMFSL-9.3%-18-1-27-NCD,1035.1,1040.0,1035.1,1037.5,1037.5,1036.5,,1037.5,,,593,616101.0,15,F1,1,,,,,
2026-07-22,2026-07-22,CM,BSE,STK,936416,INE774D08MP4,95MMFSL29,F,,,,,MMFSL-9.5%-18-1-29-NCD,1075.0,1075.0,1066.0,1067.83,1066.0,1065.0,,1067.83,,,110,117461.0,7,F1,1,,,,,
2026-07-22,2026-07-22,CM,BSE,STK,936578,INE027E07AN7,87LTF27,F,,,,,LTF-8.7%-15-4-27-NCD,1010.0,1010.0,1010.0,1010.0,1010.0,1005.0,,1010.0,,,8,8080.0,1,F1,1,,,,,
2026-07-22,2026-07-22,CM,BSE,STK,936722,INE804IA7139,995ECL29A,F,,,,,EFL-9.95%-23-5-29-NCD,1030.0,1030.0,998.0,999.0,999.0,996.0,,999.0,,,525,524950.0,3,F1,1,,,,,
2026-07-22,2026-07-22,CM,BSE,STK,936724,INE804IA7147,104ECL29A,F,,,,,EFL-10.4%-23-5-29-NCD,1012.2,1012.2,1012.2,1012.2,1012.2,1029.0,,1012.2,,,1,1012.0,1,F1,1,,,,,
2026-07-22,2026-07-22,CM,BSE,STK,936744,INE414G07DQ9,MFLZC26A,F,,,,,MFL-ZC-14-12-26-NCD,1926.11,1926.11,1926.11,1926.11,1926.11,1926.11,,1926.11,,,11,21187.0,1,F1,1,,,,,
2026-07-22,2026-07-22,CM,BSE,STK,936810,INE306N07LM5,865TCAPS27,F,,,,,TCAP-8.65%-26-8-27-NCD,1077.1,1077.1,1077.1,1077.1,1077.1,1076.26,,1077.1,,,1,1077.0,1,F1,1,,,,,
2026-07-22,2026-07-22,CM,BSE,STK,936959,INE360T07082,MHFLZC26,F,,,,,MHFL-ZC-7-9-26-NCD,1970.0,1970.0,1967.0,1967.0,1967.0,1967.0,,1967.0,,,56,110312.0,4,F1,1,,,,,
2026-07-22,2026-07-22,CM,BSE,STK,936975,INE804IA7246,995ECL29,F,,,,,ECL-9.95%-28-11-29-NCD,1032.0,1032.0,1032.0,1032.0,1032.0,1000.0,,1032.0,,,300,309600.0,1,F1,1,,,,,
2026-07-22,2026-07-22,CM,BSE,STK,937241,INE01I507299,KAFLZC26A,F,,,,,KLM-ZC-1-10-26-NCD,1965.25,1965.25,1965.25,1965.25,1965.25,1938.0,,1965.25,,,1,1965.0,1,F1,1,,,,,
2026-07-22,2026-07-22,CM,BSE,STK,937345,INE532F07BP6,953EFSL31,F,,,,,EFSL-9.53%-8-1-31-NCD,959.52,985.0,959.52,985.0,985.0,986.0,,985.0,,,3,2921.0,3,F1,1,,,,,
2026-07-22,2026-07-22,CM,BSE,STK,937373,INE134E07AN1,7PFCL31,F,,,,,PFCL-7%-22-1-31-NCD,1010.0,1012.0,1010.0,1012.0,1012.0,1000.0,,1012.0,,,185,187050.0,2,F1,1,,,,,
2026-07-22,2026-07-22,CM,BSE,STK,937381,INE134E07AR2,697PFCL36,F,,,,,PFCL-6.97%-22-1-36-NCD,965.0,990.0,965.0,990.0,990.0,948.0,,990.0,,,21,20290.0,3,F1,1,,,,,
2026-07-22,2026-07-22,CM,BSE,STK,937455,INE530B08102,96IIFL28A,F,,,,,IFL-9.6%-24-6-28-NCD,1001.01,1001.01,1000.05,1000.05,1000.05,1002.0,,1000.53,,,110,110015.0,2,F1,1,,,,,
2026-07-22,2026-07-22,CM,BSE,STK,937487,INE403Q08233,1025KFL26C,F,,,,,KFL-10.25%-28-10-26-NCD,1000.0,1000.0,1000.0,1000.0,1000.0,1000.0,,1000.0,,,100,100000.0,1,F1,1,,,,,
2026-07-22,2026-07-22,CM,BSE,STK,937501,INE532F07CA6,930EFSL31,F,,,,,EFSL-9.30%-29-4-31-NCD,970.0,970.0,970.0,970.0,970.0,980.0,,970.0,,,203,196910.0,3,F1,1,,,,,
2026-07-22,2026-07-22,CM,BSE,STK,937537,INE219X07264,82IGT31,F,,,,,IGT-8.2%-6-5-31-INVIT-NCD,1022.0,1022.0,1022.0,1022.0,1022.0,1020.4,,1021.56,,,28,28616.0,1,F1,1,,,,,
2026-07-22,2026-07-22,CM,BSE,STK,937541,INE219X07280,797IGT31,F,,,,,IGT-7.97%-6-5-31-INVIT-NCD,1039.99,1039.99,1030.0,1030.0,1030.0,1035.0,,1030.0,,,2,2069.0,2,F1,1,,,,,
2026-07-22,2026-07-22,CM,BSE,STK,937581,INE516Y07428,9PFL31A,F,,,,,PFL-9%-23-07-31-NCD,1020.0,1025.0,1020.0,1025.0,1025.0,1002.0,,1025.0,,,175,178750.0,3,F1,1,,,,,
2026-07-22,2026-07-22,CM,BSE,STK,937619,INE477L08147,10IIFL28,F,,,,,IHFL-10%-3-11-28-NCD,997.6,998.0,996.0,996.0,996.0,998.3,,996.9,,,335,334121.0,6,F1,1,,,,,
2026-07-22,2026-07-22,CM,BSE,STK,937621,INE477L08154,96IIFL28,F,,,,,IHFL-9.60%-3-11-28-NCD,1003.99,1003.99,1003.99,1003.99,1003.99,1000.0,,1002.0,,,35,35139.0,1,F1,1,,,,,
2026-07-22,2026-07-22,CM,BSE,STK,937633,INE532F07CG3,955EFSL26A,F,,,,,EFSL-9.55%-10-9-26-NCD,1079.2,1079.2,1079.2,1079.2,1079.2,1070.2,,1079.2,,,179,193176.0,5,F1,1,,,,,
2026-07-22,2026-07-22,CM,BSE,STK,937635,INE532F07CH1,EFSL26,F,,,,,EFSL-10-9-26-NCD,1549.0,1549.4,1547.0,1549.4,1549.4,1549.0,,1549.4,,,1200,1858189.0,15,F1,1,,,,,
2026-07-22,2026-07-22,CM,BSE,STK,937637,INE532F07CI9,93EFSL31,F,,,,,EFSL-9.30%-10-9-31-NCD,976.0,976.0,970.2,976.0,976.0,973.1,,976.0,,,202,196082.0,4,F1,1,,,,,
2026-07-22,2026-07-22,CM,BSE,STK,937639,INE532F07CJ7,97EFSL31,F,,,,,EFSL-9.70%-10-9-31-NCD,1040.0,1040.0,1040.0,1040.0,1040.0,1038.2,,1040.0,,,200,208000.0,1,F1,1,,,,,
2026-07-22,2026-07-22,CM,BSE,STK,937707,INE523H07BO4,820JMFPL26,F,,,,,JMFPL-8.20%-7-10-26-NCD,1057.8,1057.8,1056.5,1056.64,1056.5,1057.8,,1056.64,,,401,423883.0,8,F1,1,,,,,
2026-07-22,2026-07-22,CM,BSE,STK,937723,INE530B07179,875IIFL26,F,,,,,IIFL-8.75%-14-10-26-NCD,1063.5,1063.5,1063.0,1063.03,1063.2,1055.0,,1063.03,,,79,83982.0,6,F1,1,,,,,
2026-07-22,2026-07-22,CM,BSE,STK,937899,INE549K07BI5,MFLZC30,F,,,,,MFL-ZC-2-2-30-NCD,1390.22,1430.0,1390.2,1430.0,1430.0,1390.2,,1430.0,,,402,565147.0,5,F1,1,,,,,
2026-07-22,2026-07-22,CM,BSE,STK,937939,INE403Q07CO8,10KFIL27,F,,,,,KFIL-10-17-4-27-NCD,968.5,997.5,968.5,997.5,997.5,997.0,,997.5,,,2290,2252275.0,26,F1,1,,,,,
2026-07-22,2026-07-22,CM,BSE,STK,937987,INE302E07474,SFL27,F,,,,,SFL-29-4-27-NCD,1377.0,1377.0,1377.0,1377.0,1377.0,1470.0,,1377.0,,,6,8262.0,1,F1,1,,,,,
2026-07-22,2026-07-22,CM,BSE,STK,938005,INE530L07509,930NIDO32,F,,,,,NIDO-9.30%-29-4-32-NCD,980.0,980.0,980.0,980.0,980.0,990.0,,980.0,,,22,21560.0,1,F1,1,,,,,
2026-07-22,2026-07-22,CM,BSE,STK,938021,INE414G07GI9,MFLVI32F,F,,,,,MFL-VI-5-5-32-NCD,980.2,980.2,980.2,980.2,980.2,972.4,,980.2,,,52,50970.0,2,F1,1,,,,,
2026-07-22,2026-07-22,CM,BSE,STK,938067,INE414G07GM1,MFLII27,F,,,,,MFL-23-6-27-NCD,990.0,990.0,987.0,988.9,987.0,985.0,,988.9,,,100,98890.0,3,F1,1,,,,,
2026-07-22,2026-07-22,CM,BSE,STK,938105,INE523L07710,916NWIL27,F,,,,,NWIL-9.16%-15-7-27-NCD,996.0,996.0,996.0,996.0,996.0,1000.0,,996.0,,,68,67728.0,5,F1,1,,,,,
2026-07-22,2026-07-22,CM,BSE,STK,938196,INE01I507653,1050KLM27,F,,,,,KLMAFL-10.50%-16-10-27-NCD,1000.0,1000.0,1000.0,1000.0,1000.0,1000.0,,1000.0,,,10,10000.0,1,F1,1,,,,,
2026-07-22,2026-07-22,CM,BSE,STK,938218,INE532F07DD8,965EFSL32,F,,,,,EFSL-9.65%-20-10-32-NCD,977.0,983.0,977.0,983.0,983.0,977.0,,983.0,,,1021,999128.0,7,F1,1,,,,,
2026-07-22,2026-07-22,CM,BSE,STK,938220,INE532F07DE6,1010EFSL32,F,,,,,EFSL-10.10%-20-10-32-NCD,1030.05,1030.05,1025.5,1025.5,1025.5,1036.0,,1025.5,,,210,215400.0,3,F1,1,,,,,
2026-07-22,2026-07-22,CM,BSE,STK,938226,INE0H7R07033,79NHIT47,F,,,,,NHIT-7.9%-25-10-47-INVIT,419.0,419.0,413.0,413.0,413.0,415.0,,416.0,,,10,4184.0,2,F1,1,,,,,
2026-07-22,2026-07-22,CM,BSE,STK,938278,INE741K07496,10CAGL27,F,,,,,CAGL-10%-23-11-27-NCD,1010.0,1010.0,1010.0,1010.0,1010.0,1005.05,,1011.5,,,25,25250.0,1,F1,1,,,,,
2026-07-22,2026-07-22,CM,BSE,STK,938330,INE051307AB8,115CCIL28,F,,,,,CCIL-11.50%-11-1-28-NCD,1005.0,1009.18,1005.0,1009.18,1009.18,1008.19,,1009.18,,,105,105943.0,2,F1,1,,,,,
2026-07-22,2026-07-22,CM,BSE,STK,938348,INE403Q07DF4,95KFL27,F,,,,,KFL-9.5%-15-1-27-NCD,993.0,993.0,993.0,993.0,993.0,993.0,,993.0,,,150,148950.0,2,F1,1,,,,,
2026-07-22,2026-07-22,CM,BSE,STK,938364,INE532F07DK3,967EFSL28D,F,,,,,EFSL-9.67%-20-1-28-NCD,997.99,1000.0,997.99,999.0,999.0,990.0,,999.0,,,289,288523.0,6,F1,1,,,,,
2026-07-22,2026-07-22,CM,BSE,STK,938370,INE532F07DH9,10EFSL33B,F,,,,,EFSL-10%-20-1-33-NCD,999.0,999.0,997.8,997.92,998.0,993.34,,997.92,,,366,365480.0,7,F1,1,,,,,
2026-07-22,2026-07-22,CM,BSE,STK,938382,INE530B07310,865IIFL28,F,,,,,IIFL-8.65%-25-1-28-NCD,991.0,991.0,989.0,989.0,989.0,991.0,,988.25,,,256,253646.0,5,F1,1,,,,,
2026-07-22,2026-07-22,CM,BSE,STK,938386,INE530B07278,IIFLZC28A,F,,,,,IIFL-ZERO COUPON-24-1-28-NCD,1311.0,1311.0,1311.0,1311.0,1311.0,1367.0,,1311.0,,,5,6555.0,1,F1,1,,,,,
2026-07-22,2026-07-22,CM,BSE,STK,938442,INE414G07HQ0,81MFL28,F,,,,,MFL-8.1%-10-4-28-NCD,1000.2,1000.2,1000.2,1000.2,1000.2,990.0,,1000.2,,,25,25005.0,1,F1,1,,,,,
2026-07-22,2026-07-22,CM,BSE,STK,938462,INE01I507737,1050KLMA28,F,,,,,KLMAFL-10.50%-9-3-28-NCD,970.8,990.0,970.8,990.0,990.0,990.61,,990.0,,,10,9804.0,2,F1,1,,,,,
2026-07-22,2026-07-22,CM,BSE,STK,938528,INE532F07DW8,EFSL28,F,,,,,EFSL-27-4-28-NCD,1330.2,1330.2,1330.2,1330.2,1330.2,1300.0,,1330.2,,,10,13302.0,1,F1,1,,,,,
2026-07-22,2026-07-22,CM,BSE,STK,938530,INE532F07DX6,10EFSL33,F,,,,,EFSL-10%-27-4-33-NCD,1000.0,1000.0,997.0,997.59,998.7,1000.0,,997.59,,,324,323629.0,5,F1,1,,,,,
2026-07-22,2026-07-22,CM,BSE,STK,938532,INE532F07DY4,1045EFS33B,F,,,,,EFSL-10.45%-27-4-33-NCD,1005.0,1005.0,1005.0,1005.0,1005.0,1010.0,,1005.0,,,25,25125.0,1,F1,1,,,,,
2026-07-22,2026-07-22,CM,BSE,STK,938570,INE549K07CC6,9MFL30A,F,,,,,MFL-9%-2-5-30-NCD,1005.0,1005.0,1005.0,1005.0,1005.0,995.0,,1005.0,,,11,11055.0,1,F1,1,,,,,
2026-07-22,2026-07-22,CM,BSE,STK,938660,INE532F07EH7,1010EFS28,F,,,,,EFSL-10.10%-21-7-28-NCD,985.72,985.72,985.72,985.72,985.72,1011.0,,985.72,,,2,1971.0,1,F1,1,,,,,
2026-07-22,2026-07-22,CM,BSE,STK,938664,INE532F07EI5,10EFS33,F,,,,,EFSL-10%-21-7-33-NCD,995.0,995.0,980.3,982.0,982.0,995.0,,982.0,,,210,207360.0,4,F1,1,,,,,
2026-07-22,2026-07-22,CM,BSE,STK,938882,INE860H07IQ0,8ABCL26,F,,,,,ABCL-8%-9-10-26-NCD,1060.5,1060.5,1060.5,1060.5,1060.5,1060.5,,1060.5,,,41,43480.0,5,F1,1,,,,,
2026-07-22,2026-07-22,CM,BSE,STK,938898,INE532F07EQ8,920EFSL26A,F,,,,,EFSL-9.20%-26-10-26-NCD,997.25,997.25,997.25,997.25,997.25,997.25,,997.25,,,100,99725.0,1,F1,1,,,,,
2026-07-22,2026-07-22,CM,BSE,STK,938904,INE532F07EO3,967EFSL28A,F,,,,,EFSL-9.67%-26-10-28-NCD,1000.0,1000.0,1000.0,1000.0,1000.0,1000.0,,1000.0,,,100,100000.0,1,F1,1,,,,,
2026-07-22,2026-07-22,CM,BSE,STK,938910,INE532F07EL9,10EFSL33A,F,,,,,EFSL-10%-26-10-33-NCD,998.0,998.0,998.0,998.0,998.0,998.0,,998.0,,,50,49900.0,1,F1,1,,,,,
2026-07-22,2026-07-22,CM,BSE,STK,938924,INE549K07CW4,944MFL28,F,,,,,MFL-9.44%-1-11-28-NCD,1026.22,1026.22,1026.22,1026.22,1026.22,1016.52,,1026.22,,,10,10262.0,1,F1,1,,,,,
2026-07-22,2026-07-22,CM,BSE,STK,939002,INE148I07RB1,965SCL25F,F,,,,,SCL-10.25%-9-11-33-NCD,1020.0,1020.0,820.2,880.0,880.0,850.0,,950.0,,,901,789594.0,12,F1,1,,,,,
2026-07-22,2026-07-22,CM,BSE,STK,939020,INE121A07RK6,CIFCZC26,F,,,,,CIFCL-ZC-7-12-26-NCD,1051.2,1051.2,1051.2,1051.2,1051.2,876.0,,1145.75,,,1,1051.0,1,F1,1,,,,,
2026-07-22,2026-07-22,CM,BSE,STK,939024,INE121A07RN0,CIFCZC28,F,,,,,CIFCL-ZC-7-12-28-NCD,1160.0,1160.0,1160.0,1160.0,1160.0,1194.0,,1195.0,,,25,29000.0,1,F1,1,,,,,
2026-07-22,2026-07-22,CM,BSE,STK,939098,INE05F407AZ7,MML30,F,,,,,MML-21-3-30-NCD,1274.0,1274.0,1274.0,1274.0,1274.0,1275.0,,1274.0,,,7,8918.0,1,F1,1,,,,,
2026-07-22,2026-07-22,CM,BSE,STK,939192,INE532F07EW6,960EFSL27,F,,,,,ESFL-9.60%-29-1-27-NCD,1041.0,1041.0,1035.2,1035.2,1035.2,1041.0,,1035.2,,,17,17685.0,2,F1,1,,,,,
2026-07-22,2026-07-22,CM,BSE,STK,939196,INE532F07EY2,967EFSL29,F,,,,,EFSL-9.67%-29-1-29-NCD,991.0,999.5,990.0,998.0,998.0,997.35,,998.0,,,1763,1758297.0,11,F1,1,,,,,
2026-07-22,2026-07-22,CM,BSE,STK,939202,INE532F07FB7,10EFSL34,F,,,,,EFSL-10%-29-1-34-NCD,1150.0,1150.0,1054.0,1054.0,1054.0,1051.55,,1054.0,,,266,281328.0,5,F1,1,,,,,
2026-07-22,2026-07-22,CM,BSE,STK,939208,INE414G07IT2,825MFL29,F,,,,,MFL-8.25%-25-1-29-NCD,1009.0,1009.0,1009.0,1009.0,1009.0,1009.85,,1009.0,,,124,125116.0,1,F1,1,,,,,
2026-07-22,2026-07-22,CM,BSE,STK,939212,INE414G07IV8,850MFL27A,F,,,,,MFL-8.50%-25-1-27-NCD,1032.5,1041.0,1032.5,1034.0,1034.0,1040.0,,1034.0,,,300,310111.0,5,F1,1,,,,,
2026-07-22,2026-07-22,CM,BSE,STK,939246,INE549K07DJ9,MFLZC27F,F,,,,,MFL-ZC-31-1-27-NCD,1234.2,1234.2,1234.2,1234.2,1234.2,1229.8,,1234.2,,,125,154275.0,1,F1,1,,,,,
2026-07-22,2026-07-22,CM,BSE,STK,939250,INE549K07DC4,MFLZC32,F,,,,,MFL-ZC-31-1-32-NCD,1151.22,1151.22,1150.0,1150.0,1150.0,1068.02,,1150.0,,,498,572977.0,3,F1,1,,,,,
2026-07-22,2026-07-22,CM,BSE,STK,939303,INE530L07665,1003NIDO29,F,,,,,NHFL-10.03%-1-3-29-NCD,994.0,994.0,993.0,993.0,993.0,992.0,,993.0,,,444,440912.0,15,F1,1,,,,,
2026-07-22,2026-07-22,CM,BSE,STK,939337,INE342T07445,1119NFL27,F,,,,,NFL-11.19%-13-3-27-NCD,1037.1,1037.1,1037.1,1037.1,1037.1,1037.1,,1040.8,,,1,1037.0,1,F1,1,,,,,
2026-07-22,2026-07-22,CM,BSE,STK,939423,INE532F07FN2,967EFSL29A,F,,,,,EFSL-9.67%-29-4-29-NCD,990.0,990.0,990.0,990.0,990.0,996.55,,990.0,,,30,29700.0,1,F1,1,,,,,
2026-07-22,2026-07-22,CM,BSE,STK,939481,INE338I07115,93MOFSL34,F,,,,,MOFSL-9.3%-9-5-34-NCD,1087.0,1087.0,1087.0,1087.0,1087.0,1087.9,,1087.0,,,86,93482.0,2,F1,1,,,,,
2026-07-22,2026-07-22,CM,BSE,STK,939585,INE530L07772,10NHFL27,F,,,,,NHFL-10%-3-7-27-NCD,1002.0,1002.0,1002.0,1002.0,1002.0,1001.8,,1002.0,,,99,99198.0,1,F1,1,,,,,
2026-07-22,2026-07-22,CM,BSE,STK,939595,INE530L07780,1026NHFL34,F,,,,,NHFL-10.26%-3-7-34-NCD,1003.0,1003.0,1000.0,1000.75,1000.0,997.1,,1000.75,,,699,701088.0,9,F1,1,,,,,
2026-07-22,2026-07-22,CM,BSE,STK,939631,INE532F07FZ6,1049EFSL34,F,,,,,EFSL-10.49%-26-7-34-NCD,1011.0,1011.0,1011.0,1011.0,1011.0,1011.0,,1011.0,,,150,151650.0,3,F1,1,,,,,
2026-07-22,2026-07-22,CM,BSE,STK,939655,INE103C07041,994SMCGS29,F,,,,,SMCGSL-9.94%-07-08-29-NCD,1001.0,1001.0,1001.0,1001.0,1001.0,998.0,,1001.0,,,300,300300.0,1,F1,1,,,,,
2026-07-22,2026-07-22,CM,BSE,STK,939657,INE103C07066,104SMCGS29,F,,,,,SMCGSL-10.40%-07-08-29-NCD,980.01,980.01,980.01,980.01,980.01,1080.2,,980.01,,,120,117601.0,1,F1,1,,,,,
2026-07-22,2026-07-22,CM,BSE,STK,939693,INE051307BD2,12CCI29,F,,,,,CCIL-12%-13-8-29-NCD,1000.0,1000.0,1000.0,1000.0,1000.0,1010.0,,1000.0,,,47,47000.0,1,F1,1,,,,,
2026-07-22,2026-07-22,CM,BSE,STK,939711,INE05F407CM1,1125MML27,F,,,,,MML-11.25%-11-9-27-NCD,988.0,990.0,980.0,980.0,980.0,990.0,,980.0,,,99,97724.0,5,F1,1,,,,,
2026-07-22,2026-07-22,CM,BSE,STK,939727,INE423A07328,965AEL27,F,,,,,AEL-9.65%-12-9-27-NCD,1091.7,1092.0,1091.7,1091.9,1092.0,1090.0,,1091.62,,,75,81892.0,3,F1,1,,,,,
2026-07-22,2026-07-22,CM,BSE,STK,939743,INE549K07EI9,965MFCL30,F,,,,,MFCL-9.65%-16-9-30-NCD,1012.0,1012.0,1005.95,1005.98,1005.95,1029.5,,1005.98,,,442,445217.0,7,F1,1,,,,,
2026-07-22,2026-07-22,CM,BSE,STK,939807,INE896L07991,1030ICFL27,F,,,,,ICFL-10.30%-25-9-27-NCD,1030.0,1030.0,1030.0,1030.0,1030.0,1011.0,,1030.0,,,5,5150.0,1,F1,1,,,,,
2026-07-22,2026-07-22,CM,BSE,STK,939811,INE896L07AB5,1050ICFL29,F,,,,,ICFL-10.50%-25-9-29-NCD,1092.13,1100.0,1092.13,1100.0,1100.0,1079.36,,1100.0,,,20,21921.0,2,F1,1,,,,,
2026-07-22,2026-07-22,CM,BSE,STK,939823,INE530L07897,1003NHF29,F,,,,,NHFL-10.03%-8-10-29-NCD,1000.0,1000.0,997.0,997.0,997.0,972.76,,997.0,,,20,19970.0,2,F1,1,,,,,
2026-07-22,2026-07-22,CM,BSE,STK,939829,INE530L07921,1049NHFL34,F,,,,,NHFL-10.49%-8-10-34-NCD,1014.0,1014.0,1000.0,1000.0,1000.0,1014.0,,1000.0,,,35,35139.0,3,F1,1,,,,,
2026-07-22,2026-07-22,CM,BSE,STK,939835,INE583D07521,1025UCL26A,F,,,,,UCL-10.25%-24-10-26-NCD,1002.0,1002.0,1001.0,1001.0,1001.0,996.0,,1001.0,,,175,175215.0,3,F1,1,,,,,
2026-07-22,2026-07-22,CM,BSE,STK,939837,INE583D07513,1040UCL27B,F,,,,,UCL-10.40%-24-4-27-NCD,1001.0,1001.0,1001.0,1001.0,1001.0,999.0,,1001.0,,,30,30030.0,1,F1,1,,,,,
2026-07-22,2026-07-22,CM,BSE,STK,939841,INE532F07GC3,EFSL241024,F,,,,,EFSL-24-10-26-NCD,1162.0,1162.0,1162.0,1162.0,1162.0,1160.65,,1162.0,,,50,58100.0,1,F1,1,,,,,
2026-07-22,2026-07-22,CM,BSE,STK,939851,INE532F07GF6,1050EFS29C,F,,,,,EFSL-10.50%-24-10-29-NCD,1053.2,1065.8,1051.2,1065.8,1065.8,1051.2,,1065.8,,,150,159500.0,7,F1,1,,,,,
2026-07-22,2026-07-22,CM,BSE,STK,939853,INE532F07GK6,EFS241024C,F,,,,,EFSL-24-10-29-NCD,928.0,1128.0,928.0,1128.0,1128.0,1128.0,,1128.0,,,6,6168.0,2,F1,1,,,,,
2026-07-22,2026-07-22,CM,BSE,STK,939865,INE549K07ET6,925MFCL27A,F,,,,,MFCL-9.25%-30-10-27-NCD,990.0,990.0,990.0,990.0,990.0,998.0,,990.0,,,120,118800.0,1,F1,1,,,,,
2026-07-22,2026-07-22,CM,BSE,STK,939913,INE101Q07AT1,10MM28,F,,,,,MML-10%-18-11-28-NCD,999.0,999.0,999.0,999.0,999.0,1000.0,,999.0,,,66,65934.0,4,F1,1,,,,,
2026-07-22,2026-07-22,CM,BSE,STK,939983,INE477L07BG1,89IHFL29,F,,,,,IHFL-8.9%-26-12-29-NCD,980.0,980.0,980.0,980.0,980.0,980.0,,982.5,,,51,49980.0,2,F1,1,,,,,
2026-07-22,2026-07-22,CM,BSE,STK,940061,INE549K07FC9,940MFL27,F,,,,,MFLIII-9.40%-10-1-27-NCD,1038.21,1038.21,1038.21,1038.21,1038.21,1036.5,,1038.21,,,5,5191.0,1,F1,1,,,,,
2026-07-22,2026-07-22,CM,BSE,STK,940069,INE549K07FE5,MFL100125,F,,,,,MFLIII-10-1-27-NCD,1131.2,1131.2,1131.0,1131.0,1131.0,1138.5,,1131.0,,,6,6786.0,3,F1,1,,,,,
2026-07-22,2026-07-22,CM,BSE,STK,940101,INE532F07GQ3,957EFSL28,F,,,,,EFSL-9.57%-24-1-28-NCD,985.0,985.0,985.0,985.0,985.0,1004.0,,985.0,,,58,57130.0,1,F1,1,,,,,
2026-07-22,2026-07-22,CM,BSE,STK,940107,INE532F07GX9,1004EFSL30,F,,,,,EFSL-10.04%-24-1-30-NCD,995.0,1002.0,995.0,1002.0,1002.0,1000.0,,1002.0,,,185,185230.0,8,F1,1,,,,,
2026-07-22,2026-07-22,CM,BSE,STK,940115,INE532F07GT7,1049EFSL35,F,,,,,EFSL-10.49%-24-1-35-NCD,1015.0,1015.0,1006.0,1015.0,1015.0,1015.0,,1015.0,,,130,131878.0,5,F1,1,,,,,
2026-07-22,2026-07-22,CM,BSE,STK,940161,INE549K07FU1,925MFLIV28,F,,,,,MFLIV-9.25%-24-2-28-NCD,984.79,995.0,984.79,995.0,995.0,980.0,,995.0,,,86,85130.0,2,F1,1,,,,,
2026-07-22,2026-07-22,CM,BSE,STK,940165,INE549K07FT3,965MFLIV31,F,,,,,MFLIV-9.65%-24-2-31-NCD,950.0,1001.0,950.0,966.92,999.0,1000.0,,966.92,,,759,733891.0,10,F1,1,,,,,
2026-07-22,2026-07-22,CM,BSE,STK,940227,INE0IID07553,13PCL30,F,,,,,PCL-13%-20-3-30-NCD,997.0,1008.0,996.0,1008.0,1008.0,1010.0,,1008.0,,,50,50169.0,3,F1,1,,,,,
2026-07-22,2026-07-22,CM,BSE,STK,940253,INE530L07AG9,NHF030425A,F,,,,,NHFL-3-4-30-NCD,1120.2,1120.2,1120.2,1120.2,1120.2,1115.2,,1120.2,,,10,11202.0,1,F1,1,,,,,
2026-07-22,2026-07-22,CM,BSE,STK,940255,INE530L07AM7,1049NHF35,F,,,,,NHFL-10.49%-3-4-35-NCD,1015.0,1015.0,1015.0,1015.0,1015.0,1013.0,,1015.0,,,30,30450.0,1,F1,1,,,,,
2026-07-22,2026-07-22,CM,BSE,STK,940325,INE103C07082,1003SMCG30,F,,,,,SMCGSL-10.03%-24-04-30-NCD,1000.01,1004.8,1000.01,1002.0,1002.0,1002.0,,1002.0,,,353,353350.0,12,F1,1,,,,,
2026-07-22,2026-07-22,CM,BSE,STK,940327,INE103C07090,1050SMCG30,F,,,,,SMCGSL-10.50%-24-04-30-NCD,1029.98,1029.98,1029.98,1029.98,1029.98,1029.99,,1029.98,,,50,51499.0,3,F1,1,,,,,
2026-07-22,2026-07-22,CM,BSE,STK,940339,INE532F07HL2,1004EFS30D,F,,,,,EFSL-10.04%-30-04-30-NCD,1000.0,1004.0,1000.0,1001.89,1004.0,990.0,,1001.89,,,38,38072.0,2,F1,1,,,,,
2026-07-22,2026-07-22,CM,BSE,STK,940349,INE532F07HB3,11EFSL35G,F,,,,,EFSL-11%-30-04-35-NCD,1045.0,1045.0,1045.0,1045.0,1045.0,1045.0,,1045.0,,,140,146300.0,2,F1,1,,,,,
2026-07-22,2026-07-22,CM,BSE,STK,940353,INE101Q07BC5,MML130525,F,,,,,MML-12-11-26-NCD,1096.5,1096.5,1096.0,1096.0,1096.0,1090.5,,1096.0,,,220,241225.0,3,F1,1,,,,,
2026-07-22,2026-07-22,CM,BSE,STK,940393,INE549K07GC7,94MFL27B,F,,,,,MFL-9.4%-19-5-27-NCD,1014.0,1014.0,1014.0,1014.0,1014.0,1014.0,,1014.0,,,22,22308.0,2,F1,1,,,,,
2026-07-22,2026-07-22,CM,BSE,STK,940439,INE530L07AQ8,1025NHFL35,F,,,,,NHFL-10.25%-02-07-35-NCD,1009.99,1010.0,1009.99,1009.99,1010.0,1012.0,,1009.99,,,40,40399.0,2,F1,1,,,,,
2026-07-22,2026-07-22,CM,BSE,STK,940449,INE549K07GV7,940MFCL31,F,,,,,MFCL-9.40%-16-7-31-NCD,999.5,999.5,999.4,999.4,999.4,999.5,,999.4,,,44,43973.0,2,F1,1,,,,,
2026-07-22,2026-07-22,CM,BSE,STK,940465,INE549K07GO2,MFCL16725C,F,,,,,MFCL-16-7-31-NCD,1050.22,1050.22,1050.2,1050.2,1050.2,1040.2,,1050.2,,,2,2100.0,2,F1,1,,,,,
2026-07-22,2026-07-22,CM,BSE,STK,940467,INE423A07450,895AEL27,F,,,,,AEL-8.95%-17-07-27-NCD,1021.0,1024.9,1021.0,1024.9,1024.9,1017.99,,1017.45,,,70,71520.0,2,F1,1,,,,,
2026-07-22,2026-07-22,CM,BSE,STK,940469,INE423A07401,AEL17725,F,,,,,AEL-17-07-27-NCD,1090.45,1090.45,1090.45,1090.45,1090.45,1079.99,,1090.45,,,5,5452.0,1,F1,1,,,,,
2026-07-22,2026-07-22,CM,BSE,STK,940479,INE423A07393,930AEL30,F,,,,,AEL-9.30%-17-07-30-NCD,1035.0,1035.0,1032.25,1034.81,1032.25,1035.0,,1034.69,,,146,151082.0,3,F1,1,,,,,
2026-07-22,2026-07-22,CM,BSE,STK,940505,INE532F07HN8,975EFSL28,F,,,,,EFSL-9.75%-24-7-28-NCD,1001.0,1001.0,1001.0,1001.0,1001.0,1001.1,,1001.0,,,10,10010.0,1,F1,1,,,,,
2026-07-22,2026-07-22,CM,BSE,STK,940509,INE532F07HV1,980EFSL30,F,,,,,EFSL-9.80%-24-7-30-NCD,999.0,999.0,999.0,999.0,999.0,990.0,,999.0,,,10,9990.0,1,F1,1,,,,,
2026-07-22,2026-07-22,CM,BSE,STK,940519,INE532F07HR9,1050EFSL35,F,,,,,EFSL-10.50%-24-7-35-NCD,1000.0,1000.0,995.0,1000.0,1000.0,995.0,,1000.0,,,310,309950.0,5,F1,1,,,,,
2026-07-22,2026-07-22,CM,BSE,STK,940541,INE01I507AU6,KAFL28725,F,,,,,KAFL-27-2-32-NCD,952.0,952.0,952.0,952.0,952.0,951.0,,952.0,,,20,19040.0,1,F1,1,,,,,
2026-07-22,2026-07-22,CM,BSE,STK,940543,INE05F407DK3,950MML26,F,,,,,MML-9.50%-4-9-26-NCD,993.0,993.0,993.0,993.0,993.0,991.0,,993.0,,,10,9930.0,2,F1,1,,,,,
2026-07-22,2026-07-22,CM,BSE,STK,940593,INE148I07XD5,945SCL32,F,,,,,SCL-9.45%-01-08-32-NCD,852.1,852.1,852.1,852.1,852.1,852.1,,1060.0,,,10,8521.0,1,F1,1,,,,,
2026-07-22,2026-07-22,CM,BSE,STK,940603,INE01CYA7021,11IFL27,F,,,,,IFL-11%-20-8-27-NCD,984.0,984.0,984.0,984.0,984.0,961.0,,984.0,,,45,44280.0,3,F1,1,,,,,
2026-07-22,2026-07-22,CM,BSE,STK,940619,INE01CY079Z2,IFL200828C,F,,,,,IFL-20-6-31-NCD,908.0,960.0,908.0,960.0,960.0,908.0,,960.0,,,50,47272.0,2,F1,1,,,,,
2026-07-22,2026-07-22,CM,BSE,STK,940637,INE101Q07BL6,925MML27,F,,,,,MML-9.25%-29-8-27-NCD,976.0,990.0,945.75,990.0,990.0,945.75,,990.0,,,338,330907.0,12,F1,1,,,,,
2026-07-22,2026-07-22,CM,BSE,STK,940641,INE101Q07BN2,1025MML30,F,,,,,MML-10.25%-29-8-30-NCD,999.0,999.0,999.0,999.0,999.0,999.0,,999.0,,,502,501498.0,7,F1,1,,,,,
2026-07-22,2026-07-22,CM,BSE,STK,940649,INE530L07BD4,935NHFL28,F,,,,,NHFL-9.35%-10-09-28-NCD,985.0,985.0,985.0,985.0,985.0,985.0,,985.0,,,45,44325.0,1,F1,1,,,,,
2026-07-22,2026-07-22,CM,BSE,STK,940663,INE530L07AZ9,1050NHFL35,F,,,,,NHFL-10.50%-10-09-35-NCD,1078.8,1078.8,1078.8,1078.8,1078.8,1070.0,,1078.8,,,100,107880.0,1,F1,1,,,,,
2026-07-22,2026-07-22,CM,BSE,STK,940675,INE532F07ID7,958EFSL30,F,,,,,EFSL-9.58%-7-10-30-NCD,1005.0,1005.0,1005.0,1005.0,1005.0,1089.0,,1005.0,,,40,40200.0,1,F1,1,,,,,
2026-07-22,2026-07-22,CM,BSE,STK,940679,INE532F07IH8,EFSL71025A,F,,,,,EFSL-7-10-30-NCD,1060.0,1060.0,1060.0,1060.0,1060.0,1060.0,,1060.0,,,60,63600.0,2,F1,1,,,,,
2026-07-22,2026-07-22,CM,BSE,STK,940693,INE180C07171,89CGCL28,F,,,,,CGCL-8.9%-13-10-28-NCD,990.0,990.0,951.0,951.0,951.0,990.0,,951.0,,,37,35990.0,3,F1,1,,,,,
2026-07-22,2026-07-22,CM,BSE,STK,940699,INE180C07213,97CGCL35,F,,,,,CGCL-9.7%-13-10-35-NCD,1028.1,1028.1,1028.1,1028.1,1028.1,1020.0,,1028.1,,,2,2056.0,1,F1,1,,,,,
2026-07-22,2026-07-22,CM,BSE,STK,940701,INE0BUS07CB9,9IML26A,F,,,,,IML-9%-31-10-26-NCD,990.0,990.0,990.0,990.0,990.0,979.35,,990.0,,,30,29700.0,2,F1,1,,,,,
2026-07-22,2026-07-22,CM,BSE,STK,940705,INE0BUS07CE3,975IML27,F,,,,,IML-9.75%-30-10-27-NCD,990.0,990.0,990.0,990.0,990.0,990.0,,990.0,,,1,990.0,1,F1,1,,,,,
2026-07-22,2026-07-22,CM,BSE,STK,940709,INE0BUS07CD5,1025IML28,F,,,,,IML-10.25%-30-10-28-NCD,990.0,990.0,990.0,990.0,990.0,1000.0,,990.0,,,100,99000.0,1,F1,1,,,,,
2026-07-22,2026-07-22,CM,BSE,STK,940713,INE0BUS07CC7,1125IML30,F,,,,,IML-11.25%-30-10-30-NCD,1003.99,1005.69,1002.99,1005.69,1005.69,1000.2,,1005.69,,,126,126553.0,6,F1,1,,,,,
2026-07-22,2026-07-22,CM,BSE,STK,940715,INE0BUS07CA1,IML301025D,F,,,,,IML-30-10-31-NCD,1000.0,1000.0,1000.0,1000.0,1000.0,999.5,,1000.0,,,70,70000.0,5,F1,1,,,,,
2026-07-22,2026-07-22,CM,BSE,STK,940717,INE103C07181,975SGSL27,F,,,,,SGSL-9.75%-30-10-27-NCD,1051.2,1051.2,1051.2,1051.2,1051.2,1061.8,,1051.2,,,10,10512.0,1,F1,1,,,,,
2026-07-22,2026-07-22,CM,BSE,STK,940723,INE103C07157,SGS301025,F,,,,,SGSL-30-10-28-NCD,1036.5,1036.5,1036.5,1036.5,1036.5,1025.2,,1036.5,,,49,50788.0,1,F1,1,,,,,
2026-07-22,2026-07-22,CM,BSE,STK,940725,INE103C07173,98SGSL30,F,,,,,SGSL-9.8%-30-10-30-NCD,1000.0,1000.0,1000.0,1000.0,1000.0,1000.0,,1000.0,,,200,200000.0,1,F1,1,,,,,
2026-07-22,2026-07-22,CM,BSE,STK,940765,INE01CYA7161,12ICLFL30,F,,,,,ICLFL-12%-02-12-30-NCD,1000.0,1000.0,1000.0,1000.0,1000.0,1015.0,,1000.0,,,508,508000.0,4,F1,1,,,,,
2026-07-22,2026-07-22,CM,BSE,STK,940777,INE01CYA7138,ICL021225,F,,,,,ICLFL-02-10-31-NCD,880.0,882.0,861.0,861.0,861.0,921.0,,861.0,,,240,210350.0,7,F1,1,,,,,
2026-07-22,2026-07-22,CM,BSE,STK,940781,INE532F07IO4,EFSL121225,F,,,,,EFSL-12-12-27-NCD,1015.0,1015.0,1012.2,1012.2,1012.2,1021.8,,1012.2,,,28,28372.0,3,F1,1,,,,,
2026-07-22,2026-07-22,CM,BSE,STK,940799,INE01I507AY8,950KAFL27,F,,,,,KAFL-9.50%-19-1-27-NCD,987.8,987.8,987.8,987.8,987.8,988.0,,987.8,,,146,144218.0,1,F1,1,,,,,
2026-07-22,2026-07-22,CM,BSE,STK,940833,INE05F407DQ0,1075MML30,F,,,,,MML-10.75%-19-12-30-NCD,1006.55,1006.55,1006.55,1006.55,1006.55,1006.01,,1006.55,,,10,10065.0,1,F1,1,,,,,
2026-07-22,2026-07-22,CM,BSE,STK,940835,INE05F407DU2,MML191225D,F,,,,,MML-19-3-32-NCD,991.0,1071.0,980.0,1071.0,1071.0,991.0,,1071.0,,,15,15083.0,3,F1,1,,,,,
2026-07-22,2026-07-22,CM,BSE,STK,940841,INE0IID07769,13PCL30A,F,,,,,PCL-13%-29-12-30-NCD,1005.0,1005.0,1000.01,1000.01,1000.01,1000.11,,1000.01,,,12,12050.0,2,F1,1,,,,,
2026-07-22,2026-07-22,CM,BSE,STK,940855,INE423A07526,890AEL31,F,,,,,AEL-8.90%-12-1-31-NCD,1045.0,1045.0,1045.0,1045.0,1045.0,1047.0,,1045.08,,,13,13585.0,1,F1,1,,,,,
2026-07-22,2026-07-22,CM,BSE,STK,940862,INE549K07HG6,865MFL31,F,,,,,MFL-8.65%-12-2-31-NCD,980.0,980.0,980.0,980.0,980.0,971.0,,980.0,,,30,29400.0,1,F1,1,,,,,
2026-07-22,2026-07-22,CM,BSE,STK,940866,INE549K07HL6,87MFL28,F,,,,,MFL-8.7%-12-2-28-NCD,1005.22,1005.22,1005.22,1005.22,1005.22,1005.03,,1005.22,,,10,10052.0,1,F1,1,,,,,
2026-07-22,2026-07-22,CM,BSE,STK,940886,INE403Q07GU6,9KFL2029,F,,,,,KFL-9%-19-2-29-NCD,972.0,973.0,971.0,973.0,973.0,972.37,,973.0,,,110,107023.0,7,F1,1,,,,,
2026-07-22,2026-07-22,CM,BSE,STK,940898,INE01CYA7245,10ICLFL27,F,,,,,ICLFL-10%-23-03-27-NCD,975.0,975.0,975.0,975.0,975.0,971.5,,975.0,,,10,9750.0,2,F1,1,,,,,
2026-07-22,2026-07-22,CM,BSE,STK,940900,INE01CYA7252,1050ICLF28,F,,,,,ICLFL-10.50-23-02-28-NCD,999.0,999.0,999.0,999.0,999.0,999.0,,999.0,,,21,20979.0,1,F1,1,,,,,
2026-07-22,2026-07-22,CM,BSE,STK,940902,INE01CYA7260,11ICLFL29,F,,,,,ICLFL-11%-23-02-29--NCD,980.0,980.0,980.0,980.0,980.0,951.0,,980.0,,,10,9800.0,1,F1,1,,,,,
2026-07-22,2026-07-22,CM,BSE,STK,940904,INE01CYA7278,1150ICLF31,F,,,,,ICLFL-11.50%-23-02-31-NCD,996.0,996.0,996.0,996.0,996.0,1010.0,,996.0,,,10,9960.0,1,F1,1,,,,,
2026-07-22,2026-07-22,CM,BSE,STK,940906,INE01CYA7286,ICLFL23226,F,,,,,ICLFL-ZC-23-03-27-NCD,1008.0,1008.01,1008.0,1008.01,1008.01,1001.8,,1008.01,,,85,85680.0,2,F1,1,,,,,
2026-07-22,2026-07-22,CM,BSE,STK,940939,INE530B07617,870IIFL28,F,,,,,IIFL-8.70%-6-3-28-NCD,1021.0,1021.0,1021.0,1021.0,1021.0,1027.46,,1021.0,,,25,25525.0,1,F1,1,,,,,
2026-07-22,2026-07-22,CM,BSE,STK,940955,INE0IID07785,13PCL31,F,,,,,PCL-13%-16-3-31-NCD,996.8,1000.0,992.0,992.03,992.0,996.0,,992.03,,,300,298888.0,7,F1,1,,,,,
2026-07-22,2026-07-22,CM,BSE,STK,940957,INE051307CJ7,1025CCIL27,F,,,,,CCIL-10.25%-18-09-27-NCD,972.0,997.0,961.0,975.0,975.0,973.0,,975.0,,,803,787330.0,8,F1,1,,,,,
2026-07-22,2026-07-22,CM,BSE,STK,940963,INE051307CF5,12CCIL31,F,,,,,CCIL-12%-18-04-31-NCD,1000.0,1020.0,1000.0,1020.0,1020.0,995.0,,1020.0,,,29,29400.0,2,F1,1,,,,,
2026-07-22,2026-07-22,CM,BSE,STK,940965,INE051307CH1,CCIL18326,F,,,,,CCIL-22-04-27-NCD,965.12,965.13,965.12,965.13,965.13,965.0,,965.13,,,300,289538.0,9,F1,1,,,,,
2026-07-22,2026-07-22,CM,BSE,STK,940989,INE532F07JB9,10EFSL36,F,,,,,EFSL-10%-18-3-36-NCD,1020.0,1020.0,1020.0,1020.0,1020.0,1020.0,,1020.0,,,10,10200.0,1,F1,1,,,,,
2026-07-22,2026-07-22,CM,BSE,STK,940991,INE549K07HR3,837MFL28A,F,,,,,MFL-8.37%-25-3-28-NCD,980.0,980.0,980.0,980.0,980.0,979.99,,980.0,,,20,19600.0,1,F1,1,,,,,
2026-07-22,2026-07-22,CM,BSE,STK,941001,INE549K07HZ6,885MFL29A,F,,,,,MFL-8.85%-25-3-29-NCD,990.0,990.0,990.0,990.0,990.0,963.0,,990.0,,,100,99000.0,1,F1,1,,,,,
2026-07-22,2026-07-22,CM,BSE,STK,941007,INE549K07HW3,MFL250326,F,,,,,MFL-25-3-28-NCD,1001.0,1001.0,1001.0,1001.0,1001.0,1001.0,,1001.0,,,25,25025.0,2,F1,1,,,,,
2026-07-22,2026-07-22,CM,BSE,STK,941021,INE01CYA7385,115ICLFL31,F,,,,,ICLFL-11.50%-28-04-31-NCD,990.0,1000.0,990.0,1000.0,1000.0,1000.0,,1000.0,,,39,38890.0,4,F1,1,,,,,
2026-07-22,2026-07-22,CM,BSE,STK,941035,INE180C07288,9CGCL028,F,,,,,CGCL-9%-30-4-28-NCD,1002.0,1010.0,1002.0,1003.5,1003.5,986.0,,1003.5,,,89,89384.0,7,F1,1,,,,,
2026-07-22,2026-07-22,CM,BSE,STK,941037,INE180C07304,880CGCL29,F,,,,,CGCL-8.80%-30-4-29-NCD,1001.0,1004.0,998.0,1000.0,1000.0,1001.0,,1000.0,,,197,197191.0,9,F1,1,,,,,
2026-07-22,2026-07-22,CM,BSE,STK,941039,INE180C07320,915CGCL29,F,,,,,CGCL-9.15%-30-4-29-NCD,1010.0,1010.0,1010.0,1010.0,1010.0,1010.0,,1010.0,,,18,18180.0,1,F1,1,,,,,
2026-07-22,2026-07-22,CM,BSE,STK,941045,INE180C07312,950CGCL36,F,,,,,CGCL-9.50%-30-4-36-NCD,1025.0,1035.0,1025.0,1035.0,1035.0,1022.0,,1035.0,,,60,61794.0,5,F1,1,,,,,
2026-07-22,2026-07-22,CM,BSE,STK,941047,INE549K07IE9,851MFL28,F,,,,,MFL-8.51%-12-5-28-NCD,984.0,984.97,978.0,978.0,978.0,984.99,,978.0,,,159,156595.0,5,F1,1,,,,,
2026-07-22,2026-07-22,CM,BSE,STK,941053,INE549K07IH2,888MFL32,F,,,,,MFL-8.88%-12-5-32-NCD,1000.0,1000.0,1000.0,1000.0,1000.0,1005.0,,1000.0,,,30,30000.0,1,F1,1,,,,,
2026-07-22,2026-07-22,CM,BSE,STK,941069,INE549K07ID1,MFL12526B,F,,,,,MFL-12-5-32-NCD,999.0,999.0,999.0,999.0,999.0,999.0,,999.0,,,30,29970.0,2,F1,1,,,,,
2026-07-22,2026-07-22,CM,BSE,STK,941075,INE403Q07HB4,925KFL29,F,,,,,KFL-9.25%-27-05-29-NCD,990.0,990.0,982.6,984.91,982.6,986.0,,984.91,,,81,80037.0,10,F1,1,,,,,
2026-07-22,2026-07-22,CM,BSE,STK,941095,INE05F407DW8,11MML29,F,,,,,MML-11%-12-6-29-NCD,1010.0,1010.0,1010.0,1010.0,1010.0,1009.0,,1010.0,,,5,5050.0,1,F1,1,,,,,
2026-07-22,2026-07-22,CM,BSE,STK,941101,INE532F07JD5,865EFSL028,F,,,,,EFSL-8.65%-16-6-28-NCD,981.5,981.5,981.0,981.0,981.0,966.75,,981.0,,,10,9810.0,2,F1,1,,,,,
2026-07-22,2026-07-22,CM,BSE,STK,941119,INE532F07JF0,10EFSL036,F,,,,,EFSL-10%-16-6-36-NCD,990.0,998.0,990.0,998.0,998.0,999.99,,998.0,,,76,75464.0,3,F1,1,,,,,
2026-07-22,2026-07-22,CM,BSE,STK,941121,INE0IID07801,1225PCL29,F,,,,,PCL-12.25%-22-6-29-NCD,981.0,981.0,960.0,975.0,975.0,981.0,,975.0,,,40,38954.0,5,F1,1,,,,,
2026-07-22,2026-07-22,CM,BSE,STK,941125,INE0IID07827,1275PCL31,F,,,,,PCL-12.75%-22-6-31-NCD,997.0,997.0,997.0,997.0,997.0,1000.0,,997.0,,,175,174475.0,3,F1,1,,,,,
2026-07-22,2026-07-22,CM,BSE,STK,941127,INE549K07IP5,851MFL2028,F,,,,,MFL-8.51%-7-7-28-NCD,979.68,980.0,972.0,980.0,980.0,979.68,,980.0,,,415,406384.0,12,F1,1,,,,,
2026-07-22,2026-07-22,CM,BSE,STK,941129,INE549K07JA5,865MFL2029,F,,,,,MFL-8.65%-7-7-29-NCD,979.0,979.0,974.0,979.0,979.0,979.0,,979.0,,,250,244500.0,4,F1,1,,,,,
2026-07-22,2026-07-22,CM,BSE,STK,941131,INE549K07IR1,879MFL2031,F,,,,,MFL-8.79%-7-7-31-NCD,979.0,979.0,978.0,978.0,978.0,970.0,,978.0,,,108,105626.0,4,F1,1,,,,,
2026-07-22,2026-07-22,CM,BSE,STK,941135,INE549K07IT7,885MFL2028,F,,,,,MFL-8.85%-7-7-28-NCD,1050.0,1050.0,978.0,978.0,978.0,985.0,,978.0,,,61,60380.0,16,F1,1,,,,,
2026-07-22,2026-07-22,CM,BSE,STK,941137,INE549K07IU5,9MFL2029,F,,,,,MFL-9%-7-7-29-NCD,980.0,980.0,965.0,965.0,965.0,1000.0,,965.0,,,427,418010.0,9,F1,1,,,,,
2026-07-22,2026-07-22,CM,BSE,STK,941141,INE549K07IW1,925MFL2032,F,,,,,MFL-9.25%-7-7-32-NCD,1000.0,1001.99,1000.0,1001.99,1001.99,999.0,,1001.99,,,175,175199.0,6,F1,1,,,,,
2026-07-22,2026-07-22,CM,BSE,STK,941143,INE549K07IX9,MFL070726,F,,,,,MFL-7-7-28-NCD,975.0,975.0,971.2,971.5,971.5,975.0,,971.5,,,280,272096.0,5,F1,1,,,,,
2026-07-22,2026-07-22,CM,BSE,STK,941145,INE549K07IZ4,MFL70726,F,,,,,MFL-7-7-29-NCD,965.1,965.1,965.0,965.0,965.0,954.64,,965.0,,,20,19301.0,2,F1,1,,,,,
2026-07-22,2026-07-22,CM,BSE,STK,958025,INE00WJ08019,JFCZC28,F,,,,,JFC-ZC-27-6-28-PVT,10000000.0,10000000.0,10000000.0,10000000.0,10000000.0,10000000.0,,10000000.0,,,1,10000000.0,1,F1,1,,,,,
2026-07-22,2026-07-22,CM,BSE,STK,958685,INE121A08OJ3,1083CIFPER,F,,,,,CIFCL-10.83%-PERPETUAL-PVT,541030.0,541030.0,541030.0,541030.0,541030.0,530000.0,,541030.0,,,2,1082060.0,1,F1,2,,,,,
2026-07-22,2026-07-22,CM,BSE,STK,961718,INE134E07182,PFCBT1S4,F,,,,,PFCBT1S4,16900.0,16950.0,16900.0,16950.0,16950.0,16900.0,,16950.0,,,4,67650.0,2,F1,1,,,,,
2026-07-22,2026-07-22,CM,BSE,STK,961728,INE906B07CB9,830NHAI27,F,,,,,830NHAI27,1077.16,1077.16,1077.15,1077.15,1077.15,1088.95,,1078.08,,,1300,1400305.0,2,F1,1,,,,,
2026-07-22,2026-07-22,CM,BSE,STK,961730,INE134E07208,830PFCL27,F,,,,,830PFC2027,1074.5,1077.0,1074.5,1077.0,1077.0,1077.5,,1077.0,,,300,322600.0,4,F1,1,,,,,
2026-07-22,2026-07-22,CM,BSE,STK,961734,INE031A07840,82HUDCO27,F,,,,,HUDCO050327,1048.5,1048.5,1048.5,1048.5,1048.5,1043.5,,1048.25,,,50,52425.0,1,F1,1,,,,,
2026-07-22,2026-07-22,CM,BSE,STK,961744,INE020B07GH7,812REC27,F,,,,,812REC27,1022.5,1022.5,1018.1,1018.1,1018.1,1017.77,,1018.42,,,575,585738.0,3,F1,1,,,,,
2026-07-22,2026-07-22,CM,BSE,STK,961751,INE134E07349,736PFCL28,F,,,,,736PFC2028,1067.0,1067.0,1066.5,1066.5,1066.5,1067.0,,1066.28,,,24,25596.0,4,F1,1,,,,,
2026-07-22,2026-07-22,CM,BSE,STK,961776,INE020B07HP8,846REC28,F,,,,,846REC28,1121.0,1121.0,1120.0,1120.0,1120.0,1096.0,,1120.43,,,427,478478.0,6,F1,1,,,,,
2026-07-22,2026-07-22,CM,BSE,STK,961792,INE848E07567,892NHPC33,F,,,,,892NHPC33,1248.0,1248.0,1248.0,1248.0,1248.0,1294.92,,1248.0,,,222,277056.0,1,F1,1,,,,,
2026-07-22,2026-07-22,CM,BSE,STK,961798,INE787H07313,875IIFCL33,F,,,,,875IIFCL33,1250.0,1250.0,1250.0,1250.0,1250.0,1251.0,,1250.0,,,125,156250.0,3,F1,1,,,,,
2026-07-22,2026-07-22,CM,BSE,STK,961825,INE906B07DE1,850NHAI29,F,,,,,NHAI-8.5%-5-2-29-NCD,1110.0,1110.0,1110.0,1110.0,1110.0,1110.0,,1104.51,,,10,11100.0,2,F1,1,,,,,
2026-07-22,2026-07-22,CM,BSE,STK,961826,INE906B07DF8,875NHAI29,F,,,,,NHAI-8.75%-5-2-29-NCD,1107.5,1107.5,1107.5,1107.5,1107.5,1105.0,,1106.46,,,450,498375.0,1,F1,1,,,,,
2026-07-22,2026-07-22,CM,BSE,STK,961839,INE202E07138,880IREDA29,F,,,,,IREDA-8.80%-13-03-29-BOND,1125.0,1125.0,1125.0,1125.0,1125.0,1130.0,,1125.0,,,1,1125.0,1,F1,1,,,,,
2026-07-22,2026-07-22,CM,BSE,STK,961895,INE787H07420,880IIFCL29,F,,,,,IIFCL-8.8%-27-3-29-TFBOND,1108.0,1108.0,1108.0,1108.0,1108.0,1101.69,,1108.0,,,50,55400.0,1,F1,1,,,,,
2026-07-22,2026-07-22,CM,BSE,STK,961897,INE787H07438,880IIFCL34,F,,,,,IIFCL-8.8%-27-3-24-TFBOND,1234.01,1234.01,1234.01,1234.01,1234.01,1238.9,,1234.01,,,148,182633.0,1,F1,1,,,,,
2026-07-22,2026-07-22,CM,BSE,STK,961910,INE733E07JW2,762NTPC35F,F,,,,,NTPC-7.62%-3B-5-10-35-BOND,1220.0,1220.0,1220.0,1220.0,1220.0,1220.0,,1227.0,,,1,1220.0,1,F1,1,,,,,
2026-07-22,2026-07-22,CM,BSE,STK,972706,INE039A09NZ3,875IFCI26A,F,,,,,IFCI-III-8.75%-12-12-26-C-PVT,16500.0,16600.0,16500.0,16600.0,16600.0,16500.0,,16600.0,,,17,281400.0,5,F1,1,,,,,
2026-07-22,2026-07-22,CM,BSE,STK,972715,INE039A09OG1,916IFCI27,F,,,,,IFCI-9.16%-IV-15-2-27-C-PVT,17156.0,17156.0,17155.5,17155.5,17155.5,17160.5,,17155.5,,,5,85779.0,2,F1,1,,,,,
2026-07-22,2026-07-22,CM,BSE,STK,973491,INE516Y07444,675PFL31,F,,,,,PFL-6.75%-26-9-31-PVT,744.0,744.95,744.0,744.1,744.08,744.0,,744.1,,,388,288917.0,8,F1,1,,,,,
2026-07-22,2026-07-22,CM,BSE,STK,974634,INE468N07615,EELZC27,F,,,,,EEL-ZC-26-2-27-PVT,140383.0,140383.0,140275.0,140374.0,140374.0,140537.5,,140374.0,,,14,1965026.0,6,F1,1,,,,,
2026-07-22,2026-07-22,CM,BSE,STK,974749,INE760I07086,1055MECL33,F,,,,,MECL-10.55%-3-4-33-PVT,110000.0,110000.0,110000.0,110000.0,110000.0,110000.0,,110000.0,,,1,110000.0,1,F1,1,,,,,
2026-07-22,2026-07-22,CM,BSE,STK,974999,INE836K07056,EFCL280723,F,,,,,EFCL-8-4-27-PVT,134738.0,135150.0,134700.0,135150.0,135150.0,135100.0,,135150.0,,,13,1753838.0,3,F1,1,,,,,
2026-07-22,2026-07-22,CM,BSE,STK,975375,INE982X08109,1385SML29,F,,,,,SML-13.85%-12-7-29-PVT,95600.0,95999.0,95500.0,95511.0,95511.0,95998.99,,95511.0,,,5,478609.0,4,F1,1,,,,,
2026-07-22,2026-07-22,CM,BSE,STK,975571,INE468N07BC5,EEL280324,F,,,,,EEL-27-01-27-PVT,144119.0,144119.0,144119.0,144119.0,144119.0,122000.0,,144119.0,,,1,144119.0,1,F1,1,,,,,
2026-07-22,2026-07-22,CM,BSE,STK,975572,INE468N07BD3,EEL280324A,F,,,,,EEL-26-11-27-PVT,146972.0,146972.0,146972.0,146972.0,146972.0,152212.0,,146972.0,,,1,146972.0,1,F1,1,,,,,
2026-07-22,2026-07-22,CM,BSE,STK,975741,INE0NES07113,114KFL27,F,,,,,KFL-11.4%-13-6-27-PVT,98900.0,98900.0,98900.0,98900.0,98900.0,98723.96,,98900.0,,,1,98900.0,1,F1,1,,,,,
2026-07-22,2026-07-22,CM,BSE,STK,975790,INE735W08053,11USFBL31,F,,,,,USFBL-11%-28-6-31-PVT,100999.0,100999.0,100999.0,100999.0,100999.0,100000.0,,100999.0,,,1,100999.0,1,F1,1,,,,,
2026-07-22,2026-07-22,CM,BSE,STK,975903,INE468N07BJ0,EEL130826,F,,,,,EEL-13-8-26-PVT,119760.0,119776.0,119760.0,119776.0,119776.0,119746.0,,119776.0,,,2,239536.0,2,F1,1,,,,,
2026-07-22,2026-07-22,CM,BSE,STK,976036,INE549K08509,1045MFL32,F,,,,,MFL-10.45%-24-12-32-PVT,10100.0,10100.0,10005.0,10078.0,10078.0,10096.79,,10078.0,,,75,753897.0,20,F1,1,,,,,
2026-07-22,2026-07-22,CM,BSE,STK,976228,INE549K08517,1045MFL33,F,,,,,MFL-10.45%-11-3-33-PVT,10090.0,10095.0,10090.0,10095.0,10095.0,10103.0,,10095.0,,,41,413890.0,2,F1,1,,,,,
2026-07-22,2026-07-22,CM,BSE,STK,976248,INE138I08091,0MSFL026,F,,,,,MSFL-ZC-18-12-26-PVT,118071.0,118071.0,118071.0,118071.0,118071.0,117903.0,,118071.0,,,4,472284.0,1,F1,1,,,,,
2026-07-22,2026-07-22,CM,BSE,STK,976303,INE403Q07FE2,10KFL26,F,,,,,KFL-10%-31-12-26-PVT,9900.0,9900.0,9900.0,9900.0,9900.0,9972.46,,9900.0,,,9,89100.0,1,F1,1,,,,,
2026-07-22,2026-07-22,CM,BSE,STK,976307,INE528L07115,108EAAAL27,F,,,,,EAAAL-10.80%-2-7-27-PVT,105965.2,105965.2,105965.2,105965.2,105965.2,105876.1,,105965.2,,,5,529826.0,2,F1,1,,,,,
2026-07-22,2026-07-22,CM,BSE,STK,976325,INE342T07544,1075NFL27,F,,,,,NFL-10.75%-31-12-27-PVT,10000.0,10074.98,10000.0,10069.99,10069.99,10015.0,,10069.99,,,82,820832.0,20,F1,1,,,,,
2026-07-22,2026-07-22,CM,BSE,STK,976346,INE0NES07154,1130KFL27,F,,,,,KFL-11.30%-23-1-27-PVT,117115.0,117115.0,96852.0,106917.0,116982.0,117123.0,,106917.0,,,3,330949.0,3,F1,1,,,,,
2026-07-22,2026-07-22,CM,BSE,STK,976377,INE468N07BM4,EEL310125,F,,,,,EEL-DISC-31-1-28-PVT,115053.0,115053.0,115053.0,115053.0,115053.0,114870.0,,115053.0,,,1,115053.0,1,F1,1,,,,,
2026-07-22,2026-07-22,CM,BSE,STK,976423,INE0BUS07BN6,11IML026,F,,,,,IML-11%-18-8-26-PVT,9911.0,9911.0,9911.0,9911.0,9911.0,10015.0,,9911.0,,,1,9911.0,1,F1,1,,,,,
2026-07-22,2026-07-22,CM,BSE,STK,976437,INE342T07569,1060NFL27,F,,,,,NFL-10.60%-21-5-27-PVT,10000.0,10000.0,9992.0,9998.9,9998.9,9992.0,,9998.9,,,103,1029730.0,18,F1,1,,,,,
2026-07-22,2026-07-22,CM,BSE,STK,976443,INE01HV07536,986VCL27,F,,,,,VCL-9.86%-16-4-27,10110.0,10110.0,10110.0,10110.0,10110.0,9868.6,,10110.0,,,2,20220.0,1,F1,1,,,,,
2026-07-22,2026-07-22,CM,BSE,STK,976445,INE836K07189,EFCL250225,F,,,,,EFCL-27-4-27-PVT,149188.0,152129.0,115418.0,145227.0,145227.0,144129.0,,145227.0,,,4,561962.0,4,F1,1,,,,,
2026-07-22,2026-07-22,CM,BSE,STK,976479,INE0BUS07BO4,11IML2026,F,,,,,IML-11%-07-10-26-PVT,100100.0,100100.0,100100.0,100100.0,100100.0,100100.0,,100100.0,,,1,100100.0,1,F1,1,,,,,
2026-07-22,2026-07-22,CM,BSE,STK,976535,INE836K07221,EFCL25325,F,,,,,EFCL-21-04-28-PVT,113475.0,113475.0,113475.0,113475.0,113475.0,113445.0,,113475.0,,,2,226950.0,2,F1,1,,,,,
2026-07-22,2026-07-22,CM,BSE,STK,976660,INE08XP07308,985ACAP26,F,,,,,ACAPL-9.85%-30-10-26-PVT,9950.55,9950.55,9950.55,9950.55,9950.55,9550.55,,9950.55,,,2,19901.0,1,F1,1,,,,,
2026-07-22,2026-07-22,CM,BSE,STK,976675,INE07HK07809,1065KSL26,F,,,,,KSL-10-.65%-06-11-26-PVT,40000.0,40000.0,40000.0,40000.0,40000.0,100100.0,,40000.0,,,1,40000.0,1,F1,1,,,,,
2026-07-22,2026-07-22,CM,BSE,STK,976685,INE939X07192,1125MFL27,F,,,,,MFL-11.25%-9-2-27-PVT,9910.0,9950.0,9910.0,9911.0,9911.0,9900.0,,9911.0,,,24,238131.0,7,F1,1,,,,,
2026-07-22,2026-07-22,CM,BSE,STK,976708,INE836K07262,EFCL210525,F,,,,,EFCL-20-7-28-PVT,112820.0,112820.0,112820.0,112820.0,112820.0,120000.0,,112820.0,,,2,225640.0,2,F1,1,,,,,
2026-07-22,2026-07-22,CM,BSE,STK,976727,INE884Q07764,1075MML027,F,,,,,MML-10.75%-27-5-27-PVT,98500.0,98500.0,98500.0,98500.0,98500.0,98918.5,,98500.0,,,1,98500.0,1,F1,1,,,,,
2026-07-22,2026-07-22,CM,BSE,STK,976751,INE0BUS07BU1,1125IML27,F,,,,,IML-11.25%-03-02-27-PVT,99500.0,99500.0,99500.0,99500.0,99500.0,99500.0,,99500.0,,,2,199000.0,2,F1,1,,,,,
2026-07-22,2026-07-22,CM,BSE,STK,976757,INE939X07200,1130MBFL27,F,,,,,MBFL-11.30%-5-6-27-PVT,9974.0,9974.0,9974.0,9974.0,9974.0,10015.35,,9974.0,,,15,149610.0,2,F1,1,,,,,
2026-07-22,2026-07-22,CM,BSE,STK,976808,INE342T07601,1075NFL28,F,,,,,NFL-10.75%-19-8-28-PVT,10015.0,10025.0,10015.0,10015.1,10015.1,10025.0,,10015.1,,,48,480764.0,13,F1,1,,,,,
2026-07-22,2026-07-22,CM,BSE,STK,976855,INE342T07619,10NFL27,F,,,,,NFL-10%-25-03-27-PVT,99995.95,99995.95,99995.95,99995.95,99995.95,99150.0,,99995.95,,,1,99995.0,1,F1,1,,,,,
2026-07-22,2026-07-22,CM,BSE,STK,976905,INE08XP07316,985ACAPL27,F,,,,,ACAPL-9.85%-11-1-27-PVT,9854.0,9947.0,9700.0,9947.0,9947.0,9854.0,,9947.0,,,24,237372.0,8,F1,1,,,,,
2026-07-22,2026-07-22,CM,BSE,STK,976968,INE836K07312,EFCL300725,F,,,,,EFCL-30-10-28-PVT,109283.0,109283.0,109283.0,109283.0,109283.0,109256.0,,109283.0,,,2,218566.0,2,F1,1,,,,,
2026-07-22,2026-07-22,CM,BSE,STK,976970,INE681R08125,1025NBSP27,F,,,,,NBSPL-10.25%-30-01-27-PVT,101050.0,101050.0,101050.0,101050.0,101050.0,101050.0,,101050.0,,,6,606300.0,3,F1,1,,,,,
2026-07-22,2026-07-22,CM,BSE,STK,976985,INE0K0Y08011,0MCIBPL27,F,,,,,MCIBPL-ZC-05-08-27-PVT,110550.0,110700.0,110550.0,110700.0,110700.0,110000.0,,110700.0,,,9,996101.0,6,F1,1,,,,,
2026-07-22,2026-07-22,CM,BSE,STK,977017,INE342T07635,1030NFL27,F,,,,,NFL-10.30%-30-09-27-PVT,10001.0,10010.0,9951.0,9980.0,9980.0,10001.0,,9980.0,,,211,2104905.0,32,F1,1,,,,,
2026-07-22,2026-07-22,CM,BSE,STK,977022,INE07HK07825,1065KSL27,F,,,,,KSL-10.65%-12-08-27-PVT,100240.0,100240.0,99850.11,99850.11,99850.11,99850.01,,99850.11,,,6,599490.0,3,F1,1,,,,,
2026-07-22,2026-07-22,CM,BSE,STK,977028,INE136S07013,1050NCL28,F,,,,,NCL-10.50%-12-2-28-PVT,98250.0,98250.0,98250.0,98250.0,98250.0,98253.75,,98250.0,,,2,196500.0,1,F1,1,,,,,
2026-07-22,2026-07-22,CM,BSE,STK,977040,INE939X07234,1095MBFL27,F,,,,,MBFL-10.95%-20-10-27-PVT,99500.0,99500.0,99500.0,99500.0,99500.0,100600.0,,99500.0,,,3,298500.0,1,F1,1,,,,,
2026-07-22,2026-07-22,CM,BSE,STK,977044,INE0NES07261,111KFL27,F,,,,,KFL-11.10%-19-8-27-PVT,9839.0,9839.0,9839.0,9839.0,9839.0,9839.0,,9839.0,,,4,39356.0,2,F1,1,,,,,
2026-07-22,2026-07-22,CM,BSE,STK,977093,INE138I08109,0MSFL27,F,,,,,MSFL-0%-9-9-27-PVT,108899.0,108900.0,108899.0,108900.0,108900.0,108880.0,,108900.0,,,12,1306792.0,4,F1,1,,,,,
2026-07-22,2026-07-22,CM,BSE,STK,977117,INE583D08081,1165UCL31,F,,,,,UCL-11.65%-15-3-31-PVT,98200.0,98300.0,98115.0,98115.0,98115.0,98298.99,,98115.0,,,46,4517450.0,31,F1,1,,,,,
2026-07-22,2026-07-22,CM,BSE,STK,977123,INE07HK07841,1045KSL27,F,,,,,KSL-10.45%-16-03-27-PVT,100790.0,101550.0,100790.0,101550.0,101550.0,100790.0,,101550.0,,,3,303130.0,3,F1,1,,,,,
2026-07-22,2026-07-22,CM,BSE,STK,977128,INE549K08574,1026MFL31,F,,,,,MFL-10.26%-18-7-31-PVT,10050.0,10067.0,10050.0,10067.0,10067.0,10065.0,,10067.0,,,6,60351.0,3,F1,1,,,,,
2026-07-22,2026-07-22,CM,BSE,STK,977132,INE101Q07BO0,925MMLD27,F,,,,,MML-9.25%-18-9-27-PVT,9850.0,9850.0,9850.0,9850.0,9850.0,9801.0,,9850.0,,,1,9850.0,1,F1,1,,,,,
2026-07-22,2026-07-22,CM,BSE,STK,977172,INE884Q07798,1075MML27A,F,,,,,MML-10.75%-30-9-27-PVT,98900.0,98900.0,98900.0,98900.0,98900.0,98000.0,,98900.0,,,2,197800.0,2,F1,1,,,,,
2026-07-22,2026-07-22,CM,BSE,STK,977176,INE08XP07381,1435ACAP26,F,,,,,ACAPL-14.35%-28-10-26-PVT,3077.0,3077.0,2184.0,2184.0,2184.0,2730.0,,2184.0,,,117,344828.0,5,F1,1,,,,,
2026-07-22,2026-07-22,CM,BSE,STK,977187,INE08E807100,1025SRFC28,F,,,,,SRFCPL-10.25%-1-4-28-PVT,97230.55,97230.55,97230.55,97230.55,97230.55,99900.0,,97230.55,,,4,388922.0,2,F1,1,,,,,
2026-07-22,2026-07-22,CM,BSE,STK,977200,INE146O08399,925HLFL31,F,,,,,HLFL-9.25%-9-7-31-PVT,106811.0,106990.0,106811.0,106815.0,106815.0,106602.0,,106815.0,,,26,2779470.0,9,F1,1,,,,,
2026-07-22,2026-07-22,CM,BSE,STK,977205,INE08XP07399,12ACAPL27A,F,,,,,ACAPL-12%-13-04-27-PVT,9900.0,9900.0,9900.0,9900.0,9900.0,9982.39,,9900.0,,,10,99000.0,1,F1,1,,,,,
2026-07-22,2026-07-22,CM,BSE,STK,977226,INE0JZO07032,1350LLD29,F,,,,,LLDL-13.50%-30-01-29-PVT,101550.0,101550.0,100500.02,100500.02,100500.02,101000.0,,100500.02,,,3,303550.0,3,F1,1,,,,,
2026-07-22,2026-07-22,CM,BSE,STK,977241,INE0NES07287,1140KRFL27,F,,,,,KRFL-11.40%-24-10-27-PVT,9800.0,9819.0,9800.0,9800.48,9800.0,9805.69,,9800.48,,,45,441178.0,11,F1,1,,,,,
2026-07-22,2026-07-22,CM,BSE,STK,977249,INE101Q07BS1,930MML28,F,,,,,MML-9.30%-27-1-28-PVT,9870.0,9900.0,9870.0,9900.0,9900.0,9889.33,,9900.0,,,15,148170.0,2,F1,1,,,,,
2026-07-22,2026-07-22,CM,BSE,STK,977261,INE01YL07409,1070ESPL28,F,,,,,ESPL-10.70%-08-01-28-PVT,99900.0,99900.0,99900.0,99900.0,99900.0,100779.7,,99900.0,,,1,99900.0,1,F1,1,,,,,
2026-07-22,2026-07-22,CM,BSE,STK,977280,INE046W07305,98MML27A,F,,,,,MML-9.8%-4-11-27-PVT,76275.75,76275.75,74000.0,74000.0,74000.0,74780.1,,74000.0,,,4,302827.0,3,F1,1,,,,,
2026-07-22,2026-07-22,CM,BSE,STK,977298,INE08XP07415,12ACAPL28A,F,,,,,ACAPL-12%-17-11-28-PVT,9705.0,9705.0,9700.11,9700.11,9700.11,9870.0,,9700.11,,,21,203721.0,3,F1,1,,,,,
2026-07-22,2026-07-22,CM,BSE,STK,977309,INE08XP07423,12ACAPL27B,F,,,,,ACAPL-12%-21-05-27-PVT,9949.99,9949.99,9800.0,9833.16,9833.16,9915.0,,9833.16,,,386,3794033.0,26,F1,1,,,,,
2026-07-22,2026-07-22,CM,BSE,STK,977330,INE296Q07159,1020MFL27,F,,,,,MFL-10.20%-28-11-27-PVT,9999.0,9999.0,9999.0,9999.0,9999.0,9551.0,,9999.0,,,1,9999.0,1,F1,1,,,,,
2026-07-22,2026-07-22,CM,BSE,STK,977331,INE07HK07866,1050KSL27,F,,,,,KSL-10.50%-2-12-27-PVT,98700.01,99800.0,98700.01,99666.25,99655.0,100903.3,,99666.25,,,12,1194365.0,8,F1,1,,,,,
2026-07-22,2026-07-22,CM,BSE,STK,977333,INE104W07229,1155KFL27,F,,,,,KFL-11.55%-28-11-27-PVT,98400.0,98400.0,98400.0,98400.0,98400.0,99030.0,,98400.0,,,1,98400.0,1,F1,1,,,,,
2026-07-22,2026-07-22,CM,BSE,STK,977367,INE08XP07431,12ACAP27,F,,,,,ACAPL-12%-11-6-27-PVT,9886.0,9886.0,9886.0,9886.0,9886.0,9969.0,,9886.0,,,4,39544.0,2,F1,1,,,,,
2026-07-22,2026-07-22,CM,BSE,STK,977380,INE046W07347,985MML27,F,,,,,MML-9.85%-16-12-27-PVT,99500.0,99500.0,99362.93,99397.2,99362.93,99200.0,,99397.2,,,10,994588.0,5,F1,1,,,,,
2026-07-22,2026-07-22,CM,BSE,STK,977382,INE583D07638,999UCL29,F,,,,,UCL-9.99%-16-06-29-PVT,9999.99,9999.99,9999.99,9999.99,9999.99,9751.0,,9999.99,,,5,49999.0,4,F1,1,,,,,
2026-07-22,2026-07-22,CM,BSE,STK,977383,INE08XP07449,1250ACAP27,F,,,,,ACAPL-12.50%-17-01-27-PVT,4640.0,4640.0,4571.25,4600.0,4600.0,4557.6,,4600.0,,,26,119932.0,11,F1,1,,,,,
2026-07-22,2026-07-22,CM,BSE,STK,977410,INE0BNQ07154,1115AFPL27,F,,,,,AFPL-11.15%-30-6-27-PVT,63920.0,63920.0,63920.0,63920.0,63920.0,79900.0,,63920.0,,,1,63920.0,1,F1,1,,,,,
2026-07-22,2026-07-22,CM,BSE,STK,977411,INE08KJ07175,11MGFLD27,F,,,,,MGFLD-11%-29-8-27-PVT,10090.95,10090.95,10090.95,10090.95,10090.95,10000.52,,10090.95,,,1,10090.0,1,F1,1,,,,,
2026-07-22,2026-07-22,CM,BSE,STK,977418,INE515Q08283,1175AFPL32,F,,,,,AFPL-11.75%-14-04-32-PVT,102100.0,102100.0,102100.0,102100.0,102100.0,102000.0,,102100.0,,,1,102100.0,1,F1,1,,,,,
2026-07-22,2026-07-22,CM,BSE,STK,977419,INE884Q07822,1170MML27,F,,,,,MML-11.70%-30-06-27-PVT,99299.99,99500.0,99299.99,99500.0,99500.0,97300.0,,99500.0,,,6,596049.0,4,F1,1,,,,,
2026-07-22,2026-07-22,CM,BSE,STK,977424,INE0K0Y08037,0MCIBPL27A,F,,,,,MCIBPL-ZC-31-12-27-PVT,105000.0,105000.0,105000.0,105000.0,105000.0,105450.0,,105000.0,,,1,105000.0,1,F1,1,,,,,
2026-07-22,2026-07-22,CM,BSE,STK,977425,INE14H407090,1175FCPL28,F,,,,,FCPL-11.75%-30-06-28-PVT,98850.0,99200.0,98850.0,99200.0,99200.0,99650.0,,99200.0,,,3,297250.0,3,F1,1,,,,,
2026-07-22,2026-07-22,CM,BSE,STK,977438,INE2PA715013,1140IRWL27,F,,,,,IRONWELL-11.40%-19-11-27-PTC,5000.0,5000.0,4800.0,4800.0,4800.0,6000.0,,4800.0,,,3,14800.0,2,F1,1,,,,,
2026-07-22,2026-07-22,CM,BSE,STK,977440,INE0JZO07040,13LLDL29,F,,,,,LLDL-13%-30-1-29-PVT,100199.0,100215.1,100199.0,100215.0,100215.0,100149.0,,100215.0,,,12,1202484.0,8,F1,1,,,,,
2026-07-22,2026-07-22,CM,BSE,STK,977445,INE179P07613,11DKGFSF28,F,,,,,DKGFSF-11%-7-1-28-PVT,9654.87,9654.87,9654.87,9654.87,9654.87,9726.0,,9654.87,,,3,28964.0,1,F1,1,,,,,
2026-07-22,2026-07-22,CM,BSE,STK,977456,INE836B07907,1015SCNL28,F,,,,,SCNL-10.15%-13-7-28-PVT,9850.0,9850.0,9850.0,9850.0,9850.0,9900.0,,9850.0,,,2,19700.0,1,F1,1,,,,,
2026-07-22,2026-07-22,CM,BSE,STK,977470,INE658F08565,930KIIFB32,F,,,,,KIIFB-9.30%-21-01-32-PVT,101858.15,101858.15,101858.15,101858.15,101858.15,101809.0,,101858.15,,,32,3259460.0,9,F1,1,,,,,
2026-07-22,2026-07-22,CM,BSE,STK,977472,INE658F08532,930KIIFB34,F,,,,,KIIFB-9.30%-21-01-34-PVT,101900.96,101900.96,101900.96,101900.96,101900.96,102000.0,,101900.96,,,5,509504.0,1,F1,1,,,,,
2026-07-22,2026-07-22,CM,BSE,STK,977473,INE658F08540,930KIIFB35,F,,,,,KIIFB-9.30%-21-01-35-PVT,102590.68,102590.68,102590.68,102590.68,102590.68,103118.7,,102590.68,,,2,205181.0,1,F1,1,,,,,
2026-07-22,2026-07-22,CM,BSE,STK,977474,INE658F08557,930KIIFB36,F,,,,,KIIFB-9.30%-21-01-36-PVT,102799.1,102799.1,102799.1,102799.1,102799.1,102774.44,,102799.1,,,4,411196.0,2,F1,1,,,,,
2026-07-22,2026-07-22,CM,BSE,STK,977477,INE342T07668,1075NFL28A,F,,,,,NFL-10.75%-31-12-28-PVT,10000.0,10026.0,10000.0,10026.0,10026.0,10001.01,,10026.0,,,301,3017574.0,18,F1,1,,,,,
2026-07-22,2026-07-22,CM,BSE,STK,977488,INE836B08319,12SCNL31,F,,,,,SCNL-12%-23-07-31-PVT,98800.0,98800.0,98750.0,98750.0,98750.0,99000.0,,98750.0,,,37,3653900.0,11,F1,1,,,,,
2026-07-22,2026-07-22,CM,BSE,STK,977495,INE836K07320,0EFCL29,F,,,,,EFCL-ZC-30-4-29-PVT,104464.0,104464.0,104464.0,104464.0,104464.0,104447.0,,104464.0,,,2,208928.0,2,F1,1,,,,,
2026-07-22,2026-07-22,CM,BSE,STK,977508,INE109C07139,1135AFSL28,F,,,,,AFSL-11.35%-29-07-28-PVT,9870.0,9870.0,9870.0,9870.0,9870.0,10240.0,,9870.0,,,2,19740.0,1,F1,1,,,,,
2026-07-22,2026-07-22,CM,BSE,STK,977532,INE138I08117,0MSAFL28,F,,,,,MSAFL-ZC-6-2-28-PVT,104646.0,104646.0,104646.0,104646.0,104646.0,104617.0,,104646.0,,,280,29300880.0,4,F1,1,,,,,
2026-07-22,2026-07-22,CM,BSE,STK,977534,INE08XP07464,1250ACAPL29,F,,,,,ACAPL-12.50%-06-02-29-PVT,9875.0,9875.0,9875.0,9875.0,9875.0,9900.0,,9875.0,,,1,9875.0,1,F1,1,,,,,
2026-07-22,2026-07-22,CM,BSE,STK,977535,INE03K307108,1075SFL28,F,,,,,SFL-10.75%-6-2-28-PVT,9950.0,9950.0,9950.0,9950.0,9950.0,9876.0,,9950.0,,,1,9950.0,1,F1,1,,,,,
2026-07-22,2026-07-22,CM,BSE,STK,977541,INE0NES07303,12KFL28,F,,,,,KFL-12%-10-5-28-KFL,9890.74,10122.0,9874.0,9890.74,9890.74,9890.74,,9890.74,,,453,4476598.0,16,F1,1,,,,,
2026-07-22,2026-07-22,CM,BSE,STK,977546,INE08KJ07183,10MGFL27,F,,,,,MGFL-10%-11-05-27-PVT,8737.92,8737.92,8737.92,8737.92,8737.92,7281.6,,8737.92,,,10,87379.0,2,F1,1,,,,,
2026-07-22,2026-07-22,CM,BSE,STK,977558,INE14H407116,11FCPL28,F,,,,,FCPL-11%-26-8-28-PVT,9900.0,9900.0,9900.0,9900.0,9900.0,9987.0,,9900.0,,,1,9900.0,1,F1,1,,,,,
2026-07-22,2026-07-22,CM,BSE,STK,977564,INE549K08590,104MFL33,F,,,,,MFL-10.4%-30-12-33-PVT,10099.0,10099.0,10099.0,10099.0,10099.0,10098.97,,10099.0,,,47,474653.0,2,F1,1,,,,,
2026-07-22,2026-07-22,CM,BSE,STK,977576,INE926R07019,13UCIL27,F,,,,,UCIL-13%-24-5-27-PVT,9899.99,9899.99,9899.99,9899.99,9899.99,9900.0,,9899.99,,,2,19799.0,1,F1,1,,,,,
2026-07-22,2026-07-22,CM,BSE,STK,977633,INE00DJ07052,1250TCL30,F,,,,,TCL-12.50%-12-3-30-PVT,100500.0,100500.0,100500.0,100500.0,100500.0,100474.0,,100500.0,,,2,201000.0,2,F1,1,,,,,
2026-07-22,2026-07-22,CM,BSE,STK,977642,INE09B308044,12SSFBL31,F,,,,,SSFBL-12%-17-12-31-PVT,99500.0,99500.0,99100.0,99500.0,99500.0,99000.0,,99500.0,,,4,397600.0,4,F1,1,,,,,
2026-07-22,2026-07-22,CM,BSE,STK,977648,INE101Q07BX1,930MMCL28,F,,,,,MML-9.30%-17-06-28-PVT,9900.0,9900.0,9775.0,9775.0,9775.0,9700.0,,9775.0,,,14,137475.0,2,F1,1,,,,,
2026-07-22,2026-07-22,CM,BSE,STK,977649,INE101Q07BW3,965MMCL28,F,,,,,MML-9.65%-18-09-28-PVT,9850.21,9870.01,9850.21,9870.01,9870.01,9849.71,,9870.01,,,15,147951.0,3,F1,1,,,,,
2026-07-22,2026-07-22,CM,BSE,STK,977671,INE836K07338,EFCL24326,F,,,,,EFCL-ZC-25-06-29-PVT,102849.0,102849.0,101250.0,102800.0,102800.0,102849.0,,102800.0,,,292,29568149.0,3,F1,1,,,,,
2026-07-22,2026-07-22,CM,BSE,STK,977678,INE109C07147,109AFSL28,F,,,,,AFSL-10.9%-25-9-28-PVT,10000.0,10000.0,10000.0,10000.0,10000.0,10067.64,,10000.0,,,2,20000.0,2,F1,1,,,,,
2026-07-22,2026-07-22,CM,BSE,STK,977680,INE01YL07441,105ESPL28A,F,,,,,ESPL-10.5%-4-7-28-PVT,100067.0,100067.0,100067.0,100067.0,100067.0,100067.81,,100067.0,,,1,100067.0,1,F1,1,,,,,
2026-07-22,2026-07-22,CM,BSE,STK,977696,INE0LN107063,11CWCPL28,F,,,,,CWCPL-11%-30-3-28-PVT,64001.0,64001.0,64001.0,64001.0,64001.0,80000.0,,64001.0,,,1,64001.0,1,F1,1,,,,,
2026-07-22,2026-07-22,CM,BSE,STK,977700,INE04UP07170,1250BCSL29,F,,,,,BCSL-12.50%-30-3-29-PVT,9098.0,9098.0,9098.0,9098.0,9098.0,9099.0,,9098.0,,,40,363920.0,4,F1,1,,,,,
2026-07-22,2026-07-22,CM,BSE,STK,977712,INE403Q07GX0,10KFL29A,F,,,,,KFL-10%-6-1-29-PVT,97981.38,97981.38,97981.38,97981.38,97981.38,97981.38,,97981.38,,,3,293944.0,2,F1,1,,,,,
2026-07-22,2026-07-22,CM,BSE,STK,977725,INE0BUS07CL8,1050IML29,F,,,,,IML-10.50%-17-4-29-PVT,9867.14,9868.0,9867.14,9868.0,9868.0,9867.14,,9868.0,,,51,503263.0,3,F1,1,,,,,
2026-07-22,2026-07-22,CM,BSE,STK,977730,INE342T07684,1030NFL28,F,,,,,NFL-10.30%-31-5-28-PVT,9954.0,9954.0,9954.0,9954.0,9954.0,9950.0,,9954.0,,,65,647010.0,10,F1,1,,,,,
2026-07-22,2026-07-22,CM,BSE,STK,977732,INE0NES07329,12KFL27,F,,,,,KFL-12%-22-09-27-PVT,9890.0,9890.0,9840.0,9860.0,9860.0,9892.0,,9860.0,,,326,3218230.0,27,F1,1,,,,,
2026-07-22,2026-07-22,CM,BSE,STK,977740,INE926R07027,13UCIL28,F,,,,,UCIL-13%-23-4-28-PVT,9807.0,9865.16,9805.0,9865.16,9865.16,9842.0,,9865.16,,,129,1266755.0,12,F1,1,,,,,
2026-07-22,2026-07-22,CM,BSE,STK,977753,INE572J07810,1125SSFL28,F,,,,,SSFL-11.25%-26-24-28-PVT,9970.0,9970.0,9935.0,9935.0,9935.0,9932.31,,9935.0,,,49,487429.0,12,F1,1,,,,,
2026-07-22,2026-07-22,CM,BSE,STK,977773,INE08XP07480,1280ACAP28,F,,,,,ACAP-12.80%-7-5-28-PVT,9965.0,9965.0,9900.0,9915.12,9900.0,9941.0,,9915.12,,,90,893667.0,15,F1,1,,,,,
2026-07-22,2026-07-22,CM,BSE,STK,977774,INE08XP07498,12ACAP27A,F,,,,,ACAP-12%-7-11-27-PVT,9800.01,9820.0,9800.01,9820.0,9820.0,9830.0,,9820.0,,,21,205925.0,6,F1,1,,,,,
2026-07-22,2026-07-22,CM,BSE,STK,977801,INE101Q07CA7,930MML2028,F,,,,,MML-9.30%-20-11-28-PVT,9797.0,9797.0,9775.6,9797.0,9797.0,9795.0,,9797.0,,,259,2532501.0,6,F1,1,,,,,
2026-07-22,2026-07-22,CM,BSE,STK,977806,INE926R07035,13UCIL2028,F,,,,,UCIL-13%-20-5-28-PVT,9700.0,9800.0,9700.0,9760.0,9760.0,9780.2,,9760.0,,,25,244400.0,5,F1,1,,,,,
2026-07-22,2026-07-22,CM,BSE,STK,977815,INE583D07661,975UCL2027,F,,,,,UCL-9.75%-26-11-27-PVT,9900.0,9900.0,9900.0,9900.0,9900.0,9630.0,,9900.0,,,2,19800.0,1,F1,1,,,,,
2026-07-22,2026-07-22,CM,BSE,STK,977846,INE0NES07345,12KFL2028,F,,,,,KFL-12%-4-9-28-PVT,9960.55,9995.0,9960.0,9968.75,9995.0,9950.0,,9968.75,,,80,797008.0,9,F1,1,,,,,
2026-07-22,2026-07-22,CM,BSE,STK,977855,INE0BUS08047,1225IML32,F,,,,,IML-12.25%-9-6-32-PVT,98999.0,99000.0,98999.0,99000.0,99000.0,98797.0,,99000.0,,,7,692994.0,7,F1,1,,,,,
2026-07-22,2026-07-22,CM,BSE,STK,977868,INE342T07718,1030NFL028,F,,,,,NFL-10.30%-31-3-28-PVT,9976.0,9976.0,9930.0,9976.0,9976.0,9976.67,,9976.0,,,6,59764.0,5,F1,1,,,,,
2026-07-22,2026-07-22,CM,BSE,STK,977869,INE342T07726,1075NFL29,F,,,,,NFL-10.75%-31-8-29-PVT,10023.0,10023.0,10010.0,10023.0,10023.0,10018.0,,10023.0,,,520,5211700.0,24,F1,1,,,,,
2026-07-22,2026-07-22,CM,BSE,STK,977892,INE0I5X07034,1370MFSPL27,F,,,,,MFSPL-13.70%-19-7-27-PVT,76800.0,76800.0,76800.0,76800.0,76800.0,64000.0,,76800.0,,,1,76800.0,1,F1,1,,,,,
2026-07-22,2026-07-22,CM,BSE,STK,977894,INE964R07093,13RFL28,F,,,,,RFL-13%-19-12-28-PVT,9900.0,9900.0,9900.0,9900.0,9900.0,9950.0,,9900.0,,,4,39600.0,1,F1,1,,,,,
2026-07-22,2026-07-22,CM,BSE,STK,977913,INE0K0Y08052,0MCIBPL280M,F,,,,,MCIBPL-ZC-28-06-28-PVT,101198.95,101198.95,100999.0,100999.0,100999.0,100869.36,,100999.0,,,8,808191.0,3,F1,1,,,,,
2026-07-22,2026-07-22,CM,BSE,STK,977933,INE04UP07204,1250BCSL28,F,,,,,BCSL-12.50%-30-09-28-PVT,9600.0,9600.0,9600.0,9600.0,9600.0,0.0,,9600.0,,,1,9600.0,1,F1,1,,,,,
2026-07-22,2026-07-22,CM,BSE,STK,977935,INE0I5X07042,1440MFSP27,F,,,,,MFSP-14.40%-1-10-27-PVT,9975.0,9975.0,9919.16,9939.85,9919.16,9962.0,,9939.85,,,291,2898435.0,34,F1,1,,,,,
2026-07-22,2026-07-22,CM,BSE,STK,977965,INE996U07560,11SCCSPL28,F,,,,,SCCSPL-11%-13-7-28-PVT,64000.0,64000.0,64000.0,64000.0,64000.0,80000.0,,64000.0,,,1,64000.0,1,F1,1,,,,,
