TradDt,BizDt,Sgmt,Src,FinInstrmTp,FinInstrmId,ISIN,TckrSymb,SctySrs,XpryDt,FininstrmActlXpryDt,StrkPric,OptnTp,FinInstrmNm,OpnPric,HghPric,LwPric,ClsPric,LastPric,PrvsClsgPric,UndrlygPric,SttlmPric,OpnIntrst,ChngInOpnIntrst,TtlTradgVol,TtlTrfVal,TtlNbOfTxsExctd,SsnId,NewBrdLotQty,Rmks,Rsvd1,Rsvd2,Rsvd3,Rsvd4
2025-08-07,2025-08-07,CM,BSE,STK,132155,INE129A01019,GAIL#,A,,,,,GAIL INDIA,168.0,168.0,168.0,169.55,168.0,169.95,,,,,2,336.0,2,F1,1,,,,,
2025-08-07,2025-08-07,CM,BSE,STK,500002,INE117A01022,ABB,A,,,,,ABB INDIA LIMITED,5100.0,5139.0,5015.15,5116.4,5116.4,5098.05,,5118.5,,,18954,95982946.0,2926,F1,1,,,,,
2025-08-07,2025-08-07,CM,BSE,STK,500003,INE208C01025,AEGISLOG,A,,,,,AEGIS LOGISTICS LTD.,708.0,725.55,696.75,720.55,722.4,712.3,,721.3,,,21795,15440412.0,1447,F1,1,,,,,
2025-08-07,2025-08-07,CM,BSE,STK,500008,INE885A01032,ARE&M,A,,,,,Amara Raja Energy & Mobility L,926.1,940.9,918.55,938.05,938.05,930.5,,937.35,,,76371,70993990.0,5603,F1,1,,,,,
2025-08-07,2025-08-07,CM,BSE,STK,500009,INE432A01017,AMBALALSA,X,,,,,AMBALAL SARABHAI ENTERPRISES L,31.89,31.89,30.0,30.49,30.49,31.9,,30.49,,,115531,3542673.0,519,F1,1,,,,,
2025-08-07,2025-08-07,CM,BSE,STK,500012,INE714B01016,ANDHRAPET,X,,,,,ANDHRA PETROCHEMICALS LTD.,48.5,50.2,48.0,49.08,49.08,48.46,,49.08,,,59985,2939146.0,580,F1,1,,,,,
2025-08-07,2025-08-07,CM,BSE,STK,500013,INE436A01026,ANSALAPI,Z,,,,,ANSAL PROPERTIES & INFRASTRUCT,5.1,5.16,5.01,5.1,5.1,5.06,,5.08,,,22055,112557.0,32,F1,1,,,,,
2025-08-07,2025-08-07,CM,BSE,STK,500014,INE096A01010,UTIQUE,X,,,,,UTIQUE ENTERPRISES LIMITED,5.72,5.72,5.15,5.37,5.42,5.39,,5.37,,,12026,64451.0,89,F1,1,,,,,
2025-08-07,2025-08-07,CM,BSE,STK,500016,INE957C01019,ARUNAHTEL,X,,,,,ARUNA HOTELS LTD.,9.23,9.75,8.82,8.99,8.99,8.72,,8.99,,,18517,171460.0,70,F1,1,,,,,
2025-08-07,2025-08-07,CM,BSE,STK,500020,INE032A01023,BOMDYEING,A,,,,,BOMBAY DYEING & MFG.CO.LTD.,165.0,165.35,159.05,164.1,164.0,165.95,,164.13,,,84279,13669397.0,1111,F1,1,,,,,
2025-08-07,2025-08-07,CM,BSE,STK,500023,INE363A01022,ASIANHOTNR,B,,,,,ASIAN HOTELS (NORTH) LIMITED,269.6,294.95,269.6,294.7,294.7,283.75,,291.45,,,2090,595262.0,140,F1,1,,,,,
2025-08-07,2025-08-07,CM,BSE,STK,500027,INE100A01010,ATUL,A,,,,,ATUL LTD.,6655.0,6655.0,6560.0,6631.9,6610.1,6647.9,,6630.5,,,372,2455652.0,151,F1,1,,,,,
2025-08-07,2025-08-07,CM,BSE,STK,500028,INE447A01015,ATVPR,X,,,,,ATV PROJECTS INDIA LTD.,36.0,37.96,35.8,36.35,36.2,36.93,,36.35,,,23186,849427.0,165,F1,1,,,,,
2025-08-07,2025-08-07,CM,BSE,STK,500031,INE193E01025,BAJAJELEC,A,,,,,BAJAJ ELECTRICALS LTD.,595.0,628.4,570.0,611.25,611.25,596.3,,614.55,,,34311,20213706.0,2403,F1,1,,,,,
2025-08-07,2025-08-07,CM,BSE,STK,500032,INE306A01021,BAJAJHIND,A,,,,,BAJAJ HINDUSTHAN SUGAR LIMITED,22.56,22.91,22.0,22.76,22.76,22.8,,22.73,,,1157797,26018400.0,3172,F1,1,,,,,
2025-08-07,2025-08-07,CM,BSE,STK,500033,INE451A01017,FORCEMOT,A,,,,,FORCE MOTORS LTD.,18161.85,18199.95,17737.9,18084.2,18048.0,18161.15,,18095.0,,,5915,106123141.0,1863,F1,1,,,,,
2025-08-07,2025-08-07,CM,BSE,STK,500034,INE296A01032,BAJFINANCE,A,,,,,BAJAJ FINANCE LIMITED,871.85,882.4,867.0,878.8,878.8,876.55,,879.1,,,137564,120258286.0,4351,F1,1,,,,,
2025-08-07,2025-08-07,CM,BSE,STK,500038,INE119A01028,BALRAMCHIN,A,,,,,BALRAMPUR CHINI MILLS LTD.,548.0,553.55,539.0,549.8,552.1,548.0,,550.15,,,16929,9279687.0,821,F1,1,,,,,
2025-08-07,2025-08-07,CM,BSE,STK,500039,INE213C01025,BANCOINDIA,A,,,,,BANCO PRODUCTS (INDIA) LTD.,601.4,608.25,588.95,590.5,590.5,606.9,,590.05,,,28765,17187293.0,1584,F1,1,,,,,
2025-08-07,2025-08-07,CM,BSE,STK,500040,INE055A01016,ABREL,A,,,,,ADITYA BIRLA REAL ESTATE LIMIT,1859.8,1897.95,1848.05,1874.25,1876.5,1895.35,,1873.9,,,2055,3846374.0,311,F1,1,,,,,
2025-08-07,2025-08-07,CM,BSE,STK,500041,INE459A01010,BANARISUG,B,,,,,BANNARI AMMAN SUGARS LTD.,3824.95,3824.95,3740.2,3751.1,3774.15,3748.9,,3752.4,,,148,555833.0,89,F1,1,,,,,
2025-08-07,2025-08-07,CM,BSE,STK,500042,INE373A01013,BASF,A,,,,,BASF INDIA LTD.,4592.0,4626.8,4532.6,4582.7,4585.85,4632.7,,4574.5,,,567,2597508.0,198,F1,1,,,,,
2025-08-07,2025-08-07,CM,BSE,STK,500043,INE176A01028,BATAINDIA,A,,,,,BATA INDIA LTD.,1191.0,1192.4,1176.2,1182.85,1182.85,1192.4,,1182.2,,,2965,3503475.0,233,F1,1,,,,,
2025-08-07,2025-08-07,CM,BSE,STK,500048,INE258A01016,BEML,A,,,,,BEML LTD.,3922.95,3951.95,3865.5,3889.0,3889.0,3949.85,,3890.8,,,12319,48039549.0,1255,F1,1,,,,,
2025-08-07,2025-08-07,CM,BSE,STK,500049,INE263A01024,BEL,A,,,,,BHARAT ELECTRONICS LTD.,386.85,390.0,383.4,387.85,387.85,389.6,,387.75,,,712439,275439381.0,7629,F1,1,,,,,
2025-08-07,2025-08-07,CM,BSE,STK,500052,INE922A01025,BEPL,B,,,,,BHANSALI ENGINEERING POLYMERS,110.85,111.65,107.7,109.3,109.45,111.55,,109.27,,,56308,6164864.0,692,F1,1,,,,,
2025-08-07,2025-08-07,CM,BSE,STK,500058,INE819C01011,BIHSPONG,XT,,,,,BIHAR SPONGE IRON LTD.,15.0,15.0,14.0,14.1,14.15,14.3,,14.1,,,16179,229391.0,54,F1,1,,,,,
2025-08-07,2025-08-07,CM,BSE,STK,500059,INE071A01013,BILVYAPAR,T,,,,,BIL VYAPAR LIMITED,12.01,12.01,12.01,12.01,12.01,12.25,,12.01,,,78,936.0,6,F1,1,,,,,
2025-08-07,2025-08-07,CM,BSE,STK,500060,INE800A01015,BIRLACABLE,T,,,,,Birla Cable Limited,168.0,168.0,165.55,167.65,167.85,168.0,,167.47,,,1734,289761.0,46,F1,1,,,,,
2025-08-07,2025-08-07,CM,BSE,STK,500067,INE472A01039,BLUESTARCO,A,,,,,BLUE STAR LTD.,1725.3,1838.0,1725.3,1825.9,1825.9,1788.95,,1827.4,,,69822,125708720.0,9069,F1,1,,,,,
2025-08-07,2025-08-07,CM,BSE,STK,500068,INE131C01011,DISAQ,B,,,,,DISA INDIA LTD.,14025.0,14450.0,14020.0,14180.95,14112.0,14351.7,,14180.95,,,187,2641489.0,88,F1,1,,,,,
2025-08-07,2025-08-07,CM,BSE,STK,500069,INE418C01012,QUESTCAP,X,,,,,QUEST CAPITAL MARKETS LIMITED,367.0,370.0,330.0,349.35,349.8,377.0,,349.35,,,7315,2549879.0,206,F1,1,,,,,
2025-08-07,2025-08-07,CM,BSE,STK,500074,INE110A01019,BPL,B,,,,,BPL LTD.,80.0,80.0,76.5,77.01,76.87,78.0,,77.05,,,2954,228184.0,182,F1,1,,,,,
2025-08-07,2025-08-07,CM,BSE,STK,500078,INE959C01023,OAL,B,,,,,ORIENTAL AROMATICS LIMITED,357.4,357.4,346.3,350.1,349.0,357.4,,349.95,,,725,254393.0,180,F1,1,,,,,
2025-08-07,2025-08-07,CM,BSE,STK,500083,INE281A01026,CENTEXT,B,,,,,CENTURY EXTRUSIONS LTD.,23.25,24.0,22.78,23.72,24.0,22.79,,23.62,,,33108,766420.0,198,F1,1,,,,,
2025-08-07,2025-08-07,CM,BSE,STK,500084,INE486A01021,CESC,A,,,,,CESC LTD.,161.55,170.4,160.7,165.8,165.8,161.55,,165.84,,,693730,115659633.0,10326,F1,1,,,,,
2025-08-07,2025-08-07,CM,BSE,STK,500085,INE085A01013,CHAMBLFERT,A,,,,,CHAMBAL FERTILISERS & CHEMICAL,564.05,570.35,555.25,562.2,562.2,569.4,,561.65,,,49371,27720426.0,1410,F1,1,,,,,
2025-08-07,2025-08-07,CM,BSE,STK,500086,INE302A01020,EXIDEIND,A,,,,,EXIDE INDUSTRIES LTD.,380.2,380.3,373.3,379.8,379.8,381.6,,379.9,,,171336,64687792.0,5096,F1,1,,,,,
2025-08-07,2025-08-07,CM,BSE,STK,500087,INE059A01026,CIPLA,A,,,,,CIPLA LTD.,1479.45,1499.0,1464.25,1491.4,1491.4,1487.1,,1491.0,,,90341,133011140.0,4381,F1,1,,,,,
2025-08-07,2025-08-07,CM,BSE,STK,500089,INE303A01010,DICIND,B,,,,,DIC INDIA LTD.,604.45,604.45,557.55,585.7,585.7,599.35,,583.55,,,2040,1193343.0,111,F1,1,,,,,
2025-08-07,2025-08-07,CM,BSE,STK,500092,INE007A01025,CRISIL,A,,,,,CRISIL LTD.,5112.15,5240.2,5112.15,5188.7,5178.35,5212.4,,5183.5,,,764,3963820.0,311,F1,1,,,,,
2025-08-07,2025-08-07,CM,BSE,STK,500093,INE067A01029,CGPOWER,A,,,,,CG Power and Industrial Soluti,677.9,685.4,672.1,681.45,681.5,680.5,,681.55,,,45652,30998941.0,1906,F1,1,,,,,
2025-08-07,2025-08-07,CM,BSE,STK,500096,INE016A01026,DABUR,A,,,,,DABUR INDIA LTD.,513.0,519.9,512.45,517.55,518.05,514.0,,517.2,,,29779,15349300.0,1541,F1,1,,,,,
2025-08-07,2025-08-07,CM,BSE,STK,500097,INE495A01022,DALMIASUG,B,,,,,DALMIA BHARAT SUGAR AND INDUST,355.0,359.95,345.7,350.4,350.4,357.75,,350.0,,,18850,6575115.0,795,F1,1,,,,,
2025-08-07,2025-08-07,CM,BSE,STK,500101,INE034A01011,ARVIND,A,,,,,ARVIND LTD.,301.7,306.1,296.7,301.6,301.05,309.2,,301.5,,,61299,18395801.0,2102,F1,1,,,,,
2025-08-07,2025-08-07,CM,BSE,STK,500103,INE257A01026,BHEL,A,,,,,BHARAT HEAVY ELECTRICALS LTD.,234.35,234.35,222.5,227.8,227.8,239.65,,227.96,,,1216390,275878065.0,12516,F1,1,,,,,
2025-08-07,2025-08-07,CM,BSE,STK,500104,INE094A01015,HINDPETRO,A,,,,,HINDUSTAN PETROLEUM CORPORATIO,401.45,403.0,392.3,402.55,402.55,401.4,,402.4,,,256241,101886974.0,5155,F1,1,,,,,
2025-08-07,2025-08-07,CM,BSE,STK,500106,INE039A01010,IFCI,A,,,,,IFCI LTD.,54.89,55.3,53.28,54.6,54.6,55.58,,54.54,,,563363,30566932.0,2437,F1,1,,,,,
2025-08-07,2025-08-07,CM,BSE,STK,500108,INE153A01019,MTNL,B,,,,,MAHANAGAR TELEPHONE NIGAM LTD.,44.15,44.59,43.11,43.96,43.96,44.29,,43.97,,,126164,5531945.0,858,F1,1,,,,,
2025-08-07,2025-08-07,CM,BSE,STK,500109,INE103A01014,MRPL,A,,,,,MANGALORE REFINERY & PETROCHEM,126.7,126.7,120.5,123.7,123.7,125.35,,123.66,,,215598,26608677.0,2911,F1,1,,,,,
2025-08-07,2025-08-07,CM,BSE,STK,500110,INE178A01016,CHENNPETRO,A,,,,,CHENNAI PETROLEUM CORPORATION,626.5,643.35,626.5,641.4,641.4,634.95,,641.15,,,42972,27214808.0,1603,F1,1,,,,,
2025-08-07,2025-08-07,CM,BSE,STK,500112,INE062A01020,SBIN,A,,,,,STATE BANK OF INDIA,801.1,806.5,793.3,805.25,805.25,805.15,,805.15,,,188248,150555208.0,7958,F1,1,,,,,
2025-08-07,2025-08-07,CM,BSE,STK,500113,INE114A01011,SAIL,A,,,,,STEEL AUTHORITY OF INDIA LTD.,122.35,123.85,120.5,123.25,123.25,123.45,,123.36,,,291034,35492723.0,2927,F1,1,,,,,
2025-08-07,2025-08-07,CM,BSE,STK,500114,INE280A01028,TITAN,A,,,,,TITAN COMPANY LIMITED,3395.1,3436.5,3379.05,3414.95,3414.95,3416.75,,3415.7,,,15936,54357290.0,2415,F1,1,,,,,
2025-08-07,2025-08-07,CM,BSE,STK,500116,INE008A01015,IDBI,A,,,,,IDBI BANK LTD.,89.16,89.77,86.8,89.48,89.48,89.64,,89.49,,,594956,52593189.0,3436,F1,1,,,,,
2025-08-07,2025-08-07,CM,BSE,STK,500117,INE500A01029,DCW,A,,,,,DCW LTD.,73.25,75.35,72.75,74.94,74.94,73.47,,74.72,,,78026,5790608.0,670,F1,1,,,,,
2025-08-07,2025-08-07,CM,BSE,STK,500119,INE041A01016,DHAMPURSUG,B,,,,,DHAMPUR SUGAR MILLS LTD.,138.55,139.0,135.4,136.85,136.85,137.3,,137.1,,,10768,1469747.0,328,F1,1,,,,,
2025-08-07,2025-08-07,CM,BSE,STK,500120,INE591D01014,DIAMINESQ,B,,,,,DIAMINES & CHEMICALS LTD.,400.0,405.1,400.0,404.8,404.85,403.85,,403.1,,,2023,813574.0,82,F1,1,,,,,
2025-08-07,2025-08-07,CM,BSE,STK,500123,INE280B01018,ELANTAS,B,,,,,ELANTAS BECK INDIA LTD.,10900.0,10900.0,10400.0,10629.85,10629.85,10918.3,,10629.85,,,788,8363611.0,234,F1,1,,,,,
2025-08-07,2025-08-07,CM,BSE,STK,500124,INE089A01031,DRREDDY,A,,,,,DR.REDDYS LABORATORIES LTD.,1182.4,1206.0,1182.4,1200.75,1200.75,1197.1,,1200.8,,,31084,37054242.0,3768,F1,1,,,,,
2025-08-07,2025-08-07,CM,BSE,STK,500125,INE126A01031,EIDPARRY,A,,,,,E.I.D.-PARRY (INDIA) LTD.,1214.35,1225.0,1135.15,1142.1,1142.1,1197.0,,1143.1,,,41879,48917299.0,3391,F1,1,,,,,
2025-08-07,2025-08-07,CM,BSE,STK,500126,INE199A01012,PGHL,A,,,,,PROCTER & GAMBLE HEALTH LIMITE,6116.0,6350.0,6116.0,6308.55,6303.0,6153.7,,6313.0,,,1383,8702243.0,477,F1,1,,,,,
2025-08-07,2025-08-07,CM,BSE,STK,500128,INE086A01029,ELECTCAST,A,,,,,ELECTROSTEEL CASTINGS LTD.,103.3,103.35,97.8,102.1,102.1,108.05,,102.16,,,332913,33676335.0,2901,F1,1,,,,,
2025-08-07,2025-08-07,CM,BSE,STK,500133,INE284A01012,ESABINDIA,A,,,,,ESAB INDIA LTD.,5147.5,5179.0,5123.95,5155.35,5148.1,5205.55,,5147.5,,,141,726289.0,72,F1,1,,,,,
2025-08-07,2025-08-07,CM,BSE,STK,500135,INE255A01020,EPL,A,,,,,EPL LIMITED,225.6,227.1,220.0,223.5,223.4,224.85,,223.64,,,20218,4509334.0,460,F1,1,,,,,
2025-08-07,2025-08-07,CM,BSE,STK,500136,INE778B01029,ESTER,B,,,,,ESTER INDUSTRIES LTD.,107.0,109.0,105.1,107.9,109.0,108.35,,108.58,,,6965,742603.0,243,F1,1,,,,,
2025-08-07,2025-08-07,CM,BSE,STK,500142,INE512A01016,FGP,X,,,,,FGP LTD.,8.03,8.67,7.43,8.03,8.55,8.03,,8.03,,,25525,204199.0,61,F1,1,,,,,
2025-08-07,2025-08-07,CM,BSE,STK,500143,INE160F01013,PHCAP,X,,,,,PH CAPITAL LTD.,207.0,227.7,201.0,224.6,224.6,207.0,,224.6,,,20242,4453412.0,415,F1,1,,,,,
2025-08-07,2025-08-07,CM,BSE,STK,500144,INE235A01022,FINCABLES,A,,,,,FINOLEX CABLES LTD.,854.35,861.75,846.5,858.5,860.2,861.95,,857.8,,,7755,6621965.0,686,F1,1,,,,,
2025-08-07,2025-08-07,CM,BSE,STK,500147,INE515A01019,COCKERILL,B,,,,,JOHN COCKERILL INDIA LIMITED,4172.0,4200.0,4012.15,4098.25,4100.0,4159.0,,4098.25,,,3066,12535948.0,398,F1,1,,,,,
2025-08-07,2025-08-07,CM,BSE,STK,500148,INE516A01017,UFLEX,B,,,,,UFLEX LTD.,576.8,587.1,575.0,581.05,587.1,580.8,,582.15,,,389,224343.0,62,F1,1,,,,,
2025-08-07,2025-08-07,CM,BSE,STK,500150,INE519A01011,FOSECOIND,B,,,,,FOSECO INDIA LTD.,4980.0,5064.5,4802.3,4901.9,4934.7,5005.85,,4887.5,,,664,3258150.0,265,F1,1,,,,,
2025-08-07,2025-08-07,CM,BSE,STK,500151,INE973A01010,GOLDENTOBC,Z,,,,,GOLDEN TOBACCO LTD.,35.02,36.5,35.02,35.11,35.11,35.82,,35.06,,,220,7931.0,7,F1,1,,,,,
2025-08-07,2025-08-07,CM,BSE,STK,500153,INE388A01029,GANESHBE,B,,,,,GANESH BENZOPLAST LTD.,87.55,89.54,86.89,88.78,88.26,88.01,,88.62,,,12421,1100771.0,284,F1,1,,,,,
2025-08-07,2025-08-07,CM,BSE,STK,500159,INE085D01033,METROGLOBL,X,,,,,METROGLOBAL LIMITED,129.3,136.7,129.3,130.0,130.0,129.75,,130.0,,,273,35998.0,16,F1,1,,,,,
2025-08-07,2025-08-07,CM,BSE,STK,500160,INE043A01012,GTL,B,,,,,GTL LTD.,8.78,9.3,8.57,8.95,8.86,9.16,,8.95,,,147004,1324368.0,480,F1,1,,,,,
2025-08-07,2025-08-07,CM,BSE,STK,500163,INE260B01028,GODFRYPHLP,A,,,,,GODFREY PHILLIPS INDIA LTD.,11090.0,11450.0,9828.0,10003.55,10003.55,10859.0,,9999.0,,,115342,1204004423.0,24059,F1,1,,,,,
2025-08-07,2025-08-07,CM,BSE,STK,500164,INE233A01035,GODREJIND,A,,,,,GODREJ INDUSTRIES LTD.,1133.7,1141.45,1095.6,1110.25,1107.85,1137.15,,1108.6,,,3021,3361041.0,305,F1,1,,,,,
2025-08-07,2025-08-07,CM,BSE,STK,500165,INE531A01024,KANSAINER,A,,,,,KANSAI NEROLAC PAINTS LTD.,235.05,237.35,231.95,233.55,233.55,235.15,,233.38,,,12328,2889397.0,608,F1,1,,,,,
2025-08-07,2025-08-07,CM,BSE,STK,500166,INE300A01016,GOODRICKE,X,,,,,GOODRICKE GROUP LTD.,234.0,234.0,221.0,222.15,222.15,225.45,,222.15,,,2868,639227.0,86,F1,1,,,,,
2025-08-07,2025-08-07,CM,BSE,STK,500168,INE533A01012,GOODYEAR,B,,,,,GOODYEAR INDIA LTD.,980.0,992.95,976.3,980.25,980.25,980.05,,980.25,,,4976,4880081.0,327,F1,1,,,,,
2025-08-07,2025-08-07,CM,BSE,STK,500170,INE537A01013,GTNINDS,X,,,,,GTN INDUSTRIES LTD.,25.5,26.9,25.03,26.3,26.3,25.87,,26.3,,,225,5784.0,7,F1,1,,,,,
2025-08-07,2025-08-07,CM,BSE,STK,500171,INE539A01019,GHCL,A,,,,,GHCL LTD.,561.1,562.0,547.3,556.7,562.0,562.0,,556.95,,,16007,8860799.0,500,F1,1,,,,,
2025-08-07,2025-08-07,CM,BSE,STK,500173,INE538A01037,GFLLIMITED,B,,,,,GFL LIMITED,62.74,63.58,62.0,62.04,62.0,61.82,,62.26,,,4521,284114.0,112,F1,1,,,,,
2025-08-07,2025-08-07,CM,BSE,STK,500174,INE540A01017,GLFL,T,,,,,GUJARAT LEASE FINANCING LTD.,6.48,6.48,6.35,6.35,6.35,6.34,,6.17,,,132,848.0,4,F1,1,,,,,
2025-08-07,2025-08-07,CM,BSE,STK,500179,INE236A01020,HCL-INSYS,T,,,,,HCL INFOSYSTEMS LTD.,14.82,15.37,14.51,14.64,14.64,15.27,,14.64,,,55880,818757.0,373,F1,1,,,,,
2025-08-07,2025-08-07,CM,BSE,STK,500180,INE040A01034,HDFCBANK,A,,,,,HDFC BANK LTD.,1979.95,2001.55,1976.3,1995.4,1995.4,1983.0,,1995.4,,,267736,531209068.0,11306,F1,1,,,,,
2025-08-07,2025-08-07,CM,BSE,STK,500182,INE158A01026,HEROMOTOCO,A,,,,,HERO MOTOCORP LTD.,4435.9,4671.0,4429.2,4659.45,4659.45,4474.5,,4660.6,,,84810,390037329.0,12355,F1,1,,,,,
2025-08-07,2025-08-07,CM,BSE,STK,500183,INE548A01028,HFCL,A,,,,,HFCL LIMITED,72.69,74.35,72.2,74.12,74.12,72.85,,73.97,,,295693,21685248.0,1874,F1,1,,,,,
2025-08-07,2025-08-07,CM,BSE,STK,500184,INE019C01026,HSCL,A,,,,,Himadri Speciality Chemical Lt,453.05,464.4,448.25,451.6,451.6,457.4,,451.05,,,90335,41065365.0,2920,F1,1,,,,,
2025-08-07,2025-08-07,CM,BSE,STK,500185,INE549A01026,HCC,T,,,,,HINDUSTAN CONSTRUCTION CO.LTD.,25.25,26.4,24.31,25.8,25.8,25.43,,25.97,,,890418,22272623.0,3127,F1,1,,,,,
2025-08-07,2025-08-07,CM,BSE,STK,500186,INE345A01011,HINDOILEXP,B,,,,,HINDUSTAN OIL EXPLORATION CO.L,158.0,159.85,157.0,159.35,159.35,159.9,,159.02,,,20048,3180378.0,472,F1,1,,,,,
2025-08-07,2025-08-07,CM,BSE,STK,500187,INE415A01038,AGI,A,,,,,AGI GREENPAC LIMITED,917.0,935.5,892.85,926.15,925.05,925.8,,926.65,,,20469,18544817.0,1261,F1,1,,,,,
2025-08-07,2025-08-07,CM,BSE,STK,500188,INE267A01025,HINDZINC,A,,,,,HINDUSTAN ZINC LTD.,420.0,425.45,415.0,424.55,424.55,419.95,,424.65,,,148965,62519853.0,4416,F1,1,,,,,
2025-08-07,2025-08-07,CM,BSE,STK,500189,INE353A01023,NDLVENTURE,B,,,,,NDL Ventures Limited,67.6,67.6,63.01,66.14,64.85,67.62,,65.51,,,2605,172060.0,87,F1,1,,,,,
2025-08-07,2025-08-07,CM,BSE,STK,500191,INE262A01018,HMT,Z,,,,,HMT LTD.,55.0,57.0,54.5,54.98,54.5,55.9,,55.19,,,2678,150224.0,46,F1,1,,,,,
2025-08-07,2025-08-07,CM,BSE,STK,500192,INE962B01011,PRAGBOS,X,,,,,PRAG BOSIMI SYNTHETICS LTD.,2.2,2.2,2.03,2.15,2.2,2.12,,2.15,,,21886,45730.0,89,F1,1,,,,,
2025-08-07,2025-08-07,CM,BSE,STK,500193,INE102A01024,HLVLTD,B,,,,,HLV LIMITED,13.48,13.48,12.72,12.98,12.96,12.96,,12.96,,,183502,2366429.0,259,F1,1,,,,,
2025-08-07,2025-08-07,CM,BSE,STK,500199,INE204A01010,IGPL,B,,,,,I G PETROCHEMICALS LTD.,456.0,465.0,449.8,459.8,458.0,467.35,,459.85,,,3239,1481092.0,207,F1,1,,,,,
2025-08-07,2025-08-07,CM,BSE,STK,500201,INE560A01015,INDIAGLYCO,A,,,,,INDIA GLYCOLS LTD.,1783.95,1783.95,1715.1,1764.15,1770.0,1778.3,,1768.0,,,7462,13074193.0,917,F1,1,,,,,
2025-08-07,2025-08-07,CM,BSE,STK,500202,INE333C01013,INDLEASE,XT,,,,,INDIA LEASE DEVELOPMENT LTD.,11.99,12.0,10.9,11.98,12.0,11.43,,11.98,,,33989,406762.0,150,F1,1,,,,,
2025-08-07,2025-08-07,CM,BSE,STK,500206,INE680B01019,MARGOFIN,X,,,,,MARGO FINANCE LIMITED,82.5,87.2,82.0,82.94,82.94,82.49,,82.94,,,1026,85635.0,41,F1,1,,,,,
2025-08-07,2025-08-07,CM,BSE,STK,500207,INE156A01020,INDORAMA,T,,,,,INDO RAMA SYNTHETICS (INDIA) L,51.39,51.39,49.9,50.95,50.99,50.77,,51.3,,,2717,137094.0,20,F1,1,,,,,
2025-08-07,2025-08-07,CM,BSE,STK,500209,INE009A01021,INFY,A,,,,,INFOSYS LTD.,1435.0,1442.7,1414.55,1437.65,1437.65,1435.75,,1436.9,,,195425,278678920.0,6380,F1,1,,,,,
2025-08-07,2025-08-07,CM,BSE,STK,500210,INE177A01018,INGERRAND,A,,,,,INGERSOLL-RAND (INDIA) LTD.,3699.95,3708.15,3612.65,3637.2,3676.0,3710.1,,3638.2,,,689,2507545.0,244,F1,1,,,,,
2025-08-07,2025-08-07,CM,BSE,STK,500213,INE262B01016,ITHL,X,,,,,INTERNATIONAL TRAVEL HOUSE LTD,463.95,483.0,460.0,464.15,464.15,468.6,,464.15,,,1644,764259.0,73,F1,1,,,,,
2025-08-07,2025-08-07,CM,BSE,STK,500214,INE570A01022,IONEXCHANG,A,,,,,ION EXCHANGE (INDIA) LTD.,451.5,460.3,447.0,457.4,459.0,451.55,,457.85,,,8769,3981316.0,577,F1,1,,,,,
2025-08-07,2025-08-07,CM,BSE,STK,500215,INE209A01019,SUNDROP,B,,,,,SUNDROP BRANDS LIMITED,804.1,885.0,797.0,804.3,812.0,811.0,,801.85,,,540,449875.0,37,F1,1,,,,,
2025-08-07,2025-08-07,CM,BSE,STK,500219,INE175A01038,JISLJALEQS,A,,,,,JAIN IRRIGATION SYSTEMS LTD.,47.96,47.96,45.16,47.01,47.01,47.96,,46.87,,,456451,21165243.0,2528,F1,1,,,,,
2025-08-07,2025-08-07,CM,BSE,STK,500220,INE711C01028,JASCH,X,,,,,JASCH INDUSTRIES LTD.,177.3,180.9,170.0,173.4,173.4,177.25,,173.4,,,3184,553972.0,55,F1,1,,,,,
2025-08-07,2025-08-07,CM,BSE,STK,500227,INE197D01010,JINDALPOLY,B,,,,,JINDAL POLY FILMS LTD.,540.0,545.35,526.9,533.85,534.35,548.8,,533.7,,,2534,1348667.0,324,F1,1,,,,,
2025-08-07,2025-08-07,CM,BSE,STK,500228,INE019A01038,JSWSTEEL,A,,,,,JSW STEEL LTD.,1050.15,1074.3,1045.8,1067.0,1067.0,1052.7,,1064.9,,,111548,117557361.0,3786,F1,1,,,,,
2025-08-07,2025-08-07,CM,BSE,STK,500233,INE217B01036,KAJARIACER,A,,,,,KAJARIA CERAMICS LTD.,1189.6,1272.0,1181.85,1263.05,1272.0,1189.85,,1264.2,,,334156,417491200.0,2842,F1,1,,,,,
2025-08-07,2025-08-07,CM,BSE,STK,500234,INE437B01014,KAKATCEM,B,,,,,KAKATIYA CEMENT SUGAR & INDUST,154.0,156.7,149.0,151.45,150.1,154.2,,152.05,,,1593,246871.0,43,F1,1,,,,,
2025-08-07,2025-08-07,CM,BSE,STK,500235,INE907A01026,KSL,B,,,,,KALYANI STEELS LTD.,892.6,919.8,892.6,915.9,919.65,900.75,,915.1,,,3436,3106535.0,350,F1,1,,,,,
2025-08-07,2025-08-07,CM,BSE,STK,500238,INE716A01013,WHIRLPOOL,A,,,,,WHIRLPOOL OF INDIA LTD.,1301.05,1395.0,1258.9,1295.8,1301.95,1326.6,,1294.7,,,5926,7661948.0,866,F1,1,,,,,
2025-08-07,2025-08-07,CM,BSE,STK,500239,INE104A01012,KGDENIM,X,,,,,KG DENIM LTD.,18.9,18.9,16.87,16.97,17.3,16.75,,16.97,,,7206,122867.0,56,F1,1,,,,,
2025-08-07,2025-08-07,CM,BSE,STK,500240,INE266B01017,KINETICENG,XT,,,,,KINETIC ENGINEERING LTD.,297.9,297.9,281.1,291.0,293.0,293.65,,291.0,,,13058,3803742.0,175,F1,1,,,,,
2025-08-07,2025-08-07,CM,BSE,STK,500241,INE732A01036,KIRLOSBROS,A,,,,,KIRLOSKAR BROTHERS LTD.,1872.0,1997.8,1872.0,1967.75,1958.0,1872.9,,1965.4,,,62193,122196947.0,5227,F1,1,,,,,
2025-08-07,2025-08-07,CM,BSE,STK,500243,INE250A01039,KIRLOSIND,B,,,,,KIRLOSKAR INDUSTRIES LTD,4142.9,4245.1,4132.25,4160.5,4143.75,4174.45,,4160.4,,,336,1402391.0,92,F1,1,,,,,
2025-08-07,2025-08-07,CM,BSE,STK,500245,INE884B01025,KIRLFER,A,,,,,KIRLOSKAR FERROUS INDUSTRIES L,551.0,555.0,539.15,541.95,541.0,556.55,,541.95,,,30933,16885338.0,1263,F1,1,,,,,
2025-08-07,2025-08-07,CM,BSE,STK,500246,INE601C01013,ENVAIREL,X,,,,,ENVAIR ELECTRODYNE LTD.,90.45,90.45,79.0,80.48,80.48,85.78,,80.48,,,55,4392.0,7,F1,1,,,,,
2025-08-07,2025-08-07,CM,BSE,STK,500247,INE237A01028,KOTAKBANK,A,,,,,KOTAK MAHINDRA BANK LTD.,1981.0,1995.0,1970.1,1992.35,1992.35,2002.15,,1992.1,,,169401,334892451.0,3652,F1,1,,,,,
2025-08-07,2025-08-07,CM,BSE,STK,500249,INE999A01023,KSB,A,,,,,KSB LIMITED,814.3,832.95,814.3,831.8,831.15,830.55,,831.1,,,1076,890855.0,156,F1,1,,,,,
2025-08-07,2025-08-07,CM,BSE,STK,500250,INE337A01034,LGBBROSLTD,B,,,,,L.G.BALAKRISHNAN & BROS.LTD.,1232.0,1255.95,1227.95,1250.05,1255.95,1248.5,,1248.7,,,897,1115061.0,153,F1,1,,,,,
2025-08-07,2025-08-07,CM,BSE,STK,500251,INE849A01020,TRENT,A,,,,,TRENT LTD.,5309.95,5442.4,5215.0,5302.45,5302.45,5359.25,,5303.5,,,161804,864115855.0,20666,F1,1,,,,,
2025-08-07,2025-08-07,CM,BSE,STK,500252,INE269B01029,LMW,A,,,,,LMW Limited,15323.0,15714.45,15097.3,15594.35,15361.8,15364.6,,15574.0,,,292,4507081.0,170,F1,1,,,,,
2025-08-07,2025-08-07,CM,BSE,STK,500253,INE115A01026,LICHSGFIN,A,,,,,LIC HOUSING FINANCE LTD.,576.1,580.35,568.9,578.65,580.0,576.05,,578.4,,,28512,16385011.0,985,F1,1,,,,,
2025-08-07,2025-08-07,CM,BSE,STK,500257,INE326A01037,LUPIN,A,,,,,LUPIN LTD.,1851.65,1953.45,1851.65,1946.3,1946.3,1851.6,,1944.2,,,123980,238172923.0,10257,F1,1,,,,,
2025-08-07,2025-08-07,CM,BSE,STK,500259,INE933A01014,LYKALABS,B,,,,,LYKA LABS LTD.,100.1,105.7,100.1,105.55,105.7,104.85,,105.38,,,8016,827877.0,239,F1,1,,,,,
2025-08-07,2025-08-07,CM,BSE,STK,500260,INE331A01037,RAMCOCEM,A,,,,,THE RAMCO CEMENTS LIMITED,1145.0,1158.35,1130.8,1136.15,1139.2,1147.6,,1136.9,,,8162,9331605.0,820,F1,1,,,,,
2025-08-07,2025-08-07,CM,BSE,STK,500262,INE965B01022,HYBRIDFIN,T,,,,,HYBRID FINANCIAL SERVICES LIMI,15.12,15.82,14.72,15.79,15.79,15.48,,15.56,,,2624,39774.0,24,F1,1,,,,,
2025-08-07,2025-08-07,CM,BSE,STK,500264,INE270B01035,MAFATIND,B,,,,,MAFATLAL INDUSTRIES LTD.,138.0,140.95,135.0,136.65,136.65,140.1,,136.65,,,186419,25657211.0,1341,F1,1,,,,,
2025-08-07,2025-08-07,CM,BSE,STK,500265,INE271B01025,MAHSEAMLES,A,,,,,MAHARASHTRA SEAMLESS LTD.,660.15,669.5,652.35,665.05,667.0,670.55,,665.2,,,16812,11116999.0,996,F1,1,,,,,
2025-08-07,2025-08-07,CM,BSE,STK,500266,INE288A01013,MAHSCOOTER,A,,,,,MAHARASHTRA SCOOTERS LTD.,14909.05,14911.05,14521.0,14587.35,14539.25,14968.3,,14602.0,,,327,4806984.0,208,F1,1,,,,,
2025-08-07,2025-08-07,CM,BSE,STK,500267,INE201B01022,MAJESAUT,X,,,,,MAJESTIC AUTO LTD.,292.9,295.0,289.0,294.7,295.0,292.9,,294.7,,,2212,651560.0,38,F1,1,,,,,
2025-08-07,2025-08-07,CM,BSE,STK,500268,INE201A01024,MANALIPETC,B,,,,,MANALI PETROCHEMICAL LTD.,62.51,65.0,62.04,63.78,64.89,63.65,,63.86,,,70920,4515538.0,774,F1,1,,,,,
2025-08-07,2025-08-07,CM,BSE,STK,500270,INE461A01024,BARODARY,X,,,,,BARODA RAYON CORPORATION LTD.,149.3,153.45,145.0,147.2,147.2,149.3,,147.2,,,623,91841.0,33,F1,1,,,,,
2025-08-07,2025-08-07,CM,BSE,STK,500271,INE180A01020,MFSL,A,,,,,Max Financial Services Limited,1480.9,1509.1,1480.9,1506.45,1504.3,1489.6,,1504.9,,,2437,3633183.0,1026,F1,1,,,,,
2025-08-07,2025-08-07,CM,BSE,STK,500277,INE401C01018,MIDINDIA,X,,,,,MID INDIA INDUSTRIES LTD.,7.08,7.98,7.08,7.37,7.85,7.39,,7.37,,,3837,28490.0,40,F1,1,,,,,
2025-08-07,2025-08-07,CM,BSE,STK,500279,INE831A01028,MIRCELECTR,B,,,,,MIRC ELECTRONICS LTD.,17.4,17.4,16.67,17.11,17.11,17.4,,17.03,,,28849,490671.0,214,F1,1,,,,,
2025-08-07,2025-08-07,CM,BSE,STK,500280,INE485A01015,CENTENKA,B,,,,,CENTURY ENKA LTD.,486.05,496.0,482.0,494.2,495.0,495.6,,492.9,,,3259,1592808.0,364,F1,1,,,,,
2025-08-07,2025-08-07,CM,BSE,STK,500282,INE794W01014,MODTHREAD,B,,,,,MODERN THREADS (INDIA) LTD.,48.95,49.63,47.75,47.75,47.75,48.47,,48.74,,,22,1070.0,12,F1,1,,,,,
2025-08-07,2025-08-07,CM,BSE,STK,500284,INE846D01012,LORDSCHLO,T,,,,,LORDS CHLORO ALKALI LTD.,203.0,205.3,199.5,200.75,202.0,208.05,,200.43,,,4726,951531.0,88,F1,1,,,,,
2025-08-07,2025-08-07,CM,BSE,STK,500285,INE285B01017,SPICEJET,A,,,,,SPICEJET LTD.,33.08,33.4,32.81,33.0,33.0,33.55,,33.0,,,8081290,266618925.0,11469,F1,1,,,,,
2025-08-07,2025-08-07,CM,BSE,STK,500288,INE083A01026,MOREPENLAB,A,,,,,MOREPEN LABORATORIES LTD.,52.0,52.3,48.1,49.83,49.83,53.25,,49.79,,,848015,42263482.0,4746,F1,1,,,,,
2025-08-07,2025-08-07,CM,BSE,STK,500290,INE883A01011,MRF,A,,,,,MRF LTD.,145410.0,145705.15,138000.05,143771.9,144401.45,146404.0,,144225.0,,,430,62061682.0,340,F1,1,,,,,
2025-08-07,2025-08-07,CM,BSE,STK,500292,INE578A01017,HEIDELBERG,B,,,,,HEIDELBERGCEMENT INDIA LTD.,211.1,213.0,207.5,211.45,212.0,211.1,,211.18,,,11380,2391932.0,380,F1,1,,,,,
2025-08-07,2025-08-07,CM,BSE,STK,500294,INE868B01028,NCC,A,,,,,NCC LIMITED,214.05,225.3,212.3,222.05,222.05,214.9,,222.38,,,254548,55207972.0,2912,F1,1,,,,,
2025-08-07,2025-08-07,CM,BSE,STK,500295,INE205A01025,VEDL,A,,,,,VEDANTA LIMITED,437.0,439.5,430.05,437.85,437.85,440.65,,437.8,,,330772,143832184.0,6897,F1,1,,,,,
2025-08-07,2025-08-07,CM,BSE,STK,500296,INE290A01027,NAHARSPING,B,,,,,NAHAR SPINNING MILLS LTD.,222.35,224.3,209.7,216.6,217.15,222.35,,216.1,,,5970,1286401.0,622,F1,1,,,,,
2025-08-07,2025-08-07,CM,BSE,STK,500298,INE585A01020,NAPEROL,X,,,,,Naperol Investments Limited,1050.0,1060.0,956.95,1002.3,1002.3,1041.6,,1002.3,,,10776,10714473.0,691,F1,1,,,,,
2025-08-07,2025-08-07,CM,BSE,STK,500300,INE047A01021,GRASIM,A,,,,,GRASIM INDUSTRIES LTD.,2753.05,2770.65,2720.0,2743.3,2736.1,2766.85,,2743.7,,,7220,19791046.0,1316,F1,1,,,,,
2025-08-07,2025-08-07,CM,BSE,STK,500302,INE140A01024,PEL,A,,,,,PIRAMAL ENTERPRISES LTD.,1171.5,1177.75,1143.15,1161.9,1167.95,1175.55,,1163.1,,,22534,26114811.0,1215,F1,1,,,,,
2025-08-07,2025-08-07,CM,BSE,STK,500304,INE161A01038,NIITLTD,A,,,,,NIIT LTD.,116.2,118.5,115.05,117.05,117.35,118.5,,117.14,,,24098,2813469.0,471,F1,1,,,,,
2025-08-07,2025-08-07,CM,BSE,STK,500306,INE903A01025,JAYKAY,B,,,,,Jaykay Enterprises Limited,134.9,134.9,128.0,132.05,132.05,133.0,,132.05,,,55016,7195132.0,441,F1,1,,,,,
2025-08-07,2025-08-07,CM,BSE,STK,500307,INE910A01012,NIRLON,B,,,,,NIRLON LTD.,525.1,534.05,525.1,529.65,529.0,530.3,,529.65,,,2964,1567521.0,138,F1,1,,,,,
2025-08-07,2025-08-07,CM,BSE,STK,500312,INE213A01029,ONGC,A,,,,,OIL AND NATURAL GAS CORPORATIO,232.65,234.15,231.5,233.75,233.75,233.85,,233.92,,,656670,152868098.0,8308,F1,1,,,,,
2025-08-07,2025-08-07,CM,BSE,STK,500313,INE591A01010,OILCOUNTUB,B,,,,,OIL COUNTRY TUBULAR LTD.,91.5,92.94,90.93,92.75,92.86,92.31,,92.96,,,2158,198486.0,75,F1,1,,,,,
2025-08-07,2025-08-07,CM,BSE,STK,500314,INE750A01020,ORIENTHOT,B,,,,,ORIENTAL HOTELS LTD.,137.0,142.15,136.35,140.15,140.15,139.1,,139.88,,,11237,1548556.0,348,F1,1,,,,,
2025-08-07,2025-08-07,CM,BSE,STK,500317,INE142A01012,OSWALAGRO,B,,,,,OSWAL AGRO MILLS LTD.,85.8,86.5,82.86,85.31,86.0,86.29,,85.37,,,77652,6555574.0,938,F1,1,,,,,
2025-08-07,2025-08-07,CM,BSE,STK,500319,INE557C01017,INDSUCR,X,,,,,INDIAN SUCROSE LTD.,99.9,99.9,94.66,94.89,94.8,96.47,,94.89,,,2085,197988.0,48,F1,1,,,,,
2025-08-07,2025-08-07,CM,BSE,STK,500322,INE167E01037,PANCM,XT,,,,,PANYAM CEMENTS & MINERAL INDUS,143.0,144.0,138.05,141.7,144.0,144.0,,141.7,,,178,25116.0,12,F1,1,,,,,
2025-08-07,2025-08-07,CM,BSE,STK,500325,INE002A01018,RELIANCE,A,,,,,RELIANCE INDUSTRIES LTD.,1385.1,1393.9,1366.25,1390.85,1390.85,1392.95,,1389.4,,,642904,887379852.0,20003,F1,1,,,,,
2025-08-07,2025-08-07,CM,BSE,STK,500327,INE600A01035,PILITA,T,,,,,Pil Italica Lifestyle Limited,14.7,14.72,14.21,14.5,14.5,14.8,,14.55,,,22949,333088.0,52,F1,1,,,,,
2025-08-07,2025-08-07,CM,BSE,STK,500330,INE301A01014,RAYMOND,A,,,,,RAYMOND LTD.,637.75,637.75,620.0,631.6,631.6,642.0,,632.05,,,37887,23751383.0,1241,F1,1,,,,,
2025-08-07,2025-08-07,CM,BSE,STK,500331,INE318A01026,PIDILITIND,A,,,,,PIDILITE INDUSTRIES LTD.,3070.0,3118.0,3022.7,3050.55,3050.55,3040.85,,3050.8,,,39925,122456918.0,8236,F1,1,,,,,
2025-08-07,2025-08-07,CM,BSE,STK,500333,INE751B01018,PIXTRANS,B,,,,,PIX TRANSMISSIONS LTD.,1512.0,1525.55,1507.25,1518.8,1517.15,1516.9,,1520.9,,,942,1427462.0,219,F1,1,,,,,
2025-08-07,2025-08-07,CM,BSE,STK,500335,INE340A01012,BIRLACORPN,A,,,,,BIRLA CORPORATION LTD.,1236.05,1268.75,1228.9,1252.85,1255.4,1264.1,,1251.5,,,3691,4615794.0,351,F1,1,,,,,
2025-08-07,2025-08-07,CM,BSE,STK,500336,INE335A01020,SURYAROSNI,A,,,,,SURYA ROSHNI LTD.,317.15,321.8,309.5,316.8,318.4,321.0,,316.6,,,17802,5607774.0,681,F1,1,,,,,
2025-08-07,2025-08-07,CM,BSE,STK,500337,INE032B01021,PRIMESECU,B,,,,,PRIME SECURITIES LTD.,266.0,266.9,259.5,262.65,259.5,268.8,,263.5,,,1524,402960.0,80,F1,1,,,,,
2025-08-07,2025-08-07,CM,BSE,STK,500338,INE010A01011,PRSMJOHNSN,A,,,,,PRISM JOHNSON LIMITED.,145.6,152.0,143.9,148.35,150.1,145.9,,148.55,,,95143,14172594.0,2013,F1,1,,,,,
2025-08-07,2025-08-07,CM,BSE,STK,500339,INE855B01025,RAIN,A,,,,,RAIN INDUSTRIES LIMITED,160.0,168.65,160.0,163.4,163.4,152.2,,163.34,,,3175448,525500359.0,27996,F1,1,,,,,
2025-08-07,2025-08-07,CM,BSE,STK,500342,INE024D01016,PRUDMOULI,B,,,,,PRUDENTIAL SUGAR CORPORATION L,38.31,42.47,36.68,42.47,42.47,38.61,,42.75,,,20479,814892.0,286,F1,1,,,,,
2025-08-07,2025-08-07,CM,BSE,STK,500343,INE606A01024,AMJLAND,B,,,,,AMJ LAND HOLDINGS LIMITED,56.3,56.87,54.6,56.37,56.35,56.55,,56.49,,,4446,247160.0,163,F1,1,,,,,
2025-08-07,2025-08-07,CM,BSE,STK,500346,INE609A01010,PUNJCOMMU,T,,,,,PUNJAB COMMUNICATIONS LTD.,52.95,52.95,50.21,52.09,52.25,52.69,,52.09,,,1479,75723.0,15,F1,1,,,,,
2025-08-07,2025-08-07,CM,BSE,STK,500350,INE611A01016,RSWM,B,,,,,RSWM LTD.,152.65,153.6,148.95,152.05,151.85,154.7,,152.02,,,893,134387.0,51,F1,1,,,,,
2025-08-07,2025-08-07,CM,BSE,STK,500354,INE562B01019,RAJSREESUG,B,,,,,RAJSHREE SUGARS & CHEMICALS LT,42.89,42.89,41.44,41.78,41.78,42.01,,42.18,,,519,21765.0,20,F1,1,,,,,
2025-08-07,2025-08-07,CM,BSE,STK,500355,INE613A01020,RALLIS,A,,,,,RALLIS INDIA LTD.,370.75,379.5,359.0,365.85,365.65,372.8,,365.9,,,32235,11911137.0,852,F1,1,,,,,
2025-08-07,2025-08-07,CM,BSE,STK,500356,INE278B01020,RAMANEWS,T,,,,,SHREE RAMA NEWSPRINT LTD.,33.53,33.53,33.53,33.53,33.53,33.53,,33.51,,,9,301.0,1,F1,1,,,,,
2025-08-07,2025-08-07,CM,BSE,STK,500360,INE350D01015,RAPICUT,XT,,,,,RAPICUT CARBIDES LTD.,88.0,88.0,81.0,83.04,83.5,84.53,,83.04,,,3425,285086.0,41,F1,1,,,,,
2025-08-07,2025-08-07,CM,BSE,STK,500365,INE731F01037,WELSPLSOL,B,,,,,WELSPUN SPECIALTY SOLUTIONS LI,32.0,32.24,30.7,31.44,31.39,32.58,,31.44,,,387762,12226970.0,1081,F1,1,,,,,
2025-08-07,2025-08-07,CM,BSE,STK,500366,INE293A01013,ROLTA,Z,,,,,ROLTA INDIA LTD.,2.12,2.14,2.07,2.14,2.14,2.12,,2.11,,,83442,177170.0,43,F1,1,,,,,
2025-08-07,2025-08-07,CM,BSE,STK,500367,INE642C01025,RUBFILA,B,,,,,RUBFILA INTERNATIONAL LTD.,78.14,78.54,74.52,76.27,76.1,77.74,,76.33,,,14693,1125030.0,706,F1,1,,,,,
2025-08-07,2025-08-07,CM,BSE,STK,500368,INE619A01035,PATANJALI,A,,,,,Patanjali Foods Limited,1822.35,1826.5,1790.0,1819.95,1820.0,1825.65,,1820.4,,,22533,40819270.0,3738,F1,1,,,,,
2025-08-07,2025-08-07,CM,BSE,STK,500370,INE924A01013,SALORAINTL,X,,,,,SALORA INTERNATIONAL LTD.,44.4,44.4,40.66,41.75,41.75,42.7,,41.75,,,400,16462.0,24,F1,1,,,,,
2025-08-07,2025-08-07,CM,BSE,STK,500378,INE324A01032,JINDALSAW,A,,,,,JINDAL SAW LTD.,205.5,210.7,201.2,209.75,210.0,205.6,,209.84,,,41334,8499320.0,1002,F1,1,,,,,
2025-08-07,2025-08-07,CM,BSE,STK,500380,INE786A01032,JKLAKSHMI,A,,,,,JK LAKSHMI CEMENT LTD.,919.0,924.6,914.9,918.2,919.0,919.0,,917.8,,,228523,210007831.0,990,F1,1,,,,,
2025-08-07,2025-08-07,CM,BSE,STK,500387,INE070A01015,SHREECEM,A,,,,,SHREE CEMENT LTD.,30300.0,30710.4,30210.0,30625.65,30690.0,30558.3,,30655.0,,,100,3045005.0,63,F1,1,,,,,
2025-08-07,2025-08-07,CM,BSE,STK,500388,INE970C01012,SKPMIL,X,,,,,SHREE KRISHNA PAPER MILLS & IN,35.99,35.99,33.21,34.79,34.79,34.8,,34.79,,,336,11230.0,9,F1,1,,,,,
2025-08-07,2025-08-07,CM,BSE,STK,500389,INE368A01021,SILVERLINE,XT,,,,,SILVERLINE TECHNOLOGIES LTD.,11.5,11.5,11.5,11.5,11.5,11.73,,11.5,,,63205,726857.0,72,F1,1,,,,,
2025-08-07,2025-08-07,CM,BSE,STK,500390,INE036A01016,RELINFRA,T,,,,,RELIANCE INFRASTRUCTURE LTD.,287.0,292.3,280.5,281.95,281.95,295.25,,281.35,,,287422,81374387.0,3848,F1,1,,,,,
2025-08-07,2025-08-07,CM,BSE,STK,500400,INE245A01021,TATAPOWER,A,,,,,TATA POWER CO.LTD.,381.7,386.65,379.0,385.6,385.6,385.7,,385.55,,,475415,181686544.0,11913,F1,1,,,,,
2025-08-07,2025-08-07,CM,BSE,STK,500402,INE937A01023,SPMLINFRA,B,,,,,SPML INFRA LIMITED,281.0,282.7,270.6,276.55,276.85,284.35,,276.5,,,91612,25401178.0,1478,F1,1,,,,,
2025-08-07,2025-08-07,CM,BSE,STK,500403,INE387A01021,SUNDRMFAST,A,,,,,SUNDRAM FASTENERS LTD.,954.2,968.6,941.0,947.6,947.0,960.65,,947.0,,,2109,2008903.0,276,F1,1,,,,,
2025-08-07,2025-08-07,CM,BSE,STK,500404,INE947A01014,SUNFLAG,B,,,,,SUNFLAG IRON & STEEL CO.LTD.,282.05,292.8,280.75,290.45,290.45,287.25,,290.45,,,18911,5363063.0,523,F1,1,,,,,
2025-08-07,2025-08-07,CM,BSE,STK,500405,INE663A01033,SPLPETRO,A,,,,,SUPREME PETROCHEM LTD.,790.0,791.4,758.8,764.85,765.5,800.1,,764.7,,,4366,3366433.0,439,F1,1,,,,,
2025-08-07,2025-08-07,CM,BSE,STK,500407,INE277A01016,SWARAJENG,B,,,,,SWARAJ ENGINES LTD.,3857.05,3998.95,3855.0,3949.45,3950.0,3924.2,,3953.2,,,2233,8703550.0,524,F1,1,,,,,
2025-08-07,2025-08-07,CM,BSE,STK,500408,INE670A01012,TATAELXSI,A,,,,,TATA ELXSI LTD.,5790.15,5895.0,5735.0,5872.85,5894.95,5816.85,,5865.5,,,13608,78850900.0,3236,F1,1,,,,,
2025-08-07,2025-08-07,CM,BSE,STK,500410,INE012A01025,ACC,A,,,,,ACC LTD.,1830.4,1830.4,1790.0,1816.1,1814.95,1830.6,,1817.7,,,31656,57251549.0,2480,F1,1,,,,,
2025-08-07,2025-08-07,CM,BSE,STK,500411,INE152A01029,THERMAX,A,,,,,THERMAX LTD.,3384.05,3437.5,3285.0,3330.6,3336.9,3454.2,,3328.2,,,5690,19040290.0,842,F1,1,,,,,
2025-08-07,2025-08-07,CM,BSE,STK,500412,INE338A01024,TIRUMALCHM,A,,,,,THIRUMALAI CHEMICALS LTD.,289.0,289.2,280.4,285.5,285.5,285.65,,286.15,,,22526,6406687.0,627,F1,1,,,,,
2025-08-07,2025-08-07,CM,BSE,STK,500413,INE332A01027,THOMASCOOK,A,,,,,THOMAS COOK (INDIA) LTD.,145.4,154.85,145.4,153.9,153.1,150.25,,154.02,,,43554,6595070.0,691,F1,1,,,,,
2025-08-07,2025-08-07,CM,BSE,STK,500414,INE064A01026,TIMEX,B,,,,,TIMEX GROUP INDIA LTD.,277.0,284.5,259.05,275.05,275.05,272.65,,275.05,,,1859452,506882993.0,10516,F1,1,,,,,
2025-08-07,2025-08-07,CM,BSE,STK,500418,INE932C01012,TOKYOPLAST,B,,,,,TOKYO PLAST INTERNATIONAL LTD.,121.8,123.1,121.5,122.4,121.8,121.3,,121.8,,,2668,325187.0,76,F1,1,,,,,
2025-08-07,2025-08-07,CM,BSE,STK,500420,INE685A01028,TORNTPHARM,A,,,,,TORRENT PHARMACEUTICALS LTD.,3488.95,3601.4,3488.95,3596.85,3598.9,3525.75,,3596.7,,,13211,47239292.0,2804,F1,1,,,,,
2025-08-07,2025-08-07,CM,BSE,STK,500421,INE578C01021,TPINDIA,X,,,,,TPI INDIA LTD.,15.82,15.82,15.25,15.7,15.7,15.63,,15.7,,,10171,157072.0,80,F1,1,,,,,
2025-08-07,2025-08-07,CM,BSE,STK,500422,INE019B01010,TRANSCHEM,X,,,,,TRANSCHEM LTD.,41.66,46.4,39.65,40.48,40.65,42.66,,40.48,,,5638,229189.0,91,F1,1,,,,,
2025-08-07,2025-08-07,CM,BSE,STK,500425,INE079A01024,AMBUJACEM,A,,,,,AMBUJA CEMENTS LTD.,585.2,594.3,580.55,592.8,591.6,589.7,,592.35,,,175914,102812183.0,2256,F1,1,,,,,
2025-08-07,2025-08-07,CM,BSE,STK,500426,INE184E01024,UTLINDS,X,,,,,UTL INDUSTRIES LIMITED,2.2,2.2,2.16,2.16,2.16,2.24,,2.16,,,19527,42367.0,46,F1,1,,,,,
2025-08-07,2025-08-07,CM,BSE,STK,500429,INE037A01022,UNIENTER,B,,,,,UNIPHOS ENTERPRISES LTD.,153.0,156.75,153.0,155.0,155.0,159.05,,154.41,,,4712,725228.0,122,F1,1,,,,,
2025-08-07,2025-08-07,CM,BSE,STK,500439,INE701A01023,VHL,B,,,,,VARDHMAN HOLDINGS LTD.,3778.0,3876.7,3761.0,3834.1,3791.25,3876.7,,3814.1,,,32,122149.0,13,F1,1,,,,,
2025-08-07,2025-08-07,CM,BSE,STK,500440,INE038A01020,HINDALCO,A,,,,,HINDALCO INDUSTRIES LTD.,681.2,689.4,674.6,686.65,689.4,685.0,,686.8,,,66554,45376180.0,2568,F1,1,,,,,
2025-08-07,2025-08-07,CM,BSE,STK,500444,INE976A01021,WSTCSTPAPR,B,,,,,West Coast Paper Mills Limited,504.7,511.65,495.0,501.75,502.25,512.5,,500.7,,,1217,611095.0,126,F1,1,,,,,
2025-08-07,2025-08-07,CM,BSE,STK,500449,INE048A01011,HOCL,T,,,,,HINDUSTAN ORGANIC CHEMICALS LT,37.05,37.69,35.45,35.83,36.0,37.31,,35.83,,,60694,2192992.0,221,F1,1,,,,,
2025-08-07,2025-08-07,CM,BSE,STK,500450,INE844C01027,MPILCORPL,X,,,,,MPIL CORPORATION LTD.,482.15,507.5,482.15,507.5,507.5,507.5,,507.5,,,6,2918.0,2,F1,1,,,,,
2025-08-07,2025-08-07,CM,BSE,STK,500456,INE818B01023,PASUPTAC,B,,,,,PASUPATI ACRYLON LTD.,46.29,48.44,46.29,46.72,46.7,45.9,,47.16,,,3393,158931.0,85,F1,1,,,,,
2025-08-07,2025-08-07,CM,BSE,STK,500458,INE601A01017,KORE,XT,,,,,Kore Foods Limited,34.37,34.37,34.37,34.37,34.37,33.7,,34.37,,,15290,525517.0,60,F1,1,,,,,
2025-08-07,2025-08-07,CM,BSE,STK,500459,INE179A01014,PGHH,A,,,,,PROCTER & GAMBLE HYGIENE & HEA,13215.05,13289.95,13111.0,13215.1,13255.0,13224.9,,13217.0,,,154,2032582.0,97,F1,1,,,,,
2025-08-07,2025-08-07,CM,BSE,STK,500460,INE304A01026,MUKANDLTD,B,,,,,MUKAND LTD.,129.2,129.2,121.0,124.1,124.8,129.25,,124.02,,,54851,6830474.0,866,F1,1,,,,,
2025-08-07,2025-08-07,CM,BSE,STK,500463,INE676A01027,BBOX,T,,,,,BLACK BOX LIMITED,490.0,515.0,484.9,506.0,508.0,502.9,,506.9,,,15810,7893975.0,540,F1,1,,,,,
2025-08-07,2025-08-07,CM,BSE,STK,500464,INE139B01016,UCAL,B,,,,,UCAL LIMITED,139.85,140.35,135.85,139.0,139.0,139.85,,138.74,,,3197,441739.0,311,F1,1,,,,,
2025-08-07,2025-08-07,CM,BSE,STK,500467,INE544A01019,HARRMALAYA,B,,,,,HARRISONS MALAYALAM LTD.,206.0,209.9,205.0,208.4,208.5,204.7,,208.25,,,1857,386290.0,364,F1,1,,,,,
2025-08-07,2025-08-07,CM,BSE,STK,500469,INE171A01029,FEDERALBNK,A,,,,,FEDERAL BANK LTD.,196.1,199.25,194.95,198.7,198.5,197.25,,198.63,,,60479,11895893.0,1679,F1,1,,,,,
2025-08-07,2025-08-07,CM,BSE,STK,500470,INE081A01020,TATASTEEL,A,,,,,TATA STEEL LTD.,156.8,160.0,156.25,159.7,159.7,158.7,,159.67,,,930942,146856413.0,14534,F1,1,,,,,
2025-08-07,2025-08-07,CM,BSE,STK,500472,INE640A01023,SKFINDIA,A,,,,,SKF INDIA LTD.,4700.0,4700.0,4533.9,4559.75,4577.9,4786.6,,4566.3,,,2527,11599362.0,660,F1,1,,,,,
2025-08-07,2025-08-07,CM,BSE,STK,500477,INE208A01029,ASHOKLEY,A,,,,,ASHOK LEYLAND LTD.,119.85,121.4,118.1,119.8,119.8,120.8,,119.81,,,860802,102874096.0,4846,F1,1,,,,,
2025-08-07,2025-08-07,CM,BSE,STK,500480,INE298A01020,CUMMINSIND,A,,,,,CUMMINS INDIA LTD.,3635.0,3710.0,3575.0,3679.7,3679.7,3637.25,,3674.1,,,14693,53394057.0,3036,F1,1,,,,,
2025-08-07,2025-08-07,CM,BSE,STK,500483,INE151A01013,TATACOMM,A,,,,,TATA COMMUNICATIONS LTD.,1679.95,1680.0,1659.0,1670.4,1674.6,1685.15,,1672.5,,,7035,11716977.0,760,F1,1,,,,,
2025-08-07,2025-08-07,CM,BSE,STK,500488,INE358A01014,ABBOTINDIA,A,,,,,ABBOTT INDIA LTD.,31900.2,32830.0,31900.2,32765.1,32800.0,32614.05,,32725.0,,,284,9268614.0,185,F1,1,,,,,
2025-08-07,2025-08-07,CM,BSE,STK,500490,INE118A01012,BAJAJHLDNG,A,,,,,BAJAJ HOLDINGS & INVESTMENT LT,14194.3,14500.0,13660.55,13775.9,13775.9,13615.6,,13780.0,,,18850,264842729.0,4932,F1,1,,,,,
2025-08-07,2025-08-07,CM,BSE,STK,500493,INE465A01025,BHARATFORG,A,,,,,BHARAT FORGE LTD.,1128.75,1165.7,1103.0,1163.75,1160.0,1138.8,,1161.7,,,49824,56132621.0,3607,F1,1,,,,,
2025-08-07,2025-08-07,CM,BSE,STK,500495,INE042A01014,ESCORTS,A,,,,,Escorts Kubota Limited,3378.95,3378.95,3302.0,3350.25,3364.0,3386.95,,3352.9,,,3378,11264182.0,996,F1,1,,,,,
2025-08-07,2025-08-07,CM,BSE,STK,500500,INE253A01025,HINDMOTORS,T,,,,,HINDUSTAN MOTORS LTD.,23.3,23.3,22.5,23.08,23.18,22.99,,23.1,,,73617,1682196.0,693,F1,1,,,,,
2025-08-07,2025-08-07,CM,BSE,STK,500510,INE018A01030,LT,A,,,,,LARSEN & TOUBRO LTD.,3619.9,3646.5,3600.0,3640.25,3640.25,3629.25,,3641.5,,,244858,884800261.0,6252,F1,1,,,,,
2025-08-07,2025-08-07,CM,BSE,STK,500520,INE101A01026,M&M,A,,,,,MAHINDRA & MAHINDRA LTD.,3212.4,3229.85,3162.0,3210.65,3210.65,3228.0,,3211.1,,,49889,159647565.0,4367,F1,1,,,,,
2025-08-07,2025-08-07,CM,BSE,STK,500530,INE323A01026,BOSCHLTD,A,,,,,BOSCH LTD.,38475.0,38725.15,37950.05,38614.6,38550.0,38272.45,,38570.0,,,1702,65349185.0,929,F1,1,,,,,
2025-08-07,2025-08-07,CM,BSE,STK,500540,INE342A01018,PREMIER,T,,,,,PREMIER LTD.,3.66,3.75,3.54,3.75,3.75,3.66,,3.75,,,150,542.0,4,F1,1,,,,,
2025-08-07,2025-08-07,CM,BSE,STK,500547,INE029A01011,BPCL,A,,,,,BHARAT PETROLEUM CORPORATION L,313.7,314.1,307.2,310.45,310.45,315.85,,310.35,,,179251,55590008.0,4305,F1,1,,,,,
2025-08-07,2025-08-07,CM,BSE,STK,500550,INE003A01024,SIEMENS,A,,,,,SIEMENS LTD.,3088.85,3128.4,3049.75,3119.0,3123.85,3083.7,,3117.0,,,13509,41692669.0,1947,F1,1,,,,,
2025-08-07,2025-08-07,CM,BSE,STK,500570,INE155A01022,TATAMOTORS,A,,,,,TATA MOTORS LTD.,648.5,651.3,635.8,647.5,647.5,653.05,,646.55,,,1227857,788113587.0,38585,F1,1,,,,,
2025-08-07,2025-08-07,CM,BSE,STK,500575,INE226A01021,VOLTAS,A,,,,,VOLTAS LTD.,1292.05,1326.0,1289.35,1307.4,1308.15,1313.95,,1309.1,,,18097,23651859.0,1313,F1,1,,,,,
2025-08-07,2025-08-07,CM,BSE,STK,500620,INE017A01032,GESHIP,A,,,,,GREAT EASTERN SHIPPING CO.LTD.,928.0,943.75,922.85,938.05,942.15,931.8,,939.9,,,5642,5245498.0,346,F1,1,,,,,
2025-08-07,2025-08-07,CM,BSE,STK,500645,INE501A01019,DEEPAKFERT,A,,,,,DEEPAK FERTILISERS & PETROCHEM,1503.05,1531.4,1486.9,1502.5,1503.5,1533.35,,1505.2,,,7323,11042303.0,610,F1,1,,,,,
2025-08-07,2025-08-07,CM,BSE,STK,500650,INE369A01029,EXCELINDUS,B,,,,,EXCEL INDUSTRIES LTD.,1298.95,1301.1,1245.4,1267.55,1246.0,1283.1,,1265.5,,,1724,2198556.0,249,F1,1,,,,,
2025-08-07,2025-08-07,CM,BSE,STK,500655,INE291A01017,GRWRHITECH,A,,,,,GARWARE HI-TECH FILMS LIMITED,3170.15,3298.95,3116.25,3277.15,3270.0,3230.7,,3275.2,,,6901,22012782.0,1544,F1,1,,,,,
2025-08-07,2025-08-07,CM,BSE,STK,500660,INE159A01016,GLAXO,A,,,,,GLAXOSMITHKLINE PHARMACEUTICAL,2701.05,2720.2,2643.7,2679.1,2676.0,2711.85,,2677.5,,,3399,9090559.0,699,F1,1,,,,,
2025-08-07,2025-08-07,CM,BSE,STK,500670,INE113A01013,GNFC,A,,,,,GUJARAT NARMADA VALLEY FERTILI,520.05,522.8,499.2,503.25,503.25,545.1,,503.25,,,237073,120252638.0,7661,F1,1,,,,,
2025-08-07,2025-08-07,CM,BSE,STK,500672,INE234A01025,NOVARTIND,B,,,,,NOVARTIS INDIA LTD.,929.95,954.3,920.0,934.8,934.8,930.1,,934.8,,,6673,6211268.0,445,F1,1,,,,,
2025-08-07,2025-08-07,CM,BSE,STK,500674,INE058A01010,SANOFI,A,,,,,SANOFI INDIA LTD,5340.0,5345.0,5168.0,5185.15,5191.2,5336.1,,5180.0,,,884,4626267.0,489,F1,1,,,,,
2025-08-07,2025-08-07,CM,BSE,STK,500680,INE182A01018,PFIZER,A,,,,,PFIZER LTD.,5000.0,5060.7,4940.75,5031.05,5009.9,5052.8,,5022.0,,,1999,9992157.0,402,F1,1,,,,,
2025-08-07,2025-08-07,CM,BSE,STK,500690,INE026A01025,GSFC,A,,,,,GUJARAT STATE FERTILIZERS & CH,203.45,203.45,194.3,198.8,198.8,203.3,,198.93,,,74262,14681981.0,1398,F1,1,,,,,
2025-08-07,2025-08-07,CM,BSE,STK,500696,INE030A01027,HINDUNILVR,A,,,,,HINDUSTAN UNILEVER LTD.,2535.85,2543.15,2494.7,2517.5,2515.0,2533.8,,2517.5,,,22229,55865544.0,2271,F1,1,,,,,
2025-08-07,2025-08-07,CM,BSE,STK,500710,INE133A01011,AKZOINDIA,A,,,,,AKZO NOBEL INDIA LIMITED,3681.05,3727.3,3618.0,3626.25,3624.0,3699.65,,3624.9,,,2177,7960998.0,493,F1,1,,,,,
2025-08-07,2025-08-07,CM,BSE,STK,500730,INE163A01018,NOCIL,A,,,,,NOCIL LTD.,175.4,175.4,171.5,174.2,174.2,174.65,,174.31,,,23227,4025220.0,687,F1,1,,,,,
2025-08-07,2025-08-07,CM,BSE,STK,500770,INE092A01019,TATACHEM,A,,,,,TATA CHEMICALS LTD.,941.0,963.35,936.5,959.85,960.0,949.6,,959.05,,,34744,32806708.0,2040,F1,1,,,,,
2025-08-07,2025-08-07,CM,BSE,STK,500777,INE148A01019,TNPETRO,T,,,,,TAMILNADU PETROPRODUCTS LTD.,95.5,95.5,93.12,94.64,95.0,95.71,,94.7,,,3635,342371.0,66,F1,1,,,,,
2025-08-07,2025-08-07,CM,BSE,STK,500780,INE217A01012,ZUARIIND,B,,,,,Zuari Industries Limited,319.4,323.9,311.7,318.35,318.1,320.3,,318.2,,,22942,7304606.0,784,F1,1,,,,,
2025-08-07,2025-08-07,CM,BSE,STK,500790,INE239A01024,NESTLEIND,A,,,,,NESTLE INDIA LTD.,2233.3,2249.9,2215.05,2235.6,2235.6,2233.3,,2234.6,,,28543,63688124.0,3455,F1,1,,,,,
2025-08-07,2025-08-07,CM,BSE,STK,500800,INE192A01025,TATACONSUM,A,,,,,TATA CONSUMER PRODUCTS LIMITED,1049.75,1056.0,1039.0,1052.85,1052.85,1053.05,,1052.8,,,21533,22529874.0,1844,F1,1,,,,,
2025-08-07,2025-08-07,CM,BSE,STK,500820,INE021A01026,ASIANPAINT,A,,,,,ASIAN PAINTS LTD.,2488.6,2509.0,2467.85,2506.1,2506.1,2491.3,,2506.5,,,98268,244871435.0,9436,F1,1,,,,,
2025-08-07,2025-08-07,CM,BSE,STK,500825,INE216A01030,BRITANNIA,A,,,,,BRITANNIA INDUSTRIES LTD.,5395.4,5555.0,5395.35,5476.1,5480.45,5395.4,,5476.5,,,13236,72631326.0,2728,F1,1,,,,,
2025-08-07,2025-08-07,CM,BSE,STK,500830,INE259A01022,COLPAL,A,,,,,COLGATE-PALMOLIVE (INDIA) LTD.,2240.0,2245.95,2217.0,2240.35,2241.0,2241.05,,2240.3,,,9281,20708317.0,1393,F1,1,,,,,
2025-08-07,2025-08-07,CM,BSE,STK,500840,INE230A01023,EIHOTEL,A,,,,,EIH LTD.,377.0,377.0,352.05,359.2,362.15,365.35,,359.4,,,10843,3895316.0,486,F1,1,,,,,
2025-08-07,2025-08-07,CM,BSE,STK,500850,INE053A01029,INDHOTEL,A,,,,,INDIAN HOTELS CO.LTD.,737.8,746.25,734.55,742.7,742.7,746.6,,742.3,,,207259,153400572.0,4422,F1,1,,,,,
2025-08-07,2025-08-07,CM,BSE,STK,500870,INE172A01027,CASTROLIND,A,,,,,CASTROL INDIA LTD.,213.4,215.25,209.8,214.8,214.6,213.1,,214.7,,,43419,9217316.0,1072,F1,1,,,,,
2025-08-07,2025-08-07,CM,BSE,STK,500875,INE154A01025,ITC,A,,,,,ITC LTD.,412.0,414.65,411.9,413.6,413.6,412.0,,413.6,,,274944,113647264.0,10742,F1,1,,,,,
2025-08-07,2025-08-07,CM,BSE,STK,500877,INE438A01022,APOLLOTYRE,A,,,,,APOLLO TYRES LTD.,432.75,437.9,428.0,435.95,437.8,435.3,,436.25,,,25095,10853529.0,1661,F1,1,,,,,
2025-08-07,2025-08-07,CM,BSE,STK,500878,INE482A01020,CEATLTD,A,,,,,CEAT LTD.,3220.4,3220.4,3172.0,3212.6,3212.6,3221.45,,3210.0,,,2894,9256170.0,479,F1,1,,,,,
2025-08-07,2025-08-07,CM,BSE,STK,500890,INE832A01018,MODIRUBBER,T,,,,,MODI RUBBER LTD.,118.0,118.55,115.0,115.0,115.0,115.4,,115.0,,,314,36577.0,6,F1,1,,,,,
2025-08-07,2025-08-07,CM,BSE,STK,500940,INE183A01024,FINPIPE,A,,,,,FINOLEX INDUSTRIES LTD.,193.05,195.0,186.3,189.25,189.25,195.75,,189.1,,,49941,9508757.0,1887,F1,1,,,,,
2025-08-07,2025-08-07,CM,BSE,STK,501150,INE660C01027,CENTRUM,T,,,,,CENTRUM CAPITAL LTD.,37.04,38.7,36.67,38.0,38.7,38.25,,38.48,,,29917,1128829.0,61,F1,1,,,,,
2025-08-07,2025-08-07,CM,BSE,STK,501242,INE911B01018,TCIFINANCE,T,,,,,TCI FINANCE LTD.,13.75,13.8,13.54,13.79,13.79,13.75,,13.79,,,3526,47980.0,27,F1,1,,,,,
2025-08-07,2025-08-07,CM,BSE,STK,501295,INE886A01014,IITL,T,,,,,INDUSTRIAL INVESTMENT TRUST LT,167.6,167.6,165.0,167.4,167.5,160.15,,167.38,,,661,110219.0,12,F1,1,,,,,
2025-08-07,2025-08-07,CM,BSE,STK,501298,INE620D01011,INDPRUD,B,,,,,INDUSTRIAL & PRUDENTIAL INVEST,6990.5,7049.8,6990.0,7040.0,7040.0,6990.5,,7040.0,,,45,315546.0,20,F1,1,,,,,
2025-08-07,2025-08-07,CM,BSE,STK,501301,INE672A01018,TATAINVEST,A,,,,,TATA INVESTMENT CORPORATION LT,7089.55,7105.95,6850.0,6905.7,6905.7,7089.5,,6903.0,,,12789,88398903.0,3146,F1,1,,,,,
2025-08-07,2025-08-07,CM,BSE,STK,501314,INE286N01028,PRISMX,X,,,,,PRISMX GLOBAL VENTURES LIMITED,0.68,0.73,0.68,0.7,0.7,0.69,,0.7,,,254908,179829.0,199,F1,1,,,,,
2025-08-07,2025-08-07,CM,BSE,STK,501343,INE861B01023,MOTOGENFIN,B,,,,,MOTOR & GENERAL FINANCE LTD.,27.25,27.27,25.12,26.31,26.45,27.39,,26.22,,,30411,792038.0,966,F1,1,,,,,
2025-08-07,2025-08-07,CM,BSE,STK,501351,INE154M01012,RAPIDIN,XT,,,,,RAPID INVESTMENTS LTD.,69.0,69.0,65.0,69.0,69.0,67.9,,69.0,,,2293,149094.0,13,F1,1,,,,,
2025-08-07,2025-08-07,CM,BSE,STK,501370,INE695D01021,WALCHPF,X,,,,,WALCHAND PEOPLEFIRST LTD.,154.8,157.5,151.25,153.75,153.75,154.8,,153.75,,,1618,246436.0,32,F1,1,,,,,
2025-08-07,2025-08-07,CM,BSE,STK,501391,INE855A01019,WHBRADY,X,,,,,W.H.BRADY & CO.LTD.,824.1,890.0,824.1,876.9,886.0,890.0,,876.9,,,625,527336.0,56,F1,1,,,,,
2025-08-07,2025-08-07,CM,BSE,STK,501421,INE314H01012,TECHNVISN,X,,,,,TechNVision Ventures Limited,4000.0,4200.0,4000.0,4051.05,4050.0,4000.0,,4051.05,,,754,3068598.0,47,F1,1,,,,,
2025-08-07,2025-08-07,CM,BSE,STK,501423,INE151G01028,SHAILY,A,,,,,SHAILY ENGINEERING PLASTICS LT,1630.1,1644.7,1541.3,1588.9,1593.15,1655.0,,1585.3,,,4169,6591605.0,611,F1,1,,,,,
2025-08-07,2025-08-07,CM,BSE,STK,501425,INE050A01025,BBTC,A,,,,,BOMBAY BURMAH TRADING CORP.LTD,1835.0,1882.9,1823.95,1878.65,1882.9,1842.0,,1874.0,,,793,1470450.0,173,F1,1,,,,,
2025-08-07,2025-08-07,CM,BSE,STK,501430,INE691K01017,BOMBCYC,X,,,,,BOMBAY CYCLE & MOTOR AGENCY LT,2082.0,2082.0,1990.0,1990.0,1990.0,2021.65,,1990.0,,,97,196749.0,14,F1,1,,,,,
2025-08-07,2025-08-07,CM,BSE,STK,501455,INE224A01026,GREAVESCOT,A,,,,,GREAVES COTTON LTD.,203.8,210.6,203.1,209.05,209.05,206.55,,209.51,,,165869,34335664.0,1961,F1,1,,,,,
2025-08-07,2025-08-07,CM,BSE,STK,501477,INE003F01015,MULLER,X,,,,,MULLER & PHIPPS (INDIA) LTD.,246.8,246.8,246.8,246.8,246.8,244.95,,246.8,,,10,2468.0,5,F1,1,,,,,
2025-08-07,2025-08-07,CM,BSE,STK,501622,INE492N01022,AMALGAM,XT,,,,,AMALGAMATED ELECTRICITY CO.LTD,79.05,80.0,79.05,80.0,80.0,79.05,,80.0,,,322,25630.0,11,F1,1,,,,,
2025-08-07,2025-08-07,CM,BSE,STK,501700,INE131H01028,INDIANVSH,X,,,,,INDIANIVESH LTD.,8.98,8.98,8.56,8.62,8.61,8.96,,8.62,,,5329,46480.0,34,F1,1,,,,,
2025-08-07,2025-08-07,CM,BSE,STK,501831,INE377E01024,COASTCORP,B,,,,,COASTAL CORPORATION LTD.,33.75,34.55,33.31,34.43,34.55,34.07,,34.31,,,2630,89071.0,65,F1,1,,,,,
2025-08-07,2025-08-07,CM,BSE,STK,501833,INE490A01015,CHOWGULSTM,X,,,,,CHOWGULE STEAMSHIPS LTD.,23.74,25.68,23.51,23.69,23.69,23.57,,23.69,,,4835,116578.0,44,F1,1,,,,,
2025-08-07,2025-08-07,CM,BSE,STK,501848,INE446C01013,GLOBOFFS,X,,,,,GLOBAL OFFSHORE SERVICES LTD.,81.58,83.73,79.0,80.29,82.0,81.57,,80.29,,,9858,796582.0,102,F1,1,,,,,
2025-08-07,2025-08-07,CM,BSE,STK,502015,INE443A01030,ASIIL,X,,,,,ASI INDUSTRIES LIMITED,32.8,32.99,31.35,32.2,32.2,32.64,,32.2,,,9310,299403.0,117,F1,1,,,,,
2025-08-07,2025-08-07,CM,BSE,STK,502090,INE229C01021,SAGCEM,B,,,,,SAGAR CEMENTS LTD.,220.5,230.65,220.5,230.3,230.35,229.9,,230.34,,,8268,1880155.0,374,F1,1,,,,,
2025-08-07,2025-08-07,CM,BSE,STK,502133,INE07BK01011,HEMACEM,X,,,,,HEMADRI CEMENTS LTD.,56.06,56.99,49.0,51.74,52.59,58.48,,51.74,,,4555,235440.0,87,F1,1,,,,,
2025-08-07,2025-08-07,CM,BSE,STK,502137,INE583C01021,DECCANCE,B,,,,,DECCAN CEMENTS LTD.,1035.05,1067.55,1028.05,1052.55,1063.95,1044.55,,1056.4,,,4792,5030874.0,473,F1,1,,,,,
2025-08-07,2025-08-07,CM,BSE,STK,502157,INE347A01017,MANGLMCEM,B,,,,,MANGALAM CEMENT LTD.,704.2,721.0,702.4,718.65,718.65,713.15,,717.0,,,765,543666.0,98,F1,1,,,,,
2025-08-07,2025-08-07,CM,BSE,STK,502168,INE732C01016,NCLIND,B,,,,,NCL INDUSTRIES LTD.,213.15,213.15,208.8,209.75,211.1,214.45,,210.01,,,2237,470561.0,63,F1,1,,,,,
2025-08-07,2025-08-07,CM,BSE,STK,502175,INE626A01014,SAURASHCEM,B,,,,,SAURASHTRA CEMENT LTD.,114.1,120.0,112.9,115.15,116.15,117.2,,115.16,,,16945,1968033.0,415,F1,1,,,,,
2025-08-07,2025-08-07,CM,BSE,STK,502180,INE232A01011,SHREDIGCEM,B,,,,,SHREE DIGVIJAY CEMENT CO.LTD.,82.0,82.0,79.16,81.11,81.04,81.72,,81.0,,,60842,4894898.0,238,F1,1,,,,,
2025-08-07,2025-08-07,CM,BSE,STK,502219,INE666D01022,BORORENEW,A,,,,,BOROSIL RENEWABLES LIMITED,602.2,603.25,587.85,599.45,603.0,603.25,,599.4,,,36307,21624373.0,779,F1,1,,,,,
2025-08-07,2025-08-07,CM,BSE,STK,502250,INE347D01011,LERTHAI,XT,,,,,LERTHAI FINANCE LIMITED,527.0,527.0,527.0,527.0,527.0,516.7,,527.0,,,1,527.0,1,F1,1,,,,,
2025-08-07,2025-08-07,CM,BSE,STK,502281,INE094C01011,TRIVENIGQ,X,,,,,TRIVENI GLASS LTD.,13.01,13.5,13.01,13.46,13.5,13.5,,13.46,,,3999,53195.0,59,F1,1,,,,,
2025-08-07,2025-08-07,CM,BSE,STK,502294,INE416N01013,NILACHAL,X,,,,,NILACHAL REFRACTORIES LTD.,42.0,42.0,41.0,41.6,41.6,38.0,,41.6,,,1159,48623.0,12,F1,1,,,,,
2025-08-07,2025-08-07,CM,BSE,STK,502330,INE435A01051,ANDHRAPAP,B,,,,,ANDHRA PAPER LIMITED,74.71,77.68,74.65,76.76,77.68,76.13,,76.83,,,17702,1344545.0,165,F1,1,,,,,
2025-08-07,2025-08-07,CM,BSE,STK,502355,INE787D01026,BALKRISIND,A,,,,,BALKRISHNA INDUSTRIES LTD.,2399.95,2439.9,2361.75,2422.25,2422.45,2398.15,,2424.8,,,23549,56387628.0,6455,F1,1,,,,,
2025-08-07,2025-08-07,CM,BSE,STK,502420,INE592A01026,ORIENTPPR,B,,,,,ORIENT PAPER & INDUSTRIES LTD.,28.1,28.1,27.3,27.93,28.01,27.82,,27.9,,,63906,1764550.0,132,F1,1,,,,,
2025-08-07,2025-08-07,CM,BSE,STK,502445,INE906D01014,CITADEL,XT,,,,,CITADEL REALTY AND DEVELOPERS,74.3,74.3,70.65,73.6,73.89,71.0,,73.6,,,785,57011.0,17,F1,1,,,,,
2025-08-07,2025-08-07,CM,BSE,STK,502448,INE927A01040,ROLLT,T,,,,,ROLLATAINERS LTD.,1.49,1.52,1.42,1.49,1.48,1.47,,1.49,,,21263,31621.0,32,F1,1,,,,,
2025-08-07,2025-08-07,CM,BSE,STK,502450,INE630A01024,SESHAPAPER,B,,,,,SESHASAYEE PAPER & BOARDS LTD.,265.75,267.0,264.0,265.45,265.45,271.5,,266.05,,,894,237188.0,104,F1,1,,,,,
2025-08-07,2025-08-07,CM,BSE,STK,502587,INE777A01023,NATHIND,X,,,,,NATH INDUSTRIES LIMITED,85.01,88.93,85.01,85.22,85.25,85.0,,85.22,,,1433,122282.0,20,F1,1,,,,,
2025-08-07,2025-08-07,CM,BSE,STK,502589,INE464D01014,VAPIENTER,X,,,,,VAPI ENTERPRISE LIMITED,130.2,130.2,123.8,125.0,130.2,130.3,,125.0,,,30,3760.0,6,F1,1,,,,,
2025-08-07,2025-08-07,CM,BSE,STK,502820,INE498A01018,DCM,B,,,,,DCM LTD.,100.2,101.35,99.0,99.4,99.0,100.55,,99.59,,,1850,184716.0,156,F1,1,,,,,
2025-08-07,2025-08-07,CM,BSE,STK,502865,INE518A01013,FORBESCO,X,,,,,FORBES & COMPANY LTD.,432.0,440.0,414.0,422.0,423.7,433.9,,422.0,,,2649,1122784.0,88,F1,1,,,,,
2025-08-07,2025-08-07,CM,BSE,STK,502873,INE950C01014,HPCOTTON,X,,,,,H.P.COTTON TEXTILE MILLS LTD.,100.02,100.02,100.02,100.02,100.02,100.02,,100.02,,,13,1300.0,3,F1,1,,,,,
2025-08-07,2025-08-07,CM,BSE,STK,502893,INE706D01018,UNITEDINT,X,,,,,UNITED INTERACTIVE LTD.,97.51,98.5,97.51,98.0,98.0,97.51,,98.0,,,32,3136.0,12,F1,1,,,,,
2025-08-07,2025-08-07,CM,BSE,STK,502901,INE462D01034,JAMSHRI,XT,,,,,JAMSHRI REALTY LIMITED,108.0,110.0,107.0,108.85,109.95,110.4,,108.85,,,973,105775.0,47,F1,1,,,,,
2025-08-07,2025-08-07,CM,BSE,STK,502933,INE498G01015,KATRSPG,X,,,,,KATARE SPINNING MILLS LTD.,140.0,140.0,140.0,140.0,140.0,143.85,,140.0,,,3,420.0,2,F1,1,,,,,
2025-08-07,2025-08-07,CM,BSE,STK,502937,INE087A01019,KESORAMIND,T,,,,,KESORAM INDUSTRIES LTD.,5.12,5.12,5.12,5.12,5.12,5.22,,5.12,,,40630,208025.0,76,F1,1,,,,,
2025-08-07,2025-08-07,CM,BSE,STK,502958,INE938C01019,LAKSHMIMIL,XT,,,,,LAKSHMI MILLS COMPANY LTD.,9700.0,9781.0,9700.0,9741.55,9750.0,9741.6,,9741.55,,,36,350689.0,18,F1,1,,,,,
2025-08-07,2025-08-07,CM,BSE,STK,502986,INE825A01020,VTL,A,,,,,VARDHMAN TEXTILES LTD.,402.0,405.7,391.05,398.25,405.0,408.5,,396.85,,,23954,9525486.0,1194,F1,1,,,,,
2025-08-07,2025-08-07,CM,BSE,STK,503031,INE138A01028,PENINLAND,B,,,,,PENINSULA LAND LTD.,36.01,38.16,35.47,37.18,37.83,36.86,,37.17,,,252308,9179433.0,1228,F1,1,,,,,
2025-08-07,2025-08-07,CM,BSE,STK,503092,INE909B01020,PASUSPG,X,,,,,PASUPATI SPG.& WVG.MILLS LTD.,36.8,41.95,36.11,37.13,38.68,36.87,,37.13,,,4493,172202.0,45,F1,1,,,,,
2025-08-07,2025-08-07,CM,BSE,STK,503100,INE211B01039,PHOENIXLTD,A,,,,,THE PHOENIX MILLS LTD,1434.25,1462.0,1425.2,1455.6,1447.35,1447.7,,1456.8,,,7687,11148235.0,677,F1,1,,,,,
2025-08-07,2025-08-07,CM,BSE,STK,503101,INE182D01020,MARATHON,B,,,,,MARATHON NEXTGEN REALTY LTD.,654.4,661.9,645.0,655.2,653.05,654.2,,655.2,,,11474,7510746.0,730,F1,1,,,,,
2025-08-07,2025-08-07,CM,BSE,STK,503162,INE750D01016,RELCHEMQ,B,,,,,RELIANCE CHEMOTEX INDUSTRIES L,169.6,170.8,163.15,165.75,166.05,168.35,,166.6,,,6838,1149074.0,178,F1,1,,,,,
2025-08-07,2025-08-07,CM,BSE,STK,503169,INE301D01026,RUBYMILLS,B,,,,,RUBY MILLS LTD.,234.5,237.9,230.75,236.0,234.85,236.3,,234.95,,,2005,467526.0,160,F1,1,,,,,
2025-08-07,2025-08-07,CM,BSE,STK,503229,INE167H01014,SIMPLXREA,X,,,,,SIMPLEX REALTY LTD.,183.0,183.0,168.35,176.0,176.0,177.0,,176.0,,,9,1552.0,5,F1,1,,,,,
2025-08-07,2025-08-07,CM,BSE,STK,503310,INE665A01038,SWANENERGY,A,,,,,SWAN ENERGY LTD.,419.05,426.7,408.65,424.55,424.55,421.25,,424.75,,,109405,45721349.0,2718,F1,1,,,,,
2025-08-07,2025-08-07,CM,BSE,STK,503349,INE203D01016,VICTMILL,X,,,,,VICTORIA MILLS LTD.,6060.0,6060.0,5950.0,5950.0,5950.0,6062.0,,5950.0,,,7,41910.0,6,F1,1,,,,,
2025-08-07,2025-08-07,CM,BSE,STK,503624,INE406N01014,ZSVARAJT,X,,,,,SVARAJ TRADING & AGENCIES LTD.,9.42,9.42,9.08,9.25,9.25,9.44,,9.25,,,846,7726.0,21,F1,1,,,,,
2025-08-07,2025-08-07,CM,BSE,STK,503641,INE945J01027,ZODIACVEN,X,,,,,ZODIAC VENTURES LIMITED,8.46,8.46,7.8,8.3,8.3,8.2,,8.3,,,148471,1223532.0,341,F1,1,,,,,
2025-08-07,2025-08-07,CM,BSE,STK,503657,INE255E01030,VEERENRGY,X,,,,,VEER ENERGY & INFRASTRUCTURE L,17.8,17.8,17.11,17.41,17.39,17.16,,17.41,,,14897,258263.0,129,F1,1,,,,,
2025-08-07,2025-08-07,CM,BSE,STK,503663,INE026L01022,TILAK,X,,,,,Tilak Ventures Limited,2.99,3.08,2.95,3.07,3.08,3.03,,3.07,,,283968,861702.0,470,F1,1,,,,,
2025-08-07,2025-08-07,CM,BSE,STK,503675,INE786K01023,WAGEND,X,,,,,WAGEND INFRA VENTURE LIMITED,1.03,1.03,1.03,1.03,1.03,1.03,,1.03,,,1411,1453.0,18,F1,1,,,,,
2025-08-07,2025-08-07,CM,BSE,STK,503681,INE927X01018,ELCIDIN,B,,,,,ELCID INVESTMENTS LTD.,137999.95,138000.0,135200.05,137335.7,135200.05,137766.45,,137335.7,,,47,6441084.0,38,F1,1,,,,,
2025-08-07,2025-08-07,CM,BSE,STK,503685,INE828I01019,MEDIAONE,X,,,,,MEDIAONE GLOBAL ENTERTAINMENT,19.89,19.89,18.32,18.77,19.45,19.81,,18.77,,,1656,31357.0,46,F1,1,,,,,
2025-08-07,2025-08-07,CM,BSE,STK,503722,INE629D01020,BANSWRAS,B,,,,,BANSWARA SYNTEX LTD.,136.0,143.9,131.5,143.15,140.95,139.95,,141.22,,,7474,1043483.0,307,F1,1,,,,,
2025-08-07,2025-08-07,CM,BSE,STK,503776,INE170C01019,MODIPON,X,,,,,MODIPON LTD.,44.95,44.95,40.71,40.83,40.71,42.85,,40.83,,,628,27841.0,12,F1,1,,,,,
2025-08-07,2025-08-07,CM,BSE,STK,503804,INE204C01024,SHRIDINE,X,,,,,SHRI DINESH MILLS LTD.,290.3,296.7,290.3,294.5,294.45,297.2,,294.5,,,455,133041.0,40,F1,1,,,,,
2025-08-07,2025-08-07,CM,BSE,STK,503806,INE647A01010,SRF,A,,,,,SRF LTD.,2947.1,2951.0,2874.95,2903.45,2908.3,2968.8,,2904.1,,,60581,175144207.0,2455,F1,1,,,,,
2025-08-07,2025-08-07,CM,BSE,STK,503811,INE076B01028,SIYSIL,B,,,,,SIYARAM SILK MILLS LTD.,587.05,606.1,581.8,598.0,594.45,597.0,,596.75,,,3408,2005275.0,253,F1,1,,,,,
2025-08-07,2025-08-07,CM,BSE,STK,503816,INE243N01029,SWADPOL,XT,,,,,SWADESHI POLYTEX LTD.,65.94,65.94,61.52,63.94,63.0,63.91,,63.94,,,20042,1263805.0,118,F1,1,,,,,
2025-08-07,2025-08-07,CM,BSE,STK,503837,INE796C01011,SHRAJSYNQ,XT,,,,,SHREE RAJASTHAN SYNTEX LTD.,12.85,12.87,12.79,12.87,12.87,12.26,,12.87,,,12275,157915.0,30,F1,1,,,,,
2025-08-07,2025-08-07,CM,BSE,STK,503863,INE632A01012,SHRMFGC,XT,,,,,SHREE MANUFACTURING CO.LTD.,22.54,22.54,22.54,22.54,22.54,22.99,,22.54,,,6,135.0,2,F1,1,,,,,
2025-08-07,2025-08-07,CM,BSE,STK,503960,INE464A01036,BBL,A,,,,,BHARAT BIJLEE LTD.,2815.05,2856.1,2815.0,2836.9,2842.0,2857.2,,2832.4,,,1274,3610110.0,290,F1,1,,,,,
2025-08-07,2025-08-07,CM,BSE,STK,504000,INE579B01039,ELPROINTL,B,,,,,ELPRO INTERNATIONAL LTD.,90.18,91.69,88.0,89.45,89.49,90.18,,89.45,,,40673,3628386.0,541,F1,1,,,,,
2025-08-07,2025-08-07,CM,BSE,STK,504028,INE064H01021,GEE,X,,,,,GEE LTD.,142.05,147.65,140.0,142.4,141.55,143.55,,142.4,,,6401,897594.0,34,F1,1,,,,,
2025-08-07,2025-08-07,CM,BSE,STK,504036,INE835D01023,HIRECT,B,,,,,HIND RECTIFIERS LTD.,1914.9,1923.7,1833.6,1846.15,1848.9,1909.0,,1848.5,,,3389,6397016.0,456,F1,1,,,,,
2025-08-07,2025-08-07,CM,BSE,STK,504058,INE567A01028,NIPPOBATRY,B,,,,,INDO-NATIONAL LTD.,468.0,473.0,455.1,468.5,467.4,467.85,,469.1,,,3285,1537490.0,168,F1,1,,,,,
2025-08-07,2025-08-07,CM,BSE,STK,504067,INE520A01027,ZENSARTECH,A,,,,,ZENSAR TECHNOLOGIES LTD.,774.05,793.35,771.0,789.8,790.5,784.55,,790.0,,,9317,7311747.0,547,F1,1,,,,,
2025-08-07,2025-08-07,CM,BSE,STK,504076,INE511D01012,JYOTI,XT,,,,,JYOTI LTD.,91.75,91.75,88.0,88.9,89.65,91.4,,88.9,,,15063,1348441.0,150,F1,1,,,,,
2025-08-07,2025-08-07,CM,BSE,STK,504080,INE581L01018,JSLINDL,X,,,,,JSL INDUSTRIES LTD.,1290.05,1378.95,1290.05,1378.95,1378.95,1379.0,,1378.95,,,20,26690.0,2,F1,1,,,,,
2025-08-07,2025-08-07,CM,BSE,STK,504084,INE813G01023,KAYCEEI,X,,,,,KAYCEE INDUSTRIES LTD.,1197.0,1219.8,1175.0,1189.3,1199.0,1197.0,,1189.3,,,1491,1768634.0,199,F1,1,,,,,
2025-08-07,2025-08-07,CM,BSE,STK,504092,INE716F01012,INDOKEM,XT,,,,,INDOKEM LTD.,334.6,334.6,334.6,334.6,334.6,328.05,,334.6,,,25557,8551372.0,55,F1,1,,,,,
2025-08-07,2025-08-07,CM,BSE,STK,504093,INE795A01017,PANAENERG,X,,,,,PANASONIC ENERGY INDIA COMPANY,372.9,378.75,329.95,350.6,350.6,374.0,,350.6,,,5542,1961986.0,328,F1,1,,,,,
2025-08-07,2025-08-07,CM,BSE,STK,504112,INE045B01015,NELCO,B,,,,,NELCO LTD.,841.0,878.9,833.3,871.95,871.95,845.15,,869.9,,,12329,10630557.0,794,F1,1,,,,,
2025-08-07,2025-08-07,CM,BSE,STK,504132,INE418E01018,PERMAGN,X,,,,,PERMANENT MAGNETS LTD.,980.0,1020.0,921.9,954.4,951.0,928.9,,954.4,,,16661,16207724.0,1060,F1,1,,,,,
2025-08-07,2025-08-07,CM,BSE,STK,504176,INE783E01023,HIGHENE,XT,,,,,HIGH ENERGY BATTERIES (INDIA),594.0,614.4,576.0,614.4,614.4,585.15,,614.4,,,6875,4123337.0,256,F1,1,,,,,
2025-08-07,2025-08-07,CM,BSE,STK,504180,INE502C01039,STDBAT,X,,,,,STANDARD BATTERIES LTD.,56.05,58.0,55.0,57.75,58.0,58.0,,57.75,,,1322,74860.0,48,F1,1,,,,,
2025-08-07,2025-08-07,CM,BSE,STK,504212,INE279A01012,UNIVCABLES,B,,,,,UNIVERSAL CABLES LTD.,710.9,724.4,689.65,706.0,724.4,710.9,,707.35,,,1471,1032432.0,162,F1,1,,,,,
2025-08-07,2025-08-07,CM,BSE,STK,504220,INE100D01014,WSI,T,,,,,W.S.INDUSTRIES (INDIA) LTD.,76.0,79.69,74.0,76.48,76.48,77.33,,75.62,,,3133,236073.0,29,F1,1,,,,,
2025-08-07,2025-08-07,CM,BSE,STK,504240,INE872E01016,DLTNCBL,X,,,,,DELTON CABLES LTD.,731.1,749.0,731.1,731.1,731.1,769.55,,731.1,,,16874,12339071.0,350,F1,1,,,,,
2025-08-07,2025-08-07,CM,BSE,STK,504258,INE284C01018,LAKSELEC,XT,,,,,LAKSHMI ELECTRICAL CONTROL SYS,912.0,950.0,912.0,927.0,935.0,960.0,,927.0,,,308,284968.0,88,F1,1,,,,,
2025-08-07,2025-08-07,CM,BSE,STK,504273,INE064R01012,MODULEX,Z,,,,,MODULEX CONSTRUCTION TECHNOLOG,21.59,21.6,19.62,20.06,20.48,20.65,,20.06,,,74130,1508797.0,106,F1,1,,,,,
2025-08-07,2025-08-07,CM,BSE,STK,504286,INE393A01011,DELTAMAGNT,T,,,,,DELTA MANUFACTURING LIMITED,91.0,91.0,89.9,89.9,89.9,87.71,,87.15,,,11,990.0,2,F1,1,,,,,
2025-08-07,2025-08-07,CM,BSE,STK,504340,INE180M01033,LONGSPUR,X,,,,,Longspur International Venture,5.72,5.72,5.72,5.72,5.72,5.61,,5.72,,,10878,62222.0,3,F1,1,,,,,
2025-08-07,2025-08-07,CM,BSE,STK,504341,INE206N01018,RELTD,T,,,,,RAVINDRA ENERGY LIMITED,144.2,144.2,144.2,144.2,144.2,137.35,,144.29,,,4690,676298.0,32,F1,1,,,,,
2025-08-07,2025-08-07,CM,BSE,STK,504346,INE713N01013,RRP,XT,,,,,RRP SEMICONDUCTOR LIMITED,3522.15,3522.15,3522.15,3522.15,3522.15,3453.1,,3522.15,,,43,151452.0,3,F1,1,,,,,
2025-08-07,2025-08-07,CM,BSE,STK,504351,INE507F01023,EMPOWER,X,,,,,EMPOWER INDIA LTD.,1.31,1.43,1.31,1.42,1.42,1.43,,1.42,,,1266458,1755150.0,1668,F1,1,,,,,
2025-08-07,2025-08-07,CM,BSE,STK,504356,INE017P01014,ZMULTIPU,X,,,,,MULTIPURPOSE TRADING & AGENCIE,10.85,10.85,10.85,10.85,10.85,10.34,,10.85,,,1,10.0,1,F1,1,,,,,
2025-08-07,2025-08-07,CM,BSE,STK,504369,INE927M01029,GRANDMA,X,,,,,GRANDMA TRADING & AGENCIES LTD,0.49,0.49,0.49,0.49,0.49,0.49,,0.49,,,122309,59931.0,22,F1,1,,,,,
2025-08-07,2025-08-07,CM,BSE,STK,504378,INE812K01027,NYSSACORP,X,,,,,NYSSA CORPORATION LIMITED,3.85,3.91,3.68,3.83,3.8,3.79,,3.83,,,43747,164933.0,116,F1,1,,,,,
2025-08-07,2025-08-07,CM,BSE,STK,504380,INE952M01019,FLOMIC,X,,,,,FLOMIC GLOBAL LOGISTICS LIMITE,65.5,68.87,65.5,67.34,66.3,67.59,,67.34,,,586,40004.0,22,F1,1,,,,,
2025-08-07,2025-08-07,CM,BSE,STK,504392,INE537L01010,KRISHNA,XT,,,,,KRISHNA VENTURES LIMITED,15.67,15.67,15.6,15.67,15.67,15.37,,15.67,,,661,10354.0,4,F1,1,,,,,
2025-08-07,2025-08-07,CM,BSE,STK,504605,INE361D01012,UNIABEXAL,XT,,,,,UNI ABEX ALLOY PRODUCTS LTD.,3557.7,3557.7,3400.0,3402.6,3400.0,3540.0,,3402.6,,,698,2399873.0,54,F1,1,,,,,
2025-08-07,2025-08-07,CM,BSE,STK,504614,INE385C01021,SARDAEN,A,,,,,SARDA ENERGY & MINERALS LTD.,586.05,608.4,553.05,556.5,556.5,579.1,,556.55,,,1010772,583663991.0,22080,F1,1,,,,,
2025-08-07,2025-08-07,CM,BSE,STK,504646,INE106G01014,BGWTATO,X,,,,,BHAGWATI AUTOCAST LTD.,358.8,358.8,317.5,328.35,328.35,358.85,,328.35,,,2688,876273.0,69,F1,1,,,,,
2025-08-07,2025-08-07,CM,BSE,STK,504648,INE089T01023,BOMBWIR,X,,,,,BOMBAY WIRE ROPES LTD.,56.0,56.4,55.6,56.36,56.4,51.55,,56.36,,,1076,59966.0,24,F1,1,,,,,
2025-08-07,2025-08-07,CM,BSE,STK,504731,INE566M01017,AZADIND,XT,,,,,AZAD INDIA MOBILITY LIMITED,138.55,138.55,131.0,132.6,134.5,135.6,,132.6,,,3797,509297.0,35,F1,1,,,,,
2025-08-07,2025-08-07,CM,BSE,STK,504741,INE323C01030,INDIANHUME,B,,,,,INDIAN HUME PIPE CO.LTD.,401.0,404.0,395.7,401.7,401.7,409.5,,402.1,,,2387,952270.0,187,F1,1,,,,,
2025-08-07,2025-08-07,CM,BSE,STK,504746,INE359D01024,INLCM,XT,,,,,INDIAN LINK CHAIN MANUFACTURES,1008.9,1008.9,1008.9,1008.9,1008.9,960.9,,1008.9,,,20,20178.0,2,F1,1,,,,,
2025-08-07,2025-08-07,CM,BSE,STK,504786,INE155E01016,INVPRECQ,XT,,,,,INVESTMENT & PRECISION CASTING,485.15,507.0,483.8,497.75,497.8,509.25,,497.75,,,3295,1614129.0,111,F1,1,,,,,
2025-08-07,2025-08-07,CM,BSE,STK,504810,INE123E01014,INFORTEC,X,,,,,INFORMED TECHNOLOGIES INDIA LT,69.35,78.6,69.35,78.56,78.56,77.0,,78.56,,,137,9797.0,15,F1,1,,,,,
2025-08-07,2025-08-07,CM,BSE,STK,504840,INE375D01012,KAIRA,X,,,,,KAIRA CAN CO.LTD.,1769.95,1769.95,1739.95,1739.95,1739.95,1678.5,,1739.95,,,3,5249.0,2,F1,1,,,,,
2025-08-07,2025-08-07,CM,BSE,STK,504879,INE569C01020,ORIENTCER,B,,,,,ORIENT CERATECH LIMITED,41.75,42.0,38.57,39.15,39.0,41.7,,39.31,,,12409,505865.0,114,F1,1,,,,,
2025-08-07,2025-08-07,CM,BSE,STK,504882,INE166R01015,NATIONSTD,B,,,,,NATIONAL STANDARD (INDIA) LTD.,1915.0,1969.95,1879.0,1889.05,1879.0,1935.4,,1889.05,,,239,453086.0,102,F1,1,,,,,
2025-08-07,2025-08-07,CM,BSE,STK,504903,INE336C01016,RATHIST,X,,,,,RATHI STEEL & POWER LTD.,27.0,27.39,26.16,26.67,26.87,27.39,,26.67,,,88737,2376056.0,326,F1,1,,,,,
2025-08-07,2025-08-07,CM,BSE,STK,504908,INE340F01011,DUNCANENG,X,,,,,Duncan Engineering Limited,467.05,495.0,467.05,489.95,489.95,473.1,,489.95,,,438,216377.0,16,F1,1,,,,,
2025-08-07,2025-08-07,CM,BSE,STK,504918,INE149K01016,SANDUMA,B,,,,,SANDUR MANGANESE & IRON ORES L,489.95,489.95,477.75,484.95,484.95,485.0,,484.5,,,27327,13229448.0,1016,F1,1,,,,,
2025-08-07,2025-08-07,CM,BSE,STK,504959,INE755D01015,STOVACQ,X,,,,,STOVEC INDUSTRIES LTD.,2290.0,2349.0,2285.0,2334.15,2335.0,2286.0,,2334.15,,,178,411486.0,27,F1,1,,,,,
2025-08-07,2025-08-07,CM,BSE,STK,504973,INE149A01033,CHOLAHLDNG,A,,,,,CHOLAMANDALAM FINANCIAL HOLDIN,1790.0,1851.95,1790.0,1848.95,1850.15,1794.95,,1849.1,,,4919,8952345.0,593,F1,1,,,,,
2025-08-07,2025-08-07,CM,BSE,STK,504988,INE380G01015,ZWELCAST,X,,,,,WELCAST STEELS LTD.,1120.0,1140.0,1090.0,1132.65,1140.0,1123.85,,1132.65,,,141,155293.0,25,F1,1,,,,,
2025-08-07,2025-08-07,CM,BSE,STK,505010,INE449A01011,AUTOAXLES,B,,,,,AUTOMOTIVE AXLES LTD.,1711.45,1720.0,1671.75,1681.95,1681.6,1746.55,,1687.1,,,1551,2623416.0,367,F1,1,,,,,
2025-08-07,2025-08-07,CM,BSE,STK,505029,INE446A01025,ATLASCYCLE,T,,,,,ATLAS CYCLES (HARYANA) LTD.,127.0,129.4,127.0,127.1,127.1,127.0,,127.12,,,1162,148889.0,14,F1,1,,,,,
2025-08-07,2025-08-07,CM,BSE,STK,505036,INE451C01013,ACGL,B,,,,,AUTOMOBILE CORPORATION OF GOA,2097.0,2097.0,1980.0,2015.35,2015.35,2084.55,,2015.35,,,2326,4728094.0,317,F1,1,,,,,
2025-08-07,2025-08-07,CM,BSE,STK,505075,INE878E01021,SETCO,T,,,,,SETCO AUTOMOTIVE LTD.,14.36,14.4,14.36,14.36,14.36,14.65,,14.58,,,7891,113522.0,9,F1,1,,,,,
2025-08-07,2025-08-07,CM,BSE,STK,505160,INE187D01029,TALBROAUTO,B,,,,,TALBROS AUTOMOTIVE COMPONENTS,285.7,286.7,277.1,279.9,280.05,288.05,,281.05,,,2730,768052.0,130,F1,1,,,,,
2025-08-07,2025-08-07,CM,BSE,STK,505163,INE116C01012,ZFSTEERING,B,,,,,Z.F.STEERING GEAR (INDIA) LTD.,1149.0,1149.0,1120.05,1125.4,1128.0,1140.7,,1125.4,,,553,624257.0,64,F1,1,,,,,
2025-08-07,2025-08-07,CM,BSE,STK,505192,INE294B01019,SMLISUZU,B,,,,,SML ISUZU LIMITED,3481.05,3676.4,3431.0,3666.35,3676.4,3501.35,,3669.7,,,7090,25190761.0,923,F1,1,,,,,
2025-08-07,2025-08-07,CM,BSE,STK,505196,INE806C01018,TIL,T,,,,,TIL LTD.,318.0,318.0,304.05,314.55,317.8,320.0,,315.5,,,2908,903909.0,58,F1,1,,,,,
2025-08-07,2025-08-07,CM,BSE,STK,505200,INE066A01021,EICHERMOT,A,,,,,EICHER MOTORS LTD.,5660.0,5691.0,5588.15,5679.8,5677.65,5668.65,,5681.5,,,5317,29961214.0,1865,F1,1,,,,,
2025-08-07,2025-08-07,CM,BSE,STK,505216,INE782D01027,ALFREDHE,XT,,,,,ALFRED HERBERT (INDIA) LTD.,3235.0,3332.8,3100.0,3332.8,3332.8,3174.1,,3332.8,,,4387,14506050.0,270,F1,1,,,,,
2025-08-07,2025-08-07,CM,BSE,STK,505232,INE232E01013,VELJAN,X,,,,,VELJAN DENISON LIMITED,1230.0,1295.0,1206.0,1274.6,1267.0,1280.4,,1274.6,,,1808,2293821.0,162,F1,1,,,,,
2025-08-07,2025-08-07,CM,BSE,STK,505242,INE221B01012,DYNAMATECH,B,,,,,DYNAMATIC TECHNOLOGIES LTD.,6523.0,6550.0,6423.0,6498.55,6440.5,6558.4,,6502.5,,,808,5244628.0,230,F1,1,,,,,
2025-08-07,2025-08-07,CM,BSE,STK,505250,INE631D01026,GGDPROP,X,,,,,G. G. Dandekar Properties Limi,83.7,87.87,83.7,85.51,85.11,88.99,,85.51,,,128,11163.0,6,F1,1,,,,,
2025-08-07,2025-08-07,CM,BSE,STK,505255,INE541A01023,GMMPFAUDLR,A,,,,,GMM PFAUDLER LTD.,1310.0,1315.35,1280.1,1288.95,1288.0,1311.3,,1290.5,,,1203,1554059.0,196,F1,1,,,,,
2025-08-07,2025-08-07,CM,BSE,STK,505283,INE811A01020,KIRLPNU,A,,,,,KIRLOSKAR PNEUMATIC CO.LTD.,1356.15,1356.2,1318.1,1323.75,1324.5,1365.8,,1323.3,,,3511,4681734.0,504,F1,1,,,,,
2025-08-07,2025-08-07,CM,BSE,STK,505299,INE731D01024,KPT,XT,,,,,KPT INDUSTRIES LIMITED,799.25,808.0,780.0,798.2,801.0,815.15,,798.2,,,1896,1511308.0,120,F1,1,,,,,
2025-08-07,2025-08-07,CM,BSE,STK,505302,INE718M01022,LAKSHMIEW,X,,,,,LAKSHMI ENGINEERING AND WAREHO,2299.95,2299.95,2200.0,2214.95,2214.95,2163.0,,2214.95,,,51,113623.0,9,F1,1,,,,,
2025-08-07,2025-08-07,CM,BSE,STK,505324,INE867A01022,MANUGRAPH,T,,,,,MANUGRAPH INDIA LTD.,18.5,19.1,18.49,18.49,18.49,19.44,,18.94,,,2055,38023.0,9,F1,1,,,,,
2025-08-07,2025-08-07,CM,BSE,STK,505336,INE098E01026,HARSHILAGR,XT,,,,,HARSHIL AGROTECH LIMITED,1.3,1.3,1.28,1.28,1.28,1.3,,1.28,,,508464,657425.0,317,F1,1,,,,,
2025-08-07,2025-08-07,CM,BSE,STK,505343,INE811D01024,MONOT,X,,,,,MONOTYPE INDIA LTD.,0.68,0.7,0.66,0.67,0.67,0.68,,0.67,,,1456092,992753.0,1045,F1,1,,,,,
2025-08-07,2025-08-07,CM,BSE,STK,505355,INE317F01035,NESCO,B,,,,,NESCO LTD.,1352.05,1395.75,1352.05,1377.7,1366.0,1373.25,,1376.3,,,10804,14891511.0,914,F1,1,,,,,
2025-08-07,2025-08-07,CM,BSE,STK,505358,INE984B01023,INTEGRAEN,X,,,,,INTEGRA ENGINEERING INDIA LTD.,241.25,248.0,238.5,244.65,244.65,243.4,,244.65,,,16844,4080131.0,251,F1,1,,,,,
2025-08-07,2025-08-07,CM,BSE,STK,505368,INE617A01013,SEMAC,T,,,,,Semac Construction Limited,522.0,522.0,522.0,522.0,522.0,522.0,,542.9,,,299,156078.0,3,F1,1,,,,,
2025-08-07,2025-08-07,CM,BSE,STK,505400,INE435C01024,TEXINFRA,B,,,,,TEXMACO INFRASTRUCTURE & HOLDI,101.0,101.0,96.32,98.19,98.19,97.48,,97.95,,,1412,137245.0,43,F1,1,,,,,
2025-08-07,2025-08-07,CM,BSE,STK,505412,INE274C01019,WENDT,B,,,,,WENDT (INDIA) LTD.,9679.7,9840.55,9521.0,9798.25,9828.0,9679.7,,9776.0,,,984,9488701.0,391,F1,1,,,,,
2025-08-07,2025-08-07,CM,BSE,STK,505502,INE953M01033,PSITINFRA,X,,,,,PS IT INFRASTRUCTURE & SERVICE,1.24,1.24,1.24,1.24,1.24,1.22,,1.24,,,8561,10615.0,8,F1,1,,,,,
2025-08-07,2025-08-07,CM,BSE,STK,505504,INE809Q01012,GHVINFRA,XT,,,,,GHV INFRA PROJECTS LIMITED,1676.8,1676.8,1676.8,1676.8,1676.8,1643.95,,1676.8,,,300,503040.0,4,F1,1,,,,,
2025-08-07,2025-08-07,CM,BSE,STK,505509,INE688D01026,RESPONIND,B,,,,,RESPONSIVE INDUSTRIES LTD.,203.5,207.35,199.9,204.4,204.5,203.0,,204.37,,,14863,3026342.0,633,F1,1,,,,,
2025-08-07,2025-08-07,CM,BSE,STK,505515,INE203N01015,SHYMINV,X,,,,,SHYAMKAMAL INVESTMENTS LTD.,14.15,14.15,13.35,13.39,13.99,14.15,,13.39,,,1937,26097.0,17,F1,1,,,,,
2025-08-07,2025-08-07,CM,BSE,STK,505520,INE721U01011,ZHEMHOLD,XT,,,,,HEM HOLDINGS & TRADING LTD.,76.86,76.86,76.86,76.86,76.86,75.36,,76.86,,,1,76.0,1,F1,1,,,,,
2025-08-07,2025-08-07,CM,BSE,STK,505523,INE272E01027,MAHACORP,XT,,,,,MAHARASHTRA CORPORATION LTD.,0.44,0.45,0.43,0.44,0.44,0.43,,0.44,,,757573,330337.0,418,F1,1,,,,,
2025-08-07,2025-08-07,CM,BSE,STK,505526,INE966A01022,DOLATALGO,B,,,,,DOLAT ALGOTECH LIMITED,86.25,88.68,85.27,87.68,87.97,85.75,,87.5,,,20457,1789608.0,314,F1,1,,,,,
2025-08-07,2025-08-07,CM,BSE,STK,505533,INE274F01020,WESTLIFE,A,,,,,WESTLIFE FOODWORLD LIMITED,675.4,693.0,672.9,684.55,684.95,693.2,,684.0,,,3066,2092046.0,287,F1,1,,,,,
2025-08-07,2025-08-07,CM,BSE,STK,505537,INE256A01028,ZEEL,A,,,,,ZEE ENTERTAINMENT ENTERPRISES,112.3,115.0,112.0,114.65,114.65,112.3,,114.67,,,374653,42665568.0,2195,F1,1,,,,,
2025-08-07,2025-08-07,CM,BSE,STK,505590,INE308E01029,SVPGLOB,B,,,,,SVP GLOBAL TEXTILES LIMITED,3.58,3.58,3.26,3.54,3.54,3.44,,3.53,,,3049,10442.0,25,F1,1,,,,,
2025-08-07,2025-08-07,CM,BSE,STK,505650,INE178E01026,SKYLMILAR,XT,,,,,SKYLINE MILLARS LTD.,26.43,26.43,26.43,26.43,26.43,26.96,,26.43,,,20180,533357.0,22,F1,1,,,,,
2025-08-07,2025-08-07,CM,BSE,STK,505681,INE469A01019,BIMETAL,X,,,,,BIMETAL BEARINGS LTD.,590.0,605.0,551.5,575.1,587.0,593.0,,575.1,,,1226,703386.0,94,F1,1,,,,,
2025-08-07,2025-08-07,CM,BSE,STK,505685,INE614R01014,TAPARIA,X,,,,,TAPARIA TOOLS LTD.,11.02,11.02,11.02,11.02,11.02,10.5,,11.02,,,1,11.0,1,F1,1,,,,,
2025-08-07,2025-08-07,CM,BSE,STK,505688,INE561C01019,BHARATGEAR,B,,,,,BHARAT GEARS LTD.,87.37,89.55,87.01,87.99,88.2,88.2,,88.22,,,4719,417914.0,166,F1,1,,,,,
2025-08-07,2025-08-07,CM,BSE,STK,505690,INE856A01017,BRADYM,XT,,,,,BRADY & MORRIS ENGINEERING CO.,1494.9,1549.0,1458.0,1530.7,1531.0,1530.05,,1530.7,,,220,326908.0,48,F1,1,,,,,
2025-08-07,2025-08-07,CM,BSE,STK,505693,INE501N01020,LATIMMETAL,X,,,,,La Tim Metal & Industries Limi,8.0,8.0,7.9,7.98,7.95,7.92,,7.98,,,31240,248309.0,64,F1,1,,,,,
2025-08-07,2025-08-07,CM,BSE,STK,505700,INE205B01031,ELECON,A,,,,,ELECON ENGINEERING CO.LTD.,554.05,560.65,546.1,554.55,556.0,562.55,,553.6,,,37905,20967705.0,1558,F1,1,,,,,
2025-08-07,2025-08-07,CM,BSE,STK,505710,INE266D01021,GRAUWEIL,B,,,,,GRAUER & WEIL (INDIA) LTD.,94.05,98.1,93.6,94.95,95.15,94.8,,94.95,,,119206,11368609.0,1371,F1,1,,,,,
2025-08-07,2025-08-07,CM,BSE,STK,505712,INE705G01021,HIMTEK,X,,,,,HIM TEKNOFORGE LIMITED,201.15,219.8,201.15,213.6,215.0,205.0,,213.6,,,7633,1584817.0,92,F1,1,,,,,
2025-08-07,2025-08-07,CM,BSE,STK,505714,INE524A01029,GABRIEL,A,,,,,GABRIEL INDIA LTD.,1004.15,1024.95,989.05,1013.5,1013.5,1008.4,,1014.8,,,34632,34884805.0,2099,F1,1,,,,,
2025-08-07,2025-08-07,CM,BSE,STK,505720,INE688E01024,HERCULES,T,,,,,HERCULES HOISTS LTD.,168.15,171.95,164.0,165.45,166.0,168.15,,164.25,,,1203,199745.0,52,F1,1,,,,,
2025-08-07,2025-08-07,CM,BSE,STK,505725,INE598D01027,ALGOQUANT,X,,,,,ALGOQUANT FINTECH LIMITED,1302.65,1313.0,1273.0,1303.95,1303.95,1277.1,,1303.95,,,64118,82504388.0,3381,F1,1,,,,,
2025-08-07,2025-08-07,CM,BSE,STK,505726,INE559A01017,IFBIND,B,,,,,IFB INDUSTRIES LTD.,1290.0,1346.3,1281.4,1336.45,1346.25,1292.4,,1334.3,,,1636,2146044.0,185,F1,1,,,,,
2025-08-07,2025-08-07,CM,BSE,STK,505729,INE638A01035,SINGER,X,,,,,SINGER INDIA LTD.,71.89,71.89,70.0,71.33,71.15,71.66,,71.33,,,25022,1776691.0,272,F1,1,,,,,
2025-08-07,2025-08-07,CM,BSE,STK,505737,INE403C01014,INTLCOMBQ,X,,,,,INTERNATIONAL COMBUSTION (INDI,743.9,743.95,722.3,726.0,725.0,745.25,,726.0,,,1807,1314530.0,133,F1,1,,,,,
2025-08-07,2025-08-07,CM,BSE,STK,505744,INE529A01010,FMGOETZE,B,,,,,FEDERAL-MOGUL GOETZE (INDIA) L,544.95,549.35,523.95,541.65,535.6,541.85,,542.4,,,2565,1368185.0,286,F1,1,,,,,
2025-08-07,2025-08-07,CM,BSE,STK,505750,INE636D01041,JOSTS,X,,,,,JOSTS ENGINEERING CO.LTD.,469.85,469.85,445.0,452.8,452.8,469.9,,452.8,,,21455,9759984.0,584,F1,1,,,,,
2025-08-07,2025-08-07,CM,BSE,STK,505790,INE513A01022,SCHAEFFLER,A,,,,,Schaeffler India Limited,4070.0,4070.0,3978.5,4005.95,4025.0,4078.35,,4003.5,,,3223,12929623.0,1348,F1,1,,,,,
2025-08-07,2025-08-07,CM,BSE,STK,505800,INE384A01010,RANEHOLDIN,B,,,,,RANE HOLDINGS LTD.,1512.0,1513.3,1455.55,1463.25,1462.0,1499.45,,1464.6,,,164,242637.0,68,F1,1,,,,,
2025-08-07,2025-08-07,CM,BSE,STK,505807,INE775R01013,ROLCOEN,P,,,,,ROLCON ENGINEERING CO.LTD.,962.4,962.4,962.4,962.4,962.4,917.0,,962.4,,,50,48120.0,1,F1,50,,,,,
2025-08-07,2025-08-07,CM,BSE,STK,505827,INE568F01017,SNL,X,,,,,SNL BEARINGS LTD.,375.55,376.75,368.0,370.15,371.9,380.1,,370.15,,,3412,1264421.0,106,F1,1,,,,,
2025-08-07,2025-08-07,CM,BSE,STK,505840,INE058D01030,JAIPAN,X,,,,,JAIPAN INDUSTRIES LTD.,32.94,32.94,32.88,32.9,32.9,32.94,,32.9,,,20,657.0,7,F1,1,,,,,
2025-08-07,2025-08-07,CM,BSE,STK,505850,INE545L01039,MANCREDIT,B,,,,,MANGAL CREDIT AND FINCORP LTD.,183.15,190.0,177.25,179.6,179.25,181.5,,180.24,,,13269,2450572.0,507,F1,1,,,,,
2025-08-07,2025-08-07,CM,BSE,STK,505854,INE391D01019,TRF,B,,,,,TRF LTD.,330.25,335.0,327.85,333.5,332.0,333.9,,333.6,,,648,214115.0,73,F1,1,,,,,
2025-08-07,2025-08-07,CM,BSE,STK,505872,INE765D01022,WPIL,B,,,,,WPIL LTD.,456.0,465.0,442.2,451.25,451.25,460.25,,451.25,,,56652,25570074.0,1975,F1,1,,,,,
2025-08-07,2025-08-07,CM,BSE,STK,505890,INE717A01029,KENNAMET,B,,,,,KENNAMETAL INDIA LTD.,2085.0,2131.6,2030.0,2056.75,2079.0,2100.0,,2056.75,,,1974,4093264.0,291,F1,1,,,,,
2025-08-07,2025-08-07,CM,BSE,STK,505893,INE724D01011,HINDHARD,XT,,,,,HINDUSTAN HARDY LIMITED,995.7,1009.95,970.0,980.6,980.6,995.7,,980.6,,,531,528547.0,37,F1,1,,,,,
2025-08-07,2025-08-07,CM,BSE,STK,505978,INE440G01017,TRITONV,X,,,,,TRITON VALVES LTD.,2698.0,2698.0,2600.0,2653.1,2653.1,2698.0,,2653.1,,,571,1501602.0,56,F1,1,,,,,
2025-08-07,2025-08-07,CM,BSE,STK,506003,INE618D01015,SUDAI,XT,,,,,SUDAL INDUSTRIES LTD.,85.71,85.71,85.71,85.71,85.71,87.45,,85.71,,,1344,115194.0,12,F1,1,,,,,
2025-08-07,2025-08-07,CM,BSE,STK,506022,INE603A01013,PRAKASH,A,,,,,PRAKASH INDUSTRIES LTD.,185.0,187.0,180.75,185.45,185.9,185.8,,185.43,,,173404,31915226.0,2140,F1,1,,,,,
2025-08-07,2025-08-07,CM,BSE,STK,506076,INE536A01023,GRINDWELL,A,,,,,GRINDWELL NORTON LTD.,1482.0,1500.0,1465.0,1497.65,1495.2,1487.2,,1495.2,,,1358,2012149.0,183,F1,1,,,,,
2025-08-07,2025-08-07,CM,BSE,STK,506079,INE651C01018,LAKPRE,Z,,,,,LAKSHMI PRECISION SCREWS LTD.,6.37,6.37,6.37,6.37,6.37,6.37,,6.34,,,5,31.0,1,F1,1,,,,,
2025-08-07,2025-08-07,CM,BSE,STK,506105,INE441L01015,STANROS,X,,,,,STANROSE MAFATLAL INVESTMENTS,68.01,70.95,68.01,70.0,70.0,70.15,,70.0,,,124,8458.0,6,F1,1,,,,,
2025-08-07,2025-08-07,CM,BSE,STK,506109,INE727B01026,GENESYS,B,,,,,GENESYS INTERNATIONAL CORPORAT,559.0,576.25,555.55,571.05,575.35,560.25,,570.25,,,9210,5228656.0,600,F1,1,,,,,
2025-08-07,2025-08-07,CM,BSE,STK,506122,INE820M01018,VOLKAI,X,,,,,Kairosoft AI Solutions Limited,152.25,152.25,152.25,152.25,152.25,145.0,,152.25,,,1565,238271.0,49,F1,1,,,,,
2025-08-07,2025-08-07,CM,BSE,STK,506128,INE383L01019,PARNAXLAB,X,,,,,PARNAX LAB LTD.,120.45,125.85,120.45,121.8,122.9,122.85,,121.8,,,3182,390683.0,64,F1,1,,,,,
2025-08-07,2025-08-07,CM,BSE,STK,506134,INE512D01028,GOURMET,X,,,,,GOURMET GATEWAY INDIA LIMITED,15.65,16.0,15.65,15.94,15.95,15.95,,15.94,,,2887,45704.0,65,F1,1,,,,,
2025-08-07,2025-08-07,CM,BSE,STK,506146,INE370E01029,VIVIDHA,B,,,,,VISAGAR POLYTEX LTD.,0.79,0.8,0.77,0.78,0.79,0.79,,0.78,,,123069,96748.0,97,F1,1,,,,,
2025-08-07,2025-08-07,CM,BSE,STK,506180,INE668L01013,EMERGENT,XT,,,,,EMERGENT INDUSTRIAL SOLUTIONS,826.05,826.05,826.05,826.05,826.05,842.9,,826.05,,,6,4956.0,4,F1,1,,,,,
2025-08-07,2025-08-07,CM,BSE,STK,506184,INE879E01037,KANANIIND,B,,,,,KANANI INDUSTRIES LTD.,2.0,2.05,1.99,2.0,2.0,2.03,,1.99,,,45352,91248.0,98,F1,1,,,,,
2025-08-07,2025-08-07,CM,BSE,STK,506186,INE403B01016,GCKL,XT,,,,,GALAXY CLOUD KITCHENS LIMITED,18.73,19.27,17.45,18.98,18.98,18.36,,18.98,,,126005,2246342.0,146,F1,1,,,,,
2025-08-07,2025-08-07,CM,BSE,STK,506194,INE643K01018,ARIHANTSUP,B,,,,,ARIHANT SUPERSTRUCTURES LIMITE,412.0,420.0,411.9,420.0,418.45,418.0,,420.55,,,525,219762.0,39,F1,1,,,,,
2025-08-07,2025-08-07,CM,BSE,STK,506197,INE416D01022,BLISSGVS,B,,,,,BLISS GVS PHARMA LTD.,172.5,180.1,171.6,176.9,178.5,173.7,,176.89,,,101557,17888790.0,2489,F1,1,,,,,
2025-08-07,2025-08-07,CM,BSE,STK,506222,INE189B01011,STYRENIX,A,,,,,Styrenix Performance Materials,2859.95,2859.95,2766.6,2805.35,2829.0,2854.35,,2811.4,,,2223,6226009.0,490,F1,1,,,,,
2025-08-07,2025-08-07,CM,BSE,STK,506235,INE426A01027,ALEMBICLTD,B,,,,,ALEMBIC LTD.,107.8,110.1,106.1,108.1,108.45,109.05,,108.44,,,48098,5206222.0,668,F1,1,,,,,
2025-08-07,2025-08-07,CM,BSE,STK,506248,INE275D01022,AMNPLST,B,,,,,AMINES & PLASTICIZERS LTD.,210.0,213.5,208.1,211.75,212.25,212.65,,212.73,,,731,154436.0,56,F1,1,,,,,
2025-08-07,2025-08-07,CM,BSE,STK,506260,INE489G01022,ANUHPHR,B,,,,,ANUH PHARMA LTD.,91.51,91.79,89.95,90.86,91.19,92.24,,90.55,,,29503,2666289.0,312,F1,1,,,,,
2025-08-07,2025-08-07,CM,BSE,STK,506261,INE737D01021,MODISONLTD,B,,,,,MODISON LIMITED,153.1,161.4,153.1,159.0,159.4,162.25,,159.03,,,8069,1270920.0,264,F1,1,,,,,
2025-08-07,2025-08-07,CM,BSE,STK,506285,INE462A01022,BAYERCROP,A,,,,,BAYER CROPSCIENCE LTD.,6009.55,6009.6,5615.0,5674.35,5700.0,6009.55,,5677.5,,,7381,42051117.0,2047,F1,1,,,,,
2025-08-07,2025-08-07,CM,BSE,STK,506365,INE320M01019,CHEMOPH,X,,,,,CHEMO PHARMA LABORATORIES LTD.,139.75,146.65,133.05,143.6,143.6,139.75,,143.6,,,293,41628.0,16,F1,1,,,,,
2025-08-07,2025-08-07,CM,BSE,STK,506390,INE492A01029,HEUBACHIND,B,,,,,Heubach Colorants India Limite,592.75,592.75,590.2,591.4,591.5,590.15,,591.0,,,143,84557.0,12,F1,1,,,,,
2025-08-07,2025-08-07,CM,BSE,STK,506395,INE169A01031,COROMANDEL,A,,,,,COROMANDEL INTERNATIONAL LTD.,2547.65,2547.65,2440.55,2447.6,2445.0,2502.7,,2446.6,,,5831,14393303.0,737,F1,1,,,,,
2025-08-07,2025-08-07,CM,BSE,STK,506401,INE288B01029,DEEPAKNTR,A,,,,,DEEPAK NITRITE LTD.,1800.0,1830.0,1794.65,1824.9,1824.9,1813.45,,1824.2,,,14671,26477400.0,2308,F1,1,,,,,
2025-08-07,2025-08-07,CM,BSE,STK,506405,INE505A01010,DMCC,B,,,,,DMCC SPECIALITY CHEMICALS LIMI,291.0,301.45,289.95,298.8,299.1,294.45,,298.2,,,2998,881284.0,201,F1,1,,,,,
2025-08-07,2025-08-07,CM,BSE,STK,506414,INE225B01021,FERMENTA,XT,,,,,FERMENTA BIOTECH LIMITED,345.75,345.75,345.75,345.75,345.75,352.8,,345.75,,,7465,2581023.0,49,F1,1,,,,,
2025-08-07,2025-08-07,CM,BSE,STK,506480,INE077F01035,GOCLCORP,B,,,,,GOCL Corporation Limited,342.25,342.6,333.6,340.3,338.8,344.1,,340.05,,,6985,2369730.0,410,F1,1,,,,,
2025-08-07,2025-08-07,CM,BSE,STK,506520,INE693E01016,JAYCH,X,,,,,JAYSHREE CHEMICALS LTD.,7.51,7.95,7.32,7.84,7.85,7.51,,7.84,,,18833,141871.0,90,F1,1,,,,,
2025-08-07,2025-08-07,CM,BSE,STK,506525,INE138C01024,KANORICHEM,B,,,,,KANORIA CHEMICALS & INDUSTRIES,87.14,89.95,87.14,88.3,88.15,88.24,,88.04,,,1604,141633.0,116,F1,1,,,,,
2025-08-07,2025-08-07,CM,BSE,STK,506528,INE881E01017,KELENRG,XT,,,,,KELTECH ENERGIES LTD.,4111.0,4167.75,4086.0,4165.15,4167.75,4174.95,,4165.15,,,163,670678.0,41,F1,1,,,,,
2025-08-07,2025-08-07,CM,BSE,STK,506530,INE060E01018,KEMP,X,,,,,KEMP & COMPANY LTD.,1530.8,1530.8,1530.8,1530.8,1530.8,1538.0,,1530.8,,,1,1530.0,1,F1,1,,,,,
2025-08-07,2025-08-07,CM,BSE,STK,506532,INE265B01019,NITTAGELA,X,,,,,NITTA GELATIN INDIA LTD.,860.0,860.0,845.0,849.4,849.95,860.6,,849.4,,,1722,1466138.0,171,F1,1,,,,,
2025-08-07,2025-08-07,CM,BSE,STK,506543,INE468C01017,MPAGI,X,,,,,M.P.AGRO INDUSTRIES LTD.,10.45,10.45,10.45,10.45,10.45,10.49,,10.45,,,11,114.0,2,F1,1,,,,,
2025-08-07,2025-08-07,CM,BSE,STK,506579,INE321D01016,AGVENTURES,T,,,,,AG VENTURES LIMITED,184.0,184.0,179.75,179.75,179.75,189.2,,179.75,,,12515,2250353.0,349,F1,1,,,,,
2025-08-07,2025-08-07,CM,BSE,STK,506590,INE602A01031,PCBL,A,,,,,PCBL Chemical Limited,384.45,388.0,377.5,384.9,386.1,384.5,,384.45,,,41828,15978795.0,1656,F1,1,,,,,
2025-08-07,2025-08-07,CM,BSE,STK,506597,INE841D01013,AMAL,X,,,,,AMAL LTD.,1009.0,1020.0,985.0,1007.15,1007.15,995.25,,1007.15,,,16573,16504117.0,769,F1,1,,,,,
2025-08-07,2025-08-07,CM,BSE,STK,506605,INE752B01024,POLYCHEM,X,,,,,POLYCHEM LTD.,2748.0,2974.0,2680.6,2929.35,2929.35,2609.3,,2929.35,,,2321,6670963.0,312,F1,1,,,,,
2025-08-07,2025-08-07,CM,BSE,STK,506618,INE277B01014,PUNJABCHEM,B,,,,,PUNJAB CHEMICALS AND CROP PROT,1320.05,1354.2,1299.4,1329.3,1330.0,1350.25,,1331.7,,,5828,7715629.0,569,F1,1,,,,,
2025-08-07,2025-08-07,CM,BSE,STK,506640,INE218N01021,ZR2,X,,,,,ZR2 BIOENERGY LIMITED,433.95,433.95,376.05,407.95,410.0,394.95,,407.95,,,707,288183.0,21,F1,1,,,,,
2025-08-07,2025-08-07,CM,BSE,STK,506642,INE888C01040,SADHNANIQ,T,,,,,SADHANA NITROCHEM LTD.,6.54,6.54,6.54,6.54,6.54,6.67,,6.54,,,233722,1528541.0,95,F1,1,,,,,
2025-08-07,2025-08-07,CM,BSE,STK,506655,INE659A01023,SUDARSCHEM,A,,,,,SUDARSHAN CHEMICAL INDUSTRIES,1447.8,1464.65,1423.75,1457.15,1452.7,1448.3,,1458.5,,,6225,9003812.0,421,F1,1,,,,,
2025-08-07,2025-08-07,CM,BSE,STK,506680,INE014B01011,TECILCHEM,T,,,,,TECIL CHEMICALS & HYDRO POWER,18.56,18.56,18.56,18.56,18.56,18.93,,18.53,,,253,4695.0,7,F1,1,,,,,
2025-08-07,2025-08-07,CM,BSE,STK,506685,INE405A01021,ULTRAMAR,B,,,,,ULTRAMARINE & PIGMENTS LTD.,525.6,532.45,497.95,519.8,519.8,535.65,,519.8,,,93499,47964303.0,2156,F1,1,,,,,
2025-08-07,2025-08-07,CM,BSE,STK,506687,INE687A01016,TRANSPEK,X,,,,,TRANSPEK INDUSTRY LTD.,1619.8,1640.0,1534.0,1548.65,1548.65,1615.05,,1548.65,,,7604,12100830.0,341,F1,1,,,,,
2025-08-07,2025-08-07,CM,BSE,STK,506690,INE351A01035,UNICHEMLAB,B,,,,,UNICHEM LABORATORIES LTD.,522.05,531.9,516.0,519.6,526.6,534.35,,519.15,,,1529,796966.0,136,F1,1,,,,,
2025-08-07,2025-08-07,CM,BSE,STK,506734,INE741A01011,MYSORPETRO,X,,,,,MYSORE PETRO CHEMICALS LTD.,126.4,126.45,122.2,122.6,122.25,126.7,,122.6,,,480,59593.0,73,F1,1,,,,,
2025-08-07,2025-08-07,CM,BSE,STK,506767,INE150B01039,ALKYLAMINE,A,,,,,ALKYL AMINES CHEMICALS LTD.,2121.05,2182.95,2075.0,2111.55,2087.0,2157.65,,2108.5,,,8786,18654772.0,1401,F1,1,,,,,
2025-08-07,2025-08-07,CM,BSE,STK,506808,INE400A01014,TUTIALKA,B,,,,,TUTICORIN ALKALI CHEMICALS AND,79.99,81.8,79.51,80.15,80.15,80.03,,80.15,,,10606,853168.0,131,F1,1,,,,,
2025-08-07,2025-08-07,CM,BSE,STK,506820,INE203A01020,ASTRAZEN,A,,,,,ASTRAZENECA PHARMA INDIA LTD.,8756.15,8790.55,8675.0,8728.5,8728.5,8833.4,,8724.0,,,685,5979411.0,176,F1,1,,,,,
2025-08-07,2025-08-07,CM,BSE,STK,506852,INE607A01022,PRIMO,B,,,,,Primo Chemicals Limited,26.67,27.4,26.14,26.97,27.4,26.67,,26.94,,,39828,1058387.0,319,F1,1,,,,,
2025-08-07,2025-08-07,CM,BSE,STK,506854,INE639B01015,TANFACIND,B,,,,,TANFAC INDUSTRIES LTD.,4035.5,4125.0,4022.05,4087.2,4100.0,4065.9,,4087.2,,,4492,18272117.0,818,F1,1,,,,,
2025-08-07,2025-08-07,CM,BSE,STK,506858,INE636P01011,GUJPETR,X,,,,,GUJARAT PETROSYNTHESE LTD.,63.0,63.0,60.05,60.55,60.75,63.0,,60.55,,,412,24985.0,19,F1,1,,,,,
2025-08-07,2025-08-07,CM,BSE,STK,506863,INE716M01034,SWADEIN,XT,,,,,SWADESHI INDUSTRIES LEASING CO,40.58,40.58,40.58,40.58,40.58,39.79,,40.58,,,10008,406124.0,25,F1,1,,,,,
2025-08-07,2025-08-07,CM,BSE,STK,506879,INE942C01045,GUJTHEM,B,,,,,GUJARAT THEMIS BIOSYN LTD.,350.0,361.45,348.0,356.15,356.15,354.8,,354.1,,,11317,4021602.0,604,F1,1,,,,,
2025-08-07,2025-08-07,CM,BSE,STK,506919,INE987A01010,MAKERSL,X,,,,,MAKERS LABORATORIES LTD.,153.0,157.0,145.05,155.6,157.0,148.1,,155.6,,,1188,178327.0,43,F1,1,,,,,
2025-08-07,2025-08-07,CM,BSE,STK,506943,INE572A01036,JBCHEPHARM,A,,,,,J.B.CHEMICALS & PHARMACEUTICAL,1655.0,1690.8,1653.9,1688.5,1690.65,1658.9,,1689.4,,,22454,37485178.0,192,F1,1,,,,,
2025-08-07,2025-08-07,CM,BSE,STK,506975,INE374C01017,RAJSPTR,P,,,,,RAJASTHAN PETRO SYNTHETICS LTD,11.76,11.76,11.76,11.76,11.76,12.37,,11.76,,,500,5880.0,4,F1,100,,,,,
2025-08-07,2025-08-07,CM,BSE,STK,506979,INE046E01025,APTPACK,XT,,,,,APT PACKAGING LTD.,70.0,75.87,68.65,74.16,74.95,72.26,,74.16,,,1212,87333.0,17,F1,1,,,,,
2025-08-07,2025-08-07,CM,BSE,STK,506981,INE472D01017,BLUECHIPT,X,,,,,BLUE CHIP TEX INDUSTRIES LTD.,145.0,145.0,140.25,142.0,142.0,148.0,,142.0,,,943,133348.0,35,F1,1,,,,,
2025-08-07,2025-08-07,CM,BSE,STK,507155,INE574A01016,JAGAJITIND,X,,,,,JAGATJIT INDUSTRIES LTD.,189.85,190.5,186.15,188.85,189.6,189.85,,188.85,,,4657,878022.0,126,F1,1,,,,,
2025-08-07,2025-08-07,CM,BSE,STK,507180,INE133B01019,KESARENT,XT,,,,,KESAR ENTERPRISES LTD.,106.0,106.95,105.0,106.8,106.9,101.9,,106.8,,,7537,804103.0,131,F1,1,,,,,
2025-08-07,2025-08-07,CM,BSE,STK,507205,INE133E01013,TI,A,,,,,TILAKNAGAR INDUSTRIES LTD.,489.7,494.4,470.75,482.35,482.35,486.55,,482.2,,,124014,59739334.0,1938,F1,1,,,,,
2025-08-07,2025-08-07,CM,BSE,STK,507265,INE044N01021,EMERALL,X,,,,,Emerald Leisures Limited,243.6,243.6,220.4,220.4,220.4,232.0,,220.4,,,4557,1009650.0,33,F1,1,,,,,
2025-08-07,2025-08-07,CM,BSE,STK,507300,INE615A01025,RAVALSUGAR,X,,,,,The Ravalgaon Sugar Farm Limit,1060.15,1089.95,1045.0,1089.95,1089.95,1060.1,,1089.95,,,56,59336.0,7,F1,1,,,,,
2025-08-07,2025-08-07,CM,BSE,STK,507315,INE623A01011,SAKHTISUG,B,,,,,SAKTHI SUGARS LTD.,23.0,23.02,22.27,22.86,22.98,23.12,,22.84,,,8965,203243.0,121,F1,1,,,,,
2025-08-07,2025-08-07,CM,BSE,STK,507410,INE711A01022,WALCHANNAG,T,,,,,WALCHANDNAGAR INDUSTRIES LTD.,181.0,189.0,181.0,184.95,185.7,184.75,,183.84,,,16157,2974190.0,274,F1,1,,,,,
2025-08-07,2025-08-07,CM,BSE,STK,507438,INE076C01018,IFBAGRO,T,,,,,IFB AGRO INDUSTRIES LTD.,879.7,879.7,807.3,811.9,810.1,849.75,,811.7,,,683,556946.0,32,F1,1,,,,,
2025-08-07,2025-08-07,CM,BSE,STK,507474,INE991B01010,KFBL,X,,,,,KOTHARI FERMENTATION & BIOCHEM,67.07,67.07,63.5,64.28,64.28,65.66,,64.28,,,15215,995942.0,159,F1,1,,,,,
2025-08-07,2025-08-07,CM,BSE,STK,507486,INE470N01010,CAPRO,X,,,,,CAPROLACTAM CHEMICALS LTD.,43.0,43.0,42.01,42.01,42.01,43.01,,42.01,,,601,25294.0,3,F1,1,,,,,
2025-08-07,2025-08-07,CM,BSE,STK,507488,INE075D01018,GMBREW,B,,,,,G.M.BREWERIES LTD.,675.0,692.45,675.0,686.1,689.1,684.1,,686.45,,,1557,1067602.0,134,F1,1,,,,,
2025-08-07,2025-08-07,CM,BSE,STK,507490,INE625B01014,RANASUG,B,,,,,RANA SUGARS LTD.,14.01,14.14,13.84,14.07,14.1,14.01,,14.06,,,20905,292295.0,164,F1,1,,,,,
2025-08-07,2025-08-07,CM,BSE,STK,507498,INE544C01023,PICCASUG,X,,,,,PICCADILY SUGAR & ALLIED INDUS,49.49,51.0,47.2,47.79,47.79,48.32,,47.79,,,8744,422314.0,154,F1,1,,,,,
2025-08-07,2025-08-07,CM,BSE,STK,507514,INE480C01038,SDBL,B,,,,,SOM DISTILLERIES & BREWERIES L,151.3,153.45,146.5,150.65,150.65,153.55,,150.4,,,62520,9382895.0,883,F1,1,,,,,
2025-08-07,2025-08-07,CM,BSE,STK,507515,INE557D01015,CJGEL,X,,,,,C.J.GELATINE PRODUCTS LTD.,16.33,17.14,16.33,16.8,16.8,16.33,,16.8,,,1310,22258.0,6,F1,1,,,,,
2025-08-07,2025-08-07,CM,BSE,STK,507526,INE073G01016,ASALCBR,B,,,,,ASSOCIATED ALCOHOLS & BREWERIE,1018.55,1047.1,1015.0,1032.35,1040.0,1035.85,,1033.3,,,3935,4053336.0,351,F1,1,,,,,
2025-08-07,2025-08-07,CM,BSE,STK,507552,INE976E01023,FOODSIN,T,,,,,FOODS & INNS LTD.,101.4,102.35,97.85,98.05,98.05,102.95,,98.8,,,10160,1002754.0,155,F1,1,,,,,
2025-08-07,2025-08-07,CM,BSE,STK,507580,INE043C01018,IVP,B,,,,,IVP LTD.,174.5,174.65,171.5,174.4,174.4,173.55,,172.83,,,1473,254330.0,100,F1,1,,,,,
2025-08-07,2025-08-07,CM,BSE,STK,507598,INE014E01015,KLRFM,XT,,,,,KOVILPATTI LAKSHMI ROLLER FLOU,125.4,129.95,118.7,123.85,126.4,124.8,,123.85,,,3538,433799.0,37,F1,1,,,,,
2025-08-07,2025-08-07,CM,BSE,STK,507621,INE588G01021,MLKFOOD,X,,,,,MILKFOOD LTD.,79.5,80.89,76.0,76.89,77.09,79.41,,76.89,,,8206,641024.0,130,F1,1,,,,,
2025-08-07,2025-08-07,CM,BSE,STK,507645,INE339F01021,POLSON,X,,,,,POLSON LTD.,12150.0,12578.0,12150.0,12578.0,12578.0,12260.0,,12578.0,,,18,219705.0,4,F1,1,,,,,
2025-08-07,2025-08-07,CM,BSE,STK,507685,INE075A01022,WIPRO,A,,,,,WIPRO LTD.,239.8,243.15,238.55,242.45,242.45,240.0,,242.33,,,317105,76230169.0,9233,F1,1,,,,,
2025-08-07,2025-08-07,CM,BSE,STK,507690,INE247F01018,ORIBEVER,X,,,,,ORIENT BEVERAGES LTD.,217.55,217.55,212.0,214.0,214.0,217.55,,214.0,,,276,59270.0,17,F1,1,,,,,
2025-08-07,2025-08-07,CM,BSE,STK,507717,INE435G01025,DHANUKA,B,,,,,DHANUKA AGRITECH LTD.,1590.0,1604.35,1565.0,1581.45,1572.95,1615.25,,1583.2,,,4672,7407877.0,747,F1,1,,,,,
2025-08-07,2025-08-07,CM,BSE,STK,507747,INE910C01018,TTKHLTCARE,B,,,,,TTK HEALTHCARE LTD.,1129.8,1129.8,1115.0,1126.15,1126.4,1118.7,,1131.1,,,218,245134.0,72,F1,1,,,,,
2025-08-07,2025-08-07,CM,BSE,STK,507753,INE284B01028,TGVSL,B,,,,,TGV SRAAC Limited,111.0,113.05,108.6,109.6,109.6,111.35,,109.6,,,140922,15534630.0,1087,F1,1,,,,,
2025-08-07,2025-08-07,CM,BSE,STK,507759,INE891G01011,LIMECHM,X,,,,,LIME CHEMICALS LTD.,17.25,17.25,17.25,17.25,17.25,17.29,,17.25,,,4,69.0,2,F1,1,,,,,
2025-08-07,2025-08-07,CM,BSE,STK,507779,INE694E01014,KANPRPLA,T,,,,,KANPUR PLASTIPACK LTD.,197.2,208.0,197.2,205.0,205.0,204.8,,199.0,,,1611,331254.0,11,F1,1,,,,,
2025-08-07,2025-08-07,CM,BSE,STK,507785,INE123C01018,TAINWALCHM,B,,,,,TAINWALA CHEMICALS & PLASTICS,237.8,237.8,224.85,231.6,231.6,237.85,,232.83,,,1351,312897.0,100,F1,1,,,,,
2025-08-07,2025-08-07,CM,BSE,STK,507789,INE048B01035,JAGSNPHARM,B,,,,,JAGSONPAL PHARMACEUTICALS LTD.,266.5,272.6,262.0,267.85,269.2,269.15,,268.1,,,8205,2188097.0,459,F1,1,,,,,
2025-08-07,2025-08-07,CM,BSE,STK,507794,INE745B01028,KHAICHEM,T,,,,,KHAITAN CHEMICALS & FERTILIZER,104.75,104.75,104.75,104.75,104.75,106.85,,104.75,,,2181,228459.0,10,F1,1,,,,,
2025-08-07,2025-08-07,CM,BSE,STK,507813,INE296D01010,NOL,X,,,,,NATIONAL OXYGEN LTD.,136.0,136.45,130.25,131.0,131.0,136.2,,131.0,,,768,101003.0,39,F1,1,,,,,
2025-08-07,2025-08-07,CM,BSE,STK,507815,INE322A01010,GILLETTE,A,,,,,GILLETTE INDIA LTD.,10566.75,10772.95,10500.05,10647.7,10626.3,10649.55,,10649.0,,,1648,17528681.0,553,F1,1,,,,,
2025-08-07,2025-08-07,CM,BSE,STK,507817,INE469D01013,WIREFABR,XT,,,,,WIRES & FABRIKS (SA) LTD.,243.95,243.95,241.0,241.0,241.0,248.7,,241.0,,,2,484.0,2,F1,1,,,,,
2025-08-07,2025-08-07,CM,BSE,STK,507828,INE880B01015,ANSALHSG,X,,,,,ANSAL HOUSING LIMITED,9.99,10.12,9.75,10.0,10.0,9.99,,10.0,,,26658,265733.0,108,F1,1,,,,,
2025-08-07,2025-08-07,CM,BSE,STK,507833,INE607B01012,COMPUPN,X,,,,,COMPUTER POINT LTD.,5.05,5.45,5.05,5.43,5.44,5.29,,5.43,,,9506,49675.0,72,F1,1,,,,,
2025-08-07,2025-08-07,CM,BSE,STK,507836,INE435D01014,MCCHRLS-B,X,,,,,MAC CHARLES (INDIA) LTD.,735.0,775.0,693.0,703.6,702.0,702.35,,703.6,,,982,704138.0,120,F1,1,,,,,
2025-08-07,2025-08-07,CM,BSE,STK,507852,INE757C01021,ADDIND,XT,,,,,ADDI INDUSTRIES LTD.,118.35,124.8,118.35,121.85,121.85,118.95,,121.85,,,1643,200723.0,39,F1,1,,,,,
2025-08-07,2025-08-07,CM,BSE,STK,507864,INE746D01014,PIONRINV,X,,,,,PIONEER INVESTCORP LTD.,66.99,69.06,61.05,69.06,69.06,57.55,,69.06,,,18583,1246162.0,146,F1,1,,,,,
2025-08-07,2025-08-07,CM,BSE,STK,507872,INE372I01018,ASHNOOR,X,,,,,ASHNOOR TEXTILE MILLS LTD.,47.0,47.0,44.01,44.17,44.15,45.8,,44.17,,,4433,200443.0,61,F1,1,,,,,
2025-08-07,2025-08-07,CM,BSE,STK,507878,INE694A01020,UNITECH,Z,,,,,UNITECH LTD.,7.0,7.07,6.65,6.95,6.95,6.99,,6.94,,,1129126,7721155.0,1137,F1,1,,,,,
2025-08-07,2025-08-07,CM,BSE,STK,507880,INE054A01027,VIPIND,A,,,,,V.I.P.INDUSTRIES LTD.,429.75,455.85,423.3,450.1,448.9,441.55,,450.1,,,47783,21130273.0,2084,F1,1,,,,,
2025-08-07,2025-08-07,CM,BSE,STK,507910,INE296C01020,FIBERWEB,B,,,,,FIBERWEB (INDIA) LTD.,47.78,49.0,46.26,48.95,48.95,47.8,,48.29,,,3173,150567.0,116,F1,1,,,,,
2025-08-07,2025-08-07,CM,BSE,STK,507912,INE724A01017,LKPFIN,X,,,,,LKP FINANCE LIMITED,552.6,552.6,530.0,542.6,533.6,552.6,,542.6,,,1935,1051399.0,41,F1,1,,,,,
2025-08-07,2025-08-07,CM,BSE,STK,507917,INE706N01017,EASTBUILD,XT,,,,,EAST BUILDTECH LTD.,59.22,59.22,59.22,59.22,59.22,59.22,,59.22,,,1,59.0,1,F1,1,,,,,
2025-08-07,2025-08-07,CM,BSE,STK,507944,INE704G01024,BAJAJST,B,,,,,BAJAJ STEEL INDUSTRIES LTD.,549.0,549.0,490.0,510.0,510.0,539.1,,510.0,,,87976,44589840.0,2943,F1,1,,,,,
2025-08-07,2025-08-07,CM,BSE,STK,507946,INE845A01028,KIDUJA,XT,,,,,KIDUJA INDIA LTD.,23.16,23.16,23.16,23.16,23.16,23.63,,23.16,,,1085,25128.0,12,F1,1,,,,,
2025-08-07,2025-08-07,CM,BSE,STK,507948,INE130F01016,KEYCORP,XT,,,,,KEY CORP LTD.,130.5,130.5,127.9,127.9,127.9,130.5,,127.9,,,619,79948.0,16,F1,1,,,,,
2025-08-07,2025-08-07,CM,BSE,STK,507960,INE621C01011,GUJHOTE,X,,,,,GUJARAT HOTELS LTD.,279.0,279.05,268.3,276.8,278.9,275.05,,276.8,,,1030,284307.0,63,F1,1,,,,,
2025-08-07,2025-08-07,CM,BSE,STK,507962,INE455H01013,FYNX,XT,,,,,FYNX CAPITAL LIMITED,31.51,31.51,31.51,31.51,31.51,32.15,,31.51,,,1834,57789.0,11,F1,1,,,,,
2025-08-07,2025-08-07,CM,BSE,STK,507966,INE651D01016,RASRESOR,X,,,,,RAS RESORTS & APART HOTELS LTD,42.35,42.35,39.0,41.5,41.5,41.39,,41.5,,,21,855.0,8,F1,1,,,,,
2025-08-07,2025-08-07,CM,BSE,STK,507970,INE143I01013,PARMCOS-B,X,,,,,PARAMOUNT COSMETICS (INDIA) LT,39.0,39.0,39.0,39.0,39.0,39.0,,39.0,,,160,6240.0,5,F1,1,,,,,
2025-08-07,2025-08-07,CM,BSE,STK,507981,INE726D01016,JINDHOT,X,,,,,JINDAL HOTELS LTD.,87.8,87.8,85.0,85.0,85.0,84.66,,85.0,,,162,13774.0,12,F1,1,,,,,
2025-08-07,2025-08-07,CM,BSE,STK,507984,INE358F01013,SERIND,XT,,,,,SER INDUSTRIES LTD.,168.85,168.85,162.3,162.3,162.3,165.55,,162.3,,,541,91341.0,6,F1,1,,,,,
2025-08-07,2025-08-07,CM,BSE,STK,507998,INE657D01021,SIMMOND,X,,,,,SIMMONDS MARSHALL LTD.,132.0,132.0,127.5,129.2,128.7,132.1,,129.2,,,3183,412207.0,74,F1,1,,,,,
2025-08-07,2025-08-07,CM,BSE,STK,508486,INE979B01015,HAWKINCOOK,B,,,,,HAWKINS COOKERS LTD.,8945.55,8945.55,8548.95,8697.95,8700.0,8997.2,,8697.95,,,9194,80454121.0,1296,F1,1,,,,,
2025-08-07,2025-08-07,CM,BSE,STK,508494,INE712A01012,WARRENTEA,X,,,,,WARREN TEA LTD.,56.4,56.4,54.54,55.0,55.0,55.02,,55.0,,,1984,109099.0,35,F1,1,,,,,
2025-08-07,2025-08-07,CM,BSE,STK,508571,INE788M01017,COCHMAL,X,,,,,COCHIN MALABAR ESTATES & INDUS,159.0,166.8,156.0,159.4,159.7,168.7,,159.4,,,119,18779.0,18,F1,1,,,,,
2025-08-07,2025-08-07,CM,BSE,STK,508664,INE553F01035,BESTEAST,X,,,,,BEST EASTERN HOTELS LTD.,14.51,15.6,14.26,15.24,15.0,14.81,,15.24,,,2235,34331.0,31,F1,1,,,,,
2025-08-07,2025-08-07,CM,BSE,STK,508670,INE605D01012,NEAGI,X,,,,,NEELAMALAI AGRO INDUSTRIES LTD,3755.0,3755.0,3410.0,3511.0,3511.0,3545.2,,3511.0,,,92,341059.0,9,F1,1,,,,,
2025-08-07,2025-08-07,CM,BSE,STK,508807,INE684B01029,ISTLTD,B,,,,,IST LTD.,900.0,918.0,846.2,869.9,875.0,895.5,,869.9,,,1004,881526.0,117,F1,1,,,,,
2025-08-07,2025-08-07,CM,BSE,STK,508814,INE757A01017,COSMOFIRST,B,,,,,Cosmo First Limited,1050.35,1062.0,1003.45,1035.2,1036.55,1065.25,,1036.2,,,9607,9821994.0,884,F1,1,,,,,
2025-08-07,2025-08-07,CM,BSE,STK,508869,INE437A01024,APOLLOHOSP,A,,,,,APOLLO HOSPITALS ENTERPRISE LT,7175.5,7204.65,7056.0,7178.65,7176.25,7187.45,,7170.0,,,2343,16702754.0,964,F1,1,,,,,
2025-08-07,2025-08-07,CM,BSE,STK,508875,INE861H01020,NITINCAST,X,,,,,Nitin Castings Limited,617.25,647.85,602.1,616.65,644.7,617.25,,616.65,,,97,60031.0,15,F1,1,,,,,
2025-08-07,2025-08-07,CM,BSE,STK,508905,INE641A01013,NEXOME,XT,,,,,NEXOME CAPITAL MARKETS LIMITED,125.1,125.1,125.1,125.1,125.1,122.65,,125.1,,,471,58922.0,8,F1,1,,,,,
2025-08-07,2025-08-07,CM,BSE,STK,508906,INE295A01018,EVERESTIND,T,,,,,EVEREST INDUSTRIES LTD.,520.5,532.8,503.0,513.9,527.95,520.3,,514.2,,,1264,645808.0,36,F1,1,,,,,
2025-08-07,2025-08-07,CM,BSE,STK,508918,INE791H01011,IRONWOOD,X,,,,,IRONWOOD EDUCATION LIMITED,39.7,43.99,39.01,43.24,43.35,40.12,,43.24,,,4726,192539.0,24,F1,1,,,,,
2025-08-07,2025-08-07,CM,BSE,STK,508922,INE331L01026,MSRINDIA,XT,,,,,MSR INDIA LTD.,3.26,3.26,3.26,3.26,3.26,3.32,,3.26,,,8753,28534.0,46,F1,1,,,,,
2025-08-07,2025-08-07,CM,BSE,STK,508929,INE433O01024,AIRLTD,XT,,,,,AVISHKAR INFRA REALTY LIMITED,202.0,202.0,202.0,202.0,202.0,198.05,,202.0,,,3180,642360.0,4,F1,1,,,,,
2025-08-07,2025-08-07,CM,BSE,STK,508933,INE193B01039,AYMSYNTEX,B,,,,,AYM Syntex Limited,203.25,204.15,198.0,199.1,198.0,205.65,,198.3,,,1578,314907.0,125,F1,1,,,,,
2025-08-07,2025-08-07,CM,BSE,STK,508941,INE013E01017,PANCARBON,X,,,,,PANASONIC CARBON INDIA CO.LTD.,490.0,492.6,478.0,480.25,480.1,486.3,,480.25,,,3455,1666243.0,115,F1,1,,,,,
2025-08-07,2025-08-07,CM,BSE,STK,508954,INE734I01027,FINKURVE,B,,,,,FINKURVE FINANCIAL SERVICES LT,112.0,113.95,103.2,107.85,107.15,111.95,,107.85,,,16224,1772808.0,169,F1,1,,,,,
2025-08-07,2025-08-07,CM,BSE,STK,508956,INE549B01016,HBLEAS,X,,,,,HB LEASING & FINANCE CO.LTD.,14.49,14.5,13.8,13.85,13.84,14.49,,13.85,,,2058,28599.0,27,F1,1,,,,,
2025-08-07,2025-08-07,CM,BSE,STK,508963,INE668Y01016,TRUSTWAVE,XT,,,,,TRUSTWAVE SECURITIES LIMITED,23.0,23.0,23.0,23.0,23.0,22.6,,23.0,,,2,46.0,1,F1,1,,,,,
2025-08-07,2025-08-07,CM,BSE,STK,508969,INE673M01029,SULABEN,X,,,,,SULABH ENGINEERS & SERVICES LT,3.42,3.49,3.34,3.42,3.4,3.42,,3.42,,,5298,18020.0,65,F1,1,,,,,
2025-08-07,2025-08-07,CM,BSE,STK,508980,INE977E01013,FRONTCAP,X,,,,,FRONTIER CAPITAL LIMITED,15.36,17.55,12.61,15.3,15.73,15.5,,15.3,,,62509,882827.0,175,F1,1,,,,,
2025-08-07,2025-08-07,CM,BSE,STK,508989,INE060A01024,NAVNETEDUL,B,,,,,NAVNEET EDUCATION LIMITED,148.3,155.0,140.6,148.7,141.9,149.7,,149.47,,,58966,8757660.0,1336,F1,1,,,,,
2025-08-07,2025-08-07,CM,BSE,STK,509009,INE218C01016,AUSOMENT,T,,,,,AUSOM ENTERPRISE LIMITED,101.35,105.75,101.35,105.5,105.5,101.35,,102.0,,,1099,113963.0,14,F1,1,,,,,
2025-08-07,2025-08-07,CM,BSE,STK,509015,INE190F01028,THAKRAL,X,,,,,THAKRAL SERVICES (INDIA) LTD.,9.94,9.94,9.0,9.64,9.64,9.04,,9.64,,,103793,940243.0,49,F1,1,,,,,
2025-08-07,2025-08-07,CM,BSE,STK,509020,INE413B01023,RUCHINFRA,T,,,,,RUCHI INFRASTRUCTURE LTD.,7.42,7.42,7.23,7.42,7.42,7.35,,7.39,,,4328,32113.0,8,F1,1,,,,,
2025-08-07,2025-08-07,CM,BSE,STK,509024,INE088E01019,GOLDLEG,XT,,,,,GOLDEN LEGAND LEASING & FINANC,12.24,12.24,12.24,12.24,12.24,11.66,,12.24,,,83374,1020497.0,34,F1,1,,,,,
2025-08-07,2025-08-07,CM,BSE,STK,509038,INE763D01019,VOLLF,X,,,,,VOLTAIRE LEASING & FINANCE LTD,10.61,10.7,10.6,10.65,10.65,10.72,,10.65,,,695,7397.0,12,F1,1,,,,,
2025-08-07,2025-08-07,CM,BSE,STK,509040,INE040F01033,NETLINK,XT,,,,,NETLINK SOLUTIONS (INDIA) LTD.,169.15,171.0,169.1,169.85,169.85,171.0,,169.85,,,2170,367714.0,17,F1,1,,,,,
2025-08-07,2025-08-07,CM,BSE,STK,509046,INE778N01016,TRILIANCE,XT,,,,,TRILIANCE POLYMERS LIMITED,53.63,53.63,53.63,53.63,53.63,53.36,,53.63,,,142,7615.0,2,F1,1,,,,,
2025-08-07,2025-08-07,CM,BSE,STK,509048,INE572G01025,LANCORHOL,B,,,,,LANCOR HOLDINGS LTD.,21.15,21.89,21.12,21.61,21.88,21.5,,21.5,,,8077,175278.0,299,F1,1,,,,,
2025-08-07,2025-08-07,CM,BSE,STK,509051,INE300B01022,INDINFO,X,,,,,INDIAN INFOTECH & SOFTWARE LTD,1.19,1.22,1.18,1.21,1.21,1.19,,1.21,,,6741722,8141997.0,1737,F1,1,,,,,
2025-08-07,2025-08-07,CM,BSE,STK,509053,INE521L01030,BANASFN,X,,,,,BANAS FINANCE LTD.,8.41,8.99,8.41,8.88,8.94,8.82,,8.88,,,7018,61391.0,112,F1,1,,,,,
2025-08-07,2025-08-07,CM,BSE,STK,509055,INE392A01021,VISAKAIND,T,,,,,VISAKA INDUSTRIES LTD.,87.0,88.45,85.5,86.07,85.65,86.8,,86.84,,,20555,1793415.0,144,F1,1,,,,,
2025-08-07,2025-08-07,CM,BSE,STK,509073,INE525B01016,HATHWAYB,X,,,,,HATHWAY BHAWANI CABLETEL & DAT,16.79,16.79,15.06,15.61,15.6,16.15,,15.61,,,3299,52244.0,41,F1,1,,,,,
2025-08-07,2025-08-07,CM,BSE,STK,509079,INE742B01025,GUFICBIO,B,,,,,GUFIC BIOSCIENCES LTD.,364.0,367.8,355.8,358.6,355.8,364.0,,360.6,,,2900,1051018.0,231,F1,1,,,,,
2025-08-07,2025-08-07,CM,BSE,STK,509084,INE107J01016,PHOTON,XT,,,,,PHOTON CAPITAL ADVISORS LTD.,104.5,110.0,104.5,110.0,110.0,110.0,,110.0,,,14,1468.0,2,F1,1,,,,,
2025-08-07,2025-08-07,CM,BSE,STK,509152,INE137I01015,GRPLTD,B,,,,,GRP LTD.,2270.0,2270.0,2134.45,2150.95,2154.0,2270.15,,2150.3,,,1538,3379281.0,456,F1,1,,,,,
2025-08-07,2025-08-07,CM,BSE,STK,509162,INE802D01023,INDAG,X,,,,,INDAG RUBBER LTD.,128.85,137.0,124.0,134.2,134.4,126.7,,134.2,,,11714,1522489.0,208,F1,1,,,,,
2025-08-07,2025-08-07,CM,BSE,STK,509196,INE159E01026,MMRUBBR-B,X,,,,,MM RUBBER COMPANY LTD.,80.14,81.95,79.75,80.87,80.87,79.82,,80.87,,,3144,253296.0,32,F1,1,,,,,
2025-08-07,2025-08-07,CM,BSE,STK,509220,INE034D01049,PTL,B,,,,,PTL ENTERPRISES LTD.,39.0,39.03,38.53,38.86,39.03,38.93,,38.88,,,6150,238327.0,165,F1,1,,,,,
2025-08-07,2025-08-07,CM,BSE,STK,509243,INE421C01016,TVSSRICHAK,B,,,,,TVS SRICHAKRA LTD.,2867.65,2877.85,2792.75,2825.15,2848.1,2890.0,,2819.0,,,523,1477526.0,153,F1,1,,,,,
2025-08-07,2025-08-07,CM,BSE,STK,509423,INE367E01033,SEL,XT,,,,,SANATHNAGAR ENTERPRISES LIMITE,42.0,45.99,42.0,42.02,42.02,43.83,,42.02,,,185,7791.0,14,F1,1,,,,,
2025-08-07,2025-08-07,CM,BSE,STK,509438,INE664D01019,BENARAS,B,,,,,BENARES HOTELS LTD.,9370.0,9487.85,8999.95,9323.2,9365.0,9379.3,,9323.2,,,265,2455292.0,111,F1,1,,,,,
2025-08-07,2025-08-07,CM,BSE,STK,509449,INE026I01010,BHAGWOX,XT,,,,,BHAGWATI OXYGEN LTD.,43.3,43.3,42.9,42.9,42.9,43.37,,42.9,,,37,1589.0,6,F1,1,,,,,
2025-08-07,2025-08-07,CM,BSE,STK,509470,INE01TL01014,BOMOXY-B1,X,,,,,BOMBAY OXYGEN INVESTMENTS LIMI,23780.0,23780.0,23780.0,23780.0,23780.0,23300.2,,23780.0,,,1,23780.0,1,F1,1,,,,,
2025-08-07,2025-08-07,CM,BSE,STK,509472,INE145E01017,CRAVATEX,X,,,,,CRAVATEX LTD.,481.8,484.8,476.15,479.9,479.0,486.65,,479.9,,,2253,1082846.0,39,F1,1,,,,,
2025-08-07,2025-08-07,CM,BSE,STK,509480,INE463A01038,BERGEPAINT,A,,,,,BERGER PAINTS INDIA LTD.,555.35,561.2,542.8,545.2,545.9,564.8,,545.95,,,14884,8195594.0,758,F1,1,,,,,
2025-08-07,2025-08-07,CM,BSE,STK,509486,INE479A01018,CAPRIHANS,X,,,,,CAPRIHANS INDIA LTD.,137.2,137.2,130.0,132.55,132.9,133.2,,132.55,,,24757,3248083.0,92,F1,1,,,,,
2025-08-07,2025-08-07,CM,BSE,STK,509488,INE371A01025,GRAPHITE,A,,,,,GRAPHITE INDIA LTD.,545.0,547.65,525.0,530.6,530.6,535.4,,530.95,,,14514,7711073.0,779,F1,1,,,,,
2025-08-07,2025-08-07,CM,BSE,STK,509496,INE686A01026,ITDCEM,A,,,,,ITD CEMENTATION INDIA LTD.,726.25,748.6,723.35,731.5,731.5,739.0,,729.9,,,52395,38622403.0,2211,F1,1,,,,,
2025-08-07,2025-08-07,CM,BSE,STK,509525,INE515H01014,EMPIND,X,,,,,EMPIRE INDUSTRIES LTD.,1080.0,1090.0,1050.0,1061.6,1074.0,1075.0,,1061.6,,,145,154252.0,31,F1,1,,,,,
2025-08-07,2025-08-07,CM,BSE,STK,509546,INE214F01026,GRAVISSHO,X,,,,,GRAVISS HOSPITALITY LTD.,43.1,43.3,41.41,43.25,43.25,42.25,,43.25,,,1174,49948.0,18,F1,1,,,,,
2025-08-07,2025-08-07,CM,BSE,STK,509557,INE276A01018,GARFIBRES,A,,,,,GARWARE TECHNICAL FIBRES LIMIT,854.1,867.4,854.1,862.95,862.05,855.65,,863.2,,,1639,1410522.0,335,F1,1,,,,,
2025-08-07,2025-08-07,CM,BSE,STK,509563,INE925D01014,GARWAMAR,XT,,,,,GARWARE MARINE INDUSTRIES LTD.,27.91,27.91,27.91,27.91,27.91,27.37,,27.91,,,1925,53726.0,14,F1,1,,,,,
2025-08-07,2025-08-07,CM,BSE,STK,509567,INE426D01013,GOACARBON,B,,,,,GOA CARBON LTD.,474.85,474.85,463.25,466.2,464.7,472.5,,466.85,,,2184,1020453.0,121,F1,1,,,,,
2025-08-07,2025-08-07,CM,BSE,STK,509597,INE722D01015,HARDCAS,X,,,,,HARDCASTLE & WAUD MFG.CO.LTD.,760.0,760.0,756.15,756.9,760.0,759.9,,756.9,,,75,56938.0,8,F1,1,,,,,
2025-08-07,2025-08-07,CM,BSE,STK,509631,INE545A01024,HEG,A,,,,,HEG LTD.,521.95,524.95,509.1,519.75,522.3,523.25,,519.75,,,78127,40321708.0,2325,F1,1,,,,,
2025-08-07,2025-08-07,CM,BSE,STK,509635,INE310C01029,HINDCOMPOS,B,,,,,HINDUSTAN COMPOSITES LTD.,480.0,480.0,471.95,475.9,475.9,477.25,,475.85,,,329,156309.0,72,F1,1,,,,,
2025-08-07,2025-08-07,CM,BSE,STK,509675,INE557A01011,BIRLANU,B,,,,,BIRLANU LIMITED,2001.0,2002.1,1911.55,1965.4,1959.0,1952.8,,1962.9,,,788,1533133.0,169,F1,1,,,,,
2025-08-07,2025-08-07,CM,BSE,STK,509692,INE061A01014,INDIANCARD,B,,,,,INDIAN CARD CLOTHING CO.LTD.,277.05,282.9,277.05,279.9,279.5,288.65,,280.1,,,1968,551848.0,106,F1,1,,,,,
2025-08-07,2025-08-07,CM,BSE,STK,509709,INE575C01027,INTLCONV,B,,,,,INTERNATIONAL CONVEYORS LTD.,85.0,86.17,83.6,85.36,86.17,86.1,,85.11,,,14064,1188681.0,313,F1,1,,,,,
2025-08-07,2025-08-07,CM,BSE,STK,509715,INE364A01020,JAYSREETEA,B,,,,,JAY SHREE TEA & INDUSTRIES LTD,113.5,113.5,108.85,111.1,111.35,111.2,,111.23,,,7722,849915.0,149,F1,1,,,,,
2025-08-07,2025-08-07,CM,BSE,STK,509732,INE972A01020,KOTIC,XT,,,,,KOTHARI INDUSTRIAL CORPORATION,443.0,459.7,443.0,459.7,459.7,452.0,,459.7,,,40184,17910517.0,382,F1,1,,,,,
2025-08-07,2025-08-07,CM,BSE,STK,509760,INE370A01019,MODRNSH,X,,,,,MODERN SHARES & STOCKBROKERS L,43.49,43.49,40.26,42.99,42.99,43.8,,42.99,,,286,11930.0,8,F1,1,,,,,
2025-08-07,2025-08-07,CM,BSE,STK,509820,INE275B01026,HUHTAMAKI,B,,,,,HUHTAMAKI INDIA LIMITED,210.0,212.3,203.1,209.7,210.95,214.65,,209.68,,,9296,1941075.0,291,F1,1,,,,,
2025-08-07,2025-08-07,CM,BSE,STK,509835,INE940N01012,PREMSYN,X,,,,,PREMIER SYNTHETICS LTD.,21.58,21.68,18.9,20.47,20.99,21.49,,20.47,,,2241,44302.0,38,F1,1,,,,,
2025-08-07,2025-08-07,CM,BSE,STK,509874,INE849C01026,SHALPAINTS,B,,,,,SHALIMAR PAINTS LTD.,75.6,76.41,75.25,75.96,75.96,76.8,,75.88,,,4404,333602.0,163,F1,1,,,,,
2025-08-07,2025-08-07,CM,BSE,STK,509895,INE832D01020,HINDMILL,X,,,,,HINDOOSTAN MILLS LTD.,201.0,201.0,190.0,193.95,193.95,192.7,,193.95,,,865,167119.0,38,F1,1,,,,,
2025-08-07,2025-08-07,CM,BSE,STK,509930,INE195A01028,SUPREMEIND,A,,,,,SUPREME INDUSTRIES LTD.,4191.75,4194.4,4105.4,4173.45,4185.0,4178.25,,4176.7,,,1605,6658838.0,373,F1,1,,,,,
2025-08-07,2025-08-07,CM,BSE,STK,509945,INE077P01034,THACKER,XT,,,,,THACKER & CO.LTD.,1671.0,1671.0,1512.4,1515.0,1512.4,1592.0,,1515.0,,,387,600278.0,48,F1,1,,,,,
2025-08-07,2025-08-07,CM,BSE,STK,509960,INE726E01014,UPHOT,X,,,,,U.P.HOTELS LTD.,1967.0,1967.0,1703.0,1757.15,1828.0,1789.0,,1757.15,,,1955,3517586.0,79,F1,1,,,,,
2025-08-07,2025-08-07,CM,BSE,STK,509966,INE710A01016,VSTIND,A,,,,,VST INDUSTRIES LTD.,280.25,285.0,279.0,283.2,285.0,282.05,,283.3,,,27257,7692674.0,784,F1,1,,,,,
2025-08-07,2025-08-07,CM,BSE,STK,510245,INE804A01025,SWASTIVI,X,,,,,SWASTI VINAYAKA SYNTHETICS LTD,5.6,5.75,5.57,5.7,5.72,5.64,,5.7,,,45161,255152.0,135,F1,1,,,,,
2025-08-07,2025-08-07,CM,BSE,STK,511000,INE856D01011,MADHUSE,X,,,,,MADHUSUDAN SECURITIES LTD.,21.5,22.09,21.35,22.0,22.0,22.07,,22.0,,,16931,370972.0,54,F1,1,,,,,
2025-08-07,2025-08-07,CM,BSE,STK,511012,INE457N01025,YAMNINV,XT,,,,,YAMINI INVESTMENTS COMPANY LTD,1.05,1.06,1.04,1.04,1.04,1.04,,1.04,,,609547,637776.0,432,F1,1,,,,,
2025-08-07,2025-08-07,CM,BSE,STK,511018,INE679T01013,ZMILGFIN,XT,,,,,MILGREY FINANCE & INVESTMENT L,141.5,141.5,135.05,139.0,139.0,139.0,,139.0,,,143964,19964001.0,122,F1,1,,,,,
2025-08-07,2025-08-07,CM,BSE,STK,511034,INE742C01031,JINDRILL,B,,,,,JINDAL DRILLING & INDUSTRIES L,605.0,605.0,590.6,595.1,600.6,603.85,,594.65,,,4175,2487207.0,322,F1,1,,,,,
2025-08-07,2025-08-07,CM,BSE,STK,511066,INE302E01014,SAKTHIFIN,X,,,,,SAKTHI FINANCE LTD.,46.6,46.6,45.5,46.0,46.0,45.83,,46.0,,,744,34052.0,26,F1,1,,,,,
2025-08-07,2025-08-07,CM,BSE,STK,511076,INE065D01027,AEROENTER,B,,,,,AEROFLEX ENTERPRISES LIMITED,97.5,98.8,94.2,96.45,96.0,98.95,,96.32,,,32426,3130113.0,387,F1,1,,,,,
2025-08-07,2025-08-07,CM,BSE,STK,511092,INE047E01031,JMDVL,X,,,,,JMD Ventures Limited,6.1,6.1,5.88,6.02,6.07,5.99,,6.02,,,18350,108752.0,85,F1,1,,,,,
2025-08-07,2025-08-07,CM,BSE,STK,511108,INE705C01020,SHIVATEX,B,,,,,SHIVA TEXYARN LTD.,188.75,189.45,180.5,189.45,189.45,193.0,,189.05,,,108,19957.0,23,F1,1,,,,,
2025-08-07,2025-08-07,CM,BSE,STK,511110,INE848D01018,VBDESAI,X,,,,,V.B.DESAI FINANCIAL SERVICES L,29.99,29.99,26.0,27.0,27.0,27.5,,27.0,,,1028,26796.0,14,F1,1,,,,,
2025-08-07,2025-08-07,CM,BSE,STK,511116,INE527B01020,QUADRANT,X,,,,,QUADRANT TELEVENTURES LIMITED,0.43,0.44,0.42,0.44,0.44,0.4,,0.44,,,5264870,2285460.0,331,F1,1,,,,,
2025-08-07,2025-08-07,CM,BSE,STK,511122,INE609B01018,1STCUS,X,,,,,FIRST CUSTODIAN FUND (INDIA) L,104.9,104.9,96.01,97.36,96.5,95.25,,97.36,,,164,16685.0,15,F1,1,,,,,
2025-08-07,2025-08-07,CM,BSE,STK,511131,INE344D01018,KAMANWALA,XT,,,,,KAMANWALA HOUSING CONSTRUCTION,28.83,28.83,26.28,28.52,28.52,27.46,,28.52,,,293219,8345318.0,672,F1,1,,,,,
2025-08-07,2025-08-07,CM,BSE,STK,511144,INE520G01024,AXISOL,XT,,,,,AXIS SOLUTIONS LIMITED,21.07,21.07,21.07,21.07,21.07,20.07,,21.07,,,128,2696.0,4,F1,1,,,,,
2025-08-07,2025-08-07,CM,BSE,STK,511147,INE549D01012,WSFX,X,,,,,WSFX Global Pay Limited,66.9,66.9,63.62,64.67,64.01,64.42,,64.67,,,106,6963.0,13,F1,1,,,,,
2025-08-07,2025-08-07,CM,BSE,STK,511153,INE096I01021,ANJANIFOODS,X,,,,,Anjani Foods Limited,23.5,23.5,22.0,22.72,22.33,23.05,,22.72,,,9254,205305.0,89,F1,1,,,,,
2025-08-07,2025-08-07,CM,BSE,STK,511169,INE552N01023,RKDAGRRTL,X,,,,,RKD AGRI AND RETAIL LIMITED,6.09,6.09,6.09,6.09,6.09,5.8,,6.09,,,1562,9512.0,10,F1,1,,,,,
2025-08-07,2025-08-07,CM,BSE,STK,511187,INE570N01025,MILLENNIUM,X,,,,,Millennium Online Solutions (I,2.17,2.17,1.85,2.0,2.0,2.0,,2.0,,,13350,28586.0,35,F1,1,,,,,
2025-08-07,2025-08-07,CM,BSE,STK,511194,INE613B01010,ICDSLTD,T,,,,,ICDS LTD.,43.8,43.8,43.0,43.0,43.0,43.6,,43.45,,,112,4876.0,3,F1,1,,,,,
2025-08-07,2025-08-07,CM,BSE,STK,511196,INE477A01020,CANFINHOME,A,,,,,CAN FIN HOMES LTD.,745.15,745.35,736.0,742.45,742.8,744.0,,741.95,,,2585,1915599.0,294,F1,1,,,,,
2025-08-07,2025-08-07,CM,BSE,STK,511208,INE050B01023,IVC,B,,,,,IL&FS INVESTMENT MANAGERS LTD.,8.59,8.6,7.66,8.15,8.28,8.56,,8.14,,,137557,1122616.0,554,F1,1,,,,,
2025-08-07,2025-08-07,CM,BSE,STK,511218,INE721A01047,SHRIRAMFIN,A,,,,,Shriram Finance Limited,626.05,629.65,618.5,626.95,626.95,630.75,,627.35,,,196721,122537147.0,4417,F1,1,,,,,
2025-08-07,2025-08-07,CM,BSE,STK,511243,INE121A01024,CHOLAFIN,A,,,,,CHOLAMANDALAM INVESTMENT AND F,1432.05,1490.85,1432.05,1488.15,1488.15,1454.9,,1488.0,,,40316,59431872.0,2723,F1,1,,,,,
2025-08-07,2025-08-07,CM,BSE,STK,511333,INE709A01018,VLSFINANCE,B,,,,,VLS FINANCE LTD.,227.05,230.0,226.15,228.05,227.1,228.25,,227.17,,,1194,271849.0,131,F1,1,,,,,
2025-08-07,2025-08-07,CM,BSE,STK,511355,INE429D01017,INDCEMCAP,X,,,,,INDIA CEMENTS CAPITAL LTD.,16.26,16.26,15.64,16.09,16.09,15.94,,16.09,,,1293,20746.0,22,F1,1,,,,,
2025-08-07,2025-08-07,CM,BSE,STK,511359,INE556D01017,ADMANUM,X,,,,,AD-MANUM FINANCE LTD.,73.96,75.9,71.8,74.17,73.0,73.68,,74.17,,,4702,347260.0,78,F1,1,,,,,
2025-08-07,2025-08-07,CM,BSE,STK,511377,INE240B01012,MEHIF,XT,,,,,MEHTA INTEGRATED FINANCE LTD.,29.43,30.19,29.43,30.19,30.19,30.97,,30.19,,,585,17232.0,4,F1,1,,,,,
2025-08-07,2025-08-07,CM,BSE,STK,511391,INE661M01016,INTRGLB,X,,,,,INTER GLOBE FINANCE LTD.,97.5,97.5,88.69,96.0,96.4,93.33,,96.0,,,5751,535076.0,65,F1,1,,,,,
2025-08-07,2025-08-07,CM,BSE,STK,511401,INE410E01015,MCLTD,X,,,,,MUNOTH COMMUNICATION LIMITED,13.95,13.95,13.95,13.95,13.95,13.29,,13.95,,,301,4198.0,4,F1,1,,,,,
2025-08-07,2025-08-07,CM,BSE,STK,511411,INE472C01027,SHRISTI,X,,,,,SHRISTI INFRASTRUCTURE DEVELOP,36.89,36.89,35.1,36.89,36.89,35.15,,36.89,,,205,7557.0,6,F1,1,,,,,
2025-08-07,2025-08-07,CM,BSE,STK,511413,INE559D01011,CREST,B,,,,,CREST,375.0,375.0,368.7,372.4,370.25,379.9,,372.8,,,375,139574.0,40,F1,1,,,,,
2025-08-07,2025-08-07,CM,BSE,STK,511431,INE051B01021,VAKRANGEE,T,,,,,VAKRANGEE LIMITED,8.21,9.0,8.21,8.96,8.96,8.58,,8.96,,,581310,5069701.0,1266,F1,1,,,,,
2025-08-07,2025-08-07,CM,BSE,STK,511441,INE034B01019,GUJCRED,X,,,,,GUJARAT CREDIT CORPORATION LTD,27.91,30.69,25.11,25.11,25.11,27.9,,25.11,,,4,108.0,3,F1,1,,,,,
2025-08-07,2025-08-07,CM,BSE,STK,511447,INE706F01021,SYLPH,XT,,,,,SYLPH TECHNOLOGIES LTD.,0.96,0.96,0.92,0.92,0.92,0.96,,0.92,,,1061369,976682.0,262,F1,1,,,,,
2025-08-07,2025-08-07,CM,BSE,STK,511451,INE899D01011,DHARFIN,X,,,,,DHARANI FINANCE LTD.,9.3,9.76,9.3,9.76,9.76,9.3,,9.76,,,146,1418.0,5,F1,1,,,,,
2025-08-07,2025-08-07,CM,BSE,STK,511463,INE191N01012,ALEXANDER,X,,,,,Alexander Stamps And Coin Limi,12.44,12.44,11.21,11.69,11.74,12.01,,11.69,,,21823,254724.0,103,F1,1,,,,,
2025-08-07,2025-08-07,CM,BSE,STK,511473,INE841B01017,INDBANK,B,,,,,INDBANK MERCHANT BANKING SERVI,32.0,32.87,32.0,32.38,32.2,32.76,,32.2,,,22924,740559.0,61,F1,1,,,,,
2025-08-07,2025-08-07,CM,BSE,STK,511493,INE488C01015,SHRYDUS,XT,,,,,SHRYDUS INDUSTRIES LIMITED,4.5,4.5,4.5,4.5,4.5,4.42,,4.5,,,185611,835249.0,35,F1,1,,,,,
2025-08-07,2025-08-07,CM,BSE,STK,511501,INE900A01013,BHARAT,XT,,,,,Bharat Bhushan Finance & Commo,27.7,27.7,26.32,26.35,26.32,27.7,,26.35,,,7845,212311.0,63,F1,1,,,,,
2025-08-07,2025-08-07,CM,BSE,STK,511505,INE707C01018,CAPTRUST,T,,,,,CAPITAL TRUST LTD.,58.6,60.85,56.0,60.78,60.85,58.06,,60.27,,,3442,197499.0,124,F1,1,,,,,
2025-08-07,2025-08-07,CM,BSE,STK,511507,INE697C01011,USHAKIRA,X,,,,,USHAKIRAN FINANCE LTD.,42.85,42.85,42.5,42.5,42.5,38.96,,42.5,,,317,13558.0,6,F1,1,,,,,
2025-08-07,2025-08-07,CM,BSE,STK,511509,INE380K01017,VIVOBIOT,X,,,,,VIVO BIO TECH LTD.,35.39,38.0,34.94,36.33,36.18,34.96,,36.33,,,210977,7744414.0,664,F1,1,,,,,
2025-08-07,2025-08-07,CM,BSE,STK,511523,INE882C01035,VEERHEALTH,X,,,,,VEERHEALTH CARE LIMITED,21.98,23.77,21.65,21.86,21.88,22.03,,21.86,,,174660,3903118.0,362,F1,1,,,,,
2025-08-07,2025-08-07,CM,BSE,STK,511525,INE376A01032,PANINDIAC,X,,,,,PAN INDIA CORPORATION LTD.,2.29,2.29,2.11,2.19,2.19,2.21,,2.19,,,74905,163928.0,279,F1,1,,,,,
2025-08-07,2025-08-07,CM,BSE,STK,511533,INE135C01012,SAHARAHOUS,X,,,,,SAHARA HOUSINGFINA CORPORATION,40.0,40.41,39.5,39.5,39.5,40.4,,39.5,,,1724,68768.0,12,F1,1,,,,,
2025-08-07,2025-08-07,CM,BSE,STK,511535,INE026C01013,NDASEC,XT,,,,,NDA SECURITIES LTD.,41.0,42.8,39.36,40.03,40.05,41.11,,40.03,,,4260,170501.0,13,F1,1,,,,,
2025-08-07,2025-08-07,CM,BSE,STK,511543,INE777C01011,GSBFIN,X,,,,,GSB FINANCE LTD.,29.99,29.99,26.0,28.74,26.0,27.6,,28.74,,,370,10724.0,16,F1,1,,,,,
2025-08-07,2025-08-07,CM,BSE,STK,511549,INE367A01015,MORARKFI,X,,,,,MORARKA FINANCE LTD.,111.5,112.8,110.4,112.8,112.8,111.25,,112.8,,,746,82927.0,27,F1,1,,,,,
2025-08-07,2025-08-07,CM,BSE,STK,511551,INE903D01011,MONARCH,B,,,,,Monarch Networth Capital Limit,330.05,339.1,328.0,334.2,333.05,337.85,,334.45,,,10525,3510093.0,368,F1,1,,,,,
2025-08-07,2025-08-07,CM,BSE,STK,511557,INE732K01027,PROFINC,XT,,,,,PRO FIN CAPITAL SERVICES LTD.,10.0,10.0,9.8,10.0,10.0,9.93,,10.0,,,865009,8592917.0,419,F1,1,,,,,
2025-08-07,2025-08-07,CM,BSE,STK,511559,INE289C01025,TIMESGTY,T,,,,,TIMES GUARANTY LTD.,300.0,316.75,298.0,310.0,310.0,301.7,,301.75,,,2308,710813.0,79,F1,1,,,,,
2025-08-07,2025-08-07,CM,BSE,STK,511571,INE754C01010,SODFC,XT,,,,,SOM DATT FINANCE CORPORATION L,145.0,148.0,138.25,141.7,138.25,141.55,,141.7,,,12461,1766141.0,54,F1,1,,,,,
2025-08-07,2025-08-07,CM,BSE,STK,511577,INE304E01010,SAVFI,X,,,,,SAVANI FINANCIALS LTD.,19.73,19.73,17.53,18.21,18.86,19.28,,18.21,,,1084,19659.0,16,F1,1,,,,,
2025-08-07,2025-08-07,CM,BSE,STK,511585,INE425F01028,BEFOUNDMOL,X,,,,,BEFOUND MOVEMENT LIMITED,4.41,4.41,4.41,4.41,4.41,4.33,,4.41,,,1889,8330.0,6,F1,1,,,,,
2025-08-07,2025-08-07,CM,BSE,STK,511589,INE323B01024,AVONMORE,B,,,,,AVONMORE CAPITAL & MANAGEMENT,18.49,18.49,17.83,17.94,17.9,18.32,,17.8,,,12677,228403.0,71,F1,1,,,,,
2025-08-07,2025-08-07,CM,BSE,STK,511593,INE212B01011,LIBORDFIN,X,,,,,LIBORD FINANCE LTD,15.51,17.49,15.51,17.49,17.49,16.56,,17.49,,,381,6137.0,10,F1,1,,,,,
2025-08-07,2025-08-07,CM,BSE,STK,511601,INE216B01012,YASHMGM,X,,,,,YASH MANAGEMENT & SATELLITE LT,10.03,10.49,9.99,10.05,10.0,10.3,,10.05,,,6568,66021.0,24,F1,1,,,,,
2025-08-07,2025-08-07,CM,BSE,STK,511605,INE420B01036,ARIHANTCAP,B,,,,,ARIHANT CAPITAL MARKETS LTD.,98.39,98.39,93.93,97.38,97.44,98.4,,97.1,,,54742,5289756.0,613,F1,1,,,,,
2025-08-07,2025-08-07,CM,BSE,STK,511609,INE569B01022,ISLCONSUL,X,,,,,ISL CONSULTING LTD.,29.6,29.6,25.3,26.9,27.0,27.2,,26.9,,,62,1684.0,20,F1,1,,,,,
2025-08-07,2025-08-07,CM,BSE,STK,511611,INE891B01012,DCMFINSERV,T,,,,,DCM FINANCIAL SERVICES LTD.,6.04,6.19,5.7,5.9,5.9,5.9,,5.98,,,3790,23091.0,12,F1,1,,,,,
2025-08-07,2025-08-07,CM,BSE,STK,511626,INE229D01011,RRFIN,XT,,,,,RR FINANCIAL CONSULTANTS LTD.,68.22,68.22,68.22,68.22,68.22,66.89,,68.22,,,15474,1055636.0,30,F1,1,,,,,
2025-08-07,2025-08-07,CM,BSE,STK,511628,INE417D01020,FEDDERSHOL,B,,,,,FEDDERS HOLDING LIMITED,43.3,46.9,43.1,44.91,45.0,44.27,,44.91,,,30532,1363287.0,437,F1,1,,,,,
2025-08-07,2025-08-07,CM,BSE,STK,511630,INE699B01027,SAMBHAAV,B,,,,,SAMBHAAV MEDIA LTD.,6.65,7.08,6.65,6.76,6.76,6.95,,6.73,,,60872,413343.0,253,F1,1,,,,,
2025-08-07,2025-08-07,CM,BSE,STK,511634,INE919M01026,DUGARHOU,XT,,,,,DUGAR HOUSING DEVELOPMENTS LTD,105.38,105.38,105.38,105.38,105.38,103.32,,105.38,,,60,6322.0,3,F1,1,,,,,
2025-08-07,2025-08-07,CM,BSE,STK,511636,INE234E01027,DJSSS,XT,,,,,DJS STOCK & SHARES LTD.,2.18,2.38,2.16,2.33,2.33,2.27,,2.33,,,29480,64891.0,107,F1,1,,,,,
2025-08-07,2025-08-07,CM,BSE,STK,511644,INE113B01029,OMEGAIN,XT,,,,,OMEGA INTERACTIVE TECHNOLOGIES,112.9,112.9,112.9,112.9,112.9,110.7,,112.9,,,3,338.0,1,F1,1,,,,,
2025-08-07,2025-08-07,CM,BSE,STK,511654,INE309D01011,SUGALDAM,XT,,,,,SUGAL & DAMANI SHARE BROKERS L,97.7,97.7,92.85,94.7,97.7,97.7,,94.7,,,1017,94601.0,26,F1,1,,,,,
2025-08-07,2025-08-07,CM,BSE,STK,511658,INE027D01019,NETTLINX,X,,,,,NETTLINX LTD.,24.85,26.86,23.7,24.09,24.09,25.11,,24.09,,,19218,477138.0,161,F1,1,,,,,
2025-08-07,2025-08-07,CM,BSE,STK,511664,INE443D01018,BGIL,XT,,,,,BGIL FILMS & TECHNOLOGIES LTD.,9.95,9.95,9.95,9.95,9.95,10.47,,9.95,,,643,6397.0,12,F1,1,,,,,
2025-08-07,2025-08-07,CM,BSE,STK,511672,INE099G01011,SCANSTL,X,,,,,Scan Steels Limited,34.06,34.06,30.01,33.35,33.35,34.21,,33.35,,,79291,2585114.0,438,F1,1,,,,,
2025-08-07,2025-08-07,CM,BSE,STK,511676,INE289B01019,GICHSGFIN,B,,,,,GIC HOUSING FINANCE LTD.,182.75,182.75,177.05,181.7,182.7,182.85,,181.58,,,10125,1825171.0,141,F1,1,,,,,
2025-08-07,2025-08-07,CM,BSE,STK,511692,INE759C01027,AJCON,XT,,,,,AJCON GLOBAL SERVICES LTD.,9.58,9.58,9.58,9.58,9.58,9.77,,9.58,,,10055,96326.0,24,F1,1,,,,,
2025-08-07,2025-08-07,CM,BSE,STK,511696,INE953B01010,CHRTEDCA,X,,,,,CHARTERED CAPITAL & INVESTMENT,260.0,265.0,250.0,263.8,263.0,260.55,,263.8,,,509,131632.0,50,F1,1,,,,,
2025-08-07,2025-08-07,CM,BSE,STK,511700,INE625D01028,STANCAP,XT,,,,,STANDARD CAPITAL MARKETS LTD.,0.72,0.72,0.67,0.7,0.7,0.69,,0.7,,,15206914,10692066.0,2616,F1,1,,,,,
2025-08-07,2025-08-07,CM,BSE,STK,511702,INE290E01011,YOGI,XT,,,,,YOGI LIMITED,188.1,188.1,182.5,187.2,188.0,188.1,,187.2,,,7659,1416778.0,65,F1,1,,,,,
2025-08-07,2025-08-07,CM,BSE,STK,511710,INE717D01023,CUBIFIN,X,,,,,CUBICAL FINANCIAL SERVICES LTD,2.13,2.13,2.0,2.05,2.05,2.09,,2.05,,,51096,103953.0,121,F1,1,,,,,
2025-08-07,2025-08-07,CM,BSE,STK,511712,INE452B01013,RELICTEC,XT,,,,,RELIC TECHNOLOGIES LTD.,76.0,78.3,76.0,78.3,78.3,76.81,,78.3,,,1798,136993.0,15,F1,1,,,,,
2025-08-07,2025-08-07,CM,BSE,STK,511714,INE875B01015,NIMBSPROJ,X,,,,,NIMBUS PROJECTS LTD.,205.05,205.05,187.05,204.1,205.0,195.3,,204.1,,,8682,1777913.0,124,F1,1,,,,,
2025-08-07,2025-08-07,CM,BSE,STK,511716,INE359A01012,INVIGO,X,,,,,Invigorated Business Consultin,7.75,7.75,6.8,7.67,7.7,7.07,,7.67,,,5653,41245.0,40,F1,1,,,,,
2025-08-07,2025-08-07,CM,BSE,STK,511724,INE020D01022,BAIDFIN,B,,,,,BAID FINSERV LIMITED,11.58,11.81,11.4,11.8,11.81,11.7,,11.76,,,15219,177538.0,86,F1,1,,,,,
2025-08-07,2025-08-07,CM,BSE,STK,511726,INE946H01037,VIPULLTD,B,,,,,VIPUL LTD.,11.2,11.2,10.63,10.63,10.63,11.18,,10.64,,,169933,1824717.0,237,F1,1,,,,,
2025-08-07,2025-08-07,CM,BSE,STK,511740,INE239B01014,RFL,X,,,,,RUPAREL FOOD PRODUCTS LIMITED,199.0,199.0,195.0,195.0,195.0,192.1,,195.0,,,31,6069.0,3,F1,1,,,,,
2025-08-07,2025-08-07,CM,BSE,STK,511742,INE583D01011,UGROCAP,B,,,,,UGRO CAPITAL LIMITED,165.45,168.1,163.25,166.9,167.9,166.5,,166.95,,,12759,2113544.0,319,F1,1,,,,,
2025-08-07,2025-08-07,CM,BSE,STK,511754,INE861D01011,SAHLIBHFI,X,,,,,SHALIBHADRA FINANCE LTD.,114.5,119.8,110.5,115.4,116.7,115.1,,115.4,,,27324,3129066.0,327,F1,1,,,,,
2025-08-07,2025-08-07,CM,BSE,STK,511756,INE195I01013,ABIRAFN,Z,,,,,ABIRAMI FINANCIAL SERVICES (IN,43.0,43.0,42.8,43.0,43.0,43.0,,43.0,,,469,20123.0,16,F1,1,,,,,
2025-08-07,2025-08-07,CM,BSE,STK,511764,INE819K01014,AASTAFIN,XT,,,,,Aastamangalam Finance Limited,41.99,41.99,41.0,41.97,41.97,40.44,,41.97,,,6269,259859.0,25,F1,1,,,,,
2025-08-07,2025-08-07,CM,BSE,STK,511766,INE296G01013,MUTHOOTCAP,B,,,,,MUTHOOT CAPITAL SERVICES LTD.,241.5,276.7,241.5,275.1,274.9,267.05,,274.55,,,2389,639021.0,149,F1,1,,,,,
2025-08-07,2025-08-07,CM,BSE,STK,511768,INE677D01037,MASTERTR,B,,,,,MASTER TRUST LTD.,162.0,169.15,159.55,165.15,166.2,160.6,,165.32,,,162727,26966406.0,2355,F1,1,,,,,
2025-08-07,2025-08-07,CM,BSE,STK,512008,INE886D01026,EFCIL,B,,,,,EFC (I) LIMITED,314.0,317.95,310.3,314.4,314.4,313.8,,314.4,,,221030,69481571.0,3871,F1,1,,,,,
2025-08-07,2025-08-07,CM,BSE,STK,512014,INE754D01018,SOBME,XT,,,,,SOBHAGYA MERCHANTILE LTD.,708.4,708.4,688.2,708.4,708.4,674.7,,708.4,,,3307,2341132.0,176,F1,1,,,,,
2025-08-07,2025-08-07,CM,BSE,STK,512018,INE135H01029,CNIRESLTD,X,,,,,CNI RESEARCH LTD.,10.99,12.2,10.75,11.26,11.4,10.87,,11.26,,,75278,858427.0,184,F1,1,,,,,
2025-08-07,2025-08-07,CM,BSE,STK,512020,INE967G01019,ZSARACOM,B,,,,,SARASWATI COMMERCIAL (INDIA) L,13211.55,13600.0,13100.05,13411.8,13400.0,12952.5,,13411.8,,,79,1058835.0,59,F1,1,,,,,
2025-08-07,2025-08-07,CM,BSE,STK,512025,INE767M01029,BANGANGA,X,,,,,BANGANGA PAPER INDUSTRIES LIMI,57.88,61.0,57.84,60.77,60.84,60.88,,60.77,,,12178,709922.0,63,F1,1,,,,,
2025-08-07,2025-08-07,CM,BSE,STK,512026,INE603D01017,VEGA,XT,,,,,VEGA JEWELLERS LIMITED,180.2,180.2,180.2,180.2,180.2,176.7,,180.2,,,1,180.0,1,F1,1,,,,,
2025-08-07,2025-08-07,CM,BSE,STK,512036,INE393H01016,KAPILCO,XT,,,,,KAPIL COTEX LTD.,220.0,220.0,215.6,215.6,215.6,226.9,,215.6,,,11,2376.0,3,F1,1,,,,,
2025-08-07,2025-08-07,CM,BSE,STK,512038,INE887D01016,TCC,T,,,,,TCC CONCEPT LIMITED,534.9,534.9,513.15,527.15,529.0,532.0,,527.15,,,9264,4813943.0,55,F1,1,,,,,
2025-08-07,2025-08-07,CM,BSE,STK,512047,INE510H01015,ROYALIND,XT,,,,,ROYAL INDIA CORPORATION LIMITE,8.11,8.11,7.62,7.76,7.71,7.89,,7.76,,,35653,278422.0,126,F1,1,,,,,
2025-08-07,2025-08-07,CM,BSE,STK,512048,INE195E01020,DHANSAFAL,X,,,,,DHANSAFAL FINSERVE LIMITED,4.34,4.34,4.03,4.18,4.16,4.24,,4.18,,,110329,454262.0,232,F1,1,,,,,
2025-08-07,2025-08-07,CM,BSE,STK,512064,INE762D01011,VISVEN,X,,,,,VISHVPRABHA VENTURES LIMITED,63.56,66.0,63.23,66.0,66.0,63.23,,66.0,,,102,6721.0,5,F1,1,,,,,
2025-08-07,2025-08-07,CM,BSE,STK,512068,INE945F01025,DECNGOLD,B,,,,,DECCAN GOLD MINES LTD.,139.05,140.75,136.0,138.4,138.4,140.65,,138.4,,,245691,33930805.0,1648,F1,1,,,,,
2025-08-07,2025-08-07,CM,BSE,STK,512070,INE628A01036,UPL,A,,,,,UPL LIMITED,698.15,707.85,688.15,705.85,705.85,705.35,,705.45,,,41781,29098941.0,1738,F1,1,,,,,
2025-08-07,2025-08-07,CM,BSE,STK,512093,INE234B01023,CRANESSOFT,Z,,,,,CRANES SOFTWARE INTERNATIONAL,3.27,3.52,3.27,3.47,3.47,3.4,,3.47,,,15342,52865.0,44,F1,1,,,,,
2025-08-07,2025-08-07,CM,BSE,STK,512097,INE092G01024,SAICOM,X,,,,,SAIANAND COMMERCIAL LIMITED,0.33,0.34,0.31,0.33,0.33,0.33,,0.33,,,1956868,637397.0,344,F1,1,,,,,
2025-08-07,2025-08-07,CM,BSE,STK,512103,INE276H01013,NIDHGRN,XT,,,,,NIDHI GRANITES LTD.,247.85,247.85,240.55,240.55,240.55,243.0,,240.55,,,2054,505212.0,15,F1,1,,,,,
2025-08-07,2025-08-07,CM,BSE,STK,512115,INE649C01012,ROSEMER,XT,,,,,ROSE MERC.LTD.,95.6,95.6,95.6,95.6,95.6,97.55,,95.6,,,68,6500.0,5,F1,1,,,,,
2025-08-07,2025-08-07,CM,BSE,STK,512131,INE529F01035,SIGIND,T,,,,,SIGNET INDUSTRIES LIMITED,60.89,60.89,56.15,57.47,58.2,58.99,,57.38,,,761,43568.0,35,F1,1,,,,,
2025-08-07,2025-08-07,CM,BSE,STK,512149,INE758A01072,AVANCE,XT,,,,,AVANCE TECHNOLOGIES LTD.,1.5,1.5,1.5,1.5,1.5,1.48,,1.5,,,19532625,29298937.0,4202,F1,1,,,,,
2025-08-07,2025-08-07,CM,BSE,STK,512161,INE650K01021,SECURKLOUD,B,,,,,SECUREKLOUD TECHNOLOGIES LIMIT,23.31,25.96,22.26,23.06,22.27,23.67,,23.06,,,4980,117639.0,75,F1,1,,,,,
2025-08-07,2025-08-07,CM,BSE,STK,512165,INE365O01028,ABANSENT,X,,,,,ABANS ENTERPRISES LTD,34.5,34.5,32.2,34.24,33.7,33.76,,34.24,,,9673,325688.0,97,F1,1,,,,,
2025-08-07,2025-08-07,CM,BSE,STK,512175,INE685D01022,VAMA,X,,,,,VAMA INDUSTRIES LTD.,6.12,6.18,5.85,6.0,6.05,6.04,,6.0,,,37344,224445.0,84,F1,1,,,,,
2025-08-07,2025-08-07,CM,BSE,STK,512179,INE805D01034,SUNTECK,A,,,,,SUNTECK REALTY LTD.,381.0,382.3,373.95,379.05,380.7,383.75,,378.45,,,4238,1601105.0,287,F1,1,,,,,
2025-08-07,2025-08-07,CM,BSE,STK,512197,INE798C01017,SILVERO,Z,,,,,SILVER OAK COMMERCIAL LTD.,7.25,7.43,7.08,7.4,7.39,7.08,,7.4,,,14461,106249.0,32,F1,1,,,,,
2025-08-07,2025-08-07,CM,BSE,STK,512217,INE730E01016,PRISMMEDI,X,,,,,PRISM MEDICO AND PHARMACY LTD.,14.03,14.74,13.25,13.84,13.84,13.75,,13.84,,,4315,58129.0,26,F1,1,,,,,
2025-08-07,2025-08-07,CM,BSE,STK,512229,INE379J01029,VERITAS,T,,,,,VERITAS (INDIA) LTD.,382.25,393.0,382.25,385.95,385.95,390.05,,385.95,,,12910,4948294.0,98,F1,1,,,,,
2025-08-07,2025-08-07,CM,BSE,STK,512237,INE070D01027,JAICORPLTD,B,,,,,JAI CORP LTD.,108.75,113.25,107.3,109.35,109.35,108.5,,109.33,,,115521,12769424.0,1920,F1,1,,,,,
2025-08-07,2025-08-07,CM,BSE,STK,512247,INE894A01026,ASHCAP,X,,,,,ASHIRWAD CAPITAL LTD.,3.89,3.89,3.82,3.85,3.85,3.89,,3.85,,,32853,126310.0,282,F1,1,,,,,
2025-08-07,2025-08-07,CM,BSE,STK,512257,INE895A01023,SVARTCORP,X,,,,,SWASTI VINAYAKA ART AND HERITA,3.84,3.9,3.8,3.84,3.89,3.87,,3.84,,,37242,143318.0,134,F1,1,,,,,
2025-08-07,2025-08-07,CM,BSE,STK,512267,INE200D01020,MMWL,B,,,,,MEDIA MATRIX WORLDWIDE LTD.,15.48,16.49,14.05,15.85,16.49,15.02,,15.85,,,64777,983277.0,314,F1,1,,,,,
2025-08-07,2025-08-07,CM,BSE,STK,512296,INE458B01036,BHAGYANGR,T,,,,,BHAGYANAGAR INDIA LTD.,91.45,91.45,87.26,89.73,89.5,91.78,,89.31,,,11121,983259.0,95,F1,1,,,,,
2025-08-07,2025-08-07,CM,BSE,STK,512297,INE408F01024,SHANTAI,XT,,,,,Shantai Industries Limited,12.01,12.01,11.47,12.01,12.01,12.07,,12.01,,,219,2576.0,9,F1,1,,,,,
2025-08-07,2025-08-07,CM,BSE,STK,512301,INE417N01011,CHMBBRW,XT,,,,,CHAMBAL BREWERIES & DISTILLERI,14.44,14.44,14.44,14.44,14.44,14.16,,14.44,,,8867,128039.0,28,F1,1,,,,,
2025-08-07,2025-08-07,CM,BSE,STK,512329,INE385F01024,SGMART,B,,,,,SG MART LIMITED,318.95,323.0,316.0,322.55,323.0,318.95,,322.55,,,68647,22048674.0,671,F1,1,,,,,
2025-08-07,2025-08-07,CM,BSE,STK,512344,INE068C01015,ARAVALIS,X,,,,,ARAVALI SECURITIES & FINANCE L,4.59,4.59,4.59,4.59,4.59,4.59,,4.59,,,25,114.0,1,F1,1,,,,,
2025-08-07,2025-08-07,CM,BSE,STK,512345,INE745A01012,YASTF,XT,,,,,YASH TRADING & FINANCE LTD.,188.3,188.3,188.3,188.3,188.3,192.1,,188.3,,,5,941.0,1,F1,1,,,,,
2025-08-07,2025-08-07,CM,BSE,STK,512361,INE108G01010,CUPIDALBV,X,,,,,CUPID BREWERIES AND DISTILLERI,107.65,107.65,100.5,106.4,106.45,105.5,,106.4,,,1778,188992.0,30,F1,1,,,,,
2025-08-07,2025-08-07,CM,BSE,STK,512379,INE716D01033,CRSL,X,,,,,CRESSANDA RAILWAY SOLUTIONS LI,4.01,4.1,3.9,3.96,3.95,4.01,,3.96,,,510049,2025550.0,1160,F1,1,,,,,
2025-08-07,2025-08-07,CM,BSE,STK,512381,INE992I01013,STARTECK,B,,,,,STARTECK FINANCE LIMITED,335.05,335.15,305.35,307.45,305.35,313.8,,315.75,,,3374,1096646.0,93,F1,1,,,,,
2025-08-07,2025-08-07,CM,BSE,STK,512393,INE037B01020,SHARDUL,XT,,,,,SHARDUL SECURITIES LTD.,53.1,53.1,53.1,53.1,53.1,54.18,,53.1,,,376,19965.0,8,F1,1,,,,,
2025-08-07,2025-08-07,CM,BSE,STK,512399,INE017I01027,SERA,XT,,,,,SERA INVESTMENTS & FINANCE IND,36.1,36.49,35.1,36.21,36.3,35.28,,36.21,,,32808,1167160.0,71,F1,1,,,,,
2025-08-07,2025-08-07,CM,BSE,STK,512415,INE319T01016,MERCTRD,X,,,,,MERCURY TRADE LINKS LTD.,8.38,8.38,8.02,8.25,8.25,8.44,,8.25,,,93999,764253.0,354,F1,1,,,,,
2025-08-07,2025-08-07,CM,BSE,STK,512425,INE242B01018,NIRAVCOM,X,,,,,NIRAV COMMERCIALS LTD.,700.0,700.0,700.0,700.0,700.0,709.0,,700.0,,,14,9800.0,2,F1,1,,,,,
2025-08-07,2025-08-07,CM,BSE,STK,512437,INE412D01013,APOLLOFI,X,,,,,APOLLO FINVEST (INDIA) LTD.,510.05,510.35,505.0,508.7,509.0,519.8,,508.7,,,533,271410.0,15,F1,1,,,,,
2025-08-07,2025-08-07,CM,BSE,STK,512441,INE993I01029,ENBETRD,XT,,,,,Enbee Trade &amp; Finance Ltd,0.52,0.52,0.49,0.49,0.49,0.51,,0.49,,,6348873,3155502.0,1175,F1,1,,,,,
2025-08-07,2025-08-07,CM,BSE,STK,512443,INE162L01017,GANONPRO,XT,,,,,Ganon Products Limited,12.82,13.0,12.58,12.58,12.58,12.76,,12.58,,,4499,56727.0,22,F1,1,,,,,
2025-08-07,2025-08-07,CM,BSE,STK,512453,INE564J01026,SHRJAGP,XT,,,,,SHRI JAGDAMBA POLYMERS LTD.,995.0,1000.0,948.05,958.95,964.95,997.9,,958.95,,,1333,1274557.0,108,F1,1,,,,,
2025-08-07,2025-08-07,CM,BSE,STK,512455,INE281B01032,LLOYDSME,A,,,,,LLOYDS METALS AND ENERGY LTD.,1463.9,1463.9,1413.05,1428.5,1436.6,1454.55,,1430.6,,,14688,21074660.0,713,F1,1,,,,,
2025-08-07,2025-08-07,CM,BSE,STK,512463,INE080I01025,LLOYDSENT,B,,,,,LLOYDS ENTERPRISES LIMITED,82.2,85.19,81.28,84.9,84.9,83.72,,84.94,,,377140,31365944.0,2720,F1,1,,,,,
2025-08-07,2025-08-07,CM,BSE,STK,512477,INE765L01017,BETXIND,X,,,,,BETEX INDIA LTD.,400.0,435.0,370.0,435.0,435.0,410.0,,435.0,,,98,38424.0,17,F1,1,,,,,
2025-08-07,2025-08-07,CM,BSE,STK,512485,INE977F01010,DHANCOT,XT,,,,,DHANLAXMI COTEX LTD.,153.65,153.65,153.65,153.65,153.65,153.65,,153.65,,,3,460.0,3,F1,1,,,,,
2025-08-07,2025-08-07,CM,BSE,STK,512489,INE876A01023,OASISEC,X,,,,,OASIS SECURITIES LTD.,23.15,24.95,22.9,23.24,23.24,23.54,,23.24,,,16063,376278.0,53,F1,1,,,,,
2025-08-07,2025-08-07,CM,BSE,STK,512493,INE590B01010,GARNETINT,X,,,,,GARNET INTERNATIONAL LTD.,123.75,123.95,122.0,123.8,123.85,123.95,,123.8,,,24199,2995016.0,107,F1,1,,,,,
2025-08-07,2025-08-07,CM,BSE,STK,512499,INE435E01020,SHALPRO,X,,,,,SHALIMAR PRODUCTIONS LTD.,0.49,0.49,0.49,0.49,0.49,0.49,,0.49,,,147497,72273.0,237,F1,1,,,,,
2025-08-07,2025-08-07,CM,BSE,STK,512519,INE668D01028,DONEAR,B,,,,,DONEAR INDUSTRIES LTD.,98.2,98.2,94.8,96.9,97.0,99.0,,96.99,,,9826,948360.0,148,F1,1,,,,,
2025-08-07,2025-08-07,CM,BSE,STK,512527,INE091C01017,SUPER,X,,,,,SUPER SALES INDIA LTD.,862.1,870.0,807.8,838.35,838.35,862.0,,838.35,,,994,835809.0,111,F1,1,,,,,
2025-08-07,2025-08-07,CM,BSE,STK,512529,INE807F01027,SEQUENT,A,,,,,SEQUENT SCIENTIFIC LTD.,170.0,178.0,170.0,175.0,174.0,177.7,,174.98,,,25046,4375744.0,407,F1,1,,,,,
2025-08-07,2025-08-07,CM,BSE,STK,512531,INE655A01013,STCINDIA,T,,,,,STATE TRADING CORPORATION OF I,122.85,122.85,118.0,118.2,118.2,122.85,,118.67,,,1237,146055.0,31,F1,1,,,,,
2025-08-07,2025-08-07,CM,BSE,STK,512553,INE058B01018,ZENITHEXPO,B,,,,,ZENITH EXPORTS LTD.,230.05,230.05,230.05,230.05,230.05,239.9,,224.8,,,41,9432.0,5,F1,1,,,,,
2025-08-07,2025-08-07,CM,BSE,STK,512559,INE080B01012,KOHINOOR,B,,,,,KOHINOOR FOODS LTD.,33.01,35.5,32.54,33.09,32.55,33.4,,32.9,,,10306,339541.0,345,F1,1,,,,,
2025-08-07,2025-08-07,CM,BSE,STK,512573,INE871C01038,AVANTIFEED,A,,,,,AVANTI FEEDS LTD.,645.0,652.5,631.8,650.2,652.3,667.45,,650.25,,,41446,26623250.0,1718,F1,1,,,,,
2025-08-07,2025-08-07,CM,BSE,STK,512587,INE077B01018,ZODJRDMKJ,XT,,,,,ZODIAC-JRD-MKJ LTD.,47.4,47.5,45.8,46.24,46.24,46.83,,46.24,,,10660,494771.0,66,F1,1,,,,,
2025-08-07,2025-08-07,CM,BSE,STK,512589,INE579D01019,SITAENT,X,,,,,SITA ENTERPRISES LTD.,190.5,193.7,176.0,186.3,191.0,185.25,,186.3,,,6870,1243530.0,229,F1,1,,,,,
2025-08-07,2025-08-07,CM,BSE,STK,512591,INE183U01022,PULSRIN,XT,,,,,PULSAR INTERNATIONAL LTD.,2.79,2.89,2.79,2.89,2.89,2.84,,2.89,,,343011,987013.0,202,F1,1,,,,,
2025-08-07,2025-08-07,CM,BSE,STK,512595,INE348N01034,MANBRO,X,,,,,Manbro Industries Limited,616.9,616.9,557.1,590.05,616.65,618.8,,590.05,,,17,10085.0,12,F1,1,,,,,
2025-08-07,2025-08-07,CM,BSE,STK,512597,INE681C01015,KEYFINSERV,B,,,,,KEYNOTE FINANCIAL SERVICES LIM,256.0,256.5,252.3,255.0,255.0,263.45,,255.1,,,1460,371631.0,58,F1,1,,,,,
2025-08-07,2025-08-07,CM,BSE,STK,512599,INE423A01024,ADANIENT,A,,,,,ADANI ENTERPRISES LTD.,2289.0,2295.35,2203.95,2249.6,2249.6,2300.4,,2249.8,,,132703,297653815.0,10040,F1,1,,,,,
2025-08-07,2025-08-07,CM,BSE,STK,512600,INE307N01014,ASTALLTD,X,,,,,ASTAL LABORATORIES LIMITED,91.99,94.0,90.6,93.39,93.4,91.39,,93.39,,,69376,6417349.0,205,F1,1,,,,,
2025-08-07,2025-08-07,CM,BSE,STK,512608,INE474E01029,BHANDARI,B,,,,,BHANDARI HOSIERY EXPORTS LTD.,4.92,5.05,4.8,5.04,5.05,4.89,,5.03,,,75576,367722.0,307,F1,1,,,,,
2025-08-07,2025-08-07,CM,BSE,STK,512618,INE629C01014,RLF,XT,,,,,RLF LTD.,10.0,10.0,9.5,9.9,9.9,10.0,,9.9,,,1193,11740.0,15,F1,1,,,,,
2025-08-07,2025-08-07,CM,BSE,STK,512624,INE769D01016,REGENTRP,X,,,,,Regent Enterprises Limited,5.7,5.7,5.58,5.67,5.69,5.65,,5.67,,,10460,59386.0,32,F1,1,,,,,
2025-08-07,2025-08-07,CM,BSE,STK,512626,INE231G01010,ORBTEXP,T,,,,,ORBIT EXPORTS LTD.,201.05,203.45,193.0,199.85,199.85,201.05,,198.29,,,615,122565.0,22,F1,1,,,,,
2025-08-07,2025-08-07,CM,BSE,STK,512634,INE104E01014,SAVERA,X,,,,,SAVERA INDUSTRIES LTD.,153.5,153.5,147.0,147.15,147.15,149.35,,147.15,,,1668,246807.0,34,F1,1,,,,,
2025-08-07,2025-08-07,CM,BSE,STK,513005,INE114E01013,CHROME,X,,,,,Chrome Silicon Limited,53.99,53.99,46.05,46.08,46.08,47.25,,46.08,,,2115,102708.0,12,F1,1,,,,,
2025-08-07,2025-08-07,CM,BSE,STK,513023,INE725A01030,NAVA,A,,,,,NAVA LIMITED,577.05,612.45,577.05,607.6,608.3,607.15,,607.3,,,15729,9484003.0,909,F1,1,,,,,
2025-08-07,2025-08-07,CM,BSE,STK,513043,INE158G01015,REMIEDEL,XT,,,,,REMI EDELSTAHL TUBULARS LIMITE,152.0,154.35,149.4,151.3,153.9,155.9,,151.3,,,4267,644652.0,58,F1,1,,,,,
2025-08-07,2025-08-07,CM,BSE,STK,513059,INE736H01024,GSAUTO,X,,,,,G.S.AUTO INTERNATIONAL LTD.,32.35,35.0,31.55,33.13,32.16,33.49,,33.13,,,5092,163751.0,50,F1,1,,,,,
2025-08-07,2025-08-07,CM,BSE,STK,513063,INE360D01014,TRANSFRE,X,,,,,TRANS-FREIGHT CONTAINERS LTD.,29.49,29.49,26.83,27.62,29.23,28.09,,27.62,,,1325,38407.0,19,F1,1,,,,,
2025-08-07,2025-08-07,CM,BSE,STK,513097,INE386D01027,SBCL,B,,,,,SHIVALIK BIMETAL CONTROLS LTD.,528.95,528.95,510.25,520.85,520.15,520.75,,521.05,,,6024,3111550.0,387,F1,1,,,,,
2025-08-07,2025-08-07,CM,BSE,STK,513108,INE524B01027,GANDHITUBE,B,,,,,GANDHI SPECIAL TUBES LTD.,735.1,749.9,713.0,729.3,729.3,742.5,,734.15,,,149,108428.0,70,F1,1,,,,,
2025-08-07,2025-08-07,CM,BSE,STK,513117,INE991A01020,AMFORG,X,,,,,AMFORGE INDUSTRIES LTD.,9.97,9.97,9.5,9.6,9.71,9.53,,9.6,,,957,9181.0,24,F1,1,,,,,
2025-08-07,2025-08-07,CM,BSE,STK,513119,INE173M01012,ONIXSOLAR,XT,,,,,ONIX SOLAR ENERGY LIMITED,470.5,470.5,470.5,470.5,470.5,480.1,,470.5,,,3548,1669334.0,30,F1,1,,,,,
2025-08-07,2025-08-07,CM,BSE,STK,513121,INE730A01022,ORICONENT,B,,,,,ORICON ENTERPRISES LTD.,51.83,54.0,51.39,53.54,54.0,51.83,,53.74,,,106702,5621123.0,997,F1,1,,,,,
2025-08-07,2025-08-07,CM,BSE,STK,513149,INE950D01012,ACROW,X,,,,,ACROW INDIA LTD.,681.0,681.0,636.0,663.85,663.85,727.7,,663.85,,,366,243666.0,52,F1,1,,,,,
2025-08-07,2025-08-07,CM,BSE,STK,513173,INE205F01016,STLSTRINF,X,,,,,STEEL STRIPS INFRASTRUCTURES L,24.68,24.68,23.3,24.47,24.47,24.69,,24.47,,,606,14430.0,19,F1,1,,,,,
2025-08-07,2025-08-07,CM,BSE,STK,513228,INE932A01024,PENIND,B,,,,,PENNAR INDUSTRIES LTD.,222.0,227.3,219.6,225.35,226.4,220.5,,225.55,,,68080,15260950.0,1349,F1,1,,,,,
2025-08-07,2025-08-07,CM,BSE,STK,513250,INE197A01024,JYOTISTRUC,B,,,,,JYOTI STRUCTURES LTD.,16.2,16.9,15.88,16.64,16.64,16.29,,16.65,,,599249,9716768.0,1280,F1,1,,,,,
2025-08-07,2025-08-07,CM,BSE,STK,513252,INE289D01015,JAYUSH,X,,,,,JAY USHIN LTD.,698.0,698.0,670.0,693.5,694.0,677.9,,693.5,,,4298,2953424.0,18,F1,1,,,,,
2025-08-07,2025-08-07,CM,BSE,STK,513262,INE802C01033,SSWL,B,,,,,STEEL STRIPS WHEELS LTD.,217.7,222.25,212.9,218.45,217.1,217.7,,218.53,,,28675,6243216.0,1871,F1,1,,,,,
2025-08-07,2025-08-07,CM,BSE,STK,513269,INE993A01026,MANINDS,B,,,,,MAN INDUSTRIES (INDIA) LTD.,430.85,430.85,415.0,423.85,419.05,430.8,,424.45,,,32193,13625522.0,915,F1,1,,,,,
2025-08-07,2025-08-07,CM,BSE,STK,513295,INE611C01020,IMEC,XT,,,,,IMEC SERVICES LIMITED,185.7,185.7,185.7,185.7,185.7,182.1,,185.7,,,511,94892.0,11,F1,1,,,,,
2025-08-07,2025-08-07,CM,BSE,STK,513303,INE001F01019,MDRNSTL,X,,,,,MODERN STEELS LTD.,16.99,17.8,16.5,17.05,17.65,16.52,,17.05,,,4036,69927.0,56,F1,1,,,,,
2025-08-07,2025-08-07,CM,BSE,STK,513309,INE327C01031,GOLKONDA,XT,,,,,Golkonda Aluminium Extrusions,10.45,11.19,10.44,10.83,10.83,10.98,,10.83,,,5483,57736.0,24,F1,1,,,,,
2025-08-07,2025-08-07,CM,BSE,STK,513337,INE145J01032,GUJTLRM,X,,,,,GUJARAT TOOLROOM LTD.,1.0,1.01,0.97,0.99,0.99,1.01,,0.99,,,7785281,7691943.0,3033,F1,1,,,,,
2025-08-07,2025-08-07,CM,BSE,STK,513349,INE298G01027,AJMERA,B,,,,,AJMERA REALTY & INFRA INDIA LT,904.75,904.75,854.7,870.45,870.45,915.05,,871.65,,,12052,10549912.0,1065,F1,1,,,,,
2025-08-07,2025-08-07,CM,BSE,STK,513353,INE105D01013,COCHINM,X,,,,,COCHIN MINERALS & RUTILE LTD.,317.0,320.1,297.7,306.5,307.8,319.15,,306.5,,,8131,2505244.0,309,F1,1,,,,,
2025-08-07,2025-08-07,CM,BSE,STK,513361,INE072A01029,ISWL,XT,,,,,INDIA STEEL WORKS LTD.,11.78,11.92,10.86,11.72,11.72,11.36,,11.72,,,3179190,36874115.0,3085,F1,1,,,,,
2025-08-07,2025-08-07,CM,BSE,STK,513369,INE013J01016,KVFORGE,XT,,,,,KRISHANVEER FORGE LIMITED,118.0,127.1,118.0,127.1,127.1,121.05,,127.1,,,9226,1167114.0,65,F1,1,,,,,
2025-08-07,2025-08-07,CM,BSE,STK,513375,INE120A01034,CARBORUNIV,A,,,,,CARBORUNDUM UNIVERSAL LTD.,880.0,887.1,849.45,854.6,854.6,885.75,,855.75,,,15615,13458600.0,1835,F1,1,,,,,
2025-08-07,2025-08-07,CM,BSE,STK,513377,INE123F01029,MMTC,A,,,,,MMTC LTD.,65.0,65.71,62.32,64.55,64.15,64.9,,64.43,,,116533,7430041.0,1486,F1,1,,,,,
2025-08-07,2025-08-07,CM,BSE,STK,513401,INE587D01012,ASHIS,X,,,,,ASHIANA ISPAT LTD.,19.6,21.42,19.6,20.0,20.0,20.57,,20.0,,,4829,98234.0,21,F1,1,,,,,
2025-08-07,2025-08-07,CM,BSE,STK,513403,INE092C01015,PMTELELIN,XT,,,,,P.M.TELELINNKS LTD.,8.69,8.69,7.9,7.9,7.9,8.31,,7.9,,,4234,33751.0,23,F1,1,,,,,
2025-08-07,2025-08-07,CM,BSE,STK,513418,INE728B01032,SMFIL,X,,,,,SMITHS & FOUNDERS (INDIA) LIMI,4.76,5.12,4.76,5.04,5.11,5.0,,5.04,,,16581,83051.0,36,F1,1,,,,,
2025-08-07,2025-08-07,CM,BSE,STK,513422,INE373E01015,BLOIN,X,,,,,BLOOM INDUSTRIES LTD.,43.0,43.99,40.0,42.96,43.99,41.86,,42.96,,,9610,411404.0,44,F1,1,,,,,
2025-08-07,2025-08-07,CM,BSE,STK,513430,INE501L01024,MAITRI,XT,,,,,Maitri Enterprises Limited,28.55,29.97,28.55,29.97,29.97,28.55,,29.97,,,1314,38412.0,8,F1,1,,,,,
2025-08-07,2025-08-07,CM,BSE,STK,513436,INE640C01011,SHAHALLOYS,B,,,,,SHAH ALLOYS LTD.,59.36,59.36,55.1,57.96,57.96,58.18,,57.55,,,4863,277087.0,152,F1,1,,,,,
2025-08-07,2025-08-07,CM,BSE,STK,513452,INE594D01018,ELANGO,XT,,,,,ELANGO INDUSTRIES LTD.,11.12,11.12,10.62,10.62,10.62,11.17,,10.62,,,1113,12373.0,9,F1,1,,,,,
2025-08-07,2025-08-07,CM,BSE,STK,513456,INE791E01018,KANSHST,XT,,,,,KANISHK STEEL INDUSTRIES LTD.,47.99,47.99,45.1,47.24,47.24,47.11,,47.24,,,1282,58360.0,14,F1,1,,,,,
2025-08-07,2025-08-07,CM,BSE,STK,513460,INE257F01017,MAHALXSE,Z,,,,,MAHALAXMI SEAMLESS LTD.,8.09,8.49,7.69,8.42,7.69,8.09,,8.42,,,20124,162774.0,12,F1,1,,,,,
2025-08-07,2025-08-07,CM,BSE,STK,513472,INE658D01011,SIMPLEXCAS,XT,,,,,SIMPLEX CASTINGS LTD.,378.0,378.0,378.0,378.0,378.0,385.7,,378.0,,,2340,884520.0,28,F1,1,,,,,
2025-08-07,2025-08-07,CM,BSE,STK,513488,INE387D01025,SSWRL,X,,,,,SHREE STEEL WIRE ROPES LTD.,31.89,31.89,30.19,30.35,30.49,30.0,,30.35,,,502,15855.0,9,F1,1,,,,,
2025-08-07,2025-08-07,CM,BSE,STK,513496,INE235U01012,SIZEMASTER,X,,,,,SIZEMASTERS TECHNOLOGY LIMITED,128.0,144.0,128.0,143.7,144.0,142.0,,143.7,,,10,1390.0,3,F1,1,,,,,
2025-08-07,2025-08-07,CM,BSE,STK,513498,INE308N01012,SOUTHMG,X,,,,,SOUTHERN MAGNESIUM & CHEMICALS,155.0,160.0,139.65,139.65,139.65,155.15,,139.65,,,5615,803415.0,150,F1,1,,,,,
2025-08-07,2025-08-07,CM,BSE,STK,513502,INE927K01023,BAROEXT,X,,,,,BARODA EXTRUSION LTD.,7.39,7.39,7.0,7.12,7.16,7.17,,7.12,,,58738,419052.0,138,F1,1,,,,,
2025-08-07,2025-08-07,CM,BSE,STK,513509,INE314G01014,KALYANIFRG,B,,,,,KALYANI FORGE LTD.,702.75,758.0,682.95,702.1,710.9,708.9,,704.0,,,341,247908.0,63,F1,1,,,,,
2025-08-07,2025-08-07,CM,BSE,STK,513511,INE798F01010,PANCHMAHQ,XT,,,,,PANCHMAHAL STEEL LTD.,255.0,257.0,247.0,257.0,257.0,252.0,,257.0,,,1632,414439.0,28,F1,1,,,,,
2025-08-07,2025-08-07,CM,BSE,STK,513513,INE570B01012,ADITYA,X,,,,,ADITYA ISPAT LTD.,9.51,9.51,9.32,9.36,9.36,9.31,,9.36,,,3670,34552.0,14,F1,1,,,,,
2025-08-07,2025-08-07,CM,BSE,STK,513517,INE124E01020,STEELCAS,B,,,,,STEELCAST LTD.,1040.3,1045.3,1019.6,1023.65,1019.8,1056.25,,1025.6,,,1215,1247221.0,198,F1,1,,,,,
2025-08-07,2025-08-07,CM,BSE,STK,513519,INE450D01021,PITTIENG,A,,,,,PITTI ENGINEERING LIMITED,909.95,909.95,877.0,887.5,877.0,920.2,,887.75,,,3918,3495747.0,555,F1,1,,,,,
2025-08-07,2025-08-07,CM,BSE,STK,513528,INE741B01027,GLITTEKG,XT,,,,,GLITTEK GRANITES LTD.,11.53,11.53,11.53,11.53,11.53,11.76,,11.53,,,10891,125573.0,14,F1,1,,,,,
2025-08-07,2025-08-07,CM,BSE,STK,513532,INE770A01010,PRADPME,X,,,,,PRADEEP METALS LTD.,304.6,309.75,304.25,304.65,304.5,304.25,,304.65,,,1780,544469.0,94,F1,1,,,,,
2025-08-07,2025-08-07,CM,BSE,STK,513536,INE207H01018,GNRL,XT,,,,,GUJARAT NATURAL RESOURCES LIMI,74.86,77.0,74.86,77.0,77.0,76.38,,77.0,,,278076,20904540.0,217,F1,1,,,,,
2025-08-07,2025-08-07,CM,BSE,STK,513540,INE176E01012,TNSTLTU,P,,,,,TAMILNADU STEEL TUBES LTD.,20.8,20.8,18.82,18.82,18.82,19.81,,18.82,,,1100,21989.0,5,F1,100,,,,,
2025-08-07,2025-08-07,CM,BSE,STK,513544,INE277E01026,MSCTC,XT,,,,,MARDIA SAMYOUNG CAPILLARY TUBE,37.07,37.07,37.07,37.07,37.07,36.35,,37.07,,,330,12233.0,5,F1,1,,,,,
2025-08-07,2025-08-07,CM,BSE,STK,513548,INE385M01012,SHRDAIS,X,,,,,SHARDA ISPAT LTD.,272.55,286.85,268.3,270.4,270.4,290.0,,270.4,,,307,83756.0,53,F1,1,,,,,
2025-08-07,2025-08-07,CM,BSE,STK,513554,INE451L01014,MAHASTEEL,T,,,,,MAHAMAYA STEEL INDUSTRIES LTD.,358.95,378.85,343.05,356.75,374.65,360.85,,362.3,,,1100,385413.0,36,F1,1,,,,,
2025-08-07,2025-08-07,CM,BSE,STK,513566,INE608C01026,NOVIS,X,,,,,NOVA IRON & STEEL LTD.,14.43,15.0,14.01,14.99,14.99,14.5,,14.99,,,1263,18698.0,19,F1,1,,,,,
2025-08-07,2025-08-07,CM,BSE,STK,513575,INE067E01013,STERPOW,X,,,,,STERLING POWERGENSYS LTD,34.45,34.8,33.01,34.13,34.0,34.7,,34.13,,,2869,97985.0,59,F1,1,,,,,
2025-08-07,2025-08-07,CM,BSE,STK,513599,INE531E01026,HINDCOPPER,A,,,,,HINDUSTAN COPPER LTD.,243.25,245.35,236.25,241.2,241.2,244.95,,241.27,,,604844,145816396.0,3283,F1,1,,,,,
2025-08-07,2025-08-07,CM,BSE,STK,513629,INE463D01016,TULSYAN,X,,,,,TULSYAN NEC LTD.,35.66,35.66,33.85,33.94,33.9,36.5,,33.94,,,3609,123628.0,35,F1,1,,,,,
2025-08-07,2025-08-07,CM,BSE,STK,513642,INE197C01012,AXELPOLY,XT,,,,,AXEL POLYMERS LTD.,54.63,55.0,53.54,53.54,53.54,54.63,,53.54,,,260,14205.0,7,F1,1,,,,,
2025-08-07,2025-08-07,CM,BSE,STK,513683,INE589A01014,NLCINDIA,A,,,,,NLC India Limited,233.95,234.15,226.75,233.3,233.35,233.65,,233.34,,,47025,10864892.0,1038,F1,1,,,,,
2025-08-07,2025-08-07,CM,BSE,STK,513687,INE848B01012,SPECTRA,Z,,,,,SPECTRA INDUSTRIES LTD.,3.96,4.19,3.96,4.19,4.19,4.0,,4.19,,,200,836.0,2,F1,1,,,,,
2025-08-07,2025-08-07,CM,BSE,STK,513693,INE434C01027,KAJARIR,XT,,,,,KIC METALIKS LTD.,35.1,35.1,33.5,34.0,34.0,34.0,,34.0,,,845,28493.0,10,F1,1,,,,,
2025-08-07,2025-08-07,CM,BSE,STK,513699,INE584G01012,SOLIDSTON,X,,,,,SOLID STONE COMPANY LTD.,34.0,34.0,33.0,33.01,33.01,34.5,,33.01,,,140,4621.0,3,F1,1,,,,,
2025-08-07,2025-08-07,CM,BSE,STK,513709,INE960A01017,SHILGRAVQ,X,,,,,SHILP GRAVURES LTD.,232.0,235.0,211.0,226.65,229.0,235.0,,226.65,,,4913,1085808.0,125,F1,1,,,,,
2025-08-07,2025-08-07,CM,BSE,STK,513713,INE146C01019,WHITEORG,X,,,,,White Organic Agro Limited,5.12,5.15,5.0,5.0,5.08,5.08,,5.0,,,7737,38983.0,61,F1,1,,,,,
2025-08-07,2025-08-07,CM,BSE,STK,513721,INE614F01019,MFSINTRCRP,X,,,,,MFS INTERCORP LTD.,15.2,16.1,13.2,15.98,15.9,14.64,,15.98,,,31058,496385.0,39,F1,1,,,,,
2025-08-07,2025-08-07,CM,BSE,STK,513729,INE210C01013,AROGRANITE,B,,,,,ARO GRANITE INDUSTRIES LTD.,42.21,43.9,37.3,38.19,38.03,41.14,,38.19,,,132280,5302855.0,1069,F1,1,,,,,
2025-08-07,2025-08-07,CM,BSE,STK,514010,INE723D01021,RUDRAECO,X,,,,,RUDRA ECOVATION LIMITED,40.0,40.45,39.0,40.16,40.45,39.64,,40.16,,,41899,1664274.0,199,F1,1,,,,,
2025-08-07,2025-08-07,CM,BSE,STK,514028,INE376L01013,RAJKSYN,X,,,,,RAJKAMAL SYNTHETICS LTD.,39.99,40.5,39.9,40.03,40.5,39.0,,40.03,,,7244,289848.0,19,F1,1,,,,,
2025-08-07,2025-08-07,CM,BSE,STK,514030,INE272C01013,DEEPAKSP,X,,,,,DEEPAK SPINNERS LTD.,142.25,145.95,140.75,141.85,141.85,142.25,,141.85,,,1201,170572.0,50,F1,1,,,,,
2025-08-07,2025-08-07,CM,BSE,STK,514036,INE970D01010,LOYALTEX,T,,,,,LOYAL TEXTILE MILLS LTD.,359.0,359.0,351.25,351.25,351.25,369.7,,351.25,,,40,14057.0,4,F1,1,,,,,
2025-08-07,2025-08-07,CM,BSE,STK,514043,INE049A01027,HIMATSEIDE,B,,,,,HIMATSINGKA SEIDE LTD.,124.05,128.6,122.35,125.1,125.0,125.45,,124.92,,,61428,7698335.0,886,F1,1,,,,,
2025-08-07,2025-08-07,CM,BSE,STK,514045,INE594B01012,BSL,T,,,,,BSL LTD.,144.05,148.95,143.6,148.95,148.95,146.5,,148.95,,,364,52469.0,7,F1,1,,,,,
2025-08-07,2025-08-07,CM,BSE,STK,514060,INE229N01010,MARKOBENZ,X,,,,,MARKOBENZ VENTURES LIMITED,7.96,8.08,7.47,7.63,7.92,7.85,,7.63,,,22309,171711.0,96,F1,1,,,,,
2025-08-07,2025-08-07,CM,BSE,STK,514087,INE501F01018,PBMPOLY,X,,,,,PBM POLYTEX LTD.,76.87,76.87,70.41,74.94,74.94,71.29,,74.94,,,202,15326.0,4,F1,1,,,,,
2025-08-07,2025-08-07,CM,BSE,STK,514138,INE132C01027,SURYALA,X,,,,,SURYALATA SPINNING MILLS LTD.,338.0,338.0,321.0,321.35,321.0,326.0,,321.35,,,578,186015.0,44,F1,1,,,,,
2025-08-07,2025-08-07,CM,BSE,STK,514142,INE592B01024,TTL,T,,,,,T T LTD.,12.63,12.63,12.1,12.2,12.37,12.42,,12.2,,,4554,56087.0,34,F1,1,,,,,
2025-08-07,2025-08-07,CM,BSE,STK,514162,INE192B01031,WELSPUNLIV,A,,,,,WELSPUN LIVING LIMITED,113.0,120.2,111.45,118.7,118.7,115.85,,118.76,,,467231,53775658.0,3291,F1,1,,,,,
2025-08-07,2025-08-07,CM,BSE,STK,514165,INE862B01013,INDIANACRY,X,,,,,INDIAN ACRYLICS LTD.,8.11,8.11,7.52,7.82,7.82,7.81,,7.82,,,37068,289673.0,116,F1,1,,,,,
2025-08-07,2025-08-07,CM,BSE,STK,514167,INE845D01014,GANECOS,A,,,,,GANESHA ECOSPHERE LTD.,1418.05,1433.05,1387.25,1393.5,1387.85,1439.9,,1391.5,,,6538,9155537.0,1089,F1,1,,,,,
2025-08-07,2025-08-07,CM,BSE,STK,514171,INE760J01012,CEETAIN,X,,,,,CEETA INDUSTRIES LTD.,49.2,49.2,47.76,47.76,47.76,47.76,,47.76,,,29,1407.0,6,F1,1,,,,,
2025-08-07,2025-08-07,CM,BSE,STK,514175,INE835A01029,VARDMNPOLY,B,,,,,VARDHMAN POLYTEX LTD.,10.43,10.43,9.45,9.5,9.45,9.92,,9.5,,,15255,146319.0,96,F1,1,,,,,
2025-08-07,2025-08-07,CM,BSE,STK,514183,INE761G01016,BLACKROSE,X,,,,,BLACK ROSE INDUSTRIES LTD.,98.25,99.5,97.0,98.75,99.3,98.6,,98.75,,,7043,693700.0,236,F1,1,,,,,
2025-08-07,2025-08-07,CM,BSE,STK,514197,INE110Q01023,STCORP,X,,,,,S&T CORPORATION LTD.,5.8,5.94,5.78,5.78,5.78,5.82,,5.78,,,1447,8410.0,18,F1,1,,,,,
2025-08-07,2025-08-07,CM,BSE,STK,514211,INE235C01028,SUMEETINDS,T,,,,,SUMEET INDUSTRIES LTD.,122.5,125.0,122.5,125.0,125.0,125.0,,125.0,,,5536,678503.0,41,F1,1,,,,,
2025-08-07,2025-08-07,CM,BSE,STK,514223,INE410D01017,RAMGOPOLY,X,,,,,RAMGOPAL POLYTEX LTD.,5.25,5.26,5.25,5.26,5.26,5.22,,5.26,,,307,1611.0,9,F1,1,,,,,
2025-08-07,2025-08-07,CM,BSE,STK,514234,INE495C01010,SANGAMIND,B,,,,,SANGAM (INDIA) LTD.,370.0,377.0,360.05,373.85,374.7,377.35,,374.75,,,9389,3466678.0,451,F1,1,,,,,
2025-08-07,2025-08-07,CM,BSE,STK,514238,INE874A01010,MKVENTURES,X,,,,,MKVENTURES CAPITAL LIMITED,1600.1,1609.7,1545.0,1582.4,1592.0,1657.0,,1582.4,,,1412,2229268.0,209,F1,1,,,,,
2025-08-07,2025-08-07,CM,BSE,STK,514240,INE979D01011,KUSHIND,X,,,,,Kush Industries Limited,8.95,8.95,8.33,8.51,8.51,8.66,,8.51,,,1603,14058.0,36,F1,1,,,,,
2025-08-07,2025-08-07,CM,BSE,STK,514264,INE707B01010,SEASONST,X,,,,,SEASONS TEXTILES LTD.,19.75,20.0,19.0,19.75,19.75,19.36,,19.75,,,1397,27589.0,27,F1,1,,,,,
2025-08-07,2025-08-07,CM,BSE,STK,514266,INE106C01013,ZENIFIB,X,,,,,ZENITH FIBRES LTD.,70.06,72.89,68.03,71.77,72.0,70.27,,71.77,,,1873,132791.0,39,F1,1,,,,,
2025-08-07,2025-08-07,CM,BSE,STK,514272,INE436C01014,BHILSPIN,X,,,,,BHILWARA SPINNERS LTD.,125.05,125.05,121.1,121.15,121.1,123.75,,121.15,,,462,56249.0,18,F1,1,,,,,
2025-08-07,2025-08-07,CM,BSE,STK,514274,INE273D01019,AARVEEDEN,T,,,,,AARVEE DENIMS & EXPORTS LTD.,176.2,182.7,174.1,179.5,179.0,176.1,,178.68,,,10725,1920748.0,147,F1,1,,,,,
2025-08-07,2025-08-07,CM,BSE,STK,514280,INE589J01015,SANTETX,X,,,,,SANRHEA TECHNICAL TEXTILES LTD,140.0,147.8,135.1,141.5,147.8,142.9,,141.5,,,446,62364.0,13,F1,1,,,,,
2025-08-07,2025-08-07,CM,BSE,STK,514286,INE440A01010,ASHIMASYN,T,,,,,ASHIMA LTD.,24.5,24.5,23.71,24.29,24.3,24.4,,23.96,,,9228,221427.0,37,F1,1,,,,,
2025-08-07,2025-08-07,CM,BSE,STK,514300,INE156C01018,PIONEEREMB,B,,,,,PIONEER EMBROIDERIES LTD.,39.31,40.47,39.0,40.44,40.31,39.82,,40.01,,,517,20418.0,68,F1,1,,,,,
2025-08-07,2025-08-07,CM,BSE,STK,514302,INE660D01017,VIPPYSP,X,,,,,VIPPY SPINPRO LTD.,179.0,179.0,170.4,177.75,178.0,171.75,,177.75,,,588,104338.0,18,F1,1,,,,,
2025-08-07,2025-08-07,CM,BSE,STK,514312,INE156E01014,JAIHINDS,XT,,,,,JAIHIND SYNTHETICS LTD.,63.85,63.85,60.7,63.49,63.7,63.85,,63.49,,,20278,1241349.0,31,F1,1,,,,,
2025-08-07,2025-08-07,CM,BSE,STK,514316,INE969C01022,RAGHUSYN,X,,,,,RAGHUVIR SYNTHETICS LTD.,127.2,131.5,127.2,128.75,128.75,129.95,,128.75,,,10958,1415023.0,49,F1,1,,,,,
2025-08-07,2025-08-07,CM,BSE,STK,514318,INE722N01014,JATTAINDUS,XT,,,,,JATTASHANKAR INDUSTIES LTD.,225.0,233.0,213.1,218.7,218.0,222.2,,218.7,,,671,146576.0,21,F1,1,,,,,
2025-08-07,2025-08-07,CM,BSE,STK,514324,INE814D01010,OMNITEX,XT,,,,,OMNITEX INDUSTRIES (INDIA) LTD,531.5,534.15,531.5,531.5,531.5,542.3,,531.5,,,3542,1885058.0,34,F1,1,,,,,
2025-08-07,2025-08-07,CM,BSE,STK,514326,INE790C01014,PATSPINLTD,X,,,,,PATSPIN INDIA LTD.,10.8,10.88,10.45,10.59,10.52,10.43,,10.59,,,2526,27065.0,17,F1,1,,,,,
2025-08-07,2025-08-07,CM,BSE,STK,514330,INE670O01013,ONEGLOBAL,X,,,,,ONE GLOBAL SERVICE PROVIDER LI,246.0,246.0,220.4,232.7,232.7,244.85,,232.7,,,11384,2634921.0,313,F1,1,,,,,
2025-08-07,2025-08-07,CM,BSE,STK,514332,INE216I01017,NEOINFRA,X,,,,,NEO INFRACON LTD.,35.9,35.9,30.45,33.19,35.66,32.69,,33.19,,,879,29440.0,43,F1,1,,,,,
2025-08-07,2025-08-07,CM,BSE,STK,514336,INE194N01016,GENESIS,X,,,,,GENESIS IBRC INDIA LIMITED,31.31,31.31,31.31,31.31,31.31,29.82,,31.31,,,1,31.0,1,F1,1,,,,,
2025-08-07,2025-08-07,CM,BSE,STK,514348,INE784B01035,WINSOME,Z,,,,,WINSOME YARNS LTD.,1.85,1.85,1.85,1.85,1.85,1.85,,1.87,,,7500,13875.0,3,F1,1,,,,,
2025-08-07,2025-08-07,CM,BSE,STK,514354,INE309M01020,PREMIERPOL,B,,,,,PREMIER POLYFILM LTD.,46.76,46.76,44.74,45.65,45.25,46.46,,45.66,,,21153,959803.0,468,F1,1,,,,,
2025-08-07,2025-08-07,CM,BSE,STK,514358,INE339D01034,EVERFIN,XT,,,,,EVERLON FINANCIALS LIMITED,130.0,136.5,130.0,136.0,136.0,130.0,,136.0,,,61,8174.0,11,F1,1,,,,,
2025-08-07,2025-08-07,CM,BSE,STK,514360,INE078T01026,KRRAIL,X,,,,,K&R RAIL ENGINEERING LIMITED,52.1,52.5,48.05,49.12,49.12,51.75,,49.12,,,148116,7433669.0,1598,F1,1,,,,,
2025-08-07,2025-08-07,CM,BSE,STK,514378,INE564C01013,YARNSYN,XT,,,,,YARN SYNDICATE LTD.,22.15,22.15,22.15,22.15,22.15,22.6,,22.15,,,70,1550.0,5,F1,1,,,,,
2025-08-07,2025-08-07,CM,BSE,STK,514386,INE004C01028,GUJCOTEX,X,,,,,GUJARAT COTEX LTD.,9.6,9.6,8.75,9.16,9.33,9.15,,9.16,,,48129,438730.0,290,F1,1,,,,,
2025-08-07,2025-08-07,CM,BSE,STK,514402,INE638N01012,ECOHOTELS,X,,,,,ECO HOTELS AND RESORTS LIMITED,18.53,18.53,17.62,18.0,18.0,17.66,,18.0,,,58890,1056554.0,51,F1,1,,,,,
2025-08-07,2025-08-07,CM,BSE,STK,514412,INE305D01019,SARUPINDUS,XT,,,,,SARUP INDUSTRIES LTD.,102.0,102.0,93.2,93.45,93.2,97.9,,93.45,,,59,5520.0,5,F1,1,,,,,
2025-08-07,2025-08-07,CM,BSE,STK,514418,INE370D01013,MANORG,T,,,,,MANGALAM ORGANICS LIMITED,471.1,471.1,453.0,471.1,471.1,471.1,,461.25,,,372,171872.0,29,F1,1,,,,,
2025-08-07,2025-08-07,CM,BSE,STK,514428,INE074C01013,HINDADH,X,,,,,HINDUSTAN ADHESIVES LTD.,313.2,319.7,311.25,318.4,318.5,317.15,,318.4,,,304,95427.0,33,F1,1,,,,,
2025-08-07,2025-08-07,CM,BSE,STK,514440,INE439N01031,BPAGRI,XT,,,,,Blue Pearl Agriventures Limite,88.66,88.66,88.66,88.66,88.66,86.93,,88.66,,,313,27750.0,6,F1,1,,,,,
2025-08-07,2025-08-07,CM,BSE,STK,514442,INE009C01019,SRIKPRIND,X,,,,,SRI KPR INDUSTRIES LTD.,30.0,32.0,30.0,31.47,32.0,30.34,,31.47,,,1985,62562.0,39,F1,1,,,,,
2025-08-07,2025-08-07,CM,BSE,STK,514446,INE345D01031,LSIND,B,,,,,LS INDUSTRIES LTD.,30.0,30.07,28.99,29.2,29.01,29.39,,29.2,,,6411,188836.0,134,F1,1,,,,,
2025-08-07,2025-08-07,CM,BSE,STK,514448,INE577D01013,JYOTIRES,B,,,,,JYOTI RESINS & ADHESIVES LTD.,1331.6,1399.0,1327.05,1371.25,1350.0,1345.3,,1371.25,,,8938,12120908.0,748,F1,1,,,,,
2025-08-07,2025-08-07,CM,BSE,STK,514450,INE112D01035,MHLXMIRU,B,,,,,MAHALAXMI RUBTECH LTD.,216.1,216.8,212.9,215.0,215.0,215.9,,214.46,,,1363,291689.0,53,F1,1,,,,,
2025-08-07,2025-08-07,CM,BSE,STK,514454,INE410M01018,SOUTLAT,XT,,,,,SOUTHERN LATEX LTD.,27.16,28.26,27.16,28.26,28.26,27.71,,28.26,,,197,5351.0,3,F1,1,,,,,
2025-08-07,2025-08-07,CM,BSE,STK,514460,INE670H01017,OSWAYRN,XT,,,,,OSWAL YARNS LTD.,30.0,30.0,30.0,30.0,30.0,30.35,,30.0,,,273,8190.0,6,F1,1,,,,,
2025-08-07,2025-08-07,CM,BSE,STK,514470,INE837B01031,WINSOMTX,B,,,,,WINSOME TEXTILE INDUSTRIES LTD,99.9,99.9,94.0,95.15,95.15,99.55,,95.15,,,22615,2186017.0,251,F1,1,,,,,
2025-08-07,2025-08-07,CM,BSE,STK,515008,INE219W01012,MODINSU,X,,,,,MODERN INSULATORS LTD.,101.9,101.9,97.55,99.25,100.0,99.9,,99.25,,,13085,1293131.0,174,F1,1,,,,,
2025-08-07,2025-08-07,CM,BSE,STK,515018,INE277C01012,REGENCERAM,B,,,,,REGENCY CERAMICS LTD.,47.0,50.88,47.0,50.01,50.0,48.72,,49.97,,,344,17064.0,31,F1,1,,,,,
2025-08-07,2025-08-07,CM,BSE,STK,515030,INE439A01020,ASAHIINDIA,A,,,,,ASAHI INDIA GLASS LTD.,829.1,840.25,810.0,836.0,832.15,825.85,,835.85,,,7859,6466290.0,711,F1,1,,,,,
2025-08-07,2025-08-07,CM,BSE,STK,515037,INE692B01014,MURUDCERA,B,,,,,MURUDESHWAR CERAMICS LTD.,46.5,46.5,43.54,44.0,44.03,45.62,,44.34,,,7709,342511.0,149,F1,1,,,,,
2025-08-07,2025-08-07,CM,BSE,STK,515043,INE068B01017,SEKURITIND,B,,,,,SAINT-GOBAIN SEKURIT INDIA LTD,108.85,109.7,107.5,108.2,108.65,108.85,,108.2,,,21391,2316527.0,322,F1,1,,,,,
2025-08-07,2025-08-07,CM,BSE,STK,515055,INE242C01024,ANANTRAJ,A,,,,,ANANT RAJ LIMITED,539.4,549.9,534.0,546.6,546.6,544.15,,546.6,,,214415,116225469.0,5312,F1,1,,,,,
2025-08-07,2025-08-07,CM,BSE,STK,515059,INE469C01023,MADHUDIN,X,,,,,MADHUSUDAN INDUSTRIES LTD.,45.0,45.79,42.45,45.5,45.5,45.4,,45.5,,,4032,180634.0,30,F1,1,,,,,
2025-08-07,2025-08-07,CM,BSE,STK,515085,INE298E01022,RESTILE,XT,,,,,RESTILE CERAMICS LTD.,8.81,9.69,8.77,9.63,9.69,9.23,,9.63,,,41003,378738.0,190,F1,1,,,,,
2025-08-07,2025-08-07,CM,BSE,STK,515093,INE925C01016,MADHAV,B,,,,,MADHAV MARBLES & GRANITES LTD.,43.1,43.69,42.46,43.04,43.69,43.77,,43.0,,,1607,69176.0,44,F1,1,,,,,
2025-08-07,2025-08-07,CM,BSE,STK,515127,INE650D01026,RAMASIGNS,X,,,,,Ramasigns Industries Limited,2.16,2.17,2.16,2.16,2.16,2.08,,2.16,,,14539,31413.0,12,F1,1,,,,,
2025-08-07,2025-08-07,CM,BSE,STK,515145,INE952A01022,HINDNATGLS,T,,,,,HINDUSTHAN NATIONAL GLASS & IN,14.65,15.05,14.5,14.56,14.5,15.25,,14.53,,,3570,52068.0,15,F1,1,,,,,
2025-08-07,2025-08-07,CM,BSE,STK,515147,INE506D01020,HALDYNGL,X,,,,,HALDYN GLASS LTD,132.0,134.0,127.3,131.3,130.2,132.2,,131.3,,,14528,1901244.0,202,F1,1,,,,,
2025-08-07,2025-08-07,CM,BSE,STK,516003,INE932D01010,DUROPLY,X,,,,,DUROPLY INDUSTRIES LIMITED,215.25,218.0,208.75,210.75,212.55,218.35,,210.75,,,3225,693021.0,92,F1,1,,,,,
2025-08-07,2025-08-07,CM,BSE,STK,516016,INE231C01019,SHREYANIND,T,,,,,SHREYANS INDUSTRIES LTD.,230.2,230.2,222.05,223.5,223.5,227.9,,225.15,,,1106,249909.0,29,F1,1,,,,,
2025-08-07,2025-08-07,CM,BSE,STK,516020,INE112C01011,AGIOPAPER,XT,,,,,AGIO PAPER & INDUSTRIES LTD.,4.96,4.98,4.96,4.98,4.98,4.98,,4.98,,,417,2068.0,5,F1,1,,,,,
2025-08-07,2025-08-07,CM,BSE,STK,516022,INE733A01018,STARPAPER,B,,,,,STAR PAPER MILLS LTD.,172.05,172.45,167.8,168.95,168.95,169.95,,168.47,,,402,67696.0,28,F1,1,,,,,
2025-08-07,2025-08-07,CM,BSE,STK,516030,INE551D01018,PAKKA,B,,,,,PAKKA LIMITED,195.2,195.2,182.75,188.5,189.45,191.95,,187.98,,,31444,5913317.0,627,F1,1,,,,,
2025-08-07,2025-08-07,CM,BSE,STK,516032,INE385D01029,TAHMARENT,X,,,,,TAHMAR ENTERPRISES LIMITED,13.34,13.37,12.5,12.6,12.6,12.85,,12.6,,,20944,266171.0,44,F1,1,,,,,
2025-08-07,2025-08-07,CM,BSE,STK,516062,INE497C01016,NATPLY,Z,,,,,NATIONAL PLYWOOD INDUSTRIES LT,3.88,4.0,3.85,3.85,3.85,4.05,,3.85,,,7186,27767.0,11,F1,1,,,,,
2025-08-07,2025-08-07,CM,BSE,STK,516064,INE570D01018,ARROWGREEN,B,,,,,Arrow Greentech Limited,759.0,774.0,750.1,763.95,774.0,760.8,,767.25,,,1504,1138873.0,288,F1,1,,,,,
2025-08-07,2025-08-07,CM,BSE,STK,516072,INE270I01022,VISHNU,B,,,,,VISHNU CHEMICALS LTD.,477.5,480.8,469.0,475.95,476.45,477.15,,475.8,,,9401,4461929.0,444,F1,1,,,,,
2025-08-07,2025-08-07,CM,BSE,STK,516078,INE699D01015,JUMBO,X,,,,,JUMBO BAG LTD.,80.75,84.0,80.31,82.66,81.3,81.52,,82.66,,,9069,742872.0,117,F1,1,,,,,
2025-08-07,2025-08-07,CM,BSE,STK,516082,INE740D01017,NRAIL,T,,,,,N.R.AGARWAL INDUSTRIES LTD.,362.7,362.75,362.7,362.75,362.75,370.1,,368.4,,,6,2176.0,3,F1,1,,,,,
2025-08-07,2025-08-07,CM,BSE,STK,516092,INE105C01023,3PLAND,B,,,,,3P LAND HOLDINGS LTD.,44.41,52.01,43.85,47.35,47.35,44.58,,46.76,,,4428,218013.0,57,F1,1,,,,,
2025-08-07,2025-08-07,CM,BSE,STK,516096,INE384D01022,SANPA,X,,,,,SANGAL PAPERS LTD.,188.0,188.0,165.0,174.75,176.2,176.6,,174.75,,,1106,192645.0,44,F1,1,,,,,
2025-08-07,2025-08-07,CM,BSE,STK,516098,INE810C01044,VENTURA,X,,,,,VENTURA TEXTILES LTD.,10.25,10.55,9.7,10.14,10.14,10.04,,10.14,,,2130,21123.0,38,F1,1,,,,,
2025-08-07,2025-08-07,CM,BSE,STK,516106,INE538D01015,SHKARTP,X,,,,,SHREE KARTHIK PAPERS LTD.,8.59,9.1,8.59,9.0,9.0,8.71,,9.0,,,944,8481.0,19,F1,1,,,,,
2025-08-07,2025-08-07,CM,BSE,STK,516108,INE088G01014,STHINPA,X,,,,,SOUTH INDIA PAPER MILLS LTD.,82.15,85.0,82.1,84.98,84.98,84.96,,84.98,,,4267,356462.0,36,F1,1,,,,,
2025-08-07,2025-08-07,CM,BSE,STK,516110,INE146N01016,FAMILYCARE,X,,,,,FAMILY CARE HOSPITALS LIMITED,4.24,4.25,3.9,4.08,4.12,4.24,,4.08,,,169332,685725.0,379,F1,1,,,,,
2025-08-07,2025-08-07,CM,BSE,STK,517015,INE707A01012,VINDHYATEL,B,,,,,VINDHYA TELELINKS LTD.,1520.6,1542.75,1495.7,1530.7,1542.75,1521.95,,1524.0,,,337,509526.0,80,F1,1,,,,,
2025-08-07,2025-08-07,CM,BSE,STK,517035,INE302D01024,RIR,B,,,,,RIR POWER ELECTRONICS LIMITED,212.5,225.15,204.2,220.2,220.2,214.9,,220.2,,,607679,129239474.0,6077,F1,1,,,,,
2025-08-07,2025-08-07,CM,BSE,STK,517041,INE045A01017,ADOR,B,,,,,ADOR WELDING LTD.,970.0,1082.6,955.0,999.55,991.1,976.15,,999.95,,,2882,2944020.0,347,F1,1,,,,,
2025-08-07,2025-08-07,CM,BSE,STK,517044,INE649R01010,IDM,X,,,,,INTERNATIONAL DATA MANAGEMENT,24.49,24.49,24.49,24.49,24.49,24.49,,24.49,,,12,293.0,1,F1,1,,,,,
2025-08-07,2025-08-07,CM,BSE,STK,517059,INE457F01013,SALZERELEC,B,,,,,SALZER ELECTRONICS LTD.,843.7,869.2,831.05,854.35,852.25,847.05,,855.0,,,9720,8324982.0,778,F1,1,,,,,
2025-08-07,2025-08-07,CM,BSE,STK,517063,INE919C01019,JETKINGQ,XT,,,,,JETKING INFOTRAIN LTD.,316.35,316.35,316.35,316.35,316.35,310.15,,316.35,,,3745,1184730.0,28,F1,1,,,,,
2025-08-07,2025-08-07,CM,BSE,STK,517096,INE273A01015,APLAB,XT,,,,,APLAB LTD.,44.81,46.6,44.81,44.81,44.81,45.72,,44.81,,,1548,69374.0,9,F1,1,,,,,
2025-08-07,2025-08-07,CM,BSE,STK,517119,INE834B01012,PCS,X,,,,,PCS TECHNOLOGY LTD.,26.02,26.02,24.31,25.38,25.38,25.79,,25.38,,,1926,48198.0,61,F1,1,,,,,
2025-08-07,2025-08-07,CM,BSE,STK,517146,INE228A01035,USHAMART,A,,,,,USHA MARTIN LTD.,355.0,357.9,345.4,350.3,352.05,357.9,,350.85,,,32631,11388825.0,769,F1,1,,,,,
2025-08-07,2025-08-07,CM,BSE,STK,517166,INE252A01019,SPELS,X,,,,,SPEL SEMICONDUCTOR LTD.,111.65,112.9,110.1,112.25,112.25,113.1,,112.25,,,24620,2750595.0,793,F1,1,,,,,
2025-08-07,2025-08-07,CM,BSE,STK,517168,INE287B01021,SUBROS,B,,,,,SUBROS LTD.,887.95,891.0,859.05,874.6,874.6,875.45,,870.85,,,12790,11173083.0,1133,F1,1,,,,,
2025-08-07,2025-08-07,CM,BSE,STK,517170,INE125G01014,EDVENSWA,X,,,,,Edvenswa Enterprises Limited,44.9,45.5,44.54,44.91,44.95,44.56,,44.91,,,17427,782785.0,91,F1,1,,,,,
2025-08-07,2025-08-07,CM,BSE,STK,517174,INE671A01010,HONAUT,A,,,,,HONEYWELL AUTOMATION INDIA LTD,36925.75,36932.05,36450.0,36863.95,36730.45,36925.75,,36845.0,,,60,2203796.0,37,F1,1,,,,,
2025-08-07,2025-08-07,CM,BSE,STK,517201,INE311D01017,SWITCHTE,X,,,,,SWITCHING TECHNOLOGIES GUNTHER,63.25,72.0,63.25,66.55,66.55,68.98,,66.55,,,203,13299.0,9,F1,1,,,,,
2025-08-07,2025-08-07,CM,BSE,STK,517206,INE162B01018,LUMAXIND,B,,,,,LUMAX INDUSTRIES LTD.,3800.0,3800.0,3330.0,3386.85,3386.85,3804.55,,3386.0,,,6033,21270975.0,1367,F1,1,,,,,
2025-08-07,2025-08-07,CM,BSE,STK,517214,INE927C01020,DIGISPICE,B,,,,,DIGISPICE TECHNOLOGIES LIMITED,22.16,22.26,20.66,21.03,21.1,22.18,,21.08,,,47606,1003393.0,218,F1,1,,,,,
2025-08-07,2025-08-07,CM,BSE,STK,517236,INE216C01010,CALCOM,XT,,,,,CALCOM VISION LTD.,112.95,112.95,103.65,106.0,106.0,109.1,,106.0,,,3138,331208.0,65,F1,1,,,,,
2025-08-07,2025-08-07,CM,BSE,STK,517238,INE083E01010,DYNAVSN,X,,,,,DYNAVISION LTD.,263.95,263.95,238.2,241.8,253.1,249.25,,241.8,,,243,59662.0,22,F1,1,,,,,
2025-08-07,2025-08-07,CM,BSE,STK,517246,INE788D01016,BCCFUBA,X,,,,,BCC FUBA INDIA LTD.,100.95,100.95,96.25,99.65,100.0,99.45,,99.65,,,2558,251927.0,85,F1,1,,,,,
2025-08-07,2025-08-07,CM,BSE,STK,517258,INE143C01024,PRECISIO,XT,,,,,PRECISION ELECTRONICS LTD.,206.8,206.8,206.8,206.8,206.8,211.0,,206.8,,,991,204938.0,15,F1,1,,,,,
2025-08-07,2025-08-07,CM,BSE,STK,517264,INE087E01011,FINELINE,XT,,,,,FINE-LINE CIRCUITS LTD.,73.04,73.04,73.04,73.04,73.04,74.53,,73.04,,,19,1387.0,5,F1,1,,,,,
2025-08-07,2025-08-07,CM,BSE,STK,517271,INE292B01021,HBLENGINE,A,,,,,HBL ENGINEERING LIMITED,590.2,600.7,586.1,594.95,596.1,602.45,,594.75,,,31512,18691394.0,1016,F1,1,,,,,
2025-08-07,2025-08-07,CM,BSE,STK,517273,INE902B01017,S&SPOWER,T,,,,,S&S POWER SWITCHGEAR LTD.,379.4,385.0,379.4,385.0,385.0,379.4,,386.7,,,27,10277.0,3,F1,1,,,,,
2025-08-07,2025-08-07,CM,BSE,STK,517288,INE541F01022,GUJARATPOLY,X,,,,,Gujarat Poly Electronics Limit,87.1,92.35,85.0,87.0,88.7,90.24,,87.0,,,6401,557128.0,60,F1,1,,,,,
2025-08-07,2025-08-07,CM,BSE,STK,517300,INE162A01010,GIPCL,B,,,,,GUJARAT INDUSTRIES POWER CO.LT,192.0,194.0,189.0,192.1,191.9,192.2,,191.89,,,14763,2826484.0,278,F1,1,,,,,
2025-08-07,2025-08-07,CM,BSE,STK,517334,INE775A01035,MOTHERSON,A,,,,,Samvardhana Motherson Internat,94.64,94.79,92.58,94.17,94.17,95.17,,94.12,,,594859,55747260.0,4754,F1,1,,,,,
2025-08-07,2025-08-07,CM,BSE,STK,517344,INE110B01017,MINDTECK,T,,,,,MINDTECK (INDIA) LTD.,198.9,206.9,190.25,202.05,201.9,199.9,,196.77,,,2782,548309.0,77,F1,1,,,,,
2025-08-07,2025-08-07,CM,BSE,STK,517354,INE176B01034,HAVELLS,A,,,,,HAVELLS INDIA LTD.,1467.05,1503.6,1467.05,1495.75,1495.75,1489.25,,1494.7,,,68038,100864378.0,3822,F1,1,,,,,
2025-08-07,2025-08-07,CM,BSE,STK,517356,INE167B01025,ACIIN,X,,,,,ACI INFOCOM LTD.,1.93,1.93,1.85,1.88,1.89,1.89,,1.88,,,31932,60096.0,186,F1,1,,,,,
2025-08-07,2025-08-07,CM,BSE,STK,517360,INE689V01018,SBECSYS,XT,,,,,SBEC SYSTEMS (INDIA) LTD.,25.46,25.46,25.46,25.46,25.46,25.97,,25.46,,,122,3106.0,10,F1,1,,,,,
2025-08-07,2025-08-07,CM,BSE,STK,517370,INE437C01012,INCAP,X,,,,,INCAP LTD.,81.7,81.7,70.0,76.36,77.0,81.7,,76.36,,,1224,92778.0,45,F1,1,,,,,
2025-08-07,2025-08-07,CM,BSE,STK,517372,INE877E01015,GUJINTRX,X,,,,,GUJARAT INTRUX LTD.,423.95,427.95,423.95,424.45,425.0,426.05,,424.45,,,1695,718899.0,58,F1,1,,,,,
2025-08-07,2025-08-07,CM,BSE,STK,517380,INE188B01013,IGARASHI,B,,,,,IGARASHI MOTORS INDIA LTD.,625.0,625.0,547.1,560.1,570.7,625.0,,560.9,,,23957,13710746.0,1817,F1,1,,,,,
2025-08-07,2025-08-07,CM,BSE,STK,517385,INE225D01027,SYMPHONY,A,,,,,SYMPHONY LIMITED,980.05,994.25,962.6,974.35,976.5,985.7,,974.1,,,9059,8840194.0,911,F1,1,,,,,
2025-08-07,2025-08-07,CM,BSE,STK,517393,INE043B01028,VINTRON,X,,,,,VINTRON INFORMATICS LTD.,13.67,13.67,13.67,13.67,13.67,14.38,,13.67,,,132011,1804590.0,4006,F1,1,,,,,
2025-08-07,2025-08-07,CM,BSE,STK,517399,INE756A01019,VXLINSTR,XT,,,,,VXL INSTRUMENTS LTD.,4.21,4.27,3.97,3.98,3.98,4.17,,3.98,,,2118,8484.0,14,F1,1,,,,,
2025-08-07,2025-08-07,CM,BSE,STK,517411,INE635A01023,SHYAMTEL,T,,,,,SHYAM TELECOM LTD.,14.5,14.5,14.5,14.5,14.5,14.5,,14.38,,,31,449.0,2,F1,1,,,,,
2025-08-07,2025-08-07,CM,BSE,STK,517415,INE791B01014,LEENEE,X,,,,,LEE & NEE SOFTWARES (EXPORTS),9.8,9.8,9.2,9.37,9.6,9.5,,9.37,,,5362,50167.0,57,F1,1,,,,,
2025-08-07,2025-08-07,CM,BSE,STK,517417,INE082C01024,PATELSAI,X,,,,,PATELS AIRTEMP (INDIA) LTD.,349.65,362.0,328.0,331.45,331.45,349.7,,331.45,,,26638,9010637.0,579,F1,1,,,,,
2025-08-07,2025-08-07,CM,BSE,STK,517421,INE295F01017,BUTTERFLY,B,,,,,BUTTERFLY GANDHIMATHI APPLIANC,730.0,734.05,713.3,730.0,729.45,749.4,,731.65,,,3836,2772903.0,243,F1,1,,,,,
2025-08-07,2025-08-07,CM,BSE,STK,517423,INE0IPL01018,INTEGSW,XT,,,,,INTEGRA SWITCHGEAR LTD.,163.0,169.95,161.95,168.0,168.0,163.0,,168.0,,,335,55351.0,12,F1,1,,,,,
2025-08-07,2025-08-07,CM,BSE,STK,517429,INE576B01019,ATHENAGLO,X,,,,,Athena Global Technologies Lim,100.3,102.0,95.75,101.2,101.9,99.2,,101.2,,,4725,466510.0,84,F1,1,,,,,
2025-08-07,2025-08-07,CM,BSE,STK,517431,INE060D01010,NARMP,XT,,,,,NARMADA MACPLAST DRIP IRRIGATI,207.9,208.85,201.0,202.7,204.0,209.85,,202.7,,,15754,3221893.0,363,F1,1,,,,,
2025-08-07,2025-08-07,CM,BSE,STK,517437,INE940C01015,DUTRON,X,,,,,DUTRON POLYMERS LTD.,125.0,125.0,120.1,124.35,125.0,125.25,,124.35,,,147,17882.0,18,F1,1,,,,,
2025-08-07,2025-08-07,CM,BSE,STK,517447,INE165B01029,RSSOFTWARE,T,,,,,R.S.SOFTWARE INDIA LTD.,66.03,66.03,63.05,63.69,63.69,66.03,,63.53,,,11604,741018.0,74,F1,1,,,,,
2025-08-07,2025-08-07,CM,BSE,STK,517449,INE437D01010,MAGNAELQ,XT,,,,,MAGNA ELECTRO CASTINGS LTD.,1250.0,1260.0,1200.0,1219.5,1219.5,1260.5,,1219.5,,,8904,10873767.0,90,F1,1,,,,,
2025-08-07,2025-08-07,CM,BSE,STK,517467,INE415B01044,MARSONS,T,,,,,MARSONS LIMITED,186.55,193.0,185.2,190.95,190.95,191.3,,190.95,,,52379,9947993.0,451,F1,1,,,,,
2025-08-07,2025-08-07,CM,BSE,STK,517477,INE033C01019,ELNET,X,,,,,ELNET TECHNOLOGIES LTD.,360.2,373.8,360.0,370.65,372.0,361.55,,370.65,,,5365,1964555.0,85,F1,1,,,,,
2025-08-07,2025-08-07,CM,BSE,STK,517494,INE258C01038,ACCEL,X,,,,,ACCEL LIMITED,15.98,15.98,15.5,15.67,15.8,15.62,,15.67,,,8754,137057.0,66,F1,1,,,,,
2025-08-07,2025-08-07,CM,BSE,STK,517498,INE855C01015,WEBELSOLAR,A,,,,,WEBSOL ENERGY SYSTEM LTD.,1212.0,1266.45,1205.45,1243.2,1258.9,1229.4,,1244.5,,,34388,42293232.0,2159,F1,1,,,,,
2025-08-07,2025-08-07,CM,BSE,STK,517500,INE535D01037,ROTO,B,,,,,ROTO PUMPS LTD.,84.51,85.24,79.65,83.43,83.43,84.91,,83.38,,,76809,6315895.0,1218,F1,1,,,,,
2025-08-07,2025-08-07,CM,BSE,STK,517506,INE690A01028,TTKPRESTIG,A,,,,,TTK PRESTIGE LTD.,636.65,636.65,628.05,634.0,634.0,636.65,,634.05,,,1565,989683.0,131,F1,1,,,,,
2025-08-07,2025-08-07,CM,BSE,STK,517514,INE589D01018,DHINDIA,X,,,,,D&H INDIA LTD,197.0,200.4,190.0,194.95,191.3,195.2,,194.95,,,8111,1585066.0,123,F1,1,,,,,
2025-08-07,2025-08-07,CM,BSE,STK,517522,INE451D01029,RAJRATAN,B,,,,,RAJRATAN GLOBAL WIRE LTD.,350.0,352.3,341.25,350.0,350.3,347.8,,349.85,,,2599,901441.0,193,F1,1,,,,,
2025-08-07,2025-08-07,CM,BSE,STK,517530,INE130B01031,SURANAT&P,B,,,,,SURANA TELECOM AND POWER LIMIT,18.19,18.31,17.63,18.0,18.08,18.19,,17.99,,,16302,294174.0,105,F1,1,,,,,
2025-08-07,2025-08-07,CM,BSE,STK,517536,INE229A01017,ONWARDTEC,T,,,,,ONWARD TECHNOLOGIES LTD.,319.15,332.0,319.15,332.0,332.0,325.65,,332.0,,,906,290200.0,17,F1,1,,,,,
2025-08-07,2025-08-07,CM,BSE,STK,517544,INE320B01020,CENTUM,B,,,,,CENTUM ELECTRONICS LTD.,2330.7,2462.25,2261.7,2395.05,2395.05,2316.65,,2404.9,,,7562,18098662.0,1149,F1,1,,,,,
2025-08-07,2025-08-07,CM,BSE,STK,517546,INE209C01015,ALFATRAN,X,,,,,ALFA TRANSFORMERS LTD.,61.98,63.64,60.2,62.82,63.5,61.13,,62.82,,,8013,496983.0,159,F1,1,,,,,
2025-08-07,2025-08-07,CM,BSE,STK,517554,INE141C01036,NHCFOODS,X,,,,,NHC FOODS LTD.,1.16,1.17,1.15,1.16,1.17,1.16,,1.16,,,2112046,2453483.0,548,F1,1,,,,,
2025-08-07,2025-08-07,CM,BSE,STK,517556,INE362A01016,PVP,B,,,,,PVP VENTURES LTD.,19.0,19.77,18.26,19.43,19.77,19.24,,19.41,,,21751,407560.0,80,F1,1,,,,,
2025-08-07,2025-08-07,CM,BSE,STK,517562,INE948A01012,TRIGYN,B,,,,,TRIGYN TECHNOLOGIES LTD.,82.0,84.01,79.12,81.17,81.0,83.01,,81.52,,,6366,520809.0,149,F1,1,,,,,
2025-08-07,2025-08-07,CM,BSE,STK,517569,INE878B01027,KEI,A,,,,,KEI INDUSTRIES LTD.,3734.15,3859.1,3734.15,3841.15,3844.45,3809.75,,3842.4,,,4389,16782656.0,752,F1,1,,,,,
2025-08-07,2025-08-07,CM,BSE,STK,518011,INE145L01012,KEERTHI,X,,,,,KEERTHI INDUSTRIES LTD.,73.2,73.2,73.0,73.08,73.09,73.2,,73.08,,,3029,221389.0,6,F1,1,,,,,
2025-08-07,2025-08-07,CM,BSE,STK,518053,INE827D01020,SRICC,XT,,,,,Sri Chakra Cement Limited,65.12,65.12,65.12,65.12,65.12,63.85,,65.12,,,55,3581.0,2,F1,1,,,,,
2025-08-07,2025-08-07,CM,BSE,STK,518075,INE069E01019,SURAJ,Z,,,,,SURAJ PRODUCTS LTD.,275.05,284.65,275.0,276.0,281.85,283.45,,276.0,,,1161,319419.0,28,F1,1,,,,,
2025-08-07,2025-08-07,CM,BSE,STK,518091,INE071F01012,APCL,T,,,,,ANJANI PORTLAND CEMENT LTD.,143.05,147.0,142.5,145.1,147.0,149.95,,147.19,,,191,27295.0,15,F1,1,,,,,
2025-08-07,2025-08-07,CM,BSE,STK,519003,INE537F01012,MODINATUR,XT,,,,,MODI NATURALS LIMITED,419.9,419.9,403.0,414.95,414.95,418.8,,414.95,,,1008,416203.0,54,F1,1,,,,,
2025-08-07,2025-08-07,CM,BSE,STK,519014,INE100E01012,PRSNTIN,X,,,,,PRASHANT INDIA LTD.,15.5,15.5,15.49,15.49,15.49,15.5,,15.49,,,111,1720.0,3,F1,1,,,,,
2025-08-07,2025-08-07,CM,BSE,STK,519064,INE687W01010,ZKHANDEN,X,,,,,KHANDELWAL EXTRACTION LTD.,97.85,97.85,90.15,92.4,92.0,88.96,,92.4,,,15674,1514939.0,232,F1,1,,,,,
2025-08-07,2025-08-07,CM,BSE,STK,519091,INE488B01017,TASTYBITE,B,,,,,TASTY BITE EATABLES LTD.,10700.05,11888.0,10612.35,10677.85,10677.85,10655.9,,10720.0,,,1850,20780543.0,859,F1,1,,,,,
2025-08-07,2025-08-07,CM,BSE,STK,519097,INE534D01014,RITESHIN,XT,,,,,RITESH INTERNATIONAL LTD.,37.0,37.0,34.27,34.27,34.27,36.07,,34.27,,,5859,208065.0,48,F1,1,,,,,
2025-08-07,2025-08-07,CM,BSE,STK,519105,INE488D01021,AVTNPL,B,,,,,AVT NATURAL PRODUCTS LTD.,72.52,72.52,68.4,69.61,69.6,72.41,,69.53,,,17728,1233717.0,582,F1,1,,,,,
2025-08-07,2025-08-07,CM,BSE,STK,519126,INE254N01026,HNDFDS,B,,,,,HINDUSTAN FOODS LTD.,544.95,547.9,535.6,539.45,540.0,548.8,,540.25,,,2825,1534501.0,158,F1,1,,,,,
2025-08-07,2025-08-07,CM,BSE,STK,519136,INE289A01011,NAHARINDUS,T,,,,,NAHAR INDUSTRIAL ENTERPRISES L,114.1,118.0,114.1,115.2,115.0,116.0,,115.25,,,2144,246986.0,12,F1,1,,,,,
2025-08-07,2025-08-07,CM,BSE,STK,519152,INE693D01018,VADILENT,X,,,,,VADILAL ENTERPRISES LTD.,10177.0,10399.0,10140.0,10287.55,10300.0,10178.35,,10287.55,,,203,2063708.0,19,F1,1,,,,,
2025-08-07,2025-08-07,CM,BSE,STK,519156,INE694D01016,VADILALIND,B,,,,,VADILAL INDUSTRIES LTD.,5217.95,5218.5,4905.15,5017.25,5017.25,5250.75,,5014.5,,,1305,6508066.0,342,F1,1,,,,,
2025-08-07,2025-08-07,CM,BSE,STK,519174,INE709D01012,ASHAI,XT,,,,,ASHIANA AGRO INDUSTRIES LTD.,12.0,12.0,12.0,12.0,12.0,12.0,,12.0,,,6,72.0,3,F1,1,,,,,
2025-08-07,2025-08-07,CM,BSE,STK,519183,INE982B01027,ADFFOODS,B,,,,,ADF FOODS LTD.,227.0,230.0,223.4,229.0,230.0,228.05,,228.35,,,10280,2331579.0,510,F1,1,,,,,
2025-08-07,2025-08-07,CM,BSE,STK,519191,INE601N01010,RGRL,X,,,,,Retro Green Revolution Limited,4.49,4.49,3.94,4.19,4.27,4.32,,4.19,,,82230,341316.0,168,F1,1,,,,,
2025-08-07,2025-08-07,CM,BSE,STK,519214,INE188E01017,WILLIMFI,XT,,,,,WILLIAMSON FINANCIAL SERVICES,6.09,6.09,6.09,6.09,6.09,6.41,,6.09,,,5612,34177.0,11,F1,1,,,,,
2025-08-07,2025-08-07,CM,BSE,STK,519216,INE601B01023,AJANTSOY,X,,,,,AJANTA SOYA LTD.,31.76,32.4,30.51,31.76,31.88,31.63,,31.76,,,84763,2681774.0,468,F1,1,,,,,
2025-08-07,2025-08-07,CM,BSE,STK,519224,INE210A01017,WILLAMAGOR,B,,,,,WILLIAMSON MAGOR & COMPANY LTD,35.7,35.7,35.1,35.18,35.18,35.0,,34.8,,,426,15133.0,4,F1,1,,,,,
2025-08-07,2025-08-07,CM,BSE,STK,519230,INE102C01020,KISAAN,X,,,,,KISAAN PARIVAR INDUSTRIES LIMI,24.0,24.53,23.05,24.07,24.07,24.0,,24.07,,,2614,60923.0,36,F1,1,,,,,
2025-08-07,2025-08-07,CM,BSE,STK,519234,INE843L01012,SIEL,X,,,,,SUPERIOR INDUSTRIAL ENTERPRISE,51.9,51.9,49.0,49.01,49.0,51.12,,49.01,,,2238,110533.0,25,F1,1,,,,,
2025-08-07,2025-08-07,CM,BSE,STK,519260,INE890C01046,SANWARIA,Z,,,,,SANWARIA CONSUMER LIMITED,0.49,0.49,0.49,0.49,0.49,0.49,,0.36,,,9621,4714.0,10,F1,1,,,,,
2025-08-07,2025-08-07,CM,BSE,STK,519262,INE297D01018,PRIMAGR,X,,,,,PRIMA AGRO LTD.,21.99,22.0,20.05,21.33,20.07,21.99,,21.33,,,702,14971.0,23,F1,1,,,,,
2025-08-07,2025-08-07,CM,BSE,STK,519285,INE906C01016,TARAI,Z,,,,,TARAI FOODS LTD.,8.49,8.49,8.3,8.3,8.3,8.19,,8.3,,,22,184.0,3,F1,1,,,,,
2025-08-07,2025-08-07,CM,BSE,STK,519287,INE617B01011,MODAIRY,X,,,,,MODERN DAIRIES LTD.,52.1,53.39,50.77,52.05,52.0,52.37,,52.05,,,4619,239469.0,99,F1,1,,,,,
2025-08-07,2025-08-07,CM,BSE,STK,519295,INE921D01013,BAMBINO,X,,,,,BAMBINO AGRO INDUSTRIES LTD.,255.0,267.75,237.0,239.45,240.0,256.65,,239.45,,,13230,3208845.0,270,F1,1,,,,,
2025-08-07,2025-08-07,CM,BSE,STK,519299,INE543F01028,PRIMIND,X,,,,,PRIME INDUSTRIES LTD.,61.33,64.4,57.5,59.88,59.88,61.33,,59.88,,,1656,100724.0,30,F1,1,,,,,
2025-08-07,2025-08-07,CM,BSE,STK,519307,INE706A01022,VIKASWSP,Z,,,,,VIKAS WSP LTD.,1.41,1.41,1.37,1.38,1.38,1.39,,1.38,,,20555,28723.0,36,F1,1,,,,,
2025-08-07,2025-08-07,CM,BSE,STK,519331,INE923K01014,VSFPROJ,X,,,,,VSF PROJECTS LTD.,53.7,63.8,50.5,55.47,54.0,53.7,,55.47,,,4537,246588.0,60,F1,1,,,,,
2025-08-07,2025-08-07,CM,BSE,STK,519359,INE809E01018,POONADAL,X,,,,,POONA DAL & OIL INDUSTRIES LTD,65.0,65.0,65.0,65.0,65.0,65.0,,65.0,,,101,6565.0,4,F1,1,,,,,
2025-08-07,2025-08-07,CM,BSE,STK,519367,INE213P01027,TRANSFD,XT,,,,,TRANSGLOBE FOODS LTD.,275.8,275.8,275.8,275.8,275.8,281.4,,275.8,,,105,28959.0,4,F1,1,,,,,
2025-08-07,2025-08-07,CM,BSE,STK,519383,INE087B01017,ANIKINDS,B,,,,,ANIK INDUSTRIES LTD.,94.06,103.5,94.06,95.5,95.5,95.49,,96.01,,,7326,708454.0,106,F1,1,,,,,
2025-08-07,2025-08-07,CM,BSE,STK,519397,INE220Z01013,SHINDL,XT,,,,,SHARAT INDUSTRIES LTD.,115.0,119.0,114.35,116.6,116.5,117.25,,116.6,,,33470,3887818.0,106,F1,1,,,,,
2025-08-07,2025-08-07,CM,BSE,STK,519421,INE953E01014,KSE,X,,,,,KSE LTD.,2285.0,2291.0,2200.0,2215.8,2215.0,2285.35,,2215.8,,,1329,2961293.0,143,F1,1,,,,,
2025-08-07,2025-08-07,CM,BSE,STK,519455,INE540C01021,NARBADA,X,,,,,NARBADA GEMS AND JEWELLERY LTD,51.25,51.99,50.0,51.08,51.68,50.59,,51.08,,,283,14407.0,24,F1,1,,,,,
2025-08-07,2025-08-07,CM,BSE,STK,519457,INE295C01014,VIRATCRA,X,,,,,VIRAT CRANE INDUSTRIES LTD.,48.5,49.8,46.0,47.23,47.31,48.28,,47.23,,,2238,108869.0,44,F1,1,,,,,
2025-08-07,2025-08-07,CM,BSE,STK,519463,INE678B01021,IBINFO,X,,,,,IB INFOTECH ENTERPRISES LTD.,179.1,182.05,169.05,181.95,181.95,179.45,,181.95,,,429,75918.0,21,F1,1,,,,,
2025-08-07,2025-08-07,CM,BSE,STK,519471,INE072V01017,AMBARPIL,XT,,,,,Ambar Protein Industries Limit,295.65,295.65,295.65,295.65,295.65,301.65,,295.65,,,832,245980.0,19,F1,1,,,,,
2025-08-07,2025-08-07,CM,BSE,STK,519475,INE975C01011,CHORDIA,X,,,,,CHORDIA FOOD PRODUCTS LTD.,75.98,75.98,75.98,75.98,75.98,75.98,,75.98,,,12,911.0,2,F1,1,,,,,
2025-08-07,2025-08-07,CM,BSE,STK,519477,INE052V01019,CIANAGRO,T,,,,,CIAN Agro Ind & Infra Ltd,409.1,409.1,397.3,398.65,408.0,413.25,,398.65,,,1110,447729.0,62,F1,1,,,,,
2025-08-07,2025-08-07,CM,BSE,STK,519479,INE112B01013,OMEAG,XT,,,,,OMEGA AG-SEEDS (PUNJAB) LTD.,11.55,11.55,10.45,11.47,11.47,11.0,,11.47,,,3820,41049.0,29,F1,1,,,,,
2025-08-07,2025-08-07,CM,BSE,STK,519483,INE358D01018,TAIIND,X,,,,,TAI INDUSTRIES LTD.,35.3,37.44,34.2,34.94,34.2,35.25,,34.94,,,424,15461.0,12,F1,1,,,,,
2025-08-07,2025-08-07,CM,BSE,STK,519494,INE542C01019,NKIND,B,,,,,N.K.INDUSTRIES LTD.,67.23,67.23,67.23,67.23,67.23,74.7,,59.27,,,1,67.0,1,F1,1,,,,,
2025-08-07,2025-08-07,CM,BSE,STK,519500,INE356C01022,BKV,X,,,,,BKV INDUSTRIES LTD.,12.2,12.59,11.67,12.38,12.38,12.1,,12.38,,,1847,22554.0,30,F1,1,,,,,
2025-08-07,2025-08-07,CM,BSE,STK,519506,INE630N01019,NCCBLUE,P,,,,,NCC BLUE WATER PRODUCTS LTD.,21.65,21.65,21.65,21.65,21.65,21.65,,21.65,,,100,2165.0,1,F1,100,,,,,
2025-08-07,2025-08-07,CM,BSE,STK,519528,INE369C01017,NORBTEAEXP,T,,,,,NORBEN TEA & EXPORTS LTD.,37.0,37.0,37.0,37.0,37.0,35.5,,33.64,,,1,37.0,1,F1,1,,,,,
2025-08-07,2025-08-07,CM,BSE,STK,519532,INE822B01017,ASIANTNE,X,,,,,ASIAN TEA & EXPORTS LTD.,11.89,12.19,11.61,11.88,12.0,11.75,,11.88,,,5222,62874.0,44,F1,1,,,,,
2025-08-07,2025-08-07,CM,BSE,STK,519552,INE978A01027,HERITGFOOD,A,,,,,HERITAGE FOODS LIMITED,443.95,471.8,443.95,468.15,471.8,465.55,,468.95,,,27230,12656037.0,933,F1,1,,,,,
2025-08-07,2025-08-07,CM,BSE,STK,519566,INE354D01017,SIMRAN,X,,,,,SIMRAN FARMS LTD.,163.8,163.8,161.75,161.8,161.8,158.05,,161.8,,,3600,582502.0,27,F1,1,,,,,
2025-08-07,2025-08-07,CM,BSE,STK,519574,INE092301014,HINDUST,X,,,,,HINDUSTAN AGRIGENETICS LTD.,70.0,71.35,67.5,68.5,67.55,69.23,,68.5,,,5602,381217.0,57,F1,1,,,,,
2025-08-07,2025-08-07,CM,BSE,STK,519600,INE421D01022,CCL,A,,,,,CCL PRODUCTS (INDIA) LTD.,892.95,892.95,841.45,861.55,865.85,862.1,,862.6,,,8124,6918091.0,464,F1,1,,,,,
2025-08-07,2025-08-07,CM,BSE,STK,519602,INE164B01030,KELLTONTEC,B,,,,,KELLTON TECH SOLUTIONS LTD.,26.19,26.3,25.14,25.91,26.15,26.49,,25.92,,,568396,14591340.0,2402,F1,1,,,,,
2025-08-07,2025-08-07,CM,BSE,STK,519604,INE565E01016,SURFI,XT,,,,,SURYO FOODS & INDUSTRIES LTD.,22.48,22.48,20.34,20.34,20.34,21.41,,20.34,,,50,1083.0,11,F1,1,,,,,
2025-08-07,2025-08-07,CM,BSE,STK,519606,INE177M01013,INTEGFD,XT,,,,,INTEGRATED PROTEINS LTD.,45.02,45.02,43.88,43.88,43.88,46.18,,43.88,,,27,1185.0,2,F1,1,,,,,
2025-08-07,2025-08-07,CM,BSE,STK,519612,INE734D01010,LAKESHORE,XT,,,,,LAKE SHORE REALTY LIMITED,115.56,115.56,115.56,115.56,115.56,110.06,,115.56,,,1700,196452.0,26,F1,1,,,,,
2025-08-07,2025-08-07,CM,BSE,STK,520008,INE209B01025,RICOAUTO,B,,,,,RICO AUTO INDUSTRIES LTD.,68.02,69.39,66.97,68.17,68.17,68.43,,68.27,,,14155,967489.0,342,F1,1,,,,,
2025-08-07,2025-08-07,CM,BSE,STK,520021,INE090B01011,OMAXAUTO,T,,,,,OMAX AUTOS LTD.,142.9,146.55,139.0,142.85,142.85,145.1,,141.41,,,6731,950995.0,74,F1,1,,,,,
2025-08-07,2025-08-07,CM,BSE,STK,520043,INE577A01027,MUNJALSHOW,B,,,,,MUNJAL SHOWA LTD.,130.05,131.05,127.4,129.4,129.7,132.4,,129.43,,,4841,627834.0,222,F1,1,,,,,
2025-08-07,2025-08-07,CM,BSE,STK,520051,INE039C01032,JAMNAAUTO,B,,,,,JAMNA AUTO INDUSTRIES LTD.,88.99,89.59,87.72,89.25,89.53,89.16,,89.28,,,52908,4694628.0,1141,F1,1,,,,,
2025-08-07,2025-08-07,CM,BSE,STK,520056,INE105A01035,TVSHLTD,A,,,,,TVS Holdings Limited,11488.3,11507.2,11149.1,11371.55,11343.6,11524.1,,11365.0,,,506,5727021.0,243,F1,1,,,,,
2025-08-07,2025-08-07,CM,BSE,STK,520057,INE643A01035,JTEKTINDIA,B,,,,,JTEKT India Ltd,125.8,127.4,125.25,126.55,127.4,126.45,,126.6,,,7941,999775.0,219,F1,1,,,,,
2025-08-07,2025-08-07,CM,BSE,STK,520059,INE672B01032,MUNJALAU,B,,,,,MUNJAL AUTO INDUSTRIES LTD.,71.36,73.64,70.64,72.02,72.5,72.37,,72.14,,,18153,1317106.0,162,F1,1,,,,,
2025-08-07,2025-08-07,CM,BSE,STK,520066,INE571B01036,JAYBARMARU,B,,,,,JAY BHARAT MARUTI LTD.,86.0,87.86,83.96,86.97,86.97,86.03,,86.92,,,14828,1268340.0,421,F1,1,,,,,
2025-08-07,2025-08-07,CM,BSE,STK,520073,INE704B01017,RACLGEAR,B,,,,,RACL Geartech Limited,948.5,948.5,930.05,944.25,942.0,948.5,,943.95,,,436,409956.0,109,F1,1,,,,,
2025-08-07,2025-08-07,CM,BSE,STK,520075,INE706B01012,SAMKRG,X,,,,,SAMKRG PISTONS & RINGS LTD.,136.7,137.55,133.0,134.0,134.95,136.7,,134.0,,,463,62162.0,29,F1,1,,,,,
2025-08-07,2025-08-07,CM,BSE,STK,520086,INE075B01020,SICALLOG,T,,,,,SICAL LOGISTICS LTD.,110.0,110.05,107.35,107.4,107.4,113.0,,108.24,,,2170,234720.0,13,F1,1,,,,,
2025-08-07,2025-08-07,CM,BSE,STK,520111,INE703B01027,RATNAMANI,A,,,,,RATNAMANI METALS & TUBES LTD.,2355.0,2392.5,2258.2,2328.05,2344.25,2350.0,,2329.5,,,1321,3069616.0,296,F1,1,,,,,
2025-08-07,2025-08-07,CM,BSE,STK,520113,INE386A01023,VESUVIUS,A,,,,,VESUVIUS INDIA LTD.,543.95,557.0,530.05,537.05,535.5,537.9,,536.85,,,17065,9320448.0,1028,F1,1,,,,,
2025-08-07,2025-08-07,CM,BSE,STK,520119,INE900C01027,ASAL,B,,,,,AUTOMOTIVE STAMPINGS & ASSEMBL,465.0,478.5,460.75,471.6,469.9,471.35,,471.25,,,5907,2775968.0,433,F1,1,,,,,
2025-08-07,2025-08-07,CM,BSE,STK,520123,INE125D01011,ABCINDQ,X,,,,,ABC INDIA LTD.,82.6,85.0,79.3,80.98,80.5,82.6,,80.98,,,681,55183.0,33,F1,1,,,,,
2025-08-07,2025-08-07,CM,BSE,STK,520127,INE654B01014,BALTE,X,,,,,BALURGHAT TECHNOLOGIES LTD.,17.69,17.69,16.6,17.0,17.0,17.3,,17.0,,,1325,22575.0,34,F1,1,,,,,
2025-08-07,2025-08-07,CM,BSE,STK,520141,INE441C01014,SIBARAUT,X,,,,,SIBAR AUTO PARTS LTD.,10.26,10.26,9.76,10.05,10.05,10.11,,10.05,,,1165,11591.0,15,F1,1,,,,,
2025-08-07,2025-08-07,CM,BSE,STK,520151,INE757B01015,TRANSWORLD,B,,,,,TRANSWORLD SHIPPING LINES LIMI,260.35,263.25,255.5,258.45,258.6,260.35,,259.1,,,107,27711.0,27,F1,1,,,,,
2025-08-07,2025-08-07,CM,BSE,STK,520155,INE580C01019,STARLOG,X,,,,,Starlog Enterprises Limited,59.57,65.42,59.57,63.93,61.08,62.68,,63.93,,,894,57317.0,25,F1,1,,,,,
2025-08-07,2025-08-07,CM,BSE,STK,521005,INE807M01023,TITANIN,X,,,,,TITAN INTECH LIMITED,19.02,19.58,17.32,19.06,19.06,19.03,,19.06,,,425667,7934505.0,970,F1,1,,,,,
2025-08-07,2025-08-07,CM,BSE,STK,521014,INE022C01012,EUROTEXIND,B,,,,,EUROTEX INDUSTRIES & EXPORTS L,12.82,15.6,12.82,15.6,15.6,14.23,,15.09,,,328,4796.0,5,F1,1,,,,,
2025-08-07,2025-08-07,CM,BSE,STK,521016,INE483B01026,ICIL,B,,,,,INDO COUNT INDUSTRIES LTD.,245.0,246.0,239.0,242.05,242.05,247.45,,241.3,,,22952,5552063.0,797,F1,1,,,,,
2025-08-07,2025-08-07,CM,BSE,STK,521018,INE882A01013,MARALOVER,B,,,,,MARAL OVERSEAS LTD.,61.53,64.48,60.76,62.05,60.76,61.82,,61.94,,,4632,287023.0,477,F1,1,,,,,
2025-08-07,2025-08-07,CM,BSE,STK,521034,INE314C01013,SOMATEX,T,,,,,SOMA TEXTILES & INDUSTRIES LTD,84.27,84.27,84.27,84.27,84.27,85.98,,84.27,,,4916,414271.0,17,F1,1,,,,,
2025-08-07,2025-08-07,CM,BSE,STK,521048,INE900E01015,ADVLIFE,X,,,,,ADVANCE LIFESTYLES LTD.,25.5,26.87,25.5,26.57,26.57,26.75,,26.57,,,158,4121.0,5,F1,1,,,,,
2025-08-07,2025-08-07,CM,BSE,STK,521054,INE092E01011,KAKTEX,XT,,,,,KAKATIYA TEXTILES LTD.,21.18,21.18,21.18,21.18,21.18,20.65,,21.18,,,111,2350.0,2,F1,1,,,,,
2025-08-07,2025-08-07,CM,BSE,STK,521062,INE814L01013,OCTAVE,X,,,,,PERFECT-OCTAVE MEDIA PROJECTS,4.07,4.39,4.01,4.24,4.24,4.23,,4.24,,,119405,485073.0,40,F1,1,,,,,
2025-08-07,2025-08-07,CM,BSE,STK,521064,INE064C01022,TRIDENT,A,,,,,TRIDENT LTD.,27.85,28.28,27.46,28.07,28.07,28.09,,28.04,,,1368599,37999950.0,5803,F1,1,,,,,
2025-08-07,2025-08-07,CM,BSE,STK,521070,INE270A01029,ALOKINDS,A,,,,,ALOK INDUSTRIES LTD.,18.12,18.37,17.8,18.08,18.08,18.52,,18.07,,,1555815,28067383.0,3426,F1,1,,,,,
2025-08-07,2025-08-07,CM,BSE,STK,521080,INE604F01010,PASARI,X,,,,,PASARI SPINNING MILLS LTD.,9.31,9.9,8.42,9.16,9.2,9.12,,9.16,,,4717,43764.0,32,F1,1,,,,,
2025-08-07,2025-08-07,CM,BSE,STK,521097,INE484D01012,AMARJOTHI,X,,,,,AMARJOTHI SPINNING MILLS LTD.,182.25,184.9,165.0,169.15,169.15,182.95,,169.15,,,30479,5321727.0,384,F1,1,,,,,
2025-08-07,2025-08-07,CM,BSE,STK,521105,INE482O01021,OLYMPTX,X,,,,,OLYMPIA INDUSTRIES LTD.,43.0,43.0,36.07,37.5,37.5,37.72,,37.5,,,1332,50105.0,43,F1,1,,,,,
2025-08-07,2025-08-07,CM,BSE,STK,521109,INE123B01028,NAGREEKEXP,B,,,,,NAGREEKA EXPORTS LTD.,27.99,27.99,25.28,25.56,25.48,26.86,,25.56,,,4168,108807.0,112,F1,1,,,,,
2025-08-07,2025-08-07,CM,BSE,STK,521113,INE691D01012,SUDTIND-B,XT,,,,,SUDITI INDUSTRIES LTD.,73.08,73.08,68.0,70.6,71.25,70.29,,70.6,,,25603,1794863.0,43,F1,1,,,,,
2025-08-07,2025-08-07,CM,BSE,STK,521131,INE363D01018,SBFL,X,,,,,Shree Bhavya Fabrics Limited,29.97,29.97,27.96,28.52,28.99,29.64,,28.52,,,4207,120546.0,32,F1,1,,,,,
2025-08-07,2025-08-07,CM,BSE,STK,521133,INE165F01020,GEMSPIN,P,,,,,GEM SPINNERS INDIA LTD.,6.8,6.8,6.8,6.8,6.8,6.48,,6.8,,,100,680.0,1,F1,100,,,,,
2025-08-07,2025-08-07,CM,BSE,STK,521137,INE958A01011,EUREKAI,X,,,,,EUREKA INDUSTRIES LTD.,8.62,9.15,8.25,8.6,8.6,8.41,,8.6,,,26436,232800.0,59,F1,1,,,,,
2025-08-07,2025-08-07,CM,BSE,STK,521141,INE122D01026,ADITYASP,X,,,,,ADITYA SPINNERS LTD.,20.5,20.99,20.25,20.94,20.95,20.92,,20.94,,,656,13413.0,25,F1,1,,,,,
2025-08-07,2025-08-07,CM,BSE,STK,521149,INE419E01024,PRIMEURB,XT,,,,,PRIME URBAN DEVELOPMENT INDIA,11.92,11.92,11.87,11.87,11.87,11.97,,11.87,,,168,1997.0,10,F1,1,,,,,
2025-08-07,2025-08-07,CM,BSE,STK,521151,INE953D01016,DHANFAB,X,,,,,DHANLAXMI FABRICS LTD.,59.0,59.0,57.0,57.02,57.0,59.98,,57.02,,,202,11521.0,4,F1,1,,,,,
2025-08-07,2025-08-07,CM,BSE,STK,521161,INE456D01010,SLSTLQ,X,,,,,SRI LAKSHMI SARASWATHI TEXTILE,39.19,39.19,38.0,38.1,38.1,39.0,,38.1,,,289,11028.0,11,F1,1,,,,,
2025-08-07,2025-08-07,CM,BSE,STK,521163,INE206B01013,ZODIACLOTH,B,,,,,ZODIAC CLOTHING CO.LTD.,100.05,100.3,99.1,99.1,99.1,100.3,,99.38,,,27,2706.0,5,F1,1,,,,,
2025-08-07,2025-08-07,CM,BSE,STK,521167,INE485D01043,MAXGROW,XT,,,,,MAXGROW INDIA LIMITED,9.1,9.1,9.1,9.1,9.1,8.67,,9.1,,,605,5505.0,3,F1,1,,,,,
2025-08-07,2025-08-07,CM,BSE,STK,521178,INE306D01017,SRMCL,X,,,,,SRI RAMAKRISHNA MILLS (COIMBAT,51.79,56.45,51.79,52.49,52.02,51.79,,52.49,,,1247,66324.0,29,F1,1,,,,,
2025-08-07,2025-08-07,CM,BSE,STK,521180,INE662A01027,SUPERSPIN,B,,,,,SUPER SPINNING MILLS LTD.,10.14,10.14,9.01,9.07,9.13,9.49,,9.22,,,2687,25027.0,75,F1,1,,,,,
2025-08-07,2025-08-07,CM,BSE,STK,521194,INE923A01015,SILINV,B,,,,,SIL INVESTMENTS LTD.,573.05,573.05,561.55,569.8,569.0,578.15,,569.85,,,45,25380.0,12,F1,1,,,,,
2025-08-07,2025-08-07,CM,BSE,STK,521200,INE713B01026,SURYALAXMI,B,,,,,SURYALAKSHMI COTTON MILLS LTD.,68.91,69.06,68.14,68.33,68.33,70.37,,68.13,,,390,26669.0,28,F1,1,,,,,
2025-08-07,2025-08-07,CM,BSE,STK,521206,INE931D01020,SAMTEX,X,,,,,SAMTEX FASHIONS LTD.,2.3,2.4,2.23,2.38,2.38,2.3,,2.38,,,7222,16880.0,49,F1,1,,,,,
2025-08-07,2025-08-07,CM,BSE,STK,521210,INE117C01010,CITYMAN,X,,,,,CITYMAN LTD.,13.65,13.65,13.65,13.65,13.65,13.65,,13.65,,,151,2061.0,3,F1,1,,,,,
2025-08-07,2025-08-07,CM,BSE,STK,521216,INE220C01012,DHANROTO,X,,,,,DHANALAXMI ROTO SPINNERS LTD.,86.33,87.74,83.0,85.19,85.0,86.33,,85.19,,,7150,609271.0,94,F1,1,,,,,
2025-08-07,2025-08-07,CM,BSE,STK,521220,INE497D01022,DAMODARIND,B,,,,,DAMODAR INDUSTRIES LTD.,36.89,36.99,35.6,35.76,35.76,37.02,,35.78,,,682,24366.0,82,F1,1,,,,,
2025-08-07,2025-08-07,CM,BSE,STK,521222,INE602D01027,SANBLUE,XT,,,,,SANBLUE CORPORATION LTD.,56.46,62.4,56.46,56.46,56.46,59.43,,56.46,,,33,1883.0,5,F1,1,,,,,
2025-08-07,2025-08-07,CM,BSE,STK,521226,INE980D01019,UNIROYAL,X,,,,,UNIROYAL INDUSTRIES LTD.,23.9,23.9,19.5,19.51,19.51,21.0,,19.51,,,603,12255.0,12,F1,1,,,,,
2025-08-07,2025-08-07,CM,BSE,STK,521228,INE083G01031,TATIAGLOB,X,,,,,TATIA GLOBAL VENNTURE LTD.,3.01,3.05,2.92,3.03,3.0,2.97,,3.03,,,250006,749340.0,234,F1,1,,,,,
2025-08-07,2025-08-07,CM,BSE,STK,521234,INE443E01016,SRINACHA,X,,,,,SRI NACHAMMAI COTTON MILLS LTD,35.72,35.72,33.49,33.49,33.49,34.12,,33.49,,,8,270.0,6,F1,1,,,,,
2025-08-07,2025-08-07,CM,BSE,STK,521238,INE893C01032,BGDL,B,,,,,BHARAT GLOBAL DEVELOPERS LIMIT,80.0,80.0,79.45,79.45,79.45,83.6,,79.45,,,21392,1700317.0,670,F1,1,,,,,
2025-08-07,2025-08-07,CM,BSE,STK,521240,INE304D01012,SAMBANDAM,X,,,,,SAMBANDAM SPINNING MILLS LTD.,130.0,130.0,124.95,125.0,125.0,130.25,,125.0,,,578,72722.0,12,F1,1,,,,,
2025-08-07,2025-08-07,CM,BSE,STK,521246,INE162C01024,PARASPETRO,B,,,,,PARAS PETROFILS LTD.,2.27,2.3,2.22,2.28,2.25,2.26,,2.26,,,51779,117289.0,189,F1,1,,,,,
2025-08-07,2025-08-07,CM,BSE,STK,521248,INE602G01020,KITEX,B,,,,,KITEX GARMENTS LTD.,179.65,179.65,179.65,179.65,179.65,189.1,,180.05,,,41815,7512064.0,630,F1,1,,,,,
2025-08-07,2025-08-07,CM,BSE,STK,522001,INE608B01010,CRANEX,X,,,,,CRANEX LTD.,87.0,87.0,84.52,85.99,86.0,86.72,,85.99,,,1346,116030.0,30,F1,1,,,,,
2025-08-07,2025-08-07,CM,BSE,STK,522004,INE177C01022,BATLIBOI,X,,,,,BATLIBOI LTD.,128.55,128.6,118.6,122.65,122.65,127.7,,122.65,,,30392,3805517.0,270,F1,1,,,,,
2025-08-07,2025-08-07,CM,BSE,STK,522005,INE759F01012,AUSTENG,X,,,,,AUSTIN ENGINEERING CO.LTD.,146.0,159.0,136.0,149.2,149.2,141.5,,149.2,,,9402,1393992.0,65,F1,1,,,,,
2025-08-07,2025-08-07,CM,BSE,STK,522014,INE961D01019,UNIDT,B,,,,,UNITED DRILLING TOOLS LTD.,204.0,210.0,203.0,205.1,205.2,203.3,,204.9,,,4070,841325.0,107,F1,1,,,,,
2025-08-07,2025-08-07,CM,BSE,STK,522017,INE459C01016,FLUIDOM,XT,,,,,FLUIDOMAT LTD.,1099.85,1140.0,1080.05,1106.2,1110.0,1096.0,,1106.2,,,5566,6194955.0,252,F1,1,,,,,
2025-08-07,2025-08-07,CM,BSE,STK,522027,INE279D01016,EMAINDIA,XT,,,,,EMA INDIA LTD.,121.85,121.85,121.85,121.85,121.85,119.5,,121.85,,,10,1218.0,1,F1,1,,,,,
2025-08-07,2025-08-07,CM,BSE,STK,522029,INE052A01021,WINDMACHIN,B,,,,,WINDSOR MACHINES LTD.,321.0,328.0,317.75,323.35,322.15,329.4,,322.9,,,10397,3364491.0,280,F1,1,,,,,
2025-08-07,2025-08-07,CM,BSE,STK,522034,INE631A01022,SHANTIGEAR,B,,,,,SHANTHI GEARS LTD.,516.0,543.6,514.4,541.45,543.6,525.95,,540.7,,,7848,4149244.0,668,F1,1,,,,,
2025-08-07,2025-08-07,CM,BSE,STK,522036,INE338P01014,MIVENMACH,XT,,,,,MIVEN MACHINE TOOLS LTD.,82.3,82.3,82.3,82.3,82.3,82.32,,82.3,,,100,8230.0,1,F1,1,,,,,
2025-08-07,2025-08-07,CM,BSE,STK,522064,INE634A01018,HONDAPOWER,B,,,,,HONDA INDIA POWER PRODUCTS LIM,2815.45,2816.65,2776.0,2800.85,2800.0,2841.85,,2809.0,,,272,760038.0,79,F1,1,,,,,
2025-08-07,2025-08-07,CM,BSE,STK,522073,INE127B01011,HITECHGEAR,T,,,,,The Hi-Tech Gears Ltd,691.0,691.0,691.0,691.0,691.0,695.1,,689.85,,,1,691.0,1,F1,1,,,,,
2025-08-07,2025-08-07,CM,BSE,STK,522074,INE285A01027,ELGIEQUIP,A,,,,,ELGI EQUIPMENTS LTD.,541.75,547.35,523.8,533.85,535.0,545.7,,532.7,,,36404,19484552.0,1934,F1,1,,,,,
2025-08-07,2025-08-07,CM,BSE,STK,522091,INE890G01021,UVDRHOR,X,,,,,UNITED VAN DER HORST LTD.,137.85,140.0,133.5,136.0,136.1,137.85,,136.0,,,1959,270423.0,43,F1,1,,,,,
2025-08-07,2025-08-07,CM,BSE,STK,522101,INE338F01015,KLBRENG-B,B,,,,,KILBURN ENGINEERING LTD.,532.0,550.0,522.0,541.65,541.65,537.55,,541.65,,,364054,196739777.0,5632,F1,1,,,,,
2025-08-07,2025-08-07,CM,BSE,STK,522105,INE372E01025,BIRLAPREC,X,,,,,BIRLA PRECISION TECHNOLOGIES L,42.55,43.99,42.55,42.74,42.55,44.12,,42.74,,,11473,493059.0,216,F1,1,,,,,
2025-08-07,2025-08-07,CM,BSE,STK,522108,INE384C01016,YUKEN,B,,,,,YUKEN INDIA LTD.,1012.8,1040.15,1009.9,1029.3,1035.35,1012.65,,1027.3,,,2993,3057397.0,339,F1,1,,,,,
2025-08-07,2025-08-07,CM,BSE,STK,522113,INE325A01013,TIMKEN,A,,,,,TIMKEN INDIA LTD.,2907.15,2907.75,2849.55,2897.55,2905.7,2919.6,,2898.0,,,3874,11163887.0,622,F1,1,,,,,
2025-08-07,2025-08-07,CM,BSE,STK,522122,INE285C01015,VOITHPAPR,X,,,,,VOITH PAPER FABRICS INDIA LTD.,1949.95,2001.0,1930.05,1986.7,1986.7,1897.55,,1986.7,,,3013,5961753.0,313,F1,1,,,,,
2025-08-07,2025-08-07,CM,BSE,STK,522134,INE133D01023,ARTSON,X,,,,,ARTSON LIMITED,169.25,176.0,165.0,172.0,172.1,170.05,,172.0,,,4592,778335.0,98,F1,1,,,,,
2025-08-07,2025-08-07,CM,BSE,STK,522152,INE410A01013,SOLIMAC,X,,,,,SOLITAIRE MACHINE TOOLS LTD.,131.6,134.9,129.9,130.45,130.45,135.25,,130.45,,,2787,364635.0,61,F1,1,,,,,
2025-08-07,2025-08-07,CM,BSE,STK,522163,INE989C01038,DIACABS,B,,,,,DIAMOND POWER INFRASTRUCTURE L,157.6,160.15,150.0,156.25,156.25,159.15,,155.95,,,177782,27391500.0,1567,F1,1,,,,,
2025-08-07,2025-08-07,CM,BSE,STK,522165,INE867D01018,INDSILHYD,XT,,,,,INDSIL HYDRO POWER AND MANGANE,55.64,57.5,53.0,53.93,53.61,55.64,,53.93,,,15215,825404.0,104,F1,1,,,,,
2025-08-07,2025-08-07,CM,BSE,STK,522183,INE478D01014,ITL,X,,,,,ITL INDUSTRIES LTD.,372.0,372.0,360.0,363.6,369.45,364.55,,363.6,,,3430,1252043.0,80,F1,1,,,,,
2025-08-07,2025-08-07,CM,BSE,STK,522195,INE572D01014,FRONTSP,X,,,,,FRONTIER SPRINGS LTD.,4799.0,4941.1,4690.0,4896.35,4906.0,4799.8,,4896.35,,,3561,17138959.0,657,F1,1,,,,,
2025-08-07,2025-08-07,CM,BSE,STK,522205,INE074A01025,PRAJIND,A,,,,,PRAJ INDUSTRIES LTD.,448.05,455.9,445.0,452.65,453.9,454.75,,452.8,,,53298,23981056.0,2972,F1,1,,,,,
2025-08-07,2025-08-07,CM,BSE,STK,522207,INE682D01011,RASANDIK,X,,,,,RASANDIK ENGINEERING INDUSTRIE,90.01,92.0,86.01,87.97,89.99,92.61,,87.97,,,5947,525891.0,51,F1,1,,,,,
2025-08-07,2025-08-07,CM,BSE,STK,522209,INE429B01011,YOGISUNG,XT,,,,,YOGI SUNG-WON (INDIA) LTD.,12.81,12.82,12.8,12.82,12.82,13.06,,12.82,,,2529,32374.0,19,F1,1,,,,,
2025-08-07,2025-08-07,CM,BSE,STK,522215,INE461D01028,HLEGLAS,B,,,,,HLE GLASCOAT LIMITED,423.0,440.65,417.0,427.85,426.65,420.55,,427.7,,,6834,2918723.0,461,F1,1,,,,,
2025-08-07,2025-08-07,CM,BSE,STK,522217,INE826C01016,GUJAPOLLO,B,,,,,GUJARAT APOLLO INDUSTRIES LTD.,460.4,462.35,444.6,453.25,455.0,460.4,,453.8,,,3634,1642892.0,203,F1,1,,,,,
2025-08-07,2025-08-07,CM,BSE,STK,522229,INE692C01020,TANAA,XT,,,,,TANEJA AEROSPACE & AVIATION LT,422.6,423.0,422.6,422.6,422.6,431.2,,422.6,,,9618,4067371.0,135,F1,1,,,,,
2025-08-07,2025-08-07,CM,BSE,STK,522231,INE714D01020,CONART,X,,,,,CONART ENGINEERS LTD.,102.4,106.95,101.9,103.15,103.25,101.9,,103.15,,,4374,452766.0,105,F1,1,,,,,
2025-08-07,2025-08-07,CM,BSE,STK,522235,INE097E01028,MINALIND,X,,,,,MINAL INDUSTRIES LIMITED,4.35,4.35,3.75,3.88,3.89,4.4,,3.88,,,185456,736215.0,294,F1,1,,,,,
2025-08-07,2025-08-07,CM,BSE,STK,522237,INE092H01014,SHIVAGR,X,,,,,SHIVAGRICO IMPLEMENTS LTD.,24.0,24.0,24.0,24.0,24.0,23.75,,24.0,,,100,2400.0,2,F1,1,,,,,
2025-08-07,2025-08-07,CM,BSE,STK,522241,INE227C01017,MMFL,B,,,,,M.M.FORGINGS LTD.,320.3,328.05,302.7,307.0,306.5,331.4,,307.3,,,22135,6867159.0,1317,F1,1,,,,,
2025-08-07,2025-08-07,CM,BSE,STK,522245,INE079L01013,IYKOTHITE,XT,,,,,IYKOT HITECH TOOLROOM LTD.,13.12,13.12,13.12,13.12,13.12,13.81,,13.12,,,1010,13251.0,2,F1,1,,,,,
2025-08-07,2025-08-07,CM,BSE,STK,522249,INE040D01038,MAYURUNIQ,B,,,,,MAYUR UNIQUOTERS LTD.,558.0,558.0,505.95,514.25,517.45,516.9,,514.0,,,13991,7219532.0,585,F1,1,,,,,
2025-08-07,2025-08-07,CM,BSE,STK,522251,INE627F01011,CENLUB,X,,,,,CENLUB INDUSTRIES LTD.,390.0,402.6,375.0,378.25,378.25,395.5,,378.25,,,4643,1773734.0,264,F1,1,,,,,
2025-08-07,2025-08-07,CM,BSE,STK,522257,INE535F01024,RAJOOENG,B,,,,,RAJOO ENGINEERS LTD.,106.5,106.65,101.8,103.0,103.0,107.15,,102.94,,,283104,29168296.0,2396,F1,1,,,,,
2025-08-07,2025-08-07,CM,BSE,STK,522261,INE920A01037,DOLPHIN,B,,,,,DOLPHIN OFFSHORE ENTERPRISES (,392.25,405.9,387.35,397.9,405.9,397.15,,400.4,,,869,342536.0,140,F1,1,,,,,
2025-08-07,2025-08-07,CM,BSE,STK,522267,INE466D01019,VJLAXMIE,X,,,,,VEEJAY LAKSHMI ENGINEERING WOR,66.0,69.0,65.75,67.55,67.9,63.03,,67.55,,,2625,176376.0,31,F1,1,,,,,
2025-08-07,2025-08-07,CM,BSE,STK,522273,INE868C01018,AHMDSTE,X,,,,,AHMEDABAD STEELCRAFT LTD.,215.85,233.65,212.9,233.65,233.65,212.45,,233.65,,,8937,2040537.0,117,F1,1,,,,,
2025-08-07,2025-08-07,CM,BSE,STK,522275,INE200A01026,GVTD,A,,,,,GE Vernova T&D India Limited,2790.8,2848.35,2762.6,2785.9,2770.2,2798.9,,2788.6,,,13077,36652669.0,1919,F1,1,,,,,
2025-08-07,2025-08-07,CM,BSE,STK,522281,INE207E01023,RAMRAT,B,,,,,RAM RATNA WIRES LTD.,681.75,693.45,672.75,675.9,672.75,690.5,,677.95,,,4776,3248655.0,551,F1,1,,,,,
2025-08-07,2025-08-07,CM,BSE,STK,522285,INE854B01010,JAYNECOIND,B,,,,,JAYASWAL NECO INDUSTRIES LTD.,53.82,53.82,50.88,52.68,52.95,54.06,,52.71,,,7020537,370255570.0,11253,F1,1,,,,,
2025-08-07,2025-08-07,CM,BSE,STK,522287,INE220B01022,KPIL,A,,,,,KALPATARU PROJECTS INTERNATION,1169.95,1169.95,1100.1,1111.9,1110.25,1115.9,,1112.9,,,8262,9208303.0,1022,F1,1,,,,,
2025-08-07,2025-08-07,CM,BSE,STK,522289,INE169F01014,NMSRESRC,XT,,,,,NMS RESOURCES GLOBAL LIMITED,67.8,67.8,66.45,66.45,66.45,67.8,,66.45,,,22,1465.0,10,F1,1,,,,,
2025-08-07,2025-08-07,CM,BSE,STK,522292,INE713D01055,CANDOUR,X,,,,,CANDOUR TECHTEX LIMITED,94.5,94.5,89.4,89.95,91.79,91.24,,89.95,,,4461,403231.0,49,F1,1,,,,,
2025-08-07,2025-08-07,CM,BSE,STK,522294,INE811B01010,TIGLOB,X,,,,,T & I GLOBAL LTD.,172.0,172.0,172.0,172.0,172.0,170.15,,172.0,,,3,516.0,1,F1,1,,,,,
2025-08-07,2025-08-07,CM,BSE,STK,522295,INE663B01015,CONTROLPR,B,,,,,CONTROL PRINT LTD.,710.05,754.75,710.05,750.85,751.0,739.85,,752.6,,,1332,987523.0,174,F1,1,,,,,
2025-08-07,2025-08-07,CM,BSE,STK,522650,INE142E01014,BEMHY,XT,,,,,BEMCO HYDRAULICS LTD.,2905.55,2905.55,2905.55,2905.55,2905.55,2964.8,,2905.55,,,225,653748.0,67,F1,1,,,,,
2025-08-07,2025-08-07,CM,BSE,STK,523007,INE030C01015,ANSALBU,X,,,,,ANSAL BUILDWELL LTD.,123.0,126.95,119.55,124.85,124.85,119.8,,124.85,,,4761,595396.0,55,F1,1,,,,,
2025-08-07,2025-08-07,CM,BSE,STK,523011,INE080A01014,WEIZMANIND,B,,,,,WEIZMANN LTD.,115.9,115.95,111.1,112.3,111.1,112.7,,111.81,,,6531,740495.0,72,F1,1,,,,,
2025-08-07,2025-08-07,CM,BSE,STK,523019,INE710D01028,BNRSEC,X,,,,,B.N.RATHI SECURITIES LTD.,20.99,21.59,19.9,21.02,21.02,20.62,,21.02,,,38655,796471.0,309,F1,1,,,,,
2025-08-07,2025-08-07,CM,BSE,STK,523023,INE985A01022,SINCLAIR,B,,,,,SINCLAIRS HOTELS LTD.,97.2,98.0,95.25,96.85,97.1,97.6,,96.71,,,5598,539113.0,135,F1,1,,,,,
2025-08-07,2025-08-07,CM,BSE,STK,523025,INE429E01023,SAFARI,A,,,,,SAFARI INDUSTRIES (INDIA) LTD.,2032.5,2068.5,2018.85,2054.15,2048.15,2062.0,,2055.3,,,1927,3938251.0,400,F1,1,,,,,
2025-08-07,2025-08-07,CM,BSE,STK,523062,INE584C01011,JJFINCOR,XT,,,,,J.J.FINANCE CORPORATION LTD.,33.08,33.08,31.51,31.51,31.51,31.51,,31.51,,,42,1370.0,5,F1,1,,,,,
2025-08-07,2025-08-07,CM,BSE,STK,523100,INE124B01018,COSMOFE,X,,,,,COSMO FERRITES LTD.,279.0,279.0,250.1,266.5,267.0,262.0,,266.5,,,5894,1535425.0,112,F1,1,,,,,
2025-08-07,2025-08-07,CM,BSE,STK,523105,INE293E01031,CROPSTER,B,,,,,CROPSTER AGRO LIMITED,17.01,18.92,16.26,16.88,17.19,18.25,,16.88,,,6382542,112728667.0,906,F1,1,,,,,
2025-08-07,2025-08-07,CM,BSE,STK,523116,INE391G01012,SANCTRN,X,,,,,SANCO TRANS LTD.,723.3,723.3,723.3,723.3,723.3,723.3,,723.3,,,4,2893.0,1,F1,1,,,,,
2025-08-07,2025-08-07,CM,BSE,STK,523120,INE628D01014,ADORMUL,XT,,,,,ADOR MULTIPRODUCTS LTD.,111.7,111.7,103.8,105.05,103.9,109.25,,105.05,,,4459,468132.0,70,F1,1,,,,,
2025-08-07,2025-08-07,CM,BSE,STK,523127,INE276C01014,EIHAHOTELS,B,,,,,EIH ASSOCIATED HOTELS LTD.,375.0,375.0,367.0,370.6,371.0,375.2,,371.0,,,2229,826559.0,172,F1,1,,,,,
2025-08-07,2025-08-07,CM,BSE,STK,523144,INE442D01010,MEDICAPQ,X,,,,,MEDI-CAPS LTD.,42.76,42.76,41.05,41.12,41.12,41.11,,41.12,,,2680,111329.0,33,F1,1,,,,,
2025-08-07,2025-08-07,CM,BSE,STK,523151,INE910B01028,OTCO,X,,,,,OTCO INTERNATIONAL LTD.,7.84,7.84,7.4,7.4,7.4,7.84,,7.4,,,620,4632.0,4,F1,1,,,,,
2025-08-07,2025-08-07,CM,BSE,STK,523160,INE599F01020,MORGANITE,X,,,,,MORGANITE CRUCIBLE (INDIA) LTD,1505.0,1509.6,1450.0,1464.8,1466.9,1505.85,,1464.8,,,1653,2430768.0,164,F1,1,,,,,
2025-08-07,2025-08-07,CM,BSE,STK,523186,INE00FM01013,BAPACK,X,,,,,B&A PACKAGING INDIA LIMITED,230.3,237.5,229.0,236.65,237.5,232.6,,236.65,,,57,13197.0,9,F1,1,,,,,
2025-08-07,2025-08-07,CM,BSE,STK,523204,INE421A01028,ABAN,B,,,,,ABAN OFFSHORE LTD.,43.16,44.26,42.9,43.95,44.14,43.33,,43.86,,,8710,379925.0,115,F1,1,,,,,
2025-08-07,2025-08-07,CM,BSE,STK,523207,INE760A01029,KOKUYOCMLN,B,,,,,KOKUYO CAMLIN LTD.,112.85,113.2,109.0,111.65,112.65,113.05,,111.35,,,8440,936931.0,228,F1,1,,,,,
2025-08-07,2025-08-07,CM,BSE,STK,523222,INE173J01018,SRMENERGY,XT,,,,,SRM ENERGY LTD.,12.0,12.0,11.73,11.73,11.73,11.96,,11.73,,,726,8577.0,20,F1,1,,,,,
2025-08-07,2025-08-07,CM,BSE,STK,523229,INE415D01024,BHARATSE,T,,,,,BHARAT SEATS LTD.,110.35,110.35,103.75,107.1,109.0,109.0,,107.62,,,19197,2035844.0,194,F1,1,,,,,
2025-08-07,2025-08-07,CM,BSE,STK,523232,INE369D01023,CONTPTR,X,,,,,CONTINENTAL PETROLEUMS LTD.,122.0,126.0,120.1,124.4,124.4,124.35,,124.4,,,80,9846.0,11,F1,1,,,,,
2025-08-07,2025-08-07,CM,BSE,STK,523242,INE006F01018,NBFOOT,P,,,,,NB FOOTWEAR LTD.,10.8,11.8,10.7,10.7,10.7,11.24,,10.7,,,20000,222971.0,15,F1,100,,,,,
2025-08-07,2025-08-07,CM,BSE,STK,523248,INE082B01018,MACPLASQ,X,,,,,MACHINO PLASTICS LTD.,259.7,259.7,232.55,235.75,239.15,244.7,,235.75,,,4420,1042370.0,115,F1,1,,,,,
2025-08-07,2025-08-07,CM,BSE,STK,523260,INE844A01013,PEARLPOLY,B,,,,,PEARL POLYMERS LTD.,32.85,33.95,31.96,32.48,31.96,33.02,,32.66,,,7660,251461.0,75,F1,1,,,,,
2025-08-07,2025-08-07,CM,BSE,STK,523261,INE398A01010,VENKEYS,B,,,,,VENKYS (INDIA) LTD.,1509.95,1513.4,1485.0,1491.3,1490.1,1511.8,,1488.5,,,2452,3685092.0,427,F1,1,,,,,
2025-08-07,2025-08-07,CM,BSE,STK,523269,INE199C01026,ADVANIHOTR,B,,,,,ADVANI HOTELS & RESORTS (INDIA,58.0,58.77,57.0,58.01,58.06,57.92,,57.9,,,3745,215917.0,131,F1,1,,,,,
2025-08-07,2025-08-07,CM,BSE,STK,523277,INE395B01048,GVFILM,XT,,,,,GV FILMS LTD.,0.36,0.36,0.35,0.35,0.35,0.36,,0.35,,,1530196,539603.0,465,F1,1,,,,,
2025-08-07,2025-08-07,CM,BSE,STK,523283,INE712B01010,SUPERHOUSE,B,,,,,SUPERHOUSE LTD.,161.5,162.0,152.9,159.5,159.5,161.5,,161.11,,,793,125945.0,45,F1,1,,,,,
2025-08-07,2025-08-07,CM,BSE,STK,523289,INE763B01013,RAMAVISION,XT,,,,,RAMA VISION LTD.,77.24,79.5,75.6,76.92,77.0,77.62,,76.92,,,1528,117813.0,47,F1,1,,,,,
2025-08-07,2025-08-07,CM,BSE,STK,523301,INE822C01015,TCPLPACK,B,,,,,TCPL PACKAGING LTD.,3450.0,3495.25,3372.75,3468.1,3450.0,3453.35,,3465.5,,,259,882930.0,86,F1,1,,,,,
2025-08-07,2025-08-07,CM,BSE,STK,523309,INE241V01018,SHRIGANG,X,,,,,SHRI GANG INDUSTRIES AND ALLIE,92.1,92.65,88.0,92.41,92.65,93.55,,92.41,,,1782,163130.0,49,F1,1,,,,,
2025-08-07,2025-08-07,CM,BSE,STK,523319,INE164A01016,BALMLAWRIE,B,,,,,BALMER LAWRIE & CO.LTD.,209.65,210.5,205.35,208.1,209.0,209.7,,208.14,,,14709,3059499.0,418,F1,1,,,,,
2025-08-07,2025-08-07,CM,BSE,STK,523323,INE177F01017,KOVAI,B,,,,,KOVAI MEDICAL CENTER & HOSPITA,6148.2,6186.8,6068.2,6158.1,6179.0,6108.2,,6158.1,,,2794,17151165.0,819,F1,1,,,,,
2025-08-07,2025-08-07,CM,BSE,STK,523367,INE499A01024,DCMSHRIRAM,A,,,,,DCM SHRIRAM LIMITED,1370.0,1374.15,1315.85,1344.0,1345.5,1378.25,,1344.3,,,7058,9512813.0,896,F1,1,,,,,
2025-08-07,2025-08-07,CM,BSE,STK,523369,INE843D01027,DCMSRIND,B,,,,,DCM SHRIRAM INDUSTRIES LTD.,170.6,173.4,166.45,171.65,171.85,171.9,,171.4,,,10690,1808938.0,218,F1,1,,,,,
2025-08-07,2025-08-07,CM,BSE,STK,523371,INE636A01039,MAWANASUG,B,,,,,MAWANA SUGARS LTD.,87.79,88.63,85.8,86.94,86.8,88.21,,86.84,,,2404,209155.0,93,F1,1,,,,,
2025-08-07,2025-08-07,CM,BSE,STK,523373,INE281E01010,MINID,X,,,,,MINI DIAMONDS (INDIA) LTD.,171.0,175.0,170.0,171.1,171.1,167.75,,171.1,,,12120,2072897.0,59,F1,1,,,,,
2025-08-07,2025-08-07,CM,BSE,STK,523384,INE843B01013,MAHAPEXLTD,B,,,,,MAHA RASHTRA APEX CORPORATION,104.65,105.95,102.3,104.8,102.4,107.25,,103.83,,,600,62389.0,38,F1,1,,,,,
2025-08-07,2025-08-07,CM,BSE,STK,523385,INE310A01015,NILKAMAL,B,,,,,NILKAMAL LTD.,1595.0,1621.6,1590.0,1613.6,1621.6,1592.95,,1614.6,,,273,436827.0,92,F1,1,,,,,
2025-08-07,2025-08-07,CM,BSE,STK,523391,INE308A01027,NAHARPOLY,T,,,,,NAHAR POLYFILMS LTD.,301.0,310.0,295.1,310.0,310.0,300.3,,308.5,,,1169,350045.0,26,F1,1,,,,,
2025-08-07,2025-08-07,CM,BSE,STK,523395,INE470A01017,3MINDIA,A,,,,,3M INDIA LTD.,30700.0,32217.4,30000.0,32010.4,32035.0,30882.6,,32000.0,,,558,17351081.0,261,F1,1,,,,,
2025-08-07,2025-08-07,CM,BSE,STK,523398,INE782A01015,JCHAC,B,,,,,Johnson Controls-Hitachi Air C,1723.9,1761.25,1723.9,1755.05,1751.35,1759.05,,1757.1,,,1573,2762328.0,267,F1,1,,,,,
2025-08-07,2025-08-07,CM,BSE,STK,523405,INE780C01023,JMFINANCIL,A,,,,,JM FINANCIAL LTD.,153.9,155.55,151.9,154.95,154.7,154.35,,155.02,,,236823,36422999.0,1727,F1,1,,,,,
2025-08-07,2025-08-07,CM,BSE,STK,523411,INE833A01016,ADCINDIA,X,,,,,ADC INDIA COMMUNICATIONS LIMIT,1270.0,1432.65,1270.0,1378.05,1378.05,1193.9,,1378.05,,,57659,79768343.0,2695,F1,1,,,,,
2025-08-07,2025-08-07,CM,BSE,STK,523419,INE141D01018,TNTELE,T,,,,,TAMILNADU TELECOMMUNICATIONS L,17.85,17.85,17.85,17.85,17.85,18.21,,17.63,,,20,357.0,1,F1,1,,,,,
2025-08-07,2025-08-07,CM,BSE,STK,523425,INE459D01014,SUNRAJDI,XT,,,,,SUNRAJ DIAMOND EXPORTS LTD.,13.32,13.32,13.32,13.32,13.32,13.06,,13.32,,,14118,188051.0,17,F1,1,,,,,
2025-08-07,2025-08-07,CM,BSE,STK,523445,INE046A01015,RIIL,B,,,,,RELIANCE INDUSTRIAL INFRASTRUC,850.95,858.0,833.0,850.85,857.5,842.35,,852.45,,,4001,3378041.0,389,F1,1,,,,,
2025-08-07,2025-08-07,CM,BSE,STK,523449,INE207B01011,SHARP,X,,,,,SHARP INDIA LTD.,58.0,58.0,55.0,55.01,55.01,58.9,,55.01,,,3127,175952.0,25,F1,1,,,,,
2025-08-07,2025-08-07,CM,BSE,STK,523457,INE473A01011,LINDEINDIA,A,,,,,Linde India Limited,6355.05,6587.0,6355.0,6540.35,6587.0,6457.05,,6533.5,,,750,4848589.0,278,F1,1,,,,,
2025-08-07,2025-08-07,CM,BSE,STK,523465,INE969D01012,INDBNK,B,,,,,IND BANK HOUSING LTD.,40.93,40.93,39.55,39.97,40.49,40.5,,39.97,,,1334,52949.0,26,F1,1,,,,,
2025-08-07,2025-08-07,CM,BSE,STK,523467,INE250C01027,JAIMATAG,XT,,,,,JAI MATA GLASS LTD.,2.77,2.77,2.77,2.77,2.77,2.72,,2.77,,,52474,145352.0,46,F1,1,,,,,
2025-08-07,2025-08-07,CM,BSE,STK,523475,INE026D01011,LOTUSCHO,B,,,,,LOTUS CHOCOLATE CO.LTD.,1239.8,1239.8,1116.75,1178.55,1180.0,1212.8,,1178.55,,,5522,6533517.0,462,F1,1,,,,,
2025-08-07,2025-08-07,CM,BSE,STK,523483,INE883C01025,PACIFICI,X,,,,,PACIFIC INDUSTRIES LTD.,209.3,215.0,209.3,212.0,212.0,210.45,,212.0,,,183,38573.0,18,F1,1,,,,,
2025-08-07,2025-08-07,CM,BSE,STK,523489,INE889F01017,CMMHOSP,X,,,,,CHENNAI MEENAKSHI MULTISPECIAL,32.25,33.49,31.5,32.27,32.59,32.88,,32.27,,,841,26997.0,19,F1,1,,,,,
2025-08-07,2025-08-07,CM,BSE,STK,523519,INE951C01012,UNIOFFICE,XT,,,,,UNIVERSAL OFFICE AUTOMATION LT,6.45,6.45,6.01,6.01,6.01,6.32,,6.01,,,1026,6169.0,7,F1,1,,,,,
2025-08-07,2025-08-07,CM,BSE,STK,523537,INE170D01025,APMIN,X,,,,,APM INDUSTRIES LTD.,36.1,36.1,34.02,35.0,35.0,35.39,,35.0,,,5682,199995.0,61,F1,1,,,,,
2025-08-07,2025-08-07,CM,BSE,STK,523539,INE372C01037,PRECWIRE,B,,,,,PRECISION WIRES INDIA LTD.,171.15,174.6,167.9,173.6,173.0,171.35,,173.83,,,24695,4199090.0,331,F1,1,,,,,
2025-08-07,2025-08-07,CM,BSE,STK,523550,INE951B01014,KRYPTONQ,X,,,,,KRYPTON INDUSTRIES LTD.,44.99,44.99,43.5,44.1,44.1,44.44,,44.1,,,4588,203497.0,45,F1,1,,,,,
2025-08-07,2025-08-07,CM,BSE,STK,523558,INE010C01025,SWISSMLTRY,X,,,,,SWISS MILITARY CONSUMER GOODS,25.2,25.4,25.05,25.3,25.34,25.39,,25.3,,,99717,2515564.0,493,F1,1,,,,,
2025-08-07,2025-08-07,CM,BSE,STK,523566,INE199D01016,MARBU,X,,,,,MARTIN BURN LTD.,67.0,67.0,63.9,66.9,66.9,67.0,,66.9,,,2434,157842.0,23,F1,1,,,,,
2025-08-07,2025-08-07,CM,BSE,STK,523574,INE623B01027,FEL,Z,,,,,Future Enterprises Limited,0.58,0.58,0.57,0.58,0.58,0.58,,0.58,,,53868,31072.0,32,F1,1,,,,,
2025-08-07,2025-08-07,CM,BSE,STK,523586,INE826B01018,INDTONER,X,,,,,INDIAN TONERS & DEVELOPERS LTD,264.5,264.5,261.0,262.35,262.35,260.35,,262.35,,,1285,336035.0,34,F1,1,,,,,
2025-08-07,2025-08-07,CM,BSE,STK,523594,INE638D01021,KUNSTOFF,X,,,,,KUNSTSTOFFE INDUSTRIES LTD.,22.0,22.0,21.25,21.98,21.98,22.24,,21.98,,,160,3413.0,10,F1,1,,,,,
2025-08-07,2025-08-07,CM,BSE,STK,523598,INE109A01011,SCI,A,,,,,SHIPPING CORPORATION OF INDIA,207.55,208.0,202.25,206.95,207.35,209.4,,207.17,,,76436,15713205.0,1210,F1,1,,,,,
2025-08-07,2025-08-07,CM,BSE,STK,523606,INE438E01032,SIKA,B,,,,,SIKA INTERPLANT SYSTEMS LTD.,1160.0,1160.0,1130.5,1144.3,1144.3,1165.95,,1144.3,,,25134,28625462.0,1695,F1,1,,,,,
2025-08-07,2025-08-07,CM,BSE,STK,523610,INE248A01017,ITI,A,,,,,ITI LTD.,305.4,325.5,305.4,320.35,320.35,299.45,,320.3,,,561756,179585045.0,12160,F1,1,,,,,
2025-08-07,2025-08-07,CM,BSE,STK,523618,INE506A01018,DREDGECORP,B,,,,,DREDGING CORPORATION OF INDIA,650.2,661.85,632.8,657.3,661.85,656.85,,657.15,,,3209,2078417.0,328,F1,1,,,,,
2025-08-07,2025-08-07,CM,BSE,STK,523630,INE870D01012,NFL,B,,,,,NATIONAL FERTILIZERS LTD.,95.16,95.16,90.72,92.88,92.88,95.26,,92.78,,,114678,10658171.0,1238,F1,1,,,,,
2025-08-07,2025-08-07,CM,BSE,STK,523638,INE558A01019,IPRINGLTD,X,,,,,IP RINGS LTD.,167.35,167.35,165.0,165.0,165.0,167.35,,165.0,,,353,58337.0,10,F1,1,,,,,
2025-08-07,2025-08-07,CM,BSE,STK,523642,INE603J01030,PIIND,A,,,,,P.I.INDUSTRIES LTD.,4052.2,4091.0,3955.35,4024.9,4030.5,4085.7,,4023.8,,,6381,25662021.0,1176,F1,1,,,,,
2025-08-07,2025-08-07,CM,BSE,STK,523648,INE083C01022,PLASTIBLEN,B,,,,,PLASTIBLENDS INDIA LTD.,190.25,190.45,190.0,190.0,190.0,188.55,,190.67,,,68,12933.0,17,F1,1,,,,,
2025-08-07,2025-08-07,CM,BSE,STK,523650,INE823D01011,YASHINNO,X,,,,,YASH INNOVENTURES LIMITED,35.0,35.0,35.0,35.0,35.0,35.0,,35.0,,,3,105.0,1,F1,1,,,,,
2025-08-07,2025-08-07,CM,BSE,STK,523652,INE465K01016,KKPLASTICK,X,,,,,Kkalpana Plastick Limited,26.24,27.11,26.24,27.11,27.11,26.0,,27.11,,,189,5023.0,5,F1,1,,,,,
2025-08-07,2025-08-07,CM,BSE,STK,523660,INE054C01015,WATERBASE,X,,,,,WATERBASE LTD.,49.0,49.56,47.25,48.13,48.13,49.11,,48.13,,,16128,778657.0,225,F1,1,,,,,
2025-08-07,2025-08-07,CM,BSE,STK,523672,INE954B01018,FLEXFO,X,,,,,FLEX FOODS LTD.,61.7,61.7,56.5,58.21,59.4,60.2,,58.21,,,3229,189874.0,49,F1,1,,,,,
2025-08-07,2025-08-07,CM,BSE,STK,523676,INE798D01015,GOLKUNDIA,X,,,,,GOLKUNDA DIAMONDS & JEWELLERY,175.95,175.95,171.7,175.5,175.5,175.1,,175.5,,,481,83655.0,38,F1,1,,,,,
2025-08-07,2025-08-07,CM,BSE,STK,523694,INE116A01032,APCOTEXIND,B,,,,,APCOTEX INDUSTRIES LTD.,405.8,407.9,397.0,401.1,397.0,408.0,,400.95,,,769,310017.0,99,F1,1,,,,,
2025-08-07,2025-08-07,CM,BSE,STK,523696,INE842B01015,FORTISMLR,X,,,,,FORTIS MALAR HOSPITALS LIMITED,69.0,69.77,68.0,69.21,69.36,69.36,,69.21,,,10537,724081.0,334,F1,1,,,,,
2025-08-07,2025-08-07,CM,BSE,STK,523704,INE759A01021,MASTEK,A,,,,,MASTEK LTD.,2481.05,2532.8,2481.05,2523.7,2522.25,2514.15,,2523.9,,,1435,3607565.0,212,F1,1,,,,,
2025-08-07,2025-08-07,CM,BSE,STK,523708,INE158B01016,EIMCOELECO,B,,,,,EIMCO ELECON (INDIA) LTD.,2240.0,2450.8,2240.0,2430.25,2356.0,2366.0,,2426.0,,,1693,4036755.0,353,F1,1,,,,,
2025-08-07,2025-08-07,CM,BSE,STK,523710,INE318C01014,SAYAJIHOTL,X,,,,,SAYAJI HOTELS LTD.,313.95,313.95,295.0,300.0,300.0,299.85,,300.0,,,17,5228.0,7,F1,1,,,,,
2025-08-07,2025-08-07,CM,BSE,STK,523716,INE365D01021,ASHIANA,B,,,,,ASHIANA HOUSING LTD.,316.6,316.6,306.55,309.7,310.0,316.8,,310.25,,,5499,1717099.0,455,F1,1,,,,,
2025-08-07,2025-08-07,CM,BSE,STK,523722,INE119B01018,SVAMSOF,XT,,,,,SVAM SOFTWARE LTD.,7.76,7.76,7.76,7.76,7.76,7.61,,7.76,,,16666,129328.0,21,F1,1,,,,,
2025-08-07,2025-08-07,CM,BSE,STK,523732,INE866A01016,ECOBOAR,XT,,,,,ECOBOARD INDUSTRIES LTD.,28.49,29.47,28.49,29.46,29.45,28.26,,29.46,,,5405,157128.0,12,F1,1,,,,,
2025-08-07,2025-08-07,CM,BSE,STK,523736,INE477B01010,DVL,B,,,,,Dhunseri Ventures Limited,342.0,348.0,335.1,343.6,343.6,349.95,,343.25,,,2869,984144.0,131,F1,1,,,,,
2025-08-07,2025-08-07,CM,BSE,STK,523752,INE502D01011,TIHIL,X,,,,,TRANS INDIA HOUSE IMPEX LIMITE,12.5,12.5,11.5,12.34,12.3,12.28,,12.34,,,4326,52270.0,29,F1,1,,,,,
2025-08-07,2025-08-07,CM,BSE,STK,523754,INE215D01010,MAHEPC,B,,,,,MAHINDRA EPC IRRIGATION LIMITE,138.0,138.75,134.75,137.4,137.85,139.6,,137.32,,,11551,1573862.0,292,F1,1,,,,,
2025-08-07,2025-08-07,CM,BSE,STK,523782,INE844D01017,MITSHI,X,,,,,Mitshi India Limited,14.49,14.65,13.6,14.1,14.65,14.42,,14.1,,,2568,36429.0,36,F1,1,,,,,
2025-08-07,2025-08-07,CM,BSE,STK,523790,INE344E01016,SHUKJEW,P,,,,,SHUKRA JEWELLERS LTD.,9.04,9.04,9.04,9.04,9.04,9.22,,9.04,,,400,3616.0,1,F1,100,,,,,
2025-08-07,2025-08-07,CM,BSE,STK,523792,INE885E01042,MAZDA,B,,,,,MAZDA LTD.,286.0,289.0,281.5,285.55,289.0,292.75,,285.95,,,11852,3368616.0,694,F1,1,,,,,
2025-08-07,2025-08-07,CM,BSE,STK,523796,INE048C01025,VHLTD,T,,,,,VICEROY HOTELS LTD.,106.0,106.0,105.75,106.0,106.0,106.0,,106.77,,,4805,509211.0,26,F1,1,,,,,
2025-08-07,2025-08-07,CM,BSE,STK,523826,INE959D01013,SOVERDIA,X,,,,,SOVEREIGN DIAMONDS LTD.,35.99,35.99,32.04,32.25,32.06,32.0,,32.25,,,971,32886.0,44,F1,1,,,,,
2025-08-07,2025-08-07,CM,BSE,STK,523828,INE071D01033,MENONBE,B,,,,,MENON BEARINGS LTD.,128.65,130.5,125.3,128.4,128.7,129.55,,128.04,,,8361,1063349.0,217,F1,1,,,,,
2025-08-07,2025-08-07,CM,BSE,STK,523832,INE862C01029,MUKATPIP,X,,,,,MUKAT PIPES LTD.,16.02,16.88,15.93,16.83,16.83,16.01,,16.83,,,355,5733.0,7,F1,1,,,,,
2025-08-07,2025-08-07,CM,BSE,STK,523836,INE610B01024,GUJRAFFIA,B,,,,,GUJARAT RAFFIA INDUSTRIES LTD.,38.9,39.39,37.72,37.94,37.82,37.6,,37.88,,,736,28096.0,37,F1,1,,,,,
2025-08-07,2025-08-07,CM,BSE,STK,523838,INE059B01024,SIMPLEXINF,B,,,,,SIMPLEX INFRASTRUCTURES LTD.,285.55,295.05,283.8,286.0,285.0,287.3,,286.6,,,8795,2567905.0,441,F1,1,,,,,
2025-08-07,2025-08-07,CM,BSE,STK,523840,INE965C01038,INNOVTEC,X,,,,,INNOVATIVE TECH PACK LTD.,25.0,25.5,24.77,25.35,25.35,24.74,,25.35,,,2796,70764.0,21,F1,1,,,,,
2025-08-07,2025-08-07,CM,BSE,STK,523842,INE460D01038,SUPTANERY,X,,,,,SUPER TANNERY LIMITED,8.93,9.09,8.43,8.81,8.81,9.07,,8.81,,,77025,668833.0,256,F1,1,,,,,
2025-08-07,2025-08-07,CM,BSE,STK,523844,INE537B01011,CONSTRONIC,XT,,,,,CONSTRONICS INFRA LIMITED,54.45,58.0,54.4,57.42,58.0,56.95,,57.42,,,2912,166427.0,26,F1,1,,,,,
2025-08-07,2025-08-07,CM,BSE,STK,523850,INE767C01012,AXTEL,X,,,,,AXTEL INDUSTRIES LTD.,458.0,470.0,446.0,464.55,464.55,457.7,,464.55,,,2312,1059364.0,151,F1,1,,,,,
2025-08-07,2025-08-07,CM,BSE,STK,523862,INE926B01016,PIFL,B,,,,,Pacheli Industrial Finance Lim,18.73,19.68,18.73,19.58,19.58,19.68,,19.58,,,939,18290.0,28,F1,1,,,,,
2025-08-07,2025-08-07,CM,BSE,STK,523874,INE191C01023,EASTINDIA,XT,,,,,East India Drums and Barrels M,122.43,122.43,122.43,122.43,122.43,116.6,,122.43,,,393,48114.0,13,F1,1,,,,,
2025-08-07,2025-08-07,CM,BSE,STK,523888,INE317D01014,VRWODAR,XT,,,,,V R WOODART LTD.,43.2,45.35,43.2,45.35,45.35,43.2,,45.35,,,1026,46407.0,25,F1,1,,,,,
2025-08-07,2025-08-07,CM,BSE,STK,523896,INE316O01021,APIL,X,,,,,AVI PRODUCTS INDIA LIMITED,28.47,28.47,28.47,28.47,28.47,27.12,,28.47,,,17547,499563.0,27,F1,1,,,,,
2025-08-07,2025-08-07,CM,BSE,STK,524000,INE511C01022,POONAWALLA,A,,,,,POONAWALLA FINCORP LIMITED,440.5,446.0,436.8,444.3,444.3,440.7,,444.5,,,108478,48081494.0,2563,F1,1,,,,,
2025-08-07,2025-08-07,CM,BSE,STK,524013,INE806J01013,HINFLUR,T,,,,,HINDUSTAN FLUOROCARBONS LTD.,16.4,16.4,16.26,16.26,16.26,17.11,,16.26,,,34184,555845.0,75,F1,1,,,,,
2025-08-07,2025-08-07,CM,BSE,STK,524019,INE473D01015,KINGFA,B,,,,,Kingfa Science & Technology (I,3251.35,3514.4,3251.35,3500.15,3500.0,3299.35,,3498.5,,,933,3202668.0,280,F1,1,,,,,
2025-08-07,2025-08-07,CM,BSE,STK,524037,INE809A01032,RAMAPHO,T,,,,,RAMA PHOSPHATES LTD.,145.55,145.55,145.55,145.55,145.55,148.5,,145.55,,,4870,708828.0,8,F1,1,,,,,
2025-08-07,2025-08-07,CM,BSE,STK,524038,INE204D01022,VENLONENT,X,,,,,VENLON ENTERPRISES LTD.,5.55,5.55,4.8,5.32,5.32,5.05,,5.32,,,3273,16779.0,34,F1,1,,,,,
2025-08-07,2025-08-07,CM,BSE,STK,524051,INE633B01018,POLYPLEX,B,,,,,POLYPLEX CORPORATION LTD.,1133.95,1140.0,1107.0,1133.4,1140.0,1126.45,,1135.6,,,2655,2979252.0,269,F1,1,,,,,
2025-08-07,2025-08-07,CM,BSE,STK,524075,INE155C01010,ALBERTDAVD,B,,,,,ALBERT DAVID LTD.,800.0,815.5,800.0,813.0,813.0,809.1,,811.45,,,943,766123.0,207,F1,1,,,,,
2025-08-07,2025-08-07,CM,BSE,STK,524080,INE681F01018,HARLETH,X,,,,,HARYANA LEATHER CHEMICALS LTD.,69.0,69.0,65.0,67.0,67.0,67.12,,67.0,,,1881,125648.0,29,F1,1,,,,,
2025-08-07,2025-08-07,CM,BSE,STK,524091,INE482D01024,CARYSIL,B,,,,,CARYSIL LIMITED,780.05,801.6,775.5,793.75,801.6,797.0,,793.9,,,8192,6471360.0,725,F1,1,,,,,
2025-08-07,2025-08-07,CM,BSE,STK,524109,INE900B01029,KABRAEXTRU,B,,,,,KABRA EXTRUSIONTECHNIK LTD.,254.7,263.6,254.0,262.25,263.5,258.3,,262.3,,,5495,1424454.0,287,F1,1,,,,,
2025-08-07,2025-08-07,CM,BSE,STK,524129,INE250B01029,VINYLINDIA,T,,,,,VINYL CHEMICALS (INDIA) LTD.,285.0,285.0,277.0,284.0,284.0,282.1,,280.35,,,110,31079.0,7,F1,1,,,,,
2025-08-07,2025-08-07,CM,BSE,STK,524136,INE417E01010,PCCOSMA,X,,,,,PEE CEE COSMA SOPE LTD.,464.0,464.0,454.0,461.4,461.55,458.05,,461.4,,,391,178915.0,45,F1,1,,,,,
2025-08-07,2025-08-07,CM,BSE,STK,524156,INE034F01010,TCMLMTD,X,,,,,TCM LTD.,38.7,43.05,38.7,42.8,43.0,38.97,,42.8,,,20075,840239.0,110,F1,1,,,,,
2025-08-07,2025-08-07,CM,BSE,STK,524164,INE485C01029,IOLCP,B,,,,,IOL CHEMICALS & PHARMACEUTICAL,93.55,99.0,92.65,98.0,98.0,95.15,,97.99,,,238686,22966494.0,2413,F1,1,,,,,
2025-08-07,2025-08-07,CM,BSE,STK,524174,INE133C01033,KESARPE,X,,,,,KESAR PETROPRODUCTS LTD.,31.25,32.0,30.5,31.17,31.42,31.01,,31.17,,,335914,10534530.0,704,F1,1,,,,,
2025-08-07,2025-08-07,CM,BSE,STK,524200,INE410B01037,VINATIORGA,A,,,,,VINATI ORGANICS LTD.,1705.05,1737.5,1691.7,1708.05,1715.0,1730.35,,1707.3,,,5413,9245280.0,676,F1,1,,,,,
2025-08-07,2025-08-07,CM,BSE,STK,524202,INE058I01013,LACTOSE,X,,,,,LACTOSE (INDIA) LTD.,95.21,103.0,95.21,98.02,98.02,98.83,,98.02,,,1683,163882.0,43,F1,1,,,,,
2025-08-07,2025-08-07,CM,BSE,STK,524204,INE757D01011,TEEAI,X,,,,,TEESTA AGRO INDUSTRIES LTD.,124.55,133.9,122.0,124.6,123.0,128.7,,124.6,,,6561,837091.0,216,F1,1,,,,,
2025-08-07,2025-08-07,CM,BSE,STK,524208,INE769A01020,AARTIIND,A,,,,,AARTI INDUSTRIES LTD.,384.45,384.45,374.0,378.3,378.3,386.05,,378.45,,,76231,28753579.0,2434,F1,1,,,,,
2025-08-07,2025-08-07,CM,BSE,STK,524210,INE702E01015,PNTKYOR,X,,,,,PENTOKEY ORGANY (INDIA) LTD.,37.84,38.99,35.8,36.7,38.95,37.1,,36.7,,,104,3889.0,14,F1,1,,,,,
2025-08-07,2025-08-07,CM,BSE,STK,524212,INE107F01022,WANBURY,T,,,,,WANBURY LTD.,257.95,258.9,247.0,255.8,255.8,257.6,,255.35,,,6541,1656630.0,96,F1,1,,,,,
2025-08-07,2025-08-07,CM,BSE,STK,524218,INE486D01017,RESONANCE,XT,,,,,RESONANCE SPECIALTIES LTD.,103.0,105.65,101.3,104.0,105.55,101.8,,104.0,,,20361,2105030.0,138,F1,1,,,,,
2025-08-07,2025-08-07,CM,BSE,STK,524226,INE036B01030,GAEL,A,,,,,GUJARAT AMBUJA EXPORTS LTD.,105.1,105.5,102.2,104.8,104.8,105.1,,104.77,,,21864,2264835.0,292,F1,1,,,,,
2025-08-07,2025-08-07,CM,BSE,STK,524230,INE027A01015,RCF,A,,,,,RASHTRIYA CHEMICALS & FERTILIZ,148.35,149.6,141.65,144.85,144.85,150.3,,144.89,,,323366,46825866.0,3487,F1,1,,,,,
2025-08-07,2025-08-07,CM,BSE,STK,524238,INE659F01014,GUJINJEC,XT,,,,,GUJARAT INJECT (KERALA) LTD.,22.98,22.98,21.8,21.89,21.8,22.89,,21.89,,,1354,29793.0,19,F1,1,,,,,
2025-08-07,2025-08-07,CM,BSE,STK,524280,INE082A01010,KOPRAN,B,,,,,KOPRAN LTD.,157.9,159.45,157.0,159.0,159.15,158.4,,158.59,,,7466,1181647.0,148,F1,1,,,,,
2025-08-07,2025-08-07,CM,BSE,STK,524288,INE008B01013,AIMCOPEST,X,,,,,AIMCO PESTICIDES LTD.,85.0,85.0,83.0,84.49,84.49,85.0,,84.49,,,3741,315751.0,51,F1,1,,,,,
2025-08-07,2025-08-07,CM,BSE,STK,524314,INE499G01013,GUJTERC,X,,,,,GUJARAT TERCE LABORATORIES LTD,48.0,50.0,46.3,47.01,46.99,49.5,,47.01,,,3226,153366.0,27,F1,1,,,,,
2025-08-07,2025-08-07,CM,BSE,STK,524322,INE323K01017,KABRADG,XT,,,,,KABRA DRUGS LTD.,19.5,20.31,19.06,19.69,20.0,19.8,,19.69,,,23930,472180.0,82,F1,1,,,,,
2025-08-07,2025-08-07,CM,BSE,STK,524324,INE573R01012,SEYAIND,T,,,,,SEYA INDUSTRIES LTD.,18.48,19.5,18.48,18.99,18.99,19.45,,19.24,,,2276,42333.0,19,F1,1,,,,,
2025-08-07,2025-08-07,CM,BSE,STK,524330,INE785A01026,JAYAGROGN,B,,,,,JAYANT AGRO-ORGANICS LTD.,238.0,239.45,233.9,237.3,239.45,239.55,,236.83,,,5937,1403980.0,231,F1,1,,,,,
2025-08-07,2025-08-07,CM,BSE,STK,524332,INE412G01024,BCLIND,B,,,,,BCL INDUSTRIES LIMITED,43.89,44.54,42.76,43.77,43.52,44.09,,43.76,,,92419,4045158.0,749,F1,1,,,,,
2025-08-07,2025-08-07,CM,BSE,STK,524336,INE065E01017,SHHARICH,X,,,,,SHREE HARI CHEMICALS EXPORT LT,125.0,125.0,120.9,121.5,120.9,124.2,,121.5,,,2073,255803.0,41,F1,1,,,,,
2025-08-07,2025-08-07,CM,BSE,STK,524342,INE803D01021,INDOBORAX,T,,,,,INDO BORAX & CHEMICALS LTD.,278.5,281.0,272.25,275.1,277.85,286.55,,275.6,,,2166,597245.0,63,F1,1,,,,,
2025-08-07,2025-08-07,CM,BSE,STK,524348,INE767A01016,AARTIDRUGS,B,,,,,AARTI DRUGS LTD.,479.25,509.4,479.25,505.65,506.7,491.45,,506.15,,,26811,13274323.0,1130,F1,1,,,,,
2025-08-07,2025-08-07,CM,BSE,STK,524370,INE338D01028,BODALCHEM,B,,,,,BODAL CHEMICALS LTD.,68.7,69.18,66.27,68.33,68.66,68.24,,68.28,,,27337,1861058.0,408,F1,1,,,,,
2025-08-07,2025-08-07,CM,BSE,STK,524372,INE191A01027,ORCHPHARMA,A,,,,,Orchid Pharma Limited,752.35,760.85,739.55,758.05,757.35,759.65,,758.4,,,6809,5123432.0,464,F1,1,,,,,
2025-08-07,2025-08-07,CM,BSE,STK,524394,INE579C01029,VIMTALABS,B,,,,,VIMTA LABS LTD.,623.85,664.0,602.5,649.9,649.9,620.8,,649.3,,,1542030,999200405.0,27191,F1,1,,,,,
2025-08-07,2025-08-07,CM,BSE,STK,524396,INE829A01014,BIOFILCHEM,T,,,,,BIOFIL CHEMICALS & PHARMACEUTI,44.0,44.0,43.0,43.0,43.0,44.0,,43.35,,,611,26303.0,14,F1,1,,,,,
2025-08-07,2025-08-07,CM,BSE,STK,524400,INE806D01016,ISHITADR,X,,,,,ISHITA DRUGS & INDUSTRIES LTD.,75.0,75.0,71.6,73.99,73.99,73.59,,73.99,,,489,35633.0,13,F1,1,,,,,
2025-08-07,2025-08-07,CM,BSE,STK,524404,INE750C01026,MARKSANS,A,,,,,MARKSANS PHARMA LTD.,212.95,218.8,208.7,214.75,215.5,215.55,,214.42,,,76490,16391125.0,1344,F1,1,,,,,
2025-08-07,2025-08-07,CM,BSE,STK,524408,INE113E01015,UNIVSTAR,X,,,,,UNIVERSAL STARCH-CHEM ALLIED L,192.8,192.8,160.2,172.0,172.45,160.85,,172.0,,,1765,301837.0,43,F1,1,,,,,
2025-08-07,2025-08-07,CM,BSE,STK,524412,INE198H01019,AAREYDRUGS,T,,,,,AAREY DRUGS & PHARMACEUTICALS,65.22,69.99,64.99,67.3,69.99,68.02,,68.26,,,1506,99358.0,31,F1,1,,,,,
2025-08-07,2025-08-07,CM,BSE,STK,524414,INE744C01029,NORRIS,X,,,,,NORRIS MEDICINES LTD.,17.45,17.45,15.97,16.93,16.25,16.73,,16.93,,,190,3184.0,10,F1,1,,,,,
2025-08-07,2025-08-07,CM,BSE,STK,524434,INE810M01019,ASINPET,X,,,,,ASIAN PETROPRODUCTS & EXPORTS,8.08,8.45,8.0,8.17,8.11,8.08,,8.17,,,29754,241650.0,81,F1,1,,,,,
2025-08-07,2025-08-07,CM,BSE,STK,524440,INE198C01010,CAMEXLTD,X,,,,,CAMEX LTD.,42.8,42.8,40.02,40.02,40.02,41.85,,40.02,,,416,17112.0,8,F1,1,,,,,
2025-08-07,2025-08-07,CM,BSE,STK,524444,INE313M01030,EVEXIA,X,,,,,EVEXIA LIFECARE LIMITED,2.28,2.29,2.24,2.26,2.26,2.28,,2.26,,,565805,1275305.0,637,F1,1,,,,,
2025-08-07,2025-08-07,CM,BSE,STK,524458,INE319N01019,INDOEURO,XT,,,,,INDO EURO INDCHEM LTD.,12.75,12.75,12.75,12.75,12.75,12.75,,12.75,,,2,25.0,2,F1,1,,,,,
2025-08-07,2025-08-07,CM,BSE,STK,524470,INE312C01025,SYNCOMF,T,,,,,SYNCOM FORMULATIONS (INDIA) LT,17.75,18.2,17.05,17.88,17.93,17.94,,18.04,,,256870,4523302.0,1094,F1,1,,,,,
2025-08-07,2025-08-07,CM,BSE,STK,524480,INE249D01019,RIDDHI,X,,,,,RIDDHI SIDDHI GLUCO BIOLS LTD.,549.8,552.75,533.0,536.75,536.75,539.0,,536.75,,,438,237852.0,67,F1,1,,,,,
2025-08-07,2025-08-07,CM,BSE,STK,524488,INE038B01010,SVCIND,X,,,,,SVC INDUSTRIES LIMITED,3.47,3.47,3.25,3.35,3.28,3.43,,3.35,,,27452,91170.0,109,F1,1,,,,,
2025-08-07,2025-08-07,CM,BSE,STK,524494,INE571A01038,IPCALAB,A,,,,,IPCA LABORATORIES LTD.,1446.95,1446.95,1370.0,1390.8,1391.15,1385.95,,1391.5,,,3584,4971494.0,393,F1,1,,,,,
2025-08-07,2025-08-07,CM,BSE,STK,524500,INE729D01010,KILITCH,T,,,,,KILITCH DRUGS (INDIA) LTD.,442.0,442.0,435.0,440.0,440.0,443.0,,440.0,,,1063,468254.0,12,F1,1,,,,,
2025-08-07,2025-08-07,CM,BSE,STK,524502,INE548H01015,RAAJMEDI,P,,,,,RAAJ MEDISAFE INDIA LTD.,91.0,91.0,91.0,91.0,91.0,91.92,,91.0,,,100,9100.0,1,F1,100,,,,,
2025-08-07,2025-08-07,CM,BSE,STK,524506,INE683E01017,CORALAB,X,,,,,CORAL LABORATORIES LTD.,575.4,576.9,565.0,573.95,573.95,578.0,,573.95,,,499,284158.0,73,F1,1,,,,,
2025-08-07,2025-08-07,CM,BSE,STK,524518,INE268B01013,KREBSBIO,T,,,,,KREBS BIOCHEMICALS & INDUSTRIE,76.17,76.17,76.17,76.17,76.17,79.86,,77.33,,,10,761.0,2,F1,1,,,,,
2025-08-07,2025-08-07,CM,BSE,STK,524520,INE879K01018,KMCSHIL,B,,,,,KMC SPECIALITY HOSPITALS (INDI,63.76,65.03,63.75,64.37,64.37,63.76,,64.37,,,32267,2077473.0,477,F1,1,,,,,
2025-08-07,2025-08-07,CM,BSE,STK,524522,INE919B01011,LAFFANSQ,X,,,,,LAFFANS PETROCHEMICALS LTD.,34.85,34.97,34.25,34.25,34.25,34.85,,34.25,,,650,22391.0,3,F1,1,,,,,
2025-08-07,2025-08-07,CM,BSE,STK,524534,INE972C01018,BHASKAGR,XT,,,,,BHASKAR AGROCHEMICALS LTD.,118.25,118.25,118.25,118.25,118.25,120.65,,118.25,,,459,54276.0,10,F1,1,,,,,
2025-08-07,2025-08-07,CM,BSE,STK,524542,INE450E01029,SUKHJITS,B,,,,,SUKHJIT STARCH & CHEMICALS LTD,189.8,189.8,171.35,173.3,173.3,172.5,,173.56,,,2468,428530.0,67,F1,1,,,,,
2025-08-07,2025-08-07,CM,BSE,STK,524548,INE465H01012,SHARMEH,X,,,,,SHARMA EAST INDIA HOSPITALS &,78.8,80.0,76.0,78.05,80.0,80.0,,78.05,,,295,23469.0,20,F1,1,,,,,
2025-08-07,2025-08-07,CM,BSE,STK,524558,INE794A01010,NEULANDLAB,A,,,,,NEULAND LABORATORIES LTD.,12691.75,12896.2,12624.8,12837.75,12780.0,12802.1,,12831.0,,,1896,24217069.0,589,F1,1,,,,,
2025-08-07,2025-08-07,CM,BSE,STK,524564,INE052E01015,GAYATRIBI,X,,,,,GAYATRI BIOORGANICS LTD.,10.38,11.4,9.81,10.78,10.82,9.69,,10.78,,,191571,2030123.0,307,F1,1,,,,,
2025-08-07,2025-08-07,CM,BSE,STK,524570,INE371C01013,PODDARMENT,B,,,,,PODDAR PIGMENTS LTD.,292.5,292.5,281.7,282.75,282.75,294.4,,283.4,,,229,65412.0,66,F1,1,,,,,
2025-08-07,2025-08-07,CM,BSE,STK,524572,INE117D01018,PHARMAID,X,,,,,PHARMAIDS PHARMACEUTICALS LTD.,64.8,64.8,62.03,64.05,64.05,63.49,,64.05,,,849,53894.0,33,F1,1,,,,,
2025-08-07,2025-08-07,CM,BSE,STK,524576,INE737C01023,VIVIDIND,X,,,,,VIVID GLOBAL INDUSTRIES LTD.,16.48,17.0,15.0,16.85,16.98,16.49,,16.85,,,6522,104531.0,65,F1,1,,,,,
2025-08-07,2025-08-07,CM,BSE,STK,524580,INE686C01014,PRIYALT,XT,,,,,PRIYA LTD.,23.72,23.72,23.72,23.72,23.72,24.2,,23.72,,,1,23.0,1,F1,1,,,,,
2025-08-07,2025-08-07,CM,BSE,STK,524582,INE314D01011,TIRUSTA,X,,,,,TIRUPATI STARCH & CHEMICALS LT,193.3,193.3,187.5,190.5,190.5,187.05,,190.5,,,1583,299682.0,41,F1,1,,,,,
2025-08-07,2025-08-07,CM,BSE,STK,524590,INE422G01015,HEMORGANIC,X,,,,,HEMO ORGANIC LIMITED,9.8,9.8,9.25,9.59,9.59,9.25,,9.59,,,12284,119750.0,14,F1,1,,,,,
2025-08-07,2025-08-07,CM,BSE,STK,524592,INE263B01022,JAYSYNTH,X,,,,,JAYSYNTH ORGOCHEM LIMITED,22.0,22.0,20.5,21.54,21.75,21.5,,21.54,,,48427,1032274.0,153,F1,1,,,,,
2025-08-07,2025-08-07,CM,BSE,STK,524594,INE994D01010,AEONXDIGI,X,,,,,Aeonx Digital Technology Limit,186.0,198.0,185.4,190.25,195.9,181.85,,190.25,,,1259,238794.0,31,F1,1,,,,,
2025-08-07,2025-08-07,CM,BSE,STK,524598,INE542B01011,AKSHARCHEM,B,,,,,AKSHARCHEM (INDIA) LTD.,274.0,278.8,256.8,257.45,257.5,263.15,,258.25,,,531,139262.0,85,F1,1,,,,,
2025-08-07,2025-08-07,CM,BSE,STK,524602,INE875N01036,BANDARAM,X,,,,,BANDARAM PHARMA PACKTECH LIMIT,35.77,38.39,35.76,37.95,37.95,38.4,,37.95,,,1910,71622.0,15,F1,1,,,,,
2025-08-07,2025-08-07,CM,BSE,STK,524604,INE276T01018,ADLINE,P,,,,,ADLINE CHEM LAB LIMITED,16.42,16.42,16.42,16.42,16.42,15.64,,16.42,,,100,1642.0,1,F1,100,,,,,
2025-08-07,2025-08-07,CM,BSE,STK,524606,INE415H01017,BERLDRG,XT,,,,,BERYL DRUGS LTD.,19.73,19.73,19.73,19.73,19.73,20.13,,19.73,,,427,8424.0,10,F1,1,,,,,
2025-08-07,2025-08-07,CM,BSE,STK,524614,INE056E01024,INDXTRA,X,,,,,IEL LIMITED,4.73,4.73,4.58,4.67,4.61,4.7,,4.67,,,857464,4010309.0,125,F1,1,,,,,
2025-08-07,2025-08-07,CM,BSE,STK,524622,INE532B01020,ISTRNETWK,XT,,,,,ISTREET NETWORK LIMITED,15.52,15.52,15.52,15.52,15.52,15.22,,15.52,,,8795,136498.0,11,F1,1,,,,,
2025-08-07,2025-08-07,CM,BSE,STK,524624,INE076D01016,GAGAN,XT,,,,,GAGAN GASES LTD.,20.01,20.95,20.01,20.95,20.95,20.95,,20.95,,,1497,30170.0,18,F1,1,,,,,
2025-08-07,2025-08-07,CM,BSE,STK,524628,INE750B01010,PARKERAC,X,,,,,PARKER AGROCHEM EXPORTS LTD.,15.2,15.2,15.2,15.2,15.2,15.97,,15.2,,,92,1398.0,4,F1,1,,,,,
2025-08-07,2025-08-07,CM,BSE,STK,524632,INE551C01044,SHUKRAPHAR,XT,,,,,Shukra Pharmaceuticals Limited,19.11,19.11,19.11,19.11,19.11,19.49,,19.11,,,20522,392175.0,131,F1,1,,,,,
2025-08-07,2025-08-07,CM,BSE,STK,524634,INE058F01019,ALUFLUOR,X,,,,,ALUFLUORIDE LTD.,427.0,427.0,400.0,413.65,412.1,413.35,,413.65,,,7206,2939521.0,283,F1,1,,,,,
2025-08-07,2025-08-07,CM,BSE,STK,524636,INE102E01018,OXYGENTAPH,XT,,,,,OXYGENTA PHARMACEUTICAL LIMITE,96.55,101.9,94.0,100.95,100.95,98.45,,100.95,,,7464,730550.0,54,F1,1,,,,,
2025-08-07,2025-08-07,CM,BSE,STK,524640,INE078I01011,ARCHITORG,X,,,,,ARCHIT ORGANOSYS LTD.,43.0,44.57,42.25,43.71,44.49,43.85,,43.71,,,11875,516540.0,103,F1,1,,,,,
2025-08-07,2025-08-07,CM,BSE,STK,524642,INE528E01022,SIKOZY,XT,,,,,SIKOZY REALTORS LIMITED,1.14,1.14,1.04,1.14,1.14,1.09,,1.14,,,3741,4037.0,21,F1,1,,,,,
2025-08-07,2025-08-07,CM,BSE,STK,524648,INE760F01028,INDOAMIN,B,,,,,INDO AMINES LTD.,135.75,140.0,135.45,139.45,139.5,138.65,,139.57,,,9127,1259558.0,284,F1,1,,,,,
2025-08-07,2025-08-07,CM,BSE,STK,524652,INE788B01028,INDSWFTLTD,B,,,,,IND-SWIFT LTD.,15.9,16.45,15.27,15.48,15.57,16.01,,15.49,,,15542,244650.0,114,F1,1,,,,,
2025-08-07,2025-08-07,CM,BSE,STK,524654,INE936B01015,NATCAPSUQ,B,,,,,NATURAL CAPSULES LTD.,216.0,228.0,212.0,217.45,219.55,216.55,,216.64,,,8857,1941055.0,275,F1,1,,,,,
2025-08-07,2025-08-07,CM,BSE,STK,524661,INE331C01017,WELCURE,XT,,,,,WELCURE DRUGS & PHARMACEUTICAL,10.86,10.86,10.55,10.62,10.56,10.35,,10.62,,,4356272,47001153.0,3523,F1,1,,,,,
2025-08-07,2025-08-07,CM,BSE,STK,524663,INE994B01014,BIBCL,B,,,,,BHARAT IMMUNOLOGICALS & BIOLOG,21.6,21.76,21.12,21.63,21.64,21.58,,21.63,,,21995,474512.0,118,F1,1,,,,,
2025-08-07,2025-08-07,CM,BSE,STK,524667,INE035D01020,SOTL,B,,,,,SAVITA OIL TECHNOLOGIES LTD.,406.5,474.15,395.55,427.7,427.7,399.0,,427.85,,,41972,18561708.0,2029,F1,1,,,,,
2025-08-07,2025-08-07,CM,BSE,STK,524669,INE782E01017,HESTERBIO,B,,,,,HESTER BIOSCIENCES LTD.,1952.05,2065.2,1952.05,2010.75,2014.7,1988.15,,2010.2,,,565,1141213.0,159,F1,1,,,,,
2025-08-07,2025-08-07,CM,BSE,STK,524675,INE645C01010,KABSON,X,,,,,KABSONS INDUSTRIES LTD.,20.0,20.0,19.2,19.72,19.75,20.06,,19.72,,,3205,62690.0,47,F1,1,,,,,
2025-08-07,2025-08-07,CM,BSE,STK,524687,INE473E01021,BASANTGL,X,,,,,BASANT AGRO TECH (INDIA) LTD.,14.74,14.74,13.63,14.07,14.07,14.48,,14.07,,,93167,1310772.0,335,F1,1,,,,,
2025-08-07,2025-08-07,CM,BSE,STK,524703,INE751D01014,SANDUPHQ,X,,,,,SANDU PHARMACEUTICALS LTD.,48.0,48.59,46.19,47.82,48.59,47.73,,47.82,,,969,46009.0,24,F1,1,,,,,
2025-08-07,2025-08-07,CM,BSE,STK,524709,INE295D01020,NACLIND,T,,,,,NACL Industries Limited,301.05,321.0,296.1,309.4,309.95,310.45,,309.65,,,28339,8643538.0,441,F1,1,,,,,
2025-08-07,2025-08-07,CM,BSE,STK,524711,INE427C01021,VISTAPH,X,,,,,VISTA PHARMACEUTICALS LTD.,10.05,11.45,10.05,10.95,10.95,10.52,,10.95,,,1072,11152.0,16,F1,1,,,,,
2025-08-07,2025-08-07,CM,BSE,STK,524715,INE044A01036,SUNPHARMA,A,,,,,SUN PHARMACEUTICAL INDUSTRIES,1581.0,1604.65,1571.15,1598.65,1598.65,1594.1,,1598.4,,,121150,191697512.0,5502,F1,1,,,,,
2025-08-07,2025-08-07,CM,BSE,STK,524717,INE150C01011,TITANBIO,X,,,,,TITAN BIOTECH LTD.,465.0,471.7,453.0,464.0,464.0,472.3,,464.0,,,2925,1361302.0,175,F1,1,,,,,
2025-08-07,2025-08-07,CM,BSE,STK,524727,INE004E01016,SDL,X,,,,,Span Divergent Limited,19.05,20.0,19.05,20.0,20.0,19.05,,20.0,,,560,10725.0,2,F1,1,,,,,
2025-08-07,2025-08-07,CM,BSE,STK,524731,INE354A01013,JENBURPH,X,,,,,JENBURKT PHARMACEUTICALS LTD.,1284.0,1284.0,1260.0,1273.1,1273.8,1284.95,,1273.1,,,284,360414.0,55,F1,1,,,,,
2025-08-07,2025-08-07,CM,BSE,STK,524735,INE475B01022,HIKAL,B,,,,,HIKAL LTD.,305.8,307.5,281.55,293.0,291.3,307.35,,292.75,,,44550,12963714.0,1607,F1,1,,,,,
2025-08-07,2025-08-07,CM,BSE,STK,524742,INE475E01026,CAPLIPOINT,A,,,,,CAPLIN POINT LABORATORIES LTD.,1928.0,2081.15,1886.55,2057.45,2057.45,1928.0,,2058.3,,,33618,67552629.0,3295,F1,1,,,,,
2025-08-07,2025-08-07,CM,BSE,STK,524743,INE771F01025,FISCHER,B,,,,,FISCHER MEDICAL VENTURES LIMIT,960.1,979.3,958.0,975.1,974.45,962.6,,974.8,,,494,476315.0,49,F1,1,,,,,
2025-08-07,2025-08-07,CM,BSE,STK,524748,INE302F01011,LINKPH,X,,,,,LINK PHARMA CHEM LTD.,38.8,38.8,35.85,36.13,35.85,37.24,,36.13,,,236,8724.0,9,F1,1,,,,,
2025-08-07,2025-08-07,CM,BSE,STK,524752,INE643N01012,DECIPHER,X,,,,,DECIPHER LABS LIMITED,10.3,11.3,10.3,10.76,10.99,10.98,,10.76,,,13185,138722.0,88,F1,1,,,,,
2025-08-07,2025-08-07,CM,BSE,STK,524768,INE634B01016,EMMESSA,X,,,,,EMMESSAR BIOTECH & NUTRITION L,28.0,28.7,27.2,27.39,28.67,27.56,,27.39,,,2289,63484.0,30,F1,1,,,,,
2025-08-07,2025-08-07,CM,BSE,STK,524774,INE887E01022,NGLFINE,B,,,,,NGL FINE-CHEM LTD.,1229.35,1233.0,1229.35,1233.0,1233.0,1229.35,,1229.4,,,223,274156.0,156,F1,1,,,,,
2025-08-07,2025-08-07,CM,BSE,STK,524790,INE334C01029,EVERESTO,XT,,,,,EVEREST ORGANICS LTD.,320.0,320.0,314.2,317.35,317.35,320.5,,317.35,,,1060,338990.0,11,F1,1,,,,,
2025-08-07,2025-08-07,CM,BSE,STK,524804,INE406A01037,AUROPHARMA,A,,,,,AUROBINDO PHARMA LTD.,1058.7,1084.0,1047.3,1069.35,1069.4,1072.8,,1069.6,,,44746,47719429.0,2915,F1,1,,,,,
2025-08-07,2025-08-07,CM,BSE,STK,524808,INE037C01010,PHYTO,X,,,,,PHYTO CHEM (INDIA) LTD.,28.65,30.4,28.65,29.8,29.8,29.14,,29.8,,,962,28151.0,24,F1,1,,,,,
2025-08-07,2025-08-07,CM,BSE,STK,524816,INE987B01026,NATCOPHARM,A,,,,,NATCO PHARMA LTD.,901.2,947.95,901.2,945.5,946.1,917.7,,945.0,,,48049,45080409.0,1943,F1,1,,,,,
2025-08-07,2025-08-07,CM,BSE,STK,524818,INE457C01010,DYNAMIND,XT,,,,,DYNAMIC INDUSTRIES LTD.,110.25,110.25,108.25,110.15,110.15,105.0,,110.15,,,6218,685187.0,63,F1,1,,,,,
2025-08-07,2025-08-07,CM,BSE,STK,524820,INE305C01029,PANAMAPET,B,,,,,PANAMA PETROCHEM LTD.,346.0,349.0,343.3,345.9,345.9,350.05,,351.8,,,1007,349809.0,45,F1,1,,,,,
2025-08-07,2025-08-07,CM,BSE,STK,524824,INE083D01012,BALPHARMA,B,,,,,BAL PHARMA LTD.,93.25,97.0,87.86,90.09,90.0,94.13,,90.0,,,3732,342229.0,197,F1,1,,,,,
2025-08-07,2025-08-07,CM,BSE,STK,524828,INE278D01018,BDH,X,,,,,BDH INDUSTRIES LTD.,295.0,305.0,295.0,299.5,296.0,300.1,,299.5,,,459,137831.0,48,F1,1,,,,,
2025-08-07,2025-08-07,CM,BSE,STK,526001,INE593O01017,JAUSPOL,XT,,,,,JAUSS POLYMERS LTD.,7.84,7.84,7.84,7.84,7.84,7.84,,7.84,,,10,78.0,1,F1,1,,,,,
2025-08-07,2025-08-07,CM,BSE,STK,526025,INE064L01015,GLOBUSCON,X,,,,,GLOBUS CONSTRUCTORS & DEVELOPE,15.1,15.1,13.7,14.19,14.19,14.8,,14.19,,,13164,189946.0,117,F1,1,,,,,
2025-08-07,2025-08-07,CM,BSE,STK,526027,INE144D01012,CUBEXTUB,T,,,,,CUBEX TUBINGS LTD.,86.0,87.95,84.25,85.99,84.35,86.0,,85.29,,,499,42808.0,18,F1,1,,,,,
2025-08-07,2025-08-07,CM,BSE,STK,526043,INE809B01014,POLYCHMP,X,,,,,POLYMECHPLAST MACHINES LTD.,63.0,63.0,59.61,60.67,60.0,61.42,,60.67,,,247,14896.0,14,F1,1,,,,,
2025-08-07,2025-08-07,CM,BSE,STK,526071,INE395F01023,STELLANT,XT,,,,,STELLANT SECURITIES (INDIA) LT,457.25,457.25,457.25,457.25,457.25,448.3,,457.25,,,56,25606.0,4,F1,1,,,,,
2025-08-07,2025-08-07,CM,BSE,STK,526073,INE020S01012,GALXBRG,X,,,,,GALAXY BEARINGS LTD.,942.0,942.0,890.0,914.95,918.0,919.0,,914.95,,,1429,1300937.0,97,F1,1,,,,,
2025-08-07,2025-08-07,CM,BSE,STK,526081,INE895E01017,SCAGRO,X,,,,,SC Agrotech Limited,15.0,15.0,15.0,15.0,15.0,15.0,,15.0,,,105,1575.0,4,F1,1,,,,,
2025-08-07,2025-08-07,CM,BSE,STK,526113,INE602H01010,UNRYLMA,X,,,,,UNIROYAL MARINE EXPORTS LTD.,17.45,18.0,16.63,16.64,16.64,17.5,,16.64,,,523,8870.0,12,F1,1,,,,,
2025-08-07,2025-08-07,CM,BSE,STK,526117,INE011D01013,SHERVANI,X,,,,,SHERVANI INDUSTRIAL SYNDICATE,414.4,424.95,410.0,413.85,414.15,414.4,,413.85,,,393,162813.0,18,F1,1,,,,,
2025-08-07,2025-08-07,CM,BSE,STK,526125,INE00HZ01011,BNHOLDINGS,X,,,,,BN HOLDINGS LIMITED,326.15,327.0,317.35,322.25,321.0,322.75,,322.25,,,6459,2084092.0,161,F1,1,,,,,
2025-08-07,2025-08-07,CM,BSE,STK,526133,INE881B01054,SUPERTEX,X,,,,,SUPERTEX INDUSTRIES LTD.,7.87,7.99,7.87,7.99,7.99,7.9,,7.99,,,216,1725.0,5,F1,1,,,,,
2025-08-07,2025-08-07,CM,BSE,STK,526137,INE278C01010,SHETR,X,,,,,SHETRON LTD.,157.0,159.0,146.25,148.6,148.6,151.8,,148.6,,,681,102465.0,24,F1,1,,,,,
2025-08-07,2025-08-07,CM,BSE,STK,526139,INE773D01018,TRABI,X,,,,,TRANSGENE BIOTEK LTD.,4.78,5.17,4.52,4.74,4.78,4.78,,4.74,,,12388,57122.0,42,F1,1,,,,,
2025-08-07,2025-08-07,CM,BSE,STK,526143,INE343A01016,MPL,X,,,,,MPL PLASTICS LTD.,9.89,9.89,8.51,8.92,8.91,8.66,,8.92,,,12688,110352.0,57,F1,1,,,,,
2025-08-07,2025-08-07,CM,BSE,STK,526159,INE926C01022,NIKHILAD,X,,,,,NIKHIL ADHESIVES LTD.,113.1,116.9,113.1,115.45,116.05,112.75,,115.45,,,8763,1005582.0,91,F1,1,,,,,
2025-08-07,2025-08-07,CM,BSE,STK,526169,INE678F01014,MULTIBASE,X,,,,,MULTIBASE INDIA LTD.,266.9,266.9,255.15,259.4,260.0,263.1,,259.4,,,18496,4783906.0,378,F1,1,,,,,
2025-08-07,2025-08-07,CM,BSE,STK,526173,INE449C01025,ANDREWYU,B,,,,,ANDREW YULE & COMPANY LTD.,27.98,27.98,27.0,27.27,27.27,27.5,,27.27,,,81606,2217569.0,420,F1,1,,,,,
2025-08-07,2025-08-07,CM,BSE,STK,526179,INE983C01015,LUDLOWJUT,XT,,,,,LUDLOW JUTE & SPECIALITIES LTD,432.7,432.7,414.0,422.3,419.0,431.4,,422.3,,,1501,637970.0,90,F1,1,,,,,
2025-08-07,2025-08-07,CM,BSE,STK,526187,INE293C01019,ASHRAM,X,,,,,ASHRAM ONLINE.COM LTD.,6.43,6.43,6.1,6.35,6.35,6.4,,6.35,,,161,991.0,8,F1,1,,,,,
2025-08-07,2025-08-07,CM,BSE,STK,526193,INE618A01011,ROYALCU,X,,,,,ROYAL CUSHION VINYL PRODUCTS L,24.99,24.99,23.0,23.38,23.0,24.32,,23.38,,,17966,428006.0,83,F1,1,,,,,
2025-08-07,2025-08-07,CM,BSE,STK,526211,INE170U01011,SURJIND,X,,,,,SURAJ INDUSTRIES LTD.,73.8,82.0,73.8,79.02,77.9,73.94,,79.02,,,6691,543932.0,57,F1,1,,,,,
2025-08-07,2025-08-07,CM,BSE,STK,526217,INE120D01012,HITECHCORP,B,,,,,Hitech Corporation Limited,180.5,182.0,179.95,182.0,182.0,182.8,,183.65,,,3396,614711.0,55,F1,1,,,,,
2025-08-07,2025-08-07,CM,BSE,STK,526227,INE816B01035,FILATEX,B,,,,,FILATEX INDIA LTD.,53.3,53.77,51.9,53.31,53.4,54.38,,53.28,,,185471,9791751.0,1301,F1,1,,,,,
2025-08-07,2025-08-07,CM,BSE,STK,526231,INE307D01015,STDSFAC,X,,,,,STANDARD SURFACTANTS LTD.,59.42,63.0,55.73,61.89,63.0,59.48,,61.89,,,3448,208657.0,29,F1,1,,,,,
2025-08-07,2025-08-07,CM,BSE,STK,526237,INE902C01015,MORGAN,X,,,,,MORGAN VENTURES LTD.,106.6,111.6,101.85,105.1,105.9,106.6,,105.1,,,3513,368919.0,102,F1,1,,,,,
2025-08-07,2025-08-07,CM,BSE,STK,526241,INE762C01021,AMRAPLIN,X,,,,,AMRAPALI INDUSTRIES LTD.,15.85,15.85,15.06,15.5,15.58,15.89,,15.5,,,6287,95850.0,52,F1,1,,,,,
2025-08-07,2025-08-07,CM,BSE,STK,526247,INE863B01029,PREMEXPLN,B,,,,,PREMIER EXPLOSIVES LTD.,435.05,438.0,414.8,434.3,434.3,440.1,,434.5,,,69025,29403526.0,2358,F1,1,,,,,
2025-08-07,2025-08-07,CM,BSE,STK,526251,INE033E01015,MIDEASTP,XT,,,,,MID EAST PORTFOLIO MANAGEMENT,22.35,24.69,22.35,24.69,24.69,23.52,,24.69,,,50337,1179078.0,81,F1,1,,,,,
2025-08-07,2025-08-07,CM,BSE,STK,526263,INE835B01035,MOLDTECH,B,,,,,MOLD-TEK TECHNOLOGIES LTD.,136.2,141.15,135.15,138.65,141.15,139.65,,138.31,,,7604,1043179.0,682,F1,1,,,,,
2025-08-07,2025-08-07,CM,BSE,STK,526269,INE293N01016,CRSTCHM,X,,,,,CRESTCHEM LTD.,158.0,163.75,152.0,152.8,155.05,157.1,,152.8,,,1669,258697.0,77,F1,1,,,,,
2025-08-07,2025-08-07,CM,BSE,STK,526299,INE356A01018,MPHASIS,A,,,,,MPHASIS LTD.,2632.05,2709.35,2632.05,2703.1,2701.6,2653.3,,2702.7,,,4918,13169619.0,709,F1,1,,,,,
2025-08-07,2025-08-07,CM,BSE,STK,526301,INE047C01019,MEDINOV,X,,,,,MEDINOVA DIAGNOSTIC SERVICES L,41.05,41.9,41.05,41.27,41.2,41.01,,41.27,,,6376,265677.0,27,F1,1,,,,,
2025-08-07,2025-08-07,CM,BSE,STK,526315,INE410G01010,DIVSHKT,X,,,,,DIVYASHAKTI LIMITED,64.85,64.99,63.41,64.85,64.85,64.85,,64.85,,,440,28247.0,17,F1,1,,,,,
2025-08-07,2025-08-07,CM,BSE,STK,526335,INE115F01017,SHREYASI,X,,,,,SHREYAS INTERMEDIATES LTD.,7.25,7.88,7.25,7.77,7.81,7.67,,7.77,,,3684,27847.0,21,F1,1,,,,,
2025-08-07,2025-08-07,CM,BSE,STK,526345,INE744D01019,PANJON,X,,,,,PANJON LTD.,17.85,18.96,17.85,18.31,18.3,18.25,,18.31,,,5847,107167.0,32,F1,1,,,,,
2025-08-07,2025-08-07,CM,BSE,STK,526355,INE138B01018,DUROPACK,X,,,,,DUROPACK LTD.,75.51,79.0,75.51,79.0,79.0,79.0,,79.0,,,430,33012.0,8,F1,1,,,,,
2025-08-07,2025-08-07,CM,BSE,STK,526365,INE967A01012,SWARNSAR,X,,,,,SWARNSARITA JEWELS INDIA LIMIT,33.84,33.84,32.52,33.66,33.8,33.14,,33.66,,,9646,321851.0,29,F1,1,,,,,
2025-08-07,2025-08-07,CM,BSE,STK,526367,INE460C01014,GANESHHOUC,A,,,,,GANESH HOUSING CORPORATION LTD,859.3,888.3,850.0,883.0,883.0,861.7,,880.7,,,2923,2533913.0,211,F1,1,,,,,
2025-08-07,2025-08-07,CM,BSE,STK,526371,INE584A01023,NMDC,A,,,,,NMDC LTD.,71.09,71.67,70.03,71.48,71.48,71.86,,71.5,,,987439,70021116.0,5302,F1,1,,,,,
2025-08-07,2025-08-07,CM,BSE,STK,526373,INE908C01012,CINDHO,XT,,,,,CINDRELLA HOTELS LTD.,71.43,71.43,71.43,71.43,71.43,68.03,,71.43,,,500,35715.0,5,F1,1,,,,,
2025-08-07,2025-08-07,CM,BSE,STK,526381,INE529D01014,PATINTLOG,B,,,,,PATEL INTEGRATED LOGISTICS LTD,15.84,16.1,14.9,15.37,15.4,15.94,,15.37,,,107799,1646652.0,737,F1,1,,,,,
2025-08-07,2025-08-07,CM,BSE,STK,526397,INE137C01018,ALPHAGEO,B,,,,,ALPHAGEO (INDIA) LTD.,235.0,242.05,233.8,238.95,235.35,236.4,,237.15,,,1052,252197.0,120,F1,1,,,,,
2025-08-07,2025-08-07,CM,BSE,STK,526407,INE299D01022,HAMPTON,X,,,,,HAMPTON SKY REALTY LIMITED,22.1,22.46,20.5,20.96,20.96,22.12,,20.96,,,103418,2187623.0,525,F1,1,,,,,
2025-08-07,2025-08-07,CM,BSE,STK,526409,INE301C01028,KKALPANAIND,X,,,,,KKALPANA INDUSTRIES (INDIA) LT,11.44,11.96,10.5,11.78,11.78,11.06,,11.78,,,74964,848574.0,136,F1,1,,,,,
2025-08-07,2025-08-07,CM,BSE,STK,526415,INE870B01024,OKPLA,X,,,,,OK PLAY INDIA LTD.,10.5,10.97,10.5,10.75,10.78,10.94,,10.75,,,279244,3008076.0,268,F1,1,,,,,
2025-08-07,2025-08-07,CM,BSE,STK,526423,INE479D01038,KRITI,T,,,,,KRITI INDUSTRIES (INDIA) LTD.,166.7,166.7,166.7,166.7,166.7,170.1,,164.29,,,1,166.0,1,F1,1,,,,,
2025-08-07,2025-08-07,CM,BSE,STK,526433,INE867C01010,ASMTEC,B,,,,,ASM TECHNOLOGIES LTD.,2750.1,2850.0,2735.0,2832.75,2850.0,2829.9,,2832.75,,,9369,26294156.0,876,F1,1,,,,,
2025-08-07,2025-08-07,CM,BSE,STK,526435,INE759I01024,PERFEPA,X,,,,,PERFECTPAC LTD.,102.3,105.9,100.0,101.0,101.0,103.25,,101.0,,,3526,355154.0,49,F1,1,,,,,
2025-08-07,2025-08-07,CM,BSE,STK,526439,INE267C01013,AMBIT,X,,,,,AMBITIOUS PLASTOMAC COMPANY LT,11.02,11.02,11.02,11.02,11.02,10.5,,11.02,,,408,4496.0,5,F1,1,,,,,
2025-08-07,2025-08-07,CM,BSE,STK,526441,INE515B01025,VISIONCINE,X,,,,,VISION CINEMAS LTD.,1.05,1.05,1.02,1.03,1.03,1.02,,1.03,,,15198,15746.0,21,F1,1,,,,,
2025-08-07,2025-08-07,CM,BSE,STK,526443,INE072B01027,AEIM,X,,,,,Artificial Electronics Intelli,91.97,94.32,90.0,94.09,94.32,89.83,,94.09,,,56080,5257385.0,598,F1,1,,,,,
2025-08-07,2025-08-07,CM,BSE,STK,526445,INE007C01021,INDRANIB,X,,,,,INDRAYANI BIOTECH LTD.,14.5,15.95,13.62,14.06,14.06,14.14,,14.06,,,75666,1104016.0,257,F1,1,,,,,
2025-08-07,2025-08-07,CM,BSE,STK,526468,INE940E01011,EUROLED,X,,,,,EURO LEDER FASHION LTD.,22.8,23.55,21.5,22.8,23.55,22.8,,22.8,,,2161,49061.0,43,F1,1,,,,,
2025-08-07,2025-08-07,CM,BSE,STK,526471,INE391C01011,WINSOMBR,X,,,,,WINSOME BREWERIES LTD.,30.0,30.0,27.76,28.89,29.22,29.43,,28.89,,,7731,222281.0,163,F1,1,,,,,
2025-08-07,2025-08-07,CM,BSE,STK,526473,INE152E01013,ELEFLOR,XT,,,,,ELEGANT FLORICULTURE & AGROTEC,11.07,11.07,11.05,11.07,11.07,10.55,,11.07,,,1158807,12824972.0,1086,F1,1,,,,,
2025-08-07,2025-08-07,CM,BSE,STK,526477,INE118B01010,SAENTER,XT,,,,,SOUTH ASIAN ENTERPRISES LTD.,35.45,35.45,35.45,35.45,35.45,34.76,,35.45,,,3,106.0,1,F1,1,,,,,
2025-08-07,2025-08-07,CM,BSE,STK,526479,INE765B01018,SKYIND,X,,,,,SKY INDUSTRIES LTD.,102.45,105.95,101.6,104.3,104.35,104.6,,104.3,,,1080,111448.0,49,F1,1,,,,,
2025-08-07,2025-08-07,CM,BSE,STK,526481,INE245B01011,PHOENXINTL,X,,,,,PHOENIX INTERNATIONAL LTD.,39.5,39.85,38.35,38.37,38.35,39.5,,38.37,,,207,7965.0,7,F1,1,,,,,
2025-08-07,2025-08-07,CM,BSE,STK,526488,INE432N01010,BHUDEVI,XT,,,,,BHUDEVI INFRA PROJECTS LIMITED,256.5,256.5,256.5,256.5,256.5,270.0,,256.5,,,43,11029.0,8,F1,1,,,,,
2025-08-07,2025-08-07,CM,BSE,STK,526490,INE206C01029,PRATIK,XT,,,,,PRATIK PANELS LTD.,5.6,5.6,5.6,5.6,5.6,5.89,,5.6,,,4104,22982.0,14,F1,1,,,,,
2025-08-07,2025-08-07,CM,BSE,STK,526492,INE582D01013,RISHIROOP,X,,,,,Rishiroop Limited,124.0,126.4,123.05,124.45,125.9,124.0,,124.45,,,654,81455.0,22,F1,1,,,,,
2025-08-07,2025-08-07,CM,BSE,STK,526494,INE818D01011,PROMACT,X,,,,,PROMACT IMPEX LIMITED,9.95,9.95,9.5,9.5,9.5,10.0,,9.5,,,2,19.0,2,F1,1,,,,,
2025-08-07,2025-08-07,CM,BSE,STK,526500,INE398F01019,STRGRENWO,X,,,,,STERLING GREEN WOODS LTD.,34.3,35.0,34.2,34.6,35.0,35.0,,34.6,,,517,17881.0,7,F1,1,,,,,
2025-08-07,2025-08-07,CM,BSE,STK,526506,INE356B01024,SYSTMTXC,B,,,,,SYSTEMATIX CORPORATE SERVICES,129.0,129.0,122.2,124.35,123.6,127.0,,124.35,,,120715,15183050.0,415,F1,1,,,,,
2025-08-07,2025-08-07,CM,BSE,STK,526508,INE825D01016,SHAHISHIP,X,,,,,Shahi Shipping Limited,16.4,16.74,16.01,16.11,16.11,16.77,,16.11,,,4777,77722.0,34,F1,1,,,,,
2025-08-07,2025-08-07,CM,BSE,STK,526519,INE840D01015,ALPINEHOU,X,,,,,ALPINE HOUSING DEVELOPMENT COR,155.1,155.1,143.0,148.9,148.9,155.1,,148.9,,,1584,234520.0,60,F1,1,,,,,
2025-08-07,2025-08-07,CM,BSE,STK,526521,INE999B01013,SANGHIIND,B,,,,,SANGHI INDUSTRIES LTD.,65.0,66.9,64.31,66.56,66.9,66.03,,66.64,,,9767,642569.0,148,F1,1,,,,,
2025-08-07,2025-08-07,CM,BSE,STK,526525,INE550D01010,WWALUM,X,,,,,WORLDWIDE ALUMINIUM LIMITED,17.51,18.37,17.0,18.37,18.37,17.5,,18.37,,,595,10433.0,10,F1,1,,,,,
2025-08-07,2025-08-07,CM,BSE,STK,526530,INE670C01026,IIRM,X,,,,,IIRM HOLDINGS INDIA LIMITED,74.97,81.36,74.96,80.38,80.48,78.9,,80.38,,,4092,325840.0,54,F1,1,,,,,
2025-08-07,2025-08-07,CM,BSE,STK,526532,INE716K01020,SFPIL,X,,,,,SQUARE FOUR PROJECTS INDIA LIM,9.0,9.36,8.15,8.2,8.16,9.0,,8.2,,,14181,115907.0,32,F1,1,,,,,
2025-08-07,2025-08-07,CM,BSE,STK,526544,INE967B01028,SGLRES,XT,,,,,SGL RESOURCES LIMITED,4.4,4.4,4.06,4.22,4.23,4.24,,4.22,,,106372,449305.0,106,F1,1,,,,,
2025-08-07,2025-08-07,CM,BSE,STK,526546,INE493D01013,CHOKSILA,XT,,,,,CHOKSI LABORATORIES LTD.,199.0,199.4,195.65,199.4,199.4,195.5,,199.4,,,4717,935845.0,33,F1,1,,,,,
2025-08-07,2025-08-07,CM,BSE,STK,526550,INE652F01027,CCHHL,B,,,,,COUNTRY CLUB HOSPITALITY AND H,16.71,18.62,16.71,18.13,17.86,18.31,,17.99,,,13092,236848.0,95,F1,1,,,,,
2025-08-07,2025-08-07,CM,BSE,STK,526554,INE159C01012,SALGUTI,XT,,,,,SALGUTI INDUSTRIES LTD.,22.05,22.05,22.05,22.05,22.05,22.5,,22.05,,,1,22.0,1,F1,1,,,,,
2025-08-07,2025-08-07,CM,BSE,STK,526570,INE519N01014,MIDWEST,XT,,,,,MIDWEST GOLD LTD.,1571.65,1571.65,1571.65,1571.65,1571.65,1540.85,,1571.65,,,262,411772.0,16,F1,1,,,,,
2025-08-07,2025-08-07,CM,BSE,STK,526582,INE413G01022,TPLPLASTEH,B,,,,,TPL PLASTECH LTD.,74.59,75.51,72.86,75.41,75.35,75.0,,75.23,,,8550,634399.0,260,F1,1,,,,,
2025-08-07,2025-08-07,CM,BSE,STK,526586,INE015B01018,WIMPLAST,X,,,,,WIM PLAST LTD.,500.0,505.95,495.0,500.95,500.95,506.05,,500.95,,,2241,1115760.0,96,F1,1,,,,,
2025-08-07,2025-08-07,CM,BSE,STK,526588,INE813B01016,PHOTOQUP,X,,,,,PHOTOQUIP INDIA LTD.,16.63,16.7,16.63,16.65,16.65,16.63,,16.65,,,119,1981.0,5,F1,1,,,,,
2025-08-07,2025-08-07,CM,BSE,STK,526596,INE557B01019,LIBERTSHOE,T,,,,,LIBERTY SHOES LTD.,310.0,323.0,307.0,317.2,321.95,321.0,,316.75,,,3591,1138242.0,86,F1,1,,,,,
2025-08-07,2025-08-07,CM,BSE,STK,526604,INE845B01018,LIPPISYS,X,,,,,LIPPI SYSTEMS LTD.,20.25,20.4,20.25,20.4,20.4,21.66,,20.4,,,158,3214.0,3,F1,1,,,,,
2025-08-07,2025-08-07,CM,BSE,STK,526608,INE822G01016,ELECTHERM,B,,,,,ELECTROTHERM (INDIA) LTD.,804.0,825.05,765.75,780.95,776.0,806.05,,777.9,,,4392,3446018.0,555,F1,1,,,,,
2025-08-07,2025-08-07,CM,BSE,STK,526612,INE233B01017,BLUEDART,A,,,,,BLUE DART EXPRESS LTD.,5789.95,5833.8,5723.3,5807.65,5828.8,5788.75,,5808.0,,,1350,7795292.0,437,F1,1,,,,,
2025-08-07,2025-08-07,CM,BSE,STK,526614,INE561D01025,EXPOEAPL,XT,,,,,EXPO ENGINEERING AND PROJECTS,68.89,73.81,67.0,73.77,73.77,70.3,,73.77,,,99175,7191886.0,139,F1,1,,,,,
2025-08-07,2025-08-07,CM,BSE,STK,526616,INE233D01013,NATPLAS,X,,,,,NATIONAL PLASTIC INDUSTRIES LT,64.39,65.99,63.0,63.93,63.65,64.02,,63.93,,,2422,155150.0,47,F1,1,,,,,
2025-08-07,2025-08-07,CM,BSE,STK,526622,INE244C01020,MFLINDIA,X,,,,,MFL INDIA LTD.,0.56,0.58,0.56,0.57,0.57,0.57,,0.57,,,297624,168751.0,365,F1,1,,,,,
2025-08-07,2025-08-07,CM,BSE,STK,526638,INE594V01028,TEXELIN,XT,,,,,TEXEL INDUSTRIES LTD.,121.6,121.6,115.0,116.2,116.05,118.9,,116.2,,,10490,1231232.0,120,F1,1,,,,,
2025-08-07,2025-08-07,CM,BSE,STK,526640,INE008C01011,RAYALEMA,X,,,,,ROYALE MANOR HOTELS & INDUSTRI,45.61,47.5,45.51,45.92,46.49,47.18,,45.92,,,5037,231371.0,37,F1,1,,,,,
2025-08-07,2025-08-07,CM,BSE,STK,526642,INE771A01026,MIRZAINT,B,,,,,MIRZA INTERNATIONAL LTD.,34.02,34.75,33.42,34.27,34.62,34.76,,34.34,,,15007,513099.0,161,F1,1,,,,,
2025-08-07,2025-08-07,CM,BSE,STK,526650,INE305A01015,TFCILTD,B,,,,,TOURISM FINANCE CORPORATION OF,285.05,288.6,281.15,283.7,282.1,286.6,,282.65,,,520820,149316566.0,1607,F1,1,,,,,
2025-08-07,2025-08-07,CM,BSE,STK,526654,INE403F01017,THAKDEV,X,,,,,THAKKERS DEVELOPERS LTD.,173.0,173.0,172.15,172.15,172.15,174.0,,172.15,,,26,4476.0,2,F1,1,,,,,
2025-08-07,2025-08-07,CM,BSE,STK,526662,INE610C01014,ARENTERP,T,,,,,RAJDARSHAN INDUSTRIES LTD.,47.12,50.0,47.12,49.89,49.89,49.6,,49.25,,,739,36124.0,14,F1,1,,,,,
2025-08-07,2025-08-07,CM,BSE,STK,526666,INE828A01016,BIL,B,,,,,BHARTIYA INTERNATIONAL LTD.,820.9,836.9,808.25,832.05,836.9,827.55,,830.6,,,150,123117.0,45,F1,1,,,,,
2025-08-07,2025-08-07,CM,BSE,STK,526668,INE967C01018,KAMATHOTEL,B,,,,,KAMAT HOTELS (INDIA) LTD.,268.0,278.25,262.45,268.45,268.45,268.75,,268.41,,,65546,17645965.0,1620,F1,1,,,,,
2025-08-07,2025-08-07,CM,BSE,STK,526675,INE008N01018,TIRTPLS,XT,,,,,TIRTH PLASTIC LTD.,14.19,14.19,14.19,14.19,14.19,14.05,,14.19,,,7,99.0,3,F1,1,,,,,
2025-08-07,2025-08-07,CM,BSE,STK,526677,INE055C01020,KEEPLEARN,T,,,,,DSJ KEEP LEARNING LIMITED,3.07,3.07,2.9,3.0,3.0,3.02,,3.0,,,13875,41160.0,34,F1,1,,,,,
2025-08-07,2025-08-07,CM,BSE,STK,526687,INE084C01012,POLOHOT,Z,,,,,POLO HOTELS LTD.,8.11,8.11,8.1,8.1,8.1,8.5,,8.1,,,1107,8976.0,5,F1,1,,,,,
2025-08-07,2025-08-07,CM,BSE,STK,526703,INE423D01010,ECOPLAST,X,,,,,ECOPLAST LTD.,554.95,555.0,541.3,549.15,554.0,545.6,,549.15,,,477,261233.0,57,F1,1,,,,,
2025-08-07,2025-08-07,CM,BSE,STK,526705,INE095B01010,ELEMARB,X,,,,,ELEGANT MARBLES & GRANI INDUST,231.55,231.55,225.0,227.55,230.0,232.95,,227.55,,,289,65498.0,8,F1,1,,,,,
2025-08-07,2025-08-07,CM,BSE,STK,526709,INE839A01021,BITS,X,,,,,BITS LTD.,10.49,10.7,9.18,9.92,9.92,10.18,,9.92,,,169046,1687432.0,812,F1,1,,,,,
2025-08-07,2025-08-07,CM,BSE,STK,526711,INE627D01016,ADARSHPL,X,,,,,ADARSH PLANT PROTECT LTD.,25.85,27.0,25.85,25.9,26.4,26.02,,25.9,,,342,8957.0,14,F1,1,,,,,
2025-08-07,2025-08-07,CM,BSE,STK,526717,INE136C01044,HPBL,XT,,,,,HCP PLASTENE BULKPACK LIMITED,206.95,206.95,190.05,194.0,194.0,199.2,,194.0,,,2164,425415.0,54,F1,1,,,,,
2025-08-07,2025-08-07,CM,BSE,STK,526721,INE653C01022,NICCOPAR,X,,,,,NICCO PARKS & RESORTS LTD.,110.8,110.8,107.05,108.15,108.15,108.9,,108.15,,,1724,187419.0,63,F1,1,,,,,
2025-08-07,2025-08-07,CM,BSE,STK,526723,INE920C01017,NTCIND,X,,,,,NTC INDUSTRIES LTD.,170.75,173.45,159.95,166.95,167.2,170.75,,166.95,,,5602,931048.0,157,F1,1,,,,,
2025-08-07,2025-08-07,CM,BSE,STK,526725,INE583B01015,SANDESH,B,,,,,SANDESH LTD.,1345.0,1384.55,1329.7,1346.1,1330.0,1388.5,,1344.9,,,3932,5330602.0,495,F1,1,,,,,
2025-08-07,2025-08-07,CM,BSE,STK,526727,INE797D01017,GARNET,XT,,,,,GARNET CONSTRUCTION LTD.,36.14,37.45,34.75,37.4,37.43,36.32,,37.4,,,7259,265993.0,24,F1,1,,,,,
2025-08-07,2025-08-07,CM,BSE,STK,526729,INE025B01025,GOLDIAM,A,,,,,GOLDIAM INTERNATIONAL LTD.,342.15,364.25,336.65,360.95,360.95,353.25,,361.6,,,111028,38965712.0,3575,F1,1,,,,,
2025-08-07,2025-08-07,CM,BSE,STK,526731,INE630D01010,BRIGHTBR,X,,,,,BRIGHT BROTHERS LTD.,320.05,329.95,320.05,324.5,322.0,325.15,,324.5,,,749,242178.0,46,F1,1,,,,,
2025-08-07,2025-08-07,CM,BSE,STK,526739,INE869A01010,SHAWGELTIN,X,,,,,NARMADA GELATINES LTD.,344.8,352.3,340.0,341.95,341.8,344.8,,341.95,,,1482,508606.0,67,F1,1,,,,,
2025-08-07,2025-08-07,CM,BSE,STK,526747,INE078D01012,PGFOILQ,X,,,,,PG FOILS LTD.,225.0,225.0,210.0,219.4,216.45,215.5,,219.4,,,5828,1252195.0,107,F1,1,,,,,
2025-08-07,2025-08-07,CM,BSE,STK,526755,INE548D01014,VELHO,XT,,,,,VELAN HOTELS LTD.,6.0,6.0,5.84,5.84,5.84,6.14,,5.84,,,3117,18207.0,10,F1,1,,,,,
2025-08-07,2025-08-07,CM,BSE,STK,526761,INE931B01016,HOWARHO,X,,,,,HOWARD HOTELS LTD.,27.0,27.0,25.06,25.59,25.99,26.84,,25.59,,,286,7230.0,12,F1,1,,,,,
2025-08-07,2025-08-07,CM,BSE,STK,526773,INE891E01024,PRESSURS,Z,,,,,PRESSURE SENSITIVE SYSTEMS (IN,2.89,2.89,2.89,2.89,2.89,3.04,,2.89,,,417381,1206231.0,362,F1,1,,,,,
2025-08-07,2025-08-07,CM,BSE,STK,526775,INE760B01019,VALIANT,XT,,,,,VALIANT COMMUNICATIONS LTD.,862.4,863.0,862.4,862.4,862.4,880.0,,862.4,,,1330,1147082.0,27,F1,1,,,,,
2025-08-07,2025-08-07,CM,BSE,STK,526783,INE934C01018,DRAGARWQ,B,,,,,DR.AGARWALS EYE HOSPITAL LTD.,4378.8,4378.8,4330.05,4365.1,4365.1,4351.6,,4365.1,,,395,1720288.0,178,F1,1,,,,,
2025-08-07,2025-08-07,CM,BSE,STK,526797,INE461C01038,GREENPLY,B,,,,,GREENPLY INDUSTRIES LTD.,297.0,313.7,297.0,310.9,312.3,302.45,,312.25,,,12535,3864563.0,503,F1,1,,,,,
2025-08-07,2025-08-07,CM,BSE,STK,526807,INE497B01018,SEAMECLTD,B,,,,,SEAMEC LTD.,764.0,810.65,759.0,802.55,799.7,779.9,,800.6,,,1142,905519.0,126,F1,1,,,,,
2025-08-07,2025-08-07,CM,BSE,STK,526813,INE753B01014,RAGHUNAT,X,,,,,RAGHUNATH INTERNATIONAL LTD.,13.7,13.7,13.0,13.05,13.05,13.8,,13.05,,,952,12540.0,10,F1,1,,,,,
2025-08-07,2025-08-07,CM,BSE,STK,526817,INE974B01016,CHEVIOT,B,,,,,CHEVIOT CO.LTD.,1181.1,1242.8,1181.1,1191.9,1191.9,1223.05,,1189.3,,,1387,1679574.0,263,F1,1,,,,,
2025-08-07,2025-08-07,CM,BSE,STK,526821,INE928C01010,DAICHI,XT,,,,,DAI-ICHI KARKARIA LTD.,337.8,344.0,330.0,331.95,331.95,336.15,,331.95,,,1211,408260.0,38,F1,1,,,,,
2025-08-07,2025-08-07,CM,BSE,STK,526827,INE882D01017,SPICEISLIN,X,,,,,SPICE ISLANDS INDUSTRIES LIMIT,60.45,63.33,57.0,62.62,61.8,57.58,,62.62,,,55049,3433800.0,365,F1,1,,,,,
2025-08-07,2025-08-07,CM,BSE,STK,526829,INE552D01024,CONFIPET,B,,,,,CONFIDENCE PETROLEUM INDIA LTD,49.01,50.2,49.0,49.82,49.77,49.8,,49.81,,,15915,789843.0,292,F1,1,,,,,
2025-08-07,2025-08-07,CM,BSE,STK,526839,INE413C01013,SIPL,X,,,,,SHELTER INFRA PROJECTS LTD.,15.0,15.0,15.0,15.0,15.0,14.91,,15.0,,,484,7260.0,1,F1,1,,,,,
2025-08-07,2025-08-07,CM,BSE,STK,526841,INE794C01016,SHAKTIPR,X,,,,,SHAKTI PRESS LTD.,23.5,24.88,22.51,23.0,23.0,23.0,,23.0,,,1229,28943.0,17,F1,1,,,,,
2025-08-07,2025-08-07,CM,BSE,STK,526847,INE338C01012,ASHSI,X,,,,,ASHIRWAD STEELS & INDUSTRIES L,31.5,31.5,30.38,31.32,31.32,31.14,,31.32,,,669,20680.0,33,F1,1,,,,,
2025-08-07,2025-08-07,CM,BSE,STK,526849,INE655B01011,BANARBEADS,B,,,,,BANARAS BEADS LTD.,112.0,114.35,110.05,112.5,114.35,112.7,,112.32,,,10211,1148069.0,181,F1,1,,,,,
2025-08-07,2025-08-07,CM,BSE,STK,526853,INE986A01012,BI,X,,,,,BILCARE LTD.,68.1,75.3,66.99,68.79,69.5,68.51,,68.79,,,52523,3765161.0,226,F1,1,,,,,
2025-08-07,2025-08-07,CM,BSE,STK,526859,INE973B01026,ISFL,X,,,,,ISF LIMITED,1.19,1.19,1.06,1.11,1.15,1.15,,1.11,,,538162,585600.0,171,F1,1,,,,,
2025-08-07,2025-08-07,CM,BSE,STK,526861,INE988D01012,RISHILASE,X,,,,,RISHI LASER LTD.,143.95,143.95,139.5,142.25,142.25,142.05,,142.25,,,3832,541849.0,33,F1,1,,,,,
2025-08-07,2025-08-07,CM,BSE,STK,526865,INE966C01010,JAINCO,X,,,,,JAINCO PROJECTS (INDIA) LTD.,5.77,6.1,5.63,5.95,5.68,5.63,,5.95,,,1618,9518.0,32,F1,1,,,,,
2025-08-07,2025-08-07,CM,BSE,STK,526869,INE795E01019,KUMPFIN,X,,,,,KUMBHAT FINANCIAL SERVICES LTD,24.61,27.01,24.61,26.48,26.48,25.9,,26.48,,,1199,31224.0,9,F1,1,,,,,
2025-08-07,2025-08-07,CM,BSE,STK,526871,INE017E01018,INTECCAP,X,,,,,INTEC CAPITAL LTD.,16.85,16.85,14.81,16.19,16.19,15.85,,16.19,,,2532,39142.0,29,F1,1,,,,,
2025-08-07,2025-08-07,CM,BSE,STK,526873,INE184D01026,RAJGASES,X,,,,,RAJASTHAN GASES LTD.,32.2,39.7,32.2,38.91,39.0,35.37,,38.91,,,5464,208899.0,88,F1,1,,,,,
2025-08-07,2025-08-07,CM,BSE,STK,526877,INE797C01019,SIDDHEGA,XT,,,,,SIDDHESWARI GARMENTS LTD.,20.82,21.66,20.82,21.66,21.66,21.24,,21.66,,,301,6476.0,3,F1,1,,,,,
2025-08-07,2025-08-07,CM,BSE,STK,526881,INE111B01023,63MOONS,B,,,,,63 Moons Technologies Limited,940.1,962.55,921.65,943.05,946.0,942.15,,944.5,,,18547,17432576.0,1434,F1,1,,,,,
2025-08-07,2025-08-07,CM,BSE,STK,526885,INE453D01025,SARLAPOLY,T,,,,,SARLA PERFORMANCE FIBERS LTD.,106.55,108.5,104.2,106.3,108.5,108.3,,106.84,,,9179,967765.0,102,F1,1,,,,,
2025-08-07,2025-08-07,CM,BSE,STK,526891,INE944C01017,MKTCREAT,X,,,,,MARKET CREATORS LTD.,16.11,16.11,15.39,16.11,16.11,16.19,,16.11,,,72,1124.0,4,F1,1,,,,,
2025-08-07,2025-08-07,CM,BSE,STK,526899,INE552B01010,HFIL,XT,,,,,HIMALAYA FOOD INTERNATIONAL LI,13.6,13.6,12.89,13.06,13.06,13.56,,13.06,,,206720,2696588.0,268,F1,1,,,,,
2025-08-07,2025-08-07,CM,BSE,STK,526901,INE344I01017,SONALAD,X,,,,,SONAL ADHESIVES LTD.,50.4,51.29,48.2,51.28,51.29,50.47,,51.28,,,1423,70268.0,19,F1,1,,,,,
2025-08-07,2025-08-07,CM,BSE,STK,526905,INE743D01011,PADMAIND,XT,,,,,Padmanabh Industries Ltd,10.0,10.0,9.85,9.85,9.85,10.05,,9.85,,,343,3428.0,6,F1,1,,,,,
2025-08-07,2025-08-07,CM,BSE,STK,526921,INE253B01015,21STCENMGM,B,,,,,TWENTYFIRST CENTURY MANAGEMENT,56.61,57.99,56.05,56.99,57.44,57.19,,57.48,,,612,34330.0,37,F1,1,,,,,
2025-08-07,2025-08-07,CM,BSE,STK,526931,INE400G01011,HRYNSHP,X,,,,,HARIYANA SHIP BREAKERS LTD.,112.0,114.0,104.55,113.15,113.8,113.0,,113.15,,,1765,197745.0,80,F1,1,,,,,
2025-08-07,2025-08-07,CM,BSE,STK,526935,INE377D01018,ARUNIS,XT,,,,,ARUNIS ABODE LIMITED,532.6,532.6,532.6,532.6,532.6,543.45,,532.6,,,1384,737118.0,40,F1,1,,,,,
2025-08-07,2025-08-07,CM,BSE,STK,526945,INE945B01016,TYROON,X,,,,,TYROON TEA CO.LTD.,110.3,110.3,109.0,110.25,110.25,110.3,,110.25,,,228,25140.0,9,F1,1,,,,,
2025-08-07,2025-08-07,CM,BSE,STK,526947,INE059D01020,LAOPALA,B,,,,,LA OPALA RG LTD.,267.95,267.95,258.95,264.15,263.8,275.4,,264.25,,,2843,752273.0,138,F1,1,,,,,
2025-08-07,2025-08-07,CM,BSE,STK,526951,INE239C01020,STYLAMIND,B,,,,,STYLAM INDUSTRIES LIMITED,1765.05,1779.65,1717.0,1732.7,1744.8,1797.15,,1733.1,,,3391,5933078.0,434,F1,1,,,,,
2025-08-07,2025-08-07,CM,BSE,STK,526953,INE411B01019,VENUSREM,T,,,,,VENUS REMEDIES LTD.,488.95,498.9,488.95,498.9,498.9,498.9,,498.9,,,5103,2496196.0,46,F1,1,,,,,
2025-08-07,2025-08-07,CM,BSE,STK,526961,INE404B01022,LASTMILE,X,,,,,LAST MILE ENTERPRISES LIMITED,14.3,15.36,14.11,14.96,14.96,14.39,,14.96,,,449890,6707488.0,262,F1,1,,,,,
2025-08-07,2025-08-07,CM,BSE,STK,526965,INE372D01019,GUJCRAFT,X,,,,,GUJARAT CRAFT INDUSTRIES LTD.,129.1,130.0,125.0,129.05,129.55,128.5,,129.05,,,2394,303388.0,64,F1,1,,,,,
2025-08-07,2025-08-07,CM,BSE,STK,526967,INE025D01013,HEERAISP,XT,,,,,HEERA ISPAT LTD.,8.02,8.02,7.86,7.86,7.86,8.02,,7.86,,,226,1777.0,3,F1,1,,,,,
2025-08-07,2025-08-07,CM,BSE,STK,526971,INE313G01016,DHOOTIN,X,,,,,DHOOT INDUSTRIAL FINANCE LTD.,284.0,284.0,268.65,270.65,274.8,269.15,,270.65,,,317,87380.0,41,F1,1,,,,,
2025-08-07,2025-08-07,CM,BSE,STK,526977,INE318P01016,CRIMSON,P,,,,,CRIMSON METAL ENGINEERING COMP,17.59,17.59,17.59,17.59,17.59,16.76,,17.59,,,100,1759.0,1,F1,100,,,,,
2025-08-07,2025-08-07,CM,BSE,STK,526981,INE402H01015,SHBAJRG,XT,,,,,SHRI BAJRANG ALLIANCE LIMITED,196.7,201.0,194.0,200.95,200.95,196.75,,200.95,,,5155,1005705.0,30,F1,1,,,,,
2025-08-07,2025-08-07,CM,BSE,STK,526987,INE550C01020,URJA,B,,,,,URJA GLOBAL LTD.,13.32,13.34,13.0,13.23,13.23,13.39,,13.21,,,356849,4686091.0,1654,F1,1,,,,,
2025-08-07,2025-08-07,CM,BSE,STK,527001,INE348A01023,ASHAPURMIN,B,,,,,ASHAPURA MINECHEM LTD.,511.0,528.5,508.75,522.05,522.05,516.1,,520.15,,,22850,11867672.0,1025,F1,1,,,,,
2025-08-07,2025-08-07,CM,BSE,STK,527005,INE847D01010,SHREEPAC,X,,,,,SHREE PACETRONIX LTD.,123.8,123.9,109.88,110.31,111.91,122.08,,110.31,,,27582,3150080.0,354,F1,1,,,,,
2025-08-07,2025-08-07,CM,BSE,STK,530001,INE186A01019,GUJALKALI,B,,,,,GUJARAT ALKALIES & CHEMICALS L,577.1,577.1,563.8,574.1,574.15,580.45,,574.95,,,1238,705825.0,160,F1,1,,,,,
2025-08-07,2025-08-07,CM,BSE,STK,530005,INE383A01012,INDIACEM,A,,,,,INDIA CEMENTS LTD.,366.45,366.45,355.2,358.0,358.0,367.55,,357.95,,,9777,3517305.0,373,F1,1,,,,,
2025-08-07,2025-08-07,CM,BSE,STK,530007,INE573A01042,JKTYRE,A,,,,,JK TYRE & INDUSTRIES LTD.,321.0,325.5,315.5,324.15,325.5,321.55,,324.4,,,38373,12259270.0,925,F1,1,,,,,
2025-08-07,2025-08-07,CM,BSE,STK,530011,INE558B01017,MANGCHEFER,B,,,,,MANGALORE CHEMICALS & FERTILIZ,363.95,363.95,346.6,350.9,350.9,363.95,,351.8,,,17192,6059563.0,821,F1,1,,,,,
2025-08-07,2025-08-07,CM,BSE,STK,530017,INE173A01025,SIL,B,,,,,STANDARD INDUSTRIES LTD.,18.91,19.2,18.43,18.79,18.79,18.92,,18.78,,,39681,746472.0,219,F1,1,,,,,
2025-08-07,2025-08-07,CM,BSE,STK,530019,INE700A01033,JUBLPHARMA,A,,,,,JUBILANT PHARMOVA LIMITED,1100.0,1122.0,1081.0,1107.65,1115.4,1104.15,,1103.4,,,5253,5780393.0,558,F1,1,,,,,
2025-08-07,2025-08-07,CM,BSE,STK,530023,INE924D01017,THEINVEST,B,,,,,THE INVESTMENT TRUST OF INDIA,177.95,177.95,156.0,158.95,158.95,155.05,,158.66,,,988,158030.0,89,F1,1,,,,,
2025-08-07,2025-08-07,CM,BSE,STK,530025,INE607G01011,SAMYAKINT,XT,,,,,SAMYAK INTERNATIONAL LTD.,23.96,23.96,22.8,23.87,23.87,23.49,,23.87,,,11038,258543.0,30,F1,1,,,,,
2025-08-07,2025-08-07,CM,BSE,STK,530027,INE563D01013,AADIIND,X,,,,,AADI INDUSTRIES LTD.,5.37,5.37,5.37,5.37,5.37,5.39,,5.37,,,19,102.0,5,F1,1,,,,,
2025-08-07,2025-08-07,CM,BSE,STK,530037,INE618F01010,SPARKLEGR,XT,,,,,SPARKLE GOLD ROCK LIMITED,99.5,99.75,99.3,99.3,99.3,99.5,,99.3,,,2065,205170.0,11,F1,1,,,,,
2025-08-07,2025-08-07,CM,BSE,STK,530043,INE326C01017,ACKNIT,X,,,,,ACKNIT INDUSTRIES LTD.,294.15,300.0,289.95,298.3,299.95,309.95,,298.3,,,2397,710393.0,52,F1,1,,,,,
2025-08-07,2025-08-07,CM,BSE,STK,530045,INE090D01017,TITANSEC,X,,,,,TITAN SECURITIES LTD.,30.9,30.9,29.41,29.81,30.24,30.46,,29.81,,,3773,114218.0,94,F1,1,,,,,
2025-08-07,2025-08-07,CM,BSE,STK,530053,INE055E01034,REALECO,X,,,,,REAL ECO-ENERGY LIMITED,5.5,5.93,4.98,5.22,5.23,5.7,,5.22,,,120471,628377.0,286,F1,1,,,,,
2025-08-07,2025-08-07,CM,BSE,STK,530057,INE984E01035,VIVANZA,XT,,,,,Vivanza Biosciences Limited,2.11,2.11,2.03,2.04,2.03,2.09,,2.04,,,37401,76327.0,72,F1,1,,,,,
2025-08-07,2025-08-07,CM,BSE,STK,530063,INE095C01018,YASHRAJC,XT,,,,,YASHRAJ CONTAINEURS LTD.,6.64,6.8,6.61,6.73,6.73,6.48,,6.73,,,22802,153484.0,15,F1,1,,,,,
2025-08-07,2025-08-07,CM,BSE,STK,530065,INE689J01013,LORDSHOTL,X,,,,,LORDS ISHWAR HOTELS LIMITED,16.75,18.0,15.11,17.5,17.5,16.74,,17.5,,,1020,16785.0,16,F1,1,,,,,
2025-08-07,2025-08-07,CM,BSE,STK,530067,INE718F01018,CSLFINANCE,B,,,,,CSL Finance Limited,298.55,302.85,298.55,300.65,302.85,299.65,,300.65,,,29,8678.0,8,F1,1,,,,,
2025-08-07,2025-08-07,CM,BSE,STK,530073,INE989A01032,SANGHVIMOV,A,,,,,SANGHVI MOVERS LTD.,280.95,300.0,278.85,281.95,283.0,273.35,,282.05,,,291150,84730605.0,8063,F1,1,,,,,
2025-08-07,2025-08-07,CM,BSE,STK,530075,INE818A01017,SELAN,B,,,,,SELAN EXPLORATION TECHNOLOGY L,561.1,568.3,554.5,563.75,566.0,572.15,,562.8,,,2498,1395861.0,359,F1,1,,,,,
2025-08-07,2025-08-07,CM,BSE,STK,530077,INE795D01011,PURETROP,X,,,,,PURETROP FRUITS LIMITED,135.15,141.7,135.15,139.9,139.9,139.7,,139.9,,,2745,381590.0,55,F1,1,,,,,
2025-08-07,2025-08-07,CM,BSE,STK,530079,INE963C01033,FAZE3Q,B,,,,,FAZE THREE LTD.,544.95,550.0,524.1,544.35,539.25,553.4,,545.6,,,11316,6107962.0,1001,F1,1,,,,,
2025-08-07,2025-08-07,CM,BSE,STK,530095,INE656B01027,PRADHIN,X,,,,,PRADHIN LIMITED,0.3,0.31,0.29,0.31,0.31,0.3,,0.31,,,6277569,1900067.0,513,F1,1,,,,,
2025-08-07,2025-08-07,CM,BSE,STK,530109,INE069B01023,ANUPAM,XT,,,,,ANUPAM FINSERV LIMITED,2.28,2.37,2.21,2.34,2.37,2.26,,2.34,,,192799,440632.0,273,F1,1,,,,,
2025-08-07,2025-08-07,CM,BSE,STK,530111,INE639C01013,RAJPACK,X,,,,,RAJ PACKAGING INDUSTRIES LTD.,26.0,27.48,25.8,26.05,26.9,26.81,,26.05,,,2763,73344.0,29,F1,1,,,,,
2025-08-07,2025-08-07,CM,BSE,STK,530117,INE959A01019,PRIVISCL,B,,,,,PRIVI SPECIALITY CHEMICALS LIM,2498.0,2543.1,2439.8,2477.55,2484.75,2508.1,,2474.3,,,5700,14188113.0,736,F1,1,,,,,
2025-08-07,2025-08-07,CM,BSE,STK,530119,INE444D01016,NATRAJPR,X,,,,,NATRAJ PROTEINS LTD.,36.65,42.97,36.65,38.9,41.72,40.91,,38.9,,,2777,111125.0,22,F1,1,,,,,
2025-08-07,2025-08-07,CM,BSE,STK,530125,INE103E01016,SAMRATPH,X,,,,,SAMRAT PHARMACHEM LTD.,340.5,342.0,331.6,336.8,336.8,339.15,,336.8,,,1971,659914.0,75,F1,1,,,,,
2025-08-07,2025-08-07,CM,BSE,STK,530127,INE446D01011,NPRFIN,X,,,,,NPR FINANCE LTD.,28.48,28.48,27.12,27.86,27.5,28.18,,27.86,,,490,13530.0,30,F1,1,,,,,
2025-08-07,2025-08-07,CM,BSE,STK,530129,INE445D01013,NILE,X,,,,,NILE LTD.,2174.0,2174.0,2069.0,2126.4,2126.4,2130.6,,2126.4,,,12983,27367515.0,702,F1,1,,,,,
2025-08-07,2025-08-07,CM,BSE,STK,530131,INE225C01029,UDAICEMENT,B,,,,,UDAIPUR CEMENT WORKS LTD.,35.24,35.24,34.83,34.95,34.92,35.36,,34.96,,,10485,367382.0,83,F1,1,,,,,
2025-08-07,2025-08-07,CM,BSE,STK,530133,INE924B01011,AMCOIND,XT,,,,,AMCO INDIA LTD.,87.0,87.0,80.71,81.46,81.46,84.95,,81.46,,,3269,265898.0,30,F1,1,,,,,
2025-08-07,2025-08-07,CM,BSE,STK,530135,INE350C01017,OPTIEMUS,B,,,,,OPTIEMUS INFRACOM LTD,588.7,595.75,574.85,585.05,584.75,592.85,,585.35,,,5777,3378151.0,386,F1,1,,,,,
2025-08-07,2025-08-07,CM,BSE,STK,530139,INE302C01018,KREONFIN,XT,,,,,KREON FINNANCIAL SERVICES LTD.,52.65,52.65,52.65,52.65,52.65,53.72,,52.65,,,7101,373867.0,23,F1,1,,,,,
2025-08-07,2025-08-07,CM,BSE,STK,530141,INE487G01018,GYANDEV,XT,,,,,GYAN DEVELOPERS & BUILDERS LTD,69.38,69.38,69.38,69.38,69.38,70.79,,69.38,,,900,62442.0,20,F1,1,,,,,
2025-08-07,2025-08-07,CM,BSE,STK,530145,INE017C01012,KISAN,X,,,,,KISAN MOULDINGS LTD.,36.94,37.0,36.55,36.67,36.67,36.73,,36.67,,,28298,1038395.0,145,F1,1,,,,,
2025-08-07,2025-08-07,CM,BSE,STK,530161,INE236P01010,GARODCH,P,,,,,GARODIA CHEMICALS LTD.,7.32,7.32,7.32,7.32,7.32,7.7,,7.32,,,100,732.0,1,F1,100,,,,,
2025-08-07,2025-08-07,CM,BSE,STK,530163,INE817B01025,KERALAYUR,XT,,,,,KERALA AYURVEDA LTD.,506.0,509.8,485.0,498.8,500.0,503.7,,498.8,,,14040,6950786.0,146,F1,1,,,,,
2025-08-07,2025-08-07,CM,BSE,STK,530167,INE153K01018,MONGIPA,X,,,,,MOONGIPA CAPITAL FINANCE LTD.,19.38,19.51,18.5,18.7,18.7,19.0,,18.7,,,24243,456215.0,69,F1,1,,,,,
2025-08-07,2025-08-07,CM,BSE,STK,530169,INE388C01017,MOHITPPR,X,,,,,MOHIT PAPER MILLS LTD.,31.25,33.74,31.25,31.41,32.49,31.5,,31.41,,,541,17111.0,11,F1,1,,,,,
2025-08-07,2025-08-07,CM,BSE,STK,530171,INE108C01019,DAULAT,X,,,,,DAULAT SECURITIES LTD.,39.69,39.69,37.5,38.45,38.45,38.0,,38.45,,,780,30422.0,16,F1,1,,,,,
2025-08-07,2025-08-07,CM,BSE,STK,530175,INE213B01019,ODYSSEY,X,,,,,ODYSSEY TECHNOLOGIES LTD.,84.0,87.99,83.0,85.88,85.8,85.42,,85.88,,,5868,503054.0,69,F1,1,,,,,
2025-08-07,2025-08-07,CM,BSE,STK,530177,INE758B01013,VKGLOBAL,XT,,,,,VK Global Industries Limited,31.35,31.35,31.35,31.35,31.35,32.99,,31.35,,,1010,31663.0,8,F1,1,,,,,
2025-08-07,2025-08-07,CM,BSE,STK,530179,INE015F01019,RSCINT,XT,,,,,RSC INTERNATIONAL LTD.,49.36,49.36,49.36,49.36,49.36,48.4,,49.36,,,10301,508457.0,3,F1,1,,,,,
2025-08-07,2025-08-07,CM,BSE,STK,530185,INE936A01025,SURATRAML,X,,,,,Surat Trade and Mercantile Lim,6.18,6.37,6.18,6.29,6.3,6.26,,6.29,,,43886,275658.0,175,F1,1,,,,,
2025-08-07,2025-08-07,CM,BSE,STK,530187,INE354E01031,ATHARVENT,XT,,,,,ATHARV ENTERPRISES LTD.,3.73,3.91,3.55,3.68,3.55,3.73,,3.68,,,14862,55752.0,52,F1,1,,,,,
2025-08-07,2025-08-07,CM,BSE,STK,530197,INE365H01014,FUNDVISER,X,,,,,FUNDVISER CAPITAL (INDIA) LIMI,165.1,165.1,165.0,165.1,165.1,165.0,,165.1,,,36,5941.0,6,F1,1,,,,,
2025-08-07,2025-08-07,CM,BSE,STK,530199,INE083B01024,THEMISMED,B,,,,,THEMIS MEDICARE LTD.,114.55,116.9,112.0,115.45,115.45,113.9,,115.03,,,40895,4701157.0,926,F1,1,,,,,
2025-08-07,2025-08-07,CM,BSE,STK,530201,INE629F01025,KALLAM,X,,,,,KALLAM TEXTILES LTD,4.36,4.36,4.15,4.22,4.23,4.15,,4.22,,,6720,28612.0,42,F1,1,,,,,
2025-08-07,2025-08-07,CM,BSE,STK,530207,INE899B01015,BRAWN,X,,,,,BRAWN BIOTECH LTD.,18.82,18.82,18.82,18.82,18.82,18.91,,18.82,,,5,94.0,1,F1,1,,,,,
2025-08-07,2025-08-07,CM,BSE,STK,530213,INE501D01013,FORINTL,X,,,,,FORTUNE INTERNATIONAL LTD.,59.0,59.06,59.0,59.06,59.06,59.0,,59.06,,,2009,118651.0,14,F1,1,,,,,
2025-08-07,2025-08-07,CM,BSE,STK,530215,INE050N01010,KINGSINFR,X,,,,,KINGS INFRA VENTURES LIMITED,150.85,151.75,145.4,150.45,150.45,149.75,,150.45,,,42388,6260616.0,397,F1,1,,,,,
2025-08-07,2025-08-07,CM,BSE,STK,530217,INE295B01016,SWOJAS,XT,,,,,SWOJAS FOODS LIMITED,10.9,10.9,10.9,10.9,10.9,10.69,,10.9,,,9720,105948.0,15,F1,1,,,,,
2025-08-07,2025-08-07,CM,BSE,STK,530231,INE690D01014,SUBSM,X,,,,,SUBHASH SILK MILLS LTD.,61.74,61.74,61.74,61.74,61.74,61.74,,61.74,,,10,617.0,1,F1,1,,,,,
2025-08-07,2025-08-07,CM,BSE,STK,530233,INE292C01011,AUROLAB,X,,,,,AURO LABORATORIES LTD.,265.0,280.0,261.0,268.75,268.75,268.45,,268.75,,,2194,586155.0,65,F1,1,,,,,
2025-08-07,2025-08-07,CM,BSE,STK,530235,INE533C01018,KJMCFIN,X,,,,,KJMC FINANCIAL SERVICES LTD.,88.0,91.49,87.0,90.35,90.39,87.36,,90.35,,,2415,214135.0,71,F1,1,,,,,
2025-08-07,2025-08-07,CM,BSE,STK,530239,INE495B01038,SUVEN,T,,,,,SUVEN LIFE SCIENCES LTD.,246.55,266.0,242.35,263.45,264.9,255.1,,263.95,,,46036,11474137.0,595,F1,1,,,,,
2025-08-07,2025-08-07,CM,BSE,STK,530245,INE032E01017,ARYAMAN,X,,,,,ARYAMAN FINANCIAL SERVICES LTD,800.0,839.8,770.05,834.2,834.85,792.0,,834.2,,,6491,5320982.0,378,F1,1,,,,,
2025-08-07,2025-08-07,CM,BSE,STK,530249,INE958C01025,BRIDGESE,X,,,,,BRIDGE SECURITIES LTD.,11.77,11.77,11.0,11.15,11.15,11.34,,11.15,,,1186082,13223385.0,501,F1,1,,,,,
2025-08-07,2025-08-07,CM,BSE,STK,530251,INE001O01029,RISAINTL,X,,,,,RISA INTERNATIONAL LTD.,0.74,0.76,0.62,0.68,0.68,0.7,,0.68,,,522142,350440.0,259,F1,1,,,,,
2025-08-07,2025-08-07,CM,BSE,STK,530253,INE497E01020,RAJTUBE,XT,,,,,RAJASTHAN TUBE MANUFACTURING C,40.16,41.42,40.16,40.16,40.16,42.27,,40.16,,,31805,1283218.0,201,F1,1,,,,,
2025-08-07,2025-08-07,CM,BSE,STK,530255,INE961B01013,KAYPOWR,X,,,,,KAY POWER AND PAPER LTD.,16.59,16.6,14.24,16.12,16.12,15.4,,16.12,,,14298,232208.0,106,F1,1,,,,,
2025-08-07,2025-08-07,CM,BSE,STK,530259,INE003B01014,INTSTOIL,XT,,,,,INTER STATE OIL CARRIER LTD.,41.0,41.79,38.1,41.6,41.6,39.8,,41.6,,,1695,70378.0,17,F1,1,,,,,
2025-08-07,2025-08-07,CM,BSE,STK,530263,INE062C01042,GLOBALCA,X,,,,,GLOBAL CAPITAL MARKETS LTD.,0.64,0.65,0.61,0.63,0.63,0.64,,0.63,,,659135,414767.0,187,F1,1,,,,,
2025-08-07,2025-08-07,CM,BSE,STK,530265,INE584B01013,SAINIK,X,,,,,SAINIK FINANCE & INDUSTRIES LT,57.3,57.3,51.07,51.61,51.61,56.74,,51.61,,,13915,725724.0,101,F1,1,,,,,
2025-08-07,2025-08-07,CM,BSE,STK,530267,INE021N01011,ARIGATO,XT,,,,,ARIGATO UNIVERSE LIMITED,42.0,42.0,41.75,41.75,41.75,43.92,,41.75,,,760,31732.0,7,F1,1,,,,,
2025-08-07,2025-08-07,CM,BSE,STK,530271,INE652D01014,RICHUNV,XT,,,,,RICH UNIVERSE NETWORK LTD.,11.4,11.4,10.87,10.87,10.87,11.44,,10.87,,,2076,22566.0,3,F1,1,,,,,
2025-08-07,2025-08-07,CM,BSE,STK,530289,INE102F01015,SPCAPIT,X,,,,,SP CAPITAL FINANCING LTD.,47.56,47.56,45.0,45.1,45.1,48.1,,45.1,,,466,21274.0,16,F1,1,,,,,
2025-08-07,2025-08-07,CM,BSE,STK,530291,INE791C01012,PAOS,XT,,,,,PAOS INDUSTRIES LIMITED,48.0,48.0,48.0,48.0,48.0,48.0,,48.0,,,2017,96816.0,5,F1,1,,,,,
2025-08-07,2025-08-07,CM,BSE,STK,530295,INE418K01015,SHRAJOI,X,,,,,SHRI RAJIVLOCHAN OIL EXTRACTIO,28.31,30.2,28.31,30.2,30.2,29.8,,30.2,,,700,20662.0,7,F1,1,,,,,
2025-08-07,2025-08-07,CM,BSE,STK,530299,INE823A01017,KOTHARIPRO,B,,,,,KOTHARI PRODUCTS LTD.,76.7,78.25,75.44,76.27,75.44,76.94,,76.66,,,1134,86760.0,103,F1,1,,,,,
2025-08-07,2025-08-07,CM,BSE,STK,530305,INE546C01010,PICCADIL,B,,,,,PICCADILY AGRO INDUSTRIES LTD.,649.15,649.15,622.3,640.35,642.0,641.15,,640.25,,,24116,15289142.0,1231,F1,1,,,,,
2025-08-07,2025-08-07,CM,BSE,STK,530307,INE419D01026,CLSEL,B,,,,,CHAMAN LAL SETIA EXPORTS LTD.,295.3,295.3,283.05,290.3,294.3,296.25,,290.4,,,20335,5869976.0,602,F1,1,,,,,
2025-08-07,2025-08-07,CM,BSE,STK,530309,INE368D01025,CHANDRAP,X,,,,,CHANDRA PRABHU INTERNATIONAL L,21.25,21.56,20.1,20.88,20.88,21.15,,20.88,,,19597,402812.0,107,F1,1,,,,,
2025-08-07,2025-08-07,CM,BSE,STK,530313,INE285U01025,KIMIABL,XT,,,,,KIMIA BIOSCIENCES LIMITED,46.31,48.94,46.31,46.31,46.31,48.74,,46.31,,,7803,361928.0,57,F1,1,,,,,
2025-08-07,2025-08-07,CM,BSE,STK,530315,INE428D01019,HINDTIN,X,,,,,HINDUSTAN TIN WORKS LTD.,149.9,149.9,146.0,146.9,146.7,149.2,,146.9,,,3380,497444.0,52,F1,1,,,,,
2025-08-07,2025-08-07,CM,BSE,STK,530317,INE362C01012,GODAVARI,X,,,,,GODAVARI DRUGS LTD.,81.91,85.5,80.34,83.73,83.75,81.91,,83.73,,,2639,217660.0,48,F1,1,,,,,
2025-08-07,2025-08-07,CM,BSE,STK,530331,INE001E01012,PREMCO,X,,,,,PREMCO GLOBAL LTD.,485.0,496.0,465.05,467.55,469.95,465.15,,467.55,,,1144,534856.0,55,F1,1,,,,,
2025-08-07,2025-08-07,CM,BSE,STK,530343,INE955D01029,GENUSPOWER,A,,,,,GENUS POWER INFRASTRUCTURES LT,366.2,387.5,366.2,385.45,385.45,385.35,,385.55,,,119609,45630487.0,2359,F1,1,,,,,
2025-08-07,2025-08-07,CM,BSE,STK,530355,INE276G01015,ASIANENE,B,,,,,ASIAN ENERGY SERVICES LTD,343.0,345.0,329.95,339.45,332.1,342.4,,338.65,,,9810,3314129.0,479,F1,1,,,,,
2025-08-07,2025-08-07,CM,BSE,STK,530357,INE883D01023,KBSINDIA,X,,,,,KBS INDIA LIMITED,4.55,4.71,4.45,4.55,4.55,4.49,,4.55,,,23302,106117.0,111,F1,1,,,,,
2025-08-07,2025-08-07,CM,BSE,STK,530361,INE428P01013,PRABHHANS,X,,,,,PRABHHANS INDUSTRIES LIMITED,78.0,82.1,77.85,80.48,81.5,78.2,,80.48,,,59884,4777804.0,83,F1,1,,,,,
2025-08-07,2025-08-07,CM,BSE,STK,530363,INE071E01023,UGARSUGAR,B,,,,,UGAR SUGAR WORKS LTD.,41.33,42.25,41.0,42.08,42.01,41.62,,42.1,,,28991,1208362.0,325,F1,1,,,,,
2025-08-07,2025-08-07,CM,BSE,STK,530365,INE607D01018,ORIENTBELL,B,,,,,ORIENT BELL LIMITED,300.0,301.1,284.0,300.0,301.1,291.35,,300.0,,,2445,717835.0,497,F1,1,,,,,
2025-08-07,2025-08-07,CM,BSE,STK,530367,INE349A01021,NRBBEARING,B,,,,,NRB BEARINGS LTD.,274.05,286.5,273.1,284.2,283.0,276.0,,282.85,,,7959,2220876.0,343,F1,1,,,,,
2025-08-07,2025-08-07,CM,BSE,STK,530369,INE380C01014,VAMSHIRU,XT,,,,,VAMSHI RUBBER LTD.,53.4,53.4,50.5,50.5,50.5,53.14,,50.5,,,22,1116.0,3,F1,1,,,,,
2025-08-07,2025-08-07,CM,BSE,STK,530377,INE937C01029,NILAINFRA,B,,,,,NILA INFRASTRUCTURES LTD.,11.06,11.4,11.06,11.37,11.39,11.22,,11.35,,,43755,492458.0,346,F1,1,,,,,
2025-08-07,2025-08-07,CM,BSE,STK,530393,INE921B01025,DBSTOCKBRO,B,,,,,DB (INTERNATIONAL) STOCK BROKE,26.5,26.51,25.32,25.79,25.79,26.3,,25.63,,,582,15196.0,44,F1,1,,,,,
2025-08-07,2025-08-07,CM,BSE,STK,530401,INE526H01011,VINYOFL,X,,,,,VINYOFLEX LTD.,63.06,64.84,60.3,64.84,64.84,63.2,,64.84,,,1548,95971.0,32,F1,1,,,,,
2025-08-07,2025-08-07,CM,BSE,STK,530405,INE356F01017,JINDCAP,X,,,,,JINDAL CAPITAL LTD.,40.5,40.5,39.19,39.49,39.49,39.03,,39.49,,,237,9387.0,21,F1,1,,,,,
2025-08-07,2025-08-07,CM,BSE,STK,530407,INE932F01015,EPIC,XT,,,,,EPIC ENERGY LTD.,52.54,52.54,51.51,51.77,51.77,52.54,,51.77,,,2830,147206.0,47,F1,1,,,,,
2025-08-07,2025-08-07,CM,BSE,STK,530419,INE886B01012,SUMEDHA,X,,,,,SUMEDHA FISCAL SERVICES LTD.,61.2,62.0,60.0,60.15,60.47,59.55,,60.15,,,19333,1181811.0,127,F1,1,,,,,
2025-08-07,2025-08-07,CM,BSE,STK,530421,INE430F01010,KUWERIN,XT,,,,,KUWER INDUSTRIES LTD.,12.37,12.37,12.13,12.13,12.13,12.37,,12.13,,,101,1225.0,2,F1,1,,,,,
2025-08-07,2025-08-07,CM,BSE,STK,530427,INE865B01016,CHOKSI,XT,,,,,CHOKSI ASIA LIMITED,84.1,92.65,84.1,92.51,92.25,88.24,,92.51,,,2040,187195.0,26,F1,1,,,,,
2025-08-07,2025-08-07,CM,BSE,STK,530429,INE831C01016,ASHISHPO,X,,,,,ASHISH POLYPLAST LTD.,37.8,37.8,35.27,35.27,35.27,36.4,,35.27,,,368,13167.0,13,F1,1,,,,,
2025-08-07,2025-08-07,CM,BSE,STK,530433,INE960E01019,SHIVAAGRO,X,,,,,SHIVA GLOBAL AGRO INDUSTRIES L,42.67,47.75,42.67,45.59,45.55,45.43,,45.59,,,10498,492698.0,89,F1,1,,,,,
2025-08-07,2025-08-07,CM,BSE,STK,530439,INE140C01012,SIDDHA,X,,,,,SIDDHA VENTURES LTD.,6.48,6.48,6.28,6.39,6.39,6.49,,6.39,,,961,6124.0,20,F1,1,,,,,
2025-08-07,2025-08-07,CM,BSE,STK,530445,INE764B01029,SUMERUIND,X,,,,,SUMERU INDUSTRIES LTD.,2.03,2.25,2.03,2.21,2.12,2.19,,2.21,,,47282,101962.0,47,F1,1,,,,,
2025-08-07,2025-08-07,CM,BSE,STK,530449,INE347C01013,RUNGTAIR,X,,,,,RUNGTA IRRIGATION LTD.,63.66,65.7,58.05,60.76,64.0,63.93,,60.76,,,1638,100819.0,44,F1,1,,,,,
2025-08-07,2025-08-07,CM,BSE,STK,530457,INE959B01017,GTTDATA,X,,,,,GTT DATA SOLUTIONS LIMITED,67.85,67.85,64.0,66.58,67.72,66.43,,66.58,,,4708,315162.0,71,F1,1,,,,,
2025-08-07,2025-08-07,CM,BSE,STK,530461,INE440C01016,SABOOSOD,X,,,,,SABOO SODIUM CHLORO LTD.,15.44,16.18,15.44,15.48,15.69,15.74,,15.48,,,23401,364121.0,68,F1,1,,,,,
2025-08-07,2025-08-07,CM,BSE,STK,530469,INE721D01017,GSLSEC,XT,,,,,GSL SECURITIES LTD.,58.29,58.29,58.29,58.29,58.29,55.52,,58.29,,,16403,956130.0,42,F1,1,,,,,
2025-08-07,2025-08-07,CM,BSE,STK,530475,INE015C01016,TINNARUBR,B,,,,,TINNA RUBBER AND INFRASTRUCTUR,883.25,899.95,860.0,872.95,872.95,913.5,,872.75,,,22626,19717322.0,2375,F1,1,,,,,
2025-08-07,2025-08-07,CM,BSE,STK,530477,INE337E01010,VIKRAMTH,X,,,,,VIKRAM THERMO (INDIA) LTD.,147.0,149.0,145.0,147.35,149.0,146.6,,147.35,,,3392,495375.0,96,F1,1,,,,,
2025-08-07,2025-08-07,CM,BSE,STK,530495,INE473C01025,STRATMONT,X,,,,,STRATMONT INDUSTRIES LIMITED,104.06,104.06,104.06,104.06,104.06,109.53,,104.06,,,2400,249744.0,38,F1,1,,,,,
2025-08-07,2025-08-07,CM,BSE,STK,530499,INE701G01012,AKCAPIT,X,,,,,A.K.CAPITAL SERVICES LTD.,1115.0,1138.9,1084.15,1138.0,1138.0,1116.7,,1138.0,,,804,908522.0,37,F1,1,,,,,
2025-08-07,2025-08-07,CM,BSE,STK,530517,INE131B01039,RELAXO,A,,,,,RELAXO FOOTWEARS LTD.,432.05,457.0,432.0,450.25,450.25,437.5,,450.35,,,41945,18573614.0,1622,F1,1,,,,,
2025-08-07,2025-08-07,CM,BSE,STK,530521,INE467D01017,VIRAT,XT,,,,,VIRAT INDUSTRIES LTD.,617.5,617.5,580.0,591.6,595.85,598.25,,591.6,,,1601,949018.0,53,F1,1,,,,,
2025-08-07,2025-08-07,CM,BSE,STK,530525,INE786J01033,RRETAIL,X,,,,,RAJNISH RETAIL LIMITED,6.4,6.7,6.25,6.34,6.33,6.49,,6.34,,,102705,650050.0,452,F1,1,,,,,
2025-08-07,2025-08-07,CM,BSE,STK,530533,INE390D01011,TERAI,XT,,,,,TERAI TEA CO.LTD.,110.5,115.95,105.35,115.95,115.95,110.5,,115.95,,,1119,122110.0,21,F1,1,,,,,
2025-08-07,2025-08-07,CM,BSE,STK,530545,INE949B01018,COSCO,X,,,,,COSCO (INDIA) LTD.,240.0,243.95,235.0,235.0,235.0,234.6,,235.0,,,988,233804.0,17,F1,1,,,,,
2025-08-07,2025-08-07,CM,BSE,STK,530549,INE790G01031,SHILPAMED,T,,,,,SHILPA MEDICARE LTD.,802.0,840.0,781.15,819.8,810.0,821.95,,821.75,,,9792,7937712.0,417,F1,1,,,,,
2025-08-07,2025-08-07,CM,BSE,STK,530555,INE074B01023,PARACABLES,B,,,,,PARAMOUNT COMMUNICATIONS LTD.,52.75,53.49,51.77,52.67,52.67,53.57,,52.66,,,111498,5865983.0,973,F1,1,,,,,
2025-08-07,2025-08-07,CM,BSE,STK,530557,INE132F01038,NCLRESE,X,,,,,NCL RESEARCH & FINANCIAL SERVI,0.62,0.62,0.61,0.62,0.62,0.62,,0.62,,,1055948,649212.0,1053,F1,1,,,,,
2025-08-07,2025-08-07,CM,BSE,STK,530565,INE149B01015,POPEES,XT,,,,,POPEES CARES LIMITED,42.49,42.49,41.66,41.66,41.66,42.51,,41.66,,,9764,411466.0,42,F1,1,,,,,
2025-08-07,2025-08-07,CM,BSE,STK,530571,INE335G01019,EXPLICITFIN,X,,,,,EXPLICIT FINANCE LTD.,6.45,6.45,6.28,6.28,6.28,6.21,,6.28,,,301,1941.0,2,F1,1,,,,,
2025-08-07,2025-08-07,CM,BSE,STK,530577,INE519D01015,LADDERUP,X,,,,,LADDERUP FINANCE LTD.,53.64,57.79,53.02,55.8,55.8,52.58,,55.8,,,4212,235136.0,65,F1,1,,,,,
2025-08-07,2025-08-07,CM,BSE,STK,530579,INE152C01025,UYFINCORP,B,,,,,U. Y. FINCORP LIMITED,17.94,18.02,17.66,17.73,17.73,17.94,,17.78,,,12254,217287.0,50,F1,1,,,,,
2025-08-07,2025-08-07,CM,BSE,STK,530581,INE906L01025,EKAMLEA,X,,,,,EKAM LEASING & FINANCE CO.LTD.,6.53,6.53,6.53,6.53,6.53,6.46,,6.53,,,414,2703.0,5,F1,1,,,,,
2025-08-07,2025-08-07,CM,BSE,STK,530585,INE691C01022,SWASTIKA,X,,,,,SWASTIKA INVESTMART LTD.,124.0,124.5,120.25,120.95,120.9,122.0,,120.95,,,3340,408316.0,79,F1,1,,,,,
2025-08-07,2025-08-07,CM,BSE,STK,530589,INE573B01016,PRIMAPLA,X,,,,,PRIMA PLASTICS LTD.,138.5,143.0,138.5,142.55,143.0,140.1,,142.55,,,617,86636.0,18,F1,1,,,,,
2025-08-07,2025-08-07,CM,BSE,STK,530595,INE381G01013,TELECANOR,X,,,,,TELECANOR GLOBAL LTD.,8.11,9.86,8.11,8.29,8.18,9.0,,8.29,,,3649,30834.0,56,F1,1,,,,,
2025-08-07,2025-08-07,CM,BSE,STK,530601,INE582C01015,JAGSONFI,XT,,,,,JAGSONPAL FINANCE & LEASING LT,48.05,48.05,48.05,48.05,48.05,48.05,,48.05,,,71,3411.0,2,F1,1,,,,,
2025-08-07,2025-08-07,CM,BSE,STK,530615,INE194E01015,GARGFUR,X,,,,,GARG FURNACE LTD.,195.0,199.5,186.0,192.45,192.45,194.65,,192.45,,,997,188878.0,50,F1,1,,,,,
2025-08-07,2025-08-07,CM,BSE,STK,530617,INE375C01014,SAMPRE,XT,,,,,SAMPRE NUTRITIONS LTD.,59.57,59.57,59.57,59.57,59.57,58.41,,59.57,,,62259,3708768.0,19,F1,1,,,,,
2025-08-07,2025-08-07,CM,BSE,STK,530621,INE864E01021,AAIL,XT,,,,,Akar Auto Industries Limited,167.1,179.8,167.1,171.45,175.9,173.7,,171.45,,,3272,569156.0,34,F1,1,,,,,
2025-08-07,2025-08-07,CM,BSE,STK,530627,INE834D01018,VIPULORG,XT,,,,,Vipul Organics Limited,223.0,227.9,211.05,223.35,225.0,219.45,,223.35,,,13262,2862624.0,84,F1,1,,,,,
2025-08-07,2025-08-07,CM,BSE,STK,530643,INE316A01038,ECORECO,B,,,,,ECO RECYCLING LTD.,606.0,616.0,603.6,611.55,611.55,617.5,,611.55,,,18408,11212368.0,1061,F1,1,,,,,
2025-08-07,2025-08-07,CM,BSE,STK,530655,INE127I01024,GOODLUCK,B,,,,,Goodluck India Limited,1024.85,1033.9,1006.9,1027.7,1033.9,1030.3,,1027.8,,,4169,4252669.0,438,F1,1,,,,,
2025-08-07,2025-08-07,CM,BSE,STK,530663,INE912B01032,GOYALASS,X,,,,,GOYAL ASSOCIATES LTD.,1.17,1.17,1.06,1.08,1.08,1.17,,1.08,,,10266,11551.0,32,F1,1,,,,,
2025-08-07,2025-08-07,CM,BSE,STK,530665,INE812B01026,ZENITHHE,X,,,,,ZENITH HEALTH CARE LTD.,3.7,3.93,3.7,3.86,3.92,3.92,,3.86,,,48432,185288.0,189,F1,1,,,,,
2025-08-07,2025-08-07,CM,BSE,STK,530669,INE035401020,ACEENGITEC,XT,,,,,ACE ENGITECH LIMITED,193.75,193.75,193.75,193.75,193.75,197.7,,193.75,,,20,3875.0,1,F1,1,,,,,
2025-08-07,2025-08-07,CM,BSE,STK,530675,INE057Q01018,YORKEXP,XT,,,,,YORK EXPORTS LTD.,59.67,59.67,59.67,59.67,59.67,60.88,,59.67,,,16,954.0,2,F1,1,,,,,
2025-08-07,2025-08-07,CM,BSE,STK,530677,INE822E01011,SUPREME,B,,,,,SUPREME HOLDINGS & HOSPITALITY,72.62,74.69,71.49,74.1,72.55,73.9,,72.95,,,3770,273679.0,88,F1,1,,,,,
2025-08-07,2025-08-07,CM,BSE,STK,530689,INE624M01014,LYKISLTD,X,,,,,LYKIS LIMITED,36.26,37.31,35.0,35.28,35.5,36.59,,35.28,,,19749,705644.0,122,F1,1,,,,,
2025-08-07,2025-08-07,CM,BSE,STK,530695,INE233C01023,PRIMEPRO,X,,,,,PRIME PROPERTY DEVELOPMENT COR,36.59,36.59,34.2,34.36,34.93,35.85,,34.36,,,8485,297568.0,44,F1,1,,,,,
2025-08-07,2025-08-07,CM,BSE,STK,530697,INE546F01013,ZENLABS,X,,,,,Zenlabs Ethica Limited,35.9,35.9,32.15,32.97,33.0,33.0,,32.97,,,352,11674.0,13,F1,1,,,,,
2025-08-07,2025-08-07,CM,BSE,STK,530699,INE533D01032,RAJRILTD,T,,,,,RAJ RAYON INDUSTRIES LIMITED,27.69,27.72,27.0,27.0,27.0,27.18,,27.4,,,4209,114797.0,19,F1,1,,,,,
2025-08-07,2025-08-07,CM,BSE,STK,530705,INE161F01011,ANIRIT,X,,,,,ANIRIT VENTURES LIMITED,82.86,84.77,78.72,78.72,78.72,82.86,,78.72,,,3386,273681.0,36,F1,1,,,,,
2025-08-07,2025-08-07,CM,BSE,STK,530709,INE225G01012,GOWRALE,XT,,,,,GOWRA LEASING & FINANCE LTD.,101.65,102.0,101.6,101.6,101.6,106.9,,101.6,,,2909,295931.0,56,F1,1,,,,,
2025-08-07,2025-08-07,CM,BSE,STK,530711,INE144C01014,JAGANLAM,X,,,,,JAGAN LAMPS LTD.,84.34,88.98,81.5,82.0,82.0,84.34,,82.0,,,3006,247698.0,61,F1,1,,,,,
2025-08-07,2025-08-07,CM,BSE,STK,530715,INE093B01015,ALPSINDUS,T,,,,,ALPS INDUSTRIES LTD.,1.91,1.98,1.89,1.98,1.98,1.98,,1.9,,,3786,7203.0,28,F1,1,,,,,
2025-08-07,2025-08-07,CM,BSE,STK,530723,INE041B01014,ASITCFIN,XT,,,,,ASIT C.MEHTA FINANCIAL SERVICE,153.0,154.9,149.1,153.6,154.0,153.05,,153.6,,,817,125059.0,14,F1,1,,,,,
2025-08-07,2025-08-07,CM,BSE,STK,530733,INE900O01014,ENCODE,X,,,,,ENCODE PACKAGING INDIA LIMITED,12.65,12.65,12.65,12.65,12.65,12.65,,12.65,,,1,12.0,1,F1,1,,,,,
2025-08-07,2025-08-07,CM,BSE,STK,530735,INE897A01011,SUPERBAK,X,,,,,SUPER BAKERS (INDIA) LTD.,27.69,27.75,27.65,27.75,27.75,26.43,,27.75,,,474,13136.0,8,F1,1,,,,,
2025-08-07,2025-08-07,CM,BSE,STK,530741,INE812S01012,OVOBELE,XT,,,,,OVOBEL FOODS LTD.,130.85,130.85,130.85,130.85,130.85,137.7,,130.85,,,4519,591311.0,57,F1,1,,,,,
2025-08-07,2025-08-07,CM,BSE,STK,530745,INE366C01021,ACSTECH,XT,,,,,ACS TECHNOLOGIES LIMITED,23.47,23.93,23.01,23.01,23.01,23.47,,23.01,,,35360,818967.0,106,F1,1,,,,,
2025-08-07,2025-08-07,CM,BSE,STK,530747,INE807A01010,CHALLANI,X,,,,,CHALLANI CAPITAL LIMITED,26.01,31.9,26.01,28.38,27.85,26.81,,28.38,,,1210,35395.0,31,F1,1,,,,,
2025-08-07,2025-08-07,CM,BSE,STK,530755,INE715D01019,CORNE,X,,,,,CORAL NEWSPRINTS LTD.,11.0,11.0,9.52,10.75,10.75,11.0,,10.75,,,309,3267.0,16,F1,1,,,,,
2025-08-07,2025-08-07,CM,BSE,STK,530759,INE334A01023,STERTOOLS,B,,,,,STERLING TOOLS LTD.,319.75,323.8,305.1,313.2,313.2,317.65,,313.05,,,14046,4397310.0,719,F1,1,,,,,
2025-08-07,2025-08-07,CM,BSE,STK,530765,INE510B01018,AGARWAL,X,,,,,AGARWAL FORTUNE INDIA LIMITED,23.65,23.69,23.03,23.03,23.03,22.57,,23.03,,,1949,46097.0,12,F1,1,,,,,
2025-08-07,2025-08-07,CM,BSE,STK,530779,INE118C01018,DYNAMICP,XT,,,,,DYNAMIC PORTFOLIO MANAGEMENT &,21.94,21.94,21.0,21.0,21.0,21.94,,21.0,,,4,84.0,3,F1,1,,,,,
2025-08-07,2025-08-07,CM,BSE,STK,530789,INE358C01010,CEEJAY,X,,,,,CEEJAY FINANCE LTD.,203.0,205.8,203.0,205.8,205.8,197.9,,205.8,,,12,2458.0,4,F1,1,,,,,
2025-08-07,2025-08-07,CM,BSE,STK,530795,INE584D01019,SUNCITYSY,XT,,,,,SUNCITY SYNTHETICS LTD.,18.29,18.29,18.28,18.28,18.28,17.53,,18.28,,,64,1170.0,2,F1,1,,,,,
2025-08-07,2025-08-07,CM,BSE,STK,530797,INE400N01017,SHGANEL,X,,,,,SHREE GANESH ELASTOPLAST LTD.,23.1,23.1,23.1,23.1,23.1,23.8,,23.1,,,4,92.0,1,F1,1,,,,,
2025-08-07,2025-08-07,CM,BSE,STK,530799,INE336D01014,ANNAINFRA,XT,,,,,ANNA INFRASTRUCTURES LTD.,36.5,36.5,36.0,36.0,36.0,36.5,,36.0,,,23,833.0,6,F1,1,,,,,
2025-08-07,2025-08-07,CM,BSE,STK,530803,INE354C01027,BHAGERIA,B,,,,,Bhageria Industries Limited,177.65,179.15,172.35,177.85,177.05,178.65,,177.74,,,16113,2825154.0,260,F1,1,,,,,
2025-08-07,2025-08-07,CM,BSE,STK,530805,INE125F01032,OIVL,XT,,,,,ONESOURCE INDUSTRIES AND VENTU,5.31,5.31,5.31,5.31,5.31,5.21,,5.31,,,14772,78439.0,29,F1,1,,,,,
2025-08-07,2025-08-07,CM,BSE,STK,530809,INE355C01016,BNRUDY,XT,,,,,BNR UDYOG LTD.,53.0,54.94,53.0,53.0,53.0,53.0,,53.0,,,1068,56832.0,12,F1,1,,,,,
2025-08-07,2025-08-07,CM,BSE,STK,530813,INE001B01026,KRBL,A,,,,,KRBL LTD.,367.05,377.95,360.85,371.3,366.0,372.85,,371.85,,,14029,5190663.0,841,F1,1,,,,,
2025-08-07,2025-08-07,CM,BSE,STK,530821,INE838C01011,SSPDL,X,,,,,SSPDL LTD.,18.39,19.57,18.39,19.17,19.57,18.03,,19.17,,,264,5018.0,7,F1,1,,,,,
2025-08-07,2025-08-07,CM,BSE,STK,530825,INE789B01018,DAIKAFFI,X,,,,,DAIKAFFIL CHEMICALS INDIA LTD.,139.0,139.0,126.2,132.0,132.0,135.0,,132.0,,,485,63047.0,11,F1,1,,,,,
2025-08-07,2025-08-07,CM,BSE,STK,530829,INE830A01012,CILSEC,X,,,,,CIL SECURITIES LTD.,47.85,47.85,43.02,45.16,45.6,47.99,,45.16,,,1782,79937.0,35,F1,1,,,,,
2025-08-07,2025-08-07,CM,BSE,STK,530839,INE011B01017,CLIOINFO,XT,,,,,CLIO INFOTECH LTD.,7.33,7.33,7.33,7.33,7.33,6.99,,7.33,,,10726,78621.0,16,F1,1,,,,,
2025-08-07,2025-08-07,CM,BSE,STK,530843,INE509F01029,CUPID,B,,,,,CUPID LTD.,167.45,169.0,165.8,167.95,169.0,167.5,,167.95,,,463039,77605443.0,3361,F1,1,,,,,
2025-08-07,2025-08-07,CM,BSE,STK,530845,INE199E01014,SUNSHIEL,X,,,,,SUNSHIELD CHEMICALS LTD.,882.1,919.95,836.0,893.2,893.2,896.4,,893.2,,,4095,3614757.0,171,F1,1,,,,,
2025-08-07,2025-08-07,CM,BSE,STK,530871,INE995D01025,CHEMBOND,T,,,,,Chembond Material Technologies,170.3,181.0,170.3,175.0,175.0,177.05,,174.77,,,619,108151.0,54,F1,1,,,,,
2025-08-07,2025-08-07,CM,BSE,STK,530879,INE345H01024,CIFL,B,,,,,CAPITAL INDIA FINANCE LIMITED,33.8,34.4,32.6,33.28,33.01,33.74,,33.31,,,46873,1549217.0,300,F1,1,,,,,
2025-08-07,2025-08-07,CM,BSE,STK,530881,INE485K01022,ABVL,XT,,,,,Arunjyoti Bio Ventures Limited,6.44,6.49,6.22,6.22,6.22,6.54,,6.22,,,186729,1173326.0,105,F1,1,,,,,
2025-08-07,2025-08-07,CM,BSE,STK,530883,INE366G01022,SUCROSA,X,,,,,SUPER CROP SAFE LTD.,12.2,12.2,11.59,11.75,11.88,12.13,,11.75,,,24002,282627.0,115,F1,1,,,,,
2025-08-07,2025-08-07,CM,BSE,STK,530897,INE825C01018,NGIND,X,,,,,N.G.INDUSTRIES LTD.,155.0,155.8,153.0,155.45,155.8,152.95,,155.45,,,158,24556.0,22,F1,1,,,,,
2025-08-07,2025-08-07,CM,BSE,STK,530899,INE784M01016,ASIAPAK,X,,,,,ASIA PACK LTD.,69.64,69.64,66.16,66.16,66.16,69.64,,66.16,,,715,47478.0,10,F1,1,,,,,
2025-08-07,2025-08-07,CM,BSE,STK,530907,INE417F01017,SICAPIT,X,,,,,SI CAPITAL & FINANCIAL SERVICE,35.8,35.8,35.8,35.8,35.8,35.82,,35.8,,,100,3580.0,1,F1,1,,,,,
2025-08-07,2025-08-07,CM,BSE,STK,530909,INE308B01017,ERPSOFT,X,,,,,ERP SOFT SYSTEMS LTD.,97.95,105.2,97.95,105.2,105.2,103.1,,105.2,,,42,4406.0,5,F1,1,,,,,
2025-08-07,2025-08-07,CM,BSE,STK,530919,INE474C01023,REMSONSIND,B,,,,,REMSONS INDUSTRIES LTD.,120.85,120.85,113.15,115.75,119.1,122.4,,115.83,,,5630,657356.0,190,F1,1,,,,,
2025-08-07,2025-08-07,CM,BSE,STK,530925,INE609D01014,RAMSONS,XT,,,,,RAMSONS PROJECTS LTD.,82.32,82.32,80.68,80.68,80.68,82.32,,80.68,,,323,26166.0,7,F1,1,,,,,
2025-08-07,2025-08-07,CM,BSE,STK,530929,INE535P01015,EUROASIA,XT,,,,,EURO ASIA EXPORTS LTD.,295.0,295.0,295.0,295.0,295.0,289.25,,295.0,,,104,30680.0,2,F1,1,,,,,
2025-08-07,2025-08-07,CM,BSE,STK,530931,INE457D01018,STANPACK,X,,,,,STANPACKS (INDIA) LTD.,11.5,12.49,11.5,12.49,12.49,12.5,,12.49,,,352,4080.0,7,F1,1,,,,,
2025-08-07,2025-08-07,CM,BSE,STK,530943,INE416A01044,SABTNL,T,,,,,SRI ADHIKARI BROTHERS TELEVISI,1255.3,1255.3,1255.3,1255.3,1255.3,1195.55,,1256.2,,,259,325122.0,46,F1,1,,,,,
2025-08-07,2025-08-07,CM,BSE,STK,530951,INE357B01022,RAMINFO,XT,,,,,RAMINFO LIMITED,95.2,98.93,95.2,95.56,95.56,97.2,,95.56,,,4410,423961.0,94,F1,1,,,,,
2025-08-07,2025-08-07,CM,BSE,STK,530953,INE224D01012,SUNILAGR,X,,,,,SUNIL AGRO FOODS LTD.,93.99,94.0,93.99,93.99,93.99,93.99,,93.99,,,181,17012.0,7,F1,1,,,,,
2025-08-07,2025-08-07,CM,BSE,STK,530959,INE012E01035,DIANATEA,X,,,,,DIANA TEA CO.LTD.,29.51,30.4,29.51,30.13,30.13,30.21,,30.13,,,6934,208420.0,59,F1,1,,,,,
2025-08-07,2025-08-07,CM,BSE,STK,530961,INE806A01020,VIKASECO,B,,,,,Vikas EcoTech Limited,2.2,2.21,2.15,2.18,2.18,2.22,,2.17,,,1192057,2591000.0,928,F1,1,,,,,
2025-08-07,2025-08-07,CM,BSE,STK,530965,INE242A01010,IOC,A,,,,,INDIAN OIL CORPORATION LTD.,141.95,142.45,140.0,141.75,141.75,142.3,,141.67,,,907247,128008531.0,8299,F1,1,,,,,
2025-08-07,2025-08-07,CM,BSE,STK,530973,INE042C01010,ALFAICA,XT,,,,,ALFA ICA (INDIA) LTD.,95.0,95.0,94.95,94.95,94.95,91.11,,94.95,,,501,47594.0,6,F1,1,,,,,
2025-08-07,2025-08-07,CM,BSE,STK,530977,INE260E01014,SKCIL,X,,,,,Shri Keshav Cements and Infra,152.0,152.5,145.0,150.0,150.0,151.0,,150.0,,,57039,8553508.0,63,F1,1,,,,,
2025-08-07,2025-08-07,CM,BSE,STK,530979,INE274E01015,INDIAHOME,X,,,,,INDIA HOME LOAN LTD.,35.4,35.99,34.5,35.48,35.49,35.38,,35.48,,,3216,113018.0,38,F1,1,,,,,
2025-08-07,2025-08-07,CM,BSE,STK,530991,INE443C01010,ROOPAIND,X,,,,,ROOPA INDUSTRIES LTD.,54.3,57.9,52.55,53.2,52.8,54.3,,53.2,,,2731,145314.0,48,F1,1,,,,,
2025-08-07,2025-08-07,CM,BSE,STK,530997,INE333E01019,UNIQUEO,X,,,,,UNIQUE ORGANICS LTD.,128.0,128.0,121.3,123.0,123.0,124.45,,123.0,,,3039,372460.0,55,F1,1,,,,,
2025-08-07,2025-08-07,CM,BSE,STK,530999,INE050E01027,BALAMINES,A,,,,,BALAJI AMINES LTD.,1533.05,1541.7,1514.0,1535.65,1530.45,1551.45,,1537.5,,,2404,3665777.0,245,F1,1,,,,,
2025-08-07,2025-08-07,CM,BSE,STK,531015,INE154G01022,VENMAX,X,,,,,VENMAX DRUGS AND PHARMACEUTICA,29.5,29.5,26.11,28.7,28.0,27.0,,28.7,,,11397,320073.0,83,F1,1,,,,,
2025-08-07,2025-08-07,CM,BSE,STK,531017,INE190D01015,ARISE,X,,,,,ARIHANTS SECURITIES LTD.,25.9,25.9,22.4,23.01,23.01,24.6,,23.01,,,9650,225127.0,105,F1,1,,,,,
2025-08-07,2025-08-07,CM,BSE,STK,531025,INE309H01038,VISAGAR,X,,,,,VISAGAR FINANCIAL SERVICES LTD,0.5,0.51,0.49,0.5,0.5,0.5,,0.5,,,1582836,785007.0,562,F1,1,,,,,
2025-08-07,2025-08-07,CM,BSE,STK,531027,INE267E01019,LIBORD,X,,,,,LIBORD SECURITIES LTD.,19.0,19.0,19.0,19.0,19.0,19.0,,19.0,,,2,38.0,1,F1,1,,,,,
2025-08-07,2025-08-07,CM,BSE,STK,531035,INE432F01032,EBIX,T,,,,,ERAAYA LIFESPACES LIMITED,43.78,44.0,43.78,44.0,44.0,44.67,,44.0,,,36433,1595972.0,91,F1,1,,,,,
2025-08-07,2025-08-07,CM,BSE,STK,531041,INE823B01015,COMPEAU,X,,,,,COMPETENT AUTOMOBILES CO.LTD.,406.0,411.0,391.1,395.6,395.6,416.0,,395.6,,,1495,596429.0,88,F1,1,,,,,
2025-08-07,2025-08-07,CM,BSE,STK,531043,INE239F01015,ZDHJERK,X,,,,,DHANVANTRI JEEVAN REKHA LTD.,22.58,22.58,22.46,22.46,22.46,22.7,,22.46,,,600,13524.0,4,F1,1,,,,,
2025-08-07,2025-08-07,CM,BSE,STK,531049,INE741D01015,NEELKAN,Z,,,,,NEELKANTH ROCKMINERALS LTD.,17.1,17.1,17.1,17.1,17.1,18.0,,17.1,,,296,5061.0,9,F1,1,,,,,
2025-08-07,2025-08-07,CM,BSE,STK,531051,INE153C01015,VINTAGES,XT,,,,,VINTAGE SECURITIES LTD.,16.0,16.0,15.88,15.88,15.88,16.2,,15.88,,,1001,15896.0,3,F1,1,,,,,
2025-08-07,2025-08-07,CM,BSE,STK,531067,INE080G01029,CONTILI,X,,,,,CONTIL INDIA LTD.,28.5,28.5,27.5,27.69,28.0,28.67,,27.69,,,2226,62136.0,25,F1,1,,,,,
2025-08-07,2025-08-07,CM,BSE,STK,531069,INE362D01010,VIJSOLX,X,,,,,VIJAY SOLVEX LTD.,844.6,844.6,760.0,805.75,810.0,844.6,,805.75,,,754,611333.0,117,F1,1,,,,,
2025-08-07,2025-08-07,CM,BSE,STK,531080,INE997I01012,SHRIKRISH,X,,,,,SHRI KRISHNA DEVCON LTD.,37.81,37.81,36.7,36.7,36.7,37.81,,36.7,,,58,2171.0,6,F1,1,,,,,
2025-08-07,2025-08-07,CM,BSE,STK,531082,INE914E01040,ALANKIT,B,,,,,ALANKIT,14.14,15.18,14.14,14.9,14.73,14.95,,14.88,,,73003,1076001.0,483,F1,1,,,,,
2025-08-07,2025-08-07,CM,BSE,STK,531091,INE858C01027,UNITDCR,X,,,,,UNITED CREDIT LTD.,29.5,29.5,29.0,29.0,29.0,29.5,,29.0,,,61,1776.0,4,F1,1,,,,,
2025-08-07,2025-08-07,CM,BSE,STK,531092,INE239D01028,OMINFRAL,B,,,,,OM INFRA LIMITED,115.2,115.95,113.1,115.45,115.45,114.6,,115.32,,,15913,1833272.0,325,F1,1,,,,,
2025-08-07,2025-08-07,CM,BSE,STK,531099,INE396H01019,CHECKPOINT,XT,,,,,Checkpoint Trends Limited,44.56,44.56,44.56,44.56,44.56,43.69,,44.56,,,4700,209432.0,10,F1,1,,,,,
2025-08-07,2025-08-07,CM,BSE,STK,531109,INE561M01018,ISHANCH,T,,,,,Ishan Dyes and Chemicals Limit,58.8,58.8,55.03,58.8,58.8,56.0,,59.32,,,1385,80261.0,8,F1,1,,,,,
2025-08-07,2025-08-07,CM,BSE,STK,531111,INE538G01018,GOTHIPL,P,,,,,GOTHI PLASCON (INDIA) LTD.,42.52,46.0,42.52,46.0,46.0,44.05,,46.0,,,700,30222.0,4,F1,100,,,,,
2025-08-07,2025-08-07,CM,BSE,STK,531112,INE011E01029,BALUFORGE,T,,,,,BALU FORGE INDUSTRIES LIMITED,616.0,625.0,610.0,615.15,614.05,618.75,,615.55,,,7738,4780611.0,236,F1,1,,,,,
2025-08-07,2025-08-07,CM,BSE,STK,531119,INE418D01010,CEENIK,XT,,,,,CEENIK EXPORTS (INDIA) LTD.,380.5,382.4,380.5,382.4,382.4,388.25,,382.4,,,131,49853.0,18,F1,1,,,,,
2025-08-07,2025-08-07,CM,BSE,STK,531120,INE244B01030,PATELENG,A,,,,,PATEL ENGINEERING LTD.,36.4,36.4,35.81,36.12,36.2,36.47,,36.14,,,348600,12562034.0,1892,F1,1,,,,,
2025-08-07,2025-08-07,CM,BSE,STK,531126,INE237C01016,KATIPATANG,X,,,,,KATI PATANG LIFESTYLE LIMITED,18.75,22.75,18.75,19.6,19.6,20.75,,19.6,,,25054,518134.0,97,F1,1,,,,,
2025-08-07,2025-08-07,CM,BSE,STK,531129,INE635D01027,INANI,X,,,,,INANI MARBLES & INDUSTRIES LTD,18.39,18.4,18.39,18.39,18.39,17.91,,18.39,,,1296,23835.0,9,F1,1,,,,,
2025-08-07,2025-08-07,CM,BSE,STK,531137,INE503D01027,GEMSI,X,,,,,GEMSTONE INVESTMENTS LTD.,1.9,1.96,1.88,1.95,1.94,1.96,,1.95,,,76011,146354.0,230,F1,1,,,,,
2025-08-07,2025-08-07,CM,BSE,STK,531144,INE158F01017,ELFORGE,X,,,,,EL FORGE LTD.,22.6,23.0,22.29,22.41,22.4,22.28,,22.41,,,5860,132014.0,45,F1,1,,,,,
2025-08-07,2025-08-07,CM,BSE,STK,531146,INE646B01010,MEDICAMEQ,B,,,,,MEDICAMEN BIOTECH LTD.,375.4,375.4,362.95,374.1,374.3,378.6,,374.2,,,3517,1293299.0,283,F1,1,,,,,
2025-08-07,2025-08-07,CM,BSE,STK,531147,INE062D01024,ALICON,B,,,,,ALICON CASTALLOY LIMITED,834.1,876.05,813.7,866.6,866.6,841.25,,861.85,,,711,599589.0,114,F1,1,,,,,
2025-08-07,2025-08-07,CM,BSE,STK,531153,INE650C01036,DILIGENT,X,,,,,DILIGENT INDUSTRIES LTD.,2.61,2.75,2.4,2.5,2.53,2.65,,2.5,,,338303,893201.0,355,F1,1,,,,,
2025-08-07,2025-08-07,CM,BSE,STK,531156,INE883B01027,ALFAVIO,X,,,,,ALFAVISION OVERSEAS (INDIA) LT,8.44,8.83,8.4,8.52,8.43,8.83,,8.52,,,6964,58711.0,41,F1,1,,,,,
2025-08-07,2025-08-07,CM,BSE,STK,531157,INE412E01011,ORGCOAT,XT,,,,,ORGANIC COATINGS LTD.,16.63,16.63,16.63,16.63,16.63,16.71,,16.63,,,595,9894.0,1,F1,1,,,,,
2025-08-07,2025-08-07,CM,BSE,STK,531158,INE660B01011,CATVISION,X,,,,,CATVISION  LIMITED,21.12,22.14,21.12,21.13,21.13,21.12,,21.13,,,453,9770.0,6,F1,1,,,,,
2025-08-07,2025-08-07,CM,BSE,STK,531161,INE850B01026,ABMKNO,X,,,,,ABM KNOWLEDGEWARE LTD.,169.0,169.0,167.05,167.65,167.45,167.25,,167.65,,,3122,523323.0,44,F1,1,,,,,
2025-08-07,2025-08-07,CM,BSE,STK,531162,INE548C01032,EMAMILTD,A,,,,,EMAMI LTD.,595.85,595.9,579.9,582.1,584.25,598.95,,582.2,,,15407,9008142.0,1250,F1,1,,,,,
2025-08-07,2025-08-07,CM,BSE,STK,531163,INE971L01029,KEMISTAR,X,,,,,KEMISTAR CORPORATION LIMITED,57.01,64.99,57.01,63.45,63.45,57.28,,63.45,,,5311,332786.0,51,F1,1,,,,,
2025-08-07,2025-08-07,CM,BSE,STK,531169,INE709B01016,SKPSEC,X,,,,,SKP SECURITIES LTD.,127.1,127.1,119.95,123.8,124.0,126.5,,123.8,,,4719,576461.0,69,F1,1,,,,,
2025-08-07,2025-08-07,CM,BSE,STK,531173,INE121D01036,SYSCHEM,X,,,,,SYSCHEM (INDIA) LTD.,45.8,46.0,45.0,45.62,45.64,45.67,,45.62,,,29423,1333885.0,201,F1,1,,,,,
2025-08-07,2025-08-07,CM,BSE,STK,531176,INE186C01023,MEFCOMCAP,X,,,,,MEFCOM CAPITAL MARKETS LTD.,15.51,16.25,15.51,16.14,15.85,16.04,,16.14,,,6381,102030.0,50,F1,1,,,,,
2025-08-07,2025-08-07,CM,BSE,STK,531178,INE930A01010,HEMANG,X,,,,,HEMANG RESOURCES LIMITED,23.51,23.85,23.11,23.17,23.17,24.6,,23.17,,,175,4076.0,13,F1,1,,,,,
2025-08-07,2025-08-07,CM,BSE,STK,531179,INE109C01017,ARMANFIN,B,,,,,ARMAN FINANCIAL SERVICES LTD.,1549.95,1550.0,1493.9,1530.9,1516.2,1550.9,,1529.2,,,4457,6761877.0,849,F1,1,,,,,
2025-08-07,2025-08-07,CM,BSE,STK,531190,INE355H01015,TAVERNIER,XT,,,,,TAVERNIER RESOURCES LIMI,64.17,64.17,61.5,64.17,64.17,64.17,,64.17,,,1027,64963.0,15,F1,1,,,,,
2025-08-07,2025-08-07,CM,BSE,STK,531199,INE580D01017,GLANCE,X,,,,,GLANCE FINANCE LTD.,180.0,198.05,180.0,198.0,198.0,190.0,,198.0,,,1747,327139.0,13,F1,1,,,,,
2025-08-07,2025-08-07,CM,BSE,STK,531201,INE024F01011,SHILCTECH,B,,,,,SHILCHAR TECHNOLOGIES LTD.,5205.0,5247.95,5000.0,5146.05,5189.4,5284.5,,5146.05,,,28696,146835281.0,4874,F1,1,,,,,
2025-08-07,2025-08-07,CM,BSE,STK,531205,INE179O01031,SPRIGHT,X,,,,,SPRIGHT AGRO LIMITED,1.93,1.93,1.87,1.87,1.87,1.96,,1.87,,,4328304,8103827.0,2850,F1,1,,,,,
2025-08-07,2025-08-07,CM,BSE,STK,531209,INE096B01018,NUCLEUS,B,,,,,NUCLEUS SOFTWARE EXPORTS LTD.,1011.95,1027.9,988.25,1005.6,1005.6,996.1,,1004.8,,,3807,3846760.0,516,F1,1,,,,,
2025-08-07,2025-08-07,CM,BSE,STK,531210,INE923C01011,COLINZ,XT,,,,,COLINZ LABORATORIES LTD.,44.38,44.38,44.16,44.16,44.16,44.38,,44.16,,,130,5759.0,6,F1,1,,,,,
2025-08-07,2025-08-07,CM,BSE,STK,531212,INE606C01012,NLFL,X,,,,,NALIN LEASE FINANCE LTD.,50.67,54.0,50.0,52.85,53.7,51.97,,52.85,,,8694,440566.0,74,F1,1,,,,,
2025-08-07,2025-08-07,CM,BSE,STK,531213,INE522D01027,MANAPPURAM,A,,,,,Manappuram Finance Ltd,252.05,262.85,252.05,260.5,260.5,256.15,,260.9,,,187440,48065371.0,2970,F1,1,,,,,
2025-08-07,2025-08-07,CM,BSE,STK,531215,INE005C01017,RTSPOWR,X,,,,,RTS POWER CORPORATION LTD.,155.95,156.0,150.0,152.3,153.3,151.95,,152.3,,,5814,884568.0,95,F1,1,,,,,
2025-08-07,2025-08-07,CM,BSE,STK,531216,INE819A01049,COMFINTE,X,,,,,COMFORT INTECH LTD.,8.6,8.88,8.51,8.69,8.72,8.67,,8.69,,,428618,3750018.0,848,F1,1,,,,,
2025-08-07,2025-08-07,CM,BSE,STK,531221,INE262W01012,MAYURFL,XT,,,,,MAYUR FLOORINGS LTD.,15.96,15.96,15.88,15.88,15.88,15.96,,15.88,,,14,222.0,3,F1,1,,,,,
2025-08-07,2025-08-07,CM,BSE,STK,531223,INE364D01032,ANJANI,X,,,,,ANJANI SYNTHETICS LTD.,39.84,39.84,38.0,38.21,38.7,39.07,,38.21,,,19268,737741.0,106,F1,1,,,,,
2025-08-07,2025-08-07,CM,BSE,STK,531225,INE547B01028,XTGLOBAL,B,,,,,XTGLOBAL INFOTECH LIMITED,36.06,37.19,34.52,34.67,34.55,38.02,,34.65,,,24474,874213.0,563,F1,1,,,,,
2025-08-07,2025-08-07,CM,BSE,STK,531227,INE907E01010,DECOMIC,X,,,,,DECO-MICA LTD.,79.0,79.0,73.5,75.6,75.6,73.9,,75.6,,,1012,77564.0,18,F1,1,,,,,
2025-08-07,2025-08-07,CM,BSE,STK,531228,INE821D01031,RANDER,X,,,,,RANDER CORPORATION LTD.,11.76,11.76,11.76,11.76,11.76,11.76,,11.76,,,122,1434.0,5,F1,1,,,,,
2025-08-07,2025-08-07,CM,BSE,STK,531233,INE822D01021,RASIELEC,X,,,,,RASI ELECTRODES LTD.,18.0,18.69,18.0,18.36,18.13,18.16,,18.36,,,7457,136926.0,69,F1,1,,,,,
2025-08-07,2025-08-07,CM,BSE,STK,531234,INE962E01015,SCOOBEEDAY,X,,,,,SCOOBEE DAY GARMENTS (INDIA) L,103.65,107.0,103.65,106.85,107.0,107.45,,106.85,,,229,24431.0,7,F1,1,,,,,
2025-08-07,2025-08-07,CM,BSE,STK,531235,INE494D01011,CITIPOR,X,,,,,CITIPORT FINANCIAL SERVICES LT,22.81,22.81,22.81,22.81,22.81,21.73,,22.81,,,4,91.0,4,F1,1,,,,,
2025-08-07,2025-08-07,CM,BSE,STK,531237,INE972E01014,DHRUVCA,XT,,,,,DHRUVA CAPITAL SERVICES LTD.,157.7,157.7,157.7,157.7,157.7,157.7,,157.7,,,20119,3172766.0,7,F1,1,,,,,
2025-08-07,2025-08-07,CM,BSE,STK,531241,INE802B01027,LINC,T,,,,,LINC LIMITED,129.55,132.0,128.1,129.0,129.0,134.8,,128.97,,,4030,521545.0,89,F1,1,,,,,
2025-08-07,2025-08-07,CM,BSE,STK,531246,INE723N01012,PRIMAIN,X,,,,,PRIMA INDUSTRIES LTD.,19.0,19.0,18.39,18.4,18.39,19.35,,18.4,,,1328,24867.0,15,F1,1,,,,,
2025-08-07,2025-08-07,CM,BSE,STK,531253,INE342D01012,INDGELA,X,,,,,INDIA GELATINE & CHEMICALS LTD,341.0,353.95,341.0,349.2,351.1,347.1,,349.2,,,1077,376943.0,39,F1,1,,,,,
2025-08-07,2025-08-07,CM,BSE,STK,531254,INE031G01022,OPTIFIN,X,,,,,Optimus Finance Limited,27.59,27.59,24.01,24.24,24.14,27.3,,24.24,,,216602,5473403.0,1304,F1,1,,,,,
2025-08-07,2025-08-07,CM,BSE,STK,531255,INE015E01012,PARAGONF,XT,,,,,PARAGON FINANCE LTD.,54.5,57.0,54.5,54.8,57.0,54.5,,54.8,,,301,16434.0,8,F1,1,,,,,
2025-08-07,2025-08-07,CM,BSE,STK,531257,INE530D01012,PRATIKSH,X,,,,,PRATIKSHA CHEMICALS LTD.,21.25,21.3,20.01,20.89,20.9,20.29,,20.89,,,172219,3553723.0,73,F1,1,,,,,
2025-08-07,2025-08-07,CM,BSE,STK,531259,INE328F01016,ESHAMEDIA,XT,,,,,ESHA MEDIA RESEARCH LIMITED,21.99,21.99,21.99,21.99,21.99,20.95,,21.99,,,3772,82946.0,10,F1,1,,,,,
2025-08-07,2025-08-07,CM,BSE,STK,531260,INE332F01018,REFEXRENEW,XT,,,,,Refex Renewables & Infrastruct,698.9,714.0,666.0,674.0,666.0,698.9,,674.0,,,1908,1296604.0,95,F1,1,,,,,
2025-08-07,2025-08-07,CM,BSE,STK,531262,INE060N01019,EQUILATERA,X,,,,,EQUILATERAL ENTERPRISES LIMITE,21.89,24.17,21.89,22.24,22.24,23.03,,22.24,,,7302,164146.0,19,F1,1,,,,,
2025-08-07,2025-08-07,CM,BSE,STK,531266,INE764D01017,VSTTILLERS,B,,,,,V.S.T.TILLERS TRACTORS LTD.,4799.8,4799.8,4417.85,4478.25,4450.8,4541.65,,4461.7,,,689,3089201.0,183,F1,1,,,,,
2025-08-07,2025-08-07,CM,BSE,STK,531268,INE151B01011,B2BSOFT,X,,,,,B2B SOFTWARE TECHNOLOGIES LTD.,31.25,31.99,30.25,30.89,30.89,31.1,,30.89,,,4921,151387.0,79,F1,1,,,,,
2025-08-07,2025-08-07,CM,BSE,STK,531273,INE986B01044,RADHEDE,X,,,,,RADHE DEVELOPERS (INDIA) LTD.,2.61,2.99,2.52,2.79,2.79,2.61,,2.79,,,1753262,5058746.0,1041,F1,1,,,,,
2025-08-07,2025-08-07,CM,BSE,STK,531278,INE785D01012,ELIXIR,X,,,,,Elixir Capital Limited,112.6,115.8,112.6,115.0,115.0,114.2,,115.0,,,880,101582.0,23,F1,1,,,,,
2025-08-07,2025-08-07,CM,BSE,STK,531279,INE238C01022,TRISHAKT,X,,,,,Trishakti Industries Limited,174.05,182.0,171.35,173.95,173.05,174.05,,173.95,,,7945,1416659.0,182,F1,1,,,,,
2025-08-07,2025-08-07,CM,BSE,STK,531280,INE698B01011,PANKAJPO,X,,,,,PANKAJ POLYMERS LTD.,18.0,18.0,18.0,18.0,18.0,16.82,,18.0,,,2,36.0,1,F1,1,,,,,
2025-08-07,2025-08-07,CM,BSE,STK,531281,INE807H01023,MARBLE,XT,,,,,MARBLE CITY INDIA LIMITED,185.6,185.6,176.5,183.75,185.25,185.75,,183.75,,,1965,358187.0,32,F1,1,,,,,
2025-08-07,2025-08-07,CM,BSE,STK,531283,INE897D01015,CINDRELL,X,,,,,CINDRELLA FINANCIAL SERVICES L,12.0,12.6,12.0,12.6,12.6,12.0,,12.6,,,934,11738.0,4,F1,1,,,,,
2025-08-07,2025-08-07,CM,BSE,STK,531286,INE586D01014,ADHHATA,X,,,,,ADHATA GLOBAL LIMITED,45.0,45.0,44.0,44.18,45.0,43.9,,44.18,,,192,8535.0,9,F1,1,,,,,
2025-08-07,2025-08-07,CM,BSE,STK,531287,INE896D01017,NATPLASTI,X,,,,,NATIONAL PLASTIC TECHNOLOGIES,251.8,251.8,241.35,249.85,249.85,251.8,,249.85,,,421,103659.0,19,F1,1,,,,,
2025-08-07,2025-08-07,CM,BSE,STK,531288,INE531D01010,LEADFIN,XT,,,,,LEAD FINANCIAL SERVICES LTD.,16.81,16.81,16.81,16.81,16.81,16.01,,16.81,,,10,168.0,1,F1,1,,,,,
2025-08-07,2025-08-07,CM,BSE,STK,531289,INE643C01015,NATFIT,XT,,,,,NATIONAL FITTINGS LIMITED,182.25,182.25,175.2,178.8,179.0,183.15,,178.8,,,417,73770.0,18,F1,1,,,,,
2025-08-07,2025-08-07,CM,BSE,STK,531297,INE885B01014,ARTEFACT,X,,,,,ARTEFACT PROJECTS LTD.,77.1,78.5,74.5,75.45,75.49,77.1,,75.45,,,15947,1202879.0,91,F1,1,,,,,
2025-08-07,2025-08-07,CM,BSE,STK,531300,INE053D01015,AMITINT,Z,,,,,AMIT INTERNATIONAL LTD.,3.11,3.11,3.0,3.0,3.0,3.15,,3.0,,,5244,15758.0,3,F1,1,,,,,
2025-08-07,2025-08-07,CM,BSE,STK,531301,INE319M01011,HIGHSTREE,XT,,,,,HIGH STREET FILATEX LTD.,193.95,193.95,193.95,193.95,193.95,193.0,,193.95,,,11,2133.0,1,F1,1,,,,,
2025-08-07,2025-08-07,CM,BSE,STK,531304,INE960H01012,NUTECGLOB,XT,,,,,NUTECH GLOBAL LTD.,26.12,26.12,26.12,26.12,26.12,26.65,,26.12,,,75,1959.0,1,F1,1,,,,,
2025-08-07,2025-08-07,CM,BSE,STK,531306,INE590D01016,DHPIND,X,,,,,DHP INDIA LTD.,667.35,680.7,667.35,678.8,679.0,680.8,,678.8,,,192,129133.0,20,F1,1,,,,,
2025-08-07,2025-08-07,CM,BSE,STK,531307,INE951M01037,RRIL,X,,,,,RRIL LIMITED,16.2,16.2,15.5,16.01,16.05,16.15,,16.01,,,27724,441709.0,86,F1,1,,,,,
2025-08-07,2025-08-07,CM,BSE,STK,531310,INE325G01010,AVAILFC,X,,,,,AVAILABLE FINANCE LTD.,170.85,175.75,170.25,174.5,174.5,172.75,,174.5,,,4718,817950.0,91,F1,1,,,,,
2025-08-07,2025-08-07,CM,BSE,STK,531314,INE366H01012,INTCAPL,X,,,,,INTEGRA CAPITAL LIMITED,15.92,15.92,15.92,15.92,15.92,15.21,,15.92,,,3122,49702.0,12,F1,1,,,,,
2025-08-07,2025-08-07,CM,BSE,STK,531319,INE368C01019,MARUTISE,XT,,,,,MARUTI SECURITIES LTD.,38.47,38.47,35.4,38.47,38.47,36.64,,38.47,,,3826,145443.0,65,F1,1,,,,,
2025-08-07,2025-08-07,CM,BSE,STK,531322,INE293B01029,HAVISHA,T,,,,,SRI HAVISHA HOSPITALITY INFRAS,2.13,2.15,2.05,2.05,2.05,2.11,,2.12,,,2543,5293.0,19,F1,1,,,,,
2025-08-07,2025-08-07,CM,BSE,STK,531328,INE128R01023,KRETTOSYS,XT,,,,,KRETTO SYSCON LIMITED,1.88,1.89,1.8,1.81,1.81,1.89,,1.81,,,6920961,12530754.0,950,F1,1,,,,,
2025-08-07,2025-08-07,CM,BSE,STK,531334,INE186E01011,VIKALPS,X,,,,,VIKALP SECURITIES LTD.,34.16,34.16,32.62,32.62,32.62,34.33,,32.62,,,451,14887.0,4,F1,1,,,,,
2025-08-07,2025-08-07,CM,BSE,STK,531335,INE768C01010,ZYDUSWELL,A,,,,,ZYDUS WELLNESS LTD.,1945.0,1950.8,1923.55,1932.4,1927.0,1957.25,,1931.7,,,1382,2675335.0,234,F1,1,,,,,
2025-08-07,2025-08-07,CM,BSE,STK,531340,INE348I01018,BERVINL,XT,,,,,BERVIN INVESTMENT & LEASING LT,55.9,55.9,55.9,55.9,55.9,55.95,,55.9,,,5,279.0,1,F1,1,,,,,
2025-08-07,2025-08-07,CM,BSE,STK,531341,INE373D01017,GUJINV,X,,,,,GUJARAT INVESTA LTD.,13.25,13.8,13.25,13.75,13.8,13.25,,13.75,,,577,7880.0,11,F1,1,,,,,
2025-08-07,2025-08-07,CM,BSE,STK,531344,INE111A01025,CONCOR,A,,,,,CONTAINER CORPORATION OF INDIA,549.7,556.35,529.6,552.95,552.95,554.65,,553.6,,,103963,56165978.0,3921,F1,1,,,,,
2025-08-07,2025-08-07,CM,BSE,STK,531346,INE500D01015,EASTRED,X,,,,,EASTERN TREADS LTD.,32.95,35.9,32.9,34.0,34.0,32.95,,34.0,,,1010,35721.0,7,F1,1,,,,,
2025-08-07,2025-08-07,CM,BSE,STK,531349,INE922B01023,PANACEABIO,B,,,,,PANACEA BIOTEC LTD.,402.05,412.0,400.55,411.35,411.35,403.85,,410.7,,,8896,3626553.0,580,F1,1,,,,,
2025-08-07,2025-08-07,CM,BSE,STK,531352,INE328D01011,PEETISEC,X,,,,,PEETI SECURITIES LTD.,21.75,21.75,20.8,20.8,20.8,21.75,,20.8,,,295,6186.0,9,F1,1,,,,,
2025-08-07,2025-08-07,CM,BSE,STK,531357,INE763M01028,MERCURYEV,B,,,,,MERCURY EV-TECH LIMITED,48.54,51.0,46.81,50.37,50.37,48.55,,50.37,,,321953,15635986.0,1676,F1,1,,,,,
2025-08-07,2025-08-07,CM,BSE,STK,531358,INE102B01014,CHOICEIN,A,,,,,CHOICE INTERNATIONAL LTD.,739.65,743.95,730.0,739.8,739.8,739.5,,739.5,,,56685,41761756.0,882,F1,1,,,,,
2025-08-07,2025-08-07,CM,BSE,STK,531359,INE777G01012,SRAMSET,XT,,,,,SHRIRAM ASSET MANAGEMENT CO.LT,490.1,519.7,490.1,519.0,519.0,510.5,,519.0,,,841,435125.0,32,F1,1,,,,,
2025-08-07,2025-08-07,CM,BSE,STK,531360,INE427D01011,GOLECHA,X,,,,,GOLECHHA GLOBAL FINANCE LTD.,19.75,20.25,19.0,19.05,19.05,19.75,,19.05,,,821,15830.0,21,F1,1,,,,,
2025-08-07,2025-08-07,CM,BSE,STK,531364,INE005E01013,EKANSH,XT,,,,,Ekansh Concepts Limited,262.95,262.95,262.95,262.95,262.95,268.3,,262.95,,,3465,911121.0,15,F1,1,,,,,
2025-08-07,2025-08-07,CM,BSE,STK,531370,INE960B01015,SPAR,XT,,,,,SPARC ELECTREX LIMITED,5.97,5.97,5.88,5.88,5.88,5.99,,5.88,,,4587,26997.0,34,F1,1,,,,,
2025-08-07,2025-08-07,CM,BSE,STK,531373,INE319B01014,BYKE,T,,,,,THE BYKE HOSPITALITY LTD.,76.0,76.0,73.97,74.96,74.96,74.46,,74.96,,,824,61195.0,16,F1,1,,,,,
2025-08-07,2025-08-07,CM,BSE,STK,531381,INE413D01011,ARIHANT,XT,,,,,ARIHANT FOUNDATIONS & HOUSING,1233.85,1233.85,1233.85,1233.85,1233.85,1175.1,,1233.85,,,1463,1805122.0,37,F1,1,,,,,
2025-08-07,2025-08-07,CM,BSE,STK,531387,INE671D01014,HASTIFIN,X,,,,,HASTI FINANCE LTD.,7.82,7.83,7.82,7.83,7.83,7.68,,7.83,,,7628,59701.0,11,F1,1,,,,,
2025-08-07,2025-08-07,CM,BSE,STK,531390,INE890B01014,UPSURGE,XT,,,,,UPSURGE INVESTMENT & FINANCE L,100.35,102.0,99.1,100.8,101.0,100.35,,100.8,,,35846,3596222.0,96,F1,1,,,,,
2025-08-07,2025-08-07,CM,BSE,STK,531395,INE448D01025,PADAMCO,XT,,,,,PADAM COTTON YARNS LTD.,8.27,8.27,8.27,8.27,8.27,8.11,,8.27,,,1028038,8501874.0,1043,F1,1,,,,,
2025-08-07,2025-08-07,CM,BSE,STK,531396,INE905B01010,WOMENNET,XT,,,,,WOMEN NETWORKS LTD.,12.29,12.29,12.29,12.29,12.29,12.05,,12.29,,,476,5850.0,4,F1,1,,,,,
2025-08-07,2025-08-07,CM,BSE,STK,531398,INE679C01027,SOURCENTRL,X,,,,,SOURCE NATURAL FOODS & HERBAL,141.2,149.95,135.35,143.35,143.45,141.2,,143.35,,,819,117913.0,26,F1,1,,,,,
2025-08-07,2025-08-07,CM,BSE,STK,531399,INE493B01017,GGAUTO,X,,,,,G.G.AUTOMOTIVE GEARS LTD.,281.3,291.5,281.3,286.0,289.2,287.2,,286.0,,,8380,2402003.0,261,F1,1,,,,,
2025-08-07,2025-08-07,CM,BSE,STK,531400,INE326B01035,ALMONDZ,B,,,,,ALMONDZ GLOBAL SECURITIES LTD.,21.61,21.63,20.87,21.0,21.0,21.53,,21.02,,,41273,867139.0,191,F1,1,,,,,
2025-08-07,2025-08-07,CM,BSE,STK,531402,INE281M01013,LWSKNIT,X,,,,,LWS KNITWEAR LTD.,18.6,19.0,18.4,18.99,18.99,18.6,,18.99,,,7771,146615.0,24,F1,1,,,,,
2025-08-07,2025-08-07,CM,BSE,STK,531411,INE560D01027,TUNITEX,X,,,,,TUNI TEXTILE MILLS LTD.,1.4,1.44,1.38,1.39,1.39,1.4,,1.39,,,211290,297203.0,173,F1,1,,,,,
2025-08-07,2025-08-07,CM,BSE,STK,531412,INE576N01014,RADIXIND,XT,,,,,RADIX INDUSTRIES (INDIA) LIMIT,189.0,189.0,185.0,185.0,185.0,185.25,,185.0,,,46,8536.0,4,F1,1,,,,,
2025-08-07,2025-08-07,CM,BSE,STK,531416,INE603F01012,NARPROP,X,,,,,NARENDRA PROPERTIES LTD.,42.5,45.0,41.99,41.99,41.99,42.49,,41.99,,,433,18999.0,18,F1,1,,,,,
2025-08-07,2025-08-07,CM,BSE,STK,531417,INE804B01023,MEGACOR,XT,,,,,MEGA CORPORATION LTD.,2.51,2.51,2.46,2.46,2.46,2.51,,2.46,,,46294,114039.0,66,F1,1,,,,,
2025-08-07,2025-08-07,CM,BSE,STK,531426,INE107A01015,TNPL,B,,,,,TAMIL NADU NEWSPRINT & PAPERS,161.1,161.1,154.15,159.35,158.85,160.6,,159.22,,,8306,1298230.0,294,F1,1,,,,,
2025-08-07,2025-08-07,CM,BSE,STK,531431,INE908D01010,SHAKTIPUMP,A,,,,,SHAKTI PUMPS (INDIA) LTD.,780.0,905.25,775.4,872.5,872.5,787.5,,871.6,,,470929,399858690.0,17857,F1,1,,,,,
2025-08-07,2025-08-07,CM,BSE,STK,531432,INE07P301011,SYTIXSE,XT,,,,,SYSTEMATIX SECURITIES LTD.,9.99,9.99,9.1,9.1,9.1,9.52,,9.1,,,850,7735.0,2,F1,1,,,,,
2025-08-07,2025-08-07,CM,BSE,STK,531436,INE474D01013,SAFFRON,XT,,,,,SAFFRON INDUSTRIES LIMITED,24.76,24.76,24.76,24.76,24.76,24.28,,24.76,,,2413,59745.0,13,F1,1,,,,,
2025-08-07,2025-08-07,CM,BSE,STK,531437,INE523I01016,PWASML,X,,,,,Prakash Woollen & Synthetic Mi,27.45,28.0,26.5,27.4,27.4,27.17,,27.4,,,698,19163.0,32,F1,1,,,,,
2025-08-07,2025-08-07,CM,BSE,STK,531439,INE805A01014,GOLDTECH,B,,,,,AION-TECH SOLUTIONS LIMITED,72.39,73.45,70.0,71.12,72.4,73.11,,71.25,,,15299,1087442.0,274,F1,1,,,,,
2025-08-07,2025-08-07,CM,BSE,STK,531441,INE100F01019,LYONSCO,XT,,,,,LYONS CORPORATE MARKET LTD.,23.22,23.22,23.22,23.22,23.22,22.77,,23.22,,,947,21989.0,5,F1,1,,,,,
2025-08-07,2025-08-07,CM,BSE,STK,531444,INE115C01014,VARDHMAN,XT,,,,,VARDHMAN CONCRETE LIMITED,10.89,10.89,10.89,10.89,10.89,10.89,,10.89,,,77,838.0,5,F1,1,,,,,
2025-08-07,2025-08-07,CM,BSE,STK,531449,INE192H01020,GRMOVER,B,,,,,GRM OVERSEAS LTD.,360.0,360.0,342.35,350.85,350.85,360.85,,350.4,,,69779,24575357.0,1132,F1,1,,,,,
2025-08-07,2025-08-07,CM,BSE,STK,531453,INE954E01012,MOHITIND,B,,,,,MOHIT INDUSTRIES LTD.,33.2,33.2,30.89,31.99,31.99,32.12,,31.3,,,2598,82580.0,27,F1,1,,,,,
2025-08-07,2025-08-07,CM,BSE,STK,531454,INE323D01020,POLYLINK,X,,,,,POLYLINK POLYMERS (INDIA) LTD.,25.49,25.7,24.75,25.33,25.3,24.75,,25.33,,,5325,135376.0,42,F1,1,,,,,
2025-08-07,2025-08-07,CM,BSE,STK,531456,INE952C01028,MINAXI,X,,,,,MINAXI TEXTILES LTD.,1.76,1.89,1.76,1.89,1.89,1.75,,1.89,,,6548,12186.0,20,F1,1,,,,,
2025-08-07,2025-08-07,CM,BSE,STK,531458,INE109B01019,BOSTONBIO,XT,,,,,BOSTON BIO SYSTEMS LTD.,7.5,7.84,7.13,7.84,7.84,7.5,,7.84,,,1804,13552.0,14,F1,1,,,,,
2025-08-07,2025-08-07,CM,BSE,STK,531460,INE545B01022,CONTICON,X,,,,,CONTINENTAL CONTROLS LTD.,9.4,9.4,8.51,8.51,8.51,9.43,,8.51,,,1203,10866.0,9,F1,1,,,,,
2025-08-07,2025-08-07,CM,BSE,STK,531465,INE317B01042,NOUVEAU,X,,,,,NOUVEAU GLOBAL VENTURES LTD.,0.49,0.49,0.49,0.49,0.49,0.49,,0.49,,,52148,25552.0,27,F1,1,,,,,
2025-08-07,2025-08-07,CM,BSE,STK,531471,INE397G01019,DUKEOFS,X,,,,,DUKE OFFSHORE LTD.,16.68,16.93,15.59,15.96,15.97,16.52,,15.96,,,2280,35999.0,39,F1,1,,,,,
2025-08-07,2025-08-07,CM,BSE,STK,531472,INE183D01010,CYBELEIND,X,,,,,CYBELE INDUSTRIES LTD.,20.25,21.4,20.25,20.88,21.4,19.72,,20.88,,,12,249.0,3,F1,1,,,,,
2025-08-07,2025-08-07,CM,BSE,STK,531486,INE600B01033,FILME,XT,,,,,FILMCITY MEDIA LTD.,2.09,2.19,2.09,2.19,2.19,2.09,,2.19,,,12031,26227.0,17,F1,1,,,,,
2025-08-07,2025-08-07,CM,BSE,STK,531489,INE084D01010,CGVAK,X,,,,,CG-VAK SOFTWARE & EXPORTS LTD.,242.0,247.75,233.0,238.75,238.6,247.15,,238.75,,,2371,567872.0,126,F1,1,,,,,
2025-08-07,2025-08-07,CM,BSE,STK,531494,INE268H01044,NAVKARURB,T,,,,,NAVKAR URBANSTRUCTURE LIMITED,2.28,2.3,2.28,2.3,2.3,2.32,,2.3,,,139692,319211.0,40,F1,1,,,,,
2025-08-07,2025-08-07,CM,BSE,STK,531495,INE472B01011,BLUECOAST,T,,,,,BLUE COAST HOTELS LTD.,61.26,67.6,61.18,67.6,67.6,64.39,,67.6,,,32838,2117693.0,251,F1,1,,,,,
2025-08-07,2025-08-07,CM,BSE,STK,531497,INE378D01032,MADHUCON,T,,,,,MADHUCON PROJECTS LTD.,6.93,6.93,6.93,6.93,6.93,6.62,,6.7,,,1,6.0,1,F1,1,,,,,
2025-08-07,2025-08-07,CM,BSE,STK,531499,INE080D01042,SYBLY,XT,,,,,SYBLY INDUSTRIES LTD.,1.84,1.9,1.84,1.89,1.89,1.87,,1.89,,,28619,54077.0,16,F1,1,,,,,
2025-08-07,2025-08-07,CM,BSE,STK,531500,INE343B01030,RAJESHEXPO,A,,,,,RAJESH EXPORTS LTD.,179.75,183.25,177.15,180.35,181.0,180.95,,180.21,,,46741,8398652.0,1288,F1,1,,,,,
2025-08-07,2025-08-07,CM,BSE,STK,531502,INE404L01039,ESARIND,X,,,,,ESAAR (INDIA) LTD.,18.4,18.49,18.39,18.49,18.49,18.13,,18.49,,,53123,981379.0,163,F1,1,,,,,
2025-08-07,2025-08-07,CM,BSE,STK,531503,INE866D01010,MARIS,X,,,,,MARIS SPINNERS LTD.,37.5,37.5,36.15,37.0,37.0,36.93,,37.0,,,127,4625.0,6,F1,1,,,,,
2025-08-07,2025-08-07,CM,BSE,STK,531505,INE628F01019,INDERGR,XT,,,,,INDERGIRI FINANCE LTD.,20.25,20.25,20.25,20.25,20.25,21.31,,20.25,,,96,1944.0,3,F1,1,,,,,
2025-08-07,2025-08-07,CM,BSE,STK,531506,INE561E01015,SKRABUL,XT,,,,,SHUKRA BULLIONS LTD.,24.78,25.27,24.78,25.27,25.27,24.78,,25.27,,,10,248.0,3,F1,1,,,,,
2025-08-07,2025-08-07,CM,BSE,STK,531508,INE128A01029,EVEREADY,B,,,,,EVEREADY INDUSTRIES INDIA LTD.,412.65,418.3,404.0,413.85,411.25,415.3,,413.0,,,16840,6915730.0,744,F1,1,,,,,
2025-08-07,2025-08-07,CM,BSE,STK,531509,INE623D01015,STEP2COR,X,,,,,STEP TWO CORPORATION LTD.,37.4,37.4,37.4,37.4,37.4,37.53,,37.4,,,100,3740.0,1,F1,1,,,,,
2025-08-07,2025-08-07,CM,BSE,STK,531512,INE681D01039,ORIENTTR,X,,,,,ORIENT TRADELINK LTD.,21.99,22.98,20.0,21.91,21.98,21.27,,21.91,,,345066,7693747.0,484,F1,1,,,,,
2025-08-07,2025-08-07,CM,BSE,STK,531518,INE767B01022,VIKASPROP,Z,,,,,VIKAS PROPPANT & GRANITE LTD.,0.39,0.39,0.38,0.38,0.38,0.39,,0.38,,,165157,63736.0,71,F1,1,,,,,
2025-08-07,2025-08-07,CM,BSE,STK,531521,INE971E01016,DESHRAK,P,,,,,DESH RAKSHAK AUSHDHALAYA LTD.,89.56,89.56,89.56,89.56,89.56,91.38,,89.56,,,100,8956.0,1,F1,100,,,,,
2025-08-07,2025-08-07,CM,BSE,STK,531525,INE849B01010,ACESOFT,X,,,,,ACE SOFTWARE EXPORTS LTD.,256.95,285.0,245.0,253.4,253.4,253.35,,253.4,,,81119,20810500.0,461,F1,1,,,,,
2025-08-07,2025-08-07,CM,BSE,STK,531529,INE562E01021,SOFTRAKV,XT,,,,,SOFTRAK VENTURE INVESTMENT LTD,2.18,2.18,2.18,2.18,2.18,2.22,,2.18,,,39895,86971.0,42,F1,1,,,,,
2025-08-07,2025-08-07,CM,BSE,STK,531531,INE473B01035,HATSUN,A,,,,,HATSUN AGRO PRODUCT LTD.,888.0,903.55,888.0,897.8,903.55,889.35,,895.1,,,1369,1227263.0,88,F1,1,,,,,
2025-08-07,2025-08-07,CM,BSE,STK,531537,INE681K01026,MIZVEN,XT,,,,,MIZZEN VENTURES LIMITED,270.0,274.1,249.1,273.1,274.1,261.1,,273.1,,,1385,377591.0,34,F1,1,,,,,
2025-08-07,2025-08-07,CM,BSE,STK,531539,INE864D01015,RISHDIGA,X,,,,,RISHABH DIGHA STEEL & ALLIED P,38.85,38.85,33.2,34.98,34.99,37.01,,34.98,,,688,23527.0,34,F1,1,,,,,
2025-08-07,2025-08-07,CM,BSE,STK,531540,INE392G01028,MAINFRA,X,,,,,MARUTI INFRASTRUCTURE LTD.,14.09,14.17,13.67,13.96,13.93,13.83,,13.96,,,19535,271900.0,123,F1,1,,,,,
2025-08-07,2025-08-07,CM,BSE,STK,531541,INE881A01015,KOBO,Z,,,,,KOBO BIOTECH LIMITED,2.54,2.64,2.52,2.55,2.55,2.52,,2.55,,,1577,4019.0,13,F1,1,,,,,
2025-08-07,2025-08-07,CM,BSE,STK,531543,INE247D01039,JINDWORLD,B,,,,,JINDAL WORLDWIDE LTD.,37.19,37.19,35.18,35.74,35.74,37.25,,35.73,,,240074,8593693.0,1320,F1,1,,,,,
2025-08-07,2025-08-07,CM,BSE,STK,531548,INE355A01028,SOMANYCERA,B,,,,,SOMANY CERAMICS LTD.,531.0,531.0,507.35,513.95,515.5,519.35,,513.1,,,1375,706839.0,198,F1,1,,,,,
2025-08-07,2025-08-07,CM,BSE,STK,531550,INE865D01012,JHACC,XT,,,,,JHAVERI CREDITS & CAPITAL LTD.,267.5,267.5,257.0,257.0,257.0,267.5,,257.0,,,958,247271.0,27,F1,1,,,,,
2025-08-07,2025-08-07,CM,BSE,STK,531552,INE754B01012,RAGHUTOB,X,,,,,RAGHUNATH TOBACCO CO.LTD.,19.5,20.0,18.63,19.51,19.0,19.3,,19.51,,,1918,37350.0,46,F1,1,,,,,
2025-08-07,2025-08-07,CM,BSE,STK,531553,INE193D01019,DRL,X,,,,,DISHA RESOURCES LIMITED,18.78,18.78,16.9,17.27,16.9,16.68,,17.27,,,380,6723.0,23,F1,1,,,,,
2025-08-07,2025-08-07,CM,BSE,STK,531556,INE558D01021,CORALFINAC,B,,,,,CORAL INDIA FINANCE & HOUSING,44.05,44.33,43.69,43.94,43.93,44.67,,44.28,,,1118,49281.0,47,F1,1,,,,,
2025-08-07,2025-08-07,CM,BSE,STK,531557,INE137E01014,AMITSEC,XT,,,,,AMIT SECURITIES LTD.,29.19,29.19,29.19,29.19,29.19,28.62,,29.19,,,1,29.0,1,F1,1,,,,,
2025-08-07,2025-08-07,CM,BSE,STK,531568,INE723K01018,ASHUTPM,XT,,,,,ASHUTOSH PAPER MILLS LTD.,7.65,7.92,7.64,7.92,7.92,7.58,,7.92,,,174,1340.0,13,F1,1,,,,,
2025-08-07,2025-08-07,CM,BSE,STK,531569,INE860D01013,SANJIVIN,X,,,,,SANJIVANI PARANTERAL LTD.,220.0,223.0,214.55,217.4,217.25,214.65,,217.4,,,3500,765326.0,79,F1,1,,,,,
2025-08-07,2025-08-07,CM,BSE,STK,531574,INE192C01013,VASINFRA,XT,,,,,VAS INFRASTRUCTURE LTD.,14.01,14.01,12.7,13.94,14.01,13.35,,13.94,,,237038,3317778.0,152,F1,1,,,,,
2025-08-07,2025-08-07,CM,BSE,STK,531578,INE580H01026,KMFBLDR,X,,,,,KMF BUILDERS & DEVELOPERS LTD.,9.15,9.15,8.5,8.73,8.99,9.15,,8.73,,,403,3545.0,16,F1,1,,,,,
2025-08-07,2025-08-07,CM,BSE,STK,531582,INE508J01015,BERYLSE,X,,,,,BERYL SECURITIES LTD.,29.9,29.92,28.5,29.92,29.92,28.5,,29.92,,,81,2356.0,5,F1,1,,,,,
2025-08-07,2025-08-07,CM,BSE,STK,531583,INE483D01014,RAP,XT,,,,,RAP CORP LIMITED,26.55,26.55,26.42,26.42,26.42,26.03,,26.42,,,1727,45715.0,6,F1,1,,,,,
2025-08-07,2025-08-07,CM,BSE,STK,531585,INE455C01014,DEVINE,X,,,,,DEVINE IMPEX LTD.,8.7,8.7,8.7,8.7,8.7,8.7,,8.7,,,190,1653.0,2,F1,1,,,,,
2025-08-07,2025-08-07,CM,BSE,STK,531591,INE802A01037,BAMPSL,X,,,,,BAMPSL SECURITIES LTD.,18.51,18.51,17.5,18.05,18.05,18.85,,18.05,,,30788,553362.0,60,F1,1,,,,,
2025-08-07,2025-08-07,CM,BSE,STK,531592,INE861N01036,GENPHARMA,X,,,,,GENPHARMASEC LIMITED,2.01,2.01,1.94,1.97,1.97,1.99,,1.97,,,424752,837492.0,388,F1,1,,,,,
2025-08-07,2025-08-07,CM,BSE,STK,531594,INE507D01010,INCON,X,,,,,INCON ENGINEERS LTD.,13.0,13.0,13.0,13.0,13.0,12.39,,13.0,,,734,9542.0,7,F1,1,,,,,
2025-08-07,2025-08-07,CM,BSE,STK,531595,INE180C01042,CGCL,A,,,,,CAPRI GLOBAL CAPITAL LIMITED,184.15,188.55,181.9,187.85,188.15,186.95,,187.88,,,127058,23593747.0,1572,F1,1,,,,,
2025-08-07,2025-08-07,CM,BSE,STK,531599,INE258B01022,FDC,A,,,,,FDC LTD.,475.15,491.1,463.05,478.35,478.35,475.15,,477.0,,,13946,6621430.0,721,F1,1,,,,,
2025-08-07,2025-08-07,CM,BSE,STK,531600,INE832C01014,GOGIACAPGL,X,,,,,GOGIA CAPITAL GROWTH LIMITED,69.12,69.12,65.67,65.67,65.67,69.12,,65.67,,,95,6524.0,5,F1,1,,,,,
2025-08-07,2025-08-07,CM,BSE,STK,531608,INE792J01015,GORANIN,X,,,,,GORANI INDUSTRIES LTD.,68.34,68.34,68.34,68.34,68.34,68.34,,68.34,,,16,1093.0,3,F1,1,,,,,
2025-08-07,2025-08-07,CM,BSE,STK,531609,INE902G01016,KGPETRO,X,,,,,KG PETROCHEM LTD.,276.0,276.0,263.0,273.4,263.0,259.85,,273.4,,,20,5468.0,3,F1,1,,,,,
2025-08-07,2025-08-07,CM,BSE,STK,531613,INE100C01024,MAL,XT,,,,,Meyer Apparel Limited,2.73,2.73,2.73,2.73,2.73,2.87,,2.73,,,9500,25935.0,43,F1,1,,,,,
2025-08-07,2025-08-07,CM,BSE,STK,531624,INE695B01025,COUNCODOS,B,,,,,COUNTRY CONDOS LTD.,7.05,7.05,6.81,6.82,6.85,6.99,,6.83,,,16361,112447.0,117,F1,1,,,,,
2025-08-07,2025-08-07,CM,BSE,STK,531626,INE628B01034,OROSMITHS,X,,,,,OROSIL SMITHS INDIA LTD.,4.35,4.56,4.35,4.45,4.45,4.52,,4.45,,,60035,268106.0,33,F1,1,,,,,
2025-08-07,2025-08-07,CM,BSE,STK,531633,INE405C01035,LINCOLN,B,,,,,LINCOLN PHARMACEUTICALS LTD.,530.0,624.8,522.8,604.1,604.1,531.85,,601.5,,,703278,422834870.0,18764,F1,1,,,,,
2025-08-07,2025-08-07,CM,BSE,STK,531635,INE870J01019,SILVOAK,XT,,,,,SILVER OAK (INDIA) LTD.,143.0,147.3,141.4,147.3,147.3,148.8,,147.3,,,1134,162997.0,43,F1,1,,,,,
2025-08-07,2025-08-07,CM,BSE,STK,531637,INE722B01019,PRAVEG,B,,,,,PRAVEG LIMITED,445.55,461.8,440.0,456.2,448.0,445.55,,456.2,,,34226,15428794.0,726,F1,1,,,,,
2025-08-07,2025-08-07,CM,BSE,STK,531638,INE713C01016,SURAJLTD,B,,,,,SURAJ LTD.,337.85,338.55,334.8,335.0,335.0,339.45,,336.05,,,18,6055.0,7,F1,1,,,,,
2025-08-07,2025-08-07,CM,BSE,STK,531642,INE196A01026,MARICO,A,,,,,MARICO LTD.,710.05,719.5,707.2,717.85,717.85,715.45,,718.5,,,34543,24667020.0,1319,F1,1,,,,,
2025-08-07,2025-08-07,CM,BSE,STK,531644,INE546D01018,TOKYOFIN,X,,,,,TOKYO FINANCE LTD.,24.5,25.93,24.0,24.76,25.5,26.46,,24.76,,,1381,33606.0,17,F1,1,,,,,
2025-08-07,2025-08-07,CM,BSE,STK,531651,INE654H01011,NATGENI,X,,,,,NATIONAL GENERAL INDUSTRIES LT,51.0,51.0,51.0,51.0,51.0,50.29,,51.0,,,21,1071.0,3,F1,1,,,,,
2025-08-07,2025-08-07,CM,BSE,STK,531652,INE528C01018,UVS,X,,,,,UVS HOSPITALITY AND SERVICES L,136.35,139.95,131.0,136.1,137.4,135.05,,136.1,,,2935,401565.0,61,F1,1,,,,,
2025-08-07,2025-08-07,CM,BSE,STK,531658,INE454E01013,ABATEAS,XT,,,,,ABATE AS INDUSTRIES LIMITED,24.37,24.37,24.37,24.37,24.37,24.86,,24.37,,,2989,72841.0,30,F1,1,,,,,
2025-08-07,2025-08-07,CM,BSE,STK,531661,INE863C01019,HITTCO,X,,,,,HITTCO TOOLS LTD.,14.55,14.9,14.34,14.65,14.65,14.99,,14.65,,,4846,69756.0,18,F1,1,,,,,
2025-08-07,2025-08-07,CM,BSE,STK,531663,INE139D01020,YUVRAAJHPL,XT,,,,,YUVRAAJ HYGIENE PRODUCTS LTD.,13.1,13.79,12.9,13.79,13.79,13.14,,13.79,,,252152,3408039.0,237,F1,1,,,,,
2025-08-07,2025-08-07,CM,BSE,STK,531667,INE117K01013,RRMETAL,X,,,,,RR METALMAKERS INDIA LIMITED,32.0,34.85,31.7,34.85,34.85,34.57,,34.85,,,1203,41272.0,48,F1,1,,,,,
2025-08-07,2025-08-07,CM,BSE,STK,531668,INE661D01015,VISIONCO,XT,,,,,VISION CORPORATION LTD.,3.13,3.15,2.93,3.15,3.15,3.07,,3.15,,,1877,5542.0,18,F1,1,,,,,
2025-08-07,2025-08-07,CM,BSE,STK,531671,INE214D01021,BISIL,XT,,,,,BISIL PLAST LIMITED,1.88,1.88,1.88,1.88,1.88,1.91,,1.88,,,27642,51966.0,76,F1,1,,,,,
2025-08-07,2025-08-07,CM,BSE,STK,531672,INE224C01014,INANISEC,X,,,,,INANI SECURITIES LTD.,29.0,31.36,28.6,29.12,29.05,28.51,,29.12,,,782,23280.0,24,F1,1,,,,,
2025-08-07,2025-08-07,CM,BSE,STK,531673,INE067C01025,ANKIN,XT,,,,,ANKA INDIA LTD.,47.02,47.02,47.02,47.02,47.02,46.1,,47.02,,,1085,51016.0,5,F1,1,,,,,
2025-08-07,2025-08-07,CM,BSE,STK,531677,INE588E01026,ARISINT,XT,,,,,ARIS INTERNATIONAL LTD.,532.85,532.9,532.85,532.9,532.9,543.7,,532.9,,,28,14920.0,3,F1,1,,,,,
2025-08-07,2025-08-07,CM,BSE,STK,531680,INE799E01011,MAYUR,XT,,,,,MAYUR LEATHER PRODUCTS LTD.,16.56,16.56,16.56,16.56,16.56,16.89,,16.56,,,4,66.0,3,F1,1,,,,,
2025-08-07,2025-08-07,CM,BSE,STK,531681,INE673C01020,AMERISE,X,,,,,AMERISE BIOSCIENCES LIMITED,0.72,0.72,0.7,0.71,0.71,0.72,,0.71,,,16510,11867.0,31,F1,1,,,,,
2025-08-07,2025-08-07,CM,BSE,STK,531688,INE621B01021,PRITHVIEXCH,X,,,,,Prithvi Exchange (India) Limit,149.0,149.0,130.1,136.85,142.0,133.2,,136.85,,,2966,402292.0,117,F1,1,,,,,
2025-08-07,2025-08-07,CM,BSE,STK,531692,INE593B01030,KHYATI,X,,,,,KHYATI MULTIMEDIA-ENTERTAINMEN,3.25,3.25,3.25,3.25,3.25,3.25,,3.25,,,400,1300.0,8,F1,1,,,,,
2025-08-07,2025-08-07,CM,BSE,STK,531694,INE230F01014,RAINBOWF,XT,,,,,RAINBOW FOUNDATIONS LTD.,133.3,133.3,133.3,133.3,133.3,136.0,,133.3,,,23040,3071232.0,71,F1,1,,,,,
2025-08-07,2025-08-07,CM,BSE,STK,531716,INE843F01014,TRICOMFRU,XT,,,,,TRICOM FRUIT PRODUCTS LIMITED,2.4,2.4,2.28,2.28,2.28,2.4,,2.28,,,1226,2796.0,21,F1,1,,,,,
2025-08-07,2025-08-07,CM,BSE,STK,531717,INE632C01026,VIDHIING,B,,,,,Vidhi Specialty Food Ingredien,382.0,392.35,366.0,368.75,366.0,392.75,,370.1,,,5196,1952840.0,407,F1,1,,,,,
2025-08-07,2025-08-07,CM,BSE,STK,531719,INE414D01027,BHAGCHEM,B,,,,,BHAGIRADHA CHEMICALS & INDUSTR,296.95,297.85,291.0,295.55,294.0,298.6,,296.05,,,10157,2988216.0,199,F1,1,,,,,
2025-08-07,2025-08-07,CM,BSE,STK,531723,INE224E01028,GATECH,T,,,,,GACM Technologies Limited,0.53,0.53,0.53,0.53,0.53,0.55,,0.51,,,572536,303444.0,299,F1,1,,,,,
2025-08-07,2025-08-07,CM,BSE,STK,531726,INE316G01019,PANCHSHEEL,X,,,,,PANCHSHEEL ORGANICS LTD.,169.3,172.55,160.5,164.0,163.25,169.3,,164.0,,,16683,2756977.0,365,F1,1,,,,,
2025-08-07,2025-08-07,CM,BSE,STK,531727,INE650G01029,MENNPIS,X,,,,,MENON PISTONS LTD.,63.99,65.94,63.1,65.48,65.48,64.19,,65.48,,,26310,1689438.0,236,F1,1,,,,,
2025-08-07,2025-08-07,CM,BSE,STK,531737,INE414C01045,GREENCREST,X,,,,,GREENCREST FINANCIAL SERVICES,0.66,0.67,0.65,0.66,0.66,0.66,,0.66,,,199334,133184.0,187,F1,1,,,,,
2025-08-07,2025-08-07,CM,BSE,STK,531739,INE509C01026,GENNEX,X,,,,,GENNEX LABORATORIES LTD.,12.48,12.72,12.06,12.38,12.4,12.47,,12.38,,,264263,3243831.0,703,F1,1,,,,,
2025-08-07,2025-08-07,CM,BSE,STK,531744,INE548B01018,GINISILK,X,,,,,GINI SILK MILLS LTD.,89.62,89.62,85.0,85.38,85.11,88.73,,85.38,,,2538,220444.0,53,F1,1,,,,,
2025-08-07,2025-08-07,CM,BSE,STK,531746,INE505C01016,PRAENG,B,,,,,PRAJAY ENGINEERS SYNDICATE LTD,17.82,18.46,17.82,18.02,18.1,18.03,,18.22,,,6147,110696.0,59,F1,1,,,,,
2025-08-07,2025-08-07,CM,BSE,STK,531752,INE703D01023,BIOGEN,X,,,,,BIOGEN PHARMACHEM INDUSTRIES L,0.92,0.94,0.92,0.92,0.92,0.92,,0.92,,,705878,652944.0,701,F1,1,,,,,
2025-08-07,2025-08-07,CM,BSE,STK,531758,INE131D01019,GKCONS,X,,,,,G.K.CONSULTANTS LTD.,17.75,17.75,16.9,17.0,17.0,17.75,,17.0,,,1052,17875.0,6,F1,1,,,,,
2025-08-07,2025-08-07,CM,BSE,STK,531761,INE126J01016,APOLLOPIPE,B,,,,,APOLLO PIPES LIMITED,401.9,405.95,388.6,403.3,401.35,402.95,,403.6,,,3084,1236436.0,169,F1,1,,,,,
2025-08-07,2025-08-07,CM,BSE,STK,531762,INE576D01015,UNJHAFOR,X,,,,,UNJHA FORMULATIONS LTD.,25.0,25.1,23.39,24.59,24.4,24.26,,24.59,,,2418,57827.0,28,F1,1,,,,,
2025-08-07,2025-08-07,CM,BSE,STK,531768,INE205C01021,POLYMED,A,,,,,POLY MEDICURE LTD.,1910.05,1943.05,1894.75,1931.65,1925.0,1957.3,,1935.8,,,7487,14368351.0,945,F1,1,,,,,
2025-08-07,2025-08-07,CM,BSE,STK,531771,INE311M01018,SHRADDHA,XT,,,,,SHRADDHA PRIME PROJECTS LTD,158.0,162.0,156.0,161.0,161.0,159.35,,161.0,,,16954,2707904.0,50,F1,1,,,,,
2025-08-07,2025-08-07,CM,BSE,STK,531778,INE059E01010,KACHCHH,XT,,,,,KACHCHH MINERALS LTD.,47.39,49.77,47.39,49.77,49.77,47.4,,49.77,,,1670,82114.0,16,F1,1,,,,,
2025-08-07,2025-08-07,CM,BSE,STK,531779,INE630U01014,PADALPO,X,,,,,PADMANABH ALLOYS & POLYMERS LT,19.5,20.0,18.5,19.49,19.49,19.15,,19.49,,,559,10791.0,17,F1,1,,,,,
2025-08-07,2025-08-07,CM,BSE,STK,531780,INE229G01022,KACL,X,,,,,KAISER CORPORATION LIMITED,5.34,5.45,5.21,5.39,5.43,5.37,,5.39,,,59423,318114.0,254,F1,1,,,,,
2025-08-07,2025-08-07,CM,BSE,STK,531784,INE469F01026,KCLINFRA,X,,,,,KCL Infra Projects Limited,1.33,1.34,1.3,1.33,1.34,1.32,,1.33,,,73296,96941.0,180,F1,1,,,,,
2025-08-07,2025-08-07,CM,BSE,STK,531795,INE951D01028,ATULAUTO,B,,,,,ATUL AUTO LTD.,446.4,457.3,439.65,444.15,443.05,442.3,,445.1,,,13612,6099342.0,694,F1,1,,,,,
2025-08-07,2025-08-07,CM,BSE,STK,531797,INE393D01015,SCANPRO,XT,,,,,SCAN PROJECTS LTD.,68.11,68.11,68.09,68.09,68.09,71.67,,68.09,,,23790,1619912.0,17,F1,1,,,,,
2025-08-07,2025-08-07,CM,BSE,STK,531802,INE426H01014,PRERINFRA,X,,,,,PRERNA INFRABUILD LTD.,21.22,22.0,21.22,21.99,21.99,22.06,,21.99,,,8523,187339.0,26,F1,1,,,,,
2025-08-07,2025-08-07,CM,BSE,STK,531810,INE161E01014,METALCO,X,,,,,METAL COATINGS (INDIA) LTD.,67.25,72.99,67.25,68.9,67.6,68.96,,68.9,,,858,58831.0,26,F1,1,,,,,
2025-08-07,2025-08-07,CM,BSE,STK,531812,INE266C01023,SGNTE,X,,,,,SGN TELECOMS LTD.,0.67,0.67,0.64,0.64,0.64,0.67,,0.64,,,11467,7517.0,23,F1,1,,,,,
2025-08-07,2025-08-07,CM,BSE,STK,531814,INE297J01023,TIRSARJ,X,,,,,TIRUPATI SARJAN LTD.,13.4,13.4,12.85,12.88,13.25,13.11,,12.88,,,6594,85545.0,32,F1,1,,,,,
2025-08-07,2025-08-07,CM,BSE,STK,531821,INE348D01019,MUNOTHFI,X,,,,,MUNOTH FINANCIAL SERVICES LTD.,50.55,50.55,50.55,50.55,50.55,53.2,,50.55,,,12,606.0,2,F1,1,,,,,
2025-08-07,2025-08-07,CM,BSE,STK,531822,INE513E01024,RODIUM,X,,,,,RODIUM REALTY LIMITED,185.05,209.35,185.05,209.35,209.35,195.0,,209.35,,,10,1972.0,6,F1,1,,,,,
2025-08-07,2025-08-07,CM,BSE,STK,531834,INE487B01019,NATHUEC,X,,,,,NATURA HUE CHEM LTD.,10.73,10.73,9.12,10.6,10.72,9.79,,10.6,,,434,4207.0,18,F1,1,,,,,
2025-08-07,2025-08-07,CM,BSE,STK,531840,INE172B01017,IECEDU,XT,,,,,IEC EDUCATION LTD.,21.99,21.99,21.99,21.99,21.99,22.43,,21.99,,,568,12490.0,17,F1,1,,,,,
2025-08-07,2025-08-07,CM,BSE,STK,531841,INE935D01013,INDUSFINL,XT,,,,,Indus Finance Limited,46.22,51.0,46.22,50.0,50.0,48.65,,50.0,,,383,17961.0,12,F1,1,,,,,
2025-08-07,2025-08-07,CM,BSE,STK,531842,INE515C01023,LAHOTIOV,XT,,,,,LAHOTI OVERSEAS LTD.,46.95,46.95,44.55,44.6,45.36,46.06,,44.6,,,11930,535657.0,45,F1,1,,,,,
2025-08-07,2025-08-07,CM,BSE,STK,531845,INE318D01020,ZENITHSTL,T,,,,,ZENITH STEEL PIPES AND  INDUST,8.1,8.1,7.9,8.0,8.0,8.01,,7.99,,,30608,244184.0,83,F1,1,,,,,
2025-08-07,2025-08-07,CM,BSE,STK,531846,INE884X01011,TRINITYLEA,X,,,,,TRINITY LEAGUE INDIA LTD.,11.17,11.17,11.17,11.17,11.17,11.75,,11.17,,,504,5629.0,4,F1,1,,,,,
2025-08-07,2025-08-07,CM,BSE,STK,531847,INE194D01017,ASTAR,B,,,,,ASIAN STAR CO.LTD.,749.75,749.75,741.0,741.0,741.0,740.15,,741.0,,,22,16310.0,4,F1,1,,,,,
2025-08-07,2025-08-07,CM,BSE,STK,531859,INE457G01029,ORIRAIL,B,,,,,ORIENTAL RAIL INFRASTRUCTURE L,150.95,163.0,150.95,160.85,160.85,150.95,,160.85,,,67581,10717005.0,1437,F1,1,,,,,
2025-08-07,2025-08-07,CM,BSE,STK,531861,INE024B01010,JOINDRE,X,,,,,JOINDRE CAPITAL SERVICES LTD.,52.85,52.85,51.0,51.21,52.4,52.09,,51.21,,,7301,375620.0,80,F1,1,,,,,
2025-08-07,2025-08-07,CM,BSE,STK,531862,INE842D01029,BHARATAGRI,X,,,,,BHARAT AGRI FERT & REALTY LTD.,37.9,38.0,35.5,36.74,36.99,37.42,,36.74,,,26044,957101.0,160,F1,1,,,,,
2025-08-07,2025-08-07,CM,BSE,STK,531867,INE929K01011,UNITINT,XT,,,,,UNITECH INTERNATIONAL LTD.,4.38,4.38,4.2,4.31,4.31,4.38,,4.31,,,973,4113.0,9,F1,1,,,,,
2025-08-07,2025-08-07,CM,BSE,STK,531869,INE433G01020,SACHEMT,X,,,,,SACHETA METALS LTD.,4.2,4.49,4.1,4.32,4.3,4.25,,4.32,,,77480,334262.0,212,F1,1,,,,,
2025-08-07,2025-08-07,CM,BSE,STK,531870,INE370C01015,POPULARES,X,,,,,POPULAR ESTATE MANAGEMENT LTD.,21.14,22.0,21.14,22.0,22.0,21.14,,22.0,,,32,681.0,4,F1,1,,,,,
2025-08-07,2025-08-07,CM,BSE,STK,531878,INE283D01018,ANJANIFIN,X,,,,,ANJANI FINANCE LTD.,11.5,11.89,11.5,11.7,11.7,11.58,,11.7,,,361,4215.0,12,F1,1,,,,,
2025-08-07,2025-08-07,CM,BSE,STK,531888,INE687C01012,REXNORD,X,,,,,REXNORD ELECTRONICS & CONTROLS,101.0,101.0,97.0,99.5,100.45,99.25,,99.5,,,1971,196380.0,43,F1,1,,,,,
2025-08-07,2025-08-07,CM,BSE,STK,531889,INE882B01037,IIL,X,,,,,INTEGRATED INDUSTRIES LIMITED,20.3,20.93,20.1,20.47,20.5,20.1,,20.47,,,336517,6913493.0,900,F1,1,,,,,
2025-08-07,2025-08-07,CM,BSE,STK,531892,INE060B01014,KHANDSE,B,,,,,KHANDWALA SECURITIES LTD.,24.38,24.69,23.8,24.23,24.23,24.28,,24.16,,,1253,30342.0,10,F1,1,,,,,
2025-08-07,2025-08-07,CM,BSE,STK,531893,INE248B01023,SAWACA,X,,,,,SAWACA ENTERPRISES LIMITED,0.44,0.45,0.43,0.44,0.44,0.44,,0.44,,,882487,385775.0,540,F1,1,,,,,
2025-08-07,2025-08-07,CM,BSE,STK,531900,INE778E01031,CCLINTER,X,,,,,CCL INTERNATIONAL LTD.,32.0,32.0,26.55,28.18,27.0,29.21,,28.18,,,4188,122482.0,57,F1,1,,,,,
2025-08-07,2025-08-07,CM,BSE,STK,531902,INE755J01012,GALLOPENT,XT,,,,,GALLOPS ENTERPRISE LTD.,19.6,19.6,19.6,19.6,19.6,20.62,,19.6,,,10,196.0,1,F1,1,,,,,
2025-08-07,2025-08-07,CM,BSE,STK,531909,INE587J01027,CROISSANCE,X,,,,,CROISSANCE LIMITED,2.61,2.66,2.57,2.59,2.58,2.6,,2.59,,,3445,8994.0,39,F1,1,,,,,
2025-08-07,2025-08-07,CM,BSE,STK,531910,INE312M01016,MADHUVEER,X,,,,,Madhuveer Com 18 Network Limit,193.0,198.0,181.0,185.0,185.0,191.95,,185.0,,,24021,4565175.0,42,F1,1,,,,,
2025-08-07,2025-08-07,CM,BSE,STK,531913,INE641H01018,GOPAIST,X,,,,,GOPAL IRON & STEELS CO.(GUJARA,7.77,7.77,7.21,7.21,7.21,7.7,,7.21,,,1143,8412.0,16,F1,1,,,,,
2025-08-07,2025-08-07,CM,BSE,STK,531918,INE02XD01011,HINDAPL,X,,,,,HINDUSTAN APPLIANCES LTD.,90.0,98.5,85.05,98.27,98.5,94.5,,98.27,,,1903,180919.0,57,F1,1,,,,,
2025-08-07,2025-08-07,CM,BSE,STK,531921,INE204E01012,AGARIND,B,,,,,AGARWAL INDUSTRIAL CORPORATION,957.3,960.45,945.0,947.95,955.0,966.8,,949.25,,,2167,2057684.0,272,F1,1,,,,,
2025-08-07,2025-08-07,CM,BSE,STK,531923,INE956B01013,DHAMPURE,X,,,,,DHAMPURE SPECIALITY SUGARS LTD,98.0,98.0,92.1,93.75,94.6,96.5,,93.75,,,5485,517001.0,42,F1,1,,,,,
2025-08-07,2025-08-07,CM,BSE,STK,531925,INE545N01019,SHAQUAK,X,,,,,SHANTANU SHEOREY AQUAKULT LTD.,1.68,1.68,1.68,1.68,1.68,1.54,,1.68,,,4423,7430.0,18,F1,1,,,,,
2025-08-07,2025-08-07,CM,BSE,STK,531930,INE074H01012,SARTHAKIND,XT,,,,,SARTHAK INDUSTRIES LTD.,43.0,43.13,39.61,41.0,41.0,41.08,,41.0,,,1564,66699.0,23,F1,1,,,,,
2025-08-07,2025-08-07,CM,BSE,STK,531931,INE531X01018,SAICAPI,X,,,,,SAI CAPITAL LTD.,311.0,312.45,300.0,310.75,310.8,297.6,,310.75,,,1171,364372.0,80,F1,1,,,,,
2025-08-07,2025-08-07,CM,BSE,STK,531944,INE185D01015,LEXORAA,X,,,,,LEXORAA INDUSTRIES LIMITED,14.25,14.25,13.9,13.9,13.9,14.49,,13.9,,,252,3573.0,6,F1,1,,,,,
2025-08-07,2025-08-07,CM,BSE,STK,531950,INE316D01024,VERTEX,X,,,,,VERTEX SECURITIES LTD.,4.24,4.24,3.86,3.96,4.0,4.11,,3.96,,,13662,53613.0,62,F1,1,,,,,
2025-08-07,2025-08-07,CM,BSE,STK,531952,INE811H01017,RIBATEX,X,,,,,RIBA TEXTILES LTD.,87.0,87.0,82.05,84.73,84.77,83.89,,84.73,,,11788,982602.0,110,F1,1,,,,,
2025-08-07,2025-08-07,CM,BSE,STK,531959,INE997D01021,NEWINFRA,X,,,,,NEWTIME INFRASTRUCTURE LIMITED,2.6,2.6,2.4,2.5,2.5,2.51,,2.5,,,75147,186266.0,215,F1,1,,,,,
2025-08-07,2025-08-07,CM,BSE,STK,531960,INE108B01029,KASHYAP,XT,,,,,Kashyap Tele-Medicines Limited,7.18,7.18,7.18,7.18,7.18,7.32,,7.18,,,6740,48393.0,30,F1,1,,,,,
2025-08-07,2025-08-07,CM,BSE,STK,531962,INE914B01012,SHREMETAL,X,,,,,SHREE METALLOYS LTD.,36.99,36.99,36.9,36.96,36.9,36.99,,36.96,,,148,5472.0,5,F1,1,,,,,
2025-08-07,2025-08-07,CM,BSE,STK,531968,INE786E01018,IITLPROJ,X,,,,,IITL PROJECTS LIMITED,65.7,65.7,65.7,65.7,65.7,65.75,,65.7,,,9,591.0,1,F1,1,,,,,
2025-08-07,2025-08-07,CM,BSE,STK,531977,INE558F01026,CHLOGIST,X,,,,,CHARTERED LOGISTICS LTD.,8.71,8.86,8.55,8.71,8.71,8.65,,8.71,,,50253,437520.0,59,F1,1,,,,,
2025-08-07,2025-08-07,CM,BSE,STK,531978,INE540G01014,AMBIKCO,B,,,,,AMBIKA COTTON MILLS LTD.,1482.7,1482.7,1436.05,1459.7,1471.0,1492.0,,1451.5,,,1351,1972856.0,221,F1,1,,,,,
2025-08-07,2025-08-07,CM,BSE,STK,531979,INE227B01019,HINDALUMI,X,,,,,HIND ALUMINIUM INDUSTRIES LTD.,65.0,66.0,63.51,64.43,64.43,65.88,,64.43,,,3271,209142.0,64,F1,1,,,,,
2025-08-07,2025-08-07,CM,BSE,STK,531980,INE564B01015,SENINFO,XT,,,,,SENTHIL INFOTEK LTD,53.71,53.71,53.71,53.71,53.71,52.66,,53.71,,,354,19013.0,4,F1,1,,,,,
2025-08-07,2025-08-07,CM,BSE,STK,531982,INE547C01018,SPECFOOD,X,,,,,SPECTRUM FOODS LTD.,23.4,23.99,23.0,23.55,23.4,23.42,,23.55,,,15377,363099.0,60,F1,1,,,,,
2025-08-07,2025-08-07,CM,BSE,STK,531989,INE132E01015,DECPO,XT,,,,,DECCAN POLYPACKS LTD.,29.17,29.17,29.17,29.17,29.17,29.76,,29.17,,,104,3033.0,2,F1,1,,,,,
2025-08-07,2025-08-07,CM,BSE,STK,531991,INE735C01027,AMRAAGRI,X,,,,,AMRAWORLD AGRICO LTD.,0.97,0.99,0.96,0.96,0.99,0.97,,0.96,,,101284,98070.0,208,F1,1,,,,,
2025-08-07,2025-08-07,CM,BSE,STK,531994,INE706C01028,AUTOPINS,XT,,,,,AUTO PINS (INDIA) LTD.,215.9,215.9,215.9,215.9,215.9,205.65,,215.9,,,90,19431.0,3,F1,1,,,,,
2025-08-07,2025-08-07,CM,BSE,STK,531996,INE839E01023,ODYCORP,X,,,,,ODYSSEY CORPORATION LTD.,10.6,10.99,9.63,9.63,9.63,10.69,,9.63,,,103033,998388.0,150,F1,1,,,,,
2025-08-07,2025-08-07,CM,BSE,STK,531997,INE164D01010,VUENOW,X,,,,,VUENOW INFRATECH LIMITED,79.66,81.66,75.68,79.44,79.0,79.66,,79.44,,,187162,14757426.0,639,F1,1,,,,,
2025-08-07,2025-08-07,CM,BSE,STK,532001,INE146H01018,INDCTST,XT,,,,,INDUCTO STEEL LTD.,61.26,61.26,60.04,60.04,60.04,61.26,,60.04,,,100,6023.0,8,F1,1,,,,,
2025-08-07,2025-08-07,CM,BSE,STK,532005,INE653D01012,SAMINDUS,X,,,,,SAM INDUSTRIES LTD.,59.3,64.0,58.66,59.76,60.0,64.0,,59.76,,,1808,107771.0,43,F1,1,,,,,
2025-08-07,2025-08-07,CM,BSE,STK,532011,INE147C01017,POOJAENT,XT,,,,,VASHU BHAGNANI INDUSTRIES LIMI,136.7,147.45,136.6,136.6,136.6,143.75,,136.6,,,7954,1087051.0,79,F1,1,,,,,
2025-08-07,2025-08-07,CM,BSE,STK,532015,INE995A01013,GRAVITY,XT,,,,,GRAVITY (INDIA) LTD.,5.81,6.07,5.81,6.07,6.07,5.81,,6.07,,,1090,6338.0,5,F1,1,,,,,
2025-08-07,2025-08-07,CM,BSE,STK,532016,INE176O01011,ESPIRE,XT,,,,,ESPIRE HOSPITALITY LIMITED,523.0,541.65,520.4,540.9,540.0,515.9,,540.9,,,9480,5074949.0,202,F1,1,,,,,
2025-08-07,2025-08-07,CM,BSE,STK,532019,INE938A01021,LCCINFOTEC,T,,,,,LCC INFOTECH LTD.,4.16,4.17,4.03,4.03,4.03,4.24,,4.06,,,17212,71652.0,15,F1,1,,,,,
2025-08-07,2025-08-07,CM,BSE,STK,532022,INE185E01021,FILATFASH,B,,,,,FILATEX FASHIONS LTD.,0.57,0.59,0.56,0.58,0.58,0.57,,0.58,,,7736944,4387656.0,811,F1,1,,,,,
2025-08-07,2025-08-07,CM,BSE,STK,532029,INE325D01025,SINDHUTRAD,B,,,,,SINDHU TRADE LINKS LIMITED,25.28,25.39,24.05,24.77,24.77,25.28,,24.74,,,214111,5296659.0,980,F1,1,,,,,
2025-08-07,2025-08-07,CM,BSE,STK,532039,INE486F01012,ZENOTECH,X,,,,,ZENOTECH LABORATORIES LTD.,59.1,59.1,56.99,57.06,57.03,58.81,,57.06,,,12927,740249.0,95,F1,1,,,,,
2025-08-07,2025-08-07,CM,BSE,STK,532041,INE597C01021,HINDBIO,X,,,,,HINDUSTAN BIO SCIENCES LTD.,8.93,8.93,8.51,8.51,8.51,8.51,,8.51,,,1426,12308.0,21,F1,1,,,,,
2025-08-07,2025-08-07,CM,BSE,STK,532042,INE092D01013,FRONTCORP,X,,,,,FRONTLINE CORPORATION LTD.,41.55,41.55,39.1,40.5,40.5,40.45,,40.5,,,2211,88078.0,22,F1,1,,,,,
2025-08-07,2025-08-07,CM,BSE,STK,532051,INE409B01013,SWELECTES,B,,,,,SWELECT ENERGY SYSTEMS LIMITED,612.05,636.05,611.45,624.05,616.7,630.4,,623.25,,,1037,647468.0,116,F1,1,,,,,
2025-08-07,2025-08-07,CM,BSE,STK,532053,INE121B01014,WALLFORT,X,,,,,WALLFORT FINANCIAL SERVICES LT,116.2,124.9,116.2,124.8,124.85,123.7,,124.8,,,1829,224351.0,35,F1,1,,,,,
2025-08-07,2025-08-07,CM,BSE,STK,532054,INE291D01011,KDDL,B,,,,,KDDL LTD.,2655.0,2657.75,2563.85,2575.2,2564.8,2653.35,,2580.0,,,586,1528047.0,220,F1,1,,,,,
2025-08-07,2025-08-07,CM,BSE,STK,532056,INE398H01015,TRUSTEDGE,XT,,,,,Trustedge Capital Limited,140.9,140.9,140.9,140.9,140.9,143.75,,140.9,,,124,17471.0,7,F1,1,,,,,
2025-08-07,2025-08-07,CM,BSE,STK,532067,INE994E01018,3BBLACKBIO,B,,,,,3B BlackBio Dx Limited,1519.95,1519.95,1463.0,1500.0,1500.05,1521.7,,1500.0,,,3590,5368253.0,422,F1,1,,,,,
2025-08-07,2025-08-07,CM,BSE,STK,532070,INE311N01016,SUMUKA,XT,,,,,Sumuka Agro Industries Limited,221.75,223.8,205.0,223.35,223.8,213.15,,223.35,,,32793,7163041.0,144,F1,1,,,,,
2025-08-07,2025-08-07,CM,BSE,STK,532090,INE219M01021,ATVOENT,X,,,,,Atvo Enterprises Limited,18.65,19.74,18.5,19.27,19.34,18.27,,19.27,,,190427,3653001.0,240,F1,1,,,,,
2025-08-07,2025-08-07,CM,BSE,STK,532092,INE807D01030,EPUJA,X,,,,,EPUJA SPIRITECH LIMITED,3.34,3.58,3.34,3.58,3.58,3.41,,3.58,,,240158,853259.0,161,F1,1,,,,,
2025-08-07,2025-08-07,CM,BSE,STK,532100,INE456B01014,INDOCITY,X,,,,,INDO-CITY INFOTECH LTD.,10.51,10.98,10.25,10.31,10.31,10.76,,10.31,,,2940,30653.0,19,F1,1,,,,,
2025-08-07,2025-08-07,CM,BSE,STK,532102,INE948G01019,SBECSUG,XT,,,,,SBEC SUGAR LTD.,42.88,42.88,38.95,40.0,40.0,41.0,,40.0,,,3349,131361.0,41,F1,1,,,,,
2025-08-07,2025-08-07,CM,BSE,STK,532113,INE957E01031,BRIJLEAS,X,,,,,BRIJLAXMI LEASING & FINANCE LT,9.7,9.7,9.6,9.69,9.69,9.98,,9.69,,,595,5744.0,8,F1,1,,,,,
2025-08-07,2025-08-07,CM,BSE,STK,532123,INE395A01016,BSELALGO,X,,,,,BSEL ALGO LIMITED,7.16,7.24,7.01,7.12,7.19,7.16,,7.12,,,98282,700555.0,284,F1,1,,,,,
2025-08-07,2025-08-07,CM,BSE,STK,532124,INE419H01019,RELIABVEN,XT,,,,,RELIABLE VENTURES INDIA LTD.,28.59,29.17,28.59,29.17,29.17,29.17,,29.17,,,228,6543.0,6,F1,1,,,,,
2025-08-07,2025-08-07,CM,BSE,STK,532131,INE382B01012,TRIUMPIN,XT,,,,,TRIUMPH INTERNATIONAL FINANCE,50.78,50.78,50.78,50.78,50.78,51.81,,50.78,,,95,4824.0,6,F1,1,,,,,
2025-08-07,2025-08-07,CM,BSE,STK,532134,INE028A01039,BANKBARODA,A,,,,,BANK OF BARODA,241.3,242.45,237.4,241.95,241.95,241.75,,242.05,,,280727,67594773.0,3446,F1,1,,,,,
2025-08-07,2025-08-07,CM,BSE,STK,532140,INE154B01023,MOHITE,XT,,,,,MOHITE INDUSTRIES LIMITED,2.6,2.65,2.55,2.56,2.55,2.6,,2.56,,,67373,172494.0,146,F1,1,,,,,
2025-08-07,2025-08-07,CM,BSE,STK,532141,INE666E01020,ACL,B,,,,,ANDHRA CEMENTS LTD.,63.07,64.18,62.79,63.08,62.8,62.63,,63.01,,,3507,222143.0,185,F1,1,,,,,
2025-08-07,2025-08-07,CM,BSE,STK,532143,INE411D01015,SKMEGGPROD,T,,,,,SKM EGG PRODUCTS EXPORT (INDIA,314.0,321.0,314.0,321.0,321.0,314.75,,321.0,,,25215,8077494.0,226,F1,1,,,,,
2025-08-07,2025-08-07,CM,BSE,STK,532144,INE191B01025,WELCORP,A,,,,,WELSPUN CORP LIMITED,871.2,875.0,852.6,871.9,871.9,871.2,,872.75,,,20675,17871218.0,1022,F1,1,,,,,
2025-08-07,2025-08-07,CM,BSE,STK,532145,INE731B01010,HOTLSILV,X,,,,,H.S.INDIA LTD.,13.99,14.05,13.99,14.0,14.0,13.7,,14.0,,,320,4478.0,9,F1,1,,,,,
2025-08-07,2025-08-07,CM,BSE,STK,532149,INE084A01016,BANKINDIA,A,,,,,BANK OF INDIA,110.4,112.1,109.3,111.9,112.0,111.7,,111.91,,,393846,43666790.0,2805,F1,1,,,,,
2025-08-07,2025-08-07,CM,BSE,STK,532150,INE681B01017,INDRAMEDCO,A,,,,,INDRAPRASTHA MEDICAL CORP.LTD.,458.05,488.0,454.9,461.3,461.3,444.4,,461.4,,,103064,48546994.0,3938,F1,1,,,,,
2025-08-07,2025-08-07,CM,BSE,STK,532154,INE560F01022,JOHNPHARMA,X,,,,,JOHNSON PHARMACARE LIMITED,0.8,0.81,0.78,0.79,0.79,0.8,,0.79,,,1234180,977359.0,925,F1,1,,,,,
2025-08-07,2025-08-07,CM,BSE,STK,532155,INE129A01019,GAIL,A,,,,,GAIL (INDIA) LTD.,169.05,169.9,167.3,169.55,169.55,169.95,,169.49,,,370128,62336722.0,6830,F1,1,,,,,
2025-08-07,2025-08-07,CM,BSE,STK,532156,INE884A01027,VAIBHAVGBL,A,,,,,VAIBHAV GLOBAL LTD,218.05,221.35,214.35,218.7,219.9,220.6,,218.2,,,13662,2972425.0,575,F1,1,,,,,
2025-08-07,2025-08-07,CM,BSE,STK,532159,INE088D01011,TRESCON,X,,,,,TRESCON LIMITED,13.07,14.0,13.07,13.88,13.88,13.07,,13.88,,,9351,125681.0,40,F1,1,,,,,
2025-08-07,2025-08-07,CM,BSE,STK,532160,INE944A01011,GUJSTATFIN,B,,,,,GUJARAT STATE FINANCIAL CORPOR,14.5,14.79,14.16,14.51,14.51,14.45,,14.51,,,3405,49438.0,82,F1,1,,,,,
2025-08-07,2025-08-07,CM,BSE,STK,532162,INE789E01012,JKPAPER,A,,,,,JK PAPER LTD.,349.85,354.5,346.1,353.0,354.25,351.6,,353.2,,,12701,4448610.0,470,F1,1,,,,,
2025-08-07,2025-08-07,CM,BSE,STK,532163,INE979A01025,SAREGAMA,A,,,,,SAREGAMA INDIA LTD.,470.55,488.95,470.55,482.75,485.1,486.75,,482.95,,,12322,5941219.0,540,F1,1,,,,,
2025-08-07,2025-08-07,CM,BSE,STK,532164,INE514C01026,MINOLTAF,Z,,,,,MINOLTA FINANCE LTD.,1.36,1.36,1.36,1.36,1.36,1.35,,1.36,,,49756,67668.0,7,F1,1,,,,,
2025-08-07,2025-08-07,CM,BSE,STK,532172,INE737B01033,ADROITINFO,B,,,,,Adroit Infotech Limited,10.7,10.81,10.38,10.65,10.73,10.76,,10.66,,,5356,56360.0,51,F1,1,,,,,
2025-08-07,2025-08-07,CM,BSE,STK,532173,INE214A01019,CYBERTECH,B,,,,,CYBERTECH SYSTEMS AND SOFTWARE,145.3,148.6,141.5,145.3,145.3,145.75,,145.14,,,11386,1647547.0,351,F1,1,,,,,
2025-08-07,2025-08-07,CM,BSE,STK,532174,INE090A01021,ICICIBANK,A,,,,,ICICI BANK LTD.,1442.95,1447.15,1428.85,1440.05,1440.05,1444.75,,1440.3,,,229404,329224482.0,6261,F1,1,,,,,
2025-08-07,2025-08-07,CM,BSE,STK,532175,INE136B01020,CYIENT,A,,,,,CYIENT LIMITED,1188.6,1194.0,1167.0,1188.25,1188.0,1195.95,,1187.0,,,10521,12436281.0,1633,F1,1,,,,,
2025-08-07,2025-08-07,CM,BSE,STK,532178,INE510A01028,ENGINERSIN,A,,,,,ENGINEERS INDIA LTD.,204.9,204.9,198.3,203.1,203.0,204.85,,203.23,,,182575,36815164.0,4162,F1,1,,,,,
2025-08-07,2025-08-07,CM,BSE,STK,532180,INE680A01011,DHANBANK,B,,,,,DHANLAXMI BANK LIMITED,26.51,26.95,26.29,26.76,26.76,26.99,,26.73,,,71577,1902636.0,655,F1,1,,,,,
2025-08-07,2025-08-07,CM,BSE,STK,532181,INE131A01031,GMDCLTD,A,,,,,GUJARAT MINERAL DEVELOPMENT CO,392.25,420.6,390.1,414.45,414.45,396.15,,414.0,,,514767,212232850.0,9741,F1,1,,,,,
2025-08-07,2025-08-07,CM,BSE,STK,532183,INE622E01023,GAYATRI,XT,,,,,GAYATRI SUGARS LTD.,12.51,12.51,12.01,12.5,12.5,11.92,,12.5,,,573967,7155657.0,391,F1,1,,,,,
2025-08-07,2025-08-07,CM,BSE,STK,532187,INE095A01012,INDUSINDBK,A,,,,,INDUSIND BANK LTD.,802.95,810.05,789.7,807.55,807.55,803.15,,807.35,,,71114,56900121.0,2607,F1,1,,,,,
2025-08-07,2025-08-07,CM,BSE,STK,532189,INE353K01014,ITDC,B,,,,,INDIA TOURISM DEVELOPMENT CORP,558.1,566.05,549.5,554.05,559.8,562.5,,555.95,,,4657,2598484.0,320,F1,1,,,,,
2025-08-07,2025-08-07,CM,BSE,STK,532209,INE168A01041,J&KBANK,A,,,,,JAMMU & KASHMIR BANK LTD.,101.3,103.3,100.1,102.45,103.1,101.6,,102.59,,,169931,17214947.0,1300,F1,1,,,,,
2025-08-07,2025-08-07,CM,BSE,STK,532210,INE491A01021,CUB,A,,,,,CITY UNION BANK LTD.,216.7,216.7,213.05,215.85,215.9,214.3,,215.6,,,16426,3528680.0,487,F1,1,,,,,
2025-08-07,2025-08-07,CM,BSE,STK,532212,INE731A01020,ARCHIES,T,,,,,ARCHIES LTD.,19.22,19.22,19.01,19.04,19.04,19.97,,19.03,,,627,11955.0,8,F1,1,,,,,
2025-08-07,2025-08-07,CM,BSE,STK,532215,INE238A01034,AXISBANK,A,,,,,AXIS BANK LTD.,1069.1,1079.8,1064.85,1076.9,1079.75,1070.7,,1076.2,,,22699,24304550.0,2938,F1,1,,,,,
2025-08-07,2025-08-07,CM,BSE,STK,532216,INE550B01022,HBSL,T,,,,,HB STOCKHOLDINGS LTD.,79.0,79.0,76.25,76.25,76.25,78.51,,77.87,,,16,1222.0,2,F1,1,,,,,
2025-08-07,2025-08-07,CM,BSE,STK,532217,INE027F01014,SIELFNS,XT,,,,,SIEL FINANCIAL SERVICES LTD.,16.16,16.16,16.16,16.16,16.16,15.85,,16.16,,,140,2262.0,4,F1,1,,,,,
2025-08-07,2025-08-07,CM,BSE,STK,532218,INE683A01023,SOUTHBANK,A,,,,,SOUTH INDIAN BANK LTD.,28.84,29.28,28.75,29.18,29.18,28.98,,29.19,,,863995,25006591.0,5357,F1,1,,,,,
2025-08-07,2025-08-07,CM,BSE,STK,532219,INE306C01019,ENERGYDEV,T,,,,,ENERGY DEVELOPMENT COMPANY LTD,19.83,20.8,19.83,20.51,20.1,20.34,,20.37,,,10203,204524.0,43,F1,1,,,,,
2025-08-07,2025-08-07,CM,BSE,STK,532221,INE269A01021,SONATSOFTW,A,,,,,SONATA SOFTWARE LTD.,347.25,350.65,341.45,349.65,349.8,347.3,,349.6,,,61673,21453452.0,1780,F1,1,,,,,
2025-08-07,2025-08-07,CM,BSE,STK,532230,INE665D01016,BENGALT,X,,,,,BENGAL TEA & FABRICS LTD.,138.55,141.95,136.0,140.1,141.95,138.55,,140.1,,,2430,339990.0,27,F1,1,,,,,
2025-08-07,2025-08-07,CM,BSE,STK,532234,INE139A01034,NATIONALUM,A,,,,,NATIONAL ALUMINIUM CO.LTD.,188.0,190.8,184.65,189.65,189.65,188.7,,189.75,,,386436,72531934.0,4690,F1,1,,,,,
2025-08-07,2025-08-07,CM,BSE,STK,532240,INE092B01025,INDNIPPON,B,,,,,INDIA NIPPON ELECTRICALS LTD.,801.3,802.85,787.2,794.6,794.45,809.15,,795.55,,,727,576191.0,111,F1,1,,,,,
2025-08-07,2025-08-07,CM,BSE,STK,532256,INE023A01030,NSIL,B,,,,,NALWA SONS INVESTMENTS LTD.,6630.0,6687.0,6540.55,6568.85,6665.0,6644.55,,6622.5,,,364,2398163.0,90,F1,1,,,,,
2025-08-07,2025-08-07,CM,BSE,STK,532259,INE372A01015,APARINDS,A,,,,,APAR INDUSTRIES LTD.,8800.0,8850.0,8469.8,8689.35,8710.0,8889.55,,8689.0,,,11758,101714852.0,3157,F1,1,,,,,
2025-08-07,2025-08-07,CM,BSE,STK,532268,INE793A01012,ACCELYA,B,,,,,ACCELYA SOLUTIONS INDIA LIMITE,1390.0,1390.0,1372.0,1380.75,1380.35,1392.2,,1381.6,,,308,424663.0,93,F1,1,,,,,
2025-08-07,2025-08-07,CM,BSE,STK,532271,INE215B01022,ORCHASP,T,,,,,ORCHASP LIMITED,2.73,2.73,2.67,2.72,2.72,2.73,,2.7,,,12193,33014.0,29,F1,1,,,,,
2025-08-07,2025-08-07,CM,BSE,STK,532275,INE394C01023,LANDMARC,XT,,,,,LANDMARC LEISURE CORPORATION L,2.66,2.66,2.66,2.66,2.66,2.8,,2.66,,,71182,189344.0,169,F1,1,,,,,
2025-08-07,2025-08-07,CM,BSE,STK,532281,INE860A01027,HCLTECH,A,,,,,HCL TECHNOLOGIES LTD.,1451.3,1480.0,1450.45,1476.4,1479.05,1461.9,,1475.5,,,25702,37571476.0,2055,F1,1,,,,,
2025-08-07,2025-08-07,CM,BSE,STK,532284,INE389D01013,TCFCFINQ,X,,,,,TCFC FINANCE LTD.,45.66,47.99,45.1,45.73,45.72,46.54,,45.73,,,3584,168030.0,66,F1,1,,,,,
2025-08-07,2025-08-07,CM,BSE,STK,532285,INE007B01023,GEOJITFSL,B,,,,,Geojit Financial Services Limi,72.5,72.73,71.11,72.24,72.24,72.22,,72.1,,,29081,2093421.0,494,F1,1,,,,,
2025-08-07,2025-08-07,CM,BSE,STK,532286,INE749A01030,JINDALSTEL,A,,,,,JINDAL STEEL & POWER LTD.,983.1,1001.65,981.2,998.7,998.7,986.5,,999.45,,,81024,80293931.0,3392,F1,1,,,,,
2025-08-07,2025-08-07,CM,BSE,STK,532290,INE791A01024,BLBLIMITED,B,,,,,BLB LTD.,16.63,18.21,16.39,17.16,17.45,15.18,,17.18,,,303168,5293178.0,1871,F1,1,,,,,
2025-08-07,2025-08-07,CM,BSE,STK,532296,INE935A01035,GLENMARK,A,,,,,GLENMARK PHARMACEUTICALS LTD.,2022.35,2070.5,2019.95,2063.35,2070.5,2024.4,,2062.8,,,12915,26374714.0,1631,F1,1,,,,,
2025-08-07,2025-08-07,CM,BSE,STK,532300,INE049B01025,WOCKPHARMA,A,,,,,WOCKHARDT LTD.,1469.95,1575.3,1456.8,1519.15,1536.15,1476.85,,1521.6,,,58525,88654880.0,3500,F1,1,,,,,
2025-08-07,2025-08-07,CM,BSE,STK,532303,INE934A01012,INTEGHIT,XT,,,,,INTEGRATED HITECH LTD.,2.95,3.07,2.95,3.07,3.07,3.01,,3.07,,,13377,39475.0,20,F1,1,,,,,
2025-08-07,2025-08-07,CM,BSE,STK,532304,INE602C01011,KJMCCORP,X,,,,,KJMC CORPORATE ADVISORS (INDIA,72.0,72.0,66.01,68.2,68.2,68.52,,68.2,,,1765,121706.0,38,F1,1,,,,,
2025-08-07,2025-08-07,CM,BSE,STK,532305,INE915B01019,INDSWFTLAB,T,,,,,IND-SWIFT LABORATORIES LTD.,100.0,102.9,99.0,101.75,101.75,98.1,,100.38,,,6554,654837.0,38,F1,1,,,,,
2025-08-07,2025-08-07,CM,BSE,STK,532309,INE878A01011,GEPIL,B,,,,,GE Power India Ltd,311.5,316.75,308.75,314.9,314.4,313.8,,315.2,,,29985,9365945.0,924,F1,1,,,,,
2025-08-07,2025-08-07,CM,BSE,STK,532310,INE879A01019,SHREERAMA,B,,,,,SHREE RAMA MULTI-TECH LTD.,44.39,49.22,44.0,45.64,46.35,43.77,,45.6,,,262269,12373390.0,1729,F1,1,,,,,
2025-08-07,2025-08-07,CM,BSE,STK,532313,INE813A01018,MAHLIFE,A,,,,,MAHINDRA LIFESPACE DEVELOPERS,350.05,353.75,343.0,347.0,348.75,353.75,,346.85,,,19663,6811473.0,730,F1,1,,,,,
2025-08-07,2025-08-07,CM,BSE,STK,532315,INE042B01012,GROARC,X,,,,,GROARC INDUSTRIES INDIA LIMITE,7.37,7.43,6.71,7.22,7.43,7.37,,7.22,,,1434,10386.0,20,F1,1,,,,,
2025-08-07,2025-08-07,CM,BSE,STK,532320,INE418B01048,VAARAD,X,,,,,VAARAD VENTURES LTD,12.2,13.1,12.2,12.4,12.4,13.12,,12.4,,,398,4876.0,5,F1,1,,,,,
2025-08-07,2025-08-07,CM,BSE,STK,532321,INE010B01027,ZYDUSLIFE,A,,,,,Zydus Lifesciences Limited,919.05,948.05,917.5,945.35,945.35,933.0,,944.45,,,90787,84465347.0,4467,F1,1,,,,,
2025-08-07,2025-08-07,CM,BSE,STK,532323,INE555C01029,SHIVACEM,B,,,,,SHIVA CEMENT LTD.,38.49,38.49,36.11,36.62,36.62,37.99,,36.62,,,326533,12063093.0,1394,F1,1,,,,,
2025-08-07,2025-08-07,CM,BSE,STK,532324,INE039B01026,CINEVISTA,T,,,,,CINEVISTA LTD.,18.43,18.43,17.24,17.49,17.49,18.14,,17.03,,,11193,194747.0,24,F1,1,,,,,
2025-08-07,2025-08-07,CM,BSE,STK,532326,INE781A01025,INTENTECH,B,,,,,INTENSE TECHNOLOGIES LTD.,83.58,84.98,82.77,84.0,84.59,82.2,,84.37,,,7776,651085.0,98,F1,1,,,,,
2025-08-07,2025-08-07,CM,BSE,STK,532329,INE310B01013,DANLAW,XT,,,,,DANLAW TECHNOLOGIES INDIA LTD.,929.9,930.0,903.2,917.25,918.95,923.85,,917.25,,,320,292450.0,58,F1,1,,,,,
2025-08-07,2025-08-07,CM,BSE,STK,532331,INE031B01049,AJANTPHARM,A,,,,,AJANTA PHARMA LTD.,2521.0,2624.9,2521.0,2615.75,2610.65,2542.4,,2619.0,,,5508,14167590.0,982,F1,1,,,,,
2025-08-07,2025-08-07,CM,BSE,STK,532332,INE117B01020,CURAA,T,,,,,CURA TECHNOLOGIES LTD.,281.85,281.85,281.85,281.85,281.85,276.35,,277.89,,,10,2818.0,1,F1,1,,,,,
2025-08-07,2025-08-07,CM,BSE,STK,532333,INE638B01025,HBPOR,X,,,,,HB PORTFOLIO LTD.,89.53,89.53,83.5,85.42,86.75,87.35,,85.42,,,3094,260848.0,69,F1,1,,,,,
2025-08-07,2025-08-07,CM,BSE,STK,532334,INE640B01021,HBESD,X,,,,,HB ESTATE DEVELOPERS LTD.,79.4,79.4,71.72,75.0,75.0,76.03,,75.0,,,2883,213620.0,43,F1,1,,,,,
2025-08-07,2025-08-07,CM,BSE,STK,532335,INE792B01012,AMBICAAGAR,B,,,,,AMBICA AGARBATHIES & AROMA IND,27.38,27.58,26.22,27.05,27.52,26.96,,26.9,,,3993,107466.0,121,F1,1,,,,,
2025-08-07,2025-08-07,CM,BSE,STK,532339,INE453B01029,COMPUSOFT,B,,,,,COMPUCOM SOFTWARE LTD.,19.8,21.9,19.5,20.74,21.12,20.16,,20.64,,,11752,241929.0,144,F1,1,,,,,
2025-08-07,2025-08-07,CM,BSE,STK,532340,INE369B01019,OMNIAX,X,,,,,OMNI AXS SOFTWARE LTD.,2.4,2.56,2.4,2.56,2.56,2.69,,2.56,,,6553,16270.0,16,F1,1,,,,,
2025-08-07,2025-08-07,CM,BSE,STK,532341,INE848A01014,IZMO,B,,,,,IZMO Limited,364.2,422.0,356.2,412.1,412.1,359.35,,410.75,,,76126,30702625.0,3714,F1,1,,,,,
2025-08-07,2025-08-07,CM,BSE,STK,532343,INE494B01023,TVSMOTOR,A,,,,,TVS MOTOR COMPANY LTD.,2950.0,3020.0,2938.2,3013.75,3013.75,2952.25,,3013.4,,,68490,203169556.0,7335,F1,1,,,,,
2025-08-07,2025-08-07,CM,BSE,STK,532344,INE002B01016,SOFTSOL,X,,,,,SOFTSOL INDIA LTD.,267.2,268.0,250.55,265.35,265.2,267.25,,265.35,,,558,148454.0,27,F1,1,,,,,
2025-08-07,2025-08-07,CM,BSE,STK,532345,INE152B01027,ACLGATI,B,,,,,ALLCARGO GATI LIMITED,63.1,64.62,62.05,62.98,62.98,64.44,,63.02,,,11992,758295.0,229,F1,1,,,,,
2025-08-07,2025-08-07,CM,BSE,STK,532348,INE754A01055,SUBEXLTD,T,,,,,SUBEX LTD.,12.53,12.7,12.11,12.27,12.27,12.72,,12.34,,,193557,2390508.0,720,F1,1,,,,,
2025-08-07,2025-08-07,CM,BSE,STK,532349,INE688A01022,TCI,B,,,,,TRANSPORT CORPORATION OF INDIA,1133.0,1143.95,1123.5,1142.3,1140.0,1156.8,,1144.8,,,1837,2075718.0,155,F1,1,,,,,
2025-08-07,2025-08-07,CM,BSE,STK,532350,INE243B01016,PADMALAYAT,Z,,,,,PADMALAYA TELEFILMS LTD.,3.61,3.61,3.45,3.55,3.45,3.61,,3.55,,,327,1145.0,9,F1,1,,,,,
2025-08-07,2025-08-07,CM,BSE,STK,532351,INE523B01011,AKSHOPTFBR,B,,,,,AKSH OPTIFIBRE LTD.,8.08,8.25,7.99,8.11,8.12,8.0,,8.12,,,6154,50075.0,58,F1,1,,,,,
2025-08-07,2025-08-07,CM,BSE,STK,532354,INE400B01020,VIRGOGLOB,X,,,,,Virgo Global Limited,4.78,4.81,4.78,4.81,4.81,4.76,,4.81,,,3422,16364.0,10,F1,1,,,,,
2025-08-07,2025-08-07,CM,BSE,STK,532355,INE448B01029,PICTUREHS,X,,,,,PICTUREHOUSE MEDIA LTD.,7.57,8.48,7.57,8.07,7.72,7.94,,8.07,,,7885,61186.0,30,F1,1,,,,,
2025-08-07,2025-08-07,CM,BSE,STK,532356,INE256C01024,TRIVENI,A,,,,,TRIVENI ENGINEERING & INDUSTRI,339.0,339.0,329.65,331.0,332.3,336.25,,330.6,,,5524,1833194.0,307,F1,1,,,,,
2025-08-07,2025-08-07,CM,BSE,STK,532357,INE374B01019,MUKTAARTS,B,,,,,MUKTA ARTS LTD.,74.75,78.9,74.75,75.34,75.34,74.02,,74.88,,,272,20536.0,5,F1,1,,,,,
2025-08-07,2025-08-07,CM,BSE,STK,532359,INE309B01023,HITKITGLO,X,,,,,HIT KIT GLOBAL SOLUTIONS LTD.,1.29,1.29,1.07,1.22,1.19,1.18,,1.22,,,1797163,2147810.0,394,F1,1,,,,,
2025-08-07,2025-08-07,CM,BSE,STK,532362,INE099E01016,NAGPI,X,,,,,NAGPUR POWER & INDUSTRIES LTD.,109.75,109.75,103.15,107.95,107.95,109.75,,107.95,,,697,73855.0,30,F1,1,,,,,
2025-08-07,2025-08-07,CM,BSE,STK,532365,INE417B01040,DSSL,B,,,,,DYNACONS SYSTEMS & SOLUTIONS L,951.6,988.0,951.6,984.25,987.5,980.7,,985.5,,,1097,1072822.0,125,F1,1,,,,,
2025-08-07,2025-08-07,CM,BSE,STK,532366,INE859A01011,PNBGILTS,B,,,,,PNB GILTS LTD.,104.85,107.0,101.75,103.6,103.75,104.8,,103.59,,,95069,9903018.0,930,F1,1,,,,,
2025-08-07,2025-08-07,CM,BSE,STK,532368,INE425B01027,BCG,B,,,,,BRIGHTCOM GROUP LIMITED,14.74,15.79,14.56,15.31,15.31,15.32,,15.36,,,8666753,128203750.0,8189,F1,1,,,,,
2025-08-07,2025-08-07,CM,BSE,STK,532369,INE614A01028,RAMCOIND,B,,,,,RAMCO INDUSTRIES LTD.,293.9,299.9,285.9,296.7,295.15,296.9,,297.4,,,11289,3318638.0,517,F1,1,,,,,
2025-08-07,2025-08-07,CM,BSE,STK,532370,INE246B01019,RAMCOSYS,T,,,,,RAMCO SYSTEMS LTD.,375.1,387.95,374.5,380.0,380.0,380.0,,380.4,,,1011,382459.0,43,F1,1,,,,,
2025-08-07,2025-08-07,CM,BSE,STK,532371,INE517B01013,TTML,T,,,,,TATA TELESERVICES (MAHARASHTRA,56.0,58.0,55.11,57.02,57.02,57.14,,57.1,,,206923,11700827.0,2073,F1,1,,,,,
2025-08-07,2025-08-07,CM,BSE,STK,532372,INE539B01017,VIRINCHI,T,,,,,Virinchi Limited,27.32,27.32,26.24,26.65,26.25,27.62,,26.65,,,22169,586695.0,102,F1,1,,,,,
2025-08-07,2025-08-07,CM,BSE,STK,532373,INE434B01029,WEPSOLN,X,,,,,WEP SOLUTIONS LTD.,26.59,27.12,26.1,27.06,26.9,26.99,,27.06,,,16445,441469.0,86,F1,1,,,,,
2025-08-07,2025-08-07,CM,BSE,STK,532374,INE089C01029,STLTECH,A,,,,,STERLITE TECHNOLOGIES LTD.,125.15,129.35,123.65,128.05,128.05,125.1,,128.09,,,241848,30781297.0,2049,F1,1,,,,,
2025-08-07,2025-08-07,CM,BSE,STK,532375,INE716B01029,TIPSMUSIC,A,,,,,TIPS MUSIC LIMITED,594.95,613.0,576.7,585.25,585.25,592.55,,584.25,,,18739,11091694.0,1238,F1,1,,,,,
2025-08-07,2025-08-07,CM,BSE,STK,532376,INE398B01018,UMIYA-MRO,B,,,,,UMIYA BUILDCON LIMITED,81.08,81.5,78.66,80.89,80.86,81.24,,80.46,,,2240,180018.0,116,F1,1,,,,,
2025-08-07,2025-08-07,CM,BSE,STK,532378,INE464B01018,UNIVARTS,X,,,,,UNIVERSAL ARTS LTD.,5.91,5.91,5.4,5.4,5.4,5.0,,5.4,,,332,1854.0,8,F1,1,,,,,
2025-08-07,2025-08-07,CM,BSE,STK,532380,INE893A01036,BABA,X,,,,,BABA ARTS LTD.,8.74,8.74,8.36,8.59,8.64,8.6,,8.59,,,5907,50098.0,63,F1,1,,,,,
2025-08-07,2025-08-07,CM,BSE,STK,532382,INE794B01026,BALAJITELE,T,,,,,BALAJI TELEFILMS LTD.,98.0,100.99,94.54,100.13,100.13,97.69,,100.04,,,8845,868782.0,118,F1,1,,,,,
2025-08-07,2025-08-07,CM,BSE,STK,532384,INE443B01012,TYCHE,X,,,,,TYCHE INDUSTRIES LTD.,140.75,140.75,136.7,139.0,139.0,140.75,,139.0,,,823,113535.0,30,F1,1,,,,,
2025-08-07,2025-08-07,CM,BSE,STK,532386,INE526B01014,CALSOFT,T,,,,,CALIFORNIA SOFTWARE CO.LTD.,13.99,13.99,13.0,13.03,13.03,13.4,,13.4,,,3918,51554.0,34,F1,1,,,,,
2025-08-07,2025-08-07,CM,BSE,STK,532387,INE392B01011,PNC,T,,,,,PRITISH NANDY COMMUNICATIONS L,28.67,28.67,28.0,28.0,28.0,28.14,,28.17,,,238,6798.0,4,F1,1,,,,,
2025-08-07,2025-08-07,CM,BSE,STK,532388,INE565A01014,IOB,A,,,,,INDIAN OVERSEAS BANK,35.92,36.4,35.55,36.15,36.15,36.41,,36.14,,,553884,19934604.0,4045,F1,1,,,,,
2025-08-07,2025-08-07,CM,BSE,STK,532390,INE586B01026,TAJGVK,B,,,,,TAJGVK HOTELS & RESORTS LTD.,408.5,417.0,405.45,414.05,410.0,414.95,,411.9,,,11606,4786329.0,496,F1,1,,,,,
2025-08-07,2025-08-07,CM,BSE,STK,532392,INE230B01021,CREATIVEYE,T,,,,,CREATIVE EYE LTD.,8.1,8.1,7.83,7.83,7.83,8.24,,7.71,,,8826,69991.0,19,F1,1,,,,,
2025-08-07,2025-08-07,CM,BSE,STK,532395,INE555B01013,AXISCADES,T,,,,,AXISCADES TECHNOLOGIES LIMITED,1379.2,1379.2,1316.3,1364.5,1364.5,1379.2,,1363.3,,,5033,6813975.0,345,F1,1,,,,,
2025-08-07,2025-08-07,CM,BSE,STK,532398,INE240C01028,UMESLTD,B,,,,,USHA MARTIN EDUCATION & SOLUTI,6.49,6.49,5.71,5.91,5.91,5.91,,5.86,,,4050,24524.0,23,F1,1,,,,,
2025-08-07,2025-08-07,CM,BSE,STK,532400,INE836A01035,BSOFT,A,,,,,BIRLASOFT LIMITED,382.55,387.0,376.9,381.7,381.7,386.05,,381.9,,,99520,37963551.0,3315,F1,1,,,,,
2025-08-07,2025-08-07,CM,BSE,STK,532402,INE718B01017,USGTECH,X,,,,,USG TECH SOLUTIONS LTD.,12.45,12.45,12.45,12.45,12.45,11.86,,12.45,,,6590,82045.0,42,F1,1,,,,,
2025-08-07,2025-08-07,CM,BSE,STK,532404,INE856B01023,7TEC,X,,,,,SAVEN TECHNOLOGIES LTD.,47.94,47.94,45.33,46.04,46.04,46.78,,46.04,,,14974,688851.0,186,F1,1,,,,,
2025-08-07,2025-08-07,CM,BSE,STK,532406,INE005B01027,AVANTEL,A,,,,,AVANTEL LTD.,125.85,130.2,123.35,129.0,129.9,126.4,,128.89,,,221692,28140047.0,3551,F1,1,,,,,
2025-08-07,2025-08-07,CM,BSE,STK,532407,INE935B01025,MOSCHIP,A,,,,,MOSCHIP TECHNOLOGIES LIMITED,160.4,162.5,156.55,160.35,162.0,162.55,,160.29,,,165548,26417931.0,3332,F1,1,,,,,
2025-08-07,2025-08-07,CM,BSE,STK,532408,INE933B01012,MEGASOFT,T,,,,,MEGASOFT LTD.,125.3,125.3,120.4,120.4,120.4,122.85,,120.4,,,240616,29836839.0,84,F1,1,,,,,
2025-08-07,2025-08-07,CM,BSE,STK,532410,INE330E01023,TRANSCOR,X,,,,,TRANSCORP INTERNATIONAL LTD.,23.9,24.89,23.11,23.31,23.6,23.95,,23.31,,,11007,261341.0,105,F1,1,,,,,
2025-08-07,2025-08-07,CM,BSE,STK,532413,INE345B01019,CEREBRAINT,Z,,,,,CEREBRA INTEGRATED TECHNOLOGIE,7.87,7.87,7.87,7.87,7.87,8.03,,7.87,,,1928,15173.0,8,F1,1,,,,,
2025-08-07,2025-08-07,CM,BSE,STK,532416,INE747B01016,NEXTMEDIA,B,,,,,NEXT MEDIAWORKS LTD.,6.2,6.23,6.2,6.22,6.22,6.2,,6.2,,,666,4145.0,16,F1,1,,,,,
2025-08-07,2025-08-07,CM,BSE,STK,532419,INE178C01020,SMARTLINK,B,,,,,Smartlink Holdings Limited,142.9,144.7,140.65,141.9,141.5,139.45,,142.14,,,313,44242.0,24,F1,1,,,,,
2025-08-07,2025-08-07,CM,BSE,STK,532424,INE102D01028,GODREJCP,A,,,,,GODREJ CONSUMER PRODUCTS LTD.,1180.05,1224.6,1180.05,1221.0,1222.5,1202.05,,1220.0,,,14063,16964799.0,1413,F1,1,,,,,
2025-08-07,2025-08-07,CM,BSE,STK,532425,INE256D01014,GENUSPRIME,X,,,,,GENUS PRIME INFRA LIMITED,23.56,24.94,23.26,23.56,23.56,23.78,,23.56,,,442,10410.0,14,F1,1,,,,,
2025-08-07,2025-08-07,CM,BSE,STK,532430,INE243D01012,BFUTILITIE,B,,,,,BF UTILITIES LTD.,732.85,738.75,718.25,732.05,732.05,734.95,,731.5,,,3590,2619831.0,466,F1,1,,,,,
2025-08-07,2025-08-07,CM,BSE,STK,532432,INE854D01024,UNITDSPR,A,,,,,UNITED SPIRITS LTD.,1301.05,1305.95,1283.4,1290.8,1290.8,1306.35,,1290.0,,,14362,18585110.0,1579,F1,1,,,,,
2025-08-07,2025-08-07,CM,BSE,STK,532435,INE799C01031,SANINFRA,X,,,,,SANMIT INFRA LIMITED,9.55,9.55,8.7,9.49,9.33,9.57,,9.49,,,38040,350389.0,219,F1,1,,,,,
2025-08-07,2025-08-07,CM,BSE,STK,532439,INE260D01016,OLECTRA,A,,,,,OLECTRA GREENTECH LIMITED,1389.1,1465.1,1386.95,1449.3,1449.3,1407.75,,1448.0,,,56157,80776943.0,2757,F1,1,,,,,
2025-08-07,2025-08-07,CM,BSE,STK,532440,INE943D01017,MPSLTD,B,,,,,MPS LTD.,2350.8,2350.8,2277.65,2304.05,2306.9,2305.45,,2302.8,,,782,1796905.0,150,F1,1,,,,,
2025-08-07,2025-08-07,CM,BSE,STK,532443,INE739E01017,CERA,A,,,,,CERA SANITARYWARE LTD.,6181.25,6350.0,6181.25,6238.65,6216.5,6261.15,,6243.5,,,1598,10004520.0,573,F1,1,,,,,
2025-08-07,2025-08-07,CM,BSE,STK,532444,INE541C01037,TSPIRITUAL,XT,,,,,T.SPIRITUAL WORLD LTD.,1.95,1.95,1.95,1.95,1.95,1.89,,1.95,,,38,74.0,1,F1,1,,,,,
2025-08-07,2025-08-07,CM,BSE,STK,532454,INE397D01024,BHARTIARTL,A,,,,,BHARTI AIRTEL LTD.,1935.4,1935.4,1909.0,1924.35,1924.7,1929.65,,1922.6,,,54726,105056096.0,3066,F1,1,,,,,
2025-08-07,2025-08-07,CM,BSE,STK,532455,INE655D01025,SHALIWIR,X,,,,,SHALIMAR WIRES INDUSTRIES LTD.,21.25,22.0,21.0,21.0,21.0,21.0,,21.0,,,2439,51606.0,25,F1,1,,,,,
2025-08-07,2025-08-07,CM,BSE,STK,532457,INE255D01024,GULPOLY,B,,,,,GULSHAN POLYOLS LTD.,172.1,174.75,170.75,172.8,172.0,172.55,,171.95,,,4511,778649.0,208,F1,1,,,,,
2025-08-07,2025-08-07,CM,BSE,STK,532460,INE838E01017,PONNIERODE,B,,,,,PONNI SUGARS (ERODE) LTD.,274.0,279.5,274.0,278.1,279.5,278.1,,277.2,,,645,178760.0,83,F1,1,,,,,
2025-08-07,2025-08-07,CM,BSE,STK,532461,INE160A01022,PNB,A,,,,,PUNJAB NATIONAL BANK,103.05,105.0,102.65,104.8,104.8,103.85,,104.7,,,741437,77023906.0,5500,F1,1,,,,,
2025-08-07,2025-08-07,CM,BSE,STK,532466,INE881D01027,OFSS,A,,,,,ORACLE FINANCIAL SERVICES SOFT,8479.55,8589.7,8430.0,8578.4,8589.0,8511.3,,8571.5,,,1608,13683132.0,309,F1,1,,,,,
2025-08-07,2025-08-07,CM,BSE,STK,532467,INE550F01049,HAZOOR,X,,,,,HAZOOR MULTI PROJECTS LTD.,43.2,44.85,42.53,43.93,43.81,44.3,,43.93,,,187936,8207931.0,906,F1,1,,,,,
2025-08-07,2025-08-07,CM,BSE,STK,532468,INE411F01010,KAMAHOLD,A,,,,,KAMA HOLDINGS LIMITED,3095.0,3095.0,2909.95,2993.35,2993.35,3041.25,,2993.35,,,11684,34690494.0,753,F1,1,,,,,
2025-08-07,2025-08-07,CM,BSE,STK,532475,INE266F01018,APTECHT,T,,,,,APTECH LTD.,128.55,131.0,125.7,128.1,128.5,130.1,,127.81,,,7234,922112.0,189,F1,1,,,,,
2025-08-07,2025-08-07,CM,BSE,STK,532477,INE692A01016,UNIONBANK,A,,,,,UNION BANK OF INDIA,129.7,132.9,129.65,132.45,132.45,131.05,,132.45,,,548668,72028955.0,4726,F1,1,,,,,
2025-08-07,2025-08-07,CM,BSE,STK,532478,INE686F01025,UBL,A,,,,,UNITED BREWERIES LTD.,1929.0,1938.55,1917.05,1934.95,1938.45,1930.55,,1933.5,,,1781,3436989.0,339,F1,1,,,,,
2025-08-07,2025-08-07,CM,BSE,STK,532481,INE781B01015,NOIDATOLL,T,,,,,NOIDA TOLL BRIDGE COMPANY LTD.,3.85,3.85,3.62,3.64,3.63,3.79,,3.65,,,15328,56490.0,63,F1,1,,,,,
2025-08-07,2025-08-07,CM,BSE,STK,532482,INE101D01020,GRANULES,A,,,,,GRANULES INDIA LTD.,434.75,452.75,434.5,449.55,449.55,439.3,,449.95,,,145197,64983666.0,3176,F1,1,,,,,
2025-08-07,2025-08-07,CM,BSE,STK,532483,INE476A01022,CANBK,A,,,,,CANARA BANK,108.15,109.2,106.75,108.8,108.8,108.75,,108.8,,,379683,41095537.0,2878,F1,1,,,,,
2025-08-07,2025-08-07,CM,BSE,STK,532485,INE525F01025,BLIL,B,,,,,BALMER LAWRIE INVESTMENTS LTD.,84.1,85.0,84.1,84.54,84.55,84.61,,84.54,,,121924,10304532.0,670,F1,1,,,,,
2025-08-07,2025-08-07,CM,BSE,STK,532486,INE637C01025,POKARNA,B,,,,,POKARNA LTD.,918.5,945.15,894.05,906.75,909.0,950.5,,906.15,,,11045,10109756.0,926,F1,1,,,,,
2025-08-07,2025-08-07,CM,BSE,STK,532488,INE361B01024,DIVISLAB,A,,,,,DIVIS LABORATORIES LTD.,6150.0,6156.45,5961.05,6132.85,6132.85,6134.25,,6131.5,,,11932,72257679.0,3001,F1,1,,,,,
2025-08-07,2025-08-07,CM,BSE,STK,532493,INE386C01029,ASTRAMICRO,A,,,,,ASTRA MICROWAVE PRODUCTS LTD.,994.85,994.85,965.0,969.25,969.25,991.95,,970.7,,,14608,14271503.0,1029,F1,1,,,,,
2025-08-07,2025-08-07,CM,BSE,STK,532497,INE944F01028,RADICO,A,,,,,RADICO KHAITAN LTD.,2829.75,2864.4,2807.75,2837.7,2830.0,2837.25,,2837.0,,,4645,13165149.0,714,F1,1,,,,,
2025-08-07,2025-08-07,CM,BSE,STK,532500,INE585B01010,MARUTI,A,,,,,MARUTI SUZUKI INDIA LTD.,12539.0,12649.7,12431.35,12625.6,12625.6,12525.15,,12632.0,,,3397,42624651.0,1032,F1,1,,,,,
2025-08-07,2025-08-07,CM,BSE,STK,532503,INE296E01026,RAJPALAYAM,X,,,,,RAJAPALAYAM MILLS LTD.,953.85,953.85,892.8,920.05,925.0,928.95,,920.05,,,2793,2544282.0,152,F1,1,,,,,
2025-08-07,2025-08-07,CM,BSE,STK,532504,INE048G01026,NAVINFLUOR,A,,,,,NAVIN FLUORINE INTERNATIONAL L,5051.35,5051.35,4917.9,4956.75,4917.9,5051.35,,4951.5,,,1800,8951054.0,424,F1,1,,,,,
2025-08-07,2025-08-07,CM,BSE,STK,532505,INE691A01018,UCOBANK,A,,,,,UCO BANK,28.31,28.37,27.8,28.13,28.13,28.37,,28.14,,,825450,23194014.0,4020,F1,1,,,,,
2025-08-07,2025-08-07,CM,BSE,STK,532507,INE116D01028,BAGFILMS,B,,,,,B.A.G.FILMS & MEDIA LTD.,6.11,6.94,6.11,6.75,6.75,6.52,,6.71,,,36549,237918.0,191,F1,1,,,,,
2025-08-07,2025-08-07,CM,BSE,STK,532508,INE220G01021,JSL,A,,,,,JINDAL STAINLESS LTD.,737.9,737.9,682.05,726.5,726.5,733.95,,724.6,,,84120,59698768.0,5827,F1,1,,,,,
2025-08-07,2025-08-07,CM,BSE,STK,532509,INE399C01030,SUPRAJIT,B,,,,,SUPRAJIT ENGINEERING LTD.,433.3,442.15,430.75,439.25,439.6,437.35,,438.8,,,4986,2177897.0,483,F1,1,,,,,
2025-08-07,2025-08-07,CM,BSE,STK,532513,INE236G01019,TVSELECT,T,,,,,TVS ELECTRONICS LTD.,400.0,416.9,394.0,415.75,415.5,404.4,,419.25,,,1004,411479.0,84,F1,1,,,,,
2025-08-07,2025-08-07,CM,BSE,STK,532514,INE203G01027,IGL,A,,,,,INDRAPRASTHA GAS LTD.,203.0,206.2,200.7,205.55,205.2,204.15,,205.46,,,153032,31203496.0,2139,F1,1,,,,,
2025-08-07,2025-08-07,CM,BSE,STK,532515,INE038F01029,TVTODAY,B,,,,,TV TODAY NETWORK LTD.,147.6,147.6,140.0,141.1,141.0,144.55,,141.12,,,19302,2741403.0,1157,F1,1,,,,,
2025-08-07,2025-08-07,CM,BSE,STK,532522,INE347G01014,PETRONET,A,,,,,PETRONET LNG LTD.,273.4,280.1,270.55,278.8,278.8,272.5,,278.0,,,38524,10586941.0,862,F1,1,,,,,
2025-08-07,2025-08-07,CM,BSE,STK,532523,INE376G01013,BIOCON,A,,,,,BIOCON LTD.,358.35,365.5,355.65,364.6,364.6,360.6,,364.2,,,147893,53416337.0,2648,F1,1,,,,,
2025-08-07,2025-08-07,CM,BSE,STK,532524,INE877F01012,PTC,A,,,,,PTC INDIA LTD.,181.45,182.5,178.1,180.8,181.5,181.75,,180.78,,,58414,10522339.0,1580,F1,1,,,,,
2025-08-07,2025-08-07,CM,BSE,STK,532525,INE457A01014,MAHABANK,A,,,,,BANK OF MAHARASHTRA,53.71,53.9,52.26,53.56,53.56,53.97,,53.57,,,1098728,58474679.0,5023,F1,1,,,,,
2025-08-07,2025-08-07,CM,BSE,STK,532527,INE399G01023,RKFORGE,A,,,,,RAMKRISHNA FORGINGS LTD.,556.85,584.05,556.85,577.6,577.6,560.55,,577.9,,,33420,19035556.0,1354,F1,1,,,,,
2025-08-07,2025-08-07,CM,BSE,STK,532528,INE365B01017,DATAMATICS,B,,,,,DATAMATICS GLOBAL SERVICES LTD,1040.0,1119.95,1027.6,1085.35,1080.0,1049.9,,1083.85,,,63676,69393339.0,3588,F1,1,,,,,
2025-08-07,2025-08-07,CM,BSE,STK,532529,INE155G01029,NDTV,T,,,,,NEW DELHI TELEVISION LTD.,130.9,134.45,130.0,131.5,131.5,134.45,,131.58,,,7691,1012142.0,200,F1,1,,,,,
2025-08-07,2025-08-07,CM,BSE,STK,532531,INE939A01011,STAR,A,,,,,STRIDES PHARMA SCIENCE LIMITED,792.05,814.45,783.7,797.35,796.0,805.65,,798.25,,,42797,34088221.0,1626,F1,1,,,,,
2025-08-07,2025-08-07,CM,BSE,STK,532532,INE455F01025,JPASSOCIAT,T,,,,,JAIPRAKASH ASSOCIATES LTD.,3.62,3.62,3.62,3.62,3.62,3.45,,3.66,,,269624,976038.0,57,F1,1,,,,,
2025-08-07,2025-08-07,CM,BSE,STK,532538,INE481G01011,ULTRACEMCO,A,,,,,ULTRATECH CEMENT LTD.,12113.05,12308.45,12113.05,12276.15,12287.8,12225.45,,12273.0,,,1898,23153923.0,558,F1,1,,,,,
2025-08-07,2025-08-07,CM,BSE,STK,532539,INE405E01023,UNOMINDA,A,,,,,UNO Minda Limited,1084.55,1121.75,1078.5,1107.25,1107.25,1085.2,,1107.1,,,47827,52943961.0,3392,F1,1,,,,,
2025-08-07,2025-08-07,CM,BSE,STK,532540,INE467B01029,TCS,A,,,,,TATA CONSULTANCY SERVICES LTD.,3029.85,3050.95,3012.0,3047.15,3047.15,3031.6,,3047.0,,,88044,266349547.0,6401,F1,1,,,,,
2025-08-07,2025-08-07,CM,BSE,STK,532541,INE591G01025,COFORGE,A,,,,,COFORGE LIMITED,1633.0,1708.85,1633.0,1704.85,1703.0,1637.9,,1704.1,,,37769,63160075.0,3396,F1,1,,,,,
2025-08-07,2025-08-07,CM,BSE,STK,532543,INE586G01017,GULFPETRO,B,,,,,GP PETROLEUMS LTD,40.4,41.47,40.4,41.0,41.04,41.01,,41.09,,,11707,479499.0,537,F1,1,,,,,
2025-08-07,2025-08-07,CM,BSE,STK,532548,INE348B01021,CENTURYPLY,A,,,,,CENTURY PLYBOARDS (I) LTD.,755.15,783.5,724.5,741.55,746.95,748.4,,738.35,,,19128,14499239.0,1252,F1,1,,,,,
2025-08-07,2025-08-07,CM,BSE,STK,532553,INE625G01013,WELENT,A,,,,,WELSPUN ENTERPRISES LIMTED,453.05,465.8,448.0,455.95,458.0,461.7,,456.35,,,65555,30016017.0,1951,F1,1,,,,,
2025-08-07,2025-08-07,CM,BSE,STK,532555,INE733E01010,NTPC,A,,,,,NTPC LTD.,331.35,332.1,328.75,330.0,330.0,332.3,,329.75,,,367278,121409904.0,5500,F1,1,,,,,
2025-08-07,2025-08-07,CM,BSE,STK,532604,INE658G01014,SALSTEEL,B,,,,,S.A.L.STEEL LTD.,16.18,16.67,15.8,15.87,15.8,16.19,,15.88,,,11329,181235.0,163,F1,1,,,,,
2025-08-07,2025-08-07,CM,BSE,STK,532605,INE927D01051,JBMA,A,,,,,JBM AUTO LTD.,611.05,618.7,595.5,612.45,612.05,620.9,,612.4,,,34388,20931956.0,1929,F1,1,,,,,
2025-08-07,2025-08-07,CM,BSE,STK,532610,INE366A01041,DWARKESH,B,,,,,DWARIKESH SUGAR INDUSTRIES LTD,41.28,42.09,40.25,41.0,41.0,41.28,,41.08,,,87844,3613606.0,1117,F1,1,,,,,
2025-08-07,2025-08-07,CM,BSE,STK,532612,INE873D01024,INDOCO,B,,,,,INDOCO REMEDIES LTD.,290.1,300.95,280.15,283.55,282.8,290.7,,284.05,,,4708,1362318.0,321,F1,1,,,,,
2025-08-07,2025-08-07,CM,BSE,STK,532613,INE450G01024,VIPCLOTHNG,B,,,,,VIP Clothing Limited,38.01,41.0,38.01,39.48,39.5,38.95,,39.58,,,80273,3163651.0,481,F1,1,,,,,
2025-08-07,2025-08-07,CM,BSE,STK,532614,INE691G01015,IMPEXFERRO,Z,,,,,IMPEX FERRO TECH LTD.,1.94,1.96,1.93,1.94,1.96,1.92,,1.96,,,1567,3032.0,5,F1,1,,,,,
2025-08-07,2025-08-07,CM,BSE,STK,532616,INE692G01013,XCHANGING,B,,,,,XCHANGING SOLUTIONS LTD.,84.67,84.67,82.36,83.97,84.04,84.25,,84.09,,,16790,1396815.0,497,F1,1,,,,,
2025-08-07,2025-08-07,CM,BSE,STK,532621,INE161G01027,MORARJEE,Z,,,,,MORARJEE TEXTILES LTD.,7.61,8.24,7.51,7.99,8.0,7.85,,7.79,,,4091,32106.0,14,F1,1,,,,,
2025-08-07,2025-08-07,CM,BSE,STK,532624,INE796G01012,JINDALPHOT,T,,,,,JINDAL PHOTO LTD.,834.0,834.0,815.0,834.0,834.0,835.0,,823.1,,,331,270270.0,19,F1,1,,,,,
2025-08-07,2025-08-07,CM,BSE,STK,532626,INE063E01053,POCL,B,,,,,PONDY OXIDES & CHEMICALS LTD.,1074.65,1123.4,1065.0,1102.1,1100.0,1106.1,,1103.0,,,7709,8409364.0,485,F1,1,,,,,
2025-08-07,2025-08-07,CM,BSE,STK,532627,INE351F01018,JPPOWER,A,,,,,JAIPRAKASH POWER VENTURES LIMI,18.9,19.05,18.36,18.94,18.94,19.09,,18.94,,,7450559,139401961.0,14454,F1,1,,,,,
2025-08-07,2025-08-07,CM,BSE,STK,532628,INE748C01038,3IINFOLTD,B,,,,,3I INFOTECH LTD.,22.83,23.25,22.6,23.07,23.25,23.0,,23.02,,,80126,1839196.0,295,F1,1,,,,,
2025-08-07,2025-08-07,CM,BSE,STK,532630,INE887G01027,GOKEX,A,,,,,GOKALDAS EXPORTS LTD.,691.05,725.85,685.9,721.75,724.0,713.45,,722.5,,,88721,62805172.0,4423,F1,1,,,,,
2025-08-07,2025-08-07,CM,BSE,STK,532633,INE835G01018,ALLDIGI,B,,,,,Alldigi Tech Limited,1001.0,1076.75,1001.0,1071.25,1072.45,1068.2,,1070.7,,,3209,3421943.0,524,F1,1,,,,,
2025-08-07,2025-08-07,CM,BSE,STK,532636,INE530B01024,IIFL,A,,,,,IIFL FINANCE LIMITED,450.95,455.3,441.1,454.25,454.25,452.55,,454.45,,,71927,32318839.0,1786,F1,1,,,,,
2025-08-07,2025-08-07,CM,BSE,STK,532637,INE584F01014,MANGALAM,B,,,,,MANGALAM DRUGS & ORGANICS LTD.,78.62,86.77,78.62,83.59,83.8,84.03,,83.25,,,1553,131546.0,125,F1,1,,,,,
2025-08-07,2025-08-07,CM,BSE,STK,532638,INE498B01024,SHOPERSTOP,A,,,,,SHOPPERS STOP LTD.,520.0,520.0,508.0,514.3,513.0,515.0,,513.9,,,703,359906.0,61,F1,1,,,,,
2025-08-07,2025-08-07,CM,BSE,STK,532640,INE278G01037,CYBERMEDIA,B,,,,,CYBER MEDIA (INDIA) LTD.,17.8,17.8,16.59,16.76,16.76,16.38,,16.71,,,23929,421562.0,56,F1,1,,,,,
2025-08-07,2025-08-07,CM,BSE,STK,532641,INE875G01048,NDL,B,,,,,NANDAN DENIM LIMITED,3.55,3.56,3.4,3.52,3.52,3.49,,3.51,,,609748,2116090.0,579,F1,1,,,,,
2025-08-07,2025-08-07,CM,BSE,STK,532642,INE824G01012,JSWHL,A,,,,,JSW HOLDINGS LIMITED,18900.0,18993.95,18006.55,18158.3,18557.1,18954.25,,18190.0,,,526,9609772.0,265,F1,1,,,,,
2025-08-07,2025-08-07,CM,BSE,STK,532644,INE823G01014,JKCEMENT,A,,,,,J.K.CEMENT LTD.,6970.0,7089.0,6764.0,6874.9,6874.9,6957.25,,6888.0,,,3802,26558643.0,948,F1,1,,,,,
2025-08-07,2025-08-07,CM,BSE,STK,532645,INE052B01011,BEEYU,X,,,,,BEEYU OVERSEAS LTD.,3.16,3.29,3.16,3.28,3.28,3.3,,3.28,,,7564,24092.0,11,F1,1,,,,,
2025-08-07,2025-08-07,CM,BSE,STK,532648,INE528G01035,YESBANK,A,,,,,YES BANK LTD.,18.63,18.83,18.38,18.78,18.78,18.73,,18.77,,,6203259,115437478.0,31493,F1,1,,,,,
2025-08-07,2025-08-07,CM,BSE,STK,532649,INE023H01027,NECLIFE,T,,,,,NECTAR LIFESCIENCES LTD.,13.74,13.9,13.35,13.36,13.39,14.05,,13.35,,,183947,2468834.0,495,F1,1,,,,,
2025-08-07,2025-08-07,CM,BSE,STK,532650,INE752G01015,MSPL,B,,,,,MSP STEEL & POWER LTD.,31.72,32.57,31.11,31.83,32.05,31.61,,31.81,,,81181,2580906.0,569,F1,1,,,,,
2025-08-07,2025-08-07,CM,BSE,STK,532651,INE978G01016,SPLIL,T,,,,,SPL INDUSTRIES LTD.,38.81,38.81,38.8,38.8,38.8,39.59,,38.8,,,1438,55799.0,6,F1,1,,,,,
2025-08-07,2025-08-07,CM,BSE,STK,532652,INE614B01018,KTKBANK,A,,,,,KARNATAKA BANK LTD.,175.0,175.95,171.6,173.85,173.85,175.05,,173.67,,,140880,24498206.0,7013,F1,1,,,,,
2025-08-07,2025-08-07,CM,BSE,STK,532654,INE942G01012,MCLEODRUSS,B,,,,,MCLEOD RUSSEL INDIA LTD.,37.14,38.2,35.5,36.74,37.04,37.14,,36.78,,,82551,3050435.0,698,F1,1,,,,,
2025-08-07,2025-08-07,CM,BSE,STK,532656,INE828G01013,FACORALL,X,,,,,FACOR ALLOYS LTD.,3.52,3.56,3.4,3.5,3.5,3.45,,3.5,,,56522,195404.0,176,F1,1,,,,,
2025-08-07,2025-08-07,CM,BSE,STK,532661,INE050H01012,RML,B,,,,,RANE (MADRAS) LTD.,821.0,826.75,813.85,816.4,815.0,830.5,,820.2,,,2139,1751870.0,209,F1,1,,,,,
2025-08-07,2025-08-07,CM,BSE,STK,532662,INE501G01024,HTMEDIA,T,,,,,HT MEDIA LTD.,23.5,23.8,23.26,23.51,23.51,23.48,,23.4,,,10210,242146.0,58,F1,1,,,,,
2025-08-07,2025-08-07,CM,BSE,STK,532663,INE231F01020,SASKEN,B,,,,,Sasken Technologies Limited,1448.85,1465.85,1427.8,1464.85,1465.0,1445.65,,1465.7,,,236,342963.0,54,F1,1,,,,,
2025-08-07,2025-08-07,CM,BSE,STK,532666,INE512B01022,FCSSOFT,B,,,,,FCS SOFTWARE SOLUTIONS LTD.,2.44,2.46,2.41,2.42,2.42,2.44,,2.41,,,703315,1708407.0,568,F1,1,,,,,
2025-08-07,2025-08-07,CM,BSE,STK,532667,INE040H01021,SUZLON,A,,,,,SUZLON ENERGY LTD.,64.99,65.28,62.21,64.2,64.2,65.25,,64.21,,,5499908,351032082.0,16559,F1,1,,,,,
2025-08-07,2025-08-07,CM,BSE,STK,532668,INE132H01018,AURIONPRO,A,,,,,AURIONPRO SOLUTIONS LTD.,1450.0,1457.35,1425.85,1437.7,1427.15,1462.25,,1435.7,,,4508,6487659.0,581,F1,1,,,,,
2025-08-07,2025-08-07,CM,BSE,STK,532670,INE087H01022,RENUKA,A,,,,,SHREE RENUKA SUGARS LTD.,29.11,29.42,28.43,28.94,29.14,29.36,,28.96,,,208289,6026516.0,960,F1,1,,,,,
2025-08-07,2025-08-07,CM,BSE,STK,532673,INE157H01023,KMSUGAR,B,,,,,K.M.SUGAR MILLS LTD.,26.5,26.76,25.6,26.54,26.68,26.35,,26.26,,,23279,606927.0,235,F1,1,,,,,
2025-08-07,2025-08-07,CM,BSE,STK,532674,INE186H01022,BASML,B,,,,,BANNARI AMMAN SPINNING MILLS L,30.5,30.5,27.91,28.51,28.66,28.96,,28.53,,,23346,659996.0,334,F1,1,,,,,
2025-08-07,2025-08-07,CM,BSE,STK,532676,INE160H01019,PBAINFRA,X,,,,,PBA INFRASTRUCTURE LTD.,13.99,13.99,13.1,13.12,13.59,13.51,,13.12,,,3022,39969.0,31,F1,1,,,,,
2025-08-07,2025-08-07,CM,BSE,STK,532683,INE212H01026,AIAENG,A,,,,,AIA ENGINEERING LTD.,3217.65,3217.65,3131.75,3148.95,3155.0,3189.1,,3150.0,,,976,3074848.0,204,F1,1,,,,,
2025-08-07,2025-08-07,CM,BSE,STK,532684,INE184H01027,EKC,B,,,,,EVEREST KANTO CYLINDER LTD.,130.05,131.5,128.0,130.9,130.9,130.75,,130.87,,,22960,2965232.0,548,F1,1,,,,,
2025-08-07,2025-08-07,CM,BSE,STK,532686,INE202H01019,KERNEX,T,,,,,KERNEX MICROSYSTEMS (INDIA) LT,1064.0,1064.0,1015.0,1035.15,1041.0,1064.9,,1034.2,,,6472,6704110.0,530,F1,1,,,,,
2025-08-07,2025-08-07,CM,BSE,STK,532687,INE461B01014,REPRO,B,,,,,REPRO INDIA LTD.,509.45,516.0,506.3,511.6,511.6,505.35,,514.8,,,42,21479.0,20,F1,1,,,,,
2025-08-07,2025-08-07,CM,BSE,STK,532689,INE191H01014,PVRINOX,A,,,,,PVR INOX LIMITED,1039.0,1085.0,1039.0,1068.45,1065.0,1035.4,,1067.5,,,89947,96379810.0,4268,F1,1,,,,,
2025-08-07,2025-08-07,CM,BSE,STK,532694,INE855F01042,ASMS,B,,,,,BARTRONICS INDIA LTD.,12.67,12.75,12.17,12.65,12.75,12.49,,12.67,,,26377,326279.0,247,F1,1,,,,,
2025-08-07,2025-08-07,CM,BSE,STK,532695,INE185H01016,CELEBRITY,B,,,,,CELEBRITY FASHIONS LTD.,12.73,12.74,12.57,12.71,12.57,12.9,,12.62,,,1241,15783.0,10,F1,1,,,,,
2025-08-07,2025-08-07,CM,BSE,STK,532698,INE229H01012,NITINSPIN,B,,,,,NITIN SPINNERS LTD.,348.0,348.0,332.0,334.45,338.05,349.05,,335.05,,,16927,5686241.0,1003,F1,1,,,,,
2025-08-07,2025-08-07,CM,BSE,STK,532699,INE283H01019,ROHLTD,B,,,,,ROYAL ORCHID HOTELS LTD.,395.2,410.15,393.8,404.35,409.0,398.4,,406.05,,,900,360007.0,64,F1,1,,,,,
2025-08-07,2025-08-07,CM,BSE,STK,532700,INE265F01028,ENIL,B,,,,,ENTERTAINMENT NETWORK (INDIA),149.5,162.8,149.5,161.0,160.95,152.8,,160.85,,,5952,937357.0,218,F1,1,,,,,
2025-08-07,2025-08-07,CM,BSE,STK,532701,INE266H01014,CELLA,Z,,,,,CELLA SPACE LIMITED,12.71,13.97,12.71,13.97,13.97,13.34,,13.97,,,4409,61078.0,22,F1,1,,,,,
2025-08-07,2025-08-07,CM,BSE,STK,532702,INE246F01010,GSPL,A,,,,,GUJARAT STATE PETRONET LTD.,300.0,304.45,296.75,300.4,303.1,303.7,,299.75,,,11175,3352726.0,553,F1,1,,,,,
2025-08-07,2025-08-07,CM,BSE,STK,532705,INE199G01027,JAGRAN,B,,,,,JAGRAN PRAKASHAN LTD.,74.0,74.0,71.21,71.98,72.0,72.44,,72.14,,,18748,1344445.0,383,F1,1,,,,,
2025-08-07,2025-08-07,CM,BSE,STK,532707,INE256H01015,DYNPRO,B,,,,,DYNEMIC PRODUCTS LTD.,338.55,345.85,334.0,344.0,345.85,339.75,,344.45,,,1043,354208.0,100,F1,1,,,,,
2025-08-07,2025-08-07,CM,BSE,STK,532708,INE251H01024,GVKPIL,T,,,,,GVK POWER & INFRASTRUCTURE LTD,3.63,3.65,3.6,3.6,3.6,3.67,,3.59,,,107949,388762.0,300,F1,1,,,,,
2025-08-07,2025-08-07,CM,BSE,STK,532710,INE226H01026,SADBHAV,B,,,,,SADBHAV ENGINEERING LTD.,11.54,12.15,11.54,12.07,12.0,12.11,,11.99,,,40746,486583.0,177,F1,1,,,,,
2025-08-07,2025-08-07,CM,BSE,STK,532712,INE330H01018,RCOM,T,,,,,RELIANCE COMMUNICATIONS LTD.,1.59,1.62,1.51,1.57,1.57,1.57,,1.57,,,2709454,4296213.0,1303,F1,1,,,,,
2025-08-07,2025-08-07,CM,BSE,STK,532713,INE190H01024,SAKUMA,B,,,,,SAKUMA EXPORTS LTD.,2.71,2.71,2.6,2.66,2.67,2.71,,2.66,,,470883,1253249.0,670,F1,1,,,,,
2025-08-07,2025-08-07,CM,BSE,STK,532714,INE389H01022,KEC,A,,,,,KEC INTERNATIONAL LTD.,820.0,826.0,797.25,817.75,817.75,827.45,,817.8,,,34134,27686926.0,2266,F1,1,,,,,
2025-08-07,2025-08-07,CM,BSE,STK,532716,INE047B01011,GILLANDERS,B,,,,,GILLANDERS ARBUTHNOT & CO.LTD.,139.2,139.2,131.25,133.7,133.2,138.4,,132.93,,,2464,328191.0,236,F1,1,,,,,
2025-08-07,2025-08-07,CM,BSE,STK,532717,INE332H01014,INDOTECH,B,,,,,INDO TECH TRANSFORMERS LTD.,1595.0,1611.25,1540.0,1596.55,1611.0,1597.95,,1597.9,,,4172,6624682.0,743,F1,1,,,,,
2025-08-07,2025-08-07,CM,BSE,STK,532719,INE350H01032,BLKASHYAP,B,,,,,B.L.KASHYAP AND SONS LTD.,69.5,71.5,67.71,70.36,71.5,70.63,,70.61,,,44612,3111688.0,522,F1,1,,,,,
2025-08-07,2025-08-07,CM,BSE,STK,532720,INE774D01024,M&MFIN,A,,,,,MAHINDRA & MAHINDRA FINANCIAL,252.0,254.95,250.9,253.6,254.85,253.35,,253.6,,,59312,14990390.0,1193,F1,1,,,,,
2025-08-07,2025-08-07,CM,BSE,STK,532721,INE286H01012,VISASTEEL,T,,,,,VISA STEEL LTD.,33.05,34.0,31.55,33.32,33.32,33.05,,33.18,,,224,7246.0,12,F1,1,,,,,
2025-08-07,2025-08-07,CM,BSE,STK,532722,INE858F01012,NITCO,B,,,,,NITCO LTD.,125.05,126.6,122.4,124.25,124.0,123.6,,124.3,,,8630,1071136.0,223,F1,1,,,,,
2025-08-07,2025-08-07,CM,BSE,STK,532723,INE493H01014,MPDL,X,,,,,MPDL LIMITED,49.63,52.11,49.63,51.72,52.11,49.63,,51.72,,,1380,68858.0,15,F1,1,,,,,
2025-08-07,2025-08-07,CM,BSE,STK,532725,INE343H01029,SOLARINDS,A,,,,,SOLAR INDUSTRIES INDIA LTD.,15020.05,15062.1,14582.45,14902.6,14902.6,15014.2,,14896.0,,,6910,102457214.0,2422,F1,1,,,,,
2025-08-07,2025-08-07,CM,BSE,STK,532726,INE297H01019,GALLANTT,B,,,,,GALLANTT ISPAT LIMITED,778.05,792.8,765.25,771.1,772.4,784.2,,772.05,,,40196,31202654.0,1615,F1,1,,,,,
2025-08-07,2025-08-07,CM,BSE,STK,532728,INE383H01017,MALUPAPER,B,,,,,MALU PAPER MILLS LTD.,37.68,38.06,36.5,36.9,36.9,37.89,,37.16,,,1971,73212.0,36,F1,1,,,,,
2025-08-07,2025-08-07,CM,BSE,STK,532729,INE786F01031,UTTAMSUGAR,B,,,,,UTTAM SUGAR MILLS LTD.,240.0,243.4,235.2,240.35,240.6,242.7,,239.85,,,4966,1187011.0,164,F1,1,,,,,
2025-08-07,2025-08-07,CM,BSE,STK,532730,INE353H01010,SGL,T,,,,,STL GLOBAL LTD.,14.46,14.46,14.02,14.41,14.43,14.75,,14.41,,,5100,73181.0,48,F1,1,,,,,
2025-08-07,2025-08-07,CM,BSE,STK,532732,INE401H01017,KKCL,B,,,,,KEWAL KIRAN CLOTHING LTD.,549.9,575.4,548.6,568.7,575.4,557.25,,568.0,,,2339,1315099.0,282,F1,1,,,,,
2025-08-07,2025-08-07,CM,BSE,STK,532733,INE424H01027,SUNTV,A,,,,,SUN TV NETWORK LTD.,554.05,562.3,549.25,560.3,560.3,558.35,,560.6,,,8211,4564793.0,697,F1,1,,,,,
2025-08-07,2025-08-07,CM,BSE,STK,532734,INE177H01039,GPIL,A,,,,,GODAWARI POWER & ISPAT LTD.,188.8,192.0,185.2,190.95,190.95,190.55,,191.05,,,138106,25942025.0,2078,F1,1,,,,,
2025-08-07,2025-08-07,CM,BSE,STK,532735,INE411H01032,RSYSTEMS,B,,,,,R SYSTEMS INTERNATIONAL LTD.,439.7,439.7,420.6,430.05,430.0,438.3,,430.3,,,7705,3279299.0,423,F1,1,,,,,
2025-08-07,2025-08-07,CM,BSE,STK,532737,INE296H01011,EMKAY,B,,,,,EMKAY GLOBAL FINANCIAL SERVICE,230.1,231.8,225.2,226.1,226.1,228.0,,225.78,,,105,23877.0,26,F1,1,,,,,
2025-08-07,2025-08-07,CM,BSE,STK,532738,INE388G01026,TICL,T,,,,,TwamevConstruction and Infrast,28.91,28.95,28.91,28.91,28.91,29.5,,28.91,,,2521,72884.0,15,F1,1,,,,,
2025-08-07,2025-08-07,CM,BSE,STK,532740,INE397H01017,LOKESHMACH,B,,,,,LOKESH MACHINES LTD.,212.0,217.0,208.3,215.15,215.2,214.05,,214.58,,,15503,3296801.0,636,F1,1,,,,,
2025-08-07,2025-08-07,CM,BSE,STK,532741,INE390H01020,KAMDHENU,B,,,,,Kamdhenu Limited,29.5,29.96,29.0,29.44,29.44,29.56,,29.47,,,142587,4232508.0,392,F1,1,,,,,
2025-08-07,2025-08-07,CM,BSE,STK,532742,INE111F01016,PAUSHAKLTD,B,,,,,PAUSHAK LTD.,5990.0,6060.0,5810.5,6001.4,6001.4,5860.05,,6001.4,,,16681,99171135.0,3039,F1,1,,,,,
2025-08-07,2025-08-07,CM,BSE,STK,532744,INE302H01017,GTNTEX,X,,,,,GTN TEXTILES LTD.,8.01,8.89,8.01,8.88,8.88,8.93,,8.88,,,587,5126.0,9,F1,1,,,,,
2025-08-07,2025-08-07,CM,BSE,STK,532745,INE347H01012,INDICAP,X,,,,,INDITRADE CAPITAL LIMITED,6.99,6.99,6.33,6.6,6.73,6.85,,6.6,,,18096,117303.0,88,F1,1,,,,,
2025-08-07,2025-08-07,CM,BSE,STK,532748,INE367G01038,PFOCUS,B,,,,,PRIME FOCUS LTD.,154.8,158.85,147.85,156.7,156.7,152.6,,156.81,,,266753,41033480.0,1379,F1,1,,,,,
2025-08-07,2025-08-07,CM,BSE,STK,532749,INE418H01029,ALLCARGO,A,,,,,ALLCARGO LOGISTICS LTD.,34.07,34.99,34.07,34.93,34.93,34.77,,34.93,,,343438,11880269.0,1481,F1,1,,,,,
2025-08-07,2025-08-07,CM,BSE,STK,532754,INE776C01039,GMRAIRPORT,A,,,,,GMR Airports Limited,90.88,91.16,88.99,90.66,90.88,91.21,,90.63,,,246287,22198788.0,1890,F1,1,,,,,
2025-08-07,2025-08-07,CM,BSE,STK,532755,INE669C01036,TECHM,A,,,,,TECH MAHINDRA LTD.,1447.35,1493.0,1447.35,1483.9,1483.9,1459.4,,1482.0,,,26996,39602550.0,2027,F1,1,,,,,
2025-08-07,2025-08-07,CM,BSE,STK,532756,INE536H01010,CIEINDIA,A,,,,,CIE Automotive India Limited,400.0,402.6,396.0,399.85,400.0,403.4,,399.6,,,5163,2058208.0,339,F1,1,,,,,
2025-08-07,2025-08-07,CM,BSE,STK,532757,INE540H01012,VOLTAMP,A,,,,,VOLTAMP TRANSFORMERS LTD.,8249.15,8249.15,7853.0,8036.3,8042.5,8202.8,,8033.0,,,3009,24022364.0,981,F1,1,,,,,
2025-08-07,2025-08-07,CM,BSE,STK,532759,INE285H01022,ATLANTAA,B,,,,,ATLANTAA LIMITED,33.58,36.17,33.58,35.05,35.05,33.44,,34.96,,,32348,1149245.0,397,F1,1,,,,,
2025-08-07,2025-08-07,CM,BSE,STK,532761,INE596H01014,HOVS,T,,,,,HOV SERVICES LTD.,50.6,54.8,50.0,54.8,54.8,52.55,,54.08,,,1168,60069.0,15,F1,1,,,,,
2025-08-07,2025-08-07,CM,BSE,STK,532762,INE731H01025,ACE,A,,,,,ACTION CONSTRUCTION EQUIPMENT,1072.65,1128.2,1063.0,1104.55,1106.2,1080.35,,1104.9,,,6314,6891290.0,565,F1,1,,,,,
2025-08-07,2025-08-07,CM,BSE,STK,532764,INE916G01016,GEECEE,B,,,,,GEECEE VENTURES LIMITED,370.4,383.45,367.6,381.9,382.0,381.5,,381.0,,,803,306200.0,137,F1,1,,,,,
2025-08-07,2025-08-07,CM,BSE,STK,532766,INE516H01012,RICHAIND,Z,,,,,RICHA INDUSTRIES LTD.,1.77,1.77,1.71,1.71,1.71,1.71,,1.71,,,4054,7041.0,37,F1,1,,,,,
2025-08-07,2025-08-07,CM,BSE,STK,532767,INE336H01023,GAYAPROJ,Z,,,,,GAYATRI PROJECTS LTD.,8.86,8.86,8.04,8.53,8.53,8.45,,8.63,,,8327,68880.0,25,F1,1,,,,,
2025-08-07,2025-08-07,CM,BSE,STK,532768,INE737H01014,FIEMIND,B,,,,,FIEM INDUSTRIES LTD.,1878.9,1890.0,1840.0,1850.0,1850.0,1884.3,,1849.7,,,834,1556760.0,125,F1,1,,,,,
2025-08-07,2025-08-07,CM,BSE,STK,532771,INE544H01014,JHS,B,,,,,JHS SVENDGAARD LABORATORIES LT,11.48,12.31,10.71,10.8,10.77,11.48,,10.86,,,28477,324518.0,258,F1,1,,,,,
2025-08-07,2025-08-07,CM,BSE,STK,532772,INE503A01015,DCBBANK,A,,,,,DCB BANK LIMITED,127.65,129.25,126.25,128.0,128.0,129.2,,128.07,,,91872,11747171.0,1033,F1,1,,,,,
2025-08-07,2025-08-07,CM,BSE,STK,532773,INE792H01019,GLOBALVECT,B,,,,,GLOBAL VECTRA HELICORP LTD.,228.55,234.35,226.85,232.75,230.9,228.55,,232.23,,,1775,408162.0,163,F1,1,,,,,
2025-08-07,2025-08-07,CM,BSE,STK,532774,INE020G01017,INSPIRISYS,T,,,,,Inspirisys Solutions Limited,104.5,107.45,104.05,105.5,107.45,107.65,,106.11,,,1773,186523.0,12,F1,1,,,,,
2025-08-07,2025-08-07,CM,BSE,STK,532775,INE221H01019,GTLINFRA,A,,,,,GTL INFRASTRUCTURE LTD.,1.52,1.53,1.5,1.51,1.51,1.53,,1.51,,,5898071,8917950.0,18874,F1,1,,,,,
2025-08-07,2025-08-07,CM,BSE,STK,532776,INE637H01024,SHIVAMAUTO,B,,,,,SHIVAM AUTOTECH LTD.,28.94,28.94,28.0,28.06,28.11,28.78,,28.02,,,5667,159326.0,152,F1,1,,,,,
2025-08-07,2025-08-07,CM,BSE,STK,532777,INE663F01032,NAUKRI,A,,,,,INFO EDGE (INDIA) LTD.,1313.2,1371.1,1310.75,1362.0,1362.0,1322.5,,1361.7,,,168388,226040075.0,3567,F1,1,,,,,
2025-08-07,2025-08-07,CM,BSE,STK,532779,INE813H01021,TORNTPOWER,A,,,,,TORRENT POWER LTD.,1309.9,1359.8,1309.8,1357.6,1358.5,1319.95,,1357.5,,,43296,58233838.0,3367,F1,1,,,,,
2025-08-07,2025-08-07,CM,BSE,STK,532780,INE561H01026,PARSVNATH,T,,,,,PARSVNATH DEVELOPERS LTD.,15.6,16.28,15.6,16.05,16.05,16.42,,16.01,,,98791,1548398.0,219,F1,1,,,,,
2025-08-07,2025-08-07,CM,BSE,STK,532782,INE645H01027,SUTLEJTEX,B,,,,,SUTLEJ TEXTILES & INDUSTRIES L,39.57,39.62,36.6,37.81,37.92,39.83,,37.78,,,7810,296500.0,258,F1,1,,,,,
2025-08-07,2025-08-07,CM,BSE,STK,532783,INE818H01020,LTFOODS,A,,,,,LT FOODS LTD.,456.4,466.65,451.9,461.8,462.65,467.5,,461.2,,,41771,19138981.0,1037,F1,1,,,,,
2025-08-07,2025-08-07,CM,BSE,STK,532784,INE671H01015,SOBHA,A,,,,,SOBHA,1574.95,1574.95,1522.55,1557.9,1572.4,1561.6,,1559.9,,,5297,8162004.0,584,F1,1,,,,,
2025-08-07,2025-08-07,CM,BSE,STK,532785,INE803H01014,RUCHIRA,B,,,,,RUCHIRA PAPERS LTD.,134.6,134.6,131.5,133.3,133.3,133.3,,133.37,,,4323,572993.0,138,F1,1,,,,,
2025-08-07,2025-08-07,CM,BSE,STK,532790,INE483C01032,TANLA,A,,,,,TANLA PLATFORMS LIMITED,649.95,651.4,625.2,642.2,643.8,651.4,,641.95,,,57159,36593704.0,1638,F1,1,,,,,
2025-08-07,2025-08-07,CM,BSE,STK,532794,INE966H01019,ZEEMEDIA,B,,,,,ZEE MEDIA CORPORATION LIMITED,12.54,12.9,12.54,12.83,12.9,12.76,,12.79,,,184170,2337643.0,528,F1,1,,,,,
2025-08-07,2025-08-07,CM,BSE,STK,532795,INE965H01011,SITINET,Z,,,,,Siti Networks Ltd.,0.52,0.53,0.51,0.53,0.53,0.52,,0.53,,,126308,66504.0,68,F1,1,,,,,
2025-08-07,2025-08-07,CM,BSE,STK,532796,INE872H01027,LUMAXTECH,B,,,,,LUMAX AUTO TECHNOLOGIES LTD.,1186.05,1221.0,1035.2,1040.75,1040.75,1150.2,,1039.2,,,31315,34624691.0,1448,F1,1,,,,,
2025-08-07,2025-08-07,CM,BSE,STK,532797,INE718H01014,AUTOIND,B,,,,,AUTOLINE INDUSTRIES LTD.,70.9,73.0,69.55,72.46,71.85,71.65,,72.29,,,8012,569808.0,208,F1,1,,,,,
2025-08-07,2025-08-07,CM,BSE,STK,532798,INE870H01013,NETWORK18,A,,,,,NETWORK18 MEDIA & INVESTMENTS,57.12,57.88,54.7,56.28,56.28,57.27,,56.29,,,898278,50274670.0,3737,F1,1,,,,,
2025-08-07,2025-08-07,CM,BSE,STK,532799,INE703H01016,HUBTOWN,B,,,,,HUBTOWN LTD.,332.1,344.05,332.1,337.15,337.15,337.85,,336.75,,,38756,13085683.0,964,F1,1,,,,,
2025-08-07,2025-08-07,CM,BSE,STK,532801,INE627H01017,CTE,T,,,,,CAMBRIDGE TECHNOLOGY ENTERPRIS,42.0,42.0,41.99,41.99,41.99,42.79,,40.69,,,75,3149.0,2,F1,1,,,,,
2025-08-07,2025-08-07,CM,BSE,STK,532804,INE545H01011,TIIL,B,,,,,TECHNOCRAFT INDUSTRIES (INDIA),3190.0,3190.0,3051.0,3072.8,3072.8,3185.05,,3072.9,,,924,2869490.0,329,F1,1,,,,,
2025-08-07,2025-08-07,CM,BSE,STK,532805,INE891D01026,REDINGTON,A,,,,,Redington Limited,237.7,243.75,234.4,242.75,243.2,239.15,,242.85,,,117561,28296527.0,1654,F1,1,,,,,
2025-08-07,2025-08-07,CM,BSE,STK,532806,INE768E01024,AICHAMP,X,,,,,AI CHAMPDANY INDUSTRIES LTD.,52.66,57.8,52.66,57.45,57.45,59.13,,57.45,,,802,45935.0,37,F1,1,,,,,
2025-08-07,2025-08-07,CM,BSE,STK,532807,INE704H01022,CINELINE,B,,,,,CINELINE INDIA LIMITED,92.99,92.99,88.74,91.42,91.49,89.69,,91.42,,,7907,722296.0,250,F1,1,,,,,
2025-08-07,2025-08-07,CM,BSE,STK,532808,INE940H01022,PGIL,A,,,,,PEARL GLOBAL INDUSTRIES LIMITE,1306.95,1320.0,1264.85,1301.95,1301.95,1328.2,,1301.4,,,4178,5390452.0,698,F1,1,,,,,
2025-08-07,2025-08-07,CM,BSE,STK,532809,INE684F01012,FSL,A,,,,,FIRSTSOURCE SOLUTIONS LTD.,350.15,372.8,346.05,369.85,369.85,351.25,,369.85,,,191810,69816430.0,3121,F1,1,,,,,
2025-08-07,2025-08-07,CM,BSE,STK,532810,INE134E01011,PFC,A,,,,,POWER FINANCE CORPORATION LTD.,418.0,418.05,403.6,408.75,410.0,416.0,,408.95,,,390040,159962267.0,7251,F1,1,,,,,
2025-08-07,2025-08-07,CM,BSE,STK,532811,INE758C01029,AHLUCONT,B,,,,,AHLUWALIA CONTRACTS (INDIA) LT,945.05,972.85,945.05,956.25,964.0,964.95,,963.7,,,5645,5403661.0,401,F1,1,,,,,
2025-08-07,2025-08-07,CM,BSE,STK,532812,INE804H01012,TFL,T,,,,,TRANSWARRANTY FINANCE LTD.,18.03,18.03,17.95,17.95,17.95,17.9,,17.44,,,3,54.0,2,F1,1,,,,,
2025-08-07,2025-08-07,CM,BSE,STK,532814,INE562A01011,INDIANB,A,,,,,INDIAN BANK,631.15,649.9,631.15,647.3,647.3,637.55,,647.65,,,63263,40575958.0,2106,F1,1,,,,,
2025-08-07,2025-08-07,CM,BSE,STK,532815,INE812G01025,SMSPHARMA,B,,,,,SMS PHARMACEUTICALS LTD.,214.85,217.55,208.2,214.45,217.55,214.85,,214.95,,,10297,2204533.0,326,F1,1,,,,,
2025-08-07,2025-08-07,CM,BSE,STK,532817,INE998H01012,ORIENTALTL,T,,,,,ORIENTAL TRIMEX LTD.,9.3,9.82,9.1,9.77,9.82,9.36,,9.77,,,427798,4182964.0,597,F1,1,,,,,
2025-08-07,2025-08-07,CM,BSE,STK,532820,INE311H01018,ELAND,XT,,,,,E-Land Apparel Limited,28.4,29.1,26.41,26.54,27.0,27.79,,26.54,,,145609,3895191.0,105,F1,1,,,,,
2025-08-07,2025-08-07,CM,BSE,STK,532822,INE669E01016,IDEA,A,,,,,VODAFONE IDEA  LIMITED,6.78,6.82,6.6,6.72,6.72,6.79,,6.72,,,34069256,228238071.0,37205,F1,1,,,,,
2025-08-07,2025-08-07,CM,BSE,STK,532825,INE702H01018,JAGJANANI,X,,,,,JAGJANANI TEXTILES LTD.,10.2,10.2,9.01,9.26,9.26,9.61,,9.26,,,4532,41685.0,32,F1,1,,,,,
2025-08-07,2025-08-07,CM,BSE,STK,532826,INE952H01027,RAJTV,T,,,,,RAJ TELEVISION NETWORK LTD.,43.97,43.98,42.15,42.23,42.25,43.98,,42.23,,,744,32292.0,10,F1,1,,,,,
2025-08-07,2025-08-07,CM,BSE,STK,532827,INE761H01022,PAGEIND,A,,,,,PAGE INDUSTRIES LTD.,45401.05,46753.9,45400.0,45725.35,45725.35,46261.2,,45760.0,,,378,17383127.0,226,F1,1,,,,,
2025-08-07,2025-08-07,CM,BSE,STK,532829,INE976H01018,LEHAR,X,,,,,LEHAR FOOTWEARS LIMITED,257.75,261.0,257.0,258.35,257.75,257.75,,258.35,,,4229,1092503.0,74,F1,1,,,,,
2025-08-07,2025-08-07,CM,BSE,STK,532830,INE006I01046,ASTRAL,A,,,,,ASTRAL LIMITED,1412.1,1421.35,1392.95,1415.2,1415.1,1417.95,,1415.9,,,14697,20719500.0,1346,F1,1,,,,,
2025-08-07,2025-08-07,CM,BSE,STK,532832,INE069I01010,EMBDL,A,,,,,EMBASSY DEVELOPMENTS LIMITED,99.0,99.5,96.25,98.7,99.0,99.2,,98.73,,,163758,16017554.0,1336,F1,1,,,,,
2025-08-07,2025-08-07,CM,BSE,STK,532834,INE052I01032,CAMLINFINE,T,,,,,Camlin Fine Sciences Ltd,244.1,244.4,244.1,244.1,244.4,256.9,,244.5,,,90881,22184052.0,206,F1,1,,,,,
2025-08-07,2025-08-07,CM,BSE,STK,532835,INE725G01011,ICRA,B,,,,,ICRA LTD.,6253.5,6274.75,6007.0,6164.0,6191.0,6321.25,,6159.0,,,487,2969407.0,190,F1,1,,,,,
2025-08-07,2025-08-07,CM,BSE,STK,532839,INE836F01026,DISHTV,A,,,,,DISH TV INDIA LTD.,5.18,5.22,5.1,5.2,5.21,5.17,,5.19,,,293572,1508684.0,779,F1,1,,,,,
2025-08-07,2025-08-07,CM,BSE,STK,532841,INE280H01015,SAHYADRI,B,,,,,SAHYADRI INDUSTRIES LTD.,286.6,300.0,281.75,292.0,292.0,287.1,,294.6,,,5870,1681956.0,119,F1,1,,,,,
2025-08-07,2025-08-07,CM,BSE,STK,532842,INE917H01012,SRHHYPOLTD,B,,,,,SREE RAYALASEEMA HI-STRENGTH H,606.45,608.65,591.0,600.3,607.95,606.9,,598.85,,,3187,1910412.0,267,F1,1,,,,,
2025-08-07,2025-08-07,CM,BSE,STK,532843,INE061F01013,FORTIS,A,,,,,FORTIS HEALTHCARE LTD.,892.65,904.75,874.45,884.55,882.0,857.7,,884.0,,,267316,237565726.0,10042,F1,1,,,,,
2025-08-07,2025-08-07,CM,BSE,STK,532845,INE797H01018,TGBHOTELS,B,,,,,TGB BANQUETS AND HOTELS LTD.,11.58,12.65,11.27,11.95,12.65,11.41,,11.61,,,1550,18391.0,42,F1,1,,,,,
2025-08-07,2025-08-07,CM,BSE,STK,532847,INE788H01017,HILTON,T,,,,,HILTON METAL FORGING LTD.,56.4,56.54,54.8,56.0,56.0,56.5,,55.87,,,11159,616699.0,60,F1,1,,,,,
2025-08-07,2025-08-07,CM,BSE,STK,532848,INE124G01033,DELTACORP,A,,,,,DELTA CORP LTD.,83.0,84.8,81.32,83.38,82.17,82.66,,83.3,,,81591,6745783.0,1269,F1,1,,,,,
2025-08-07,2025-08-07,CM,BSE,STK,532850,INE287C01037,MICEL,B,,,,,MIC ELECTRONICS LTD.,50.08,51.15,49.03,49.3,49.3,50.54,,49.24,,,128440,6375699.0,738,F1,1,,,,,
2025-08-07,2025-08-07,CM,BSE,STK,532851,INE070I01018,INSECTICID,B,,,,,INSECTICIDES (INDIA) LTD.,1035.3,1046.9,1012.25,1018.25,1016.1,1035.7,,1019.0,,,4615,4711832.0,426,F1,1,,,,,
2025-08-07,2025-08-07,CM,BSE,STK,532853,INE228I01012,ASAHISONG,T,,,,,ASAHI SONGWON COLORS LTD.,292.6,293.0,292.6,292.6,292.6,308.0,,286.85,,,1180,345272.0,38,F1,1,,,,,
2025-08-07,2025-08-07,CM,BSE,STK,532855,INE928H01019,HARYNACAP,X,,,,,HARYANA CAPFIN LTD.,194.5,199.5,192.0,195.4,199.5,194.5,,195.4,,,374,72681.0,24,F1,1,,,,,
2025-08-07,2025-08-07,CM,BSE,STK,532856,INE508G01029,TIMETECHNO,A,,,,,TIME TECHNOPLAST LTD.,447.95,453.0,438.6,450.5,450.5,444.45,,449.75,,,16382,7300650.0,837,F1,1,,,,,
2025-08-07,2025-08-07,CM,BSE,STK,532859,INE170I01016,HGS,B,,,,,HINDUJA GLOBAL SOLUTIONS LTD.,568.05,570.0,538.0,541.05,538.0,579.7,,540.75,,,4553,2493609.0,662,F1,1,,,,,
2025-08-07,2025-08-07,CM,BSE,STK,532864,INE189I01024,NELCAST,B,,,,,NELCAST LTD.,165.05,174.5,165.05,173.75,172.45,169.1,,173.89,,,64391,11022692.0,1395,F1,1,,,,,
2025-08-07,2025-08-07,CM,BSE,STK,532867,INE945H01013,V2RETAIL,B,,,,,V2 RETAIL LTD.,1679.1,1703.7,1650.0,1695.6,1703.7,1681.8,,1694.0,,,4019,6724343.0,396,F1,1,,,,,
2025-08-07,2025-08-07,CM,BSE,STK,532868,INE271C01023,DLF,A,,,,,DLF LTD.,757.65,762.9,746.4,759.95,759.0,765.25,,759.65,,,83845,63382669.0,3477,F1,1,,,,,
2025-08-07,2025-08-07,CM,BSE,STK,532869,INE924H01018,TARMAT,B,,,,,TARMAT LTD.,54.23,54.9,52.54,54.01,54.01,55.05,,53.56,,,2770,147782.0,47,F1,1,,,,,
2025-08-07,2025-08-07,CM,BSE,STK,532870,INE106I01010,ANKITMETAL,Z,,,,,ANKIT METAL & POWER LTD.,1.9,2.04,1.9,1.96,1.96,1.96,,1.93,,,4346,8518.0,20,F1,1,,,,,
2025-08-07,2025-08-07,CM,BSE,STK,532872,INE232I01014,SPARC,A,,,,,SUN PHARMA ADVANCED RESEARCH C,138.6,147.4,138.0,146.15,146.15,140.4,,145.98,,,31946,4592200.0,633,F1,1,,,,,
2025-08-07,2025-08-07,CM,BSE,STK,532873,INE191I01012,HDIL,Z,,,,,HOUSING DEVELOPMENT & INFRASTR,3.32,3.32,3.13,3.13,3.13,3.29,,3.12,,,50335,158482.0,133,F1,1,,,,,
2025-08-07,2025-08-07,CM,BSE,STK,532875,INE102I01027,ADSL,B,,,,,ALLIED DIGITAL SERVICES LTD.,175.75,175.85,168.8,171.3,171.35,174.35,,171.11,,,28925,4984799.0,993,F1,1,,,,,
2025-08-07,2025-08-07,CM,BSE,STK,532878,INE385I01010,ALPA,B,,,,,ALPA LABORATORIES LTD.,98.25,98.25,94.75,96.0,95.85,97.55,,96.08,,,6351,607197.0,189,F1,1,,,,,
2025-08-07,2025-08-07,CM,BSE,STK,532879,INE117H01019,SSLEL,X,,,,,SIR SHADI LAL ENTERPRISES LTD.,230.8,231.0,220.55,225.0,225.0,221.45,,225.0,,,3071,692474.0,34,F1,1,,,,,
2025-08-07,2025-08-07,CM,BSE,STK,532880,INE800H01010,OMAXE,B,,,,,OMAXE LTD.,92.39,95.03,91.82,94.9,95.02,93.35,,94.73,,,8411,783572.0,222,F1,1,,,,,
2025-08-07,2025-08-07,CM,BSE,STK,532884,INE056I01025,REFEX,A,,,,,REFEX INDUSTRIES LTD.,422.75,424.8,411.75,417.9,417.9,424.85,,418.05,,,31515,13134131.0,685,F1,1,,,,,
2025-08-07,2025-08-07,CM,BSE,STK,532885,INE483A01010,CENTRALBK,A,,,,,CENTRAL BANK OF INDIA,35.37,35.55,35.0,35.34,35.34,35.67,,35.33,,,340235,11971910.0,1252,F1,1,,,,,
2025-08-07,2025-08-07,CM,BSE,STK,532886,INE105I01020,SELMC,T,,,,,SEL MANUFACTURING COMPANY LTD.,30.4,30.95,29.02,30.3,30.3,30.39,,30.25,,,2753,83751.0,24,F1,1,,,,,
2025-08-07,2025-08-07,CM,BSE,STK,532888,INE022I01019,ASIANTILES,T,,,,,ASIAN GRANITO INDIA LTD.,57.05,58.48,55.34,57.44,57.4,58.25,,57.3,,,18553,1048684.0,208,F1,1,,,,,
2025-08-07,2025-08-07,CM,BSE,STK,532889,INE930H01031,KPRMILL,A,,,,,K.P.R.MILL LIMITED,1005.3,1020.9,975.0,1015.95,1015.95,1039.3,,1016.4,,,27852,27978241.0,1841,F1,1,,,,,
2025-08-07,2025-08-07,CM,BSE,STK,532890,INE142I01023,TAKE,T,,,,,TAKE SOLUTIONS LTD.,9.19,9.19,9.19,9.19,9.19,9.37,,9.19,,,6920,63594.0,21,F1,1,,,,,
2025-08-07,2025-08-07,CM,BSE,STK,532891,INE323I01011,PURVA,B,,,,,Puravankara Limited,274.3,282.15,269.7,272.2,271.85,279.3,,272.05,,,8867,2438229.0,441,F1,1,,,,,
2025-08-07,2025-08-07,CM,BSE,STK,532892,INE338I01027,MOTILALOFS,A,,,,,MOTILAL OSWAL FINANCIAL SERVIC,908.45,924.2,893.25,917.5,917.1,923.0,,917.8,,,57018,51759475.0,2427,F1,1,,,,,
2025-08-07,2025-08-07,CM,BSE,STK,532893,INE222F01029,VTMLTD,XT,,,,,VTM LTD.,93.45,93.45,93.45,93.45,93.45,95.35,,93.45,,,904,84478.0,36,F1,1,,,,,
2025-08-07,2025-08-07,CM,BSE,STK,532894,INE227G01018,INDOWIND,B,,,,,INDOWIND ENERGY LTD.,17.0,17.4,16.25,17.23,17.3,17.41,,17.21,,,43157,733193.0,295,F1,1,,,,,
2025-08-07,2025-08-07,CM,BSE,STK,532895,INE245I01016,NAGREEKCAP,B,,,,,NAGREEKA CAPITAL & INFRASTRUCT,28.9,29.8,26.5,26.71,26.67,27.52,,26.69,,,5768,156442.0,67,F1,1,,,,,
2025-08-07,2025-08-07,CM,BSE,STK,532896,INE387I01016,MAGNUM,B,,,,,MAGNUM VENTURES LTD.,23.46,23.81,23.04,23.51,23.51,23.79,,23.49,,,23998,567807.0,222,F1,1,,,,,
2025-08-07,2025-08-07,CM,BSE,STK,532898,INE752E01010,POWERGRID,A,,,,,POWER GRID CORPORATION OF INDI,284.95,286.3,283.6,285.65,285.65,284.8,,285.55,,,694253,197659485.0,6729,F1,1,,,,,
2025-08-07,2025-08-07,CM,BSE,STK,532899,INE455I01029,KSCL,A,,,,,KAVERI SEED COMPANY LTD.,1085.95,1098.7,1079.5,1095.5,1094.15,1093.95,,1096.2,,,2662,2904116.0,272,F1,1,,,,,
2025-08-07,2025-08-07,CM,BSE,STK,532900,INE420C01059,PAISALO,A,,,,,PAISALO DIGITAL LIMITED,30.51,31.19,30.41,30.7,30.7,30.71,,30.69,,,612626,18845196.0,1605,F1,1,,,,,
2025-08-07,2025-08-07,CM,BSE,STK,532902,INE429I01024,CCCL,B,,,,,CONSOLIDATED CONSTRUCTION CONS,16.0,16.61,15.78,16.13,16.15,16.0,,16.14,,,56537,912446.0,574,F1,1,,,,,
2025-08-07,2025-08-07,CM,BSE,STK,532904,INE550H01011,SUPREMEINF,Z,,,,,SUPREME INFRASTRUCTURE INDIA L,112.0,113.95,109.25,110.0,110.0,115.0,,109.45,,,733,80689.0,19,F1,1,,,,,
2025-08-07,2025-08-07,CM,BSE,STK,532906,INE215I01027,MAANALU,T,,,,,MAAN ALUMINIUM LTD.,108.3,117.9,108.3,113.1,117.9,112.3,,117.62,,,5566,619604.0,49,F1,1,,,,,
2025-08-07,2025-08-07,CM,BSE,STK,532907,INE369I01014,IL&FSENGG,Z,,,,,IL&FS ENGINEERING AND CONSTRUC,33.25,34.0,33.25,34.0,34.0,35.0,,33.75,,,1344,44895.0,24,F1,1,,,,,
2025-08-07,2025-08-07,CM,BSE,STK,532911,INE272G01014,PARLEIND,X,,,,,PARLE INDUSTRIES LIMITED,11.88,12.02,11.0,11.86,12.0,11.91,,11.86,,,67874,790243.0,389,F1,1,,,,,
2025-08-07,2025-08-07,CM,BSE,STK,532915,INE621H01010,RELIGARE,A,,,,,RELIGARE ENTERPRISES LTD.,250.8,256.25,244.15,255.15,254.9,248.7,,254.75,,,34081,8526633.0,654,F1,1,,,,,
2025-08-07,2025-08-07,CM,BSE,STK,532916,INE139I01011,BVCL,B,,,,,BARAK VALLEY CEMENTS LTD.,43.29,44.1,42.0,42.53,42.09,43.29,,42.41,,,3146,134613.0,105,F1,1,,,,,
2025-08-07,2025-08-07,CM,BSE,STK,532918,INE575I01016,RATHIBAR,X,,,,,RATHI BARS LTD.,31.42,31.8,31.06,31.27,31.06,31.42,,31.27,,,1020,31976.0,17,F1,1,,,,,
2025-08-07,2025-08-07,CM,BSE,STK,532921,INE742F01042,ADANIPORTS,A,,,,,ADANI PORTS AND SPECIAL ECONOM,1354.95,1357.85,1315.35,1345.8,1345.5,1366.65,,1345.4,,,101711,135950738.0,4562,F1,1,,,,,
2025-08-07,2025-08-07,CM,BSE,STK,532922,INE532F01054,EDELWEISS,A,,,,,EDELWEISS FINANCIAL SERVICES L,97.35,98.0,95.3,97.05,98.0,97.35,,96.93,,,71917,6941065.0,809,F1,1,,,,,
2025-08-07,2025-08-07,CM,BSE,STK,532923,INE722H01024,RGL,B,,,,,RENAISSANCE GLOBAL LIMITED,112.1,114.2,103.7,113.15,113.15,112.1,,111.74,,,32225,3556290.0,445,F1,1,,,,,
2025-08-07,2025-08-07,CM,BSE,STK,532924,INE094I01018,KOLTEPATIL,B,,,,,KOLTE-PATIL DEVELOPERS LTD.,408.45,415.6,403.95,409.0,409.4,407.15,,409.2,,,12101,4937620.0,639,F1,1,,,,,
2025-08-07,2025-08-07,CM,BSE,STK,532925,INE234I01028,KAUSHALYA,B,,,,,KAUSHALYA INFRASTRUCTURE DEVEL,866.0,870.9,865.5,867.95,870.9,863.6,,865.25,,,9,7811.0,4,F1,1,,,,,
2025-08-07,2025-08-07,CM,BSE,STK,532926,INE668F01031,JYOTHYLAB,A,,,,,JYOTHY LABS LIMITED,323.4,328.75,320.5,327.35,327.65,326.2,,327.45,,,26649,8659680.0,1600,F1,1,,,,,
2025-08-07,2025-08-07,CM,BSE,STK,532927,INE738I01010,ECLERX,A,,,,,ECLERX SERVICES LTD.,3918.55,4142.1,3896.45,4116.1,4115.0,3952.65,,4114.6,,,9904,40198776.0,1793,F1,1,,,,,
2025-08-07,2025-08-07,CM,BSE,STK,532928,INE763I01026,TARIL,A,,,,,TRANSFORMERS AND RECTIFIERS (I,507.0,509.25,487.25,506.5,506.5,508.05,,506.2,,,165195,82115331.0,5510,F1,1,,,,,
2025-08-07,2025-08-07,CM,BSE,STK,532929,INE791I01019,BRIGADE,A,,,,,BRIGADE ENTERPRISES LTD.,962.95,970.1,940.0,955.6,955.6,969.25,,954.2,,,18038,17200653.0,2019,F1,1,,,,,
2025-08-07,2025-08-07,CM,BSE,STK,532930,INE661I01014,BGRENERGY,B,,,,,BGR ENERGY SYSTEMS LTD.,123.66,124.09,118.5,124.09,124.09,112.81,,123.48,,,264686,32736033.0,1088,F1,1,,,,,
2025-08-07,2025-08-07,CM,BSE,STK,532932,INE015D01022,MANAKSIA,B,,,,,MANAKSIA LTD.,75.01,75.12,68.23,71.65,71.7,75.1,,71.69,,,13293,947476.0,421,F1,1,,,,,
2025-08-07,2025-08-07,CM,BSE,STK,532933,INE386I01018,PORWAL,X,,,,,PORWAL AUTO COMPONENTS LTD.,54.55,56.75,53.0,54.42,54.42,55.25,,54.42,,,16525,897355.0,139,F1,1,,,,,
2025-08-07,2025-08-07,CM,BSE,STK,532934,INE095I01015,PPAP,T,,,,,PPAP,243.0,244.0,233.7,241.5,243.0,246.0,,242.55,,,1819,434381.0,51,F1,1,,,,,
2025-08-07,2025-08-07,CM,BSE,STK,532935,INE298I01015,ARIES,B,,,,,ARIES AGRO LTD.,389.2,394.65,374.0,390.95,392.0,384.6,,390.7,,,9134,3505305.0,602,F1,1,,,,,
2025-08-07,2025-08-07,CM,BSE,STK,532937,INE529I01021,KUANTUM,B,,,,,KUANTUM PAPERS LTD.,125.3,127.4,123.55,126.95,124.5,125.75,,125.58,,,4681,591465.0,113,F1,1,,,,,
2025-08-07,2025-08-07,CM,BSE,STK,532939,INE614G01033,RPOWER,T,,,,,RELIANCE POWER LTD.,46.01,46.5,45.21,45.26,45.26,47.58,,45.13,,,4696157,213965100.0,14635,F1,1,,,,,
2025-08-07,2025-08-07,CM,BSE,STK,532940,INE576I01022,JKIL,A,,,,,J.KUMAR INFRAPROJECTS LTD.,704.05,710.4,680.0,690.4,692.45,709.75,,690.05,,,8654,6040449.0,591,F1,1,,,,,
2025-08-07,2025-08-07,CM,BSE,STK,532941,INE792I01017,CORDSCABLE,B,,,,,CORDS CABLE INDUSTRIES LTD.,176.0,180.2,175.15,178.35,178.35,176.0,,178.55,,,1423,252566.0,51,F1,1,,,,,
2025-08-07,2025-08-07,CM,BSE,STK,532942,INE634I01029,KNRCON,A,,,,,KNR CONSTRUCTIONS LTD.,209.2,209.2,205.25,207.85,207.85,208.75,,208.06,,,23389,4838199.0,686,F1,1,,,,,
2025-08-07,2025-08-07,CM,BSE,STK,532944,INE809I01019,ONMOBILE,B,,,,,ONMOBILE,53.1,54.44,52.51,53.69,53.8,53.38,,53.66,,,18008,964490.0,271,F1,1,,,,,
2025-08-07,2025-08-07,CM,BSE,STK,532945,INE964H01014,SEPC,B,,,,,SEPC LIMITED,11.64,11.64,11.26,11.49,11.56,11.6,,11.47,,,350646,4009673.0,669,F1,1,,,,,
2025-08-07,2025-08-07,CM,BSE,STK,532946,INE863I01016,BANG,B,,,,,BANG OVERSEAS LTD.,53.0,53.8,49.75,53.57,53.79,51.78,,51.96,,,4576,235464.0,261,F1,1,,,,,
2025-08-07,2025-08-07,CM,BSE,STK,532947,INE821I01022,IRB,A,,,,,IRB INFRASTRUCTURE DEVELOPERS,44.26,44.99,43.45,44.81,44.81,44.71,,44.8,,,741375,32744731.0,2155,F1,1,,,,,
2025-08-07,2025-08-07,CM,BSE,STK,532951,INE871H01011,GSS,B,,,,,GSS INFOTECH LTD.,28.02,28.63,28.02,28.17,28.05,28.88,,28.15,,,5612,158515.0,198,F1,1,,,,,
2025-08-07,2025-08-07,CM,BSE,STK,532952,INE049I01012,NAHARCAP,T,,,,,NAHAR CAPITAL & FINANCIAL SERV,300.0,301.2,300.0,300.1,300.0,315.4,,298.7,,,145,43512.0,4,F1,1,,,,,
2025-08-07,2025-08-07,CM,BSE,STK,532953,INE951I01027,VGUARD,A,,,,,V-GUARD INDUSTRIES LTD.,365.5,365.5,357.05,359.95,359.95,366.0,,359.25,,,9539,3425803.0,624,F1,1,,,,,
2025-08-07,2025-08-07,CM,BSE,STK,532955,INE020B01018,RECLTD,A,,,,,REC LIMITED,388.95,389.1,380.55,384.9,384.9,389.4,,384.95,,,1028755,394803367.0,14182,F1,1,,,,,
2025-08-07,2025-08-07,CM,BSE,STK,532957,INE642I01014,GOKAKTEX,X,,,,,GOKAK TEXTILES LTD.,95.6,98.85,93.05,94.3,95.6,98.95,,94.3,,,781,74367.0,28,F1,1,,,,,
2025-08-07,2025-08-07,CM,BSE,STK,532960,INE274G01010,DHANI,A,,,,,Dhani Services Limited,60.61,64.7,60.61,64.12,64.12,61.73,,64.12,,,253643,16061684.0,1801,F1,1,,,,,
2025-08-07,2025-08-07,CM,BSE,STK,532966,INE615H01020,TITAGARH,A,,,,,TITAGARH RAIL SYSTEMS LIMITED,830.45,857.8,827.95,853.9,853.9,842.2,,853.95,,,42935,36122180.0,1716,F1,1,,,,,
2025-08-07,2025-08-07,CM,BSE,STK,532967,INE415I01015,KIRIINDUS,B,,,,,KIRI INDUSTRIES LTD.,574.95,575.35,561.95,573.15,572.4,576.25,,573.3,,,14603,8306927.0,893,F1,1,,,,,
2025-08-07,2025-08-07,CM,BSE,STK,532974,INE865C01022,BIRLAMONEY,B,,,,,ADITYA BIRLA MONEY LTD.,178.6,182.8,170.0,172.95,174.6,178.65,,173.0,,,20407,3585165.0,736,F1,1,,,,,
2025-08-07,2025-08-07,CM,BSE,STK,532975,INE778I01024,TELOGICA,XT,,,,,TELOGICA LIMITED,10.05,10.2,10.05,10.05,10.05,10.0,,10.05,,,21867,222075.0,18,F1,1,,,,,
2025-08-07,2025-08-07,CM,BSE,STK,532976,INE091G01026,JAIBALAJI,A,,,,,JAI BALAJI INDUSTRIES LTD.,106.75,114.3,105.0,112.3,113.0,107.75,,111.6,,,60749,6571846.0,1023,F1,1,,,,,
2025-08-07,2025-08-07,CM,BSE,STK,532977,INE917I01010,BAJAJ-AUTO,A,,,,,BAJAJ AUTO LTD.,8100.0,8247.95,7879.45,8232.95,8230.4,8177.05,,8229.0,,,12104,98116228.0,2473,F1,1,,,,,
2025-08-07,2025-08-07,CM,BSE,STK,532978,INE918I01026,BAJAJFINSV,A,,,,,BAJAJ FINSERV LTD.,1915.75,1932.15,1890.85,1913.8,1921.75,1923.8,,1914.0,,,15307,29226835.0,1540,F1,1,,,,,
2025-08-07,2025-08-07,CM,BSE,STK,532980,INE020J01029,GOKUL,B,,,,,GOKUL REFOILS & SOLVENT LTD.,41.55,42.05,40.54,41.04,41.33,41.78,,40.98,,,6307,258234.0,322,F1,1,,,,,
2025-08-07,2025-08-07,CM,BSE,STK,532983,INE105J01010,RPGLIFE,B,,,,,RPG LIFE SCIENCES LTD.,2289.25,2329.0,2251.0,2276.6,2285.3,2282.05,,2280.3,,,893,2029525.0,151,F1,1,,,,,
2025-08-07,2025-08-07,CM,BSE,STK,532985,INF174KA1JD7,SENSEX1,A,,,,,KOTAK MAHINDRA MUTUAL FUND,87.78,88.75,87.35,87.79,87.62,87.95,,87.79,,,972,85530.0,63,F1,1,,,,,
2025-08-07,2025-08-07,CM,BSE,STK,532986,INE368I01016,NIRAJ,B,,,,,NIRAJ CEMENT STRUCTURALS LTD.,48.84,50.91,48.57,50.7,50.7,49.15,,50.72,,,3692,183566.0,225,F1,1,,,,,
2025-08-07,2025-08-07,CM,BSE,STK,532989,INE878I01022,BAFNAPH,B,,,,,BAFNA PHARMACEUTICALS LTD.,77.01,83.28,77.01,80.92,80.92,85.43,,81.37,,,2067,164201.0,111,F1,1,,,,,
2025-08-07,2025-08-07,CM,BSE,STK,532992,INE790D01020,CHLLTD,X,,,,,CHL LTD.,43.8,43.8,37.2,39.0,39.0,39.45,,39.0,,,2246,92612.0,18,F1,1,,,,,
2025-08-07,2025-08-07,CM,BSE,STK,532993,INE955I01044,SEJALLTD,T,,,,,SEJAL GLASS LIMITED,570.0,592.85,538.0,575.0,575.0,565.25,,576.8,,,4978,2803295.0,93,F1,1,,,,,
2025-08-07,2025-08-07,CM,BSE,STK,532994,INE877I01016,ARCHIDPLY,B,,,,,ARCHIDPLY INDUSTRIES LTD.,104.0,106.0,104.0,104.0,104.0,104.0,,103.87,,,9470,989348.0,86,F1,1,,,,,
2025-08-07,2025-08-07,CM,BSE,STK,532998,INE947I01017,LOTUSEYE,B,,,,,Lotus Eye Hospital And Institu,72.9,75.2,72.0,73.0,73.0,72.9,,73.85,,,1445,104916.0,66,F1,1,,,,,
2025-08-07,2025-08-07,CM,BSE,STK,533001,INE323J01019,SOMICONVEY,B,,,,,SOMI CONVEYOR BELTINGS LTD.,145.55,146.2,142.1,143.35,143.25,144.9,,143.65,,,3337,479889.0,97,F1,1,,,,,
2025-08-07,2025-08-07,CM,BSE,STK,533007,INE201J01017,LGBFORGE,XT,,,,,LGB FORGE LTD.,9.99,10.7,9.99,10.14,10.1,10.24,,10.14,,,115960,1199884.0,140,F1,1,,,,,
2025-08-07,2025-08-07,CM,BSE,STK,533012,INE197J01017,LPDC,B,,,,,LANDMARK PROPERTY DEVELOPMENT,7.95,8.0,7.7,7.81,7.81,8.07,,7.76,,,6646,51703.0,52,F1,1,,,,,
2025-08-07,2025-08-07,CM,BSE,STK,533014,INE176J01011,SICAGEN,X,,,,,SICAGEN INDIA LTD.,69.75,70.77,69.75,70.0,70.0,70.06,,70.0,,,10258,718316.0,42,F1,1,,,,,
2025-08-07,2025-08-07,CM,BSE,STK,533022,INE144J01027,20MICRONS,B,,,,,20 MICRONS LTD.,231.0,235.9,229.95,233.85,233.0,232.85,,234.0,,,37804,8828021.0,5601,F1,1,,,,,
2025-08-07,2025-08-07,CM,BSE,STK,533023,INE342J01019,ZFCVINDIA,A,,,,,ZF Commercial Vehicle Control,13700.0,13700.0,13244.65,13372.15,13300.0,13699.15,,13347.0,,,688,9225818.0,268,F1,1,,,,,
2025-08-07,2025-08-07,CM,BSE,STK,533029,INE773I01017,ALKALI,B,,,,,ALKALI METALS LTD.,89.92,89.92,85.2,87.05,89.57,91.42,,87.22,,,2555,222631.0,145,F1,1,,,,,
2025-08-07,2025-08-07,CM,BSE,STK,533033,INE858B01029,ISGEC,B,,,,,ISGEC HEAVY ENGINEERING LTD.,1089.95,1089.95,1045.0,1061.9,1074.6,1055.55,,1063.0,,,1021,1075926.0,159,F1,1,,,,,
2025-08-07,2025-08-07,CM,BSE,STK,533047,INE919H01018,IMFA,B,,,,,INDIAN METALS & FERRO ALLOYS L,681.05,730.55,681.05,721.4,720.5,710.95,,722.15,,,6091,4388230.0,669,F1,1,,,,,
2025-08-07,2025-08-07,CM,BSE,STK,533048,INE065J01024,TPHQ,T,,,,,Teamo Productions HQ Limited,0.77,0.77,0.77,0.77,0.77,0.78,,0.77,,,7855,6048.0,52,F1,1,,,,,
2025-08-07,2025-08-07,CM,BSE,STK,533056,INE359B01010,VEDAVAAG,X,,,,,VEDAVAAG SYSTEMS LTD.,35.1,35.5,33.5,34.36,34.36,35.41,,34.36,,,43879,1518214.0,291,F1,1,,,,,
2025-08-07,2025-08-07,CM,BSE,STK,533080,INE893J01029,MOLDTKPAC,B,,,,,MOLD-TEK PACKAGING LIMITED,775.05,804.9,765.85,794.2,793.85,784.0,,794.75,,,11751,9285277.0,1048,F1,1,,,,,
2025-08-07,2025-08-07,CM,BSE,STK,533088,INE998I01010,MHRIL,A,,,,,MAHINDRA HOLIDAYS & RESORTS IN,356.6,356.6,344.0,349.95,350.0,350.95,,350.4,,,1624,566422.0,135,F1,1,,,,,
2025-08-07,2025-08-07,CM,BSE,STK,533090,INE688J01023,EXCEL,T,,,,,EXCEL REALTY N INFRA LTD.,1.16,1.2,1.13,1.14,1.14,1.18,,1.14,,,1017811,1169399.0,683,F1,1,,,,,
2025-08-07,2025-08-07,CM,BSE,STK,533093,INE294G01026,ROML,T,,,,,RAJ OIL MILLS LTD.,47.0,47.9,46.75,46.91,47.39,46.39,,46.94,,,1121,53115.0,13,F1,1,,,,,
2025-08-07,2025-08-07,CM,BSE,STK,533095,INE083K01017,BENGALASM,B,,,,,BENGAL & ASSAM COMPANY LTD.,7920.05,8000.0,7849.3,7950.65,7970.0,7920.05,,7950.65,,,147,1165454.0,43,F1,1,,,,,
2025-08-07,2025-08-07,CM,BSE,STK,533096,INE814H01011,ADANIPOWER,A,,,,,ADANI POWER LTD.,563.8,581.9,552.35,578.5,578.5,566.9,,578.95,,,438537,247688441.0,8447,F1,1,,,,,
2025-08-07,2025-08-07,CM,BSE,STK,533098,INE848E01016,NHPC,A,,,,,NHPC LTD.,83.51,83.9,81.9,83.4,83.4,84.0,,83.41,,,688849,57178289.0,8413,F1,1,,,,,
2025-08-07,2025-08-07,CM,BSE,STK,533100,INE429K01012,PEIL,XT,,,,,PREMIER ENERGY AND INFRASTRUCT,8.19,8.29,8.19,8.29,8.29,8.13,,8.29,,,11955,98764.0,16,F1,1,,,,,
2025-08-07,2025-08-07,CM,BSE,STK,533101,INE360J01011,SURYAAMBA,X,,,,,SURYAAMBA SPINNING MILLS LTD.,146.0,153.75,144.55,146.0,146.0,146.0,,146.0,,,1196,175239.0,9,F1,1,,,,,
2025-08-07,2025-08-07,CM,BSE,STK,533104,INE615I01010,GLOBUSSPR,A,,,,,GLOBUS SPIRITS LTD.,1172.0,1183.6,1136.0,1170.25,1170.25,1181.15,,1172.8,,,13539,15646295.0,1147,F1,1,,,,,
2025-08-07,2025-08-07,CM,BSE,STK,533106,INE274J01014,OIL,A,,,,,OIL INDIA LTD.,425.05,435.1,425.05,432.1,432.9,432.0,,432.15,,,90408,38914000.0,5221,F1,1,,,,,
2025-08-07,2025-08-07,CM,BSE,STK,533108,INE274K01012,BTTL,XT,,,,,BHILWARA TECHNICAL TEXTILES LT,52.69,52.69,50.06,50.06,50.06,52.69,,50.06,,,10141,509877.0,81,F1,1,,,,,
2025-08-07,2025-08-07,CM,BSE,STK,533110,INE318K01025,SPSL,X,,,,,SHREE PRECOATED STEELS LTD.,14.93,14.93,14.2,14.2,14.2,14.93,,14.2,,,6,88.0,4,F1,1,,,,,
2025-08-07,2025-08-07,CM,BSE,STK,533121,INE201K01015,EXPLEOSOL,B,,,,,EXPLEO SOLUTIONS LIMITED,1154.0,1155.0,1115.0,1128.25,1124.1,1147.5,,1125.9,,,551,623182.0,147,F1,1,,,,,
2025-08-07,2025-08-07,CM,BSE,STK,533122,INE399K01017,RTNPOWER,A,,,,,RATTANINDIA POWER LTD.,12.31,12.37,11.83,12.1,12.1,12.37,,12.09,,,6125759,73923876.0,7241,F1,1,,,,,
2025-08-07,2025-08-07,CM,BSE,STK,533137,INE947J01015,DEN,B,,,,,DEN NETWORKS LTD,36.62,36.64,35.86,36.24,36.41,37.06,,36.25,,,64396,2325777.0,533,F1,1,,,,,
2025-08-07,2025-08-07,CM,BSE,STK,533138,INE563J01010,ASTEC,B,,,,,ASTEC LIFESCIENCES LIMITED,848.95,853.0,817.0,832.4,829.4,848.65,,830.55,,,974,809184.0,143,F1,1,,,,,
2025-08-07,2025-08-07,CM,BSE,STK,533146,INE250K01012,DLINKINDIA,B,,,,,D-LINK (INDIA) LTD,495.1,524.8,495.1,523.75,524.8,513.0,,524.05,,,5841,3025067.0,465,F1,1,,,,,
2025-08-07,2025-08-07,CM,BSE,STK,533148,INE121E01018,JSWENERGY,A,,,,,JSW ENERGY LTD,529.35,537.0,514.9,533.65,533.65,533.75,,532.9,,,130513,68639839.0,2598,F1,1,,,,,
2025-08-07,2025-08-07,CM,BSE,STK,533149,INE143K01019,YUNIKM,X,,,,,Yunik Managing Advisors Limite,9.79,10.85,9.79,10.8,10.8,10.3,,10.8,,,241,2576.0,8,F1,1,,,,,
2025-08-07,2025-08-07,CM,BSE,STK,533150,INE484J01027,GODREJPROP,A,,,,,GODREJ PROPERTIES LTD,2035.05,2063.5,2009.5,2049.75,2050.0,2061.3,,2043.8,,,8391,17083775.0,1164,F1,1,,,,,
2025-08-07,2025-08-07,CM,BSE,STK,533151,INE950I01011,DBCORP,B,,,,,D B CORP LTD,267.5,272.6,267.5,271.55,270.25,272.3,,272.15,,,6322,1709175.0,352,F1,1,,,,,
2025-08-07,2025-08-07,CM,BSE,STK,533152,INE912H01013,MBLINFRA,B,,,,,MBL Infrastructure Ltd,39.92,41.0,39.45,39.91,39.45,39.67,,39.76,,,9578,383051.0,99,F1,1,,,,,
2025-08-07,2025-08-07,CM,BSE,STK,533155,INE797F01020,JUBLFOOD,A,,,,,JUBILANT FOODWORKS LTD,623.1,638.95,623.1,635.6,638.45,630.3,,635.7,,,36005,22660652.0,4503,F1,1,,,,,
2025-08-07,2025-08-07,CM,BSE,STK,533156,INE893I01013,VASCONEQ,B,,,,,VASCON ENGINEERS LTD,49.81,50.39,48.6,50.13,50.13,50.4,,49.88,,,106656,5279246.0,1052,F1,1,,,,,
2025-08-07,2025-08-07,CM,BSE,STK,533158,INE085J01014,THANGAMAYL,A,,,,,THANGAMAYIL JEWELLERY LTD,1875.05,1971.0,1875.05,1961.7,1962.0,1928.6,,1961.6,,,4003,7818166.0,584,F1,1,,,,,
2025-08-07,2025-08-07,CM,BSE,STK,533160,INE879I01012,DBREALTY,A,,,,,VALOR ESTATE LIMITED,178.25,182.8,172.6,181.35,181.35,178.1,,181.4,,,62917,11174075.0,1417,F1,1,,,,,
2025-08-07,2025-08-07,CM,BSE,STK,533161,INE753K01015,EMMBI,B,,,,,EMMBI INDUSTRIES LTD,103.0,104.05,101.2,102.4,101.85,103.9,,101.86,,,867,88632.0,102,F1,1,,,,,
2025-08-07,2025-08-07,CM,BSE,STK,533162,INE982F01036,HATHWAY,B,,,,,HATHWAY CABLE & DATACOM LTD,13.54,14.46,13.54,14.35,14.35,14.49,,14.32,,,543436,7730640.0,1295,F1,1,,,,,
2025-08-07,2025-08-07,CM,BSE,STK,533163,INE267I01010,ARSSINFRA,T,,,,,ARSS INFRASTRUCTURE PROJECTS L,54.36,58.9,54.36,56.75,56.75,57.02,,56.75,,,1663,92898.0,20,F1,1,,,,,
2025-08-07,2025-08-07,CM,BSE,STK,533164,INE141K01013,TEXMOPIPES,B,,,,,TEXMO PIPES & PRODUCTS LTD.,57.83,59.74,57.42,58.05,58.0,58.27,,58.1,,,12884,751959.0,266,F1,1,,,,,
2025-08-07,2025-08-07,CM,BSE,STK,533166,INE108E01023,SUNDARAM,B,,,,,SUNDARAM MULTI PAP LTD.,2.0,2.18,1.95,1.98,1.97,2.0,,1.98,,,180378,355368.0,223,F1,1,,,,,
2025-08-07,2025-08-07,CM,BSE,STK,533168,INE847C01020,ROSSELLIND,B,,,,,ROSSELL INDIA LTD.,71.95,71.95,66.11,67.05,66.86,71.05,,67.03,,,13037,880768.0,327,F1,1,,,,,
2025-08-07,2025-08-07,CM,BSE,STK,533169,INE949H01023,MANINFRA,A,,,,,MAN INFRACONSTRUCTION LTD.,168.2,169.35,164.25,167.1,167.7,168.75,,167.01,,,19129,3187774.0,321,F1,1,,,,,
2025-08-07,2025-08-07,CM,BSE,STK,533170,INE864J01012,TAMBOLIIN,X,,,,,TAMBOLI INDUSTRIES LIMITED,163.3,164.0,154.7,163.75,163.75,163.3,,163.75,,,2683,428178.0,24,F1,1,,,,,
2025-08-07,2025-08-07,CM,BSE,STK,533177,INE975G01012,IL&FSTRANS,Z,,,,,IL&FS TRANSPORTATION NETWORKS,2.99,3.03,2.88,2.94,2.96,2.99,,2.9,,,30262,90065.0,31,F1,1,,,,,
2025-08-07,2025-08-07,CM,BSE,STK,533179,INE262H01021,PERSISTENT,A,,,,,PERSISTENT SYSTEMS LTD.,5036.05,5193.0,5007.55,5182.2,5188.0,5043.5,,5182.5,,,9664,49529904.0,1759,F1,1,,,,,
2025-08-07,2025-08-07,CM,BSE,STK,533181,INE566K01011,ISFT,B,,,,,INTRASOFT TECHNOLOGIES LTD.,98.0,98.5,95.3,96.3,97.0,99.0,,96.23,,,812,78903.0,111,F1,1,,,,,
2025-08-07,2025-08-07,CM,BSE,STK,533189,INE516K01024,GOENKA,Z,,,,,GOENKA DIAMOND & JEWELS LTD.,0.86,0.88,0.81,0.82,0.84,0.85,,0.84,,,31796,26373.0,51,F1,1,,,,,
2025-08-07,2025-08-07,CM,BSE,STK,533192,INE790B01024,KCPSUGIND,B,,,,,KCP SUGAR & INDUSTRIES CORPORA,31.45,32.09,31.45,31.98,31.98,32.26,,31.95,,,4936,156356.0,67,F1,1,,,,,
2025-08-07,2025-08-07,CM,BSE,STK,533193,INE134B01017,KECL,B,,,,,KIRLOSKAR ELECTRIC COMPANY LTD,120.0,122.5,117.65,120.2,120.2,120.85,,120.26,,,20498,2457486.0,517,F1,1,,,,,
2025-08-07,2025-08-07,CM,BSE,STK,533202,INE639K01016,SATCH,XT,,,,,SATCHMO HOLDINGS LIMITED,3.67,3.67,3.67,3.67,3.67,3.5,,3.67,,,9782,35899.0,16,F1,1,,,,,
2025-08-07,2025-08-07,CM,BSE,STK,533203,INE747K01017,TARAPUR,T,,,,,TARAPUR TRANSFORMERS LTD,26.69,27.07,25.2,27.07,27.07,26.01,,25.9,,,1066,27713.0,16,F1,1,,,,,
2025-08-07,2025-08-07,CM,BSE,STK,533206,INE002L01015,SJVN,A,,,,,SJVN LTD,92.05,93.54,90.7,93.34,93.34,92.15,,93.31,,,224543,20654619.0,2348,F1,1,,,,,
2025-08-07,2025-08-07,CM,BSE,STK,533208,INE830C01026,EMAMIPAP,B,,,,,EMAMI PAPER MILLS LTD.,93.68,94.1,92.25,93.07,93.0,94.57,,92.95,,,1727,161420.0,99,F1,1,,,,,
2025-08-07,2025-08-07,CM,BSE,STK,533210,INE798K01010,KRITINUT,B,,,,,KRITI NUTRIENTS LTD,103.0,105.0,101.75,103.0,103.0,104.25,,102.96,,,3185,328285.0,134,F1,1,,,,,
2025-08-07,2025-08-07,CM,BSE,STK,533212,INE265D01015,GKB,X,,,,,GKB OPHTHALMICS LTD.,75.51,79.5,75.51,75.71,75.7,79.78,,75.71,,,680,52727.0,15,F1,1,,,,,
2025-08-07,2025-08-07,CM,BSE,STK,533217,INE871K01015,HMVL,B,,,,,HINDUSTAN MEDIA VENTURES LTD.,88.17,88.17,84.0,86.94,86.94,86.44,,87.67,,,625,53322.0,26,F1,1,,,,,
2025-08-07,2025-08-07,CM,BSE,STK,533218,INE778K01012,EMAMIREAL,T,,,,,EMAMI REALTY LIMITED,112.15,116.95,110.0,116.65,116.65,112.15,,112.99,,,510,56997.0,11,F1,1,,,,,
2025-08-07,2025-08-07,CM,BSE,STK,533227,INE926K01017,AHLEAST,B,,,,,ASIAN HOTELS (EAST) LTD.,150.45,151.2,148.65,149.25,151.2,151.5,,149.53,,,1144,170770.0,13,F1,1,,,,,
2025-08-07,2025-08-07,CM,BSE,STK,533229,INE933K01021,BAJAJCON,B,,,,,BAJAJ CONSUMER CARE LIMITED,223.05,225.15,223.05,224.7,224.65,225.75,,224.93,,,21399,4798984.0,559,F1,1,,,,,
2025-08-07,2025-08-07,CM,BSE,STK,533230,INF179KC1981,HDFCGOLD,E,,,,,HDFC MUTUAL FUND - HDFC GOLD E,83.96,86.94,83.96,86.64,86.63,86.12,,86.61,,,193416,16749784.0,1028,F1,1,,,,,
2025-08-07,2025-08-07,CM,BSE,STK,533239,INE696K01024,PRAKASHSTL,B,,,,,PRAKASH STEELAGE LTD.,5.52,5.82,5.52,5.74,5.73,5.71,,5.74,,,20268,116274.0,120,F1,1,,,,,
2025-08-07,2025-08-07,CM,BSE,STK,533244,INF109KC1NT3,GOLDIETF,E,,,,,ICICI Prudential Gold ETF,88.33,88.33,86.21,86.77,86.77,86.18,,86.8,,,138626,12031686.0,859,F1,1,,,,,
2025-08-07,2025-08-07,CM,BSE,STK,533248,INE517F01014,GPPL,A,,,,,GUJARAT PIPAVAV PORT LTD.,151.8,156.55,150.5,152.9,155.1,154.6,,152.7,,,32764,5019609.0,878,F1,1,,,,,
2025-08-07,2025-08-07,CM,BSE,STK,533252,INE389K01018,WELINV,T,,,,,WELSPUN INVESTMENTS AND COMMER,1000.5,1000.5,1000.5,1000.5,1000.5,1020.0,,1000.5,,,19,19009.0,3,F1,1,,,,,
2025-08-07,2025-08-07,CM,BSE,STK,533257,INE866K01023,WAAREEINDO,T,,,,,INDOSOLAR LTD.,359.95,359.95,359.95,359.95,359.95,342.85,,360.2,,,14,5039.0,2,F1,1,,,,,
2025-08-07,2025-08-07,CM,BSE,STK,533259,INE019J01013,SASTASUNDR,B,,,,,Sastasundar Ventures Limited,268.7,281.05,268.7,279.0,280.0,269.15,,281.35,,,284,79156.0,41,F1,1,,,,,
2025-08-07,2025-08-07,CM,BSE,STK,533260,INE521J01018,CPCAP,B,,,,,CP CAPITAL LIMITED,160.0,163.15,156.1,158.85,158.35,161.2,,159.2,,,1376,219207.0,83,F1,1,,,,,
2025-08-07,2025-08-07,CM,BSE,STK,533262,INE874I01013,RAMKY,B,,,,,RAMKY INFRASTRUCTURE LTD.,545.55,547.85,528.65,537.3,535.0,549.55,,537.7,,,10459,5626602.0,572,F1,1,,,,,
2025-08-07,2025-08-07,CM,BSE,STK,533263,INE999K01014,GREENPOWER,B,,,,,ORIENT GREEN POWER COMPANY LTD,13.27,13.6,13.0,13.19,13.19,13.35,,13.21,,,834706,10976813.0,2204,F1,1,,,,,
2025-08-07,2025-08-07,CM,BSE,STK,533267,INE068L01024,CANTABIL,B,,,,,CANTABIL RETAIL INDIA LTD.,250.0,254.85,245.6,252.6,252.7,251.3,,253.25,,,14185,3556037.0,365,F1,1,,,,,
2025-08-07,2025-08-07,CM,BSE,STK,533268,INE351L01016,SEATV,XT,,,,,SEA TV NETWORK LTD.,4.97,5.03,4.97,5.03,5.03,4.97,,5.03,,,374,1873.0,11,F1,1,,,,,
2025-08-07,2025-08-07,CM,BSE,STK,533269,INE956G01038,WABAG,A,,,,,VA TECH WABAG LTD.,1501.05,1522.7,1482.35,1510.65,1510.65,1509.75,,1511.1,,,18505,27732814.0,1714,F1,1,,,,,
2025-08-07,2025-08-07,CM,BSE,STK,533270,INE844K01012,BEDMUTHA,B,,,,,BEDMUTHA INDUSTRIES LTD.,139.95,141.0,138.3,140.0,141.0,139.6,,140.53,,,2593,362163.0,234,F1,1,,,,,
2025-08-07,2025-08-07,CM,BSE,STK,533271,INE442H01029,ASHOKA,A,,,,,ASHOKA BUILDCON LTD.,193.1,195.75,189.1,194.0,195.75,196.0,,193.75,,,96045,18518377.0,1881,F1,1,,,,,
2025-08-07,2025-08-07,CM,BSE,STK,533272,INE209L01016,JWL,A,,,,,JUPITER WAGONS LIMITED,337.0,340.0,329.0,338.9,338.65,337.4,,338.75,,,38534,12835402.0,1172,F1,1,,,,,
2025-08-07,2025-08-07,CM,BSE,STK,533273,INE093I01010,OBEROIRLTY,A,,,,,OBEROI REALTY LTD.,1605.55,1613.05,1590.0,1609.75,1611.0,1604.25,,1610.5,,,2859,4573589.0,454,F1,1,,,,,
2025-08-07,2025-08-07,CM,BSE,STK,533274,INE811K01011,PRESTIGE,A,,,,,PRESTIGE ESTATES PROJECTS LTD.,1601.25,1633.75,1590.6,1629.25,1618.5,1601.25,,1629.5,,,18612,30044398.0,1837,F1,1,,,,,
2025-08-07,2025-08-07,CM,BSE,STK,533275,INE482J01021,SHAH,T,,,,,SHAH METACORP LIMITED,3.73,3.8,3.66,3.68,3.68,3.77,,3.69,,,62041,229657.0,101,F1,1,,,,,
2025-08-07,2025-08-07,CM,BSE,STK,533278,INE522F01014,COALINDIA,A,,,,,COAL INDIA LTD.,374.55,380.2,373.6,379.5,379.5,377.0,,379.55,,,321246,121107831.0,7241,F1,1,,,,,
2025-08-07,2025-08-07,CM,BSE,STK,533282,INE024L01027,GRAVITA,A,,,,,GRAVITA INDIA LTD.,1761.05,1856.5,1761.05,1835.15,1835.15,1788.5,,1839.1,,,13450,24338788.0,1098,F1,1,,,,,
2025-08-07,2025-08-07,CM,BSE,STK,533284,INE324L01013,RPPINFRA,B,,,,,RPP INFRA PROJECTS LTD.,124.4,128.15,123.0,126.95,127.0,122.45,,127.05,,,4328,542586.0,230,F1,1,,,,,
2025-08-07,2025-08-07,CM,BSE,STK,533285,INE245L01028,RDBIPL,X,,,,,RDB INFRASTRUCTURE AND POWER L,46.49,46.49,42.82,44.45,43.07,45.07,,44.45,,,40790,1790938.0,350,F1,1,,,,,
2025-08-07,2025-08-07,CM,BSE,STK,533286,INE490G01020,MOIL,A,,,,,MOIL LTD.,329.85,329.85,317.0,321.75,323.0,328.35,,322.15,,,57531,18464760.0,2078,F1,1,,,,,
2025-08-07,2025-08-07,CM,BSE,STK,533287,INE565L01011,ZEELEARN,T,,,,,ZEE LEARN LTD.,9.91,10.37,9.61,10.06,10.18,9.94,,10.03,,,206697,2097010.0,310,F1,1,,,,,
2025-08-07,2025-08-07,CM,BSE,STK,533289,INE096L01025,KTIL,XT,,,,,KESAR TERMINALS & INFRASTRUCTU,95.0,95.0,90.15,90.22,90.15,90.75,,90.22,,,261,24432.0,8,F1,1,,,,,
2025-08-07,2025-08-07,CM,BSE,STK,533292,INE619I01012,A2ZINFRA,T,,,,,A2Z INFRA ENGINEERING LIMITED,19.95,19.95,18.96,19.21,19.2,19.95,,19.25,,,39282,749878.0,122,F1,1,,,,,
2025-08-07,2025-08-07,CM,BSE,STK,533293,INE146L01010,KIRLOSENG,A,,,,,KIRLOSKAR OIL ENGINES LTD.,914.0,917.75,884.5,910.4,911.3,917.25,,910.8,,,35652,32016186.0,2093,F1,1,,,,,
2025-08-07,2025-08-07,CM,BSE,STK,533294,INE722J01012,RKDL,B,,,,,RAVI KUMAR DISTILLERIES LTD.,28.7,28.7,27.41,27.61,27.67,28.42,,27.6,,,3767,104290.0,157,F1,1,,,,,
2025-08-07,2025-08-07,CM,BSE,STK,533295,INE608A01012,PSB,B,,,,,PUNJAB & SIND BANK,28.33,28.6,27.9,28.47,28.47,28.34,,28.47,,,294655,8306423.0,1024,F1,1,,,,,
2025-08-07,2025-08-07,CM,BSE,STK,533296,INE360L01017,FMNL,B,,,,,FUTURE MARKET NETWORKS LTD.,14.26,14.26,13.1,13.16,13.16,13.78,,13.15,,,11169,147195.0,56,F1,1,,,,,
2025-08-07,2025-08-07,CM,BSE,STK,533298,INE272L01022,SURANASOL,B,,,,,SURANA SOLAR LTD.,31.99,31.99,30.45,30.89,30.89,30.87,,30.81,,,14131,433954.0,211,F1,1,,,,,
2025-08-07,2025-08-07,CM,BSE,STK,533301,INE268L01046,SHEKHAWATI,T,,,,,SHEKHAWATI INDUSTRIES LIMITED,22.99,22.99,21.85,22.19,22.19,23.0,,21.75,,,10569,231653.0,32,F1,1,,,,,
2025-08-07,2025-08-07,CM,BSE,STK,533302,INE029L01018,KICL,B,,,,,KALYANI INVESTMENT COMPANY LTD,5087.0,5087.0,4595.0,4622.1,4675.0,4734.5,,4666.6,,,119,554849.0,54,F1,1,,,,,
2025-08-07,2025-08-07,CM,BSE,STK,533303,INE878K01010,BFINVEST,B,,,,,BF INVESTMENT LTD.,456.0,459.0,451.05,453.9,453.0,456.8,,454.3,,,1056,479223.0,92,F1,1,,,,,
2025-08-07,2025-08-07,CM,BSE,STK,533306,INE519C01017,SUMMITSEC,B,,,,,SUMMIT SECURITIES LTD.,2011.95,2011.95,1971.0,1984.8,1991.7,2016.05,,1985.4,,,438,873672.0,95,F1,1,,,,,
2025-08-07,2025-08-07,CM,BSE,STK,533315,INE690J01011,INOVSYNTH,XT,,,,,INNOVASSYNTH INVESTMENTS LTD.,136.0,139.0,127.7,128.4,132.95,134.4,,128.4,,,13074,1707615.0,140,F1,1,,,,,
2025-08-07,2025-08-07,CM,BSE,STK,533316,INE577L01016,STEL,B,,,,,STEL HOLDINGS LIMITED,406.0,410.4,404.0,409.95,410.4,406.0,,409.05,,,789,320601.0,29,F1,1,,,,,
2025-08-07,2025-08-07,CM,BSE,STK,533317,INE474L01016,OMKARCHEM,Z,,,,,OMKAR SPECIALITY CHEMICALS LTD,7.07,7.07,7.07,7.07,7.07,6.74,,6.52,,,27452,194085.0,17,F1,1,,,,,
2025-08-07,2025-08-07,CM,BSE,STK,533326,INE621L01012,TEXRAIL,A,,,,,TEXMACO RAIL & ENGINEERING LTD,141.0,141.95,136.5,141.5,141.5,141.65,,141.41,,,163838,22834073.0,3470,F1,1,,,,,
2025-08-07,2025-08-07,CM,BSE,STK,533329,INE611L01021,INDTERRAIN,B,,,,,INDIAN TERRAIN FASHIONS LTD.,35.34,35.91,34.48,35.78,35.14,35.24,,35.6,,,5768,203151.0,143,F1,1,,,,,
2025-08-07,2025-08-07,CM,BSE,STK,533333,INE045J01026,FCL,B,,,,,FINEOTEX CHEMICAL LTD.,236.0,239.55,231.2,237.8,237.8,237.7,,237.9,,,41510,9701305.0,1813,F1,1,,,,,
2025-08-07,2025-08-07,CM,BSE,STK,533336,INE320L01011,DHUNINV,B,,,,,DHUNSERI INVESTMENTS LTD.,1483.25,1495.95,1471.9,1471.95,1471.9,1478.7,,1474.4,,,166,246526.0,49,F1,1,,,,,
2025-08-07,2025-08-07,CM,BSE,STK,533339,INE251B01027,ZENTEC,A,,,,,ZEN TECHNOLOGIES LTD.,1401.2,1463.75,1401.2,1433.4,1433.4,1428.75,,1434.4,,,73236,104436299.0,5608,F1,1,,,,,
2025-08-07,2025-08-07,CM,BSE,STK,533343,INE597L01014,LOVABLE,B,,,,,LOVABLE LINGERIE LTD.,90.0,95.16,87.0,88.91,88.45,92.0,,88.68,,,16119,1452621.0,281,F1,1,,,,,
2025-08-07,2025-08-07,CM,BSE,STK,533344,INE560K01014,PFS,B,,,,,PTC INDIA FINANCIAL SERVICES L,37.65,38.66,37.65,38.39,38.39,38.35,,38.36,,,62125,2369737.0,568,F1,1,,,,,
2025-08-07,2025-08-07,CM,BSE,STK,533385,INF247L01AP3,MON100,E,,,,,MOTILAL OSWAL MOST SHARES NASD,200.0,204.3,200.0,202.4,202.4,201.67,,202.42,,,171790,34843854.0,2575,F1,1,,,,,
2025-08-07,2025-08-07,CM,BSE,STK,533398,INE414G01012,MUTHOOTFIN,A,,,,,MUTHOOT FINANCE LTD.,2613.0,2651.4,2595.6,2635.75,2651.4,2623.4,,2634.6,,,5081,13281741.0,1286,F1,1,,,,,
2025-08-07,2025-08-07,CM,BSE,STK,533407,INE672K01025,TRUEGREEN,X,,,,,TRUE GREEN BIO ENERGY LIMITED,60.01,70.0,59.35,65.13,62.2,63.9,,65.13,,,3145,209212.0,76,F1,1,,,,,
2025-08-07,2025-08-07,CM,BSE,STK,533408,INF209KB18D3,BSLGOLDETF,E,,,,,Aditya Birla Sun Life Mutual F,90.87,90.87,88.5,88.69,88.5,88.66,,88.69,,,8855,786464.0,163,F1,1,,,,,
2025-08-07,2025-08-07,CM,BSE,STK,533427,INE932K01015,VMS,XT,,,,,VMS INDUSTRIES LTD.,35.99,35.99,34.56,35.11,35.1,35.5,,35.11,,,10639,373823.0,148,F1,1,,,,,
2025-08-07,2025-08-07,CM,BSE,STK,533451,INE725L01011,KARMAENG,T,,,,,KARMA ENERGY LTD.,54.9,57.5,52.31,54.65,54.65,55.05,,55.04,,,4382,249134.0,29,F1,1,,,,,
2025-08-07,2025-08-07,CM,BSE,STK,533452,INE726L01019,DELPHIFX,T,,,,,DELPHI WORLD MONEY LIMITED,189.0,196.0,189.0,193.85,196.0,198.9,,194.74,,,1187,224805.0,34,F1,1,,,,,
2025-08-07,2025-08-07,CM,BSE,STK,533470,INE573K01025,RUSHIL,B,,,,,RUSHIL DECOR LTD.,24.06,24.12,23.59,23.92,24.03,24.04,,23.89,,,47318,1126912.0,476,F1,1,,,,,
2025-08-07,2025-08-07,CM,BSE,STK,533477,INE130L01014,ENKEIWHEL,B,,,,,ENKEI WHEELS (INDIA) LTD.,495.0,500.1,492.1,495.0,495.0,501.2,,495.0,,,4241,2106806.0,45,F1,1,,,,,
2025-08-07,2025-08-07,CM,BSE,STK,533482,INE524L01026,KRIDHANINF,T,,,,,KRIDHAN INFRA LIMITED,4.14,4.17,4.14,4.17,4.17,4.22,,4.17,,,622,2577.0,7,F1,1,,,,,
2025-08-07,2025-08-07,CM,BSE,STK,533506,INE878H01024,INVENTURE,B,,,,,INVENTURE GROWTH & SECURITIES,1.55,1.56,1.51,1.52,1.52,1.56,,1.52,,,519293,794153.0,267,F1,1,,,,,
2025-08-07,2025-08-07,CM,BSE,STK,533519,INE498L01015,LTF,A,,,,,L&T Finance Limited,201.6,201.9,195.95,200.45,200.45,201.6,,200.29,,,208755,41648273.0,2105,F1,1,,,,,
2025-08-07,2025-08-07,CM,BSE,STK,533520,INE126M01010,YAARI,T,,,,,Yaari Digital Integrated Servi,15.37,15.37,15.37,15.37,15.37,14.64,,15.95,,,1570,24130.0,7,F1,1,,,,,
2025-08-07,2025-08-07,CM,BSE,STK,533540,INE040M01013,TREEHOUSE,B,,,,,TREE HOUSE EDUCATION & ACCESSO,7.17,7.17,6.72,6.72,6.8,6.84,,6.77,,,7357,50933.0,315,F1,1,,,,,
2025-08-07,2025-08-07,CM,BSE,STK,533543,INE650L01011,BROOKS,T,,,,,BROOKS LABORATORIES LTD.,152.0,153.0,149.5,152.55,149.5,156.1,,152.68,,,729,111178.0,12,F1,1,,,,,
2025-08-07,2025-08-07,CM,BSE,STK,533552,INE895B01021,RUPA,B,,,,,RUPA & COMPANY LTD.,202.45,206.6,199.4,205.05,205.05,204.05,,205.36,,,21328,4326585.0,588,F1,1,,,,,
2025-08-07,2025-08-07,CM,BSE,STK,533553,INE419M01027,TDPOWERSYS,A,,,,,T D POWER SYSTEMS LTD.,510.4,510.4,495.0,507.8,507.8,512.05,,508.0,,,65598,32941056.0,2684,F1,1,,,,,
2025-08-07,2025-08-07,CM,BSE,STK,533570,INF846K01W80,AXISGOLD,E,,,,,AXIS MUTUAL FUND - AXIS GOLD E,84.26,85.0,84.22,84.61,84.82,84.05,,84.78,,,40809,3454941.0,491,F1,1,,,,,
2025-08-07,2025-08-07,CM,BSE,STK,533573,INE901L01018,APLLTD,A,,,,,ALEMBIC PHARMACEUTICALS LTD.,911.1,954.8,911.1,950.2,950.3,946.85,,950.35,,,2756,2587082.0,293,F1,1,,,,,
2025-08-07,2025-08-07,CM,BSE,STK,533576,INE590L01019,VASWANI,T,,,,,VASWANI INDUSTRIES LTD.,51.21,54.44,51.21,51.21,51.21,53.9,,50.91,,,23230,1195914.0,72,F1,1,,,,,
2025-08-07,2025-08-07,CM,BSE,STK,533581,INE457L01029,PGEL,A,,,,,PG ELECTROPLAST LTD.,737.15,751.8,712.55,735.95,735.95,751.8,,736.8,,,95641,69819451.0,3712,F1,1,,,,,
2025-08-07,2025-08-07,CM,BSE,STK,533602,INE050L01048,LESHAIND,X,,,,,LESHA INDUSTRIES LTD.,1.21,1.22,1.18,1.19,1.19,1.22,,1.19,,,265004,317817.0,332,F1,1,,,,,
2025-08-07,2025-08-07,CM,BSE,STK,533608,INE123M01017,RDBRL,XT,,,,,RDB RASAYANS LTD.,172.5,173.0,165.0,172.35,168.0,171.7,,172.35,,,6006,1021451.0,64,F1,1,,,,,
2025-08-07,2025-08-07,CM,BSE,STK,533629,INE440L01017,TIJARIA,T,,,,,TIJARIA POLYPIPES LTD.,8.89,8.89,8.46,8.46,8.46,8.9,,8.46,,,1979,16983.0,22,F1,1,,,,,
2025-08-07,2025-08-07,CM,BSE,STK,533632,INE912L01015,ONELIFECAP,T,,,,,ONELIFE CAPITAL ADVISORS LTD.,12.5,12.5,12.29,12.29,12.29,12.61,,12.0,,,52,639.0,3,F1,1,,,,,
2025-08-07,2025-08-07,CM,BSE,STK,533638,INE060J01017,FLEXITUFF,T,,,,,FLEXITUFF VENTURES INTERNATION,25.09,25.25,25.09,25.09,25.09,26.41,,24.54,,,198,4983.0,10,F1,1,,,,,
2025-08-07,2025-08-07,CM,BSE,STK,533644,INE899L01030,UEL,T,,,,,UJAAS ENERGY LIMITED,366.35,366.35,332.15,340.2,333.05,348.95,,351.15,,,4195,1520390.0,178,F1,1,,,,,
2025-08-07,2025-08-07,CM,BSE,STK,533655,INE152M01016,TRITURBINE,A,,,,,TRIVENI TURBINE LTD.,526.05,529.7,511.85,519.85,519.85,529.7,,519.6,,,88604,45927464.0,3718,F1,1,,,,,
2025-08-07,2025-08-07,CM,BSE,STK,533676,INE337M01021,INDOTHAI,T,,,,,INDO THAI SECURITIES LTD.,187.9,187.9,181.5,185.85,185.9,189.5,,185.3,,,17080,3132123.0,201,F1,1,,,,,
2025-08-07,2025-08-07,CM,BSE,STK,533704,INE122M01019,ESSARSHPNG,T,,,,,ESSAR SHIPPING LTD.,25.5,25.64,24.8,24.91,25.0,25.93,,24.93,,,22369,559358.0,207,F1,1,,,,,
2025-08-07,2025-08-07,CM,BSE,STK,533719,INF397L01554,LICMFGOLD,E,,,,,IDBI MUTUAL FUND - IDBI GOLD E,9120.0,9219.0,9100.0,9145.88,9161.47,9120.48,,9143.8,,,220,2013331.0,47,F1,1,,,,,
2025-08-07,2025-08-07,CM,BSE,STK,533758,INE702C01027,APLAPOLLO,A,,,,,APL APOLLO TUBES LTD.,1548.0,1598.2,1548.0,1594.4,1595.85,1567.4,,1595.2,,,19187,30082760.0,1049,F1,1,,,,,
2025-08-07,2025-08-07,CM,BSE,STK,533761,INE390G01014,GPTINFRA,B,,,,,GPT INFRAPROJECTS LTD.,127.0,128.95,124.0,126.55,126.6,130.4,,126.3,,,15603,1963009.0,405,F1,1,,,,,
2025-08-07,2025-08-07,CM,BSE,STK,533896,INE258M01011,FERVENTSYN,XT,,,,,FERVENT SYNERGIES LTD.,24.02,24.35,22.16,24.35,24.35,23.32,,24.35,,,5664,137252.0,19,F1,1,,,,,
2025-08-07,2025-08-07,CM,BSE,STK,533941,INE480M01011,THOMASCOTT,T,,,,,THOMAS SCOTT (INDIA) LIMITED,306.7,306.7,296.55,300.8,304.9,307.4,,301.0,,,4730,1420713.0,123,F1,1,,,,,
2025-08-07,2025-08-07,CM,BSE,STK,533982,INE482B01010,TERASOFT,T,,,,,TERA SOFTWARE LTD.,294.0,294.0,294.0,294.0,294.0,300.0,,294.0,,,869,255486.0,14,F1,1,,,,,
2025-08-07,2025-08-07,CM,BSE,STK,534060,INE793G01035,PMCFIN,X,,,,,PMC FINCORP LIMITED,2.18,2.22,2.16,2.17,2.17,2.18,,2.17,,,447140,981166.0,715,F1,1,,,,,
2025-08-07,2025-08-07,CM,BSE,STK,534063,INE241F01011,FUTSOL,X,,,,,FUTURISTIC SOLUTIONS LTD.,51.17,51.17,49.35,49.35,49.35,50.92,,49.35,,,1063,54231.0,7,F1,1,,,,,
2025-08-07,2025-08-07,CM,BSE,STK,534064,INE123D01024,AIML,X,,,,,ALLIANCE INTEGRATED METALIKS L,2.95,3.0,2.9,2.95,2.99,2.98,,2.95,,,111883,331784.0,255,F1,1,,,,,
2025-08-07,2025-08-07,CM,BSE,STK,534076,INE743M01012,RHIM,A,,,,,RHI MAGNESITA INDIA LIMITED,493.0,512.05,488.1,500.1,500.45,502.15,,500.45,,,20711,10401955.0,720,F1,1,,,,,
2025-08-07,2025-08-07,CM,BSE,STK,534091,INE745G01035,MCX,A,,,,,MULTI COMMODITY EXCHANGE OF IN,7743.0,7901.7,7694.8,7888.75,7888.75,7744.2,,7885.5,,,28097,219009784.0,5159,F1,1,,,,,
2025-08-07,2025-08-07,CM,BSE,STK,534139,INE839M01018,SCHNEIDER,T,,,,,SCHNEIDER ELECTRIC INFRASTRUCT,991.0,1015.0,950.25,985.85,985.85,1000.25,,983.8,,,18673,18133737.0,692,F1,1,,,,,
2025-08-07,2025-08-07,CM,BSE,STK,534190,INE550L01013,OLPCL,X,,,,,OLYMPIC CARDS LTD.,2.75,2.99,2.75,2.99,2.99,2.99,,2.99,,,41,122.0,3,F1,1,,,,,
2025-08-07,2025-08-07,CM,BSE,STK,534309,INE095N01031,NBCC,A,,,,,NBCC (India) Limited,109.8,110.65,107.1,109.65,109.65,110.1,,109.64,,,718994,78554669.0,5576,F1,1,,,,,
2025-08-07,2025-08-07,CM,BSE,STK,534312,INE472M01018,MTEDUCARE,T,,,,,MT EDUCARE LTD.,2.26,2.3,2.26,2.3,2.3,2.2,,2.37,,,3184,7225.0,4,F1,1,,,,,
2025-08-07,2025-08-07,CM,BSE,STK,534328,INE750M01017,HEXATRADEX,B,,,,,HEXA TRADEX LTD.,183.9,183.9,175.75,179.4,180.0,181.05,,178.71,,,868,154819.0,106,F1,1,,,,,
2025-08-07,2025-08-07,CM,BSE,STK,534338,INE393F01010,MAXHEIGHTS,XT,,,,,MAXHEIGHTS INFRASTRUCTURE LTD.,12.3,12.75,12.2,12.3,12.3,12.75,,12.3,,,2500,30745.0,16,F1,1,,,,,
2025-08-07,2025-08-07,CM,BSE,STK,534369,INE760L01018,TBZ,B,,,,,TRIBHOVANDAS BHIMJI ZAVERI LTD,209.95,209.95,193.45,195.5,195.5,215.0,,195.34,,,280068,55402336.0,4784,F1,1,,,,,
2025-08-07,2025-08-07,CM,BSE,STK,534392,INE050M01012,VSSL,B,,,,,VARDHMAN SPECIAL STEELS LTD.,260.5,266.2,253.45,262.95,266.2,260.5,,262.45,,,3336,856339.0,269,F1,1,,,,,
2025-08-07,2025-08-07,CM,BSE,STK,534425,INE247M01014,SPECIALITY,B,,,,,SPECIALITY RESTAURANTS LTD.,125.5,129.7,125.0,126.6,125.9,125.6,,126.4,,,4539,572457.0,95,F1,1,,,,,
2025-08-07,2025-08-07,CM,BSE,STK,534532,INE142K01011,LYPSAGEMS,T,,,,,LYPSA GEMS & JEWELLERY LTD,7.22,7.29,7.1,7.2,7.2,7.37,,7.2,,,560,4054.0,9,F1,1,,,,,
2025-08-07,2025-08-07,CM,BSE,STK,534597,INE834M01019,RTNINDIA,B,,,,,RATTANINDIA ENTERPRISES LIMITE,52.91,53.33,51.13,52.46,52.46,52.91,,52.37,,,161313,8408031.0,919,F1,1,,,,,
2025-08-07,2025-08-07,CM,BSE,STK,534598,INE735M01018,SAMPANN,B,,,,,Sampann Utpadan India Limited,32.25,32.29,29.8,30.31,30.31,31.98,,30.45,,,11520,356423.0,330,F1,1,,,,,
2025-08-07,2025-08-07,CM,BSE,STK,534600,INE391J01032,JTLIND,B,,,,,JTL INDUSTRIES LIMITED,65.9,70.3,65.71,69.77,69.77,65.7,,69.86,,,192385,13231046.0,1238,F1,1,,,,,
2025-08-07,2025-08-07,CM,BSE,STK,534612,INE436N01029,AMTL,X,,,,,ADVANCE METERING TECHNOLOGY LT,24.3,25.99,24.3,25.65,25.69,25.29,,25.65,,,1992,50358.0,43,F1,1,,,,,
2025-08-07,2025-08-07,CM,BSE,STK,534615,INE553C01016,NECCLTD,B,,,,,NORTH EASTERN CARRYING CORPORA,23.03,23.03,22.24,23.03,23.03,23.02,,22.9,,,1950,44373.0,51,F1,1,,,,,
2025-08-07,2025-08-07,CM,BSE,STK,534618,INE299N01021,WAAREERTL,A,,,,,WAAREE RENEWABLE TECHNOLOGIES,1025.0,1033.2,1007.0,1027.05,1033.2,1033.7,,1026.9,,,50925,51931774.0,2012,F1,1,,,,,
2025-08-07,2025-08-07,CM,BSE,STK,534623,INE524N01014,JUPITERIN,X,,,,,JUPITER INFOMEDIA LTD.,58.0,58.0,53.42,54.8,54.8,52.85,,54.8,,,15650,863418.0,78,F1,1,,,,,
2025-08-07,2025-08-07,CM,BSE,STK,534674,INE741L01018,DUCON,B,,,,,Ducon Infratechnologies Ltd,6.44,6.44,5.51,5.56,5.52,5.53,,5.53,,,36547,203288.0,171,F1,1,,,,,
2025-08-07,2025-08-07,CM,BSE,STK,534675,INE195N01013,PROZONER,B,,,,,PROZONE REALTY LIMITED,44.71,46.0,42.57,43.21,43.21,44.45,,43.17,,,82628,3703600.0,382,F1,1,,,,,
2025-08-07,2025-08-07,CM,BSE,STK,534680,INE559N01010,SRGHFL,B,,,,,SRG HOUSING FINANCE LTD.,318.0,324.0,317.3,323.75,323.75,311.05,,327.75,,,2848,912931.0,49,F1,1,,,,,
2025-08-07,2025-08-07,CM,BSE,STK,534691,INE456N01019,COMCL,X,,,,,COMFORT COMMOTRADE LTD.,29.55,31.49,29.55,30.83,30.9,29.38,,30.83,,,10481,322655.0,80,F1,1,,,,,
2025-08-07,2025-08-07,CM,BSE,STK,534708,INE892L01019,SHANTIGURU,MT,,,,,SHANTI GURU INDUSTRIES LIMITED,10.23,10.23,10.23,10.23,10.23,10.76,,10.23,,,6000,61380.0,2,F1,3000,,,,,
2025-08-07,2025-08-07,CM,BSE,STK,534732,INE176N01021,CASPIAN,X,,,,,CASPIAN CORPORATE SERVICES LIM,6.73,6.99,6.51,6.85,6.85,6.61,,6.85,,,60582,408398.0,168,F1,1,,,,,
2025-08-07,2025-08-07,CM,BSE,STK,534733,INE175N01023,AERPACE,X,,,,,Aerpace Industries Limited,23.28,23.28,21.75,22.4,22.4,22.6,,22.4,,,188359,4201206.0,370,F1,1,,,,,
2025-08-07,2025-08-07,CM,BSE,STK,534741,INE247C01023,VIRTUALG,X,,,,,VIRTUAL GLOBAL EDUCATION LTD.,0.5,0.52,0.49,0.52,0.52,0.5,,0.52,,,172452,88632.0,225,F1,1,,,,,
2025-08-07,2025-08-07,CM,BSE,STK,534742,INE840M01016,ZUARI,B,,,,,ZUARI AGRO CHEMICALS LTD.,362.55,373.3,351.95,368.2,368.2,362.8,,367.8,,,143840,51822751.0,2982,F1,1,,,,,
2025-08-07,2025-08-07,CM,BSE,STK,534748,INE503B01021,STEELXIND,B,,,,,STEEL EXCHANGE INDIA LTD.,10.84,11.19,10.84,11.03,11.03,10.92,,11.03,,,1617941,17793341.0,2560,F1,1,,,,,
2025-08-07,2025-08-07,CM,BSE,STK,534755,INE234G01022,TRIOMERC,X,,,,,TRIO MERCANTILE & TRADING LTD.,0.55,0.6,0.53,0.6,0.6,0.55,,0.6,,,88284,51314.0,85,F1,1,,,,,
2025-08-07,2025-08-07,CM,BSE,STK,534758,INE675C01017,CIGNITITEC,A,,,,,CIGNITI TECHNOLOGIES LTD.,1526.0,1613.05,1526.0,1606.1,1610.1,1546.85,,1610.0,,,2043,3237045.0,267,F1,1,,,,,
2025-08-07,2025-08-07,CM,BSE,STK,534804,INE752H01013,CARERATING,A,,,,,CARE Ratings Limited,1637.65,1640.9,1608.25,1634.5,1629.45,1634.85,,1628.1,,,1921,3118626.0,360,F1,1,,,,,
2025-08-07,2025-08-07,CM,BSE,STK,534809,INE785M01021,PCJEWELLER,A,,,,,PC JEWELLER LTD.,14.0,14.22,13.64,13.97,13.97,14.03,,13.96,,,8650569,120328910.0,7571,F1,1,,,,,
2025-08-07,2025-08-07,CM,BSE,STK,534816,INE121J01017,INDUSTOWER,A,,,,,INDUS TOWERS LIMITED,337.9,339.55,330.35,335.15,335.15,341.0,,334.65,,,179637,60112742.0,4531,F1,1,,,,,
2025-08-07,2025-08-07,CM,BSE,STK,534920,INE899M01020,COVIDH,XT,,,,,COVIDH,3.37,3.37,3.37,3.37,3.37,3.31,,3.37,,,1,3.0,1,F1,1,,,,,
2025-08-07,2025-08-07,CM,BSE,STK,534976,INE665J01013,VMART,A,,,,,V-MART RETAIL LTD.,770.05,786.3,764.9,773.85,786.3,783.05,,770.65,,,6445,4979021.0,428,F1,1,,,,,
2025-08-07,2025-08-07,CM,BSE,STK,535136,INE149O01018,NIBE,B,,,,,NIBE LIMITED,1601.45,1608.0,1510.25,1595.8,1588.0,1604.65,,1594.6,,,11528,17915079.0,1419,F1,1,,,,,
2025-08-07,2025-08-07,CM,BSE,STK,535204,INE160O01031,MUKTA,X,,,,,Mukta Agriculture Limited,3.68,3.68,3.13,3.14,3.14,3.13,,3.14,,,1907,6249.0,12,F1,1,,,,,
2025-08-07,2025-08-07,CM,BSE,STK,535205,INE159O01033,MYSTICELE,X,,,,,Mystic Electronics Limited,3.91,3.92,3.75,3.81,3.85,3.75,,3.81,,,11430,44088.0,60,F1,1,,,,,
2025-08-07,2025-08-07,CM,BSE,STK,535267,INE274M01026,COMFINCAP,X,,,,,COMFORT FINCAP LTD.,8.7,8.9,8.65,8.88,8.8,8.7,,8.88,,,18262,161729.0,114,F1,1,,,,,
2025-08-07,2025-08-07,CM,BSE,STK,535276,INF200K01VT2,SBISENSEX,A,,,,,SBI MUTUAL FUND - SBI ETF SENS,890.55,892.4,882.39,890.72,892.4,890.55,,890.72,,,5203,4608146.0,236,F1,1,,,,,
2025-08-07,2025-08-07,CM,BSE,STK,535322,INE612J01015,REPCOHOME,B,,,,,REPCO HOME FINANCE LTD.,394.0,395.95,384.8,387.55,385.35,395.45,,387.65,,,3142,1221020.0,224,F1,1,,,,,
2025-08-07,2025-08-07,CM,BSE,STK,535387,INE191O01010,LAKHOTIA,X,,,,,LAKHOTIA POLYESTERS (INDIA) LT,44.5,44.5,44.49,44.5,44.5,42.01,,44.5,,,318,14150.0,6,F1,1,,,,,
2025-08-07,2025-08-07,CM,BSE,STK,535431,INE168O01026,GCMSECU,B,,,,,GCM SECURITIES LTD,0.87,0.87,0.84,0.85,0.85,0.85,,0.85,,,88737,75542.0,107,F1,1,,,,,
2025-08-07,2025-08-07,CM,BSE,STK,535458,INE047O01014,NIBL,T,,,,,NRB INDUSTRIAL BEARINGS LTD.,21.8,22.74,21.66,22.74,22.74,21.66,,23.05,,,234,5133.0,18,F1,1,,,,,
2025-08-07,2025-08-07,CM,BSE,STK,535514,INE748D01010,PRIMECAPM,X,,,,,PRIME CAPITAL MARKET LTD.,6.15,6.15,6.15,6.15,6.15,5.89,,6.15,,,1001,6156.0,4,F1,1,,,,,
2025-08-07,2025-08-07,CM,BSE,STK,535566,INE902D01013,KIFS,X,,,,,KIFS FINANCIAL SERVICES LTD.,162.0,171.8,153.0,171.8,171.8,156.2,,171.8,,,2349,400053.0,71,F1,1,,,,,
2025-08-07,2025-08-07,CM,BSE,STK,535601,INE099F01013,SREEL,B,,,,,SREELEATHERS LTD.,240.0,243.5,233.35,235.25,235.05,239.2,,235.81,,,244,58450.0,30,F1,1,,,,,
2025-08-07,2025-08-07,CM,BSE,STK,535602,INE597I01028,SHARDAMOTR,A,,,,,SHARDA MOTOR INDUSTRIES LTD,1030.0,1060.0,1008.5,1041.95,1059.65,1038.2,,1039.0,,,5976,6138959.0,699,F1,1,,,,,
2025-08-07,2025-08-07,CM,BSE,STK,535620,INE160L01011,BINNYMILLS,X,,,,,BINNY MILLS LTD.,262.0,299.0,255.1,287.5,260.0,262.2,,287.5,,,28,7620.0,9,F1,1,,,,,
2025-08-07,2025-08-07,CM,BSE,STK,535621,INE159L01013,SVGLOBAL,XT,,,,,S V GLOBAL MILL LTD.,142.9,151.2,142.9,151.2,151.2,150.4,,151.2,,,308,44220.0,6,F1,1,,,,,
2025-08-07,2025-08-07,CM,BSE,STK,535647,INE807O01011,SDC,MT,,,,,SDC TECHMEDIA LIMITED,11.88,11.88,11.88,11.88,11.88,11.32,,11.88,,,10000,118800.0,1,F1,10000,,,,,
2025-08-07,2025-08-07,CM,BSE,STK,535648,INE599M01018,JUSTDIAL,A,,,,,JUST DIAL LTD.,813.05,845.0,810.6,835.0,845.0,830.8,,835.35,,,15059,12403763.0,819,F1,1,,,,,
2025-08-07,2025-08-07,CM,BSE,STK,535657,INE860E01011,OONE,X,,,,,OBJECTONE INFORMATION SYSTEMS,9.0,9.59,9.0,9.4,9.4,9.01,,9.4,,,1224,11334.0,11,F1,1,,,,,
2025-08-07,2025-08-07,CM,BSE,STK,535667,INE474O01010,IFINSEC,X,,,,,INDIA FINSEC LTD.,150.05,162.1,145.15,146.05,145.15,152.0,,146.05,,,429,63850.0,12,F1,1,,,,,
2025-08-07,2025-08-07,CM,BSE,STK,535693,INE320I01017,BRAHMINFRA,XT,,,,,BRAHMAPUTRA INFRASTRUCTURE LTD,85.0,85.5,82.2,85.47,85.05,85.51,,85.47,,,21204,1788838.0,168,F1,1,,,,,
2025-08-07,2025-08-07,CM,BSE,STK,535719,INE989J01017,AMPVOLTS,X,,,,,AMPVOLTS LIMITED,25.69,27.4,24.0,25.79,26.77,26.15,,25.79,,,20075,504185.0,98,F1,1,,,,,
2025-08-07,2025-08-07,CM,BSE,STK,535730,INE731G01027,KHOOBSURAT,XT,,,,,KHOOBSURAT LTD,0.66,0.66,0.63,0.64,0.64,0.66,,0.64,,,852722,551921.0,567,F1,1,,,,,
2025-08-07,2025-08-07,CM,BSE,STK,535754,INE876N01018,ORIENTCEM,A,,,,,ORIENT CEMENT LTD,239.0,244.95,235.05,242.3,241.65,238.65,,242.68,,,26054,6223940.0,573,F1,1,,,,,
2025-08-07,2025-08-07,CM,BSE,STK,535755,INE647O01011,ABFRL,A,,,,,Aditya Birla Fashion and Retai,76.22,76.31,75.05,76.1,76.1,76.47,,76.12,,,366174,27746192.0,3251,F1,1,,,,,
2025-08-07,2025-08-07,CM,BSE,STK,535789,INE148I01020,SAMMAANCAP,A,,,,,Sammaan Capital Limited,122.8,123.3,118.25,121.25,121.25,122.8,,121.28,,,284079,34287756.0,1709,F1,1,,,,,
2025-08-07,2025-08-07,CM,BSE,STK,535910,INE340O01021,MMLF,T,,,,,MONEY MASTERS LEASING & FINANC,1.75,1.75,1.74,1.74,1.74,1.77,,1.74,,,303667,528684.0,62,F1,1,,,,,
2025-08-07,2025-08-07,CM,BSE,STK,535916,INE030P01017,ALSL,B,,,,,ALACRITY SECURITIES LTD,59.01,63.94,56.3,63.01,63.77,58.14,,63.01,,,37488,2236682.0,312,F1,1,,,,,
2025-08-07,2025-08-07,CM,BSE,STK,535958,INE418N01035,ESSENTIA,B,,,,,Integra Essentia Limited,1.93,1.93,1.83,1.87,1.87,1.93,,1.87,,,1043233,1966405.0,889,F1,1,,,,,
2025-08-07,2025-08-07,CM,BSE,STK,536073,INE890N01027,JULIEN,X,,,,,JULIEN AGRO INFRATECH LIMITED,8.35,8.53,8.1,8.22,8.2,8.34,,8.22,,,45795,379276.0,144,F1,1,,,,,
2025-08-07,2025-08-07,CM,BSE,STK,536264,INE906O01029,TIGERLOGS,X,,,,,TIGER LOGISTICS (INDIA) LTD,46.15,47.19,45.2,45.58,45.79,47.68,,45.58,,,158293,7269578.0,1065,F1,1,,,,,
2025-08-07,2025-08-07,CM,BSE,STK,536493,INE690O01011,JKAGRI,X,,,,,JK AGRI GENETICS LTD,454.0,457.95,442.3,452.1,453.9,451.45,,452.1,,,826,372638.0,46,F1,1,,,,,
2025-08-07,2025-08-07,CM,BSE,STK,536565,INE314I01036,NOVELIX,XT,,,,,NOVELIX PHARMACEUTICALS LIMITE,42.26,42.26,38.25,42.2,42.2,40.25,,42.2,,,1314,52050.0,14,F1,1,,,,,
2025-08-07,2025-08-07,CM,BSE,STK,536659,INE428B01013,PVVINFRA,XT,,,,,PVV Infra Limited,5.5,5.5,5.25,5.4,5.41,5.43,,5.4,,,261711,1400223.0,903,F1,1,,,,,
2025-08-07,2025-08-07,CM,BSE,STK,536672,INE962O01014,VCU,X,,,,,VCU DATA MANAGEMENT LTD,6.45,6.45,6.15,6.15,6.15,5.9,,6.15,,,25765,165637.0,42,F1,1,,,,,
2025-08-07,2025-08-07,CM,BSE,STK,536709,INE138O01029,INDRENEW,X,,,,,IND Renewable Energy Ltd,14.13,14.5,14.13,14.15,14.14,14.13,,14.15,,,15237,216866.0,84,F1,1,,,,,
2025-08-07,2025-08-07,CM,BSE,STK,536773,INE147P01019,JPOLYINVST,B,,,,,JINDAL POLY INVESTMENT AND FIN,740.35,769.9,740.35,745.75,744.05,754.0,,746.15,,,178,133607.0,42,F1,1,,,,,
2025-08-07,2025-08-07,CM,BSE,STK,536846,INE156M01017,YURANUS,XT,,,,,YURANUS INFRASTRUCTURE LTD,67.31,67.31,67.31,67.31,67.31,68.68,,67.31,,,319,21471.0,13,F1,1,,,,,
2025-08-07,2025-08-07,CM,BSE,STK,536960,INF247L01023,MOM100,B,,,,,MOTILAL OSWAL MUTUAL FUND - MO,61.1,61.37,60.2,61.28,61.35,61.05,,61.18,,,30192,1827953.0,233,F1,1,,,,,
2025-08-07,2025-08-07,CM,BSE,STK,536974,INE536P01021,CPL,X,,,,,CAPTAIN POLYPLAST LTD,74.32,75.5,73.55,74.82,74.9,74.32,,74.82,,,17937,1327775.0,124,F1,1,,,,,
2025-08-07,2025-08-07,CM,BSE,STK,537007,INF109K012R6,NIFTYIETF,B,,,,,ICICI Prudential Nifty ETF,275.43,277.0,273.17,276.13,277.0,275.96,,276.09,,,66867,18347689.0,1357,F1,1,,,,,
2025-08-07,2025-08-07,CM,BSE,STK,537008,INF109KC16V9,NIF100IETF,B,,,,,ICICI Prudential Nifty 100 ETF,27.72,28.02,27.57,27.95,28.02,27.96,,28.01,,,22875,636929.0,144,F1,1,,,,,
2025-08-07,2025-08-07,CM,BSE,STK,537069,INE185K01036,ARNOLD,X,,,,,ARNOLD HOLDINGS LTD,24.37,24.37,23.72,24.1,24.09,23.86,,24.1,,,4230,101514.0,33,F1,1,,,,,
2025-08-07,2025-08-07,CM,BSE,STK,537253,INE671C01016,SUNLOC,X,,,,,SUNIL HEALTHCARE LTD,78.5,81.0,78.0,78.16,78.3,79.97,,78.16,,,570,44659.0,20,F1,1,,,,,
2025-08-07,2025-08-07,CM,BSE,STK,537259,INE442P01014,SUYOG,B,,,,,SUYOG TELEMATICS LTD,831.05,831.05,785.1,818.7,818.5,785.55,,819.05,,,1711,1378041.0,140,F1,1,,,,,
2025-08-07,2025-08-07,CM,BSE,STK,537291,INE448G01010,NATHBIOGEN,T,,,,,NATH BIO-GENES (INDIA) LTD,176.0,176.0,171.0,174.45,175.0,175.5,,173.58,,,2454,425038.0,71,F1,1,,,,,
2025-08-07,2025-08-07,CM,BSE,STK,537292,INE449G01018,AGRITECH,B,,,,,AGRI- TECH (INDIA) LTD,137.55,142.35,137.55,140.65,142.2,140.4,,141.29,,,2266,315551.0,100,F1,1,,,,,
2025-08-07,2025-08-07,CM,BSE,STK,537326,INE212P01011,CHEMTECH,X,,,,,CHEMTECH INDUSTRIAL VALVES LTD,112.0,117.5,112.0,114.7,114.0,112.0,,114.7,,,20922,2408958.0,128,F1,1,,,,,
2025-08-07,2025-08-07,CM,BSE,STK,537483,INF204K014N5,NIF100BEES,B,,,,,NIPPON INDIA ETF NIFTY 100,265.5,268.18,262.32,266.08,268.18,265.61,,265.86,,,8001,2113907.0,337,F1,1,,,,,
2025-08-07,2025-08-07,CM,BSE,STK,537536,INE051G01012,DENISCHEM,X,,,,,DENIS CHEM LAB LTD,94.4,94.4,91.15,92.6,92.6,92.56,,92.6,,,2513,231628.0,71,F1,1,,,,,
2025-08-07,2025-08-07,CM,BSE,STK,537707,INE546I01025,LADDU,X,,,,,LADDU GOPAL ONLINE SERVICES LI,4.21,4.21,4.2,4.21,4.21,4.01,,4.21,,,7347489,30920569.0,931,F1,1,,,,,
2025-08-07,2025-08-07,CM,BSE,STK,537708,INF174K014P6,NIFTY1,B,,,,,KOTAK MAHINDRA MUTUAL FUND - K,270.2,270.2,266.97,269.79,270.0,270.1,,269.71,,,11042,2964821.0,283,F1,1,,,,,
2025-08-07,2025-08-07,CM,BSE,STK,537709,INE101H01013,HANSUGAR,XT,,,,,SHREE HANUMAN SUGAR & INDUSTRI,5.13,5.36,5.0,5.06,5.0,5.15,,5.06,,,8719,45090.0,44,F1,1,,,,,
2025-08-07,2025-08-07,CM,BSE,STK,537750,INE555P01013,KIRANVYPAR,X,,,,,KIRAN VYAPAR LTD,218.9,218.9,210.35,214.85,214.95,210.35,,214.85,,,1459,309659.0,41,F1,1,,,,,
2025-08-07,2025-08-07,CM,BSE,STK,537766,INE905P01028,BCP,X,,,,,B.C. POWER CONTROLS LTD,1.93,1.93,1.87,1.89,1.88,1.9,,1.89,,,103309,195581.0,198,F1,1,,,,,
2025-08-07,2025-08-07,CM,BSE,STK,537785,INE084Q01012,RACE,B,,,,,RACE ECO CHAIN LIMITED,236.0,240.95,227.4,236.4,237.2,238.1,,236.54,,,539,127094.0,37,F1,1,,,,,
2025-08-07,2025-08-07,CM,BSE,STK,537800,INE717C01025,MANGIND,X,,,,,MANGALAM INDUSTRIAL FINANCE LT,1.52,1.57,1.51,1.55,1.55,1.52,,1.55,,,531306,811376.0,653,F1,1,,,,,
2025-08-07,2025-08-07,CM,BSE,STK,537820,INE159N01027,VIJIFIN,T,,,,,VIJI FINANCE LTD,4.33,4.33,4.33,4.33,4.33,4.41,,4.33,,,13562,58723.0,26,F1,1,,,,,
2025-08-07,2025-08-07,CM,BSE,STK,537839,INE977M01024,PHOENIXTN,X,,,,,PHOENIX TOWNSHIP LTD,165.0,176.65,160.1,176.6,176.65,168.25,,176.6,,,3907,676918.0,74,F1,1,,,,,
2025-08-07,2025-08-07,CM,BSE,STK,537840,INE523K01012,RAUNAQ,X,,,,,RAUNAQ INTERNATIONAL LIMITED,79.99,81.15,74.02,81.04,81.15,73.78,,81.04,,,24087,1929252.0,237,F1,1,,,,,
2025-08-07,2025-08-07,CM,BSE,STK,537985,INE463B01036,INFRONICS,X,,,,,INFRONICS SYSTEMS LTD,30.97,35.11,30.5,30.54,31.49,30.98,,30.54,,,8897,277341.0,95,F1,1,,,,,
2025-08-07,2025-08-07,CM,BSE,STK,538057,INF457M01133,CPSEETF,A,,,,,CPSE ETF,89.17,90.5,89.1,89.91,90.0,90.08,,89.83,,,93130,8351259.0,1678,F1,1,,,,,
2025-08-07,2025-08-07,CM,BSE,STK,538081,INE493N01012,HARIAAPL,X,,,,,HARIA APPARELS LTD,6.1,6.1,5.43,5.78,5.78,5.58,,5.78,,,5033,27782.0,14,F1,1,,,,,
2025-08-07,2025-08-07,CM,BSE,STK,538119,INE012Q01021,RNBDENIMS,X,,,,,R&B DENIMS LTD,92.0,93.99,91.0,92.0,93.0,93.12,,92.0,,,601,55250.0,31,F1,1,,,,,
2025-08-07,2025-08-07,CM,BSE,STK,538212,INE909D01026,SHARPINV,XT,,,,,SHARP INVESTMENTS LTD,0.62,0.64,0.6,0.63,0.64,0.62,,0.63,,,196779,121296.0,146,F1,1,,,,,
2025-08-07,2025-08-07,CM,BSE,STK,538268,INE066O01014,WONDERLA,B,,,,,WONDERLA HOLIDAYS LTD,602.45,622.75,600.3,616.55,618.2,602.45,,615.2,,,7072,4291810.0,464,F1,1,,,,,
2025-08-07,2025-08-07,CM,BSE,STK,538273,INE401B01010,RESPONSINF,X,,,,,RESPONSE INFORMATICS LTD,33.5,33.5,33.0,33.0,33.0,33.25,,33.0,,,320,10662.0,5,F1,1,,,,,
2025-08-07,2025-08-07,CM,BSE,STK,538319,INE191P01017,GCMCAPI,MT,,,,,GCM CAPITAL ADVISORS LTD,4.14,4.56,4.14,4.17,4.17,4.35,,4.17,,,3000,12870.0,3,F1,1000,,,,,
2025-08-07,2025-08-07,CM,BSE,STK,538351,INE663P01015,AFEL,XT,,,,,A.F. ENTERPRISES LTD,2.32,2.39,2.22,2.27,2.26,2.32,,2.27,,,59281,136374.0,129,F1,1,,,,,
2025-08-07,2025-08-07,CM,BSE,STK,538365,INE452L01012,INCREDIBLE,T,,,,,INCREDIBLE INDUSTRIES LIMITED,38.33,40.88,38.19,38.21,39.99,40.15,,38.49,,,2475,94800.0,13,F1,1,,,,,
2025-08-07,2025-08-07,CM,BSE,STK,538382,INE266P01017,WESTLEIRES,X,,,,,WEST LEISURE RESORTS LTD,130.0,130.0,130.0,130.0,130.0,134.8,,130.0,,,1,130.0,1,F1,1,,,,,
2025-08-07,2025-08-07,CM,BSE,STK,538395,INE792G01011,NAM,X,,,,,NAM SECURITIES LTD,97.61,97.61,97.13,97.13,97.13,92.97,,97.13,,,2,194.0,2,F1,1,,,,,
2025-08-07,2025-08-07,CM,BSE,STK,538401,INE318N01011,METSL,X,,,,,MAESTROS ELECTRONICS & TELECOM,165.75,165.75,156.45,158.35,158.35,163.45,,158.35,,,5394,863332.0,151,F1,1,,,,,
2025-08-07,2025-08-07,CM,BSE,STK,538422,INE508N01025,JACKSON,X,,,,,JACKSON INVESTMENTS LTD,0.51,0.52,0.5,0.51,0.51,0.5,,0.51,,,234260,118764.0,329,F1,1,,,,,
2025-08-07,2025-08-07,CM,BSE,STK,538446,INE296Q01012,MONEYBOXX,X,,,,,MONEYBOXX FINANCE LIMITED,151.4,151.4,143.0,144.0,144.05,147.4,,144.0,,,11385,1673527.0,70,F1,1,,,,,
2025-08-07,2025-08-07,CM,BSE,STK,538451,INE114O01020,WORTH,X,,,,,WORTH INVESTMENT & TRADING CO,26.46,27.94,24.03,26.85,26.85,26.59,,26.85,,,33761,886464.0,249,F1,1,,,,,
2025-08-07,2025-08-07,CM,BSE,STK,538452,INE855P01041,QUASAR,XT,,,,,QUASAR INDIA LTD,0.48,0.48,0.48,0.48,0.48,0.48,,0.48,,,217028,104173.0,152,F1,1,,,,,
2025-08-07,2025-08-07,CM,BSE,STK,538464,INE901C01017,TPROJECT,XT,,,,,THIRANI PROJECTS LTD,4.0,4.0,4.0,4.0,4.0,4.08,,4.0,,,16980,67920.0,15,F1,1,,,,,
2025-08-07,2025-08-07,CM,BSE,STK,538465,INE745P01010,AMARSEC,X,,,,,AMARNATH SECURITIES LTD,11.12,12.95,11.12,12.55,12.55,12.32,,12.55,,,14270,178947.0,21,F1,1,,,,,
2025-08-07,2025-08-07,CM,BSE,STK,538476,INE172D01021,CTL,X,,,,,CAPITAL TRADE LINKS LTD,16.31,16.74,16.0,16.62,16.62,16.31,,16.62,,,136995,2233253.0,178,F1,1,,,,,
2025-08-07,2025-08-07,CM,BSE,STK,538520,INE857P01021,SBL,XT,,,,,SHIVAMSHREE BUSINESSES LIMITED,2.25,2.32,2.1,2.29,2.31,2.21,,2.29,,,78750,180140.0,34,F1,1,,,,,
2025-08-07,2025-08-07,CM,BSE,STK,538521,INE969E01010,YAANENT,X,,,,,YAAN ENTERPRISES LIMITED,81.5,81.5,78.0,80.5,78.9,81.81,,80.5,,,420,32935.0,14,F1,1,,,,,
2025-08-07,2025-08-07,CM,BSE,STK,538537,INE378P01036,OMANSH,XT,,,,,OMANSH ENTERPRISES LTD,72.46,72.46,72.46,72.46,72.46,71.04,,72.46,,,3,217.0,1,F1,1,,,,,
2025-08-07,2025-08-07,CM,BSE,STK,538539,INE075K01013,ANVRDHI,X,,,,,ANNVRRIDHHI VENTURES LIMITED,10.05,10.74,10.05,10.64,10.64,10.54,,10.64,,,16866,175694.0,113,F1,1,,,,,
2025-08-07,2025-08-07,CM,BSE,STK,538540,INE516P01015,RLFL,XT,,,,,RAMCHANDRA LEASING & FINANCE L,4.32,4.55,4.13,4.54,4.54,4.34,,4.54,,,81255,352955.0,143,F1,1,,,,,
2025-08-07,2025-08-07,CM,BSE,STK,538542,INE634J01019,GOLDCOINHF,XT,,,,,GOLD COIN HEALTH FOODS LTD,13.19,13.19,13.19,13.19,13.19,13.45,,13.19,,,40,527.0,3,F1,1,,,,,
2025-08-07,2025-08-07,CM,BSE,STK,538546,INE319Q01012,BRPL,B,,,,,BANSAL ROOFING PRODUCTS LTD,129.95,129.95,126.5,128.6,128.6,126.8,,128.6,,,38298,4913442.0,358,F1,1,,,,,
2025-08-07,2025-08-07,CM,BSE,STK,538556,INE510P01018,ARMAN,X,,,,,ARMAN HOLDINGS LTD,90.0,93.99,90.0,91.73,91.73,90.0,,91.73,,,67,6147.0,8,F1,1,,,,,
2025-08-07,2025-08-07,CM,BSE,STK,538562,INE439E01022,SKIPPER,A,,,,,SKIPPER LTD,500.2,517.35,498.0,513.7,513.6,508.2,,514.4,,,41084,20979823.0,1468,F1,1,,,,,
2025-08-07,2025-08-07,CM,BSE,STK,538563,INE673E01018,SMTEL,XT,,,,,SMT ENGINEERING LIMITED,30.72,30.72,30.72,30.72,30.72,30.12,,30.72,,,20,614.0,1,F1,1,,,,,
2025-08-07,2025-08-07,CM,BSE,STK,538564,INE718P01017,JAMESWARREN,X,,,,,JAMES WARREN TEA LTD,378.0,378.0,350.0,359.95,354.05,370.85,,359.95,,,3249,1168800.0,141,F1,1,,,,,
2025-08-07,2025-08-07,CM,BSE,STK,538565,INE878P01019,VISTARAMAR,X,,,,,Vistar Amar Limited,125.0,134.9,125.0,134.0,134.0,131.0,,134.0,,,213,28521.0,18,F1,1,,,,,
2025-08-07,2025-08-07,CM,BSE,STK,538567,INE635Q01029,GULFOILLUB,A,,,,,GULF OIL LUBRICANTS INDIA LTD,1150.0,1175.15,1150.0,1161.95,1161.95,1158.5,,1162.0,,,1987,2303978.0,174,F1,1,,,,,
2025-08-07,2025-08-07,CM,BSE,STK,538569,INE916P01025,TRIVENIENT,X,,,,,TRIVENI ENTERPRISES LTD,1.67,1.67,1.6,1.65,1.62,1.63,,1.65,,,33706,55575.0,105,F1,1,,,,,
2025-08-07,2025-08-07,CM,BSE,STK,538596,INE222B01028,CEMAINFRA,X,,,,,CEMANTIC INFRA-TECH LIMITED,5.34,5.34,5.08,5.08,5.08,5.34,,5.08,,,326,1669.0,7,F1,1,,,,,
2025-08-07,2025-08-07,CM,BSE,STK,538597,INE404F01031,TTIENT,X,,,,,TTI ENTERPRISE LTD,9.52,10.19,9.52,10.0,10.0,9.77,,10.0,,,7372,74067.0,28,F1,1,,,,,
2025-08-07,2025-08-07,CM,BSE,STK,538598,INE755Q01025,VISHAL,X,,,,,VISHAL FABRICS LTD,35.99,36.5,33.16,34.7,34.7,35.58,,34.7,,,203222,7046177.0,800,F1,1,,,,,
2025-08-07,2025-08-07,CM,BSE,STK,538607,INE457P01020,TOYAMSL,X,,,,,TOYAM SPORTS LIMITED,1.2,1.2,1.17,1.19,1.18,1.2,,1.19,,,492807,584804.0,346,F1,1,,,,,
2025-08-07,2025-08-07,CM,BSE,STK,538609,INE868G01019,GAJANANSEC,XT,,,,,GAJANAN SECURITIES SERVICES LT,71.07,71.07,71.07,71.07,71.07,72.52,,71.07,,,206,14640.0,9,F1,1,,,,,
2025-08-07,2025-08-07,CM,BSE,STK,538610,INE099D01018,UNISON,X,,,,,UNISON METALS LTD,24.84,24.84,23.24,23.7,23.7,24.84,,23.7,,,420937,10046811.0,129,F1,1,,,,,
2025-08-07,2025-08-07,CM,BSE,STK,538611,INE840I01014,RTFL,Z,,,,,Real Touch Finance Limited,49.0,49.0,49.0,49.0,49.0,50.0,,49.0,,,102,4998.0,1,F1,1,,,,,
2025-08-07,2025-08-07,CM,BSE,STK,538634,INE406F01010,VRL,X,,,,,VASUNDHARA RASAYANS LTD,191.05,199.0,172.0,184.2,184.2,194.95,,184.2,,,2723,503106.0,139,F1,1,,,,,
2025-08-07,2025-08-07,CM,BSE,STK,538635,INE734N01019,SNOWMAN,B,,,,,SNOWMAN LOGISTICS LTD,52.0,53.0,51.83,52.83,52.8,52.38,,52.75,,,21084,1107268.0,226,F1,1,,,,,
2025-08-07,2025-08-07,CM,BSE,STK,538646,INE837C01013,QGO,X,,,,,QGO FINANCE LIMITED,46.16,46.99,46.11,46.97,46.97,46.72,,46.97,,,520,24367.0,17,F1,1,,,,,
2025-08-07,2025-08-07,CM,BSE,STK,538666,INE221J01015,SHARDACROP,A,,,,,Sharda Cropchem Limited,1010.0,1040.0,985.2,993.3,998.05,1054.9,,994.3,,,58480,58629666.0,4309,F1,1,,,,,
2025-08-07,2025-08-07,CM,BSE,STK,538668,INE898Q01015,MIIL,B,,,,,Meghna Infracon Infrastructure,579.5,584.85,570.0,573.6,575.0,578.9,,573.6,,,75409,43394192.0,645,F1,1,,,,,
2025-08-07,2025-08-07,CM,BSE,STK,538674,INE158C01014,CITYONLINE,Z,,,,,City Online Services Limited,7.99,7.99,7.99,7.99,7.99,7.84,,7.99,,,1167,9324.0,6,F1,1,,,,,
2025-08-07,2025-08-07,CM,BSE,STK,538683,INF204KA1UN7,SENSEXBEES,A,,,,,NIPPON INDIA ETF SENSEX,916.99,917.99,910.01,916.15,917.99,918.48,,916.15,,,4814,4396542.0,327,F1,1,,,,,
2025-08-07,2025-08-07,CM,BSE,STK,538685,INE363M01019,SHEMAROO,T,,,,,SHEMAROO ENTERTAINMENT LIMITED,114.1,120.0,114.05,119.85,119.85,119.55,,117.5,,,1119,128964.0,18,F1,1,,,,,
2025-08-07,2025-08-07,CM,BSE,STK,538706,INE010R01023,ULTRACAB,X,,,,,Ultracab (India) Limited,10.06,10.28,9.8,10.02,10.02,10.61,,10.02,,,505732,5072024.0,1020,F1,1,,,,,
2025-08-07,2025-08-07,CM,BSE,STK,538707,INE929D01016,RCCL,X,,,,,Rajasthan Cylinders & Containe,41.0,41.0,39.11,39.99,39.99,39.65,,39.99,,,1951,79667.0,13,F1,1,,,,,
2025-08-07,2025-08-07,CM,BSE,STK,538708,INE937K01014,ETIL,XT,,,,,Econo Trade (India) Limited,9.09,9.09,8.27,8.89,8.89,8.7,,8.89,,,7488,62585.0,39,F1,1,,,,,
2025-08-07,2025-08-07,CM,BSE,STK,538713,INE011R01013,ATISHAY,X,,,,,Atishay Limited,125.3,126.2,124.7,125.1,125.8,125.3,,125.1,,,7632,957078.0,82,F1,1,,,,,
2025-08-07,2025-08-07,CM,BSE,STK,538714,INE475D01010,SANGAMFIN,X,,,,,Sangam Finserv Limited,34.0,36.25,33.0,34.29,35.3,33.75,,34.29,,,672,23166.0,16,F1,1,,,,,
2025-08-07,2025-08-07,CM,BSE,STK,538715,INE260R01016,DHABRIYA,X,,,,,Dhabriya Polywood Limited,380.0,397.65,378.2,387.55,389.9,380.7,,387.55,,,4793,1854398.0,111,F1,1,,,,,
2025-08-07,2025-08-07,CM,BSE,STK,538716,INE229R01011,ARYACAPM,T,,,,,Aryaman Capital Markets Limite,365.55,365.55,365.55,365.55,365.55,348.15,,365.55,,,684,250036.0,11,F1,1,,,,,
2025-08-07,2025-08-07,CM,BSE,STK,538730,INE111Q01021,PDSL,A,,,,,PDS LIMITED,330.55,332.6,320.55,329.4,332.6,334.95,,330.05,,,17850,5836544.0,824,F1,1,,,,,
2025-08-07,2025-08-07,CM,BSE,STK,538732,INE761Q01015,VGCL,X,,,,,Vibrant Global Capital Limited,43.81,46.5,43.71,44.48,44.5,43.77,,44.48,,,4548,203394.0,72,F1,1,,,,,
2025-08-07,2025-08-07,CM,BSE,STK,538734,INE016Q01014,CEINSYSTECH,B,,,,,CEINSYS TECH LIMITED,1745.0,1758.9,1672.65,1688.4,1688.4,1746.5,,1688.4,,,42607,72326446.0,2885,F1,1,,,,,
2025-08-07,2025-08-07,CM,BSE,STK,538742,INE516E01019,PANABYTE,XT,,,,,PANABYTE TECHNOLOGIES LIMITED,36.9,36.9,36.86,36.86,36.86,38.8,,36.86,,,10146,373986.0,29,F1,1,,,,,
2025-08-07,2025-08-07,CM,BSE,STK,538743,INE491C01027,MUDUNURU,XT,,,,,Mudunuru Limited,4.43,4.43,4.43,4.43,4.43,4.66,,4.43,,,100,443.0,1,F1,1,,,,,
2025-08-07,2025-08-07,CM,BSE,STK,538770,INE176L01017,CRANEINFRA,X,,,,,Crane Infrastructure Limited,17.71,19.43,17.45,18.24,18.24,17.71,,18.24,,,1247,22203.0,22,F1,1,,,,,
2025-08-07,2025-08-07,CM,BSE,STK,538772,INE480D01010,NIYOGIN,X,,,,,Niyogin Fintech Limited,54.5,59.49,53.6,56.64,56.5,54.33,,56.64,,,104672,5910907.0,372,F1,1,,,,,
2025-08-07,2025-08-07,CM,BSE,STK,538778,INE149Q01021,KALYANCAP,X,,,,,Kalyan Capitals Limited,8.97,9.17,8.56,8.87,8.87,8.79,,8.87,,,4623,41253.0,76,F1,1,,,,,
2025-08-07,2025-08-07,CM,BSE,STK,538786,INE473L01018,CIL,XT,,,,,Citizen Infoline Ltd.,116.75,116.75,116.75,116.75,116.75,114.5,,116.75,,,496,57908.0,6,F1,1,,,,,
2025-08-07,2025-08-07,CM,BSE,STK,538787,INE997C01015,GBFL,X,,,,,Goenka Business & Finance Limi,9.6,9.6,9.05,9.6,9.59,9.52,,9.6,,,10139,95388.0,91,F1,1,,,,,
2025-08-07,2025-08-07,CM,BSE,STK,538788,INE918C01029,GILADAFINS,X,,,,,Gilada Finance & Investments L,12.11,12.16,11.6,11.73,11.73,11.82,,11.73,,,2413,28308.0,20,F1,1,,,,,
2025-08-07,2025-08-07,CM,BSE,STK,538795,INE185C01017,SAPPL,X,,,,,Shree Ajit Pulp And Paper Ltd.,197.0,197.0,196.1,196.1,196.1,201.1,,196.1,,,533,104816.0,3,F1,1,,,,,
2025-08-07,2025-08-07,CM,BSE,STK,538817,INE513R01026,CAPPIPES,B,,,,,Captain Pipes Limited,15.23,15.23,14.87,14.96,14.96,15.15,,14.96,,,33969,508038.0,306,F1,1,,,,,
2025-08-07,2025-08-07,CM,BSE,STK,538833,INE891N01017,KAIZENAGRO,X,,,,,KAIZEN AGRO INFRABUILD LIMITED,16.56,16.56,15.42,15.73,15.73,16.44,,15.73,,,19541,311694.0,66,F1,1,,,,,
2025-08-07,2025-08-07,CM,BSE,STK,538834,INE242Q01016,JMJFIN,XT,,,,,JMJ Fintech Limited,15.75,15.75,15.11,15.12,15.15,15.9,,15.12,,,20564,313302.0,138,F1,1,,,,,
2025-08-07,2025-08-07,CM,BSE,STK,538835,INE306R01017,INTELLECT,A,,,,,INTELLECT DESIGN ARENA LIMITED,943.2,953.3,923.9,947.65,948.8,944.0,,947.0,,,8282,7750118.0,568,F1,1,,,,,
2025-08-07,2025-08-07,CM,BSE,STK,538836,INE950M01013,MONTECARLO,B,,,,,Monte Carlo Fashions Limited,560.05,573.9,551.95,556.9,556.9,570.25,,555.65,,,6503,3632210.0,523,F1,1,,,,,
2025-08-07,2025-08-07,CM,BSE,STK,538837,INE237B01018,JSTL,X,,,,,Jeevan Scientific Technology L,41.5,41.5,39.8,41.38,41.38,41.0,,41.38,,,1929,78563.0,24,F1,1,,,,,
2025-08-07,2025-08-07,CM,BSE,STK,538838,INE407P01017,ICL,X,,,,,Indo Cotspin Limited,30.88,30.88,30.4,30.4,30.4,28.66,,30.4,,,197,6001.0,14,F1,1,,,,,
2025-08-07,2025-08-07,CM,BSE,STK,538860,INE655P01029,PANAFIC,X,,,,,PANAFIC INDUSTRIALS LTD,0.94,0.97,0.94,0.96,0.96,0.95,,0.96,,,146019,139389.0,138,F1,1,,,,,
2025-08-07,2025-08-07,CM,BSE,STK,538862,INE232L01018,MYMONEY,XT,,,,,My Money Securities Ltd.,40.01,41.01,40.01,41.01,41.01,40.21,,41.01,,,4378,176965.0,19,F1,1,,,,,
2025-08-07,2025-08-07,CM,BSE,STK,538868,INE183Q01020,CSL,X,,,,,Continental Securities Limited,16.98,17.5,16.12,16.29,16.54,16.72,,16.29,,,10957,181792.0,93,F1,1,,,,,
2025-08-07,2025-08-07,CM,BSE,STK,538874,INE370Q01015,NEXUSSURGL,X,,,,,NEXUS SURGICAL AND MEDICARE LI,17.15,17.15,17.07,17.07,17.07,17.13,,17.07,,,2845,48605.0,23,F1,1,,,,,
2025-08-07,2025-08-07,CM,BSE,STK,538875,INE195F01027,SELLWIN,XT,,,,,SELLWIN TRADERS LIMITED,8.36,8.36,8.36,8.36,8.36,8.2,,8.36,,,2974098,24863459.0,776,F1,1,,,,,
2025-08-07,2025-08-07,CM,BSE,STK,538882,INE030Q01015,EMERALD,XT,,,,,Emerald Finance Limited,73.48,73.48,73.48,73.48,73.48,74.97,,73.48,,,22843,1678503.0,173,F1,1,,,,,
2025-08-07,2025-08-07,CM,BSE,STK,538890,INE227F01010,MKEXIM,X,,,,,M. K. Exim (India) Ltd.,84.0,86.98,81.15,81.86,81.86,84.96,,81.86,,,23562,1952448.0,214,F1,1,,,,,
2025-08-07,2025-08-07,CM,BSE,STK,538891,INE613C01026,MCLOUD,B,,,,,MAGELLANIC CLOUD LIMITED,91.6,93.51,89.05,90.75,90.75,92.71,,90.58,,,1336797,121807907.0,9803,F1,1,,,,,
2025-08-07,2025-08-07,CM,BSE,STK,538894,INE513C01010,OCTAL,X,,,,,Octal Credit Capital Ltd.,19.21,19.21,19.21,19.21,19.21,19.21,,19.21,,,99,1901.0,8,F1,1,,,,,
2025-08-07,2025-08-07,CM,BSE,STK,538895,INE779Q01017,MIHIKA,X,,,,,Mihika Industries Ltd.,19.0,19.96,18.3,19.51,18.75,18.81,,19.51,,,2548,47908.0,21,F1,1,,,,,
2025-08-07,2025-08-07,CM,BSE,STK,538896,INE081G01019,KANCHI,X,,,,,Kanchi Karpooram Ltd.,434.95,444.45,430.0,437.5,440.0,432.75,,437.5,,,2352,1021024.0,133,F1,1,,,,,
2025-08-07,2025-08-07,CM,BSE,STK,538902,INE341R01014,DTIL,B,,,,,Dhunseri Tea & Industries Ltd,188.1,191.15,187.0,191.15,191.15,194.15,,188.85,,,722,136010.0,19,F1,1,,,,,
2025-08-07,2025-08-07,CM,BSE,STK,538918,INE661Q01017,VANICOM,X,,,,,Vani Commercials Limited,10.5,10.8,10.22,10.74,10.8,10.72,,10.74,,,6340,66716.0,24,F1,1,,,,,
2025-08-07,2025-08-07,CM,BSE,STK,538919,INE055Q01012,SKILVEN,X,,,,,SKYLINE VENTURES INDIA LIMITED,25.9,25.9,25.9,25.9,25.9,24.67,,25.9,,,131,3392.0,5,F1,1,,,,,
2025-08-07,2025-08-07,CM,BSE,STK,538920,INE498Q01014,VINCOFE,B,,,,,VINTAGE COFFEE AND BEVERAGES L,141.85,149.6,141.85,147.1,147.05,145.1,,147.17,,,90275,13207369.0,820,F1,1,,,,,
2025-08-07,2025-08-07,CM,BSE,STK,538922,INE029B01019,COSYN,X,,,,,COSYN Limited,21.6,22.68,20.52,22.14,22.68,21.6,,22.14,,,7656,165594.0,69,F1,1,,,,,
2025-08-07,2025-08-07,CM,BSE,STK,538923,INE499Q01012,SOFCOM,X,,,,,SOFCOM SYSTEMS LIMITED,91.2,91.2,86.0,89.1,88.8,88.93,,89.1,,,44320,3924106.0,137,F1,1,,,,,
2025-08-07,2025-08-07,CM,BSE,STK,538926,INE223R01014,NAPL,XT,,,,,Naturite Agro Products Limited,385.3,385.3,385.3,385.3,385.3,381.5,,385.3,,,35,13485.0,5,F1,1,,,,,
2025-08-07,2025-08-07,CM,BSE,STK,538928,INE554R01020,KARNAVATI,X,,,,,Karnavati Finance Limited,1.88,2.08,1.88,2.0,2.0,1.91,,2.0,,,5507,11047.0,30,F1,1,,,,,
2025-08-07,2025-08-07,CM,BSE,STK,538942,INE689O01013,MERCANTILE,X,,,,,Mercantile Ventures Limited,27.2,28.0,26.5,27.31,27.49,28.0,,27.31,,,5443,148414.0,102,F1,1,,,,,
2025-08-07,2025-08-07,CM,BSE,STK,538943,INE321M01017,SONAL,X,,,,,Sonal Mercantile Limited,95.8,97.0,95.2,95.2,95.2,95.91,,95.2,,,558,53796.0,25,F1,1,,,,,
2025-08-07,2025-08-07,CM,BSE,STK,538952,INE211D01027,ALFL,X,,,,,Abhinav Leasing & Finance Limi,1.27,1.27,1.26,1.27,1.27,1.28,,1.27,,,7622,9677.0,23,F1,1,,,,,
2025-08-07,2025-08-07,CM,BSE,STK,538961,INE949P01018,GENUSPAPER,B,,,,,GENUS PAPER & BOARDS LIMITED,18.07,18.11,17.77,17.95,18.08,18.28,,18.14,,,16874,302832.0,224,F1,1,,,,,
2025-08-07,2025-08-07,CM,BSE,STK,538962,INE842C01021,MINDACORP,A,,,,,Minda Corporation Limited,470.0,476.25,457.65,461.9,461.9,475.2,,461.65,,,21088,9806045.0,1403,F1,1,,,,,
2025-08-07,2025-08-07,CM,BSE,STK,538965,INE858L01010,CONCORD,XT,,,,,Concord Drugs Limited,53.66,55.84,53.66,55.84,55.84,54.75,,55.84,,,8062,446068.0,31,F1,1,,,,,
2025-08-07,2025-08-07,CM,BSE,STK,538970,INE945P01024,WARDINMOBI,X,,,,,WARDWIZARD INNOVATIONS AND MOB,11.8,12.0,11.06,11.71,11.71,12.04,,11.71,,,754161,8719372.0,3066,F1,1,,,,,
2025-08-07,2025-08-07,CM,BSE,STK,538975,INE397C01026,SHREESEC,X,,,,,Shree Securities Ltd.,0.28,0.3,0.28,0.29,0.29,0.29,,0.29,,,2978342,868303.0,538,F1,1,,,,,
2025-08-07,2025-08-07,CM,BSE,STK,538979,INE544R01021,GREENLAM,B,,,,,Greenlam Industries Ltd,224.35,227.95,217.8,223.65,227.0,224.95,,223.56,,,1862,413254.0,180,F1,1,,,,,
2025-08-07,2025-08-07,CM,BSE,STK,538987,INE717E01013,TALBROSENG,X,,,,,TALBROS ENGINEERING LIMITED,569.65,569.65,550.05,559.45,559.45,569.65,,559.45,,,490,272017.0,48,F1,1,,,,,
2025-08-07,2025-08-07,CM,BSE,STK,538992,INE002E01010,SAPL,X,,,,,Sar  Auto Products Limited,1764.0,1764.0,1680.0,1680.0,1680.0,1680.0,,1680.0,,,12,20916.0,3,F1,1,,,,,
2025-08-07,2025-08-07,CM,BSE,STK,539006,INE596F01018,PTCIL,A,,,,,PTC Industries Ltd.,14760.05,15023.3,14596.9,14942.2,14935.0,15035.75,,14954.0,,,998,14780621.0,355,F1,1,,,,,
2025-08-07,2025-08-07,CM,BSE,STK,539011,INE777O01016,CHENFERRO,X,,,,,CHENNAI FERROUS INDUSTRIES LIM,121.1,125.7,117.05,119.75,121.2,121.1,,119.75,,,2595,310263.0,46,F1,1,,,,,
2025-08-07,2025-08-07,CM,BSE,STK,539012,INE756R01013,MEGRISOFT,X,,,,,Megri Soft Limited,109.0,109.0,105.0,107.95,107.95,106.3,,107.95,,,28,2997.0,6,F1,1,,,,,
2025-08-07,2025-08-07,CM,BSE,STK,539013,INE776O01018,GITARENEW,X,,,,,GITA RENEWABLE ENERGY LIMITED,114.6,117.95,113.05,116.2,117.9,114.6,,116.2,,,1019,119228.0,42,F1,1,,,,,
2025-08-07,2025-08-07,CM,BSE,STK,539014,INE059Q01014,KALPACOMME,XT,,,,,Kalpa Commercial Limited,8.67,8.67,8.67,8.67,8.67,8.5,,8.67,,,4542,39379.0,6,F1,1,,,,,
2025-08-07,2025-08-07,CM,BSE,STK,539015,INE849L01019,ORTEL,Z,,,,,Ortel Communications Limited,1.42,1.42,1.42,1.42,1.42,1.42,,1.42,,,1,1.0,1,F1,1,,,,,
2025-08-07,2025-08-07,CM,BSE,STK,539016,INE396C01010,NEIL,X,,,,,Neil Industries Ltd.,12.76,12.76,10.62,10.62,10.62,11.79,,10.62,,,217217,2527601.0,363,F1,1,,,,,
2025-08-07,2025-08-07,CM,BSE,STK,539017,INE526R01028,STARHFL,X,,,,,STAR HOUSING FINANCE LIMITED,23.48,26.83,23.0,25.67,25.67,23.05,,25.67,,,403009,10044496.0,683,F1,1,,,,,
2025-08-07,2025-08-07,CM,BSE,STK,539018,INE213D01015,BEEKAY,B,,,,,Beekay Steel Industries Ltd.,505.25,505.3,491.1,496.35,499.9,510.0,,496.35,,,2979,1479932.0,178,F1,1,,,,,
2025-08-07,2025-08-07,CM,BSE,STK,539031,INF200KA1572,SETFBSE100,A,,,,,SBI Mutual Fund,282.0,283.99,281.0,283.92,283.78,283.0,,283.92,,,346,97576.0,26,F1,1,,,,,
2025-08-07,2025-08-07,CM,BSE,STK,539032,INE184Q01010,FRASER,XT,,,,,Fraser And Company Limited,9.36,9.36,9.19,9.23,9.23,9.37,,9.23,,,298,2741.0,33,F1,1,,,,,
2025-08-07,2025-08-07,CM,BSE,STK,539040,INE812Q01016,TTIL,X,,,,,Tirupati Tyres Ltd.,10.29,10.29,10.0,10.04,10.14,10.21,,10.04,,,37187,374375.0,267,F1,1,,,,,
2025-08-07,2025-08-07,CM,BSE,STK,539041,INE369Q01017,GANVERSE,M,,,,,GANESHA ECOVERSE LIMITED,38.31,39.64,38.0,39.64,39.64,38.47,,39.64,,,17500,670212.0,9,F1,1250,,,,,
2025-08-07,2025-08-07,CM,BSE,STK,539042,INE976R01025,AGIIL,B,,,,,AGI Infra Limited,1075.0,1081.95,1057.65,1061.55,1070.0,1071.0,,1063.3,,,2469,2633397.0,418,F1,1,,,,,
2025-08-07,2025-08-07,CM,BSE,STK,539044,INE824Q01011,MANAKSTEEL,T,,,,,Manaksia Steels Limited,63.0,64.74,63.0,64.0,64.0,64.03,,63.56,,,547,35204.0,10,F1,1,,,,,
2025-08-07,2025-08-07,CM,BSE,STK,539045,INE859Q01017,MANAKALUCO,B,,,,,Manaksia Aluminium Company Ltd,31.61,32.26,30.66,31.36,31.38,31.3,,31.29,,,13832,431605.0,227,F1,1,,,,,
2025-08-07,2025-08-07,CM,BSE,STK,539046,INE830Q01018,MANAKCOAT,B,,,,,Manaksia Coated Metals & Indus,149.0,154.9,147.1,152.85,154.0,149.55,,153.1,,,22627,3422649.0,712,F1,1,,,,,
2025-08-07,2025-08-07,CM,BSE,STK,539056,INE172N01012,IMAGICAA,B,,,,,IMAGICAAWORLD ENTERTAINMENT LI,64.06,64.45,62.77,64.15,64.2,64.3,,64.09,,,33638,2133874.0,345,F1,1,,,,,
2025-08-07,2025-08-07,CM,BSE,STK,539083,INE066P01011,INOXWIND,A,,,,,Inox Wind Limited,146.0,146.7,142.35,145.85,145.85,147.1,,145.64,,,160029,23174869.0,2702,F1,1,,,,,
2025-08-07,2025-08-07,CM,BSE,STK,539090,INE751R01014,RAJPUTANA,X,,,,,Rajputana Investment and Finan,41.0,43.05,40.1,41.78,43.05,42.95,,41.78,,,1032,42215.0,22,F1,1,,,,,
2025-08-07,2025-08-07,CM,BSE,STK,539091,INE187R01029,CITL,X,,,,,Consecutive Investments & Trad,1.29,1.31,1.24,1.27,1.27,1.28,,1.27,,,212793,271331.0,241,F1,1,,,,,
2025-08-07,2025-08-07,CM,BSE,STK,539097,INE904R01027,URSUGAR,B,,,,,UR SUGAR INDUSTRIES LIMITED,6.26,6.26,5.68,5.86,5.86,6.23,,5.86,,,710506,4154693.0,329,F1,1,,,,,
2025-08-07,2025-08-07,CM,BSE,STK,539099,INE291R01011,ATHCON,M,,,,,Athena Constructions Limited,7.5,8.94,7.29,8.94,8.94,7.5,,8.94,,,12500,96325.0,5,F1,2500,,,,,
2025-08-07,2025-08-07,CM,BSE,STK,539110,INE736P01019,NORTHLINK,X,,,,,Northlink Fiscal And Capital S,34.75,34.75,34.75,34.75,34.75,33.1,,34.75,,,22,764.0,5,F1,1,,,,,
2025-08-07,2025-08-07,CM,BSE,STK,539111,INE193R01019,SHESHAINDS,XT,,,,,SHESHADRI INDUSTRIES LIMITED,20.0,20.0,20.0,20.0,20.0,20.26,,20.0,,,15,300.0,2,F1,1,,,,,
2025-08-07,2025-08-07,CM,BSE,STK,539113,INE291E01019,PML,X,,,,,Paul Merchants Ltd.,769.9,769.9,745.2,746.55,746.0,755.0,,746.55,,,805,600904.0,52,F1,1,,,,,
2025-08-07,2025-08-07,CM,BSE,STK,539115,INE273F01022,ALANSCOTT,XT,,,,,ALAN SCOTT ENTERPRISES LIMITED,197.5,202.0,192.75,192.75,192.75,202.85,,192.75,,,5106,989570.0,75,F1,1,,,,,
2025-08-07,2025-08-07,CM,BSE,STK,539117,INE029H01016,SUJALA,X,,,,,Sujala Trading & Holding Ltd.,60.49,60.49,56.01,56.54,57.0,59.1,,56.54,,,24804,1431754.0,187,F1,1,,,,,
2025-08-07,2025-08-07,CM,BSE,STK,539118,INE366I01010,VRLLOG,B,,,,,VRL Logistics Limited,569.9,573.4,546.2,564.55,555.0,562.9,,563.8,,,9831,5549301.0,652,F1,1,,,,,
2025-08-07,2025-08-07,CM,BSE,STK,539120,INE578R01011,BFFL,XT,,,,,Bangalore Fort Farms Limited,28.8,31.55,28.8,30.31,30.31,30.25,,30.31,,,455,13251.0,8,F1,1,,,,,
2025-08-07,2025-08-07,CM,BSE,STK,539121,INE239L01013,PALCO,X,,,,,Palco Metals Limited,181.0,181.0,175.0,178.2,181.0,175.55,,178.2,,,4558,805578.0,85,F1,1,,,,,
2025-08-07,2025-08-07,CM,BSE,STK,539122,INE104F01029,BODHTREE,XT,,,,,Bodhtree Consulting Limited,36.5,36.5,33.99,33.99,34.0,35.4,,33.99,,,23541,817262.0,64,F1,1,,,,,
2025-08-07,2025-08-07,CM,BSE,STK,539123,INE334E01017,VBIND,XT,,,,,V B INDUSTRIES LIMITED,10.89,11.43,10.85,11.4,11.4,10.89,,11.4,,,11628,127143.0,32,F1,1,,,,,
2025-08-07,2025-08-07,CM,BSE,STK,539124,INE822Q01015,SARVOTTAM,X,,,,,Survottam Finvest Ltd.,23.99,23.99,22.26,22.43,23.29,23.18,,22.43,,,493,11274.0,15,F1,1,,,,,
2025-08-07,2025-08-07,CM,BSE,STK,539126,INE776I01010,MEP,Z,,,,,MEP Infrastructure Developers,1.68,1.68,1.68,1.68,1.68,1.71,,1.56,,,6907,11603.0,14,F1,1,,,,,
2025-08-07,2025-08-07,CM,BSE,STK,539132,INE761D01021,WARDWIZFBL,X,,,,,Wardwizard Foods and Beverages,3.99,4.05,3.61,3.95,3.95,3.96,,3.95,,,194779,751418.0,297,F1,1,,,,,
2025-08-07,2025-08-07,CM,BSE,STK,539141,INE527H01019,UFO,B,,,,,UFO Moviez India Limited,70.51,78.58,70.51,74.23,74.23,72.34,,74.25,,,70165,5340254.0,1026,F1,1,,,,,
2025-08-07,2025-08-07,CM,BSE,STK,539143,INE945O01019,PANTH,XT,,,,,PANTH INFINITY LIMITED,8.36,9.09,8.36,8.82,8.82,8.8,,8.82,,,144688,1221873.0,329,F1,1,,,,,
2025-08-07,2025-08-07,CM,BSE,STK,539148,INE788J01021,SHIVALIK,B,,,,,Shivalik Rasayan Ltd.,550.7,561.0,549.45,557.25,561.0,559.15,,559.05,,,597,330859.0,110,F1,1,,,,,
2025-08-07,2025-08-07,CM,BSE,STK,539149,INE682B01023,ICSL,X,,,,,Integrated Capital Services Lt,4.72,4.85,4.35,4.77,4.77,4.63,,4.77,,,5625,26624.0,26,F1,1,,,,,
2025-08-07,2025-08-07,CM,BSE,STK,539150,INE195J01029,PNCINFRA,A,,,,,PNC Infratech Limited,303.05,309.0,299.0,308.15,308.15,305.3,,307.5,,,32071,9750113.0,1140,F1,1,,,,,
2025-08-07,2025-08-07,CM,BSE,STK,539151,INE784R01023,ARFIN,B,,,,,Arfin India Limited,37.88,37.88,35.33,35.72,36.02,37.18,,35.84,,,15399,552348.0,344,F1,1,,,,,
2025-08-07,2025-08-07,CM,BSE,STK,539167,INE347L01022,VLL,X,,,,,Virat Leasing Limited,35.0,35.0,35.0,35.0,35.0,35.0,,35.0,,,1,35.0,1,F1,1,,,,,
2025-08-07,2025-08-07,CM,BSE,STK,539174,INE738P01015,HELPAGE,XT,,,,,Helpage Finlease Ltd.,22.8,22.85,22.13,22.22,22.22,21.78,,22.22,,,998,22497.0,18,F1,1,,,,,
2025-08-07,2025-08-07,CM,BSE,STK,539175,INE924N01016,BLUEGOD,XT,,,,,BLUEGOD ENTERTAINMENT LIMITED,25.82,25.82,25.82,25.82,25.82,25.32,,25.82,,,1505822,38880324.0,404,F1,1,,,,,
2025-08-07,2025-08-07,CM,BSE,STK,539176,INE230I01018,HAWAENG,X,,,,,Hawa Engineers ltd.,129.0,129.0,114.25,121.05,121.0,127.15,,121.05,,,983,120779.0,52,F1,1,,,,,
2025-08-07,2025-08-07,CM,BSE,STK,539177,INE206F01022,AIIL,A,,,,,Authum Investment & Infrastruc,2897.65,2898.8,2820.7,2869.6,2825.45,2897.65,,2868.6,,,8239,23639269.0,1021,F1,1,,,,,
2025-08-07,2025-08-07,CM,BSE,STK,539189,INE578L01014,ADHBHUTIN,X,,,,,Adhbhut Infrastructure Ltd.,19.25,19.57,18.0,18.23,18.23,18.99,,18.23,,,1238,23364.0,18,F1,1,,,,,
2025-08-07,2025-08-07,CM,BSE,STK,539190,INE848N01017,DFL,XT,,,,,Decillion Finance Ltd.,53.0,53.0,50.0,50.0,50.0,51.14,,50.0,,,178,9050.0,8,F1,1,,,,,
2025-08-07,2025-08-07,CM,BSE,STK,539195,INE035S01028,POEL,XT,,,,,POCL ENTERPRISES LTD,257.05,276.9,254.1,269.5,269.5,266.6,,269.5,,,70231,18738917.0,515,F1,1,,,,,
2025-08-07,2025-08-07,CM,BSE,STK,539196,INE829P01020,AEL,X,,,,,Amba Enterprises Ltd.,140.7,143.0,138.0,142.5,143.0,140.7,,142.5,,,10320,1451624.0,172,F1,1,,,,,
2025-08-07,2025-08-07,CM,BSE,STK,539199,INE618R01015,SGFIN,B,,,,,SG FINSERVE LIMITED,393.95,395.65,388.35,391.85,391.85,394.1,,391.6,,,20406,7983749.0,1366,F1,1,,,,,
2025-08-07,2025-08-07,CM,BSE,STK,539201,INE170E01023,SATIA,B,,,,,SATIA INDUSTRIES LIMITED,83.31,83.31,80.4,81.1,81.09,83.98,,81.31,,,6891,562777.0,120,F1,1,,,,,
2025-08-07,2025-08-07,CM,BSE,STK,539206,INE574D01010,GVBL,X,,,,,GENOMIC VALLEY BIOTECH LIMITED,49.0,53.49,47.3,47.75,51.98,48.63,,47.75,,,10237,534265.0,125,F1,1,,,,,
2025-08-07,2025-08-07,CM,BSE,STK,539216,INE653S01028,GARMNTMNTR,T,,,,,GARMENT MANTRA LIFESTYLE LIMIT,1.75,1.75,1.65,1.66,1.65,1.73,,1.66,,,411249,690912.0,326,F1,1,,,,,
2025-08-07,2025-08-07,CM,BSE,STK,539217,INE606K01049,SRESTHA,X,,,,,Srestha Finvest Limited,0.39,0.4,0.38,0.4,0.4,0.39,,0.4,,,3563873,1395631.0,1046,F1,1,,,,,
2025-08-07,2025-08-07,CM,BSE,STK,539219,INE150D01027,MUL,XT,,,,,MAURIA UDYOG LIMITED,17.5,17.79,16.4,17.78,17.76,16.95,,17.78,,,93490,1614914.0,146,F1,1,,,,,
2025-08-07,2025-08-07,CM,BSE,STK,539220,INE540S01019,MISHKA,XT,,,,,Mishka Exim Limited,34.22,35.87,33.2,34.31,35.0,34.92,,34.31,,,8988,312320.0,82,F1,1,,,,,
2025-08-07,2025-08-07,CM,BSE,STK,539221,INE885H01029,SPORTKING,B,,,,,Sportking India Ltd.,109.3,109.8,105.35,108.8,109.55,109.3,,108.93,,,15663,1683259.0,275,F1,1,,,,,
2025-08-07,2025-08-07,CM,BSE,STK,539222,INE451S01027,GROWINGTON,B,,,,,GROWINGTON VENTURES INDIA LIMI,1.39,1.41,1.36,1.39,1.39,1.4,,1.39,,,2501057,3474168.0,843,F1,1,,,,,
2025-08-07,2025-08-07,CM,BSE,STK,539224,INE345Q01017,HCKKVENTURE,XT,,,,,HCKK Ventures Limited,50.77,50.77,50.77,50.77,50.77,53.44,,50.77,,,25,1269.0,2,F1,1,,,,,
2025-08-07,2025-08-07,CM,BSE,STK,539226,INE027T01023,RUDRA,X,,,,,RUDRA GLOBAL INFRA PRODUCTS LI,32.87,33.4,31.32,31.79,31.79,32.86,,31.79,,,85790,2766013.0,473,F1,1,,,,,
2025-08-07,2025-08-07,CM,BSE,STK,539227,INE876S01017,LOYAL,XT,,,,,Loyal Equipments Limited,305.0,308.5,281.1,290.1,295.95,293.85,,290.1,,,4462,1296434.0,96,F1,1,,,,,
2025-08-07,2025-08-07,CM,BSE,STK,539228,INE480S01026,GGPL,X,,,,,Gala Global Products Limited,2.89,2.9,2.81,2.84,2.86,2.83,,2.84,,,51154,146142.0,133,F1,1,,,,,
2025-08-07,2025-08-07,CM,BSE,STK,539251,INE875R01011,BALKRISHNA,B,,,,,Balkrishna Paper Mills Ltd.,20.9,20.91,20.0,20.44,20.68,20.55,,20.32,,,1266,25999.0,29,F1,1,,,,,
2025-08-07,2025-08-07,CM,BSE,STK,539252,INE979R01011,SHYAMCENT,T,,,,,Shyam Century Ferrous Limited,7.45,7.59,7.45,7.59,7.59,7.45,,7.59,,,9237,69853.0,24,F1,1,,,,,
2025-08-07,2025-08-07,CM,BSE,STK,539254,INE931S01010,ADANIENSOL,A,,,,,Adani Energy Solutions Limited,790.6,796.15,769.35,794.45,795.35,790.65,,794.6,,,130272,102011832.0,7218,F1,1,,,,,
2025-08-07,2025-08-07,CM,BSE,STK,539255,INE541K01014,STARDELTA,X,,,,,STAR DELTA TRANSFORMERS LIMITE,624.95,640.0,615.4,633.55,634.7,625.3,,633.55,,,6130,3850109.0,214,F1,1,,,,,
2025-08-07,2025-08-07,CM,BSE,STK,539267,INE579N01018,SAMSRITA,XT,,,,,SAMSRITA LABS LIMITED,25.02,25.02,24.53,24.53,24.53,25.02,,24.53,,,58,1445.0,6,F1,1,,,,,
2025-08-07,2025-08-07,CM,BSE,STK,539268,INE398R01022,SYNGENE,A,,,,,Syngene International Limited,671.45,676.05,664.25,673.15,672.05,671.45,,673.2,,,17408,11674869.0,1144,F1,1,,,,,
2025-08-07,2025-08-07,CM,BSE,STK,539273,INE484S01010,PECOS,M,,,,,PECOS Hotels And Pubs Limited,187.0,224.4,187.0,223.3,224.4,187.0,,223.3,,,3000,633600.0,6,F1,500,,,,,
2025-08-07,2025-08-07,CM,BSE,STK,539275,INE829S01016,MSL,X,,,,,Mangalam Seeds Limited,172.65,175.0,168.6,172.2,173.0,173.5,,172.2,,,671,115481.0,33,F1,1,,,,,
2025-08-07,2025-08-07,CM,BSE,STK,539276,INE587G01015,KAYA,T,,,,,Kaya Limited,430.0,447.9,420.0,440.35,442.9,430.2,,435.25,,,1456,618243.0,23,F1,1,,,,,
2025-08-07,2025-08-07,CM,BSE,STK,539277,INE184S01024,ALSTONE,X,,,,,Alstone Textiles (India) Ltd,0.55,0.57,0.55,0.56,0.56,0.56,,0.56,,,2691631,1493978.0,1364,F1,1,,,,,
2025-08-07,2025-08-07,CM,BSE,STK,539278,INE653R01012,SYMBIOX,X,,,,,Symbiox Investment & Trading C,2.62,2.62,2.42,2.49,2.48,2.59,,2.49,,,22352,56140.0,63,F1,1,,,,,
2025-08-07,2025-08-07,CM,BSE,STK,539287,INE749B01020,ORTINGLOBE,T,,,,,ORTIN GLOBAL LIMITED,18.88,19.15,17.47,17.5,17.47,18.38,,17.47,,,35096,638539.0,99,F1,1,,,,,
2025-08-07,2025-08-07,CM,BSE,STK,539288,INE897N01014,AVI,XT,,,,,Avi Polymers Ltd.,15.23,15.83,15.22,15.83,15.83,15.53,,15.83,,,2557,40214.0,16,F1,1,,,,,
2025-08-07,2025-08-07,CM,BSE,STK,539289,INE898S01029,AURUM,B,,,,,Aurum PropTech Limited,192.9,192.9,182.05,183.1,184.9,183.95,,183.39,,,3433,631888.0,304,F1,1,,,,,
2025-08-07,2025-08-07,CM,BSE,STK,539290,INE143A01010,OSWALGREEN,B,,,,,Oswal Greentech Limited,44.47,46.8,42.82,45.06,45.06,43.69,,45.4,,,430178,19420945.0,2099,F1,1,,,,,
2025-08-07,2025-08-07,CM,BSE,STK,539291,INE583K01016,VASUDHAGAM,X,,,,,Vasudhagama Enterprises Limite,4.4,4.57,4.2,4.27,4.31,4.54,,4.27,,,162073,696235.0,170,F1,1,,,,,
2025-08-07,2025-08-07,CM,BSE,STK,539300,INE671K01019,SUNRAKSHAK,XT,,,,,SUNRAKSHAKK INDUSTRIES INDIA L,1066.6,1130.0,1053.0,1122.0,1122.0,1089.8,,1122.0,,,2448,2631818.0,93,F1,1,,,,,
2025-08-07,2025-08-07,CM,BSE,STK,539301,INE034S01021,ARVSMART,B,,,,,Arvind SmartSpaces Limited,600.05,613.45,600.05,609.85,608.7,609.35,,610.65,,,4932,2988945.0,390,F1,1,,,,,
2025-08-07,2025-08-07,CM,BSE,STK,539302,INE211R01019,POWERMECH,A,,,,,Power Mech Projects Limited,3140.0,3188.0,3126.0,3169.1,3163.3,3146.15,,3164.1,,,1932,6105672.0,439,F1,1,,,,,
2025-08-07,2025-08-07,CM,BSE,STK,539309,INE230R01035,RAMASTEEL,B,,,,,Rama Steel Tubes Limited,10.65,10.84,10.65,10.8,10.8,10.83,,10.8,,,267125,2869562.0,764,F1,1,,,,,
2025-08-07,2025-08-07,CM,BSE,STK,539310,INE365S01045,THINKINK,X,,,,,THINKINK PICTUREZ LIMITED,0.27,0.27,0.23,0.26,0.26,0.26,,0.26,,,13610194,3469565.0,1544,F1,1,,,,,
2025-08-07,2025-08-07,CM,BSE,STK,539312,INF789FB1X58,UTISENSETF,A,,,,,UTI BSE Sensex ETF,881.68,887.59,874.34,887.26,887.59,885.58,,883.83,,,282,247417.0,27,F1,1,,,,,
2025-08-07,2025-08-07,CM,BSE,STK,539313,INF789F1AZC0,UTINIFTETF,B,,,,,UTI Mutual Fund,269.23,269.8,267.25,269.8,269.8,269.74,,269.72,,,1942,520557.0,56,F1,1,,,,,
2025-08-07,2025-08-07,CM,BSE,STK,539314,INE203T01012,UNIAUTO,B,,,,,Universal Autofoundry Limited,75.0,75.24,68.98,70.4,70.4,76.64,,70.4,,,74482,5220253.0,796,F1,1,,,,,
2025-08-07,2025-08-07,CM,BSE,STK,539331,INE918N01018,VETO,B,,,,,VETO SWITCHGEARS AND CABLES LI,123.1,125.95,123.0,124.85,124.4,125.0,,125.17,,,12656,1571949.0,302,F1,1,,,,,
2025-08-07,2025-08-07,CM,BSE,STK,539332,INE278M01019,NAVKARCORP,B,,,,,Navkar Corporation Limited,120.15,123.7,118.05,123.15,123.05,121.05,,123.19,,,72688,8755999.0,966,F1,1,,,,,
2025-08-07,2025-08-07,CM,BSE,STK,539334,INE712K01011,SHREEPUSHK,B,,,,,Shree Pushkar Chemicals & Fert,345.05,360.9,341.15,356.5,357.7,348.95,,358.25,,,27477,9693717.0,1549,F1,1,,,,,
2025-08-07,2025-08-07,CM,BSE,STK,539336,INE844O01030,GUJGASLTD,A,,,,,Gujarat Gas Limited,425.0,426.25,419.95,424.65,424.35,428.5,,424.65,,,4975,2104503.0,281,F1,1,,,,,
2025-08-07,2025-08-07,CM,BSE,STK,539337,INE725P01012,WAAREE,MT,,,,,WAAREE TECHNOLOGIES LIMITED,299.95,299.95,294.25,294.25,294.25,300.25,,294.25,,,12425,3671736.0,57,F1,175,,,,,
2025-08-07,2025-08-07,CM,BSE,STK,539346,INE764L01010,SADBHIN,B,,,,,Sadbhav Infrastructure Project,3.81,4.1,3.6,3.87,4.0,3.9,,3.86,,,91278,345227.0,321,F1,1,,,,,
2025-08-07,2025-08-07,CM,BSE,STK,539353,INE724G01014,SALAUTO,X,,,,,SAL AUTOMOTIVE LIMITED,250.0,255.0,242.0,248.25,253.0,256.95,,248.25,,,673,167626.0,59,F1,1,,,,,
2025-08-07,2025-08-07,CM,BSE,STK,539354,INE914G01029,POLYSPIN,X,,,,,Polyspin Exports Ltd.,32.76,34.43,32.66,33.01,33.01,34.5,,33.01,,,1803,59095.0,18,F1,1,,,,,
2025-08-07,2025-08-07,CM,BSE,STK,539359,INE583R01029,PRITIKAUTO,B,,,,,Pritika Auto Industries Limite,17.08,17.99,17.08,17.65,17.6,17.75,,17.67,,,32041,560029.0,246,F1,1,,,,,
2025-08-07,2025-08-07,CM,BSE,STK,539378,INE848R01018,SML,XT,,,,,Soni Medicare Limited,57.43,57.43,57.43,57.43,57.43,57.71,,57.43,,,908,52146.0,4,F1,1,,,,,
2025-08-07,2025-08-07,CM,BSE,STK,539383,INE019D01016,MAHAVEER,Z,,,,,Mahaveer Infoway Limited,8.59,8.59,7.91,8.49,8.49,8.24,,8.49,,,1294,11101.0,10,F1,1,,,,,
2025-08-07,2025-08-07,CM,BSE,STK,539384,INE897B01019,KRISHNACAP,X,,,,,Krishna Capital And Securities,35.43,35.43,35.43,35.43,35.43,33.75,,35.43,,,9,318.0,3,F1,1,,,,,
2025-08-07,2025-08-07,CM,BSE,STK,539391,INE636B01011,ACME,Z,,,,,Acme Resources Limited,39.2,41.14,38.9,40.07,40.07,39.2,,40.07,,,559,21983.0,16,F1,1,,,,,
2025-08-07,2025-08-07,CM,BSE,STK,539398,INE060T01024,VISHALBL,B,,,,,Vishal Bearings Limited,81.0,85.01,79.01,82.72,82.0,82.45,,82.72,,,22471,1848733.0,228,F1,1,,,,,
2025-08-07,2025-08-07,CM,BSE,STK,539399,INE344T01014,BELLACASA,B,,,,,Bella Casa Fashion & Retail Li,428.4,440.0,410.8,427.9,428.85,420.0,,422.45,,,3043,1299718.0,371,F1,1,,,,,
2025-08-07,2025-08-07,CM,BSE,STK,539400,INE389C01015,MALLCOM,B,,,,,MALLCOM (INDIA) LTD.,1173.05,1226.35,1173.05,1222.85,1222.0,1255.7,,1217.0,,,2443,2945642.0,506,F1,1,,,,,
2025-08-07,2025-08-07,CM,BSE,STK,539401,INE473T01011,PJL,MT,,,,,Patdiam Jewellery Limited,282.0,282.0,282.0,282.0,282.0,272.0,,282.0,,,750,211500.0,1,F1,750,,,,,
2025-08-07,2025-08-07,CM,BSE,STK,539402,INE256S01012,NAKSH,B,,,,,Naksh Precious Metals Limited,6.48,6.75,6.05,6.45,6.35,6.42,,6.45,,,35388,227803.0,130,F1,1,,,,,
2025-08-07,2025-08-07,CM,BSE,STK,539404,INE836B01017,SATIN,B,,,,,SATIN CREDITCARE NETWORK LIMIT,141.9,145.35,140.85,142.3,145.35,142.45,,142.69,,,8317,1179734.0,145,F1,1,,,,,
2025-08-07,2025-08-07,CM,BSE,STK,539405,INE183R01010,DITCO,X,,,,,Decorous Investment and Tradin,11.5,11.9,11.5,11.58,11.58,11.5,,11.58,,,1801,20799.0,10,F1,1,,,,,
2025-08-07,2025-08-07,CM,BSE,STK,539406,INE150R01019,SWAGTAM,XT,,,,,Swagatam Trading & Services Li,75.0,75.0,74.96,74.96,74.96,72.27,,74.96,,,11,824.0,2,F1,1,,,,,
2025-08-07,2025-08-07,CM,BSE,STK,539407,INE854S01022,GENCON,T,,,,,Generic Engineering Constructi,43.69,43.69,42.81,42.82,43.44,41.64,,43.23,,,551,23631.0,4,F1,1,,,,,
2025-08-07,2025-08-07,CM,BSE,STK,539408,INE594R01018,KUBERJI,XT,,,,,Kuber Udyog Limited,14.95,15.0,14.7,15.0,15.0,15.0,,15.0,,,2410,35446.0,12,F1,1,,,,,
2025-08-07,2025-08-07,CM,BSE,STK,539409,INE894J01019,NEERAJ,X,,,,,NEERAJ PAPER MARKETING LIMITED,19.38,21.4,19.38,21.4,21.4,20.4,,21.4,,,103,2002.0,3,F1,1,,,,,
2025-08-07,2025-08-07,CM,BSE,STK,539428,INE030T01027,TEJNAKSH,X,,,,,Tejnaksh Healthcare Limited,18.5,19.43,18.42,19.14,19.0,18.8,,19.14,,,10840,204234.0,86,F1,1,,,,,
2025-08-07,2025-08-07,CM,BSE,STK,539435,INE201C01012,RFSL,XT,,,,,Richfield Financial Services L,40.3,40.3,40.2,40.2,40.2,40.5,,40.2,,,20,805.0,2,F1,1,,,,,
2025-08-07,2025-08-07,CM,BSE,STK,539436,INE335K01011,COFFEEDAY,A,,,,,Coffee Day Enterprises Limited,34.55,38.09,34.48,35.5,35.5,34.48,,35.45,,,396547,14349136.0,4126,F1,1,,,,,
2025-08-07,2025-08-07,CM,BSE,STK,539437,INE092T01019,IDFCFIRSTB,A,,,,,IDFC FIRST BANK LIMITED,68.5,69.4,67.6,69.24,69.24,68.74,,69.23,,,1145482,78350436.0,12207,F1,1,,,,,
2025-08-07,2025-08-07,CM,BSE,STK,539448,INE646L01027,INDIGO,A,,,,,InterGlobe Aviation Limited,5899.85,5900.0,5792.9,5847.55,5854.2,5892.35,,5859.0,,,16944,99123901.0,1847,F1,1,,,,,
2025-08-07,2025-08-07,CM,BSE,STK,539449,INE099S01016,IGCIL,X,,,,,IGC Industries Limited,3.59,3.78,3.46,3.66,3.61,3.5,,3.66,,,188392,675638.0,291,F1,1,,,,,
2025-08-07,2025-08-07,CM,BSE,STK,539450,INE500L01026,SHK,B,,,,,S H Kelkar and Company Limited,239.8,250.0,237.55,244.05,244.5,241.45,,244.15,,,27952,6817205.0,1049,F1,1,,,,,
2025-08-07,2025-08-07,CM,BSE,STK,539455,INE360S01012,ARYAVAN,XT,,,,,ARYAVAN ENTERPRISE LIMITED,63.0,63.0,57.46,58.45,60.79,60.48,,58.45,,,8692,516852.0,67,F1,1,,,,,
2025-08-07,2025-08-07,CM,BSE,STK,539469,INE258R01028,PANORAMA,B,,,,,PANORAMA STUDIOS INTERNATIONAL,178.9,178.9,164.0,169.35,169.35,172.25,,169.35,,,9624,1648692.0,302,F1,1,,,,,
2025-08-07,2025-08-07,CM,BSE,STK,539470,INE051N01026,SHREEGANES,X,,,,,Shree Ganesh Biotech (India) L,0.79,0.8,0.77,0.79,0.8,0.79,,0.79,,,967308,754894.0,493,F1,1,,,,,
2025-08-07,2025-08-07,CM,BSE,STK,539479,INE910R01024,GTV,XT,,,,,GTV Engineering Limited,80.7,80.7,80.7,80.7,80.7,82.34,,80.7,,,2630,212241.0,134,F1,1,,,,,
2025-08-07,2025-08-07,CM,BSE,STK,539480,INF767K01OS7,LICNETFN50,B,,,,,LIC MF EXHGE TRADED FUND-NIFTY,270.8,273.5,269.58,273.49,273.5,273.04,,273.23,,,492,134161.0,13,F1,1,,,,,
2025-08-07,2025-08-07,CM,BSE,STK,539492,INE721C01019,GARBIFIN,X,,,,,Garbi Finvest Limited,12.06,12.16,11.75,11.94,11.93,11.95,,11.94,,,10844,129614.0,39,F1,1,,,,,
2025-08-07,2025-08-07,CM,BSE,STK,539494,INE766D01020,SMARTFIN,X,,,,,Smart Finsec Limited,12.8,12.9,12.51,12.73,12.72,12.89,,12.73,,,20510,262399.0,120,F1,1,,,,,
2025-08-07,2025-08-07,CM,BSE,STK,539495,INE176R01014,RAJKOTINV,X,,,,,Rajkot Investment Trust Limite,43.23,45.0,43.23,45.0,45.0,45.5,,45.0,,,6,268.0,2,F1,1,,,,,
2025-08-07,2025-08-07,CM,BSE,STK,539506,INE805Q01028,ADCON,X,,,,,Adcon Capital Services Limited,0.65,0.67,0.62,0.63,0.64,0.63,,0.63,,,849888,543212.0,401,F1,1,,,,,
2025-08-07,2025-08-07,CM,BSE,STK,539515,INE641R01017,QUINT,X,,,,,Quint Digital Limited,56.0,56.0,51.08,53.5,53.5,53.76,,53.5,,,1638,85508.0,46,F1,1,,,,,
2025-08-07,2025-08-07,CM,BSE,STK,539516,INF179KC1965,HDFCNIFTY,B,,,,,HDFC Mutual Fund,276.0,276.0,272.0,274.75,275.21,274.11,,274.41,,,3152,859750.0,85,F1,1,,,,,
2025-08-07,2025-08-07,CM,BSE,STK,539517,INF179KC1HX2,HDFCSENSEX,A,,,,,HDFC Mutual Fund,90.01,90.99,89.5,90.91,90.99,90.7,,90.89,,,26399,2377206.0,222,F1,1,,,,,
2025-08-07,2025-08-07,CM,BSE,STK,539518,INE551B01012,UDAYJEW,X,,,,,Uday Jewellery Industries Limi,147.1,148.05,144.05,146.95,147.3,147.1,,146.95,,,2846,418221.0,50,F1,1,,,,,
2025-08-07,2025-08-07,CM,BSE,STK,539519,INE280E01038,SATTVASUKU,X,,,,,SATTVA SUKUN LIFECARE LIMITED,0.79,0.8,0.77,0.78,0.78,0.78,,0.78,,,6258668,4880655.0,449,F1,1,,,,,
2025-08-07,2025-08-07,CM,BSE,STK,539522,INE343C01012,GROVY,X,,,,,Grovy India Limited,41.88,42.6,40.31,42.14,42.6,42.1,,42.14,,,979,40855.0,27,F1,1,,,,,
2025-08-07,2025-08-07,CM,BSE,STK,539523,INE540L01014,ALKEM,A,,,,,Alkem Laboratories Limited,4835.5,4922.0,4790.45,4878.1,4871.0,4875.65,,4872.0,,,1768,8603609.0,414,F1,1,,,,,
2025-08-07,2025-08-07,CM,BSE,STK,539524,INE600L01024,LALPATHLAB,A,,,,,Dr. Lal Pathlabs Limited,3200.0,3226.05,3144.05,3211.65,3185.4,3212.05,,3213.1,,,4727,15134273.0,986,F1,1,,,,,
2025-08-07,2025-08-07,CM,BSE,STK,539526,INE452S01025,SCTL,X,,,,,Suncare Traders Limited,0.86,0.89,0.85,0.87,0.87,0.87,,0.87,,,136461,117632.0,243,F1,1,,,,,
2025-08-07,2025-08-07,CM,BSE,STK,539527,INE146E01015,CREATIVE,X,,,,,Creative Castings Limited,583.7,583.7,566.05,572.9,566.05,583.7,,572.9,,,70,40291.0,15,F1,1,,,,,
2025-08-07,2025-08-07,CM,BSE,STK,539528,INE430R01023,AAYUSH,XT,,,,,AAYUSH WELLNESS LIMITED,171.3,171.3,171.3,171.3,171.3,180.3,,171.3,,,6150,1053495.0,266,F1,1,,,,,
2025-08-07,2025-08-07,CM,BSE,STK,539533,INE669R01026,ELITECON,XT,,,,,ELITECON INTERNATIONAL LIMITED,247.3,247.3,247.3,247.3,247.3,235.55,,247.3,,,52231,12916726.0,369,F1,1,,,,,
2025-08-07,2025-08-07,CM,BSE,STK,539542,INE150G01020,LUXIND,B,,,,,LUX Industries Limited,1330.0,1339.15,1294.0,1317.1,1317.1,1335.55,,1315.2,,,4046,5321698.0,629,F1,1,,,,,
2025-08-07,2025-08-07,CM,BSE,STK,539544,INE281P01016,ABHIINFRA,X,,,,,Abhishek Infraventures Limited,7.52,7.52,7.46,7.46,7.46,7.85,,7.46,,,1106,8317.0,5,F1,1,,,,,
2025-08-07,2025-08-07,CM,BSE,STK,539545,INE217S01014,APOORVA,X,,,,,Apoorva Leasing Finance & Inve,35.3,37.62,34.52,36.2,36.2,38.1,,36.2,,,659,22950.0,19,F1,1,,,,,
2025-08-07,2025-08-07,CM,BSE,STK,539546,INE679E01015,AGRIBIO,X,,,,,AGRIBIO SPIRITS LIMITED,190.5,190.5,182.1,182.15,183.7,184.55,,182.15,,,12581,2325607.0,64,F1,1,,,,,
2025-08-07,2025-08-07,CM,BSE,STK,539551,INE410P01011,NH,A,,,,,Narayana Hrudayalaya Limited,1749.4,1788.6,1735.0,1779.75,1777.0,1767.6,,1777.8,,,19870,34958784.0,1664,F1,1,,,,,
2025-08-07,2025-08-07,CM,BSE,STK,539552,INE108T01013,FMEC,XT,,,,,F MEC INTERNATIONAL FINANCIAL,125.0,127.0,120.0,121.65,124.0,121.1,,121.65,,,15733,1918055.0,99,F1,1,,,,,
2025-08-07,2025-08-07,CM,BSE,STK,539559,INE005G01026,DDIL,X,,,,,Deep Diamond India Limited,4.35,4.35,4.15,4.24,4.27,4.25,,4.24,,,70156,296876.0,330,F1,1,,,,,
2025-08-07,2025-08-07,CM,BSE,STK,539561,INE549S01036,REMLIFE,XT,,,,,REMEDIUM LIFECARE LIMITED,1.23,1.23,1.23,1.23,1.23,1.25,,1.23,,,214682,264058.0,357,F1,1,,,,,
2025-08-07,2025-08-07,CM,BSE,STK,539562,INE750R01016,AARNAV,X,,,,,AARNAV FASHIONS LIMITED,41.45,41.45,38.06,40.0,39.95,40.61,,40.0,,,39247,1545654.0,269,F1,1,,,,,
2025-08-07,2025-08-07,CM,BSE,STK,539574,INE974F01025,SCL,X,,,,,Sunshine Capital Ltd.,0.25,0.27,0.24,0.26,0.26,0.25,,0.26,,,27246561,7037731.0,3378,F1,1,,,,,
2025-08-07,2025-08-07,CM,BSE,STK,539584,INE104S01022,SIPTL,XT,,,,,SHARANAM INFRAPROJECT AND TRAD,0.42,0.42,0.42,0.42,0.42,0.42,,0.42,,,1451341,609563.0,226,F1,1,,,,,
2025-08-07,2025-08-07,CM,BSE,STK,539593,INE728Q01014,SHIVA,XT,,,,,Shivansh Finserv Limited,7.3,7.3,6.62,6.64,6.64,6.96,,6.64,,,9505,65009.0,25,F1,1,,,,,
2025-08-07,2025-08-07,CM,BSE,STK,539594,INE094S01041,MISHTANN,X,,,,,Mishtann Foods Limited,6.05,6.27,6.01,6.14,6.14,6.16,,6.14,,,1517831,9288913.0,2783,F1,1,,,,,
2025-08-07,2025-08-07,CM,BSE,STK,539596,INE681Q01015,DELTA,X,,,,,Delta Industrial Resources Lim,13.93,14.99,13.5,14.99,14.99,13.93,,14.99,,,40185,545668.0,16,F1,1,,,,,
2025-08-07,2025-08-07,CM,BSE,STK,539598,INE727C01024,CGFL,X,,,,,CREDENT GLOBAL FINANCE LIMITED,22.98,23.0,22.06,22.58,22.73,23.45,,22.58,,,15060,341241.0,47,F1,1,,,,,
2025-08-07,2025-08-07,CM,BSE,STK,539599,INE079C01012,KEL,XT,,,,,Kotia Enterprises Limited,27.66,27.66,27.0,27.0,27.0,26.35,,27.0,,,18,486.0,2,F1,1,,,,,
2025-08-07,2025-08-07,CM,BSE,STK,539607,INE373T01047,BLUECLOUDS,T,,,,,Blue Cloud Softech Solutions L,28.65,28.65,27.7,27.7,27.7,29.15,,27.7,,,359357,9960494.0,997,F1,1,,,,,
2025-08-07,2025-08-07,CM,BSE,STK,539620,INE534E01020,KEIL,X,,,,,KANORIA ENERGY & INFRASTRUCTUR,22.22,22.24,21.51,21.77,21.97,22.25,,21.77,,,2024,44231.0,33,F1,1,,,,,
2025-08-07,2025-08-07,CM,BSE,STK,539621,INE368E01023,BCLENTERPR,X,,,,,BCL Enterprises Limited,0.79,0.79,0.7,0.72,0.72,0.7,,0.72,,,59089,43808.0,58,F1,1,,,,,
2025-08-07,2025-08-07,CM,BSE,STK,539636,INE484I01029,PRECAM,B,,,,,Precision Camshafts Limited,175.3,175.8,169.0,173.75,173.45,174.1,,173.62,,,17554,3023477.0,483,F1,1,,,,,
2025-08-07,2025-08-07,CM,BSE,STK,539658,INE985S01024,TEAMLEASE,A,,,,,TeamLease Services Limited,1805.85,1805.85,1738.0,1751.1,1740.0,1800.5,,1750.9,,,2102,3715547.0,441,F1,1,,,,,
2025-08-07,2025-08-07,CM,BSE,STK,539659,INE564S01019,KAMATS,B,,,,,VIKRAM KAMATS HOSPITALITY LIMI,66.93,66.93,59.01,60.0,60.0,60.85,,60.0,,,110076,6605076.0,75,F1,1,,,,,
2025-08-07,2025-08-07,CM,BSE,STK,539660,INE052T01013,BESTAGRO,B,,,,,BEST AGROLIFE LIMITED,484.65,509.4,472.1,503.3,503.3,476.85,,504.1,,,19075,9452035.0,890,F1,1,,,,,
2025-08-07,2025-08-07,CM,BSE,STK,539661,INE023R01018,ACEMEN,X,,,,,ACE MEN ENGG WORKS LIMITED,62.99,66.0,59.0,64.01,64.0,63.27,,64.01,,,1674,105215.0,39,F1,1,,,,,
2025-08-07,2025-08-07,CM,BSE,STK,539662,INE948Q01018,BFLAFL,X,,,,,BFL Asset Finvest Limited,13.6,14.48,13.1,13.59,13.36,13.95,,13.59,,,16639,223546.0,81,F1,1,,,,,
2025-08-07,2025-08-07,CM,BSE,STK,539669,INE684D01025,RGF,X,,,,,RGF Capital Markets Limited,0.55,0.57,0.54,0.55,0.56,0.54,,0.55,,,98682,55573.0,69,F1,1,,,,,
2025-08-07,2025-08-07,CM,BSE,STK,539673,INE792P01020,RCL,Z,,,,,Radhagobind Commercial Limited,2.32,2.32,2.19,2.19,2.19,2.3,,2.19,,,10333,22639.0,9,F1,1,,,,,
2025-08-07,2025-08-07,CM,BSE,STK,539678,INE306L01010,QUICKHEAL,B,,,,,Quick Heal Technologies Limite,298.4,304.05,293.7,296.65,299.0,303.45,,296.6,,,37277,11050715.0,936,F1,1,,,,,
2025-08-07,2025-08-07,CM,BSE,STK,539679,INE332Q01023,KAPILRAJ,XT,,,,,Kapil Raj Finance Ltd.,5.88,5.88,5.88,5.88,5.88,6.18,,5.88,,,70993,417438.0,247,F1,1,,,,,
2025-08-07,2025-08-07,CM,BSE,STK,539682,INE622Q01019,LUCENT,T,,,,,LUCENT INDUSTRIES LIMITED,1100.0,1135.0,1075.0,1076.0,1076.0,1099.9,,1076.0,,,7111,7739862.0,131,F1,1,,,,,
2025-08-07,2025-08-07,CM,BSE,STK,539686,INE127T01021,KPEL,A,,,,,K.P. Energy Limited,459.95,469.9,451.0,458.95,458.95,463.1,,459.05,,,51526,23623110.0,2000,F1,1,,,,,
2025-08-07,2025-08-07,CM,BSE,STK,539692,INE064T01018,IFINSER,X,,,,,INTERACTIVE FINANCIAL SERVICES,16.26,20.4,16.26,17.78,17.78,18.79,,17.78,,,22224,382166.0,84,F1,1,,,,,
2025-08-07,2025-08-07,CM,BSE,STK,539697,INE966Q01010,HILIKS,X,,,,,HILIKS TECHNOLOGIES LIMITED,54.02,58.99,54.02,54.98,58.99,58.5,,54.98,,,1574,86320.0,32,F1,1,,,,,
2025-08-07,2025-08-07,CM,BSE,STK,539724,INE039D01014,HYPERSOFT,XT,,,,,HYPERSOFT TECHNOLOGIES LIMITED,66.82,66.82,66.82,66.82,66.82,65.51,,66.82,,,1251,83591.0,6,F1,1,,,,,
2025-08-07,2025-08-07,CM,BSE,STK,539725,INE314T01025,GOKULAGRO,B,,,,,Gokul Agro Resources Ltd,298.8,298.8,285.7,296.55,296.2,292.4,,295.3,,,10043,2954940.0,431,F1,1,,,,,
2025-08-07,2025-08-07,CM,BSE,STK,539730,INE194R01017,FREDUN,X,,,,,Fredun Pharmaceuticals Limited,1133.0,1133.0,1065.9,1078.0,1076.0,1118.95,,1078.0,,,14697,16075297.0,958,F1,1,,,,,
2025-08-07,2025-08-07,CM,BSE,STK,539742,INE748T01016,SIMBHALS,T,,,,,Simbhaoli Sugars Ltd,15.21,15.49,15.08,15.49,15.49,15.21,,15.29,,,32,492.0,4,F1,1,,,,,
2025-08-07,2025-08-07,CM,BSE,STK,539760,INE773T01014,RELICAB,B,,,,,Relicab Cable Manufacturing Li,82.85,83.0,75.0,78.0,78.0,79.64,,78.0,,,2750,218270.0,65,F1,1,,,,,
2025-08-07,2025-08-07,CM,BSE,STK,539761,INE427T01025,VKAL,B,,,,,Vantage Knowledge Academy Limi,3.86,4.08,3.84,3.86,3.9,4.04,,3.86,,,222441,858941.0,441,F1,1,,,,,
2025-08-07,2025-08-07,CM,BSE,STK,539762,INE250S01015,MEAPL,XT,,,,,MODERN ENGINEERING AND PROJECT,31.75,31.75,28.93,30.22,30.22,30.45,,30.22,,,19767,584007.0,63,F1,1,,,,,
2025-08-07,2025-08-07,CM,BSE,STK,539767,INE216Q01010,MNIL,XT,,,,,Mega Nirman & Industries Limit,26.2,26.2,24.7,24.7,24.7,26.0,,24.7,,,3036,77347.0,13,F1,1,,,,,
2025-08-07,2025-08-07,CM,BSE,STK,539770,INE830S01014,DARJEELING,XT,,,,,Darjeeling Ropeway Company Lim,45.75,45.75,44.86,44.86,44.86,44.86,,44.86,,,6497,296986.0,23,F1,1,,,,,
2025-08-07,2025-08-07,CM,BSE,STK,539773,INE178T01024,ADVIKCA,X,,,,,Advik Capital Limited,1.38,1.41,1.33,1.36,1.36,1.38,,1.36,,,876248,1199691.0,686,F1,1,,,,,
2025-08-07,2025-08-07,CM,BSE,STK,539785,INE865T01018,PDMJEPAPER,B,,,,,Pudumjee Paper Products Limite,128.05,128.1,124.5,126.0,126.15,127.95,,126.12,,,29232,3679648.0,482,F1,1,,,,,
2025-08-07,2025-08-07,CM,BSE,STK,539787,INE075I01017,HCG,A,,,,,HealthCare Global Enterprises,581.25,614.75,581.25,611.8,612.5,610.5,,612.65,,,1817,1104590.0,139,F1,1,,,,,
2025-08-07,2025-08-07,CM,BSE,STK,539798,INE173U01015,UMIYA,XT,,,,,Umiya Tubes Limited,32.11,32.11,32.11,32.11,32.11,32.76,,32.11,,,42020,1349262.0,28,F1,1,,,,,
2025-08-07,2025-08-07,CM,BSE,STK,539799,INE316L01019,BHARATWIRE,B,,,,,Bharat Wire Ropes Limited,171.55,174.9,164.85,173.6,173.6,174.15,,173.45,,,10925,1864084.0,375,F1,1,,,,,
2025-08-07,2025-08-07,CM,BSE,STK,539800,INE043U01010,CHDCHEM,X,,,,,CHD Chemicals Limited,5.91,5.91,5.9,5.9,5.9,5.93,,5.9,,,101,595.0,2,F1,1,,,,,
2025-08-07,2025-08-07,CM,BSE,STK,539807,INE483S01020,INFIBEAM,A,,,,,INFIBEAM AVENUES LIMITED,15.1,15.52,15.0,15.3,15.3,15.23,,15.29,,,904293,13728917.0,2140,F1,1,,,,,
2025-08-07,2025-08-07,CM,BSE,STK,539814,INE204S01012,LELAVOIR,XT,,,,,LE LAVOIR LIMITED,301.55,301.55,287.3,287.3,287.3,302.4,,287.3,,,599,172401.0,22,F1,1,,,,,
2025-08-07,2025-08-07,CM,BSE,STK,539834,INE119R01014,BALGOPAL,XT,,,,,Balgopal Commercial limited,220.0,220.0,216.0,216.0,216.0,216.0,,216.0,,,111,24024.0,4,F1,1,,,,,
2025-08-07,2025-08-07,CM,BSE,STK,539835,INE574R01028,SUPERIOR,X,,,,,Superior Finlease Limited,1.5,1.5,1.5,1.5,1.5,1.5,,1.5,,,2561,3841.0,11,F1,1,,,,,
2025-08-07,2025-08-07,CM,BSE,STK,539837,INE912T01018,RPEL,B,,,,,RAGHAV PRODUCTIVITY ENHANCERS,612.8,622.7,606.4,615.5,622.7,616.3,,613.9,,,1881,1151085.0,233,F1,1,,,,,
2025-08-07,2025-08-07,CM,BSE,STK,539841,INE359U01028,LANCER,X,,,,,Lancer Container Lines Limited,12.5,13.2,12.4,12.66,12.66,12.85,,12.66,,,632308,8049099.0,1503,F1,1,,,,,
2025-08-07,2025-08-07,CM,BSE,STK,539843,INE395U01014,NINSYS,B,,,,,NINtec Systems Limited,424.5,437.15,420.0,426.75,421.9,425.1,,424.9,,,2858,1222523.0,88,F1,1,,,,,
2025-08-07,2025-08-07,CM,BSE,STK,539854,INE115S01010,HALDER,X,,,,,Halder Venture Limited,796.1,829.0,787.0,790.5,790.5,811.15,,790.5,,,3367,2709047.0,196,F1,1,,,,,
2025-08-07,2025-08-07,CM,BSE,STK,539871,INE594H01019,THYROCARE,B,,,,,Thyrocare Technologies Limited,1319.05,1368.85,1319.05,1346.35,1341.45,1345.55,,1347.2,,,10192,13735435.0,2983,F1,1,,,,,
2025-08-07,2025-08-07,CM,BSE,STK,539872,INE411U01027,BAJAJHCARE,B,,,,,Bajaj Healthcare Limited,458.75,471.5,440.35,450.8,451.95,456.65,,451.95,,,17240,7836214.0,1237,F1,1,,,,,
2025-08-07,2025-08-07,CM,BSE,STK,539875,INE616F01022,RSDFIN,X,,,,,RSD Finance Limited,100.8,102.8,100.0,102.8,102.8,100.8,,102.8,,,127,12822.0,11,F1,1,,,,,
2025-08-07,2025-08-07,CM,BSE,STK,539876,INE299U01018,CROMPTON,A,,,,,Crompton Greaves Consumer Elec,316.65,322.4,316.65,319.35,319.35,319.05,,319.35,,,60740,19410557.0,2257,F1,1,,,,,
2025-08-07,2025-08-07,CM,BSE,STK,539883,INE417C01014,PILANIINVS,B,,,,,Pilani Investment And Industri,4983.5,5021.55,4940.5,4995.2,5016.5,5022.85,,5002.0,,,115,573136.0,60,F1,1,,,,,
2025-08-07,2025-08-07,CM,BSE,STK,539884,INE671T01028,DARSHANORNA,X,,,,,Darshan Orna Limited,2.5,2.54,2.39,2.4,2.4,2.48,,2.4,,,131313,318086.0,179,F1,1,,,,,
2025-08-07,2025-08-07,CM,BSE,STK,539889,INE883N01014,PARAGMILK,B,,,,,Parag Milk Foods Limited,233.0,234.0,225.05,233.35,233.7,234.8,,233.31,,,67723,15536839.0,1208,F1,1,,,,,
2025-08-07,2025-08-07,CM,BSE,STK,539894,INE631R01026,MADHAVIPL,X,,,,,Madhav Infra Projects Limited,12.4,12.4,11.81,12.2,12.26,12.12,,12.2,,,319801,3859776.0,1005,F1,1,,,,,
2025-08-07,2025-08-07,CM,BSE,STK,539895,INE631E01024,SAGL,XT,,,,,Shalimar Agencies Limited,39.51,39.51,39.51,39.51,39.51,40.31,,39.51,,,9329,368588.0,54,F1,1,,,,,
2025-08-07,2025-08-07,CM,BSE,STK,539917,INE454M01024,NAGAFERT,B,,,,,NAGARJUNA FERTILIZERS AND CHEM,5.85,6.04,5.7,5.79,5.8,5.86,,5.8,,,123548,725136.0,224,F1,1,,,,,
2025-08-07,2025-08-07,CM,BSE,STK,539921,INE440T01028,SEIL,X,,,,,Shanti Educational Initiatives,103.05,104.5,99.0,103.0,103.4,103.05,,103.0,,,7746,791522.0,209,F1,1,,,,,
2025-08-07,2025-08-07,CM,BSE,STK,539938,INE858Q01019,MIL,X,,,,,Medico Intercontinental Limite,38.0,38.0,36.05,36.38,37.5,37.74,,36.38,,,105,3952.0,17,F1,1,,,,,
2025-08-07,2025-08-07,CM,BSE,STK,539939,INE571U01010,YASHCHEM,X,,,,,Yash Chemex Limited,51.42,54.6,51.4,52.88,53.34,51.41,,52.88,,,11261,593274.0,71,F1,1,,,,,
2025-08-07,2025-08-07,CM,BSE,STK,539945,INF109KC11V0,NV20IETF,B,,,,,ICICI Prudential NV20 ETF,14.0,14.08,13.91,14.06,14.06,14.04,,14.06,,,32142,449692.0,174,F1,1,,,,,
2025-08-07,2025-08-07,CM,BSE,STK,539947,INE919T01013,JLL,X,,,,,JINDAL LEASEFIN LIMITED,33.09,37.0,33.09,35.51,35.05,36.52,,35.51,,,26,915.0,8,F1,1,,,,,
2025-08-07,2025-08-07,CM,BSE,STK,539956,INE524T01011,TAALENT,XT,,,,,TAAL Enterprises Limited,3137.2,3199.0,3070.0,3094.1,3100.0,3137.3,,3094.1,,,531,1654317.0,59,F1,1,,,,,
2025-08-07,2025-08-07,CM,BSE,STK,539957,INE002S01010,MGL,A,,,,,Mahanagar Gas Limited,1281.05,1303.35,1278.0,1291.0,1295.0,1293.0,,1291.2,,,14364,18497083.0,1095,F1,1,,,,,
2025-08-07,2025-08-07,CM,BSE,STK,539963,INE819S01025,ZEAL,X,,,,,Zeal Aqua Limited,11.65,11.65,11.02,11.1,11.1,11.54,,11.1,,,141315,1573636.0,312,F1,1,,,,,
2025-08-07,2025-08-07,CM,BSE,STK,539978,INE615P01015,QUESS,A,,,,,Quess Corp Limited,275.4,283.0,273.65,277.4,277.4,281.6,,276.7,,,17518,4872509.0,1066,F1,1,,,,,
2025-08-07,2025-08-07,CM,BSE,STK,539979,INE731U01028,DIGJAMLMTD,T,,,,,DIGJAM LIMITED,56.14,56.5,56.14,56.5,56.5,57.28,,56.17,,,512,28744.0,6,F1,1,,,,,
2025-08-07,2025-08-07,CM,BSE,STK,539980,INF109KC10W0,MIDSELIETF,B,,,,,ICICI Prudential BSE Midcap Se,17.17,17.33,16.98,17.33,17.32,17.21,,17.27,,,25874,443017.0,232,F1,1,,,,,
2025-08-07,2025-08-07,CM,BSE,STK,539984,INE799B01017,HUIL,X,,,,,HINDUSTHAN URBAN INFRASTRUCTUR,2090.05,2090.05,2090.05,2090.05,2090.05,2090.05,,2090.05,,,8,16720.0,3,F1,1,,,,,
2025-08-07,2025-08-07,CM,BSE,STK,539986,INE073V01015,COMSYN,B,,,,,Commercial Syn Bags Limited,130.4,132.5,128.7,132.4,132.5,131.95,,132.1,,,5415,708724.0,110,F1,1,,,,,
2025-08-07,2025-08-07,CM,BSE,STK,539991,INE700F01024,CFEL,X,,,,,CONFIDENCE FUTURISTIC ENERGETE,67.0,70.0,65.0,66.63,67.3,69.32,,66.63,,,8869,592721.0,161,F1,1,,,,,
2025-08-07,2025-08-07,CM,BSE,STK,539992,INE093R01011,LLOYDSENGG,A,,,,,LLOYDS ENGINEERING WORKS LIMIT,68.29,69.24,66.25,68.83,68.83,68.3,,68.92,,,778033,52738582.0,4019,F1,1,,,,,
2025-08-07,2025-08-07,CM,BSE,STK,539997,INE552U01010,KPL,B,,,,,Kwality Pharmaceuticals Limite,1080.05,1124.0,1080.0,1097.8,1097.8,1093.45,,1097.8,,,11988,13081866.0,601,F1,1,,,,,
2025-08-07,2025-08-07,CM,BSE,STK,540005,INE214T01019,LTIM,A,,,,,LTIMindtree Limited,5036.95,5086.25,4957.6,5036.25,5047.0,5037.15,,5037.5,,,7845,39451974.0,2210,F1,1,,,,,
2025-08-07,2025-08-07,CM,BSE,STK,540006,INE595R01023,EASTWEST,X,,,,,EAST WEST FREIGHT CARRIERS LTD,5.65,5.79,5.41,5.73,5.56,5.65,,5.73,,,53848,302257.0,195,F1,1,,,,,
2025-08-07,2025-08-07,CM,BSE,STK,540008,INF209KB10E8,BSLSENETFG,A,,,,,Aditya Birla Sun Life BSE Sens,80.0,80.32,79.7,80.19,80.19,80.48,,80.17,,,316,25278.0,16,F1,1,,,,,
2025-08-07,2025-08-07,CM,BSE,STK,540023,INE621I01042,COLORCHIPS,X,,,,,COLORCHIPS NEW MEDIA LIMITED,16.25,16.25,15.2,16.08,16.25,15.88,,16.08,,,15965,255997.0,55,F1,1,,,,,
2025-08-07,2025-08-07,CM,BSE,STK,540025,INE837H01020,ADVENZYMES,A,,,,,Advanced Enzyme Technologies L,303.6,315.8,292.45,312.05,312.0,307.45,,312.1,,,47268,14337315.0,1513,F1,1,,,,,
2025-08-07,2025-08-07,CM,BSE,STK,540026,INE213U01019,LAHL,X,,,,,Ladam Affortable Housing Limit,8.0,8.0,6.72,6.81,6.81,7.4,,6.81,,,363,2447.0,8,F1,1,,,,,
2025-08-07,2025-08-07,CM,BSE,STK,540047,INE917M01012,DBL,A,,,,,Dilip Buildcon Limited,461.8,475.7,457.75,470.7,470.7,468.15,,471.9,,,63535,29587472.0,1445,F1,1,,,,,
2025-08-07,2025-08-07,CM,BSE,STK,540048,INE212I01016,SPAL,B,,,,,S.P. Apparels Limited,765.0,771.5,732.3,739.55,741.4,780.85,,737.7,,,3119,2331761.0,330,F1,1,,,,,
2025-08-07,2025-08-07,CM,BSE,STK,540061,INE412U01025,BIGBLOC,B,,,,,Bigbloc Construction Limited,52.96,53.57,51.69,53.14,53.55,52.96,,53.32,,,27831,1457802.0,1055,F1,1,,,,,
2025-08-07,2025-08-07,CM,BSE,STK,540063,INE925Q01024,ECS,X,,,,,ECS Biztech Limited,8.69,8.69,8.0,8.14,8.38,8.14,,8.14,,,2948,24259.0,31,F1,1,,,,,
2025-08-07,2025-08-07,CM,BSE,STK,540065,INE976G01028,RBLBANK,A,,,,,RBL Bank Limited,256.05,269.85,256.05,267.5,267.5,260.05,,267.1,,,464393,122265100.0,4872,F1,1,,,,,
2025-08-07,2025-08-07,CM,BSE,STK,540073,INE153T01027,BLS,A,,,,,BLS International Services Ltd,400.6,415.0,393.65,398.2,399.9,402.15,,397.9,,,196057,79391253.0,4354,F1,1,,,,,
2025-08-07,2025-08-07,CM,BSE,STK,540078,INE317V01016,MITSU,B,,,,,Mitsu Chem Plast Limited,114.0,114.0,106.9,110.45,110.55,111.2,,110.45,,,5004,546583.0,155,F1,1,,,,,
2025-08-07,2025-08-07,CM,BSE,STK,540079,INE537U01029,SPRAYKING,B,,,,,Sprayking Limited,5.14,5.29,4.9,5.01,5.01,5.1,,5.01,,,705881,3565521.0,1406,F1,1,,,,,
2025-08-07,2025-08-07,CM,BSE,STK,540080,INE715T01031,DHATRE,X,,,,,Dhatre Udyog Limited,7.07,7.29,7.05,7.08,7.05,7.2,,7.08,,,40981,290741.0,268,F1,1,,,,,
2025-08-07,2025-08-07,CM,BSE,STK,540081,INE860T01019,SABEVENTS,T,,,,,Sab Events & Governance Now Me,6.29,6.29,6.29,6.29,6.29,6.41,,6.15,,,52,327.0,4,F1,1,,,,,
2025-08-07,2025-08-07,CM,BSE,STK,540083,INE871L01013,TVVISION,T,,,,,TV VISION LIMITED,7.3,7.3,6.81,6.89,7.0,7.16,,6.95,,,2391,16321.0,20,F1,1,,,,,
2025-08-07,2025-08-07,CM,BSE,STK,540097,INE890S01026,GAMCO,X,,,,,GAMCO LIMITED,40.9,40.9,39.05,40.16,40.16,40.25,,40.16,,,9821,394335.0,93,F1,1,,,,,
2025-08-07,2025-08-07,CM,BSE,STK,540108,INE864T01011,TIAANC,Z,,,,,TIAAN CONSUMER LIMITED,6.91,7.36,6.7,6.92,6.92,7.05,,6.92,,,19533,134519.0,34,F1,1,,,,,
2025-08-07,2025-08-07,CM,BSE,STK,540115,INE010V01017,LTTS,A,,,,,L&T Technology Services Limite,4241.0,4259.65,4196.0,4204.7,4211.7,4261.15,,4206.6,,,3736,15796799.0,787,F1,1,,,,,
2025-08-07,2025-08-07,CM,BSE,STK,540124,INE934S01014,GNA,B,,,,,G N A Axles Limited,301.0,301.0,295.05,299.05,299.0,300.25,,298.95,,,3595,1070859.0,280,F1,1,,,,,
2025-08-07,2025-08-07,CM,BSE,STK,540125,INE583V01021,RADHIKAJWE,B,,,,,Radhika Jeweltech Limited,98.3,100.0,94.97,97.99,97.99,99.31,,98.02,,,190864,18571540.0,1769,F1,1,,,,,
2025-08-07,2025-08-07,CM,BSE,STK,540132,INE400R01018,SIIL,X,,,,,Sabrimala Industries India Lim,9.6,9.6,9.21,9.21,9.21,9.6,,9.21,,,787,7268.0,4,F1,1,,,,,
2025-08-07,2025-08-07,CM,BSE,STK,540133,INE726G01019,ICICIPRULI,A,,,,,ICICI Prudential Life Insuranc,618.0,620.45,609.6,618.95,619.8,619.15,,618.7,,,10354,6380597.0,583,F1,1,,,,,
2025-08-07,2025-08-07,CM,BSE,STK,540134,INE818R01011,IISL,X,,,,,ISHAAN INFRASTRUCTURE AND SHEL,7.9,7.9,7.3,7.56,7.7,7.9,,7.56,,,1360,10514.0,11,F1,1,,,,,
2025-08-07,2025-08-07,CM,BSE,STK,540135,INE202R01026,ARCFIN,XT,,,,,ARC Finance Limited,0.89,0.9,0.87,0.88,0.88,0.89,,0.88,,,2169229,1913972.0,1720,F1,1,,,,,
2025-08-07,2025-08-07,CM,BSE,STK,540136,INE495S01016,HPL,B,,,,,HPL Electric & Power Limited,579.8,586.75,561.7,573.2,573.55,571.8,,572.8,,,16557,9497772.0,677,F1,1,,,,,
2025-08-07,2025-08-07,CM,BSE,STK,540143,INE184B01012,SAGARSOFT,X,,,,,Sagarsoft (India) Limited,145.35,145.35,138.2,140.1,139.4,145.35,,140.1,,,1085,151880.0,32,F1,1,,,,,
2025-08-07,2025-08-07,CM,BSE,STK,540144,INE746V01016,DRA,M,,,,,DRA CONSULTANTS LIMITED,22.2,24.01,21.01,24.01,24.01,25.93,,24.01,,,32500,730250.0,12,F1,2500,,,,,
2025-08-07,2025-08-07,CM,BSE,STK,540145,INE565V01010,VALIANTORG,T,,,,,Valiant Organics Limited,352.1,362.0,348.7,355.5,356.9,367.05,,352.6,,,1865,656166.0,90,F1,1,,,,,
2025-08-07,2025-08-07,CM,BSE,STK,540146,INE427V01013,ACML,MT,,,,,ADITYA CONSUMER MARKETING LIMI,42.5,42.5,42.5,42.5,42.5,42.71,,42.5,,,1000,42500.0,1,F1,1000,,,,,
2025-08-07,2025-08-07,CM,BSE,STK,540147,INE700V01021,SHASHIJIT,B,,,,,Shashijit Infraprojects Limite,6.14,6.24,5.9,6.12,6.24,6.16,,6.12,,,38273,232839.0,66,F1,1,,,,,
2025-08-07,2025-08-07,CM,BSE,STK,540150,INE957U01011,MHEL,MT,,,,,Mewar Hi-Tech Engineering Limi,64.44,64.44,64.44,64.44,64.44,67.83,,64.44,,,1500,96660.0,2,F1,750,,,,,
2025-08-07,2025-08-07,CM,BSE,STK,540153,INE913H01037,ENDURANCE,A,,,,,Endurance Technologies Limited,2487.05,2580.2,2487.05,2516.7,2520.0,2537.1,,2517.3,,,3295,8344119.0,461,F1,1,,,,,
2025-08-07,2025-08-07,CM,BSE,STK,540159,INE905R01016,PURPLE,X,,,,,Purple Entertainment Limited,3.5,3.53,3.5,3.53,3.53,3.78,,3.53,,,247,870.0,5,F1,1,,,,,
2025-08-07,2025-08-07,CM,BSE,STK,540168,INE268T01015,SUPRAPFSL,X,,,,,Supra Pacific Financial Servic,27.8,27.93,27.0,27.09,27.09,27.46,,27.09,,,17712,482893.0,95,F1,1,,,,,
2025-08-07,2025-08-07,CM,BSE,STK,540173,INE572E01012,PNBHOUSING,A,,,,,PNB Housing Finance Limited,774.45,774.45,754.05,759.2,759.2,774.55,,758.7,,,98263,74817823.0,4286,F1,1,,,,,
2025-08-07,2025-08-07,CM,BSE,STK,540174,INE298B01010,SOUTHERNIN,X,,,,,SOUTHERN INFOCONSULTANTS LIMIT,25.67,25.67,24.0,25.36,24.01,25.68,,25.36,,,836,21024.0,17,F1,1,,,,,
2025-08-07,2025-08-07,CM,BSE,STK,540175,INE964R01013,REGENCY,X,,,,,REGENCY FINCORP LIMITED,30.99,31.5,30.26,31.03,31.21,30.53,,31.03,,,30437,943550.0,195,F1,1,,,,,
2025-08-07,2025-08-07,CM,BSE,STK,540180,INE200M01039,VBL,A,,,,,Varun Beverages Limited,494.05,504.3,491.85,502.4,502.4,499.15,,502.7,,,175014,86921780.0,5550,F1,1,,,,,
2025-08-07,2025-08-07,CM,BSE,STK,540181,INE894E01028,SALEM,XT,,,,,Salem Erode Investments Ltd.,38.81,39.65,38.12,38.35,38.35,40.1,,38.35,,,813,31664.0,14,F1,1,,,,,
2025-08-07,2025-08-07,CM,BSE,STK,540190,INE789R01022,FRANKLININD,X,,,,,Franklin Industries Limited,0.99,1.11,0.99,1.11,1.11,1.01,,1.11,,,35603399,39120792.0,2596,F1,1,,,,,
2025-08-07,2025-08-07,CM,BSE,STK,540192,INE341H01023,LKPSEC,X,,,,,LKP Securities Limited,18.48,19.2,18.11,18.51,19.0,18.48,,18.51,,,24345,447305.0,167,F1,1,,,,,
2025-08-07,2025-08-07,CM,BSE,STK,540198,INE186R01013,OSIAJEE,XT,,,,,OSIAJEE TEXFAB LIMITED,283.45,284.0,275.0,281.85,282.9,280.9,,281.85,,,29591,8304924.0,112,F1,1,,,,,
2025-08-07,2025-08-07,CM,BSE,STK,540199,INE850R01014,CMBL,XT,,,,,Corporate Merchant Bankers Lim,96.43,96.43,96.43,96.43,96.43,94.54,,96.43,,,2,192.0,1,F1,1,,,,,
2025-08-07,2025-08-07,CM,BSE,STK,540203,INE916U01025,SFL,A,,,,,Sheela Foam Limited,673.25,679.2,663.4,673.55,673.55,673.9,,673.35,,,8210,5509371.0,668,F1,1,,,,,
2025-08-07,2025-08-07,CM,BSE,STK,540204,INE666Q01016,EIKO,X,,,,,EIKO LIFESCIENCES LIMITED,55.79,55.79,53.75,54.09,54.68,54.65,,54.09,,,8828,479415.0,54,F1,1,,,,,
2025-08-07,2025-08-07,CM,BSE,STK,540205,INE679V01027,AVL,A,,,,,Aditya Vision Limited,424.95,427.75,410.7,415.65,416.3,420.55,,415.4,,,8521,3537032.0,636,F1,1,,,,,
2025-08-07,2025-08-07,CM,BSE,STK,540210,INE759V01019,HEADSUP,B,,,,,Heads UP Ventures Limited,10.29,10.58,9.67,9.8,9.8,10.4,,10.1,,,32489,327577.0,253,F1,1,,,,,
2025-08-07,2025-08-07,CM,BSE,STK,540212,INE586V01016,TCIEXP,B,,,,,TCI Express Limited,656.05,670.85,655.7,667.6,667.6,664.5,,668.35,,,734,485892.0,103,F1,1,,,,,
2025-08-07,2025-08-07,CM,BSE,STK,540222,INE947Q01028,LAURUSLABS,A,,,,,Laurus Labs Limited,822.05,842.0,822.05,838.2,840.1,835.5,,838.25,,,33303,27789941.0,1343,F1,1,,,,,
2025-08-07,2025-08-07,CM,BSE,STK,540243,INE835U01027,NEWLIGHT,XT,,,,,NEW LIGHT APPARELS LIMTED,1.85,1.85,1.7,1.75,1.73,1.77,,1.75,,,115141,207005.0,179,F1,1,,,,,
2025-08-07,2025-08-07,CM,BSE,STK,540252,INE607V01028,VSL,B,,,,,VEERAM SECURITIES LIMITED,8.46,8.75,8.46,8.55,8.52,8.62,,8.55,,,32076,274821.0,182,F1,1,,,,,
2025-08-07,2025-08-07,CM,BSE,STK,540254,INE245H01018,MTPL,X,,,,,MARG TECHNO PROJECTS LIMITED,38.5,46.45,38.5,43.95,43.95,38.71,,43.95,,,123427,5402206.0,198,F1,1,,,,,
2025-08-07,2025-08-07,CM,BSE,STK,540259,INE118R01032,SHANGAR,XT,,,,,SHANGAR DECOR LIMITED,0.5,0.51,0.5,0.51,0.51,0.49,,0.51,,,30960965,15759501.0,4487,F1,1,,,,,
2025-08-07,2025-08-07,CM,BSE,STK,540266,INE804Q01013,GLCL,Z,,,,,Globe Commercials Limited,31.88,31.88,29.0,30.31,30.29,30.49,,30.31,,,10546,313195.0,86,F1,1,,,,,
2025-08-07,2025-08-07,CM,BSE,STK,540267,INE318U01016,FLORACORP,XT,,,,,Flora Corporation Limited,12.48,12.48,12.48,12.48,12.48,12.24,,12.48,,,1762,21989.0,7,F1,1,,,,,
2025-08-07,2025-08-07,CM,BSE,STK,540268,INE615R01029,TRU,T,,,,,TruCap Finance Limited,12.87,12.87,12.87,12.87,12.87,13.54,,12.8,,,2953,38005.0,22,F1,1,,,,,
2025-08-07,2025-08-07,CM,BSE,STK,540293,INE726V01018,PRICOLLTD,A,,,,,Pricol Limited,433.0,433.0,426.7,428.15,426.7,432.7,,428.35,,,13363,5739512.0,556,F1,1,,,,,
2025-08-07,2025-08-07,CM,BSE,STK,540310,INE181U01018,CFL,X,,,,,Classic Filaments Limited,22.5,23.19,20.5,23.19,23.19,23.3,,23.19,,,129,2726.0,5,F1,1,,,,,
2025-08-07,2025-08-07,CM,BSE,STK,540311,INE863T01013,JITFINFRA,B,,,,,JITF INFRALOGISTICS LIMITED,306.65,348.0,306.65,343.05,348.0,326.6,,343.65,,,6052,2011500.0,428,F1,1,,,,,
2025-08-07,2025-08-07,CM,BSE,STK,540332,INE978V01015,TANVI,M,,,,,Tanvi Foods (India) Limited,90.0,90.0,90.0,90.0,90.0,89.85,,90.0,,,1000,90000.0,1,F1,1000,,,,,
2025-08-07,2025-08-07,CM,BSE,STK,540358,INE655V01019,RMC,M,,,,,RMC SWITCHGEARS LIMITED,820.75,837.0,804.0,820.6,820.0,820.75,,820.6,,,12375,10130293.0,87,F1,125,,,,,
2025-08-07,2025-08-07,CM,BSE,STK,540359,INE240T01014,PARMAX,X,,,,,Parmax Pharma Limited,37.99,37.99,35.26,35.4,35.4,37.99,,35.4,,,1389,51778.0,17,F1,1,,,,,
2025-08-07,2025-08-07,CM,BSE,STK,540360,INE715Q01029,LLFICL,X,,,,,LEADING LEASING FINANCE AND IN,7.09,7.1,6.95,7.0,7.0,6.95,,7.0,,,1184006,8286515.0,824,F1,1,,,,,
2025-08-07,2025-08-07,CM,BSE,STK,540361,INE575D01041,DANUBE,X,,,,,DANUBE INDUSTRIES LIMITED,4.05,4.23,4.05,4.09,4.13,4.05,,4.09,,,22738,92964.0,75,F1,1,,,,,
2025-08-07,2025-08-07,CM,BSE,STK,540366,INE919I01024,RADIOCITY,B,,,,,Music Broadcast Limited,8.78,8.78,8.26,8.42,8.42,8.43,,8.32,,,33114,277829.0,174,F1,1,,,,,
2025-08-07,2025-08-07,CM,BSE,STK,540376,INE192R01011,DMART,A,,,,,Avenue Supermarts Limited,4230.1,4288.0,4218.55,4263.0,4254.7,4241.0,,4263.5,,,13868,59095019.0,3830,F1,1,,,,,
2025-08-07,2025-08-07,CM,BSE,STK,540377,INE714U01024,IFL,T,,,,,IFL ENTERPRISES LIMITED,0.8,0.83,0.8,0.8,0.8,0.84,,0.8,,,17509079,14060021.0,5697,F1,1,,,,,
2025-08-07,2025-08-07,CM,BSE,STK,540386,INE989S01042,ONTIC,XT,,,,,Ontic Finserve Limited,0.64,0.68,0.64,0.67,0.65,0.66,,0.67,,,45714,30206.0,80,F1,1,,,,,
2025-08-07,2025-08-07,CM,BSE,STK,540393,INE017W01010,SMLT,B,,,,,Sarthak Metals Limited,116.0,116.0,107.9,109.3,109.8,115.95,,109.21,,,10095,1121668.0,327,F1,1,,,,,
2025-08-07,2025-08-07,CM,BSE,STK,540395,INE298W01016,CHEMCRUX,B,,,,,Chemcrux Enterprises Limited,114.15,124.5,112.0,115.9,116.0,121.05,,115.9,,,9941,1151255.0,476,F1,1,,,,,
2025-08-07,2025-08-07,CM,BSE,STK,540396,INE784W01015,MANOMAY,B,,,,,Manomay Tex India Limited,157.95,161.5,157.95,160.1,160.1,158.25,,159.98,,,2755,439215.0,54,F1,1,,,,,
2025-08-07,2025-08-07,CM,BSE,STK,540401,INE544W01021,MAXIMUS,X,,,,,Maximus International Limited,11.9,12.18,11.9,12.02,12.08,12.12,,12.02,,,13915,166942.0,129,F1,1,,,,,
2025-08-07,2025-08-07,CM,BSE,STK,540403,INE201M01029,CLEDUCATE,B,,,,,CL Educate Limited,81.5,82.98,80.5,81.58,80.95,82.43,,81.49,,,960,78151.0,99,F1,1,,,,,
2025-08-07,2025-08-07,CM,BSE,STK,540404,INE442V01012,PRIMEFRESH,B,,,,,PRIME FRESH LIMITED,155.95,162.0,155.95,159.2,157.6,161.4,,159.2,,,4187,669404.0,50,F1,1,,,,,
2025-08-07,2025-08-07,CM,BSE,STK,540405,INE711V01010,OCEANIC,X,,,,,Oceanic Foods Limited,63.86,63.86,60.21,61.27,61.27,63.86,,61.27,,,1966,121047.0,30,F1,1,,,,,
2025-08-07,2025-08-07,CM,BSE,STK,540425,INE274V01019,SHANKARA,B,,,,,Shankara Building Products Lim,1100.0,1130.95,1043.95,1121.3,1124.75,1107.45,,1116.9,,,10016,10884387.0,855,F1,1,,,,,
2025-08-07,2025-08-07,CM,BSE,STK,540455,INE953W01016,ESCORP,T,,,,,Escorp Asset Management Limite,97.93,97.93,97.93,97.93,97.93,99.92,,97.93,,,8404,823003.0,12,F1,1,,,,,
2025-08-07,2025-08-07,CM,BSE,STK,540481,INE949C01016,CLFL,X,,,,,Classic Leasing & Finance Ltd.,28.6,28.6,28.6,28.6,28.6,27.25,,28.6,,,5,143.0,1,F1,1,,,,,
2025-08-07,2025-08-07,CM,BSE,STK,540492,INE594W01042,STARLENT,B,,,,,STARLINEPS ENTERPRISES LIMITED,6.7,6.7,6.38,6.54,6.55,6.64,,6.54,,,93831,611235.0,405,F1,1,,,,,
2025-08-07,2025-08-07,CM,BSE,STK,540497,INE807K01035,SCHAND,B,,,,,S Chand And Company Limited,213.25,213.25,204.1,207.95,209.0,212.45,,207.2,,,16695,3460420.0,853,F1,1,,,,,
2025-08-07,2025-08-07,CM,BSE,STK,540515,INE453S01015,KANUNGO,X,,,,,KANUNGO FINANCIERS LIMITED,8.76,8.76,8.76,8.76,8.76,8.35,,8.76,,,257,2251.0,7,F1,1,,,,,
2025-08-07,2025-08-07,CM,BSE,STK,540519,INE343X01018,MEERA,B,,,,,Meera Industries Limited,71.5,71.5,67.6,69.36,70.09,71.21,,69.36,,,11084,771572.0,128,F1,1,,,,,
2025-08-07,2025-08-07,CM,BSE,STK,540526,INE183W23014,IRBINVIT,IF,,,,,IRB InvIT Fund,61.22,61.86,61.21,61.58,61.5,61.48,,61.51,,,9248,569608.0,168,F1,1,,,,,
2025-08-07,2025-08-07,CM,BSE,STK,540530,INE031A01017,HUDCO,A,,,,,Housing &Urban Development Cor,213.55,216.25,205.65,210.8,211.2,211.85,,210.67,,,827204,174014076.0,9253,F1,1,,,,,
2025-08-07,2025-08-07,CM,BSE,STK,540544,INE488V01015,PSPPROJECT,B,,,,,PSP Projects Limited,661.05,708.25,661.05,693.15,696.35,709.5,,692.7,,,12391,8621081.0,837,F1,1,,,,,
2025-08-07,2025-08-07,CM,BSE,STK,540545,INE986W01016,BGJL,XT,,,,,Bhakti Gems And Jewellery Limi,20.6,20.75,19.6,20.26,20.3,20.62,,20.26,,,31871,651541.0,87,F1,1,,,,,
2025-08-07,2025-08-07,CM,BSE,STK,540550,INE796W01019,YUG,M,,,,,Yug Decor Limited,29.0,29.9,29.0,29.0,29.0,30.5,,29.0,,,13800,403305.0,4,F1,3450,,,,,
2025-08-07,2025-08-07,CM,BSE,STK,540565,INE219X23014,INDIGRID,IF,,,,,IndiGrid Infrastructure Trust,155.5,157.0,155.5,155.82,155.82,156.56,,155.86,,,20781,3237065.0,215,F1,1,,,,,
2025-08-07,2025-08-07,CM,BSE,STK,540570,INE717F01028,VARIMAN,XT,,,,,VARIMAN GLOBAL ENTERPRISES LIM,12.73,12.73,12.73,12.73,12.73,12.98,,12.73,,,63698,810875.0,55,F1,1,,,,,
2025-08-07,2025-08-07,CM,BSE,STK,540575,INE460H01021,STARCEMENT,A,,,,,Star Cement Limited,261.85,263.2,257.45,262.05,262.05,263.65,,262.21,,,18768,4885797.0,525,F1,1,,,,,
2025-08-07,2025-08-07,CM,BSE,STK,540590,INE325X01015,RIDDHICORP,X,,,,,Riddhi Corporate Services Limi,71.51,72.96,68.18,70.96,71.0,71.57,,70.96,,,3628,256269.0,45,F1,1,,,,,
2025-08-07,2025-08-07,CM,BSE,STK,540595,INE010J01012,TEJASNET,A,,,,,Tejas Networks Limited,567.8,576.5,560.1,571.15,575.15,570.1,,570.35,,,68393,38887887.0,2749,F1,1,,,,,
2025-08-07,2025-08-07,CM,BSE,STK,540596,INE406M01024,ERIS,A,,,,,Eris Lifesciences Limited,1710.05,1725.85,1671.1,1694.5,1700.0,1725.45,,1694.6,,,16520,27914955.0,4926,F1,1,,,,,
2025-08-07,2025-08-07,CM,BSE,STK,540597,INE319U01022,CONTAINER,XT,,,,,Containerway International Lim,23.86,23.86,23.86,23.86,23.86,24.34,,23.86,,,2003,47791.0,3,F1,1,,,,,
2025-08-07,2025-08-07,CM,BSE,STK,540602,INE869I01013,GTPL,B,,,,,GTPL Hathway Limited,115.4,119.5,115.4,118.6,116.95,117.95,,118.63,,,3838,452856.0,788,F1,1,,,,,
2025-08-07,2025-08-07,CM,BSE,STK,540611,INE949L01017,AUBANK,A,,,,,AU Small Finance Bank Limited,734.7,745.0,725.0,744.0,743.8,734.7,,743.25,,,25544,18740041.0,919,F1,1,,,,,
2025-08-07,2025-08-07,CM,BSE,STK,540612,INF109KC19U5,LOWVOLIETF,B,,,,,ICICI Prudential Nifty Low Vol,21.6,21.78,21.53,21.75,21.75,21.65,,21.72,,,6891,149045.0,68,F1,1,,,,,
2025-08-07,2025-08-07,CM,BSE,STK,540613,INE721X01015,GEL,MT,,,,,Gautam Exim Limited,251.6,253.9,251.0,253.9,253.9,242.0,,253.9,,,7500,1892400.0,5,F1,1500,,,,,
2025-08-07,2025-08-07,CM,BSE,STK,540614,INE694X01030,GGENG,T,,,,,G G Engineering Limited,0.55,0.55,0.55,0.55,0.55,0.56,,0.55,,,1180720,649396.0,806,F1,1,,,,,
2025-08-07,2025-08-07,CM,BSE,STK,540615,INE413X01035,7NR,XT,,,,,7NR Retail Limited,5.16,5.16,4.91,4.92,4.92,5.16,,4.92,,,102846,508655.0,201,F1,1,,,,,
2025-08-07,2025-08-07,CM,BSE,STK,540642,INE170V01027,SALASAR,B,,,,,Salasar Techno Engineering Lim,7.0,7.03,6.92,7.0,7.0,7.02,,7.0,,,963027,6719330.0,1729,F1,1,,,,,
2025-08-07,2025-08-07,CM,BSE,STK,540647,INE335W01016,GANGESSECU,B,,,,,Ganges Securities Ltd.,156.4,164.95,156.2,156.2,156.2,158.0,,155.46,,,1590,255707.0,38,F1,1,,,,,
2025-08-07,2025-08-07,CM,BSE,STK,540648,INE471W01019,PALASHSECU,B,,,,,Palash Securities Limited,122.9,123.1,119.7,119.7,119.7,122.55,,119.07,,,139,16716.0,18,F1,1,,,,,
2025-08-07,2025-08-07,CM,BSE,STK,540649,INE349W01017,AVADHSUGAR,B,,,,,AVADH SUGAR & ENERGY LIMITED,429.0,435.15,423.0,434.95,435.1,429.8,,434.2,,,2187,940807.0,176,F1,1,,,,,
2025-08-07,2025-08-07,CM,BSE,STK,540650,INE347W01011,MAGADSUGAR,B,,,,,Magadh Sugar & Energy Limited,493.85,513.5,488.6,511.35,513.0,499.2,,510.2,,,768,383438.0,121,F1,1,,,,,
2025-08-07,2025-08-07,CM,BSE,STK,540654,INE632W01016,GSTL,X,,,,,GlobalSpace Technologies Limit,14.32,15.22,14.32,15.11,15.22,14.83,,15.11,,,13031,193869.0,61,F1,1,,,,,
2025-08-07,2025-08-07,CM,BSE,STK,540669,INF789F1AUW9,UTINEXT50,B,,,,,UTI Mutual Fund,70.96,71.37,70.05,71.37,71.37,71.02,,71.08,,,4915,346887.0,174,F1,1,,,,,
2025-08-07,2025-08-07,CM,BSE,STK,540673,INE285J01028,SIS,B,,,,,SIS LIMITED,368.65,373.95,365.5,371.85,372.5,374.85,,371.5,,,10852,4026263.0,1138,F1,1,,,,,
2025-08-07,2025-08-07,CM,BSE,STK,540678,INE704P01025,COCHINSHIP,A,,,,,Cochin Shipyard Limited,1692.05,1715.0,1660.55,1693.35,1695.0,1706.2,,1692.7,,,62058,104657861.0,4058,F1,1,,,,,
2025-08-07,2025-08-07,CM,BSE,STK,540679,INE320X01016,SMSLIFE,B,,,,,SMS Lifesciences India Ltd,1161.0,1172.6,1101.85,1122.0,1122.0,1161.1,,1136.1,,,217,244071.0,27,F1,1,,,,,
2025-08-07,2025-08-07,CM,BSE,STK,540680,INE880L01014,KIOCL,A,,,,,KIOCL Limited,364.95,372.25,354.55,369.0,370.5,367.2,,369.3,,,160521,58151987.0,3049,F1,1,,,,,
2025-08-07,2025-08-07,CM,BSE,STK,540686,INE172E01011,SMRUTHIORG,X,,,,,Smruthi Organics Limited,141.25,145.0,133.45,142.45,142.45,145.1,,142.45,,,7170,1005198.0,124,F1,1,,,,,
2025-08-07,2025-08-07,CM,BSE,STK,540691,INE674K01013,ABCAPITAL,A,,,,,Aditya Birla Capital Ltd,275.3,279.0,271.2,278.25,278.25,277.25,,278.15,,,276620,76155562.0,4382,F1,1,,,,,
2025-08-07,2025-08-07,CM,BSE,STK,540692,INE346W01013,APEX,B,,,,,Apex Frozen Foods Limited,222.0,227.0,217.15,219.8,221.1,227.9,,219.91,,,13111,2883226.0,444,F1,1,,,,,
2025-08-07,2025-08-07,CM,BSE,STK,540693,INE145Y01023,SHISHIND,B,,,,,Shish Industries Limited,7.43,7.43,7.2,7.26,7.29,7.35,,7.26,,,51559,374460.0,302,F1,1,,,,,
2025-08-07,2025-08-07,CM,BSE,STK,540696,INE185U01035,KCDGROUP,XT,,,,,KCD INDUSTRIES INDIA LIMITED,10.0,10.55,9.98,10.19,10.55,10.5,,10.19,,,47100,473731.0,138,F1,1,,,,,
2025-08-07,2025-08-07,CM,BSE,STK,540699,INE935N01020,DIXON,A,,,,,Dixon Technologies (India) Lim,16248.55,16703.9,16248.55,16664.15,16656.0,16512.05,,16663.0,,,11480,189798837.0,3902,F1,1,,,,,
2025-08-07,2025-08-07,CM,BSE,STK,540700,INE727S01012,BRNL,B,,,,,Bharat Road Network Limited,19.98,19.98,19.32,19.78,19.83,19.84,,19.72,,,7836,153738.0,102,F1,1,,,,,
2025-08-07,2025-08-07,CM,BSE,STK,540701,INE385W01011,DCAL,T,,,,,Dishman Carbogen Amcis Limited,238.05,240.0,235.0,239.45,240.0,241.85,,239.6,,,6759,1606252.0,193,F1,1,,,,,
2025-08-07,2025-08-07,CM,BSE,STK,540702,INE670X01014,LASA,T,,,,,Lasa Supergenerics Limited,10.29,10.3,10.29,10.3,10.3,10.5,,10.3,,,6375,65621.0,30,F1,1,,,,,
2025-08-07,2025-08-07,CM,BSE,STK,540703,INE438C01010,PROCLB,XT,,,,,PRO CLB GLOBAL LIMITED,39.94,40.13,39.94,40.13,40.13,40.75,,40.13,,,1761,70334.0,17,F1,1,,,,,
2025-08-07,2025-08-07,CM,BSE,STK,540704,INE866R01028,MATRIMONY,B,,,,,Matrimony.com Limited,528.2,544.25,525.0,530.75,525.0,530.85,,531.65,,,1074,573878.0,143,F1,1,,,,,
2025-08-07,2025-08-07,CM,BSE,STK,540709,INE217K01011,RHFL,T,,,,,Reliance Home Finance Limited,4.88,5.11,4.63,4.95,4.95,4.87,,4.92,,,1226079,5843510.0,1409,F1,1,,,,,
2025-08-07,2025-08-07,CM,BSE,STK,540710,INE264T01014,CAPACITE,B,,,,,Capacit'e Infraprojects Limite,291.05,296.95,291.05,296.15,296.15,297.55,,295.95,,,19699,5800445.0,563,F1,1,,,,,
2025-08-07,2025-08-07,CM,BSE,STK,540716,INE765G01017,ICICIGI,A,,,,,ICICI Lombard General Insuranc,1865.65,1907.3,1865.65,1905.2,1905.2,1883.7,,1903.5,,,7501,14177187.0,1531,F1,1,,,,,
2025-08-07,2025-08-07,CM,BSE,STK,540717,INE689M01025,PQIF,B,,,,,Polo Queen Industrial and Fint,45.11,46.99,44.0,45.64,46.9,45.89,,45.64,,,33460,1504709.0,433,F1,1,,,,,
2025-08-07,2025-08-07,CM,BSE,STK,540718,INE777X01017,AAYUSHBULL,M,,,,,AAYUSH ART AND BULLION LIMITED,923.1,928.9,912.1,923.85,912.1,925.95,,923.85,,,19750,18245025.0,63,F1,250,,,,,
2025-08-07,2025-08-07,CM,BSE,STK,540719,INE123W01016,SBILIFE,A,,,,,SBI Life Insurance Company Lim,1818.0,1862.8,1818.0,1861.05,1859.9,1854.05,,1861.1,,,5052,9358860.0,841,F1,1,,,,,
2025-08-07,2025-08-07,CM,BSE,STK,540724,INE393P01035,DIAMONDYD,B,,,,,Prataap Snacks Limited,926.95,934.35,906.45,912.95,912.95,927.3,,913.3,,,4019,3676505.0,547,F1,1,,,,,
2025-08-07,2025-08-07,CM,BSE,STK,540725,INE932X01026,SHAREINDIA,A,,,,,Share India Securities Limited,168.55,171.15,166.15,168.5,170.15,170.85,,168.91,,,33186,5586872.0,718,F1,1,,,,,
2025-08-07,2025-08-07,CM,BSE,STK,540726,INE071Y01013,TTFL,T,,,,,Trident Texofab Limited,212.0,215.5,211.05,213.3,214.45,215.75,,213.3,,,5550,1194283.0,20,F1,1,,,,,
2025-08-07,2025-08-07,CM,BSE,STK,540727,INE973X01012,POOJA,B,,,,,Poojawestern Metaliks Limited,27.03,27.7,26.77,27.4,26.85,27.14,,27.4,,,5795,156687.0,73,F1,1,,,,,
2025-08-07,2025-08-07,CM,BSE,STK,540728,INE327G01032,SAYAJIIND,X,,,,,Sayaji Industries Limited,230.0,230.0,219.05,226.0,226.0,230.0,,226.0,,,745,166798.0,23,F1,1,,,,,
2025-08-07,2025-08-07,CM,BSE,STK,540730,INE062Y01020,MEHAI,X,,,,,Mehai Technology  Limited,17.64,18.44,17.0,17.69,17.69,17.57,,17.69,,,962620,17506092.0,1362,F1,1,,,,,
2025-08-07,2025-08-07,CM,BSE,STK,540735,INE864K01010,IRIS,T,,,,,IRIS Business Services Limited,365.0,367.45,351.2,356.3,356.0,369.65,,357.0,,,6805,2434006.0,158,F1,1,,,,,
2025-08-07,2025-08-07,CM,BSE,STK,540737,INE414Y01015,SGRL,B,,,,,Shree Ganesh Remedies Limited,535.15,545.0,525.5,543.8,544.0,535.15,,543.8,,,3447,1842021.0,220,F1,1,,,,,
2025-08-07,2025-08-07,CM,BSE,STK,540738,INE402Y01028,STL,B,,,,,Shreeji Translogistics Limited,11.61,11.95,11.55,11.8,11.8,11.61,,11.8,,,13759,160902.0,113,F1,1,,,,,
2025-08-07,2025-08-07,CM,BSE,STK,540743,INE850D01014,GODREJAGRO,A,,,,,Godrej Agrovet Limited,827.95,829.5,803.9,812.65,815.65,831.85,,811.95,,,27048,22098791.0,1435,F1,1,,,,,
2025-08-07,2025-08-07,CM,BSE,STK,540749,INE348L01012,MASFIN,B,,,,,MAS Financial Services Limited,309.9,309.9,296.6,303.35,303.15,305.35,,302.95,,,4763,1441322.0,241,F1,1,,,,,
2025-08-07,2025-08-07,CM,BSE,STK,540750,INE022Q01020,IEX,A,,,,,Indian Energy Exchange Limited,132.0,134.0,130.35,133.6,133.6,132.15,,133.46,,,536030,70583577.0,5074,F1,1,,,,,
2025-08-07,2025-08-07,CM,BSE,STK,540755,INE481Y01014,GICRE,A,,,,,General Insurance Corporation,380.8,383.05,374.35,377.95,376.0,380.8,,377.6,,,40557,15375182.0,1323,F1,1,,,,,
2025-08-07,2025-08-07,CM,BSE,STK,540756,INE282Y01016,KAARYAFSL,MT,,,,,Kaarya Facilities and Services,13.73,13.73,13.73,13.73,13.73,13.47,,13.73,,,6000,82380.0,1,F1,6000,,,,,
2025-08-07,2025-08-07,CM,BSE,STK,540757,INE501Y01019,SCPL,B,,,,,SHEETAL COOL PRODUCTS LIMITED,279.0,279.0,265.0,266.65,266.65,266.75,,265.7,,,1488,398070.0,126,F1,1,,,,,
2025-08-07,2025-08-07,CM,BSE,STK,540762,INE974X01010,TIINDIA,A,,,,,Tube Investments of India Ltd,2983.05,3000.0,2920.1,2944.95,2957.9,2969.25,,2942.9,,,10045,29697396.0,2494,F1,1,,,,,
2025-08-07,2025-08-07,CM,BSE,STK,540767,INE298J01013,NAM-INDIA,A,,,,,NIPPON LIFE INDIA ASSET MANAGE,802.15,819.9,801.1,809.75,801.1,811.95,,809.95,,,218399,177101829.0,975,F1,1,,,,,
2025-08-07,2025-08-07,CM,BSE,STK,540768,INE766P01016,MAHLOG,B,,,,,Mahindra Logistics Limited,310.1,323.0,307.2,316.95,316.95,313.05,,317.65,,,28666,9053744.0,1370,F1,1,,,,,
2025-08-07,2025-08-07,CM,BSE,STK,540769,INE470Y01017,NIACL,A,,,,,The New India Assurance Compan,190.25,195.5,185.8,194.25,194.8,190.45,,194.04,,,190673,36322578.0,2759,F1,1,,,,,
2025-08-07,2025-08-07,CM,BSE,STK,540774,INE133Y01011,IFGLEXPOR,B,,,,,IFGL Refractories Limited,237.05,237.05,233.25,237.05,236.7,237.05,,236.27,,,445,104760.0,61,F1,1,,,,,
2025-08-07,2025-08-07,CM,BSE,STK,540775,INE834I01025,KHADIM,B,,,,,Khadim India Limited,262.5,263.75,259.0,261.4,260.5,265.2,,260.25,,,1748,457681.0,143,F1,1,,,,,
2025-08-07,2025-08-07,CM,BSE,STK,540776,INE618L01018,5PAISA,B,,,,,5paisa Capital Limited,380.9,380.9,363.0,369.65,368.45,376.55,,367.65,,,4255,1560095.0,139,F1,1,,,,,
2025-08-07,2025-08-07,CM,BSE,STK,540777,INE795G01014,HDFCLIFE,A,,,,,HDFC LIFE INSURANCE COMPANY LI,743.05,757.65,743.05,755.95,756.4,752.4,,755.7,,,21849,16473431.0,1102,F1,1,,,,,
2025-08-07,2025-08-07,CM,BSE,STK,540786,INE669Y01022,SHARIKA,B,,,,,SHARIKA ENTERPRISES LIMITED,16.39,17.05,16.27,16.99,17.01,16.27,,16.99,,,60354,1017773.0,260,F1,1,,,,,
2025-08-07,2025-08-07,CM,BSE,STK,540787,INF109KB15Y7,ICICIB22,A,,,,,ICICI Prudential Mutual Fund,107.32,107.45,106.29,107.28,107.4,107.36,,107.33,,,15327,1636102.0,238,F1,1,,,,,
2025-08-07,2025-08-07,CM,BSE,STK,540788,INE500C01017,ASPIRA,XT,,,,,Aspira Pathlab & Diagnostics L,62.69,62.69,60.01,62.69,62.69,63.0,,62.69,,,200,12105.0,8,F1,1,,,,,
2025-08-07,2025-08-07,CM,BSE,STK,540789,INE016M01021,DNAMEDIA,B,,,,,Diligent Media Corporation Lim,5.7,5.86,5.1,5.47,5.47,4.89,,5.47,,,1414733,7921597.0,1404,F1,1,,,,,
2025-08-07,2025-08-07,CM,BSE,STK,540795,INE600Y01019,DYCL,B,,,,,Dynamic Cables Limited,408.55,410.3,397.35,407.7,406.7,408.55,,406.8,,,16223,6554890.0,639,F1,1,,,,,
2025-08-07,2025-08-07,CM,BSE,STK,540796,INE821Y01011,RATNABHUMI,T,,,,,Ratnabhumi Developers Limited,190.05,190.05,189.2,189.2,189.2,199.15,,189.2,,,303,57328.0,6,F1,1,,,,,
2025-08-07,2025-08-07,CM,BSE,STK,540797,INE597J01018,SHALBY,B,,,,,Shalby Limited,204.55,208.15,200.05,205.9,203.85,204.55,,205.72,,,12715,2592723.0,348,F1,1,,,,,
2025-08-07,2025-08-07,CM,BSE,STK,540809,INE333Y01017,MRCAGRO,T,,,,,MRC AGROTECH LIMITED,28.16,28.16,28.03,28.16,28.16,28.6,,28.16,,,53325,1499021.0,67,F1,1,,,,,
2025-08-07,2025-08-07,CM,BSE,STK,540821,INE994R01028,CRYSTAL,X,,,,,CRYSTAL BUSINESS SYSTEM LIMITE,2.13,2.24,2.13,2.2,2.2,2.17,,2.2,,,41144,89761.0,134,F1,1,,,,,
2025-08-07,2025-08-07,CM,BSE,STK,540824,INE646X01014,ASTRON,B,,,,,Astron Paper & Board Mill Limi,13.95,14.5,13.75,13.85,13.85,13.97,,14.3,,,2564,36012.0,33,F1,1,,,,,
2025-08-07,2025-08-07,CM,BSE,STK,540829,INE371F01016,CHANDRIMA,X,,,,,Chandrima Mercantiles limited,48.48,48.55,47.4,48.55,48.55,47.86,,48.55,,,1809,86955.0,17,F1,1,,,,,
2025-08-07,2025-08-07,CM,BSE,STK,540850,INE841Y01019,JFL,MT,,,,,Jhandewalas Foods Limited,67.74,67.74,67.74,67.74,67.74,66.42,,67.74,,,3000,203220.0,2,F1,1000,,,,,
2025-08-07,2025-08-07,CM,BSE,STK,540874,INE454F01010,7SEASL,X,,,,,7SEAS ENTERTAINMENT LIMITED,70.67,72.46,70.67,71.1,72.4,72.46,,71.1,,,4424,316339.0,34,F1,1,,,,,
2025-08-07,2025-08-07,CM,BSE,STK,540879,INE713T01028,APOLLO,A,,,,,Apollo Micro Systems Limited,178.25,183.0,175.0,179.05,179.05,180.8,,179.18,,,247274,44304472.0,2587,F1,1,,,,,
2025-08-07,2025-08-07,CM,BSE,STK,540900,INE619B01017,NEWGEN,A,,,,,Newgen Software Technologies L,919.7,921.7,897.1,904.45,904.45,933.6,,903.45,,,106692,96601682.0,4648,F1,1,,,,,
2025-08-07,2025-08-07,CM,BSE,STK,540901,INE546Y01022,PRAXIS,T,,,,,Praxis Home Retail Limited,10.52,10.52,10.0,10.04,10.03,10.52,,10.21,,,19437,197950.0,51,F1,1,,,,,
2025-08-07,2025-08-07,CM,BSE,STK,540902,INE371P01015,AMBER,A,,,,,Amber Enterprises India Limite,7577.1,7783.65,7577.1,7720.5,7780.8,7625.05,,7729.0,,,12145,93161774.0,2190,F1,1,,,,,
2025-08-07,2025-08-07,CM,BSE,STK,540914,INE425C01017,SRUSTEELS,XT,,,,,SRU Steels Limited,5.39,5.55,5.13,5.38,5.46,5.39,,5.38,,,90315,467551.0,166,F1,1,,,,,
2025-08-07,2025-08-07,CM,BSE,STK,540923,INE760Y01011,ASHOKAMET,B,,,,,Ashoka Metcast Limited,17.1,18.63,16.86,18.3,18.3,16.84,,18.33,,,294386,5292348.0,1027,F1,1,,,,,
2025-08-07,2025-08-07,CM,BSE,STK,540935,INE600K01018,GALAXYSURF,A,,,,,Galaxy Surfactants Limited,2410.05,2498.95,2410.05,2447.65,2448.0,2491.05,,2446.7,,,650,1605624.0,183,F1,1,,,,,
2025-08-07,2025-08-07,CM,BSE,STK,540936,INE063Z01017,GGL,B,,,,,Gautam Gems Limited,4.35,4.57,4.21,4.39,4.4,4.44,,4.39,,,14609,63890.0,71,F1,1,,,,,
2025-08-07,2025-08-07,CM,BSE,STK,540937,INE630Y01024,MEDICO,B,,,,,MEDICO REMEDIES LIMITED,38.94,39.0,37.3,38.58,39.0,38.94,,38.72,,,13866,527536.0,207,F1,1,,,,,
2025-08-07,2025-08-07,CM,BSE,STK,540938,INE578V01013,GUJHYSPIN,M,,,,,Gujarat Hy-Spin Limited,25.7,25.7,24.21,24.21,24.21,24.25,,24.21,,,50000,1239650.0,9,F1,5000,,,,,
2025-08-07,2025-08-07,CM,BSE,STK,540952,INE740X01023,LAL,T,,,,,LORENZINI APPARELS LIMITED,10.93,11.25,10.3,10.75,10.75,10.75,,10.52,,,5760,61894.0,54,F1,1,,,,,
2025-08-07,2025-08-07,CM,BSE,STK,540953,INE923Y01023,KENVI,B,,,,,Kenvi Jewels Limited,3.15,3.15,3.05,3.09,3.07,3.13,,3.09,,,52113,160693.0,195,F1,1,,,,,
2025-08-07,2025-08-07,CM,BSE,STK,540954,INE586E01020,IWP,XT,,,,,The Indian Wood Products Co. L,39.44,40.0,38.0,39.46,39.5,38.48,,39.46,,,29931,1176620.0,200,F1,1,,,,,
2025-08-07,2025-08-07,CM,BSE,STK,540955,INE773Y01014,TDSL,T,,,,,Tasty Dairy Specialities Limit,8.9,8.9,8.64,8.81,8.81,9.01,,8.81,,,3156,27691.0,48,F1,1,,,,,
2025-08-07,2025-08-07,CM,BSE,STK,540956,INE341Z01025,BHATIA,B,,,,,Bhatia Communications & Retail,23.07,23.07,22.67,22.77,22.8,22.86,,22.77,,,47478,1080876.0,187,F1,1,,,,,
2025-08-07,2025-08-07,CM,BSE,STK,540961,INE644Y01017,SHIVAMILLS,B,,,,,Shiva Mills Limited,74.97,75.0,71.9,74.24,74.25,74.9,,74.57,,,404,29611.0,38,F1,1,,,,,
2025-08-07,2025-08-07,CM,BSE,STK,540975,INE914M01019,ASTERDM,A,,,,,Aster DM Healthcare Limited,591.1,599.75,589.45,594.7,594.7,597.75,,594.6,,,38233,22665554.0,1533,F1,1,,,,,
2025-08-07,2025-08-07,CM,BSE,STK,540980,INE868X01014,YSL,X,,,,,The Yamuna Syndicate Ltd,37700.0,37700.0,37700.0,37700.0,37700.0,37700.0,,37700.0,,,3,113100.0,2,F1,1,,,,,
2025-08-07,2025-08-07,CM,BSE,STK,541005,INE398L01017,KANCOTEA,X,,,,,KANCO TEA & INDUSTRIES LIMITED,63.9,63.9,62.51,62.73,62.7,62.9,,62.73,,,101,6341.0,8,F1,1,,,,,
2025-08-07,2025-08-07,CM,BSE,STK,541019,INE926X01010,HGINFRA,A,,,,,H.G. Infra Engineering Limited,991.05,995.95,962.3,965.15,965.65,996.7,,965.0,,,19021,18508920.0,2071,F1,1,,,,,
2025-08-07,2025-08-07,CM,BSE,STK,541083,INE464Z01017,INFLAME,MT,,,,,Inflame Appliances Limited,242.0,242.0,234.2,234.2,234.2,246.5,,234.2,,,5000,1172950.0,16,F1,250,,,,,
2025-08-07,2025-08-07,CM,BSE,STK,541096,INE365Y01019,BPLPHARMA,X,,,,,Bharat Parenterals Limited,1401.0,1461.9,1379.95,1447.7,1435.05,1422.6,,1447.7,,,556,790613.0,58,F1,1,,,,,
2025-08-07,2025-08-07,CM,BSE,STK,541097,INF740KA1EU7,LIQUIDETF,F,,,,,DSP BlackRock Mutual Fund,1000.0,1000.01,999.99,999.99,1000.0,999.99,,1000.0,,,13681,13680984.0,29,F1,1,,,,,
2025-08-07,2025-08-07,CM,BSE,STK,541143,INE171Z01026,BDL,A,,,,,Bharat Dynamics Limited,1568.95,1584.1,1541.2,1566.35,1566.35,1577.4,,1567.8,,,111698,174881894.0,5509,F1,1,,,,,
2025-08-07,2025-08-07,CM,BSE,STK,541144,INE380Z01015,ACTIVE,T,,,,,Active Clothing Co  Limited,140.4,140.4,134.65,134.8,137.5,141.7,,134.8,,,11900,1610673.0,90,F1,1,,,,,
2025-08-07,2025-08-07,CM,BSE,STK,541152,INE705X01026,GOYALALUM,B,,,,,GOYAL ALUMINIUMS LIMITED,7.3,7.4,7.03,7.26,7.26,7.3,,7.27,,,50674,364379.0,219,F1,1,,,,,
2025-08-07,2025-08-07,CM,BSE,STK,541153,INE545U01014,BANDHANBNK,A,,,,,Bandhan Bank Limited,164.45,166.8,162.3,166.05,166.15,164.5,,166.13,,,249130,40859926.0,1542,F1,1,,,,,
2025-08-07,2025-08-07,CM,BSE,STK,541154,INE066F01020,HAL,A,,,,,Hindustan Aeronautics Limited,4500.0,4559.95,4481.45,4550.95,4550.95,4538.75,,4550.6,,,59822,270648681.0,7062,F1,1,,,,,
2025-08-07,2025-08-07,CM,BSE,STK,541161,INE278R01034,DHARAN,T,,,,,DHARAN INFRA-EPC LIMITED,0.47,0.47,0.47,0.47,0.47,0.47,,0.47,,,246529,115868.0,118,F1,1,,,,,
2025-08-07,2025-08-07,CM,BSE,STK,541163,INE278H01035,SANDHAR,B,,,,,Sandhar Technologies Limited,460.0,464.05,431.6,445.8,449.3,462.6,,445.15,,,15490,6885795.0,988,F1,1,,,,,
2025-08-07,2025-08-07,CM,BSE,STK,541167,INE616Z01012,YASHO,B,,,,,YASHO INDUSTRIES LIMITED,1808.0,1823.4,1789.65,1797.2,1789.65,1816.0,,1796.3,,,304,548985.0,88,F1,1,,,,,
2025-08-07,2025-08-07,CM,BSE,STK,541195,INE099Z01011,MIDHANI,A,,,,,Mishra Dhatu Nigam Limited,401.0,401.0,385.2,392.15,393.05,401.35,,391.65,,,16533,6474076.0,636,F1,1,,,,,
2025-08-07,2025-08-07,CM,BSE,STK,541206,INE426Z01016,OBCL,B,,,,,Orissa Bengal Carrier Limited,53.0,53.0,52.0,52.0,52.0,52.52,,52.67,,,1023,54194.0,15,F1,1,,,,,
2025-08-07,2025-08-07,CM,BSE,STK,541228,INE459Z01017,TRL,B,,,,,Taylormade Renewables Limited,233.75,233.75,214.05,223.85,226.0,229.15,,223.85,,,10186,2265284.0,409,F1,1,,,,,
2025-08-07,2025-08-07,CM,BSE,STK,541233,INE970X01018,LEMONTREE,A,,,,,Lemon Tree Hotels Limited,144.0,144.75,142.8,144.1,144.1,144.45,,144.09,,,117860,16928675.0,1745,F1,1,,,,,
2025-08-07,2025-08-07,CM,BSE,STK,541269,INE783X01023,CHEMFAB,B,,,,,Chemfab Alkalis Ltd,729.85,729.85,666.0,683.9,685.8,678.25,,679.4,,,365,250037.0,68,F1,1,,,,,
2025-08-07,2025-08-07,CM,BSE,STK,541276,INE626Z01029,HARDWYN,B,,,,,HARDWYN INDIA LIMITED,13.53,13.58,13.11,13.16,13.13,13.26,,13.31,,,20489,271988.0,145,F1,1,,,,,
2025-08-07,2025-08-07,CM,BSE,STK,541301,INE142Z01019,ORIENTELEC,A,,,,,Orient Electric Limited,205.6,205.65,201.0,202.9,203.0,206.25,,202.63,,,5282,1072456.0,480,F1,1,,,,,
2025-08-07,2025-08-07,CM,BSE,STK,541302,INE506Z01015,DHRUV,T,,,,,Dhruv Consultancy Services Lim,65.05,65.2,65.05,65.2,65.2,66.37,,65.85,,,1169,76217.0,3,F1,1,,,,,
2025-08-07,2025-08-07,CM,BSE,STK,541303,INE256Z01025,AKSHAR,B,,,,,Akshar Spintex Limited,0.53,0.53,0.5,0.53,0.53,0.53,,0.52,,,1503984,770663.0,277,F1,1,,,,,
2025-08-07,2025-08-07,CM,BSE,STK,541304,INE250Z01010,INDOUS,B,,,,,Indo US Bio-Tech Limited,177.0,180.65,169.8,179.75,174.0,179.65,,179.07,,,9896,1764056.0,210,F1,1,,,,,
2025-08-07,2025-08-07,CM,BSE,STK,541313,INF109KC1V59,BSE500IETF,A,,,,,ICICI Prudential BSE 500 ETF,38.61,38.61,37.96,38.35,38.44,38.28,,38.42,,,59821,2290021.0,117,F1,1,,,,,
2025-08-07,2025-08-07,CM,BSE,STK,541336,INE896L01010,INDOSTAR,B,,,,,IndoStar Capital Finance Limit,280.75,287.85,276.6,284.05,283.0,279.4,,284.95,,,4537,1274099.0,213,F1,1,,,,,
2025-08-07,2025-08-07,CM,BSE,STK,541337,INE424Z01011,MILEFUR,MT,,,,,Milestone Furniture Limited,9.5,9.56,9.5,9.56,9.56,9.67,,9.56,,,12000,114540.0,4,F1,3000,,,,,
2025-08-07,2025-08-07,CM,BSE,STK,541338,INE556Z01010,UHZAVERI,T,,,,,U. H. ZAVERI LIMITED,16.5,16.51,16.21,16.21,16.21,16.54,,16.21,,,2523,41573.0,19,F1,1,,,,,
2025-08-07,2025-08-07,CM,BSE,STK,541347,INE295Z01015,PARVATI,X,,,,,Parvati Sweetners and Power Lt,7.21,7.8,7.21,7.39,7.32,7.41,,7.39,,,7982,59622.0,50,F1,1,,,,,
2025-08-07,2025-08-07,CM,BSE,STK,541352,INE00EM01016,MEGASTAR,B,,,,,Megastar Foods Limited,264.0,265.0,237.0,238.65,238.65,265.2,,239.0,,,3620,901764.0,574,F1,1,,,,,
2025-08-07,2025-08-07,CM,BSE,STK,541353,INE870Z01015,INNOVATORS,M,,,,,Innovators Facade Systems Limi,205.75,205.75,202.0,205.1,205.0,203.7,,205.1,,,15200,3107440.0,19,F1,800,,,,,
2025-08-07,2025-08-07,CM,BSE,STK,541358,INE926R01012,UCIL,X,,,,,UNIFINZ CAPITAL INDIA LIMITED,615.9,615.9,609.95,609.95,609.95,586.6,,609.95,,,22,13452.0,7,F1,1,,,,,
2025-08-07,2025-08-07,CM,BSE,STK,541400,INE518E01015,ZIMLAB,B,,,,,ZIM Laboratories Limited,79.95,81.55,76.65,81.1,81.1,79.3,,81.0,,,12641,989689.0,202,F1,1,,,,,
2025-08-07,2025-08-07,CM,BSE,STK,541402,INE692Z01013,AFFORDABLE,B,,,,,Affordable Robotic & Automatio,375.0,414.9,372.3,401.3,405.35,380.05,,401.75,,,32489,13083100.0,1499,F1,1,,,,,
2025-08-07,2025-08-07,CM,BSE,STK,541403,INE325C01035,DOLLAR,B,,,,,Dollar Industries Limited,360.05,367.1,358.0,362.45,364.0,366.05,,363.7,,,5186,1875840.0,287,F1,1,,,,,
2025-08-07,2025-08-07,CM,BSE,STK,541418,INE236Y01012,NGIL,B,,,,,NAKODA GROUP OF INDUSTRIES LIM,28.56,28.56,27.15,27.83,27.83,28.0,,27.47,,,1459,40059.0,26,F1,1,,,,,
2025-08-07,2025-08-07,CM,BSE,STK,541444,INE838Z01012,PALMJEWELS,B,,,,,Palm Jewels Limited,29.06,29.8,28.0,28.99,28.8,29.06,,28.99,,,37866,1094300.0,933,F1,1,,,,,
2025-08-07,2025-08-07,CM,BSE,STK,541445,INE799N01012,WAA,M,,,,,Waa Solar Limited,67.5,67.5,67.49,67.5,67.5,66.91,,67.5,,,2400,161992.0,3,F1,800,,,,,
2025-08-07,2025-08-07,CM,BSE,STK,541450,INE364U01010,ADANIGREEN,A,,,,,Adani Green Energy Limited,946.05,956.45,903.55,937.1,937.1,957.85,,936.75,,,489383,454250265.0,20687,F1,1,,,,,
2025-08-07,2025-08-07,CM,BSE,STK,541503,INE250G01010,UNICK,X,,,,,Unick Fix-A- Form and Printers,70.5,70.5,70.5,70.5,70.5,70.5,,70.5,,,100,7050.0,2,F1,1,,,,,
2025-08-07,2025-08-07,CM,BSE,STK,541540,INE624Z01016,SOLARA,A,,,,,SOLARA ACTIVE PHARMA SCIENCES,587.05,608.0,576.45,598.25,597.0,586.65,,598.75,,,9898,5886480.0,942,F1,1,,,,,
2025-08-07,2025-08-07,CM,BSE,STK,541546,INE287Z01012,GAYAHWS,T,,,,,GAYATRI HIGHWAYS LTD,2.25,2.25,2.25,2.25,2.25,2.21,,2.25,,,89678,201775.0,18,F1,1,,,,,
2025-08-07,2025-08-07,CM,BSE,STK,541556,INE320J01015,RITES,A,,,,,RITES Limited,254.45,254.45,247.95,251.15,251.7,256.25,,250.9,,,27372,6864576.0,757,F1,1,,,,,
2025-08-07,2025-08-07,CM,BSE,STK,541557,INE686Y01026,FINEORG,A,,,,,Fine Organic Industries Limite,5150.0,5150.0,4968.75,5000.25,5006.5,5175.15,,5002.0,,,1043,5252760.0,335,F1,1,,,,,
2025-08-07,2025-08-07,CM,BSE,STK,541578,INE665L01035,VARROC,A,,,,,Varroc Engineering Limited,516.05,575.0,513.2,554.7,554.7,529.85,,554.1,,,50449,27475186.0,2410,F1,1,,,,,
2025-08-07,2025-08-07,CM,BSE,STK,541601,INE685Z01033,RAJNISH,T,,,,,Rajnish Wellness Limited,0.92,0.97,0.89,0.97,0.97,0.93,,0.97,,,10051433,9269224.0,1624,F1,1,,,,,
2025-08-07,2025-08-07,CM,BSE,STK,541627,INE173V01013,GUJWIND,X,,,,,Gujarat Winding Systems Limite,7.07,7.19,6.7,6.93,6.99,6.93,,6.93,,,622,4298.0,25,F1,1,,,,,
2025-08-07,2025-08-07,CM,BSE,STK,541634,INE960Z01014,RAWEDGE,B,,,,,Raw Edge Industrial Solutions,22.03,22.58,21.99,22.49,22.49,22.5,,22.49,,,3723,82508.0,17,F1,1,,,,,
2025-08-07,2025-08-07,CM,BSE,STK,541702,INE694W01024,ASHNI,X,,,,,Ashnisha Industries Limited,2.98,2.99,2.95,2.96,2.96,2.94,,2.96,,,87948,261030.0,161,F1,1,,,,,
2025-08-07,2025-08-07,CM,BSE,STK,541729,INE127D01025,HDFCAMC,A,,,,,HDFC Asset Management Company,5631.05,5695.5,5580.0,5663.7,5663.7,5679.3,,5664.5,,,3651,20603619.0,883,F1,1,,,,,
2025-08-07,2025-08-07,CM,BSE,STK,541735,INE299W01022,VIVANTA,X,,,,,Vivanta Industries Limited,2.67,2.68,2.37,2.49,2.49,2.68,,2.49,,,329076,839258.0,678,F1,1,,,,,
2025-08-07,2025-08-07,CM,BSE,STK,541741,INE401Z01019,FRATELLI,T,,,,,Fratelli Vineyards Limited,136.45,139.1,136.45,136.5,136.5,139.2,,136.5,,,318,43445.0,19,F1,1,,,,,
2025-08-07,2025-08-07,CM,BSE,STK,541770,INE741K01010,CREDITACC,A,,,,,CreditAccess Grameen Ltd.,1197.05,1250.0,1197.05,1244.65,1243.65,1210.3,,1244.6,,,15708,19378457.0,1271,F1,1,,,,,
2025-08-07,2025-08-07,CM,BSE,STK,541771,INE572Z01017,AMINTAN,X,,,,,AMIN TANNERY LIMITED,2.12,2.12,2.0,2.06,2.09,2.04,,2.06,,,37224,76508.0,80,F1,1,,,,,
2025-08-07,2025-08-07,CM,BSE,STK,541778,INE00IY01012,DEEP,T,,,,,Deep Polymers Limited,53.89,53.89,50.75,52.63,52.63,53.4,,52.63,,,2126,110132.0,41,F1,1,,,,,
2025-08-07,2025-08-07,CM,BSE,STK,541809,INF109KC1NS5,NEXT50IETF,B,,,,,ICICI Prudential Mutual Fund,69.36,69.75,68.7,69.65,69.65,69.48,,69.61,,,99838,6913276.0,935,F1,1,,,,,
2025-08-07,2025-08-07,CM,BSE,STK,541865,INE01B501018,ASRL,B,,,,,Add-Shop E-Retail Limited,10.59,10.7,10.2,10.56,10.55,10.54,,10.56,,,11044,115048.0,114,F1,1,,,,,
2025-08-07,2025-08-07,CM,BSE,STK,541890,INE797Z01010,SPACEINCUBA,X,,,,,Space Incubatrics Technologies,2.0,2.08,1.95,1.97,1.97,2.05,,1.97,,,38677,76406.0,45,F1,1,,,,,
2025-08-07,2025-08-07,CM,BSE,STK,541929,INE00QT01015,SGIL,B,,,,,Synergy Green Industries Limit,524.85,532.1,514.7,516.2,514.7,528.9,,516.8,,,1332,702200.0,109,F1,1,,,,,
2025-08-07,2025-08-07,CM,BSE,STK,541946,INF109KC1KT9,LIQUIDIETF,F,,,,,ICICI Prudential BSE Liquid Ra,1000.0,1000.01,1000.0,1000.0,1000.0,1000.0,,1000.0,,,221326,221326001.0,90,F1,1,,,,,
2025-08-07,2025-08-07,CM,BSE,STK,541956,INE962Y01021,IRCON,A,,,,,IRCON International Ltd,164.05,168.6,164.0,167.7,167.7,171.8,,167.71,,,754623,125558281.0,11975,F1,1,,,,,
2025-08-07,2025-08-07,CM,BSE,STK,541967,INE01IU01018,SKYGOLD,B,,,,,Sky Gold And Diamonds Limited,285.5,298.0,266.4,284.4,284.4,271.75,,284.5,,,387367,107528409.0,7040,F1,1,,,,,
2025-08-07,2025-08-07,CM,BSE,STK,541972,INF200KA1VQ2,SETFSN50,A,,,,,SBI Mutual Fund,880.0,881.99,871.0,881.99,881.99,880.0,,881.99,,,444,388930.0,27,F1,1,,,,,
2025-08-07,2025-08-07,CM,BSE,STK,541974,INE00VM01036,MANORAMA,B,,,,,Manorama Industries Limited,1405.6,1437.9,1380.7,1431.5,1436.8,1404.9,,1431.9,,,23234,32821236.0,1763,F1,1,,,,,
2025-08-07,2025-08-07,CM,BSE,STK,541983,INE492Y01011,INNOVATIVE,M,,,,,Innovative Ideals and Services,22.42,22.42,22.42,22.42,22.42,24.91,,22.42,,,2000,44840.0,2,F1,1000,,,,,
2025-08-07,2025-08-07,CM,BSE,STK,541988,INE216P01012,AAVAS,A,,,,,AAVAS Financiers Limited,1672.9,1695.15,1668.75,1682.7,1679.95,1704.6,,1682.6,,,4669,7856030.0,554,F1,1,,,,,
2025-08-07,2025-08-07,CM,BSE,STK,542011,INE382Z01011,GRSE,A,,,,,Garden Reach Shipbuilders & En,2590.0,2590.0,2501.0,2544.05,2544.05,2597.2,,2546.7,,,85609,217658280.0,6638,F1,1,,,,,
2025-08-07,2025-08-07,CM,BSE,STK,542012,INE911Z01017,A1L,B,,,,,A-1 LIMITED,662.05,664.45,655.0,655.05,655.0,666.05,,655.05,,,48134,31632704.0,255,F1,1,,,,,
2025-08-07,2025-08-07,CM,BSE,STK,542013,INE666Y01010,DOLFIN,B,,,,,Dolfin Rubbers Limited,197.3,201.7,195.0,196.05,199.0,200.65,,196.05,,,4671,921345.0,127,F1,1,,,,,
2025-08-07,2025-08-07,CM,BSE,STK,542019,INE01J501010,SHUBHAM,T,,,,,Shubham Polyspin Limited,33.71,35.0,33.5,34.03,34.48,34.58,,34.03,,,6296,214681.0,44,F1,1,,,,,
2025-08-07,2025-08-07,CM,BSE,STK,542020,INE642Z01026,AKI,T,,,,,AKI India Limited,10.78,10.78,10.46,10.48,10.48,11.0,,10.51,,,20574,216840.0,78,F1,1,,,,,
2025-08-07,2025-08-07,CM,BSE,STK,542025,INE206Z01020,SUNRETAIL,M,,,,,Sun Retail Limited,0.47,0.47,0.46,0.47,0.46,0.48,,0.47,,,96000,44640.0,2,F1,48000,,,,,
2025-08-07,2025-08-07,CM,BSE,STK,542034,INE00Q901014,SMGOLD,B,,,,,S. M. Gold Limited,16.05,16.05,15.3,15.4,15.3,15.69,,15.4,,,8326,129837.0,105,F1,1,,,,,
2025-08-07,2025-08-07,CM,BSE,STK,542046,INE647Z01025,VIVIDM,B,,,,,VIVID MERCANTILE LIMITED,6.05,6.95,6.05,6.68,6.68,6.79,,6.68,,,10787,68791.0,53,F1,1,,,,,
2025-08-07,2025-08-07,CM,BSE,STK,542057,INE00SW01015,BCPL,T,,,,,BCPL Railway Infrastructure Li,80.27,83.0,77.01,81.44,81.98,80.27,,81.44,,,8796,707860.0,174,F1,1,,,,,
2025-08-07,2025-08-07,CM,BSE,STK,542066,INE399L01023,ATGL,A,,,,,ADANI TOTAL GAS LIMITED,589.1,594.6,577.1,591.75,591.75,589.1,,591.85,,,140372,82353881.0,5591,F1,1,,,,,
2025-08-07,2025-08-07,CM,BSE,STK,542123,INE398C01016,PHOSPHATE,X,,,,,The Phosphate Company Limited,163.95,164.0,163.95,164.0,164.0,163.95,,164.0,,,30,4919.0,8,F1,1,,,,,
2025-08-07,2025-08-07,CM,BSE,STK,542131,INF769K01EG9,NIFTYETF,B,,,,,Mirae Asset Mutual Fund,266.72,266.72,262.0,264.72,265.4,264.65,,264.42,,,15251,4016330.0,368,F1,1,,,,,
2025-08-07,2025-08-07,CM,BSE,STK,542141,INE285K01026,TECHNOE,A,,,,,Techno Electric & Engineering,1382.0,1404.2,1366.0,1395.15,1393.3,1380.55,,1395.9,,,6244,8648553.0,546,F1,1,,,,,
2025-08-07,2025-08-07,CM,BSE,STK,542145,INE02AP01013,RONI,MT,,,,,Roni Households Limited,55.0,55.0,55.0,55.0,55.0,54.63,,55.0,,,3600,198000.0,1,F1,3600,,,,,
2025-08-07,2025-08-07,CM,BSE,STK,542155,INE01GR01018,DGL,MT,,,,,Diksha Greens Limited,3.43,3.43,3.43,3.43,3.43,3.61,,3.43,,,10000,34300.0,3,F1,2000,,,,,
2025-08-07,2025-08-07,CM,BSE,STK,542176,INE016X01010,ARYAN,X,,,,,Aryan Share & Stock Brokers Lt,27.25,27.25,23.6,26.7,26.7,26.2,,26.7,,,1231,32444.0,19,F1,1,,,,,
2025-08-07,2025-08-07,CM,BSE,STK,542206,INE139E01028,NIVAKA,X,,,,,NIVAKA FASHIONS LIMITED,3.65,3.72,3.51,3.64,3.65,3.61,,3.64,,,12139,44290.0,36,F1,1,,,,,
2025-08-07,2025-08-07,CM,BSE,STK,542216,INE00R701025,DALBHARAT,A,,,,,DALMIA BHARAT LIMITED,2251.1,2285.0,2240.6,2260.95,2285.0,2250.65,,2266.0,,,36665,82792250.0,4045,F1,1,,,,,
2025-08-07,2025-08-07,CM,BSE,STK,542230,INF209KB16D7,ABSLNN50ET,B,,,,,Aditya Birla Sun Life Mutual F,69.23,69.26,68.23,69.19,69.26,69.18,,69.06,,,462,31827.0,24,F1,1,,,,,
2025-08-07,2025-08-07,CM,BSE,STK,542231,INE00S901012,NILASPACES,B,,,,,Nila Spaces Ltd,14.3,14.3,13.54,13.81,13.76,13.46,,13.75,,,363706,5027292.0,866,F1,1,,,,,
2025-08-07,2025-08-07,CM,BSE,STK,542232,INE01NE01012,SRD,B,,,,,Shankar Lal Rampal Dye-Chem Li,80.0,80.0,76.78,79.05,79.05,79.19,,78.67,,,45167,3524582.0,154,F1,1,,,,,
2025-08-07,2025-08-07,CM,BSE,STK,542233,INE00CA01015,TREJHARA,B,,,,,Trejhara Solutions Limited,220.65,220.65,214.0,215.1,216.0,220.55,,214.87,,,2298,496245.0,70,F1,1,,,,,
2025-08-07,2025-08-07,CM,BSE,STK,542248,INE452W01019,DECCAN,B,,,,,Deccan Health Care Limited,20.9,21.1,20.01,20.76,21.0,20.66,,20.76,,,13038,270746.0,106,F1,1,,,,,
2025-08-07,2025-08-07,CM,BSE,STK,542285,INE02EZ01022,AXITA,B,,,,,Axita Cotton Limited,8.8,8.83,8.79,8.81,8.81,8.81,,8.81,,,402908,3548412.0,367,F1,1,,,,,
2025-08-07,2025-08-07,CM,BSE,STK,542323,INE542W01025,KPIGREEN,A,,,,,KPI Green Energy Limited,528.2,528.2,508.9,513.0,513.0,531.45,,512.75,,,60379,31208676.0,1952,F1,1,,,,,
2025-08-07,2025-08-07,CM,BSE,STK,542333,INE425Y01011,RPSGVENT,B,,,,,RPSG VENTURES LIMITED,902.5,912.95,877.8,887.9,891.85,915.55,,886.25,,,1490,1327815.0,216,F1,1,,,,,
2025-08-07,2025-08-07,CM,BSE,STK,542337,INE020801028,SPENCERS,B,,,,,Spencer's Retail Limited,54.0,58.59,54.0,55.39,55.5,55.62,,55.25,,,17930,1003472.0,198,F1,1,,,,,
2025-08-07,2025-08-07,CM,BSE,STK,542351,INE350Z01018,GLOSTERLTD,B,,,,,Gloster Ltd,640.0,669.2,640.0,662.4,655.0,631.65,,660.9,,,178,117587.0,31,F1,1,,,,,
2025-08-07,2025-08-07,CM,BSE,STK,542367,INE01P501012,XELPMOC,B,,,,,Xelpmoc Design and Tech Limite,90.53,90.9,88.79,90.9,90.9,90.53,,90.52,,,1230,111041.0,40,F1,1,,,,,
2025-08-07,2025-08-07,CM,BSE,STK,542383,INE01EG01016,RITCO,B,,,,,Ritco Logistics Limited,277.5,284.45,274.7,277.9,275.8,284.6,,277.35,,,900,251505.0,57,F1,1,,,,,
2025-08-07,2025-08-07,CM,BSE,STK,542399,INE427F01016,CHALET,A,,,,,Chalet Hotels Limited,860.7,883.0,854.1,877.6,877.6,871.0,,877.35,,,29378,25726605.0,2085,F1,1,,,,,
2025-08-07,2025-08-07,CM,BSE,STK,542437,INE02AR01019,ANMOL,B,,,,,Anmol India Limited,15.1,16.0,14.64,14.9,14.9,15.11,,14.91,,,15208,231951.0,37,F1,1,,,,,
2025-08-07,2025-08-07,CM,BSE,STK,542459,INE911T01010,KRANTI,B,,,,,Kranti Industries Limited,83.07,84.89,80.63,83.12,83.12,82.66,,83.12,,,13251,1094072.0,174,F1,1,,,,,
2025-08-07,2025-08-07,CM,BSE,STK,542460,INE294Z01018,ANUP,A,,,,,The Anup Engineering Ltd,2415.8,2435.0,2287.3,2353.4,2353.4,2457.8,,2354.7,,,10871,25503966.0,2239,F1,1,,,,,
2025-08-07,2025-08-07,CM,BSE,STK,542477,INE03CM01014,GLEAM,MT,,,,,Gleam Fabmat Limited,10.11,10.14,10.11,10.14,10.14,10.61,,10.14,,,100000,1012100.0,4,F1,10000,,,,,
2025-08-07,2025-08-07,CM,BSE,STK,542484,INE955V01021,ARVINDFASN,A,,,,,Arvind Fashions Limited,514.0,525.45,513.0,523.05,523.0,521.8,,522.9,,,10056,5230914.0,566,F1,1,,,,,
2025-08-07,2025-08-07,CM,BSE,STK,542513,INF789F1AUU3,UTISXN50,A,,,,,UTI BSE  Sensex Next 50 ETF,87.5,87.73,87.1,87.73,87.73,87.73,,87.81,,,112,9761.0,10,F1,1,,,,,
2025-08-07,2025-08-07,CM,BSE,STK,542543,INE05KD23015,ENERGYINF,IF,,,,,Energy Infrastructure Trust,82.0,82.0,82.0,82.0,82.0,82.0,,82.0,,,25000,2050000.0,1,F1,25000,,,,,
2025-08-07,2025-08-07,CM,BSE,STK,542579,INE05FR01029,AGOL,B,,,,,Ashapuri Gold Ornament Limited,6.28,6.3,6.1,6.22,6.24,6.28,,6.22,,,459552,2840767.0,1312,F1,1,,,,,
2025-08-07,2025-08-07,CM,BSE,STK,542580,INE01C001026,AARTECH,B,,,,,Aartech Solonics Limited,62.83,62.96,61.25,62.02,62.02,62.83,,61.84,,,6499,405747.0,135,F1,1,,,,,
2025-08-07,2025-08-07,CM,BSE,STK,542597,INE255X01014,MSTCLTD,B,,,,,MSTC Limited,466.25,483.5,466.0,478.6,482.7,473.9,,479.7,,,12863,6072588.0,882,F1,1,,,,,
2025-08-07,2025-08-07,CM,BSE,STK,542602,INE041025011,EMBASSY,IF,,,,,Embassy Office Parks REIT,393.5,393.5,385.32,386.4,387.0,394.0,,386.26,,,12929,5015564.0,924,F1,1,,,,,
2025-08-07,2025-08-07,CM,BSE,STK,542627,INE01GZ01011,CHANDNIMACH,X,,,,,Chandni Machines Limited,38.79,38.79,37.0,38.25,38.25,37.98,,38.25,,,859,32662.0,11,F1,1,,,,,
2025-08-07,2025-08-07,CM,BSE,STK,542628,INE01BL01012,NSL,B,,,,,Northern Spirits Limited,194.95,202.5,185.15,198.3,200.0,193.2,,198.3,,,35113,6876774.0,410,F1,1,,,,,
2025-08-07,2025-08-07,CM,BSE,STK,542649,INE415G01027,RVNL,A,,,,,Rail Vikas Nigam Limited,340.55,348.1,337.15,346.7,346.7,345.9,,346.5,,,211805,72477833.0,3979,F1,1,,,,,
2025-08-07,2025-08-07,CM,BSE,STK,542650,INE112L01020,METROPOLIS,A,,,,,Metropolis Healthcare Limited,2056.9,2069.55,1966.25,1994.0,1993.0,2055.15,,1994.6,,,2424,4898264.0,550,F1,1,,,,,
2025-08-07,2025-08-07,CM,BSE,STK,542651,INE04I401011,KPITTECH,A,,,,,KPIT Technologies Ltd,1185.3,1216.35,1185.3,1209.95,1216.35,1208.1,,1209.5,,,14456,17363955.0,1032,F1,1,,,,,
2025-08-07,2025-08-07,CM,BSE,STK,542652,INE455K01017,POLYCAB,A,,,,,Polycab India Limited,6822.9,6896.0,6744.8,6872.0,6868.6,6823.1,,6881.0,,,6672,45476196.0,1645,F1,1,,,,,
2025-08-07,2025-08-07,CM,BSE,STK,542654,INE06LG01010,VRFILMS,B,,,,,V R FILMS & STUDIOS LIMITED,14.81,14.81,13.23,13.48,13.48,14.69,,13.48,,,7432,100624.0,99,F1,1,,,,,
2025-08-07,2025-08-07,CM,BSE,STK,542655,INE161L01027,VIKASLIFE,B,,,,,VIKAS LIFECARE LIMITED,2.26,2.27,2.2,2.25,2.26,2.29,,2.25,,,2778304,6215769.0,9349,F1,1,,,,,
2025-08-07,2025-08-07,CM,BSE,STK,542665,INE136S01016,NEOGEN,A,,,,,Neogen Chemicals Limited,1410.05,1425.5,1401.0,1412.55,1420.95,1453.0,,1415.6,,,3447,4871495.0,756,F1,1,,,,,
2025-08-07,2025-08-07,CM,BSE,STK,542666,INE05QJ01015,GKP,B,,,,,G. K. P. Printing & Packaging,6.25,6.55,6.06,6.22,6.3,6.48,,6.22,,,29669,184671.0,109,F1,1,,,,,
2025-08-07,2025-08-07,CM,BSE,STK,542668,INE06TD01010,EVANS,MT,,,,,EVANS ELECTRIC LIMITED,175.0,175.0,173.0,173.0,173.0,171.0,,173.0,,,2000,348000.0,2,F1,1000,,,,,
2025-08-07,2025-08-07,CM,BSE,STK,542669,INE374E01021,BMW,B,,,,,BMW INDUSTRIES LIMITED,46.15,46.89,45.0,46.1,46.1,46.55,,46.1,,,122355,5623239.0,1245,F1,1,,,,,
2025-08-07,2025-08-07,CM,BSE,STK,542670,INE757T01025,AEPL,XT,,,,,Artemis Electricals and Projec,25.6,26.79,24.6,26.32,26.32,25.52,,26.32,,,41408,1077039.0,167,F1,1,,,,,
2025-08-07,2025-08-07,CM,BSE,STK,542678,INE05BN01019,CHCL,MT,,,,,Cian Healthcare Limited,3.28,3.28,3.16,3.16,3.16,3.22,,3.16,,,16000,51340.0,6,F1,2000,,,,,
2025-08-07,2025-08-07,CM,BSE,STK,542679,INE413F01016,DEL,XT,,,,,Dhanashree Electronics Limited,163.2,166.45,160.0,166.45,166.45,163.2,,166.45,,,22666,3655287.0,26,F1,1,,,,,
2025-08-07,2025-08-07,CM,BSE,STK,542682,INE01K301012,HARISH,X,,,,,Harish Textile Engineers Limit,54.25,65.6,54.25,57.57,57.57,57.18,,57.57,,,2893,169174.0,33,F1,1,,,,,
2025-08-07,2025-08-07,CM,BSE,STK,542684,INE050001010,PPL,B,,,,,Prakash Pipes Limited,362.55,364.55,354.95,356.15,356.6,359.4,,356.25,,,2740,982970.0,211,F1,1,,,,,
2025-08-07,2025-08-07,CM,BSE,STK,542685,INE03JI01017,DGCONTENT,T,,,,,Digicontent Limited,37.5,39.0,36.61,37.18,37.01,37.5,,38.57,,,1500,58055.0,19,F1,1,,,,,
2025-08-07,2025-08-07,CM,BSE,STK,542721,INE02GA01012,ARL,T,,,,,Anand Rayons Limited,292.8,295.0,285.15,294.5,295.0,293.25,,294.5,,,7768,2270271.0,63,F1,1,,,,,
2025-08-07,2025-08-07,CM,BSE,STK,542725,INE04AK01028,SBC,B,,,,,SBC EXPORTS LIMITED,17.52,17.85,17.52,17.79,17.77,17.7,,17.79,,,785410,13865084.0,570,F1,1,,,,,
2025-08-07,2025-08-07,CM,BSE,STK,542726,INE933S01016,INDIAMART,A,,,,,IndiaMART InterMESH Limited,2513.25,2580.1,2490.0,2563.2,2543.0,2513.65,,2560.2,,,1684,4233977.0,353,F1,1,,,,,
2025-08-07,2025-08-07,CM,BSE,STK,542727,INE056001014,CPML,M,,,,,CITY PULSE MULTIVENTURES LIMIT,2254.05,2355.0,2251.0,2290.55,2355.0,2307.15,,2290.55,,,700,1596285.0,7,F1,100,,,,,
2025-08-07,2025-08-07,CM,BSE,STK,542729,INE08KP01019,DCMNVL,B,,,,,DCM NOUVELLE LIMITED,179.65,198.35,175.0,179.95,178.0,179.35,,177.27,,,2572,483395.0,112,F1,1,,,,,
2025-08-07,2025-08-07,CM,BSE,STK,542730,INF109KC15I8,BANKIETF,B,,,,,ICICI Prudential Mutual Fund,56.2,56.93,56.2,56.82,56.82,56.77,,56.8,,,6885,388342.0,206,F1,1,,,,,
2025-08-07,2025-08-07,CM,BSE,STK,542747,INF204KB15D0,SNXT50BEES,A,,,,,NIPPON INDIA ETF SENSEX NEXT 5,85.8,86.5,85.21,86.25,86.5,85.84,,86.25,,,10705,918811.0,166,F1,1,,,,,
2025-08-07,2025-08-07,CM,BSE,STK,542752,INE00WC01027,AFFLE,A,,,,,AFFLE 3I LIMITED,1938.0,1955.75,1928.0,1948.9,1952.05,1950.7,,1949.9,,,7387,14358760.0,895,F1,1,,,,,
2025-08-07,2025-08-07,CM,BSE,STK,542758,INF109KC18U7,PVTBANIETF,B,,,,,ICICI Prudential Mutual Fund,26.91,27.11,26.83,27.11,27.11,27.02,,27.07,,,6449,173567.0,76,F1,1,,,,,
2025-08-07,2025-08-07,CM,BSE,STK,542759,INE572J01011,SPANDANA,B,,,,,Spandana Sphoorty Financial Li,242.3,255.05,242.3,252.95,252.05,242.3,,253.15,,,39010,9685847.0,1311,F1,1,,,,,
2025-08-07,2025-08-07,CM,BSE,STK,542760,INE00M201021,SWSOLAR,A,,,,,STERLING AND WILSON RENEWABLE,264.05,266.2,256.05,265.2,265.2,265.4,,265.15,,,162594,42472123.0,2357,F1,1,,,,,
2025-08-07,2025-08-07,CM,BSE,STK,542770,INE08E401029,ALPHALOGIC,B,,,,,Alphalogic Techsys Limited,87.8,94.1,86.0,89.49,89.0,87.66,,89.49,,,9036,796329.0,277,F1,1,,,,,
2025-08-07,2025-08-07,CM,BSE,STK,542772,INE466L01038,360ONE,A,,,,,360 ONE WAM LIMITED,1058.85,1068.4,1046.7,1064.95,1063.45,1056.55,,1065.4,,,10729,11345454.0,1120,F1,1,,,,,
2025-08-07,2025-08-07,CM,BSE,STK,542773,INE489L01022,IIFLCAPS,A,,,,,IIFL CAPITAL SERVICES LIMITED,302.5,312.45,299.9,301.9,302.6,305.75,,301.6,,,31703,9707669.0,1133,F1,1,,,,,
2025-08-07,2025-08-07,CM,BSE,STK,542774,INE08KJ01020,MUFIN,B,,,,,MUFIN GREEN FINANCE LIMITED,90.0,90.0,86.51,88.78,87.96,88.54,,88.74,,,10318,907829.0,155,F1,1,,,,,
2025-08-07,2025-08-07,CM,BSE,STK,542802,INE906Y01028,GALACTICO,B,,,,,Galactico Corporate Services L,2.41,2.45,2.37,2.42,2.42,2.4,,2.42,,,52921,126552.0,190,F1,1,,,,,
2025-08-07,2025-08-07,CM,BSE,STK,542803,INE560T01015,VEL,X,,,,,Vaxfab Enterprises Limited,18.36,18.4,17.55,18.0,18.0,18.19,,18.0,,,33607,608276.0,65,F1,1,,,,,
2025-08-07,2025-08-07,CM,BSE,STK,542812,INE09N301011,FLUOROCHEM,A,,,,,Gujarat Fluorochemicals Limite,3649.15,3649.15,3511.0,3591.05,3630.0,3637.9,,3592.0,,,4568,16321725.0,991,F1,1,,,,,
2025-08-07,2025-08-07,CM,BSE,STK,542830,INE335Y01020,IRCTC,A,,,,,Indian Railway Catering and To,724.3,728.95,716.2,727.15,727.15,729.45,,727.15,,,35665,25789645.0,1663,F1,1,,,,,
2025-08-07,2025-08-07,CM,BSE,STK,542850,INE492Z01018,GOBLIN,M,,,,,GOBLIN INDIA LIMITED,16.07,17.79,16.07,17.72,17.79,17.0,,17.72,,,12000,205320.0,6,F1,2000,,,,,
2025-08-07,2025-08-07,CM,BSE,STK,542852,INE430N01022,VISHWARAJ,B,,,,,Vishwaraj Sugar Industries Lim,9.29,9.29,8.9,8.96,8.99,8.98,,8.98,,,94316,849362.0,325,F1,1,,,,,
2025-08-07,2025-08-07,CM,BSE,STK,542857,INE08ZM01014,GREENPANEL,B,,,,,Greenpanel Industries Limited,271.15,272.7,265.7,268.95,270.0,271.65,,269.25,,,3053,823495.0,143,F1,1,,,,,
2025-08-07,2025-08-07,CM,BSE,STK,542862,INE052001026,SHAHLON,X,,,,,Shahlon Silk Industries Limite,18.44,18.44,17.21,17.78,17.9,18.08,,17.78,,,2000,35137.0,27,F1,1,,,,,
2025-08-07,2025-08-07,CM,BSE,STK,542863,INF209KB17D5,ABSLBANETF,B,,,,,Aditya Birla Sun Life Mutual F,57.77,57.77,55.99,56.46,56.58,56.64,,56.5,,,2178,122301.0,61,F1,1,,,,,
2025-08-07,2025-08-07,CM,BSE,STK,542865,INE490Z01012,ANUROOP,B,,,,,Anuroop Packaging Limited,19.69,21.1,19.1,19.36,19.36,19.07,,19.36,,,4572,91171.0,54,F1,1,,,,,
2025-08-07,2025-08-07,CM,BSE,STK,542866,INE317W01030,COLAB,XT,,,,,COLAB PLATFORMS LIMITED,61.49,61.49,61.49,61.49,61.49,60.29,,61.49,,,1736682,106788576.0,4404,F1,1,,,,,
2025-08-07,2025-08-07,CM,BSE,STK,542867,INE679A01013,CSBBANK,A,,,,,CSB Bank Limited,429.05,438.45,429.05,434.3,435.75,435.25,,434.35,,,16544,7189611.0,864,F1,1,,,,,
2025-08-07,2025-08-07,CM,BSE,STK,542904,INE551W01018,UJJIVANSFB,A,,,,,Ujjivan Small Finance Bank Lim,42.69,43.57,42.37,43.22,43.22,43.08,,43.24,,,476804,20467605.0,2446,F1,1,,,,,
2025-08-07,2025-08-07,CM,BSE,STK,542905,INE05AN01011,HINDWAREAP,B,,,,,Hindware Home Innovation Limit,275.55,288.15,275.5,286.95,286.95,283.5,,283.55,,,2321,654205.0,162,F1,1,,,,,
2025-08-07,2025-08-07,CM,BSE,STK,542906,INE771C01014,EASUN,XT,,,,,Easun Capital Markets Limited,46.2,46.2,46.2,46.2,46.2,44.0,,46.2,,,400,18480.0,2,F1,1,,,,,
2025-08-07,2025-08-07,CM,BSE,STK,542907,INE689W01016,PRINCEPIPE,B,,,,,Prince Pipes and Fittings Limi,305.55,314.7,293.3,297.95,297.95,325.6,,298.65,,,41925,12666245.0,1747,F1,1,,,,,
2025-08-07,2025-08-07,CM,BSE,STK,542909,INF754K01KO2,EBBETF0430,F,,,,,Edelweiss Mutual Fund,1530.25,1535.48,1528.61,1535.25,1535.48,1530.94,,1534.63,,,1909,2930421.0,22,F1,1,,,,,
2025-08-07,2025-08-07,CM,BSE,STK,542910,INE08RT01016,VALENCIA,TS,,,,,Valencia Nutrition Limited,65.5,65.55,65.5,65.55,65.55,65.5,,65.55,,,15000,982800.0,3,F1,3000,,,,,
2025-08-07,2025-08-07,CM,BSE,STK,542918,INE063601012,GIANLIFE,Z,,,,,Gian Life Care Limited,16.75,17.19,15.95,16.75,16.75,16.76,,16.75,,,41432,693378.0,45,F1,1,,,,,
2025-08-07,2025-08-07,CM,BSE,STK,542919,INE025R01021,ARTEMISMED,B,,,,,Artemis Medicare Services Limi,250.55,250.55,239.95,242.4,242.0,248.2,,242.19,,,5761,1401555.0,386,F1,1,,,,,
2025-08-07,2025-08-07,CM,BSE,STK,542920,INE258G01013,SUMICHEM,A,,,,,SUMITOMO CHEMICAL INDIA LIMITE,610.45,610.45,586.0,588.65,587.0,604.6,,589.1,,,25175,15024795.0,890,F1,1,,,,,
2025-08-07,2025-08-07,CM,BSE,STK,542921,INF109KC11W8,MIDCAPIETF,B,,,,,ICICI Prudential Mutual Fund,21.57,21.84,21.47,21.81,21.83,21.76,,21.8,,,57962,1255118.0,413,F1,1,,,,,
2025-08-07,2025-08-07,CM,BSE,STK,542922,INF769K01FN2,NEXT50,B,,,,,Mirae Asset Mutual Fund,677.98,680.5,671.38,680.5,680.5,677.74,,678.95,,,10116,6793276.0,78,F1,1,,,,,
2025-08-07,2025-08-07,CM,BSE,STK,542923,INE0BIW01023,TRANWAY21,TS,,,,,TRANWAY21 TECHNOLOGIES LIMITED,6.78,6.78,6.78,6.78,6.78,7.13,,6.78,,,10000,67800.0,1,F1,10000,,,,,
2025-08-07,2025-08-07,CM,BSE,STK,542933,INE03V001013,UNIVPHOTO,T,,,,,UNIVERSUS PHOTO IMAGINGS LIMIT,265.0,266.0,256.1,265.95,265.95,266.0,,257.9,,,353,92251.0,13,F1,1,,,,,
2025-08-07,2025-08-07,CM,BSE,STK,542938,INE117S01016,OCTAVIUSPL,X,,,,,Octavius Plantations Limited,50.92,50.92,47.0,47.0,47.0,48.5,,47.0,,,1587,74992.0,8,F1,1,,,,,
2025-08-07,2025-08-07,CM,BSE,STK,543064,INE03QK01018,COHANCE,A,,,,,Cohance Lifesciences Limited,975.2,975.2,919.55,931.95,948.0,935.95,,932.7,,,5037,4690893.0,428,F1,1,,,,,
2025-08-07,2025-08-07,CM,BSE,STK,543066,INE018E01016,SBICARD,A,,,,,SBI CARDS AND PAYMENT SERVICES,788.9,799.0,784.35,796.5,799.0,793.4,,796.5,,,32132,25452157.0,2781,F1,1,,,,,
2025-08-07,2025-08-07,CM,BSE,STK,543071,INF204KB10R1,07AGG,F,,,,,Nippon India Mutual Fund,19.08,19.08,16.11,16.54,16.55,17.36,,16.54,,,218,3656.0,23,F1,1,,,,,
2025-08-07,2025-08-07,CM,BSE,STK,543079,INF204KB16R8,07GPG,F,,,,,Nippon India Mutual Fund,5.48,5.48,4.5,5.32,5.32,4.99,,5.32,,,1326,5984.0,9,F1,1,,,,,
2025-08-07,2025-08-07,CM,BSE,STK,543092,INF204KB19O9,09GPG,F,,,,,Nippon India Mutual Fund,9.9,9.9,8.1,8.99,8.99,9.0,,8.99,,,223,1828.0,8,F1,1,,,,,
2025-08-07,2025-08-07,CM,BSE,STK,543099,INF789F1ARF0,UTCRFS2DGR,F,,,,,UTI Mutual Fund,153.48,153.48,125.78,139.92,140.49,139.75,,139.92,,,2099,271915.0,53,F1,1,,,,,
2025-08-07,2025-08-07,CM,BSE,STK,543108,INF789F1ARO2,UTCRFS2RQP,F,,,,,UTI Mutual Fund,164.43,164.43,164.43,164.43,164.43,182.69,,164.43,,,1,164.0,1,F1,1,,,,,
2025-08-07,2025-08-07,CM,BSE,STK,543110,INF789F1ARQ7,UTCRFS2RGR,F,,,,,UTI Mutual Fund,7.58,7.58,6.25,6.8,6.8,6.93,,6.8,,,1746,11120.0,25,F1,1,,,,,
2025-08-07,2025-08-07,CM,BSE,STK,543144,INF204KB11T5,08MPD,B,,,,,Nippon India Mutual Fund,8.04,8.04,6.85,7.35,7.35,7.38,,7.35,,,1359,9475.0,14,F1,1,,,,,
2025-08-07,2025-08-07,CM,BSE,STK,543150,INF204KB16S6,08GPG,B,,,,,Nippon India Mutual Fund,3.12,3.12,2.6,2.99,2.99,2.84,,2.99,,,15670,45034.0,104,F1,1,,,,,
2025-08-07,2025-08-07,CM,BSE,STK,543153,INF204KB18R4,08AGG,B,,,,,Nippon India Mutual Fund,86.69,86.69,86.69,86.69,86.69,78.81,,86.69,,,25,2167.0,1,F1,1,,,,,
2025-08-07,2025-08-07,CM,BSE,STK,543154,INF204KB18S2,08QPR,B,,,,,Nippon India Mutual Fund,1154.25,1154.25,1154.25,1154.25,1154.25,1282.5,,1154.25,,,3,3462.0,3,F1,1,,,,,
2025-08-07,2025-08-07,CM,BSE,STK,543161,INF204KB14P7,10AGG,F,,,,,Nippon India Mutual Fund,165.99,170.0,165.99,169.0,169.0,166.65,,169.0,,,131,22104.0,12,F1,1,,,,,
2025-08-07,2025-08-07,CM,BSE,STK,543165,INF204KB17P0,10ARD,F,,,,,Nippon India Mutual Fund,151.7,151.7,151.7,151.7,151.7,151.75,,151.7,,,10,1517.0,2,F1,1,,,,,
2025-08-07,2025-08-07,CM,BSE,STK,543167,INF204KB19P6,10GPG,F,,,,,Nippon India Mutual Fund,2.68,2.68,2.23,2.39,2.39,2.44,,2.39,,,4517,10561.0,18,F1,1,,,,,
2025-08-07,2025-08-07,CM,BSE,STK,543171,INE0BDU01028,ROJL,B,,,,,RO Jewels Limited,2.29,2.31,2.25,2.25,2.25,2.29,,2.25,,,119399,271568.0,173,F1,1,,,,,
2025-08-07,2025-08-07,CM,BSE,STK,543172,INE0CQB01010,COSPOWER,M,,,,,Cospower Engineering Limited,708.0,708.0,708.0,708.0,708.0,680.8,,708.0,,,250,177000.0,1,F1,250,,,,,
2025-08-07,2025-08-07,CM,BSE,STK,543173,INF204KB14U7,11DPR,B,,,,,Nippon India Mutual Fund,15.24,15.24,14.4,14.55,14.55,13.9,,14.55,,,111,1619.0,9,F1,1,,,,,
2025-08-07,2025-08-07,CM,BSE,STK,543174,INF204KB10U5,11GPG,B,,,,,Nippon India Mutual Fund,2.65,2.65,2.47,2.63,2.63,2.56,,2.63,,,6295,16300.0,45,F1,1,,,,,
2025-08-07,2025-08-07,CM,BSE,STK,543175,INF204KB15U4,11MPD,B,,,,,Nippon India Mutual Fund,3.55,3.55,3.07,3.25,3.25,3.23,,3.25,,,8346,27051.0,42,F1,1,,,,,
2025-08-07,2025-08-07,CM,BSE,STK,543176,INF204KB16U2,11MPR,B,,,,,Nippon India Mutual Fund,68.72,73.5,65.0,65.0,65.0,68.38,,65.0,,,118,7704.0,12,F1,1,,,,,
2025-08-07,2025-08-07,CM,BSE,STK,543177,INF204KB11U3,11QPD,B,,,,,Nippon India Mutual Fund,12.68,12.68,11.01,11.04,11.26,11.64,,11.04,,,1177,13221.0,54,F1,1,,,,,
2025-08-07,2025-08-07,CM,BSE,STK,543178,INF204KB12U1,11QPR,B,,,,,Nippon India Mutual Fund,2.84,2.84,2.84,2.84,2.84,2.59,,2.84,,,1,2.0,1,F1,1,,,,,
2025-08-07,2025-08-07,CM,BSE,STK,543181,INF204KB13T1,11AGG,B,,,,,Nippon India Mutual Fund,39.87,39.87,35.89,36.77,37.65,39.87,,36.77,,,1147,41487.0,41,F1,1,,,,,
2025-08-07,2025-08-07,CM,BSE,STK,543182,INF204KB18T0,11AMD,B,,,,,Nippon India Mutual Fund,51.88,51.88,43.02,46.5,46.5,47.27,,46.5,,,539,24209.0,14,F1,1,,,,,
2025-08-07,2025-08-07,CM,BSE,STK,543184,INF204KB14T9,11AQD,B,,,,,Nippon India Mutual Fund,0.39,0.39,0.39,0.39,0.39,0.36,,0.39,,,1,0.0,1,F1,1,,,,,
2025-08-07,2025-08-07,CM,BSE,STK,543186,INF204KB13U9,11DPD,B,,,,,Nippon India Mutual Fund,7.78,7.78,6.38,7.32,7.38,7.08,,7.32,,,3288,23466.0,42,F1,1,,,,,
2025-08-07,2025-08-07,CM,BSE,STK,543187,INE07Y701011,POWERINDIA,A,,,,,HITACHI ENERGY INDIA LIMITED,20419.95,21062.15,20200.0,20715.7,20715.7,20405.75,,20710.0,,,6253,129762544.0,2285,F1,1,,,,,
2025-08-07,2025-08-07,CM,BSE,STK,543193,INE0B1K01014,DJML,B,,,,,DJ Mediaprint & Logistics Limi,108.05,113.95,108.05,111.8,112.0,111.5,,111.14,,,9417,1034986.0,162,F1,1,,,,,
2025-08-07,2025-08-07,CM,BSE,STK,543207,INE06MM01016,NATURAL,X,,,,,Natural Biocon (India) Limited,9.97,9.97,9.33,9.34,9.34,9.82,,9.34,,,173663,1634237.0,245,F1,1,,,,,
2025-08-07,2025-08-07,CM,BSE,STK,543208,INE745R01024,REGIS,X,,,,,REGIS INDUSTRIES LIMITED,9.49,9.89,9.1,9.21,9.21,9.11,,9.21,,,296077,2760934.0,844,F1,1,,,,,
2025-08-07,2025-08-07,CM,BSE,STK,543209,INE0CRS01012,BILLWIN,M,,,,,Billwin Industries Limited,27.5,27.75,27.5,27.66,27.66,29.75,,27.66,,,9000,248730.0,3,F1,3000,,,,,
2025-08-07,2025-08-07,CM,BSE,STK,543210,INE09EO01013,AARTISURF,T,,,,,Aarti Surfactants Limited,509.4,509.5,509.4,509.4,509.4,536.2,,504.7,,,1384,705009.0,62,F1,1,,,,,
2025-08-07,2025-08-07,CM,BSE,STK,543211,INE0B9A01018,BONLON,T,,,,,BONLON INDUSTRIES LIMITED,39.29,39.29,36.55,37.23,37.25,37.52,,37.23,,,9702,371224.0,50,F1,1,,,,,
2025-08-07,2025-08-07,CM,BSE,STK,543212,INE02PY01013,BOROLTD,B,,,,,Borosil Limited,338.25,338.25,326.1,328.5,327.8,331.6,,328.65,,,3024,999192.0,198,F1,1,,,,,
2025-08-07,2025-08-07,CM,BSE,STK,543213,INE02A801020,ROSSARI,B,,,,,ROSSARI BIOTECH LIMITED,685.0,685.0,645.2,656.7,655.9,669.2,,657.35,,,3028,1978901.0,434,F1,1,,,,,
2025-08-07,2025-08-07,CM,BSE,STK,543214,INE07OG01012,NDRAUTO,B,,,,,NDR Auto Components Limited,946.0,975.8,946.0,970.65,965.4,964.3,,971.5,,,3752,3619315.0,431,F1,1,,,,,
2025-08-07,2025-08-07,CM,BSE,STK,543216,INF754K01LE1,EBBETF0431,F,,,,,Edelweiss Mutual Fund,1374.69,1375.0,1369.78,1372.16,1372.0,1375.13,,1373.35,,,801,1099904.0,31,F1,1,,,,,
2025-08-07,2025-08-07,CM,BSE,STK,543217,INE0CCU25019,MINDSPACE,IF,,,,,Mindspace Business Parks REIT,423.1,423.19,417.0,418.99,419.58,426.89,,419.67,,,6962,2921644.0,355,F1,1,,,,,
2025-08-07,2025-08-07,CM,BSE,STK,543218,INE05ST01028,SBGLP,B,,,,,SURATWWALA BUSINESS GROUP LIMI,41.82,44.08,40.0,40.96,41.37,41.04,,41.03,,,27674,1177356.0,251,F1,1,,,,,
2025-08-07,2025-08-07,CM,BSE,STK,543219,INF109KC17V7,ALPL30IETF,B,,,,,ICICI Prudential Mutual Fund,26.82,26.97,26.65,26.91,26.8,26.79,,26.91,,,62916,1688268.0,245,F1,1,,,,,
2025-08-07,2025-08-07,CM,BSE,STK,543220,INE027H01010,MAXHEALTH,A,,,,,Max Healthcare Institute Limit,1261.0,1271.0,1241.1,1267.3,1267.3,1272.05,,1265.9,,,30613,38389654.0,1921,F1,1,,,,,
2025-08-07,2025-08-07,CM,BSE,STK,543221,INF109KC16I6,ITIETF,B,,,,,ICICI Prudential Mutual Fund,37.42,38.03,37.31,37.85,37.87,37.58,,37.89,,,74968,2819738.0,321,F1,1,,,,,
2025-08-07,2025-08-07,CM,BSE,STK,543223,INE0CG601016,MAXIND,B,,,,,Max India Limited,203.0,206.45,200.3,203.7,204.2,206.8,,204.7,,,17653,3603631.0,979,F1,1,,,,,
2025-08-07,2025-08-07,CM,BSE,STK,543224,INF179KC1HY0,HDFCNIFBAN,B,,,,,HDFC Mutual Fund,56.26,57.38,55.77,57.05,57.34,56.83,,56.88,,,9235,524442.0,129,F1,1,,,,,
2025-08-07,2025-08-07,CM,BSE,STK,543226,INF789F1AUV1,UTIBANKETF,B,,,,,UTI Mutual Fund,57.54,57.54,56.34,57.07,57.3,57.14,,57.25,,,2429,138021.0,96,F1,1,,,,,
2025-08-07,2025-08-07,CM,BSE,STK,543227,INE419U01012,HAPPSTMNDS,A,,,,,Happiest Minds Technologies Li,592.0,595.35,589.1,594.4,594.4,592.05,,594.05,,,9359,5543803.0,462,F1,1,,,,,
2025-08-07,2025-08-07,CM,BSE,STK,543228,INE450U01017,ROUTE,A,,,,,Route Mobile Limited,875.0,880.55,865.2,875.9,875.9,878.35,,874.6,,,12264,10664337.0,1158,F1,1,,,,,
2025-08-07,2025-08-07,CM,BSE,STK,543229,INE412J01010,SAMRATFORG,X,,,,,Samrat Forgings Limited,290.0,290.0,290.0,290.0,290.0,290.0,,290.0,,,6,1740.0,3,F1,1,,,,,
2025-08-07,2025-08-07,CM,BSE,STK,543230,INE0ALI01010,ADVAIT,B,,,,,ADVAIT ENERGY TRANSITIONS LIMI,1920.0,1920.0,1851.0,1867.95,1867.95,1926.95,,1867.95,,,55540,103927026.0,4681,F1,1,,,,,
2025-08-07,2025-08-07,CM,BSE,STK,543232,INE596I01012,CAMS,A,,,,,Computer Age Management Servic,3786.0,3834.2,3737.55,3814.75,3814.75,3815.15,,3818.8,,,9971,37734118.0,1395,F1,1,,,,,
2025-08-07,2025-08-07,CM,BSE,STK,543233,INE03YM01018,CHEMCON,B,,,,,Chemcon Speciality Chemicals L,230.2,235.7,223.0,224.05,223.5,230.15,,224.02,,,34581,7868384.0,2779,F1,1,,,,,
2025-08-07,2025-08-07,CM,BSE,STK,543234,INE0BTM01013,SECMARK,T,,,,,Secmark Consultancy Limited,131.0,131.0,131.0,131.0,131.0,131.1,,133.43,,,180,23580.0,1,F1,1,,,,,
2025-08-07,2025-08-07,CM,BSE,STK,543235,INE732I01013,ANGELONE,A,,,,,ANGEL ONE LIMITED,2566.25,2651.05,2566.25,2641.85,2644.55,2609.8,,2642.0,,,12917,33692196.0,1358,F1,1,,,,,
2025-08-07,2025-08-07,CM,BSE,STK,543236,INE09KD01013,ATAM,B,,,,,Atam Valves Limited,91.0,94.13,90.71,91.66,91.6,90.5,,91.51,,,3960,364501.0,266,F1,1,,,,,
2025-08-07,2025-08-07,CM,BSE,STK,543237,INE249Z01020,MAZDOCK,A,,,,,Mazagon Dock Shipbuilders Limi,2761.05,2797.9,2721.05,2786.3,2786.3,2764.1,,2785.1,,,68517,189423216.0,5697,F1,1,,,,,
2025-08-07,2025-08-07,CM,BSE,STK,543238,INE094J01016,UTIAMC,A,,,,,UTI Asset Management Company L,1310.0,1345.8,1304.0,1341.35,1342.5,1315.65,,1340.9,,,9873,13047731.0,894,F1,1,,,,,
2025-08-07,2025-08-07,CM,BSE,STK,543239,INE0E2801015,GMPL,M,,,,,G M Polyplast Limited,88.5,88.5,88.5,88.5,88.5,88.62,,88.5,,,25200,2230200.0,36,F1,700,,,,,
2025-08-07,2025-08-07,CM,BSE,STK,543240,INE060901027,LIKHITHA,B,,,,,Likhitha Infrastructure Limite,266.05,274.9,264.95,270.55,273.0,268.25,,272.3,,,8727,2348297.0,368,F1,1,,,,,
2025-08-07,2025-08-07,CM,BSE,STK,543241,INE244W01010,VGIL,B,,,,,Veer Global Infraconstruction,137.1,137.7,137.0,137.7,137.7,136.45,,137.7,,,33,4525.0,3,F1,1,,,,,
2025-08-07,2025-08-07,CM,BSE,STK,543242,INE0AJG01018,HEMIPROP,B,,,,,Hemisphere Properties India Li,132.4,133.7,129.1,130.8,130.55,132.45,,130.84,,,115303,15133257.0,1325,F1,1,,,,,
2025-08-07,2025-08-07,CM,BSE,STK,543243,INE063P01018,EQUITASBNK,A,,,,,Equitas Small Finance Bank Lim,57.04,57.23,55.81,56.97,56.97,57.32,,56.92,,,198088,11158047.0,2099,F1,1,,,,,
2025-08-07,2025-08-07,CM,BSE,STK,543244,INE0BLY01023,SHINEFASH,MT,,,,,Shine Fashions (India) Limited,55.0,55.0,55.0,55.0,55.0,53.4,,55.0,,,4000,220000.0,1,F1,4000,,,,,
2025-08-07,2025-08-07,CM,BSE,STK,543245,INE068V01023,GLAND,A,,,,,Gland Pharma Limited,1949.95,1975.5,1926.65,1957.2,1952.8,1954.95,,1957.8,,,7982,15599945.0,847,F1,1,,,,,
2025-08-07,2025-08-07,CM,BSE,STK,543246,INF769K01GS9,ESG,B,,,,,Mirae Asset Mutual Fund,41.78,41.99,41.6,41.94,41.99,41.9,,41.92,,,37,1542.0,8,F1,1,,,,,
2025-08-07,2025-08-07,CM,BSE,STK,543248,INE07T201019,RBA,A,,,,,Restaurant Brands Asia Limited,80.51,82.02,78.6,81.72,81.92,80.55,,81.74,,,88331,7087239.0,799,F1,1,,,,,
2025-08-07,2025-08-07,CM,BSE,STK,543249,INE0EK901012,TARC,B,,,,,TARC LIMITED,161.1,170.0,161.1,168.05,167.0,170.25,,168.34,,,74311,12334114.0,1561,F1,1,,,,,
2025-08-07,2025-08-07,CM,BSE,STK,543250,INF247L01AK4,MOGSEC,F,,,,,Motilal Oswal Mutual Fund,62.4,62.4,62.4,62.4,62.4,62.4,,62.4,,,35,2184.0,3,F1,1,,,,,
2025-08-07,2025-08-07,CM,BSE,STK,543251,INE09E501017,RVHL,B,,,,,Ravinder Heights Limited,38.6,42.0,38.6,40.5,40.5,42.05,,41.56,,,1803,73478.0,82,F1,1,,,,,
2025-08-07,2025-08-07,CM,BSE,STK,543252,INE0DNW01011,FAIRCHEMOR,B,,,,,Fairchem Organics Limited,857.2,884.3,857.2,868.05,868.05,855.5,,872.6,,,157,137496.0,72,F1,1,,,,,
2025-08-07,2025-08-07,CM,BSE,STK,543253,INE495P01012,BECTORFOOD,A,,,,,Mrs. Bectors Food Specialities,1498.65,1534.9,1490.05,1512.4,1512.4,1530.85,,1500.8,,,3100,4681340.0,381,F1,1,,,,,
2025-08-07,2025-08-07,CM,BSE,STK,543254,INE01BK01022,AWHCL,B,,,,,Antony Waste Handling Cell Lim,600.75,601.9,583.0,590.6,596.0,595.0,,588.3,,,7121,4197861.0,854,F1,1,,,,,
2025-08-07,2025-08-07,CM,BSE,STK,543255,INF732E01268,INFRABEES,B,,,,,Nippon India Mutual Fund,925.01,937.67,917.0,928.57,936.9,931.0,,927.93,,,3178,2939324.0,190,F1,1,,,,,
2025-08-07,2025-08-07,CM,BSE,STK,543256,INE018S01016,RFLL,X,,,,,RITA FINANCE AND LEASING LIMIT,22.45,25.1,21.6,23.9,25.1,23.98,,23.9,,,4252,96958.0,27,F1,1,,,,,
2025-08-07,2025-08-07,CM,BSE,STK,543257,INE053F01010,IRFC,A,,,,,Indian Railway Finance Corpora,126.9,128.0,124.15,127.1,127.1,127.5,,127.24,,,698525,88033784.0,5811,F1,1,,,,,
2025-08-07,2025-08-07,CM,BSE,STK,543258,INE09VQ01012,INDIGOPNTS,A,,,,,Indigo Paints Limited,1195.65,1227.45,1195.65,1209.0,1216.3,1213.55,,1209.9,,,2750,3331086.0,399,F1,1,,,,,
2025-08-07,2025-08-07,CM,BSE,STK,543259,INE481N01025,HOMEFIRST,A,,,,,Home First Finance Company Ind,1230.0,1234.3,1202.75,1221.7,1234.3,1239.95,,1219.3,,,10674,12965722.0,1006,F1,1,,,,,
2025-08-07,2025-08-07,CM,BSE,STK,543260,INE00IN01015,STOVEKRAFT,B,,,,,STOVE KRAFT LIMITED,584.95,640.0,583.0,616.0,623.55,583.05,,615.7,,,95133,59258123.0,4313,F1,1,,,,,
2025-08-07,2025-08-07,CM,BSE,STK,543261,INE0FDU25010,BIRET,IF,,,,,Brookfield India Real Estate T,318.2,320.22,316.0,319.6,319.6,317.79,,319.35,,,8224,2621270.0,688,F1,1,,,,,
2025-08-07,2025-08-07,CM,BSE,STK,543262,INE0D7801012,MRP,M,,,,,MRP Agro Limited,104.0,104.0,95.0,101.0,101.0,98.6,,101.0,,,25000,2505450.0,23,F1,1000,,,,,
2025-08-07,2025-08-07,CM,BSE,STK,543263,INE103C01036,SMCGLOBAL,B,,,,,SMC Global Securities Limited,136.45,139.85,135.0,137.65,139.85,139.6,,139.57,,,3535,485890.0,96,F1,1,,,,,
2025-08-07,2025-08-07,CM,BSE,STK,543264,INE0DSF01015,NURECA,B,,,,,Nureca Limited,237.5,240.7,233.3,234.85,234.9,232.2,,235.8,,,865,205710.0,84,F1,1,,,,,
2025-08-07,2025-08-07,CM,BSE,STK,543265,INE0DD101019,RAILTEL,A,,,,,RailTel Corporation of India L,361.7,361.7,348.05,357.85,357.85,361.7,,357.85,,,65134,23066568.0,1242,F1,1,,,,,
2025-08-07,2025-08-07,CM,BSE,STK,543266,INE694N01015,HERANBA,B,,,,,Heranba Industries Limited,360.0,363.5,337.0,349.3,352.25,362.45,,349.15,,,18707,6459987.0,644,F1,1,,,,,
2025-08-07,2025-08-07,CM,BSE,STK,543267,INE179G01029,DAVANGERE,B,,,,,Davangere Sugar Company Limite,3.22,3.27,3.11,3.25,3.26,3.3,,3.25,,,563725,1798930.0,594,F1,1,,,,,
2025-08-07,2025-08-07,CM,BSE,STK,543268,INE03RS01027,DRCSYSTEMS,T,,,,,DRC Systems India Limited,17.45,17.59,16.45,17.27,17.47,16.98,,17.19,,,14690,252412.0,92,F1,1,,,,,
2025-08-07,2025-08-07,CM,BSE,STK,543270,INE864I01014,MTARTECH,A,,,,,MTAR Technologies Limited,1537.3,1549.95,1471.0,1489.05,1495.0,1551.85,,1488.6,,,22026,33004483.0,3007,F1,1,,,,,
2025-08-07,2025-08-07,CM,BSE,STK,543271,INE0BY001018,JUBLINGREA,A,,,,,Jubilant Ingrevia Limited,711.05,714.95,696.0,707.9,710.9,714.5,,708.3,,,12336,8687734.0,603,F1,1,,,,,
2025-08-07,2025-08-07,CM,BSE,STK,543272,INE07O001026,EASEMYTRIP,A,,,,,Easy Trip Planners Limited,9.33,9.34,9.1,9.23,9.23,9.34,,9.23,,,2465083,22674255.0,5398,F1,1,,,,,
2025-08-07,2025-08-07,CM,BSE,STK,543273,INE0CJD01011,KMEW,B,,,,,Knowledge Marine & Engineering,1658.0,1727.0,1645.95,1669.6,1680.95,1677.35,,1669.5,,,1450,2423993.0,215,F1,1,,,,,
2025-08-07,2025-08-07,CM,BSE,STK,543274,INE0EMB01015,SUUMAYA,MT,,,,,SUUMAYA CORPORATION LIMITED,2.49,2.5,2.39,2.39,2.39,2.49,,2.39,,,18900,45481.0,15,F1,450,,,,,
2025-08-07,2025-08-07,CM,BSE,STK,543275,INE930P01018,ANURAS,A,,,,,Anupam Rasayan India Limited,1130.0,1135.5,1079.4,1130.3,1119.15,1130.25,,1127.3,,,3247,3651996.0,187,F1,1,,,,,
2025-08-07,2025-08-07,CM,BSE,STK,543276,INE00LO01017,CRAFTSMAN,A,,,,,Craftsman Automation Limited,6297.1,6460.0,6297.1,6393.95,6460.0,6354.0,,6398.5,,,1712,10885520.0,569,F1,1,,,,,
2025-08-07,2025-08-07,CM,BSE,STK,543277,INE576O01020,LXCHEM,A,,,,,Laxmi Organic Industries Limit,180.6,185.45,180.15,184.9,184.85,184.7,,184.88,,,22085,4024569.0,676,F1,1,,,,,
2025-08-07,2025-08-07,CM,BSE,STK,543278,INE303R01014,KALYANKJIL,A,,,,,Kalyan Jewellers India Limited,587.8,599.7,569.8,590.75,590.75,589.0,,590.95,,,201414,117800154.0,4099,F1,1,,,,,
2025-08-07,2025-08-07,CM,BSE,STK,543279,INE428Q01011,SURYODAY,B,,,,,Suryoday Small Finance Bank Li,127.0,127.0,124.35,126.8,127.0,125.7,,126.79,,,11385,1430776.0,291,F1,1,,,,,
2025-08-07,2025-08-07,CM,BSE,STK,543280,INE418L01021,NAZARA,A,,,,,Nazara Technologies Limited,1379.95,1402.0,1366.1,1386.3,1386.3,1373.7,,1386.9,,,80268,111259299.0,2098,F1,1,,,,,
2025-08-07,2025-08-07,CM,BSE,STK,543281,INE018401013,SUVIDHAA,T,,,,,Suvidhaa Infoserve Limited,4.58,4.58,4.36,4.47,4.46,4.57,,4.43,,,28682,126982.0,132,F1,1,,,,,
2025-08-07,2025-08-07,CM,BSE,STK,543283,INE382M01027,BARBEQUE,B,,,,,BARBEQUE-NATION HOSPITALITY LI,250.05,253.85,246.4,250.8,251.7,251.7,,251.85,,,25557,6387510.0,800,F1,1,,,,,
2025-08-07,2025-08-07,CM,BSE,STK,543284,INE0CPR01018,EKI,T,,,,,EKI Energy Services Limited,113.2,118.0,112.75,113.5,113.5,118.65,,113.5,,,47914,5429149.0,849,F1,1,,,,,
2025-08-07,2025-08-07,CM,BSE,STK,543286,INE0D9X01018,JETMALL,MT,,,,,Jetmall Spices and Masala Limi,21.9,22.33,21.9,22.33,22.33,21.9,,22.33,,,18000,399360.0,3,F1,6000,,,,,
2025-08-07,2025-08-07,CM,BSE,STK,543287,INE670K01029,LODHA,A,,,,,Lodha Developers Limited,1206.15,1234.8,1201.4,1222.65,1225.0,1226.75,,1222.4,,,19745,24000889.0,1403,F1,1,,,,,
2025-08-07,2025-08-07,CM,BSE,STK,543288,INE0FHS01024,DEEPINDS,B,,,,,Deep Industries Limited,506.2,544.0,506.2,533.55,533.0,518.2,,533.2,,,48851,25700449.0,2545,F1,1,,,,,
2025-08-07,2025-08-07,CM,BSE,STK,543290,INE0GGX23010,PGINVIT,IF,,,,,POWERGRID Infrastructure Inves,94.29,94.5,93.65,94.15,94.15,94.41,,94.11,,,214032,20154075.0,1216,F1,1,,,,,
2025-08-07,2025-08-07,CM,BSE,STK,543291,INF769K01HF4,MAFANG,B,,,,,Mirae Asset Mutual Fund,154.86,154.86,154.86,154.86,154.86,156.18,,154.86,,,40478,6268423.0,178,F1,1,,,,,
2025-08-07,2025-08-07,CM,BSE,STK,543292,INF109KC1Q72,HEALTHIETF,B,,,,,ICICI Prudential Mutual Fund,145.43,147.12,143.87,146.11,147.12,145.29,,146.25,,,7773,1126207.0,205,F1,1,,,,,
2025-08-07,2025-08-07,CM,BSE,STK,543298,INE505Y01010,VINEETLAB,T,,,,,Vineet Laboratories Limited,33.32,33.32,32.66,32.66,32.66,33.32,,32.95,,,2750,90475.0,3,F1,1,,,,,
2025-08-07,2025-08-07,CM,BSE,STK,543299,INE810G01011,SHYAMMETL,A,,,,,Shyam Metalics and Energy Limi,947.5,975.3,947.0,965.8,958.85,946.45,,968.4,,,10439,10008486.0,631,F1,1,,,,,
2025-08-07,2025-08-07,CM,BSE,STK,543300,INE073K01018,SONACOMS,A,,,,,Sona BLW Precision Forgings Li,439.45,453.2,431.5,449.85,449.85,446.0,,448.9,,,116863,51608720.0,3485,F1,1,,,,,
2025-08-07,2025-08-07,CM,BSE,STK,543301,INF200KA1W75,SFMP45GR,F,,,,,SBI Mutual Fund,498.5,498.5,498.5,498.5,498.5,453.19,,498.5,,,1,498.0,1,F1,1,,,,,
2025-08-07,2025-08-07,CM,BSE,STK,543306,INE021O01019,DODLA,A,,,,,Dodla Dairy Limited,1298.5,1324.25,1298.5,1318.45,1316.75,1305.75,,1318.1,,,840,1103149.0,105,F1,1,,,,,
2025-08-07,2025-08-07,CM,BSE,STK,543308,INE967H01025,KIMS,A,,,,,Krishna Institute of Medical S,750.0,751.0,733.25,743.65,750.0,750.95,,743.05,,,205500,152416193.0,1886,F1,1,,,,,
2025-08-07,2025-08-07,CM,BSE,STK,543310,INE0B6101012,TIMESGREEN,MT,,,,,Times Green Energy (India) Lim,92.9,92.9,92.9,92.9,92.9,89.0,,92.9,,,2000,185800.0,1,F1,2000,,,,,
2025-08-07,2025-08-07,CM,BSE,STK,543311,INE0D6701023,IPL,B,,,,,India Pesticides Limited,217.3,226.1,210.35,223.15,224.5,218.15,,223.2,,,105918,23120306.0,2513,F1,1,,,,,
2025-08-07,2025-08-07,CM,BSE,STK,543312,INE0DXR01010,FOCUS,MT,,,,,Focus Business Solution Limite,104.7,104.7,104.7,104.7,104.7,99.75,,104.7,,,2133,223325.0,1,F1,2133,,,,,
2025-08-07,2025-08-07,CM,BSE,STK,543317,INE201P01022,GRINFRA,A,,,,,G R Infraprojects Limited,1220.0,1230.15,1203.2,1221.7,1217.55,1235.7,,1223.6,,,774,944432.0,81,F1,1,,,,,
2025-08-07,2025-08-07,CM,BSE,STK,543318,INE227W01023,CLEAN,A,,,,,Clean Science and Technology L,1198.0,1200.9,1174.2,1196.65,1196.65,1197.4,,1196.5,,,11509,13722131.0,1229,F1,1,,,,,
2025-08-07,2025-08-07,CM,BSE,STK,543320,INE758T01015,ETERNAL,A,,,,,Eternal Limited,292.0,303.2,290.35,301.8,301.8,298.9,,301.75,,,30436139,8942987787.0,216271,F1,1,,,,,
2025-08-07,2025-08-07,CM,BSE,STK,543321,INE0GK401011,TATVA,B,,,,,Tatva Chintan Pharma Chem Limi,1070.0,1095.2,1047.5,1075.5,1072.55,1074.25,,1075.6,,,12043,12864423.0,1130,F1,1,,,,,
2025-08-07,2025-08-07,CM,BSE,STK,543322,INE03Q201024,ALIVUS,A,,,,,ALIVUS LIFE SCIENCES LIMITED,956.35,956.35,925.0,935.8,930.0,951.1,,936.4,,,8728,8158473.0,716,F1,1,,,,,
2025-08-07,2025-08-07,CM,BSE,STK,543323,INF769K01HI8,BFSI,B,,,,,Mirae Asset Mutual Fund,27.35,27.35,27.03,27.25,27.31,27.22,,27.26,,,290353,7860031.0,162,F1,1,,,,,
2025-08-07,2025-08-07,CM,BSE,STK,543325,INE645S01016,ROLEXRINGS,B,,,,,Rolex Rings Limited,1352.05,1399.0,1352.05,1373.9,1390.0,1377.9,,1384.4,,,1458,1993424.0,264,F1,1,,,,,
2025-08-07,2025-08-07,CM,BSE,STK,543326,INF109KC19V3,FMCGIETF,B,,,,,ICICI Prudential Mutual Fund,58.9,59.09,58.61,59.0,59.0,58.91,,58.99,,,91060,5360226.0,502,F1,1,,,,,
2025-08-07,2025-08-07,CM,BSE,STK,543327,INE0GFE01026,EXXARO,T,,,,,Exxaro Tiles Limited,7.95,7.95,7.45,7.66,7.66,7.78,,7.6,,,37696,288348.0,224,F1,1,,,,,
2025-08-07,2025-08-07,CM,BSE,STK,543328,INE08LI01020,KRSNAA,B,,,,,Krsnaa Diagnostics Limited,833.7,843.75,823.2,834.3,838.65,836.5,,835.15,,,5046,4210596.0,496,F1,1,,,,,
2025-08-07,2025-08-07,CM,BSE,STK,543329,INE0H5O01029,WINDLAS,B,,,,,Windlas Biotech Limited,902.05,931.05,895.0,922.75,931.05,918.8,,921.9,,,3379,3095524.0,426,F1,1,,,,,
2025-08-07,2025-08-07,CM,BSE,STK,543330,INE872J01023,DEVYANI,A,,,,,Devyani International Limited,158.65,162.1,157.6,160.1,159.85,160.7,,159.99,,,33281,5320318.0,718,F1,1,,,,,
2025-08-07,2025-08-07,CM,BSE,STK,543331,INE0CT101020,MOL,B,,,,,Meghmani Organics Limited,86.03,87.72,84.81,87.12,87.26,86.79,,87.21,,,206178,17778946.0,1291,F1,1,,,,,
2025-08-07,2025-08-07,CM,BSE,STK,543332,INE071N01016,EPIGRAL,A,,,,,Epigral Limited,1823.0,1858.6,1810.0,1854.15,1852.8,1850.1,,1856.3,,,1811,3323368.0,268,F1,1,,,,,
2025-08-07,2025-08-07,CM,BSE,STK,543333,INE290S01011,CARTRADE,A,,,,,CarTrade Tech Limited,2089.9,2118.85,2034.45,2101.75,2101.75,2114.95,,2104.3,,,14838,30858903.0,1717,F1,1,,,,,
2025-08-07,2025-08-07,CM,BSE,STK,543334,INE118D01016,NUVOCO,A,,,,,Nuvoco Vistas Corporation Limi,429.0,436.05,426.35,429.55,431.3,434.6,,429.9,,,14881,6409144.0,1173,F1,1,,,,,
2025-08-07,2025-08-07,CM,BSE,STK,543335,INE852O01025,APTUS,A,,,,,Aptus Value Housing Finance In,345.8,348.45,336.8,339.65,339.5,346.2,,339.7,,,47219,16147292.0,1569,F1,1,,,,,
2025-08-07,2025-08-07,CM,BSE,STK,543336,INE488A01050,CHEMPLASTS,A,,,,,Chemplast Sanmar Limited,412.0,414.45,405.1,411.25,411.3,414.5,,410.95,,,2848,1166002.0,215,F1,1,,,,,
2025-08-07,2025-08-07,CM,BSE,STK,543341,INE647W01014,SHARPLINE,X,,,,,SHARPLINE BROADCAST LIMITED,11.81,12.98,11.81,12.93,12.98,11.8,,12.93,,,18442,236280.0,47,F1,1,,,,,
2025-08-07,2025-08-07,CM,BSE,STK,543347,INF846K01Y96,AXISTECETF,B,,,,,Axis Mutual Fund,373.5,383.56,371.43,380.15,383.56,373.15,,376.54,,,172,64807.0,12,F1,1,,,,,
2025-08-07,2025-08-07,CM,BSE,STK,543348,INF846K01Z12,AXISHCETF,B,,,,,Axis Mutual Fund,145.33,145.85,143.5,145.85,145.85,146.79,,145.27,,,345,49961.0,22,F1,1,,,,,
2025-08-07,2025-08-07,CM,BSE,STK,543349,INE00FF01025,ACUTAAS,A,,,,,ACUTAAS CHEMICALS LIMITED,1291.25,1310.2,1275.05,1294.65,1299.0,1315.3,,1294.8,,,8034,10379197.0,827,F1,1,,,,,
2025-08-07,2025-08-07,CM,BSE,STK,543350,INE043W01024,VIJAYA,A,,,,,Vijaya Diagnostic Centre Limit,1050.0,1063.2,1039.3,1057.55,1060.75,1053.0,,1058.1,,,5285,5563354.0,364,F1,1,,,,,
2025-08-07,2025-08-07,CM,BSE,STK,543352,INE0DTJ01015,POBS,M,,,,,PlatinumOne Business Services,149.0,149.0,121.1,121.1,121.1,149.0,,121.1,,,1200,162060.0,2,F1,600,,,,,
2025-08-07,2025-08-07,CM,BSE,STK,543357,INF846K016C7,AXISCETF,B,,,,,Axis Mutual Fund,120.68,120.68,119.49,120.32,120.32,120.9,,120.54,,,151,18099.0,11,F1,1,,,,,
2025-08-07,2025-08-07,CM,BSE,STK,543358,INE953O01021,SANSERA,A,,,,,Sansera Engineering Limited,1241.3,1277.65,1241.3,1274.85,1277.0,1270.3,,1272.1,,,3163,3978751.0,412,F1,1,,,,,
2025-08-07,2025-08-07,CM,BSE,STK,543363,INE0GAO01018,PREVEST,M,,,,,Prevest Denpro Limited,550.0,550.0,520.0,534.0,534.0,534.2,,534.0,,,7800,4142320.0,22,F1,200,,,,,
2025-08-07,2025-08-07,CM,BSE,STK,543364,INE0FW001016,MARKOLINES,B,,,,,Markolines Pavement Technologi,157.1,159.9,150.25,154.05,154.0,157.15,,154.05,,,49077,7662534.0,561,F1,1,,,,,
2025-08-07,2025-08-07,CM,BSE,STK,543365,INF769K01HP3,MASPTOP50,B,,,,,Mirae Asset Mutual Fund,63.02,63.02,61.82,62.53,62.66,62.41,,62.55,,,16571,1031392.0,215,F1,1,,,,,
2025-08-07,2025-08-07,CM,BSE,STK,543367,INE045601023,PARAS,A,,,,,Paras Defence and Space Techno,638.9,657.9,632.85,649.95,649.95,643.75,,649.7,,,112034,72348039.0,5842,F1,1,,,,,
2025-08-07,2025-08-07,CM,BSE,STK,543372,INE0H1201020,GETALONG,M,,,,,Getalong Enterprise Limited,11.89,11.89,11.89,11.89,11.89,13.21,,11.89,,,5000,59450.0,1,F1,5000,,,,,
2025-08-07,2025-08-07,CM,BSE,STK,543373,INE0HLJ01013,SVRL,M,,,,,Shri Venkatesh Refineries Limi,248.9,248.9,240.0,243.8,242.0,236.0,,243.8,,,6000,1462500.0,11,F1,500,,,,,
2025-08-07,2025-08-07,CM,BSE,STK,543374,INE404A01024,ABSLAMC,A,,,,,Aditya Birla Sun Life AMC Limi,850.75,867.5,843.65,854.8,856.15,853.6,,855.05,,,5862,5003075.0,512,F1,1,,,,,
2025-08-07,2025-08-07,CM,BSE,STK,543376,INE0GD201014,SAMOR,B,,,,,Samor Reality Limited,57.35,57.35,51.9,54.89,55.41,54.62,,54.89,,,3202,171730.0,56,F1,1,,,,,
2025-08-07,2025-08-07,CM,BSE,STK,543378,INE0H8H01019,CWD,TS,,,,,CWD Limited,1370.0,1385.0,1320.05,1384.0,1384.0,1380.0,,1384.0,,,700,956305.0,7,F1,100,,,,,
2025-08-07,2025-08-07,CM,BSE,STK,543383,INF109KC1V42,CONSUMIETF,B,,,,,ICICI Prudential Mutual Fund,121.16,121.5,120.36,121.33,121.27,121.15,,121.2,,,1353,163574.0,34,F1,1,,,,,
2025-08-07,2025-08-07,CM,BSE,STK,543384,INE388Y01029,NYKAA,A,,,,,FSN E-Commerce Ventures Limite,207.25,210.6,204.65,210.05,210.05,208.85,,209.9,,,89047,18436872.0,1928,F1,1,,,,,
2025-08-07,2025-08-07,CM,BSE,STK,543386,INE02NC01014,FINOPB,B,,,,,Fino Payments Bank Limited,246.5,249.05,239.65,244.4,244.4,248.35,,244.1,,,16111,3912006.0,496,F1,1,,,,,
2025-08-07,2025-08-07,CM,BSE,STK,543387,INE284S01014,SJS,A,,,,,S.J.S. Enterprises Limited,1149.25,1175.3,1135.6,1171.45,1168.95,1151.1,,1173.5,,,2856,3300542.0,370,F1,1,,,,,
2025-08-07,2025-08-07,CM,BSE,STK,543388,INF740KA1QK2,EQUAL50ADD,B,,,,,DSP Mutual Fund,318.21,319.76,316.76,319.76,319.76,319.5,,319.22,,,71,22585.0,4,F1,1,,,,,
2025-08-07,2025-08-07,CM,BSE,STK,543389,INE0D0K01022,SIGACHI,B,,,,,Sigachi Industries Limited,34.43,34.48,31.4,32.84,32.84,34.58,,32.7,,,2033834,65848157.0,8008,F1,1,,,,,
2025-08-07,2025-08-07,CM,BSE,STK,543390,INE417T01026,POLICYBZR,A,,,,,PB Fintech Limited,1739.4,1790.0,1727.65,1776.05,1788.1,1735.05,,1774.0,,,31575,55866592.0,3611,F1,1,,,,,
2025-08-07,2025-08-07,CM,BSE,STK,543391,INE07GA01011,SGFRL,M,,,,,Suyog Gurbaxani Funicular Rope,125.9,129.45,122.0,124.0,125.95,120.0,,124.0,,,5250,657187.0,7,F1,750,,,,,
2025-08-07,2025-08-07,CM,BSE,STK,543396,INE982J01020,PAYTM,A,,,,,One 97 Communications Limited,1055.2,1070.45,1048.85,1065.7,1065.7,1055.2,,1065.3,,,155353,164617207.0,4755,F1,1,,,,,
2025-08-07,2025-08-07,CM,BSE,STK,543397,INE806T01020,SAPPHIRE,A,,,,,Sapphire Foods India Limited,317.9,321.0,294.0,316.9,320.75,304.9,,317.4,,,28516,8768993.0,1146,F1,1,,,,,
2025-08-07,2025-08-07,CM,BSE,STK,543398,INE0I7C01011,LATENTVIEW,A,,,,,Latent View Analytics Limited,401.05,404.45,395.75,398.55,399.4,404.45,,398.45,,,8037,3214790.0,403,F1,1,,,,,
2025-08-07,2025-08-07,CM,BSE,STK,543399,INE144Z01023,TARSONS,B,,,,,Tarsons Products Limited,355.0,360.65,351.1,356.1,356.8,360.2,,356.95,,,1934,686637.0,338,F1,1,,,,,
2025-08-07,2025-08-07,CM,BSE,STK,543401,INE0BJS01011,GOCOLORS,A,,,,,Go Fashion (India) Limited,707.0,715.45,681.75,709.2,709.7,715.35,,711.15,,,9124,6369577.0,907,F1,1,,,,,
2025-08-07,2025-08-07,CM,BSE,STK,543410,INE07L501010,DMR,MT,,,,,DMR Hydroengineering & Infrast,154.0,154.0,147.0,147.0,147.0,154.55,,147.0,,,1500,225750.0,2,F1,750,,,,,
2025-08-07,2025-08-07,CM,BSE,STK,543411,INE106T01025,HITECH,B,,,,,HI-TECH PIPES LIMITED,89.46,89.46,86.72,87.96,87.96,89.33,,87.95,,,107560,9433559.0,1775,F1,1,,,,,
2025-08-07,2025-08-07,CM,BSE,STK,543412,INE575P01011,STARHEALTH,A,,,,,Star Health and Allied Insuran,430.4,436.45,425.9,434.3,433.25,430.0,,432.7,,,11290,4870026.0,717,F1,1,,,,,
2025-08-07,2025-08-07,CM,BSE,STK,543413,INE011K01018,TEGA,A,,,,,Tega Industries Limited,1809.95,1880.05,1788.35,1833.95,1839.0,1827.05,,1834.0,,,7081,12990458.0,827,F1,1,,,,,
2025-08-07,2025-08-07,CM,BSE,STK,543414,INF769K01HS7,MAHKTECH,B,,,,,Mirae Asset Mutual Fund,23.6,24.23,23.6,23.83,23.86,23.79,,23.82,,,129990,3119141.0,435,F1,1,,,,,
2025-08-07,2025-08-07,CM,BSE,STK,543415,INE463V01026,ANANDRATHI,A,,,,,Anand Rathi Wealth Limited,2624.95,2624.95,2574.25,2595.4,2589.7,2627.35,,2599.0,,,2618,6805157.0,360,F1,1,,,,,
2025-08-07,2025-08-07,CM,BSE,STK,543416,INE761Y01019,ZODIAC,T,,,,,Zodiac Energy Limited,452.0,452.0,430.0,435.35,435.35,437.25,,439.75,,,1930,840231.0,74,F1,1,,,,,
2025-08-07,2025-08-07,CM,BSE,STK,543417,INE0CLI01024,RATEGAIN,A,,,,,RateGain Travel Technologies L,420.25,443.1,417.1,439.15,440.75,427.75,,439.25,,,65023,28250366.0,3092,F1,1,,,,,
2025-08-07,2025-08-07,CM,BSE,STK,543418,INF754K01OB1,BBETF0432,F,,,,,Edelweiss Mutual Fund,1290.12,1290.12,1290.12,1290.12,1290.12,1290.96,,1290.75,,,7,9030.0,1,F1,1,,,,,
2025-08-07,2025-08-07,CM,BSE,STK,543419,INE217L01019,SHRIRAMPPS,B,,,,,Shriram Properties Limited,89.56,90.95,88.0,89.69,90.91,90.72,,89.9,,,70790,6306631.0,645,F1,1,,,,,
2025-08-07,2025-08-07,CM,BSE,STK,543420,INE982V01025,JETFREIGHT,B,,,,,Jet Freight Logistics Limited,13.54,13.72,13.51,13.6,13.59,13.53,,13.59,,,15068,204544.0,52,F1,1,,,,,
2025-08-07,2025-08-07,CM,BSE,STK,543425,INE0BV301023,MAPMYINDIA,A,,,,,C.E. Info Systems Limited,1748.95,1764.35,1734.65,1752.25,1760.5,1750.85,,1751.8,,,3281,5734864.0,404,F1,1,,,,,
2025-08-07,2025-08-07,CM,BSE,STK,543426,INE317I01021,METROBRAND,A,,,,,Metro Brands Limited,1184.95,1184.95,1113.5,1131.3,1131.0,1143.95,,1132.4,,,1000,1132492.0,187,F1,1,,,,,
2025-08-07,2025-08-07,CM,BSE,STK,543427,INE804L01022,MEDPLUS,A,,,,,Medplus Health Services Limite,819.4,850.0,816.05,837.5,850.0,830.85,,839.15,,,5443,4541765.0,616,F1,1,,,,,
2025-08-07,2025-08-07,CM,BSE,STK,543428,INE0IX101010,DATAPATTNS,A,,,,,Data Patterns (India) Limited,2571.05,2628.0,2549.6,2569.1,2590.0,2595.35,,2569.6,,,13264,34254779.0,1816,F1,1,,,,,
2025-08-07,2025-08-07,CM,BSE,STK,543433,INE0GSL01024,HPAL,B,,,,,HP Adhesives Limited,47.35,48.35,47.35,48.19,48.1,48.27,,48.09,,,14990,717037.0,359,F1,1,,,,,
2025-08-07,2025-08-07,CM,BSE,STK,543434,INE07RO01027,SUPRIYA,B,,,,,Supriya Lifescience Limited,659.95,671.85,655.35,662.55,664.3,655.3,,661.75,,,5120,3387417.0,357,F1,1,,,,,
2025-08-07,2025-08-07,CM,BSE,STK,543435,INE0JJS01014,CLARA,MT,,,,,CLARA INDUSTRIES LIMITED,39.9,40.0,39.9,40.0,40.0,40.0,,40.0,,,37350,1493170.0,9,F1,4150,,,,,
2025-08-07,2025-08-07,CM,BSE,STK,543437,INF247L01AU3,MONQ50,B,,,,,Motilal Oswal Mutual Fund,80.56,81.1,79.18,79.9,79.94,80.41,,79.84,,,16430,1312542.0,231,F1,1,,,,,
2025-08-07,2025-08-07,CM,BSE,STK,543438,INF740KA1QL0,MIDQ50ADD,B,,,,,DSP Mutual Fund,247.03,251.75,243.82,251.75,251.75,247.03,,248.24,,,220,54160.0,22,F1,1,,,,,
2025-08-07,2025-08-07,CM,BSE,STK,543440,INF740KA1CL0,NIFTY50ADD,B,,,,,DSP Mutual Fund,258.4,258.4,254.04,256.84,256.84,255.98,,256.16,,,568,144803.0,29,F1,1,,,,,
2025-08-07,2025-08-07,CM,BSE,STK,543441,INE925R01014,CMSINFO,A,,,,,CMS Info Systems Limited,432.55,448.8,429.9,447.6,447.6,435.6,,447.4,,,25237,11055038.0,1150,F1,1,,,,,
2025-08-07,2025-08-07,CM,BSE,STK,543442,INE977Y01011,BCONCEPTS,B,,,,,Brand Concepts Limited,325.65,325.65,320.25,320.8,320.5,327.55,,320.6,,,659,212480.0,125,F1,1,,,,,
2025-08-07,2025-08-07,CM,BSE,STK,543443,INE0E4I01027,ASCENSIVE,TS,,,,,Ascensive Educare Limited,18.7,19.04,18.5,19.04,19.04,18.16,,19.04,,,220000,4165500.0,11,F1,10000,,,,,
2025-08-07,2025-08-07,CM,BSE,STK,543449,INE02WG01024,WEL,B,,,,,WONDER ELECTRICALS LIMITED,164.9,164.9,157.3,159.8,160.0,159.4,,159.44,,,5375,858085.0,114,F1,1,,,,,
2025-08-07,2025-08-07,CM,BSE,STK,543450,INF109KC10V2,AUTOIETF,B,,,,,ICICI Prudential Mutual Fund,24.28,24.49,24.08,24.44,24.44,24.38,,24.42,,,39222,952063.0,217,F1,1,,,,,
2025-08-07,2025-08-07,CM,BSE,STK,543451,INE583L01014,AGSTRA,T,,,,,AGS TRANSACT TECHNOLOGIES LIMI,5.25,5.25,5.25,5.25,5.25,5.15,,5.27,,,7080,37170.0,4,F1,1,,,,,
2025-08-07,2025-08-07,CM,BSE,STK,543452,INF109KC1Y56,SILVERIETF,E,,,,,ICICI Prudential Mutual Fund,114.43,115.37,114.02,115.04,115.04,113.46,,115.26,,,72082,8267415.0,515,F1,1,,,,,
2025-08-07,2025-08-07,CM,BSE,STK,543454,INF769K01IB1,MAKEINDIA,B,,,,,Mirae Asset Mutual Fund,143.09,143.75,141.28,143.18,143.75,143.4,,143.37,,,2039,289819.0,101,F1,1,,,,,
2025-08-07,2025-08-07,CM,BSE,STK,543458,INE699H01024,AWL,A,,,,,AWL AGRI BUSINESS LIMITED,252.3,252.5,247.25,250.75,250.75,252.95,,250.7,,,164504,41091638.0,3846,F1,1,,,,,
2025-08-07,2025-08-07,CM,BSE,STK,543462,INE060X01026,DEVIT,B,,,,,DEV INFORMATION TECHNOLOGY LIM,110.95,112.1,108.3,109.55,110.25,110.95,,108.82,,,8095,891249.0,297,F1,1,,,,,
2025-08-07,2025-08-07,CM,BSE,STK,543463,INE825V01034,MANYAVAR,A,,,,,Vedant Fashions Limited,731.45,734.8,724.85,733.25,732.55,734.2,,732.05,,,1897,1385392.0,189,F1,1,,,,,
2025-08-07,2025-08-07,CM,BSE,STK,543464,INE0JSJ01014,SPITZE,M,,,,,Maruti Interior Products Limit,92.0,92.0,92.0,92.0,92.0,97.8,,92.0,,,1000,92000.0,1,F1,1000,,,,,
2025-08-07,2025-08-07,CM,BSE,STK,543465,INF247L01BK2,MOMOMENTUM,B,,,,,Motilal Oswal Mutual Fund,60.91,61.3,60.5,61.23,61.3,60.91,,61.06,,,1486,90295.0,41,F1,1,,,,,
2025-08-07,2025-08-07,CM,BSE,STK,543470,INE728Z01015,SOFTTECH,B,,,,,SoftTech Engineers Limited,386.0,387.05,375.0,379.9,379.9,384.05,,382.2,,,867,333756.0,62,F1,1,,,,,
2025-08-07,2025-08-07,CM,BSE,STK,543471,INF209KB19F6,SILVER,E,,,,,Aditya Birla Sun Life Mutual F,114.5,115.54,114.5,115.35,115.31,113.61,,115.33,,,24627,2825505.0,264,F1,1,,,,,
2025-08-07,2025-08-07,CM,BSE,STK,543472,INF209KB11D8,TECH,B,,,,,Aditya Birla Sun Life Mutual F,36.73,37.28,36.55,37.01,37.0,36.74,,37.0,,,2389,87864.0,41,F1,1,,,,,
2025-08-07,2025-08-07,CM,BSE,STK,543473,INF209KB10C2,HEALTHY,B,,,,,Aditya Birla Sun Life Mutual F,14.68,14.74,14.5,14.69,14.64,14.66,,14.71,,,22796,332909.0,242,F1,1,,,,,
2025-08-07,2025-08-07,CM,BSE,STK,543474,INF209KB19D1,BSLNIFTY,B,,,,,Aditya Birla Sun Life Mutual F,28.59,28.59,28.21,28.35,28.58,28.54,,28.43,,,38778,1100397.0,621,F1,1,,,,,
2025-08-07,2025-08-07,CM,BSE,STK,543481,INF769K01IC9,MIDCAPETF,B,,,,,Mirae Asset Mutual Fund,21.45,21.55,21.15,21.51,21.51,21.48,,21.49,,,603954,12872361.0,1508,F1,1,,,,,
2025-08-07,2025-08-07,CM,BSE,STK,543482,INE0KCE01017,EUREKAFORB,A,,,,,Eureka Forbes Limited,566.3,567.6,558.5,563.5,567.6,572.55,,564.0,,,2823,1588331.0,238,F1,1,,,,,
2025-08-07,2025-08-07,CM,BSE,STK,543489,INE079J01017,GATEWAY,B,,,,,Gateway Distriparks Limited,65.51,66.08,64.02,65.86,65.83,66.14,,65.68,,,78126,5088488.0,1196,F1,1,,,,,
2025-08-07,2025-08-07,CM,BSE,STK,543490,INE0CU601026,GMRP&UI,A,,,,,GMR Power and Urban Infra Limi,109.1,115.25,105.65,114.95,115.0,109.3,,114.58,,,234104,26566319.0,875,F1,1,,,,,
2025-08-07,2025-08-07,CM,BSE,STK,543497,INE0KQ001017,BCCL,MT,,,,,Bhatia Colour Chem Limited,303.0,309.0,303.0,308.25,309.0,306.45,,308.25,,,8800,2699440.0,11,F1,800,,,,,
2025-08-07,2025-08-07,CM,BSE,STK,543498,INE0FS801015,MSUMI,A,,,,,Motherson Sumi Wiring India Li,38.26,38.75,37.82,38.3,38.36,38.44,,38.28,,,233669,8942685.0,1162,F1,1,,,,,
2025-08-07,2025-08-07,CM,BSE,STK,543499,INE0K1401020,ACHYUT,M,,,,,Achyut Healthcare Limited,4.03,4.42,4.03,4.42,4.42,4.21,,4.42,,,346500,1425690.0,4,F1,31500,,,,,
2025-08-07,2025-08-07,CM,BSE,STK,543500,INE0JVD01011,EVOQ,MT,,,,,Evoq Remedies Limited,4.06,4.13,4.06,4.06,4.06,3.98,,4.06,,,20000,81480.0,5,F1,4000,,,,,
2025-08-07,2025-08-07,CM,BSE,STK,543501,INF247L01BL0,MOLOWVOL,B,,,,,Motilal Oswal Mutual Fund,37.05,37.17,36.97,37.17,37.17,37.2,,37.02,,,1003,37161.0,15,F1,1,,,,,
2025-08-07,2025-08-07,CM,BSE,STK,543512,INE652Z01017,AVROIND,B,,,,,Avro India Limited,160.45,160.95,156.4,157.0,156.95,159.3,,158.17,,,984,155675.0,84,F1,1,,,,,
2025-08-07,2025-08-07,CM,BSE,STK,543513,INE0GIU01018,UMAEXPORTS,T,,,,,Uma Exports Limited,44.5,44.7,42.8,42.94,43.0,45.0,,42.82,,,4981,215580.0,156,F1,1,,,,,
2025-08-07,2025-08-07,CM,BSE,STK,543514,INE0IQ001011,VERANDA,B,,,,,Veranda Learning Solutions Lim,227.05,236.6,225.85,234.6,234.45,229.4,,234.78,,,19984,4614347.0,488,F1,1,,,,,
2025-08-07,2025-08-07,CM,BSE,STK,543515,INE0KPY01017,SEML,MT,,,,,Sunrise Efficient Marketing Li,215.8,216.9,215.8,216.15,216.25,215.85,,216.15,,,8250,1781887.0,9,F1,750,,,,,
2025-08-07,2025-08-07,CM,BSE,STK,543516,INE0K5F01014,DHYAANITR,M,,,,,DHYAANI TRADEVENTTURES LIMITED,12.79,12.79,11.07,11.33,11.23,12.3,,11.33,,,50400,577444.0,18,F1,2800,,,,,
2025-08-07,2025-08-07,CM,BSE,STK,543517,INE00EV01017,HARIOMPIPE,B,,,,,Hariom Pipe Industries Limited,429.8,448.0,415.75,442.0,441.55,425.15,,444.4,,,17011,7280706.0,862,F1,1,,,,,
2025-08-07,2025-08-07,CM,BSE,STK,543519,INE0JMN01019,SFSL,MT,,,,,Shashwat Furnishing Solutions,68.9,68.9,68.82,68.82,68.82,72.38,,68.82,,,30000,2065980.0,10,F1,3000,,,,,
2025-08-07,2025-08-07,CM,BSE,STK,543520,INE0J2K01014,GLHRL,MT,,,,,Global Longlife Hospital and R,22.0,22.0,21.85,21.85,21.85,23.0,,21.85,,,4000,87700.0,4,F1,1000,,,,,
2025-08-07,2025-08-07,CM,BSE,STK,543522,INE0E5R01017,NVENTURES,M,,,,,Nanavati Ventures Limited,110.0,110.0,110.0,110.0,110.0,111.1,,110.0,,,3000,330000.0,1,F1,1500,,,,,
2025-08-07,2025-08-07,CM,BSE,STK,543523,INE278Y01022,CAMPUS,A,,,,,Campus Activewear Limited,265.0,265.0,257.95,262.25,265.0,264.85,,262.25,,,8782,2293337.0,428,F1,1,,,,,
2025-08-07,2025-08-07,CM,BSE,STK,543524,INE961O01016,RAINBOW,A,,,,,Rainbow Children's Medicare Li,1528.95,1528.95,1464.0,1483.3,1485.7,1483.7,,1483.1,,,3499,5180608.0,443,F1,1,,,,,
2025-08-07,2025-08-07,CM,BSE,STK,543525,INE625X01018,SILVERTUC,B,,,,,Silver Touch Technologies Limi,730.95,753.15,729.15,750.2,752.0,728.65,,749.85,,,337,249599.0,54,F1,1,,,,,
2025-08-07,2025-08-07,CM,BSE,STK,543526,INE0J1Y01017,LICI,A,,,,,LIFE INSURANCE CORPORATION OF,893.0,896.95,873.85,885.45,885.45,892.7,,885.0,,,33357,29440447.0,1581,F1,1,,,,,
2025-08-07,2025-08-07,CM,BSE,STK,543527,INE00F201020,PRUDENT,A,,,,,Prudent Corporate Advisory Ser,2637.0,2739.9,2606.55,2719.1,2703.5,2636.95,,2721.8,,,4172,11167431.0,880,F1,1,,,,,
2025-08-07,2025-08-07,CM,BSE,STK,543528,INE0JA001018,VENUSPIPES,A,,,,,Venus Pipes & Tubes Limited,1330.95,1330.95,1276.7,1314.9,1315.0,1328.35,,1315.3,,,4834,6310439.0,610,F1,1,,,,,
2025-08-07,2025-08-07,CM,BSE,STK,543529,INE148O01028,DELHIVERY,A,,,,,Delhivery Limited,452.15,468.0,452.15,465.9,465.9,455.1,,465.75,,,273621,126111030.0,6894,F1,1,,,,,
2025-08-07,2025-08-07,CM,BSE,STK,543530,INE088F01024,PARADEEP,A,,,,,Paradeep Phosphates Limited,230.95,231.65,221.85,223.75,223.95,231.45,,224.31,,,614351,139285308.0,4853,F1,1,,,,,
2025-08-07,2025-08-07,CM,BSE,STK,543531,INE05CY01014,TIERRA,X,,,,,Tierra Agrotech Limited,40.56,41.49,37.55,41.45,41.45,40.37,,41.45,,,586,23036.0,28,F1,1,,,,,
2025-08-07,2025-08-07,CM,BSE,STK,543532,INE04TZ01018,ETHOSLTD,A,,,,,ETHOS LIMITED,2840.0,2870.45,2779.25,2813.35,2817.0,2845.65,,2816.7,,,753,2126594.0,189,F1,1,,,,,
2025-08-07,2025-08-07,CM,BSE,STK,543533,INE01QM01018,EMUDHRA,A,,,,,eMudhra Limited,769.85,783.05,754.5,767.65,778.25,764.4,,770.8,,,2094,1595192.0,234,F1,1,,,,,
2025-08-07,2025-08-07,CM,BSE,STK,543534,INE0BWX01014,AETHER,A,,,,,Aether Industries Limited,750.0,755.7,739.25,748.6,748.6,758.75,,748.35,,,6191,4622616.0,852,F1,1,,,,,
2025-08-07,2025-08-07,CM,BSE,STK,543535,INE082W01014,WEWIN,B,,,,,We Win Limited,50.0,54.15,49.1,51.94,51.94,49.23,,51.71,,,7214,377453.0,330,F1,1,,,,,
2025-08-07,2025-08-07,CM,BSE,STK,543539,INE0L0L01012,MODIS,M,,,,,MODI'S NAVNIRMAN LIMITED,270.0,274.0,269.0,274.0,274.0,273.0,,274.0,,,1200,325200.0,3,F1,400,,,,,
2025-08-07,2025-08-07,CM,BSE,STK,543540,INE0GTX01019,PGCRL,MT,,,,,Pearl Green Clubs and Resorts,137.35,142.95,137.35,142.95,142.95,140.15,,142.95,,,48000,6616320.0,16,F1,600,,,,,
2025-08-07,2025-08-07,CM,BSE,STK,543542,INE0L1C01019,KESAR,M,,,,,KESAR INDIA LIMITED,691.5,691.5,671.0,671.0,671.0,691.5,,671.0,,,400,272500.0,2,F1,200,,,,,
2025-08-07,2025-08-07,CM,BSE,STK,543543,INE0IZQ01016,BRRL,M,,,,,B-RIGHT REALESTATE LIMITED,280.0,280.0,280.0,280.0,280.0,279.75,,280.0,,,400,112000.0,1,F1,400,,,,,
2025-08-07,2025-08-07,CM,BSE,STK,543544,INE0KR801019,JAYANT,MT,,,,,JAYANT INFRATECH LIMITED,78.85,79.1,78.85,79.1,79.1,80.4,,79.1,,,3000,236850.0,4,F1,750,,,,,
2025-08-07,2025-08-07,CM,BSE,STK,543545,INE0ID001024,VEERKRUPA,M,,,,,Veerkrupa Jewellers Limited,0.94,0.95,0.91,0.95,0.95,0.96,,0.95,,,133600,124415.0,8,F1,16700,,,,,
2025-08-07,2025-08-07,CM,BSE,STK,543546,INE0L3501015,HEALTHYLIFE,M,,,,,HEALTHY LIFE AGRITEC LIMITED,50.52,54.86,50.52,54.43,54.86,53.0,,54.43,,,20000,1043880.0,10,F1,2000,,,,,
2025-08-07,2025-08-07,CM,BSE,STK,543547,INE0HR601026,DDEVPLSTIK,B,,,,,DDEV PLASTIKS INDUSTRIES LIMIT,285.0,288.0,278.85,283.1,283.9,287.4,,281.3,,,19440,5510921.0,823,F1,1,,,,,
2025-08-07,2025-08-07,CM,BSE,STK,543563,INF247L01BB1,MOHEALTH,B,,,,,Motilal Oswal Mutual Fund,44.37,44.48,43.13,44.2,44.23,44.1,,44.17,,,49674,2153160.0,177,F1,1,,,,,
2025-08-07,2025-08-07,CM,BSE,STK,543568,INF109KC17C7,MOM30IETF,B,,,,,ICICI Prudential Mutual Fund,30.52,30.7,30.33,30.65,30.69,30.56,,30.62,,,148687,4529122.0,515,F1,1,,,,,
2025-08-07,2025-08-07,CM,BSE,STK,543569,INF179KC1HR4,HDFCNIF100,B,,,,,HDFC Mutual Fund,25.61,26.07,25.6,25.99,25.99,25.87,,25.88,,,7085,182479.0,97,F1,1,,,,,
2025-08-07,2025-08-07,CM,BSE,STK,543570,INF179KC1HS2,HDFCNEXT50,B,,,,,HDFC Mutual Fund,67.14,67.63,66.62,67.61,67.4,67.26,,67.46,,,7471,500972.0,160,F1,1,,,,,
2025-08-07,2025-08-07,CM,BSE,STK,543571,INF109KC16E5,INFRAIETF,B,,,,,ICICI Prudential Mutual Fund,91.8,92.72,91.19,92.49,92.72,92.43,,92.48,,,1689,155210.0,55,F1,1,,,,,
2025-08-07,2025-08-07,CM,BSE,STK,543572,INF740KA1RE3,SILVERADD,E,,,,,DSP Mutual Fund,110.78,111.8,110.62,111.3,111.5,109.75,,111.44,,,13668,1517038.0,70,F1,1,,,,,
2025-08-07,2025-08-07,CM,BSE,STK,543573,INE0DYJ01015,SYRMA,A,,,,,Syrma SGS Technology Limited,714.4,724.0,705.0,710.95,710.95,721.1,,710.4,,,60365,43068691.0,2696,F1,1,,,,,
2025-08-07,2025-08-07,CM,BSE,STK,543574,INF209KB15K4,NIFTYQLITY,B,,,,,Aditya Birla Sun Life Mutual F,20.92,20.97,20.77,20.89,20.92,20.85,,20.97,,,2899,60522.0,35,F1,1,,,,,
2025-08-07,2025-08-07,CM,BSE,STK,543575,INF209KB14K7,MOMENTUM,B,,,,,Aditya Birla Sun Life Mutual F,30.43,30.88,30.1,30.67,30.88,30.48,,30.56,,,10178,310120.0,101,F1,1,,,,,
2025-08-07,2025-08-07,CM,BSE,STK,543576,INF247L01BE5,MOVALUE,B,,,,,Motilal Oswal Mutual Fund,100.04,100.54,98.3,100.31,100.54,100.29,,100.2,,,14199,1407910.0,281,F1,1,,,,,
2025-08-07,2025-08-07,CM,BSE,STK,543577,INF247L01BH8,MOQUALITY,B,,,,,Motilal Oswal Mutual Fund,188.9,188.9,187.4,187.8,187.8,188.56,,187.93,,,334,62743.0,8,F1,1,,,,,
2025-08-07,2025-08-07,CM,BSE,STK,543578,INE0M3901015,OLATECH,M,,,,,Olatech Solutions Limited,217.0,217.0,210.0,217.0,217.0,213.85,,217.0,,,2775,595700.0,3,F1,925,,,,,
2025-08-07,2025-08-07,CM,BSE,STK,543579,INE0JNB01012,NATURO,M,,,,,NATURO INDIABULL LIMITED,3.97,3.97,3.42,3.55,3.55,3.98,,3.55,,,20000,75160.0,4,F1,4000,,,,,
2025-08-07,2025-08-07,CM,BSE,STK,543590,INE0KKN01029,RHETAN,B,,,,,Rhetan TMT Limited,17.24,17.24,16.91,17.01,17.09,17.06,,17.01,,,240461,4098314.0,547,F1,1,,,,,
2025-08-07,2025-08-07,CM,BSE,STK,543591,INE0JS101016,DREAMFOLKS,T,,,,,DREAMFOLKS SERVICES LIMITED,127.7,130.0,122.25,124.35,126.75,127.7,,124.72,,,36918,4631375.0,1036,F1,1,,,,,
2025-08-07,2025-08-07,CM,BSE,STK,543592,INF179KC1DI2,HDFCSILVER,E,,,,,HDFC Mutual Fund,110.58,111.5,110.07,110.96,111.5,109.5,,111.12,,,90495,10028448.0,480,F1,1,,,,,
2025-08-07,2025-08-07,CM,BSE,STK,543593,INE0I3401014,DBOL,B,,,,,Dhampur Bio Organics Limited,74.98,77.0,74.0,76.4,77.0,74.61,,76.64,,,7163,542864.0,207,F1,1,,,,,
2025-08-07,2025-08-07,CM,BSE,STK,543594,INE0MC401013,DPL,MT,,,,,DIPNA PHARMACHEM LIMITED,21.42,21.42,20.35,20.83,20.36,21.42,,20.83,,,24000,500910.0,8,F1,3000,,,,,
2025-08-07,2025-08-07,CM,BSE,STK,543595,INE0D2I01014,EPBIO,M,,,,,EP BIOCOMPOSITES LIMITED,133.0,133.0,133.0,133.0,133.0,122.4,,133.0,,,500,66500.0,1,F1,500,,,,,
2025-08-07,2025-08-07,CM,BSE,STK,543596,INE668A01016,TMB,A,,,,,Tamilnad Mercantile Bank Limit,426.3,433.95,426.3,432.05,432.05,431.95,,431.35,,,6831,2940481.0,765,F1,1,,,,,
2025-08-07,2025-08-07,CM,BSE,STK,543597,INE0I0T01010,VOEPL,M,,,,,Virtuoso Optoelectronics Limit,524.9,539.95,519.8,532.35,533.0,526.3,,532.35,,,15000,7903675.0,56,F1,250,,,,,
2025-08-07,2025-08-07,CM,BSE,STK,543599,INE0D6I01023,KSOLVES,B,,,,,Ksolves India Limited,315.0,319.9,315.0,318.05,317.55,320.8,,318.15,,,7835,2481968.0,581,F1,1,,,,,
2025-08-07,2025-08-07,CM,BSE,STK,543600,INE0JUS01029,HARSHA,B,,,,,Harsha Engineers International,410.55,422.65,410.55,416.25,416.0,418.6,,416.1,,,6423,2665960.0,424,F1,1,,,,,
2025-08-07,2025-08-07,CM,BSE,STK,543605,INF179KC1DL6,HDFCQUAL,B,,,,,HDFC Mutual Fund,56.33,57.13,55.69,56.84,56.76,56.35,,56.64,,,6395,358312.0,100,F1,1,,,,,
2025-08-07,2025-08-07,CM,BSE,STK,543606,INE0M8901010,CONTAINE,MT,,,,,CONTAINE TECHNOLOGIES LIMITED,36.4,37.27,36.39,36.57,37.27,38.3,,36.57,,,14000,510860.0,14,F1,1000,,,,,
2025-08-07,2025-08-07,CM,BSE,STK,543607,INF179KC1DJ0,HDFCGROWTH,B,,,,,HDFC Mutual Fund,118.03,118.55,115.74,117.55,117.55,118.17,,117.6,,,6810,793334.0,251,F1,1,,,,,
2025-08-07,2025-08-07,CM,BSE,STK,543608,INF179KC1DK8,HDFCVALUE,B,,,,,HDFC Mutual Fund,129.0,129.6,128.55,129.6,129.6,129.35,,129.82,,,1629,210322.0,20,F1,1,,,,,
2025-08-07,2025-08-07,CM,BSE,STK,543613,INE0KQQ01011,MAFIA,M,,,,,MAFIA TRENDS LIMITED,16.0,16.0,15.0,15.2,15.2,14.0,,15.2,,,16000,245560.0,4,F1,4000,,,,,
2025-08-07,2025-08-07,CM,BSE,STK,543614,INE0LQS01015,TIPSFILMS,B,,,,,Tips Films Limited,487.2,491.8,465.85,468.75,468.9,483.3,,471.75,,,674,321977.0,71,F1,1,,,,,
2025-08-07,2025-08-07,CM,BSE,STK,543615,INE0MNV01014,SRSOLTD,M,,,,,SILICON RENTAL SOLUTIONS LIMIT,161.95,161.95,161.95,161.95,161.95,162.0,,161.95,,,2400,388680.0,3,F1,800,,,,,
2025-08-07,2025-08-07,CM,BSE,STK,543616,INE0MKA01014,TLL,M,,,,,Trident Lifeline Limited,275.0,275.0,275.0,275.0,275.0,274.55,,275.0,,,1200,330000.0,2,F1,600,,,,,
2025-08-07,2025-08-07,CM,BSE,STK,543618,INE0M4L01013,CARGOTRANS,M,,,,,Cargotrans Maritime Limited,82.0,82.0,82.0,82.0,82.0,82.0,,82.0,,,1500,123000.0,1,F1,1500,,,,,
2025-08-07,2025-08-07,CM,BSE,STK,543619,INE0N0J01014,CNCRD,M,,,,,Concord Control Systems Limite,1705.4,1705.4,1650.05,1675.0,1675.0,1715.0,,1675.0,,,2875,4802056.0,23,F1,125,,,,,
2025-08-07,2025-08-07,CM,BSE,STK,543620,INE0LGX01024,INA,M,,,,,INSOLATION ENERGY LIMITED,219.9,225.0,216.0,223.1,224.0,221.65,,223.1,,,180000,39799200.0,259,F1,500,,,,,
2025-08-07,2025-08-07,CM,BSE,STK,543622,INE0MSK01016,STML,M,,,,,STEELMAN TELECOM LIMITED,129.35,129.35,129.35,129.35,129.35,132.0,,129.35,,,1200,155220.0,1,F1,1200,,,,,
2025-08-07,2025-08-07,CM,BSE,STK,543623,INE0NC801013,VEDANTASSET,M,,,,,VEDANT ASSET LIMITED,43.25,43.25,43.25,43.25,43.25,43.91,,43.25,,,1500,64875.0,1,F1,1500,,,,,
2025-08-07,2025-08-07,CM,BSE,STK,543626,INE02YR01019,EMIL,A,,,,,Electronics Mart India Limited,116.9,120.9,113.3,119.9,119.9,117.15,,119.54,,,118131,13742043.0,1829,F1,1,,,,,
2025-08-07,2025-08-07,CM,BSE,STK,543627,INF179KC1HU8,HDFCLOWVOL,B,,,,,HDFC Mutual Fund,20.09,20.28,20.07,20.28,20.28,20.07,,20.22,,,653,13118.0,11,F1,1,,,,,
2025-08-07,2025-08-07,CM,BSE,STK,543628,INF179KC1HV6,HDFCMOMENT,B,,,,,HDFC Mutual Fund,29.97,30.5,29.97,30.3,30.5,30.23,,30.32,,,17040,515269.0,96,F1,1,,,,,
2025-08-07,2025-08-07,CM,BSE,STK,543635,INE0DK501011,PPLPHARMA,A,,,,,PIRAMAL PHARMA LIMITED,185.2,192.8,185.2,191.75,192.45,186.2,,191.85,,,176269,33460284.0,2438,F1,1,,,,,
2025-08-07,2025-08-07,CM,BSE,STK,543636,INE0A1101019,DCI,B,,,,,Dc Infotech and Communication,236.55,247.5,232.0,242.4,240.25,246.45,,243.89,,,5405,1292210.0,322,F1,1,,,,,
2025-08-07,2025-08-07,CM,BSE,STK,543637,INE0N1L01018,PACE,M,,,,,PACE E-COMMERCE VENTURES LIMIT,21.5,22.24,21.36,21.71,21.8,21.97,,21.71,,,13200,286524.0,11,F1,1200,,,,,
2025-08-07,2025-08-07,CM,BSE,STK,543638,INE0HMF01019,TRACXN,B,,,,,Tracxn Technologies Limited,57.01,57.51,55.0,56.25,56.9,57.22,,56.38,,,35688,1999270.0,489,F1,1,,,,,
2025-08-07,2025-08-07,CM,BSE,STK,543643,INE117Z01011,NARMADA,B,,,,,Narmada Agrobase Limited,22.35,22.77,22.21,22.64,22.77,22.32,,22.51,,,10389,233634.0,185,F1,1,,,,,
2025-08-07,2025-08-07,CM,BSE,STK,543644,INE344S01016,INFOBEAN,B,,,,,InfoBeans Technologies Limited,559.55,575.0,540.05,570.6,575.0,559.55,,568.8,,,19534,10897582.0,1159,F1,1,,,,,
2025-08-07,2025-08-07,CM,BSE,STK,543645,INE05X901010,HPIL,B,,,,,HINDPRAKASH INDUSTRIES LIMITED,135.5,135.65,125.0,128.2,128.2,136.35,,127.88,,,3352,436284.0,143,F1,1,,,,,
2025-08-07,2025-08-07,CM,BSE,STK,543650,INE0KL801015,DCXINDIA,B,,,,,DCX Systems Limited,262.0,269.8,258.25,268.05,268.05,262.05,,268.3,,,95136,25356966.0,2505,F1,1,,,,,
2025-08-07,2025-08-07,CM,BSE,STK,543652,INE139R01012,FUSION,B,,,,,FUSION FINANCE LIMITED,155.0,155.0,144.5,153.35,155.0,153.4,,153.11,,,61906,9242948.0,1494,F1,1,,,,,
2025-08-07,2025-08-07,CM,BSE,STK,543653,INE00E101023,BIKAJI,A,,,,,Bikaji Foods International Lim,721.15,733.15,721.15,729.75,727.45,733.55,,729.8,,,4528,3297800.0,355,F1,1,,,,,
2025-08-07,2025-08-07,CM,BSE,STK,543654,INE474Q01031,MEDANTA,A,,,,,Global Health Limited,1338.5,1340.0,1308.8,1325.6,1324.25,1339.1,,1326.9,,,12717,16765280.0,1305,F1,1,,,,,
2025-08-07,2025-08-07,CM,BSE,STK,543655,INE0MIZ23019,ANZEN,IF,,,,,Anzen India Energy Yield Plus,118.0,118.0,118.0,118.0,118.0,117.27,,118.0,,,50000,5900000.0,1,F1,25000,,,,,
2025-08-07,2025-08-07,CM,BSE,STK,543657,INE128X01021,ACI,A,,,,,Archean Chemical Industries Li,627.85,631.05,608.7,626.95,626.95,623.6,,627.3,,,8821,5459480.0,501,F1,1,,,,,
2025-08-07,2025-08-07,CM,BSE,STK,543663,INE128S01021,FIVESTAR,A,,,,,Five-Star Business Finance Ltd,581.25,590.5,570.25,584.65,585.65,582.95,,584.45,,,36252,21047187.0,1451,F1,1,,,,,
2025-08-07,2025-08-07,CM,BSE,STK,543664,INE918Z01012,KAYNES,A,,,,,KAYNES TECHNOLOGY INDIA LIMITE,6001.1,6120.9,5962.7,6084.8,6084.8,6031.55,,6088.5,,,33451,202347568.0,5088,F1,1,,,,,
2025-08-07,2025-08-07,CM,BSE,STK,543665,INF179KC1IA8,HDFCNIFIT,B,,,,,HDFC Mutual Fund,36.46,36.57,35.81,36.55,36.57,36.18,,36.51,,,9666,350240.0,137,F1,1,,,,,
2025-08-07,2025-08-07,CM,BSE,STK,543666,INF179KC1HZ7,HDFCPVTBAN,B,,,,,HDFC Mutual Fund,27.49,27.49,27.09,27.24,27.24,27.3,,27.24,,,3750,101850.0,67,F1,1,,,,,
2025-08-07,2025-08-07,CM,BSE,STK,543667,INE510W01014,INOXGREEN,T,,,,,INOX GREEN ENERGY SERVICES LIM,153.15,159.8,153.0,155.9,158.0,157.75,,156.47,,,25097,3896638.0,388,F1,1,,,,,
2025-08-07,2025-08-07,CM,BSE,STK,543668,INE01EE01011,BBTCL,B,,,,,B&B Triplewall Containers Limi,202.95,221.0,198.8,198.8,198.8,199.35,,198.66,,,350,72252.0,29,F1,1,,,,,
2025-08-07,2025-08-07,CM,BSE,STK,543669,INE263M01029,RUSTOMJEE,B,,,,,Keystone Realtors Limited,580.05,592.7,579.45,590.15,592.05,596.45,,589.6,,,2239,1314288.0,132,F1,1,,,,,
2025-08-07,2025-08-07,CM,BSE,STK,543670,INE01KI01027,VINNY,B,,,,,VINNY OVERSEAS LIMITED,1.35,1.35,1.3,1.3,1.3,1.35,,1.31,,,75246,99661.0,127,F1,1,,,,,
2025-08-07,2025-08-07,CM,BSE,STK,543671,INE0D0U01013,AAATECH,B,,,,,AAA TECHNOLOGIES LIMITED,86.55,87.92,85.08,87.39,87.48,86.94,,87.27,,,1634,141851.0,108,F1,1,,,,,
2025-08-07,2025-08-07,CM,BSE,STK,543677,INF109KC17L8,FINIETF,B,,,,,ICICI Prudential Mutual Fund,29.49,29.72,29.11,29.52,29.72,29.49,,29.58,,,84877,2496685.0,386,F1,1,,,,,
2025-08-07,2025-08-07,CM,BSE,STK,543686,INE792Z01011,SIRCA,B,,,,,Sirca Paints India Limited,443.55,445.0,431.1,443.3,442.35,441.7,,443.9,,,47898,20957132.0,1102,F1,1,,,,,
2025-08-07,2025-08-07,CM,BSE,STK,543687,INE00OQ01016,DHARMAJ,T,,,,,Dharmaj Crop Guard Limited,326.0,326.0,323.4,323.5,323.5,330.0,,323.5,,,1050,340987.0,15,F1,1,,,,,
2025-08-07,2025-08-07,CM,BSE,STK,543688,INE324X01026,SARVESHWAR,B,,,,,Sarveshwar Foods Limited,8.19,8.35,8.0,8.26,8.26,8.21,,8.25,,,705056,5725649.0,1056,F1,1,,,,,
2025-08-07,2025-08-07,CM,BSE,STK,543689,INE244O01017,UNIPARTS,B,,,,,Uniparts India Limited,345.0,346.05,339.7,344.25,346.05,344.8,,341.8,,,1887,645739.0,132,F1,1,,,,,
2025-08-07,2025-08-07,CM,BSE,STK,543709,INE0NT601018,GARGI,M,,,,,PNGS GARGI FASHION JEWELLERY L,817.0,817.0,797.1,801.05,797.1,821.45,,801.05,,,6375,5118656.0,48,F1,125,,,,,
2025-08-07,2025-08-07,CM,BSE,STK,543710,INF109KC19O8,COMMOIETF,B,,,,,ICICI Prudential Mutual Fund,87.8,88.92,87.0,88.35,88.92,88.2,,88.17,,,3742,327720.0,138,F1,1,,,,,
2025-08-07,2025-08-07,CM,BSE,STK,543711,INE142Q01026,SULA,A,,,,,Sula Vineyards Limited,268.6,273.45,262.25,265.1,265.1,278.7,,264.8,,,146148,38739565.0,5352,F1,1,,,,,
2025-08-07,2025-08-07,CM,BSE,STK,543712,INE00ZE01026,AFSL,B,,,,,ABANS FINANCIAL SERVICES LIMIT,220.4,221.45,220.05,220.2,220.2,220.0,,220.21,,,328,72468.0,17,F1,1,,,,,
2025-08-07,2025-08-07,CM,BSE,STK,543713,INE0MQD01015,DRONACHRYA,MT,,,,,Droneacharya Aerial Innovation,71.15,71.15,69.58,71.0,71.0,71.15,,71.0,,,21000,1478590.0,19,F1,1000,,,,,
2025-08-07,2025-08-07,CM,BSE,STK,543714,INE559R01029,LANDMARK,B,,,,,LANDMARK CARS LIMITED,504.2,504.2,487.8,494.7,492.0,513.05,,493.95,,,1138,561454.0,169,F1,1,,,,,
2025-08-07,2025-08-07,CM,BSE,STK,543715,INE059901020,IEL,T,,,,,Indiabulls Enterprises Limited,17.09,17.59,16.56,17.59,17.59,16.76,,17.78,,,8223,143592.0,29,F1,1,,,,,
2025-08-07,2025-08-07,CM,BSE,STK,543720,INE138Y01010,KFINTECH,A,,,,,KFin Technologies Limited,1096.45,1120.75,1073.4,1089.75,1090.0,1111.6,,1089.7,,,61835,67537051.0,4887,F1,1,,,,,
2025-08-07,2025-08-07,CM,BSE,STK,543725,INE050401020,ELIN,T,,,,,Elin Electronics Limited,178.7,178.7,170.0,171.9,171.5,174.8,,173.67,,,246169,42464383.0,33,F1,1,,,,,
2025-08-07,2025-08-07,CM,BSE,STK,543732,INE855R01021,RADIANTCMS,B,,,,,Radiant Cash Management Servic,54.52,55.54,52.63,53.24,53.24,55.08,,53.64,,,76809,4136159.0,785,F1,1,,,,,
2025-08-07,2025-08-07,CM,BSE,STK,543737,INE09BN01011,AVEER,X,,,,,Aveer Foods Limited,785.0,785.0,785.0,785.0,785.0,785.0,,785.0,,,435,341475.0,10,F1,1,,,,,
2025-08-07,2025-08-07,CM,BSE,STK,543738,INF740KA1RX3,BANKETFADD,B,,,,,DSP Mutual Fund,56.31,56.34,56.25,56.25,56.25,56.3,,56.45,,,15,844.0,3,F1,1,,,,,
2025-08-07,2025-08-07,CM,BSE,STK,543743,INE035801013,SAH,T,,,,,Sah Polymers Limited,118.0,118.45,117.45,117.7,117.7,118.0,,117.27,,,351,41423.0,9,F1,1,,,,,
2025-08-07,2025-08-07,CM,BSE,STK,543746,INE0BSU01018,LOGICA,M,,,,,LOGICA INFOWAY LIMITED,172.8,189.95,172.8,187.9,187.7,185.0,,187.9,,,10800,1989450.0,12,F1,600,,,,,
2025-08-07,2025-08-07,CM,BSE,STK,543747,INE0BTI01037,KAMOPAINTS,B,,,,,Kamdhenu Ventures Limited,9.6,9.6,9.07,9.17,9.23,9.38,,9.18,,,60877,559177.0,321,F1,1,,,,,
2025-08-07,2025-08-07,CM,BSE,STK,543748,INE0LRU01027,AARTIPHARM,A,,,,,Aarti Pharmalabs Limited,821.2,842.2,800.0,838.95,841.35,816.45,,837.55,,,16504,13608629.0,1611,F1,1,,,,,
2025-08-07,2025-08-07,CM,BSE,STK,543753,INE0M9Q01011,DHARNI,M,,,,,DHARNI CAPITAL SERVICES LIMITE,55.25,55.3,55.25,55.3,55.3,55.1,,55.3,,,15000,828900.0,5,F1,3000,,,,,
2025-08-07,2025-08-07,CM,BSE,STK,543765,INE0O4V01010,EARTH,M,,,,,Earthstahl & Alloys Limited,22.0,22.1,22.0,22.1,22.1,22.8,,22.1,,,9000,198600.0,3,F1,3000,,,,,
2025-08-07,2025-08-07,CM,BSE,STK,543766,INE094B01013,ASHIKA,B,,,,,Ashika Credit Capital Ltd.,404.95,408.9,394.0,402.2,406.5,405.85,,402.2,,,38208,15255793.0,299,F1,1,,,,,
2025-08-07,2025-08-07,CM,BSE,STK,543767,INE0EEJ01023,BTML,B,,,,,BODHI TREE MULTIMEDIA LIMITED,7.82,8.25,7.3,8.21,8.25,7.74,,8.18,,,169409,1330064.0,230,F1,1,,,,,
2025-08-07,2025-08-07,CM,BSE,STK,543768,INE0NNS01018,NSLNISP,A,,,,,NMDC Steel Limited,36.01,36.28,35.31,35.9,35.9,36.2,,35.88,,,251953,9015835.0,1678,F1,1,,,,,
2025-08-07,2025-08-07,CM,BSE,STK,543769,INE0KN201016,INDONG,MT,,,,,INDONG TEA COMPANY LIMITED,14.75,14.75,14.75,14.75,14.75,15.05,,14.75,,,4000,59000.0,1,F1,4000,,,,,
2025-08-07,2025-08-07,CM,BSE,STK,543774,INF179KC1EZ4,HDFCBSE500,B,,,,,HDFC Mutual Fund,36.23,36.33,35.63,36.33,36.32,36.22,,36.31,,,23079,825225.0,97,F1,1,,,,,
2025-08-07,2025-08-07,CM,BSE,STK,543775,INF179KC1FB2,HDFCSML250,B,,,,,HDFC Mutual Fund,167.31,170.0,166.51,168.72,168.72,168.98,,168.86,,,226643,38010370.0,4571,F1,1,,,,,
2025-08-07,2025-08-07,CM,BSE,STK,543776,INF179KC1HT0,HDFCMID150,B,,,,,HDFC Mutual Fund,21.07,21.68,21.05,21.36,21.68,21.33,,21.32,,,51662,1094975.0,540,F1,1,,,,,
2025-08-07,2025-08-07,CM,BSE,STK,543781,INF769K01JP9,GOLDETF,E,,,,,Mirae Asset Mutual Fund,98.54,99.3,97.51,97.98,98.37,98.08,,98.22,,,80649,7939854.0,604,F1,1,,,,,
2025-08-07,2025-08-07,CM,BSE,STK,543782,INE0O4601016,SEALMATIC,MT,,,,,Sealmatic India Limited,550.95,550.95,547.9,547.9,547.9,549.9,,547.9,,,1950,1069665.0,8,F1,150,,,,,
2025-08-07,2025-08-07,CM,BSE,STK,543787,INE0OLH01013,ROBU,M,,,,,Macfos Limited,713.6,754.95,713.6,744.85,744.85,744.3,,744.85,,,3300,2446057.0,22,F1,150,,,,,
2025-08-07,2025-08-07,CM,BSE,STK,543798,INE0NPA01011,PATRON,M,,,,,Patron Exim Limited,5.66,5.66,5.65,5.65,5.65,5.65,,5.65,,,8000,45240.0,2,F1,4000,,,,,
2025-08-07,2025-08-07,CM,BSE,STK,543799,INE0JZS01010,SVJ,MT,,,,,S. V. J. Enterprises Limited,202.35,202.35,202.35,202.35,202.35,213.0,,202.35,,,1500,303525.0,2,F1,750,,,,,
2025-08-07,2025-08-07,CM,BSE,STK,543805,INE0NYN01016,RESGEN,M,,,,,RESGEN LIMITED,81.15,82.35,77.44,81.21,82.35,81.15,,81.21,,,49500,4006845.0,41,F1,750,,,,,
2025-08-07,2025-08-07,CM,BSE,STK,543806,INE0O6A01019,ITCONS,MT,,,,,ITCONS E-Solutions Limited,537.95,546.95,513.25,546.1,546.95,539.9,,546.1,,,17000,8931440.0,45,F1,200,,,,,
2025-08-07,2025-08-07,CM,BSE,STK,543811,INE645W01026,AIRAN,B,,,,,AIRAN LIMITED,26.7,26.86,26.23,26.64,26.64,26.63,,26.48,,,1956,51705.0,35,F1,1,,,,,
2025-08-07,2025-08-07,CM,BSE,STK,543812,INE753U01022,DIVGIITTS,B,,,,,DIVGI TORQTRANSFER SYSTEMS LIM,620.6,621.4,603.5,616.4,616.35,621.65,,621.0,,,3762,2307642.0,156,F1,1,,,,,
2025-08-07,2025-08-07,CM,BSE,STK,543814,INE0OKG01017,PCL,M,,,,,PROSPECT CONSUMER PRODUCTS LIM,65.0,65.0,65.0,65.0,65.0,65.0,,65.0,,,2000,130000.0,2,F1,1000,,,,,
2025-08-07,2025-08-07,CM,BSE,STK,543819,INF109KC10S8,PSUBNKIETF,B,,,,,ICICI Prudential Mutual Fund,69.66,69.95,68.64,69.61,69.95,69.57,,69.74,,,4931,342086.0,32,F1,1,,,,,
2025-08-07,2025-08-07,CM,BSE,STK,543828,INE00TV01023,SUDARSHAN,MT,,,,,SUDARSHAN PHARMA INDUSTRIES LI,29.11,31.15,29.0,30.85,31.15,30.21,,30.85,,,92000,2761400.0,22,F1,4000,,,,,
2025-08-07,2025-08-07,CM,BSE,STK,543829,INE0JSX01015,GSLSU,B,,,,,Global Surfaces Limited,112.85,113.45,109.6,112.3,112.05,113.6,,111.35,,,8432,938873.0,184,F1,1,,,,,
2025-08-07,2025-08-07,CM,BSE,STK,543831,INE0OMI01019,BRIGHT,M,,,,,Bright Outdoor Media Limited,352.1,358.85,350.0,356.55,355.0,355.0,,356.55,,,3750,1326300.0,8,F1,375,,,,,
2025-08-07,2025-08-07,CM,BSE,STK,543848,INE0NIJ01017,DEVLAB,MT,,,,,Dev Labtech Venture Limited,78.0,78.0,78.0,78.0,78.0,81.0,,78.0,,,1000,78000.0,1,F1,1000,,,,,
2025-08-07,2025-08-07,CM,BSE,STK,543860,INE825B01010,JAFINANCE,XT,,,,,J.A. Finance Limited,102.0,102.0,102.0,102.0,102.0,102.0,,102.0,,,2618,267036.0,17,F1,1,,,,,
2025-08-07,2025-08-07,CM,BSE,STK,543861,INE0N0Y01013,USK,B,,,,,Udayshivakumar infra limited,37.04,37.12,35.0,35.55,35.89,37.14,,35.62,,,56537,2024446.0,395,F1,1,,,,,
2025-08-07,2025-08-07,CM,BSE,STK,543874,INE0O1T01010,MAIDEN,M,,,,,Maiden Forgings Limited,82.4,82.4,82.4,82.4,82.4,79.85,,82.4,,,1000,82400.0,1,F1,1000,,,,,
2025-08-07,2025-08-07,CM,BSE,STK,543875,INF769K01KF8,GSEC10YEAR,F,,,,,Mirae Asset Mutual Fund,29.29,29.29,29.14,29.29,29.29,29.46,,29.3,,,119,3472.0,4,F1,1,,,,,
2025-08-07,2025-08-07,CM,BSE,STK,543895,INE0O8901016,EXHICON,MT,,,,,Exhicon Events Media Solutions,519.0,519.0,517.0,517.0,517.0,520.3,,517.0,,,4500,2333500.0,9,F1,500,,,,,
2025-08-07,2025-08-07,CM,BSE,STK,543896,INE0LCL01028,AVALON,A,,,,,Avalon Technologies Limited,868.2,964.75,868.2,955.9,955.9,879.55,,956.35,,,276324,256996321.0,21510,F1,1,,,,,
2025-08-07,2025-08-07,CM,BSE,STK,543897,INE0P7001013,SANCODE,MT,,,,,Sancode Technologies Limited,74.95,74.95,74.95,74.95,74.95,71.39,,74.95,,,4500,337275.0,3,F1,1500,,,,,
2025-08-07,2025-08-07,CM,BSE,STK,543898,INE0N7W01012,BLAL,B,,,,,BEML Land Assets Limited,209.0,209.0,201.95,205.05,205.75,208.85,,203.93,,,1822,373884.0,75,F1,1,,,,,
2025-08-07,2025-08-07,CM,BSE,STK,543900,INF789F1AYK6,SILVERETF,E,,,,,UTI Mutual Fund,111.24,112.8,111.23,111.94,111.94,110.44,,112.07,,,70783,7907609.0,678,F1,1,,,,,
2025-08-07,2025-08-07,CM,BSE,STK,543901,INE508K01013,RHL,B,,,,,ROBUST HOTELS LIMITED,266.0,269.0,265.5,268.5,268.5,271.75,,264.2,,,107,28597.0,22,F1,1,,,,,
2025-08-07,2025-08-07,CM,BSE,STK,543902,INE0NTC01019,RETINA,M,,,,,Retina Paints Limited,81.0,83.0,78.55,79.64,79.66,80.85,,79.64,,,88000,7040220.0,37,F1,2000,,,,,
2025-08-07,2025-08-07,CM,BSE,STK,543903,INF740KA1SW3,GOLDETFADD,E,,,,,DSP Mutual Fund,98.37,99.08,98.08,98.38,98.62,97.94,,98.52,,,2654,261548.0,87,F1,1,,,,,
2025-08-07,2025-08-07,CM,BSE,STK,543904,INE634S01028,MANKIND,A,,,,,Mankind Pharma Limited,2545.05,2570.4,2505.0,2541.9,2534.05,2553.25,,2537.9,,,10865,27560873.0,1847,F1,1,,,,,
2025-08-07,2025-08-07,CM,BSE,STK,543910,INE680Z01018,AVG,B,,,,,AVG Logistics Limited,246.05,249.85,242.95,245.4,245.25,243.2,,247.75,,,991,243656.0,44,F1,1,,,,,
2025-08-07,2025-08-07,CM,BSE,STK,543911,INE0ALR01029,ATALREAL,T,,,,,Atal Realtech Limited,19.15,19.15,18.57,18.72,18.98,19.24,,18.99,,,4465,83858.0,19,F1,1,,,,,
2025-08-07,2025-08-07,CM,BSE,STK,543912,INE557Z01018,PIGL,T,,,,,Power & Instrumentation (Gujar,131.9,131.9,131.9,131.9,131.9,134.55,,131.9,,,2094,276198.0,12,F1,1,,,,,
2025-08-07,2025-08-07,CM,BSE,STK,543913,INE0NDH25011,NXST,IF,,,,,Nexus Select Trust,146.18,148.03,145.5,146.83,146.8,146.18,,146.86,,,16745,2465301.0,494,F1,1,,,,,
2025-08-07,2025-08-07,CM,BSE,STK,543914,INE210F01016,SWATIPRO,XT,,,,,Swati Projects Limited,30.91,32.41,30.02,31.62,32.41,31.54,,31.62,,,13798,426551.0,134,F1,1,,,,,
2025-08-07,2025-08-07,CM,BSE,STK,543915,INE07S101020,PAVNAIND,B,,,,,Pavna Industries Limited,387.4,394.05,371.0,376.4,375.05,393.0,,375.9,,,2453,949472.0,341,F1,1,,,,,
2025-08-07,2025-08-07,CM,BSE,STK,543916,INE0GYI01028,HSIL,MT,,,,,Hemant Surgical Industries Lim,229.6,229.6,229.6,229.6,229.6,225.1,,229.6,,,32000,7347200.0,15,F1,800,,,,,
2025-08-07,2025-08-07,CM,BSE,STK,543917,INE0A0S01010,SIGMA,T,,,,,SIGMA SOLVE LIMITED,385.7,385.7,366.55,374.0,374.0,385.8,,371.75,,,611,226691.0,33,F1,1,,,,,
2025-08-07,2025-08-07,CM,BSE,STK,543918,INE0PA801013,GHCLTEXTIL,B,,,,,GHCL Textiles Limited,81.22,81.9,79.15,80.89,80.92,82.7,,80.7,,,21270,1710293.0,466,F1,1,,,,,
2025-08-07,2025-08-07,CM,BSE,STK,543919,INE964W01021,MKPL,T,,,,,M.K.Proteins Limited,6.63,6.74,6.51,6.69,6.69,6.77,,6.66,,,24033,158904.0,182,F1,1,,,,,
2025-08-07,2025-08-07,CM,BSE,STK,543920,INE0NJ001013,CFF,M,,,,,CFF FLUID CONTROL LIMITED,588.1,595.0,588.1,592.9,591.75,595.55,,592.9,,,21200,12566220.0,97,F1,200,,,,,
2025-08-07,2025-08-07,CM,BSE,STK,543922,INF769K01KG6,SILVRETF,E,,,,,Mirae Asset Mutual Fund,112.09,112.88,111.93,112.79,112.05,111.2,,112.58,,,2954,332363.0,57,F1,1,,,,,
2025-08-07,2025-08-07,CM,BSE,STK,543923,INE0LOJ01019,IKIO,B,,,,,IKIO Technologies Limited,187.5,194.95,187.5,191.5,191.8,190.85,,191.23,,,9261,1777607.0,414,F1,1,,,,,
2025-08-07,2025-08-07,CM,BSE,STK,543924,INE0N5O01013,SONALIS,M,,,,,Sonalis Consumer Products Limi,69.55,69.55,69.55,69.55,69.55,70.21,,69.55,,,2000,139100.0,1,F1,2000,,,,,
2025-08-07,2025-08-07,CM,BSE,STK,543926,INE0OJ401014,BIZOTIC,MT,,,,,Bizotic Commercial Limited,264.0,264.0,263.0,263.0,263.0,268.35,,263.0,,,16000,4210400.0,15,F1,800,,,,,
2025-08-07,2025-08-07,CM,BSE,STK,543927,INE04Z101016,ASIAN,X,,,,,Asian Warehousing Limited,44.55,45.1,44.55,45.0,45.0,45.0,,45.0,,,847,38066.0,19,F1,1,,,,,
2025-08-07,2025-08-07,CM,BSE,STK,543928,INE0ORA01015,COSMICCRF,M,,,,,Cosmic CRF Limited,1411.0,1414.65,1373.0,1392.85,1403.0,1402.45,,1392.85,,,4800,6676975.0,40,F1,100,,,,,
2025-08-07,2025-08-07,CM,BSE,STK,543929,INE0ECP01024,HMAAGRO,B,,,,,HMA Agro Industries Limited,30.85,30.99,30.42,30.8,30.8,30.85,,30.73,,,21901,668449.0,138,F1,1,,,,,
2025-08-07,2025-08-07,CM,BSE,STK,543930,INE568Z01015,URAVIDEF,T,,,,,Uravi Defence and Technology L,507.0,535.0,491.25,524.75,524.75,511.95,,512.4,,,43464,23217151.0,42,F1,1,,,,,
2025-08-07,2025-08-07,CM,BSE,STK,543931,INE0Q0M01015,VEEFIN,MT,,,,,VEEFIN SOLUTIONS LIMITED,364.45,364.55,364.45,364.45,364.45,371.85,,364.45,,,5800,2114010.0,27,F1,200,,,,,
2025-08-07,2025-08-07,CM,BSE,STK,543932,INE349Y01013,IDEAFORGE,B,,,,,IDEAFORGE TECHNOLOGY LIMITED,434.8,435.9,422.15,433.2,433.2,434.85,,432.75,,,37123,15966085.0,1796,F1,1,,,,,
2025-08-07,2025-08-07,CM,BSE,STK,543933,INE055S01018,CYIENTDLM,A,,,,,Cyient DLM Limited,433.75,434.95,425.7,432.9,434.25,433.0,,433.2,,,4876,2108148.0,368,F1,1,,,,,
2025-08-07,2025-08-07,CM,BSE,STK,543934,INE01BT01015,MACIND,XT,,,,,Machhar Industries Limited,351.7,351.7,351.7,351.7,351.7,358.85,,351.7,,,28,9847.0,1,F1,1,,,,,
2025-08-07,2025-08-07,CM,BSE,STK,543935,INF740KA1SX1,ITETFADD,B,,,,,DSP Mutual Fund,35.76,36.17,35.6,36.15,36.17,35.83,,36.06,,,1456,52160.0,34,F1,1,,,,,
2025-08-07,2025-08-07,CM,BSE,STK,543936,INE602W01027,SENCO,B,,,,,Senco Gold Limited,333.15,343.4,330.8,342.05,340.2,336.0,,341.15,,,54187,18296144.0,2389,F1,1,,,,,
2025-08-07,2025-08-07,CM,BSE,STK,543938,INE0POP01017,ACCELERATE,MT,,,,,ACCELERATEBS INDIA LIMITED,79.67,79.67,79.67,79.67,79.67,83.86,,79.67,,,1920,152966.0,3,F1,640,,,,,
2025-08-07,2025-08-07,CM,BSE,STK,543939,INE0P3N01018,KAKA,M,,,,,Kaka Industries Limited,218.0,223.5,217.05,222.9,223.0,219.35,,222.9,,,22500,4973600.0,40,F1,500,,,,,
2025-08-07,2025-08-07,CM,BSE,STK,543940,INE758E01017,JIOFIN,A,,,,,Jio Financial Services Limited,321.9,328.0,316.85,325.3,325.3,326.5,,325.5,,,770766,247862644.0,9008,F1,1,,,,,
2025-08-07,2025-08-07,CM,BSE,STK,543941,INE0NEV01011,AHASOLAR,MT,,,,,AHASOLAR TECHNOLOGIES LIMITED,96.01,101.79,96.01,101.79,101.79,99.32,,101.79,,,800,79120.0,2,F1,400,,,,,
2025-08-07,2025-08-07,CM,BSE,STK,543942,INE735W01017,UTKARSHBNK,B,,,,,UTKARSH SMALL FINANCE BANK LIM,20.0,20.4,20.0,20.31,20.35,20.14,,20.27,,,315803,6384689.0,1175,F1,1,,,,,
2025-08-07,2025-08-07,CM,BSE,STK,543943,INE0DN001027,ASARFI,MT,,,,,ASARFI HOSPITAL LIMITED,127.0,130.0,124.6,128.75,128.75,128.25,,128.75,,,11000,1398300.0,11,F1,1000,,,,,
2025-08-07,2025-08-07,CM,BSE,STK,543944,INF769K01KR3,BANKETF,B,,,,,Mirae Asset Mutual Fund,560.68,563.81,556.58,563.81,563.81,562.54,,562.45,,,243,135842.0,27,F1,1,,,,,
2025-08-07,2025-08-07,CM,BSE,STK,543945,INE0NT901020,NETWEB,A,,,,,NETWEB TECHNOLOGIES INDIA LIMI,2091.0,2200.0,2091.0,2147.35,2146.0,2122.6,,2146.8,,,59390,127666238.0,5933,F1,1,,,,,
2025-08-07,2025-08-07,CM,BSE,STK,543946,INF769K01KS1,LIQUID,F,,,,,Mirae Asset Mutual Fund,1000.0,1000.01,1000.0,1000.0,1000.0,1000.0,,999.99,,,66559,66559101.0,56,F1,1,,,,,
2025-08-07,2025-08-07,CM,BSE,STK,543947,INF740KA1SZ6,SENSEXADD,A,,,,,DSP BSE Sensex ETF,81.92,81.92,81.92,81.92,81.92,82.34,,82.33,,,1,81.0,1,F1,1,,,,,
2025-08-07,2025-08-07,CM,BSE,STK,543948,INF740KA1SY9,PSUBANKADD,B,,,,,DSP Mutual Fund,68.95,69.17,68.71,69.17,69.17,68.78,,69.32,,,401,27553.0,3,F1,1,,,,,
2025-08-07,2025-08-07,CM,BSE,STK,543949,INF740KA1TA7,PVTBANKADD,B,,,,,DSP Mutual Fund,27.0,27.1,26.97,27.1,27.1,27.15,,27.08,,,69,1861.0,6,F1,1,,,,,
2025-08-07,2025-08-07,CM,BSE,STK,543950,INE0JO301016,YATHARTH,A,,,,,YATHARTH HOSPITAL & TRAUMA CAR,708.95,719.0,685.6,691.45,693.6,702.0,,690.7,,,52363,36637388.0,2216,F1,1,,,,,
2025-08-07,2025-08-07,CM,BSE,STK,543952,INE342G01023,NIITMTS,A,,,,,NIIT Learning Systems Limited,315.1,326.3,315.1,322.8,325.5,329.05,,322.85,,,7276,2325739.0,400,F1,1,,,,,
2025-08-07,2025-08-07,CM,BSE,STK,543953,INE0OWC01011,KHAZANCHI,M,,,,,Khazanchi Jewellers Limited,602.0,602.0,595.0,596.6,597.0,601.9,,596.6,,,14500,8667975.0,50,F1,250,,,,,
2025-08-07,2025-08-07,CM,BSE,STK,543954,INE0NN701020,ATL,B,,,,,Allcargo Terminals Limited,30.3,30.31,29.05,29.65,29.58,30.17,,29.64,,,15109,447177.0,181,F1,1,,,,,
2025-08-07,2025-08-07,CM,BSE,STK,543955,INE0O3901029,TREL,B,,,,,Transindia Real Estate Limited,33.95,33.97,32.77,33.46,33.45,33.13,,33.67,,,17306,576752.0,177,F1,1,,,,,
2025-08-07,2025-08-07,CM,BSE,STK,543956,INF109KC18V5,QUAL30IETF,B,,,,,ICICI Prudential Mutual Fund,20.64,20.74,20.51,20.74,20.74,20.64,,20.72,,,3246,66904.0,44,F1,1,,,,,
2025-08-07,2025-08-07,CM,BSE,STK,543957,INE0LXT01019,REDTAPE,B,,,,,REDTAPE Limited,123.15,124.3,121.0,124.0,124.3,124.3,,123.93,,,36813,4521300.0,602,F1,1,,,,,
2025-08-07,2025-08-07,CM,BSE,STK,543958,INE03HW01020,VLEGOV,T,,,,,VL E-Governance & IT Solutions,47.25,47.25,46.32,46.32,46.32,47.26,,46.32,,,16185,751297.0,55,F1,1,,,,,
2025-08-07,2025-08-07,CM,BSE,STK,543959,INE423Y01016,SBFC,A,,,,,SBFC Finance Limited,102.0,103.1,100.7,102.5,102.6,102.45,,102.64,,,37545,3833313.0,442,F1,1,,,,,
2025-08-07,2025-08-07,CM,BSE,STK,543960,INE338H01029,CONCORDBIO,A,,,,,Concord Biotech Limited,1694.95,1694.95,1618.25,1633.1,1643.15,1638.3,,1631.1,,,2884,4716238.0,486,F1,1,,,,,
2025-08-07,2025-08-07,CM,BSE,STK,543962,INE864X01013,DPWIRES,B,,,,,D.P. WIRES LIMITED,213.2,213.55,209.5,210.7,209.5,213.0,,212.35,,,257,54387.0,53,F1,1,,,,,
2025-08-07,2025-08-07,CM,BSE,STK,543963,INE013V01011,SHELTER,M,,,,,SHELTER PHARMA LIMITED,42.0,42.5,41.5,42.02,42.5,42.75,,42.02,,,21000,879420.0,7,F1,3000,,,,,
2025-08-07,2025-08-07,CM,BSE,STK,543965,INE395N01027,TVSSCS,A,,,,,TVS Supply Chain Solutions Lim,123.0,125.25,121.25,124.75,125.0,122.8,,124.77,,,31286,3866642.0,659,F1,1,,,,,
2025-08-07,2025-08-07,CM,BSE,STK,543969,INE0MIS01010,PYRAMID,B,,,,,Pyramid Technoplast Limited,175.0,175.0,149.2,157.15,161.35,159.0,,159.36,,,8344,1300972.0,277,F1,1,,,,,
2025-08-07,2025-08-07,CM,BSE,STK,543971,INE0Q8P01029,BONDADA,MT,,,,,Bondada Engineering Limited,433.35,433.35,424.0,427.0,427.0,429.05,,427.0,,,63800,27217060.0,225,F1,200,,,,,
2025-08-07,2025-08-07,CM,BSE,STK,543972,INE024001021,AEROFLEX,B,,,,,Aeroflex Industries Limited,176.4,180.55,174.6,177.85,177.85,182.9,,177.77,,,177071,31429427.0,2925,F1,1,,,,,
2025-08-07,2025-08-07,CM,BSE,STK,543973,INF179KC1JG3,HDFCLIQUID,F,,,,,HDFC Mutual Fund,1022.36,1022.4,1022.36,1022.4,1022.4,1022.27,,1022.39,,,358,366005.0,5,F1,1,,,,,
2025-08-07,2025-08-07,CM,BSE,STK,543974,INE0AE001013,VPRPL,B,,,,,VISHNU PRAKASH R PUNGLIA LIMIT,156.1,157.65,153.95,156.8,156.8,156.05,,156.83,,,18345,2856358.0,383,F1,1,,,,,
2025-08-07,2025-08-07,CM,BSE,STK,543976,INE489B01031,SHRAAITECH,X,,,,,Shradha AI Technologies Limite,43.5,44.2,41.1,43.29,43.65,42.63,,43.29,,,38502,1623902.0,421,F1,1,,,,,
2025-08-07,2025-08-07,CM,BSE,STK,543977,INE0N2P01017,RISHABH,B,,,,,Rishabh Instruments Limited,280.05,293.2,278.75,288.8,283.75,285.6,,286.7,,,8177,2304980.0,368,F1,1,,,,,
2025-08-07,2025-08-07,CM,BSE,STK,543978,INE05CZ01011,RATNAVEER,B,,,,,Ratnaveer Precision Engineerin,137.0,140.2,133.45,136.55,138.7,139.4,,136.53,,,23800,3238716.0,529,F1,1,,,,,
2025-08-07,2025-08-07,CM,BSE,STK,543979,INE04T901017,KAHAN,M,,,,,Kahan Packaging Limited,56.0,56.0,56.0,56.0,56.0,55.0,,56.0,,,1600,89600.0,1,F1,1600,,,,,
2025-08-07,2025-08-07,CM,BSE,STK,543980,INE682M01012,JLHL,A,,,,,Jupiter Life Line Hospitals Li,1398.95,1400.0,1368.6,1394.05,1386.0,1386.35,,1392.1,,,1750,2415500.0,426,F1,1,,,,,
2025-08-07,2025-08-07,CM,BSE,STK,543981,INE777K01022,RRKABEL,A,,,,,R R KABEL LIMITED,1269.95,1284.35,1233.45,1279.95,1279.95,1255.95,,1279.0,,,12880,16233354.0,1139,F1,1,,,,,
2025-08-07,2025-08-07,CM,BSE,STK,543982,INE0OYE01013,QUESTFLOW,M,,,,,QUEST FLOW CONTROLS LIMITED,353.0,353.0,318.8,327.35,322.5,352.85,,327.35,,,48200,15711600.0,194,F1,200,,,,,
2025-08-07,2025-08-07,CM,BSE,STK,543983,INE0OV601013,EMSLIMITED,B,,,,,EMS LIMITED,590.75,599.0,582.8,589.15,589.5,600.8,,589.55,,,22439,13283382.0,1489,F1,1,,,,,
2025-08-07,2025-08-07,CM,BSE,STK,543984,INE08U801020,SAMHI,A,,,,,Samhi Hotels Limited,222.0,222.65,213.9,221.2,221.35,220.95,,221.1,,,159688,34864044.0,4173,F1,1,,,,,
2025-08-07,2025-08-07,CM,BSE,STK,543985,INE07K301024,ZAGGLE,A,,,,,ZAGGLE PREPAID OCEAN SERVICES,361.9,387.3,357.0,384.8,384.8,362.3,,384.35,,,53731,20370103.0,2008,F1,1,,,,,
2025-08-07,2025-08-07,CM,BSE,STK,543986,INE980Y01015,SOUTHWEST,T,,,,,South West Pinnacle Exploratio,149.5,149.5,142.0,145.85,142.5,142.6,,143.19,,,9955,1454088.0,57,F1,1,,,,,
2025-08-07,2025-08-07,CM,BSE,STK,543988,INE531F01015,NUVAMA,A,,,,,Nuvama Wealth Management Limit,6900.05,7077.0,6845.0,6944.15,6960.0,6974.65,,6946.5,,,4738,32943473.0,1147,F1,1,,,,,
2025-08-07,2025-08-07,CM,BSE,STK,543989,INE438K01021,KALAMANDIR,B,,,,,Sai Silks (Kalamandir) Limited,169.0,180.7,169.0,176.45,176.0,173.0,,176.22,,,106560,18844081.0,1940,F1,1,,,,,
2025-08-07,2025-08-07,CM,BSE,STK,543990,INE903U01023,SIGNATURE,A,,,,,SIGNATUREGLOBAL (INDIA) LIMITE,1139.95,1139.95,1096.05,1107.3,1113.0,1117.5,,1107.9,,,13588,15203588.0,486,F1,1,,,,,
2025-08-07,2025-08-07,CM,BSE,STK,543991,INE0P4P01011,TECHKGREEN,MT,,,,,TECHKNOWGREEN SOLUTIONS LIMITE,156.0,160.0,155.25,160.0,160.0,163.4,,160.0,,,9200,1435960.0,20,F1,400,,,,,
2025-08-07,2025-08-07,CM,BSE,STK,543992,INE0JR601024,YATRA,B,,,,,YATRA ONLINE LIMITED,93.05,99.19,93.05,98.47,98.47,96.16,,98.8,,,66260,6435451.0,896,F1,1,,,,,
2025-08-07,2025-08-07,CM,BSE,STK,543993,INE372M01010,ARCL,X,,,,,ARCL Organics Ltd,253.0,257.0,248.05,248.05,248.05,247.2,,248.05,,,1988,499247.0,24,F1,1,,,,,
2025-08-07,2025-08-07,CM,BSE,STK,543994,INE880J01026,JSWINFRA,A,,,,,JSW Infrastructure Limited,298.35,303.55,295.8,302.7,302.7,300.45,,302.6,,,95265,28608932.0,2645,F1,1,,,,,
2025-08-07,2025-08-07,CM,BSE,STK,543995,INE0KNT01012,MVGJL,B,,,,,MANOJ VAIBHAV GEMS 'N' JEWELLE,210.3,215.95,207.0,214.6,213.8,212.4,,214.39,,,8023,1684302.0,229,F1,1,,,,,
2025-08-07,2025-08-07,CM,BSE,STK,543996,INE851I01011,UDS,B,,,,,Updater Services Limited,266.0,271.05,258.25,261.3,261.3,270.3,,261.5,,,20174,5319506.0,774,F1,1,,,,,
2025-08-07,2025-08-07,CM,BSE,STK,543997,INE0MIO01019,ORGANICREC,M,,,,,ORGANIC RECYCLING SYSTEMS LIMI,275.0,275.0,275.0,275.0,275.0,275.1,,275.0,,,4200,1155000.0,4,F1,600,,,,,
2025-08-07,2025-08-07,CM,BSE,STK,543998,INE0JWS01017,VALIANTLAB,B,,,,,Valiant Laboratories Limited,91.87,94.9,91.02,91.32,91.32,92.71,,91.83,,,2597,242034.0,233,F1,1,,,,,
2025-08-07,2025-08-07,CM,BSE,STK,543999,INF769K01KT9,SENSEXETF,A,,,,,Mirae Asset Mutual Fund,82.18,82.53,81.66,82.51,82.53,82.39,,82.29,,,4282,350758.0,153,F1,1,,,,,
2025-08-07,2025-08-07,CM,BSE,STK,544001,INE0Q1S01010,SUNITATOOL,MT,,,,,Sunita Tools Limited,699.0,712.0,695.0,701.0,701.0,699.5,,701.0,,,2500,1751500.0,18,F1,125,,,,,
2025-08-07,2025-08-07,CM,BSE,STK,544002,INE0PA601017,VIVAA,M,,,,,Vivaa Tradecom Limited,46.85,46.85,46.85,46.85,46.85,46.85,,46.85,,,2000,93700.0,1,F1,2000,,,,,
2025-08-07,2025-08-07,CM,BSE,STK,544003,INE0INJ01017,PLAZACABLE,B,,,,,Plaza Wires Limited,60.0,61.0,55.05,55.62,55.62,56.54,,55.34,,,4252,237275.0,330,F1,1,,,,,
2025-08-07,2025-08-07,CM,BSE,STK,544004,INE07U701015,IRMENERGY,B,,,,,IRM ENERGY LIMITED,267.4,276.0,267.25,272.8,274.9,267.4,,273.75,,,7305,1979569.0,380,F1,1,,,,,
2025-08-07,2025-08-07,CM,BSE,STK,544006,INF769K01KV5,ITETF,B,,,,,Mirae Asset Mutual Fund,36.09,36.18,35.52,36.11,36.18,35.79,,36.08,,,31887,1141144.0,252,F1,1,,,,,
2025-08-07,2025-08-07,CM,BSE,STK,544007,INF769K01KU7,ALPHAETF,B,,,,,Mirae Asset Mutual Fund,24.61,24.7,24.45,24.7,24.7,24.62,,24.81,,,40511,993796.0,48,F1,1,,,,,
2025-08-07,2025-08-07,CM,BSE,STK,544008,INE03EI01018,MAXESTATES,A,,,,,Max Estates Limited,485.9,485.9,437.95,450.15,451.2,449.65,,449.35,,,7437,3308456.0,452,F1,1,,,,,
2025-08-07,2025-08-07,CM,BSE,STK,544009,INE0KBH01020,BLUEJET,B,,,,,Blue Jet Healthcare Limited,755.9,797.6,745.05,778.7,778.7,761.4,,778.95,,,73008,55543355.0,2970,F1,1,,,,,
2025-08-07,2025-08-07,CM,BSE,STK,544011,INE0Q6901013,VPL,M,,,,,Vrundavan Plantation Limited,47.0,47.0,47.0,47.0,47.0,47.0,,47.0,,,2400,112800.0,2,F1,1200,,,,,
2025-08-07,2025-08-07,CM,BSE,STK,544012,INE0LMW01024,CELLO,A,,,,,Cello World Limited,573.95,579.9,566.6,577.75,577.45,573.75,,578.05,,,3157,1809466.0,600,F1,1,,,,,
2025-08-07,2025-08-07,CM,BSE,STK,544013,INE0OH401016,KKSHL,M,,,,,KK Shah Hospitals Limited,47.0,47.0,47.0,47.0,47.0,42.0,,47.0,,,3000,141000.0,1,F1,3000,,,,,
2025-08-07,2025-08-07,CM,BSE,STK,544014,INE0J5401028,HONASA,A,,,,,Honasa Consumer Limited,314.9,314.9,258.5,262.95,263.05,262.45,,263.15,,,18735,4953902.0,909,F1,1,,,,,
2025-08-07,2025-08-07,CM,BSE,STK,544020,INE818W01011,ESAFSFB,B,,,,,ESAF Small Finance Bank Ltd,30.3,31.52,30.0,31.44,31.5,30.31,,31.39,,,16750,511339.0,188,F1,1,,,,,
2025-08-07,2025-08-07,CM,BSE,STK,544021,INE004A01022,PROTEAN,A,,,,,Protean eGov Technologies Limi,766.7,786.0,756.25,773.05,773.8,759.2,,772.65,,,68374,52802984.0,3632,F1,1,,,,,
2025-08-07,2025-08-07,CM,BSE,STK,544022,INE491J01022,ASKAUTOLTD,B,,,,,ASK Automotive Limited,456.25,472.4,450.0,468.3,468.45,469.4,,468.8,,,17361,8043146.0,912,F1,1,,,,,
2025-08-07,2025-08-07,CM,BSE,STK,544023,INE0N6U01018,KALYANI,M,,,,,Kalyani Cast-Tech Limited,506.0,530.0,503.3,510.0,506.05,524.8,,510.0,,,10750,5478950.0,41,F1,250,,,,,
2025-08-07,2025-08-07,CM,BSE,STK,544026,INE202E01016,IREDA,A,,,,,Indian Renewable Energy Develo,143.5,145.5,140.4,144.55,144.55,144.4,,144.57,,,1138507,162569604.0,17455,F1,1,,,,,
2025-08-07,2025-08-07,CM,BSE,STK,544027,INE007N01010,FEDFINA,B,,,,,Fedbank Financial Services Lim,126.55,128.85,125.7,127.25,127.25,126.4,,127.4,,,98876,12600164.0,1255,F1,1,,,,,
2025-08-07,2025-08-07,CM,BSE,STK,544028,INE142M01025,TATATECH,A,,,,,Tata Technologies Limited,665.05,671.25,652.5,668.45,668.45,668.4,,668.2,,,56156,37124580.0,2677,F1,1,,,,,
2025-08-07,2025-08-07,CM,BSE,STK,544029,INE717W01049,GANDHAR,B,,,,,Gandhar Oil Refinery (India) L,160.05,161.1,158.0,159.6,159.6,162.6,,159.74,,,22759,3631858.0,597,F1,1,,,,,
2025-08-07,2025-08-07,CM,BSE,STK,544030,INE00Y201027,FLAIR,B,,,,,Flair Writing Industries Limit,324.85,324.85,312.05,320.2,320.6,323.9,,319.95,,,7767,2474431.0,288,F1,1,,,,,
2025-08-07,2025-08-07,CM,BSE,STK,544036,INE0RDM01013,DEEPAKCHEM,MT,,,,,DEEPAK CHEMTEX LIMITED,140.5,141.8,137.0,141.8,141.8,144.2,,141.8,,,17600,2430880.0,11,F1,1600,,,,,
2025-08-07,2025-08-07,CM,BSE,STK,544037,INE0P9J01013,AMIC,M,,,,,Amic Forging Limited,1400.0,1428.95,1370.0,1400.8,1403.95,1429.9,,1400.8,,,8900,12435575.0,69,F1,100,,,,,
2025-08-07,2025-08-07,CM,BSE,STK,544042,INE0KQN01018,BAJEL,T,,,,,Bajel Projects Limited,244.15,244.15,232.05,238.05,235.35,244.15,,237.07,,,6562,1555429.0,134,F1,1,,,,,
2025-08-07,2025-08-07,CM,BSE,STK,544043,INF251K01SU9,BBNPPGOLD,E,,,,,BARODA BNP PARIBAS MUTUAL FUND,99.3,99.7,98.19,98.61,98.83,98.75,,98.5,,,1281,127162.0,20,F1,1,,,,,
2025-08-07,2025-08-07,CM,BSE,STK,544044,INE922K01024,INDIASHLTR,A,,,,,India Shelter Finance Corporat,910.0,914.5,865.1,868.4,868.5,908.2,,868.55,,,7424,6567896.0,817,F1,1,,,,,
2025-08-07,2025-08-07,CM,BSE,STK,544045,INE321T01012,DOMS,A,,,,,DOMS Industries Limited,2370.05,2370.35,2297.55,2333.7,2347.4,2403.65,,2335.3,,,6907,16095375.0,1875,F1,1,,,,,
2025-08-07,2025-08-07,CM,BSE,STK,544046,INE616N01034,INOXINDIA,A,,,,,INOX India Limited,1158.75,1158.75,1127.05,1131.25,1130.9,1143.15,,1131.9,,,1954,2211959.0,257,F1,1,,,,,
2025-08-07,2025-08-07,CM,BSE,STK,544047,INE0QSK01017,SIYARAM,M,,,,,Siyaram Recycling Industries L,123.0,124.9,120.8,121.65,121.45,122.8,,121.65,,,367500,44910375.0,113,F1,1500,,,,,
2025-08-07,2025-08-07,CM,BSE,STK,544053,INE0FRK01020,MOTISONS,B,,,,,Motisons Jewellers Limited,19.17,19.45,18.66,19.02,19.02,19.45,,18.98,,,262927,4999455.0,887,F1,1,,,,,
2025-08-07,2025-08-07,CM,BSE,STK,544054,INE843S01025,SURAJEST,B,,,,,Suraj Estate Developers Limite,280.9,294.05,280.9,288.1,284.0,289.1,,287.7,,,7813,2259199.0,528,F1,1,,,,,
2025-08-07,2025-08-07,CM,BSE,STK,544055,INE046W01019,MUTHOOTMF,B,,,,,Muthoot Microfin Limited,151.7,153.95,147.25,152.25,152.25,151.8,,151.9,,,5846,877830.0,242,F1,1,,,,,
2025-08-07,2025-08-07,CM,BSE,STK,544057,INE330T01021,HAPPYFORGE,B,,,,,Happy Forgings Limited,960.0,976.9,942.8,976.5,976.9,970.35,,975.3,,,723,696494.0,106,F1,1,,,,,
2025-08-07,2025-08-07,CM,BSE,STK,544058,INE220Q01020,MUFTI,B,,,,,Credo Brands Marketing Limited,126.05,126.05,121.0,122.9,122.85,126.0,,122.91,,,15947,1966890.0,394,F1,1,,,,,
2025-08-07,2025-08-07,CM,BSE,STK,544059,INE0QZQ01019,SHANTIDENM,M,,,,,SHANTI SPINTEX LIMITED,61.0,62.0,61.0,62.0,62.0,61.0,,62.0,,,4000,246000.0,2,F1,2000,,,,,
2025-08-07,2025-08-07,CM,BSE,STK,544060,INE0PEQ01016,RBZJEWEL,B,,,,,RBZ Jewellers Limited,127.3,129.7,126.0,128.85,129.3,129.05,,128.92,,,19073,2426741.0,659,F1,1,,,,,
2025-08-07,2025-08-07,CM,BSE,STK,544061,INE02IJ01035,AZAD,A,,,,,Azad Engineering Limited,1586.75,1593.65,1535.7,1560.3,1560.3,1585.25,,1563.4,,,10507,16413126.0,1511,F1,1,,,,,
2025-08-07,2025-08-07,CM,BSE,STK,544066,INE0Q3R01026,SUNCLAY,B,,,,,SUNDARAM-CLAYTON LIMITED,1827.0,1828.0,1717.3,1730.4,1736.0,1782.3,,1734.3,,,864,1522499.0,147,F1,1,,,,,
2025-08-07,2025-08-07,CM,BSE,STK,544067,INE0DUT01020,INNOVACAP,B,,,,,INNOVA CAPTAB LIMITED,926.6,926.6,885.65,908.1,905.3,926.6,,909.5,,,3909,3502944.0,558,F1,1,,,,,
2025-08-07,2025-08-07,CM,BSE,STK,544072,INE0QFT01015,AIKPIPES,MT,,,,,AIK Pipes and Polymers Limited,65.7,67.9,65.7,67.9,67.9,67.0,,67.9,,,2400,161192.0,3,F1,800,,,,,
2025-08-07,2025-08-07,CM,BSE,STK,544073,INE0A6N01026,MCPL,M,,,,,Manoj Ceramic Limited,124.9,132.4,124.9,129.5,132.4,126.1,,129.5,,,6000,772300.0,6,F1,1000,,,,,
2025-08-07,2025-08-07,CM,BSE,STK,544074,INE0RNZ01014,SBVCL,MT,,,,,Shri Balaji Valve Components L,105.0,105.0,105.0,105.0,105.0,105.0,,105.0,,,3000,315000.0,4,F1,600,,,,,
2025-08-07,2025-08-07,CM,BSE,STK,544079,INE0PSC01024,DIGIDRIVE,B,,,,,DIGIDRIVE DISTRIBUTORS LIMITED,31.0,33.65,31.0,31.45,32.13,32.32,,31.67,,,4400,139223.0,100,F1,1,,,,,
2025-08-07,2025-08-07,CM,BSE,STK,544080,INE0MGS01014,SHILINDORE,X,,,,,Sayaji Hotels (Indore) Limited,1226.0,1226.0,1226.0,1226.0,1226.0,1226.0,,1226.0,,,1,1226.0,1,F1,1,,,,,
2025-08-07,2025-08-07,CM,BSE,STK,544081,INE980O01024,JYOTICNC,A,,,,,Jyoti CNC Automation Limited,982.0,982.0,942.6,968.25,972.0,981.4,,968.8,,,6952,6719468.0,636,F1,1,,,,,
2025-08-07,2025-08-07,CM,BSE,STK,544082,INE0GEN01012,SWANAGRO,M,,,,,New Swan Multitech Limited,71.0,71.0,70.0,71.0,71.0,72.3,,71.0,,,24000,1687720.0,11,F1,2000,,,,,
2025-08-07,2025-08-07,CM,BSE,STK,544083,INE0QIS01011,SHREE,MT,,,,,Shree Marutinandan Tubes Limit,91.2,91.2,86.9,86.95,86.95,91.45,,86.95,,,4500,393250.0,9,F1,500,,,,,
2025-08-07,2025-08-07,CM,BSE,STK,544088,INE456Z01021,MEDIASSIST,A,,,,,Medi Assist Healthcare Service,542.0,557.55,535.2,544.75,544.75,550.25,,544.3,,,11734,6426872.0,1030,F1,1,,,,,
2025-08-07,2025-08-07,CM,BSE,STK,544089,INF0R8F01034,LIQUIDCASE,F,,,,,Zerodha Mutual Fund,109.83,109.85,109.83,109.84,109.84,109.82,,109.83,,,2447748,268855887.0,1332,F1,1,,,,,
2025-08-07,2025-08-07,CM,BSE,STK,544090,INE07G501017,SHPLPUNE,X,,,,,Sayaji Hotels (Pune) Limited,786.3,833.9,777.3,833.9,833.9,786.3,,833.9,,,35,27697.0,8,F1,1,,,,,
2025-08-07,2025-08-07,CM,BSE,STK,544091,INE0Q1R01012,QLL,M,,,,,Qualitek Labs Limited,305.9,305.9,305.9,305.9,305.9,305.9,,305.9,,,1200,367080.0,3,F1,400,,,,,
2025-08-07,2025-08-07,CM,BSE,STK,544092,INF0QA701722,NIFTYBETF,B,,,,,Bajaj Finserv Mutual Fund,250.17,250.71,248.17,250.66,250.71,250.66,,250.9,,,258,64346.0,21,F1,1,,,,,
2025-08-07,2025-08-07,CM,BSE,STK,544093,INF0QA701714,BANKBETF,B,,,,,Bajaj Finserv Mutual Fund,56.0,56.24,55.44,55.51,55.51,56.13,,56.14,,,3041,169615.0,75,F1,1,,,,,
2025-08-07,2025-08-07,CM,BSE,STK,544095,INE0G5901015,EPACK,B,,,,,EPACK Durable Limited,371.3,392.0,371.3,389.65,389.65,381.0,,389.25,,,81942,31385536.0,2528,F1,1,,,,,
2025-08-07,2025-08-07,CM,BSE,STK,544100,INE02H701025,NOVAAGRI,B,,,,,Nova Agritech Limited,54.1,55.0,52.72,54.69,54.55,54.62,,54.8,,,13577,730669.0,176,F1,1,,,,,
2025-08-07,2025-08-07,CM,BSE,STK,544101,INE0Q6L01014,BRISK,M,,,,,Brisk Technovision Limited,98.5,98.5,98.5,98.5,98.5,97.0,,98.5,,,800,78800.0,1,F1,800,,,,,
2025-08-07,2025-08-07,CM,BSE,STK,544102,INF789F1AZD8,NIFITETF,B,,,,,UTI Mutual Fund,355.69,365.36,355.22,359.85,365.36,355.61,,358.84,,,120,42869.0,14,F1,1,,,,,
2025-08-07,2025-08-07,CM,BSE,STK,544104,INF789F1AZF3,NIF10GETF,F,,,,,UTI Mutual Fund,25.88,25.88,25.88,25.88,25.88,26.18,,25.94,,,332,8592.0,3,F1,1,,,,,
2025-08-07,2025-08-07,CM,BSE,STK,544105,INE0OLZ01015,HARSHDEEP,MT,,,,,HARSHDEEP HORTICO LIMITED,102.5,102.5,102.0,102.0,102.0,102.0,,102.0,,,3000,306750.0,2,F1,1500,,,,,
2025-08-07,2025-08-07,CM,BSE,STK,544107,INE0NLT01010,BLSE,T,,,,,BLS E-Services Limited,191.0,194.0,186.3,189.3,189.3,196.1,,188.79,,,22792,4280123.0,574,F1,1,,,,,
2025-08-07,2025-08-07,CM,BSE,STK,544108,INE0QZF01012,GPSL,MT,,,,,Gabriel Pet Straps Limited,258.8,258.8,250.0,256.0,256.0,256.0,,256.0,,,3600,908910.0,5,F1,600,,,,,
2025-08-07,2025-08-07,CM,BSE,STK,544109,INF740KA1UF4,HEALTHADD,B,,,,,DSP Mutual Fund,143.84,143.84,141.86,142.43,142.43,143.5,,144.19,,,11,1575.0,6,F1,1,,,,,
2025-08-07,2025-08-07,CM,BSE,STK,544110,INF179KC1HW4,HDFCPSUBK,B,,,,,HDFC Mutual Fund,69.18,69.7,68.49,69.7,69.7,69.68,,69.75,,,1472,101534.0,26,F1,1,,,,,
2025-08-07,2025-08-07,CM,BSE,STK,544111,INE988S01028,PARKHOTELS,B,,,,,Apeejay Surrendra Park Hotels,159.85,159.85,152.6,156.3,155.35,157.55,,156.07,,,18971,2960709.0,479,F1,1,,,,,
2025-08-07,2025-08-07,CM,BSE,STK,544112,INE0QXV01014,JGTL,X,,,,,JASCH GAUGING TECHNOLOGIES LIM,564.1,564.1,550.35,559.8,560.0,573.0,,559.8,,,1349,753873.0,44,F1,1,,,,,
2025-08-07,2025-08-07,CM,BSE,STK,544117,INE0KGZ01021,SIGNPOST,B,,,,,Signpost India Limited,216.65,223.3,208.0,220.05,217.95,212.4,,220.18,,,4524,965687.0,245,F1,1,,,,,
2025-08-07,2025-08-07,CM,BSE,STK,544118,INE953L01027,JSFB,B,,,,,JANA SMALL FINANCE BANK LIMITE,473.3,475.75,462.6,473.55,469.3,473.25,,472.4,,,4829,2273340.0,300,F1,1,,,,,
2025-08-07,2025-08-07,CM,BSE,STK,544119,INE0J1F01024,RPTECH,B,,,,,Rashi Peripherals Limited,290.55,292.1,278.75,286.3,285.0,290.5,,286.15,,,10146,2910135.0,430,F1,1,,,,,
2025-08-07,2025-08-07,CM,BSE,STK,544120,INE646H01017,CAPITALSFB,B,,,,,Capital Small Finance Bank Ltd,259.05,308.5,259.05,304.85,304.8,305.8,,305.7,,,2330,711108.0,152,F1,1,,,,,
2025-08-07,2025-08-07,CM,BSE,STK,544121,INE0OYK01010,RUDRAGAS,MT,,,,,Rudra Gas Enterprise Limited,98.35,98.45,98.2,98.2,98.2,103.35,,98.2,,,15000,1474600.0,15,F1,1000,,,,,
2025-08-07,2025-08-07,CM,BSE,STK,544122,INE010601016,ENTERO,B,,,,,Entero Healthcare Solutions Li,1260.05,1266.0,1223.0,1257.25,1266.0,1269.6,,1258.1,,,4887,6064398.0,626,F1,1,,,,,
2025-08-07,2025-08-07,CM,BSE,STK,544123,INF767K01RN1,LICNMID100,B,,,,,LIC Mutual Fund,56.56,56.56,56.49,56.49,56.49,56.74,,56.84,,,19,1074.0,2,F1,1,,,,,
2025-08-07,2025-08-07,CM,BSE,STK,544124,INE0QTF01015,VSTL,B,,,,,VIBHOR STEEL TUBES LIMITED,159.0,159.1,155.2,156.1,159.1,156.3,,156.22,,,2853,445471.0,61,F1,1,,,,,
2025-08-07,2025-08-07,CM,BSE,STK,544129,INE696F01016,JUNIPER,B,,,,,Juniper Hotels Limited,299.9,299.9,268.25,278.45,277.75,274.2,,277.3,,,3023,827477.0,203,F1,1,,,,,
2025-08-07,2025-08-07,CM,BSE,STK,544130,INF769K01LC3,SMALLCAP,B,,,,,Mirae Asset Mutual Fund,45.29,45.29,44.22,44.89,44.98,45.0,,44.87,,,764979,34078778.0,451,F1,1,,,,,
2025-08-07,2025-08-07,CM,BSE,STK,544131,INE486R01017,GPTHEALTH,B,,,,,GPT Healthcare Limited,166.0,169.0,154.9,162.5,161.0,178.1,,162.44,,,116614,18862935.0,2417,F1,1,,,,,
2025-08-07,2025-08-07,CM,BSE,STK,544132,INF0R8F01042,GOLDCASE,E,,,,,Zerodha Mutual Fund,16.12,16.12,15.87,15.95,15.92,15.86,,15.96,,,155015,2473756.0,321,F1,1,,,,,
2025-08-07,2025-08-07,CM,BSE,STK,544133,INE777F01014,EXICOM,B,,,,,EXICOM TELE-SYSTEMS LIMITED,145.0,148.15,140.55,143.65,143.65,146.9,,143.57,,,110027,15821655.0,2544,F1,1,,,,,
2025-08-07,2025-08-07,CM,BSE,STK,544134,INE0PT501018,PLATIND,B,,,,,Platinum Industries Limited,270.6,286.0,269.4,277.05,275.6,273.05,,276.95,,,24085,6639281.0,898,F1,1,,,,,
2025-08-07,2025-08-07,CM,BSE,STK,544135,INE0CG401037,MUKKA,B,,,,,Mukka Proteins Limited,27.12,27.75,25.9,27.38,27.38,27.42,,27.46,,,65878,1773329.0,406,F1,1,,,,,
2025-08-07,2025-08-07,CM,BSE,STK,544136,INE0NQ801033,RKSWAMY,B,,,,,R K Swamy Limited,150.8,161.55,150.8,158.85,158.3,156.8,,159.02,,,3318,524251.0,393,F1,1,,,,,
2025-08-07,2025-08-07,CM,BSE,STK,544137,INE0NHL23019,INDUSINVIT,IF,,,,,Indus Infra Trust,110.1,111.72,110.1,110.86,111.08,112.18,,110.94,,,3704,410932.0,157,F1,1,,,,,
2025-08-07,2025-08-07,CM,BSE,STK,544138,INE0MB501011,JGCHEM,B,,,,,J.G.Chemicals Limited,470.1,476.5,461.1,473.65,474.0,477.35,,473.65,,,20599,9674294.0,973,F1,1,,,,,
2025-08-07,2025-08-07,CM,BSE,STK,544139,INE0M8R01011,KOURA,MT,,,,,KOURA FINE DIAMOND JEWELRY LIM,41.0,41.0,41.0,41.0,41.0,43.0,,41.0,,,2000,82000.0,1,F1,2000,,,,,
2025-08-07,2025-08-07,CM,BSE,STK,544140,INE0L9R01028,GOPAL,B,,,,,Gopal Snacks Limited,340.95,366.0,340.25,362.6,366.0,346.25,,363.35,,,10653,3777466.0,385,F1,1,,,,,
2025-08-07,2025-08-07,CM,BSE,STK,544141,INE510U01018,PESB,MT,,,,,Pune E - Stock Broking Limited,174.0,180.0,174.0,179.9,179.9,177.0,,179.9,,,8000,1412320.0,9,F1,800,,,,,
2025-08-07,2025-08-07,CM,BSE,STK,544142,INE0PB301013,SCILAL,B,,,,,Shipping Corporation of India,48.3,49.85,47.9,48.76,49.0,48.79,,48.73,,,87087,4256837.0,814,F1,1,,,,,
2025-08-07,2025-08-07,CM,BSE,STK,544143,INE0QQG01019,ROYAL,M,,,,,Royal Sense Limited,207.0,207.0,205.0,205.0,205.0,207.0,,205.0,,,1000,206000.0,2,F1,500,,,,,
2025-08-07,2025-08-07,CM,BSE,STK,544144,INE772T01024,PVSL,B,,,,,Popular Vehicles and Services,118.8,118.8,112.6,114.9,114.9,119.1,,114.94,,,1216,140819.0,112,F1,1,,,,,
2025-08-07,2025-08-07,CM,BSE,STK,544149,INE0QN801017,KRYSTAL,T,,,,,KRYSTAL INTEGRATED SERVICES LI,620.1,640.0,620.1,631.7,640.0,639.8,,635.15,,,181,114309.0,27,F1,1,,,,,
2025-08-07,2025-08-07,CM,BSE,STK,544150,INE0QVH01025,KPGEL,MT,,,,,KP GREEN ENGINEERING LIMITED,496.35,507.9,490.0,491.6,491.6,496.35,,491.6,,,30250,14965037.0,103,F1,250,,,,,
2025-08-07,2025-08-07,CM,BSE,STK,544151,INE0AH901011,CHATHA,M,,,,,CHATHA FOODS LIMITED,97.2,97.2,97.1,97.1,97.1,97.1,,97.1,,,5000,485700.0,5,F1,1000,,,,,
2025-08-07,2025-08-07,CM,BSE,STK,544156,INE0QHY01011,GCONNECT,MT,,,,,Gconnect Logitech and Supply C,22.13,22.13,22.13,22.13,22.13,22.58,,22.13,,,1500,33195.0,1,F1,1500,,,,,
2025-08-07,2025-08-07,CM,BSE,STK,544157,INE0OMZ01013,VRUDDHI,MT,,,,,Vruddhi Engineering Works Limi,220.5,222.05,220.5,222.05,222.05,211.5,,222.05,,,1000,221275.0,2,F1,500,,,,,
2025-08-07,2025-08-07,CM,BSE,STK,544158,INE0R6Z01013,SRM,B,,,,,SRM CONTRACTORS LIMITED,455.0,458.55,450.55,454.85,458.55,455.95,,454.85,,,9862,4481191.0,486,F1,1,,,,,
2025-08-07,2025-08-07,CM,BSE,STK,544159,INF740KA1UM0,LIQUIDADD,F,,,,,DSP BSE Liquid Rate ETF,1084.89,1084.92,1078.9,1084.9,1084.9,1084.77,,1084.9,,,7378,8004328.0,46,F1,1,,,,,
2025-08-07,2025-08-07,CM,BSE,STK,544160,INE0MSS01019,JAYKAILASH,MT,,,,,Jay Kailash Namkeen Limited,54.0,56.0,51.45,56.0,56.0,54.15,,56.0,,,48000,2493456.0,29,F1,1600,,,,,
2025-08-07,2025-08-07,CM,BSE,STK,544161,INE266Y01019,DPABHUSHAN,B,,,,,D P ABHUSHAN LIMITED,1630.2,1662.55,1620.0,1648.2,1637.7,1636.55,,1650.5,,,8926,14621051.0,442,F1,1,,,,,
2025-08-07,2025-08-07,CM,BSE,STK,544162,INE343G01021,BHARTIHEXA,A,,,,,Bharti Hexacom Limited,1750.05,1782.55,1731.3,1741.75,1741.75,1794.8,,1741.2,,,9403,16392621.0,1040,F1,1,,,,,
2025-08-07,2025-08-07,CM,BSE,STK,544166,INE0SDC01012,EMMFORCE,M,,,,,EMMFORCE AUTOTECH LIMITED,95.0,98.0,92.0,95.0,96.0,100.0,,95.0,,,55200,5191680.0,42,F1,1200,,,,,
2025-08-07,2025-08-07,CM,BSE,STK,544167,INE0OAF01028,JNKINDIA,B,,,,,JNK India Limited,317.5,318.0,306.9,309.85,309.8,317.4,,309.8,,,1733,540561.0,142,F1,1,,,,,
2025-08-07,2025-08-07,CM,BSE,STK,544168,INE0R6801013,VARYAA,M,,,,,VARYAA CREATIONS LIMITED,39.6,39.6,38.5,38.5,38.5,38.2,,38.5,,,4000,157300.0,4,F1,1000,,,,,
2025-08-07,2025-08-07,CM,BSE,STK,544170,INE0QXT01018,SAI,M,,,,,Sai Swami Metals and Alloys Li,32.5,36.0,32.5,35.0,35.0,37.0,,35.0,,,10000,340020.0,5,F1,2000,,,,,
2025-08-07,2025-08-07,CM,BSE,STK,544171,INE0RGM01016,STAL,M,,,,,Storage Technologies and Autom,75.99,76.0,72.57,75.93,76.0,77.0,,75.93,,,27200,1990048.0,30,F1,800,,,,,
2025-08-07,2025-08-07,CM,BSE,STK,544172,INE065X01017,INDGN,A,,,,,Indegene Limited,565.05,577.5,563.55,576.0,574.0,570.55,,575.8,,,34774,19939373.0,1219,F1,1,,,,,
2025-08-07,2025-08-07,CM,BSE,STK,544174,INE673O01025,TBOTEK,A,,,,,TBO TEK LIMITED,1363.0,1385.05,1355.4,1363.5,1362.3,1372.45,,1364.1,,,3899,5321979.0,695,F1,1,,,,,
2025-08-07,2025-08-07,CM,BSE,STK,544175,INE0SMU01015,TGIF,M,,,,,TGIF AGRIBUSINESS LIMITED,91.0,91.0,91.0,91.0,91.0,92.0,,91.0,,,1200,109200.0,1,F1,1200,,,,,
2025-08-07,2025-08-07,CM,BSE,STK,544176,INE883F01010,AADHARHFC,A,,,,,Aadhar Housing Finance Limited,486.05,507.2,486.05,505.6,503.05,495.4,,505.3,,,12313,6176404.0,576,F1,1,,,,,
2025-08-07,2025-08-07,CM,BSE,STK,544177,INE0SCB01016,AZTEC,M,,,,,Aztec Fluids & Machinery Limit,82.8,82.89,80.0,80.01,80.01,80.0,,80.01,,,5000,408010.0,5,F1,1000,,,,,
2025-08-07,2025-08-07,CM,BSE,STK,544178,INE0R4W01015,PIOTEX,MT,,,,,PIOTEX INDUSTRIES LIMITED,63.0,63.0,63.0,63.0,63.0,62.0,,63.0,,,1200,75600.0,1,F1,1200,,,,,
2025-08-07,2025-08-07,CM,BSE,STK,544179,INE03JT01014,GODIGIT,A,,,,,Go Digit General Insurance Lim,348.85,366.75,348.85,364.95,364.4,355.9,,365.3,,,28221,10173672.0,1190,F1,1,,,,,
2025-08-07,2025-08-07,CM,BSE,STK,544180,INF769K01LJ8,MIDSMALL,B,,,,,Mirae Asset Mutual Fund,48.1,48.32,47.6,48.32,48.32,48.14,,48.28,,,3880,185516.0,68,F1,1,,,,,
2025-08-07,2025-08-07,CM,BSE,STK,544181,INE108V01019,AWFIS,B,,,,,Awfis Space Solutions Limited,569.95,577.0,560.85,563.25,564.05,572.1,,563.4,,,10966,6209543.0,854,F1,1,,,,,
2025-08-07,2025-08-07,CM,BSE,STK,544183,INE0RIQ01013,ASSOCIATED,MT,,,,,Associated Coaters Limited,88.09,88.09,88.0,88.0,88.0,87.22,,88.0,,,1500,132045.0,3,F1,500,,,,,
2025-08-07,2025-08-07,CM,BSE,STK,544184,INE02L001032,BOROSCI,B,,,,,Borosil Scientific Limited,156.4,162.5,153.7,155.1,155.3,158.35,,155.4,,,6036,948653.0,264,F1,1,,,,,
2025-08-07,2025-08-07,CM,BSE,STK,544185,INE257C01014,ADTECH,X,,,,,ADTECH SYSTEMS LIMITED,67.56,72.4,66.0,67.8,67.8,66.24,,67.8,,,840,57814.0,30,F1,1,,,,,
2025-08-07,2025-08-07,CM,BSE,STK,544186,INE0TT901016,TOTEM,B,,,,,Forbes Precision Tools and Mac,191.1,193.55,184.05,187.25,187.25,191.1,,187.25,,,5691,1070516.0,215,F1,1,,,,,
2025-08-07,2025-08-07,CM,BSE,STK,544187,INE0ATZ01017,KRONOX,B,,,,,KRONOX LAB SCIENCES LIMITED,169.3,172.1,162.7,171.65,172.0,170.25,,171.81,,,9699,1627065.0,218,F1,1,,,,,
2025-08-07,2025-08-07,CM,BSE,STK,544189,INE0QUV01010,SATTRIX,MT,,,,,SATTRIX INFORMATION SECURITY L,177.0,177.0,177.0,177.0,177.0,186.0,,177.0,,,2000,354000.0,2,F1,1000,,,,,
2025-08-07,2025-08-07,CM,BSE,STK,544190,INE0R7D01018,3CIT,MT,,,,,3C IT Solutions and Telecoms (,22.58,22.58,22.58,22.58,22.58,22.58,,22.58,,,2000,45160.0,1,F1,2000,,,,,
2025-08-07,2025-08-07,CM,BSE,STK,544191,INE0CYK01015,PURPLEFIN,X,,,,,Purple Finance Limited,39.19,41.5,37.55,38.96,39.0,38.74,,38.96,,,78537,3146061.0,230,F1,1,,,,,
2025-08-07,2025-08-07,CM,BSE,STK,544192,INE0HV901016,IXIGO,B,,,,,Le Travenues Technology Limite,227.2,243.0,226.0,240.1,241.6,226.45,,240.47,,,213118,50175075.0,3550,F1,1,,,,,
2025-08-07,2025-08-07,CM,BSE,STK,544193,INF0R8F01059,MID150CASE,B,,,,,Zerodha Mutual Fund,10.6,10.62,10.32,10.55,10.55,10.52,,10.57,,,397650,4156849.0,1211,F1,1,,,,,
2025-08-07,2025-08-07,CM,BSE,STK,544194,INF0R8F01067,TOP100CASE,B,,,,,Zerodha Mutual Fund,10.7,10.7,10.4,10.47,10.52,10.5,,10.49,,,102845,1073832.0,618,F1,1,,,,,
2025-08-07,2025-08-07,CM,BSE,STK,544196,INF251K01TL6,BBNPNBETF,B,,,,,BARODA BNP PARIBAS MUTUAL FUND,55.69,55.69,55.35,55.69,55.69,55.72,,55.55,,,25,1385.0,4,F1,1,,,,,
2025-08-07,2025-08-07,CM,BSE,STK,544197,INE03DD01011,RETAIL,B,,,,,JHS SVENDGAARD RETAIL VENTURES,39.29,39.99,37.99,38.4,38.4,39.29,,38.12,,,642,24691.0,89,F1,1,,,,,
2025-08-07,2025-08-07,CM,BSE,STK,544198,INE841L01016,DEEDEV,B,,,,,DEE DEVELOPMENT ENGINEERS LIMI,260.0,278.95,258.5,277.35,278.95,263.5,,277.65,,,13989,3737970.0,665,F1,1,,,,,
2025-08-07,2025-08-07,CM,BSE,STK,544199,INE0RUJ01013,GEMENVIRO,M,,,,,GEM Enviro Management Limited,70.0,71.0,69.55,70.21,70.21,72.8,,70.21,,,16800,1178472.0,17,F1,800,,,,,
2025-08-07,2025-08-07,CM,BSE,STK,544200,INE916Y01027,AFIL,B,,,,,Akme Fintrade (India) Limited,6.73,7.25,6.73,7.05,7.06,6.9,,7.05,,,257847,1805928.0,278,F1,1,,,,,
2025-08-07,2025-08-07,CM,BSE,STK,544201,INE0S6R01027,DFPL,MT,,,,,DINDIGUL FARM PRODUCT LIMITED,19.6,19.6,19.6,19.6,19.6,19.99,,19.6,,,10000,196000.0,5,F1,2000,,,,,
2025-08-07,2025-08-07,CM,BSE,STK,544202,INE01A001028,STANLEY,B,,,,,STANLEY LIFESTYLES LIMITED,313.0,316.7,306.5,310.8,315.25,312.95,,310.65,,,8924,2777473.0,502,F1,1,,,,,
2025-08-07,2025-08-07,CM,BSE,STK,544203,INE552Z01027,ABDL,A,,,,,Allied Blenders and Distillers,498.7,510.55,485.2,504.65,505.5,496.4,,504.25,,,17665,8735179.0,747,F1,1,,,,,
2025-08-07,2025-08-07,CM,BSE,STK,544204,INE0S2V01010,VRAJ,B,,,,,VRAJ IRON AND STEEL LIMITED,158.05,160.35,156.55,160.3,160.1,158.8,,160.32,,,2794,441282.0,191,F1,1,,,,,
2025-08-07,2025-08-07,CM,BSE,STK,544205,INE0PO601011,NPL,X,,,,,National Peroxide Limited,640.0,650.0,634.0,641.15,641.15,651.9,,641.15,,,599,383673.0,58,F1,1,,,,,
2025-08-07,2025-08-07,CM,BSE,STK,544206,INF200KB1217,SBISILVER,E,,,,,SBI Mutual Fund,112.94,113.55,112.46,113.1,113.16,111.8,,113.43,,,2244,253795.0,67,F1,1,,,,,
2025-08-07,2025-08-07,CM,BSE,STK,544207,INE375Y01018,RELIABLE,B,,,,,Reliable Data Services Limited,76.78,80.08,76.0,79.59,79.67,76.94,,78.97,,,8703,680036.0,169,F1,1,,,,,
2025-08-07,2025-08-07,CM,BSE,STK,544209,INE0B9K01025,BANSALWIRE,B,,,,,Bansal Wire Industries Limited,371.0,374.9,366.15,369.0,369.0,376.6,,369.05,,,2918,1079887.0,203,F1,1,,,,,
2025-08-07,2025-08-07,CM,BSE,STK,544210,INE168P01015,EMCURE,A,,,,,Emcure Pharmaceuticals Limited,1341.05,1446.1,1341.05,1398.8,1403.8,1421.25,,1400.6,,,11228,15885354.0,970,F1,1,,,,,
2025-08-07,2025-08-07,CM,BSE,STK,544211,INF209KC1134,ABGSEC,F,,,,,Aditya Birla Sun Life Mutual F,110.18,110.32,109.74,109.74,109.74,110.18,,110.15,,,357,39304.0,8,F1,1,,,,,
2025-08-07,2025-08-07,CM,BSE,STK,544212,INF769K01LQ3,EVINDIA,B,,,,,Mirae Asset Mutual Fund,28.9,29.08,28.66,29.0,29.08,28.97,,28.96,,,108001,3104817.0,506,F1,1,,,,,
2025-08-07,2025-08-07,CM,BSE,STK,544213,INE0T3401029,ACLD,M,,,,,AELEA COMMODITIES LIMITED,168.0,171.0,165.3,170.35,170.9,171.95,,170.35,,,21600,3648540.0,34,F1,600,,,,,
2025-08-07,2025-08-07,CM,BSE,STK,544214,INE0UK501010,THREEMPAPE,MT,,,,,THREE M PAPER BOARDS LIMITED,46.3,46.3,44.13,46.15,46.15,46.45,,46.15,,,18000,827860.0,5,F1,2000,,,,,
2025-08-07,2025-08-07,CM,BSE,STK,544215,INF200KB1282,SBINEQWETF,B,,,,,SBI Mutual Fund,31.19,31.19,30.83,31.05,31.05,31.19,,31.05,,,4131,127611.0,29,F1,1,,,,,
2025-08-07,2025-08-07,CM,BSE,STK,544216,INF109KC18W3,OILIETF,B,,,,,ICICI Prudential Mutual Fund,11.16,11.16,10.96,11.14,11.14,11.15,,11.14,,,517748,5727690.0,973,F1,1,,,,,
2025-08-07,2025-08-07,CM,BSE,STK,544217,INE08NE01025,SANSTAR,B,,,,,SANSTAR LIMITED,87.43,87.51,84.82,85.62,85.0,87.43,,85.11,,,41218,3532678.0,1251,F1,1,,,,,
2025-08-07,2025-08-07,CM,BSE,STK,544218,INF209KB19Z4,ABSLPSE,B,,,,,Aditya Birla Sun Life Mutual F,9.77,9.78,9.64,9.77,9.78,9.77,,9.76,,,19325,187743.0,131,F1,1,,,,,
2025-08-07,2025-08-07,CM,BSE,STK,544219,INE0MNP01016,VVIPIL,M,,,,,VVIP Infratech Limited,181.05,183.0,181.05,181.8,181.2,187.15,,181.8,,,6000,1089780.0,9,F1,600,,,,,
2025-08-07,2025-08-07,CM,BSE,STK,544220,INE0QMR01015,CTLLAB,M,,,,,Clinitech Laboratory Limited,39.38,39.38,39.38,39.38,39.38,35.8,,39.38,,,4800,189024.0,3,F1,1200,,,,,
2025-08-07,2025-08-07,CM,BSE,STK,544221,INE0RMR01013,KIZI,MT,,,,,Kizi Apparels Limited,16.7,16.7,16.7,16.7,16.7,17.1,,16.7,,,3000,50100.0,1,F1,3000,,,,,
2025-08-07,2025-08-07,CM,BSE,STK,544222,INE09XN01023,AKUMS,B,,,,,Akums Drugs and Pharmaceutical,486.95,497.75,478.05,491.5,490.65,488.95,,490.85,,,17654,8640726.0,1232,F1,1,,,,,
2025-08-07,2025-08-07,CM,BSE,STK,544223,INE0AG901020,CEIGALL,B,,,,,Ceigall India Limited,263.9,263.9,253.05,254.65,254.65,260.5,,255.09,,,14481,3718772.0,426,F1,1,,,,,
2025-08-07,2025-08-07,CM,BSE,STK,544224,INE0OXY01013,AFCOM,MT,,,,,Afcom Holdings Limited,1035.0,1035.0,941.6,941.6,941.6,991.15,,941.6,,,133680,130978092.0,379,F1,240,,,,,
2025-08-07,2025-08-07,CM,BSE,STK,544225,INE0LXG01040,OLAELEC,A,,,,,Ola Electric Mobility Limited,40.11,40.56,39.75,40.28,40.28,40.32,,40.26,,,5218184,209514290.0,12076,F1,1,,,,,
2025-08-07,2025-08-07,CM,BSE,STK,544226,INE02RE01045,FIRSTCRY,A,,,,,Brainbees Solutions Limited,350.95,368.45,349.85,366.4,365.5,356.5,,366.75,,,45358,16258164.0,1304,F1,1,,,,,
2025-08-07,2025-08-07,CM,BSE,STK,544227,INE00U401027,UNIECOM,B,,,,,UNICOMMERCE ESOLUTIONS LIMITED,118.0,118.6,113.7,117.95,118.6,115.75,,117.9,,,28902,3342149.0,356,F1,1,,,,,
2025-08-07,2025-08-07,CM,BSE,STK,544229,INF109KC19W1,METALIETF,B,,,,,ICICI Prudential Mutual Fund,9.25,9.35,9.16,9.31,9.31,9.3,,9.31,,,266590,2460745.0,602,F1,1,,,,,
2025-08-07,2025-08-07,CM,BSE,STK,544230,INE0PQ101010,SSDL,B,,,,,SARASWATI SAREE DEPOT LIMITED,90.11,91.9,89.0,89.53,89.4,91.7,,89.74,,,9580,863224.0,286,F1,1,,,,,
2025-08-07,2025-08-07,CM,BSE,STK,544232,INE00M901018,INTERARCH,T,,,,,Interarch Building Solutions L,2152.5,2219.0,2145.0,2190.15,2190.15,2221.1,,2191.9,,,3622,7885527.0,450,F1,1,,,,,
2025-08-07,2025-08-07,CM,BSE,STK,544233,INE0US801024,MFML,T,,,,,Mahalaxmi Fabric Mills Limited,30.21,30.81,30.21,30.81,30.81,30.21,,30.81,,,1505,46366.0,7,F1,1,,,,,
2025-08-07,2025-08-07,CM,BSE,STK,544234,INE0URU01010,GLOBALE,B,,,,,Globale Tessile Limited,13.75,14.5,13.7,13.81,14.27,13.97,,13.81,,,4521,63341.0,65,F1,1,,,,,
2025-08-07,2025-08-07,CM,BSE,STK,544235,INE0PPK01015,ORIENTTECH,B,,,,,Orient Technologies Limited,311.05,315.25,307.35,314.25,314.05,312.2,,314.3,,,23144,7191596.0,863,F1,1,,,,,
2025-08-07,2025-08-07,CM,BSE,STK,544238,INE0BS701011,PREMIERENE,A,,,,,Premier Energies Limited,1003.95,1010.0,984.0,992.3,992.3,1003.95,,990.7,,,66837,66522604.0,4026,F1,1,,,,,
2025-08-07,2025-08-07,CM,BSE,STK,544239,INE06HJ01020,ECOSMOBLTY,B,,,,,ECOS (India) Mobility & Hospit,290.35,299.85,288.5,297.3,299.85,289.4,,297.4,,,9253,2734057.0,314,F1,1,,,,,
2025-08-07,2025-08-07,CM,BSE,STK,544240,INE02ID01020,RAYMONDLSL,A,,,,,Raymond Lifestyle Limited,1114.0,1156.0,1106.15,1128.1,1128.1,1123.85,,1129.0,,,10187,11560034.0,699,F1,1,,,,,
2025-08-07,2025-08-07,CM,BSE,STK,544241,INF769K01LX9,MULTICAP,B,,,,,Mirae Asset Mutual Fund,15.84,15.93,15.67,15.89,15.93,15.89,,15.91,,,92853,1458652.0,183,F1,1,,,,,
2025-08-07,2025-08-07,CM,BSE,STK,544243,INE01FR01028,STYLEBAAZA,B,,,,,Baazar Style Retail Limited,290.25,311.5,286.15,309.1,309.1,291.15,,309.4,,,89209,26859716.0,3603,F1,1,,,,,
2025-08-07,2025-08-07,CM,BSE,STK,544244,INE0RE001014,GALAPREC,B,,,,,Gala Precision Engineering Lim,815.05,847.6,815.05,842.9,840.05,832.45,,842.5,,,1609,1345695.0,215,F1,1,,,,,
2025-08-07,2025-08-07,CM,BSE,STK,544245,INE0N4701016,NHL,M,,,,,Naturewings Holidays Limited,90.59,93.0,90.59,93.0,93.0,90.59,,93.0,,,12800,1180944.0,8,F1,1600,,,,,
2025-08-07,2025-08-07,CM,BSE,STK,544246,INE0DAB01012,RVTH,T,,,,,Revathi Equipment India Limite,898.6,923.0,883.25,923.0,923.0,901.25,,923.0,,,151,135437.0,18,F1,1,,,,,
2025-08-07,2025-08-07,CM,BSE,STK,544247,INF740KA1UR9,TOP10ADD,B,,,,,DSP Mutual Fund,95.31,95.49,94.26,95.2,95.49,95.16,,95.1,,,13837,1309654.0,224,F1,1,,,,,
2025-08-07,2025-08-07,CM,BSE,STK,544248,INE0UYT01018,MCEL,M,,,,,MACH CONFERENCES AND EVENTS LI,137.1,139.0,134.3,134.45,134.3,137.35,,134.45,,,4800,651270.0,8,F1,600,,,,,
2025-08-07,2025-08-07,CM,BSE,STK,544249,INE0S2G01011,BALAJEE,B,,,,,SHREE TIRUPATI BALAJEE AGRO TR,48.64,48.9,46.27,48.68,48.68,47.51,,48.58,,,11188,531590.0,474,F1,1,,,,,
2025-08-07,2025-08-07,CM,BSE,STK,544250,INE0UOS01011,SANOFICONR,A,,,,,Sanofi Consumer Healthcare Ind,5100.05,5270.95,5028.2,5166.55,5199.95,5360.3,,5180.5,,,391,2015724.0,162,F1,1,,,,,
2025-08-07,2025-08-07,CM,BSE,STK,544251,INE0LY301010,SSL,M,,,,,Share Samadhan Limited,69.65,69.65,69.65,69.65,69.65,69.99,,69.65,,,1600,111440.0,1,F1,1600,,,,,
2025-08-07,2025-08-07,CM,BSE,STK,544252,INE377Y01014,BAJAJHFL,A,,,,,Bajaj Housing Finance Limited,113.35,114.25,111.1,113.05,113.05,113.3,,113.03,,,1065737,120228664.0,11500,F1,1,,,,,
2025-08-07,2025-08-07,CM,BSE,STK,544253,INE0O6601022,KROSS,B,,,,,Kross Limited,165.45,171.0,165.45,169.4,169.4,168.5,,169.1,,,7719,1307395.0,268,F1,1,,,,,
2025-08-07,2025-08-07,CM,BSE,STK,544254,INE0RWQ01014,TOLINS,B,,,,,Tolins Tyres Limited,142.0,152.15,141.8,150.8,151.7,144.35,,150.44,,,15907,2317544.0,472,F1,1,,,,,
2025-08-07,2025-08-07,CM,BSE,STK,544256,INE953R01016,PNGJL,A,,,,,P N GADGIL JEWELLERS LIMITED,555.05,563.25,539.9,551.25,555.0,558.65,,551.25,,,41402,22788409.0,2382,F1,1,,,,,
2025-08-07,2025-08-07,CM,BSE,STK,544257,INE0Q3401017,SAFE,MT,,,,,Sodhani Academy of Fintech Ena,280.5,280.5,280.5,280.5,280.5,280.65,,280.5,,,500,140250.0,1,F1,500,,,,,
2025-08-07,2025-08-07,CM,BSE,STK,544258,INE0CJF01024,WCIL,B,,,,,Western Carriers (India) Limit,114.15,116.1,111.45,114.45,114.9,114.35,,114.43,,,71786,8176602.0,1041,F1,1,,,,,
2025-08-07,2025-08-07,CM,BSE,STK,544259,INE0PZB01013,PFL,M,,,,,POPULAR FOUNDATIONS LIMITED,35.9,35.9,34.5,34.5,34.5,35.5,,34.5,,,33000,1168650.0,4,F1,3000,,,,,
2025-08-07,2025-08-07,CM,BSE,STK,544260,INE850M01015,NORTHARC,A,,,,,Northern Arc Capital Ltd.,220.0,228.45,217.25,227.6,227.1,222.1,,227.6,,,105573,23460451.0,1598,F1,1,,,,,
2025-08-07,2025-08-07,CM,BSE,STK,544261,INE0QRL01017,ARKADE,B,,,,,ARKADE DEVELOPERS LIMITED,177.9,183.1,173.05,182.2,183.1,176.65,,182.2,,,98274,17586004.0,1579,F1,1,,,,,
2025-08-07,2025-08-07,CM,BSE,STK,544262,INE939X01013,MANBA,B,,,,,Manba Finance Limited,139.0,139.0,136.15,138.35,138.5,139.85,,138.3,,,8162,1124904.0,410,F1,1,,,,,
2025-08-07,2025-08-07,CM,BSE,STK,544263,INE0Q3J01015,KRN,B,,,,,KRN HEAT EXCHANGER AND REFRIGE,846.95,889.0,834.95,883.7,883.7,841.6,,883.7,,,50314,43574392.0,2129,F1,1,,,,,
2025-08-07,2025-08-07,CM,BSE,STK,544264,INE184O01015,DIFFNKG,B,,,,,Diffusion Engineers Limited,322.15,325.3,315.0,321.6,321.5,324.95,,321.55,,,16043,5129934.0,606,F1,1,,,,,
2025-08-07,2025-08-07,CM,BSE,STK,544266,INF769K01LZ4,BANKPSU,B,,,,,Mirae Asset Mutual Fund,69.06,69.48,68.07,69.44,69.33,69.4,,69.4,,,952,65786.0,27,F1,1,,,,,
2025-08-07,2025-08-07,CM,BSE,STK,544267,INE0U6201010,SUBAM,M,,,,,SUBAM PAPERS LIMITED,107.0,120.8,104.0,117.88,116.0,105.0,,117.88,,,191200,21776280.0,196,F1,800,,,,,
2025-08-07,2025-08-07,CM,BSE,STK,544268,INF769K01LY7,METAL,B,,,,,Mirae Asset Mutual Fund,9.34,9.36,9.16,9.32,9.36,9.33,,9.34,,,239149,2210293.0,261,F1,1,,,,,
2025-08-07,2025-08-07,CM,BSE,STK,544269,INE471R01019,NPFL,M,,,,,NEOPOLITAN PIZZA AND FOODS LIM,13.1,13.1,13.1,13.1,13.1,13.3,,13.1,,,6000,78600.0,1,F1,6000,,,,,
2025-08-07,2025-08-07,CM,BSE,STK,544270,INE0S9501014,KGVL,M,,,,,Khyati Global Ventures Limited,65.0,66.75,65.0,65.25,65.25,65.0,,65.25,,,6000,394260.0,5,F1,1200,,,,,
2025-08-07,2025-08-07,CM,BSE,STK,544271,INE0JVO01026,GARUDA,B,,,,,Garuda Construction and Engine,171.7,178.8,169.4,172.95,172.95,174.1,,172.86,,,172638,30040666.0,2275,F1,1,,,,,
2025-08-07,2025-08-07,CM,BSE,STK,544272,INE0YRO01015,SHIVTEXCHEM,M,,,,,SHIV TEXCHEM LIMITED,258.6,260.0,255.0,258.3,259.95,265.0,,258.3,,,6400,1651600.0,8,F1,800,,,,,
2025-08-07,2025-08-07,CM,BSE,STK,544273,INE0APB01032,MGEL,B,,,,,MANGALAM GLOBAL ENTERPRISE LIM,17.39,17.39,16.38,16.59,16.61,16.85,,16.59,,,134477,2229851.0,211,F1,1,,,,,
2025-08-07,2025-08-07,CM,BSE,STK,544274,INE0V6F01027,HYUNDAI,A,,,,,HYUNDAI MOTOR INDIA LIMITED,2136.0,2157.45,2107.85,2139.9,2133.9,2169.55,,2140.2,,,21819,46573150.0,3195,F1,1,,,,,
2025-08-07,2025-08-07,CM,BSE,STK,544275,INF109KC16X5,VAL30IETF,B,,,,,ICICI Prudential Mutual Fund,12.83,12.88,12.7,12.82,12.82,12.89,,12.87,,,11446,146248.0,105,F1,1,,,,,
2025-08-07,2025-08-07,CM,BSE,STK,544276,INE0OPA01019,DBEIL,B,,,,,Deepak Builders and Engineers,134.15,134.5,132.5,133.8,133.8,134.35,,133.55,,,2448,327208.0,105,F1,1,,,,,
2025-08-07,2025-08-07,CM,BSE,STK,544277,INE377N01017,WAAREEENER,B,,,,,Waaree Energies Limited,3198.95,3206.3,3102.9,3162.25,3170.0,3218.1,,3162.9,,,146242,462254253.0,11059,F1,1,,,,,
2025-08-07,2025-08-07,CM,BSE,STK,544278,INE0PK601023,OCCLLTD,T,,,,,OCCL Limited,136.0,143.9,133.0,136.6,136.0,137.6,,137.6,,,41670,5674816.0,104,F1,1,,,,,
2025-08-07,2025-08-07,CM,BSE,STK,544279,INE497S01012,GODAVARIB,T,,,,,Godavari Biorefineries Limited,294.2,305.0,289.6,294.0,296.5,296.1,,296.1,,,3440,1015298.0,98,F1,1,,,,,
2025-08-07,2025-08-07,CM,BSE,STK,544280,INE101I01011,AFCONS,B,,,,,Afcons Infrastructure Limited,402.95,411.0,401.4,409.1,411.0,403.25,,408.1,,,13532,5505896.0,660,F1,1,,,,,
2025-08-07,2025-08-07,CM,BSE,STK,544281,INE00YB01017,ABINFRA,T,,,,,A B INFRABUILD LIMITED,188.5,188.5,180.05,181.8,184.7,188.55,,182.34,,,5086,929703.0,136,F1,1,,,,,
2025-08-07,2025-08-07,CM,BSE,STK,544282,INE0W2G01015,SAGILITY,B,,,,,Sagility India Limited,44.88,46.7,44.61,46.42,46.42,45.18,,46.35,,,2305454,105302208.0,5216,F1,1,,,,,
2025-08-07,2025-08-07,CM,BSE,STK,544283,INE622W01025,ACMESOLAR,B,,,,,ACME Solar Holdings Limited,266.8,278.0,266.0,276.45,276.45,266.4,,276.75,,,111457,30366047.0,2591,F1,1,,,,,
2025-08-07,2025-08-07,CM,BSE,STK,544285,INE00H001014,SWIGGY,B,,,,,SWIGGY LIMITED,390.45,400.0,387.3,398.35,398.35,394.05,,398.5,,,708872,280726616.0,8592,F1,1,,,,,
2025-08-07,2025-08-07,CM,BSE,STK,544286,INE995S01015,NIVABUPA,B,,,,,NIVA BUPA HEALTH INSURANCE COM,80.59,81.06,79.18,80.65,80.65,80.59,,80.4,,,260519,20852637.0,3115,F1,1,,,,,
2025-08-07,2025-08-07,CM,BSE,STK,544287,INE0RU901015,MANGALCOMP,MT,,,,,Mangal Compusolution Limited,59.0,59.0,59.0,59.0,59.0,59.0,,59.0,,,3000,177000.0,1,F1,3000,,,,,
2025-08-07,2025-08-07,CM,BSE,STK,544288,INE0UIZ01018,BLACKBUCK,B,,,,,ZINKA LOGISTICS SOLUTIONS LIMI,564.65,572.7,499.1,517.7,517.7,560.3,,517.05,,,861216,464407368.0,21129,F1,1,,,,,
2025-08-07,2025-08-07,CM,BSE,STK,544289,INE0ONG01011,NTPCGREEN,B,,,,,NTPC GREEN ENERGY LIMITED,103.65,104.5,101.3,102.5,102.5,104.3,,102.45,,,328683,33720401.0,3176,F1,1,,,,,
2025-08-07,2025-08-07,CM,BSE,STK,544290,INE0LLY01014,EIEL,B,,,,,ENVIRO INFRA ENGINEERS LIMITED,248.5,262.2,247.3,260.05,260.05,246.15,,260.05,,,799880,204688322.0,9491,F1,1,,,,,
2025-08-07,2025-08-07,CM,BSE,STK,544291,INE0VN801010,RAJESH,M,,,,,RAJESH POWER SERVICES LIMITED,1445.0,1520.0,1445.0,1474.0,1470.0,1460.2,,1474.0,,,150400,224695970.0,379,F1,200,,,,,
2025-08-07,2025-08-07,CM,BSE,STK,544292,INE013P01021,ONESOURCE,B,,,,,Onesource Specialty Pharma Lim,1842.0,1894.85,1840.1,1871.05,1878.4,1875.05,,1874.2,,,3647,6803561.0,416,F1,1,,,,,
2025-08-07,2025-08-07,CM,BSE,STK,544293,INE877V01027,SURAKSHA,B,,,,,SURAKSHA DIAGNOSTIC LIMITED,288.0,298.0,283.95,295.95,297.95,290.2,,290.7,,,2070,597685.0,167,F1,1,,,,,
2025-08-07,2025-08-07,CM,BSE,STK,544294,INE0OJW01016,ROSSTECH,B,,,,,Rossell Techsys Limited,565.0,605.5,551.8,594.55,588.85,578.35,,590.15,,,22326,13129224.0,1664,F1,1,,,,,
2025-08-07,2025-08-07,CM,BSE,STK,544295,INE19RO25013,PSPLATINA,IF,,,,,Property Share Investment Trus,972000.0,972000.0,970000.0,970000.0,970000.0,976500.0,,970000.0,,,4,3886000.0,4,F1,1,,,,,
2025-08-07,2025-08-07,CM,BSE,STK,544296,INE0DQN01013,NISUS,M,,,,,NISUS FINANCE SERVICES CO LIMI,378.0,386.0,367.0,371.0,368.05,379.75,,371.0,,,31200,11744260.0,63,F1,400,,,,,
2025-08-07,2025-08-07,CM,BSE,STK,544301,INE054301028,ODIGMA,T,,,,,Odigma Consultancy Solutions L,34.75,34.75,33.4,33.96,33.96,34.75,,33.89,,,3085,104446.0,204,F1,1,,,,,
2025-08-07,2025-08-07,CM,BSE,STK,544302,INE403Y01018,INNOVANA,B,,,,,Innovana Thinklabs Limited,500.0,513.0,485.0,488.0,488.0,483.85,,485.35,,,84,41253.0,17,F1,1,,,,,
2025-08-07,2025-08-07,CM,BSE,STK,544303,INE0XAY01012,TTC,M,,,,,TOSS THE COIN LIMITED,345.0,345.0,345.0,345.0,345.0,340.0,,345.0,,,600,207000.0,2,F1,300,,,,,
2025-08-07,2025-08-07,CM,BSE,STK,544304,INE0WCH01015,JUNGLECAMP,MT,,,,,JUNGLE CAMPS INDIA LIMITED,55.0,55.2,52.63,53.05,52.63,55.39,,53.05,,,43200,2315056.0,26,F1,1600,,,,,
2025-08-07,2025-08-07,CM,BSE,STK,544305,INE0HLU01028,MOBIKWIK,B,,,,,One Mobikwik Systems Limited,234.05,236.4,230.2,234.3,235.7,234.55,,234.49,,,85751,20009938.0,1583,F1,1,,,,,
2025-08-07,2025-08-07,CM,BSE,STK,544306,INE570L01029,SAILIFE,B,,,,,Sai Life Sciences Limited,781.05,799.8,779.45,791.1,789.4,792.85,,791.55,,,3371,2654245.0,416,F1,1,,,,,
2025-08-07,2025-08-07,CM,BSE,STK,544307,INE01EA01019,VMM,B,,,,,Vishal Mega Mart Limited,145.8,148.8,142.5,144.65,144.65,146.45,,144.55,,,1309692,190964806.0,9538,F1,1,,,,,
2025-08-07,2025-08-07,CM,BSE,STK,544308,INE168C01013,HILLTONE,X,,,,,Hilltone Software and Gases Lt,40.0,41.94,39.0,41.94,41.94,40.0,,41.94,,,849,33131.0,6,F1,1,,,,,
2025-08-07,2025-08-07,CM,BSE,STK,544309,INE115Q01022,IKS,B,,,,,INVENTURUS KNOWLEDGE SOLUTIONS,1586.45,1638.0,1578.0,1622.15,1622.15,1602.5,,1623.2,,,27848,44905985.0,2342,F1,1,,,,,
2025-08-07,2025-08-07,CM,BSE,STK,544310,INE00GK01023,YASHHV,M,,,,,Yash Highvoltage Limited,522.0,529.95,509.0,516.8,514.0,522.95,,516.8,,,78000,40167500.0,78,F1,1000,,,,,
2025-08-07,2025-08-07,CM,BSE,STK,544311,INE0Q9301021,IGIL,B,,,,,International Gemmological Ins,358.5,365.15,353.45,356.9,358.0,365.9,,357.1,,,27296,9796797.0,904,F1,1,,,,,
2025-08-07,2025-08-07,CM,BSE,STK,544312,INE0QBD01018,HAMPS,MT,,,,,HAMPS BIO LIMITED,57.1,57.71,57.1,57.71,57.71,54.97,,57.71,,,4000,229620.0,2,F1,2000,,,,,
2025-08-07,2025-08-07,CM,BSE,STK,544314,INE0JPD01013,SANATHAN,B,,,,,Sanathan Textiles Limited,479.35,480.45,462.4,477.85,475.0,486.15,,476.5,,,8872,4185993.0,731,F1,1,,,,,
2025-08-07,2025-08-07,CM,BSE,STK,544315,INE037Z01029,CEWATER,B,,,,,Concord Enviro Systems Limited,566.0,572.5,558.45,562.4,564.0,568.2,,563.3,,,5152,2911797.0,532,F1,1,,,,,
2025-08-07,2025-08-07,CM,BSE,STK,544316,INE284H01025,DAMCAPITAL,B,,,,,DAM Capital Advisors Limited,211.95,214.5,207.95,213.4,213.0,208.85,,212.9,,,93825,19712332.0,2313,F1,1,,,,,
2025-08-07,2025-08-07,CM,BSE,STK,544317,INE454P01035,TRANSRAILL,B,,,,,Transrail Lighting Limited,795.1,824.95,776.0,785.85,785.85,792.65,,784.55,,,914782,736052333.0,19624,F1,1,,,,,
2025-08-07,2025-08-07,CM,BSE,STK,544318,INE0TO701015,MAMATA,B,,,,,MAMATA MACHINERY LIMITED,460.35,479.25,452.2,471.0,477.7,465.5,,470.8,,,101987,47437421.0,2170,F1,1,,,,,
2025-08-07,2025-08-07,CM,BSE,STK,544319,INE0RB801010,SENORES,B,,,,,SENORES PHARMACEUTICALS LIMITE,646.2,672.0,641.1,667.55,672.0,645.8,,667.55,,,9004,5934750.0,483,F1,1,,,,,
2025-08-07,2025-08-07,CM,BSE,STK,544320,INE0V7W01012,CARRARO,B,,,,,CARRARO INDIA LIMITED,432.65,443.8,427.0,433.6,429.8,438.5,,432.4,,,10148,4404102.0,927,F1,1,,,,,
2025-08-07,2025-08-07,CM,BSE,STK,544321,INE781S01027,VENTIVE,B,,,,,Ventive Hospitality Limited,743.3,755.65,736.6,746.8,744.3,759.15,,746.9,,,3633,2708147.0,331,F1,1,,,,,
2025-08-07,2025-08-07,CM,BSE,STK,544322,INE0U3I01011,UNIMECH,T,,,,,Unimech Aerospace and Manufact,1128.0,1128.0,1085.0,1100.4,1116.0,1104.2,,1108.3,,,1095,1209793.0,138,F1,1,,,,,
2025-08-07,2025-08-07,CM,BSE,STK,544323,INF769K01NS5,CONSUMER,B,,,,,Mirae Asset Mutual Fund,11.58,11.65,11.46,11.61,11.65,11.6,,11.61,,,19164,221282.0,61,F1,1,,,,,
2025-08-07,2025-08-07,CM,BSE,STK,544324,INE0A8401016,CITICHEM,MT,,,,,Citichem India Limited,27.5,27.59,27.5,27.59,27.59,27.05,,27.59,,,6000,165180.0,3,F1,2000,,,,,
2025-08-07,2025-08-07,CM,BSE,STK,544325,INE379A01028,ITCHOTELS,B,,,,,ITC Hotels Limited,231.25,235.5,229.85,234.8,234.5,232.0,,234.71,,,61698,14369465.0,1313,F1,1,,,,,
2025-08-07,2025-08-07,CM,BSE,STK,544326,INF754K01TX4,ECAPINSURE,B,,,,,Edelweiss Mutual Fund,22.5,22.94,22.5,22.94,22.94,22.77,,22.99,,,2585,59099.0,6,F1,1,,,,,
2025-08-07,2025-08-07,CM,BSE,STK,544327,INE0ZHT01012,TECHNICHEM,M,,,,,TECHNICHEM ORGANICS LIMITED,40.05,40.5,40.0,40.0,40.0,42.0,,40.0,,,8000,321100.0,4,F1,2000,,,,,
2025-08-07,2025-08-07,CM,BSE,STK,544328,INE622H01018,INDOFARM,B,,,,,INDO FARM EQUIPMENT LIMITED,186.5,211.05,184.35,203.95,203.95,186.7,,203.83,,,107800,21945967.0,2573,F1,1,,,,,
2025-08-07,2025-08-07,CM,BSE,STK,544329,INE0RH001011,VANDU,MT,,,,,LEO DRYFRUITS & SPICES TRADING,75.25,75.25,74.19,74.19,74.19,76.0,,74.19,,,4000,298880.0,2,F1,2000,,,,,
2025-08-07,2025-08-07,CM,BSE,STK,544330,INE0QQJ01021,PARMESHWAR,M,,,,,PARMESHWAR METAL LIMITED,69.55,69.88,69.55,69.68,69.88,70.0,,69.68,,,6000,418060.0,3,F1,2000,,,,,
2025-08-07,2025-08-07,CM,BSE,STK,544331,INE0Q2L01013,DAVIN,MT,,,,,Davin Sons Retail Limited,25.0,25.0,25.0,25.0,25.0,23.81,,25.0,,,2000,50000.0,1,F1,2000,,,,,
2025-08-07,2025-08-07,CM,BSE,STK,544332,INE0HSD01011,FABCLEAN,MT,,,,,FABTECH TECHNOLOGIES CLEANROOM,416.4,416.4,416.35,416.35,416.35,424.8,,416.35,,,4000,1665440.0,6,F1,400,,,,,
2025-08-07,2025-08-07,CM,BSE,STK,544333,INE0M4D01010,SGLTL,T,,,,,STANDARD GLASS LINING TECHNOLO,170.0,173.6,164.6,166.15,168.9,173.25,,166.27,,,76411,12830063.0,820,F1,1,,,,,
2025-08-07,2025-08-07,CM,BSE,STK,544334,INE0FK501019,INDOBELL,MT,,,,,Indobell Insulations Limited,122.75,122.75,122.75,122.75,122.75,122.0,,122.75,,,750,92062.0,1,F1,750,,,,,
2025-08-07,2025-08-07,CM,BSE,STK,544335,INE00ST01011,BRGIL,M,,,,,B.R.GOYAL INFRASTRUCTURE LIMIT,158.6,166.0,155.1,157.25,156.0,154.6,,157.25,,,83000,13272750.0,65,F1,1000,,,,,
2025-08-07,2025-08-07,CM,BSE,STK,544336,INE0LRY01011,QUADFUTURE,B,,,,,Quadrant Future Tek Limited,400.0,402.6,381.55,391.75,391.75,397.0,,390.6,,,18342,7177333.0,759,F1,1,,,,,
2025-08-07,2025-08-07,CM,BSE,STK,544338,INE0Z8Z23013,CAPINVIT,IF,,,,,Capital Infra Trust,80.0,80.9,78.05,78.97,78.96,80.71,,78.99,,,27507,2171917.0,342,F1,1,,,,,
2025-08-07,2025-08-07,CM,BSE,STK,544339,INE0WO601020,LAXMIDENTL,B,,,,,Laxmi Dental Limited,407.45,411.9,398.9,400.8,402.0,410.75,,400.6,,,9951,4009960.0,598,F1,1,,,,,
2025-08-07,2025-08-07,CM,BSE,STK,544340,INE0CFH01028,RIKHAV,MT,,,,,Rikhav Securities Limited,70.51,72.0,70.51,71.85,72.0,71.37,,71.85,,,16000,1140000.0,10,F1,1600,,,,,
2025-08-07,2025-08-07,CM,BSE,STK,544341,INE12QA01010,LGLL,M,,,,,LANDMARK GLOBAL LEARNING LIMIT,57.51,64.0,57.51,63.25,63.25,57.51,,63.25,,,51200,3129696.0,32,F1,1600,,,,,
2025-08-07,2025-08-07,CM,BSE,STK,544342,INE0RYC01010,STALLION,B,,,,,Stallion India Fluorochemicals,139.55,141.65,122.3,128.1,128.1,138.35,,128.18,,,257134,33659978.0,2381,F1,1,,,,,
2025-08-07,2025-08-07,CM,BSE,STK,544343,INE0WXM01011,CNINFOTECH,MT,,,,,CAPITALNUMBERS INFOTECH  LIMIT,115.5,118.15,113.45,117.85,117.85,119.4,,117.85,,,39600,4542880.0,85,F1,400,,,,,
2025-08-07,2025-08-07,CM,BSE,STK,544344,INE526E01018,SHRIPISTON,B,,,,,SHRIRAM PISTONS & RINGS LTD,2372.4,2469.9,2372.4,2439.55,2390.25,2421.25,,2447.9,,,4931,11954051.0,580,F1,1,,,,,
2025-08-07,2025-08-07,CM,BSE,STK,544345,INE0R4L01018,DENTA,B,,,,,Denta Water and Infra Solution,303.6,315.5,301.95,313.2,313.2,306.9,,312.4,,,45489,13971954.0,929,F1,1,,,,,
2025-08-07,2025-08-07,CM,BSE,STK,544346,INE0AK901016,RRECL,XT,,,,,RDB Real Estate Constructions,322.85,335.95,322.85,335.0,335.0,329.4,,335.0,,,37432,12446276.0,370,F1,1,,,,,
2025-08-07,2025-08-07,CM,BSE,STK,544347,INE0WDX01010,CLN,MT,,,,,CLN ENERGY LIMITED,492.55,493.0,492.05,493.0,493.0,502.05,,493.0,,,19800,9754920.0,26,F1,600,,,,,
2025-08-07,2025-08-07,CM,BSE,STK,544348,INE0RWU01016,GBLOGISTIC,MT,,,,,GB Logistics Commerce Limited,49.38,49.38,49.38,49.38,49.38,50.36,,49.38,,,1200,59256.0,1,F1,1200,,,,,
2025-08-07,2025-08-07,CM,BSE,STK,544349,INE0DZD01015,HMEML,MT,,,,,H.M. ELECTRO MECH LIMITED,67.5,67.5,67.25,67.38,67.5,68.0,,67.38,,,8000,539200.0,5,F1,1600,,,,,
2025-08-07,2025-08-07,CM,BSE,STK,544350,INE943P01029,AGARWALEYE,B,,,,,Dr. Agarwal's Health Care Limi,441.05,441.05,426.95,433.0,431.55,447.65,,433.2,,,18684,8071071.0,1036,F1,1,,,,,
2025-08-07,2025-08-07,CM,BSE,STK,544351,INE0YON01014,MALPANI,M,,,,,MALPANI PIPES AND FITTINGS LIM,73.79,75.85,72.5,75.26,75.55,72.31,,75.26,,,43200,3225584.0,26,F1,1600,,,,,
2025-08-07,2025-08-07,CM,BSE,STK,544352,INF740KA1VE5,NEXT30ADD,B,,,,,DSP Mutual Fund,37.87,37.87,37.87,37.87,37.87,38.44,,38.13,,,1,37.0,1,F1,1,,,,,
2025-08-07,2025-08-07,CM,BSE,STK,544353,INE0U2L01017,AMWILL,M,,,,,Amwill Health Care Limited,61.1,61.1,60.0,60.38,60.75,62.3,,60.38,,,4800,291060.0,4,F1,1200,,,,,
2025-08-07,2025-08-07,CM,BSE,STK,544354,INE0W0H01017,SOLARIUM,MT,,,,,SOLARIUM GREEN ENERGY LIMITED,351.0,351.0,337.25,342.8,345.0,355.0,,342.8,,,59400,20241270.0,68,F1,600,,,,,
2025-08-07,2025-08-07,CM,BSE,STK,544355,INE03CC01015,JUBLCPL,B,,,,,Jubilant Agri and Consumer Pro,2185.0,2210.6,2085.3,2121.15,2112.1,2165.7,,2127.6,,,838,1787364.0,286,F1,1,,,,,
2025-08-07,2025-08-07,CM,BSE,STK,544356,INE274Y01021,AJAXENGG,B,,,,,AJAX Engineering Limited,650.0,682.0,643.8,678.45,678.45,651.5,,678.65,,,19558,12987985.0,1210,F1,1,,,,,
2025-08-07,2025-08-07,CM,BSE,STK,544361,INE0R8101016,COVANCE,XT,,,,,COVANCE SOFTSOL LIMITED,30.31,30.31,30.31,30.31,30.31,29.72,,30.31,,,1,30.0,1,F1,1,,,,,
2025-08-07,2025-08-07,CM,BSE,STK,544362,INE093A01041,HEXT,B,,,,,Hexaware Technologies Limited,719.95,728.2,714.6,725.55,726.05,722.9,,725.1,,,9553,6893337.0,622,F1,1,,,,,
2025-08-07,2025-08-07,CM,BSE,STK,544364,INE0O9T01021,BAJAJINDEF,B,,,,,Indef Manufacturing Limited,413.95,437.95,411.35,424.65,418.0,417.65,,423.4,,,4200,1787793.0,180,F1,1,,,,,
2025-08-07,2025-08-07,CM,BSE,STK,544365,INE0TD301017,SHANMUGA,M,,,,,SHANMUGA HOSPITAL LIMITED,46.5,48.0,46.5,47.0,47.0,46.5,,47.0,,,10000,472860.0,5,F1,2000,,,,,
2025-08-07,2025-08-07,CM,BSE,STK,544366,INE0FFF01017,LKMEHTA,M,,,,,L.K.MEHTA POLYMERS LIMITED,49.75,49.75,49.75,49.75,49.75,49.75,,49.75,,,1600,79600.0,1,F1,1600,,,,,
2025-08-07,2025-08-07,CM,BSE,STK,544367,INE0SII01026,QPOWER,B,,,,,QUALITY POWER ELECTRICAL EQUIP,740.05,795.0,728.55,778.25,795.0,741.1,,777.55,,,58271,44216165.0,2570,F1,1,,,,,
2025-08-07,2025-08-07,CM,BSE,STK,544368,INE0TIR01017,SWASTH,MT,,,,,Swasth Foodtech India Limited,32.0,32.0,31.99,31.99,31.99,30.77,,31.99,,,8400,268752.0,5,F1,1200,,,,,
2025-08-07,2025-08-07,CM,BSE,STK,544369,INE13VU01016,BEEZAASAN,M,,,,,Beezaasan Explotech Limited,210.55,219.4,208.7,210.6,212.0,215.3,,210.6,,,25600,5434440.0,32,F1,800,,,,,
2025-08-07,2025-08-07,CM,BSE,STK,544370,INE0VYX01018,NUKLEUS,M,,,,,NUKLEUS OFFICE SOLUTIONS LIMIT,185.0,185.0,185.0,185.0,185.0,185.0,,185.0,,,600,111000.0,1,F1,600,,,,,
2025-08-07,2025-08-07,CM,BSE,STK,544371,INE0NR501012,VIKRAMAR,XT,,,,,VIKRAM AROMA LIMITED,121.8,121.8,117.15,117.15,117.15,119.5,,117.15,,,2414,292100.0,13,F1,1,,,,,
2025-08-07,2025-08-07,CM,BSE,STK,544372,INE0RXS01018,SHREENATH,MT,,,,,SHREENATH PAPER PRODUCTS LIMIT,23.15,23.15,23.15,23.15,23.15,22.05,,23.15,,,15000,347250.0,5,F1,3000,,,,,
2025-08-07,2025-08-07,CM,BSE,STK,544375,INF579M01BB5,GOLD360,E,,,,,360 ONE Mutual Fund,99.6,99.98,99.6,99.95,99.95,99.0,,99.5,,,237,23618.0,10,F1,1,,,,,
2025-08-07,2025-08-07,CM,BSE,STK,544376,INF769K01ON4,SELECTIPO,B,,,,,Mirae Asset Mutual Fund,48.19,48.36,47.79,48.27,48.36,48.37,,48.38,,,573,27570.0,31,F1,1,,,,,
2025-08-07,2025-08-07,CM,BSE,STK,544377,INF769K01OA1,EQUAL200,B,,,,,Mirae Asset Mutual Fund,12.64,12.74,12.54,12.74,12.74,12.74,,12.71,,,10578,132675.0,12,F1,1,,,,,
2025-08-07,2025-08-07,CM,BSE,STK,544379,INE0I0M01023,PRABHA,B,,,,,Prabha Energy Limited,250.75,265.2,250.7,264.5,264.0,257.9,,265.05,,,2994,776899.0,134,F1,1,,,,,
2025-08-07,2025-08-07,CM,BSE,STK,544380,INF109K1A021,CASHIETF,F,,,,,ICICI Prudential Mutual Fund,1018.0,1022.43,1018.0,1022.43,1022.43,1022.29,,1022.42,,,3,3062.0,3,F1,1,,,,,
2025-08-07,2025-08-07,CM,BSE,STK,544381,INE16IQ01014,SUPERIRON,M,,,,,Super Iron Foundry Limited,37.4,38.0,36.75,38.0,38.0,38.03,,38.0,,,21600,814392.0,17,F1,1200,,,,,
2025-08-07,2025-08-07,CM,BSE,STK,544382,INF846KA1119,AXISVALUE,B,,,,,Axis Mutual Fund,27.83,27.95,27.55,27.95,27.95,27.98,,27.8,,,2076,57500.0,27,F1,1,,,,,
2025-08-07,2025-08-07,CM,BSE,STK,544383,INE0SMW01011,PPARIVAH,MT,,,,,PARADEEP PARIVAHAN LIMITED,119.95,122.35,119.95,122.35,122.35,122.35,,122.35,,,7200,866520.0,6,F1,1200,,,,,
2025-08-07,2025-08-07,CM,BSE,STK,544384,INF0R8F01091,SILVERCASE,E,,,,,Zerodha Mutual Fund,11.84,11.96,11.66,11.76,11.76,11.56,,11.74,,,72544,850873.0,157,F1,1,,,,,
2025-08-07,2025-08-07,CM,BSE,STK,544385,INF200KB1712,SBIBPB,B,,,,,SBI Mutual Fund,41.5,41.5,39.49,40.0,39.98,40.2,,40.07,,,3847,152602.0,106,F1,1,,,,,
2025-08-07,2025-08-07,CM,BSE,STK,544386,INE01EO01010,SPECTRUM,B,,,,,Spectrum Electrical Industries,1493.0,1509.9,1476.0,1478.5,1483.0,1543.1,,1485.4,,,457,686712.0,113,F1,1,,,,,
2025-08-07,2025-08-07,CM,BSE,STK,544387,INE0TGG01014,DESCO,MT,,,,,Desco Infratech Limited,252.0,254.95,243.0,249.35,249.95,250.0,,249.35,,,32000,7973750.0,32,F1,1000,,,,,
2025-08-07,2025-08-07,CM,BSE,STK,544388,INE0PA401012,IDENTIXWEB,M,,,,,Identixweb Limited,62.1,63.25,62.1,63.25,63.25,61.7,,63.25,,,4000,250700.0,2,F1,2000,,,,,
2025-08-07,2025-08-07,CM,BSE,STK,544389,INF579M01BC3,SILVER360,E,,,,,360 ONE Mutual Fund,113.0,113.87,113.0,113.0,113.0,113.0,,113.43,,,142,16055.0,18,F1,1,,,,,
2025-08-07,2025-08-07,CM,BSE,STK,544390,INE1NPP01017,ENRIN,B,,,,,Siemens Energy India Limited,3160.0,3199.95,3120.0,3180.85,3180.85,3164.1,,3175.7,,,46392,146484730.0,5379,F1,1,,,,,
2025-08-07,2025-08-07,CM,BSE,STK,544391,INE0KWJ01014,RETAGGIO,M,,,,,Retaggio Industries Limited,24.4,25.0,24.3,25.0,25.0,24.25,,25.0,,,156000,3822720.0,19,F1,6000,,,,,
2025-08-07,2025-08-07,CM,BSE,STK,544392,INE10XX01012,SPINAROO,M,,,,,SPINAROO COMMERCIAL LIMITED,52.32,52.8,51.0,52.06,52.8,55.2,,52.06,,,10000,521140.0,5,F1,2000,,,,,
2025-08-07,2025-08-07,CM,BSE,STK,544393,INE12IB01015,INFONATIVE,MT,,,,,INFONATIVE SOLUTIONS LIMITED,34.31,34.6,33.9,34.21,34.21,35.1,,34.21,,,16000,549072.0,10,F1,1600,,,,,
2025-08-07,2025-08-07,CM,BSE,STK,544394,INF109K1A153,EVIETF,B,,,,,ICICI Prudential Mutual Fund,28.9,28.98,28.63,28.98,28.98,29.0,,28.98,,,6849,197588.0,64,F1,1,,,,,
2025-08-07,2025-08-07,CM,BSE,STK,544396,INE0FFK01017,NPST,B,,,,,Network People Services Techno,2103.95,2143.95,2033.25,2070.4,2102.5,2102.35,,2082.1,,,2209,4569402.0,279,F1,1,,,,,
2025-08-07,2025-08-07,CM,BSE,STK,544397,INE0LEZ01016,ATHERENERG,B,,,,,Ather Energy Limited,389.95,401.0,382.6,398.15,401.0,385.15,,398.05,,,56039,21940686.0,1823,F1,1,,,,,
2025-08-07,2025-08-07,CM,BSE,STK,544400,INE0MV001018,MANOJJEWEL,M,,,,,Manoj Jewellers Limited,51.5,51.5,51.0,51.0,51.0,50.5,,51.0,,,8000,409000.0,4,F1,2000,,,,,
2025-08-07,2025-08-07,CM,BSE,STK,544402,INE039O01029,JASH,B,,,,,JASH ENGINEERING LIMITED,545.05,552.8,506.2,515.95,507.0,542.85,,520.3,,,18246,9569807.0,1060,F1,1,,,,,
2025-08-07,2025-08-07,CM,BSE,STK,544403,INE14LE01019,ABLBL,B,,,,,Aditya Birla Lifestyle Brands,134.0,139.55,134.0,135.3,135.35,136.45,,135.43,,,50691,6956971.0,643,F1,1,,,,,
2025-08-07,2025-08-07,CM,BSE,STK,544404,INE16SF01016,BORANA,B,,,,,BORANA WEAVES LIMITED,220.5,222.0,218.15,221.65,222.0,220.55,,221.3,,,8013,1765061.0,232,F1,1,,,,,
2025-08-07,2025-08-07,CM,BSE,STK,544405,INE894V01022,BELRISE,B,,,,,BELRISE INDUSTRIES LIMITED,135.3,137.7,133.05,137.05,137.05,135.75,,137.02,,,705337,96097113.0,3980,F1,1,,,,,
2025-08-07,2025-08-07,CM,BSE,STK,544406,INE1ABX01018,UNIFIED,M,,,,,UNIFIED DATA TECH SOLUTIONS LI,303.65,309.0,300.6,304.45,304.45,310.0,,304.45,,,31200,9497680.0,76,F1,400,,,,,
2025-08-07,2025-08-07,CM,BSE,STK,544407,INE0INX01018,AEGISVOPAK,B,,,,,AEGIS VOPAK TERMINALS LIMITED,243.05,252.0,235.1,241.3,241.3,243.85,,240.8,,,51741,12474400.0,1225,F1,1,,,,,
2025-08-07,2025-08-07,CM,BSE,STK,544408,INE0AQ201015,THELEELA,B,,,,,Schloss Bangalore Limited,419.5,429.9,417.3,429.15,428.15,420.25,,429.2,,,6808,2893197.0,295,F1,1,,,,,
2025-08-07,2025-08-07,CM,BSE,STK,544409,INE0TG901011,ASTONEALAB,M,,,,,ASTONEA LABS LIMITED,175.0,175.0,168.05,170.35,172.0,176.5,,170.35,,,30000,5103850.0,23,F1,1000,,,,,
2025-08-07,2025-08-07,CM,BSE,STK,544410,INE0BX301013,PROSTARM,B,,,,,PROSTARM INFO SYSTEMS LIMITED,202.6,214.6,202.6,209.35,209.35,202.55,,209.52,,,109209,22861024.0,1513,F1,1,,,,,
2025-08-07,2025-08-07,CM,BSE,STK,544411,INE090501011,SCODATUBES,B,,,,,Scoda Tubes Limited,183.0,184.1,176.85,182.55,182.55,183.3,,182.28,,,24732,4456829.0,522,F1,1,,,,,
2025-08-07,2025-08-07,CM,BSE,STK,544412,INE0TE101010,3BFILMS,MT,,,,,3B FILMS LIMITED,37.97,37.97,37.97,37.97,37.97,38.74,,37.97,,,36000,1366920.0,12,F1,3000,,,,,
2025-08-07,2025-08-07,CM,BSE,STK,544413,INE0U4701011,DIGITIDE,B,,,,,Digitide Solutions Limited,207.05,214.0,204.55,211.8,211.8,205.85,,211.87,,,23452,4920602.0,552,F1,1,,,,,
2025-08-07,2025-08-07,CM,BSE,STK,544414,INE0U4101014,BLUSPRING,B,,,,,Bluspring Enterprises Limited,81.55,84.08,80.13,83.35,83.79,83.15,,83.47,,,40853,3366247.0,475,F1,1,,,,,
2025-08-07,2025-08-07,CM,BSE,STK,544415,INF204KC1EZ3,SNXT30BEES,B,,,,,Nippon India Mutual Fund,37.45,38.02,37.45,38.02,38.02,38.23,,38.04,,,505,19197.0,2,F1,1,,,,,
2025-08-07,2025-08-07,CM,BSE,STK,544416,INE0GGO01015,KRISHIVAL,T,,,,,KRISHIVAL FOODS LIMITED,379.2,380.0,377.8,378.0,378.0,378.25,,376.55,,,2661,1008281.0,46,F1,1,,,,,
2025-08-07,2025-08-07,CM,BSE,STK,544417,INE0XCV01014,ATENPAPERS,MT,,,,,Aten Papers & Foam Limited,32.2,32.45,32.2,32.45,32.45,33.8,,32.45,,,3600,116472.0,3,F1,1200,,,,,
2025-08-07,2025-08-07,CM,BSE,STK,544418,INE0BYP01024,OSWALPUMPS,B,,,,,Oswal Pumps Limited,721.05,779.55,708.0,775.6,775.6,730.2,,776.2,,,53193,39871739.0,2102,F1,1,,,,,
2025-08-07,2025-08-07,CM,BSE,STK,544419,INE0H9P01028,ARISINFRA,B,,,,,ArisInfra Solutions Limited,145.8,154.15,144.9,149.7,149.6,146.35,,149.85,,,53353,8062999.0,867,F1,1,,,,,
2025-08-07,2025-08-07,CM,BSE,STK,544420,INE1SY401010,RAYMONDREL,B,,,,,Raymond Realty Limited,664.15,664.15,636.45,643.0,643.0,663.75,,644.4,,,19922,12905179.0,958,F1,1,,,,,
2025-08-07,2025-08-07,CM,BSE,STK,544421,INE236E01022,ELLEN,B,,,,,ELLENBARRIE INDUSTRIAL GASES L,541.8,541.8,513.0,526.8,526.8,541.8,,528.95,,,48171,25404846.0,2027,F1,1,,,,,
2025-08-07,2025-08-07,CM,BSE,STK,544422,INE0ZDY01011,ABRFL,M,,,,,Abram Food Limited,107.0,107.0,103.5,105.0,105.0,105.0,,105.0,,,19200,2016420.0,13,F1,1200,,,,,
2025-08-07,2025-08-07,CM,BSE,STK,544423,INE227J01012,KALPATARU,B,,,,,Kalpataru Limited,360.0,366.85,346.0,364.15,366.8,361.2,,364.6,,,15829,5659204.0,683,F1,1,,,,,
2025-08-07,2025-08-07,CM,BSE,STK,544424,INE0V3U01015,GLOBECIVIL,B,,,,,GLOBE CIVIL PROJECTS LIMITED,77.0,77.98,76.04,77.15,77.25,77.61,,77.17,,,49568,3809481.0,626,F1,1,,,,,
2025-08-07,2025-08-07,CM,BSE,STK,544426,INE0Y0E01012,ICON,MT,,,,,Icon Facilitators Limited,48.4,50.01,48.4,50.01,50.0,50.9,,50.01,,,8400,413208.0,7,F1,1200,,,,,
2025-08-07,2025-08-07,CM,BSE,STK,544427,INF109K1A344,TOP15IETF,B,,,,,ICICI Prudential Mutual Fund,10.09,10.29,10.02,10.11,10.11,10.11,,10.1,,,2562,25884.0,16,F1,1,,,,,
2025-08-07,2025-08-07,CM,BSE,STK,544428,INE0SC101013,SEVL,M,,,,,SUPERTECH EV LIMITED,48.69,50.0,48.0,48.4,48.4,48.27,,48.4,,,30000,1467552.0,23,F1,1200,,,,,
2025-08-07,2025-08-07,CM,BSE,STK,544429,INE756I01012,HDBFS,B,,,,,HDB FINANCIAL SERVICES LIMITED,732.3,754.8,732.3,751.5,751.5,738.0,,751.65,,,190243,141677141.0,8394,F1,1,,,,,
2025-08-07,2025-08-07,CM,BSE,STK,544430,INE12NJ01018,SAMBHV,B,,,,,SAMBHV STEEL TUBES LIMITED,118.8,125.7,117.3,124.6,125.5,120.05,,124.59,,,323350,39431707.0,2776,F1,1,,,,,
2025-08-07,2025-08-07,CM,BSE,STK,544431,INE0S9X01011,ACEALPHA,MT,,,,,Ace Alpha Tech Limited,120.0,120.0,115.9,118.85,119.25,122.0,,118.85,,,226000,26554900.0,34,F1,2000,,,,,
2025-08-07,2025-08-07,CM,BSE,STK,544432,INE05J901018,IGCL,B,,,,,Indogulf Cropsciences Limited,102.2,104.65,101.0,103.85,103.9,102.95,,104.01,,,33109,3405856.0,432,F1,1,,,,,
2025-08-07,2025-08-07,CM,BSE,STK,544433,INE130701019,VALINDIA,MT,,,,,Valencia India Limited,34.32,34.5,32.77,32.77,32.77,34.49,,32.77,,,172800,5738448.0,76,F1,1200,,,,,
2025-08-07,2025-08-07,CM,BSE,STK,544434,INE0UZO01024,NEETUYOSHI,M,,,,,Neetu Yoshi Limited,118.8,118.8,111.0,112.05,112.05,115.65,,112.05,,,225600,25694080.0,140,F1,1600,,,,,
2025-08-07,2025-08-07,CM,BSE,STK,544435,INE0W1601012,ADCOUNTY,M,,,,,ADCOUNTY MEDIA INDIA LIMITED,125.05,128.95,122.6,126.7,126.7,128.35,,126.7,,,267200,33519360.0,129,F1,1600,,,,,
2025-08-07,2025-08-07,CM,BSE,STK,544436,INE0RDJ01019,VANDAN,MT,,,,,VANDAN FOODS LIMITED,36.75,37.27,33.73,35.81,35.81,35.5,,35.81,,,298800,11028780.0,210,F1,1200,,,,,
2025-08-07,2025-08-07,CM,BSE,STK,544437,INE0TBQ01014,MARCLOIRE,M,,,,,MARC LOIRE FASHIONS LIMITED,52.94,59.95,52.94,58.75,58.75,53.6,,58.75,,,62400,3567492.0,32,F1,1200,,,,,
2025-08-07,2025-08-07,CM,BSE,STK,544438,INF769K01PB6,INTERNET,B,,,,,Mirae Asset Mutual Fund,13.55,13.84,13.55,13.83,13.84,13.65,,13.81,,,40881,556039.0,27,F1,1,,,,,
2025-08-07,2025-08-07,CM,BSE,STK,544439,INE0S4R01014,CRIZAC,B,,,,,CRIZAC LIMITED,300.0,305.3,295.1,301.1,301.1,303.15,,300.8,,,64311,19317814.0,1209,F1,1,,,,,
2025-08-07,2025-08-07,CM,BSE,STK,544440,INE0TL001013,CRYOGENIC,M,,,,,CRYOGENIC OGS LIMITED,106.6,117.75,106.6,117.75,117.75,107.05,,117.75,,,162000,18521250.0,53,F1,3000,,,,,
2025-08-07,2025-08-07,CM,BSE,STK,544441,INE162901016,METAINFO,M,,,,,META INFOTECH LIMITED,172.15,174.2,168.0,169.15,168.7,174.2,,169.15,,,48800,8283760.0,55,F1,800,,,,,
2025-08-07,2025-08-07,CM,BSE,STK,544442,INE0VWL01017,CHEMKART,M,,,,,Chemkart India Limited,232.35,234.8,229.0,234.65,234.8,231.2,,234.65,,,11400,2630220.0,19,F1,600,,,,,
2025-08-07,2025-08-07,CM,BSE,STK,544443,INE103V01028,TRAVELFOOD,B,,,,,TRAVEL FOOD SERVICES LIMITED,1049.0,1105.0,1041.65,1095.85,1095.85,1051.0,,1095.0,,,35048,38004907.0,1889,F1,1,,,,,
2025-08-07,2025-08-07,CM,BSE,STK,544444,INE0UMC01019,GLEN,M,,,,,Glen Industries Limited,111.0,117.9,108.1,113.65,112.65,111.0,,113.65,,,117600,13473240.0,84,F1,1200,,,,,
2025-08-07,2025-08-07,CM,BSE,STK,544445,INE0SJX01015,APL,M,,,,,ASSTON PHARMACEUTICALS LIMITED,111.5,113.8,110.0,112.0,112.0,115.55,,112.0,,,20000,2233350.0,19,F1,1000,,,,,
2025-08-07,2025-08-07,CM,BSE,STK,544447,INE0NAZ01010,SMARTWORKS,B,,,,,SMARTWORKS COWORKING SPACES LI,431.45,445.85,431.0,438.65,440.0,431.45,,438.25,,,32408,14214557.0,886,F1,1,,,,,
2025-08-07,2025-08-07,CM,BSE,STK,544448,INE124Y01010,PASHUPATI,B,,,,,Pashupati Cotspin Limited,693.0,693.0,692.0,692.0,692.0,698.0,,692.2,,,29,20095.0,2,F1,1,,,,,
2025-08-07,2025-08-07,CM,BSE,STK,544449,INE0CZ201020,ANTHEM,B,,,,,Anthem Biosciences Limited,720.0,756.2,716.9,750.45,750.45,722.85,,749.7,,,62297,46048587.0,2600,F1,1,,,,,
2025-08-07,2025-08-07,CM,BSE,STK,544450,INE0TGX01019,CHEMBONDCH,B,,,,,CHEMBOND CHEMICALS  LIMITED,166.05,192.8,166.05,176.65,178.15,177.7,,175.76,,,5036,895799.0,102,F1,1,,,,,
2025-08-07,2025-08-07,CM,BSE,STK,544451,INE0LCG01010,MONIKA,M,,,,,MONIKA ALCOBEV LIMITED,293.0,294.65,285.0,292.0,294.0,293.95,,292.0,,,20400,5885980.0,44,F1,400,,,,,
2025-08-07,2025-08-07,CM,BSE,STK,544452,INE0PTF01017,SWASTIKAAL,MT,,,,,Swastika Castal Limited,89.9,92.0,88.9,91.22,92.0,93.57,,91.22,,,124000,11097220.0,52,F1,2000,,,,,
2025-08-07,2025-08-07,CM,BSE,STK,544453,INE0V0L01028,MSECL,MT,,,,,Monarch Surveyors and Engineer,308.0,313.0,299.0,299.0,299.0,314.7,,299.0,,,91800,27709380.0,139,F1,600,,,,,
2025-08-07,2025-08-07,CM,BSE,STK,544454,INE06ST01018,INDIQUBE,B,,,,,INDIQUBE SPACES LIMITED,203.0,204.7,195.3,200.5,200.5,203.05,,200.05,,,134393,27039422.0,1934,F1,1,,,,,
2025-08-07,2025-08-07,CM,BSE,STK,544455,INE18JU01028,EBGNG,B,,,,,GNG Electronics Limited,306.15,316.3,306.15,311.45,311.45,309.1,,311.45,,,158601,49471647.0,3224,F1,1,,,,,
2025-08-07,2025-08-07,CM,BSE,STK,544456,INE219Y01018,RMDRIP,B,,,,,R M DRIP AND SPRINKLERS SYSTEM,691.0,691.0,664.0,670.35,681.4,675.75,,667.7,,,10908,7464301.0,139,F1,1,,,,,
2025-08-07,2025-08-07,CM,BSE,STK,544457,INE03NU01014,BRIGHOTEL,B,,,,,Brigade Hotel Ventures Limited,79.0,82.29,79.0,81.06,81.06,81.23,,81.0,,,126231,10238731.0,1714,F1,1,,,,,
2025-08-07,2025-08-07,CM,BSE,STK,544458,INE0FMZ01045,SHREEREF,MT,,,,,SHREE REFRIGERATIONS LIMITED,157.95,162.6,153.0,158.1,159.9,157.45,,158.1,,,245000,38629500.0,217,F1,1000,,,,,
2025-08-07,2025-08-07,CM,BSE,STK,544459,INE06ZD01017,SHANTIGOLD,B,,,,,SHANTI GOLD INTERNATIONAL LIMI,222.25,233.95,219.05,226.55,227.0,222.25,,225.95,,,231966,52591246.0,3341,F1,1,,,,,
2025-08-07,2025-08-07,CM,BSE,STK,544460,INE161701011,PATELCHEM,MT,,,,,PATEL CHEM SPECIALITIES LIMITE,102.0,104.5,99.68,100.78,100.1,104.91,,100.78,,,102400,10324288.0,59,F1,1600,,,,,
2025-08-07,2025-08-07,CM,BSE,STK,544461,INE505V01016,EUROBOND,B,,,,,Euro Panel Products Limited,228.95,233.3,220.9,229.7,233.3,224.05,,229.34,,,1939,441244.0,104,F1,1,,,,,
2025-08-07,2025-08-07,CM,BSE,STK,544462,INE19RO25021,PSTITANIA,IF,,,,,PropShare Titania,1069400.0,1069400.0,1069400.0,1069400.0,1069400.0,1060000.0,,1069400.0,,,1,1069400.0,1,F1,1,,,,,
2025-08-07,2025-08-07,CM,BSE,STK,544463,INE15WN01014,REPONO,MT,,,,,REPONO LIMITED,94.2,96.0,91.01,92.88,92.65,95.49,,92.88,,,51600,4842972.0,38,F1,1200,,,,,
2025-08-07,2025-08-07,CM,BSE,STK,544464,INE1P1A01018,UML,MT,,,,,Umiya Mobile Limited,64.76,66.0,62.21,62.87,63.0,64.76,,62.87,,,22000,1395800.0,11,F1,2000,,,,,
2025-08-07,2025-08-07,CM,BSE,STK,544465,INE06WU01026,LAXMIINDIA,B,,,,,LAXMI INDIA FINANCE LIMITED,122.65,148.05,116.1,148.05,148.05,123.4,,148.6,,,1249063,175176531.0,10838,F1,1,,,,,
2025-08-07,2025-08-07,CM,BSE,STK,544466,INE819V01029,CPPLUS,B,,,,,Aditya Infotech Limited,1052.05,1169.75,1041.85,1129.5,1129.5,1065.75,,1134.0,,,124729,136565033.0,9267,F1,1,,,,,
2025-08-07,2025-08-07,CM,BSE,STK,544467,INE301O01023,NSDL,B,,,,,National Securities Depository,934.95,1123.2,930.0,1123.2,1123.2,936.0,,1123.2,,,51222856,53320468732.0,874238,F1,1,,,,,
2025-08-07,2025-08-07,CM,BSE,STK,544468,INE1LJ801017,BDI,MT,,,,,B. D. Industries (Pune) Limite,109.5,109.5,108.1,108.1,108.1,108.15,,108.1,,,123600,13370040.0,54,F1,1200,,,,,
2025-08-07,2025-08-07,CM,BSE,STK,544469,INE0V9Q01010,LOTUSDEV,B,,,,,Sri Lotus Developers and Realt,194.0,204.35,190.2,198.0,198.0,196.85,,197.82,,,3881483,771217677.0,43485,F1,1,,,,,
2025-08-07,2025-08-07,CM,BSE,STK,544470,INE08N601015,MBEL,B,,,,,M & B ENGINEERING LIMITED,403.8,425.0,400.1,417.25,417.25,409.15,,417.55,,,361410,149632553.0,15824,F1,1,,,,,
2025-08-07,2025-08-07,CM,BSE,STK,544471,INE14OX01013,TAKYON,MT,,,,,TAKYON NETWORKS LIMITED,53.99,55.45,52.94,53.25,53.25,55.72,,53.25,,,106000,5698340.0,52,F1,2000,,,,,
2025-08-07,2025-08-07,CM,BSE,STK,544472,INE1KH601014,MEHUL,MT,,,,,MEHUL COLOURS LIMITED,83.0,86.35,81.73,83.39,82.1,86.03,,83.39,,,318400,26755840.0,97,F1,1600,,,,,
2025-08-07,2025-08-07,CM,BSE,STK,544473,INF666M01LM6,GROWWPOWER,B,,,,,Groww Mutual Fund,9.95,9.97,9.76,9.92,9.93,0.0,,9.91,,,42911,423378.0,182,F1,1,,,,,
2025-08-07,2025-08-07,CM,BSE,STK,555555,INF346A01034,SENSEXIETF,A,,,,,ICICI Prudential BSE Sensex ET,914.99,965.63,910.19,949.61,919.41,919.19,,942.56,,,1410,1307659.0,165,F1,1,,,,,
2025-08-07,2025-08-07,CM,BSE,STK,570002,IN9623B01058,FELDVR,Z,,,,,Future Enterprises Limited,3.59,3.59,3.42,3.42,3.42,3.59,,3.4,,,2995,10260.0,20,F1,1,,,,,
2025-08-07,2025-08-07,CM,BSE,STK,570004,IN9175A01010,JISLDVREQS,B,,,,,JAIN IRRIGATION SYSTEMS LTD.,26.6,27.37,26.17,26.41,26.3,27.26,,26.33,,,2314,61678.0,126,F1,1,,,,,
2025-08-07,2025-08-07,CM,BSE,STK,570005,INE224E01036,GATECHDVR,T,,,,,GACM Technologies Limited - DV,0.46,0.46,0.46,0.46,0.46,0.48,,0.43,,,77164,35495.0,63,F1,1,,,,,
2025-08-07,2025-08-07,CM,BSE,STK,590003,INE036D01028,KARURVYSYA,B,,,,,KARUR VYSYA BANK LTD.,258.05,262.25,257.3,261.4,261.4,261.75,,261.55,,,24919,6461339.0,502,F1,1,,,,,
2025-08-07,2025-08-07,CM,BSE,STK,590005,INE484C01030,VEEDOL,B,,,,,VEEDOL CORPORATION LIMITED,1656.35,1666.0,1640.0,1640.15,1647.9,1656.35,,1643.2,,,1190,1957147.0,160,F1,1,,,,,
2025-08-07,2025-08-07,CM,BSE,STK,590006,INE098F01031,AMRUTANJAN,B,,,,,AMRUTANJAN HEALTH CARE LTD.,662.0,675.2,662.0,665.05,665.0,664.3,,666.65,,,487,326100.0,68,F1,1,,,,,
2025-08-07,2025-08-07,CM,BSE,STK,590013,INE445C01015,XPROINDIA,B,,,,,XPRO INDIA LTD.,1111.05,1141.2,1101.8,1123.5,1122.0,1124.05,,1125.4,,,2618,2929109.0,320,F1,1,,,,,
2025-08-07,2025-08-07,CM,BSE,STK,590018,INE598C01011,HISARMETAL,B,,,,,HISAR METAL INDUSTRIES LTD.,209.0,214.55,202.9,203.55,204.65,210.4,,203.61,,,6958,1456787.0,177,F1,1,,,,,
2025-08-07,2025-08-07,CM,BSE,STK,590021,INE838B01013,BHARATRAS,B,,,,,BHARAT RASAYAN LTD.,10471.05,10845.05,10448.0,10583.15,10750.0,10510.1,,10555.0,,,214,2283232.0,128,F1,1,,,,,
2025-08-07,2025-08-07,CM,BSE,STK,590024,INE188A01015,FACT,B,,,,,FERTILIZERS & CHEMICALS TRAVAN,941.0,943.1,917.2,932.0,921.0,941.9,,932.55,,,20530,19062341.0,1141,F1,1,,,,,
2025-08-07,2025-08-07,CM,BSE,STK,590025,INE424C01010,GINNIFILA,T,,,,,GINNI FILAMENTS LTD.,52.36,52.36,52.36,52.36,52.36,49.87,,52.41,,,16035,839592.0,21,F1,1,,,,,
2025-08-07,2025-08-07,CM,BSE,STK,590030,INE147A01011,SPIC,B,,,,,SOUTHERN PETROCHEMICALS LTD.,87.0,88.44,85.62,87.08,87.08,89.03,,87.29,,,130174,11320134.0,1685,F1,1,,,,,
2025-08-07,2025-08-07,CM,BSE,STK,590031,INE244A01016,DENORA,B,,,,,DE NORA INDIA LTD.,844.0,852.65,816.6,836.65,837.0,844.5,,840.35,,,494,411701.0,112,F1,1,,,,,
2025-08-07,2025-08-07,CM,BSE,STK,590041,INE641C01019,KAVDEFENCE,T,,,,,Kavveri Defence &amp; Wireless,57.0,57.6,57.0,57.28,57.28,56.48,,57.28,,,21664,1246385.0,59,F1,1,,,,,
2025-08-07,2025-08-07,CM,BSE,STK,590051,INE667G01023,SAKSOFT,B,,,,,SAKSOFT LTD.,200.95,212.05,196.0,210.55,211.6,200.45,,210.6,,,37434,7640317.0,1185,F1,1,,,,,
2025-08-07,2025-08-07,CM,BSE,STK,590056,INE498E01010,SALONA,B,,,,,SALONA COTSPIN LTD.,242.5,245.1,237.2,244.05,244.05,250.4,,243.0,,,42,10103.0,13,F1,1,,,,,
2025-08-07,2025-08-07,CM,BSE,STK,590057,INE217G01035,EQUIPPP,T,,,,,EQUIPPP SOCIAL IMPACT TECHNOLO,20.9,21.5,20.6,20.67,20.67,21.14,,21.17,,,8279,172360.0,25,F1,1,,,,,
2025-08-07,2025-08-07,CM,BSE,STK,590062,INE715B01021,ANDHRSUGAR,B,,,,,ANDHRA SUGARS LTD.,76.69,76.69,73.77,74.72,74.95,76.09,,74.72,,,7648,571490.0,159,F1,1,,,,,
2025-08-07,2025-08-07,CM,BSE,STK,590065,INE547E01014,IMPAL,B,,,,,INDIA MOTOR PARTS & ACCESSORIE,1024.0,1036.8,1024.0,1033.95,1034.0,1037.95,,1032.4,,,58,59834.0,13,F1,1,,,,,
2025-08-07,2025-08-07,CM,BSE,STK,590066,INE805C01028,KCP,B,,,,,K.C.P.LTD.,201.1,204.45,200.0,203.45,203.4,203.1,,203.3,,,5558,1121788.0,156,F1,1,,,,,
2025-08-07,2025-08-07,CM,BSE,STK,590068,INE731C01018,KHAITANLTD,T,,,,,KHAITAN (INDIA) LTD.,114.0,114.0,114.0,114.0,114.0,114.0,,114.59,,,126,14364.0,6,F1,1,,,,,
2025-08-07,2025-08-07,CM,BSE,STK,590070,INE874F01027,RADAAN,B,,,,,RADAAN MEDIAWORKS (I) LTD.,4.2,4.2,3.83,3.94,3.94,4.0,,3.9,,,13280,52096.0,62,F1,1,,,,,
2025-08-07,2025-08-07,CM,BSE,STK,590071,INE660A01013,SUNDARMFIN,B,,,,,SUNDARAM FINANCE LTD.,4504.0,4671.75,4485.6,4645.45,4646.0,4483.05,,4651.9,,,1525,7029504.0,516,F1,1,,,,,
2025-08-07,2025-08-07,CM,BSE,STK,590072,INE073D01013,SUNDRMBRAK,B,,,,,SUNDARAM BRAKE LININGS LTD.,778.95,780.4,767.7,777.9,780.0,779.05,,776.1,,,578,447898.0,76,F1,1,,,,,
2025-08-07,2025-08-07,CM,BSE,STK,590073,INE715A01015,WHEELS,B,,,,,WHEELS INDIA LTD.,720.0,729.5,712.55,719.75,720.0,727.55,,720.8,,,1160,836637.0,170,F1,1,,,,,
2025-08-07,2025-08-07,CM,BSE,STK,590075,INE112F01022,LAMBODHARA,B,,,,,LAMBODHARA TEXTILES LTD.,129.95,130.2,127.1,127.1,127.1,128.1,,125.41,,,615,78775.0,48,F1,1,,,,,
2025-08-07,2025-08-07,CM,BSE,STK,590078,INE683C01011,MAITHANALL,B,,,,,MAITHAN ALLOYS LTD.,1057.15,1063.9,1044.85,1055.4,1058.0,1060.2,,1056.2,,,2571,2716672.0,210,F1,1,,,,,
2025-08-07,2025-08-07,CM,BSE,STK,590086,INE725E01024,ORISSAMINE,B,,,,,ORISSA MINERALS DEVELOPMENT CO,4725.25,4858.3,4721.5,4765.1,4751.6,4803.35,,4770.1,,,657,3141277.0,213,F1,1,,,,,
2025-08-07,2025-08-07,CM,BSE,STK,590095,INF204KB17I5,GOLDBEES,E,,,,,NIPPON INDIA ETF GOLD BEES,84.0,84.48,83.73,83.94,83.94,83.42,,83.94,,,801455,67353713.0,3766,F1,1,,,,,
2025-08-07,2025-08-07,CM,BSE,STK,590096,INF732E01037,LIQUIDBEES,F,,,,,NIPPON INDIA ETF LIQUID BEES,1000.0,1000.01,999.99,1000.0,999.99,1000.0,,999.99,,,185218,185217234.0,1294,F1,1,,,,,
2025-08-07,2025-08-07,CM,BSE,STK,590097,INF174KA1HJ8,GOLD1,E,,,,,KOTAK MAHINDRA MUTUAL FUND - K,84.17,84.89,84.17,84.64,84.69,84.09,,84.69,,,43687,3699034.0,229,F1,1,,,,,
2025-08-07,2025-08-07,CM,BSE,STK,590098,INF200KA16D8,SETFGOLD,E,,,,,SBI MUTUAL FUND - SBI GOLD EXC,83.85,86.89,83.85,86.55,86.21,86.0,,86.55,,,66054,5713891.0,552,F1,1,,,,,
2025-08-07,2025-08-07,CM,BSE,STK,590099,INF082J01408,QGOLDHALF,E,,,,,QUANTUM GOLD FUND - EXCHANGE T,83.76,84.22,83.72,83.77,83.83,83.38,,83.84,,,5333,447449.0,96,F1,1,,,,,
2025-08-07,2025-08-07,CM,BSE,STK,590101,INF789F1AUX7,GOLDSHARE,E,,,,,UTI MUTUAL FUND - UTI GOLD EXC,85.0,85.5,84.81,85.02,85.15,84.43,,85.05,,,30824,2620647.0,156,F1,1,,,,,
2025-08-07,2025-08-07,CM,BSE,STK,590103,INF204KB14I2,NIFTYBEES,B,,,,,NIPPON INDIA ETF NIFTY BEES,277.2,278.0,274.71,277.28,277.28,277.27,,277.29,,,343191,94784694.0,3562,F1,1,,,,,
2025-08-07,2025-08-07,CM,BSE,STK,590104,INF732E01045,JUNIORBEES,B,,,,,NIPPON INDIA ETF JUNIOR BEES,708.43,714.18,703.04,713.15,713.6,711.16,,712.77,,,55322,39174605.0,2340,F1,1,,,,,
2025-08-07,2025-08-07,CM,BSE,STK,590106,INF204KB15I9,BANKBEES,B,,,,,NIPPON INDIA ETF BANK BEES,570.0,573.51,567.3,572.59,572.67,571.18,,572.25,,,6030,3434144.0,501,F1,1,,,,,
2025-08-07,2025-08-07,CM,BSE,STK,590107,INF373I01023,PSUBANK,B,,,,,KOTAK MAHINDRA MUTUAL FUND - K,680.92,690.18,680.0,688.51,690.18,687.8,,689.72,,,2799,1918602.0,69,F1,1,,,,,
2025-08-07,2025-08-07,CM,BSE,STK,590108,INF204KB16I7,PSUBNKBEES,B,,,,,NIPPON INDIA ETF PSU BANK BEES,76.98,77.06,75.61,76.97,76.97,76.74,,76.93,,,127211,9715141.0,1005,F1,1,,,,,
2025-08-07,2025-08-07,CM,BSE,STK,590109,INF732E01128,SHARIABEES,B,,,,,NIPPON INDIA ETF SHARIAH BEES,485.46,490.0,481.0,487.27,487.27,485.38,,489.53,,,1038,501821.0,81,F1,1,,,,,
2025-08-07,2025-08-07,CM,BSE,STK,590110,INF082J01028,QNIFTY,B,,,,,Quantum Nifty 50 ETF,2664.0,2686.0,2660.0,2683.76,2686.0,2680.0,,2683.05,,,79,210889.0,11,F1,1,,,,,
2025-08-07,2025-08-07,CM,BSE,STK,590113,INF204KB19I1,HNGSNGBEES,E,,,,,NIPPON INDIA ETF HANG SENG BEE,439.47,444.39,431.83,437.62,438.69,435.4,,437.57,,,24253,10667916.0,700,F1,1,,,,,
2025-08-07,2025-08-07,CM,BSE,STK,590115,INF247L01536,MOM50,B,,,,,MOTILAL OSWAL MUTUAL FUND,254.27,254.46,253.38,254.15,254.15,254.37,,254.99,,,310,78586.0,14,F1,1,,,,,
2025-08-07,2025-08-07,CM,BSE,STK,590134,INE414A01015,MADRASFERT,B,,,,,Madras Fertilizer Limited,91.0,91.54,88.65,89.91,90.1,91.89,,89.86,,,13761,1234593.0,402,F1,1,,,,,
2025-08-07,2025-08-07,CM,BSE,STK,590136,INF174K01F59,BANKNIFTY1,B,,,,,Kotak Mahindra Mutual Fund - P,570.0,577.38,565.0,572.72,569.23,571.62,,572.35,,,4780,2717023.0,110,F1,1,,,,,
2025-08-07,2025-08-07,CM,BSE,STK,590137,INF200KA1580,SETFNIFBK,B,,,,,SBI Mutual Fund-Permitted,561.89,569.51,561.89,567.78,569.51,566.29,,568.72,,,741,418727.0,35,F1,1,,,,,
2025-08-07,2025-08-07,CM,BSE,STK,590138,INF200KA1FS1,SETFNIF50,B,,,,,SBI Mutual Fund-Permitted,260.37,262.87,259.65,262.22,262.35,262.05,,262.21,,,20434,5329474.0,419,F1,1,,,,,
2025-08-07,2025-08-07,CM,BSE,STK,717504,INE919I04010,MBLNCRPS,F,,,,,MBL-0.1%-19-1-26-NCRPS,114.5,114.5,114.5,114.5,114.5,114.25,,113.85,,,135,15457.0,2,F1,1,,,,,
2025-08-07,2025-08-07,CM,BSE,STK,751014,INE242Q20016,JMJFIN-RE,R,,,,,JMJ Fintech Limited,2.46,2.46,2.06,2.22,2.34,2.46,,2.22,,,272325,614904.0,285,F1,1,,,,,
2025-08-07,2025-08-07,CM,BSE,STK,751017,INE945J20019,ZODIAC-RE,R,,,,,Zodiac Ventures Limited,0.66,0.66,0.53,0.63,0.65,0.66,,0.63,,,449694,266940.0,328,F1,1,,,,,
2025-08-07,2025-08-07,CM,BSE,STK,751018,INE766P20016,MAHLOG-RE,R,,,,,Mahindra Logistics Limited,22.6,33.0,22.6,31.5,31.5,27.25,,31.8,,,16615,477361.0,1111,F1,1,,,,,
2025-08-07,2025-08-07,CM,BSE,STK,751020,INE643A20019,JTEKT-RE,R,,,,,JTEKT India Limited,14.01,18.0,13.14,15.99,15.99,15.29,,16.2,,,10969,166335.0,299,F1,1,,,,,
2025-08-07,2025-08-07,CM,BSE,STK,751021,INE300B20022,INDINF-RE1,R,,,,,Indian Infotech And Software L,0.05,0.05,0.03,0.04,0.04,0.05,,0.04,,,32636305,1374306.0,5677,F1,1,,,,,
2025-08-07,2025-08-07,CM,BSE,STK,751022,INE066P20011,INOXWI-RE,R,,,,,Inox Wind Limited,26.0,26.5,22.0,24.61,24.61,27.09,,24.87,,,869458,21276058.0,2099,F1,1,,,,,
2025-08-07,2025-08-07,CM,BSE,STK,751023,INE546Y20030,PRAXIS-RE2,R,,,,,Praxis Home Retail Limited,0.32,0.38,0.32,0.32,0.32,0.0,,0.39,,,135096,44102.0,85,F1,1,,,,,
2025-08-07,2025-08-07,CM,BSE,STK,800177,IN0020130053,92GS2030,G,,,,,920GOI2030,116.0,116.0,116.0,116.0,116.0,116.0,,116.1,,,1,116.0,1,F1,1,,,,,
2025-08-07,2025-08-07,CM,BSE,STK,800281,IN0020170158,SGBDEC2513,G,,,,,SOVEREIGN GOLD BOND 2017 SERIE,9995.0,10100.0,9995.0,10100.0,10100.0,9995.0,,10100.0,,,5,50353.0,4,F1,1,,,,,
2025-08-07,2025-08-07,CM,BSE,STK,800298,IN0020190040,769GS2043,G,,,,,769GOI2043,108.0,108.0,108.0,108.0,108.0,109.0,,108.0,,,201,21708.0,2,F1,1,,,,,
2025-08-07,2025-08-07,CM,BSE,STK,800301,IN0020190115,SGBSEP27,G,,,,,Sovereign Gold Bonds 2019-20 S,10500.0,10500.0,10030.01,10100.0,10100.0,9971.99,,10061.0,,,7,70890.0,3,F1,1,,,,,
2025-08-07,2025-08-07,CM,BSE,STK,800303,IN0020190388,SGBOCT27VI,G,,,,,Sovereign Gold Bonds 2019-20 S,10200.0,10200.0,10200.0,10200.0,10200.0,10000.0,,10150.0,,,5,51000.0,1,F1,1,,,,,
2025-08-07,2025-08-07,CM,BSE,STK,800318,IN0020200062,SGBAPR28I,G,,,,,Sovereign Gold Bonds 2020-21 S,10094.0,10149.0,10094.0,10149.0,10149.0,10095.0,,10130.88,,,6,60648.0,5,F1,1,,,,,
2025-08-07,2025-08-07,CM,BSE,STK,800320,IN0020200088,SGBMAY28,G,,,,,Sovereign Gold Bonds 2020-21 S,10040.0,10119.99,10002.0,10119.99,10119.99,9972.0,,10115.0,,,10,100523.0,4,F1,1,,,,,
2025-08-07,2025-08-07,CM,BSE,STK,800322,IN0020200104,SGBJUN28,G,,,,,Sovereign Gold Bonds 2020-21 S,10099.97,10099.97,10099.97,10099.97,10099.97,9926.9,,10124.38,,,3,30299.0,1,F1,1,,,,,
2025-08-07,2025-08-07,CM,BSE,STK,800324,IN0020200146,SGBJUL28IV,G,,,,,Sovereign Gold Bond 2020-21 IV,10038.0,10105.75,10031.0,10099.0,10099.0,10038.0,,10125.67,,,131,1320098.0,24,F1,1,,,,,
2025-08-07,2025-08-07,CM,BSE,STK,800325,IN0020200161,SGBAUG28V,G,,,,,Sovereign Gold Bonds 2020-21 V,10150.0,10199.95,10120.03,10189.99,10190.0,10109.0,,10198.25,,,148,1504055.0,31,F1,1,,,,,
2025-08-07,2025-08-07,CM,BSE,STK,800328,IN0020200203,SGBOC28VII,G,,,,,Sovereign Gold Bonds 2020-21 S,10025.5,10170.0,10025.5,10169.1,10170.0,10100.0,,10168.77,,,43,436110.0,8,F1,1,,,,,
2025-08-07,2025-08-07,CM,BSE,STK,800329,IN0020200286,SGBN28VIII,G,,,,,Sovereign Gold Bonds 2020-21 S,10068.0,10068.0,10068.0,10068.0,10068.0,10051.0,,10148.99,,,8,80544.0,1,F1,1,,,,,
2025-08-07,2025-08-07,CM,BSE,STK,800339,IN0020200427,SGBMR29XII,G,,,,,SGB 2020-21 Series XII,10073.0,10169.99,10071.0,10169.99,10169.99,10077.0,,10169.99,,,132,1333293.0,11,F1,1,,,,,
2025-08-07,2025-08-07,CM,BSE,STK,800341,IN0020210061,SGBJUN29II,G,,,,,SGB 2021-22 Series II,10100.0,10140.0,10075.0,10140.0,10140.0,10050.0,,10128.01,,,6,60540.0,4,F1,1,,,,,
2025-08-07,2025-08-07,CM,BSE,STK,800367,IN0020210111,SGBJUL29IV,G,,,,,Sovereign Gold Bond Series IV,10090.0,10090.0,10090.0,10090.0,10090.0,9932.8,,10134.69,,,2,20180.0,1,F1,1,,,,,
2025-08-07,2025-08-07,CM,BSE,STK,800386,IN0020210145,SGBSEP29VI,G,,,,,Sovereign Gold Bonds 2021-22 S,10077.0,10100.0,10050.0,10100.0,10100.0,10135.0,,10244.8,,,20,201554.0,3,F1,1,,,,,
2025-08-07,2025-08-07,CM,BSE,STK,800434,IN0020210178,SGBNV29VII,G,,,,,Sovereign Gold Bonds 2021-22 S,10200.0,10200.0,10200.0,10200.0,10200.0,10000.0,,10249.64,,,22,224400.0,5,F1,1,,,,,
2025-08-07,2025-08-07,CM,BSE,STK,800437,IN0020210228,SGBD29VIII,G,,,,,Sovereign Gold Bonds 2021-22 S,10100.0,10290.0,10094.0,10245.0,10200.0,10144.85,,10241.33,,,60,608949.0,23,F1,1,,,,,
2025-08-07,2025-08-07,CM,BSE,STK,800438,IN0020210236,SGBJAN30IX,G,,,,,Soveriegn Gold Bonds 2021-22 S,10151.0,10337.47,10151.0,10337.47,10337.47,10051.01,,10256.66,,,10,102442.0,2,F1,1,,,,,
2025-08-07,2025-08-07,CM,BSE,STK,800441,IN0020220029,754GS2036,G,,,,,754GOI2036,109.15,109.2,109.15,109.2,109.2,109.15,,109.16,,,4586,500761.0,5,F1,1,,,,,
2025-08-07,2025-08-07,CM,BSE,STK,800488,IN0020220078,SGBAUG30,G,,,,,Sovereign Gold Bonds 2022-23 S,10599.99,10600.0,10300.0,10350.0,10350.0,10020.01,,10372.23,,,199,2073911.0,12,F1,1,,,,,
2025-08-07,2025-08-07,CM,BSE,STK,800489,IN0020220094,74GS2062,G,,,,,74GOI2062,105.8,105.8,105.8,105.8,105.8,105.85,,105.95,,,10,1058.0,1,F1,1,,,,,
2025-08-07,2025-08-07,CM,BSE,STK,800573,IN0020220110,SGBDE30III,G,,,,,Soverign Gold Bond 2022-23 Sr,10439.57,10439.57,10439.57,10439.57,10439.57,10240.97,,10466.42,,,5,52197.0,1,F1,1,,,,,
2025-08-07,2025-08-07,CM,BSE,STK,800574,IN0020220102,741GS2036,G,,,,,741GOI36,106.75,106.75,106.2,106.2,106.2,107.45,,106.7,,,500,53100.0,2,F1,1,,,,,
2025-08-07,2025-08-07,CM,BSE,STK,800575,IN0020220169,SGBMAR31IV,G,,,,,Sovereign Gold Bond 2022-23 Sr,10596.0,10596.0,10575.0,10575.0,10575.0,10548.3,,10585.0,,,2,21171.0,2,F1,1,,,,,
2025-08-07,2025-08-07,CM,BSE,STK,800576,IN0020220151,726GS2033,G,,,,,726GOI2033,103.9,103.9,103.9,103.9,103.9,104.95,,103.9,,,50,5195.0,1,F1,1,,,,,
2025-08-07,2025-08-07,CM,BSE,STK,800580,IN0020230069,SGBJUN31I,G,,,,,Sovereign Gold Bonds 2023-24 S,10500.0,10610.0,10500.0,10544.0,10550.01,10487.49,,10565.8,,,141,1488438.0,46,F1,1,,,,,
2025-08-07,2025-08-07,CM,BSE,STK,800596,IN0020230093,SGBSEP31II,G,,,,,Sovereign Gold Bonds 2023-24 S,10600.0,10690.0,10550.0,10685.91,10680.0,10594.8,,10687.21,,,405,4314566.0,56,F1,1,,,,,
2025-08-07,2025-08-07,CM,BSE,STK,800603,IN0020230168,SGBDE31III,G,,,,,Sovereign Gold Bonds 2023-24 S,10600.0,10698.99,10558.0,10649.63,10642.01,10587.45,,10667.99,,,266,2826923.0,64,F1,1,,,,,
2025-08-07,2025-08-07,CM,BSE,STK,800604,IN0020230119,733GS2026,G,,,,,733GS26J24,103.2,103.2,103.2,103.2,103.2,102.9,,103.04,,,1000,103200.0,2,F1,1,,,,,
2025-08-07,2025-08-07,CM,BSE,STK,800605,IN0020230184,SGBFEB32IV,G,,,,,Sovereign Gold Bonds 2023-24 S,11689.58,11689.58,11302.0,11430.91,11425.0,11404.47,,11463.7,,,339,3876742.0,48,F1,1,,,,,
2025-08-07,2025-08-07,CM,BSE,STK,800618,IN0020240118,709GOI54,G,,,,,709GOI54,102.7,102.7,101.6,101.6,102.65,102.7,,101.62,,,1075,110292.0,6,F1,1,,,,,
2025-08-07,2025-08-07,CM,BSE,STK,804964,IN002024Z230,364TB04925,G,,,,,364TB04925,98.91,98.91,98.0,98.0,98.0,98.0,,98.0,,,500,49005.0,5,F1,1,,,,,
2025-08-07,2025-08-07,CM,BSE,STK,805070,IN002025X091,91TB280825,G,,,,,91TB280825,100.0,100.0,99.5,99.5,99.5,100.0,,99.5,,,303,30150.0,8,F1,1,,,,,
2025-08-07,2025-08-07,CM,BSE,STK,805085,IN002025X141,91TB011025,G,,,,,91TB011025,99.0,99.0,98.75,98.75,98.75,98.9,,98.98,,,280,27695.0,2,F1,1,,,,,
2025-08-07,2025-08-07,CM,BSE,STK,810642,IN3120200065,673TN30,G,,,,,673TAMSDL30,95.4,95.4,95.4,95.4,95.4,95.0,,95.4,,,90,8586.0,1,F1,1,,,,,
2025-08-07,2025-08-07,CM,BSE,STK,810695,IN2920200655,695RJ31,G,,,,,695RJSDL31,97.45,97.45,97.45,97.45,97.45,97.25,,97.45,,,8,779.0,1,F1,1,,,,,
2025-08-07,2025-08-07,CM,BSE,STK,810725,IN2220210040,688MH33,G,,,,,688MAHSDL33,93.5,93.5,93.5,93.5,93.5,93.25,,93.5,,,400,37400.0,1,F1,1,,,,,
2025-08-07,2025-08-07,CM,BSE,STK,810737,IN3120200206,663TN55,G,,,,,663TMLSDL55,81.95,81.95,81.95,81.95,81.95,80.76,,81.95,,,74,6064.0,2,F1,1,,,,,
2025-08-07,2025-08-07,CM,BSE,STK,810758,IN2220210206,71MH36,G,,,,,710MAHSDL36,91.4,91.4,91.4,91.4,91.4,92.85,,91.4,,,89,8134.0,1,F1,1,,,,,
2025-08-07,2025-08-07,CM,BSE,STK,810797,IN1020210416,692AP41,G,,,,,692APSDL41,88.85,88.85,88.85,88.85,88.85,94.65,,88.85,,,20,1777.0,1,F1,1,,,,,
2025-08-07,2025-08-07,CM,BSE,STK,810801,IN3120210262,683TN31A,G,,,,,683TAMSDL31,93.75,93.75,93.75,93.75,93.75,98.0,,93.75,,,5,468.0,1,F1,1,,,,,
2025-08-07,2025-08-07,CM,BSE,STK,810835,IN3120210528,739TN42,G,,,,,739TNSDL42,94.3,94.3,94.3,94.3,94.3,100.3,,94.3,,,10,943.0,1,F1,1,,,,,
2025-08-07,2025-08-07,CM,BSE,STK,810855,IN3120220030,794TN32,G,,,,,794TNSDL32,99.15,99.15,99.15,99.15,99.15,101.45,,100.54,,,37,3668.0,1,F1,1,,,,,
2025-08-07,2025-08-07,CM,BSE,STK,810882,IN2120220024,746MP32,G,,,,,746MPSDL32,98.4,98.4,98.4,98.4,98.4,98.2,,98.4,,,60,5904.0,1,F1,1,,,,,
2025-08-07,2025-08-07,CM,BSE,STK,810897,IN1520220139,762GJ29,G,,,,,762GUJSDJ29,99.85,99.85,99.85,99.85,99.85,101.45,,99.85,,,89,8886.0,1,F1,1,,,,,
2025-08-07,2025-08-07,CM,BSE,STK,810906,IN1920220028,767KA32,G,,,,,767KARSDL32,98.2,98.2,98.2,98.2,98.2,99.65,,98.2,,,95,9329.0,2,F1,1,,,,,
2025-08-07,2025-08-07,CM,BSE,STK,810909,IN1920220044,766KA42,G,,,,,766KARSDL42,95.55,95.55,95.55,95.55,95.55,95.35,,95.55,,,90,8599.0,1,F1,1,,,,,
2025-08-07,2025-08-07,CM,BSE,STK,810919,IN3120220261,757TN33,G,,,,,757TAMSDL33,96.45,96.45,96.45,96.45,96.45,95.22,,96.45,,,95,9162.0,1,F1,1,,,,,
2025-08-07,2025-08-07,CM,BSE,STK,810940,IN1520220337,749GJ28,G,,,,,749GUJSDL28,100.75,100.75,100.75,100.75,100.75,100.65,,100.75,,,49,4936.0,1,F1,1,,,,,
2025-08-07,2025-08-07,CM,BSE,STK,810945,IN1520230013,738GJ30,G,,,,,738GUJSDL30,98.45,98.45,98.45,98.45,98.45,98.4,,98.45,,,50,4922.0,1,F1,1,,,,,
2025-08-07,2025-08-07,CM,BSE,STK,810946,IN1020230067,747AP37,G,,,,,747APSDL37,95.8,95.8,95.8,95.8,95.8,100.6,,95.8,,,10,958.0,1,F1,1,,,,,
2025-08-07,2025-08-07,CM,BSE,STK,810954,IN1620230129,744HR32,G,,,,,744HRSDL32,96.55,96.55,96.55,96.55,96.55,95.65,,96.55,,,185,17861.0,1,F1,1,,,,,
2025-08-07,2025-08-07,CM,BSE,STK,810959,IN3120230179,739TN33B,G,,,,,739TNSDL33A,94.9,94.9,94.9,94.9,94.9,99.0,,94.9,,,99,9395.0,2,F1,1,,,,,
2025-08-07,2025-08-07,CM,BSE,STK,810965,IN2220230113,746MH33,G,,,,,746MHSDL33,98.0,98.0,98.0,98.0,98.0,101.25,,98.0,,,98,9604.0,2,F1,1,,,,,
2025-08-07,2025-08-07,CM,BSE,STK,810971,IN2220230154,77MH33A,G,,,,,77MAHSDL33,97.82,97.82,97.82,97.82,97.82,97.82,,97.82,,,100,9782.0,2,F1,1,,,,,
2025-08-07,2025-08-07,CM,BSE,STK,810973,IN1520230112,765GJ29A,G,,,,,765GUJSDL29,99.05,99.05,99.05,99.05,99.05,98.9,,99.05,,,53,5249.0,1,F1,1,,,,,
2025-08-07,2025-08-07,CM,BSE,STK,810978,IN1520230146,74GJ26,G,,,,,740GUJSDL26,99.65,99.65,99.65,99.65,99.65,99.41,,99.65,,,138,13751.0,3,F1,1,,,,,
2025-08-07,2025-08-07,CM,BSE,STK,810979,IN1920230167,774KA34,G,,,,,774KARSDL34,97.25,97.25,97.25,97.25,97.25,97.2,,97.25,,,57,5543.0,1,F1,1,,,,,
2025-08-07,2025-08-07,CM,BSE,STK,810982,IN2220230188,773MH36,G,,,,,773MAHSDL36,96.5,96.5,96.5,96.5,96.5,100.0,,96.5,,,95,9167.0,1,F1,1,,,,,
2025-08-07,2025-08-07,CM,BSE,STK,810986,IN1520230245,76GJ33,G,,,,,76GUJSDL33,98.25,98.25,98.25,98.25,98.25,101.21,,98.25,,,500,49125.0,1,F1,1,,,,,
2025-08-07,2025-08-07,CM,BSE,STK,810989,IN1520230260,742GJ31,G,,,,,742GUJSDL31,96.1,96.1,96.1,96.1,96.1,96.0,,96.34,,,85,8168.0,1,F1,1,,,,,
2025-08-07,2025-08-07,CM,BSE,STK,810991,IN2220230220,749MH36,G,,,,,749MAHSDL36,94.25,94.25,94.25,94.25,94.25,94.2,,94.25,,,97,9142.0,1,F1,1,,,,,
2025-08-07,2025-08-07,CM,BSE,STK,810994,IN2220230253,743MH35,G,,,,,743MAHSDL35,97.4,97.4,97.4,97.4,97.4,99.4,,97.4,,,95,9253.0,1,F1,1,,,,,
2025-08-07,2025-08-07,CM,BSE,STK,890157,IN9397D01014,AIRTELPP,A,,,,,Bharti Airtel  Ltd.,1454.6,1460.9,1441.25,1458.75,1460.9,1460.45,,1459.9,,,738,1069497.0,150,F1,1,,,,,
2025-08-07,2025-08-07,CM,BSE,STK,890197,IN9564C01011,YARNPP,XT,,,,,Yarn Syndicate Ltd.,4.25,4.25,4.25,4.25,4.25,4.28,,4.25,,,5,21.0,1,F1,1,,,,,
2025-08-07,2025-08-07,CM,BSE,STK,890202,IN9624Z01022,SOLARAPP1,B,,,,,SOLARA ACTIVE PHARMA SCIENCES,380.25,420.0,380.25,420.0,420.0,415.6,,448.0,,,52,19827.0,3,F1,1,,,,,
2025-08-07,2025-08-07,CM,BSE,STK,890211,IN9526B01012,CALSOFTPP,T,,,,,California Software Co. Ltd.,3.9,3.9,3.9,3.9,3.9,4.1,,3.82,,,151,588.0,3,F1,1,,,,,
2025-08-07,2025-08-07,CM,BSE,STK,890213,IN9201F01013,SNLFPP,XT,,,,,Shri Niwas Leasing and Finance,4.99,4.99,4.8,4.98,4.98,4.76,,4.98,,,12981,64629.0,11,F1,1,,,,,
2025-08-07,2025-08-07,CM,BSE,STK,890214,IN9139R01028,FUSIONPP,A,,,,,FUSION FINANCE LIMITED,91.0,91.55,77.9,90.24,91.55,94.0,,90.4,,,9547,845883.0,326,F1,1,,,,,
2025-08-07,2025-08-07,CM,BSE,STK,890216,IN9093R01019,LLOYDSENPP,A,,,,,LLOYDS ENGINEERING WORKS LIMIT,49.98,50.04,47.6,49.71,50.0,49.65,,49.9,,,71879,3488002.0,957,F1,1,,,,,
2025-08-07,2025-08-07,CM,BSE,STK,890217,IN9273A01047,APLABPP,XT,,,,,Aplab Ltd.,27.79,28.34,27.5,28.0,28.0,27.79,,28.0,,,33382,943880.0,32,F1,1,,,,,
2025-08-07,2025-08-07,CM,BSE,STK,890218,IN9964H01012,SEPCPP,B,,,,,SEPC LIMITED,5.2,5.2,4.98,5.06,5.04,5.2,,5.04,,,371033,1865929.0,568,F1,1,,,,,
2025-08-07,2025-08-07,CM,BSE,STK,890219,IN9483S01010,INFIBPP,A,,,,,INFIBEAM AVENUES LIMITED,8.89,9.09,8.89,8.96,8.9,9.01,,8.97,,,54213,485324.0,185,F1,1,,,,,
2025-08-07,2025-08-07,CM,BSE,STK,935576,INE053F07843,750IRFC35,F,,,,,IRFC-7.50%-21-12-35-TAXFREENCD,1234.9,1234.9,1214.25,1214.25,1214.25,1216.6,,1214.85,,,80,98082.0,3,F1,1,,,,,
2025-08-07,2025-08-07,CM,BSE,STK,935616,INE202E07211,753IREDA26,F,,,,,IREDA-7.53%-21-1-26-TAXFEEENCD,1050.0,1050.0,1050.0,1050.0,1050.0,1050.0,,1050.0,,,5,5250.0,1,F1,1,,,,,
2025-08-07,2025-08-07,CM,BSE,STK,935618,INE202E07229,774IREDA31,F,,,,,IREDA-7.74%-21-1-31-TAXFREENCD,1135.0,1135.0,1133.2,1134.62,1133.2,1132.0,,1134.62,,,190,215578.0,3,F1,1,,,,,
2025-08-07,2025-08-07,CM,BSE,STK,935642,INE031A07AO5,764HUDCO31,F,,,,,HUDCO-7.64%-8-2-31-TAXFREENCD,1122.0,1122.0,1122.0,1122.0,1122.0,1125.0,,1122.0,,,3,3366.0,1,F1,1,,,,,
2025-08-07,2025-08-07,CM,BSE,STK,935664,INE906B07EO8,739NHAI31A,F,,,,,NHAI-7.39%-9-3-31-TAXFREENCD,1150.1,1150.1,1150.1,1150.1,1150.1,1162.0,,1150.1,,,20,23002.0,1,F1,1,,,,,
2025-08-07,2025-08-07,CM,BSE,STK,935666,INE906B07EP5,769NHAI31,F,,,,,NHAI-7.69%-9-3-31-TAXFREENCD,1160.0,1164.0,1157.0,1158.0,1158.0,1157.75,,1158.0,,,1016,1182199.0,12,F1,1,,,,,
2025-08-07,2025-08-07,CM,BSE,STK,935690,INE261F07032,764NABAR31,F,,,,,NABARD-7.64%-23-3-31-NCDS,1119.0,1119.0,1119.0,1119.0,1119.0,1116.9,,1118.42,,,150,167850.0,2,F1,1,,,,,
2025-08-07,2025-08-07,CM,BSE,STK,935860,INE148I07GL3,9SCL26BA,F,,,,,SCL-9%-26-9-26-NCDS,1048.0,1062.1,1048.0,1062.1,1062.1,1051.5,,1056.0,,,171,181196.0,3,F1,1,,,,,
2025-08-07,2025-08-07,CM,BSE,STK,935862,INE148I07GN9,SCLZC26,F,,,,,SCL-ZC-26-9-26-NCDS,2084.95,2084.95,2084.95,2084.95,2084.95,2065.0,,1982.02,,,20,41699.0,1,F1,1,,,,,
2025-08-07,2025-08-07,CM,BSE,STK,936044,INE774D08MK5,800MMFSL27,F,,,,,MMFSL-8.00%-24-07-27-NCD,1000.22,1014.81,1000.0,1014.8,1014.8,1000.12,,1014.8,,,1582,1592115.0,17,F1,1,,,,,
2025-08-07,2025-08-07,CM,BSE,STK,936130,INE528S07110,888ERFL28,F,,,,,ERFL-8.88%-22-3-28-NCD,959.8,959.8,959.8,959.8,959.8,952.8,,954.96,,,75,71985.0,1,F1,1,,,,,
2025-08-07,2025-08-07,CM,BSE,STK,936254,INE804I079Y6,985ECL28,F,,,,,EFL-9.85%-6-8-28-NCD,982.0,982.0,975.0,975.0,975.0,982.0,,975.0,,,503,490495.0,2,F1,1,,,,,
2025-08-07,2025-08-07,CM,BSE,STK,936278,INE244L07168,96SFIL24A,F,,,,,SFIL-8.84%-25-9-28-NCD,965.0,965.0,965.0,965.0,965.0,932.0,,977.28,,,20,19300.0,1,F1,1,,,,,
2025-08-07,2025-08-07,CM,BSE,STK,936384,INE651J07689,1025JFCS28,F,,,,,JMFCSL-10.25%-13-12-28-NCD,1067.0,1067.0,1067.0,1067.0,1067.0,1062.0,,1067.0,,,18,19206.0,1,F1,1,,,,,
2025-08-07,2025-08-07,CM,BSE,STK,936386,INE651J07697,981JMFCS28,F,,,,,JMFCSL-9.81%-13-12-28-NCD,1044.0,1044.0,1035.0,1039.0,1039.0,1044.0,,1039.0,,,91,94416.0,6,F1,1,,,,,
2025-08-07,2025-08-07,CM,BSE,STK,936412,INE774D07SW9,93MMFSL27,F,,,,,MMFSL-9.3%-18-1-27-NCD,1049.25,1052.35,1049.25,1050.21,1050.21,1054.49,,1050.21,,,153,160897.0,8,F1,1,,,,,
2025-08-07,2025-08-07,CM,BSE,STK,936416,INE774D08MP4,95MMFSL29,F,,,,,MMFSL-9.5%-18-1-29-NCD,1084.0,1084.0,1084.0,1084.0,1084.0,1070.0,,1084.0,,,186,201624.0,6,F1,1,,,,,
2025-08-07,2025-08-07,CM,BSE,STK,936460,INE721A07OQ7,97SFL29,F,,,,,SFL-9.7%-6-2-29-NCD,1082.0,1082.0,1082.0,1082.0,1082.0,1008.0,,1083.5,,,25,27050.0,1,F1,1,,,,,
2025-08-07,2025-08-07,CM,BSE,STK,936528,INE027E07972,935LTF29,F,,,,,LTF-9.35%-13-3-29-NCD,1080.0,1100.0,1080.0,1100.0,1100.0,1080.0,,1090.39,,,6,6580.0,2,F1,1,,,,,
2025-08-07,2025-08-07,CM,BSE,STK,936532,INE027E07998,898LTF29,F,,,,,LTF-8.98%-13-3-29-NCD,1064.0,1064.0,1064.0,1064.0,1064.0,1064.0,,1074.99,,,5,5320.0,1,F1,1,,,,,
2025-08-07,2025-08-07,CM,BSE,STK,936722,INE804IA7139,995ECL29A,F,,,,,EFL-9.95%-23-5-29-NCD,989.0,999.0,980.0,980.0,980.0,980.0,,980.0,,,115,114100.0,3,F1,1,,,,,
2025-08-07,2025-08-07,CM,BSE,STK,936784,INE721A07PA8,931SFL26,F,,,,,SFL-9.31%-22-8-26-NCD,1010.0,1010.0,1010.0,1010.0,1010.0,1008.48,,1010.0,,,51,51510.0,5,F1,1,,,,,
2025-08-07,2025-08-07,CM,BSE,STK,936975,INE804IA7246,995ECL29,F,,,,,ECL-9.95%-28-11-29-NCD,987.75,987.75,987.75,987.75,987.75,985.0,,987.75,,,100,98775.0,1,F1,1,,,,,
2025-08-07,2025-08-07,CM,BSE,STK,937017,INE027E07BC8,865LTF26,F,,,,,LTF-8.65%-23-12-26-NCD,1056.1,1056.1,1056.0,1056.0,1056.0,1046.0,,1056.0,,,175,184800.0,21,F1,1,,,,,
2025-08-07,2025-08-07,CM,BSE,STK,937057,INE033L07GU2,84TCHF28,F,,,,,TCHF-8.4%-14-1-28-NCD,1043.0,1043.0,1043.0,1043.0,1043.0,1045.02,,1043.0,,,20,20860.0,1,F1,1,,,,,
2025-08-07,2025-08-07,CM,BSE,STK,937059,INE033L08270,TCHF30,F,,,,,TCH-SERIESVI-14-1-30-NCD,1040.0,1040.0,1040.0,1040.0,1040.0,1110.0,,1040.0,,,20,20800.0,1,F1,1,,,,,
2025-08-07,2025-08-07,CM,BSE,STK,937339,INE532F07BM3,939EFSL26,F,,,,,EFSL-9.39%-8-1-26-NCD,988.0,995.0,988.0,995.0,995.0,983.05,,995.0,,,90,89410.0,6,F1,1,,,,,
2025-08-07,2025-08-07,CM,BSE,STK,937351,INE414G07FK7,MFLII26,F,,,,,MFL-II-11-1-26-NCD,989.83,995.0,989.83,990.06,995.0,994.8,,990.06,,,1370,1356377.0,4,F1,1,,,,,
2025-08-07,2025-08-07,CM,BSE,STK,937385,INE134E07AT8,715PFCL36,F,,,,,PFCL-7.15%-22-1-36-NCD,1024.9,1024.9,1024.9,1024.9,1024.9,1018.95,,1024.9,,,172,176282.0,3,F1,1,,,,,
2025-08-07,2025-08-07,CM,BSE,STK,937441,INE549K08202,9MFL27A,F,,,,,MFL-9%-15-3-27-NCD,975.0,975.0,975.0,975.0,975.0,983.8,,975.0,,,450,438750.0,16,F1,1,,,,,
2025-08-07,2025-08-07,CM,BSE,STK,937453,INE530B08094,10IIFL28A,F,,,,,IFL-10%-24-6-28-NCD,1010.01,1010.01,1004.0,1007.0,1007.0,1010.01,,1007.0,,,474,476840.0,8,F1,1,,,,,
2025-08-07,2025-08-07,CM,BSE,STK,937455,INE530B08102,96IIFL28A,F,,,,,IFL-9.6%-24-6-28-NCD,982.55,987.0,982.55,987.0,987.0,985.4,,985.0,,,311,306489.0,7,F1,1,,,,,
2025-08-07,2025-08-07,CM,BSE,STK,937461,INE414G07FR2,MFLII26B,F,,,,,MFL-II-20-4-26-NCD,981.0,981.0,971.2,971.2,971.2,1050.0,,971.2,,,10,9800.0,2,F1,1,,,,,
2025-08-07,2025-08-07,CM,BSE,STK,937495,INE532F07BX0,916EFSL26,F,,,,,EFSL-9.16%-29-4-26-NCD,989.25,992.0,989.0,992.0,992.0,982.1,,992.0,,,187,185030.0,4,F1,1,,,,,
2025-08-07,2025-08-07,CM,BSE,STK,937497,INE532F07BY8,955EFSL26,F,,,,,EFSL-9.55%-29-4-26-NCD,1002.0,1002.0,1001.5,1001.5,1001.5,1010.1,,1001.5,,,104,104181.0,2,F1,1,,,,,
2025-08-07,2025-08-07,CM,BSE,STK,937501,INE532F07CA6,930EFSL31,F,,,,,EFSL-9.30%-29-4-31-NCD,947.0,947.5,943.0,943.0,943.0,930.04,,943.0,,,530,501585.0,3,F1,1,,,,,
2025-08-07,2025-08-07,CM,BSE,STK,937533,INE219X07249,769IGT28,F,,,,,IGT-7.69%-6-5-28-INVIT-NCD,1000.0,1000.0,1000.0,1000.0,1000.0,1000.0,,1000.0,,,125,125000.0,1,F1,1,,,,,
2025-08-07,2025-08-07,CM,BSE,STK,937581,INE516Y07428,9PFL31A,F,,,,,PFL-9%-23-07-31-NCD,999.9,1020.0,999.9,1020.0,1020.0,984.02,,1009.88,,,100,100492.0,4,F1,1,,,,,
2025-08-07,2025-08-07,CM,BSE,STK,937621,INE477L08154,96IIFL28,F,,,,,IHFL-9.60%-3-11-28-NCD,989.89,989.89,989.89,989.89,989.89,981.6,,987.94,,,10,9898.0,1,F1,1,,,,,
2025-08-07,2025-08-07,CM,BSE,STK,937631,INE532F07CF5,915EFSL26,F,,,,,EFSL-9.15%-10-9-26-NCD,984.99,985.8,982.0,985.8,985.8,985.19,,985.8,,,634,624615.0,8,F1,1,,,,,
2025-08-07,2025-08-07,CM,BSE,STK,937637,INE532F07CI9,93EFSL31,F,,,,,EFSL-9.30%-10-9-31-NCD,942.79,943.0,942.79,943.0,943.0,942.79,,943.0,,,205,193287.0,5,F1,1,,,,,
2025-08-07,2025-08-07,CM,BSE,STK,937743,INE0BUS08013,12IML26,F,,,,,IML-12%-24-11-26-NCD,1000.0,1009.0,1000.0,1009.0,1009.0,1012.78,,1009.0,,,20,20090.0,2,F1,1,,,,,
2025-08-07,2025-08-07,CM,BSE,STK,937777,INE549K08293,975MFL29,F,,,,,MFL-9.75%-29-1-29-NCD,1010.0,1010.0,1005.0,1005.0,1005.0,1004.92,,1005.0,,,509,514045.0,2,F1,1,,,,,
2025-08-07,2025-08-07,CM,BSE,STK,937799,INE532F07CQ2,915EFSL26A,F,,,,,EFSL-9.15%-28-12-26-NCD,981.0,981.0,980.0,981.0,981.0,981.0,,981.0,,,139,136294.0,10,F1,1,,,,,
2025-08-07,2025-08-07,CM,BSE,STK,937805,INE532F07CT6,93EFSL31A,F,,,,,EFSL-9.30%-28-12-31-NCD,930.0,932.0,930.0,932.0,932.0,930.0,,932.0,,,16,14892.0,2,F1,1,,,,,
2025-08-07,2025-08-07,CM,BSE,STK,937895,INE549K07BG9,MFLZC27A,F,,,,,MFL-ZC-2-2-27-NCD,1282.22,1300.0,1255.0,1300.0,1300.0,1255.4,,1300.0,,,660,844724.0,5,F1,1,,,,,
2025-08-07,2025-08-07,CM,BSE,STK,937939,INE403Q07CO8,10KFIL27,F,,,,,KFIL-10-17-4-27-NCD,1241.0,1241.0,1241.0,1241.0,1241.0,1034.4,,1241.0,,,290,359890.0,1,F1,1,,,,,
2025-08-07,2025-08-07,CM,BSE,STK,937999,INE530L07475,915NIDO27,F,,,,,NIDO-9.15%-29-4-27-NCD,994.0,994.0,962.2,962.2,962.2,979.99,,962.2,,,120,119248.0,2,F1,1,,,,,
2025-08-07,2025-08-07,CM,BSE,STK,938005,INE530L07509,930NIDO32,F,,,,,NIDO-9.30%-29-4-32-NCD,936.19,936.19,936.19,936.19,936.19,936.99,,936.19,,,15,14042.0,1,F1,1,,,,,
2025-08-07,2025-08-07,CM,BSE,STK,938053,INE101Q07AL8,950MMFL26,F,,,,,MMFL-9.50%-22-5-26-NCD,978.25,978.25,978.25,978.25,978.25,1000.0,,978.25,,,380,371735.0,1,F1,1,,,,,
2025-08-07,2025-08-07,CM,BSE,STK,938055,INE101Q07AM6,MMFL27,F,,,,,MMFL-22-11-27-NCD,1233.0,1276.18,1233.0,1276.18,1276.18,1266.48,,1276.18,,,2,2509.0,2,F1,1,,,,,
2025-08-07,2025-08-07,CM,BSE,STK,938067,INE414G07GM1,MFLII27,F,,,,,MFL-23-6-27-NCD,981.0,981.0,981.0,981.0,981.0,978.0,,981.0,,,100,98100.0,1,F1,1,,,,,
2025-08-07,2025-08-07,CM,BSE,STK,938091,INE0BUS07569,11IML27,F,,,,,IML-11%-27-7-27-NCD,892.0,1099.0,892.0,1099.0,1099.0,1099.0,,1099.0,,,495,491855.0,4,F1,1,,,,,
2025-08-07,2025-08-07,CM,BSE,STK,938093,INE0BUS07577,IML28C,F,,,,,IML-27-11-28-NCD,1373.7,1373.7,1365.63,1365.63,1365.63,1349.87,,1365.63,,,20,27324.0,3,F1,1,,,,,
2025-08-07,2025-08-07,CM,BSE,STK,938113,INE523L07736,995NWIL32,F,,,,,NWIL-9.95%-15-7-32-NCD,1010.0,1010.0,1010.0,1010.0,1010.0,980.25,,1010.0,,,25,25250.0,1,F1,1,,,,,
2025-08-07,2025-08-07,CM,BSE,STK,938129,INE403Q07CX9,KFL29,F,,,,,KFL-10-12-29-NCD,1210.0,1210.0,1210.0,1210.0,1210.0,1274.8,,1210.0,,,50,60500.0,1,F1,1,,,,,
2025-08-07,2025-08-07,CM,BSE,STK,938206,INE532F07CX8,89EFSL25,F,,,,,EFSL-8.9%-20-10-25-NCD,997.0,998.0,997.0,998.0,998.0,998.0,,998.0,,,75,74800.0,4,F1,1,,,,,
2025-08-07,2025-08-07,CM,BSE,STK,938212,INE532F07DB2,935EFSL27,F,,,,,EFSL-9.35%-20-10-27-NCD,985.0,985.0,964.2,973.93,974.0,985.0,,973.93,,,720,699001.0,9,F1,1,,,,,
2025-08-07,2025-08-07,CM,BSE,STK,938214,INE532F07DC0,975EFSL27,F,,,,,EFSL-9.75%-20-10-27-NCD,1039.85,1039.85,1039.85,1039.85,1039.85,1042.0,,1039.85,,,64,66550.0,2,F1,1,,,,,
2025-08-07,2025-08-07,CM,BSE,STK,938216,INE532F07DA4,EFSL27,F,,,,,EFSL-20-10-27-NCD,1238.0,1238.0,1230.2,1230.2,1230.2,1238.0,,1230.2,,,50,61666.0,2,F1,1,,,,,
2025-08-07,2025-08-07,CM,BSE,STK,938218,INE532F07DD8,965EFSL32,F,,,,,EFSL-9.65%-20-10-32-NCD,974.0,974.0,972.0,973.1,972.0,972.0,,973.1,,,227,220894.0,7,F1,1,,,,,
2025-08-07,2025-08-07,CM,BSE,STK,938220,INE532F07DE6,1010EFSL32,F,,,,,EFSL-10.10%-20-10-32-NCD,1009.0,1009.0,1009.0,1009.0,1009.0,995.2,,1009.0,,,60,60540.0,1,F1,1,,,,,
2025-08-07,2025-08-07,CM,BSE,STK,938246,INE414G07GU4,MFLTDI25,F,,,,,MFL-3-11-25-NCD,995.0,995.0,995.0,995.0,995.0,999.99,,995.0,,,10,9950.0,1,F1,1,,,,,
2025-08-07,2025-08-07,CM,BSE,STK,938256,INE414G07GV2,MFLTDII27,F,,,,,MFL-3-11-27-NCD,1000.0,1000.0,1000.0,1000.0,1000.0,990.0,,1000.0,,,40,40000.0,1,F1,1,,,,,
2025-08-07,2025-08-07,CM,BSE,STK,938258,INE148I07MZ1,93SCL24A,F,,,,,SCL-9.15%-03-11-27-NCD,918.0,918.0,918.0,918.0,918.0,960.0,,918.0,,,100,91800.0,1,F1,1,,,,,
2025-08-07,2025-08-07,CM,BSE,STK,938284,INE414G07HH9,750MFL27,F,,,,,MFL-7.50%-23-12-27-NCD,975.75,975.75,975.75,975.75,975.75,970.0,,975.75,,,100,97575.0,1,F1,1,,,,,
2025-08-07,2025-08-07,CM,BSE,STK,938290,INE414G07HE6,775MFL27,F,,,,,MFL-7.75%-23-12-27-NCD,1004.0,1004.0,1003.0,1003.0,1003.0,1010.0,,1003.0,,,100,100375.0,2,F1,1,,,,,
2025-08-07,2025-08-07,CM,BSE,STK,938330,INE051307AB8,115CCIL28,F,,,,,CCIL-11.50%-11-1-28-NCD,1000.0,1008.0,1000.0,1007.65,1007.65,850.04,,1007.65,,,514,514110.0,3,F1,1,,,,,
2025-08-07,2025-08-07,CM,BSE,STK,938358,INE532F07DM9,920EFSL26B,F,,,,,EFSL-9.20%-20-1-26-NCD,992.0,992.0,992.0,992.0,992.0,992.0,,992.0,,,10,9920.0,1,F1,1,,,,,
2025-08-07,2025-08-07,CM,BSE,STK,938364,INE532F07DK3,967EFSL28D,F,,,,,EFSL-9.67%-20-1-28-NCD,988.9,988.9,985.0,985.0,985.0,980.0,,985.0,,,200,197390.0,2,F1,1,,,,,
2025-08-07,2025-08-07,CM,BSE,STK,938368,INE532F07DG1,EFSLZC28,F,,,,,EFSL-Zero Coupon-20-1-28-NCD,1215.2,1215.2,1215.2,1215.2,1215.2,1215.2,,1215.2,,,32,38886.0,2,F1,1,,,,,
2025-08-07,2025-08-07,CM,BSE,STK,938370,INE532F07DH9,10EFSL33B,F,,,,,EFSL-10%-20-1-33-NCD,965.0,967.0,955.2,967.0,967.0,960.53,,967.0,,,550,527378.0,12,F1,1,,,,,
2025-08-07,2025-08-07,CM,BSE,STK,938372,INE532F07DI7,1045EFS33A,F,,,,,EFSL-10.45%-20-1-33-NCD,980.2,996.4,980.2,996.4,996.4,1000.0,,996.4,,,400,394798.0,4,F1,1,,,,,
2025-08-07,2025-08-07,CM,BSE,STK,938382,INE530B07310,865IIFL28,F,,,,,IIFL-8.65%-25-1-28-NCD,976.8,976.8,976.8,976.8,976.8,976.8,,974.0,,,535,522588.0,6,F1,1,,,,,
2025-08-07,2025-08-07,CM,BSE,STK,938384,INE530B07260,9IIFL28A,F,,,,,IIFL-9%-24-1-28-NCD,1010.0,1010.0,1010.0,1010.0,1010.0,1058.0,,1010.0,,,1,1010.0,1,F1,1,,,,,
2025-08-07,2025-08-07,CM,BSE,STK,938406,INE244L07309,1030SFIL26,F,,,,,SFIL-2-2-26-NCD,1263.0,1367.0,1263.0,1263.0,1263.0,1160.1,,1263.0,,,90,120950.0,3,F1,1,,,,,
2025-08-07,2025-08-07,CM,BSE,STK,938436,INE414G07HM9,785MFL28,F,,,,,MFL-7.85%-10-4-28-NCD,990.8,990.8,980.01,980.72,980.01,976.0,,980.72,,,120,118190.0,4,F1,1,,,,,
2025-08-07,2025-08-07,CM,BSE,STK,938442,INE414G07HQ0,81MFL28,F,,,,,MFL-8.1%-10-4-28-NCD,1020.0,1020.0,1020.0,1020.0,1020.0,1025.0,,1020.0,,,107,109140.0,2,F1,1,,,,,
2025-08-07,2025-08-07,CM,BSE,STK,938482,INE148I07NY2,990SCFL26,F,,,,,SCL-9.90%-23-3-26-NCD,1141.0,1141.0,1141.0,1141.0,1141.0,1225.0,,1186.5,,,18,20538.0,1,F1,1,,,,,
2025-08-07,2025-08-07,CM,BSE,STK,938484,INE148I07NW6,965SCL28,F,,,,,SCL-9.65%-23-3-28-NCD,607.0,607.0,607.0,607.0,607.0,605.85,,607.0,,,3,1821.0,2,F1,1,,,,,
2025-08-07,2025-08-07,CM,BSE,STK,938506,INE244L07549,957SFIL28,F,,,,,SAFIL-25-4-26-NCD,1240.0,1240.0,1240.0,1240.0,1240.0,1229.82,,1240.0,,,15,18600.0,2,F1,1,,,,,
2025-08-07,2025-08-07,CM,BSE,STK,938518,INE532F07DP2,920EFSL26,F,,,,,EFSL-9.20%-27-4-26-NCD,985.0,985.0,985.0,985.0,985.0,985.0,,985.0,,,200,197000.0,2,F1,1,,,,,
2025-08-07,2025-08-07,CM,BSE,STK,938520,INE532F07DS6,960EFSL26,F,,,,,EFSL-9.60%-27-4-26-NCD,1005.5,1005.5,1005.5,1005.5,1005.5,1014.0,,1005.5,,,4,4022.0,1,F1,1,,,,,
2025-08-07,2025-08-07,CM,BSE,STK,938524,INE532F07DT4,967EFSL28,F,,,,,EFSL-9.67%-27-4-28-NCD,962.01,971.8,962.0,971.8,971.8,970.0,,971.8,,,120,115636.0,5,F1,1,,,,,
2025-08-07,2025-08-07,CM,BSE,STK,938528,INE532F07DW8,EFSL28,F,,,,,EFSL-27-4-28-NCD,1208.5,1208.5,1208.5,1208.5,1208.5,1200.0,,1208.5,,,62,74927.0,1,F1,1,,,,,
2025-08-07,2025-08-07,CM,BSE,STK,938530,INE532F07DX6,10EFSL33,F,,,,,EFSL-10%-27-4-33-NCD,975.0,975.0,975.0,975.0,975.0,963.75,,975.0,,,300,292500.0,3,F1,1,,,,,
2025-08-07,2025-08-07,CM,BSE,STK,938552,INE414G07HZ1,785MFL2028,F,,,,,MFL-7.85%-3-6-28-NCD,996.0,996.0,996.0,996.0,996.0,979.0,,996.0,,,20,19920.0,1,F1,1,,,,,
2025-08-07,2025-08-07,CM,BSE,STK,938588,INE121A07QY9,840CIFCL28,F,,,,,CIFCL-8.40%-4-5-28-NCD,1020.0,1020.0,1020.0,1020.0,1020.0,1020.0,,1020.0,,,270,275400.0,3,F1,1,,,,,
2025-08-07,2025-08-07,CM,BSE,STK,938652,INE532F07EC8,92EFSL26,F,,,,,EFSL-9.20%-21-7-26-NCD,980.21,999.96,980.21,999.94,999.94,999.99,,999.94,,,1008,995965.0,7,F1,1,,,,,
2025-08-07,2025-08-07,CM,BSE,STK,938664,INE532F07EI5,10EFS33,F,,,,,EFSL-10%-21-7-33-NCD,980.0,984.0,980.0,980.0,980.0,958.65,,980.0,,,250,245156.0,5,F1,1,,,,,
2025-08-07,2025-08-07,CM,BSE,STK,938688,INE148I07OS2,SCLZC26B,F,,,,,SCL-ZC-27-7-26-NCD,1185.0,1200.0,1185.0,1200.0,1200.0,1185.0,,1200.0,,,92,109650.0,3,F1,1,,,,,
2025-08-07,2025-08-07,CM,BSE,STK,938726,INE01HV07437,1003VCL25,F,,,,,VCL-10.03%-06-09-25-NCD,999.0,999.0,999.0,999.0,999.0,1000.0,,999.0,,,62,61938.0,2,F1,1,,,,,
2025-08-07,2025-08-07,CM,BSE,STK,938766,INE530L07590,895NHFL25,F,,,,,NHFL-8.95%-15-9-25-NCD,1064.65,1064.65,1064.65,1064.65,1064.65,1072.0,,1064.65,,,12,12775.0,2,F1,1,,,,,
2025-08-07,2025-08-07,CM,BSE,STK,938786,INE549K07CI3,865MFL25A,F,,,,,MFL-8.65%-20-9-25-NCD,965.78,965.78,965.78,965.78,965.78,990.55,,965.78,,,10,9657.0,1,F1,1,,,,,
2025-08-07,2025-08-07,CM,BSE,STK,938790,INE549K07CP8,905MFL28A,F,,,,,MFL-9.05%-20-9-28-NCD,970.52,970.52,970.5,970.5,970.5,992.0,,970.5,,,4,3882.0,2,F1,1,,,,,
2025-08-07,2025-08-07,CM,BSE,STK,938846,INE148I07PT7,1075SCL33A,F,,,,,SCL-10.75%-26-9-33-NCD,1000.0,1000.0,1000.0,1000.0,1000.0,925.0,,1000.0,,,10,10000.0,1,F1,1,,,,,
2025-08-07,2025-08-07,CM,BSE,STK,938870,INE414G07IL9,775MFLTD28,F,,,,,MFLTD-7.75%-4-10-28-NCD,993.9,993.9,993.9,993.9,993.9,970.0,,993.9,,,145,144115.0,2,F1,1,,,,,
2025-08-07,2025-08-07,CM,BSE,STK,938898,INE532F07EQ8,920EFSL26A,F,,,,,EFSL-9.20%-26-10-26-NCD,985.0,985.0,985.0,985.0,985.0,985.0,,985.0,,,125,123125.0,1,F1,1,,,,,
2025-08-07,2025-08-07,CM,BSE,STK,938902,INE532F07ES4,EFSLZC26C,F,,,,,EFSL-ZC-26-10-26-NCD,1146.95,1146.95,1146.95,1146.95,1146.95,1136.0,,1146.95,,,32,36702.0,2,F1,1,,,,,
2025-08-07,2025-08-07,CM,BSE,STK,938906,INE532F07EM7,1010EFSL28,F,,,,,EFSL-10.10%-26-10-28-NCD,1095.0,1095.0,1021.2,1021.2,1021.2,1021.2,,1021.2,,,141,146941.0,3,F1,1,,,,,
2025-08-07,2025-08-07,CM,BSE,STK,939032,INE01CY077E1,125ICLFL28,F,,,,,ICLFL-12.5%-14-12-28-NCD,1031.0,1031.0,1031.0,1031.0,1031.0,1042.0,,1031.0,,,18,18558.0,1,F1,1,,,,,
2025-08-07,2025-08-07,CM,BSE,STK,939164,INE403Q07ED7,10KFL28,F,,,,,KFL-10%-17-1-28-NCD,980.0,980.0,980.0,980.0,980.0,1010.0,,980.0,,,10,9800.0,2,F1,1,,,,,
2025-08-07,2025-08-07,CM,BSE,STK,939186,INE532F07ET2,895EFSL26,F,,,,,EFSL-8.95%-29-1-26-NCD,1017.55,1017.55,1017.55,1017.55,1017.55,1017.55,,1017.55,,,20,20351.0,1,F1,1,,,,,
2025-08-07,2025-08-07,CM,BSE,STK,939188,INE532F07EV8,EFSL26D,F,,,,,EFSL-29-1-26-NCD,1125.8,1125.8,1125.8,1125.8,1125.8,1110.0,,1125.8,,,22,24767.0,1,F1,1,,,,,
2025-08-07,2025-08-07,CM,BSE,STK,939192,INE532F07EW6,960EFSL27,F,,,,,ESFL-9.60%-29-1-27-NCD,1027.0,1027.0,1025.0,1025.0,1025.0,1025.0,,1025.0,,,111,113907.0,2,F1,1,,,,,
2025-08-07,2025-08-07,CM,BSE,STK,939196,INE532F07EY2,967EFSL29,F,,,,,EFSL-9.67%-29-1-29-NCD,975.0,979.88,973.0,979.88,979.88,975.0,,979.88,,,595,578981.0,3,F1,1,,,,,
2025-08-07,2025-08-07,CM,BSE,STK,939206,INE414G07IW6,825MFL27,F,,,,,MFL-8.25%-25-1-27-NCD,1002.0,1002.0,943.8,990.0,990.0,1002.0,,990.0,,,44,43573.0,6,F1,1,,,,,
2025-08-07,2025-08-07,CM,BSE,STK,939208,INE414G07IT2,825MFL29,F,,,,,MFL-8.25%-25-1-29-NCD,993.0,993.0,993.0,993.0,993.0,977.06,,993.0,,,80,79440.0,2,F1,1,,,,,
2025-08-07,2025-08-07,CM,BSE,STK,939212,INE414G07IV8,850MFL27A,F,,,,,MFL-8.50%-25-1-27-NCD,1031.0,1031.0,1031.0,1031.0,1031.0,1031.0,,1031.0,,,50,51550.0,2,F1,1,,,,,
2025-08-07,2025-08-07,CM,BSE,STK,939232,INE549K07DL5,890MFL26,F,,,,,MFL-8.90%-31-1-26-NCD,995.0,995.0,995.0,995.0,995.0,1010.0,,995.0,,,1,995.0,1,F1,1,,,,,
2025-08-07,2025-08-07,CM,BSE,STK,939234,INE549K07DH3,915MFL27,F,,,,,MFL-9.15%-31-1-27-NCD,988.8,988.8,988.8,988.8,988.8,988.8,,988.8,,,2,1977.0,1,F1,1,,,,,
2025-08-07,2025-08-07,CM,BSE,STK,939256,INE0BUS07AX7,975IML26,F,,,,,IML-9.75%-13-2-26-NCD,992.0,995.0,992.0,995.0,995.0,990.0,,995.0,,,20,19870.0,3,F1,1,,,,,
2025-08-07,2025-08-07,CM,BSE,STK,939264,INE0BUS07AT5,1150IML29,F,,,,,IML-11.50%-15-2-29-NCD,1010.0,1010.0,1010.0,1010.0,1010.0,1001.0,,1010.0,,,12,12120.0,1,F1,1,,,,,
2025-08-07,2025-08-07,CM,BSE,STK,939284,INE583D07430,1075UCL25,F,,,,,UCL-10.75%-27-8-25-NCD,1041.27,1041.27,1041.27,1041.27,1041.27,1041.27,,1039.51,,,9,9371.0,1,F1,1,,,,,
2025-08-07,2025-08-07,CM,BSE,STK,939286,INE583D07448,1035UCL26,F,,,,,UCL-10.35%-27-2-26-NCD,695.0,697.0,695.0,697.0,697.0,687.0,,701.4,,,70,48770.0,6,F1,1,,,,,
2025-08-07,2025-08-07,CM,BSE,STK,939295,INE530L07707,95NIDO26,F,,,,,NHFL-9.5%-1-3-26-NCD,1021.2,1021.2,1021.2,1021.2,1021.2,1021.2,,1021.2,,,100,102120.0,1,F1,1,,,,,
2025-08-07,2025-08-07,CM,BSE,STK,939299,INE530L07715,10NIDO27,F,,,,,NIDO-10%-1-3-27-NCD,1020.8,1020.8,1020.8,1020.8,1020.8,1020.8,,1020.8,,,19,19395.0,1,F1,1,,,,,
2025-08-07,2025-08-07,CM,BSE,STK,939301,INE530L07699,NIDO010327,F,,,,,NHFL-1-3-27-NCD,1115.0,1115.0,1115.0,1115.0,1115.0,1107.0,,1115.0,,,50,55750.0,1,F1,1,,,,,
2025-08-07,2025-08-07,CM,BSE,STK,939315,INE051307AW4,1050CCI25,F,,,,,CCIL-10.50%-10-9-25-NCD,995.0,995.0,995.0,995.0,995.0,995.0,,995.0,,,10,9950.0,2,F1,1,,,,,
2025-08-07,2025-08-07,CM,BSE,STK,939335,INE342T07460,1065NFL27,F,,,,,NFL-10.65%-13-3-27-NCD,1000.01,1040.0,1000.01,1040.0,1040.0,1002.0,,1040.0,,,120,123400.0,2,F1,1,,,,,
2025-08-07,2025-08-07,CM,BSE,STK,939347,INE148I07SF0,0SCL26,F,,,,,SCL-ZC-26-3-26-NCD,1110.0,1130.0,1040.2,1040.2,1040.2,1107.9,,1040.2,,,30,32802.0,3,F1,1,,,,,
2025-08-07,2025-08-07,CM,BSE,STK,939439,INE532F07FJ0,1045EFS34,F,,,,,EFSL-10.45%-29-4-34-NCD,950.0,950.0,950.0,950.0,950.0,950.0,,950.0,,,114,108300.0,3,F1,1,,,,,
2025-08-07,2025-08-07,CM,BSE,STK,939461,INE549K07DS0,MFCL30424A,F,,,,,MFCL-30-6-27-NCD,1070.2,1093.8,1070.2,1093.8,1093.8,1070.2,,1093.8,,,430,464434.0,4,F1,1,,,,,
2025-08-07,2025-08-07,CM,BSE,STK,939467,INE549K07DX0,MFCL30424D,F,,,,,MFCL-29-2-32-NCD,950.0,950.0,950.0,950.0,950.0,975.0,,950.0,,,200,190000.0,1,F1,1,,,,,
2025-08-07,2025-08-07,CM,BSE,STK,939479,INE338I07107,935MOFSL29,F,,,,,MOFSL-9.35%-9-5-29-NCD,1030.0,1030.0,1030.0,1030.0,1030.0,1030.0,,1034.74,,,105,108150.0,2,F1,1,,,,,
2025-08-07,2025-08-07,CM,BSE,STK,939571,INE413U07327,957IIFLS27,F,,,,,IIFLSFL-9.57%-21-6-27-NCD,955.0,980.0,955.0,967.5,980.0,985.0,,967.5,,,400,387000.0,4,F1,1,,,,,
2025-08-07,2025-08-07,CM,BSE,STK,939595,INE530L07780,1026NHFL34,F,,,,,NHFL-10.26%-3-7-34-NCD,980.0,980.0,980.0,980.0,980.0,941.5,,980.0,,,719,704620.0,4,F1,1,,,,,
2025-08-07,2025-08-07,CM,BSE,STK,939597,INE530L07798,1075NHFL34,F,,,,,NHFL-10.75%-3-7-34-NCD,999.0,999.0,999.0,999.0,999.0,1000.0,,999.0,,,10,9990.0,1,F1,1,,,,,
2025-08-07,2025-08-07,CM,BSE,STK,939603,INE302E07730,925SFL27A,F,,,,,SFL-9.25%-9-7-27-NCD,989.8,989.8,989.8,989.8,989.8,979.8,,989.8,,,50,49490.0,2,F1,1,,,,,
2025-08-07,2025-08-07,CM,BSE,STK,939613,INE532F07FP7,950EFSL26,F,,,,,EFSL-9.50%-26-7-26-NCD,990.0,990.0,990.0,990.0,990.0,990.0,,990.0,,,121,119790.0,2,F1,1,,,,,
2025-08-07,2025-08-07,CM,BSE,STK,939617,INE532F07FR3,957EFSL27,F,,,,,EFSL-9.57%-26-7-27-NCD,981.0,981.0,981.0,981.0,981.0,981.0,,981.0,,,383,375723.0,9,F1,1,,,,,
2025-08-07,2025-08-07,CM,BSE,STK,939633,INE532F07FX1,11EFSL34,F,,,,,EFSL-11%-26-7-34-NCD,980.0,980.0,980.0,980.0,980.0,905.6,,980.0,,,1,980.0,1,F1,1,,,,,
2025-08-07,2025-08-07,CM,BSE,STK,939637,INE403Q07EN6,KFL070824,F,,,,,KFL-6-2-26-NCD,1060.2,1060.2,1060.2,1060.2,1060.2,1057.2,,1060.2,,,50,53010.0,1,F1,1,,,,,
2025-08-07,2025-08-07,CM,BSE,STK,939647,INE103C07017,102SMCGS27,F,,,,,SMCGSL-10.20%-07-08-27-NCD,1000.0,1000.0,999.99,999.99,999.99,1015.0,,999.99,,,101,100999.0,2,F1,1,,,,,
2025-08-07,2025-08-07,CM,BSE,STK,939653,INE403Q07ER7,KFL070824B,F,,,,,KFL-6-11-27-NCD,1030.0,1030.0,1030.0,1030.0,1030.0,0.0,,1030.0,,,750,772500.0,3,F1,1,,,,,
2025-08-07,2025-08-07,CM,BSE,STK,939655,INE103C07041,994SMCGS29,F,,,,,SMCGSL-9.94%-07-08-29-NCD,1000.0,1000.0,999.8,999.8,999.8,999.9,,999.8,,,125,124980.0,7,F1,1,,,,,
2025-08-07,2025-08-07,CM,BSE,STK,939701,INE051307AY0,CCIL14824C,F,,,,,CCIL-13-6-30-NCD,1057.5,1057.5,1057.5,1057.5,1057.5,1057.45,,1057.5,,,40,42300.0,1,F1,1,,,,,
2025-08-07,2025-08-07,CM,BSE,STK,939715,INE05F407CO7,1150MML29,F,,,,,MML-11.50%-11-9-29-NCD,1010.01,1010.01,1010.01,1010.01,1010.01,915.1,,1010.01,,,10,10100.0,1,F1,1,,,,,
2025-08-07,2025-08-07,CM,BSE,STK,939727,INE423A07328,965AEL27,F,,,,,AEL-9.65%-12-9-27-NCD,1092.0,1092.0,1086.0,1088.76,1086.0,1093.0,,1088.76,,,1322,1441347.0,10,F1,1,,,,,
2025-08-07,2025-08-07,CM,BSE,STK,939733,INE423A07344,99AEL29,F,,,,,AEL-9.90%-12-9-29-NCD,1105.0,1112.99,1105.0,1112.99,1112.99,1115.0,,1112.99,,,200,221711.0,4,F1,1,,,,,
2025-08-07,2025-08-07,CM,BSE,STK,939753,INE549K07EL3,MFCL160924,F,,,,,MFCL-16-9-26-NCD,1049.0,1049.0,1049.0,1049.0,1049.0,1049.0,,1049.0,,,10,10490.0,1,F1,1,,,,,
2025-08-07,2025-08-07,CM,BSE,STK,939783,INE148I07UA7,SCL25924D,F,,,,,SCL-ZC-25-9-27-NCD,1030.0,1035.0,1030.0,1035.0,1035.0,1016.89,,1038.33,,,7,7235.0,2,F1,1,,,,,
2025-08-07,2025-08-07,CM,BSE,STK,939843,INE532F07GD1,957EFSL27A,F,,,,,EFSL-9.57%-24-10-27-NCD,830.0,1000.0,830.0,994.0,994.0,1015.0,,994.0,,,52,47648.0,4,F1,1,,,,,
2025-08-07,2025-08-07,CM,BSE,STK,939879,INE549K07ER0,MFCL301024,F,,,,,MFCL-30-10-26-NCD,1035.0,1035.0,1035.0,1035.0,1035.0,1034.5,,1035.0,,,10,10350.0,1,F1,1,,,,,
2025-08-07,2025-08-07,CM,BSE,STK,939885,INE549K07EX8,MFL301024C,F,,,,,MFL-30-10-30-NCD,1000.0,1000.0,1000.0,1000.0,1000.0,990.0,,1000.0,,,600,600000.0,4,F1,1,,,,,
2025-08-07,2025-08-07,CM,BSE,STK,939903,INE101Q07AX3,850MMFL26,F,,,,,MMFL-8.50%-12-2-26-NCD,988.0,988.88,988.0,988.88,988.88,988.0,,988.88,,,200,197723.0,3,F1,1,,,,,
2025-08-07,2025-08-07,CM,BSE,STK,939907,INE101Q07AR5,MMFL191124,F,,,,,MMFL-18-1-27-NCD,1000.0,1000.0,1000.0,1000.0,1000.0,980.1,,1000.0,,,50,50000.0,1,F1,1,,,,,
2025-08-07,2025-08-07,CM,BSE,STK,939915,INE101Q07AV7,MMF191124B,F,,,,,MMFL-18-5-30-NCD,1000.0,1000.0,1000.0,1000.0,1000.0,1000.0,,1000.0,,,20,20000.0,1,F1,1,,,,,
2025-08-07,2025-08-07,CM,BSE,STK,939937,INE01I507AD2,950KLMAF26,F,,,,,KLMAFL-9.50%-08-1-26-NCD,980.0,980.0,980.0,980.0,980.0,980.0,,980.0,,,40,39200.0,1,F1,1,,,,,
2025-08-07,2025-08-07,CM,BSE,STK,939957,INE403Q07FA0,KFL121224,F,,,,,KFL-11-6-26-NCD,1016.2,1016.2,1016.2,1016.2,1016.2,1030.0,,1016.2,,,24,24388.0,1,F1,1,,,,,
2025-08-07,2025-08-07,CM,BSE,STK,940069,INE549K07FE5,MFL100125,F,,,,,MFLIII-10-1-27-NCD,1035.8,1035.8,1035.8,1035.8,1035.8,1035.8,,1035.8,,,47,48682.0,1,F1,1,,,,,
2025-08-07,2025-08-07,CM,BSE,STK,940101,INE532F07GQ3,957EFSL28,F,,,,,EFSL-9.57%-24-1-28-NCD,900.0,980.0,900.0,980.0,980.0,970.05,,980.0,,,22,19960.0,3,F1,1,,,,,
2025-08-07,2025-08-07,CM,BSE,STK,940107,INE532F07GX9,1004EFSL30,F,,,,,EFSL-10.04%-24-1-30-NCD,1001.0,1001.0,1001.0,1001.0,1001.0,1001.0,,1001.0,,,150,150150.0,1,F1,1,,,,,
2025-08-07,2025-08-07,CM,BSE,STK,940129,INE01CY079E7,ICLFL27125,F,,,,,ICLFL-27-2-26-NCD,1011.0,1011.0,1011.0,1011.0,1011.0,1025.0,,1011.0,,,10,10110.0,1,F1,1,,,,,
2025-08-07,2025-08-07,CM,BSE,STK,940159,INE549K07FM8,9MFLIV27,F,,,,,MFLIV-9%-24-2-27-NCD,972.2,987.8,972.2,987.8,987.8,981.0,,987.8,,,100,98000.0,2,F1,1,,,,,
2025-08-07,2025-08-07,CM,BSE,STK,940165,INE549K07FT3,965MFLIV31,F,,,,,MFLIV-9.65%-24-2-31-NCD,1000.0,1000.0,1000.0,1000.0,1000.0,995.0,,1000.0,,,1700,1700000.0,5,F1,1,,,,,
2025-08-07,2025-08-07,CM,BSE,STK,940189,INE148I07WE5,965SCL27,F,,,,,SCL-9.65%-19-03-27-NCD,1000.0,1002.2,1000.0,1002.2,1002.2,980.0,,1002.2,,,120,120110.0,3,F1,1,,,,,
2025-08-07,2025-08-07,CM,BSE,STK,940201,INE148I07WU1,902SCL28,F,,,,,SCL-9.02%-19-03-28-NCD,954.0,954.0,953.95,954.0,954.0,970.0,,952.0,,,284,270931.0,5,F1,1,,,,,
2025-08-07,2025-08-07,CM,BSE,STK,940245,INE530L07AO3,1003NHF30,F,,,,,NHFL-10.03%-3-4-30-NCD,999.0,999.0,975.0,975.0,975.0,995.0,,975.0,,,49,48617.0,9,F1,1,,,,,
2025-08-07,2025-08-07,CM,BSE,STK,940287,INE05F407DE6,MML21425A,F,,,,,MML-20-05-31-NCD,1049.0,1049.0,1049.0,1049.0,1049.0,1050.0,,1049.0,,,2,2098.0,1,F1,1,,,,,
2025-08-07,2025-08-07,CM,BSE,STK,940291,INE530B07542,IIFL210425,F,,,,,IIFL-21-7-26-NCD,1005.0,1005.0,1005.0,1005.0,1005.0,1028.95,,1005.0,,,20,20100.0,1,F1,1,,,,,
2025-08-07,2025-08-07,CM,BSE,STK,940307,INE583D07562,10UCL26,F,,,,,UCL-10%-24-10-26-NCD,992.0,992.0,992.0,992.0,992.0,995.09,,992.0,,,20,19840.0,1,F1,1,,,,,
2025-08-07,2025-08-07,CM,BSE,STK,940317,INE103C07074,10SMCGSL27,F,,,,,SMCGSL-10%-24-04-27-NCD,1002.5,1002.5,1002.21,1002.21,1002.21,1000.2,,1002.21,,,200,200497.0,2,F1,1,,,,,
2025-08-07,2025-08-07,CM,BSE,STK,940319,INE103C07124,SMCG240425,F,,,,,SMCGSL-24-04-27-NCD,1042.0,1042.0,1002.1,1010.0,1010.0,1002.5,,1010.0,,,1185,1230115.0,6,F1,1,,,,,
2025-08-07,2025-08-07,CM,BSE,STK,940323,INE103C07116,SMCGS24425,F,,,,,SMCGSL-24-04-28-NCD,1000.0,1001.06,1000.0,1001.06,1001.06,1000.27,,1001.06,,,81,81054.0,3,F1,1,,,,,
2025-08-07,2025-08-07,CM,BSE,STK,940325,INE103C07082,1003SMCG30,F,,,,,SMCGSL-10.03%-24-04-30-NCD,999.55,999.55,999.52,999.52,999.52,1000.0,,999.52,,,56,55973.0,3,F1,1,,,,,
2025-08-07,2025-08-07,CM,BSE,STK,940353,INE101Q07BC5,MMFL130525,F,,,,,MMFL-12-11-26-NCD,973.21,973.21,973.21,973.21,973.21,980.0,,973.21,,,10,9732.0,1,F1,1,,,,,
2025-08-07,2025-08-07,CM,BSE,STK,940355,INE101Q07BD3,95MMFL27,F,,,,,MMFL-9.5%-12-5-27-NCD,975.01,980.0,975.01,975.51,975.51,993.0,,975.51,,,200,195338.0,5,F1,1,,,,,
2025-08-07,2025-08-07,CM,BSE,STK,940363,INE101Q07BF8,1075MMFL30,F,,,,,MMFL-10.75%-12-5-30-NCD,1000.0,1000.0,1000.0,1000.0,1000.0,1000.0,,1000.0,,,1,1000.0,1,F1,1,,,,,
2025-08-07,2025-08-07,CM,BSE,STK,940365,INE01CY079N8,11ICLFL26B,F,,,,,ICLFL-11%-16-06-26-NCD,967.09,987.0,967.09,987.0,987.0,997.0,,987.0,,,100,97950.0,6,F1,1,,,,,
2025-08-07,2025-08-07,CM,BSE,STK,940373,INE01CY079R9,ICLFL16525,F,,,,,ICLFL-16-06-26-NCD,990.11,1000.0,990.11,1000.0,1000.0,990.0,,1000.0,,,29,28752.0,2,F1,1,,,,,
2025-08-07,2025-08-07,CM,BSE,STK,940387,INE549K07GL8,925MFL28A,F,,,,,MFL-9.25%-19-5-28-NCD,998.0,1000.0,998.0,999.88,1000.0,985.0,,999.88,,,250,249970.0,2,F1,1,,,,,
2025-08-07,2025-08-07,CM,BSE,STK,940393,INE549K07GC7,94MFL27B,F,,,,,MFL-9.4%-19-5-27-NCD,998.0,998.0,998.0,998.0,998.0,998.0,,998.0,,,64,63872.0,1,F1,1,,,,,
2025-08-07,2025-08-07,CM,BSE,STK,940395,INE549K07GE3,965MFL28A,F,,,,,MFL-9.65%-19-5-28-NCD,995.6,995.6,995.6,995.6,995.6,995.6,,995.6,,,82,81639.0,1,F1,1,,,,,
2025-08-07,2025-08-07,CM,BSE,STK,940415,INE051307BT8,12CCIL30D,F,,,,,CCIL-12%-19-6-30-NCD,1000.0,1000.0,1000.0,1000.0,1000.0,1000.0,,1000.0,,,183,183000.0,8,F1,1,,,,,
2025-08-07,2025-08-07,CM,BSE,STK,940417,INE051307BW2,CCIL20625E,F,,,,,CCIL-21-6-26-NCD,980.0,980.0,980.0,980.0,980.0,980.0,,980.0,,,100,98000.0,1,F1,1,,,,,
2025-08-07,2025-08-07,CM,BSE,STK,940421,INE051307BV4,CCIL20625G,F,,,,,CCIL-19-4-31-NCD,970.0,972.0,970.0,972.0,972.0,980.0,,972.0,,,12,11660.0,3,F1,1,,,,,
2025-08-07,2025-08-07,CM,BSE,STK,940425,INE530L07AU0,NHFL2725,F,,,,,NHFL-02-07-27-NCD,955.8,955.8,955.8,955.8,955.8,954.0,,955.8,,,10,9558.0,1,F1,1,,,,,
2025-08-07,2025-08-07,CM,BSE,STK,940427,INE530L07AV8,957NHFL28,F,,,,,NHFL-9.57%-02-07-28-NCD,967.0,967.0,967.0,967.0,967.0,967.0,,967.0,,,9,8703.0,1,F1,1,,,,,
2025-08-07,2025-08-07,CM,BSE,STK,940429,INE530L07AW6,10NHFL28B,F,,,,,NHFL-10%-02-07-28-NCD,921.2,921.2,921.2,921.2,921.2,940.0,,921.2,,,10,9212.0,1,F1,1,,,,,
2025-08-07,2025-08-07,CM,BSE,STK,940433,INE530L07AY2,985NHFL30,F,,,,,NHFL-9.85%-02-07-30-NCD,970.0,970.0,970.0,970.0,970.0,970.0,,970.0,,,300,291000.0,2,F1,1,,,,,
2025-08-07,2025-08-07,CM,BSE,STK,940443,INE549K07GW5,885MFCL27,F,,,,,MFCL-8.85%-16-7-27-NCD,985.0,985.0,977.0,985.0,985.0,980.63,,985.0,,,172,169299.0,5,F1,1,,,,,
2025-08-07,2025-08-07,CM,BSE,STK,940445,INE549K07GX3,905MFCL28,F,,,,,MFCL-9.05%-16-7-28-NCD,970.0,988.0,966.0,980.11,980.11,986.09,,980.11,,,2092,2050614.0,21,F1,1,,,,,
2025-08-07,2025-08-07,CM,BSE,STK,940447,INE549K07GN4,930MFCL30,F,,,,,MFCL-9.30%-16-7-30-NCD,980.0,980.0,980.0,980.0,980.0,980.0,,980.0,,,5,4900.0,1,F1,1,,,,,
2025-08-07,2025-08-07,CM,BSE,STK,940449,INE549K07GV7,940MFCL31,F,,,,,MFCL-9.40%-16-7-31-NCD,990.0,990.0,990.0,990.0,990.0,998.99,,990.0,,,30,29700.0,2,F1,1,,,,,
2025-08-07,2025-08-07,CM,BSE,STK,940457,INE549K07GQ7,980MFCL31,F,,,,,MFCL-9.80%-16-7-31-NCD,988.0,1006.2,988.0,1006.2,1006.2,988.0,,1006.2,,,682,685646.0,10,F1,1,,,,,
2025-08-07,2025-08-07,CM,BSE,STK,940465,INE549K07GO2,MFCL16725C,F,,,,,MFCL-16-7-31-NCD,931.22,950.0,931.22,950.0,950.0,950.0,,950.0,,,19,17956.0,3,F1,1,,,,,
2025-08-07,2025-08-07,CM,BSE,STK,940471,INE423A07427,885AEL28,F,,,,,AEL-8.85%-17-07-28-NCD,1004.0,1004.0,1004.0,1004.0,1004.0,1004.0,,1004.0,,,47,47188.0,1,F1,1,,,,,
2025-08-07,2025-08-07,CM,BSE,STK,940473,INE423A07435,915AEL28,F,,,,,AEL-9.15%-17-07-28-NCD,1003.0,1003.0,1001.1,1001.1,1001.1,1000.02,,1002.09,,,30,30071.0,3,F1,1,,,,,
2025-08-07,2025-08-07,CM,BSE,STK,940479,INE423A07393,930AEL30,F,,,,,AEL-9.30%-17-07-30-NCD,1012.0,1012.0,1008.0,1008.0,1008.0,1010.65,,1009.05,,,249,251393.0,5,F1,1,,,,,
2025-08-07,2025-08-07,CM,BSE,STK,940483,INE403Q07FT0,KFL240725,F,,,,,KFL-23-1-27-NCD,960.0,965.0,960.0,961.0,962.0,952.01,,961.0,,,282,270850.0,13,F1,1,,,,,
2025-08-07,2025-08-07,CM,BSE,STK,940485,INE403Q07FX2,10KFL28C,F,,,,,KFL-10%-23-7-28-NCD,1000.0,1000.0,1000.0,1000.0,1000.0,1000.0,,1000.0,,,24,24000.0,3,F1,1,,,,,
2025-08-07,2025-08-07,CM,BSE,STK,940489,INE532F07HM0,9EFSL27,F,,,,,EFSL-9%-24-7-27-NCD,961.0,961.0,961.0,961.0,961.0,961.0,,961.0,,,10,9610.0,2,F1,1,,,,,
2025-08-07,2025-08-07,CM,BSE,STK,940509,INE532F07HV1,980EFSL30,F,,,,,EFSL-9.80%-24-7-30-NCD,1000.0,1000.0,1000.0,1000.0,1000.0,1000.0,,1000.0,,,100,100000.0,1,F1,1,,,,,
2025-08-07,2025-08-07,CM,BSE,STK,940511,INE532F07HU3,1025EFSL30,F,,,,,EFSL-10.25%-24-7-30-NCD,975.0,975.0,975.0,975.0,975.0,975.0,,975.0,,,25,24375.0,1,F1,1,,,,,
2025-08-07,2025-08-07,CM,BSE,STK,940513,INE532F07HS7,EFSL24725A,F,,,,,EFSL-24-7-30-NCD,980.0,980.0,980.0,980.0,980.0,980.0,,980.0,,,5,4900.0,2,F1,1,,,,,
2025-08-07,2025-08-07,CM,BSE,STK,940517,INE532F07HQ1,1003EFSL35,F,,,,,EFSL-10.03%-24-7-35-NCD,999.0,999.0,999.0,999.0,999.0,980.0,,999.0,,,4,3996.0,1,F1,1,,,,,
2025-08-07,2025-08-07,CM,BSE,STK,940519,INE532F07HR9,1050EFSL35,F,,,,,EFSL-10.50%-24-7-35-NCD,982.99,982.99,982.99,982.99,982.99,983.99,,982.99,,,1,982.0,1,F1,1,,,,,
2025-08-07,2025-08-07,CM,BSE,STK,940523,INE01I507AN1,95KAFL26,F,,,,,KAFL-9.5%-1-9-26-NCD,970.0,970.0,970.0,970.0,970.0,950.01,,970.0,,,100,97000.0,2,F1,1,,,,,
2025-08-07,2025-08-07,CM,BSE,STK,940529,INE01I507AT8,10KAFL27,F,,,,,KAFL-10%-27-7-27-NCD,980.0,980.0,980.0,980.0,980.0,980.0,,980.0,,,25,24500.0,1,F1,1,,,,,
2025-08-07,2025-08-07,CM,BSE,STK,940541,INE01I507AU6,KAFL28725,F,,,,,KAFL-27-2-32-NCD,929.0,929.0,929.0,929.0,929.0,929.0,,929.0,,,1,929.0,1,F1,1,,,,,
2025-08-07,2025-08-07,CM,BSE,STK,940543,INE05F407DK3,950MML26,F,,,,,MML-9.50%-4-9-26-NCD,975.01,975.01,975.01,975.01,975.01,951.0,,975.01,,,10,9750.0,1,F1,1,,,,,
2025-08-07,2025-08-07,CM,BSE,STK,940545,INE05F407DH9,MML310725,F,,,,,MML-4-9-26-NCD,959.0,959.0,959.0,959.0,959.0,0.0,,959.0,,,10,9590.0,1,F1,1,,,,,
2025-08-07,2025-08-07,CM,BSE,STK,940547,INE05F407DJ5,1025MML28,F,,,,,MML-10.25%-30-7-28-NCD,951.0,1020.0,940.0,960.0,960.0,1020.0,,960.0,,,44,42344.0,6,F1,1,,,,,
2025-08-07,2025-08-07,CM,BSE,STK,940549,INE05F407DI7,MML31725A,F,,,,,MML-30-7-28-NCD,833.0,1000.0,833.0,999.0,999.0,0.0,,999.0,,,24,22322.0,5,F1,1,,,,,
2025-08-07,2025-08-07,CM,BSE,STK,940551,INE05F407DL1,MML31725B,F,,,,,MML-29-10-31-NCD,940.0,950.0,940.0,940.0,940.0,940.0,,940.0,,,40,37630.0,5,F1,1,,,,,
2025-08-07,2025-08-07,CM,BSE,STK,940555,INE148I07YA9,9SCL27,F,,,,,SCL-9.0%-01-08-27-NCD,950.0,959.66,945.0,945.0,945.0,950.0,,950.0,,,89,84580.0,7,F1,1,,,,,
2025-08-07,2025-08-07,CM,BSE,STK,940563,INE148I07XX3,SCL01825,F,,,,,SCL-01-08-27-NCD,940.0,940.0,940.0,940.0,940.0,950.0,,940.0,,,10,9400.0,1,F1,1,,,,,
2025-08-07,2025-08-07,CM,BSE,STK,940567,INE148I07XP9,925SCL2028,F,,,,,SCL-9.25%-01-08-28-NCD,932.42,932.42,932.42,932.42,932.42,0.0,,926.21,,,10,9324.0,1,F1,1,,,,,
2025-08-07,2025-08-07,CM,BSE,STK,940571,INE148I07XK0,888SCL28,F,,,,,SCL-8.88%-01-08-28-NCD,920.0,965.0,920.0,965.0,965.0,0.0,,965.0,,,20,18850.0,2,F1,1,,,,,
2025-08-07,2025-08-07,CM,BSE,STK,940575,INE148I07XU9,SCL0182025,F,,,,,SCL-01-08-28-NCD,920.0,920.0,920.0,920.0,920.0,930.0,,920.0,,,10,9200.0,1,F1,1,,,,,
2025-08-07,2025-08-07,CM,BSE,STK,940577,INE148I07XL8,965SCL30,F,,,,,SCL-9.65%-01-08-30-NCD,920.0,926.86,920.0,926.86,926.86,0.0,,926.86,,,20,18468.0,2,F1,1,,,,,
2025-08-07,2025-08-07,CM,BSE,STK,940581,INE148I07YB7,925SCL30,F,,,,,SCL-9.25%-01-08-30-NCD,925.0,925.0,920.0,920.0,920.0,0.0,,926.13,,,10,9225.0,2,F1,1,,,,,
2025-08-07,2025-08-07,CM,BSE,STK,940585,INE148I07XS3,925SCL30A,F,,,,,SCL-9.25%-01-08-30-NCD,910.0,917.38,910.0,913.83,913.83,0.0,,913.83,,,20,18259.0,4,F1,1,,,,,
2025-08-07,2025-08-07,CM,BSE,STK,940589,INE148I07XI4,985SCL32,F,,,,,SCL-9.85%-01-08-32-NCD,910.0,920.92,910.0,920.92,920.92,0.0,,920.92,,,20,18309.0,2,F1,1,,,,,
2025-08-07,2025-08-07,CM,BSE,STK,940595,INE148I07XY1,995SCL2035,F,,,,,SCL-9.95%-01-08-35-NCD,900.0,919.0,900.0,919.0,919.0,0.0,,935.07,,,20,18190.0,2,F1,1,,,,,
2025-08-07,2025-08-07,CM,BSE,STK,940599,INE148I07XF0,955SCL35,F,,,,,SCL-9.55%-01-08-35-NCD,900.0,950.0,900.0,950.0,950.0,0.0,,950.0,,,30,27694.0,3,F1,1,,,,,
2025-08-07,2025-08-07,CM,BSE,STK,952793,INE906B07EF6,728NHAI30,F,,,,,NHAI-7.28%-18-9-30-PVT,1080000.0,1080000.0,1080000.0,1080000.0,1080000.0,1080000.0,,1080000.0,,,3,3240000.0,2,F1,1,,,,,
2025-08-07,2025-08-07,CM,BSE,STK,957808,INE540P07335,1015UPPC26,F,,,,,UPPCL-10.15%-20-1-26-PVT,504500.0,504500.0,504500.0,504500.0,504500.0,504000.0,,504500.0,,,1,504500.0,1,F1,1,,,,,
2025-08-07,2025-08-07,CM,BSE,STK,958179,INE01E708040,1032APCR27,F,,,,,APCRDA-10.32%-16-8-27-PVT,208000.0,208000.0,208000.0,208000.0,208000.0,201750.0,,208000.0,,,5,1040000.0,1,F1,5,,,,,
2025-08-07,2025-08-07,CM,BSE,STK,959666,INE691I07EO1,81LTF30,F,,,,,LTF-8.1%-28-6-30-PVT,1003642.0,1003642.0,1003642.0,1003642.0,1003642.0,998643.0,,1003642.0,,,1,1003642.0,1,F1,1,,,,,
2025-08-07,2025-08-07,CM,BSE,STK,961707,INE787H07032,IIFCLBDIS3,F,,,,,IIFCLBDIS3,1015.0,1015.0,1015.0,1015.0,1015.0,1015.0,,1015.0,,,10,10150.0,2,F1,1,,,,,
2025-08-07,2025-08-07,CM,BSE,STK,961718,INE134E07182,PFCBT1S4,F,,,,,PFCBT1S4,15790.0,15790.0,15790.0,15790.0,15790.0,15790.0,,15790.0,,,2,31580.0,1,F1,1,,,,,
2025-08-07,2025-08-07,CM,BSE,STK,961753,INE787H07149,736IIFCL28,F,,,,,736IIFCL28,1073.5,1073.5,1073.5,1073.5,1073.5,1070.01,,1073.5,,,500,536750.0,1,F1,1,,,,,
2025-08-07,2025-08-07,CM,BSE,STK,961760,INE020B07GZ9,704REC28,F,,,,,704REC2028,1077.1,1077.1,1077.1,1077.1,1077.1,1074.1,,1077.1,,,10,10771.0,1,F1,1,,,,,
2025-08-07,2025-08-07,CM,BSE,STK,961771,INE787H07180,708IIFCL33,F,,,,,708IIFCL33,1117.1,1117.1,1117.1,1117.1,1117.1,1123.56,,1117.1,,,50,55855.0,1,F1,1,,,,,
2025-08-07,2025-08-07,CM,BSE,STK,961776,INE020B07HP8,846REC28,F,,,,,846REC28,1132.2,1132.2,1132.2,1132.2,1132.2,1149.79,,1132.2,,,20,22644.0,1,F1,1,,,,,
2025-08-07,2025-08-07,CM,BSE,STK,961785,INE031A07949,876HUDCO28,F,,,,,876HUDCO28,1160.0,1160.0,1155.0,1155.0,1155.0,1151.3,,1155.0,,,20,23175.0,2,F1,1,,,,,
2025-08-07,2025-08-07,CM,BSE,STK,961786,INE031A07956,874HUDCO33,F,,,,,874HUDCO33,1263.01,1263.01,1263.01,1263.01,1263.01,1280.0,,1263.01,,,5,6315.0,1,F1,1,,,,,
2025-08-07,2025-08-07,CM,BSE,STK,961791,INE848E07559,879NHPC28,F,,,,,879NHPC28,1124.0,1124.0,1124.0,1124.0,1124.0,1127.0,,1124.0,,,15,16860.0,1,F1,1,,,,,
2025-08-07,2025-08-07,CM,BSE,STK,961792,INE848E07567,892NHPC33,F,,,,,892NHPC33,1245.5,1245.5,1245.5,1245.5,1245.5,1274.8,,1245.55,,,500,622750.0,2,F1,1,,,,,
2025-08-07,2025-08-07,CM,BSE,STK,961796,INE787H07297,863IIFCL28,F,,,,,863IIFCL28,1134.16,1134.16,1134.16,1134.16,1134.16,1151.99,,1134.16,,,5,5670.0,1,F1,1,,,,,
2025-08-07,2025-08-07,CM,BSE,STK,961798,INE787H07313,875IIFCL33,F,,,,,875IIFCL33,1260.0,1260.0,1260.0,1260.0,1260.0,1274.4,,1260.0,,,8,10080.0,1,F1,1,,,,,
2025-08-07,2025-08-07,CM,BSE,STK,961800,INE134E07430,854PFCL28,F,,,,,854PFC28,1145.0,1145.0,1145.0,1145.0,1145.0,1145.0,,1145.0,,,1600,1832000.0,2,F1,1,,,,,
2025-08-07,2025-08-07,CM,BSE,STK,961803,INE134E07448,879PFCL28,F,,,,,879PFC28,1147.0,1150.02,1147.0,1150.01,1150.02,1156.54,,1150.01,,,87,100005.0,5,F1,1,,,,,
2025-08-07,2025-08-07,CM,BSE,STK,961804,INE134E07463,892PFCL33,F,,,,,892PFC33,1275.0,1275.0,1275.0,1275.0,1275.0,1278.0,,1274.75,,,15,19125.0,1,F1,1,,,,,
2025-08-07,2025-08-07,CM,BSE,STK,961807,INE733E07JG5,866NTPC33,F,,,,,866NTPC33,1338.99,1338.99,1330.0,1330.0,1330.0,1339.7,,1330.0,,,9,12041.0,2,F1,1,,,,,
2025-08-07,2025-08-07,CM,BSE,STK,961810,INE733E07JJ9,891NTPC33,F,,,,,891NTPC33,1280.0,1280.0,1274.13,1274.13,1274.13,1281.37,,1274.13,,,136,173868.0,5,F1,1,,,,,
2025-08-07,2025-08-07,CM,BSE,STK,961815,INE031A07AA4,883HUDCO29,F,,,,,883HUDCO29,1134.0,1134.0,1134.0,1134.0,1134.0,1147.87,,1134.0,,,15,17010.0,2,F1,1,,,,,
2025-08-07,2025-08-07,CM,BSE,STK,961821,INE787H07362,873IIFC29D,F,,,,,873IIFCL29C,1127.57,1127.57,1127.57,1127.57,1127.57,1125.55,,1127.57,,,15,16913.0,1,F1,1,,,,,
2025-08-07,2025-08-07,CM,BSE,STK,961822,INE787H07370,891IIFCL34,F,,,,,891IIFCL34,1281.0,1281.0,1281.0,1281.0,1281.0,1280.0,,1276.0,,,5,6405.0,1,F1,1,,,,,
2025-08-07,2025-08-07,CM,BSE,STK,961826,INE906B07DF8,875NHAI29,F,,,,,NHAI-8.75%-5-2-29-NCD,1164.0,1164.0,1164.0,1164.0,1164.0,1154.06,,1165.65,,,2,2328.0,2,F1,1,,,,,
2025-08-07,2025-08-07,CM,BSE,STK,961839,INE202E07138,880IREDA29,F,,,,,IREDA-8.80%-13-03-29-BOND,1135.0,1135.0,1135.0,1135.0,1135.0,1145.0,,1135.0,,,1,1135.0,1,F1,1,,,,,
2025-08-07,2025-08-07,CM,BSE,STK,961841,INE202E07153,880IREDA34,F,,,,,IREDA-8.80%-13-03-34-BOND,1248.5,1248.5,1248.5,1248.5,1248.5,1250.0,,1248.5,,,100,124850.0,1,F1,1,,,,,
2025-08-07,2025-08-07,CM,BSE,STK,961847,INE363O07079,875KPL34,F,,,,,KPL-8.75%-25-3-34-TFBOND,1249.0,1249.0,1249.0,1249.0,1249.0,1248.99,,1249.0,,,50,62450.0,2,F1,1,,,,,
2025-08-07,2025-08-07,CM,BSE,STK,961851,INE363O07095,900KPL29,F,,,,,KPL-9%-25-3-29-TFBOND,1130.0,1130.0,1129.0,1129.0,1129.0,1126.0,,1129.0,,,110,124206.0,3,F1,1,,,,,
2025-08-07,2025-08-07,CM,BSE,STK,961863,INE031A07AG1,898HUDCO29,F,,,,,HUDCO-8.98%-24-3-29-TFBOND,1171.0,1171.0,1171.0,1171.0,1171.0,1171.3,,1171.0,,,25,29275.0,1,F1,1,,,,,
2025-08-07,2025-08-07,CM,BSE,STK,961881,INE053F07728,863IRFC29,F,,,,,IRFC-8.63%-19-03-29-BOND,1135.0,1135.0,1135.0,1135.0,1135.0,1130.0,,1149.0,,,1000,1135000.0,1,F1,1,,,,,
2025-08-07,2025-08-07,CM,BSE,STK,961885,INE053F07744,888IRFC29,F,,,,,IRFC-8.88%-19-03-2029-BOND,1134.29,1134.29,1134.29,1134.29,1134.29,1148.0,,1135.63,,,25,28357.0,1,F1,1,,,,,
2025-08-07,2025-08-07,CM,BSE,STK,961889,INE787H07396,855IIFCL29,F,,,,,IIFCL-8.55%-27-3-29-TFBOND,1125.0,1125.0,1125.0,1125.0,1125.0,1125.0,,1125.0,,,1000,1125000.0,1,F1,1,,,,,
2025-08-07,2025-08-07,CM,BSE,STK,961895,INE787H07420,880IIFCL29,F,,,,,IIFCL-8.8%-27-3-29-TFBOND,1123.01,1125.1,1123.01,1125.07,1125.07,1118.25,,1125.07,,,1465,1647368.0,6,F1,1,,,,,
2025-08-07,2025-08-07,CM,BSE,STK,961897,INE787H07438,880IIFCL34,F,,,,,IIFCL-8.8%-27-3-24-TFBOND,1245.5,1245.5,1245.5,1245.5,1245.5,1245.0,,1245.5,,,15,18682.0,1,F1,1,,,,,
2025-08-07,2025-08-07,CM,BSE,STK,972655,INE039A09NM1,1075IFCI26,F,,,,,IFCI-SR-I-10.75%-1-8-26-PVT,41650.0,41650.0,41625.0,41625.0,41625.0,41600.0,,41625.0,,,20,832750.0,2,F1,10,,,,,
2025-08-07,2025-08-07,CM,BSE,STK,972657,INE039A09NL3,1075IFC26A,F,,,,,IFCI-D-10.75%-01-08-26-PVT,10200.0,10210.01,10200.0,10210.01,10210.01,10195.0,,10210.01,,,60,612100.0,3,F1,10,,,,,
2025-08-07,2025-08-07,CM,BSE,STK,972691,INE039A09NW0,1075IFC26,F,,,,,IFCI-III-D-10.75%-31-10-26-PVT,10955.0,10994.99,10950.5,10994.99,10994.99,10995.2,,10994.99,,,70,767599.0,5,F1,10,,,,,
2025-08-07,2025-08-07,CM,BSE,STK,972715,INE039A09OG1,916IFCI27,F,,,,,IFCI-9.16%-IV-15-2-27-C-PVT,16107.01,16150.0,16107.0,16150.0,16150.0,16155.0,,16150.0,,,12,193456.0,4,F1,1,,,,,
2025-08-07,2025-08-07,CM,BSE,STK,972716,INE039A09OH9,916IFCI27A,F,,,,,IFCI-9.16%-IV-15-2-27-D-PVT,5181.0,5181.0,5181.0,5181.0,5181.0,5171.0,,5181.0,,,4,20724.0,1,F1,1,,,,,
2025-08-07,2025-08-07,CM,BSE,STK,973491,INE516Y07444,675PFL31,F,,,,,PFL-6.75%-26-9-31-PVT,785.7,786.0,785.26,785.27,785.26,785.6,,785.27,,,2990,2349418.0,29,F1,1,,,,,
2025-08-07,2025-08-07,CM,BSE,STK,973881,INE540P07426,97UPPCL31,F,,,,,UPCL-9.7%-31-3-31-PVT,1055000.0,1055000.0,1055000.0,1055000.0,1055000.0,1055000.0,,1055000.0,,,1,1055000.0,1,F1,1,,,,,
2025-08-07,2025-08-07,CM,BSE,STK,974561,INE046W07230,11MML26,F,,,,,MML-11%-27-1-26-PVT,20050.0,20050.0,20050.0,20050.0,20050.0,20250.0,,20050.0,,,4,80200.0,2,F1,1,,,,,
2025-08-07,2025-08-07,CM,BSE,STK,974634,INE468N07615,EELZC27,F,,,,,EEL-ZC-26-2-27-PVT,124128.5,124207.0,124128.5,124204.48,124206.0,123234.2,,124204.48,,,34,4222116.0,6,F1,1,,,,,
2025-08-07,2025-08-07,CM,BSE,STK,974635,INE468N07623,EELZC26,F,,,,,EEL-ZC-03-4-26-PVT,126100.0,126195.0,126100.0,126195.0,126195.0,126099.0,,126195.0,,,72,9085253.0,9,F1,1,,,,,
2025-08-07,2025-08-07,CM,BSE,STK,974643,INE583D07356,1050UCL26,F,,,,,UCL-10.50%-8-3-26-PVT,101500.0,101500.0,101500.0,101500.0,101500.0,100400.0,,101500.0,,,15,1522500.0,7,F1,1,,,,,
2025-08-07,2025-08-07,CM,BSE,STK,974881,INE046W07248,11MML26A,F,,,,,MML-11%-5-6-26-PVT,40097.5,40097.5,40097.5,40097.5,40097.5,40299.0,,40097.5,,,2,80195.0,1,F1,1,,,,,
2025-08-07,2025-08-07,CM,BSE,STK,974946,INE219O07362,GIPLZC26,F,,,,,GIPL-ZC-30-4-26-PVT,86500.0,86500.0,86500.0,86500.0,86500.0,91820.0,,86500.0,,,31,2681500.0,13,F1,1,,,,,
2025-08-07,2025-08-07,CM,BSE,STK,975001,INE836K07072,EFCL28723B,F,,,,,EFCL-27-7-26-PVT,121316.0,121348.0,120000.0,121348.0,121348.0,121312.23,,121348.0,,,1341,162724435.0,79,F1,1,,,,,
2025-08-07,2025-08-07,CM,BSE,STK,975002,INE836K07049,EFCL28723C,F,,,,,EFCL-28-7-26-PVT,100247.0,100247.0,100247.0,100247.0,100247.0,100219.0,,100247.0,,,137,13733839.0,20,F1,1,,,,,
2025-08-07,2025-08-07,CM,BSE,STK,975017,INE519Q08186,1075AUSB29,F,,,,,AUSFB-10.75%-9-2-29-PVT,106000.0,106000.0,106000.0,106000.0,106000.0,105912.84,,106000.0,,,1,106000.0,1,F1,1,,,,,
2025-08-07,2025-08-07,CM,BSE,STK,975057,INE818W08099,1125ESFB29,F,,,,,ESAFSFBL-11.25%-4-5-29-PVT,100400.0,100400.0,100300.0,100303.43,100300.0,100092.47,,100303.43,,,7,702317.0,4,F1,1,,,,,
2025-08-07,2025-08-07,CM,BSE,STK,975099,INE138I08059,MSFLZC25A,F,,,,,MSFL-ZC-25-9-25-PVT,121531.0,121531.0,121531.0,121531.0,121531.0,121496.0,,121531.0,,,7,850717.0,1,F1,1,,,,,
2025-08-07,2025-08-07,CM,BSE,STK,975107,INE420C07049,995PDL26,F,,,,,PDL-9.95%-26-9-26-PVT,100250.0,100250.0,100250.0,100250.0,100250.0,97310.35,,100250.0,,,1,100250.0,1,F1,1,,,,,
2025-08-07,2025-08-07,CM,BSE,STK,975239,INE342T07429,1025NFL26,F,,,,,NFL-10.25%-31-12-26-PVT,97357.01,99749.99,97357.01,99749.99,99749.99,99070.2,,99749.99,,,6,591321.0,2,F1,1,,,,,
2025-08-07,2025-08-07,CM,BSE,STK,975271,INE658F08144,895KIIFB32,F,,,,,KIIFB-8.95%-22-12-32-PVT,95000.0,95000.0,95000.0,95000.0,95000.0,99699.95,,95000.0,,,24,2280000.0,2,F1,1,,,,,
2025-08-07,2025-08-07,CM,BSE,STK,975320,INE101Q07AO2,10MMFL25A,F,,,,,MMFL-10%-31-12-25-PVT,98625.0,98625.0,98625.0,98625.0,98625.0,98600.0,,98625.0,,,1,98625.0,1,F1,1,,,,,
2025-08-07,2025-08-07,CM,BSE,STK,975329,INE420C07080,995PDL34,F,,,,,PDL-9.95%-17-1-34-PVT,100517.0,100517.0,100517.0,100517.0,100517.0,101270.0,,100517.0,,,13,1306721.0,1,F1,1,,,,,
2025-08-07,2025-08-07,CM,BSE,STK,975375,INE982X08109,1385SML29,F,,,,,SML-13.85%-12-7-29-PVT,99400.0,99400.0,99400.0,99400.0,99400.0,100010.01,,99400.0,,,1,99400.0,1,F1,1,,,,,
2025-08-07,2025-08-07,CM,BSE,STK,975447,INE896L07975,995ICFL26C,F,,,,,ICFL-9.95%-28-11-26-PVT,100541.85,100541.85,100541.85,100541.85,100541.85,100541.85,,100541.85,,,1,100541.0,1,F1,1,,,,,
2025-08-07,2025-08-07,CM,BSE,STK,975454,INE138I08075,0MSFL26,F,,,,,MSFL-ZC-2-3-26-PVT,114500.0,114500.0,114500.0,114500.0,114500.0,115962.53,,114500.0,,,3,343500.0,3,F1,1,,,,,
2025-08-07,2025-08-07,CM,BSE,STK,975733,INE0GCN07039,995AAHL28,F,,,,,AAHL-9.95%-12-6-28-PVT,101553.84,101553.84,101553.84,101553.84,101553.84,100253.97,,101553.84,,,5,507769.0,1,F1,1,,,,,
2025-08-07,2025-08-07,CM,BSE,STK,975790,INE735W08053,11USFBL31,F,,,,,USFBL-11%-28-6-31-PVT,101101.0,101101.0,101000.0,101014.43,101000.0,102599.0,,101014.43,,,7,707101.0,3,F1,1,,,,,
2025-08-07,2025-08-07,CM,BSE,STK,975852,INE501X07612,1060AFL26,F,,,,,AFL-10.60%-25-1-26-PVT,100000.0,100000.0,100000.0,100000.0,100000.0,100000.0,,100000.0,,,1,100000.0,1,F1,1,,,,,
2025-08-07,2025-08-07,CM,BSE,STK,975905,INE468N07BI2,EEL130827,F,,,,,EEL-13-8-27-PVT,109500.0,109500.0,109000.0,109000.0,109000.0,115500.0,,109000.0,,,6,656000.0,3,F1,1,,,,,
2025-08-07,2025-08-07,CM,BSE,STK,975916,INE01EQ07137,99TCP27,F,,,,,TCPL-9.9%-13-8-27-PVT,99920.0,99920.0,99920.0,99920.0,99920.0,0.0,,99920.0,,,1,99920.0,1,F1,1,,,,,
2025-08-07,2025-08-07,CM,BSE,STK,975926,INE08XP07241,125ACAPL26,F,,,,,ACAPL-12.5%-19-2-26-PVT,9989.9,9989.9,9989.9,9989.9,9989.9,9989.9,,9989.9,,,4,39959.0,1,F1,1,,,,,
2025-08-07,2025-08-07,CM,BSE,STK,976036,INE549K08509,1045MFL32,F,,,,,MFL-10.45%-24-12-32-PVT,10012.0,10012.0,10012.0,10012.0,10012.0,10000.0,,10012.0,,,1,10012.0,1,F1,1,,,,,
2025-08-07,2025-08-07,CM,BSE,STK,976049,INE551U07332,1250SFPL26,F,,,,,SFPL-12.50%-27-9-26-PVT,58510.02,58510.02,58510.02,58510.02,58510.02,58510.02,,58510.02,,,2,117020.0,1,F1,1,,,,,
2025-08-07,2025-08-07,CM,BSE,STK,976085,INE658F08235,949KIIFB29,F,,,,,KIIFB-9.49%-8-10-29-PVT,101398.04,101398.04,101398.04,101398.04,101398.04,101359.12,,101398.04,,,2,202796.0,2,F1,1,,,,,
2025-08-07,2025-08-07,CM,BSE,STK,976146,INE296G07192,99MCSL26,F,,,,,MCSL-9.90%-29-10-26-PVT,7400.0,7500.0,7400.0,7455.53,7455.53,7461.0,,7455.53,,,10,74395.0,5,F1,1,,,,,
2025-08-07,2025-08-07,CM,BSE,STK,976248,INE138I08091,0MSFL026,F,,,,,MSFL-ZC-18-12-26-PVT,105630.0,105630.0,105001.0,105450.0,105450.0,105633.33,,105450.0,,,12,1261585.0,9,F1,1,,,,,
2025-08-07,2025-08-07,CM,BSE,STK,976275,INE01HV07528,1011VCL26,F,,,,,VCL-10.11%-23-12-26-PVT,9901.34,10000.0,9901.34,10000.0,10000.0,10103.41,,10000.0,,,12,119704.0,3,F1,1,,,,,
2025-08-07,2025-08-07,CM,BSE,STK,976293,INE658F08318,942KIIFB34,F,,,,,KIIFB-9.4%-30-12-34-PVT,100100.0,100100.0,100100.0,100100.0,100100.0,99600.0,,100100.0,,,3,300300.0,1,F1,1,,,,,
2025-08-07,2025-08-07,CM,BSE,STK,976346,INE0NES07154,1130KFL27,F,,,,,KFL-11.30%-23-1-27-PVT,99830.0,99830.0,98516.02,98516.02,98516.02,98037.35,,98516.02,,,2,198346.0,2,F1,1,,,,,
2025-08-07,2025-08-07,CM,BSE,STK,976389,INE101Q07AZ8,975MMFL27,F,,,,,MMFL-9.75%-6-2-27-PVT,98620.0,98620.0,98620.0,98620.0,98620.0,97833.33,,98620.0,,,4,394480.0,1,F1,1,,,,,
2025-08-07,2025-08-07,CM,BSE,STK,976411,INE08XP07282,12ACAPL28,F,,,,,ACAPL-12%-14-8-28-PVT,93375.0,93375.0,92500.0,92500.0,92500.0,92500.0,,92500.0,,,6,557224.0,6,F1,1,,,,,
2025-08-07,2025-08-07,CM,BSE,STK,976423,INE0BUS07BN6,11IML026,F,,,,,IML-11%-18-8-26-PVT,9600.0,9792.35,9552.0,9792.35,9792.35,9600.0,,9792.35,,,63,614754.0,4,F1,1,,,,,
2025-08-07,2025-08-07,CM,BSE,STK,976437,INE342T07569,1060NFL27,F,,,,,NFL-10.60%-21-5-27-PVT,9936.0,9936.0,9936.0,9936.0,9936.0,9932.0,,9936.0,,,4,39744.0,1,F1,1,,,,,
2025-08-07,2025-08-07,CM,BSE,STK,976448,INE01YL07334,1090ESP26A,F,,,,,ESPL-10.90%-4-2-26-PVT,98600.0,98600.0,98600.0,98600.0,98600.0,98600.0,,98600.0,,,1,98600.0,1,F1,1,,,,,
2025-08-07,2025-08-07,CM,BSE,STK,976489,INE342T07577,1060NFL26,F,,,,,NFL-10.60%-10-9-26-PVT,9990.0,9990.0,9990.0,9990.0,9990.0,9989.98,,9990.0,,,16,159840.0,2,F1,1,,,,,
2025-08-07,2025-08-07,CM,BSE,STK,976547,INE939X07184,1135MFL26,F,,,,,MFL-11.35%-27-10-26-PVT,10000.0,10000.0,10000.0,10000.0,10000.0,9996.73,,10000.0,,,1,10000.0,1,F1,1,,,,,
2025-08-07,2025-08-07,CM,BSE,STK,976550,INE658F08375,949KIIF30,F,,,,,KIIFB-9.49%-25-03-30-PVT,100844.0,100844.0,100844.0,100844.0,100844.0,100196.0,,100844.0,,,5,504220.0,1,F1,1,,,,,
2025-08-07,2025-08-07,CM,BSE,STK,976554,INE658F08409,949KIIF34,F,,,,,KIIFB-9.49%-25-03-34-PVT,100894.0,101000.0,100894.0,101000.0,101000.0,100868.0,,101000.0,,,3,302894.0,2,F1,1,,,,,
2025-08-07,2025-08-07,CM,BSE,STK,976597,INE545L07036,1290MCFL27,F,,,,,MCFL-12.90%-3-10-27-PVT,99000.0,99000.0,99000.0,99000.0,99000.0,99000.0,,99000.0,,,2,198000.0,2,F1,1,,,,,
2025-08-07,2025-08-07,CM,BSE,STK,976600,INE076I07038,11RDCCIL28,F,,,,,RDCCIL-11%-02-04-28-PVT,99861.0,99861.0,99861.0,99861.0,99861.0,101000.0,,99861.0,,,1,99861.0,1,F1,1,,,,,
2025-08-07,2025-08-07,CM,BSE,STK,976623,INE342T07593,1048NFL26,F,,,,,NFL-10.48%-01-06-26-PVT,9862.0,9999.99,9850.0,9910.05,9910.05,9902.73,,9910.05,,,272,2709044.0,13,F1,1,,,,,
2025-08-07,2025-08-07,CM,BSE,STK,976660,INE08XP07308,985ACAP26,F,,,,,ACAPL-9.85%-30-10-26-PVT,9685.02,9685.02,9685.02,9685.02,9685.02,9685.02,,9685.02,,,9,87165.0,2,F1,1,,,,,
2025-08-07,2025-08-07,CM,BSE,STK,976675,INE07HK07809,1065KSPL26,F,,,,,KSPL-10-.65%-06-11-26-PVT,98501.0,98501.0,98501.0,98501.0,98501.0,99500.0,,98501.0,,,4,394004.0,1,F1,1,,,,,
2025-08-07,2025-08-07,CM,BSE,STK,976685,INE939X07192,1125MFL27,F,,,,,MFL-11.25%-9-2-27-PVT,9999.0,9999.0,9999.0,9999.0,9999.0,9999.0,,9999.0,,,1,9999.0,1,F1,1,,,,,
2025-08-07,2025-08-07,CM,BSE,STK,976690,INE0BUS07BR7,1125IML26B,F,,,,,IML-11.25%-13-11-26-PVT,98350.0,99350.0,98350.0,99350.0,99350.0,98281.07,,99350.0,,,2,197700.0,2,F1,1,,,,,
2025-08-07,2025-08-07,CM,BSE,STK,976730,INE0BUS07BT3,125IML28,F,,,,,IML-12.50%-28-5-28-PVT,90000.0,90000.0,90000.0,90000.0,90000.0,97687.74,,90000.0,,,1,90000.0,1,F1,1,,,,,
2025-08-07,2025-08-07,CM,BSE,STK,976752,INE420C07130,10PDL27,F,,,,,PDL-10%-3-6-27-PVT,99000.0,99000.0,99000.0,99000.0,99000.0,96050.0,,99000.0,,,1,99000.0,1,F1,1,,,,,
2025-08-07,2025-08-07,CM,BSE,STK,976788,INE101Q07BH4,975MMFL27A,F,,,,,MMFL-9.75%-12-6-27-PVT,99360.0,99360.0,99360.0,99360.0,99360.0,99360.0,,99360.0,,,1,99360.0,1,F1,1,,,,,
2025-08-07,2025-08-07,CM,BSE,STK,976808,INE342T07601,1075NFL28,F,,,,,NFL-10.75%-19-8-28-PVT,9978.0,9987.99,9978.0,9987.99,9987.99,9975.68,,9987.99,,,8,79843.0,4,F1,1,,,,,
2025-08-07,2025-08-07,CM,BSE,STK,976831,INE0NES07204,1140KFL28,F,,,,,KFL-11.40%-25-06-28-PVT,97500.0,97500.0,97500.0,97500.0,97500.0,96700.0,,97500.0,,,1,97500.0,1,F1,1,,,,,
2025-08-07,2025-08-07,CM,BSE,STK,976855,INE342T07619,10NFL27,F,,,,,NFL-10%-25-03-27-PVT,98500.0,98500.0,98500.0,98500.0,98500.0,99280.37,,98500.0,,,1,98500.0,1,F1,1,,,,,
2025-08-07,2025-08-07,CM,BSE,STK,976857,INE01ZK07KQ5,1025HFL30,F,,,,,HFL-10.25%-26-12-30-PVT,100168.49,100168.49,100168.49,100168.49,100168.49,100140.41,,100168.49,,,5,500842.0,1,F1,1,,,,,
2025-08-07,2025-08-07,CM,BSE,STK,976859,INE01ZK07KR3,10HFL29,F,,,,,HFL-10%-26-2-29-PVT,100164.38,100164.38,100164.38,100164.38,100164.38,100136.99,,100164.38,,,2,200328.0,2,F1,1,,,,,
2025-08-07,2025-08-07,CM,BSE,STK,976896,INE403Q07GA8,1062KFL27,F,,,,,KFL-10.62%-09-07-27-PVT,99867.51,99896.5,99867.51,99896.5,99896.5,99867.51,,99896.5,,,4,399528.0,3,F1,1,,,,,
2025-08-07,2025-08-07,CM,BSE,STK,976930,INE07HK07817,1040KSPL27,F,,,,,KSPL-10.40%-25-1-27-PVT,101086.0,101086.0,99792.5,99792.5,99792.5,99733.0,,99792.5,,,84,8486050.0,6,F1,1,,,,,
2025-08-07,2025-08-07,CM,BSE,STK,976983,INE148I07YC5,920SCL28,F,,,,,SCL-9.20%-04-08-28-PVT,100126.0,100126.0,100126.0,100126.0,100126.0,0.0,,100126.0,,,5,500630.0,3,F1,1,,,,,
2025-08-07,2025-08-07,CM,BSE,STK,976985,INE0K0Y08011,0MCIBPL27,F,,,,,MCIBPL-ZC-05-08-27-PVT,100000.0,100000.0,99999.0,99999.92,100000.0,0.0,,99999.92,,,7822,782199988.0,1635,F1,1,,,,,
