TradDt,BizDt,Sgmt,Src,FinInstrmTp,FinInstrmId,ISIN,TckrSymb,SctySrs,XpryDt,FininstrmActlXpryDt,StrkPric,OptnTp,FinInstrmNm,OpnPric,HghPric,LwPric,ClsPric,LastPric,PrvsClsgPric,UndrlygPric,SttlmPric,OpnIntrst,ChngInOpnIntrst,TtlTradgVol,TtlTrfVal,TtlNbOfTxsExctd,SsnId,NewBrdLotQty,Rmks,Rsvd1,Rsvd2,Rsvd3,Rsvd4
2025-09-03,2025-09-03,CM,BSE,STK,100112,INE062A01020,SBIN#,A,,,,,STATE BANK OF INDIA,816.05,816.05,816.05,812.15,816.05,803.95,,,,,1,816.0,1,F1,1,,,,,
2025-09-03,2025-09-03,CM,BSE,STK,132822,INE669E01016,IDEA#,A,,,,,VODAFONE IDEA  LIMITED,6.5,6.5,6.5,6.58,6.5,6.52,,,,,1,6.0,1,F1,1,,,,,
2025-09-03,2025-09-03,CM,BSE,STK,500002,INE117A01022,ABB,A,,,,,ABB INDIA LIMITED,5177.4,5209.7,5155.0,5188.25,5181.35,5146.5,,5188.4,,,5406,28060060.0,812,F1,1,,,,,
2025-09-03,2025-09-03,CM,BSE,STK,500003,INE208C01025,AEGISLOG,A,,,,,AEGIS LOGISTICS LTD.,688.8,704.3,686.1,701.8,700.55,691.45,,701.7,,,10055,7026481.0,483,F1,1,,,,,
2025-09-03,2025-09-03,CM,BSE,STK,500008,INE885A01032,ARE&M,A,,,,,Amara Raja Energy & Mobility L,1013.1,1033.0,1001.0,1021.2,1020.0,1017.85,,1021.65,,,37376,37950199.0,1823,F1,1,,,,,
2025-09-03,2025-09-03,CM,BSE,STK,500009,INE432A01017,AMBALALSA,X,,,,,AMBALAL SARABHAI ENTERPRISES L,32.68,32.69,32.13,32.4,32.25,32.71,,32.4,,,19522,633908.0,155,F1,1,,,,,
2025-09-03,2025-09-03,CM,BSE,STK,500012,INE714B01016,ANDHRAPET,X,,,,,ANDHRA PETROCHEMICALS LTD.,49.51,50.9,49.51,50.32,50.32,49.56,,50.32,,,63445,3191549.0,392,F1,1,,,,,
2025-09-03,2025-09-03,CM,BSE,STK,500013,INE436A01026,ANSALAPI,Z,,,,,ANSAL PROPERTIES & INFRASTRUCT,5.1,5.17,4.98,5.1,5.13,5.07,,5.1,,,11228,57448.0,25,F1,1,,,,,
2025-09-03,2025-09-03,CM,BSE,STK,500014,INE096A01010,UTIQUE,X,,,,,UTIQUE ENTERPRISES LIMITED,5.45,5.54,5.1,5.32,5.36,5.45,,5.32,,,26496,139819.0,128,F1,1,,,,,
2025-09-03,2025-09-03,CM,BSE,STK,500016,INE957C01019,ARUNAHTEL,X,,,,,ARUNA HOTELS LTD.,9.19,9.19,8.8,9.12,9.13,9.13,,9.12,,,1240,11106.0,22,F1,1,,,,,
2025-09-03,2025-09-03,CM,BSE,STK,500020,INE032A01023,BOMDYEING,A,,,,,BOMBAY DYEING & MFG.CO.LTD.,173.2,182.0,172.9,181.2,181.2,172.8,,181.3,,,177012,31692408.0,2380,F1,1,,,,,
2025-09-03,2025-09-03,CM,BSE,STK,500023,INE363A01022,ASIANHOTNR,B,,,,,ASIAN HOTELS (NORTH) LIMITED,330.2,330.2,325.4,325.4,325.4,327.65,,330.45,,,12,3957.0,3,F1,1,,,,,
2025-09-03,2025-09-03,CM,BSE,STK,500027,INE100A01010,ATUL,A,,,,,ATUL LTD.,6424.45,6435.8,6363.6,6417.8,6421.0,6367.1,,6405.5,,,698,4477012.0,154,F1,1,,,,,
2025-09-03,2025-09-03,CM,BSE,STK,500028,INE447A01015,ATVPR,X,,,,,ATV PROJECTS INDIA LTD.,38.02,39.5,38.0,38.75,38.61,38.42,,38.75,,,103131,4014871.0,321,F1,1,,,,,
2025-09-03,2025-09-03,CM,BSE,STK,500031,INE193E01025,BAJAJELEC,A,,,,,BAJAJ ELECTRICALS LTD.,573.1,584.35,570.15,575.15,573.2,572.25,,574.8,,,10355,5980342.0,777,F1,1,,,,,
2025-09-03,2025-09-03,CM,BSE,STK,500032,INE306A01021,BAJAJHIND,A,,,,,BAJAJ HINDUSTHAN SUGAR LIMITED,21.31,21.75,21.1,21.53,21.53,21.23,,21.53,,,2287904,49094828.0,5027,F1,1,,,,,
2025-09-03,2025-09-03,CM,BSE,STK,500033,INE451A01017,FORCEMOT,A,,,,,FORCE MOTORS LTD.,19649.95,20109.6,19466.95,19780.45,19770.0,19486.25,,19785.0,,,5744,113678659.0,1724,F1,1,,,,,
2025-09-03,2025-09-03,CM,BSE,STK,500034,INE296A01032,BAJFINANCE,A,,,,,BAJAJ FINANCE LIMITED,896.85,898.8,880.05,896.5,896.5,890.45,,896.3,,,148427,132314383.0,6071,F1,1,,,,,
2025-09-03,2025-09-03,CM,BSE,STK,500038,INE119A01028,BALRAMCHIN,A,,,,,BALRAMPUR CHINI MILLS LTD.,570.0,570.0,557.0,559.5,559.5,566.7,,559.55,,,23677,13300661.0,1442,F1,1,,,,,
2025-09-03,2025-09-03,CM,BSE,STK,500039,INE213C01025,BANCOINDIA,A,,,,,BANCO PRODUCTS (INDIA) LTD.,596.2,642.7,589.9,630.75,630.75,596.45,,630.85,,,85350,53259915.0,4324,F1,1,,,,,
2025-09-03,2025-09-03,CM,BSE,STK,500040,INE055A01016,ABREL,A,,,,,ADITYA BIRLA REAL ESTATE LIMIT,1817.6,1837.9,1807.1,1817.0,1829.2,1818.0,,1818.9,,,1171,2134149.0,216,F1,1,,,,,
2025-09-03,2025-09-03,CM,BSE,STK,500041,INE459A01010,BANARISUG,B,,,,,BANNARI AMMAN SUGARS LTD.,3735.0,3759.0,3631.0,3652.8,3640.0,3697.75,,3669.2,,,427,1562475.0,123,F1,1,,,,,
2025-09-03,2025-09-03,CM,BSE,STK,500042,INE373A01013,BASF,A,,,,,BASF INDIA LTD.,4645.25,4698.4,4634.2,4689.25,4698.4,4660.55,,4671.1,,,329,1538848.0,74,F1,1,,,,,
2025-09-03,2025-09-03,CM,BSE,STK,500043,INE176A01028,BATAINDIA,A,,,,,BATA INDIA LTD.,1168.5,1189.2,1144.9,1163.5,1178.35,1158.35,,1162.5,,,20818,24272273.0,2020,F1,1,,,,,
2025-09-03,2025-09-03,CM,BSE,STK,500048,INE258A01016,BEML,A,,,,,BEML LTD.,4098.95,4114.55,4042.6,4101.45,4101.45,4078.45,,4103.4,,,11107,45391098.0,1887,F1,1,,,,,
2025-09-03,2025-09-03,CM,BSE,STK,500049,INE263A01024,BEL,A,,,,,BHARAT ELECTRONICS LTD.,377.15,381.05,377.15,378.7,378.7,376.7,,378.7,,,1300244,491799632.0,14576,F1,1,,,,,
2025-09-03,2025-09-03,CM,BSE,STK,500052,INE922A01025,BEPL,B,,,,,BHANSALI ENGINEERING POLYMERS,106.95,107.65,106.5,107.3,107.3,106.35,,107.22,,,10033,1074261.0,161,F1,1,,,,,
2025-09-03,2025-09-03,CM,BSE,STK,500058,INE819C01011,BIHSPONG,XT,,,,,BIHAR SPONGE IRON LTD.,13.98,13.98,13.16,13.41,13.52,13.54,,13.41,,,37402,501995.0,69,F1,1,,,,,
2025-09-03,2025-09-03,CM,BSE,STK,500059,INE071A01013,BILVYAPAR,T,,,,,BIL VYAPAR LIMITED,12.52,12.52,12.02,12.49,12.49,11.93,,12.16,,,20074,248735.0,56,F1,1,,,,,
2025-09-03,2025-09-03,CM,BSE,STK,500060,INE800A01015,BIRLACABLE,T,,,,,Birla Cable Limited,158.85,159.4,157.1,158.95,158.95,159.05,,157.74,,,431,68493.0,13,F1,1,,,,,
2025-09-03,2025-09-03,CM,BSE,STK,500067,INE472A01039,BLUESTARCO,A,,,,,BLUE STAR LTD.,1946.0,1968.95,1940.55,1960.25,1960.25,1938.7,,1960.6,,,9428,18473066.0,1330,F1,1,,,,,
2025-09-03,2025-09-03,CM,BSE,STK,500068,INE131C01011,DISAQ,B,,,,,DISA INDIA LTD.,13660.0,13749.0,13660.0,13719.6,13700.0,13606.35,,13719.6,,,16,219183.0,16,F1,1,,,,,
2025-09-03,2025-09-03,CM,BSE,STK,500069,INE418C01012,QUESTCAP,X,,,,,QUEST CAPITAL MARKETS LIMITED,351.0,354.8,345.5,354.8,354.8,353.5,,354.8,,,2568,898654.0,13,F1,1,,,,,
2025-09-03,2025-09-03,CM,BSE,STK,500074,INE110A01019,BPL,B,,,,,BPL LTD.,81.8,90.4,80.9,86.6,87.3,79.14,,86.9,,,35546,3072761.0,688,F1,1,,,,,
2025-09-03,2025-09-03,CM,BSE,STK,500078,INE959C01023,OAL,B,,,,,ORIENTAL AROMATICS LIMITED,332.0,341.0,332.0,337.9,339.5,332.0,,339.3,,,654,219694.0,79,F1,1,,,,,
2025-09-03,2025-09-03,CM,BSE,STK,500083,INE281A01026,CENTEXT,B,,,,,CENTURY EXTRUSIONS LTD.,22.13,22.13,21.37,22.01,21.99,22.29,,21.96,,,36575,803186.0,225,F1,1,,,,,
2025-09-03,2025-09-03,CM,BSE,STK,500084,INE486A01021,CESC,A,,,,,CESC LTD.,157.0,157.55,154.7,155.05,155.05,156.7,,155.15,,,59130,9201530.0,1097,F1,1,,,,,
2025-09-03,2025-09-03,CM,BSE,STK,500085,INE085A01013,CHAMBLFERT,A,,,,,CHAMBAL FERTILISERS & CHEMICAL,560.0,580.55,554.95,569.6,569.6,558.6,,569.75,,,129768,74329037.0,3564,F1,1,,,,,
2025-09-03,2025-09-03,CM,BSE,STK,500086,INE302A01020,EXIDEIND,A,,,,,EXIDE INDUSTRIES LTD.,416.1,420.5,412.25,418.75,418.75,416.1,,419.1,,,131944,55003839.0,2926,F1,1,,,,,
2025-09-03,2025-09-03,CM,BSE,STK,500087,INE059A01026,CIPLA,A,,,,,CIPLA LTD.,1568.15,1595.9,1568.15,1579.0,1580.8,1568.95,,1578.4,,,14246,22574477.0,1042,F1,1,,,,,
2025-09-03,2025-09-03,CM,BSE,STK,500089,INE303A01010,DICIND,B,,,,,DIC INDIA LTD.,588.45,602.0,577.05,594.55,602.0,580.4,,594.95,,,57,33738.0,21,F1,1,,,,,
2025-09-03,2025-09-03,CM,BSE,STK,500092,INE007A01025,CRISIL,A,,,,,CRISIL LTD.,5047.85,5080.0,4983.75,5059.9,5025.0,5043.7,,5059.6,,,583,2941854.0,189,F1,1,,,,,
2025-09-03,2025-09-03,CM,BSE,STK,500093,INE067A01029,CGPOWER,A,,,,,CG Power and Industrial Soluti,747.1,757.2,731.35,733.6,733.6,739.35,,733.3,,,480268,357189766.0,13458,F1,1,,,,,
2025-09-03,2025-09-03,CM,BSE,STK,500096,INE016A01026,DABUR,A,,,,,DABUR INDIA LTD.,546.0,549.0,541.15,543.4,543.4,545.0,,543.5,,,79963,43525024.0,2599,F1,1,,,,,
2025-09-03,2025-09-03,CM,BSE,STK,500097,INE495A01022,DALMIASUG,B,,,,,DALMIA BHARAT SUGAR AND INDUST,385.0,389.0,382.05,387.85,389.0,377.8,,387.85,,,15400,5939789.0,804,F1,1,,,,,
2025-09-03,2025-09-03,CM,BSE,STK,500101,INE034A01011,ARVIND,A,,,,,ARVIND LTD.,289.95,291.5,285.6,289.95,290.6,288.95,,289.9,,,24369,7039556.0,683,F1,1,,,,,
2025-09-03,2025-09-03,CM,BSE,STK,500103,INE257A01026,BHEL,A,,,,,BHARAT HEAVY ELECTRICALS LTD.,215.45,217.3,214.25,216.9,216.9,215.05,,216.97,,,153260,33099103.0,2323,F1,1,,,,,
2025-09-03,2025-09-03,CM,BSE,STK,500104,INE094A01015,HINDPETRO,A,,,,,HINDUSTAN PETROLEUM CORPORATIO,382.05,391.65,382.05,387.2,387.2,384.7,,387.25,,,66499,25787710.0,2073,F1,1,,,,,
2025-09-03,2025-09-03,CM,BSE,STK,500106,INE039A01010,IFCI,A,,,,,IFCI LTD.,53.41,54.0,53.11,53.45,53.32,53.09,,53.38,,,270571,14485762.0,1328,F1,1,,,,,
2025-09-03,2025-09-03,CM,BSE,STK,500108,INE153A01019,MTNL,B,,,,,MAHANAGAR TELEPHONE NIGAM LTD.,44.17,45.7,44.0,44.95,44.95,44.11,,44.92,,,528220,23710655.0,2002,F1,1,,,,,
2025-09-03,2025-09-03,CM,BSE,STK,500109,INE103A01014,MRPL,A,,,,,MANGALORE REFINERY & PETROCHEM,127.15,128.4,126.7,127.2,127.25,126.7,,127.25,,,54337,6919320.0,735,F1,1,,,,,
2025-09-03,2025-09-03,CM,BSE,STK,500110,INE178A01016,CHENNPETRO,A,,,,,CHENNAI PETROLEUM CORPORATION,692.2,709.65,692.2,698.6,695.7,699.9,,699.0,,,56860,39894795.0,2698,F1,1,,,,,
2025-09-03,2025-09-03,CM,BSE,STK,500112,INE062A01020,SBIN,A,,,,,STATE BANK OF INDIA,805.0,813.2,803.1,812.15,812.15,803.95,,812.15,,,187814,152141067.0,9977,F1,1,,,,,
2025-09-03,2025-09-03,CM,BSE,STK,500113,INE114A01011,SAIL,A,,,,,STEEL AUTHORITY OF INDIA LTD.,123.45,130.0,123.45,129.75,129.75,123.05,,129.68,,,1079313,137883109.0,6398,F1,1,,,,,
2025-09-03,2025-09-03,CM,BSE,STK,500114,INE280A01028,TITAN,A,,,,,TITAN COMPANY LIMITED,3600.0,3697.0,3593.0,3691.4,3680.4,3617.95,,3690.6,,,12751,46746308.0,1943,F1,1,,,,,
2025-09-03,2025-09-03,CM,BSE,STK,500116,INE008A01015,IDBI,A,,,,,IDBI BANK LTD.,90.36,91.18,89.09,90.58,90.58,89.19,,90.62,,,504596,45579380.0,3373,F1,1,,,,,
2025-09-03,2025-09-03,CM,BSE,STK,500117,INE500A01029,DCW,A,,,,,DCW LTD.,74.54,78.31,74.54,76.98,76.98,74.49,,76.93,,,76959,5880579.0,557,F1,1,,,,,
2025-09-03,2025-09-03,CM,BSE,STK,500119,INE041A01016,DHAMPURSUG,B,,,,,DHAMPUR SUGAR MILLS LTD.,140.75,140.75,136.0,138.85,139.4,139.05,,138.96,,,39306,5427474.0,921,F1,1,,,,,
2025-09-03,2025-09-03,CM,BSE,STK,500120,INE591D01014,DIAMINESQ,B,,,,,DIAMINES & CHEMICALS LTD.,366.0,396.55,366.0,378.85,379.0,358.8,,379.0,,,1427,541160.0,243,F1,1,,,,,
2025-09-03,2025-09-03,CM,BSE,STK,500123,INE280B01018,ELANTAS,B,,,,,ELANTAS BECK INDIA LTD.,10908.1,10998.75,10761.0,10971.0,10971.0,10930.25,,10971.0,,,99,1079637.0,44,F1,1,,,,,
2025-09-03,2025-09-03,CM,BSE,STK,500124,INE089A01031,DRREDDY,A,,,,,DR.REDDYS LABORATORIES LTD.,1253.45,1265.95,1247.2,1262.55,1262.55,1257.3,,1262.2,,,93293,117741338.0,4306,F1,1,,,,,
2025-09-03,2025-09-03,CM,BSE,STK,500125,INE126A01031,EIDPARRY,A,,,,,E.I.D.-PARRY (INDIA) LTD.,1105.0,1131.0,1103.7,1123.8,1123.8,1104.55,,1123.6,,,13211,14828957.0,1397,F1,1,,,,,
2025-09-03,2025-09-03,CM,BSE,STK,500126,INE199A01012,PGHL,A,,,,,PROCTER & GAMBLE HEALTH LIMITE,6387.05,6387.05,6300.3,6322.0,6328.6,6321.25,,6316.5,,,118,748747.0,49,F1,1,,,,,
2025-09-03,2025-09-03,CM,BSE,STK,500128,INE086A01029,ELECTCAST,A,,,,,ELECTROSTEEL CASTINGS LTD.,97.77,102.15,97.77,101.13,101.06,99.14,,101.09,,,120923,12220458.0,1061,F1,1,,,,,
2025-09-03,2025-09-03,CM,BSE,STK,500133,INE284A01012,ESABINDIA,A,,,,,ESAB INDIA LTD.,5108.45,5121.1,5083.55,5103.45,5119.2,5102.1,,5111.5,,,82,418461.0,50,F1,1,,,,,
2025-09-03,2025-09-03,CM,BSE,STK,500135,INE255A01020,EPL,A,,,,,EPL LIMITED,220.15,236.7,220.15,232.35,232.85,222.1,,232.32,,,125654,29195914.0,2839,F1,1,,,,,
2025-09-03,2025-09-03,CM,BSE,STK,500136,INE778B01029,ESTER,B,,,,,ESTER INDUSTRIES LTD.,110.9,120.45,110.8,119.1,119.1,111.0,,118.87,,,66564,7856074.0,989,F1,1,,,,,
2025-09-03,2025-09-03,CM,BSE,STK,500142,INE512A01016,FGP,X,,,,,FGP LTD.,9.75,9.97,9.4,9.41,9.79,9.56,,9.41,,,9623,90807.0,37,F1,1,,,,,
2025-09-03,2025-09-03,CM,BSE,STK,500143,INE160F01013,PHCAP,X,,,,,PH CAPITAL LTD.,186.55,194.5,186.55,188.0,188.0,186.55,,188.0,,,941,177339.0,36,F1,1,,,,,
2025-09-03,2025-09-03,CM,BSE,STK,500144,INE235A01022,FINCABLES,A,,,,,FINOLEX CABLES LTD.,864.05,867.0,851.85,858.25,858.25,859.2,,856.9,,,10895,9384250.0,799,F1,1,,,,,
2025-09-03,2025-09-03,CM,BSE,STK,500147,INE515A01019,COCKERILL,B,,,,,JOHN COCKERILL INDIA LIMITED,4375.05,4560.0,4375.05,4444.75,4432.0,4395.65,,4444.75,,,4930,22056293.0,517,F1,1,,,,,
2025-09-03,2025-09-03,CM,BSE,STK,500148,INE516A01017,UFLEX,B,,,,,UFLEX LTD.,556.25,556.25,545.45,548.3,548.3,543.05,,546.75,,,1511,828987.0,130,F1,1,,,,,
2025-09-03,2025-09-03,CM,BSE,STK,500150,INE519A01011,FOSECOIND,B,,,,,FOSECO INDIA LTD.,6115.9,6388.0,6000.2,6327.8,6336.0,6022.3,,6324.0,,,1366,8593363.0,401,F1,1,,,,,
2025-09-03,2025-09-03,CM,BSE,STK,500151,INE973A01010,GOLDENTOBC,Z,,,,,GOLDEN TOBACCO LTD.,34.1,36.49,34.1,36.4,36.4,35.58,,36.1,,,358,12445.0,11,F1,1,,,,,
2025-09-03,2025-09-03,CM,BSE,STK,500153,INE388A01029,GANESHBE,B,,,,,GANESH BENZOPLAST LTD.,99.74,99.74,97.26,97.63,97.63,98.28,,97.62,,,4766,467188.0,134,F1,1,,,,,
2025-09-03,2025-09-03,CM,BSE,STK,500159,INE085D01033,METROGLOBL,X,,,,,METROGLOBAL LIMITED,133.85,133.85,126.0,128.7,126.0,129.0,,128.7,,,633,82274.0,26,F1,1,,,,,
2025-09-03,2025-09-03,CM,BSE,STK,500160,INE043A01012,GTL,B,,,,,GTL LTD.,9.48,9.48,9.13,9.22,9.25,9.29,,9.21,,,50279,463717.0,340,F1,1,,,,,
2025-09-03,2025-09-03,CM,BSE,STK,500163,INE260B01028,GODFRYPHLP,A,,,,,GODFREY PHILLIPS INDIA LTD.,10099.95,10420.0,10032.0,10197.5,10197.5,10061.3,,10190.0,,,57982,590899193.0,11262,F1,1,,,,,
2025-09-03,2025-09-03,CM,BSE,STK,500164,INE233A01035,GODREJIND,A,,,,,GODREJ INDUSTRIES LTD.,1194.95,1206.65,1187.55,1200.6,1197.6,1198.75,,1201.0,,,3258,3902087.0,310,F1,1,,,,,
2025-09-03,2025-09-03,CM,BSE,STK,500165,INE531A01024,KANSAINER,A,,,,,KANSAI NEROLAC PAINTS LTD.,241.35,246.8,241.35,244.9,244.9,241.7,,244.57,,,8092,1970978.0,298,F1,1,,,,,
2025-09-03,2025-09-03,CM,BSE,STK,500166,INE300A01016,GOODRICKE,X,,,,,GOODRICKE GROUP LTD.,196.95,199.35,195.05,196.5,196.5,196.95,,196.5,,,2599,511692.0,65,F1,1,,,,,
2025-09-03,2025-09-03,CM,BSE,STK,500168,INE533A01012,GOODYEAR,B,,,,,GOODYEAR INDIA LTD.,982.75,988.0,979.0,980.4,980.0,987.6,,980.4,,,4803,4710374.0,599,F1,1,,,,,
2025-09-03,2025-09-03,CM,BSE,STK,500170,INE537A01013,GTNINDS,X,,,,,GTN INDUSTRIES LTD.,24.41,24.78,23.5,24.57,24.78,24.41,,24.57,,,1213,29035.0,20,F1,1,,,,,
2025-09-03,2025-09-03,CM,BSE,STK,500171,INE539A01019,GHCL,A,,,,,GHCL LTD.,557.75,571.25,557.75,568.2,571.25,558.95,,569.15,,,3995,2249357.0,226,F1,1,,,,,
2025-09-03,2025-09-03,CM,BSE,STK,500173,INE538A01037,GFLLIMITED,B,,,,,GFL LIMITED,61.21,61.29,60.3,60.57,60.31,60.21,,60.36,,,4796,291148.0,133,F1,1,,,,,
2025-09-03,2025-09-03,CM,BSE,STK,500174,INE540A01017,GLFL,T,,,,,GUJARAT LEASE FINANCING LTD.,6.34,6.34,6.1,6.19,6.2,6.34,,6.17,,,26,161.0,7,F1,1,,,,,
2025-09-03,2025-09-03,CM,BSE,STK,500178,INE905C01034,HARCR,XT,,,,,HARIG CRANKSHAFTS LTD.,3.01,3.01,3.01,3.01,3.01,2.87,,3.01,,,58,174.0,9,F1,1,,,,,
2025-09-03,2025-09-03,CM,BSE,STK,500179,INE236A01020,HCL-INSYS,T,,,,,HCL INFOSYSTEMS LTD.,15.9,16.04,15.46,16.04,16.04,15.28,,16.08,,,24470,388398.0,256,F1,1,,,,,
2025-09-03,2025-09-03,CM,BSE,STK,500180,INE040A01034,HDFCBANK,A,,,,,HDFC BANK LTD.,947.25,956.3,940.0,953.8,953.8,944.4,,954.45,,,421542,399483806.0,17712,F1,1,,,,,
2025-09-03,2025-09-03,CM,BSE,STK,500182,INE158A01026,HEROMOTOCO,A,,,,,HERO MOTOCORP LTD.,5315.0,5363.0,5260.0,5348.8,5348.8,5311.05,,5349.0,,,25143,133786967.0,3744,F1,1,,,,,
2025-09-03,2025-09-03,CM,BSE,STK,500183,INE548A01028,HFCL,A,,,,,HFCL LIMITED,70.59,71.8,70.35,71.67,71.67,70.32,,71.68,,,591578,42117070.0,3488,F1,1,,,,,
2025-09-03,2025-09-03,CM,BSE,STK,500184,INE019C01026,HSCL,A,,,,,Himadri Speciality Chemical Lt,458.3,467.65,458.3,464.65,464.3,461.2,,464.55,,,21397,9924010.0,855,F1,1,,,,,
2025-09-03,2025-09-03,CM,BSE,STK,500185,INE549A01026,HCC,T,,,,,HINDUSTAN CONSTRUCTION CO.LTD.,27.0,28.19,26.6,28.03,28.03,26.85,,28.07,,,1414795,39174442.0,2979,F1,1,,,,,
2025-09-03,2025-09-03,CM,BSE,STK,500186,INE345A01011,HINDOILEXP,B,,,,,HINDUSTAN OIL EXPLORATION CO.L,174.55,177.4,173.3,174.85,174.85,173.7,,174.83,,,36211,6337902.0,476,F1,1,,,,,
2025-09-03,2025-09-03,CM,BSE,STK,500187,INE415A01038,AGI,A,,,,,AGI GREENPAC LIMITED,875.05,888.0,873.3,880.0,880.0,878.6,,880.55,,,2549,2248240.0,294,F1,1,,,,,
2025-09-03,2025-09-03,CM,BSE,STK,500188,INE267A01025,HINDZINC,A,,,,,HINDUSTAN ZINC LTD.,443.5,448.75,441.75,445.3,445.3,440.85,,444.6,,,120398,53621950.0,2631,F1,1,,,,,
2025-09-03,2025-09-03,CM,BSE,STK,500189,INE353A01023,NDLVENTURE,T,,,,,NDL Ventures Limited,87.11,87.28,87.07,87.25,87.25,88.0,,88.96,,,810,70580.0,6,F1,1,,,,,
2025-09-03,2025-09-03,CM,BSE,STK,500191,INE262A01018,HMT,Z,,,,,HMT LTD.,57.0,57.5,55.52,55.82,55.86,56.4,,56.53,,,3024,172409.0,54,F1,1,,,,,
2025-09-03,2025-09-03,CM,BSE,STK,500192,INE962B01011,PRAGBOS,X,,,,,PRAG BOSIMI SYNTHETICS LTD.,1.97,2.02,1.95,1.98,1.98,1.95,,1.98,,,11676,23003.0,58,F1,1,,,,,
2025-09-03,2025-09-03,CM,BSE,STK,500193,INE102A01024,HLVLTD,B,,,,,HLV LIMITED,12.0,12.1,11.92,11.97,12.0,11.81,,11.98,,,92747,1115882.0,316,F1,1,,,,,
2025-09-03,2025-09-03,CM,BSE,STK,500199,INE204A01010,IGPL,B,,,,,I G PETROCHEMICALS LTD.,439.25,440.3,433.65,439.05,438.7,437.6,,439.65,,,1381,604133.0,99,F1,1,,,,,
2025-09-03,2025-09-03,CM,BSE,STK,500201,INE560A01023,INDIAGLYCO,A,,,,,INDIA GLYCOLS LTD.,826.4,860.05,826.4,853.9,858.2,827.45,,853.65,,,33422,28393634.0,2197,F1,1,,,,,
2025-09-03,2025-09-03,CM,BSE,STK,500202,INE333C01013,INDLEASE,XT,,,,,INDIA LEASE DEVELOPMENT LTD.,9.54,9.54,9.4,9.4,9.4,9.58,,9.4,,,1059,10044.0,13,F1,1,,,,,
2025-09-03,2025-09-03,CM,BSE,STK,500206,INE680B01019,MARGOFIN,X,,,,,MARGO FINANCE LIMITED,81.0,81.0,77.56,78.5,78.5,76.05,,78.5,,,1028,82094.0,47,F1,1,,,,,
2025-09-03,2025-09-03,CM,BSE,STK,500207,INE156A01020,INDORAMA,T,,,,,INDO RAMA SYNTHETICS (INDIA) L,52.15,54.99,52.15,53.27,53.2,53.32,,53.47,,,4996,266794.0,62,F1,1,,,,,
2025-09-03,2025-09-03,CM,BSE,STK,500209,INE009A01021,INFY,A,,,,,INFOSYS LTD.,1497.05,1502.4,1473.0,1479.3,1479.3,1497.1,,1479.1,,,115052,170216045.0,12601,F1,1,,,,,
2025-09-03,2025-09-03,CM,BSE,STK,500210,INE177A01018,INGERRAND,A,,,,,INGERSOLL-RAND (INDIA) LTD.,3798.4,3870.0,3791.0,3851.35,3864.0,3806.9,,3854.0,,,868,3340758.0,163,F1,1,,,,,
2025-09-03,2025-09-03,CM,BSE,STK,500213,INE262B01016,ITHL,X,,,,,INTERNATIONAL TRAVEL HOUSE LTD,497.45,497.45,480.15,489.0,489.0,487.65,,489.0,,,1784,869190.0,94,F1,1,,,,,
2025-09-03,2025-09-03,CM,BSE,STK,500214,INE570A01022,IONEXCHANG,A,,,,,ION EXCHANGE (INDIA) LTD.,421.0,426.9,416.5,418.85,419.0,418.95,,418.3,,,20386,8584154.0,1516,F1,1,,,,,
2025-09-03,2025-09-03,CM,BSE,STK,500215,INE209A01019,SUNDROP,B,,,,,SUNDROP BRANDS LIMITED,849.9,867.45,849.9,862.2,851.1,839.15,,862.35,,,1276,1095618.0,361,F1,1,,,,,
2025-09-03,2025-09-03,CM,BSE,STK,500219,INE175A01038,JISLJALEQS,A,,,,,JAIN IRRIGATION SYSTEMS LTD.,53.25,58.06,53.01,57.0,57.0,53.06,,56.91,,,1767521,99423751.0,9706,F1,1,,,,,
2025-09-03,2025-09-03,CM,BSE,STK,500220,INE711C01028,JASCH,X,,,,,JASCH INDUSTRIES LTD.,179.0,185.5,179.0,184.35,185.0,184.0,,184.35,,,1273,232888.0,37,F1,1,,,,,
2025-09-03,2025-09-03,CM,BSE,STK,500227,INE197D01010,JINDALPOLY,B,,,,,JINDAL POLY FILMS LTD.,584.05,620.0,584.05,600.1,597.65,590.6,,600.45,,,26705,16212074.0,1615,F1,1,,,,,
2025-09-03,2025-09-03,CM,BSE,STK,500228,INE019A01038,JSWSTEEL,A,,,,,JSW STEEL LTD.,1044.45,1079.5,1041.3,1072.35,1074.0,1043.55,,1072.2,,,87383,93160597.0,2974,F1,1,,,,,
2025-09-03,2025-09-03,CM,BSE,STK,500233,INE217B01036,KAJARIACER,A,,,,,KAJARIA CERAMICS LTD.,1210.0,1240.55,1204.4,1235.45,1240.55,1209.05,,1233.2,,,4739,5794209.0,329,F1,1,,,,,
2025-09-03,2025-09-03,CM,BSE,STK,500234,INE437B01014,KAKATCEM,B,,,,,KAKATIYA CEMENT SUGAR & INDUST,154.0,162.25,154.0,159.5,159.5,153.3,,159.2,,,609,96631.0,130,F1,1,,,,,
2025-09-03,2025-09-03,CM,BSE,STK,500235,INE907A01026,KSL,B,,,,,KALYANI STEELS LTD.,821.05,852.55,821.05,845.9,849.65,827.45,,845.05,,,3785,3186002.0,237,F1,1,,,,,
2025-09-03,2025-09-03,CM,BSE,STK,500238,INE716A01013,WHIRLPOOL,A,,,,,WHIRLPOOL OF INDIA LTD.,1310.05,1358.2,1310.05,1343.0,1341.8,1332.5,,1344.9,,,3305,4455821.0,390,F1,1,,,,,
2025-09-03,2025-09-03,CM,BSE,STK,500239,INE104A01012,KGDENIM,X,,,,,KG DENIM LTD.,20.26,21.75,20.04,20.57,20.57,20.22,,20.57,,,20241,415058.0,129,F1,1,,,,,
2025-09-03,2025-09-03,CM,BSE,STK,500240,INE266B01017,KINETICENG,XT,,,,,KINETIC ENGINEERING LTD.,288.8,294.5,288.8,294.5,294.5,288.75,,294.5,,,12859,3774475.0,61,F1,1,,,,,
2025-09-03,2025-09-03,CM,BSE,STK,500241,INE732A01036,KIRLOSBROS,A,,,,,KIRLOSKAR BROTHERS LTD.,1930.25,2052.0,1930.25,2041.15,2043.1,2007.1,,2040.8,,,2120,4310467.0,437,F1,1,,,,,
2025-09-03,2025-09-03,CM,BSE,STK,500243,INE250A01039,KIRLOSIND,B,,,,,KIRLOSKAR INDUSTRIES LTD,3805.7,3861.05,3805.7,3849.8,3855.0,3789.7,,3847.5,,,301,1157057.0,94,F1,1,,,,,
2025-09-03,2025-09-03,CM,BSE,STK,500245,INE884B01025,KIRLFER,A,,,,,KIRLOSKAR FERROUS INDUSTRIES L,537.3,555.5,537.3,542.5,542.0,537.3,,542.5,,,33883,18408015.0,1038,F1,1,,,,,
2025-09-03,2025-09-03,CM,BSE,STK,500246,INE601C01013,ENVAIREL,X,,,,,ENVAIR ELECTRODYNE LTD.,76.11,76.11,72.35,72.4,72.36,76.0,,72.4,,,236,17198.0,10,F1,1,,,,,
2025-09-03,2025-09-03,CM,BSE,STK,500247,INE237A01028,KOTAKBANK,A,,,,,KOTAK MAHINDRA BANK LTD.,1949.95,1964.0,1930.95,1960.4,1961.35,1942.5,,1960.2,,,94751,184502333.0,5084,F1,1,,,,,
2025-09-03,2025-09-03,CM,BSE,STK,500249,INE999A01023,KSB,A,,,,,KSB LIMITED,810.1,851.0,810.1,842.4,841.8,830.85,,842.65,,,4767,4011987.0,559,F1,1,,,,,
2025-09-03,2025-09-03,CM,BSE,STK,500250,INE337A01034,LGBBROSLTD,B,,,,,L.G.BALAKRISHNAN & BROS.LTD.,1300.0,1366.2,1300.0,1349.3,1355.0,1301.4,,1349.0,,,1933,2575387.0,295,F1,1,,,,,
2025-09-03,2025-09-03,CM,BSE,STK,500251,INE849A01020,TRENT,A,,,,,TRENT LTD.,5409.45,5498.0,5350.25,5470.85,5470.85,5409.45,,5479.0,,,39098,211211956.0,4115,F1,1,,,,,
2025-09-03,2025-09-03,CM,BSE,STK,500252,INE269B01029,LMW,A,,,,,LMW Limited,14085.05,14250.45,14052.55,14111.35,14140.0,14066.3,,14107.0,,,136,1919340.0,60,F1,1,,,,,
2025-09-03,2025-09-03,CM,BSE,STK,500253,INE115A01026,LICHSGFIN,A,,,,,LIC HOUSING FINANCE LTD.,562.95,562.95,555.6,557.25,557.25,556.65,,557.1,,,21631,12054052.0,996,F1,1,,,,,
2025-09-03,2025-09-03,CM,BSE,STK,500257,INE326A01037,LUPIN,A,,,,,LUPIN LTD.,1889.7,1954.0,1881.9,1951.65,1949.9,1888.95,,1951.1,,,10737,20726310.0,988,F1,1,,,,,
2025-09-03,2025-09-03,CM,BSE,STK,500259,INE933A01014,LYKALABS,B,,,,,LYKA LABS LTD.,101.11,101.85,100.81,101.4,100.98,100.91,,101.08,,,348,35269.0,19,F1,1,,,,,
2025-09-03,2025-09-03,CM,BSE,STK,500260,INE331A01037,RAMCOCEM,A,,,,,THE RAMCO CEMENTS LIMITED,1078.55,1093.75,1066.8,1086.85,1086.85,1082.6,,1084.4,,,3655,3938623.0,440,F1,1,,,,,
2025-09-03,2025-09-03,CM,BSE,STK,500262,INE965B01022,HYBRIDFIN,T,,,,,HYBRID FINANCIAL SERVICES LIMI,14.16,15.06,14.15,15.06,15.06,14.35,,14.94,,,339,4848.0,8,F1,1,,,,,
2025-09-03,2025-09-03,CM,BSE,STK,500264,INE270B01035,MAFATIND,B,,,,,MAFATLAL INDUSTRIES LTD.,147.45,149.5,144.55,147.3,148.0,144.75,,147.3,,,53127,7817569.0,554,F1,1,,,,,
2025-09-03,2025-09-03,CM,BSE,STK,500265,INE271B01025,MAHSEAMLES,A,,,,,MAHARASHTRA SEAMLESS LTD.,664.95,671.2,651.75,664.0,664.75,656.15,,662.85,,,8060,5361707.0,518,F1,1,,,,,
2025-09-03,2025-09-03,CM,BSE,STK,500266,INE288A01013,MAHSCOOTER,A,,,,,MAHARASHTRA SCOOTERS LTD.,16500.0,16692.7,16335.0,16579.25,16692.7,16378.45,,16585.0,,,570,9415175.0,244,F1,1,,,,,
2025-09-03,2025-09-03,CM,BSE,STK,500267,INE201B01022,MAJESAUT,X,,,,,MAJESTIC AUTO LTD.,337.0,344.0,333.15,335.9,335.6,337.0,,335.9,,,320,107617.0,18,F1,1,,,,,
2025-09-03,2025-09-03,CM,BSE,STK,500268,INE201A01024,MANALIPETC,B,,,,,MANALI PETROCHEMICAL LTD.,70.09,74.65,68.7,73.77,74.0,68.75,,73.7,,,102788,7497998.0,1301,F1,1,,,,,
2025-09-03,2025-09-03,CM,BSE,STK,500270,INE461A01024,BARODARY,X,,,,,BARODA RAYON CORPORATION LTD.,148.0,148.0,144.3,145.25,145.2,144.6,,145.25,,,634,93093.0,29,F1,1,,,,,
2025-09-03,2025-09-03,CM,BSE,STK,500271,INE180A01020,MFSL,A,,,,,Max Financial Services Limited,1619.95,1621.0,1594.6,1616.6,1617.75,1624.05,,1617.4,,,6221,9998704.0,953,F1,1,,,,,
2025-09-03,2025-09-03,CM,BSE,STK,500277,INE401C01018,MIDINDIA,X,,,,,MID INDIA INDUSTRIES LTD.,8.16,8.87,7.8,8.02,7.8,8.0,,8.02,,,649,5412.0,23,F1,1,,,,,
2025-09-03,2025-09-03,CM,BSE,STK,500279,INE831A01028,MIRCELECTR,T,,,,,MIRC ELECTRONICS LTD.,28.29,29.52,28.0,29.15,28.86,28.12,,29.25,,,321119,9395955.0,384,F1,1,,,,,
2025-09-03,2025-09-03,CM,BSE,STK,500280,INE485A01015,CENTENKA,B,,,,,CENTURY ENKA LTD.,511.2,512.0,502.75,505.1,505.1,509.5,,504.6,,,353,179140.0,57,F1,1,,,,,
2025-09-03,2025-09-03,CM,BSE,STK,500282,INE794W01014,MODTHREAD,B,,,,,MODERN THREADS (INDIA) LTD.,55.06,55.06,55.06,55.06,55.06,57.95,,54.06,,,10,550.0,2,F1,1,,,,,
2025-09-03,2025-09-03,CM,BSE,STK,500284,INE846D01012,LORDSCHLO,T,,,,,LORDS CHLORO ALKALI LTD.,176.5,186.8,176.5,184.4,186.8,180.3,,183.27,,,2017,365842.0,30,F1,1,,,,,
2025-09-03,2025-09-03,CM,BSE,STK,500285,INE285B01017,SPICEJET,A,,,,,SPICEJET LTD.,36.1,37.0,35.7,35.8,35.8,35.93,,35.8,,,7132541,258076641.0,10698,F1,1,,,,,
2025-09-03,2025-09-03,CM,BSE,STK,500288,INE083A01026,MOREPENLAB,A,,,,,MOREPEN LABORATORIES LTD.,48.65,50.24,48.37,49.93,50.08,48.5,,49.97,,,286719,14195594.0,1522,F1,1,,,,,
2025-09-03,2025-09-03,CM,BSE,STK,500290,INE883A01011,MRF,A,,,,,MRF LTD.,153000.05,154300.5,150217.0,150444.1,150729.2,153943.9,,150545.0,,,727,110129224.0,577,F1,1,,,,,
2025-09-03,2025-09-03,CM,BSE,STK,500292,INE578A01017,HEIDELBERG,B,,,,,HEIDELBERGCEMENT INDIA LTD.,212.7,214.2,211.8,213.7,213.7,210.3,,213.76,,,9194,1959568.0,183,F1,1,,,,,
2025-09-03,2025-09-03,CM,BSE,STK,500294,INE868B01028,NCC,A,,,,,NCC LIMITED,211.95,213.6,210.95,212.9,212.9,211.15,,212.87,,,117806,25022381.0,2084,F1,1,,,,,
2025-09-03,2025-09-03,CM,BSE,STK,500295,INE205A01025,VEDL,A,,,,,VEDANTA LIMITED,433.95,441.6,433.1,439.4,439.4,431.45,,439.45,,,720345,316291235.0,8719,F1,1,,,,,
2025-09-03,2025-09-03,CM,BSE,STK,500296,INE290A01027,NAHARSPING,B,,,,,NAHAR SPINNING MILLS LTD.,217.85,220.7,216.75,220.7,220.7,216.1,,219.6,,,1798,395466.0,64,F1,1,,,,,
2025-09-03,2025-09-03,CM,BSE,STK,500298,INE585A01020,NAPEROL,X,,,,,Naperol Investments Limited,958.0,960.0,930.0,935.4,935.4,936.6,,935.4,,,1291,1208140.0,143,F1,1,,,,,
2025-09-03,2025-09-03,CM,BSE,STK,500300,INE047A01021,GRASIM,A,,,,,GRASIM INDUSTRIES LTD.,2779.7,2810.15,2770.0,2777.05,2784.2,2779.15,,2780.7,,,104808,290999525.0,5415,F1,1,,,,,
2025-09-03,2025-09-03,CM,BSE,STK,500302,INE140A01024,PEL,A,,,,,PIRAMAL ENTERPRISES LTD.,1099.95,1099.95,1079.95,1092.15,1096.5,1080.2,,1091.7,,,10066,10970994.0,1076,F1,1,,,,,
2025-09-03,2025-09-03,CM,BSE,STK,500304,INE161A01038,NIITLTD,A,,,,,NIIT LTD.,115.2,115.3,113.55,114.8,114.95,113.7,,114.81,,,18311,2099342.0,321,F1,1,,,,,
2025-09-03,2025-09-03,CM,BSE,STK,500306,INE903A01025,JAYKAY,B,,,,,Jaykay Enterprises Limited,150.6,154.8,149.2,150.5,150.5,150.6,,150.5,,,91001,13835667.0,586,F1,1,,,,,
2025-09-03,2025-09-03,CM,BSE,STK,500307,INE910A01012,NIRLON,B,,,,,NIRLON LTD.,549.9,549.9,545.0,546.05,547.0,543.55,,546.05,,,8701,4750979.0,322,F1,1,,,,,
2025-09-03,2025-09-03,CM,BSE,STK,500312,INE213A01029,ONGC,A,,,,,OIL AND NATURAL GAS CORPORATIO,239.5,241.95,238.55,239.15,239.15,239.45,,239.07,,,170552,40870061.0,2798,F1,1,,,,,
2025-09-03,2025-09-03,CM,BSE,STK,500313,INE591A01010,OILCOUNTUB,B,,,,,OIL COUNTRY TUBULAR LTD.,82.48,83.45,82.48,83.0,83.0,80.75,,82.7,,,642,53269.0,16,F1,1,,,,,
2025-09-03,2025-09-03,CM,BSE,STK,500314,INE750A01020,ORIENTHOT,B,,,,,ORIENTAL HOTELS LTD.,140.0,143.0,137.45,139.4,138.9,137.35,,139.55,,,36462,5107941.0,666,F1,1,,,,,
2025-09-03,2025-09-03,CM,BSE,STK,500317,INE142A01012,OSWALAGRO,B,,,,,OSWAL AGRO MILLS LTD.,83.0,83.0,77.02,78.33,78.8,78.17,,78.51,,,7021,550957.0,158,F1,1,,,,,
2025-09-03,2025-09-03,CM,BSE,STK,500319,INE557C01017,INDSUCR,X,,,,,INDIAN SUCROSE LTD.,97.2,99.1,96.05,97.99,97.5,97.15,,97.99,,,2581,251729.0,49,F1,1,,,,,
2025-09-03,2025-09-03,CM,BSE,STK,500322,INE167E01037,PANCM,XT,,,,,PANYAM CEMENTS & MINERAL INDUS,145.0,147.0,141.0,141.0,141.0,145.0,,141.0,,,27,3935.0,6,F1,1,,,,,
2025-09-03,2025-09-03,CM,BSE,STK,500325,INE002A01018,RELIANCE,A,,,,,RELIANCE INDUSTRIES LTD.,1369.9,1376.45,1361.15,1371.55,1371.55,1366.3,,1372.6,,,308664,422483631.0,18347,F1,1,,,,,
2025-09-03,2025-09-03,CM,BSE,STK,500327,INE600A01035,PILITA,T,,,,,Pil Italica Lifestyle Limited,14.4,14.4,13.72,13.79,13.87,14.01,,13.85,,,7633,105780.0,51,F1,1,,,,,
2025-09-03,2025-09-03,CM,BSE,STK,500330,INE301A01014,RAYMOND,A,,,,,RAYMOND LTD.,609.75,620.95,608.0,616.55,616.5,609.75,,615.15,,,25229,15494971.0,1044,F1,1,,,,,
2025-09-03,2025-09-03,CM,BSE,STK,500331,INE318A01026,PIDILITIND,A,,,,,PIDILITE INDUSTRIES LTD.,3135.0,3150.0,3106.05,3112.25,3112.25,3127.9,,3112.0,,,8204,25682650.0,1783,F1,1,,,,,
2025-09-03,2025-09-03,CM,BSE,STK,500333,INE751B01018,PIXTRANS,B,,,,,PIX TRANSMISSIONS LTD.,1423.2,1447.45,1420.0,1437.7,1437.7,1423.25,,1435.8,,,1945,2793809.0,311,F1,1,,,,,
2025-09-03,2025-09-03,CM,BSE,STK,500335,INE340A01012,BIRLACORPN,A,,,,,BIRLA CORPORATION LTD.,1294.05,1311.0,1292.25,1301.85,1311.0,1297.65,,1302.2,,,1645,2138733.0,208,F1,1,,,,,
2025-09-03,2025-09-03,CM,BSE,STK,500336,INE335A01020,SURYAROSNI,A,,,,,SURYA ROSHNI LTD.,292.0,310.75,290.9,308.6,308.75,291.5,,308.65,,,67430,20537683.0,1844,F1,1,,,,,
2025-09-03,2025-09-03,CM,BSE,STK,500337,INE032B01021,PRIMESECU,B,,,,,PRIME SECURITIES LTD.,266.0,266.0,258.8,261.25,263.0,266.8,,264.05,,,566,148114.0,35,F1,1,,,,,
2025-09-03,2025-09-03,CM,BSE,STK,500338,INE010A01011,PRSMJOHNSN,A,,,,,PRISM JOHNSON LIMITED.,147.35,152.25,147.35,150.25,150.4,150.0,,150.27,,,13176,1988998.0,247,F1,1,,,,,
2025-09-03,2025-09-03,CM,BSE,STK,500339,INE855B01025,RAIN,A,,,,,RAIN INDUSTRIES LIMITED,136.05,140.3,136.05,139.05,138.85,137.25,,138.88,,,31950,4439133.0,448,F1,1,,,,,
2025-09-03,2025-09-03,CM,BSE,STK,500342,INE024D01016,PRUDMOULI,B,,,,,PRUDENTIAL SUGAR CORPORATION L,40.0,40.0,37.98,38.0,38.0,37.5,,38.25,,,1693,64816.0,74,F1,1,,,,,
2025-09-03,2025-09-03,CM,BSE,STK,500343,INE606A01024,AMJLAND,B,,,,,AMJ LAND HOLDINGS LIMITED,57.82,58.24,57.5,57.77,57.65,57.82,,57.75,,,2302,132766.0,156,F1,1,,,,,
2025-09-03,2025-09-03,CM,BSE,STK,500346,INE609A01010,PUNJCOMMU,T,,,,,PUNJAB COMMUNICATIONS LTD.,49.51,49.51,48.7,49.5,49.5,48.66,,49.5,,,1257,62090.0,20,F1,1,,,,,
2025-09-03,2025-09-03,CM,BSE,STK,500350,INE611A01016,RSWM,B,,,,,RSWM LTD.,156.0,160.0,154.7,155.15,156.0,157.1,,155.26,,,2328,363266.0,93,F1,1,,,,,
2025-09-03,2025-09-03,CM,BSE,STK,500354,INE562B01019,RAJSREESUG,B,,,,,RAJSHREE SUGARS & CHEMICALS LT,46.4,49.52,46.0,47.4,46.03,45.36,,47.14,,,348394,16416662.0,2053,F1,1,,,,,
2025-09-03,2025-09-03,CM,BSE,STK,500355,INE613A01020,RALLIS,A,,,,,RALLIS INDIA LTD.,356.55,365.85,353.0,363.7,363.7,357.25,,363.35,,,34408,12376411.0,1406,F1,1,,,,,
2025-09-03,2025-09-03,CM,BSE,STK,500356,INE278B01020,RAMANEWS,T,,,,,SHREE RAMA NEWSPRINT LTD.,30.51,30.51,29.31,30.0,30.0,30.08,,30.12,,,17072,510752.0,25,F1,1,,,,,
2025-09-03,2025-09-03,CM,BSE,STK,500357,INE425E01013,RAMAPPR-B,Z,,,,,RAMA PAPER MILLS LTD.,11.01,11.4,11.0,11.4,11.4,10.88,,11.4,,,985,11003.0,9,F1,1,,,,,
2025-09-03,2025-09-03,CM,BSE,STK,500360,INE350D01015,RAPICUT,XT,,,,,RAPICUT CARBIDES LTD.,88.95,92.4,88.5,92.4,92.4,88.0,,92.4,,,7983,734161.0,92,F1,1,,,,,
2025-09-03,2025-09-03,CM,BSE,STK,500365,INE731F01037,WELSPLSOL,B,,,,,WELSPUN SPECIALTY SOLUTIONS LI,30.95,31.0,30.67,30.99,31.0,30.85,,30.99,,,178328,5500499.0,483,F1,1,,,,,
2025-09-03,2025-09-03,CM,BSE,STK,500366,INE293A01013,ROLTA,Z,,,,,ROLTA INDIA LTD.,2.03,2.04,1.99,2.02,2.02,1.95,,2.03,,,79179,160695.0,48,F1,1,,,,,
2025-09-03,2025-09-03,CM,BSE,STK,500367,INE642C01025,RUBFILA,B,,,,,RUBFILA INTERNATIONAL LTD.,83.99,86.78,83.9,83.95,83.9,84.8,,83.98,,,13026,1106248.0,550,F1,1,,,,,
2025-09-03,2025-09-03,CM,BSE,STK,500368,INE619A01035,PATANJALI,A,,,,,Patanjali Foods Limited,1812.45,1822.45,1751.65,1816.85,1816.85,1804.85,,1816.5,,,73475,132196450.0,1943,F1,1,,,,,
2025-09-03,2025-09-03,CM,BSE,STK,500370,INE924A01013,SALORAINTL,X,,,,,SALORA INTERNATIONAL LTD.,47.21,47.21,43.99,44.55,44.55,47.22,,44.55,,,1954,87207.0,64,F1,1,,,,,
2025-09-03,2025-09-03,CM,BSE,STK,500378,INE324A01032,JINDALSAW,A,,,,,JINDAL SAW LTD.,205.65,212.0,204.65,209.6,209.2,205.2,,209.59,,,100596,21095866.0,1676,F1,1,,,,,
2025-09-03,2025-09-03,CM,BSE,STK,500380,INE786A01032,JKLAKSHMI,A,,,,,JK LAKSHMI CEMENT LTD.,950.25,965.0,950.25,960.9,961.0,947.5,,961.15,,,1750,1680711.0,298,F1,1,,,,,
2025-09-03,2025-09-03,CM,BSE,STK,500387,INE070A01015,SHREECEM,A,,,,,SHREE CEMENT LTD.,29940.1,30235.1,29870.3,29921.15,29954.75,29989.45,,29940.0,,,1956,58588933.0,327,F1,1,,,,,
2025-09-03,2025-09-03,CM,BSE,STK,500388,INE970C01012,SKPMIL,X,,,,,SHREE KRISHNA PAPER MILLS & IN,36.36,36.36,35.84,35.84,35.84,36.56,,35.84,,,9,324.0,4,F1,1,,,,,
2025-09-03,2025-09-03,CM,BSE,STK,500389,INE368A01021,SILVERLINE,XT,,,,,SILVERLINE TECHNOLOGIES LTD.,15.23,15.41,14.95,15.41,15.41,14.68,,15.41,,,1142595,17584846.0,1551,F1,1,,,,,
2025-09-03,2025-09-03,CM,BSE,STK,500390,INE036A01016,RELINFRA,T,,,,,RELIANCE INFRASTRUCTURE LTD.,286.0,292.85,282.05,292.75,292.85,278.95,,293.2,,,110620,32069594.0,1482,F1,1,,,,,
2025-09-03,2025-09-03,CM,BSE,STK,500400,INE245A01021,TATAPOWER,A,,,,,TATA POWER CO.LTD.,385.9,389.55,385.55,389.05,389.05,386.1,,389.15,,,238491,92494542.0,7051,F1,1,,,,,
2025-09-03,2025-09-03,CM,BSE,STK,500402,INE937A01023,SPMLINFRA,B,,,,,SPML INFRA LIMITED,272.0,291.75,272.0,284.45,284.9,277.7,,283.95,,,65233,18777118.0,1803,F1,1,,,,,
2025-09-03,2025-09-03,CM,BSE,STK,500403,INE387A01021,SUNDRMFAST,A,,,,,SUNDRAM FASTENERS LTD.,1030.5,1030.5,1011.2,1014.65,1013.0,1024.65,,1014.3,,,1415,1445161.0,231,F1,1,,,,,
2025-09-03,2025-09-03,CM,BSE,STK,500404,INE947A01014,SUNFLAG,B,,,,,SUNFLAG IRON & STEEL CO.LTD.,266.9,278.9,266.9,277.65,278.0,272.0,,277.7,,,16855,4667393.0,683,F1,1,,,,,
2025-09-03,2025-09-03,CM,BSE,STK,500405,INE663A01033,SPLPETRO,A,,,,,SUPREME PETROCHEM LTD.,778.1,778.9,771.05,773.6,772.7,777.1,,775.5,,,891,690445.0,146,F1,1,,,,,
2025-09-03,2025-09-03,CM,BSE,STK,500407,INE277A01016,SWARAJENG,B,,,,,SWARAJ ENGINES LTD.,4020.95,4083.0,4017.15,4023.1,4035.45,4059.1,,4024.3,,,1376,5564557.0,290,F1,1,,,,,
2025-09-03,2025-09-03,CM,BSE,STK,500408,INE670A01012,TATAELXSI,A,,,,,TATA ELXSI LTD.,5477.75,5477.75,5392.3,5428.55,5428.55,5423.7,,5427.5,,,5476,29774502.0,1738,F1,1,,,,,
2025-09-03,2025-09-03,CM,BSE,STK,500410,INE012A01025,ACC,A,,,,,ACC LTD.,1828.15,1848.1,1817.55,1843.3,1842.8,1821.2,,1843.1,,,9941,18262510.0,1727,F1,1,,,,,
2025-09-03,2025-09-03,CM,BSE,STK,500411,INE152A01029,THERMAX,A,,,,,THERMAX LTD.,3277.45,3296.8,3240.0,3259.85,3260.1,3280.9,,3260.0,,,2776,9055649.0,581,F1,1,,,,,
2025-09-03,2025-09-03,CM,BSE,STK,500412,INE338A01024,TIRUMALCHM,A,,,,,THIRUMALAI CHEMICALS LTD.,307.0,314.0,303.65,305.4,304.2,308.2,,305.15,,,56144,17367385.0,1908,F1,1,,,,,
2025-09-03,2025-09-03,CM,BSE,STK,500413,INE332A01027,THOMASCOOK,A,,,,,THOMAS COOK (INDIA) LTD.,172.05,181.2,172.05,177.6,177.85,173.25,,177.6,,,160123,28589388.0,2459,F1,1,,,,,
2025-09-03,2025-09-03,CM,BSE,STK,500414,INE064A01026,TIMEX,B,,,,,TIMEX GROUP INDIA LTD.,328.0,336.05,322.95,328.85,328.85,325.45,,328.85,,,354917,117528217.0,3786,F1,1,,,,,
2025-09-03,2025-09-03,CM,BSE,STK,500418,INE932C01012,TOKYOPLAST,B,,,,,TOKYO PLAST INTERNATIONAL LTD.,125.3,125.3,124.7,124.95,124.95,124.05,,124.59,,,168,20981.0,7,F1,1,,,,,
2025-09-03,2025-09-03,CM,BSE,STK,500420,INE685A01028,TORNTPHARM,A,,,,,TORRENT PHARMACEUTICALS LTD.,3515.05,3612.95,3515.05,3606.2,3600.05,3583.8,,3606.7,,,1388,4986690.0,291,F1,1,,,,,
2025-09-03,2025-09-03,CM,BSE,STK,500421,INE578C01021,TPINDIA,X,,,,,TPI INDIA LTD.,18.18,19.5,17.72,18.37,18.1,18.53,,18.37,,,65547,1216449.0,229,F1,1,,,,,
2025-09-03,2025-09-03,CM,BSE,STK,500422,INE019B01010,TRANSCHEM,X,,,,,TRANSCHEM LTD.,51.5,52.09,47.61,50.43,51.8,51.01,,50.43,,,3024,149974.0,111,F1,1,,,,,
2025-09-03,2025-09-03,CM,BSE,STK,500425,INE079A01024,AMBUJACEM,A,,,,,AMBUJA CEMENTS LTD.,568.9,577.35,568.9,574.05,574.05,567.3,,573.75,,,54888,31496094.0,2305,F1,1,,,,,
2025-09-03,2025-09-03,CM,BSE,STK,500426,INE184E01024,UTLINDS,X,,,,,UTL INDUSTRIES LIMITED,1.56,1.56,1.48,1.5,1.5,1.55,,1.5,,,128474,196092.0,98,F1,1,,,,,
2025-09-03,2025-09-03,CM,BSE,STK,500429,INE037A01022,UNIENTER,B,,,,,UNIPHOS ENTERPRISES LTD.,155.05,160.0,153.65,159.45,160.0,155.3,,159.73,,,5903,937241.0,156,F1,1,,,,,
2025-09-03,2025-09-03,CM,BSE,STK,500439,INE701A01023,VHL,B,,,,,VARDHMAN HOLDINGS LTD.,3848.0,3850.0,3793.0,3799.05,3799.05,3712.0,,3826.8,,,17,65175.0,8,F1,1,,,,,
2025-09-03,2025-09-03,CM,BSE,STK,500440,INE038A01020,HINDALCO,A,,,,,HINDALCO INDUSTRIES LTD.,726.3,744.0,724.0,743.05,743.0,721.05,,742.95,,,374576,274779309.0,10847,F1,1,,,,,
2025-09-03,2025-09-03,CM,BSE,STK,500444,INE976A01021,WSTCSTPAPR,B,,,,,West Coast Paper Mills Limited,514.6,515.55,508.05,511.55,514.6,513.4,,511.2,,,4668,2392950.0,217,F1,1,,,,,
2025-09-03,2025-09-03,CM,BSE,STK,500449,INE048A01011,HOCL,B,,,,,HINDUSTAN ORGANIC CHEMICALS LT,35.7,36.99,35.16,36.76,36.6,35.65,,36.76,,,34898,1263169.0,325,F1,1,,,,,
2025-09-03,2025-09-03,CM,BSE,STK,500450,INE844C01027,MPILCORPL,X,,,,,MPIL CORPORATION LTD.,498.0,521.0,498.0,509.5,521.0,498.0,,509.5,,,4,2015.0,4,F1,1,,,,,
2025-09-03,2025-09-03,CM,BSE,STK,500456,INE818B01023,PASUPTAC,B,,,,,PASUPATI ACRYLON LTD.,42.15,42.15,41.76,41.81,41.76,41.91,,42.34,,,465,19524.0,24,F1,1,,,,,
2025-09-03,2025-09-03,CM,BSE,STK,500458,INE601A01017,KORE,XT,,,,,Kore Foods Limited,28.59,30.03,27.17,30.03,30.03,28.6,,30.03,,,13071,382716.0,69,F1,1,,,,,
2025-09-03,2025-09-03,CM,BSE,STK,500459,INE179A01014,PGHH,A,,,,,PROCTER & GAMBLE HYGIENE & HEA,13799.0,13799.0,13427.0,13485.9,13500.0,13594.45,,13495.0,,,536,7247457.0,224,F1,1,,,,,
2025-09-03,2025-09-03,CM,BSE,STK,500460,INE304A01026,MUKANDLTD,B,,,,,MUKAND LTD.,135.05,138.0,133.85,136.65,136.8,133.55,,136.67,,,13909,1894921.0,305,F1,1,,,,,
2025-09-03,2025-09-03,CM,BSE,STK,500463,INE676A01027,BBOX,T,,,,,BLACK BOX LIMITED,448.0,467.0,438.05,462.65,458.2,450.0,,461.7,,,10659,4820961.0,289,F1,1,,,,,
2025-09-03,2025-09-03,CM,BSE,STK,500464,INE139B01016,UCAL,B,,,,,UCAL LIMITED,135.55,138.85,134.0,134.9,134.1,137.2,,134.57,,,5264,722933.0,125,F1,1,,,,,
2025-09-03,2025-09-03,CM,BSE,STK,500467,INE544A01019,HARRMALAYA,B,,,,,HARRISONS MALAYALAM LTD.,213.4,215.45,210.6,210.7,214.25,211.5,,211.63,,,716,151975.0,99,F1,1,,,,,
2025-09-03,2025-09-03,CM,BSE,STK,500469,INE171A01029,FEDERALBNK,A,,,,,FEDERAL BANK LTD.,193.55,194.65,192.9,193.15,193.45,193.55,,193.23,,,96019,18578187.0,1803,F1,1,,,,,
2025-09-03,2025-09-03,CM,BSE,STK,500470,INE081A01020,TATASTEEL,A,,,,,TATA STEEL LTD.,158.45,168.0,158.45,167.8,167.8,158.45,,167.85,,,8779590,1452678036.0,51020,F1,1,,,,,
2025-09-03,2025-09-03,CM,BSE,STK,500472,INE640A01023,SKFINDIA,A,,,,,SKF INDIA LTD.,4570.0,4590.25,4550.0,4555.45,4550.0,4568.6,,4558.6,,,385,1756527.0,88,F1,1,,,,,
2025-09-03,2025-09-03,CM,BSE,STK,500477,INE208A01029,ASHOKLEY,A,,,,,ASHOK LEYLAND LTD.,132.3,132.3,128.4,130.2,130.2,130.35,,130.23,,,521893,67746439.0,3520,F1,1,,,,,
2025-09-03,2025-09-03,CM,BSE,STK,500480,INE298A01020,CUMMINSIND,A,,,,,CUMMINS INDIA LTD.,3836.9,3899.1,3792.25,3886.35,3891.0,3826.75,,3885.2,,,19025,73053068.0,2410,F1,1,,,,,
2025-09-03,2025-09-03,CM,BSE,STK,500483,INE151A01013,TATACOMM,A,,,,,TATA COMMUNICATIONS LTD.,1551.5,1575.0,1551.5,1565.4,1569.35,1551.15,,1566.1,,,24034,37584922.0,1402,F1,1,,,,,
2025-09-03,2025-09-03,CM,BSE,STK,500488,INE358A01014,ABBOTINDIA,A,,,,,ABBOTT INDIA LTD.,32490.15,32771.15,32245.0,32605.9,32245.0,32356.3,,32575.0,,,254,8267655.0,124,F1,1,,,,,
2025-09-03,2025-09-03,CM,BSE,STK,500490,INE118A01012,BAJAJHLDNG,A,,,,,BAJAJ HOLDINGS & INVESTMENT LT,12686.0,13065.5,12657.4,12963.95,13000.0,12618.15,,13020.0,,,2172,27905759.0,728,F1,1,,,,,
2025-09-03,2025-09-03,CM,BSE,STK,500493,INE465A01025,BHARATFORG,A,,,,,BHARAT FORGE LTD.,1135.1,1140.0,1130.5,1135.35,1134.25,1134.15,,1135.6,,,8442,9582986.0,625,F1,1,,,,,
2025-09-03,2025-09-03,CM,BSE,STK,500495,INE042A01014,ESCORTS,A,,,,,Escorts Kubota Limited,3669.25,3693.95,3657.05,3674.0,3660.0,3650.3,,3677.5,,,2735,10051825.0,684,F1,1,,,,,
2025-09-03,2025-09-03,CM,BSE,STK,500500,INE253A01025,HINDMOTORS,T,,,,,HINDUSTAN MOTORS LTD.,23.44,23.6,22.8,23.25,23.25,23.44,,23.23,,,69643,1619264.0,505,F1,1,,,,,
2025-09-03,2025-09-03,CM,BSE,STK,500510,INE018A01030,LT,A,,,,,LARSEN & TOUBRO LTD.,3574.25,3606.35,3561.0,3600.25,3600.25,3572.45,,3600.8,,,152204,544030603.0,8471,F1,1,,,,,
2025-09-03,2025-09-03,CM,BSE,STK,500520,INE101A01026,M&M,A,,,,,MAHINDRA & MAHINDRA LTD.,3259.0,3292.6,3232.8,3284.55,3286.1,3233.8,,3286.0,,,174181,568388473.0,11926,F1,1,,,,,
2025-09-03,2025-09-03,CM,BSE,STK,500530,INE323A01026,BOSCHLTD,A,,,,,BOSCH LTD.,41570.65,41784.85,41060.0,41116.25,41070.0,41272.4,,41100.0,,,505,20909820.0,320,F1,1,,,,,
2025-09-03,2025-09-03,CM,BSE,STK,500540,INE342A01018,PREMIER,T,,,,,PREMIER LTD.,3.55,3.55,3.4,3.48,3.48,3.55,,3.51,,,12298,42730.0,18,F1,1,,,,,
2025-09-03,2025-09-03,CM,BSE,STK,500547,INE029A01011,BPCL,A,,,,,BHARAT PETROLEUM CORPORATION L,315.15,320.4,314.1,314.9,314.9,315.05,,314.85,,,159889,50782930.0,3631,F1,1,,,,,
2025-09-03,2025-09-03,CM,BSE,STK,500550,INE003A01024,SIEMENS,A,,,,,SIEMENS LTD.,3194.55,3224.4,3182.7,3212.75,3212.75,3189.65,,3211.9,,,7217,23161195.0,1316,F1,1,,,,,
2025-09-03,2025-09-03,CM,BSE,STK,500570,INE155A01022,TATAMOTORS,A,,,,,TATA MOTORS LTD.,687.2,693.0,685.1,692.15,692.15,684.3,,692.05,,,396355,273520864.0,12317,F1,1,,,,,
2025-09-03,2025-09-03,CM,BSE,STK,500575,INE226A01021,VOLTAS,A,,,,,VOLTAS LTD.,1430.95,1437.95,1412.55,1430.65,1430.65,1440.65,,1430.3,,,32224,45836957.0,3118,F1,1,,,,,
2025-09-03,2025-09-03,CM,BSE,STK,500620,INE017A01032,GESHIP,A,,,,,GREAT EASTERN SHIPPING CO.LTD.,952.1,970.35,952.1,958.4,958.0,961.45,,958.75,,,14846,14265416.0,930,F1,1,,,,,
2025-09-03,2025-09-03,CM,BSE,STK,500645,INE501A01019,DEEPAKFERT,A,,,,,DEEPAK FERTILISERS & PETROCHEM,1446.0,1487.55,1436.75,1441.9,1453.4,1445.85,,1442.5,,,10840,15880892.0,1221,F1,1,,,,,
2025-09-03,2025-09-03,CM,BSE,STK,500650,INE369A01029,EXCELINDUS,B,,,,,EXCEL INDUSTRIES LTD.,1199.65,1212.7,1190.75,1200.6,1202.2,1194.9,,1198.6,,,924,1111564.0,119,F1,1,,,,,
2025-09-03,2025-09-03,CM,BSE,STK,500655,INE291A01017,GRWRHITECH,A,,,,,GARWARE HI-TECH FILMS LIMITED,2872.4,2923.5,2858.8,2912.3,2920.0,2860.95,,2913.6,,,3738,10841888.0,761,F1,1,,,,,
2025-09-03,2025-09-03,CM,BSE,STK,500660,INE159A01016,GLAXO,A,,,,,GLAXOSMITHKLINE PHARMACEUTICAL,2740.0,2780.9,2700.5,2773.4,2776.05,2749.15,,2776.9,,,7576,20684857.0,599,F1,1,,,,,
2025-09-03,2025-09-03,CM,BSE,STK,500670,INE113A01013,GNFC,A,,,,,GUJARAT NARMADA VALLEY FERTILI,519.95,523.0,511.4,519.05,519.4,519.95,,519.0,,,39951,20668187.0,1082,F1,1,,,,,
2025-09-03,2025-09-03,CM,BSE,STK,500672,INE234A01025,NOVARTIND,B,,,,,NOVARTIS INDIA LTD.,910.55,946.0,910.55,933.05,933.05,910.55,,933.05,,,8701,8101023.0,424,F1,1,,,,,
2025-09-03,2025-09-03,CM,BSE,STK,500674,INE058A01010,SANOFI,A,,,,,SANOFI INDIA LTD,5120.95,5137.25,5115.0,5133.45,5133.45,5123.6,,5130.0,,,430,2203718.0,148,F1,1,,,,,
2025-09-03,2025-09-03,CM,BSE,STK,500680,INE182A01018,PFIZER,A,,,,,PFIZER LTD.,5081.95,5199.6,5081.95,5171.8,5197.5,5107.7,,5174.0,,,991,5114026.0,325,F1,1,,,,,
2025-09-03,2025-09-03,CM,BSE,STK,500690,INE026A01025,GSFC,A,,,,,GUJARAT STATE FERTILIZERS & CH,214.75,219.95,213.1,217.7,217.55,214.35,,217.7,,,140905,30670064.0,2398,F1,1,,,,,
2025-09-03,2025-09-03,CM,BSE,STK,500696,INE030A01027,HINDUNILVR,A,,,,,HINDUSTAN UNILEVER LTD.,2689.8,2689.8,2657.85,2663.9,2663.9,2677.0,,2664.7,,,46310,123598118.0,5578,F1,1,,,,,
2025-09-03,2025-09-03,CM,BSE,STK,500710,INE133A01011,AKZOINDIA,A,,,,,AKZO NOBEL INDIA LIMITED,3422.0,3422.0,3364.75,3371.05,3371.05,3422.55,,3373.6,,,1092,3692392.0,204,F1,1,,,,,
2025-09-03,2025-09-03,CM,BSE,STK,500730,INE163A01018,NOCIL,A,,,,,NOCIL LTD.,181.35,184.9,181.1,184.55,184.55,180.3,,184.62,,,20698,3802283.0,555,F1,1,,,,,
2025-09-03,2025-09-03,CM,BSE,STK,500770,INE092A01019,TATACHEM,A,,,,,TATA CHEMICALS LTD.,932.55,942.25,931.0,939.3,940.3,931.6,,939.2,,,13426,12593688.0,1561,F1,1,,,,,
2025-09-03,2025-09-03,CM,BSE,STK,500777,INE148A01019,TNPETRO,T,,,,,TAMILNADU PETROPRODUCTS LTD.,105.85,108.0,104.9,105.6,106.9,105.85,,105.47,,,7380,785023.0,75,F1,1,,,,,
2025-09-03,2025-09-03,CM,BSE,STK,500780,INE217A01012,ZUARIIND,B,,,,,Zuari Industries Limited,312.0,320.95,310.85,319.7,319.45,309.65,,319.6,,,6467,2041569.0,424,F1,1,,,,,
2025-09-03,2025-09-03,CM,BSE,STK,500790,INE239A01024,NESTLEIND,A,,,,,NESTLE INDIA LTD.,1201.25,1206.2,1191.45,1194.6,1194.6,1201.2,,1194.8,,,41114,49214395.0,2806,F1,1,,,,,
2025-09-03,2025-09-03,CM,BSE,STK,500800,INE192A01025,TATACONSUM,A,,,,,TATA CONSUMER PRODUCTS LIMITED,1100.35,1106.25,1087.0,1104.55,1104.45,1099.65,,1104.4,,,22022,24149638.0,2001,F1,1,,,,,
2025-09-03,2025-09-03,CM,BSE,STK,500820,INE021A01026,ASIANPAINT,A,,,,,ASIAN PAINTS LTD.,2538.85,2562.0,2529.55,2554.4,2559.0,2538.85,,2553.9,,,17488,44592705.0,1677,F1,1,,,,,
2025-09-03,2025-09-03,CM,BSE,STK,500825,INE216A01030,BRITANNIA,A,,,,,BRITANNIA INDUSTRIES LTD.,5919.0,5925.0,5866.35,5912.4,5900.0,5890.45,,5908.0,,,3759,22190115.0,1145,F1,1,,,,,
2025-09-03,2025-09-03,CM,BSE,STK,500830,INE259A01022,COLPAL,A,,,,,COLGATE-PALMOLIVE (INDIA) LTD.,2420.0,2420.0,2374.0,2380.95,2380.95,2413.65,,2381.9,,,8758,20958258.0,1093,F1,1,,,,,
2025-09-03,2025-09-03,CM,BSE,STK,500840,INE230A01023,EIHOTEL,A,,,,,EIH LTD.,400.25,417.2,400.25,412.5,410.0,398.05,,412.5,,,67840,27958911.0,3045,F1,1,,,,,
2025-09-03,2025-09-03,CM,BSE,STK,500850,INE053A01029,INDHOTEL,A,,,,,INDIAN HOTELS CO.LTD.,764.95,782.3,764.5,773.7,777.0,765.5,,773.95,,,38061,29515188.0,1292,F1,1,,,,,
2025-09-03,2025-09-03,CM,BSE,STK,500870,INE172A01027,CASTROLIND,A,,,,,CASTROL INDIA LTD.,200.0,200.0,197.1,198.55,198.55,200.25,,198.53,,,88771,17577247.0,2586,F1,1,,,,,
2025-09-03,2025-09-03,CM,BSE,STK,500875,INE154A01025,ITC,A,,,,,ITC LTD.,408.25,413.3,407.25,411.5,411.5,406.65,,411.75,,,447157,183536946.0,8589,F1,1,,,,,
2025-09-03,2025-09-03,CM,BSE,STK,500877,INE438A01022,APOLLOTYRE,A,,,,,APOLLO TYRES LTD.,492.2,495.6,482.3,485.6,485.9,487.6,,485.65,,,120091,58712179.0,3582,F1,1,,,,,
2025-09-03,2025-09-03,CM,BSE,STK,500878,INE482A01020,CEATLTD,A,,,,,CEAT LTD.,3377.1,3377.1,3282.0,3322.35,3322.35,3377.1,,3319.2,,,10318,34243324.0,2231,F1,1,,,,,
2025-09-03,2025-09-03,CM,BSE,STK,500890,INE832A01018,MODIRUBBER,B,,,,,MODI RUBBER LTD.,116.55,117.3,114.1,114.1,114.1,116.0,,116.52,,,2347,273440.0,94,F1,1,,,,,
2025-09-03,2025-09-03,CM,BSE,STK,500940,INE183A01024,FINPIPE,A,,,,,FINOLEX INDUSTRIES LTD.,217.0,221.15,215.9,218.0,217.85,217.0,,218.05,,,42370,9289825.0,1088,F1,1,,,,,
2025-09-03,2025-09-03,CM,BSE,STK,501148,INE422D01012,DSINVEST,XT,,,,,DALAL STREET INVESTMENTS LTD.,423.65,423.65,407.05,423.65,423.65,415.35,,423.65,,,21,8730.0,7,F1,1,,,,,
2025-09-03,2025-09-03,CM,BSE,STK,501150,INE660C01027,CENTRUM,T,,,,,CENTRUM CAPITAL LTD.,37.02,38.28,36.5,37.55,37.6,37.5,,37.48,,,30782,1144436.0,75,F1,1,,,,,
2025-09-03,2025-09-03,CM,BSE,STK,501242,INE911B01018,TCIFINANCE,T,,,,,TCI FINANCE LTD.,13.32,13.32,12.7,13.2,13.2,13.32,,13.23,,,1951,25528.0,30,F1,1,,,,,
2025-09-03,2025-09-03,CM,BSE,STK,501295,INE886A01014,IITL,T,,,,,INDUSTRIAL INVESTMENT TRUST LT,180.6,181.6,179.05,180.7,180.6,178.8,,179.94,,,1120,202140.0,52,F1,1,,,,,
2025-09-03,2025-09-03,CM,BSE,STK,501298,INE620D01011,INDPRUD,B,,,,,INDUSTRIAL & PRUDENTIAL INVEST,6330.05,6499.95,6320.0,6397.55,6437.65,6320.6,,6397.55,,,221,1410335.0,86,F1,1,,,,,
2025-09-03,2025-09-03,CM,BSE,STK,501301,INE672A01018,TATAINVEST,A,,,,,TATA INVESTMENT CORPORATION LT,6849.85,6870.0,6786.0,6804.15,6804.15,6833.3,,6802.5,,,2763,18857994.0,759,F1,1,,,,,
2025-09-03,2025-09-03,CM,BSE,STK,501314,INE286N01028,PRISMX,X,,,,,PRISMX GLOBAL VENTURES LIMITED,0.71,0.73,0.71,0.72,0.73,0.72,,0.72,,,237053,170610.0,191,F1,1,,,,,
2025-09-03,2025-09-03,CM,BSE,STK,501343,INE861B01023,MOTOGENFIN,B,,,,,MOTOR & GENERAL FINANCE LTD.,26.13,26.69,26.0,26.6,26.6,26.4,,26.51,,,2078,54729.0,198,F1,1,,,,,
2025-09-03,2025-09-03,CM,BSE,STK,501351,INE154M01012,RAPIDIN,XT,,,,,RAPID INVESTMENTS LTD.,73.55,73.55,73.55,73.55,73.55,73.55,,73.55,,,220,16181.0,8,F1,1,,,,,
2025-09-03,2025-09-03,CM,BSE,STK,501370,INE695D01021,WALCHPF,X,,,,,WALCHAND PEOPLEFIRST LTD.,142.65,144.0,141.5,142.15,141.75,144.1,,142.15,,,1014,145254.0,23,F1,1,,,,,
2025-09-03,2025-09-03,CM,BSE,STK,501391,INE855A01019,WHBRADY,X,,,,,W.H.BRADY & CO.LTD.,689.0,700.0,675.35,682.3,682.3,689.95,,682.3,,,26,17890.0,12,F1,1,,,,,
2025-09-03,2025-09-03,CM,BSE,STK,501421,INE314H01012,TECHNVISN,X,,,,,TechNVision Ventures Limited,6299.0,6396.25,5790.0,5811.65,5800.0,6091.7,,5811.65,,,1883,11533162.0,205,F1,1,,,,,
2025-09-03,2025-09-03,CM,BSE,STK,501423,INE151G01028,SHAILY,A,,,,,SHAILY ENGINEERING PLASTICS LT,2230.95,2274.7,2185.0,2200.7,2185.0,2253.95,,2197.6,,,10901,24305881.0,1272,F1,1,,,,,
2025-09-03,2025-09-03,CM,BSE,STK,501425,INE050A01025,BBTC,A,,,,,BOMBAY BURMAH TRADING CORP.LTD,1831.95,1841.2,1813.7,1835.65,1832.0,1824.15,,1835.6,,,1185,2167895.0,234,F1,1,,,,,
2025-09-03,2025-09-03,CM,BSE,STK,501430,INE691K01017,BOMBCYC,X,,,,,BOMBAY CYCLE & MOTOR AGENCY LT,1955.25,2040.0,1955.25,1968.2,1968.2,2000.0,,1968.2,,,67,132142.0,8,F1,1,,,,,
2025-09-03,2025-09-03,CM,BSE,STK,501455,INE224A01026,GREAVESCOT,A,,,,,GREAVES COTTON LTD.,228.0,233.0,224.15,226.1,226.1,226.5,,226.2,,,319710,72992490.0,5214,F1,1,,,,,
2025-09-03,2025-09-03,CM,BSE,STK,501700,INE131H01028,INDIANVSH,X,,,,,INDIANIVESH LTD.,8.45,9.38,8.0,8.37,8.31,8.61,,8.37,,,23880,207682.0,89,F1,1,,,,,
2025-09-03,2025-09-03,CM,BSE,STK,501831,INE377E01024,COASTCORP,B,,,,,COASTAL CORPORATION LTD.,30.25,32.15,30.25,31.75,32.15,30.95,,31.68,,,9198,290898.0,143,F1,1,,,,,
2025-09-03,2025-09-03,CM,BSE,STK,501833,INE490A01015,CHOWGULSTM,X,,,,,CHOWGULE STEAMSHIPS LTD.,22.65,23.25,22.5,22.54,22.55,22.7,,22.54,,,4181,95972.0,26,F1,1,,,,,
2025-09-03,2025-09-03,CM,BSE,STK,501848,INE446C01013,GLOBOFFS,X,,,,,GLOBAL OFFSHORE SERVICES LTD.,71.03,72.98,68.15,69.35,69.35,71.33,,69.35,,,12100,849577.0,98,F1,1,,,,,
2025-09-03,2025-09-03,CM,BSE,STK,502015,INE443A01030,ASIIL,X,,,,,ASI INDUSTRIES LIMITED,30.79,32.83,29.0,31.73,31.7,30.02,,31.73,,,106295,3332946.0,336,F1,1,,,,,
2025-09-03,2025-09-03,CM,BSE,STK,502090,INE229C01021,SAGCEM,B,,,,,SAGAR CEMENTS LTD.,262.0,281.1,262.0,272.6,272.6,261.45,,273.15,,,31157,8520313.0,1082,F1,1,,,,,
2025-09-03,2025-09-03,CM,BSE,STK,502133,INE07BK01011,HEMACEM,X,,,,,HEMADRI CEMENTS LTD.,49.06,51.89,49.06,51.7,51.7,50.06,,51.7,,,1021,52450.0,32,F1,1,,,,,
2025-09-03,2025-09-03,CM,BSE,STK,502137,INE583C01021,DECCANCE,B,,,,,DECCAN CEMENTS LTD.,1082.05,1144.4,1076.5,1105.3,1115.0,1084.1,,1104.2,,,10169,11311676.0,958,F1,1,,,,,
2025-09-03,2025-09-03,CM,BSE,STK,502157,INE347A01017,MANGLMCEM,B,,,,,MANGALAM CEMENT LTD.,777.95,788.75,769.0,783.75,785.35,772.5,,783.85,,,2478,1929517.0,255,F1,1,,,,,
2025-09-03,2025-09-03,CM,BSE,STK,502168,INE732C01016,NCLIND,B,,,,,NCL INDUSTRIES LTD.,214.7,217.5,214.7,217.25,216.75,214.7,,217.51,,,578,124836.0,29,F1,1,,,,,
2025-09-03,2025-09-03,CM,BSE,STK,502175,INE626A01014,SAURASHCEM,B,,,,,SAURASHTRA CEMENT LTD.,118.95,119.35,116.3,119.15,119.05,117.65,,118.82,,,16527,1955078.0,461,F1,1,,,,,
2025-09-03,2025-09-03,CM,BSE,STK,502180,INE232A01011,SHREDIGCEM,B,,,,,SHREE DIGVIJAY CEMENT CO.LTD.,95.15,98.52,93.12,96.66,96.66,95.15,,96.69,,,189725,18131826.0,1668,F1,1,,,,,
2025-09-03,2025-09-03,CM,BSE,STK,502219,INE666D01022,BORORENEW,A,,,,,BOROSIL RENEWABLES LIMITED,584.15,609.05,568.35,574.4,574.4,583.2,,574.85,,,86509,50675910.0,5048,F1,1,,,,,
2025-09-03,2025-09-03,CM,BSE,STK,502281,INE094C01011,TRIVENIGQ,X,,,,,TRIVENI GLASS LTD.,13.44,14.5,13.0,14.0,14.5,13.4,,14.0,,,12365,169369.0,53,F1,1,,,,,
2025-09-03,2025-09-03,CM,BSE,STK,502294,INE416N01013,NILACHAL,X,,,,,NILACHAL REFRACTORIES LTD.,40.0,40.0,40.0,40.0,40.0,41.44,,40.0,,,10,400.0,1,F1,1,,,,,
2025-09-03,2025-09-03,CM,BSE,STK,502330,INE435A01051,ANDHRAPAP,B,,,,,ANDHRA PAPER LIMITED,79.45,80.59,78.55,78.8,78.55,79.76,,78.9,,,30079,2394308.0,314,F1,1,,,,,
2025-09-03,2025-09-03,CM,BSE,STK,502355,INE787D01026,BALKRISIND,A,,,,,BALKRISHNA INDUSTRIES LTD.,2352.05,2395.35,2340.0,2362.1,2362.1,2362.2,,2363.5,,,8718,20590627.0,1328,F1,1,,,,,
2025-09-03,2025-09-03,CM,BSE,STK,502420,INE592A01026,ORIENTPPR,B,,,,,ORIENT PAPER & INDUSTRIES LTD.,27.91,28.33,27.91,28.12,28.17,27.95,,28.1,,,76407,2142082.0,161,F1,1,,,,,
2025-09-03,2025-09-03,CM,BSE,STK,502445,INE906D01014,CITADEL,XT,,,,,CITADEL REALTY AND DEVELOPERS,71.84,72.55,71.84,72.55,72.55,71.84,,72.55,,,12,869.0,4,F1,1,,,,,
2025-09-03,2025-09-03,CM,BSE,STK,502448,INE927A01040,ROLLT,T,,,,,ROLLATAINERS LTD.,1.14,1.15,1.12,1.12,1.12,1.17,,1.12,,,441846,495999.0,142,F1,1,,,,,
2025-09-03,2025-09-03,CM,BSE,STK,502450,INE630A01024,SESHAPAPER,B,,,,,SESHASAYEE PAPER & BOARDS LTD.,269.35,270.45,268.8,269.7,269.0,266.8,,269.15,,,210,56601.0,28,F1,1,,,,,
2025-09-03,2025-09-03,CM,BSE,STK,502587,INE777A01023,NATHIND,X,,,,,NATH INDUSTRIES LIMITED,77.04,79.39,77.01,78.26,78.25,79.92,,78.26,,,656,51055.0,13,F1,1,,,,,
2025-09-03,2025-09-03,CM,BSE,STK,502589,INE464D01014,VAPIENTER,X,,,,,VAPI ENTERPRISE LIMITED,130.4,130.4,118.35,125.0,125.0,124.5,,125.0,,,82,9766.0,14,F1,1,,,,,
2025-09-03,2025-09-03,CM,BSE,STK,502820,INE498A01018,DCM,B,,,,,DCM LTD.,100.0,100.35,98.55,99.95,99.8,99.3,,99.84,,,970,96638.0,93,F1,1,,,,,
2025-09-03,2025-09-03,CM,BSE,STK,502865,INE518A01013,FORBESCO,X,,,,,FORBES & COMPANY LTD.,419.0,429.85,419.0,420.2,419.0,425.4,,420.2,,,882,372415.0,49,F1,1,,,,,
2025-09-03,2025-09-03,CM,BSE,STK,502873,INE950C01014,HPCOTTON,X,,,,,H.P.COTTON TEXTILE MILLS LTD.,101.2,106.0,101.2,103.3,103.0,101.7,,103.3,,,1951,200975.0,23,F1,1,,,,,
2025-09-03,2025-09-03,CM,BSE,STK,502893,INE706D01018,UNITEDINT,X,,,,,UNITED INTERACTIVE LTD.,88.5,88.5,88.5,88.5,88.5,88.2,,88.5,,,33,2920.0,1,F1,1,,,,,
2025-09-03,2025-09-03,CM,BSE,STK,502901,INE462D01034,JAMSHRI,XT,,,,,JAMSHRI REALTY LIMITED,102.45,102.45,100.0,100.5,101.65,101.9,,100.5,,,1395,140404.0,58,F1,1,,,,,
2025-09-03,2025-09-03,CM,BSE,STK,502933,INE498G01015,KATRSPG,X,,,,,KATARE SPINNING MILLS LTD.,136.7,138.8,122.05,134.85,134.85,139.45,,134.85,,,307,39741.0,30,F1,1,,,,,
2025-09-03,2025-09-03,CM,BSE,STK,502937,INE087A01019,KESORAMIND,T,,,,,KESORAM INDUSTRIES LTD.,5.36,5.43,5.05,5.29,5.33,5.21,,5.3,,,60069,318020.0,183,F1,1,,,,,
2025-09-03,2025-09-03,CM,BSE,STK,502958,INE938C01019,LAKSHMIMIL,XT,,,,,LAKSHMI MILLS COMPANY LTD.,8731.2,8998.0,8731.2,8974.0,8974.0,8731.2,,8974.0,,,32,281406.0,12,F1,1,,,,,
2025-09-03,2025-09-03,CM,BSE,STK,502986,INE825A01020,VTL,A,,,,,VARDHMAN TEXTILES LTD.,412.4,419.7,412.4,416.2,417.1,412.35,,416.35,,,16666,6938302.0,818,F1,1,,,,,
2025-09-03,2025-09-03,CM,BSE,STK,503031,INE138A01028,PENINLAND,B,,,,,PENINSULA LAND LTD.,35.1,36.39,35.05,36.05,36.2,35.38,,35.96,,,26609,948033.0,325,F1,1,,,,,
2025-09-03,2025-09-03,CM,BSE,STK,503092,INE909B01020,PASUSPG,X,,,,,PASUPATI SPG.& WVG.MILLS LTD.,38.99,40.4,36.0,36.08,36.08,35.01,,36.08,,,2871,109143.0,33,F1,1,,,,,
2025-09-03,2025-09-03,CM,BSE,STK,503100,INE211B01039,PHOENIXLTD,A,,,,,THE PHOENIX MILLS LTD,1567.6,1567.6,1505.35,1512.2,1518.0,1565.3,,1512.4,,,89194,136730254.0,1853,F1,1,,,,,
2025-09-03,2025-09-03,CM,BSE,STK,503101,INE182D01020,MARATHON,B,,,,,MARATHON NEXTGEN REALTY LTD.,612.05,616.15,607.3,610.95,614.25,610.35,,609.75,,,2215,1357566.0,186,F1,1,,,,,
2025-09-03,2025-09-03,CM,BSE,STK,503127,INE491N01016,RAJABAH,X,,,,,RAJA BAHADUR INTERNATIONAL LTD,4400.0,4400.0,4399.0,4399.0,4399.0,4299.65,,4399.0,,,16,70394.0,5,F1,1,,,,,
2025-09-03,2025-09-03,CM,BSE,STK,503162,INE750D01016,RELCHEMQ,B,,,,,RELIANCE CHEMOTEX INDUSTRIES L,164.0,165.5,158.25,160.6,160.6,162.05,,159.97,,,597,95661.0,38,F1,1,,,,,
2025-09-03,2025-09-03,CM,BSE,STK,503169,INE301D01026,RUBYMILLS,B,,,,,RUBY MILLS LTD.,227.75,228.85,223.45,223.45,223.45,225.1,,223.9,,,286,64190.0,25,F1,1,,,,,
2025-09-03,2025-09-03,CM,BSE,STK,503229,INE167H01014,SIMPLXREA,X,,,,,SIMPLEX REALTY LTD.,183.75,183.75,182.0,182.0,182.0,183.75,,182.0,,,20,3648.0,3,F1,1,,,,,
2025-09-03,2025-09-03,CM,BSE,STK,503310,INE665A01038,SWANENERGY,A,,,,,SWAN ENERGY LTD.,462.35,467.6,458.15,460.95,460.95,458.0,,460.9,,,59580,27518955.0,1603,F1,1,,,,,
2025-09-03,2025-09-03,CM,BSE,STK,503349,INE203D01016,VICTMILL,X,,,,,VICTORIA MILLS LTD.,6499.95,6790.0,6420.0,6580.0,6630.0,6405.0,,6580.0,,,55,360139.0,28,F1,1,,,,,
2025-09-03,2025-09-03,CM,BSE,STK,503624,INE406N01014,ZSVARAJT,X,,,,,SVARAJ TRADING & AGENCIES LTD.,9.09,9.35,9.09,9.09,9.09,8.99,,9.09,,,30526,277699.0,18,F1,1,,,,,
2025-09-03,2025-09-03,CM,BSE,STK,503641,INE945J01027,ZODIACVEN,X,,,,,ZODIAC VENTURES LIMITED,7.45,7.75,7.01,7.4,7.4,7.46,,7.4,,,95359,708859.0,259,F1,1,,,,,
2025-09-03,2025-09-03,CM,BSE,STK,503657,INE255E01030,VEERENRGY,X,,,,,VEER ENERGY & INFRASTRUCTURE L,16.82,16.82,16.0,16.27,16.45,16.5,,16.27,,,28380,460685.0,191,F1,1,,,,,
2025-09-03,2025-09-03,CM,BSE,STK,503663,INE026L01022,TILAK,X,,,,,Tilak Ventures Limited,3.13,3.19,3.12,3.14,3.14,3.17,,3.14,,,145865,459579.0,376,F1,1,,,,,
2025-09-03,2025-09-03,CM,BSE,STK,503675,INE786K01023,WAGEND,X,,,,,WAGEND INFRA VENTURE LIMITED,1.13,1.13,0.96,1.1,1.1,1.14,,1.1,,,5708,6361.0,19,F1,1,,,,,
2025-09-03,2025-09-03,CM,BSE,STK,503681,INE927X01018,ELCIDIN,B,,,,,ELCID INVESTMENTS LTD.,132006.0,133889.95,132006.0,133220.55,133220.55,132844.75,,133220.55,,,26,3463318.0,20,F1,1,,,,,
2025-09-03,2025-09-03,CM,BSE,STK,503685,INE828I01019,MEDIAONE,X,,,,,MEDIAONE GLOBAL ENTERTAINMENT,17.9,17.9,17.0,17.55,17.55,16.78,,17.55,,,2212,38585.0,40,F1,1,,,,,
2025-09-03,2025-09-03,CM,BSE,STK,503722,INE629D01020,BANSWRAS,B,,,,,BANSWARA SYNTEX LTD.,127.35,131.0,125.55,128.2,128.15,124.85,,128.45,,,416,53943.0,28,F1,1,,,,,
2025-09-03,2025-09-03,CM,BSE,STK,503776,INE170C01019,MODIPON,X,,,,,MODIPON LTD.,41.24,41.24,40.0,41.21,41.24,42.08,,41.21,,,227,9284.0,8,F1,1,,,,,
2025-09-03,2025-09-03,CM,BSE,STK,503804,INE204C01024,SHRIDINE,X,,,,,SHRI DINESH MILLS LTD.,286.05,288.95,280.0,286.2,283.5,284.6,,286.2,,,515,146899.0,53,F1,1,,,,,
2025-09-03,2025-09-03,CM,BSE,STK,503806,INE647A01010,SRF,A,,,,,SRF LTD.,2904.05,2952.0,2902.3,2946.9,2946.9,2903.15,,2949.0,,,4612,13507866.0,1100,F1,1,,,,,
2025-09-03,2025-09-03,CM,BSE,STK,503811,INE076B01028,SIYSIL,B,,,,,SIYARAM SILK MILLS LTD.,636.0,668.5,633.35,661.45,661.0,633.75,,660.55,,,4806,3120390.0,373,F1,1,,,,,
2025-09-03,2025-09-03,CM,BSE,STK,503816,INE243N01029,SWADPOL,XT,,,,,SWADESHI POLYTEX LTD.,69.0,71.85,67.35,69.2,70.0,69.21,,69.2,,,8897,626520.0,83,F1,1,,,,,
2025-09-03,2025-09-03,CM,BSE,STK,503837,INE796C01011,SHRAJSYNQ,XT,,,,,SHREE RAJASTHAN SYNTEX LTD.,17.49,17.57,17.49,17.57,17.57,17.84,,17.57,,,1365,23874.0,6,F1,1,,,,,
2025-09-03,2025-09-03,CM,BSE,STK,503863,INE632A01012,SHRMFGC,XT,,,,,SHREE MANUFACTURING CO.LTD.,18.05,18.05,18.05,18.05,18.05,19.0,,18.05,,,4,72.0,2,F1,1,,,,,
2025-09-03,2025-09-03,CM,BSE,STK,503960,INE464A01036,BBL,A,,,,,BHARAT BIJLEE LTD.,3045.95,3087.0,3016.95,3025.7,3035.4,3030.9,,3030.1,,,3915,11931344.0,669,F1,1,,,,,
2025-09-03,2025-09-03,CM,BSE,STK,504000,INE579B01039,ELPROINTL,B,,,,,ELPRO INTERNATIONAL LTD.,89.7,100.7,88.36,93.9,93.9,88.22,,93.9,,,470429,44964279.0,4593,F1,1,,,,,
2025-09-03,2025-09-03,CM,BSE,STK,504028,INE064H01021,GEE,X,,,,,GEE LTD.,191.9,195.8,181.2,182.6,182.6,187.3,,182.6,,,112230,21327267.0,618,F1,1,,,,,
2025-09-03,2025-09-03,CM,BSE,STK,504036,INE835D01023,HIRECT,B,,,,,HIND RECTIFIERS LTD.,1540.95,1629.1,1540.95,1629.1,1629.1,1551.55,,1631.0,,,6089,9726764.0,745,F1,1,,,,,
2025-09-03,2025-09-03,CM,BSE,STK,504058,INE567A01028,NIPPOBATRY,B,,,,,INDO-NATIONAL LTD.,485.0,490.95,470.0,489.35,490.0,478.1,,488.95,,,989,479023.0,144,F1,1,,,,,
2025-09-03,2025-09-03,CM,BSE,STK,504067,INE520A01027,ZENSARTECH,A,,,,,ZENSAR TECHNOLOGIES LTD.,787.65,787.65,770.05,779.1,779.1,793.8,,778.7,,,33967,26401239.0,3400,F1,1,,,,,
2025-09-03,2025-09-03,CM,BSE,STK,504076,INE511D01012,JYOTI,XT,,,,,JYOTI LTD.,100.0,101.9,96.25,99.0,99.6,100.6,,99.0,,,34131,3347791.0,224,F1,1,,,,,
2025-09-03,2025-09-03,CM,BSE,STK,504080,INE581L01018,JSLINDL,X,,,,,JSL INDUSTRIES LTD.,1200.0,1275.0,1180.0,1265.3,1265.0,1326.0,,1265.3,,,71,87382.0,21,F1,1,,,,,
2025-09-03,2025-09-03,CM,BSE,STK,504084,INE813G01023,KAYCEEI,X,,,,,KAYCEE INDUSTRIES LTD.,1310.0,1330.0,1245.5,1288.0,1288.0,1265.4,,1288.0,,,1687,2165835.0,232,F1,1,,,,,
2025-09-03,2025-09-03,CM,BSE,STK,504092,INE716F01012,INDOKEM,XT,,,,,INDOKEM LTD.,439.9,451.3,430.0,450.1,451.0,429.85,,450.1,,,25767,11524038.0,587,F1,1,,,,,
2025-09-03,2025-09-03,CM,BSE,STK,504093,INE795A01017,PANAENERG,X,,,,,PANASONIC ENERGY INDIA COMPANY,346.0,352.0,341.6,349.6,352.0,346.75,,349.6,,,1554,537781.0,113,F1,1,,,,,
2025-09-03,2025-09-03,CM,BSE,STK,504112,INE045B01015,NELCO,B,,,,,NELCO LTD.,826.0,833.35,819.1,828.05,831.4,824.55,,827.35,,,4124,3415637.0,518,F1,1,,,,,
2025-09-03,2025-09-03,CM,BSE,STK,504132,INE418E01018,PERMAGN,X,,,,,PERMANENT MAGNETS LTD.,1029.1,1045.0,980.0,998.55,998.55,1029.15,,998.55,,,20733,20716631.0,1210,F1,1,,,,,
2025-09-03,2025-09-03,CM,BSE,STK,504176,INE783E01023,HIGHENE,X,,,,,HIGH ENERGY BATTERIES (INDIA),651.0,673.0,651.0,668.3,670.0,661.45,,668.3,,,7927,5257256.0,256,F1,1,,,,,
2025-09-03,2025-09-03,CM,BSE,STK,504180,INE502C01039,STDBAT,X,,,,,STANDARD BATTERIES LTD.,60.8,63.44,60.0,62.39,62.85,60.8,,62.39,,,4599,286294.0,94,F1,1,,,,,
2025-09-03,2025-09-03,CM,BSE,STK,504212,INE279A01012,UNIVCABLES,B,,,,,UNIVERSAL CABLES LTD.,732.0,741.05,717.9,722.9,721.4,724.85,,721.95,,,1434,1045158.0,165,F1,1,,,,,
2025-09-03,2025-09-03,CM,BSE,STK,504220,INE100D01014,WSI,B,,,,,W.S.INDUSTRIES (INDIA) LTD.,77.45,77.48,75.77,76.17,76.86,76.96,,76.01,,,6714,512978.0,82,F1,1,,,,,
2025-09-03,2025-09-03,CM,BSE,STK,504240,INE872E01016,DLTNCBL,X,,,,,DELTON CABLES LTD.,738.5,760.0,703.8,709.5,709.5,734.85,,709.5,,,5644,4070857.0,311,F1,1,,,,,
2025-09-03,2025-09-03,CM,BSE,STK,504258,INE284C01018,LAKSELEC,XT,,,,,LAKSHMI ELECTRICAL CONTROL SYS,998.5,998.5,976.1,981.4,995.0,990.5,,981.4,,,157,154112.0,22,F1,1,,,,,
2025-09-03,2025-09-03,CM,BSE,STK,504273,INE064R01012,MODULEX,Z,,,,,MODULEX CONSTRUCTION TECHNOLOG,21.1,21.1,20.05,20.17,20.17,20.32,,20.17,,,36806,745185.0,54,F1,1,,,,,
2025-09-03,2025-09-03,CM,BSE,STK,504286,INE393A01011,DELTAMAGNT,T,,,,,DELTA MANUFACTURING LIMITED,92.0,93.7,87.01,87.4,90.9,89.92,,86.63,,,884,80321.0,23,F1,1,,,,,
2025-09-03,2025-09-03,CM,BSE,STK,504340,INE180M01033,LONGSPUR,X,,,,,Longspur International Venture,7.91,7.91,7.91,7.91,7.91,7.76,,7.91,,,14338,113413.0,14,F1,1,,,,,
2025-09-03,2025-09-03,CM,BSE,STK,504341,INE206N01018,RELTD,T,,,,,RAVINDRA ENERGY LIMITED,141.2,145.0,141.0,144.15,144.0,144.6,,144.05,,,11268,1604220.0,112,F1,1,,,,,
2025-09-03,2025-09-03,CM,BSE,STK,504346,INE713N01013,RRP,XT,,,,,RRP SEMICONDUCTOR LIMITED,4931.3,4931.3,4931.3,4931.3,4931.3,4834.65,,4931.3,,,6,29587.0,2,F1,1,,,,,
2025-09-03,2025-09-03,CM,BSE,STK,504351,INE507F01023,EMPOWER,X,,,,,EMPOWER INDIA LTD.,1.28,1.28,1.23,1.24,1.24,1.27,,1.24,,,3022745,3767693.0,2140,F1,1,,,,,
2025-09-03,2025-09-03,CM,BSE,STK,504369,INE927M01029,GRANDMA,X,,,,,GRANDMA TRADING & AGENCIES LTD,0.49,0.49,0.49,0.49,0.49,0.49,,0.49,,,26760,13112.0,38,F1,1,,,,,
2025-09-03,2025-09-03,CM,BSE,STK,504378,INE812K01027,NYSSACORP,X,,,,,NYSSA CORPORATION LIMITED,3.93,4.22,3.89,4.09,4.1,3.84,,4.09,,,227238,925851.0,336,F1,1,,,,,
2025-09-03,2025-09-03,CM,BSE,STK,504380,INE952M01019,FLOMIC,X,,,,,FLOMIC GLOBAL LOGISTICS LIMITE,63.9,63.9,60.5,60.9,60.9,60.5,,60.9,,,2278,140564.0,27,F1,1,,,,,
2025-09-03,2025-09-03,CM,BSE,STK,504392,INE537L01010,KRISHNA,XT,,,,,KRISHNA VENTURES LIMITED,21.5,21.5,19.5,20.84,20.93,20.5,,20.84,,,14990,304194.0,55,F1,1,,,,,
2025-09-03,2025-09-03,CM,BSE,STK,504605,INE361D01012,UNIABEXAL,X,,,,,UNI ABEX ALLOY PRODUCTS LTD.,3249.0,3280.0,3142.65,3227.6,3250.0,3192.05,,3227.6,,,865,2782113.0,125,F1,1,,,,,
2025-09-03,2025-09-03,CM,BSE,STK,504614,INE385C01021,SARDAEN,A,,,,,SARDA ENERGY & MINERALS LTD.,577.0,593.9,573.35,587.1,587.1,577.0,,586.6,,,72549,42506133.0,1921,F1,1,,,,,
2025-09-03,2025-09-03,CM,BSE,STK,504646,INE106G01014,BGWTATO,X,,,,,BHAGWATI AUTOCAST LTD.,383.8,383.8,365.0,370.15,370.15,358.2,,370.15,,,286,105919.0,30,F1,1,,,,,
2025-09-03,2025-09-03,CM,BSE,STK,504648,INE089T01023,BOMBWIR,X,,,,,BOMBAY WIRE ROPES LTD.,57.09,57.09,54.0,54.93,55.0,55.97,,54.93,,,338,18402.0,17,F1,1,,,,,
2025-09-03,2025-09-03,CM,BSE,STK,504731,INE566M01017,AZADIND,X,,,,,AZAD INDIA MOBILITY LIMITED,133.95,134.1,131.1,131.55,132.0,132.0,,131.55,,,11860,1584675.0,86,F1,1,,,,,
2025-09-03,2025-09-03,CM,BSE,STK,504741,INE323C01030,INDIANHUME,B,,,,,INDIAN HUME PIPE CO.LTD.,388.9,405.0,387.55,404.55,405.0,387.8,,403.0,,,4565,1823175.0,367,F1,1,,,,,
2025-09-03,2025-09-03,CM,BSE,STK,504746,INE359D01024,INLCM,XT,,,,,INDIAN LINK CHAIN MANUFACTURES,1339.75,1339.75,1290.0,1290.0,1290.0,1313.5,,1290.0,,,4507,5928803.0,33,F1,1,,,,,
2025-09-03,2025-09-03,CM,BSE,STK,504786,INE155E01016,INVPRECQ,X,,,,,INVESTMENT & PRECISION CASTING,453.95,465.95,444.0,455.0,465.95,453.95,,455.0,,,6327,2876524.0,101,F1,1,,,,,
2025-09-03,2025-09-03,CM,BSE,STK,504810,INE123E01014,INFORTEC,X,,,,,INFORMED TECHNOLOGIES INDIA LT,79.97,79.97,66.99,72.64,73.7,69.77,,72.64,,,849,62822.0,21,F1,1,,,,,
2025-09-03,2025-09-03,CM,BSE,STK,504840,INE375D01012,KAIRA,X,,,,,KAIRA CAN CO.LTD.,1716.9,1716.95,1641.05,1650.0,1650.0,1716.95,,1650.0,,,22,36719.0,10,F1,1,,,,,
2025-09-03,2025-09-03,CM,BSE,STK,504879,INE569C01020,ORIENTCER,B,,,,,ORIENT CERATECH LIMITED,36.64,41.0,36.51,39.58,39.6,37.0,,39.57,,,23078,908055.0,634,F1,1,,,,,
2025-09-03,2025-09-03,CM,BSE,STK,504882,INE166R01015,NATIONSTD,B,,,,,NATIONAL STANDARD (INDIA) LTD.,1869.6,1929.0,1794.1,1834.5,1822.2,1832.9,,1834.5,,,256,472720.0,74,F1,1,,,,,
2025-09-03,2025-09-03,CM,BSE,STK,504903,INE336C01016,RATHIST,X,,,,,RATHI STEEL & POWER LTD.,25.94,26.2,24.26,25.88,25.88,25.38,,25.88,,,47257,1210138.0,288,F1,1,,,,,
2025-09-03,2025-09-03,CM,BSE,STK,504908,INE340F01011,DUNCANENG,X,,,,,Duncan Engineering Limited,435.0,441.0,412.6,441.0,441.0,439.2,,441.0,,,357,151304.0,35,F1,1,,,,,
2025-09-03,2025-09-03,CM,BSE,STK,504918,INE149K01016,SANDUMA,B,,,,,SANDUR MANGANESE & IRON ORES L,461.95,469.95,456.8,467.8,466.85,453.85,,467.6,,,17620,8195504.0,898,F1,1,,,,,
2025-09-03,2025-09-03,CM,BSE,STK,504959,INE755D01015,STOVACQ,X,,,,,STOVEC INDUSTRIES LTD.,2340.05,2349.0,2325.9,2338.6,2333.3,2340.0,,2338.6,,,71,165769.0,13,F1,1,,,,,
2025-09-03,2025-09-03,CM,BSE,STK,504973,INE149A01033,CHOLAHLDNG,A,,,,,CHOLAMANDALAM FINANCIAL HOLDIN,1779.0,1780.7,1742.0,1747.15,1749.0,1758.7,,1748.2,,,2636,4629675.0,644,F1,1,,,,,
2025-09-03,2025-09-03,CM,BSE,STK,504988,INE380G01015,ZWELCAST,X,,,,,WELCAST STEELS LTD.,1069.0,1070.0,1010.3,1051.0,1051.0,1053.0,,1051.0,,,129,134396.0,38,F1,1,,,,,
2025-09-03,2025-09-03,CM,BSE,STK,505010,INE449A01011,AUTOAXLES,B,,,,,AUTOMOTIVE AXLES LTD.,1772.4,1789.95,1740.0,1761.0,1762.0,1771.05,,1759.2,,,680,1193333.0,188,F1,1,,,,,
2025-09-03,2025-09-03,CM,BSE,STK,505029,INE446A01025,ATLASCYCLE,T,,,,,ATLAS CYCLES (HARYANA) LTD.,133.1,133.1,127.8,131.15,130.0,129.4,,129.25,,,964,123883.0,37,F1,1,,,,,
2025-09-03,2025-09-03,CM,BSE,STK,505036,INE451C01013,ACGL,B,,,,,AUTOMOBILE CORPORATION OF GOA,2013.0,2074.0,1976.05,2045.1,2045.1,1960.2,,2045.1,,,2018,4113335.0,235,F1,1,,,,,
2025-09-03,2025-09-03,CM,BSE,STK,505075,INE878E01021,SETCO,B,,,,,SETCO AUTOMOTIVE LTD.,16.09,16.09,15.09,15.84,15.67,15.33,,15.52,,,4358,66834.0,83,F1,1,,,,,
2025-09-03,2025-09-03,CM,BSE,STK,505160,INE187D01029,TALBROAUTO,B,,,,,TALBROS AUTOMOTIVE COMPONENTS,268.0,274.05,265.6,268.7,271.0,265.05,,269.0,,,8058,2173305.0,396,F1,1,,,,,
2025-09-03,2025-09-03,CM,BSE,STK,505163,INE116C01012,ZFSTEERING,B,,,,,Z.F.STEERING GEAR (INDIA) LTD.,1063.05,1071.95,1039.95,1058.25,1071.0,1068.85,,1058.25,,,2314,2430953.0,177,F1,1,,,,,
2025-09-03,2025-09-03,CM,BSE,STK,505192,INE294B01019,SMLISUZU,B,,,,,SML ISUZU LIMITED,3950.0,4050.0,3915.0,3941.6,3953.9,3937.55,,3946.0,,,11608,46239160.0,1988,F1,1,,,,,
2025-09-03,2025-09-03,CM,BSE,STK,505196,INE806C01018,TIL,T,,,,,TIL LTD.,280.0,282.5,273.05,279.05,279.95,280.15,,279.05,,,3243,892948.0,30,F1,1,,,,,
2025-09-03,2025-09-03,CM,BSE,STK,505200,INE066A01021,EICHERMOT,A,,,,,EICHER MOTORS LTD.,6320.8,6378.85,6310.0,6364.25,6347.95,6347.65,,6370.5,,,22809,145032116.0,1049,F1,1,,,,,
2025-09-03,2025-09-03,CM,BSE,STK,505212,INE280F01019,JAINEX,X,,,,,JAINEX AAMCOL LTD.,190.4,190.4,189.45,190.4,190.4,189.5,,190.4,,,285,54251.0,3,F1,1,,,,,
2025-09-03,2025-09-03,CM,BSE,STK,505216,INE782D01027,ALFREDHE,XT,,,,,ALFRED HERBERT (INDIA) LTD.,3497.95,3523.8,3350.0,3508.1,3523.8,3356.0,,3508.1,,,566,1984231.0,46,F1,1,,,,,
2025-09-03,2025-09-03,CM,BSE,STK,505232,INE232E01013,VELJAN,X,,,,,VELJAN DENISON LIMITED,1270.0,1270.0,1232.2,1235.25,1258.9,1243.45,,1235.25,,,652,815290.0,64,F1,1,,,,,
2025-09-03,2025-09-03,CM,BSE,STK,505242,INE221B01012,DYNAMATECH,B,,,,,DYNAMATIC TECHNOLOGIES LTD.,6640.0,6710.0,6576.0,6694.35,6686.65,6605.15,,6699.5,,,478,3187974.0,129,F1,1,,,,,
2025-09-03,2025-09-03,CM,BSE,STK,505250,INE631D01026,GGDPROP,X,,,,,G. G. Dandekar Properties Limi,88.0,88.0,81.1,86.25,86.25,84.0,,86.25,,,460,37463.0,8,F1,1,,,,,
2025-09-03,2025-09-03,CM,BSE,STK,505255,INE541A01023,GMMPFAUDLR,A,,,,,GMM PFAUDLER LTD.,1187.75,1187.75,1166.0,1168.65,1168.65,1185.05,,1169.5,,,2691,3158867.0,391,F1,1,,,,,
2025-09-03,2025-09-03,CM,BSE,STK,505283,INE811A01020,KIRLPNU,A,,,,,KIRLOSKAR PNEUMATIC CO.LTD.,1281.6,1303.0,1267.2,1300.85,1298.3,1283.85,,1300.6,,,2670,3428317.0,396,F1,1,,,,,
2025-09-03,2025-09-03,CM,BSE,STK,505285,INE637D01015,TULIVE,XT,,,,,TULIVE DEVELOPERS LIMITED,931.0,931.0,931.0,931.0,931.0,950.0,,931.0,,,2,1862.0,1,F1,1,,,,,
2025-09-03,2025-09-03,CM,BSE,STK,505299,INE731D01024,KPT,XT,,,,,KPT INDUSTRIES LIMITED,716.0,725.0,708.0,716.2,720.0,716.0,,716.2,,,1241,895544.0,57,F1,1,,,,,
2025-09-03,2025-09-03,CM,BSE,STK,505302,INE718M01022,LAKSHMIEW,X,,,,,LAKSHMI ENGINEERING AND WAREHO,2425.0,2425.0,2370.2,2386.75,2370.2,2425.0,,2386.75,,,14,33480.0,5,F1,1,,,,,
2025-09-03,2025-09-03,CM,BSE,STK,505324,INE867A01022,MANUGRAPH,T,,,,,MANUGRAPH INDIA LTD.,23.45,23.45,22.57,22.98,22.98,23.03,,22.98,,,3055,70312.0,14,F1,1,,,,,
2025-09-03,2025-09-03,CM,BSE,STK,505336,INE098E01026,HARSHILAGR,X,,,,,HARSHIL AGROTECH LIMITED,1.58,1.58,1.57,1.58,1.58,1.51,,1.58,,,29130505,46011342.0,6383,F1,1,,,,,
2025-09-03,2025-09-03,CM,BSE,STK,505343,INE811D01024,MONOT,X,,,,,MONOTYPE INDIA LTD.,0.6,0.61,0.59,0.6,0.6,0.59,,0.6,,,3128796,1868576.0,1401,F1,1,,,,,
2025-09-03,2025-09-03,CM,BSE,STK,505355,INE317F01035,NESCO,B,,,,,NESCO LTD.,1439.35,1452.85,1408.05,1448.3,1448.3,1415.85,,1447.5,,,4355,6261217.0,650,F1,1,,,,,
2025-09-03,2025-09-03,CM,BSE,STK,505358,INE984B01023,INTEGRAEN,X,,,,,INTEGRA ENGINEERING INDIA LTD.,233.95,237.9,228.6,234.55,234.55,231.75,,234.55,,,13443,3136924.0,243,F1,1,,,,,
2025-09-03,2025-09-03,CM,BSE,STK,505368,INE617A01013,SEMAC,T,,,,,Semac Construction Limited,531.1,531.1,531.1,531.1,531.1,530.0,,531.65,,,31,16464.0,2,F1,1,,,,,
2025-09-03,2025-09-03,CM,BSE,STK,505400,INE435C01024,TEXINFRA,B,,,,,TEXMACO INFRASTRUCTURE & HOLDI,96.17,96.17,95.0,95.3,95.0,95.62,,95.13,,,4880,466069.0,210,F1,1,,,,,
2025-09-03,2025-09-03,CM,BSE,STK,505412,INE274C01019,WENDT,B,,,,,WENDT (INDIA) LTD.,9929.55,10299.95,9883.05,10268.45,10299.95,9892.15,,10265.0,,,1965,19988247.0,574,F1,1,,,,,
2025-09-03,2025-09-03,CM,BSE,STK,505502,INE953M01033,PSITINFRA,X,,,,,PS IT INFRASTRUCTURE & SERVICE,1.62,1.62,1.62,1.62,1.62,1.59,,1.62,,,1997,3235.0,2,F1,1,,,,,
2025-09-03,2025-09-03,CM,BSE,STK,505504,INE809Q01012,GHVINFRA,XT,,,,,GHV INFRA PROJECTS LIMITED,1350.5,1460.0,1350.5,1368.1,1368.1,1421.55,,1368.1,,,10663,14561163.0,585,F1,1,,,,,
2025-09-03,2025-09-03,CM,BSE,STK,505509,INE688D01026,RESPONIND,B,,,,,RESPONSIVE INDUSTRIES LTD.,197.0,197.95,192.75,194.85,194.85,195.75,,194.39,,,798,155278.0,31,F1,1,,,,,
2025-09-03,2025-09-03,CM,BSE,STK,505515,INE203N01015,SHYMINV,X,,,,,SHYAMKAMAL INVESTMENTS LTD.,12.62,12.98,12.62,12.89,12.89,12.61,,12.89,,,385,4966.0,13,F1,1,,,,,
2025-09-03,2025-09-03,CM,BSE,STK,505523,INE272E01027,MAHACORP,X,,,,,MAHARASHTRA CORPORATION LTD.,0.44,0.45,0.43,0.44,0.44,0.44,,0.44,,,1377229,605726.0,532,F1,1,,,,,
2025-09-03,2025-09-03,CM,BSE,STK,505526,INE966A01022,DOLATALGO,B,,,,,DOLAT ALGOTECH LIMITED,80.07,84.22,80.07,83.15,82.56,81.29,,83.04,,,31996,2657222.0,601,F1,1,,,,,
2025-09-03,2025-09-03,CM,BSE,STK,505533,INE274F01020,WESTLIFE,A,,,,,WESTLIFE FOODWORLD LIMITED,739.0,749.55,732.5,740.8,732.5,740.05,,739.1,,,1173,867805.0,114,F1,1,,,,,
2025-09-03,2025-09-03,CM,BSE,STK,505537,INE256A01028,ZEEL,A,,,,,ZEE ENTERTAINMENT ENTERPRISES,115.9,117.25,115.45,116.2,116.2,115.3,,116.28,,,178190,20730784.0,1609,F1,1,,,,,
2025-09-03,2025-09-03,CM,BSE,STK,505590,INE308E01029,SVPGLOB,B,,,,,SVP GLOBAL TEXTILES LIMITED,3.8,3.93,3.62,3.93,3.93,3.73,,3.79,,,9995,37469.0,66,F1,1,,,,,
2025-09-03,2025-09-03,CM,BSE,STK,505650,INE178E01026,SKYLMILAR,XT,,,,,SKYLINE MILLARS LTD.,25.23,25.23,25.23,25.23,25.23,24.74,,25.23,,,4777,120523.0,13,F1,1,,,,,
2025-09-03,2025-09-03,CM,BSE,STK,505681,INE469A01019,BIMETAL,X,,,,,BIMETAL BEARINGS LTD.,640.15,658.0,640.05,650.0,650.0,650.9,,650.0,,,121,78460.0,16,F1,1,,,,,
2025-09-03,2025-09-03,CM,BSE,STK,505688,INE561C01019,BHARATGEAR,B,,,,,BHARAT GEARS LTD.,95.99,96.0,91.28,91.58,91.29,92.74,,91.5,,,4998,464291.0,172,F1,1,,,,,
2025-09-03,2025-09-03,CM,BSE,STK,505690,INE856A01017,BRADYM,XT,,,,,BRADY & MORRIS ENGINEERING CO.,1267.65,1269.3,1255.0,1257.05,1260.0,1267.65,,1257.05,,,143,180120.0,21,F1,1,,,,,
2025-09-03,2025-09-03,CM,BSE,STK,505693,INE501N01020,LATIMMETAL,X,,,,,La Tim Metal & Industries Limi,10.24,11.83,10.19,11.83,11.83,9.86,,11.83,,,878762,10096446.0,898,F1,1,,,,,
2025-09-03,2025-09-03,CM,BSE,STK,505700,INE205B01031,ELECON,A,,,,,ELECON ENGINEERING CO.LTD.,555.05,572.35,555.05,562.8,563.4,559.0,,562.8,,,19583,11082285.0,1243,F1,1,,,,,
2025-09-03,2025-09-03,CM,BSE,STK,505710,INE266D01021,GRAUWEIL,B,,,,,GRAUER & WEIL (INDIA) LTD.,92.3,95.4,90.5,94.65,94.65,91.76,,94.65,,,202910,18995886.0,1030,F1,1,,,,,
2025-09-03,2025-09-03,CM,BSE,STK,505712,INE705G01021,HIMTEK,X,,,,,HIM TEKNOFORGE LIMITED,200.1,201.8,195.35,197.6,197.6,201.65,,197.6,,,20065,3961255.0,164,F1,1,,,,,
2025-09-03,2025-09-03,CM,BSE,STK,505714,INE524A01029,GABRIEL,A,,,,,GABRIEL INDIA LTD.,1260.25,1262.0,1216.0,1224.8,1224.8,1264.4,,1223.0,,,26084,32237833.0,2339,F1,1,,,,,
2025-09-03,2025-09-03,CM,BSE,STK,505720,INE688E01024,HERCULES,T,,,,,HERCULES HOISTS LTD.,167.9,167.9,163.0,164.7,164.7,163.55,,164.16,,,207,34373.0,12,F1,1,,,,,
2025-09-03,2025-09-03,CM,BSE,STK,505725,INE598D01035,ALGOQUANT,X,,,,,ALGOQUANT FINTECH LIMITED,70.1,70.88,67.0,68.31,68.31,69.75,,68.31,,,217410,15084035.0,1138,F1,1,,,,,
2025-09-03,2025-09-03,CM,BSE,STK,505726,INE559A01017,IFBIND,B,,,,,IFB INDUSTRIES LTD.,1536.55,1582.2,1530.6,1556.9,1558.0,1545.55,,1556.8,,,4439,6924677.0,447,F1,1,,,,,
2025-09-03,2025-09-03,CM,BSE,STK,505729,INE638A01035,SINGER,X,,,,,SINGER INDIA LTD.,76.89,78.29,74.31,77.85,77.85,76.31,,77.85,,,57437,4422835.0,377,F1,1,,,,,
2025-09-03,2025-09-03,CM,BSE,STK,505737,INE403C01014,INTLCOMBQ,X,,,,,INTERNATIONAL COMBUSTION (INDI,723.8,818.8,723.8,797.3,797.3,719.25,,797.3,,,10193,8029150.0,523,F1,1,,,,,
2025-09-03,2025-09-03,CM,BSE,STK,505744,INE529A01010,FMGOETZE,B,,,,,FEDERAL-MOGUL GOETZE (INDIA) L,551.35,560.15,549.8,559.8,559.55,546.15,,559.9,,,2326,1290680.0,137,F1,1,,,,,
2025-09-03,2025-09-03,CM,BSE,STK,505750,INE636D01041,JOSTS,X,,,,,JOSTS ENGINEERING CO.LTD.,344.95,356.9,317.0,322.8,322.8,340.75,,322.8,,,116523,38946862.0,1181,F1,1,,,,,
2025-09-03,2025-09-03,CM,BSE,STK,505790,INE513A01022,SCHAEFFLER,A,,,,,Schaeffler India Limited,3851.05,3886.1,3844.85,3855.8,3855.8,3860.15,,3858.7,,,593,2289439.0,202,F1,1,,,,,
2025-09-03,2025-09-03,CM,BSE,STK,505800,INE384A01010,RANEHOLDIN,B,,,,,RANE HOLDINGS LTD.,1564.95,1614.0,1500.25,1515.35,1519.75,1512.85,,1511.1,,,1753,2738160.0,127,F1,1,,,,,
2025-09-03,2025-09-03,CM,BSE,STK,505827,INE568F01017,SNL,X,,,,,SNL BEARINGS LTD.,408.0,413.3,403.3,409.1,409.1,405.25,,409.1,,,3276,1337696.0,150,F1,1,,,,,
2025-09-03,2025-09-03,CM,BSE,STK,505840,INE058D01030,JAIPAN,X,,,,,JAIPAN INDUSTRIES LTD.,32.0,32.0,31.01,31.99,31.99,32.0,,31.99,,,5310,168686.0,47,F1,1,,,,,
2025-09-03,2025-09-03,CM,BSE,STK,505850,INE545L01039,MANCREDIT,B,,,,,MANGAL CREDIT AND FINCORP LTD.,184.1,184.7,183.25,184.4,184.4,183.15,,184.86,,,5797,1065788.0,48,F1,1,,,,,
2025-09-03,2025-09-03,CM,BSE,STK,505854,INE391D01019,TRF,B,,,,,TRF LTD.,323.35,328.0,320.1,321.15,321.5,319.45,,322.15,,,474,153669.0,41,F1,1,,,,,
2025-09-03,2025-09-03,CM,BSE,STK,505872,INE765D01022,WPIL,B,,,,,WPIL LTD.,423.45,435.95,421.15,432.7,433.25,420.7,,432.7,,,31003,13276171.0,2406,F1,1,,,,,
2025-09-03,2025-09-03,CM,BSE,STK,505890,INE717A01029,KENNAMET,B,,,,,KENNAMETAL INDIA LTD.,2216.05,2226.0,2180.0,2197.8,2200.0,2218.1,,2197.8,,,2276,5033596.0,185,F1,1,,,,,
2025-09-03,2025-09-03,CM,BSE,STK,505893,INE724D01011,HINDHARD,XT,,,,,HINDUSTAN HARDY LIMITED,1220.0,1225.0,1200.0,1218.0,1217.95,1214.95,,1218.0,,,1137,1384134.0,87,F1,1,,,,,
2025-09-03,2025-09-03,CM,BSE,STK,505978,INE440G01017,TRITONV,X,,,,,TRITON VALVES LTD.,2670.0,2700.0,2640.0,2693.5,2693.5,2693.3,,2693.5,,,1058,2844534.0,77,F1,1,,,,,
2025-09-03,2025-09-03,CM,BSE,STK,506003,INE618D01015,SUDAI,XT,,,,,SUDAL INDUSTRIES LTD.,92.16,100.0,92.16,98.26,100.0,95.9,,98.26,,,9978,962584.0,69,F1,1,,,,,
2025-09-03,2025-09-03,CM,BSE,STK,506022,INE603A01013,PRAKASH,A,,,,,PRAKASH INDUSTRIES LTD.,158.05,167.5,158.05,165.1,166.55,161.7,,164.32,,,187528,30864245.0,1513,F1,1,,,,,
2025-09-03,2025-09-03,CM,BSE,STK,506074,INE968D01022,ARSHIYA,Z,,,,,ARSHIYA LIMITED,2.41,2.41,2.41,2.41,2.41,2.53,,2.1,,,16076,38743.0,23,F1,1,,,,,
2025-09-03,2025-09-03,CM,BSE,STK,506076,INE536A01023,GRINDWELL,A,,,,,GRINDWELL NORTON LTD.,1618.75,1618.75,1581.5,1596.3,1597.0,1602.75,,1594.4,,,1213,1934838.0,191,F1,1,,,,,
2025-09-03,2025-09-03,CM,BSE,STK,506105,INE441L01015,STANROS,X,,,,,STANROSE MAFATLAL INVESTMENTS,69.0,76.8,69.0,74.99,74.99,69.0,,74.99,,,103,7132.0,8,F1,1,,,,,
2025-09-03,2025-09-03,CM,BSE,STK,506109,INE727B01026,GENESYS,B,,,,,GENESYS INTERNATIONAL CORPORAT,640.05,642.0,618.0,619.65,622.0,634.0,,620.1,,,22238,14066561.0,1488,F1,1,,,,,
2025-09-03,2025-09-03,CM,BSE,STK,506122,INE820M01018,VOLKAI,X,,,,,Kairosoft AI Solutions Limited,101.45,101.45,101.45,101.45,101.45,106.75,,101.45,,,5023,509583.0,71,F1,1,,,,,
2025-09-03,2025-09-03,CM,BSE,STK,506128,INE383L01019,PARNAXLAB,X,,,,,PARNAX LAB LTD.,131.05,133.0,130.0,130.15,130.15,131.05,,130.15,,,2873,376264.0,44,F1,1,,,,,
2025-09-03,2025-09-03,CM,BSE,STK,506134,INE512D01028,GOURMET,X,,,,,GOURMET GATEWAY INDIA LIMITED,14.11,14.75,13.75,13.96,14.24,14.44,,13.96,,,17077,242504.0,71,F1,1,,,,,
2025-09-03,2025-09-03,CM,BSE,STK,506146,INE370E01029,VIVIDHA,B,,,,,VISAGAR POLYTEX LTD.,0.81,0.81,0.74,0.78,0.78,0.8,,0.78,,,182106,140309.0,120,F1,1,,,,,
2025-09-03,2025-09-03,CM,BSE,STK,506180,INE668L01013,EMERGENT,XT,,,,,EMERGENT INDUSTRIAL SOLUTIONS,623.75,623.75,564.35,623.0,623.0,594.05,,623.0,,,281,164321.0,36,F1,1,,,,,
2025-09-03,2025-09-03,CM,BSE,STK,506184,INE879E01037,KANANIIND,B,,,,,KANANI INDUSTRIES LTD.,2.0,2.06,1.97,2.04,2.06,2.0,,2.04,,,78162,157040.0,81,F1,1,,,,,
2025-09-03,2025-09-03,CM,BSE,STK,506186,INE403B01016,GCKL,XT,,,,,GALAXY CLOUD KITCHENS LIMITED,29.71,29.71,29.71,29.71,29.71,29.13,,29.71,,,113533,3373065.0,51,F1,1,,,,,
2025-09-03,2025-09-03,CM,BSE,STK,506194,INE643K01018,ARIHANTSUP,B,,,,,ARIHANT SUPERSTRUCTURES LIMITE,393.0,398.3,387.15,396.25,396.25,396.0,,395.65,,,296,116232.0,24,F1,1,,,,,
2025-09-03,2025-09-03,CM,BSE,STK,506197,INE416D01022,BLISSGVS,B,,,,,BLISS GVS PHARMA LTD.,158.2,159.55,157.2,158.65,159.35,159.4,,158.66,,,25785,4083593.0,581,F1,1,,,,,
2025-09-03,2025-09-03,CM,BSE,STK,506222,INE189B01011,STYRENIX,A,,,,,Styrenix Performance Materials,2635.0,2702.0,2635.0,2665.95,2640.8,2634.4,,2666.0,,,685,1829383.0,161,F1,1,,,,,
2025-09-03,2025-09-03,CM,BSE,STK,506235,INE426A01027,ALEMBICLTD,B,,,,,ALEMBIC LTD.,104.05,106.5,103.55,106.15,105.45,103.7,,106.15,,,17285,1817850.0,336,F1,1,,,,,
2025-09-03,2025-09-03,CM,BSE,STK,506248,INE275D01022,AMNPLST,B,,,,,AMINES & PLASTICIZERS LTD.,222.0,224.6,221.8,222.3,222.2,215.55,,222.71,,,963,214805.0,40,F1,1,,,,,
2025-09-03,2025-09-03,CM,BSE,STK,506260,INE489G01022,ANUHPHR,B,,,,,ANUH PHARMA LTD.,87.1,87.8,86.22,86.37,86.6,86.24,,86.49,,,4826,418334.0,118,F1,1,,,,,
2025-09-03,2025-09-03,CM,BSE,STK,506261,INE737D01021,MODISONLTD,B,,,,,MODISON LIMITED,163.1,164.25,161.5,163.25,164.0,164.4,,162.74,,,4118,672061.0,180,F1,1,,,,,
2025-09-03,2025-09-03,CM,BSE,STK,506285,INE462A01022,BAYERCROP,A,,,,,BAYER CROPSCIENCE LTD.,5194.05,5224.7,5153.15,5176.45,5179.15,5190.65,,5176.0,,,2940,15237027.0,680,F1,1,,,,,
2025-09-03,2025-09-03,CM,BSE,STK,506365,INE320M01019,CHEMOPH,X,,,,,CHEMO PHARMA LABORATORIES LTD.,127.9,127.9,118.0,125.8,125.8,123.4,,125.8,,,391,47868.0,17,F1,1,,,,,
2025-09-03,2025-09-03,CM,BSE,STK,506390,INE492A01029,HEUBACHIND,B,,,,,Heubach Colorants India Limite,594.0,596.5,593.0,593.6,593.6,594.1,,594.25,,,1335,794017.0,84,F1,1,,,,,
2025-09-03,2025-09-03,CM,BSE,STK,506395,INE169A01031,COROMANDEL,A,,,,,COROMANDEL INTERNATIONAL LTD.,2335.7,2403.0,2308.85,2354.3,2337.8,2307.65,,2354.7,,,18478,43742419.0,1847,F1,1,,,,,
2025-09-03,2025-09-03,CM,BSE,STK,506401,INE288B01029,DEEPAKNTR,A,,,,,DEEPAK NITRITE LTD.,1767.25,1776.15,1746.5,1763.2,1763.2,1759.75,,1762.3,,,18319,32214338.0,3289,F1,1,,,,,
2025-09-03,2025-09-03,CM,BSE,STK,506405,INE505A01010,DMCC,B,,,,,DMCC SPECIALITY CHEMICALS LIMI,313.55,324.0,313.55,322.45,324.0,314.25,,322.15,,,4481,1429253.0,211,F1,1,,,,,
2025-09-03,2025-09-03,CM,BSE,STK,506414,INE225B01021,FERMENTA,XT,,,,,FERMENTA BIOTECH LIMITED,322.5,333.4,322.5,327.75,329.95,328.45,,327.75,,,24099,7933280.0,194,F1,1,,,,,
2025-09-03,2025-09-03,CM,BSE,STK,506480,INE077F01035,GOCLCORP,B,,,,,GOCL Corporation Limited,358.95,366.2,358.95,364.1,362.5,359.85,,364.1,,,8587,3106238.0,362,F1,1,,,,,
2025-09-03,2025-09-03,CM,BSE,STK,506520,INE693E01016,JAYCH,X,,,,,JAYSHREE CHEMICALS LTD.,7.45,7.49,7.2,7.26,7.21,7.21,,7.26,,,16517,120167.0,62,F1,1,,,,,
2025-09-03,2025-09-03,CM,BSE,STK,506525,INE138C01024,KANORICHEM,B,,,,,KANORIA CHEMICALS & INDUSTRIES,84.25,85.28,83.01,83.79,83.79,83.01,,84.24,,,1311,110643.0,36,F1,1,,,,,
2025-09-03,2025-09-03,CM,BSE,STK,506528,INE881E01017,KELENRG,XT,,,,,KELTECH ENERGIES LTD.,4300.0,4346.95,4206.0,4272.75,4238.0,4248.7,,4272.75,,,803,3438910.0,100,F1,1,,,,,
2025-09-03,2025-09-03,CM,BSE,STK,506532,INE265B01019,NITTAGELA,X,,,,,NITTA GELATIN INDIA LTD.,816.0,840.0,816.0,834.4,839.0,827.15,,834.4,,,1680,1404600.0,112,F1,1,,,,,
2025-09-03,2025-09-03,CM,BSE,STK,506543,INE468C01017,MPAGI,X,,,,,M.P.AGRO INDUSTRIES LTD.,9.0,9.0,9.0,9.0,9.0,9.0,,9.0,,,110,990.0,5,F1,1,,,,,
2025-09-03,2025-09-03,CM,BSE,STK,506579,INE321D01016,AGVENTURES,T,,,,,AG VENTURES LIMITED,170.65,172.0,168.0,170.35,170.65,170.3,,170.35,,,5022,854678.0,211,F1,1,,,,,
2025-09-03,2025-09-03,CM,BSE,STK,506590,INE602A01031,PCBL,A,,,,,PCBL Chemical Limited,381.35,384.9,375.65,384.05,384.6,378.9,,384.05,,,17242,6568998.0,1074,F1,1,,,,,
2025-09-03,2025-09-03,CM,BSE,STK,506597,INE841D01013,AMAL,X,,,,,AMAL LTD.,912.0,950.0,900.0,946.2,950.0,896.7,,946.2,,,42388,39646313.0,1693,F1,1,,,,,
2025-09-03,2025-09-03,CM,BSE,STK,506605,INE752B01024,POLYCHEM,X,,,,,POLYCHEM LTD.,2680.0,2680.0,2640.0,2670.0,2670.0,2680.0,,2670.0,,,15,39742.0,7,F1,1,,,,,
2025-09-03,2025-09-03,CM,BSE,STK,506618,INE277B01014,PUNJABCHEM,B,,,,,PUNJAB CHEMICALS AND CROP PROT,1163.0,1181.1,1162.0,1176.2,1180.65,1165.6,,1177.2,,,435,508991.0,64,F1,1,,,,,
2025-09-03,2025-09-03,CM,BSE,STK,506640,INE218N01021,ZR2,X,,,,,ZR2 BIOENERGY LIMITED,409.0,409.0,390.0,405.95,405.95,395.85,,405.95,,,18,7162.0,9,F1,1,,,,,
2025-09-03,2025-09-03,CM,BSE,STK,506642,INE888C01040,SADHNANIQ,T,,,,,SADHANA NITROCHEM LTD.,9.58,9.85,9.58,9.85,9.85,9.39,,9.84,,,1099426,10810991.0,2731,F1,1,,,,,
2025-09-03,2025-09-03,CM,BSE,STK,506655,INE659A01023,SUDARSCHEM,A,,,,,SUDARSHAN CHEMICAL INDUSTRIES,1433.0,1438.6,1386.05,1427.4,1428.95,1431.45,,1427.8,,,7092,10012386.0,690,F1,1,,,,,
2025-09-03,2025-09-03,CM,BSE,STK,506680,INE014B01011,TECILCHEM,T,,,,,TECIL CHEMICALS & HYDRO POWER,17.64,17.64,17.64,17.64,17.64,17.64,,19.1,,,156,2751.0,2,F1,1,,,,,
2025-09-03,2025-09-03,CM,BSE,STK,506685,INE405A01021,ULTRAMAR,B,,,,,ULTRAMARINE & PIGMENTS LTD.,464.1,479.0,464.1,475.1,479.0,463.15,,475.1,,,14220,6694752.0,680,F1,1,,,,,
2025-09-03,2025-09-03,CM,BSE,STK,506687,INE687A01016,TRANSPEK,X,,,,,TRANSPEK INDUSTRY LTD.,1401.0,1490.0,1381.0,1450.2,1450.2,1399.05,,1450.2,,,6301,8965329.0,346,F1,1,,,,,
2025-09-03,2025-09-03,CM,BSE,STK,506690,INE351A01035,UNICHEMLAB,B,,,,,UNICHEM LABORATORIES LTD.,493.0,510.25,493.0,501.55,501.55,505.9,,501.2,,,1745,874444.0,304,F1,1,,,,,
2025-09-03,2025-09-03,CM,BSE,STK,506734,INE741A01011,MYSORPETRO,X,,,,,MYSORE PETRO CHEMICALS LTD.,120.95,122.0,120.0,121.75,121.9,121.55,,121.75,,,627,76053.0,14,F1,1,,,,,
2025-09-03,2025-09-03,CM,BSE,STK,506767,INE150B01039,ALKYLAMINE,A,,,,,ALKYL AMINES CHEMICALS LTD.,2069.6,2124.7,2054.0,2112.75,2124.7,2059.35,,2108.9,,,657,1379106.0,153,F1,1,,,,,
2025-09-03,2025-09-03,CM,BSE,STK,506808,INE400A01014,TUTIALKA,B,,,,,TUTICORIN ALKALI CHEMICALS AND,73.69,78.35,73.5,77.5,77.5,73.68,,77.5,,,16215,1227326.0,248,F1,1,,,,,
2025-09-03,2025-09-03,CM,BSE,STK,506820,INE203A01020,ASTRAZEN,A,,,,,ASTRAZENECA PHARMA INDIA LTD.,8966.5,9170.45,8836.0,9084.3,9084.3,8937.85,,9095.0,,,1956,17717021.0,633,F1,1,,,,,
2025-09-03,2025-09-03,CM,BSE,STK,506852,INE607A01022,PRIMO,B,,,,,Primo Chemicals Limited,26.1,26.43,25.03,25.41,25.41,25.85,,25.42,,,64021,1631008.0,320,F1,1,,,,,
2025-09-03,2025-09-03,CM,BSE,STK,506854,INE639B01015,TANFACIND,B,,,,,TANFAC INDUSTRIES LTD.,4879.95,4899.0,4755.6,4794.4,4835.0,4865.0,,4794.4,,,7272,34936117.0,1284,F1,1,,,,,
2025-09-03,2025-09-03,CM,BSE,STK,506858,INE636P01011,GUJPETR,X,,,,,GUJARAT PETROSYNTHESE LTD.,63.0,63.11,63.0,63.11,63.11,63.0,,63.11,,,74,4664.0,3,F1,1,,,,,
2025-09-03,2025-09-03,CM,BSE,STK,506863,INE716M01034,SWADEIN,XT,,,,,SWADESHI INDUSTRIES LEASING CO,56.72,56.72,56.72,56.72,56.72,55.61,,56.72,,,6267,355464.0,31,F1,1,,,,,
2025-09-03,2025-09-03,CM,BSE,STK,506879,INE942C01045,GUJTHEM,B,,,,,GUJARAT THEMIS BIOSYN LTD.,375.1,399.8,375.1,393.75,392.5,376.95,,393.4,,,15461,6061359.0,663,F1,1,,,,,
2025-09-03,2025-09-03,CM,BSE,STK,506919,INE987A01010,MAKERSL,X,,,,,MAKERS LABORATORIES LTD.,148.9,148.9,141.1,147.9,147.9,143.25,,147.9,,,3614,522543.0,60,F1,1,,,,,
2025-09-03,2025-09-03,CM,BSE,STK,506943,INE572A01036,JBCHEPHARM,A,,,,,J.B.CHEMICALS & PHARMACEUTICAL,1717.55,1736.45,1712.5,1727.95,1726.75,1715.3,,1728.9,,,852,1470367.0,123,F1,1,,,,,
2025-09-03,2025-09-03,CM,BSE,STK,506975,INE374C01017,RAJSPTR,P,,,,,RAJASTHAN PETRO SYNTHETICS LTD,8.53,8.53,8.53,8.53,8.53,8.97,,8.53,,,3100,26443.0,9,F1,100,,,,,
2025-09-03,2025-09-03,CM,BSE,STK,506979,INE046E01025,APTPACK,XT,,,,,APT PACKAGING LTD.,80.5,80.5,80.5,80.5,80.5,78.72,,80.5,,,15,1207.0,1,F1,1,,,,,
2025-09-03,2025-09-03,CM,BSE,STK,506981,INE472D01017,BLUECHIPT,X,,,,,BLUE CHIP TEX INDUSTRIES LTD.,141.0,141.55,141.0,141.5,141.5,140.3,,141.5,,,224,31652.0,6,F1,1,,,,,
2025-09-03,2025-09-03,CM,BSE,STK,507155,INE574A01016,JAGAJITIND,X,,,,,JAGATJIT INDUSTRIES LTD.,182.0,183.0,178.25,181.35,181.55,180.9,,181.35,,,12169,2200129.0,140,F1,1,,,,,
2025-09-03,2025-09-03,CM,BSE,STK,507180,INE133B01019,KESARENT,XT,,,,,KESAR ENTERPRISES LTD.,121.25,121.25,121.25,121.25,121.25,118.9,,121.25,,,3697,448261.0,62,F1,1,,,,,
2025-09-03,2025-09-03,CM,BSE,STK,507205,INE133E01013,TI,A,,,,,TILAKNAGAR INDUSTRIES LTD.,477.95,482.6,472.05,477.75,477.75,476.95,,478.0,,,74559,35740335.0,2049,F1,1,,,,,
2025-09-03,2025-09-03,CM,BSE,STK,507265,INE044N01021,EMERALL,X,,,,,Emerald Leisures Limited,236.0,236.0,235.95,235.95,235.95,238.0,,235.95,,,3,707.0,3,F1,1,,,,,
2025-09-03,2025-09-03,CM,BSE,STK,507300,INE615A01025,RAVALSUGAR,X,,,,,The Ravalgaon Sugar Farm Limit,1085.0,1095.45,1065.0,1073.35,1073.35,1067.8,,1073.35,,,74,79799.0,12,F1,1,,,,,
2025-09-03,2025-09-03,CM,BSE,STK,507315,INE623A01011,SAKHTISUG,B,,,,,SAKTHI SUGARS LTD.,23.0,23.43,22.65,22.7,22.82,23.22,,22.7,,,21858,501434.0,198,F1,1,,,,,
2025-09-03,2025-09-03,CM,BSE,STK,507410,INE711A01022,WALCHANNAG,T,,,,,WALCHANDNAGAR INDUSTRIES LTD.,184.0,187.0,180.0,183.35,183.7,183.4,,183.27,,,15235,2808340.0,226,F1,1,,,,,
2025-09-03,2025-09-03,CM,BSE,STK,507438,INE076C01018,IFBAGRO,T,,,,,IFB AGRO INDUSTRIES LTD.,770.1,790.0,770.0,790.0,790.0,770.0,,791.05,,,308,242412.0,10,F1,1,,,,,
2025-09-03,2025-09-03,CM,BSE,STK,507474,INE991B01010,KFBL,X,,,,,KOTHARI FERMENTATION & BIOCHEM,49.0,49.74,48.11,48.69,48.7,48.1,,48.69,,,9674,472057.0,110,F1,1,,,,,
2025-09-03,2025-09-03,CM,BSE,STK,507486,INE470N01010,CAPRO,X,,,,,CAPROLACTAM CHEMICALS LTD.,45.62,45.66,45.62,45.66,45.66,46.14,,45.66,,,310,14150.0,3,F1,1,,,,,
2025-09-03,2025-09-03,CM,BSE,STK,507488,INE075D01018,GMBREW,B,,,,,G.M.BREWERIES LTD.,707.7,707.7,696.05,703.3,702.6,698.85,,702.75,,,2404,1682098.0,304,F1,1,,,,,
2025-09-03,2025-09-03,CM,BSE,STK,507490,INE625B01014,RANASUG,B,,,,,RANA SUGARS LTD.,15.65,15.65,14.96,15.13,15.1,14.95,,15.12,,,101751,1544764.0,337,F1,1,,,,,
2025-09-03,2025-09-03,CM,BSE,STK,507498,INE544C01023,PICCASUG,X,,,,,PICCADILY SUGAR & ALLIED INDUS,56.79,56.79,52.5,53.81,53.83,54.08,,53.81,,,7499,405396.0,109,F1,1,,,,,
2025-09-03,2025-09-03,CM,BSE,STK,507514,INE480C01038,SDBL,B,,,,,SOM DISTILLERIES & BREWERIES L,138.5,140.95,138.0,138.5,139.3,138.65,,138.65,,,62832,8739874.0,1015,F1,1,,,,,
2025-09-03,2025-09-03,CM,BSE,STK,507526,INE073G01016,ASALCBR,B,,,,,ASSOCIATED ALCOHOLS & BREWERIE,1026.05,1036.75,1026.05,1029.55,1032.0,1030.75,,1029.8,,,2151,2217215.0,278,F1,1,,,,,
2025-09-03,2025-09-03,CM,BSE,STK,507552,INE976E01023,FOODSIN,T,,,,,FOODS & INNS LTD.,90.95,90.95,88.02,90.25,90.75,90.0,,90.3,,,14015,1259376.0,108,F1,1,,,,,
2025-09-03,2025-09-03,CM,BSE,STK,507580,INE043C01018,IVP,B,,,,,IVP LTD.,167.65,168.95,167.0,167.1,167.0,166.35,,167.05,,,181,30333.0,16,F1,1,,,,,
2025-09-03,2025-09-03,CM,BSE,STK,507598,INE014E01015,KLRFM,XT,,,,,KOVILPATTI LAKSHMI ROLLER FLOU,124.5,129.8,124.5,129.5,129.5,127.85,,129.5,,,643,81651.0,31,F1,1,,,,,
2025-09-03,2025-09-03,CM,BSE,STK,507621,INE588G01021,MLKFOOD,X,,,,,MILKFOOD LTD.,76.79,87.5,75.37,82.19,82.19,74.62,,82.19,,,65229,5336291.0,585,F1,1,,,,,
2025-09-03,2025-09-03,CM,BSE,STK,507645,INE339F01021,POLSON,X,,,,,POLSON LTD.,12050.9,12050.9,12050.9,12050.9,12050.9,12050.9,,12050.9,,,4,48203.0,2,F1,1,,,,,
2025-09-03,2025-09-03,CM,BSE,STK,507685,INE075A01022,WIPRO,A,,,,,WIPRO LTD.,251.6,252.25,249.15,249.6,249.6,250.85,,249.56,,,132700,33195456.0,2606,F1,1,,,,,
2025-09-03,2025-09-03,CM,BSE,STK,507690,INE247F01018,ORIBEVER,X,,,,,ORIENT BEVERAGES LTD.,222.0,229.0,218.5,219.0,219.0,218.95,,219.0,,,454,101257.0,18,F1,1,,,,,
2025-09-03,2025-09-03,CM,BSE,STK,507717,INE435G01025,DHANUKA,B,,,,,DHANUKA AGRITECH LTD.,1649.95,1650.05,1617.5,1634.45,1640.0,1641.35,,1637.5,,,2073,3384136.0,596,F1,1,,,,,
2025-09-03,2025-09-03,CM,BSE,STK,507747,INE910C01018,TTKHLTCARE,B,,,,,TTK HEALTHCARE LTD.,1181.35,1190.65,1176.1,1186.6,1190.65,1142.2,,1180.9,,,315,374091.0,98,F1,1,,,,,
2025-09-03,2025-09-03,CM,BSE,STK,507753,INE284B01028,TGVSL,B,,,,,TGV SRAAC Limited,128.15,132.7,128.15,130.3,130.3,128.75,,130.3,,,300673,39389527.0,2343,F1,1,,,,,
2025-09-03,2025-09-03,CM,BSE,STK,507759,INE891G01011,LIMECHM,X,,,,,LIME CHEMICALS LTD.,15.5,15.5,15.5,15.5,15.5,15.5,,15.5,,,1435,22242.0,9,F1,1,,,,,
2025-09-03,2025-09-03,CM,BSE,STK,507779,INE694E01014,KANPRPLA,B,,,,,KANPUR PLASTIPACK LTD.,210.0,217.2,209.1,216.1,217.2,210.0,,215.02,,,1724,369839.0,61,F1,1,,,,,
2025-09-03,2025-09-03,CM,BSE,STK,507785,INE123C01018,TAINWALCHM,B,,,,,TAINWALA CHEMICALS & PLASTICS,205.25,214.8,205.25,213.2,213.9,210.25,,212.61,,,2634,558710.0,144,F1,1,,,,,
2025-09-03,2025-09-03,CM,BSE,STK,507789,INE048B01035,JAGSNPHARM,B,,,,,JAGSONPAL PHARMACEUTICALS LTD.,242.4,250.0,242.0,248.55,247.5,242.3,,248.33,,,18401,4554600.0,628,F1,1,,,,,
2025-09-03,2025-09-03,CM,BSE,STK,507794,INE745B01028,KHAICHEM,B,,,,,KHAITAN CHEMICALS & FERTILIZER,121.05,127.5,121.05,125.25,125.65,121.2,,125.33,,,48019,5975986.0,849,F1,1,,,,,
2025-09-03,2025-09-03,CM,BSE,STK,507813,INE296D01010,NOL,X,,,,,NATIONAL OXYGEN LTD.,118.2,118.2,111.2,118.0,118.0,118.2,,118.0,,,528,61390.0,20,F1,1,,,,,
2025-09-03,2025-09-03,CM,BSE,STK,507815,INE322A01010,GILLETTE,A,,,,,GILLETTE INDIA LTD.,10190.95,10250.0,10054.4,10118.8,10105.0,10190.95,,10128.0,,,860,8768732.0,229,F1,1,,,,,
2025-09-03,2025-09-03,CM,BSE,STK,507828,INE880B01015,ANSALHSG,X,,,,,ANSAL HOUSING LIMITED,9.03,9.5,9.03,9.48,9.47,9.35,,9.48,,,31748,296569.0,125,F1,1,,,,,
2025-09-03,2025-09-03,CM,BSE,STK,507833,INE607B01012,COMPUPN,X,,,,,COMPUTER POINT LTD.,4.9,5.23,4.9,5.05,5.23,5.04,,5.05,,,4448,22420.0,74,F1,1,,,,,
2025-09-03,2025-09-03,CM,BSE,STK,507836,INE435D01014,MCCHRLS-B,X,,,,,MAC CHARLES (INDIA) LTD.,729.0,729.0,705.0,713.95,717.95,718.1,,713.95,,,593,425366.0,44,F1,1,,,,,
2025-09-03,2025-09-03,CM,BSE,STK,507852,INE757C01021,ADDIND,XT,,,,,ADDI INDUSTRIES LTD.,113.9,113.9,108.35,110.05,110.0,113.9,,110.05,,,1546,170928.0,33,F1,1,,,,,
2025-09-03,2025-09-03,CM,BSE,STK,507864,INE746D01014,PIONRINV,X,,,,,PIONEER INVESTCORP LTD.,74.0,74.98,74.0,74.93,74.93,72.58,,74.93,,,1005,75232.0,15,F1,1,,,,,
2025-09-03,2025-09-03,CM,BSE,STK,507872,INE372I01018,ASHNOOR,X,,,,,ASHNOOR TEXTILE MILLS LTD.,45.0,46.4,44.5,45.81,45.1,44.92,,45.81,,,1127,51325.0,23,F1,1,,,,,
2025-09-03,2025-09-03,CM,BSE,STK,507878,INE694A01020,UNITECH,Z,,,,,UNITECH LTD.,7.07,7.12,6.93,6.99,6.99,7.01,,6.98,,,1088388,7620115.0,746,F1,1,,,,,
2025-09-03,2025-09-03,CM,BSE,STK,507880,INE054A01027,VIPIND,A,,,,,V.I.P.INDUSTRIES LTD.,424.35,441.05,424.35,432.55,432.55,424.45,,432.95,,,39385,17139842.0,1545,F1,1,,,,,
2025-09-03,2025-09-03,CM,BSE,STK,507910,INE296C01020,FIBERWEB,B,,,,,FIBERWEB (INDIA) LTD.,45.39,45.83,45.0,45.55,45.32,45.38,,45.53,,,4317,195725.0,82,F1,1,,,,,
2025-09-03,2025-09-03,CM,BSE,STK,507912,INE724A01017,LKPFIN,X,,,,,LKP FINANCE LIMITED,600.0,628.0,591.0,604.45,604.45,594.9,,604.45,,,16956,10239105.0,224,F1,1,,,,,
2025-09-03,2025-09-03,CM,BSE,STK,507917,INE706N01017,EASTBUILD,X,,,,,EAST BUILDTECH LTD.,58.87,61.0,56.22,61.0,61.0,59.16,,61.0,,,1715,96660.0,12,F1,1,,,,,
2025-09-03,2025-09-03,CM,BSE,STK,507938,INE798E01013,MNPLFIN,P,,,,,MANIPAL FINANCE CORPORATION LT,14.9,14.9,14.9,14.9,14.9,14.9,,14.9,,,100,1490.0,1,F1,100,,,,,
2025-09-03,2025-09-03,CM,BSE,STK,507944,INE704G01024,BAJAJST,B,,,,,BAJAJ STEEL INDUSTRIES LTD.,550.0,567.0,545.0,561.2,567.0,556.45,,561.2,,,9047,5060881.0,475,F1,1,,,,,
2025-09-03,2025-09-03,CM,BSE,STK,507946,INE845A01028,KIDUJA,XT,,,,,KIDUJA INDIA LTD.,24.96,24.96,22.61,24.19,24.31,23.79,,24.19,,,1343,31654.0,42,F1,1,,,,,
2025-09-03,2025-09-03,CM,BSE,STK,507948,INE130F01016,KEYCORP,XT,,,,,KEY CORP LTD.,134.9,134.9,123.55,126.0,130.0,129.3,,126.0,,,897,113604.0,52,F1,1,,,,,
2025-09-03,2025-09-03,CM,BSE,STK,507960,INE621C01011,GUJHOTE,X,,,,,GUJARAT HOTELS LTD.,272.8,277.85,268.05,275.5,269.2,270.45,,275.5,,,377,103179.0,28,F1,1,,,,,
2025-09-03,2025-09-03,CM,BSE,STK,507962,INE455H01013,FYNX,XT,,,,,FYNX CAPITAL LIMITED,25.45,26.7,24.18,26.65,26.65,25.45,,26.65,,,5426,131970.0,11,F1,1,,,,,
2025-09-03,2025-09-03,CM,BSE,STK,507966,INE651D01016,RASRESOR,X,,,,,RAS RESORTS & APART HOTELS LTD,40.63,40.65,40.01,40.2,40.45,40.26,,40.2,,,156,6334.0,11,F1,1,,,,,
2025-09-03,2025-09-03,CM,BSE,STK,507970,INE143I01013,PARMCOS-B,X,,,,,PARAMOUNT COSMETICS (INDIA) LT,37.78,39.79,37.78,39.39,39.39,38.55,,39.39,,,131,4973.0,9,F1,1,,,,,
2025-09-03,2025-09-03,CM,BSE,STK,507981,INE726D01016,JINDHOT,X,,,,,JINDAL HOTELS LTD.,83.39,83.39,82.98,82.98,82.98,83.48,,82.98,,,20,1663.0,3,F1,1,,,,,
2025-09-03,2025-09-03,CM,BSE,STK,507984,INE358F01013,SERIND,XT,,,,,SER INDUSTRIES LTD.,213.85,213.85,213.85,213.85,213.85,209.7,,213.85,,,210,44908.0,6,F1,1,,,,,
2025-09-03,2025-09-03,CM,BSE,STK,507998,INE657D01021,SIMMOND,X,,,,,SIMMONDS MARSHALL LTD.,152.9,156.0,150.0,154.6,154.8,148.95,,154.6,,,7460,1149471.0,102,F1,1,,,,,
2025-09-03,2025-09-03,CM,BSE,STK,508136,INE489D01011,BNALTD,X,,,,,B & A LTD.,428.0,428.0,420.0,428.0,428.0,430.1,,428.0,,,468,200282.0,11,F1,1,,,,,
2025-09-03,2025-09-03,CM,BSE,STK,508486,INE979B01015,HAWKINCOOK,B,,,,,HAWKINS COOKERS LTD.,8914.2,8990.05,8764.0,8985.15,8990.0,8900.0,,8985.15,,,377,3373319.0,128,F1,1,,,,,
2025-09-03,2025-09-03,CM,BSE,STK,508494,INE712A01012,WARRENTEA,X,,,,,WARREN TEA LTD.,57.0,57.62,55.55,56.01,55.7,56.8,,56.01,,,2772,156892.0,49,F1,1,,,,,
2025-09-03,2025-09-03,CM,BSE,STK,508571,INE788M01017,COCHMAL,X,,,,,COCHIN MALABAR ESTATES & INDUS,160.0,161.9,136.2,161.0,157.15,161.9,,161.0,,,467,73548.0,24,F1,1,,,,,
2025-09-03,2025-09-03,CM,BSE,STK,508664,INE553F01035,BESTEAST,X,,,,,BEST EASTERN HOTELS LTD.,14.51,16.4,14.51,15.25,15.34,15.0,,15.25,,,2238,34613.0,27,F1,1,,,,,
2025-09-03,2025-09-03,CM,BSE,STK,508670,INE605D01012,NEAGI,X,,,,,NEELAMALAI AGRO INDUSTRIES LTD,3750.25,3750.25,3666.0,3700.0,3700.0,3750.2,,3700.0,,,111,410580.0,13,F1,1,,,,,
2025-09-03,2025-09-03,CM,BSE,STK,508807,INE684B01029,ISTLTD,B,,,,,IST LTD.,890.0,905.0,890.0,901.55,901.55,884.4,,901.55,,,2442,2200085.0,63,F1,1,,,,,
2025-09-03,2025-09-03,CM,BSE,STK,508814,INE757A01017,COSMOFIRST,B,,,,,Cosmo First Limited,988.0,1000.0,985.8,998.05,998.05,987.75,,996.65,,,2439,2427760.0,304,F1,1,,,,,
2025-09-03,2025-09-03,CM,BSE,STK,508869,INE437A01024,APOLLOHOSP,A,,,,,APOLLO HOSPITALS ENTERPRISE LT,7670.05,7775.2,7658.1,7729.4,7729.4,7683.35,,7735.5,,,41635,321625494.0,5596,F1,1,,,,,
2025-09-03,2025-09-03,CM,BSE,STK,508875,INE861H01020,NITINCAST,X,,,,,Nitin Castings Limited,588.0,613.95,588.0,605.0,605.0,619.8,,605.0,,,393,232258.0,32,F1,1,,,,,
2025-09-03,2025-09-03,CM,BSE,STK,508905,INE641A01013,NEXOME,XT,,,,,NEXOME CAPITAL MARKETS LIMITED,152.45,152.5,148.2,152.5,152.5,145.25,,152.5,,,5037,767319.0,63,F1,1,,,,,
2025-09-03,2025-09-03,CM,BSE,STK,508906,INE295A01018,EVERESTIND,B,,,,,EVEREST INDUSTRIES LTD.,663.6,674.0,647.75,668.0,674.0,669.05,,669.1,,,1630,1070340.0,277,F1,1,,,,,
2025-09-03,2025-09-03,CM,BSE,STK,508918,INE791H01011,IRONWOOD,X,,,,,IRONWOOD EDUCATION LIMITED,41.2,41.4,40.99,41.0,41.0,40.39,,41.0,,,1995,81913.0,6,F1,1,,,,,
2025-09-03,2025-09-03,CM,BSE,STK,508922,INE331L01026,MSRINDIA,X,,,,,MSR INDIA LTD.,3.08,3.14,2.76,2.97,2.99,2.99,,2.97,,,77521,229392.0,227,F1,1,,,,,
2025-09-03,2025-09-03,CM,BSE,STK,508929,INE433O01024,AIRLTD,XT,,,,,AVISHKAR INFRA REALTY LIMITED,282.35,282.35,282.35,282.35,282.35,276.85,,282.35,,,33,9317.0,2,F1,1,,,,,
2025-09-03,2025-09-03,CM,BSE,STK,508933,INE193B01039,AYMSYNTEX,B,,,,,AYM Syntex Limited,189.85,194.75,186.15,186.7,186.8,189.85,,186.75,,,1150,218453.0,171,F1,1,,,,,
2025-09-03,2025-09-03,CM,BSE,STK,508941,INE013E01017,PANCARBON,X,,,,,PANASONIC CARBON INDIA CO.LTD.,493.25,497.5,486.75,494.75,494.75,493.25,,494.75,,,1216,598898.0,61,F1,1,,,,,
2025-09-03,2025-09-03,CM,BSE,STK,508954,INE734I01027,FINKURVE,B,,,,,FINKURVE FINANCIAL SERVICES LT,108.35,108.35,100.0,100.95,100.95,107.75,,100.95,,,17252,1774246.0,189,F1,1,,,,,
2025-09-03,2025-09-03,CM,BSE,STK,508956,INE549B01016,HBLEAS,X,,,,,HB LEASING & FINANCE CO.LTD.,14.47,14.47,13.96,14.36,14.36,14.2,,14.36,,,3219,45431.0,19,F1,1,,,,,
2025-09-03,2025-09-03,CM,BSE,STK,508961,INE753D01010,SHRICON,XT,,,,,SHRICON INDUSTRIES LTD.,160.0,162.2,159.2,159.55,162.2,163.0,,159.55,,,29,4628.0,4,F1,1,,,,,
2025-09-03,2025-09-03,CM,BSE,STK,508963,INE668Y01016,TRUSTWAVE,XT,,,,,TRUSTWAVE SECURITIES LIMITED,25.15,27.79,25.15,27.79,27.79,26.47,,27.79,,,177,4454.0,6,F1,1,,,,,
2025-09-03,2025-09-03,CM,BSE,STK,508969,INE673M01029,SULABEN,X,,,,,SULABH ENGINEERS & SERVICES LT,3.48,3.49,3.42,3.44,3.44,3.47,,3.44,,,7492,25916.0,56,F1,1,,,,,
2025-09-03,2025-09-03,CM,BSE,STK,508980,INE977E01013,FRONTCAP,X,,,,,FRONTIER CAPITAL LIMITED,12.25,12.8,10.5,11.7,11.64,11.82,,11.7,,,54832,639244.0,141,F1,1,,,,,
2025-09-03,2025-09-03,CM,BSE,STK,508989,INE060A01024,NAVNETEDUL,B,,,,,NAVNEET EDUCATION LIMITED,153.0,158.0,153.0,155.25,155.25,154.05,,155.18,,,38554,6024764.0,786,F1,1,,,,,
2025-09-03,2025-09-03,CM,BSE,STK,509009,INE218C01016,AUSOMENT,T,,,,,AUSOM ENTERPRISE LIMITED,104.1,104.85,101.3,104.8,104.8,106.55,,104.84,,,1304,132435.0,27,F1,1,,,,,
2025-09-03,2025-09-03,CM,BSE,STK,509015,INE190F01028,THAKRAL,X,,,,,THAKRAL SERVICES (INDIA) LTD.,10.0,10.9,9.52,9.81,9.81,10.19,,9.81,,,6779,68105.0,42,F1,1,,,,,
2025-09-03,2025-09-03,CM,BSE,STK,509020,INE413B01023,RUCHINFRA,T,,,,,RUCHI INFRASTRUCTURE LTD.,7.55,7.55,7.29,7.5,7.5,7.52,,7.51,,,18986,142281.0,51,F1,1,,,,,
2025-09-03,2025-09-03,CM,BSE,STK,509024,INE088E01019,GOLDLEG,XT,,,,,GOLDEN LEGAND LEASING & FINANC,14.64,15.29,13.85,14.3,13.85,14.57,,14.3,,,85230,1278909.0,93,F1,1,,,,,
2025-09-03,2025-09-03,CM,BSE,STK,509038,INE763D01019,VOLLF,X,,,,,VOLTAIRE LEASING & FINANCE LTD,11.44,11.44,11.44,11.44,11.44,11.67,,11.44,,,25,286.0,3,F1,1,,,,,
2025-09-03,2025-09-03,CM,BSE,STK,509040,INE040F01033,NETLINK,XT,,,,,NETLINK SOLUTIONS (INDIA) LTD.,170.1,173.45,170.1,170.35,170.35,170.35,,170.35,,,1063,180980.0,13,F1,1,,,,,
2025-09-03,2025-09-03,CM,BSE,STK,509046,INE778N01016,TRILIANCE,XT,,,,,TRILIANCE POLYMERS LIMITED,67.87,67.87,67.87,67.87,67.87,67.87,,67.87,,,21,1425.0,6,F1,1,,,,,
2025-09-03,2025-09-03,CM,BSE,STK,509048,INE572G01025,LANCORHOL,B,,,,,LANCOR HOLDINGS LTD.,24.84,25.96,24.8,25.65,25.65,24.92,,25.64,,,32994,845624.0,168,F1,1,,,,,
2025-09-03,2025-09-03,CM,BSE,STK,509051,INE300B01022,INDINFO,X,,,,,INDIAN INFOTECH & SOFTWARE LTD,1.12,1.14,1.08,1.09,1.09,1.12,,1.09,,,3425152,3780182.0,1668,F1,1,,,,,
2025-09-03,2025-09-03,CM,BSE,STK,509053,INE521L01030,BANASFN,X,,,,,BANAS FINANCE LTD.,9.36,9.56,9.36,9.5,9.5,9.42,,9.5,,,18267,173082.0,81,F1,1,,,,,
2025-09-03,2025-09-03,CM,BSE,STK,509055,INE392A01021,VISAKAIND,T,,,,,VISAKA INDUSTRIES LTD.,84.02,86.41,82.11,85.41,86.0,82.31,,85.9,,,8896,759407.0,62,F1,1,,,,,
2025-09-03,2025-09-03,CM,BSE,STK,509073,INE525B01016,HATHWAYB,X,,,,,HATHWAY BHAWANI CABLETEL & DAT,16.45,16.45,15.72,15.84,15.82,16.46,,15.84,,,1726,27678.0,19,F1,1,,,,,
2025-09-03,2025-09-03,CM,BSE,STK,509079,INE742B01025,GUFICBIO,B,,,,,GUFIC BIOSCIENCES LTD.,366.4,367.15,361.6,362.9,362.9,366.7,,362.7,,,2143,781657.0,125,F1,1,,,,,
2025-09-03,2025-09-03,CM,BSE,STK,509084,INE107J01016,PHOTON,X,,,,,PHOTON CAPITAL ADVISORS LTD.,104.5,110.0,104.5,110.0,110.0,105.0,,110.0,,,66,7054.0,7,F1,1,,,,,
2025-09-03,2025-09-03,CM,BSE,STK,509152,INE137I01015,GRPLTD,B,,,,,GRP LTD.,2082.9,2099.0,2064.3,2078.3,2099.0,2066.45,,2077.4,,,419,869894.0,77,F1,1,,,,,
2025-09-03,2025-09-03,CM,BSE,STK,509162,INE802D01023,INDAG,X,,,,,INDAG RUBBER LTD.,122.7,122.7,120.15,120.75,120.9,120.35,,120.75,,,5437,656690.0,108,F1,1,,,,,
2025-09-03,2025-09-03,CM,BSE,STK,509196,INE159E01026,MMRUBBR-B,X,,,,,MM RUBBER COMPANY LTD.,83.0,83.0,80.01,80.02,81.25,80.4,,80.02,,,546,44066.0,14,F1,1,,,,,
2025-09-03,2025-09-03,CM,BSE,STK,509220,INE034D01049,PTL,B,,,,,PTL ENTERPRISES LTD.,40.1,40.3,39.9,40.29,40.25,40.07,,40.1,,,2309,92329.0,78,F1,1,,,,,
2025-09-03,2025-09-03,CM,BSE,STK,509243,INE421C01016,TVSSRICHAK,B,,,,,TVS SRICHAKRA LTD.,2916.2,2946.95,2908.5,2935.65,2935.65,2887.45,,2939.3,,,48,140653.0,28,F1,1,,,,,
2025-09-03,2025-09-03,CM,BSE,STK,509423,INE367E01033,SEL,XT,,,,,SANATHNAGAR ENTERPRISES LIMITE,38.5,40.0,38.5,38.58,39.99,40.44,,38.58,,,932,36146.0,25,F1,1,,,,,
2025-09-03,2025-09-03,CM,BSE,STK,509438,INE664D01019,BENARAS,B,,,,,BENARES HOTELS LTD.,9398.95,9407.95,9300.0,9389.95,9389.95,9341.25,,9389.95,,,78,729189.0,50,F1,1,,,,,
2025-09-03,2025-09-03,CM,BSE,STK,509449,INE026I01010,BHAGWOX,XT,,,,,BHAGWATI OXYGEN LTD.,41.2,41.41,41.2,41.35,41.35,43.33,,41.35,,,435,17992.0,15,F1,1,,,,,
2025-09-03,2025-09-03,CM,BSE,STK,509470,INE01TL01014,BOMOXY-B1,X,,,,,BOMBAY OXYGEN INVESTMENTS LIMI,25872.0,26428.0,25872.0,26305.0,26305.0,25872.0,,26305.0,,,33,868304.0,19,F1,1,,,,,
2025-09-03,2025-09-03,CM,BSE,STK,509472,INE145E01017,CRAVATEX,X,,,,,CRAVATEX LTD.,441.3,447.9,440.0,440.65,440.0,443.4,,440.65,,,2505,1102976.0,25,F1,1,,,,,
2025-09-03,2025-09-03,CM,BSE,STK,509480,INE463A01038,BERGEPAINT,A,,,,,BERGER PAINTS INDIA LTD.,543.0,547.9,538.85,542.95,541.5,542.0,,542.85,,,7456,4052188.0,520,F1,1,,,,,
2025-09-03,2025-09-03,CM,BSE,STK,509486,INE479A01018,CAPRIHANS,X,,,,,CAPRIHANS INDIA LTD.,128.0,129.9,125.2,125.3,125.25,126.3,,125.3,,,2812,355693.0,60,F1,1,,,,,
2025-09-03,2025-09-03,CM,BSE,STK,509488,INE371A01025,GRAPHITE,A,,,,,GRAPHITE INDIA LTD.,518.0,530.0,518.0,524.85,524.85,519.0,,524.95,,,24776,13019681.0,1264,F1,1,,,,,
2025-09-03,2025-09-03,CM,BSE,STK,509496,INE686A01026,ITDCEM,A,,,,,ITD CEMENTATION INDIA LTD.,717.45,733.9,710.95,724.4,724.4,708.05,,724.9,,,16812,12165541.0,922,F1,1,,,,,
2025-09-03,2025-09-03,CM,BSE,STK,509525,INE515H01014,EMPIND,X,,,,,EMPIRE INDUSTRIES LTD.,1154.7,1178.5,1148.95,1160.5,1160.0,1148.95,,1160.5,,,1124,1303527.0,89,F1,1,,,,,
2025-09-03,2025-09-03,CM,BSE,STK,509546,INE214F01026,GRAVISSHO,X,,,,,GRAVISS HOSPITALITY LTD.,42.25,42.98,41.75,42.98,42.98,42.7,,42.98,,,306,12980.0,10,F1,1,,,,,
2025-09-03,2025-09-03,CM,BSE,STK,509557,INE276A01018,GARFIBRES,A,,,,,GARWARE TECHNICAL FIBRES LIMIT,768.25,778.9,763.95,774.95,775.0,764.0,,774.95,,,2306,1785843.0,284,F1,1,,,,,
2025-09-03,2025-09-03,CM,BSE,STK,509563,INE925D01014,GARWAMAR,XT,,,,,GARWARE MARINE INDUSTRIES LTD.,28.43,28.43,28.43,28.43,28.43,29.01,,28.43,,,4468,127025.0,28,F1,1,,,,,
2025-09-03,2025-09-03,CM,BSE,STK,509567,INE426D01013,GOACARBON,B,,,,,GOA CARBON LTD.,462.0,465.0,458.95,459.7,460.55,457.25,,460.9,,,344,159185.0,73,F1,1,,,,,
2025-09-03,2025-09-03,CM,BSE,STK,509597,INE722D01015,HARDCAS,X,,,,,HARDCASTLE & WAUD MFG.CO.LTD.,757.5,758.0,757.5,757.65,758.0,758.0,,757.65,,,4,3030.0,2,F1,1,,,,,
2025-09-03,2025-09-03,CM,BSE,STK,509631,INE545A01024,HEG,A,,,,,HEG LTD.,481.55,495.0,478.4,490.5,490.75,478.05,,490.25,,,48377,23563263.0,1454,F1,1,,,,,
2025-09-03,2025-09-03,CM,BSE,STK,509635,INE310C01029,HINDCOMPOS,B,,,,,HINDUSTAN COMPOSITES LTD.,468.2,471.85,457.05,458.9,460.0,464.15,,459.85,,,999,463460.0,119,F1,1,,,,,
2025-09-03,2025-09-03,CM,BSE,STK,509675,INE557A01011,BIRLANU,B,,,,,BIRLANU LIMITED,1945.0,1975.25,1927.45,1945.1,1966.1,1933.6,,1940.9,,,2063,4011694.0,405,F1,1,,,,,
2025-09-03,2025-09-03,CM,BSE,STK,509692,INE061A01014,INDIANCARD,B,,,,,INDIAN CARD CLOTHING CO.LTD.,249.35,261.4,249.35,255.1,255.1,254.0,,255.0,,,766,197395.0,76,F1,1,,,,,
2025-09-03,2025-09-03,CM,BSE,STK,509709,INE575C01027,INTLCONV,B,,,,,INTERNATIONAL CONVEYORS LTD.,92.2,95.1,91.52,92.54,92.5,91.92,,92.24,,,37575,3506501.0,780,F1,1,,,,,
2025-09-03,2025-09-03,CM,BSE,STK,509715,INE364A01020,JAYSREETEA,B,,,,,JAY SHREE TEA & INDUSTRIES LTD,100.81,100.81,98.63,98.92,98.81,99.07,,98.93,,,5020,498676.0,119,F1,1,,,,,
2025-09-03,2025-09-03,CM,BSE,STK,509732,INE972A01020,KOTIC,XT,,,,,KOTHARI INDUSTRIAL CORPORATION,579.8,579.8,579.8,579.8,579.8,568.45,,579.8,,,3226,1870434.0,90,F1,1,,,,,
2025-09-03,2025-09-03,CM,BSE,STK,509760,INE370A01019,MODRNSH,X,,,,,MODERN SHARES & STOCKBROKERS L,42.83,43.55,41.25,43.46,43.46,43.7,,43.46,,,251,10661.0,11,F1,1,,,,,
2025-09-03,2025-09-03,CM,BSE,STK,509820,INE275B01026,HUHTAMAKI,B,,,,,HUHTAMAKI INDIA LIMITED,236.0,236.0,230.3,232.15,232.1,233.3,,232.09,,,12169,2831396.0,455,F1,1,,,,,
2025-09-03,2025-09-03,CM,BSE,STK,509835,INE940N01012,PREMSYN,X,,,,,PREMIER SYNTHETICS LTD.,20.31,20.31,19.0,19.95,19.95,20.31,,19.95,,,154,2996.0,3,F1,1,,,,,
2025-09-03,2025-09-03,CM,BSE,STK,509874,INE849C01026,SHALPAINTS,B,,,,,SHALIMAR PAINTS LTD.,74.9,75.66,72.57,74.18,74.77,74.93,,73.98,,,29502,2195111.0,193,F1,1,,,,,
2025-09-03,2025-09-03,CM,BSE,STK,509895,INE832D01020,HINDMILL,X,,,,,HINDOOSTAN MILLS LTD.,181.3,191.8,181.3,191.8,191.8,193.0,,191.8,,,25,4667.0,7,F1,1,,,,,
2025-09-03,2025-09-03,CM,BSE,STK,509930,INE195A01028,SUPREMEIND,A,,,,,SUPREME INDUSTRIES LTD.,4635.9,4638.5,4579.9,4631.9,4611.3,4590.0,,4631.0,,,1467,6781300.0,323,F1,1,,,,,
2025-09-03,2025-09-03,CM,BSE,STK,509945,INE077P01034,THACKER,XT,,,,,THACKER & CO.LTD.,1595.0,1659.0,1530.0,1624.95,1624.95,1580.0,,1624.95,,,427,688794.0,38,F1,1,,,,,
2025-09-03,2025-09-03,CM,BSE,STK,509960,INE726E01014,UPHOT,X,,,,,U.P.HOTELS LTD.,1789.9,1820.0,1789.9,1820.0,1820.0,1789.25,,1820.0,,,622,1113759.0,14,F1,1,,,,,
2025-09-03,2025-09-03,CM,BSE,STK,509966,INE710A01016,VSTIND,A,,,,,VST INDUSTRIES LTD.,271.75,271.75,265.8,269.15,270.55,270.35,,269.3,,,37544,10056205.0,1645,F1,1,,,,,
2025-09-03,2025-09-03,CM,BSE,STK,510245,INE804A01025,SWASTIVI,X,,,,,SWASTI VINAYAKA SYNTHETICS LTD,5.54,5.54,5.31,5.38,5.42,5.55,,5.38,,,45138,243779.0,193,F1,1,,,,,
2025-09-03,2025-09-03,CM,BSE,STK,511000,INE856D01011,MADHUSE,X,,,,,MADHUSUDAN SECURITIES LTD.,18.59,19.98,18.59,19.97,19.2,19.69,,19.97,,,7864,156577.0,29,F1,1,,,,,
2025-09-03,2025-09-03,CM,BSE,STK,511012,INE457N01025,YAMNINV,XT,,,,,YAMINI INVESTMENTS COMPANY LTD,0.96,0.96,0.93,0.95,0.95,0.96,,0.95,,,780300,742249.0,973,F1,1,,,,,
2025-09-03,2025-09-03,CM,BSE,STK,511018,INE679T01013,ZMILGFIN,XT,,,,,MILGREY FINANCE & INVESTMENT L,118.9,119.45,114.05,116.25,118.0,118.9,,116.25,,,6512,755438.0,61,F1,1,,,,,
2025-09-03,2025-09-03,CM,BSE,STK,511034,INE742C01031,JINDRILL,B,,,,,JINDAL DRILLING & INDUSTRIES L,629.95,632.1,622.1,628.15,627.65,629.05,,628.45,,,9990,6259396.0,551,F1,1,,,,,
2025-09-03,2025-09-03,CM,BSE,STK,511066,INE302E01014,SAKTHIFIN,X,,,,,SAKTHI FINANCE LTD.,44.4,45.0,43.5,44.11,44.49,44.47,,44.11,,,6902,305754.0,100,F1,1,,,,,
2025-09-03,2025-09-03,CM,BSE,STK,511076,INE065D01027,AEROENTER,B,,,,,AEROFLEX ENTERPRISES LIMITED,89.38,91.0,89.03,89.7,90.55,89.48,,89.7,,,17970,1611690.0,260,F1,1,,,,,
2025-09-03,2025-09-03,CM,BSE,STK,511092,INE047E01031,JMDVL,X,,,,,JMD Ventures Limited,5.95,5.96,5.93,5.93,5.93,6.05,,5.93,,,9644,57305.0,68,F1,1,,,,,
2025-09-03,2025-09-03,CM,BSE,STK,511110,INE848D01018,VBDESAI,X,,,,,V.B.DESAI FINANCIAL SERVICES L,27.0,29.99,26.0,26.07,28.8,27.8,,26.07,,,2774,73234.0,23,F1,1,,,,,
2025-09-03,2025-09-03,CM,BSE,STK,511116,INE527B01020,QUADRANT,XT,,,,,QUADRANT TELEVENTURES LIMITED,0.5,0.51,0.48,0.51,0.51,0.49,,0.51,,,3328514,1673295.0,659,F1,1,,,,,
2025-09-03,2025-09-03,CM,BSE,STK,511122,INE609B01018,1STCUS,X,,,,,FIRST CUSTODIAN FUND (INDIA) L,90.25,96.9,90.0,94.99,94.99,97.5,,94.99,,,881,80070.0,45,F1,1,,,,,
2025-09-03,2025-09-03,CM,BSE,STK,511131,INE344D01018,KAMANWALA,XT,,,,,KAMANWALA HOUSING CONSTRUCTION,23.0,23.0,20.89,21.22,20.93,21.98,,21.22,,,28455,604023.0,138,F1,1,,,,,
2025-09-03,2025-09-03,CM,BSE,STK,511147,INE549D01012,WSFX,X,,,,,WSFX Global Pay Limited,62.5,62.5,60.1,62.28,62.28,60.12,,62.28,,,133,8203.0,11,F1,1,,,,,
2025-09-03,2025-09-03,CM,BSE,STK,511153,INE096I01021,ANJANIFOODS,X,,,,,Anjani Foods Limited,28.45,28.45,26.52,27.93,27.9,26.59,,27.93,,,4579,126937.0,41,F1,1,,,,,
2025-09-03,2025-09-03,CM,BSE,STK,511169,INE552N01023,RKDAGRRTL,XT,,,,,RKD AGRI AND RETAIL LIMITED,5.67,5.67,5.67,5.67,5.67,5.67,,5.67,,,2,11.0,1,F1,1,,,,,
2025-09-03,2025-09-03,CM,BSE,STK,511187,INE570N01025,MILLENNIUM,X,,,,,Millennium Online Solutions (I,2.02,2.1,2.01,2.08,2.08,2.01,,2.08,,,934,1929.0,13,F1,1,,,,,
2025-09-03,2025-09-03,CM,BSE,STK,511194,INE613B01010,ICDSLTD,T,,,,,ICDS LTD.,52.0,52.0,50.9,51.55,51.55,50.71,,51.25,,,615,31484.0,14,F1,1,,,,,
2025-09-03,2025-09-03,CM,BSE,STK,511196,INE477A01020,CANFINHOME,A,,,,,CAN FIN HOMES LTD.,755.7,769.0,746.35,764.6,766.0,756.55,,764.65,,,9486,7205675.0,698,F1,1,,,,,
2025-09-03,2025-09-03,CM,BSE,STK,511208,INE050B01023,IVC,B,,,,,IL&FS INVESTMENT MANAGERS LTD.,8.53,9.19,8.53,8.83,8.81,8.45,,8.83,,,60921,542666.0,384,F1,1,,,,,
2025-09-03,2025-09-03,CM,BSE,STK,511218,INE721A01047,SHRIRAMFIN,A,,,,,Shriram Finance Limited,585.5,588.85,580.0,586.15,586.15,584.85,,586.3,,,378625,220726809.0,8169,F1,1,,,,,
2025-09-03,2025-09-03,CM,BSE,STK,511243,INE121A01024,CHOLAFIN,A,,,,,CHOLAMANDALAM INVESTMENT AND F,1448.95,1448.95,1424.15,1439.9,1443.0,1433.2,,1439.8,,,5570,7969275.0,532,F1,1,,,,,
2025-09-03,2025-09-03,CM,BSE,STK,511246,INE910D01024,BOMTALKIES,X,,,,,BOMBAY TALKIES LIMITED,4.21,4.21,4.1,4.17,4.17,4.01,,4.17,,,101,423.0,5,F1,1,,,,,
2025-09-03,2025-09-03,CM,BSE,STK,511333,INE709A01018,VLSFINANCE,B,,,,,VLS FINANCE LTD.,227.85,227.85,221.35,224.45,223.5,220.8,,223.46,,,1718,384254.0,204,F1,1,,,,,
2025-09-03,2025-09-03,CM,BSE,STK,511355,INE429D01017,INDCEMCAP,X,,,,,INDIA CEMENTS CAPITAL LTD.,15.85,16.59,15.85,16.49,16.43,16.17,,16.49,,,10354,166263.0,47,F1,1,,,,,
2025-09-03,2025-09-03,CM,BSE,STK,511359,INE556D01017,ADMANUM,X,,,,,AD-MANUM FINANCE LTD.,73.0,75.0,70.0,71.84,71.55,73.0,,71.84,,,13659,974751.0,65,F1,1,,,,,
2025-09-03,2025-09-03,CM,BSE,STK,511377,INE240B01012,MEHIF,XT,,,,,MEHTA INTEGRATED FINANCE LTD.,30.0,30.0,29.84,29.84,29.84,30.0,,29.84,,,141,4207.0,5,F1,1,,,,,
2025-09-03,2025-09-03,CM,BSE,STK,511391,INE661M01016,INTRGLB,XT,,,,,INTER GLOBE FINANCE LTD.,92.3,93.26,92.16,93.26,93.26,97.0,,93.26,,,147,13656.0,10,F1,1,,,,,
2025-09-03,2025-09-03,CM,BSE,STK,511401,INE410E01015,MCLTD,X,,,,,MUNOTH COMMUNICATION LIMITED,14.5,14.5,13.99,13.99,13.99,14.0,,13.99,,,16,228.0,4,F1,1,,,,,
2025-09-03,2025-09-03,CM,BSE,STK,511411,INE472C01027,SHRISTI,X,,,,,SHRISTI INFRASTRUCTURE DEVELOP,37.25,37.84,35.01,35.01,35.01,36.84,,35.01,,,3757,138202.0,13,F1,1,,,,,
2025-09-03,2025-09-03,CM,BSE,STK,511413,INE559D01011,CREST,B,,,,,CREST,379.65,379.65,373.1,378.05,376.35,380.4,,382.55,,,35,13231.0,19,F1,1,,,,,
2025-09-03,2025-09-03,CM,BSE,STK,511431,INE051B01021,VAKRANGEE,A,,,,,VAKRANGEE LIMITED,8.42,8.65,8.42,8.53,8.53,8.51,,8.52,,,338318,2890374.0,829,F1,1,,,,,
2025-09-03,2025-09-03,CM,BSE,STK,511441,INE034B01019,GUJCRED,X,,,,,GUJARAT CREDIT CORPORATION LTD,31.35,31.35,31.35,31.35,31.35,32.99,,31.35,,,234,7335.0,6,F1,1,,,,,
2025-09-03,2025-09-03,CM,BSE,STK,511447,INE706F01021,SYLPH,XT,,,,,SYLPH TECHNOLOGIES LTD.,0.79,0.8,0.75,0.78,0.78,0.78,,0.78,,,3767773,2876292.0,574,F1,1,,,,,
2025-09-03,2025-09-03,CM,BSE,STK,511451,INE899D01011,DHARFIN,X,,,,,DHARANI FINANCE LTD.,11.41,11.41,11.41,11.41,11.41,10.87,,11.41,,,156,1779.0,4,F1,1,,,,,
2025-09-03,2025-09-03,CM,BSE,STK,511463,INE191N01012,ALEXANDER,X,,,,,Alexander Stamps And Coin Limi,11.15,11.44,11.15,11.22,11.35,11.15,,11.22,,,8654,96865.0,40,F1,1,,,,,
2025-09-03,2025-09-03,CM,BSE,STK,511473,INE841B01017,INDBANK,B,,,,,INDBANK MERCHANT BANKING SERVI,35.4,35.85,35.23,35.27,35.23,34.97,,35.39,,,1074,38024.0,23,F1,1,,,,,
2025-09-03,2025-09-03,CM,BSE,STK,511493,INE488C01015,SHRYDUS,X,,,,,SHRYDUS INDUSTRIES LIMITED,4.52,4.98,4.52,4.91,4.93,4.52,,4.91,,,166709,806254.0,245,F1,1,,,,,
2025-09-03,2025-09-03,CM,BSE,STK,511501,INE900A01013,BHARAT,XT,,,,,Bharat Bhushan Finance & Commo,28.01,28.98,28.0,28.39,28.0,28.0,,28.39,,,2440,68829.0,23,F1,1,,,,,
2025-09-03,2025-09-03,CM,BSE,STK,511505,INE707C01018,CAPTRUST,T,,,,,CAPITAL TRUST LTD.,43.2,43.69,42.0,43.6,43.69,42.62,,42.67,,,2677,115636.0,37,F1,1,,,,,
2025-09-03,2025-09-03,CM,BSE,STK,511509,INE380K01017,VIVOBIOT,X,,,,,VIVO BIO TECH LTD.,36.9,37.65,36.75,36.83,36.82,37.07,,36.83,,,10339,382816.0,86,F1,1,,,,,
2025-09-03,2025-09-03,CM,BSE,STK,511523,INE882C01035,VEERHEALTH,X,,,,,VEERHEALTH CARE LIMITED,19.0,19.9,18.85,19.05,19.0,19.13,,19.05,,,27561,530542.0,88,F1,1,,,,,
2025-09-03,2025-09-03,CM,BSE,STK,511525,INE376A01032,PANINDIAC,X,,,,,PAN INDIA CORPORATION LTD.,2.45,2.54,2.37,2.41,2.4,2.37,,2.41,,,131951,322729.0,284,F1,1,,,,,
2025-09-03,2025-09-03,CM,BSE,STK,511533,INE135C01012,SAHARAHOUS,X,,,,,SAHARA HOUSINGFINA CORPORATION,39.64,39.64,37.85,38.49,38.49,39.64,,38.49,,,3532,134713.0,44,F1,1,,,,,
2025-09-03,2025-09-03,CM,BSE,STK,511535,INE026C01013,NDASEC,X,,,,,NDA SECURITIES LTD.,48.5,48.5,43.51,44.18,44.0,46.63,,44.18,,,8218,362491.0,33,F1,1,,,,,
2025-09-03,2025-09-03,CM,BSE,STK,511539,INE533B01028,SUPRATRE,XT,,,,,Supra Trends Limited,20.57,22.73,20.57,20.77,22.69,21.65,,20.77,,,77457,1595712.0,157,F1,1,,,,,
2025-09-03,2025-09-03,CM,BSE,STK,511543,INE777C01011,GSBFIN,X,,,,,GSB FINANCE LTD.,26.81,28.85,26.81,26.81,26.81,26.81,,26.81,,,553,14828.0,8,F1,1,,,,,
2025-09-03,2025-09-03,CM,BSE,STK,511549,INE367A01015,MORARKFI,X,,,,,MORARKA FINANCE LTD.,102.9,106.99,102.9,103.17,103.5,102.49,,103.17,,,372,38532.0,16,F1,1,,,,,
2025-09-03,2025-09-03,CM,BSE,STK,511551,INE903D01011,MONARCH,B,,,,,Monarch Networth Capital Limit,323.05,338.0,323.05,336.65,333.85,327.7,,335.4,,,10253,3418332.0,337,F1,1,,,,,
2025-09-03,2025-09-03,CM,BSE,STK,511557,INE732K01027,PROFINC,XT,,,,,PRO FIN CAPITAL SERVICES LTD.,10.15,10.74,10.13,10.71,10.71,10.66,,10.71,,,1418596,14668211.0,807,F1,1,,,,,
2025-09-03,2025-09-03,CM,BSE,STK,511559,INE289C01025,TEAMGTY,T,,,,,TEAM INDIA GUARANTY LIMITED,269.9,269.9,269.9,269.9,269.9,275.4,,269.7,,,100,26990.0,3,F1,1,,,,,
2025-09-03,2025-09-03,CM,BSE,STK,511571,INE754C01010,SODFC,XT,,,,,SOM DATT FINANCE CORPORATION L,129.85,134.0,125.0,132.8,128.15,129.85,,132.8,,,2789,370518.0,43,F1,1,,,,,
2025-09-03,2025-09-03,CM,BSE,STK,511577,INE304E01010,SAVFI,X,,,,,SAVANI FINANCIALS LTD.,17.78,18.0,16.61,17.75,17.75,17.79,,17.75,,,4796,85182.0,25,F1,1,,,,,
2025-09-03,2025-09-03,CM,BSE,STK,511585,INE425F01028,BEFOUNDMOL,XT,,,,,BEFOUND MOVEMENT LIMITED,6.07,6.07,6.07,6.07,6.07,5.96,,6.07,,,840,5098.0,4,F1,1,,,,,
2025-09-03,2025-09-03,CM,BSE,STK,511589,INE323B01024,AVONMORE,B,,,,,AVONMORE CAPITAL & MANAGEMENT,19.23,19.25,18.93,18.99,19.0,19.05,,19.0,,,4581,87249.0,139,F1,1,,,,,
2025-09-03,2025-09-03,CM,BSE,STK,511593,INE212B01011,LIBORDFIN,X,,,,,LIBORD FINANCE LTD,18.41,18.45,18.1,18.13,18.13,17.23,,18.13,,,670,12328.0,10,F1,1,,,,,
2025-09-03,2025-09-03,CM,BSE,STK,511601,INE216B01012,YASHMGM,X,,,,,YASH MANAGEMENT & SATELLITE LT,11.09,11.09,10.42,10.93,11.0,11.09,,10.93,,,14514,157756.0,31,F1,1,,,,,
2025-09-03,2025-09-03,CM,BSE,STK,511605,INE420B01036,ARIHANTCAP,B,,,,,ARIHANT CAPITAL MARKETS LTD.,106.65,107.5,105.5,105.95,105.75,105.95,,106.04,,,9775,1041977.0,138,F1,1,,,,,
2025-09-03,2025-09-03,CM,BSE,STK,511609,INE569B01022,ISLCONSUL,X,,,,,ISL CONSULTING LTD.,27.98,27.98,26.5,26.84,26.5,26.31,,26.84,,,125,3373.0,11,F1,1,,,,,
2025-09-03,2025-09-03,CM,BSE,STK,511611,INE891B01012,DCMFINSERV,T,,,,,DCM FINANCIAL SERVICES LTD.,6.06,6.15,5.82,6.02,6.15,6.1,,5.85,,,267,1574.0,11,F1,1,,,,,
2025-09-03,2025-09-03,CM,BSE,STK,511626,INE229D01011,RRFIN,XT,,,,,RR FINANCIAL CONSULTANTS LTD.,95.4,95.4,91.67,91.67,91.67,93.54,,91.67,,,22941,2160574.0,195,F1,1,,,,,
2025-09-03,2025-09-03,CM,BSE,STK,511628,INE417D01020,FEDDERSHOL,B,,,,,FEDDERS HOLDING LIMITED,46.3,46.98,45.22,46.03,46.15,47.15,,46.03,,,392443,18070033.0,673,F1,1,,,,,
2025-09-03,2025-09-03,CM,BSE,STK,511630,INE699B01027,SAMBHAAV,B,,,,,SAMBHAAV MEDIA LTD.,6.57,6.79,6.57,6.7,6.75,6.64,,6.64,,,27374,182163.0,90,F1,1,,,,,
2025-09-03,2025-09-03,CM,BSE,STK,511634,INE919M01026,DUGARHOU,XT,,,,,DUGAR HOUSING DEVELOPMENTS LTD,147.35,147.35,147.35,147.35,147.35,144.5,,147.35,,,50,7367.0,1,F1,1,,,,,
2025-09-03,2025-09-03,CM,BSE,STK,511636,INE234E01027,DJSSS,XT,,,,,DJS STOCK & SHARES LTD.,2.45,2.52,2.3,2.43,2.43,2.4,,2.43,,,12456,30159.0,109,F1,1,,,,,
2025-09-03,2025-09-03,CM,BSE,STK,511644,INE113B01029,OMEGAIN,XT,,,,,OMEGA INTERACTIVE TECHNOLOGIES,157.45,157.45,157.0,157.0,157.0,154.4,,157.0,,,11035,1737190.0,28,F1,1,,,,,
2025-09-03,2025-09-03,CM,BSE,STK,511654,INE309D01011,SUGALDAM,XT,,,,,SUGAL & DAMANI SHARE BROKERS L,97.0,101.8,97.0,97.0,97.0,97.0,,97.0,,,1546,152644.0,11,F1,1,,,,,
2025-09-03,2025-09-03,CM,BSE,STK,511658,INE027D01019,NETTLINX,X,,,,,NETTLINX LTD.,22.25,22.83,21.95,22.04,22.73,22.14,,22.04,,,5745,127750.0,82,F1,1,,,,,
2025-09-03,2025-09-03,CM,BSE,STK,511664,INE443D01018,BGIL,XT,,,,,BGIL FILMS & TECHNOLOGIES LTD.,12.75,13.0,12.75,13.0,13.0,13.0,,13.0,,,24805,316319.0,28,F1,1,,,,,
2025-09-03,2025-09-03,CM,BSE,STK,511672,INE099G01011,SCANSTL,X,,,,,Scan Steels Limited,35.34,35.34,34.15,34.65,34.65,34.83,,34.65,,,59140,2049461.0,140,F1,1,,,,,
2025-09-03,2025-09-03,CM,BSE,STK,511676,INE289B01019,GICHSGFIN,B,,,,,GIC HOUSING FINANCE LTD.,172.7,177.15,172.7,175.55,175.45,174.35,,175.77,,,1226,215711.0,43,F1,1,,,,,
2025-09-03,2025-09-03,CM,BSE,STK,511692,INE759C01027,AJCON,XT,,,,,AJCON GLOBAL SERVICES LTD.,9.57,10.04,9.1,10.03,10.04,9.57,,10.03,,,19371,179229.0,90,F1,1,,,,,
2025-09-03,2025-09-03,CM,BSE,STK,511696,INE953B01010,CHRTEDCA,X,,,,,CHARTERED CAPITAL & INVESTMENT,249.0,249.0,235.0,249.0,249.0,249.0,,249.0,,,50,12112.0,9,F1,1,,,,,
2025-09-03,2025-09-03,CM,BSE,STK,511700,INE625D01028,STANCAP,XT,,,,,STANDARD CAPITAL MARKETS LTD.,0.64,0.67,0.64,0.67,0.67,0.64,,0.67,,,8635375,5734688.0,2132,F1,1,,,,,
2025-09-03,2025-09-03,CM,BSE,STK,511702,INE290E01011,YOGI,XT,,,,,YOGI LIMITED,184.1,186.5,182.0,183.65,183.95,183.2,,183.65,,,2765,505330.0,48,F1,1,,,,,
2025-09-03,2025-09-03,CM,BSE,STK,511710,INE717D01023,CUBIFIN,X,,,,,CUBICAL FINANCIAL SERVICES LTD,2.15,2.15,2.1,2.13,2.14,2.12,,2.13,,,42504,90708.0,103,F1,1,,,,,
2025-09-03,2025-09-03,CM,BSE,STK,511712,INE452B01013,RELICTEC,XT,,,,,RELIC TECHNOLOGIES LTD.,89.7,89.7,89.0,89.69,89.69,85.43,,89.69,,,4967,445011.0,50,F1,1,,,,,
2025-09-03,2025-09-03,CM,BSE,STK,511714,INE875B01015,NIMBSPROJ,X,,,,,NIMBUS PROJECTS LTD.,219.0,220.0,211.95,212.0,212.0,212.1,,212.0,,,6858,1485360.0,182,F1,1,,,,,
2025-09-03,2025-09-03,CM,BSE,STK,511716,INE359A01012,INVIGO,XT,,,,,Invigorated Business Consultin,6.65,7.31,6.65,6.65,7.25,6.99,,6.65,,,4809,32831.0,15,F1,1,,,,,
2025-09-03,2025-09-03,CM,BSE,STK,511724,INE020D01022,BAIDFIN,B,,,,,BAID FINSERV LIMITED,12.0,12.0,11.05,11.6,11.62,11.3,,11.54,,,11572,133791.0,99,F1,1,,,,,
2025-09-03,2025-09-03,CM,BSE,STK,511726,INE946H01037,VIPULLTD,B,,,,,VIPUL LTD.,10.63,10.82,10.2,10.82,10.82,10.31,,10.82,,,97417,1051671.0,210,F1,1,,,,,
2025-09-03,2025-09-03,CM,BSE,STK,511728,INE006C01015,KZLFIN,X,,,,,K.Z.LEASING & FINANCE LTD.,28.0,28.0,27.51,27.51,27.51,28.95,,27.51,,,82,2256.0,4,F1,1,,,,,
2025-09-03,2025-09-03,CM,BSE,STK,511734,INE527C01010,PASUFIN,XT,,,,,PASUPATI FINCAP LTD.,25.06,27.59,25.06,25.06,25.06,26.37,,25.06,,,12076,302738.0,27,F1,1,,,,,
2025-09-03,2025-09-03,CM,BSE,STK,511742,INE583D01011,UGROCAP,B,,,,,UGRO CAPITAL LIMITED,179.8,180.95,176.8,179.05,179.3,177.55,,179.51,,,15951,2860840.0,293,F1,1,,,,,
2025-09-03,2025-09-03,CM,BSE,STK,511754,INE861D01011,SAHLIBHFI,X,,,,,SHALIBHADRA FINANCE LTD.,120.9,121.1,117.55,118.8,119.0,121.1,,118.8,,,33550,4001296.0,217,F1,1,,,,,
2025-09-03,2025-09-03,CM,BSE,STK,511756,INE195I01013,ABIRAFN,Z,,,,,ABIRAMI FINANCIAL SERVICES (IN,50.6,50.6,50.6,50.6,50.6,50.65,,50.6,,,4,202.0,2,F1,1,,,,,
2025-09-03,2025-09-03,CM,BSE,STK,511758,INE094E01017,MANSIFIN,X,,,,,MANSI FINANCE (CHENNAI) LTD.,73.86,73.86,68.18,71.24,71.24,67.15,,71.24,,,694,49413.0,26,F1,1,,,,,
2025-09-03,2025-09-03,CM,BSE,STK,511764,INE819K01014,AASTAFIN,XT,,,,,Aastamangalam Finance Limited,44.86,45.94,43.51,45.83,45.83,44.86,,45.83,,,1382,61314.0,15,F1,1,,,,,
2025-09-03,2025-09-03,CM,BSE,STK,511766,INE296G01013,MUTHOOTCAP,B,,,,,MUTHOOT CAPITAL SERVICES LTD.,276.45,278.5,271.7,276.8,276.75,277.85,,277.25,,,1741,477854.0,42,F1,1,,,,,
2025-09-03,2025-09-03,CM,BSE,STK,511768,INE677D01037,MASTERTR,B,,,,,MASTER TRUST LTD.,155.45,155.45,150.5,152.1,152.0,152.8,,152.13,,,12404,1882338.0,348,F1,1,,,,,
2025-09-03,2025-09-03,CM,BSE,STK,512008,INE886D01026,EFCIL,B,,,,,EFC (I) LIMITED,336.9,339.55,332.15,336.95,337.3,334.5,,337.05,,,58570,19667462.0,1611,F1,1,,,,,
2025-09-03,2025-09-03,CM,BSE,STK,512014,INE754D01018,SOBME,XT,,,,,SOBHAGYA MERCHANTILE LTD.,919.95,920.6,900.0,920.6,920.6,920.6,,920.6,,,1241,1136685.0,147,F1,1,,,,,
2025-09-03,2025-09-03,CM,BSE,STK,512018,INE135H01029,TTGIL,X,,,,,TOMORROW TECHNOLOGIES GLOBAL I,10.73,11.1,10.62,10.87,10.94,10.95,,10.87,,,19327,210143.0,82,F1,1,,,,,
2025-09-03,2025-09-03,CM,BSE,STK,512020,INE967G01019,ZSARACOM,B,,,,,SARASWATI COMMERCIAL (INDIA) L,13795.55,13795.55,13201.1,13444.2,13442.0,13203.75,,13444.2,,,23,307992.0,22,F1,1,,,,,
2025-09-03,2025-09-03,CM,BSE,STK,512025,INE767M01029,BANGANGA,X,,,,,BANGANGA PAPER INDUSTRIES LIMI,51.85,53.56,49.05,52.81,53.56,51.01,,52.81,,,9629,498918.0,69,F1,1,,,,,
2025-09-03,2025-09-03,CM,BSE,STK,512036,INE393H01016,KAPILCO,XT,,,,,KAPIL COTEX LTD.,194.05,194.05,194.05,194.05,194.05,204.25,,194.05,,,10,1940.0,3,F1,1,,,,,
2025-09-03,2025-09-03,CM,BSE,STK,512038,INE887D01016,TCC,T,,,,,TCC CONCEPT LIMITED,550.0,565.0,541.1,544.25,549.0,545.0,,544.25,,,66683,36681673.0,147,F1,1,,,,,
2025-09-03,2025-09-03,CM,BSE,STK,512047,INE510H01015,ROYALIND,X,,,,,ROYAL INDIA CORPORATION LIMITE,6.1,6.37,6.06,6.37,6.37,6.07,,6.37,,,1170051,7434683.0,357,F1,1,,,,,
2025-09-03,2025-09-03,CM,BSE,STK,512048,INE195E01020,DHANSAFAL,X,,,,,DHANSAFAL FINSERVE LIMITED,3.85,4.05,3.83,3.99,4.05,3.9,,3.99,,,123379,485558.0,181,F1,1,,,,,
2025-09-03,2025-09-03,CM,BSE,STK,512064,INE762D01011,VISVEN,X,,,,,VISHVPRABHA VENTURES LIMITED,62.15,62.15,62.11,62.11,62.11,66.5,,62.11,,,10,621.0,2,F1,1,,,,,
2025-09-03,2025-09-03,CM,BSE,STK,512068,INE945F01025,DECNGOLD,B,,,,,DECCAN GOLD MINES LTD.,130.0,132.5,129.7,130.25,130.25,129.8,,130.25,,,221823,29021067.0,1760,F1,1,,,,,
2025-09-03,2025-09-03,CM,BSE,STK,512070,INE628A01036,UPL,A,,,,,UPL LIMITED,722.05,730.0,713.0,715.6,715.6,710.55,,715.6,,,52571,37741704.0,1527,F1,1,,,,,
2025-09-03,2025-09-03,CM,BSE,STK,512093,INE234B01023,CRANESSOFT,Z,,,,,CRANES SOFTWARE INTERNATIONAL,4.0,4.26,4.0,4.06,4.05,4.1,,4.06,,,15359,61982.0,51,F1,1,,,,,
2025-09-03,2025-09-03,CM,BSE,STK,512097,INE092G01024,SAICOM,X,,,,,SAIANAND COMMERCIAL LIMITED,0.32,0.32,0.31,0.31,0.32,0.31,,0.31,,,1150115,363961.0,277,F1,1,,,,,
2025-09-03,2025-09-03,CM,BSE,STK,512099,INE750G01019,EY,XT,,,,,EYANTRA VENTURES LIMITED,940.7,1000.0,911.95,941.85,1000.0,959.9,,941.85,,,11,10359.0,5,F1,1,,,,,
2025-09-03,2025-09-03,CM,BSE,STK,512103,INE276H01013,NIDHGRN,XT,,,,,NIDHI GRANITES LTD.,291.55,298.0,287.15,298.0,298.0,293.0,,298.0,,,1102,325630.0,19,F1,1,,,,,
2025-09-03,2025-09-03,CM,BSE,STK,512115,INE649C01012,ROSEMER,XT,,,,,ROSE MERC.LTD.,71.1,76.44,69.16,75.12,76.44,72.8,,75.12,,,18160,1304162.0,99,F1,1,,,,,
2025-09-03,2025-09-03,CM,BSE,STK,512131,INE529F01035,SIGIND,T,,,,,SIGNET INDUSTRIES LIMITED,55.95,57.0,54.9,57.0,57.0,55.4,,57.65,,,2053,116919.0,8,F1,1,,,,,
2025-09-03,2025-09-03,CM,BSE,STK,512149,INE758A01072,AVANCE,XT,,,,,AVANCE TECHNOLOGIES LTD.,2.01,2.01,2.01,2.01,2.01,1.98,,2.01,,,22452532,45129589.0,4371,F1,1,,,,,
2025-09-03,2025-09-03,CM,BSE,STK,512161,INE650K01021,SECURKLOUD,B,,,,,SECUREKLOUD TECHNOLOGIES LIMIT,23.58,24.0,23.25,23.31,23.31,23.82,,23.36,,,6861,161824.0,114,F1,1,,,,,
2025-09-03,2025-09-03,CM,BSE,STK,512165,INE365O01028,ABANSENT,X,,,,,ABANS ENTERPRISES LTD,32.0,32.84,31.7,32.7,32.7,32.02,,32.7,,,4980,160655.0,51,F1,1,,,,,
2025-09-03,2025-09-03,CM,BSE,STK,512175,INE685D01022,VAMA,X,,,,,VAMA INDUSTRIES LTD.,5.58,5.75,5.55,5.74,5.75,5.61,,5.74,,,26485,150138.0,100,F1,1,,,,,
2025-09-03,2025-09-03,CM,BSE,STK,512179,INE805D01034,SUNTECK,A,,,,,SUNTECK REALTY LTD.,401.65,402.2,385.95,394.3,395.05,385.2,,394.1,,,17858,7060681.0,813,F1,1,,,,,
2025-09-03,2025-09-03,CM,BSE,STK,512197,INE798C01017,SILVERO,Z,,,,,SILVER OAK COMMERCIAL LTD.,6.99,7.0,6.84,7.0,7.0,6.93,,7.0,,,1038,7156.0,10,F1,1,,,,,
2025-09-03,2025-09-03,CM,BSE,STK,512217,INE730E01016,PRISMMEDI,X,,,,,PRISM MEDICO AND PHARMACY LTD.,16.36,17.17,16.36,17.17,17.17,16.36,,17.17,,,1438,24425.0,24,F1,1,,,,,
2025-09-03,2025-09-03,CM,BSE,STK,512229,INE379J01029,VERITAS,T,,,,,VERITAS (INDIA) LTD.,369.95,374.75,363.3,373.4,373.0,369.95,,373.4,,,1708,629607.0,59,F1,1,,,,,
2025-09-03,2025-09-03,CM,BSE,STK,512237,INE070D01027,JAICORPLTD,B,,,,,JAI CORP LTD.,143.25,170.15,143.25,168.05,168.05,141.8,,167.92,,,5726930,925424490.0,46179,F1,1,,,,,
2025-09-03,2025-09-03,CM,BSE,STK,512247,INE894A01026,ASHCAP,X,,,,,ASHIRWAD CAPITAL LTD.,3.55,3.59,3.47,3.56,3.59,3.56,,3.56,,,76824,272675.0,271,F1,1,,,,,
2025-09-03,2025-09-03,CM,BSE,STK,512257,INE895A01023,SVARTCORP,X,,,,,SWASTI VINAYAKA ART AND HERITA,3.95,3.97,3.85,3.9,3.89,3.87,,3.9,,,37269,145482.0,133,F1,1,,,,,
2025-09-03,2025-09-03,CM,BSE,STK,512267,INE200D01020,MMWL,B,,,,,MEDIA MATRIX WORLDWIDE LTD.,13.19,13.73,12.62,13.13,13.15,13.19,,13.13,,,51648,689602.0,229,F1,1,,,,,
2025-09-03,2025-09-03,CM,BSE,STK,512296,INE458B01036,BHAGYANGR,T,,,,,BHAGYANAGAR INDIA LTD.,92.5,93.99,92.0,92.68,93.0,91.96,,92.58,,,12590,1162176.0,61,F1,1,,,,,
2025-09-03,2025-09-03,CM,BSE,STK,512297,INE408F01024,SHANTAI,X,,,,,Shantai Industries Limited,12.95,13.25,12.25,12.28,12.26,12.7,,12.28,,,1275,16455.0,19,F1,1,,,,,
2025-09-03,2025-09-03,CM,BSE,STK,512301,INE417N01011,CHMBBRW,XT,,,,,CHAMBAL BREWERIES & DISTILLERI,20.12,20.12,20.12,20.12,20.12,19.73,,20.12,,,12850,258542.0,24,F1,1,,,,,
2025-09-03,2025-09-03,CM,BSE,STK,512329,INE385F01024,SGMART,B,,,,,SG MART LIMITED,330.15,334.55,325.5,330.05,330.05,330.15,,330.05,,,166848,55042441.0,837,F1,1,,,,,
2025-09-03,2025-09-03,CM,BSE,STK,512344,INE068C01015,ARAVALIS,X,,,,,ARAVALI SECURITIES & FINANCE L,4.11,4.31,4.11,4.31,4.31,4.11,,4.31,,,517,2184.0,9,F1,1,,,,,
2025-09-03,2025-09-03,CM,BSE,STK,512345,INE745A01012,YASTF,XT,,,,,YASH TRADING & FINANCE LTD.,184.65,204.05,184.65,203.0,203.0,194.35,,203.0,,,1201,237166.0,34,F1,1,,,,,
2025-09-03,2025-09-03,CM,BSE,STK,512361,INE108G01010,CUPIDALBV,X,,,,,CUPID BREWERIES AND DISTILLERI,84.0,90.12,84.0,88.89,90.12,85.83,,88.89,,,2562,220803.0,56,F1,1,,,,,
2025-09-03,2025-09-03,CM,BSE,STK,512379,INE716D01033,CRSL,X,,,,,CRESSANDA RAILWAY SOLUTIONS LI,3.99,4.04,3.8,4.04,4.04,3.68,,4.04,,,835855,3341203.0,755,F1,1,,,,,
2025-09-03,2025-09-03,CM,BSE,STK,512381,INE992I01013,STARTECK,B,,,,,STARTECK FINANCE LIMITED,320.1,328.0,312.25,324.25,328.0,317.2,,314.45,,,3244,1031609.0,44,F1,1,,,,,
2025-09-03,2025-09-03,CM,BSE,STK,512393,INE037B01020,SHARDUL,X,,,,,SHARDUL SECURITIES LTD.,50.0,51.0,49.01,49.57,49.01,49.52,,49.57,,,8415,418849.0,63,F1,1,,,,,
2025-09-03,2025-09-03,CM,BSE,STK,512399,INE017I01027,SERA,X,,,,,SERA INVESTMENTS & FINANCE IND,35.49,35.49,34.8,34.97,35.0,34.48,,34.97,,,261307,9150457.0,127,F1,1,,,,,
2025-09-03,2025-09-03,CM,BSE,STK,512415,INE319T01016,MERCTRD,X,,,,,MERCURY TRADE LINKS LTD.,6.49,6.49,6.15,6.18,6.15,6.47,,6.18,,,182248,1130228.0,489,F1,1,,,,,
2025-09-03,2025-09-03,CM,BSE,STK,512437,INE412D01013,APOLLOFI,X,,,,,APOLLO FINVEST (INDIA) LTD.,511.85,511.85,510.7,510.7,510.7,512.0,,510.7,,,13,6640.0,4,F1,1,,,,,
2025-09-03,2025-09-03,CM,BSE,STK,512441,INE993I01029,ENBETRD,XT,,,,,Enbee Trade &amp; Finance Ltd,0.49,0.49,0.46,0.47,0.48,0.48,,0.47,,,5183947,2407268.0,943,F1,1,,,,,
2025-09-03,2025-09-03,CM,BSE,STK,512443,INE162L01017,GANONPRO,XT,,,,,Ganon Products Limited,11.85,11.85,11.4,11.61,11.61,11.85,,11.61,,,17795,206393.0,19,F1,1,,,,,
2025-09-03,2025-09-03,CM,BSE,STK,512453,INE564J01026,SHRJAGP,XT,,,,,SHRI JAGDAMBA POLYMERS LTD.,964.8,964.8,950.0,950.7,950.0,959.25,,950.7,,,862,821185.0,33,F1,1,,,,,
2025-09-03,2025-09-03,CM,BSE,STK,512455,INE281B01032,LLOYDSME,A,,,,,LLOYDS METALS AND ENERGY LTD.,1326.4,1362.8,1325.5,1337.05,1343.2,1318.55,,1336.9,,,27488,36876370.0,2018,F1,1,,,,,
2025-09-03,2025-09-03,CM,BSE,STK,512463,INE080I01025,LLOYDSENT,B,,,,,LLOYDS ENTERPRISES LIMITED,72.99,73.0,70.0,72.44,72.44,72.97,,72.42,,,202061,14595024.0,1467,F1,1,,,,,
2025-09-03,2025-09-03,CM,BSE,STK,512477,INE765L01017,BETXIND,X,,,,,BETEX INDIA LTD.,422.95,428.0,419.95,422.0,422.0,415.0,,422.0,,,199,84046.0,11,F1,1,,,,,
2025-09-03,2025-09-03,CM,BSE,STK,512485,INE977F01010,DHANCOT,XT,,,,,DHANLAXMI COTEX LTD.,150.0,157.4,150.0,157.4,157.4,149.95,,157.4,,,26,4055.0,3,F1,1,,,,,
2025-09-03,2025-09-03,CM,BSE,STK,512489,INE876A01023,OASISEC,X,,,,,OASIS SECURITIES LTD.,21.2,23.28,21.05,22.5,22.5,22.89,,22.5,,,12739,283842.0,24,F1,1,,,,,
2025-09-03,2025-09-03,CM,BSE,STK,512493,INE590B01010,GARNETINT,X,,,,,GARNET INTERNATIONAL LTD.,124.95,125.0,121.0,122.1,123.0,123.6,,122.1,,,21504,2648021.0,133,F1,1,,,,,
2025-09-03,2025-09-03,CM,BSE,STK,512499,INE435E01020,SHALPRO,X,,,,,SHALIMAR PRODUCTIONS LTD.,0.49,0.49,0.49,0.49,0.49,0.49,,0.49,,,117497,57573.0,279,F1,1,,,,,
2025-09-03,2025-09-03,CM,BSE,STK,512527,INE091C01017,SUPER,X,,,,,SUPER SALES INDIA LTD.,804.75,805.0,785.0,792.8,790.0,799.5,,792.8,,,274,216524.0,26,F1,1,,,,,
2025-09-03,2025-09-03,CM,BSE,STK,512529,INE807F01027,SEQUENT,A,,,,,SEQUENT SCIENTIFIC LTD.,169.3,178.2,169.3,176.45,176.45,171.9,,176.41,,,55101,9712276.0,968,F1,1,,,,,
2025-09-03,2025-09-03,CM,BSE,STK,512531,INE655A01013,STCINDIA,T,,,,,STATE TRADING CORPORATION OF I,118.6,118.6,116.65,117.1,117.1,117.0,,118.13,,,819,96292.0,18,F1,1,,,,,
2025-09-03,2025-09-03,CM,BSE,STK,512553,INE058B01018,ZENITHEXPO,B,,,,,ZENITH EXPORTS LTD.,307.05,335.15,307.05,335.15,335.15,304.7,,335.05,,,3646,1200018.0,274,F1,1,,,,,
2025-09-03,2025-09-03,CM,BSE,STK,512559,INE080B01012,KOHINOOR,B,,,,,KOHINOOR FOODS LTD.,34.8,34.98,34.26,34.41,34.57,34.7,,34.45,,,4731,163409.0,301,F1,1,,,,,
2025-09-03,2025-09-03,CM,BSE,STK,512573,INE871C01038,AVANTIFEED,A,,,,,AVANTI FEEDS LTD.,680.75,686.95,662.1,670.75,670.75,681.05,,670.95,,,34157,22955373.0,2518,F1,1,,,,,
2025-09-03,2025-09-03,CM,BSE,STK,512587,INE077B01018,ZODJRDMKJ,XT,,,,,ZODIAC-JRD-MKJ LTD.,45.89,46.7,45.76,46.06,46.23,46.77,,46.06,,,10296,474071.0,52,F1,1,,,,,
2025-09-03,2025-09-03,CM,BSE,STK,512589,INE579D01019,SITAENT,X,,,,,SITA ENTERPRISES LTD.,206.9,206.9,197.45,203.0,203.0,201.85,,203.0,,,1123,227036.0,38,F1,1,,,,,
2025-09-03,2025-09-03,CM,BSE,STK,512591,INE183U01022,PULSRIN,X,,,,,PULSAR INTERNATIONAL LTD.,2.95,3.05,2.85,3.04,3.04,2.91,,3.04,,,158719,472175.0,462,F1,1,,,,,
2025-09-03,2025-09-03,CM,BSE,STK,512595,INE348N01034,MANBRO,X,,,,,Manbro Industries Limited,600.0,600.0,535.1,566.0,567.95,559.95,,566.0,,,1997,1116135.0,50,F1,1,,,,,
2025-09-03,2025-09-03,CM,BSE,STK,512597,INE681C01015,KEYFINSERV,B,,,,,KEYNOTE FINANCIAL SERVICES LIM,263.9,264.25,257.35,262.0,262.0,263.0,,260.5,,,900,234193.0,36,F1,1,,,,,
2025-09-03,2025-09-03,CM,BSE,STK,512599,INE423A01024,ADANIENT,A,,,,,ADANI ENTERPRISES LTD.,2289.5,2293.2,2264.2,2287.55,2287.55,2273.6,,2288.6,,,31204,71193588.0,1393,F1,1,,,,,
2025-09-03,2025-09-03,CM,BSE,STK,512600,INE307N01014,ASTALLTD,X,,,,,ASTAL LABORATORIES LIMITED,86.95,86.95,84.0,86.0,86.0,85.16,,86.0,,,12003,1029121.0,41,F1,1,,,,,
2025-09-03,2025-09-03,CM,BSE,STK,512604,INE772B01014,HARIAEXPO,XT,,,,,HARIA EXPORTS LTD.,5.35,5.35,5.35,5.35,5.35,5.6,,5.35,,,88,470.0,1,F1,1,,,,,
2025-09-03,2025-09-03,CM,BSE,STK,512608,INE474E01029,BHANDARI,B,,,,,BHANDARI HOSIERY EXPORTS LTD.,5.2,5.2,4.99,5.03,5.04,5.08,,5.03,,,123606,622315.0,218,F1,1,,,,,
2025-09-03,2025-09-03,CM,BSE,STK,512618,INE629C01014,RLF,XT,,,,,RLF LTD.,9.7,9.7,9.22,9.22,9.22,9.7,,9.22,,,575,5373.0,8,F1,1,,,,,
2025-09-03,2025-09-03,CM,BSE,STK,512624,INE769D01016,REGENTRP,X,,,,,Regent Enterprises Limited,6.09,6.09,5.41,5.65,5.62,5.9,,5.65,,,85592,478196.0,148,F1,1,,,,,
2025-09-03,2025-09-03,CM,BSE,STK,512626,INE231G01010,ORBTEXP,T,,,,,ORBIT EXPORTS LTD.,191.0,194.0,183.25,192.65,194.0,191.5,,192.48,,,6004,1147037.0,54,F1,1,,,,,
2025-09-03,2025-09-03,CM,BSE,STK,512634,INE104E01014,SAVERA,X,,,,,SAVERA INDUSTRIES LTD.,163.0,164.85,162.5,162.7,164.0,162.2,,162.7,,,3653,599427.0,88,F1,1,,,,,
2025-09-03,2025-09-03,CM,BSE,STK,513005,INE114E01013,CHROME,X,,,,,Chrome Silicon Limited,47.0,47.0,44.0,46.93,46.3,43.99,,46.93,,,6612,300183.0,44,F1,1,,,,,
2025-09-03,2025-09-03,CM,BSE,STK,513023,INE725A01030,NAVA,A,,,,,NAVA LIMITED,705.65,721.0,700.0,704.15,704.15,704.2,,704.25,,,57801,41033389.0,3006,F1,1,,,,,
2025-09-03,2025-09-03,CM,BSE,STK,513043,INE158G01015,REMIEDEL,XT,,,,,REMI EDELSTAHL TUBULARS LIMITE,174.35,176.75,168.8,174.65,175.4,168.35,,174.65,,,28287,4977057.0,95,F1,1,,,,,
2025-09-03,2025-09-03,CM,BSE,STK,513059,INE736H01024,GSAUTO,X,,,,,G.S.AUTO INTERNATIONAL LTD.,34.45,34.45,33.63,34.4,34.4,33.75,,34.4,,,77,2608.0,11,F1,1,,,,,
2025-09-03,2025-09-03,CM,BSE,STK,513063,INE360D01014,TRANSFRE,X,,,,,TRANS-FREIGHT CONTAINERS LTD.,27.27,27.3,26.5,26.5,26.5,27.27,,26.5,,,118,3215.0,9,F1,1,,,,,
2025-09-03,2025-09-03,CM,BSE,STK,513097,INE386D01027,SBCL,B,,,,,SHIVALIK BIMETAL CONTROLS LTD.,503.7,515.3,503.0,513.8,512.25,510.25,,514.05,,,9428,4808414.0,843,F1,1,,,,,
2025-09-03,2025-09-03,CM,BSE,STK,513108,INE524B01027,GANDHITUBE,B,,,,,GANDHI SPECIAL TUBES LTD.,869.95,884.0,859.5,862.5,859.5,863.9,,865.45,,,1344,1165833.0,139,F1,1,,,,,
2025-09-03,2025-09-03,CM,BSE,STK,513117,INE991A01020,AMFORG,X,,,,,AMFORGE INDUSTRIES LTD.,8.9,9.2,8.01,8.61,9.08,8.9,,8.61,,,7802,67288.0,49,F1,1,,,,,
2025-09-03,2025-09-03,CM,BSE,STK,513119,INE173M01012,ONIXSOLAR,XT,,,,,ONIX SOLAR ENERGY LIMITED,339.0,339.0,312.55,313.7,313.5,329.0,,313.7,,,9993,3146655.0,193,F1,1,,,,,
2025-09-03,2025-09-03,CM,BSE,STK,513121,INE730A01022,ORICONENT,B,,,,,ORICON ENTERPRISES LTD.,52.84,53.49,52.49,53.15,53.19,52.44,,53.08,,,8928,475041.0,97,F1,1,,,,,
2025-09-03,2025-09-03,CM,BSE,STK,513149,INE950D01012,ACROW,X,,,,,ACROW INDIA LTD.,662.1,690.0,662.0,662.05,662.05,662.0,,662.05,,,53,35228.0,9,F1,1,,,,,
2025-09-03,2025-09-03,CM,BSE,STK,513173,INE205F01016,STLSTRINF,X,,,,,STEEL STRIPS INFRASTRUCTURES L,24.19,24.9,24.15,24.31,24.74,24.32,,24.31,,,3852,94330.0,68,F1,1,,,,,
2025-09-03,2025-09-03,CM,BSE,STK,513228,INE932A01024,PENIND,B,,,,,PENNAR INDUSTRIES LTD.,249.75,259.3,249.75,253.7,253.7,249.75,,253.98,,,23171,5933667.0,1180,F1,1,,,,,
2025-09-03,2025-09-03,CM,BSE,STK,513250,INE197A01024,JYOTISTRUC,B,,,,,JYOTI STRUCTURES LTD.,15.96,16.56,15.69,16.4,16.4,15.7,,16.37,,,1254368,20136059.0,2318,F1,1,,,,,
2025-09-03,2025-09-03,CM,BSE,STK,513252,INE289D01015,JAYUSH,X,,,,,JAY USHIN LTD.,701.45,737.0,690.05,690.25,690.05,701.45,,690.25,,,312,219239.0,13,F1,1,,,,,
2025-09-03,2025-09-03,CM,BSE,STK,513262,INE802C01033,SSWL,B,,,,,STEEL STRIPS WHEELS LTD.,225.15,228.0,222.65,225.5,226.35,225.1,,225.97,,,10556,2383205.0,331,F1,1,,,,,
2025-09-03,2025-09-03,CM,BSE,STK,513269,INE993A01026,MANINDS,B,,,,,MAN INDUSTRIES (INDIA) LTD.,398.35,431.5,396.7,414.45,414.45,388.5,,412.45,,,146974,61664331.0,4991,F1,1,,,,,
2025-09-03,2025-09-03,CM,BSE,STK,513295,INE611C01020,IMEC,XT,,,,,IMEC SERVICES LIMITED,146.7,146.7,146.7,146.7,146.7,154.4,,146.7,,,4358,639318.0,65,F1,1,,,,,
2025-09-03,2025-09-03,CM,BSE,STK,513303,INE001F01019,MDRNSTL,X,,,,,MODERN STEELS LTD.,18.21,18.21,17.41,17.96,17.95,18.03,,17.96,,,1789,31643.0,24,F1,1,,,,,
2025-09-03,2025-09-03,CM,BSE,STK,513309,INE327C01031,GOLKONDA,XT,,,,,Golkonda Aluminium Extrusions,11.18,11.18,10.47,11.07,11.12,11.01,,11.07,,,54715,599648.0,97,F1,1,,,,,
2025-09-03,2025-09-03,CM,BSE,STK,513337,INE145J01032,GUJTLRM,X,,,,,GUJARAT TOOLROOM LTD.,0.97,0.99,0.96,0.98,0.98,0.97,,0.98,,,6777419,6589564.0,2313,F1,1,,,,,
2025-09-03,2025-09-03,CM,BSE,STK,513349,INE298G01027,AJMERA,B,,,,,AJMERA REALTY & INFRA INDIA LT,941.35,975.9,939.1,968.2,960.9,940.2,,968.5,,,7604,7352819.0,660,F1,1,,,,,
2025-09-03,2025-09-03,CM,BSE,STK,513353,INE105D01013,COCHINM,X,,,,,COCHIN MINERALS & RUTILE LTD.,296.6,304.15,296.0,300.2,301.6,296.5,,300.2,,,4638,1388377.0,99,F1,1,,,,,
2025-09-03,2025-09-03,CM,BSE,STK,513361,INE072A01029,ISWL,XT,,,,,INDIA STEEL WORKS LTD.,11.42,11.42,11.42,11.42,11.42,11.65,,11.42,,,143067,1633825.0,157,F1,1,,,,,
2025-09-03,2025-09-03,CM,BSE,STK,513369,INE013J01016,KVFORGE,XT,,,,,KRISHANVEER FORGE LIMITED,127.5,136.5,125.0,132.1,132.0,130.25,,132.1,,,13973,1806354.0,78,F1,1,,,,,
2025-09-03,2025-09-03,CM,BSE,STK,513375,INE120A01034,CARBORUNIV,A,,,,,CARBORUNDUM UNIVERSAL LTD.,942.0,962.4,937.4,947.25,949.0,941.2,,947.3,,,6135,5845919.0,592,F1,1,,,,,
2025-09-03,2025-09-03,CM,BSE,STK,513377,INE123F01029,MMTC,A,,,,,MMTC LTD.,61.75,65.66,61.75,64.59,64.35,62.85,,64.54,,,77991,5022847.0,1004,F1,1,,,,,
2025-09-03,2025-09-03,CM,BSE,STK,513397,INE457E01016,VALLABHSQ,XT,,,,,VALLABH STEELS LTD.,10.43,10.43,10.43,10.43,10.43,10.43,,10.43,,,3556,37089.0,2,F1,1,,,,,
2025-09-03,2025-09-03,CM,BSE,STK,513401,INE587D01012,ASHIS,X,,,,,ASHIANA ISPAT LTD.,21.6,22.4,20.52,21.2,21.1,20.37,,21.2,,,11526,246170.0,52,F1,1,,,,,
2025-09-03,2025-09-03,CM,BSE,STK,513403,INE092C01015,PMTELELIN,XT,,,,,P.M.TELELINNKS LTD.,6.21,6.21,6.11,6.21,6.21,6.21,,6.21,,,203,1240.0,3,F1,1,,,,,
2025-09-03,2025-09-03,CM,BSE,STK,513418,INE728B01032,SMFIL,X,,,,,SMITHS & FOUNDERS (INDIA) LIMI,5.76,5.83,5.42,5.62,5.59,5.76,,5.62,,,13079,74821.0,57,F1,1,,,,,
2025-09-03,2025-09-03,CM,BSE,STK,513422,INE373E01015,BLOIN,X,,,,,BLOOM INDUSTRIES LTD.,43.0,43.0,42.49,43.0,43.0,41.68,,43.0,,,736,31542.0,19,F1,1,,,,,
2025-09-03,2025-09-03,CM,BSE,STK,513436,INE640C01011,SHAHALLOYS,B,,,,,SHAH ALLOYS LTD.,61.01,62.24,60.3,61.3,61.3,60.06,,61.13,,,617,37829.0,96,F1,1,,,,,
2025-09-03,2025-09-03,CM,BSE,STK,513452,INE594D01018,ELANGO,XT,,,,,ELANGO INDUSTRIES LTD.,11.45,11.45,11.45,11.45,11.45,11.67,,11.45,,,1,11.0,1,F1,1,,,,,
2025-09-03,2025-09-03,CM,BSE,STK,513456,INE791E01018,KANSHST,XT,,,,,KANISHK STEEL INDUSTRIES LTD.,47.49,47.55,45.51,47.55,47.55,47.49,,47.55,,,5150,238589.0,43,F1,1,,,,,
2025-09-03,2025-09-03,CM,BSE,STK,513460,INE257F01017,MAHALXSE,Z,,,,,MAHALAXMI SEAMLESS LTD.,8.59,8.59,8.0,8.01,8.01,8.19,,8.01,,,2639,21710.0,11,F1,1,,,,,
2025-09-03,2025-09-03,CM,BSE,STK,513472,INE658D01011,SIMPLEXCAS,X,,,,,SIMPLEX CASTINGS LTD.,409.3,420.8,401.55,417.25,415.0,400.8,,417.25,,,33223,13939906.0,323,F1,1,,,,,
2025-09-03,2025-09-03,CM,BSE,STK,513488,INE387D01025,SSWRL,X,,,,,SHREE STEEL WIRE ROPES LTD.,28.0,28.8,27.25,28.41,28.6,27.71,,28.41,,,3384,96043.0,36,F1,1,,,,,
2025-09-03,2025-09-03,CM,BSE,STK,513496,INE235U01012,SIZEMASTER,X,,,,,SIZEMASTERS TECHNOLOGY LIMITED,135.0,135.0,135.0,135.0,135.0,135.0,,135.0,,,1,135.0,1,F1,1,,,,,
2025-09-03,2025-09-03,CM,BSE,STK,513498,INE308N01012,SOUTHMG,X,,,,,SOUTHERN MAGNESIUM & CHEMICALS,116.5,116.5,110.0,113.35,112.5,111.35,,113.35,,,2428,279054.0,64,F1,1,,,,,
2025-09-03,2025-09-03,CM,BSE,STK,513502,INE927K01023,BAROEXT,X,,,,,BARODA EXTRUSION LTD.,9.05,9.3,9.05,9.14,9.14,9.15,,9.14,,,137131,1255598.0,151,F1,1,,,,,
2025-09-03,2025-09-03,CM,BSE,STK,513507,INE276I01011,GUJCONT,P,,,,,GUJARAT CONTAINERS LTD.,163.7,175.05,163.7,175.05,175.05,171.7,,175.05,,,1100,185030.0,6,F1,100,,,,,
2025-09-03,2025-09-03,CM,BSE,STK,513509,INE314G01014,KALYANIFRG,B,,,,,KALYANI FORGE LTD.,680.5,685.0,677.45,677.45,677.45,679.0,,680.95,,,153,103984.0,24,F1,1,,,,,
2025-09-03,2025-09-03,CM,BSE,STK,513511,INE798F01010,PANCHMAHQ,XT,,,,,PANCHMAHAL STEEL LTD.,272.75,274.95,267.0,272.5,274.95,270.0,,272.5,,,1335,363688.0,18,F1,1,,,,,
2025-09-03,2025-09-03,CM,BSE,STK,513513,INE570B01012,ADITYA,X,,,,,ADITYA ISPAT LTD.,9.38,9.6,9.38,9.6,9.6,9.42,,9.6,,,3403,32317.0,12,F1,1,,,,,
2025-09-03,2025-09-03,CM,BSE,STK,513517,INE124E01038,STEELCAS,B,,,,,STEELCAST LTD.,205.3,218.15,204.55,215.1,215.0,206.4,,215.81,,,3744,794456.0,198,F1,1,,,,,
2025-09-03,2025-09-03,CM,BSE,STK,513519,INE450D01021,PITTIENG,A,,,,,PITTI ENGINEERING LIMITED,909.0,926.0,909.0,918.0,921.5,917.4,,916.7,,,1792,1648155.0,185,F1,1,,,,,
2025-09-03,2025-09-03,CM,BSE,STK,513528,INE741B01027,GLITTEKG,XT,,,,,GLITTEK GRANITES LTD.,9.16,9.16,9.16,9.16,9.16,8.73,,9.16,,,26510,242831.0,53,F1,1,,,,,
2025-09-03,2025-09-03,CM,BSE,STK,513532,INE770A01010,PRADPME,X,,,,,PRADEEP METALS LTD.,234.9,235.0,231.45,234.55,234.55,231.15,,234.55,,,972,226947.0,44,F1,1,,,,,
2025-09-03,2025-09-03,CM,BSE,STK,513536,INE207H01018,GNRL,XT,,,,,GUJARAT NATURAL RESOURCES LIMI,67.64,67.64,67.64,67.64,67.64,66.32,,67.64,,,279733,18921140.0,167,F1,1,,,,,
2025-09-03,2025-09-03,CM,BSE,STK,513540,INE176E01012,TNSTLTU,P,,,,,TAMILNADU STEEL TUBES LTD.,19.65,19.65,19.65,19.65,19.65,19.65,,19.65,,,100,1965.0,1,F1,100,,,,,
2025-09-03,2025-09-03,CM,BSE,STK,513544,INE277E01026,MSCTC,XT,,,,,MARDIA SAMYOUNG CAPILLARY TUBE,51.81,51.81,51.81,51.81,51.81,50.8,,51.81,,,113,5854.0,6,F1,1,,,,,
2025-09-03,2025-09-03,CM,BSE,STK,513548,INE385M01012,SHRDAIS,X,,,,,SHARDA ISPAT LTD.,291.95,291.95,273.05,286.25,290.75,283.85,,286.25,,,468,133104.0,31,F1,1,,,,,
2025-09-03,2025-09-03,CM,BSE,STK,513554,INE451L01014,MAHASTEEL,B,,,,,MAHAMAYA STEEL INDUSTRIES LTD.,370.5,389.0,366.0,387.25,387.25,366.75,,386.85,,,14648,5577519.0,408,F1,1,,,,,
2025-09-03,2025-09-03,CM,BSE,STK,513566,INE608C01026,NOVIS,X,,,,,NOVA IRON & STEEL LTD.,14.29,14.43,14.22,14.4,14.4,14.5,,14.4,,,1512,21632.0,22,F1,1,,,,,
2025-09-03,2025-09-03,CM,BSE,STK,513575,INE067E01013,STERPOW,X,,,,,STERLING POWERGENSYS LTD,35.99,36.4,33.66,34.08,34.8,35.28,,34.08,,,8549,297054.0,109,F1,1,,,,,
2025-09-03,2025-09-03,CM,BSE,STK,513599,INE531E01026,HINDCOPPER,A,,,,,HINDUSTAN COPPER LTD.,239.3,250.8,238.5,248.0,248.0,237.75,,247.97,,,260444,64232309.0,4186,F1,1,,,,,
2025-09-03,2025-09-03,CM,BSE,STK,513629,INE463D01016,TULSYAN,X,,,,,TULSYAN NEC LTD.,30.56,32.7,30.0,32.7,32.7,30.19,,32.7,,,4312,132391.0,25,F1,1,,,,,
2025-09-03,2025-09-03,CM,BSE,STK,513642,INE197C01012,AXELPOLY,XT,,,,,AXEL POLYMERS LTD.,51.84,55.8,51.84,55.8,55.8,54.56,,55.8,,,470,24767.0,10,F1,1,,,,,
2025-09-03,2025-09-03,CM,BSE,STK,513683,INE589A01014,NLCINDIA,A,,,,,NLC India Limited,233.35,239.0,232.05,232.9,232.9,233.35,,232.73,,,31774,7474048.0,997,F1,1,,,,,
2025-09-03,2025-09-03,CM,BSE,STK,513687,INE848B01012,SPECTRA,Z,,,,,SPECTRA INDUSTRIES LTD.,4.0,4.0,4.0,4.0,4.0,4.14,,4.0,,,265,1060.0,2,F1,1,,,,,
2025-09-03,2025-09-03,CM,BSE,STK,513693,INE434C01027,KAJARIR,XT,,,,,KIC METALIKS LTD.,30.6,32.6,30.05,32.6,32.6,31.05,,32.6,,,53959,1671685.0,86,F1,1,,,,,
2025-09-03,2025-09-03,CM,BSE,STK,513699,INE584G01012,SOLIDSTON,X,,,,,SOLID STONE COMPANY LTD.,36.5,36.5,35.49,36.0,36.0,34.0,,36.0,,,55,1954.0,5,F1,1,,,,,
2025-09-03,2025-09-03,CM,BSE,STK,513709,INE960A01017,SHILGRAVQ,X,,,,,SHILP GRAVURES LTD.,226.7,230.0,222.55,228.9,229.0,226.7,,228.9,,,4343,979834.0,25,F1,1,,,,,
2025-09-03,2025-09-03,CM,BSE,STK,513713,INE146C01019,WHITEORG,X,,,,,White Organic Agro Limited,5.89,5.89,5.6,5.78,5.81,5.76,,5.78,,,26377,153142.0,162,F1,1,,,,,
2025-09-03,2025-09-03,CM,BSE,STK,513721,INE614F01019,MFSINTRCRP,XT,,,,,MFS INTERCORP LTD.,14.0,14.0,13.81,13.81,13.81,14.53,,13.81,,,200,2790.0,3,F1,1,,,,,
2025-09-03,2025-09-03,CM,BSE,STK,513729,INE210C01013,AROGRANITE,B,,,,,ARO GRANITE INDUSTRIES LTD.,36.15,42.03,35.7,39.53,39.53,35.81,,39.6,,,18826,757940.0,749,F1,1,,,,,
2025-09-03,2025-09-03,CM,BSE,STK,514010,INE723D01021,RUDRAECO,X,,,,,RUDRA ECOVATION LIMITED,39.0,40.0,37.7,39.02,39.02,39.34,,39.02,,,114753,4450583.0,277,F1,1,,,,,
2025-09-03,2025-09-03,CM,BSE,STK,514028,INE376L01013,RAJKSYN,X,,,,,RAJKAMAL SYNTHETICS LTD.,41.95,44.02,41.95,43.95,43.95,41.93,,43.95,,,2561,111939.0,26,F1,1,,,,,
2025-09-03,2025-09-03,CM,BSE,STK,514030,INE272C01013,DEEPAKSP,X,,,,,DEEPAK SPINNERS LTD.,128.55,132.95,126.4,131.0,132.0,126.7,,131.0,,,5538,721151.0,89,F1,1,,,,,
2025-09-03,2025-09-03,CM,BSE,STK,514036,INE970D01010,LOYALTEX,T,,,,,LOYAL TEXTILE MILLS LTD.,315.0,315.0,315.0,315.0,315.0,315.0,,306.75,,,2,630.0,2,F1,1,,,,,
2025-09-03,2025-09-03,CM,BSE,STK,514043,INE049A01027,HIMATSEIDE,B,,,,,HIMATSINGKA SEIDE LTD.,117.9,126.9,117.6,123.75,123.75,118.1,,123.58,,,300493,37230110.0,2320,F1,1,,,,,
2025-09-03,2025-09-03,CM,BSE,STK,514045,INE594B01012,BSL,B,,,,,BSL LTD.,186.4,186.4,172.85,177.95,178.0,178.1,,177.4,,,3302,580999.0,151,F1,1,,,,,
2025-09-03,2025-09-03,CM,BSE,STK,514060,INE229N01010,NEWTRAC,X,,,,,NEWTRAC FOODS & BEVERAGES LIMI,8.6,8.62,8.4,8.62,8.62,8.21,,8.62,,,16408,141310.0,88,F1,1,,,,,
2025-09-03,2025-09-03,CM,BSE,STK,514087,INE501F01018,PBMPOLY,X,,,,,PBM POLYTEX LTD.,68.06,69.9,67.0,68.0,68.0,68.03,,68.0,,,6638,449380.0,8,F1,1,,,,,
2025-09-03,2025-09-03,CM,BSE,STK,514113,INE207C01019,ADINATH,XT,,,,,ADINATH TEXTILES LTD.,18.0,18.2,18.0,18.0,18.0,18.17,,18.0,,,751,13564.0,6,F1,1,,,,,
2025-09-03,2025-09-03,CM,BSE,STK,514128,INE517D01019,KONARKSY,X,,,,,KONARK SYNTHETIC LTD.,37.0,37.0,35.15,36.5,36.5,37.0,,36.5,,,777,27466.0,15,F1,1,,,,,
2025-09-03,2025-09-03,CM,BSE,STK,514138,INE132C01027,SURYALA,X,,,,,SURYALATA SPINNING MILLS LTD.,334.95,334.95,321.0,322.45,329.0,319.9,,322.45,,,1768,578575.0,58,F1,1,,,,,
2025-09-03,2025-09-03,CM,BSE,STK,514142,INE592B01024,TTL,T,,,,,T T LTD.,11.04,11.04,10.9,11.0,11.0,10.81,,10.94,,,1937,21317.0,16,F1,1,,,,,
2025-09-03,2025-09-03,CM,BSE,STK,514162,INE192B01031,WELSPUNLIV,A,,,,,WELSPUN LIVING LIMITED,113.15,115.95,113.15,114.4,114.4,112.6,,114.44,,,143273,16420898.0,1988,F1,1,,,,,
2025-09-03,2025-09-03,CM,BSE,STK,514165,INE862B01013,INDIANACRY,X,,,,,INDIAN ACRYLICS LTD.,7.4,8.39,7.4,8.09,8.09,7.5,,8.09,,,165721,1345286.0,348,F1,1,,,,,
2025-09-03,2025-09-03,CM,BSE,STK,514167,INE845D01014,GANECOS,A,,,,,GANESHA ECOSPHERE LTD.,1373.05,1373.05,1349.75,1361.65,1368.4,1349.2,,1361.3,,,3140,4271354.0,472,F1,1,,,,,
2025-09-03,2025-09-03,CM,BSE,STK,514171,INE760J01012,CEETAIN,X,,,,,CEETA INDUSTRIES LTD.,46.5,46.5,43.0,45.26,45.25,44.07,,45.26,,,1604,70781.0,31,F1,1,,,,,
2025-09-03,2025-09-03,CM,BSE,STK,514175,INE835A01029,VARDMNPOLY,B,,,,,VARDHMAN POLYTEX LTD.,9.1,9.17,8.9,9.01,9.01,9.0,,9.01,,,5751,51944.0,94,F1,1,,,,,
2025-09-03,2025-09-03,CM,BSE,STK,514177,INE351D01013,RISHYRN,P,,,,,RISHAB SPECIAL YARNS LTD.,54.87,54.87,54.87,54.87,54.87,57.75,,54.87,,,500,27435.0,2,F1,100,,,,,
2025-09-03,2025-09-03,CM,BSE,STK,514183,INE761G01016,BLACKROSE,X,,,,,BLACK ROSE INDUSTRIES LTD.,100.3,100.5,97.51,98.2,98.45,99.21,,98.2,,,7999,789021.0,230,F1,1,,,,,
2025-09-03,2025-09-03,CM,BSE,STK,514197,INE110Q01023,STCORP,X,,,,,S&T CORPORATION LTD.,5.59,5.68,5.42,5.58,5.5,5.42,,5.58,,,8183,46261.0,42,F1,1,,,,,
2025-09-03,2025-09-03,CM,BSE,STK,514211,INE235C01028,SUMEETINDS,T,,,,,SUMEET INDUSTRIES LTD.,116.95,120.35,112.0,119.95,119.15,114.7,,121.7,,,8146,937492.0,116,F1,1,,,,,
2025-09-03,2025-09-03,CM,BSE,STK,514223,INE410D01017,RAMGOPOLY,XT,,,,,RAMGOPAL POLYTEX LTD.,5.76,5.98,5.76,5.96,5.96,5.72,,5.96,,,875,5189.0,6,F1,1,,,,,
2025-09-03,2025-09-03,CM,BSE,STK,514234,INE495C01010,SANGAMIND,B,,,,,SANGAM (INDIA) LTD.,376.25,377.75,371.4,376.05,375.9,376.25,,376.4,,,876,328702.0,108,F1,1,,,,,
2025-09-03,2025-09-03,CM,BSE,STK,514238,INE874A01010,MKVENTURES,X,,,,,MKVENTURES CAPITAL LIMITED,1490.0,1564.0,1490.0,1509.9,1509.9,1489.6,,1509.9,,,1095,1673239.0,103,F1,1,,,,,
2025-09-03,2025-09-03,CM,BSE,STK,514240,INE979D01011,KUSHIND,X,,,,,Kush Industries Limited,8.79,8.79,8.02,8.25,8.25,8.08,,8.25,,,7221,60652.0,51,F1,1,,,,,
2025-09-03,2025-09-03,CM,BSE,STK,514248,INE377C01010,SRECR,P,,,,,SREECHEM RESINS LTD.,31.03,32.34,31.03,32.34,32.34,32.34,,32.34,,,300,9440.0,3,F1,100,,,,,
2025-09-03,2025-09-03,CM,BSE,STK,514264,INE707B01010,SEASONST,X,,,,,SEASONS TEXTILES LTD.,19.61,19.9,19.0,19.04,19.9,19.5,,19.04,,,1341,25531.0,12,F1,1,,,,,
2025-09-03,2025-09-03,CM,BSE,STK,514266,INE106C01013,ZENIFIB,X,,,,,ZENITH FIBRES LTD.,67.99,67.99,65.11,66.89,66.89,66.49,,66.89,,,827,54717.0,47,F1,1,,,,,
2025-09-03,2025-09-03,CM,BSE,STK,514272,INE436C01014,BHILSPIN,X,,,,,BHILWARA SPINNERS LTD.,127.8,127.8,126.5,126.75,126.9,123.8,,126.75,,,144,18257.0,12,F1,1,,,,,
2025-09-03,2025-09-03,CM,BSE,STK,514274,INE273D01019,AARVEEDEN,T,,,,,AARVEE DENIMS & EXPORTS LTD.,181.0,184.25,177.05,179.3,179.95,180.85,,177.4,,,1512,271030.0,40,F1,1,,,,,
2025-09-03,2025-09-03,CM,BSE,STK,514280,INE589J01015,SANTETX,X,,,,,SANRHEA TECHNICAL TEXTILES LTD,120.4,126.85,119.3,120.05,120.05,120.4,,120.05,,,1779,214875.0,23,F1,1,,,,,
2025-09-03,2025-09-03,CM,BSE,STK,514286,INE440A01010,ASHIMASYN,B,,,,,ASHIMA LTD.,24.42,25.8,24.42,25.0,25.0,24.55,,24.99,,,21083,528927.0,324,F1,1,,,,,
2025-09-03,2025-09-03,CM,BSE,STK,514300,INE156C01018,PIONEEREMB,B,,,,,PIONEER EMBROIDERIES LTD.,36.53,37.34,36.53,37.21,37.3,36.9,,37.13,,,205,7590.0,24,F1,1,,,,,
2025-09-03,2025-09-03,CM,BSE,STK,514302,INE660D01017,VIPPYSP,X,,,,,VIPPY SPINPRO LTD.,170.2,170.7,169.0,170.15,170.15,170.4,,170.15,,,5207,883743.0,29,F1,1,,,,,
2025-09-03,2025-09-03,CM,BSE,STK,514316,INE969C01022,RAGHUSYN,X,,,,,RAGHUVIR SYNTHETICS LTD.,129.8,129.8,122.5,125.65,125.65,122.9,,125.65,,,4655,590794.0,46,F1,1,,,,,
2025-09-03,2025-09-03,CM,BSE,STK,514318,INE722N01014,JATTAINDUS,X,,,,,JATTASHANKAR INDUSTIES LTD.,229.0,229.0,227.95,227.95,227.95,223.95,,227.95,,,65,14827.0,12,F1,1,,,,,
2025-09-03,2025-09-03,CM,BSE,STK,514322,INE535C01013,KAMADGIRI,X,,,,,KAMADGIRI FASHION LTD.,100.09,103.45,93.7,103.0,103.0,101.1,,103.0,,,1066,108693.0,18,F1,1,,,,,
2025-09-03,2025-09-03,CM,BSE,STK,514324,INE814D01010,OMNITEX,XT,,,,,OMNITEX INDUSTRIES (INDIA) LTD,388.1,392.0,388.1,392.0,392.0,396.0,,392.0,,,2261,878232.0,21,F1,1,,,,,
2025-09-03,2025-09-03,CM,BSE,STK,514326,INE790C01014,PATSPINLTD,X,,,,,PATSPIN INDIA LTD.,9.78,9.78,9.4,9.65,9.65,9.33,,9.65,,,1654,15818.0,29,F1,1,,,,,
2025-09-03,2025-09-03,CM,BSE,STK,514330,INE670O01013,ONEGLOBAL,X,,,,,ONE GLOBAL SERVICE PROVIDER LI,255.0,265.0,255.0,264.05,264.9,259.6,,264.05,,,7074,1855808.0,125,F1,1,,,,,
2025-09-03,2025-09-03,CM,BSE,STK,514332,INE216I01017,NEOINFRA,X,,,,,NEO INFRACON LTD.,38.99,38.99,36.3,36.5,36.5,36.06,,36.5,,,2982,110177.0,31,F1,1,,,,,
2025-09-03,2025-09-03,CM,BSE,STK,514348,INE784B01035,WINSOME,Z,,,,,WINSOME YARNS LTD.,2.18,2.18,2.1,2.1,2.1,2.14,,2.09,,,99450,209618.0,51,F1,1,,,,,
2025-09-03,2025-09-03,CM,BSE,STK,514354,INE309M01020,PREMIERPOL,B,,,,,PREMIER POLYFILM LTD.,47.1,48.26,46.75,47.09,47.27,48.09,,47.29,,,4795,227419.0,340,F1,1,,,,,
2025-09-03,2025-09-03,CM,BSE,STK,514358,INE339D01034,EVERFIN,XT,,,,,EVERLON FINANCIALS LIMITED,116.85,124.9,116.85,124.85,124.85,123.0,,124.85,,,105,12321.0,7,F1,1,,,,,
2025-09-03,2025-09-03,CM,BSE,STK,514360,INE078T01026,KRRAIL,X,,,,,K&R RAIL ENGINEERING LIMITED,54.0,55.96,52.0,55.96,55.96,53.3,,55.96,,,96692,5381035.0,437,F1,1,,,,,
2025-09-03,2025-09-03,CM,BSE,STK,514378,INE564C01013,YARNSYN,XT,,,,,YARN SYNDICATE LTD.,18.58,18.58,18.57,18.57,18.57,18.94,,18.57,,,371,6890.0,6,F1,1,,,,,
2025-09-03,2025-09-03,CM,BSE,STK,514386,INE004C01028,GUJCOTEX,X,,,,,GUJARAT COTEX LTD.,8.97,9.09,7.41,8.66,8.69,8.97,,8.66,,,70699,601821.0,333,F1,1,,,,,
2025-09-03,2025-09-03,CM,BSE,STK,514400,INE340D01016,GARWSYN,XT,,,,,GARWARE SYNTHETICS LTD.,16.25,17.95,16.25,17.95,17.95,17.1,,17.95,,,201,3602.0,4,F1,1,,,,,
2025-09-03,2025-09-03,CM,BSE,STK,514402,INE638N01012,ECOHOTELS,X,,,,,ECO HOTELS AND RESORTS LIMITED,15.79,15.79,14.95,15.47,15.47,15.26,,15.47,,,27457,422150.0,76,F1,1,,,,,
2025-09-03,2025-09-03,CM,BSE,STK,514412,INE305D01019,SARUPINDUS,X,,,,,SARUP INDUSTRIES LTD.,89.9,90.77,89.85,90.77,90.77,86.45,,90.77,,,2821,255876.0,16,F1,1,,,,,
2025-09-03,2025-09-03,CM,BSE,STK,514414,INE114D01015,OXFORDIN,X,,,,,OXFORD INDUSTRIES LTD.,1.22,1.22,1.22,1.22,1.22,1.02,,1.22,,,2001,2441.0,2,F1,1,,,,,
2025-09-03,2025-09-03,CM,BSE,STK,514418,INE370D01013,MANORG,T,,,,,MANGALAM ORGANICS LIMITED,590.0,592.85,575.2,575.2,575.2,587.1,,571.6,,,400,235162.0,24,F1,1,,,,,
2025-09-03,2025-09-03,CM,BSE,STK,514428,INE074C01013,HINDADH,X,,,,,HINDUSTAN ADHESIVES LTD.,329.6,329.6,323.65,325.85,327.45,323.9,,325.85,,,1022,333834.0,51,F1,1,,,,,
2025-09-03,2025-09-03,CM,BSE,STK,514440,INE439N01031,BPAGRI,XT,,,,,Blue Pearl Agriventures Limite,105.75,105.75,105.75,105.75,105.75,107.9,,105.75,,,1916,202617.0,77,F1,1,,,,,
2025-09-03,2025-09-03,CM,BSE,STK,514442,INE009C01019,SRIKPRIND,X,,,,,SRI KPR INDUSTRIES LTD.,28.2,29.49,28.2,28.88,28.88,28.53,,28.88,,,2240,63407.0,25,F1,1,,,,,
2025-09-03,2025-09-03,CM,BSE,STK,514446,INE345D01031,LSIND,B,,,,,LS INDUSTRIES LTD.,31.74,32.3,30.59,32.04,32.3,31.74,,32.04,,,4188,132666.0,79,F1,1,,,,,
2025-09-03,2025-09-03,CM,BSE,STK,514448,INE577D01013,JYOTIRES,B,,,,,JYOTI RESINS & ADHESIVES LTD.,1266.0,1279.0,1261.0,1266.15,1276.95,1275.75,,1266.15,,,6213,7891576.0,619,F1,1,,,,,
2025-09-03,2025-09-03,CM,BSE,STK,514450,INE112D01035,MHLXMIRU,B,,,,,MAHALAXMI RUBTECH LTD.,220.75,223.5,217.15,220.55,220.3,217.35,,220.62,,,1862,408626.0,80,F1,1,,,,,
2025-09-03,2025-09-03,CM,BSE,STK,514454,INE410M01018,SOUTLAT,XT,,,,,SOUTHERN LATEX LTD.,35.58,35.58,35.58,35.58,35.58,33.89,,35.58,,,51,1814.0,3,F1,1,,,,,
2025-09-03,2025-09-03,CM,BSE,STK,514460,INE670H01017,OSWAYRN,XT,,,,,OSWAL YARNS LTD.,38.99,38.99,35.56,35.77,35.61,37.24,,35.77,,,5552,205671.0,27,F1,1,,,,,
2025-09-03,2025-09-03,CM,BSE,STK,514470,INE837B01031,WINSOMTX,B,,,,,WINSOME TEXTILE INDUSTRIES LTD,90.61,92.39,90.01,91.26,92.0,90.46,,91.26,,,4185,382485.0,103,F1,1,,,,,
2025-09-03,2025-09-03,CM,BSE,STK,515008,INE219W01012,MODINSU,X,,,,,MODERN INSULATORS LTD.,119.3,121.0,117.65,119.2,119.2,118.75,,119.2,,,26981,3229324.0,160,F1,1,,,,,
2025-09-03,2025-09-03,CM,BSE,STK,515030,INE439A01020,ASAHIINDIA,A,,,,,ASAHI INDIA GLASS LTD.,844.0,852.0,833.65,837.05,843.2,844.0,,836.3,,,8307,7008651.0,608,F1,1,,,,,
2025-09-03,2025-09-03,CM,BSE,STK,515037,INE692B01014,MURUDCERA,B,,,,,MURUDESHWAR CERAMICS LTD.,43.27,43.95,42.5,42.72,43.27,43.61,,42.83,,,10348,445192.0,111,F1,1,,,,,
2025-09-03,2025-09-03,CM,BSE,STK,515043,INE068B01017,SEKURITIND,B,,,,,SAINT-GOBAIN SEKURIT INDIA LTD,121.4,126.4,120.1,123.2,123.2,121.25,,123.2,,,187760,23320698.0,1789,F1,1,,,,,
2025-09-03,2025-09-03,CM,BSE,STK,515055,INE242C01024,ANANTRAJ,A,,,,,ANANT RAJ LIMITED,541.7,547.45,535.85,544.0,544.0,538.45,,544.0,,,111486,60500583.0,3569,F1,1,,,,,
2025-09-03,2025-09-03,CM,BSE,STK,515059,INE469C01023,MADHUDIN,X,,,,,MADHUSUDAN INDUSTRIES LTD.,43.98,43.98,42.2,42.75,43.9,43.98,,42.75,,,1255,53653.0,15,F1,1,,,,,
2025-09-03,2025-09-03,CM,BSE,STK,515085,INE298E01022,RESTILE,XT,,,,,RESTILE CERAMICS LTD.,9.45,9.45,8.55,9.36,9.36,9.0,,9.36,,,19837,181049.0,84,F1,1,,,,,
2025-09-03,2025-09-03,CM,BSE,STK,515093,INE925C01016,MADHAV,B,,,,,MADHAV MARBLES & GRANITES LTD.,47.0,48.01,46.65,47.64,46.65,45.5,,47.47,,,963,45721.0,95,F1,1,,,,,
2025-09-03,2025-09-03,CM,BSE,STK,515127,INE650D01026,RAMASIGNS,X,,,,,Ramasigns Industries Limited,1.97,2.15,1.97,2.1,2.1,1.96,,2.1,,,1640,3288.0,11,F1,1,,,,,
2025-09-03,2025-09-03,CM,BSE,STK,515147,INE506D01020,HALDYNGL,X,,,,,HALDYN GLASS LTD,110.3,113.45,110.0,111.9,111.9,109.85,,111.9,,,33252,3716288.0,286,F1,1,,,,,
2025-09-03,2025-09-03,CM,BSE,STK,516003,INE932D01010,DUROPLY,X,,,,,DUROPLY INDUSTRIES LIMITED,185.0,187.6,185.0,187.3,187.3,184.85,,187.3,,,454,84621.0,25,F1,1,,,,,
2025-09-03,2025-09-03,CM,BSE,STK,516016,INE231C01019,SHREYANIND,T,,,,,SHREYANS INDUSTRIES LTD.,230.0,230.0,228.25,228.6,228.3,228.5,,229.52,,,251,57360.0,10,F1,1,,,,,
2025-09-03,2025-09-03,CM,BSE,STK,516020,INE112C01011,AGIOPAPER,XT,,,,,AGIO PAPER & INDUSTRIES LTD.,4.72,4.74,4.72,4.72,4.72,4.63,,4.72,,,801,3782.0,15,F1,1,,,,,
2025-09-03,2025-09-03,CM,BSE,STK,516022,INE733A01018,STARPAPER,B,,,,,STAR PAPER MILLS LTD.,173.4,177.95,173.35,176.1,176.85,173.5,,175.79,,,1096,192332.0,78,F1,1,,,,,
2025-09-03,2025-09-03,CM,BSE,STK,516030,INE551D01018,PAKKA,B,,,,,PAKKA LIMITED,154.7,154.7,148.5,150.5,150.5,149.7,,150.43,,,11974,1805210.0,410,F1,1,,,,,
2025-09-03,2025-09-03,CM,BSE,STK,516032,INE385D01029,TAHMARENT,X,,,,,TAHMAR ENTERPRISES LIMITED,12.55,12.55,11.97,12.37,11.98,12.6,,12.37,,,8703,104727.0,34,F1,1,,,,,
2025-09-03,2025-09-03,CM,BSE,STK,516062,INE497C01016,NATPLY,Z,,,,,NATIONAL PLYWOOD INDUSTRIES LT,3.59,3.59,3.52,3.55,3.55,3.46,,3.55,,,261,923.0,4,F1,1,,,,,
2025-09-03,2025-09-03,CM,BSE,STK,516064,INE570D01018,ARROWGREEN,B,,,,,Arrow Greentech Limited,577.1,577.1,564.7,567.3,567.25,571.0,,568.6,,,4143,2355103.0,228,F1,1,,,,,
2025-09-03,2025-09-03,CM,BSE,STK,516072,INE270I01022,VISHNU,B,,,,,VISHNU CHEMICALS LTD.,490.1,499.5,485.4,486.25,488.1,494.9,,485.85,,,21886,10714780.0,735,F1,1,,,,,
2025-09-03,2025-09-03,CM,BSE,STK,516078,INE699D01015,JUMBO,X,,,,,JUMBO BAG LTD.,77.3,81.8,76.5,77.04,76.52,77.45,,77.04,,,4548,352582.0,106,F1,1,,,,,
2025-09-03,2025-09-03,CM,BSE,STK,516082,INE740D01017,NRAIL,T,,,,,N.R.AGARWAL INDUSTRIES LTD.,393.7,408.0,393.7,404.0,400.0,397.7,,400.3,,,336,134342.0,12,F1,1,,,,,
2025-09-03,2025-09-03,CM,BSE,STK,516092,INE105C01023,3PLAND,B,,,,,3P LAND HOLDINGS LTD.,46.3,46.3,44.62,46.03,46.03,45.18,,45.81,,,238,10758.0,15,F1,1,,,,,
2025-09-03,2025-09-03,CM,BSE,STK,516096,INE384D01022,SANPA,X,,,,,SANGAL PAPERS LTD.,238.4,261.0,238.3,254.75,254.75,238.85,,254.75,,,644,155669.0,14,F1,1,,,,,
2025-09-03,2025-09-03,CM,BSE,STK,516098,INE810C01044,VENTURA,X,,,,,VENTURA TEXTILES LTD.,9.15,11.3,9.15,10.39,10.39,9.69,,10.39,,,10978,114429.0,49,F1,1,,,,,
2025-09-03,2025-09-03,CM,BSE,STK,516106,INE538D01015,SHKARTP,X,,,,,SHREE KARTHIK PAPERS LTD.,9.5,10.0,9.2,9.79,9.79,9.38,,9.79,,,13393,131355.0,35,F1,1,,,,,
2025-09-03,2025-09-03,CM,BSE,STK,516108,INE088G01014,STHINPA,X,,,,,SOUTH INDIA PAPER MILLS LTD.,79.99,81.97,79.5,80.0,80.0,79.35,,80.0,,,58931,4710474.0,33,F1,1,,,,,
2025-09-03,2025-09-03,CM,BSE,STK,516110,INE146N01016,FAMILYCARE,X,,,,,FAMILY CARE HOSPITALS LIMITED,4.41,4.44,4.22,4.27,4.33,4.36,,4.27,,,133368,578122.0,295,F1,1,,,,,
2025-09-03,2025-09-03,CM,BSE,STK,517015,INE707A01012,VINDHYATEL,B,,,,,VINDHYA TELELINKS LTD.,1516.0,1530.35,1510.05,1528.1,1514.65,1510.35,,1528.3,,,490,745078.0,128,F1,1,,,,,
2025-09-03,2025-09-03,CM,BSE,STK,517035,INE302D01024,RIR,B,,,,,RIR POWER ELECTRONICS LIMITED,233.1,243.5,233.1,243.5,243.5,231.95,,243.5,,,249429,60418648.0,2481,F1,1,,,,,
2025-09-03,2025-09-03,CM,BSE,STK,517041,INE045A01017,ADOR,B,,,,,ADOR WELDING LTD.,982.0,985.7,956.05,959.1,965.1,981.3,,960.3,,,802,776188.0,167,F1,1,,,,,
2025-09-03,2025-09-03,CM,BSE,STK,517059,INE457F01013,SALZERELEC,B,,,,,SALZER ELECTRONICS LTD.,812.05,824.0,811.85,816.75,816.75,819.2,,816.95,,,5103,4168516.0,494,F1,1,,,,,
2025-09-03,2025-09-03,CM,BSE,STK,517063,INE919C01019,JETKINGQ,XT,,,,,JETKING INFOTRAIN LTD.,370.9,370.9,370.9,370.9,370.9,378.45,,370.9,,,1770,656493.0,63,F1,1,,,,,
2025-09-03,2025-09-03,CM,BSE,STK,517096,INE273A01015,APLAB,XT,,,,,APLAB LTD.,61.54,61.54,61.54,61.54,61.54,60.34,,61.54,,,6106,375763.0,10,F1,1,,,,,
2025-09-03,2025-09-03,CM,BSE,STK,517119,INE834B01012,PCS,X,,,,,PCS TECHNOLOGY LTD.,24.62,26.48,24.62,25.36,25.36,25.75,,25.36,,,4575,117143.0,59,F1,1,,,,,
2025-09-03,2025-09-03,CM,BSE,STK,517146,INE228A01035,USHAMART,A,,,,,USHA MARTIN LTD.,383.0,385.95,372.7,375.75,379.25,383.0,,376.0,,,27748,10538449.0,1076,F1,1,,,,,
2025-09-03,2025-09-03,CM,BSE,STK,517166,INE252A01019,SPELS,X,,,,,SPEL SEMICONDUCTOR LTD.,170.0,188.1,164.85,188.1,188.1,156.75,,188.1,,,721286,133453533.0,5803,F1,1,,,,,
2025-09-03,2025-09-03,CM,BSE,STK,517168,INE287B01021,SUBROS,B,,,,,SUBROS LTD.,946.6,946.6,919.55,928.8,934.35,928.0,,931.0,,,8209,7643963.0,523,F1,1,,,,,
2025-09-03,2025-09-03,CM,BSE,STK,517170,INE125G01014,EDVENSWA,X,,,,,Edvenswa Enterprises Limited,49.44,50.79,46.3,47.36,47.36,49.2,,47.36,,,40836,1976616.0,233,F1,1,,,,,
2025-09-03,2025-09-03,CM,BSE,STK,517174,INE671A01010,HONAUT,A,,,,,HONEYWELL AUTOMATION INDIA LTD,37825.2,37825.2,36670.0,36725.9,36670.0,37676.35,,36755.0,,,403,14909106.0,298,F1,1,,,,,
2025-09-03,2025-09-03,CM,BSE,STK,517201,INE311D01017,SWITCHTE,X,,,,,SWITCHING TECHNOLOGIES GUNTHER,67.0,75.39,63.5,72.48,72.48,69.04,,72.48,,,2939,210136.0,42,F1,1,,,,,
2025-09-03,2025-09-03,CM,BSE,STK,517206,INE162B01018,LUMAXIND,B,,,,,LUMAX INDUSTRIES LTD.,4319.95,4319.95,4150.0,4181.4,4175.35,4166.25,,4169.9,,,656,2748133.0,181,F1,1,,,,,
2025-09-03,2025-09-03,CM,BSE,STK,517214,INE927C01020,DIGISPICE,B,,,,,DIGISPICE TECHNOLOGIES LIMITED,25.3,26.13,24.34,24.73,24.99,25.15,,24.83,,,42623,1067417.0,209,F1,1,,,,,
2025-09-03,2025-09-03,CM,BSE,STK,517236,INE216C01010,CALCOM,XT,,,,,CALCOM VISION LTD.,100.5,104.0,100.0,101.55,101.0,99.9,,101.55,,,2469,252749.0,35,F1,1,,,,,
2025-09-03,2025-09-03,CM,BSE,STK,517238,INE083E01010,DYNAVSN,X,,,,,DYNAVISION LTD.,233.1,241.35,219.25,229.95,229.95,233.0,,229.95,,,1716,389896.0,21,F1,1,,,,,
2025-09-03,2025-09-03,CM,BSE,STK,517246,INE788D01016,BCCFUBA,X,,,,,BCC FUBA INDIA LTD.,144.55,151.0,144.3,149.25,151.0,145.15,,149.25,,,29140,4337307.0,252,F1,1,,,,,
2025-09-03,2025-09-03,CM,BSE,STK,517258,INE143C01024,PRECISIO,XT,,,,,PRECISION ELECTRONICS LTD.,180.05,183.0,180.05,183.0,183.0,179.45,,183.0,,,3217,584359.0,21,F1,1,,,,,
2025-09-03,2025-09-03,CM,BSE,STK,517264,INE087E01011,FINELINE,XT,,,,,FINE-LINE CIRCUITS LTD.,92.56,92.56,89.0,91.31,91.31,90.75,,91.31,,,1577,143125.0,26,F1,1,,,,,
2025-09-03,2025-09-03,CM,BSE,STK,517271,INE292B01021,HBLENGINE,A,,,,,HBL ENGINEERING LIMITED,849.95,872.5,834.25,850.65,850.65,853.7,,851.05,,,114309,97697121.0,3797,F1,1,,,,,
2025-09-03,2025-09-03,CM,BSE,STK,517273,INE902B01017,S&SPOWER,T,,,,,S&S POWER SWITCHGEAR LTD.,377.4,388.5,377.4,388.5,388.5,370.0,,385.8,,,1046,403710.0,29,F1,1,,,,,
2025-09-03,2025-09-03,CM,BSE,STK,517288,INE541F01022,GUJARATPOLY,X,,,,,Gujarat Poly Electronics Limit,91.49,91.49,87.5,90.09,90.49,88.24,,90.09,,,1615,144749.0,48,F1,1,,,,,
2025-09-03,2025-09-03,CM,BSE,STK,517300,INE162A01010,GIPCL,B,,,,,GUJARAT INDUSTRIES POWER CO.LT,196.1,201.9,195.25,197.85,197.55,196.15,,197.64,,,30777,6086142.0,924,F1,1,,,,,
2025-09-03,2025-09-03,CM,BSE,STK,517334,INE775A01035,MOTHERSON,A,,,,,Samvardhana Motherson Internat,96.2,96.82,95.26,96.51,96.45,96.42,,96.53,,,419460,40315084.0,3291,F1,1,,,,,
2025-09-03,2025-09-03,CM,BSE,STK,517344,INE110B01017,MINDTECK,T,,,,,MINDTECK (INDIA) LTD.,210.9,213.8,202.7,207.0,207.0,204.6,,205.98,,,1355,284262.0,42,F1,1,,,,,
2025-09-03,2025-09-03,CM,BSE,STK,517354,INE176B01034,HAVELLS,A,,,,,HAVELLS INDIA LTD.,1566.05,1596.55,1562.1,1566.55,1568.5,1583.0,,1566.1,,,16906,26693153.0,1723,F1,1,,,,,
2025-09-03,2025-09-03,CM,BSE,STK,517356,INE167B01025,ACIIN,X,,,,,ACI INFOCOM LTD.,1.83,1.85,1.83,1.84,1.83,1.81,,1.84,,,64750,119165.0,198,F1,1,,,,,
2025-09-03,2025-09-03,CM,BSE,STK,517360,INE689V01018,SBECSYS,XT,,,,,SBEC SYSTEMS (INDIA) LTD.,25.46,25.46,25.46,25.46,25.46,26.8,,25.46,,,201,5117.0,13,F1,1,,,,,
2025-09-03,2025-09-03,CM,BSE,STK,517370,INE437C01012,INCAP,X,,,,,INCAP LTD.,80.2,85.8,80.2,84.95,81.1,81.8,,84.95,,,5752,486620.0,27,F1,1,,,,,
2025-09-03,2025-09-03,CM,BSE,STK,517372,INE877E01015,GUJINTRX,X,,,,,GUJARAT INTRUX LTD.,399.95,446.95,386.55,426.5,426.5,390.5,,426.5,,,7052,2958857.0,276,F1,1,,,,,
2025-09-03,2025-09-03,CM,BSE,STK,517380,INE188B01013,IGARASHI,B,,,,,IGARASHI MOTORS INDIA LTD.,490.6,490.6,477.4,478.9,479.0,477.3,,479.15,,,2786,1335787.0,122,F1,1,,,,,
2025-09-03,2025-09-03,CM,BSE,STK,517385,INE225D01027,SYMPHONY,A,,,,,SYMPHONY LIMITED,953.05,959.05,951.1,955.2,957.05,952.85,,955.4,,,1762,1680563.0,113,F1,1,,,,,
2025-09-03,2025-09-03,CM,BSE,STK,517393,INE043B01028,VINTRON,X,,,,,VINTRON INFORMATICS LTD.,11.5,11.5,11.5,11.5,11.5,10.96,,11.5,,,44368,510232.0,58,F1,1,,,,,
2025-09-03,2025-09-03,CM,BSE,STK,517397,INE648E01010,PANELEC,XT,,,,,PAN ELECTRONICS INDIA LTD.,63.0,63.0,63.0,63.0,63.0,60.0,,63.0,,,749,47187.0,56,F1,1,,,,,
2025-09-03,2025-09-03,CM,BSE,STK,517399,INE756A01019,VXLINSTR,XT,,,,,VXL INSTRUMENTS LTD.,3.92,4.02,3.74,3.74,3.74,3.93,,3.74,,,374,1429.0,12,F1,1,,,,,
2025-09-03,2025-09-03,CM,BSE,STK,517411,INE635A01023,SHYAMTEL,T,,,,,SHYAM TELECOM LTD.,14.35,14.47,13.55,13.55,13.55,13.79,,13.72,,,648,9286.0,14,F1,1,,,,,
2025-09-03,2025-09-03,CM,BSE,STK,517415,INE791B01014,LEENEE,X,,,,,LEE & NEE SOFTWARES (EXPORTS),9.18,9.8,9.18,9.48,9.57,9.34,,9.48,,,8516,80005.0,82,F1,1,,,,,
2025-09-03,2025-09-03,CM,BSE,STK,517417,INE082C01024,PATELSAI,X,,,,,PATELS AIRTEMP (INDIA) LTD.,370.0,370.0,356.0,357.05,357.9,358.7,,357.05,,,3388,1217735.0,95,F1,1,,,,,
2025-09-03,2025-09-03,CM,BSE,STK,517421,INE295F01017,BUTTERFLY,B,,,,,BUTTERFLY GANDHIMATHI APPLIANC,743.3,745.0,707.05,711.55,714.4,731.6,,711.6,,,2798,2001726.0,309,F1,1,,,,,
2025-09-03,2025-09-03,CM,BSE,STK,517423,INE0IPL01018,INTEGSW,XT,,,,,INTEGRA SWITCHGEAR LTD.,151.9,154.9,150.0,154.9,154.9,148.9,,154.9,,,267,40779.0,20,F1,1,,,,,
2025-09-03,2025-09-03,CM,BSE,STK,517429,INE576B01019,ATHENAGLO,X,,,,,Athena Global Technologies Lim,100.54,101.0,97.0,97.04,97.0,100.55,,97.04,,,3899,383408.0,49,F1,1,,,,,
2025-09-03,2025-09-03,CM,BSE,STK,517431,INE060D01010,NARMP,XT,,,,,NARMADA MACPLAST DRIP IRRIGATI,210.0,210.0,202.0,204.25,204.25,204.2,,204.25,,,7857,1601896.0,112,F1,1,,,,,
2025-09-03,2025-09-03,CM,BSE,STK,517437,INE940C01015,DUTRON,X,,,,,DUTRON POLYMERS LTD.,120.0,120.0,116.0,119.85,119.85,118.0,,119.85,,,1110,131172.0,23,F1,1,,,,,
2025-09-03,2025-09-03,CM,BSE,STK,517447,INE165B01029,RSSOFTWARE,T,,,,,R.S.SOFTWARE INDIA LTD.,74.46,74.46,74.46,74.46,74.46,73.0,,74.53,,,200,14892.0,2,F1,1,,,,,
2025-09-03,2025-09-03,CM,BSE,STK,517449,INE437D01010,MAGNAELQ,XT,,,,,MAGNA ELECTRO CASTINGS LTD.,1180.2,1180.2,1130.5,1174.05,1173.5,1190.0,,1174.05,,,2644,3050020.0,171,F1,1,,,,,
2025-09-03,2025-09-03,CM,BSE,STK,517467,INE415B01044,MARSONS,T,,,,,MARSONS LIMITED,188.25,189.0,183.8,184.65,184.65,188.45,,184.65,,,46042,8526817.0,385,F1,1,,,,,
2025-09-03,2025-09-03,CM,BSE,STK,517477,INE033C01019,ELNET,X,,,,,ELNET TECHNOLOGIES LTD.,398.0,409.7,391.05,395.5,395.0,386.8,,395.5,,,1681,671492.0,48,F1,1,,,,,
2025-09-03,2025-09-03,CM,BSE,STK,517494,INE258C01038,ACCEL,X,,,,,ACCEL LIMITED,16.25,16.5,15.75,15.97,16.21,16.19,,15.97,,,17550,281991.0,95,F1,1,,,,,
2025-09-03,2025-09-03,CM,BSE,STK,517498,INE855C01015,WEBELSOLAR,A,,,,,WEBSOL ENERGY SYSTEM LTD.,1345.5,1345.5,1316.1,1319.95,1322.55,1338.95,,1320.6,,,7617,10079600.0,706,F1,1,,,,,
2025-09-03,2025-09-03,CM,BSE,STK,517500,INE535D01037,ROTO,B,,,,,ROTO PUMPS LTD.,82.54,83.8,82.54,83.11,83.3,82.55,,83.13,,,15372,1276979.0,358,F1,1,,,,,
2025-09-03,2025-09-03,CM,BSE,STK,517506,INE690A01028,TTKPRESTIG,A,,,,,TTK PRESTIGE LTD.,682.05,684.75,675.05,681.4,679.55,682.05,,681.85,,,2920,1987556.0,378,F1,1,,,,,
2025-09-03,2025-09-03,CM,BSE,STK,517514,INE589D01018,DHINDIA,X,,,,,D&H INDIA LTD,197.0,197.0,180.0,187.25,187.1,190.3,,187.25,,,7736,1443381.0,144,F1,1,,,,,
2025-09-03,2025-09-03,CM,BSE,STK,517522,INE451D01029,RAJRATAN,B,,,,,RAJRATAN GLOBAL WIRE LTD.,316.0,319.1,312.2,316.35,315.8,310.4,,316.2,,,4911,1547664.0,240,F1,1,,,,,
2025-09-03,2025-09-03,CM,BSE,STK,517530,INE130B01031,SURANAT&P,B,,,,,SURANA TELECOM AND POWER LIMIT,19.49,20.6,19.49,20.36,20.0,19.22,,20.28,,,116444,2364235.0,698,F1,1,,,,,
2025-09-03,2025-09-03,CM,BSE,STK,517536,INE229A01017,ONWARDTEC,T,,,,,ONWARD TECHNOLOGIES LTD.,334.0,349.8,330.0,335.95,341.0,336.2,,338.9,,,2617,871731.0,42,F1,1,,,,,
2025-09-03,2025-09-03,CM,BSE,STK,517544,INE320B01020,CENTUM,B,,,,,CENTUM ELECTRONICS LTD.,2779.95,2828.2,2762.35,2809.65,2815.0,2770.35,,2806.9,,,2211,6215976.0,445,F1,1,,,,,
2025-09-03,2025-09-03,CM,BSE,STK,517546,INE209C01015,ALFATRAN,X,,,,,ALFA TRANSFORMERS LTD.,63.1,64.18,63.1,63.97,63.97,64.04,,63.97,,,4531,288555.0,112,F1,1,,,,,
2025-09-03,2025-09-03,CM,BSE,STK,517554,INE141C01036,NHCFOODS,X,,,,,NHC FOODS LTD.,1.14,1.23,1.14,1.19,1.19,1.14,,1.19,,,2338121,2792019.0,986,F1,1,,,,,
2025-09-03,2025-09-03,CM,BSE,STK,517556,INE362A01016,PVP,B,,,,,PVP VENTURES LTD.,21.03,21.8,20.54,21.68,21.68,21.33,,21.69,,,42437,896018.0,193,F1,1,,,,,
2025-09-03,2025-09-03,CM,BSE,STK,517562,INE948A01012,TRIGYN,B,,,,,TRIGYN TECHNOLOGIES LTD.,75.79,77.0,75.13,76.38,75.6,75.64,,76.37,,,2293,174274.0,70,F1,1,,,,,
2025-09-03,2025-09-03,CM,BSE,STK,517569,INE878B01027,KEI,A,,,,,KEI INDUSTRIES LTD.,4038.15,4038.15,3958.0,4020.65,4018.0,3958.8,,4021.4,,,2398,9598333.0,391,F1,1,,,,,
2025-09-03,2025-09-03,CM,BSE,STK,518011,INE145L01012,KEERTHI,X,,,,,KEERTHI INDUSTRIES LTD.,78.75,79.99,74.13,74.14,74.13,78.36,,74.14,,,1357,104014.0,32,F1,1,,,,,
2025-09-03,2025-09-03,CM,BSE,STK,518053,INE827D01020,SRICC,XT,,,,,Sri Chakra Cement Limited,87.47,87.47,87.47,87.47,87.47,89.25,,87.47,,,15505,1356222.0,199,F1,1,,,,,
2025-09-03,2025-09-03,CM,BSE,STK,518075,INE069E01019,SURAJ,Z,,,,,SURAJ PRODUCTS LTD.,317.0,317.0,306.0,315.4,316.0,319.9,,315.4,,,3675,1160527.0,86,F1,1,,,,,
2025-09-03,2025-09-03,CM,BSE,STK,518091,INE071F01012,APCL,T,,,,,ANJANI PORTLAND CEMENT LTD.,135.4,140.0,134.65,140.0,140.0,136.75,,136.33,,,1762,240943.0,15,F1,1,,,,,
2025-09-03,2025-09-03,CM,BSE,STK,519003,INE537F01012,MODINATUR,XT,,,,,MODI NATURALS LIMITED,495.9,500.0,466.6,488.0,486.0,486.15,,488.0,,,1001,483068.0,55,F1,1,,,,,
2025-09-03,2025-09-03,CM,BSE,STK,519064,INE687W01010,ZKHANDEN,X,,,,,KHANDELWAL EXTRACTION LTD.,79.95,79.95,77.0,78.0,78.0,76.25,,78.0,,,6,467.0,5,F1,1,,,,,
2025-09-03,2025-09-03,CM,BSE,STK,519091,INE488B01017,TASTYBITE,B,,,,,TASTY BITE EATABLES LTD.,9530.45,9600.0,9514.9,9533.5,9514.9,9545.05,,9548.0,,,78,745283.0,55,F1,1,,,,,
2025-09-03,2025-09-03,CM,BSE,STK,519097,INE534D01014,RITESHIN,X,,,,,RITESH INTERNATIONAL LTD.,31.12,35.95,31.12,35.94,35.94,32.69,,35.94,,,30019,1065359.0,158,F1,1,,,,,
2025-09-03,2025-09-03,CM,BSE,STK,519105,INE488D01021,AVTNPL,B,,,,,AVT NATURAL PRODUCTS LTD.,73.5,74.9,73.5,73.77,73.77,73.69,,73.82,,,5417,401402.0,161,F1,1,,,,,
2025-09-03,2025-09-03,CM,BSE,STK,519126,INE254N01026,HNDFDS,B,,,,,HINDUSTAN FOODS LTD.,534.65,535.6,528.7,530.5,535.6,528.95,,530.8,,,1916,1018020.0,142,F1,1,,,,,
2025-09-03,2025-09-03,CM,BSE,STK,519136,INE289A01011,NAHARINDUS,T,,,,,NAHAR INDUSTRIAL ENTERPRISES L,114.95,116.0,112.0,114.75,114.85,111.55,,113.89,,,494,56666.0,12,F1,1,,,,,
2025-09-03,2025-09-03,CM,BSE,STK,519152,INE693D01018,VADILENT,X,,,,,VADILAL ENTERPRISES LTD.,10250.0,10600.0,10250.0,10600.0,10600.0,10250.0,,10600.0,,,12,123350.0,3,F1,1,,,,,
2025-09-03,2025-09-03,CM,BSE,STK,519156,INE694D01016,VADILALIND,B,,,,,VADILAL INDUSTRIES LTD.,5173.55,5189.45,5078.75,5111.65,5102.25,5163.4,,5108.5,,,231,1183065.0,96,F1,1,,,,,
2025-09-03,2025-09-03,CM,BSE,STK,519174,INE709D01012,ASHAI,XT,,,,,ASHIANA AGRO INDUSTRIES LTD.,9.54,9.54,9.54,9.54,9.54,9.54,,9.54,,,10,95.0,2,F1,1,,,,,
2025-09-03,2025-09-03,CM,BSE,STK,519183,INE982B01027,ADFFOODS,B,,,,,ADF FOODS LTD.,220.8,226.55,218.7,224.75,226.0,220.8,,224.9,,,13639,3032352.0,659,F1,1,,,,,
2025-09-03,2025-09-03,CM,BSE,STK,519191,INE601N01010,RGRL,X,,,,,Retro Green Revolution Limited,4.1,4.1,3.8,3.92,3.97,3.96,,3.92,,,64490,251263.0,175,F1,1,,,,,
2025-09-03,2025-09-03,CM,BSE,STK,519214,INE188E01017,WILLIMFI,X,,,,,WILLIAMSON FINANCIAL SERVICES,8.4,8.4,8.4,8.4,8.4,8.4,,8.4,,,25,210.0,1,F1,1,,,,,
2025-09-03,2025-09-03,CM,BSE,STK,519216,INE601B01023,AJANTSOY,X,,,,,AJANTA SOYA LTD.,35.99,36.45,34.9,35.22,35.22,35.59,,35.22,,,223685,7978633.0,791,F1,1,,,,,
2025-09-03,2025-09-03,CM,BSE,STK,519224,INE210A01017,WILLAMAGOR,B,,,,,WILLIAMSON MAGOR & COMPANY LTD,33.12,34.1,32.97,33.29,33.29,33.12,,32.94,,,647,21561.0,37,F1,1,,,,,
2025-09-03,2025-09-03,CM,BSE,STK,519230,INE102C01020,KISAAN,X,,,,,KISAAN PARIVAR INDUSTRIES LIMI,27.21,27.99,25.92,27.58,27.57,27.21,,27.58,,,9892,271472.0,120,F1,1,,,,,
2025-09-03,2025-09-03,CM,BSE,STK,519234,INE843L01012,SIEL,X,,,,,SUPERIOR INDUSTRIAL ENTERPRISE,49.73,49.73,48.3,48.51,48.5,49.0,,48.51,,,245,12076.0,6,F1,1,,,,,
2025-09-03,2025-09-03,CM,BSE,STK,519260,INE890C01046,SANWARIA,Z,,,,,SANWARIA CONSUMER LIMITED,0.49,0.49,0.49,0.49,0.49,0.49,,0.37,,,28343,13888.0,15,F1,1,,,,,
2025-09-03,2025-09-03,CM,BSE,STK,519262,INE297D01018,PRIMAGR,X,,,,,PRIMA AGRO LTD.,22.3,22.55,21.0,21.0,21.0,22.28,,21.0,,,497,10977.0,6,F1,1,,,,,
2025-09-03,2025-09-03,CM,BSE,STK,519285,INE906C01016,TARAI,Z,,,,,TARAI FOODS LTD.,8.0,8.16,7.42,8.16,8.16,7.78,,8.16,,,206,1631.0,18,F1,1,,,,,
2025-09-03,2025-09-03,CM,BSE,STK,519287,INE617B01011,MODAIRY,X,,,,,MODERN DAIRIES LTD.,46.3,48.6,46.3,47.72,47.84,47.64,,47.72,,,14388,681090.0,89,F1,1,,,,,
2025-09-03,2025-09-03,CM,BSE,STK,519295,INE921D01013,BAMBINO,X,,,,,BAMBINO AGRO INDUSTRIES LTD.,262.0,262.0,253.05,253.05,253.05,256.95,,253.05,,,544,139492.0,23,F1,1,,,,,
2025-09-03,2025-09-03,CM,BSE,STK,519299,INE543F01028,PRIMIND,X,,,,,PRIME INDUSTRIES LTD.,52.5,56.65,48.2,56.63,56.64,51.5,,56.63,,,18184,965963.0,127,F1,1,,,,,
2025-09-03,2025-09-03,CM,BSE,STK,519307,INE706A01022,VIKASWSP,Z,,,,,VIKAS WSP LTD.,1.34,1.34,1.34,1.34,1.34,1.28,,1.34,,,88423,118486.0,82,F1,1,,,,,
2025-09-03,2025-09-03,CM,BSE,STK,519331,INE923K01014,VSFPROJ,X,,,,,VSF PROJECTS LTD.,48.56,49.9,47.5,49.15,49.9,48.32,,49.15,,,166,8088.0,13,F1,1,,,,,
2025-09-03,2025-09-03,CM,BSE,STK,519359,INE809E01018,POONADAL,X,,,,,POONA DAL & OIL INDUSTRIES LTD,76.0,77.52,70.22,73.2,72.5,70.6,,73.2,,,8030,598526.0,49,F1,1,,,,,
2025-09-03,2025-09-03,CM,BSE,STK,519367,INE213P01027,TRANSFD,XT,,,,,TRANSGLOBE FOODS LTD.,259.45,260.0,246.55,258.0,258.0,259.5,,258.0,,,1186,301835.0,31,F1,1,,,,,
2025-09-03,2025-09-03,CM,BSE,STK,519383,INE087B01017,ANIKINDS,B,,,,,ANIK INDUSTRIES LTD.,97.0,97.0,91.0,93.5,93.0,93.24,,93.45,,,1066,99276.0,46,F1,1,,,,,
2025-09-03,2025-09-03,CM,BSE,STK,519397,INE220Z01013,SHINDL,XT,,,,,SHARAT INDUSTRIES LTD.,121.0,122.9,116.5,122.6,122.9,121.9,,122.6,,,12060,1462790.0,89,F1,1,,,,,
2025-09-03,2025-09-03,CM,BSE,STK,519421,INE953E01014,KSE,X,,,,,KSE LTD.,2545.0,2576.9,2510.7,2549.85,2559.5,2536.9,,2549.85,,,2761,7003508.0,237,F1,1,,,,,
2025-09-03,2025-09-03,CM,BSE,STK,519455,INE540C01021,NARBADA,X,,,,,NARBADA GEMS AND JEWELLERY LTD,75.0,75.0,68.5,69.63,68.5,69.98,,69.63,,,2521,180186.0,47,F1,1,,,,,
2025-09-03,2025-09-03,CM,BSE,STK,519457,INE295C01014,VIRATCRA,X,,,,,VIRAT CRANE INDUSTRIES LTD.,48.88,48.88,47.0,47.49,47.9,47.85,,47.49,,,1070,51046.0,25,F1,1,,,,,
2025-09-03,2025-09-03,CM,BSE,STK,519463,INE678B01021,IBINFO,X,,,,,IB INFOTECH ENTERPRISES LTD.,179.8,179.9,162.5,162.7,162.7,163.55,,162.7,,,1458,256955.0,58,F1,1,,,,,
2025-09-03,2025-09-03,CM,BSE,STK,519471,INE072V01017,AMBARPIL,XT,,,,,Ambar Protein Industries Limit,343.25,343.25,343.25,343.25,343.25,326.95,,343.25,,,497,170595.0,20,F1,1,,,,,
2025-09-03,2025-09-03,CM,BSE,STK,519475,INE975C01011,CHORDIA,X,,,,,CHORDIA FOOD PRODUCTS LTD.,84.42,84.42,83.0,83.07,83.3,84.0,,83.07,,,267,22186.0,5,F1,1,,,,,
2025-09-03,2025-09-03,CM,BSE,STK,519477,INE052V01019,CIANAGRO,T,,,,,CIAN Agro Ind & Infra Ltd,852.6,852.6,852.6,852.6,852.6,812.0,,852.6,,,64755,55210113.0,644,F1,1,,,,,
2025-09-03,2025-09-03,CM,BSE,STK,519479,INE112B01013,OMEAG,XT,,,,,OMEGA AG-SEEDS (PUNJAB) LTD.,14.04,14.04,13.06,14.04,14.04,13.38,,14.04,,,2376,32692.0,20,F1,1,,,,,
2025-09-03,2025-09-03,CM,BSE,STK,519483,INE358D01018,TAIIND,X,,,,,TAI INDUSTRIES LTD.,36.79,36.79,36.0,36.01,36.0,35.9,,36.01,,,145,5265.0,10,F1,1,,,,,
2025-09-03,2025-09-03,CM,BSE,STK,519494,INE542C01019,NKIND,B,,,,,N.K.INDUSTRIES LTD.,69.0,69.0,65.43,65.43,65.43,68.4,,67.93,,,150,10171.0,15,F1,1,,,,,
2025-09-03,2025-09-03,CM,BSE,STK,519500,INE356C01022,BKV,X,,,,,BKV INDUSTRIES LTD.,10.1,10.11,9.01,9.54,9.54,9.9,,9.54,,,12204,116136.0,99,F1,1,,,,,
2025-09-03,2025-09-03,CM,BSE,STK,519506,INE630N01019,NCCBLUE,P,,,,,NCC BLUE WATER PRODUCTS LTD.,23.65,23.65,22.47,23.65,23.65,23.65,,23.65,,,1100,25189.0,8,F1,100,,,,,
2025-09-03,2025-09-03,CM,BSE,STK,519528,INE369C01017,NORBTEAEXP,T,,,,,NORBEN TEA & EXPORTS LTD.,39.78,39.78,39.78,39.78,39.78,39.0,,41.11,,,800,31824.0,5,F1,1,,,,,
2025-09-03,2025-09-03,CM,BSE,STK,519532,INE822B01017,ASIANTNE,X,,,,,ASIAN TEA & EXPORTS LTD.,11.48,11.8,11.26,11.64,11.64,11.48,,11.64,,,3210,36863.0,49,F1,1,,,,,
2025-09-03,2025-09-03,CM,BSE,STK,519552,INE978A01027,HERITGFOOD,A,,,,,HERITAGE FOODS LIMITED,485.0,500.0,481.7,490.6,490.0,483.05,,490.65,,,38008,18628049.0,1779,F1,1,,,,,
2025-09-03,2025-09-03,CM,BSE,STK,519566,INE354D01017,SIMRAN,X,,,,,SIMRAN FARMS LTD.,169.95,169.95,160.3,162.4,163.75,163.35,,162.4,,,1571,257295.0,33,F1,1,,,,,
2025-09-03,2025-09-03,CM,BSE,STK,519574,INE092301014,HINDUST,X,,,,,HINDUSTAN AGRIGENETICS LTD.,66.59,67.5,65.0,67.5,67.5,66.26,,67.5,,,628,41128.0,20,F1,1,,,,,
2025-09-03,2025-09-03,CM,BSE,STK,519600,INE421D01022,CCL,A,,,,,CCL PRODUCTS (INDIA) LTD.,920.0,963.35,918.0,931.8,931.8,924.25,,933.05,,,35499,33244433.0,2564,F1,1,,,,,
2025-09-03,2025-09-03,CM,BSE,STK,519602,INE164B01030,KELLTONTEC,B,,,,,KELLTON TECH SOLUTIONS LTD.,25.56,25.89,25.53,25.63,25.65,25.63,,25.62,,,100387,2580758.0,623,F1,1,,,,,
2025-09-03,2025-09-03,CM,BSE,STK,519604,INE565E01016,SURFI,XT,,,,,SURYO FOODS & INDUSTRIES LTD.,20.8,20.8,20.8,20.8,20.8,21.89,,20.8,,,1,20.0,1,F1,1,,,,,
2025-09-03,2025-09-03,CM,BSE,STK,519612,INE734D01010,LAKESHORE,XT,,,,,LAKE SHORE REALTY LIMITED,90.02,95.0,89.05,90.05,94.4,93.21,,90.05,,,1291,116528.0,38,F1,1,,,,,
2025-09-03,2025-09-03,CM,BSE,STK,520008,INE209B01025,RICOAUTO,B,,,,,RICO AUTO INDUSTRIES LTD.,98.11,103.59,97.6,99.69,99.69,98.53,,99.73,,,389701,39298040.0,3201,F1,1,,,,,
2025-09-03,2025-09-03,CM,BSE,STK,520021,INE090B01011,OMAXAUTO,T,,,,,OMAX AUTOS LTD.,150.0,150.0,146.0,147.0,147.0,148.95,,146.55,,,2087,308022.0,29,F1,1,,,,,
2025-09-03,2025-09-03,CM,BSE,STK,520043,INE577A01027,MUNJALSHOW,B,,,,,MUNJAL SHOWA LTD.,141.0,141.55,139.0,139.95,140.0,141.4,,140.39,,,4135,576724.0,69,F1,1,,,,,
2025-09-03,2025-09-03,CM,BSE,STK,520051,INE039C01032,JAMNAAUTO,B,,,,,JAMNA AUTO INDUSTRIES LTD.,108.5,109.4,106.7,108.8,108.8,107.95,,108.85,,,274059,29679009.0,2591,F1,1,,,,,
2025-09-03,2025-09-03,CM,BSE,STK,520056,INE105A01035,TVSHLTD,A,,,,,TVS Holdings Limited,12277.3,12364.5,12141.25,12174.25,12226.8,12303.55,,12159.0,,,171,2092443.0,108,F1,1,,,,,
2025-09-03,2025-09-03,CM,BSE,STK,520057,INE643A01035,JTEKTINDIA,B,,,,,JTEKT India Ltd,135.05,143.45,135.05,142.4,142.4,137.3,,142.52,,,62161,8709614.0,1447,F1,1,,,,,
2025-09-03,2025-09-03,CM,BSE,STK,520059,INE672B01032,MUNJALAU,B,,,,,MUNJAL AUTO INDUSTRIES LTD.,87.7,91.0,87.7,89.57,89.36,88.78,,89.45,,,31266,2803037.0,819,F1,1,,,,,
2025-09-03,2025-09-03,CM,BSE,STK,520066,INE571B01036,JAYBARMARU,T,,,,,JAY BHARAT MARUTI LTD.,93.0,97.61,90.21,97.44,97.14,92.97,,97.29,,,115899,11118802.0,671,F1,1,,,,,
2025-09-03,2025-09-03,CM,BSE,STK,520073,INE704B01017,RACLGEAR,B,,,,,RACL Geartech Limited,920.0,958.0,910.0,943.5,947.0,916.85,,938.8,,,845,779439.0,90,F1,1,,,,,
2025-09-03,2025-09-03,CM,BSE,STK,520075,INE706B01012,SAMKRG,X,,,,,SAMKRG PISTONS & RINGS LTD.,130.05,132.35,129.0,130.5,131.0,130.05,,130.5,,,1420,185221.0,33,F1,1,,,,,
2025-09-03,2025-09-03,CM,BSE,STK,520086,INE075B01020,SICALLOG,T,,,,,SICAL LOGISTICS LTD.,97.59,97.59,89.06,96.09,96.21,92.99,,96.07,,,1401,134053.0,19,F1,1,,,,,
2025-09-03,2025-09-03,CM,BSE,STK,520111,INE703B01027,RATNAMANI,A,,,,,RATNAMANI METALS & TUBES LTD.,2370.3,2412.1,2370.15,2402.5,2404.75,2370.3,,2400.8,,,288,688263.0,102,F1,1,,,,,
2025-09-03,2025-09-03,CM,BSE,STK,520113,INE386A01023,VESUVIUS,A,,,,,VESUVIUS INDIA LTD.,505.0,526.05,505.0,519.8,516.0,515.35,,520.05,,,5090,2654314.0,339,F1,1,,,,,
2025-09-03,2025-09-03,CM,BSE,STK,520119,INE900C01027,ASAL,B,,,,,AUTOMOTIVE STAMPINGS & ASSEMBL,535.0,535.0,490.0,492.45,491.2,488.4,,492.7,,,441,218788.0,82,F1,1,,,,,
2025-09-03,2025-09-03,CM,BSE,STK,520121,INE276D01012,ARCEEIN,X,,,,,ARCEE INDUSTRIES LTD.,5.39,5.92,5.39,5.5,5.5,5.64,,5.5,,,6251,35719.0,15,F1,1,,,,,
2025-09-03,2025-09-03,CM,BSE,STK,520123,INE125D01011,ABCINDQ,X,,,,,ABC INDIA LTD.,84.46,90.0,84.46,88.91,86.33,84.88,,88.91,,,1273,111387.0,48,F1,1,,,,,
2025-09-03,2025-09-03,CM,BSE,STK,520127,INE654B01014,BALTE,X,,,,,BALURGHAT TECHNOLOGIES LTD.,16.26,16.98,16.26,16.55,16.55,16.5,,16.55,,,3498,58319.0,20,F1,1,,,,,
2025-09-03,2025-09-03,CM,BSE,STK,520141,INE441C01014,SIBARAUT,X,,,,,SIBAR AUTO PARTS LTD.,10.22,10.5,9.5,9.85,10.0,10.22,,9.85,,,4812,47286.0,34,F1,1,,,,,
2025-09-03,2025-09-03,CM,BSE,STK,520151,INE757B01015,TRANSWORLD,B,,,,,TRANSWORLD SHIPPING LINES LIMI,260.0,263.5,256.3,257.8,257.8,259.95,,260.35,,,1049,272831.0,211,F1,1,,,,,
2025-09-03,2025-09-03,CM,BSE,STK,520155,INE580C01019,STARLOG,X,,,,,Starlog Enterprises Limited,58.18,61.5,55.88,57.35,57.35,58.18,,57.35,,,4621,263794.0,68,F1,1,,,,,
2025-09-03,2025-09-03,CM,BSE,STK,521005,INE807M01023,TITANIN,X,,,,,TITAN INTECH LIMITED,22.97,24.1,22.6,23.94,23.94,22.94,,23.94,,,1724008,40465690.0,3660,F1,1,,,,,
2025-09-03,2025-09-03,CM,BSE,STK,521014,INE022C01012,EUROTEXIND,B,,,,,EUROTEX INDUSTRIES & EXPORTS L,15.26,15.79,14.35,15.42,15.5,15.79,,15.46,,,3558,53354.0,407,F1,1,,,,,
2025-09-03,2025-09-03,CM,BSE,STK,521016,INE483B01026,ICIL,B,,,,,INDO COUNT INDUSTRIES LTD.,232.4,248.0,230.7,245.7,245.7,230.55,,245.6,,,19509,4690421.0,430,F1,1,,,,,
2025-09-03,2025-09-03,CM,BSE,STK,521018,INE882A01013,MARALOVER,B,,,,,MARAL OVERSEAS LTD.,56.49,58.65,54.99,55.15,55.0,56.49,,55.22,,,14019,776049.0,734,F1,1,,,,,
2025-09-03,2025-09-03,CM,BSE,STK,521034,INE314C01013,SOMATEX,T,,,,,SOMA TEXTILES & INDUSTRIES LTD,76.1,81.95,76.1,81.91,81.8,78.05,,80.93,,,35086,2837431.0,198,F1,1,,,,,
2025-09-03,2025-09-03,CM,BSE,STK,521048,INE900E01015,ADVLIFE,X,,,,,ADVANCE LIFESTYLES LTD.,26.8,28.0,25.91,27.34,27.55,26.2,,27.34,,,4817,131407.0,51,F1,1,,,,,
2025-09-03,2025-09-03,CM,BSE,STK,521054,INE092E01011,KAKTEX,XT,,,,,KAKATIYA TEXTILES LTD.,17.55,18.15,17.45,18.15,18.15,18.35,,18.15,,,1575,27723.0,20,F1,1,,,,,
2025-09-03,2025-09-03,CM,BSE,STK,521062,INE814L01013,OCTAVE,X,,,,,PERFECT-OCTAVE MEDIA PROJECTS,4.18,4.25,3.91,4.14,4.15,4.1,,4.14,,,1071,4373.0,30,F1,1,,,,,
2025-09-03,2025-09-03,CM,BSE,STK,521064,INE064C01022,TRIDENT,A,,,,,TRIDENT LTD.,28.29,28.68,28.24,28.42,28.42,28.43,,28.38,,,678835,19301250.0,3385,F1,1,,,,,
2025-09-03,2025-09-03,CM,BSE,STK,521070,INE270A01029,ALOKINDS,A,,,,,ALOK INDUSTRIES LTD.,18.38,18.74,17.91,18.39,18.39,18.27,,18.37,,,1535677,28276471.0,3052,F1,1,,,,,
2025-09-03,2025-09-03,CM,BSE,STK,521080,INE604F01010,PASARI,X,,,,,PASARI SPINNING MILLS LTD.,8.57,8.59,8.23,8.56,8.5,8.4,,8.56,,,3504,29473.0,16,F1,1,,,,,
2025-09-03,2025-09-03,CM,BSE,STK,521097,INE484D01012,AMARJOTHI,X,,,,,AMARJOTHI SPINNING MILLS LTD.,154.45,158.0,150.55,152.3,152.3,153.1,,152.3,,,3082,474327.0,61,F1,1,,,,,
2025-09-03,2025-09-03,CM,BSE,STK,521105,INE482O01021,OLYMPTX,X,,,,,OLYMPIA INDUSTRIES LTD.,34.25,36.53,34.25,35.27,35.44,34.33,,35.27,,,3439,121173.0,43,F1,1,,,,,
2025-09-03,2025-09-03,CM,BSE,STK,521109,INE123B01028,NAGREEKEXP,B,,,,,NAGREEKA EXPORTS LTD.,25.64,27.0,25.64,26.24,27.0,25.64,,26.09,,,2817,73412.0,129,F1,1,,,,,
2025-09-03,2025-09-03,CM,BSE,STK,521113,INE691D01012,SUDTIND-B,XT,,,,,SUDITI INDUSTRIES LTD.,61.0,64.24,60.55,61.73,61.69,63.0,,61.73,,,8309,511157.0,41,F1,1,,,,,
2025-09-03,2025-09-03,CM,BSE,STK,521131,INE363D01018,SBFL,X,,,,,Shree Bhavya Fabrics Limited,27.0,27.99,26.0,27.14,27.14,27.45,,27.14,,,6466,169761.0,64,F1,1,,,,,
2025-09-03,2025-09-03,CM,BSE,STK,521137,INE958A01011,EUREKAI,XT,,,,,EUREKA INDUSTRIES LTD.,10.0,10.0,9.36,9.5,9.8,9.85,,9.5,,,5303,51283.0,49,F1,1,,,,,
2025-09-03,2025-09-03,CM,BSE,STK,521141,INE122D01026,ADITYASP,X,,,,,ADITYA SPINNERS LTD.,22.0,22.0,21.02,21.49,21.68,21.55,,21.49,,,952,20206.0,37,F1,1,,,,,
2025-09-03,2025-09-03,CM,BSE,STK,521149,INE419E01024,PRIMEURB,XT,,,,,PRIME URBAN DEVELOPMENT INDIA,14.41,14.41,13.05,13.61,13.93,13.73,,13.61,,,7674,104375.0,68,F1,1,,,,,
2025-09-03,2025-09-03,CM,BSE,STK,521163,INE206B01013,ZODIACLOTH,B,,,,,ZODIAC CLOTHING CO.LTD.,102.37,103.0,102.37,102.7,102.7,102.37,,102.75,,,4,410.0,4,F1,1,,,,,
2025-09-03,2025-09-03,CM,BSE,STK,521178,INE306D01017,SRMCL,X,,,,,SRI RAMAKRISHNA MILLS (COIMBAT,51.88,54.4,49.01,51.49,51.49,50.86,,51.49,,,5660,291310.0,46,F1,1,,,,,
2025-09-03,2025-09-03,CM,BSE,STK,521180,INE662A01027,SUPERSPIN,B,,,,,SUPER SPINNING MILLS LTD.,9.7,9.75,9.5,9.74,9.74,9.8,,9.72,,,4709,45254.0,247,F1,1,,,,,
2025-09-03,2025-09-03,CM,BSE,STK,521194,INE923A01015,SILINV,B,,,,,SIL INVESTMENTS LTD.,571.15,597.3,570.0,594.8,595.5,566.85,,595.35,,,289,171025.0,80,F1,1,,,,,
2025-09-03,2025-09-03,CM,BSE,STK,521200,INE713B01026,SURYALAXMI,B,,,,,SURYALAKSHMI COTTON MILLS LTD.,65.47,66.0,64.47,65.94,65.95,65.47,,65.25,,,906,59535.0,51,F1,1,,,,,
2025-09-03,2025-09-03,CM,BSE,STK,521206,INE931D01020,SAMTEX,X,,,,,SAMTEX FASHIONS LTD.,2.44,2.48,2.32,2.34,2.33,2.32,,2.34,,,6549,15424.0,61,F1,1,,,,,
2025-09-03,2025-09-03,CM,BSE,STK,521210,INE117C01010,CITYMAN,X,,,,,CITYMAN LTD.,17.85,18.0,17.0,17.0,17.0,17.85,,17.0,,,2766,48104.0,29,F1,1,,,,,
2025-09-03,2025-09-03,CM,BSE,STK,521216,INE220C01012,DHANROTO,X,,,,,DHANALAXMI ROTO SPINNERS LTD.,85.0,85.47,80.11,83.37,83.37,84.2,,83.37,,,8209,676254.0,131,F1,1,,,,,
2025-09-03,2025-09-03,CM,BSE,STK,521220,INE497D01022,DAMODARIND,B,,,,,DAMODAR INDUSTRIES LTD.,37.4,37.5,35.25,36.46,36.4,36.27,,36.42,,,4831,176988.0,188,F1,1,,,,,
2025-09-03,2025-09-03,CM,BSE,STK,521226,INE980D01019,UNIROYAL,X,,,,,UNIROYAL INDUSTRIES LTD.,21.0,22.0,20.0,20.39,20.39,20.5,,20.39,,,4613,96326.0,28,F1,1,,,,,
2025-09-03,2025-09-03,CM,BSE,STK,521228,INE083G01031,TATIAGLOB,X,,,,,TATIA GLOBAL VENNTURE LTD.,3.01,3.01,2.93,2.95,2.95,2.94,,2.95,,,70777,209740.0,253,F1,1,,,,,
2025-09-03,2025-09-03,CM,BSE,STK,521234,INE443E01016,SRINACHA,X,,,,,SRI NACHAMMAI COTTON MILLS LTD,35.52,35.52,33.13,33.13,33.14,33.2,,33.13,,,22,753.0,7,F1,1,,,,,
2025-09-03,2025-09-03,CM,BSE,STK,521238,INE893C01032,BGDL,B,,,,,BHARAT GLOBAL DEVELOPERS LIMIT,148.7,148.7,148.7,148.7,148.7,141.65,,148.7,,,2867,426322.0,99,F1,1,,,,,
2025-09-03,2025-09-03,CM,BSE,STK,521240,INE304D01012,SAMBANDAM,X,,,,,SAMBANDAM SPINNING MILLS LTD.,118.15,118.4,115.0,117.75,117.8,118.05,,117.75,,,605,70021.0,29,F1,1,,,,,
2025-09-03,2025-09-03,CM,BSE,STK,521244,INE676G01024,MKPMOB,X,,,,,MKP Mobility Limited,128.5,128.5,128.5,128.5,128.5,128.5,,128.5,,,1,128.0,1,F1,1,,,,,
2025-09-03,2025-09-03,CM,BSE,STK,521246,INE162C01024,PARASPETRO,B,,,,,PARAS PETROFILS LTD.,2.47,2.47,2.33,2.39,2.39,2.41,,2.39,,,55826,133217.0,151,F1,1,,,,,
2025-09-03,2025-09-03,CM,BSE,STK,521248,INE602G01020,KITEX,B,,,,,KITEX GARMENTS LTD.,198.75,198.75,187.85,189.2,189.2,196.85,,189.04,,,246343,47013064.0,3679,F1,1,,,,,
2025-09-03,2025-09-03,CM,BSE,STK,522001,INE608B01010,CRANEX,X,,,,,CRANEX LTD.,89.9,89.9,84.51,85.56,85.5,85.31,,85.56,,,3450,296854.0,62,F1,1,,,,,
2025-09-03,2025-09-03,CM,BSE,STK,522004,INE177C01022,BATLIBOI,X,,,,,BATLIBOI LTD.,102.0,105.0,100.0,102.3,102.8,101.4,,102.3,,,22029,2243955.0,276,F1,1,,,,,
2025-09-03,2025-09-03,CM,BSE,STK,522005,INE759F01012,AUSTENG,X,,,,,AUSTIN ENGINEERING CO.LTD.,186.5,194.5,182.0,183.6,183.6,184.0,,183.6,,,1155,213466.0,57,F1,1,,,,,
2025-09-03,2025-09-03,CM,BSE,STK,522014,INE961D01019,UNIDT,B,,,,,UNITED DRILLING TOOLS LTD.,201.6,204.25,199.4,200.6,202.15,200.0,,200.87,,,1749,351727.0,160,F1,1,,,,,
2025-09-03,2025-09-03,CM,BSE,STK,522017,INE459C01016,FLUIDOM,XT,,,,,FLUIDOMAT LTD.,974.8,974.8,951.65,963.8,960.0,966.4,,963.8,,,2316,2232128.0,138,F1,1,,,,,
2025-09-03,2025-09-03,CM,BSE,STK,522027,INE279D01016,EMAINDIA,XT,,,,,EMA INDIA LTD.,170.0,170.0,170.0,170.0,170.0,166.7,,170.0,,,2851,484670.0,6,F1,1,,,,,
2025-09-03,2025-09-03,CM,BSE,STK,522029,INE052A01021,WINDMACHIN,B,,,,,WINDSOR MACHINES LTD.,323.2,325.1,315.6,323.75,325.1,323.3,,322.05,,,4275,1373237.0,135,F1,1,,,,,
2025-09-03,2025-09-03,CM,BSE,STK,522034,INE631A01022,SHANTIGEAR,B,,,,,SHANTHI GEARS LTD.,559.65,580.8,559.65,574.0,572.4,559.65,,573.45,,,4240,2411621.0,342,F1,1,,,,,
2025-09-03,2025-09-03,CM,BSE,STK,522064,INE634A01018,HONDAPOWER,B,,,,,HONDA INDIA POWER PRODUCTS LIM,2835.0,2990.0,2809.1,2879.6,2861.0,2821.5,,2872.7,,,2723,7904902.0,598,F1,1,,,,,
2025-09-03,2025-09-03,CM,BSE,STK,522073,INE127B01011,HITECHGEAR,T,,,,,The Hi-Tech Gears Ltd,665.0,665.0,665.0,665.0,665.0,668.9,,668.6,,,20,13300.0,2,F1,1,,,,,
2025-09-03,2025-09-03,CM,BSE,STK,522074,INE285A01027,ELGIEQUIP,A,,,,,ELGI EQUIPMENTS LTD.,489.5,495.15,486.4,490.5,490.5,495.45,,490.9,,,15663,7661398.0,897,F1,1,,,,,
2025-09-03,2025-09-03,CM,BSE,STK,522091,INE890G01021,UVDRHOR,X,,,,,UNITED VAN DER HORST LTD.,156.35,161.0,156.35,158.0,158.0,156.4,,158.0,,,2038,322923.0,53,F1,1,,,,,
2025-09-03,2025-09-03,CM,BSE,STK,522101,INE338F01015,KLBRENG-B,B,,,,,KILBURN ENGINEERING LTD.,548.85,560.0,544.4,546.1,544.45,548.85,,546.1,,,29142,16169009.0,968,F1,1,,,,,
2025-09-03,2025-09-03,CM,BSE,STK,522105,INE372E01025,BIRLAPREC,X,,,,,BIRLA PRECISION TECHNOLOGIES L,43.02,45.4,43.02,44.14,44.5,44.09,,44.14,,,15630,694810.0,164,F1,1,,,,,
2025-09-03,2025-09-03,CM,BSE,STK,522108,INE384C01016,YUKEN,B,,,,,YUKEN INDIA LTD.,1009.55,1016.5,990.1,1000.0,1000.0,1011.45,,996.3,,,358,357181.0,78,F1,1,,,,,
2025-09-03,2025-09-03,CM,BSE,STK,522113,INE325A01013,TIMKEN,A,,,,,TIMKEN INDIA LTD.,2920.05,2948.6,2920.0,2931.45,2928.3,2932.55,,2934.7,,,1162,3410435.0,297,F1,1,,,,,
2025-09-03,2025-09-03,CM,BSE,STK,522122,INE285C01015,VOITHPAPR,X,,,,,VOITH PAPER FABRICS INDIA LTD.,1930.05,1950.0,1901.6,1911.75,1910.1,1920.95,,1911.75,,,300,573347.0,40,F1,1,,,,,
2025-09-03,2025-09-03,CM,BSE,STK,522134,INE133D01023,ARTSON,XT,,,,,ARTSON LIMITED,165.0,175.0,165.0,168.0,168.0,168.0,,168.0,,,8819,1490404.0,42,F1,1,,,,,
2025-09-03,2025-09-03,CM,BSE,STK,522152,INE410A01013,SOLIMAC,X,,,,,SOLITAIRE MACHINE TOOLS LTD.,125.3,131.95,125.0,127.0,127.0,126.75,,127.0,,,4363,565800.0,19,F1,1,,,,,
2025-09-03,2025-09-03,CM,BSE,STK,522163,INE989C01038,DIACABS,B,,,,,DIAMOND POWER INFRASTRUCTURE L,150.95,150.95,143.05,144.55,144.5,143.55,,144.83,,,67435,9811463.0,768,F1,1,,,,,
2025-09-03,2025-09-03,CM,BSE,STK,522165,INE867D01018,INDSILHYD,XT,,,,,INDSIL HYDRO POWER AND MANGANE,50.5,50.5,48.5,48.61,48.54,49.93,,48.61,,,8736,427759.0,95,F1,1,,,,,
2025-09-03,2025-09-03,CM,BSE,STK,522183,INE478D01014,ITL,X,,,,,ITL INDUSTRIES LTD.,343.95,354.9,343.0,345.9,349.9,343.95,,345.9,,,1295,450685.0,55,F1,1,,,,,
2025-09-03,2025-09-03,CM,BSE,STK,522195,INE572D01014,FRONTSP,X,,,,,FRONTIER SPRINGS LTD.,4799.0,4899.95,4798.0,4834.8,4822.15,4739.05,,4834.8,,,3812,18361940.0,458,F1,1,,,,,
2025-09-03,2025-09-03,CM,BSE,STK,522205,INE074A01025,PRAJIND,A,,,,,PRAJ INDUSTRIES LTD.,421.0,421.0,411.8,412.6,412.6,418.3,,412.7,,,48667,20139158.0,1859,F1,1,,,,,
2025-09-03,2025-09-03,CM,BSE,STK,522207,INE682D01011,RASANDIK,X,,,,,RASANDIK ENGINEERING INDUSTRIE,85.01,88.8,85.01,87.65,88.8,86.77,,87.65,,,610,53152.0,14,F1,1,,,,,
2025-09-03,2025-09-03,CM,BSE,STK,522209,INE429B01011,YOGISUNG,XT,,,,,YOGI SUNG-WON (INDIA) LTD.,13.4,14.78,13.4,14.51,14.74,14.08,,14.51,,,22976,327146.0,30,F1,1,,,,,
2025-09-03,2025-09-03,CM,BSE,STK,522215,INE461D01028,HLEGLAS,B,,,,,HLE GLASCOAT LIMITED,528.4,540.75,518.0,534.4,532.3,527.5,,534.65,,,27931,14851179.0,1565,F1,1,,,,,
2025-09-03,2025-09-03,CM,BSE,STK,522217,INE826C01016,GUJAPOLLO,T,,,,,GUJARAT APOLLO INDUSTRIES LTD.,482.0,499.9,467.35,489.05,489.95,481.6,,487.65,,,8913,4247378.0,102,F1,1,,,,,
2025-09-03,2025-09-03,CM,BSE,STK,522229,INE692C01020,TANAA,X,,,,,TANEJA AEROSPACE & AVIATION LT,386.1,399.8,386.1,391.2,390.0,390.05,,391.2,,,13336,5210638.0,355,F1,1,,,,,
2025-09-03,2025-09-03,CM,BSE,STK,522231,INE714D01020,CONART,X,,,,,CONART ENGINEERS LTD.,110.3,113.8,108.95,112.0,112.0,111.3,,112.0,,,3882,428401.0,70,F1,1,,,,,
2025-09-03,2025-09-03,CM,BSE,STK,522235,INE097E01028,MINALIND,X,,,,,MINAL INDUSTRIES LIMITED,3.74,3.9,3.72,3.81,3.87,3.8,,3.81,,,42776,163062.0,102,F1,1,,,,,
2025-09-03,2025-09-03,CM,BSE,STK,522237,INE092H01014,SHIVAGR,X,,,,,SHIVAGRICO IMPLEMENTS LTD.,25.0,28.0,25.0,26.56,27.0,25.0,,26.56,,,12065,323509.0,58,F1,1,,,,,
2025-09-03,2025-09-03,CM,BSE,STK,522241,INE227C01017,MMFL,B,,,,,M.M.FORGINGS LTD.,308.0,319.8,308.0,318.15,317.0,311.45,,318.15,,,3539,1118386.0,167,F1,1,,,,,
2025-09-03,2025-09-03,CM,BSE,STK,522249,INE040D01038,MAYURUNIQ,B,,,,,MAYUR UNIQUOTERS LTD.,533.25,537.1,523.9,529.3,533.3,527.7,,528.85,,,1655,874660.0,218,F1,1,,,,,
2025-09-03,2025-09-03,CM,BSE,STK,522251,INE627F01011,CENLUB,X,,,,,CENLUB INDUSTRIES LTD.,333.0,333.0,320.2,325.7,327.25,327.45,,325.7,,,2178,708842.0,90,F1,1,,,,,
2025-09-03,2025-09-03,CM,BSE,STK,522257,INE535F01024,RAJOOENG,B,,,,,RAJOO ENGINEERS LTD.,103.3,103.3,100.5,100.75,100.75,101.25,,100.73,,,39067,3947675.0,679,F1,1,,,,,
2025-09-03,2025-09-03,CM,BSE,STK,522261,INE920A01037,DOLPHIN,B,,,,,DOLPHIN OFFSHORE ENTERPRISES (,432.0,434.8,428.0,429.15,428.0,431.35,,428.9,,,257,110326.0,37,F1,1,,,,,
2025-09-03,2025-09-03,CM,BSE,STK,522267,INE466D01019,VJLAXMIE,X,,,,,VEEJAY LAKSHMI ENGINEERING WOR,57.55,60.0,56.1,57.5,57.5,61.5,,57.5,,,566,32672.0,12,F1,1,,,,,
2025-09-03,2025-09-03,CM,BSE,STK,522273,INE868C01018,AHMDSTE,X,,,,,AHMEDABAD STEELCRAFT LTD.,234.0,234.0,205.8,223.7,224.95,221.55,,223.7,,,3263,714086.0,72,F1,1,,,,,
2025-09-03,2025-09-03,CM,BSE,STK,522275,INE200A01026,GVTD,A,,,,,GE Vernova T&D India Limited,2763.0,2849.55,2749.65,2816.85,2821.2,2749.65,,2817.4,,,6842,19235296.0,1173,F1,1,,,,,
2025-09-03,2025-09-03,CM,BSE,STK,522281,INE207E01023,RAMRAT,B,,,,,RAM RATNA WIRES LTD.,728.0,734.0,713.0,724.4,728.25,721.3,,725.5,,,2773,1998239.0,168,F1,1,,,,,
2025-09-03,2025-09-03,CM,BSE,STK,522285,INE854B01010,JAYNECOIND,B,,,,,JAYASWAL NECO INDUSTRIES LTD.,59.79,60.69,58.81,59.96,59.75,59.04,,59.94,,,3280056,196179888.0,5662,F1,1,,,,,
2025-09-03,2025-09-03,CM,BSE,STK,522287,INE220B01022,KPIL,A,,,,,KALPATARU PROJECTS INTERNATION,1223.0,1276.55,1218.1,1273.8,1266.15,1223.4,,1272.4,,,10255,12843376.0,979,F1,1,,,,,
2025-09-03,2025-09-03,CM,BSE,STK,522289,INE169F01014,NMSRESRC,XT,,,,,NMS RESOURCES GLOBAL LIMITED,75.75,75.75,73.5,74.4,74.4,72.15,,74.4,,,456,34357.0,26,F1,1,,,,,
2025-09-03,2025-09-03,CM,BSE,STK,522292,INE713D01055,CANDOUR,X,,,,,CANDOUR TECHTEX LIMITED,71.0,75.24,67.99,73.52,73.3,70.07,,73.52,,,30334,2162249.0,154,F1,1,,,,,
2025-09-03,2025-09-03,CM,BSE,STK,522294,INE811B01010,TIGLOB,X,,,,,T & I GLOBAL LTD.,180.45,188.95,175.0,177.05,177.05,180.65,,177.05,,,512,90957.0,22,F1,1,,,,,
2025-09-03,2025-09-03,CM,BSE,STK,522295,INE663B01015,CONTROLPR,B,,,,,CONTROL PRINT LTD.,772.0,781.35,764.95,775.7,774.6,773.5,,777.6,,,1929,1483163.0,209,F1,1,,,,,
2025-09-03,2025-09-03,CM,BSE,STK,522650,INE142E01022,BEMHY,XT,,,,,BEMCO HYDRAULICS LTD.,151.0,151.0,151.0,151.0,151.0,154.05,,151.0,,,3115,470365.0,182,F1,1,,,,,
2025-09-03,2025-09-03,CM,BSE,STK,523007,INE030C01015,ANSALBU,X,,,,,ANSAL BUILDWELL LTD.,111.1,112.0,108.0,111.0,111.0,108.5,,111.0,,,1162,128801.0,19,F1,1,,,,,
2025-09-03,2025-09-03,CM,BSE,STK,523011,INE080A01014,WEIZMANIND,B,,,,,WEIZMANN LTD.,108.5,109.9,105.25,109.9,109.9,106.8,,107.02,,,110,11762.0,12,F1,1,,,,,
2025-09-03,2025-09-03,CM,BSE,STK,523019,INE710D01028,BNRSEC,X,,,,,B.N.RATHI SECURITIES LTD.,21.03,21.78,20.81,21.1,21.15,21.03,,21.1,,,23663,499469.0,227,F1,1,,,,,
2025-09-03,2025-09-03,CM,BSE,STK,523021,INE989D01010,RISHITECH,X,,,,,RISHI TECHTEX LTD.,43.96,51.7,43.96,50.92,51.7,43.1,,50.92,,,11542,543968.0,60,F1,1,,,,,
2025-09-03,2025-09-03,CM,BSE,STK,523023,INE985A01022,SINCLAIR,B,,,,,SINCLAIRS HOTELS LTD.,99.43,101.9,98.93,99.9,99.96,98.66,,99.45,,,4168,417742.0,107,F1,1,,,,,
2025-09-03,2025-09-03,CM,BSE,STK,523025,INE429E01023,SAFARI,A,,,,,SAFARI INDUSTRIES (INDIA) LTD.,2148.85,2228.55,2148.85,2154.9,2155.0,2156.05,,2153.9,,,2570,5634861.0,451,F1,1,,,,,
2025-09-03,2025-09-03,CM,BSE,STK,523062,INE584C01011,JJFINCOR,X,,,,,J.J.FINANCE CORPORATION LTD.,38.45,38.85,35.85,37.47,38.7,37.64,,37.47,,,1134,42599.0,17,F1,1,,,,,
2025-09-03,2025-09-03,CM,BSE,STK,523100,INE124B01018,COSMOFE,X,,,,,COSMO FERRITES LTD.,247.4,251.0,243.0,249.75,249.75,244.5,,249.75,,,5926,1464293.0,75,F1,1,,,,,
2025-09-03,2025-09-03,CM,BSE,STK,523105,INE293E01031,CROPSTER,B,,,,,CROPSTER AGRO LIMITED,21.2,24.42,20.78,24.35,24.35,20.35,,24.35,,,5270039,125851561.0,3158,F1,1,,,,,
2025-09-03,2025-09-03,CM,BSE,STK,523120,INE628D01014,ADORMUL,XT,,,,,ADOR MULTIPRODUCTS LTD.,103.99,103.99,95.0,99.88,99.87,99.5,,99.88,,,3658,353550.0,63,F1,1,,,,,
2025-09-03,2025-09-03,CM,BSE,STK,523127,INE276C01014,EIHAHOTELS,B,,,,,EIH ASSOCIATED HOTELS LTD.,400.0,422.65,397.2,413.75,417.5,394.7,,413.8,,,31722,13122521.0,2202,F1,1,,,,,
2025-09-03,2025-09-03,CM,BSE,STK,523144,INE442D01010,MEDICAPQ,X,,,,,MEDI-CAPS LTD.,42.25,42.25,39.46,40.0,40.0,39.97,,40.0,,,1689,66821.0,23,F1,1,,,,,
2025-09-03,2025-09-03,CM,BSE,STK,523151,INE910B01028,OTCO,X,,,,,OTCO INTERNATIONAL LTD.,8.0,8.0,7.71,7.71,7.71,8.05,,7.71,,,248,1950.0,10,F1,1,,,,,
2025-09-03,2025-09-03,CM,BSE,STK,523160,INE599F01020,MORGANITE,X,,,,,MORGANITE CRUCIBLE (INDIA) LTD,1655.95,1684.8,1640.2,1666.85,1666.0,1644.95,,1666.85,,,2938,4897568.0,168,F1,1,,,,,
2025-09-03,2025-09-03,CM,BSE,STK,523186,INE00FM01013,BAPACK,X,,,,,B&A PACKAGING INDIA LIMITED,209.8,237.5,209.8,215.0,215.0,208.55,,215.0,,,965,218666.0,48,F1,1,,,,,
2025-09-03,2025-09-03,CM,BSE,STK,523204,INE421A01028,ABAN,B,,,,,ABAN OFFSHORE LTD.,44.9,45.62,43.0,44.36,44.36,46.21,,44.32,,,78902,3468501.0,821,F1,1,,,,,
2025-09-03,2025-09-03,CM,BSE,STK,523207,INE760A01029,KOKUYOCMLN,B,,,,,KOKUYO CAMLIN LTD.,116.3,117.75,114.4,116.15,116.3,115.3,,116.34,,,1467,170315.0,57,F1,1,,,,,
2025-09-03,2025-09-03,CM,BSE,STK,523222,INE173J01018,SRMENERGY,XT,,,,,SRM ENERGY LTD.,11.07,11.28,11.07,11.28,11.28,11.06,,11.28,,,292,3232.0,6,F1,1,,,,,
2025-09-03,2025-09-03,CM,BSE,STK,523229,INE415D01024,BHARATSE,B,,,,,BHARAT SEATS LTD.,173.95,174.5,164.1,164.5,165.35,172.7,,164.91,,,77253,12895509.0,1550,F1,1,,,,,
2025-09-03,2025-09-03,CM,BSE,STK,523232,INE369D01023,CONTPTR,X,,,,,CONTINENTAL PETROLEUMS LTD.,110.2,114.95,109.1,109.9,109.9,112.0,,109.9,,,2762,303835.0,57,F1,1,,,,,
2025-09-03,2025-09-03,CM,BSE,STK,523242,INE006F01018,NBFOOT,P,,,,,NB FOOTWEAR LTD.,9.22,10.17,9.22,9.93,10.17,9.7,,9.93,,,1000,9362.0,4,F1,100,,,,,
2025-09-03,2025-09-03,CM,BSE,STK,523248,INE082B01018,MACPLASQ,X,,,,,MACHINO PLASTICS LTD.,292.0,295.0,288.0,290.0,290.0,288.0,,290.0,,,729,211702.0,30,F1,1,,,,,
2025-09-03,2025-09-03,CM,BSE,STK,523260,INE844A01013,PEARLPOLY,B,,,,,PEARL POLYMERS LTD.,31.7,31.9,31.49,31.53,31.49,31.3,,31.45,,,1057,33509.0,16,F1,1,,,,,
2025-09-03,2025-09-03,CM,BSE,STK,523261,INE398A01010,VENKEYS,B,,,,,VENKYS (INDIA) LTD.,1533.0,1533.0,1464.05,1514.35,1513.0,1496.85,,1513.7,,,3153,4757992.0,361,F1,1,,,,,
2025-09-03,2025-09-03,CM,BSE,STK,523269,INE199C01026,ADVANIHOTR,B,,,,,ADVANI HOTELS & RESORTS (INDIA,61.51,63.38,61.17,61.67,62.19,62.0,,61.71,,,9854,612660.0,173,F1,1,,,,,
2025-09-03,2025-09-03,CM,BSE,STK,523277,INE395B01048,GVFILM,X,,,,,GV FILMS LTD.,0.36,0.36,0.34,0.36,0.36,0.35,,0.36,,,1516164,533892.0,510,F1,1,,,,,
2025-09-03,2025-09-03,CM,BSE,STK,523283,INE712B01010,SUPERHOUSE,B,,,,,SUPERHOUSE LTD.,150.75,150.75,150.75,150.75,150.75,150.6,,153.02,,,1,150.0,1,F1,1,,,,,
2025-09-03,2025-09-03,CM,BSE,STK,523289,INE763B01013,RAMAVISION,X,,,,,RAMA VISION LTD.,76.82,82.0,76.65,81.1,80.0,78.15,,81.1,,,22019,1739586.0,58,F1,1,,,,,
2025-09-03,2025-09-03,CM,BSE,STK,523301,INE822C01015,TCPLPACK,B,,,,,TCPL PACKAGING LTD.,3399.4,3433.5,3399.4,3430.15,3432.05,3390.6,,3415.9,,,51,174531.0,27,F1,1,,,,,
2025-09-03,2025-09-03,CM,BSE,STK,523309,INE241V01018,SHRIGANG,X,,,,,SHRI GANG INDUSTRIES AND ALLIE,89.7,91.0,89.05,90.55,90.55,92.0,,90.55,,,2376,214376.0,41,F1,1,,,,,
2025-09-03,2025-09-03,CM,BSE,STK,523319,INE164A01016,BALMLAWRIE,B,,,,,BALMER LAWRIE & CO.LTD.,233.5,235.6,231.05,231.9,232.15,233.0,,231.91,,,69045,16083974.0,1647,F1,1,,,,,
2025-09-03,2025-09-03,CM,BSE,STK,523323,INE177F01017,KOVAI,B,,,,,KOVAI MEDICAL CENTER & HOSPITA,6346.95,6360.0,6312.6,6349.65,6350.2,6340.25,,6349.65,,,3397,21559752.0,410,F1,1,,,,,
2025-09-03,2025-09-03,CM,BSE,STK,523329,INE668G01021,ELDEHSG,B,,,,,ELDECO HOUSING & INDUSTRIES LT,745.05,757.9,690.0,713.45,713.45,716.15,,706.25,,,119474,89149996.0,201,F1,1,,,,,
2025-09-03,2025-09-03,CM,BSE,STK,523367,INE499A01024,DCMSHRIRAM,A,,,,,DCM SHRIRAM LIMITED,1254.4,1260.45,1230.1,1236.6,1235.5,1242.4,,1240.0,,,2664,3306321.0,311,F1,1,,,,,
2025-09-03,2025-09-03,CM,BSE,STK,523369,INE843D01027,DCMSRIND,B,,,,,DCM SHRIRAM INDUSTRIES LTD.,158.5,159.45,157.8,158.6,159.0,158.3,,158.64,,,5839,926324.0,271,F1,1,,,,,
2025-09-03,2025-09-03,CM,BSE,STK,523371,INE636A01039,MAWANASUG,B,,,,,MAWANA SUGARS LTD.,93.15,94.5,92.51,93.58,93.58,92.65,,93.89,,,6266,585534.0,196,F1,1,,,,,
2025-09-03,2025-09-03,CM,BSE,STK,523373,INE281E01010,MINID,X,,,,,MINI DIAMONDS (INDIA) LTD.,163.0,167.35,160.2,162.8,162.8,163.0,,162.8,,,5100,828324.0,78,F1,1,,,,,
2025-09-03,2025-09-03,CM,BSE,STK,523384,INE843B01013,MAHAPEXLTD,B,,,,,MAHA RASHTRA APEX CORPORATION,105.4,105.4,102.25,104.8,104.8,103.95,,104.88,,,251,26269.0,17,F1,1,,,,,
2025-09-03,2025-09-03,CM,BSE,STK,523385,INE310A01015,NILKAMAL,B,,,,,NILKAMAL LTD.,1541.0,1573.55,1541.0,1554.9,1561.4,1570.25,,1553.8,,,181,282269.0,87,F1,1,,,,,
2025-09-03,2025-09-03,CM,BSE,STK,523391,INE308A01027,NAHARPOLY,B,,,,,NAHAR POLYFILMS LTD.,296.1,315.0,295.0,302.15,302.15,295.7,,299.2,,,6457,1981218.0,53,F1,1,,,,,
2025-09-03,2025-09-03,CM,BSE,STK,523395,INE470A01017,3MINDIA,A,,,,,3M INDIA LTD.,31384.9,31500.0,30829.05,30912.45,30844.05,31081.6,,30980.0,,,96,3006468.0,62,F1,1,,,,,
2025-09-03,2025-09-03,CM,BSE,STK,523398,INE782A01015,JCHAC,B,,,,,Johnson Controls-Hitachi Air C,1736.7,1757.95,1736.7,1748.9,1743.1,1743.5,,1747.6,,,2164,3782341.0,444,F1,1,,,,,
2025-09-03,2025-09-03,CM,BSE,STK,523405,INE780C01023,JMFINANCIL,A,,,,,JM FINANCIAL LTD.,182.5,193.1,182.5,189.6,189.6,182.2,,189.51,,,485183,92058976.0,4601,F1,1,,,,,
2025-09-03,2025-09-03,CM,BSE,STK,523411,INE833A01016,ADCINDIA,X,,,,,ADC INDIA COMMUNICATIONS LIMIT,1649.25,1660.0,1600.0,1605.25,1602.35,1637.2,,1605.25,,,3118,5054136.0,251,F1,1,,,,,
2025-09-03,2025-09-03,CM,BSE,STK,523419,INE141D01018,TNTELE,T,,,,,TAMILNADU TELECOMMUNICATIONS L,15.46,15.46,15.46,15.46,15.46,16.27,,15.34,,,123,1901.0,5,F1,1,,,,,
2025-09-03,2025-09-03,CM,BSE,STK,523425,INE459D01014,SUNRAJDI,XT,,,,,SUNRAJ DIAMOND EXPORTS LTD.,15.91,15.91,15.91,15.91,15.91,15.6,,15.91,,,539,8575.0,4,F1,1,,,,,
2025-09-03,2025-09-03,CM,BSE,STK,523445,INE046A01015,RIIL,B,,,,,RELIANCE INDUSTRIAL INFRASTRUC,918.6,949.55,916.85,940.15,934.0,918.25,,939.9,,,24614,23092722.0,1789,F1,1,,,,,
2025-09-03,2025-09-03,CM,BSE,STK,523449,INE207B01011,SHARP,X,,,,,SHARP INDIA LTD.,56.0,58.99,56.0,58.45,58.5,55.69,,58.45,,,533,31013.0,8,F1,1,,,,,
2025-09-03,2025-09-03,CM,BSE,STK,523457,INE473A01011,LINDEINDIA,A,,,,,Linde India Limited,6411.05,6448.9,6370.0,6438.7,6445.0,6382.15,,6438.5,,,605,3872395.0,197,F1,1,,,,,
2025-09-03,2025-09-03,CM,BSE,STK,523465,INE969D01012,INDBNK,B,,,,,IND BANK HOUSING LTD.,40.89,41.5,39.05,39.55,39.05,40.89,,39.55,,,3396,136646.0,32,F1,1,,,,,
2025-09-03,2025-09-03,CM,BSE,STK,523467,INE250C01027,JAIMATAG,XT,,,,,JAI MATA GLASS LTD.,2.0,2.16,1.98,2.15,2.15,2.08,,2.15,,,105989,217550.0,162,F1,1,,,,,
2025-09-03,2025-09-03,CM,BSE,STK,523475,INE026D01011,LOTUSCHO,B,,,,,LOTUS CHOCOLATE CO.LTD.,1141.95,1164.65,1129.95,1141.4,1140.0,1143.25,,1141.4,,,13552,15448355.0,267,F1,1,,,,,
2025-09-03,2025-09-03,CM,BSE,STK,523483,INE883C01025,PACIFICI,X,,,,,PACIFIC INDUSTRIES LTD.,177.45,182.5,173.5,178.7,178.7,175.9,,178.7,,,1967,348426.0,68,F1,1,,,,,
2025-09-03,2025-09-03,CM,BSE,STK,523489,INE889F01017,CMMHOSP,X,,,,,CHENNAI MEENAKSHI MULTISPECIAL,35.9,39.9,35.9,39.07,39.08,39.43,,39.07,,,4032,156766.0,23,F1,1,,,,,
2025-09-03,2025-09-03,CM,BSE,STK,523537,INE170D01025,APMIN,X,,,,,APM INDUSTRIES LTD.,32.66,32.66,31.6,32.23,32.16,32.66,,32.23,,,9450,303800.0,86,F1,1,,,,,
2025-09-03,2025-09-03,CM,BSE,STK,523539,INE372C01037,PRECWIRE,B,,,,,PRECISION WIRES INDIA LTD.,176.0,181.7,174.3,178.0,175.95,174.3,,177.66,,,12539,2227123.0,412,F1,1,,,,,
2025-09-03,2025-09-03,CM,BSE,STK,523550,INE951B01014,KRYPTONQ,X,,,,,KRYPTON INDUSTRIES LTD.,44.56,46.78,44.35,46.3,46.3,44.56,,46.3,,,8080,370422.0,65,F1,1,,,,,
2025-09-03,2025-09-03,CM,BSE,STK,523558,INE010C01025,SWISSMLTRY,X,,,,,SWISS MILITARY CONSUMER GOODS,24.19,26.37,24.19,26.11,26.3,24.18,,26.11,,,420771,10758102.0,960,F1,1,,,,,
2025-09-03,2025-09-03,CM,BSE,STK,523566,INE199D01016,MARBU,X,,,,,MARTIN BURN LTD.,67.46,67.46,64.05,64.46,65.5,67.94,,64.46,,,211,14096.0,6,F1,1,,,,,
2025-09-03,2025-09-03,CM,BSE,STK,523574,INE623B01027,FEL,Z,,,,,Future Enterprises Limited,0.64,0.64,0.63,0.64,0.64,0.63,,0.64,,,95349,60803.0,73,F1,1,,,,,
2025-09-03,2025-09-03,CM,BSE,STK,523586,INE826B01018,INDTONER,X,,,,,INDIAN TONERS & DEVELOPERS LTD,263.2,266.95,262.4,266.5,266.95,263.05,,266.5,,,4913,1301851.0,61,F1,1,,,,,
2025-09-03,2025-09-03,CM,BSE,STK,523594,INE638D01021,KUNSTOFF,X,,,,,KUNSTSTOFFE INDUSTRIES LTD.,23.83,23.83,22.5,23.8,23.8,23.87,,23.8,,,32,751.0,5,F1,1,,,,,
2025-09-03,2025-09-03,CM,BSE,STK,523598,INE109A01011,SCI,A,,,,,SHIPPING CORPORATION OF INDIA,220.85,223.0,219.05,221.95,223.0,219.9,,222.01,,,174674,38604190.0,2092,F1,1,,,,,
2025-09-03,2025-09-03,CM,BSE,STK,523606,INE438E01032,SIKA,B,,,,,SIKA INTERPLANT SYSTEMS LTD.,1142.8,1159.7,1100.0,1146.0,1146.0,1142.65,,1146.0,,,22615,25680854.0,1536,F1,1,,,,,
2025-09-03,2025-09-03,CM,BSE,STK,523610,INE248A01017,ITI,A,,,,,ITI LTD.,303.0,322.15,303.0,315.45,314.75,301.5,,315.25,,,269882,85307971.0,5250,F1,1,,,,,
2025-09-03,2025-09-03,CM,BSE,STK,523618,INE506A01018,DREDGECORP,B,,,,,DREDGING CORPORATION OF INDIA,621.5,648.0,617.5,644.25,644.25,612.0,,644.3,,,6361,4053893.0,615,F1,1,,,,,
2025-09-03,2025-09-03,CM,BSE,STK,523620,INE486I01016,PHRMASI,X,,,,,PHAARMASIA LTD.,31.0,32.4,31.0,32.4,32.4,30.88,,32.4,,,579,18615.0,13,F1,1,,,,,
2025-09-03,2025-09-03,CM,BSE,STK,523630,INE870D01012,NFL,B,,,,,NATIONAL FERTILIZERS LTD.,97.61,101.49,97.61,100.66,100.66,98.11,,100.7,,,357425,35895468.0,3264,F1,1,,,,,
2025-09-03,2025-09-03,CM,BSE,STK,523638,INE558A01019,IPRINGLTD,X,,,,,IP RINGS LTD.,163.2,174.85,163.2,167.55,167.55,164.0,,167.55,,,2726,470222.0,41,F1,1,,,,,
2025-09-03,2025-09-03,CM,BSE,STK,523642,INE603J01030,PIIND,A,,,,,P.I.INDUSTRIES LTD.,3751.8,3782.3,3712.6,3762.25,3776.2,3748.7,,3757.7,,,2448,9161141.0,293,F1,1,,,,,
2025-09-03,2025-09-03,CM,BSE,STK,523648,INE083C01022,PLASTIBLEN,B,,,,,PLASTIBLENDS INDIA LTD.,191.3,195.0,189.2,193.35,193.1,190.5,,193.77,,,4088,785695.0,123,F1,1,,,,,
2025-09-03,2025-09-03,CM,BSE,STK,523650,INE823D01011,YASHINNO,XT,,,,,YASH INNOVENTURES LIMITED,47.94,49.35,46.55,49.35,49.35,47.0,,49.35,,,3047,147397.0,29,F1,1,,,,,
2025-09-03,2025-09-03,CM,BSE,STK,523652,INE465K01016,KKPLASTICK,X,,,,,Kkalpana Plastick Limited,29.65,32.25,29.6,32.25,32.25,30.76,,32.25,,,156,4750.0,5,F1,1,,,,,
2025-09-03,2025-09-03,CM,BSE,STK,523660,INE054C01015,WATERBASE,X,,,,,WATERBASE LTD.,50.89,50.89,49.0,49.09,49.0,49.62,,49.09,,,23923,1190472.0,183,F1,1,,,,,
2025-09-03,2025-09-03,CM,BSE,STK,523672,INE954B01018,FLEXFO,X,,,,,FLEX FOODS LTD.,51.0,51.5,49.0,49.91,49.99,50.91,,49.91,,,4838,241332.0,59,F1,1,,,,,
2025-09-03,2025-09-03,CM,BSE,STK,523676,INE798D01015,GOLKUNDIA,X,,,,,GOLKUNDA DIAMONDS & JEWELLERY,170.05,174.9,168.35,170.9,172.9,170.75,,170.9,,,2287,393393.0,55,F1,1,,,,,
2025-09-03,2025-09-03,CM,BSE,STK,523694,INE116A01032,APCOTEXIND,B,,,,,APCOTEX INDUSTRIES LTD.,392.05,408.8,392.05,408.4,408.8,397.85,,407.5,,,649,261954.0,90,F1,1,,,,,
2025-09-03,2025-09-03,CM,BSE,STK,523696,INE842B01015,FORTISMLR,X,,,,,FORTIS MALAR HOSPITALS LIMITED,67.66,68.95,67.55,67.97,68.0,68.05,,67.97,,,9021,616216.0,227,F1,1,,,,,
2025-09-03,2025-09-03,CM,BSE,STK,523704,INE759A01021,MASTEK,A,,,,,MASTEK LTD.,2606.05,2610.7,2565.4,2572.5,2569.3,2607.3,,2576.9,,,4164,10766124.0,549,F1,1,,,,,
2025-09-03,2025-09-03,CM,BSE,STK,523708,INE158B01016,EIMCOELECO,B,,,,,EIMCO ELECON (INDIA) LTD.,2049.45,2074.95,2002.45,2058.7,2064.9,2028.9,,2056.1,,,1591,3232406.0,330,F1,1,,,,,
2025-09-03,2025-09-03,CM,BSE,STK,523710,INE318C01014,SAYAJIHOTL,X,,,,,SAYAJI HOTELS LTD.,291.0,296.0,280.15,295.95,295.95,288.7,,295.95,,,61,17579.0,17,F1,1,,,,,
2025-09-03,2025-09-03,CM,BSE,STK,523716,INE365D01021,ASHIANA,B,,,,,ASHIANA HOUSING LTD.,317.0,317.0,311.0,311.7,312.25,314.15,,311.5,,,1683,526082.0,99,F1,1,,,,,
2025-09-03,2025-09-03,CM,BSE,STK,523722,INE119B01018,SVAMSOF,XT,,,,,SVAM SOFTWARE LTD.,9.41,9.45,8.57,9.41,9.45,9.02,,9.41,,,15375,143683.0,53,F1,1,,,,,
2025-09-03,2025-09-03,CM,BSE,STK,523732,INE866A01016,ECOBOAR,XT,,,,,ECOBOARD INDUSTRIES LTD.,32.75,34.19,32.75,34.19,34.19,32.75,,34.19,,,501,16409.0,2,F1,1,,,,,
2025-09-03,2025-09-03,CM,BSE,STK,523736,INE477B01010,DVL,B,,,,,Dhunseri Ventures Limited,349.0,350.7,344.5,346.6,347.0,347.85,,345.4,,,1021,355507.0,67,F1,1,,,,,
2025-09-03,2025-09-03,CM,BSE,STK,523752,INE502D01011,TIHIL,X,,,,,TRANS INDIA HOUSE IMPEX LIMITE,14.24,14.24,14.24,14.24,14.24,14.98,,14.24,,,39469,562038.0,189,F1,1,,,,,
2025-09-03,2025-09-03,CM,BSE,STK,523754,INE215D01010,MAHEPC,B,,,,,MAHINDRA EPC IRRIGATION LIMITE,174.8,182.2,160.7,161.6,161.6,174.0,,161.58,,,72504,12241254.0,2024,F1,1,,,,,
2025-09-03,2025-09-03,CM,BSE,STK,523782,INE844D01017,MITSHI,X,,,,,Mitshi India Limited,14.53,15.24,14.53,15.1,15.1,15.47,,15.1,,,443,6621.0,7,F1,1,,,,,
2025-09-03,2025-09-03,CM,BSE,STK,523790,INE344E01016,SHUKJEW,P,,,,,SHUKRA JEWELLERS LTD.,7.79,8.61,7.79,8.61,8.61,8.2,,8.61,,,600,5080.0,5,F1,100,,,,,
2025-09-03,2025-09-03,CM,BSE,STK,523792,INE885E01042,MAZDA,B,,,,,MAZDA LTD.,294.5,297.4,291.25,293.45,293.8,291.05,,293.25,,,6064,1778569.0,349,F1,1,,,,,
2025-09-03,2025-09-03,CM,BSE,STK,523796,INE048C01025,VHLTD,T,,,,,VICEROY HOTELS LTD.,121.6,121.6,116.6,118.7,118.7,117.05,,117.5,,,1749,204735.0,27,F1,1,,,,,
2025-09-03,2025-09-03,CM,BSE,STK,523826,INE959D01013,SOVERDIA,X,,,,,SOVEREIGN DIAMONDS LTD.,30.75,31.84,30.75,30.96,30.81,31.53,,30.96,,,1873,58462.0,40,F1,1,,,,,
2025-09-03,2025-09-03,CM,BSE,STK,523828,INE071D01033,MENONBE,B,,,,,MENON BEARINGS LTD.,125.2,127.55,125.2,126.5,126.9,125.8,,126.36,,,285,35844.0,24,F1,1,,,,,
2025-09-03,2025-09-03,CM,BSE,STK,523832,INE862C01029,MUKATPIP,X,,,,,MUKAT PIPES LTD.,16.55,16.7,15.85,16.35,16.7,16.8,,16.35,,,525,8573.0,7,F1,1,,,,,
2025-09-03,2025-09-03,CM,BSE,STK,523836,INE610B01024,GUJRAFFIA,B,,,,,GUJARAT RAFFIA INDUSTRIES LTD.,38.0,39.1,36.89,38.47,38.5,38.5,,39.43,,,1096,41570.0,42,F1,1,,,,,
2025-09-03,2025-09-03,CM,BSE,STK,523838,INE059B01024,SIMPLEXINF,B,,,,,SIMPLEX INFRASTRUCTURES LTD.,290.0,296.95,290.0,292.4,292.4,292.0,,291.95,,,3476,1019000.0,137,F1,1,,,,,
2025-09-03,2025-09-03,CM,BSE,STK,523840,INE965C01038,INNOVTEC,X,,,,,INNOVATIVE TECH PACK LTD.,24.51,24.51,23.75,24.23,24.25,24.01,,24.23,,,186,4461.0,15,F1,1,,,,,
2025-09-03,2025-09-03,CM,BSE,STK,523842,INE460D01038,SUPTANERY,X,,,,,SUPER TANNERY LIMITED,8.53,8.88,8.53,8.7,8.74,8.7,,8.7,,,24611,213937.0,97,F1,1,,,,,
2025-09-03,2025-09-03,CM,BSE,STK,523844,INE537B01011,CONSTRONIC,XT,,,,,CONSTRONICS INFRA LIMITED,65.5,67.0,63.52,65.0,65.0,65.0,,65.0,,,10055,668786.0,81,F1,1,,,,,
2025-09-03,2025-09-03,CM,BSE,STK,523850,INE767C01012,AXTEL,X,,,,,AXTEL INDUSTRIES LTD.,470.8,480.0,465.6,472.7,472.7,470.8,,472.7,,,1056,498434.0,42,F1,1,,,,,
2025-09-03,2025-09-03,CM,BSE,STK,523862,INE926B01016,PIFL,B,,,,,Pacheli Industrial Finance Lim,36.85,36.85,35.1,36.85,36.85,35.1,,36.85,,,29956,1101332.0,120,F1,1,,,,,
2025-09-03,2025-09-03,CM,BSE,STK,523888,INE317D01014,VRWODAR,XT,,,,,V R WOODART LTD.,48.12,48.12,48.0,48.0,48.0,48.12,,48.0,,,4747,228126.0,13,F1,1,,,,,
2025-09-03,2025-09-03,CM,BSE,STK,523896,INE316O01021,APIL,XT,,,,,AVI PRODUCTS INDIA LIMITED,21.75,21.75,21.75,21.75,21.75,21.75,,21.75,,,60,1305.0,1,F1,1,,,,,
2025-09-03,2025-09-03,CM,BSE,STK,524000,INE511C01022,POONAWALLA,A,,,,,POONAWALLA FINCORP LIMITED,424.85,444.75,423.75,442.75,442.75,426.15,,442.95,,,92661,40511771.0,2385,F1,1,,,,,
2025-09-03,2025-09-03,CM,BSE,STK,524013,INE806J01013,HINFLUR,T,,,,,HINDUSTAN FLUOROCARBONS LTD.,15.9,15.95,15.55,15.55,15.55,15.75,,15.55,,,1204,18730.0,12,F1,1,,,,,
2025-09-03,2025-09-03,CM,BSE,STK,524019,INE473D01015,KINGFA,B,,,,,Kingfa Science & Technology (I,4416.65,4449.0,4360.0,4401.75,4360.0,4366.55,,4380.0,,,405,1788529.0,119,F1,1,,,,,
2025-09-03,2025-09-03,CM,BSE,STK,524031,INE637N01014,PATIDAR,XT,,,,,PATIDAR BUILDCON LIMITED,9.55,9.55,9.55,9.55,9.55,9.63,,9.55,,,2042,19501.0,5,F1,1,,,,,
2025-09-03,2025-09-03,CM,BSE,STK,524037,INE809A01032,RAMAPHO,T,,,,,RAMA PHOSPHATES LTD.,147.2,153.0,144.7,148.55,151.4,152.3,,148.3,,,22102,3269467.0,150,F1,1,,,,,
2025-09-03,2025-09-03,CM,BSE,STK,524038,INE204D01022,VENLONENT,X,,,,,VENLON ENTERPRISES LTD.,5.47,5.7,4.65,5.3,5.3,5.11,,5.3,,,44905,250307.0,105,F1,1,,,,,
2025-09-03,2025-09-03,CM,BSE,STK,524051,INE633B01018,POLYPLEX,B,,,,,POLYPLEX CORPORATION LTD.,1010.0,1034.85,1010.0,1027.85,1027.85,1015.15,,1029.1,,,938,960910.0,186,F1,1,,,,,
2025-09-03,2025-09-03,CM,BSE,STK,524055,INE181D01014,PANIDPR,XT,,,,,PANTHER INDUSTRIAL PRODUCTS LT,50.71,50.71,49.99,50.71,50.71,48.3,,50.71,,,8190,411750.0,13,F1,1,,,,,
2025-09-03,2025-09-03,CM,BSE,STK,524075,INE155C01010,ALBERTDAVD,B,,,,,ALBERT DAVID LTD.,810.3,811.9,801.3,801.55,801.3,807.05,,801.1,,,64,51637.0,26,F1,1,,,,,
2025-09-03,2025-09-03,CM,BSE,STK,524080,INE681F01018,HARLETH,X,,,,,HARYANA LEATHER CHEMICALS LTD.,73.02,75.45,71.0,74.46,75.3,73.39,,74.46,,,2331,173009.0,36,F1,1,,,,,
2025-09-03,2025-09-03,CM,BSE,STK,524091,INE482D01024,CARYSIL,B,,,,,CARYSIL LIMITED,906.05,916.4,890.2,899.85,903.85,903.55,,898.05,,,3029,2723198.0,385,F1,1,,,,,
2025-09-03,2025-09-03,CM,BSE,STK,524109,INE900B01029,KABRAEXTRU,B,,,,,KABRA EXTRUSIONTECHNIK LTD.,277.3,280.25,271.2,274.25,274.5,277.95,,274.05,,,9600,2636998.0,531,F1,1,,,,,
2025-09-03,2025-09-03,CM,BSE,STK,524129,INE250B01029,VINYLINDIA,T,,,,,VINYL CHEMICALS (INDIA) LTD.,294.7,302.15,286.0,302.15,302.15,287.8,,302.0,,,4795,1432257.0,180,F1,1,,,,,
2025-09-03,2025-09-03,CM,BSE,STK,524136,INE417E01010,PCCOSMA,X,,,,,PEE CEE COSMA SOPE LTD.,469.85,480.0,440.0,444.8,445.0,468.8,,444.8,,,8615,3873874.0,221,F1,1,,,,,
2025-09-03,2025-09-03,CM,BSE,STK,524156,INE034F01010,TCMLMTD,X,,,,,TCM LTD.,42.95,42.95,40.24,40.95,40.61,40.54,,40.95,,,5099,209487.0,33,F1,1,,,,,
2025-09-03,2025-09-03,CM,BSE,STK,524164,INE485C01029,IOLCP,B,,,,,IOL CHEMICALS & PHARMACEUTICAL,95.7,103.77,94.66,101.34,101.34,95.32,,101.35,,,508619,51361357.0,4858,F1,1,,,,,
2025-09-03,2025-09-03,CM,BSE,STK,524174,INE133C01033,KESARPE,X,,,,,KESAR PETROPRODUCTS LTD.,31.18,31.2,29.8,31.03,31.03,30.62,,31.03,,,94473,2890850.0,349,F1,1,,,,,
2025-09-03,2025-09-03,CM,BSE,STK,524200,INE410B01037,VINATIORGA,A,,,,,VINATI ORGANICS LTD.,1701.25,1744.0,1694.0,1721.9,1716.7,1707.2,,1722.6,,,850,1464224.0,150,F1,1,,,,,
2025-09-03,2025-09-03,CM,BSE,STK,524202,INE058I01013,LACTOSE,X,,,,,LACTOSE (INDIA) LTD.,117.3,123.0,117.3,121.35,122.5,118.2,,121.35,,,30024,3644757.0,150,F1,1,,,,,
2025-09-03,2025-09-03,CM,BSE,STK,524204,INE757D01011,TEEAI,X,,,,,TEESTA AGRO INDUSTRIES LTD.,122.55,127.85,120.0,121.4,121.4,127.15,,121.4,,,1407,174134.0,46,F1,1,,,,,
2025-09-03,2025-09-03,CM,BSE,STK,524208,INE769A01020,AARTIIND,A,,,,,AARTI INDUSTRIES LTD.,384.6,389.55,383.5,385.3,386.05,383.15,,385.45,,,46631,17968166.0,1688,F1,1,,,,,
2025-09-03,2025-09-03,CM,BSE,STK,524210,INE702E01015,PNTKYOR,XT,,,,,PENTOKEY ORGANY (INDIA) LTD.,44.31,44.31,42.1,42.1,42.1,44.31,,42.1,,,328,13822.0,10,F1,1,,,,,
2025-09-03,2025-09-03,CM,BSE,STK,524212,INE107F01022,WANBURY,B,,,,,WANBURY LTD.,280.8,284.0,276.3,280.95,280.95,280.3,,280.0,,,12335,3481189.0,346,F1,1,,,,,
2025-09-03,2025-09-03,CM,BSE,STK,524218,INE486D01017,RESONANCE,XT,,,,,RESONANCE SPECIALTIES LTD.,100.05,104.0,100.05,101.45,104.0,102.15,,101.45,,,12808,1295205.0,96,F1,1,,,,,
2025-09-03,2025-09-03,CM,BSE,STK,524226,INE036B01030,GAEL,A,,,,,GUJARAT AMBUJA EXPORTS LTD.,105.35,106.6,105.1,105.7,105.65,105.1,,105.83,,,11369,1203353.0,148,F1,1,,,,,
2025-09-03,2025-09-03,CM,BSE,STK,524230,INE027A01015,RCF,A,,,,,RASHTRIYA CHEMICALS & FERTILIZ,158.9,162.25,156.8,161.35,161.35,157.05,,161.41,,,239466,38474361.0,3079,F1,1,,,,,
2025-09-03,2025-09-03,CM,BSE,STK,524238,INE659F01014,GUJINJEC,XT,,,,,GUJARAT INJECT (KERALA) LTD.,19.97,20.48,19.1,20.46,20.46,19.96,,20.46,,,2729,54786.0,24,F1,1,,,,,
2025-09-03,2025-09-03,CM,BSE,STK,524280,INE082A01010,KOPRAN,B,,,,,KOPRAN LTD.,162.95,174.5,161.8,173.15,173.2,159.35,,172.91,,,109376,18568424.0,1924,F1,1,,,,,
2025-09-03,2025-09-03,CM,BSE,STK,524288,INE008B01013,AIMCOPEST,X,,,,,AIMCO PESTICIDES LTD.,80.89,81.92,80.25,81.51,81.0,79.78,,81.51,,,2596,210874.0,30,F1,1,,,,,
2025-09-03,2025-09-03,CM,BSE,STK,524314,INE499G01013,GUJTERC,X,,,,,GUJARAT TERCE LABORATORIES LTD,38.0,41.9,38.0,39.75,39.75,38.36,,39.75,,,3950,158836.0,48,F1,1,,,,,
2025-09-03,2025-09-03,CM,BSE,STK,524322,INE323K01017,KABRADG,XT,,,,,KABRA DRUGS LTD.,19.2,19.2,17.6,18.47,17.91,18.34,,18.47,,,13833,254373.0,41,F1,1,,,,,
2025-09-03,2025-09-03,CM,BSE,STK,524324,INE573R01012,SEYAIND,T,,,,,SEYA INDUSTRIES LTD.,17.65,17.67,16.71,16.72,16.72,16.9,,16.76,,,1500,25549.0,7,F1,1,,,,,
2025-09-03,2025-09-03,CM,BSE,STK,524330,INE785A01026,JAYAGROGN,B,,,,,JAYANT AGRO-ORGANICS LTD.,239.0,246.7,238.15,243.6,243.6,240.55,,241.59,,,2776,670073.0,78,F1,1,,,,,
2025-09-03,2025-09-03,CM,BSE,STK,524332,INE412G01024,BCLIND,B,,,,,BCL INDUSTRIES LIMITED,41.64,41.64,40.93,41.32,41.48,40.8,,41.37,,,51396,2118355.0,436,F1,1,,,,,
2025-09-03,2025-09-03,CM,BSE,STK,524336,INE065E01017,SHHARICH,X,,,,,SHREE HARI CHEMICALS EXPORT LT,105.0,105.3,101.0,104.0,104.0,101.5,,104.0,,,1071,111316.0,8,F1,1,,,,,
2025-09-03,2025-09-03,CM,BSE,STK,524342,INE803D01021,INDOBORAX,T,,,,,INDO BORAX & CHEMICALS LTD.,228.0,242.55,228.0,242.55,242.55,231.0,,242.61,,,5911,1385250.0,86,F1,1,,,,,
2025-09-03,2025-09-03,CM,BSE,STK,524348,INE767A01016,AARTIDRUGS,B,,,,,AARTI DRUGS LTD.,471.0,496.9,470.0,489.9,487.9,469.25,,490.4,,,13622,6603659.0,899,F1,1,,,,,
2025-09-03,2025-09-03,CM,BSE,STK,524370,INE338D01028,BODALCHEM,B,,,,,BODAL CHEMICALS LTD.,65.98,66.79,65.27,65.68,65.68,65.54,,65.77,,,32560,2154559.0,435,F1,1,,,,,
2025-09-03,2025-09-03,CM,BSE,STK,524372,INE191A01027,ORCHPHARMA,A,,,,,Orchid Pharma Limited,735.2,741.85,730.15,741.0,739.6,735.15,,739.85,,,3468,2553953.0,271,F1,1,,,,,
2025-09-03,2025-09-03,CM,BSE,STK,524394,INE579C01029,VIMTALABS,B,,,,,VIMTA LABS LTD.,791.05,829.0,787.5,813.9,813.9,762.7,,812.35,,,3227485,2606779666.0,97353,F1,1,,,,,
2025-09-03,2025-09-03,CM,BSE,STK,524396,INE829A01014,BIOFILCHEM,T,,,,,BIOFIL CHEMICALS & PHARMACEUTI,43.55,43.76,43.55,43.76,43.76,43.0,,43.39,,,394,17188.0,4,F1,1,,,,,
2025-09-03,2025-09-03,CM,BSE,STK,524400,INE806D01016,ISHITADR,X,,,,,ISHITA DRUGS & INDUSTRIES LTD.,73.06,74.5,73.0,73.14,73.0,75.0,,73.14,,,542,39850.0,17,F1,1,,,,,
2025-09-03,2025-09-03,CM,BSE,STK,524404,INE750C01026,MARKSANS,A,,,,,MARKSANS PHARMA LTD.,172.5,174.95,169.25,172.95,172.95,171.05,,173.02,,,114847,19854797.0,2140,F1,1,,,,,
2025-09-03,2025-09-03,CM,BSE,STK,524408,INE113E01015,UNIVSTAR,X,,,,,UNIVERSAL STARCH-CHEM ALLIED L,159.0,159.0,157.9,158.8,159.0,155.2,,158.8,,,311,49146.0,8,F1,1,,,,,
2025-09-03,2025-09-03,CM,BSE,STK,524412,INE198H01019,AAREYDRUGS,T,,,,,AAREY DRUGS & PHARMACEUTICALS,68.05,69.38,67.95,69.38,69.38,66.08,,69.62,,,4607,317858.0,56,F1,1,,,,,
2025-09-03,2025-09-03,CM,BSE,STK,524414,INE744C01029,NORRIS,X,,,,,NORRIS MEDICINES LTD.,16.01,16.95,16.01,16.92,16.94,16.15,,16.92,,,1005,16936.0,18,F1,1,,,,,
2025-09-03,2025-09-03,CM,BSE,STK,524434,INE810M01019,ASINPET,X,,,,,ASIAN PETROPRODUCTS & EXPORTS,8.2,8.8,7.66,8.46,8.59,8.05,,8.46,,,24459,198967.0,105,F1,1,,,,,
2025-09-03,2025-09-03,CM,BSE,STK,524440,INE198C01010,CAMEXLTD,X,,,,,CAMEX LTD.,36.98,39.39,36.02,39.21,39.23,36.56,,39.21,,,3718,143001.0,33,F1,1,,,,,
2025-09-03,2025-09-03,CM,BSE,STK,524444,INE313M01030,EVEXIA,X,,,,,EVEXIA LIFECARE LIMITED,2.21,2.23,2.2,2.21,2.21,2.21,,2.21,,,911071,2018494.0,581,F1,1,,,,,
2025-09-03,2025-09-03,CM,BSE,STK,524458,INE319N01019,INDOEURO,X,,,,,INDO EURO INDCHEM LTD.,13.25,15.74,12.52,13.2,13.2,13.2,,13.2,,,6807,95677.0,87,F1,1,,,,,
2025-09-03,2025-09-03,CM,BSE,STK,524470,INE312C01025,SYNCOMF,T,,,,,SYNCOM FORMULATIONS (INDIA) LT,16.94,17.43,16.71,17.16,17.25,16.94,,17.2,,,179851,3070404.0,878,F1,1,,,,,
2025-09-03,2025-09-03,CM,BSE,STK,524480,INE249D01019,RIDDHI,X,,,,,RIDDHI SIDDHI GLUCO BIOLS LTD.,543.75,575.0,543.75,573.7,575.0,569.55,,573.7,,,163,93161.0,20,F1,1,,,,,
2025-09-03,2025-09-03,CM,BSE,STK,524488,INE038B01010,SVCIND,X,,,,,SVC INDUSTRIES LIMITED,3.58,3.6,3.45,3.57,3.57,3.52,,3.57,,,11860,42289.0,95,F1,1,,,,,
2025-09-03,2025-09-03,CM,BSE,STK,524494,INE571A01038,IPCALAB,A,,,,,IPCA LABORATORIES LTD.,1365.3,1372.15,1348.1,1351.3,1354.75,1368.15,,1352.0,,,3737,5077062.0,437,F1,1,,,,,
2025-09-03,2025-09-03,CM,BSE,STK,524500,INE729D01010,KILITCH,T,,,,,KILITCH DRUGS (INDIA) LTD.,359.6,359.6,346.3,354.5,355.75,355.6,,355.75,,,1344,471832.0,60,F1,1,,,,,
2025-09-03,2025-09-03,CM,BSE,STK,524502,INE548H01015,RAAJMEDI,P,,,,,RAAJ MEDISAFE INDIA LTD.,83.2,87.36,83.2,84.59,87.36,83.2,,84.59,,,300,25376.0,2,F1,100,,,,,
2025-09-03,2025-09-03,CM,BSE,STK,524506,INE683E01017,CORALAB,X,,,,,CORAL LABORATORIES LTD.,497.7,497.7,487.0,494.25,494.25,497.7,,494.25,,,615,302114.0,37,F1,1,,,,,
2025-09-03,2025-09-03,CM,BSE,STK,524514,INE276N01011,TULASEEBIOE,ZP,,,,,TULASEE BIO-ETHANOL LTD.,18.87,19.42,18.87,19.42,19.42,18.5,,19.42,,,500,9655.0,5,F1,100,,,,,
2025-09-03,2025-09-03,CM,BSE,STK,524518,INE268B01013,KREBSBIO,T,,,,,KREBS BIOCHEMICALS & INDUSTRIE,74.02,74.02,74.02,74.02,74.02,70.5,,73.01,,,600,44412.0,3,F1,1,,,,,
2025-09-03,2025-09-03,CM,BSE,STK,524520,INE879K01018,KMCSHIL,B,,,,,KMC SPECIALITY HOSPITALS (INDI,68.89,68.89,67.72,67.94,67.8,68.15,,67.94,,,22842,1556424.0,376,F1,1,,,,,
2025-09-03,2025-09-03,CM,BSE,STK,524522,INE919B01011,LAFFANSQ,X,,,,,LAFFANS PETROCHEMICALS LTD.,34.35,35.4,34.01,34.95,35.4,34.37,,34.95,,,1656,56741.0,16,F1,1,,,,,
2025-09-03,2025-09-03,CM,BSE,STK,524534,INE972C01018,BHASKAGR,XT,,,,,BHASKAR AGROCHEMICALS LTD.,117.15,117.15,113.3,117.1,115.0,113.8,,117.1,,,1790,208404.0,45,F1,1,,,,,
2025-09-03,2025-09-03,CM,BSE,STK,524542,INE450E01029,SUKHJITS,B,,,,,SUKHJIT STARCH & CHEMICALS LTD,169.1,172.65,169.1,172.1,172.1,169.65,,171.28,,,193,33030.0,24,F1,1,,,,,
2025-09-03,2025-09-03,CM,BSE,STK,524548,INE465H01012,SHARMEH,XT,,,,,SHARMA EAST INDIA HOSPITALS &,229.25,229.25,229.25,229.25,229.25,233.9,,229.25,,,2597,595362.0,42,F1,1,,,,,
2025-09-03,2025-09-03,CM,BSE,STK,524558,INE794A01010,NEULANDLAB,A,,,,,NEULAND LABORATORIES LTD.,13633.4,14562.75,13633.4,14355.7,14502.0,13711.3,,14367.0,,,3408,48267804.0,1162,F1,1,,,,,
2025-09-03,2025-09-03,CM,BSE,STK,524564,INE052E01015,GAYATRIBI,XT,,,,,GAYATRI BIOORGANICS LTD.,12.0,12.0,11.21,11.72,12.0,11.7,,11.72,,,66790,787059.0,89,F1,1,,,,,
2025-09-03,2025-09-03,CM,BSE,STK,524570,INE371C01013,PODDARMENT,B,,,,,PODDAR PIGMENTS LTD.,271.8,272.0,260.0,262.05,262.05,269.75,,261.55,,,1258,331616.0,276,F1,1,,,,,
2025-09-03,2025-09-03,CM,BSE,STK,524572,INE117D01018,PHARMAID,X,,,,,PHARMAIDS PHARMACEUTICALS LTD.,60.11,63.0,60.11,60.97,62.15,62.8,,60.97,,,1572,96571.0,28,F1,1,,,,,
2025-09-03,2025-09-03,CM,BSE,STK,524576,INE737C01023,VIVIDIND,X,,,,,VIVID GLOBAL INDUSTRIES LTD.,15.6,15.92,15.36,15.55,15.92,15.93,,15.55,,,1097,16990.0,30,F1,1,,,,,
2025-09-03,2025-09-03,CM,BSE,STK,524580,INE686C01014,PRIYALT,XT,,,,,PRIYA LTD.,24.87,24.87,22.51,24.86,24.86,23.69,,24.86,,,163,3817.0,8,F1,1,,,,,
2025-09-03,2025-09-03,CM,BSE,STK,524582,INE314D01011,TIRUSTA,X,,,,,TIRUPATI STARCH & CHEMICALS LT,179.9,180.0,169.05,180.0,180.0,175.7,,180.0,,,11879,2090012.0,102,F1,1,,,,,
2025-09-03,2025-09-03,CM,BSE,STK,524590,INE422G01015,HEMORGANIC,X,,,,,HEMO ORGANIC LIMITED,11.84,11.84,10.79,10.79,10.79,10.78,,10.79,,,4732,52152.0,25,F1,1,,,,,
2025-09-03,2025-09-03,CM,BSE,STK,524592,INE263B01022,JAYSYNTH,X,,,,,JAYSYNTH ORGOCHEM LIMITED,20.05,20.05,18.83,19.29,19.29,20.12,,19.29,,,38727,749282.0,160,F1,1,,,,,
2025-09-03,2025-09-03,CM,BSE,STK,524594,INE994D01010,AEONXDIGI,X,,,,,Aeonx Digital Technology Limit,212.8,225.0,199.0,222.75,220.05,213.0,,222.75,,,17583,3855489.0,102,F1,1,,,,,
2025-09-03,2025-09-03,CM,BSE,STK,524598,INE542B01011,AKSHARCHEM,B,,,,,AKSHARCHEM (INDIA) LTD.,279.0,279.0,259.35,272.55,272.0,254.55,,272.7,,,3908,1042581.0,343,F1,1,,,,,
2025-09-03,2025-09-03,CM,BSE,STK,524602,INE875N01036,BANDARAM,X,,,,,BANDARAM PHARMA PACKTECH LIMIT,33.0,35.98,32.5,35.7,35.98,31.91,,35.7,,,7316,251069.0,95,F1,1,,,,,
2025-09-03,2025-09-03,CM,BSE,STK,524606,INE415H01017,BERLDRG,X,,,,,BERYL DRUGS LTD.,25.5,25.99,23.02,24.1,24.07,25.06,,24.1,,,8328,203755.0,75,F1,1,,,,,
2025-09-03,2025-09-03,CM,BSE,STK,524614,INE056E01024,INDXTRA,X,,,,,IEL LIMITED,5.99,6.09,5.7,5.8,5.82,5.63,,5.8,,,1440494,8608481.0,666,F1,1,,,,,
2025-09-03,2025-09-03,CM,BSE,STK,524622,INE532B01020,ISTRNETWK,XT,,,,,ISTREET NETWORK LIMITED,20.8,20.8,20.8,20.8,20.8,21.22,,20.8,,,227977,4741921.0,165,F1,1,,,,,
2025-09-03,2025-09-03,CM,BSE,STK,524624,INE076D01016,GAGAN,XT,,,,,GAGAN GASES LTD.,23.5,23.5,23.49,23.49,23.49,23.0,,23.49,,,1025,24085.0,25,F1,1,,,,,
2025-09-03,2025-09-03,CM,BSE,STK,524628,INE750B01010,PARKERAC,X,,,,,PARKER AGROCHEM EXPORTS LTD.,19.81,19.81,19.81,19.81,19.81,18.87,,19.81,,,25192,499053.0,12,F1,1,,,,,
2025-09-03,2025-09-03,CM,BSE,STK,524632,INE551C01044,SHUKRAPHAR,XT,,,,,Shukra Pharmaceuticals Limited,27.81,27.81,27.81,27.81,27.81,27.27,,27.81,,,289079,8039286.0,297,F1,1,,,,,
2025-09-03,2025-09-03,CM,BSE,STK,524634,INE058F01019,ALUFLUOR,X,,,,,ALUFLUORIDE LTD.,449.0,457.2,436.0,440.25,440.25,449.95,,440.25,,,9824,4345652.0,329,F1,1,,,,,
2025-09-03,2025-09-03,CM,BSE,STK,524636,INE102E01018,OXYGENTAPH,XT,,,,,OXYGENTA PHARMACEUTICAL LIMITE,71.4,73.95,71.4,71.7,71.65,71.93,,71.7,,,11308,815740.0,46,F1,1,,,,,
2025-09-03,2025-09-03,CM,BSE,STK,524640,INE078I01011,ARCHITORG,X,,,,,ARCHIT ORGANOSYS LTD.,45.85,45.85,43.51,43.95,43.71,44.95,,43.95,,,12584,562087.0,69,F1,1,,,,,
2025-09-03,2025-09-03,CM,BSE,STK,524642,INE528E01022,SIKOZY,X,,,,,SIKOZY REALTORS LIMITED,1.01,1.03,0.95,0.96,0.96,0.99,,0.96,,,8266,8049.0,29,F1,1,,,,,
2025-09-03,2025-09-03,CM,BSE,STK,524648,INE760F01028,INDOAMIN,B,,,,,INDO AMINES LTD.,146.85,148.95,146.0,147.15,146.85,146.25,,147.22,,,6953,1024043.0,223,F1,1,,,,,
2025-09-03,2025-09-03,CM,BSE,STK,524654,INE936B01015,NATCAPSUQ,B,,,,,NATURAL CAPSULES LTD.,220.75,220.75,204.0,204.65,204.65,204.15,,206.07,,,2457,509449.0,113,F1,1,,,,,
2025-09-03,2025-09-03,CM,BSE,STK,524661,INE331C01017,WELCURE,XT,,,,,WELCURE DRUGS & PHARMACEUTICAL,8.61,9.22,8.4,9.22,9.22,8.79,,9.22,,,2839629,25754143.0,3442,F1,1,,,,,
2025-09-03,2025-09-03,CM,BSE,STK,524663,INE994B01014,BIBCL,B,,,,,BHARAT IMMUNOLOGICALS & BIOLOG,21.4,22.99,21.4,22.89,22.89,21.96,,22.89,,,121770,2764203.0,253,F1,1,,,,,
2025-09-03,2025-09-03,CM,BSE,STK,524667,INE035D01020,SOTL,B,,,,,SAVITA OIL TECHNOLOGIES LTD.,396.05,417.9,396.05,406.2,406.2,412.25,,405.75,,,1297,532214.0,178,F1,1,,,,,
2025-09-03,2025-09-03,CM,BSE,STK,524669,INE782E01017,HESTERBIO,B,,,,,HESTER BIOSCIENCES LTD.,2064.0,2073.2,2033.45,2048.35,2048.35,2069.55,,2044.0,,,174,357586.0,35,F1,1,,,,,
2025-09-03,2025-09-03,CM,BSE,STK,524675,INE645C01010,KABSON,X,,,,,KABSONS INDUSTRIES LTD.,20.42,20.42,18.5,19.66,19.57,20.42,,19.66,,,4912,95862.0,60,F1,1,,,,,
2025-09-03,2025-09-03,CM,BSE,STK,524687,INE473E01021,BASANTGL,X,,,,,BASANT AGRO TECH (INDIA) LTD.,14.21,15.15,14.21,14.91,14.91,14.67,,14.91,,,29704,442644.0,222,F1,1,,,,,
2025-09-03,2025-09-03,CM,BSE,STK,524703,INE751D01014,SANDUPHQ,X,,,,,SANDU PHARMACEUTICALS LTD.,48.96,49.0,48.0,48.01,48.01,48.0,,48.01,,,3516,170356.0,49,F1,1,,,,,
2025-09-03,2025-09-03,CM,BSE,STK,524709,INE295D01020,NACLIND,T,,,,,NACL Industries Limited,281.55,284.0,272.35,276.45,276.95,281.55,,276.35,,,20068,5542586.0,373,F1,1,,,,,
2025-09-03,2025-09-03,CM,BSE,STK,524711,INE427C01021,VISTAPH,X,,,,,VISTA PHARMACEUTICALS LTD.,9.77,10.17,9.77,10.16,10.16,9.97,,10.16,,,723,7180.0,19,F1,1,,,,,
2025-09-03,2025-09-03,CM,BSE,STK,524715,INE044A01036,SUNPHARMA,A,,,,,SUN PHARMACEUTICAL INDUSTRIES,1569.6,1580.8,1558.7,1579.6,1579.6,1564.55,,1578.7,,,23589,37079042.0,1968,F1,1,,,,,
2025-09-03,2025-09-03,CM,BSE,STK,524717,INE150C01011,TITANBIO,XT,,,,,TITAN BIOTECH LTD.,672.95,707.0,652.0,704.05,704.05,680.15,,704.05,,,13951,9693780.0,548,F1,1,,,,,
2025-09-03,2025-09-03,CM,BSE,STK,524723,INE491D01017,BIJHANS,X,,,,,BIJOY HANS LTD.,25.35,25.35,25.35,25.35,25.35,24.15,,25.35,,,2000,50700.0,1,F1,1,,,,,
2025-09-03,2025-09-03,CM,BSE,STK,524727,INE004E01016,SDL,X,,,,,Span Divergent Limited,22.42,22.42,22.31,22.31,22.31,22.31,,22.31,,,42,937.0,2,F1,1,,,,,
2025-09-03,2025-09-03,CM,BSE,STK,524731,INE354A01013,JENBURPH,X,,,,,JENBURKT PHARMACEUTICALS LTD.,1142.6,1190.0,1122.1,1188.25,1187.95,1152.6,,1188.25,,,937,1088298.0,123,F1,1,,,,,
2025-09-03,2025-09-03,CM,BSE,STK,524735,INE475B01022,HIKAL,B,,,,,HIKAL LTD.,269.65,271.55,266.4,268.0,267.7,269.1,,267.9,,,9735,2612730.0,504,F1,1,,,,,
2025-09-03,2025-09-03,CM,BSE,STK,524742,INE475E01026,CAPLIPOINT,A,,,,,CAPLIN POINT LABORATORIES LTD.,2139.95,2187.9,2111.15,2160.1,2166.55,2129.3,,2161.0,,,11280,24346458.0,1676,F1,1,,,,,
2025-09-03,2025-09-03,CM,BSE,STK,524743,INE771F01025,FISCHER,B,,,,,FISCHER MEDICAL VENTURES LIMIT,1078.95,1098.0,1062.65,1079.65,1067.55,1065.7,,1075.5,,,3445,3724399.0,347,F1,1,,,,,
2025-09-03,2025-09-03,CM,BSE,STK,524748,INE302F01011,LINKPH,X,,,,,LINK PHARMA CHEM LTD.,34.1,36.38,34.1,35.33,35.0,34.0,,35.33,,,2223,78866.0,29,F1,1,,,,,
2025-09-03,2025-09-03,CM,BSE,STK,524752,INE643N01012,DECIPHER,X,,,,,DECIPHER LABS LIMITED,10.5,10.77,10.3,10.55,10.55,10.6,,10.55,,,2954,31230.0,43,F1,1,,,,,
2025-09-03,2025-09-03,CM,BSE,STK,524768,INE634B01016,EMMESSA,X,,,,,EMMESSAR BIOTECH & NUTRITION L,26.9,27.69,26.51,26.69,26.69,26.76,,26.69,,,1764,47684.0,34,F1,1,,,,,
2025-09-03,2025-09-03,CM,BSE,STK,524774,INE887E01022,NGLFINE,B,,,,,NGL FINE-CHEM LTD.,1469.4,1485.2,1420.05,1431.65,1474.6,1450.95,,1477.9,,,109,156601.0,24,F1,1,,,,,
2025-09-03,2025-09-03,CM,BSE,STK,524790,INE334C01029,EVERESTO,XT,,,,,EVEREST ORGANICS LTD.,389.95,389.95,380.0,385.0,385.0,385.0,,385.0,,,21125,8232139.0,22,F1,1,,,,,
2025-09-03,2025-09-03,CM,BSE,STK,524804,INE406A01037,AUROPHARMA,A,,,,,AUROBINDO PHARMA LTD.,1021.45,1041.0,1020.0,1035.05,1036.85,1021.4,,1034.9,,,1007137,1028105478.0,2588,F1,1,,,,,
2025-09-03,2025-09-03,CM,BSE,STK,524808,INE037C01010,PHYTO,X,,,,,PHYTO CHEM (INDIA) LTD.,29.89,29.89,27.15,27.23,28.86,27.56,,27.23,,,1236,34697.0,19,F1,1,,,,,
2025-09-03,2025-09-03,CM,BSE,STK,524816,INE987B01026,NATCOPHARM,A,,,,,NATCO PHARMA LTD.,866.25,878.25,856.1,872.8,876.0,865.75,,872.05,,,49198,42573959.0,3549,F1,1,,,,,
2025-09-03,2025-09-03,CM,BSE,STK,524818,INE457C01010,DYNAMIND,X,,,,,DYNAMIC INDUSTRIES LTD.,106.2,113.75,106.2,110.55,111.0,109.8,,110.55,,,1164,126717.0,29,F1,1,,,,,
2025-09-03,2025-09-03,CM,BSE,STK,524820,INE305C01029,PANAMAPET,B,,,,,PANAMA PETROCHEM LTD.,303.35,309.05,301.2,303.45,304.0,302.15,,303.25,,,3485,1058866.0,273,F1,1,,,,,
2025-09-03,2025-09-03,CM,BSE,STK,524824,INE083D01012,BALPHARMA,B,,,,,BAL PHARMA LTD.,95.4,95.4,89.05,89.23,89.14,90.39,,89.4,,,791,72054.0,83,F1,1,,,,,
2025-09-03,2025-09-03,CM,BSE,STK,524828,INE278D01018,BDH,X,,,,,BDH INDUSTRIES LTD.,312.7,331.0,305.45,317.65,317.0,314.6,,317.65,,,20923,6474489.0,84,F1,1,,,,,
2025-09-03,2025-09-03,CM,BSE,STK,526001,INE593O01017,JAUSPOL,XT,,,,,JAUSS POLYMERS LTD.,8.01,8.01,8.01,8.01,8.01,7.63,,8.01,,,599,4797.0,3,F1,1,,,,,
2025-09-03,2025-09-03,CM,BSE,STK,526025,INE064L01015,GLOBUSCON,X,,,,,GLOBUS CONSTRUCTORS & DEVELOPE,14.0,14.83,13.85,14.49,14.54,14.9,,14.49,,,16321,234714.0,108,F1,1,,,,,
2025-09-03,2025-09-03,CM,BSE,STK,526027,INE144D01012,CUBEXTUB,T,,,,,CUBEX TUBINGS LTD.,83.51,84.45,82.05,82.47,83.95,82.69,,82.78,,,5728,476551.0,56,F1,1,,,,,
2025-09-03,2025-09-03,CM,BSE,STK,526043,INE809B01014,POLYCHMP,X,,,,,POLYMECHPLAST MACHINES LTD.,58.0,58.5,56.2,58.0,58.0,57.5,,58.0,,,1460,83607.0,31,F1,1,,,,,
2025-09-03,2025-09-03,CM,BSE,STK,526071,INE395F01023,STELLANT,XT,,,,,STELLANT SECURITIES (INDIA) LT,639.7,639.7,639.7,639.7,639.7,627.2,,639.7,,,287,183593.0,6,F1,1,,,,,
2025-09-03,2025-09-03,CM,BSE,STK,526073,INE020S01012,GALXBRG,X,,,,,GALAXY BEARINGS LTD.,885.6,910.0,885.0,908.1,895.1,890.05,,908.1,,,216,194350.0,57,F1,1,,,,,
2025-09-03,2025-09-03,CM,BSE,STK,526081,INE895E01017,SCAGRO,X,,,,,SC Agrotech Limited,16.0,16.0,16.0,16.0,16.0,16.0,,16.0,,,250,4000.0,2,F1,1,,,,,
2025-09-03,2025-09-03,CM,BSE,STK,526095,INE427E01027,RALEGRA,X,,,,,RAVILEELA GRANITES LTD.,34.52,34.52,34.51,34.51,34.51,36.85,,34.51,,,50,1725.0,2,F1,1,,,,,
2025-09-03,2025-09-03,CM,BSE,STK,526113,INE602H01010,UNRYLMA,X,,,,,UNIROYAL MARINE EXPORTS LTD.,18.79,18.79,17.95,17.95,17.95,18.89,,17.95,,,454,8167.0,12,F1,1,,,,,
2025-09-03,2025-09-03,CM,BSE,STK,526115,INE327D01013,KARANWO,X,,,,,KARAN WOO-SIN LTD.,7.23,7.23,7.23,7.23,7.23,6.89,,7.23,,,2,14.0,2,F1,1,,,,,
2025-09-03,2025-09-03,CM,BSE,STK,526117,INE011D01013,SHERVANI,X,,,,,SHERVANI INDUSTRIAL SYNDICATE,388.0,410.0,388.0,410.0,410.0,392.1,,410.0,,,2,798.0,2,F1,1,,,,,
2025-09-03,2025-09-03,CM,BSE,STK,526125,INE00HZ01011,BNHOLDINGS,X,,,,,BN HOLDINGS LIMITED,354.0,354.0,334.5,351.0,351.0,340.9,,351.0,,,9038,3141870.0,112,F1,1,,,,,
2025-09-03,2025-09-03,CM,BSE,STK,526133,INE881B01054,SUPERTEX,X,,,,,SUPERTEX INDUSTRIES LTD.,7.23,8.0,7.23,7.84,7.8,7.69,,7.84,,,2246,17367.0,13,F1,1,,,,,
2025-09-03,2025-09-03,CM,BSE,STK,526137,INE278C01010,SHETR,X,,,,,SHETRON LTD.,140.0,142.35,138.3,140.8,140.95,138.85,,140.8,,,336,47254.0,14,F1,1,,,,,
2025-09-03,2025-09-03,CM,BSE,STK,526139,INE773D01018,TRABI,X,,,,,TRANSGENE BIOTEK LTD.,3.74,3.96,3.6,3.85,3.85,3.74,,3.85,,,77026,285615.0,76,F1,1,,,,,
2025-09-03,2025-09-03,CM,BSE,STK,526143,INE343A01016,MPL,X,,,,,MPL PLASTICS LTD.,9.04,9.5,8.71,9.36,9.36,9.18,,9.36,,,5772,51873.0,54,F1,1,,,,,
2025-09-03,2025-09-03,CM,BSE,STK,526159,INE926C01022,NIKHILAD,X,,,,,NIKHIL ADHESIVES LTD.,102.15,107.9,101.4,105.65,107.9,102.15,,105.65,,,8967,932325.0,760,F1,1,,,,,
2025-09-03,2025-09-03,CM,BSE,STK,526161,INE175C01018,SPENTA,X,,,,,SPENTA INTERNATIONAL LTD.,105.6,106.0,99.2,106.0,106.0,106.0,,106.0,,,1489,156656.0,32,F1,1,,,,,
2025-09-03,2025-09-03,CM,BSE,STK,526169,INE678F01014,MULTIBASE,X,,,,,MULTIBASE INDIA LTD.,243.85,246.5,243.85,245.55,245.6,243.85,,245.55,,,8641,2120332.0,176,F1,1,,,,,
2025-09-03,2025-09-03,CM,BSE,STK,526173,INE449C01025,ANDREWYU,B,,,,,ANDREW YULE & COMPANY LTD.,28.14,28.14,27.3,27.49,27.4,27.59,,27.49,,,99689,2759198.0,521,F1,1,,,,,
2025-09-03,2025-09-03,CM,BSE,STK,526179,INE983C01015,LUDLOWJUT,XT,,,,,LUDLOW JUTE & SPECIALITIES LTD,445.2,456.4,438.0,447.4,450.0,445.2,,447.4,,,1647,736080.0,67,F1,1,,,,,
2025-09-03,2025-09-03,CM,BSE,STK,526187,INE293C01019,ASHRAM,X,,,,,ASHRAM ONLINE.COM LTD.,5.9,5.9,5.9,5.9,5.9,5.9,,5.9,,,79,466.0,5,F1,1,,,,,
2025-09-03,2025-09-03,CM,BSE,STK,526193,INE618A01011,ROYALCU,X,,,,,ROYAL CUSHION VINYL PRODUCTS L,23.48,24.99,22.71,23.48,23.48,22.99,,23.48,,,2637,60590.0,31,F1,1,,,,,
2025-09-03,2025-09-03,CM,BSE,STK,526211,INE170U01011,SURJIND,X,,,,,SURAJ INDUSTRIES LTD.,77.33,77.33,73.55,76.84,76.9,77.33,,76.84,,,1515,114499.0,25,F1,1,,,,,
2025-09-03,2025-09-03,CM,BSE,STK,526217,INE120D01012,HITECHCORP,B,,,,,Hitech Corporation Limited,195.5,206.1,195.5,199.95,199.6,201.45,,199.99,,,1380,279273.0,492,F1,1,,,,,
2025-09-03,2025-09-03,CM,BSE,STK,526225,INE253C01013,BLOOM,XT,,,,,BLOOM DEKOR LTD.,11.41,12.59,11.41,12.59,12.59,12.0,,12.59,,,105,1202.0,4,F1,1,,,,,
2025-09-03,2025-09-03,CM,BSE,STK,526227,INE816B01035,FILATEX,B,,,,,FILATEX INDIA LTD.,53.75,55.27,53.3,53.94,54.3,53.37,,54.03,,,116597,6376996.0,1098,F1,1,,,,,
2025-09-03,2025-09-03,CM,BSE,STK,526231,INE307D01015,STDSFAC,X,,,,,STANDARD SURFACTANTS LTD.,62.9,62.9,58.99,61.15,61.15,62.99,,61.15,,,3035,189005.0,16,F1,1,,,,,
2025-09-03,2025-09-03,CM,BSE,STK,526237,INE902C01015,MORGAN,X,,,,,MORGAN VENTURES LTD.,75.32,77.95,73.33,73.62,73.62,75.32,,73.62,,,5018,374191.0,101,F1,1,,,,,
2025-09-03,2025-09-03,CM,BSE,STK,526241,INE762C01021,AMRAPLIN,X,,,,,AMRAPALI INDUSTRIES LTD.,15.54,16.31,15.5,16.29,16.29,15.86,,16.29,,,7219,114505.0,47,F1,1,,,,,
2025-09-03,2025-09-03,CM,BSE,STK,526247,INE863B01029,PREMEXPLN,B,,,,,PREMIER EXPLOSIVES LTD.,510.25,538.75,509.0,536.95,538.0,509.95,,536.9,,,106953,56471629.0,4123,F1,1,,,,,
2025-09-03,2025-09-03,CM,BSE,STK,526251,INE033E01015,MIDEASTP,X,,,,,MID EAST PORTFOLIO MANAGEMENT,25.49,25.49,23.58,23.58,23.58,24.82,,23.58,,,12586,303631.0,54,F1,1,,,,,
2025-09-03,2025-09-03,CM,BSE,STK,526263,INE835B01035,MOLDTECH,B,,,,,MOLD-TEK TECHNOLOGIES LTD.,169.95,171.7,168.35,170.9,170.75,167.1,,170.99,,,5397,922293.0,185,F1,1,,,,,
2025-09-03,2025-09-03,CM,BSE,STK,526269,INE293N01016,CRSTCHM,X,,,,,CRESTCHEM LTD.,122.3,124.0,120.0,121.85,121.95,122.3,,121.85,,,2643,318608.0,97,F1,1,,,,,
2025-09-03,2025-09-03,CM,BSE,STK,526299,INE356A01018,MPHASIS,A,,,,,MPHASIS LTD.,2905.0,2912.6,2844.25,2893.4,2888.7,2900.25,,2892.9,,,10554,30240190.0,2512,F1,1,,,,,
2025-09-03,2025-09-03,CM,BSE,STK,526301,INE047C01019,MEDINOV,X,,,,,MEDINOVA DIAGNOSTIC SERVICES L,41.4,41.4,40.7,40.94,40.7,40.65,,40.94,,,1287,53220.0,15,F1,1,,,,,
2025-09-03,2025-09-03,CM,BSE,STK,526315,INE410G01010,DIVSHKT,X,,,,,DIVYASHAKTI LIMITED,67.99,67.99,65.06,66.38,67.85,65.8,,66.38,,,3228,216828.0,40,F1,1,,,,,
2025-09-03,2025-09-03,CM,BSE,STK,526325,INE609C01024,ORIENTLTD,B,,,,,ORIENT PRESS LTD.,94.99,94.99,87.26,87.35,87.26,88.06,,87.75,,,229,20065.0,14,F1,1,,,,,
2025-09-03,2025-09-03,CM,BSE,STK,526335,INE115F01017,SHREYASI,X,,,,,SHREYAS INTERMEDIATES LTD.,8.18,8.34,7.86,7.88,7.86,8.18,,7.88,,,3991,31979.0,21,F1,1,,,,,
2025-09-03,2025-09-03,CM,BSE,STK,526345,INE744D01019,PANJON,X,,,,,PANJON LTD.,20.99,20.99,19.4,19.52,19.99,19.69,,19.52,,,25820,507891.0,114,F1,1,,,,,
2025-09-03,2025-09-03,CM,BSE,STK,526355,INE138B01018,DUROPACK,X,,,,,DUROPACK LTD.,83.0,83.83,78.0,81.65,81.99,84.28,,81.65,,,1165,93980.0,23,F1,1,,,,,
2025-09-03,2025-09-03,CM,BSE,STK,526365,INE967A01012,SWARNSAR,X,,,,,SWARNSARITA JEWELS INDIA LIMIT,32.64,32.64,30.6,32.14,32.06,31.96,,32.14,,,1719,54219.0,40,F1,1,,,,,
2025-09-03,2025-09-03,CM,BSE,STK,526367,INE460C01014,GANESHHOUC,A,,,,,GANESH HOUSING CORPORATION LTD,900.15,900.15,859.8,874.1,875.3,865.5,,876.65,,,2223,1944926.0,416,F1,1,,,,,
2025-09-03,2025-09-03,CM,BSE,STK,526371,INE584A01023,NMDC,A,,,,,NMDC LTD.,73.1,74.47,73.1,74.28,74.28,72.83,,74.29,,,2642356,195407259.0,12231,F1,1,,,,,
2025-09-03,2025-09-03,CM,BSE,STK,526373,INE908C01012,CINDHO,X,,,,,CINDRELLA HOTELS LTD.,70.0,73.5,68.0,68.0,68.0,70.0,,68.0,,,802,55945.0,8,F1,1,,,,,
2025-09-03,2025-09-03,CM,BSE,STK,526381,INE529D01014,PATINTLOG,B,,,,,PATEL INTEGRATED LOGISTICS LTD,14.95,15.05,14.8,14.87,14.94,14.89,,14.89,,,17809,265782.0,145,F1,1,,,,,
2025-09-03,2025-09-03,CM,BSE,STK,526397,INE137C01018,ALPHAGEO,B,,,,,ALPHAGEO (INDIA) LTD.,247.0,249.95,246.75,248.35,246.95,245.65,,247.82,,,1253,311082.0,63,F1,1,,,,,
2025-09-03,2025-09-03,CM,BSE,STK,526407,INE299D01022,HAMPTON,X,,,,,HAMPTON SKY REALTY LIMITED,20.3,20.49,19.8,19.99,20.0,19.89,,19.99,,,26326,527724.0,152,F1,1,,,,,
2025-09-03,2025-09-03,CM,BSE,STK,526409,INE301C01028,KKALPANAIND,XT,,,,,KKALPANA INDUSTRIES (INDIA) LT,12.41,13.66,12.36,12.36,12.36,13.01,,12.36,,,75656,953275.0,122,F1,1,,,,,
2025-09-03,2025-09-03,CM,BSE,STK,526415,INE870B01024,OKPLA,X,,,,,OK PLAY INDIA LTD.,9.25,9.28,8.91,9.01,9.04,9.03,,9.01,,,622901,5651522.0,572,F1,1,,,,,
2025-09-03,2025-09-03,CM,BSE,STK,526423,INE479D01038,KRITI,T,,,,,KRITI INDUSTRIES (INDIA) LTD.,135.0,136.0,128.75,135.85,135.7,132.5,,135.22,,,1232,161034.0,17,F1,1,,,,,
2025-09-03,2025-09-03,CM,BSE,STK,526433,INE867C01010,ASMTEC,B,,,,,ASM TECHNOLOGIES LTD.,3374.5,3521.2,3302.05,3513.95,3513.95,3353.55,,3513.95,,,97265,339683917.0,4993,F1,1,,,,,
2025-09-03,2025-09-03,CM,BSE,STK,526435,INE759I01024,PERFEPA,X,,,,,PERFECTPAC LTD.,104.95,104.95,100.25,101.35,100.25,105.95,,101.35,,,627,63532.0,11,F1,1,,,,,
2025-09-03,2025-09-03,CM,BSE,STK,526439,INE267C01013,AMBIT,XT,,,,,AMBITIOUS PLASTOMAC COMPANY LT,15.52,15.52,15.52,15.52,15.52,15.52,,15.52,,,18,279.0,7,F1,1,,,,,
2025-09-03,2025-09-03,CM,BSE,STK,526441,INE515B01025,VISIONCINE,X,,,,,VISION CINEMAS LTD.,1.06,1.07,1.06,1.07,1.07,1.06,,1.07,,,14378,15328.0,19,F1,1,,,,,
2025-09-03,2025-09-03,CM,BSE,STK,526443,INE072B01027,AEIM,X,,,,,Artificial Electronics Intelli,97.88,100.67,93.05,100.67,100.67,95.88,,100.67,,,66950,6614627.0,615,F1,1,,,,,
2025-09-03,2025-09-03,CM,BSE,STK,526445,INE007C01021,INDRANIB,X,,,,,INDRAYANI BIOTECH LTD.,11.99,12.5,11.06,12.2,12.0,11.66,,12.2,,,74246,891737.0,153,F1,1,,,,,
2025-09-03,2025-09-03,CM,BSE,STK,526468,INE940E01011,EUROLED,X,,,,,EURO LEDER FASHION LTD.,21.0,21.0,20.4,21.0,21.0,20.6,,21.0,,,1328,27705.0,16,F1,1,,,,,
2025-09-03,2025-09-03,CM,BSE,STK,526471,INE391C01011,WINSOMBR,X,,,,,WINSOME BREWERIES LTD.,28.74,28.74,27.35,28.0,28.0,27.62,,28.0,,,8209,231076.0,126,F1,1,,,,,
2025-09-03,2025-09-03,CM,BSE,STK,526473,INE152E01013,ELEFLOR,XT,,,,,ELEGANT FLORICULTURE & AGROTEC,7.03,7.03,7.03,7.03,7.03,6.7,,7.03,,,168646,1185581.0,151,F1,1,,,,,
2025-09-03,2025-09-03,CM,BSE,STK,526477,INE118B01010,SAENTER,XT,,,,,SOUTH ASIAN ENTERPRISES LTD.,37.02,37.02,37.02,37.02,37.02,35.26,,37.02,,,521,19287.0,8,F1,1,,,,,
2025-09-03,2025-09-03,CM,BSE,STK,526479,INE765B01018,SKYIND,X,,,,,SKY INDUSTRIES LTD.,92.5,92.5,88.0,89.86,89.5,91.65,,89.86,,,16677,1496398.0,162,F1,1,,,,,
2025-09-03,2025-09-03,CM,BSE,STK,526481,INE245B01011,PHOENXINTL,X,,,,,PHOENIX INTERNATIONAL LTD.,39.25,41.99,39.25,41.0,41.0,39.25,,41.0,,,5372,219997.0,37,F1,1,,,,,
2025-09-03,2025-09-03,CM,BSE,STK,526488,INE432N01010,BHUDEVI,XT,,,,,BHUDEVI INFRA PROJECTS LIMITED,275.4,275.4,275.4,275.4,275.4,281.0,,275.4,,,100,27540.0,1,F1,1,,,,,
2025-09-03,2025-09-03,CM,BSE,STK,526490,INE206C01029,PRATIK,X,,,,,PRATIK PANELS LTD.,7.06,7.14,6.84,7.02,7.02,7.03,,7.02,,,64319,451765.0,83,F1,1,,,,,
2025-09-03,2025-09-03,CM,BSE,STK,526492,INE582D01013,RISHIROOP,X,,,,,Rishiroop Limited,139.0,139.0,126.55,128.9,128.9,129.75,,128.9,,,2724,349139.0,80,F1,1,,,,,
2025-09-03,2025-09-03,CM,BSE,STK,526494,INE818D01011,PROMACT,X,,,,,PROMACT IMPEX LIMITED,9.58,9.58,9.34,9.58,9.58,9.13,,9.58,,,1624,15555.0,6,F1,1,,,,,
2025-09-03,2025-09-03,CM,BSE,STK,526500,INE398F01019,STRGRENWO,X,,,,,STERLING GREEN WOODS LTD.,37.73,37.8,31.9,36.24,31.91,38.12,,36.24,,,1430,52399.0,17,F1,1,,,,,
2025-09-03,2025-09-03,CM,BSE,STK,526506,INE356B01024,SYSTMTXC,B,,,,,SYSTEMATIX CORPORATE SERVICES,123.05,124.6,121.55,122.85,124.25,123.05,,122.85,,,5278,648592.0,172,F1,1,,,,,
2025-09-03,2025-09-03,CM,BSE,STK,526508,INE825D01016,SHAHISHIP,X,,,,,Shahi Shipping Limited,15.95,15.95,15.0,15.18,15.2,15.55,,15.18,,,12147,185614.0,87,F1,1,,,,,
2025-09-03,2025-09-03,CM,BSE,STK,526519,INE840D01015,ALPINEHOU,X,,,,,ALPINE HOUSING DEVELOPMENT COR,133.9,133.9,128.1,132.85,132.85,130.1,,132.85,,,106,13893.0,16,F1,1,,,,,
2025-09-03,2025-09-03,CM,BSE,STK,526521,INE999B01013,SANGHIIND,B,,,,,SANGHI INDUSTRIES LTD.,65.27,65.27,64.1,64.86,64.85,63.7,,64.66,,,4048,261196.0,34,F1,1,,,,,
2025-09-03,2025-09-03,CM,BSE,STK,526525,INE550D01010,WWALUM,X,,,,,WORLDWIDE ALUMINIUM LIMITED,17.4,17.4,17.4,17.4,17.4,16.58,,17.4,,,266,4628.0,4,F1,1,,,,,
2025-09-03,2025-09-03,CM,BSE,STK,526530,INE670C01026,IIRM,X,,,,,IIRM HOLDINGS INDIA LIMITED,83.79,84.25,81.18,82.16,81.2,84.21,,82.16,,,5892,484860.0,42,F1,1,,,,,
2025-09-03,2025-09-03,CM,BSE,STK,526532,INE716K01020,SFPIL,X,,,,,SQUARE FOUR PROJECTS INDIA LIM,9.57,9.57,9.49,9.49,9.49,9.58,,9.49,,,21,200.0,3,F1,1,,,,,
2025-09-03,2025-09-03,CM,BSE,STK,526544,INE967B01028,SGLRES,XT,,,,,SGL RESOURCES LIMITED,4.44,4.44,4.04,4.08,4.08,4.25,,4.08,,,355596,1449276.0,310,F1,1,,,,,
2025-09-03,2025-09-03,CM,BSE,STK,526546,INE493D01013,CHOKSILA,XT,,,,,CHOKSI LABORATORIES LTD.,207.35,209.95,196.0,207.75,209.95,203.25,,207.75,,,2513,511618.0,31,F1,1,,,,,
2025-09-03,2025-09-03,CM,BSE,STK,526550,INE652F01027,CCHHL,B,,,,,COUNTRY CLUB HOSPITALITY AND H,17.6,18.19,17.46,18.07,18.0,17.7,,18.08,,,7270,129916.0,106,F1,1,,,,,
2025-09-03,2025-09-03,CM,BSE,STK,526554,INE159C01012,SALGUTI,XT,,,,,SALGUTI INDUSTRIES LTD.,25.7,25.7,23.28,23.34,24.99,24.5,,23.34,,,770,18786.0,10,F1,1,,,,,
2025-09-03,2025-09-03,CM,BSE,STK,526570,INE519N01014,MIDWEST,XT,,,,,MIDWEST GOLD LTD.,2026.45,2026.45,2026.45,2026.45,2026.45,2067.8,,2026.45,,,1968,3988053.0,69,F1,1,,,,,
2025-09-03,2025-09-03,CM,BSE,STK,526574,INE439G01019,ENTRINT,X,,,,,ENTERPRISE INTERNATIONAL LTD.,27.49,27.49,26.95,26.95,26.95,26.95,,26.95,,,3,81.0,2,F1,1,,,,,
2025-09-03,2025-09-03,CM,BSE,STK,526582,INE413G01022,TPLPLASTEH,B,,,,,TPL PLASTECH LTD.,78.08,78.08,76.3,77.46,77.2,76.55,,77.35,,,5293,410895.0,157,F1,1,,,,,
2025-09-03,2025-09-03,CM,BSE,STK,526586,INE015B01018,WIMPLAST,X,,,,,WIM PLAST LTD.,477.0,505.0,477.0,497.95,497.95,476.5,,497.95,,,15338,7585830.0,427,F1,1,,,,,
2025-09-03,2025-09-03,CM,BSE,STK,526588,INE813B01016,PHOTOQUP,X,,,,,PHOTOQUIP INDIA LTD.,16.05,16.99,16.05,16.98,16.98,16.99,,16.98,,,870,14505.0,13,F1,1,,,,,
2025-09-03,2025-09-03,CM,BSE,STK,526596,INE557B01019,LIBERTSHOE,T,,,,,LIBERTY SHOES LTD.,322.8,340.0,322.8,337.8,337.8,328.7,,338.25,,,2730,914292.0,96,F1,1,,,,,
2025-09-03,2025-09-03,CM,BSE,STK,526604,INE845B01018,LIPPISYS,X,,,,,LIPPI SYSTEMS LTD.,25.25,25.25,23.51,23.75,23.75,25.0,,23.75,,,470,11284.0,7,F1,1,,,,,
2025-09-03,2025-09-03,CM,BSE,STK,526608,INE822G01016,ELECTHERM,B,,,,,ELECTROTHERM (INDIA) LTD.,815.65,832.25,806.5,816.35,813.0,812.0,,817.5,,,609,497823.0,61,F1,1,,,,,
2025-09-03,2025-09-03,CM,BSE,STK,526612,INE233B01017,BLUEDART,A,,,,,BLUE DART EXPRESS LTD.,5775.0,5793.0,5735.0,5757.3,5760.8,5755.2,,5754.5,,,491,2830844.0,197,F1,1,,,,,
2025-09-03,2025-09-03,CM,BSE,STK,526614,INE561D01025,EXPOEAPL,X,,,,,EXPO ENGINEERING AND PROJECTS,104.0,105.0,95.1,97.97,97.97,97.83,,97.97,,,21611,2196215.0,343,F1,1,,,,,
2025-09-03,2025-09-03,CM,BSE,STK,526616,INE233D01013,NATPLAS,X,,,,,NATIONAL PLASTIC INDUSTRIES LT,60.35,61.0,60.35,60.95,60.95,60.06,,60.95,,,1270,77446.0,11,F1,1,,,,,
2025-09-03,2025-09-03,CM,BSE,STK,526622,INE244C01020,MFLINDIA,X,,,,,MFL INDIA LTD.,0.53,0.54,0.53,0.54,0.53,0.53,,0.54,,,321164,172686.0,319,F1,1,,,,,
2025-09-03,2025-09-03,CM,BSE,STK,526638,INE594V01028,TEXELIN,X,,,,,TEXEL INDUSTRIES LTD.,123.95,123.95,114.5,114.75,115.45,120.5,,114.75,,,18993,2222474.0,288,F1,1,,,,,
2025-09-03,2025-09-03,CM,BSE,STK,526640,INE008C01011,RAYALEMA,X,,,,,ROYALE MANOR HOTELS & INDUSTRI,44.7,48.75,44.7,45.7,45.7,46.0,,45.7,,,2122,96575.0,36,F1,1,,,,,
2025-09-03,2025-09-03,CM,BSE,STK,526642,INE771A01026,MIRZAINT,B,,,,,MIRZA INTERNATIONAL LTD.,33.21,34.75,33.12,33.95,33.55,33.11,,33.9,,,33600,1132756.0,590,F1,1,,,,,
2025-09-03,2025-09-03,CM,BSE,STK,526650,INE305A01015,TFCILTD,B,,,,,TOURISM FINANCE CORPORATION OF,335.3,341.1,334.5,336.15,336.15,335.3,,336.55,,,71206,24033719.0,2121,F1,1,,,,,
2025-09-03,2025-09-03,CM,BSE,STK,526662,INE610C01014,ARENTERP,T,,,,,RAJDARSHAN INDUSTRIES LTD.,51.86,51.86,50.82,50.82,50.82,49.4,,49.01,,,1437,74500.0,22,F1,1,,,,,
2025-09-03,2025-09-03,CM,BSE,STK,526666,INE828A01016,BIL,B,,,,,BHARTIYA INTERNATIONAL LTD.,853.75,865.45,847.75,861.35,861.35,827.2,,844.15,,,62,53069.0,15,F1,1,,,,,
2025-09-03,2025-09-03,CM,BSE,STK,526668,INE967C01018,KAMATHOTEL,B,,,,,KAMAT HOTELS (INDIA) LTD.,303.95,318.2,302.55,312.6,312.6,301.65,,313.05,,,34417,10742419.0,1582,F1,1,,,,,
2025-09-03,2025-09-03,CM,BSE,STK,526677,INE055C01020,KEEPLEARN,T,,,,,DSJ KEEP LEARNING LIMITED,2.79,2.95,2.79,2.89,2.89,2.82,,2.89,,,7113,20687.0,24,F1,1,,,,,
2025-09-03,2025-09-03,CM,BSE,STK,526703,INE423D01010,ECOPLAST,X,,,,,ECOPLAST LTD.,516.3,537.8,516.0,528.55,536.5,533.9,,528.55,,,1411,738019.0,53,F1,1,,,,,
2025-09-03,2025-09-03,CM,BSE,STK,526705,INE095B01010,ELEMARB,X,,,,,ELEGANT MARBLES & GRANI INDUST,230.0,230.0,225.0,230.0,230.0,230.0,,230.0,,,257,58685.0,11,F1,1,,,,,
2025-09-03,2025-09-03,CM,BSE,STK,526709,INE839A01021,BITS,X,,,,,BITS LTD.,9.26,9.43,9.15,9.21,9.2,9.26,,9.21,,,75036,692965.0,488,F1,1,,,,,
2025-09-03,2025-09-03,CM,BSE,STK,526711,INE627D01016,ADARSHPL,X,,,,,ADARSH PLANT PROTECT LTD.,23.85,25.57,23.85,24.56,24.56,23.57,,24.56,,,1022,25103.0,34,F1,1,,,,,
2025-09-03,2025-09-03,CM,BSE,STK,526717,INE136C01044,HPBL,XT,,,,,HCP PLASTENE BULKPACK LIMITED,162.25,166.1,162.25,163.4,163.4,170.0,,163.4,,,1051,173460.0,20,F1,1,,,,,
2025-09-03,2025-09-03,CM,BSE,STK,526721,INE653C01022,NICCOPAR,X,,,,,NICCO PARKS & RESORTS LTD.,102.35,106.0,102.35,102.65,102.45,103.3,,102.65,,,1853,191492.0,68,F1,1,,,,,
2025-09-03,2025-09-03,CM,BSE,STK,526723,INE920C01017,NTCIND,X,,,,,NTC INDUSTRIES LTD.,206.6,206.6,196.0,197.7,198.0,199.65,,197.7,,,5961,1177114.0,157,F1,1,,,,,
2025-09-03,2025-09-03,CM,BSE,STK,526725,INE583B01015,SANDESH,B,,,,,SANDESH LTD.,1263.6,1263.6,1233.6,1242.1,1233.6,1256.5,,1249.8,,,83,103917.0,36,F1,1,,,,,
2025-09-03,2025-09-03,CM,BSE,STK,526727,INE797D01017,GARNET,XT,,,,,GARNET CONSTRUCTION LTD.,45.98,46.13,44.5,45.95,46.13,43.94,,45.95,,,13401,611898.0,69,F1,1,,,,,
2025-09-03,2025-09-03,CM,BSE,STK,526729,INE025B01025,GOLDIAM,A,,,,,GOLDIAM INTERNATIONAL LTD.,379.3,405.0,379.0,402.45,402.45,377.6,,402.15,,,240613,94967455.0,5703,F1,1,,,,,
2025-09-03,2025-09-03,CM,BSE,STK,526731,INE630D01010,BRIGHTBR,X,,,,,BRIGHT BROTHERS LTD.,354.8,354.8,342.75,344.45,348.7,348.75,,344.45,,,2102,729954.0,74,F1,1,,,,,
2025-09-03,2025-09-03,CM,BSE,STK,526739,INE869A01010,SHAWGELTIN,X,,,,,NARMADA GELATINES LTD.,382.3,384.4,376.15,378.9,382.0,374.85,,378.9,,,2302,876990.0,113,F1,1,,,,,
2025-09-03,2025-09-03,CM,BSE,STK,526747,INE078D01012,PGFOILQ,X,,,,,PG FOILS LTD.,190.3,201.9,190.3,200.05,199.0,190.55,,200.05,,,12124,2394461.0,135,F1,1,,,,,
2025-09-03,2025-09-03,CM,BSE,STK,526751,INE915E01013,GRATEXI,XT,,,,,GRATEX INDUSTRIES LTD.,21.0,21.0,21.0,21.0,21.0,21.0,,21.0,,,205,4305.0,3,F1,1,,,,,
2025-09-03,2025-09-03,CM,BSE,STK,526755,INE548D01014,VELHO,XT,,,,,VELAN HOTELS LTD.,4.79,4.85,4.79,4.79,4.79,5.04,,4.79,,,6405,30687.0,22,F1,1,,,,,
2025-09-03,2025-09-03,CM,BSE,STK,526761,INE931B01016,HOWARHO,X,,,,,HOWARD HOTELS LTD.,24.92,26.99,24.8,25.75,26.48,24.8,,25.75,,,9306,242914.0,35,F1,1,,,,,
2025-09-03,2025-09-03,CM,BSE,STK,526773,INE891E01024,PRESSURS,Z,,,,,PRESSURE SENSITIVE SYSTEMS (IN,2.22,2.24,2.18,2.24,2.24,2.14,,2.24,,,166471,371921.0,164,F1,1,,,,,
2025-09-03,2025-09-03,CM,BSE,STK,526775,INE760B01019,VALIANT,XT,,,,,VALIANT COMMUNICATIONS LTD.,942.25,945.85,899.0,920.5,920.5,942.25,,920.5,,,13398,12354497.0,453,F1,1,,,,,
2025-09-03,2025-09-03,CM,BSE,STK,526783,INE934C01018,DRAGARWQ,B,,,,,DR.AGARWALS EYE HOSPITAL LTD.,4597.75,4597.75,4450.05,4507.0,4507.0,4503.4,,4507.0,,,1312,5923378.0,369,F1,1,,,,,
2025-09-03,2025-09-03,CM,BSE,STK,526795,INE007G01014,MHSGRMS,ZP,,,,,MAHASAGAR TRAVELS LTD.,6.27,6.27,6.27,6.27,6.27,6.59,,6.27,,,100,627.0,1,F1,100,,,,,
2025-09-03,2025-09-03,CM,BSE,STK,526797,INE461C01038,GREENPLY,B,,,,,GREENPLY INDUSTRIES LTD.,315.0,315.0,304.25,305.9,306.0,306.65,,305.25,,,7236,2213514.0,214,F1,1,,,,,
2025-09-03,2025-09-03,CM,BSE,STK,526807,INE497B01018,SEAMECLTD,B,,,,,SEAMEC LTD.,956.8,961.2,933.9,938.5,943.15,956.8,,939.1,,,3233,3057606.0,428,F1,1,,,,,
2025-09-03,2025-09-03,CM,BSE,STK,526813,INE753B01014,RAGHUNAT,X,,,,,RAGHUNATH INTERNATIONAL LTD.,13.66,14.4,13.66,14.0,14.0,13.65,,14.0,,,807,11188.0,19,F1,1,,,,,
2025-09-03,2025-09-03,CM,BSE,STK,526817,INE974B01016,CHEVIOT,B,,,,,CHEVIOT CO.LTD.,1233.0,1240.2,1226.35,1234.55,1240.0,1231.35,,1234.6,,,333,411157.0,83,F1,1,,,,,
2025-09-03,2025-09-03,CM,BSE,STK,526821,INE928C01010,DAICHI,X,,,,,DAI-ICHI KARKARIA LTD.,303.0,303.0,289.0,290.0,290.0,293.3,,290.0,,,1717,504204.0,89,F1,1,,,,,
2025-09-03,2025-09-03,CM,BSE,STK,526823,INE016C01014,RAJINFRA,Z,,,,,RAJESWARI INFRASTRUCTURE LIMIT,4.1,4.1,3.82,3.85,3.85,4.01,,3.85,,,1472,5675.0,5,F1,1,,,,,
2025-09-03,2025-09-03,CM,BSE,STK,526827,INE882D01017,SPICEISLIN,XT,,,,,SPICE ISLANDS INDUSTRIES LIMIT,81.95,82.48,81.0,82.28,82.28,78.56,,82.28,,,37911,3116913.0,220,F1,1,,,,,
2025-09-03,2025-09-03,CM,BSE,STK,526829,INE552D01024,CONFIPET,B,,,,,CONFIDENCE PETROLEUM INDIA LTD,48.69,49.0,48.28,48.67,48.67,48.46,,48.73,,,72808,3534603.0,708,F1,1,,,,,
2025-09-03,2025-09-03,CM,BSE,STK,526839,INE413C01013,SIPL,X,,,,,SHELTER INFRA PROJECTS LTD.,14.4,14.4,14.4,14.4,14.4,13.72,,14.4,,,6,86.0,1,F1,1,,,,,
2025-09-03,2025-09-03,CM,BSE,STK,526841,INE794C01016,SHAKTIPR,XT,,,,,SHAKTI PRESS LTD.,34.42,34.42,34.42,34.42,34.42,36.04,,34.42,,,501,17244.0,8,F1,1,,,,,
2025-09-03,2025-09-03,CM,BSE,STK,526847,INE338C01012,ASHSI,X,,,,,ASHIRWAD STEELS & INDUSTRIES L,29.0,30.39,29.0,29.96,30.39,29.83,,29.96,,,2629,78586.0,31,F1,1,,,,,
2025-09-03,2025-09-03,CM,BSE,STK,526849,INE655B01011,BANARBEADS,B,,,,,BANARAS BEADS LTD.,102.21,104.08,101.43,102.17,102.17,103.03,,102.83,,,436,44952.0,33,F1,1,,,,,
2025-09-03,2025-09-03,CM,BSE,STK,526851,INE480H01011,AREXMIS,X,,,,,AREX INDUSTRIES LTD.,155.9,155.9,155.0,155.0,155.0,151.05,,155.0,,,2,310.0,2,F1,1,,,,,
2025-09-03,2025-09-03,CM,BSE,STK,526853,INE986A01012,BI,X,,,,,BILCARE LTD.,70.0,76.5,69.0,74.81,74.81,69.63,,74.81,,,88855,6562501.0,300,F1,1,,,,,
2025-09-03,2025-09-03,CM,BSE,STK,526859,INE973B01026,ISFL,X,,,,,ISF LIMITED,1.05,1.05,1.0,1.05,1.05,1.04,,1.05,,,50842,52870.0,90,F1,1,,,,,
2025-09-03,2025-09-03,CM,BSE,STK,526861,INE988D01012,RISHILASE,X,,,,,RISHI LASER LTD.,138.9,141.95,138.0,139.45,139.95,139.75,,139.45,,,2673,372956.0,40,F1,1,,,,,
2025-09-03,2025-09-03,CM,BSE,STK,526865,INE966C01010,JAINCO,X,,,,,JAINCO PROJECTS (INDIA) LTD.,6.16,6.4,5.6,6.23,6.2,6.16,,6.23,,,13676,84320.0,40,F1,1,,,,,
2025-09-03,2025-09-03,CM,BSE,STK,526869,INE795E01019,KUMPFIN,X,,,,,KUMBHAT FINANCIAL SERVICES LTD,22.0,23.0,22.0,22.74,23.0,22.0,,22.74,,,250,5641.0,7,F1,1,,,,,
2025-09-03,2025-09-03,CM,BSE,STK,526871,INE017E01018,INTECCAP,X,,,,,INTEC CAPITAL LTD.,15.08,16.5,15.03,16.08,16.08,16.0,,16.08,,,2622,40369.0,34,F1,1,,,,,
2025-09-03,2025-09-03,CM,BSE,STK,526873,INE184D01026,RAJGASES,X,,,,,RAJASTHAN GASES LTD.,36.92,39.75,36.92,38.47,38.47,36.91,,38.47,,,19768,762041.0,87,F1,1,,,,,
2025-09-03,2025-09-03,CM,BSE,STK,526881,INE111B01023,63MOONS,B,,,,,63 Moons Technologies Limited,937.0,937.0,918.0,919.65,920.0,921.8,,919.65,,,5176,4774335.0,488,F1,1,,,,,
2025-09-03,2025-09-03,CM,BSE,STK,526885,INE453D01025,SARLAPOLY,B,,,,,SARLA PERFORMANCE FIBERS LTD.,100.95,101.55,98.3,100.0,100.0,100.45,,100.05,,,21625,2157046.0,352,F1,1,,,,,
2025-09-03,2025-09-03,CM,BSE,STK,526891,INE944C01017,MKTCREAT,X,,,,,MARKET CREATORS LTD.,13.58,14.2,13.58,14.2,14.2,13.58,,14.2,,,31,421.0,3,F1,1,,,,,
2025-09-03,2025-09-03,CM,BSE,STK,526899,INE552B01010,HFIL,X,,,,,HIMALAYA FOOD INTERNATIONAL LI,13.88,14.08,13.42,13.75,13.8,13.62,,13.75,,,51811,713123.0,180,F1,1,,,,,
2025-09-03,2025-09-03,CM,BSE,STK,526901,INE344I01017,SONALAD,X,,,,,SONAL ADHESIVES LTD.,49.44,49.44,46.76,46.99,46.76,49.45,,46.99,,,2982,140911.0,45,F1,1,,,,,
2025-09-03,2025-09-03,CM,BSE,STK,526905,INE743D01011,PADMAIND,X,,,,,Padmanabh Industries Ltd,8.13,8.13,7.37,8.0,8.0,7.75,,8.0,,,4477,35726.0,29,F1,1,,,,,
2025-09-03,2025-09-03,CM,BSE,STK,526921,INE253B01015,21STCENMGM,B,,,,,TWENTYFIRST CENTURY MANAGEMENT,53.1,54.31,52.29,53.6,54.31,53.25,,53.86,,,2849,150793.0,90,F1,1,,,,,
2025-09-03,2025-09-03,CM,BSE,STK,526931,INE400G01011,HRYNSHP,X,,,,,HARIYANA SHIP BREAKERS LTD.,113.45,113.5,109.0,111.1,111.1,111.4,,111.1,,,1617,180783.0,56,F1,1,,,,,
2025-09-03,2025-09-03,CM,BSE,STK,526935,INE377D01018,ARUNIS,XT,,,,,ARUNIS ABODE LIMITED,55.0,55.0,55.0,55.0,55.0,53.93,,55.0,,,58,3190.0,3,F1,1,,,,,
2025-09-03,2025-09-03,CM,BSE,STK,526945,INE945B01016,TYROON,X,,,,,TYROON TEA CO.LTD.,104.0,104.05,103.5,103.55,103.5,103.8,,103.55,,,457,47366.0,14,F1,1,,,,,
2025-09-03,2025-09-03,CM,BSE,STK,526947,INE059D01020,LAOPALA,B,,,,,LA OPALA RG LTD.,240.15,251.35,240.15,248.85,248.7,247.4,,249.51,,,4822,1197876.0,327,F1,1,,,,,
2025-09-03,2025-09-03,CM,BSE,STK,526951,INE239C01020,STYLAMIND,B,,,,,STYLAM INDUSTRIES LIMITED,1629.0,1665.0,1612.2,1620.1,1622.0,1623.65,,1617.8,,,1165,1891911.0,317,F1,1,,,,,
2025-09-03,2025-09-03,CM,BSE,STK,526953,INE411B01019,VENUSREM,T,,,,,VENUS REMEDIES LTD.,456.0,477.0,456.0,462.3,468.0,463.35,,465.15,,,2770,1289157.0,101,F1,1,,,,,
2025-09-03,2025-09-03,CM,BSE,STK,526961,INE404B01022,LASTMILE,X,,,,,LAST MILE ENTERPRISES LIMITED,12.37,12.5,11.11,11.46,11.46,12.27,,11.46,,,56284,654976.0,132,F1,1,,,,,
2025-09-03,2025-09-03,CM,BSE,STK,526965,INE372D01019,GUJCRAFT,X,,,,,GUJARAT CRAFT INDUSTRIES LTD.,131.25,132.95,129.0,129.2,129.3,129.2,,129.2,,,309,40342.0,30,F1,1,,,,,
2025-09-03,2025-09-03,CM,BSE,STK,526967,INE025D01013,HEERAISP,XT,,,,,HEERA ISPAT LTD.,8.68,8.68,8.06,8.64,8.65,8.3,,8.64,,,9995,86191.0,25,F1,1,,,,,
2025-09-03,2025-09-03,CM,BSE,STK,526971,INE313G01016,DHOOTIN,X,,,,,DHOOT INDUSTRIAL FINANCE LTD.,265.0,270.0,262.2,265.0,265.0,262.2,,265.0,,,535,141947.0,26,F1,1,,,,,
2025-09-03,2025-09-03,CM,BSE,STK,526977,INE318P01016,CRIMSON,P,,,,,CRIMSON METAL ENGINEERING COMP,30.33,30.33,30.33,30.33,30.33,29.74,,30.33,,,100,3033.0,1,F1,100,,,,,
2025-09-03,2025-09-03,CM,BSE,STK,526981,INE402H01015,SHBAJRG,XT,,,,,SHRI BAJRANG ALLIANCE LIMITED,202.95,210.0,198.1,206.9,206.95,200.0,,206.9,,,15379,3182334.0,75,F1,1,,,,,
2025-09-03,2025-09-03,CM,BSE,STK,526987,INE550C01020,URJA,B,,,,,URJA GLOBAL LTD.,13.65,13.98,13.64,13.85,13.9,13.67,,13.88,,,124708,1722936.0,748,F1,1,,,,,
2025-09-03,2025-09-03,CM,BSE,STK,527001,INE348A01023,ASHAPURMIN,B,,,,,ASHAPURA MINECHEM LTD.,553.9,560.0,543.2,547.85,546.5,551.4,,547.25,,,29603,16313102.0,1201,F1,1,,,,,
2025-09-03,2025-09-03,CM,BSE,STK,527005,INE847D01010,SHREEPAC,XT,,,,,SHREE PACETRONIX LTD.,174.0,174.0,173.1,174.0,174.0,170.6,,174.0,,,46883,8156580.0,113,F1,1,,,,,
2025-09-03,2025-09-03,CM,BSE,STK,530001,INE186A01019,GUJALKALI,B,,,,,GUJARAT ALKALIES & CHEMICALS L,591.0,596.0,586.45,594.35,592.0,587.9,,594.55,,,6464,3826164.0,371,F1,1,,,,,
2025-09-03,2025-09-03,CM,BSE,STK,530005,INE383A01012,INDIACEM,A,,,,,INDIA CEMENTS LTD.,382.55,406.4,382.55,403.6,403.6,385.25,,403.75,,,181850,72702960.0,4641,F1,1,,,,,
2025-09-03,2025-09-03,CM,BSE,STK,530007,INE573A01042,JKTYRE,A,,,,,JK TYRE & INDUSTRIES LTD.,351.85,351.9,344.2,346.1,347.0,351.9,,346.2,,,40702,14137842.0,1224,F1,1,,,,,
2025-09-03,2025-09-03,CM,BSE,STK,530011,INE558B01017,MANGCHEFER,B,,,,,MANGALORE CHEMICALS & FERTILIZ,352.0,352.9,347.85,349.95,349.65,351.85,,350.0,,,6555,2292518.0,373,F1,1,,,,,
2025-09-03,2025-09-03,CM,BSE,STK,530017,INE173A01025,SIL,B,,,,,STANDARD INDUSTRIES LTD.,18.4,18.71,18.0,18.61,18.7,18.44,,18.56,,,13155,242512.0,179,F1,1,,,,,
2025-09-03,2025-09-03,CM,BSE,STK,530019,INE700A01033,JUBLPHARMA,A,,,,,JUBILANT PHARMOVA LIMITED,1039.75,1066.65,1032.0,1052.9,1049.45,1039.05,,1052.2,,,8187,8601023.0,702,F1,1,,,,,
2025-09-03,2025-09-03,CM,BSE,STK,530023,INE924D01017,THEINVEST,B,,,,,THE INVESTMENT TRUST OF INDIA,151.9,155.45,151.9,153.6,153.6,153.3,,152.14,,,68,10536.0,12,F1,1,,,,,
2025-09-03,2025-09-03,CM,BSE,STK,530025,INE607G01011,SAMYAKINT,XT,,,,,SAMYAK INTERNATIONAL LTD.,22.75,24.49,22.75,24.41,24.41,23.5,,24.41,,,1957,47285.0,29,F1,1,,,,,
2025-09-03,2025-09-03,CM,BSE,STK,530027,INE563D01013,AADIIND,X,,,,,AADI INDUSTRIES LTD.,5.4,5.4,5.22,5.22,5.22,5.42,,5.22,,,6593,35121.0,25,F1,1,,,,,
2025-09-03,2025-09-03,CM,BSE,STK,530037,INE618F01010,SPARKLEGR,X,,,,,SPARKLE GOLD ROCK LIMITED,103.4,103.4,100.0,100.25,100.25,98.55,,100.25,,,132,13259.0,9,F1,1,,,,,
2025-09-03,2025-09-03,CM,BSE,STK,530043,INE326C01017,ACKNIT,X,,,,,ACKNIT INDUSTRIES LTD.,288.5,295.95,288.5,292.9,292.0,288.4,,292.9,,,189,55142.0,15,F1,1,,,,,
2025-09-03,2025-09-03,CM,BSE,STK,530045,INE090D01017,TITANSEC,X,,,,,TITAN SECURITIES LTD.,34.11,34.7,32.61,33.85,34.3,34.68,,33.85,,,8406,283430.0,153,F1,1,,,,,
2025-09-03,2025-09-03,CM,BSE,STK,530053,INE055E01034,REALECO,X,,,,,REAL ECO-ENERGY LIMITED,4.68,4.9,4.68,4.88,4.86,4.78,,4.88,,,11496,55859.0,142,F1,1,,,,,
2025-09-03,2025-09-03,CM,BSE,STK,530057,INE984E01035,VIVANZA,XT,,,,,Vivanza Biosciences Limited,2.1,2.1,2.03,2.07,2.07,2.05,,2.07,,,22462,46294.0,52,F1,1,,,,,
2025-09-03,2025-09-03,CM,BSE,STK,530063,INE095C01018,YASHRAJC,XT,,,,,YASHRAJ CONTAINEURS LTD.,7.88,7.88,7.3,7.3,7.3,7.68,,7.3,,,6917,51496.0,28,F1,1,,,,,
2025-09-03,2025-09-03,CM,BSE,STK,530065,INE689J01013,LORDSHOTL,X,,,,,LORDS ISHWAR HOTELS LIMITED,19.5,19.5,17.5,18.09,18.0,19.0,,18.09,,,311,5626.0,9,F1,1,,,,,
2025-09-03,2025-09-03,CM,BSE,STK,530067,INE718F01018,CSLFINANCE,B,,,,,CSL Finance Limited,290.85,300.45,287.15,298.95,297.2,292.95,,296.25,,,1617,473230.0,103,F1,1,,,,,
2025-09-03,2025-09-03,CM,BSE,STK,530073,INE989A01032,SANGHVIMOV,A,,,,,SANGHVI MOVERS LTD.,332.2,336.2,323.85,326.95,326.95,330.75,,326.6,,,35573,11669606.0,1981,F1,1,,,,,
2025-09-03,2025-09-03,CM,BSE,STK,530075,INE818A01017,SELAN,B,,,,,SELAN EXPLORATION TECHNOLOGY L,584.9,584.9,559.65,569.45,569.05,555.75,,570.3,,,2154,1227750.0,159,F1,1,,,,,
2025-09-03,2025-09-03,CM,BSE,STK,530077,INE795D01011,PURETROP,X,,,,,PURETROP FRUITS LIMITED,131.9,131.9,119.0,120.35,120.35,132.5,,120.35,,,21449,2620076.0,223,F1,1,,,,,
2025-09-03,2025-09-03,CM,BSE,STK,530079,INE963C01033,FAZE3Q,B,,,,,FAZE THREE LTD.,436.45,440.45,433.5,438.25,435.0,435.45,,436.4,,,2972,1299866.0,163,F1,1,,,,,
2025-09-03,2025-09-03,CM,BSE,STK,530095,INE656B01027,PRADHIN,X,,,,,PRADHIN LIMITED,0.39,0.39,0.38,0.39,0.39,0.38,,0.39,,,104801232,40818073.0,12103,F1,1,,,,,
2025-09-03,2025-09-03,CM,BSE,STK,530109,INE069B01023,ANUPAM,XT,,,,,ANUPAM FINSERV LIMITED,2.01,2.01,1.91,1.95,1.95,2.0,,1.95,,,323225,633083.0,340,F1,1,,,,,
2025-09-03,2025-09-03,CM,BSE,STK,530111,INE639C01013,RAJPACK,X,,,,,RAJ PACKAGING INDUSTRIES LTD.,26.25,26.4,26.25,26.27,26.27,26.6,,26.27,,,403,10602.0,7,F1,1,,,,,
2025-09-03,2025-09-03,CM,BSE,STK,530117,INE959A01019,PRIVISCL,B,,,,,PRIVI SPECIALITY CHEMICALS LIM,2269.85,2290.0,2230.15,2270.85,2270.5,2244.7,,2270.6,,,14171,32202808.0,1706,F1,1,,,,,
2025-09-03,2025-09-03,CM,BSE,STK,530119,INE444D01016,NATRAJPR,X,,,,,NATRAJ PROTEINS LTD.,38.0,46.45,38.0,40.16,39.05,39.24,,40.16,,,2164,90782.0,32,F1,1,,,,,
2025-09-03,2025-09-03,CM,BSE,STK,530125,INE103E01016,SAMRATPH,X,,,,,SAMRAT PHARMACHEM LTD.,324.45,324.45,315.0,315.6,315.6,319.45,,315.6,,,1746,555649.0,69,F1,1,,,,,
2025-09-03,2025-09-03,CM,BSE,STK,530127,INE446D01011,NPRFIN,X,,,,,NPR FINANCE LTD.,26.9,26.9,26.85,26.87,26.9,26.9,,26.87,,,150,4030.0,5,F1,1,,,,,
2025-09-03,2025-09-03,CM,BSE,STK,530129,INE445D01013,NILE,X,,,,,NILE LTD.,1990.0,2010.0,1940.0,1976.25,1976.25,1978.05,,1976.25,,,3916,7771275.0,242,F1,1,,,,,
2025-09-03,2025-09-03,CM,BSE,STK,530133,INE924B01011,AMCOIND,XT,,,,,AMCO INDIA LTD.,76.2,82.99,76.2,80.02,80.02,80.1,,80.02,,,152,12176.0,12,F1,1,,,,,
2025-09-03,2025-09-03,CM,BSE,STK,530135,INE350C01017,OPTIEMUS,B,,,,,OPTIEMUS INFRACOM LTD,624.0,636.95,608.35,613.45,613.45,613.8,,613.95,,,25028,15722197.0,1239,F1,1,,,,,
2025-09-03,2025-09-03,CM,BSE,STK,530139,INE302C01018,KREONFIN,XT,,,,,KREON FINNANCIAL SERVICES LTD.,37.4,37.4,37.4,37.4,37.4,38.16,,37.4,,,3538,132321.0,14,F1,1,,,,,
2025-09-03,2025-09-03,CM,BSE,STK,530141,INE487G01018,GYANDEV,XT,,,,,GYAN DEVELOPERS & BUILDERS LTD,65.35,65.35,63.79,65.35,65.35,62.24,,65.35,,,200,13045.0,17,F1,1,,,,,
2025-09-03,2025-09-03,CM,BSE,STK,530145,INE017C01012,KISAN,X,,,,,KISAN MOULDINGS LTD.,36.5,36.95,35.25,36.22,35.61,36.03,,36.22,,,58915,2122806.0,237,F1,1,,,,,
2025-09-03,2025-09-03,CM,BSE,STK,530163,INE817B01025,KERALAYUR,XT,,,,,KERALA AYURVEDA LTD.,447.0,475.0,432.7,469.7,473.4,454.55,,469.7,,,441705,195183302.0,448,F1,1,,,,,
2025-09-03,2025-09-03,CM,BSE,STK,530167,INE153K01018,MONGIPA,X,,,,,MOONGIPA CAPITAL FINANCE LTD.,19.0,20.5,18.99,19.46,19.17,19.19,,19.46,,,7237,142242.0,29,F1,1,,,,,
2025-09-03,2025-09-03,CM,BSE,STK,530169,INE388C01017,MOHITPPR,X,,,,,MOHIT PAPER MILLS LTD.,30.5,30.5,30.5,30.5,30.5,29.95,,30.5,,,70,2135.0,3,F1,1,,,,,
2025-09-03,2025-09-03,CM,BSE,STK,530171,INE108C01019,DAULAT,X,,,,,DAULAT SECURITIES LTD.,36.0,38.17,36.0,37.71,37.71,38.18,,37.71,,,1186,44332.0,33,F1,1,,,,,
2025-09-03,2025-09-03,CM,BSE,STK,530175,INE213B01019,ODYSSEY,X,,,,,ODYSSEY TECHNOLOGIES LTD.,81.89,82.29,79.5,81.59,80.6,79.69,,81.59,,,3249,264597.0,35,F1,1,,,,,
2025-09-03,2025-09-03,CM,BSE,STK,530179,INE015F01019,RSCINT,XT,,,,,RSC INTERNATIONAL LTD.,48.16,48.64,48.16,48.16,48.16,49.14,,48.16,,,174,8388.0,7,F1,1,,,,,
2025-09-03,2025-09-03,CM,BSE,STK,530185,INE936A01025,SURATRAML,X,,,,,Surat Trade and Mercantile Lim,6.15,6.3,6.1,6.2,6.2,6.1,,6.2,,,74113,458856.0,266,F1,1,,,,,
2025-09-03,2025-09-03,CM,BSE,STK,530187,INE354E01031,ATHARVENT,XT,,,,,ATHARV ENTERPRISES LTD.,3.86,4.01,3.66,3.89,3.89,3.83,,3.89,,,3455,13313.0,33,F1,1,,,,,
2025-09-03,2025-09-03,CM,BSE,STK,530197,INE365H01014,FUNDVISER,XT,,,,,FUNDVISER CAPITAL (INDIA) LIMI,245.7,245.7,222.3,222.3,222.3,234.0,,222.3,,,111,25084.0,16,F1,1,,,,,
2025-09-03,2025-09-03,CM,BSE,STK,530199,INE083B01024,THEMISMED,B,,,,,THEMIS MEDICARE LTD.,105.0,105.0,101.44,103.21,103.5,104.2,,103.11,,,5839,602025.0,144,F1,1,,,,,
2025-09-03,2025-09-03,CM,BSE,STK,530201,INE629F01025,KALLAM,X,,,,,KALLAM TEXTILES LTD,3.99,3.99,3.71,3.93,3.93,3.81,,3.93,,,27352,106837.0,104,F1,1,,,,,
2025-09-03,2025-09-03,CM,BSE,STK,530207,INE899B01015,BRAWN,X,,,,,BRAWN BIOTECH LTD.,23.25,23.25,23.15,23.15,23.15,23.25,,23.15,,,320,7410.0,2,F1,1,,,,,
2025-09-03,2025-09-03,CM,BSE,STK,530213,INE501D01013,FORINTL,X,,,,,FORTUNE INTERNATIONAL LTD.,61.48,61.48,61.15,61.4,61.4,59.99,,61.4,,,621,38011.0,10,F1,1,,,,,
2025-09-03,2025-09-03,CM,BSE,STK,530215,INE050N01010,KINGSINFR,X,,,,,KINGS INFRA VENTURES LIMITED,159.6,159.6,155.35,157.7,158.0,156.6,,157.7,,,22525,3539442.0,184,F1,1,,,,,
2025-09-03,2025-09-03,CM,BSE,STK,530217,INE295B01016,SWOJAS,X,,,,,SWOJAS FOODS LIMITED,17.22,18.08,16.6,18.03,18.08,17.22,,18.03,,,2398128,42568285.0,528,F1,1,,,,,
2025-09-03,2025-09-03,CM,BSE,STK,530219,INE536C01029,NUTRICIRCLE,XT,,,,,Nutricircle Limited,132.55,132.55,132.55,132.55,132.55,126.25,,132.55,,,108,14315.0,3,F1,1,,,,,
2025-09-03,2025-09-03,CM,BSE,STK,530231,INE690D01014,SUBSM,X,,,,,SUBHASH SILK MILLS LTD.,60.7,60.7,60.7,60.7,60.7,60.7,,60.7,,,13,789.0,1,F1,1,,,,,
2025-09-03,2025-09-03,CM,BSE,STK,530233,INE292C01011,AUROLAB,X,,,,,AURO LABORATORIES LTD.,226.9,229.0,218.2,225.3,228.65,218.2,,225.3,,,4696,1051860.0,90,F1,1,,,,,
2025-09-03,2025-09-03,CM,BSE,STK,530235,INE533C01018,KJMCFIN,X,,,,,KJMC FINANCIAL SERVICES LTD.,86.99,86.99,81.0,83.45,83.45,81.81,,83.45,,,554,46305.0,30,F1,1,,,,,
2025-09-03,2025-09-03,CM,BSE,STK,530239,INE495B01038,SUVEN,T,,,,,SUVEN LIFE SCIENCES LTD.,214.25,221.0,213.3,213.6,213.6,216.7,,215.32,,,10411,2250684.0,204,F1,1,,,,,
2025-09-03,2025-09-03,CM,BSE,STK,530245,INE032E01017,ARYAMAN,X,,,,,ARYAMAN FINANCIAL SERVICES LTD,880.05,891.0,761.4,775.1,775.1,906.15,,775.1,,,13128,10573917.0,1097,F1,1,,,,,
2025-09-03,2025-09-03,CM,BSE,STK,530249,INE958C01025,BRIDGESE,X,,,,,BRIDGE SECURITIES LTD.,11.08,11.46,11.0,11.29,11.3,11.11,,11.29,,,498463,5514117.0,257,F1,1,,,,,
2025-09-03,2025-09-03,CM,BSE,STK,530251,INE001O01029,RISAINTL,X,,,,,RISA INTERNATIONAL LTD.,0.64,0.68,0.63,0.65,0.64,0.65,,0.65,,,496887,318991.0,219,F1,1,,,,,
2025-09-03,2025-09-03,CM,BSE,STK,530253,INE497E01020,RAJTUBE,XT,,,,,RAJASTHAN TUBE MANUFACTURING C,37.64,38.74,35.06,37.34,38.0,36.9,,37.34,,,514969,18677697.0,275,F1,1,,,,,
2025-09-03,2025-09-03,CM,BSE,STK,530255,INE961B01013,KAYPOWR,X,,,,,KAY POWER AND PAPER LTD.,14.63,14.99,13.45,14.13,14.0,14.79,,14.13,,,9022,126610.0,67,F1,1,,,,,
2025-09-03,2025-09-03,CM,BSE,STK,530259,INE003B01014,INTSTOIL,XT,,,,,INTER STATE OIL CARRIER LTD.,37.05,40.8,37.05,39.7,39.7,38.9,,39.7,,,435,16943.0,17,F1,1,,,,,
2025-09-03,2025-09-03,CM,BSE,STK,530263,INE062C01042,GLOBALCA,X,,,,,GLOBAL CAPITAL MARKETS LTD.,0.57,0.57,0.54,0.55,0.55,0.55,,0.55,,,532210,293972.0,344,F1,1,,,,,
2025-09-03,2025-09-03,CM,BSE,STK,530265,INE584B01013,SAINIK,XT,,,,,SAINIK FINANCE & INDUSTRIES LT,62.0,62.64,57.5,60.09,60.09,59.66,,60.09,,,84958,5135020.0,167,F1,1,,,,,
2025-09-03,2025-09-03,CM,BSE,STK,530267,INE021N01011,ARIGATO,X,,,,,ARIGATO UNIVERSE LIMITED,38.01,38.01,38.01,38.01,38.01,38.0,,38.01,,,4,152.0,1,F1,1,,,,,
2025-09-03,2025-09-03,CM,BSE,STK,530271,INE652D01014,RICHUNV,XT,,,,,RICH UNIVERSE NETWORK LTD.,10.5,10.5,10.48,10.48,10.48,10.0,,10.48,,,219,2296.0,5,F1,1,,,,,
2025-09-03,2025-09-03,CM,BSE,STK,530281,INE373C01019,QUANTDIA,X,,,,,QUANTUM DIGITAL VISION (INDIA),24.95,26.07,24.95,26.07,26.07,24.83,,26.07,,,100,2550.0,10,F1,1,,,,,
2025-09-03,2025-09-03,CM,BSE,STK,530289,INE102F01015,SPCAPIT,X,,,,,SP CAPITAL FINANCING LTD.,44.57,44.57,44.53,44.56,44.56,44.94,,44.56,,,17,757.0,7,F1,1,,,,,
2025-09-03,2025-09-03,CM,BSE,STK,530291,INE791C01012,PAOS,XT,,,,,PAOS INDUSTRIES LIMITED,57.8,57.8,57.8,57.8,57.8,57.8,,57.8,,,100,5780.0,1,F1,1,,,,,
2025-09-03,2025-09-03,CM,BSE,STK,530299,INE823A01017,KOTHARIPRO,B,,,,,KOTHARI PRODUCTS LTD.,77.42,77.85,73.36,76.46,75.3,77.0,,76.07,,,1780,135307.0,68,F1,1,,,,,
2025-09-03,2025-09-03,CM,BSE,STK,530305,INE546C01010,PICCADIL,B,,,,,PICCADILY AGRO INDUSTRIES LTD.,603.0,621.0,599.55,609.55,609.5,602.95,,609.1,,,35030,21373105.0,2326,F1,1,,,,,
2025-09-03,2025-09-03,CM,BSE,STK,530307,INE419D01026,CLSEL,B,,,,,CHAMAN LAL SETIA EXPORTS LTD.,287.8,287.8,283.45,285.35,286.0,287.4,,284.8,,,997,284273.0,53,F1,1,,,,,
2025-09-03,2025-09-03,CM,BSE,STK,530309,INE368D01025,CHANDRAP,X,,,,,CHANDRA PRABHU INTERNATIONAL L,18.55,19.55,18.55,19.03,19.03,19.3,,19.03,,,1021,19377.0,43,F1,1,,,,,
2025-09-03,2025-09-03,CM,BSE,STK,530313,INE285U01025,KIMIABL,XT,,,,,KIMIA BIOSCIENCES LIMITED,38.79,38.79,35.99,36.0,36.0,36.98,,36.0,,,16169,592290.0,75,F1,1,,,,,
2025-09-03,2025-09-03,CM,BSE,STK,530315,INE428D01019,HINDTIN,X,,,,,HINDUSTAN TIN WORKS LTD.,144.25,146.85,144.0,145.0,145.0,145.15,,145.0,,,5137,745229.0,67,F1,1,,,,,
2025-09-03,2025-09-03,CM,BSE,STK,530317,INE362C01012,GODAVARI,X,,,,,GODAVARI DRUGS LTD.,86.0,87.0,82.3,83.46,83.46,85.54,,83.46,,,6710,566774.0,97,F1,1,,,,,
2025-09-03,2025-09-03,CM,BSE,STK,530331,INE001E01012,PREMCO,X,,,,,PREMCO GLOBAL LTD.,433.35,448.0,433.35,445.95,445.95,433.35,,445.95,,,32,14224.0,7,F1,1,,,,,
2025-09-03,2025-09-03,CM,BSE,STK,530341,INE596B01017,MUKESHB,X,,,,,MUKESH BABU FINANCIAL SERVICES,135.0,135.0,130.0,130.05,130.05,135.0,,130.05,,,104,13525.0,4,F1,1,,,,,
2025-09-03,2025-09-03,CM,BSE,STK,530343,INE955D01029,GENUSPOWER,A,,,,,GENUS POWER INFRASTRUCTURES LT,335.0,342.0,334.0,340.05,339.8,333.65,,339.65,,,52319,17737858.0,1577,F1,1,,,,,
2025-09-03,2025-09-03,CM,BSE,STK,530355,INE276G01015,ASIANENE,B,,,,,ASIAN ENERGY SERVICES LTD,355.0,392.1,355.0,382.0,382.0,356.4,,381.9,,,101940,38877097.0,3551,F1,1,,,,,
2025-09-03,2025-09-03,CM,BSE,STK,530357,INE883D01023,KBSINDIA,X,,,,,KBS INDIA LIMITED,2.37,2.47,2.25,2.45,2.47,2.36,,2.45,,,377712,908476.0,325,F1,1,,,,,
2025-09-03,2025-09-03,CM,BSE,STK,530361,INE428P01013,PRABHHANS,X,,,,,PRABHHANS INDUSTRIES LIMITED,77.5,77.5,72.1,72.62,72.62,75.84,,72.62,,,20552,1537577.0,94,F1,1,,,,,
2025-09-03,2025-09-03,CM,BSE,STK,530363,INE071E01023,UGARSUGAR,B,,,,,UGAR SUGAR WORKS LTD.,46.7,47.88,46.7,47.07,47.1,46.7,,47.08,,,26762,1262938.0,351,F1,1,,,,,
2025-09-03,2025-09-03,CM,BSE,STK,530365,INE607D01018,ORIENTBELL,B,,,,,ORIENT BELL LIMITED,296.65,302.75,296.65,297.25,297.0,296.65,,299.25,,,432,129444.0,57,F1,1,,,,,
2025-09-03,2025-09-03,CM,BSE,STK,530367,INE349A01021,NRBBEARING,B,,,,,NRB BEARINGS LTD.,290.95,295.1,290.0,293.05,293.45,291.3,,293.25,,,8036,2351788.0,375,F1,1,,,,,
2025-09-03,2025-09-03,CM,BSE,STK,530369,INE380C01014,VAMSHIRU,XT,,,,,VAMSHI RUBBER LTD.,53.22,54.99,50.56,52.7,52.7,53.22,,52.7,,,3585,185160.0,40,F1,1,,,,,
2025-09-03,2025-09-03,CM,BSE,STK,530377,INE937C01029,NILAINFRA,B,,,,,NILA INFRASTRUCTURES LTD.,10.63,10.77,10.4,10.52,10.52,10.58,,10.5,,,38414,406205.0,278,F1,1,,,,,
2025-09-03,2025-09-03,CM,BSE,STK,530393,INE921B01025,DBSTOCKBRO,B,,,,,DB (INTERNATIONAL) STOCK BROKE,26.4,26.52,25.62,26.31,25.67,26.04,,26.18,,,1918,50510.0,30,F1,1,,,,,
2025-09-03,2025-09-03,CM,BSE,STK,530401,INE526H01011,VINYOFL,X,,,,,VINYOFLEX LTD.,66.56,66.56,62.5,63.55,63.55,67.31,,63.55,,,3175,203577.0,75,F1,1,,,,,
2025-09-03,2025-09-03,CM,BSE,STK,530405,INE356F01017,JINDCAP,X,,,,,JINDAL CAPITAL LTD.,39.73,39.73,38.01,38.52,38.52,38.95,,38.52,,,790,30326.0,20,F1,1,,,,,
2025-09-03,2025-09-03,CM,BSE,STK,530407,INE932F01015,EPIC,X,,,,,EPIC ENERGY LTD.,50.49,50.49,47.49,47.81,48.79,48.2,,47.81,,,10839,529677.0,149,F1,1,,,,,
2025-09-03,2025-09-03,CM,BSE,STK,530419,INE886B01012,SUMEDHA,X,,,,,SUMEDHA FISCAL SERVICES LTD.,57.0,58.79,55.0,56.76,57.5,57.71,,56.76,,,18966,1065973.0,110,F1,1,,,,,
2025-09-03,2025-09-03,CM,BSE,STK,530421,INE430F01010,KUWERIN,XT,,,,,KUWER INDUSTRIES LTD.,11.7,12.0,11.32,11.33,11.32,11.75,,11.33,,,1730,20153.0,15,F1,1,,,,,
2025-09-03,2025-09-03,CM,BSE,STK,530427,INE865B01016,CHOKSI,XT,,,,,CHOKSI ASIA LIMITED,100.89,100.89,98.0,98.0,98.0,99.9,,98.0,,,1105,109468.0,12,F1,1,,,,,
2025-09-03,2025-09-03,CM,BSE,STK,530429,INE831C01016,ASHISHPO,X,,,,,ASHISH POLYPLAST LTD.,38.0,38.0,36.0,37.6,37.6,36.27,,37.6,,,1068,40001.0,20,F1,1,,,,,
2025-09-03,2025-09-03,CM,BSE,STK,530433,INE960E01019,SHIVAAGRO,X,,,,,SHIVA GLOBAL AGRO INDUSTRIES L,46.5,46.5,45.16,45.75,45.75,47.34,,45.75,,,1949,89162.0,21,F1,1,,,,,
2025-09-03,2025-09-03,CM,BSE,STK,530439,INE140C01012,SIDDHA,X,,,,,SIDDHA VENTURES LTD.,6.74,6.74,6.26,6.26,6.26,6.2,,6.26,,,2333,15523.0,18,F1,1,,,,,
2025-09-03,2025-09-03,CM,BSE,STK,530443,INE293D01017,KIRANSY-B,X,,,,,KIRAN SYNTEX LTD.,7.68,7.68,7.68,7.68,7.68,7.67,,7.68,,,52,399.0,2,F1,1,,,,,
2025-09-03,2025-09-03,CM,BSE,STK,530445,INE764B01029,SUMERUIND,X,,,,,SUMERU INDUSTRIES LTD.,2.15,2.15,2.04,2.14,2.14,2.09,,2.14,,,7598,16029.0,27,F1,1,,,,,
2025-09-03,2025-09-03,CM,BSE,STK,530449,INE347C01013,RUNGTAIR,X,,,,,RUNGTA IRRIGATION LTD.,64.95,64.95,62.0,63.0,63.0,62.1,,63.0,,,533,33671.0,19,F1,1,,,,,
2025-09-03,2025-09-03,CM,BSE,STK,530457,INE959B01017,GTTDATA,X,,,,,GTT DATA SOLUTIONS LIMITED,64.95,66.8,63.15,64.72,64.8,64.18,,64.72,,,12012,776647.0,91,F1,1,,,,,
2025-09-03,2025-09-03,CM,BSE,STK,530459,INE808A01018,VALSONQ,XT,,,,,VALSON INDUSTRIES LTD.,26.71,27.9,26.6,27.9,27.9,28.0,,27.9,,,5404,143818.0,24,F1,1,,,,,
2025-09-03,2025-09-03,CM,BSE,STK,530461,INE440C01016,SABOOSOD,X,,,,,SABOO SODIUM CHLORO LTD.,16.99,17.5,16.35,17.2,17.2,16.7,,17.2,,,52797,895713.0,257,F1,1,,,,,
2025-09-03,2025-09-03,CM,BSE,STK,530475,INE015C01016,TINNARUBR,B,,,,,TINNA RUBBER AND INFRASTRUCTUR,854.0,854.0,815.05,817.45,831.2,825.7,,817.5,,,3165,2627514.0,314,F1,1,,,,,
2025-09-03,2025-09-03,CM,BSE,STK,530477,INE337E01010,VIKRAMTH,X,,,,,VIKRAM THERMO (INDIA) LTD.,167.95,167.95,160.05,162.15,162.15,165.0,,162.15,,,10133,1653353.0,143,F1,1,,,,,
2025-09-03,2025-09-03,CM,BSE,STK,530495,INE473C01025,STRATMONT,X,,,,,STRATMONT INDUSTRIES LIMITED,91.0,94.49,87.36,87.36,87.36,91.95,,87.36,,,6938,613871.0,101,F1,1,,,,,
2025-09-03,2025-09-03,CM,BSE,STK,530499,INE701G01012,AKCAPIT,X,,,,,A.K.CAPITAL SERVICES LTD.,1080.1,1108.0,1075.0,1088.05,1103.8,1080.05,,1088.05,,,150,162490.0,24,F1,1,,,,,
2025-09-03,2025-09-03,CM,BSE,STK,530517,INE131B01039,RELAXO,A,,,,,RELAXO FOOTWEARS LTD.,494.9,506.9,485.0,500.1,502.8,485.85,,499.45,,,143718,72306838.0,1973,F1,1,,,,,
2025-09-03,2025-09-03,CM,BSE,STK,530521,INE467D01017,VIRAT,XT,,,,,VIRAT INDUSTRIES LTD.,800.0,836.55,798.7,801.1,800.0,840.7,,801.1,,,11090,8867870.0,227,F1,1,,,,,
2025-09-03,2025-09-03,CM,BSE,STK,530525,INE786J01033,RRETAIL,X,,,,,RAJNISH RETAIL LIMITED,6.85,6.85,6.71,6.75,6.76,6.72,,6.75,,,1581574,10686807.0,364,F1,1,,,,,
2025-09-03,2025-09-03,CM,BSE,STK,530533,INE390D01011,TERAI,X,,,,,TERAI TEA CO.LTD.,103.0,106.8,97.45,101.1,99.2,102.2,,101.1,,,3959,402084.0,87,F1,1,,,,,
2025-09-03,2025-09-03,CM,BSE,STK,530545,INE949B01018,COSCO,X,,,,,COSCO (INDIA) LTD.,249.5,249.5,235.85,237.7,238.9,239.8,,237.7,,,1531,369465.0,20,F1,1,,,,,
2025-09-03,2025-09-03,CM,BSE,STK,530547,INE395E01018,KENFIN,X,,,,,KEN FINANCIAL SERVICES LTD.,17.53,17.53,15.87,15.87,15.87,16.7,,15.87,,,15,259.0,3,F1,1,,,,,
2025-09-03,2025-09-03,CM,BSE,STK,530549,INE790G01031,SHILPAMED,T,,,,,SHILPA MEDICARE LTD.,845.0,850.0,840.5,842.9,848.0,839.35,,844.4,,,2200,1856452.0,167,F1,1,,,,,
2025-09-03,2025-09-03,CM,BSE,STK,530555,INE074B01023,PARACABLES,B,,,,,PARAMOUNT COMMUNICATIONS LTD.,47.29,47.31,46.25,46.98,46.98,47.11,,46.94,,,128830,6037720.0,836,F1,1,,,,,
2025-09-03,2025-09-03,CM,BSE,STK,530557,INE132F01038,NCLRESE,X,,,,,NCL RESEARCH & FINANCIAL SERVI,0.59,0.61,0.58,0.6,0.6,0.59,,0.6,,,3135011,1867817.0,1295,F1,1,,,,,
2025-09-03,2025-09-03,CM,BSE,STK,530565,INE149B01015,POPEES,XT,,,,,POPEES CARES LIMITED,29.52,29.52,28.05,28.05,28.05,29.52,,28.05,,,1788,51019.0,16,F1,1,,,,,
2025-09-03,2025-09-03,CM,BSE,STK,530571,INE335G01019,EXPLICITFIN,XT,,,,,EXPLICIT FINANCE LTD.,8.49,8.51,8.49,8.51,8.51,8.36,,8.51,,,476,4042.0,8,F1,1,,,,,
2025-09-03,2025-09-03,CM,BSE,STK,530577,INE519D01015,LADDERUP,X,,,,,LADDERUP FINANCE LTD.,51.17,54.38,51.17,52.0,52.0,51.95,,52.0,,,1229,63752.0,10,F1,1,,,,,
2025-09-03,2025-09-03,CM,BSE,STK,530579,INE152C01025,UYFINCORP,B,,,,,U. Y. FINCORP LIMITED,13.19,13.4,13.05,13.15,13.2,13.11,,13.15,,,64097,848734.0,298,F1,1,,,,,
2025-09-03,2025-09-03,CM,BSE,STK,530581,INE906L01025,EKAMLEA,X,,,,,EKAM LEASING & FINANCE CO.LTD.,7.56,7.56,7.56,7.56,7.56,7.95,,7.56,,,700,5292.0,1,F1,1,,,,,
2025-09-03,2025-09-03,CM,BSE,STK,530585,INE691C01022,SWASTIKA,X,,,,,SWASTIKA INVESTMART LTD.,108.0,112.9,108.0,112.3,112.5,107.35,,112.3,,,68068,7433819.0,115,F1,1,,,,,
2025-09-03,2025-09-03,CM,BSE,STK,530589,INE573B01016,PRIMAPLA,X,,,,,PRIMA PLASTICS LTD.,137.5,139.85,137.0,138.5,138.5,140.15,,138.5,,,375,51659.0,24,F1,1,,,,,
2025-09-03,2025-09-03,CM,BSE,STK,530595,INE381G01013,TELECANOR,X,,,,,TELECANOR GLOBAL LTD.,10.0,10.9,9.75,10.43,10.65,10.0,,10.43,,,2614,27805.0,34,F1,1,,,,,
2025-09-03,2025-09-03,CM,BSE,STK,530601,INE582C01015,JAGSONFI,X,,,,,JAGSONPAL FINANCE & LEASING LT,53.51,53.51,51.22,51.22,51.22,53.91,,51.22,,,795,40755.0,8,F1,1,,,,,
2025-09-03,2025-09-03,CM,BSE,STK,530615,INE194E01015,GARGFUR,X,,,,,GARG FURNACE LTD.,192.9,192.9,185.6,187.0,187.0,184.5,,187.0,,,4658,874045.0,36,F1,1,,,,,
2025-09-03,2025-09-03,CM,BSE,STK,530617,INE375C01014,SAMPRE,XT,,,,,SAMPRE NUTRITIONS LTD.,83.32,83.32,83.32,83.32,83.32,81.69,,83.32,,,145336,12109395.0,49,F1,1,,,,,
2025-09-03,2025-09-03,CM,BSE,STK,530621,INE864E01021,AAIL,XT,,,,,Akar Auto Industries Limited,170.8,170.8,162.1,164.8,163.05,165.0,,164.8,,,2550,418383.0,21,F1,1,,,,,
2025-09-03,2025-09-03,CM,BSE,STK,530627,INE834D01018,VIPULORG,XT,,,,,Vipul Organics Limited,194.5,198.35,192.2,194.2,197.35,194.3,,194.2,,,4780,925704.0,55,F1,1,,,,,
2025-09-03,2025-09-03,CM,BSE,STK,530643,INE316A01038,ECORECO,B,,,,,ECO RECYCLING LTD.,597.0,599.0,590.0,595.85,598.0,591.45,,595.85,,,16183,9619603.0,750,F1,1,,,,,
2025-09-03,2025-09-03,CM,BSE,STK,530655,INE127I01024,GOODLUCK,B,,,,,Goodluck India Limited,1148.05,1216.15,1145.05,1188.6,1188.6,1147.5,,1189.7,,,32727,38842895.0,3263,F1,1,,,,,
2025-09-03,2025-09-03,CM,BSE,STK,530663,INE912B01032,GOYALASS,X,,,,,GOYAL ASSOCIATES LTD.,1.07,1.13,1.07,1.13,1.13,1.07,,1.13,,,14997,16080.0,30,F1,1,,,,,
2025-09-03,2025-09-03,CM,BSE,STK,530665,INE812B01026,ZENITHHE,X,,,,,ZENITH HEALTH CARE LTD.,4.21,4.27,4.1,4.17,4.17,4.23,,4.17,,,28139,116709.0,132,F1,1,,,,,
2025-09-03,2025-09-03,CM,BSE,STK,530669,INE035401020,ACEENGITEC,XT,,,,,ACE ENGITECH LIMITED,163.3,163.3,163.3,163.3,163.3,155.55,,163.3,,,208,33966.0,4,F1,1,,,,,
2025-09-03,2025-09-03,CM,BSE,STK,530675,INE057Q01018,YORKEXP,XT,,,,,YORK EXPORTS LTD.,64.66,64.66,64.66,64.66,64.66,64.98,,64.66,,,1,64.0,1,F1,1,,,,,
2025-09-03,2025-09-03,CM,BSE,STK,530677,INE822E01011,SUPREME,B,,,,,SUPREME HOLDINGS & HOSPITALITY,77.0,77.78,74.85,76.84,76.74,76.76,,77.07,,,6286,477364.0,204,F1,1,,,,,
2025-09-03,2025-09-03,CM,BSE,STK,530689,INE624M01014,LYKISLTD,X,,,,,LYKIS LIMITED,34.5,35.0,34.0,34.28,34.0,33.98,,34.28,,,21403,741842.0,83,F1,1,,,,,
2025-09-03,2025-09-03,CM,BSE,STK,530695,INE233C01023,PRIMEPRO,X,,,,,PRIME PROPERTY DEVELOPMENT COR,34.48,34.98,32.5,32.69,32.5,34.49,,32.69,,,5052,166513.0,71,F1,1,,,,,
2025-09-03,2025-09-03,CM,BSE,STK,530697,INE546F01013,ZENLABS,X,,,,,Zenlabs Ethica Limited,34.13,34.13,31.22,33.73,33.87,33.46,,33.73,,,466,15503.0,21,F1,1,,,,,
2025-09-03,2025-09-03,CM,BSE,STK,530699,INE533D01032,RAJRILTD,T,,,,,RAJ RAYON INDUSTRIES LIMITED,26.55,26.55,25.98,25.98,25.98,26.08,,25.96,,,2802,73226.0,38,F1,1,,,,,
2025-09-03,2025-09-03,CM,BSE,STK,530705,INE161F01011,ANIRIT,X,,,,,ANIRIT VENTURES LIMITED,58.25,58.26,54.25,58.26,58.26,55.49,,58.26,,,2755,160489.0,36,F1,1,,,,,
2025-09-03,2025-09-03,CM,BSE,STK,530709,INE225G01012,GOWRALE,XT,,,,,GOWRA LEASING & FINANCE LTD.,105.0,106.5,98.9,106.0,106.0,104.1,,106.0,,,2829,295188.0,40,F1,1,,,,,
2025-09-03,2025-09-03,CM,BSE,STK,530711,INE144C01014,JAGANLAM,X,,,,,JAGAN LAMPS LTD.,77.78,78.49,74.0,77.58,77.55,77.51,,77.58,,,5235,400514.0,63,F1,1,,,,,
2025-09-03,2025-09-03,CM,BSE,STK,530715,INE093B01015,ALPSINDUS,T,,,,,ALPS INDUSTRIES LTD.,1.9,1.94,1.83,1.92,1.92,1.92,,1.9,,,5496,10419.0,25,F1,1,,,,,
2025-09-03,2025-09-03,CM,BSE,STK,530723,INE041B01014,ASITCFIN,XT,,,,,ASIT C.MEHTA FINANCIAL SERVICE,135.0,141.75,129.0,129.55,141.0,135.0,,129.55,,,621,84228.0,13,F1,1,,,,,
2025-09-03,2025-09-03,CM,BSE,STK,530733,INE900O01014,ENCODE,X,,,,,ENCODE PACKAGING INDIA LIMITED,11.6,12.04,11.6,11.65,11.65,12.0,,11.65,,,790,9182.0,8,F1,1,,,,,
2025-09-03,2025-09-03,CM,BSE,STK,530735,INE897A01011,SUPERBAK,X,,,,,SUPER BAKERS (INDIA) LTD.,31.0,31.0,31.0,31.0,31.0,31.0,,31.0,,,48,1488.0,2,F1,1,,,,,
2025-09-03,2025-09-03,CM,BSE,STK,530741,INE812S01012,OVOBELE,X,,,,,OVOBEL FOODS LTD.,166.15,171.9,162.05,170.25,170.6,166.95,,170.25,,,14433,2437176.0,245,F1,1,,,,,
2025-09-03,2025-09-03,CM,BSE,STK,530745,INE366C01021,ACSTECH,XT,,,,,ACS TECHNOLOGIES LIMITED,28.16,28.16,28.16,28.16,28.16,27.61,,28.16,,,48071,1353679.0,31,F1,1,,,,,
2025-09-03,2025-09-03,CM,BSE,STK,530747,INE807A01010,CHALLANI,X,,,,,CHALLANI CAPITAL LIMITED,28.95,29.0,27.4,27.4,27.4,27.99,,27.4,,,3431,96093.0,17,F1,1,,,,,
2025-09-03,2025-09-03,CM,BSE,STK,530759,INE334A01023,STERTOOLS,B,,,,,STERLING TOOLS LTD.,320.75,334.55,319.6,329.4,334.4,320.75,,330.5,,,6993,2297521.0,223,F1,1,,,,,
2025-09-03,2025-09-03,CM,BSE,STK,530765,INE510B01018,AGARWAL,X,,,,,AGARWAL FORTUNE INDIA LIMITED,22.18,22.18,22.18,22.18,22.18,22.18,,22.18,,,15,332.0,1,F1,1,,,,,
2025-09-03,2025-09-03,CM,BSE,STK,530787,INE055O01033,INLANPR,XT,,,,,INLAND PRINTERS LTD.,121.4,121.4,121.4,121.4,121.4,123.85,,121.4,,,1280,155392.0,3,F1,1,,,,,
2025-09-03,2025-09-03,CM,BSE,STK,530789,INE358C01010,CEEJAY,X,,,,,CEEJAY FINANCE LTD.,199.9,201.0,199.9,199.9,199.9,199.9,,199.9,,,251,50176.0,8,F1,1,,,,,
2025-09-03,2025-09-03,CM,BSE,STK,530795,INE584D01019,SUNCITYSY,X,,,,,SUNCITY SYNTHETICS LTD.,15.64,15.64,15.0,15.64,15.64,15.64,,15.64,,,2660,41583.0,7,F1,1,,,,,
2025-09-03,2025-09-03,CM,BSE,STK,530797,INE400N01017,SHGANEL,X,,,,,SHREE GANESH ELASTOPLAST LTD.,18.77,18.77,17.84,18.77,18.77,18.77,,18.77,,,28291,504849.0,31,F1,1,,,,,
2025-09-03,2025-09-03,CM,BSE,STK,530799,INE336D01014,ANNAINFRA,XT,,,,,ANNA INFRASTRUCTURES LTD.,34.1,34.1,34.1,34.1,34.1,34.1,,34.1,,,1,34.0,1,F1,1,,,,,
2025-09-03,2025-09-03,CM,BSE,STK,530803,INE354C01027,BHAGERIA,B,,,,,Bhageria Industries Limited,197.4,204.3,193.2,198.7,199.8,195.05,,198.72,,,6835,1368647.0,269,F1,1,,,,,
2025-09-03,2025-09-03,CM,BSE,STK,530805,INE125F01032,OIVL,XT,,,,,ONESOURCE INDUSTRIES AND VENTU,6.04,6.04,6.04,6.04,6.04,5.93,,6.04,,,58698,354535.0,52,F1,1,,,,,
2025-09-03,2025-09-03,CM,BSE,STK,530809,INE355C01016,BNRUDY,XT,,,,,BNR UDYOG LTD.,57.34,57.34,57.34,57.34,57.34,57.34,,57.34,,,2,114.0,2,F1,1,,,,,
2025-09-03,2025-09-03,CM,BSE,STK,530813,INE001B01026,KRBL,A,,,,,KRBL LTD.,463.95,467.9,452.0,456.7,455.75,467.05,,456.9,,,43100,19808211.0,2065,F1,1,,,,,
2025-09-03,2025-09-03,CM,BSE,STK,530825,INE789B01018,DAIKAFFI,X,,,,,DAIKAFFIL CHEMICALS INDIA LTD.,161.5,166.9,159.05,164.6,166.9,154.4,,164.6,,,6387,1025894.0,57,F1,1,,,,,
2025-09-03,2025-09-03,CM,BSE,STK,530829,INE830A01012,CILSEC,X,,,,,CIL SECURITIES LTD.,48.47,48.47,44.0,45.55,45.55,44.0,,45.55,,,3495,156615.0,32,F1,1,,,,,
2025-09-03,2025-09-03,CM,BSE,STK,530843,INE509F01029,CUPID,B,,,,,CUPID LTD.,186.3,186.3,170.95,180.55,180.55,181.25,,180.52,,,700012,124371850.0,8060,F1,1,,,,,
2025-09-03,2025-09-03,CM,BSE,STK,530845,INE199E01014,SUNSHIEL,X,,,,,SUNSHIELD CHEMICALS LTD.,1098.0,1125.0,1030.0,1089.6,1095.0,1094.8,,1089.6,,,7817,8533259.0,399,F1,1,,,,,
2025-09-03,2025-09-03,CM,BSE,STK,530855,INE545E01018,GDLLEAS,XT,,,,,GDL LEASING & FINANCE LTD.,12.87,12.87,12.87,12.87,12.87,12.26,,12.87,,,16,205.0,1,F1,1,,,,,
2025-09-03,2025-09-03,CM,BSE,STK,530871,INE995D01025,CHEMBOND,B,,,,,Chembond Material Technologies,188.0,188.25,185.6,187.0,187.0,187.4,,186.69,,,113,21097.0,20,F1,1,,,,,
2025-09-03,2025-09-03,CM,BSE,STK,530879,INE345H01024,CIFL,B,,,,,CAPITAL INDIA FINANCE LIMITED,34.2,34.53,32.44,32.62,32.62,33.75,,32.82,,,128105,4338705.0,959,F1,1,,,,,
2025-09-03,2025-09-03,CM,BSE,STK,530881,INE485K01022,ABVL,X,,,,,Arunjyoti Bio Ventures Limited,6.97,7.32,6.97,7.15,7.13,6.97,,7.15,,,280322,2010107.0,175,F1,1,,,,,
2025-09-03,2025-09-03,CM,BSE,STK,530883,INE366G01022,SUCROSA,X,,,,,SUPER CROP SAFE LTD.,11.85,11.95,11.71,11.88,11.75,11.79,,11.88,,,14338,169310.0,64,F1,1,,,,,
2025-09-03,2025-09-03,CM,BSE,STK,530897,INE825C01018,NGIND,X,,,,,N.G.INDUSTRIES LTD.,149.7,151.0,149.7,150.6,150.6,149.0,,150.6,,,649,97637.0,17,F1,1,,,,,
2025-09-03,2025-09-03,CM,BSE,STK,530899,INE784M01016,ASIAPAK,X,,,,,ASIA PACK LTD.,59.78,62.92,59.78,62.92,62.92,62.92,,62.92,,,502,30015.0,9,F1,1,,,,,
2025-09-03,2025-09-03,CM,BSE,STK,530909,INE308B01017,ERPSOFT,X,,,,,ERP SOFT SYSTEMS LTD.,112.0,112.0,111.95,111.95,111.95,107.0,,111.95,,,2,223.0,2,F1,1,,,,,
2025-09-03,2025-09-03,CM,BSE,STK,530919,INE474C01023,REMSONSIND,B,,,,,REMSONS INDUSTRIES LTD.,125.3,125.3,120.05,122.9,121.9,122.1,,123.07,,,8055,992344.0,222,F1,1,,,,,
2025-09-03,2025-09-03,CM,BSE,STK,530925,INE609D01014,RAMSONS,XT,,,,,RAMSONS PROJECTS LTD.,136.15,136.15,136.15,136.15,136.15,129.7,,136.15,,,582,79239.0,12,F1,1,,,,,
2025-09-03,2025-09-03,CM,BSE,STK,530929,INE535P01015,RRPDEFENSE,XT,,,,,RRP DEFENSE LIMITED,412.55,412.55,412.55,412.55,412.55,404.5,,412.55,,,21,8663.0,3,F1,1,,,,,
2025-09-03,2025-09-03,CM,BSE,STK,530931,INE457D01018,STANPACK,X,,,,,STANPACKS (INDIA) LTD.,10.07,11.5,10.07,10.35,10.35,11.02,,10.35,,,272,2794.0,12,F1,1,,,,,
2025-09-03,2025-09-03,CM,BSE,STK,530943,INE416A01044,SABTNL,T,,,,,SRI ADHIKARI BROTHERS TELEVISI,1055.5,1108.0,1043.6,1078.55,1095.5,1091.75,,1071.1,,,2356,2532076.0,260,F1,1,,,,,
2025-09-03,2025-09-03,CM,BSE,STK,530951,INE357B01022,RAMINFO,XT,,,,,RAMINFO LIMITED,94.0,96.0,93.12,95.63,95.95,95.04,,95.63,,,5342,511338.0,49,F1,1,,,,,
2025-09-03,2025-09-03,CM,BSE,STK,530953,INE224D01012,SUNILAGR,X,,,,,SUNIL AGRO FOODS LTD.,103.0,103.0,95.0,95.0,95.0,94.54,,95.0,,,52,5039.0,8,F1,1,,,,,
2025-09-03,2025-09-03,CM,BSE,STK,530959,INE012E01035,DIANATEA,X,,,,,DIANA TEA CO.LTD.,31.0,31.9,30.63,31.2,31.9,30.83,,31.2,,,7043,219564.0,48,F1,1,,,,,
2025-09-03,2025-09-03,CM,BSE,STK,530961,INE806A01020,VIKASECO,B,,,,,Vikas EcoTech Limited,2.1,2.11,2.07,2.08,2.08,2.09,,2.08,,,684386,1424570.0,636,F1,1,,,,,
2025-09-03,2025-09-03,CM,BSE,STK,530965,INE242A01010,IOC,A,,,,,INDIAN OIL CORPORATION LTD.,139.4,141.4,139.4,140.5,140.5,139.6,,140.49,,,425751,59883974.0,2667,F1,1,,,,,
2025-09-03,2025-09-03,CM,BSE,STK,530973,INE042C01010,ALFAICA,XT,,,,,ALFA ICA (INDIA) LTD.,90.0,90.0,85.5,90.0,90.0,90.0,,90.0,,,381,33885.0,8,F1,1,,,,,
2025-09-03,2025-09-03,CM,BSE,STK,530977,INE260E01014,SKCIL,X,,,,,Shri Keshav Cements and Infra,142.55,153.65,141.05,150.15,150.15,143.25,,150.15,,,23658,3414233.0,93,F1,1,,,,,
2025-09-03,2025-09-03,CM,BSE,STK,530979,INE274E01015,INDIAHOME,X,,,,,INDIA HOME LOAN LTD.,35.56,36.1,34.85,36.08,36.09,35.71,,36.08,,,1516,54242.0,49,F1,1,,,,,
2025-09-03,2025-09-03,CM,BSE,STK,530991,INE443C01010,ROOPAIND,X,,,,,ROOPA INDUSTRIES LTD.,53.01,54.44,53.01,54.0,54.0,52.93,,54.0,,,167,9000.0,6,F1,1,,,,,
2025-09-03,2025-09-03,CM,BSE,STK,530997,INE333E01019,UNIQUEO,X,,,,,UNIQUE ORGANICS LTD.,116.35,118.8,115.0,116.9,117.15,116.3,,116.9,,,3495,406176.0,63,F1,1,,,,,
2025-09-03,2025-09-03,CM,BSE,STK,530999,INE050E01027,BALAMINES,A,,,,,BALAJI AMINES LTD.,1500.05,1550.0,1492.75,1527.1,1520.65,1490.25,,1526.0,,,5009,7619663.0,545,F1,1,,,,,
2025-09-03,2025-09-03,CM,BSE,STK,531003,INE595G01018,SWRNASE,X,,,,,SWARNA SECURITIES LTD.,70.0,70.0,70.0,70.0,70.0,68.31,,70.0,,,1,70.0,1,F1,1,,,,,
2025-09-03,2025-09-03,CM,BSE,STK,531015,INE154G01022,VENMAX,XT,,,,,VENMAX DRUGS AND PHARMACEUTICA,27.36,27.36,27.36,27.36,27.36,28.79,,27.36,,,10,273.0,1,F1,1,,,,,
2025-09-03,2025-09-03,CM,BSE,STK,531017,INE190D01015,ARISE,X,,,,,ARIHANTS SECURITIES LTD.,25.99,25.99,23.24,24.17,24.69,23.94,,24.17,,,1261,30869.0,21,F1,1,,,,,
2025-09-03,2025-09-03,CM,BSE,STK,531025,INE309H01038,VISAGAR,X,,,,,VISAGAR FINANCIAL SERVICES LTD,0.48,0.48,0.46,0.48,0.48,0.48,,0.48,,,1302121,613284.0,728,F1,1,,,,,
2025-09-03,2025-09-03,CM,BSE,STK,531027,INE267E01019,LIBORD,X,,,,,LIBORD SECURITIES LTD.,24.0,24.0,23.0,23.06,23.49,24.0,,23.06,,,638,14678.0,11,F1,1,,,,,
2025-09-03,2025-09-03,CM,BSE,STK,531035,INE432F01032,EBIX,T,,,,,ERAAYA LIFESPACES LIMITED,48.45,48.45,44.72,45.97,45.97,47.07,,45.97,,,109751,5009282.0,503,F1,1,,,,,
2025-09-03,2025-09-03,CM,BSE,STK,531041,INE823B01015,COMPEAU,X,,,,,COMPETENT AUTOMOBILES CO.LTD.,410.0,419.75,400.3,403.75,404.0,412.05,,403.75,,,476,194595.0,37,F1,1,,,,,
2025-09-03,2025-09-03,CM,BSE,STK,531043,INE239F01015,ZDHJERK,X,,,,,DHANVANTRI JEEVAN REKHA LTD.,21.5,21.7,21.5,21.7,21.7,21.5,,21.7,,,1121,24105.0,5,F1,1,,,,,
2025-09-03,2025-09-03,CM,BSE,STK,531049,INE741D01015,NEELKAN,Z,,,,,NEELKANTH ROCKMINERALS LTD.,15.93,15.93,14.76,14.76,14.76,15.18,,14.76,,,77,1225.0,5,F1,1,,,,,
2025-09-03,2025-09-03,CM,BSE,STK,531051,INE153C01015,VINTAGES,XT,,,,,VINTAGE SECURITIES LTD.,17.46,17.46,17.35,17.35,17.35,17.12,,17.35,,,58,1011.0,3,F1,1,,,,,
2025-09-03,2025-09-03,CM,BSE,STK,531065,INE906K01027,OSWALOR,XT,,,,,OSWAL OVERSEAS LTD.,52.95,52.95,52.95,52.95,52.95,50.43,,52.95,,,10,529.0,1,F1,1,,,,,
2025-09-03,2025-09-03,CM,BSE,STK,531067,INE080G01029,CONTILI,X,,,,,CONTIL INDIA LTD.,25.87,27.35,25.63,26.33,26.35,26.38,,26.33,,,2012,52794.0,51,F1,1,,,,,
2025-09-03,2025-09-03,CM,BSE,STK,531069,INE362D01010,VIJSOLX,X,,,,,VIJAY SOLVEX LTD.,801.1,822.5,801.1,811.1,811.05,824.7,,811.1,,,103,83421.0,14,F1,1,,,,,
2025-09-03,2025-09-03,CM,BSE,STK,531080,INE997I01012,SHRIKRISH,X,,,,,SHRI KRISHNA DEVCON LTD.,38.85,40.0,38.85,40.0,40.0,39.57,,40.0,,,3,118.0,2,F1,1,,,,,
2025-09-03,2025-09-03,CM,BSE,STK,531082,INE914E01040,ALANKIT,B,,,,,ALANKIT,13.75,14.36,13.75,13.96,13.96,14.06,,13.98,,,16245,229238.0,144,F1,1,,,,,
2025-09-03,2025-09-03,CM,BSE,STK,531083,INE876E01033,NIHARINF,X,,,,,NIHAR INFO GLOBAL LTD.,5.34,5.34,5.34,5.34,5.34,5.09,,5.34,,,20982,112043.0,13,F1,1,,,,,
2025-09-03,2025-09-03,CM,BSE,STK,531091,INE858C01027,UNITDCR,X,,,,,UNITED CREDIT LTD.,28.67,28.67,27.85,28.5,28.5,28.39,,28.5,,,29,819.0,4,F1,1,,,,,
2025-09-03,2025-09-03,CM,BSE,STK,531092,INE239D01028,OMINFRAL,B,,,,,OM INFRA LIMITED,107.05,111.35,107.05,110.6,110.95,109.05,,109.93,,,14050,1547515.0,264,F1,1,,,,,
2025-09-03,2025-09-03,CM,BSE,STK,531099,INE396H01019,CHECKPOINT,XT,,,,,Checkpoint Trends Limited,34.36,34.36,34.36,34.36,34.36,32.73,,34.36,,,3168,108852.0,14,F1,1,,,,,
2025-09-03,2025-09-03,CM,BSE,STK,531109,INE561M01018,ISHANCH,T,,,,,Ishan Dyes and Chemicals Limit,61.05,62.0,61.05,61.99,61.99,61.0,,61.8,,,1701,105076.0,9,F1,1,,,,,
2025-09-03,2025-09-03,CM,BSE,STK,531111,INE538G01018,GOTHIPL,P,,,,,GOTHI PLASCON (INDIA) LTD.,44.69,44.69,44.69,44.69,44.69,42.57,,44.69,,,800,35752.0,5,F1,100,,,,,
2025-09-03,2025-09-03,CM,BSE,STK,531112,INE011E01029,BALUFORGE,T,,,,,BALU FORGE INDUSTRIES LIMITED,659.8,676.0,646.3,665.35,672.9,660.55,,671.8,,,15528,10277159.0,414,F1,1,,,,,
2025-09-03,2025-09-03,CM,BSE,STK,531119,INE418D01010,CEENIK,X,,,,,CEENIK EXPORTS (INDIA) LTD.,365.9,366.0,344.0,356.95,357.0,362.1,,356.95,,,1469,511041.0,79,F1,1,,,,,
2025-09-03,2025-09-03,CM,BSE,STK,531120,INE244B01030,PATELENG,A,,,,,PATEL ENGINEERING LTD.,38.2,38.51,37.81,38.27,38.27,38.08,,38.32,,,127340,4856908.0,742,F1,1,,,,,
2025-09-03,2025-09-03,CM,BSE,STK,531126,INE237C01016,KATIPATANG,X,,,,,KATI PATANG LIFESTYLE LIMITED,19.99,20.5,19.0,19.47,19.39,19.15,,19.47,,,20434,409709.0,64,F1,1,,,,,
2025-09-03,2025-09-03,CM,BSE,STK,531129,INE635D01027,INANI,X,,,,,INANI MARBLES & INDUSTRIES LTD,19.78,19.78,19.1,19.1,19.1,19.79,,19.1,,,218,4218.0,8,F1,1,,,,,
2025-09-03,2025-09-03,CM,BSE,STK,531137,INE503D01027,GEMSI,X,,,,,GEMSTONE INVESTMENTS LTD.,2.0,2.03,1.97,1.99,2.0,2.04,,1.99,,,56412,112202.0,194,F1,1,,,,,
2025-09-03,2025-09-03,CM,BSE,STK,531144,INE158F01017,ELFORGE,X,,,,,EL FORGE LTD.,18.83,18.83,18.26,18.4,18.36,18.83,,18.4,,,22938,423061.0,114,F1,1,,,,,
2025-09-03,2025-09-03,CM,BSE,STK,531146,INE646B01010,MEDICAMEQ,B,,,,,MEDICAMEN BIOTECH LTD.,341.2,362.6,341.2,351.45,350.0,350.9,,350.75,,,1824,646664.0,167,F1,1,,,,,
2025-09-03,2025-09-03,CM,BSE,STK,531147,INE062D01024,ALICON,B,,,,,ALICON CASTALLOY LIMITED,857.5,857.75,841.0,843.95,843.2,845.2,,844.75,,,201,169772.0,42,F1,1,,,,,
2025-09-03,2025-09-03,CM,BSE,STK,531153,INE650C01036,DILIGENT,X,,,,,DILIGENT INDUSTRIES LTD.,3.18,3.18,2.86,2.92,2.9,3.08,,2.92,,,401787,1187966.0,814,F1,1,,,,,
2025-09-03,2025-09-03,CM,BSE,STK,531156,INE883B01027,ALFAVIO,X,,,,,ALFAVISION OVERSEAS (INDIA) LT,7.53,7.68,7.39,7.47,7.58,7.53,,7.47,,,1975,14818.0,52,F1,1,,,,,
2025-09-03,2025-09-03,CM,BSE,STK,531157,INE412E01011,ORGCOAT,X,,,,,ORGANIC COATINGS LTD.,15.0,15.0,13.7,13.76,13.7,14.42,,13.76,,,1551,21516.0,25,F1,1,,,,,
2025-09-03,2025-09-03,CM,BSE,STK,531158,INE660B01011,CATVISION,X,,,,,CATVISION  LIMITED,21.74,22.25,20.36,20.99,21.98,21.0,,20.99,,,8375,179199.0,27,F1,1,,,,,
2025-09-03,2025-09-03,CM,BSE,STK,531161,INE850B01026,ABMKNO,X,,,,,ABM KNOWLEDGEWARE LTD.,171.0,171.7,167.25,170.0,167.5,170.5,,170.0,,,1633,277760.0,34,F1,1,,,,,
2025-09-03,2025-09-03,CM,BSE,STK,531162,INE548C01032,EMAMILTD,A,,,,,EMAMI LTD.,597.95,605.25,589.25,590.65,590.65,596.25,,590.9,,,14186,8409905.0,889,F1,1,,,,,
2025-09-03,2025-09-03,CM,BSE,STK,531163,INE971L01029,KEMISTAR,X,,,,,KEMISTAR CORPORATION LIMITED,84.0,92.0,84.0,87.9,87.9,84.28,,87.9,,,15608,1389705.0,118,F1,1,,,,,
2025-09-03,2025-09-03,CM,BSE,STK,531168,INE771E01010,ASSOCER,X,,,,,ASSOCIATED CERAMICS LTD.,232.0,232.0,220.1,230.0,230.0,230.0,,230.0,,,39,8724.0,5,F1,1,,,,,
2025-09-03,2025-09-03,CM,BSE,STK,531169,INE709B01016,SKPSEC,X,,,,,SKP SECURITIES LTD.,121.0,122.6,118.0,119.75,118.5,121.5,,119.75,,,916,109051.0,53,F1,1,,,,,
2025-09-03,2025-09-03,CM,BSE,STK,531173,INE121D01036,SYSCHEM,X,,,,,SYSCHEM (INDIA) LTD.,57.45,61.49,57.0,58.34,58.34,57.29,,58.34,,,141847,8466564.0,572,F1,1,,,,,
2025-09-03,2025-09-03,CM,BSE,STK,531176,INE186C01023,MEFCOMCAP,X,,,,,MEFCOM CAPITAL MARKETS LTD.,15.67,15.82,15.25,15.73,15.35,15.32,,15.73,,,14085,220296.0,78,F1,1,,,,,
2025-09-03,2025-09-03,CM,BSE,STK,531178,INE930A01010,HEMANG,X,,,,,HEMANG RESOURCES LIMITED,22.48,22.48,21.45,22.0,22.0,22.95,,22.0,,,2527,54972.0,30,F1,1,,,,,
2025-09-03,2025-09-03,CM,BSE,STK,531179,INE109C01017,ARMANFIN,B,,,,,ARMAN FINANCIAL SERVICES LTD.,1415.05,1460.55,1413.65,1436.95,1441.0,1410.5,,1437.6,,,3424,4946512.0,474,F1,1,,,,,
2025-09-03,2025-09-03,CM,BSE,STK,531190,INE355H01015,TAVERNIER,X,,,,,TAVERNIER RESOURCES LIMI,55.8,55.8,54.38,55.29,55.29,57.24,,55.29,,,3887,213633.0,34,F1,1,,,,,
2025-09-03,2025-09-03,CM,BSE,STK,531191,INE589N01017,FILTRON,XT,,,,,FILTRON ENGINEERS LTD.,17.07,17.07,17.07,17.07,17.07,16.26,,17.07,,,50,853.0,1,F1,1,,,,,
2025-09-03,2025-09-03,CM,BSE,STK,531199,INE580D01017,GLANCE,X,,,,,GLANCE FINANCE LTD.,178.7,187.9,178.7,187.9,187.9,178.7,,187.9,,,25,4605.0,4,F1,1,,,,,
2025-09-03,2025-09-03,CM,BSE,STK,531201,INE024F01011,SHILCTECH,B,,,,,SHILCHAR TECHNOLOGIES LTD.,4670.0,4874.0,4650.0,4800.95,4800.95,4635.85,,4800.95,,,20083,96340564.0,3291,F1,1,,,,,
2025-09-03,2025-09-03,CM,BSE,STK,531205,INE179O01031,SPRIGHT,X,,,,,SPRIGHT AGRO LIMITED,1.47,1.49,1.45,1.49,1.49,1.42,,1.49,,,13937521,20726846.0,4319,F1,1,,,,,
2025-09-03,2025-09-03,CM,BSE,STK,531209,INE096B01018,NUCLEUS,B,,,,,NUCLEUS SOFTWARE EXPORTS LTD.,1028.4,1043.75,1024.6,1028.05,1024.6,1027.75,,1028.0,,,533,549642.0,125,F1,1,,,,,
2025-09-03,2025-09-03,CM,BSE,STK,531210,INE923C01011,COLINZ,XT,,,,,COLINZ LABORATORIES LTD.,44.99,44.99,41.22,41.24,41.22,43.38,,41.24,,,823,35047.0,22,F1,1,,,,,
2025-09-03,2025-09-03,CM,BSE,STK,531212,INE606C01012,NLFL,X,,,,,NALIN LEASE FINANCE LTD.,51.74,52.49,50.25,52.08,52.49,51.33,,52.08,,,1164,59622.0,31,F1,1,,,,,
2025-09-03,2025-09-03,CM,BSE,STK,531213,INE522D01027,MANAPPURAM,A,,,,,Manappuram Finance Ltd,281.1,292.55,281.1,287.95,287.95,281.15,,288.0,,,570655,164647951.0,7066,F1,1,,,,,
2025-09-03,2025-09-03,CM,BSE,STK,531215,INE005C01017,RTSPOWR,X,,,,,RTS POWER CORPORATION LTD.,157.5,157.5,150.65,152.45,152.95,151.6,,152.45,,,2198,334509.0,60,F1,1,,,,,
2025-09-03,2025-09-03,CM,BSE,STK,531216,INE819A01049,COMFINTE,X,,,,,COMFORT INTECH LTD.,8.66,8.76,7.76,8.54,8.57,8.65,,8.54,,,273012,2316084.0,885,F1,1,,,,,
2025-09-03,2025-09-03,CM,BSE,STK,531221,INE262W01012,MAYURFL,XT,,,,,MAYUR FLOORINGS LTD.,13.51,13.78,13.51,13.51,13.51,13.51,,13.51,,,402,5539.0,4,F1,1,,,,,
2025-09-03,2025-09-03,CM,BSE,STK,531223,INE364D01032,ANJANI,X,,,,,ANJANI SYNTHETICS LTD.,31.93,32.25,29.89,31.77,31.9,30.53,,31.77,,,39463,1199161.0,111,F1,1,,,,,
2025-09-03,2025-09-03,CM,BSE,STK,531225,INE547B01028,XTGLOBAL,B,,,,,XTGLOBAL INFOTECH LIMITED,31.8,33.77,31.8,32.41,32.18,33.05,,32.37,,,18127,588908.0,374,F1,1,,,,,
2025-09-03,2025-09-03,CM,BSE,STK,531227,INE907E01010,DECOMIC,X,,,,,DECO-MICA LTD.,80.95,86.7,77.63,77.99,78.0,82.4,,77.99,,,1849,152076.0,25,F1,1,,,,,
2025-09-03,2025-09-03,CM,BSE,STK,531228,INE821D01031,RANDER,X,,,,,RANDER CORPORATION LTD.,12.01,12.01,12.0,12.0,12.0,11.78,,12.0,,,3552,42659.0,8,F1,1,,,,,
2025-09-03,2025-09-03,CM,BSE,STK,531233,INE822D01021,RASIELEC,X,,,,,RASI ELECTRODES LTD.,19.24,19.24,18.66,18.81,19.0,18.86,,18.81,,,10897,206866.0,60,F1,1,,,,,
2025-09-03,2025-09-03,CM,BSE,STK,531234,INE962E01015,SCOOBEEDAY,X,,,,,SCOOBEE DAY GARMENTS (INDIA) L,94.41,94.41,90.3,91.38,91.38,92.11,,91.38,,,3449,314892.0,49,F1,1,,,,,
2025-09-03,2025-09-03,CM,BSE,STK,531237,INE972E01014,DHRUVCA,XT,,,,,DHRUVA CAPITAL SERVICES LTD.,150.0,150.0,150.0,150.0,150.0,150.0,,150.0,,,14,2100.0,4,F1,1,,,,,
2025-09-03,2025-09-03,CM,BSE,STK,531241,INE802B01027,LINC,T,,,,,LINC LIMITED,129.5,129.8,125.5,128.75,125.8,125.0,,128.56,,,4049,514539.0,42,F1,1,,,,,
2025-09-03,2025-09-03,CM,BSE,STK,531246,INE723N01012,PRIMAIN,X,,,,,PRIMA INDUSTRIES LTD.,18.15,18.15,18.15,18.15,18.15,18.15,,18.15,,,51,925.0,6,F1,1,,,,,
2025-09-03,2025-09-03,CM,BSE,STK,531253,INE342D01012,INDGELA,X,,,,,INDIA GELATINE & CHEMICALS LTD,347.25,353.85,347.25,353.05,353.85,347.25,,353.05,,,750,263422.0,22,F1,1,,,,,
2025-09-03,2025-09-03,CM,BSE,STK,531254,INE031G01022,OPTIFIN,X,,,,,Optimus Finance Limited,27.09,29.0,26.57,27.04,27.04,26.54,,27.04,,,3052289,81976667.0,5101,F1,1,,,,,
2025-09-03,2025-09-03,CM,BSE,STK,531255,INE015E01012,PARAGONF,XT,,,,,PARAGON FINANCE LTD.,54.56,54.83,54.56,54.83,54.83,54.83,,54.83,,,50,2739.0,2,F1,1,,,,,
2025-09-03,2025-09-03,CM,BSE,STK,531257,INE530D01012,PRATIKSH,X,,,,,PRATIKSHA CHEMICALS LTD.,19.99,20.38,19.51,20.0,20.0,19.51,,20.0,,,22625,447166.0,23,F1,1,,,,,
2025-09-03,2025-09-03,CM,BSE,STK,531259,INE328F01016,ESHAMEDIA,XT,,,,,ESHA MEDIA RESEARCH LIMITED,33.46,33.46,33.46,33.46,33.46,32.81,,33.46,,,443,14822.0,8,F1,1,,,,,
2025-09-03,2025-09-03,CM,BSE,STK,531260,INE332F01018,REFEXRENEW,XT,,,,,Refex Renewables & Infrastruct,630.0,641.7,602.9,626.1,637.0,611.2,,626.1,,,1721,1061204.0,69,F1,1,,,,,
2025-09-03,2025-09-03,CM,BSE,STK,531262,INE060N01019,EQUILATERA,X,,,,,EQUILATERAL ENTERPRISES LIMITE,21.0,22.99,21.0,22.99,22.99,22.05,,22.99,,,405,8719.0,3,F1,1,,,,,
2025-09-03,2025-09-03,CM,BSE,STK,531266,INE764D01017,VSTTILLERS,B,,,,,V.S.T.TILLERS TRACTORS LTD.,5321.85,5321.85,5067.05,5108.1,5106.0,5206.05,,5114.5,,,2705,13887821.0,840,F1,1,,,,,
2025-09-03,2025-09-03,CM,BSE,STK,531268,INE151B01011,B2BSOFT,X,,,,,B2B SOFTWARE TECHNOLOGIES LTD.,32.02,33.84,32.02,32.72,33.25,33.01,,32.72,,,6231,205798.0,83,F1,1,,,,,
2025-09-03,2025-09-03,CM,BSE,STK,531273,INE986B01044,RADHEDE,X,,,,,RADHE DEVELOPERS (INDIA) LTD.,2.49,2.49,2.27,2.4,2.4,2.43,,2.4,,,250200,598134.0,251,F1,1,,,,,
2025-09-03,2025-09-03,CM,BSE,STK,531278,INE785D01012,ELIXIR,X,,,,,Elixir Capital Limited,112.0,114.5,111.2,112.35,112.25,111.9,,112.35,,,695,77675.0,30,F1,1,,,,,
2025-09-03,2025-09-03,CM,BSE,STK,531279,INE238C01022,TRISHAKT,X,,,,,Trishakti Industries Limited,160.85,166.0,157.0,161.05,161.0,160.05,,161.05,,,6138,987513.0,80,F1,1,,,,,
2025-09-03,2025-09-03,CM,BSE,STK,531280,INE698B01011,PANKAJPO,X,,,,,PANKAJ POLYMERS LTD.,17.0,17.0,17.0,17.0,17.0,17.0,,17.0,,,1,17.0,1,F1,1,,,,,
2025-09-03,2025-09-03,CM,BSE,STK,531281,INE807H01023,MARBLE,X,,,,,MARBLE CITY INDIA LIMITED,151.0,156.25,148.0,150.35,151.0,151.95,,150.35,,,4873,734525.0,58,F1,1,,,,,
2025-09-03,2025-09-03,CM,BSE,STK,531287,INE896D01017,NATPLASTI,X,,,,,NATIONAL PLASTIC TECHNOLOGIES,220.25,229.4,217.5,227.5,223.75,224.1,,227.5,,,3132,700986.0,72,F1,1,,,,,
2025-09-03,2025-09-03,CM,BSE,STK,531289,INE643C01015,NATFIT,XT,,,,,NATIONAL FITTINGS LIMITED,173.0,173.0,170.0,170.5,173.0,173.0,,170.5,,,4287,729356.0,26,F1,1,,,,,
2025-09-03,2025-09-03,CM,BSE,STK,531297,INE885B01014,ARTEFACT,X,,,,,ARTEFACT PROJECTS LTD.,68.24,69.0,66.5,68.5,68.5,66.9,,68.5,,,10025,681945.0,85,F1,1,,,,,
2025-09-03,2025-09-03,CM,BSE,STK,531300,INE053D01015,AMITINT,Z,,,,,AMIT INTERNATIONAL LTD.,4.73,4.73,4.29,4.29,4.29,4.51,,4.29,,,6925,30210.0,23,F1,1,,,,,
2025-09-03,2025-09-03,CM,BSE,STK,531301,INE319M01011,HIGHSTREE,XT,,,,,HIGH STREET FILATEX LTD.,189.0,198.45,189.0,198.0,198.0,189.0,,198.0,,,1037,202312.0,29,F1,1,,,,,
2025-09-03,2025-09-03,CM,BSE,STK,531306,INE590D01016,DHPIND,X,,,,,DHP INDIA LTD.,649.95,668.95,642.2,651.25,644.3,648.25,,651.25,,,331,215471.0,35,F1,1,,,,,
2025-09-03,2025-09-03,CM,BSE,STK,531307,INE951M01037,RRIL,X,,,,,RRIL LIMITED,18.4,18.44,17.8,18.13,18.13,18.01,,18.13,,,11861,214873.0,76,F1,1,,,,,
2025-09-03,2025-09-03,CM,BSE,STK,531310,INE325G01010,AVAILFC,X,,,,,AVAILABLE FINANCE LTD.,167.0,175.0,165.35,173.55,174.9,165.35,,173.55,,,14653,2496418.0,228,F1,1,,,,,
2025-09-03,2025-09-03,CM,BSE,STK,531319,INE368C01019,MARUTISE,XT,,,,,MARUTI SECURITIES LTD.,88.02,88.02,79.64,79.64,79.64,83.83,,79.64,,,18946,1589455.0,330,F1,1,,,,,
2025-09-03,2025-09-03,CM,BSE,STK,531322,INE293B01029,HAVISHA,T,,,,,SRI HAVISHA HOSPITALITY INFRAS,2.04,2.08,1.95,2.01,2.01,2.02,,2.04,,,16166,32275.0,40,F1,1,,,,,
2025-09-03,2025-09-03,CM,BSE,STK,531323,INE250D01017,JAYIND,XT,,,,,JAYATMA INDUSTRIES LIMITED,13.31,13.31,13.31,13.31,13.31,13.16,,13.31,,,100,1331.0,1,F1,1,,,,,
2025-09-03,2025-09-03,CM,BSE,STK,531324,INE475C01012,ROSELABS,X,,,,,ROSELABS FINANCE LTD.,29.0,29.5,29.0,29.5,29.5,29.7,,29.5,,,48,1401.0,3,F1,1,,,,,
2025-09-03,2025-09-03,CM,BSE,STK,531327,INE442C01012,CHARMS,XT,,,,,CHARMS INDUSTRIES LTD.,5.31,5.31,5.3,5.3,5.3,5.31,,5.3,,,184,975.0,3,F1,1,,,,,
2025-09-03,2025-09-03,CM,BSE,STK,531328,INE128R01023,KRETTOSYS,XT,,,,,KRETTO SYSCON LIMITED,1.67,1.67,1.55,1.58,1.58,1.62,,1.58,,,2831990,4474356.0,1370,F1,1,,,,,
2025-09-03,2025-09-03,CM,BSE,STK,531335,INE768C01010,ZYDUSWELL,A,,,,,ZYDUS WELLNESS LTD.,2240.25,2350.0,2215.0,2330.0,2319.05,2253.85,,2328.6,,,32078,73689988.0,3823,F1,1,,,,,
2025-09-03,2025-09-03,CM,BSE,STK,531337,INE974C01022,WINPRO,Z,,,,,WinPro Industries Limited,3.94,3.94,3.67,3.67,3.71,3.86,,3.67,,,224819,834179.0,196,F1,1,,,,,
2025-09-03,2025-09-03,CM,BSE,STK,531338,INE151H01018,MILESTONE,X,,,,,MILESTONE GLOBAL LTD.,24.7,24.7,24.7,24.7,24.7,26.0,,24.7,,,14,345.0,2,F1,1,,,,,
2025-09-03,2025-09-03,CM,BSE,STK,531340,INE348I01018,BERVINL,XT,,,,,BERVIN INVESTMENT & LEASING LT,59.0,59.0,57.5,57.5,57.5,56.39,,57.5,,,37,2129.0,3,F1,1,,,,,
2025-09-03,2025-09-03,CM,BSE,STK,531341,INE373D01017,GUJINV,X,,,,,GUJARAT INVESTA LTD.,13.51,13.51,13.51,13.51,13.51,13.51,,13.51,,,1,13.0,1,F1,1,,,,,
2025-09-03,2025-09-03,CM,BSE,STK,531344,INE111A01025,CONCOR,A,,,,,CONTAINER CORPORATION OF INDIA,548.85,549.8,544.55,548.7,548.7,544.6,,548.8,,,22654,12422743.0,819,F1,1,,,,,
2025-09-03,2025-09-03,CM,BSE,STK,531346,INE500D01015,EASTRED,X,,,,,EASTERN TREADS LTD.,31.5,32.6,30.0,31.34,31.34,31.5,,31.34,,,1035,31636.0,30,F1,1,,,,,
2025-09-03,2025-09-03,CM,BSE,STK,531349,INE922B01023,PANACEABIO,B,,,,,PANACEA BIOTEC LTD.,407.15,432.45,407.15,424.0,424.0,406.7,,423.85,,,26670,11357688.0,1624,F1,1,,,,,
2025-09-03,2025-09-03,CM,BSE,STK,531352,INE328D01011,PEETISEC,X,,,,,PEETI SECURITIES LTD.,21.25,21.25,20.2,20.23,20.2,21.25,,20.23,,,2202,44816.0,11,F1,1,,,,,
2025-09-03,2025-09-03,CM,BSE,STK,531357,INE763M01028,MERCURYEV,B,,,,,MERCURY EV-TECH LIMITED,52.73,52.73,50.9,51.79,51.79,51.47,,51.79,,,483440,25046502.0,1874,F1,1,,,,,
2025-09-03,2025-09-03,CM,BSE,STK,531358,INE102B01014,CHOICEIN,A,,,,,CHOICE INTERNATIONAL LTD.,788.95,795.0,781.0,783.75,785.35,785.95,,783.6,,,23258,18370086.0,553,F1,1,,,,,
2025-09-03,2025-09-03,CM,BSE,STK,531359,INE777G01012,SRAMSET,XT,,,,,SHRIRAM ASSET MANAGEMENT CO.LT,494.0,494.0,477.05,485.1,486.9,483.15,,485.1,,,1729,839267.0,60,F1,1,,,,,
2025-09-03,2025-09-03,CM,BSE,STK,531360,INE427D01011,GOLECHA,X,,,,,GOLECHHA GLOBAL FINANCE LTD.,24.5,24.5,24.5,24.5,24.5,24.5,,24.5,,,186,4557.0,1,F1,1,,,,,
2025-09-03,2025-09-03,CM,BSE,STK,531364,INE005E01013,EKANSH,XT,,,,,Ekansh Concepts Limited,272.0,272.0,266.1,267.55,267.55,271.5,,267.55,,,6635,1770834.0,23,F1,1,,,,,
2025-09-03,2025-09-03,CM,BSE,STK,531370,INE960B01015,SPAR,XT,,,,,SPARC ELECTREX LIMITED,6.26,6.4,6.26,6.4,6.4,6.38,,6.4,,,6068,38027.0,22,F1,1,,,,,
2025-09-03,2025-09-03,CM,BSE,STK,531373,INE319B01014,BYKE,T,,,,,THE BYKE HOSPITALITY LTD.,70.0,71.44,70.0,71.44,71.44,70.0,,70.33,,,304,21509.0,5,F1,1,,,,,
2025-09-03,2025-09-03,CM,BSE,STK,531380,INE405H01018,CSURGSU,X,,,,,CENTENIAL SURGICAL SUTURE LTD.,105.3,109.8,105.0,109.8,109.8,110.55,,109.8,,,125,13156.0,5,F1,1,,,,,
2025-09-03,2025-09-03,CM,BSE,STK,531381,INE413D01011,ARIHANT,XT,,,,,ARIHANT FOUNDATIONS & HOUSING,1180.0,1180.0,1121.0,1159.0,1159.0,1180.0,,1159.0,,,2988,3424096.0,122,F1,1,,,,,
2025-09-03,2025-09-03,CM,BSE,STK,531387,INE671D01014,HASTIFIN,X,,,,,HASTI FINANCE LTD.,7.75,7.75,7.75,7.75,7.75,7.71,,7.75,,,57,441.0,1,F1,1,,,,,
2025-09-03,2025-09-03,CM,BSE,STK,531390,INE890B01014,UPSURGE,XT,,,,,UPSURGE INVESTMENT & FINANCE L,106.0,106.0,102.0,102.75,104.95,105.0,,102.75,,,3055,318946.0,33,F1,1,,,,,
2025-09-03,2025-09-03,CM,BSE,STK,531395,INE448D01025,PADAMCO,XT,,,,,PADAM COTTON YARNS LTD.,8.7,8.7,8.7,8.7,8.7,8.87,,8.7,,,21834,189955.0,138,F1,1,,,,,
2025-09-03,2025-09-03,CM,BSE,STK,531396,INE905B01010,WOMENNET,XT,,,,,WOMEN NETWORKS LTD.,15.37,15.37,15.37,15.37,15.37,15.68,,15.37,,,118,1813.0,6,F1,1,,,,,
2025-09-03,2025-09-03,CM,BSE,STK,531397,INE262C01014,POLYCON,XT,,,,,POLYCON INTERNATIONAL LTD.,25.0,25.0,22.64,22.64,22.64,23.83,,22.64,,,6,142.0,3,F1,1,,,,,
2025-09-03,2025-09-03,CM,BSE,STK,531398,INE679C01027,SOURCENTRL,X,,,,,SOURCE NATURAL FOODS & HERBAL,157.0,157.0,143.35,149.4,150.0,142.75,,149.4,,,2431,361060.0,75,F1,1,,,,,
2025-09-03,2025-09-03,CM,BSE,STK,531399,INE493B01017,GGAUTO,XT,,,,,G.G.AUTOMOTIVE GEARS LTD.,278.5,282.0,273.5,275.4,275.15,273.4,,275.4,,,3917,1088818.0,133,F1,1,,,,,
2025-09-03,2025-09-03,CM,BSE,STK,531400,INE326B01035,ALMONDZ,B,,,,,ALMONDZ GLOBAL SECURITIES LTD.,19.54,19.89,19.5,19.6,19.5,19.6,,19.57,,,16364,320890.0,98,F1,1,,,,,
2025-09-03,2025-09-03,CM,BSE,STK,531402,INE281M01013,LWSKNIT,X,,,,,LWS KNITWEAR LTD.,18.15,18.77,17.89,18.53,18.65,17.89,,18.53,,,3024,54725.0,26,F1,1,,,,,
2025-09-03,2025-09-03,CM,BSE,STK,531411,INE560D01027,TUNITEX,X,,,,,TUNI TEXTILE MILLS LTD.,1.4,1.4,1.36,1.39,1.38,1.4,,1.39,,,114341,157820.0,200,F1,1,,,,,
2025-09-03,2025-09-03,CM,BSE,STK,531412,INE576N01014,RADIXIND,XT,,,,,RADIX INDUSTRIES (INDIA) LIMIT,174.05,174.05,171.1,172.55,171.15,171.1,,172.55,,,41,7074.0,6,F1,1,,,,,
2025-09-03,2025-09-03,CM,BSE,STK,531413,INE516D01011,KIRANPR,XT,,,,,KIRAN PRINT-PACK LTD.,24.1,24.1,24.1,24.1,24.1,23.7,,24.1,,,97,2337.0,2,F1,1,,,,,
2025-09-03,2025-09-03,CM,BSE,STK,531416,INE603F01012,NARPROP,X,,,,,NARENDRA PROPERTIES LTD.,42.51,42.51,40.61,40.63,40.75,41.68,,40.63,,,564,23524.0,20,F1,1,,,,,
2025-09-03,2025-09-03,CM,BSE,STK,531417,INE804B01023,MEGACOR,XT,,,,,MEGA CORPORATION LTD.,2.62,2.64,2.62,2.63,2.63,2.67,,2.63,,,35006,91847.0,43,F1,1,,,,,
2025-09-03,2025-09-03,CM,BSE,STK,531426,INE107A01015,TNPL,B,,,,,TAMIL NADU NEWSPRINT & PAPERS,161.2,165.95,161.15,163.45,162.55,162.7,,163.17,,,22309,3656109.0,363,F1,1,,,,,
2025-09-03,2025-09-03,CM,BSE,STK,531431,INE908D01010,SHAKTIPUMP,A,,,,,SHAKTI PUMPS (INDIA) LTD.,811.05,835.0,811.05,821.2,821.2,813.3,,821.6,,,75573,62368545.0,4729,F1,1,,,,,
2025-09-03,2025-09-03,CM,BSE,STK,531432,INE07P301011,SYTIXSE,XT,,,,,SYSTEMATIX SECURITIES LTD.,11.97,11.97,11.97,11.97,11.97,12.21,,11.97,,,6,71.0,2,F1,1,,,,,
2025-09-03,2025-09-03,CM,BSE,STK,531436,INE474D01013,SAFFRON,XT,,,,,SAFFRON INDUSTRIES LIMITED,29.49,29.49,29.49,29.49,29.49,30.09,,29.49,,,2947,86907.0,19,F1,1,,,,,
2025-09-03,2025-09-03,CM,BSE,STK,531437,INE523I01016,PWASML,X,,,,,Prakash Woollen & Synthetic Mi,29.84,31.7,29.69,30.55,30.55,30.45,,30.55,,,148,4457.0,19,F1,1,,,,,
2025-09-03,2025-09-03,CM,BSE,STK,531439,INE805A01014,GOLDTECH,B,,,,,AION-TECH SOLUTIONS LIMITED,67.59,67.59,66.49,67.0,67.0,67.1,,66.99,,,4970,333070.0,146,F1,1,,,,,
2025-09-03,2025-09-03,CM,BSE,STK,531441,INE100F01019,LYONSCO,XT,,,,,LYONS CORPORATE MARKET LTD.,23.64,23.64,23.64,23.64,23.64,23.64,,23.64,,,8,189.0,2,F1,1,,,,,
2025-09-03,2025-09-03,CM,BSE,STK,531444,INE115C01014,VARDHMAN,XT,,,,,VARDHMAN CONCRETE LIMITED,10.47,10.47,10.02,10.02,10.02,9.98,,10.02,,,967,9811.0,7,F1,1,,,,,
2025-09-03,2025-09-03,CM,BSE,STK,531449,INE192H01020,GRMOVER,B,,,,,GRM OVERSEAS LTD.,370.65,371.3,355.0,356.9,359.9,370.2,,358.5,,,29646,10695122.0,704,F1,1,,,,,
2025-09-03,2025-09-03,CM,BSE,STK,531453,INE954E01012,MOHITIND,B,,,,,MOHIT INDUSTRIES LTD.,30.39,31.1,30.22,30.54,30.54,30.45,,30.53,,,5418,166120.0,139,F1,1,,,,,
2025-09-03,2025-09-03,CM,BSE,STK,531454,INE323D01020,POLYLINK,X,,,,,POLYLINK POLYMERS (INDIA) LTD.,23.77,24.25,23.75,24.25,24.25,24.0,,24.25,,,411,9868.0,17,F1,1,,,,,
2025-09-03,2025-09-03,CM,BSE,STK,531456,INE952C01028,MINAXI,X,,,,,MINAXI TEXTILES LTD.,1.89,1.89,1.83,1.83,1.83,1.8,,1.83,,,5460,10012.0,32,F1,1,,,,,
2025-09-03,2025-09-03,CM,BSE,STK,531458,INE109B01019,BOSTONBIO,X,,,,,BOSTON BIO SYSTEMS LTD.,8.88,8.88,8.05,8.7,8.7,8.47,,8.7,,,2323,20431.0,17,F1,1,,,,,
2025-09-03,2025-09-03,CM,BSE,STK,531460,INE545B01022,CONTICON,X,,,,,CONTINENTAL CONTROLS LTD.,8.21,8.6,8.21,8.25,8.25,8.21,,8.25,,,3602,29836.0,25,F1,1,,,,,
2025-09-03,2025-09-03,CM,BSE,STK,531465,INE317B01042,NOUVEAU,X,,,,,NOUVEAU GLOBAL VENTURES LTD.,0.49,0.49,0.49,0.49,0.49,0.49,,0.49,,,37683,18464.0,42,F1,1,,,,,
2025-09-03,2025-09-03,CM,BSE,STK,531471,INE397G01019,DUKEOFS,X,,,,,DUKE OFFSHORE LTD.,16.99,16.99,16.0,16.07,16.07,16.3,,16.07,,,3201,51488.0,33,F1,1,,,,,
2025-09-03,2025-09-03,CM,BSE,STK,531472,INE183D01010,CYBELEIND,X,,,,,CYBELE INDUSTRIES LTD.,26.75,27.5,26.62,27.37,27.5,26.75,,27.37,,,1025,28034.0,10,F1,1,,,,,
2025-09-03,2025-09-03,CM,BSE,STK,531486,INE600B01033,FILME,X,,,,,FILMCITY MEDIA LTD.,2.78,2.91,2.78,2.81,2.79,2.78,,2.81,,,16985,49113.0,51,F1,1,,,,,
2025-09-03,2025-09-03,CM,BSE,STK,531489,INE084D01010,CGVAK,X,,,,,CG-VAK SOFTWARE & EXPORTS LTD.,267.2,270.0,263.0,266.55,267.8,267.2,,266.55,,,4422,1186502.0,95,F1,1,,,,,
2025-09-03,2025-09-03,CM,BSE,STK,531494,INE268H01044,NAVKARURB,T,,,,,NAVKAR URBANSTRUCTURE LIMITED,2.5,2.59,2.47,2.52,2.52,2.55,,2.51,,,50537,128635.0,40,F1,1,,,,,
2025-09-03,2025-09-03,CM,BSE,STK,531495,INE472B01011,BLUECOAST,T,,,,,BLUE COAST HOTELS LTD.,51.11,56.47,51.11,56.47,56.47,53.79,,56.63,,,9168,472253.0,47,F1,1,,,,,
2025-09-03,2025-09-03,CM,BSE,STK,531497,INE378D01032,MADHUCON,T,,,,,MADHUCON PROJECTS LTD.,6.4,6.54,6.05,6.2,6.2,6.23,,6.2,,,36326,229503.0,41,F1,1,,,,,
2025-09-03,2025-09-03,CM,BSE,STK,531499,INE080D01042,SYBLY,XT,,,,,SYBLY INDUSTRIES LTD.,1.64,1.74,1.64,1.72,1.74,1.67,,1.72,,,19032,32335.0,41,F1,1,,,,,
2025-09-03,2025-09-03,CM,BSE,STK,531500,INE343B01030,RAJESHEXPO,A,,,,,RAJESH EXPORTS LTD.,181.05,184.9,180.9,183.8,183.8,181.3,,183.86,,,22808,4186331.0,822,F1,1,,,,,
2025-09-03,2025-09-03,CM,BSE,STK,531502,INE404L01039,ESARIND,X,,,,,ESAAR (INDIA) LTD.,15.35,15.35,15.35,15.35,15.35,15.66,,15.35,,,2095,32158.0,29,F1,1,,,,,
2025-09-03,2025-09-03,CM,BSE,STK,531503,INE866D01010,MARIS,X,,,,,MARIS SPINNERS LTD.,36.99,36.99,35.5,35.76,36.0,36.74,,35.76,,,7148,257328.0,76,F1,1,,,,,
2025-09-03,2025-09-03,CM,BSE,STK,531505,INE628F01019,INDERGR,XT,,,,,INDERGIRI FINANCE LTD.,24.42,24.42,24.42,24.42,24.42,24.91,,24.42,,,230,5616.0,3,F1,1,,,,,
2025-09-03,2025-09-03,CM,BSE,STK,531506,INE561E01015,SKRABUL,XT,,,,,SHUKRA BULLIONS LTD.,30.0,30.0,29.2,29.2,29.2,30.73,,29.2,,,22,644.0,6,F1,1,,,,,
2025-09-03,2025-09-03,CM,BSE,STK,531508,INE128A01029,EVEREADY,B,,,,,EVEREADY INDUSTRIES INDIA LTD.,450.05,472.0,450.05,468.1,468.1,448.95,,468.05,,,85127,39569456.0,3576,F1,1,,,,,
2025-09-03,2025-09-03,CM,BSE,STK,531509,INE623D01015,STEP2COR,X,,,,,STEP TWO CORPORATION LTD.,33.8,33.8,33.5,33.5,33.5,33.5,,33.5,,,1085,36348.0,9,F1,1,,,,,
2025-09-03,2025-09-03,CM,BSE,STK,531512,INE681D01039,ORIENTTR,X,,,,,ORIENT TRADELINK LTD.,18.5,18.99,17.5,18.03,18.0,18.05,,18.03,,,59596,1089911.0,396,F1,1,,,,,
2025-09-03,2025-09-03,CM,BSE,STK,531518,INE767B01022,VIKASPROP,Z,,,,,VIKAS PROPPANT & GRANITE LTD.,0.38,0.38,0.36,0.38,0.38,0.37,,0.38,,,261569,96134.0,118,F1,1,,,,,
2025-09-03,2025-09-03,CM,BSE,STK,531525,INE849B01010,ACESOFT,X,,,,,ACE SOFTWARE EXPORTS LTD.,301.1,323.2,300.0,308.2,308.2,307.15,,308.2,,,49651,15354083.0,495,F1,1,,,,,
2025-09-03,2025-09-03,CM,BSE,STK,531529,INE562E01021,SOFTRAKV,XT,,,,,SOFTRAK VENTURE INVESTMENT LTD,2.06,2.06,2.05,2.06,2.06,2.02,,2.06,,,50108,103072.0,58,F1,1,,,,,
2025-09-03,2025-09-03,CM,BSE,STK,531531,INE473B01035,HATSUN,A,,,,,HATSUN AGRO PRODUCT LTD.,909.75,918.3,897.2,900.3,898.1,911.9,,900.5,,,1261,1142930.0,227,F1,1,,,,,
2025-09-03,2025-09-03,CM,BSE,STK,531537,INE681K01026,MIZVEN,XT,,,,,MIZZEN VENTURES LIMITED,257.85,257.85,257.85,257.85,257.85,263.1,,257.85,,,425,109586.0,7,F1,1,,,,,
2025-09-03,2025-09-03,CM,BSE,STK,531539,INE864D01015,RISHDIGA,X,,,,,RISHABH DIGHA STEEL & ALLIED P,35.43,35.5,35.43,35.45,35.45,35.43,,35.45,,,95,3367.0,7,F1,1,,,,,
2025-09-03,2025-09-03,CM,BSE,STK,531540,INE392G01028,MAINFRA,X,,,,,MARUTI INFRASTRUCTURE LTD.,13.4,13.5,13.21,13.41,13.45,13.23,,13.41,,,10259,137242.0,110,F1,1,,,,,
2025-09-03,2025-09-03,CM,BSE,STK,531541,INE881A01015,KOBO,Z,,,,,KOBO BIOTECH LIMITED,2.37,2.37,2.26,2.35,2.35,2.37,,2.35,,,2502,5659.0,11,F1,1,,,,,
2025-09-03,2025-09-03,CM,BSE,STK,531543,INE247D01039,JINDWORLD,B,,,,,JINDAL WORLDWIDE LTD.,37.25,38.16,36.83,37.32,37.32,37.16,,37.29,,,312658,11690411.0,2058,F1,1,,,,,
2025-09-03,2025-09-03,CM,BSE,STK,531548,INE355A01028,SOMANYCERA,B,,,,,SOMANY CERAMICS LTD.,451.5,492.6,451.5,479.5,478.7,458.1,,480.2,,,9384,4473311.0,1075,F1,1,,,,,
2025-09-03,2025-09-03,CM,BSE,STK,531550,INE865D01012,JHACC,XT,,,,,JHAVERI CREDITS & CAPITAL LTD.,242.4,244.95,228.0,228.0,228.0,240.0,,228.0,,,5654,1309356.0,99,F1,1,,,,,
2025-09-03,2025-09-03,CM,BSE,STK,531552,INE754B01012,RAGHUTOB,X,,,,,RAGHUNATH TOBACCO CO.LTD.,21.3,21.3,20.21,20.99,20.5,20.9,,20.99,,,631,13162.0,22,F1,1,,,,,
2025-09-03,2025-09-03,CM,BSE,STK,531553,INE193D01019,DRL,X,,,,,DISHA RESOURCES LIMITED,17.67,21.4,17.67,19.14,19.14,18.6,,19.14,,,20562,417181.0,53,F1,1,,,,,
2025-09-03,2025-09-03,CM,BSE,STK,531556,INE558D01021,CORALFINAC,B,,,,,CORAL INDIA FINANCE & HOUSING,42.5,42.99,42.5,42.87,42.87,41.71,,42.59,,,354,15157.0,28,F1,1,,,,,
2025-09-03,2025-09-03,CM,BSE,STK,531557,INE137E01014,AMITSEC,XT,,,,,AMIT SECURITIES LTD.,36.95,36.95,36.95,36.95,36.95,36.23,,36.95,,,15,554.0,1,F1,1,,,,,
2025-09-03,2025-09-03,CM,BSE,STK,531568,INE723K01018,ASHUTPM,XT,,,,,ASHUTOSH PAPER MILLS LTD.,6.93,7.27,6.93,7.26,7.26,6.93,,7.26,,,914,6638.0,12,F1,1,,,,,
2025-09-03,2025-09-03,CM,BSE,STK,531569,INE860D01013,SANJIVIN,X,,,,,SANJIVANI PARANTERAL LTD.,221.0,260.0,220.0,249.1,253.1,238.8,,249.1,,,30213,7175416.0,238,F1,1,,,,,
2025-09-03,2025-09-03,CM,BSE,STK,531578,INE580H01026,KMFBLDR,X,,,,,KMF BUILDERS & DEVELOPERS LTD.,7.55,8.47,7.55,8.03,8.02,8.24,,8.03,,,618,4956.0,12,F1,1,,,,,
2025-09-03,2025-09-03,CM,BSE,STK,531582,INE508J01015,BERYLSE,X,,,,,BERYL SECURITIES LTD.,28.43,28.57,28.43,28.57,28.57,29.92,,28.57,,,189,5399.0,4,F1,1,,,,,
2025-09-03,2025-09-03,CM,BSE,STK,531583,INE483D01014,RAP,XT,,,,,RAP CORP LIMITED,30.87,30.87,30.86,30.87,30.87,30.86,,30.87,,,1831,56522.0,12,F1,1,,,,,
2025-09-03,2025-09-03,CM,BSE,STK,531585,INE455C01014,DEVINE,X,,,,,DEVINE IMPEX LTD.,9.7,9.71,9.7,9.71,9.71,9.25,,9.71,,,195,1892.0,7,F1,1,,,,,
2025-09-03,2025-09-03,CM,BSE,STK,531591,INE802A01037,BAMPSL,X,,,,,BAMPSL SECURITIES LTD.,19.5,19.5,18.65,19.35,19.35,19.21,,19.35,,,9207,177501.0,45,F1,1,,,,,
2025-09-03,2025-09-03,CM,BSE,STK,531592,INE861N01036,GENPHARMA,X,,,,,GENPHARMASEC LIMITED,1.95,1.99,1.91,1.93,1.93,1.94,,1.93,,,1009397,1971024.0,490,F1,1,,,,,
2025-09-03,2025-09-03,CM,BSE,STK,531594,INE507D01010,INCON,X,,,,,INCON ENGINEERS LTD.,11.5,11.99,11.5,11.99,11.99,11.5,,11.99,,,165,1977.0,3,F1,1,,,,,
2025-09-03,2025-09-03,CM,BSE,STK,531595,INE180C01042,CGCL,A,,,,,CAPRI GLOBAL CAPITAL LIMITED,185.55,191.95,185.55,188.8,188.65,188.45,,188.86,,,65055,12324437.0,865,F1,1,,,,,
2025-09-03,2025-09-03,CM,BSE,STK,531599,INE258B01022,FDC,A,,,,,FDC LTD.,465.15,471.2,463.0,464.0,465.0,464.0,,464.0,,,7605,3548489.0,407,F1,1,,,,,
2025-09-03,2025-09-03,CM,BSE,STK,531600,INE832C01014,GOGIACAPGL,X,,,,,GOGIA CAPITAL GROWTH LIMITED,96.56,101.38,91.74,91.74,91.74,96.56,,91.74,,,4152,410621.0,42,F1,1,,,,,
2025-09-03,2025-09-03,CM,BSE,STK,531608,INE792J01015,GORANIN,X,,,,,GORANI INDUSTRIES LTD.,86.5,87.0,83.65,83.65,83.65,92.9,,83.65,,,17533,1485601.0,269,F1,1,,,,,
2025-09-03,2025-09-03,CM,BSE,STK,531609,INE902G01016,KGPETRO,X,,,,,KG PETROCHEM LTD.,242.0,256.85,231.5,250.05,256.85,242.9,,250.05,,,316,77355.0,18,F1,1,,,,,
2025-09-03,2025-09-03,CM,BSE,STK,531613,INE100C01024,MAL,XT,,,,,Meyer Apparel Limited,2.6,2.7,2.6,2.7,2.7,2.65,,2.7,,,27516,71923.0,26,F1,1,,,,,
2025-09-03,2025-09-03,CM,BSE,STK,531616,INE347I01010,STARCOM,XT,,,,,STARCOM INFORMATION TECHNOLOGY,86.5,86.52,86.5,86.51,86.52,82.4,,86.51,,,400,34604.0,4,F1,1,,,,,
2025-09-03,2025-09-03,CM,BSE,STK,531624,INE695B01025,COUNCODOS,B,,,,,COUNTRY CONDOS LTD.,7.79,7.79,7.05,7.37,7.25,7.17,,7.38,,,40465,295705.0,400,F1,1,,,,,
2025-09-03,2025-09-03,CM,BSE,STK,531626,INE628B01034,OROSMITHS,X,,,,,OROSIL SMITHS INDIA LTD.,4.42,4.51,4.23,4.4,4.4,4.33,,4.4,,,50686,219503.0,46,F1,1,,,,,
2025-09-03,2025-09-03,CM,BSE,STK,531633,INE405C01035,LINCOLN,B,,,,,LINCOLN PHARMACEUTICALS LTD.,571.0,571.0,551.9,557.25,557.25,555.2,,555.45,,,661,366783.0,50,F1,1,,,,,
2025-09-03,2025-09-03,CM,BSE,STK,531635,INE870J01019,SILVOAK,X,,,,,SILVER OAK (INDIA) LTD.,143.0,149.5,143.0,147.4,147.4,145.7,,147.4,,,115,16866.0,26,F1,1,,,,,
2025-09-03,2025-09-03,CM,BSE,STK,531637,INE722B01019,PRAVEG,B,,,,,PRAVEG LIMITED,386.65,417.0,386.65,404.1,404.1,386.3,,404.1,,,64505,26142409.0,2284,F1,1,,,,,
2025-09-03,2025-09-03,CM,BSE,STK,531638,INE713C01016,SURAJLTD,B,,,,,SURAJ LTD.,319.95,319.95,310.05,312.3,311.5,313.05,,312.2,,,910,285087.0,79,F1,1,,,,,
2025-09-03,2025-09-03,CM,BSE,STK,531642,INE196A01026,MARICO,A,,,,,MARICO LTD.,744.05,744.05,732.8,734.55,734.55,741.8,,734.75,,,7216,5316232.0,555,F1,1,,,,,
2025-09-03,2025-09-03,CM,BSE,STK,531644,INE546D01018,TOKYOFIN,X,,,,,TOKYO FINANCE LTD.,26.13,26.13,24.5,24.92,24.5,26.0,,24.92,,,2369,59271.0,21,F1,1,,,,,
2025-09-03,2025-09-03,CM,BSE,STK,531651,INE654H01011,NATGENI,X,,,,,NATIONAL GENERAL INDUSTRIES LT,49.64,49.64,49.64,49.64,49.64,52.25,,49.64,,,133,6602.0,5,F1,1,,,,,
2025-09-03,2025-09-03,CM,BSE,STK,531652,INE528C01018,UVS,X,,,,,UVS HOSPITALITY AND SERVICES L,133.0,136.9,127.5,135.85,135.85,134.85,,135.85,,,400,52666.0,12,F1,1,,,,,
2025-09-03,2025-09-03,CM,BSE,STK,531658,INE454E01013,ABATEAS,XT,,,,,ABATE AS INDUSTRIES LIMITED,18.83,18.83,18.83,18.83,18.83,17.94,,18.83,,,9338,175834.0,30,F1,1,,,,,
2025-09-03,2025-09-03,CM,BSE,STK,531661,INE863C01019,HITTCO,X,,,,,HITTCO TOOLS LTD.,14.99,14.99,14.0,14.0,14.0,14.25,,14.0,,,480,6754.0,5,F1,1,,,,,
2025-09-03,2025-09-03,CM,BSE,STK,531663,INE139D01020,YUVRAAJHPL,XT,,,,,YUVRAAJ HYGIENE PRODUCTS LTD.,19.99,20.31,18.4,18.43,18.4,19.36,,18.43,,,327481,6160624.0,589,F1,1,,,,,
2025-09-03,2025-09-03,CM,BSE,STK,531667,INE117K01013,RRMETAL,X,,,,,RR METALMAKERS INDIA LIMITED,43.0,44.0,39.86,41.89,41.89,41.95,,41.89,,,2703,109571.0,41,F1,1,,,,,
2025-09-03,2025-09-03,CM,BSE,STK,531668,INE661D01015,VISIONCO,XT,,,,,VISION CORPORATION LTD.,3.21,3.34,3.21,3.3,3.3,3.2,,3.3,,,1300,4314.0,17,F1,1,,,,,
2025-09-03,2025-09-03,CM,BSE,STK,531671,INE214D01021,BISIL,XT,,,,,BISIL PLAST LIMITED,1.78,1.78,1.78,1.78,1.78,1.78,,1.78,,,37701,67107.0,105,F1,1,,,,,
2025-09-03,2025-09-03,CM,BSE,STK,531672,INE224C01014,INANISEC,X,,,,,INANI SECURITIES LTD.,29.75,29.75,28.1,28.7,28.7,28.7,,28.7,,,958,28439.0,4,F1,1,,,,,
2025-09-03,2025-09-03,CM,BSE,STK,531673,INE067C01025,ANKIN,XT,,,,,ANKA INDIA LTD.,65.72,65.72,65.72,65.72,65.72,64.44,,65.72,,,5323,349827.0,12,F1,1,,,,,
2025-09-03,2025-09-03,CM,BSE,STK,531677,INE588E01026,ARISINT,XT,,,,,ARIS INTERNATIONAL LTD.,466.95,466.95,466.95,466.95,466.95,457.8,,466.95,,,75,35021.0,2,F1,1,,,,,
2025-09-03,2025-09-03,CM,BSE,STK,531680,INE799E01011,MAYUR,XT,,,,,MAYUR LEATHER PRODUCTS LTD.,14.67,14.67,14.67,14.67,14.67,14.96,,14.67,,,2998,43980.0,12,F1,1,,,,,
2025-09-03,2025-09-03,CM,BSE,STK,531681,INE673C01020,AMERISE,X,,,,,AMERISE BIOSCIENCES LIMITED,0.73,0.73,0.66,0.71,0.71,0.73,,0.71,,,61550,42365.0,48,F1,1,,,,,
2025-09-03,2025-09-03,CM,BSE,STK,531688,INE621B01021,PRITHVIEXCH,X,,,,,Prithvi Exchange (India) Limit,120.0,120.0,114.85,116.5,116.0,120.0,,116.5,,,5940,692892.0,189,F1,1,,,,,
2025-09-03,2025-09-03,CM,BSE,STK,531692,INE593B01030,KHYATI,X,,,,,KHYATI MULTIMEDIA-ENTERTAINMEN,3.12,3.39,3.12,3.39,3.39,3.12,,3.39,,,8617,27213.0,21,F1,1,,,,,
2025-09-03,2025-09-03,CM,BSE,STK,531694,INE230F01014,RAINBOWF,XT,,,,,RAINBOW FOUNDATIONS LTD.,79.23,87.57,79.23,87.57,87.57,83.4,,87.57,,,247238,20428042.0,530,F1,1,,,,,
2025-09-03,2025-09-03,CM,BSE,STK,531716,INE843F01014,TRICOMFRU,XT,,,,,TRICOM FRUIT PRODUCTS LIMITED,2.03,2.11,1.93,1.93,1.93,2.03,,1.93,,,16113,32664.0,24,F1,1,,,,,
2025-09-03,2025-09-03,CM,BSE,STK,531717,INE632C01026,VIDHIING,B,,,,,Vidhi Specialty Food Ingredien,360.0,384.0,360.0,382.65,382.3,383.0,,382.6,,,238,89647.0,33,F1,1,,,,,
2025-09-03,2025-09-03,CM,BSE,STK,531719,INE414D01027,BHAGCHEM,B,,,,,BHAGIRADHA CHEMICALS & INDUSTR,273.45,276.95,272.05,274.6,272.05,274.25,,274.95,,,538,147923.0,28,F1,1,,,,,
2025-09-03,2025-09-03,CM,BSE,STK,531723,INE224E01028,GATECH,T,,,,,GACM Technologies Limited,0.63,0.63,0.63,0.63,0.63,0.6,,0.63,,,3414205,2150949.0,138,F1,1,,,,,
2025-09-03,2025-09-03,CM,BSE,STK,531726,INE316G01019,PANCHSHEEL,X,,,,,PANCHSHEEL ORGANICS LTD.,153.0,155.0,146.3,151.1,151.0,152.45,,151.1,,,12124,1830176.0,180,F1,1,,,,,
2025-09-03,2025-09-03,CM,BSE,STK,531727,INE650G01029,MENNPIS,X,,,,,MENON PISTONS LTD.,66.47,69.0,65.75,66.99,66.99,66.07,,66.99,,,23749,1601572.0,189,F1,1,,,,,
2025-09-03,2025-09-03,CM,BSE,STK,531737,INE414C01045,GREENCREST,X,,,,,GREENCREST FINANCIAL SERVICES,0.65,0.65,0.64,0.65,0.65,0.65,,0.65,,,163278,105288.0,197,F1,1,,,,,
2025-09-03,2025-09-03,CM,BSE,STK,531739,INE509C01026,GENNEX,X,,,,,GENNEX LABORATORIES LTD.,11.7,11.89,11.41,11.48,11.48,11.65,,11.48,,,625833,7224746.0,1132,F1,1,,,,,
2025-09-03,2025-09-03,CM,BSE,STK,531743,INE258Z01013,HIRAUTO,P,,,,,HIRA AUTOMOBILES LTD.,470.65,470.65,470.65,470.65,470.65,461.45,,470.65,,,400,188260.0,4,F1,100,,,,,
2025-09-03,2025-09-03,CM,BSE,STK,531744,INE548B01018,GINISILK,X,,,,,GINI SILK MILLS LTD.,78.47,79.99,71.05,78.51,78.51,78.47,,78.51,,,1717,128186.0,54,F1,1,,,,,
2025-09-03,2025-09-03,CM,BSE,STK,531746,INE505C01016,PRAENG,B,,,,,PRAJAY ENGINEERS SYNDICATE LTD,26.05,29.29,25.54,28.8,28.31,25.8,,28.67,,,123380,3518169.0,854,F1,1,,,,,
2025-09-03,2025-09-03,CM,BSE,STK,531752,INE703D01023,BIOGEN,X,,,,,BIOGEN PHARMACHEM INDUSTRIES L,0.89,0.92,0.89,0.91,0.91,0.9,,0.91,,,510143,462770.0,683,F1,1,,,,,
2025-09-03,2025-09-03,CM,BSE,STK,531758,INE131D01019,GKCONS,X,,,,,G.K.CONSULTANTS LTD.,16.1,16.1,16.06,16.06,16.06,16.26,,16.06,,,994,15971.0,3,F1,1,,,,,
2025-09-03,2025-09-03,CM,BSE,STK,531761,INE126J01016,APOLLOPIPE,B,,,,,APOLLO PIPES LIMITED,410.0,415.0,403.05,406.75,408.8,405.6,,405.4,,,2709,1108683.0,207,F1,1,,,,,
2025-09-03,2025-09-03,CM,BSE,STK,531762,INE576D01015,UNJHAFOR,X,,,,,UNJHA FORMULATIONS LTD.,25.37,25.5,24.0,25.07,25.0,25.0,,25.07,,,1872,46827.0,45,F1,1,,,,,
2025-09-03,2025-09-03,CM,BSE,STK,531768,INE205C01021,POLYMED,A,,,,,POLY MEDICURE LTD.,2060.05,2115.0,2059.25,2068.95,2067.75,2077.9,,2067.3,,,6529,13537330.0,961,F1,1,,,,,
2025-09-03,2025-09-03,CM,BSE,STK,531769,INE600F01018,PFLINFOTC,XT,,,,,PFL INFOTECH LTD.,8.93,8.93,8.41,8.41,8.41,8.85,,8.41,,,51,429.0,2,F1,1,,,,,
2025-09-03,2025-09-03,CM,BSE,STK,531771,INE311M01018,SHRADDHA,X,,,,,SHRADDHA PRIME PROJECTS LTD,160.25,162.8,155.0,161.5,162.8,158.7,,161.5,,,20004,3203275.0,209,F1,1,,,,,
2025-09-03,2025-09-03,CM,BSE,STK,531778,INE059E01010,KACHCHH,XT,,,,,KACHCHH MINERALS LTD.,45.16,46.06,45.16,46.06,46.06,45.16,,46.06,,,1002,45936.0,7,F1,1,,,,,
2025-09-03,2025-09-03,CM,BSE,STK,531779,INE630U01014,PADALPO,X,,,,,PADMANABH ALLOYS & POLYMERS LT,18.0,18.0,17.5,17.9,17.9,17.2,,17.9,,,2257,40384.0,23,F1,1,,,,,
2025-09-03,2025-09-03,CM,BSE,STK,531780,INE229G01022,KACL,X,,,,,KAISER CORPORATION LIMITED,5.46,5.5,5.18,5.22,5.22,5.42,,5.22,,,85279,451094.0,264,F1,1,,,,,
2025-09-03,2025-09-03,CM,BSE,STK,531784,INE469F01026,KCLINFRA,X,,,,,KCL Infra Projects Limited,1.42,1.44,1.41,1.43,1.44,1.42,,1.43,,,105708,150736.0,168,F1,1,,,,,
2025-09-03,2025-09-03,CM,BSE,STK,531795,INE951D01028,ATULAUTO,B,,,,,ATUL AUTO LTD.,436.35,437.4,430.4,434.2,436.6,433.05,,434.7,,,6265,2718606.0,373,F1,1,,,,,
2025-09-03,2025-09-03,CM,BSE,STK,531797,INE393D01015,SCANPRO,X,,,,,SCAN PROJECTS LTD.,95.35,105.36,95.34,105.36,105.36,100.35,,105.36,,,1958,197368.0,43,F1,1,,,,,
2025-09-03,2025-09-03,CM,BSE,STK,531802,INE426H01014,PRERINFRA,X,,,,,PRERNA INFRABUILD LTD.,25.76,30.0,25.76,28.93,29.0,26.89,,28.93,,,189319,5354309.0,389,F1,1,,,,,
2025-09-03,2025-09-03,CM,BSE,STK,531810,INE161E01014,METALCO,X,,,,,METAL COATINGS (INDIA) LTD.,70.98,72.38,68.09,71.51,71.55,70.98,,71.51,,,522,36951.0,16,F1,1,,,,,
2025-09-03,2025-09-03,CM,BSE,STK,531812,INE266C01023,SGNTE,X,,,,,SGN TELECOMS LTD.,0.6,0.6,0.57,0.58,0.58,0.6,,0.58,,,99939,57735.0,49,F1,1,,,,,
2025-09-03,2025-09-03,CM,BSE,STK,531813,INE278O01015,GANGAPA,X,,,,,GANGA PAPERS INDIA LTD.,93.05,93.05,93.05,93.05,93.05,96.0,,93.05,,,1,93.0,1,F1,1,,,,,
2025-09-03,2025-09-03,CM,BSE,STK,531814,INE297J01023,TIRSARJ,X,,,,,TIRUPATI SARJAN LTD.,13.18,13.18,12.68,13.03,13.1,12.79,,13.03,,,6398,83212.0,40,F1,1,,,,,
2025-09-03,2025-09-03,CM,BSE,STK,531821,INE348D01019,MUNOTHFI,X,,,,,MUNOTH FINANCIAL SERVICES LTD.,65.17,65.17,62.0,65.15,65.15,62.07,,65.15,,,642,41757.0,18,F1,1,,,,,
2025-09-03,2025-09-03,CM,BSE,STK,531822,INE513E01024,RODIUM,X,,,,,RODIUM REALTY LIMITED,199.5,199.7,199.0,199.0,199.0,199.9,,199.0,,,205,40899.0,3,F1,1,,,,,
2025-09-03,2025-09-03,CM,BSE,STK,531834,INE487B01019,NATHUEC,X,,,,,NATURA HUE CHEM LTD.,9.91,9.91,9.01,9.73,9.73,9.39,,9.73,,,126,1189.0,11,F1,1,,,,,
2025-09-03,2025-09-03,CM,BSE,STK,531840,INE172B01017,IECEDU,XT,,,,,IEC EDUCATION LTD.,24.38,24.38,24.38,24.38,24.38,23.22,,24.38,,,6447,157177.0,30,F1,1,,,,,
2025-09-03,2025-09-03,CM,BSE,STK,531841,INE935D01013,INDUSFINL,XT,,,,,Indus Finance Limited,48.75,48.75,46.32,46.37,46.37,48.75,,46.37,,,797,37618.0,22,F1,1,,,,,
2025-09-03,2025-09-03,CM,BSE,STK,531842,INE515C01023,LAHOTIOV,XT,,,,,LAHOTI OVERSEAS LTD.,48.71,49.6,48.0,48.05,48.05,48.55,,48.05,,,11223,548828.0,44,F1,1,,,,,
2025-09-03,2025-09-03,CM,BSE,STK,531845,INE318D01020,ZENITHSTL,T,,,,,ZENITH STEEL PIPES AND  INDUST,7.69,7.69,7.42,7.43,7.42,7.6,,7.43,,,19315,145774.0,57,F1,1,,,,,
2025-09-03,2025-09-03,CM,BSE,STK,531846,INE884X01011,TRINITYLEA,XT,,,,,TRINITY LEAGUE INDIA LTD.,10.41,11.2,10.41,11.2,11.2,10.95,,11.2,,,40005,417641.0,17,F1,1,,,,,
2025-09-03,2025-09-03,CM,BSE,STK,531847,INE194D01017,ASTAR,B,,,,,ASIAN STAR CO.LTD.,732.0,740.0,702.0,736.3,736.3,732.0,,736.3,,,29,21112.0,8,F1,1,,,,,
2025-09-03,2025-09-03,CM,BSE,STK,531859,INE457G01029,ORIRAIL,B,,,,,ORIENTAL RAIL INFRASTRUCTURE L,169.0,171.0,156.75,162.55,162.55,166.7,,162.55,,,98585,16223300.0,1186,F1,1,,,,,
2025-09-03,2025-09-03,CM,BSE,STK,531861,INE024B01010,JOINDRE,X,,,,,JOINDRE CAPITAL SERVICES LTD.,49.67,49.98,47.5,48.44,48.44,48.49,,48.44,,,4130,199796.0,67,F1,1,,,,,
2025-09-03,2025-09-03,CM,BSE,STK,531862,INE842D01029,BHARATAGRI,X,,,,,BHARAT AGRI FERT & REALTY LTD.,35.85,36.0,34.2,34.78,34.78,34.98,,34.78,,,16702,586785.0,84,F1,1,,,,,
2025-09-03,2025-09-03,CM,BSE,STK,531867,INE929K01011,UNITINT,XT,,,,,UNITECH INTERNATIONAL LTD.,4.76,4.76,4.49,4.5,4.5,4.72,,4.5,,,5321,24004.0,19,F1,1,,,,,
2025-09-03,2025-09-03,CM,BSE,STK,531869,INE433G01020,SACHEMT,X,,,,,SACHETA METALS LTD.,4.07,4.25,4.0,4.05,4.05,4.13,,4.05,,,73176,298483.0,184,F1,1,,,,,
2025-09-03,2025-09-03,CM,BSE,STK,531870,INE370C01015,POPULARES,X,,,,,POPULAR ESTATE MANAGEMENT LTD.,21.66,21.66,20.49,20.5,20.5,21.56,,20.5,,,318,6526.0,10,F1,1,,,,,
2025-09-03,2025-09-03,CM,BSE,STK,531878,INE283D01018,ANJANIFIN,X,,,,,ANJANI FINANCE LTD.,11.34,11.5,11.34,11.5,11.5,11.34,,11.5,,,838,9633.0,14,F1,1,,,,,
2025-09-03,2025-09-03,CM,BSE,STK,531888,INE687C01012,REXNORD,X,,,,,REXNORD ELECTRONICS & CONTROLS,92.5,95.75,90.0,93.01,92.99,93.13,,93.01,,,6343,584132.0,82,F1,1,,,,,
2025-09-03,2025-09-03,CM,BSE,STK,531889,INE882B01037,IIL,X,,,,,INTEGRATED INDUSTRIES LIMITED,18.5,18.74,18.25,18.37,18.4,18.49,,18.37,,,268202,4943707.0,872,F1,1,,,,,
2025-09-03,2025-09-03,CM,BSE,STK,531892,INE060B01014,KHANDSE,B,,,,,KHANDWALA SECURITIES LTD.,24.0,24.0,24.0,24.0,24.0,24.23,,23.83,,,5,120.0,3,F1,1,,,,,
2025-09-03,2025-09-03,CM,BSE,STK,531893,INE248B01023,SAWACA,X,,,,,SAWACA ENTERPRISES LIMITED,0.43,0.43,0.42,0.43,0.43,0.43,,0.43,,,1509102,641119.0,673,F1,1,,,,,
2025-09-03,2025-09-03,CM,BSE,STK,531900,INE778E01031,CCLINTER,X,,,,,CCL INTERNATIONAL LTD.,27.86,30.79,27.86,29.02,29.02,28.0,,29.02,,,3676,106108.0,44,F1,1,,,,,
2025-09-03,2025-09-03,CM,BSE,STK,531902,INE755J01012,GALLOPENT,XT,,,,,GALLOPS ENTERPRISE LTD.,20.5,20.5,20.4,20.4,20.4,19.53,,20.4,,,173,3546.0,5,F1,1,,,,,
2025-09-03,2025-09-03,CM,BSE,STK,531909,INE587J01027,CROISSANCE,X,,,,,CROISSANCE LIMITED,2.69,2.69,2.6,2.61,2.6,2.65,,2.61,,,20780,54461.0,53,F1,1,,,,,
2025-09-03,2025-09-03,CM,BSE,STK,531910,INE312M01016,MADHUVEER,X,,,,,Madhuveer Com 18 Network Limit,220.0,228.9,216.9,225.9,224.0,218.45,,225.9,,,157758,35014197.0,393,F1,1,,,,,
2025-09-03,2025-09-03,CM,BSE,STK,531913,INE641H01018,GOPAIST,X,,,,,GOPAL IRON & STEELS CO.(GUJARA,6.93,7.19,6.93,7.19,7.19,7.01,,7.19,,,26148,185141.0,28,F1,1,,,,,
2025-09-03,2025-09-03,CM,BSE,STK,531918,INE02XD01011,HINDAPL,X,,,,,HINDUSTAN APPLIANCES LTD.,106.1,106.1,100.55,105.9,105.9,106.1,,105.9,,,334,35089.0,19,F1,1,,,,,
2025-09-03,2025-09-03,CM,BSE,STK,531921,INE204E01012,AGARIND,B,,,,,AGARWAL INDUSTRIAL CORPORATION,802.55,808.55,790.05,793.2,800.35,805.55,,793.45,,,2280,1823661.0,355,F1,1,,,,,
2025-09-03,2025-09-03,CM,BSE,STK,531923,INE956B01013,DHAMPURE,X,,,,,DHAMPURE SPECIALITY SUGARS LTD,95.0,95.0,93.0,93.9,93.9,94.51,,93.9,,,1011,95446.0,21,F1,1,,,,,
2025-09-03,2025-09-03,CM,BSE,STK,531925,INE545N01019,SHAQUAK,X,,,,,SHANTANU SHEOREY AQUAKULT LTD.,1.37,1.54,1.37,1.38,1.38,1.41,,1.38,,,54348,74888.0,34,F1,1,,,,,
2025-09-03,2025-09-03,CM,BSE,STK,531930,INE074H01012,SARTHAKIND,XT,,,,,SARTHAK INDUSTRIES LTD.,40.37,42.0,40.37,41.96,41.99,42.49,,41.96,,,2517,103010.0,23,F1,1,,,,,
2025-09-03,2025-09-03,CM,BSE,STK,531931,INE531X01018,SAICAPI,X,,,,,SAI CAPITAL LTD.,237.25,246.0,237.25,239.25,239.95,249.45,,239.25,,,1235,298063.0,46,F1,1,,,,,
2025-09-03,2025-09-03,CM,BSE,STK,531944,INE185D01015,LEXORAA,X,,,,,LEXORAA INDUSTRIES LIMITED,14.3,14.3,14.24,14.25,14.25,14.3,,14.25,,,7495,106809.0,13,F1,1,,,,,
2025-09-03,2025-09-03,CM,BSE,STK,531950,INE316D01024,VERTEX,X,,,,,VERTEX SECURITIES LTD.,3.88,3.95,3.83,3.86,3.88,3.88,,3.86,,,7501,29120.0,49,F1,1,,,,,
2025-09-03,2025-09-03,CM,BSE,STK,531952,INE811H01017,RIBATEX,X,,,,,RIBA TEXTILES LTD.,86.99,86.99,83.3,83.53,84.0,85.17,,83.53,,,8522,720440.0,56,F1,1,,,,,
2025-09-03,2025-09-03,CM,BSE,STK,531959,INE997D01021,NEWINFRA,X,,,,,NEWTIME INFRASTRUCTURE LIMITED,2.07,2.16,2.07,2.09,2.1,2.08,,2.09,,,318299,669675.0,364,F1,1,,,,,
2025-09-03,2025-09-03,CM,BSE,STK,531960,INE108B01029,KASHYAP,XT,,,,,Kashyap Tele-Medicines Limited,9.64,9.64,9.64,9.64,9.64,9.46,,9.64,,,18203,175476.0,40,F1,1,,,,,
2025-09-03,2025-09-03,CM,BSE,STK,531962,INE914B01012,SHREMETAL,X,,,,,SHREE METALLOYS LTD.,36.25,36.25,35.85,36.15,36.15,35.85,,36.15,,,281,10084.0,10,F1,1,,,,,
2025-09-03,2025-09-03,CM,BSE,STK,531968,INE786E01018,IITLPROJ,X,,,,,IITL PROJECTS LIMITED,57.0,58.9,55.0,58.9,58.9,59.95,,58.9,,,138,7777.0,12,F1,1,,,,,
2025-09-03,2025-09-03,CM,BSE,STK,531977,INE558F01026,CHLOGIST,X,,,,,CHARTERED LOGISTICS LTD.,8.48,8.87,8.01,8.36,8.36,8.7,,8.36,,,92125,769104.0,147,F1,1,,,,,
2025-09-03,2025-09-03,CM,BSE,STK,531978,INE540G01014,AMBIKCO,B,,,,,AMBIKA COTTON MILLS LTD.,1433.6,1465.25,1419.3,1454.55,1460.35,1425.05,,1455.2,,,1179,1708917.0,120,F1,1,,,,,
2025-09-03,2025-09-03,CM,BSE,STK,531979,INE227B01019,HINDALUMI,X,,,,,HIND ALUMINIUM INDUSTRIES LTD.,63.0,65.0,62.15,64.6,64.2,63.35,,64.6,,,2853,183976.0,79,F1,1,,,,,
2025-09-03,2025-09-03,CM,BSE,STK,531980,INE564B01015,SENINFO,XT,,,,,SENTHIL INFOTEK LTD,60.32,60.32,60.32,60.32,60.32,61.55,,60.32,,,10,603.0,1,F1,1,,,,,
2025-09-03,2025-09-03,CM,BSE,STK,531982,INE547C01018,SPECFOOD,X,,,,,SPECTRUM FOODS LTD.,22.31,22.31,19.16,19.62,19.99,22.11,,19.62,,,291900,5851237.0,603,F1,1,,,,,
2025-09-03,2025-09-03,CM,BSE,STK,531989,INE132E01015,DECPO,XT,,,,,DECCAN POLYPACKS LTD.,33.01,33.01,33.01,33.01,33.01,31.44,,33.01,,,1201,39645.0,6,F1,1,,,,,
2025-09-03,2025-09-03,CM,BSE,STK,531991,INE735C01027,AMRAAGRI,X,,,,,AMRAWORLD AGRICO LTD.,0.91,0.91,0.89,0.9,0.9,0.9,,0.9,,,68187,61348.0,196,F1,1,,,,,
2025-09-03,2025-09-03,CM,BSE,STK,531996,INE839E01023,ODYCORP,X,,,,,ODYSSEY CORPORATION LTD.,9.9,9.91,9.08,9.25,9.44,9.55,,9.25,,,46539,436279.0,115,F1,1,,,,,
2025-09-03,2025-09-03,CM,BSE,STK,531997,INE164D01010,VUENOW,X,,,,,VUENOW INFRATECH LIMITED,75.9,75.9,73.3,74.95,75.35,74.87,,74.95,,,65135,4865725.0,197,F1,1,,,,,
2025-09-03,2025-09-03,CM,BSE,STK,532001,INE146H01018,INDCTST,XT,,,,,INDUCTO STEEL LTD.,62.2,62.2,62.2,62.2,62.2,62.2,,62.2,,,137,8521.0,13,F1,1,,,,,
2025-09-03,2025-09-03,CM,BSE,STK,532005,INE653D01012,SAMINDUS,X,,,,,SAM INDUSTRIES LTD.,62.8,62.8,61.0,62.79,62.79,63.0,,62.79,,,807,50039.0,9,F1,1,,,,,
2025-09-03,2025-09-03,CM,BSE,STK,532007,INE981C01019,SHVFL,X,,,,,SHREEVATSAA FINANCE & LEASING,24.47,24.47,23.32,24.47,24.47,23.31,,24.47,,,1484,35799.0,5,F1,1,,,,,
2025-09-03,2025-09-03,CM,BSE,STK,532011,INE147C01017,POOJAENT,XT,,,,,VASHU BHAGNANI INDUSTRIES LIMI,127.15,127.15,127.15,127.15,127.15,129.7,,127.15,,,176485,22440067.0,35,F1,1,,,,,
2025-09-03,2025-09-03,CM,BSE,STK,532015,INE995A01013,GRAVITY,XT,,,,,GRAVITY (INDIA) LTD.,6.57,6.57,6.19,6.19,6.19,6.51,,6.19,,,12066,75494.0,8,F1,1,,,,,
2025-09-03,2025-09-03,CM,BSE,STK,532016,INE176O01011,ESPIRE,XT,,,,,ESPIRE HOSPITALITY LIMITED,507.0,507.55,496.75,496.75,496.75,506.85,,496.75,,,1074,535110.0,24,F1,1,,,,,
2025-09-03,2025-09-03,CM,BSE,STK,532019,INE938A01021,LCCINFOTEC,B,,,,,LCC INFOTECH LTD.,4.58,4.71,4.37,4.38,4.37,4.58,,4.39,,,14554,64186.0,49,F1,1,,,,,
2025-09-03,2025-09-03,CM,BSE,STK,532022,INE185E01021,FILATFASH,B,,,,,FILATEX FASHIONS LTD.,0.54,0.55,0.53,0.54,0.54,0.53,,0.53,,,7198983,3864314.0,679,F1,1,,,,,
2025-09-03,2025-09-03,CM,BSE,STK,532029,INE325D01025,SINDHUTRAD,B,,,,,SINDHU TRADE LINKS LIMITED,25.02,25.45,24.82,24.95,24.94,24.83,,24.96,,,108205,2704790.0,617,F1,1,,,,,
2025-09-03,2025-09-03,CM,BSE,STK,532039,INE486F01012,ZENOTECH,X,,,,,ZENOTECH LABORATORIES LTD.,57.15,57.15,54.9,55.92,55.71,56.0,,55.92,,,2105,117081.0,53,F1,1,,,,,
2025-09-03,2025-09-03,CM,BSE,STK,532041,INE597C01021,HINDBIO,X,,,,,HINDUSTAN BIO SCIENCES LTD.,8.1,8.45,8.05,8.1,8.1,8.06,,8.1,,,1806,14542.0,15,F1,1,,,,,
2025-09-03,2025-09-03,CM,BSE,STK,532042,INE092D01013,FRONTCORP,X,,,,,FRONTLINE CORPORATION LTD.,51.51,51.51,49.99,49.99,49.99,50.26,,49.99,,,75,3753.0,8,F1,1,,,,,
2025-09-03,2025-09-03,CM,BSE,STK,532051,INE409B01013,SWELECTES,B,,,,,SWELECT ENERGY SYSTEMS LIMITED,714.1,724.95,714.1,718.85,718.55,714.1,,720.55,,,366,263873.0,51,F1,1,,,,,
2025-09-03,2025-09-03,CM,BSE,STK,532053,INE121B01014,WALLFORT,X,,,,,WALLFORT FINANCIAL SERVICES LT,124.0,124.0,116.55,118.05,117.1,116.6,,118.05,,,558,66244.0,20,F1,1,,,,,
2025-09-03,2025-09-03,CM,BSE,STK,532054,INE291D01011,KDDL,B,,,,,KDDL LTD.,2400.55,2464.75,2320.0,2333.3,2327.95,2378.6,,2326.2,,,1385,3319167.0,249,F1,1,,,,,
2025-09-03,2025-09-03,CM,BSE,STK,532056,INE398H01015,TRUSTEDGE,XT,,,,,Trustedge Capital Limited,108.25,108.25,108.25,108.25,108.25,110.45,,108.25,,,418,45248.0,14,F1,1,,,,,
2025-09-03,2025-09-03,CM,BSE,STK,532057,INE516F01016,ABHICAP,X,,,,,ABHINAV CAPITAL SERVICES LTD.,142.95,142.95,142.95,142.95,142.95,143.0,,142.95,,,2,285.0,2,F1,1,,,,,
2025-09-03,2025-09-03,CM,BSE,STK,532067,INE994E01018,3BBLACKBIO,B,,,,,3B BlackBio Dx Limited,1443.95,1468.0,1425.05,1449.25,1454.0,1424.55,,1449.25,,,8697,12474311.0,259,F1,1,,,,,
2025-09-03,2025-09-03,CM,BSE,STK,532070,INE311N01016,SUMUKA,XT,,,,,Sumuka Agro Industries Limited,247.75,249.95,238.1,247.9,246.5,247.75,,247.9,,,8706,2150338.0,102,F1,1,,,,,
2025-09-03,2025-09-03,CM,BSE,STK,532090,INE219M01021,ATVOENT,X,,,,,Atvo Enterprises Limited,17.65,17.65,16.8,16.83,17.0,17.09,,16.83,,,21614,366844.0,80,F1,1,,,,,
2025-09-03,2025-09-03,CM,BSE,STK,532092,INE807D01030,EPUJA,X,,,,,EPUJA SPIRITECH LIMITED,3.0,3.12,3.0,3.08,3.08,3.06,,3.08,,,310761,964275.0,122,F1,1,,,,,
2025-09-03,2025-09-03,CM,BSE,STK,532100,INE456B01014,INDOCITY,X,,,,,INDO-CITY INFOTECH LTD.,11.63,11.74,10.67,11.04,11.0,11.55,,11.04,,,4518,49416.0,43,F1,1,,,,,
2025-09-03,2025-09-03,CM,BSE,STK,532102,INE948G01019,SBECSUG,XT,,,,,SBEC SUGAR LTD.,40.7,40.7,36.97,39.99,40.0,38.91,,39.99,,,2519,97165.0,51,F1,1,,,,,
2025-09-03,2025-09-03,CM,BSE,STK,532113,INE957E01031,BRIJLEAS,X,,,,,BRIJLAXMI LEASING & FINANCE LT,9.6,10.2,9.6,9.9,9.9,9.9,,9.9,,,852,8338.0,14,F1,1,,,,,
2025-09-03,2025-09-03,CM,BSE,STK,532123,INE395A01016,BSELALGO,X,,,,,BSEL ALGO LIMITED,6.75,6.75,6.51,6.67,6.61,6.63,,6.67,,,149607,983262.0,366,F1,1,,,,,
2025-09-03,2025-09-03,CM,BSE,STK,532124,INE419H01019,RELIABVEN,XT,,,,,RELIABLE VENTURES INDIA LTD.,22.58,22.58,22.13,22.13,22.13,22.58,,22.13,,,824,18303.0,14,F1,1,,,,,
2025-09-03,2025-09-03,CM,BSE,STK,532131,INE382B01012,TRIUMPIN,XT,,,,,TRIUMPH INTERNATIONAL FINANCE,37.15,39.95,36.35,36.35,36.35,38.26,,36.35,,,12007,440984.0,105,F1,1,,,,,
2025-09-03,2025-09-03,CM,BSE,STK,532134,INE028A01039,BANKBARODA,A,,,,,BANK OF BARODA,237.8,239.05,236.95,238.5,238.45,236.6,,238.43,,,987052,234685356.0,2542,F1,1,,,,,
2025-09-03,2025-09-03,CM,BSE,STK,532140,INE154B01023,MOHITE,XT,,,,,MOHITE INDUSTRIES LIMITED,2.77,2.77,2.77,2.77,2.77,2.72,,2.77,,,90950,251931.0,102,F1,1,,,,,
2025-09-03,2025-09-03,CM,BSE,STK,532141,INE666E01020,ACL,T,,,,,ANDHRA CEMENTS LTD.,97.77,97.77,88.47,94.86,94.9,93.12,,94.95,,,65288,6178541.0,401,F1,1,,,,,
2025-09-03,2025-09-03,CM,BSE,STK,532143,INE411D01015,SKMEGGPROD,T,,,,,SKM EGG PRODUCTS EXPORT (INDIA,364.0,369.9,348.1,368.65,368.65,366.15,,367.35,,,11441,4138939.0,265,F1,1,,,,,
2025-09-03,2025-09-03,CM,BSE,STK,532144,INE191B01025,WELCORP,A,,,,,WELSPUN CORP LIMITED,830.7,855.0,822.5,852.0,852.0,824.45,,852.35,,,37757,31970515.0,1623,F1,1,,,,,
2025-09-03,2025-09-03,CM,BSE,STK,532145,INE731B01010,HOTLSILV,X,,,,,H.S.INDIA LTD.,11.83,12.45,11.83,12.37,12.37,12.36,,12.37,,,2129,26144.0,16,F1,1,,,,,
2025-09-03,2025-09-03,CM,BSE,STK,532149,INE084A01016,BANKINDIA,A,,,,,BANK OF INDIA,112.95,113.75,112.85,113.6,113.6,112.9,,113.57,,,72951,8268942.0,925,F1,1,,,,,
2025-09-03,2025-09-03,CM,BSE,STK,532150,INE681B01017,INDRAMEDCO,A,,,,,INDRAPRASTHA MEDICAL CORP.LTD.,459.9,480.75,457.6,478.4,480.75,456.7,,477.9,,,19858,9400321.0,984,F1,1,,,,,
2025-09-03,2025-09-03,CM,BSE,STK,532154,INE560F01022,JOHNPHARMA,X,,,,,JOHNSON PHARMACARE LIMITED,0.8,0.82,0.79,0.8,0.8,0.8,,0.8,,,896224,712761.0,827,F1,1,,,,,
2025-09-03,2025-09-03,CM,BSE,STK,532155,INE129A01019,GAIL,A,,,,,GAIL (INDIA) LTD.,180.0,181.25,177.05,178.0,178.0,179.35,,178.02,,,222642,39815102.0,3802,F1,1,,,,,
2025-09-03,2025-09-03,CM,BSE,STK,532156,INE884A01027,VAIBHAVGBL,A,,,,,VAIBHAV GLOBAL LTD,219.45,221.15,217.65,220.65,219.85,219.65,,220.71,,,24203,5330853.0,676,F1,1,,,,,
2025-09-03,2025-09-03,CM,BSE,STK,532159,INE088D01011,TRESCON,X,,,,,TRESCON LIMITED,11.0,11.3,10.06,10.84,11.3,10.67,,10.84,,,1244,12858.0,13,F1,1,,,,,
2025-09-03,2025-09-03,CM,BSE,STK,532160,INE944A01011,GUJSTATFIN,B,,,,,GUJARAT STATE FINANCIAL CORPOR,15.65,15.65,14.06,14.82,14.83,15.0,,14.82,,,30717,456952.0,157,F1,1,,,,,
2025-09-03,2025-09-03,CM,BSE,STK,532162,INE789E01012,JKPAPER,A,,,,,JK PAPER LTD.,386.0,391.5,382.45,390.0,390.0,387.85,,390.1,,,30192,11685893.0,1169,F1,1,,,,,
2025-09-03,2025-09-03,CM,BSE,STK,532163,INE979A01025,SAREGAMA,A,,,,,SAREGAMA INDIA LTD.,492.05,498.4,490.2,493.7,493.7,491.7,,494.6,,,3791,1872482.0,221,F1,1,,,,,
2025-09-03,2025-09-03,CM,BSE,STK,532164,INE514C01026,MINOLTAF,Z,,,,,MINOLTA FINANCE LTD.,1.24,1.24,1.17,1.17,1.17,1.23,,1.17,,,6520,7635.0,9,F1,1,,,,,
2025-09-03,2025-09-03,CM,BSE,STK,532172,INE737B01033,ADROITINFO,B,,,,,Adroit Infotech Limited,10.56,10.65,10.26,10.56,10.62,10.7,,10.56,,,4252,44560.0,48,F1,1,,,,,
2025-09-03,2025-09-03,CM,BSE,STK,532173,INE214A01019,CYBERTECH,B,,,,,CYBERTECH SYSTEMS AND SOFTWARE,156.0,158.1,154.8,155.2,155.8,154.35,,155.02,,,1476,231568.0,55,F1,1,,,,,
2025-09-03,2025-09-03,CM,BSE,STK,532174,INE090A01021,ICICIBANK,A,,,,,ICICI BANK LTD.,1391.0,1400.0,1383.9,1397.15,1397.15,1394.45,,1397.0,,,120826,168206211.0,14199,F1,1,,,,,
2025-09-03,2025-09-03,CM,BSE,STK,532175,INE136B01020,CYIENT,A,,,,,CYIENT LIMITED,1206.15,1218.55,1185.35,1206.15,1210.15,1203.1,,1203.3,,,19554,23403459.0,1518,F1,1,,,,,
2025-09-03,2025-09-03,CM,BSE,STK,532178,INE510A01028,ENGINERSIN,A,,,,,ENGINEERS INDIA LTD.,203.25,206.15,201.15,201.85,201.85,203.2,,201.93,,,66346,13491414.0,1206,F1,1,,,,,
2025-09-03,2025-09-03,CM,BSE,STK,532180,INE680A01011,DHANBANK,B,,,,,DHANLAXMI BANK LIMITED,25.03,25.27,24.7,24.96,24.99,25.07,,24.97,,,195833,4874029.0,522,F1,1,,,,,
2025-09-03,2025-09-03,CM,BSE,STK,532181,INE131A01031,GMDCLTD,A,,,,,GUJARAT MINERAL DEVELOPMENT CO,440.05,465.0,439.1,459.5,459.5,439.75,,459.7,,,381570,173768257.0,7314,F1,1,,,,,
2025-09-03,2025-09-03,CM,BSE,STK,532183,INE622E01023,GAYATRI,XT,,,,,GAYATRI SUGARS LTD.,11.44,11.44,11.22,11.44,11.44,11.44,,11.44,,,42112,478183.0,69,F1,1,,,,,
2025-09-03,2025-09-03,CM,BSE,STK,532187,INE095A01012,INDUSINDBK,A,,,,,INDUSIND BANK LTD.,745.1,769.0,745.1,768.3,768.3,751.35,,768.1,,,111563,85028421.0,3973,F1,1,,,,,
2025-09-03,2025-09-03,CM,BSE,STK,532189,INE353K01014,ITDC,B,,,,,INDIA TOURISM DEVELOPMENT CORP,543.45,562.65,543.0,558.6,559.0,539.9,,556.45,,,3298,1832015.0,395,F1,1,,,,,
2025-09-03,2025-09-03,CM,BSE,STK,532209,INE168A01041,J&KBANK,A,,,,,JAMMU & KASHMIR BANK LTD.,102.21,103.3,102.07,102.82,102.92,102.57,,102.84,,,88290,9066730.0,690,F1,1,,,,,
2025-09-03,2025-09-03,CM,BSE,STK,532210,INE491A01021,CUB,A,,,,,CITY UNION BANK LTD.,204.95,204.95,195.85,198.1,198.1,200.7,,197.98,,,33467,6641594.0,1090,F1,1,,,,,
2025-09-03,2025-09-03,CM,BSE,STK,532212,INE731A01020,ARCHIES,T,,,,,ARCHIES LTD.,18.96,18.96,18.5,18.5,18.5,18.51,,18.51,,,7207,133638.0,19,F1,1,,,,,
2025-09-03,2025-09-03,CM,BSE,STK,532215,INE238A01034,AXISBANK,A,,,,,AXIS BANK LTD.,1055.65,1065.0,1045.1,1054.45,1054.45,1055.7,,1054.7,,,84683,89392491.0,5768,F1,1,,,,,
2025-09-03,2025-09-03,CM,BSE,STK,532216,INE550B01022,HBSL,T,,,,,HB STOCKHOLDINGS LTD.,78.0,79.0,76.0,76.02,76.0,77.87,,76.89,,,1232,94655.0,9,F1,1,,,,,
2025-09-03,2025-09-03,CM,BSE,STK,532217,INE027F01014,SIELFNS,XT,,,,,SIEL FINANCIAL SERVICES LTD.,22.42,22.42,22.41,22.42,22.42,21.99,,22.42,,,147790,3313025.0,72,F1,1,,,,,
2025-09-03,2025-09-03,CM,BSE,STK,532218,INE683A01023,SOUTHBANK,A,,,,,SOUTH INDIAN BANK LTD.,29.46,29.67,29.36,29.48,29.48,29.5,,29.46,,,530590,15650462.0,3849,F1,1,,,,,
2025-09-03,2025-09-03,CM,BSE,STK,532219,INE306C01019,ENERGYDEV,T,,,,,ENERGY DEVELOPMENT COMPANY LTD,19.75,20.42,19.4,20.42,20.42,20.2,,19.95,,,7290,143304.0,60,F1,1,,,,,
2025-09-03,2025-09-03,CM,BSE,STK,532221,INE269A01021,SONATSOFTW,A,,,,,SONATA SOFTWARE LTD.,356.3,362.3,355.4,359.35,361.5,356.3,,359.55,,,54925,19655239.0,1440,F1,1,,,,,
2025-09-03,2025-09-03,CM,BSE,STK,532230,INE665D01016,BENGALT,X,,,,,BENGAL TEA & FABRICS LTD.,126.5,139.0,126.5,137.0,137.0,135.6,,137.0,,,732,100635.0,34,F1,1,,,,,
2025-09-03,2025-09-03,CM,BSE,STK,532234,INE139A01034,NATIONALUM,A,,,,,NATIONAL ALUMINIUM CO.LTD.,201.25,208.25,201.25,207.1,207.1,200.35,,207.12,,,649224,133559239.0,5507,F1,1,,,,,
2025-09-03,2025-09-03,CM,BSE,STK,532240,INE092B01025,INDNIPPON,B,,,,,INDIA NIPPON ELECTRICALS LTD.,835.05,850.0,825.05,845.55,845.5,831.45,,846.0,,,3238,2723174.0,582,F1,1,,,,,
2025-09-03,2025-09-03,CM,BSE,STK,532256,INE023A01030,NSIL,B,,,,,NALWA SONS INVESTMENTS LTD.,6840.0,7204.45,6840.0,7074.2,7120.9,6815.1,,7079.5,,,1126,7980487.0,441,F1,1,,,,,
2025-09-03,2025-09-03,CM,BSE,STK,532259,INE372A01015,APARINDS,A,,,,,APAR INDUSTRIES LTD.,7929.0,7970.0,7842.0,7862.1,7862.1,7870.3,,7862.5,,,1225,9649300.0,378,F1,1,,,,,
2025-09-03,2025-09-03,CM,BSE,STK,532262,INE920B01019,TCIIND,X,,,,,TCI INDUSTRIES LTD.,1365.0,1365.0,1365.0,1365.0,1365.0,1315.05,,1365.0,,,4,5460.0,3,F1,1,,,,,
2025-09-03,2025-09-03,CM,BSE,STK,532268,INE793A01012,ACCELYA,B,,,,,ACCELYA SOLUTIONS INDIA LIMITE,1409.95,1418.9,1399.0,1401.95,1401.95,1407.1,,1402.2,,,1385,1954771.0,224,F1,1,,,,,
2025-09-03,2025-09-03,CM,BSE,STK,532271,INE215B01022,ORCHASP,B,,,,,ORCHASP LIMITED,2.99,2.99,2.79,2.85,2.87,2.91,,2.83,,,69549,199359.0,131,F1,1,,,,,
2025-09-03,2025-09-03,CM,BSE,STK,532275,INE394C01023,LANDMARC,XT,,,,,LANDMARC LEISURE CORPORATION L,3.46,3.46,3.14,3.14,3.14,3.3,,3.14,,,506745,1689121.0,502,F1,1,,,,,
2025-09-03,2025-09-03,CM,BSE,STK,532281,INE860A01027,HCLTECH,A,,,,,HCL TECHNOLOGIES LTD.,1470.05,1471.55,1453.0,1466.2,1466.9,1464.95,,1466.1,,,69506,101288764.0,2057,F1,1,,,,,
2025-09-03,2025-09-03,CM,BSE,STK,532284,INE389D01013,TCFCFINQ,X,,,,,TCFC FINANCE LTD.,46.79,46.79,44.0,44.19,44.89,45.54,,44.19,,,4779,213267.0,65,F1,1,,,,,
2025-09-03,2025-09-03,CM,BSE,STK,532285,INE007B01023,GEOJITFSL,B,,,,,Geojit Financial Services Limi,74.5,77.6,74.5,77.18,76.9,74.21,,77.25,,,117155,8990628.0,1404,F1,1,,,,,
2025-09-03,2025-09-03,CM,BSE,STK,532286,INE749A01030,JINDALSTEL,A,,,,,JINDAL STEEL LIMITED,974.45,1030.1,973.35,1029.15,1028.45,974.95,,1028.4,,,150619,152786259.0,6712,F1,1,,,,,
2025-09-03,2025-09-03,CM,BSE,STK,532290,INE791A01024,BLBLIMITED,B,,,,,BLB LTD.,15.9,16.3,15.66,16.23,16.3,15.9,,16.17,,,7407,119862.0,82,F1,1,,,,,
2025-09-03,2025-09-03,CM,BSE,STK,532296,INE935A01035,GLENMARK,A,,,,,GLENMARK PHARMACEUTICALS LTD.,1938.05,2008.05,1930.8,2005.2,2005.2,1918.75,,2004.4,,,32561,64567792.0,3899,F1,1,,,,,
2025-09-03,2025-09-03,CM,BSE,STK,532300,INE049B01025,WOCKPHARMA,A,,,,,WOCKHARDT LTD.,1414.45,1497.8,1414.45,1486.5,1486.5,1415.0,,1487.9,,,33529,49171144.0,2405,F1,1,,,,,
2025-09-03,2025-09-03,CM,BSE,STK,532303,INE934A01012,INTEGHIT,XT,,,,,INTEGRATED HITECH LTD.,3.18,3.18,3.01,3.01,3.05,3.03,,3.01,,,6186,19109.0,22,F1,1,,,,,
2025-09-03,2025-09-03,CM,BSE,STK,532304,INE602C01011,KJMCCORP,X,,,,,KJMC CORPORATE ADVISORS (INDIA,66.0,70.0,66.0,67.6,67.6,69.2,,67.6,,,189,12975.0,23,F1,1,,,,,
2025-09-03,2025-09-03,CM,BSE,STK,532305,INE915B01019,INDSWFTLAB,T,,,,,IND-SWIFT LABORATORIES LTD.,96.9,103.89,96.9,102.43,102.0,99.59,,102.57,,,9002,908671.0,179,F1,1,,,,,
2025-09-03,2025-09-03,CM,BSE,STK,532309,INE878A01011,GVPIL,B,,,,,GE Power India Ltd,351.8,370.05,349.9,366.85,367.0,351.5,,367.25,,,14845,5386176.0,810,F1,1,,,,,
2025-09-03,2025-09-03,CM,BSE,STK,532310,INE879A01019,SHREERAMA,B,,,,,SHREE RAMA MULTI-TECH LTD.,62.5,63.3,60.26,62.37,62.37,62.35,,62.42,,,108954,6803249.0,916,F1,1,,,,,
2025-09-03,2025-09-03,CM,BSE,STK,532313,INE813A01018,MAHLIFE,A,,,,,MAHINDRA LIFESPACE DEVELOPERS,345.1,355.95,345.1,353.9,352.35,350.25,,353.5,,,13265,4685109.0,469,F1,1,,,,,
2025-09-03,2025-09-03,CM,BSE,STK,532315,INE042B01012,GROARC,X,,,,,GROARC INDUSTRIES INDIA LIMITE,7.2,7.2,6.7,6.71,6.98,7.08,,6.71,,,4847,32683.0,15,F1,1,,,,,
2025-09-03,2025-09-03,CM,BSE,STK,532320,INE418B01048,VAARAD,X,,,,,VAARAD VENTURES LTD,12.48,12.96,12.11,12.39,12.53,12.48,,12.39,,,2512,30834.0,25,F1,1,,,,,
2025-09-03,2025-09-03,CM,BSE,STK,532321,INE010B01027,ZYDUSLIFE,A,,,,,Zydus Lifesciences Limited,1001.0,1013.85,999.85,1008.35,1008.35,996.2,,1008.2,,,53763,54191713.0,3073,F1,1,,,,,
2025-09-03,2025-09-03,CM,BSE,STK,532323,INE555C01029,SHIVACEM,B,,,,,SHIVA CEMENT LTD.,30.65,30.75,30.12,30.47,30.47,30.76,,30.47,,,155561,4757460.0,580,F1,1,,,,,
2025-09-03,2025-09-03,CM,BSE,STK,532324,INE039B01026,CINEVISTA,T,,,,,CINEVISTA LTD.,17.0,18.34,17.0,18.24,18.24,17.5,,17.21,,,61,1084.0,11,F1,1,,,,,
2025-09-03,2025-09-03,CM,BSE,STK,532326,INE781A01025,INTENTECH,B,,,,,INTENSE TECHNOLOGIES LTD.,88.88,90.14,87.13,90.05,90.13,86.58,,89.68,,,3014,269715.0,38,F1,1,,,,,
2025-09-03,2025-09-03,CM,BSE,STK,532329,INE310B01013,DANLAW,X,,,,,DANLAW TECHNOLOGIES INDIA LTD.,909.6,939.95,867.3,890.75,912.0,909.6,,890.75,,,10462,9462573.0,377,F1,1,,,,,
2025-09-03,2025-09-03,CM,BSE,STK,532331,INE031B01049,AJANTPHARM,A,,,,,AJANTA PHARMA LTD.,2470.0,2578.45,2446.65,2556.1,2560.4,2478.7,,2557.5,,,4814,12179372.0,826,F1,1,,,,,
2025-09-03,2025-09-03,CM,BSE,STK,532333,INE638B01025,HBPOR,X,,,,,HB PORTFOLIO LTD.,84.9,84.9,80.43,81.33,81.0,78.93,,81.33,,,2478,203673.0,53,F1,1,,,,,
2025-09-03,2025-09-03,CM,BSE,STK,532334,INE640B01021,HBESD,X,,,,,HB ESTATE DEVELOPERS LTD.,84.0,84.0,77.01,80.91,80.55,81.96,,80.91,,,1586,129500.0,20,F1,1,,,,,
2025-09-03,2025-09-03,CM,BSE,STK,532335,INE792B01012,AMBICAAGAR,B,,,,,AMBICA AGARBATHIES & AROMA IND,26.99,27.74,26.99,27.62,27.62,27.12,,27.02,,,1707,46871.0,23,F1,1,,,,,
2025-09-03,2025-09-03,CM,BSE,STK,532339,INE453B01029,COMPUSOFT,B,,,,,COMPUCOM SOFTWARE LTD.,19.44,19.45,19.11,19.25,19.11,19.21,,19.32,,,5936,114547.0,94,F1,1,,,,,
2025-09-03,2025-09-03,CM,BSE,STK,532340,INE369B01019,OMNIAX,XT,,,,,OMNI AXS SOFTWARE LTD.,5.5,5.55,5.5,5.55,5.55,5.29,,5.55,,,25372,140129.0,41,F1,1,,,,,
2025-09-03,2025-09-03,CM,BSE,STK,532341,INE848A01014,IZMO,T,,,,,IZMO Limited,674.0,704.8,650.0,703.1,704.8,671.25,,703.1,,,50797,35393818.0,928,F1,1,,,,,
2025-09-03,2025-09-03,CM,BSE,STK,532343,INE494B01023,TVSMOTOR,A,,,,,TVS MOTOR COMPANY LTD.,3380.2,3413.55,3352.15,3400.1,3400.1,3368.05,,3400.3,,,12368,41934712.0,2017,F1,1,,,,,
2025-09-03,2025-09-03,CM,BSE,STK,532344,INE002B01016,SOFTSOL,X,,,,,SOFTSOL INDIA LTD.,267.0,267.0,251.0,251.65,251.3,250.0,,251.65,,,254,66004.0,21,F1,1,,,,,
2025-09-03,2025-09-03,CM,BSE,STK,532345,INE152B01027,ACLGATI,B,,,,,ALLCARGO GATI LIMITED,61.01,63.5,61.01,62.34,62.34,61.66,,62.29,,,23753,1485697.0,493,F1,1,,,,,
2025-09-03,2025-09-03,CM,BSE,STK,532348,INE754A01055,SUBEXLTD,T,,,,,SUBEX LTD.,12.64,13.05,12.6,12.97,12.97,12.76,,12.94,,,145943,1889507.0,386,F1,1,,,,,
2025-09-03,2025-09-03,CM,BSE,STK,532349,INE688A01022,TCI,B,,,,,TRANSPORT CORPORATION OF INDIA,1136.05,1183.2,1130.0,1175.25,1183.2,1152.3,,1178.4,,,1226,1419187.0,314,F1,1,,,,,
2025-09-03,2025-09-03,CM,BSE,STK,532350,INE243B01016,PADMALAYAT,Z,,,,,PADMALAYA TELEFILMS LTD.,4.4,4.5,4.34,4.5,4.5,4.29,,4.5,,,4772,21123.0,17,F1,1,,,,,
2025-09-03,2025-09-03,CM,BSE,STK,532351,INE523B01011,AKSHOPTFBR,B,,,,,AKSH OPTIFIBRE LTD.,8.17,8.39,8.0,8.2,8.1,7.96,,8.22,,,203348,1657089.0,469,F1,1,,,,,
2025-09-03,2025-09-03,CM,BSE,STK,532354,INE400B01020,VIRGOGLOB,X,,,,,Virgo Global Limited,5.3,5.3,5.29,5.29,5.29,5.05,,5.29,,,864,4570.0,11,F1,1,,,,,
2025-09-03,2025-09-03,CM,BSE,STK,532355,INE448B01029,PICTUREHS,X,,,,,PICTUREHOUSE MEDIA LTD.,8.9,9.7,8.0,8.22,8.5,8.9,,8.22,,,12175,104920.0,81,F1,1,,,,,
2025-09-03,2025-09-03,CM,BSE,STK,532356,INE256C01024,TRIVENI,A,,,,,TRIVENI ENGINEERING & INDUSTRI,364.75,368.5,358.5,366.4,366.4,360.6,,366.55,,,33646,12284497.0,1185,F1,1,,,,,
2025-09-03,2025-09-03,CM,BSE,STK,532357,INE374B01019,MUKTAARTS,B,,,,,MUKTA ARTS LTD.,68.51,69.45,67.95,68.68,68.93,69.35,,68.95,,,3201,220128.0,59,F1,1,,,,,
2025-09-03,2025-09-03,CM,BSE,STK,532359,INE309B01023,HITKITGLO,X,,,,,HIT KIT GLOBAL SOLUTIONS LTD.,1.25,1.25,1.12,1.23,1.23,1.17,,1.23,,,47932,58766.0,71,F1,1,,,,,
2025-09-03,2025-09-03,CM,BSE,STK,532362,INE099E01016,NAGPI,X,,,,,NAGPUR POWER & INDUSTRIES LTD.,101.99,101.99,98.3,99.02,99.99,100.83,,99.02,,,1501,149511.0,24,F1,1,,,,,
2025-09-03,2025-09-03,CM,BSE,STK,532365,INE417B01040,DSSL,B,,,,,DYNACONS SYSTEMS & SOLUTIONS L,977.0,1006.25,969.9,978.4,979.0,967.5,,977.5,,,3415,3371281.0,482,F1,1,,,,,
2025-09-03,2025-09-03,CM,BSE,STK,532366,INE859A01011,PNBGILTS,B,,,,,PNB GILTS LTD.,97.99,99.59,97.88,98.98,99.06,97.99,,99.01,,,14851,1469265.0,245,F1,1,,,,,
2025-09-03,2025-09-03,CM,BSE,STK,532368,INE425B01027,BCG,B,,,,,BRIGHTCOM GROUP LIMITED,15.75,15.96,15.46,15.8,15.8,15.78,,15.79,,,2494225,39224798.0,3667,F1,1,,,,,
2025-09-03,2025-09-03,CM,BSE,STK,532369,INE614A01028,RAMCOIND,B,,,,,RAMCO INDUSTRIES LTD.,301.45,311.95,301.45,308.2,308.1,307.45,,308.0,,,2464,763474.0,134,F1,1,,,,,
2025-09-03,2025-09-03,CM,BSE,STK,532370,INE246B01019,RAMCOSYS,T,,,,,RAMCO SYSTEMS LTD.,432.0,438.0,427.0,431.0,431.0,425.35,,430.3,,,473,205485.0,22,F1,1,,,,,
2025-09-03,2025-09-03,CM,BSE,STK,532371,INE517B01013,TTML,T,,,,,TATA TELESERVICES (MAHARASHTRA,58.0,58.76,57.0,57.94,57.76,58.76,,57.95,,,190147,11016728.0,1816,F1,1,,,,,
2025-09-03,2025-09-03,CM,BSE,STK,532372,INE539B01017,VIRINCHI,T,,,,,Virinchi Limited,28.05,29.1,27.68,28.92,28.4,27.78,,28.93,,,14011,403270.0,57,F1,1,,,,,
2025-09-03,2025-09-03,CM,BSE,STK,532373,INE434B01029,WEPSOLN,X,,,,,WEP SOLUTIONS LTD.,24.75,27.1,24.05,26.7,26.7,24.75,,26.7,,,25189,651377.0,281,F1,1,,,,,
2025-09-03,2025-09-03,CM,BSE,STK,532374,INE089C01029,STLTECH,A,,,,,STERLITE TECHNOLOGIES LTD.,108.65,111.0,107.15,109.05,110.9,107.95,,109.08,,,274302,30020123.0,4198,F1,1,,,,,
2025-09-03,2025-09-03,CM,BSE,STK,532375,INE716B01029,TIPSMUSIC,A,,,,,TIPS MUSIC LIMITED,571.0,583.5,570.2,572.1,572.35,580.4,,571.65,,,7577,4351999.0,455,F1,1,,,,,
2025-09-03,2025-09-03,CM,BSE,STK,532376,INE398B01018,UMIYA-MRO,B,,,,,UMIYA BUILDCON LIMITED,81.62,82.4,81.1,81.98,81.75,81.46,,81.82,,,5372,440377.0,152,F1,1,,,,,
2025-09-03,2025-09-03,CM,BSE,STK,532378,INE464B01018,UNIVARTS,X,,,,,UNIVERSAL ARTS LTD.,5.39,5.39,4.6,4.6,4.6,4.5,,4.6,,,3532,16763.0,23,F1,1,,,,,
2025-09-03,2025-09-03,CM,BSE,STK,532379,INE683B01047,FIRSTFIN,XT,,,,,FIRST FINTEC LIMITED,8.24,8.65,8.24,8.64,8.64,8.24,,8.64,,,3073,26573.0,16,F1,1,,,,,
2025-09-03,2025-09-03,CM,BSE,STK,532380,INE893A01036,BABA,X,,,,,BABA ARTS LTD.,8.75,8.75,8.21,8.5,8.5,8.53,,8.5,,,25235,213219.0,75,F1,1,,,,,
2025-09-03,2025-09-03,CM,BSE,STK,532382,INE794B01026,BALAJITELE,T,,,,,BALAJI TELEFILMS LTD.,102.9,102.9,98.21,102.9,102.9,98.0,,105.7,,,14650,1493345.0,90,F1,1,,,,,
2025-09-03,2025-09-03,CM,BSE,STK,532384,INE443B01012,TYCHE,X,,,,,TYCHE INDUSTRIES LTD.,137.3,139.9,134.45,136.7,137.0,137.4,,136.7,,,2784,382231.0,58,F1,1,,,,,
2025-09-03,2025-09-03,CM,BSE,STK,532386,INE526B01014,CALSOFT,T,,,,,CALIFORNIA SOFTWARE CO.LTD.,16.8,16.8,15.67,15.98,16.0,16.24,,15.79,,,5006,78944.0,17,F1,1,,,,,
2025-09-03,2025-09-03,CM,BSE,STK,532387,INE392B01011,PNC,B,,,,,PRITISH NANDY COMMUNICATIONS L,37.73,40.69,35.63,37.35,37.35,37.73,,37.31,,,16503,634053.0,619,F1,1,,,,,
2025-09-03,2025-09-03,CM,BSE,STK,532388,INE565A01014,IOB,A,,,,,INDIAN OVERSEAS BANK,40.05,40.31,39.34,39.43,39.43,40.02,,39.47,,,702544,27840111.0,3911,F1,1,,,,,
2025-09-03,2025-09-03,CM,BSE,STK,532390,INE586B01026,TAJGVK,B,,,,,TAJGVK HOTELS & RESORTS LTD.,434.75,445.0,431.5,432.85,432.15,429.35,,432.15,,,24154,10553740.0,1347,F1,1,,,,,
2025-09-03,2025-09-03,CM,BSE,STK,532392,INE230B01021,CREATIVEYE,T,,,,,CREATIVE EYE LTD.,7.53,7.53,7.21,7.35,7.35,7.53,,7.35,,,4696,34040.0,24,F1,1,,,,,
2025-09-03,2025-09-03,CM,BSE,STK,532395,INE555B01013,AXISCADES,T,,,,,AXISCADES TECHNOLOGIES LIMITED,1340.0,1388.0,1335.0,1370.35,1370.35,1327.85,,1369.0,,,8100,11062777.0,591,F1,1,,,,,
2025-09-03,2025-09-03,CM,BSE,STK,532398,INE240C01028,UMESLTD,B,,,,,USHA MARTIN EDUCATION & SOLUTI,5.8,5.87,5.71,5.72,5.72,5.8,,5.77,,,1273,7349.0,38,F1,1,,,,,
2025-09-03,2025-09-03,CM,BSE,STK,532400,INE836A01035,BSOFT,A,,,,,BIRLASOFT LIMITED,376.35,378.7,373.5,377.0,378.7,376.65,,377.05,,,22063,8269962.0,816,F1,1,,,,,
2025-09-03,2025-09-03,CM,BSE,STK,532402,INE718B01017,USGTECH,X,,,,,USG TECH SOLUTIONS LTD.,9.4,9.54,8.65,9.52,9.54,9.09,,9.52,,,19404,177524.0,81,F1,1,,,,,
2025-09-03,2025-09-03,CM,BSE,STK,532404,INE856B01023,7TEC,X,,,,,SAVEN TECHNOLOGIES LTD.,49.47,49.47,47.85,48.36,48.7,48.22,,48.36,,,8091,391084.0,153,F1,1,,,,,
2025-09-03,2025-09-03,CM,BSE,STK,532406,INE005B01027,AVANTEL,A,,,,,AVANTEL LTD.,156.2,162.75,155.25,162.15,162.15,154.5,,162.09,,,433626,69436276.0,4132,F1,1,,,,,
2025-09-03,2025-09-03,CM,BSE,STK,532407,INE935B01025,MOSCHIP,A,,,,,MOSCHIP TECHNOLOGIES LIMITED,187.95,196.45,185.4,191.95,191.95,189.65,,192.55,,,3133675,598354940.0,36589,F1,1,,,,,
2025-09-03,2025-09-03,CM,BSE,STK,532408,INE933B01012,MEGASOFT,T,,,,,MEGASOFT LTD.,139.1,139.25,137.4,139.25,139.25,132.65,,139.74,,,15309,2120363.0,58,F1,1,,,,,
2025-09-03,2025-09-03,CM,BSE,STK,532410,INE330E01023,TRANSCOR,X,,,,,TRANSCORP INTERNATIONAL LTD.,24.99,24.99,23.61,24.22,24.27,24.11,,24.22,,,474,11405.0,28,F1,1,,,,,
2025-09-03,2025-09-03,CM,BSE,STK,532413,INE345B01019,CEREBRAINT,Z,,,,,CEREBRA INTEGRATED TECHNOLOGIE,7.09,7.45,7.0,7.29,7.3,7.17,,7.28,,,16696,120471.0,77,F1,1,,,,,
2025-09-03,2025-09-03,CM,BSE,STK,532416,INE747B01016,NEXTMEDIA,B,,,,,NEXT MEDIAWORKS LTD.,6.44,6.49,6.07,6.48,6.48,6.45,,6.34,,,688,4423.0,19,F1,1,,,,,
2025-09-03,2025-09-03,CM,BSE,STK,532419,INE178C01020,SMARTLINK,B,,,,,Smartlink Holdings Limited,150.3,150.35,146.0,146.5,146.25,151.2,,146.48,,,499,73184.0,36,F1,1,,,,,
2025-09-03,2025-09-03,CM,BSE,STK,532424,INE102D01028,GODREJCP,A,,,,,GODREJ CONSUMER PRODUCTS LTD.,1280.15,1291.35,1269.95,1274.4,1274.4,1284.75,,1275.5,,,17591,22491661.0,1583,F1,1,,,,,
2025-09-03,2025-09-03,CM,BSE,STK,532425,INE256D01014,GENUSPRIME,X,,,,,GENUS PRIME INFRA LIMITED,23.19,24.9,23.19,24.89,24.9,23.19,,24.89,,,10981,269649.0,43,F1,1,,,,,
2025-09-03,2025-09-03,CM,BSE,STK,532430,INE243D01012,BFUTILITIE,B,,,,,BF UTILITIES LTD.,819.8,848.9,816.75,829.6,830.0,813.05,,829.8,,,8711,7230352.0,714,F1,1,,,,,
2025-09-03,2025-09-03,CM,BSE,STK,532432,INE854D01024,UNITDSPR,A,,,,,UNITED SPIRITS LTD.,1339.85,1350.5,1326.0,1348.05,1343.6,1333.15,,1347.1,,,20020,26814688.0,2504,F1,1,,,,,
2025-09-03,2025-09-03,CM,BSE,STK,532435,INE799C01031,SANINFRA,X,,,,,SANMIT INFRA LIMITED,9.34,9.4,9.08,9.35,9.35,9.29,,9.35,,,15456,143679.0,137,F1,1,,,,,
2025-09-03,2025-09-03,CM,BSE,STK,532439,INE260D01016,OLECTRA,A,,,,,OLECTRA GREENTECH LIMITED,1563.05,1614.85,1562.0,1581.75,1581.0,1572.6,,1580.8,,,80703,128500517.0,4307,F1,1,,,,,
2025-09-03,2025-09-03,CM,BSE,STK,532440,INE943D01017,MPSLTD,B,,,,,MPS LTD.,2415.3,2415.3,2230.7,2245.8,2240.25,2286.5,,2245.5,,,948,2135526.0,275,F1,1,,,,,
2025-09-03,2025-09-03,CM,BSE,STK,532443,INE739E01017,CERA,A,,,,,CERA SANITARYWARE LTD.,6351.0,6377.2,6294.85,6310.75,6332.75,6351.0,,6308.0,,,492,3108300.0,192,F1,1,,,,,
2025-09-03,2025-09-03,CM,BSE,STK,532444,INE541C01037,TSPIRITUAL,XT,,,,,T.SPIRITUAL WORLD LTD.,2.0,2.04,2.0,2.0,2.0,2.04,,2.0,,,200,403.0,7,F1,1,,,,,
2025-09-03,2025-09-03,CM,BSE,STK,532454,INE397D01024,BHARTIARTL,A,,,,,BHARTI AIRTEL LTD.,1888.75,1891.85,1869.05,1883.7,1883.7,1888.75,,1883.9,,,100452,188730774.0,8404,F1,1,,,,,
2025-09-03,2025-09-03,CM,BSE,STK,532455,INE655D01025,SHALIWIR,X,,,,,SHALIMAR WIRES INDUSTRIES LTD.,20.45,23.9,20.45,21.64,21.52,20.26,,21.64,,,35790,798245.0,199,F1,1,,,,,
2025-09-03,2025-09-03,CM,BSE,STK,532456,INE070C01037,COMPINFO,Z,,,,,COMPUAGE INFOCOM LTD.,2.21,2.27,2.21,2.21,2.21,2.32,,2.17,,,6096,13594.0,30,F1,1,,,,,
2025-09-03,2025-09-03,CM,BSE,STK,532457,INE255D01024,GULPOLY,B,,,,,GULSHAN POLYOLS LTD.,164.5,164.9,161.45,162.75,162.5,163.1,,162.91,,,5845,954806.0,198,F1,1,,,,,
2025-09-03,2025-09-03,CM,BSE,STK,532460,INE838E01017,PONNIERODE,B,,,,,PONNI SUGARS (ERODE) LTD.,295.0,304.8,294.3,298.45,294.3,295.95,,301.1,,,2181,650858.0,144,F1,1,,,,,
2025-09-03,2025-09-03,CM,BSE,STK,532461,INE160A01022,PNB,A,,,,,PUNJAB NATIONAL BANK,102.8,104.5,102.65,104.3,104.4,102.85,,104.3,,,276209,28680688.0,2396,F1,1,,,,,
2025-09-03,2025-09-03,CM,BSE,STK,532466,INE881D01027,OFSS,A,,,,,ORACLE FINANCIAL SERVICES SOFT,8500.0,8551.3,8387.0,8412.9,8412.9,8471.65,,8412.5,,,2244,18931378.0,450,F1,1,,,,,
2025-09-03,2025-09-03,CM,BSE,STK,532467,INE550F01049,HAZOOR,X,,,,,HAZOOR MULTI PROJECTS LTD.,42.0,42.5,41.03,41.27,41.27,41.82,,41.27,,,273400,11321369.0,1179,F1,1,,,,,
2025-09-03,2025-09-03,CM,BSE,STK,532468,INE411F01010,KAMAHOLD,A,,,,,KAMA HOLDINGS LIMITED,3012.95,3014.9,2941.1,2986.6,2990.0,2983.2,,2986.6,,,2707,8058121.0,209,F1,1,,,,,
2025-09-03,2025-09-03,CM,BSE,STK,532475,INE266F01018,APTECHT,B,,,,,APTECH LTD.,132.6,135.55,132.6,133.65,133.65,132.6,,133.54,,,16939,2271117.0,665,F1,1,,,,,
2025-09-03,2025-09-03,CM,BSE,STK,532477,INE692A01016,UNIONBANK,A,,,,,UNION BANK OF INDIA,127.2,128.9,127.2,128.5,128.5,127.6,,128.46,,,142157,18244958.0,1143,F1,1,,,,,
2025-09-03,2025-09-03,CM,BSE,STK,532478,INE686F01025,UBL,A,,,,,UNITED BREWERIES LTD.,1846.8,1873.35,1825.65,1830.4,1830.4,1843.35,,1829.3,,,5456,10064064.0,533,F1,1,,,,,
2025-09-03,2025-09-03,CM,BSE,STK,532481,INE781B01015,NOIDATOLL,T,,,,,NOIDA TOLL BRIDGE COMPANY LTD.,4.67,4.67,4.65,4.67,4.67,4.45,,4.65,,,170749,796820.0,97,F1,1,,,,,
2025-09-03,2025-09-03,CM,BSE,STK,532482,INE101D01020,GRANULES,A,,,,,GRANULES INDIA LTD.,508.0,523.0,507.15,518.05,516.2,507.85,,518.45,,,65036,33533175.0,1847,F1,1,,,,,
2025-09-03,2025-09-03,CM,BSE,STK,532483,INE476A01022,CANBK,A,,,,,CANARA BANK,106.05,108.5,106.05,108.35,108.35,106.15,,108.33,,,395402,42554436.0,2762,F1,1,,,,,
2025-09-03,2025-09-03,CM,BSE,STK,532485,INE525F01025,BLIL,B,,,,,BALMER LAWRIE INVESTMENTS LTD.,93.55,95.2,93.5,94.73,94.73,93.37,,94.73,,,444070,42057432.0,2690,F1,1,,,,,
2025-09-03,2025-09-03,CM,BSE,STK,532486,INE637C01025,POKARNA,B,,,,,POKARNA LTD.,850.0,861.95,811.25,819.65,829.35,847.5,,819.75,,,9605,7948387.0,794,F1,1,,,,,
2025-09-03,2025-09-03,CM,BSE,STK,532488,INE361B01024,DIVISLAB,A,,,,,DIVIS LABORATORIES LTD.,6110.05,6189.0,6097.05,6164.0,6171.3,6121.75,,6164.0,,,2798,17191008.0,854,F1,1,,,,,
2025-09-03,2025-09-03,CM,BSE,STK,532493,INE386C01029,ASTRAMICRO,A,,,,,ASTRA MICROWAVE PRODUCTS LTD.,1031.05,1054.75,1031.05,1047.3,1051.2,1036.1,,1046.2,,,11888,12451794.0,829,F1,1,,,,,
2025-09-03,2025-09-03,CM,BSE,STK,532497,INE944F01028,RADICO,A,,,,,RADICO KHAITAN LTD.,2904.95,2948.15,2861.6,2900.9,2899.0,2893.55,,2902.1,,,7376,21542356.0,959,F1,1,,,,,
2025-09-03,2025-09-03,CM,BSE,STK,532500,INE585B01010,MARUTI,A,,,,,MARUTI SUZUKI INDIA LTD.,14870.5,14988.0,14745.0,14921.0,14921.0,14846.45,,14927.0,,,13312,197966674.0,2475,F1,1,,,,,
2025-09-03,2025-09-03,CM,BSE,STK,532503,INE296E01026,RAJPALAYAM,X,,,,,RAJAPALAYAM MILLS LTD.,878.95,884.5,864.95,865.0,865.1,868.8,,865.0,,,748,651679.0,53,F1,1,,,,,
2025-09-03,2025-09-03,CM,BSE,STK,532504,INE048G01026,NAVINFLUOR,A,,,,,NAVIN FLUORINE INTERNATIONAL L,4742.0,4895.0,4742.0,4847.3,4890.0,4755.3,,4843.0,,,4674,22610939.0,1073,F1,1,,,,,
2025-09-03,2025-09-03,CM,BSE,STK,532505,INE691A01018,UCOBANK,A,,,,,UCO BANK,28.9,29.0,28.71,28.76,28.77,28.85,,28.77,,,200395,5771970.0,1127,F1,1,,,,,
2025-09-03,2025-09-03,CM,BSE,STK,532507,INE116D01028,BAGFILMS,B,,,,,B.A.G.FILMS & MEDIA LTD.,6.85,6.85,6.37,6.54,6.54,6.44,,6.51,,,41074,267141.0,114,F1,1,,,,,
2025-09-03,2025-09-03,CM,BSE,STK,532508,INE220G01021,JSL,A,,,,,JINDAL STAINLESS LTD.,765.1,776.0,754.45,760.45,762.3,762.55,,760.65,,,38644,29556071.0,1739,F1,1,,,,,
2025-09-03,2025-09-03,CM,BSE,STK,532509,INE399C01030,SUPRAJIT,B,,,,,SUPRAJIT ENGINEERING LTD.,457.4,464.6,457.4,460.2,460.8,461.15,,461.05,,,2302,1061103.0,176,F1,1,,,,,
2025-09-03,2025-09-03,CM,BSE,STK,532513,INE236G01019,TVSELECT,T,,,,,TVS ELECTRONICS LTD.,405.5,411.45,403.75,410.0,410.0,406.05,,408.25,,,794,325039.0,42,F1,1,,,,,
2025-09-03,2025-09-03,CM,BSE,STK,532514,INE203G01027,IGL,A,,,,,INDRAPRASTHA GAS LTD.,216.45,220.3,216.45,218.8,219.9,216.85,,219.11,,,101135,22153898.0,1311,F1,1,,,,,
2025-09-03,2025-09-03,CM,BSE,STK,532515,INE038F01029,TVTODAY,B,,,,,TV TODAY NETWORK LTD.,151.55,153.0,150.0,152.45,153.0,151.55,,152.56,,,6540,992490.0,266,F1,1,,,,,
2025-09-03,2025-09-03,CM,BSE,STK,532521,INE218G01033,PALREDTEC,T,,,,,PALRED TECHNOLOGIES LIMITED,50.67,50.92,49.41,49.41,49.41,50.05,,49.2,,,269,13337.0,5,F1,1,,,,,
2025-09-03,2025-09-03,CM,BSE,STK,532522,INE347G01014,PETRONET,A,,,,,PETRONET LNG LTD.,277.25,278.8,275.4,277.25,277.4,277.45,,277.15,,,46383,12838807.0,1625,F1,1,,,,,
2025-09-03,2025-09-03,CM,BSE,STK,532523,INE376G01013,BIOCON,A,,,,,BIOCON LTD.,355.45,363.35,353.65,361.35,361.35,356.2,,361.55,,,69199,24931966.0,2065,F1,1,,,,,
2025-09-03,2025-09-03,CM,BSE,STK,532524,INE877F01012,PTC,A,,,,,PTC INDIA LTD.,178.1,181.0,178.0,179.3,179.1,180.2,,179.34,,,48777,8773475.0,1541,F1,1,,,,,
2025-09-03,2025-09-03,CM,BSE,STK,532525,INE457A01014,MAHABANK,A,,,,,BANK OF MAHARASHTRA,52.61,52.94,52.46,52.88,52.85,52.43,,52.83,,,310844,16382450.0,1316,F1,1,,,,,
2025-09-03,2025-09-03,CM,BSE,STK,532527,INE399G01023,RKFORGE,A,,,,,RAMKRISHNA FORGINGS LTD.,572.55,580.0,569.4,576.85,577.1,577.5,,576.6,,,12947,7436134.0,568,F1,1,,,,,
2025-09-03,2025-09-03,CM,BSE,STK,532528,INE365B01017,DATAMATICS,B,,,,,DATAMATICS GLOBAL SERVICES LTD,989.85,1045.0,985.75,1010.9,1009.75,989.8,,1013.1,,,53365,54387486.0,2484,F1,1,,,,,
2025-09-03,2025-09-03,CM,BSE,STK,532529,INE155G01029,NDTV,T,,,,,NEW DELHI TELEVISION LTD.,143.0,143.0,140.0,140.25,141.7,140.15,,139.82,,,6677,941046.0,118,F1,1,,,,,
2025-09-03,2025-09-03,CM,BSE,STK,532531,INE939A01011,STAR,A,,,,,STRIDES PHARMA SCIENCE LIMITED,887.05,913.1,882.9,896.85,893.05,893.75,,896.5,,,15226,13703789.0,689,F1,1,,,,,
2025-09-03,2025-09-03,CM,BSE,STK,532538,INE481G01011,ULTRACEMCO,A,,,,,ULTRATECH CEMENT LTD.,12729.0,12764.95,12657.3,12730.0,12730.0,12728.9,,12733.0,,,18357,233235048.0,1233,F1,1,,,,,
2025-09-03,2025-09-03,CM,BSE,STK,532539,INE405E01023,UNOMINDA,A,,,,,UNO Minda Limited,1301.4,1309.2,1279.65,1283.25,1283.25,1309.05,,1283.2,,,30408,39258310.0,2967,F1,1,,,,,
2025-09-03,2025-09-03,CM,BSE,STK,532540,INE467B01029,TCS,A,,,,,TATA CONSULTANCY SERVICES LTD.,3120.3,3142.65,3087.75,3098.2,3098.2,3112.15,,3097.5,,,172159,534200627.0,15817,F1,1,,,,,
2025-09-03,2025-09-03,CM,BSE,STK,532541,INE591G01025,COFORGE,A,,,,,COFORGE LIMITED,1745.0,1760.65,1719.75,1731.05,1734.25,1754.45,,1731.8,,,25969,45025905.0,1955,F1,1,,,,,
2025-09-03,2025-09-03,CM,BSE,STK,532543,INE586G01017,GULFPETRO,B,,,,,GP PETROLEUMS LTD,42.09,43.0,41.2,41.94,42.0,41.89,,42.05,,,19154,810333.0,167,F1,1,,,,,
2025-09-03,2025-09-03,CM,BSE,STK,532548,INE348B01021,CENTURYPLY,A,,,,,CENTURY PLYBOARDS (I) LTD.,775.0,780.75,767.3,778.55,779.7,772.9,,779.85,,,1836,1425868.0,272,F1,1,,,,,
2025-09-03,2025-09-03,CM,BSE,STK,532553,INE625G01013,WELENT,A,,,,,WELSPUN ENTERPRISES LIMTED,469.5,487.4,469.0,485.25,485.1,470.25,,485.35,,,3642,1726911.0,238,F1,1,,,,,
2025-09-03,2025-09-03,CM,BSE,STK,532555,INE733E01010,NTPC,A,,,,,NTPC LTD.,336.2,338.05,333.45,334.35,334.35,336.2,,334.25,,,1679616,564519075.0,5563,F1,1,,,,,
2025-09-03,2025-09-03,CM,BSE,STK,532604,INE658G01014,SALSTEEL,B,,,,,S.A.L.STEEL LTD.,18.01,18.3,17.35,18.2,18.25,18.2,,18.04,,,20421,365518.0,158,F1,1,,,,,
2025-09-03,2025-09-03,CM,BSE,STK,532605,INE927D01051,JBMA,A,,,,,JBM AUTO LTD.,612.35,623.65,608.75,614.3,614.95,611.35,,614.45,,,9050,5566333.0,439,F1,1,,,,,
2025-09-03,2025-09-03,CM,BSE,STK,532610,INE366A01041,DWARKESH,B,,,,,DWARIKESH SUGAR INDUSTRIES LTD,46.25,46.4,45.25,45.97,46.1,45.23,,45.96,,,170411,7792815.0,1515,F1,1,,,,,
2025-09-03,2025-09-03,CM,BSE,STK,532612,INE873D01024,INDOCO,B,,,,,INDOCO REMEDIES LTD.,274.9,284.7,272.95,282.6,280.0,276.85,,281.75,,,1769,491889.0,77,F1,1,,,,,
2025-09-03,2025-09-03,CM,BSE,STK,532613,INE450G01024,VIPCLOTHNG,B,,,,,VIP Clothing Limited,35.3,35.78,34.5,35.08,35.2,34.8,,34.96,,,34082,1193192.0,272,F1,1,,,,,
2025-09-03,2025-09-03,CM,BSE,STK,532614,INE691G01015,IMPEXFERRO,Z,,,,,IMPEX FERRO TECH LTD.,2.08,2.1,2.01,2.01,2.01,2.05,,2.09,,,4093,8481.0,9,F1,1,,,,,
2025-09-03,2025-09-03,CM,BSE,STK,532616,INE692G01013,XCHANGING,B,,,,,XCHANGING SOLUTIONS LTD.,89.83,91.0,89.34,89.72,89.52,89.61,,89.67,,,7908,710774.0,171,F1,1,,,,,
2025-09-03,2025-09-03,CM,BSE,STK,532621,INE161G01027,MORARJEE,Z,,,,,MORARJEE TEXTILES LTD.,8.9,8.9,8.75,8.76,8.75,9.0,,8.76,,,1031,9075.0,8,F1,1,,,,,
2025-09-03,2025-09-03,CM,BSE,STK,532624,INE796G01012,JINDALPHOT,B,,,,,JINDAL PHOTO LTD.,1148.9,1241.7,1143.25,1209.25,1209.25,1128.85,,1221.1,,,5403,6590628.0,610,F1,1,,,,,
2025-09-03,2025-09-03,CM,BSE,STK,532626,INE063E01053,POCL,B,,,,,PONDY OXIDES & CHEMICALS LTD.,1075.05,1173.55,1075.05,1164.4,1162.0,1081.8,,1165.4,,,79118,90693747.0,5347,F1,1,,,,,
2025-09-03,2025-09-03,CM,BSE,STK,532627,INE351F01018,JPPOWER,A,,,,,JAIPRAKASH POWER VENTURES LIMI,18.4,18.67,18.28,18.37,18.37,18.38,,18.36,,,3994510,73778803.0,6587,F1,1,,,,,
2025-09-03,2025-09-03,CM,BSE,STK,532628,INE748C01038,3IINFOLTD,B,,,,,3I INFOTECH LTD.,23.95,23.95,23.2,23.34,23.45,23.4,,23.4,,,39832,929538.0,371,F1,1,,,,,
2025-09-03,2025-09-03,CM,BSE,STK,532630,INE887G01027,GOKEX,A,,,,,GOKALDAS EXPORTS LTD.,736.9,738.1,723.0,735.45,735.3,739.35,,736.2,,,20790,15181702.0,670,F1,1,,,,,
2025-09-03,2025-09-03,CM,BSE,STK,532633,INE835G01018,ALLDIGI,B,,,,,Alldigi Tech Limited,977.95,980.0,950.0,968.4,966.4,955.15,,966.55,,,960,927966.0,155,F1,1,,,,,
2025-09-03,2025-09-03,CM,BSE,STK,532636,INE530B01024,IIFL,A,,,,,IIFL FINANCE LIMITED,438.25,444.0,434.05,437.75,439.75,438.35,,437.0,,,66425,29108294.0,1586,F1,1,,,,,
2025-09-03,2025-09-03,CM,BSE,STK,532637,INE584F01014,MANGALAM,B,,,,,MANGALAM DRUGS & ORGANICS LTD.,74.15,77.01,74.15,76.12,76.12,75.86,,76.16,,,1168,89263.0,63,F1,1,,,,,
2025-09-03,2025-09-03,CM,BSE,STK,532638,INE498B01024,SHOPERSTOP,A,,,,,SHOPPERS STOP LTD.,535.0,541.0,526.75,536.2,541.0,531.35,,539.55,,,360,192339.0,43,F1,1,,,,,
2025-09-03,2025-09-03,CM,BSE,STK,532640,INE278G01037,CYBERMEDIA,B,,,,,CYBER MEDIA (INDIA) LTD.,16.75,16.75,16.41,16.7,16.7,16.55,,16.54,,,144,2376.0,12,F1,1,,,,,
2025-09-03,2025-09-03,CM,BSE,STK,532641,INE875G01048,NDL,B,,,,,NANDAN DENIM LIMITED,3.49,3.57,3.46,3.46,3.47,3.44,,3.45,,,169501,592961.0,268,F1,1,,,,,
2025-09-03,2025-09-03,CM,BSE,STK,532642,INE824G01012,JSWHL,A,,,,,JSW HOLDINGS LIMITED,18010.0,18711.5,18009.95,18640.85,18462.0,17874.45,,18639.0,,,228,4175611.0,117,F1,1,,,,,
2025-09-03,2025-09-03,CM,BSE,STK,532644,INE823G01014,JKCEMENT,A,,,,,J.K.CEMENT LTD.,7010.0,7051.85,6737.05,6752.1,6772.55,6994.25,,6755.5,,,6262,42889629.0,1607,F1,1,,,,,
2025-09-03,2025-09-03,CM,BSE,STK,532645,INE052B01011,BEEYU,X,,,,,BEEYU OVERSEAS LTD.,3.13,3.44,3.1,3.44,3.44,3.13,,3.44,,,1723,5767.0,17,F1,1,,,,,
2025-09-03,2025-09-03,CM,BSE,STK,532648,INE528G01035,YESBANK,A,,,,,YES BANK LTD.,19.9,20.38,19.7,20.36,20.36,19.56,,20.35,,,28494803,573676743.0,56893,F1,1,,,,,
2025-09-03,2025-09-03,CM,BSE,STK,532649,INE023H01027,NECLIFE,T,,,,,NECTAR LIFESCIENCES LTD.,14.4,14.94,14.31,14.61,14.61,14.5,,14.51,,,27161,396395.0,121,F1,1,,,,,
2025-09-03,2025-09-03,CM,BSE,STK,532650,INE752G01015,MSPL,B,,,,,MSP STEEL & POWER LTD.,30.32,32.53,30.32,32.06,32.06,30.64,,31.97,,,16591,525726.0,204,F1,1,,,,,
2025-09-03,2025-09-03,CM,BSE,STK,532651,INE978G01016,SPLIL,B,,,,,SPL INDUSTRIES LTD.,44.75,44.75,38.07,39.5,39.5,39.07,,39.24,,,1108,42868.0,56,F1,1,,,,,
2025-09-03,2025-09-03,CM,BSE,STK,532652,INE614B01018,KTKBANK,A,,,,,KARNATAKA BANK LTD.,176.15,176.5,173.8,174.35,174.35,175.3,,174.46,,,63645,11131044.0,1864,F1,1,,,,,
2025-09-03,2025-09-03,CM,BSE,STK,532654,INE942G01012,MCLEODRUSS,B,,,,,MCLEOD RUSSEL INDIA LTD.,38.01,38.55,37.8,38.32,38.33,37.87,,38.32,,,17770,675203.0,115,F1,1,,,,,
2025-09-03,2025-09-03,CM,BSE,STK,532656,INE828G01013,FACORALL,X,,,,,FACOR ALLOYS LTD.,3.17,3.37,3.17,3.27,3.27,3.26,,3.27,,,27837,90991.0,137,F1,1,,,,,
2025-09-03,2025-09-03,CM,BSE,STK,532661,INE050H01012,RML,B,,,,,RANE (MADRAS) LTD.,852.7,864.3,850.0,860.85,861.65,852.55,,859.1,,,828,709150.0,93,F1,1,,,,,
2025-09-03,2025-09-03,CM,BSE,STK,532662,INE501G01024,HTMEDIA,T,,,,,HT MEDIA LTD.,25.95,26.97,25.86,25.9,25.9,25.75,,25.86,,,12507,327540.0,59,F1,1,,,,,
2025-09-03,2025-09-03,CM,BSE,STK,532663,INE231F01020,SASKEN,B,,,,,Sasken Technologies Limited,1428.0,1480.0,1421.4,1478.65,1478.75,1415.85,,1477.0,,,1329,1945693.0,174,F1,1,,,,,
2025-09-03,2025-09-03,CM,BSE,STK,532666,INE512B01022,FCSSOFT,B,,,,,FCS SOFTWARE SOLUTIONS LTD.,2.45,2.45,2.42,2.44,2.44,2.43,,2.44,,,440880,1073018.0,516,F1,1,,,,,
2025-09-03,2025-09-03,CM,BSE,STK,532667,INE040H01021,SUZLON,A,,,,,SUZLON ENERGY LTD.,58.34,58.73,57.93,58.0,58.0,58.21,,57.99,,,3045487,177547428.0,10821,F1,1,,,,,
2025-09-03,2025-09-03,CM,BSE,STK,532668,INE132H01018,AURIONPRO,A,,,,,AURIONPRO SOLUTIONS LTD.,1325.0,1325.0,1293.75,1295.7,1298.3,1314.55,,1295.8,,,4772,6247948.0,520,F1,1,,,,,
2025-09-03,2025-09-03,CM,BSE,STK,532670,INE087H01022,RENUKA,A,,,,,SHREE RENUKA SUGARS LTD.,32.76,33.25,32.18,32.55,32.65,32.44,,32.53,,,2829571,92541972.0,8303,F1,1,,,,,
2025-09-03,2025-09-03,CM,BSE,STK,532673,INE157H01023,KMSUGAR,B,,,,,K.M.SUGAR MILLS LTD.,30.92,30.92,29.1,29.3,29.4,29.28,,29.21,,,19405,568856.0,199,F1,1,,,,,
2025-09-03,2025-09-03,CM,BSE,STK,532674,INE186H01022,BASML,B,,,,,BANNARI AMMAN SPINNING MILLS L,28.26,29.55,28.26,29.4,29.4,29.0,,29.44,,,8463,245575.0,177,F1,1,,,,,
2025-09-03,2025-09-03,CM,BSE,STK,532676,INE160H01019,PBAINFRA,X,,,,,PBA INFRASTRUCTURE LTD.,12.99,14.76,12.85,12.96,13.35,12.77,,12.96,,,10278,138891.0,88,F1,1,,,,,
2025-09-03,2025-09-03,CM,BSE,STK,532683,INE212H01026,AIAENG,A,,,,,AIA ENGINEERING LTD.,3180.9,3180.9,3057.65,3075.3,3075.0,3112.7,,3075.3,,,3735,11485725.0,567,F1,1,,,,,
2025-09-03,2025-09-03,CM,BSE,STK,532684,INE184H01027,EKC,B,,,,,EVEREST KANTO CYLINDER LTD.,138.0,142.65,138.0,142.1,142.1,139.9,,142.08,,,55385,7836089.0,786,F1,1,,,,,
2025-09-03,2025-09-03,CM,BSE,STK,532686,INE202H01019,KERNEX,T,,,,,KERNEX MICROSYSTEMS (INDIA) LT,1135.3,1135.3,1085.0,1130.2,1130.2,1081.25,,1127.3,,,32589,36672650.0,849,F1,1,,,,,
2025-09-03,2025-09-03,CM,BSE,STK,532687,INE461B01014,REPRO,B,,,,,REPRO INDIA LTD.,458.9,463.3,449.65,456.55,456.7,451.15,,454.85,,,255,117283.0,51,F1,1,,,,,
2025-09-03,2025-09-03,CM,BSE,STK,532689,INE191H01014,PVRINOX,A,,,,,PVR INOX LIMITED,1110.95,1138.0,1106.55,1125.2,1125.2,1114.5,,1121.9,,,8279,9277444.0,766,F1,1,,,,,
2025-09-03,2025-09-03,CM,BSE,STK,532694,INE855F01042,ASMS,B,,,,,BARTRONICS INDIA LTD.,12.06,12.24,11.95,12.06,12.09,12.06,,12.02,,,22272,268802.0,190,F1,1,,,,,
2025-09-03,2025-09-03,CM,BSE,STK,532695,INE185H01016,CELEBRITY,B,,,,,CELEBRITY FASHIONS LTD.,12.89,12.89,12.36,12.51,12.39,12.59,,12.38,,,2038,25854.0,62,F1,1,,,,,
2025-09-03,2025-09-03,CM,BSE,STK,532698,INE229H01012,NITINSPIN,B,,,,,NITIN SPINNERS LTD.,339.75,341.85,331.85,334.1,334.1,340.95,,333.85,,,4161,1394475.0,324,F1,1,,,,,
2025-09-03,2025-09-03,CM,BSE,STK,532699,INE283H01019,ROHLTD,B,,,,,ROYAL ORCHID HOTELS LTD.,560.6,587.3,539.75,551.35,552.3,571.35,,553.2,,,50551,28428822.0,2425,F1,1,,,,,
2025-09-03,2025-09-03,CM,BSE,STK,532700,INE265F01028,ENIL,B,,,,,ENTERTAINMENT NETWORK (INDIA),165.7,166.75,161.35,162.7,162.7,164.7,,163.17,,,684,112892.0,52,F1,1,,,,,
2025-09-03,2025-09-03,CM,BSE,STK,532701,INE266H01014,CELLA,Z,,,,,CELLA SPACE LIMITED,16.07,16.09,14.83,15.34,15.81,15.33,,15.34,,,32485,518617.0,64,F1,1,,,,,
2025-09-03,2025-09-03,CM,BSE,STK,532702,INE246F01010,GSPL,A,,,,,GUJARAT STATE PETRONET LTD.,297.75,307.2,297.75,302.15,302.0,297.95,,302.0,,,28252,8598537.0,912,F1,1,,,,,
2025-09-03,2025-09-03,CM,BSE,STK,532705,INE199G01027,JAGRAN,B,,,,,JAGRAN PRAKASHAN LTD.,72.19,72.33,71.72,72.02,71.98,72.12,,71.92,,,6119,440441.0,157,F1,1,,,,,
2025-09-03,2025-09-03,CM,BSE,STK,532707,INE256H01015,DYNPRO,B,,,,,DYNEMIC PRODUCTS LTD.,377.7,377.7,371.75,373.15,373.15,378.95,,373.35,,,886,330580.0,57,F1,1,,,,,
2025-09-03,2025-09-03,CM,BSE,STK,532708,INE251H01024,GVKPIL,T,,,,,GVK POWER & INFRASTRUCTURE LTD,3.25,3.36,3.24,3.35,3.35,3.3,,3.33,,,310649,1023420.0,467,F1,1,,,,,
2025-09-03,2025-09-03,CM,BSE,STK,532710,INE226H01026,SADBHAV,B,,,,,SADBHAV ENGINEERING LTD.,14.38,14.74,14.15,14.31,14.15,14.31,,14.28,,,41325,597402.0,290,F1,1,,,,,
2025-09-03,2025-09-03,CM,BSE,STK,532712,INE330H01018,RCOM,T,,,,,RELIANCE COMMUNICATIONS LTD.,1.48,1.49,1.43,1.44,1.44,1.5,,1.41,,,1523068,2198981.0,898,F1,1,,,,,
2025-09-03,2025-09-03,CM,BSE,STK,532713,INE190H01024,SAKUMA,B,,,,,SAKUMA EXPORTS LTD.,2.84,2.84,2.65,2.69,2.69,2.63,,2.68,,,492050,1348514.0,719,F1,1,,,,,
2025-09-03,2025-09-03,CM,BSE,STK,532714,INE389H01022,KEC,A,,,,,KEC INTERNATIONAL LTD.,865.0,867.6,845.0,848.3,848.6,861.9,,847.75,,,19189,16438863.0,940,F1,1,,,,,
2025-09-03,2025-09-03,CM,BSE,STK,532716,INE047B01011,GILLANDERS,B,,,,,GILLANDERS ARBUTHNOT & CO.LTD.,120.85,121.0,119.0,119.8,119.8,118.05,,120.57,,,226,27095.0,13,F1,1,,,,,
2025-09-03,2025-09-03,CM,BSE,STK,532717,INE332H01014,INDOTECH,B,,,,,INDO TECH TRANSFORMERS LTD.,1928.1,1930.5,1820.0,1825.45,1825.45,1910.65,,1826.6,,,6378,11797469.0,907,F1,1,,,,,
2025-09-03,2025-09-03,CM,BSE,STK,532719,INE350H01032,BLKASHYAP,B,,,,,B.L.KASHYAP AND SONS LTD.,70.3,70.3,68.43,69.95,69.66,69.06,,69.62,,,17512,1220771.0,166,F1,1,,,,,
2025-09-03,2025-09-03,CM,BSE,STK,532720,INE774D01024,M&MFIN,A,,,,,MAHINDRA & MAHINDRA FINANCIAL,262.55,262.65,259.15,259.75,260.15,260.65,,259.7,,,27843,7255186.0,614,F1,1,,,,,
2025-09-03,2025-09-03,CM,BSE,STK,532721,INE286H01012,VISASTEEL,T,,,,,VISA STEEL LTD.,35.26,35.26,32.0,32.92,34.5,33.6,,32.98,,,28676,946982.0,34,F1,1,,,,,
2025-09-03,2025-09-03,CM,BSE,STK,532722,INE858F01012,NITCO,B,,,,,NITCO LTD.,119.6,122.0,116.0,119.0,119.0,119.55,,118.2,,,26225,3144010.0,351,F1,1,,,,,
2025-09-03,2025-09-03,CM,BSE,STK,532723,INE493H01014,MPDL,X,,,,,MPDL LIMITED,50.4,53.18,50.4,53.09,53.14,50.66,,53.09,,,542,27674.0,10,F1,1,,,,,
2025-09-03,2025-09-03,CM,BSE,STK,532725,INE343H01029,SOLARINDS,A,,,,,SOLAR INDUSTRIES INDIA LTD.,13960.2,14317.85,13960.2,14294.2,14296.0,14030.2,,14293.0,,,4360,62101646.0,1081,F1,1,,,,,
2025-09-03,2025-09-03,CM,BSE,STK,532726,INE297H01019,GALLANTT,B,,,,,GALLANTT ISPAT LIMITED,607.85,625.9,603.65,617.85,620.0,607.85,,618.45,,,11818,7264974.0,576,F1,1,,,,,
2025-09-03,2025-09-03,CM,BSE,STK,532728,INE383H01017,MALUPAPER,B,,,,,MALU PAPER MILLS LTD.,38.2,38.79,37.82,38.43,38.43,37.8,,38.2,,,1145,43785.0,27,F1,1,,,,,
2025-09-03,2025-09-03,CM,BSE,STK,532729,INE786F01031,UTTAMSUGAR,B,,,,,UTTAM SUGAR MILLS LTD.,273.5,275.6,269.25,269.95,269.95,268.2,,269.85,,,25701,7012523.0,1031,F1,1,,,,,
2025-09-03,2025-09-03,CM,BSE,STK,532730,INE353H01010,SGL,T,,,,,STL GLOBAL LTD.,13.11,13.88,13.11,13.8,13.8,13.5,,13.8,,,1331,17755.0,8,F1,1,,,,,
2025-09-03,2025-09-03,CM,BSE,STK,532732,INE401H01017,KKCL,B,,,,,KEWAL KIRAN CLOTHING LTD.,512.65,521.5,512.0,520.2,518.0,518.85,,520.25,,,1435,742648.0,168,F1,1,,,,,
2025-09-03,2025-09-03,CM,BSE,STK,532733,INE424H01027,SUNTV,A,,,,,SUN TV NETWORK LTD.,569.0,570.55,559.0,561.1,561.1,567.7,,561.3,,,10624,5977624.0,679,F1,1,,,,,
2025-09-03,2025-09-03,CM,BSE,STK,532734,INE177H01039,GPIL,A,,,,,GODAWARI POWER & ISPAT LTD.,240.4,249.2,240.0,247.85,247.85,240.15,,247.98,,,131554,32410142.0,2211,F1,1,,,,,
2025-09-03,2025-09-03,CM,BSE,STK,532735,INE411H01032,RSYSTEMS,B,,,,,R SYSTEMS INTERNATIONAL LTD.,461.35,476.0,454.85,469.6,467.25,462.3,,470.25,,,24372,11381456.0,1188,F1,1,,,,,
2025-09-03,2025-09-03,CM,BSE,STK,532737,INE296H01011,EMKAY,B,,,,,EMKAY GLOBAL FINANCIAL SERVICE,231.2,231.2,209.55,215.2,215.0,214.1,,215.84,,,17733,3830703.0,338,F1,1,,,,,
2025-09-03,2025-09-03,CM,BSE,STK,532738,INE388G01026,TICL,T,,,,,TwamevConstruction and Infrast,25.89,25.89,25.15,25.68,25.68,25.89,,25.64,,,141924,3651986.0,48,F1,1,,,,,
2025-09-03,2025-09-03,CM,BSE,STK,532740,INE397H01017,LOKESHMACH,B,,,,,LOKESH MACHINES LTD.,205.2,208.5,201.0,202.1,202.1,204.15,,201.92,,,4729,966014.0,288,F1,1,,,,,
2025-09-03,2025-09-03,CM,BSE,STK,532741,INE390H01020,KAMDHENU,B,,,,,Kamdhenu Limited,29.31,29.31,28.42,28.75,28.8,28.79,,28.73,,,69932,2007246.0,494,F1,1,,,,,
2025-09-03,2025-09-03,CM,BSE,STK,532742,INE111F01016,PAUSHAKLTD,B,,,,,PAUSHAK LTD.,6080.0,6143.95,6080.0,6100.45,6091.0,6110.3,,6100.45,,,1503,9179945.0,326,F1,1,,,,,
2025-09-03,2025-09-03,CM,BSE,STK,532744,INE302H01017,GTNTEX,X,,,,,GTN TEXTILES LTD.,9.9,9.9,9.0,9.0,9.0,9.35,,9.0,,,231,2169.0,4,F1,1,,,,,
2025-09-03,2025-09-03,CM,BSE,STK,532745,INE347H01012,INDICAP,X,,,,,INDITRADE CAPITAL LIMITED,5.69,5.69,5.31,5.61,5.63,5.45,,5.61,,,22464,123608.0,86,F1,1,,,,,
2025-09-03,2025-09-03,CM,BSE,STK,532748,INE367G01038,PFOCUS,B,,,,,PRIME FOCUS LTD.,144.0,148.35,141.75,142.4,144.85,142.7,,142.02,,,83395,12007085.0,750,F1,1,,,,,
2025-09-03,2025-09-03,CM,BSE,STK,532749,INE418H01029,ALLCARGO,A,,,,,ALLCARGO LOGISTICS LTD.,32.12,32.41,31.72,32.16,32.16,32.12,,32.11,,,178980,5738136.0,1269,F1,1,,,,,
2025-09-03,2025-09-03,CM,BSE,STK,532754,INE776C01039,GMRAIRPORT,A,,,,,GMR Airports Limited,86.76,87.45,86.7,87.23,87.23,87.01,,87.36,,,320675,27944031.0,1511,F1,1,,,,,
2025-09-03,2025-09-03,CM,BSE,STK,532755,INE669C01036,TECHM,A,,,,,TECH MAHINDRA LTD.,1509.7,1515.1,1498.35,1508.95,1509.8,1511.75,,1508.2,,,6408,9660724.0,694,F1,1,,,,,
2025-09-03,2025-09-03,CM,BSE,STK,532756,INE536H01010,CIEINDIA,A,,,,,CIE Automotive India Limited,400.7,402.9,395.85,399.15,400.0,399.3,,399.4,,,4917,1964957.0,290,F1,1,,,,,
2025-09-03,2025-09-03,CM,BSE,STK,532757,INE540H01012,VOLTAMP,A,,,,,VOLTAMP TRANSFORMERS LTD.,8021.1,8115.0,7949.6,8095.0,8115.0,8030.65,,8098.0,,,837,6742480.0,373,F1,1,,,,,
2025-09-03,2025-09-03,CM,BSE,STK,532759,INE285H01022,ATLANTAA,B,,,,,ATLANTAA LIMITED,33.2,34.55,33.0,33.39,33.0,33.93,,33.54,,,11165,373126.0,158,F1,1,,,,,
2025-09-03,2025-09-03,CM,BSE,STK,532761,INE596H01014,HGM,T,,,,,HANDSON GLOBAL MANAGEMENT (HGM,80.0,80.88,76.01,78.95,78.95,77.32,,78.68,,,5055,398901.0,35,F1,1,,,,,
2025-09-03,2025-09-03,CM,BSE,STK,532762,INE731H01025,ACE,A,,,,,ACTION CONSTRUCTION EQUIPMENT,1089.05,1101.6,1073.1,1096.9,1095.0,1081.8,,1096.8,,,25419,27728311.0,1495,F1,1,,,,,
2025-09-03,2025-09-03,CM,BSE,STK,532764,INE916G01016,GEECEE,B,,,,,GEECEE VENTURES LIMITED,372.15,390.6,372.15,386.1,386.1,370.05,,386.9,,,414,159250.0,67,F1,1,,,,,
2025-09-03,2025-09-03,CM,BSE,STK,532766,INE516H01012,RICHAIND,Z,,,,,RICHA INDUSTRIES LTD.,1.59,1.59,1.55,1.58,1.58,1.59,,1.58,,,455,719.0,9,F1,1,,,,,
2025-09-03,2025-09-03,CM,BSE,STK,532767,INE336H01023,GAYAPROJ,Z,,,,,GAYATRI PROJECTS LTD.,8.26,8.79,8.26,8.79,8.79,8.57,,8.61,,,13560,115290.0,7,F1,1,,,,,
2025-09-03,2025-09-03,CM,BSE,STK,532768,INE737H01014,FIEMIND,B,,,,,FIEM INDUSTRIES LTD.,2191.35,2203.15,2169.0,2180.0,2183.1,2190.2,,2180.0,,,34803,75904588.0,2922,F1,1,,,,,
2025-09-03,2025-09-03,CM,BSE,STK,532771,INE544H01014,JHS,B,,,,,JHS SVENDGAARD LABORATORIES LT,11.84,12.05,11.16,11.25,11.25,11.76,,11.18,,,8145,92684.0,128,F1,1,,,,,
2025-09-03,2025-09-03,CM,BSE,STK,532772,INE503A01015,DCBBANK,A,,,,,DCB BANK LIMITED,123.9,126.1,123.0,125.8,126.0,123.65,,125.85,,,67085,8382981.0,676,F1,1,,,,,
2025-09-03,2025-09-03,CM,BSE,STK,532773,INE792H01019,GLOBALVECT,B,,,,,GLOBAL VECTRA HELICORP LTD.,213.35,215.0,208.5,212.45,215.0,212.8,,212.38,,,1596,336882.0,111,F1,1,,,,,
2025-09-03,2025-09-03,CM,BSE,STK,532774,INE020G01017,INSPIRISYS,T,,,,,Inspirisys Solutions Limited,99.99,103.0,96.02,96.49,99.84,98.87,,95.78,,,2528,246795.0,36,F1,1,,,,,
2025-09-03,2025-09-03,CM,BSE,STK,532775,INE221H01019,GTLINFRA,A,,,,,GTL INFRASTRUCTURE LTD.,1.48,1.52,1.48,1.51,1.51,1.49,,1.5,,,9751784,14677454.0,16653,F1,1,,,,,
2025-09-03,2025-09-03,CM,BSE,STK,532776,INE637H01024,SHIVAMAUTO,B,,,,,SHIVAM AUTOTECH LTD.,28.25,28.88,28.0,28.54,28.54,28.25,,28.56,,,7855,222693.0,109,F1,1,,,,,
2025-09-03,2025-09-03,CM,BSE,STK,532777,INE663F01032,NAUKRI,A,,,,,INFO EDGE (INDIA) LTD.,1373.85,1373.85,1356.95,1365.15,1365.15,1365.4,,1366.4,,,79050,107640022.0,1944,F1,1,,,,,
2025-09-03,2025-09-03,CM,BSE,STK,532779,INE813H01021,TORNTPOWER,A,,,,,TORRENT POWER LTD.,1306.0,1316.4,1294.35,1313.75,1316.0,1305.1,,1314.2,,,22204,29040047.0,2256,F1,1,,,,,
2025-09-03,2025-09-03,CM,BSE,STK,532780,INE561H01026,PARSVNATH,T,,,,,PARSVNATH DEVELOPERS LTD.,15.48,15.48,14.82,15.38,15.47,15.23,,15.35,,,22065,334694.0,116,F1,1,,,,,
2025-09-03,2025-09-03,CM,BSE,STK,532782,INE645H01027,SUTLEJTEX,B,,,,,SUTLEJ TEXTILES & INDUSTRIES L,38.7,38.7,37.5,37.51,37.5,38.48,,37.79,,,2106,79624.0,83,F1,1,,,,,
2025-09-03,2025-09-03,CM,BSE,STK,532783,INE818H01020,LTFOODS,A,,,,,LT FOODS LTD.,436.45,451.0,436.45,449.7,449.7,436.75,,449.4,,,53410,23876020.0,2459,F1,1,,,,,
2025-09-03,2025-09-03,CM,BSE,STK,532784,INE671H01015,SOBHA,A,,,,,SOBHA,1479.95,1479.95,1445.0,1454.05,1454.05,1460.6,,1453.2,,,6866,9999805.0,547,F1,1,,,,,
2025-09-03,2025-09-03,CM,BSE,STK,532785,INE803H01014,RUCHIRA,B,,,,,RUCHIRA PAPERS LTD.,150.05,154.5,150.05,153.6,153.2,149.45,,153.47,,,22764,3475428.0,620,F1,1,,,,,
2025-09-03,2025-09-03,CM,BSE,STK,532790,INE483C01032,TANLA,A,,,,,TANLA PLATFORMS LIMITED,630.0,643.5,626.55,636.15,636.15,629.85,,636.25,,,17470,11121907.0,921,F1,1,,,,,
2025-09-03,2025-09-03,CM,BSE,STK,532794,INE966H01019,ZEEMEDIA,B,,,,,ZEE MEDIA CORPORATION LIMITED,12.31,12.54,12.23,12.36,12.35,12.4,,12.33,,,296287,3661218.0,765,F1,1,,,,,
2025-09-03,2025-09-03,CM,BSE,STK,532795,INE965H01011,SITINET,Z,,,,,Siti Networks Ltd.,0.5,0.51,0.49,0.51,0.51,0.5,,0.5,,,494945,251108.0,135,F1,1,,,,,
2025-09-03,2025-09-03,CM,BSE,STK,532796,INE872H01027,LUMAXTECH,B,,,,,LUMAX AUTO TECHNOLOGIES LTD.,1138.25,1138.25,1040.3,1047.3,1047.3,1127.9,,1047.9,,,37635,40761376.0,4199,F1,1,,,,,
2025-09-03,2025-09-03,CM,BSE,STK,532797,INE718H01014,AUTOIND,B,,,,,AUTOLINE INDUSTRIES LTD.,70.65,74.01,70.65,73.11,73.45,73.31,,72.95,,,5175,379200.0,167,F1,1,,,,,
2025-09-03,2025-09-03,CM,BSE,STK,532798,INE870H01013,NETWORK18,A,,,,,NETWORK18 MEDIA & INVESTMENTS,53.67,55.32,53.67,54.69,54.72,53.79,,54.66,,,371049,20292560.0,2123,F1,1,,,,,
2025-09-03,2025-09-03,CM,BSE,STK,532799,INE703H01016,HUBTOWN,B,,,,,HUBTOWN LTD.,338.4,345.05,333.8,335.55,335.55,338.85,,336.85,,,65206,22040316.0,1483,F1,1,,,,,
2025-09-03,2025-09-03,CM,BSE,STK,532801,INE627H01017,CTE,T,,,,,CAMBRIDGE TECHNOLOGY ENTERPRIS,41.88,41.88,41.88,41.88,41.88,40.13,,41.53,,,10,418.0,2,F1,1,,,,,
2025-09-03,2025-09-03,CM,BSE,STK,532804,INE545H01011,TIIL,B,,,,,TECHNOCRAFT INDUSTRIES (INDIA),2544.95,2610.0,2481.0,2504.1,2504.1,2464.1,,2508.2,,,1631,4125780.0,425,F1,1,,,,,
2025-09-03,2025-09-03,CM,BSE,STK,532805,INE891D01026,REDINGTON,A,,,,,Redington Limited,242.65,242.65,236.25,237.4,237.4,240.35,,237.28,,,41238,9841341.0,908,F1,1,,,,,
2025-09-03,2025-09-03,CM,BSE,STK,532806,INE768E01024,AICHAMP,X,,,,,AI CHAMPDANY INDUSTRIES LTD.,52.95,54.48,51.56,52.91,53.85,53.39,,52.91,,,287,15260.0,58,F1,1,,,,,
2025-09-03,2025-09-03,CM,BSE,STK,532807,INE704H01022,CINELINE,B,,,,,CINELINE INDIA LIMITED,85.2,89.99,85.2,89.01,89.01,87.08,,88.74,,,2361,207004.0,46,F1,1,,,,,
2025-09-03,2025-09-03,CM,BSE,STK,532808,INE940H01022,PGIL,A,,,,,PEARL GLOBAL INDUSTRIES LIMITE,1290.65,1290.65,1207.0,1240.4,1240.0,1256.3,,1240.0,,,6230,7696015.0,1010,F1,1,,,,,
2025-09-03,2025-09-03,CM,BSE,STK,532809,INE684F01012,FSL,A,,,,,FIRSTSOURCE SOLUTIONS LTD.,368.95,370.75,362.7,369.5,369.5,366.7,,369.0,,,28592,10494714.0,995,F1,1,,,,,
2025-09-03,2025-09-03,CM,BSE,STK,532810,INE134E01011,PFC,A,,,,,POWER FINANCE CORPORATION LTD.,393.5,396.0,391.75,394.8,394.2,392.85,,394.35,,,435838,171758661.0,4970,F1,1,,,,,
2025-09-03,2025-09-03,CM,BSE,STK,532811,INE758C01029,AHLUCONT,B,,,,,AHLUWALIA CONTRACTS (INDIA) LT,922.05,969.2,922.05,964.9,956.95,938.8,,965.3,,,2131,2035616.0,189,F1,1,,,,,
2025-09-03,2025-09-03,CM,BSE,STK,532812,INE804H01012,TFL,T,,,,,TRANSWARRANTY FINANCE LTD.,15.7,16.13,14.95,16.11,16.09,15.7,,15.55,,,380,5783.0,13,F1,1,,,,,
2025-09-03,2025-09-03,CM,BSE,STK,532814,INE562A01011,INDIANB,A,,,,,INDIAN BANK,664.05,671.0,663.5,670.05,668.5,664.2,,670.5,,,13477,8997703.0,983,F1,1,,,,,
2025-09-03,2025-09-03,CM,BSE,STK,532815,INE812G01025,SMSPHARMA,B,,,,,SMS PHARMACEUTICALS LTD.,240.5,240.5,232.8,233.9,233.95,234.45,,233.83,,,1591,373117.0,48,F1,1,,,,,
2025-09-03,2025-09-03,CM,BSE,STK,532817,INE998H01012,ORIENTALTL,T,,,,,ORIENTAL TRIMEX LTD.,9.8,9.8,9.2,9.37,9.37,9.38,,9.35,,,21914,205297.0,171,F1,1,,,,,
2025-09-03,2025-09-03,CM,BSE,STK,532820,INE311H01018,ELAND,XT,,,,,E-Land Apparel Limited,21.4,21.4,20.01,20.43,20.5,20.85,,20.43,,,12404,255360.0,80,F1,1,,,,,
2025-09-03,2025-09-03,CM,BSE,STK,532822,INE669E01016,IDEA,A,,,,,VODAFONE IDEA  LIMITED,6.54,6.61,6.46,6.58,6.58,6.52,,6.57,,,44696357,291910846.0,20431,F1,1,,,,,
2025-09-03,2025-09-03,CM,BSE,STK,532825,INE702H01018,JAGJANANI,X,,,,,JAGJANANI TEXTILES LTD.,8.2,8.54,8.1,8.2,8.37,8.2,,8.2,,,3056,25159.0,29,F1,1,,,,,
2025-09-03,2025-09-03,CM,BSE,STK,532826,INE952H01027,RAJTV,B,,,,,RAJ TELEVISION NETWORK LTD.,43.0,43.0,42.31,42.6,42.7,43.04,,42.44,,,235,10013.0,19,F1,1,,,,,
2025-09-03,2025-09-03,CM,BSE,STK,532827,INE761H01022,PAGEIND,A,,,,,PAGE INDUSTRIES LTD.,45169.35,45659.85,45096.0,45225.4,45253.55,45002.65,,45325.0,,,152,6915156.0,63,F1,1,,,,,
2025-09-03,2025-09-03,CM,BSE,STK,532828,INE005I01014,AMDIND,B,,,,,AMD INDUSTRIES LTD.,50.9,51.8,50.4,51.65,51.65,51.15,,51.3,,,748,38084.0,33,F1,1,,,,,
2025-09-03,2025-09-03,CM,BSE,STK,532829,INE976H01018,LEHAR,X,,,,,LEHAR FOOTWEARS LIMITED,275.0,278.85,273.0,275.1,276.0,274.75,,275.1,,,20495,5646161.0,264,F1,1,,,,,
2025-09-03,2025-09-03,CM,BSE,STK,532830,INE006I01046,ASTRAL,A,,,,,ASTRAL LIMITED,1412.05,1431.2,1412.05,1425.3,1420.45,1420.05,,1425.7,,,14288,20348073.0,1699,F1,1,,,,,
2025-09-03,2025-09-03,CM,BSE,STK,532832,INE069I01010,EMBDL,A,,,,,EMBASSY DEVELOPMENTS LIMITED,98.66,101.08,98.34,100.24,100.24,98.66,,100.31,,,191032,19144828.0,1430,F1,1,,,,,
2025-09-03,2025-09-03,CM,BSE,STK,532834,INE052I01032,CAMLINFINE,T,,,,,Camlin Fine Sciences Ltd,217.85,217.85,209.0,213.6,213.6,212.45,,214.44,,,33013,7056821.0,386,F1,1,,,,,
2025-09-03,2025-09-03,CM,BSE,STK,532835,INE725G01011,ICRA,B,,,,,ICRA LTD.,6400.0,6420.85,6311.25,6371.0,6311.25,6399.9,,6354.0,,,384,2450847.0,89,F1,1,,,,,
2025-09-03,2025-09-03,CM,BSE,STK,532839,INE836F01026,DISHTV,A,,,,,DISH TV INDIA LTD.,5.09,5.11,5.05,5.08,5.09,5.09,,5.08,,,206942,1050716.0,440,F1,1,,,,,
2025-09-03,2025-09-03,CM,BSE,STK,532841,INE280H01015,SAHYADRI,B,,,,,SAHYADRI INDUSTRIES LTD.,261.0,266.4,260.15,263.8,264.15,260.15,,263.74,,,722,189817.0,46,F1,1,,,,,
2025-09-03,2025-09-03,CM,BSE,STK,532842,INE917H01012,SRHHYPOLTD,B,,,,,SREE RAYALASEEMA HI-STRENGTH H,595.85,617.55,595.85,612.15,614.55,601.6,,613.3,,,1173,717411.0,126,F1,1,,,,,
2025-09-03,2025-09-03,CM,BSE,STK,532843,INE061F01013,FORTIS,A,,,,,FORTIS HEALTHCARE LTD.,939.7,958.65,932.65,957.1,957.1,929.2,,956.6,,,45576,43073403.0,2341,F1,1,,,,,
2025-09-03,2025-09-03,CM,BSE,STK,532845,INE797H01018,TGBHOTELS,B,,,,,TGB BANQUETS AND HOTELS LTD.,11.83,11.83,11.66,11.71,11.71,11.62,,11.72,,,3274,38352.0,49,F1,1,,,,,
2025-09-03,2025-09-03,CM,BSE,STK,532847,INE788H01017,HILTON,T,,,,,HILTON METAL FORGING LTD.,54.1,56.0,54.1,55.92,56.0,54.82,,55.79,,,7493,415058.0,81,F1,1,,,,,
2025-09-03,2025-09-03,CM,BSE,STK,532848,INE124G01033,DELTACORP,A,,,,,DELTA CORP LTD.,84.2,97.0,84.2,95.23,95.23,84.4,,95.22,,,2578765,238284501.0,19059,F1,1,,,,,
2025-09-03,2025-09-03,CM,BSE,STK,532850,INE287C01037,MICEL,B,,,,,MIC ELECTRONICS LTD.,51.89,53.92,51.25,51.52,51.52,51.5,,51.48,,,395963,20793378.0,2796,F1,1,,,,,
2025-09-03,2025-09-03,CM,BSE,STK,532851,INE070I01018,INSECTICID,B,,,,,INSECTICIDES (INDIA) LTD.,822.0,830.95,818.4,826.3,826.3,823.4,,826.5,,,6149,5058525.0,364,F1,1,,,,,
2025-09-03,2025-09-03,CM,BSE,STK,532853,INE228I01012,ASAHISONG,B,,,,,ASAHI SONGWON COLORS LTD.,310.35,313.9,309.0,309.0,309.0,310.15,,309.25,,,282,87740.0,17,F1,1,,,,,
2025-09-03,2025-09-03,CM,BSE,STK,532855,INE928H01019,HARYNACAP,X,,,,,HARYANA CAPFIN LTD.,180.7,186.0,180.7,181.1,181.1,180.65,,181.1,,,209,38002.0,17,F1,1,,,,,
2025-09-03,2025-09-03,CM,BSE,STK,532856,INE508G01029,TIMETECHNO,A,,,,,TIME TECHNOPLAST LTD.,474.4,483.9,472.0,477.1,477.1,474.5,,477.15,,,36281,17401769.0,1952,F1,1,,,,,
2025-09-03,2025-09-03,CM,BSE,STK,532859,INE170I01016,HGS,B,,,,,HINDUJA GLOBAL SOLUTIONS LTD.,525.0,525.1,518.8,523.4,523.4,523.65,,523.5,,,1036,541425.0,155,F1,1,,,,,
2025-09-03,2025-09-03,CM,BSE,STK,532864,INE189I01024,NELCAST,B,,,,,NELCAST LTD.,152.0,153.15,148.55,151.5,152.35,150.7,,151.98,,,9116,1375002.0,268,F1,1,,,,,
2025-09-03,2025-09-03,CM,BSE,STK,532867,INE945H01013,V2RETAIL,B,,,,,V2 RETAIL LTD.,1662.2,1711.3,1662.2,1687.25,1704.0,1665.5,,1687.7,,,9107,15418633.0,748,F1,1,,,,,
2025-09-03,2025-09-03,CM,BSE,STK,532868,INE271C01023,DLF,A,,,,,DLF LTD.,759.95,765.9,755.15,764.3,763.55,755.1,,764.4,,,58609,44631604.0,2059,F1,1,,,,,
2025-09-03,2025-09-03,CM,BSE,STK,532869,INE924H01018,TARMAT,B,,,,,TARMAT LTD.,51.45,53.8,51.45,53.19,53.19,51.21,,53.18,,,6422,340881.0,227,F1,1,,,,,
2025-09-03,2025-09-03,CM,BSE,STK,532870,INE106I01010,ANKITMETAL,Z,,,,,ANKIT METAL & POWER LTD.,1.94,1.99,1.85,1.95,1.95,1.94,,1.91,,,21270,41931.0,23,F1,1,,,,,
2025-09-03,2025-09-03,CM,BSE,STK,532872,INE232I01014,SPARC,A,,,,,SUN PHARMA ADVANCED RESEARCH C,143.75,147.5,143.5,146.75,146.6,143.75,,146.81,,,33487,4873136.0,715,F1,1,,,,,
2025-09-03,2025-09-03,CM,BSE,STK,532873,INE191I01012,HDIL,Z,,,,,HOUSING DEVELOPMENT & INFRASTR,3.04,3.13,3.0,3.07,3.07,3.1,,3.07,,,55584,171317.0,115,F1,1,,,,,
2025-09-03,2025-09-03,CM,BSE,STK,532875,INE102I01027,ADSL,B,,,,,ALLIED DIGITAL SERVICES LTD.,163.45,173.4,163.45,172.65,172.65,165.1,,172.6,,,42044,7162327.0,933,F1,1,,,,,
2025-09-03,2025-09-03,CM,BSE,STK,532878,INE385I01010,ALPA,B,,,,,ALPA LABORATORIES LTD.,97.13,97.9,95.01,97.1,97.1,96.7,,96.55,,,2415,232609.0,68,F1,1,,,,,
2025-09-03,2025-09-03,CM,BSE,STK,532879,INE117H01019,SSLEL,X,,,,,SIR SHADI LAL ENTERPRISES LTD.,230.0,255.0,230.0,253.3,255.0,245.0,,253.3,,,248,62258.0,8,F1,1,,,,,
2025-09-03,2025-09-03,CM,BSE,STK,532880,INE800H01010,OMAXE,B,,,,,OMAXE LTD.,87.5,89.3,86.72,88.88,89.0,87.2,,89.01,,,9162,808643.0,184,F1,1,,,,,
2025-09-03,2025-09-03,CM,BSE,STK,532884,INE056I01025,REFEX,A,,,,,REFEX INDUSTRIES LTD.,374.65,374.65,366.05,367.75,367.75,367.35,,368.0,,,29462,10861532.0,1099,F1,1,,,,,
2025-09-03,2025-09-03,CM,BSE,STK,532885,INE483A01010,CENTRALBK,A,,,,,CENTRAL BANK OF INDIA,35.49,35.76,35.47,35.69,35.69,35.36,,35.68,,,164758,5864487.0,785,F1,1,,,,,
2025-09-03,2025-09-03,CM,BSE,STK,532886,INE105I01020,SELMC,B,,,,,SEL MANUFACTURING COMPANY LTD.,30.99,30.99,30.71,30.71,30.71,30.02,,30.58,,,30,926.0,2,F1,1,,,,,
2025-09-03,2025-09-03,CM,BSE,STK,532888,INE022I01019,ASIANTILES,T,,,,,ASIAN GRANITO INDIA LTD.,59.5,59.95,58.5,59.69,59.92,59.01,,59.33,,,20153,1193227.0,61,F1,1,,,,,
2025-09-03,2025-09-03,CM,BSE,STK,532889,INE930H01031,KPRMILL,A,,,,,K.P.R.MILL LIMITED,1004.7,1011.5,988.0,996.55,1000.0,995.85,,996.45,,,9655,9632148.0,615,F1,1,,,,,
2025-09-03,2025-09-03,CM,BSE,STK,532890,INE142I01023,TAKE,T,,,,,TAKE SOLUTIONS LTD.,10.92,11.15,10.55,10.99,11.15,10.71,,11.0,,,18028,197551.0,76,F1,1,,,,,
2025-09-03,2025-09-03,CM,BSE,STK,532891,INE323I01011,PURVA,B,,,,,Puravankara Limited,297.8,297.8,288.6,292.0,292.0,290.7,,291.8,,,12331,3593324.0,738,F1,1,,,,,
2025-09-03,2025-09-03,CM,BSE,STK,532892,INE338I01027,MOTILALOFS,A,,,,,MOTILAL OSWAL FINANCIAL SERVIC,883.5,884.5,872.85,880.25,880.25,875.1,,881.05,,,37744,33153525.0,2383,F1,1,,,,,
2025-09-03,2025-09-03,CM,BSE,STK,532893,INE222F01029,VTMLTD,X,,,,,VTM LTD.,77.68,77.68,66.21,67.8,67.8,70.63,,67.8,,,133821,9421397.0,753,F1,1,,,,,
2025-09-03,2025-09-03,CM,BSE,STK,532894,INE227G01018,INDOWIND,B,,,,,INDOWIND ENERGY LTD.,17.29,17.7,17.1,17.17,17.18,17.1,,17.19,,,40553,701000.0,332,F1,1,,,,,
2025-09-03,2025-09-03,CM,BSE,STK,532895,INE245I01016,NAGREEKCAP,B,,,,,NAGREEKA CAPITAL & INFRASTRUCT,25.25,25.75,24.85,25.64,25.64,25.75,,25.02,,,2514,63016.0,73,F1,1,,,,,
2025-09-03,2025-09-03,CM,BSE,STK,532896,INE387I01016,MAGNUM,B,,,,,MAGNUM VENTURES LTD.,25.35,25.35,25.02,25.19,25.19,24.92,,24.97,,,859,21710.0,47,F1,1,,,,,
2025-09-03,2025-09-03,CM,BSE,STK,532898,INE752E01010,POWERGRID,A,,,,,POWER GRID CORPORATION OF INDI,287.05,289.35,285.65,286.0,286.0,286.65,,286.05,,,1115177,320157561.0,2530,F1,1,,,,,
2025-09-03,2025-09-03,CM,BSE,STK,532899,INE455I01029,KSCL,A,,,,,KAVERI SEED COMPANY LTD.,1178.95,1208.65,1167.9,1184.8,1185.2,1174.5,,1185.1,,,3832,4553673.0,401,F1,1,,,,,
2025-09-03,2025-09-03,CM,BSE,STK,532900,INE420C01059,PAISALO,A,,,,,PAISALO DIGITAL LIMITED,31.11,33.5,31.1,33.33,33.33,30.96,,33.35,,,3650382,117929631.0,8007,F1,1,,,,,
2025-09-03,2025-09-03,CM,BSE,STK,532902,INE429I01024,CCCL,B,,,,,CONSOLIDATED CONSTRUCTION CONS,18.47,18.63,18.1,18.27,18.27,18.11,,18.3,,,16200,296732.0,140,F1,1,,,,,
2025-09-03,2025-09-03,CM,BSE,STK,532904,INE550H01011,SUPREMEINF,Z,,,,,SUPREME INFRASTRUCTURE INDIA L,107.3,107.85,101.95,103.4,104.0,107.3,,103.06,,,10447,1085537.0,38,F1,1,,,,,
2025-09-03,2025-09-03,CM,BSE,STK,532906,INE215I01027,MAANALU,T,,,,,MAAN ALUMINIUM LTD.,110.4,119.75,110.4,111.45,111.45,114.05,,113.11,,,4844,560343.0,59,F1,1,,,,,
2025-09-03,2025-09-03,CM,BSE,STK,532907,INE369I01014,IL&FSENGG,Z,,,,,IL&FS ENGINEERING AND CONSTRUC,35.0,35.0,32.96,33.0,32.96,33.9,,32.92,,,5167,170513.0,15,F1,1,,,,,
2025-09-03,2025-09-03,CM,BSE,STK,532911,INE272G01014,PARLEIND,X,,,,,PARLE INDUSTRIES LIMITED,10.28,10.28,9.85,10.03,10.01,10.08,,10.03,,,83744,845164.0,397,F1,1,,,,,
2025-09-03,2025-09-03,CM,BSE,STK,532915,INE621H01010,RELIGARE,A,,,,,RELIGARE ENTERPRISES LTD.,242.05,257.0,241.1,252.95,252.95,242.7,,253.25,,,89676,22288999.0,1281,F1,1,,,,,
2025-09-03,2025-09-03,CM,BSE,STK,532916,INE139I01011,BVCL,B,,,,,BARAK VALLEY CEMENTS LTD.,48.65,49.4,46.0,46.98,46.0,47.78,,47.34,,,18822,899868.0,842,F1,1,,,,,
2025-09-03,2025-09-03,CM,BSE,STK,532918,INE575I01016,RATHIBAR,X,,,,,RATHI BARS LTD.,29.14,29.66,26.9,27.36,27.36,29.14,,27.36,,,58912,1626895.0,263,F1,1,,,,,
2025-09-03,2025-09-03,CM,BSE,STK,532921,INE742F01042,ADANIPORTS,A,,,,,ADANI PORTS AND SPECIAL ECONOM,1335.2,1344.0,1329.0,1331.2,1331.2,1335.95,,1332.3,,,98474,131322397.0,3013,F1,1,,,,,
2025-09-03,2025-09-03,CM,BSE,STK,532922,INE532F01054,EDELWEISS,A,,,,,EDELWEISS FINANCIAL SERVICES L,112.4,116.7,111.15,114.55,114.55,111.15,,114.52,,,896331,102945323.0,5385,F1,1,,,,,
2025-09-03,2025-09-03,CM,BSE,STK,532923,INE722H01024,RGL,B,,,,,RENAISSANCE GLOBAL LIMITED,105.4,114.65,105.4,112.9,112.8,109.8,,112.78,,,6645,750700.0,156,F1,1,,,,,
2025-09-03,2025-09-03,CM,BSE,STK,532924,INE094I01018,KOLTEPATIL,B,,,,,KOLTE-PATIL DEVELOPERS LTD.,470.15,481.8,466.1,472.45,472.45,472.4,,472.6,,,8473,4020503.0,661,F1,1,,,,,
2025-09-03,2025-09-03,CM,BSE,STK,532925,INE234I01028,KAUSHALYA,B,,,,,KAUSHALYA INFRASTRUCTURE DEVEL,1596.7,1665.3,1591.0,1665.3,1665.3,1513.95,,1674.2,,,775,1279371.0,78,F1,1,,,,,
2025-09-03,2025-09-03,CM,BSE,STK,532926,INE668F01031,JYOTHYLAB,A,,,,,JYOTHY LABS LIMITED,342.45,342.45,336.0,336.35,336.65,337.15,,336.35,,,21352,7199477.0,1141,F1,1,,,,,
2025-09-03,2025-09-03,CM,BSE,STK,532927,INE738I01010,ECLERX,A,,,,,ECLERX SERVICES LTD.,4479.55,4510.25,4371.6,4407.7,4407.7,4509.7,,4408.0,,,3622,16016716.0,822,F1,1,,,,,
2025-09-03,2025-09-03,CM,BSE,STK,532928,INE763I01026,TARIL,A,,,,,TRANSFORMERS AND RECTIFIERS (I,501.45,510.0,500.0,506.75,507.9,500.4,,506.6,,,28863,14621646.0,1164,F1,1,,,,,
2025-09-03,2025-09-03,CM,BSE,STK,532929,INE791I01019,BRIGADE,A,,,,,BRIGADE ENTERPRISES LTD.,925.05,944.0,924.0,933.4,937.3,924.95,,931.95,,,8670,8095694.0,796,F1,1,,,,,
2025-09-03,2025-09-03,CM,BSE,STK,532930,INE661I01014,BGRENERGY,T,,,,,BGR ENERGY SYSTEMS LTD.,199.1,199.1,185.0,190.2,190.2,189.65,,190.33,,,294252,57580576.0,1514,F1,1,,,,,
2025-09-03,2025-09-03,CM,BSE,STK,532932,INE015D01022,MANAKSIA,B,,,,,MANAKSIA LTD.,71.53,72.05,69.58,69.95,70.1,71.2,,70.03,,,2649,188510.0,111,F1,1,,,,,
2025-09-03,2025-09-03,CM,BSE,STK,532933,INE386I01018,PORWAL,X,,,,,PORWAL AUTO COMPONENTS LTD.,59.31,62.5,59.31,61.69,61.0,61.23,,61.69,,,10949,673541.0,79,F1,1,,,,,
2025-09-03,2025-09-03,CM,BSE,STK,532934,INE095I01015,PPAP,T,,,,,PPAP,213.7,217.95,213.7,217.95,217.95,213.7,,217.86,,,1637,352863.0,12,F1,1,,,,,
2025-09-03,2025-09-03,CM,BSE,STK,532935,INE298I01015,ARIES,B,,,,,ARIES AGRO LTD.,428.05,432.5,417.0,424.75,427.0,423.75,,425.8,,,9315,3956936.0,392,F1,1,,,,,
2025-09-03,2025-09-03,CM,BSE,STK,532937,INE529I01021,KUANTUM,B,,,,,KUANTUM PAPERS LTD.,106.8,112.9,106.8,111.25,111.95,111.7,,111.09,,,5735,638063.0,306,F1,1,,,,,
2025-09-03,2025-09-03,CM,BSE,STK,532939,INE614G01033,RPOWER,T,,,,,RELIANCE POWER LTD.,47.4,48.25,46.51,47.8,47.8,46.22,,47.75,,,1894760,89606670.0,7211,F1,1,,,,,
2025-09-03,2025-09-03,CM,BSE,STK,532940,INE576I01022,JKIL,A,,,,,J.KUMAR INFRAPROJECTS LTD.,635.0,655.0,635.0,648.35,646.95,635.65,,648.5,,,9602,6222594.0,526,F1,1,,,,,
2025-09-03,2025-09-03,CM,BSE,STK,532941,INE792I01017,CORDSCABLE,B,,,,,CORDS CABLE INDUSTRIES LTD.,176.85,180.0,174.6,176.25,176.0,178.1,,176.86,,,2423,427551.0,126,F1,1,,,,,
2025-09-03,2025-09-03,CM,BSE,STK,532942,INE634I01029,KNRCON,A,,,,,KNR CONSTRUCTIONS LTD.,196.2,198.55,196.1,196.65,196.7,196.15,,196.7,,,17170,3384692.0,390,F1,1,,,,,
2025-09-03,2025-09-03,CM,BSE,STK,532944,INE809I01019,ONMOBILE,B,,,,,ONMOBILE,51.69,54.12,51.6,53.83,54.11,51.15,,53.85,,,35357,1885815.0,300,F1,1,,,,,
2025-09-03,2025-09-03,CM,BSE,STK,532945,INE964H01014,SEPC,B,,,,,SEPC LIMITED,11.74,12.08,11.7,12.04,12.04,11.74,,12.03,,,690463,8260340.0,1239,F1,1,,,,,
2025-09-03,2025-09-03,CM,BSE,STK,532946,INE863I01016,BANG,B,,,,,BANG OVERSEAS LTD.,49.99,50.91,49.3,50.91,50.91,50.0,,50.06,,,951,47422.0,59,F1,1,,,,,
2025-09-03,2025-09-03,CM,BSE,STK,532947,INE821I01022,IRB,A,,,,,IRB INFRASTRUCTURE DEVELOPERS,43.19,43.2,42.68,43.0,43.0,42.82,,43.0,,,776522,33373097.0,3421,F1,1,,,,,
2025-09-03,2025-09-03,CM,BSE,STK,532951,INE871H01011,GSS,B,,,,,GSS INFOTECH LTD.,27.49,28.0,27.26,27.76,27.76,27.19,,27.62,,,23002,638168.0,340,F1,1,,,,,
2025-09-03,2025-09-03,CM,BSE,STK,532952,INE049I01012,NAHARCAP,T,,,,,NAHAR CAPITAL & FINANCIAL SERV,297.0,297.0,296.95,296.95,296.95,299.0,,289.4,,,15,4454.0,4,F1,1,,,,,
2025-09-03,2025-09-03,CM,BSE,STK,532953,INE951I01027,VGUARD,A,,,,,V-GUARD INDUSTRIES LTD.,356.85,361.4,355.05,358.25,358.45,357.2,,358.35,,,9718,3489745.0,503,F1,1,,,,,
2025-09-03,2025-09-03,CM,BSE,STK,532955,INE020B01018,RECLTD,A,,,,,REC LIMITED,365.95,368.5,364.5,367.9,367.9,364.8,,367.8,,,219601,80465380.0,4802,F1,1,,,,,
2025-09-03,2025-09-03,CM,BSE,STK,532957,INE642I01014,GOKAKTEX,X,,,,,GOKAK TEXTILES LTD.,94.55,94.55,87.0,88.0,88.0,88.39,,88.0,,,267,24797.0,9,F1,1,,,,,
2025-09-03,2025-09-03,CM,BSE,STK,532960,INE274G01010,DHANI,A,,,,,Dhani Services Limited,64.4,66.86,63.85,66.4,66.3,64.32,,66.35,,,568133,37438207.0,3422,F1,1,,,,,
2025-09-03,2025-09-03,CM,BSE,STK,532966,INE615H01020,TITAGARH,A,,,,,TITAGARH RAIL SYSTEMS LIMITED,852.05,857.8,843.0,848.15,848.15,848.8,,848.15,,,52622,44709126.0,2571,F1,1,,,,,
2025-09-03,2025-09-03,CM,BSE,STK,532967,INE415I01015,KIRIINDUS,B,,,,,KIRI INDUSTRIES LTD.,535.9,537.45,528.1,532.6,530.6,525.8,,533.4,,,11942,6367456.0,442,F1,1,,,,,
2025-09-03,2025-09-03,CM,BSE,STK,532974,INE865C01022,BIRLAMONEY,B,,,,,ADITYA BIRLA MONEY LTD.,177.05,181.1,177.05,179.0,179.0,179.45,,178.74,,,12978,2327969.0,311,F1,1,,,,,
2025-09-03,2025-09-03,CM,BSE,STK,532975,INE778I01024,TELOGICA,X,,,,,TELOGICA LIMITED,12.06,12.06,11.61,12.0,12.0,12.0,,12.0,,,3562,42506.0,13,F1,1,,,,,
2025-09-03,2025-09-03,CM,BSE,STK,532976,INE091G01026,JAIBALAJI,A,,,,,JAI BALAJI INDUSTRIES LTD.,103.9,104.95,101.85,103.6,104.0,102.05,,103.68,,,70357,7284614.0,748,F1,1,,,,,
2025-09-03,2025-09-03,CM,BSE,STK,532977,INE917I01010,BAJAJ-AUTO,A,,,,,BAJAJ AUTO LTD.,9024.05,9130.0,8988.6,9116.05,9116.05,9031.4,,9116.0,,,43329,394123873.0,6536,F1,1,,,,,
2025-09-03,2025-09-03,CM,BSE,STK,532978,INE918I01026,BAJAJFINSV,A,,,,,BAJAJ FINSERV LTD.,1947.95,1971.0,1947.95,1966.3,1971.0,1955.75,,1966.1,,,125634,246033248.0,2691,F1,1,,,,,
2025-09-03,2025-09-03,CM,BSE,STK,532980,INE020J01029,GOKUL,B,,,,,GOKUL REFOILS & SOLVENT LTD.,40.5,41.8,39.68,40.04,40.1,40.52,,40.06,,,14446,580042.0,412,F1,1,,,,,
2025-09-03,2025-09-03,CM,BSE,STK,532983,INE105J01010,RPGLIFE,B,,,,,RPG LIFE SCIENCES LTD.,2399.95,2399.95,2340.15,2370.65,2361.7,2337.75,,2369.2,,,524,1239890.0,174,F1,1,,,,,
2025-09-03,2025-09-03,CM,BSE,STK,532985,INF174KA1JD7,SENSEX1,A,,,,,KOTAK MAHINDRA MUTUAL FUND,89.47,89.47,87.65,89.2,89.2,88.59,,89.2,,,925,82558.0,68,F1,1,,,,,
2025-09-03,2025-09-03,CM,BSE,STK,532986,INE368I01016,NIRAJ,B,,,,,NIRAJ CEMENT STRUCTURALS LTD.,46.76,48.93,46.76,47.05,47.05,45.91,,47.11,,,1926,90671.0,52,F1,1,,,,,
2025-09-03,2025-09-03,CM,BSE,STK,532989,INE878I01022,BAFNAPH,B,,,,,BAFNA PHARMACEUTICALS LTD.,104.65,105.5,103.35,103.75,103.95,105.1,,102.97,,,2803,291854.0,51,F1,1,,,,,
2025-09-03,2025-09-03,CM,BSE,STK,532992,INE790D01020,CHLLTD,X,,,,,CHL LTD.,38.75,38.75,36.01,36.39,37.32,36.14,,36.39,,,836,30896.0,18,F1,1,,,,,
2025-09-03,2025-09-03,CM,BSE,STK,532993,INE955I01044,SEJALLTD,T,,,,,SEJAL GLASS LIMITED,530.0,550.0,518.95,520.15,518.95,546.25,,515.3,,,979,510053.0,48,F1,1,,,,,
2025-09-03,2025-09-03,CM,BSE,STK,532994,INE877I01016,ARCHIDPLY,B,,,,,ARCHIDPLY INDUSTRIES LTD.,98.98,109.0,98.0,99.57,109.0,98.75,,98.32,,,483,47831.0,52,F1,1,,,,,
2025-09-03,2025-09-03,CM,BSE,STK,532998,INE947I01017,LOTUSEYE,T,,,,,Lotus Eye Hospital And Institu,140.9,140.9,127.95,130.2,130.2,134.65,,130.23,,,24271,3215226.0,322,F1,1,,,,,
2025-09-03,2025-09-03,CM,BSE,STK,533001,INE323J01019,SOMICONVEY,B,,,,,SOMI CONVEYOR BELTINGS LTD.,146.05,147.4,144.05,145.45,145.45,144.0,,145.78,,,295,43091.0,20,F1,1,,,,,
2025-09-03,2025-09-03,CM,BSE,STK,533007,INE201J01017,LGBFORGE,XT,,,,,LGB FORGE LTD.,9.0,9.45,9.0,9.35,9.35,9.18,,9.35,,,62211,576487.0,202,F1,1,,,,,
2025-09-03,2025-09-03,CM,BSE,STK,533012,INE197J01017,LPDC,B,,,,,LANDMARK PROPERTY DEVELOPMENT,7.9,8.08,7.7,8.08,8.08,7.84,,7.99,,,7627,59951.0,62,F1,1,,,,,
2025-09-03,2025-09-03,CM,BSE,STK,533014,INE176J01011,SICAGEN,X,,,,,SICAGEN INDIA LTD.,74.95,76.46,73.1,75.03,74.21,75.0,,75.03,,,14267,1074350.0,81,F1,1,,,,,
2025-09-03,2025-09-03,CM,BSE,STK,533019,INE456H01029,SIMPLXPAP,X,,,,,SIMPLEX PAPERS LTD.,1900.0,1900.0,1899.45,1899.5,1899.5,1890.0,,1899.5,,,10,18995.0,6,F1,1,,,,,
2025-09-03,2025-09-03,CM,BSE,STK,533022,INE144J01027,20MICRONS,B,,,,,20 MICRONS LTD.,233.75,237.4,228.4,232.7,232.7,232.6,,232.53,,,14553,3404936.0,442,F1,1,,,,,
2025-09-03,2025-09-03,CM,BSE,STK,533023,INE342J01019,ZFCVINDIA,A,,,,,ZF Commercial Vehicle Control,14005.0,14041.95,13717.45,13803.3,13823.0,14160.25,,13802.0,,,321,4438351.0,154,F1,1,,,,,
2025-09-03,2025-09-03,CM,BSE,STK,533029,INE773I01017,ALKALI,B,,,,,ALKALI METALS LTD.,86.55,87.06,84.96,86.62,86.62,86.0,,85.62,,,1139,97435.0,30,F1,1,,,,,
2025-09-03,2025-09-03,CM,BSE,STK,533033,INE858B01029,ISGEC,B,,,,,ISGEC HEAVY ENGINEERING LTD.,1015.6,1044.2,1015.6,1035.6,1035.0,1018.35,,1035.05,,,808,837407.0,119,F1,1,,,,,
2025-09-03,2025-09-03,CM,BSE,STK,533047,INE919H01018,IMFA,B,,,,,INDIAN METALS & FERRO ALLOYS L,891.8,906.0,889.05,897.75,896.3,884.9,,898.15,,,2725,2452992.0,329,F1,1,,,,,
2025-09-03,2025-09-03,CM,BSE,STK,533048,INE065J01024,TPHQ,B,,,,,Teamo Productions HQ Limited,0.75,0.77,0.73,0.75,0.75,0.75,,0.74,,,415022,310060.0,259,F1,1,,,,,
2025-09-03,2025-09-03,CM,BSE,STK,533056,INE359B01010,VEDAVAAG,X,,,,,VEDAVAAG SYSTEMS LTD.,39.85,39.85,38.1,38.83,39.0,38.9,,38.83,,,21851,849747.0,124,F1,1,,,,,
2025-09-03,2025-09-03,CM,BSE,STK,533080,INE893J01029,MOLDTKPAC,B,,,,,MOLD-TEK PACKAGING LIMITED,825.0,849.4,819.95,840.15,840.15,824.7,,840.05,,,7786,6548596.0,993,F1,1,,,,,
2025-09-03,2025-09-03,CM,BSE,STK,533088,INE998I01010,MHRIL,A,,,,,MAHINDRA HOLIDAYS & RESORTS IN,353.8,368.65,353.55,357.8,361.5,352.9,,357.6,,,8991,3249853.0,566,F1,1,,,,,
2025-09-03,2025-09-03,CM,BSE,STK,533090,INE688J01023,EXCEL,T,,,,,EXCEL REALTY N INFRA LTD.,1.47,1.47,1.47,1.47,1.47,1.45,,1.47,,,4211236,6190516.0,373,F1,1,,,,,
2025-09-03,2025-09-03,CM,BSE,STK,533093,INE294G01026,ROML,T,,,,,RAJ OIL MILLS LTD.,46.6,49.87,45.6,49.87,49.87,47.5,,49.89,,,2509,122730.0,24,F1,1,,,,,
2025-09-03,2025-09-03,CM,BSE,STK,533095,INE083K01017,BENGALASM,B,,,,,BENGAL & ASSAM COMPANY LTD.,8483.95,8485.0,8350.05,8482.0,8480.0,8400.0,,8482.0,,,313,2650063.0,56,F1,1,,,,,
2025-09-03,2025-09-03,CM,BSE,STK,533096,INE814H01011,ADANIPOWER,A,,,,,ADANI POWER LTD.,609.5,616.35,605.0,609.2,609.2,607.9,,609.3,,,238126,145146508.0,5186,F1,1,,,,,
2025-09-03,2025-09-03,CM,BSE,STK,533098,INE848E01016,NHPC,A,,,,,NHPC LTD.,79.54,79.97,79.2,79.39,79.39,79.47,,79.38,,,291873,23209782.0,3355,F1,1,,,,,
2025-09-03,2025-09-03,CM,BSE,STK,533100,INE429K01012,PEIL,XT,,,,,PREMIER ENERGY AND INFRASTRUCT,9.51,9.9,8.98,9.72,9.84,9.45,,9.72,,,46197,450728.0,116,F1,1,,,,,
2025-09-03,2025-09-03,CM,BSE,STK,533101,INE360J01011,SURYAAMBA,X,,,,,SURYAAMBA SPINNING MILLS LTD.,145.0,151.25,137.05,142.2,142.2,146.35,,142.2,,,664,95507.0,21,F1,1,,,,,
2025-09-03,2025-09-03,CM,BSE,STK,533104,INE615I01010,GLOBUSSPR,A,,,,,GLOBUS SPIRITS LTD.,1192.65,1197.7,1083.0,1101.55,1110.0,1195.95,,1103.0,,,22237,24843395.0,2528,F1,1,,,,,
2025-09-03,2025-09-03,CM,BSE,STK,533106,INE274J01014,OIL,A,,,,,OIL INDIA LTD.,399.55,409.8,399.55,402.6,402.6,402.1,,402.75,,,70514,28527857.0,1909,F1,1,,,,,
2025-09-03,2025-09-03,CM,BSE,STK,533107,INE542F01020,SWANDEF,T,,,,,SWAN DEFENCE AND HEAVY INDUSTR,475.05,475.05,475.05,475.05,475.05,452.45,,456.55,,,367,174343.0,29,F1,1,,,,,
2025-09-03,2025-09-03,CM,BSE,STK,533108,INE274K01012,BTTL,XT,,,,,BHILWARA TECHNICAL TEXTILES LT,47.87,47.87,46.89,47.0,47.0,47.87,,47.0,,,232,10896.0,12,F1,1,,,,,
2025-09-03,2025-09-03,CM,BSE,STK,533110,INE318K01025,SPSL,X,,,,,SHREE PRECOATED STEELS LTD.,13.94,13.94,13.94,13.94,13.94,14.66,,13.94,,,21,292.0,5,F1,1,,,,,
2025-09-03,2025-09-03,CM,BSE,STK,533121,INE201K01015,EXPLEOSOL,B,,,,,EXPLEO SOLUTIONS LIMITED,1041.35,1048.45,1027.7,1028.5,1028.5,1031.1,,1029.5,,,249,258061.0,60,F1,1,,,,,
2025-09-03,2025-09-03,CM,BSE,STK,533122,INE399K01017,RTNPOWER,A,,,,,RATTANINDIA POWER LTD.,12.27,12.31,12.17,12.22,12.22,12.21,,12.21,,,1774338,21709098.0,3159,F1,1,,,,,
2025-09-03,2025-09-03,CM,BSE,STK,533137,INE947J01015,DEN,B,,,,,DEN NETWORKS LTD,35.2,36.34,35.2,36.25,36.34,35.89,,36.22,,,11356,409272.0,104,F1,1,,,,,
2025-09-03,2025-09-03,CM,BSE,STK,533138,INE563J01010,ASTEC,B,,,,,ASTEC LIFESCIENCES LIMITED,860.05,887.2,850.0,851.2,852.35,851.65,,853.3,,,2077,1803306.0,149,F1,1,,,,,
2025-09-03,2025-09-03,CM,BSE,STK,533146,INE250K01012,DLINKINDIA,B,,,,,D-LINK (INDIA) LTD,489.85,493.6,477.8,491.7,493.6,478.8,,491.05,,,8500,4130929.0,651,F1,1,,,,,
2025-09-03,2025-09-03,CM,BSE,STK,533148,INE121E01018,JSWENERGY,A,,,,,JSW ENERGY LTD,511.0,515.6,508.25,508.85,508.85,511.4,,509.05,,,65547,33555781.0,2184,F1,1,,,,,
2025-09-03,2025-09-03,CM,BSE,STK,533149,INE143K01019,YUNIKM,X,,,,,Yunik Managing Advisors Limite,10.21,10.21,9.7,9.73,10.02,10.21,,9.73,,,931,9243.0,21,F1,1,,,,,
2025-09-03,2025-09-03,CM,BSE,STK,533150,INE484J01027,GODREJPROP,A,,,,,GODREJ PROPERTIES LTD,1999.95,2018.0,1972.15,2011.9,2013.0,1978.3,,2011.9,,,34749,69679256.0,3122,F1,1,,,,,
2025-09-03,2025-09-03,CM,BSE,STK,533151,INE950I01011,DBCORP,B,,,,,D B CORP LTD,268.05,270.7,266.0,269.2,270.0,266.85,,268.45,,,6061,1627205.0,350,F1,1,,,,,
2025-09-03,2025-09-03,CM,BSE,STK,533152,INE912H01013,MBLINFRA,B,,,,,MBL Infrastructure Ltd,40.12,41.65,39.91,41.41,41.5,40.26,,41.49,,,3930,159222.0,45,F1,1,,,,,
2025-09-03,2025-09-03,CM,BSE,STK,533155,INE797F01020,JUBLFOOD,A,,,,,JUBILANT FOODWORKS LTD,635.05,639.05,633.45,634.75,634.05,635.5,,634.85,,,8276,5263109.0,597,F1,1,,,,,
2025-09-03,2025-09-03,CM,BSE,STK,533156,INE893I01013,VASCONEQ,B,,,,,VASCON ENGINEERS LTD,49.3,53.34,49.3,51.35,51.35,49.55,,51.33,,,168417,8749765.0,1954,F1,1,,,,,
2025-09-03,2025-09-03,CM,BSE,STK,533158,INE085J01014,THANGAMAYL,A,,,,,THANGAMAYIL JEWELLERY LTD,2271.2,2294.6,2185.0,2230.15,2231.7,2259.85,,2229.7,,,5181,11549615.0,1243,F1,1,,,,,
2025-09-03,2025-09-03,CM,BSE,STK,533160,INE879I01012,DBREALTY,A,,,,,VALOR ESTATE LIMITED,170.15,185.0,170.15,180.25,180.25,170.4,,180.17,,,275010,49599507.0,3744,F1,1,,,,,
2025-09-03,2025-09-03,CM,BSE,STK,533161,INE753K01015,EMMBI,B,,,,,EMMBI INDUSTRIES LTD,104.25,105.6,102.2,104.0,103.65,102.85,,103.97,,,888,92464.0,104,F1,1,,,,,
2025-09-03,2025-09-03,CM,BSE,STK,533162,INE982F01036,HATHWAY,B,,,,,HATHWAY CABLE & DATACOM LTD,14.55,14.82,14.55,14.72,14.72,14.57,,14.74,,,539045,7931080.0,1098,F1,1,,,,,
2025-09-03,2025-09-03,CM,BSE,STK,533163,INE267I01010,ARSSINFRA,T,,,,,ARSS INFRASTRUCTURE PROJECTS L,54.84,54.84,54.84,54.84,54.84,52.23,,54.84,,,9636,528438.0,28,F1,1,,,,,
2025-09-03,2025-09-03,CM,BSE,STK,533164,INE141K01013,TEXMOPIPES,B,,,,,TEXMO PIPES & PRODUCTS LTD.,57.4,57.99,57.4,57.41,57.41,57.29,,57.79,,,719,41478.0,51,F1,1,,,,,
2025-09-03,2025-09-03,CM,BSE,STK,533166,INE108E01023,SUNDARAM,B,,,,,SUNDARAM MULTI PAP LTD.,2.0,2.0,1.95,1.99,1.99,1.99,,1.98,,,145689,287011.0,129,F1,1,,,,,
2025-09-03,2025-09-03,CM,BSE,STK,533168,INE847C01020,ROSSELLIND,B,,,,,ROSSELL INDIA LTD.,69.99,69.99,66.1,66.55,67.16,68.15,,66.63,,,2577,172296.0,149,F1,1,,,,,
2025-09-03,2025-09-03,CM,BSE,STK,533169,INE949H01023,MANINFRA,A,,,,,MAN INFRACONSTRUCTION LTD.,161.0,163.55,160.5,162.6,162.6,160.6,,162.6,,,273075,44407364.0,816,F1,1,,,,,
2025-09-03,2025-09-03,CM,BSE,STK,533170,INE864J01012,TAMBOLIIN,X,,,,,TAMBOLI INDUSTRIES LIMITED,161.55,164.0,155.0,156.4,156.4,157.2,,156.4,,,3305,533932.0,35,F1,1,,,,,
2025-09-03,2025-09-03,CM,BSE,STK,533172,INF205K01361,IVZINGOLD,E,,,,,INVESCO India Gold Exchange Tr,9196.39,9252.17,9196.39,9252.17,9252.17,9118.48,,9268.35,,,16,147573.0,13,F1,1,,,,,
2025-09-03,2025-09-03,CM,BSE,STK,533177,INE975G01012,IL&FSTRANS,Z,,,,,IL&FS TRANSPORTATION NETWORKS,3.2,3.29,3.12,3.27,3.27,3.26,,3.23,,,7422,23570.0,32,F1,1,,,,,
2025-09-03,2025-09-03,CM,BSE,STK,533179,INE262H01021,PERSISTENT,A,,,,,PERSISTENT SYSTEMS LTD.,5386.25,5400.65,5304.0,5365.75,5376.7,5402.35,,5367.0,,,6730,35957612.0,1364,F1,1,,,,,
2025-09-03,2025-09-03,CM,BSE,STK,533181,INE566K01011,ISFT,B,,,,,INTRASOFT TECHNOLOGIES LTD.,104.0,104.0,100.12,100.96,100.21,100.68,,100.72,,,1678,169938.0,100,F1,1,,,,,
2025-09-03,2025-09-03,CM,BSE,STK,533189,INE516K01024,GOENKA,Z,,,,,GOENKA DIAMOND & JEWELS LTD.,0.96,0.97,0.94,0.94,0.94,0.95,,0.94,,,83228,79863.0,64,F1,1,,,,,
2025-09-03,2025-09-03,CM,BSE,STK,533192,INE790B01024,KCPSUGIND,B,,,,,KCP SUGAR & INDUSTRIES CORPORA,34.94,34.99,34.08,34.66,34.77,34.4,,34.63,,,10544,364906.0,141,F1,1,,,,,
2025-09-03,2025-09-03,CM,BSE,STK,533193,INE134B01017,KECL,B,,,,,KIRLOSKAR ELECTRIC COMPANY LTD,116.9,119.4,116.2,117.75,118.2,116.8,,117.75,,,8268,973988.0,139,F1,1,,,,,
2025-09-03,2025-09-03,CM,BSE,STK,533202,INE639K01016,SATCH,XT,,,,,SATCHMO HOLDINGS LIMITED,3.56,3.56,3.42,3.49,3.49,3.49,,3.49,,,5941,20614.0,35,F1,1,,,,,
2025-09-03,2025-09-03,CM,BSE,STK,533203,INE747K01017,TARAPUR,B,,,,,TARAPUR TRANSFORMERS LTD,23.32,23.62,23.05,23.26,23.25,22.5,,23.37,,,6985,164310.0,73,F1,1,,,,,
2025-09-03,2025-09-03,CM,BSE,STK,533206,INE002L01015,SJVN,A,,,,,SJVN LTD,93.99,94.54,93.61,93.94,93.94,93.87,,93.97,,,162684,15290776.0,1851,F1,1,,,,,
2025-09-03,2025-09-03,CM,BSE,STK,533208,INE830C01026,EMAMIPAP,B,,,,,EMAMI PAPER MILLS LTD.,101.2,107.1,101.2,104.35,104.7,104.8,,104.59,,,4978,526419.0,137,F1,1,,,,,
2025-09-03,2025-09-03,CM,BSE,STK,533210,INE798K01010,KRITINUT,B,,,,,KRITI NUTRIENTS LTD,100.35,101.08,99.9,99.95,99.9,100.08,,100.02,,,3607,360839.0,124,F1,1,,,,,
2025-09-03,2025-09-03,CM,BSE,STK,533212,INE265D01015,GKB,X,,,,,GKB OPHTHALMICS LTD.,76.33,77.99,75.01,76.57,77.0,76.33,,76.57,,,1320,100794.0,29,F1,1,,,,,
2025-09-03,2025-09-03,CM,BSE,STK,533217,INE871K01015,HMVL,B,,,,,HINDUSTAN MEDIA VENTURES LTD.,87.0,87.49,84.51,85.96,85.96,86.5,,86.34,,,861,74644.0,32,F1,1,,,,,
2025-09-03,2025-09-03,CM,BSE,STK,533218,INE778K01012,EMAMIREAL,B,,,,,EMAMI REALTY LIMITED,118.1,118.1,113.1,114.35,114.35,118.15,,113.97,,,3126,358792.0,179,F1,1,,,,,
2025-09-03,2025-09-03,CM,BSE,STK,533227,INE926K01017,AHLEAST,B,,,,,ASIAN HOTELS (EAST) LTD.,156.0,167.7,156.0,166.9,166.9,161.9,,166.76,,,635,102499.0,44,F1,1,,,,,
2025-09-03,2025-09-03,CM,BSE,STK,533229,INE933K01021,BAJAJCON,B,,,,,BAJAJ CONSUMER CARE LIMITED,244.05,245.7,240.65,242.0,242.0,242.65,,241.97,,,170941,41467487.0,2542,F1,1,,,,,
2025-09-03,2025-09-03,CM,BSE,STK,533230,INF179KC1981,HDFCGOLD,E,,,,,HDFC MUTUAL FUND - HDFC GOLD E,90.79,90.98,90.31,90.75,90.75,89.5,,90.75,,,266717,24171505.0,1338,F1,1,,,,,
2025-09-03,2025-09-03,CM,BSE,STK,533239,INE696K01024,PRAKASHSTL,B,,,,,PRAKASH STEELAGE LTD.,5.37,5.6,5.37,5.57,5.57,5.51,,5.54,,,37025,204732.0,135,F1,1,,,,,
2025-09-03,2025-09-03,CM,BSE,STK,533244,INF109KC1NT3,GOLDIETF,E,,,,,ICICI Prudential Gold ETF,91.85,91.85,90.29,90.97,90.97,89.61,,90.96,,,354252,32192939.0,2026,F1,1,,,,,
2025-09-03,2025-09-03,CM,BSE,STK,533248,INE517F01014,GPPL,A,,,,,GUJARAT PIPAVAV PORT LTD.,150.4,155.9,150.4,154.8,154.9,152.2,,154.76,,,62459,9649031.0,946,F1,1,,,,,
2025-09-03,2025-09-03,CM,BSE,STK,533252,INE389K01018,WELINV,T,,,,,WELSPUN INVESTMENTS AND COMMER,971.4,1069.9,971.4,1006.8,1059.9,1019.95,,1018.85,,,156,159317.0,8,F1,1,,,,,
2025-09-03,2025-09-03,CM,BSE,STK,533259,INE019J01013,SASTASUNDR,B,,,,,Sastasundar Ventures Limited,280.95,280.95,276.05,276.15,276.05,280.1,,275.6,,,869,243921.0,228,F1,1,,,,,
2025-09-03,2025-09-03,CM,BSE,STK,533260,INE521J01018,CPCAP,B,,,,,CP CAPITAL LIMITED,145.3,147.0,145.1,146.2,146.2,145.3,,145.32,,,48,7022.0,11,F1,1,,,,,
2025-09-03,2025-09-03,CM,BSE,STK,533262,INE874I01013,RAMKY,B,,,,,RAMKY INFRASTRUCTURE LTD.,574.1,574.1,566.3,567.95,568.0,562.8,,568.45,,,1617,921613.0,79,F1,1,,,,,
2025-09-03,2025-09-03,CM,BSE,STK,533263,INE999K01014,GREENPOWER,B,,,,,ORIENT GREEN POWER COMPANY LTD,13.87,14.13,13.76,14.08,14.08,13.87,,14.08,,,488497,6822740.0,1465,F1,1,,,,,
2025-09-03,2025-09-03,CM,BSE,STK,533267,INE068L01024,CANTABIL,B,,,,,CANTABIL RETAIL INDIA LTD.,258.8,260.85,255.25,256.15,259.2,259.4,,257.2,,,8643,2234125.0,249,F1,1,,,,,
2025-09-03,2025-09-03,CM,BSE,STK,533268,INE351L01016,SEATV,XT,,,,,SEA TV NETWORK LTD.,4.68,4.69,4.56,4.69,4.69,4.47,,4.69,,,7880,36940.0,35,F1,1,,,,,
2025-09-03,2025-09-03,CM,BSE,STK,533269,INE956G01038,WABAG,A,,,,,VA TECH WABAG LTD.,1523.55,1541.0,1504.35,1522.55,1524.5,1507.45,,1523.1,,,14551,22183405.0,1222,F1,1,,,,,
2025-09-03,2025-09-03,CM,BSE,STK,533270,INE844K01012,BEDMUTHA,B,,,,,BEDMUTHA INDUSTRIES LTD.,134.3,135.9,131.75,134.55,135.0,136.55,,134.69,,,1914,256500.0,65,F1,1,,,,,
2025-09-03,2025-09-03,CM,BSE,STK,533271,INE442H01029,ASHOKA,A,,,,,ASHOKA BUILDCON LTD.,188.15,193.6,187.5,191.9,191.9,190.05,,191.9,,,168042,32079520.0,3138,F1,1,,,,,
2025-09-03,2025-09-03,CM,BSE,STK,533272,INE209L01016,JWL,A,,,,,JUPITER WAGONS LIMITED,328.95,333.8,327.8,330.1,330.1,330.15,,329.95,,,52140,17232780.0,1168,F1,1,,,,,
2025-09-03,2025-09-03,CM,BSE,STK,533273,INE093I01010,OBEROIRLTY,A,,,,,OBEROI REALTY LTD.,1630.05,1662.35,1630.05,1658.15,1658.15,1650.3,,1656.7,,,4833,7991775.0,603,F1,1,,,,,
2025-09-03,2025-09-03,CM,BSE,STK,533274,INE811K01011,PRESTIGE,A,,,,,PRESTIGE ESTATES PROJECTS LTD.,1570.0,1588.0,1553.9,1585.1,1588.0,1564.35,,1584.9,,,9768,15375113.0,1144,F1,1,,,,,
2025-09-03,2025-09-03,CM,BSE,STK,533275,INE482J01021,SHAH,T,,,,,SHAH METACORP LIMITED,3.53,3.71,3.47,3.71,3.71,3.54,,3.69,,,177866,656525.0,222,F1,1,,,,,
2025-09-03,2025-09-03,CM,BSE,STK,533278,INE522F01014,COALINDIA,A,,,,,COAL INDIA LTD.,380.95,393.2,380.0,389.55,389.55,379.95,,389.8,,,292911,113486715.0,4940,F1,1,,,,,
2025-09-03,2025-09-03,CM,BSE,STK,533282,INE024L01027,GRAVITA,A,,,,,GRAVITA INDIA LTD.,1684.0,1718.4,1657.05,1699.3,1699.3,1687.65,,1697.5,,,16739,28319166.0,1411,F1,1,,,,,
2025-09-03,2025-09-03,CM,BSE,STK,533284,INE324L01013,RPPINFRA,B,,,,,RPP INFRA PROJECTS LTD.,145.0,146.0,139.0,139.9,139.9,144.7,,140.41,,,90550,12870949.0,1403,F1,1,,,,,
2025-09-03,2025-09-03,CM,BSE,STK,533285,INE245L01028,RDBIPL,X,,,,,RDB INFRASTRUCTURE AND POWER L,37.64,37.86,35.52,36.16,36.16,37.38,,36.16,,,43231,1559085.0,272,F1,1,,,,,
2025-09-03,2025-09-03,CM,BSE,STK,533286,INE490G01020,MOIL,A,,,,,MOIL LTD.,360.0,374.1,355.05,357.6,357.6,344.8,,358.05,,,543903,198884848.0,12731,F1,1,,,,,
2025-09-03,2025-09-03,CM,BSE,STK,533287,INE565L01011,ZEELEARN,T,,,,,ZEE LEARN LTD.,9.02,9.3,9.02,9.08,9.03,9.18,,9.02,,,99547,915153.0,150,F1,1,,,,,
2025-09-03,2025-09-03,CM,BSE,STK,533289,INE096L01025,KTIL,XT,,,,,KESAR TERMINALS & INFRASTRUCTU,92.65,92.65,92.65,92.65,92.65,94.54,,92.65,,,286,26497.0,3,F1,1,,,,,
2025-09-03,2025-09-03,CM,BSE,STK,533292,INE619I01012,A2ZINFRA,T,,,,,A2Z INFRA ENGINEERING LIMITED,21.0,22.12,20.5,22.09,22.12,21.07,,22.09,,,248285,5427754.0,270,F1,1,,,,,
2025-09-03,2025-09-03,CM,BSE,STK,533293,INE146L01010,KIRLOSENG,A,,,,,KIRLOSKAR OIL ENGINES LTD.,906.25,910.5,871.45,892.3,890.4,917.55,,893.45,,,73991,65943125.0,6672,F1,1,,,,,
2025-09-03,2025-09-03,CM,BSE,STK,533294,INE722J01012,RKDL,B,,,,,RAVI KUMAR DISTILLERIES LTD.,28.74,28.74,26.71,27.05,27.37,27.26,,27.07,,,5479,148196.0,156,F1,1,,,,,
2025-09-03,2025-09-03,CM,BSE,STK,533295,INE608A01012,PSB,B,,,,,PUNJAB & SIND BANK,29.99,29.99,28.66,28.83,28.88,28.61,,28.84,,,76782,2210142.0,335,F1,1,,,,,
2025-09-03,2025-09-03,CM,BSE,STK,533296,INE360L01017,FMNL,B,,,,,FUTURE MARKET NETWORKS LTD.,13.0,13.52,13.0,13.02,13.02,13.26,,13.0,,,4314,56608.0,61,F1,1,,,,,
2025-09-03,2025-09-03,CM,BSE,STK,533298,INE272L01022,SURANASOL,B,,,,,SURANA SOLAR LTD.,30.88,31.58,30.61,30.92,31.24,30.64,,31.13,,,10169,314520.0,218,F1,1,,,,,
2025-09-03,2025-09-03,CM,BSE,STK,533301,INE268L01046,SHEKHAWATI,B,,,,,SHEKHAWATI INDUSTRIES LIMITED,22.0,22.0,20.85,21.27,21.33,21.1,,20.97,,,1780,37965.0,205,F1,1,,,,,
2025-09-03,2025-09-03,CM,BSE,STK,533302,INE029L01018,KICL,B,,,,,KALYANI INVESTMENT COMPANY LTD,4821.0,4896.25,4821.0,4872.95,4886.25,4821.0,,4883.2,,,366,1782178.0,156,F1,1,,,,,
2025-09-03,2025-09-03,CM,BSE,STK,533303,INE878K01010,BFINVEST,B,,,,,BF INVESTMENT LTD.,461.95,475.65,460.15,467.8,470.0,459.15,,468.25,,,5033,2362365.0,380,F1,1,,,,,
2025-09-03,2025-09-03,CM,BSE,STK,533306,INE519C01017,SUMMITSEC,B,,,,,SUMMIT SECURITIES LTD.,2236.5,2278.4,2231.65,2249.8,2252.6,2209.65,,2253.9,,,363,816621.0,87,F1,1,,,,,
2025-09-03,2025-09-03,CM,BSE,STK,533315,INE690J01011,INOVSYNTH,XT,,,,,INNOVASSYNTH INVESTMENTS LTD.,95.0,97.49,95.0,96.53,97.0,95.86,,96.53,,,11433,1100844.0,53,F1,1,,,,,
2025-09-03,2025-09-03,CM,BSE,STK,533316,INE577L01016,STEL,B,,,,,STEL HOLDINGS LIMITED,500.8,501.75,484.6,485.05,484.6,488.75,,488.2,,,1671,823358.0,377,F1,1,,,,,
2025-09-03,2025-09-03,CM,BSE,STK,533317,INE474L01016,OMKARCHEM,Z,,,,,OMKAR SPECIALITY CHEMICALS LTD,6.39,6.4,5.84,6.18,6.18,6.14,,6.15,,,9698,57706.0,34,F1,1,,,,,
2025-09-03,2025-09-03,CM,BSE,STK,533326,INE621L01012,TEXRAIL,A,,,,,TEXMACO RAIL & ENGINEERING LTD,141.65,142.8,140.2,141.15,141.15,141.1,,141.18,,,137267,19405032.0,2070,F1,1,,,,,
2025-09-03,2025-09-03,CM,BSE,STK,533329,INE611L01021,INDTERRAIN,B,,,,,INDIAN TERRAIN FASHIONS LTD.,35.9,36.02,35.3,35.57,35.4,35.67,,35.54,,,4703,167885.0,121,F1,1,,,,,
2025-09-03,2025-09-03,CM,BSE,STK,533333,INE045J01026,FCL,B,,,,,FINEOTEX CHEMICAL LTD.,242.2,246.0,239.45,240.3,242.7,242.2,,240.23,,,6777,1636412.0,225,F1,1,,,,,
2025-09-03,2025-09-03,CM,BSE,STK,533336,INE320L01011,DHUNINV,B,,,,,DHUNSERI INVESTMENTS LTD.,1428.3,1460.0,1428.3,1450.55,1460.0,1421.0,,1452.1,,,30,43324.0,28,F1,1,,,,,
2025-09-03,2025-09-03,CM,BSE,STK,533339,INE251B01027,ZENTEC,A,,,,,ZEN TECHNOLOGIES LTD.,1512.35,1512.35,1479.0,1482.15,1482.15,1502.9,,1482.5,,,57204,85033211.0,4308,F1,1,,,,,
2025-09-03,2025-09-03,CM,BSE,STK,533343,INE597L01014,LOVABLE,B,,,,,LOVABLE LINGERIE LTD.,89.61,96.8,89.61,94.4,93.49,93.26,,95.55,,,5388,502332.0,70,F1,1,,,,,
2025-09-03,2025-09-03,CM,BSE,STK,533344,INE560K01014,PFS,B,,,,,PTC INDIA FINANCIAL SERVICES L,38.15,39.09,38.15,38.76,38.99,38.13,,38.71,,,57952,2244904.0,483,F1,1,,,,,
2025-09-03,2025-09-03,CM,BSE,STK,533385,INF247L01AP3,MON100,E,,,,,MOTILAL OSWAL MOST SHARES NASD,202.41,203.9,200.66,203.34,203.34,202.42,,203.46,,,122854,24883736.0,2376,F1,1,,,,,
2025-09-03,2025-09-03,CM,BSE,STK,533398,INE414G01012,MUTHOOTFIN,A,,,,,MUTHOOT FINANCE LTD.,2708.0,2800.0,2708.0,2786.7,2786.7,2698.6,,2783.7,,,26676,73835796.0,3213,F1,1,,,,,
2025-09-03,2025-09-03,CM,BSE,STK,533407,INE672K01025,TRUEGREEN,X,,,,,TRUE GREEN BIO ENERGY LIMITED,56.9,58.9,53.0,56.09,56.09,55.96,,56.09,,,13310,733877.0,131,F1,1,,,,,
2025-09-03,2025-09-03,CM,BSE,STK,533408,INF209KB18D3,BSLGOLDETF,E,,,,,Aditya Birla Sun Life Mutual F,93.03,94.01,91.77,93.27,92.98,92.48,,93.54,,,110100,10227438.0,463,F1,1,,,,,
2025-09-03,2025-09-03,CM,BSE,STK,533427,INE932K01015,VMS,XT,,,,,VMS INDUSTRIES LTD.,34.4,34.98,33.21,33.45,33.54,34.25,,33.45,,,19732,667259.0,190,F1,1,,,,,
2025-09-03,2025-09-03,CM,BSE,STK,533451,INE725L01011,KARMAENG,T,,,,,KARMA ENERGY LTD.,51.0,52.99,49.1,52.0,52.0,50.63,,51.48,,,1557,78075.0,9,F1,1,,,,,
2025-09-03,2025-09-03,CM,BSE,STK,533452,INE726L01019,DELPHIFX,T,,,,,DELPHI WORLD MONEY LIMITED,205.0,212.0,205.0,211.4,212.0,210.95,,204.23,,,834,171557.0,9,F1,1,,,,,
2025-09-03,2025-09-03,CM,BSE,STK,533470,INE573K01025,RUSHIL,B,,,,,RUSHIL DECOR LTD.,28.83,29.25,27.18,27.53,27.18,28.26,,27.49,,,219475,6275002.0,1195,F1,1,,,,,
2025-09-03,2025-09-03,CM,BSE,STK,533477,INE130L01014,ENKEIWHEL,B,,,,,ENKEI WHEELS (INDIA) LTD.,477.0,498.0,474.0,475.8,474.0,477.3,,475.8,,,798,382458.0,44,F1,1,,,,,
2025-09-03,2025-09-03,CM,BSE,STK,533482,INE524L01026,KRIDHANINF,T,,,,,KRIDHAN INFRA LIMITED,4.33,4.33,4.0,4.01,4.01,4.15,,4.03,,,15822,63790.0,43,F1,1,,,,,
2025-09-03,2025-09-03,CM,BSE,STK,533506,INE878H01024,INVENTURE,B,,,,,INVENTURE GROWTH & SECURITIES,1.51,1.72,1.48,1.66,1.66,1.51,,1.66,,,2961656,4783050.0,548,F1,1,,,,,
2025-09-03,2025-09-03,CM,BSE,STK,533519,INE498L01015,LTF,A,,,,,L&T Finance Limited,223.95,228.15,222.15,227.2,227.1,221.8,,227.15,,,327171,73895524.0,3119,F1,1,,,,,
2025-09-03,2025-09-03,CM,BSE,STK,533520,INE126M01010,YAARI,T,,,,,Yaari Digital Integrated Servi,18.28,18.28,18.28,18.28,18.28,17.41,,18.86,,,2348,42921.0,5,F1,1,,,,,
2025-09-03,2025-09-03,CM,BSE,STK,533540,INE040M01013,TREEHOUSE,B,,,,,TREE HOUSE EDUCATION & ACCESSO,7.33,7.93,7.33,7.74,7.74,7.62,,7.74,,,7080,55429.0,60,F1,1,,,,,
2025-09-03,2025-09-03,CM,BSE,STK,533543,INE650L01011,BROOKS,T,,,,,BROOKS LABORATORIES LTD.,138.85,139.4,133.3,137.8,137.5,136.3,,138.31,,,2354,325320.0,39,F1,1,,,,,
2025-09-03,2025-09-03,CM,BSE,STK,533552,INE895B01021,RUPA,B,,,,,RUPA & COMPANY LTD.,192.2,198.0,192.2,195.85,197.0,193.85,,195.83,,,11054,2160626.0,267,F1,1,,,,,
2025-09-03,2025-09-03,CM,BSE,STK,533553,INE419M01027,TDPOWERSYS,A,,,,,T D POWER SYSTEMS LTD.,518.95,560.0,516.3,551.15,554.95,513.25,,551.35,,,237490,130156261.0,8090,F1,1,,,,,
2025-09-03,2025-09-03,CM,BSE,STK,533570,INF846K01W80,AXISGOLD,E,,,,,AXIS MUTUAL FUND - AXIS GOLD E,88.5,89.21,88.07,89.0,89.0,87.54,,88.96,,,82457,7312892.0,722,F1,1,,,,,
2025-09-03,2025-09-03,CM,BSE,STK,533573,INE901L01018,APLLTD,A,,,,,ALEMBIC PHARMACEUTICALS LTD.,945.3,957.7,943.05,956.15,957.25,942.35,,955.75,,,1688,1607070.0,225,F1,1,,,,,
2025-09-03,2025-09-03,CM,BSE,STK,533576,INE590L01019,VASWANI,T,,,,,VASWANI INDUSTRIES LTD.,55.0,57.0,55.0,56.96,57.0,56.05,,57.31,,,7720,437110.0,41,F1,1,,,,,
2025-09-03,2025-09-03,CM,BSE,STK,533581,INE457L01029,PGEL,A,,,,,PG ELECTROPLAST LTD.,563.2,563.2,548.3,553.25,554.95,560.3,,553.2,,,234991,130464636.0,7187,F1,1,,,,,
2025-09-03,2025-09-03,CM,BSE,STK,533602,INE050L01048,LESHAIND,X,,,,,LESHA INDUSTRIES LTD.,1.16,1.16,1.12,1.14,1.14,1.14,,1.14,,,352408,398886.0,269,F1,1,,,,,
2025-09-03,2025-09-03,CM,BSE,STK,533608,INE123M01017,RDBRL,XT,,,,,RDB RASAYANS LTD.,163.0,163.0,155.0,162.5,162.5,163.0,,162.5,,,8005,1293819.0,38,F1,1,,,,,
2025-09-03,2025-09-03,CM,BSE,STK,533629,INE440L01017,TIJARIA,T,,,,,TIJARIA POLYPIPES LTD.,7.65,7.65,6.93,6.98,7.12,7.29,,6.93,,,17395,122146.0,47,F1,1,,,,,
2025-09-03,2025-09-03,CM,BSE,STK,533632,INE912L01015,ONELIFECAP,T,,,,,ONELIFE CAPITAL ADVISORS LTD.,11.65,11.65,11.38,11.38,11.38,11.65,,11.66,,,3,34.0,3,F1,1,,,,,
2025-09-03,2025-09-03,CM,BSE,STK,533638,INE060J01017,FLEXITUFF,B,,,,,FLEXITUFF VENTURES INTERNATION,27.92,29.69,27.1,28.34,28.8,28.48,,28.41,,,32534,912145.0,755,F1,1,,,,,
2025-09-03,2025-09-03,CM,BSE,STK,533655,INE152M01016,TRITURBINE,A,,,,,TRIVENI TURBINE LTD.,532.35,532.35,524.0,527.5,529.45,530.75,,527.4,,,27097,14285368.0,2505,F1,1,,,,,
2025-09-03,2025-09-03,CM,BSE,STK,533676,INE337M01021,INDOTHAI,T,,,,,INDO THAI SECURITIES LTD.,146.05,155.5,144.0,155.5,155.5,148.1,,155.33,,,28023,4248675.0,176,F1,1,,,,,
2025-09-03,2025-09-03,CM,BSE,STK,533704,INE122M01019,ESSARSHPNG,B,,,,,ESSAR SHIPPING LTD.,24.15,25.26,24.01,25.26,25.26,24.06,,25.25,,,37977,943639.0,275,F1,1,,,,,
2025-09-03,2025-09-03,CM,BSE,STK,533719,INF397L01554,LICMFGOLD,E,,,,,IDBI MUTUAL FUND - IDBI GOLD E,9597.46,9642.63,9575.34,9642.63,9642.63,9440.23,,9631.25,,,48,460869.0,26,F1,1,,,,,
2025-09-03,2025-09-03,CM,BSE,STK,533758,INE702C01027,APLAPOLLO,A,,,,,APL APOLLO TUBES LTD.,1654.4,1678.05,1644.85,1674.25,1674.25,1654.4,,1674.8,,,9261,15417584.0,1188,F1,1,,,,,
2025-09-03,2025-09-03,CM,BSE,STK,533761,INE390G01014,GPTINFRA,B,,,,,GPT INFRAPROJECTS LTD.,117.05,119.6,116.15,118.65,118.0,116.85,,118.59,,,9313,1103227.0,243,F1,1,,,,,
2025-09-03,2025-09-03,CM,BSE,STK,533896,INE258M01011,FERVENTSYN,XT,,,,,FERVENT SYNERGIES LTD.,23.75,24.35,23.54,23.64,23.64,23.3,,23.64,,,1287,31083.0,19,F1,1,,,,,
2025-09-03,2025-09-03,CM,BSE,STK,533941,INE480M01011,THOMASCOTT,T,,,,,THOMAS SCOTT (INDIA) LIMITED,346.75,346.75,332.75,335.3,332.75,350.25,,326.9,,,1775,597676.0,109,F1,1,,,,,
2025-09-03,2025-09-03,CM,BSE,STK,533982,INE482B01010,TERASOFT,T,,,,,TERA SOFTWARE LTD.,322.0,335.35,308.0,335.35,335.35,319.4,,335.35,,,19596,6501009.0,203,F1,1,,,,,
2025-09-03,2025-09-03,CM,BSE,STK,534060,INE793G01035,PMCFIN,X,,,,,PMC FINCORP LIMITED,2.11,2.14,2.07,2.12,2.13,2.13,,2.12,,,528637,1117733.0,799,F1,1,,,,,
2025-09-03,2025-09-03,CM,BSE,STK,534063,INE241F01011,FUTSOL,X,,,,,FUTURISTIC SOLUTIONS LTD.,54.79,54.79,48.11,49.31,48.11,50.98,,49.31,,,10,525.0,6,F1,1,,,,,
2025-09-03,2025-09-03,CM,BSE,STK,534064,INE123D01024,AIML,X,,,,,ALLIANCE INTEGRATED METALIKS L,1.89,1.9,1.83,1.85,1.85,1.84,,1.85,,,598365,1118262.0,522,F1,1,,,,,
2025-09-03,2025-09-03,CM,BSE,STK,534076,INE743M01012,RHIM,A,,,,,RHI MAGNESITA INDIA LIMITED,479.8,485.75,476.4,477.95,476.75,479.25,,478.4,,,5430,2609544.0,205,F1,1,,,,,
2025-09-03,2025-09-03,CM,BSE,STK,534091,INE745G01035,MCX,A,,,,,MULTI COMMODITY EXCHANGE OF IN,7721.35,7723.8,7530.0,7705.7,7699.0,7645.45,,7707.5,,,20935,160074102.0,4276,F1,1,,,,,
2025-09-03,2025-09-03,CM,BSE,STK,534139,INE839M01018,SCHNEIDER,T,,,,,SCHNEIDER ELECTRIC INFRASTRUCT,870.0,894.0,856.0,862.9,866.0,875.65,,860.4,,,4583,3994245.0,195,F1,1,,,,,
2025-09-03,2025-09-03,CM,BSE,STK,534190,INE550L01013,OLPCL,X,,,,,OLYMPIC CARDS LTD.,2.89,2.9,2.88,2.9,2.9,2.9,,2.9,,,10690,30894.0,20,F1,1,,,,,
2025-09-03,2025-09-03,CM,BSE,STK,534309,INE095N01031,NBCC,A,,,,,NBCC (India) Limited,102.02,103.5,101.4,103.33,103.33,101.62,,103.29,,,692877,71221432.0,4666,F1,1,,,,,
2025-09-03,2025-09-03,CM,BSE,STK,534312,INE472M01018,MTEDUCARE,T,,,,,MT EDUCARE LTD.,2.12,2.12,2.08,2.08,2.08,2.13,,2.08,,,365,761.0,5,F1,1,,,,,
2025-09-03,2025-09-03,CM,BSE,STK,534328,INE750M01017,HEXATRADEX,B,,,,,HEXA TRADEX LTD.,179.95,184.0,179.6,181.4,180.55,177.95,,182.36,,,1098,198492.0,89,F1,1,,,,,
2025-09-03,2025-09-03,CM,BSE,STK,534338,INE393F01010,MAXHEIGHTS,XT,,,,,MAXHEIGHTS INFRASTRUCTURE LTD.,12.64,13.5,12.26,12.68,13.38,12.9,,12.68,,,3297,41866.0,35,F1,1,,,,,
2025-09-03,2025-09-03,CM,BSE,STK,534369,INE760L01018,TBZ,B,,,,,TRIBHOVANDAS BHIMJI ZAVERI LTD,187.75,191.7,186.0,186.45,186.45,187.9,,186.46,,,31718,5968634.0,706,F1,1,,,,,
2025-09-03,2025-09-03,CM,BSE,STK,534392,INE050M01012,VSSL,B,,,,,VARDHMAN SPECIAL STEELS LTD.,259.0,268.45,259.0,266.05,266.85,257.65,,265.6,,,1341,356993.0,103,F1,1,,,,,
2025-09-03,2025-09-03,CM,BSE,STK,534425,INE247M01014,SPECIALITY,B,,,,,SPECIALITY RESTAURANTS LTD.,123.3,125.3,121.75,123.6,123.25,123.0,,123.26,,,5627,696871.0,165,F1,1,,,,,
2025-09-03,2025-09-03,CM,BSE,STK,534532,INE142K01011,LYPSAGEMS,T,,,,,LYPSA GEMS & JEWELLERY LTD,6.5,6.71,6.21,6.67,6.67,6.5,,6.67,,,8308,54246.0,24,F1,1,,,,,
2025-09-03,2025-09-03,CM,BSE,STK,534535,INE958L01026,META,XT,,,,,STRING METAVERSE LIMITED,261.85,261.85,261.85,261.85,261.85,249.4,,261.85,,,29320,7677442.0,24,F1,1,,,,,
2025-09-03,2025-09-03,CM,BSE,STK,534597,INE834M01019,RTNINDIA,B,,,,,RATTANINDIA ENTERPRISES LIMITE,61.5,61.62,60.35,60.62,60.4,61.33,,60.49,,,668240,40788274.0,2584,F1,1,,,,,
2025-09-03,2025-09-03,CM,BSE,STK,534598,INE735M01018,SAMPANN,B,,,,,Sampann Utpadan India Limited,29.33,30.8,26.57,28.28,28.28,29.33,,28.46,,,34245,970943.0,399,F1,1,,,,,
2025-09-03,2025-09-03,CM,BSE,STK,534600,INE391J01032,JTLIND,B,,,,,JTL INDUSTRIES LIMITED,76.0,79.35,76.0,78.57,78.85,76.09,,78.59,,,147736,11577238.0,896,F1,1,,,,,
2025-09-03,2025-09-03,CM,BSE,STK,534612,INE436N01029,AMTL,X,,,,,ADVANCE METERING TECHNOLOGY LT,26.2,28.0,26.2,27.41,28.0,26.24,,27.41,,,1682,45820.0,30,F1,1,,,,,
2025-09-03,2025-09-03,CM,BSE,STK,534615,INE553C01016,NECCLTD,B,,,,,NORTH EASTERN CARRYING CORPORA,21.95,21.95,21.4,21.53,21.65,21.4,,21.52,,,6520,140548.0,100,F1,1,,,,,
2025-09-03,2025-09-03,CM,BSE,STK,534618,INE299N01021,WAAREERTL,A,,,,,WAAREE RENEWABLE TECHNOLOGIES,1026.25,1035.2,1021.0,1026.35,1028.0,1020.65,,1026.5,,,31238,32094877.0,2389,F1,1,,,,,
2025-09-03,2025-09-03,CM,BSE,STK,534623,INE524N01014,JUPITERIN,X,,,,,JUPITER INFOMEDIA LTD.,57.5,57.95,53.73,56.05,56.0,56.05,,56.05,,,5002,279748.0,55,F1,1,,,,,
2025-09-03,2025-09-03,CM,BSE,STK,534674,INE741L01018,DUCON,B,,,,,Ducon Infratechnologies Ltd,5.35,5.54,5.35,5.45,5.51,5.36,,5.46,,,18407,99913.0,69,F1,1,,,,,
2025-09-03,2025-09-03,CM,BSE,STK,534675,INE195N01013,PROZONER,B,,,,,PROZONE REALTY LIMITED,41.0,46.0,40.58,44.01,44.35,40.22,,44.01,,,298374,13145695.0,2017,F1,1,,,,,
2025-09-03,2025-09-03,CM,BSE,STK,534680,INE559N01010,SRGHFL,B,,,,,SRG HOUSING FINANCE LTD.,304.0,308.65,301.05,301.05,301.05,308.8,,304.85,,,685,208420.0,30,F1,1,,,,,
2025-09-03,2025-09-03,CM,BSE,STK,534691,INE456N01019,COMCL,X,,,,,COMFORT COMMOTRADE LTD.,32.0,34.5,31.67,31.82,32.89,31.6,,31.82,,,34413,1122097.0,160,F1,1,,,,,
2025-09-03,2025-09-03,CM,BSE,STK,534708,INE892L01019,SHANTIGURU,M,,,,,SHANTI GURU INDUSTRIES LIMITED,10.15,10.15,9.7,9.93,9.7,10.15,,9.93,,,6000,59550.0,2,F1,3000,,,,,
2025-09-03,2025-09-03,CM,BSE,STK,534732,INE176N01021,CASPIAN,X,,,,,CASPIAN CORPORATE SERVICES LIM,6.9,6.9,6.72,6.87,6.86,6.9,,6.87,,,42160,286928.0,118,F1,1,,,,,
2025-09-03,2025-09-03,CM,BSE,STK,534733,INE175N01023,AERPACE,X,,,,,Aerpace Industries Limited,24.0,24.36,23.67,24.36,24.36,23.2,,24.36,,,210730,5107180.0,204,F1,1,,,,,
2025-09-03,2025-09-03,CM,BSE,STK,534741,INE247C01023,VIRTUALG,X,,,,,VIRTUAL GLOBAL EDUCATION LTD.,0.49,0.51,0.49,0.51,0.51,0.49,,0.51,,,184025,92994.0,249,F1,1,,,,,
2025-09-03,2025-09-03,CM,BSE,STK,534742,INE840M01016,ZUARI,B,,,,,ZUARI AGRO CHEMICALS LTD.,333.85,333.85,315.7,323.3,323.3,334.5,,323.5,,,169206,54971393.0,4876,F1,1,,,,,
2025-09-03,2025-09-03,CM,BSE,STK,534748,INE503B01021,STEELXIND,B,,,,,STEEL EXCHANGE INDIA LTD.,8.98,9.12,8.98,9.08,9.1,9.05,,9.08,,,59703,542191.0,229,F1,1,,,,,
2025-09-03,2025-09-03,CM,BSE,STK,534755,INE234G01022,TRIOMERC,X,,,,,TRIO MERCANTILE & TRADING LTD.,0.63,0.7,0.63,0.69,0.7,0.64,,0.69,,,41268,27499.0,64,F1,1,,,,,
2025-09-03,2025-09-03,CM,BSE,STK,534758,INE675C01017,CIGNITITEC,A,,,,,CIGNITI TECHNOLOGIES LTD.,1648.7,1648.7,1620.0,1636.9,1639.9,1656.0,,1637.2,,,1268,2069225.0,205,F1,1,,,,,
2025-09-03,2025-09-03,CM,BSE,STK,534804,INE752H01013,CARERATING,A,,,,,CARE Ratings Limited,1555.05,1567.15,1543.1,1544.4,1556.2,1551.3,,1547.1,,,2491,3864148.0,301,F1,1,,,,,
2025-09-03,2025-09-03,CM,BSE,STK,534809,INE785M01021,PCJEWELLER,A,,,,,PC JEWELLER LTD.,13.39,13.69,13.25,13.56,13.56,13.29,,13.56,,,4753905,64195556.0,4370,F1,1,,,,,
2025-09-03,2025-09-03,CM,BSE,STK,534816,INE121J01017,INDUSTOWER,A,,,,,INDUS TOWERS LIMITED,324.05,326.0,312.6,324.05,324.05,329.3,,324.15,,,1501306,477101767.0,19758,F1,1,,,,,
2025-09-03,2025-09-03,CM,BSE,STK,534920,INE899M01020,COVIDH,XT,,,,,COVIDH,4.61,4.61,4.61,4.61,4.61,4.52,,4.61,,,1,4.0,1,F1,1,,,,,
2025-09-03,2025-09-03,CM,BSE,STK,534976,INE665J01013,VMART,A,,,,,V-MART RETAIL LTD.,744.25,750.0,740.0,747.7,750.0,742.5,,748.1,,,3885,2901515.0,406,F1,1,,,,,
2025-09-03,2025-09-03,CM,BSE,STK,535136,INE149O01018,NIBE,B,,,,,NIBE LIMITED,1219.95,1244.9,1191.0,1222.15,1222.15,1186.55,,1217.5,,,18720,22954519.0,1868,F1,1,,,,,
2025-09-03,2025-09-03,CM,BSE,STK,535204,INE160O01031,MUKTA,X,,,,,Mukta Agriculture Limited,3.01,3.02,3.01,3.01,3.01,3.0,,3.01,,,4739,14265.0,24,F1,1,,,,,
2025-09-03,2025-09-03,CM,BSE,STK,535205,INE159O01033,MYSTICELE,X,,,,,Mystic Electronics Limited,3.76,3.79,3.5,3.57,3.66,3.65,,3.57,,,48453,176691.0,122,F1,1,,,,,
2025-09-03,2025-09-03,CM,BSE,STK,535267,INE274M01026,COMFINCAP,X,,,,,COMFORT FINCAP LTD.,8.48,8.61,8.38,8.52,8.57,8.48,,8.52,,,34130,288895.0,108,F1,1,,,,,
2025-09-03,2025-09-03,CM,BSE,STK,535276,INF200K01VT2,SBISENSEX,A,,,,,SBI MUTUAL FUND - SBI ETF SENS,886.0,892.64,883.16,889.27,892.0,887.81,,889.27,,,2631,2331833.0,158,F1,1,,,,,
2025-09-03,2025-09-03,CM,BSE,STK,535322,INE612J01015,REPCOHOME,B,,,,,REPCO HOME FINANCE LTD.,350.65,361.95,350.05,358.8,357.95,349.1,,358.45,,,6115,2191847.0,274,F1,1,,,,,
2025-09-03,2025-09-03,CM,BSE,STK,535387,INE191O01010,LAKHOTIA,X,,,,,LAKHOTIA POLYESTERS (INDIA) LT,42.57,51.66,42.57,50.64,50.04,46.97,,50.64,,,11705,595413.0,102,F1,1,,,,,
2025-09-03,2025-09-03,CM,BSE,STK,535431,INE168O01026,GCMSECU,B,,,,,GCM SECURITIES LTD,0.8,0.82,0.79,0.8,0.79,0.81,,0.8,,,173002,138426.0,145,F1,1,,,,,
2025-09-03,2025-09-03,CM,BSE,STK,535458,INE047O01014,NIBL,T,,,,,NRB INDUSTRIAL BEARINGS LTD.,27.44,27.5,26.55,26.66,26.66,27.5,,27.05,,,2518,68944.0,44,F1,1,,,,,
2025-09-03,2025-09-03,CM,BSE,STK,535514,INE748D01010,PRIMECAPM,X,,,,,PRIME CAPITAL MARKET LTD.,8.7,8.7,8.45,8.45,8.45,8.3,,8.45,,,28,241.0,3,F1,1,,,,,
2025-09-03,2025-09-03,CM,BSE,STK,535601,INE099F01013,SREEL,B,,,,,SREELEATHERS LTD.,235.0,240.0,234.45,236.8,236.8,231.9,,235.97,,,197,46432.0,20,F1,1,,,,,
2025-09-03,2025-09-03,CM,BSE,STK,535602,INE597I01028,SHARDAMOTR,A,,,,,SHARDA MOTOR INDUSTRIES LTD,1051.0,1075.3,1050.85,1071.0,1062.85,1051.55,,1070.7,,,5340,5684749.0,582,F1,1,,,,,
2025-09-03,2025-09-03,CM,BSE,STK,535620,INE160L01011,BINNYMILLS,X,,,,,BINNY MILLS LTD.,256.5,262.95,248.6,262.95,262.95,256.5,,262.95,,,368,94227.0,9,F1,1,,,,,
2025-09-03,2025-09-03,CM,BSE,STK,535621,INE159L01013,SVGLOBAL,X,,,,,S V GLOBAL MILL LTD.,124.9,127.05,124.3,127.05,127.05,121.0,,127.05,,,4671,591619.0,29,F1,1,,,,,
2025-09-03,2025-09-03,CM,BSE,STK,535648,INE599M01018,JUSTDIAL,A,,,,,JUST DIAL LTD.,816.25,823.6,816.25,818.6,818.65,818.9,,818.85,,,2932,2404727.0,209,F1,1,,,,,
2025-09-03,2025-09-03,CM,BSE,STK,535657,INE860E01011,OONE,X,,,,,OBJECTONE INFORMATION SYSTEMS,8.44,8.44,7.51,8.34,8.34,8.49,,8.34,,,7073,59168.0,26,F1,1,,,,,
2025-09-03,2025-09-03,CM,BSE,STK,535667,INE474O01010,IFINSEC,X,,,,,INDIA FINSEC LTD.,153.2,163.8,151.6,157.65,157.0,163.8,,157.65,,,281,44407.0,17,F1,1,,,,,
2025-09-03,2025-09-03,CM,BSE,STK,535693,INE320I01017,BRAHMINFRA,XT,,,,,BRAHMAPUTRA INFRASTRUCTURE LTD,95.54,96.02,92.0,96.02,96.02,91.45,,96.02,,,58227,5575402.0,161,F1,1,,,,,
2025-09-03,2025-09-03,CM,BSE,STK,535719,INE989J01017,AMPVOLTS,X,,,,,AMPVOLTS LIMITED,23.0,25.05,23.0,24.79,24.8,22.78,,24.79,,,105096,2604366.0,203,F1,1,,,,,
2025-09-03,2025-09-03,CM,BSE,STK,535730,INE731G01027,KHOOBSURAT,XT,,,,,KHOOBSURAT LTD,0.62,0.64,0.61,0.64,0.64,0.61,,0.64,,,918976,574261.0,470,F1,1,,,,,
2025-09-03,2025-09-03,CM,BSE,STK,535754,INE876N01018,ORIENTCEM,A,,,,,ORIENT CEMENT LTD,227.5,229.5,224.6,225.3,225.0,225.75,,225.16,,,29357,6658472.0,1213,F1,1,,,,,
2025-09-03,2025-09-03,CM,BSE,STK,535755,INE647O01011,ABFRL,A,,,,,Aditya Birla Fashion and Retai,83.77,83.77,80.92,81.34,81.4,83.27,,81.41,,,422753,34553201.0,3292,F1,1,,,,,
2025-09-03,2025-09-03,CM,BSE,STK,535789,INE148I01020,SAMMAANCAP,A,,,,,Sammaan Capital Limited,138.95,141.35,138.1,138.6,138.6,139.45,,138.61,,,948613,132461003.0,7811,F1,1,,,,,
2025-09-03,2025-09-03,CM,BSE,STK,535910,INE340O01021,MMLF,T,,,,,MONEY MASTERS LEASING & FINANC,1.61,1.61,1.53,1.57,1.59,1.61,,1.57,,,183331,282495.0,196,F1,1,,,,,
2025-09-03,2025-09-03,CM,BSE,STK,535916,INE030P01017,ALSL,B,,,,,ALACRITY SECURITIES LTD,59.0,61.7,54.1,57.16,59.0,58.36,,57.16,,,25721,1466695.0,225,F1,1,,,,,
2025-09-03,2025-09-03,CM,BSE,STK,535958,INE418N01035,ESSENTIA,B,,,,,Integra Essentia Limited,1.91,1.95,1.87,1.93,1.93,1.9,,1.93,,,503252,970387.0,461,F1,1,,,,,
2025-09-03,2025-09-03,CM,BSE,STK,536073,INE890N01027,JULIEN,X,,,,,JULIEN AGRO INFRATECH LIMITED,8.58,8.72,8.18,8.28,8.28,8.45,,8.28,,,444431,3733991.0,968,F1,1,,,,,
2025-09-03,2025-09-03,CM,BSE,STK,536264,INE906O01029,TIGERLOGS,X,,,,,TIGER LOGISTICS (INDIA) LTD,42.0,42.47,40.9,41.35,41.35,41.65,,41.35,,,94656,3919051.0,716,F1,1,,,,,
2025-09-03,2025-09-03,CM,BSE,STK,536493,INE690O01011,JKAGRI,X,,,,,JK AGRI GENETICS LTD,462.05,538.0,453.0,531.9,531.9,465.8,,531.9,,,23267,11921619.0,698,F1,1,,,,,
2025-09-03,2025-09-03,CM,BSE,STK,536507,INE452O01016,FLFL,Z,,,,,FUTURE LIFESTYLE FASHIONS LTD,1.65,1.65,1.58,1.65,1.63,1.58,,1.63,,,23728,39048.0,53,F1,1,,,,,
2025-09-03,2025-09-03,CM,BSE,STK,536565,INE314I01036,NOVELIX,XT,,,,,NOVELIX PHARMACEUTICALS LIMITE,44.1,44.4,40.25,40.25,40.25,42.36,,40.25,,,5344,232533.0,30,F1,1,,,,,
2025-09-03,2025-09-03,CM,BSE,STK,536659,INE428B01013,PVVINFRA,X,,,,,PVV Infra Limited,6.82,6.98,6.5,6.8,6.8,6.67,,6.8,,,988876,6629265.0,1123,F1,1,,,,,
2025-09-03,2025-09-03,CM,BSE,STK,536672,INE962O01014,VCU,X,,,,,VCU DATA MANAGEMENT LTD,6.01,6.29,6.01,6.03,6.03,6.38,,6.03,,,6114,36919.0,40,F1,1,,,,,
2025-09-03,2025-09-03,CM,BSE,STK,536709,INE138O01029,INDRENEW,X,,,,,IND Renewable Energy Ltd,13.87,13.87,13.22,13.53,13.52,13.7,,13.53,,,19252,259654.0,115,F1,1,,,,,
2025-09-03,2025-09-03,CM,BSE,STK,536773,INE147P01019,JPOLYINVST,B,,,,,JINDAL POLY INVESTMENT AND FIN,950.0,1053.4,950.0,993.1,980.0,957.65,,994.1,,,18224,18524979.0,1658,F1,1,,,,,
2025-09-03,2025-09-03,CM,BSE,STK,536846,INE156M01017,YURANUS,XT,,,,,YURANUS INFRASTRUCTURE LTD,67.3,67.3,67.3,67.3,67.3,65.99,,67.3,,,10,673.0,1,F1,1,,,,,
2025-09-03,2025-09-03,CM,BSE,STK,536960,INF247L01023,MOM100,B,,,,,MOTILAL OSWAL MUTUAL FUND - MO,61.99,61.99,61.32,61.71,61.76,61.38,,61.73,,,4669,287048.0,118,F1,1,,,,,
2025-09-03,2025-09-03,CM,BSE,STK,536974,INE536P01021,CPL,X,,,,,CAPTAIN POLYPLAST LTD,68.29,69.75,67.23,68.58,68.05,67.7,,68.58,,,36964,2543265.0,176,F1,1,,,,,
2025-09-03,2025-09-03,CM,BSE,STK,537007,INF109K012R6,NIFTYIETF,B,,,,,ICICI Prudential Nifty ETF,273.68,277.91,273.68,277.55,277.82,276.31,,277.46,,,17828,4930177.0,477,F1,1,,,,,
2025-09-03,2025-09-03,CM,BSE,STK,537008,INF109KC16V9,NIF100IETF,B,,,,,ICICI Prudential Nifty 100 ETF,27.94,28.42,27.93,28.18,28.18,28.12,,28.14,,,6149,172552.0,112,F1,1,,,,,
2025-09-03,2025-09-03,CM,BSE,STK,537069,INE185K01036,ARNOLD,X,,,,,ARNOLD HOLDINGS LTD,23.0,24.13,23.0,23.06,23.52,23.13,,23.06,,,2797,65029.0,28,F1,1,,,,,
2025-09-03,2025-09-03,CM,BSE,STK,537253,INE671C01016,SUNLOC,X,,,,,SUNIL HEALTHCARE LTD,74.77,76.0,74.0,74.05,76.0,74.77,,74.05,,,306,22733.0,13,F1,1,,,,,
2025-09-03,2025-09-03,CM,BSE,STK,537259,INE442P01014,SUYOG,B,,,,,SUYOG TELEMATICS LTD,806.0,814.7,790.0,803.9,809.0,804.5,,804.55,,,2439,1963290.0,308,F1,1,,,,,
2025-09-03,2025-09-03,CM,BSE,STK,537291,INE448G01010,NATHBIOGEN,T,,,,,NATH BIO-GENES (INDIA) LTD,171.7,172.0,168.0,169.5,170.95,171.7,,169.22,,,3043,516876.0,37,F1,1,,,,,
2025-09-03,2025-09-03,CM,BSE,STK,537292,INE449G01018,AGRITECH,B,,,,,AGRI- TECH (INDIA) LTD,142.85,143.0,139.0,139.05,139.0,138.3,,139.98,,,159,22359.0,23,F1,1,,,,,
2025-09-03,2025-09-03,CM,BSE,STK,537326,INE212P01011,CHEMTECH,X,,,,,CHEMTECH INDUSTRIAL VALVES LTD,105.25,105.9,101.3,102.9,102.5,104.55,,102.9,,,20631,2139149.0,178,F1,1,,,,,
2025-09-03,2025-09-03,CM,BSE,STK,537483,INF204K014N5,NIF100BEES,B,,,,,NIPPON INDIA ETF NIFTY 100,267.31,268.34,266.66,267.86,268.34,266.63,,267.69,,,732,195635.0,58,F1,1,,,,,
2025-09-03,2025-09-03,CM,BSE,STK,537536,INE051G01012,DENISCHEM,X,,,,,DENIS CHEM LAB LTD,97.48,99.49,96.67,98.8,98.8,96.99,,98.8,,,11941,1177418.0,102,F1,1,,,,,
2025-09-03,2025-09-03,CM,BSE,STK,537582,INE210P01015,UNISHIRE,MT,,,,,UNISHIRE URBAN INFRA LTD,1.79,1.92,1.79,1.92,1.92,1.88,,1.92,,,40000,72900.0,4,F1,10000,,,,,
2025-09-03,2025-09-03,CM,BSE,STK,537669,INE920P01019,LAXMIPATI,MT,,,,,LAXMIPATI ENGINEERING WORKS LI,366.9,366.9,366.9,366.9,366.9,386.2,,366.9,,,500,183450.0,1,F1,500,,,,,
2025-09-03,2025-09-03,CM,BSE,STK,537707,INE546I01025,LADDU,X,,,,,LADDU GOPAL ONLINE SERVICES LI,2.35,2.35,2.35,2.35,2.35,2.47,,2.35,,,141757,333128.0,255,F1,1,,,,,
2025-09-03,2025-09-03,CM,BSE,STK,537708,INF174K014P6,NIFTY1,B,,,,,KOTAK MAHINDRA MUTUAL FUND - K,269.96,272.12,269.33,271.53,272.12,270.37,,271.16,,,2683,725413.0,110,F1,1,,,,,
2025-09-03,2025-09-03,CM,BSE,STK,537709,INE101H01013,HANSUGAR,XT,,,,,SHREE HANUMAN SUGAR & INDUSTRI,5.36,5.36,5.05,5.28,5.28,5.2,,5.28,,,24575,128861.0,58,F1,1,,,,,
2025-09-03,2025-09-03,CM,BSE,STK,537750,INE555P01013,KIRANVYPAR,X,,,,,KIRAN VYAPAR LTD,207.05,214.0,207.05,213.15,213.5,212.0,,213.15,,,903,190120.0,23,F1,1,,,,,
2025-09-03,2025-09-03,CM,BSE,STK,537766,INE905P01028,BCP,X,,,,,B.C. POWER CONTROLS LTD,2.01,2.04,1.99,2.0,2.02,2.02,,2.0,,,59312,119241.0,167,F1,1,,,,,
2025-09-03,2025-09-03,CM,BSE,STK,537785,INE084Q01012,RACE,B,,,,,RACE ECO CHAIN LIMITED,246.95,250.0,242.05,245.7,245.5,243.15,,244.87,,,2142,526838.0,117,F1,1,,,,,
2025-09-03,2025-09-03,CM,BSE,STK,537800,INE717C01025,MANGIND,X,,,,,MANGALAM INDUSTRIAL FINANCE LT,1.7,1.73,1.63,1.68,1.69,1.67,,1.68,,,797330,1329886.0,801,F1,1,,,,,
2025-09-03,2025-09-03,CM,BSE,STK,537820,INE159N01027,VIJIFIN,T,,,,,VIJI FINANCE LTD,3.52,3.58,3.45,3.46,3.46,3.51,,3.46,,,99250,345848.0,56,F1,1,,,,,
2025-09-03,2025-09-03,CM,BSE,STK,537839,INE977M01024,PHOENIXTN,X,,,,,PHOENIX TOWNSHIP LTD,166.1,177.2,163.6,170.45,170.45,168.8,,170.45,,,10734,1859925.0,84,F1,1,,,,,
2025-09-03,2025-09-03,CM,BSE,STK,537840,INE523K01012,RAUNAQ,X,,,,,RAUNAQ INTERNATIONAL LIMITED,75.0,76.4,71.16,71.21,71.21,73.26,,71.21,,,287,21325.0,13,F1,1,,,,,
2025-09-03,2025-09-03,CM,BSE,STK,537985,INE463B01036,INFRONICS,X,,,,,INFRONICS SYSTEMS LTD,30.98,30.98,28.62,29.55,29.91,29.35,,29.55,,,5014,146862.0,50,F1,1,,,,,
2025-09-03,2025-09-03,CM,BSE,STK,538057,INF457M01133,CPSEETF,A,,,,,CPSE ETF,90.8,90.8,89.02,90.27,90.27,90.06,,90.22,,,18851,1703349.0,411,F1,1,,,,,
2025-09-03,2025-09-03,CM,BSE,STK,538081,INE493N01012,HARIAAPL,X,,,,,HARIA APPARELS LTD,5.63,5.63,5.45,5.47,5.47,5.66,,5.47,,,1196,6549.0,11,F1,1,,,,,
2025-09-03,2025-09-03,CM,BSE,STK,538119,INE012Q01021,RNBDENIMS,X,,,,,R&B DENIMS LTD,100.0,112.08,100.0,110.56,110.56,100.79,,110.56,,,237493,25564049.0,418,F1,1,,,,,
2025-09-03,2025-09-03,CM,BSE,STK,538212,INE909D01026,SHARPINV,XT,,,,,SHARP INVESTMENTS LTD,0.59,0.61,0.59,0.6,0.61,0.61,,0.6,,,129107,77431.0,196,F1,1,,,,,
2025-09-03,2025-09-03,CM,BSE,STK,538268,INE066O01014,WONDERLA,B,,,,,WONDERLA HOLIDAYS LTD,658.0,658.0,640.0,645.15,645.4,643.3,,645.65,,,1940,1250418.0,203,F1,1,,,,,
2025-09-03,2025-09-03,CM,BSE,STK,538273,INE401B01010,RESPONSINF,X,,,,,RESPONSE INFORMATICS LTD,25.69,25.7,24.01,24.82,25.25,24.67,,24.82,,,2388,59861.0,29,F1,1,,,,,
2025-09-03,2025-09-03,CM,BSE,STK,538351,INE663P01015,AFEL,XT,,,,,A.F. ENTERPRISES LTD,2.34,2.35,2.21,2.28,2.26,2.31,,2.28,,,92562,212488.0,145,F1,1,,,,,
2025-09-03,2025-09-03,CM,BSE,STK,538365,INE452L01012,INCREDIBLE,T,,,,,INCREDIBLE INDUSTRIES LIMITED,41.03,43.7,41.0,43.7,43.7,42.9,,43.25,,,2021,82948.0,7,F1,1,,,,,
2025-09-03,2025-09-03,CM,BSE,STK,538382,INE266P01017,WESTLEIRES,X,,,,,WEST LEISURE RESORTS LTD,149.9,149.9,143.0,143.0,143.0,143.0,,143.0,,,2,292.0,2,F1,1,,,,,
2025-09-03,2025-09-03,CM,BSE,STK,538395,INE792G01011,NAM,X,,,,,NAM SECURITIES LTD,94.96,94.96,86.05,92.92,92.93,90.44,,92.92,,,245,22447.0,14,F1,1,,,,,
2025-09-03,2025-09-03,CM,BSE,STK,538401,INE318N01011,METSL,X,,,,,MAESTROS ELECTRONICS & TELECOM,150.4,150.4,147.15,147.6,147.9,148.3,,147.6,,,893,131999.0,37,F1,1,,,,,
2025-09-03,2025-09-03,CM,BSE,STK,538422,INE508N01025,JACKSON,X,,,,,JACKSON INVESTMENTS LTD,0.5,0.5,0.49,0.5,0.5,0.49,,0.5,,,254745,126371.0,297,F1,1,,,,,
2025-09-03,2025-09-03,CM,BSE,STK,538446,INE296Q01012,MONEYBOXX,X,,,,,MONEYBOXX FINANCE LIMITED,147.4,147.4,138.8,145.5,146.4,143.15,,145.5,,,5272,764729.0,97,F1,1,,,,,
2025-09-03,2025-09-03,CM,BSE,STK,538451,INE114O01020,WORTH,X,,,,,WORTH INVESTMENT & TRADING CO,29.8,29.99,28.2,28.89,28.5,29.98,,28.89,,,151411,4444943.0,194,F1,1,,,,,
2025-09-03,2025-09-03,CM,BSE,STK,538452,INE855P01041,QUASAR,XT,,,,,QUASAR INDIA LTD,0.41,0.42,0.41,0.42,0.42,0.4,,0.42,,,17689021,7380517.0,2291,F1,1,,,,,
2025-09-03,2025-09-03,CM,BSE,STK,538464,INE901C01017,TPROJECT,XT,,,,,THIRANI PROJECTS LTD,4.1,4.3,3.96,4.08,4.08,4.1,,4.08,,,1003367,4113787.0,57,F1,1,,,,,
2025-09-03,2025-09-03,CM,BSE,STK,538465,INE745P01010,AMARSEC,X,,,,,AMARNATH SECURITIES LTD,11.79,12.46,10.81,11.68,11.68,11.78,,11.68,,,6853,79552.0,44,F1,1,,,,,
2025-09-03,2025-09-03,CM,BSE,STK,538476,INE172D01021,CTL,X,,,,,CAPITAL TRADE LINKS LTD,16.52,16.52,16.0,16.03,16.26,16.52,,16.03,,,24811,399119.0,81,F1,1,,,,,
2025-09-03,2025-09-03,CM,BSE,STK,538496,INE849M01017,TARINI,M,,,,,TARINI INTERNATIONAL LTD,13.17,13.34,12.21,12.43,12.42,13.15,,12.43,,,21000,267540.0,7,F1,3000,,,,,
2025-09-03,2025-09-03,CM,BSE,STK,538520,INE857P01021,SBL,XT,,,,,SHIVAMSHREE BUSINESSES LIMITED,2.2,2.2,2.07,2.16,2.16,2.17,,2.16,,,23893,49602.0,23,F1,1,,,,,
2025-09-03,2025-09-03,CM,BSE,STK,538521,INE969E01010,YAANENT,X,,,,,YAAN ENTERPRISES LIMITED,78.45,78.9,75.51,75.51,75.51,78.84,,75.51,,,150,11432.0,19,F1,1,,,,,
2025-09-03,2025-09-03,CM,BSE,STK,538537,INE378P01036,OMANSH,XT,,,,,OMANSH ENTERPRISES LTD,90.23,90.23,90.23,90.23,90.23,90.23,,90.23,,,1,90.0,1,F1,1,,,,,
2025-09-03,2025-09-03,CM,BSE,STK,538539,INE075K01013,ANVRDHI,X,,,,,ANNVRRIDHHI VENTURES LIMITED,12.84,12.94,12.56,12.9,12.91,12.67,,12.9,,,8460,108395.0,101,F1,1,,,,,
2025-09-03,2025-09-03,CM,BSE,STK,538540,INE516P01015,RLFL,XT,,,,,RAMCHANDRA LEASING & FINANCE L,6.07,6.14,5.87,5.92,6.02,6.17,,5.92,,,175666,1056665.0,264,F1,1,,,,,
2025-09-03,2025-09-03,CM,BSE,STK,538542,INE634J01019,GOLDCOINHF,XT,,,,,GOLD COIN HEALTH FOODS LTD,10.48,10.53,10.48,10.53,10.53,10.23,,10.53,,,11,115.0,3,F1,1,,,,,
2025-09-03,2025-09-03,CM,BSE,STK,538546,INE319Q01012,BRPL,B,,,,,BANSAL ROOFING PRODUCTS LTD,124.5,126.4,123.2,124.35,124.4,124.1,,124.35,,,6761,842152.0,131,F1,1,,,,,
2025-09-03,2025-09-03,CM,BSE,STK,538556,INE510P01018,ARMAN,XT,,,,,ARMAN HOLDINGS LTD,106.95,106.95,102.0,106.95,106.95,106.95,,106.95,,,224,22903.0,15,F1,1,,,,,
2025-09-03,2025-09-03,CM,BSE,STK,538562,INE439E01022,SKIPPER,A,,,,,SKIPPER LTD,548.0,550.15,540.0,544.6,544.8,543.65,,543.95,,,10926,5953530.0,680,F1,1,,,,,
2025-09-03,2025-09-03,CM,BSE,STK,538563,INE673E01018,SMTEL,XT,,,,,SMT ENGINEERING LIMITED,42.07,42.07,42.07,42.07,42.07,41.25,,42.07,,,10,420.0,1,F1,1,,,,,
2025-09-03,2025-09-03,CM,BSE,STK,538564,INE718P01017,JAMESWARREN,X,,,,,JAMES WARREN TEA LTD,387.5,387.5,362.0,369.4,369.85,375.45,,369.4,,,1626,607972.0,97,F1,1,,,,,
2025-09-03,2025-09-03,CM,BSE,STK,538565,INE878P01019,VISTARAMAR,X,,,,,Vistar Amar Limited,134.0,134.0,126.4,132.9,133.8,130.0,,132.9,,,3075,408410.0,17,F1,1,,,,,
2025-09-03,2025-09-03,CM,BSE,STK,538567,INE635Q01029,GULFOILLUB,A,,,,,GULF OIL LUBRICANTS INDIA LTD,1266.0,1274.0,1247.2,1264.15,1268.75,1279.85,,1264.5,,,9060,11408901.0,1066,F1,1,,,,,
2025-09-03,2025-09-03,CM,BSE,STK,538568,INE836C01015,FRUTION,X,,,,,FRUITION VENTURE LTD,38.45,40.41,37.01,40.0,40.0,38.5,,40.0,,,1049,41061.0,14,F1,1,,,,,
2025-09-03,2025-09-03,CM,BSE,STK,538569,INE916P01025,TRIVENIENT,X,,,,,TRIVENI ENTERPRISES LTD,1.43,1.49,1.39,1.4,1.42,1.39,,1.4,,,236213,336932.0,201,F1,1,,,,,
2025-09-03,2025-09-03,CM,BSE,STK,538596,INE222B01028,CEMAINFRA,X,,,,,CEMANTIC INFRA-TECH LIMITED,4.96,4.96,4.96,4.96,4.96,4.73,,4.96,,,1045,5183.0,5,F1,1,,,,,
2025-09-03,2025-09-03,CM,BSE,STK,538597,INE404F01031,TTIENT,X,,,,,TTI ENTERPRISE LTD,9.43,9.69,9.06,9.6,9.6,9.43,,9.6,,,5555,52184.0,49,F1,1,,,,,
2025-09-03,2025-09-03,CM,BSE,STK,538598,INE755Q01025,VISHAL,X,,,,,VISHAL FABRICS LTD,34.36,34.53,33.5,33.63,33.63,34.36,,33.63,,,132251,4483127.0,567,F1,1,,,,,
2025-09-03,2025-09-03,CM,BSE,STK,538607,INE457P01020,TOYAMSL,X,,,,,TOYAM SPORTS LIMITED,1.04,1.06,1.02,1.05,1.04,1.04,,1.05,,,1310107,1361478.0,568,F1,1,,,,,
2025-09-03,2025-09-03,CM,BSE,STK,538609,INE868G01019,GAJANANSEC,XT,,,,,GAJANAN SECURITIES SERVICES LT,72.5,74.55,67.45,73.0,73.0,71.0,,73.0,,,6110,418835.0,42,F1,1,,,,,
2025-09-03,2025-09-03,CM,BSE,STK,538610,INE099D01018,UNISON,X,,,,,UNISON METALS LTD,22.0,22.0,21.12,21.98,21.98,20.92,,63.99,,,631221,13853755.0,234,F1,1,,,,,
2025-09-03,2025-09-03,CM,BSE,STK,538611,INE840I01014,RTFL,Z,,,,,Real Touch Finance Limited,47.04,47.04,47.04,47.04,47.04,48.0,,47.04,,,121,5691.0,7,F1,1,,,,,
2025-09-03,2025-09-03,CM,BSE,STK,538634,INE406F01010,VRL,X,,,,,VASUNDHARA RASAYANS LTD,175.5,182.0,175.5,181.8,178.1,180.5,,181.8,,,1331,238200.0,37,F1,1,,,,,
2025-09-03,2025-09-03,CM,BSE,STK,538635,INE734N01019,SNOWMAN,B,,,,,SNOWMAN LOGISTICS LTD,54.99,55.26,54.32,54.95,55.0,54.44,,54.83,,,36383,1995966.0,347,F1,1,,,,,
2025-09-03,2025-09-03,CM,BSE,STK,538646,INE837C01013,QGO,X,,,,,QGO FINANCE LIMITED,46.35,46.97,45.5,46.2,45.5,46.54,,46.2,,,7119,325623.0,60,F1,1,,,,,
2025-09-03,2025-09-03,CM,BSE,STK,538647,INE729C01020,PURSHOTTAM,X,,,,,PURSHOTTAM INVESTOFIN LTD,40.62,42.45,40.62,42.45,42.45,42.75,,42.45,,,120437,5063755.0,20,F1,1,,,,,
2025-09-03,2025-09-03,CM,BSE,STK,538666,INE221J01015,SHARDACROP,A,,,,,Sharda Cropchem Limited,1020.95,1020.95,949.35,954.0,954.0,1023.7,,954.35,,,35586,34813317.0,3344,F1,1,,,,,
2025-09-03,2025-09-03,CM,BSE,STK,538668,INE898Q01015,MIIL,B,,,,,Meghna Infracon Infrastructure,576.9,576.9,562.7,566.2,567.1,569.7,,566.2,,,38878,22029782.0,500,F1,1,,,,,
2025-09-03,2025-09-03,CM,BSE,STK,538674,INE158C01014,CITYONLINE,Z,,,,,City Online Services Limited,8.03,8.43,7.63,7.67,8.43,8.03,,7.67,,,474,3627.0,13,F1,1,,,,,
2025-09-03,2025-09-03,CM,BSE,STK,538683,INF204KA1UN7,SENSEXBEES,A,,,,,NIPPON INDIA ETF SENSEX,914.0,923.84,910.7,920.75,923.7,916.15,,920.75,,,12570,11513047.0,147,F1,1,,,,,
2025-09-03,2025-09-03,CM,BSE,STK,538685,INE363M01019,SHEMAROO,T,,,,,SHEMAROO ENTERTAINMENT LIMITED,112.0,114.0,112.0,113.0,113.0,112.75,,112.91,,,2419,275167.0,25,F1,1,,,,,
2025-09-03,2025-09-03,CM,BSE,STK,538706,INE010R01023,ULTRACAB,X,,,,,Ultracab (India) Limited,9.51,9.76,9.45,9.52,9.6,9.57,,9.52,,,293550,2805871.0,549,F1,1,,,,,
2025-09-03,2025-09-03,CM,BSE,STK,538707,INE929D01016,RCCL,X,,,,,Rajasthan Cylinders & Containe,39.8,39.8,39.5,39.5,39.5,39.0,,39.5,,,137,5423.0,11,F1,1,,,,,
2025-09-03,2025-09-03,CM,BSE,STK,538708,INE937K01014,ETIL,XT,,,,,Econo Trade (India) Limited,8.44,8.44,7.81,8.0,8.0,8.09,,8.0,,,450,3708.0,27,F1,1,,,,,
2025-09-03,2025-09-03,CM,BSE,STK,538713,INE011R01013,ATISHAY,X,,,,,Atishay Limited,125.0,125.0,120.4,121.75,122.75,122.8,,121.75,,,7074,863046.0,100,F1,1,,,,,
2025-09-03,2025-09-03,CM,BSE,STK,538714,INE475D01010,SANGAMFIN,X,,,,,Sangam Finserv Limited,42.9,42.9,38.5,39.91,39.95,40.95,,39.91,,,1361,54334.0,50,F1,1,,,,,
2025-09-03,2025-09-03,CM,BSE,STK,538715,INE260R01016,DHABRIYA,X,,,,,Dhabriya Polywood Limited,387.0,387.0,373.0,378.75,375.0,383.45,,378.75,,,4318,1641391.0,148,F1,1,,,,,
2025-09-03,2025-09-03,CM,BSE,STK,538716,INE229R01011,ARYACAPM,T,,,,,Aryaman Capital Markets Limite,620.15,620.15,620.15,620.15,620.15,652.75,,620.15,,,290,179843.0,25,F1,1,,,,,
2025-09-03,2025-09-03,CM,BSE,STK,538730,INE111Q01021,PDSL,A,,,,,PDS LIMITED,324.1,325.05,321.75,323.8,323.7,324.6,,323.5,,,5580,1804109.0,307,F1,1,,,,,
2025-09-03,2025-09-03,CM,BSE,STK,538732,INE761Q01015,VGCL,X,,,,,Vibrant Global Capital Limited,41.87,41.87,41.02,41.44,41.4,41.01,,41.44,,,1514,62898.0,32,F1,1,,,,,
2025-09-03,2025-09-03,CM,BSE,STK,538734,INE016Q01014,CEINSYSTECH,B,,,,,CEINSYS TECH LIMITED,1733.5,1808.1,1730.0,1808.1,1808.1,1722.0,,1808.1,,,30798,54777255.0,1235,F1,1,,,,,
2025-09-03,2025-09-03,CM,BSE,STK,538742,INE516E01019,PANABYTE,XT,,,,,PANABYTE TECHNOLOGIES LIMITED,36.7,36.7,34.1,34.23,34.99,35.73,,34.23,,,13728,473424.0,41,F1,1,,,,,
2025-09-03,2025-09-03,CM,BSE,STK,538743,INE491C01027,MUDUNURU,X,,,,,Mudunuru Limited,7.25,7.4,7.03,7.03,7.03,7.4,,7.03,,,301,2142.0,9,F1,1,,,,,
2025-09-03,2025-09-03,CM,BSE,STK,538770,INE176L01017,CRANEINFRA,X,,,,,Crane Infrastructure Limited,18.19,18.19,16.75,17.03,17.0,17.56,,17.03,,,1994,33973.0,21,F1,1,,,,,
2025-09-03,2025-09-03,CM,BSE,STK,538772,INE480D01010,NIYOGIN,X,,,,,Niyogin Fintech Limited,66.71,68.99,66.71,68.29,68.39,67.86,,68.29,,,63764,4349796.0,241,F1,1,,,,,
2025-09-03,2025-09-03,CM,BSE,STK,538778,INE149Q01021,KALYANCAP,X,,,,,Kalyan Capitals Limited,9.49,9.49,9.06,9.33,9.39,9.19,,9.33,,,32724,303771.0,81,F1,1,,,,,
2025-09-03,2025-09-03,CM,BSE,STK,538786,INE473L01018,CIL,XT,,,,,Citizen Infoline Ltd.,162.3,162.3,162.3,162.3,162.3,159.15,,162.3,,,4679,759401.0,16,F1,1,,,,,
2025-09-03,2025-09-03,CM,BSE,STK,538787,INE997C01015,GBFL,X,,,,,Goenka Business & Finance Limi,8.98,9.72,8.85,9.52,9.0,9.02,,9.52,,,17657,166421.0,109,F1,1,,,,,
2025-09-03,2025-09-03,CM,BSE,STK,538788,INE918C01029,GILADAFINS,X,,,,,Gilada Finance & Investments L,11.87,11.92,11.7,11.7,11.7,11.87,,11.7,,,3268,38288.0,17,F1,1,,,,,
2025-09-03,2025-09-03,CM,BSE,STK,538795,INE185C01017,SAPPL,X,,,,,Shree Ajit Pulp And Paper Ltd.,229.9,232.0,225.7,230.45,232.0,226.35,,230.45,,,4274,980532.0,44,F1,1,,,,,
2025-09-03,2025-09-03,CM,BSE,STK,538817,INE513R01026,CAPPIPES,B,,,,,Captain Pipes Limited,14.27,14.48,14.15,14.4,14.36,14.27,,14.4,,,44915,645344.0,412,F1,1,,,,,
2025-09-03,2025-09-03,CM,BSE,STK,538833,INE891N01017,KAIZENAGRO,X,,,,,KAIZEN AGRO INFRABUILD LIMITED,14.61,15.49,14.61,15.2,15.41,14.64,,15.2,,,14935,225335.0,46,F1,1,,,,,
2025-09-03,2025-09-03,CM,BSE,STK,538834,INE242Q01016,JMJFIN,XT,,,,,JMJ Fintech Limited,14.49,14.74,14.06,14.45,14.54,14.2,,14.45,,,10548,152058.0,68,F1,1,,,,,
2025-09-03,2025-09-03,CM,BSE,STK,538835,INE306R01017,INTELLECT,A,,,,,INTELLECT DESIGN ARENA LIMITED,1016.9,1016.9,949.0,952.4,951.0,984.05,,953.05,,,10447,10057520.0,884,F1,1,,,,,
2025-09-03,2025-09-03,CM,BSE,STK,538836,INE950M01013,MONTECARLO,B,,,,,Monte Carlo Fashions Limited,587.0,602.0,587.0,599.15,602.0,577.55,,600.55,,,2454,1466316.0,245,F1,1,,,,,
2025-09-03,2025-09-03,CM,BSE,STK,538837,INE237B01018,JSTL,X,,,,,Jeevan Scientific Technology L,38.52,38.92,37.26,38.45,38.0,38.33,,38.45,,,1896,72395.0,28,F1,1,,,,,
2025-09-03,2025-09-03,CM,BSE,STK,538838,INE407P01017,ICL,X,,,,,Indo Cotspin Limited,28.6,29.0,28.0,28.81,28.5,29.18,,28.81,,,297,8398.0,19,F1,1,,,,,
2025-09-03,2025-09-03,CM,BSE,STK,538860,INE655P01029,PANAFIC,X,,,,,PANAFIC INDUSTRIALS LTD,0.96,0.99,0.95,0.96,0.95,0.94,,0.96,,,86304,83608.0,190,F1,1,,,,,
2025-09-03,2025-09-03,CM,BSE,STK,538862,INE232L01018,MYMONEY,XT,,,,,My Money Securities Ltd.,40.86,44.0,39.82,41.91,41.91,41.91,,41.91,,,2763,111848.0,34,F1,1,,,,,
2025-09-03,2025-09-03,CM,BSE,STK,538868,INE183Q01020,CSL,X,,,,,Continental Securities Limited,17.51,18.02,16.02,17.25,17.05,17.51,,17.25,,,109153,1891881.0,213,F1,1,,,,,
2025-09-03,2025-09-03,CM,BSE,STK,538874,INE370Q01015,NEXUSSURGL,X,,,,,NEXUS SURGICAL AND MEDICARE LI,18.0,18.5,18.0,18.5,18.5,18.0,,18.5,,,2306,42390.0,22,F1,1,,,,,
2025-09-03,2025-09-03,CM,BSE,STK,538875,INE195F01027,SELLWIN,XT,,,,,SELLWIN TRADERS LIMITED,11.61,11.61,11.61,11.61,11.61,11.39,,11.61,,,2810255,32627060.0,1656,F1,1,,,,,
2025-09-03,2025-09-03,CM,BSE,STK,538881,INE243E01010,GALADAFIN,X,,,,,Galada Finance Limited,30.0,30.0,28.1,29.5,29.5,29.57,,29.5,,,262,7418.0,11,F1,1,,,,,
2025-09-03,2025-09-03,CM,BSE,STK,538882,INE030Q01015,EMERALD,XT,,,,,Emerald Finance Limited,72.8,76.8,70.04,73.27,76.8,73.72,,73.27,,,231981,16562679.0,663,F1,1,,,,,
2025-09-03,2025-09-03,CM,BSE,STK,538890,INE227F01010,MKEXIM,X,,,,,M. K. Exim (India) Ltd.,70.49,73.9,68.26,71.15,73.9,69.77,,71.15,,,34035,2367820.0,235,F1,1,,,,,
2025-09-03,2025-09-03,CM,BSE,STK,538891,INE613C01026,MCLOUD,B,,,,,MAGELLANIC CLOUD LIMITED,80.01,81.08,78.23,78.42,79.05,79.94,,78.48,,,502705,39966101.0,3164,F1,1,,,,,
2025-09-03,2025-09-03,CM,BSE,STK,538894,INE513C01010,OCTAL,X,,,,,Octal Credit Capital Ltd.,24.82,24.82,22.57,24.0,24.0,22.57,,24.0,,,794,19162.0,28,F1,1,,,,,
2025-09-03,2025-09-03,CM,BSE,STK,538895,INE779Q01017,MIHIKA,X,,,,,Mihika Industries Ltd.,19.25,19.25,18.99,18.99,18.99,19.0,,18.99,,,53,1007.0,6,F1,1,,,,,
2025-09-03,2025-09-03,CM,BSE,STK,538896,INE081G01019,KANCHI,X,,,,,Kanchi Karpooram Ltd.,417.05,425.0,416.15,421.85,424.0,418.1,,421.85,,,2088,875780.0,54,F1,1,,,,,
2025-09-03,2025-09-03,CM,BSE,STK,538902,INE341R01014,DTIL,B,,,,,Dhunseri Tea & Industries Ltd,193.0,194.15,191.2,192.25,193.4,190.9,,192.25,,,420,80897.0,32,F1,1,,,,,
2025-09-03,2025-09-03,CM,BSE,STK,538918,INE661Q01017,VANICOM,X,,,,,Vani Commercials Limited,11.99,12.3,11.13,11.47,11.47,11.75,,11.47,,,10029,116899.0,71,F1,1,,,,,
2025-09-03,2025-09-03,CM,BSE,STK,538919,INE055Q01012,SKILVEN,X,,,,,SKYLINE VENTURES INDIA LIMITED,24.0,24.0,24.0,24.0,24.0,24.0,,24.0,,,5,120.0,1,F1,1,,,,,
2025-09-03,2025-09-03,CM,BSE,STK,538920,INE498Q01014,VINCOFE,B,,,,,VINTAGE COFFEE AND BEVERAGES L,149.1,149.45,143.25,147.95,148.3,148.6,,148.24,,,137481,20167034.0,2094,F1,1,,,,,
2025-09-03,2025-09-03,CM,BSE,STK,538922,INE029B01019,COSYN,X,,,,,COSYN Limited,24.9,25.18,23.5,24.04,24.84,24.06,,24.04,,,3534,86099.0,37,F1,1,,,,,
2025-09-03,2025-09-03,CM,BSE,STK,538923,INE499Q01012,SOFCOM,X,,,,,SOFCOM SYSTEMS LIMITED,78.3,79.37,75.05,75.29,75.29,77.53,,75.29,,,5129,392706.0,47,F1,1,,,,,
2025-09-03,2025-09-03,CM,BSE,STK,538926,INE223R01014,NAPL,X,,,,,Naturite Agro Products Limited,296.3,327.4,296.3,327.4,327.4,311.85,,327.4,,,11778,3497968.0,57,F1,1,,,,,
2025-09-03,2025-09-03,CM,BSE,STK,538928,INE554R01020,KARNAVATI,X,,,,,Karnavati Finance Limited,1.44,1.66,1.41,1.58,1.59,1.41,,1.58,,,179955,267609.0,157,F1,1,,,,,
2025-09-03,2025-09-03,CM,BSE,STK,538942,INE689O01013,MERCANTILE,X,,,,,Mercantile Ventures Limited,29.95,30.99,29.0,29.24,29.34,29.94,,29.24,,,12914,381220.0,67,F1,1,,,,,
2025-09-03,2025-09-03,CM,BSE,STK,538943,INE321M01017,SONAL,X,,,,,Sonal Mercantile Limited,104.7,104.7,96.9,100.5,100.1,104.7,,100.5,,,758,75125.0,60,F1,1,,,,,
2025-09-03,2025-09-03,CM,BSE,STK,538952,INE211D01027,ALFL,X,,,,,Abhinav Leasing & Finance Limi,1.22,1.32,1.22,1.32,1.32,1.22,,1.32,,,6349,7984.0,27,F1,1,,,,,
2025-09-03,2025-09-03,CM,BSE,STK,538961,INE949P01018,GENUSPAPER,B,,,,,GENUS PAPER & BOARDS LIMITED,18.58,18.85,18.16,18.28,18.23,18.58,,18.34,,,51636,953022.0,101,F1,1,,,,,
2025-09-03,2025-09-03,CM,BSE,STK,538962,INE842C01021,MINDACORP,A,,,,,Minda Corporation Limited,510.2,511.8,505.35,506.7,508.35,507.55,,506.7,,,5740,2910681.0,243,F1,1,,,,,
2025-09-03,2025-09-03,CM,BSE,STK,538964,INE947G01011,MERCURYLAB,X,,,,,Mercury Laboratories Limited,837.0,837.0,835.0,835.0,835.0,839.7,,835.0,,,59,49272.0,6,F1,1,,,,,
2025-09-03,2025-09-03,CM,BSE,STK,538965,INE858L01010,CONCORD,XT,,,,,Concord Drugs Limited,62.5,64.0,60.0,64.0,63.79,62.49,,64.0,,,11202,700931.0,97,F1,1,,,,,
2025-09-03,2025-09-03,CM,BSE,STK,538970,INE945P01024,WARDINMOBI,X,,,,,WARDWIZARD INNOVATIONS AND MOB,14.39,14.55,14.05,14.44,14.44,14.3,,14.44,,,747209,10739317.0,2158,F1,1,,,,,
2025-09-03,2025-09-03,CM,BSE,STK,538975,INE397C01026,SHREESEC,X,,,,,Shree Securities Ltd.,0.29,0.29,0.28,0.28,0.28,0.29,,0.28,,,3816388,1078572.0,479,F1,1,,,,,
2025-09-03,2025-09-03,CM,BSE,STK,538979,INE544R01021,GREENLAM,B,,,,,Greenlam Industries Ltd,239.05,243.05,235.1,236.6,236.2,240.7,,236.49,,,1418,337796.0,140,F1,1,,,,,
2025-09-03,2025-09-03,CM,BSE,STK,538987,INE717E01013,TALBROSENG,X,,,,,TALBROS ENGINEERING LIMITED,555.05,565.0,555.05,565.0,565.0,558.85,,565.0,,,328,184857.0,24,F1,1,,,,,
2025-09-03,2025-09-03,CM,BSE,STK,538992,INE002E01010,SAPL,X,,,,,Sar  Auto Products Limited,2060.0,2060.0,2060.0,2060.0,2060.0,2070.0,,2060.0,,,6,12360.0,1,F1,1,,,,,
2025-09-03,2025-09-03,CM,BSE,STK,539006,INE596F01018,PTCIL,A,,,,,PTC Industries Ltd.,13910.1,13919.5,13600.05,13711.4,13643.6,13799.15,,13705.0,,,215,2957034.0,121,F1,1,,,,,
2025-09-03,2025-09-03,CM,BSE,STK,539011,INE777O01016,CHENFERRO,X,,,,,CHENNAI FERROUS INDUSTRIES LIM,139.5,139.5,131.3,132.7,132.7,133.5,,132.7,,,5565,745733.0,114,F1,1,,,,,
2025-09-03,2025-09-03,CM,BSE,STK,539012,INE756R01013,MEGRISOFT,X,,,,,Megri Soft Limited,105.0,117.9,105.0,112.6,112.6,108.9,,112.6,,,2329,252839.0,43,F1,1,,,,,
2025-09-03,2025-09-03,CM,BSE,STK,539013,INE776O01018,GITARENEW,X,,,,,GITA RENEWABLE ENERGY LIMITED,114.6,116.6,111.05,114.1,115.0,114.6,,114.1,,,1228,139888.0,47,F1,1,,,,,
2025-09-03,2025-09-03,CM,BSE,STK,539014,INE059Q01014,KALPACOMME,XT,,,,,Kalpa Commercial Limited,12.05,12.05,12.05,12.05,12.05,11.82,,12.05,,,14627,176255.0,10,F1,1,,,,,
2025-09-03,2025-09-03,CM,BSE,STK,539015,INE849L01019,ORTEL,Z,,,,,Ortel Communications Limited,1.73,1.73,1.66,1.66,1.66,1.66,,1.55,,,1925,3204.0,8,F1,1,,,,,
2025-09-03,2025-09-03,CM,BSE,STK,539016,INE396C01010,NEIL,XT,,,,,Neil Industries Ltd.,8.76,8.76,8.17,8.68,8.68,8.6,,8.68,,,6320,52735.0,42,F1,1,,,,,
2025-09-03,2025-09-03,CM,BSE,STK,539017,INE526R01028,STARHFL,X,,,,,STAR HOUSING FINANCE LIMITED,24.29,26.0,23.6,24.84,24.84,23.64,,24.84,,,261095,6396911.0,342,F1,1,,,,,
2025-09-03,2025-09-03,CM,BSE,STK,539018,INE213D01015,BEEKAY,B,,,,,Beekay Steel Industries Ltd.,507.8,507.8,490.0,491.5,490.1,499.7,,491.5,,,667,329665.0,59,F1,1,,,,,
2025-09-03,2025-09-03,CM,BSE,STK,539026,INE820R01017,SSPNFIN,M,,,,,SSPN Finance Limited,4.64,5.0,4.64,5.0,5.0,5.15,,5.0,,,8000,38560.0,2,F1,4000,,,,,
2025-09-03,2025-09-03,CM,BSE,STK,539031,INF200KA1572,SETFBSE100,A,,,,,SBI Mutual Fund,284.79,284.92,284.08,284.84,284.84,283.72,,284.84,,,136,38675.0,15,F1,1,,,,,
2025-09-03,2025-09-03,CM,BSE,STK,539032,INE184Q01010,FRASER,X,,,,,Fraser And Company Limited,8.25,8.28,7.8,8.22,8.23,7.89,,8.22,,,2433,19979.0,50,F1,1,,,,,
2025-09-03,2025-09-03,CM,BSE,STK,539040,INE812Q01016,TTIL,X,,,,,Tirupati Tyres Ltd.,10.09,10.09,9.87,9.97,9.98,9.88,,9.97,,,45353,450632.0,322,F1,1,,,,,
2025-09-03,2025-09-03,CM,BSE,STK,539041,INE369Q01017,GANVERSE,M,,,,,GANESHA ECOVERSE LIMITED,38.28,39.91,38.28,38.48,38.48,38.99,,38.48,,,46250,1804537.0,27,F1,1250,,,,,
2025-09-03,2025-09-03,CM,BSE,STK,539042,INE976R01025,AGIIL,B,,,,,AGI Infra Limited,1180.0,1181.9,1152.2,1171.4,1178.7,1170.05,,1174.9,,,4423,5184805.0,386,F1,1,,,,,
2025-09-03,2025-09-03,CM,BSE,STK,539044,INE824Q01011,MANAKSTEEL,T,,,,,Manaksia Steels Limited,59.0,59.69,58.36,58.36,58.36,58.24,,59.21,,,948,55577.0,12,F1,1,,,,,
2025-09-03,2025-09-03,CM,BSE,STK,539045,INE859Q01017,MANAKALUCO,B,,,,,Manaksia Aluminium Company Ltd,30.91,32.48,30.91,31.44,31.25,30.61,,31.4,,,22011,699325.0,282,F1,1,,,,,
2025-09-03,2025-09-03,CM,BSE,STK,539046,INE830Q01018,MANAKCOAT,B,,,,,Manaksia Coated Metals & Indus,145.0,155.35,145.0,150.05,149.55,143.1,,149.94,,,23191,3511517.0,687,F1,1,,,,,
2025-09-03,2025-09-03,CM,BSE,STK,539056,INE172N01012,IMAGICAA,B,,,,,IMAGICAAWORLD ENTERTAINMENT LI,57.29,58.13,57.0,57.16,57.16,57.1,,57.11,,,30406,1748305.0,468,F1,1,,,,,
2025-09-03,2025-09-03,CM,BSE,STK,539083,INE066P01011,INOXWIND,A,,,,,Inox Wind Limited,143.55,145.3,142.5,144.65,144.65,143.35,,144.71,,,353977,50920522.0,3676,F1,1,,,,,
2025-09-03,2025-09-03,CM,BSE,STK,539090,INE751R01014,RAJPUTANA,X,,,,,Rajputana Investment and Finan,43.79,43.79,39.11,39.15,39.15,39.62,,39.15,,,156,6556.0,6,F1,1,,,,,
2025-09-03,2025-09-03,CM,BSE,STK,539091,INE187R01029,CITL,X,,,,,Consecutive Investments & Trad,1.18,1.19,1.16,1.18,1.19,1.17,,1.18,,,212101,249091.0,263,F1,1,,,,,
2025-09-03,2025-09-03,CM,BSE,STK,539097,INE904R01027,URSUGAR,B,,,,,UR SUGAR INDUSTRIES LIMITED,5.1,5.1,4.86,5.02,5.08,5.08,,5.02,,,22107,110381.0,71,F1,1,,,,,
2025-09-03,2025-09-03,CM,BSE,STK,539110,INE736P01019,NORTHLINK,XT,,,,,Northlink Fiscal And Capital S,45.98,45.98,44.82,44.82,44.82,43.8,,44.82,,,1443,64681.0,6,F1,1,,,,,
2025-09-03,2025-09-03,CM,BSE,STK,539111,INE193R01019,SHESHAINDS,XT,,,,,SHESHADRI INDUSTRIES LIMITED,23.21,23.21,21.05,23.21,23.21,22.11,,23.21,,,10646,246994.0,34,F1,1,,,,,
2025-09-03,2025-09-03,CM,BSE,STK,539112,INE137M01017,SAB,X,,,,,SAB INDUSTRIES LIMITED,152.0,152.0,151.65,151.65,151.65,159.6,,151.65,,,452,68685.0,20,F1,1,,,,,
2025-09-03,2025-09-03,CM,BSE,STK,539113,INE291E01019,PML,X,,,,,Paul Merchants Ltd.,754.0,754.0,743.6,748.7,745.1,743.9,,748.7,,,243,181827.0,16,F1,1,,,,,
2025-09-03,2025-09-03,CM,BSE,STK,539115,INE273F01022,ALANSCOTT,XT,,,,,ALAN SCOTT ENTERPRISES LIMITED,236.0,236.0,231.3,231.3,231.3,236.0,,231.3,,,4363,1010150.0,23,F1,1,,,,,
2025-09-03,2025-09-03,CM,BSE,STK,539117,INE029H01016,SUJALA,X,,,,,Sujala Trading & Holding Ltd.,52.99,52.99,49.13,50.39,50.39,50.8,,50.39,,,48845,2483072.0,338,F1,1,,,,,
2025-09-03,2025-09-03,CM,BSE,STK,539118,INE366I01010,VRLLOG,B,,,,,VRL Logistics Limited,276.8,277.85,273.45,275.25,276.5,272.65,,275.25,,,9523,2627278.0,397,F1,1,,,,,
2025-09-03,2025-09-03,CM,BSE,STK,539120,INE578R01011,BFFL,XT,,,,,Bangalore Fort Farms Limited,58.45,58.5,58.43,58.5,58.5,61.5,,58.5,,,1893,110732.0,16,F1,1,,,,,
2025-09-03,2025-09-03,CM,BSE,STK,539121,INE239L01013,PALCO,X,,,,,Palco Metals Limited,116.3,133.5,116.3,132.3,132.45,122.15,,132.3,,,4156,531678.0,101,F1,1,,,,,
2025-09-03,2025-09-03,CM,BSE,STK,539122,INE104F01029,BODHTREE,XT,,,,,Bodhtree Consulting Limited,32.01,34.79,32.01,34.77,34.79,33.14,,34.77,,,58400,2014006.0,35,F1,1,,,,,
2025-09-03,2025-09-03,CM,BSE,STK,539123,INE334E01017,VBIND,XT,,,,,V B INDUSTRIES LIMITED,9.89,9.89,9.22,9.89,9.89,9.69,,9.89,,,1532,14365.0,19,F1,1,,,,,
2025-09-03,2025-09-03,CM,BSE,STK,539124,INE822Q01015,SARVOTTAM,X,,,,,Survottam Finvest Ltd.,23.25,23.25,22.25,23.25,23.25,23.2,,23.25,,,222,5055.0,5,F1,1,,,,,
2025-09-03,2025-09-03,CM,BSE,STK,539126,INE776I01010,MEP,Z,,,,,MEP Infrastructure Developers,1.51,1.57,1.51,1.56,1.55,1.54,,1.54,,,165870,256859.0,90,F1,1,,,,,
2025-09-03,2025-09-03,CM,BSE,STK,539132,INE761D01021,WARDWIZFBL,X,,,,,Wardwizard Foods and Beverages,6.31,6.31,5.8,6.22,6.22,6.01,,6.22,,,2753173,16934767.0,1355,F1,1,,,,,
2025-09-03,2025-09-03,CM,BSE,STK,539141,INE527H01019,UFO,B,,,,,UFO Moviez India Limited,74.72,75.6,74.05,74.72,75.0,74.31,,74.76,,,10820,807189.0,220,F1,1,,,,,
2025-09-03,2025-09-03,CM,BSE,STK,539143,INE945O01019,PANTH,XT,,,,,PANTH INFINITY LIMITED,8.01,8.22,7.6,8.08,8.08,7.99,,8.08,,,118668,945105.0,224,F1,1,,,,,
2025-09-03,2025-09-03,CM,BSE,STK,539148,INE788J01021,SHIVALIK,B,,,,,Shivalik Rasayan Ltd.,463.95,466.0,453.6,456.85,457.0,457.9,,459.3,,,6280,2877779.0,347,F1,1,,,,,
2025-09-03,2025-09-03,CM,BSE,STK,539149,INE682B01023,ICSL,X,,,,,Integrated Capital Services Lt,4.14,4.34,4.14,4.34,4.34,4.14,,4.34,,,1155,4800.0,12,F1,1,,,,,
2025-09-03,2025-09-03,CM,BSE,STK,539150,INE195J01029,PNCINFRA,A,,,,,PNC Infratech Limited,312.95,314.6,304.0,306.35,305.75,303.9,,305.7,,,84809,26293070.0,1945,F1,1,,,,,
2025-09-03,2025-09-03,CM,BSE,STK,539151,INE784R01023,ARFIN,B,,,,,Arfin India Limited,34.71,36.24,33.48,36.24,36.24,34.52,,36.15,,,66492,2333509.0,441,F1,1,,,,,
2025-09-03,2025-09-03,CM,BSE,STK,539167,INE347L01022,VLL,X,,,,,Virat Leasing Limited,31.1,31.1,31.1,31.1,31.1,31.6,,31.1,,,1,31.0,1,F1,1,,,,,
2025-09-03,2025-09-03,CM,BSE,STK,539174,INE738P01015,HELPAGE,XT,,,,,Helpage Finlease Ltd.,19.5,19.8,19.5,19.65,19.65,19.8,,19.65,,,230,4519.0,5,F1,1,,,,,
2025-09-03,2025-09-03,CM,BSE,STK,539175,INE924N01024,BLUEGOD,XT,,,,,BLUEGOD ENTERTAINMENT LIMITED,3.08,3.08,3.08,3.08,3.08,3.14,,3.08,,,11084159,34139209.0,683,F1,1,,,,,
2025-09-03,2025-09-03,CM,BSE,STK,539176,INE230I01018,HAWAENG,X,,,,,Hawa Engineers ltd.,129.75,129.75,113.65,114.2,115.0,115.25,,114.2,,,867,101490.0,32,F1,1,,,,,
2025-09-03,2025-09-03,CM,BSE,STK,539177,INE206F01022,AIIL,A,,,,,Authum Investment & Infrastruc,3135.0,3243.0,3131.9,3169.0,3169.0,3181.85,,3167.4,,,11955,38311209.0,1995,F1,1,,,,,
2025-09-03,2025-09-03,CM,BSE,STK,539189,INE578L01014,ADHBHUTIN,X,,,,,Adhbhut Infrastructure Ltd.,18.28,18.49,17.72,18.35,18.35,18.28,,18.35,,,281,5017.0,13,F1,1,,,,,
2025-09-03,2025-09-03,CM,BSE,STK,539190,INE848N01017,DFL,XT,,,,,Decillion Finance Ltd.,53.47,53.47,48.4,52.73,52.73,50.93,,52.73,,,12251,628002.0,34,F1,1,,,,,
2025-09-03,2025-09-03,CM,BSE,STK,539195,INE035S01028,POEL,X,,,,,POCL ENTERPRISES LTD,232.3,238.8,230.0,230.95,230.0,234.85,,230.95,,,49584,11523313.0,452,F1,1,,,,,
2025-09-03,2025-09-03,CM,BSE,STK,539196,INE829P01020,AEL,X,,,,,Amba Enterprises Ltd.,152.05,156.15,150.05,151.7,151.7,152.45,,151.7,,,13312,2031705.0,142,F1,1,,,,,
2025-09-03,2025-09-03,CM,BSE,STK,539199,INE618R01015,SGFIN,B,,,,,SG FINSERVE LIMITED,380.55,384.95,375.3,379.7,379.7,380.55,,379.65,,,28657,10904204.0,916,F1,1,,,,,
2025-09-03,2025-09-03,CM,BSE,STK,539201,INE170E01023,SATIA,B,,,,,SATIA INDUSTRIES LIMITED,83.5,83.5,82.65,82.88,82.73,83.01,,83.03,,,2948,244766.0,70,F1,1,,,,,
2025-09-03,2025-09-03,CM,BSE,STK,539206,INE574D01010,GVBL,X,,,,,GENOMIC VALLEY BIOTECH LIMITED,40.65,41.73,40.5,40.92,41.5,41.77,,40.92,,,4443,182501.0,51,F1,1,,,,,
2025-09-03,2025-09-03,CM,BSE,STK,539216,INE653S01028,GARMNTMNTR,T,,,,,GARMENT MANTRA LIFESTYLE LIMIT,1.56,1.58,1.49,1.52,1.51,1.56,,1.52,,,513698,775049.0,433,F1,1,,,,,
2025-09-03,2025-09-03,CM,BSE,STK,539217,INE606K01049,SRESTHA,X,,,,,Srestha Finvest Limited,0.4,0.41,0.39,0.39,0.39,0.4,,0.39,,,4008749,1593993.0,885,F1,1,,,,,
2025-09-03,2025-09-03,CM,BSE,STK,539218,INE563C01015,SAUMYA,X,,,,,Saumya Consultants Ltd.,150.25,150.25,149.0,150.25,150.25,143.1,,150.25,,,784,116843.0,3,F1,1,,,,,
2025-09-03,2025-09-03,CM,BSE,STK,539219,INE150D01027,MUL,XT,,,,,MAURIA UDYOG LIMITED,20.38,20.38,19.0,19.36,19.97,19.93,,19.36,,,198676,3872120.0,187,F1,1,,,,,
2025-09-03,2025-09-03,CM,BSE,STK,539220,INE540S01019,MISHKA,XT,,,,,Mishka Exim Limited,35.58,36.45,35.0,35.35,35.0,35.58,,35.35,,,7397,263151.0,27,F1,1,,,,,
2025-09-03,2025-09-03,CM,BSE,STK,539221,INE885H01029,SPORTKING,B,,,,,Sportking India Ltd.,111.15,113.0,111.0,112.85,112.05,110.05,,112.53,,,4789,534840.0,88,F1,1,,,,,
2025-09-03,2025-09-03,CM,BSE,STK,539222,INE451S01027,GROWINGTON,B,,,,,GROWINGTON VENTURES INDIA LIMI,1.9,1.9,1.7,1.86,1.86,1.85,,1.86,,,12039910,22222468.0,1796,F1,1,,,,,
2025-09-03,2025-09-03,CM,BSE,STK,539224,INE345Q01017,HCKKVENTURE,X,,,,,HCKK Ventures Limited,33.0,33.82,32.99,33.6,33.6,32.21,,33.6,,,4111,137284.0,40,F1,1,,,,,
2025-09-03,2025-09-03,CM,BSE,STK,539226,INE027T01023,RUDRA,X,,,,,RUDRA GLOBAL INFRA PRODUCTS LI,29.97,30.58,29.76,30.16,30.16,29.97,,30.16,,,77124,2319155.0,325,F1,1,,,,,
2025-09-03,2025-09-03,CM,BSE,STK,539227,INE876S01017,LOYAL,XT,,,,,Loyal Equipments Limited,217.3,228.15,206.45,215.2,221.0,217.3,,215.2,,,41617,9005188.0,339,F1,1,,,,,
2025-09-03,2025-09-03,CM,BSE,STK,539228,INE480S01026,GGPL,X,,,,,Gala Global Products Limited,2.84,2.84,2.67,2.69,2.69,2.79,,2.69,,,53877,145930.0,102,F1,1,,,,,
2025-09-03,2025-09-03,CM,BSE,STK,539251,INE875R01011,BALKRISHNA,B,,,,,Balkrishna Paper Mills Ltd.,24.6,24.6,21.24,22.11,21.9,22.63,,21.81,,,546055,12607520.0,3149,F1,1,,,,,
2025-09-03,2025-09-03,CM,BSE,STK,539252,INE979R01011,SHYAMCENT,B,,,,,Shyam Century Ferrous Limited,7.98,8.4,7.89,8.15,8.1,7.78,,8.02,,,91012,739572.0,300,F1,1,,,,,
2025-09-03,2025-09-03,CM,BSE,STK,539254,INE931S01010,ADANIENSOL,A,,,,,Adani Energy Solutions Limited,770.25,770.25,760.1,763.75,763.75,763.1,,763.7,,,59257,45248176.0,2566,F1,1,,,,,
2025-09-03,2025-09-03,CM,BSE,STK,539255,INE541K01014,STARDELTA,X,,,,,STAR DELTA TRANSFORMERS LIMITE,649.4,653.0,627.5,647.95,653.0,641.65,,647.95,,,2847,1827967.0,146,F1,1,,,,,
2025-09-03,2025-09-03,CM,BSE,STK,539267,INE579N01018,SAMSRITA,XT,,,,,SAMSRITA LABS LIMITED,19.25,19.25,19.21,19.21,19.21,19.6,,19.21,,,638,12258.0,9,F1,1,,,,,
2025-09-03,2025-09-03,CM,BSE,STK,539268,INE398R01022,SYNGENE,A,,,,,Syngene International Limited,638.0,653.3,634.95,652.2,653.3,635.6,,651.9,,,12998,8374059.0,469,F1,1,,,,,
2025-09-03,2025-09-03,CM,BSE,STK,539273,INE484S01010,PECOS,MT,,,,,PECOS Hotels And Pubs Limited,325.85,325.85,325.85,325.85,325.85,310.35,,325.85,,,500,162925.0,1,F1,500,,,,,
2025-09-03,2025-09-03,CM,BSE,STK,539275,INE829S01016,MSL,X,,,,,Mangalam Seeds Limited,169.15,175.0,169.15,171.8,171.0,169.0,,171.8,,,588,101565.0,25,F1,1,,,,,
2025-09-03,2025-09-03,CM,BSE,STK,539276,INE587G01015,KAYA,T,,,,,Kaya Limited,405.0,414.8,405.0,408.6,408.5,412.0,,409.75,,,250,102091.0,7,F1,1,,,,,
2025-09-03,2025-09-03,CM,BSE,STK,539277,INE184S01024,ALSTONE,X,,,,,Alstone Textiles (India) Ltd,0.64,0.64,0.56,0.57,0.57,0.63,,0.57,,,9504011,5667746.0,2741,F1,1,,,,,
2025-09-03,2025-09-03,CM,BSE,STK,539278,INE653R01012,SYMBIOX,X,,,,,Symbiox Investment & Trading C,2.75,2.89,2.75,2.8,2.8,2.76,,2.8,,,7337,20435.0,36,F1,1,,,,,
2025-09-03,2025-09-03,CM,BSE,STK,539287,INE749B01020,ORTINGLOBE,T,,,,,ORTIN GLOBAL LIMITED,13.7,13.7,13.45,13.45,13.45,13.72,,13.45,,,2090,28123.0,5,F1,1,,,,,
2025-09-03,2025-09-03,CM,BSE,STK,539288,INE897N01014,AVI,XT,,,,,Avi Polymers Ltd.,14.49,15.11,13.76,14.72,14.72,14.41,,14.72,,,2428,35172.0,20,F1,1,,,,,
2025-09-03,2025-09-03,CM,BSE,STK,539289,INE898S01029,AURUM,B,,,,,Aurum PropTech Limited,175.4,188.5,173.0,180.1,179.6,178.1,,179.92,,,16337,2942013.0,779,F1,1,,,,,
2025-09-03,2025-09-03,CM,BSE,STK,539290,INE143A01010,OSWALGREEN,B,,,,,Oswal Greentech Limited,40.99,41.38,40.84,41.27,41.32,40.93,,41.19,,,4561,186977.0,62,F1,1,,,,,
2025-09-03,2025-09-03,CM,BSE,STK,539291,INE583K01016,VASUDHAGAM,X,,,,,Vasudhagama Enterprises Limite,4.19,4.37,4.11,4.19,4.2,4.25,,4.19,,,48406,202506.0,154,F1,1,,,,,
2025-09-03,2025-09-03,CM,BSE,STK,539300,INE671K01019,SUNRAKSHAK,XT,,,,,SUNRAKSHAKK INDUSTRIES INDIA L,1148.7,1155.0,1121.1,1134.6,1126.3,1148.6,,1134.6,,,643,728772.0,56,F1,1,,,,,
2025-09-03,2025-09-03,CM,BSE,STK,539301,INE034S01021,ARVSMART,B,,,,,Arvind SmartSpaces Limited,615.25,622.65,608.05,615.55,619.95,616.3,,616.2,,,1859,1142750.0,114,F1,1,,,,,
2025-09-03,2025-09-03,CM,BSE,STK,539302,INE211R01019,POWERMECH,A,,,,,Power Mech Projects Limited,3160.55,3210.0,3150.0,3168.55,3166.9,3157.2,,3168.4,,,882,2803282.0,243,F1,1,,,,,
2025-09-03,2025-09-03,CM,BSE,STK,539309,INE230R01035,RAMASTEEL,B,,,,,Rama Steel Tubes Limited,10.54,10.71,10.46,10.55,10.55,10.55,,10.54,,,656178,6915918.0,1463,F1,1,,,,,
2025-09-03,2025-09-03,CM,BSE,STK,539310,INE365S01045,THINKINK,X,,,,,THINKINK PICTUREZ LIMITED,0.26,0.29,0.25,0.28,0.28,0.26,,0.28,,,25981992,7110551.0,1714,F1,1,,,,,
2025-09-03,2025-09-03,CM,BSE,STK,539312,INF789FB1X58,UTISENSETF,A,,,,,UTI BSE Sensex ETF,875.45,884.59,875.45,884.59,884.59,884.3,,884.5,,,192,169324.0,13,F1,1,,,,,
2025-09-03,2025-09-03,CM,BSE,STK,539313,INF789F1AZC0,UTINIFTETF,B,,,,,UTI Mutual Fund,270.34,271.89,269.47,271.08,271.07,270.5,,271.09,,,6428,1737023.0,53,F1,1,,,,,
2025-09-03,2025-09-03,CM,BSE,STK,539314,INE203T01012,UNIAUTO,B,,,,,Universal Autofoundry Limited,72.35,72.35,65.5,68.11,68.0,66.98,,68.11,,,25134,1721185.0,434,F1,1,,,,,
2025-09-03,2025-09-03,CM,BSE,STK,539331,INE918N01018,VETO,B,,,,,VETO SWITCHGEARS AND CABLES LI,116.1,116.95,114.45,116.25,115.25,115.05,,115.8,,,6919,803874.0,174,F1,1,,,,,
2025-09-03,2025-09-03,CM,BSE,STK,539332,INE278M01019,NAVKARCORP,B,,,,,Navkar Corporation Limited,120.0,120.0,117.4,118.05,118.05,118.75,,118.18,,,12833,1519891.0,251,F1,1,,,,,
2025-09-03,2025-09-03,CM,BSE,STK,539334,INE712K01011,SHREEPUSHK,B,,,,,Shree Pushkar Chemicals & Fert,311.0,329.8,311.0,328.2,327.7,314.15,,328.25,,,7198,2336198.0,394,F1,1,,,,,
2025-09-03,2025-09-03,CM,BSE,STK,539335,INE714Q01014,CHPLIND,X,,,,,CHPL Industries Ltd.,20.28,20.28,20.28,20.28,20.28,19.32,,20.28,,,1,20.0,1,F1,1,,,,,
2025-09-03,2025-09-03,CM,BSE,STK,539336,INE844O01030,GUJGASLTD,A,,,,,Gujarat Gas Limited,442.45,448.0,438.75,442.3,442.3,437.05,,442.35,,,18974,8438005.0,813,F1,1,,,,,
2025-09-03,2025-09-03,CM,BSE,STK,539337,INE725P01012,WAAREE,MT,,,,,WAAREE TECHNOLOGIES LIMITED,293.95,293.95,280.0,287.0,287.0,286.45,,287.0,,,12075,3458848.0,61,F1,175,,,,,
2025-09-03,2025-09-03,CM,BSE,STK,539346,INE764L01010,SADBHIN,T,,,,,Sadbhav Infrastructure Project,4.62,4.62,4.2,4.55,4.55,4.41,,4.5,,,12053,53156.0,39,F1,1,,,,,
2025-09-03,2025-09-03,CM,BSE,STK,539353,INE724G01014,SALAUTO,X,,,,,SAL AUTOMOTIVE LIMITED,255.0,255.0,250.0,250.05,253.7,250.0,,250.05,,,421,106051.0,27,F1,1,,,,,
2025-09-03,2025-09-03,CM,BSE,STK,539354,INE914G01029,POLYSPIN,X,,,,,Polyspin Exports Ltd.,35.0,36.25,34.13,36.17,36.17,36.43,,36.17,,,1465,50322.0,21,F1,1,,,,,
2025-09-03,2025-09-03,CM,BSE,STK,539359,INE583R01029,PRITIKAUTO,B,,,,,Pritika Auto Industries Limite,17.7,17.8,17.4,17.55,17.58,17.52,,17.56,,,25426,446049.0,177,F1,1,,,,,
2025-09-03,2025-09-03,CM,BSE,STK,539378,INE848R01018,SML,XT,,,,,Soni Medicare Limited,90.21,90.21,90.21,90.21,90.21,88.45,,90.21,,,475,42849.0,7,F1,1,,,,,
2025-09-03,2025-09-03,CM,BSE,STK,539383,INE019D01016,MAHAVEER,Z,,,,,Mahaveer Infoway Limited,8.65,8.65,8.18,8.23,8.19,8.59,,8.23,,,202,1662.0,6,F1,1,,,,,
2025-09-03,2025-09-03,CM,BSE,STK,539391,INE636B01011,ACME,Z,,,,,Acme Resources Limited,37.11,40.0,37.11,39.15,39.15,39.0,,39.15,,,4367,168446.0,31,F1,1,,,,,
2025-09-03,2025-09-03,CM,BSE,STK,539398,INE060T01024,VISHALBL,B,,,,,Vishal Bearings Limited,76.01,77.88,74.0,76.34,76.81,76.33,,76.34,,,4910,372429.0,137,F1,1,,,,,
2025-09-03,2025-09-03,CM,BSE,STK,539399,INE344T01014,BELLACASA,B,,,,,Bella Casa Fashion & Retail Li,410.2,416.95,410.2,416.95,416.95,409.3,,412.7,,,249,102899.0,31,F1,1,,,,,
2025-09-03,2025-09-03,CM,BSE,STK,539400,INE389C01015,MALLCOM,B,,,,,MALLCOM (INDIA) LTD.,1289.1,1300.0,1275.15,1295.05,1300.0,1270.75,,1297.0,,,116,148838.0,21,F1,1,,,,,
2025-09-03,2025-09-03,CM,BSE,STK,539402,INE256S01012,NAKSH,B,,,,,Naksh Precious Metals Limited,6.6,7.15,6.2,6.32,6.48,6.54,,6.32,,,26292,166821.0,125,F1,1,,,,,
2025-09-03,2025-09-03,CM,BSE,STK,539404,INE836B01017,SATIN,B,,,,,SATIN CREDITCARE NETWORK LIMIT,139.8,146.9,139.7,145.55,146.4,139.65,,145.7,,,20364,2950986.0,340,F1,1,,,,,
2025-09-03,2025-09-03,CM,BSE,STK,539407,INE854S01022,GENCON,T,,,,,Generic Engineering Constructi,43.89,43.89,41.5,41.67,41.67,42.72,,42.08,,,23212,982681.0,51,F1,1,,,,,
2025-09-03,2025-09-03,CM,BSE,STK,539408,INE594R01018,KUBERJI,XT,,,,,Kuber Udyog Limited,17.89,17.89,17.89,17.89,17.89,17.89,,17.89,,,23,411.0,4,F1,1,,,,,
2025-09-03,2025-09-03,CM,BSE,STK,539428,INE030T01027,TEJNAKSH,X,,,,,Tejnaksh Healthcare Limited,19.37,19.61,18.54,19.08,19.59,19.36,,19.08,,,14264,269189.0,58,F1,1,,,,,
2025-09-03,2025-09-03,CM,BSE,STK,539435,INE201C01012,RFSL,XT,,,,,Richfield Financial Services L,36.0,36.0,35.0,35.28,35.28,35.29,,35.28,,,123,4325.0,5,F1,1,,,,,
2025-09-03,2025-09-03,CM,BSE,STK,539436,INE335K01011,COFFEEDAY,A,,,,,Coffee Day Enterprises Limited,48.75,49.18,47.35,48.05,48.05,47.64,,48.01,,,169281,8194521.0,1334,F1,1,,,,,
2025-09-03,2025-09-03,CM,BSE,STK,539437,INE092T01019,IDFCFIRSTB,A,,,,,IDFC FIRST BANK LIMITED,68.11,70.68,68.11,70.56,70.56,69.49,,70.59,,,1727549,121027251.0,11095,F1,1,,,,,
2025-09-03,2025-09-03,CM,BSE,STK,539448,INE646L01027,INDIGO,A,,,,,InterGlobe Aviation Limited,5665.05,5747.7,5661.0,5738.7,5740.9,5665.05,,5740.0,,,13629,77733753.0,2104,F1,1,,,,,
2025-09-03,2025-09-03,CM,BSE,STK,539449,INE099S01016,IGCIL,X,,,,,IGC Industries Limited,2.98,3.04,2.98,3.02,3.03,2.97,,3.02,,,202288,607460.0,236,F1,1,,,,,
2025-09-03,2025-09-03,CM,BSE,STK,539450,INE500L01026,SHK,B,,,,,S H Kelkar and Company Limited,253.7,266.7,253.7,263.4,262.75,256.5,,263.47,,,44245,11640314.0,1488,F1,1,,,,,
2025-09-03,2025-09-03,CM,BSE,STK,539455,INE360S01012,ARYAVAN,XT,,,,,ARYAVAN ENTERPRISE LIMITED,59.89,59.89,57.03,58.28,59.75,59.7,,58.28,,,7852,460950.0,31,F1,1,,,,,
2025-09-03,2025-09-03,CM,BSE,STK,539469,INE258R01028,PANORAMA,B,,,,,PANORAMA STUDIOS INTERNATIONAL,166.95,168.9,164.4,166.35,167.05,164.15,,166.35,,,3594,601529.0,134,F1,1,,,,,
2025-09-03,2025-09-03,CM,BSE,STK,539470,INE051N01026,SHREEGANES,X,,,,,Shree Ganesh Biotech (India) L,0.76,0.76,0.75,0.76,0.75,0.76,,0.76,,,678479,512951.0,521,F1,1,,,,,
2025-09-03,2025-09-03,CM,BSE,STK,539479,INE910R01024,GTV,XT,,,,,GTV Engineering Limited,68.8,72.48,67.82,67.82,67.82,71.38,,67.82,,,85819,5864548.0,804,F1,1,,,,,
2025-09-03,2025-09-03,CM,BSE,STK,539480,INF767K01OS7,LICNETFN50,B,,,,,LIC MF EXHGE TRADED FUND-NIFTY,273.25,273.6,261.05,273.6,273.6,271.9,,275.56,,,9,2427.0,7,F1,1,,,,,
2025-09-03,2025-09-03,CM,BSE,STK,539487,INF767K01OT5,LICNETFSEN,A,,,,,LIC MF EXCHNG TRADED FUND-SENS,901.11,901.11,901.11,901.11,901.11,901.11,,903.04,,,1,901.0,1,F1,1,,,,,
2025-09-03,2025-09-03,CM,BSE,STK,539492,INE721C01019,GARBIFIN,X,,,,,Garbi Finvest Limited,12.24,12.24,11.6,12.14,12.15,12.15,,12.14,,,3651,43554.0,45,F1,1,,,,,
2025-09-03,2025-09-03,CM,BSE,STK,539494,INE766D01020,SMARTFIN,X,,,,,Smart Finsec Limited,12.51,13.0,12.51,12.82,12.66,12.52,,12.82,,,10150,129335.0,80,F1,1,,,,,
2025-09-03,2025-09-03,CM,BSE,STK,539495,INE176R01014,RAJKOTINV,X,,,,,Rajkot Investment Trust Limite,43.25,45.39,43.25,43.25,43.25,45.39,,43.25,,,351,15182.0,4,F1,1,,,,,
2025-09-03,2025-09-03,CM,BSE,STK,539506,INE805Q01028,ADCON,X,,,,,Adcon Capital Services Limited,0.64,0.65,0.62,0.63,0.63,0.64,,0.63,,,580531,368143.0,419,F1,1,,,,,
2025-09-03,2025-09-03,CM,BSE,STK,539515,INE641R01017,QUINT,X,,,,,Quint Digital Limited,46.9,48.4,46.9,46.92,46.91,46.69,,46.92,,,1465,69723.0,23,F1,1,,,,,
2025-09-03,2025-09-03,CM,BSE,STK,539516,INF179KC1965,HDFCNIFTY,B,,,,,HDFC Mutual Fund,274.57,276.14,274.15,275.91,275.91,274.96,,276.04,,,2045,562049.0,145,F1,1,,,,,
2025-09-03,2025-09-03,CM,BSE,STK,539517,INF179KC1HX2,HDFCSENSEX,A,,,,,HDFC Mutual Fund,90.32,90.78,89.71,90.65,90.77,90.42,,90.54,,,3699,333640.0,96,F1,1,,,,,
2025-09-03,2025-09-03,CM,BSE,STK,539518,INE551B01012,UDAYJEW,X,,,,,Uday Jewellery Industries Limi,166.25,170.5,166.25,167.6,167.5,168.0,,167.6,,,5442,919437.0,98,F1,1,,,,,
2025-09-03,2025-09-03,CM,BSE,STK,539519,INE280E01038,SATTVASUKU,X,,,,,SATTVA SUKUN LIFECARE LIMITED,0.85,0.85,0.83,0.84,0.84,0.83,,0.84,,,555786,467908.0,285,F1,1,,,,,
2025-09-03,2025-09-03,CM,BSE,STK,539522,INE343C01012,GROVY,X,,,,,Grovy India Limited,42.01,44.67,41.0,41.21,41.21,43.56,,41.21,,,8513,356128.0,71,F1,1,,,,,
2025-09-03,2025-09-03,CM,BSE,STK,539523,INE540L01014,ALKEM,A,,,,,Alkem Laboratories Limited,5250.0,5315.9,5250.0,5295.75,5301.6,5249.4,,5292.0,,,794,4198620.0,237,F1,1,,,,,
2025-09-03,2025-09-03,CM,BSE,STK,539524,INE600L01024,LALPATHLAB,A,,,,,Dr. Lal Pathlabs Limited,3289.95,3390.5,3204.35,3335.3,3335.3,3230.2,,3337.5,,,8934,29772277.0,1728,F1,1,,,,,
2025-09-03,2025-09-03,CM,BSE,STK,539526,INE452S01025,SCTL,X,,,,,Suncare Traders Limited,0.88,0.88,0.84,0.87,0.87,0.86,,0.87,,,232447,200776.0,284,F1,1,,,,,
2025-09-03,2025-09-03,CM,BSE,STK,539527,INE146E01015,CREATIVE,X,,,,,Creative Castings Limited,560.3,593.0,560.3,585.1,588.5,569.0,,585.1,,,139,80380.0,36,F1,1,,,,,
2025-09-03,2025-09-03,CM,BSE,STK,539528,INE430R01023,AAYUSH,X,,,,,AAYUSH WELLNESS LIMITED,87.49,87.72,85.45,87.72,87.72,83.55,,87.72,,,1309148,114818199.0,5757,F1,1,,,,,
2025-09-03,2025-09-03,CM,BSE,STK,539533,INE669R01026,ELITECON,XT,,,,,ELITECON INTERNATIONAL LIMITED,281.25,281.25,281.25,281.25,281.25,296.05,,281.25,,,13071,3676218.0,960,F1,1,,,,,
2025-09-03,2025-09-03,CM,BSE,STK,539542,INE150G01020,LUXIND,B,,,,,LUX Industries Limited,1297.8,1313.0,1296.7,1307.25,1313.0,1295.45,,1309.0,,,1445,1878452.0,166,F1,1,,,,,
2025-09-03,2025-09-03,CM,BSE,STK,539545,INE217S01014,APOORVA,X,,,,,Apoorva Leasing Finance & Inve,29.0,31.9,27.91,31.9,31.9,29.0,,31.9,,,991,31290.0,22,F1,1,,,,,
2025-09-03,2025-09-03,CM,BSE,STK,539546,INE679E01015,AGRIBIO,X,,,,,AGRIBIO SPIRITS LIMITED,206.9,206.9,202.0,203.0,203.0,203.2,,203.0,,,17925,3663756.0,80,F1,1,,,,,
2025-09-03,2025-09-03,CM,BSE,STK,539551,INE410P01011,NH,A,,,,,Narayana Hrudayalaya Limited,1763.95,1819.0,1760.0,1810.6,1810.6,1767.6,,1809.3,,,19522,35196217.0,2670,F1,1,,,,,
2025-09-03,2025-09-03,CM,BSE,STK,539552,INE108T01013,FMEC,X,,,,,F MEC INTERNATIONAL FINANCIAL,134.35,140.0,132.0,135.1,135.0,134.9,,135.1,,,6586,889823.0,70,F1,1,,,,,
2025-09-03,2025-09-03,CM,BSE,STK,539559,INE005G01026,DDIL,X,,,,,Deep Diamond India Limited,4.18,4.38,4.18,4.26,4.26,4.27,,4.26,,,141838,607947.0,407,F1,1,,,,,
2025-09-03,2025-09-03,CM,BSE,STK,539561,INE549S01036,REMLIFE,X,,,,,REMEDIUM LIFECARE LIMITED,1.3,1.34,1.27,1.28,1.28,1.32,,1.28,,,5707488,7375045.0,1645,F1,1,,,,,
2025-09-03,2025-09-03,CM,BSE,STK,539562,INE750R01016,AARNAV,X,,,,,AARNAV FASHIONS LIMITED,38.4,39.01,38.0,38.82,39.01,38.4,,38.82,,,30127,1157521.0,233,F1,1,,,,,
2025-09-03,2025-09-03,CM,BSE,STK,539574,INE974F01025,SCL,X,,,,,Sunshine Capital Ltd.,0.21,0.22,0.21,0.22,0.22,0.2,,0.22,,,151009575,32866725.0,13672,F1,1,,,,,
2025-09-03,2025-09-03,CM,BSE,STK,539584,INE104S01022,SIPTL,X,,,,,SHARANAM INFRAPROJECT AND TRAD,0.33,0.34,0.33,0.34,0.34,0.33,,0.34,,,8822668,2970006.0,1068,F1,1,,,,,
2025-09-03,2025-09-03,CM,BSE,STK,539593,INE728Q01014,SHIVA,XT,,,,,Shivansh Finserv Limited,7.27,7.27,6.84,6.84,7.23,7.2,,6.84,,,65061,448781.0,39,F1,1,,,,,
2025-09-03,2025-09-03,CM,BSE,STK,539594,INE094S01041,MISHTANN,X,,,,,Mishtann Foods Limited,5.82,5.9,5.82,5.86,5.88,5.88,,5.86,,,1149532,6745103.0,2498,F1,1,,,,,
2025-09-03,2025-09-03,CM,BSE,STK,539596,INE681Q01015,DELTA,X,,,,,Delta Industrial Resources Lim,13.98,13.98,13.8,13.8,13.8,13.98,,13.8,,,68973,954530.0,14,F1,1,,,,,
2025-09-03,2025-09-03,CM,BSE,STK,539598,INE727C01024,CGFL,X,,,,,CREDENT GLOBAL FINANCE LIMITED,29.5,29.5,26.5,26.63,26.5,27.49,,26.63,,,14104,382560.0,72,F1,1,,,,,
2025-09-03,2025-09-03,CM,BSE,STK,539599,INE079C01012,KEL,XT,,,,,Kotia Enterprises Limited,30.0,31.64,30.0,31.64,31.64,30.14,,31.64,,,89,2725.0,10,F1,1,,,,,
2025-09-03,2025-09-03,CM,BSE,STK,539607,INE373T01047,BLUECLOUDS,B,,,,,Blue Cloud Softech Solutions L,30.75,31.0,29.21,29.31,29.31,30.74,,29.31,,,558021,16622983.0,2155,F1,1,,,,,
2025-09-03,2025-09-03,CM,BSE,STK,539620,INE534E01020,KEIL,X,,,,,KANORIA ENERGY & INFRASTRUCTUR,24.5,24.85,23.35,23.89,23.89,23.92,,23.89,,,13234,317827.0,67,F1,1,,,,,
2025-09-03,2025-09-03,CM,BSE,STK,539621,INE368E01023,BCLENTERPR,X,,,,,BCL Enterprises Limited,0.66,0.66,0.66,0.66,0.66,0.66,,0.66,,,82118,54197.0,77,F1,1,,,,,
2025-09-03,2025-09-03,CM,BSE,STK,539636,INE484I01029,PRECAM,B,,,,,Precision Camshafts Limited,175.4,179.0,174.65,178.3,178.7,175.4,,178.04,,,12920,2278829.0,415,F1,1,,,,,
2025-09-03,2025-09-03,CM,BSE,STK,539658,INE985S01024,TEAMLEASE,A,,,,,TeamLease Services Limited,1878.0,1890.0,1862.55,1864.05,1867.05,1876.8,,1864.4,,,347,649743.0,107,F1,1,,,,,
2025-09-03,2025-09-03,CM,BSE,STK,539659,INE564S01019,KAMATS,B,,,,,VIKRAM KAMATS HOSPITALITY LIMI,64.86,65.0,63.5,63.98,63.99,61.78,,63.98,,,39557,2531129.0,80,F1,1,,,,,
2025-09-03,2025-09-03,CM,BSE,STK,539660,INE052T01013,BESTAGRO,B,,,,,BEST AGROLIFE LIMITED,390.0,401.95,388.25,401.95,401.95,382.85,,400.4,,,9420,3746507.0,398,F1,1,,,,,
2025-09-03,2025-09-03,CM,BSE,STK,539661,INE023R01018,ACEMEN,X,,,,,ACE MEN ENGG WORKS LIMITED,85.39,87.0,83.5,85.92,85.98,85.51,,85.92,,,17717,1523044.0,116,F1,1,,,,,
2025-09-03,2025-09-03,CM,BSE,STK,539662,INE948Q01018,BFLAFL,X,,,,,BFL Asset Finvest Limited,14.13,14.13,13.33,13.9,13.9,13.85,,13.9,,,2885,39954.0,30,F1,1,,,,,
2025-09-03,2025-09-03,CM,BSE,STK,539669,INE684D01025,RGF,X,,,,,RGF Capital Markets Limited,0.54,0.55,0.53,0.54,0.55,0.54,,0.54,,,11339,6190.0,60,F1,1,,,,,
2025-09-03,2025-09-03,CM,BSE,STK,539673,INE792P01020,RCL,Z,,,,,Radhagobind Commercial Limited,1.63,1.63,1.5,1.61,1.61,1.56,,1.61,,,22659,36253.0,48,F1,1,,,,,
2025-09-03,2025-09-03,CM,BSE,STK,539678,INE306L01010,QUICKHEAL,B,,,,,Quick Heal Technologies Limite,313.4,313.8,302.0,305.45,305.0,300.5,,305.2,,,14597,4483420.0,617,F1,1,,,,,
2025-09-03,2025-09-03,CM,BSE,STK,539679,INE332Q01023,KAPILRAJ,XT,,,,,Kapil Raj Finance Ltd.,5.21,5.21,5.21,5.21,5.21,5.31,,5.21,,,54446,283663.0,151,F1,1,,,,,
2025-09-03,2025-09-03,CM,BSE,STK,539680,INE615T01017,GANGAPHARM,MT,,,,,Ganga Pharmaceuticals Limited,14.6,14.6,14.6,14.6,14.6,14.6,,14.6,,,8000,116800.0,1,F1,8000,,,,,
2025-09-03,2025-09-03,CM,BSE,STK,539682,INE622Q01019,LUCENT,T,,,,,LUCENT INDUSTRIES LIMITED,1060.3,1097.95,1060.3,1075.1,1089.0,1060.2,,1075.1,,,2878,3096751.0,30,F1,1,,,,,
2025-09-03,2025-09-03,CM,BSE,STK,539686,INE127T01021,KPEL,A,,,,,K.P. Energy Limited,424.05,436.0,424.05,431.85,432.3,427.95,,431.7,,,12118,5225267.0,696,F1,1,,,,,
2025-09-03,2025-09-03,CM,BSE,STK,539692,INE064T01018,IFINSER,X,,,,,INTERACTIVE FINANCIAL SERVICES,18.79,18.79,17.27,17.45,17.45,17.97,,17.45,,,4512,80232.0,26,F1,1,,,,,
2025-09-03,2025-09-03,CM,BSE,STK,539697,INE966Q01010,HILIKS,X,,,,,HILIKS TECHNOLOGIES LIMITED,53.0,53.0,45.55,48.52,48.02,50.8,,48.52,,,8989,433954.0,105,F1,1,,,,,
2025-09-03,2025-09-03,CM,BSE,STK,539724,INE039D01014,HYPERSOFT,XT,,,,,HYPERSOFT TECHNOLOGIES LIMITED,89.81,89.81,89.81,89.81,89.81,91.64,,89.81,,,14866,1335115.0,84,F1,1,,,,,
2025-09-03,2025-09-03,CM,BSE,STK,539725,INE314T01025,GOKULAGRO,B,,,,,Gokul Agro Resources Ltd,336.95,343.7,336.95,341.75,342.95,336.95,,341.25,,,9877,3360856.0,474,F1,1,,,,,
2025-09-03,2025-09-03,CM,BSE,STK,539730,INE194R01017,FREDUN,XT,,,,,Fredun Pharmaceuticals Limited,1219.0,1250.1,1190.0,1250.1,1250.1,1190.6,,1250.1,,,16721,20824689.0,329,F1,1,,,,,
2025-09-03,2025-09-03,CM,BSE,STK,539742,INE748T01016,SIMBHALS,T,,,,,Simbhaoli Sugars Ltd,15.57,15.57,15.17,15.39,15.25,14.85,,15.39,,,4095,63037.0,46,F1,1,,,,,
2025-09-03,2025-09-03,CM,BSE,STK,539760,INE773T01014,RELICAB,B,,,,,Relicab Cable Manufacturing Li,71.5,72.4,66.0,69.5,69.5,70.87,,69.5,,,10935,747305.0,116,F1,1,,,,,
2025-09-03,2025-09-03,CM,BSE,STK,539761,INE427T01025,VKAL,B,,,,,Vantage Knowledge Academy Limi,5.52,5.52,5.0,5.0,5.0,5.26,,5.0,,,8768681,47836934.0,1742,F1,1,,,,,
2025-09-03,2025-09-03,CM,BSE,STK,539762,INE250S01015,MEAPL,X,,,,,MODERN ENGINEERING AND PROJECT,32.9,32.9,30.12,30.2,30.2,31.7,,30.2,,,49412,1523916.0,160,F1,1,,,,,
2025-09-03,2025-09-03,CM,BSE,STK,539767,INE216Q01010,MNIL,XT,,,,,Mega Nirman & Industries Limit,20.5,22.62,20.5,22.61,22.6,21.55,,22.61,,,29762,627991.0,31,F1,1,,,,,
2025-09-03,2025-09-03,CM,BSE,STK,539770,INE830S01014,DARJEELING,XT,,,,,Darjeeling Ropeway Company Lim,59.25,59.25,59.25,59.25,59.25,60.45,,59.25,,,3169,187763.0,8,F1,1,,,,,
2025-09-03,2025-09-03,CM,BSE,STK,539773,INE178T01024,ADVIKCA,X,,,,,Advik Capital Limited,1.43,1.43,1.38,1.4,1.4,1.39,,1.4,,,378167,533101.0,526,F1,1,,,,,
2025-09-03,2025-09-03,CM,BSE,STK,539785,INE865T01018,PDMJEPAPER,B,,,,,Pudumjee Paper Products Limite,133.0,133.5,129.5,130.55,131.05,132.25,,130.48,,,34804,4565999.0,546,F1,1,,,,,
2025-09-03,2025-09-03,CM,BSE,STK,539787,INE075I01017,HCG,A,,,,,HealthCare Global Enterprises,664.95,706.4,664.0,694.05,691.45,669.85,,694.25,,,19562,13540648.0,1456,F1,1,,,,,
2025-09-03,2025-09-03,CM,BSE,STK,539798,INE173U01015,UMIYA,XT,,,,,Umiya Tubes Limited,28.73,29.78,27.57,28.57,29.67,28.73,,28.57,,,13628,394038.0,85,F1,1,,,,,
2025-09-03,2025-09-03,CM,BSE,STK,539799,INE316L01019,BHARATWIRE,B,,,,,Bharat Wire Ropes Limited,179.05,186.85,176.2,180.65,180.0,178.8,,180.73,,,3794,684280.0,260,F1,1,,,,,
2025-09-03,2025-09-03,CM,BSE,STK,539800,INE043U01010,CHDCHEM,X,,,,,CHD Chemicals Limited,6.38,6.38,5.49,5.56,5.56,5.51,,5.56,,,5698,31998.0,20,F1,1,,,,,
2025-09-03,2025-09-03,CM,BSE,STK,539807,INE483S01020,INFIBEAM,A,,,,,INFIBEAM AVENUES LIMITED,15.94,16.42,15.75,16.14,16.14,15.83,,16.13,,,1223745,19645323.0,2195,F1,1,,,,,
2025-09-03,2025-09-03,CM,BSE,STK,539814,INE204S01012,LELAVOIR,XT,,,,,LE LAVOIR LIMITED,297.95,312.9,283.1,312.9,312.9,298.0,,312.9,,,2002,574794.0,35,F1,1,,,,,
2025-09-03,2025-09-03,CM,BSE,STK,539834,INE119R01014,BALGOPAL,XT,,,,,Balgopal Commercial limited,200.0,215.9,200.0,215.9,215.9,205.65,,215.9,,,3224,682609.0,32,F1,1,,,,,
2025-09-03,2025-09-03,CM,BSE,STK,539835,INE574R01028,SUPERIOR,X,,,,,Superior Finlease Limited,1.4,1.4,1.4,1.4,1.4,1.42,,1.4,,,4260,5964.0,20,F1,1,,,,,
2025-09-03,2025-09-03,CM,BSE,STK,539837,INE912T01018,RPEL,B,,,,,RAGHAV PRODUCTIVITY ENHANCERS,635.15,636.5,619.7,631.3,628.5,619.7,,630.5,,,4818,3042550.0,459,F1,1,,,,,
2025-09-03,2025-09-03,CM,BSE,STK,539841,INE359U01028,LANCER,X,,,,,Lancer Container Lines Limited,12.85,13.19,12.55,12.8,12.9,12.93,,12.8,,,244332,3157632.0,986,F1,1,,,,,
2025-09-03,2025-09-03,CM,BSE,STK,539843,INE395U01014,NINSYS,B,,,,,NINtec Systems Limited,509.95,509.95,460.0,462.2,460.0,474.0,,463.75,,,395,188841.0,65,F1,1,,,,,
2025-09-03,2025-09-03,CM,BSE,STK,539854,INE115S01010,HALDER,X,,,,,Halder Venture Limited,314.0,314.0,288.0,290.6,290.6,314.15,,290.6,,,21152,6298631.0,822,F1,1,,,,,
2025-09-03,2025-09-03,CM,BSE,STK,539871,INE594H01019,THYROCARE,B,,,,,Thyrocare Technologies Limited,1330.0,1345.8,1294.5,1302.45,1302.45,1331.3,,1301.6,,,12964,17139600.0,1893,F1,1,,,,,
2025-09-03,2025-09-03,CM,BSE,STK,539872,INE411U01027,BAJAJHCARE,B,,,,,Bajaj Healthcare Limited,427.25,432.65,422.3,423.5,423.75,426.1,,423.65,,,6683,2845128.0,432,F1,1,,,,,
2025-09-03,2025-09-03,CM,BSE,STK,539875,INE616F01022,RSDFIN,X,,,,,RSD Finance Limited,104.85,107.9,97.0,105.0,105.25,102.8,,105.0,,,568,58419.0,13,F1,1,,,,,
2025-09-03,2025-09-03,CM,BSE,STK,539876,INE299U01018,CROMPTON,A,,,,,Crompton Greaves Consumer Elec,336.75,336.75,330.95,332.8,332.8,333.55,,332.6,,,28247,9389484.0,1344,F1,1,,,,,
2025-09-03,2025-09-03,CM,BSE,STK,539883,INE417C01014,PILANIINVS,B,,,,,Pilani Investment And Industri,5097.1,5169.4,5097.1,5168.85,5169.4,5092.95,,5170.2,,,244,1254587.0,106,F1,1,,,,,
2025-09-03,2025-09-03,CM,BSE,STK,539884,INE671T01028,DARSHANORNA,X,,,,,Darshan Orna Limited,2.5,2.56,2.35,2.54,2.54,2.48,,2.54,,,128529,317403.0,156,F1,1,,,,,
2025-09-03,2025-09-03,CM,BSE,STK,539889,INE883N01014,PARAGMILK,B,,,,,Parag Milk Foods Limited,247.0,250.0,243.0,245.3,245.55,245.9,,245.03,,,61223,15063935.0,1418,F1,1,,,,,
2025-09-03,2025-09-03,CM,BSE,STK,539894,INE631R01026,MADHAVIPL,X,,,,,Madhav Infra Projects Limited,12.0,12.02,11.7,11.77,11.79,11.77,,11.77,,,142831,1693421.0,489,F1,1,,,,,
2025-09-03,2025-09-03,CM,BSE,STK,539895,INE631E01024,SPICELOUNG,XT,,,,,SPICE LOUNGE FOOD WORKS LIMITE,48.0,50.94,46.1,50.91,50.94,48.52,,50.91,,,149923,7364088.0,917,F1,1,,,,,
2025-09-03,2025-09-03,CM,BSE,STK,539900,INE642P01019,DIDL,X,,,,,DALMIA INDUSTRIAL DEVELOPMENT,8.66,8.66,8.02,8.57,8.57,8.25,,8.57,,,15825,131488.0,39,F1,1,,,,,
2025-09-03,2025-09-03,CM,BSE,STK,539911,INE730R01042,SNIM,XT,,,,,Svarnim Trade Udyog Limited,11.85,11.9,11.85,11.85,11.85,12.47,,11.85,,,3112,36888.0,16,F1,1,,,,,
2025-09-03,2025-09-03,CM,BSE,STK,539917,INE454M01024,NAGAFERT,B,,,,,NAGARJUNA FERTILIZERS AND CHEM,5.3,5.45,5.18,5.44,5.42,5.22,,5.44,,,230848,1236951.0,494,F1,1,,,,,
2025-09-03,2025-09-03,CM,BSE,STK,539921,INE440T01028,SEIL,X,,,,,Shanti Educational Initiatives,112.7,115.65,112.0,113.9,114.0,113.55,,113.9,,,21326,2411461.0,132,F1,1,,,,,
2025-09-03,2025-09-03,CM,BSE,STK,539938,INE858Q01019,MIL,X,,,,,Medico Intercontinental Limite,35.44,38.49,35.01,36.93,38.35,34.73,,36.93,,,21617,791136.0,201,F1,1,,,,,
2025-09-03,2025-09-03,CM,BSE,STK,539939,INE571U01010,YASHCHEM,X,,,,,Yash Chemex Limited,82.51,86.49,82.1,84.24,85.65,84.75,,84.24,,,28952,2421140.0,204,F1,1,,,,,
2025-09-03,2025-09-03,CM,BSE,STK,539945,INF109KC11V0,NV20IETF,B,,,,,ICICI Prudential NV20 ETF,14.26,14.48,14.26,14.38,14.48,14.38,,14.39,,,28894,414913.0,190,F1,1,,,,,
2025-09-03,2025-09-03,CM,BSE,STK,539946,INE217E01014,BAZELINTER,X,,,,,Bazel International Limited,59.0,59.0,58.0,58.0,58.0,59.0,,58.0,,,110,6390.0,3,F1,1,,,,,
2025-09-03,2025-09-03,CM,BSE,STK,539947,INE919T01013,JLL,X,,,,,JINDAL LEASEFIN LIMITED,42.0,45.0,41.15,41.24,41.24,43.1,,41.24,,,46,1998.0,12,F1,1,,,,,
2025-09-03,2025-09-03,CM,BSE,STK,539956,INE524T01011,TAALENT,XT,,,,,TAAL Enterprises Limited,3298.0,3298.0,3100.0,3191.7,3175.05,3203.65,,3191.7,,,676,2129876.0,80,F1,1,,,,,
2025-09-03,2025-09-03,CM,BSE,STK,539957,INE002S01010,MGL,A,,,,,Mahanagar Gas Limited,1277.4,1322.75,1277.4,1285.25,1285.25,1276.45,,1284.9,,,32628,42586326.0,2866,F1,1,,,,,
2025-09-03,2025-09-03,CM,BSE,STK,539963,INE819S01025,ZEAL,X,,,,,Zeal Aqua Limited,10.0,10.02,9.19,10.0,10.02,9.99,,10.0,,,109438,1086551.0,318,F1,1,,,,,
2025-09-03,2025-09-03,CM,BSE,STK,539978,INE615P01015,QUESS,A,,,,,Quess Corp Limited,272.95,274.8,268.5,270.35,271.0,273.0,,270.05,,,10586,2866862.0,548,F1,1,,,,,
2025-09-03,2025-09-03,CM,BSE,STK,539979,INE731U01028,DIGJAMLMTD,T,,,,,DIGJAM LIMITED,60.87,60.95,56.26,59.75,59.75,58.8,,58.27,,,3036,184122.0,11,F1,1,,,,,
2025-09-03,2025-09-03,CM,BSE,STK,539980,INF109KC10W0,MIDSELIETF,B,,,,,ICICI Prudential BSE Midcap Se,17.45,17.45,17.29,17.43,17.43,17.37,,17.4,,,11015,191217.0,70,F1,1,,,,,
2025-09-03,2025-09-03,CM,BSE,STK,539984,INE799B01017,HUIL,X,,,,,HINDUSTHAN URBAN INFRASTRUCTUR,2375.25,2375.25,2333.3,2371.55,2333.3,2409.5,,2371.55,,,26,61685.0,11,F1,1,,,,,
2025-09-03,2025-09-03,CM,BSE,STK,539986,INE073V01015,COMSYN,B,,,,,Commercial Syn Bags Limited,146.4,153.0,144.0,150.45,149.85,144.6,,150.25,,,38423,5735469.0,827,F1,1,,,,,
2025-09-03,2025-09-03,CM,BSE,STK,539991,INE700F01024,CFEL,X,,,,,CONFIDENCE FUTURISTIC ENERGETE,65.0,65.0,62.7,63.86,63.86,63.39,,63.86,,,6692,425372.0,50,F1,1,,,,,
2025-09-03,2025-09-03,CM,BSE,STK,539992,INE093R01011,LLOYDSENGG,A,,,,,LLOYDS ENGINEERING WORKS LIMIT,64.69,66.65,64.39,65.49,65.55,64.95,,65.51,,,355496,23315642.0,2494,F1,1,,,,,
2025-09-03,2025-09-03,CM,BSE,STK,539997,INE552U01010,KPL,B,,,,,Kwality Pharmaceuticals Limite,990.05,996.85,979.0,986.4,989.0,988.7,,986.4,,,5703,5626551.0,349,F1,1,,,,,
2025-09-03,2025-09-03,CM,BSE,STK,540005,INE214T01019,LTIM,A,,,,,LTIMindtree Limited,5243.45,5243.45,5137.0,5186.9,5212.05,5242.2,,5191.0,,,5054,26143916.0,1002,F1,1,,,,,
2025-09-03,2025-09-03,CM,BSE,STK,540006,INE595R01023,EASTWEST,X,,,,,EAST WEST FREIGHT CARRIERS LTD,5.21,5.3,5.18,5.21,5.21,5.21,,5.21,,,57664,301071.0,161,F1,1,,,,,
2025-09-03,2025-09-03,CM,BSE,STK,540008,INF209KB10E8,BSLSENETFG,A,,,,,Aditya Birla Sun Life BSE Sens,80.09,80.37,80.09,80.37,80.37,80.9,,80.42,,,2,160.0,2,F1,1,,,,,
2025-09-03,2025-09-03,CM,BSE,STK,540023,INE621I01042,COLORCHIPS,X,,,,,COLORCHIPS NEW MEDIA LIMITED,15.98,15.98,14.5,14.95,14.95,15.68,,14.95,,,57490,860567.0,205,F1,1,,,,,
2025-09-03,2025-09-03,CM,BSE,STK,540025,INE837H01020,ADVENZYMES,A,,,,,Advanced Enzyme Technologies L,336.7,342.5,336.7,339.05,339.65,340.45,,339.05,,,30935,10481203.0,843,F1,1,,,,,
2025-09-03,2025-09-03,CM,BSE,STK,540026,INE213U01019,LAHL,X,,,,,Ladam Affortable Housing Limit,6.42,7.0,6.42,6.66,6.99,6.71,,6.66,,,723,4704.0,15,F1,1,,,,,
2025-09-03,2025-09-03,CM,BSE,STK,540047,INE917M01012,DBL,A,,,,,Dilip Buildcon Limited,469.0,477.9,463.2,474.3,473.35,471.8,,474.05,,,6329,2988509.0,429,F1,1,,,,,
2025-09-03,2025-09-03,CM,BSE,STK,540048,INE212I01016,SPAL,B,,,,,S.P. Apparels Limited,695.05,740.9,695.05,724.95,722.95,728.05,,726.5,,,898,655405.0,255,F1,1,,,,,
2025-09-03,2025-09-03,CM,BSE,STK,540061,INE412U01025,BIGBLOC,B,,,,,Bigbloc Construction Limited,58.9,60.16,58.58,59.65,59.55,59.12,,59.67,,,3265,193954.0,131,F1,1,,,,,
2025-09-03,2025-09-03,CM,BSE,STK,540062,INE222U01010,GOLDENCREST,X,,,,,Golden Crest Education & Servi,330.35,330.35,330.35,330.35,330.35,330.35,,330.35,,,9,2973.0,2,F1,1,,,,,
2025-09-03,2025-09-03,CM,BSE,STK,540063,INE925Q01024,ECS,X,,,,,ECS Biztech Limited,8.49,8.49,8.4,8.44,8.44,8.49,,8.44,,,3178,26897.0,14,F1,1,,,,,
2025-09-03,2025-09-03,CM,BSE,STK,540065,INE976G01028,RBLBANK,A,,,,,RBL Bank Limited,270.0,273.6,267.35,270.0,270.0,269.6,,270.0,,,518523,140379982.0,5399,F1,1,,,,,
2025-09-03,2025-09-03,CM,BSE,STK,540072,INE191V01015,SHIVAEXPO,M,,,,,Shiva Granito Export Limited,13.01,14.88,13.01,14.88,14.88,14.58,,14.88,,,20000,278900.0,2,F1,10000,,,,,
2025-09-03,2025-09-03,CM,BSE,STK,540073,INE153T01027,BLS,A,,,,,BLS International Services Ltd,371.4,372.3,368.4,370.8,371.25,369.15,,370.55,,,33075,12258765.0,768,F1,1,,,,,
2025-09-03,2025-09-03,CM,BSE,STK,540078,INE317V01016,MITSU,B,,,,,Mitsu Chem Plast Limited,108.75,112.55,105.15,108.5,108.75,107.65,,108.5,,,13145,1429109.0,267,F1,1,,,,,
2025-09-03,2025-09-03,CM,BSE,STK,540079,INE537U01037,SPRAYKING,B,,,,,Sprayking Limited,2.06,2.06,1.98,2.0,2.0,2.0,,2.0,,,685074,1373937.0,761,F1,1,,,,,
2025-09-03,2025-09-03,CM,BSE,STK,540080,INE715T01031,DHATRE,X,,,,,Dhatre Udyog Limited,6.9,6.99,6.8,6.88,6.89,6.87,,6.88,,,72598,500347.0,279,F1,1,,,,,
2025-09-03,2025-09-03,CM,BSE,STK,540081,INE860T01019,SABEVENTS,T,,,,,Sab Events & Governance Now Me,6.74,6.74,6.72,6.72,6.72,6.44,,6.33,,,501,3366.0,2,F1,1,,,,,
2025-09-03,2025-09-03,CM,BSE,STK,540082,INE367U01013,RSTL,M,,,,,Riddhi Steel and Tube Limited,87.0,87.0,87.0,87.0,87.0,87.0,,87.0,,,10500,913500.0,1,F1,1500,,,,,
2025-09-03,2025-09-03,CM,BSE,STK,540083,INE871L01013,TVVISION,B,,,,,TV VISION LIMITED,6.24,6.34,6.01,6.27,6.3,6.07,,6.16,,,3353,20577.0,113,F1,1,,,,,
2025-09-03,2025-09-03,CM,BSE,STK,540097,INE890S01026,GAMCO,X,,,,,GAMCO LIMITED,38.89,39.36,37.21,38.84,39.36,37.1,,38.84,,,11693,446540.0,106,F1,1,,,,,
2025-09-03,2025-09-03,CM,BSE,STK,540108,INE864T01011,TIAANC,Z,,,,,TIAAN CONSUMER LIMITED,7.15,7.15,6.8,6.8,6.8,7.15,,6.8,,,1977,13506.0,25,F1,1,,,,,
2025-09-03,2025-09-03,CM,BSE,STK,540115,INE010V01017,LTTS,A,,,,,L&T Technology Services Limite,4246.95,4246.95,4182.0,4194.6,4194.6,4204.0,,4195.4,,,1301,5462943.0,284,F1,1,,,,,
2025-09-03,2025-09-03,CM,BSE,STK,540124,INE934S01014,GNA,B,,,,,G N A Axles Limited,314.4,320.0,314.1,316.6,317.6,314.4,,316.85,,,4590,1461979.0,154,F1,1,,,,,
2025-09-03,2025-09-03,CM,BSE,STK,540125,INE583V01021,RADHIKAJWE,B,,,,,Radhika Jeweltech Limited,94.51,94.51,92.55,93.19,93.5,92.86,,93.27,,,53458,4995529.0,655,F1,1,,,,,
2025-09-03,2025-09-03,CM,BSE,STK,540132,INE400R01018,SIIL,X,,,,,Sabrimala Industries India Lim,10.89,11.66,10.62,11.15,11.15,11.17,,11.15,,,2208,25375.0,15,F1,1,,,,,
2025-09-03,2025-09-03,CM,BSE,STK,540133,INE726G01019,ICICIPRULI,A,,,,,ICICI Prudential Life Insuranc,611.1,611.2,604.4,609.15,608.0,611.05,,609.35,,,12527,7609614.0,1189,F1,1,,,,,
2025-09-03,2025-09-03,CM,BSE,STK,540134,INE818R01011,IISL,X,,,,,ISHAAN INFRASTRUCTURE AND SHEL,7.32,7.88,6.76,7.72,7.72,7.25,,7.72,,,768,5832.0,22,F1,1,,,,,
2025-09-03,2025-09-03,CM,BSE,STK,540135,INE202R01026,ARCFIN,XT,,,,,ARC Finance Limited,0.83,0.83,0.82,0.82,0.82,0.83,,0.82,,,2016177,1660788.0,1640,F1,1,,,,,
2025-09-03,2025-09-03,CM,BSE,STK,540136,INE495S01016,HPL,B,,,,,HPL Electric & Power Limited,474.1,482.05,472.9,474.1,476.5,473.5,,473.9,,,13945,6653758.0,948,F1,1,,,,,
2025-09-03,2025-09-03,CM,BSE,STK,540143,INE184B01012,SAGARSOFT,X,,,,,Sagarsoft (India) Limited,147.4,147.4,138.0,141.45,141.5,136.75,,141.45,,,522,74697.0,13,F1,1,,,,,
2025-09-03,2025-09-03,CM,BSE,STK,540144,INE746V01016,DRA,M,,,,,DRA CONSULTANTS LIMITED,21.0,21.25,20.95,21.25,21.25,19.5,,21.25,,,15000,316125.0,6,F1,2500,,,,,
2025-09-03,2025-09-03,CM,BSE,STK,540145,INE565V01010,VALIANTORG,T,,,,,Valiant Organics Limited,341.85,347.7,336.5,340.0,340.0,340.15,,340.1,,,777,265908.0,19,F1,1,,,,,
2025-09-03,2025-09-03,CM,BSE,STK,540147,INE700V01021,SHASHIJIT,B,,,,,Shashijit Infraprojects Limite,5.9,5.9,5.4,5.74,5.73,5.61,,5.74,,,6627,36651.0,45,F1,1,,,,,
2025-09-03,2025-09-03,CM,BSE,STK,540153,INE913H01037,ENDURANCE,A,,,,,Endurance Technologies Limited,2957.95,2969.55,2891.15,2913.8,2898.0,2916.85,,2913.6,,,14324,41933549.0,1831,F1,1,,,,,
2025-09-03,2025-09-03,CM,BSE,STK,540159,INE905R01016,PURPLE,X,,,,,Purple Entertainment Limited,4.1,4.12,3.86,3.89,3.89,4.17,,3.89,,,1938,7830.0,10,F1,1,,,,,
2025-09-03,2025-09-03,CM,BSE,STK,540168,INE268T01015,SUPRAPFSL,X,,,,,Supra Pacific Financial Servic,31.3,31.74,30.6,31.14,31.3,30.99,,31.14,,,35069,1092512.0,110,F1,1,,,,,
2025-09-03,2025-09-03,CM,BSE,STK,540173,INE572E01012,PNBHOUSING,A,,,,,PNB Housing Finance Limited,787.0,796.0,784.95,791.95,792.0,785.95,,791.85,,,51736,40884529.0,2212,F1,1,,,,,
2025-09-03,2025-09-03,CM,BSE,STK,540174,INE298B01010,SOUTHERNIN,X,,,,,SOUTHERN INFOCONSULTANTS LIMIT,25.14,25.75,24.5,25.75,25.75,25.02,,25.75,,,459,11550.0,12,F1,1,,,,,
2025-09-03,2025-09-03,CM,BSE,STK,540175,INE964R01013,REGENCY,X,,,,,REGENCY FINCORP LIMITED,38.84,39.99,37.61,39.13,39.3,39.03,,39.13,,,402562,15756188.0,385,F1,1,,,,,
2025-09-03,2025-09-03,CM,BSE,STK,540180,INE200M01039,VBL,A,,,,,Varun Beverages Limited,497.2,509.3,497.2,505.15,505.15,499.2,,505.25,,,349156,176338060.0,5887,F1,1,,,,,
2025-09-03,2025-09-03,CM,BSE,STK,540181,INE894E01028,SALEM,XT,,,,,Salem Erode Investments Ltd.,39.71,41.89,39.71,41.46,41.89,39.9,,41.46,,,368,14977.0,14,F1,1,,,,,
2025-09-03,2025-09-03,CM,BSE,STK,540190,INE789R01022,FRANKLININD,X,,,,,Franklin Industries Limited,0.97,0.99,0.96,0.96,0.96,0.97,,0.96,,,27396487,26410997.0,3227,F1,1,,,,,
2025-09-03,2025-09-03,CM,BSE,STK,540192,INE341H01023,LKPSEC,X,,,,,LKP Securities Limited,19.0,19.73,19.0,19.68,19.68,18.92,,19.68,,,21574,418396.0,136,F1,1,,,,,
2025-09-03,2025-09-03,CM,BSE,STK,540198,INE186R01013,OSIAJEE,XT,,,,,OSIAJEE TEXFAB LIMITED,269.2,269.2,256.0,263.75,264.95,269.2,,263.75,,,3424,897921.0,85,F1,1,,,,,
2025-09-03,2025-09-03,CM,BSE,STK,540199,INE850R01014,CMBL,XT,,,,,Corporate Merchant Bankers Lim,134.8,134.8,134.8,134.8,134.8,132.2,,134.8,,,1,134.0,1,F1,1,,,,,
2025-09-03,2025-09-03,CM,BSE,STK,540203,INE916U01025,SFL,A,,,,,Sheela Foam Limited,735.05,743.25,725.25,727.65,725.25,738.7,,727.25,,,10922,7999479.0,632,F1,1,,,,,
2025-09-03,2025-09-03,CM,BSE,STK,540204,INE666Q01016,EIKO,X,,,,,EIKO LIFESCIENCES LIMITED,52.72,52.72,51.4,52.02,52.49,52.37,,52.02,,,9406,487053.0,39,F1,1,,,,,
2025-09-03,2025-09-03,CM,BSE,STK,540205,INE679V01027,AVL,A,,,,,Aditya Vision Limited,492.7,493.7,447.0,459.0,459.0,490.3,,459.25,,,6892181,3174562168.0,19843,F1,1,,,,,
2025-09-03,2025-09-03,CM,BSE,STK,540210,INE759V01019,HEADSUP,B,,,,,Heads UP Ventures Limited,10.6,10.75,10.55,10.7,10.7,10.5,,10.57,,,4830,51653.0,61,F1,1,,,,,
2025-09-03,2025-09-03,CM,BSE,STK,540212,INE586V01016,TCIEXP,B,,,,,TCI Express Limited,705.0,720.0,692.15,717.65,719.8,694.45,,717.1,,,1267,901534.0,168,F1,1,,,,,
2025-09-03,2025-09-03,CM,BSE,STK,540222,INE947Q01028,LAURUSLABS,A,,,,,Laurus Labs Limited,864.25,882.8,858.5,875.2,875.35,860.0,,874.7,,,105079,91616333.0,2353,F1,1,,,,,
2025-09-03,2025-09-03,CM,BSE,STK,540243,INE835U01027,NEWLIGHT,X,,,,,NEW LIGHT APPARELS LIMTED,1.92,1.92,1.77,1.85,1.85,1.83,,1.85,,,172973,320714.0,281,F1,1,,,,,
2025-09-03,2025-09-03,CM,BSE,STK,540252,INE607V01028,VSL,B,,,,,VEERAM SECURITIES LIMITED,8.33,8.33,8.03,8.16,8.1,8.14,,8.16,,,61454,498272.0,284,F1,1,,,,,
2025-09-03,2025-09-03,CM,BSE,STK,540254,INE245H01018,MTPL,XT,,,,,MARG TECHNO PROJECTS LIMITED,48.8,48.8,48.5,48.5,48.5,48.0,,48.5,,,2592,125796.0,16,F1,1,,,,,
2025-09-03,2025-09-03,CM,BSE,STK,540259,INE118R01032,SHANGAR,XT,,,,,SHANGAR DECOR LIMITED,0.41,0.41,0.41,0.41,0.41,0.43,,0.41,,,8324944,3413227.0,1293,F1,1,,,,,
2025-09-03,2025-09-03,CM,BSE,STK,540266,INE804Q01013,GLCL,Z,,,,,Globe Commercials Limited,31.98,31.99,29.4,31.99,31.99,30.47,,31.99,,,19503,618617.0,91,F1,1,,,,,
2025-09-03,2025-09-03,CM,BSE,STK,540267,INE318U01016,FLORACORP,XT,,,,,Flora Corporation Limited,9.6,9.6,9.13,9.13,9.13,9.61,,9.13,,,538,4912.0,11,F1,1,,,,,
2025-09-03,2025-09-03,CM,BSE,STK,540268,INE615R01029,TRU,T,,,,,TruCap Finance Limited,12.32,12.32,12.32,12.32,12.32,11.74,,12.35,,,151,1860.0,13,F1,1,,,,,
2025-09-03,2025-09-03,CM,BSE,STK,540293,INE726V01018,PRICOLLTD,A,,,,,Pricol Limited,473.05,496.8,473.05,490.2,490.2,476.35,,489.8,,,77090,37606230.0,3193,F1,1,,,,,
2025-09-03,2025-09-03,CM,BSE,STK,540310,INE181U01018,CFL,X,,,,,Classic Filaments Limited,23.94,24.27,22.11,23.85,23.85,23.94,,23.85,,,498,11418.0,36,F1,1,,,,,
2025-09-03,2025-09-03,CM,BSE,STK,540311,INE863T01013,JITFINFRA,B,,,,,JITF INFRALOGISTICS LIMITED,267.45,320.1,267.45,320.1,320.1,266.75,,320.6,,,57948,17505184.0,2265,F1,1,,,,,
2025-09-03,2025-09-03,CM,BSE,STK,540332,INE978V01015,TANVI,M,,,,,Tanvi Foods (India) Limited,89.9,89.9,89.9,89.9,89.9,87.9,,89.9,,,2000,179800.0,2,F1,1000,,,,,
2025-09-03,2025-09-03,CM,BSE,STK,540358,INE655V01019,RMC,M,,,,,RMC SWITCHGEARS LIMITED,790.0,809.0,700.0,764.4,764.9,791.45,,764.4,,,37000,28409943.0,253,F1,125,,,,,
2025-09-03,2025-09-03,CM,BSE,STK,540359,INE240T01014,PARMAX,X,,,,,Parmax Pharma Limited,35.14,35.31,35.14,35.31,35.31,35.31,,35.31,,,24,846.0,3,F1,1,,,,,
2025-09-03,2025-09-03,CM,BSE,STK,540360,INE715Q01029,LLFICL,X,,,,,LEADING LEASING FINANCE AND IN,5.79,6.14,5.25,6.07,6.07,5.56,,6.07,,,1064485,6272397.0,841,F1,1,,,,,
2025-09-03,2025-09-03,CM,BSE,STK,540361,INE575D01041,DANUBE,X,,,,,DANUBE INDUSTRIES LIMITED,5.0,5.19,4.7,4.89,4.97,5.06,,4.89,,,75508,372096.0,137,F1,1,,,,,
2025-09-03,2025-09-03,CM,BSE,STK,540366,INE919I01024,RADIOCITY,B,,,,,Music Broadcast Limited,9.38,9.38,8.4,8.56,8.53,8.59,,8.59,,,4924,42603.0,71,F1,1,,,,,
2025-09-03,2025-09-03,CM,BSE,STK,540376,INE192R01011,DMART,A,,,,,Avenue Supermarts Limited,4651.2,4770.0,4651.2,4756.8,4759.3,4679.6,,4758.5,,,6908,32650595.0,1757,F1,1,,,,,
2025-09-03,2025-09-03,CM,BSE,STK,540377,INE714U01024,IFL,T,,,,,IFL ENTERPRISES LIMITED,0.78,0.78,0.74,0.76,0.76,0.77,,0.76,,,6800861,5205142.0,2644,F1,1,,,,,
2025-09-03,2025-09-03,CM,BSE,STK,540386,INE989S01042,ONTIC,XT,,,,,Ontic Finserve Limited,0.72,0.73,0.7,0.7,0.72,0.72,,0.7,,,138402,97433.0,97,F1,1,,,,,
2025-09-03,2025-09-03,CM,BSE,STK,540393,INE017W01010,SMLT,B,,,,,Sarthak Metals Limited,106.3,107.25,102.9,104.95,105.0,106.0,,104.83,,,2476,258382.0,121,F1,1,,,,,
2025-09-03,2025-09-03,CM,BSE,STK,540395,INE298W01016,CHEMCRUX,B,,,,,Chemcrux Enterprises Limited,116.7,120.8,114.1,118.9,120.75,118.5,,118.9,,,7614,895544.0,409,F1,1,,,,,
2025-09-03,2025-09-03,CM,BSE,STK,540396,INE784W01015,MANOMAY,B,,,,,Manomay Tex India Limited,170.0,174.9,167.0,174.9,174.9,169.4,,166.42,,,602,100827.0,34,F1,1,,,,,
2025-09-03,2025-09-03,CM,BSE,STK,540401,INE544W01021,MAXIMUS,X,,,,,Maximus International Limited,11.61,11.73,11.28,11.56,11.68,11.61,,11.56,,,14329,165519.0,125,F1,1,,,,,
2025-09-03,2025-09-03,CM,BSE,STK,540403,INE201M01029,CLEDUCATE,B,,,,,CL Educate Limited,113.5,114.45,111.75,112.85,112.85,112.6,,112.38,,,1660,187785.0,53,F1,1,,,,,
2025-09-03,2025-09-03,CM,BSE,STK,540404,INE442V01012,PRIMEFRESH,B,,,,,PRIME FRESH LIMITED,221.25,240.0,221.0,226.6,224.35,225.5,,226.6,,,12508,2838892.0,261,F1,1,,,,,
2025-09-03,2025-09-03,CM,BSE,STK,540405,INE711V01010,OCEANIC,XT,,,,,Oceanic Foods Limited,76.2,77.5,73.0,74.35,76.0,75.83,,74.35,,,7265,545498.0,56,F1,1,,,,,
2025-09-03,2025-09-03,CM,BSE,STK,540425,INE274V01019,SHANKARA,B,,,,,Shankara Building Products Lim,1007.35,1031.65,994.05,1028.35,1028.35,1007.05,,1029.05,,,4111,4180381.0,413,F1,1,,,,,
2025-09-03,2025-09-03,CM,BSE,STK,540455,INE953W01016,ESCORP,T,,,,,Escorp Asset Management Limite,118.65,118.65,118.65,118.65,118.65,124.85,,118.65,,,670,79495.0,21,F1,1,,,,,
2025-09-03,2025-09-03,CM,BSE,STK,540467,INE808R01012,PARMSILK,X,,,,,PARMESHWARI SILK MILLS LIMITED,47.93,47.93,47.93,47.93,47.93,45.65,,47.93,,,5,239.0,1,F1,1,,,,,
2025-09-03,2025-09-03,CM,BSE,STK,540481,INE949C01016,CLFL,X,,,,,Classic Leasing & Finance Ltd.,34.12,35.8,34.12,35.8,35.8,35.9,,35.8,,,90,3141.0,3,F1,1,,,,,
2025-09-03,2025-09-03,CM,BSE,STK,540492,INE594W01042,STARLENT,B,,,,,STARLINEPS ENTERPRISES LIMITED,8.02,8.02,7.68,7.97,7.98,7.52,,7.97,,,487749,3835133.0,1263,F1,1,,,,,
2025-09-03,2025-09-03,CM,BSE,STK,540497,INE807K01035,SCHAND,B,,,,,S Chand And Company Limited,194.15,194.95,192.3,193.15,193.15,194.15,,193.77,,,531,102886.0,54,F1,1,,,,,
2025-09-03,2025-09-03,CM,BSE,STK,540515,INE453S01015,KANUNGO,X,,,,,KANUNGO FINANCIERS LIMITED,8.13,8.14,8.06,8.13,8.13,7.76,,8.13,,,81577,663238.0,32,F1,1,,,,,
2025-09-03,2025-09-03,CM,BSE,STK,540519,INE343X01018,MEERA,B,,,,,Meera Industries Limited,68.98,68.98,66.22,66.83,67.4,67.7,,66.83,,,18488,1241523.0,147,F1,1,,,,,
2025-09-03,2025-09-03,CM,BSE,STK,540526,INE183W23014,IRBINVIT,IF,,,,,IRB InvIT Fund,63.36,63.36,62.93,62.99,63.0,62.98,,63.0,,,29687,1871050.0,509,F1,1,,,,,
2025-09-03,2025-09-03,CM,BSE,STK,540530,INE031A01017,HUDCO,A,,,,,Housing &Urban Development Cor,216.15,218.45,215.7,216.45,216.45,216.5,,216.44,,,135515,29402118.0,2209,F1,1,,,,,
2025-09-03,2025-09-03,CM,BSE,STK,540544,INE488V01015,PSPPROJECT,B,,,,,PSP Projects Limited,707.9,729.0,700.1,721.55,722.85,702.7,,721.9,,,4755,3411087.0,456,F1,1,,,,,
2025-09-03,2025-09-03,CM,BSE,STK,540545,INE986W01016,BGJL,XT,,,,,Bhakti Gems And Jewellery Limi,20.02,20.82,19.4,20.6,20.5,20.12,,20.6,,,88503,1810074.0,177,F1,1,,,,,
2025-09-03,2025-09-03,CM,BSE,STK,540565,INE219X23014,INDIGRID,IF,,,,,IndiGrid Infrastructure Trust,164.3,166.48,164.3,165.31,165.35,164.48,,165.22,,,47736,7891096.0,584,F1,1,,,,,
2025-09-03,2025-09-03,CM,BSE,STK,540570,INE717F01028,VARIMAN,XT,,,,,VARIMAN GLOBAL ENTERPRISES LIM,13.47,13.75,12.86,13.0,13.0,13.47,,13.0,,,150382,1957822.0,267,F1,1,,,,,
2025-09-03,2025-09-03,CM,BSE,STK,540575,INE460H01021,STARCEMENT,A,,,,,Star Cement Limited,291.95,302.5,291.95,299.25,298.25,296.8,,298.75,,,43576,13025991.0,1522,F1,1,,,,,
2025-09-03,2025-09-03,CM,BSE,STK,540590,INE325X01015,RIDDHICORP,X,,,,,Riddhi Corporate Services Limi,69.55,70.93,69.21,70.02,69.35,71.85,,70.02,,,1866,130132.0,60,F1,1,,,,,
2025-09-03,2025-09-03,CM,BSE,STK,540595,INE010J01012,TEJASNET,A,,,,,Tejas Networks Limited,587.95,625.0,586.0,612.25,612.25,586.1,,612.4,,,226431,138978713.0,7138,F1,1,,,,,
2025-09-03,2025-09-03,CM,BSE,STK,540596,INE406M01024,ERIS,A,,,,,Eris Lifesciences Limited,1762.0,1785.6,1750.05,1780.75,1771.5,1771.2,,1779.9,,,2663,4705736.0,407,F1,1,,,,,
2025-09-03,2025-09-03,CM,BSE,STK,540597,INE319U01022,CONTAINER,XT,,,,,Containerway International Lim,27.27,27.28,27.27,27.28,27.28,26.75,,27.28,,,22566,615575.0,8,F1,1,,,,,
2025-09-03,2025-09-03,CM,BSE,STK,540602,INE869I01013,GTPL,B,,,,,GTPL Hathway Limited,116.1,118.75,116.1,118.3,118.3,115.6,,117.32,,,119,13943.0,20,F1,1,,,,,
2025-09-03,2025-09-03,CM,BSE,STK,540611,INE949L01017,AUBANK,A,,,,,AU Small Finance Bank Limited,710.2,716.05,710.0,714.25,714.25,708.9,,713.95,,,779008,555246809.0,4825,F1,1,,,,,
2025-09-03,2025-09-03,CM,BSE,STK,540612,INF109KC19U5,LOWVOLIETF,B,,,,,ICICI Prudential Nifty Low Vol,22.56,22.56,22.39,22.48,22.52,22.41,,22.48,,,8527,191400.0,53,F1,1,,,,,
2025-09-03,2025-09-03,CM,BSE,STK,540614,INE694X01030,GGENG,B,,,,,G G Engineering Limited,0.62,0.63,0.57,0.6,0.6,0.62,,0.6,,,16437667,10001888.0,2973,F1,1,,,,,
2025-09-03,2025-09-03,CM,BSE,STK,540615,INE413X01035,7NR,XT,,,,,7NR Retail Limited,5.05,5.2,4.85,5.2,5.2,4.96,,5.2,,,75369,381588.0,153,F1,1,,,,,
2025-09-03,2025-09-03,CM,BSE,STK,540642,INE170V01027,SALASAR,B,,,,,Salasar Techno Engineering Lim,7.56,7.85,7.56,7.81,7.85,7.56,,7.81,,,765798,5904574.0,1139,F1,1,,,,,
2025-09-03,2025-09-03,CM,BSE,STK,540647,INE335W01016,GANGESSECU,B,,,,,Ganges Securities Ltd.,165.5,165.5,161.0,161.0,161.0,159.3,,159.01,,,248,41039.0,2,F1,1,,,,,
2025-09-03,2025-09-03,CM,BSE,STK,540648,INE471W01019,PALASHSECU,B,,,,,Palash Securities Limited,118.5,125.7,117.1,123.95,123.95,119.1,,120.59,,,1046,125259.0,71,F1,1,,,,,
2025-09-03,2025-09-03,CM,BSE,STK,540649,INE349W01017,AVADHSUGAR,B,,,,,AVADH SUGAR & ENERGY LIMITED,454.95,464.5,444.75,452.2,452.2,444.7,,455.0,,,14464,6578424.0,668,F1,1,,,,,
2025-09-03,2025-09-03,CM,BSE,STK,540650,INE347W01011,MAGADSUGAR,B,,,,,Magadh Sugar & Energy Limited,568.2,583.25,563.5,575.0,574.0,562.65,,576.05,,,3035,1745385.0,207,F1,1,,,,,
2025-09-03,2025-09-03,CM,BSE,STK,540654,INE632W01016,GSTL,X,,,,,GlobalSpace Technologies Limit,16.0,16.45,16.0,16.39,16.39,16.24,,16.39,,,5872,95695.0,31,F1,1,,,,,
2025-09-03,2025-09-03,CM,BSE,STK,540669,INF789F1AUW9,UTINEXT50,B,,,,,UTI Mutual Fund,71.31,72.56,71.31,71.88,71.83,71.7,,72.17,,,24333,1745991.0,76,F1,1,,,,,
2025-09-03,2025-09-03,CM,BSE,STK,540673,INE285J01028,SIS,B,,,,,SIS LIMITED,366.0,374.95,364.9,372.85,374.95,364.1,,372.2,,,443,163455.0,73,F1,1,,,,,
2025-09-03,2025-09-03,CM,BSE,STK,540678,INE704P01025,COCHINSHIP,A,,,,,Cochin Shipyard Limited,1748.55,1768.0,1719.15,1736.7,1736.7,1738.65,,1738.1,,,75703,132325503.0,4006,F1,1,,,,,
2025-09-03,2025-09-03,CM,BSE,STK,540679,INE320X01016,SMSLIFE,B,,,,,SMS Lifesciences India Ltd,1140.0,1140.0,1099.3,1104.05,1104.05,1139.55,,1114.9,,,169,187672.0,49,F1,1,,,,,
2025-09-03,2025-09-03,CM,BSE,STK,540680,INE880L01014,KIOCL,A,,,,,KIOCL Limited,419.9,465.35,419.9,438.2,438.2,421.35,,437.4,,,429147,194492607.0,11968,F1,1,,,,,
2025-09-03,2025-09-03,CM,BSE,STK,540686,INE172E01011,SMRUTHIORG,X,,,,,Smruthi Organics Limited,112.0,115.0,109.75,112.3,113.85,113.0,,112.3,,,3296,368268.0,47,F1,1,,,,,
2025-09-03,2025-09-03,CM,BSE,STK,540691,INE674K01013,ABCAPITAL,A,,,,,Aditya Birla Capital Ltd,275.0,280.2,273.0,279.3,279.9,274.65,,279.25,,,67054,18563047.0,1189,F1,1,,,,,
2025-09-03,2025-09-03,CM,BSE,STK,540692,INE346W01013,APEX,B,,,,,Apex Frozen Foods Limited,221.0,222.8,219.5,222.3,222.7,219.55,,222.05,,,1351,298828.0,94,F1,1,,,,,
2025-09-03,2025-09-03,CM,BSE,STK,540693,INE145Y01023,SHISHIND,B,,,,,Shish Industries Limited,8.32,9.75,8.31,9.67,9.7,8.32,,9.67,,,1183639,10910592.0,1727,F1,1,,,,,
2025-09-03,2025-09-03,CM,BSE,STK,540694,INE236W01016,ANG,B,,,,,ANG Lifesciences India Limited,24.66,25.84,24.42,25.26,24.81,24.61,,25.26,,,10075,255742.0,101,F1,1,,,,,
2025-09-03,2025-09-03,CM,BSE,STK,540696,INE185U01035,KCDGROUP,XT,,,,,KCD INDUSTRIES INDIA LIMITED,9.5,9.5,9.13,9.31,9.39,9.15,,9.31,,,11618,107951.0,43,F1,1,,,,,
2025-09-03,2025-09-03,CM,BSE,STK,540699,INE935N01020,DIXON,A,,,,,Dixon Technologies (India) Lim,17649.95,17783.6,17480.05,17753.95,17770.0,17548.9,,17759.0,,,15695,277683027.0,4052,F1,1,,,,,
2025-09-03,2025-09-03,CM,BSE,STK,540700,INE727S01012,BRNL,B,,,,,Bharat Road Network Limited,19.7,20.41,19.7,20.16,20.06,20.01,,20.11,,,11654,235459.0,151,F1,1,,,,,
2025-09-03,2025-09-03,CM,BSE,STK,540701,INE385W01011,DCAL,T,,,,,Dishman Carbogen Amcis Limited,274.5,274.5,265.0,268.2,266.65,273.35,,267.65,,,18692,5005708.0,192,F1,1,,,,,
2025-09-03,2025-09-03,CM,BSE,STK,540702,INE670X01014,LASA,T,,,,,Lasa Supergenerics Limited,8.71,8.76,8.4,8.72,8.72,8.71,,8.74,,,8021,68268.0,47,F1,1,,,,,
2025-09-03,2025-09-03,CM,BSE,STK,540703,INE438C01010,PROCLB,XT,,,,,PRO CLB GLOBAL LIMITED,43.75,43.75,43.75,43.75,43.75,42.9,,43.75,,,4759,208206.0,15,F1,1,,,,,
2025-09-03,2025-09-03,CM,BSE,STK,540704,INE866R01028,MATRIMONY,B,,,,,Matrimony.com Limited,506.65,509.4,502.0,506.15,507.9,509.5,,506.75,,,812,411528.0,92,F1,1,,,,,
2025-09-03,2025-09-03,CM,BSE,STK,540709,INE217K01011,RHFL,T,,,,,Reliance Home Finance Limited,4.95,5.05,4.82,4.84,4.84,5.02,,4.85,,,708183,3469819.0,1085,F1,1,,,,,
2025-09-03,2025-09-03,CM,BSE,STK,540710,INE264T01014,CAPACITE,B,,,,,Capacit'e Infraprojects Limite,300.05,303.1,295.7,302.25,302.25,299.95,,301.85,,,35775,10736249.0,1177,F1,1,,,,,
2025-09-03,2025-09-03,CM,BSE,STK,540716,INE765G01017,ICICIGI,A,,,,,ICICI Lombard General Insuranc,1822.65,1839.95,1805.7,1825.65,1839.95,1822.2,,1822.0,,,4636,8425109.0,699,F1,1,,,,,
2025-09-03,2025-09-03,CM,BSE,STK,540717,INE689M01025,PQIF,B,,,,,Polo Queen Industrial and Fint,50.55,50.55,48.5,48.87,48.89,49.22,,48.87,,,17199,845074.0,273,F1,1,,,,,
2025-09-03,2025-09-03,CM,BSE,STK,540718,INE777X01017,AAYUSHBULL,M,,,,,AAYUSH ART AND BULLION LIMITED,972.25,983.1,958.0,980.65,981.0,976.2,,980.65,,,31000,30295087.0,107,F1,250,,,,,
2025-09-03,2025-09-03,CM,BSE,STK,540719,INE123W01016,SBILIFE,A,,,,,SBI Life Insurance Company Lim,1802.05,1814.4,1798.0,1810.55,1808.35,1814.8,,1810.7,,,7815,14117784.0,1227,F1,1,,,,,
2025-09-03,2025-09-03,CM,BSE,STK,540724,INE393P01035,DIAMONDYD,B,,,,,Prataap Snacks Limited,931.05,991.0,914.9,984.45,984.45,957.55,,986.25,,,146931,142333405.0,5674,F1,1,,,,,
2025-09-03,2025-09-03,CM,BSE,STK,540725,INE932X01026,SHAREINDIA,A,,,,,Share India Securities Limited,151.45,153.35,149.95,151.2,152.9,151.1,,151.12,,,8943,1353462.0,264,F1,1,,,,,
2025-09-03,2025-09-03,CM,BSE,STK,540726,INE071Y01013,TTFL,T,,,,,Trident Texofab Limited,249.55,249.7,243.0,244.25,244.0,249.55,,244.25,,,10241,2522789.0,86,F1,1,,,,,
2025-09-03,2025-09-03,CM,BSE,STK,540727,INE973X01012,POOJA,B,,,,,Poojawestern Metaliks Limited,27.5,29.35,27.5,29.03,29.03,28.03,,29.03,,,11861,338389.0,115,F1,1,,,,,
2025-09-03,2025-09-03,CM,BSE,STK,540728,INE327G01032,SAYAJIIND,X,,,,,Sayaji Industries Limited,314.4,314.4,300.2,300.5,300.5,315.95,,300.5,,,318,96277.0,24,F1,1,,,,,
2025-09-03,2025-09-03,CM,BSE,STK,540729,INE695X01011,VANTABIO,MT,,,,,Vanta Bioscience Limited,22.03,22.03,22.03,22.03,22.03,23.18,,22.03,,,750,16522.0,1,F1,750,,,,,
2025-09-03,2025-09-03,CM,BSE,STK,540730,INE062Y01020,MEHAI,X,,,,,Mehai Technology  Limited,15.35,15.8,14.6,15.27,15.27,15.24,,15.27,,,793501,11980923.0,656,F1,1,,,,,
2025-09-03,2025-09-03,CM,BSE,STK,540735,INE864K01010,IRIS,T,,,,,IRIS Business Services Limited,350.0,358.0,341.5,342.55,347.0,353.0,,343.45,,,2713,947117.0,69,F1,1,,,,,
2025-09-03,2025-09-03,CM,BSE,STK,540737,INE414Y01015,SGRL,B,,,,,Shree Ganesh Remedies Limited,581.5,601.95,581.5,593.4,590.25,592.2,,593.4,,,1385,821238.0,130,F1,1,,,,,
2025-09-03,2025-09-03,CM,BSE,STK,540738,INE402Y01028,STL,B,,,,,Shreeji Translogistics Limited,12.8,12.8,11.6,12.45,12.5,12.28,,12.45,,,54537,667892.0,239,F1,1,,,,,
2025-09-03,2025-09-03,CM,BSE,STK,540743,INE850D01014,GODREJAGRO,A,,,,,Godrej Agrovet Limited,746.35,746.35,723.3,736.55,739.0,747.6,,736.9,,,23524,17190207.0,1568,F1,1,,,,,
2025-09-03,2025-09-03,CM,BSE,STK,540749,INE348L01012,MASFIN,B,,,,,MAS Financial Services Limited,315.05,316.9,308.65,312.75,313.0,306.45,,312.5,,,6661,2086052.0,322,F1,1,,,,,
2025-09-03,2025-09-03,CM,BSE,STK,540750,INE022Q01020,IEX,A,,,,,Indian Energy Exchange Limited,141.0,142.3,140.5,142.0,142.0,141.15,,142.07,,,151985,21485786.0,1201,F1,1,,,,,
2025-09-03,2025-09-03,CM,BSE,STK,540755,INE481Y01014,GICRE,A,,,,,General Insurance Corporation,374.35,376.15,370.15,372.5,373.8,371.15,,372.5,,,90609,33732690.0,2372,F1,1,,,,,
2025-09-03,2025-09-03,CM,BSE,STK,540756,INE282Y01016,KAARYAFSL,MT,,,,,Kaarya Facilities and Services,12.73,12.75,12.73,12.75,12.75,13.39,,12.75,,,24000,305640.0,4,F1,6000,,,,,
2025-09-03,2025-09-03,CM,BSE,STK,540757,INE501Y01019,SCPL,B,,,,,SHEETAL COOL PRODUCTS LIMITED,247.7,278.8,247.7,265.85,265.6,250.0,,265.48,,,7705,2064838.0,494,F1,1,,,,,
2025-09-03,2025-09-03,CM,BSE,STK,540762,INE974X01010,TIINDIA,A,,,,,Tube Investments of India Ltd,3056.0,3075.45,2993.95,3040.8,3052.0,3045.25,,3043.7,,,7914,24054453.0,1036,F1,1,,,,,
2025-09-03,2025-09-03,CM,BSE,STK,540767,INE298J01013,NAM-INDIA,A,,,,,NIPPON LIFE INDIA ASSET MANAGE,795.35,819.1,794.65,816.2,816.2,790.7,,816.15,,,57312,46393145.0,3678,F1,1,,,,,
2025-09-03,2025-09-03,CM,BSE,STK,540768,INE766P01016,MAHLOG,B,,,,,Mahindra Logistics Limited,321.05,323.15,318.8,319.9,322.5,320.95,,319.9,,,3104,997303.0,159,F1,1,,,,,
2025-09-03,2025-09-03,CM,BSE,STK,540769,INE470Y01017,NIACL,A,,,,,The New India Assurance Compan,192.9,203.6,192.9,199.95,199.95,192.9,,200.01,,,239752,47578688.0,3057,F1,1,,,,,
2025-09-03,2025-09-03,CM,BSE,STK,540774,INE133Y01011,IFGLEXPOR,B,,,,,IFGL Refractories Limited,237.0,258.0,237.0,248.15,251.0,238.45,,248.7,,,6875,1720991.0,665,F1,1,,,,,
2025-09-03,2025-09-03,CM,BSE,STK,540775,INE834I01025,KHADIM,B,,,,,Khadim India Limited,234.95,238.95,234.6,237.75,238.95,232.75,,237.59,,,741,174795.0,94,F1,1,,,,,
2025-09-03,2025-09-03,CM,BSE,STK,540776,INE618L01018,5PAISA,B,,,,,5paisa Capital Limited,362.8,370.3,361.05,363.3,365.0,362.8,,362.7,,,3222,1178042.0,307,F1,1,,,,,
2025-09-03,2025-09-03,CM,BSE,STK,540777,INE795G01014,HDFCLIFE,A,,,,,HDFC LIFE INSURANCE COMPANY LI,781.1,784.7,770.8,776.85,777.5,781.8,,776.45,,,24868,19274578.0,1815,F1,1,,,,,
2025-09-03,2025-09-03,CM,BSE,STK,540786,INE669Y01022,SHARIKA,B,,,,,SHARIKA ENTERPRISES LIMITED,16.9,17.86,16.5,17.86,17.86,14.89,,17.86,,,524889,9120559.0,1468,F1,1,,,,,
2025-09-03,2025-09-03,CM,BSE,STK,540787,INF109KB15Y7,ICICIB22,A,,,,,ICICI Prudential Mutual Fund,106.52,108.07,106.52,107.93,107.93,106.99,,107.98,,,57159,6152742.0,340,F1,1,,,,,
2025-09-03,2025-09-03,CM,BSE,STK,540788,INE500C01017,ASPIRA,XT,,,,,Aspira Pathlab & Diagnostics L,62.31,63.9,58.11,63.87,63.88,61.09,,63.87,,,164,10344.0,9,F1,1,,,,,
2025-09-03,2025-09-03,CM,BSE,STK,540789,INE016M01021,DNAMEDIA,B,,,,,Diligent Media Corporation Lim,4.58,4.74,4.5,4.64,4.7,4.63,,4.65,,,33295,154370.0,60,F1,1,,,,,
2025-09-03,2025-09-03,CM,BSE,STK,540795,INE600Y01019,DYCL,B,,,,,Dynamic Cables Limited,433.0,441.0,426.4,432.45,432.45,431.8,,432.5,,,16449,7133126.0,757,F1,1,,,,,
2025-09-03,2025-09-03,CM,BSE,STK,540796,INE821Y01011,RATNABHUMI,T,,,,,Ratnabhumi Developers Limited,187.4,187.4,187.0,187.0,187.0,178.5,,187.0,,,83,15523.0,7,F1,1,,,,,
2025-09-03,2025-09-03,CM,BSE,STK,540797,INE597J01018,SHALBY,B,,,,,Shalby Limited,198.55,200.0,195.4,196.1,197.25,197.4,,196.85,,,3377,666702.0,238,F1,1,,,,,
2025-09-03,2025-09-03,CM,BSE,STK,540798,INE935Q01015,FSC,Z,,,,,Future Supply Chain Solutions,2.25,2.36,2.23,2.3,2.3,2.25,,2.3,,,114175,268046.0,59,F1,1,,,,,
2025-09-03,2025-09-03,CM,BSE,STK,540809,INE333Y01017,MRCAGRO,T,,,,,MRC AGROTECH LIMITED,34.49,35.16,33.14,35.16,35.16,33.49,,35.16,,,198416,6910104.0,221,F1,1,,,,,
2025-09-03,2025-09-03,CM,BSE,STK,540821,INE994R01028,CRYSTAL,X,,,,,CRYSTAL BUSINESS SYSTEM LIMITE,2.17,2.22,2.03,2.19,2.19,2.13,,2.19,,,32708,70376.0,168,F1,1,,,,,
2025-09-03,2025-09-03,CM,BSE,STK,540824,INE646X01014,ASTRON,B,,,,,Astron Paper & Board Mill Limi,17.78,18.07,17.75,18.07,18.07,16.43,,18.07,,,60680,1092679.0,136,F1,1,,,,,
2025-09-03,2025-09-03,CM,BSE,STK,540829,INE371F01024,CHANDRIMA,X,,,,,Chandrima Mercantiles limited,4.98,5.05,4.9,5.01,4.93,4.92,,5.01,,,102471,508793.0,116,F1,1,,,,,
2025-09-03,2025-09-03,CM,BSE,STK,540874,INE454F01010,7SEASL,X,,,,,7SEAS ENTERTAINMENT LIMITED,71.99,85.9,71.99,84.3,84.3,71.89,,84.3,,,297223,23260394.0,637,F1,1,,,,,
2025-09-03,2025-09-03,CM,BSE,STK,540879,INE713T01028,APOLLO,A,,,,,Apollo Micro Systems Limited,293.35,306.6,286.55,303.6,303.6,292.2,,303.6,,,4273017,1274700081.0,41116,F1,1,,,,,
2025-09-03,2025-09-03,CM,BSE,STK,540900,INE619B01017,NEWGEN,A,,,,,Newgen Software Technologies L,895.0,922.0,880.95,903.95,906.8,892.25,,904.3,,,83919,75909790.0,3802,F1,1,,,,,
2025-09-03,2025-09-03,CM,BSE,STK,540901,INE546Y01022,PRAXIS,T,,,,,Praxis Home Retail Limited,13.79,13.79,13.79,13.79,13.79,14.07,,13.79,,,54808,755802.0,12,F1,1,,,,,
2025-09-03,2025-09-03,CM,BSE,STK,540902,INE371P01015,AMBER,A,,,,,Amber Enterprises India Limite,7674.65,7723.3,7580.0,7638.95,7650.0,7641.85,,7641.5,,,6755,51701345.0,1653,F1,1,,,,,
2025-09-03,2025-09-03,CM,BSE,STK,540904,INE115G01015,TIRUFOAM,X,,,,,TIRUPATI FOAM LIMITED,85.51,89.28,85.51,89.28,89.28,85.03,,89.28,,,284,24299.0,7,F1,1,,,,,
2025-09-03,2025-09-03,CM,BSE,STK,540914,INE425C01017,SRUSTEELS,XT,,,,,SRU Steels Limited,5.14,5.28,5.01,5.27,5.27,5.03,,5.27,,,163357,852920.0,160,F1,1,,,,,
2025-09-03,2025-09-03,CM,BSE,STK,540923,INE760Y01011,ASHOKAMET,B,,,,,Ashoka Metcast Limited,16.4,16.73,16.29,16.46,16.56,16.4,,16.47,,,2099,34799.0,54,F1,1,,,,,
2025-09-03,2025-09-03,CM,BSE,STK,540935,INE600K01018,GALAXYSURF,A,,,,,Galaxy Surfactants Limited,2334.2,2334.2,2299.6,2306.1,2303.15,2320.3,,2307.2,,,361,833458.0,66,F1,1,,,,,
2025-09-03,2025-09-03,CM,BSE,STK,540936,INE063Z01017,GGL,B,,,,,Gautam Gems Limited,4.5,4.51,4.3,4.44,4.48,4.49,,4.44,,,17483,77762.0,75,F1,1,,,,,
2025-09-03,2025-09-03,CM,BSE,STK,540937,INE630Y01024,MEDICO,B,,,,,MEDICO REMEDIES LIMITED,39.5,40.6,39.46,40.58,40.06,39.05,,40.38,,,1151,45953.0,80,F1,1,,,,,
2025-09-03,2025-09-03,CM,BSE,STK,540938,INE578V01013,GUJHYSPIN,M,,,,,Gujarat Hy-Spin Limited,24.9,26.1,24.65,25.0,25.0,25.0,,25.0,,,80000,2006200.0,16,F1,5000,,,,,
2025-09-03,2025-09-03,CM,BSE,STK,540952,INE740X01023,LAL,T,,,,,LORENZINI APPARELS LIMITED,10.47,10.98,10.1,10.27,10.27,10.47,,10.53,,,4657,47480.0,23,F1,1,,,,,
2025-09-03,2025-09-03,CM,BSE,STK,540953,INE923Y01023,KENVI,B,,,,,Kenvi Jewels Limited,3.04,3.06,3.0,3.04,3.04,3.04,,3.04,,,45100,136998.0,176,F1,1,,,,,
2025-09-03,2025-09-03,CM,BSE,STK,540954,INE586E01020,IWP,XT,,,,,The Indian Wood Products Co. L,39.28,39.59,37.63,38.52,38.52,38.51,,38.52,,,7291,280642.0,158,F1,1,,,,,
2025-09-03,2025-09-03,CM,BSE,STK,540955,INE773Y01014,TDSL,T,,,,,Tasty Dairy Specialities Limit,8.48,8.48,7.8,8.41,8.45,8.14,,8.41,,,8149,66163.0,70,F1,1,,,,,
2025-09-03,2025-09-03,CM,BSE,STK,540956,INE341Z01025,BHATIA,B,,,,,Bhatia Communications & Retail,29.41,29.41,28.51,28.79,28.88,29.04,,28.79,,,44601,1285360.0,269,F1,1,,,,,
2025-09-03,2025-09-03,CM,BSE,STK,540961,INE644Y01017,SHIVAMILLS,B,,,,,Shiva Mills Limited,71.66,72.99,71.0,72.87,72.99,71.66,,72.33,,,172,12472.0,21,F1,1,,,,,
2025-09-03,2025-09-03,CM,BSE,STK,540975,INE914M01019,ASTERDM,A,,,,,Aster DM Healthcare Limited,632.95,632.95,614.0,620.0,620.5,632.9,,620.15,,,40587,25112822.0,2421,F1,1,,,,,
2025-09-03,2025-09-03,CM,BSE,STK,540980,INE868X01014,YSL,X,,,,,The Yamuna Syndicate Ltd,38000.0,38000.0,37500.0,37500.0,37500.0,37160.0,,37500.0,,,4,150500.0,4,F1,1,,,,,
2025-09-03,2025-09-03,CM,BSE,STK,541005,INE398L01017,KANCOTEA,X,,,,,KANCO TEA & INDUSTRIES LIMITED,67.7,68.95,66.11,67.0,67.0,68.55,,67.0,,,250,16894.0,22,F1,1,,,,,
2025-09-03,2025-09-03,CM,BSE,STK,541019,INE926X01010,HGINFRA,A,,,,,H.G. Infra Engineering Limited,980.95,1008.55,980.95,997.2,1000.5,998.35,,996.2,,,6956,6965648.0,762,F1,1,,,,,
2025-09-03,2025-09-03,CM,BSE,STK,541083,INE464Z01017,INFLAME,M,,,,,Inflame Appliances Limited,223.0,227.05,220.0,227.05,227.05,216.25,,227.05,,,37750,8535912.0,106,F1,250,,,,,
2025-09-03,2025-09-03,CM,BSE,STK,541096,INE365Y01019,BPLPHARMA,X,,,,,Bharat Parenterals Limited,1335.65,1369.7,1335.0,1355.0,1355.0,1329.05,,1355.0,,,1004,1363690.0,54,F1,1,,,,,
2025-09-03,2025-09-03,CM,BSE,STK,541097,INF740KA1EU7,LIQUIDETF,F,,,,,DSP BlackRock Mutual Fund,1000.0,1000.01,999.99,999.99,1000.0,1000.0,,1000.0,,,6212,6211964.0,27,F1,1,,,,,
2025-09-03,2025-09-03,CM,BSE,STK,541143,INE171Z01026,BDL,A,,,,,Bharat Dynamics Limited,1479.1,1482.45,1455.8,1463.95,1463.95,1471.05,,1464.7,,,43992,64528268.0,1856,F1,1,,,,,
2025-09-03,2025-09-03,CM,BSE,STK,541144,INE380Z01015,ACTIVE,T,,,,,Active Clothing Co  Limited,143.7,143.7,136.25,141.6,141.55,138.45,,141.6,,,2103,293497.0,27,F1,1,,,,,
2025-09-03,2025-09-03,CM,BSE,STK,541152,INE705X01026,GOYALALUM,B,,,,,GOYAL ALUMINIUMS LIMITED,7.47,7.64,7.36,7.45,7.45,7.47,,7.5,,,12356,92491.0,170,F1,1,,,,,
2025-09-03,2025-09-03,CM,BSE,STK,541153,INE545U01014,BANDHANBNK,A,,,,,Bandhan Bank Limited,162.05,165.45,162.0,164.6,164.6,162.05,,164.71,,,239681,39413796.0,2855,F1,1,,,,,
2025-09-03,2025-09-03,CM,BSE,STK,541154,INE066F01020,HAL,A,,,,,Hindustan Aeronautics Limited,4487.95,4487.95,4427.1,4450.9,4450.9,4449.5,,4451.0,,,86573,384849426.0,6230,F1,1,,,,,
2025-09-03,2025-09-03,CM,BSE,STK,541161,INE278R01034,DHARAN,T,,,,,DHARAN INFRA-EPC LIMITED,0.47,0.47,0.47,0.47,0.47,0.47,,0.47,,,7448597,3500840.0,496,F1,1,,,,,
2025-09-03,2025-09-03,CM,BSE,STK,541163,INE278H01035,SANDHAR,B,,,,,Sandhar Technologies Limited,459.3,470.95,454.2,469.25,470.95,450.2,,469.45,,,8972,4184597.0,438,F1,1,,,,,
2025-09-03,2025-09-03,CM,BSE,STK,541167,INE616Z01012,YASHO,B,,,,,YASHO INDUSTRIES LIMITED,1899.95,1899.95,1769.25,1778.1,1785.05,1765.7,,1773.2,,,487,866459.0,110,F1,1,,,,,
2025-09-03,2025-09-03,CM,BSE,STK,541195,INE099Z01011,MIDHANI,A,,,,,Mishra Dhatu Nigam Limited,383.95,391.9,378.35,390.6,390.6,379.2,,390.85,,,35968,13949648.0,1427,F1,1,,,,,
2025-09-03,2025-09-03,CM,BSE,STK,541206,INE426Z01016,OBCL,B,,,,,Orissa Bengal Carrier Limited,56.0,57.0,56.0,57.0,57.0,55.0,,56.85,,,227,12760.0,9,F1,1,,,,,
2025-09-03,2025-09-03,CM,BSE,STK,541228,INE459Z01017,TRL,B,,,,,Taylormade Renewables Limited,200.0,216.0,196.05,215.3,216.0,196.4,,215.3,,,30435,6429410.0,803,F1,1,,,,,
2025-09-03,2025-09-03,CM,BSE,STK,541233,INE970X01018,LEMONTREE,A,,,,,Lemon Tree Hotels Limited,166.2,171.9,165.15,169.65,169.7,165.25,,169.71,,,378289,63985966.0,4366,F1,1,,,,,
2025-09-03,2025-09-03,CM,BSE,STK,541269,INE783X01023,CHEMFAB,B,,,,,Chemfab Alkalis Ltd,676.5,686.5,672.9,679.0,679.0,676.5,,679.35,,,761,517922.0,94,F1,1,,,,,
2025-09-03,2025-09-03,CM,BSE,STK,541276,INE626Z01029,HARDWYN,B,,,,,HARDWYN INDIA LIMITED,13.75,13.75,13.02,13.4,13.41,13.42,,13.41,,,47602,633190.0,225,F1,1,,,,,
2025-09-03,2025-09-03,CM,BSE,STK,541299,INE871Z01013,DLCL,MT,,,,,DR LALCHANDANI LABS LIMITED,27.45,28.7,25.99,25.99,25.99,27.35,,25.99,,,48000,1270320.0,8,F1,4000,,,,,
2025-09-03,2025-09-03,CM,BSE,STK,541301,INE142Z01019,ORIENTELEC,A,,,,,Orient Electric Limited,213.3,216.2,212.45,215.55,215.85,212.5,,215.51,,,2637,565777.0,142,F1,1,,,,,
2025-09-03,2025-09-03,CM,BSE,STK,541302,INE506Z01015,DHRUV,T,,,,,Dhruv Consultancy Services Lim,60.0,60.9,59.1,60.9,60.9,59.86,,59.5,,,771,46501.0,11,F1,1,,,,,
2025-09-03,2025-09-03,CM,BSE,STK,541303,INE256Z01025,AKSHAR,B,,,,,Akshar Spintex Limited,0.56,0.58,0.56,0.57,0.57,0.57,,0.56,,,688254,389303.0,237,F1,1,,,,,
2025-09-03,2025-09-03,CM,BSE,STK,541304,INE250Z01010,INDOUS,B,,,,,Indo US Bio-Tech Limited,153.8,153.8,145.0,145.75,145.45,147.0,,145.71,,,4122,607976.0,156,F1,1,,,,,
2025-09-03,2025-09-03,CM,BSE,STK,541313,INF109KC1V59,BSE500IETF,A,,,,,ICICI Prudential BSE 500 ETF,38.46,38.54,38.35,38.52,38.52,38.47,,38.53,,,64651,2489497.0,367,F1,1,,,,,
2025-09-03,2025-09-03,CM,BSE,STK,541336,INE896L01010,INDOSTAR,B,,,,,IndoStar Capital Finance Limit,258.05,268.9,256.8,261.4,260.0,260.55,,261.95,,,10175,2659916.0,311,F1,1,,,,,
2025-09-03,2025-09-03,CM,BSE,STK,541337,INE424Z01011,MILEFUR,MT,,,,,Milestone Furniture Limited,12.37,12.37,12.37,12.37,12.37,12.13,,12.37,,,129000,1595730.0,25,F1,3000,,,,,
2025-09-03,2025-09-03,CM,BSE,STK,541338,INE556Z01010,UHZAVERI,T,,,,,U. H. ZAVERI LIMITED,16.56,16.56,16.3,16.56,16.56,16.24,,16.56,,,11963,198049.0,27,F1,1,,,,,
2025-09-03,2025-09-03,CM,BSE,STK,541347,INE295Z01015,PARVATI,X,,,,,Parvati Sweetners and Power Lt,7.78,7.78,7.32,7.39,7.32,7.44,,7.39,,,19095,143745.0,133,F1,1,,,,,
2025-09-03,2025-09-03,CM,BSE,STK,541352,INE00EM01016,MEGASTAR,B,,,,,Megastar Foods Limited,233.35,233.35,230.85,230.85,230.85,228.45,,231.0,,,7,1620.0,2,F1,1,,,,,
2025-09-03,2025-09-03,CM,BSE,STK,541353,INE870Z01015,INNOVATORS,M,,,,,Innovators Facade Systems Limi,187.9,187.9,181.55,184.0,184.0,186.25,,184.0,,,11200,2067000.0,14,F1,800,,,,,
2025-09-03,2025-09-03,CM,BSE,STK,541358,INE926R01012,UCIL,X,,,,,UNIFINZ CAPITAL INDIA LIMITED,589.0,589.0,565.55,567.1,567.1,589.0,,567.1,,,902,514661.0,24,F1,1,,,,,
2025-09-03,2025-09-03,CM,BSE,STK,541400,INE518E01015,ZIMLAB,B,,,,,ZIM Laboratories Limited,76.15,77.52,75.3,75.74,75.38,76.0,,75.66,,,6911,527611.0,127,F1,1,,,,,
2025-09-03,2025-09-03,CM,BSE,STK,541402,INE692Z01013,AFFORDABLE,B,,,,,Affordable Robotic & Automatio,285.0,285.0,266.05,270.4,270.4,278.8,,270.85,,,8434,2301002.0,336,F1,1,,,,,
2025-09-03,2025-09-03,CM,BSE,STK,541403,INE325C01035,DOLLAR,B,,,,,Dollar Industries Limited,359.9,362.0,356.45,358.85,358.85,359.9,,359.05,,,1572,565424.0,133,F1,1,,,,,
2025-09-03,2025-09-03,CM,BSE,STK,541418,INE236Y01012,NGIL,B,,,,,NAKODA GROUP OF INDUSTRIES LIM,31.7,32.0,30.47,31.92,31.94,30.47,,31.86,,,35588,1133493.0,105,F1,1,,,,,
2025-09-03,2025-09-03,CM,BSE,STK,541444,INE838Z01012,PALMJEWELS,B,,,,,Palm Jewels Limited,25.7,26.75,25.53,26.0,26.0,26.27,,26.0,,,11343,296756.0,87,F1,1,,,,,
2025-09-03,2025-09-03,CM,BSE,STK,541445,INE799N01012,WAA,M,,,,,Waa Solar Limited,66.33,67.99,66.05,67.12,66.25,66.5,,67.12,,,8800,586760.0,11,F1,800,,,,,
2025-09-03,2025-09-03,CM,BSE,STK,541450,INE364U01010,ADANIGREEN,A,,,,,Adani Green Energy Limited,933.0,939.6,931.3,936.0,936.0,934.25,,935.75,,,98660,92263390.0,4370,F1,1,,,,,
2025-09-03,2025-09-03,CM,BSE,STK,541540,INE624Z01016,SOLARA,A,,,,,SOLARA ACTIVE PHARMA SCIENCES,632.05,688.9,632.05,677.85,677.85,632.1,,676.0,,,55401,37011615.0,3554,F1,1,,,,,
2025-09-03,2025-09-03,CM,BSE,STK,541546,INE287Z01012,GAYAHWS,T,,,,,GAYATRI HIGHWAYS LTD,2.01,2.02,1.91,1.95,1.92,1.93,,1.94,,,501042,992997.0,367,F1,1,,,,,
2025-09-03,2025-09-03,CM,BSE,STK,541556,INE320J01015,RITES,A,,,,,RITES Limited,264.0,266.25,261.1,262.55,262.2,264.1,,262.64,,,35616,9385277.0,679,F1,1,,,,,
2025-09-03,2025-09-03,CM,BSE,STK,541557,INE686Y01026,FINEORG,A,,,,,Fine Organic Industries Limite,4709.15,4888.7,4709.15,4857.45,4888.7,4786.2,,4863.5,,,4888,23736672.0,1220,F1,1,,,,,
2025-09-03,2025-09-03,CM,BSE,STK,541578,INE665L01035,VARROC,A,,,,,Varroc Engineering Limited,564.2,576.3,562.6,571.85,571.85,564.85,,572.45,,,7885,4497786.0,503,F1,1,,,,,
2025-09-03,2025-09-03,CM,BSE,STK,541601,INE685Z01033,RAJNISH,B,,,,,Rajnish Wellness Limited,1.04,1.06,0.93,0.94,0.94,1.03,,0.94,,,29385810,28581380.0,3865,F1,1,,,,,
2025-09-03,2025-09-03,CM,BSE,STK,541627,INE173V01013,GUJWIND,X,,,,,Gujarat Winding Systems Limite,6.64,6.99,6.64,6.94,6.94,6.85,,6.94,,,4256,29177.0,29,F1,1,,,,,
2025-09-03,2025-09-03,CM,BSE,STK,541634,INE960Z01014,RAWEDGE,B,,,,,Raw Edge Industrial Solutions,27.32,30.9,24.63,29.45,30.3,26.18,,29.45,,,67410,1880997.0,451,F1,1,,,,,
2025-09-03,2025-09-03,CM,BSE,STK,541702,INE694W01024,ASHNI,X,,,,,Ashnisha Industries Limited,2.95,3.0,2.92,2.96,2.97,2.95,,2.96,,,115040,338962.0,210,F1,1,,,,,
2025-09-03,2025-09-03,CM,BSE,STK,541703,INE00WY01013,RACONTEUR,M,,,,,RACONTEUR GLOBAL RESOURCES LIM,13.45,13.57,13.0,13.0,13.0,12.93,,13.0,,,6400,84832.0,4,F1,1600,,,,,
2025-09-03,2025-09-03,CM,BSE,STK,541729,INE127D01025,HDFCAMC,A,,,,,HDFC Asset Management Company,5520.4,5639.95,5520.4,5598.25,5598.25,5531.6,,5597.5,,,6455,36165650.0,1401,F1,1,,,,,
2025-09-03,2025-09-03,CM,BSE,STK,541735,INE299W01022,VIVANTA,X,,,,,Vivanta Industries Limited,2.5,2.59,2.5,2.56,2.56,2.56,,2.56,,,185131,471502.0,383,F1,1,,,,,
2025-09-03,2025-09-03,CM,BSE,STK,541741,INE401Z01019,FRATELLI,B,,,,,Fratelli Vineyards Limited,108.65,108.65,102.85,104.5,103.9,108.25,,104.5,,,20582,2157870.0,210,F1,1,,,,,
2025-09-03,2025-09-03,CM,BSE,STK,541770,INE741K01010,CREDITACC,A,,,,,CreditAccess Grameen Ltd.,1409.95,1409.95,1372.2,1383.45,1376.0,1387.75,,1382.4,,,6222,8634535.0,642,F1,1,,,,,
2025-09-03,2025-09-03,CM,BSE,STK,541771,INE572Z01017,AMINTAN,X,,,,,AMIN TANNERY LIMITED,2.09,2.09,2.05,2.06,2.06,2.03,,2.06,,,9366,19379.0,56,F1,1,,,,,
2025-09-03,2025-09-03,CM,BSE,STK,541778,INE00IY01012,DEEP,T,,,,,Deep Polymers Limited,51.8,51.8,50.0,51.49,51.49,50.5,,51.49,,,2459,125147.0,33,F1,1,,,,,
2025-09-03,2025-09-03,CM,BSE,STK,541809,INF109KC1NS5,NEXT50IETF,B,,,,,ICICI Prudential Mutual Fund,70.44,71.1,69.95,70.75,70.8,70.4,,70.75,,,10874,769191.0,158,F1,1,,,,,
2025-09-03,2025-09-03,CM,BSE,STK,541865,INE01B501018,ASRL,B,,,,,Add-Shop E-Retail Limited,9.8,10.13,9.8,9.96,10.0,9.93,,9.96,,,28202,279236.0,92,F1,1,,,,,
2025-09-03,2025-09-03,CM,BSE,STK,541890,INE797Z01010,SPACEINCUBA,X,,,,,Space Incubatrics Technologies,2.07,2.13,2.07,2.11,2.11,2.07,,2.11,,,6805,14342.0,39,F1,1,,,,,
2025-09-03,2025-09-03,CM,BSE,STK,541929,INE00QT01015,SGIL,B,,,,,Synergy Green Industries Limit,527.3,544.0,490.0,517.2,530.0,535.75,,522.7,,,2925,1519833.0,223,F1,1,,,,,
2025-09-03,2025-09-03,CM,BSE,STK,541946,INF109KC1KT9,LIQUIDIETF,F,,,,,ICICI Prudential BSE Liquid Ra,995.0,1000.01,995.0,1000.0,1000.0,1000.0,,999.99,,,55026,55026054.0,56,F1,1,,,,,
2025-09-03,2025-09-03,CM,BSE,STK,541956,INE962Y01021,IRCON,A,,,,,IRCON International Ltd,175.05,175.8,171.55,172.05,172.05,175.25,,172.08,,,156570,27145477.0,2230,F1,1,,,,,
2025-09-03,2025-09-03,CM,BSE,STK,541967,INE01IU01018,SKYGOLD,B,,,,,Sky Gold And Diamonds Limited,287.55,298.5,287.55,291.15,291.15,288.7,,291.2,,,55151,16187211.0,1749,F1,1,,,,,
2025-09-03,2025-09-03,CM,BSE,STK,541972,INF200KA1VQ2,SETFSN50,A,,,,,SBI Mutual Fund,894.8,897.27,894.18,895.93,895.93,894.18,,895.93,,,227,203260.0,17,F1,1,,,,,
2025-09-03,2025-09-03,CM,BSE,STK,541974,INE00VM01036,MANORAMA,B,,,,,Manorama Industries Limited,1347.9,1386.0,1308.55,1328.2,1360.0,1332.25,,1334.4,,,20137,27195525.0,1566,F1,1,,,,,
2025-09-03,2025-09-03,CM,BSE,STK,541988,INE216P01012,AAVAS,A,,,,,AAVAS Financiers Limited,1536.45,1619.6,1528.0,1601.05,1601.05,1530.25,,1601.0,,,27105,43187951.0,2971,F1,1,,,,,
2025-09-03,2025-09-03,CM,BSE,STK,542011,INE382Z01011,GRSE,A,,,,,Garden Reach Shipbuilders & En,2552.85,2565.5,2490.5,2501.35,2501.35,2543.75,,2501.4,,,52718,132754914.0,4127,F1,1,,,,,
2025-09-03,2025-09-03,CM,BSE,STK,542012,INE911Z01017,A1L,B,,,,,A-1 LIMITED,918.05,927.4,900.0,901.9,900.0,905.85,,901.9,,,26356,23977405.0,414,F1,1,,,,,
2025-09-03,2025-09-03,CM,BSE,STK,542013,INE666Y01010,DOLFIN,B,,,,,Dolfin Rubbers Limited,196.8,197.0,192.45,197.0,197.0,195.25,,197.0,,,1133,221730.0,61,F1,1,,,,,
2025-09-03,2025-09-03,CM,BSE,STK,542019,INE01J501010,SHUBHAM,T,,,,,Shubham Polyspin Limited,32.56,33.45,31.03,32.53,33.45,32.56,,32.53,,,15214,492098.0,62,F1,1,,,,,
2025-09-03,2025-09-03,CM,BSE,STK,542020,INE642Z01026,AKI,T,,,,,AKI India Limited,9.0,9.53,9.0,9.44,9.45,9.26,,9.36,,,2868,26567.0,28,F1,1,,,,,
2025-09-03,2025-09-03,CM,BSE,STK,542025,INE206Z01020,SUNRETAIL,M,,,,,Sun Retail Limited,0.47,0.48,0.47,0.48,0.48,0.46,,0.48,,,288000,137280.0,6,F1,48000,,,,,
2025-09-03,2025-09-03,CM,BSE,STK,542034,INE00Q901014,SMGOLD,B,,,,,S. M. Gold Limited,15.88,15.9,15.25,15.47,15.62,15.5,,15.47,,,25496,396446.0,116,F1,1,,,,,
2025-09-03,2025-09-03,CM,BSE,STK,542046,INE647Z01025,VIVIDM,B,,,,,VIVID MERCANTILE LIMITED,5.6,6.14,5.6,6.03,6.05,5.98,,6.03,,,226561,1357408.0,577,F1,1,,,,,
2025-09-03,2025-09-03,CM,BSE,STK,542057,INE00SW01015,BCPL,T,,,,,BCPL Railway Infrastructure Li,77.3,78.2,75.8,76.93,76.93,77.79,,76.93,,,10267,790204.0,192,F1,1,,,,,
2025-09-03,2025-09-03,CM,BSE,STK,542066,INE399L01023,ATGL,A,,,,,ADANI TOTAL GAS LIMITED,596.9,601.45,595.4,597.05,598.45,595.9,,597.15,,,39955,23886387.0,1650,F1,1,,,,,
2025-09-03,2025-09-03,CM,BSE,STK,542123,INE398C01016,PHOSPHATE,X,,,,,The Phosphate Company Limited,158.5,158.55,156.0,158.55,158.55,158.5,,158.55,,,1136,179409.0,17,F1,1,,,,,
2025-09-03,2025-09-03,CM,BSE,STK,542131,INF769K01EG9,NIFTYETF,B,,,,,Mirae Asset Mutual Fund,266.68,266.68,264.57,266.21,265.88,265.18,,266.14,,,7752,2055336.0,146,F1,1,,,,,
2025-09-03,2025-09-03,CM,BSE,STK,542141,INE285K01026,TECHNOE,A,,,,,Techno Electric & Engineering,1527.0,1575.0,1526.95,1548.25,1555.2,1527.95,,1549.2,,,7828,12204272.0,1106,F1,1,,,,,
2025-09-03,2025-09-03,CM,BSE,STK,542145,INE02AP01013,RONI,MT,,,,,Roni Households Limited,49.56,54.75,49.56,49.56,49.56,52.16,,49.56,,,10800,553932.0,3,F1,3600,,,,,
2025-09-03,2025-09-03,CM,BSE,STK,542146,INE951Z01013,SKIFL,M,,,,,Shree Krishna Infrastructure L,61.0,61.0,60.0,60.0,60.0,62.41,,60.0,,,5000,301250.0,4,F1,1250,,,,,
2025-09-03,2025-09-03,CM,BSE,STK,542155,INE01GR01018,DGL,MT,,,,,Diksha Greens Limited,2.19,2.19,2.19,2.19,2.19,2.23,,2.19,,,6000,13140.0,2,F1,2000,,,,,
2025-09-03,2025-09-03,CM,BSE,STK,542176,INE016X01010,ARYAN,X,,,,,Aryan Share & Stock Brokers Lt,26.0,26.0,24.75,24.75,24.75,26.0,,24.75,,,73,1889.0,6,F1,1,,,,,
2025-09-03,2025-09-03,CM,BSE,STK,542206,INE139E01028,NIVAKA,X,,,,,NIVAKA FASHIONS LIMITED,4.21,4.41,4.03,4.41,4.41,4.2,,4.41,,,87457,382944.0,110,F1,1,,,,,
2025-09-03,2025-09-03,CM,BSE,STK,542216,INE00R701025,DALBHARAT,A,,,,,DALMIA BHARAT LIMITED,2403.55,2425.7,2400.0,2410.75,2412.55,2403.55,,2411.6,,,5851,14115434.0,1346,F1,1,,,,,
2025-09-03,2025-09-03,CM,BSE,STK,542230,INF209KB16D7,ABSLNN50ET,B,,,,,Aditya Birla Sun Life Mutual F,70.65,70.65,70.65,70.65,70.65,70.02,,70.48,,,100,7065.0,2,F1,1,,,,,
2025-09-03,2025-09-03,CM,BSE,STK,542231,INE00S901012,NILASPACES,B,,,,,Nila Spaces Ltd,15.48,15.48,14.5,14.61,14.91,14.92,,14.63,,,106561,1595504.0,801,F1,1,,,,,
2025-09-03,2025-09-03,CM,BSE,STK,542232,INE01NE01012,SRD,B,,,,,Shankar Lal Rampal Dye-Chem Li,86.0,89.99,84.92,85.03,84.92,87.57,,85.22,,,48814,4202900.0,440,F1,1,,,,,
2025-09-03,2025-09-03,CM,BSE,STK,542233,INE00CA01015,TREJHARA,B,,,,,Trejhara Solutions Limited,224.0,224.0,187.5,194.45,193.9,188.0,,194.08,,,2855,550115.0,149,F1,1,,,,,
2025-09-03,2025-09-03,CM,BSE,STK,542248,INE452W01019,DECCAN,B,,,,,Deccan Health Care Limited,20.39,20.82,19.57,19.92,19.58,19.85,,19.92,,,105062,2118528.0,280,F1,1,,,,,
2025-09-03,2025-09-03,CM,BSE,STK,542285,INE02EZ01022,AXITA,B,,,,,Axita Cotton Limited,8.8,8.84,8.74,8.76,8.74,8.8,,8.78,,,329176,2892389.0,331,F1,1,,,,,
2025-09-03,2025-09-03,CM,BSE,STK,542323,INE542W01025,KPIGREEN,A,,,,,KPI Green Energy Limited,492.35,501.25,491.5,496.1,497.0,491.65,,496.35,,,46558,23122642.0,1141,F1,1,,,,,
2025-09-03,2025-09-03,CM,BSE,STK,542333,INE425Y01011,RPSGVENT,B,,,,,RPSG VENTURES LIMITED,902.3,916.45,894.3,900.15,894.3,900.5,,901.65,,,1187,1074966.0,164,F1,1,,,,,
2025-09-03,2025-09-03,CM,BSE,STK,542337,INE020801028,SPENCERS,B,,,,,Spencer's Retail Limited,58.44,59.3,57.6,58.39,58.55,58.01,,58.09,,,4291,250425.0,106,F1,1,,,,,
2025-09-03,2025-09-03,CM,BSE,STK,542351,INE350Z01018,GLOSTERLTD,B,,,,,Gloster Ltd,655.05,670.0,655.05,670.0,670.0,671.5,,670.7,,,2,1325.0,2,F1,1,,,,,
2025-09-03,2025-09-03,CM,BSE,STK,542367,INE01P501012,XELPMOC,B,,,,,Xelpmoc Design and Tech Limite,100.8,101.84,98.08,100.71,101.0,100.96,,101.04,,,3223,323111.0,167,F1,1,,,,,
2025-09-03,2025-09-03,CM,BSE,STK,542376,INE726X01014,SPACAPS,XT,,,,,SPA Capital Services Limited,163.95,163.95,148.35,148.35,148.35,156.15,,148.35,,,9,1376.0,3,F1,1,,,,,
2025-09-03,2025-09-03,CM,BSE,STK,542383,INE01EG01016,RITCO,B,,,,,Ritco Logistics Limited,279.7,284.4,277.7,277.7,277.7,276.85,,279.85,,,1242,349453.0,53,F1,1,,,,,
2025-09-03,2025-09-03,CM,BSE,STK,542399,INE427F01016,CHALET,A,,,,,Chalet Hotels Limited,997.9,1038.25,997.9,1025.05,1021.05,1004.1,,1024.0,,,16885,17331361.0,1362,F1,1,,,,,
2025-09-03,2025-09-03,CM,BSE,STK,542437,INE02AR01019,ANMOL,B,,,,,Anmol India Limited,16.0,16.27,15.92,16.25,16.2,16.18,,16.09,,,9087,146656.0,57,F1,1,,,,,
2025-09-03,2025-09-03,CM,BSE,STK,542446,INE793Z01027,JONJUA,M,,,,,Jonjua Overseas Limited,8.66,8.71,8.6,8.64,8.6,8.62,,8.64,,,64290,556322.0,13,F1,4286,,,,,
2025-09-03,2025-09-03,CM,BSE,STK,542459,INE911T01010,KRANTI,B,,,,,Kranti Industries Limited,85.9,86.98,83.89,85.39,84.0,84.01,,85.39,,,4300,367142.0,54,F1,1,,,,,
2025-09-03,2025-09-03,CM,BSE,STK,542460,INE294Z01018,ANUP,A,,,,,The Anup Engineering Ltd,2309.9,2326.0,2295.0,2318.05,2320.0,2311.1,,2317.5,,,1668,3859201.0,303,F1,1,,,,,
2025-09-03,2025-09-03,CM,BSE,STK,542484,INE955V01021,ARVINDFASN,A,,,,,Arvind Fashions Limited,538.7,539.95,527.65,530.5,530.05,528.35,,530.4,,,11623,6201273.0,469,F1,1,,,,,
2025-09-03,2025-09-03,CM,BSE,STK,542543,INE05KD23015,ENERGYINF,IF,,,,,Energy Infrastructure Trust,85.5,85.5,85.5,85.5,85.5,85.5,,85.5,,,25000,2137500.0,1,F1,25000,,,,,
2025-09-03,2025-09-03,CM,BSE,STK,542579,INE05FR01029,AGOL,B,,,,,Ashapuri Gold Ornament Limited,6.55,6.55,6.41,6.48,6.48,6.43,,6.48,,,414279,2685910.0,1023,F1,1,,,,,
2025-09-03,2025-09-03,CM,BSE,STK,542580,INE01C001026,AARTECH,B,,,,,Aartech Solonics Limited,64.85,64.85,58.8,59.17,59.0,61.86,,59.0,,,4514,270787.0,132,F1,1,,,,,
2025-09-03,2025-09-03,CM,BSE,STK,542592,INE02PC01027,HBEL,M,,,,,Humming Bird Education Limited,72.43,72.43,72.43,72.43,72.43,76.24,,72.43,,,10000,724300.0,6,F1,1250,,,,,
2025-09-03,2025-09-03,CM,BSE,STK,542597,INE255X01014,MSTCLTD,B,,,,,MSTC Limited,471.85,491.45,468.25,483.1,484.2,471.6,,483.4,,,20222,9755862.0,980,F1,1,,,,,
2025-09-03,2025-09-03,CM,BSE,STK,542602,INE041025011,EMBASSY,IF,,,,,Embassy Office Parks REIT,387.73,391.35,386.92,390.15,391.0,387.73,,389.99,,,3524,1368780.0,346,F1,1,,,,,
2025-09-03,2025-09-03,CM,BSE,STK,542627,INE01GZ01011,CHANDNIMACH,X,,,,,Chandni Machines Limited,33.1,34.65,33.1,34.0,34.0,34.28,,34.0,,,3440,116268.0,50,F1,1,,,,,
2025-09-03,2025-09-03,CM,BSE,STK,542628,INE01BL01012,NSL,B,,,,,Northern Spirits Limited,188.4,191.95,183.35,187.05,185.4,188.15,,187.05,,,10324,1939148.0,254,F1,1,,,,,
2025-09-03,2025-09-03,CM,BSE,STK,542649,INE415G01027,RVNL,A,,,,,Rail Vikas Nigam Limited,334.6,337.4,328.6,334.5,334.5,331.8,,334.6,,,528993,175960672.0,7237,F1,1,,,,,
2025-09-03,2025-09-03,CM,BSE,STK,542650,INE112L01020,METROPOLIS,A,,,,,Metropolis Healthcare Limited,2174.15,2259.3,2154.05,2206.75,2210.7,2173.4,,2208.6,,,3810,8481953.0,687,F1,1,,,,,
2025-09-03,2025-09-03,CM,BSE,STK,542651,INE04I401011,KPITTECH,A,,,,,KPIT Technologies Ltd,1206.3,1219.0,1200.2,1216.5,1215.6,1206.25,,1216.4,,,37308,45140175.0,2473,F1,1,,,,,
2025-09-03,2025-09-03,CM,BSE,STK,542652,INE455K01017,POLYCAB,A,,,,,Polycab India Limited,7150.05,7244.0,7150.05,7232.95,7232.95,7179.35,,7235.0,,,11282,81277491.0,2538,F1,1,,,,,
2025-09-03,2025-09-03,CM,BSE,STK,542654,INE06LG01010,VRFILMS,T,,,,,V R FILMS & STUDIOS LIMITED,17.9,17.9,16.3,17.8,17.8,17.13,,17.8,,,208,3555.0,7,F1,1,,,,,
2025-09-03,2025-09-03,CM,BSE,STK,542655,INE161L01027,VIKASLIFE,B,,,,,VIKAS LIFECARE LIMITED,2.25,2.29,2.25,2.27,2.27,2.25,,2.26,,,739015,1671976.0,6051,F1,1,,,,,
2025-09-03,2025-09-03,CM,BSE,STK,542665,INE136S01016,NEOGEN,A,,,,,Neogen Chemicals Limited,1455.0,1489.0,1450.1,1476.75,1465.95,1456.15,,1479.0,,,1423,2106697.0,177,F1,1,,,,,
2025-09-03,2025-09-03,CM,BSE,STK,542666,INE05QJ01015,GKP,B,,,,,G. K. P. Printing & Packaging,6.15,6.15,5.9,5.91,5.91,5.95,,5.91,,,9778,58740.0,72,F1,1,,,,,
2025-09-03,2025-09-03,CM,BSE,STK,542668,INE06TD01010,EVANS,MT,,,,,EVANS ELECTRIC LIMITED,163.0,164.0,163.0,164.0,164.0,162.1,,164.0,,,8000,1309000.0,7,F1,1000,,,,,
2025-09-03,2025-09-03,CM,BSE,STK,542669,INE374E01021,BMW,B,,,,,BMW INDUSTRIES LIMITED,47.99,49.5,47.18,48.8,48.8,47.75,,48.8,,,306771,14898095.0,1890,F1,1,,,,,
2025-09-03,2025-09-03,CM,BSE,STK,542670,INE757T01025,AEPL,XT,,,,,Artemis Electricals and Projec,26.6,26.6,25.06,25.86,26.4,26.3,,25.86,,,18879,490144.0,132,F1,1,,,,,
2025-09-03,2025-09-03,CM,BSE,STK,542678,INE05BN01019,CHCL,MT,,,,,Cian Healthcare Limited,3.47,3.47,3.47,3.47,3.47,3.41,,3.47,,,4000,13880.0,2,F1,2000,,,,,
2025-09-03,2025-09-03,CM,BSE,STK,542679,INE413F01016,DEL,XT,,,,,Dhanashree Electronics Limited,285.05,285.05,285.05,285.05,285.05,279.5,,285.05,,,6646,1894442.0,45,F1,1,,,,,
2025-09-03,2025-09-03,CM,BSE,STK,542682,INE01K301012,HARISH,X,,,,,Harish Textile Engineers Limit,61.4,61.65,61.0,61.49,61.49,58.25,,61.49,,,1351,82605.0,12,F1,1,,,,,
2025-09-03,2025-09-03,CM,BSE,STK,542684,INE050001010,PPL,B,,,,,Prakash Pipes Limited,323.0,337.75,323.0,334.6,335.45,329.9,,333.25,,,2603,867397.0,128,F1,1,,,,,
2025-09-03,2025-09-03,CM,BSE,STK,542685,INE03JI01017,DGCONTENT,T,,,,,Digicontent Limited,37.8,38.45,37.04,38.39,38.39,37.8,,37.62,,,3001,112386.0,9,F1,1,,,,,
2025-09-03,2025-09-03,CM,BSE,STK,542694,INE05MV01019,PARSHVA,B,,,,,Parshva Enterprises Limited,239.6,240.75,239.6,240.75,240.75,259.0,,240.75,,,2,480.0,2,F1,1,,,,,
2025-09-03,2025-09-03,CM,BSE,STK,542721,INE02GA01012,ARL,T,,,,,Anand Rayons Limited,333.0,337.5,325.0,337.0,337.0,321.45,,337.0,,,10179,3401210.0,160,F1,1,,,,,
2025-09-03,2025-09-03,CM,BSE,STK,542724,INE060601031,MURAE,T,,,,,Murae Organisor Limited,0.79,0.79,0.78,0.79,0.79,0.76,,0.79,,,61391686,48451430.0,6779,F1,1,,,,,
2025-09-03,2025-09-03,CM,BSE,STK,542725,INE04AK01028,SBC,B,,,,,SBC EXPORTS LIMITED,19.99,20.21,19.87,20.03,20.08,19.79,,20.03,,,642693,12889938.0,592,F1,1,,,,,
2025-09-03,2025-09-03,CM,BSE,STK,542726,INE933S01016,INDIAMART,A,,,,,IndiaMART InterMESH Limited,2545.05,2548.7,2515.0,2527.8,2529.0,2545.85,,2527.8,,,1180,2992173.0,283,F1,1,,,,,
2025-09-03,2025-09-03,CM,BSE,STK,542727,INE056001014,CPML,M,,,,,CITY PULSE MULTIVENTURES LIMIT,2725.55,2798.3,2700.0,2777.35,2777.35,2799.95,,2777.35,,,4000,10893945.0,28,F1,100,,,,,
2025-09-03,2025-09-03,CM,BSE,STK,542729,INE08KP01019,DCMNVL,B,,,,,DCM NOUVELLE LIMITED,163.25,165.85,161.55,163.25,163.25,163.65,,163.15,,,8114,1332427.0,441,F1,1,,,,,
2025-09-03,2025-09-03,CM,BSE,STK,542730,INF109KC15I8,BANKIETF,B,,,,,ICICI Prudential Mutual Fund,55.56,55.56,54.93,55.41,55.46,55.03,,55.31,,,26264,1448142.0,166,F1,1,,,,,
2025-09-03,2025-09-03,CM,BSE,STK,542747,INF204KB15D0,SNXT50BEES,A,,,,,NIPPON INDIA ETF SENSEX NEXT 5,88.26,88.48,86.15,87.69,87.71,87.39,,87.69,,,7728,676873.0,140,F1,1,,,,,
2025-09-03,2025-09-03,CM,BSE,STK,542752,INE00WC01027,AFFLE,A,,,,,AFFLE 3I LIMITED,1871.35,1953.0,1871.35,1903.4,1908.0,1901.75,,1904.4,,,17747,34023914.0,1924,F1,1,,,,,
2025-09-03,2025-09-03,CM,BSE,STK,542758,INF109KC18U7,PVTBANIETF,B,,,,,ICICI Prudential Mutual Fund,26.24,26.52,26.11,26.34,26.49,26.34,,26.43,,,131991,3475811.0,282,F1,1,,,,,
2025-09-03,2025-09-03,CM,BSE,STK,542759,INE572J01011,SPANDANA,B,,,,,Spandana Sphoorty Financial Li,258.0,280.0,256.9,266.85,266.85,253.0,,267.23,,,124206,33479745.0,3956,F1,1,,,,,
2025-09-03,2025-09-03,CM,BSE,STK,542760,INE00M201021,SWSOLAR,A,,,,,STERLING AND WILSON RENEWABLE,270.0,274.7,268.5,272.7,272.7,269.1,,272.7,,,186681,50795521.0,3026,F1,1,,,,,
2025-09-03,2025-09-03,CM,BSE,STK,542765,INE06YD01010,TRANSPACT,MS,,,,,Transpact Enterprises Limited,187.5,187.5,187.5,187.5,187.5,178.6,,187.5,,,500,93750.0,1,F1,500,,,,,
2025-09-03,2025-09-03,CM,BSE,STK,542770,INE08E401029,ALPHALOGIC,B,,,,,Alphalogic Techsys Limited,89.25,95.0,85.0,92.57,92.0,86.91,,92.57,,,13637,1229664.0,365,F1,1,,,,,
2025-09-03,2025-09-03,CM,BSE,STK,542772,INE466L01038,360ONE,A,,,,,360 ONE WAM LIMITED,1020.0,1044.6,1013.75,1039.25,1037.15,1024.85,,1040.2,,,10310,10621075.0,912,F1,1,,,,,
2025-09-03,2025-09-03,CM,BSE,STK,542773,INE489L01022,IIFLCAPS,A,,,,,IIFL CAPITAL SERVICES LIMITED,302.85,307.75,301.25,306.05,306.15,305.45,,305.8,,,53438,16225060.0,810,F1,1,,,,,
2025-09-03,2025-09-03,CM,BSE,STK,542774,INE08KJ01020,MUFIN,B,,,,,MUFIN GREEN FINANCE LIMITED,87.75,87.75,85.05,86.11,85.96,86.0,,86.27,,,7005,604769.0,77,F1,1,,,,,
2025-09-03,2025-09-03,CM,BSE,STK,542801,INE957W01025,MISQUITA,M,,,,,Misquita Engineering Limited,101.95,101.95,101.7,101.7,101.7,102.0,,101.7,,,2000,203650.0,2,F1,1000,,,,,
2025-09-03,2025-09-03,CM,BSE,STK,542802,INE906Y01028,GALACTICO,B,,,,,Galactico Corporate Services L,2.38,2.4,2.31,2.36,2.36,2.33,,2.36,,,60535,141651.0,211,F1,1,,,,,
2025-09-03,2025-09-03,CM,BSE,STK,542803,INE560T01015,VEL,X,,,,,Vaxfab Enterprises Limited,27.12,28.25,26.5,28.25,28.25,25.69,,28.25,,,109997,3066792.0,150,F1,1,,,,,
2025-09-03,2025-09-03,CM,BSE,STK,542812,INE09N301011,FLUOROCHEM,A,,,,,Gujarat Fluorochemicals Limite,3400.0,3408.5,3376.7,3382.1,3382.1,3408.0,,3385.8,,,792,2685863.0,186,F1,1,,,,,
2025-09-03,2025-09-03,CM,BSE,STK,542830,INE335Y01020,IRCTC,A,,,,,Indian Railway Catering and To,714.0,714.0,709.0,712.95,712.95,711.8,,712.9,,,79433,56570543.0,2605,F1,1,,,,,
2025-09-03,2025-09-03,CM,BSE,STK,542850,INE492Z01018,GOBLIN,M,,,,,GOBLIN INDIA LIMITED,17.11,17.88,17.11,17.46,17.4,17.39,,17.46,,,14000,245180.0,6,F1,2000,,,,,
2025-09-03,2025-09-03,CM,BSE,STK,542851,INE06H201014,GENSOL,T,,,,,Gensol Engineering Limited,36.9,36.9,35.36,35.36,35.36,37.22,,35.37,,,92334,3281364.0,800,F1,1,,,,,
2025-09-03,2025-09-03,CM,BSE,STK,542852,INE430N01022,VISHWARAJ,B,,,,,Vishwaraj Sugar Industries Lim,9.8,9.88,8.75,9.32,9.24,9.74,,9.3,,,239673,2274300.0,1023,F1,1,,,,,
2025-09-03,2025-09-03,CM,BSE,STK,542857,INE08ZM01014,GREENPANEL,B,,,,,Greenpanel Industries Limited,270.55,276.6,269.35,273.4,274.3,270.7,,272.25,,,5452,1488432.0,308,F1,1,,,,,
2025-09-03,2025-09-03,CM,BSE,STK,542862,INE052001026,SHAHLON,X,,,,,Shahlon Silk Industries Limite,19.0,19.59,18.5,19.46,19.5,19.1,,19.46,,,12505,236485.0,25,F1,1,,,,,
2025-09-03,2025-09-03,CM,BSE,STK,542863,INF209KB17D5,ABSLBANETF,B,,,,,Aditya Birla Sun Life Mutual F,54.91,55.38,54.6,55.29,55.28,54.99,,55.16,,,1884,103518.0,45,F1,1,,,,,
2025-09-03,2025-09-03,CM,BSE,STK,542865,INE490Z01012,ANUROOP,B,,,,,Anuroop Packaging Limited,14.9,14.9,14.17,14.62,14.6,14.32,,14.62,,,29968,437152.0,154,F1,1,,,,,
2025-09-03,2025-09-03,CM,BSE,STK,542866,INE317W01030,COLAB,XT,,,,,COLAB PLATFORMS LIMITED,85.99,85.99,85.99,85.99,85.99,84.31,,85.99,,,1883083,161926307.0,2173,F1,1,,,,,
2025-09-03,2025-09-03,CM,BSE,STK,542867,INE679A01013,CSBBANK,A,,,,,CSB Bank Limited,370.45,379.0,361.95,362.7,363.15,370.9,,362.45,,,10517,3882341.0,1033,F1,1,,,,,
2025-09-03,2025-09-03,CM,BSE,STK,542904,INE551W01018,UJJIVANSFB,A,,,,,Ujjivan Small Finance Bank Lim,43.49,43.56,42.9,43.07,43.07,43.09,,43.05,,,367220,15880977.0,2000,F1,1,,,,,
2025-09-03,2025-09-03,CM,BSE,STK,542905,INE05AN01011,HINDWAREAP,B,,,,,Hindware Home Innovation Limit,318.7,326.7,316.25,323.7,322.35,319.25,,324.65,,,15233,4911266.0,571,F1,1,,,,,
2025-09-03,2025-09-03,CM,BSE,STK,542906,INE771C01014,EASUN,XT,,,,,Easun Capital Markets Limited,61.66,61.66,55.8,55.8,55.8,58.73,,55.8,,,4546,279427.0,9,F1,1,,,,,
2025-09-03,2025-09-03,CM,BSE,STK,542907,INE689W01016,PRINCEPIPE,B,,,,,Prince Pipes and Fittings Limi,336.0,336.0,329.0,331.0,331.55,333.8,,331.55,,,4921,1632763.0,197,F1,1,,,,,
2025-09-03,2025-09-03,CM,BSE,STK,542909,INF754K01KO2,EBBETF0430,F,,,,,Edelweiss Mutual Fund,1523.56,1530.9,1523.56,1527.78,1527.76,1529.11,,1528.75,,,1550,2369586.0,64,F1,1,,,,,
2025-09-03,2025-09-03,CM,BSE,STK,542911,INE165G01010,ASSAMENT,X,,,,,Assam Entrade Limited,526.5,526.5,526.5,526.5,526.5,540.0,,526.5,,,15,7897.0,5,F1,1,,,,,
2025-09-03,2025-09-03,CM,BSE,STK,542918,INE063601012,GIANLIFE,Z,,,,,Gian Life Care Limited,14.68,14.68,13.85,14.2,14.2,14.0,,14.2,,,12661,176045.0,31,F1,1,,,,,
2025-09-03,2025-09-03,CM,BSE,STK,542919,INE025R01021,ARTEMISMED,B,,,,,Artemis Medicare Services Limi,229.35,229.35,221.05,224.35,224.5,224.7,,224.46,,,24373,5460340.0,623,F1,1,,,,,
2025-09-03,2025-09-03,CM,BSE,STK,542920,INE258G01013,SUMICHEM,A,,,,,SUMITOMO CHEMICAL INDIA LIMITE,564.95,594.7,564.95,590.55,589.45,570.8,,590.55,,,13340,7814509.0,825,F1,1,,,,,
2025-09-03,2025-09-03,CM,BSE,STK,542921,INF109KC11W8,MIDCAPIETF,B,,,,,ICICI Prudential Mutual Fund,21.87,21.99,21.8,21.95,21.94,21.85,,21.94,,,46851,1026785.0,260,F1,1,,,,,
2025-09-03,2025-09-03,CM,BSE,STK,542922,INF769K01FN2,NEXT50,B,,,,,Mirae Asset Mutual Fund,689.01,691.51,688.22,690.8,690.73,687.88,,691.23,,,3076,2122346.0,107,F1,1,,,,,
2025-09-03,2025-09-03,CM,BSE,STK,542923,INE0BIW01023,TRANWAY21,TS,,,,,TRANWAY21 TECHNOLOGIES LIMITED,6.45,6.45,6.45,6.45,6.45,6.78,,6.45,,,10000,64500.0,1,F1,10000,,,,,
2025-09-03,2025-09-03,CM,BSE,STK,542933,INE03V001013,UNIVPHOTO,T,,,,,UNIVERSUS PHOTO IMAGINGS LIMIT,263.0,263.0,260.0,260.35,260.35,264.4,,260.1,,,206,53571.0,6,F1,1,,,,,
2025-09-03,2025-09-03,CM,BSE,STK,542934,INE07QQ01016,CBPL,M,,,,,Chandra Bhagat Pharma Limited,48.05,48.05,48.05,48.05,48.05,54.45,,48.05,,,2000,96100.0,2,F1,1000,,,,,
2025-09-03,2025-09-03,CM,BSE,STK,542938,INE117S01016,OCTAVIUSPL,X,,,,,Octavius Plantations Limited,50.0,50.0,49.6,49.6,49.6,48.0,,49.6,,,540,26796.0,7,F1,1,,,,,
2025-09-03,2025-09-03,CM,BSE,STK,543064,INE03QK01018,COHANCE,A,,,,,Cohance Lifesciences Limited,906.6,923.7,898.1,904.05,905.0,909.35,,904.95,,,5117,4661708.0,886,F1,1,,,,,
2025-09-03,2025-09-03,CM,BSE,STK,543065,INE0C4I01011,SMAUTO,M,,,,,SM Auto Stamping Limited,29.94,29.94,29.94,29.94,29.94,28.5,,29.94,,,2000,59880.0,1,F1,2000,,,,,
2025-09-03,2025-09-03,CM,BSE,STK,543066,INE018E01016,SBICARD,A,,,,,SBI CARDS AND PAYMENT SERVICES,793.65,804.2,792.3,795.0,794.9,793.4,,795.35,,,21140,16865409.0,1814,F1,1,,,,,
2025-09-03,2025-09-03,CM,BSE,STK,543071,INF204KB10R1,07AGG,F,,,,,Nippon India Mutual Fund,17.38,17.38,17.37,17.37,17.37,17.4,,17.37,,,3,52.0,3,F1,1,,,,,
2025-09-03,2025-09-03,CM,BSE,STK,543079,INF204KB16R8,07GPG,F,,,,,Nippon India Mutual Fund,5.35,5.35,4.39,5.11,5.11,4.87,,5.11,,,1105,5359.0,10,F1,1,,,,,
2025-09-03,2025-09-03,CM,BSE,STK,543087,INF204KB14O0,09AGG,F,,,,,Nippon India Mutual Fund,198.25,235.0,198.25,234.0,234.0,219.99,,234.0,,,8,1776.0,5,F1,1,,,,,
2025-09-03,2025-09-03,CM,BSE,STK,543092,INF204KB19O9,09GPG,F,,,,,Nippon India Mutual Fund,8.78,8.78,7.2,8.13,8.13,7.99,,8.13,,,604,4353.0,6,F1,1,,,,,
2025-09-03,2025-09-03,CM,BSE,STK,543099,INF789F1ARF0,UTCRFS2DGR,F,,,,,UTI Mutual Fund,158.9,158.9,143.1,148.55,143.2,158.98,,148.55,,,2172,334275.0,17,F1,1,,,,,
2025-09-03,2025-09-03,CM,BSE,STK,543110,INF789F1ARQ7,UTCRFS2RGR,F,,,,,UTI Mutual Fund,8.53,8.53,6.99,6.99,6.99,7.76,,6.99,,,1080,7557.0,17,F1,1,,,,,
2025-09-03,2025-09-03,CM,BSE,STK,543144,INF204KB11T5,08MPD,B,,,,,Nippon India Mutual Fund,6.6,6.6,6.1,6.21,6.27,6.0,,6.21,,,829,5101.0,16,F1,1,,,,,
2025-09-03,2025-09-03,CM,BSE,STK,543150,INF204KB16S6,08GPG,B,,,,,Nippon India Mutual Fund,3.13,3.13,2.87,2.94,2.92,2.85,,2.94,,,11265,33036.0,54,F1,1,,,,,
2025-09-03,2025-09-03,CM,BSE,STK,543153,INF204KB18R4,08AGG,B,,,,,Nippon India Mutual Fund,49.3,52.66,44.02,49.64,49.2,48.33,,49.64,,,505,24682.0,30,F1,1,,,,,
2025-09-03,2025-09-03,CM,BSE,STK,543154,INF204KB18S2,08QPR,B,,,,,Nippon India Mutual Fund,2391.75,2391.75,2042.05,2050.15,2042.3,2267.35,,2050.15,,,29,61724.0,9,F1,1,,,,,
2025-09-03,2025-09-03,CM,BSE,STK,543161,INF204KB14P7,10AGG,F,,,,,Nippon India Mutual Fund,159.0,172.95,156.6,158.41,171.0,174.0,,158.41,,,849,133237.0,24,F1,1,,,,,
2025-09-03,2025-09-03,CM,BSE,STK,543165,INF204KB17P0,10ARD,F,,,,,Nippon India Mutual Fund,148.14,148.14,148.14,148.14,148.14,148.14,,148.14,,,1,148.0,1,F1,1,,,,,
2025-09-03,2025-09-03,CM,BSE,STK,543167,INF204KB19P6,10GPG,F,,,,,Nippon India Mutual Fund,2.42,2.42,2.0,2.25,2.14,2.2,,2.25,,,6524,14548.0,27,F1,1,,,,,
2025-09-03,2025-09-03,CM,BSE,STK,543171,INE0BDU01028,ROJL,B,,,,,RO Jewels Limited,2.16,2.16,2.08,2.14,2.15,2.15,,2.14,,,78548,167333.0,216,F1,1,,,,,
2025-09-03,2025-09-03,CM,BSE,STK,543172,INE0CQB01010,COSPOWER,M,,,,,Cospower Engineering Limited,689.85,700.0,665.0,674.85,665.0,699.95,,674.85,,,8500,5727000.0,33,F1,250,,,,,
2025-09-03,2025-09-03,CM,BSE,STK,543173,INF204KB14U7,11DPR,B,,,,,Nippon India Mutual Fund,20.87,20.87,18.91,19.19,19.19,18.98,,19.19,,,297,5946.0,15,F1,1,,,,,
2025-09-03,2025-09-03,CM,BSE,STK,543174,INF204KB10U5,11GPG,B,,,,,Nippon India Mutual Fund,3.1,3.1,2.66,2.8,2.82,2.85,,2.8,,,6038,16905.0,50,F1,1,,,,,
2025-09-03,2025-09-03,CM,BSE,STK,543175,INF204KB15U4,11MPD,B,,,,,Nippon India Mutual Fund,3.1,3.1,2.84,2.93,3.0,2.82,,2.93,,,1966,5825.0,33,F1,1,,,,,
2025-09-03,2025-09-03,CM,BSE,STK,543176,INF204KB16U2,11MPR,B,,,,,Nippon India Mutual Fund,70.0,75.96,67.0,67.09,67.09,70.61,,67.09,,,307,20841.0,19,F1,1,,,,,
2025-09-03,2025-09-03,CM,BSE,STK,543177,INF204KB11U3,11QPD,B,,,,,Nippon India Mutual Fund,10.95,10.95,9.89,10.05,10.05,9.96,,10.05,,,5631,58974.0,91,F1,1,,,,,
2025-09-03,2025-09-03,CM,BSE,STK,543178,INF204KB12U1,11QPR,B,,,,,Nippon India Mutual Fund,12.92,12.92,12.92,12.92,12.92,11.75,,12.92,,,1,12.0,1,F1,1,,,,,
2025-09-03,2025-09-03,CM,BSE,STK,543181,INF204KB13T1,11AGG,B,,,,,Nippon India Mutual Fund,34.0,38.98,34.0,34.23,34.23,36.0,,34.23,,,380,13699.0,8,F1,1,,,,,
2025-09-03,2025-09-03,CM,BSE,STK,543182,INF204KB18T0,11AMD,B,,,,,Nippon India Mutual Fund,51.0,51.0,45.0,45.43,45.99,49.0,,45.43,,,1258,56824.0,32,F1,1,,,,,
2025-09-03,2025-09-03,CM,BSE,STK,543186,INF204KB13U9,11DPD,B,,,,,Nippon India Mutual Fund,6.6,6.6,5.72,6.29,6.29,6.07,,6.29,,,3483,20965.0,47,F1,1,,,,,
2025-09-03,2025-09-03,CM,BSE,STK,543187,INE07Y701011,POWERINDIA,A,,,,,HITACHI ENERGY INDIA LIMITED,19180.0,19279.9,18938.2,19199.35,19199.35,18813.75,,19199.0,,,1986,38060402.0,676,F1,1,,,,,
2025-09-03,2025-09-03,CM,BSE,STK,543193,INE0B1K01014,DJML,B,,,,,DJ Mediaprint & Logistics Limi,101.3,102.3,101.0,101.0,101.0,101.0,,100.92,,,1005,101559.0,8,F1,1,,,,,
2025-09-03,2025-09-03,CM,BSE,STK,543207,INE06MM01016,NATURAL,X,,,,,Natural Biocon (India) Limited,7.73,7.96,7.64,7.74,7.74,7.9,,7.74,,,650558,5040282.0,276,F1,1,,,,,
2025-09-03,2025-09-03,CM,BSE,STK,543208,INE745R01024,REGIS,X,,,,,REGIS INDUSTRIES LIMITED,7.49,7.49,7.07,7.17,7.1,7.35,,7.17,,,246320,1790858.0,712,F1,1,,,,,
2025-09-03,2025-09-03,CM,BSE,STK,543209,INE0CRS01012,BILLWIN,M,,,,,Billwin Industries Limited,26.28,27.0,26.28,26.46,27.0,28.69,,26.46,,,12000,317520.0,4,F1,3000,,,,,
2025-09-03,2025-09-03,CM,BSE,STK,543210,INE09EO01013,AARTISURF,T,,,,,Aarti Surfactants Limited,468.0,485.8,468.0,481.0,481.0,469.0,,482.6,,,500,238439.0,23,F1,1,,,,,
2025-09-03,2025-09-03,CM,BSE,STK,543211,INE0B9A01018,BONLON,B,,,,,BONLON INDUSTRIES LIMITED,39.45,42.5,39.45,42.25,41.85,40.2,,42.25,,,37097,1539747.0,236,F1,1,,,,,
2025-09-03,2025-09-03,CM,BSE,STK,543212,INE02PY01013,BOROLTD,B,,,,,Borosil Limited,340.0,346.55,337.6,345.1,345.1,342.2,,345.25,,,9782,3352496.0,546,F1,1,,,,,
2025-09-03,2025-09-03,CM,BSE,STK,543213,INE02A801020,ROSSARI,B,,,,,ROSSARI BIOTECH LIMITED,627.6,638.55,625.35,635.4,638.55,627.6,,635.1,,,3496,2208937.0,349,F1,1,,,,,
2025-09-03,2025-09-03,CM,BSE,STK,543214,INE07OG01012,NDRAUTO,B,,,,,NDR Auto Components Limited,1010.6,1089.9,1010.6,1049.75,1051.0,1055.5,,1052.8,,,3720,3953245.0,529,F1,1,,,,,
2025-09-03,2025-09-03,CM,BSE,STK,543216,INF754K01LE1,EBBETF0431,F,,,,,Edelweiss Mutual Fund,1365.0,1365.0,1364.85,1364.94,1364.94,1365.0,,1366.79,,,278,379454.0,103,F1,1,,,,,
2025-09-03,2025-09-03,CM,BSE,STK,543217,INE0CCU25019,MINDSPACE,IF,,,,,Mindspace Business Parks REIT,429.0,429.65,424.0,425.17,424.49,426.73,,424.98,,,2806,1195207.0,254,F1,1,,,,,
2025-09-03,2025-09-03,CM,BSE,STK,543218,INE05ST01028,SBGLP,B,,,,,SURATWWALA BUSINESS GROUP LIMI,35.55,36.99,35.55,35.65,35.55,36.01,,35.18,,,3653,131431.0,119,F1,1,,,,,
2025-09-03,2025-09-03,CM,BSE,STK,543219,INF109KC17V7,ALPL30IETF,B,,,,,ICICI Prudential Mutual Fund,27.65,27.65,27.0,27.23,27.23,27.11,,27.18,,,21304,578604.0,152,F1,1,,,,,
2025-09-03,2025-09-03,CM,BSE,STK,543220,INE027H01010,MAXHEALTH,A,,,,,Max Healthcare Institute Limit,1166.8,1166.8,1150.75,1162.75,1164.0,1161.65,,1162.0,,,13083,15151763.0,1213,F1,1,,,,,
2025-09-03,2025-09-03,CM,BSE,STK,543221,INF109KC16I6,ITIETF,B,,,,,ICICI Prudential Mutual Fund,38.81,39.01,38.46,38.69,39.01,38.96,,38.68,,,24949,965517.0,379,F1,1,,,,,
2025-09-03,2025-09-03,CM,BSE,STK,543223,INE0CG601016,MAXIND,B,,,,,Max India Limited,219.1,223.0,217.0,219.9,222.05,219.75,,219.84,,,4885,1077404.0,235,F1,1,,,,,
2025-09-03,2025-09-03,CM,BSE,STK,543224,INF179KC1HY0,HDFCNIFBAN,B,,,,,HDFC Mutual Fund,54.53,55.66,54.51,55.6,55.66,55.18,,55.43,,,8041,444153.0,143,F1,1,,,,,
2025-09-03,2025-09-03,CM,BSE,STK,543225,INE0BWS23018,ALTIUSINVIT,IF,,,,,Altius Telecom Infrastructure,149.0,149.0,149.0,149.0,149.0,150.0,,149.0,,,275000,40975000.0,9,F1,25000,,,,,
2025-09-03,2025-09-03,CM,BSE,STK,543226,INF789F1AUV1,UTIBANKETF,B,,,,,UTI Mutual Fund,55.48,55.93,55.35,55.72,55.8,55.48,,55.72,,,5716,318067.0,68,F1,1,,,,,
2025-09-03,2025-09-03,CM,BSE,STK,543227,INE419U01012,HAPPSTMNDS,A,,,,,Happiest Minds Technologies Li,570.0,577.0,567.05,573.7,573.65,570.55,,573.4,,,30430,17449928.0,1816,F1,1,,,,,
2025-09-03,2025-09-03,CM,BSE,STK,543228,INE450U01017,ROUTE,A,,,,,Route Mobile Limited,851.05,856.1,849.0,850.9,852.0,854.05,,850.3,,,3188,2714658.0,521,F1,1,,,,,
2025-09-03,2025-09-03,CM,BSE,STK,543229,INE412J01010,SAMRATFORG,X,,,,,Samrat Forgings Limited,274.0,298.95,274.0,279.95,279.95,274.2,,279.95,,,96,26732.0,14,F1,1,,,,,
2025-09-03,2025-09-03,CM,BSE,STK,543230,INE0ALI01010,ADVAIT,B,,,,,ADVAIT ENERGY TRANSITIONS LIMI,1900.5,1919.0,1861.0,1875.25,1878.0,1880.85,,1875.25,,,21761,40867525.0,1626,F1,1,,,,,
2025-09-03,2025-09-03,CM,BSE,STK,543231,INE0CHO01012,ADL,B,,,,,Archidply Decor Limited,87.53,90.0,85.0,85.1,85.1,87.75,,86.62,,,3759,328283.0,79,F1,1,,,,,
2025-09-03,2025-09-03,CM,BSE,STK,543232,INE596I01012,CAMS,A,,,,,Computer Age Management Servic,3800.05,3824.65,3789.55,3805.0,3805.0,3802.8,,3803.7,,,11211,42689543.0,1690,F1,1,,,,,
2025-09-03,2025-09-03,CM,BSE,STK,543233,INE03YM01018,CHEMCON,B,,,,,Chemcon Speciality Chemicals L,216.55,217.95,212.5,214.5,213.8,216.25,,214.28,,,3092,667333.0,225,F1,1,,,,,
2025-09-03,2025-09-03,CM,BSE,STK,543234,INE0BTM01013,SECMARK,T,,,,,Secmark Consultancy Limited,135.85,135.85,135.85,135.85,135.85,136.7,,134.53,,,1,135.0,1,F1,1,,,,,
2025-09-03,2025-09-03,CM,BSE,STK,543235,INE732I01013,ANGELONE,A,,,,,ANGEL ONE LIMITED,2297.8,2297.8,2251.0,2271.45,2271.45,2277.3,,2272.2,,,62351,141452691.0,5131,F1,1,,,,,
2025-09-03,2025-09-03,CM,BSE,STK,543236,INE09KD01013,ATAM,B,,,,,Atam Valves Limited,91.45,92.01,90.32,90.89,90.84,91.15,,90.93,,,4878,446650.0,208,F1,1,,,,,
2025-09-03,2025-09-03,CM,BSE,STK,543237,INE249Z01020,MAZDOCK,A,,,,,Mazagon Dock Shipbuilders Limi,2744.9,2779.0,2710.1,2715.95,2716.0,2731.35,,2715.8,,,119638,327478372.0,9963,F1,1,,,,,
2025-09-03,2025-09-03,CM,BSE,STK,543238,INE094J01016,UTIAMC,A,,,,,UTI Asset Management Company L,1317.45,1360.0,1299.1,1349.05,1352.7,1304.9,,1349.4,,,4214,5620691.0,658,F1,1,,,,,
2025-09-03,2025-09-03,CM,BSE,STK,543239,INE0E2801015,GMPL,M,,,,,G M Polyplast Limited,77.0,83.25,77.0,78.05,78.05,77.26,,78.05,,,4200,329210.0,6,F1,700,,,,,
2025-09-03,2025-09-03,CM,BSE,STK,543240,INE060901027,LIKHITHA,B,,,,,Likhitha Infrastructure Limite,253.05,253.75,249.95,253.5,253.5,252.15,,252.97,,,3908,986461.0,157,F1,1,,,,,
2025-09-03,2025-09-03,CM,BSE,STK,543242,INE0AJG01018,HEMIPROP,B,,,,,Hemisphere Properties India Li,142.0,170.25,141.45,167.65,167.65,141.9,,167.72,,,1182931,194407438.0,8189,F1,1,,,,,
2025-09-03,2025-09-03,CM,BSE,STK,543243,INE063P01018,EQUITASBNK,A,,,,,Equitas Small Finance Bank Lim,51.86,51.86,50.85,51.46,51.55,51.31,,51.42,,,153084,7846817.0,1447,F1,1,,,,,
2025-09-03,2025-09-03,CM,BSE,STK,543244,INE0BLY01023,SHINEFASH,MT,,,,,Shine Fashions (India) Limited,53.0,53.5,50.5,53.0,53.0,53.0,,53.0,,,68000,3582400.0,10,F1,4000,,,,,
2025-09-03,2025-09-03,CM,BSE,STK,543245,INE068V01023,GLAND,A,,,,,Gland Pharma Limited,1873.85,1893.35,1864.7,1879.1,1884.55,1864.55,,1877.0,,,4066,7655991.0,359,F1,1,,,,,
2025-09-03,2025-09-03,CM,BSE,STK,543246,INF769K01GS9,ESG,B,,,,,Mirae Asset Mutual Fund,42.3,42.53,42.2,42.53,42.53,42.21,,42.5,,,317,13397.0,7,F1,1,,,,,
2025-09-03,2025-09-03,CM,BSE,STK,543248,INE07T201019,RBA,A,,,,,Restaurant Brands Asia Limited,82.94,84.09,81.06,81.3,82.0,82.32,,81.44,,,42110,3477216.0,503,F1,1,,,,,
2025-09-03,2025-09-03,CM,BSE,STK,543249,INE0EK901012,TARC,B,,,,,TARC LIMITED,158.85,164.2,158.3,163.4,163.75,158.2,,163.44,,,34774,5649492.0,700,F1,1,,,,,
2025-09-03,2025-09-03,CM,BSE,STK,543250,INF247L01AK4,MOGSEC,F,,,,,Motilal Oswal Mutual Fund,62.0,62.05,61.72,61.72,61.72,61.87,,61.88,,,153,9460.0,15,F1,1,,,,,
2025-09-03,2025-09-03,CM,BSE,STK,543251,INE09E501017,RVHL,B,,,,,Ravinder Heights Limited,45.8,46.02,45.8,46.02,46.02,45.51,,46.14,,,11,506.0,2,F1,1,,,,,
2025-09-03,2025-09-03,CM,BSE,STK,543252,INE0DNW01011,FAIRCHEMOR,B,,,,,Fairchem Organics Limited,798.05,799.55,791.75,795.8,799.55,782.4,,796.95,,,122,97184.0,44,F1,1,,,,,
2025-09-03,2025-09-03,CM,BSE,STK,543253,INE495P01012,BECTORFOOD,A,,,,,Mrs. Bectors Food Specialities,1350.2,1390.0,1350.2,1379.35,1376.5,1363.15,,1373.7,,,11833,16254698.0,956,F1,1,,,,,
2025-09-03,2025-09-03,CM,BSE,STK,543254,INE01BK01022,AWHCL,B,,,,,Antony Waste Handling Cell Lim,570.05,582.0,570.0,580.95,582.0,572.1,,580.85,,,10003,5776762.0,755,F1,1,,,,,
2025-09-03,2025-09-03,CM,BSE,STK,543255,INF732E01268,INFRABEES,B,,,,,Nippon India Mutual Fund,922.6,928.32,922.6,928.15,928.17,926.01,,926.43,,,332,307466.0,26,F1,1,,,,,
2025-09-03,2025-09-03,CM,BSE,STK,543256,INE018S01016,RFLL,X,,,,,RITA FINANCE AND LEASING LIMIT,24.99,24.99,22.5,23.7,23.5,22.99,,23.7,,,7364,177398.0,32,F1,1,,,,,
2025-09-03,2025-09-03,CM,BSE,STK,543257,INE053F01010,IRFC,A,,,,,Indian Railway Finance Corpora,123.4,124.15,122.65,123.6,123.6,123.0,,123.58,,,1023865,126249107.0,8921,F1,1,,,,,
2025-09-03,2025-09-03,CM,BSE,STK,543258,INE09VQ01012,INDIGOPNTS,A,,,,,Indigo Paints Limited,1110.1,1158.0,1110.1,1142.2,1135.65,1121.65,,1142.8,,,5429,6198708.0,883,F1,1,,,,,
2025-09-03,2025-09-03,CM,BSE,STK,543259,INE481N01025,HOMEFIRST,A,,,,,Home First Finance Company Ind,1238.35,1263.2,1232.55,1260.5,1256.5,1246.5,,1261.0,,,3912,4867606.0,529,F1,1,,,,,
2025-09-03,2025-09-03,CM,BSE,STK,543260,INE00IN01015,STOVEKRAFT,B,,,,,STOVE KRAFT LIMITED,665.05,672.2,661.7,664.55,667.0,670.35,,665.1,,,7549,5020476.0,559,F1,1,,,,,
2025-09-03,2025-09-03,CM,BSE,STK,543261,INE0FDU25010,BIRET,IF,,,,,Brookfield India Real Estate T,318.94,324.88,318.0,318.35,318.35,317.51,,318.18,,,7349,2355691.0,341,F1,1,,,,,
2025-09-03,2025-09-03,CM,BSE,STK,543262,INE0D7801012,MRP,M,,,,,MRP Agro Limited,96.2,100.0,95.95,99.8,100.0,101.25,,99.8,,,40000,3923950.0,33,F1,1000,,,,,
2025-09-03,2025-09-03,CM,BSE,STK,543263,INE103C01036,SMCGLOBAL,B,,,,,SMC Global Securities Limited,136.75,139.9,133.35,135.55,137.8,136.75,,135.91,,,923,126278.0,44,F1,1,,,,,
2025-09-03,2025-09-03,CM,BSE,STK,543264,INE0DSF01015,NURECA,B,,,,,Nureca Limited,250.0,252.6,242.3,251.95,252.3,243.95,,251.64,,,3512,877867.0,160,F1,1,,,,,
2025-09-03,2025-09-03,CM,BSE,STK,543265,INE0DD101019,RAILTEL,A,,,,,RailTel Corporation of India L,352.15,355.0,347.05,348.3,348.6,351.95,,348.05,,,63081,22061033.0,1561,F1,1,,,,,
2025-09-03,2025-09-03,CM,BSE,STK,543266,INE694N01015,HERANBA,B,,,,,Heranba Industries Limited,351.05,361.9,344.95,353.75,352.65,348.45,,353.2,,,5208,1845801.0,159,F1,1,,,,,
2025-09-03,2025-09-03,CM,BSE,STK,543267,INE179G01029,DAVANGERE,B,,,,,Davangere Sugar Company Limite,3.75,4.05,3.69,4.01,4.01,4.0,,4.02,,,16862582,64410710.0,3166,F1,1,,,,,
2025-09-03,2025-09-03,CM,BSE,STK,543268,INE03RS01027,DRCSYSTEMS,T,,,,,DRC Systems India Limited,19.46,20.15,19.46,19.99,19.99,19.45,,19.88,,,20480,409349.0,51,F1,1,,,,,
2025-09-03,2025-09-03,CM,BSE,STK,543270,INE864I01014,MTARTECH,A,,,,,MTAR Technologies Limited,1431.05,1459.7,1431.05,1453.35,1453.35,1439.7,,1453.8,,,5315,7709658.0,891,F1,1,,,,,
2025-09-03,2025-09-03,CM,BSE,STK,543271,INE0BY001018,JUBLINGREA,A,,,,,Jubilant Ingrevia Limited,731.7,736.5,730.0,731.5,730.95,730.55,,731.7,,,5548,4057035.0,207,F1,1,,,,,
2025-09-03,2025-09-03,CM,BSE,STK,543272,INE07O001026,EASEMYTRIP,A,,,,,Easy Trip Planners Limited,8.43,8.55,8.36,8.52,8.52,8.42,,8.51,,,2240522,18971617.0,2872,F1,1,,,,,
2025-09-03,2025-09-03,CM,BSE,STK,543273,INE0CJD01011,KMEW,B,,,,,Knowledge Marine & Engineering,1795.25,1800.0,1751.5,1768.2,1775.7,1823.8,,1763.7,,,1440,2555720.0,214,F1,1,,,,,
2025-09-03,2025-09-03,CM,BSE,STK,543274,INE0EMB01015,SUUMAYA,MT,,,,,SUUMAYA CORPORATION LIMITED,1.76,1.8,1.69,1.73,1.76,1.77,,1.73,,,87300,149980.0,87,F1,450,,,,,
2025-09-03,2025-09-03,CM,BSE,STK,543275,INE930P01018,ANURAS,A,,,,,Anupam Rasayan India Limited,1115.0,1130.0,1096.2,1102.7,1101.2,1114.95,,1105.7,,,6587,7322330.0,844,F1,1,,,,,
2025-09-03,2025-09-03,CM,BSE,STK,543276,INE00LO01017,CRAFTSMAN,A,,,,,Craftsman Automation Limited,6990.35,6990.35,6851.5,6914.2,6898.0,6955.55,,6898.5,,,1253,8641267.0,225,F1,1,,,,,
2025-09-03,2025-09-03,CM,BSE,STK,543277,INE576O01020,LXCHEM,A,,,,,Laxmi Organic Industries Limit,208.05,218.5,208.05,217.05,217.05,208.05,,217.13,,,73156,15775605.0,1695,F1,1,,,,,
2025-09-03,2025-09-03,CM,BSE,STK,543278,INE303R01014,KALYANKJIL,A,,,,,Kalyan Jewellers India Limited,506.9,521.25,506.9,514.25,514.0,508.5,,514.1,,,163754,84368439.0,3640,F1,1,,,,,
2025-09-03,2025-09-03,CM,BSE,STK,543279,INE428Q01011,SURYODAY,B,,,,,Suryoday Small Finance Bank Li,128.15,128.15,123.2,123.7,124.0,124.45,,123.67,,,10748,1335830.0,340,F1,1,,,,,
2025-09-03,2025-09-03,CM,BSE,STK,543280,INE418L01021,NAZARA,A,,,,,Nazara Technologies Limited,1164.0,1164.05,1120.3,1132.6,1132.6,1158.15,,1135.9,,,92492,105251957.0,1642,F1,1,,,,,
2025-09-03,2025-09-03,CM,BSE,STK,543281,INE018401013,SUVIDHAA,T,,,,,Suvidhaa Infoserve Limited,4.19,4.19,4.1,4.11,4.11,4.11,,4.14,,,5425,22575.0,24,F1,1,,,,,
2025-09-03,2025-09-03,CM,BSE,STK,543283,INE382M01027,BARBEQUE,B,,,,,BARBEQUE-NATION HOSPITALITY LI,260.05,267.95,260.05,264.65,265.2,268.35,,264.55,,,104538,27857811.0,193,F1,1,,,,,
2025-09-03,2025-09-03,CM,BSE,STK,543284,INE0CPR01018,EKI,B,,,,,EKI Energy Services Limited,113.55,115.2,112.05,114.0,114.0,111.85,,114.0,,,13579,1549988.0,443,F1,1,,,,,
2025-09-03,2025-09-03,CM,BSE,STK,543286,INE0D9X01018,JETMALL,MT,,,,,Jetmall Spices and Masala Limi,24.53,24.53,24.53,24.53,24.53,24.05,,24.53,,,6000,147180.0,1,F1,6000,,,,,
2025-09-03,2025-09-03,CM,BSE,STK,543287,INE670K01029,LODHA,A,,,,,Lodha Developers Limited,1204.95,1204.95,1192.25,1200.8,1201.9,1193.7,,1201.4,,,12347,14793841.0,833,F1,1,,,,,
2025-09-03,2025-09-03,CM,BSE,STK,543288,INE0FHS01024,DEEPINDS,B,,,,,Deep Industries Limited,554.4,578.0,553.85,567.5,567.5,554.4,,567.1,,,9079,5155152.0,776,F1,1,,,,,
2025-09-03,2025-09-03,CM,BSE,STK,543290,INE0GGX23010,PGINVIT,IF,,,,,POWERGRID Infrastructure Inves,91.06,91.58,90.91,91.03,91.05,91.02,,90.99,,,105045,9586245.0,1034,F1,1,,,,,
2025-09-03,2025-09-03,CM,BSE,STK,543291,INF769K01HF4,MAFANG,B,,,,,Mirae Asset Mutual Fund,158.76,158.76,158.76,158.76,158.76,158.76,,159.21,,,25322,4020120.0,242,F1,1,,,,,
2025-09-03,2025-09-03,CM,BSE,STK,543292,INF109KC1Q72,HEALTHIETF,B,,,,,ICICI Prudential Mutual Fund,146.9,148.77,146.39,148.27,148.2,146.96,,148.25,,,3614,533818.0,117,F1,1,,,,,
2025-09-03,2025-09-03,CM,BSE,STK,543298,INE505Y01010,VINEETLAB,T,,,,,Vineet Laboratories Limited,34.18,34.18,34.18,34.18,34.18,34.18,,34.18,,,6,205.0,1,F1,1,,,,,
2025-09-03,2025-09-03,CM,BSE,STK,543299,INE810G01011,SHYAMMETL,A,,,,,Shyam Metalics and Energy Limi,895.05,938.95,895.05,933.65,937.85,902.35,,934.55,,,10882,10094383.0,718,F1,1,,,,,
2025-09-03,2025-09-03,CM,BSE,STK,543300,INE073K01018,SONACOMS,A,,,,,Sona BLW Precision Forgings Li,444.75,451.0,442.4,450.1,450.1,444.75,,450.0,,,38850,17297274.0,953,F1,1,,,,,
2025-09-03,2025-09-03,CM,BSE,STK,543301,INF200KA1W75,SFMP45GR,F,,,,,SBI Mutual Fund,677.66,677.66,677.66,677.66,677.66,752.95,,677.66,,,1,677.0,1,F1,1,,,,,
2025-09-03,2025-09-03,CM,BSE,STK,543306,INE021O01019,DODLA,A,,,,,Dodla Dairy Limited,1385.05,1440.0,1385.05,1433.75,1433.75,1402.45,,1434.7,,,3582,5100484.0,574,F1,1,,,,,
2025-09-03,2025-09-03,CM,BSE,STK,543308,INE967H01025,KIMS,A,,,,,Krishna Institute of Medical S,740.95,748.5,729.1,735.15,745.0,736.45,,737.55,,,6670,4939508.0,706,F1,1,,,,,
2025-09-03,2025-09-03,CM,BSE,STK,543311,INE0D6701023,IPL,B,,,,,India Pesticides Limited,212.2,217.35,212.0,213.8,213.5,212.05,,213.82,,,15847,3407143.0,490,F1,1,,,,,
2025-09-03,2025-09-03,CM,BSE,STK,543317,INE201P01022,GRINFRA,A,,,,,G R Infraprojects Limited,1272.9,1290.0,1270.3,1286.15,1286.15,1275.7,,1286.8,,,859,1103793.0,160,F1,1,,,,,
2025-09-03,2025-09-03,CM,BSE,STK,543318,INE227W01023,CLEAN,A,,,,,Clean Science and Technology L,1163.0,1179.0,1160.3,1174.8,1175.0,1165.4,,1174.0,,,7581,8854949.0,852,F1,1,,,,,
2025-09-03,2025-09-03,CM,BSE,STK,543320,INE758T01015,ETERNAL,A,,,,,Eternal Limited,325.0,329.0,322.0,326.0,326.0,322.25,,326.1,,,792685,257754661.0,8345,F1,1,,,,,
2025-09-03,2025-09-03,CM,BSE,STK,543321,INE0GK401011,TATVA,B,,,,,Tatva Chintan Pharma Chem Limi,1050.55,1086.3,1046.6,1071.2,1065.0,1050.5,,1071.4,,,3552,3808529.0,263,F1,1,,,,,
2025-09-03,2025-09-03,CM,BSE,STK,543322,INE03Q201024,ALIVUS,A,,,,,ALIVUS LIFE SCIENCES LIMITED,928.45,945.5,928.45,937.35,936.5,934.1,,937.35,,,1649,1545670.0,199,F1,1,,,,,
2025-09-03,2025-09-03,CM,BSE,STK,543323,INF769K01HI8,BFSI,B,,,,,Mirae Asset Mutual Fund,26.82,26.82,26.33,26.63,26.64,26.44,,26.62,,,6108,161644.0,64,F1,1,,,,,
2025-09-03,2025-09-03,CM,BSE,STK,543324,INE199P01028,GCSL,M,,,,,Gretex Corporate Services Limi,265.0,271.0,265.0,271.0,271.0,263.0,,271.0,,,3060,823101.0,4,F1,765,,,,,
2025-09-03,2025-09-03,CM,BSE,STK,543325,INE645S01016,ROLEXRINGS,B,,,,,Rolex Rings Limited,1367.7,1409.0,1367.7,1398.65,1401.0,1390.8,,1399.3,,,2521,3521080.0,483,F1,1,,,,,
2025-09-03,2025-09-03,CM,BSE,STK,543326,INF109KC19V3,FMCGIETF,B,,,,,ICICI Prudential Mutual Fund,60.6,60.98,60.51,60.86,60.86,60.57,,60.87,,,392425,23843702.0,1445,F1,1,,,,,
2025-09-03,2025-09-03,CM,BSE,STK,543327,INE0GFE01026,EXXARO,T,,,,,Exxaro Tiles Limited,8.18,8.18,7.85,8.05,8.05,8.05,,8.04,,,56439,455138.0,136,F1,1,,,,,
2025-09-03,2025-09-03,CM,BSE,STK,543328,INE08LI01020,KRSNAA,B,,,,,Krsnaa Diagnostics Limited,795.0,812.05,794.85,805.3,812.05,794.35,,804.9,,,3045,2452307.0,314,F1,1,,,,,
2025-09-03,2025-09-03,CM,BSE,STK,543329,INE0H5O01029,WINDLAS,B,,,,,Windlas Biotech Limited,960.05,992.55,960.05,978.85,983.2,971.6,,979.8,,,1089,1068814.0,190,F1,1,,,,,
2025-09-03,2025-09-03,CM,BSE,STK,543330,INE872J01023,DEVYANI,A,,,,,Devyani International Limited,173.2,177.1,173.2,175.0,174.95,175.15,,175.19,,,63763,11173328.0,1283,F1,1,,,,,
2025-09-03,2025-09-03,CM,BSE,STK,543331,INE0CT101020,MOL,B,,,,,Meghmani Organics Limited,82.52,84.47,81.91,82.32,82.8,82.56,,82.21,,,83669,6952414.0,1062,F1,1,,,,,
2025-09-03,2025-09-03,CM,BSE,STK,543332,INE071N01016,EPIGRAL,A,,,,,Epigral Limited,1795.0,1824.85,1791.0,1797.0,1791.1,1796.75,,1802.3,,,588,1059427.0,142,F1,1,,,,,
2025-09-03,2025-09-03,CM,BSE,STK,543333,INE290S01011,CARTRADE,A,,,,,CarTrade Tech Limited,2462.3,2593.65,2462.3,2583.15,2580.0,2461.15,,2583.1,,,15514,39609444.0,1986,F1,1,,,,,
2025-09-03,2025-09-03,CM,BSE,STK,543334,INE118D01016,NUVOCO,A,,,,,Nuvoco Vistas Corporation Limi,463.0,466.0,459.95,463.1,463.1,457.05,,462.5,,,20330,9414474.0,703,F1,1,,,,,
2025-09-03,2025-09-03,CM,BSE,STK,543335,INE852O01025,APTUS,A,,,,,Aptus Value Housing Finance In,328.55,333.9,323.9,331.95,331.95,324.4,,332.15,,,114962,37747180.0,3449,F1,1,,,,,
2025-09-03,2025-09-03,CM,BSE,STK,543336,INE488A01050,CHEMPLASTS,A,,,,,Chemplast Sanmar Limited,424.7,426.25,422.8,425.8,425.0,422.75,,425.7,,,541,230067.0,86,F1,1,,,,,
2025-09-03,2025-09-03,CM,BSE,STK,543341,INE647W01014,SHARPLINE,X,,,,,SHARPLINE BROADCAST LIMITED,13.2,13.64,12.72,13.43,13.43,13.2,,13.43,,,3575,47839.0,19,F1,1,,,,,
2025-09-03,2025-09-03,CM,BSE,STK,543348,INF846K01Z12,AXISHCETF,B,,,,,Axis Mutual Fund,146.3,147.1,146.3,146.76,146.76,146.24,,147.04,,,254,37235.0,10,F1,1,,,,,
2025-09-03,2025-09-03,CM,BSE,STK,543349,INE00FF01025,ACUTAAS,A,,,,,ACUTAAS CHEMICALS LIMITED,1407.95,1431.0,1398.9,1411.05,1419.0,1406.5,,1412.1,,,16805,23699723.0,1228,F1,1,,,,,
2025-09-03,2025-09-03,CM,BSE,STK,543350,INE043W01024,VIJAYA,A,,,,,Vijaya Diagnostic Centre Limit,1035.15,1078.5,1030.7,1064.9,1064.3,1031.4,,1065.2,,,25237,26699471.0,1341,F1,1,,,,,
2025-09-03,2025-09-03,CM,BSE,STK,543351,INE0GOA01018,NBL,MS,,,,,Naapbooks Limited,140.0,140.0,139.9,139.9,139.9,124.05,,139.9,,,3600,503760.0,3,F1,1200,,,,,
2025-09-03,2025-09-03,CM,BSE,STK,543352,INE0DTJ01015,POBS,M,,,,,PlatinumOne Business Services,144.95,144.95,144.95,144.95,144.95,121.1,,144.95,,,600,86970.0,1,F1,600,,,,,
2025-09-03,2025-09-03,CM,BSE,STK,543357,INF846K016C7,AXISCETF,B,,,,,Axis Mutual Fund,126.11,126.49,126.11,126.49,126.49,125.56,,126.46,,,52,6558.0,4,F1,1,,,,,
2025-09-03,2025-09-03,CM,BSE,STK,543358,INE953O01021,SANSERA,A,,,,,Sansera Engineering Limited,1290.15,1308.95,1290.15,1303.7,1303.7,1294.0,,1302.7,,,2412,3139076.0,301,F1,1,,,,,
2025-09-03,2025-09-03,CM,BSE,STK,543363,INE0GAO01018,PREVEST,M,,,,,Prevest Denpro Limited,580.0,585.0,580.0,581.95,581.4,585.35,,581.95,,,6000,3490990.0,19,F1,200,,,,,
2025-09-03,2025-09-03,CM,BSE,STK,543364,INE0FW001016,MARKOLINES,B,,,,,Markolines Pavement Technologi,170.3,173.25,166.25,168.5,168.5,170.1,,168.5,,,178798,30544266.0,1269,F1,1,,,,,
2025-09-03,2025-09-03,CM,BSE,STK,543365,INF769K01HP3,MASPTOP50,B,,,,,Mirae Asset Mutual Fund,63.55,64.82,63.0,64.82,64.82,64.82,,65.61,,,19706,1277221.0,102,F1,1,,,,,
2025-09-03,2025-09-03,CM,BSE,STK,543366,INE0DLM01024,SBLI,M,,,,,SBL Infratech Limited,41.25,41.25,37.5,37.5,37.5,37.5,,37.5,,,42000,1723500.0,16,F1,1200,,,,,
2025-09-03,2025-09-03,CM,BSE,STK,543367,INE045601023,PARAS,A,,,,,Paras Defence and Space Techno,672.9,676.55,660.2,664.3,664.3,669.8,,664.4,,,46565,31090734.0,2926,F1,1,,,,,
2025-09-03,2025-09-03,CM,BSE,STK,543373,INE0HLJ01013,SVRL,M,,,,,Shri Venkatesh Refineries Limi,221.6,232.0,220.0,228.0,220.0,228.6,,228.0,,,3500,784300.0,5,F1,500,,,,,
2025-09-03,2025-09-03,CM,BSE,STK,543374,INE404A01024,ABSLAMC,A,,,,,Aditya Birla Sun Life AMC Limi,824.0,839.2,822.35,833.45,836.0,826.6,,833.5,,,13669,11350336.0,1116,F1,1,,,,,
2025-09-03,2025-09-03,CM,BSE,STK,543376,INE0GD201014,SAMOR,B,,,,,Samor Reality Limited,57.75,57.75,53.11,56.24,56.29,55.0,,56.24,,,3004,171161.0,51,F1,1,,,,,
2025-09-03,2025-09-03,CM,BSE,STK,543383,INF109KC1V42,CONSUMIETF,B,,,,,ICICI Prudential Mutual Fund,126.65,126.89,126.3,126.85,126.75,126.13,,126.82,,,10775,1362986.0,45,F1,1,,,,,
2025-09-03,2025-09-03,CM,BSE,STK,543384,INE388Y01029,NYKAA,A,,,,,FSN E-Commerce Ventures Limite,234.75,238.5,231.4,237.65,237.65,232.35,,237.71,,,270230,63722774.0,3629,F1,1,,,,,
2025-09-03,2025-09-03,CM,BSE,STK,543386,INE02NC01014,FINOPB,B,,,,,Fino Payments Bank Limited,278.25,283.8,276.7,278.45,277.95,282.4,,278.75,,,19174,5370138.0,567,F1,1,,,,,
2025-09-03,2025-09-03,CM,BSE,STK,543387,INE284S01014,SJS,A,,,,,S.J.S. Enterprises Limited,1357.85,1429.25,1335.65,1414.95,1414.95,1350.55,,1415.9,,,38393,53597255.0,4658,F1,1,,,,,
2025-09-03,2025-09-03,CM,BSE,STK,543388,INF740KA1QK2,EQUAL50ADD,B,,,,,DSP Mutual Fund,322.54,327.78,322.54,327.78,327.78,325.87,,327.96,,,3,974.0,3,F1,1,,,,,
2025-09-03,2025-09-03,CM,BSE,STK,543389,INE0D0K01022,SIGACHI,B,,,,,Sigachi Industries Limited,31.98,32.31,31.57,31.77,31.8,31.91,,31.82,,,273447,8714350.0,1360,F1,1,,,,,
2025-09-03,2025-09-03,CM,BSE,STK,543390,INE417T01026,POLICYBZR,A,,,,,PB Fintech Limited,1810.95,1849.0,1809.6,1830.8,1837.4,1826.45,,1830.2,,,14088,25861712.0,1100,F1,1,,,,,
2025-09-03,2025-09-03,CM,BSE,STK,543391,INE07GA01011,SGFRL,M,,,,,Suyog Gurbaxani Funicular Rope,115.0,120.0,115.0,115.0,115.0,113.0,,115.0,,,3750,439500.0,5,F1,750,,,,,
2025-09-03,2025-09-03,CM,BSE,STK,543396,INE982J01020,PAYTM,A,,,,,One 97 Communications Limited,1260.0,1291.05,1257.15,1288.35,1288.35,1258.2,,1288.3,,,313025,399752342.0,9705,F1,1,,,,,
2025-09-03,2025-09-03,CM,BSE,STK,543397,INE806T01020,SAPPHIRE,A,,,,,Sapphire Foods India Limited,320.15,325.95,320.15,323.2,322.5,321.25,,323.15,,,9442,3054744.0,360,F1,1,,,,,
2025-09-03,2025-09-03,CM,BSE,STK,543398,INE0I7C01011,LATENTVIEW,A,,,,,Latent View Analytics Limited,416.25,426.8,413.7,424.8,424.8,414.4,,424.9,,,18814,7910633.0,1070,F1,1,,,,,
2025-09-03,2025-09-03,CM,BSE,STK,543399,INE144Z01023,TARSONS,B,,,,,Tarsons Products Limited,316.5,320.05,316.5,318.35,319.1,317.05,,318.1,,,1434,455885.0,131,F1,1,,,,,
2025-09-03,2025-09-03,CM,BSE,STK,543400,INE0JFE01012,OMNIPOTENT,MT,,,,,Omnipotent Industries Limited,7.67,7.68,7.67,7.67,7.67,8.07,,7.67,,,16000,122740.0,7,F1,2000,,,,,
2025-09-03,2025-09-03,CM,BSE,STK,543401,INE0BJS01011,GOCOLORS,A,,,,,Go Fashion (India) Limited,716.75,731.0,716.7,722.8,723.05,710.05,,723.1,,,4563,3310514.0,407,F1,1,,,,,
2025-09-03,2025-09-03,CM,BSE,STK,543410,INE07L501010,DMR,MT,,,,,DMR Hydroengineering & Infrast,60.07,60.07,60.07,60.07,60.07,63.23,,60.07,,,1950,117136.0,1,F1,1950,,,,,
2025-09-03,2025-09-03,CM,BSE,STK,543411,INE106T01025,HITECH,B,,,,,HI-TECH PIPES LIMITED,87.98,91.95,87.98,91.16,91.0,87.98,,91.15,,,222356,19927432.0,1596,F1,1,,,,,
2025-09-03,2025-09-03,CM,BSE,STK,543412,INE575P01011,STARHEALTH,A,,,,,Star Health and Allied Insuran,440.95,453.95,440.95,452.1,448.1,439.65,,452.05,,,18912,8494346.0,670,F1,1,,,,,
2025-09-03,2025-09-03,CM,BSE,STK,543413,INE011K01018,TEGA,A,,,,,Tega Industries Limited,2009.95,2034.65,1978.85,1990.45,1990.45,1999.0,,1987.5,,,17046,34258341.0,1633,F1,1,,,,,
2025-09-03,2025-09-03,CM,BSE,STK,543414,INF769K01HS7,MAHKTECH,B,,,,,Mirae Asset Mutual Fund,26.35,26.37,26.0,26.37,26.34,25.82,,26.34,,,376027,9882734.0,1257,F1,1,,,,,
2025-09-03,2025-09-03,CM,BSE,STK,543415,INE463V01026,ANANDRATHI,A,,,,,Anand Rathi Wealth Limited,2901.95,2931.0,2873.5,2924.85,2927.15,2935.55,,2926.9,,,3469,10078221.0,553,F1,1,,,,,
2025-09-03,2025-09-03,CM,BSE,STK,543416,INE761Y01019,ZODIAC,T,,,,,Zodiac Energy Limited,389.9,405.55,380.0,396.55,396.55,386.25,,398.6,,,2935,1159887.0,159,F1,1,,,,,
2025-09-03,2025-09-03,CM,BSE,STK,543417,INE0CLI01024,RATEGAIN,A,,,,,RateGain Travel Technologies L,554.5,595.0,551.15,590.3,590.3,550.75,,590.05,,,188570,109222892.0,7091,F1,1,,,,,
2025-09-03,2025-09-03,CM,BSE,STK,543418,INF754K01OB1,BBETF0432,F,,,,,Edelweiss Mutual Fund,1277.99,1283.0,1277.99,1283.0,1283.0,1284.61,,1282.63,,,575,736429.0,10,F1,1,,,,,
2025-09-03,2025-09-03,CM,BSE,STK,543419,INE217L01019,SHRIRAMPPS,B,,,,,Shriram Properties Limited,86.51,93.19,86.41,91.11,91.0,87.16,,91.11,,,199272,18117052.0,1483,F1,1,,,,,
2025-09-03,2025-09-03,CM,BSE,STK,543420,INE982V01025,JETFREIGHT,B,,,,,Jet Freight Logistics Limited,13.37,13.72,13.3,13.4,13.66,13.37,,13.5,,,1394,18682.0,44,F1,1,,,,,
2025-09-03,2025-09-03,CM,BSE,STK,543425,INE0BV301023,MAPMYINDIA,A,,,,,C.E. Info Systems Limited,1679.95,1679.95,1640.85,1647.95,1647.95,1647.85,,1648.4,,,1061,1746751.0,141,F1,1,,,,,
2025-09-03,2025-09-03,CM,BSE,STK,543426,INE317I01021,METROBRAND,A,,,,,Metro Brands Limited,1185.0,1192.2,1164.5,1169.5,1167.0,1185.6,,1170.8,,,2518,2950230.0,343,F1,1,,,,,
2025-09-03,2025-09-03,CM,BSE,STK,543427,INE804L01022,MEDPLUS,A,,,,,Medplus Health Services Limite,845.2,849.1,831.5,843.25,844.3,845.0,,842.6,,,2946,2480737.0,313,F1,1,,,,,
2025-09-03,2025-09-03,CM,BSE,STK,543428,INE0IX101010,DATAPATTNS,A,,,,,Data Patterns (India) Limited,2545.0,2588.1,2526.55,2545.1,2550.0,2545.95,,2546.4,,,11907,30414728.0,1772,F1,1,,,,,
2025-09-03,2025-09-03,CM,BSE,STK,543433,INE0GSL01024,HPAL,B,,,,,HP Adhesives Limited,46.14,46.26,45.46,45.65,45.98,45.49,,45.35,,,18555,848024.0,515,F1,1,,,,,
2025-09-03,2025-09-03,CM,BSE,STK,543434,INE07RO01027,SUPRIYA,B,,,,,Supriya Lifescience Limited,652.05,672.0,649.65,661.7,668.0,660.15,,662.3,,,14822,9790134.0,964,F1,1,,,,,
2025-09-03,2025-09-03,CM,BSE,STK,543435,INE0JJS01014,CLARA,MT,,,,,CLARA INDUSTRIES LIMITED,38.85,38.85,38.85,38.85,38.85,37.0,,38.85,,,16600,644910.0,4,F1,4150,,,,,
2025-09-03,2025-09-03,CM,BSE,STK,543437,INF247L01AU3,MONQ50,B,,,,,Motilal Oswal Mutual Fund,84.99,85.47,83.74,84.51,84.81,84.33,,84.52,,,5420,457891.0,164,F1,1,,,,,
2025-09-03,2025-09-03,CM,BSE,STK,543438,INF740KA1QL0,MIDQ50ADD,B,,,,,DSP Mutual Fund,247.6,250.43,244.38,249.73,249.73,248.86,,248.69,,,949,235136.0,21,F1,1,,,,,
2025-09-03,2025-09-03,CM,BSE,STK,543440,INF740KA1CL0,NIFTY50ADD,B,,,,,DSP Mutual Fund,256.71,258.19,256.59,258.19,258.19,256.71,,257.8,,,159,40884.0,23,F1,1,,,,,
2025-09-03,2025-09-03,CM,BSE,STK,543441,INE925R01014,CMSINFO,A,,,,,CMS Info Systems Limited,411.65,416.0,399.7,414.5,415.6,415.5,,414.85,,,51476,21027364.0,2347,F1,1,,,,,
2025-09-03,2025-09-03,CM,BSE,STK,543442,INE977Y01011,BCONCEPTS,B,,,,,Brand Concepts Limited,274.45,280.75,274.45,277.7,278.4,274.45,,277.65,,,506,140306.0,49,F1,1,,,,,
2025-09-03,2025-09-03,CM,BSE,STK,543443,INE0E4I01027,ASCENSIVE,TS,,,,,Ascensive Educare Limited,18.73,18.74,17.86,17.86,17.86,18.8,,17.86,,,460000,8467800.0,20,F1,10000,,,,,
2025-09-03,2025-09-03,CM,BSE,STK,543449,INE02WG01024,WEL,B,,,,,WONDER ELECTRICALS LIMITED,142.75,142.75,134.5,136.5,137.1,137.65,,136.33,,,19528,2697944.0,395,F1,1,,,,,
2025-09-03,2025-09-03,CM,BSE,STK,543450,INF109KC10V2,AUTOIETF,B,,,,,ICICI Prudential Mutual Fund,26.55,26.55,26.03,26.46,26.49,26.28,,26.46,,,11103,292663.0,93,F1,1,,,,,
2025-09-03,2025-09-03,CM,BSE,STK,543451,INE583L01014,AGSTRA,T,,,,,AGS TRANSACT TECHNOLOGIES LIMI,5.49,5.49,5.49,5.49,5.49,5.6,,5.49,,,10545,57892.0,69,F1,1,,,,,
2025-09-03,2025-09-03,CM,BSE,STK,543452,INF109KC1Y56,SILVERIETF,E,,,,,ICICI Prudential Mutual Fund,119.74,124.18,119.74,123.54,123.63,122.82,,123.52,,,160607,19804298.0,858,F1,1,,,,,
2025-09-03,2025-09-03,CM,BSE,STK,543453,INE0KA601012,ALKOSIGN,M,,,,,ALKOSIGN LIMITED,75.5,79.0,75.5,78.99,78.99,76.0,,78.99,,,9000,703091.0,5,F1,1125,,,,,
2025-09-03,2025-09-03,CM,BSE,STK,543454,INF769K01IB1,MAKEINDIA,B,,,,,Mirae Asset Mutual Fund,148.36,148.85,148.19,148.81,148.85,147.4,,148.84,,,558,82882.0,19,F1,1,,,,,
2025-09-03,2025-09-03,CM,BSE,STK,543458,INE699H01024,AWL,A,,,,,AWL AGRI BUSINESS LIMITED,256.8,268.4,256.0,267.25,267.25,257.2,,267.25,,,113596,29923470.0,2825,F1,1,,,,,
2025-09-03,2025-09-03,CM,BSE,STK,543462,INE060X01034,DEVIT,B,,,,,DEV INFORMATION TECHNOLOGY LIM,41.21,47.39,41.21,45.11,45.11,43.67,,45.26,,,42087,1911602.0,768,F1,1,,,,,
2025-09-03,2025-09-03,CM,BSE,STK,543463,INE825V01034,MANYAVAR,A,,,,,Vedant Fashions Limited,753.0,753.0,739.6,741.4,739.7,743.2,,741.2,,,3073,2292717.0,291,F1,1,,,,,
2025-09-03,2025-09-03,CM,BSE,STK,543464,INE0JSJ01014,SPITZE,M,,,,,Maruti Interior Products Limit,94.5,94.5,94.5,94.5,94.5,94.0,,94.5,,,1000,94500.0,1,F1,1000,,,,,
2025-09-03,2025-09-03,CM,BSE,STK,543465,INF247L01BK2,MOMOMENTUM,B,,,,,Motilal Oswal Mutual Fund,61.53,61.74,60.84,61.28,61.0,61.02,,61.21,,,13576,829772.0,126,F1,1,,,,,
2025-09-03,2025-09-03,CM,BSE,STK,543470,INE728Z01015,SOFTTECH,B,,,,,SoftTech Engineers Limited,397.7,402.4,395.9,395.9,395.9,396.4,,393.75,,,28,11179.0,18,F1,1,,,,,
2025-09-03,2025-09-03,CM,BSE,STK,543471,INF209KB19F6,SILVER,E,,,,,Aditya Birla Sun Life Mutual F,123.03,123.84,123.0,123.7,123.79,122.88,,123.63,,,46345,5718688.0,373,F1,1,,,,,
2025-09-03,2025-09-03,CM,BSE,STK,543472,INF209KB11D8,TECH,B,,,,,Aditya Birla Sun Life Mutual F,37.93,38.18,37.65,37.92,38.18,38.1,,37.83,,,4251,160660.0,40,F1,1,,,,,
2025-09-03,2025-09-03,CM,BSE,STK,543473,INF209KB10C2,HEALTHY,B,,,,,Aditya Birla Sun Life Mutual F,14.8,14.93,14.69,14.85,14.93,14.78,,14.89,,,33771,500816.0,144,F1,1,,,,,
2025-09-03,2025-09-03,CM,BSE,STK,543474,INF209KB19D1,BSLNIFTY,B,,,,,Aditya Birla Sun Life Mutual F,28.29,28.75,28.29,28.73,28.73,28.56,,28.71,,,38675,1107933.0,483,F1,1,,,,,
2025-09-03,2025-09-03,CM,BSE,STK,543475,INE0KCM01010,EKENNIS,M,,,,,Ekennis Software Service Limit,58.0,59.0,55.0,59.0,59.0,49.2,,59.0,,,2400,137600.0,3,F1,800,,,,,
2025-09-03,2025-09-03,CM,BSE,STK,543481,INF769K01IC9,MIDCAPETF,B,,,,,Mirae Asset Mutual Fund,21.51,21.69,21.5,21.65,21.69,21.53,,21.67,,,175825,3795873.0,1151,F1,1,,,,,
2025-09-03,2025-09-03,CM,BSE,STK,543482,INE0KCE01017,EUREKAFORB,A,,,,,Eureka Forbes Limited,587.0,591.6,574.45,586.25,588.5,583.35,,587.25,,,8753,5077108.0,704,F1,1,,,,,
2025-09-03,2025-09-03,CM,BSE,STK,543489,INE079J01017,GATEWAY,B,,,,,Gateway Distriparks Limited,64.13,65.54,64.13,64.85,64.85,64.03,,64.8,,,93298,6061124.0,1177,F1,1,,,,,
2025-09-03,2025-09-03,CM,BSE,STK,543490,INE0CU601026,GMRP&UI,A,,,,,GMR Power and Urban Infra Limi,110.8,112.6,110.8,111.65,111.65,111.05,,111.75,,,103198,11520888.0,979,F1,1,,,,,
2025-09-03,2025-09-03,CM,BSE,STK,543497,INE0KQ001017,BCCL,MT,,,,,Bhatia Colour Chem Limited,311.5,316.0,311.5,316.0,316.0,316.5,,316.0,,,3200,1004000.0,4,F1,800,,,,,
2025-09-03,2025-09-03,CM,BSE,STK,543498,INE0FS801015,MSUMI,A,,,,,Motherson Sumi Wiring India Li,42.7,43.25,42.4,42.89,42.89,43.0,,42.87,,,503669,21540247.0,3088,F1,1,,,,,
2025-09-03,2025-09-03,CM,BSE,STK,543499,INE0K1401020,ACHYUT,MT,,,,,Achyut Healthcare Limited,4.96,5.19,4.96,5.19,5.19,4.96,,5.19,,,94500,475965.0,3,F1,31500,,,,,
2025-09-03,2025-09-03,CM,BSE,STK,543500,INE0JVD01011,EVOQ,M,,,,,Evoq Remedies Limited,3.9,3.9,3.67,3.67,3.67,3.6,,3.67,,,16000,60280.0,4,F1,4000,,,,,
2025-09-03,2025-09-03,CM,BSE,STK,543501,INF247L01BL0,MOLOWVOL,B,,,,,Motilal Oswal Mutual Fund,37.95,38.06,37.56,37.62,37.56,38.05,,37.76,,,1425,53763.0,11,F1,1,,,,,
2025-09-03,2025-09-03,CM,BSE,STK,543512,INE652Z01017,AVROIND,B,,,,,Avro India Limited,149.4,150.8,145.0,147.1,147.75,148.15,,146.29,,,2178,326047.0,59,F1,1,,,,,
2025-09-03,2025-09-03,CM,BSE,STK,543513,INE0GIU01018,UMAEXPORTS,T,,,,,Uma Exports Limited,51.31,51.31,50.29,50.35,50.35,51.31,,50.35,,,3342,168534.0,39,F1,1,,,,,
2025-09-03,2025-09-03,CM,BSE,STK,543514,INE0IQ001011,VERANDA,B,,,,,Veranda Learning Solutions Lim,223.0,223.0,212.95,215.15,215.35,217.75,,214.66,,,6310,1366685.0,287,F1,1,,,,,
2025-09-03,2025-09-03,CM,BSE,STK,543515,INE0KPY01017,SEML,MT,,,,,Sunrise Efficient Marketing Li,214.0,214.8,211.75,214.8,214.8,215.2,,214.8,,,3000,639412.0,4,F1,750,,,,,
2025-09-03,2025-09-03,CM,BSE,STK,543516,INE0K5F01014,DHYAANITR,M,,,,,DHYAANI TRADEVENTTURES LIMITED,9.75,9.75,9.75,9.75,9.75,9.64,,9.75,,,2800,27300.0,1,F1,2800,,,,,
2025-09-03,2025-09-03,CM,BSE,STK,543517,INE00EV01017,HARIOMPIPE,B,,,,,Hariom Pipe Industries Limited,489.8,512.95,486.9,500.6,500.6,489.85,,501.3,,,56793,28393181.0,2197,F1,1,,,,,
2025-09-03,2025-09-03,CM,BSE,STK,543518,INE0KSN01014,EIGHTY,M,,,,,Eighty Jewellers Limited,31.0,31.0,31.0,31.0,31.0,33.9,,31.0,,,6000,186000.0,2,F1,3000,,,,,
2025-09-03,2025-09-03,CM,BSE,STK,543519,INE0JMN01019,SFSL,MT,,,,,Shashwat Furnishing Solutions,73.81,73.81,73.81,73.81,73.81,70.3,,73.81,,,6000,442860.0,2,F1,3000,,,,,
2025-09-03,2025-09-03,CM,BSE,STK,543520,INE0J2K01014,GLHRL,MT,,,,,Global Longlife Hospital and R,25.09,25.09,25.09,25.09,25.09,26.4,,25.09,,,1000,25090.0,1,F1,1000,,,,,
2025-09-03,2025-09-03,CM,BSE,STK,543521,INE0L3H01014,FONE4,M,,,,,Fone4 Communications (India) L,6.05,6.5,6.05,6.5,6.5,6.7,,6.5,,,20000,125500.0,2,F1,10000,,,,,
2025-09-03,2025-09-03,CM,BSE,STK,543522,INE0E5R01017,NVENTURES,M,,,,,Nanavati Ventures Limited,132.0,132.0,132.0,132.0,132.0,120.0,,132.0,,,3000,396000.0,2,F1,1500,,,,,
2025-09-03,2025-09-03,CM,BSE,STK,543523,INE278Y01022,CAMPUS,A,,,,,Campus Activewear Limited,263.05,272.75,263.05,269.45,269.7,266.65,,269.4,,,26349,7111377.0,1060,F1,1,,,,,
2025-09-03,2025-09-03,CM,BSE,STK,543524,INE961O01016,RAINBOW,A,,,,,Rainbow Children's Medicare Li,1528.95,1528.95,1498.25,1508.4,1510.5,1505.3,,1509.9,,,1882,2844414.0,250,F1,1,,,,,
2025-09-03,2025-09-03,CM,BSE,STK,543525,INE625X01018,SILVERTUC,B,,,,,Silver Touch Technologies Limi,688.3,688.3,662.5,679.5,679.5,689.05,,680.8,,,541,361962.0,82,F1,1,,,,,
2025-09-03,2025-09-03,CM,BSE,STK,543526,INE0J1Y01017,LICI,A,,,,,LIFE INSURANCE CORPORATION OF,865.95,872.95,865.8,870.65,870.65,864.15,,870.7,,,40682,35391471.0,2241,F1,1,,,,,
2025-09-03,2025-09-03,CM,BSE,STK,543527,INE00F201020,PRUDENT,A,,,,,Prudent Corporate Advisory Ser,2799.95,2799.95,2740.0,2777.4,2785.0,2741.35,,2781.2,,,944,2615500.0,245,F1,1,,,,,
2025-09-03,2025-09-03,CM,BSE,STK,543528,INE0JA001018,VENUSPIPES,A,,,,,Venus Pipes & Tubes Limited,1260.2,1292.95,1260.2,1288.55,1284.0,1248.6,,1283.8,,,1916,2455971.0,191,F1,1,,,,,
2025-09-03,2025-09-03,CM,BSE,STK,543529,INE148O01028,DELHIVERY,A,,,,,Delhivery Limited,472.05,485.8,471.0,478.0,479.25,471.8,,478.0,,,82189,39394812.0,2946,F1,1,,,,,
2025-09-03,2025-09-03,CM,BSE,STK,543530,INE088F01024,PARADEEP,A,,,,,Paradeep Phosphates Limited,214.85,216.2,210.2,211.0,211.0,212.85,,210.97,,,410770,87468391.0,5802,F1,1,,,,,
2025-09-03,2025-09-03,CM,BSE,STK,543531,INE05CY01014,TIERRA,X,,,,,Tierra Agrotech Limited,42.41,43.93,42.41,43.0,43.0,42.43,,43.0,,,2641,114742.0,22,F1,1,,,,,
2025-09-03,2025-09-03,CM,BSE,STK,543532,INE04TZ01018,ETHOSLTD,A,,,,,ETHOS LIMITED,2349.9,2369.9,2332.0,2357.0,2361.7,2320.25,,2359.5,,,2772,6526378.0,523,F1,1,,,,,
2025-09-03,2025-09-03,CM,BSE,STK,543533,INE01QM01018,EMUDHRA,A,,,,,eMudhra Limited,720.2,730.7,718.15,725.6,724.55,727.05,,725.75,,,4694,3400609.0,359,F1,1,,,,,
2025-09-03,2025-09-03,CM,BSE,STK,543534,INE0BWX01014,AETHER,A,,,,,Aether Industries Limited,762.0,762.0,739.0,755.2,755.0,746.7,,756.0,,,7302,5452789.0,544,F1,1,,,,,
2025-09-03,2025-09-03,CM,BSE,STK,543535,INE082W01014,WEWIN,B,,,,,We Win Limited,50.25,51.59,48.26,49.3,48.75,50.03,,49.7,,,1025,50758.0,126,F1,1,,,,,
2025-09-03,2025-09-03,CM,BSE,STK,543538,INE0K6L01010,GOEL,M,,,,,Goel Food Products Limited,15.26,15.26,14.95,15.0,15.0,15.31,,15.0,,,28000,421920.0,11,F1,2000,,,,,
2025-09-03,2025-09-03,CM,BSE,STK,543539,INE0L0L01012,MODIS,M,,,,,MODI'S NAVNIRMAN LIMITED,276.0,280.0,275.1,278.2,278.2,275.5,,278.2,,,20800,5808900.0,15,F1,400,,,,,
2025-09-03,2025-09-03,CM,BSE,STK,543544,INE0KR801019,JAYANT,M,,,,,JAYANT INFRATECH LIMITED,87.11,87.11,83.21,83.21,83.21,83.25,,83.21,,,7500,641647.0,10,F1,750,,,,,
2025-09-03,2025-09-03,CM,BSE,STK,543545,INE0ID001024,VEERKRUPA,MT,,,,,Veerkrupa Jewellers Limited,0.98,0.98,0.95,0.96,0.96,0.99,,0.96,,,100200,95858.0,6,F1,16700,,,,,
2025-09-03,2025-09-03,CM,BSE,STK,543546,INE0L3501015,HEALTHYLIFE,M,,,,,HEALTHY LIFE AGRITEC LIMITED,53.7,53.7,53.22,53.22,53.22,56.02,,53.22,,,34000,1814840.0,16,F1,2000,,,,,
2025-09-03,2025-09-03,CM,BSE,STK,543547,INE0HR601026,DDEVPLSTIK,B,,,,,DDEV PLASTIKS INDUSTRIES LIMIT,315.6,324.05,315.6,320.2,320.25,318.25,,320.35,,,15249,4906996.0,285,F1,1,,,,,
2025-09-03,2025-09-03,CM,BSE,STK,543563,INF247L01BB1,MOHEALTH,B,,,,,Motilal Oswal Mutual Fund,44.43,45.57,44.28,45.29,44.93,44.38,,45.11,,,15041,679266.0,109,F1,1,,,,,
2025-09-03,2025-09-03,CM,BSE,STK,543568,INF109KC17C7,MOM30IETF,B,,,,,ICICI Prudential Mutual Fund,30.6,30.77,30.56,30.77,30.77,30.6,,30.74,,,10206,312923.0,90,F1,1,,,,,
2025-09-03,2025-09-03,CM,BSE,STK,543569,INF179KC1HR4,HDFCNIF100,B,,,,,HDFC Mutual Fund,26.12,26.12,25.85,26.06,26.12,25.87,,26.1,,,4601,119601.0,69,F1,1,,,,,
2025-09-03,2025-09-03,CM,BSE,STK,543570,INF179KC1HS2,HDFCNEXT50,B,,,,,HDFC Mutual Fund,68.3,68.75,68.27,68.68,68.75,68.29,,68.52,,,4423,302674.0,129,F1,1,,,,,
2025-09-03,2025-09-03,CM,BSE,STK,543571,INF109KC16E5,INFRAIETF,B,,,,,ICICI Prudential Mutual Fund,92.17,92.44,91.93,92.26,92.44,92.08,,92.3,,,1975,182140.0,35,F1,1,,,,,
2025-09-03,2025-09-03,CM,BSE,STK,543572,INF740KA1RE3,SILVERADD,E,,,,,DSP Mutual Fund,119.59,119.76,118.73,119.48,119.64,118.68,,119.52,,,22421,2669319.0,142,F1,1,,,,,
2025-09-03,2025-09-03,CM,BSE,STK,543573,INE0DYJ01015,SYRMA,A,,,,,Syrma SGS Technology Limited,759.9,803.0,755.0,791.8,791.8,760.15,,791.5,,,182824,144348814.0,6196,F1,1,,,,,
2025-09-03,2025-09-03,CM,BSE,STK,543574,INF209KB15K4,NIFTYQLITY,B,,,,,Aditya Birla Sun Life Mutual F,21.59,21.64,21.31,21.6,21.6,21.49,,21.62,,,12288,263353.0,62,F1,1,,,,,
2025-09-03,2025-09-03,CM,BSE,STK,543575,INF209KB14K7,MOMENTUM,B,,,,,Aditya Birla Sun Life Mutual F,30.46,30.67,30.28,30.66,30.66,30.53,,30.62,,,10539,320693.0,95,F1,1,,,,,
2025-09-03,2025-09-03,CM,BSE,STK,543576,INF247L01BE5,MOVALUE,B,,,,,Motilal Oswal Mutual Fund,100.53,101.79,100.28,101.57,101.62,100.78,,101.44,,,2710,275169.0,47,F1,1,,,,,
2025-09-03,2025-09-03,CM,BSE,STK,543577,INF247L01BH8,MOQUALITY,B,,,,,Motilal Oswal Mutual Fund,192.25,195.21,192.25,194.51,194.51,192.49,,193.35,,,23,4459.0,3,F1,1,,,,,
2025-09-03,2025-09-03,CM,BSE,STK,543578,INE0M3901015,OLATECH,M,,,,,Olatech Solutions Limited,208.2,208.2,208.2,208.2,208.2,208.1,,208.2,,,925,192585.0,1,F1,925,,,,,
2025-09-03,2025-09-03,CM,BSE,STK,543590,INE0KKN01029,RHETAN,B,,,,,Rhetan TMT Limited,18.5,21.87,18.0,19.06,19.06,18.23,,19.06,,,2624772,51247875.0,2273,F1,1,,,,,
2025-09-03,2025-09-03,CM,BSE,STK,543591,INE0JS101016,DREAMFOLKS,T,,,,,DREAMFOLKS SERVICES LIMITED,136.55,142.0,136.0,137.6,140.35,139.15,,139.08,,,7645,1061602.0,215,F1,1,,,,,
2025-09-03,2025-09-03,CM,BSE,STK,543592,INF179KC1DI2,HDFCSILVER,E,,,,,HDFC Mutual Fund,118.9,119.49,118.27,119.08,119.49,118.21,,119.16,,,106965,12717952.0,435,F1,1,,,,,
2025-09-03,2025-09-03,CM,BSE,STK,543593,INE0I3401014,DBOL,B,,,,,Dhampur Bio Organics Limited,87.12,89.14,87.12,88.18,88.42,87.57,,88.45,,,4924,434424.0,217,F1,1,,,,,
2025-09-03,2025-09-03,CM,BSE,STK,543594,INE0MC401013,DPL,M,,,,,DIPNA PHARMACHEM LIMITED,21.96,21.96,20.11,20.22,20.25,20.92,,20.22,,,93000,2015220.0,22,F1,3000,,,,,
2025-09-03,2025-09-03,CM,BSE,STK,543596,INE668A01016,TMB,A,,,,,Tamilnad Mercantile Bank Limit,422.0,426.9,422.0,426.6,426.8,422.6,,426.55,,,10118,4308623.0,537,F1,1,,,,,
2025-09-03,2025-09-03,CM,BSE,STK,543597,INE0I0T01010,VOEPL,M,,,,,Virtuoso Optoelectronics Limit,535.0,544.75,515.0,540.75,544.0,530.0,,540.75,,,49250,26343037.0,134,F1,250,,,,,
2025-09-03,2025-09-03,CM,BSE,STK,543599,INE0D6I01023,KSOLVES,B,,,,,Ksolves India Limited,323.6,324.25,319.0,321.7,319.0,319.0,,321.45,,,1065,342468.0,111,F1,1,,,,,
2025-09-03,2025-09-03,CM,BSE,STK,543600,INE0JUS01029,HARSHA,B,,,,,Harsha Engineers International,397.0,409.5,397.0,408.8,405.0,404.45,,408.05,,,4021,1636258.0,211,F1,1,,,,,
2025-09-03,2025-09-03,CM,BSE,STK,543605,INF179KC1DL6,HDFCQUAL,B,,,,,HDFC Mutual Fund,58.54,58.58,58.44,58.55,58.57,58.35,,58.53,,,1605,93907.0,35,F1,1,,,,,
2025-09-03,2025-09-03,CM,BSE,STK,543606,INE0M8901010,CONTAINE,MT,,,,,CONTAINE TECHNOLOGIES LIMITED,37.94,38.31,35.51,37.03,37.03,36.49,,37.03,,,16000,605020.0,16,F1,1000,,,,,
2025-09-03,2025-09-03,CM,BSE,STK,543607,INF179KC1DJ0,HDFCGROWTH,B,,,,,HDFC Mutual Fund,122.27,122.5,121.71,122.32,122.5,122.65,,122.24,,,1645,200755.0,48,F1,1,,,,,
2025-09-03,2025-09-03,CM,BSE,STK,543608,INF179KC1DK8,HDFCVALUE,B,,,,,HDFC Mutual Fund,132.67,132.67,132.67,132.67,132.67,132.11,,132.67,,,5,663.0,2,F1,1,,,,,
2025-09-03,2025-09-03,CM,BSE,STK,543614,INE0LQS01015,TIPSFILMS,B,,,,,Tips Films Limited,435.0,445.0,429.15,439.6,439.6,433.6,,435.6,,,716,309968.0,59,F1,1,,,,,
2025-09-03,2025-09-03,CM,BSE,STK,543615,INE0MNV01014,SRSOLTD,M,,,,,SILICON RENTAL SOLUTIONS LIMIT,161.0,161.0,158.45,158.5,158.5,158.5,,158.5,,,4800,764760.0,6,F1,800,,,,,
2025-09-03,2025-09-03,CM,BSE,STK,543619,INE0N0J01014,CNCRD,M,,,,,Concord Control Systems Limite,2010.0,2030.0,1950.0,2006.1,2028.95,2009.0,,2006.1,,,7250,14480181.0,35,F1,125,,,,,
2025-09-03,2025-09-03,CM,BSE,STK,543620,INE0LGX01024,INA,M,,,,,INSOLATION ENERGY LIMITED,220.8,222.55,216.0,216.6,216.95,217.9,,216.6,,,301500,65735325.0,545,F1,500,,,,,
2025-09-03,2025-09-03,CM,BSE,STK,543621,INE0KZM01011,CARGOSOL,M,,,,,Cargosol Logistics Limited,25.9,25.9,22.5,22.5,22.5,25.0,,22.5,,,20000,471800.0,5,F1,4000,,,,,
2025-09-03,2025-09-03,CM,BSE,STK,543622,INE0MSK01016,STML,M,,,,,STEELMAN TELECOM LIMITED,119.0,119.0,119.0,119.0,119.0,121.0,,119.0,,,1200,142800.0,1,F1,1200,,,,,
2025-09-03,2025-09-03,CM,BSE,STK,543623,INE0NC801013,VEDANTASSET,M,,,,,VEDANT ASSET LIMITED,38.6,39.5,37.6,39.0,39.0,39.5,,39.0,,,7500,289800.0,5,F1,1500,,,,,
2025-09-03,2025-09-03,CM,BSE,STK,543626,INE02YR01019,EMIL,A,,,,,Electronics Mart India Limited,126.0,133.5,124.85,130.75,130.75,125.6,,130.8,,,122486,15994490.0,1762,F1,1,,,,,
2025-09-03,2025-09-03,CM,BSE,STK,543627,INF179KC1HU8,HDFCLOWVOL,B,,,,,HDFC Mutual Fund,20.87,20.93,20.8,20.88,20.88,20.87,,20.91,,,1946,40611.0,25,F1,1,,,,,
2025-09-03,2025-09-03,CM,BSE,STK,543628,INF179KC1HV6,HDFCMOMENT,B,,,,,HDFC Mutual Fund,30.31,30.54,30.17,30.53,30.54,30.38,,30.44,,,33482,1017680.0,321,F1,1,,,,,
2025-09-03,2025-09-03,CM,BSE,STK,543635,INE0DK501011,PPLPHARMA,A,,,,,PIRAMAL PHARMA LIMITED,187.2,202.3,187.05,201.2,201.2,186.8,,201.16,,,1477472,293167395.0,13493,F1,1,,,,,
2025-09-03,2025-09-03,CM,BSE,STK,543636,INE0A1101019,DCI,B,,,,,Dc Infotech and Communication,258.45,264.55,248.2,256.0,253.5,254.15,,255.82,,,9074,2328755.0,506,F1,1,,,,,
2025-09-03,2025-09-03,CM,BSE,STK,543637,INE0N1L01018,PACE,M,,,,,PACE E-COMMERCE VENTURES LIMIT,23.59,23.59,22.75,22.75,22.75,23.59,,22.75,,,2400,55608.0,2,F1,1200,,,,,
2025-09-03,2025-09-03,CM,BSE,STK,543638,INE0HMF01019,TRACXN,B,,,,,Tracxn Technologies Limited,50.76,51.31,50.06,50.55,50.36,50.45,,50.53,,,35796,1808134.0,578,F1,1,,,,,
2025-09-03,2025-09-03,CM,BSE,STK,543643,INE117Z01011,NARMADA,B,,,,,Narmada Agrobase Limited,23.0,23.1,22.66,23.1,23.1,22.82,,22.92,,,8409,192051.0,62,F1,1,,,,,
2025-09-03,2025-09-03,CM,BSE,STK,543644,INE344S01016,INFOBEAN,B,,,,,InfoBeans Technologies Limited,601.2,622.95,601.2,609.95,612.35,623.45,,611.5,,,7652,4677043.0,530,F1,1,,,,,
2025-09-03,2025-09-03,CM,BSE,STK,543645,INE05X901010,HPIL,B,,,,,HINDPRAKASH INDUSTRIES LIMITED,129.8,131.0,129.0,131.0,131.0,128.55,,131.11,,,122,15850.0,9,F1,1,,,,,
2025-09-03,2025-09-03,CM,BSE,STK,543650,INE0KL801015,DCXINDIA,B,,,,,DCX Systems Limited,269.35,272.9,266.35,271.65,272.4,267.9,,271.7,,,31076,8403518.0,827,F1,1,,,,,
2025-09-03,2025-09-03,CM,BSE,STK,543652,INE139R01012,FUSION,B,,,,,FUSION FINANCE LIMITED,171.85,174.4,170.0,173.7,173.25,170.4,,173.66,,,31808,5489643.0,700,F1,1,,,,,
2025-09-03,2025-09-03,CM,BSE,STK,543653,INE00E101023,BIKAJI,A,,,,,Bikaji Foods International Lim,792.5,793.05,780.0,783.75,786.0,788.7,,784.9,,,10412,8206806.0,699,F1,1,,,,,
2025-09-03,2025-09-03,CM,BSE,STK,543654,INE474Q01031,MEDANTA,A,,,,,Global Health Limited,1409.05,1454.4,1394.15,1427.5,1423.65,1388.85,,1427.2,,,15820,22615713.0,1451,F1,1,,,,,
2025-09-03,2025-09-03,CM,BSE,STK,543656,INE0MXP01015,TECHNOPACK,M,,,,,Technopack Polymers Limited,21.17,21.17,20.05,20.5,20.5,21.24,,20.5,,,20000,413880.0,5,F1,4000,,,,,
2025-09-03,2025-09-03,CM,BSE,STK,543657,INE128X01021,ACI,A,,,,,Archean Chemical Industries Li,672.2,689.0,672.2,686.35,686.0,681.55,,686.5,,,8539,5819891.0,824,F1,1,,,,,
2025-09-03,2025-09-03,CM,BSE,STK,543663,INE128S01021,FIVESTAR,A,,,,,Five-Star Business Finance Ltd,530.85,540.9,527.1,533.0,533.0,526.8,,533.2,,,60724,32435192.0,1752,F1,1,,,,,
2025-09-03,2025-09-03,CM,BSE,STK,543664,INE918Z01012,KAYNES,A,,,,,KAYNES TECHNOLOGY INDIA LIMITE,6573.2,6791.0,6573.2,6746.75,6746.75,6573.2,,6744.0,,,44677,300027151.0,9093,F1,1,,,,,
2025-09-03,2025-09-03,CM,BSE,STK,543665,INF179KC1IA8,HDFCNIFIT,B,,,,,HDFC Mutual Fund,37.53,37.72,37.02,37.29,37.72,37.54,,37.27,,,7131,265046.0,116,F1,1,,,,,
2025-09-03,2025-09-03,CM,BSE,STK,543666,INF179KC1HZ7,HDFCPVTBAN,B,,,,,HDFC Mutual Fund,27.11,27.11,26.51,26.76,26.76,26.6,,26.75,,,11322,300956.0,130,F1,1,,,,,
2025-09-03,2025-09-03,CM,BSE,STK,543667,INE510W01014,INOXGREEN,T,,,,,INOX GREEN ENERGY SERVICES LIM,150.3,154.2,150.3,152.55,153.0,151.2,,152.62,,,7267,1111283.0,140,F1,1,,,,,
2025-09-03,2025-09-03,CM,BSE,STK,543668,INE01EE01011,BBTCL,B,,,,,B&B Triplewall Containers Limi,206.9,206.9,201.15,203.5,203.5,201.2,,202.01,,,33,6711.0,21,F1,1,,,,,
2025-09-03,2025-09-03,CM,BSE,STK,543669,INE263M01029,RUSTOMJEE,B,,,,,Keystone Realtors Limited,617.8,625.5,610.0,610.9,611.0,618.45,,611.5,,,334,206657.0,48,F1,1,,,,,
2025-09-03,2025-09-03,CM,BSE,STK,543670,INE01KI01027,VINNY,B,,,,,VINNY OVERSEAS LIMITED,1.39,1.39,1.33,1.38,1.38,1.39,,1.37,,,162274,220178.0,119,F1,1,,,,,
2025-09-03,2025-09-03,CM,BSE,STK,543671,INE0D0U01013,AAATECH,B,,,,,AAA TECHNOLOGIES LIMITED,78.0,79.95,78.0,78.98,78.98,79.08,,79.05,,,207,16460.0,29,F1,1,,,,,
2025-09-03,2025-09-03,CM,BSE,STK,543677,INF109KC17L8,FINIETF,B,,,,,ICICI Prudential Mutual Fund,29.34,29.52,29.15,29.48,29.52,29.34,,29.49,,,15374,450500.0,248,F1,1,,,,,
2025-09-03,2025-09-03,CM,BSE,STK,543678,INE0N6V01016,AMBOAGRI,M,,,,,AMBO AGRITEC LIMITED,51.3,51.3,50.0,50.05,50.0,51.3,,50.05,,,6000,302050.0,5,F1,1000,,,,,
2025-09-03,2025-09-03,CM,BSE,STK,543686,INE792Z01011,SIRCA,B,,,,,Sirca Paints India Limited,469.1,469.6,461.0,462.55,462.55,464.75,,462.15,,,17307,8035813.0,647,F1,1,,,,,
2025-09-03,2025-09-03,CM,BSE,STK,543687,INE00OQ01016,DHARMAJ,T,,,,,Dharmaj Crop Guard Limited,374.0,374.0,355.6,360.35,365.2,369.75,,361.7,,,8482,3096561.0,164,F1,1,,,,,
2025-09-03,2025-09-03,CM,BSE,STK,543688,INE324X01026,SARVESHWAR,B,,,,,Sarveshwar Foods Limited,7.56,7.88,7.56,7.67,7.67,7.63,,7.66,,,637363,4924753.0,982,F1,1,,,,,
2025-09-03,2025-09-03,CM,BSE,STK,543689,INE244O01017,UNIPARTS,B,,,,,Uniparts India Limited,410.4,417.0,407.65,411.7,411.3,408.2,,412.25,,,5779,2386986.0,200,F1,1,,,,,
2025-09-03,2025-09-03,CM,BSE,STK,543699,INF754K01QX0,EBBETF0433,F,,,,,Edelweiss Mutual Fund,1247.0,1247.0,1247.0,1247.0,1247.0,1246.14,,1246.63,,,5,6235.0,1,F1,1,,,,,
2025-09-03,2025-09-03,CM,BSE,STK,543709,INE0NT601018,GARGI,M,,,,,PNGS GARGI FASHION JEWELLERY L,891.85,893.0,885.0,888.25,889.85,885.0,,888.25,,,4375,3886893.0,34,F1,125,,,,,
2025-09-03,2025-09-03,CM,BSE,STK,543710,INF109KC19O8,COMMOIETF,B,,,,,ICICI Prudential Mutual Fund,89.02,89.77,88.81,89.53,89.77,88.82,,89.57,,,7086,632176.0,97,F1,1,,,,,
2025-09-03,2025-09-03,CM,BSE,STK,543711,INE142Q01026,SULA,A,,,,,Sula Vineyards Limited,250.7,256.3,250.1,254.9,254.9,250.6,,254.9,,,54299,13793854.0,1741,F1,1,,,,,
2025-09-03,2025-09-03,CM,BSE,STK,543712,INE00ZE01026,AFSL,B,,,,,ABANS FINANCIAL SERVICES LIMIT,222.4,226.05,220.55,225.0,225.2,219.15,,225.33,,,4342,970798.0,334,F1,1,,,,,
2025-09-03,2025-09-03,CM,BSE,STK,543713,INE0MQD01015,DRONACHRYA,M,,,,,Droneacharya Aerial Innovation,73.82,74.88,73.6,74.2,74.01,73.57,,74.2,,,41000,3034430.0,39,F1,1000,,,,,
2025-09-03,2025-09-03,CM,BSE,STK,543714,INE559R01029,LANDMARK,B,,,,,LANDMARK CARS LIMITED,611.1,622.0,602.8,605.75,612.3,610.7,,605.1,,,2258,1385139.0,227,F1,1,,,,,
2025-09-03,2025-09-03,CM,BSE,STK,543715,INE059901020,IEL,T,,,,,Indiabulls Enterprises Limited,21.66,21.66,21.66,21.66,21.66,20.63,,21.64,,,28845,624782.0,72,F1,1,,,,,
2025-09-03,2025-09-03,CM,BSE,STK,543720,INE138Y01010,KFINTECH,A,,,,,KFin Technologies Limited,1068.95,1073.45,1056.85,1067.35,1066.0,1056.85,,1067.0,,,16097,17145924.0,1151,F1,1,,,,,
2025-09-03,2025-09-03,CM,BSE,STK,543725,INE050401020,ELIN,B,,,,,Elin Electronics Limited,192.0,198.0,191.6,197.25,197.5,191.7,,197.15,,,19262,3745642.0,686,F1,1,,,,,
2025-09-03,2025-09-03,CM,BSE,STK,543732,INE855R01021,RADIANTCMS,B,,,,,Radiant Cash Management Servic,59.0,59.0,56.75,57.0,57.0,57.92,,56.98,,,11643,664074.0,165,F1,1,,,,,
2025-09-03,2025-09-03,CM,BSE,STK,543738,INF740KA1RX3,BANKETFADD,B,,,,,DSP Mutual Fund,54.75,55.15,54.71,55.15,55.15,54.88,,55.28,,,799,43810.0,26,F1,1,,,,,
2025-09-03,2025-09-03,CM,BSE,STK,543743,INE035801013,AERONEU,T,,,,,Aeroflex Neu Limited,104.0,108.04,103.5,106.01,108.04,102.9,,106.29,,,4008,416915.0,55,F1,1,,,,,
2025-09-03,2025-09-03,CM,BSE,STK,543745,INE0MID01012,SVS,MT,,,,,SVS VENTURES LIMITED,9.04,9.28,9.04,9.28,9.28,9.03,,9.28,,,78000,710820.0,9,F1,6000,,,,,
2025-09-03,2025-09-03,CM,BSE,STK,543746,INE0BSU01018,LOGICA,M,,,,,LOGICA INFOWAY LIMITED,202.5,211.4,201.5,210.8,210.8,200.9,,210.8,,,10200,2126910.0,17,F1,600,,,,,
2025-09-03,2025-09-03,CM,BSE,STK,543747,INE0BTI01037,KAMOPAINTS,B,,,,,Kamdhenu Ventures Limited,9.64,9.81,9.45,9.51,9.51,9.67,,9.49,,,370307,3555018.0,1121,F1,1,,,,,
2025-09-03,2025-09-03,CM,BSE,STK,543748,INE0LRU01027,AARTIPHARM,A,,,,,Aarti Pharmalabs Limited,870.0,888.35,865.65,879.25,879.6,870.05,,879.2,,,13093,11500114.0,1155,F1,1,,,,,
2025-09-03,2025-09-03,CM,BSE,STK,543754,INE0MPU01011,TRANSVOY,MT,,,,,TRANSVOY LOGISTICS INDIA LIMIT,135.5,141.75,135.0,141.75,141.75,135.0,,141.75,,,4800,662800.0,6,F1,800,,,,,
2025-09-03,2025-09-03,CM,BSE,STK,543765,INE0O4V01010,EARTH,M,,,,,Earthstahl & Alloys Limited,22.51,22.51,22.51,22.51,22.51,22.51,,22.51,,,3000,67530.0,1,F1,3000,,,,,
2025-09-03,2025-09-03,CM,BSE,STK,543766,INE094B01013,ASHIKA,B,,,,,Ashika Credit Capital Ltd.,374.75,383.0,368.05,382.45,383.0,367.05,,382.45,,,26408,9913878.0,241,F1,1,,,,,
2025-09-03,2025-09-03,CM,BSE,STK,543767,INE0EEJ01023,BTML,B,,,,,BODHI TREE MULTIMEDIA LIMITED,9.06,9.06,8.7,8.76,8.76,8.77,,8.76,,,91529,820962.0,217,F1,1,,,,,
2025-09-03,2025-09-03,CM,BSE,STK,543768,INE0NNS01018,NSLNISP,A,,,,,NMDC Steel Limited,39.3,44.2,39.2,43.03,43.03,39.21,,43.0,,,4869224,208549705.0,13691,F1,1,,,,,
2025-09-03,2025-09-03,CM,BSE,STK,543774,INF179KC1EZ4,HDFCBSE500,B,,,,,HDFC Mutual Fund,36.72,36.72,36.59,36.59,36.59,36.47,,36.61,,,1582,58012.0,23,F1,1,,,,,
2025-09-03,2025-09-03,CM,BSE,STK,543775,INF179KC1FB2,HDFCSML250,B,,,,,HDFC Mutual Fund,169.67,171.47,169.1,171.22,171.46,169.71,,171.22,,,58634,10011197.0,379,F1,1,,,,,
2025-09-03,2025-09-03,CM,BSE,STK,543776,INF179KC1HT0,HDFCMID150,B,,,,,HDFC Mutual Fund,21.3,21.69,21.17,21.55,21.69,21.45,,21.53,,,49874,1070031.0,338,F1,1,,,,,
2025-09-03,2025-09-03,CM,BSE,STK,543781,INF769K01JP9,GOLDETF,E,,,,,Mirae Asset Mutual Fund,103.01,103.42,102.54,103.27,103.27,101.96,,103.25,,,54284,5594315.0,578,F1,1,,,,,
2025-09-03,2025-09-03,CM,BSE,STK,543782,INE0O4601016,SEALMATIC,M,,,,,Sealmatic India Limited,510.0,510.0,496.75,499.8,505.0,512.95,,499.8,,,6900,3455295.0,40,F1,150,,,,,
2025-09-03,2025-09-03,CM,BSE,STK,543787,INE0OLH01013,ROBU,M,,,,,Macfos Limited,715.0,735.0,707.0,735.0,735.0,720.0,,735.0,,,7200,5138257.0,24,F1,150,,,,,
2025-09-03,2025-09-03,CM,BSE,STK,543798,INE0NPA01011,PATRON,M,,,,,Patron Exim Limited,6.01,6.01,6.0,6.0,6.0,6.01,,6.0,,,12000,72080.0,3,F1,4000,,,,,
2025-09-03,2025-09-03,CM,BSE,STK,543805,INE0NYN01016,RESGEN,M,,,,,RESGEN LIMITED,88.5,92.97,88.34,89.39,88.6,88.67,,89.39,,,86250,7773697.0,82,F1,750,,,,,
2025-09-03,2025-09-03,CM,BSE,STK,543806,INE0O6A01019,ITCONS,M,,,,,ITCONS E-Solutions Limited,485.0,496.0,475.0,492.5,492.5,488.95,,492.5,,,7000,3436590.0,23,F1,200,,,,,
2025-09-03,2025-09-03,CM,BSE,STK,543811,INE645W01026,AIRAN,B,,,,,AIRAN LIMITED,25.5,26.33,25.31,25.68,25.7,25.67,,25.7,,,28268,727290.0,299,F1,1,,,,,
2025-09-03,2025-09-03,CM,BSE,STK,543812,INE753U01022,DIVGIITTS,B,,,,,DIVGI TORQTRANSFER SYSTEMS LIM,655.75,660.5,655.75,659.3,659.3,653.05,,662.35,,,126,82942.0,37,F1,1,,,,,
2025-09-03,2025-09-03,CM,BSE,STK,543813,INF209KB18T9,ABSLLIQUID,F,,,,,Aditya Birla Sun Life Mutual F,1000.0,1000.0,999.99,999.99,999.99,999.99,,999.99,,,59,58999.0,2,F1,1,,,,,
2025-09-03,2025-09-03,CM,BSE,STK,543814,INE0OKG01017,PCL,MT,,,,,PROSPECT CONSUMER PRODUCTS LIM,102.0,102.0,99.75,99.75,99.75,105.0,,99.75,,,5000,502250.0,5,F1,1000,,,,,
2025-09-03,2025-09-03,CM,BSE,STK,543819,INF109KC10S8,PSUBNKIETF,B,,,,,ICICI Prudential Mutual Fund,69.44,70.07,69.44,69.92,70.07,69.1,,69.87,,,5364,373514.0,36,F1,1,,,,,
2025-09-03,2025-09-03,CM,BSE,STK,543828,INE00TV01023,SUDARSHAN,MT,,,,,SUDARSHAN PHARMA INDUSTRIES LI,31.5,31.5,31.48,31.48,31.48,32.12,,31.48,,,48000,1511440.0,11,F1,4000,,,,,
2025-09-03,2025-09-03,CM,BSE,STK,543829,INE0JSX01015,GSLSU,B,,,,,Global Surfaces Limited,110.1,111.5,109.1,110.25,109.6,109.25,,110.18,,,2828,311488.0,126,F1,1,,,,,
2025-09-03,2025-09-03,CM,BSE,STK,543831,INE0OMI01019,BRIGHT,M,,,,,Bright Outdoor Media Limited,346.0,350.0,340.0,346.5,346.5,344.0,,346.5,,,14250,4966087.0,15,F1,375,,,,,
2025-09-03,2025-09-03,CM,BSE,STK,543848,INE0NIJ01017,DEVLAB,MT,,,,,Dev Labtech Venture Limited,67.0,67.0,67.0,67.0,67.0,69.4,,67.0,,,3000,201000.0,3,F1,1000,,,,,
2025-09-03,2025-09-03,CM,BSE,STK,543853,INF846K010Q0,AXSENSEX,B,,,,,Axis Mutual Fund,83.98,83.98,82.5,82.75,83.0,82.87,,82.81,,,12,995.0,3,F1,1,,,,,
2025-09-03,2025-09-03,CM,BSE,STK,543860,INE825B01010,JAFINANCE,X,,,,,J.A. Finance Limited,96.98,97.0,96.97,96.99,96.97,96.97,,96.99,,,1600,155167.0,6,F1,1,,,,,
2025-09-03,2025-09-03,CM,BSE,STK,543861,INE0N0Y01013,USK,B,,,,,Udayshivakumar infra limited,32.33,34.55,32.33,34.24,34.01,33.77,,34.33,,,24651,834748.0,215,F1,1,,,,,
2025-09-03,2025-09-03,CM,BSE,STK,543874,INE0O1T01010,MAIDEN,M,,,,,Maiden Forgings Limited,76.0,76.05,76.0,76.05,76.05,77.0,,76.05,,,2000,152050.0,2,F1,1000,,,,,
2025-09-03,2025-09-03,CM,BSE,STK,543875,INF769K01KF8,GSEC10YEAR,F,,,,,Mirae Asset Mutual Fund,28.92,29.17,28.85,29.17,29.17,28.92,,29.2,,,2713,78303.0,4,F1,1,,,,,
2025-09-03,2025-09-03,CM,BSE,STK,543895,INE0O8901016,EXHICON,MT,,,,,Exhicon Events Media Solutions,530.0,548.95,524.0,543.15,543.15,531.05,,543.15,,,18000,9685650.0,32,F1,500,,,,,
2025-09-03,2025-09-03,CM,BSE,STK,543896,INE0LCL01028,AVALON,A,,,,,Avalon Technologies Limited,839.25,865.0,833.65,863.85,863.85,835.65,,863.3,,,40180,34249511.0,1812,F1,1,,,,,
2025-09-03,2025-09-03,CM,BSE,STK,543897,INE0P7001013,SANCODE,MT,,,,,Sancode Technologies Limited,106.95,106.95,106.95,106.95,106.95,105.2,,106.95,,,24000,2566800.0,11,F1,1500,,,,,
2025-09-03,2025-09-03,CM,BSE,STK,543898,INE0N7W01012,BLAL,B,,,,,BEML Land Assets Limited,213.0,231.3,211.35,225.0,225.0,212.5,,224.63,,,12679,2836338.0,606,F1,1,,,,,
2025-09-03,2025-09-03,CM,BSE,STK,543900,INF789F1AYK6,SILVERETF,E,,,,,UTI Mutual Fund,119.26,120.78,119.26,120.07,120.07,119.41,,120.11,,,117984,14148412.0,774,F1,1,,,,,
2025-09-03,2025-09-03,CM,BSE,STK,543901,INE508K01013,RHL,B,,,,,ROBUST HOTELS LIMITED,300.85,306.65,297.65,301.4,300.9,306.3,,301.0,,,302,91145.0,33,F1,1,,,,,
2025-09-03,2025-09-03,CM,BSE,STK,543902,INE0NTC01019,RETINA,MT,,,,,Retina Paints Limited,75.15,77.52,75.15,77.45,77.45,79.1,,77.45,,,30000,2308580.0,10,F1,2000,,,,,
2025-09-03,2025-09-03,CM,BSE,STK,543903,INF740KA1SW3,GOLDETFADD,E,,,,,DSP Mutual Fund,103.03,103.91,102.79,103.27,103.2,101.63,,102.98,,,3911,403177.0,80,F1,1,,,,,
2025-09-03,2025-09-03,CM,BSE,STK,543904,INE634S01028,MANKIND,A,,,,,Mankind Pharma Limited,2543.5,2583.5,2534.75,2559.6,2570.0,2543.0,,2559.1,,,18596,47680553.0,2246,F1,1,,,,,
2025-09-03,2025-09-03,CM,BSE,STK,543905,INE0LDI01022,INNOKAIZ,MT,,,,,INNOKAIZ INDIA LIMITED,14.23,15.71,14.23,15.71,15.71,14.97,,15.71,,,4000,60488.0,5,F1,800,,,,,
2025-09-03,2025-09-03,CM,BSE,STK,543910,INE680Z01018,AVG,B,,,,,AVG Logistics Limited,225.2,226.2,220.0,223.15,223.15,222.45,,222.86,,,991,218515.0,25,F1,1,,,,,
2025-09-03,2025-09-03,CM,BSE,STK,543911,INE0ALR01029,ATALREAL,T,,,,,Atal Realtech Limited,19.0,19.65,18.76,19.65,19.65,19.15,,19.39,,,5908,111713.0,17,F1,1,,,,,
2025-09-03,2025-09-03,CM,BSE,STK,543912,INE557Z01018,PIGL,T,,,,,Power & Instrumentation (Gujar,162.2,164.0,159.0,159.0,159.0,162.2,,159.0,,,7540,1221968.0,39,F1,1,,,,,
2025-09-03,2025-09-03,CM,BSE,STK,543913,INE0NDH25011,NXST,IF,,,,,Nexus Select Trust,146.5,147.11,146.02,146.35,146.38,146.72,,146.3,,,15097,2212276.0,430,F1,1,,,,,
2025-09-03,2025-09-03,CM,BSE,STK,543914,INE210F01016,SWATIPRO,X,,,,,Swati Projects Limited,29.15,30.89,29.15,29.7,29.66,30.55,,29.7,,,5628,167339.0,65,F1,1,,,,,
2025-09-03,2025-09-03,CM,BSE,STK,543915,INE07S101038,PAVNAIND,B,,,,,Pavna Industries Limited,38.75,39.69,36.7,37.32,37.32,38.53,,37.45,,,29548,1127589.0,328,F1,1,,,,,
2025-09-03,2025-09-03,CM,BSE,STK,543916,INE0GYI01028,HSIL,MT,,,,,Hemant Surgical Industries Lim,300.0,301.8,296.0,301.8,301.8,301.8,,301.8,,,79200,23492000.0,42,F1,800,,,,,
2025-09-03,2025-09-03,CM,BSE,STK,543917,INE0A0S01010,SIGMA,B,,,,,SIGMA SOLVE LIMITED,445.0,445.0,427.3,436.65,436.65,430.9,,438.95,,,3307,1432598.0,156,F1,1,,,,,
2025-09-03,2025-09-03,CM,BSE,STK,543918,INE0PA801013,GHCLTEXTIL,B,,,,,GHCL Textiles Limited,77.56,80.57,77.56,79.21,79.85,79.64,,79.15,,,5941,472234.0,449,F1,1,,,,,
2025-09-03,2025-09-03,CM,BSE,STK,543919,INE964W01021,MKPL,T,,,,,M.K.Proteins Limited,6.45,6.65,6.33,6.59,6.59,6.45,,6.57,,,22049,143972.0,118,F1,1,,,,,
2025-09-03,2025-09-03,CM,BSE,STK,543920,INE0NJ001013,CFF,M,,,,,CFF FLUID CONTROL LIMITED,654.0,654.0,644.45,646.6,645.0,644.15,,646.6,,,15000,9724050.0,67,F1,200,,,,,
2025-09-03,2025-09-03,CM,BSE,STK,543921,INE0NXA01015,COMRADE,MT,,,,,Comrade Appliances Limited,106.67,112.0,105.5,110.77,111.95,106.67,,110.77,,,25000,2716410.0,23,F1,1000,,,,,
2025-09-03,2025-09-03,CM,BSE,STK,543922,INF769K01KG6,SILVRETF,E,,,,,Mirae Asset Mutual Fund,120.4,120.83,120.29,120.8,120.77,119.99,,120.74,,,3629,437703.0,74,F1,1,,,,,
2025-09-03,2025-09-03,CM,BSE,STK,543923,INE0LOJ01019,IKIO,B,,,,,IKIO Technologies Limited,212.15,213.2,209.3,212.3,212.4,210.55,,212.65,,,12174,2569728.0,353,F1,1,,,,,
2025-09-03,2025-09-03,CM,BSE,STK,543924,INE0N5O01013,SONALIS,M,,,,,Sonalis Consumer Products Limi,66.45,69.75,65.9,69.75,69.75,65.89,,69.75,,,10000,668900.0,5,F1,2000,,,,,
2025-09-03,2025-09-03,CM,BSE,STK,543926,INE0OJ401014,BIZOTIC,MT,,,,,Bizotic Commercial Limited,346.8,346.8,346.8,346.8,346.8,330.3,,346.8,,,15200,5271360.0,16,F1,800,,,,,
2025-09-03,2025-09-03,CM,BSE,STK,543927,INE04Z101016,ASIAN,X,,,,,Asian Warehousing Limited,40.62,43.0,40.0,40.11,41.5,40.6,,40.11,,,4910,199295.0,49,F1,1,,,,,
2025-09-03,2025-09-03,CM,BSE,STK,543928,INE0ORA01015,COSMICCRF,M,,,,,Cosmic CRF Limited,1313.3,1333.0,1312.0,1318.15,1320.0,1328.55,,1318.15,,,5300,6979570.0,32,F1,100,,,,,
2025-09-03,2025-09-03,CM,BSE,STK,543929,INE0ECP01024,HMAAGRO,B,,,,,HMA Agro Industries Limited,31.8,31.8,30.2,30.43,30.48,30.15,,30.44,,,10785,328776.0,177,F1,1,,,,,
2025-09-03,2025-09-03,CM,BSE,STK,543930,INE568Z01015,URAVIDEF,B,,,,,Uravi Defence and Technology L,413.85,413.85,389.9,389.9,389.9,410.4,,392.75,,,1320,516524.0,58,F1,1,,,,,
2025-09-03,2025-09-03,CM,BSE,STK,543931,INE0Q0M01015,VEEFIN,MT,,,,,VEEFIN SOLUTIONS LIMITED,380.0,389.95,376.1,387.5,388.0,380.25,,387.5,,,34800,13326400.0,115,F1,200,,,,,
2025-09-03,2025-09-03,CM,BSE,STK,543932,INE349Y01013,IDEAFORGE,B,,,,,IDEAFORGE TECHNOLOGY LIMITED,508.05,524.75,505.45,516.95,516.5,509.4,,516.95,,,31367,16205585.0,1376,F1,1,,,,,
2025-09-03,2025-09-03,CM,BSE,STK,543933,INE055S01018,CYIENTDLM,A,,,,,Cyient DLM Limited,435.0,446.2,435.0,440.0,442.4,434.9,,439.85,,,9234,4068826.0,650,F1,1,,,,,
2025-09-03,2025-09-03,CM,BSE,STK,543934,INE01BT01015,MACIND,XT,,,,,Machhar Industries Limited,295.0,295.0,280.25,295.0,295.0,295.0,,295.0,,,26,7316.0,9,F1,1,,,,,
2025-09-03,2025-09-03,CM,BSE,STK,543935,INF740KA1SX1,ITETFADD,B,,,,,DSP Mutual Fund,37.13,37.44,36.64,36.98,37.44,37.13,,36.79,,,10903,400025.0,42,F1,1,,,,,
2025-09-03,2025-09-03,CM,BSE,STK,543936,INE602W01027,SENCO,B,,,,,Senco Gold Limited,381.95,386.6,377.0,378.65,379.4,380.3,,378.7,,,16468,6279573.0,828,F1,1,,,,,
2025-09-03,2025-09-03,CM,BSE,STK,543937,INE0NZF01019,ALPHAIND,M,,,,,ALPHALOGIC INDUSTRIES LIMITED,155.9,158.7,120.0,138.5,138.5,136.0,,138.5,,,7200,1093650.0,11,F1,600,,,,,
2025-09-03,2025-09-03,CM,BSE,STK,543938,INE0POP01017,ACCELERATE,MT,,,,,ACCELERATEBS INDIA LIMITED,92.5,92.5,87.56,87.6,87.6,92.16,,87.6,,,6400,563724.0,9,F1,640,,,,,
2025-09-03,2025-09-03,CM,BSE,STK,543939,INE0P3N01018,KAKA,M,,,,,Kaka Industries Limited,211.0,211.5,208.0,208.45,208.0,208.85,,208.45,,,13500,2816775.0,16,F1,500,,,,,
2025-09-03,2025-09-03,CM,BSE,STK,543940,INE758E01017,JIOFIN,A,,,,,Jio Financial Services Limited,311.45,314.55,309.85,313.6,313.6,311.45,,313.7,,,411739,128482006.0,5364,F1,1,,,,,
2025-09-03,2025-09-03,CM,BSE,STK,543941,INE0NEV01011,AHASOLAR,M,,,,,AHASOLAR TECHNOLOGIES LIMITED,107.95,107.95,102.6,102.9,102.6,107.95,,102.9,,,8800,918800.0,22,F1,400,,,,,
2025-09-03,2025-09-03,CM,BSE,STK,543942,INE735W01017,UTKARSHBNK,B,,,,,UTKARSH SMALL FINANCE BANK LIM,21.5,21.57,21.17,21.45,21.46,21.12,,21.44,,,73893,1580356.0,257,F1,1,,,,,
2025-09-03,2025-09-03,CM,BSE,STK,543943,INE0DN001027,ASARFI,MT,,,,,ASARFI HOSPITAL LIMITED,125.5,125.5,119.05,119.8,119.05,124.9,,119.8,,,12000,1459550.0,12,F1,1000,,,,,
2025-09-03,2025-09-03,CM,BSE,STK,543944,INF769K01KR3,BANKETF,B,,,,,Mirae Asset Mutual Fund,545.65,549.82,545.65,549.82,549.82,545.33,,549.61,,,129,70842.0,5,F1,1,,,,,
2025-09-03,2025-09-03,CM,BSE,STK,543945,INE0NT901020,NETWEB,A,,,,,NETWEB TECHNOLOGIES INDIA LIMI,2335.05,2564.75,2282.0,2528.75,2528.75,2267.35,,2527.0,,,557633,1378504529.0,41201,F1,1,,,,,
2025-09-03,2025-09-03,CM,BSE,STK,543946,INF769K01KS1,LIQUID,F,,,,,Mirae Asset Mutual Fund,1000.0,1000.01,1000.0,1000.0,1000.0,1000.0,,999.99,,,8859,8859000.0,37,F1,1,,,,,
2025-09-03,2025-09-03,CM,BSE,STK,543947,INF740KA1SZ6,SENSEXADD,A,,,,,DSP BSE Sensex ETF,82.1,82.16,81.77,82.16,82.16,81.76,,82.43,,,31,2539.0,3,F1,1,,,,,
2025-09-03,2025-09-03,CM,BSE,STK,543948,INF740KA1SY9,PSUBANKADD,B,,,,,DSP Mutual Fund,69.8,69.8,69.8,69.8,69.8,68.33,,69.5,,,100,6980.0,1,F1,1,,,,,
2025-09-03,2025-09-03,CM,BSE,STK,543949,INF740KA1TA7,PVTBANKADD,B,,,,,DSP Mutual Fund,26.49,26.54,26.4,26.46,26.46,26.37,,26.65,,,1817,48053.0,14,F1,1,,,,,
2025-09-03,2025-09-03,CM,BSE,STK,543950,INE0JO301016,YATHARTH,A,,,,,YATHARTH HOSPITAL & TRAUMA CAR,706.1,755.0,706.1,749.75,749.75,703.9,,749.65,,,111388,82160753.0,4689,F1,1,,,,,
2025-09-03,2025-09-03,CM,BSE,STK,543952,INE342G01023,NIITMTS,A,,,,,NIIT Learning Systems Limited,328.0,338.5,328.0,335.65,334.25,334.25,,336.3,,,2071,695400.0,119,F1,1,,,,,
2025-09-03,2025-09-03,CM,BSE,STK,543953,INE0OWC01011,KHAZANCHI,M,,,,,Khazanchi Jewellers Limited,599.7,599.7,589.0,590.8,590.75,594.2,,590.8,,,32250,19086087.0,66,F1,250,,,,,
2025-09-03,2025-09-03,CM,BSE,STK,543954,INE0NN701020,ATL,B,,,,,Allcargo Terminals Limited,28.99,28.99,28.0,28.58,28.4,27.8,,28.68,,,16698,469543.0,109,F1,1,,,,,
2025-09-03,2025-09-03,CM,BSE,STK,543955,INE0O3901029,TREL,B,,,,,Transindia Real Estate Limited,32.7,33.09,32.27,32.98,32.83,32.7,,33.09,,,9291,304451.0,171,F1,1,,,,,
2025-09-03,2025-09-03,CM,BSE,STK,543956,INF109KC18V5,QUAL30IETF,B,,,,,ICICI Prudential Mutual Fund,21.38,21.42,21.28,21.35,21.32,21.38,,21.37,,,3305,70542.0,61,F1,1,,,,,
2025-09-03,2025-09-03,CM,BSE,STK,543957,INE0LXT01019,REDTAPE,B,,,,,REDTAPE Limited,133.8,138.5,133.55,135.25,136.0,133.85,,135.34,,,118229,16107307.0,2075,F1,1,,,,,
2025-09-03,2025-09-03,CM,BSE,STK,543958,INE03HW01020,VLEGOV,B,,,,,VL E-Governance & IT Solutions,32.89,33.35,31.55,31.96,32.25,32.45,,31.78,,,42697,1387010.0,491,F1,1,,,,,
2025-09-03,2025-09-03,CM,BSE,STK,543959,INE423Y01016,SBFC,A,,,,,SBFC Finance Limited,104.05,108.2,104.05,107.65,107.65,104.0,,107.79,,,170608,18327990.0,1923,F1,1,,,,,
2025-09-03,2025-09-03,CM,BSE,STK,543960,INE338H01029,CONCORDBIO,A,,,,,Concord Biotech Limited,1662.05,1709.95,1647.2,1694.7,1680.65,1691.15,,1698.7,,,7523,12552628.0,819,F1,1,,,,,
2025-09-03,2025-09-03,CM,BSE,STK,543962,INE864X01013,DPWIRES,B,,,,,D.P. WIRES LIMITED,218.3,263.1,217.55,263.1,263.1,219.25,,262.89,,,50860,12913728.0,1591,F1,1,,,,,
2025-09-03,2025-09-03,CM,BSE,STK,543963,INE013V01011,SHELTER,M,,,,,SHELTER PHARMA LIMITED,44.0,45.67,42.51,45.22,45.0,45.1,,45.22,,,30000,1322490.0,10,F1,3000,,,,,
2025-09-03,2025-09-03,CM,BSE,STK,543965,INE395N01027,TVSSCS,A,,,,,TVS Supply Chain Solutions Lim,130.9,135.9,128.9,134.9,134.9,128.6,,134.66,,,130788,17498194.0,2270,F1,1,,,,,
2025-09-03,2025-09-03,CM,BSE,STK,543969,INE0MIS01010,PYRAMID,B,,,,,Pyramid Technoplast Limited,162.15,173.5,161.65,169.25,169.05,164.95,,169.64,,,6365,1073565.0,329,F1,1,,,,,
2025-09-03,2025-09-03,CM,BSE,STK,543970,INE0OJZ01019,SHOORA,MT,,,,,Shoora Designs Limited,58.15,58.15,58.15,58.15,58.15,59.7,,58.15,,,48000,2791200.0,2,F1,1500,,,,,
2025-09-03,2025-09-03,CM,BSE,STK,543971,INE0Q8P01029,BONDADA,MT,,,,,Bondada Engineering Limited,399.5,401.9,396.0,397.75,398.5,397.85,,397.75,,,47800,19028770.0,182,F1,200,,,,,
2025-09-03,2025-09-03,CM,BSE,STK,543972,INE024001021,AEROFLEX,B,,,,,Aeroflex Industries Limited,176.9,182.05,175.15,180.15,180.9,174.6,,180.1,,,28375,5061912.0,644,F1,1,,,,,
2025-09-03,2025-09-03,CM,BSE,STK,543974,INE0AE001013,VPRPL,B,,,,,VISHNU PRAKASH R PUNGLIA LIMIT,122.25,125.4,119.45,120.5,120.5,120.4,,120.18,,,210002,25660596.0,2862,F1,1,,,,,
2025-09-03,2025-09-03,CM,BSE,STK,543976,INE489B01031,SHRAAITECH,X,,,,,Shradha AI Technologies Limite,41.14,41.63,40.2,40.79,41.0,41.14,,40.79,,,17588,717022.0,206,F1,1,,,,,
2025-09-03,2025-09-03,CM,BSE,STK,543977,INE0N2P01017,RISHABH,B,,,,,Rishabh Instruments Limited,439.4,457.9,427.4,448.9,447.9,438.3,,448.7,,,37740,16741804.0,2162,F1,1,,,,,
2025-09-03,2025-09-03,CM,BSE,STK,543978,INE05CZ01011,RATNAVEER,B,,,,,Ratnaveer Precision Engineerin,146.1,150.45,144.5,145.35,145.15,145.3,,145.48,,,17938,2629718.0,303,F1,1,,,,,
2025-09-03,2025-09-03,CM,BSE,STK,543979,INE04T901017,KAHAN,M,,,,,Kahan Packaging Limited,55.6,55.6,55.6,55.6,55.6,58.0,,55.6,,,1600,88960.0,1,F1,1600,,,,,
2025-09-03,2025-09-03,CM,BSE,STK,543980,INE682M01012,JLHL,A,,,,,Jupiter Life Line Hospitals Li,1436.45,1453.4,1436.1,1438.05,1438.0,1444.75,,1438.2,,,357,515775.0,96,F1,1,,,,,
2025-09-03,2025-09-03,CM,BSE,STK,543981,INE777K01022,RRKABEL,A,,,,,R R KABEL LIMITED,1184.05,1214.55,1184.0,1210.8,1210.8,1191.65,,1211.1,,,1368,1649345.0,216,F1,1,,,,,
2025-09-03,2025-09-03,CM,BSE,STK,543982,INE0OYE01013,QUESTFLOW,M,,,,,QUEST FLOW CONTROLS LIMITED,314.7,314.7,286.55,289.35,289.8,304.75,,289.35,,,58200,17091660.0,210,F1,200,,,,,
2025-09-03,2025-09-03,CM,BSE,STK,543983,INE0OV601013,EMSLIMITED,B,,,,,EMS LIMITED,535.0,545.4,535.0,542.05,541.0,532.55,,542.35,,,10968,5925576.0,552,F1,1,,,,,
2025-09-03,2025-09-03,CM,BSE,STK,543984,INE08U801020,SAMHI,A,,,,,Samhi Hotels Limited,210.0,219.6,208.65,217.25,217.25,210.35,,217.36,,,74274,16027166.0,1721,F1,1,,,,,
2025-09-03,2025-09-03,CM,BSE,STK,543985,INE07K301024,ZAGGLE,A,,,,,ZAGGLE PREPAID OCEAN SERVICES,401.55,408.05,397.9,400.35,400.35,402.55,,400.15,,,31176,12530354.0,1065,F1,1,,,,,
2025-09-03,2025-09-03,CM,BSE,STK,543986,INE980Y01015,SOUTHWEST,T,,,,,South West Pinnacle Exploratio,147.0,147.0,142.05,143.85,143.0,143.35,,143.6,,,1474,211271.0,39,F1,1,,,,,
2025-09-03,2025-09-03,CM,BSE,STK,543988,INE531F01015,NUVAMA,A,,,,,Nuvama Wealth Management Limit,6457.65,6600.0,6457.2,6532.05,6555.0,6449.05,,6530.0,,,4990,32601484.0,1076,F1,1,,,,,
2025-09-03,2025-09-03,CM,BSE,STK,543989,INE438K01021,KALAMANDIR,B,,,,,Sai Silks (Kalamandir) Limited,174.9,178.6,174.05,177.25,177.25,174.6,,177.45,,,36117,6386583.0,901,F1,1,,,,,
2025-09-03,2025-09-03,CM,BSE,STK,543990,INE903U01023,SIGNATURE,A,,,,,SIGNATUREGLOBAL (INDIA) LIMITE,1084.95,1106.75,1078.05,1103.2,1101.0,1087.45,,1103.2,,,13849,15202508.0,583,F1,1,,,,,
2025-09-03,2025-09-03,CM,BSE,STK,543991,INE0P4P01011,TECHKGREEN,M,,,,,TECHKNOWGREEN SOLUTIONS LIMITE,156.15,160.85,154.0,156.0,156.0,160.85,,156.0,,,4800,755700.0,12,F1,400,,,,,
2025-09-03,2025-09-03,CM,BSE,STK,543992,INE0JR601024,YATRA,B,,,,,YATRA ONLINE LIMITED,157.25,162.25,155.25,156.75,156.75,156.1,,156.51,,,255021,40321611.0,3188,F1,1,,,,,
2025-09-03,2025-09-03,CM,BSE,STK,543993,INE372M01010,ARCL,X,,,,,ARCL Organics Ltd,286.8,313.9,283.05,313.9,313.9,285.4,,313.9,,,32847,9849936.0,153,F1,1,,,,,
2025-09-03,2025-09-03,CM,BSE,STK,543994,INE880J01026,JSWINFRA,A,,,,,JSW Infrastructure Limited,303.5,309.65,302.45,306.5,306.4,302.45,,306.55,,,262402,80282809.0,2244,F1,1,,,,,
2025-09-03,2025-09-03,CM,BSE,STK,543995,INE0KNT01012,MVGJL,B,,,,,MANOJ VAIBHAV GEMS 'N' JEWELLE,199.65,201.45,197.55,199.5,199.5,199.2,,199.22,,,13972,2786486.0,388,F1,1,,,,,
2025-09-03,2025-09-03,CM,BSE,STK,543996,INE851I01011,UDS,B,,,,,Updater Services Limited,252.9,256.4,250.0,252.2,253.1,251.55,,252.23,,,10868,2745629.0,414,F1,1,,,,,
2025-09-03,2025-09-03,CM,BSE,STK,543997,INE0MIO01019,ORGANICREC,M,,,,,ORGANIC RECYCLING SYSTEMS LIMI,275.05,278.0,275.0,275.0,275.0,275.1,,275.0,,,9600,2648460.0,11,F1,600,,,,,
2025-09-03,2025-09-03,CM,BSE,STK,543998,INE0JWS01017,VALIANTLAB,B,,,,,Valiant Laboratories Limited,87.84,88.0,86.51,86.9,86.83,87.14,,86.89,,,567,49391.0,69,F1,1,,,,,
2025-09-03,2025-09-03,CM,BSE,STK,543999,INF769K01KT9,SENSEXETF,A,,,,,Mirae Asset Mutual Fund,82.09,82.62,81.84,82.57,82.55,82.14,,82.42,,,6963,571803.0,34,F1,1,,,,,
2025-09-03,2025-09-03,CM,BSE,STK,544001,INE0Q1S01010,SUNITATOOL,M,,,,,Sunita Tools Limited,650.0,671.85,625.0,671.85,671.85,639.9,,671.85,,,49875,33176100.0,199,F1,125,,,,,
2025-09-03,2025-09-03,CM,BSE,STK,544003,INE0INJ01017,PLAZACABLE,B,,,,,Plaza Wires Limited,56.05,56.5,55.63,55.97,56.5,55.85,,56.21,,,22169,1250294.0,305,F1,1,,,,,
2025-09-03,2025-09-03,CM,BSE,STK,544004,INE07U701015,IRMENERGY,B,,,,,IRM ENERGY LIMITED,266.35,273.45,266.35,271.45,271.45,264.05,,270.9,,,1805,488692.0,165,F1,1,,,,,
2025-09-03,2025-09-03,CM,BSE,STK,544006,INF769K01KV5,ITETF,B,,,,,Mirae Asset Mutual Fund,37.03,37.15,36.7,36.88,36.89,37.16,,36.83,,,17776,654498.0,277,F1,1,,,,,
2025-09-03,2025-09-03,CM,BSE,STK,544007,INF769K01KU7,ALPHAETF,B,,,,,Mirae Asset Mutual Fund,25.35,25.35,24.4,25.08,25.11,24.91,,25.05,,,85235,2110004.0,416,F1,1,,,,,
2025-09-03,2025-09-03,CM,BSE,STK,544008,INE03EI01018,MAXESTATES,A,,,,,Max Estates Limited,442.6,450.7,438.5,444.3,449.6,442.6,,442.45,,,4299,1905601.0,280,F1,1,,,,,
2025-09-03,2025-09-03,CM,BSE,STK,544009,INE0KBH01020,BLUEJET,B,,,,,Blue Jet Healthcare Limited,705.0,710.0,681.05,706.5,710.0,683.6,,705.6,,,29645,20722640.0,1611,F1,1,,,,,
2025-09-03,2025-09-03,CM,BSE,STK,544010,INF200KA13Z8,LIQUIDSBI,F,,,,,SBI Mutual Fund,1000.01,1000.01,999.99,1000.01,1000.01,1000.01,,1000.0,,,1142,1142008.0,7,F1,1,,,,,
2025-09-03,2025-09-03,CM,BSE,STK,544012,INE0LMW01024,CELLO,A,,,,,Cello World Limited,569.45,579.25,561.65,576.7,570.15,568.35,,575.9,,,13326,7628551.0,758,F1,1,,,,,
2025-09-03,2025-09-03,CM,BSE,STK,544014,INE0J5401028,HONASA,A,,,,,Honasa Consumer Limited,297.05,304.7,297.0,301.4,300.7,297.4,,301.7,,,28974,8747651.0,891,F1,1,,,,,
2025-09-03,2025-09-03,CM,BSE,STK,544015,INE0QI101019,MISHDESIGN,MT,,,,,Mish Designs Limited,68.35,68.35,68.35,68.35,68.35,65.1,,68.35,,,9500,649325.0,19,F1,500,,,,,
2025-09-03,2025-09-03,CM,BSE,STK,544020,INE818W01011,ESAFSFB,B,,,,,ESAF Small Finance Bank Ltd,29.2,29.53,29.08,29.28,29.28,29.4,,29.31,,,25347,741124.0,261,F1,1,,,,,
2025-09-03,2025-09-03,CM,BSE,STK,544021,INE004A01022,PROTEAN,A,,,,,Protean eGov Technologies Limi,893.9,945.0,891.55,911.3,911.3,890.05,,911.1,,,339457,313099761.0,13419,F1,1,,,,,
2025-09-03,2025-09-03,CM,BSE,STK,544022,INE491J01022,ASKAUTOLTD,B,,,,,ASK Automotive Limited,500.95,516.4,500.95,513.85,515.95,509.45,,514.75,,,8826,4516625.0,338,F1,1,,,,,
2025-09-03,2025-09-03,CM,BSE,STK,544023,INE0N6U01018,KALYANI,M,,,,,Kalyani Cast-Tech Limited,539.5,545.95,535.0,540.45,539.0,546.0,,540.45,,,11750,6343287.0,44,F1,250,,,,,
2025-09-03,2025-09-03,CM,BSE,STK,544026,INE202E01016,IREDA,A,,,,,Indian Renewable Energy Develo,144.15,146.15,144.15,145.7,146.15,144.05,,145.7,,,229643,33362830.0,2436,F1,1,,,,,
2025-09-03,2025-09-03,CM,BSE,STK,544027,INE007N01010,FEDFINA,B,,,,,Fedbank Financial Services Lim,133.5,141.2,133.5,139.85,139.95,135.9,,140.01,,,90836,12673807.0,1788,F1,1,,,,,
2025-09-03,2025-09-03,CM,BSE,STK,544028,INE142M01025,TATATECH,A,,,,,Tata Technologies Limited,684.0,687.0,678.7,684.9,684.9,680.9,,684.8,,,20935,14288185.0,1080,F1,1,,,,,
2025-09-03,2025-09-03,CM,BSE,STK,544029,INE717W01049,GANDHAR,B,,,,,Gandhar Oil Refinery (India) L,145.0,148.6,145.0,147.9,148.0,146.95,,147.73,,,9176,1354628.0,305,F1,1,,,,,
2025-09-03,2025-09-03,CM,BSE,STK,544030,INE00Y201027,FLAIR,B,,,,,Flair Writing Industries Limit,307.5,326.1,307.5,321.35,321.35,309.55,,322.15,,,11342,3601255.0,670,F1,1,,,,,
2025-09-03,2025-09-03,CM,BSE,STK,544035,INE0RDR01012,SPL,M,,,,,Swashthik Plascon Limited,41.0,43.2,41.0,43.2,43.2,40.0,,43.2,,,56000,2307600.0,7,F1,1600,,,,,
2025-09-03,2025-09-03,CM,BSE,STK,544036,INE0RDM01013,DEEPAKCHEM,MT,,,,,DEEPAK CHEMTEX LIMITED,142.25,142.25,140.0,140.0,140.0,142.35,,140.0,,,4800,675600.0,3,F1,1600,,,,,
2025-09-03,2025-09-03,CM,BSE,STK,544037,INE0P9J01013,AMIC,M,,,,,Amic Forging Limited,1480.0,1489.0,1450.0,1474.1,1474.0,1480.1,,1474.1,,,21700,31917590.0,99,F1,100,,,,,
2025-09-03,2025-09-03,CM,BSE,STK,544042,INE0KQN01018,BAJEL,T,,,,,Bajel Projects Limited,206.8,206.8,201.35,202.95,204.75,203.05,,203.41,,,12888,2632197.0,169,F1,1,,,,,
2025-09-03,2025-09-03,CM,BSE,STK,544043,INF251K01SU9,BBNPPGOLD,E,,,,,BARODA BNP PARIBAS MUTUAL FUND,102.15,104.89,102.15,104.35,104.89,101.98,,102.85,,,153,15959.0,6,F1,1,,,,,
2025-09-03,2025-09-03,CM,BSE,STK,544044,INE922K01024,INDIASHLTR,A,,,,,India Shelter Finance Corporat,913.15,913.15,892.3,900.4,904.45,908.6,,900.95,,,6016,5408142.0,697,F1,1,,,,,
2025-09-03,2025-09-03,CM,BSE,STK,544045,INE321T01012,DOMS,A,,,,,DOMS Industries Limited,2497.8,2535.0,2469.6,2502.45,2499.45,2479.6,,2503.3,,,2224,5573673.0,412,F1,1,,,,,
2025-09-03,2025-09-03,CM,BSE,STK,544046,INE616N01034,INOXINDIA,A,,,,,INOX India Limited,1132.35,1183.0,1132.35,1180.7,1180.7,1152.3,,1180.4,,,3871,4499141.0,528,F1,1,,,,,
2025-09-03,2025-09-03,CM,BSE,STK,544047,INE0QSK01017,SIYARAM,M,,,,,Siyaram Recycling Industries L,114.0,114.0,101.1,106.85,105.3,110.1,,106.85,,,105000,11109675.0,70,F1,1500,,,,,
2025-09-03,2025-09-03,CM,BSE,STK,544052,INE0Q2Z01013,BENCHMARK,M,,,,,Benchmark Computer Solutions L,30.51,31.97,30.51,31.0,31.0,30.07,,31.0,,,6000,186960.0,3,F1,2000,,,,,
2025-09-03,2025-09-03,CM,BSE,STK,544053,INE0FRK01020,MOTISONS,B,,,,,Motisons Jewellers Limited,19.11,19.77,19.11,19.55,19.65,19.24,,19.57,,,247845,4843989.0,824,F1,1,,,,,
2025-09-03,2025-09-03,CM,BSE,STK,544054,INE843S01025,SURAJEST,B,,,,,Suraj Estate Developers Limite,289.45,306.0,288.0,303.6,304.35,288.65,,303.8,,,24821,7430450.0,850,F1,1,,,,,
2025-09-03,2025-09-03,CM,BSE,STK,544055,INE046W01019,MUTHOOTMF,B,,,,,Muthoot Microfin Limited,160.55,171.9,160.55,168.3,168.2,159.4,,168.12,,,25906,4329874.0,722,F1,1,,,,,
2025-09-03,2025-09-03,CM,BSE,STK,544056,INE0PSJ01011,SMARITIME,M,,,,,Sahara Maritime Limited,45.94,46.0,45.94,46.0,46.0,38.48,,46.0,,,4800,220608.0,3,F1,1600,,,,,
2025-09-03,2025-09-03,CM,BSE,STK,544057,INE330T01021,HAPPYFORGE,B,,,,,Happy Forgings Limited,896.95,905.85,895.9,903.05,905.85,905.15,,901.7,,,541,487337.0,125,F1,1,,,,,
2025-09-03,2025-09-03,CM,BSE,STK,544058,INE220Q01020,MUFTI,B,,,,,Credo Brands Marketing Limited,122.1,125.5,122.1,125.1,124.4,124.6,,124.9,,,5515,688569.0,169,F1,1,,,,,
2025-09-03,2025-09-03,CM,BSE,STK,544059,INE0QZQ01019,SHANTIDENM,M,,,,,SHANTI SPINTEX LIMITED,71.95,72.75,71.95,72.75,72.75,71.95,,72.75,,,4000,289400.0,2,F1,2000,,,,,
2025-09-03,2025-09-03,CM,BSE,STK,544060,INE0PEQ01016,RBZJEWEL,B,,,,,RBZ Jewellers Limited,135.55,137.65,135.25,136.95,137.65,135.3,,136.29,,,3287,447355.0,104,F1,1,,,,,
2025-09-03,2025-09-03,CM,BSE,STK,544061,INE02IJ01035,AZAD,A,,,,,Azad Engineering Limited,1595.05,1618.05,1590.5,1605.8,1608.95,1607.85,,1606.7,,,8446,13566242.0,952,F1,1,,,,,
2025-09-03,2025-09-03,CM,BSE,STK,544066,INE0Q3R01026,SUNCLAY,B,,,,,SUNDARAM-CLAYTON LIMITED,1709.1,1755.3,1680.0,1693.85,1693.0,1697.95,,1698.1,,,885,1524728.0,255,F1,1,,,,,
2025-09-03,2025-09-03,CM,BSE,STK,544067,INE0DUT01020,INNOVACAP,B,,,,,INNOVA CAPTAB LIMITED,905.05,928.7,901.45,913.95,913.45,920.05,,914.65,,,3373,3068240.0,419,F1,1,,,,,
2025-09-03,2025-09-03,CM,BSE,STK,544073,INE0A6N01026,MCPL,M,,,,,Manoj Ceramic Limited,119.55,119.55,112.15,115.6,115.6,113.9,,115.6,,,6000,686950.0,6,F1,1000,,,,,
2025-09-03,2025-09-03,CM,BSE,STK,544074,INE0RNZ01014,SBVCL,M,,,,,Shri Balaji Valve Components L,106.9,111.5,106.9,110.5,109.0,104.5,,110.5,,,5400,589170.0,9,F1,600,,,,,
2025-09-03,2025-09-03,CM,BSE,STK,544079,INE0PSC01024,DIGIDRIVE,B,,,,,DIGIDRIVE DISTRIBUTORS LIMITED,30.11,33.3,30.11,32.45,32.82,31.9,,32.41,,,6692,214853.0,88,F1,1,,,,,
2025-09-03,2025-09-03,CM,BSE,STK,544081,INE980O01024,JYOTICNC,A,,,,,Jyoti CNC Automation Limited,898.95,914.75,895.0,896.3,897.0,896.85,,896.2,,,16462,14849711.0,1467,F1,1,,,,,
2025-09-03,2025-09-03,CM,BSE,STK,544082,INE0GEN01012,SWANAGRO,M,,,,,New Swan Multitech Limited,70.05,70.5,70.03,70.03,70.03,70.03,,70.03,,,8000,561220.0,4,F1,2000,,,,,
2025-09-03,2025-09-03,CM,BSE,STK,544083,INE0QIS01011,SHREE,MT,,,,,Shree Marutinandan Tubes Limit,90.1,90.1,90.1,90.1,90.1,90.0,,90.1,,,500,45050.0,1,F1,500,,,,,
2025-09-03,2025-09-03,CM,BSE,STK,544088,INE456Z01021,MEDIASSIST,A,,,,,Medi Assist Healthcare Service,504.05,523.0,504.05,520.95,520.95,509.95,,521.5,,,12962,6691918.0,986,F1,1,,,,,
2025-09-03,2025-09-03,CM,BSE,STK,544089,INF0R8F01034,LIQUIDCASE,F,,,,,Zerodha Mutual Fund,110.24,110.26,110.24,110.25,110.25,110.24,,110.24,,,1612542,177777286.0,1286,F1,1,,,,,
2025-09-03,2025-09-03,CM,BSE,STK,544091,INE0Q1R01012,QLL,M,,,,,Qualitek Labs Limited,406.1,408.0,368.95,380.0,387.0,388.1,,380.0,,,21200,8141000.0,46,F1,400,,,,,
2025-09-03,2025-09-03,CM,BSE,STK,544092,INF0QA701722,NIFTYBETF,B,,,,,Bajaj Finserv Mutual Fund,253.87,253.87,249.78,251.61,251.57,252.61,,251.56,,,213,53557.0,14,F1,1,,,,,
2025-09-03,2025-09-03,CM,BSE,STK,544093,INF0QA701714,BANKBETF,B,,,,,Bajaj Finserv Mutual Fund,54.4,54.96,54.2,54.76,54.96,54.54,,54.88,,,2887,157578.0,66,F1,1,,,,,
2025-09-03,2025-09-03,CM,BSE,STK,544095,INE0G5901015,EPACK,B,,,,,EPACK Durable Limited,385.65,409.5,385.3,398.7,398.7,387.75,,398.55,,,182212,73121803.0,4341,F1,1,,,,,
2025-09-03,2025-09-03,CM,BSE,STK,544100,INE02H701025,NOVAAGRI,B,,,,,Nova Agritech Limited,51.77,52.28,51.25,51.67,51.67,51.75,,51.72,,,13681,708600.0,312,F1,1,,,,,
2025-09-03,2025-09-03,CM,BSE,STK,544101,INE0Q6L01014,BRISK,M,,,,,Brisk Technovision Limited,100.0,100.0,100.0,100.0,100.0,103.0,,100.0,,,1600,160000.0,2,F1,800,,,,,
2025-09-03,2025-09-03,CM,BSE,STK,544102,INF789F1AZD8,NIFITETF,B,,,,,UTI Mutual Fund,369.57,369.57,365.25,365.43,365.43,367.44,,366.01,,,5,1831.0,3,F1,1,,,,,
2025-09-03,2025-09-03,CM,BSE,STK,544104,INF789F1AZF3,NIF10GETF,F,,,,,UTI Mutual Fund,25.89,25.89,25.89,25.89,25.89,25.65,,25.88,,,25,647.0,1,F1,1,,,,,
2025-09-03,2025-09-03,CM,BSE,STK,544105,INE0OLZ01015,HARSHDEEP,MT,,,,,HARSHDEEP HORTICO LIMITED,109.85,109.85,108.0,108.95,108.0,108.15,,108.95,,,3000,326775.0,2,F1,1500,,,,,
2025-09-03,2025-09-03,CM,BSE,STK,544107,INE0NLT01010,BLSE,T,,,,,BLS E-Services Limited,175.3,179.1,173.7,176.95,176.95,177.6,,176.91,,,8293,1467473.0,209,F1,1,,,,,
2025-09-03,2025-09-03,CM,BSE,STK,544108,INE0QZF01012,GPSL,MT,,,,,Gabriel Pet Straps Limited,256.0,256.5,256.0,256.5,256.5,258.9,,256.5,,,7200,1845900.0,5,F1,600,,,,,
2025-09-03,2025-09-03,CM,BSE,STK,544110,INF179KC1HW4,HDFCPSUBK,B,,,,,HDFC Mutual Fund,69.46,69.91,68.9,69.33,68.9,69.58,,69.58,,,966,67146.0,28,F1,1,,,,,
2025-09-03,2025-09-03,CM,BSE,STK,544111,INE988S01028,PARKHOTELS,B,,,,,Apeejay Surrendra Park Hotels,153.4,162.0,152.2,158.85,158.95,152.6,,158.8,,,110230,17418873.0,1372,F1,1,,,,,
2025-09-03,2025-09-03,CM,BSE,STK,544112,INE0QXV01014,JGTL,X,,,,,JASCH GAUGING TECHNOLOGIES LIM,575.0,581.0,563.05,573.1,565.05,558.0,,573.1,,,338,192971.0,31,F1,1,,,,,
2025-09-03,2025-09-03,CM,BSE,STK,544117,INE0KGZ01021,SIGNPOST,B,,,,,Signpost India Limited,271.7,276.0,269.8,271.9,276.0,274.7,,271.7,,,6288,1707970.0,213,F1,1,,,,,
2025-09-03,2025-09-03,CM,BSE,STK,544118,INE953L01027,JSFB,B,,,,,JANA SMALL FINANCE BANK LIMITE,490.85,497.55,488.85,490.55,490.8,491.05,,490.2,,,4604,2275259.0,206,F1,1,,,,,
2025-09-03,2025-09-03,CM,BSE,STK,544119,INE0J1F01024,RPTECH,B,,,,,Rashi Peripherals Limited,282.0,286.0,280.85,284.75,285.0,280.55,,285.2,,,7899,2231048.0,264,F1,1,,,,,
2025-09-03,2025-09-03,CM,BSE,STK,544120,INE646H01017,CAPITALSFB,B,,,,,Capital Small Finance Bank Ltd,283.0,289.0,281.4,283.9,283.45,281.45,,283.2,,,1317,375246.0,75,F1,1,,,,,
2025-09-03,2025-09-03,CM,BSE,STK,544121,INE0OYK01010,RUDRAGAS,M,,,,,Rudra Gas Enterprise Limited,90.26,90.26,89.6,89.6,89.6,92.1,,89.6,,,6000,539060.0,6,F1,1000,,,,,
2025-09-03,2025-09-03,CM,BSE,STK,544122,INE010601016,ENTERO,B,,,,,Entero Healthcare Solutions Li,1181.65,1200.3,1165.0,1176.75,1177.6,1180.55,,1176.3,,,5820,6848825.0,886,F1,1,,,,,
2025-09-03,2025-09-03,CM,BSE,STK,544123,INF767K01RN1,LICNMID100,B,,,,,LIC Mutual Fund,58.76,59.55,58.4,58.65,58.64,58.93,,58.96,,,6956,409628.0,60,F1,1,,,,,
2025-09-03,2025-09-03,CM,BSE,STK,544124,INE0QTF01015,VSTL,B,,,,,VIBHOR STEEL TUBES LIMITED,160.75,165.0,160.65,162.4,162.2,158.2,,162.41,,,3024,493013.0,118,F1,1,,,,,
2025-09-03,2025-09-03,CM,BSE,STK,544129,INE696F01016,JUNIPER,B,,,,,Juniper Hotels Limited,287.2,290.45,286.3,287.25,287.25,288.4,,287.85,,,3041,877877.0,368,F1,1,,,,,
2025-09-03,2025-09-03,CM,BSE,STK,544130,INF769K01LC3,SMALLCAP,B,,,,,Mirae Asset Mutual Fund,45.28,45.46,45.02,45.39,45.39,45.01,,45.36,,,1821499,82534631.0,335,F1,1,,,,,
2025-09-03,2025-09-03,CM,BSE,STK,544131,INE486R01017,GPTHEALTH,B,,,,,GPT Healthcare Limited,147.05,153.15,147.05,152.2,152.75,148.8,,152.29,,,18966,2870426.0,430,F1,1,,,,,
2025-09-03,2025-09-03,CM,BSE,STK,544132,INF0R8F01042,GOLDCASE,E,,,,,Zerodha Mutual Fund,16.75,16.75,16.56,16.73,16.73,16.48,,16.72,,,447914,7479166.0,1294,F1,1,,,,,
2025-09-03,2025-09-03,CM,BSE,STK,544133,INE777F01014,EXICOM,B,,,,,EXICOM TELE-SYSTEMS LIMITED,148.05,150.75,146.65,147.65,147.5,147.75,,147.52,,,46368,6877145.0,976,F1,1,,,,,
2025-09-03,2025-09-03,CM,BSE,STK,544134,INE0PT501018,PLATIND,B,,,,,Platinum Industries Limited,264.0,268.4,263.9,267.35,268.35,265.0,,266.55,,,2303,612695.0,110,F1,1,,,,,
2025-09-03,2025-09-03,CM,BSE,STK,544135,INE0CG401037,MUKKA,B,,,,,Mukka Proteins Limited,27.21,28.15,27.21,27.83,27.69,27.84,,27.81,,,17780,493407.0,252,F1,1,,,,,
2025-09-03,2025-09-03,CM,BSE,STK,544136,INE0NQ801033,RKSWAMY,B,,,,,R K Swamy Limited,157.75,157.75,151.1,152.5,154.05,151.0,,153.23,,,2599,396646.0,193,F1,1,,,,,
2025-09-03,2025-09-03,CM,BSE,STK,544137,INE0NHL23019,INDUSINVIT,IF,,,,,Indus Infra Trust,112.86,113.37,111.87,111.96,111.87,111.91,,111.75,,,4224,473564.0,193,F1,1,,,,,
2025-09-03,2025-09-03,CM,BSE,STK,544138,INE0MB501011,JGCHEM,B,,,,,J.G.Chemicals Limited,465.15,472.5,465.15,469.2,469.6,466.35,,469.5,,,8725,4088312.0,602,F1,1,,,,,
2025-09-03,2025-09-03,CM,BSE,STK,544139,INE0M8R01011,KOURA,MT,,,,,KOURA FINE DIAMOND JEWELRY LIM,37.51,37.51,37.51,37.51,37.51,39.48,,37.51,,,4000,150040.0,2,F1,2000,,,,,
2025-09-03,2025-09-03,CM,BSE,STK,544140,INE0L9R01028,GOPAL,B,,,,,Gopal Snacks Limited,360.25,366.4,357.05,364.3,362.65,358.2,,364.0,,,8116,2935854.0,576,F1,1,,,,,
2025-09-03,2025-09-03,CM,BSE,STK,544141,INE510U01018,PESB,MT,,,,,Pune E - Stock Broking Limited,175.2,175.6,175.2,175.5,175.5,176.2,,175.5,,,4000,701440.0,5,F1,800,,,,,
2025-09-03,2025-09-03,CM,BSE,STK,544142,INE0PB301013,SCILAL,B,,,,,Shipping Corporation of India,49.46,54.5,49.46,53.37,53.37,49.59,,53.36,,,364106,19199613.0,2688,F1,1,,,,,
2025-09-03,2025-09-03,CM,BSE,STK,544143,INE0QQG01019,ROYAL,M,,,,,Royal Sense Limited,280.0,280.0,268.0,270.0,270.0,280.0,,270.0,,,2500,678975.0,5,F1,500,,,,,
2025-09-03,2025-09-03,CM,BSE,STK,544144,INE772T01024,PVSL,B,,,,,Popular Vehicles and Services,117.7,125.25,117.7,123.55,122.55,116.7,,123.52,,,26241,3244787.0,669,F1,1,,,,,
2025-09-03,2025-09-03,CM,BSE,STK,544149,INE0QN801017,KRYSTAL,B,,,,,KRYSTAL INTEGRATED SERVICES LI,704.95,729.75,685.4,691.9,691.9,696.9,,692.7,,,8569,6064151.0,739,F1,1,,,,,
2025-09-03,2025-09-03,CM,BSE,STK,544150,INE0QVH01025,KPGEL,MT,,,,,KP GREEN ENGINEERING LIMITED,565.0,571.0,554.0,567.4,567.4,565.0,,567.4,,,148750,83969700.0,126,F1,250,,,,,
2025-09-03,2025-09-03,CM,BSE,STK,544151,INE0AH901011,CHATHA,M,,,,,CHATHA FOODS LIMITED,99.4,101.45,99.4,101.45,101.45,100.25,,101.45,,,3000,301800.0,3,F1,1000,,,,,
2025-09-03,2025-09-03,CM,BSE,STK,544156,INE0QHY01011,GCONNECT,MT,,,,,Gconnect Logitech and Supply C,25.0,25.0,24.57,24.57,24.57,25.86,,24.57,,,16500,407265.0,9,F1,1500,,,,,
2025-09-03,2025-09-03,CM,BSE,STK,544157,INE0OMZ01013,VRUDDHI,MT,,,,,Vruddhi Engineering Works Limi,212.1,212.1,212.1,212.1,212.1,211.3,,212.1,,,500,106050.0,1,F1,500,,,,,
2025-09-03,2025-09-03,CM,BSE,STK,544158,INE0R6Z01013,SRM,B,,,,,SRM CONTRACTORS LIMITED,472.2,476.7,462.35,468.55,469.4,474.15,,468.7,,,6583,3087279.0,561,F1,1,,,,,
2025-09-03,2025-09-03,CM,BSE,STK,544159,INF740KA1UM0,LIQUIDADD,F,,,,,DSP BSE Liquid Rate ETF,1088.99,1089.01,1088.99,1089.0,1088.99,1088.86,,1088.99,,,11736,12780475.0,40,F1,1,,,,,
2025-09-03,2025-09-03,CM,BSE,STK,544160,INE0MSS01019,JAYKAILASH,MT,,,,,Jay Kailash Namkeen Limited,49.45,49.45,47.95,47.95,47.95,47.85,,47.95,,,3200,155840.0,2,F1,1600,,,,,
2025-09-03,2025-09-03,CM,BSE,STK,544161,INE266Y01019,DPABHUSHAN,B,,,,,D P ABHUSHAN LIMITED,1589.9,1600.45,1576.1,1583.2,1588.0,1592.7,,1579.0,,,4974,7916446.0,117,F1,1,,,,,
2025-09-03,2025-09-03,CM,BSE,STK,544162,INE343G01021,BHARTIHEXA,A,,,,,Bharti Hexacom Limited,1767.6,1791.0,1767.15,1787.15,1784.25,1769.7,,1787.1,,,2674,4762860.0,317,F1,1,,,,,
2025-09-03,2025-09-03,CM,BSE,STK,544163,INE0S0701019,GVL,M,,,,,Greenhitech Ventures Limited,85.6,85.6,85.6,85.6,85.6,85.6,,85.6,,,1000,85600.0,1,F1,1000,,,,,
2025-09-03,2025-09-03,CM,BSE,STK,544166,INE0SDC01012,EMMFORCE,M,,,,,EMMFORCE AUTOTECH LIMITED,136.25,137.88,128.15,133.83,134.9,136.42,,133.83,,,117600,15701052.0,93,F1,1200,,,,,
2025-09-03,2025-09-03,CM,BSE,STK,544167,INE0OAF01028,JNKINDIA,B,,,,,JNK India Limited,286.0,297.45,286.0,293.3,294.95,291.1,,293.5,,,3636,1067778.0,155,F1,1,,,,,
2025-09-03,2025-09-03,CM,BSE,STK,544168,INE0R6801013,VARYAA,M,,,,,VARYAA CREATIONS LIMITED,40.0,44.0,39.8,44.0,44.0,40.0,,44.0,,,4000,167800.0,4,F1,1000,,,,,
2025-09-03,2025-09-03,CM,BSE,STK,544170,INE0QXT01018,SAI,M,,,,,Sai Swami Metals and Alloys Li,36.85,37.0,35.51,36.74,37.0,34.89,,36.74,,,32000,1171120.0,16,F1,2000,,,,,
2025-09-03,2025-09-03,CM,BSE,STK,544171,INE0RGM01016,STAL,M,,,,,Storage Technologies and Autom,87.65,100.8,87.65,97.89,97.89,84.0,,97.89,,,339200,33154728.0,362,F1,800,,,,,
2025-09-03,2025-09-03,CM,BSE,STK,544172,INE065X01017,INDGN,A,,,,,Indegene Limited,547.2,555.5,546.7,552.75,554.2,546.4,,553.0,,,15020,8291813.0,706,F1,1,,,,,
2025-09-03,2025-09-03,CM,BSE,STK,544173,INE0QOQ01013,FTL,M,,,,,Finelistings Technologies Limi,32.51,32.51,32.51,32.51,32.51,30.97,,32.51,,,13000,422630.0,9,F1,1000,,,,,
2025-09-03,2025-09-03,CM,BSE,STK,544174,INE673O01025,TBOTEK,A,,,,,TBO TEK LIMITED,1550.0,1609.2,1504.0,1590.65,1590.65,1383.5,,1591.0,,,352963,553153445.0,19751,F1,1,,,,,
2025-09-03,2025-09-03,CM,BSE,STK,544175,INE0SMU01015,TGIF,M,,,,,TGIF AGRIBUSINESS LIMITED,87.8,87.8,87.8,87.8,87.8,90.0,,87.8,,,1200,105360.0,1,F1,1200,,,,,
2025-09-03,2025-09-03,CM,BSE,STK,544176,INE883F01010,AADHARHFC,A,,,,,Aadhar Housing Finance Limited,505.0,518.6,505.0,515.15,515.7,507.95,,515.4,,,27020,13924233.0,1339,F1,1,,,,,
2025-09-03,2025-09-03,CM,BSE,STK,544179,INE03JT01014,GODIGIT,A,,,,,Go Digit General Insurance Lim,349.2,355.8,349.2,354.5,355.0,351.3,,354.55,,,11002,3890273.0,345,F1,1,,,,,
2025-09-03,2025-09-03,CM,BSE,STK,544180,INF769K01LJ8,MIDSMALL,B,,,,,Mirae Asset Mutual Fund,48.9,48.9,47.89,48.16,48.14,47.98,,48.14,,,11157,536877.0,139,F1,1,,,,,
2025-09-03,2025-09-03,CM,BSE,STK,544181,INE108V01019,AWFIS,B,,,,,Awfis Space Solutions Limited,566.0,579.55,566.0,576.8,575.0,569.75,,577.7,,,4133,2371520.0,237,F1,1,,,,,
2025-09-03,2025-09-03,CM,BSE,STK,544183,INE0RIQ01013,ASSOCIATED,MT,,,,,Associated Coaters Limited,101.0,102.0,101.0,101.0,101.0,100.87,,101.0,,,3500,355000.0,5,F1,500,,,,,
2025-09-03,2025-09-03,CM,BSE,STK,544184,INE02L001032,BOROSCI,B,,,,,Borosil Scientific Limited,141.0,147.0,140.0,145.9,145.9,140.45,,145.48,,,15565,2238091.0,264,F1,1,,,,,
2025-09-03,2025-09-03,CM,BSE,STK,544185,INE257C01014,ADTECH,X,,,,,ADTECH SYSTEMS LIMITED,71.9,71.9,69.0,71.13,71.38,70.99,,71.13,,,4493,317665.0,50,F1,1,,,,,
2025-09-03,2025-09-03,CM,BSE,STK,544186,INE0TT901016,TOTEM,B,,,,,Forbes Precision Tools and Mac,174.5,176.9,171.8,173.75,174.0,174.45,,173.75,,,4217,731381.0,191,F1,1,,,,,
2025-09-03,2025-09-03,CM,BSE,STK,544187,INE0ATZ01017,KRONOX,B,,,,,KRONOX LAB SCIENCES LIMITED,167.3,169.95,166.2,167.55,167.75,168.65,,167.84,,,9845,1648002.0,274,F1,1,,,,,
2025-09-03,2025-09-03,CM,BSE,STK,544188,INE0QZ901011,MAGENTA,M,,,,,Magenta Lifecare Limited,14.25,14.25,14.25,14.25,14.25,16.99,,14.25,,,4000,57000.0,1,F1,4000,,,,,
2025-09-03,2025-09-03,CM,BSE,STK,544189,INE0QUV01010,SATTRIX,MT,,,,,SATTRIX INFORMATION SECURITY L,177.0,185.85,176.0,185.85,185.85,177.0,,185.85,,,12000,2187000.0,11,F1,1000,,,,,
2025-09-03,2025-09-03,CM,BSE,STK,544191,INE0CYK01015,PURPLEFIN,X,,,,,Purple Finance Limited,38.6,38.6,36.5,37.55,37.55,36.24,,37.55,,,21947,818461.0,39,F1,1,,,,,
2025-09-03,2025-09-03,CM,BSE,STK,544192,INE0HV901016,IXIGO,B,,,,,Le Travenues Technology Limite,279.65,288.0,277.5,284.95,284.95,277.8,,284.85,,,225535,64031987.0,4028,F1,1,,,,,
2025-09-03,2025-09-03,CM,BSE,STK,544193,INF0R8F01059,MID150CASE,B,,,,,Zerodha Mutual Fund,10.47,10.8,10.4,10.64,10.62,10.57,,10.62,,,213345,2260513.0,644,F1,1,,,,,
2025-09-03,2025-09-03,CM,BSE,STK,544194,INF0R8F01067,TOP100CASE,B,,,,,Zerodha Mutual Fund,10.7,10.7,10.43,10.55,10.6,10.52,,10.58,,,36407,383708.0,300,F1,1,,,,,
2025-09-03,2025-09-03,CM,BSE,STK,544195,INE0S0I01011,COTFAB,M,,,,,United Cotfab Limited,19.25,19.99,19.25,19.99,19.99,20.25,,19.99,,,8000,155700.0,4,F1,2000,,,,,
2025-09-03,2025-09-03,CM,BSE,STK,544196,INF251K01TL6,BBNPNBETF,B,,,,,BARODA BNP PARIBAS MUTUAL FUND,54.14,54.25,54.14,54.2,54.2,54.24,,54.33,,,3,162.0,3,F1,1,,,,,
2025-09-03,2025-09-03,CM,BSE,STK,544197,INE03DD01011,RETAIL,B,,,,,JHS SVENDGAARD RETAIL VENTURES,38.01,39.51,38.01,39.06,39.06,38.0,,38.87,,,2940,115574.0,110,F1,1,,,,,
2025-09-03,2025-09-03,CM,BSE,STK,544198,INE841L01016,DEEDEV,B,,,,,DEE DEVELOPMENT ENGINEERS LIMI,280.0,282.15,276.95,278.2,279.5,282.1,,278.7,,,7089,1977852.0,389,F1,1,,,,,
2025-09-03,2025-09-03,CM,BSE,STK,544199,INE0RUJ01013,GEMENVIRO,M,,,,,GEM Enviro Management Limited,62.94,62.94,61.0,61.56,61.7,62.98,,61.56,,,37600,2311992.0,46,F1,800,,,,,
2025-09-03,2025-09-03,CM,BSE,STK,544200,INE916Y01027,AFIL,B,,,,,Akme Fintrade (India) Limited,6.83,7.01,6.83,6.94,6.92,6.94,,6.92,,,54325,376712.0,156,F1,1,,,,,
2025-09-03,2025-09-03,CM,BSE,STK,544201,INE0S6R01027,DFPL,M,,,,,DINDIGUL FARM PRODUCT LIMITED,18.3,18.98,17.58,17.73,17.58,18.5,,17.73,,,104000,1841860.0,51,F1,2000,,,,,
2025-09-03,2025-09-03,CM,BSE,STK,544202,INE01A001028,STANLEY,B,,,,,STANLEY LIFESTYLES LIMITED,304.0,304.0,298.4,300.95,300.95,299.05,,301.5,,,4874,1464327.0,308,F1,1,,,,,
2025-09-03,2025-09-03,CM,BSE,STK,544203,INE552Z01027,ABDL,A,,,,,Allied Blenders and Distillers,509.0,511.75,491.45,493.1,493.1,506.7,,492.85,,,19754,9831608.0,929,F1,1,,,,,
2025-09-03,2025-09-03,CM,BSE,STK,544204,INE0S2V01010,VRAJ,B,,,,,VRAJ IRON AND STEEL LIMITED,150.8,153.3,150.8,152.35,152.65,147.1,,151.67,,,1875,286160.0,170,F1,1,,,,,
2025-09-03,2025-09-03,CM,BSE,STK,544205,INE0PO601011,NPL,X,,,,,National Peroxide Limited,620.0,630.0,610.75,623.2,624.35,610.75,,623.2,,,826,513664.0,32,F1,1,,,,,
2025-09-03,2025-09-03,CM,BSE,STK,544206,INF200KB1217,SBISILVER,E,,,,,SBI Mutual Fund,120.91,128.25,120.9,122.54,125.0,120.82,,121.93,,,11147,1358939.0,278,F1,1,,,,,
2025-09-03,2025-09-03,CM,BSE,STK,544207,INE375Y01018,RELIABLE,T,,,,,Reliable Data Services Limited,140.2,140.2,140.2,140.2,140.2,147.55,,140.44,,,2265,317553.0,47,F1,1,,,,,
2025-09-03,2025-09-03,CM,BSE,STK,544208,INF680P01422,LIQUIDSHRI,F,,,,,Shriram Mutual Fund,1068.8,1068.8,1068.8,1068.8,1068.8,1068.68,,1068.8,,,21,22444.0,3,F1,1,,,,,
2025-09-03,2025-09-03,CM,BSE,STK,544209,INE0B9K01025,BANSALWIRE,B,,,,,Bansal Wire Industries Limited,372.4,372.4,361.65,368.8,369.0,363.5,,369.0,,,3540,1299180.0,340,F1,1,,,,,
2025-09-03,2025-09-03,CM,BSE,STK,544210,INE168P01015,EMCURE,A,,,,,Emcure Pharmaceuticals Limited,1365.75,1388.0,1360.6,1372.05,1372.05,1365.05,,1371.4,,,3807,5243172.0,315,F1,1,,,,,
2025-09-03,2025-09-03,CM,BSE,STK,544211,INF209KC1134,ABGSEC,F,,,,,Aditya Birla Sun Life Mutual F,108.81,109.35,108.49,109.35,109.35,109.47,,109.35,,,23,2508.0,8,F1,1,,,,,
2025-09-03,2025-09-03,CM,BSE,STK,544212,INF769K01LQ3,EVINDIA,B,,,,,Mirae Asset Mutual Fund,30.64,30.8,30.56,30.75,30.75,30.61,,30.74,,,84483,2590550.0,270,F1,1,,,,,
2025-09-03,2025-09-03,CM,BSE,STK,544213,INE0T3401029,ACLD,M,,,,,AELEA COMMODITIES LIMITED,160.0,184.5,159.0,167.1,167.15,159.1,,167.1,,,134400,22748040.0,184,F1,600,,,,,
2025-09-03,2025-09-03,CM,BSE,STK,544214,INE0UK501010,THREEMPAPE,M,,,,,THREE M PAPER BOARDS LIMITED,37.2,42.99,37.2,40.07,40.4,41.89,,40.07,,,48000,1924880.0,18,F1,2000,,,,,
2025-09-03,2025-09-03,CM,BSE,STK,544215,INF200KB1282,SBINEQWETF,B,,,,,SBI Mutual Fund,31.86,31.99,31.68,31.93,31.93,31.9,,31.91,,,3998,127344.0,47,F1,1,,,,,
2025-09-03,2025-09-03,CM,BSE,STK,544216,INF109KC18W3,OILIETF,B,,,,,ICICI Prudential Mutual Fund,11.19,11.24,11.14,11.18,11.17,11.11,,11.18,,,25494,285529.0,172,F1,1,,,,,
2025-09-03,2025-09-03,CM,BSE,STK,544217,INE08NE01025,SANSTAR,B,,,,,SANSTAR LIMITED,85.56,88.5,85.56,88.07,88.07,87.03,,88.02,,,31716,2771776.0,467,F1,1,,,,,
2025-09-03,2025-09-03,CM,BSE,STK,544218,INF209KB19Z4,ABSLPSE,B,,,,,Aditya Birla Sun Life Mutual F,9.65,9.8,9.61,9.73,9.73,9.7,,9.71,,,11509,111669.0,107,F1,1,,,,,
2025-09-03,2025-09-03,CM,BSE,STK,544219,INE0MNP01016,VVIPIL,M,,,,,VVIP Infratech Limited,177.9,177.9,173.15,176.75,176.95,174.0,,176.75,,,6000,1054890.0,9,F1,600,,,,,
2025-09-03,2025-09-03,CM,BSE,STK,544221,INE0RMR01013,KIZI,MT,,,,,Kizi Apparels Limited,15.8,15.8,15.8,15.8,15.8,15.8,,15.8,,,6000,94800.0,1,F1,3000,,,,,
2025-09-03,2025-09-03,CM,BSE,STK,544222,INE09XN01023,AKUMS,B,,,,,Akums Drugs and Pharmaceutical,472.1,479.7,468.1,474.55,479.7,472.95,,474.05,,,10270,4852926.0,524,F1,1,,,,,
2025-09-03,2025-09-03,CM,BSE,STK,544223,INE0AG901020,CEIGALL,B,,,,,Ceigall India Limited,250.3,254.6,250.3,252.2,252.4,253.75,,252.65,,,3880,982337.0,189,F1,1,,,,,
2025-09-03,2025-09-03,CM,BSE,STK,544224,INE0OXY01013,AFCOM,MT,,,,,Afcom Holdings Limited,915.0,948.0,892.55,938.3,940.0,935.25,,938.3,,,118800,109682928.0,312,F1,240,,,,,
2025-09-03,2025-09-03,CM,BSE,STK,544225,INE0LXG01040,OLAELEC,A,,,,,Ola Electric Mobility Limited,62.5,70.25,61.13,68.96,68.96,61.98,,68.99,,,105641106,6933314830.0,192761,F1,1,,,,,
2025-09-03,2025-09-03,CM,BSE,STK,544226,INE02RE01045,FIRSTCRY,A,,,,,Brainbees Solutions Limited,363.0,364.2,357.6,362.5,362.0,361.15,,362.35,,,34432,12437807.0,1018,F1,1,,,,,
2025-09-03,2025-09-03,CM,BSE,STK,544227,INE00U401027,UNIECOM,B,,,,,UNICOMMERCE ESOLUTIONS LIMITED,150.95,151.4,147.25,149.85,150.3,149.0,,149.79,,,52712,7882502.0,946,F1,1,,,,,
2025-09-03,2025-09-03,CM,BSE,STK,544229,INF109KC19W1,METALIETF,B,,,,,ICICI Prudential Mutual Fund,9.38,9.73,9.34,9.73,9.73,9.41,,9.72,,,617673,5921780.0,623,F1,1,,,,,
2025-09-03,2025-09-03,CM,BSE,STK,544230,INE0PQ101010,SSDL,B,,,,,SARASWATI SAREE DEPOT LIMITED,89.99,90.66,89.57,90.08,90.0,90.0,,89.92,,,1954,176029.0,56,F1,1,,,,,
2025-09-03,2025-09-03,CM,BSE,STK,544232,INE00M901018,INTERARCH,T,,,,,Interarch Building Solutions L,2103.0,2159.0,2052.1,2124.2,2124.2,2125.7,,2115.0,,,1844,3868197.0,268,F1,1,,,,,
2025-09-03,2025-09-03,CM,BSE,STK,544233,INE0US801024,MFML,T,,,,,Mahalaxmi Fabric Mills Limited,29.48,29.48,28.74,28.74,28.74,30.25,,28.57,,,512,14715.0,4,F1,1,,,,,
2025-09-03,2025-09-03,CM,BSE,STK,544234,INE0URU01010,GLOBALE,B,,,,,Globale Tessile Limited,14.23,14.23,13.56,14.19,14.19,14.23,,14.16,,,117,1654.0,8,F1,1,,,,,
2025-09-03,2025-09-03,CM,BSE,STK,544235,INE0PPK01015,ORIENTTECH,B,,,,,Orient Technologies Limited,305.2,311.5,304.85,309.8,311.25,303.0,,309.5,,,14131,4365655.0,613,F1,1,,,,,
2025-09-03,2025-09-03,CM,BSE,STK,544236,INE0SK201011,RAL,M,,,,,Resourceful Automobile Limited,65.0,68.5,65.0,68.5,68.5,63.0,,68.5,,,3600,239400.0,3,F1,1200,,,,,
2025-09-03,2025-09-03,CM,BSE,STK,544237,INE0QA901010,RAPID,M,,,,,RAPID MULTIMODAL LOGISTICS LIM,65.1,65.1,65.1,65.1,65.1,65.75,,65.1,,,1600,104160.0,1,F1,1600,,,,,
2025-09-03,2025-09-03,CM,BSE,STK,544238,INE0BS701011,PREMIERENE,A,,,,,Premier Energies Limited,1031.0,1034.5,1017.1,1025.55,1026.0,1020.15,,1025.05,,,19817,20354474.0,982,F1,1,,,,,
2025-09-03,2025-09-03,CM,BSE,STK,544239,INE06HJ01020,ECOSMOBLTY,B,,,,,ECOS (India) Mobility & Hospit,277.95,279.9,273.25,276.4,277.2,271.95,,276.2,,,6359,1756035.0,268,F1,1,,,,,
2025-09-03,2025-09-03,CM,BSE,STK,544240,INE02ID01020,RAYMONDLSL,A,,,,,Raymond Lifestyle Limited,1192.0,1280.0,1185.9,1243.3,1243.3,1190.55,,1243.3,,,25414,31493436.0,2603,F1,1,,,,,
2025-09-03,2025-09-03,CM,BSE,STK,544241,INF769K01LX9,MULTICAP,B,,,,,Mirae Asset Mutual Fund,16.0,16.06,15.95,16.05,16.04,15.98,,16.05,,,12329,197270.0,76,F1,1,,,,,
2025-09-03,2025-09-03,CM,BSE,STK,544242,INE0SG001011,TRAVELS,M,,,,,Travels & rentals Limited,43.0,43.0,43.0,43.0,43.0,43.0,,43.0,,,6000,258000.0,2,F1,3000,,,,,
2025-09-03,2025-09-03,CM,BSE,STK,544243,INE01FR01028,STYLEBAAZA,B,,,,,Baazar Style Retail Limited,345.0,346.0,336.65,342.9,342.1,343.75,,343.1,,,15008,5138340.0,802,F1,1,,,,,
2025-09-03,2025-09-03,CM,BSE,STK,544244,INE0RE001014,GALAPREC,B,,,,,Gala Precision Engineering Lim,780.15,875.3,780.15,840.4,852.55,788.95,,839.65,,,12178,10154249.0,1374,F1,1,,,,,
2025-09-03,2025-09-03,CM,BSE,STK,544245,INE0N4701016,NHL,M,,,,,Naturewings Holidays Limited,90.06,90.06,90.06,90.06,90.06,85.78,,90.06,,,4800,432288.0,3,F1,1600,,,,,
2025-09-03,2025-09-03,CM,BSE,STK,544246,INE0DAB01012,RVTH,B,,,,,Revathi Equipment India Limite,845.65,845.65,844.8,844.8,844.8,835.35,,843.7,,,7,5914.0,3,F1,1,,,,,
2025-09-03,2025-09-03,CM,BSE,STK,544247,INF740KA1UR9,TOP10ADD,B,,,,,DSP Mutual Fund,94.15,94.18,93.57,94.13,94.18,93.91,,94.07,,,11372,1066404.0,241,F1,1,,,,,
2025-09-03,2025-09-03,CM,BSE,STK,544248,INE0UYT01018,MCEL,M,,,,,MACH CONFERENCES AND EVENTS LI,130.0,131.0,128.25,128.55,128.5,130.05,,128.55,,,6000,775320.0,10,F1,600,,,,,
2025-09-03,2025-09-03,CM,BSE,STK,544249,INE0S2G01011,BALAJEE,B,,,,,SHREE TIRUPATI BALAJEE AGRO TR,55.6,58.82,55.6,56.62,56.53,57.51,,56.61,,,14507,836000.0,400,F1,1,,,,,
2025-09-03,2025-09-03,CM,BSE,STK,544250,INE0UOS01011,SANOFICONR,A,,,,,Sanofi Consumer Healthcare Ind,5092.55,5139.4,5092.55,5102.2,5102.2,5115.1,,5121.5,,,138,704867.0,54,F1,1,,,,,
2025-09-03,2025-09-03,CM,BSE,STK,544251,INE0LY301010,SSL,M,,,,,Share Samadhan Limited,71.0,71.0,71.0,71.0,71.0,72.88,,71.0,,,1600,113600.0,1,F1,1600,,,,,
2025-09-03,2025-09-03,CM,BSE,STK,544252,INE377Y01014,BAJAJHFL,A,,,,,Bajaj Housing Finance Limited,113.1,113.95,112.75,113.3,113.3,113.2,,113.19,,,186599,21130529.0,2526,F1,1,,,,,
2025-09-03,2025-09-03,CM,BSE,STK,544253,INE0O6601022,KROSS,B,,,,,Kross Limited,200.2,204.0,198.25,201.05,200.3,199.9,,201.03,,,128331,25838614.0,1871,F1,1,,,,,
2025-09-03,2025-09-03,CM,BSE,STK,544254,INE0RWQ01014,TOLINS,B,,,,,Tolins Tyres Limited,160.1,167.9,159.7,160.25,163.0,160.8,,160.82,,,25231,4149127.0,554,F1,1,,,,,
2025-09-03,2025-09-03,CM,BSE,STK,544256,INE953R01016,PNGJL,A,,,,,P N GADGIL JEWELLERS LIMITED,584.85,585.0,575.25,580.15,579.35,578.6,,580.6,,,8826,5127172.0,539,F1,1,,,,,
2025-09-03,2025-09-03,CM,BSE,STK,544257,INE0Q3401017,SAFE,MT,,,,,Sodhani Academy of Fintech Ena,293.45,293.45,290.0,291.0,292.0,280.0,,291.0,,,3000,874225.0,6,F1,500,,,,,
2025-09-03,2025-09-03,CM,BSE,STK,544258,INE0CJF01024,WCIL,B,,,,,Western Carriers (India) Limit,130.1,130.15,127.05,128.25,127.25,128.35,,128.41,,,66282,8522868.0,1077,F1,1,,,,,
2025-09-03,2025-09-03,CM,BSE,STK,544259,INE0PZB01013,PFL,M,,,,,POPULAR FOUNDATIONS LIMITED,34.9,34.9,34.9,34.9,34.9,33.6,,34.9,,,3000,104700.0,1,F1,3000,,,,,
2025-09-03,2025-09-03,CM,BSE,STK,544260,INE850M01015,NORTHARC,A,,,,,Northern Arc Capital Ltd.,239.8,242.95,238.0,239.15,239.15,240.9,,239.04,,,28542,6852907.0,848,F1,1,,,,,
2025-09-03,2025-09-03,CM,BSE,STK,544261,INE0QRL01017,ARKADE,B,,,,,ARKADE DEVELOPERS LIMITED,175.5,185.0,175.5,182.05,183.65,175.95,,181.84,,,87540,15763727.0,1075,F1,1,,,,,
2025-09-03,2025-09-03,CM,BSE,STK,544262,INE939X01013,MANBA,B,,,,,Manba Finance Limited,135.5,140.0,135.5,139.5,140.0,136.7,,139.39,,,45387,6282724.0,239,F1,1,,,,,
2025-09-03,2025-09-03,CM,BSE,STK,544263,INE0Q3J01015,KRN,B,,,,,KRN HEAT EXCHANGER AND REFRIGE,882.05,890.45,877.1,882.05,882.05,882.6,,882.1,,,23588,20849742.0,1507,F1,1,,,,,
2025-09-03,2025-09-03,CM,BSE,STK,544264,INE184O01015,DIFFNKG,B,,,,,Diffusion Engineers Limited,357.0,363.3,350.4,351.15,350.9,356.45,,351.3,,,7959,2841357.0,563,F1,1,,,,,
2025-09-03,2025-09-03,CM,BSE,STK,544265,INE0QUL01011,NEXXUS,M,,,,,Nexxus Petro Industries Limite,135.8,135.8,130.0,130.0,130.0,135.0,,130.0,,,4800,637020.0,4,F1,1200,,,,,
2025-09-03,2025-09-03,CM,BSE,STK,544266,INF769K01LZ4,BANKPSU,B,,,,,Mirae Asset Mutual Fund,69.4,69.4,69.4,69.4,69.4,68.38,,69.48,,,71,4927.0,1,F1,1,,,,,
2025-09-03,2025-09-03,CM,BSE,STK,544267,INE0U6201010,SUBAM,MT,,,,,SUBAM PAPERS LIMITED,125.8,125.8,121.0,121.4,121.0,124.0,,121.4,,,21600,2648920.0,18,F1,800,,,,,
2025-09-03,2025-09-03,CM,BSE,STK,544268,INF769K01LY7,METAL,B,,,,,Mirae Asset Mutual Fund,9.65,9.75,9.46,9.73,9.72,9.42,,9.73,,,1029494,9989543.0,314,F1,1,,,,,
2025-09-03,2025-09-03,CM,BSE,STK,544271,INE0JVO01026,GARUDA,B,,,,,Garuda Construction and Engine,209.95,215.0,199.45,201.4,205.0,208.35,,201.03,,,155194,32043685.0,2603,F1,1,,,,,
2025-09-03,2025-09-03,CM,BSE,STK,544272,INE0YRO01015,SHIVTEXCHEM,M,,,,,SHIV TEXCHEM LIMITED,272.1,272.9,263.5,272.9,272.9,276.0,,272.9,,,10400,2802040.0,13,F1,800,,,,,
2025-09-03,2025-09-03,CM,BSE,STK,544273,INE0APB01032,MGEL,B,,,,,MANGALAM GLOBAL ENTERPRISE LIM,16.1,16.1,15.3,15.58,15.49,15.78,,15.55,,,52741,819525.0,59,F1,1,,,,,
2025-09-03,2025-09-03,CM,BSE,STK,544274,INE0V6F01027,HYUNDAI,A,,,,,HYUNDAI MOTOR INDIA LIMITED,2484.65,2532.0,2464.0,2514.7,2514.7,2459.7,,2515.1,,,89754,224923243.0,9644,F1,1,,,,,
2025-09-03,2025-09-03,CM,BSE,STK,544275,INF109KC16X5,VAL30IETF,B,,,,,ICICI Prudential Mutual Fund,13.04,13.04,12.85,12.97,12.98,12.86,,12.97,,,4399,56820.0,47,F1,1,,,,,
2025-09-03,2025-09-03,CM,BSE,STK,544276,INE0OPA01019,DBEIL,B,,,,,Deepak Builders and Engineers,132.75,132.75,131.9,131.95,131.95,131.0,,132.58,,,388,51287.0,20,F1,1,,,,,
2025-09-03,2025-09-03,CM,BSE,STK,544277,INE377N01017,WAAREEENER,B,,,,,Waaree Energies Limited,3238.35,3247.95,3175.1,3223.7,3223.7,3198.35,,3224.0,,,126370,406176639.0,7349,F1,1,,,,,
2025-09-03,2025-09-03,CM,BSE,STK,544278,INE0PK601023,OCCLLTD,T,,,,,OCCL Limited,127.0,133.3,126.8,131.05,131.05,129.65,,130.18,,,11903,1526051.0,69,F1,1,,,,,
2025-09-03,2025-09-03,CM,BSE,STK,544279,INE497S01012,GODAVARIB,T,,,,,Godavari Biorefineries Limited,289.05,289.05,281.0,289.05,289.05,275.3,,288.79,,,30878,8903189.0,296,F1,1,,,,,
2025-09-03,2025-09-03,CM,BSE,STK,544280,INE101I01011,AFCONS,B,,,,,Afcons Infrastructure Limited,425.4,441.45,424.9,434.2,434.0,425.7,,434.25,,,45520,19877200.0,1827,F1,1,,,,,
2025-09-03,2025-09-03,CM,BSE,STK,544281,INE00YB01017,ABINFRA,T,,,,,A B INFRABUILD LIMITED,204.45,209.9,202.1,209.9,209.9,199.95,,210.22,,,9802,2039695.0,77,F1,1,,,,,
2025-09-03,2025-09-03,CM,BSE,STK,544282,INE0W2G01015,SAGILITY,B,,,,,Sagility India Limited,44.79,45.48,44.4,44.49,44.49,44.79,,44.46,,,1028736,46112685.0,2925,F1,1,,,,,
2025-09-03,2025-09-03,CM,BSE,STK,544283,INE622W01025,ACMESOLAR,B,,,,,ACME Solar Holdings Limited,284.25,303.6,284.25,298.65,297.55,287.0,,298.55,,,226587,67391951.0,4369,F1,1,,,,,
2025-09-03,2025-09-03,CM,BSE,STK,544284,INF769K01MY5,LIQUIDPLUS,F,,,,,Mirae Asset Mutual Fund,1048.64,1048.66,1048.64,1048.64,1048.64,1048.5,,1048.65,,,10296,10796854.0,11,F1,1,,,,,
2025-09-03,2025-09-03,CM,BSE,STK,544285,INE00H001014,SWIGGY,B,,,,,SWIGGY LIMITED,429.5,434.9,424.8,430.65,430.65,425.6,,430.6,,,296120,127147871.0,4714,F1,1,,,,,
2025-09-03,2025-09-03,CM,BSE,STK,544286,INE995S01015,NIVABUPA,B,,,,,NIVA BUPA HEALTH INSURANCE COM,83.6,85.08,82.74,83.84,83.77,82.76,,83.83,,,155060,13038658.0,1270,F1,1,,,,,
2025-09-03,2025-09-03,CM,BSE,STK,544288,INE0UIZ01018,BLACKBUCK,B,,,,,ZINKA LOGISTICS SOLUTIONS LIMI,624.05,624.05,582.9,589.55,589.55,612.15,,589.35,,,156845,93603687.0,10815,F1,1,,,,,
2025-09-03,2025-09-03,CM,BSE,STK,544289,INE0ONG01011,NTPCGREEN,B,,,,,NTPC GREEN ENERGY LIMITED,105.95,106.35,104.8,105.1,105.1,105.95,,105.1,,,145541,15340199.0,1452,F1,1,,,,,
2025-09-03,2025-09-03,CM,BSE,STK,544290,INE0LLY01014,EIEL,B,,,,,ENVIRO INFRA ENGINEERS LIMITED,253.0,255.5,251.6,252.15,252.15,252.25,,252.01,,,141304,35729238.0,2014,F1,1,,,,,
2025-09-03,2025-09-03,CM,BSE,STK,544291,INE0VN801010,RAJESH,M,,,,,RAJESH POWER SERVICES LIMITED,1460.0,1496.95,1430.0,1470.75,1470.75,1470.75,,1470.75,,,91600,134498300.0,344,F1,200,,,,,
2025-09-03,2025-09-03,CM,BSE,STK,544292,INE013P01021,ONESOURCE,B,,,,,Onesource Specialty Pharma Lim,1892.3,1905.85,1872.05,1899.45,1905.85,1896.25,,1899.0,,,3244,6127984.0,466,F1,1,,,,,
2025-09-03,2025-09-03,CM,BSE,STK,544293,INE877V01027,SURAKSHA,B,,,,,SURAKSHA DIAGNOSTIC LIMITED,309.0,310.0,302.75,303.35,303.35,299.6,,303.15,,,854,261913.0,66,F1,1,,,,,
2025-09-03,2025-09-03,CM,BSE,STK,544294,INE0OJW01016,ROSSTECH,B,,,,,Rossell Techsys Limited,706.5,788.9,702.3,731.3,739.75,693.45,,729.8,,,54829,41335786.0,3959,F1,1,,,,,
2025-09-03,2025-09-03,CM,BSE,STK,544295,INE19RO25013,PSPLATINA,IF,,,,,Property Share Investment Trus,990000.0,990000.0,990000.0,990000.0,990000.0,995000.0,,990000.0,,,1,990000.0,1,F1,1,,,,,
2025-09-03,2025-09-03,CM,BSE,STK,544296,INE0DQN01013,NISUS,M,,,,,NISUS FINANCE SERVICES CO LIMI,377.3,378.0,358.15,369.75,368.0,373.55,,369.75,,,40000,14599560.0,93,F1,400,,,,,
2025-09-03,2025-09-03,CM,BSE,STK,544301,INE054301028,ODIGMA,T,,,,,Odigma Consultancy Solutions L,30.38,31.89,30.38,31.89,31.89,30.38,,32.01,,,2720,86450.0,63,F1,1,,,,,
2025-09-03,2025-09-03,CM,BSE,STK,544302,INE403Y01018,INNOVANA,T,,,,,Innovana Thinklabs Limited,530.0,530.0,510.2,523.0,523.0,531.3,,524.55,,,163,84466.0,16,F1,1,,,,,
2025-09-03,2025-09-03,CM,BSE,STK,544304,INE0WCH01015,JUNGLECAMP,M,,,,,JUNGLE CAMPS INDIA LIMITED,62.75,62.75,58.0,59.63,59.11,63.35,,59.63,,,19200,1142192.0,12,F1,1600,,,,,
2025-09-03,2025-09-03,CM,BSE,STK,544305,INE0HLU01028,MOBIKWIK,B,,,,,One Mobikwik Systems Limited,286.15,300.0,275.3,289.0,289.0,281.45,,289.26,,,5498863,1600408354.0,69271,F1,1,,,,,
2025-09-03,2025-09-03,CM,BSE,STK,544306,INE570L01029,SAILIFE,B,,,,,Sai Life Sciences Limited,824.95,855.5,823.4,847.4,848.9,824.9,,847.85,,,24775,20864199.0,1860,F1,1,,,,,
2025-09-03,2025-09-03,CM,BSE,STK,544307,INE01EA01019,VMM,B,,,,,Vishal Mega Mart Limited,146.8,147.45,144.8,146.7,146.7,146.4,,146.55,,,684489,99986069.0,6267,F1,1,,,,,
2025-09-03,2025-09-03,CM,BSE,STK,544308,INE168C01013,HILLTONE,X,,,,,Hilltone Software and Gases Lt,43.4,44.85,41.56,43.95,42.25,43.4,,43.95,,,8626,378490.0,20,F1,1,,,,,
2025-09-03,2025-09-03,CM,BSE,STK,544309,INE115Q01022,IKS,B,,,,,INVENTURUS KNOWLEDGE SOLUTIONS,1492.05,1583.5,1492.05,1571.15,1571.15,1497.15,,1571.7,,,16980,26253990.0,2101,F1,1,,,,,
2025-09-03,2025-09-03,CM,BSE,STK,544310,INE00GK01023,YASHHV,M,,,,,Yash Highvoltage Limited,519.8,528.9,495.0,499.0,498.0,513.45,,499.0,,,75000,38351750.0,75,F1,1000,,,,,
2025-09-03,2025-09-03,CM,BSE,STK,544311,INE0Q9301021,IGIL,B,,,,,International Gemmological Ins,349.0,349.45,341.75,347.9,348.35,344.85,,348.0,,,34550,11964795.0,1180,F1,1,,,,,
2025-09-03,2025-09-03,CM,BSE,STK,544312,INE0QBD01018,HAMPS,MT,,,,,HAMPS BIO LIMITED,57.69,57.69,57.69,57.69,57.69,56.56,,57.69,,,4000,230760.0,2,F1,2000,,,,,
2025-09-03,2025-09-03,CM,BSE,STK,544313,INE0LB101011,NACDAC,M,,,,,NACDAC Infrastructure Limited,33.0,33.0,32.0,32.0,32.0,32.3,,32.0,,,16000,520400.0,4,F1,4000,,,,,
2025-09-03,2025-09-03,CM,BSE,STK,544314,INE0JPD01013,SANATHAN,B,,,,,Sanathan Textiles Limited,514.9,515.05,508.0,513.5,513.1,512.8,,512.65,,,2464,1261599.0,181,F1,1,,,,,
2025-09-03,2025-09-03,CM,BSE,STK,544315,INE037Z01029,CEWATER,B,,,,,Concord Enviro Systems Limited,547.0,551.95,540.0,544.05,545.9,544.45,,544.85,,,5682,3108126.0,433,F1,1,,,,,
2025-09-03,2025-09-03,CM,BSE,STK,544316,INE284H01025,DAMCAPITAL,B,,,,,DAM Capital Advisors Limited,220.75,230.9,220.55,226.75,226.75,222.15,,226.51,,,61543,13945645.0,1607,F1,1,,,,,
2025-09-03,2025-09-03,CM,BSE,STK,544317,INE454P01035,TRANSRAILL,B,,,,,Transrail Lighting Limited,774.8,796.5,770.45,778.0,777.0,772.15,,778.15,,,58382,45759482.0,1700,F1,1,,,,,
2025-09-03,2025-09-03,CM,BSE,STK,544318,INE0TO701015,MAMATA,B,,,,,MAMATA MACHINERY LIMITED,406.35,414.0,406.35,413.15,411.7,406.3,,412.2,,,28195,11587773.0,809,F1,1,,,,,
2025-09-03,2025-09-03,CM,BSE,STK,544319,INE0RB801010,SENORES,B,,,,,SENORES PHARMACEUTICALS LIMITE,695.9,716.95,692.2,713.25,712.0,695.95,,712.75,,,13660,9677529.0,842,F1,1,,,,,
2025-09-03,2025-09-03,CM,BSE,STK,544320,INE0V7W01012,CARRARO,B,,,,,CARRARO INDIA LIMITED,432.0,464.0,428.1,454.7,454.3,433.85,,454.25,,,20217,9119238.0,1536,F1,1,,,,,
2025-09-03,2025-09-03,CM,BSE,STK,544321,INE781S01027,VENTIVE,B,,,,,Ventive Hospitality Limited,745.7,752.0,738.05,745.15,746.7,746.8,,745.3,,,2935,2182979.0,256,F1,1,,,,,
2025-09-03,2025-09-03,CM,BSE,STK,544322,INE0U3I01011,UNIMECH,T,,,,,Unimech Aerospace and Manufact,1010.5,1046.95,1000.0,1035.65,1038.0,1028.3,,1037.9,,,4638,4770205.0,348,F1,1,,,,,
2025-09-03,2025-09-03,CM,BSE,STK,544323,INF769K01NS5,CONSUMER,B,,,,,Mirae Asset Mutual Fund,12.2,12.2,12.08,12.19,12.2,12.08,,12.17,,,14688,178262.0,44,F1,1,,,,,
2025-09-03,2025-09-03,CM,BSE,STK,544324,INE0A8401016,CITICHEM,M,,,,,Citichem India Limited,30.0,30.0,29.4,29.64,29.64,26.6,,29.64,,,12000,355360.0,5,F1,2000,,,,,
2025-09-03,2025-09-03,CM,BSE,STK,544325,INE379A01028,ITCHOTELS,B,,,,,ITC Hotels Limited,249.3,253.25,247.85,250.6,250.6,247.8,,250.65,,,159570,40151803.0,3487,F1,1,,,,,
2025-09-03,2025-09-03,CM,BSE,STK,544326,INF754K01TX4,ECAPINSURE,B,,,,,Edelweiss Mutual Fund,22.7,22.78,22.7,22.78,22.78,22.67,,22.79,,,12588,286383.0,10,F1,1,,,,,
2025-09-03,2025-09-03,CM,BSE,STK,544327,INE0ZHT01012,TECHNICHEM,MT,,,,,TECHNICHEM ORGANICS LIMITED,55.0,55.0,55.0,55.0,55.0,57.0,,55.0,,,2000,110000.0,1,F1,2000,,,,,
2025-09-03,2025-09-03,CM,BSE,STK,544328,INE622H01018,INDOFARM,B,,,,,INDO FARM EQUIPMENT LIMITED,244.75,248.0,237.6,238.5,238.5,244.55,,238.27,,,32753,7956117.0,972,F1,1,,,,,
2025-09-03,2025-09-03,CM,BSE,STK,544329,INE0RH001011,VANDU,MT,,,,,LEO DRYFRUITS & SPICES TRADING,76.65,77.0,73.4,74.35,73.4,75.79,,74.35,,,42000,3143080.0,17,F1,2000,,,,,
2025-09-03,2025-09-03,CM,BSE,STK,544331,INE0Q2L01013,DAVIN,MT,,,,,Davin Sons Retail Limited,46.82,48.0,46.82,46.82,46.82,49.28,,46.82,,,28000,1323040.0,13,F1,2000,,,,,
2025-09-03,2025-09-03,CM,BSE,STK,544332,INE0HSD01011,FABCLEAN,MT,,,,,FABTECH TECHNOLOGIES CLEANROOM,440.0,450.0,430.0,447.95,450.0,443.0,,447.95,,,15600,6832740.0,10,F1,400,,,,,
2025-09-03,2025-09-03,CM,BSE,STK,544333,INE0M4D01010,SGLTL,T,,,,,STANDARD GLASS LINING TECHNOLO,184.25,185.0,182.5,183.95,183.0,181.45,,183.6,,,11305,2082655.0,115,F1,1,,,,,
2025-09-03,2025-09-03,CM,BSE,STK,544334,INE0FK501019,INDOBELL,MT,,,,,Indobell Insulations Limited,112.75,118.95,112.75,115.15,118.95,118.25,,115.15,,,7500,863962.0,9,F1,750,,,,,
2025-09-03,2025-09-03,CM,BSE,STK,544335,INE00ST01011,BRGIL,M,,,,,B.R.GOYAL INFRASTRUCTURE LIMIT,154.0,154.0,153.1,153.1,153.1,154.4,,153.1,,,5000,768250.0,5,F1,1000,,,,,
2025-09-03,2025-09-03,CM,BSE,STK,544336,INE0LRY01011,QUADFUTURE,B,,,,,Quadrant Future Tek Limited,468.0,487.6,464.65,471.45,467.55,465.35,,472.05,,,190445,90597581.0,6200,F1,1,,,,,
2025-09-03,2025-09-03,CM,BSE,STK,544338,INE0Z8Z23013,CAPINVIT,IF,,,,,Capital Infra Trust,78.14,78.15,77.25,77.92,78.05,77.5,,77.95,,,13730,1065726.0,375,F1,1,,,,,
2025-09-03,2025-09-03,CM,BSE,STK,544339,INE0WO601020,LAXMIDENTL,B,,,,,Laxmi Dental Limited,341.95,343.95,329.8,333.05,333.15,336.45,,333.2,,,11671,3914328.0,846,F1,1,,,,,
2025-09-03,2025-09-03,CM,BSE,STK,544340,INE0CFH01028,RIKHAV,M,,,,,Rikhav Securities Limited,69.16,70.28,68.05,68.89,68.05,68.82,,68.89,,,118400,8274896.0,13,F1,1600,,,,,
2025-09-03,2025-09-03,CM,BSE,STK,544341,INE12QA01010,LGLL,M,,,,,LANDMARK GLOBAL LEARNING LIMIT,62.74,62.8,62.7,62.7,62.7,60.0,,62.7,,,14400,903792.0,8,F1,1600,,,,,
2025-09-03,2025-09-03,CM,BSE,STK,544342,INE0RYC01010,STALLION,B,,,,,Stallion India Fluorochemicals,163.15,195.3,163.15,186.0,186.0,162.75,,185.78,,,2135982,401646027.0,16476,F1,1,,,,,
2025-09-03,2025-09-03,CM,BSE,STK,544343,INE0WXM01011,CNINFOTECH,MT,,,,,CAPITALNUMBERS INFOTECH  LIMIT,119.0,124.65,119.0,124.5,124.65,118.75,,124.5,,,53200,6548400.0,92,F1,400,,,,,
2025-09-03,2025-09-03,CM,BSE,STK,544344,INE526E01018,SHRIPISTON,B,,,,,SHRIRAM PISTONS & RINGS LTD,2568.75,2620.0,2567.4,2584.6,2580.0,2530.05,,2583.8,,,3598,9380831.0,434,F1,1,,,,,
2025-09-03,2025-09-03,CM,BSE,STK,544345,INE0R4L01018,DENTA,B,,,,,Denta Water and Infra Solution,437.0,437.0,422.45,428.75,428.75,437.05,,427.95,,,28150,12026018.0,739,F1,1,,,,,
2025-09-03,2025-09-03,CM,BSE,STK,544346,INE0AK901016,RRECL,XT,,,,,RDB Real Estate Constructions,206.95,206.95,206.95,206.95,206.95,217.8,,206.95,,,12865,2662411.0,83,F1,1,,,,,
2025-09-03,2025-09-03,CM,BSE,STK,544347,INE0WDX01010,CLN,MT,,,,,CLN ENERGY LIMITED,590.0,609.05,590.0,609.05,609.05,580.05,,609.05,,,4800,2875830.0,8,F1,600,,,,,
2025-09-03,2025-09-03,CM,BSE,STK,544348,INE0RWU01016,GBLOGISTIC,M,,,,,GB Logistics Commerce Limited,51.0,53.73,49.0,49.69,49.25,52.5,,49.69,,,36000,1841064.0,24,F1,1200,,,,,
2025-09-03,2025-09-03,CM,BSE,STK,544349,INE0DZD01015,HMEML,M,,,,,H.M. ELECTRO MECH LIMITED,64.4,64.77,63.01,63.38,63.7,63.08,,63.38,,,20800,1337808.0,13,F1,1600,,,,,
2025-09-03,2025-09-03,CM,BSE,STK,544350,INE943P01029,AGARWALEYE,B,,,,,Dr. Agarwal's Health Care Limi,433.15,437.5,420.0,421.85,423.9,434.9,,421.7,,,11268,4802971.0,847,F1,1,,,,,
2025-09-03,2025-09-03,CM,BSE,STK,544351,INE0YON01014,MALPANI,M,,,,,MALPANI PIPES AND FITTINGS LIM,78.54,79.45,77.0,79.35,79.45,78.94,,79.35,,,25600,2017008.0,9,F1,1600,,,,,
2025-09-03,2025-09-03,CM,BSE,STK,544353,INE0U2L01017,AMWILL,M,,,,,Amwill Health Care Limited,57.7,58.99,55.05,55.51,55.12,57.7,,55.51,,,36000,2030844.0,27,F1,1200,,,,,
2025-09-03,2025-09-03,CM,BSE,STK,544354,INE0W0H01017,SOLARIUM,M,,,,,SOLARIUM GREEN ENERGY LIMITED,373.0,378.0,373.0,377.0,378.0,380.0,,377.0,,,13200,4951710.0,21,F1,600,,,,,
2025-09-03,2025-09-03,CM,BSE,STK,544355,INE03CC01015,JUBLCPL,B,,,,,Jubilant Agri and Consumer Pro,2849.95,2967.75,2825.1,2871.75,2860.3,2839.0,,2872.0,,,4053,11787119.0,847,F1,1,,,,,
2025-09-03,2025-09-03,CM,BSE,STK,544356,INE274Y01021,AJAXENGG,B,,,,,AJAX Engineering Limited,695.95,695.95,679.75,688.3,691.0,686.95,,688.1,,,9400,6450566.0,852,F1,1,,,,,
2025-09-03,2025-09-03,CM,BSE,STK,544361,INE0R8101016,COVANCE,XT,,,,,COVANCE SOFTSOL LIMITED,31.84,31.84,31.84,31.84,31.84,31.22,,31.84,,,1,31.0,1,F1,1,,,,,
2025-09-03,2025-09-03,CM,BSE,STK,544362,INE093A01041,HEXT,B,,,,,Hexaware Technologies Limited,758.0,758.2,743.2,749.6,748.65,751.85,,749.55,,,14763,11073877.0,949,F1,1,,,,,
2025-09-03,2025-09-03,CM,BSE,STK,544364,INE0O9T01021,BAJAJINDEF,B,,,,,Indef Manufacturing Limited,357.65,364.75,356.25,359.95,362.55,357.3,,360.15,,,1353,488095.0,87,F1,1,,,,,
2025-09-03,2025-09-03,CM,BSE,STK,544365,INE0TD301017,SHANMUGA,M,,,,,SHANMUGA HOSPITAL LIMITED,47.53,48.75,47.53,48.75,48.75,49.0,,48.75,,,4000,192560.0,2,F1,2000,,,,,
2025-09-03,2025-09-03,CM,BSE,STK,544367,INE0SII01026,QPOWER,B,,,,,QUALITY POWER ELECTRICAL EQUIP,876.1,897.65,859.35,882.65,882.65,867.2,,883.2,,,120102,105938659.0,6416,F1,1,,,,,
2025-09-03,2025-09-03,CM,BSE,STK,544368,INE0TIR01017,SWASTH,M,,,,,Swasth Foodtech India Limited,31.3,31.3,31.3,31.3,31.3,32.5,,31.3,,,1200,37560.0,1,F1,1200,,,,,
2025-09-03,2025-09-03,CM,BSE,STK,544369,INE13VU01016,BEEZAASAN,M,,,,,Beezaasan Explotech Limited,208.0,212.5,208.0,212.5,212.5,210.05,,212.5,,,9600,2007360.0,12,F1,800,,,,,
2025-09-03,2025-09-03,CM,BSE,STK,544371,INE0NR501012,VIKRAMAR,XT,,,,,VIKRAM AROMA LIMITED,96.48,97.92,95.0,95.0,95.0,96.0,,95.0,,,3357,321357.0,49,F1,1,,,,,
2025-09-03,2025-09-03,CM,BSE,STK,544372,INE0RXS01018,SHREENATH,MT,,,,,SHREENATH PAPER PRODUCTS LIMIT,22.95,22.95,22.86,22.86,22.86,22.75,,22.86,,,9000,206280.0,3,F1,3000,,,,,
2025-09-03,2025-09-03,CM,BSE,STK,544375,INF579M01BB5,GOLD360,E,,,,,360 ONE Mutual Fund,103.57,104.38,103.55,103.79,103.79,103.48,,104.25,,,1511,157354.0,45,F1,1,,,,,
2025-09-03,2025-09-03,CM,BSE,STK,544376,INF769K01ON4,SELECTIPO,B,,,,,Mirae Asset Mutual Fund,49.18,49.34,49.18,49.29,49.29,49.1,,49.5,,,1120,55118.0,13,F1,1,,,,,
2025-09-03,2025-09-03,CM,BSE,STK,544377,INF769K01OA1,EQUAL200,B,,,,,Mirae Asset Mutual Fund,12.93,12.93,12.93,12.93,12.93,12.86,,12.9,,,101,1305.0,2,F1,1,,,,,
2025-09-03,2025-09-03,CM,BSE,STK,544379,INE0I0M01023,PRABHA,B,,,,,Prabha Energy Limited,247.1,251.25,245.6,248.8,248.8,246.0,,246.94,,,733,181795.0,29,F1,1,,,,,
2025-09-03,2025-09-03,CM,BSE,STK,544380,INF109K1A021,CASHIETF,F,,,,,ICICI Prudential Mutual Fund,1026.3,1026.3,1026.3,1026.3,1026.3,1025.44,,1026.31,,,5,5131.0,1,F1,1,,,,,
2025-09-03,2025-09-03,CM,BSE,STK,544381,INE16IQ01014,SUPERIRON,M,,,,,Super Iron Foundry Limited,49.11,49.11,48.76,49.0,49.0,50.5,,49.0,,,8400,410724.0,6,F1,1200,,,,,
2025-09-03,2025-09-03,CM,BSE,STK,544382,INF846KA1119,AXISVALUE,B,,,,,Axis Mutual Fund,28.55,28.55,28.55,28.55,28.55,28.22,,28.52,,,35,999.0,1,F1,1,,,,,
2025-09-03,2025-09-03,CM,BSE,STK,544383,INE0SMW01011,PPARIVAH,M,,,,,PARADEEP PARIVAHAN LIMITED,126.05,129.9,123.0,129.6,129.85,130.0,,129.6,,,57600,7281000.0,40,F1,1200,,,,,
2025-09-03,2025-09-03,CM,BSE,STK,544384,INF0R8F01091,SILVERCASE,E,,,,,Zerodha Mutual Fund,12.61,12.97,12.51,12.94,12.97,12.48,,12.58,,,122455,1540618.0,299,F1,1,,,,,
2025-09-03,2025-09-03,CM,BSE,STK,544385,INF200KB1712,SBIBPB,B,,,,,SBI Mutual Fund,39.97,40.32,39.89,40.1,40.1,39.97,,40.11,,,1752,70349.0,35,F1,1,,,,,
2025-09-03,2025-09-03,CM,BSE,STK,544386,INE01EO01010,SPECTRUM,B,,,,,Spectrum Electrical Industries,1466.9,1487.85,1428.15,1437.6,1437.6,1460.0,,1440.9,,,222,319896.0,63,F1,1,,,,,
2025-09-03,2025-09-03,CM,BSE,STK,544387,INE0TGG01014,DESCO,M,,,,,Desco Infratech Limited,250.5,250.5,240.65,247.0,247.0,248.5,,247.0,,,8000,1968200.0,8,F1,1000,,,,,
2025-09-03,2025-09-03,CM,BSE,STK,544388,INE0PA401012,IDENTIXWEB,M,,,,,Identixweb Limited,62.1,65.0,62.1,64.88,65.0,65.0,,64.88,,,8000,513200.0,4,F1,2000,,,,,
2025-09-03,2025-09-03,CM,BSE,STK,544389,INF579M01BC3,SILVER360,E,,,,,360 ONE Mutual Fund,123.0,123.0,121.5,121.5,121.5,121.59,,121.86,,,1688,206183.0,47,F1,1,,,,,
2025-09-03,2025-09-03,CM,BSE,STK,544390,INE1NPP01017,ENRIN,B,,,,,Siemens Energy India Limited,3502.95,3587.85,3423.65,3435.2,3446.0,3525.9,,3436.9,,,31432,109896226.0,5184,F1,1,,,,,
2025-09-03,2025-09-03,CM,BSE,STK,544392,INE10XX01012,SPINAROO,M,,,,,SPINAROO COMMERCIAL LIMITED,79.95,79.99,77.01,78.4,78.95,77.82,,78.4,,,22000,1724540.0,11,F1,2000,,,,,
2025-09-03,2025-09-03,CM,BSE,STK,544393,INE12IB01015,INFONATIVE,M,,,,,INFONATIVE SOLUTIONS LIMITED,31.51,34.82,31.51,34.43,33.75,31.66,,34.43,,,48000,1618528.0,28,F1,1600,,,,,
2025-09-03,2025-09-03,CM,BSE,STK,544394,INF109K1A153,EVIETF,B,,,,,ICICI Prudential Mutual Fund,30.42,30.86,30.42,30.7,30.85,30.73,,30.81,,,6925,212749.0,118,F1,1,,,,,
2025-09-03,2025-09-03,CM,BSE,STK,544396,INE0FFK01017,NPST,B,,,,,Network People Services Techno,2102.05,2132.6,2101.0,2121.0,2111.9,2120.55,,2117.4,,,979,2071706.0,228,F1,1,,,,,
2025-09-03,2025-09-03,CM,BSE,STK,544397,INE0LEZ01016,ATHERENERG,B,,,,,Ather Energy Limited,498.4,510.7,485.0,499.65,499.65,497.3,,500.55,,,243058,122028355.0,6891,F1,1,,,,,
2025-09-03,2025-09-03,CM,BSE,STK,544399,INE0RJ901010,SRIGEE,MT,,,,,SRIGEE DLM LIMITED,199.9,199.9,184.8,188.3,185.0,194.5,,188.3,,,82800,15700440.0,65,F1,1200,,,,,
2025-09-03,2025-09-03,CM,BSE,STK,544402,INE039O01029,JASH,B,,,,,JASH ENGINEERING LIMITED,510.0,522.2,510.0,516.75,517.3,519.95,,517.0,,,9578,4950668.0,572,F1,1,,,,,
2025-09-03,2025-09-03,CM,BSE,STK,544403,INE14LE01019,ABLBL,B,,,,,Aditya Birla Lifestyle Brands,140.7,144.25,140.7,143.0,143.0,141.0,,143.05,,,56344,8042661.0,1035,F1,1,,,,,
2025-09-03,2025-09-03,CM,BSE,STK,544404,INE16SF01016,BORANA,B,,,,,BORANA WEAVES LIMITED,214.0,216.4,213.25,214.8,214.8,216.95,,214.49,,,11376,2436250.0,156,F1,1,,,,,
2025-09-03,2025-09-03,CM,BSE,STK,544405,INE894V01022,BELRISE,B,,,,,BELRISE INDUSTRIES LIMITED,137.5,141.65,135.2,140.35,140.35,136.7,,140.63,,,574464,79699130.0,5015,F1,1,,,,,
2025-09-03,2025-09-03,CM,BSE,STK,544406,INE1ABX01018,UNIFIED,M,,,,,UNIFIED DATA TECH SOLUTIONS LI,323.0,341.2,323.0,336.8,338.0,324.6,,336.8,,,103200,34364080.0,197,F1,400,,,,,
2025-09-03,2025-09-03,CM,BSE,STK,544407,INE0INX01018,AEGISVOPAK,B,,,,,AEGIS VOPAK TERMINALS LIMITED,245.0,247.6,241.5,242.5,241.95,243.9,,243.97,,,12873,3143435.0,338,F1,1,,,,,
2025-09-03,2025-09-03,CM,BSE,STK,544408,INE0AQ201015,THELEELA,B,,,,,Schloss Bangalore Limited,418.0,418.35,411.1,413.1,414.2,419.15,,412.6,,,2435,1010631.0,231,F1,1,,,,,
2025-09-03,2025-09-03,CM,BSE,STK,544409,INE0TG901011,ASTONEALAB,M,,,,,ASTONEA LABS LIMITED,176.0,180.0,176.0,176.2,176.2,176.6,,176.2,,,11000,1943250.0,11,F1,1000,,,,,
2025-09-03,2025-09-03,CM,BSE,STK,544410,INE0BX301013,PROSTARM,B,,,,,PROSTARM INFO SYSTEMS LIMITED,183.75,192.95,181.95,190.8,190.8,183.9,,190.73,,,128847,24282144.0,1871,F1,1,,,,,
2025-09-03,2025-09-03,CM,BSE,STK,544411,INE090501011,SCODATUBES,B,,,,,Scoda Tubes Limited,177.9,187.0,177.0,185.0,185.0,175.5,,184.88,,,129370,23543912.0,809,F1,1,,,,,
2025-09-03,2025-09-03,CM,BSE,STK,544412,INE0TE101010,3BFILMS,MT,,,,,3B FILMS LIMITED,35.44,39.16,35.44,38.76,38.0,37.3,,38.76,,,129000,4945350.0,27,F1,3000,,,,,
2025-09-03,2025-09-03,CM,BSE,STK,544413,INE0U4701011,DIGITIDE,B,,,,,Digitide Solutions Limited,200.55,206.0,200.55,202.2,203.9,202.8,,201.78,,,17521,3566858.0,329,F1,1,,,,,
2025-09-03,2025-09-03,CM,BSE,STK,544414,INE0U4101014,BLUSPRING,B,,,,,Bluspring Enterprises Limited,80.0,82.49,78.84,78.97,79.7,80.44,,79.06,,,71094,5668013.0,851,F1,1,,,,,
2025-09-03,2025-09-03,CM,BSE,STK,544415,INF204KC1EZ3,SNXT30BEES,B,,,,,Nippon India Mutual Fund,38.98,39.1,37.5,38.91,38.91,38.98,,38.94,,,1025,39921.0,27,F1,1,,,,,
2025-09-03,2025-09-03,CM,BSE,STK,544416,INE0GGO01015,KRISHIVAL,T,,,,,KRISHIVAL FOODS LIMITED,455.0,455.0,451.5,451.5,451.5,451.5,,451.5,,,2969,1345117.0,24,F1,1,,,,,
2025-09-03,2025-09-03,CM,BSE,STK,544417,INE0XCV01014,ATENPAPERS,MT,,,,,Aten Papers & Foam Limited,31.65,32.3,31.65,32.3,32.3,31.65,,32.3,,,6000,190704.0,5,F1,1200,,,,,
2025-09-03,2025-09-03,CM,BSE,STK,544418,INE0BYP01024,OSWALPUMPS,B,,,,,Oswal Pumps Limited,818.7,846.25,817.8,837.85,841.35,815.5,,837.7,,,16186,13486239.0,1083,F1,1,,,,,
2025-09-03,2025-09-03,CM,BSE,STK,544419,INE0H9P01028,ARISINFRA,B,,,,,ArisInfra Solutions Limited,142.75,147.7,141.95,143.8,143.8,142.65,,143.42,,,165511,24019584.0,3114,F1,1,,,,,
2025-09-03,2025-09-03,CM,BSE,STK,544420,INE1SY401010,RAYMONDREL,B,,,,,Raymond Realty Limited,614.05,630.55,611.3,617.95,617.6,626.2,,617.85,,,16582,10250540.0,1417,F1,1,,,,,
2025-09-03,2025-09-03,CM,BSE,STK,544421,INE236E01022,ELLEN,B,,,,,ELLENBARRIE INDUSTRIAL GASES L,516.95,516.95,509.25,512.55,510.15,516.9,,512.1,,,4340,2223881.0,371,F1,1,,,,,
2025-09-03,2025-09-03,CM,BSE,STK,544422,INE0ZDY01011,ABRFL,M,,,,,Abram Food Limited,108.95,109.8,108.0,109.8,109.8,108.5,,109.8,,,12000,1309860.0,7,F1,1200,,,,,
2025-09-03,2025-09-03,CM,BSE,STK,544423,INE227J01012,KALPATARU,B,,,,,Kalpataru Limited,397.0,405.0,394.2,398.7,400.6,394.2,,399.45,,,10231,4090919.0,670,F1,1,,,,,
2025-09-03,2025-09-03,CM,BSE,STK,544424,INE0V3U01015,GLOBECIVIL,B,,,,,GLOBE CIVIL PROJECTS LIMITED,78.1,79.03,77.25,77.82,78.49,77.54,,77.86,,,30828,2398304.0,384,F1,1,,,,,
2025-09-03,2025-09-03,CM,BSE,STK,544425,INE0XRR01010,AJCJEWEL,M,,,,,AJC Jewel Manufacturers Limite,98.0,100.0,98.0,100.0,100.0,98.0,,100.0,,,6000,590400.0,2,F1,1200,,,,,
2025-09-03,2025-09-03,CM,BSE,STK,544426,INE0Y0E01012,ICON,MT,,,,,Icon Facilitators Limited,45.5,49.0,45.5,49.0,49.0,47.58,,49.0,,,7200,347640.0,6,F1,1200,,,,,
2025-09-03,2025-09-03,CM,BSE,STK,544427,INF109K1A344,TOP15IETF,B,,,,,ICICI Prudential Mutual Fund,10.22,10.25,10.12,10.23,10.23,10.22,,10.22,,,12503,127015.0,38,F1,1,,,,,
2025-09-03,2025-09-03,CM,BSE,STK,544428,INE0SC101013,SEVL,M,,,,,SUPERTECH EV LIMITED,51.69,52.6,50.01,51.68,51.11,51.69,,51.68,,,22800,1166988.0,19,F1,1200,,,,,
2025-09-03,2025-09-03,CM,BSE,STK,544429,INE756I01012,HDBFS,B,,,,,HDB FINANCIAL SERVICES LIMITED,775.95,782.0,773.0,777.35,777.35,777.35,,777.8,,,23643,18398587.0,1348,F1,1,,,,,
2025-09-03,2025-09-03,CM,BSE,STK,544430,INE12NJ01018,SAMBHV,B,,,,,SAMBHV STEEL TUBES LIMITED,124.75,127.35,123.0,126.3,126.3,123.8,,126.37,,,220915,27772944.0,2332,F1,1,,,,,
2025-09-03,2025-09-03,CM,BSE,STK,544431,INE0S9X01011,ACEALPHA,MT,,,,,Ace Alpha Tech Limited,107.7,107.7,103.05,103.15,103.15,107.7,,103.15,,,20000,2079800.0,8,F1,2000,,,,,
2025-09-03,2025-09-03,CM,BSE,STK,544432,INE05J901018,IGCL,B,,,,,Indogulf Cropsciences Limited,107.25,107.8,105.6,106.7,107.0,105.15,,106.97,,,16689,1782619.0,218,F1,1,,,,,
2025-09-03,2025-09-03,CM,BSE,STK,544433,INE130701019,VALINDIA,MT,,,,,Valencia India Limited,30.85,32.23,30.85,32.23,32.23,30.7,,32.23,,,50400,1603392.0,39,F1,1200,,,,,
2025-09-03,2025-09-03,CM,BSE,STK,544434,INE0UZO01024,NEETUYOSHI,M,,,,,Neetu Yoshi Limited,139.9,139.9,133.0,135.15,134.1,139.9,,135.15,,,238400,32455600.0,139,F1,1600,,,,,
2025-09-03,2025-09-03,CM,BSE,STK,544435,INE0W1601012,ADCOUNTY,MT,,,,,ADCOUNTY MEDIA INDIA LIMITED,214.0,220.0,206.4,209.75,211.0,214.0,,209.75,,,52800,11322720.0,33,F1,1600,,,,,
2025-09-03,2025-09-03,CM,BSE,STK,544436,INE0RDJ01019,VANDAN,MT,,,,,VANDAN FOODS LIMITED,42.38,45.39,42.38,45.39,45.39,43.23,,45.39,,,49200,2216400.0,40,F1,1200,,,,,
2025-09-03,2025-09-03,CM,BSE,STK,544437,INE0TBQ01014,MARCLOIRE,M,,,,,MARC LOIRE FASHIONS LIMITED,63.0,64.0,61.5,64.0,64.0,62.7,,64.0,,,8400,527748.0,7,F1,1200,,,,,
2025-09-03,2025-09-03,CM,BSE,STK,544438,INF769K01PB6,INTERNET,B,,,,,Mirae Asset Mutual Fund,14.52,14.6,14.46,14.6,14.6,14.44,,14.59,,,49706,719098.0,22,F1,1,,,,,
2025-09-03,2025-09-03,CM,BSE,STK,544439,INE0S4R01014,CRIZAC,B,,,,,CRIZAC LIMITED,368.0,375.0,358.55,372.85,374.2,368.4,,373.15,,,71389,26229725.0,1410,F1,1,,,,,
2025-09-03,2025-09-03,CM,BSE,STK,544440,INE0TL001013,CRYOGENIC,M,,,,,CRYOGENIC OGS LIMITED,141.2,141.2,141.2,141.2,141.2,134.5,,141.2,,,42000,5930400.0,13,F1,3000,,,,,
2025-09-03,2025-09-03,CM,BSE,STK,544441,INE162901016,METAINFO,M,,,,,META INFOTECH LIMITED,158.4,158.4,155.95,156.4,156.0,158.85,,156.4,,,5600,876480.0,7,F1,800,,,,,
2025-09-03,2025-09-03,CM,BSE,STK,544442,INE0VWL01017,CHEMKART,M,,,,,Chemkart India Limited,199.1,205.55,199.1,200.0,200.0,200.15,,200.0,,,25800,5189130.0,30,F1,600,,,,,
2025-09-03,2025-09-03,CM,BSE,STK,544443,INE103V01028,TRAVELFOOD,B,,,,,TRAVEL FOOD SERVICES LIMITED,1251.15,1305.0,1241.45,1284.35,1286.4,1251.15,,1283.8,,,21193,27273538.0,1839,F1,1,,,,,
2025-09-03,2025-09-03,CM,BSE,STK,544444,INE0UMC01019,GLEN,M,,,,,Glen Industries Limited,114.4,114.95,111.5,112.45,111.5,109.5,,112.45,,,44400,5024580.0,32,F1,1200,,,,,
2025-09-03,2025-09-03,CM,BSE,STK,544445,INE0SJX01015,APL,M,,,,,ASSTON PHARMACEUTICALS LIMITED,101.0,108.99,100.1,100.87,101.0,101.54,,100.87,,,24000,2454190.0,24,F1,1000,,,,,
2025-09-03,2025-09-03,CM,BSE,STK,544447,INE0NAZ01010,SMARTWORKS,B,,,,,SMARTWORKS COWORKING SPACES LI,505.6,543.95,505.6,536.35,536.35,519.55,,535.35,,,42453,22712477.0,2072,F1,1,,,,,
2025-09-03,2025-09-03,CM,BSE,STK,544448,INE124Y01010,PASHUPATI,B,,,,,Pashupati Cotspin Limited,673.0,673.0,672.0,672.0,672.0,672.8,,678.55,,,316,212406.0,34,F1,1,,,,,
2025-09-03,2025-09-03,CM,BSE,STK,544449,INE0CZ201020,ANTHEM,B,,,,,Anthem Biosciences Limited,804.55,825.5,801.75,823.1,823.1,804.35,,823.6,,,60090,48908375.0,3206,F1,1,,,,,
2025-09-03,2025-09-03,CM,BSE,STK,544450,INE0TGX01019,CHEMBONDCH,B,,,,,CHEMBOND CHEMICALS  LIMITED,194.45,200.0,192.75,193.2,195.0,190.7,,194.09,,,1867,364768.0,58,F1,1,,,,,
2025-09-03,2025-09-03,CM,BSE,STK,544451,INE0LCG01010,MONIKA,M,,,,,MONIKA ALCOBEV LIMITED,296.95,298.0,287.95,292.7,294.25,295.25,,292.7,,,31600,9240780.0,74,F1,400,,,,,
2025-09-03,2025-09-03,CM,BSE,STK,544452,INE0PTF01017,SWASTIKAAL,M,,,,,Swastika Castal Limited,86.0,86.0,82.0,82.5,82.5,85.0,,82.5,,,26000,2163000.0,13,F1,2000,,,,,
2025-09-03,2025-09-03,CM,BSE,STK,544453,INE0V0L01028,MSECL,M,,,,,Monarch Surveyors and Engineer,261.2,279.5,259.3,276.8,279.0,261.0,,276.8,,,100800,27230550.0,151,F1,600,,,,,
2025-09-03,2025-09-03,CM,BSE,STK,544454,INE06ST01018,INDIQUBE,B,,,,,INDIQUBE SPACES LIMITED,236.35,238.0,229.5,235.85,234.15,232.05,,235.14,,,114257,26810593.0,2186,F1,1,,,,,
2025-09-03,2025-09-03,CM,BSE,STK,544455,INE18JU01028,EBGNG,B,,,,,GNG Electronics Limited,342.6,362.2,341.9,359.55,359.55,342.6,,360.35,,,114847,40559580.0,3615,F1,1,,,,,
2025-09-03,2025-09-03,CM,BSE,STK,544456,INE219Y01018,RMDRIP,B,,,,,R M DRIP AND SPRINKLERS SYSTEM,731.65,756.0,710.0,743.95,734.9,729.15,,736.6,,,4244,3126167.0,278,F1,1,,,,,
2025-09-03,2025-09-03,CM,BSE,STK,544457,INE03NU01014,BRIGHOTEL,B,,,,,Brigade Hotel Ventures Limited,86.05,87.81,85.2,85.57,85.6,86.05,,85.51,,,56732,4879661.0,738,F1,1,,,,,
2025-09-03,2025-09-03,CM,BSE,STK,544458,INE0FMZ01045,SHREEREF,M,,,,,SHREE REFRIGERATIONS LIMITED,217.9,220.0,207.7,210.6,210.6,215.2,,210.6,,,303000,64110250.0,288,F1,1000,,,,,
2025-09-03,2025-09-03,CM,BSE,STK,544459,INE06ZD01017,SHANTIGOLD,B,,,,,SHANTI GOLD INTERNATIONAL LIMI,233.1,244.85,231.7,236.3,237.5,231.75,,236.23,,,200711,47951832.0,2998,F1,1,,,,,
2025-09-03,2025-09-03,CM,BSE,STK,544460,INE161701011,PATELCHEM,M,,,,,PATEL CHEM SPECIALITIES LIMITE,94.0,95.49,93.21,95.45,95.45,95.0,,95.45,,,22400,2118064.0,14,F1,1600,,,,,
2025-09-03,2025-09-03,CM,BSE,STK,544461,INE505V01016,EUROBOND,B,,,,,Euro Panel Products Limited,240.35,242.0,232.15,233.2,233.2,240.1,,234.59,,,5722,1347427.0,120,F1,1,,,,,
2025-09-03,2025-09-03,CM,BSE,STK,544462,INE19RO25021,PSTITANIA,IF,,,,,PropShare Titania,1068800.0,1068800.0,1068800.0,1068800.0,1068800.0,1068800.0,,1068800.0,,,1,1068800.0,1,F1,1,,,,,
2025-09-03,2025-09-03,CM,BSE,STK,544463,INE15WN01014,REPONO,M,,,,,REPONO LIMITED,81.05,81.05,81.0,81.0,81.0,79.25,,81.0,,,12000,972360.0,7,F1,1200,,,,,
2025-09-03,2025-09-03,CM,BSE,STK,544465,INE06WU01026,LAXMIINDIA,B,,,,,LAXMI INDIA FINANCE LIMITED,141.2,161.0,141.2,157.65,157.65,140.5,,158.15,,,842885,131340464.0,9917,F1,1,,,,,
2025-09-03,2025-09-03,CM,BSE,STK,544466,INE819V01029,CPPLUS,B,,,,,Aditya Infotech Limited,1337.0,1374.1,1281.85,1362.35,1362.35,1308.7,,1358.1,,,40249,53420734.0,3463,F1,1,,,,,
2025-09-03,2025-09-03,CM,BSE,STK,544467,INE301O01023,NSDL,B,,,,,National Securities Depository,1260.3,1265.0,1236.2,1241.8,1241.8,1277.55,,1241.8,,,2966070,3704986452.0,118594,F1,1,,,,,
2025-09-03,2025-09-03,CM,BSE,STK,544468,INE1LJ801017,BDI,M,,,,,B. D. Industries (Pune) Limite,109.55,111.9,109.55,111.45,111.9,111.25,,111.45,,,12000,1330560.0,8,F1,1200,,,,,
2025-09-03,2025-09-03,CM,BSE,STK,544469,INE0V9Q01010,LOTUSDEV,B,,,,,Sri Lotus Developers and Realt,178.95,186.0,173.6,183.65,186.0,179.35,,183.57,,,223831,39966738.0,2742,F1,1,,,,,
2025-09-03,2025-09-03,CM,BSE,STK,544470,INE08N601015,MBEL,B,,,,,M & B ENGINEERING LIMITED,432.1,437.35,410.8,415.25,415.25,435.25,,415.9,,,73193,30784452.0,2012,F1,1,,,,,
2025-09-03,2025-09-03,CM,BSE,STK,544471,INE14OX01013,TAKYON,M,,,,,TAKYON NETWORKS LIMITED,50.0,53.95,50.0,53.65,53.0,51.0,,53.65,,,58000,3094020.0,25,F1,2000,,,,,
2025-09-03,2025-09-03,CM,BSE,STK,544472,INE1KH601014,MEHUL,M,,,,,MEHUL COLOURS LIMITED,69.0,81.99,69.0,78.8,78.8,79.7,,78.8,,,33600,2626176.0,21,F1,1600,,,,,
2025-09-03,2025-09-03,CM,BSE,STK,544473,INF666M01LM6,GROWWPOWER,B,,,,,Groww Mutual Fund,9.7,9.92,9.7,9.9,9.91,9.88,,9.89,,,3728,36885.0,45,F1,1,,,,,
2025-09-03,2025-09-03,CM,BSE,STK,544474,INE0W4K01013,BLT,M,,,,,BLT Logistics Limited,56.3,64.45,56.15,59.8,60.0,57.0,,59.8,,,84800,5136720.0,53,F1,1600,,,,,
2025-09-03,2025-09-03,CM,BSE,STK,544475,INE1IBY01019,ESSEX,M,,,,,ESSEX MARINE LIMITED,26.26,26.27,25.03,26.18,26.18,25.75,,26.18,,,80000,2073420.0,32,F1,2000,,,,,
2025-09-03,2025-09-03,CM,BSE,STK,544476,INE0J5801029,JSLL,B,,,,,Jeena Sikho Lifecare Limited,702.15,767.2,700.4,757.6,757.6,704.95,,758.3,,,98676,72354649.0,3940,F1,1,,,,,
2025-09-03,2025-09-03,CM,BSE,STK,544477,INE00RL01028,HILINFRA,B,,,,,Highway Infrastructure Limited,96.36,96.36,93.33,94.24,94.24,94.32,,94.02,,,122199,11528424.0,1263,F1,1,,,,,
2025-09-03,2025-09-03,CM,BSE,STK,544479,INE0GV601021,ALLTIME,B,,,,,ALL TIME PLASTICS LIMITED,310.65,312.35,300.15,302.7,302.7,313.8,,302.75,,,104907,31997895.0,2513,F1,1,,,,,
2025-09-03,2025-09-03,CM,BSE,STK,544480,INE718I01012,JSWCEMENT,B,,,,,JSW CEMENT LIMITED,153.1,159.9,153.1,159.15,159.15,153.65,,159.17,,,1212384,190941401.0,11318,F1,1,,,,,
2025-09-03,2025-09-03,CM,BSE,STK,544481,INE1JAR25012,KRT,IF,,,,,KNOWLEDGE REALTY TRUST,107.83,108.38,107.16,107.91,107.91,107.83,,107.93,,,35142,3790236.0,498,F1,1,,,,,
2025-09-03,2025-09-03,CM,BSE,STK,544482,INE0YG001013,STARIMAGIN,M,,,,,STAR IMAGING AND PATH LAB LIMI,143.5,144.2,141.15,141.95,142.0,144.7,,141.95,,,43000,6137200.0,40,F1,1000,,,,,
2025-09-03,2025-09-03,CM,BSE,STK,544483,INE111601014,ICODEX,M,,,,,ICODEX PUBLISHING SOLUTIONS LI,56.79,58.5,52.0,56.48,56.88,57.95,,56.48,,,88800,4969224.0,71,F1,1200,,,,,
2025-09-03,2025-09-03,CM,BSE,STK,544484,INE304W01038,BLUESTONE,B,,,,,BlueStone Jewellery and Lifest,552.05,558.75,545.5,555.75,555.75,551.25,,556.05,,,40507,22430562.0,1257,F1,1,,,,,
2025-09-03,2025-09-03,CM,BSE,STK,544485,INE0MHO01029,REGAAL,B,,,,,REGAAL RESOURCES LIMITED,109.65,111.8,108.0,110.15,110.15,110.0,,110.19,,,380213,41761292.0,3031,F1,1,,,,,
2025-09-03,2025-09-03,CM,BSE,STK,544486,INF0R8F01133,LTGILTCASE,F,,,,,Zerodha Mutual Fund,29.17,29.18,29.17,29.18,29.18,29.15,,29.21,,,900,26258.0,11,F1,1,,,,,
2025-09-03,2025-09-03,CM,BSE,STK,544487,INE0R8B01010,PATELRMART,T,,,,,PATEL RETAIL LIMITED,251.7,262.4,245.0,259.45,259.45,251.85,,260.9,,,61158,15601558.0,1566,F1,1,,,,,
2025-09-03,2025-09-03,CM,BSE,STK,544488,INE078V01014,VIKRAMSOLR,B,,,,,Vikram Solar Limited,327.35,339.4,322.85,331.7,331.7,325.25,,331.85,,,459284,151778584.0,6149,F1,1,,,,,
2025-09-03,2025-09-03,CM,BSE,STK,544489,INE191201016,LGT,MT,,,,,LGT Business Connextions Limit,66.3,66.3,66.3,66.3,66.3,69.78,,66.3,,,3600,238680.0,3,F1,1200,,,,,
2025-09-03,2025-09-03,CM,BSE,STK,544490,INE1B6101010,SHREEJISPG,B,,,,,Shreeji Shipping Global Limite,252.9,254.95,252.8,253.3,253.3,253.0,,253.05,,,112916,28632424.0,1739,F1,1,,,,,
2025-09-03,2025-09-03,CM,BSE,STK,544491,INE06XZ01023,GEMAROMA,B,,,,,Gem Aromatics Limited,284.7,284.7,275.85,276.95,276.95,282.95,,276.8,,,96154,26817095.0,2484,F1,1,,,,,
2025-09-03,2025-09-03,CM,BSE,STK,544492,INE0PKD01011,MEIL,B,,,,,MANGAL ELECTRICAL INDUSTRIES L,538.0,539.5,526.65,533.55,534.2,516.3,,534.1,,,124533,66413401.0,4009,F1,1,,,,,
2025-09-03,2025-09-03,CM,BSE,STK,544493,INF204KC1GH6,MANUFGBEES,B,,,,,Nippon India Mutual Fund,145.73,145.73,145.73,145.73,145.73,145.44,,146.93,,,1,145.0,1,F1,1,,,,,
2025-09-03,2025-09-03,CM,BSE,STK,544494,INE12P601017,GLOBTIER,MT,,,,,Globtier Infotech limited,51.99,51.99,51.99,51.99,51.99,54.72,,51.99,,,8000,415920.0,5,F1,1600,,,,,
2025-09-03,2025-09-03,CM,BSE,STK,544495,INE0M3X01010,NISMGMT,MT,,,,,NIS MANAGEMENT LIMITED,97.5,97.5,97.5,97.5,97.5,102.6,,97.5,,,28800,2808000.0,16,F1,1200,,,,,
2025-09-03,2025-09-03,CM,BSE,STK,544496,INE01R501028,VIKRAN,B,,,,,Vikran Engineering Limited,99.7,101.73,93.26,95.64,95.64,0.0,,95.71,,,8720988,862047655.0,76426,F1,1,,,,,
2025-09-03,2025-09-03,CM,BSE,STK,544497,INE0Y8W01017,AHCL,T,,,,,ANLON HEALTHCARE LIMITED,91.0,92.0,89.0,91.66,91.66,0.0,,91.72,,,646726,58923531.0,2634,F1,1,,,,,
2025-09-03,2025-09-03,CM,BSE,STK,555555,INF346A01034,SENSEXIETF,A,,,,,ICICI Prudential BSE Sensex ET,915.68,920.0,912.0,919.38,920.0,915.69,,920.11,,,1311,1199184.0,109,F1,1,,,,,
2025-09-03,2025-09-03,CM,BSE,STK,570002,IN9623B01058,FELDVR,Z,,,,,Future Enterprises Limited,3.45,3.59,3.45,3.59,3.59,3.59,,3.4,,,447,1542.0,6,F1,1,,,,,
2025-09-03,2025-09-03,CM,BSE,STK,570004,IN9175A01010,JISLDVREQS,B,,,,,JAIN IRRIGATION SYSTEMS LTD.,31.63,34.3,30.83,33.74,33.74,31.48,,33.87,,,80293,2651585.0,711,F1,1,,,,,
2025-09-03,2025-09-03,CM,BSE,STK,570005,INE224E01036,GATECHDVR,T,,,,,GACM Technologies Limited - DV,0.54,0.55,0.53,0.55,0.55,0.53,,0.54,,,224679,121988.0,158,F1,1,,,,,
2025-09-03,2025-09-03,CM,BSE,STK,590003,INE036D01028,KARURVYSYA,B,,,,,KARUR VYSYA BANK LTD.,213.35,213.35,207.4,208.25,208.0,210.05,,208.31,,,76291,15954905.0,1615,F1,1,,,,,
2025-09-03,2025-09-03,CM,BSE,STK,590005,INE484C01030,VEEDOL,B,,,,,VEEDOL CORPORATION LIMITED,1615.1,1647.0,1615.1,1638.55,1647.0,1635.05,,1644.1,,,671,1096367.0,80,F1,1,,,,,
2025-09-03,2025-09-03,CM,BSE,STK,590006,INE098F01031,AMRUTANJAN,B,,,,,AMRUTANJAN HEALTH CARE LTD.,715.05,748.0,715.05,744.95,744.95,729.2,,743.8,,,2297,1686830.0,268,F1,1,,,,,
2025-09-03,2025-09-03,CM,BSE,STK,590013,INE445C01015,XPROINDIA,B,,,,,XPRO INDIA LTD.,1190.0,1209.0,1182.6,1198.15,1208.9,1188.35,,1195.9,,,497,594720.0,69,F1,1,,,,,
2025-09-03,2025-09-03,CM,BSE,STK,590018,INE598C01011,HISARMETAL,B,,,,,HISAR METAL INDUSTRIES LTD.,188.4,194.95,185.0,193.7,194.95,187.55,,193.1,,,2133,412169.0,45,F1,1,,,,,
2025-09-03,2025-09-03,CM,BSE,STK,590021,INE838B01013,BHARATRAS,B,,,,,BHARAT RASAYAN LTD.,10195.0,10388.95,10050.0,10140.15,10101.85,10176.15,,10153.0,,,139,1419849.0,44,F1,1,,,,,
2025-09-03,2025-09-03,CM,BSE,STK,590024,INE188A01015,FACT,B,,,,,FERTILIZERS & CHEMICALS TRAVAN,985.9,1013.55,983.75,1006.3,1010.0,989.6,,1007.1,,,46119,46322704.0,2220,F1,1,,,,,
2025-09-03,2025-09-03,CM,BSE,STK,590025,INE424C01010,GINNIFILA,T,,,,,GINNI FILAMENTS LTD.,47.82,49.2,46.5,46.68,46.68,48.53,,46.71,,,5058,238815.0,53,F1,1,,,,,
2025-09-03,2025-09-03,CM,BSE,STK,590030,INE147A01011,SPIC,B,,,,,SOUTHERN PETROCHEMICALS LTD.,111.15,128.1,111.15,122.85,122.85,111.05,,122.77,,,1289773,158918650.0,11506,F1,1,,,,,
2025-09-03,2025-09-03,CM,BSE,STK,590031,INE244A01016,DENORA,B,,,,,DE NORA INDIA LTD.,840.4,842.7,831.6,834.2,831.6,836.55,,832.05,,,355,297432.0,88,F1,1,,,,,
2025-09-03,2025-09-03,CM,BSE,STK,590041,INE641C01019,KAVDEFENCE,T,,,,,Kavveri Defence &amp; Wireless,75.05,75.05,72.15,75.05,75.05,71.48,,75.01,,,185169,13860118.0,777,F1,1,,,,,
2025-09-03,2025-09-03,CM,BSE,STK,590051,INE667G01023,SAKSOFT,B,,,,,SAKSOFT LTD.,213.95,213.95,206.75,209.5,210.05,210.3,,209.65,,,36970,7745477.0,795,F1,1,,,,,
2025-09-03,2025-09-03,CM,BSE,STK,590056,INE498E01010,SALONA,B,,,,,SALONA COTSPIN LTD.,240.0,247.0,240.0,247.0,247.0,247.0,,247.37,,,11,2710.0,11,F1,1,,,,,
2025-09-03,2025-09-03,CM,BSE,STK,590057,INE217G01035,EQUIPPP,T,,,,,EQUIPPP SOCIAL IMPACT TECHNOLO,19.18,19.18,18.01,18.84,18.84,18.81,,18.84,,,989,17996.0,9,F1,1,,,,,
2025-09-03,2025-09-03,CM,BSE,STK,590062,INE715B01021,ANDHRSUGAR,B,,,,,ANDHRA SUGARS LTD.,77.01,78.32,76.9,77.2,77.0,77.48,,77.09,,,15361,1189084.0,194,F1,1,,,,,
2025-09-03,2025-09-03,CM,BSE,STK,590065,INE547E01014,IMPAL,B,,,,,INDIA MOTOR PARTS & ACCESSORIE,1011.05,1011.05,997.0,997.0,997.0,1005.75,,999.9,,,81,80933.0,21,F1,1,,,,,
2025-09-03,2025-09-03,CM,BSE,STK,590066,INE805C01028,KCP,B,,,,,K.C.P.LTD.,206.05,208.65,204.75,206.05,206.4,204.35,,206.49,,,14290,2947899.0,415,F1,1,,,,,
2025-09-03,2025-09-03,CM,BSE,STK,590070,INE874F01027,RADAAN,B,,,,,RADAAN MEDIAWORKS (I) LTD.,3.7,3.79,3.52,3.64,3.64,3.7,,3.62,,,11895,43514.0,43,F1,1,,,,,
2025-09-03,2025-09-03,CM,BSE,STK,590071,INE660A01013,SUNDARMFIN,B,,,,,SUNDARAM FINANCE LTD.,4310.95,4489.0,4310.95,4478.45,4480.0,4277.3,,4478.5,,,2495,11052518.0,608,F1,1,,,,,
2025-09-03,2025-09-03,CM,BSE,STK,590072,INE073D01013,SUNDRMBRAK,B,,,,,SUNDARAM BRAKE LININGS LTD.,771.0,785.0,759.0,769.55,764.05,777.65,,771.75,,,309,238126.0,39,F1,1,,,,,
2025-09-03,2025-09-03,CM,BSE,STK,590073,INE715A01015,WHEELS,B,,,,,WHEELS INDIA LTD.,738.0,745.0,730.15,741.65,745.0,737.0,,742.15,,,417,307632.0,116,F1,1,,,,,
2025-09-03,2025-09-03,CM,BSE,STK,590075,INE112F01022,LAMBODHARA,B,,,,,LAMBODHARA TEXTILES LTD.,128.4,129.0,126.05,128.8,128.8,126.55,,127.45,,,307,39131.0,29,F1,1,,,,,
2025-09-03,2025-09-03,CM,BSE,STK,590078,INE683C01011,MAITHANALL,B,,,,,MAITHAN ALLOYS LTD.,1067.25,1100.0,1063.9,1094.55,1100.0,1057.9,,1095.9,,,2675,2887550.0,449,F1,1,,,,,
2025-09-03,2025-09-03,CM,BSE,STK,590086,INE725E01024,ORISSAMINE,B,,,,,ORISSA MINERALS DEVELOPMENT CO,4797.8,4882.45,4653.0,4749.95,4749.95,4826.15,,4762.8,,,1256,5982360.0,372,F1,1,,,,,
2025-09-03,2025-09-03,CM,BSE,STK,590095,INF204KB17I5,GOLDBEES,E,,,,,NIPPON INDIA ETF GOLD BEES,87.99,88.0,87.31,87.84,87.84,86.63,,87.88,,,3556972,312306425.0,13523,F1,1,,,,,
2025-09-03,2025-09-03,CM,BSE,STK,590096,INF732E01037,LIQUIDBEES,F,,,,,NIPPON INDIA ETF LIQUID BEES,1000.0,1000.01,999.99,1000.0,1000.0,1000.0,,999.99,,,188222,188221607.0,1202,F1,1,,,,,
2025-09-03,2025-09-03,CM,BSE,STK,590097,INF174KA1HJ8,GOLD1,E,,,,,KOTAK MAHINDRA MUTUAL FUND - K,89.59,89.59,87.48,88.71,88.63,87.41,,88.68,,,28375,2512334.0,282,F1,1,,,,,
2025-09-03,2025-09-03,CM,BSE,STK,590098,INF200KA16D8,SETFGOLD,E,,,,,SBI MUTUAL FUND - SBI GOLD EXC,91.57,91.57,89.58,90.71,90.95,89.34,,90.67,,,108514,9824586.0,714,F1,1,,,,,
2025-09-03,2025-09-03,CM,BSE,STK,590099,INF082J01408,QGOLDHALF,E,,,,,QUANTUM GOLD FUND - EXCHANGE T,87.59,87.94,87.56,87.89,87.8,86.55,,87.94,,,2669,234304.0,54,F1,1,,,,,
2025-09-03,2025-09-03,CM,BSE,STK,590101,INF789F1AUX7,GOLDSHARE,E,,,,,UTI MUTUAL FUND - UTI GOLD EXC,90.08,90.08,88.7,89.34,89.94,87.89,,89.2,,,23827,2123413.0,219,F1,1,,,,,
2025-09-03,2025-09-03,CM,BSE,STK,590103,INF204KB14I2,NIFTYBEES,B,,,,,NIPPON INDIA ETF NIFTY BEES,279.75,279.75,277.03,279.05,278.7,277.65,,278.94,,,108444,30160663.0,1865,F1,1,,,,,
2025-09-03,2025-09-03,CM,BSE,STK,590104,INF732E01045,JUNIORBEES,B,,,,,NIPPON INDIA ETF JUNIOR BEES,719.6,724.33,719.38,723.43,724.11,719.31,,723.81,,,22316,16128700.0,394,F1,1,,,,,
2025-09-03,2025-09-03,CM,BSE,STK,590106,INF204KB15I9,BANKBEES,B,,,,,NIPPON INDIA ETF BANK BEES,555.22,559.45,554.0,558.57,558.57,554.89,,558.58,,,63392,35244857.0,1848,F1,1,,,,,
2025-09-03,2025-09-03,CM,BSE,STK,590107,INF373I01023,PSUBANK,B,,,,,KOTAK MAHINDRA MUTUAL FUND - K,684.54,692.27,684.54,690.66,690.03,683.67,,690.88,,,1205,830434.0,54,F1,1,,,,,
2025-09-03,2025-09-03,CM,BSE,STK,590108,INF204KB16I7,PSUBNKBEES,B,,,,,NIPPON INDIA ETF PSU BANK BEES,77.0,78.44,76.0,77.08,77.0,76.29,,77.12,,,276497,21216054.0,717,F1,1,,,,,
2025-09-03,2025-09-03,CM,BSE,STK,590109,INF732E01128,SHARIABEES,B,,,,,NIPPON INDIA ETF SHARIAH BEES,506.04,506.04,500.0,502.97,502.98,501.84,,502.86,,,202,101421.0,19,F1,1,,,,,
2025-09-03,2025-09-03,CM,BSE,STK,590110,INF082J01028,QNIFTY,B,,,,,Quantum Nifty 50 ETF,2687.0,2698.0,2686.0,2698.0,2698.0,2700.0,,2700.0,,,28,75244.0,5,F1,1,,,,,
2025-09-03,2025-09-03,CM,BSE,STK,590113,INF204KB19I1,HNGSNGBEES,E,,,,,NIPPON INDIA ETF HANG SENG BEE,483.98,485.82,469.23,477.02,476.85,478.84,,476.64,,,20522,9780765.0,628,F1,1,,,,,
2025-09-03,2025-09-03,CM,BSE,STK,590115,INF247L01536,MOM50,B,,,,,MOTILAL OSWAL MUTUAL FUND,255.1,256.42,254.74,255.95,255.95,255.2,,256.85,,,212,54177.0,21,F1,1,,,,,
2025-09-03,2025-09-03,CM,BSE,STK,590134,INE414A01015,MADRASFERT,B,,,,,Madras Fertilizer Limited,88.01,94.75,88.01,94.06,93.82,89.25,,94.33,,,69067,6422306.0,917,F1,1,,,,,
2025-09-03,2025-09-03,CM,BSE,STK,590136,INF174K01F59,BANKNIFTY1,B,,,,,Kotak Mahindra Mutual Fund - P,554.58,559.47,554.0,559.39,559.23,555.02,,558.43,,,11721,6501820.0,69,F1,1,,,,,
2025-09-03,2025-09-03,CM,BSE,STK,590137,INF200KA1580,SETFNIFBK,B,,,,,SBI Mutual Fund-Permitted,551.0,554.86,549.52,553.54,554.68,550.67,,553.91,,,4153,2292037.0,123,F1,1,,,,,
2025-09-03,2025-09-03,CM,BSE,STK,590138,INF200KA1FS1,SETFNIF50,B,,,,,SBI Mutual Fund-Permitted,262.37,264.13,261.79,263.69,263.69,262.63,,263.97,,,52782,13882883.0,635,F1,1,,,,,
2025-09-03,2025-09-03,CM,BSE,STK,717504,INE919I04010,MBLNCRPS,F,,,,,MBL-0.1%-19-1-26-NCRPS,114.9,114.9,114.9,114.9,114.9,115.1,,115.0,,,36,4136.0,1,F1,1,,,,,
2025-09-03,2025-09-03,CM,BSE,STK,751027,INE636D20017,JOSTS-RE,R,,,,,Josts Engineering Co. Ltd.,63.85,81.0,60.05,63.99,63.0,63.85,,63.99,,,26989,1859675.0,525,F1,1,,,,,
2025-09-03,2025-09-03,CM,BSE,STK,751028,INE324X20018,SARVES-RE,R,,,,,Sarveshwar Foods Limited,0.66,0.99,0.62,0.62,0.62,1.02,,0.63,,,2164616,1450383.0,1441,F1,1,,,,,
2025-09-03,2025-09-03,CM,BSE,STK,751029,INE377D20018,ARUNIS-RE,R,,,,,ARUNIS ABODE LIMITED,57.86,57.86,57.86,57.86,57.86,0.0,,57.86,,,25427950,1471261187.0,1331,F1,1,,,,,
2025-09-03,2025-09-03,CM,BSE,STK,800212,IN0020010081,1018GS2026,G,,,,,1018GOI2026,108.0,108.0,108.0,108.0,108.0,110.5,,108.0,,,300,32400.0,1,F1,1,,,,,
2025-09-03,2025-09-03,CM,BSE,STK,800220,IN0020020106,795GS2032,G,,,,,795GOI2032,107.0,107.0,107.0,107.0,107.0,108.0,,108.0,,,60,6420.0,1,F1,1,,,,,
2025-09-03,2025-09-03,CM,BSE,STK,800270,IN0020170067,SGBOCT25IV,G,,,,,SOVEREIGN GOLD BOND 2017 SERIE,10508.0,10508.0,10508.0,10508.0,10508.0,10500.0,,11289.99,,,5,52540.0,1,F1,1,,,,,
2025-09-03,2025-09-03,CM,BSE,STK,800276,IN0020170109,SGBNOV258,G,,,,,SOVEREIGN GOLD BOND 2017 SERIE,11238.0,11238.0,11224.0,11238.0,11238.0,10250.01,,11238.0,,,17,190990.0,7,F1,1,,,,,
2025-09-03,2025-09-03,CM,BSE,STK,800277,IN0020170117,SGBNOV25IX,G,,,,,SOVEREIGN GOLD BOND 2017 SERIE,10401.0,11230.0,10401.0,11199.0,11199.0,10344.21,,11276.5,,,14,154490.0,5,F1,1,,,,,
2025-09-03,2025-09-03,CM,BSE,STK,800279,IN0020170133,SGBDEC25XI,G,,,,,SOVEREIGN GOLD BOND 2017 SERIE,10402.0,10402.0,10402.0,10402.0,10402.0,10401.99,,10402.0,,,10,104020.0,1,F1,1,,,,,
2025-09-03,2025-09-03,CM,BSE,STK,800288,IN0020180249,SGBOCT26,G,,,,,SOVEREIGN GOLD BOND 2019 SERIE,11200.0,11200.0,11200.0,11200.0,11200.0,10399.0,,11200.0,,,11,123200.0,1,F1,1,,,,,
2025-09-03,2025-09-03,CM,BSE,STK,800289,IN0020180314,SGBNOV26,G,,,,,SOVEREIGN GOLD BOND 2019 SERIE,11241.0,11241.0,11241.0,11241.0,11241.0,10307.0,,11370.5,,,98,1101618.0,3,F1,1,,,,,
2025-09-03,2025-09-03,CM,BSE,STK,800290,IN0020180389,SGBDEC26,G,,,,,SOVEREIGN GOLD BOND 2019 SERIE,11450.0,11450.0,11450.0,11450.0,11450.0,11450.0,,11450.0,,,3,34350.0,1,F1,1,,,,,
2025-09-03,2025-09-03,CM,BSE,STK,800292,IN0020180561,SGBFEB27,G,,,,,SOVERIEGN GOLD BOND 2019 SERIE,11220.28,11220.28,11220.0,11220.0,11220.0,10935.0,,11505.0,,,2,22440.0,2,F1,1,,,,,
2025-09-03,2025-09-03,CM,BSE,STK,800297,IN0020190107,SGBAUG27,G,,,,,SOVEREIGN GOLD BOND 2019-20 SE,11999.0,12000.0,11700.0,11999.8,12000.0,11615.0,,11998.09,,,109,1303869.0,20,F1,1,,,,,
2025-09-03,2025-09-03,CM,BSE,STK,800316,IN0020200039,719GS2060,G,,,,,719GOI2060,98.85,98.85,98.85,98.85,98.85,103.0,,99.93,,,546,53972.0,1,F1,1,,,,,
2025-09-03,2025-09-03,CM,BSE,STK,800318,IN0020200062,SGBAPR28I,G,,,,,Sovereign Gold Bonds 2020-21 S,11800.0,11800.0,11777.0,11777.0,11777.0,11498.56,,11657.35,,,18,212377.0,4,F1,1,,,,,
2025-09-03,2025-09-03,CM,BSE,STK,800320,IN0020200088,SGBMAY28,G,,,,,Sovereign Gold Bonds 2020-21 S,11360.0,11438.0,11300.0,11398.8,11416.8,11200.0,,11446.32,,,221,2512029.0,26,F1,1,,,,,
2025-09-03,2025-09-03,CM,BSE,STK,800322,IN0020200104,SGBJUN28,G,,,,,Sovereign Gold Bonds 2020-21 S,11480.0,11480.0,11370.0,11373.83,11380.0,11130.0,,11422.2,,,31,352695.0,4,F1,1,,,,,
2025-09-03,2025-09-03,CM,BSE,STK,800324,IN0020200146,SGBJUL28IV,G,,,,,Sovereign Gold Bond 2020-21 IV,11175.94,11449.98,11175.94,11424.99,11424.99,11175.94,,11426.01,,,200,2273066.0,34,F1,1,,,,,
2025-09-03,2025-09-03,CM,BSE,STK,800325,IN0020200161,SGBAUG28V,G,,,,,Sovereign Gold Bonds 2020-21 V,11499.0,11750.0,11489.0,11604.11,11675.0,11202.36,,11586.97,,,251,2926975.0,43,F1,1,,,,,
2025-09-03,2025-09-03,CM,BSE,STK,800327,IN0020200195,SGBSEP28VI,G,,,,,Sovereign Gold Bonds 2020-21 S,11564.5,11565.0,11525.0,11551.33,11565.0,11264.0,,11516.28,,,8,92318.0,5,F1,1,,,,,
2025-09-03,2025-09-03,CM,BSE,STK,800328,IN0020200203,SGBOC28VII,G,,,,,Sovereign Gold Bonds 2020-21 S,10754.28,10754.28,10754.28,10754.28,10754.28,10410.0,,11297.4,,,25,268857.0,4,F1,1,,,,,
2025-09-03,2025-09-03,CM,BSE,STK,800329,IN0020200286,SGBN28VIII,G,,,,,Sovereign Gold Bonds 2020-21 S,11168.57,11168.57,11168.57,11168.57,11168.57,10636.74,,11915.14,,,7,78179.0,2,F1,1,,,,,
2025-09-03,2025-09-03,CM,BSE,STK,800331,IN0020200377,SGBJAN29IX,G,,,,,SGB 2020-21 Series IX,11740.0,11775.0,11400.01,11476.0,11495.0,11240.0,,11480.67,,,10,115585.0,6,F1,1,,,,,
2025-09-03,2025-09-03,CM,BSE,STK,800332,IN0020200385,SGBJAN29X,G,,,,,Sovereign Gold Bonds 2021-21 S,10721.68,10721.68,10721.68,10721.68,10721.68,10430.0,,11110.34,,,6,64330.0,2,F1,1,,,,,
2025-09-03,2025-09-03,CM,BSE,STK,800333,IN0020200393,SGBFEB29XI,G,,,,,SGB 2020-21 SERIES XI,10713.89,10713.89,10713.89,10713.89,10713.89,10537.28,,11107.45,,,5,53569.0,1,F1,1,,,,,
2025-09-03,2025-09-03,CM,BSE,STK,800339,IN0020200427,SGBMR29XII,G,,,,,SGB 2020-21 Series XII,11365.0,11500.0,11365.0,11448.13,11450.0,11250.0,,11503.81,,,30,343703.0,9,F1,1,,,,,
2025-09-03,2025-09-03,CM,BSE,STK,800340,IN0020210053,SGBMAY29I,G,,,,,SGB 2021-22 Series I,11500.0,11700.0,11351.01,11550.5,11451.0,11268.78,,11523.42,,,162,1860584.0,39,F1,1,,,,,
2025-09-03,2025-09-03,CM,BSE,STK,800341,IN0020210061,SGBJUN29II,G,,,,,SGB 2021-22 Series II,11255.0,11540.0,11255.0,11483.0,11540.0,11225.0,,11482.75,,,82,935791.0,28,F1,1,,,,,
2025-09-03,2025-09-03,CM,BSE,STK,800342,IN0020210087,SGBJU29III,G,,,,,Sovereign Gold Bonds 2021-22,11170.0,11590.0,11170.0,11579.0,11579.0,11161.0,,11521.24,,,35,399183.0,11,F1,1,,,,,
2025-09-03,2025-09-03,CM,BSE,STK,800367,IN0020210111,SGBJUL29IV,G,,,,,Sovereign Gold Bond Series IV,11390.0,11490.0,11390.0,11490.0,11490.0,11264.0,,11509.23,,,33,378795.0,10,F1,1,,,,,
2025-09-03,2025-09-03,CM,BSE,STK,800385,IN0020210129,SGBAUG29V,G,,,,,Sovereign Gold Bonds 2021-22 S,11501.0,12000.0,11501.0,11952.8,12000.0,11501.0,,11959.06,,,49,581947.0,10,F1,1,,,,,
2025-09-03,2025-09-03,CM,BSE,STK,800386,IN0020210145,SGBSEP29VI,G,,,,,Sovereign Gold Bonds 2021-22 S,11445.6,11549.0,11445.6,11549.0,11549.0,11445.6,,11557.76,,,38,437716.0,9,F1,1,,,,,
2025-09-03,2025-09-03,CM,BSE,STK,800434,IN0020210178,SGBNV29VII,G,,,,,Sovereign Gold Bonds 2021-22 S,11430.7,11590.0,11430.7,11500.0,11500.0,11200.0,,11553.25,,,3,34520.0,3,F1,1,,,,,
2025-09-03,2025-09-03,CM,BSE,STK,800437,IN0020210228,SGBD29VIII,G,,,,,Sovereign Gold Bonds 2021-22 S,11400.0,11658.0,11400.0,11506.0,11506.0,11484.0,,11555.71,,,198,2294226.0,18,F1,1,,,,,
2025-09-03,2025-09-03,CM,BSE,STK,800441,IN0020220029,754GS2036,G,,,,,754GOI2036,107.8,108.45,107.8,108.3,108.45,108.1,,108.44,,,16554,1792553.0,15,F1,1,,,,,
2025-09-03,2025-09-03,CM,BSE,STK,800488,IN0020220078,SGBAUG30,G,,,,,Sovereign Gold Bonds 2022-23 S,11845.01,12100.0,11845.01,12000.0,12000.0,11899.99,,12032.09,,,171,2047415.0,46,F1,1,,,,,
2025-09-03,2025-09-03,CM,BSE,STK,800489,IN0020220094,74GS2062,G,,,,,74GOI2062,104.35,104.35,104.35,104.35,104.35,104.4,,103.35,,,95,9913.0,1,F1,1,,,,,
2025-09-03,2025-09-03,CM,BSE,STK,800580,IN0020230069,SGBJUN31I,G,,,,,Sovereign Gold Bonds 2023-24 S,12350.0,12552.45,12305.0,12522.92,12490.0,12350.0,,12517.03,,,388,4836169.0,97,F1,1,,,,,
2025-09-03,2025-09-03,CM,BSE,STK,800596,IN0020230093,SGBSEP31II,G,,,,,Sovereign Gold Bonds 2023-24 S,12320.0,12770.0,12320.0,12597.61,12564.01,12173.97,,12633.57,,,234,2941826.0,65,F1,1,,,,,
2025-09-03,2025-09-03,CM,BSE,STK,800603,IN0020230168,SGBDE31III,G,,,,,Sovereign Gold Bonds 2023-24 S,12317.99,12733.35,12317.99,12657.29,12650.0,12314.67,,12653.17,,,732,9239138.0,173,F1,1,,,,,
2025-09-03,2025-09-03,CM,BSE,STK,800605,IN0020230184,SGBFEB32IV,G,,,,,Sovereign Gold Bonds 2023-24 S,12761.0,13425.0,12761.0,13304.94,13400.0,12751.23,,13315.01,,,384,5072568.0,81,F1,1,,,,,
2025-09-03,2025-09-03,CM,BSE,STK,800607,IN0020240035,734GS2064,G,,,,,734GOI2064,103.0,103.0,103.0,103.0,103.0,102.6,,102.26,,,500,51500.0,1,F1,1,,,,,
2025-09-03,2025-09-03,CM,BSE,STK,805053,IN002025Y032,182T161025,G,,,,,182T161025,98.12,98.12,96.2,96.2,96.2,96.2,,97.73,,,100,9669.0,5,F1,1,,,,,
2025-09-03,2025-09-03,CM,BSE,STK,805063,IN002025Z062,364TB70526,G,,,,,364TB70526,95.0,95.0,95.0,95.0,95.0,94.86,,95.0,,,600,57000.0,1,F1,1,,,,,
2025-09-03,2025-09-03,CM,BSE,STK,805068,IN002025Y081,182T201125,G,,,,,182T201125,97.98,97.98,97.98,97.98,97.98,97.98,,98.21,,,100,9798.0,2,F1,1,,,,,
2025-09-03,2025-09-03,CM,BSE,STK,805071,IN002025Y099,182T271125,G,,,,,182T271125,98.49,98.49,98.49,98.49,98.49,98.49,,98.49,,,515,50722.0,2,F1,1,,,,,
2025-09-03,2025-09-03,CM,BSE,STK,805077,IN002025Y115,182T111225,G,,,,,182T111225,97.63,97.63,96.69,96.69,96.69,96.69,,96.69,,,100,9671.0,4,F1,1,,,,,
2025-09-03,2025-09-03,CM,BSE,STK,805085,IN002025X141,91TB011025,G,,,,,91TB011025,99.31,99.31,99.31,99.31,99.31,99.6,,99.31,,,100,9931.0,1,F1,1,,,,,
2025-09-03,2025-09-03,CM,BSE,STK,805097,IN002025X182,91TB301025,G,,,,,91TB301025,98.5,98.5,98.41,98.41,98.41,98.41,,98.41,,,100,9841.0,2,F1,1,,,,,
2025-09-03,2025-09-03,CM,BSE,STK,805101,IN002025Y198,182TB05226,G,,,,,182TB05226,96.4,96.4,96.0,96.0,96.0,95.52,,96.59,,,100,9600.0,3,F1,1,,,,,
2025-09-03,2025-09-03,CM,BSE,STK,805109,IN002025X224,91TB281125,G,,,,,91TB281125,98.13,98.13,98.13,98.13,98.13,98.1,,98.13,,,500,49065.0,2,F1,1,,,,,
2025-09-03,2025-09-03,CM,BSE,STK,810737,IN3120200206,663TN55,G,,,,,663TMLSDL55,86.5,86.5,86.5,86.5,86.5,86.45,,86.5,,,100,8650.0,1,F1,1,,,,,
2025-09-03,2025-09-03,CM,BSE,STK,810749,IN1020210176,715AP37,G,,,,,715APSDL37,95.0,95.0,95.0,95.0,95.0,91.9,,95.0,,,3500,332500.0,1,F1,1,,,,,
2025-09-03,2025-09-03,CM,BSE,STK,810848,IN2220220072,772MH34,G,,,,,772MAHSDL34,99.16,99.16,99.16,99.16,99.16,98.26,,99.16,,,1,99.0,1,F1,1,,,,,
2025-09-03,2025-09-03,CM,BSE,STK,810919,IN3120220261,757TN33,G,,,,,757TAMSDL33,97.48,97.48,97.48,97.48,97.48,96.45,,97.48,,,200,19496.0,1,F1,1,,,,,
2025-09-03,2025-09-03,CM,BSE,STK,890157,IN9397D01014,AIRTELPP,A,,,,,Bharti Airtel  Ltd.,1441.0,1441.0,1417.1,1433.9,1433.5,1441.65,,1436.0,,,320,456655.0,62,F1,1,,,,,
2025-09-03,2025-09-03,CM,BSE,STK,890197,IN9564C01011,YARNPP,XT,,,,,Yarn Syndicate Ltd.,3.42,3.45,3.41,3.45,3.45,3.4,,3.45,,,4221,14554.0,11,F1,1,,,,,
2025-09-03,2025-09-03,CM,BSE,STK,890202,IN9624Z01022,SOLARAPP1,B,,,,,SOLARA ACTIVE PHARMA SCIENCES,449.95,470.0,441.8,465.05,465.2,439.15,,464.5,,,743,341948.0,146,F1,1,,,,,
2025-09-03,2025-09-03,CM,BSE,STK,890211,IN9526B01012,CALSOFTPP,T,,,,,California Software Co. Ltd.,5.1,5.1,4.91,5.08,5.08,5.11,,5.12,,,1554,7789.0,25,F1,1,,,,,
2025-09-03,2025-09-03,CM,BSE,STK,890213,IN9201F01013,SNLFPP,XT,,,,,Shri Niwas Leasing and Finance,7.46,7.46,7.11,7.45,7.45,7.11,,7.45,,,7901,58784.0,39,F1,1,,,,,
2025-09-03,2025-09-03,CM,BSE,STK,890214,IN9139R01028,FUSIONPP,A,,,,,FUSION FINANCE LIMITED,99.59,100.0,97.38,99.45,99.15,97.37,,99.65,,,7091,708611.0,31,F1,1,,,,,
2025-09-03,2025-09-03,CM,BSE,STK,890216,IN9093R01019,LLOYDSENPP,A,,,,,LLOYDS ENGINEERING WORKS LIMIT,44.08,45.53,44.03,44.39,44.03,44.18,,44.2,,,51507,2311614.0,1038,F1,1,,,,,
2025-09-03,2025-09-03,CM,BSE,STK,890217,IN9273A01047,APLABPP,XT,,,,,Aplab Ltd.,44.0,44.03,41.2,43.9,44.0,41.94,,43.9,,,32809,1443280.0,44,F1,1,,,,,
2025-09-03,2025-09-03,CM,BSE,STK,890218,IN9964H01012,SEPCPP,B,,,,,SEPC LIMITED,5.25,5.43,5.19,5.31,5.27,5.25,,5.31,,,177261,941783.0,335,F1,1,,,,,
2025-09-03,2025-09-03,CM,BSE,STK,890219,IN9483S01010,INFIBPP,A,,,,,INFIBEAM AVENUES LIMITED,9.56,10.13,9.56,9.99,9.99,9.62,,10.0,,,368793,3632104.0,912,F1,1,,,,,
2025-09-03,2025-09-03,CM,BSE,STK,890220,IN9237C01014,PATANGPP,X,,,,,KATI PATANG LIFESTYLE LIMITED,10.0,10.0,9.7,9.7,9.7,9.82,,9.7,,,7200,71880.0,5,F1,1,,,,,
2025-09-03,2025-09-03,CM,BSE,STK,890221,IN9572J01019,SSFLPP,B,,,,,Spandana Sphoorty Financial Li,118.2,132.0,117.0,129.4,129.25,115.0,,129.9,,,12091,1515995.0,1370,F1,1,,,,,
2025-09-03,2025-09-03,CM,BSE,STK,890222,IN9242Q01014,JMJFINPP,XT,,,,,JMJ Fintech Limited,6.24,6.24,6.24,6.24,6.24,6.56,,6.24,,,8433,52621.0,16,F1,1,,,,,
2025-09-03,2025-09-03,CM,BSE,STK,912464,INE775A08105,SMILCCD,F,,,,,Samvardhana Motherson Internat,100000.0,100000.0,100000.0,100000.0,100000.0,100000.0,,100000.0,,,1,100000.0,1,F1,1,,,,,
2025-09-03,2025-09-03,CM,BSE,STK,935506,INE134E07547,736PFCL25,F,,,,,PFC-7.36%-1B-17-10-25-BOND,1064.0,1075.0,1064.0,1075.0,1075.0,1050.36,,1075.0,,,12,12878.0,2,F1,1,,,,,
2025-09-03,2025-09-03,CM,BSE,STK,935576,INE053F07843,750IRFC35,F,,,,,IRFC-7.50%-21-12-35-TAXFREENCD,1218.1,1218.1,1218.0,1218.01,1218.0,1218.0,,1218.01,,,450,548105.0,8,F1,1,,,,,
2025-09-03,2025-09-03,CM,BSE,STK,935584,INE906B07EJ8,76NHAI31,F,,,,,NHAI-7.6%-11-1-31-TAXFREENCD,1121.0,1121.0,1119.1,1120.3,1120.3,1120.4,,1120.15,,,935,1047427.0,27,F1,1,,,,,
2025-09-03,2025-09-03,CM,BSE,STK,935642,INE031A07AO5,764HUDCO31,F,,,,,HUDCO-7.64%-8-2-31-TAXFREENCD,1130.0,1130.0,1128.05,1128.28,1128.05,1130.0,,1128.28,,,1975,2228347.0,5,F1,1,,,,,
2025-09-03,2025-09-03,CM,BSE,STK,935662,INE906B07EN0,729NHAI26,F,,,,,NHAI-7.29%-9-3-26-TAXFREENCD,1075.0,1080.0,1075.0,1080.0,1080.0,1014.1,,1082.5,,,20,21550.0,3,F1,1,,,,,
2025-09-03,2025-09-03,CM,BSE,STK,935672,INE031A07AS6,729HUDCO26,F,,,,,HUDCO-7.29%-15-3-26-TAXFREENCD,1052.01,1052.01,1052.01,1052.01,1052.01,1050.0,,1052.01,,,23,24196.0,1,F1,1,,,,,
2025-09-03,2025-09-03,CM,BSE,STK,935674,INE031A07AT4,769HUDCO31,F,,,,,HUDCO-7.69%-15-3-31-TAXFREENCD,1143.0,1143.49,1143.0,1143.01,1143.49,1143.0,,1141.65,,,304,347473.0,6,F1,1,,,,,
2025-09-03,2025-09-03,CM,BSE,STK,935682,INE053F07900,764IRFC31,F,,,,,IRFC-7.64%-22-3-31-NCDS,1156.1,1156.1,1156.1,1156.1,1156.1,1155.5,,1155.55,,,100,115610.0,2,F1,1,,,,,
2025-09-03,2025-09-03,CM,BSE,STK,935688,INE261F07024,729NABAR26,F,,,,,NABARD-7.29%-23-3-26-NCDS,1037.0,1038.99,1037.0,1038.72,1037.5,1037.0,,1038.72,,,483,501574.0,7,F1,1,,,,,
2025-09-03,2025-09-03,CM,BSE,STK,935690,INE261F07032,764NABAR31,F,,,,,NABARD-7.64%-23-3-31-NCDS,1124.0,1124.0,1124.0,1124.0,1124.0,1123.07,,1127.99,,,20,22480.0,1,F1,1,,,,,
2025-09-03,2025-09-03,CM,BSE,STK,935740,INE774D08LU6,872MMFSL26,F,,,,,MMFSL-8.72%-6-6-26-NCD,1009.01,1009.01,1009.01,1009.01,1009.01,1006.0,,1009.51,,,5,5045.0,5,F1,1,,,,,
2025-09-03,2025-09-03,CM,BSE,STK,935752,INE774D08MA6,9MMFSL26,F,,,,,MMFSL-9%-6-6-26-NCD,1025.0,1025.0,1025.0,1025.0,1025.0,1025.1,,1025.0,,,1,1025.0,1,F1,1,,,,,
2025-09-03,2025-09-03,CM,BSE,STK,935786,INE530L07210,957NIDO26,F,,,,,NIDO-9.57%-19-7-26-NCD,1000.0,1003.0,1000.0,1003.0,1003.0,990.0,,1003.0,,,75,75075.0,2,F1,1,,,,,
2025-09-03,2025-09-03,CM,BSE,STK,935860,INE148I07GL3,9SCL26BA,F,,,,,SCL-9%-26-9-26-NCDS,1059.8,1060.0,1050.2,1050.2,1050.2,1059.8,,1056.0,,,339,358114.0,3,F1,1,,,,,
2025-09-03,2025-09-03,CM,BSE,STK,935868,INE148I08256,915SCL26,F,,,,,SCL-9.15%-26-9-26-NCDS,1031.0,1050.0,1031.0,1050.0,1050.0,1061.97,,1054.0,,,47,48476.0,2,F1,1,,,,,
2025-09-03,2025-09-03,CM,BSE,STK,936230,INE721A07NU1,903SFL28,F,,,,,SFL-9.03%-12-7-28-NCD,1030.0,1030.0,1030.0,1030.0,1030.0,1033.0,,1043.0,,,100,103000.0,1,F1,1,,,,,
2025-09-03,2025-09-03,CM,BSE,STK,936278,INE244L07168,96SFIL24A,F,,,,,SFIL-8.84%-25-9-28-NCD,1039.99,1040.0,1039.99,1040.0,1040.0,995.0,,990.0,,,100,103999.0,2,F1,1,,,,,
2025-09-03,2025-09-03,CM,BSE,STK,936294,INE306N08292,910TCAP28,F,,,,,TCAP-9.10%-27-9-28-NCD,1127.1,1127.1,1127.02,1127.02,1127.02,1127.0,,1136.98,,,300,338114.0,3,F1,1,,,,,
2025-09-03,2025-09-03,CM,BSE,STK,936308,INE403Q08118,1025KFL25,F,,,,,KFL-10.25%-23-9-25-NCD,997.0,997.0,997.0,997.0,997.0,1021.92,,997.0,,,245,244265.0,9,F1,1,,,,,
2025-09-03,2025-09-03,CM,BSE,STK,936398,INE804IA7014,1015ECL29,F,,,,,EFL-10.15%-4-1-29-NCD,1007.99,1008.0,1005.97,1005.97,1005.97,1003.0,,1005.24,,,130,130829.0,5,F1,1,,,,,
2025-09-03,2025-09-03,CM,BSE,STK,936410,INE774D07SV1,92MMFSL27,F,,,,,MMFSL-9.2%-18-1-27-NCD,1044.53,1044.53,1044.53,1044.53,1044.53,1075.5,,1044.53,,,6,6267.0,1,F1,1,,,,,
2025-09-03,2025-09-03,CM,BSE,STK,936412,INE774D07SW9,93MMFSL27,F,,,,,MMFSL-9.3%-18-1-27-NCD,1062.55,1062.55,1061.0,1061.0,1061.0,1062.0,,1061.0,,,41,43549.0,5,F1,1,,,,,
2025-09-03,2025-09-03,CM,BSE,STK,936416,INE774D08MP4,95MMFSL29,F,,,,,MMFSL-9.5%-18-1-29-NCD,1076.0,1080.0,1076.0,1080.0,1080.0,1079.0,,1080.0,,,10,10784.0,2,F1,1,,,,,
2025-09-03,2025-09-03,CM,BSE,STK,936492,INE522D07BA4,MFLZC26,F,,,,,MFL-ZC-5-5-26-NCD,1854.02,1854.02,1853.99,1854.0,1854.0,1868.0,,1854.0,,,1284,2380537.0,39,F1,1,,,,,
2025-09-03,2025-09-03,CM,BSE,STK,936532,INE027E07998,898LTF29,F,,,,,LTF-8.98%-13-3-29-NCD,1057.55,1059.0,1057.55,1058.99,1058.99,1058.9,,1058.98,,,51,54007.0,4,F1,1,,,,,
2025-09-03,2025-09-03,CM,BSE,STK,936574,INE027E07AL1,905LTF27,F,,,,,LTF-9.05%-15-4-27-NCD,1047.0,1047.0,1047.0,1047.0,1047.0,1074.5,,1062.5,,,20,20940.0,2,F1,1,,,,,
2025-09-03,2025-09-03,CM,BSE,STK,936722,INE804IA7139,995ECL29A,F,,,,,EFL-9.95%-23-5-29-NCD,992.0,992.0,992.0,992.0,992.0,990.0,,992.0,,,202,200384.0,2,F1,1,,,,,
2025-09-03,2025-09-03,CM,BSE,STK,936744,INE414G07DQ9,MFLZC26A,F,,,,,MFL-ZC-14-12-26-NCD,1780.0,1780.0,1780.0,1780.0,1780.0,1780.0,,1780.0,,,5,8900.0,1,F1,1,,,,,
2025-09-03,2025-09-03,CM,BSE,STK,936810,INE306N07LM5,865TCAPS27,F,,,,,TCAP-8.65%-26-8-27-NCD,1015.0,1019.1,1015.0,1018.92,1018.0,1025.0,,1019.83,,,124,125954.0,6,F1,1,,,,,
2025-09-03,2025-09-03,CM,BSE,STK,936814,INE306N08342,885TCAPS29,F,,,,,TCAP-8.85%-26-8-29-NCD,1040.0,1050.0,1036.0,1050.0,1050.0,1044.0,,1042.5,,,21,21900.0,4,F1,1,,,,,
2025-09-03,2025-09-03,CM,BSE,STK,936854,INE523H07AQ1,JMFPZC26,F,,,,,JMFPL-ZC-11-9-26-NCD,1845.0,1845.0,1845.0,1845.0,1845.0,1775.0,,1845.0,,,188,346860.0,2,F1,1,,,,,
2025-09-03,2025-09-03,CM,BSE,STK,936975,INE804IA7246,995ECL29,F,,,,,ECL-9.95%-28-11-29-NCD,985.5,985.5,985.5,985.5,985.5,990.0,,985.5,,,101,99535.0,4,F1,1,,,,,
2025-09-03,2025-09-03,CM,BSE,STK,937017,INE027E07BC8,865LTF26,F,,,,,LTF-8.65%-23-12-26-NCD,1070.0,1070.0,1070.0,1070.0,1070.0,1065.0,,1068.53,,,20,21400.0,1,F1,1,,,,,
2025-09-03,2025-09-03,CM,BSE,STK,937037,INE414G07EG8,MFLZC27B,F,,,,,MFL-ZC-27-6-27-NCD,1717.99,1718.0,1717.99,1717.99,1718.0,1694.12,,1717.99,,,55,94489.0,2,F1,1,,,,,
2025-09-03,2025-09-03,CM,BSE,STK,937295,INE549K07824,915MFL25,F,,,,,MFL-9.15%-29-10-25-NCD,994.5,994.5,994.5,994.5,994.5,992.2,,994.5,,,50,49725.0,1,F1,1,,,,,
2025-09-03,2025-09-03,CM,BSE,STK,937319,INE414G07FI1,MFOPTVI24,F,,,,,MFL-OVI-5-11-25-NCD,1435.0,1437.85,1435.0,1436.5,1436.5,1437.19,,1436.5,,,209,300031.0,9,F1,1,,,,,
2025-09-03,2025-09-03,CM,BSE,STK,937339,INE532F07BM3,939EFSL26,F,,,,,EFSL-9.39%-8-1-26-NCD,998.0,998.0,998.0,998.0,998.0,995.0,,998.0,,,6,5988.0,1,F1,1,,,,,
2025-09-03,2025-09-03,CM,BSE,STK,937341,INE532F07BN1,98EFSL26,F,,,,,EFSL-9.8%-8-1-26-NCD,1047.01,1047.01,1047.01,1047.01,1047.01,1040.0,,1047.01,,,1,1047.0,1,F1,1,,,,,
2025-09-03,2025-09-03,CM,BSE,STK,937343,INE532F07BO9,EFSLZC26,F,,,,,EFSL-ZC-8-1-26-NCD,1525.0,1525.0,1525.0,1525.0,1525.0,1520.0,,1525.0,,,25,38125.0,2,F1,1,,,,,
2025-09-03,2025-09-03,CM,BSE,STK,937345,INE532F07BP6,953EFSL31,F,,,,,EFSL-9.53%-8-1-31-NCD,935.01,935.01,926.3,930.87,935.0,944.5,,930.87,,,379,352799.0,4,F1,1,,,,,
2025-09-03,2025-09-03,CM,BSE,STK,937359,INE414G07FO9,MFLVI26,F,,,,,MFL-VI-11-1-26-NCD,1405.0,1643.0,1405.0,1643.0,1643.0,1393.5,,1643.0,,,1012,1469460.0,5,F1,1,,,,,
2025-09-03,2025-09-03,CM,BSE,STK,937385,INE134E07AT8,715PFCL36,F,,,,,PFCL-7.15%-22-1-36-NCD,1018.0,1018.06,1018.0,1018.0,1018.0,1018.0,,1018.0,,,1001,1019024.0,7,F1,1,,,,,
2025-09-03,2025-09-03,CM,BSE,STK,937407,INE549K07949,875MFL26,F,,,,,MFL-8.75%-29-1-26-NCD,996.8,996.8,996.8,996.8,996.8,986.2,,996.8,,,10,9968.0,1,F1,1,,,,,
2025-09-03,2025-09-03,CM,BSE,STK,937453,INE530B08094,10IIFL28A,F,,,,,IFL-10%-24-6-28-NCD,1011.0,1015.0,1011.0,1014.0,1014.0,1016.0,,1016.5,,,553,560978.0,6,F1,1,,,,,
2025-09-03,2025-09-03,CM,BSE,STK,937455,INE530B08102,96IIFL28A,F,,,,,IFL-9.6%-24-6-28-NCD,985.0,985.0,983.0,983.5,983.5,980.0,,982.9,,,148,145697.0,6,F1,1,,,,,
2025-09-03,2025-09-03,CM,BSE,STK,937495,INE532F07BX0,916EFSL26,F,,,,,EFSL-9.16%-29-4-26-NCD,983.25,983.4,983.25,983.3,983.3,982.48,,983.3,,,99,97347.0,5,F1,1,,,,,
2025-09-03,2025-09-03,CM,BSE,STK,937497,INE532F07BY8,955EFSL26,F,,,,,EFSL-9.55%-29-4-26-NCD,1011.12,1011.12,1011.12,1011.12,1011.12,1010.0,,1011.12,,,22,22244.0,1,F1,1,,,,,
2025-09-03,2025-09-03,CM,BSE,STK,937501,INE532F07CA6,930EFSL31,F,,,,,EFSL-9.30%-29-4-31-NCD,945.0,945.0,944.99,944.99,944.99,950.0,,944.99,,,41,38744.0,3,F1,1,,,,,
2025-09-03,2025-09-03,CM,BSE,STK,937577,INE516Y07410,875PF26,F,,,,,PFL-8.75%-23-7-26-NCD,1003.01,1003.01,1003.01,1003.01,1003.01,998.0,,1003.02,,,20,20060.0,1,F1,1,,,,,
2025-09-03,2025-09-03,CM,BSE,STK,937581,INE516Y07428,9PFL31A,F,,,,,PFL-9%-23-07-31-NCD,1010.0,1010.0,1010.0,1010.0,1010.0,1006.5,,1009.5,,,200,202000.0,1,F1,1,,,,,
2025-09-03,2025-09-03,CM,BSE,STK,937621,INE477L08154,96IIFL28,F,,,,,IHFL-9.60%-3-11-28-NCD,980.0,985.0,980.0,980.1,980.1,981.9,,984.0,,,170,167109.0,5,F1,1,,,,,
2025-09-03,2025-09-03,CM,BSE,STK,937631,INE532F07CF5,915EFSL26,F,,,,,EFSL-9.15%-10-9-26-NCD,984.0,984.0,980.0,980.0,980.0,981.6,,980.0,,,1334,1308749.0,16,F1,1,,,,,
2025-09-03,2025-09-03,CM,BSE,STK,937633,INE532F07CG3,955EFSL26A,F,,,,,EFSL-9.55%-10-9-26-NCD,985.0,985.0,985.0,985.0,985.0,990.0,,985.0,,,100,98500.0,2,F1,1,,,,,
2025-09-03,2025-09-03,CM,BSE,STK,937635,INE532F07CH1,EFSL26,F,,,,,EFSL-10-9-26-NCD,1400.0,1401.0,1400.0,1401.0,1401.0,1388.0,,1401.0,,,60,84020.0,7,F1,1,,,,,
2025-09-03,2025-09-03,CM,BSE,STK,937685,INE148I08330,935SCL28,F,,,,,SCL-8.89%-22-12-28-NCD,825.0,825.0,825.0,825.0,825.0,984.8,,825.0,,,5,4125.0,2,F1,1,,,,,
2025-09-03,2025-09-03,CM,BSE,STK,937707,INE523H07BO4,820JMFPL26,F,,,,,JMFPL-8.20%-7-10-26-NCD,1066.0,1066.0,1066.0,1066.0,1066.0,1045.25,,1066.0,,,10,10660.0,1,F1,1,,,,,
2025-09-03,2025-09-03,CM,BSE,STK,937799,INE532F07CQ2,915EFSL26A,F,,,,,EFSL-9.15%-28-12-26-NCD,983.79,983.8,980.0,983.8,983.8,976.0,,983.8,,,259,254788.0,7,F1,1,,,,,
2025-09-03,2025-09-03,CM,BSE,STK,937805,INE532F07CT6,93EFSL31A,F,,,,,EFSL-9.30%-28-12-31-NCD,940.0,940.0,940.0,940.0,940.0,940.0,,940.0,,,47,44180.0,3,F1,1,,,,,
2025-09-03,2025-09-03,CM,BSE,STK,937825,INE477L07AN9,820IIFL27,F,,,,,IHFL-8.20%-3-1-27-NCD,984.0,984.0,984.0,984.0,984.0,980.0,,984.0,,,106,104304.0,2,F1,1,,,,,
2025-09-03,2025-09-03,CM,BSE,STK,937831,INE477L07AQ2,843IHFL29,F,,,,,IHFL-8.43%-3-1-29-NCD,966.25,966.25,966.25,966.25,966.25,966.25,,966.25,,,834,805852.0,2,F1,1,,,,,
2025-09-03,2025-09-03,CM,BSE,STK,937937,INE403Q07CN0,KFLZC26D,F,,,,,KFIL-ZC-17-10-26-NCD,1266.48,1266.48,1266.48,1266.48,1266.48,1055.4,,1266.48,,,1,1266.0,1,F1,1,,,,,
2025-09-03,2025-09-03,CM,BSE,STK,937987,INE302E07474,SFL27,F,,,,,SFL-29-4-27-NCD,1350.0,1350.0,1344.92,1350.0,1350.0,1350.0,,1350.0,,,12,16194.0,4,F1,1,,,,,
2025-09-03,2025-09-03,CM,BSE,STK,937999,INE530L07475,915NIDO27,F,,,,,NIDO-9.15%-29-4-27-NCD,977.0,977.0,977.0,977.0,977.0,977.0,,977.0,,,116,113332.0,3,F1,1,,,,,
2025-09-03,2025-09-03,CM,BSE,STK,938001,INE530L07483,955NIDO27,F,,,,,NIDO-9.55%-29-4-27-NCD,1005.0,1005.0,1005.0,1005.0,1005.0,1005.0,,1005.0,,,2,2010.0,1,F1,1,,,,,
2025-09-03,2025-09-03,CM,BSE,STK,938005,INE530L07509,930NIDO32,F,,,,,NIDO-9.30%-29-4-32-NCD,945.0,945.0,945.0,945.0,945.0,945.0,,945.0,,,180,170100.0,2,F1,1,,,,,
2025-09-03,2025-09-03,CM,BSE,STK,938077,INE414G07GR0,MFLVII27,F,,,,,MFL-23-6-27-NCD,1225.0,1230.0,1225.0,1230.0,1230.0,1230.0,,1230.0,,,1580,1942400.0,5,F1,1,,,,,
2025-09-03,2025-09-03,CM,BSE,STK,938091,INE0BUS07569,11IML27,F,,,,,IML-11%-27-7-27-NCD,1019.99,1019.99,1019.99,1019.99,1019.99,1000.0,,1019.99,,,61,62219.0,1,F1,1,,,,,
2025-09-03,2025-09-03,CM,BSE,STK,938123,INE403Q07CU5,95KFL26,F,,,,,KFL-9.5%-10-8-26-NCD,955.0,955.0,955.0,955.0,955.0,990.0,,955.0,,,100,95500.0,2,F1,1,,,,,
2025-09-03,2025-09-03,CM,BSE,STK,938149,INE583D07315,1050UCL25,F,,,,,UCL-10.50%-26-9-25-NCD,925.0,955.0,925.0,955.0,955.0,1000.0,,955.0,,,132,122440.0,6,F1,1,,,,,
2025-09-03,2025-09-03,CM,BSE,STK,938206,INE532F07CX8,89EFSL25,F,,,,,EFSL-8.9%-20-10-25-NCD,998.5,998.5,993.88,993.88,993.88,998.9,,993.88,,,189,188376.0,6,F1,1,,,,,
2025-09-03,2025-09-03,CM,BSE,STK,938210,INE532F07CZ3,EFSL25,F,,,,,EFSL-20-10-25-NCD,1280.0,1280.0,1280.0,1280.0,1280.0,1270.0,,1280.0,,,100,128000.0,3,F1,1,,,,,
2025-09-03,2025-09-03,CM,BSE,STK,938216,INE532F07DA4,EFSL27,F,,,,,EFSL-20-10-27-NCD,1230.2,1252.8,1230.2,1252.8,1252.8,1243.89,,1252.8,,,80,99320.0,3,F1,1,,,,,
2025-09-03,2025-09-03,CM,BSE,STK,938218,INE532F07DD8,965EFSL32,F,,,,,EFSL-9.65%-20-10-32-NCD,975.0,975.0,975.0,975.0,975.0,975.0,,975.0,,,94,91650.0,2,F1,1,,,,,
2025-09-03,2025-09-03,CM,BSE,STK,938220,INE532F07DE6,1010EFSL32,F,,,,,EFSL-10.10%-20-10-32-NCD,1009.8,1013.8,1009.8,1010.0,1010.0,1009.8,,1010.0,,,384,388617.0,5,F1,1,,,,,
2025-09-03,2025-09-03,CM,BSE,STK,938276,INE741K07488,CAGL25A,F,,,,,CAGL-23-11-25-NCD,1297.99,1297.99,1297.99,1297.99,1297.99,1286.0,,1297.99,,,42,54515.0,1,F1,1,,,,,
2025-09-03,2025-09-03,CM,BSE,STK,938292,INE414G07HF3,MFLZC25,F,,,,,MFL-ZC-23-12-25-NCD,1215.8,1215.8,1215.8,1215.8,1215.8,1215.8,,1215.8,,,57,69300.0,5,F1,1,,,,,
2025-09-03,2025-09-03,CM,BSE,STK,938320,INE148I07ND6,965SCL25C,F,,,,,SCL-9.39%-28-12-27-NCD,590.0,590.0,590.0,590.0,590.0,599.8,,594.9,,,500,295000.0,2,F1,1,,,,,
2025-09-03,2025-09-03,CM,BSE,STK,938352,INE403Q07DD9,KFL30,F,,,,,KFL-15-5-30-NCD,1120.0,1120.0,1120.0,1120.0,1120.0,1156.45,,1120.0,,,500,560000.0,1,F1,1,,,,,
2025-09-03,2025-09-03,CM,BSE,STK,938364,INE532F07DK3,967EFSL28D,F,,,,,EFSL-9.67%-20-1-28-NCD,965.2,982.8,965.2,979.61,976.4,984.8,,979.61,,,520,506451.0,6,F1,1,,,,,
2025-09-03,2025-09-03,CM,BSE,STK,938370,INE532F07DH9,10EFSL33B,F,,,,,EFSL-10%-20-1-33-NCD,979.8,979.8,979.8,979.8,979.8,969.97,,979.8,,,100,97980.0,1,F1,1,,,,,
2025-09-03,2025-09-03,CM,BSE,STK,938384,INE530B07260,9IIFL28A,F,,,,,IIFL-9%-24-1-28-NCD,1030.0,1030.0,1030.0,1030.0,1030.0,1030.0,,1030.0,,,10,10300.0,1,F1,1,,,,,
2025-09-03,2025-09-03,CM,BSE,STK,938386,INE530B07278,IIFLZC28A,F,,,,,IIFL-ZERO COUPON-24-1-28-NCD,1270.0,1270.0,1269.95,1269.95,1269.95,1190.05,,1269.95,,,835,1060431.0,4,F1,1,,,,,
2025-09-03,2025-09-03,CM,BSE,STK,938392,INE321N07277,965IFSL26,F,,,,,IFSL-9.65%-02-5-26-NCD,1100.0,1100.0,1100.0,1100.0,1100.0,1190.0,,1100.0,,,5,5500.0,1,F1,1,,,,,
2025-09-03,2025-09-03,CM,BSE,STK,938444,INE414G07HP2,MFL23,F,,,,,MFL-10-4-26-NCD,1214.8,1214.8,1214.8,1214.8,1214.8,1201.2,,1214.8,,,8,9718.0,1,F1,1,,,,,
2025-09-03,2025-09-03,CM,BSE,STK,938484,INE148I07NW6,965SCL28,F,,,,,SCL-9.65%-23-3-28-NCD,612.0,612.0,612.0,612.0,612.0,611.0,,612.0,,,250,153000.0,1,F1,1,,,,,
2025-09-03,2025-09-03,CM,BSE,STK,938508,INE244L07556,1003SFIL28,F,,,,,SFIL-10.50%-25-4-28-NCD,680.0,680.0,680.0,680.0,680.0,744.9,,680.0,,,40,27200.0,3,F1,1,,,,,
2025-09-03,2025-09-03,CM,BSE,STK,938518,INE532F07DP2,920EFSL26,F,,,,,EFSL-9.20%-27-4-26-NCD,983.0,983.0,981.0,981.0,981.0,983.0,,981.0,,,26,25556.0,2,F1,1,,,,,
2025-09-03,2025-09-03,CM,BSE,STK,938520,INE532F07DS6,960EFSL26,F,,,,,EFSL-9.60%-27-4-26-NCD,1010.2,1010.2,1010.2,1010.2,1010.2,1026.9,,1010.2,,,9,9091.0,1,F1,1,,,,,
2025-09-03,2025-09-03,CM,BSE,STK,938522,INE532F07DU2,EFSL26B,F,,,,,EFSL-27-4-26-NCD,1203.2,1224.8,1203.2,1224.8,1224.8,1223.0,,1224.8,,,72,86673.0,2,F1,1,,,,,
2025-09-03,2025-09-03,CM,BSE,STK,938524,INE532F07DT4,967EFSL28,F,,,,,EFSL-9.67%-27-4-28-NCD,992.0,992.0,992.0,992.0,992.0,975.0,,992.0,,,25,24800.0,1,F1,1,,,,,
2025-09-03,2025-09-03,CM,BSE,STK,938528,INE532F07DW8,EFSL28,F,,,,,EFSL-27-4-28-NCD,1209.8,1209.8,1209.8,1209.8,1209.8,1200.0,,1209.8,,,65,78637.0,2,F1,1,,,,,
2025-09-03,2025-09-03,CM,BSE,STK,938530,INE532F07DX6,10EFSL33,F,,,,,EFSL-10%-27-4-33-NCD,975.8,975.8,975.8,975.8,975.8,975.8,,975.8,,,60,58548.0,3,F1,1,,,,,
2025-09-03,2025-09-03,CM,BSE,STK,938544,INE403Q07DG2,95KFL27A,F,,,,,KFL-28-4-27-NCD,990.0,990.0,990.0,990.0,990.0,1000.0,,990.0,,,180,178200.0,1,F1,1,,,,,
2025-09-03,2025-09-03,CM,BSE,STK,938642,INE342T07395,1075NFL25,F,,,,,NFL-10.75%-18-10-25-NCD,1011.0,1011.0,1011.0,1011.0,1011.0,1012.1,,1011.0,,,21,21231.0,1,F1,1,,,,,
2025-09-03,2025-09-03,CM,BSE,STK,938644,INE342T07387,1050NFL26,F,,,,,NFL-10.50%-18-7-26-NCD,1001.06,1009.0,1001.06,1009.0,1009.0,1007.0,,1009.2,,,219,220820.0,4,F1,1,,,,,
2025-09-03,2025-09-03,CM,BSE,STK,938654,INE532F07ED6,96EFSL26,F,,,,,EFSL-9.60%-21-7-26-NCD,980.21,980.21,980.21,980.21,980.21,990.0,,980.21,,,10,9802.0,1,F1,1,,,,,
2025-09-03,2025-09-03,CM,BSE,STK,938656,INE532F07EE4,EFSL26C,F,,,,,EFSL-21-7-26-NCD,1178.2,1178.2,1178.2,1178.2,1178.2,1141.18,,1178.2,,,25,29455.0,1,F1,1,,,,,
2025-09-03,2025-09-03,CM,BSE,STK,938664,INE532F07EI5,10EFS33,F,,,,,EFSL-10%-21-7-33-NCD,960.0,960.0,960.0,960.0,960.0,999.9,,960.0,,,577,553920.0,1,F1,1,,,,,
2025-09-03,2025-09-03,CM,BSE,STK,938742,INE741K07579,970CAGL28,F,,,,,CAGL-9.70%-7-9-28-NCD,1004.0,1104.0,1004.0,1104.0,1104.0,1018.0,,1063.75,,,56,56324.0,2,F1,1,,,,,
2025-09-03,2025-09-03,CM,BSE,STK,938758,INE01I507877,10KAFL26,F,,,,,KAFL-10%-11-9-26-NCD,837.2,970.85,837.2,886.02,970.85,880.12,,886.02,,,3,2658.0,3,F1,1,,,,,
2025-09-03,2025-09-03,CM,BSE,STK,938800,INE549K07CJ1,MFL26F,F,,,,,MFL-20-9-26-NCD,1146.2,1167.8,1146.2,1167.8,1167.8,1125.9,,1167.8,,,100,115700.0,2,F1,1,,,,,
2025-09-03,2025-09-03,CM,BSE,STK,938810,INE148I07PA7,925SCL25,F,,,,,SCL-9.25%-26-9-25-NCD,999.99,999.99,999.99,999.99,999.99,983.0,,999.99,,,10,9999.0,1,F1,1,,,,,
2025-09-03,2025-09-03,CM,BSE,STK,938862,INE403Q07DV1,10KFL27,F,,,,,KFL-10%-27-9-27-NCD,965.0,965.0,965.0,965.0,965.0,989.0,,965.0,,,300,289500.0,4,F1,1,,,,,
2025-09-03,2025-09-03,CM,BSE,STK,938870,INE414G07IL9,775MFLTD28,F,,,,,MFLTD-7.75%-4-10-28-NCD,1020.0,1020.0,1020.0,1020.0,1020.0,1000.0,,1020.0,,,6,6120.0,1,F1,1,,,,,
2025-09-03,2025-09-03,CM,BSE,STK,938898,INE532F07EQ8,920EFSL26A,F,,,,,EFSL-9.20%-26-10-26-NCD,1000.0,1000.0,1000.0,1000.0,1000.0,980.2,,1000.0,,,250,250000.0,2,F1,1,,,,,
2025-09-03,2025-09-03,CM,BSE,STK,938900,INE532F07EP0,960EFSLA,F,,,,,EFSL-9.60%-26-10-26-NCD,1048.2,1048.2,1048.2,1048.2,1048.2,1060.0,,1048.2,,,139,145699.0,1,F1,1,,,,,
2025-09-03,2025-09-03,CM,BSE,STK,938902,INE532F07ES4,EFSLZC26C,F,,,,,EFSL-ZC-26-10-26-NCD,1140.5,1140.5,1140.5,1140.5,1140.5,1155.8,,1140.5,,,1,1140.0,1,F1,1,,,,,
2025-09-03,2025-09-03,CM,BSE,STK,938904,INE532F07EO3,967EFSL28A,F,,,,,EFSL-9.67%-26-10-28-NCD,969.93,969.93,969.93,969.93,969.93,974.8,,969.93,,,10,9699.0,1,F1,1,,,,,
2025-09-03,2025-09-03,CM,BSE,STK,938906,INE532F07EM7,1010EFSL28,F,,,,,EFSL-10.10%-26-10-28-NCD,1036.0,1046.0,1036.0,1046.0,1046.0,1036.5,,1046.0,,,479,499000.0,9,F1,1,,,,,
2025-09-03,2025-09-03,CM,BSE,STK,938910,INE532F07EL9,10EFSL33A,F,,,,,EFSL-10%-26-10-33-NCD,961.0,980.0,961.0,961.1,961.1,999.0,,961.1,,,202,194604.0,4,F1,1,,,,,
2025-09-03,2025-09-03,CM,BSE,STK,938926,INE549K07CX2,MFL25E,F,,,,,MFL-01-11-25-NCD,1156.0,1164.0,1156.0,1164.0,1164.0,1145.05,,1164.0,,,344,400190.0,15,F1,1,,,,,
2025-09-03,2025-09-03,CM,BSE,STK,938948,INE051307AK9,CCILZC30,F,,,,,CCIL-ZC-3-1-30-NCD,1180.0,1180.0,1180.0,1180.0,1180.0,1180.0,,1180.0,,,4,4720.0,1,F1,1,,,,,
2025-09-03,2025-09-03,CM,BSE,STK,939010,INE321N07368,1030IFSL26,F,,,,,IFSL-10.30%-10-11-26-NCD,718.0,720.0,715.0,715.0,715.0,718.0,,715.0,,,435,311085.0,7,F1,1,,,,,
2025-09-03,2025-09-03,CM,BSE,STK,939014,INE121A07RJ8,888IHFL25F,F,,,,,CIFCL-8.40%-7-12-25-NCD,1058.8,1058.8,1058.8,1058.8,1058.8,1058.8,,1058.8,,,14,14823.0,1,F1,1,,,,,
2025-09-03,2025-09-03,CM,BSE,STK,939046,INE413U07244,921ISFL25,F,,,,,ISFL-9.21%-21-12-25-NCD,986.2,986.2,986.2,986.2,986.2,980.0,,986.2,,,12,11834.0,1,F1,1,,,,,
2025-09-03,2025-09-03,CM,BSE,STK,939048,INE413U07228,960ISFL25,F,,,,,ISFL-9.60%-21-12-25-NCD,1050.5,1050.5,1050.5,1050.5,1050.5,1060.0,,1050.5,,,30,31515.0,1,F1,1,,,,,
2025-09-03,2025-09-03,CM,BSE,STK,939082,INE05F407BG5,1025MML26,F,,,,,MML-10.25%-21-12-26-NCD,989.62,989.62,989.62,989.62,989.62,1015.0,,989.62,,,1,989.0,1,F1,1,,,,,
2025-09-03,2025-09-03,CM,BSE,STK,939164,INE403Q07ED7,10KFL28,F,,,,,KFL-10%-17-1-28-NCD,999.0,1001.0,999.0,1001.0,1001.0,990.1,,1001.0,,,220,219980.0,8,F1,1,,,,,
2025-09-03,2025-09-03,CM,BSE,STK,939186,INE532F07ET2,895EFSL26,F,,,,,EFSL-8.95%-29-1-26-NCD,1002.79,1002.79,1002.79,1002.79,1002.79,1028.51,,1002.79,,,1,1002.0,1,F1,1,,,,,
2025-09-03,2025-09-03,CM,BSE,STK,939188,INE532F07EV8,EFSL26D,F,,,,,EFSL-29-1-26-NCD,1123.2,1123.2,1123.2,1123.2,1123.2,1126.0,,1123.2,,,10,11232.0,1,F1,1,,,,,
2025-09-03,2025-09-03,CM,BSE,STK,939194,INE532F07EX4,EFSL27A,F,,,,,EFSL-29-1-27-NCD,1123.1,1123.1,1123.1,1123.1,1123.1,1100.53,,1123.1,,,50,56155.0,1,F1,1,,,,,
2025-09-03,2025-09-03,CM,BSE,STK,939198,INE532F07EZ9,1010EFSL29,F,,,,,EFSL-10.10%-29-1-29-NCD,1014.0,1014.0,1014.0,1014.0,1014.0,1010.2,,1014.0,,,10,10140.0,1,F1,1,,,,,
2025-09-03,2025-09-03,CM,BSE,STK,939204,INE532F07FC5,1045EFSL34,F,,,,,EFSL-10.45%-29-1-34-NCD,990.0,990.0,990.0,990.0,990.0,986.2,,990.0,,,250,247500.0,1,F1,1,,,,,
2025-09-03,2025-09-03,CM,BSE,STK,939212,INE414G07IV8,850MFL27A,F,,,,,MFL-8.50%-25-1-27-NCD,1045.0,1050.0,1045.0,1049.01,1050.0,1032.5,,1049.01,,,272,285130.0,5,F1,1,,,,,
2025-09-03,2025-09-03,CM,BSE,STK,939216,INE414G07IY2,MFL27,F,,,,,MFL-25-1-27-NCD,1180.0,1180.0,1180.0,1180.0,1180.0,1178.75,,1180.0,,,10,11800.0,1,F1,1,,,,,
2025-09-03,2025-09-03,CM,BSE,STK,939262,INE0BUS07AU3,IML160224,F,,,,,IML-15-2-27-NCD,1119.44,1144.87,1119.44,1144.87,1144.87,1119.44,,1144.87,,,40,45286.0,2,F1,1,,,,,
2025-09-03,2025-09-03,CM,BSE,STK,939299,INE530L07715,10NIDO27,F,,,,,NIDO-10%-1-3-27-NCD,1030.06,1030.06,1030.06,1030.06,1030.06,1011.2,,1030.06,,,50,51503.0,1,F1,1,,,,,
2025-09-03,2025-09-03,CM,BSE,STK,939333,INE342T07452,1090NFL26,F,,,,,NFL-10.90%-13-6-26-NCD,1047.5,1047.5,1047.5,1047.5,1047.5,1047.5,,1042.03,,,65,68087.0,1,F1,1,,,,,
2025-09-03,2025-09-03,CM,BSE,STK,939335,INE342T07460,1065NFL27,F,,,,,NFL-10.65%-13-3-27-NCD,1006.99,1006.99,1006.99,1006.99,1006.99,1007.0,,1010.0,,,50,50349.0,1,F1,1,,,,,
2025-09-03,2025-09-03,CM,BSE,STK,939409,INE532F07FL6,96EFSL27,F,,,,,EFSL9.6%-29-4-27-NCD,1040.0,1040.0,1040.0,1040.0,1040.0,1040.0,,1040.0,,,105,109200.0,1,F1,1,,,,,
2025-09-03,2025-09-03,CM,BSE,STK,939415,INE403Q07EF2,875KFL26A,F,,,,,KFL-8.75%-25-4-26-NCD,985.25,985.25,985.25,985.25,985.25,960.0,,985.25,,,245,241386.0,1,F1,1,,,,,
2025-09-03,2025-09-03,CM,BSE,STK,939427,INE403Q07EM8,10KFL28A,F,,,,,KFL-10%-25-4-28-NCD,1005.0,1005.0,1000.0,1000.0,1000.0,1005.0,,1000.0,,,56,56050.0,3,F1,1,,,,,
2025-09-03,2025-09-03,CM,BSE,STK,939443,INE549K07DW2,890MFCL26,F,,,,,MFCL-8.90%-30-6-26-NCD,993.8,993.8,993.8,993.8,993.8,993.8,,993.8,,,10,9938.0,1,F1,1,,,,,
2025-09-03,2025-09-03,CM,BSE,STK,939483,INE338I07123,97MOFSL34,F,,,,,MOFSL-9.7%-9-5-34-NCD,1080.0,1080.0,1080.0,1080.0,1080.0,1080.0,,1080.0,,,150,162000.0,2,F1,1,,,,,
2025-09-03,2025-09-03,CM,BSE,STK,939517,INE148I07TA9,SCL310524,F,,,,,SCL-31-5-26-NCD,1085.0,1085.0,1085.0,1085.0,1085.0,1105.5,,1085.0,,,2,2170.0,1,F1,1,,,,,
2025-09-03,2025-09-03,CM,BSE,STK,939525,INE148I07TL6,948SCL27A,F,,,,,SCL-9.48%-31-5-27-NCD,979.0,979.0,977.0,979.0,979.0,979.0,,979.0,,,118,115322.0,8,F1,1,,,,,
2025-09-03,2025-09-03,CM,BSE,STK,939571,INE413U07327,957IIFLS27,F,,,,,IIFLSFL-9.57%-21-6-27-NCD,995.0,995.0,987.0,987.0,987.0,995.0,,991.0,,,225,222925.0,8,F1,1,,,,,
2025-09-03,2025-09-03,CM,BSE,STK,939583,INE530L07806,958NHFL27,F,,,,,NHFL-9.58%-3-7-27-NCD,985.0,985.0,985.0,985.0,985.0,989.96,,985.0,,,50,49250.0,2,F1,1,,,,,
2025-09-03,2025-09-03,CM,BSE,STK,939587,INE530L07814,0NHFL27,F,,,,,NHFL-ZC-3-7-27-NCD,1065.2,1065.2,1065.2,1065.2,1065.2,1051.89,,1065.2,,,10,10652.0,1,F1,1,,,,,
2025-09-03,2025-09-03,CM,BSE,STK,939623,INE532F07FU7,1004EFSL29,F,,,,,EFSL-10.04%-26-7-29-NCD,998.0,998.0,998.0,998.0,998.0,1005.0,,998.0,,,300,299400.0,4,F1,1,,,,,
2025-09-03,2025-09-03,CM,BSE,STK,939625,INE532F07FV5,1050EFSL29,F,,,,,EFSL-10.50%-26-7-29-NCD,992.0,992.0,992.0,992.0,992.0,1008.63,,992.0,,,150,148800.0,1,F1,1,,,,,
2025-09-03,2025-09-03,CM,BSE,STK,939639,INE103C07025,10SMCGSL26,F,,,,,SMCGSL-10%-07-8-26-NCD,999.01,999.01,999.01,999.01,999.01,1004.71,,999.01,,,100,99901.0,1,F1,1,,,,,
2025-09-03,2025-09-03,CM,BSE,STK,939647,INE103C07017,102SMCGS27,F,,,,,SMCGSL-10.20%-07-08-27-NCD,1000.0,1000.0,1000.0,1000.0,1000.0,992.0,,1000.0,,,270,270000.0,2,F1,1,,,,,
2025-09-03,2025-09-03,CM,BSE,STK,939727,INE423A07328,965AEL27,F,,,,,AEL-9.65%-12-9-27-NCD,1010.0,1010.0,1008.5,1008.84,1008.5,1009.99,,1009.71,,,2670,2696398.0,19,F1,1,,,,,
2025-09-03,2025-09-03,CM,BSE,STK,939731,INE423A07336,956AEL29,F,,,,,AEL-9.56%-12-9-29-NCD,1050.0,1050.0,1050.0,1050.0,1050.0,1059.9,,1050.0,,,1000,1050000.0,1,F1,1,,,,,
2025-09-03,2025-09-03,CM,BSE,STK,939745,INE549K07EH1,940MFCL26,F,,,,,MFCL-9.40%-16-9-26-NCD,968.4,968.4,968.4,968.4,968.4,1072.2,,968.4,,,10,9684.0,1,F1,1,,,,,
2025-09-03,2025-09-03,CM,BSE,STK,939751,INE549K07EB4,1010MFCL30,F,,,,,MFCL-10.10%-16-9-30-NCD,1020.0,1020.0,1020.0,1020.0,1020.0,1042.0,,1020.0,,,20,20400.0,1,F1,1,,,,,
2025-09-03,2025-09-03,CM,BSE,STK,939753,INE549K07EL3,MFCL160924,F,,,,,MFCL-16-9-26-NCD,1068.7,1068.7,1068.7,1068.7,1068.7,1066.78,,1068.7,,,100,106870.0,1,F1,1,,,,,
2025-09-03,2025-09-03,CM,BSE,STK,939759,INE549K07EF5,MFCL16924B,F,,,,,MFCL-16-9-30-NCD,1045.0,1045.0,1045.0,1045.0,1045.0,1035.0,,1045.0,,,50,52250.0,1,F1,1,,,,,
2025-09-03,2025-09-03,CM,BSE,STK,939783,INE148I07UA7,SCL25924D,F,,,,,SCL-ZC-25-9-27-NCD,1038.0,1038.0,1038.0,1038.0,1038.0,1048.0,,1038.0,,,2,2076.0,1,F1,1,,,,,
2025-09-03,2025-09-03,CM,BSE,STK,939813,INE530L07848,95NHFL26,F,,,,,NHFL-9.5%-8-10-26-NCD,1050.2,1063.8,1050.2,1063.8,1063.8,1050.2,,1063.8,,,172,181545.0,2,F1,1,,,,,
2025-09-03,2025-09-03,CM,BSE,STK,939833,INE583D07505,1015UCL26,F,,,,,UCL-10.15%-24-4-26-NCD,1003.0,1003.0,1003.0,1003.0,1003.0,1000.0,,1003.0,,,50,50150.0,1,F1,1,,,,,
2025-09-03,2025-09-03,CM,BSE,STK,939835,INE583D07521,1025UCL26A,F,,,,,UCL-10.25%-24-10-26-NCD,1003.0,1003.0,1003.0,1003.0,1003.0,992.0,,1003.0,,,45,45135.0,1,F1,1,,,,,
2025-09-03,2025-09-03,CM,BSE,STK,939847,INE532F07GG4,EFS241024A,F,,,,,EFSL-24-10-27-NCD,1052.8,1052.8,1052.8,1052.8,1052.8,1052.8,,1052.8,,,48,50534.0,1,F1,1,,,,,
2025-09-03,2025-09-03,CM,BSE,STK,939869,INE549K07EQ2,965MFCL30A,F,,,,,MFCL-9.65%-30-10-30-NCD,985.0,985.0,985.0,985.0,985.0,985.0,,985.0,,,10,9850.0,2,F1,1,,,,,
2025-09-03,2025-09-03,CM,BSE,STK,939871,INE549K07EP4,94MFCL26,F,,,,,MFCL-9.40%-30-10-26-NCD,1050.34,1060.0,1050.34,1060.0,1060.0,1062.8,,1060.0,,,80,84413.0,2,F1,1,,,,,
2025-09-03,2025-09-03,CM,BSE,STK,939877,INE549K07EM1,101MFCL30,F,,,,,MFCL-10.10%-30-10-30-NCD,1075.0,1075.0,1075.0,1075.0,1075.0,1050.0,,1075.0,,,61,65575.0,2,F1,1,,,,,
2025-09-03,2025-09-03,CM,BSE,STK,939901,INE0BUS07BF2,IML8112024,F,,,,,IML-7-5-30-NCD,1094.0,1094.0,1094.0,1094.0,1094.0,1054.0,,1094.0,,,10,10940.0,1,F1,1,,,,,
2025-09-03,2025-09-03,CM,BSE,STK,939907,INE101Q07AR5,MMFL191124,F,,,,,MMFL-18-1-27-NCD,1035.0,1035.0,1035.0,1035.0,1035.0,1035.0,,1035.0,,,10,10350.0,1,F1,1,,,,,
2025-09-03,2025-09-03,CM,BSE,STK,939913,INE101Q07AT1,10MMFL28,F,,,,,MMFL-10%-18-11-28-NCD,990.0,990.0,980.0,980.0,980.0,990.0,,980.0,,,37,36436.0,13,F1,1,,,,,
2025-09-03,2025-09-03,CM,BSE,STK,939915,INE101Q07AV7,MMF191124B,F,,,,,MMFL-18-5-30-NCD,1020.0,1020.0,1020.0,1020.0,1020.0,1017.0,,1020.0,,,22,22440.0,5,F1,1,,,,,
2025-09-03,2025-09-03,CM,BSE,STK,939937,INE01I507AD2,950KLMAF26,F,,,,,KLMAFL-9.50%-08-1-26-NCD,980.0,980.0,980.0,980.0,980.0,980.0,,980.0,,,1,980.0,1,F1,1,,,,,
2025-09-03,2025-09-03,CM,BSE,STK,939943,INE01I507AG5,10KLMAFL26,F,,,,,KLMAFL-10%-03-12-26-NCD,838.2,901.0,838.2,901.0,901.0,0.0,,901.0,,,2,1739.0,2,F1,1,,,,,
2025-09-03,2025-09-03,CM,BSE,STK,939947,INE01I507AI1,1025KLMA27,F,,,,,KLMAFL-10.25%-03-12-27-NCD,821.2,902.0,821.2,902.0,902.0,0.0,,902.0,,,2,1723.0,2,F1,1,,,,,
2025-09-03,2025-09-03,CM,BSE,STK,939951,INE01I507AK7,1075KLMA29,F,,,,,KLMAFL-10.75%-03-12-29-NCD,830.0,900.0,830.0,900.0,900.0,975.0,,900.0,,,2,1730.0,2,F1,1,,,,,
2025-09-03,2025-09-03,CM,BSE,STK,939993,INE148I07VW9,965SCL26Y,F,,,,,SCL-9.65%-27-12-26-NCD,1044.0,1051.0,1044.0,1051.0,1051.0,1035.17,,1000.6,,,18,18855.0,2,F1,1,,,,,
2025-09-03,2025-09-03,CM,BSE,STK,940043,INE530L07996,1003NHFL30,F,,,,,NHFL-10.03%-6-1-30-NCD,980.0,980.0,980.0,980.0,980.0,980.0,,980.0,,,49,48020.0,1,F1,1,,,,,
2025-09-03,2025-09-03,CM,BSE,STK,940061,INE549K07FC9,940MFL27,F,,,,,MFLIII-9.40%-10-1-27-NCD,1052.49,1052.49,1052.49,1052.49,1052.49,1044.28,,1052.49,,,34,35784.0,4,F1,1,,,,,
2025-09-03,2025-09-03,CM,BSE,STK,940077,INE549K07FI6,MFL10125C,F,,,,,MFLIII-10-9-32-NCD,900.0,900.0,900.0,900.0,900.0,1031.0,,900.0,,,100,90000.0,1,F1,1,,,,,
2025-09-03,2025-09-03,CM,BSE,STK,940085,INE051307BK7,12CCIL30C,F,,,,,CCIL-12%-16-1-30-NCD,1005.0,1005.0,1005.0,1005.0,1005.0,1007.0,,1005.0,,,21,21105.0,2,F1,1,,,,,
2025-09-03,2025-09-03,CM,BSE,STK,940101,INE532F07GQ3,957EFSL28,F,,,,,EFSL-9.57%-24-1-28-NCD,970.0,970.0,970.0,970.0,970.0,980.0,,970.0,,,1,970.0,1,F1,1,,,,,
2025-09-03,2025-09-03,CM,BSE,STK,940107,INE532F07GX9,1004EFSL30,F,,,,,EFSL-10.04%-24-1-30-NCD,984.01,984.01,984.0,984.0,984.0,999.0,,984.0,,,21,20664.0,2,F1,1,,,,,
2025-09-03,2025-09-03,CM,BSE,STK,940115,INE532F07GT7,1049EFSL35,F,,,,,EFSL-10.49%-24-1-35-NCD,1005.0,1005.0,1005.0,1005.0,1005.0,990.0,,1005.0,,,10,10050.0,1,F1,1,,,,,
2025-09-03,2025-09-03,CM,BSE,STK,940139,INE01CY078W1,ICLF27125B,F,,,,,ICLFL-27-9-30-NCD,951.0,951.0,951.0,951.0,951.0,1000.0,,951.0,,,40,38040.0,3,F1,1,,,,,
2025-09-03,2025-09-03,CM,BSE,STK,940157,INE05F407DB2,MML290125D,F,,,,,MML-27-2-31-NCD,940.0,940.0,929.0,929.0,929.0,951.0,,929.0,,,20,18690.0,2,F1,1,,,,,
2025-09-03,2025-09-03,CM,BSE,STK,940165,INE549K07FT3,965MFLIV31,F,,,,,MFLIV-9.65%-24-2-31-NCD,1004.3,1004.3,1004.3,1004.3,1004.3,1004.3,,1004.3,,,45,45193.0,1,F1,1,,,,,
2025-09-03,2025-09-03,CM,BSE,STK,940245,INE530L07AO3,1003NHF30,F,,,,,NHFL-10.03%-3-4-30-NCD,1000.0,1000.0,1000.0,1000.0,1000.0,996.89,,1000.0,,,95,95000.0,5,F1,1,,,,,
2025-09-03,2025-09-03,CM,BSE,STK,940247,INE530L07AN5,1050NHF30,F,,,,,NHFL-10.50%-3-4-30-NCD,1008.0,1008.0,1006.0,1006.0,1006.0,1006.0,,1006.0,,,110,110680.0,2,F1,1,,,,,
2025-09-03,2025-09-03,CM,BSE,STK,940303,INE530B07484,960IIFL30,F,,,,,IIFL-9.60%-21-4-30-NCD,1005.0,1005.0,1005.0,1005.0,1005.0,1005.0,,1005.0,,,50,50250.0,2,F1,1,,,,,
2025-09-03,2025-09-03,CM,BSE,STK,940311,INE583D07604,1015UCL27,F,,,,,UCL-10.15%-24-04-27-NCD,1000.5,1002.2,1000.0,1000.0,1000.0,1000.0,,999.5,,,314,314354.0,7,F1,1,,,,,
2025-09-03,2025-09-03,CM,BSE,STK,940319,INE103C07124,SMCG240425,F,,,,,SMCGSL-24-04-27-NCD,1005.5,1007.0,1005.5,1007.0,1007.0,1030.0,,1007.0,,,9,9051.0,2,F1,1,,,,,
2025-09-03,2025-09-03,CM,BSE,STK,940323,INE103C07116,SMCGS24425,F,,,,,SMCGSL-24-04-28-NCD,1058.95,1058.95,1058.95,1058.95,1058.95,1012.5,,1058.95,,,155,164137.0,2,F1,1,,,,,
2025-09-03,2025-09-03,CM,BSE,STK,940325,INE103C07082,1003SMCG30,F,,,,,SMCGSL-10.03%-24-04-30-NCD,1005.0,1005.0,1000.0,1000.0,1000.0,1000.0,,1000.0,,,575,575450.0,11,F1,1,,,,,
2025-09-03,2025-09-03,CM,BSE,STK,940327,INE103C07090,1050SMCG30,F,,,,,SMCGSL-10.50%-24-04-30-NCD,1000.0,1000.0,1000.0,1000.0,1000.0,1010.0,,1000.0,,,40,40000.0,1,F1,1,,,,,
2025-09-03,2025-09-03,CM,BSE,STK,940361,INE101Q07BG6,1050MMFL30,F,,,,,MMFL-10.50%-12-5-30-NCD,956.1,956.1,956.1,956.1,956.1,981.0,,956.1,,,10,9561.0,1,F1,1,,,,,
2025-09-03,2025-09-03,CM,BSE,STK,940371,INE01CY079S7,1250ICL30E,F,,,,,ICLFL-12.50%-16-05-30-NCD,1000.0,1000.0,1000.0,1000.0,1000.0,990.0,,1000.0,,,9,9000.0,1,F1,1,,,,,
2025-09-03,2025-09-03,CM,BSE,STK,940373,INE01CY079R9,ICLFL16525,F,,,,,ICLFL-16-06-26-NCD,990.55,990.55,990.55,990.55,990.55,990.5,,990.55,,,25,24763.0,2,F1,1,,,,,
2025-09-03,2025-09-03,CM,BSE,STK,940409,INE051307BQ4,105CCIL26A,F,,,,,CCIL-10.5%19-12-26-NCD,970.0,970.0,970.0,970.0,970.0,970.0,,970.0,,,9,8730.0,1,F1,1,,,,,
2025-09-03,2025-09-03,CM,BSE,STK,940413,INE051307BU6,113CCIL28C,F,,,,,CCIL-11.3%-20-6-28-NCD,990.0,990.0,990.0,990.0,990.0,990.0,,990.0,,,10,9900.0,1,F1,1,,,,,
2025-09-03,2025-09-03,CM,BSE,STK,940415,INE051307BT8,12CCIL30D,F,,,,,CCIL-12%-19-6-30-NCD,1000.0,1003.9,998.0,1003.9,1003.9,1004.0,,1003.9,,,202,201881.0,8,F1,1,,,,,
2025-09-03,2025-09-03,CM,BSE,STK,940421,INE051307BV4,CCIL20625G,F,,,,,CCIL-19-4-31-NCD,950.0,951.0,950.0,951.0,951.0,950.0,,951.0,,,71,67511.0,3,F1,1,,,,,
2025-09-03,2025-09-03,CM,BSE,STK,940423,INE530L07AT2,925NHFL27,F,,,,,NHFL-9.25%-02-07-27-NCD,975.0,975.0,975.0,975.0,975.0,972.0,,975.0,,,50,48750.0,2,F1,1,,,,,
2025-09-03,2025-09-03,CM,BSE,STK,940427,INE530L07AV8,957NHFL28,F,,,,,NHFL-9.57%-02-07-28-NCD,970.0,970.0,970.0,970.0,970.0,965.01,,970.0,,,1,970.0,1,F1,1,,,,,
2025-09-03,2025-09-03,CM,BSE,STK,940439,INE530L07AQ8,1025NHFL35,F,,,,,NHFL-10.25%-02-07-35-NCD,980.0,980.0,980.0,980.0,980.0,980.0,,980.0,,,25,24500.0,1,F1,1,,,,,
2025-09-03,2025-09-03,CM,BSE,STK,940443,INE549K07GW5,885MFCL27,F,,,,,MFCL-8.85%-16-7-27-NCD,985.0,995.0,984.0,984.0,984.0,985.0,,984.0,,,128,126083.0,13,F1,1,,,,,
2025-09-03,2025-09-03,CM,BSE,STK,940445,INE549K07GX3,905MFCL28,F,,,,,MFCL-9.05%-16-7-28-NCD,987.0,987.0,985.0,985.0,985.0,985.0,,985.0,,,757,745665.0,15,F1,1,,,,,
2025-09-03,2025-09-03,CM,BSE,STK,940449,INE549K07GV7,940MFCL31,F,,,,,MFCL-9.40%-16-7-31-NCD,985.0,985.0,982.0,982.0,982.0,995.0,,982.0,,,121,118839.0,6,F1,1,,,,,
2025-09-03,2025-09-03,CM,BSE,STK,940451,INE549K07GU9,920MFCL27,F,,,,,MFCL-9.20%-16-7-27-NCD,1080.0,1080.0,981.5,999.8,999.8,991.0,,999.8,,,91,91232.0,5,F1,1,,,,,
2025-09-03,2025-09-03,CM,BSE,STK,940453,INE549K07GT1,945MFCL28,F,,,,,MFCL-9.45%-16-7-28-NCD,985.0,985.0,985.0,985.0,985.0,980.0,,985.0,,,1,985.0,1,F1,1,,,,,
2025-09-03,2025-09-03,CM,BSE,STK,940457,INE549K07GQ7,980MFCL31,F,,,,,MFCL-9.80%-16-7-31-NCD,991.4,991.4,990.2,990.2,990.2,990.2,,990.2,,,688,681461.0,9,F1,1,,,,,
2025-09-03,2025-09-03,CM,BSE,STK,940465,INE549K07GO2,MFCL16725C,F,,,,,MFCL-16-7-31-NCD,979.8,979.8,979.8,979.8,979.8,969.8,,979.8,,,27,26454.0,1,F1,1,,,,,
2025-09-03,2025-09-03,CM,BSE,STK,940469,INE423A07401,AEL17725,F,,,,,AEL-17-07-27-NCD,1000.0,1003.0,1000.0,1002.0,1002.0,1003.0,,1003.0,,,9,9005.0,7,F1,1,,,,,
2025-09-03,2025-09-03,CM,BSE,STK,940473,INE423A07435,915AEL28,F,,,,,AEL-9.15%-17-07-28-NCD,956.61,1014.47,915.0,1005.5,1005.5,1009.0,,1006.77,,,651,638597.0,14,F1,1,,,,,
2025-09-03,2025-09-03,CM,BSE,STK,940477,INE423A07443,9AEL30,F,,,,,AEL-9%-17-07-30-NCD,1012.0,1012.0,1012.0,1012.0,1012.0,1012.02,,1019.4,,,1,1012.0,1,F1,1,,,,,
2025-09-03,2025-09-03,CM,BSE,STK,940479,INE423A07393,930AEL30,F,,,,,AEL-9.30%-17-07-30-NCD,1007.0,1008.0,1007.0,1007.0,1007.0,1007.9,,1009.0,,,465,468380.0,7,F1,1,,,,,
2025-09-03,2025-09-03,CM,BSE,STK,940481,INE423A07468,AEL170725A,F,,,,,AEL-17-07-30-NCD,1005.0,1005.0,1005.0,1005.0,1005.0,1000.0,,1005.0,,,9,9045.0,2,F1,1,,,,,
2025-09-03,2025-09-03,CM,BSE,STK,940485,INE403Q07FX2,10KFL28C,F,,,,,KFL-10%-23-7-28-NCD,980.0,980.0,952.0,980.0,980.0,981.0,,980.0,,,18,17416.0,4,F1,1,,,,,
2025-09-03,2025-09-03,CM,BSE,STK,940489,INE532F07HM0,9EFSL27,F,,,,,EFSL-9%-24-7-27-NCD,980.0,980.0,980.0,980.0,980.0,980.0,,980.0,,,5,4900.0,1,F1,1,,,,,
2025-09-03,2025-09-03,CM,BSE,STK,940491,INE532F07HT5,EFSL240725,F,,,,,EFSL-24-7-27-NCD,990.0,990.0,980.0,980.0,980.0,951.0,,980.0,,,11,10790.0,2,F1,1,,,,,
2025-09-03,2025-09-03,CM,BSE,STK,940503,INE403Q07FV6,KFL240725E,F,,,,,KFL-23-7-32-NCD,998.0,998.0,998.0,998.0,998.0,998.5,,998.0,,,10,9980.0,1,F1,1,,,,,
2025-09-03,2025-09-03,CM,BSE,STK,940511,INE532F07HU3,1025EFSL30,F,,,,,EFSL-10.25%-24-7-30-NCD,999.0,999.0,899.0,999.0,999.0,999.0,,999.0,,,230,226770.0,5,F1,1,,,,,
2025-09-03,2025-09-03,CM,BSE,STK,940517,INE532F07HQ1,1003EFSL35,F,,,,,EFSL-10.03%-24-7-35-NCD,903.0,1090.0,903.0,1090.0,1090.0,1000.0,,1090.0,,,75,71975.0,6,F1,1,,,,,
2025-09-03,2025-09-03,CM,BSE,STK,940519,INE532F07HR9,1050EFSL35,F,,,,,EFSL-10.50%-24-7-35-NCD,975.0,980.0,975.0,980.0,980.0,975.0,,980.0,,,216,210675.0,8,F1,1,,,,,
2025-09-03,2025-09-03,CM,BSE,STK,940521,INE532F07HP3,105EFSL35,F,,,,,EFSL-10.5%-24-7-35-NCD,825.0,928.0,825.0,928.0,928.0,1000.0,,928.0,,,50,42280.0,5,F1,1,,,,,
2025-09-03,2025-09-03,CM,BSE,STK,940523,INE01I507AN1,95KAFL26,F,,,,,KAFL-9.5%-1-9-26-NCD,957.33,968.75,952.55,962.78,963.5,960.0,,962.78,,,467,447386.0,19,F1,1,,,,,
2025-09-03,2025-09-03,CM,BSE,STK,940529,INE01I507AT8,10KAFL27,F,,,,,KAFL-10%-27-7-27-NCD,951.0,951.0,951.0,951.0,951.0,951.0,,951.0,,,25,23775.0,2,F1,1,,,,,
2025-09-03,2025-09-03,CM,BSE,STK,940551,INE05F407DL1,MML31725B,F,,,,,MML-29-10-31-NCD,1005.0,1010.0,980.0,980.0,980.0,980.0,,980.0,,,87,87195.0,5,F1,1,,,,,
2025-09-03,2025-09-03,CM,BSE,STK,940555,INE148I07YA9,9SCL27,F,,,,,SCL-9.0%-01-08-27-NCD,967.73,967.73,967.73,967.73,967.73,967.8,,970.0,,,5,4838.0,1,F1,1,,,,,
2025-09-03,2025-09-03,CM,BSE,STK,940559,INE148I07XG8,865SCL27,F,,,,,SCL-8.65%-01-08-27-NCD,968.0,968.0,968.0,968.0,968.0,960.0,,968.0,,,2,1936.0,1,F1,1,,,,,
2025-09-03,2025-09-03,CM,BSE,STK,940563,INE148I07XX3,SCL01825,F,,,,,SCL-01-08-27-NCD,950.0,950.0,950.0,950.0,950.0,958.83,,959.12,,,60,57000.0,2,F1,1,,,,,
2025-09-03,2025-09-03,CM,BSE,STK,940601,INE01CYA7013,1102IFL26,F,,,,,IFL-11.02%-20-9-26-NCD,981.0,981.0,965.0,970.0,970.0,981.0,,970.0,,,115,111882.0,9,F1,1,,,,,
2025-09-03,2025-09-03,CM,BSE,STK,940603,INE01CYA7021,11IFL27,F,,,,,IFL-11%-20-8-27-NCD,922.0,990.0,922.0,978.33,990.0,944.24,,978.33,,,16,15090.0,3,F1,1,,,,,
2025-09-03,2025-09-03,CM,BSE,STK,940607,INE01CYA7047,12IFL30,F,,,,,IFL-12%-20-8-30-NCD,998.0,1000.0,998.0,1000.0,1000.0,998.0,,1000.0,,,355,354948.0,11,F1,1,,,,,
2025-09-03,2025-09-03,CM,BSE,STK,940609,INE01CYA7054,IFL200825,F,,,,,IFL-20-9-26-NCD,965.0,965.0,960.0,960.0,960.0,960.0,,960.0,,,20,19246.0,3,F1,1,,,,,
2025-09-03,2025-09-03,CM,BSE,STK,940619,INE01CY079Z2,IFL200828C,F,,,,,IFL-20-6-31-NCD,873.0,875.0,861.0,875.0,875.0,873.0,,875.0,,,72,62564.0,13,F1,1,,,,,
2025-09-03,2025-09-03,CM,BSE,STK,940631,INE302E07938,SFL290825E,F,,,,,SFL-29-8-30-NCD,1000.0,1000.0,1000.0,1000.0,1000.0,1000.0,,1000.0,,,23,23000.0,2,F1,1,,,,,
2025-09-03,2025-09-03,CM,BSE,STK,940635,INE101Q07BK8,9MMFL27A,F,,,,,MMFL-9%-28-2-27-NCD,985.0,985.0,901.0,929.0,929.0,990.03,,929.0,,,267,247912.0,18,F1,1,,,,,
2025-09-03,2025-09-03,CM,BSE,STK,940637,INE101Q07BL6,925MMFL27,F,,,,,MMFL-9.25%-29-8-27-NCD,990.0,990.0,990.0,990.0,990.0,1000.0,,990.0,,,18,17820.0,2,F1,1,,,,,
2025-09-03,2025-09-03,CM,BSE,STK,940639,INE101Q07BM4,975MMFL28,F,,,,,MMFL-9.75%-29-8-28-NCD,987.0,987.0,981.5,981.5,981.5,984.19,,981.5,,,42,41312.0,5,F1,1,,,,,
2025-09-03,2025-09-03,CM,BSE,STK,940641,INE101Q07BN2,1025MMFL30,F,,,,,MMFL-10.25%-29-8-30-NCD,980.0,997.0,950.0,992.0,992.0,991.4,,992.0,,,846,832306.0,28,F1,1,,,,,
2025-09-03,2025-09-03,CM,BSE,STK,940643,INE101Q07BJ0,105MMFL30,F,,,,,MMFL-10.5%-29-8-30-NCD,1000.0,1000.0,970.0,999.0,999.0,1000.0,,999.0,,,151,149040.0,19,F1,1,,,,,
2025-09-03,2025-09-03,CM,BSE,STK,957809,INE540P07343,1015UPPC27,F,,,,,UPPCL-10.15%-20-1-27-PVT,1030000.0,1030000.0,1030000.0,1030000.0,1030000.0,1028999.0,,1030000.0,,,1,1030000.0,1,F1,1,,,,,
2025-09-03,2025-09-03,CM,BSE,STK,957810,INE540P07350,1015UPPC28,F,,,,,UPPCL-10.15%-20-1-28-PVT,1045500.0,1045500.0,1045500.0,1045500.0,1045500.0,1035101.0,,1045500.0,,,1,1045500.0,1,F1,1,,,,,
2025-09-03,2025-09-03,CM,BSE,STK,959112,INE121A08OK1,10CIFPERP,F,,,,,CIFCL-10.75%-PERPETUAL-PVT,585000.0,585000.0,585000.0,585000.0,585000.0,560000.0,,585000.0,,,2,1170000.0,1,F1,2,,,,,
2025-09-03,2025-09-03,CM,BSE,STK,961714,INE134E07109,PFCBS4,F,,,,,PFCBS4,15850.0,15850.0,15850.0,15850.0,15850.0,15800.0,,15850.0,,,10,158500.0,2,F1,1,,,,,
2025-09-03,2025-09-03,CM,BSE,STK,961718,INE134E07182,PFCBT1S4,F,,,,,PFCBT1S4,15551.0,15551.0,15551.0,15551.0,15551.0,16000.0,,15551.0,,,4,62204.0,1,F1,1,,,,,
2025-09-03,2025-09-03,CM,BSE,STK,961732,INE053F07538,810IRFC27,F,,,,,810IRFC2327,1115.1,1115.1,1115.1,1115.1,1115.1,1111.0,,1115.55,,,46,51294.0,2,F1,1,,,,,
2025-09-03,2025-09-03,CM,BSE,STK,961734,INE031A07840,82HUDCO27,F,,,,,HUDCO050327,1075.0,1075.0,1073.55,1073.55,1073.55,1074.0,,1075.0,,,2000,2147425.0,4,F1,1,,,,,
2025-09-03,2025-09-03,CM,BSE,STK,961751,INE134E07349,736PFCL28,F,,,,,736PFC2028,1082.11,1082.11,1082.11,1082.11,1082.11,1081.0,,1082.11,,,10,10821.0,1,F1,1,,,,,
2025-09-03,2025-09-03,CM,BSE,STK,961785,INE031A07949,876HUDCO28,F,,,,,876HUDCO28,1160.1,1160.1,1160.0,1160.09,1160.0,1155.0,,1160.09,,,180,208816.0,2,F1,1,,,,,
2025-09-03,2025-09-03,CM,BSE,STK,961786,INE031A07956,874HUDCO33,F,,,,,874HUDCO33,1267.01,1267.01,1267.01,1267.01,1267.01,1263.01,,1267.01,,,100,126701.0,1,F1,1,,,,,
2025-09-03,2025-09-03,CM,BSE,STK,961796,INE787H07297,863IIFCL28,F,,,,,863IIFCL28,1148.0,1148.0,1140.0,1147.49,1147.49,1147.9,,1147.49,,,913,1044522.0,9,F1,1,,,,,
2025-09-03,2025-09-03,CM,BSE,STK,961813,INE031A07980,876HUDCO34,F,,,,,876HUDCO34,1280.0,1280.0,1280.0,1280.0,1280.0,1280.0,,1280.0,,,200,256000.0,1,F1,1,,,,,
2025-09-03,2025-09-03,CM,BSE,STK,961822,INE787H07370,891IIFCL34,F,,,,,891IIFCL34,1280.0,1280.0,1280.0,1280.0,1280.0,1280.0,,1280.52,,,70,89600.0,1,F1,1,,,,,
2025-09-03,2025-09-03,CM,BSE,STK,961826,INE906B07DF8,875NHAI29,F,,,,,NHAI-8.75%-5-2-29-NCD,1159.0,1159.0,1159.0,1159.0,1159.0,1155.01,,1159.0,,,30,34770.0,1,F1,1,,,,,
2025-09-03,2025-09-03,CM,BSE,STK,961839,INE202E07138,880IREDA29,F,,,,,IREDA-8.80%-13-03-29-BOND,1145.0,1145.0,1145.0,1145.0,1145.0,1150.0,,1145.0,,,1,1145.0,1,F1,1,,,,,
2025-09-03,2025-09-03,CM,BSE,STK,961863,INE031A07AG1,898HUDCO29,F,,,,,HUDCO-8.98%-24-3-29-TFBOND,1175.01,1175.01,1174.1,1174.1,1174.1,1172.0,,1174.1,,,160,187910.0,2,F1,1,,,,,
2025-09-03,2025-09-03,CM,BSE,STK,961895,INE787H07420,880IIFCL29,F,,,,,IIFCL-8.8%-27-3-29-TFBOND,1121.55,1130.05,1121.55,1130.0,1130.0,1130.01,,1130.0,,,102,115243.0,5,F1,1,,,,,
2025-09-03,2025-09-03,CM,BSE,STK,961897,INE787H07438,880IIFCL34,F,,,,,IIFCL-8.8%-27-3-24-TFBOND,1269.88,1269.88,1269.88,1269.88,1269.88,1269.99,,1269.88,,,100,126988.0,1,F1,1,,,,,
2025-09-03,2025-09-03,CM,BSE,STK,961906,INE733E07JU6,736NTPC25D,F,,,,,NTPC-7.36%-1B-5-10-25-BOND,1069.0,1069.0,1069.0,1069.0,1069.0,1054.0,,1069.0,,,10,10690.0,1,F1,1,,,,,
2025-09-03,2025-09-03,CM,BSE,STK,972657,INE039A09NL3,1075IFC26A,F,,,,,IFCI-D-10.75%-01-08-26-PVT,10200.0,10200.0,10200.0,10200.0,10200.0,10175.01,,10200.0,,,10,102000.0,1,F1,10,,,,,
2025-09-03,2025-09-03,CM,BSE,STK,972715,INE039A09OG1,916IFCI27,F,,,,,IFCI-9.16%-IV-15-2-27-C-PVT,16150.0,16150.0,16150.0,16150.0,16150.0,16150.0,,16150.0,,,12,193800.0,3,F1,1,,,,,
2025-09-03,2025-09-03,CM,BSE,STK,972721,INE039A09OW8,872IFCI27,F,,,,,IFCI-8.72%-V-31-3-27-C-PVT,15051.0,15051.0,15051.0,15051.0,15051.0,15000.0,,15051.0,,,4,60204.0,1,F1,1,,,,,
2025-09-03,2025-09-03,CM,BSE,STK,973273,INE121A08OO3,905CIFCL31,F,,,,,CIFCL- 9.05%-PERP-PVT,510000.0,510000.0,510000.0,510000.0,510000.0,510000.0,,510000.0,,,2,1020000.0,1,F1,2,,,,,
2025-09-03,2025-09-03,CM,BSE,STK,973491,INE516Y07444,675PFL31,F,,,,,PFL-6.75%-26-9-31-PVT,793.65,793.65,791.01,791.01,791.01,791.74,,791.01,,,2992,2368434.0,15,F1,1,,,,,
2025-09-03,2025-09-03,CM,BSE,STK,973882,INE540P07392,97UPPCL28,F,,,,,UPPCL-9.70%-31-3-28-PVT,1030000.0,1030000.0,1030000.0,1030000.0,1030000.0,1029560.0,,1030000.0,,,1,1030000.0,1,F1,1,,,,,
2025-09-03,2025-09-03,CM,BSE,STK,974043,INE539K07221,815CFSL32,F,,,,,CCFSL-8.15%-7-7-32-PVT,945009.0,945009.0,945009.0,945009.0,945009.0,1000000.0,,945009.0,,,1,945009.0,1,F1,1,,,,,
2025-09-03,2025-09-03,CM,BSE,STK,974449,INE0M2307180,962APSB29A,F,,,,,APSBCL-9.62%-30-11-29-PVT,1039968.0,1039968.0,1039968.0,1039968.0,1039968.0,1030000.0,,1039968.0,,,1,1039968.0,1,F1,1,,,,,
2025-09-03,2025-09-03,CM,BSE,STK,974635,INE468N07623,EELZC26,F,,,,,EEL-ZC-03-4-26-PVT,127088.0,127088.0,127088.0,127088.0,127088.0,127055.0,,127088.0,,,20,2541760.0,1,F1,1,,,,,
2025-09-03,2025-09-03,CM,BSE,STK,974720,INE348L08090,1075MSFS28,F,,,,,MFSL-10.75%-27-10-28-PVT,83000.0,100500.0,83000.0,100500.0,100500.0,99999.0,,100500.0,,,4,384500.0,3,F1,1,,,,,
2025-09-03,2025-09-03,CM,BSE,STK,974881,INE046W07248,11MML26A,F,,,,,MML-11%-5-6-26-PVT,40289.0,40289.0,40289.0,40289.0,40289.0,40107.03,,40289.0,,,2,80578.0,1,F1,1,,,,,
2025-09-03,2025-09-03,CM,BSE,STK,974914,INE519Q08160,1075AUSF28,F,,,,,10.75%-AUSFB-15-12-28-PVT,101032.83,101032.83,101032.83,101032.83,101032.83,102000.0,,101032.83,,,3,303098.0,1,F1,1,,,,,
2025-09-03,2025-09-03,CM,BSE,STK,975000,INE836K07064,EFCL28723A,F,,,,,EFCL-09-04-27-PVT,104700.0,104700.0,103500.0,103500.0,103500.0,100000.0,,103500.0,,,10,1038600.0,2,F1,1,,,,,
2025-09-03,2025-09-03,CM,BSE,STK,975032,INE0D8F07048,1075OPGP26,F,,,,,OPGPL-10.75%-18-8-26-PVT,96500.68,96500.68,96500.68,96500.68,96500.68,96471.23,,96500.68,,,3,289502.0,1,F1,1,,,,,
2025-09-03,2025-09-03,CM,BSE,STK,975099,INE138I08059,MSFLZC25A,F,,,,,MSFL-ZC-25-9-25-PVT,122472.0,122472.0,122472.0,122472.0,122472.0,121983.0,,122472.0,,,25,3061800.0,1,F1,1,,,,,
2025-09-03,2025-09-03,CM,BSE,STK,975137,INE138I08067,MSFLZC25B,F,,,,,MSFL-ZC-5-10-25-PVT,122000.0,122123.0,122000.0,122000.0,122000.0,122046.38,,122000.0,,,829,101238860.0,8,F1,1,,,,,
2025-09-03,2025-09-03,CM,BSE,STK,975229,INE982X08091,1420SML29,F,,,,,SML-14.20%-30-4-29-PVT,101015.0,101015.0,101015.0,101015.0,101015.0,101009.0,,101015.0,,,1,101015.0,1,F1,1,,,,,
2025-09-03,2025-09-03,CM,BSE,STK,975307,INE01ZK07KD3,1025HF26,F,,,,,HFLTD-10.25%-5-7-26-PVT,100060.27,100060.27,100060.27,100060.27,100060.27,99606.85,,100060.27,,,4,400241.0,1,F1,1,,,,,
2025-09-03,2025-09-03,CM,BSE,STK,975331,INE00DJ07045,1350TCL27,F,,,,,TCL-13.50%-18-1-27-PVT,101500.0,101500.0,101480.0,101500.0,101500.0,100601.0,,101500.0,,,4,405980.0,3,F1,1,,,,,
2025-09-03,2025-09-03,CM,BSE,STK,975335,INE836B08285,1275SCNL29,F,,,,,SCNL-12.75%-19-7-29-PVT,101000.0,101000.0,101000.0,101000.0,101000.0,101000.0,,101000.0,,,2,202000.0,1,F1,1,,,,,
2025-09-03,2025-09-03,CM,BSE,STK,975375,INE982X08109,1385SML29,F,,,,,SML-13.85%-12-7-29-PVT,100500.0,100500.0,100500.0,100500.0,100500.0,100475.0,,100500.0,,,2,201000.0,2,F1,1,,,,,
2025-09-03,2025-09-03,CM,BSE,STK,975514,INE528S07169,1040ERFL27,F,,,,,ERFL-10.40%-18-3-27-PVT,96224.7,96224.7,96224.7,96224.7,96224.7,0.0,,96224.7,,,2,192449.0,1,F1,1,,,,,
2025-09-03,2025-09-03,CM,BSE,STK,975580,INE179P08066,1430DKGF29,F,,,,,DKGFSPL-14.30%-28-5-29-PVT,100952.75,100952.75,100952.75,100952.75,100952.75,102300.0,,100952.75,,,1,100952.0,1,F1,1,,,,,
2025-09-03,2025-09-03,CM,BSE,STK,975694,INE138I08083,0MSFL26A,F,,,,,MSFL-ZC-29-8-26-PVT,114122.0,114122.0,114122.0,114122.0,114122.0,113500.0,,114122.0,,,1,114122.0,1,F1,1,,,,,
2025-09-03,2025-09-03,CM,BSE,STK,975790,INE735W08053,11USFBL31,F,,,,,USFBL-11%-28-6-31-PVT,102500.0,102500.0,102500.0,102500.0,102500.0,101500.0,,102500.0,,,7,717500.0,4,F1,1,,,,,
2025-09-03,2025-09-03,CM,BSE,STK,975799,INE884Q07707,1075MML026,F,,,,,MML-10.75%-2-7-26-PVT,97000.0,97000.0,97000.0,97000.0,97000.0,98750.0,,97000.0,,,1,97000.0,1,F1,1,,,,,
2025-09-03,2025-09-03,CM,BSE,STK,975905,INE468N07BI2,EEL130827,F,,,,,EEL-13-8-27-PVT,105000.0,108000.0,102001.0,105500.0,105500.0,108000.0,,105500.0,,,128,13096203.0,14,F1,1,,,,,
2025-09-03,2025-09-03,CM,BSE,STK,975914,INE342T07528,1040NFL26B,F,,,,,NFL-10.40%-13-2-26-PVT,99800.0,99800.0,99500.0,99500.0,99500.0,99800.0,,99500.0,,,2,199300.0,2,F1,1,,,,,
2025-09-03,2025-09-03,CM,BSE,STK,975921,INE0Q6I07017,975THFPL27,F,,,,,THFPL-9.75%-16-8-27-PVT,100185.16,100185.16,100185.16,100185.16,100185.16,108247.15,,100185.16,,,15,1502777.0,1,F1,1,,,,,
2025-09-03,2025-09-03,CM,BSE,STK,975926,INE08XP07241,125ACAPL26,F,,,,,ACAPL-12.5%-19-2-26-PVT,10011.01,10011.01,10011.01,10011.01,10011.01,9825.5,,10011.01,,,10,100110.0,1,F1,1,,,,,
2025-09-03,2025-09-03,CM,BSE,STK,975986,INE338I07172,925MOFSL32,F,,,,,MOFSL-9.25%-3-9-32-PVT,100500.0,100500.0,100500.0,100500.0,100500.0,100450.0,,100500.0,,,3,301500.0,1,F1,1,,,,,
2025-09-03,2025-09-03,CM,BSE,STK,976009,INE0KH208019,0APL26,F,,,,,APL-ZC-13-6-26-PVT,110300.0,110400.0,110300.0,110400.0,110400.0,110300.0,,110400.0,,,30,3309500.0,6,F1,1,,,,,
2025-09-03,2025-09-03,CM,BSE,STK,976048,INE179P07548,11DKGF26,F,,,,,DKGFSPL-11%-27-12-26-PVT,7400.0,7400.0,7400.0,7400.0,7400.0,7400.0,,7400.0,,,2,14800.0,1,F1,1,,,,,
2025-09-03,2025-09-03,CM,BSE,STK,976146,INE296G07192,99MCSL26,F,,,,,MCSL-9.90%-29-10-26-PVT,7440.0,7440.0,7440.0,7440.0,7440.0,7400.0,,7440.0,,,3,22320.0,1,F1,1,,,,,
2025-09-03,2025-09-03,CM,BSE,STK,976228,INE549K08517,1045MFL33,F,,,,,MFL-10.45%-11-3-33-PVT,10078.0,10078.0,10077.99,10077.99,10077.99,10050.0,,10077.99,,,71,715537.0,4,F1,1,,,,,
2025-09-03,2025-09-03,CM,BSE,STK,976275,INE01HV07528,1011VCL26,F,,,,,VCL-10.11%-23-12-26-PVT,9921.17,9921.17,9921.17,9921.17,9921.17,9921.06,,9921.17,,,4,39684.0,1,F1,1,,,,,
2025-09-03,2025-09-03,CM,BSE,STK,976291,INE658F08342,942KIIFB31,F,,,,,KIIFB-9.4%-30-12-31-PVT,101291.94,101291.94,101291.94,101291.94,101291.94,101109.58,,101291.94,,,1,101291.0,1,F1,1,,,,,
2025-09-03,2025-09-03,CM,BSE,STK,976292,INE658F08326,942KIIFB33,F,,,,,KIIFB-9.4%-30-12-33-PVT,100933.24,100933.24,100933.24,100933.24,100933.24,100907.13,,100933.24,,,20,2018664.0,4,F1,1,,,,,
2025-09-03,2025-09-03,CM,BSE,STK,976293,INE658F08318,942KIIFB34,F,,,,,KIIFB-9.4%-30-12-34-PVT,101950.0,101950.0,101950.0,101950.0,101950.0,101900.0,,101950.0,,,1,101950.0,1,F1,1,,,,,
2025-09-03,2025-09-03,CM,BSE,STK,976303,INE403Q07FE2,10KFL26,F,,,,,KFL-10%-31-12-26-PVT,9500.0,9600.0,9500.0,9600.0,9600.0,9700.0,,9600.0,,,4,38100.0,2,F1,1,,,,,
2025-09-03,2025-09-03,CM,BSE,STK,976325,INE342T07544,1075NFL27,F,,,,,NFL-10.75%-31-12-27-PVT,10000.5,10000.5,10000.5,10000.5,10000.5,10000.0,,10000.5,,,10,100005.0,3,F1,1,,,,,
2025-09-03,2025-09-03,CM,BSE,STK,976346,INE0NES07154,1130KFL27,F,,,,,KFL-11.30%-23-1-27-PVT,98109.0,98500.0,98109.0,98500.0,98500.0,98059.0,,98500.0,,,3,295109.0,3,F1,1,,,,,
2025-09-03,2025-09-03,CM,BSE,STK,976349,INE01ZK08620,1030HFL26,F,,,,,HFL-10.30%-24-11-26-PVT,100060.27,100060.27,100060.27,100060.27,100060.27,100507.95,,100060.27,,,3,300180.0,1,F1,1,,,,,
2025-09-03,2025-09-03,CM,BSE,STK,976350,INE01ZK08612,11HFL30,F,,,,,HFL-11%-24-1-30-PVT,100060.27,100060.27,100060.27,100060.27,100060.27,100430.0,,100060.27,,,1,100060.0,1,F1,1,,,,,
2025-09-03,2025-09-03,CM,BSE,STK,976421,INE04VS07362,975OFS27,F,,,,,OFSL-9.75%-18-2-27-PVT,9990.0,9990.0,9990.0,9990.0,9990.0,9890.0,,9990.0,,,1,9990.0,1,F1,1,,,,,
2025-09-03,2025-09-03,CM,BSE,STK,976423,INE0BUS07BN6,11IML026,F,,,,,IML-11%-18-8-26-PVT,9750.0,9885.94,9688.0,9688.0,9688.0,9559.9,,9688.0,,,17,166367.0,5,F1,1,,,,,
2025-09-03,2025-09-03,CM,BSE,STK,976437,INE342T07569,1060NFL27,F,,,,,NFL-10.60%-21-5-27-PVT,9990.0,10040.0,9978.0,9978.0,9978.0,9950.0,,9978.0,,,26,260078.0,5,F1,1,,,,,
2025-09-03,2025-09-03,CM,BSE,STK,976547,INE939X07184,1135MFL26,F,,,,,MFL-11.35%-27-10-26-PVT,10000.0,10000.0,10000.0,10000.0,10000.0,9800.0,,10000.0,,,2,20000.0,1,F1,1,,,,,
2025-09-03,2025-09-03,CM,BSE,STK,976554,INE658F08409,949KIIF34,F,,,,,KIIFB-9.49%-25-03-34-PVT,101457.1,101457.1,101457.1,101457.1,101457.1,101430.8,,101457.1,,,2,202914.0,1,F1,1,,,,,
2025-09-03,2025-09-03,CM,BSE,STK,976623,INE342T07593,1048NFL26,F,,,,,NFL-10.48%-01-06-26-PVT,9960.0,9960.0,9900.0,9900.0,9900.0,10062.0,,9900.0,,,18,178800.0,5,F1,1,,,,,
2025-09-03,2025-09-03,CM,BSE,STK,976653,INE0NES07170,1130KFL27A,F,,,,,KFL-11.30%-30-01-27-PVT,82875.0,82875.0,82875.0,82875.0,82875.0,85000.0,,82875.0,,,1,82875.0,1,F1,1,,,,,
2025-09-03,2025-09-03,CM,BSE,STK,976660,INE08XP07308,985ACAP26,F,,,,,ACAPL-9.85%-30-10-26-PVT,9613.0,9613.0,9613.0,9613.0,9613.0,9573.28,,9613.0,,,1,9613.0,1,F1,1,,,,,
2025-09-03,2025-09-03,CM,BSE,STK,976685,INE939X07192,1125MFL27,F,,,,,MFL-11.25%-9-2-27-PVT,9925.0,9925.0,9900.0,9900.0,9900.0,9897.9,,9900.0,,,44,435662.0,7,F1,1,,,,,
2025-09-03,2025-09-03,CM,BSE,STK,976737,INE20KI15019,12LVAM25,F,,,,,LVAM25-12%-31-05-27-PTC,5860.4,5860.4,5860.4,5860.4,5860.4,5980.0,,5860.4,,,2,11720.0,2,F1,1,,,,,
2025-09-03,2025-09-03,CM,BSE,STK,976752,INE420C07130,10PDL27,F,,,,,PDL-10%-3-6-27-PVT,98774.73,98803.7,98774.73,98803.7,98803.7,98774.73,,98803.7,,,3,296382.0,2,F1,1,,,,,
2025-09-03,2025-09-03,CM,BSE,STK,976776,INE0NES07188,112KFL26,F,,,,,KFL-11.20%-11-12-26-PVT,98500.0,98500.0,98500.0,98500.0,98500.0,91000.0,,98500.0,,,1,98500.0,1,F1,1,,,,,
2025-09-03,2025-09-03,CM,BSE,STK,976799,INE0BUS07BV9,1125IML027,F,,,,,IML-11.25%-17-3-27-PVT,98000.0,98750.0,98000.0,98403.25,98750.0,98700.0,,98403.25,,,10,984032.0,3,F1,1,,,,,
2025-09-03,2025-09-03,CM,BSE,STK,976808,INE342T07601,1075NFL28,F,,,,,NFL-10.75%-19-8-28-PVT,10040.0,10045.0,10036.0,10045.0,10045.0,10028.1,,10045.0,,,53,532320.0,8,F1,1,,,,,
2025-09-03,2025-09-03,CM,BSE,STK,976857,INE01ZK07KQ5,1025HFL30,F,,,,,HFL-10.25%-26-12-30-PVT,100060.27,100060.27,100060.27,100060.27,100060.27,100028.08,,100060.27,,,2,200120.0,1,F1,1,,,,,
2025-09-03,2025-09-03,CM,BSE,STK,976929,INE0BUS07BX5,12IML28,F,,,,,IML-12%-23-7-28-PVT,100550.0,100550.0,100550.0,100550.0,100550.0,101342.37,,100550.0,,,3,301650.0,2,F1,1,,,,,
2025-09-03,2025-09-03,CM,BSE,STK,976970,INE681R08125,1025NBSP27,F,,,,,NBSPL-10.25%-30-01-27-PVT,100982.88,100982.88,100982.88,100982.88,100982.88,100913.99,,100982.88,,,27,2726537.0,12,F1,1,,,,,
2025-09-03,2025-09-03,CM,BSE,STK,976983,INE148I07YC5,920SCL28,F,,,,,SCL-9.20%-04-08-28-PVT,100807.0,100807.0,100807.0,100807.0,100807.0,100756.0,,100807.0,,,1,100807.0,1,F1,1,,,,,
2025-09-03,2025-09-03,CM,BSE,STK,977001,INE403Q07GC4,1062KFLD28,F,,,,,KFLD-10.62%-7-2-28-PVT,99724.61,99724.61,99724.61,99724.61,99724.61,99666.32,,99724.61,,,3,299173.0,2,F1,1,,,,,
2025-09-03,2025-09-03,CM,BSE,STK,977012,INE658F08490,967KIIFB35,F,,,,,KIIFB-9.67%-8-8-35-PVT,101522.02,101522.02,101522.02,101522.02,101522.02,101495.82,,101522.02,,,3,304566.0,3,F1,1,,,,,
