TradDt,BizDt,Sgmt,Src,FinInstrmTp,FinInstrmId,ISIN,SYMBOL,SERIES,XpryDt,FininstrmActlXpryDt,StrkPric,OptnTp,FinInstrmNm,OpnPric,HghPric,LwPric,CLOSE,LastPric,PrvsClsgPric,UndrlygPric,SttlmPric,OpnIntrst,ChngInOpnIntrst,TOTTRDQTY,TOTTRDVAL,TtlNbOfTxsExctd,SsnId,NewBrdLotQty,Rmks,Rsvd1,Rsvd2,Rsvd3,Rsvd4
2025-09-24,2025-09-24,CM,NSE,STK,19078,IN0020200104,SGBJUN28,GB,,,,,2.5%GOLDBONDS2028SR-III,11997.0,12079.99,11997.0,12078.95,12079.0,11997.47,,12084.92,,,794,9567950.68,59,F1,1,,,,,
2025-09-24,2025-09-24,CM,NSE,STK,1342,IN0020200286,SGBN28VIII,GB,,,,,2.5%GOLDBONDS2028SR-VIII,12479.89,12600.0,12400.0,12490.15,12401.0,12479.89,,12490.15,,,197,2461834.17,68,F1,1,,,,,
2025-09-24,2025-09-24,CM,NSE,STK,3742,IN0020210053,SGBMAY29I,GB,,,,,2.5%GOLDBONDS2029SR-I,12105.0,12224.77,12083.0,12184.51,12185.0,12124.81,,12194.99,,,631,7677676.57,108,F1,1,,,,,
2025-09-24,2025-09-24,CM,NSE,STK,3743,IN0020210061,SGBJUN29II,GB,,,,,2.5%GOLDBONDS2029SR-II,12444.0,12444.0,12100.0,12240.09,12250.0,12200.0,,12240.09,,,157,1914814.37,41,F1,1,,,,,
2025-09-24,2025-09-24,CM,NSE,STK,3800,IN0020210087,SGBJU29III,GB,,,,,2.5%GOLDBONDS2029SR-III,12194.0,12217.67,12020.92,12189.83,12190.0,12120.92,,12180.44,,,73,888607.62,28,F1,1,,,,,
2025-09-24,2025-09-24,CM,NSE,STK,5575,IN0020210145,SGBSEP29VI,GB,,,,,2.5%GOLDBONDS2029SR-VI,12160.0,12289.0,12105.9,12239.85,12170.0,12145.64,,12239.85,,,525,6377538.29,105,F1,1,,,,,
2025-09-24,2025-09-24,CM,NSE,STK,6518,IN0020210178,SGBNV29VII,GB,,,,,2.5%GOLDBONDS2029SR-VII,12300.0,12300.0,12155.0,12233.51,12225.0,12201.5,,12233.51,,,257,3141322.6,70,F1,1,,,,,
2025-09-24,2025-09-24,CM,NSE,STK,304,IN0020170067,SGBOCT25IV,GB,,,,,2.50% GOLDBONDS2025SR-IV,11800.0,11899.0,11601.0,11800.0,11800.0,11808.0,,11800.0,,,38,446931.6,9,F1,1,,,,,
2025-09-24,2025-09-24,CM,NSE,STK,355,IN0020170075,SGBOCT25V,GB,,,,,2.50% GOLDBONDS2025SR-V,11801.0,11820.0,11800.0,11820.0,11820.0,11800.0,,11820.0,,,31,365830.0,4,F1,1,,,,,
2025-09-24,2025-09-24,CM,NSE,STK,458,IN0020170091,SGBNOV25,GB,,,,,2.50% GOLDBONDS2025SR-VII,11849.0,11849.0,11849.0,11849.0,11849.0,11850.0,,11724.5,,,1,11849.0,1,F1,1,,,,,
2025-09-24,2025-09-24,CM,NSE,STK,623,IN0020170125,SGBDEC25,GB,,,,,2.50%GOLDBONDS 2025 SR-X,12002.0,12002.0,12002.0,12002.0,12002.0,12002.0,,12151.0,,,8,96016.0,1,F1,1,,,,,
2025-09-24,2025-09-24,CM,NSE,STK,862,IN0020170158,SGBDEC2513,GB,,,,,2.50%GOLDBONDS2025SR-XIII,12100.0,12100.0,11500.0,11500.0,11500.0,11800.0,,11750.0,,,22,264800.0,6,F1,1,,,,,
2025-09-24,2025-09-24,CM,NSE,STK,2891,IN0020180033,SGBMAY26,GB,,,,,2.50%GOLDBONDS2026SR-I,12000.0,12000.0,12000.0,12000.0,12000.0,12000.0,,12000.0,,,8,96000.0,3,F1,1,,,,,
2025-09-24,2025-09-24,CM,NSE,STK,5960,IN0020180249,SGBOCT26,GB,,,,,2.50%GOLDBONDS2026SR-II,12300.0,12300.0,12300.0,12300.0,12300.0,11800.0,,12300.0,,,12,147600.0,7,F1,1,,,,,
2025-09-24,2025-09-24,CM,NSE,STK,6355,IN0020180314,SGBNOV26,GB,,,,,2.50%GOLDBONDS2026SR-III,12500.0,12599.0,12000.0,12050.0,12000.0,12500.0,,12050.0,,,19,235799.0,14,F1,1,,,,,
2025-09-24,2025-09-24,CM,NSE,STK,7654,IN0020180389,SGBDEC26,GB,,,,,2.50%GOLDBONDS2026SR-IV,11811.0,12147.0,11811.0,12147.0,12147.0,12199.94,,12133.5,,,2,23958.0,2,F1,1,,,,,
2025-09-24,2025-09-24,CM,NSE,STK,945,IN0020170166,SGBJAN26,GB,,,,,2.50%GOLDBONDS2026SR-XIV,12300.0,12400.0,12300.0,12400.0,12400.0,12300.0,,12400.0,,,12,147800.0,4,F1,1,,,,,
2025-09-24,2025-09-24,CM,NSE,STK,10261,IN0020190073,SGBJUN27,GB,,,,,2.50%GOLDBONDS2027SR-I,12160.5,12221.3,11717.09,11955.0,11955.0,12100.0,,11955.0,,,30,363289.44,12,F1,1,,,,,
2025-09-24,2025-09-24,CM,NSE,STK,11154,IN0020190081,SGBJUL27,GB,,,,,2.50%GOLDBONDS2027SR-II,12000.0,12000.0,12000.0,12000.0,12000.0,11700.0,,12100.0,,,4,48000.0,2,F1,1,,,,,
2025-09-24,2025-09-24,CM,NSE,STK,12904,IN0020190107,SGBAUG27,GB,,,,,2.50%GOLDBONDS2027SR-III,12300.01,12900.0,12300.0,12781.25,12900.0,12300.0,,12783.4,,,103,1291043.01,34,F1,1,,,,,
2025-09-24,2025-09-24,CM,NSE,STK,13209,IN0020190115,SGBSEP27,GB,,,,,2.50%GOLDBONDS2027SR-IV,12000.0,12300.0,11857.07,12251.05,12100.0,12000.0,,12251.05,,,88,1067089.49,17,F1,1,,,,,
2025-09-24,2025-09-24,CM,NSE,STK,8308,IN0020180462,SGBJAN27,GB,,,,,2.50%GOLDBONDS2027SR-V,12094.86,12099.0,12094.86,12099.0,12099.0,11730.0,,12099.0,,,33,399178.44,4,F1,1,,,,,
2025-09-24,2025-09-24,CM,NSE,STK,13981,IN0020190370,SGBOCT27,GB,,,,,2.50%GOLDBONDS2027SR-V,12199.0,12479.99,12100.0,12244.99,12244.99,12058.9,,12244.99,,,24,293522.41,5,F1,1,,,,,
2025-09-24,2025-09-24,CM,NSE,STK,8766,IN0020180561,SGBFEB27,GB,,,,,2.50%GOLDBONDS2027SR-VI,12783.0,12783.0,12699.9,12699.9,12699.9,12900.0,,12699.9,,,12,153042.8,7,F1,1,,,,,
2025-09-24,2025-09-24,CM,NSE,STK,14252,IN0020190388,SGBOCT27VI,GB,,,,,2.50%GOLDBONDS2027SR-VI,12000.0,12099.0,12000.0,12099.0,12099.0,12089.98,,12099.0,,,158,1904127.1,14,F1,1,,,,,
2025-09-24,2025-09-24,CM,NSE,STK,15432,IN0020190461,SGBDC27VII,GB,,,,,2.50%GOLDBONDS2027SR-VII,12335.0,12401.7,11940.1,12307.14,12300.0,12335.0,,12307.14,,,31,381137.54,26,F1,1,,,,,
2025-09-24,2025-09-24,CM,NSE,STK,18862,IN0020200062,SGBAPR28I,GB,,,,,2.50%GOLDBONDS2028SR-I,12364.98,12500.0,12250.0,12357.94,12300.0,12364.98,,12365.75,,,685,8538353.35,78,F1,1,,,,,
2025-09-24,2025-09-24,CM,NSE,STK,18972,IN0020200088,SGBMAY28,GB,,,,,2.50%GOLDBONDS2028SR-II,12060.0,12089.94,12022.0,12060.2,12040.0,12000.0,,12060.2,,,999,12032606.36,156,F1,1,,,,,
2025-09-24,2025-09-24,CM,NSE,STK,22242,IN0020200146,SGBJUL28IV,GB,,,,,2.50%GOLDBONDS2028SR-IV,12080.0,12106.0,12000.01,12045.47,12040.0,11990.39,,12048.22,,,2061,24825280.09,205,F1,1,,,,,
2025-09-24,2025-09-24,CM,NSE,STK,17664,IN0020190545,SGBFEB28IX,GB,,,,,2.50%GOLDBONDS2028SR-IX,12389.99,12390.0,12300.0,12300.0,12300.0,12000.0,,12173.06,,,5,61859.99,3,F1,1,,,,,
2025-09-24,2025-09-24,CM,NSE,STK,22385,IN0020200161,SGBAUG28V,GB,,,,,2.50%GOLDBONDS2028SR-V,12295.0,12398.99,12250.0,12294.65,12255.0,12350.78,,12298.94,,,971,11968656.5,206,F1,1,,,,,
2025-09-24,2025-09-24,CM,NSE,STK,149,IN0020200195,SGBSEP28VI,GB,,,,,2.50%GOLDBONDS2028SR-VI,12025.0,12099.0,12023.0,12066.12,12036.0,12023.29,,12071.95,,,456,5491259.83,45,F1,1,,,,,
2025-09-24,2025-09-24,CM,NSE,STK,834,IN0020200203,SGBOC28VII,GB,,,,,2.50%GOLDBONDS2028SR-VII,12158.0,12339.0,12066.0,12208.16,12116.0,12158.0,,12208.16,,,300,3662512.83,62,F1,1,,,,,
2025-09-24,2025-09-24,CM,NSE,STK,17110,IN0020190537,SGBJ28VIII,GB,,,,,2.50%GOLDBONDS2028SR-VIII,12100.0,12100.0,12000.01,12055.06,12022.0,12100.0,,12055.06,,,136,1638766.98,23,F1,1,,,,,
2025-09-24,2025-09-24,CM,NSE,STK,18451,IN0020190552,SGBMAR28X,GB,,,,,2.50%GOLDBONDS2028SR-X,12029.0,12100.0,12028.0,12096.08,12090.0,12013.19,,12096.08,,,38,458553.72,11,F1,1,,,,,
2025-09-24,2025-09-24,CM,NSE,STK,5113,IN0020210111,SGBJUL29IV,GB,,,,,2.50%GOLDBONDS2029SR-IV,12100.0,12209.0,12100.0,12200.0,12200.0,12155.65,,12200.0,,,226,2753852.41,41,F1,1,,,,,
2025-09-24,2025-09-24,CM,NSE,STK,1920,IN0020200377,SGBJAN29IX,GB,,,,,2.50%GOLDBONDS2029SR-IX,12015.0,12169.99,12015.0,12124.16,12102.0,12180.51,,12124.16,,,313,3792486.49,75,F1,1,,,,,
2025-09-24,2025-09-24,CM,NSE,STK,5455,IN0020210129,SGBAUG29V,GB,,,,,2.50%GOLDBONDS2029SR-V,12482.81,12780.0,12399.0,12552.5,12560.0,12420.71,,12552.5,,,127,1590752.87,45,F1,1,,,,,
2025-09-24,2025-09-24,CM,NSE,STK,7098,IN0020210228,SGBD29VIII,GB,,,,,2.50%GOLDBONDS2029SR-VIII,12254.64,12490.0,12254.64,12314.61,12300.0,12254.64,,12309.35,,,257,3170756.83,113,F1,1,,,,,
2025-09-24,2025-09-24,CM,NSE,STK,2003,IN0020200385,SGBJAN29X,GB,,,,,2.50%GOLDBONDS2029SR-X,12335.75,12335.75,12100.75,12118.83,12199.0,12250.95,,12118.83,,,25,304911.24,10,F1,1,,,,,
2025-09-24,2025-09-24,CM,NSE,STK,2200,IN0020200393,SGBFEB29XI,GB,,,,,2.50%GOLDBONDS2029SR-XI,12699.57,12699.57,12031.0,12480.0,12480.0,12700.0,,12480.0,,,105,1300003.22,36,F1,1,,,,,
2025-09-24,2025-09-24,CM,NSE,STK,2810,IN0020200427,SGBMR29XII,GB,,,,,2.50%GOLDBONDS2029SR-XII,12128.68,12239.0,12025.0,12225.77,12230.0,12189.63,,12225.77,,,439,5337600.93,91,F1,1,,,,,
2025-09-24,2025-09-24,CM,NSE,STK,10232,IN0020220045,SGBJUN30,GB,,,,,2.50%GOLDBONDS2030SR-I,12623.5,12839.0,12623.5,12798.71,12800.0,12623.5,,12798.71,,,420,5361775.43,73,F1,1,,,,,
2025-09-24,2025-09-24,CM,NSE,STK,11192,IN0020220078,SGBAUG30,GB,,,,,2.50%GOLDBONDS2030SR-II,13320.0,13399.0,13200.01,13337.04,13340.0,13313.45,,13336.85,,,226,3012243.61,86,F1,1,,,,,
2025-09-24,2025-09-24,CM,NSE,STK,13642,IN0020220110,SGBDE30III,GB,,,,,2.50%GOLDBONDS2030SR-III,13450.0,13799.98,13450.0,13786.34,13650.0,13381.83,,13786.34,,,383,5225703.62,94,F1,1,,,,,
2025-09-24,2025-09-24,CM,NSE,STK,7879,IN0020210236,SGBJAN30IX,GB,,,,,2.50%GOLDBONDS2030SR-IX,12585.0,12790.0,12350.0,12766.25,12790.0,12388.8,,12766.25,,,236,2958483.6,63,F1,1,,,,,
2025-09-24,2025-09-24,CM,NSE,STK,8401,IN0020210319,SGBMAR30X,GB,,,,,2.50%GOLDBONDS2030SR-X,12449.0,12750.0,12151.0,12638.67,12686.25,12449.14,,12638.67,,,174,2180391.24,57,F1,1,,,,,
2025-09-24,2025-09-24,CM,NSE,STK,17202,IN0020230069,SGBJUN31I,GB,,,,,2.50%GOLDBONDS2031SR-I,13210.29,13377.99,13166.0,13310.1,13303.0,13210.29,,13313.96,,,640,8500017.56,193,F1,1,,,,,
2025-09-24,2025-09-24,CM,NSE,STK,19456,IN0020230093,SGBSEP31II,GB,,,,,2.50%GOLDBONDS2031SR-II,13550.0,13875.0,13399.0,13519.07,13510.0,13341.13,,13505.29,,,1356,18299167.74,303,F1,1,,,,,
2025-09-24,2025-09-24,CM,NSE,STK,22476,IN0020230168,SGBDE31III,GB,,,,,2.50%GOLDBONDS2031SR-III,13494.46,13800.0,13494.0,13775.84,13760.0,13494.46,,13776.48,,,2458,33812429.08,399,F1,1,,,,,
2025-09-24,2025-09-24,CM,NSE,STK,14598,IN0020220169,SGBMAR31IV,GB,,,,,2.50%GOLDBONDS2031SR-IV,13326.3,13444.0,13155.13,13290.0,13290.0,13260.0,,13290.0,,,338,4495650.16,86,F1,1,,,,,
2025-09-24,2025-09-24,CM,NSE,STK,22886,IN0020230184,SGBFEB32IV,GB,,,,,2.50%GOLDBONDS2032SR-IV,14250.0,14865.4,14187.14,14727.89,14849.0,14550.92,,14757.74,,,1856,27227163.01,464,F1,1,,,,,
2025-09-24,2025-09-24,CM,NSE,STK,16921,INE144J01027,20MICRONS,EQ,,,,,20 MICRONS LTD,228.0,230.2,224.55,227.74,228.59,226.24,,227.68,,,94523,21507564.47,1889,F1,1,,,,,
2025-09-24,2025-09-24,CM,NSE,STK,4,INE253B01015,21STCENMGM,EQ,,,,,21ST CENTURY MGMT SERVICE,53.7,53.7,51.85,51.98,51.85,52.87,,51.99,,,2006,105516.93,73,F1,1,,,,,
2025-09-24,2025-09-24,CM,NSE,STK,13061,INE466L01038,360ONE,EQ,,,,,360 ONE WAM LIMITED,1022.0,1033.0,1005.1,1026.5,1022.1,1019.6,,1026.5,,,1158063,1186975381.8,45701,F1,1,,,,,
2025-09-24,2025-09-24,CM,NSE,STK,30105,INF579M01BB5,GOLD360,EQ,,,,,360ONEAMC - GOLD360,114.25,115.0,109.8,112.3,112.35,112.0,,112.35,,,97854,11028368.7,479,F1,1,,,,,
2025-09-24,2025-09-24,CM,NSE,STK,756150,INF579M01BC3,SILVER360,EQ,,,,,360ONEAMC - SILVER360,135.97,139.23,133.85,137.52,139.23,135.97,,137.52,,,37569,5073988.3,522,F1,1,,,,,
2025-09-24,2025-09-24,CM,NSE,STK,6232,INE748C01038,3IINFOLTD,EQ,,,,,3I INFOTECH LIMITED,24.27,24.74,24.17,24.34,24.45,24.38,,24.33,,,296263,7227480.2,1729,F1,1,,,,,
2025-09-24,2025-09-24,CM,NSE,STK,474,INE470A01017,3MINDIA,EQ,,,,,3M INDIA LIMITED,29950.0,29985.0,29280.0,29375.0,29340.0,29835.0,,29380.0,,,6646,196962015.0,2035,F1,1,,,,,
2025-09-24,2025-09-24,CM,NSE,STK,2595,INE105C01023,3PLAND,EQ,,,,,3P LAND HOLDINGS LIMITED,45.5,46.2,44.86,46.15,46.2,45.47,,46.14,,,2425,111431.57,99,F1,1,,,,,
2025-09-24,2025-09-24,CM,NSE,STK,445,INE618L01018,5PAISA,EQ,,,,,5PAISA CAPITAL LIMITED,360.0,368.8,360.0,362.0,363.7,361.25,,362.05,,,17804,6482403.25,1776,F1,1,,,,,
2025-09-24,2025-09-24,CM,NSE,STK,11868,INE111B01023,63MOONS,EQ,,,,,63 MOONS TECHNOLOGIES LTD,926.85,941.5,914.0,915.35,915.0,925.85,,915.35,,,126435,116986881.05,5256,F1,1,,,,,
2025-09-24,2025-09-24,CM,NSE,STK,29312,INE031A07865,751HUDCO28,N5,,,,,7.51 NCD 16FEB28 TR1 SR2,1090.0,1090.0,1084.25,1084.25,1084.25,1085.55,,1084.25,,,138,149845.0,2,F1,1,,,,,
2025-09-24,2025-09-24,CM,NSE,STK,20034,INE261F07032,764NABAR31,N2,,,,,7.64% TAX FREE TRI SRIIB,1127.25,1128.0,1127.25,1128.0,1128.0,1127.25,,1128.0,,,82,92447.3,7,F1,1,,,,,
2025-09-24,2025-09-24,CM,NSE,STK,19928,INE031A07AO5,764HUDCO31,N8,,,,,7.64% TAX FREETRI SR2B,1145.0,1145.0,1145.0,1145.0,1145.0,1135.0,,1145.0,,,1,1145.0,1,F1,1,,,,,
2025-09-24,2025-09-24,CM,NSE,STK,19930,INE031A07AT4,769HUDCO31,N9,,,,,7.69% TAX FREETRII SR2B,1151.0,1151.0,1151.0,1151.0,1151.0,1150.99,,1151.0,,,7,8057.0,1,F1,1,,,,,
2025-09-24,2025-09-24,CM,NSE,STK,20030,INE202E07229,774IREDA31,N7,,,,,7.74% TAX FREE NCD,1141.0,1142.3,1140.02,1142.15,1141.11,1141.9,,1142.15,,,1233,1407361.55,11,F1,1,,,,,
2025-09-24,2025-09-24,CM,NSE,STK,31240,INE031A07840,82HUDCO27,N2,,,,,8.20 NCD05MAR27 FV 1000,1080.1,1080.1,1078.35,1079.01,1079.01,1080.0,,1079.01,,,1292,1394558.7,5,F1,1,,,,,
2025-09-24,2025-09-24,CM,NSE,STK,20022,INE134E07208,830PFCL27,N5,,,,,8.30% TAX FREE NCD,1112.6,1112.6,1112.5,1112.5,1112.5,1112.1,,1112.5,,,500,556260.0,4,F1,1,,,,,
2025-09-24,2025-09-24,CM,NSE,STK,192,INE906B07DF8,875NHAI29,N6,,,,,8.75% TAX FREE TR I S IIB,1151.3,1159.0,1151.3,1153.17,1153.17,1156.0,,1153.17,,,192,221683.84,10,F1,1,,,,,
2025-09-24,2025-09-24,CM,NSE,STK,19968,INE031A07949,876HUDCO28,ND,,,,,8.76% TAX FREETRI SR2B,1173.0,1173.0,1172.0,1172.0,1172.0,1171.72,,1172.0,,,1858,2177584.0,11,F1,1,,,,,
2025-09-24,2025-09-24,CM,NSE,STK,20058,INE787H07370,891IIFCL34,N4,,,,,8.91% TAX FREE NCD,1290.1,1290.1,1290.0,1290.01,1290.0,1280.0,,1294.91,,,7,9030.1,3,F1,1,,,,,
2025-09-24,2025-09-24,CM,NSE,STK,31768,INE733E07JJ9,891NTPC33,N6,,,,,8.91%S-R-NCD SERIES 3B,1305.0,1318.0,1305.0,1305.0,1305.0,1318.0,,1305.0,,,279,366045.0,6,F1,1,,,,,
2025-09-24,2025-09-24,CM,NSE,STK,31487,INE848E07567,892NHPC33,N6,,,,,8.92% SEC RED BOND S3B,1278.95,1278.95,1278.95,1278.95,1278.95,1261.0,,1278.95,,,355,454027.25,1,F1,1,,,,,
2025-09-24,2025-09-24,CM,NSE,STK,20028,INE134E07463,892PFCL33,N8,,,,,8.92% TAX FREE NCD,1305.05,1306.0,1305.05,1306.0,1306.0,1310.05,,1305.5,,,65,84847.25,6,F1,1,,,,,
2025-09-24,2025-09-24,CM,NSE,STK,20048,INE774D08MA6,9MMFSML,N2,,,,,9.00% UNSECURED NCD,1027.05,1028.95,1027.05,1028.2,1028.2,1026.55,,1028.85,,,68,69858.21,12,F1,1,,,,,
2025-09-24,2025-09-24,CM,NSE,STK,19970,INE031A07AB2,901HUDCO34,NE,,,,,9.01% TAX FREETRII SR3B,1302.35,1302.35,1300.31,1300.31,1300.31,1301.0,,1301.41,,,245,318871.75,6,F1,1,,,,,
2025-09-24,2025-09-24,CM,NSE,STK,759130,INE08PH01015,ABCOTS,EQ,,,,,A B COTSPIN INDIA LIMITED,474.95,504.0,440.0,452.1,440.0,456.5,,452.1,,,137783,64524598.55,2879,F1,1,,,,,
2025-09-24,2025-09-24,CM,NSE,STK,27020,INE00YB01017,ABINFRA,EQ,,,,,A B INFRABUILD LIMITED,188.45,194.39,185.0,187.58,186.5,188.45,,187.64,,,35349,6585899.19,683,F1,1,,,,,
2025-09-24,2025-09-24,CM,NSE,STK,15147,INE0O6N01012,AGUL,SM,,,,,A G UNIVERSAL LIMITED,70.0,70.2,67.0,69.0,69.0,70.0,,69.0,,,16000,1102400.0,7,F1,2000,,,,,
2025-09-24,2025-09-24,CM,NSE,STK,20910,INE619I01012,A2ZINFRA,BE,,,,,A2Z INFRA ENGINEERING LTD,17.64,18.25,17.64,18.25,18.25,18.0,,18.3,,,110159,1961263.24,86,F1,1,,,,,
2025-09-24,2025-09-24,CM,NSE,STK,12533,INE0D0U01013,AAATECH,EQ,,,,,AAA TECHNOLOGIES LIMITED,79.84,81.6,79.1,81.45,80.0,79.84,,81.45,,,252109,20503637.35,700,F1,1,,,,,
2025-09-24,2025-09-24,CM,NSE,STK,23729,INE883F01010,AADHARHFC,EQ,,,,,AADHAR HOUSING FINANCE L,537.6,547.8,531.05,539.85,537.35,535.35,,539.85,,,964495,522761636.2,21776,F1,1,,,,,
2025-09-24,2025-09-24,CM,NSE,STK,757579,INE1GYP01013,AAKAAR,SM,,,,,AAKAAR MEDICAL TECHNO LTD,93.0,93.0,86.0,87.9,87.9,94.6,,87.9,,,92800,8233760.0,57,F1,1600,,,,,
2025-09-24,2025-09-24,CM,NSE,STK,240,INE087Z01024,AAKASH,BE,,,,,AAKASH EXPLORATION SER L,10.12,10.12,9.51,9.99,10.02,9.92,,9.99,,,108902,1078685.26,324,F1,1,,,,,
2025-09-24,2025-09-24,CM,NSE,STK,758120,INE124401014,AARADHYA,SM,,,,,AARADHYA DISPOSAL INDUS L,138.0,155.0,138.0,150.15,155.0,137.2,,150.15,,,58800,8623680.0,45,F1,1200,,,,,
2025-09-24,2025-09-24,CM,NSE,STK,5248,INE198H01019,AAREYDRUGS,BE,,,,,AAREY DRUGS & PHARM LTD,79.76,79.78,76.0,77.19,76.16,78.69,,77.19,,,78371,6054801.35,251,F1,1,,,,,
2025-09-24,2025-09-24,CM,NSE,STK,1030,INE721Z01010,AARON,EQ,,,,,AARON INDUSTRIES LIMITED,194.67,197.8,190.0,191.3,193.99,194.67,,191.3,,,16243,3144895.85,1083,F1,1,,,,,
2025-09-24,2025-09-24,CM,NSE,STK,17145,INE01C001026,AARTECH,EQ,,,,,AARTECH SOLONICS LIMITED,54.28,54.97,53.11,53.33,54.0,54.28,,53.33,,,38398,2064457.41,717,F1,1,,,,,
2025-09-24,2025-09-24,CM,NSE,STK,4481,INE767A01016,AARTIDRUGS,EQ,,,,,AARTI DRUGS LTD.,514.0,520.0,508.0,517.2,517.0,515.85,,517.25,,,106422,54768318.95,6319,F1,1,,,,,
2025-09-24,2025-09-24,CM,NSE,STK,7,INE769A01020,AARTIIND,EQ,,,,,AARTI INDUSTRIES LTD,388.0,389.0,381.0,383.35,381.5,386.55,,383.4,,,408562,157419439.35,12132,F1,1,,,,,
2025-09-24,2025-09-24,CM,NSE,STK,13868,INE0LRU01027,AARTIPHARM,EQ,,,,,AARTI PHARMALABS LIMITED,874.4,876.15,854.1,857.6,860.0,871.65,,857.6,,,138476,119770857.4,10532,F1,1,,,,,
2025-09-24,2025-09-24,CM,NSE,STK,19233,INE09EO01013,AARTISURF,EQ,,,,,AARTI SURFACTANTS LIMITED,480.0,482.95,475.0,476.25,477.0,478.05,,476.25,,,4983,2379102.3,316,F1,1,,,,,
2025-09-24,2025-09-24,CM,NSE,STK,12121,INE09EO04017,AARTISURF,P1,,,,,AARTI SURFACTANTS LIMITED,121.2,175.0,121.2,172.0,172.0,150.0,,172.0,,,239,29123.2,7,F1,1,,,,,
2025-09-24,2025-09-24,CM,NSE,STK,13775,INE273D01019,AARVEEDEN,BE,,,,,AARVEE DEN. & EXP. LTD,164.0,166.85,163.0,164.73,163.22,165.52,,164.75,,,7467,1227043.28,97,F1,1,,,,,
2025-09-24,2025-09-24,CM,NSE,STK,19073,INE754X01016,AARVI,EQ,,,,,AARVI ENCON LIMITED,123.6,129.37,123.6,126.63,126.42,126.11,,126.63,,,9638,1222478.5,396,F1,1,,,,,
2025-09-24,2025-09-24,CM,NSE,STK,16961,INE0OB201016,AATMAJ,SM,,,,,AATMAJ HEALTHCARE LIMITED,21.5,21.5,20.3,21.0,21.0,21.5,,21.0,,,22000,458300.0,9,F1,2000,,,,,
2025-09-24,2025-09-24,CM,NSE,STK,5385,INE216P01012,AAVAS,EQ,,,,,AAVAS FINANCIERS LIMITED,1648.6,1677.0,1648.6,1669.9,1670.0,1655.4,,1669.8,,,59223,98716537.5,8526,F1,1,,,,,
2025-09-24,2025-09-24,CM,NSE,STK,7759,INE421A01028,ABAN,BE,,,,,ABAN OFFSHORE LTD.,43.45,45.62,42.85,45.17,45.11,43.45,,45.1,,,101285,4480817.65,513,F1,1,,,,,
2025-09-24,2025-09-24,CM,NSE,STK,13288,INE00ZE01026,AFSL,EQ,,,,,ABANS FINANCIAL SRVCS LTD,209.0,211.75,208.01,208.36,209.11,210.79,,208.36,,,6016,1261094.93,401,F1,1,,,,,
2025-09-24,2025-09-24,CM,NSE,STK,13,INE117A01022,ABB,EQ,,,,,ABB INDIA LIMITED,5298.0,5349.8,5223.6,5237.3,5230.1,5298.7,,5237.3,,,137979,728888029.4,19086,F1,1,,,,,
2025-09-24,2025-09-24,CM,NSE,STK,17903,INE358A01014,ABBOTINDIA,EQ,,,,,ABBOTT INDIA LIMITED,30380.0,30465.0,30090.0,30195.0,30170.0,30225.0,,30195.0,,,5501,166391780.0,2420,F1,1,,,,,
2025-09-24,2025-09-24,CM,NSE,STK,755940,INE860H07IP2,78ABCL33,N1,,,,,ABCL 7.8% SR V,1005.0,1005.0,1005.0,1005.0,1005.0,1020.0,,1005.0,,,30,30150.0,1,F1,1,,,,,
2025-09-24,2025-09-24,CM,NSE,STK,27287,INE0UYG01015,ABHAPOWER,ST,,,,,ABHA POWER N STEEL LTD,43.15,44.2,43.15,44.2,44.2,42.1,,44.2,,,17600,773280.0,11,F1,1600,,,,,
2025-09-24,2025-09-24,CM,NSE,STK,4626,INE0CAJ01017,AILIMITED,SM,,,,,ABHISHEK INTEGRATIONS LTD,41.0,41.0,41.0,41.0,41.0,41.0,,41.0,,,4500,184500.0,3,F1,1500,,,,,
2025-09-24,2025-09-24,CM,NSE,STK,5551,INE251C01025,ABMINTLLTD,BE,,,,,ABM INTERNATIONAL LTD,41.03,41.03,41.03,41.03,41.03,41.87,,41.03,,,310,12719.3,11,F1,1,,,,,
2025-09-24,2025-09-24,CM,NSE,STK,23783,INE0QRV01016,ABSMARINE,SM,,,,,ABS MARINE SERVICES LTD,191.0,191.0,188.0,189.15,189.5,191.7,,189.15,,,24000,4539425.0,47,F1,500,,,,,
2025-09-24,2025-09-24,CM,NSE,STK,22,INE012A01025,ACC,EQ,,,,,ACC LIMITED,1874.4,1884.0,1858.9,1860.9,1860.7,1878.6,,1860.9,,,111343,208056197.0,8301,F1,1,,,,,
2025-09-24,2025-09-24,CM,NSE,STK,7053,INE793A01012,ACCELYA,EQ,,,,,ACCELYA SOLN INDIA LTD,1495.0,1499.0,1483.0,1488.3,1488.0,1495.0,,1488.0,,,13319,19826536.1,1910,F1,1,,,,,
2025-09-24,2025-09-24,CM,NSE,STK,20496,INE0Q5D01013,ACCENTMIC,ST,,,,,ACCENT MICROCELL LIMITED,250.0,256.5,245.0,250.0,250.0,253.85,,250.0,,,32000,8001250.0,49,F1,500,,,,,
2025-09-24,2025-09-24,CM,NSE,STK,757021,INE0T8T01010,ACCPL,SM,,,,,ACCRETION PHARMA LIMITED,64.2,64.2,60.05,60.85,61.9,64.2,,60.85,,,37200,2305140.0,22,F1,1200,,,,,
2025-09-24,2025-09-24,CM,NSE,STK,1465,INE648Z01023,ACCURACY,EQ,,,,,ACCURACY SHIPPING LIMITED,7.35,7.41,6.75,7.13,7.13,7.28,,7.13,,,159242,1145402.28,663,F1,1,,,,,
2025-09-24,2025-09-24,CM,NSE,STK,11779,INE543V01017,ACEINTEG,EQ,,,,,ACE INTEGRATED SOLU. LTD.,26.4,26.4,23.67,24.17,24.15,25.55,,24.17,,,27902,680760.75,381,F1,1,,,,,
2025-09-24,2025-09-24,CM,NSE,STK,27061,INE622W01025,ACMESOLAR,EQ,,,,,ACME SOLAR HOLDINGS LTD,288.35,295.0,282.65,283.95,283.95,287.55,,283.95,,,1020315,294787892.8,22753,F1,1,,,,,
2025-09-24,2025-09-24,CM,NSE,STK,13587,INE731H01025,ACE,EQ,,,,,ACTION CONST EQUIP LTD,1157.5,1158.0,1135.0,1138.1,1136.5,1155.4,,1138.1,,,143290,163775954.4,10725,F1,1,,,,,
2025-09-24,2025-09-24,CM,NSE,STK,30464,INE0KLO01025,ACTIVEINFR,SM,,,,,ACTIVE INFRASTRUCTURES L,170.0,170.0,170.0,170.0,170.0,171.1,,170.0,,,1200,204000.0,2,F1,600,,,,,
2025-09-24,2025-09-24,CM,NSE,STK,5578,INE00FF01025,ACUTAAS,EQ,,,,,ACUTAAS CHEMICALS LIMITED,1450.0,1462.0,1442.5,1449.2,1450.0,1450.1,,1449.2,,,104320,151526183.5,9232,F1,1,,,,,
2025-09-24,2025-09-24,CM,NSE,STK,10217,INE931S01010,ADANIENSOL,EQ,,,,,ADANI ENERGY SOLUTION LTD,920.9,924.8,887.05,889.0,891.0,925.1,,889.0,,,2938215,2649688103.75,53567,F1,1,,,,,
2025-09-24,2025-09-24,CM,NSE,STK,25,INE423A01024,ADANIENT,EQ,,,,,ADANI ENTERPRISES LIMITED,2655.0,2676.0,2614.4,2619.8,2624.0,2676.4,,2619.8,,,1720785,4556438133.6,60770,F1,1,,,,,
2025-09-24,2025-09-24,CM,NSE,STK,3563,INE364U01010,ADANIGREEN,EQ,,,,,ADANI GREEN ENERGY LTD,1126.0,1141.7,1090.45,1095.25,1097.2,1131.45,,1095.2,,,7615653,8449684409.2,141577,F1,1,,,,,
2025-09-24,2025-09-24,CM,NSE,STK,15083,INE742F01042,ADANIPORTS,EQ,,,,,ADANI PORT & SEZ LTD,1445.0,1452.4,1429.1,1431.6,1431.7,1441.6,,1431.6,,,2603193,3748011014.7,70692,F1,1,,,,,
2025-09-24,2025-09-24,CM,NSE,STK,17388,INE814H01029,ADANIPOWER,EQ,,,,,ADANI POWER LTD,163.25,163.7,142.1,144.5,144.8,162.35,,144.55,,,135960455,20609894554.15,527461,F1,1,,,,,
2025-09-24,2025-09-24,CM,NSE,STK,6066,INE399L01023,ATGL,EQ,,,,,ADANI TOTAL GAS LIMITED,724.0,724.75,662.5,667.3,665.5,722.95,,667.3,,,6306234,4343794686.15,109713,F1,1,,,,,
2025-09-24,2025-09-24,CM,NSE,STK,22468,INE0RDH01021,LAWSIKHO,SM,,,,,ADDICTIVE LEARNING TECH L,145.0,150.0,144.5,144.95,144.85,145.05,,144.95,,,24500,3575925.0,37,F1,500,,,,,
2025-09-24,2025-09-24,CM,NSE,STK,19761,INE982B01027,ADFFOODS,EQ,,,,,ADF FOODS LIMITED,226.8,229.0,225.0,225.18,226.0,227.51,,225.18,,,526451,118548122.42,2599,F1,1,,,,,
2025-09-24,2025-09-24,CM,NSE,STK,6018,INE404A01024,ABSLAMC,EQ,,,,,ADIT BIRL SUN LIF AMC LTD,810.0,822.0,806.9,812.1,812.0,810.75,,812.1,,,430155,349817528.3,20248,F1,1,,,,,
2025-09-24,2025-09-24,CM,NSE,STK,21614,INE674K01013,ABCAPITAL,EQ,,,,,ADITYA BIRLA CAPITAL LTD.,291.45,299.4,290.5,291.95,292.0,291.45,,291.95,,,9448934,2791881607.55,82573,F1,1,,,,,
2025-09-24,2025-09-24,CM,NSE,STK,30108,INE647O01011,ABFRL,EQ,,,,,ADITYA BIRLA FASHION & RT,92.52,92.74,90.6,91.13,90.91,92.03,,91.13,,,5122368,467894338.5,24388,F1,1,,,,,
2025-09-24,2025-09-24,CM,NSE,STK,756843,INE14LE01019,ABLBL,EQ,,,,,ADITYA BIRLA LIFES BRAN L,140.0,142.0,135.1,135.89,136.0,140.0,,135.89,,,1327305,182134125.56,16689,F1,1,,,,,
2025-09-24,2025-09-24,CM,NSE,STK,15239,INE865C01022,BIRLAMONEY,EQ,,,,,ADITYA BIRLA MONEY LTD,178.95,179.01,173.4,174.16,174.0,178.28,,174.17,,,133982,23498859.37,3590,F1,1,,,,,
2025-09-24,2025-09-24,CM,NSE,STK,625,INE055A01016,ABREL,EQ,,,,,ADITYA BIRLA REAL EST LTD,1847.1,1863.3,1823.0,1845.1,1847.0,1846.9,,1845.1,,,65932,121566943.6,8068,F1,1,,,,,
2025-09-24,2025-09-24,CM,NSE,STK,758858,INE819V01029,CPPLUS,EQ,,,,,ADITYA INFOTECH LIMITED,1394.0,1395.0,1362.6,1375.4,1372.7,1394.6,,1375.4,,,116040,159911536.7,8153,F1,1,,,,,
2025-09-24,2025-09-24,CM,NSE,STK,25251,INE01YQ01013,AUSL,ST,,,,,ADITYA ULTRA STEEL LTD,37.0,37.0,37.0,37.0,37.0,37.0,,37.0,,,4000,148000.0,2,F1,2000,,,,,
2025-09-24,2025-09-24,CM,NSE,STK,25984,INE679V01027,AVL,EQ,,,,,ADITYA VISION LIMITED,562.2,587.0,560.2,578.95,577.45,559.45,,578.95,,,531011,305683712.45,30173,F1,1,,,,,
2025-09-24,2025-09-24,CM,NSE,STK,23804,INF209KB18D3,BSLGOLDETF,EQ,,,,,ADITYBIRLA SL GOLD ETF-GR,102.37,102.37,100.0,100.4,100.64,101.4,,100.42,,,2919360,292487071.01,2084,F1,1,,,,,
2025-09-24,2025-09-24,CM,NSE,STK,24781,INF209KB19D1,BSLNIFTY,EQ,,,,,ADITYBIRLA SL NIF ETF-GR,28.98,29.58,28.98,29.11,29.13,29.26,,29.11,,,252316,7345945.61,3201,F1,1,,,,,
2025-09-24,2025-09-24,CM,NSE,STK,34,INE045A01017,ADOR,EQ,,,,,ADOR WELDING LTD,1015.0,1020.0,995.0,1008.35,1003.0,1015.45,,1008.3,,,10054,10115941.65,1080,F1,1,,,,,
2025-09-24,2025-09-24,CM,NSE,STK,4953,INE737B01033,ADROITINFO,EQ,,,,,ADROIT INFOTECH LIMITED,10.97,11.32,10.22,10.62,10.99,10.97,,10.67,,,27423,296141.89,183,F1,1,,,,,
2025-09-24,2025-09-24,CM,NSE,STK,18039,INE837H01020,ADVENZYMES,EQ,,,,,ADVANCED ENZYME TECH LTD,333.9,340.85,331.65,334.7,332.2,332.35,,334.65,,,143230,48134172.75,7878,F1,1,,,,,
2025-09-24,2025-09-24,CM,NSE,STK,14745,INE199C01026,ADVANIHOTR,EQ,,,,,ADVANI HOT.& RES.(I) LTD,60.77,60.77,58.15,59.11,58.7,60.69,,59.13,,,49081,2920398.23,1052,F1,1,,,,,
2025-09-24,2025-09-24,CM,NSE,STK,40,INE208C01025,AEGISLOG,EQ,,,,,AEGIS LOGISTICS LIMITED,782.15,783.9,759.1,762.3,764.9,782.15,,762.35,,,443806,341810533.2,22045,F1,1,,,,,
2025-09-24,2025-09-24,CM,NSE,STK,757336,INE0INX01018,AEGISVOPAK,EQ,,,,,AEGIS VOPAK TERMINALS LTD,246.0,246.0,238.3,239.01,238.65,247.04,,239.01,,,653749,157869230.19,18385,F1,1,,,,,
2025-09-24,2025-09-24,CM,NSE,STK,757871,INE423A07427,885AEL28,NB,,,,,AEL 8.85% 2028 SR III,1035.0,1035.0,1035.0,1035.0,1035.0,1024.0,,1035.0,,,1,1035.0,1,F1,1,,,,,
2025-09-24,2025-09-24,CM,NSE,STK,757869,INE423A07450,895AEL27,N9,,,,,AEL 8.95% 2027 SR I,1010.0,1010.0,1010.0,1010.0,1010.0,1004.0,,1010.0,,,150,151500.0,1,F1,1,,,,,
2025-09-24,2025-09-24,CM,NSE,STK,757874,INE423A07443,9AEL30,NE,,,,,AEL 9% 2030 SR VI,1021.0,1021.0,1021.0,1021.0,1021.0,1023.0,,1021.0,,,110,112310.0,1,F1,1,,,,,
2025-09-24,2025-09-24,CM,NSE,STK,757875,INE423A07393,930AEL30,NF,,,,,AEL 9.3% 2030 SR VII,1013.25,1017.99,1012.1,1016.99,1016.0,1012.47,,1016.6,,,2647,2682865.03,53,F1,1,,,,,
2025-09-24,2025-09-24,CM,NSE,STK,12015,INE065D01027,AEROENTER,EQ,,,,,AEROFLEX ENTERPRISES LTD,85.9,85.9,83.55,84.27,84.52,85.37,,84.28,,,228737,19254123.6,1251,F1,1,,,,,
2025-09-24,2025-09-24,CM,NSE,STK,18268,INE024001021,AEROFLEX,EQ,,,,,AEROFLEX INDUSTRIES LTD,192.4,193.4,184.99,185.81,185.81,192.74,,185.81,,,490474,92678113.32,8454,F1,1,,,,,
2025-09-24,2025-09-24,CM,NSE,STK,13689,INE035801013,AERONEU,EQ,,,,,AEROFLEX NEU LIMITED,100.44,102.5,99.2,99.64,99.2,100.49,,99.55,,,16879,1694514.73,175,F1,1,,,,,
2025-09-24,2025-09-24,CM,NSE,STK,25065,INE0WL801011,AERON,SM,,,,,AERON COMPOSITE LIMITED,106.05,111.2,106.0,110.5,110.5,107.5,,110.5,,,19000,2082850.0,18,F1,1000,,,,,
2025-09-24,2025-09-24,CM,NSE,STK,24830,INE0TSF01011,AESTHETIK,SM,,,,,AESTHETIK ENGINEERS LTD,144.8,148.3,144.8,148.3,148.3,141.25,,148.3,,,86000,12713800.0,34,F1,2000,,,,,
2025-09-24,2025-09-24,CM,NSE,STK,9810,INE0BWX01014,AETHER,EQ,,,,,AETHER INDUSTRIES LIMITED,740.75,750.0,733.1,736.8,737.0,740.9,,736.8,,,622924,465867207.6,7506,F1,1,,,,,
2025-09-24,2025-09-24,CM,NSE,STK,25977,INE101I01011,AFCONS,EQ,,,,,AFCONS INFRASTRUCTURE LTD,453.0,459.7,452.15,456.6,453.15,455.35,,456.6,,,350780,160130448.0,12000,F1,1,,,,,
2025-09-24,2025-09-24,CM,NSE,STK,11343,INE00WC01027,AFFLE,EQ,,,,,AFFLE 3I LIMITED,2086.7,2099.0,2030.0,2038.6,2037.5,2084.2,,2038.6,,,178959,368019833.1,16240,F1,1,,,,,
2025-09-24,2025-09-24,CM,NSE,STK,25855,INE692Z01013,AFFORDABLE,EQ,,,,,AFFORD ROBO & AUTO LTD,255.15,264.0,252.0,255.15,256.9,249.5,,255.05,,,63391,16285066.6,2402,F1,1,,,,,
2025-09-24,2025-09-24,CM,NSE,STK,14263,INE0MLA01012,AGARWALFT,SM,,,,,AGARWAL FLOAT GLASS I LTD,64.7,66.0,64.0,65.2,65.0,63.7,,65.2,,,25500,1657050.0,13,F1,1500,,,,,
2025-09-24,2025-09-24,CM,NSE,STK,3389,INE204E01012,AGARIND,EQ,,,,,AGARWAL INDS CORP LTD.,959.8,1006.0,949.5,990.8,981.0,959.85,,990.55,,,87327,86181831.85,6549,F1,1,,,,,
2025-09-24,2025-09-24,CM,NSE,STK,27309,INE0P8X01016,AGARWALTUF,SM,,,,,AGARWAL TOUGH GLASS IND L,160.0,174.05,159.0,167.25,169.45,158.3,,167.25,,,234000,39197880.0,150,F1,1200,,,,,
2025-09-24,2025-09-24,CM,NSE,STK,1412,INE415A01038,AGI,EQ,,,,,AGI GREENPAC LIMITED,869.5,913.95,856.9,908.1,906.4,862.1,,908.15,,,543889,488368585.45,38173,F1,1,,,,,
2025-09-24,2025-09-24,CM,NSE,STK,24445,INE976R01025,AGIIL,EQ,,,,,AGI INFRA LIMITED,1190.0,1247.0,1181.0,1237.6,1245.0,1187.5,,1237.6,,,700054,847797722.2,24182,F1,1,,,,,
2025-09-24,2025-09-24,CM,NSE,STK,10498,INE0LF301013,AGNI,ST,,,,,AGNI GREEN POWER LTD,29.0,29.0,28.7,28.7,28.7,28.2,,28.7,,,5000,144250.0,2,F1,2500,,,,,
2025-09-24,2025-09-24,CM,NSE,STK,11072,INE449G01018,AGRITECH,EQ,,,,,AGRI-TECH (INDIA) LIMITED,141.0,143.25,138.2,139.46,138.65,139.08,,139.46,,,7213,1011910.25,286,F1,1,,,,,
2025-09-24,2025-09-24,CM,NSE,STK,9105,INE740V01019,AGROPHOS,BE,,,,,AGRO PHOS INDIA LIMITED,46.69,47.47,42.94,44.61,45.25,45.21,,44.61,,,244433,11179802.89,617,F1,1,,,,,
2025-09-24,2025-09-24,CM,NSE,STK,7935,INE583L01014,AGSTRA,BE,,,,,AGS TRANSACT TECH LTD,4.04,4.1,4.04,4.05,4.05,4.12,,4.13,,,366960,1487126.85,356,F1,1,,,,,
2025-09-24,2025-09-24,CM,NSE,STK,2004,INE00PV01013,AHLADA,EQ,,,,,AHLADA ENGINEERS LIMITED,67.6,70.77,66.1,68.33,68.95,65.46,,68.33,,,126772,8720993.91,1516,F1,1,,,,,
2025-09-24,2025-09-24,CM,NSE,STK,17833,INE758C01029,AHLUCONT,EQ,,,,,AHLUWALIA CONT IND LTD,1012.8,1020.0,993.05,1015.3,1010.0,1012.8,,1015.3,,,67312,67991590.65,5571,F1,1,,,,,
2025-09-24,2025-09-24,CM,NSE,STK,13086,INE212H01026,AIAENG,EQ,,,,,AIA ENGINEERING LIMITED,3049.9,3097.0,3041.9,3070.2,3068.1,3055.7,,3070.2,,,20959,64425961.3,6870,F1,1,,,,,
2025-09-24,2025-09-24,CM,NSE,STK,23984,INE0RUV01018,AIMTRON,SM,,,,,AIMTRON ELECTRONICS LTD,707.0,726.0,707.0,721.7,722.9,706.75,,721.7,,,20400,14668160.0,51,F1,400,,,,,
2025-09-24,2025-09-24,CM,NSE,STK,9874,INE805A01014,GOLDTECH,EQ,,,,,AION-TECH SOLUTIONS LTD,67.71,67.96,65.0,66.63,66.5,67.07,,66.61,,,38087,2541856.69,314,F1,1,,,,,
2025-09-24,2025-09-24,CM,NSE,STK,9897,INE645W01026,AIRAN,EQ,,,,,AIRAN LIMITED,25.6,25.92,25.28,25.38,25.29,25.7,,25.38,,,54561,1390875.05,551,F1,1,,,,,
2025-09-24,2025-09-24,CM,NSE,STK,6068,INE801L01010,AIROLAM,EQ,,,,,AIRO LAM LIMITED,110.95,110.95,108.56,109.4,109.47,109.19,,109.4,,,2480,270777.86,46,F1,1,,,,,
2025-09-24,2025-09-24,CM,NSE,STK,6435,IN9397D01014,AIRTELPP,E1,,,,,AIRTEL RS. 1.25 PPD UP,1467.0,1476.15,1451.55,1464.25,1468.9,1478.2,,1464.25,,,40127,58580926.05,2615,F1,1,,,,,
2025-09-24,2025-09-24,CM,NSE,STK,8124,INE031B01049,AJANTPHARM,EQ,,,,,AJANTA PHARMA LIMITED,2533.0,2549.0,2515.5,2531.2,2520.0,2544.9,,2531.2,,,105355,267008730.3,10585,F1,1,,,,,
2025-09-24,2025-09-24,CM,NSE,STK,29624,INE274Y01021,AJAXENGG,EQ,,,,,AJAX ENGINEERING LIMITED,659.0,661.9,649.5,650.45,650.0,656.5,,650.45,,,27886,18218506.7,2826,F1,1,,,,,
2025-09-24,2025-09-24,CM,NSE,STK,17307,INE298G01027,AJMERA,EQ,,,,,AJMERA REALTY & INF I LTD,1078.2,1083.35,1026.9,1037.2,1040.5,1073.7,,1037.2,,,168811,177993935.55,10511,F1,1,,,,,
2025-09-24,2025-09-24,CM,NSE,STK,3403,INE820Y01021,AJOONI,EQ,,,,,AJOONI BIOTECH LIMITED,5.36,5.71,5.35,5.5,5.53,5.36,,5.5,,,443736,2447430.77,724,F1,1,,,,,
2025-09-24,2025-09-24,CM,NSE,STK,21121,INE0PCY01014,AKANKSHA,SM,,,,,AKANKSHA POWER N INFRA L,90.0,92.9,88.0,88.45,88.45,90.05,,88.45,,,40000,3592550.0,26,F1,1000,,,,,
2025-09-24,2025-09-24,CM,NSE,STK,13510,INE737W01013,AKASH,EQ,,,,,AKASH INFRA-PROJECTS LTD,31.61,31.61,30.5,30.56,30.57,31.64,,30.56,,,11235,349923.63,170,F1,1,,,,,
2025-09-24,2025-09-24,CM,NSE,STK,2176,INE00Y801016,AKG,EQ,,,,,AKG EXIM LIMITED,12.8,12.8,12.3,12.43,12.37,12.54,,12.43,,,37700,472524.81,118,F1,1,,,,,
2025-09-24,2025-09-24,CM,NSE,STK,14895,INE642Z01026,AKI,BE,,,,,AKI INDIA LIMITED,9.84,10.0,9.7,9.93,9.98,9.88,,9.94,,,23088,228567.99,98,F1,1,,,,,
2025-09-24,2025-09-24,CM,NSE,STK,24307,INE0PMR01017,AKIKO,ST,,,,,AKIKO GLOBAL SERVICES L,275.5,280.0,261.65,262.5,262.0,274.25,,262.5,,,19200,5152240.0,12,F1,1600,,,,,
2025-09-24,2025-09-24,CM,NSE,STK,24159,INE916Y01027,AFIL,EQ,,,,,AKME FINTRADE (INDIA) LTD,7.93,8.48,7.93,8.37,8.43,7.92,,8.37,,,8352041,69503685.74,6120,F1,1,,,,,
2025-09-24,2025-09-24,CM,NSE,STK,8591,INE523B01011,AKSHOPTFBR,EQ,,,,,AKSH OPTIFIBRE LIMITED,7.72,7.93,7.72,7.78,7.76,7.83,,7.78,,,136308,1064667.45,325,F1,1,,,,,
2025-09-24,2025-09-24,CM,NSE,STK,9558,INE256Z01025,AKSHAR,EQ,,,,,AKSHAR SPINTEX LIMITED,0.58,0.59,0.57,0.57,0.58,0.57,,0.58,,,1547440,895366.79,641,F1,1,,,,,
2025-09-24,2025-09-24,CM,NSE,STK,20178,INE542B01011,AKSHARCHEM,EQ,,,,,AKSHARCHEM INDIA LIMITED,267.8,272.4,261.1,263.45,262.3,265.4,,263.45,,,4885,1302449.0,461,F1,1,,,,,
2025-09-24,2025-09-24,CM,NSE,STK,24715,INE09XN01023,AKUMS,EQ,,,,,AKUMS DRUGS AND PHARMA L,470.65,471.95,464.7,466.0,465.25,470.65,,466.0,,,99438,46598053.1,3816,F1,1,,,,,
2025-09-24,2025-09-24,CM,NSE,STK,12457,INE133A01011,AKZOINDIA,BL,,,,,AKZO NOBEL INDIA LIMITED,3358.8,3358.8,3358.8,3358.8,3358.8,311.5,,3358.8,,,2277015,7648037982.0,13,F1,999999999,,,,,
2025-09-24,2025-09-24,CM,NSE,STK,1467,INE133A01011,AKZOINDIA,EQ,,,,,AKZO NOBEL INDIA LIMITED,3400.2,3417.0,3373.0,3390.1,3399.8,3392.7,,3390.1,,,62097,210420400.6,8385,F1,1,,,,,
2025-09-24,2025-09-24,CM,NSE,STK,9921,INE914E01040,ALANKIT,EQ,,,,,ALANKIT LIMITED,13.41,13.45,13.08,13.12,13.25,13.41,,13.12,,,604703,7994395.86,2026,F1,1,,,,,
2025-09-24,2025-09-24,CM,NSE,STK,17256,INE155C01010,ALBERTDAVD,EQ,,,,,ALBERT DAVID LIMITED,803.9,803.95,792.0,797.05,796.0,799.6,,797.05,,,2406,1916522.6,290,F1,1,,,,,
2025-09-24,2025-09-24,CM,NSE,STK,79,INE426A01027,ALEMBICLTD,EQ,,,,,ALEMBIC LIMITED,104.31,104.8,103.48,104.19,104.0,104.33,,104.19,,,168155,17492594.47,4045,F1,1,,,,,
2025-09-24,2025-09-24,CM,NSE,STK,25328,INE901L01018,APLLTD,EQ,,,,,ALEMBIC PHARMA LTD,940.05,942.2,915.3,920.2,922.8,940.05,,920.2,,,107656,99966168.35,8874,F1,1,,,,,
2025-09-24,2025-09-24,CM,NSE,STK,13656,INE062D01024,ALICON,EQ,,,,,ALICON CASTALLOY LIMITED,910.9,922.05,876.5,884.45,884.75,918.9,,884.3,,,9284,8349222.15,1439,F1,1,,,,,
2025-09-24,2025-09-24,CM,NSE,STK,5265,INE03Q201024,ALIVUS,EQ,,,,,ALIVUS LIFE SCIENCES LTD,988.05,988.05,953.0,968.3,969.85,983.25,,968.3,,,102015,98487712.7,10712,F1,1,,,,,
2025-09-24,2025-09-24,CM,NSE,STK,16959,INE773I01017,ALKALI,EQ,,,,,ALKALI METALS LTD,98.0,98.0,95.01,95.71,96.85,95.9,,95.7,,,8017,771893.85,345,F1,1,,,,,
2025-09-24,2025-09-24,CM,NSE,STK,11703,INE540L01014,ALKEM,EQ,,,,,ALKEM LABORATORIES LTD.,5545.5,5586.5,5531.5,5576.0,5572.0,5544.5,,5576.0,,,156546,872058425.0,17273,F1,1,,,,,
2025-09-24,2025-09-24,CM,NSE,STK,4487,INE150B01039,ALKYLAMINE,EQ,,,,,ALKYL AMINES CHEM. LTD,2024.4,2032.5,1996.2,2023.6,2025.0,2024.4,,2023.6,,,19274,38880941.4,3916,F1,1,,,,,
2025-09-24,2025-09-24,CM,NSE,STK,13203,INE0M2X01012,ALLETEC,SM,,,,,ALL E TECHNOLOGIES LTD,280.55,282.9,278.0,278.6,279.25,282.95,,278.6,,,17200,4814960.0,42,F1,400,,,,,
2025-09-24,2025-09-24,CM,NSE,STK,758448,INE0GV601021,ALLTIME,EQ,,,,,ALL TIME PLASTICS LIMITED,279.2,281.3,274.0,275.0,275.0,281.6,,275.0,,,301311,83102105.95,6836,F1,1,,,,,
2025-09-24,2025-09-24,CM,NSE,STK,13688,INE152B01027,ACLGATI,EQ,,,,,ALLCARGO GATI LIMITED,61.1,61.65,59.5,59.69,60.0,60.7,,59.7,,,659190,39700319.87,4109,F1,1,,,,,
2025-09-24,2025-09-24,CM,NSE,STK,13501,INE418H01029,ALLCARGO,EQ,,,,,ALLCARGO LOGISTICS LTD,33.04,35.58,33.0,33.66,33.9,32.95,,33.66,,,21667473,747948638.21,64425,F1,1,,,,,
2025-09-24,2025-09-24,CM,NSE,STK,17778,INE0NN701020,ATL,EQ,,,,,ALLCARGO TERMINALS LTD,35.61,39.0,34.63,37.8,37.97,35.35,,37.8,,,3867977,143992211.14,12975,F1,1,,,,,
2025-09-24,2025-09-24,CM,NSE,STK,11798,INE835G01018,ALLDIGI,EQ,,,,,ALLDIGI TECH LIMITED,920.1,930.5,912.85,918.35,926.5,924.45,,918.2,,,5384,4957766.4,489,F1,1,,,,,
2025-09-24,2025-09-24,CM,NSE,STK,24308,INE552Z01027,ABDL,EQ,,,,,ALLIED BLEND N DISTILS L,531.7,539.15,525.25,535.3,532.95,531.7,,535.3,,,284102,151265719.05,11019,F1,1,,,,,
2025-09-24,2025-09-24,CM,NSE,STK,14813,INE102I01027,ADSL,EQ,,,,,ALLIED DIGITAL SERV. LTD,201.0,202.63,191.1,193.3,192.9,200.93,,193.27,,,443599,86572916.12,7562,F1,1,,,,,
2025-09-24,2025-09-24,CM,NSE,STK,16719,INE326B01035,ALMONDZ,EQ,,,,,ALMONDZ GLOBAL SEC LTD,19.74,19.9,19.45,19.63,19.72,19.73,,19.64,,,101301,1992543.2,456,F1,1,,,,,
2025-09-24,2025-09-24,CM,NSE,STK,17675,INE270A01029,ALOKINDS,EQ,,,,,ALOK INDUSTRIES LIMITED,18.25,18.38,17.9,18.0,18.0,18.3,,18.0,,,4083725,74142314.29,12227,F1,1,,,,,
2025-09-24,2025-09-24,CM,NSE,STK,14848,INE385I01010,ALPA,EQ,,,,,ALPA LABORATORIES LTD,94.72,94.73,92.52,93.18,93.5,94.72,,93.18,,,14008,1309002.08,370,F1,1,,,,,
2025-09-24,2025-09-24,CM,NSE,STK,22688,INE0R4701017,ALPEXSOLAR,SM,,,,,ALPEX SOLAR LIMITED,1251.95,1258.35,1221.0,1230.4,1225.0,1252.4,,1230.4,,,35000,43476100.0,161,F1,200,,,,,
2025-09-24,2025-09-24,CM,NSE,STK,14597,INE137C01018,ALPHAGEO,EQ,,,,,ALPHAGEO (INDIA) LIMITED,249.73,255.66,248.55,249.48,249.5,249.73,,249.5,,,5048,1270056.79,393,F1,1,,,,,
2025-09-24,2025-09-24,CM,NSE,STK,7623,INE093B01015,ALPSINDUS,BE,,,,,ALPS INDUSTRIES LTD.,1.7,1.83,1.7,1.74,1.74,1.75,,1.84,,,14804,25820.92,21,F1,1,,,,,
2025-09-24,2025-09-24,CM,NSE,STK,23474,INE0STM01017,ALUWIND,SM,,,,,ALUWIND INFRA-TECH LTD,89.0,90.0,88.75,88.85,88.8,90.35,,88.85,,,12000,1068900.0,8,F1,1500,,,,,
2025-09-24,2025-09-24,CM,NSE,STK,758909,INE084K01015,AMANTA,EQ,,,,,AMANTA HEALTHCARE LIMITED,147.25,151.3,142.2,143.86,142.5,146.82,,144.0,,,286218,41701877.5,2952,F1,1,,,,,
2025-09-24,2025-09-24,CM,NSE,STK,100,INE885A01032,ARE&M,EQ,,,,,AMARA RAJA ENERGY MOB LTD,1008.65,1018.55,993.0,1002.7,1000.0,1008.65,,1002.7,,,406969,407572554.65,27529,F1,1,,,,,
2025-09-24,2025-09-24,CM,NSE,STK,1185,INE371P01015,AMBER,EQ,,,,,AMBER ENTERPRISES (I) LTD,8265.0,8420.0,8230.0,8410.0,8415.0,8300.5,,8410.0,,,277445,2317504421.5,32702,F1,1,,,,,
2025-09-24,2025-09-24,CM,NSE,STK,24415,INE0M3I01029,AMBEY,SM,,,,,AMBEY LABORATORIES LTD,43.0,44.75,43.0,44.35,43.6,42.8,,44.35,,,34000,1496900.0,16,F1,2000,,,,,
2025-09-24,2025-09-24,CM,NSE,STK,11496,INE792B01012,AMBICAAGAR,EQ,,,,,AMBICA AGAR & AROMAINDLTD,25.65,25.89,25.48,25.79,25.78,25.62,,25.79,,,7070,182162.1,71,F1,1,,,,,
2025-09-24,2025-09-24,CM,NSE,STK,15234,INE540G01014,AMBIKCO,EQ,,,,,AMBIKA COTTON MILL LTD.,1471.2,1506.0,1445.6,1489.9,1506.0,1463.5,,1490.1,,,6427,9413695.6,1009,F1,1,,,,,
2025-09-24,2025-09-24,CM,NSE,STK,1270,INE079A01024,AMBUJACEM,EQ,,,,,AMBUJA CEMENTS LTD,589.0,598.35,581.65,582.65,583.0,591.6,,582.65,,,2053504,1210299625.45,29170,F1,1,,,,,
2025-09-24,2025-09-24,CM,NSE,STK,14398,INE005I01014,AMDIND,EQ,,,,,AMD INDUSTRIES LIMITED,60.3,62.45,57.51,58.12,58.0,61.42,,58.11,,,77547,4602904.37,1487,F1,1,,,,,
2025-09-24,2025-09-24,CM,NSE,STK,10898,INE0KT901015,AMEYA,SM,,,,,AMEYA PRECISION ENG LTD,103.0,103.0,103.0,103.0,103.0,100.1,,103.0,,,1000,103000.0,1,F1,1000,,,,,
2025-09-24,2025-09-24,CM,NSE,STK,19867,INE275D01022,AMNPLST,EQ,,,,,AMINES & PLASTICIZERS LTD,225.25,232.5,222.5,222.71,223.05,225.54,,222.72,,,6328,1432101.39,433,F1,1,,,,,
2025-09-24,2025-09-24,CM,NSE,STK,2598,INE606A01024,AMJLAND,EQ,,,,,AMJ LAND HOLDINGS LIMITED,57.69,57.69,56.0,56.22,56.15,56.7,,56.22,,,14617,827607.92,319,F1,1,,,,,
2025-09-24,2025-09-24,CM,NSE,STK,17547,INE098F01031,AMRUTANJAN,EQ,,,,,AMRUTAJAN HEALTH LTD,751.5,757.35,740.95,747.65,744.25,757.4,,747.75,,,16558,12364029.15,2164,F1,1,,,,,
2025-09-24,2025-09-24,CM,NSE,STK,7145,INE463V01026,ANANDRATHI,EQ,,,,,ANAND RATHI WEALTH LTD,2977.5,2977.5,2850.1,2882.4,2882.8,2973.0,,2882.1,,,103874,301660629.8,17690,F1,1,,,,,
2025-09-24,2025-09-24,CM,NSE,STK,13620,INE242C01024,ANANTRAJ,EQ,,,,,ANANT RAJ LIMITED,665.0,708.8,657.7,677.1,676.0,666.2,,677.1,,,24359780,16805017689.4,382275,F1,1,,,,,
2025-09-24,2025-09-24,CM,NSE,STK,758427,INE0VG001016,AMCL,SM,,,,,ANB METAL CAST LIMITED,200.0,208.0,199.5,204.0,204.0,200.0,,204.0,,,9600,1948160.0,10,F1,800,,,,,
2025-09-24,2025-09-24,CM,NSE,STK,15431,INE666E01020,ACL,BE,,,,,ANDHRA CEMENTS LIMITED,90.42,91.1,90.42,91.1,91.1,92.27,,92.0,,,49039,4462055.34,143,F1,1,,,,,
2025-09-24,2025-09-24,CM,NSE,STK,166,INE435A01051,ANDHRAPAP,EQ,,,,,ANDHRA PAPER LIMITED,79.69,80.4,78.6,78.77,78.97,79.63,,78.77,,,83735,6652572.37,2101,F1,1,,,,,
2025-09-24,2025-09-24,CM,NSE,STK,136,INE715B01021,ANDHRSUGAR,EQ,,,,,ANDHRA SUGARS LTD,76.0,76.6,75.4,75.57,75.42,76.24,,75.57,,,102082,7746657.04,1231,F1,1,,,,,
2025-09-24,2025-09-24,CM,NSE,STK,324,INE732I01013,ANGELONE,EQ,,,,,ANGEL ONE LIMITED,2228.0,2267.2,2182.8,2202.4,2202.0,2227.9,,2202.3,,,616548,1372191182.6,36587,F1,1,,,,,
2025-09-24,2025-09-24,CM,NSE,STK,482,INE635Y01015,AISL,SM,,,,,ANI INTEGRATED SERV LTD.,100.0,105.1,100.0,100.0,100.0,104.0,,100.0,,,4800,487260.0,8,F1,600,,,,,
2025-09-24,2025-09-24,CM,NSE,STK,16657,INE087B01017,ANIKINDS,EQ,,,,,ANIK INDUSTRIES LTD,69.0,69.93,65.8,66.21,65.8,68.6,,66.22,,,19633,1323199.43,388,F1,1,,,,,
2025-09-24,2025-09-24,CM,NSE,STK,20457,INE071F01012,APCL,BE,,,,,ANJANI PORTLAND CEM LTD,140.0,140.0,138.0,138.53,139.0,138.36,,138.62,,,494,68491.5,22,F1,1,,,,,
2025-09-24,2025-09-24,CM,NSE,STK,25878,INE106I01010,ANKITMETAL,BZ,,,,,ANKIT MET & POW LTD,2.0,2.08,1.97,2.03,2.06,1.99,,2.03,,,101988,208115.79,44,F1,1,,,,,
2025-09-24,2025-09-24,CM,NSE,STK,758968,INE0Y8W01017,AHCL,EQ,,,,,ANLON HEALTHCARE LIMITED,141.99,144.99,137.41,140.19,139.54,140.55,,140.17,,,932433,131991816.32,5886,F1,1,,,,,
2025-09-24,2025-09-24,CM,NSE,STK,13664,INE0LR101013,ANLON,ST,,,,,ANLON TECHNOLOGY SOL LTD,457.0,472.0,457.0,462.0,462.0,460.15,,462.0,,,2800,1293600.0,6,F1,400,,,,,
2025-09-24,2025-09-24,CM,NSE,STK,3727,INE02AR01019,ANMOL,EQ,,,,,ANMOL INDIA LIMITED,15.75,15.99,15.75,15.85,15.81,15.93,,15.85,,,46048,729107.74,273,F1,1,,,,,
2025-09-24,2025-09-24,CM,NSE,STK,11198,INE0MGM01017,ANNAPURNA,SM,,,,,ANNAPURNA SWADISHT LTD,271.9,272.0,268.0,270.75,272.0,269.6,,270.75,,,16000,4304287.5,45,F1,250,,,,,
2025-09-24,2025-09-24,CM,NSE,STK,758740,INE0VTV01012,ANONDITA,SM,,,,,ANONDITA MEDICARE LIMITED,392.0,400.1,371.05,372.75,371.05,390.2,,372.75,,,50000,19120350.0,46,F1,1000,,,,,
2025-09-24,2025-09-24,CM,NSE,STK,19677,INE436A01026,ANSALAPI,BZ,,,,,ANSAL PROP & INFRA LTD,4.78,4.79,4.65,4.7,4.7,4.75,,4.7,,,20766,97627.11,56,F1,1,,,,,
2025-09-24,2025-09-24,CM,NSE,STK,5194,INE414B01021,ANTGRAPHIC,EQ,,,,,ANTARCTICA LTD,1.09,1.12,1.09,1.09,1.12,1.08,,1.09,,,235776,258636.93,225,F1,1,,,,,
2025-09-24,2025-09-24,CM,NSE,STK,13598,INE818A01017,ANTELOPUS,EQ,,,,,ANTELOPUS SELAN ENRGY LTD,566.2,568.45,549.0,550.0,551.9,566.5,,550.0,,,20450,11321069.5,657,F1,1,,,,,
2025-09-24,2025-09-24,CM,NSE,STK,757885,INE0CZ201020,ANTHEM,EQ,,,,,ANTHEM BIOSCIENCES LTD,819.55,823.0,812.75,820.75,820.5,821.85,,820.8,,,222672,182315612.5,13403,F1,1,,,,,
2025-09-24,2025-09-24,CM,NSE,STK,1797,INE01BK01022,AWHCL,EQ,,,,,ANTONY WASTE HDG CELL LTD,581.7,585.0,575.1,578.75,576.65,577.95,,578.75,,,31752,18405257.0,1778,F1,1,,,,,
2025-09-24,2025-09-24,CM,NSE,STK,28314,INE489G01022,ANUHPHR,EQ,,,,,ANUH PHARMA LIMITED,86.79,86.89,85.0,85.37,85.48,86.53,,85.37,,,39409,3373774.86,938,F1,1,,,,,
2025-09-24,2025-09-24,CM,NSE,STK,2829,INE930P01018,ANURAS,EQ,,,,,ANUPAM RASAYAN INDIA LTD,1098.9,1119.9,1088.1,1110.4,1112.8,1093.2,,1110.4,,,741043,818890292.4,19280,F1,1,,,,,
2025-09-24,2025-09-24,CM,NSE,STK,28983,INE0SI601032,ANYA,SM,,,,,ANYA POLYTECH & FERTI LTD,23.15,23.8,23.0,23.0,23.0,23.15,,23.0,,,25000,584500.0,5,F1,5000,,,,,
2025-09-24,2025-09-24,CM,NSE,STK,758904,INF1J2R01114,AONEGOLD,EQ,,,,,AONEAMC - AONEGOLD,10.96,10.96,10.65,10.7,10.7,10.7,,10.7,,,577352,6185812.45,1641,F1,1,,,,,
2025-09-24,2025-09-24,CM,NSE,STK,30472,INF1J2R01056,AONELIQUID,EQ,,,,,AONEAMC - AONELIQUID,1026.82,1026.82,1026.8,1026.81,1026.82,1026.66,,1026.81,,,12211,12538385.05,133,F1,1,,,,,
2025-09-24,2025-09-24,CM,NSE,STK,757096,INF1J2R01064,AONENIFTY,EQ,,,,,AONEAMC - AONENIFTY,10.35,10.36,10.24,10.25,10.27,10.3,,10.25,,,242000,2485878.78,1331,F1,1,,,,,
2025-09-24,2025-09-24,CM,NSE,STK,29975,INF1J2R01015,AONETOTAL,EQ,,,,,AONEAMC - AONETOTAL,11.87,11.87,11.74,11.76,11.82,11.82,,11.76,,,685578,8084994.5,1710,F1,1,,,,,
2025-09-24,2025-09-24,CM,NSE,STK,11491,INE372A01015,APARINDS,EQ,,,,,APAR INDUSTRIES LTD.,8680.0,8787.0,8610.0,8758.5,8721.0,8676.0,,8758.5,,,32160,280185530.0,7207,F1,1,,,,,
2025-09-24,2025-09-24,CM,NSE,STK,154,INE116A01032,APCOTEXIND,EQ,,,,,APCOTEX INDUSTRIES LIMITE,405.0,412.8,402.35,405.75,406.4,406.5,,405.7,,,17795,7260001.6,2802,F1,1,,,,,
2025-09-24,2025-09-24,CM,NSE,STK,27288,INE0T4V01015,APEXECO,SM,,,,,APEX ECOTECH LIMITED,153.4,153.4,145.2,148.85,148.5,150.45,,148.85,,,44800,6690640.0,27,F1,1600,,,,,
2025-09-24,2025-09-24,CM,NSE,STK,21623,INE346W01013,APEX,EQ,,,,,APEX FROZEN FOODS LIMITED,235.2,237.19,229.05,230.7,231.9,235.4,,230.75,,,56347,13074184.93,3256,F1,1,,,,,
2025-09-24,2025-09-24,CM,NSE,STK,25780,INE702C01027,APLAPOLLO,EQ,,,,,APL APOLLO TUBES LTD,1683.0,1691.6,1671.5,1676.2,1673.1,1683.0,,1676.2,,,571798,962481553.2,25415,F1,1,,,,,
2025-09-24,2025-09-24,CM,NSE,STK,757180,INE0TLC07093,930APMD28,N0,,,,,APMD 9.30% 2028 STRPP B,101840.0,101840.0,101840.0,101840.0,101840.0,101962.05,,101840.0,,,1,101840.0,1,F1,1,,,,,
2025-09-24,2025-09-24,CM,NSE,STK,157,INE437A01024,APOLLOHOSP,EQ,,,,,APOLLO HOSPITALS ENTER. L,7698.0,7730.0,7634.5,7643.5,7662.0,7684.0,,7643.5,,,201984,1551656357.5,34585,F1,1,,,,,
2025-09-24,2025-09-24,CM,NSE,STK,1134,INE713T01028,APOLLO,EQ,,,,,APOLLO MICRO SYSTEMS LTD,339.5,347.95,337.55,341.55,342.0,338.25,,341.55,,,6711957,2306521077.45,52425,F1,1,,,,,
2025-09-24,2025-09-24,CM,NSE,STK,14361,INE126J01016,APOLLOPIPE,EQ,,,,,APOLLO PIPES LIMITED,389.5,391.0,375.75,378.4,378.0,389.5,,378.45,,,75492,28858404.95,2619,F1,1,,,,,
2025-09-24,2025-09-24,CM,NSE,STK,6302,INE451F01024,APOLSINHOT,EQ,,,,,APOLLO SINDOORI HOTEL LTD,1414.2,1422.5,1355.1,1377.2,1384.0,1423.7,,1377.2,,,1807,2531409.7,323,F1,1,,,,,
2025-09-24,2025-09-24,CM,NSE,STK,163,INE438A01022,APOLLOTYRE,EQ,,,,,APOLLO TYRES LTD,490.75,495.8,483.5,494.7,493.0,489.05,,494.7,,,1568815,771307115.4,28968,F1,1,,,,,
2025-09-24,2025-09-24,CM,NSE,STK,24638,INE0LQG01010,APRAMEYA,SM,,,,,APRAMEYA ENGINEERING LTD,275.0,275.05,274.1,274.1,274.1,275.0,,274.1,,,9000,2471650.0,8,F1,1000,,,,,
2025-09-24,2025-09-24,CM,NSE,STK,10755,INE266F01018,APTECHT,EQ,,,,,APTECH LIMITED,126.05,131.0,123.55,124.24,124.55,126.67,,124.26,,,118189,14807512.2,3093,F1,1,,,,,
2025-09-24,2025-09-24,CM,NSE,STK,5435,INE852O01025,APTUS,EQ,,,,,APTUS VALUE HSG FIN I LTD,322.75,326.0,320.1,320.75,320.55,323.3,,320.75,,,815865,263122049.15,22661,F1,1,,,,,
2025-09-24,2025-09-24,CM,NSE,STK,19253,INE08NJ01024,ARABIAN,SM,,,,,ARABIAN PETROLEUM LIMITED,73.05,73.05,73.0,73.0,73.0,73.55,,73.0,,,4000,292100.0,2,F1,2000,,,,,
2025-09-24,2025-09-24,CM,NSE,STK,758670,INE0YDV01010,ARCIIL,SM,,,,,ARC INSULATION & INSU LTD,107.0,107.9,103.0,103.1,103.0,107.0,,103.1,,,14000,1467800.0,14,F1,1000,,,,,
2025-09-24,2025-09-24,CM,NSE,STK,12024,INE128X01021,ACI,EQ,,,,,ARCHEAN CHEMICAL IND LTD,708.2,720.0,701.6,707.95,703.85,707.45,,707.9,,,184288,131237619.2,11278,F1,1,,,,,
2025-09-24,2025-09-24,CM,NSE,STK,245,INE0CHO01012,ADL,EQ,,,,,ARCHIDPLY DECOR LIMITED,94.0,94.0,85.0,85.52,85.5,87.68,,85.55,,,11147,989794.9,203,F1,1,,,,,
2025-09-24,2025-09-24,CM,NSE,STK,16795,INE877I01016,ARCHIDPLY,EQ,,,,,ARCHIDPLY IND. LTD,108.55,110.44,102.6,103.85,103.8,107.85,,103.97,,,43223,4560873.59,1305,F1,1,,,,,
2025-09-24,2025-09-24,CM,NSE,STK,5688,INE731A01020,ARCHIES,EQ,,,,,ARCHIES LTD,20.33,24.38,20.33,21.69,21.56,20.33,,21.7,,,2035342,47406236.0,6635,F1,1,,,,,
2025-09-24,2025-09-24,CM,NSE,STK,758703,INE784R01023,ARFIN,BE,,,,,ARFIN INDIA LIMITED,47.49,49.54,46.0,47.06,47.89,47.49,,47.07,,,1376393,65981248.92,920,F1,1,,,,,
2025-09-24,2025-09-24,CM,NSE,STK,13092,INE0L2Y01011,ARHAM,SM,,,,,ARHAM TECHNOLOGIES LTD,111.95,114.95,111.5,113.3,114.95,111.95,,113.3,,,18000,2039700.0,18,F1,1000,,,,,
2025-09-24,2025-09-24,CM,NSE,STK,15204,INE298I01015,ARIES,EQ,,,,,ARIES AGRO LTD.,392.5,398.0,389.15,393.7,396.35,392.2,,393.75,,,56842,22393991.25,2949,F1,1,,,,,
2025-09-24,2025-09-24,CM,NSE,STK,13340,INE0NCC01015,ARIHANTACA,SM,,,,,ARIHANT ACADEMY LIMITED,400.0,401.0,400.0,400.0,400.0,400.0,,400.0,,,2000,800800.0,5,F1,400,,,,,
2025-09-24,2025-09-24,CM,NSE,STK,3813,INE420B01036,ARIHANTCAP,EQ,,,,,ARIHANT CAPITAL MKTS LTD,103.99,106.22,103.5,104.34,104.03,107.91,,104.34,,,494299,51807528.54,4594,F1,1,,,,,
2025-09-24,2025-09-24,CM,NSE,STK,20159,INE643K01018,ARIHANTSUP,EQ,,,,,ARIHANT SUPERSTRUCT LTD,404.65,409.4,399.0,404.0,408.25,403.4,,404.0,,,49799,20222947.3,2577,F1,1,,,,,
2025-09-24,2025-09-24,CM,NSE,STK,757614,INE0H9P01028,ARISINFRA,EQ,,,,,ARISINFRA SOLUTIONS LTD,162.99,163.1,156.22,156.86,156.7,162.99,,156.86,,,841123,133719497.41,8666,F1,1,,,,,
2025-09-24,2025-09-24,CM,NSE,STK,25398,INE0QRL01017,ARKADE,EQ,,,,,ARKADE DEVELOPERS LIMITED,178.98,180.64,174.75,175.89,175.69,178.0,,175.89,,,696058,123839842.1,7508,F1,1,,,,,
2025-09-24,2025-09-24,CM,NSE,STK,17263,INE109C01017,ARMANFIN,EQ,,,,,ARMAN FIN SERV LTD,1454.8,1565.6,1446.9,1529.7,1540.0,1454.2,,1529.6,,,60275,91461456.2,6877,F1,1,,,,,
2025-09-24,2025-09-24,CM,NSE,STK,14557,INE210C01013,AROGRANITE,EQ,,,,,ARO GRANITE IND. LTD.,39.04,43.0,38.15,38.71,38.74,39.04,,38.72,,,177771,7145038.2,1670,F1,1,,,,,
2025-09-24,2025-09-24,CM,NSE,STK,9260,INE570D01018,ARROWGREEN,EQ,,,,,ARROW GREENTECH LIMITED,564.5,564.5,552.15,558.5,558.0,559.9,,558.5,,,16130,9022450.3,889,F1,1,,,,,
2025-09-24,2025-09-24,CM,NSE,STK,29015,INE968D01022,ARSHIYA,BZ,,,,,ARSHIYA LIMITED,1.92,1.97,1.88,1.91,1.92,1.89,,1.91,,,101345,195737.8,72,F1,1,,,,,
2025-09-24,2025-09-24,CM,NSE,STK,6159,INE738V01013,ARTNIRMAN,BE,,,,,ART NIRMAN LIMITED,47.88,50.9,47.88,49.0,50.88,49.09,,49.0,,,1096,53485.98,19,F1,1,,,,,
2025-09-24,2025-09-24,CM,NSE,STK,16913,INE025R01021,ARTEMISMED,EQ,,,,,ARTEMIS MED SERVICE LTD,240.53,245.2,239.52,243.45,243.9,243.18,,243.37,,,95325,23135486.39,4218,F1,1,,,,,
2025-09-24,2025-09-24,CM,NSE,STK,756899,INE0TTG01017,ARUNAYA,ST,,,,,ARUNAYA ORGANICS LIMITED,23.5,23.55,23.0,23.5,23.5,23.55,,23.5,,,8000,187100.0,4,F1,2000,,,,,
2025-09-24,2025-09-24,CM,NSE,STK,2814,INE006Z01016,ARVEE,EQ,,,,,ARVEE LABORATORIES I LTD,164.0,180.54,164.0,175.2,180.54,172.12,,175.2,,,573,99281.47,24,F1,1,,,,,
2025-09-24,2025-09-24,CM,NSE,STK,9111,INE955V01021,ARVINDFASN,EQ,,,,,ARVIND FASHIONS LIMITED,545.45,552.0,542.45,550.75,550.65,547.65,,550.75,,,159420,87539099.6,13436,F1,1,,,,,
2025-09-24,2025-09-24,CM,NSE,STK,193,INE034A01011,ARVIND,EQ,,,,,ARVIND LIMITED,315.0,319.0,310.0,316.95,317.0,315.05,,316.95,,,197628,62033808.75,9551,F1,1,,,,,
2025-09-24,2025-09-24,CM,NSE,STK,19579,INE0P4T01013,ARVINDPORT,SM,,,,,ARVIND PORT AND INFRA LTD,50.7,51.3,50.0,50.75,50.0,50.5,,50.75,,,12000,609075.0,8,F1,1500,,,,,
2025-09-24,2025-09-24,CM,NSE,STK,10457,INE034S01021,ARVSMART,EQ,,,,,ARVIND SMARTSPACES LTD,660.0,660.0,637.8,640.7,637.8,654.65,,640.7,,,55293,35893407.25,3497,F1,1,,,,,
2025-09-24,2025-09-24,CM,NSE,STK,5378,INE439A01020,ASAHIINDIA,EQ,,,,,ASAHI INDIA GLASS LIMITED,916.25,932.8,907.8,913.5,909.5,916.25,,913.55,,,320075,295422159.55,23058,F1,1,,,,,
2025-09-24,2025-09-24,CM,NSE,STK,25088,INE228I01012,ASAHISONG,EQ,,,,,ASAHI SONGWON COLOR LTD,282.2,294.25,281.05,283.6,282.0,288.05,,283.7,,,9616,2740368.2,273,F1,1,,,,,
2025-09-24,2025-09-24,CM,NSE,STK,24711,INE0LAA01017,ASHALOG,SM,,,,,ASHAPURA LOGISTICS LTD,82.5,84.5,76.55,79.85,79.8,82.0,,79.85,,,12000,983550.0,12,F1,1000,,,,,
2025-09-24,2025-09-24,CM,NSE,STK,203,INE348A01023,ASHAPURMIN,EQ,,,,,ASHAPURA MINECHEM LTD,657.2,658.85,625.65,639.4,641.0,655.4,,639.3,,,462536,297717430.8,16117,F1,1,,,,,
2025-09-24,2025-09-24,CM,NSE,STK,24403,INE365D01021,ASHIANA,EQ,,,,,ASHIANA HOUSING LTD,308.6,310.4,300.6,302.6,303.0,308.6,,302.6,,,37266,11345707.15,1485,F1,1,,,,,
2025-09-24,2025-09-24,CM,NSE,STK,206,INE440A01010,ASHIMASYN,EQ,,,,,ASHIMA LTD,23.52,24.09,23.35,23.47,23.77,23.5,,23.47,,,83083,1962967.89,435,F1,1,,,,,
2025-09-24,2025-09-24,CM,NSE,STK,212,INE208A01029,ASHOKLEY,EQ,,,,,ASHOK LEYLAND LTD,142.5,143.99,139.6,142.26,141.99,144.04,,142.26,,,36960853,5263479792.2,159507,F1,1,,,,,
2025-09-24,2025-09-24,CM,NSE,STK,20182,INE442H01029,ASHOKA,EQ,,,,,ASHOKA BUILDCON LTD,193.4,195.65,192.66,193.72,192.9,193.32,,193.77,,,618263,120019252.42,13483,F1,1,,,,,
2025-09-24,2025-09-24,CM,NSE,STK,16943,INE760Y01011,ASHOKAMET,EQ,,,,,ASHOKA METCAST LIMITED,18.0,18.1,17.6,17.87,17.94,17.82,,17.86,,,10303,184580.53,190,F1,1,,,,,
2025-09-24,2025-09-24,CM,NSE,STK,7030,INE276G01015,ASIANENE,EQ,,,,,ASIAN ENERGY SERVICES LTD,349.4,349.8,336.4,340.65,339.0,347.75,,340.7,,,121085,41550391.45,3583,F1,1,,,,,
2025-09-24,2025-09-24,CM,NSE,STK,14889,INE022I01019,ASIANTILES,EQ,,,,,ASIAN GRANITO IND. LTD.,62.5,63.3,60.5,61.1,61.3,62.16,,61.08,,,217776,13485431.87,1411,F1,1,,,,,
2025-09-24,2025-09-24,CM,NSE,STK,19438,INE926K01017,AHLEAST,EQ,,,,,ASIAN HOTELS (EAST) LTD,152.96,154.9,151.1,153.05,154.78,153.9,,153.24,,,2001,305141.78,131,F1,1,,,,,
2025-09-24,2025-09-24,CM,NSE,STK,18422,INE363A01022,ASIANHOTNR,EQ,,,,,ASIAN HOTELS (NORTH) LTD,344.25,349.7,324.0,326.65,324.0,339.85,,326.45,,,10220,3425366.85,596,F1,1,,,,,
2025-09-24,2025-09-24,CM,NSE,STK,236,INE021A01026,ASIANPAINT,EQ,,,,,ASIAN PAINTS LIMITED,2446.0,2475.0,2443.2,2457.2,2458.5,2446.9,,2457.2,,,637749,1569639539.8,54569,F1,1,,,,,
2025-09-24,2025-09-24,CM,NSE,STK,20152,INE491J01022,ASKAUTOLTD,EQ,,,,,ASK AUTOMOTIVE LIMITED,535.8,578.5,535.8,566.4,564.0,535.5,,566.4,,,2559311,1446157717.4,76198,F1,1,,,,,
2025-09-24,2025-09-24,CM,NSE,STK,20503,INE617I01024,ASLIND,ST,,,,,ASL INDUSTRIES LIMITED,60.1,60.1,60.1,60.1,60.1,60.1,,60.1,,,4000,240400.0,2,F1,2000,,,,,
2025-09-24,2025-09-24,CM,NSE,STK,17270,INE991I01015,ASPINWALL,EQ,,,,,ASPINWALL & CO LTD,262.4,275.0,262.4,273.0,273.0,269.9,,273.0,,,964,264102.75,56,F1,1,,,,,
2025-09-24,2025-09-24,CM,NSE,STK,23396,INE0S7801010,ASPIRE,SM,,,,,ASPIRE & INNOVATIVE ADV L,21.85,22.0,20.1,20.75,20.3,22.1,,20.75,,,40000,833300.0,19,F1,2000,,,,,
2025-09-24,2025-09-24,CM,NSE,STK,17598,INE073G01016,ASALCBR,EQ,,,,,ASSO ALCOHOLS & BREW LTD,1001.1,1007.9,992.0,994.7,999.9,1001.1,,994.7,,,19641,19564308.1,2381,F1,1,,,,,
2025-09-24,2025-09-24,CM,NSE,STK,17728,INE563J01010,ASTEC,EQ,,,,,ASTEC LIFESCIENCES LTD,832.15,835.5,811.7,819.65,812.2,829.9,,819.6,,,17682,14538593.0,1201,F1,1,,,,,
2025-09-24,2025-09-24,CM,NSE,STK,1508,INE914M01019,ASTERDM,EQ,,,,,ASTER DM HEALTHCARE LTD.,639.1,645.0,631.4,632.65,633.0,636.6,,632.65,,,270098,172137376.05,12146,F1,1,,,,,
2025-09-24,2025-09-24,CM,NSE,STK,11618,INE386C01029,ASTRAMICRO,EQ,,,,,ASTRA MICROWAVE LTD,1109.9,1147.9,1109.9,1125.1,1116.7,1107.1,,1124.5,,,643294,726322952.0,33398,F1,1,,,,,
2025-09-24,2025-09-24,CM,NSE,STK,14418,INE006I01046,ASTRAL,EQ,,,,,ASTRAL LIMITED,1430.1,1450.6,1421.7,1439.9,1435.8,1436.4,,1439.9,,,567946,815139242.7,18553,F1,1,,,,,
2025-09-24,2025-09-24,CM,NSE,STK,5610,INE203A01020,ASTRAZEN,EQ,,,,,ASTRAZENECA PHARMA IND LT,8728.0,8829.0,8711.5,8808.0,8812.0,8761.0,,8808.0,,,4900,43024506.0,1741,F1,1,,,,,
2025-09-24,2025-09-24,CM,NSE,STK,874,INE646X01014,ASTRON,EQ,,,,,ASTRON PAPER BORD MIL LTD,16.56,16.56,15.15,15.15,15.15,15.95,,15.15,,,83382,1270587.29,306,F1,1,,,,,
2025-09-24,2025-09-24,CM,NSE,STK,15649,INE0ALR01029,ATALREAL,EQ,,,,,ATAL REALTECH LIMITED,21.3,21.87,20.26,21.09,21.25,21.25,,21.09,,,4316441,91187834.05,3651,F1,1,,,,,
2025-09-24,2025-09-24,CM,NSE,STK,15404,INE09KD01013,ATAM,EQ,,,,,ATAM VALVES LIMITED,91.15,91.99,89.79,91.35,91.85,89.73,,91.31,,,60349,5499793.74,1245,F1,1,,,,,
2025-09-24,2025-09-24,CM,NSE,STK,756402,INE0V0Q01019,ATCENERGY,SM,,,,,ATC ENERGIES SYSTEM LTD,58.2,59.1,58.0,59.1,59.1,58.55,,59.1,,,66000,3853500.0,46,F1,1200,,,,,
2025-09-24,2025-09-24,CM,NSE,STK,757645,INE0LEZ01016,ATHERENERG,EQ,,,,,ATHER ENERGY LIMITED,572.6,592.0,568.5,581.85,580.55,572.6,,581.85,,,1874021,1090128384.45,38743,F1,1,,,,,
2025-09-24,2025-09-24,CM,NSE,STK,13585,INE285H01022,ATLANTAA,EQ,,,,,ATLANTAA LIMITED,41.04,43.43,40.51,41.15,40.52,41.04,,41.15,,,218537,9159271.94,2797,F1,1,,,,,
2025-09-24,2025-09-24,CM,NSE,STK,4568,INE446A01025,ATLASCYCLE,EQ,,,,,ATLAS CYCLE (HARYANA) LTD,129.99,129.99,124.5,125.15,124.51,127.99,,125.15,,,5863,738844.15,120,F1,1,,,,,
2025-09-24,2025-09-24,CM,NSE,STK,22785,INE05DH01017,ATMASTCO,SM,,,,,ATMASTCO LIMITED,212.5,212.5,208.15,208.7,209.3,212.5,,208.7,,,14800,3098840.0,34,F1,400,,,,,
2025-09-24,2025-09-24,CM,NSE,STK,30023,INE951D01028,ATULAUTO,EQ,,,,,ATUL AUTO LIMITED,519.9,519.9,505.0,507.7,507.5,520.6,,507.4,,,140221,71477081.3,5285,F1,1,,,,,
2025-09-24,2025-09-24,CM,NSE,STK,263,INE100A01010,ATUL,EQ,,,,,ATUL LTD,6250.0,6306.0,6212.5,6264.0,6258.0,6259.0,,6264.0,,,20499,128433377.0,5314,F1,1,,,,,
2025-09-24,2025-09-24,CM,NSE,STK,21238,INE949L01017,AUBANK,EQ,,,,,AU SMALL FINANCE BANK LTD,730.0,743.4,727.4,736.15,733.2,731.65,,736.15,,,3424417,2531461520.7,52854,F1,1,,,,,
2025-09-24,2025-09-24,CM,NSE,STK,18762,INE448V01019,AURDIS,SM,,,,,AURANGABAD DISTILLERY LTD,140.75,140.75,140.75,140.75,140.75,143.0,,140.75,,,625,87968.75,1,F1,625,,,,,
2025-09-24,2025-09-24,CM,NSE,STK,12022,INE132H01018,AURIONPRO,EQ,,,,,AURIONPRO SOLN LTD,1210.0,1221.8,1168.9,1177.4,1181.3,1205.2,,1177.4,,,168717,201724109.0,12852,F1,1,,,,,
2025-09-24,2025-09-24,CM,NSE,STK,15869,INE0NUL01018,AUROIMPEX,SM,,,,,AURO IMPEX & CHEMICALS L,46.5,53.95,46.25,52.8,53.2,45.85,,52.8,,,43200,2155200.0,27,F1,1600,,,,,
2025-09-24,2025-09-24,CM,NSE,STK,275,INE406A01037,AUROPHARMA,EQ,,,,,AUROBINDO PHARMA LTD,1109.9,1112.6,1088.8,1090.9,1094.0,1109.9,,1090.9,,,1246781,1368133600.7,39253,F1,1,,,,,
2025-09-24,2025-09-24,CM,NSE,STK,10310,INE898S01029,AURUM,EQ,,,,,AURUM PROPTECH LIMITED,167.1,169.5,164.5,165.02,165.56,166.27,,165.08,,,40362,6693529.86,1483,F1,1,,,,,
2025-09-24,2025-09-24,CM,NSE,STK,4037,INE218C01016,AUSOMENT,EQ,,,,,AUSOM ENTERPRISE LIMITED,103.2,103.9,101.0,102.11,102.12,102.99,,102.68,,,6807,696318.03,103,F1,1,,,,,
2025-09-24,2025-09-24,CM,NSE,STK,21451,INE0P0001010,APS,SM,,,,,AUSTRALIAN PREM SOLAR I L,475.0,480.0,469.8,471.75,474.7,475.4,,471.75,,,26250,12400937.5,88,F1,250,,,,,
2025-09-24,2025-09-24,CM,NSE,STK,23553,INE206F01022,AIIL,EQ,,,,,AUTHUM INVEST & INFRA LTD,3005.1,3091.3,2990.9,3059.5,3054.0,3014.9,,3063.2,,,103684,315939397.2,11240,F1,1,,,,,
2025-09-24,2025-09-24,CM,NSE,STK,14106,INE718H01014,AUTOIND,EQ,,,,,AUTOLINE INDUSTRIES LTD,79.0,81.99,77.4,77.82,78.1,78.28,,77.83,,,422055,33593244.99,4419,F1,1,,,,,
2025-09-24,2025-09-24,CM,NSE,STK,278,INE449A01011,AUTOAXLES,EQ,,,,,AUTOMOTIVE AXLES LIMITED,1820.9,1825.0,1777.2,1790.6,1790.0,1813.4,,1790.5,,,5159,9271435.9,1343,F1,1,,,,,
2025-09-24,2025-09-24,CM,NSE,STK,10634,INE900C01027,ASAL,EQ,,,,,AUTOMOTIVE STAMPINGS & AS,558.95,597.85,540.1,567.9,566.25,562.2,,567.85,,,454972,262722016.9,20465,F1,1,,,,,
2025-09-24,2025-09-24,CM,NSE,STK,21406,INE349W01017,AVADHSUGAR,EQ,,,,,AVADH SUG & ENERGY LTD,443.15,455.0,426.15,432.1,430.5,443.15,,432.05,,,40758,17969368.6,1354,F1,1,,,,,
2025-09-24,2025-09-24,CM,NSE,STK,15058,INE0LCL01028,AVALON,EQ,,,,,AVALON TECHNOLOGIES LTD,1013.0,1017.15,995.85,1001.2,1003.0,1011.85,,1001.2,,,290868,292905122.45,20370,F1,1,,,,,
2025-09-24,2025-09-24,CM,NSE,STK,24610,INE005B01027,AVANTEL,EQ,,,,,AVANTEL LIMITED,193.0,193.15,185.4,186.62,185.6,193.57,,186.63,,,3412355,645508531.95,33189,F1,1,,,,,
2025-09-24,2025-09-24,CM,NSE,STK,7936,INE871C01038,AVANTIFEED,EQ,,,,,AVANTI FEEDS LIMITED,685.9,688.4,673.2,682.25,680.65,688.4,,682.25,,,247966,168716052.55,17423,F1,1,,,,,
2025-09-24,2025-09-24,CM,NSE,STK,19913,INE192R01011,DMART,EQ,,,,,AVENUE SUPERMARTS LIMITED,4630.0,4754.6,4606.4,4645.8,4632.0,4633.9,,4645.7,,,484648,2266161413.3,49862,F1,1,,,,,
2025-09-24,2025-09-24,CM,NSE,STK,15589,INE680Z01018,AVG,EQ,,,,,AVG LOGISTICS LIMITED,229.24,234.58,221.35,224.45,229.0,230.41,,224.47,,,14690,3327901.91,613,F1,1,,,,,
2025-09-24,2025-09-24,CM,NSE,STK,25520,INE0TFB01017,AVIANSH,SM,,,,,AVI ANSH TEXTILE LIMITED,102.25,103.0,101.75,101.75,101.75,102.25,,101.75,,,7000,717250.0,6,F1,1000,,,,,
2025-09-24,2025-09-24,CM,NSE,STK,13557,INE323B01024,AVONMORE,EQ,,,,,AVONMORE CAP&MGT SERV LTD,19.8,19.8,19.25,19.33,19.38,19.48,,19.33,,,171436,3324633.32,626,F1,1,,,,,
2025-09-24,2025-09-24,CM,NSE,STK,23159,INE0R9401019,AVPINFRA,SM,,,,,AVP INFRACON LIMITED,182.3,182.3,176.85,180.0,181.5,182.45,,180.0,,,63200,11334840.0,78,F1,800,,,,,
2025-09-24,2025-09-24,CM,NSE,STK,8827,INE652Z01017,AVROIND,EQ,,,,,AVRO INDIA LIMITED,143.3,156.1,139.2,151.86,151.2,141.91,,151.74,,,90660,13709906.93,1982,F1,1,,,,,
2025-09-24,2025-09-24,CM,NSE,STK,14008,INE488D01021,AVTNPL,EQ,,,,,AVT NATURAL PRODUCTS LTD,74.2,74.37,73.0,73.23,73.0,74.08,,73.24,,,32069,2365757.16,471,F1,1,,,,,
2025-09-24,2025-09-24,CM,NSE,STK,23864,INE108V01019,AWFIS,EQ,,,,,AWFIS SPACE SOLUTIONS LTD,609.8,610.0,585.15,589.3,589.25,603.05,,589.3,,,162181,96490967.95,10541,F1,1,,,,,
2025-09-24,2025-09-24,CM,NSE,STK,8110,INE699H01024,AWL,EQ,,,,,AWL AGRI BUSINESS LIMITED,261.0,261.0,252.0,252.8,252.8,260.1,,252.8,,,4296168,1094380324.05,47975,F1,1,,,,,
2025-09-24,2025-09-24,CM,NSE,STK,5900,INE238A01034,AXISBANK,EQ,,,,,AXIS BANK LIMITED,1168.0,1172.8,1154.0,1158.9,1160.9,1170.8,,1158.9,,,12812055,14866712987.7,109082,F1,1,,,,,
2025-09-24,2025-09-24,CM,NSE,STK,20532,INF846K01W80,AXISGOLD,EQ,,,,,AXIS MF - AXIS GOLD ETF,96.33,96.7,95.11,95.34,95.35,96.0,,95.34,,,3698866,352980317.31,4623,F1,1,,,,,
2025-09-24,2025-09-24,CM,NSE,STK,1044,INF846K01X63,AXISBNKETF,EQ,,,,,AXISAMC - AXISBNKETF,568.26,568.37,565.75,566.28,566.94,570.74,,566.28,,,26268,14907428.2,52,F1,1,,,,,
2025-09-24,2025-09-24,CM,NSE,STK,3530,INF846K01Z04,AXISBPSETF,EQ,,,,,AXISAMC - AXISBPSETF,13.28,13.28,12.9,12.97,12.98,12.96,,12.97,,,17076,221474.58,310,F1,1,,,,,
2025-09-24,2025-09-24,CM,NSE,STK,5732,INF846K016C7,AXISCETF,EQ,,,,,AXISAMC - AXISCETF,126.97,126.97,126.4,126.49,126.5,127.52,,126.49,,,4445,563253.19,39,F1,1,,,,,
2025-09-24,2025-09-24,CM,NSE,STK,3608,INF846K01Z12,AXISHCETF,EQ,,,,,AXISAMC - AXISHCETF,149.46,149.46,148.37,148.41,148.4,148.96,,148.41,,,1055,156959.45,55,F1,1,,,,,
2025-09-24,2025-09-24,CM,NSE,STK,11193,INF846K011K1,AXISILVER,EQ,,,,,AXISAMC - AXISILVER,138.14,138.14,134.5,134.86,134.9,134.78,,134.86,,,685036,92549540.83,2023,F1,1,,,,,
2025-09-24,2025-09-24,CM,NSE,STK,21252,INF846K01W98,AXISNIFTY,EQ,,,,,AXISAMC - AXISNIFTY,276.14,276.14,274.61,275.15,275.15,276.46,,275.15,,,3522,968926.67,137,F1,1,,,,,
2025-09-24,2025-09-24,CM,NSE,STK,3010,INF846K01Y96,AXISTECETF,EQ,,,,,AXISAMC - AXISTECETF,381.98,381.98,377.7,379.16,379.2,381.98,,379.04,,,5427,2055516.76,184,F1,1,,,,,
2025-09-24,2025-09-24,CM,NSE,STK,30155,INF846KA1119,AXISVALUE,EQ,,,,,AXISAMC - AXISVALUE,30.17,30.17,29.4,29.43,29.45,29.44,,29.43,,,24540,725518.41,111,F1,1,,,,,
2025-09-24,2025-09-24,CM,NSE,STK,14742,INF846K010Q0,AXSENSEX,EQ,,,,,AXISAMC - AXSENSEX,84.33,84.43,84.09,84.09,84.09,84.56,,84.09,,,1648,138789.93,24,F1,1,,,,,
2025-09-24,2025-09-24,CM,NSE,STK,9436,INE555B01013,AXISCADES,EQ,,,,,AXISCADES TECH LTD,1680.1,1719.0,1617.9,1683.2,1686.8,1684.2,,1683.2,,,164970,275107893.1,12275,F1,1,,,,,
2025-09-24,2025-09-24,CM,NSE,STK,9902,INE02EZ01022,AXITA,EQ,,,,,AXITA COTTON LIMITED,8.81,8.82,8.79,8.8,8.8,8.76,,8.8,,,360762,3176148.64,672,F1,1,,,,,
2025-09-24,2025-09-24,CM,NSE,STK,10285,INE193B01039,AYMSYNTEX,EQ,,,,,AYM SYNTEX LIMITED,194.94,196.99,194.8,195.11,194.8,195.13,,195.11,,,14810,2892416.52,281,F1,1,,,,,
2025-09-24,2025-09-24,CM,NSE,STK,20905,INE02IJ01035,AZAD,EQ,,,,,AZAD ENGINEERING LIMITED,1613.0,1626.2,1600.2,1616.2,1615.2,1614.1,,1616.2,,,79663,128518898.3,7878,F1,1,,,,,
2025-09-24,2025-09-24,CM,NSE,STK,12153,INE01EE01011,BBTCL,EQ,,,,,B&B TRIPLEWALL CONT LTD,210.91,210.91,202.0,203.89,202.18,203.29,,203.93,,,5098,1040421.83,944,F1,1,,,,,
2025-09-24,2025-09-24,CM,NSE,STK,11226,INE116D01028,BAGFILMS,EQ,,,,,B.A.G FILMS AND MEDIA LTD,6.88,7.1,6.71,6.97,6.94,6.77,,6.95,,,126889,871739.94,389,F1,1,,,,,
2025-09-24,2025-09-24,CM,NSE,STK,13290,INE350H01032,BLKASHYAP,EQ,,,,,B.L.KASHYAP & SON LTD,62.5,63.74,62.47,63.23,63.29,62.54,,63.23,,,242688,15327944.92,2301,F1,1,,,,,
2025-09-24,2025-09-24,CM,NSE,STK,25114,INE01FR01028,STYLEBAAZA,EQ,,,,,BAAZAR STYLE RETAIL LTD,365.1,374.55,359.05,362.25,361.1,368.8,,362.25,,,438677,160135406.25,10199,F1,1,,,,,
2025-09-24,2025-09-24,CM,NSE,STK,20141,INE0QW501012,BABAFP,SM,,,,,BABA FOOD PROCESSING,36.3,37.0,36.3,37.0,37.0,36.2,,37.0,,,6400,235680.0,4,F1,1600,,,,,
2025-09-24,2025-09-24,CM,NSE,STK,17735,INE878I01022,BAFNAPH,BE,,,,,BAFNA PHARMACEUTICALS LTD,159.95,159.95,159.95,159.95,159.95,152.34,,159.95,,,13375,2139331.25,171,F1,1,,,,,
2025-09-24,2025-09-24,CM,NSE,STK,12989,INE029Q01017,BAHETI,SM,,,,,BAHETI RECYCLING IND LTD,589.95,590.0,564.0,565.4,565.75,571.95,,565.4,,,40875,23526337.5,99,F1,375,,,,,
2025-09-24,2025-09-24,CM,NSE,STK,13794,INE020D01022,BAIDFIN,EQ,,,,,BAID FINSERV LIMITED,11.19,11.32,10.93,11.14,11.06,11.2,,11.14,,,75491,839806.38,285,F1,1,,,,,
2025-09-24,2025-09-24,CM,NSE,STK,16669,INE917I01010,BAJAJ-AUTO,EQ,,,,,BAJAJ AUTO LIMITED,8990.0,8999.0,8804.0,8839.0,8824.5,8984.5,,8839.0,,,240914,2139636169.0,31421,F1,1,,,,,
2025-09-24,2025-09-24,CM,NSE,STK,19531,INE933K01021,BAJAJCON,EQ,,,,,BAJAJ CONSUMER CARE LTD,236.0,251.0,232.1,246.44,249.0,253.84,,246.46,,,3211423,784860374.46,45253,F1,1,,,,,
2025-09-24,2025-09-24,CM,NSE,STK,15034,INE193E01025,BAJAJELEC,EQ,,,,,BAJAJ ELECT.LTD,606.0,653.8,576.35,589.75,581.95,577.1,,589.9,,,14561036,9095876456.15,294547,F1,1,,,,,
2025-09-24,2025-09-24,CM,NSE,STK,317,INE296A01032,BAJFINANCE,EQ,,,,,BAJAJ FINANCE LIMITED,1021.5,1036.0,1020.4,1029.75,1027.6,1025.5,,1029.75,,,6433184,6619808704.6,104638,F1,1,,,,,
2025-09-24,2025-09-24,CM,NSE,STK,16675,INE918I01026,BAJAJFINSV,EQ,,,,,BAJAJ FINSERV LTD.,2084.1,2088.8,2062.9,2069.2,2070.1,2084.4,,2069.2,,,602541,1249738349.3,40071,F1,1,,,,,
2025-09-24,2025-09-24,CM,NSE,STK,6863,INE411U01027,BAJAJHCARE,EQ,,,,,BAJAJ HEALTHCARE LIMITED,462.7,512.8,459.5,507.25,506.5,463.45,,507.2,,,3660068,1818638880.55,95947,F1,1,,,,,
2025-09-24,2025-09-24,CM,NSE,STK,308,INE306A01021,BAJAJHIND,EQ,,,,,BAJAJ HINDUSTHAN SUGAR LT,21.22,21.5,20.76,20.83,20.8,21.24,,20.83,,,6201890,130839973.9,12504,F1,1,,,,,
2025-09-24,2025-09-24,CM,NSE,STK,305,INE118A01012,BAJAJHLDNG,EQ,,,,,BAJAJ HOLDINGS & INVS LTD,13215.0,13290.0,13152.0,13203.0,13200.0,13265.0,,13203.0,,,14576,192655795.0,4688,F1,1,,,,,
2025-09-24,2025-09-24,CM,NSE,STK,25270,INE377Y01014,BAJAJHFL,EQ,,,,,BAJAJ HOUSING FINANCE LTD,112.0,113.0,111.5,111.8,111.8,112.6,,111.8,,,3410782,382399634.08,28308,F1,1,,,,,
2025-09-24,2025-09-24,CM,NSE,STK,20531,INE0KQN01018,BAJEL,EQ,,,,,BAJEL PROJECTS LIMITED,214.0,216.9,210.53,212.12,213.94,213.41,,212.1,,,167151,35704581.9,2790,F1,1,,,,,
2025-09-24,2025-09-24,CM,NSE,STK,13441,INE083D01012,BALPHARMA,EQ,,,,,BAL PHARMA LTD.,84.99,85.87,84.0,85.28,85.82,84.37,,85.28,,,26863,2278484.59,682,F1,1,,,,,
2025-09-24,2025-09-24,CM,NSE,STK,14501,INE050E01027,BALAMINES,EQ,,,,,BALAJI AMINES LIMITED,1462.6,1510.8,1451.4,1483.7,1485.9,1462.6,,1483.7,,,51456,76445205.5,8436,F1,1,,,,,
2025-09-24,2025-09-24,CM,NSE,STK,30033,INE0PQ601019,BALAJIPHOS,ST,,,,,BALAJI PHOSPHATES LIMITED,168.9,168.9,164.0,166.0,165.5,166.0,,166.0,,,142000,23522800.0,8,F1,2000,,,,,
2025-09-24,2025-09-24,CM,NSE,STK,9158,INE794B01026,BALAJITELE,EQ,,,,,BALAJI TELEFILMS LIMITED.,136.93,139.39,132.93,134.18,134.0,136.93,,134.19,,,340946,46585267.7,4615,F1,1,,,,,
2025-09-24,2025-09-24,CM,NSE,STK,11309,INE618N01022,BALAXI,EQ,,,,,BALAXI PHARMA LTD,45.0,45.95,44.82,44.96,45.0,44.84,,44.96,,,100633,4574668.67,1353,F1,1,,,,,
2025-09-24,2025-09-24,CM,NSE,STK,335,INE787D01026,BALKRISIND,EQ,,,,,BALKRISHNA IND. LTD,2489.0,2489.2,2400.5,2416.3,2419.9,2496.5,,2416.3,,,216496,524393504.2,28870,F1,1,,,,,
2025-09-24,2025-09-24,CM,NSE,STK,10181,INE875R01011,BALKRISHNA,EQ,,,,,BALKRISHNA PAPER MILLS L,22.98,23.9,22.68,23.71,23.9,22.95,,23.72,,,95435,2227953.19,687,F1,1,,,,,
2025-09-24,2025-09-24,CM,NSE,STK,338,INE164A01016,BALMLAWRIE,EQ,,,,,BALMER LAWRIE & CO LTD,211.0,212.4,209.58,211.89,212.15,211.15,,211.89,,,205959,43488793.08,3875,F1,1,,,,,
2025-09-24,2025-09-24,CM,NSE,STK,341,INE119A01028,BALRAMCHIN,EQ,,,,,BALRAMPUR CHINI MILLS LTD,496.0,497.95,466.6,469.7,467.7,496.25,,469.75,,,1207853,578138378.15,27087,F1,1,,,,,
2025-09-24,2025-09-24,CM,NSE,STK,23607,INE011E01029,BALUFORGE,EQ,,,,,BALU FORGE INDUSTRIES LTD,639.55,646.65,630.15,633.1,632.0,642.4,,633.05,,,135450,86258093.0,2893,F1,1,,,,,
2025-09-24,2025-09-24,CM,NSE,STK,347,INE655B01011,BANARBEADS,EQ,,,,,BANARAS BEADS LTD,130.0,141.99,124.59,126.58,126.3,123.36,,126.59,,,526924,71181212.45,8286,F1,1,,,,,
2025-09-24,2025-09-24,CM,NSE,STK,13880,INE213C01025,BANCOINDIA,EQ,,,,,BANCO PRODUCTS (I) LTD,814.95,865.0,807.0,826.15,827.0,815.1,,826.2,,,2839955,2398391987.55,53364,F1,1,,,,,
2025-09-24,2025-09-24,CM,NSE,STK,2263,INE545U01014,BANDHANBNK,EQ,,,,,BANDHAN BANK LIMITED,162.09,163.67,158.0,158.47,158.19,162.09,,158.47,,,5184943,830636900.07,32269,F1,1,,,,,
2025-09-24,2025-09-24,CM,NSE,STK,18783,INF194KA1U07,IDFNIFTYET,EQ,,,,,BANDHANAMC - IDFNIFTYET,275.99,276.0,272.55,274.02,275.12,276.71,,274.02,,,220,60301.26,24,F1,1,,,,,
2025-09-24,2025-09-24,CM,NSE,STK,15303,INE863I01016,BANG,EQ,,,,,BANG OVERSEAS LTD.,52.5,54.65,51.86,52.13,52.39,52.44,,52.14,,,48953,2579338.72,377,F1,1,,,,,
2025-09-24,2025-09-24,CM,NSE,STK,4668,INE028A01039,BANKBARODA,EQ,,,,,BANK OF BARODA,254.5,258.5,253.61,254.37,254.51,253.23,,254.37,,,19015206,4862083118.47,150937,F1,1,,,,,
2025-09-24,2025-09-24,CM,NSE,STK,4745,INE084A01016,BANKINDIA,EQ,,,,,BANK OF INDIA,122.17,123.87,120.35,120.99,120.7,121.43,,120.99,,,11500294,1406714102.71,51600,F1,1,,,,,
2025-09-24,2025-09-24,CM,NSE,STK,11377,INE457A01014,MAHABANK,EQ,,,,,BANK OF MAHARASHTRA,57.4,58.68,56.22,56.33,56.38,57.19,,56.33,,,19579429,1125579884.79,55173,F1,1,,,,,
2025-09-24,2025-09-24,CM,NSE,STK,822,INE862Y01015,BANKA,EQ,,,,,BANKA BIOLOO LIMITED,87.7,87.7,84.61,84.92,84.68,87.31,,84.92,,,13180,1128330.14,498,F1,1,,,,,
2025-09-24,2025-09-24,CM,NSE,STK,12034,INE186H01022,BASML,EQ,,,,,BANNARI AM SPIN MILL LTD.,26.8,27.62,26.55,26.67,26.61,26.84,,26.66,,,148421,3999291.88,997,F1,1,,,,,
2025-09-24,2025-09-24,CM,NSE,STK,350,INE459A01010,BANARISUG,EQ,,,,,BANNARI AMMAN SUGARS LTD,3686.1,3692.9,3650.0,3663.0,3651.0,3678.1,,3663.0,,,205,752054.2,94,F1,1,,,,,
2025-09-24,2025-09-24,CM,NSE,STK,24386,INE0B9K01025,BANSALWIRE,EQ,,,,,BANSAL WIRE INDUSTRIES L,358.0,358.0,351.55,352.8,352.1,356.1,,352.8,,,27925,9868961.15,1966,F1,1,,,,,
2025-09-24,2025-09-24,CM,NSE,STK,14511,INE629D01020,BANSWRAS,EQ,,,,,BANSWARA SYNTEX LIMITED,128.23,133.5,127.52,130.78,130.25,128.12,,130.71,,,9649,1269967.08,529,F1,1,,,,,
2025-09-24,2025-09-24,CM,NSE,STK,15077,INE139I01011,BVCL,BE,,,,,BARAK VALLEY CEM. LTD.,50.65,54.94,50.65,54.18,54.45,52.33,,54.02,,,49483,2648268.01,218,F1,1,,,,,
2025-09-24,2025-09-24,CM,NSE,STK,3127,INE382M01027,BARBEQUE,EQ,,,,,BARBEQUE NATION HOSP. LTD,233.7,234.9,225.0,226.0,225.65,232.2,,226.0,,,145397,33362362.55,6979,F1,1,,,,,
2025-09-24,2025-09-24,CM,NSE,STK,29176,INE0QX401014,BARFLEX,SM,,,,,BARFLEX POLYFILMS LIMITED,79.7,79.85,79.1,79.75,79.75,79.65,,79.75,,,74000,5893800.0,32,F1,2000,,,,,
2025-09-24,2025-09-24,CM,NSE,STK,24117,INF251K01TL6,BBNPNBETF,EQ,,,,,BARODABNP - BBNPNBETF,58.52,58.79,55.28,55.5,55.77,56.0,,55.5,,,2259,125200.66,52,F1,1,,,,,
2025-09-24,2025-09-24,CM,NSE,STK,20547,INF251K01SU9,BBNPPGOLD,EQ,,,,,BARODABNP - BBNPPGOLD,112.5,115.8,110.55,110.95,111.5,111.5,,110.95,,,240636,26832586.4,279,F1,1,,,,,
2025-09-24,2025-09-24,CM,NSE,STK,14069,INE855F01042,ASMS,BE,,,,,BARTRONICS INDIA LIMITED,15.39,15.44,14.56,14.95,15.02,15.02,,14.94,,,155449,2325472.01,617,F1,1,,,,,
2025-09-24,2025-09-24,CM,NSE,STK,368,INE373A01013,BASF,EQ,,,,,BASF INDIA LTD,4590.0,4629.6,4572.0,4610.8,4618.0,4599.6,,4610.8,,,6922,31834469.8,1572,F1,1,,,,,
2025-09-24,2025-09-24,CM,NSE,STK,18442,INE0OCC01013,BASILIC,SM,,,,,BASILIC FLY STUDIO LTD,413.0,419.0,405.65,408.25,408.9,410.15,,408.25,,,33600,13860225.0,84,F1,300,,,,,
2025-09-24,2025-09-24,CM,NSE,STK,371,INE176A01028,BATAINDIA,EQ,,,,,BATA INDIA LTD,1222.0,1226.5,1212.0,1213.7,1215.2,1226.5,,1213.4,,,29809,36284583.6,4690,F1,1,,,,,
2025-09-24,2025-09-24,CM,NSE,STK,22571,INE0JFJ01011,BAWEJA,SM,,,,,BAWEJA STUDIOS LIMITED,51.2,51.4,50.65,50.65,50.65,52.0,,50.65,,,4000,204640.0,5,F1,800,,,,,
2025-09-24,2025-09-24,CM,NSE,STK,17927,INE462A01022,BAYERCROP,EQ,,,,,BAYER CROPSCIENCE LTD,5050.0,5095.5,4991.0,5033.5,5030.0,5072.0,,5033.5,,,22444,112724033.0,6411,F1,1,,,,,
2025-09-24,2025-09-24,CM,NSE,STK,2513,INE412G01024,BCLIND,EQ,,,,,BCL INDUSTRIES LIMITED,42.66,43.4,41.85,42.5,42.4,42.28,,42.5,,,744556,31714045.45,4837,F1,1,,,,,
2025-09-24,2025-09-24,CM,NSE,STK,23922,INE639X01027,BEACON,SM,,,,,BEACON TRUSTEESHIP LTD,56.3,56.8,56.05,56.35,56.8,56.1,,56.35,,,11000,619900.0,10,F1,1000,,,,,
2025-09-24,2025-09-24,CM,NSE,STK,17933,INE520H01022,BEARDSELL,EQ,,,,,BEARDSELL LIMITED,31.87,36.95,31.21,35.8,35.95,31.11,,35.8,,,886651,31147497.67,5568,F1,1,,,,,
2025-09-24,2025-09-24,CM,NSE,STK,20196,INE844K01012,BEDMUTHA,EQ,,,,,BEDMUTHA INDUST LTD,141.8,142.75,138.05,140.13,139.0,140.9,,140.13,,,3335,470401.0,118,F1,1,,,,,
2025-09-24,2025-09-24,CM,NSE,STK,757938,INE344T01014,BELLACASA,EQ,,,,,BELLA CASA FASH AND RET L,406.2,409.75,404.0,405.65,404.8,405.95,,405.45,,,1954,792030.55,185,F1,1,,,,,
2025-09-24,2025-09-24,CM,NSE,STK,757102,INE894V01022,BELRISE,EQ,,,,,BELRISE INDUSTRIES LTD,160.5,163.4,159.83,161.5,161.65,159.87,,161.5,,,9962052,1611923072.49,50683,F1,1,,,,,
2025-09-24,2025-09-24,CM,NSE,STK,15067,INE0N7W01012,BLAL,EQ,,,,,BEML LAND ASSETS LIMITED,220.5,221.59,216.7,217.42,217.2,221.08,,217.42,,,32661,7132884.25,674,F1,1,,,,,
2025-09-24,2025-09-24,CM,NSE,STK,395,INE258A01016,BEML,EQ,,,,,BEML LIMITED,4349.5,4397.5,4288.1,4310.0,4320.0,4334.8,,4309.8,,,294259,1277728946.5,28661,F1,1,,,,,
2025-09-24,2025-09-24,CM,NSE,STK,404,INE463A01038,BERGEPAINT,EQ,,,,,BERGER PAINTS (I) LTD,533.85,539.3,530.05,535.8,535.35,532.6,,535.8,,,495382,265160542.15,27561,F1,1,,,,,
2025-09-24,2025-09-24,CM,NSE,STK,2306,INE052T01013,BESTAGRO,EQ,,,,,BEST AGROLIFE LIMITED,370.0,376.7,365.95,371.65,371.65,371.6,,371.65,,,26663,9864178.2,1411,F1,1,,,,,
2025-09-24,2025-09-24,CM,NSE,STK,81,INE351Y01019,BETA,SM,,,,,BETA DRUGS LIMITED,1821.0,1854.9,1814.0,1834.7,1834.0,1822.75,,1834.7,,,3990,7349475.0,36,F1,105,,,,,
2025-09-24,2025-09-24,CM,NSE,STK,5662,INE0HQI01014,BEWLTD,SM,,,,,BEW ENGINEERING LIMITED,149.85,155.0,149.6,150.45,153.7,153.95,,150.45,,,45000,6857650.0,49,F1,500,,,,,
2025-09-24,2025-09-24,CM,NSE,STK,21113,INE878K01010,BFINVEST,EQ,,,,,BF INVESTMENT LIMITED,475.0,490.9,474.9,480.85,481.55,472.6,,480.8,,,274587,132582786.45,13096,F1,1,,,,,
2025-09-24,2025-09-24,CM,NSE,STK,14567,INE243D01012,BFUTILITIE,EQ,,,,,BF UTILITIES LIMITED,855.0,878.8,845.9,851.25,850.5,857.65,,851.2,,,433509,373095265.85,21332,F1,1,,,,,
2025-09-24,2025-09-24,CM,NSE,STK,21986,INF0QA701714,BANKBETF,EQ,,,,,BFAM - BANKBETF,56.25,56.3,55.75,55.9,55.95,56.18,,55.9,,,7855,439834.01,213,F1,1,,,,,
2025-09-24,2025-09-24,CM,NSE,STK,23915,INF0QA701854,LIQUIDBETF,EQ,,,,,BFAM - LIQUIDBETF,1049.27,1049.28,1049.26,1049.27,1049.28,1049.12,,1049.27,,,909733,954555915.3,141,F1,1,,,,,
2025-09-24,2025-09-24,CM,NSE,STK,21959,INF0QA701722,NIFTYBETF,EQ,,,,,BFAM - NIFTYBETF,258.34,258.34,255.58,255.95,255.92,257.06,,256.01,,,1630,417357.27,59,F1,1,,,,,
2025-09-24,2025-09-24,CM,NSE,STK,15193,INE661I01014,BGRENERGY,BE,,,,,BGR ENERGY SYSTEMS LTD,241.0,241.0,232.8,232.8,232.8,245.06,,232.84,,,245631,57652715.29,1527,F1,1,,,,,
2025-09-24,2025-09-24,CM,NSE,STK,758225,INE0ZRC01017,BHADORA,SM,,,,,BHADORA INDUSTRIES LTD,103.2,112.95,103.2,106.85,109.0,106.85,,106.85,,,76800,8341140.0,59,F1,1200,,,,,
2025-09-24,2025-09-24,CM,NSE,STK,13400,INE354C01027,BHAGERIA,EQ,,,,,BHAGERIA INDUSTRIES LTD,182.25,182.39,173.8,174.64,174.0,179.68,,174.65,,,466241,82167063.58,5369,F1,1,,,,,
2025-09-24,2025-09-24,CM,NSE,STK,6164,INE414D01027,BHAGCHEM,EQ,,,,,BHAGIRADHA CHEM & INDS L,255.0,258.35,255.0,255.25,255.45,256.9,,255.25,,,87272,22450033.5,1330,F1,1,,,,,
2025-09-24,2025-09-24,CM,NSE,STK,20799,INE458B01036,BHAGYANGR,BE,,,,,BHAGYANAGAR INDIA LIMITED,94.99,94.99,90.1,91.06,92.0,92.2,,91.38,,,24478,2281877.76,244,F1,1,,,,,
2025-09-24,2025-09-24,CM,NSE,STK,19556,INE474E01029,BHANDARI,EQ,,,,,BHANDARI HOSIERY EXP LTD,4.94,4.94,4.84,4.86,4.87,4.89,,4.86,,,241011,1175382.56,639,F1,1,,,,,
2025-09-24,2025-09-24,CM,NSE,STK,419,INE922A01025,BEPL,EQ,,,,,BHANSALI ENG. POLYMERS LT,105.6,105.91,104.0,104.26,104.1,105.37,,104.27,,,300588,31412432.92,3590,F1,1,,,,,
2025-09-24,2025-09-24,CM,NSE,STK,13761,INE464A01036,BBL,EQ,,,,,BHARAT BIJLEE LTD,3080.0,3262.0,3039.0,3223.8,3220.0,3089.7,,3223.7,,,118880,380651909.7,15897,F1,1,,,,,
2025-09-24,2025-09-24,CM,NSE,STK,2144,INE171Z01026,BDL,EQ,,,,,BHARAT DYNAMICS LIMITED,1590.0,1605.1,1556.0,1566.4,1564.0,1595.4,,1566.4,,,1534898,2410391249.1,41205,F1,1,,,,,
2025-09-24,2025-09-24,CM,NSE,STK,383,INE263A01024,BEL,EQ,,,,,BHARAT ELECTRONICS LTD,404.45,404.95,395.0,395.45,395.7,404.45,,395.45,,,10835672,4321349126.75,135377,F1,1,,,,,
2025-09-24,2025-09-24,CM,NSE,STK,422,INE465A01025,BHARATFORG,EQ,,,,,BHARAT FORGE LTD,1250.5,1250.5,1207.1,1209.0,1212.0,1251.0,,1209.0,,,926067,1126245824.1,40183,F1,1,,,,,
2025-09-24,2025-09-24,CM,NSE,STK,426,INE561C01019,BHARATGEAR,EQ,,,,,BHARAT GEARS LTD.,105.74,124.25,104.55,120.28,119.6,105.75,,120.28,,,5157592,620855192.04,39703,F1,1,,,,,
2025-09-24,2025-09-24,CM,NSE,STK,526,INE029A01011,BPCL,EQ,,,,,BHARAT PETROLEUM CORP  LT,330.45,332.4,327.0,330.35,330.25,330.4,,330.35,,,5489995,1811510828.75,59257,F1,1,,,,,
2025-09-24,2025-09-24,CM,NSE,STK,3834,INE838B01013,BHARATRAS,EQ,,,,,BHARAT RASAYAN LTD,10010.0,10154.0,10010.0,10063.0,10063.0,10042.0,,10050.0,,,2346,23689475.0,1065,F1,1,,,,,
2025-09-24,2025-09-24,CM,NSE,STK,21683,INE727S01012,BRNL,EQ,,,,,BHARAT ROAD NETWORK LTD,21.85,22.09,21.45,21.6,21.45,21.72,,21.6,,,94124,2050837.3,628,F1,1,,,,,
2025-09-24,2025-09-24,CM,NSE,STK,30244,INE415D01024,BHARATSE,EQ,,,,,BHARAT SEATS LIMITED,172.7,177.3,172.25,177.3,177.3,168.86,,177.28,,,289535,50992779.35,3477,F1,1,,,,,
2025-09-24,2025-09-24,CM,NSE,STK,16123,INE316L01019,BHARATWIRE,EQ,,,,,BHARAT WIRE ROPES LTD.,166.3,167.86,163.28,164.11,165.65,166.12,,164.23,,,79981,13231454.74,2246,F1,1,,,,,
2025-09-24,2025-09-24,CM,NSE,STK,10604,INE397D01024,BHARTIARTL,EQ,,,,,BHARTI AIRTEL LIMITED,1926.0,1937.3,1918.8,1931.1,1936.0,1938.7,,1931.1,,,5237977,10095835192.1,117702,F1,1,,,,,
2025-09-24,2025-09-24,CM,NSE,STK,23489,INE343G01021,BHARTIHEXA,EQ,,,,,BHARTI HEXACOM LIMITED,1712.0,1717.7,1682.6,1687.6,1685.1,1710.0,,1687.6,,,176538,298673239.3,16237,F1,1,,,,,
2025-09-24,2025-09-24,CM,NSE,STK,7848,INE828A01016,BIL,EQ,,,,,BHARTIYA INTERNATIONAL,870.0,895.0,870.0,890.0,891.0,871.7,,889.95,,,8825,7827513.15,545,F1,1,,,,,
2025-09-24,2025-09-24,CM,NSE,STK,438,INE257A01026,BHEL,EQ,,,,,BHEL,238.5,239.17,234.74,236.01,236.0,238.73,,236.01,,,4665637,1101516313.08,48567,F1,1,,,,,
2025-09-24,2025-09-24,CM,NSE,STK,18431,INE412U01025,BIGBLOC,EQ,,,,,BIGBLOC CONSTRUCTION LTD,57.15,58.0,57.15,57.41,57.45,57.49,,57.41,,,33614,1938357.01,671,F1,1,,,,,
2025-09-24,2025-09-24,CM,NSE,STK,11966,INE00E101023,BIKAJI,EQ,,,,,BIKAJI FOODS INTERN LTD,765.0,768.0,757.6,759.25,759.0,768.0,,759.25,,,74731,56936408.15,4544,F1,1,,,,,
2025-09-24,2025-09-24,CM,NSE,STK,25524,INE0SQH01013,BIKEWO,SM,,,,,BIKEWO GREEN TECH LIMITED,16.55,16.55,15.75,16.0,16.0,16.55,,16.0,,,40000,640500.0,19,F1,2000,,,,,
2025-09-24,2025-09-24,CM,NSE,STK,13625,INE071A01013,BILVYAPAR,EQ,,,,,BIL VYAPAR LIMITED,13.1,14.4,13.1,13.62,13.6,13.1,,13.62,,,53099,735301.17,216,F1,1,,,,,
2025-09-24,2025-09-24,CM,NSE,STK,11373,INE376G01013,BIOCON,EQ,,,,,BIOCON LIMITED.,359.5,361.25,356.15,358.95,359.0,359.5,,358.95,,,1684569,604094207.6,20339,F1,1,,,,,
2025-09-24,2025-09-24,CM,NSE,STK,4136,INE829A01014,BIOFILCHEM,EQ,,,,,BIOFIL CHEM & PHARMA LTD,43.77,43.92,42.55,42.67,42.79,43.55,,42.69,,,37892,1631663.11,397,F1,1,,,,,
2025-09-24,2025-09-24,CM,NSE,STK,477,INE800A01015,BIRLACABLE,EQ,,,,,BIRLA CABLE LIMITED,171.8,173.2,167.75,169.51,168.25,171.65,,169.66,,,37452,6423427.13,440,F1,1,,,,,
2025-09-24,2025-09-24,CM,NSE,STK,480,INE340A01012,BIRLACORPN,EQ,,,,,BIRLA CORPORATION LTD,1304.4,1304.4,1275.6,1282.9,1283.0,1299.2,,1282.9,,,59511,76380206.7,7222,F1,1,,,,,
2025-09-24,2025-09-24,CM,NSE,STK,1455,INE557A01011,BIRLANU,EQ,,,,,BIRLANU LIMITED,1983.0,2012.4,1965.0,1991.5,1989.8,1979.8,,1991.5,,,5164,10265573.2,963,F1,1,,,,,
2025-09-24,2025-09-24,CM,NSE,STK,24404,INF209KC1134,ABGSEC,EQ,,,,,BIRLASLAMC - ABGSEC,110.24,110.72,110.19,110.45,110.72,110.22,,110.45,,,74,8159.52,7,F1,1,,,,,
2025-09-24,2025-09-24,CM,NSE,STK,13987,INF209KB17D5,ABSLBANETF,EQ,,,,,BIRLASLAMC - ABSLBANETF,56.92,56.92,56.19,56.27,56.28,56.71,,56.28,,,4921,277438.67,246,F1,1,,,,,
2025-09-24,2025-09-24,CM,NSE,STK,14518,INF209KB18T9,ABSLLIQUID,EQ,,,,,BIRLASLAMC - ABSLLIQUID,1000.0,1000.01,999.99,1000.01,1000.01,1000.01,,1000.01,,,1046,1045998.88,23,F1,1,,,,,
2025-09-24,2025-09-24,CM,NSE,STK,7339,INF209KB16D7,ABSLNN50ET,EQ,,,,,BIRLASLAMC - ABSLNN50ET,73.39,73.39,71.9,71.95,72.36,72.73,,71.97,,,6433,465495.16,227,F1,1,,,,,
2025-09-24,2025-09-24,CM,NSE,STK,5957,INF209KB10E8,BSLSENETFG,EQ,,,,,BIRLASLAMC - BSLSENETFG,80.24,83.2,80.24,81.58,81.64,81.88,,81.58,,,1132,92499.81,106,F1,1,,,,,
2025-09-24,2025-09-24,CM,NSE,STK,6297,INF209KB10C2,HEALTHY,EQ,,,,,BIRLASLAMC - HEALTHY,15.43,15.43,14.94,14.97,14.99,15.06,,14.97,,,73753,1105148.69,931,F1,1,,,,,
2025-09-24,2025-09-24,CM,NSE,STK,10693,INF209KB14K7,MOMENTUM,EQ,,,,,BIRLASLAMC - MOMENTUM,31.0,31.7,30.71,30.93,31.18,31.21,,30.92,,,31798,987477.09,322,F1,1,,,,,
2025-09-24,2025-09-24,CM,NSE,STK,10690,INF209KB15K4,NIFTYQLITY,EQ,,,,,BIRLASLAMC - NIFTYQLITY,21.75,21.75,21.45,21.54,21.63,21.65,,21.54,,,59189,1274366.63,469,F1,1,,,,,
2025-09-24,2025-09-24,CM,NSE,STK,8003,INF209KB19F6,SILVER,EQ,,,,,BIRLASLAMC - SILVER,133.2,139.68,133.2,135.31,135.37,135.61,,135.32,,,1551170,210417466.97,4845,F1,1,,,,,
2025-09-24,2025-09-24,CM,NSE,STK,6462,INF209KB11D8,TECH,EQ,,,,,BIRLASLAMC - TECH,37.99,37.99,37.2,37.33,37.35,37.6,,37.34,,,17864,666479.71,291,F1,1,,,,,
2025-09-24,2025-09-24,CM,NSE,STK,23806,INF209KB19Z4,ABSLPSE,EQ,,,,,BIRLASLAMC-ABSLPSE,10.15,10.15,10.05,10.06,10.1,10.1,,10.06,,,112243,1131964.17,389,F1,1,,,,,
2025-09-24,2025-09-24,CM,NSE,STK,6994,INE836A01035,BSOFT,EQ,,,,,BIRLASOFT LIMITED,373.25,374.05,368.5,369.25,369.3,372.35,,369.25,,,399988,148426743.85,12142,F1,1,,,,,
2025-09-24,2025-09-24,CM,NSE,STK,3435,INE676A01027,BBOX,EQ,,,,,BLACK BOX LIMITED,490.0,495.4,475.35,478.05,478.1,497.45,,478.1,,,201787,97958371.8,7621,F1,1,,,,,
2025-09-24,2025-09-24,CM,NSE,STK,27144,INE0UIZ01018,BLACKBUCK,EQ,,,,,BLACKBUCK LIMITED,587.9,605.5,587.9,599.85,600.0,590.7,,599.85,,,469381,280934801.85,16410,F1,1,,,,,
2025-09-24,2025-09-24,CM,NSE,STK,8132,INE791A01024,BLBLIMITED,EQ,,,,,BLB LIMITED,15.8,16.05,15.61,15.88,15.84,15.8,,15.88,,,34328,546488.03,119,F1,1,,,,,
2025-09-24,2025-09-24,CM,NSE,STK,19265,INE416D01022,BLISSGVS,EQ,,,,,BLISS GVS PHARMA LTD,151.65,153.87,150.15,151.56,151.51,151.22,,151.56,,,270452,41130198.62,7477,F1,1,,,,,
2025-09-24,2025-09-24,CM,NSE,STK,22566,INE0NLT01010,BLSE,EQ,,,,,BLS E-SERVICES LIMITED,199.4,201.9,192.0,193.42,194.5,200.41,,193.41,,,313008,62351455.22,3091,F1,1,,,,,
2025-09-24,2025-09-24,CM,NSE,STK,17279,INE153T01027,BLS,EQ,,,,,BLS INTL SERVS LTD,360.75,361.25,354.5,355.95,355.9,360.0,,356.0,,,500702,178488145.05,17884,F1,1,,,,,
2025-09-24,2025-09-24,CM,NSE,STK,8552,INE472B01011,BLUECOAST,BE,,,,,BLUE COAST HOTELS LIMITED,71.47,71.47,65.1,70.69,71.44,68.07,,70.2,,,34319,2412363.03,280,F1,1,,,,,
2025-09-24,2025-09-24,CM,NSE,STK,495,INE233B01017,BLUEDART,EQ,,,,,BLUE DART EXPRESS LTD,5735.0,5796.0,5734.5,5775.5,5770.5,5755.0,,5775.5,,,5830,33625097.0,1995,F1,1,,,,,
2025-09-24,2025-09-24,CM,NSE,STK,19686,INE0KBH01020,BLUEJET,EQ,,,,,BLUE JET HEALTHCARE LTD,680.9,683.15,665.0,672.5,669.35,680.9,,672.5,,,413609,278444894.45,11293,F1,1,,,,,
2025-09-24,2025-09-24,CM,NSE,STK,23410,INE0SAK01011,BLUEPEBBLE,SM,,,,,BLUE PEBBLE LIMITED,175.05,179.0,175.05,178.35,178.05,180.0,,178.35,,,4800,852900.0,12,F1,400,,,,,
2025-09-24,2025-09-24,CM,NSE,STK,8311,INE472A01039,BLUESTARCO,EQ,,,,,BLUE STAR LIMITED,1960.0,1960.0,1924.2,1944.2,1945.0,1964.0,,1944.2,,,384989,747211808.1,28724,F1,1,,,,,
2025-09-24,2025-09-24,CM,NSE,STK,758182,INE0X3M01010,BLUEWATER,SM,,,,,BLUE WATER LOGISTICS LTD,159.8,159.8,152.0,152.0,152.0,155.15,,152.0,,,7000,1085350.0,7,F1,1000,,,,,
2025-09-24,2025-09-24,CM,NSE,STK,759291,INE304W01038,BLUESTONE,EQ,,,,,BLUESTONE JEWEL LFSTL LTD,600.0,600.05,585.0,589.15,590.0,594.5,,589.1,,,121964,71912995.3,6611,F1,1,,,,,
2025-09-24,2025-09-24,CM,NSE,STK,757520,INE0U4101014,BLUSPRING,EQ,,,,,BLUSPRING ENTERPRISES LTD,83.17,83.6,80.21,80.65,80.62,83.17,,80.67,,,296828,24179208.66,5644,F1,1,,,,,
2025-09-24,2025-09-24,CM,NSE,STK,25017,INE338D01028,BODALCHEM,EQ,,,,,BODAL CHEMICALS LTD,65.5,66.25,64.2,64.53,64.2,65.27,,64.53,,,242066,15750338.33,2357,F1,1,,,,,
2025-09-24,2025-09-24,CM,NSE,STK,14150,INE0EEJ01023,BTML,EQ,,,,,BODHI TREE MULTIMEDIA LTD,9.34,9.34,9.01,9.08,9.15,9.16,,9.08,,,138062,1267527.02,848,F1,1,,,,,
2025-09-24,2025-09-24,CM,NSE,STK,11640,INE802W01023,BOHRAIND,EQ,,,,,BOHRA INDUSTRIES LIMITED,25.96,26.13,25.11,25.35,25.18,25.23,,25.35,,,27159,688267.69,561,F1,1,,,,,
2025-09-24,2025-09-24,CM,NSE,STK,380,INE050A01025,BBTC,EQ,,,,,BOMBAY BURMAH TRADING COR,1878.8,1901.8,1869.8,1880.9,1875.0,1878.7,,1880.7,,,30193,56766095.9,3878,F1,1,,,,,
2025-09-24,2025-09-24,CM,NSE,STK,513,INE032A01023,BOMDYEING,EQ,,,,,BOMBAY DYEING & MFG. CO L,180.5,180.97,174.61,175.74,175.8,180.93,,175.74,,,876385,154993595.54,12105,F1,1,,,,,
2025-09-24,2025-09-24,CM,NSE,STK,6052,INE0I3Y01014,BMETRICS,SM,,,,,BOMBAY METRICS S C LTD,48.35,48.35,48.0,48.0,48.0,48.55,,48.0,,,4800,231400.0,5,F1,800,,,,,
2025-09-24,2025-09-24,CM,NSE,STK,809,INE032Z01020,BSHSL,EQ,,,,,BOMBAY SUPER HYBRID SEEDS,129.84,138.74,128.91,133.99,135.0,129.84,,133.99,,,22279,2989804.6,893,F1,1,,,,,
2025-09-24,2025-09-24,CM,NSE,STK,31128,INE053F07538,810IRFC27,N2,,,,,BOND 8.10% PA TAX FREE S2,1108.75,1110.6,1108.75,1108.75,1108.75,1112.48,,1108.75,,,340,377067.5,3,F1,1,,,,,
2025-09-24,2025-09-24,CM,NSE,STK,31040,INE906B07CB9,830NHAI27,N2,,,,,BOND 8.30% PA TAX FREE S2,1034.68,1037.0,1034.3,1034.48,1034.3,1034.68,,1034.49,,,3333,3453715.33,53,F1,1,,,,,
2025-09-24,2025-09-24,CM,NSE,STK,603,INE053F07686,865IRFC29,,,,,,BOND 8.65% PA TF TI-SIIB,1129.0,1131.0,1124.22,1124.5,1124.5,1131.54,,1124.5,,,730,821514.0,8,F1,1,,,,,
2025-09-24,2025-09-24,CM,NSE,STK,30990,INE020B07HS2,871REC28,N9,,,,,BOND 8.71% TAX FREE S2B,1159.0,1159.0,1150.0,1155.0,1155.0,1159.41,,1155.0,,,4930,5686325.5,30,F1,1,,,,,
2025-09-24,2025-09-24,CM,NSE,STK,1999,INE053F07744,888IRFC29,NE,,,,,BOND 8.88% PA TF TII-SIIB,1152.0,1152.0,1152.0,1152.0,1152.0,1152.1,,1152.1,,,10,11520.0,1,F1,1,,,,,
2025-09-24,2025-09-24,CM,NSE,STK,31969,INE557F07124,888NHB29,N5,,,,,BOND 8.88%PA TF TR-I S 2B,5820.0,5820.0,5820.0,5820.0,5820.0,5751.0,,5820.0,,,3,17460.0,1,F1,1,,,,,
2025-09-24,2025-09-24,CM,NSE,STK,31970,INE557F07132,901NHB34,N6,,,,,BOND 9.01%PA TF TR-I S 3B,6546.0,6546.0,6486.0,6510.0,6510.0,6545.57,,6510.0,,,89,579084.99,9,F1,1,,,,,
2025-09-24,2025-09-24,CM,NSE,STK,2947,INE020B07IG5,888REC29,NF,,,,,BOND8.88% PA TF TR II S2B,1175.99,1175.99,1160.1,1165.2,1165.2,1174.0,,1165.2,,,299,351066.05,5,F1,1,,,,,
2025-09-24,2025-09-24,CM,NSE,STK,757919,INE16SF01016,BORANA,EQ,,,,,BORANA WEAVES LIMITED,219.0,219.0,216.5,216.74,217.0,218.42,,216.74,,,83298,18061618.87,1361,F1,1,,,,,
2025-09-24,2025-09-24,CM,NSE,STK,19401,INE02PY01013,BOROLTD,EQ,,,,,BOROSIL LIMITED,380.0,397.95,367.2,371.45,369.0,373.6,,371.45,,,1703477,655817268.3,57672,F1,1,,,,,
2025-09-24,2025-09-24,CM,NSE,STK,3149,INE666D01022,BORORENEW,EQ,,,,,BOROSIL RENEWABLES LTD,602.65,604.7,585.35,588.25,587.15,602.85,,588.25,,,579284,344093554.25,17994,F1,1,,,,,
2025-09-24,2025-09-24,CM,NSE,STK,24014,INE02L001032,BOROSCI,EQ,,,,,BOROSIL SCIENTIFIC LTD,139.06,141.08,137.0,137.36,137.7,139.56,,137.36,,,42776,5940200.78,1270,F1,1,,,,,
2025-09-24,2025-09-24,CM,NSE,STK,2181,INE323A01026,BOSCHLTD,EQ,,,,,BOSCH LIMITED,39520.0,39595.0,38665.0,38760.0,38700.0,39390.0,,38760.0,,,22613,882310020.0,7226,F1,1,,,,,
2025-09-24,2025-09-24,CM,NSE,STK,25119,INE0QNI01012,BOSS,SM,,,,,BOSS PACKAGING SOLU LTD,42.25,42.25,42.25,42.25,42.25,44.45,,42.25,,,4000,169000.0,2,F1,2000,,,,,
2025-09-24,2025-09-24,CM,NSE,STK,530,INE110A01019,BPL,EQ,,,,,BPL LTD,81.6,82.7,80.31,80.81,80.5,82.09,,80.83,,,54314,4442197.52,1249,F1,1,,,,,
2025-09-24,2025-09-24,CM,NSE,STK,24905,INE0R4Z01018,BRACEPORT,SM,,,,,BRACE PORT LOGISTICS LTD,81.35,81.35,80.0,80.0,80.0,81.35,,80.0,,,8000,646400.0,5,F1,1600,,,,,
2025-09-24,2025-09-24,CM,NSE,STK,24814,INE02RE01045,FIRSTCRY,EQ,,,,,BRAINBEES SOLUTIONS LTD,387.0,388.5,377.45,386.35,387.05,388.25,,386.35,,,910653,348952470.7,19686,F1,1,,,,,
2025-09-24,2025-09-24,CM,NSE,STK,7780,INE977Y01011,BCONCEPTS,EQ,,,,,BRAND CONCEPTS LIMITED,420.0,449.0,394.2,397.4,397.0,379.3,,397.4,,,609400,260056416.1,41317,F1,1,,,,,
2025-09-24,2025-09-24,CM,NSE,STK,15184,INE791I01019,BRIGADE,EQ,,,,,BRIGADE ENTER. LTD,916.5,923.4,908.2,914.9,914.95,914.35,,914.9,,,499674,457018350.05,20972,F1,1,,,,,
2025-09-24,2025-09-24,CM,NSE,STK,757794,INE03NU01014,BRIGHOTEL,EQ,,,,,BRIGADE HOTEL VENTURE LTD,84.75,84.75,83.01,83.12,83.38,83.71,,83.12,,,145457,12125935.58,2337,F1,1,,,,,
2025-09-24,2025-09-24,CM,NSE,STK,8833,INE425B01027,BCG,EQ,,,,,BRIGHTCOM GROUP LIMITED,14.42,14.6,14.18,14.22,14.22,14.62,,14.22,,,6201280,88816183.53,8410,F1,1,,,,,
2025-09-24,2025-09-24,CM,NSE,STK,547,INE216A01030,BRITANNIA,EQ,,,,,BRITANNIA INDUSTRIES LTD,5935.0,6050.0,5905.5,5970.5,5975.0,5934.0,,5970.5,,,360372,2153136910.0,37916,F1,1,,,,,
2025-09-24,2025-09-24,CM,NSE,STK,2203,INE0FDU25010,BIRET,RR,,,,,BROOKFIELD INDIA RET,330.6,332.5,329.11,329.99,330.0,328.63,,329.99,,,145946,48177241.64,5111,F1,1,,,,,
2025-09-24,2025-09-24,CM,NSE,STK,25136,INE650L01011,BROOKS,EQ,,,,,BROOKS LAB LIMITED,146.95,148.48,145.1,145.42,145.1,145.92,,145.42,,,13374,1954703.58,731,F1,1,,,,,
2025-09-24,2025-09-24,CM,NSE,STK,19585,INE118H01025,BSE,EQ,,,,,BSE LIMITED,2122.2,2135.0,2060.0,2076.4,2072.0,2122.2,,2076.4,,,4081837,8569771065.5,251693,F1,1,,,,,
2025-09-24,2025-09-24,CM,NSE,STK,559,INE594B01012,BSL,EQ,,,,,BSL LTD,160.5,166.99,160.5,163.16,164.9,164.87,,163.13,,,4765,786386.51,157,F1,1,,,,,
2025-09-24,2025-09-24,CM,NSE,STK,2716,INE295F01017,BUTTERFLY,EQ,,,,,BTRFLY GANDHI APPL LTD,713.25,726.0,706.45,721.65,722.95,713.2,,721.5,,,11822,8515394.45,1037,F1,1,,,,,
2025-09-24,2025-09-24,CM,NSE,STK,18372,INE0QBU01012,CPS,SM,,,,,C P S SHAPERS LIMITED,780.0,780.0,780.0,780.0,780.0,777.45,,780.0,,,300,234000.0,1,F1,300,,,,,
2025-09-24,2025-09-24,CM,NSE,STK,7227,INE0BV301023,MAPMYINDIA,EQ,,,,,C.E. INFO SYSTEMS LIMITED,1632.8,1649.6,1622.5,1633.6,1638.1,1632.6,,1633.6,,,24813,40563868.6,2912,F1,1,,,,,
2025-09-24,2025-09-24,CM,NSE,STK,27277,INE0U7V01015,C2C,ST,,,,,C2C ADVANCED SYSTEMS LTD,800.0,802.0,790.0,792.1,792.1,800.0,,792.1,,,21600,17201250.0,33,F1,600,,,,,
2025-09-24,2025-09-24,CM,NSE,STK,8400,INE526B01014,CALSOFT,BE,,,,,CALIFORNIA SOFTWARE CO LT,14.18,15.17,14.18,14.56,14.61,14.78,,14.4,,,23049,331746.55,140,F1,1,,,,,
2025-09-24,2025-09-24,CM,NSE,STK,29958,IN9526B01012,CALSOFTPP,X1,,,,,CALSOFT RS.2.50 PPD UP,4.53,4.53,4.32,4.32,4.51,4.32,,4.32,,,1520,6675.14,13,F1,1,,,,,
2025-09-24,2025-09-24,CM,NSE,STK,14218,INE627H01017,CTE,EQ,,,,,CAMBRIDGE TECH ENTER LTD,42.24,42.24,40.73,41.51,41.98,41.25,,41.59,,,32621,1360110.9,267,F1,1,,,,,
2025-09-24,2025-09-24,CM,NSE,STK,6216,INE052I01032,CAMLINFINE,EQ,,,,,CAMLIN FINE SCIENCES LTD,228.0,232.4,223.55,224.27,223.99,226.04,,224.28,,,139100,31655810.91,2566,F1,1,,,,,
2025-09-24,2025-09-24,CM,NSE,STK,9362,INE278Y01022,CAMPUS,EQ,,,,,CAMPUS ACTIVEWEAR LIMITED,275.0,276.05,268.35,269.7,268.9,276.4,,269.7,,,359996,97561230.65,9306,F1,1,,,,,
2025-09-24,2025-09-24,CM,NSE,STK,583,INE477A01020,CANFINHOME,EQ,,,,,CAN FIN HOMES LTD,788.0,791.95,772.0,777.75,773.0,780.3,,777.75,,,265849,208433368.8,11222,F1,1,,,,,
2025-09-24,2025-09-24,CM,NSE,STK,10794,INE476A01022,CANBK,EQ,,,,,CANARA BANK,122.7,124.55,122.25,122.91,122.83,121.9,,122.91,,,55162500,6805034253.05,183603,F1,1,,,,,
2025-09-24,2025-09-24,CM,NSE,STK,19368,INE0QG301017,CANARYS,SM,,,,,CANARYS AUTOMATIONS LTD,29.0,29.7,29.0,29.2,29.2,29.2,,29.2,,,32000,938800.0,8,F1,4000,,,,,
2025-09-24,2025-09-24,CM,NSE,STK,20160,INE068L01024,CANTABIL,EQ,,,,,CANTABIL RETAIL LTD,272.2,274.9,267.45,269.5,269.05,272.2,,269.5,,,88527,23963748.75,3105,F1,1,,,,,
2025-09-24,2025-09-24,CM,NSE,STK,21749,INE264T01014,CAPACITE,EQ,,,,,CAPACITE INFRAPROJECT LTD,301.85,306.0,300.1,300.9,300.2,302.55,,300.85,,,232046,70242361.35,6245,F1,1,,,,,
2025-09-24,2025-09-24,CM,NSE,STK,756015,INE345H01024,CIFL,EQ,,,,,CAPITAL INDIA FINANCE LTD,36.8,38.6,36.18,37.9,37.79,36.61,,37.94,,,505884,18873405.32,2983,F1,1,,,,,
2025-09-24,2025-09-24,CM,NSE,STK,29157,INE0Z8Z23013,CAPINVIT,IV,,,,,CAPITAL INFRA TRUST,76.51,77.32,76.51,76.94,76.93,76.68,,76.88,,,22080,1699910.61,466,F1,1,,,,,
2025-09-24,2025-09-24,CM,NSE,STK,22675,INE646H01017,CAPITALSFB,EQ,,,,,CAPITAL SMALL FIN BANK L,285.95,288.0,281.0,281.8,281.0,284.7,,281.8,,,34664,9840789.25,925,F1,1,,,,,
2025-09-24,2025-09-24,CM,NSE,STK,19447,INE707C01018,CAPTRUST,EQ,,,,,CAPITAL TRUST LIMITED,44.5,44.51,43.1,44.18,44.0,43.63,,44.13,,,8547,375420.08,188,F1,1,,,,,
2025-09-24,2025-09-24,CM,NSE,STK,3906,INE475E01026,CAPLIPOINT,EQ,,,,,CAPLIN POINT LAB LTD.,2259.0,2279.8,2235.6,2261.1,2250.1,2253.6,,2261.2,,,41458,93589077.8,6440,F1,1,,,,,
2025-09-24,2025-09-24,CM,NSE,STK,20329,INE180C01042,CGCL,EQ,,,,,CAPRI GLOBAL CAPITAL LTD,193.29,196.0,191.9,192.61,192.6,193.2,,192.61,,,1477834,286495493.25,15398,F1,1,,,,,
2025-09-24,2025-09-24,CM,NSE,STK,595,INE120A01034,CARBORUNIV,EQ,,,,,CARBORUNDUM UNIVERSAL LTD,972.0,980.8,952.0,955.1,953.65,972.0,,955.2,,,46089,44458506.25,4453,F1,1,,,,,
2025-09-24,2025-09-24,CM,NSE,STK,29113,INE752H01013,CARERATING,EQ,,,,,CARE RATINGS LIMITED,1550.0,1556.7,1527.1,1530.5,1528.0,1552.6,,1530.5,,,23145,35568463.3,3173,F1,1,,,,,
2025-09-24,2025-09-24,CM,NSE,STK,758941,INE0P6P01016,CPEDU,EQ,,,,,CAREER POINT EDUTECH LTD,277.0,297.7,272.42,275.11,273.61,274.65,,275.12,,,183547,52552036.16,3928,F1,1,,,,,
2025-09-24,2025-09-24,CM,NSE,STK,28879,INE0V7W01012,CARRARO,EQ,,,,,CARRARO INDIA LIMITED,468.15,487.7,468.15,483.4,483.0,468.15,,483.35,,,211510,101895379.5,13233,F1,1,,,,,
2025-09-24,2025-09-24,CM,NSE,STK,5407,INE290S01011,CARTRADE,EQ,,,,,CARTRADE TECH LIMITED,2404.8,2513.0,2392.0,2493.0,2497.7,2404.8,,2492.8,,,293563,728312856.1,41698,F1,1,,,,,
2025-09-24,2025-09-24,CM,NSE,STK,1879,INE482D01024,CARYSIL,EQ,,,,,CARYSIL LIMITED,882.25,892.9,869.8,880.4,876.2,885.35,,880.35,,,138831,122106748.35,12007,F1,1,,,,,
2025-09-24,2025-09-24,CM,NSE,STK,758129,INE0WL201014,CUDML,SM,,,,,CASH UR DRIVE MARKETING L,162.5,162.5,157.5,157.65,157.65,162.5,,157.65,,,14000,2246650.0,14,F1,1000,,,,,
2025-09-24,2025-09-24,CM,NSE,STK,1250,INE172A01027,CASTROLIND,EQ,,,,,CASTROL INDIA LIMITED,203.18,203.75,200.54,202.74,202.25,203.17,,202.74,,,1050643,212032520.96,26867,F1,1,,,,,
2025-09-24,2025-09-24,CM,NSE,STK,11452,INE421D01022,CCL,EQ,,,,,CCL PRODUCTS (I) LTD,904.2,924.0,898.85,919.3,919.8,899.85,,919.3,,,220304,201891102.25,19155,F1,1,,,,,
2025-09-24,2025-09-24,CM,NSE,STK,15254,INE482A01020,CEATLTD,EQ,,,,,CEAT LIMITED,3474.6,3509.3,3428.0,3454.9,3441.2,3474.6,,3454.6,,,69309,239906360.6,8942,F1,1,,,,,
2025-09-24,2025-09-24,CM,NSE,STK,757687,INE11J101017,CEDAAR,SM,,,,,CEDAAR TEXTILE LIMITED,99.95,99.95,97.0,99.95,99.95,99.95,,99.95,,,9000,892300.0,9,F1,1000,,,,,
2025-09-24,2025-09-24,CM,NSE,STK,24742,INE0AG901020,CEIGALL,EQ,,,,,CEIGALL INDIA LIMITED,274.9,276.75,270.05,271.08,271.0,272.93,,271.1,,,188982,51523165.76,3576,F1,1,,,,,
2025-09-24,2025-09-24,CM,NSE,STK,13162,INE185H01016,CELEBRITY,EQ,,,,,CELEBRITY FASHIONS LTD,12.11,12.32,11.81,11.98,12.02,12.14,,11.98,,,48850,589636.28,321,F1,1,,,,,
2025-09-24,2025-09-24,CM,NSE,STK,16950,INE0O0001013,CELLPOINT,SM,,,,,CELL POINT (INDIA) LTD,19.0,19.0,18.4,18.75,18.75,18.75,,18.75,,,7200,134940.0,6,F1,1200,,,,,
2025-09-24,2025-09-24,CM,NSE,STK,18806,INE0OMO01025,CELLECOR,SM,,,,,CELLECOR GADGETS LIMITED,31.9,32.3,31.5,31.6,31.55,32.3,,31.6,,,162000,5151900.0,54,F1,3000,,,,,
2025-09-24,2025-09-24,CM,NSE,STK,19795,INE0LMW01024,CELLO,EQ,,,,,CELLO WORLD LIMITED,610.05,611.95,596.2,597.85,599.0,611.95,,597.8,,,102158,61521617.8,5969,F1,1,,,,,
2025-09-24,2025-09-24,CM,NSE,STK,5622,INE686A01026,CEMPRO,EQ,,,,,CEMINDIA PROJECTS LIMITED,822.0,826.55,792.05,798.55,801.45,822.25,,798.55,,,482417,390278776.85,17594,F1,1,,,,,
2025-09-24,2025-09-24,CM,NSE,STK,14894,INE483A01010,CENTRALBK,EQ,,,,,CENTRAL BANK OF INDIA,38.3,38.75,37.57,37.66,37.6,37.91,,37.66,,,11316860,431966783.43,21310,F1,1,,,,,
2025-09-24,2025-09-24,CM,NSE,STK,21174,INE736A01011,CDSL,EQ,,,,,CENTRAL DEPO SER (I) LTD,1543.0,1549.8,1506.1,1514.0,1509.8,1546.6,,1514.0,,,1373690,2092655996.8,51192,F1,1,,,,,
2025-09-24,2025-09-24,CM,NSE,STK,2454,INE660C01027,CENTRUM,EQ,,,,,CENTRUM CAPITAL LIMITED,36.88,37.14,36.6,36.6,36.6,36.81,,36.6,,,362541,13306141.49,1182,F1,1,,,,,
2025-09-24,2025-09-24,CM,NSE,STK,14982,INE320B01020,CENTUM,EQ,,,,,CENTUM ELECTRONICS LTD,2794.7,2906.0,2760.7,2878.6,2875.0,2794.7,,2878.7,,,44173,126926871.6,7369,F1,1,,,,,
2025-09-24,2025-09-24,CM,NSE,STK,619,INE485A01015,CENTENKA,EQ,,,,,CENTURY ENKA LTD,498.0,498.0,478.35,486.45,484.05,496.6,,486.4,,,29821,14516916.15,3436,F1,1,,,,,
2025-09-24,2025-09-24,CM,NSE,STK,11511,INE281A01026,CENTEXT,EQ,,,,,CENTURY EXTRUSIONS LTD,25.4,26.44,25.26,25.65,26.0,25.79,,25.65,,,243646,6267121.65,1538,F1,1,,,,,
2025-09-24,2025-09-24,CM,NSE,STK,13305,INE348B01021,CENTURYPLY,EQ,,,,,CENTURY PLYBOARDS (I) LTD,810.2,815.8,805.2,810.9,813.35,810.2,,810.9,,,32139,26049608.0,4718,F1,1,,,,,
2025-09-24,2025-09-24,CM,NSE,STK,15039,INE739E01017,CERA,EQ,,,,,CERA SANITARYWARE LTD,6180.0,6180.0,6029.5,6122.5,6140.0,6180.0,,6122.0,,,35549,216048893.0,8990,F1,1,,,,,
2025-09-24,2025-09-24,CM,NSE,STK,29016,INE345B01019,CEREBRAINT,BZ,,,,,CEREBRA INT TECH LTD,7.44,7.61,7.26,7.47,7.5,7.65,,7.48,,,206224,1533943.29,375,F1,1,,,,,
2025-09-24,2025-09-24,CM,NSE,STK,628,INE486A01021,CESC,EQ,,,,,CESC LTD,170.0,172.5,166.36,167.19,166.69,166.84,,167.18,,,4636419,784019369.42,54303,F1,1,,,,,
2025-09-24,2025-09-24,CM,NSE,STK,760,INE067A01029,CGPOWER,EQ,,,,,CG POWER AND IND SOL LTD,770.0,775.0,766.0,770.1,768.0,773.45,,770.1,,,1284403,990243208.6,32480,F1,1,,,,,
2025-09-24,2025-09-24,CM,NSE,STK,8546,INE427F01016,CHALET,EQ,,,,,CHALET HOTELS LIMITED,1023.0,1031.1,1008.4,1011.9,1018.7,1025.1,,1011.9,,,206021,210308380.7,20521,F1,1,,,,,
2025-09-24,2025-09-24,CM,NSE,STK,3482,INE419D01026,CLSEL,EQ,,,,,CHAMAN LAL SETIA EXP LTD,281.45,282.2,274.65,275.95,277.0,281.0,,276.05,,,61933,17148737.0,2172,F1,1,,,,,
2025-09-24,2025-09-24,CM,NSE,STK,13731,INE06PV01010,CMNL,SM,,,,,CHAMAN METALLICS LIMITED,161.0,168.65,160.05,166.85,165.55,160.05,,166.85,,,27750,4577437.5,36,F1,750,,,,,
2025-09-24,2025-09-24,CM,NSE,STK,637,INE085A01013,CHAMBLFERT,EQ,,,,,CHAMBAL FERTILIZERS LTD,537.0,539.2,532.0,532.8,532.8,537.1,,532.8,,,659918,352866706.6,15984,F1,1,,,,,
2025-09-24,2025-09-24,CM,NSE,STK,29541,INE11HG01018,CHAMUNDA,SM,,,,,CHAMUNDA ELECTRICAL LTD,55.7,55.95,51.55,52.15,52.15,54.35,,52.15,,,45000,2427450.0,14,F1,3000,,,,,
2025-09-24,2025-09-24,CM,NSE,STK,29636,INE0B2N01016,CHANDAN,ST,,,,,CHANDAN HEALTHCARE LTD,260.25,260.25,245.0,248.8,250.0,247.9,,248.8,,,191200,47973840.0,112,F1,800,,,,,
2025-09-24,2025-09-24,CM,NSE,STK,18654,INE0PT101017,CHAVDA,SM,,,,,CHAVDA INFRA LIMITED,110.25,110.5,109.1,109.6,109.6,110.8,,109.6,,,25000,2746000.0,25,F1,1000,,,,,
2025-09-24,2025-09-24,CM,NSE,STK,757989,INE0TGX01019,CHEMBONDCH,EQ,,,,,CHEMBOND CHEMICAL LIMITED,184.13,184.33,181.35,181.51,181.8,181.31,,181.49,,,13705,2504994.63,311,F1,1,,,,,
2025-09-24,2025-09-24,CM,NSE,STK,14618,INE995D01025,CHEMBOND,EQ,,,,,CHEMBOND MATERIALTECH LTD,179.2,184.0,176.0,177.86,176.0,179.2,,177.93,,,27610,5008790.94,598,F1,1,,,,,
2025-09-24,2025-09-24,CM,NSE,STK,270,INE03YM01018,CHEMCON,EQ,,,,,CHEMCON SPECIAL CHEM LTD,252.0,255.5,244.11,246.05,246.74,253.61,,246.04,,,191402,47967527.81,7591,F1,1,,,,,
2025-09-24,2025-09-24,CM,NSE,STK,2799,INE783X01023,CHEMFAB,EQ,,,,,CHEMFAB ALKALIS LIMITED,630.0,654.0,626.0,631.6,634.0,640.35,,631.55,,,4691,3001850.0,776,F1,1,,,,,
2025-09-24,2025-09-24,CM,NSE,STK,5449,INE488A01050,CHEMPLASTS,EQ,,,,,CHEMPLAST SANMAR LIMITED,418.0,424.2,417.95,419.9,418.55,421.6,,419.9,,,18708,7865500.75,1351,F1,1,,,,,
2025-09-24,2025-09-24,CM,NSE,STK,2049,INE178A01016,CHENNPETRO,EQ,,,,,CHENNAI PETROLEUM CORP LT,751.7,761.85,750.0,753.3,752.0,751.7,,753.35,,,430843,325629472.55,13162,F1,1,,,,,
2025-09-24,2025-09-24,CM,NSE,STK,24625,INE0U1T01012,CHETANA,SM,,,,,CHETANA EDUCATION LIMITED,72.55,73.5,72.55,73.5,73.5,74.65,,73.5,,,3200,233680.0,2,F1,1600,,,,,
2025-09-24,2025-09-24,CM,NSE,STK,9879,INE974B01016,CHEVIOT,EQ,,,,,CHEVIOT COMPANY LIMITED,1185.0,1186.0,1170.1,1172.5,1170.1,1179.6,,1172.0,,,1072,1263135.6,228,F1,1,,,,,
2025-09-24,2025-09-24,CM,NSE,STK,8866,INE102B01014,CHOICEIN,EQ,,,,,CHOICE INTERNATIONAL LTD,815.85,832.0,810.05,826.3,826.0,815.85,,826.3,,,420473,347065281.45,10503,F1,1,,,,,
2025-09-24,2025-09-24,CM,NSE,STK,21740,INE149A01033,CHOLAHLDNG,EQ,,,,,CHOLAMANDALAM FIN HOL LTD,1934.1,1934.1,1892.9,1912.2,1911.0,1922.4,,1912.2,,,99817,190693138.2,10913,F1,1,,,,,
2025-09-24,2025-09-24,CM,NSE,STK,685,INE121A01024,CHOLAFIN,EQ,,,,,CHOLAMANDALAM IN & FIN CO,1611.0,1640.0,1611.0,1630.2,1627.5,1623.8,,1630.5,,,1640747,2675993374.1,35549,F1,1,,,,,
2025-09-24,2025-09-24,CM,NSE,STK,14937,INE536H01010,CIEINDIA,EQ,,,,,CIE AUTOMOTIVE INDIA LTD,432.8,444.7,426.45,436.7,436.15,429.5,,436.7,,,546399,239537557.3,23427,F1,1,,,,,
2025-09-24,2025-09-24,CM,NSE,STK,5142,INE675C01017,CIGNITITEC,EQ,,,,,CIGNITI TECHNOLOGIES LTD,1581.0,1581.0,1535.2,1543.6,1535.2,1583.4,,1543.6,,,60164,93390437.2,4665,F1,1,,,,,
2025-09-24,2025-09-24,CM,NSE,STK,27161,INE704H01022,CINELINE,EQ,,,,,CINELINE INDIA LIMITED,90.0,91.77,88.63,90.92,91.55,90.44,,91.01,,,22568,2038911.6,473,F1,1,,,,,
2025-09-24,2025-09-24,CM,NSE,STK,8024,INE039B01026,CINEVISTA,EQ,,,,,CINEVISTA LIMITED,19.0,19.8,18.2,19.36,19.65,18.97,,19.36,,,62015,1194507.28,384,F1,1,,,,,
2025-09-24,2025-09-24,CM,NSE,STK,694,INE059A01026,CIPLA,EQ,,,,,CIPLA LTD,1527.0,1542.5,1520.3,1538.0,1535.0,1527.1,,1538.0,,,943785,1448131918.2,50026,F1,1,,,,,
2025-09-24,2025-09-24,CM,NSE,STK,5701,INE491A01021,CUB,EQ,,,,,CITY UNION BANK LTD,206.15,212.4,205.75,211.08,210.9,205.01,,211.06,,,2404127,504184693.27,30346,F1,1,,,,,
2025-09-24,2025-09-24,CM,NSE,STK,20233,INE201M01029,CLEDUCATE,BE,,,,,CL EDUCATE LIMITED,100.39,100.39,97.0,98.27,99.12,98.42,,98.3,,,29555,2912564.05,165,F1,1,,,,,
2025-09-24,2025-09-24,CM,NSE,STK,758736,INE0UQ601012,CLASSICEIL,SM,,,,,CLASSIC ELECTRODE (IND) L,96.7,99.0,95.15,99.0,99.0,99.25,,99.0,,,41600,4001440.0,22,F1,1600,,,,,
2025-09-24,2025-09-24,CM,NSE,STK,5049,INE227W01023,CLEAN,EQ,,,,,CLEAN SCIENCE & TECH LTD,1136.0,1159.6,1126.0,1127.7,1126.4,1132.4,,1127.7,,,560525,639171737.9,26816,F1,1,,,,,
2025-09-24,2025-09-24,CM,NSE,STK,7603,INE925R01014,CMSINFO,EQ,,,,,CMS INFO SYSTEMS LIMITED,401.7,401.75,387.5,389.1,388.15,400.15,,389.1,,,1121183,438884706.5,33385,F1,1,,,,,
2025-09-24,2025-09-24,CM,NSE,STK,20374,INE522F01014,COALINDIA,EQ,,,,,COAL INDIA LTD,394.5,395.6,391.75,392.85,393.25,394.05,,392.85,,,5139791,2023429394.3,60765,F1,1,,,,,
2025-09-24,2025-09-24,CM,NSE,STK,6006,INE377E01024,COASTCORP,EQ,,,,,COASTAL CORPORATION LTD,33.96,34.84,33.4,33.66,33.62,33.95,,33.67,,,72559,2463584.61,1189,F1,1,,,,,
2025-09-24,2025-09-24,CM,NSE,STK,21508,INE704P01025,COCHINSHIP,EQ,,,,,COCHIN SHIPYARD LIMITED,1895.0,1910.0,1866.7,1895.0,1898.0,1885.4,,1894.9,,,1939287,3667983841.1,68307,F1,1,,,,,
2025-09-24,2025-09-24,CM,NSE,STK,11169,INE335K01011,COFFEEDAY,BE,,,,,COFFEE DAY ENTERPRISE LTD,44.78,45.95,44.1,44.61,44.2,44.51,,44.59,,,633311,28681087.7,1937,F1,1,,,,,
2025-09-24,2025-09-24,CM,NSE,STK,11168,INE335K01011,COFFEEDAY,BL,,,,,COFFEE DAY ENTERPRISE LTD,44.45,44.45,44.45,44.45,44.45,26.35,,44.45,,,8828793,392439848.85,3,F1,999999999,,,,,
2025-09-24,2025-09-24,CM,NSE,STK,11543,INE591G01025,COFORGE,EQ,,,,,COFORGE LIMITED,1673.3,1673.3,1618.0,1623.2,1619.0,1667.9,,1623.2,,,2635426,4307576305.9,107003,F1,1,,,,,
2025-09-24,2025-09-24,CM,NSE,STK,17945,INE03QK01018,COHANCE,EQ,,,,,COHANCE LIFESCIENCES LTD,899.0,914.0,876.35,898.05,906.0,899.35,,898.0,,,3087759,2763271751.75,84894,F1,1,,,,,
2025-09-24,2025-09-24,CM,NSE,STK,15141,INE259A01022,COLPAL,EQ,,,,,COLGATE PALMOLIVE LTD.,2310.4,2344.0,2308.0,2319.0,2320.0,2324.9,,2319.1,,,460442,1069086364.9,20977,F1,1,,,,,
2025-09-24,2025-09-24,CM,NSE,STK,21578,INE073V01015,COMSYN,EQ,,,,,COMMERCIAL SYN BAGS LTD,154.64,155.22,152.69,153.26,152.9,154.64,,153.26,,,140655,21711637.42,817,F1,1,,,,,
2025-09-24,2025-09-24,CM,NSE,STK,19670,INE070C01037,COMPINFO,BZ,,,,,COMPUAGE INFOCOM LTD,1.86,1.97,1.86,1.9,1.9,1.93,,1.89,,,2671,5002.41,23,F1,1,,,,,
2025-09-24,2025-09-24,CM,NSE,STK,31138,INE453B01029,COMPUSOFT,EQ,,,,,COMPUCOM SOFTWARE LTD,19.33,19.97,19.21,19.32,19.48,19.55,,19.32,,,30900,603893.72,263,F1,1,,,,,
2025-09-24,2025-09-24,CM,NSE,STK,342,INE596I01012,CAMS,EQ,,,,,COMPUTER AGE MNGT SER LTD,3980.0,3987.3,3875.9,3883.1,3878.3,3986.1,,3883.1,,,242028,948198990.4,23108,F1,1,,,,,
2025-09-24,2025-09-24,CM,NSE,STK,18060,INE338H01029,CONCORDBIO,EQ,,,,,CONCORD BIOTECH LIMITED,1630.0,1639.0,1613.0,1629.6,1630.6,1624.4,,1629.6,,,72033,117265697.7,8654,F1,1,,,,,
2025-09-24,2025-09-24,CM,NSE,STK,28764,INE037Z01029,CEWATER,EQ,,,,,CONCORD ENVIRO SYSTEMS L,519.05,527.7,515.0,517.75,517.95,521.95,,517.8,,,25184,13126707.7,1816,F1,1,,,,,
2025-09-24,2025-09-24,CM,NSE,STK,10238,INE552D01024,CONFIPET,EQ,,,,,CONFIDENCE PETRO IND LTD.,46.79,47.7,46.55,46.69,46.55,46.74,,46.7,,,398030,18742907.19,4159,F1,1,,,,,
2025-09-24,2025-09-24,CM,NSE,STK,758453,INE0EAS01014,CONNPLEX,SM,,,,,CONNPLEX CINEMAS LIMITED,218.0,224.5,210.0,211.4,210.0,218.7,,211.4,,,70400,15259800.0,80,F1,800,,,,,
2025-09-24,2025-09-24,CM,NSE,STK,14992,INE429I01024,CCCL,EQ,,,,,CONS. CONST. CONSORT LTD,25.4,25.49,24.22,24.77,24.6,24.9,,24.76,,,878204,21905351.61,4597,F1,1,,,,,
2025-09-24,2025-09-24,CM,NSE,STK,11731,INE025A01027,CONSOFINVT,EQ,,,,,CONSO. FIN. & HOLD. LTD.,194.39,195.73,187.0,191.45,190.0,193.49,,191.45,,,11625,2215515.31,368,F1,1,,,,,
2025-09-24,2025-09-24,CM,NSE,STK,4749,INE111A01025,CONCOR,EQ,,,,,CONTAINER CORP OF IND LTD,543.0,545.65,529.2,530.8,530.0,543.75,,530.8,,,1471214,786289603.45,44535,F1,1,,,,,
2025-09-24,2025-09-24,CM,NSE,STK,2531,INE340Z01019,CONTI,SM,,,,,CONTINENTAL SEED CHEM LTD,23.7,23.7,23.7,23.7,23.7,23.0,,23.7,,,3333,78992.1,1,F1,3333,,,,,
2025-09-24,2025-09-24,CM,NSE,STK,17477,INE663B01015,CONTROLPR,EQ,,,,,CONTROL PRINT LIMITED,827.5,833.0,809.2,820.75,821.05,828.6,,820.7,,,76188,62420598.05,6017,F1,1,,,,,
2025-09-24,2025-09-24,CM,NSE,STK,8560,INE0HS001028,COOLCAPS,SM,,,,,COOL CAPS INDUSTRIES LTD,92.15,97.35,92.15,94.75,95.0,95.55,,94.75,,,130000,12347125.0,49,F1,2500,,,,,
2025-09-24,2025-09-24,CM,NSE,STK,4007,INE558D01021,CORALFINAC,EQ,,,,,CORAL INDIA FIN & HOUS LT,44.89,45.63,44.41,44.75,44.6,44.67,,44.74,,,19571,881153.25,260,F1,1,,,,,
2025-09-24,2025-09-24,CM,NSE,STK,15271,INE792I01017,CORDSCABLE,EQ,,,,,CORDS CABLE INDUS LTD.,182.49,182.49,175.2,177.08,177.88,179.85,,177.05,,,21035,3769960.76,609,F1,1,,,,,
2025-09-24,2025-09-24,CM,NSE,STK,739,INE169A01031,COROMANDEL,EQ,,,,,COROMANDEL INTERNTL. LTD,2255.7,2260.5,2222.0,2230.8,2228.0,2255.7,,2230.8,,,227236,508299868.4,33909,F1,1,,,,,
2025-09-24,2025-09-24,CM,NSE,STK,742,INE757A01017,COSMOFIRST,EQ,,,,,COSMO FIRST LIMITED,916.55,924.85,891.0,900.0,899.0,916.55,,900.05,,,37806,34317583.85,2870,F1,1,,,,,
2025-09-24,2025-09-24,CM,NSE,STK,6385,INE652F01027,CCHHL,EQ,,,,,COUNTRY CLUB HOSP HOL LTD,17.17,17.37,16.8,17.0,17.19,16.99,,17.01,,,42633,722421.01,279,F1,1,,,,,
2025-09-24,2025-09-24,CM,NSE,STK,16986,INE695B01025,COUNCODOS,EQ,,,,,COUNTRY CONDO S LIMITED,7.38,7.57,7.15,7.18,7.19,7.38,,7.18,,,71632,521563.95,300,F1,1,,,,,
2025-09-24,2025-09-24,CM,NSE,STK,20086,INE521J01018,CPCAP,EQ,,,,,CP CAPITAL LIMITED,138.6,138.6,135.0,135.88,136.0,136.6,,135.88,,,15954,2181191.51,395,F1,1,,,,,
2025-09-24,2025-09-24,CM,NSE,STK,2328,INF457M01133,CPSEETF,EQ,,,,,CPSE ETF,90.83,93.74,90.83,93.32,93.15,93.16,,93.32,,,1642412,153469046.08,22409,F1,1,,,,,
2025-09-24,2025-09-24,CM,NSE,STK,2854,INE00LO01017,CRAFTSMAN,EQ,,,,,CRAFTSMAN AUTOMATION LTD,6825.0,6845.0,6660.0,6826.0,6820.0,6804.5,,6826.0,,,14930,101396462.0,4732,F1,1,,,,,
2025-09-24,2025-09-24,CM,NSE,STK,16419,INE0OFK01019,CRAYONS,SM,,,,,CRAYONS ADVERTISING LTD,55.85,55.85,54.0,54.0,54.0,55.85,,54.0,,,15000,824400.0,9,F1,1000,,,,,
2025-09-24,2025-09-24,CM,NSE,STK,9384,INE230B01021,CREATIVEYE,EQ,,,,,CREATIVE EYE LIMITED,7.11,8.17,7.11,7.65,7.6,7.72,,7.64,,,12233,94951.48,237,F1,1,,,,,
2025-09-24,2025-09-24,CM,NSE,STK,23468,INE0R7401011,CGRAPHICS,SM,,,,,CREATIVE GRAPHICS S IND L,238.9,239.0,233.5,235.0,235.0,237.0,,235.0,,,33600,7914240.0,24,F1,800,,,,,
2025-09-24,2025-09-24,CM,NSE,STK,11155,INE985W01018,CREATIVE,EQ,,,,,CREATIVE NEWTECH LIMITED,680.0,700.0,674.0,686.05,677.0,691.0,,686.05,,,11567,7915235.05,1020,F1,1,,,,,
2025-09-24,2025-09-24,CM,NSE,STK,4421,INE741K01010,CREDITACC,EQ,,,,,CREDITACCESS GRAMEEN LTD,1357.5,1398.0,1354.2,1391.2,1392.0,1357.5,,1391.2,,,345602,479590770.4,22443,F1,1,,,,,
2025-09-24,2025-09-24,CM,NSE,STK,20878,INE220Q01020,MUFTI,EQ,,,,,CREDO BRANDS MARKETING L,115.5,115.54,113.56,113.67,113.68,115.32,,113.67,,,246329,28125964.94,2629,F1,1,,,,,
2025-09-24,2025-09-24,CM,NSE,STK,13900,INE559D01011,CREST,EQ,,,,,CREST VENTURES LIMITED,379.95,380.65,374.0,374.55,374.65,379.05,,374.55,,,2495,940479.7,193,F1,1,,,,,
2025-09-24,2025-09-24,CM,NSE,STK,757,INE007A01025,CRISIL,EQ,,,,,CRISIL LTD,4882.5,4917.9,4756.1,4766.8,4765.0,4851.0,,4766.8,,,39618,190072419.9,8881,F1,1,,,,,
2025-09-24,2025-09-24,CM,NSE,STK,757850,INE0S4R01014,CRIZAC,EQ,,,,,CRIZAC LIMITED,317.0,318.0,307.9,308.95,309.5,316.8,,308.95,,,597259,185545241.15,14928,F1,1,,,,,
2025-09-24,2025-09-24,CM,NSE,STK,17094,INE299U01018,CROMPTON,EQ,,,,,CROMPT GREA CON ELEC LTD,305.05,306.6,299.0,300.05,299.5,305.35,,300.05,,,2221061,671317826.25,22921,F1,1,,,,,
2025-09-24,2025-09-24,CM,NSE,STK,8083,INE491V01019,CROWN,EQ,,,,,CROWN LIFTERS LIMITED,162.69,163.2,159.0,160.52,160.0,161.74,,160.52,,,5720,923193.56,327,F1,1,,,,,
2025-09-24,2025-09-24,CM,NSE,STK,14966,INE679A01013,CSBBANK,EQ,,,,,CSB BANK LIMITED,349.0,360.5,346.95,358.1,359.0,348.2,,358.1,,,629968,223833053.7,22012,F1,1,,,,,
2025-09-24,2025-09-24,CM,NSE,STK,10350,INE718F01018,CSLFINANCE,EQ,,,,,CSL FINANCE LIMITED,294.0,294.0,286.6,288.3,288.0,292.0,,288.4,,,15428,4458385.85,556,F1,1,,,,,
2025-09-24,2025-09-24,CM,NSE,STK,15078,INE0NR623014,CUBEINVIT,IV,,,,,CUBE HIGHWAYS TRUST,135.25,135.25,134.7,135.0,135.0,135.25,,135.0,,,2300000,310500000.0,52,F1,25000,,,,,
2025-09-24,2025-09-24,CM,NSE,STK,9881,INE144D01012,CUBEXTUB,BE,,,,,CUBEXTUBINGS-ROLLSETT,100.0,100.94,97.6,99.09,99.0,101.08,,98.76,,,11794,1164644.93,184,F1,1,,,,,
2025-09-24,2025-09-24,CM,NSE,STK,1901,INE298A01020,CUMMINSIND,EQ,,,,,CUMMINS INDIA LTD,4005.2,4027.5,3980.1,3988.9,3987.0,4005.2,,3988.9,,,160301,641095025.4,25858,F1,1,,,,,
2025-09-24,2025-09-24,CM,NSE,STK,18520,INE509F01029,CUPID,EQ,,,,,CUPID LIMITED,218.0,223.0,215.21,221.93,222.0,220.1,,221.76,,,3229586,714118213.93,15726,F1,1,,,,,
2025-09-24,2025-09-24,CM,NSE,STK,30191,INE117B01020,CURAA,BE,,,,,CURA TECHNOLOGIES LIMITED,219.65,219.65,219.65,219.65,219.65,209.2,,233.2,,,123,27016.95,12,F1,1,,,,,
2025-09-24,2025-09-24,CM,NSE,STK,758964,INE1CRQ01014,CURRENT,SM,,,,,CURRENT INFRAPROJECTS LTD,144.25,146.5,144.25,146.5,146.5,148.0,,146.5,,,27200,3952080.0,15,F1,1600,,,,,
2025-09-24,2025-09-24,CM,NSE,STK,11845,INE278G01037,CYBERMEDIA,BE,,,,,CYBER MEDIA (INDIA) LTD.,17.91,18.75,17.4,17.94,17.97,18.32,,17.94,,,33051,579801.89,149,F1,1,,,,,
2025-09-24,2025-09-24,CM,NSE,STK,11447,INE075Z01011,CMRSL,SM,,,,,CYBER MEDIA RES & SER LTD,92.95,92.95,92.95,92.95,92.95,89.95,,92.95,,,800,74360.0,1,F1,800,,,,,
2025-09-24,2025-09-24,CM,NSE,STK,758822,IN9278G01019,CYBERPP,X1,,,,,CYBERMEDIA RS.5 PPD UP,9.84,9.84,9.84,9.84,9.84,10.36,,9.19,,,457,4496.88,7,F1,1,,,,,
2025-09-24,2025-09-24,CM,NSE,STK,6051,INE214A01019,CYBERTECH,EQ,,,,,CYBERTECH SYSTEMS & SOFTW,171.0,173.23,168.5,171.25,171.0,167.2,,171.14,,,119088,20353402.76,2360,F1,1,,,,,
2025-09-24,2025-09-24,CM,NSE,STK,17187,INE055S01018,CYIENTDLM,EQ,,,,,CYIENT DLM LIMITED,465.0,465.05,455.0,455.9,456.2,463.2,,455.9,,,197292,90750555.75,12009,F1,1,,,,,
2025-09-24,2025-09-24,CM,NSE,STK,5748,INE136B01020,CYIENT,EQ,,,,,CYIENT LIMITED,1195.0,1199.6,1178.2,1180.6,1182.6,1197.6,,1180.6,,,176274,209081963.1,14238,F1,1,,,,,
2025-09-24,2025-09-24,CM,NSE,STK,6249,INE0GN101014,DKEGL,SM,,,,,D K ENTERPRISES GLOBAL L,74.9,74.9,74.9,74.9,74.9,74.9,,74.9,,,1500,112350.0,1,F1,1500,,,,,
2025-09-24,2025-09-24,CM,NSE,STK,16900,INE864X01013,DPWIRES,EQ,,,,,D P WIRES LIMITED,258.97,264.99,253.0,256.27,255.0,258.97,,256.3,,,53502,13800456.97,2673,F1,1,,,,,
2025-09-24,2025-09-24,CM,NSE,STK,17851,INE250K01012,DLINKINDIA,EQ,,,,,D-LINK INDIA LTD,495.45,495.45,481.0,482.05,481.5,493.15,,482.0,,,46239,22481565.9,3094,F1,1,,,,,
2025-09-24,2025-09-24,CM,NSE,STK,936,INE266Y01019,DPABHUSHAN,EQ,,,,,D. P. ABHUSHAN LIMITED,1535.5,1541.2,1504.1,1513.4,1515.1,1535.5,,1513.4,,,13321,20267454.8,1444,F1,1,,,,,
2025-09-24,2025-09-24,CM,NSE,STK,17881,INE950I01011,DBCORP,EQ,,,,,D.B.CORP LTD,271.5,278.65,266.0,267.15,268.0,273.6,,267.15,,,77711,21019184.75,3795,F1,1,,,,,
2025-09-24,2025-09-24,CM,NSE,STK,772,INE016A01026,DABUR,EQ,,,,,DABUR INDIA LTD,515.0,520.95,511.4,517.8,518.6,515.0,,517.8,,,1781081,920676755.8,28667,F1,1,,,,,
2025-09-24,2025-09-24,CM,NSE,STK,8075,INE00R701025,DALBHARAT,EQ,,,,,DALMIA BHARAT LIMITED,2349.0,2362.3,2312.3,2320.8,2325.0,2339.2,,2320.8,,,180960,421748536.3,17589,F1,1,,,,,
2025-09-24,2025-09-24,CM,NSE,STK,781,INE495A01022,DALMIASUG,EQ,,,,,DALMIA BHARAT SUG IN LTD,366.55,370.9,360.25,363.4,363.0,366.7,,363.4,,,62483,22861862.05,3139,F1,1,,,,,
2025-09-24,2025-09-24,CM,NSE,STK,28662,INE284H01025,DAMCAPITAL,EQ,,,,,DAM CAPITAL ADVISORS LTD,254.6,263.0,248.54,251.63,251.55,253.49,,251.61,,,1597981,406546932.64,34133,F1,1,,,,,
2025-09-24,2025-09-24,CM,NSE,STK,17541,INE497D01022,DAMODARIND,EQ,,,,,DAMODAR INDUSTRIES LTD,35.78,35.97,34.61,34.92,34.61,35.78,,34.95,,,11012,388407.56,232,F1,1,,,,,
2025-09-24,2025-09-24,CM,NSE,STK,1110,INE688Y01022,DANGEE,EQ,,,,,DANGEE DUMS LIMITED,4.28,4.41,4.27,4.3,4.33,4.32,,4.3,,,54031,233053.13,158,F1,1,,,,,
2025-09-24,2025-09-24,CM,NSE,STK,25927,INE0YU901016,DANISH,SM,,,,,DANISH POWER LIMITED,880.1,890.0,875.0,883.3,883.5,882.55,,883.3,,,13500,11927385.0,77,F1,150,,,,,
2025-09-24,2025-09-24,CM,NSE,STK,757107,INE04Q901010,DCCL,SM,,,,,DAR CREDIT & CAPITAL LTD,56.05,57.95,56.0,56.5,56.0,56.0,,56.5,,,20000,1128400.0,10,F1,2000,,,,,
2025-09-24,2025-09-24,CM,NSE,STK,7358,INE0IX101010,DATAPATTNS,EQ,,,,,DATA PATTERNS INDIA LTD,2770.0,2793.9,2722.6,2737.9,2739.4,2773.3,,2737.8,,,142428,391482756.9,16604,F1,1,,,,,
2025-09-24,2025-09-24,CM,NSE,STK,11423,INE365B01017,DATAMATICS,EQ,,,,,DATAMATICS GLOBAL SER LTD,861.0,908.0,853.2,900.4,898.2,858.9,,900.4,,,413221,367936612.8,21455,F1,1,,,,,
2025-09-24,2025-09-24,CM,NSE,STK,21794,INE179G01029,DAVANGERE,EQ,,,,,DAVANGERE SUGAR COMPANY L,3.82,3.82,3.67,3.76,3.76,3.79,,3.76,,,8745156,33024230.74,4631,F1,1,,,,,
2025-09-24,2025-09-24,CM,NSE,STK,31107,INE921B01025,DBSTOCKBRO,EQ,,,,,DB (INT) STOCK BROKERS,26.0,26.6,25.65,25.8,26.19,26.12,,25.8,,,13440,351630.67,169,F1,1,,,,,
2025-09-24,2025-09-24,CM,NSE,STK,11566,INE0A1101019,DCI,EQ,,,,,DC INFOTECH AND COMUN LTD,292.37,292.37,276.1,279.64,279.79,287.37,,279.52,,,16613,4700123.26,751,F1,1,,,,,
2025-09-24,2025-09-24,CM,NSE,STK,13725,INE503A01015,DCBBANK,EQ,,,,,DCB BANK LIMITED,127.48,128.96,126.3,126.44,126.3,125.78,,126.44,,,505598,64415847.05,7966,F1,1,,,,,
2025-09-24,2025-09-24,CM,NSE,STK,23520,INE0S8401018,DCG,SM,,,,,DCG CABLES & WIRES LTD,70.35,71.95,70.0,70.5,70.5,70.35,,70.5,,,16800,1194900.0,14,F1,1200,,,,,
2025-09-24,2025-09-24,CM,NSE,STK,4775,INE891B01012,DCMFINSERV,EQ,,,,,DCM FINANCIAL SERVICES LT,5.74,5.85,5.63,5.81,5.73,5.73,,5.79,,,10687,61436.16,119,F1,1,,,,,
2025-09-24,2025-09-24,CM,NSE,STK,805,INE498A01018,DCM,EQ,,,,,DCM LTD,98.5,100.04,98.5,98.75,98.5,99.72,,98.78,,,7715,765907.44,194,F1,1,,,,,
2025-09-24,2025-09-24,CM,NSE,STK,11039,INE08KP01019,DCMNVL,EQ,,,,,DCM NOUVELLE LIMITED,165.71,166.44,164.0,164.0,165.9,164.03,,163.98,,,7511,1236435.88,264,F1,1,,,,,
2025-09-24,2025-09-24,CM,NSE,STK,7325,INE843D01027,DCMSRIND,EQ,,,,,DCM SHRIRAM IND LTD,171.1,172.49,168.95,169.64,170.0,171.23,,169.61,,,117427,20054881.68,2797,F1,1,,,,,
2025-09-24,2025-09-24,CM,NSE,STK,811,INE499A01024,DCMSHRIRAM,EQ,,,,,DCM SHRIRAM LIMITED,1207.0,1223.4,1185.3,1191.0,1192.0,1210.9,,1191.0,,,115248,138791394.6,12520,F1,1,,,,,
2025-09-24,2025-09-24,CM,NSE,STK,817,INE500A01029,DCW,EQ,,,,,DCW LTD,73.4,73.68,72.5,72.85,72.9,73.5,,72.85,,,419582,30625884.78,3574,F1,1,,,,,
2025-09-24,2025-09-24,CM,NSE,STK,11895,INE0KL801015,DCXINDIA,EQ,,,,,DCX SYSTEMS LIMITED,268.9,270.45,265.0,265.9,265.05,269.2,,265.85,,,276795,74115570.55,8415,F1,1,,,,,
2025-09-24,2025-09-24,CM,NSE,STK,29098,INE0HR601026,DDEVPLSTIK,EQ,,,,,DDEV PLASTIKS IND LTD,348.7,356.7,345.6,348.3,350.2,345.1,,348.35,,,165764,58157722.0,8406,F1,1,,,,,
2025-09-24,2025-09-24,CM,NSE,STK,15449,INE0JWV01011,DENEERS,SM,,,,,DE NEERS TOOLS LIMITED,196.0,204.7,185.0,187.75,188.25,192.15,,187.75,,,273000,52425990.0,381,F1,600,,,,,
2025-09-24,2025-09-24,CM,NSE,STK,4279,INE244A01016,DENORA,EQ,,,,,DE NORA INDIA LIMITED,871.0,891.35,851.1,856.55,852.1,877.6,,856.35,,,5587,4843019.55,738,F1,1,,,,,
2025-09-24,2025-09-24,CM,NSE,STK,8657,INE411Y01011,DIL,EQ,,,,,DEBOCK INDUSTRIES LIMITED,2.34,2.44,2.12,2.3,2.32,2.32,,2.3,,,2122014,4888764.98,1647,F1,1,,,,,
2025-09-24,2025-09-24,CM,NSE,STK,14838,INE583C01021,DECCANCE,EQ,,,,,DECCAN CEMENTS LIMITED,1101.0,1149.7,1095.0,1139.8,1143.0,1097.3,,1139.8,,,168247,189465637.4,7790,F1,1,,,,,
2025-09-24,2025-09-24,CM,NSE,STK,24154,INE841L01016,DEEDEV,EQ,,,,,DEE DEVELOPMENT ENG LTD,280.0,284.9,276.0,278.35,278.0,279.25,,278.35,,,101942,28591936.7,3994,F1,1,,,,,
2025-09-24,2025-09-24,CM,NSE,STK,3292,INE0FHS01024,DEEPINDS,EQ,,,,,DEEP INDUSTRIES LIMITED,538.4,541.45,531.85,534.55,534.4,539.6,,534.5,,,106669,57178860.45,5610,F1,1,,,,,
2025-09-24,2025-09-24,CM,NSE,STK,25892,INE0OPA01019,DBEIL,EQ,,,,,DEEPAK BUILDERS & ENG I L,177.8,184.85,175.11,179.23,179.0,178.35,,179.24,,,742257,133619504.87,4912,F1,1,,,,,
2025-09-24,2025-09-24,CM,NSE,STK,827,INE501A01019,DEEPAKFERT,EQ,,,,,DEEPAK FERTILIZERS & PETR,1519.6,1597.8,1512.0,1580.3,1577.4,1518.6,,1580.2,,,1153682,1810058962.1,64639,F1,1,,,,,
2025-09-24,2025-09-24,CM,NSE,STK,19943,INE288B01029,DEEPAKNTR,EQ,,,,,DEEPAK NITRITE LTD,1830.0,1904.4,1810.0,1869.4,1871.0,1821.1,,1869.4,,,650500,1218853707.2,43199,F1,1,,,,,
2025-09-24,2025-09-24,CM,NSE,STK,22527,INE0SK801018,DELAPLEX,SM,,,,,DELAPLEX LIMITED,133.95,134.0,131.0,132.5,132.5,135.0,,132.5,,,7200,954810.0,12,F1,600,,,,,
2025-09-24,2025-09-24,CM,NSE,STK,9599,INE148O01028,DELHIVERY,EQ,,,,,DELHIVERY LIMITED,458.7,464.7,453.5,456.0,457.95,459.05,,456.0,,,1779887,815758327.8,22871,F1,1,,,,,
2025-09-24,2025-09-24,CM,NSE,STK,24395,INE726L01019,DELPHIFX,BE,,,,,DELPHI WORLD MONEY LTD,248.9,250.0,239.0,239.75,243.97,245.69,,239.75,,,7699,1866213.82,84,F1,1,,,,,
2025-09-24,2025-09-24,CM,NSE,STK,29092,INE0XRN01019,DELTIC,SM,,,,,DELTA AUTOCORP LIMITED,69.45,69.45,68.2,69.3,69.3,68.2,,69.3,,,6000,414600.0,6,F1,1000,,,,,
2025-09-24,2025-09-24,CM,NSE,STK,15044,INE124G01033,DELTACORP,EQ,,,,,DELTA CORP LIMITED,83.24,83.79,81.6,81.84,82.0,83.2,,81.86,,,1608536,132528178.57,10074,F1,1,,,,,
2025-09-24,2025-09-24,CM,NSE,STK,1214,INE393A01011,DELTAMAGNT,EQ,,,,,DELTA MANUFACTURING LTD,87.39,89.4,85.0,85.61,85.0,86.21,,85.83,,,2037,176819.45,89,F1,1,,,,,
2025-09-24,2025-09-24,CM,NSE,STK,17722,INE947J01015,DEN,EQ,,,,,DEN NETWORKS LTD,35.5,35.74,34.21,34.72,34.67,35.58,,34.73,,,552970,19350954.08,2582,F1,1,,,,,
2025-09-24,2025-09-24,CM,NSE,STK,29256,INE0R4L01018,DENTA,EQ,,,,,DENTA WATER N INFRA SOL L,459.4,462.0,440.25,444.2,443.0,462.6,,444.0,,,394380,177937877.95,8325,F1,1,,,,,
2025-09-24,2025-09-24,CM,NSE,STK,6087,INE0IGO01011,DESTINY,SM,,,,,DESTINY LOGISTICS & I LTD,100.0,105.0,100.0,104.25,105.0,100.0,,104.25,,,10500,1084650.0,6,F1,1500,,,,,
2025-09-24,2025-09-24,CM,NSE,STK,759080,INE0VOV01021,DEVX,BE,,,,,DEV ACCELERATOR LIMITED,55.01,56.99,54.03,54.03,54.03,56.88,,53.96,,,395548,21677593.14,3469,F1,1,,,,,
2025-09-24,2025-09-24,CM,NSE,STK,8146,INE060X01034,DEVIT,EQ,,,,,DEV INFO TECHNOLOGY LTD,42.0,42.19,40.4,40.78,40.92,41.71,,40.8,,,87008,3584033.39,1023,F1,1,,,,,
2025-09-24,2025-09-24,CM,NSE,STK,5373,INE872J01023,DEVYANI,EQ,,,,,DEVYANI INTERNATIONAL LTD,176.0,181.79,175.0,177.01,176.85,175.12,,177.01,,,3311357,592177909.97,41800,F1,1,,,,,
2025-09-24,2025-09-24,CM,NSE,STK,10893,INE0I3401014,DBOL,EQ,,,,,DHAMPUR BIO ORGANICS LTD,81.3,83.63,80.49,81.16,80.53,81.4,,81.16,,,39212,3207832.99,795,F1,1,,,,,
2025-09-24,2025-09-24,CM,NSE,STK,857,INE041A01016,DHAMPURSUG,EQ,,,,,DHAMPUR SUGAR MILLS LTD.,139.5,141.9,138.68,139.23,139.4,140.77,,139.23,,,147371,20660344.89,2107,F1,1,,,,,
2025-09-24,2025-09-24,CM,NSE,STK,15384,INE274G01010,DHANI,EQ,,,,,DHANI SERVICES LIMITED,67.05,67.48,64.2,64.51,64.35,67.36,,64.52,,,2717599,178194647.91,19644,F1,1,,,,,
2025-09-24,2025-09-24,CM,NSE,STK,11359,INE680A01011,DHANBANK,EQ,,,,,DHANLAXMI BANK LIMITED,25.76,26.26,25.42,25.53,25.51,25.81,,25.53,,,409484,10607978.53,1751,F1,1,,,,,
2025-09-24,2025-09-24,CM,NSE,STK,27723,INE0V9V01010,DHANLAXMI,SM,,,,,DHANLAXMI CROP SCIENCE L,43.5,43.6,42.65,43.0,43.0,43.5,,43.0,,,14000,603700.0,7,F1,2000,,,,,
2025-09-24,2025-09-24,CM,NSE,STK,24409,INE435G01025,DHANUKA,EQ,,,,,DHANUKA AGRITECH LTD,1554.7,1555.0,1523.7,1529.1,1532.0,1544.6,,1529.2,,,18694,28655029.9,4172,F1,1,,,,,
2025-09-24,2025-09-24,CM,NSE,STK,2360,INE278R01034,DHARAN,BE,,,,,DHARAN INFRA-EPC LIMITED,0.59,0.59,0.59,0.59,0.59,0.58,,0.6,,,22225954,13113312.86,2559,F1,1,,,,,
2025-09-24,2025-09-24,CM,NSE,STK,24747,INE0YRN01017,DHARIWAL,SM,,,,,DHARIWALCORP LIMITED,196.45,208.0,196.25,206.75,207.0,197.75,,206.75,,,159600,32470860.0,113,F1,1200,,,,,
2025-09-24,2025-09-24,CM,NSE,STK,13001,INE00OQ01016,DHARMAJ,EQ,,,,,DHARMAJ CROP GUARD LTD,322.5,327.2,317.0,319.65,319.8,320.75,,319.6,,,77758,25003295.25,4676,F1,1,,,,,
2025-09-24,2025-09-24,CM,NSE,STK,6858,INE506Z01015,DHRUV,EQ,,,,,DHRUV CONSULTANCY SER LTD,57.5,57.5,55.5,56.25,56.99,56.11,,56.23,,,6164,345911.39,68,F1,1,,,,,
2025-09-24,2025-09-24,CM,NSE,STK,22233,INE320L01011,DHUNINV,EQ,,,,,DHUNSERI INVESTMENTS LTD,1426.9,1459.9,1412.0,1424.5,1429.6,1409.1,,1424.6,,,1734,2490158.8,323,F1,1,,,,,
2025-09-24,2025-09-24,CM,NSE,STK,6227,INE341R01014,DTIL,EQ,,,,,DHUNSERI TEA & IND. LTD.,188.35,190.91,187.0,189.47,187.25,187.41,,189.39,,,1378,259056.69,152,F1,1,,,,,
2025-09-24,2025-09-24,CM,NSE,STK,15214,INE477B01010,DVL,EQ,,,,,DHUNSERI VENTURES LIMITED,359.35,359.35,354.05,357.25,355.7,358.3,,357.25,,,10249,3660537.15,575,F1,1,,,,,
2025-09-24,2025-09-24,CM,NSE,STK,18644,INE591D01014,DIAMINESQ,EQ,,,,,DIAMINES & CHEMICALS LTD,360.0,369.0,357.95,363.2,359.75,359.15,,363.6,,,2051,739910.05,178,F1,1,,,,,
2025-09-24,2025-09-24,CM,NSE,STK,18543,INE989C01038,DIACABS,EQ,,,,,DIAMOND POWER INFRA LTD,162.4,164.2,159.1,160.55,159.1,162.51,,160.56,,,1329171,215555262.08,10002,F1,1,,,,,
2025-09-24,2025-09-24,CM,NSE,STK,703,INE303A01010,DICIND,EQ,,,,,DIC INDIA LIMITED,560.2,561.0,536.1,541.0,541.0,553.25,,540.55,,,2440,1328138.4,539,F1,1,,,,,
2025-09-24,2025-09-24,CM,NSE,STK,24313,INE0JRD01019,DTL,SM,,,,,DIENSTEN TECH LIMITED,130.0,133.0,128.1,128.1,128.1,128.65,,128.1,,,13200,1723500.0,10,F1,1200,,,,,
2025-09-24,2025-09-24,CM,NSE,STK,25672,INE184O01015,DIFFNKG,EQ,,,,,DIFFUSION ENGINEERS LTD,382.0,386.7,375.25,377.45,378.1,381.3,,377.45,,,145790,55539515.05,6165,F1,1,,,,,
2025-09-24,2025-09-24,CM,NSE,STK,10358,INE03JI01017,DGCONTENT,BE,,,,,DIGICONTENT LIMITED,35.47,35.89,34.65,35.63,35.7,35.14,,35.63,,,5608,200446.89,33,F1,1,,,,,
2025-09-24,2025-09-24,CM,NSE,STK,21247,INE0PSC01024,DIGIDRIVE,EQ,,,,,DIGIDRIVE DISTRIBUTORS L,32.2,33.5,31.4,31.9,32.19,32.53,,31.9,,,36360,1176405.13,285,F1,1,,,,,
2025-09-24,2025-09-24,CM,NSE,STK,19138,INE0QJ901011,DIGIKORE,SM,,,,,DIGIKORE STUDIOS LIMITED,169.25,169.25,160.0,161.45,160.0,164.5,,161.45,,,7000,1149880.0,22,F1,200,,,,,
2025-09-24,2025-09-24,CM,NSE,STK,16687,INE927C01020,DIGISPICE,BE,,,,,DIGISPICE TECHNOLOGIES LT,28.0,29.53,27.99,29.03,29.0,28.13,,28.83,,,108855,3149245.34,436,F1,1,,,,,
2025-09-24,2025-09-24,CM,NSE,STK,757515,INE0U4701011,DIGITIDE,EQ,,,,,DIGITIDE SOLUTIONS LTD,174.1,175.49,166.92,168.33,167.92,174.1,,168.33,,,603382,102174895.31,11112,F1,1,,,,,
2025-09-24,2025-09-24,CM,NSE,STK,6136,INE731U01028,DIGJAMLMTD,BE,,,,,DIGJAM LTD,58.65,58.65,56.51,56.63,57.0,58.64,,56.81,,,2152,123561.85,39,F1,1,,,,,
2025-09-24,2025-09-24,CM,NSE,STK,641,INE016M01021,DNAMEDIA,EQ,,,,,DILIGENT MEDIA CORP LTD.,4.79,4.94,4.66,4.72,4.77,4.79,,4.72,,,34505,165559.38,198,F1,1,,,,,
2025-09-24,2025-09-24,CM,NSE,STK,18086,INE917M01012,DBL,EQ,,,,,DILIP BUILDCON LIMITED,580.1,585.0,525.5,534.4,529.0,555.15,,534.4,,,2847014,1590547614.1,71015,F1,1,,,,,
2025-09-24,2025-09-24,CM,NSE,STK,14537,INE836F01026,DISHTV,EQ,,,,,DISH TV INDIA LTD.,5.34,5.38,5.16,5.17,5.2,5.35,,5.17,,,3365257,17592708.22,3628,F1,1,,,,,
2025-09-24,2025-09-24,CM,NSE,STK,21704,INE385W01011,DCAL,EQ,,,,,DISHMAN CARBO AMCIS LTD,308.0,309.0,297.8,300.6,303.95,307.0,,300.6,,,339169,103083698.95,6600,F1,1,,,,,
2025-09-24,2025-09-24,CM,NSE,STK,14479,INE753U01022,DIVGIITTS,EQ,,,,,DIVGI TORQTRANSFER SYST L,654.8,674.5,650.05,672.3,674.0,660.85,,672.35,,,7800,5220609.15,773,F1,1,,,,,
2025-09-24,2025-09-24,CM,NSE,STK,10940,INE361B01024,DIVISLAB,EQ,,,,,DIVI S LABORATORIES LTD,6037.0,6078.5,5965.0,5984.0,5978.0,6051.0,,5984.0,,,253046,1524282369.5,30795,F1,1,,,,,
2025-09-24,2025-09-24,CM,NSE,STK,30259,INE0NA501011,DIVINEHIRA,SM,,,,,DIVINE HIRA JEWELLERS LTD,89.95,92.4,88.1,90.75,90.9,88.0,,90.75,,,121600,11018800.0,70,F1,1600,,,,,
2025-09-24,2025-09-24,CM,NSE,STK,24289,INE0SCO01019,DPEL,ST,,,,,DIVINE POWER ENERGY LTD,230.0,236.0,229.5,235.05,236.0,228.3,,235.05,,,27000,6256425.0,18,F1,1500,,,,,
2025-09-24,2025-09-24,CM,NSE,STK,25677,INE0QYI01019,DIVYADHAN,SM,,,,,DIVYADHAN RECYCLING IND L,42.65,42.95,42.65,42.95,42.95,43.15,,42.95,,,8000,342500.0,4,F1,2000,,,,,
2025-09-24,2025-09-24,CM,NSE,STK,21690,INE935N01020,DIXON,EQ,,,,,DIXON TECHNO (INDIA) LTD,18100.0,18189.0,18030.0,18161.0,18161.0,18130.0,,18161.0,,,63334,1148741963.0,15037,F1,1,,,,,
2025-09-24,2025-09-24,CM,NSE,STK,12749,INE0B1K01014,DJML,EQ,,,,,DJ MEDIAPRINT & LOG LTD,98.79,99.58,96.25,99.32,97.9,97.46,,99.32,,,5962,586225.16,523,F1,1,,,,,
2025-09-24,2025-09-24,CM,NSE,STK,14732,INE271C01023,DLF,EQ,,,,,DLF LIMITED,757.0,761.2,731.0,733.65,733.0,759.4,,733.65,,,3640021,2701518927.2,72748,F1,1,,,,,
2025-09-24,2025-09-24,CM,NSE,STK,6973,INE505A01010,DMCC,EQ,,,,,DMCC SPECIALITY CHEMICALS,310.25,320.0,308.1,310.9,311.0,312.9,,310.9,,,48413,15245834.85,1465,F1,1,,,,,
2025-09-24,2025-09-24,CM,NSE,STK,22533,INE0OGG01015,DHTL,SM,,,,,DOCMODE HEALTH TECH LTD,56.05,61.9,56.05,61.9,61.9,59.0,,61.9,,,3200,190760.0,4,F1,800,,,,,
2025-09-24,2025-09-24,CM,NSE,STK,4822,INE021O01019,DODLA,EQ,,,,,DODLA DAIRY LIMITED,1385.8,1392.7,1351.2,1357.9,1375.0,1385.7,,1358.1,,,18826,25756678.7,3858,F1,1,,,,,
2025-09-24,2025-09-24,CM,NSE,STK,12124,INE966A01022,DOLATALGO,EQ,,,,,DOLAT ALGOTECH LIMITED,84.99,84.99,82.87,83.23,83.06,84.54,,83.23,,,190361,15914356.71,3072,F1,1,,,,,
2025-09-24,2025-09-24,CM,NSE,STK,20560,INE325C01035,DOLLAR,EQ,,,,,DOLLAR INDUSTRIES LIMITED,369.4,373.2,368.65,369.5,370.0,369.6,,369.5,,,44813,16599135.35,2050,F1,1,,,,,
2025-09-24,2025-09-24,CM,NSE,STK,13323,INE0JHH01011,DOLLEX,SM,,,,,DOLLEX AGROTECH LIMITED,40.9,42.15,40.9,42.05,42.15,42.3,,42.05,,,20000,831200.0,5,F1,4000,,,,,
2025-09-24,2025-09-24,CM,NSE,STK,18139,INE920A01037,DOLPHIN,EQ,,,,,DOLPHIN OFF ENT (IND) L,397.9,397.9,390.1,390.8,390.1,398.5,,390.75,,,1716,673189.3,358,F1,1,,,,,
2025-09-24,2025-09-24,CM,NSE,STK,20551,INE321T01012,DOMS,EQ,,,,,DOMS INDUSTRIES LIMITED,2610.0,2638.6,2596.1,2613.0,2616.9,2614.0,,2613.1,,,33323,87155190.5,7593,F1,1,,,,,
2025-09-24,2025-09-24,CM,NSE,STK,13839,INE668D01028,DONEAR,EQ,,,,,DONEAR IND. LIMITED,96.51,99.0,94.08,95.58,96.0,96.04,,95.56,,,111848,10800607.79,1510,F1,1,,,,,
2025-09-24,2025-09-24,CM,NSE,STK,15419,INE360C01024,DPSCLTD,EQ,,,,,DPSC LIMITED,12.5,13.07,12.42,12.47,12.5,12.56,,12.47,,,235419,2982316.62,841,F1,1,,,,,
2025-09-24,2025-09-24,CM,NSE,STK,29452,INE943P01029,AGARWALEYE,EQ,,,,,DR AGARWALS HEALTH CARE L,463.0,463.0,453.55,460.35,460.15,460.5,,460.35,,,59484,27270384.05,5514,F1,1,,,,,
2025-09-24,2025-09-24,CM,NSE,STK,11654,INE600L01024,LALPATHLAB,EQ,,,,,DR. LAL PATH LABS LTD.,3330.3,3330.7,3285.0,3304.4,3315.4,3330.3,,3304.4,,,164224,542072541.1,10468,F1,1,,,,,
2025-09-24,2025-09-24,CM,NSE,STK,881,INE089A01031,DRREDDY,EQ,,,,,DR. REDDY S LABORATORIES,1303.3,1308.3,1294.4,1298.1,1298.0,1308.4,,1298.1,,,750456,976983088.3,39711,F1,1,,,,,
2025-09-24,2025-09-24,CM,NSE,STK,2645,INE03RS01027,DRCSYSTEMS,EQ,,,,,DRC SYSTEMS INDIA LIMITED,20.75,20.75,19.75,19.88,19.99,20.25,,19.88,,,123398,2465033.5,762,F1,1,,,,,
2025-09-24,2025-09-24,CM,NSE,STK,10862,INE0JS101016,DREAMFOLKS,BE,,,,,DREAMFOLKS SERVICES LTD,101.41,112.07,101.4,112.07,112.07,106.74,,111.86,,,559993,60353507.98,5552,F1,1,,,,,
2025-09-24,2025-09-24,CM,NSE,STK,11271,INE506A01018,DREDGECORP,EQ,,,,,DREDGING CORP OF INDIA,698.75,698.75,673.0,678.2,681.0,694.85,,678.2,,,88178,60000827.35,9530,F1,1,,,,,
2025-09-24,2025-09-24,CM,NSE,STK,17372,INE0P7201019,DRONE,SM,,,,,DRONE DESTINATION LIMITED,75.8,75.9,69.2,69.8,69.55,74.4,,69.8,,,142000,10177250.0,234,F1,500,,,,,
2025-09-24,2025-09-24,CM,NSE,STK,23485,INE0QZM01018,DRSCARGO,SM,,,,,DRS CARGO MOVERS LIMITED,36.0,36.0,36.0,36.0,36.0,30.0,,36.0,,,800,28800.0,1,F1,800,,,,,
2025-09-24,2025-09-24,CM,NSE,STK,778,INE055C01020,KEEPLEARN,EQ,,,,,DSJ KEEP LEARNING LTD,2.89,2.92,2.78,2.84,2.9,2.79,,2.84,,,61469,174972.17,149,F1,1,,,,,
2025-09-24,2025-09-24,CM,NSE,STK,1927,INF740KA1EU7,LIQUIDETF,EQ,,,,,DSP LIQUID ETF,1000.0,1000.01,999.99,999.99,1000.0,999.99,,1000.0,,,105484,105483406.84,196,F1,1,,,,,
2025-09-24,2025-09-24,CM,NSE,STK,13644,INF740KA1RX3,BANKETFADD,EQ,,,,,DSPAMC - DSPBANKETF,56.61,56.61,56.14,56.22,56.25,56.61,,56.22,,,6635,373733.27,104,F1,1,,,,,
2025-09-24,2025-09-24,CM,NSE,STK,15356,INF740KA1SW3,GOLDETFADD,EQ,,,,,DSPAMC - DSPGOLDETF,110.81,112.49,109.12,111.09,111.09,111.48,,111.09,,,1318935,146446298.06,775,F1,1,,,,,
2025-09-24,2025-09-24,CM,NSE,STK,17207,INF740KA1SX1,ITETFADD,EQ,,,,,DSPAMC - DSPITETF,35.77,36.64,35.77,36.4,36.53,36.69,,36.4,,,36987,1345885.61,174,F1,1,,,,,
2025-09-24,2025-09-24,CM,NSE,STK,7451,INF740KA1CL0,NIFTY50ADD,EQ,,,,,DSPAMC - DSPN50ETF,263.49,263.49,261.3,261.54,261.78,262.7,,261.57,,,7543,1974432.06,224,F1,1,,,,,
2025-09-24,2025-09-24,CM,NSE,STK,6606,INF740KA1QK2,EQUAL50ADD,EQ,,,,,DSPAMC - DSPNEWETF,334.77,335.3,332.91,333.94,333.0,335.43,,333.94,,,17817,5955950.77,120,F1,1,,,,,
2025-09-24,2025-09-24,CM,NSE,STK,17616,INF740KA1SY9,PSUBANKADD,EQ,,,,,DSPAMC - DSPPSBKETF,75.0,76.01,74.78,74.93,74.87,74.97,,74.93,,,258128,19388247.36,323,F1,1,,,,,
2025-09-24,2025-09-24,CM,NSE,STK,17576,INF740KA1TA7,PVTBANKADD,EQ,,,,,DSPAMC - DSPPVBKETF,27.45,27.45,27.12,27.12,27.24,27.45,,27.12,,,20312,552008.08,147,F1,1,,,,,
2025-09-24,2025-09-24,CM,NSE,STK,7456,INF740KA1QL0,MIDQ50ADD,EQ,,,,,DSPAMC - DSPQ50ETF,250.5,251.41,249.39,249.53,250.48,251.54,,249.53,,,4484,1120940.81,90,F1,1,,,,,
2025-09-24,2025-09-24,CM,NSE,STK,17613,INF740KA1SZ6,SENSEXADD,EQ,,,,,DSPAMC - DSPSENXETF,84.01,84.01,83.34,83.34,83.6,84.05,,83.34,,,4925,410639.03,28,F1,1,,,,,
2025-09-24,2025-09-24,CM,NSE,STK,10761,INF740KA1RE3,SILVERADD,EQ,,,,,DSPAMC - DSPSILVETF,133.6,133.6,130.03,130.64,130.88,130.35,,130.64,,,1341248,175186669.53,1024,F1,1,,,,,
2025-09-24,2025-09-24,CM,NSE,STK,22592,INF740KA1UF4,HEALTHADD,EQ,,,,,DSPAMC - HEALTHADD,147.94,147.99,146.8,146.91,147.03,147.99,,146.91,,,813,119682.36,38,F1,1,,,,,
2025-09-24,2025-09-24,CM,NSE,STK,23407,INF740KA1UM0,LIQUIDADD,EQ,,,,,DSPAMC - LIQUIDADD,1092.16,1092.19,1092.16,1092.17,1092.17,1092.01,,1092.17,,,373288,407699094.72,273,F1,1,,,,,
2025-09-24,2025-09-24,CM,NSE,STK,29464,INF740KA1VE5,NEXT30ADD,EQ,,,,,DSPAMC - NEXT30ADD,39.59,39.59,39.0,39.22,39.0,39.45,,39.11,,,188072,7416801.54,59,F1,1,,,,,
2025-09-24,2025-09-24,CM,NSE,STK,25171,INF740KA1UR9,TOP10ADD,EQ,,,,,DSPAMC - TOP10ADD,95.87,95.87,94.87,95.32,95.06,95.57,,95.32,,,459715,43753116.4,609,F1,1,,,,,
2025-09-24,2025-09-24,CM,NSE,STK,13766,INE0LZO01015,DUCOL,SM,,,,,DUCOL ORGS AND COLOURS LT,161.5,162.0,155.0,156.15,155.0,159.0,,156.15,,,25600,4018640.0,17,F1,800,,,,,
2025-09-24,2025-09-24,CM,NSE,STK,28952,INE741L01018,DUCON,EQ,,,,,DUCON INFRATECHNOLOGIES L,5.68,5.69,5.41,5.45,5.49,5.57,,5.45,,,491079,2703052.82,1046,F1,1,,,,,
2025-09-24,2025-09-24,CM,NSE,STK,5457,INE0HPK01020,DUGLOBAL,SM,,,,,DUDIGITAL GLOBAL LIMITED,40.85,40.85,40.5,40.7,40.5,40.65,,40.7,,,25000,1018250.0,7,F1,2500,,,,,
2025-09-24,2025-09-24,CM,NSE,STK,24164,INE0OUW01013,DURLAX,SM,,,,,DURLAX TOP SURFACE LTD,41.0,41.3,41.0,41.3,41.3,40.75,,41.3,,,6000,247000.0,3,F1,2000,,,,,
2025-09-24,2025-09-24,CM,NSE,STK,11667,INE366A01041,DWARKESH,EQ,,,,,DWARIKESH SUGAR IND LTD,41.63,43.9,41.3,42.85,43.01,41.64,,42.82,,,727535,30791995.66,2868,F1,1,,,,,
2025-09-24,2025-09-24,CM,NSE,STK,25690,INE417B01040,DSSL,EQ,,,,,DYNACONS SYS & SOLN LTD,955.0,959.9,928.0,930.75,930.0,949.95,,930.75,,,26138,24489528.75,3514,F1,1,,,,,
2025-09-24,2025-09-24,CM,NSE,STK,4525,INE221B01012,DYNAMATECH,EQ,,,,,DYNAMATIC TECHNOLOGIES,7085.0,7124.0,6917.0,6936.5,6935.0,7082.5,,6935.5,,,4063,28496672.5,1436,F1,1,,,,,
2025-09-24,2025-09-24,CM,NSE,STK,10417,INE600Y01019,DYCL,EQ,,,,,DYNAMIC CABLES LIMITED,413.05,415.95,405.0,411.8,411.8,413.95,,411.8,,,110952,45520356.05,4852,F1,1,,,,,
2025-09-24,2025-09-24,CM,NSE,STK,6079,INE0DZ701010,DYNAMIC,SM,,,,,DYNAMIC SRVCS & SEC LTD,110.0,121.3,110.0,121.3,121.3,110.3,,121.3,,,34500,4119225.0,52,F1,500,,,,,
2025-09-24,2025-09-24,CM,NSE,STK,21314,INE256H01015,DYNPRO,EQ,,,,,DYNEMIC PRODUCTS LIMITED,367.75,367.75,344.45,347.75,345.75,362.35,,347.7,,,28904,10155003.6,1421,F1,1,,,,,
2025-09-24,2025-09-24,CM,NSE,STK,19267,INE0KFF01017,EFACTOR,SM,,,,,E FACTOR EXPERIENCES LTD,261.0,274.5,261.0,272.95,274.5,270.7,,272.95,,,7200,1943880.0,7,F1,800,,,,,
2025-09-24,2025-09-24,CM,NSE,STK,8937,INE255Z01019,E2E,EQ,,,,,E2E NETWORKS LIMITED,3428.3,3468.9,3183.8,3218.6,3234.0,3351.3,,3218.6,,,221986,733169311.8,22188,F1,1,,,,,
2025-09-24,2025-09-24,CM,NSE,STK,2792,INE07O001026,EASEMYTRIP,EQ,,,,,EASY TRIP PLANNERS LTD,8.55,8.6,8.44,8.47,8.49,8.55,,8.47,,,7420753,63105898.28,10963,F1,1,,,,,
2025-09-24,2025-09-24,CM,NSE,STK,15179,INE738I01010,ECLERX,EQ,,,,,ECLERX SERVICES LTD,4233.0,4236.4,4047.8,4099.5,4081.0,4250.9,,4099.4,,,111294,457017573.2,21412,F1,1,,,,,
2025-09-24,2025-09-24,CM,NSE,STK,25060,INE06HJ01020,ECOSMOBLTY,EQ,,,,,ECOS (INDIA) MOB & HOSP L,276.65,277.4,269.0,270.95,272.6,276.65,,270.95,,,43589,11857792.8,2196,F1,1,,,,,
2025-09-24,2025-09-24,CM,NSE,STK,7196,INF754K01OB1,BBETF0432,EQ,,,,,EDELAMC - BBETF0432,1287.5,1288.99,1287.5,1288.99,1288.99,1290.0,,1288.99,,,432,556677.69,11,F1,1,,,,,
2025-09-24,2025-09-24,CM,NSE,STK,25258,INF754K01TE4,EBANKNIFTY,EQ,,,,,EDELAMC - EBANKNIFTY,55.81,55.99,55.42,55.7,55.99,55.99,,55.7,,,2494,139012.68,19,F1,1,,,,,
2025-09-24,2025-09-24,CM,NSE,STK,16253,INF754K01KO2,EBBETF0430,EQ,,,,,EDELAMC - EBBETF0430,1535.36,1538.99,1535.0,1535.41,1536.0,1533.32,,1535.41,,,3451,5301696.76,256,F1,1,,,,,
2025-09-24,2025-09-24,CM,NSE,STK,22239,INF754K01LE1,EBBETF0431,EQ,,,,,EDELAMC - EBBETF0431,1375.99,1376.0,1371.93,1373.15,1372.9,1376.74,,1373.15,,,20230,27768390.59,159,F1,1,,,,,
2025-09-24,2025-09-24,CM,NSE,STK,13139,INF754K01QX0,EBBETF0433,EQ,,,,,EDELAMC - EBBETF0433,1251.67,1253.95,1251.35,1251.58,1251.5,1251.92,,1251.62,,,544,681244.13,35,F1,1,,,,,
2025-09-24,2025-09-24,CM,NSE,STK,29019,INF754K01TX4,ECAPINSURE,EQ,,,,,EDELAMC - ECAPINSURE,23.21,23.21,22.84,22.93,22.9,23.1,,22.93,,,23690,544887.58,220,F1,1,,,,,
2025-09-24,2025-09-24,CM,NSE,STK,19933,INF754K01SE6,EGOLD,EQ,,,,,EDELAMC - EGOLD,114.9,116.35,114.0,114.45,114.1,114.95,,114.45,,,460626,52725354.55,342,F1,1,,,,,
2025-09-24,2025-09-24,CM,NSE,STK,758952,INF754K01VV4,ELM250,EQ,,,,,EDELAMC - ELM250,16.48,16.48,16.29,16.36,16.31,16.39,,16.36,,,5717,93407.07,73,F1,1,,,,,
2025-09-24,2025-09-24,CM,NSE,STK,25996,INF754K01TF1,EMULTIMQ,EQ,,,,,EDELAMC - EMULTIMQ,42.76,42.76,41.73,41.84,41.8,42.11,,41.84,,,13224,554550.64,236,F1,1,,,,,
2025-09-24,2025-09-24,CM,NSE,STK,20257,INF754K01SF3,ESILVER,EQ,,,,,EDELAMC - ESILVER,135.8,136.8,134.0,135.63,135.0,135.91,,135.63,,,488363,66227702.78,358,F1,1,,,,,
2025-09-24,2025-09-24,CM,NSE,STK,15119,INE532F01054,EDELWEISS,EQ,,,,,EDELWEISS FIN SERV LTD,116.8,122.79,116.38,120.74,120.0,116.86,,120.74,,,15554669,1871508738.3,70760,F1,1,,,,,
2025-09-24,2025-09-24,CM,NSE,STK,758675,INE886D01026,EFCIL,EQ,,,,,EFC (I) LIMITED,329.85,330.0,309.0,314.1,310.65,329.85,,314.0,,,726736,231049359.1,13877,F1,1,,,,,
2025-09-24,2025-09-24,CM,NSE,STK,24435,INE0U9101019,EFFWA,SM,,,,,EFFWA INFRA & RESEARCH L,227.85,230.0,222.0,224.25,225.0,225.25,,224.25,,,22400,5053280.0,36,F1,400,,,,,
2025-09-24,2025-09-24,CM,NSE,STK,910,INE066A01021,EICHERMOT,EQ,,,,,EICHER MOTORS LTD,6950.0,7060.5,6927.5,7011.5,7025.0,6990.5,,7011.5,,,323002,2265466954.5,43654,F1,1,,,,,
2025-09-24,2025-09-24,CM,NSE,STK,916,INE126A01031,EIDPARRY,EQ,,,,,EID PARRY INDIA LTD,1067.0,1078.0,1063.4,1073.3,1070.3,1067.1,,1073.3,,,102682,110032489.3,11059,F1,1,,,,,
2025-09-24,2025-09-24,CM,NSE,STK,15399,INE276C01014,EIHAHOTELS,EQ,,,,,EIH ASSOCIATED HOTELS LTD,386.0,393.0,384.05,387.6,387.0,390.25,,387.55,,,12345,4798939.55,1009,F1,1,,,,,
2025-09-24,2025-09-24,CM,NSE,STK,919,INE230A01023,EIHOTEL,EQ,,,,,EIH LIMITED,388.0,390.7,382.05,383.45,383.0,387.2,,383.45,,,137856,53156125.1,10576,F1,1,,,,,
2025-09-24,2025-09-24,CM,NSE,STK,4040,INE158B01016,EIMCOELECO,EQ,,,,,EIMCO ELECON (INDIA) LTD,1885.0,1939.8,1691.0,1723.5,1728.0,2031.2,,1723.7,,,758901,1347122466.8,35271,F1,1,,,,,
2025-09-24,2025-09-24,CM,NSE,STK,8953,INE668G01021,ELDEHSG,EQ,,,,,ELDECO HSG & IND LTD.,782.55,807.7,781.15,786.45,786.0,800.2,,787.55,,,1263,1009231.35,163,F1,1,,,,,
2025-09-24,2025-09-24,CM,NSE,STK,13643,INE205B01031,ELECON,EQ,,,,,ELECON ENG. CO. LTD,603.0,606.45,591.0,595.85,595.0,605.4,,595.85,,,292520,174782666.9,21001,F1,1,,,,,
2025-09-24,2025-09-24,CM,NSE,STK,20899,INE0Q1W01012,EFORCE,SM,,,,,ELECTRO FORCE (INDIA) LTD,39.7,40.25,39.0,39.5,39.95,39.0,,39.5,,,15600,615660.0,12,F1,1200,,,,,
2025-09-24,2025-09-24,CM,NSE,STK,11530,INE02YR01019,EMIL,EQ,,,,,ELECTRONICS MART IND LTD,160.61,160.65,154.31,155.22,154.75,161.13,,155.22,,,1275389,200223544.31,14907,F1,1,,,,,
2025-09-24,2025-09-24,CM,NSE,STK,928,INE086A01029,ELECTCAST,EQ,,,,,ELECTROSTEEL CASTINGS LTD,98.0,99.68,97.6,98.02,97.67,98.21,,98.02,,,827142,81328286.65,8702,F1,1,,,,,
2025-09-24,2025-09-24,CM,NSE,STK,4469,INE822G01016,ELECTHERM,EQ,,,,,ELECTROTHERM (I) LTD.,1117.6,1122.0,1081.05,1089.5,1090.0,1105.15,,1089.7,,,10438,11508468.1,1352,F1,1,,,,,
2025-09-24,2025-09-24,CM,NSE,STK,29595,INE0R9101015,ELGNZ,SM,,,,,ELEGANZ INTERIORS LIMITED,150.0,151.0,147.1,147.15,147.1,145.05,,147.15,,,117000,17490500.0,88,F1,1000,,,,,
2025-09-24,2025-09-24,CM,NSE,STK,937,INE285A01027,ELGIEQUIP,EQ,,,,,ELGI EQUIPMENTS LTD,501.7,505.45,495.0,500.9,499.0,503.1,,500.9,,,402398,201382741.5,9664,F1,1,,,,,
2025-09-24,2025-09-24,CM,NSE,STK,24928,INE819L01012,ELGIRUBCO,BE,,,,,ELGI RUBBER CO. LTD,69.05,70.93,69.05,69.81,69.67,69.57,,69.81,,,32363,2256964.62,95,F1,1,,,,,
2025-09-24,2025-09-24,CM,NSE,STK,13423,INE050401020,ELIN,EQ,,,,,ELIN ELECTRONICS LIMITED,224.31,232.0,218.0,224.83,224.01,224.61,,224.82,,,208207,46662492.6,5209,F1,1,,,,,
2025-09-24,2025-09-24,CM,NSE,STK,758563,INE236E01022,ELLEN,EQ,,,,,ELLENBARRIE INDUS GASES L,511.95,520.7,508.05,510.85,510.8,514.7,,510.8,,,75290,38663298.0,3242,F1,1,,,,,
2025-09-24,2025-09-24,CM,NSE,STK,29229,INE0ZOL01023,EMAPARTNER,SM,,,,,EMA PARTNERS INDIA LTD,101.0,101.0,99.5,99.5,99.5,101.0,,99.5,,,6000,602500.0,6,F1,1000,,,,,
2025-09-24,2025-09-24,CM,NSE,STK,13517,INE548C01032,EMAMILTD,EQ,,,,,EMAMI LIMITED,580.05,581.9,572.6,577.65,578.3,576.55,,577.65,,,229847,132594319.55,22675,F1,1,,,,,
2025-09-24,2025-09-24,CM,NSE,STK,10074,INE830C01026,EMAMIPAP,EQ,,,,,EMAMI PAPER MILLS LIMITED,101.5,101.81,101.0,101.14,101.25,101.65,,101.14,,,11547,1169963.8,239,F1,1,,,,,
2025-09-24,2025-09-24,CM,NSE,STK,19277,INE778K01012,EMAMIREAL,EQ,,,,,EMAMI REALTY LIMITED,114.36,114.36,111.01,112.01,111.96,113.61,,112.01,,,5785,650904.43,168,F1,1,,,,,
2025-09-24,2025-09-24,CM,NSE,STK,14450,INE069I01010,EMBDL,EQ,,,,,EMBASSY DEVELOPMENTS LTD,97.5,97.7,94.5,94.82,94.84,97.68,,94.82,,,4496510,430803059.13,22639,F1,1,,,,,
2025-09-24,2025-09-24,CM,NSE,STK,9383,INE041025011,EMBASSY,RR,,,,,EMBASSY OFFICE PARKS REIT,409.7,411.97,404.05,405.19,405.0,409.7,,405.19,,,609248,247676715.55,11451,F1,1,,,,,
2025-09-24,2025-09-24,CM,NSE,STK,24398,INE168P01015,EMCURE,EQ,,,,,EMCURE PHARMACEUTICALS L,1326.0,1330.8,1306.4,1329.9,1328.5,1325.0,,1329.9,,,38790,51485130.4,4817,F1,1,,,,,
2025-09-24,2025-09-24,CM,NSE,STK,27629,INE0RHD01013,ETML,SM,,,,,EMERALD TYRE MANUF LTD,125.0,132.85,125.0,131.75,131.9,125.0,,131.75,,,14400,1882320.0,12,F1,1200,,,,,
2025-09-24,2025-09-24,CM,NSE,STK,13421,INE296H01011,EMKAY,EQ,,,,,EMKAY GLOBAL FIN SERV LTD,382.3,409.9,366.01,379.55,376.0,378.68,,379.49,,,2779605,1078736894.33,48650,F1,1,,,,,
2025-09-24,2025-09-24,CM,NSE,STK,10253,INE332S01011,EMKAYTOOLS,SM,,,,,EMKAY TAP & CUT. TOOL LTD,157.95,157.95,153.55,156.35,156.0,157.05,,156.35,,,3750,587602.5,22,F1,150,,,,,
2025-09-24,2025-09-24,CM,NSE,STK,758591,INE0PXC01024,ETL,SM,,,,,EMKAY TOOLS LIMITED,935.0,939.0,875.3,939.0,939.0,936.45,,939.0,,,1050,950895.0,7,F1,150,,,,,
2025-09-24,2025-09-24,CM,NSE,STK,18142,INE753K01015,EMMBI,EQ,,,,,EMMBI INDUSTRIES LIMITED,106.2,106.22,102.91,103.41,103.94,106.72,,103.41,,,16240,1695870.91,661,F1,1,,,,,
2025-09-24,2025-09-24,CM,NSE,STK,18593,INE0OV601013,EMSLIMITED,EQ,,,,,EMS LIMITED,577.0,577.0,568.15,570.3,572.0,577.95,,570.25,,,113412,64762345.25,5154,F1,1,,,,,
2025-09-24,2025-09-24,CM,NSE,STK,9756,INE01QM01018,EMUDHRA,EQ,,,,,EMUDHRA LIMITED,676.0,677.05,658.0,660.25,660.0,674.1,,660.15,,,105887,70301851.9,9073,F1,1,,,,,
2025-09-24,2025-09-24,CM,NSE,STK,18822,INE913H01037,ENDURANCE,EQ,,,,,ENDURANCE TECHNO. LTD.,2859.9,2870.2,2777.7,2789.0,2782.4,2850.6,,2788.9,,,103234,289929281.3,16586,F1,1,,,,,
2025-09-24,2025-09-24,CM,NSE,STK,15049,INE306C01019,ENERGYDEV,EQ,,,,,ENERGY DEVE. CO.LTD,20.26,20.37,19.9,20.07,19.9,20.26,,20.04,,,17335,348159.77,321,F1,1,,,,,
2025-09-24,2025-09-24,CM,NSE,STK,23745,INE0S1L01013,EMMIL,SM,,,,,ENERGY MISSION MACH IND L,187.3,187.3,180.0,181.5,181.5,187.35,,181.5,,,5250,955037.5,19,F1,250,,,,,
2025-09-24,2025-09-24,CM,NSE,STK,23224,INE0S3X01014,ENFUSE,SM,,,,,ENFUSE SOLUTIONS LIMITED,203.15,225.0,203.15,219.0,217.0,203.15,,219.0,,,9000,1950090.0,15,F1,600,,,,,
2025-09-24,2025-09-24,CM,NSE,STK,4907,INE510A01028,ENGINERSIN,EQ,,,,,ENGINEERS INDIA LTD,203.65,206.74,201.7,202.65,202.99,203.7,,202.65,,,1713821,349662856.04,21816,F1,1,,,,,
2025-09-24,2025-09-24,CM,NSE,STK,23230,INE0R9I01021,ENSER,SM,,,,,ENSER COMMUNICATIONS LTD,22.0,22.15,21.75,22.1,22.1,22.4,,22.1,,,120000,2628000.0,16,F1,5000,,,,,
2025-09-24,2025-09-24,CM,NSE,STK,22717,INE010601016,ENTERO,EQ,,,,,ENTERO HEALTHCARE SOLU L,1125.0,1125.0,1087.8,1090.7,1093.0,1104.4,,1090.7,,,73704,80887691.1,5845,F1,1,,,,,
2025-09-24,2025-09-24,CM,NSE,STK,13192,INE265F01028,ENIL,EQ,,,,,ENTERTAIN NET. IND. LTD.,161.18,163.49,157.25,157.91,157.25,160.61,,157.79,,,7051,1130392.34,475,F1,1,,,,,
2025-09-24,2025-09-24,CM,NSE,STK,27213,INE0LLY01014,EIEL,EQ,,,,,ENVIRO INFRA ENGINEERS L,265.0,266.17,253.22,254.5,255.39,266.99,,254.5,,,2007727,521363826.57,30988,F1,1,,,,,
2025-09-24,2025-09-24,CM,NSE,STK,25412,INE0SUH01015,ENVIRO,SM,,,,,ENVIROTECH SYSTEMS LTD,158.95,163.0,156.7,157.95,159.0,151.95,,157.95,,,68000,10842100.0,59,F1,1000,,,,,
2025-09-24,2025-09-24,CM,NSE,STK,22463,INE0G5901015,EPACK,EQ,,,,,EPACK DURABLE LIMITED,371.3,371.8,365.0,366.0,365.0,371.25,,366.0,,,645631,237348659.65,16198,F1,1,,,,,
2025-09-24,2025-09-24,CM,NSE,STK,5382,INE071N01016,EPIGRAL,EQ,,,,,EPIGRAL LIMITED,1735.1,1739.4,1710.7,1714.7,1717.8,1735.1,,1714.7,,,18718,32226741.5,4478,F1,1,,,,,
2025-09-24,2025-09-24,CM,NSE,STK,981,INE255A01020,EPL,EQ,,,,,EPL LIMITED,213.89,213.89,208.32,212.2,213.0,214.38,,212.2,,,467435,98797527.51,11201,F1,1,,,,,
2025-09-24,2025-09-24,CM,NSE,STK,758346,INE11HF01010,EEPL,SM,,,,,EPPELTONE ENGINEERS LTD,201.0,203.75,200.0,202.35,202.0,202.9,,202.35,,,45000,9080850.0,37,F1,1000,,,,,
2025-09-24,2025-09-24,CM,NSE,STK,3553,INE217G01035,EQUIPPP,BE,,,,,EQUIPPP SOC IMP TECH LTD,20.99,21.67,20.99,21.66,21.67,20.64,,21.65,,,43529,941009.05,117,F1,1,,,,,
2025-09-24,2025-09-24,CM,NSE,STK,913,INE063P01018,EQUITASBNK,EQ,,,,,EQUITAS SMALL FIN BNK LTD,56.85,58.1,56.42,57.89,58.0,56.85,,57.89,,,8978163,514501676.46,31473,F1,1,,,,,
2025-09-24,2025-09-24,CM,NSE,STK,21154,INE406M01024,ERIS,EQ,,,,,ERIS LIFESCIENCES LIMITED,1634.9,1644.4,1620.0,1626.9,1622.8,1634.9,,1626.8,,,101445,165534664.4,12796,F1,1,,,,,
2025-09-24,2025-09-24,CM,NSE,STK,955,INE284A01012,ESABINDIA,EQ,,,,,ESAB INDIA LTD,5040.0,5049.0,5009.0,5029.0,5020.0,5039.0,,5029.5,,,1035,5205661.5,257,F1,1,,,,,
2025-09-24,2025-09-24,CM,NSE,STK,19878,INE818W01011,ESAFSFB,EQ,,,,,ESAF SMALL FINANCE BANK L,29.39,29.39,28.5,28.91,29.36,29.32,,28.91,,,262321,7604334.09,1862,F1,1,,,,,
2025-09-24,2025-09-24,CM,NSE,STK,22764,INE0RQZ01017,ESCONET,SM,,,,,ESCONET TECHNOLOGIES LTD,229.3,229.3,229.3,229.3,229.3,218.4,,229.3,,,19600,4494280.0,29,F1,400,,,,,
2025-09-24,2025-09-24,CM,NSE,STK,958,INE042A01014,ESCORTS,EQ,,,,,ESCORTS KUBOTA LIMITED,3745.0,3748.0,3652.1,3698.9,3693.6,3739.1,,3698.9,,,131400,484572948.1,16317,F1,1,,,,,
2025-09-24,2025-09-24,CM,NSE,STK,24678,INE0SBP01018,ESPRIT,SM,,,,,ESPRIT STONES LIMITED,83.5,83.5,83.5,83.5,83.5,83.5,,83.5,,,1600,133600.0,1,F1,1600,,,,,
2025-09-24,2025-09-24,CM,NSE,STK,25634,INE122M01019,ESSARSHPNG,EQ,,,,,ESSAR SHIPPING LTD,27.0,28.25,26.91,28.25,28.25,26.91,,28.25,,,420276,11810659.68,1320,F1,1,,,,,
2025-09-24,2025-09-24,CM,NSE,STK,17084,INE0ITO01014,ESFL,SM,,,,,ESSEN SPECIALITY FILMS L,305.2,306.75,301.5,304.7,304.5,305.2,,304.7,,,29520,8999748.0,39,F1,360,,,,,
2025-09-24,2025-09-24,CM,NSE,STK,24265,INE778B01029,ESTER,EQ,,,,,ESTER INDUSTRIES LTD,115.08,115.1,112.71,113.28,114.6,115.08,,113.27,,,29432,3348616.62,1050,F1,1,,,,,
2025-09-24,2025-09-24,CM,NSE,STK,5097,INE758T01015,ETERNAL,EQ,,,,,ETERNAL LIMITED,336.2,338.0,335.35,335.8,336.3,338.35,,335.8,,,12073297,4062636196.3,88898,F1,1,,,,,
2025-09-24,2025-09-24,CM,NSE,STK,9750,INE04TZ01018,ETHOSLTD,EQ,,,,,ETHOS LIMITED,2504.4,2575.0,2501.4,2550.1,2555.0,2504.4,,2550.1,,,41687,106169609.7,7536,F1,1,,,,,
2025-09-24,2025-09-24,CM,NSE,STK,25162,INE0KCE01017,EUREKAFORB,EQ,,,,,EUREKA FORBES LIMITED,581.7,581.7,570.0,575.8,576.0,579.05,,575.8,,,90398,51964404.9,5961,F1,1,,,,,
2025-09-24,2025-09-24,CM,NSE,STK,6042,INE546V01010,EIFFL,BE,,,,,EURO (I) FRESH FOODS LTD,228.13,230.0,227.0,228.07,228.0,227.0,,228.07,,,13480,3082322.1,70,F1,1,,,,,
2025-09-24,2025-09-24,CM,NSE,STK,757953,INE505V01016,EUROBOND,EQ,,,,,EURO PANEL PRODUCTS LTD,218.0,219.38,214.0,215.82,214.1,216.3,,215.82,,,9245,2000061.44,777,F1,1,,,,,
2025-09-24,2025-09-24,CM,NSE,STK,759797,INE198501012,EUROPRATIK,EQ,,,,,EURO PRATIK SALES LIMITED,247.0,251.7,243.0,248.39,249.0,248.38,,248.39,,,1866074,460090348.34,26840,F1,1,,,,,
2025-09-24,2025-09-24,CM,NSE,STK,999,INE022C01012,EUROTEXIND,EQ,,,,,EUROTEX INDUSTRIES LTD,16.89,16.89,14.86,15.89,15.9,15.98,,15.89,,,3051,47555.45,45,F1,1,,,,,
2025-09-24,2025-09-24,CM,NSE,STK,11782,INE128A01029,EVEREADY,EQ,,,,,EVEREADY INDS. IND.  LTD.,416.1,417.7,405.15,406.2,405.7,416.1,,406.2,,,167109,68337930.05,7571,F1,1,,,,,
2025-09-24,2025-09-24,CM,NSE,STK,993,INE295A01018,EVERESTIND,EQ,,,,,EVEREST INDUSTRIES LTD,718.95,750.0,700.0,720.1,730.0,713.65,,720.1,,,38906,28329580.9,2761,F1,1,,,,,
2025-09-24,2025-09-24,CM,NSE,STK,13091,INE184H01027,EKC,EQ,,,,,EVEREST KANTO CYLINDERLTD,147.2,148.92,143.25,146.67,146.72,145.59,,146.67,,,923776,135547097.1,9825,F1,1,,,,,
2025-09-24,2025-09-24,CM,NSE,STK,11471,INE369A01029,EXCELINDUS,EQ,,,,,EXCEL INDUSTRIES LTD,1143.9,1150.2,1132.3,1135.8,1134.0,1143.9,,1136.2,,,3256,3710294.6,482,F1,1,,,,,
2025-09-24,2025-09-24,CM,NSE,STK,17380,INE688J01023,EXCEL,BE,,,,,EXCEL REALTY N INFRA LTD,1.54,1.54,1.54,1.54,1.54,1.51,,1.57,,,6420072,9886910.88,1385,F1,1,,,,,
2025-09-24,2025-09-24,CM,NSE,STK,25324,INE0Y4801011,EXCELLENT,SM,,,,,EXCELLENT WIRES N PACK L,45.5,46.0,45.5,46.0,46.0,45.5,,46.0,,,4800,220000.0,2,F1,1600,,,,,
2025-09-24,2025-09-24,CM,NSE,STK,22947,INE777F01014,EXICOM,EQ,,,,,EXICOM TELE SYSTEMS LTD,155.0,156.49,150.49,150.87,150.9,154.83,,150.87,,,410447,62564429.06,8938,F1,1,,,,,
2025-09-24,2025-09-24,CM,NSE,STK,676,INE302A01020,EXIDEIND,EQ,,,,,EXIDE INDUSTRIES LTD,403.25,404.1,397.95,399.6,399.3,403.25,,399.65,,,1558689,623511774.7,25407,F1,1,,,,,
2025-09-24,2025-09-24,CM,NSE,STK,17486,INE201K01015,EXPLEOSOL,EQ,,,,,EXPLEO SOLUTIONS LIMITED,990.3,1000.0,978.5,995.4,995.5,990.4,,995.4,,,4423,4389967.4,645,F1,1,,,,,
2025-09-24,2025-09-24,CM,NSE,STK,5352,INE0GFE01026,EXXARO,EQ,,,,,EXXARO TILES LIMITED,8.84,8.93,8.41,8.55,8.5,8.79,,8.55,,,332289,2853783.06,934,F1,1,,,,,
2025-09-24,2025-09-24,CM,NSE,STK,1008,INE188A01015,FACT,EQ,,,,,FACT LTD,972.0,993.0,965.0,972.2,970.9,973.65,,972.2,,,223515,218758207.4,13236,F1,1,,,,,
2025-09-24,2025-09-24,CM,NSE,STK,1614,INE0DNW01011,FAIRCHEMOR,EQ,,,,,FAIRCHEM ORGANICS LIMITED,792.9,799.95,781.0,790.15,790.65,792.9,,789.8,,,4546,3591989.05,707,F1,1,,,,,
2025-09-24,2025-09-24,CM,NSE,STK,24153,INE0PQK01013,FALCONTECH,ST,,,,,FALCON TECHNOPROJ IND LTD,20.3,20.3,19.6,19.6,19.6,20.3,,19.6,,,12000,239580.0,10,F1,1200,,,,,
2025-09-24,2025-09-24,CM,NSE,STK,12000,INE963C01033,FAZE3Q,EQ,,,,,FAZE THREE LIMITED,510.0,514.4,486.0,490.5,492.0,511.4,,490.35,,,50724,25065416.9,3575,F1,1,,,,,
2025-09-24,2025-09-24,CM,NSE,STK,11999,INE512B01022,FCSSOFT,EQ,,,,,FCS SOFTWARE SOLN. LTD.,2.38,2.39,2.36,2.36,2.36,2.37,,2.36,,,1598781,3797112.52,1741,F1,1,,,,,
2025-09-24,2025-09-24,CM,NSE,STK,4898,INE258B01022,FDC,EQ,,,,,FDC LIMITED,477.0,484.4,469.05,477.7,474.5,478.1,,477.7,,,154809,73918065.25,7406,F1,1,,,,,
2025-09-24,2025-09-24,CM,NSE,STK,20322,INE007N01010,FEDFINA,EQ,,,,,FEDBANK FINANCIAL SER L,152.0,154.1,149.38,151.18,151.0,154.21,,151.16,,,762075,115426026.98,12054,F1,1,,,,,
2025-09-24,2025-09-24,CM,NSE,STK,1023,INE171A01029,FEDERALBNK,EQ,,,,,FEDERAL BANK LTD,195.2,196.82,193.3,193.58,193.7,195.13,,193.58,,,2934434,572195722.52,45497,F1,1,,,,,
2025-09-24,2025-09-24,CM,NSE,STK,1190,INE529A01010,FMGOETZE,EQ,,,,,FEDERAL-MOGUL GOETZE (IND,550.5,554.8,545.1,547.85,545.55,550.5,,547.85,,,26751,14702781.25,2397,F1,1,,,,,
2025-09-24,2025-09-24,CM,NSE,STK,573,INE901X01013,FELIX,SM,,,,,FELIX INDUSTRIES LTD.,204.9,204.9,196.1,199.25,200.0,197.75,,199.25,,,22000,4387650.0,37,F1,500,,,,,
2025-09-24,2025-09-24,CM,NSE,STK,8159,INE296C01020,FIBERWEB,EQ,,,,,FIBERWEB INDIA LIMITED,46.66,46.66,45.86,45.95,46.0,45.99,,45.95,,,43653,2010714.04,609,F1,1,,,,,
2025-09-24,2025-09-24,CM,NSE,STK,9858,INE0LQQ01019,FIDEL,SM,,,,,FIDEL SOFTECH LIMITED,183.7,183.7,181.0,182.6,181.0,183.7,,182.6,,,8000,1466050.0,6,F1,1000,,,,,
2025-09-24,2025-09-24,CM,NSE,STK,13710,INE737H01014,FIEMIND,EQ,,,,,FIEM INDUSTRIES LIMITED,2019.6,2068.0,1994.2,2055.8,2062.5,2019.6,,2055.8,,,137289,281409939.0,14983,F1,1,,,,,
2025-09-24,2025-09-24,CM,NSE,STK,23647,INE185E01021,FILATFASH,EQ,,,,,FILATEX FASHIONS LIMITED,0.62,0.63,0.6,0.61,0.62,0.61,,0.61,,,35367861,21756919.1,4293,F1,1,,,,,
2025-09-24,2025-09-24,CM,NSE,STK,24532,INE816B01035,FILATEX,EQ,,,,,FILATEX INDIA LTD,54.06,54.7,53.0,54.11,54.0,54.24,,54.11,,,609247,32842367.7,5354,F1,1,,,,,
2025-09-24,2025-09-24,CM,NSE,STK,3744,INE686Y01026,FINEORG,EQ,,,,,FINE ORGANIC IND. LTD.,4807.5,4807.6,4701.0,4729.6,4752.4,4783.6,,4729.9,,,5767,27330780.6,1722,F1,1,,,,,
2025-09-24,2025-09-24,CM,NSE,STK,6198,INE045J01026,FCL,EQ,,,,,FINEOTEX CHEMICAL LIMITED,233.1,234.93,231.0,232.15,232.0,233.1,,232.18,,,121013,28134262.88,4650,F1,1,,,,,
2025-09-24,2025-09-24,CM,NSE,STK,6579,INE02NC01014,FINOPB,EQ,,,,,FINO PAYMENTS BANK LTD,272.95,272.95,266.15,267.15,266.55,271.2,,267.1,,,87324,23565300.2,3107,F1,1,,,,,
2025-09-24,2025-09-24,CM,NSE,STK,1038,INE235A01022,FINCABLES,EQ,,,,,FINOLEX CABLES LTD,825.0,830.1,821.05,826.8,826.3,826.6,,826.8,,,244904,202325816.15,11506,F1,1,,,,,
2025-09-24,2025-09-24,CM,NSE,STK,1041,INE183A01024,FINPIPE,EQ,,,,,FINOLEX INDUSTRIES LTD,211.42,212.65,209.53,210.39,210.0,211.49,,210.38,,,302690,63783457.16,7965,F1,1,,,,,
2025-09-24,2025-09-24,CM,NSE,STK,14304,INE684F01012,FSL,EQ,,,,,FIRSTSOURCE SOLU. LTD.,360.0,364.4,355.05,356.85,355.55,361.8,,356.85,,,413512,147938944.9,16328,F1,1,,,,,
2025-09-24,2025-09-24,CM,NSE,STK,757658,INE771F01041,FISCHER,EQ,,,,,FISCHER MEDICAL VENTURE L,115.6,124.7,114.0,117.0,117.9,115.0,,117.0,,,1123305,133247433.1,17094,F1,1,,,,,
2025-09-24,2025-09-24,CM,NSE,STK,12032,INE128S01021,FIVESTAR,EQ,,,,,FIVE-STAR BUS FIN LTD,523.05,547.0,521.15,522.6,523.0,522.85,,522.6,,,3004127,1595624902.9,75717,F1,1,,,,,
2025-09-24,2025-09-24,CM,NSE,STK,20372,INE00Y201027,FLAIR,EQ,,,,,FLAIR WRITING INDUST LTD,324.0,324.0,315.0,317.8,319.0,317.55,,317.75,,,64099,20368765.1,2210,F1,1,,,,,
2025-09-24,2025-09-24,CM,NSE,STK,25512,INE060J01017,FLEXITUFF,EQ,,,,,FLEXITUFF VENTURES INT L,25.8,26.47,24.47,24.63,24.5,25.72,,24.72,,,9685,240162.51,62,F1,1,,,,,
2025-09-24,2025-09-24,CM,NSE,STK,758211,INE0VCK01011,FLYSBS,ST,,,,,FLYSBS AVIATION LIMITED,556.0,560.0,544.0,545.7,544.0,556.15,,545.7,,,56400,31129710.0,87,F1,600,,,,,
2025-09-24,2025-09-24,CM,NSE,STK,7385,INE0I7D01019,FOCE,SM,,,,,FOCE INDIA LIMITED,1627.0,1627.0,1627.0,1627.0,1627.0,1550.0,,1627.0,,,100,162700.0,1,F1,100,,,,,
2025-09-24,2025-09-24,CM,NSE,STK,6836,INE593W01028,FOCUS,EQ,,,,,FOCUS LIGHTG & FIXTRS LTD,93.83,94.75,91.61,92.96,93.64,93.94,,92.96,,,23745,2208600.01,399,F1,1,,,,,
2025-09-24,2025-09-24,CM,NSE,STK,22517,INE0Q4701019,FONEBOX,SM,,,,,FONEBOX RETAIL LIMITED,99.0,99.0,99.0,99.0,99.0,98.0,,99.0,,,1000,99000.0,1,F1,1000,,,,,
2025-09-24,2025-09-24,CM,NSE,STK,6691,INE976E01023,FOODSIN,BE,,,,,FOODS & INNS LIMITED,91.3,91.49,88.49,89.0,88.99,90.52,,89.0,,,125758,11215960.87,492,F1,1,,,,,
2025-09-24,2025-09-24,CM,NSE,STK,24914,INE0U2501017,FORCAS,SM,,,,,FORCAS STUDIO LIMITED,93.0,108.0,93.0,103.05,103.0,105.25,,103.05,,,1414400,138137840.0,340,F1,1600,,,,,
2025-09-24,2025-09-24,CM,NSE,STK,11573,INE451A01017,FORCEMOT,EQ,,,,,FORCE MOTORS LIMITED,18178.0,18426.0,17961.0,18041.0,18105.0,18111.0,,18043.0,,,40434,734854370.0,13635,F1,1,,,,,
2025-09-24,2025-09-24,CM,NSE,STK,25667,INE0YKW01013,FORGEAUTO,ST,,,,,FORGE AUTO INTERNATION L,155.0,155.0,151.1,151.1,151.1,150.0,,151.1,,,6000,918120.0,4,F1,1200,,,,,
2025-09-24,2025-09-24,CM,NSE,STK,14592,INE061F01013,FORTIS,EQ,,,,,FORTIS HEALTHCARE LTD,969.0,972.15,952.85,960.4,959.0,967.7,,960.4,,,1197147,1150059742.95,40324,F1,1,,,,,
2025-09-24,2025-09-24,CM,NSE,STK,1073,INE519A01011,FOSECOIND,EQ,,,,,FOSECO INDIA LTD,5834.0,5875.0,5755.0,5770.5,5771.0,5783.5,,5771.5,,,3935,22809243.0,1634,F1,1,,,,,
2025-09-24,2025-09-24,CM,NSE,STK,25868,INE0SFW01015,FRESHARA,SM,,,,,FRESHARA AGRO EXPORTS LTD,195.1,198.45,184.0,187.05,184.0,195.9,,187.05,,,42000,8029020.0,34,F1,1200,,,,,
2025-09-24,2025-09-24,CM,NSE,STK,11501,INE385O01018,FROG,SM,,,,,FROG CELLSAT LIMITED,248.0,253.4,244.0,245.55,246.7,254.15,,245.55,,,21200,5241740.0,53,F1,400,,,,,
2025-09-24,2025-09-24,CM,NSE,STK,6545,INE388Y01029,NYKAA,EQ,,,,,FSN E COMMERCE VENTURES,238.7,239.99,236.0,237.05,238.5,237.71,,237.05,,,2180564,518755787.36,24876,F1,1,,,,,
2025-09-24,2025-09-24,CM,NSE,STK,11932,INE139R01012,FUSION,EQ,,,,,FUSION FINANCE LIMITED,192.42,196.4,191.3,192.14,192.56,192.0,,192.13,,,461690,89239198.67,5655,F1,1,,,,,
2025-09-24,2025-09-24,CM,NSE,STK,756833,IN9139R01028,FUSIONPP,E1,,,,,FUSION RS.5 PPD UP,109.94,115.0,109.94,111.66,111.95,109.0,,111.66,,,21964,2464994.13,246,F1,1,,,,,
2025-09-24,2025-09-24,CM,NSE,STK,14868,INE452O01016,FLFL,BZ,,,,,FUT LIFESTYLE FASH LTD,1.73,1.86,1.71,1.71,1.78,1.78,,1.72,,,21611,37861.54,54,F1,1,,,,,
2025-09-24,2025-09-24,CM,NSE,STK,13812,INE623B01027,FEL,BZ,,,,,FUTURE ENTERPRISES LTD,0.61,0.62,0.59,0.6,0.6,0.61,,0.6,,,80307,48848.42,76,F1,1,,,,,
2025-09-24,2025-09-24,CM,NSE,STK,30491,IN9623B01058,FELDVR,BZ,,,,,FUTURE ENTERPRISES LTD,3.45,3.5,3.41,3.41,3.41,3.5,,3.41,,,1206,4159.15,9,F1,1,,,,,
2025-09-24,2025-09-24,CM,NSE,STK,21017,INE360L01017,FMNL,EQ,,,,,FUTURE MKT NETWORKS LTD,12.44,12.9,12.05,12.16,12.05,12.69,,12.18,,,55894,691496.27,255,F1,1,,,,,
2025-09-24,2025-09-24,CM,NSE,STK,14628,INE935Q01015,FSC,BZ,,,,,FUTURE SUPP CHAIN SOL LTD,2.55,2.55,2.45,2.5,2.54,2.56,,2.51,,,10690,26694.13,42,F1,1,,,,,
2025-09-24,2025-09-24,CM,NSE,STK,1168,INE075D01018,GMBREW,EQ,,,,,G M BREWERIES LTD,720.35,732.85,711.1,718.5,732.85,720.35,,718.4,,,15727,11258401.05,1585,F1,1,,,,,
2025-09-24,2025-09-24,CM,NSE,STK,5054,INE201P01022,GRINFRA,EQ,,,,,G R INFRAPROJECTS LIMITED,1280.1,1304.3,1275.6,1300.2,1300.0,1286.8,,1300.2,,,22241,28837620.3,2553,F1,1,,,,,
2025-09-24,2025-09-24,CM,NSE,STK,1129,INE586X01012,GTECJAINX,EQ,,,,,G-TEC JAINX EDUCATION LTD,25.26,26.63,24.16,26.24,26.3,25.37,,26.24,,,1006,26380.1,17,F1,1,,,,,
2025-09-24,2025-09-24,CM,NSE,STK,1085,INE524A01029,GABRIEL,EQ,,,,,GABRIEL INDIA LTD,1297.3,1305.0,1270.3,1285.7,1282.8,1289.5,,1285.6,,,223614,287251783.9,17387,F1,1,,,,,
2025-09-24,2025-09-24,CM,NSE,STK,17888,INE224E01028,GATECH,EQ,,,,,GACM TECHNOLOGIES LIMITED,0.91,0.93,0.84,0.84,0.84,0.89,,0.84,,,60885441,54354780.98,8215,F1,1,,,,,
2025-09-24,2025-09-24,CM,NSE,STK,27,INE224E01036,GATECHDVR,BE,,,,,GACM TECHNOLOGIES LIMITED,0.67,0.67,0.6,0.62,0.64,0.64,,0.62,,,3270310,2085418.03,1083,F1,1,,,,,
2025-09-24,2025-09-24,CM,NSE,STK,4717,INE129A01019,GAIL,EQ,,,,,GAIL (INDIA) LTD,178.7,179.0,175.66,175.91,176.0,178.66,,175.89,,,10054492,1774224800.6,83266,F1,1,,,,,
2025-09-24,2025-09-24,CM,NSE,STK,25244,INE0QTE01018,GAJANAND,SM,,,,,GAJANAND INTERNATIONAL L,12.3,12.3,12.3,12.3,12.3,12.45,,12.3,,,3000,36900.0,1,F1,3000,,,,,
2025-09-24,2025-09-24,CM,NSE,STK,25134,INE0RE001014,GALAPREC,EQ,,,,,GALA PRECISION ENG LTD,805.0,812.6,794.0,796.1,802.0,806.7,,796.15,,,13716,10990605.25,1639,F1,1,,,,,
2025-09-24,2025-09-24,CM,NSE,STK,759092,INE09A801015,GML,ST,,,,,GALAXY MEDICARE LIMITED,39.75,39.75,39.75,39.75,39.75,41.85,,39.75,,,14000,556500.0,7,F1,2000,,,,,
2025-09-24,2025-09-24,CM,NSE,STK,1315,INE600K01018,GALAXYSURF,EQ,,,,,GALAXY SURFACTANTS LTD,2305.0,2350.0,2274.5,2306.2,2301.1,2306.1,,2306.2,,,11277,26063610.4,1836,F1,1,,,,,
2025-09-24,2025-09-24,CM,NSE,STK,13337,INE297H01019,GALLANTT,EQ,,,,,GALLANTT ISPAT LIMITED,664.0,688.45,661.05,663.7,663.75,664.3,,663.7,,,259738,174852681.5,10552,F1,1,,,,,
2025-09-24,2025-09-24,CM,NSE,STK,20303,INE717W01049,GANDHAR,EQ,,,,,GANDHAR OIL REFINE IND L,145.98,146.0,143.5,144.2,143.9,144.98,,144.2,,,70979,10270545.61,2518,F1,1,,,,,
2025-09-24,2025-09-24,CM,NSE,STK,14116,INE524B01027,GANDHITUBE,EQ,,,,,GANDHI SPL. TUBES LTD,918.0,924.95,903.5,908.9,903.5,918.3,,908.9,,,8163,7450070.6,966,F1,1,,,,,
2025-09-24,2025-09-24,CM,NSE,STK,5614,INE388A01029,GANESHBE,EQ,,,,,GANESH BENZOPLAST LIMITED,91.19,92.15,89.55,90.11,90.7,91.19,,90.11,,,110566,10012364.25,1348,F1,1,,,,,
2025-09-24,2025-09-24,CM,NSE,STK,24439,INE0R8C01018,GGBL,SM,,,,,GANESH GREEN BHARAT LTD,405.2,420.0,405.0,414.1,415.3,405.0,,414.1,,,36600,15130950.0,104,F1,300,,,,,
2025-09-24,2025-09-24,CM,NSE,STK,14339,INE460C01014,GANESHHOU,EQ,,,,,GANESH HOUSING LIMITED,870.1,871.05,856.85,861.1,869.0,868.9,,861.1,,,42476,36645374.55,6200,F1,1,,,,,
2025-09-24,2025-09-24,CM,NSE,STK,27339,INE0TVT01024,GANESHIN,SM,,,,,GANESH INFRAWORLD LIMITED,234.1,234.1,225.6,227.5,227.5,234.75,,227.5,,,296800,67575440.0,58,F1,800,,,,,
2025-09-24,2025-09-24,CM,NSE,STK,6944,INE845D01014,GANECOS,EQ,,,,,GANESHA ECOSPHERE LIMITED,1264.4,1270.0,1200.0,1203.0,1207.0,1259.4,,1203.1,,,70608,86126520.6,9364,F1,1,,,,,
2025-09-24,2025-09-24,CM,NSE,STK,4957,INE691Z01023,GANGAFORGE,EQ,,,,,GANGA FORGING LIMITED,3.87,3.87,3.73,3.76,3.76,3.72,,3.76,,,94987,358823.18,293,F1,1,,,,,
2025-09-24,2025-09-24,CM,NSE,STK,21399,INE335W01016,GANGESSECU,EQ,,,,,GANGES SECURITIES LIMITED,152.71,156.72,150.51,151.42,152.8,152.34,,151.42,,,7631,1162026.24,169,F1,1,,,,,
2025-09-24,2025-09-24,CM,NSE,STK,5475,INE382Z01011,GRSE,EQ,,,,,GARDEN REACH SHIP&ENG LTD,2692.9,2745.0,2661.0,2714.8,2723.5,2680.8,,2714.8,,,2583699,7019743809.8,110903,F1,1,,,,,
2025-09-24,2025-09-24,CM,NSE,STK,25800,INE0JVO01026,GARUDA,EQ,,,,,GARUDA CONSTRUCT N ENG L,199.75,200.1,189.21,193.28,194.85,200.16,,193.26,,,850803,165140458.02,12356,F1,1,,,,,
2025-09-24,2025-09-24,CM,NSE,STK,7982,INE291A01017,GRWRHITECH,EQ,,,,,GARWARE HI-TECH FILMS LTD,3190.0,3255.3,3151.7,3166.2,3160.1,3176.6,,3166.0,,,38312,122326993.7,10009,F1,1,,,,,
2025-09-24,2025-09-24,CM,NSE,STK,1100,INE276A01018,GARFIBRES,EQ,,,,,GARWARE TECH FIBRES LTD,784.1,794.0,771.0,783.65,783.15,784.1,,783.65,,,51296,40069108.45,8468,F1,1,,,,,
2025-09-24,2025-09-24,CM,NSE,STK,8510,INE079J01017,GATEWAY,EQ,,,,,GATEWAY DISTRIPARKS LTD,63.75,64.06,63.26,63.45,63.38,63.81,,63.45,,,569481,36212199.94,5516,F1,1,,,,,
2025-09-24,2025-09-24,CM,NSE,STK,3699,INE287Z01012,GAYAHWS,BE,,,,,GAYATRI HIGHWAYS LIMITED,3.26,3.26,3.26,3.26,3.26,3.11,,3.26,,,147379,480455.54,107,F1,1,,,,,
2025-09-24,2025-09-24,CM,NSE,STK,14052,INE0LVM01018,GRCL,SM,,,,,GAYATRI RUBB AND CHEM LTD,352.5,352.5,352.3,352.4,352.3,373.0,,352.4,,,500,176200.0,2,F1,250,,,,,
2025-09-24,2025-09-24,CM,NSE,STK,7862,INE878A01011,GVPIL,EQ,,,,,GE POWER INDIA LIMITED,345.0,347.65,334.35,337.45,337.8,344.95,,337.5,,,109347,37340604.45,5250,F1,1,,,,,
2025-09-24,2025-09-24,CM,NSE,STK,16783,INE200A01026,GVT&D,EQ,,,,,GE VERNOVA T&D INDIA LTD,3000.0,3031.0,2971.4,3022.8,3014.8,2996.4,,3022.7,,,215111,646178956.1,28097,F1,1,,,,,
2025-09-24,2025-09-24,CM,NSE,STK,13658,INE916G01016,GEECEE,EQ,,,,,GEECEE VENTURES LIMITED,370.9,385.9,370.9,379.25,377.4,369.45,,379.25,,,8076,3052617.05,350,F1,1,,,,,
2025-09-24,2025-09-24,CM,NSE,STK,17922,INE669X01024,GEEKAYWIRE,EQ,,,,,GEEKAY WIRES LIMITED,73.15,73.15,71.02,71.47,71.79,72.37,,71.47,,,30432,2193081.97,731,F1,1,,,,,
2025-09-24,2025-09-24,CM,NSE,STK,759461,INE06XZ01023,GEMAROMA,EQ,,,,,GEM AROMATICS LIMITED,265.0,266.75,257.1,258.8,257.4,264.2,,258.8,,,235477,61683665.45,8428,F1,1,,,,,
2025-09-24,2025-09-24,CM,NSE,STK,277,INE481Y01014,GICRE,EQ,,,,,GENERAL INS CORP OF INDIA,363.95,366.0,361.75,362.9,362.0,363.6,,362.9,,,415494,151358431.2,10005,F1,1,,,,,
2025-09-24,2025-09-24,CM,NSE,STK,2188,INE854S01022,GENCON,EQ,,,,,GENERIC ENG CONS PROJ LTD,46.99,46.99,44.5,44.98,45.45,45.95,,44.98,,,100338,4528861.89,899,F1,1,,,,,
2025-09-24,2025-09-24,CM,NSE,STK,10905,INE727B01026,GENESYS,EQ,,,,,GENESYS INTL CORPN LTD,537.7,545.35,525.1,528.55,528.5,539.1,,528.55,,,134130,71686060.8,6682,F1,1,,,,,
2025-09-24,2025-09-24,CM,NSE,STK,6600,INE949P01018,GENUSPAPER,EQ,,,,,GENUS P&B LIMITED,18.05,18.05,17.3,17.68,17.73,17.91,,17.68,,,248628,4370280.57,833,F1,1,,,,,
2025-09-24,2025-09-24,CM,NSE,STK,11905,INE955D01029,GENUSPOWER,EQ,,,,,GENUS POWER INFRASTRU LTD,327.25,329.45,322.0,323.15,324.3,327.75,,323.15,,,470944,153059053.45,8520,F1,1,,,,,
2025-09-24,2025-09-24,CM,NSE,STK,11896,INE007B01023,GEOJITFSL,EQ,,,,,GEOJIT FINANCIAL SER L,82.94,84.88,80.0,80.43,80.45,82.5,,80.43,,,1375990,112539350.92,24762,F1,1,,,,,
2025-09-24,2025-09-24,CM,NSE,STK,1289,INE538A01037,GFLLIMITED,EQ,,,,,GFL LIMITED,61.9,62.5,60.75,62.05,62.25,61.34,,62.05,,,36877,2277540.97,532,F1,1,,,,,
2025-09-24,2025-09-24,CM,NSE,STK,1127,INE539A01019,GHCL,EQ,,,,,GHCL LIMITED,601.0,603.8,594.95,598.1,597.7,601.75,,598.1,,,112919,67608802.1,5991,F1,1,,,,,
2025-09-24,2025-09-24,CM,NSE,STK,16696,INE0PA801013,GHCLTEXTIL,EQ,,,,,GHCL TEXTILES LIMITED,81.3,81.3,78.0,78.06,78.39,79.8,,78.07,,,69692,5481488.69,1327,F1,1,,,,,
2025-09-24,2025-09-24,CM,NSE,STK,1139,INE289B01019,GICHSGFIN,EQ,,,,,GIC HOUSING FINANCE LTD,174.3,181.5,173.5,178.56,178.2,174.25,,178.55,,,301874,54014088.08,3736,F1,1,,,,,
2025-09-24,2025-09-24,CM,NSE,STK,17839,INE047B01011,GILLANDERS,EQ,,,,,GILLANDERS ARBUTHNOT LTD,116.21,119.5,116.21,117.48,117.9,116.21,,117.47,,,5200,612440.98,547,F1,1,,,,,
2025-09-24,2025-09-24,CM,NSE,STK,1576,INE322A01010,GILLETTE,EQ,,,,,GILLETTE INDIA LTD,10050.0,10062.0,9819.0,9840.0,9842.0,10012.0,,9840.0,,,27450,271810795.0,6668,F1,1,,,,,
2025-09-24,2025-09-24,CM,NSE,STK,9294,INE424C01010,GINNIFILA,BE,,,,,GINNIFILAMENTS LTD.,45.23,45.5,44.98,44.99,44.99,45.23,,44.97,,,32495,1464065.82,105,F1,1,,,,,
2025-09-24,2025-09-24,CM,NSE,STK,2365,INE614Z01017,GIRIRAJ,SM,,,,,GIRIRAJ CIVIL DEVP LTD,335.0,370.0,335.0,369.0,369.0,344.65,,369.0,,,10250,3723475.0,37,F1,250,,,,,
2025-09-24,2025-09-24,CM,NSE,STK,17357,INE528A01020,GKWLIMITED,EQ,,,,,GKW LIMITED,1661.3,1719.0,1661.3,1702.9,1719.0,1661.3,,1702.9,,,320,544158.1,45,F1,1,,,,,
2025-09-24,2025-09-24,CM,NSE,STK,1186,INE068V01023,GLAND,EQ,,,,,GLAND PHARMA LIMITED,2020.0,2028.0,1970.0,1977.8,1978.0,2017.2,,1977.7,,,85359,170454449.3,19109,F1,1,,,,,
2025-09-24,2025-09-24,CM,NSE,STK,1153,INE159A01016,GLAXO,EQ,,,,,GLAXOSMITHKLINE PHARMA LT,2758.0,2765.0,2735.2,2746.4,2744.6,2761.7,,2746.4,,,37974,104410728.4,9317,F1,1,,,,,
2025-09-24,2025-09-24,CM,NSE,STK,7406,INE935A01035,GLENMARK,EQ,,,,,GLENMARK PHARMACEUTICALS,2016.8,2050.2,2004.2,2018.6,2020.1,2016.8,,2018.6,,,651958,1321313619.6,28097,F1,1,,,,,
2025-09-24,2025-09-24,CM,NSE,STK,1417,INE291W01037,GLOBAL,BE,,,,,GLOBAL EDUCATION LIMITED,67.3,69.0,66.6,67.08,67.75,67.92,,67.08,,,35725,2424723.91,133,F1,1,,,,,
2025-09-24,2025-09-24,CM,NSE,STK,11956,INE474Q01031,MEDANTA,EQ,,,,,GLOBAL HEALTH LIMITED,1322.8,1329.0,1307.0,1320.6,1321.5,1321.7,,1320.6,,,133106,175759701.0,17968,F1,1,,,,,
2025-09-24,2025-09-24,CM,NSE,STK,17167,INE0PS501019,GLOBALPET,SM,,,,,GLOBAL PET INDUSTRIES LTD,129.0,130.0,129.0,130.0,130.0,132.35,,130.0,,,3000,388500.0,2,F1,1500,,,,,
2025-09-24,2025-09-24,CM,NSE,STK,14599,INE0JSX01015,GSLSU,EQ,,,,,GLOBAL SURFACES LIMITED,101.0,101.0,97.55,98.63,98.01,99.5,,98.62,,,58660,5816579.2,1323,F1,1,,,,,
2025-09-24,2025-09-24,CM,NSE,STK,13735,INE792H01019,GLOBALVECT,EQ,,,,,GLOBAL VEC HELICORP LTD,215.0,218.0,206.78,210.24,211.95,214.88,,210.22,,,11592,2454273.8,501,F1,1,,,,,
2025-09-24,2025-09-24,CM,NSE,STK,24932,INE0URU01010,GLOBALE,EQ,,,,,GLOBALE TESSILE LIMITED,14.24,14.25,13.65,13.94,13.87,13.95,,13.94,,,1691,23725.9,70,F1,1,,,,,
2025-09-24,2025-09-24,CM,NSE,STK,758572,INE0V3U01015,GLOBECIVIL,EQ,,,,,GLOBE CIVIL PROJECTS LTD,74.78,75.69,74.0,74.22,74.49,74.78,,74.21,,,174817,13057464.89,1645,F1,1,,,,,
2025-09-24,2025-09-24,CM,NSE,STK,18815,INE947T01014,GICL,SM,,,,,GLOBE INTL CARRIERS LTD,158.85,161.95,156.05,159.35,159.0,153.85,,159.35,,,60000,9581175.0,37,F1,1500,,,,,
2025-09-24,2025-09-24,CM,NSE,STK,393,INE581X01021,GLOBE,EQ,,,,,GLOBE TEXTILES (I) LTD.,2.28,2.28,2.21,2.23,2.27,2.24,,2.23,,,663935,1481945.91,559,F1,1,,,,,
2025-09-24,2025-09-24,CM,NSE,STK,9764,INE00WS01056,GSTL,SM,,,,,GLOBESECURE TECHNO LTD,9.0,9.4,8.95,9.0,9.0,9.4,,9.0,,,42000,382100.0,25,F1,1000,,,,,
2025-09-24,2025-09-24,CM,NSE,STK,17424,INE615I01010,GLOBUSSPR,EQ,,,,,GLOBUS SPIRITS LTD,1085.0,1092.0,1077.2,1085.8,1090.0,1088.6,,1085.8,,,43100,46776897.4,3806,F1,1,,,,,
2025-09-24,2025-09-24,CM,NSE,STK,23590,INE350Z01018,GLOSTERLTD,EQ,,,,,GLOSTER LIMITED,663.85,671.55,656.1,665.6,660.0,655.55,,665.35,,,1265,844980.6,188,F1,1,,,,,
2025-09-24,2025-09-24,CM,NSE,STK,1570,INE541A01023,GMMPFAUDLR,EQ,,,,,GMM PFAUDLER LIMITED,1105.0,1116.0,1095.4,1102.2,1104.0,1110.5,,1102.2,,,52975,58477886.6,6901,F1,1,,,,,
2025-09-24,2025-09-24,CM,NSE,STK,13528,INE776C01039,GMRAIRPORT,EQ,,,,,GMR AIRPORTS LIMITED,90.49,90.85,88.9,89.05,89.35,90.53,,89.05,,,4269311,382943906.38,22127,F1,1,,,,,
2025-09-24,2025-09-24,CM,NSE,STK,8529,INE0CU601026,GMRP&UI,EQ,,,,,GMR POW AND URBAN INFRA L,122.0,122.1,117.34,117.75,117.65,121.82,,117.75,,,1597657,190164700.73,19298,F1,1,,,,,
2025-09-24,2025-09-24,CM,NSE,STK,18571,INE934S01014,GNA,EQ,,,,,GNA AXLES LIMITED,332.9,332.9,320.05,322.65,322.95,328.3,,322.65,,,45180,14683695.35,2786,F1,1,,,,,
2025-09-24,2025-09-24,CM,NSE,STK,757862,INE18JU01028,EBGNG,EQ,,,,,GNG ELECTRONICS LIMITED,372.55,372.55,361.0,362.45,362.15,373.15,,362.4,,,262061,95864558.5,7915,F1,1,,,,,
2025-09-24,2025-09-24,CM,NSE,STK,23799,INE03JT01014,GODIGIT,EQ,,,,,GO DIGIT GENERAL INS LTD,354.95,381.4,354.0,358.85,357.0,355.95,,358.85,,,2147415,784451604.05,70934,F1,1,,,,,
2025-09-24,2025-09-24,CM,NSE,STK,6964,INE0BJS01011,GOCOLORS,EQ,,,,,GO FASHION INDIA LTD,712.0,713.75,703.0,706.15,704.0,712.55,,706.1,,,17666,12498395.65,1474,F1,1,,,,,
2025-09-24,2025-09-24,CM,NSE,STK,14687,INE426D01013,GOACARBON,EQ,,,,,GOA CARBON LIMITED,455.0,455.05,445.0,447.65,451.0,453.9,,447.6,,,11252,5065540.4,769,F1,1,,,,,
2025-09-24,2025-09-24,CM,NSE,STK,3963,INE077F01035,GOCLCORP,EQ,,,,,GOCL CORPORATION LIMITED,363.95,365.35,358.0,359.2,358.1,364.0,,359.2,,,27354,9889829.85,1340,F1,1,,,,,
2025-09-24,2025-09-24,CM,NSE,STK,25941,INE497S01012,GODAVARIB,EQ,,,,,GODAVARI BIOREFINERIES L,275.0,278.9,268.52,270.81,274.6,278.9,,270.92,,,73176,20031656.52,1598,F1,1,,,,,
2025-09-24,2025-09-24,CM,NSE,STK,13409,INE177H01039,GPIL,EQ,,,,,GODAWARI POW & ISP LTD,270.0,278.0,265.1,266.24,266.99,268.34,,266.24,,,10574175,2879191945.69,96297,F1,1,,,,,
2025-09-24,2025-09-24,CM,NSE,STK,1181,INE260B01028,GODFRYPHLP,EQ,,,,,GODFREY PHILLIPS INDIA LT,3360.0,3470.0,3354.0,3408.0,3410.0,3348.0,,3408.0,,,781179,2664792330.0,57751,F1,1,,,,,
2025-09-24,2025-09-24,CM,NSE,STK,1610,INE925Y01036,GODHA,BE,,,,,GODHA CABCON INSULAT LTD,0.61,0.64,0.61,0.64,0.64,0.61,,0.64,,,7163078,4516039.93,3360,F1,1,,,,,
2025-09-24,2025-09-24,CM,NSE,STK,144,INE850D01014,GODREJAGRO,EQ,,,,,GODREJ AGROVET LIMITED,718.0,724.7,711.05,714.95,715.65,722.85,,714.95,,,90881,65047616.85,5063,F1,1,,,,,
2025-09-24,2025-09-24,CM,NSE,STK,10099,INE102D01028,GODREJCP,EQ,,,,,GODREJ CONSUMER PRODUCTS,1198.9,1204.0,1177.8,1186.0,1185.0,1192.2,,1186.0,,,1837893,2188207500.7,43201,F1,1,,,,,
2025-09-24,2025-09-24,CM,NSE,STK,10925,INE233A01035,GODREJIND,EQ,,,,,GODREJ INDUSTRIES LTD,1172.0,1197.8,1172.0,1191.0,1193.0,1180.2,,1191.0,,,100179,119149360.3,6566,F1,1,,,,,
2025-09-24,2025-09-24,CM,NSE,STK,17875,INE484J01027,GODREJPROP,EQ,,,,,GODREJ PROPERTIES LTD,2103.7,2115.3,2011.9,2019.1,2019.9,2103.7,,2019.1,,,626753,1280635380.0,40528,F1,1,,,,,
2025-09-24,2025-09-24,CM,NSE,STK,5010,INE516K01024,GOENKA,BZ,,,,,GOENKA DIAMOND&JEWELS LTD,1.01,1.02,0.96,0.98,0.98,0.98,,0.98,,,131603,131624.38,88,F1,1,,,,,
2025-09-24,2025-09-24,CM,NSE,STK,27127,IN0020240134,692GS2039,GS,,,,,GOI LOAN   6.92% 2039,103.5,103.5,103.25,103.25,103.25,103.0,,103.25,,,2001,206603.5,2,F1,1,,,,,
2025-09-24,2025-09-24,CM,NSE,STK,27819,IN0020240175,698GR2054,GS,,,,,GOI LOAN   6.98% 2054,97.02,97.02,97.02,97.02,97.02,97.02,,97.02,,,96,9313.92,4,F1,1,,,,,
2025-09-24,2025-09-24,CM,NSE,STK,27170,IN0020240142,709GS2074,GS,,,,,GOI LOAN   7.09% 2074,99.5,100.4,99.5,99.93,99.91,100.24,,99.93,,,51566,5157133.87,64,F1,1,,,,,
2025-09-24,2025-09-24,CM,NSE,STK,3202,IN0020210012,563GS2026,GS,,,,,GOI LOAN  5.63% 2026,102.3,102.3,102.3,102.3,102.3,102.0,,102.3,,,62,6342.6,1,F1,1,,,,,
2025-09-24,2025-09-24,CM,NSE,STK,6695,IN0020210186,574GS2026,GS,,,,,GOI LOAN  5.74% 2026,100.8,101.95,100.8,101.95,101.95,101.0,,100.8,,,74,7481.05,4,F1,1,,,,,
2025-09-24,2025-09-24,CM,NSE,STK,757753,IN0020250034,591GS2028,GS,,,,,GOI LOAN  5.91% 2028,100.5,100.5,99.6,100.05,100.05,100.85,,100.05,,,501,50094.6,8,F1,1,,,,,
2025-09-24,2025-09-24,CM,NSE,STK,5012,IN0020210095,610GS2031,GS,,,,,GOI LOAN  6.10% 2031,97.25,97.25,97.25,97.25,97.25,97.25,,97.25,,,4,389.0,1,F1,1,,,,,
2025-09-24,2025-09-24,CM,NSE,STK,757994,IN0020250059,628GS2032,GS,,,,,GOI LOAN  6.28% 2032,98.0,98.0,98.0,98.0,98.0,98.0,,98.0,,,100,9800.0,1,F1,1,,,,,
2025-09-24,2025-09-24,CM,NSE,STK,756890,IN0020250026,633GS2035,GS,,,,,GOI LOAN  6.33% 2035,101.11,101.11,101.11,101.11,101.11,101.65,,101.11,,,300,30333.0,3,F1,1,,,,,
2025-09-24,2025-09-24,CM,NSE,STK,7843,IN0020210244,654GS2032,GS,,,,,GOI LOAN  6.54% 2032,105.89,105.89,105.89,105.89,105.89,101.25,,105.89,,,500,52945.0,1,F1,1,,,,,
2025-09-24,2025-09-24,CM,NSE,STK,5577,IN0020210152,667GS2035,GS,,,,,GOI LOAN  6.67% 2035,100.85,101.27,100.85,101.27,101.27,105.45,,101.27,,,25992,2632185.44,8,F1,1,,,,,
2025-09-24,2025-09-24,CM,NSE,STK,956,IN0020200252,667GS2050,GS,,,,,GOI LOAN  6.67% 2050,94.61,97.7,94.61,95.37,95.37,98.5,,95.37,,,199524,19021884.83,36,F1,1,,,,,
2025-09-24,2025-09-24,CM,NSE,STK,757847,IN0020250042,668GS2040,GS,,,,,GOI LOAN  6.68% 2040,100.0,100.0,99.9,99.9,99.9,98.9,,99.9,,,800,79990.0,4,F1,1,,,,,
2025-09-24,2025-09-24,CM,NSE,STK,2317,IN0020200401,676GS2061,GS,,,,,GOI LOAN  6.76% 2061,97.16,97.16,96.44,97.06,97.06,97.16,,99.5,,,193409,18720992.72,366,F1,1,,,,,
2025-09-24,2025-09-24,CM,NSE,STK,22438,IN0020200187,68GS2060,GS,,,,,GOI LOAN  6.8% 2060,92.67,96.5,92.67,96.48,96.5,95.05,,96.48,,,7263,696818.57,16,F1,1,,,,,
2025-09-24,2025-09-24,CM,NSE,STK,6817,IN0020210202,695GS2061,GS,,,,,GOI LOAN  6.95% 2061,99.99,99.99,99.5,99.5,99.5,99.99,,99.5,,,1500,149495.0,3,F1,1,,,,,
2025-09-24,2025-09-24,CM,NSE,STK,15046,IN0020230028,699GS2026,GS,,,,,GOI LOAN  6.99% 2026,103.6,103.64,103.6,103.63,103.64,103.6,,103.63,,,9234,956874.74,12,F1,1,,,,,
2025-09-24,2025-09-24,CM,NSE,STK,23854,IN0020240043,702GS2027,GS,,,,,GOI LOAN  7.02% 2027,102.7,102.7,98.07,102.7,102.7,102.7,,102.7,,,4390,442567.9,15,F1,1,,,,,
2025-09-24,2025-09-24,CM,NSE,STK,14970,IN0020230010,706GS2028,GS,,,,,GOI LOAN  7.06% 2028,105.03,105.03,105.03,105.03,105.03,104.86,,105.03,,,200,21006.0,1,F1,1,,,,,
2025-09-24,2025-09-24,CM,NSE,STK,24949,IN0020240118,709GS2054,GS,,,,,GOI LOAN  7.09% 2054,100.4,100.4,99.8,99.98,100.34,100.8,,99.98,,,133310,13334894.25,165,F1,1,,,,,
2025-09-24,2025-09-24,CM,NSE,STK,15050,IN0020230036,717GS2030,GS,,,,,GOI LOAN  7.17% 2030,105.5,105.5,105.5,105.5,105.5,107.0,,105.5,,,400,42200.0,1,F1,1,,,,,
2025-09-24,2025-09-24,CM,NSE,STK,18025,IN0020230085,718GS2033,GS,,,,,GOI LOAN  7.18% 2033,104.7,104.9,103.75,104.0,104.8,105.0,,104.0,,,26322,2734448.7,12,F1,1,,,,,
2025-09-24,2025-09-24,CM,NSE,STK,17398,IN0020230077,718GS2037,GS,,,,,GOI LOAN  7.18% 2037,104.7,105.77,104.11,104.9,104.9,104.81,,104.9,,,4101,428425.17,9,F1,1,,,,,
2025-09-24,2025-09-24,CM,NSE,STK,23518,IN0020240027,723GS2039,GS,,,,,GOI LOAN  7.23% 2039,105.5,105.5,105.5,105.5,105.5,104.0,,105.5,,,1000,105500.0,1,F1,1,,,,,
2025-09-24,2025-09-24,CM,NSE,STK,758674,IN0020250075,724GS2055,GS,,,,,GOI LOAN  7.24% 2055,101.0,101.0,101.0,101.0,101.0,101.0,,101.0,,,1901,192001.0,3,F1,1,,,,,
2025-09-24,2025-09-24,CM,NSE,STK,16733,IN0020230044,725GS2063,GS,,,,,GOI LOAN  7.25% 2063,103.48,103.48,101.85,102.0,102.0,101.99,,102.0,,,81066,8272093.9,37,F1,1,,,,,
2025-09-24,2025-09-24,CM,NSE,STK,10722,IN0020220060,726GS2032,GS,,,,,GOI LOAN  7.26% 2032,104.5,104.85,104.0,104.65,104.65,104.5,,104.65,,,7420,773388.0,9,F1,1,,,,,
2025-09-24,2025-09-24,CM,NSE,STK,14051,IN0020220151,726GS2033,GS,,,,,GOI LOAN  7.26% 2033,105.15,105.2,104.25,104.25,104.25,105.0,,104.25,,,1104,115545.7,5,F1,1,,,,,
2025-09-24,2025-09-24,CM,NSE,STK,20136,IN0020230135,732GS2030,GS,,,,,GOI LOAN  7.32% 2030,105.75,105.75,105.75,105.75,105.75,105.25,,105.75,,,200,21150.0,1,F1,1,,,,,
2025-09-24,2025-09-24,CM,NSE,STK,23558,IN0020240035,734GS2064,GS,,,,,GOI LOAN  7.34% 2064,103.9,104.3,103.0,104.25,104.25,103.9,,104.13,,,6839,706657.49,10,F1,1,,,,,
2025-09-24,2025-09-24,CM,NSE,STK,10931,IN0020220086,736GS2052,GS,,,,,GOI LOAN  7.36% 2052,100.81,102.34,100.8,101.0,101.0,101.0,,101.0,,,2035,205344.28,7,F1,1,,,,,
2025-09-24,2025-09-24,CM,NSE,STK,19566,IN0020230101,737GS2028,GS,,,,,GOI LOAN  7.37% 2028,105.5,106.84,105.5,106.84,106.84,105.05,,106.84,,,8719,922755.96,4,F1,1,,,,,
2025-09-24,2025-09-24,CM,NSE,STK,10981,IN0020220094,74GS2062,GS,,,,,GOI LOAN  7.4% 2062,101.6,101.6,100.5,100.53,100.5,100.96,,100.53,,,15295,1540231.14,37,F1,1,,,,,
2025-09-24,2025-09-24,CM,NSE,STK,13194,IN0020220102,741GS2036,GS,,,,,GOI LOAN  7.41% 2036,107.4,107.4,107.4,107.4,107.4,106.26,,107.4,,,799,85812.6,1,F1,1,,,,,
2025-09-24,2025-09-24,CM,NSE,STK,19808,IN0020230127,746GS2073,GS,,,,,GOI LOAN  7.46% 2073,104.5,104.75,104.0,104.75,104.75,104.25,,104.75,,,5059,526955.35,13,F1,1,,,,,
2025-09-24,2025-09-24,CM,NSE,STK,9585,IN0020220029,754GS2036,GS,,,,,GOI LOAN  7.54% 2036,108.75,109.23,108.75,108.91,109.07,108.94,,108.91,,,429544,46798897.73,129,F1,1,,,,,
2025-09-24,2025-09-24,CM,NSE,STK,6833,IN0020010081,1018GS2026,GS,,,,,GOI LOAN 10.18% 2026,105.0,105.0,104.0,104.19,104.0,105.0,,104.19,,,251,26240.9,16,F1,1,,,,,
2025-09-24,2025-09-24,CM,NSE,STK,9047,IN0020220011,710GS2029,GS,,,,,GOI LOAN 7.10% 2029,106.0,106.4,106.0,106.0,106.4,106.0,,106.0,,,7404,784864.8,10,F1,1,,,,,
2025-09-24,2025-09-24,CM,NSE,STK,18561,IN0020200054,716GS2050,GS,,,,,GOI LOAN 7.16% 2050,101.5,101.5,100.51,100.51,100.51,101.0,,100.51,,,876,88446.12,9,F1,1,,,,,
2025-09-24,2025-09-24,CM,NSE,STK,9537,IN0020190016,727GS2026,GS,,,,,GOI LOAN 7.27% 2026,104.0,104.0,104.0,104.0,104.0,104.05,,104.0,,,600,62400.0,1,F1,1,,,,,
2025-09-24,2025-09-24,CM,NSE,STK,9913,IN0020220037,738GS2027,GS,,,,,GOI LOAN 7.38% 2027,104.31,104.66,104.31,104.35,104.35,104.62,,104.35,,,23591,2467096.01,29,F1,1,,,,,
2025-09-24,2025-09-24,CM,NSE,STK,7136,IN0020150077,772GS2055,GS,,,,,GOI LOAN 7.72% 2055,110.5,110.5,110.5,110.5,110.5,111.29,,110.5,,,400,44200.0,1,F1,1,,,,,
2025-09-24,2025-09-24,CM,NSE,STK,6884,IN0020060078,824GS2027,GS,,,,,GOI LOAN 8.24%2027,103.06,104.35,103.06,104.35,104.35,103.01,,104.35,,,898,93703.98,4,F1,1,,,,,
2025-09-24,2025-09-24,CM,NSE,STK,6898,IN0020070036,826GS2027,GS,,,,,GOI LOAN 8.26% 2027,103.8,103.81,103.8,103.81,103.81,103.01,,103.81,,,96,9965.28,3,F1,1,,,,,
2025-09-24,2025-09-24,CM,NSE,STK,7019,IN0020120039,833GS2026,GS,,,,,GOI LOAN 8.33% 2026,102.25,102.26,102.25,102.26,102.26,103.3,,102.26,,,2,204.51,2,F1,1,,,,,
2025-09-24,2025-09-24,CM,NSE,STK,7039,IN0020130053,92GS2030,GS,,,,,GOI LOAN 9.20% 2030,118.0,118.0,118.0,118.0,118.0,118.5,,118.0,,,850,100300.0,1,F1,1,,,,,
2025-09-24,2025-09-24,CM,NSE,STK,755859,IN002025Y024,182D101025,TB,,,,,GOI TBILL 182D-10/10/25,99.49,99.49,99.49,99.49,99.49,99.61,,99.49,,,100,9949.0,1,F1,100,,,,,
2025-09-24,2025-09-24,CM,NSE,STK,758207,IN002025Z195,364D060826,TB,,,,,GOI TBILL 364D-06/08/26,94.9,94.9,94.9,94.9,94.9,94.9,,93.95,,,100,9490.0,1,F1,100,,,,,
2025-09-24,2025-09-24,CM,NSE,STK,756870,IN002025Z062,364D070526,TB,,,,,GOI TBILL 364D-07/05/26,96.58,96.58,96.58,96.58,96.58,96.25,,96.58,,,600,57948.0,1,F1,100,,,,,
2025-09-24,2025-09-24,CM,NSE,STK,755860,IN002025Z021,364D100426,TB,,,,,GOI TBILL 364D-10/04/26,96.47,96.47,96.47,96.47,96.47,96.7,,96.47,,,100,9647.0,1,F1,100,,,,,
2025-09-24,2025-09-24,CM,NSE,STK,756820,IN002025Z088,364D210526,TB,,,,,GOI TBILL 364D-21/05/26,96.37,96.37,96.37,96.37,96.37,95.66,,96.37,,,100,9637.0,1,F1,100,,,,,
2025-09-24,2025-09-24,CM,NSE,STK,757564,IN002025Z138,364D250626,TB,,,,,GOI TBILL 364D-25/06/26,95.86,95.86,95.86,95.86,95.86,94.94,,95.86,,,300,28758.0,1,F1,100,,,,,
2025-09-24,2025-09-24,CM,NSE,STK,757044,IN002025Z096,364D280526,TB,,,,,GOI TBILL 364D-28/05/26,96.27,96.27,96.27,96.27,96.27,96.15,,95.99,,,100,9627.0,1,F1,100,,,,,
2025-09-24,2025-09-24,CM,NSE,STK,757745,IN002025X141,91D021025,TB,,,,,GOI TBILL 91D-02/10/25,99.8,99.8,99.8,99.8,99.8,99.65,,99.73,,,100,9980.0,1,F1,100,,,,,
2025-09-24,2025-09-24,CM,NSE,STK,758938,IN002025X232,91D041225,TB,,,,,GOI TBILL 91D-04/12/25,98.85,98.85,98.85,98.85,98.85,98.85,,98.85,,,100,9885.0,1,F1,100,,,,,
2025-09-24,2025-09-24,CM,NSE,STK,758205,IN002025X190,91D061125,TB,,,,,GOI TBILL 91D-06/11/25,99.2,99.35,99.2,99.35,99.35,99.2,,99.35,,,600,59595.0,2,F1,100,,,,,
2025-09-24,2025-09-24,CM,NSE,STK,758886,IN002025X240,91D111225,TB,,,,,GOI TBILL 91D-11/12/25,98.45,98.45,98.45,98.45,98.45,98.5,,98.45,,,100,9845.0,1,F1,100,,,,,
2025-09-24,2025-09-24,CM,NSE,STK,758412,IN002025X208,91D131125,TB,,,,,GOI TBILL 91D-13/11/25,99.1,99.1,99.1,99.1,99.1,99.1,,99.1,,,300,29730.0,3,F1,100,,,,,
2025-09-24,2025-09-24,CM,NSE,STK,759197,IN002025X257,91D181225,TB,,,,,GOI TBILL 91D-18/12/25,98.35,98.35,98.35,98.35,98.35,98.55,,98.35,,,100,9835.0,1,F1,100,,,,,
2025-09-24,2025-09-24,CM,NSE,STK,758587,IN002025X216,91D201125,TB,,,,,GOI TBILL 91D-20/11/25,99.0,99.0,99.0,99.0,99.0,98.85,,99.0,,,100,9900.0,1,F1,100,,,,,
2025-09-24,2025-09-24,CM,NSE,STK,757975,IN002025X182,91D301025,TB,,,,,GOI TBILL 91D-30/10/25,99.11,99.12,99.11,99.12,99.12,98.97,,99.12,,,200,19823.0,2,F1,100,,,,,
2025-09-24,2025-09-24,CM,NSE,STK,11778,INE887G01027,GOKEX,EQ,,,,,GOKALDAS EXPORTS LTD.,820.1,823.0,775.0,792.0,778.0,820.8,,792.05,,,518902,415469756.4,18726,F1,1,,,,,
2025-09-24,2025-09-24,CM,NSE,STK,14480,INE314T01025,GOKULAGRO,EQ,,,,,GOKUL AGRO RESOURCES LTD,410.5,415.4,406.1,407.05,408.0,412.4,,407.05,,,265810,108958281.15,9246,F1,1,,,,,
2025-09-24,2025-09-24,CM,NSE,STK,16705,INE020J01029,GOKUL,EQ,,,,,GOKUL REFOILS & SOLV LTD,43.41,43.71,43.05,43.36,43.05,43.72,,43.36,,,11827,513525.38,220,F1,1,,,,,
2025-09-24,2025-09-24,CM,NSE,STK,11619,INE973A01010,GOLDENTOBC,BZ,,,,,GOLDEN TOBACCO LIMITED,35.1,35.69,34.5,35.22,35.22,35.1,,35.3,,,2827,99343.71,14,F1,1,,,,,
2025-09-24,2025-09-24,CM,NSE,STK,11971,INE025B01025,GOLDIAM,EQ,,,,,GOLDIAM INTERNATIONAL LTD,378.4,384.1,375.2,379.65,379.0,380.45,,379.65,,,363319,137868543.2,7201,F1,1,,,,,
2025-09-24,2025-09-24,CM,NSE,STK,1,INE405Y01021,GOLDSTAR,SM,,,,,GOLDSTAR POWER LIMITED,9.15,9.15,9.15,9.15,9.15,9.15,,9.15,,,11250,102937.5,1,F1,11250,,,,,
2025-09-24,2025-09-24,CM,NSE,STK,6125,INE127I01024,GOODLUCK,EQ,,,,,GOODLUCK INDIA LIMITED,1135.0,1248.7,1125.2,1238.9,1240.0,1119.5,,1238.9,,,1728092,2097606902.2,80699,F1,1,,,,,
2025-09-24,2025-09-24,CM,NSE,STK,23066,INE0L9R01028,GOPAL,EQ,,,,,GOPAL SNACKS LIMITED,362.6,370.0,361.0,368.2,369.95,362.6,,368.15,,,156317,57094704.25,7411,F1,1,,,,,
2025-09-24,2025-09-24,CM,NSE,STK,11787,INE705X01026,GOYALALUM,EQ,,,,,GOYAL ALUMINIUMS LIMITED,7.42,7.58,7.42,7.53,7.53,7.53,,7.53,,,57142,427336.75,389,F1,1,,,,,
2025-09-24,2025-09-24,CM,NSE,STK,19356,INE0QFE01017,GOYALSALT,SM,,,,,GOYAL SALT LIMITED,170.5,175.0,170.5,172.0,172.0,176.5,,172.0,,,12600,2181780.0,11,F1,600,,,,,
2025-09-24,2025-09-24,CM,NSE,STK,24113,INE0S7E01015,GPECO,ST,,,,,GP ECO SOLUTIONS INDIA L,581.0,587.55,572.0,586.0,587.55,559.6,,586.0,,,61800,36087060.0,93,F1,600,,,,,
2025-09-24,2025-09-24,CM,NSE,STK,11581,INE586G01017,GULFPETRO,EQ,,,,,GP PETROLEUMS LIMITED,41.28,41.5,40.2,40.95,41.15,41.28,,40.97,,,58430,2386650.62,1171,F1,1,,,,,
2025-09-24,2025-09-24,CM,NSE,STK,22846,INE486R01017,GPTHEALTH,EQ,,,,,GPT HEALTHCARE LIMITED,150.1,150.56,147.9,148.3,149.5,149.79,,148.3,,,101110,15046249.94,2277,F1,1,,,,,
2025-09-24,2025-09-24,CM,NSE,STK,17685,INE390G01014,GPTINFRA,EQ,,,,,GPT INFRAPROJECTS LTD,120.81,121.0,117.1,119.2,120.5,120.03,,119.18,,,114006,13518116.15,3793,F1,1,,,,,
2025-09-24,2025-09-24,CM,NSE,STK,30289,INE12E301017,GCHOTELS,ST,,,,,GRAND CONTINENT HOTELS L,193.0,197.0,186.0,193.4,191.0,194.0,,193.4,,,26400,5050860.0,17,F1,1200,,,,,
2025-09-24,2025-09-24,CM,NSE,STK,11872,INE101D01020,GRANULES,EQ,,,,,GRANULES INDIA LIMITED,523.95,534.95,519.05,530.8,531.5,523.8,,530.8,,,528866,280236532.8,12550,F1,1,,,,,
2025-09-24,2025-09-24,CM,NSE,STK,20454,INE0POU01017,GRAPHISAD,SM,,,,,GRAPHISADS LIMITED,37.5,38.4,36.1,38.4,38.4,38.0,,38.4,,,6000,221220.0,5,F1,1200,,,,,
2025-09-24,2025-09-24,CM,NSE,STK,592,INE371A01025,GRAPHITE,EQ,,,,,GRAPHITE INDIA LTD,575.0,578.9,568.0,572.0,572.0,573.6,,572.0,,,613894,352410884.1,16475,F1,1,,,,,
2025-09-24,2025-09-24,CM,NSE,STK,1232,INE047A01021,GRASIM,EQ,,,,,GRASIM INDUSTRIES LTD,2813.5,2838.7,2797.9,2807.4,2811.7,2813.5,,2807.4,,,316532,892402835.2,30420,F1,1,,,,,
2025-09-24,2025-09-24,CM,NSE,STK,20534,INE024L01027,GRAVITA,EQ,,,,,GRAVITA INDIA LIMITED,1667.0,1669.5,1638.2,1642.4,1643.4,1660.2,,1642.3,,,134099,221576794.5,10210,F1,1,,,,,
2025-09-24,2025-09-24,CM,NSE,STK,1235,INE224A01026,GREAVESCOT,EQ,,,,,GREAVES COTTON LTD.,225.4,226.7,221.61,222.46,222.2,225.4,,222.47,,,1356836,303535861.81,17783,F1,1,,,,,
2025-09-24,2025-09-24,CM,NSE,STK,17092,INE0O7P01015,GREENCHEF,SM,,,,,GREENCHEF APPLIANCES LTD,65.1,67.1,65.1,65.95,65.1,67.9,,65.95,,,10400,686720.0,12,F1,800,,,,,
2025-09-24,2025-09-24,CM,NSE,STK,6848,INE544R01021,GREENLAM,EQ,,,,,GREENLAM INDUSTRIES LTD.,251.8,255.29,246.11,247.4,248.9,253.16,,247.36,,,40478,10089293.81,3207,F1,1,,,,,
2025-09-24,2025-09-24,CM,NSE,STK,13810,INE08ZM01014,GREENPANEL,EQ,,,,,GREENPANEL INDUSTRIES LTD,291.1,292.3,282.65,285.8,284.7,290.8,,285.8,,,103036,29485642.25,5738,F1,1,,,,,
2025-09-24,2025-09-24,CM,NSE,STK,3987,INE461C01038,GREENPLY,EQ,,,,,GREENPLY INDUSTRIES LTD,317.5,322.65,315.1,316.95,315.1,317.35,,316.75,,,55822,17749620.95,3694,F1,1,,,,,
2025-09-24,2025-09-24,CM,NSE,STK,758986,INE199P01028,GCSL,EQ,,,,,GRETEX CORPORATE SERVICES,264.6,275.25,260.05,263.0,264.0,263.25,,263.0,,,6365,1685479.05,488,F1,1,,,,,
2025-09-24,2025-09-24,CM,NSE,STK,13560,INE536A01023,GRINDWELL,EQ,,,,,GRINDWELL NORTON LIMITED,1630.0,1630.0,1605.6,1613.0,1610.5,1631.0,,1613.0,,,14473,23364653.0,3629,F1,1,,,,,
2025-09-24,2025-09-24,CM,NSE,STK,10871,INE192H01020,GRMOVER,EQ,,,,,GRM OVERSEAS LIMITED,356.05,367.0,356.05,359.85,364.85,355.65,,359.85,,,834955,302084116.65,12454,F1,1,,,,,
2025-09-24,2025-09-24,CM,NSE,STK,25758,INF666M01IO8,GROWWDEFNC,EQ,,,,,GROWWAMC - GROWWDEFNC,81.89,82.2,80.5,80.77,82.0,81.89,,80.77,,,248115,20150822.2,3091,F1,1,,,,,
2025-09-24,2025-09-24,CM,NSE,STK,24798,INF666M01IH2,GROWWEV,EQ,,,,,GROWWAMC - GROWWEV,31.55,31.74,31.19,31.33,31.38,31.57,,31.33,,,167537,5275283.72,1943,F1,1,,,,,
2025-09-24,2025-09-24,CM,NSE,STK,25872,INF666M01IW1,GROWWGOLD,EQ,,,,,GROWWAMC - GROWWGOLD,112.38,112.8,111.5,111.89,111.5,112.47,,111.89,,,481318,53979696.85,3612,F1,1,,,,,
2025-09-24,2025-09-24,CM,NSE,STK,25447,INF666M01IP5,GROWWLIQID,EQ,,,,,GROWWAMC - GROWWLIQID,105.51,105.88,105.51,105.87,105.88,105.86,,105.87,,,153498,16252017.72,184,F1,1,,,,,
2025-09-24,2025-09-24,CM,NSE,STK,758300,INF666M01LB9,GROWWLOVOL,EQ,,,,,GROWWAMC - GROWWLOVOL,10.78,10.78,10.31,10.45,10.49,10.52,,10.45,,,11253,118184.16,221,F1,1,,,,,
2025-09-24,2025-09-24,CM,NSE,STK,756086,INF666M01KJ4,GROWWMOM50,EQ,,,,,GROWWAMC - GROWWMOM50,10.46,10.6,10.2,10.46,10.43,10.46,,10.46,,,392199,4103782.85,633,F1,1,,,,,
2025-09-24,2025-09-24,CM,NSE,STK,29872,INF666M01JV1,GROWWN200,EQ,,,,,GROWWAMC - GROWWN200,11.5,11.5,11.26,11.34,11.38,11.36,,11.34,,,48896,554542.53,498,F1,1,,,,,
2025-09-24,2025-09-24,CM,NSE,STK,757814,INF666M01LI4,GROWWNET,EQ,,,,,GROWWAMC - GROWWNET,10.87,11.01,10.7,10.72,10.77,10.85,,10.72,,,274243,2953016.33,795,F1,1,,,,,
2025-09-24,2025-09-24,CM,NSE,STK,758697,INF666M01LL8,GROWWNIFTY,EQ,,,,,GROWWAMC - GROWWNIFTY,10.01,10.17,10.01,10.06,10.08,10.11,,10.06,,,113613,1144342.73,1065,F1,1,,,,,
2025-09-24,2025-09-24,CM,NSE,STK,759458,INF666M01LZ8,GROWWNXT50,EQ,,,,,GROWWAMC - GROWWNXT50,69.0,71.0,68.8,69.24,70.6,69.86,,69.24,,,53688,3722809.0,406,F1,1,,,,,
2025-09-24,2025-09-24,CM,NSE,STK,758165,INF666M01LM6,GROWWPOWER,EQ,,,,,GROWWAMC - GROWWPOWER,10.7,10.7,10.28,10.32,10.31,10.44,,10.32,,,699893,7271886.12,1197,F1,1,,,,,
2025-09-24,2025-09-24,CM,NSE,STK,29527,INF666M01JJ6,GROWWRAIL,EQ,,,,,GROWWAMC - GROWWRAIL,35.9,35.9,35.3,35.36,35.41,35.83,,35.36,,,302475,10754563.69,4531,F1,1,,,,,
2025-09-24,2025-09-24,CM,NSE,STK,756827,INF666M01LA1,GROWWSLVR,EQ,,,,,GROWWAMC - GROWWSLVR,134.4,134.97,132.6,133.57,133.65,133.81,,133.57,,,443311,59308760.61,2695,F1,1,,,,,
2025-09-24,2025-09-24,CM,NSE,STK,6543,INE137I01015,GRPLTD,EQ,,,,,GRP LIMITED,2193.0,2360.6,2160.2,2300.4,2263.3,2192.6,,2301.8,,,8758,20071525.9,1888,F1,1,,,,,
2025-09-24,2025-09-24,CM,NSE,STK,23891,INE0SQY01018,GSMFOILS,ST,,,,,GSM FOILS LIMITED,226.75,226.75,217.65,220.6,220.2,227.65,,220.6,,,49000,10869750.0,47,F1,1000,,,,,
2025-09-24,2025-09-24,CM,NSE,STK,15347,INE871H01011,GSS,EQ,,,,,GSS INFOTECH LIMITED,27.08,27.08,26.85,26.88,26.85,27.08,,26.88,,,25768,693998.03,417,F1,1,,,,,
2025-09-24,2025-09-24,CM,NSE,STK,13745,INE221H01019,GTLINFRA,EQ,,,,,GTL INFRA.LTD,1.52,1.53,1.51,1.51,1.52,1.52,,1.51,,,20721018,31459895.75,14896,F1,1,,,,,
2025-09-24,2025-09-24,CM,NSE,STK,1162,INE043A01012,GTL,EQ,,,,,GTL LTD,9.35,9.54,9.22,9.4,9.54,9.32,,9.4,,,728676,6828057.62,1426,F1,1,,,,,
2025-09-24,2025-09-24,CM,NSE,STK,21195,INE869I01013,GTPL,EQ,,,,,GTPL HATHWAY LIMITED,112.01,115.29,111.81,114.64,114.85,112.61,,114.64,,,19714,2248530.9,587,F1,1,,,,,
2025-09-24,2025-09-24,CM,NSE,STK,11606,INE742B01025,GUFICBIO,EQ,,,,,GUFIC BIOSCIENCES LTD.,372.0,374.6,367.2,367.9,367.25,371.6,,367.9,,,33097,12265822.05,1825,F1,1,,,,,
2025-09-24,2025-09-24,CM,NSE,STK,1145,INE162A01010,GIPCL,EQ,,,,,GUJ IND POW CO. LTD,190.0,190.68,187.0,187.52,187.1,190.33,,187.52,,,156265,29429825.91,3672,F1,1,,,,,
2025-09-24,2025-09-24,CM,NSE,STK,1174,INE113A01013,GNFC,EQ,,,,,GUJ NAR VAL FER & CHEM L,503.65,504.9,500.3,501.25,500.9,503.65,,501.25,,,158142,79382820.4,5422,F1,1,,,,,
2025-09-24,2025-09-24,CM,NSE,STK,1247,INE026A01025,GSFC,EQ,,,,,GUJ STATE FERT & CHEM LTD,203.58,204.2,201.25,202.14,202.29,203.04,,202.14,,,956424,193745369.45,13049,F1,1,,,,,
2025-09-24,2025-09-24,CM,NSE,STK,14681,INE826C01016,GUJAPOLLO,BE,,,,,GUJ. APOLLO IND. LTD.,505.45,510.0,496.05,502.25,502.0,505.45,,502.3,,,34334,17386189.05,217,F1,1,,,,,
2025-09-24,2025-09-24,CM,NSE,STK,1267,INE186A01019,GUJALKALI,EQ,,,,,GUJARAT ALKALIES & CHEM,589.0,589.0,579.0,580.6,582.8,586.2,,580.65,,,32062,18717795.45,1572,F1,1,,,,,
2025-09-24,2025-09-24,CM,NSE,STK,8828,INE036B01030,GAEL,EQ,,,,,GUJARAT AMBUJA EXPORTS LT,109.69,109.69,107.8,108.02,107.91,109.15,,108.02,,,181239,19666594.04,3115,F1,1,,,,,
2025-09-24,2025-09-24,CM,NSE,STK,13750,INE09N301011,FLUOROCHEM,EQ,,,,,GUJARAT FLUOROCHEM LTD,3888.0,3888.0,3780.7,3793.4,3785.0,3864.5,,3793.5,,,79554,304743889.7,11613,F1,1,,,,,
2025-09-24,2025-09-24,CM,NSE,STK,10599,INE844O01030,GUJGASLTD,EQ,,,,,GUJARAT GAS LIMITED,432.95,435.55,429.05,434.2,434.0,432.95,,434.2,,,242421,104773352.35,5904,F1,1,,,,,
2025-09-24,2025-09-24,CM,NSE,STK,1156,INE540A01017,GLFL,EQ,,,,,GUJARAT LEASE FINANCING L,5.75,5.78,5.52,5.72,5.72,5.51,,5.55,,,15224,86242.38,79,F1,1,,,,,
2025-09-24,2025-09-24,CM,NSE,STK,5204,INE131A01031,GMDCLTD,EQ,,,,,GUJARAT MINERAL DEV CORP,626.15,631.45,603.0,606.2,604.2,627.4,,606.2,,,10022091,6157634611.55,117148,F1,1,,,,,
2025-09-24,2025-09-24,CM,NSE,STK,19731,INE517F01014,GPPL,EQ,,,,,GUJARAT PIPAVAV PORT LTD,155.6,156.31,152.85,153.21,153.0,155.48,,153.21,,,569027,87647613.59,11170,F1,1,,,,,
2025-09-24,2025-09-24,CM,NSE,STK,4548,INE610B01024,GUJRAFFIA,EQ,,,,,GUJARAT RAFFIA INDUST LTD,38.4,39.89,37.51,38.29,38.99,38.37,,38.36,,,3018,117049.24,250,F1,1,,,,,
2025-09-24,2025-09-24,CM,NSE,STK,13197,INE246F01010,GSPL,EQ,,,,,GUJARAT STATE PETRO LTD,323.45,323.75,315.25,320.85,320.2,322.1,,320.8,,,392976,125245820.25,13691,F1,1,,,,,
2025-09-24,2025-09-24,CM,NSE,STK,29731,INE942C01045,GUJTHEM,EQ,,,,,GUJARAT THEMIS BIOSYN LTD,402.15,414.1,396.9,411.65,409.5,409.4,,411.7,,,148405,60398248.05,6231,F1,1,,,,,
2025-09-24,2025-09-24,CM,NSE,STK,4391,INE635Q01029,GULFOILLUB,EQ,,,,,GULF OIL LUB. IND. LTD.,1221.2,1250.2,1218.7,1242.0,1241.0,1220.9,,1241.9,,,51930,64080643.4,5715,F1,1,,,,,
2025-09-24,2025-09-24,CM,NSE,STK,6286,INE255D01024,GULPOLY,EQ,,,,,GULSHAN POLYOLS LIMITED,155.65,158.69,153.1,154.19,153.32,155.11,,154.24,,,96764,15137381.67,1890,F1,1,,,,,
2025-09-24,2025-09-24,CM,NSE,STK,13229,INE251H01024,GVKPIL,BE,,,,,GVK POW. & INFRA LTD.,3.67,3.67,3.67,3.67,3.67,3.75,,3.67,,,366271,1344214.57,709,F1,1,,,,,
2025-09-24,2025-09-24,CM,NSE,STK,10865,INE382T01030,GVPTECH,EQ,,,,,GVP INFOTECH LIMITED,9.75,9.95,9.75,9.78,9.76,9.92,,9.78,,,46352,453531.36,200,F1,1,,,,,
2025-09-24,2025-09-24,CM,NSE,STK,758136,IN9382T01012,GVPTECHPP,E1,,,,,GVPTECH RE.1 PPD UP,4.75,4.75,4.35,4.6,4.6,4.65,,4.6,,,930,4178.92,12,F1,1,,,,,
2025-09-24,2025-09-24,CM,NSE,STK,1672,INE926X01010,HGINFRA,EQ,,,,,H.G.INFRA ENGINEERING LTD,992.85,996.8,973.15,975.15,974.5,992.85,,975.15,,,87665,86060155.75,9963,F1,1,,,,,
2025-09-24,2025-09-24,CM,NSE,STK,13595,INE596H01014,HGM,BE,,,,,HANDSON GBL MNGMNT LTD,78.01,82.0,78.01,79.22,79.8,79.52,,79.22,,,6049,483605.3,102,F1,1,,,,,
2025-09-24,2025-09-24,CM,NSE,STK,48,INE419U01012,HAPPSTMNDS,EQ,,,,,HAPPIEST MINDS TECHNO LTD,555.0,556.95,551.1,551.75,552.25,556.95,,551.75,,,137658,76065507.75,9256,F1,1,,,,,
2025-09-24,2025-09-24,CM,NSE,STK,20854,INE330T01021,HAPPYFORGE,EQ,,,,,HAPPY FORGINGS LIMITED,971.75,978.0,964.0,971.2,969.0,973.85,,971.2,,,20397,19821362.25,1596,F1,1,,,,,
2025-09-24,2025-09-24,CM,NSE,STK,757665,INE0TLP01015,WHITEFORCE,SM,,,,,HAPPY SQUARE OUTSOURC S L,81.0,81.6,76.3,76.3,76.3,80.2,,76.3,,,17600,1415840.0,9,F1,1600,,,,,
2025-09-24,2025-09-24,CM,NSE,STK,8962,INE626Z01029,HARDWYN,EQ,,,,,HARDWYN INDIA LIMITED,13.41,13.41,13.05,13.21,13.12,13.41,,13.22,,,120585,1594199.88,879,F1,1,,,,,
2025-09-24,2025-09-24,CM,NSE,STK,8968,INE00EV01017,HARIOMPIPE,EQ,,,,,HARIOM PIPE INDUSTRIES L,506.0,532.9,501.1,528.7,529.0,510.2,,528.75,,,429784,222837913.55,16349,F1,1,,,,,
2025-09-24,2025-09-24,CM,NSE,STK,1313,INE544A01019,HARRMALAYA,EQ,,,,,HARRISON MALAYALAM LTD,210.9,210.9,204.32,205.45,205.99,209.18,,205.44,,,10064,2076879.26,480,F1,1,,,,,
2025-09-24,2025-09-24,CM,NSE,STK,11162,INE0JUS01029,HARSHA,EQ,,,,,HARSHA ENGINEERS INT LTD,423.95,423.95,412.0,413.25,412.1,421.8,,413.25,,,24656,10263489.05,2197,F1,1,,,,,
2025-09-24,2025-09-24,CM,NSE,STK,18154,INE982F01036,HATHWAY,EQ,,,,,HATHWAY CABLE & DATACOM,14.77,14.78,14.41,14.47,14.48,14.75,,14.47,,,1814370,26474337.07,4088,F1,1,,,,,
2025-09-24,2025-09-24,CM,NSE,STK,3892,INE473B01035,HATSUN,EQ,,,,,HATSUN AGRO PRODUCT LTD.,908.4,908.4,898.0,901.75,901.0,902.5,,901.65,,,22279,20063881.75,2791,F1,1,,,,,
2025-09-24,2025-09-24,CM,NSE,STK,9819,INE176B01034,HAVELLS,EQ,,,,,HAVELLS INDIA LIMITED,1569.8,1571.6,1540.8,1544.5,1541.2,1572.3,,1544.5,,,732959,1135745809.3,29719,F1,1,,,,,
2025-09-24,2025-09-24,CM,NSE,STK,4118,INE550B01022,HBSL,BE,,,,,HB STOCKHOLDINGS LIMITED,78.0,78.2,76.0,76.17,78.18,76.05,,76.18,,,4003,310400.04,55,F1,1,,,,,
2025-09-24,2025-09-24,CM,NSE,STK,13966,INE292B01021,HBLENGINE,EQ,,,,,HBL ENGINEERING LTD,811.9,832.55,806.6,829.4,831.1,812.3,,829.4,,,869246,714461782.05,21953,F1,1,,,,,
2025-09-24,2025-09-24,CM,NSE,STK,1327,INE236A01020,HCL-INSYS,EQ,,,,,HCL INFOSYSTEMS LTD,15.54,15.68,15.15,15.25,15.25,15.54,,15.26,,,210877,3232506.71,1135,F1,1,,,,,
2025-09-24,2025-09-24,CM,NSE,STK,7229,INE860A01027,HCLTECH,EQ,,,,,HCL TECHNOLOGIES LTD,1425.1,1444.7,1420.0,1442.3,1440.2,1429.8,,1442.3,,,2894044,4160304912.3,117797,F1,1,,,,,
2025-09-24,2025-09-24,CM,NSE,STK,757772,INE756I01012,HDBFS,EQ,,,,,HDB FINANCIAL SERVICES L,776.0,781.0,771.05,772.9,772.9,774.6,,772.9,,,507487,393363575.05,25806,F1,1,,,,,
2025-09-24,2025-09-24,CM,NSE,STK,4244,INE127D01025,HDFCAMC,EQ,,,,,HDFC AMC LIMITED,5864.0,5900.0,5742.0,5790.0,5780.0,5883.5,,5790.0,,,281054,1629692109.5,29216,F1,1,,,,,
2025-09-24,2025-09-24,CM,NSE,STK,1333,INE040A01034,HDFCBANK,EQ,,,,,HDFC BANK LTD,952.2,956.45,943.0,951.05,951.0,957.2,,951.05,,,15117220,14349411269.75,248417,F1,1,,,,,
2025-09-24,2025-09-24,CM,NSE,STK,19543,INF179KC1981,HDFCGOLD,EQ,,,,,HDFC GOLD ETF,100.64,100.64,97.5,97.69,97.66,98.19,,97.69,,,6975456,681636622.72,10705,F1,1,,,,,
2025-09-24,2025-09-24,CM,NSE,STK,467,INE795G01014,HDFCLIFE,EQ,,,,,HDFC LIFE INS CO LTD,771.25,775.6,768.05,770.25,768.45,775.05,,770.25,,,1102305,849813376.95,65507,F1,1,,,,,
2025-09-24,2025-09-24,CM,NSE,STK,14230,INF179KC1EZ4,HDFCBSE500,EQ,,,,,HDFCAMC - HDFCBSE500,37.21,37.68,37.19,37.23,37.24,37.49,,37.23,,,101923,3804949.59,248,F1,1,,,,,
2025-09-24,2025-09-24,CM,NSE,STK,11241,INF179KC1DJ0,HDFCGROWTH,EQ,,,,,HDFCAMC - HDFCGROWTH,124.57,124.57,123.41,123.91,123.9,124.56,,123.91,,,8514,1055023.7,220,F1,1,,,,,
2025-09-24,2025-09-24,CM,NSE,STK,18279,INF179KC1JG3,HDFCLIQUID,EQ,,,,,HDFCAMC - HDFCLIQUID,1028.93,1028.93,1028.89,1028.92,1028.93,1028.75,,1028.92,,,53117,54653621.21,27,F1,1,,,,,
2025-09-24,2025-09-24,CM,NSE,STK,11547,INF179KC1HU8,HDFCLOWVOL,EQ,,,,,HDFCAMC - HDFCLOWVOL,20.87,20.93,20.72,20.81,20.93,20.9,,20.81,,,19384,403789.84,172,F1,1,,,,,
2025-09-24,2025-09-24,CM,NSE,STK,14236,INF179KC1HT0,HDFCMID150,EQ,,,,,HDFCAMC - HDFCMID150,22.05,22.05,21.69,21.73,21.85,21.98,,21.73,,,266022,5803428.08,1450,F1,1,,,,,
2025-09-24,2025-09-24,CM,NSE,STK,11538,INF179KC1HV6,HDFCMOMENT,EQ,,,,,HDFCAMC - HDFCMOMENT,30.31,31.17,30.31,30.82,30.9,31.09,,30.82,,,344143,10628710.1,1015,F1,1,,,,,
2025-09-24,2025-09-24,CM,NSE,STK,10619,INF179KC1HS2,HDFCNEXT50,EQ,,,,,HDFCAMC - HDFCNEXT50,70.9,71.57,70.0,70.24,70.95,70.92,,70.24,,,59070,4160068.18,704,F1,1,,,,,
2025-09-24,2025-09-24,CM,NSE,STK,10633,INF179KC1HR4,HDFCNIF100,EQ,,,,,HDFCAMC - HDFCNIF100,26.78,26.78,26.37,26.49,26.45,26.65,,26.46,,,47148,1249546.99,466,F1,1,,,,,
2025-09-24,2025-09-24,CM,NSE,STK,22433,INF179KC1HY0,HDFCNIFBAN,EQ,,,,,HDFCAMC - HDFCNIFBAN,56.97,57.03,56.46,56.57,56.59,56.96,,56.57,,,31915,1806827.03,331,F1,1,,,,,
2025-09-24,2025-09-24,CM,NSE,STK,12101,INF179KC1IA8,HDFCNIFIT,EQ,,,,,HDFCAMC - HDFCNIFIT,37.07,37.07,36.58,36.65,36.58,36.89,,36.65,,,71499,2624071.36,383,F1,1,,,,,
2025-09-24,2025-09-24,CM,NSE,STK,11591,INF179KC1965,HDFCNIFTY,EQ,,,,,HDFCAMC - HDFCNIFTY,279.55,281.28,279.55,280.11,280.4,281.23,,280.12,,,85502,23950782.93,598,F1,1,,,,,
2025-09-24,2025-09-24,CM,NSE,STK,12108,INF179KC1HZ7,HDFCPVTBAN,EQ,,,,,HDFCAMC - HDFCPVTBAN,26.75,27.6,26.75,27.33,27.41,27.44,,27.34,,,16800,459223.03,297,F1,1,,,,,
2025-09-24,2025-09-24,CM,NSE,STK,11255,INF179KC1DL6,HDFCQUAL,EQ,,,,,HDFCAMC - HDFCQUAL,58.81,58.94,58.36,58.61,58.94,58.81,,58.69,,,3937,230540.54,167,F1,1,,,,,
2025-09-24,2025-09-24,CM,NSE,STK,11593,INF179KC1HX2,HDFCSENSEX,EQ,,,,,HDFCAMC - HDFCSENSEX,92.32,92.65,91.71,91.91,92.4,92.13,,91.94,,,11606,1068736.96,331,F1,1,,,,,
2025-09-24,2025-09-24,CM,NSE,STK,10876,INF179KC1DI2,HDFCSILVER,EQ,,,,,HDFCAMC - HDFCSILVER,133.44,133.44,129.85,130.39,130.64,130.19,,130.39,,,6532858,850837739.04,7630,F1,1,,,,,
2025-09-24,2025-09-24,CM,NSE,STK,14233,INF179KC1FB2,HDFCSML250,EQ,,,,,HDFCAMC - HDFCSML250,174.49,174.49,172.35,172.64,172.5,173.49,,172.53,,,646950,112051967.91,8512,F1,1,,,,,
2025-09-24,2025-09-24,CM,NSE,STK,11260,INF179KC1DK8,HDFCVALUE,EQ,,,,,HDFCAMC - HDFCVALUE,134.04,134.34,133.39,133.42,133.99,134.5,,133.42,,,14748,1971070.51,111,F1,1,,,,,
2025-09-24,2025-09-24,CM,NSE,STK,22595,INF179KC1HW4,HDFCPSUBK,EQ,,,,,HDFCAMC HDFCPSUBK,75.5,76.14,74.94,75.07,75.0,74.94,,75.07,,,52797,3991304.27,284,F1,1,,,,,
2025-09-24,2025-09-24,CM,NSE,STK,19205,INE759V01019,HEADSUP,EQ,,,,,HEADS UP VENTURES LIMITED,10.77,11.2,10.77,11.1,11.18,10.77,,11.1,,,20433,225586.78,436,F1,1,,,,,
2025-09-24,2025-09-24,CM,NSE,STK,15555,INE075I01017,HCG,EQ,,,,,HEALTHCARE GLOB. ENT. LTD,661.45,664.2,648.15,650.55,650.1,659.65,,650.55,,,87772,57474765.5,7053,F1,1,,,,,
2025-09-24,2025-09-24,CM,NSE,STK,7425,INE558R01013,HECPROJECT,EQ,,,,,HEC INFRA PROJECTS LTD,148.97,148.97,141.0,142.19,143.99,145.42,,142.19,,,5881,845742.79,252,F1,1,,,,,
2025-09-24,2025-09-24,CM,NSE,STK,1336,INE545A01024,HEG,EQ,,,,,HEG LTD,518.0,526.0,517.0,521.9,520.9,519.35,,521.9,,,522066,272294602.35,12610,F1,1,,,,,
2025-09-24,2025-09-24,CM,NSE,STK,2316,INE578A01017,HEIDELBERG,EQ,,,,,HEIDELBERGCEMENT (I) LTD,212.5,213.42,206.8,207.32,207.9,212.76,,207.32,,,153467,32129209.28,5467,F1,1,,,,,
2025-09-24,2025-09-24,CM,NSE,STK,701,INE0AJG01018,HEMIPROP,EQ,,,,,HEMISPHERE PROP IND LTD,173.98,174.35,167.32,168.33,168.0,173.93,,168.33,,,660799,111941518.63,10278,F1,1,,,,,
2025-09-24,2025-09-24,CM,NSE,STK,2614,INE694N01015,HERANBA,EQ,,,,,HERANBA INDUSTRIES LTD,315.5,317.95,308.0,309.05,310.0,313.85,,309.05,,,37884,11833066.7,1441,F1,1,,,,,
2025-09-24,2025-09-24,CM,NSE,STK,15288,INE688E01024,HERCULES,EQ,,,,,HERCULES HOI. LTD.,178.3,184.6,177.11,178.69,177.11,181.13,,178.62,,,25749,4669848.97,2738,F1,1,,,,,
2025-09-24,2025-09-24,CM,NSE,STK,4598,INE978A01027,HERITGFOOD,EQ,,,,,HERITAGE FOODS LTD,537.9,538.25,515.8,520.15,520.0,533.45,,520.25,,,485812,255313813.3,14914,F1,1,,,,,
2025-09-24,2025-09-24,CM,NSE,STK,1348,INE158A01026,HEROMOTOCO,EQ,,,,,HERO MOTOCORP LIMITED,5370.0,5376.0,5265.0,5277.0,5270.0,5370.5,,5277.0,,,410267,2175395558.0,44352,F1,1,,,,,
2025-09-24,2025-09-24,CM,NSE,STK,7048,INE782E01017,HESTERBIO,EQ,,,,,HESTER BIOSCIENCES LTD,1979.6,1983.0,1950.0,1958.6,1960.0,1978.1,,1958.8,,,2151,4220669.7,367,F1,1,,,,,
2025-09-24,2025-09-24,CM,NSE,STK,715,INE492A01029,HEUBACHIND,EQ,,,,,HEUBACH COLORANTS IND LTD,598.0,599.8,592.55,592.9,593.05,596.85,,592.85,,,8448,5025169.2,399,F1,1,,,,,
2025-09-24,2025-09-24,CM,NSE,STK,27008,INE750M01017,HEXATRADEX,EQ,,,,,HEXA TRADEX LIMITED,177.43,182.7,175.0,176.88,177.38,177.68,,176.83,,,14982,2670919.56,298,F1,1,,,,,
2025-09-24,2025-09-24,CM,NSE,STK,29666,INE093A01041,HEXT,EQ,,,,,HEXAWARE TECHNOLOGIES LTD,692.0,709.05,680.2,703.8,700.0,689.35,,703.8,,,3229757,2266250293.85,90545,F1,1,,,,,
2025-09-24,2025-09-24,CM,NSE,STK,21951,INE548A01028,HFCL,EQ,,,,,HFCL LIMITED,76.3,76.56,74.52,75.67,75.4,75.34,,75.67,,,13673226,1034900199.68,31711,F1,1,,,,,
2025-09-24,2025-09-24,CM,NSE,STK,18794,INE0PIC01017,HIGREEN,SM,,,,,HI GREEN CARBON LIMITED,216.6,216.6,210.15,210.9,211.5,213.7,,210.9,,,5600,1192520.0,7,F1,800,,,,,
2025-09-24,2025-09-24,CM,NSE,STK,2868,INE106T01025,HITECH,EQ,,,,,HI-TECH PIPES LIMITED,122.0,122.3,118.81,120.39,120.15,122.09,,120.39,,,2872089,345964446.85,20262,F1,1,,,,,
2025-09-24,2025-09-24,CM,NSE,STK,759103,INE00RL01028,HILINFRA,EQ,,,,,HIGHWAY INFRASTRUCTURE L,86.0,86.58,84.25,84.83,84.89,85.81,,84.83,,,332399,28394733.49,4122,F1,1,,,,,
2025-09-24,2025-09-24,CM,NSE,STK,9668,INE475B01022,HIKAL,EQ,,,,,HIKAL LIMITED,262.45,282.7,258.0,259.85,259.5,260.1,,259.85,,,3311819,894729453.35,67148,F1,1,,,,,
2025-09-24,2025-09-24,CM,NSE,STK,14627,INE788H01017,HILTON,EQ,,,,,HILTON METAL FORGING LTD,52.5,53.25,51.5,51.75,51.95,52.24,,51.76,,,69888,3650535.64,520,F1,1,,,,,
2025-09-24,2025-09-24,CM,NSE,STK,14334,INE019C01026,HSCL,EQ,,,,,HIMADRI SPECIALITY CHEM L,453.0,487.8,445.55,467.85,468.3,451.65,,467.85,,,25572771,12032985438.5,253725,F1,1,,,,,
2025-09-24,2025-09-24,CM,NSE,STK,1360,INE049A01027,HIMATSEIDE,EQ,,,,,HIMATSINGKA SEIDE LTD,128.9,129.12,124.36,125.39,125.5,129.15,,125.39,,,323831,40916265.91,4595,F1,1,,,,,
2025-09-24,2025-09-24,CM,NSE,STK,13890,INE835D01023,HIRECT,EQ,,,,,HIND RECTIFIER LIMITED,1692.6,1735.0,1690.0,1699.6,1698.0,1691.6,,1699.7,,,33447,57258899.3,4280,F1,1,,,,,
2025-09-24,2025-09-24,CM,NSE,STK,1363,INE038A01020,HINDALCO,EQ,,,,,HINDALCO  INDUSTRIES  LTD,744.0,748.95,737.7,741.05,741.2,745.9,,741.05,,,2415165,1796817537.2,61717,F1,1,,,,,
2025-09-24,2025-09-24,CM,NSE,STK,4920,INE642Y01029,HINDCON,EQ,,,,,HINDCON CHEMICALS LIMITED,33.0,33.0,32.15,32.58,32.68,33.02,,32.58,,,20187,656421.3,257,F1,1,,,,,
2025-09-24,2025-09-24,CM,NSE,STK,11796,INE05X901010,HPIL,EQ,,,,,HINDPRAKASH INDUSTRY LTD,132.55,136.0,131.61,134.57,136.0,131.91,,134.57,,,1921,256704.43,72,F1,1,,,,,
2025-09-24,2025-09-24,CM,NSE,STK,14712,INE170I01016,HGS,EQ,,,,,HINDUJA GLOBAL SOLS. LTD.,517.7,522.2,515.0,516.8,515.0,517.7,,516.8,,,7905,4099648.2,1016,F1,1,,,,,
2025-09-24,2025-09-24,CM,NSE,STK,2303,INE066F01020,HAL,EQ,,,,,HINDUSTAN AERONAUTICS LTD,4797.0,4816.8,4715.0,4723.9,4715.0,4799.9,,4723.9,,,718629,3417222216.4,61591,F1,1,,,,,
2025-09-24,2025-09-24,CM,NSE,STK,1372,INE310C01029,HINDCOMPOS,EQ,,,,,HINDUSTAN COMPOSITES LTD.,467.45,478.0,465.3,470.85,473.55,469.35,,470.9,,,4918,2325377.5,516,F1,1,,,,,
2025-09-24,2025-09-24,CM,NSE,STK,1375,INE549A01026,HCC,EQ,,,,,HINDUSTAN CONSTRUCTION CO,29.64,29.8,28.6,28.74,28.8,29.46,,28.74,,,10013625,292069917.79,20233,F1,1,,,,,
2025-09-24,2025-09-24,CM,NSE,STK,17939,INE531E01026,HINDCOPPER,EQ,,,,,HINDUSTAN COPPER LTD,308.05,313.9,305.52,308.71,308.1,307.43,,308.69,,,13482206,4179006708.82,107306,F1,1,,,,,
2025-09-24,2025-09-24,CM,NSE,STK,12173,INE254N01026,HNDFDS,EQ,,,,,HINDUSTAN FOODS LIMITED,552.6,558.2,539.5,541.2,545.0,551.1,,541.2,,,32770,17885314.75,3027,F1,1,,,,,
2025-09-24,2025-09-24,CM,NSE,STK,19211,INE871K01015,HMVL,EQ,,,,,HINDUSTAN MEDIA VENT LTD,84.7,86.4,84.7,85.57,85.5,85.0,,85.64,,,12543,1073174.48,289,F1,1,,,,,
2025-09-24,2025-09-24,CM,NSE,STK,21676,INE253A01025,HINDMOTORS,EQ,,,,,HINDUSTAN MOTORS LIMITED,20.79,21.59,20.79,21.28,21.25,20.79,,21.27,,,1330953,28374418.1,5081,F1,1,,,,,
2025-09-24,2025-09-24,CM,NSE,STK,1403,INE345A01011,HINDOILEXP,EQ,,,,,HINDUSTAN OIL EXPLORATION,174.5,177.05,173.13,175.58,174.8,174.59,,175.57,,,238261,41738373.13,3491,F1,1,,,,,
2025-09-24,2025-09-24,CM,NSE,STK,1406,INE094A01015,HINDPETRO,EQ,,,,,HINDUSTAN PETROLEUM CORP,426.0,431.0,422.75,424.9,425.1,424.3,,424.9,,,7158456,3048226495.7,95176,F1,1,,,,,
2025-09-24,2025-09-24,CM,NSE,STK,1394,INE030A01027,HINDUNILVR,EQ,,,,,HINDUSTAN UNILEVER LTD.,2522.2,2576.0,2510.0,2549.5,2556.6,2522.2,,2549.5,,,1882881,4809338011.9,113008,F1,1,,,,,
2025-09-24,2025-09-24,CM,NSE,STK,1424,INE267A01025,HINDZINC,EQ,,,,,HINDUSTAN ZINC LIMITED,463.0,463.9,452.0,452.9,453.0,461.5,,452.9,,,2695976,1231499750.05,35830,F1,1,,,,,
2025-09-24,2025-09-24,CM,NSE,STK,15883,INE05AN01011,HINDWAREAP,EQ,,,,,HINDWARE HME INOVATON LTD,321.6,322.5,308.0,310.2,312.0,323.6,,310.25,,,148992,46657310.7,6639,F1,1,,,,,
2025-09-24,2025-09-24,CM,NSE,STK,19322,INE598C01011,HISARMETAL,EQ,,,,,HISAR METAL IND. LIMITED,186.0,187.65,182.37,183.43,183.0,183.65,,183.5,,,1771,328596.1,123,F1,1,,,,,
2025-09-24,2025-09-24,CM,NSE,STK,18457,INE07Y701011,POWERINDIA,EQ,,,,,HITACHI ENERGY INDIA LTD,19089.0,19150.0,18850.0,18997.0,18999.0,18995.0,,18997.0,,,53592,1018423335.0,14644,F1,1,,,,,
2025-09-24,2025-09-24,CM,NSE,STK,15161,INE120D01012,HITECHCORP,EQ,,,,,HITECH CORPORATION LTD,203.89,204.74,200.0,200.24,200.0,203.4,,200.27,,,4185,844804.35,357,F1,1,,,,,
2025-09-24,2025-09-24,CM,NSE,STK,2289,INE461D01028,HLEGLAS,EQ,,,,,HLE GLASCOAT LIMITED,533.05,534.7,515.35,518.35,517.55,531.45,,518.25,,,107503,56353440.45,6819,F1,1,,,,,
2025-09-24,2025-09-24,CM,NSE,STK,1448,INE102A01024,HLVLTD,EQ,,,,,HLV LIMITED,12.0,12.08,11.8,11.97,12.07,11.95,,11.95,,,309246,3683382.94,1041,F1,1,,,,,
2025-09-24,2025-09-24,CM,NSE,STK,17053,INE0ECP01024,HMAAGRO,EQ,,,,,HMA AGRO INDUSTRIES LTD,33.03,33.33,32.0,32.14,32.17,33.03,,32.14,,,140318,4585376.38,1055,F1,1,,,,,
2025-09-24,2025-09-24,CM,NSE,STK,19698,INE262A01018,HMT,BZ,,,,,HMT LTD -,63.05,63.5,61.1,61.51,61.35,63.43,,61.51,,,12605,780800.5,175,F1,1,,,,,
2025-09-24,2025-09-24,CM,NSE,STK,23822,INE0S6S01017,HOACFOODS,SM,,,,,HOAC FOODS INDIA LIMITED,241.95,242.9,236.1,236.45,236.1,236.1,,236.45,,,9750,2342775.0,12,F1,750,,,,,
2025-09-24,2025-09-24,CM,NSE,STK,18649,INE0LXA01019,HOLMARC,SM,,,,,HOLMARC OPTO MECHATRO L,115.25,115.25,114.5,114.5,114.5,120.5,,114.5,,,11250,1290862.5,15,F1,750,,,,,
2025-09-24,2025-09-24,CM,NSE,STK,2056,INE481N01025,HOMEFIRST,EQ,,,,,HOME FIRST FIN CO IND LTD,1260.1,1300.0,1254.5,1278.8,1282.0,1266.0,,1278.8,,,457820,583579014.1,16327,F1,1,,,,,
2025-09-24,2025-09-24,CM,NSE,STK,13526,INE0N7F01017,HOMESFY,SM,,,,,HOMESFY REALTY LIMITED,229.55,240.0,229.55,239.1,240.0,240.0,,239.1,,,2400,568275.0,6,F1,300,,,,,
2025-09-24,2025-09-24,CM,NSE,STK,19813,INE0J5401028,HONASA,EQ,,,,,HONASA CONSUMER LIMITED,301.45,302.75,298.9,300.2,300.0,301.1,,300.2,,,155637,46736526.35,6973,F1,1,,,,,
2025-09-24,2025-09-24,CM,NSE,STK,3138,INE634A01018,HONDAPOWER,EQ,,,,,HONDA I POWER PRODUCT LTD,2872.9,2900.0,2820.0,2830.8,2868.8,2867.2,,2830.7,,,4333,12304681.0,1280,F1,1,,,,,
2025-09-24,2025-09-24,CM,NSE,STK,3417,INE671A01010,HONAUT,EQ,,,,,HONEYWELL AUTOMATION IND,36805.0,37030.0,36500.0,36570.0,36545.0,36805.0,,36570.0,,,2390,87765670.0,1680,F1,1,,,,,
2025-09-24,2025-09-24,CM,NSE,STK,17920,INE191I01012,HDIL,BZ,,,,,HOUSING DEV & INFRA LTD,3.04,3.1,3.0,3.04,3.05,3.01,,3.04,,,53546,162845.68,194,F1,1,,,,,
2025-09-24,2025-09-24,CM,NSE,STK,7376,INE0GSL01024,HPAL,EQ,,,,,HP ADHESIVES LIMITED,48.3,48.35,46.25,46.96,46.8,48.04,,46.97,,,78014,3712205.42,1007,F1,1,,,,,
2025-09-24,2025-09-24,CM,NSE,STK,29875,INE0VA601019,HPTL,SM,,,,,HP TELECOM INDIA LIMITED,249.95,252.75,231.0,241.4,246.0,229.8,,241.4,,,87600,20951340.0,39,F1,1200,,,,,
2025-09-24,2025-09-24,CM,NSE,STK,18679,INE495S01016,HPL,EQ,,,,,HPL ELECTRIC & POWER LTD,477.0,479.3,465.0,467.2,466.5,472.95,,467.1,,,133659,62854216.6,6678,F1,1,,,,,
2025-09-24,2025-09-24,CM,NSE,STK,21107,INE0R3501012,HRHNEXT,SM,,,,,HRH NEXT SERVICES LIMITED,31.9,31.9,31.8,31.8,31.8,33.45,,31.8,,,9000,286350.0,6,F1,1500,,,,,
2025-09-24,2025-09-24,CM,NSE,STK,20825,INE031A01017,HUDCO,EQ,,,,,HSG & URBAN DEV CORPN LTD,235.0,237.7,231.91,232.54,232.52,235.23,,232.53,,,2982315,700065366.04,25175,F1,1,,,,,
2025-09-24,2025-09-24,CM,NSE,STK,11982,INE501G01024,HTMEDIA,BE,,,,,HT MEDIA LIMITED,26.6,27.0,26.25,26.73,26.73,26.99,,26.73,,,68699,1833209.51,236,F1,1,,,,,
2025-09-24,2025-09-24,CM,NSE,STK,14203,INE703H01016,HUBTOWN,EQ,,,,,HUBTOWN LIMITED,325.85,328.65,321.0,321.85,322.0,323.85,,321.85,,,316393,102421276.55,5485,F1,1,,,,,
2025-09-24,2025-09-24,CM,NSE,STK,2562,INE275B01026,HUHTAMAKI,EQ,,,,,HUHTAMAKI INDIA LIMITED,236.39,241.1,234.85,235.86,236.0,236.39,,235.9,,,212232,50617200.66,3781,F1,1,,,,,
2025-09-24,2025-09-24,CM,NSE,STK,25708,INE0TO501019,HVAX,SM,,,,,HVAX TECHNOLOGIES LIMITED,999.95,999.95,980.0,980.0,980.0,937.75,,980.0,,,2700,2678070.0,9,F1,300,,,,,
2025-09-24,2025-09-24,CM,NSE,STK,12809,INE965B01022,HYBRIDFIN,EQ,,,,,HYBRID FINANCIAL SERVICE,15.8,15.8,14.6,14.75,14.68,14.71,,14.75,,,12555,188419.43,164,F1,1,,,,,
2025-09-24,2025-09-24,CM,NSE,STK,25844,INE0V6F01027,HYUNDAI,EQ,,,,,HYUNDAI MOTOR INDIA LTD,2725.1,2771.0,2701.0,2755.7,2767.0,2721.5,,2755.8,,,680435,1864209743.4,52955,F1,1,,,,,
2025-09-24,2025-09-24,CM,NSE,STK,14086,INE204A01010,IGPL,EQ,,,,,I G PETROCHEMICALS LTD,424.0,430.0,424.0,425.6,426.0,426.6,,425.5,,,14595,6210536.25,552,F1,1,,,,,
2025-09-24,2025-09-24,CM,NSE,STK,6977,INE613B01010,ICDSLTD,EQ,,,,,ICDS LTD,54.33,54.94,53.1,54.3,54.3,54.94,,54.3,,,3273,176914.84,63,F1,1,,,,,
2025-09-24,2025-09-24,CM,NSE,STK,489,INE520Y01019,ICEMAKE,EQ,,,,,ICE MAKE REFRIGERAT LTD,774.9,784.1,767.3,771.3,774.0,770.75,,771.3,,,10827,8406544.35,1146,F1,1,,,,,
2025-09-24,2025-09-24,CM,NSE,STK,4963,INE090A01021,ICICIBANK,EQ,,,,,ICICI BANK LTD.,1386.4,1390.9,1376.5,1382.7,1383.0,1394.3,,1382.7,,,9735678,13456684266.1,210851,F1,1,,,,,
2025-09-24,2025-09-24,CM,NSE,STK,21770,INE765G01017,ICICIGI,EQ,,,,,ICICI LOMBARD GIC LIMITED,1870.4,1899.3,1866.8,1878.4,1879.9,1894.7,,1878.4,,,821515,1545537529.0,19247,F1,1,,,,,
2025-09-24,2025-09-24,CM,NSE,STK,21254,INF109KC19U5,LOWVOLIETF,EQ,,,,,ICICI PR NIF LW VL 30 ETF,22.44,22.56,22.31,22.38,22.43,22.44,,22.38,,,498263,11154402.27,982,F1,1,,,,,
2025-09-24,2025-09-24,CM,NSE,STK,18652,INE726G01019,ICICIPRULI,EQ,,,,,ICICI PRU LIFE INS CO LTD,600.85,602.6,594.15,596.65,596.0,600.85,,596.65,,,775181,463192492.85,22800,F1,1,,,,,
2025-09-24,2025-09-24,CM,NSE,STK,17702,INF109KC10W0,MIDSELIETF,EQ,,,,,ICICI PRUD MIDCAP SEL ETF,17.28,17.75,17.28,17.56,17.63,17.73,,17.56,,,127938,2250002.19,738,F1,1,,,,,
2025-09-24,2025-09-24,CM,NSE,STK,30392,INF109KC16V9,NIF100IETF,EQ,,,,,ICICI PRUD NIFTY 100 ETF,28.74,28.75,28.54,28.62,28.66,28.75,,28.63,,,45134,1292384.99,1009,F1,1,,,,,
2025-09-24,2025-09-24,CM,NSE,STK,29553,INF109K012R6,NIFTYIETF,EQ,,,,,ICICI PRUD NIFTY ETF,283.45,283.45,281.04,281.58,281.6,283.0,,281.58,,,499795,140902909.95,9097,F1,1,,,,,
2025-09-24,2025-09-24,CM,NSE,STK,4378,INF346A01034,SENSEXIETF,EQ,,,,,ICICI PRUD SENSEX ETF,937.0,937.0,930.0,932.68,935.0,937.19,,932.73,,,2607,2432052.32,360,F1,1,,,,,
2025-09-24,2025-09-24,CM,NSE,STK,19679,INF109KC1NT3,GOLDIETF,EQ,,,,,ICICI PRUDENTIAL GOLD ETF,98.04,98.81,95.9,97.81,97.7,98.36,,97.81,,,7559487,740252748.17,22954,F1,1,,,,,
2025-09-24,2025-09-24,CM,NSE,STK,17475,INF109KC11V0,NV20IETF,EQ,,,,,ICICI PRUDENTIAL NV20 ETF,14.71,14.71,14.4,14.51,14.53,14.55,,14.51,,,440997,6388025.76,1701,F1,1,,,,,
2025-09-24,2025-09-24,CM,NSE,STK,522,INF109KB15Y7,ICICIB22,EQ,,,,,ICICIPRAMC - BHARATIWIN,109.7,111.42,109.7,110.82,110.85,111.0,,110.82,,,383353,42639523.5,2222,F1,1,,,,,
2025-09-24,2025-09-24,CM,NSE,STK,30139,INF109K1A021,CASHIETF,EQ,,,,,ICICIPRAMC - CASHIETF,1029.32,1029.34,1029.32,1029.32,1029.34,1029.17,,1029.32,,,1318860,1357534321.2,97,F1,1,,,,,
2025-09-24,2025-09-24,CM,NSE,STK,755881,INF109K1A153,EVIETF,EQ,,,,,ICICIPRAMC - EVIETF,31.99,31.99,31.5,31.52,31.59,31.78,,31.52,,,125708,3983021.33,578,F1,1,,,,,
2025-09-24,2025-09-24,CM,NSE,STK,13143,INF109KC18O0,GSEC10IETF,EQ,,,,,ICICIPRAMC - ICICI10GS,258.52,258.54,258.51,258.51,258.51,258.52,,258.51,,,226,58427.38,9,F1,1,,,,,
2025-09-24,2025-09-24,CM,NSE,STK,3001,INF109KC1V59,BSE500IETF,EQ,,,,,ICICIPRAMC - ICICI500,39.78,39.78,39.1,39.15,39.21,39.45,,39.15,,,72127,2833340.16,874,F1,1,,,,,
2025-09-24,2025-09-24,CM,NSE,STK,8342,INF109KC14A8,GSEC5IETF,EQ,,,,,ICICIPRAMC - ICICI5GSEC,63.39,63.53,63.04,63.49,63.16,63.28,,63.49,,,33707,2133440.82,39,F1,1,,,,,
2025-09-24,2025-09-24,CM,NSE,STK,22344,INF109KC17V7,ALPL30IETF,EQ,,,,,ICICIPRAMC - ICICIALPLV,27.53,27.6,27.35,27.4,27.45,27.52,,27.4,,,181662,4982104.59,1212,F1,1,,,,,
2025-09-24,2025-09-24,CM,NSE,STK,7844,INF109KC10V2,AUTOIETF,EQ,,,,,ICICIPRAMC - ICICIAUTO,28.14,28.21,27.79,27.81,27.95,28.14,,27.81,,,690220,19278611.94,2861,F1,1,,,,,
2025-09-24,2025-09-24,CM,NSE,STK,11386,INF109KC18U7,PVTBANIETF,EQ,,,,,ICICIPRAMC - ICICIBANKP,27.29,27.29,26.96,27.0,27.09,27.25,,27.0,,,599662,16222707.21,1274,F1,1,,,,,
2025-09-24,2025-09-24,CM,NSE,STK,13198,INF109KC19O8,COMMOIETF,EQ,,,,,ICICIPRAMC - ICICICOMMO,92.87,92.87,91.15,91.65,91.5,92.41,,91.65,,,111587,10265040.36,495,F1,1,,,,,
2025-09-24,2025-09-24,CM,NSE,STK,6446,INF109KC1V42,CONSUMIETF,EQ,,,,,ICICIPRAMC - ICICICONSU,128.2,128.45,126.9,127.15,127.48,127.74,,127.18,,,22527,2868841.63,310,F1,1,,,,,
2025-09-24,2025-09-24,CM,NSE,STK,5306,INF109KC19V3,FMCGIETF,EQ,,,,,ICICIPRAMC - ICICIFMCG,59.06,59.4,58.86,59.08,59.16,59.04,,59.08,,,1097887,64940788.13,3369,F1,1,,,,,
2025-09-24,2025-09-24,CM,NSE,STK,10723,INF109KC16E5,INFRAIETF,EQ,,,,,ICICIPRAMC - ICICIINFRA,94.63,94.77,93.8,94.08,94.15,94.63,,94.08,,,94549,8903852.65,952,F1,1,,,,,
2025-09-24,2025-09-24,CM,NSE,STK,4838,INF109KC1KT9,LIQUIDIETF,EQ,,,,,ICICIPRAMC - ICICILIQ,1000.0,1000.01,999.99,999.99,1000.0,999.99,,999.99,,,461128,461127822.84,186,F1,1,,,,,
2025-09-24,2025-09-24,CM,NSE,STK,17152,INF109KC11W8,MIDCAPIETF,EQ,,,,,ICICIPRAMC - ICICIM150,22.0,22.53,22.0,22.21,22.34,22.4,,22.21,,,596106,13274150.41,2139,F1,1,,,,,
2025-09-24,2025-09-24,CM,NSE,STK,10585,INF109KC17C7,MOM30IETF,EQ,,,,,ICICIPRAMC - ICICIMOM30,31.47,31.47,31.02,31.05,31.11,31.35,,31.05,,,784997,24431761.41,3293,F1,1,,,,,
2025-09-24,2025-09-24,CM,NSE,STK,4529,INF109KC1NS5,NEXT50IETF,EQ,,,,,ICICIPRAMC - ICICINXT50,73.34,73.34,72.23,72.31,72.53,73.07,,72.3,,,460996,33464831.51,5970,F1,1,,,,,
2025-09-24,2025-09-24,CM,NSE,STK,3626,INF109KC1Q72,HEALTHIETF,EQ,,,,,ICICIPRAMC - ICICIPHARM,150.26,150.3,149.13,149.3,149.35,150.27,,149.3,,,44447,6642567.56,931,F1,1,,,,,
2025-09-24,2025-09-24,CM,NSE,STK,17808,INF109KC18V5,QUAL30IETF,EQ,,,,,ICICIPRAMC - ICICIQTY30,21.45,21.5,21.26,21.33,21.5,21.45,,21.33,,,123241,2632100.49,326,F1,1,,,,,
2025-09-24,2025-09-24,CM,NSE,STK,7942,INF109KC1Y56,SILVERIETF,EQ,,,,,ICICIPRAMC - ICICISILVE,138.37,138.37,134.75,134.85,134.97,135.0,,134.85,,,15844033,2142721042.87,15499,F1,1,,,,,
2025-09-24,2025-09-24,CM,NSE,STK,22365,INF109KC16I6,ITIETF,EQ,,,,,ICICIPRAMC - ICICITECH,38.32,38.52,38.05,38.16,38.19,38.47,,38.16,,,434092,16563361.25,1506,F1,1,,,,,
2025-09-24,2025-09-24,CM,NSE,STK,11037,INF109KC15I8,BANKIETF,EQ,,,,,ICICIPRAMC - IPRU5008,56.99,57.02,56.31,56.34,56.32,56.77,,56.34,,,369508,20873405.86,2240,F1,1,,,,,
2025-09-24,2025-09-24,CM,NSE,STK,24861,INF109KC19W1,METALIETF,EQ,,,,,ICICIPRAMC - METALIETF,10.18,10.6,10.08,10.1,10.1,10.18,,10.1,,,3777782,38290127.66,3109,F1,1,,,,,
2025-09-24,2025-09-24,CM,NSE,STK,24533,INF109KC18W3,OILIETF,EQ,,,,,ICICIPRAMC - OILIETF,11.47,11.51,11.4,11.42,11.44,11.46,,11.42,,,1430495,16344974.1,1719,F1,1,,,,,
2025-09-24,2025-09-24,CM,NSE,STK,14584,INF109KC10S8,PSUBNKIETF,EQ,,,,,ICICIPRAMC - PSUBANKICI,76.12,76.53,75.06,75.19,75.07,75.4,,75.18,,,440880,33477875.87,1110,F1,1,,,,,
2025-09-24,2025-09-24,CM,NSE,STK,757781,INF109K1A344,TOP15IETF,EQ,,,,,ICICIPRAMC - TOP15IETF,10.65,10.65,10.53,10.55,10.56,10.6,,10.55,,,34766,366838.05,134,F1,1,,,,,
2025-09-24,2025-09-24,CM,NSE,STK,25851,INF109KC16X5,VAL30IETF,EQ,,,,,ICICIPRAMC - VAL30IETF,13.47,13.53,13.4,13.42,13.42,13.48,,13.42,,,95962,1292450.25,317,F1,1,,,,,
2025-09-24,2025-09-24,CM,NSE,STK,12578,INF109KC17L8,FINIETF,EQ,,,,,ICICIPRAMC-ICICIFIN,30.75,30.8,30.5,30.55,30.63,30.76,,30.55,,,147120,4506339.51,909,F1,1,,,,,
2025-09-24,2025-09-24,CM,NSE,STK,14523,INE725G01011,ICRA,EQ,,,,,ICRA LIMITED,6733.0,6733.0,6560.0,6585.0,6611.0,6679.5,,6585.0,,,2099,13843249.5,1536,F1,1,,,,,
2025-09-24,2025-09-24,CM,NSE,STK,1476,INE008A01015,IDBI,EQ,,,,,IDBI BANK LIMITED,93.23,94.15,91.81,92.01,92.08,93.23,,92.01,,,5679735,527517056.75,20070,F1,1,,,,,
2025-09-24,2025-09-24,CM,NSE,STK,17140,INE349Y01013,IDEAFORGE,EQ,,,,,IDEAFORGE TECHNO LTD,535.0,551.0,522.0,533.25,531.1,532.9,,533.25,,,866517,465402672.25,34834,F1,1,,,,,
2025-09-24,2025-09-24,CM,NSE,STK,24956,INE0T9I01011,IDEALTECHO,ST,,,,,IDEAL TECHNOPLAST IND LTD,189.1,202.0,189.1,202.0,202.0,197.0,,202.0,,,2000,391100.0,2,F1,1000,,,,,
2025-09-24,2025-09-24,CM,NSE,STK,28574,INE0TD101011,IDENTICAL,SM,,,,,IDENTICAL BRAINS STUDIO L,40.8,40.9,40.8,40.9,40.9,39.5,,40.9,,,6000,245100.0,3,F1,2000,,,,,
2025-09-24,2025-09-24,CM,NSE,STK,11184,INE092T01019,IDFCFIRSTB,EQ,,,,,IDFC FIRST BANK LIMITED,70.6,71.31,69.89,70.04,70.09,70.51,,70.04,,,17448652,1228038844.22,64711,F1,1,,,,,
2025-09-24,2025-09-24,CM,NSE,STK,1482,INE076C01018,IFBAGRO,EQ,,,,,IFB AGRO INDUSTRIES LTD,854.55,854.55,811.65,842.3,849.0,813.9,,842.4,,,19853,16786394.2,916,F1,1,,,,,
2025-09-24,2025-09-24,CM,NSE,STK,1485,INE559A01017,IFBIND,EQ,,,,,IFB INDUSTRIES LTD,1748.0,1905.0,1732.0,1840.0,1826.0,1748.0,,1839.8,,,353566,652259248.9,39543,F1,1,,,,,
2025-09-24,2025-09-24,CM,NSE,STK,1491,INE039A01010,IFCI,EQ,,,,,IFCI LTD,57.5,57.56,56.02,56.37,56.2,57.26,,56.37,,,3841330,218103096.2,15776,F1,1,,,,,
2025-09-24,2025-09-24,CM,NSE,STK,436,INE133Y01011,IFGLEXPOR,EQ,,,,,IFGL REFRACTORIES LIMITED,247.5,279.9,247.35,265.93,266.0,253.16,,265.92,,,478368,128030691.02,14903,F1,1,,,,,
2025-09-24,2025-09-24,CM,NSE,STK,634,INE188B01013,IGARASHI,EQ,,,,,IGARASHI MOTORS INDIA LTD,524.0,528.3,513.75,515.6,516.05,525.1,,515.6,,,41124,21406710.5,3597,F1,1,,,,,
2025-09-24,2025-09-24,CM,NSE,STK,13072,INE489L01022,IIFLCAPS,EQ,,,,,IIFL CAPITAL SERVICES LTD,296.35,298.2,289.9,290.95,291.6,298.45,,290.95,,,307939,90256976.75,10017,F1,1,,,,,
2025-09-24,2025-09-24,CM,NSE,STK,11809,INE530B01024,IIFL,EQ,,,,,IIFL FINANCE LIMITED,450.0,452.55,440.1,441.75,440.1,451.0,,441.75,,,528922,235476926.55,12326,F1,1,,,,,
2025-09-24,2025-09-24,CM,NSE,STK,756140,INE530B07542,IIFL210425,NW,,,,,IIFL TR I SR II,1025.8,1045.0,1025.8,1045.0,1045.0,1025.8,,1045.0,,,193,201416.2,3,F1,1,,,,,
2025-09-24,2025-09-24,CM,NSE,STK,16822,INE0LOJ01019,IKIO,EQ,,,,,IKIO TECHNOLOGIES LIMITED,222.3,224.32,220.2,220.87,220.2,223.83,,220.89,,,50737,11253992.28,2553,F1,1,,,,,
2025-09-24,2025-09-24,CM,NSE,STK,9380,INE369I01014,IL&FSENGG,BZ,,,,,IL&FS ENG AND CONS CO LTD,31.52,32.0,29.72,31.15,31.15,31.29,,31.49,,,30799,944238.11,99,F1,1,,,,,
2025-09-24,2025-09-24,CM,NSE,STK,6711,INE050B01023,IVC,EQ,,,,,IL&FS INVESTMENT MANAGERS,8.49,8.49,8.3,8.31,8.3,8.37,,8.31,,,98593,824319.29,664,F1,1,,,,,
2025-09-24,2025-09-24,CM,NSE,STK,9381,INE975G01012,IL&FSTRANS,BZ,,,,,IL&FS TRANS NET LTD,3.1,3.18,3.07,3.14,3.14,3.14,,3.14,,,41750,131262.34,83,F1,1,,,,,
2025-09-24,2025-09-24,CM,NSE,STK,7672,INE172N01012,IMAGICAA,EQ,,,,,IMAGICAAWORLD ENT LTD,56.4,58.43,55.8,57.34,57.03,55.69,,57.34,,,1423978,81818917.36,13837,F1,1,,,,,
2025-09-24,2025-09-24,CM,NSE,STK,25881,INE691G01015,IMPEXFERRO,BZ,,,,,IMPEX FERRO TECH LIMITED,2.07,2.07,1.97,2.03,2.03,2.05,,2.02,,,3045,6051.18,15,F1,1,,,,,
2025-09-24,2025-09-24,CM,NSE,STK,17507,INE452L01012,INCREDIBLE,EQ,,,,,INCREDIBLE INDUSTRIES LTD,46.5,47.38,45.5,46.13,46.11,46.96,,46.14,,,9800,459807.05,107,F1,1,,,,,
2025-09-24,2025-09-24,CM,NSE,STK,12009,INE547E01014,IMPAL,EQ,,,,,IND MOTOR PART & ACC LTD,1064.0,1083.45,1058.35,1062.8,1058.35,1058.95,,1062.8,,,3500,3752305.9,444,F1,1,,,,,
2025-09-24,2025-09-24,CM,NSE,STK,8706,INE915B01019,INDSWFTLAB,BE,,,,,IND SWIFT LABORATORIES LT,103.89,105.38,103.13,103.64,103.62,103.9,,103.74,,,22610,2353074.28,131,F1,1,,,,,
2025-09-24,2025-09-24,CM,NSE,STK,21957,INE611L01021,INDTERRAIN,EQ,,,,,IND TERRAIN FASHIONS LTD,35.5,35.85,33.76,33.91,34.0,34.64,,33.91,,,57695,1974646.76,1157,F1,1,,,,,
2025-09-24,2025-09-24,CM,NSE,STK,16933,INE841B01017,INDBANK,EQ,,,,,INDBANK MERCH BANK,33.1,33.67,32.5,32.62,32.79,32.8,,32.63,,,144173,4749017.49,1079,F1,1,,,,,
2025-09-24,2025-09-24,CM,NSE,STK,29678,INE0O9T01021,BAJAJINDEF,EQ,,,,,INDEF MANUFACTURING LTD,380.0,399.1,378.1,388.3,390.0,383.95,,388.15,,,20733,8145631.65,856,F1,1,,,,,
2025-09-24,2025-09-24,CM,NSE,STK,23693,INE065X01017,INDGN,EQ,,,,,INDEGENE LIMITED,571.0,574.8,568.0,572.35,572.55,574.8,,572.35,,,237175,135569994.7,7961,F1,1,,,,,
2025-09-24,2025-09-24,CM,NSE,STK,1521,INE560A01023,INDIAGLYCO,EQ,,,,,INDIA GLYCOLS LTD,883.0,888.05,865.95,874.85,870.3,883.3,,874.55,,,154471,135484856.45,9331,F1,1,,,,,
2025-09-24,2025-09-24,CM,NSE,STK,4747,INE092B01025,INDNIPPON,EQ,,,,,INDIA NIPPON ELECT  LTD,1010.0,1010.0,955.9,967.6,970.45,1000.0,,967.85,,,61477,60380533.4,10553,F1,1,,,,,
2025-09-24,2025-09-24,CM,NSE,STK,4934,INE0D6701023,IPL,EQ,,,,,INDIA PESTICIDES LIMITED,225.98,226.91,218.22,219.18,218.22,226.78,,219.17,,,285997,63080664.98,7490,F1,1,,,,,
2025-09-24,2025-09-24,CM,NSE,STK,20556,INE922K01024,INDIASHLTR,EQ,,,,,INDIA SHELTER FIN CORP L,882.8,900.65,876.25,890.15,889.0,883.0,,890.1,,,107813,96081565.4,8528,F1,1,,,,,
2025-09-24,2025-09-24,CM,NSE,STK,19299,INE353K01014,ITDC,EQ,,,,,INDIA TOUR. DEV. CO. LTD.,615.0,625.05,605.25,606.1,606.9,620.4,,606.1,,,24071,14694293.55,2949,F1,1,,,,,
2025-09-24,2025-09-24,CM,NSE,STK,13307,INE059901020,IEL,BE,,,,,INDIABULLS ENT LTD,21.03,21.03,20.2,20.2,20.2,20.62,,20.27,,,87060,1795790.19,119,F1,1,,,,,
2025-09-24,2025-09-24,CM,NSE,STK,10726,INE933S01016,INDIAMART,EQ,,,,,INDIAMART INTERMESH LTD,2399.4,2404.6,2343.0,2376.7,2375.0,2391.0,,2376.7,,,142665,338704108.3,24262,F1,1,,,,,
2025-09-24,2025-09-24,CM,NSE,STK,14309,INE562A01011,INDIANB,EQ,,,,,INDIAN BANK,697.2,722.0,697.0,708.2,708.0,695.1,,708.2,,,5440713,3879541747.6,148534,F1,1,,,,,
2025-09-24,2025-09-24,CM,NSE,STK,4422,INE061A01014,INDIANCARD,EQ,,,,,INDIAN CARD CLOTHING CO.,269.85,273.0,268.6,269.45,273.0,270.9,,269.45,,,3419,927221.5,187,F1,1,,,,,
2025-09-24,2025-09-24,CM,NSE,STK,23789,INE0RRU01016,IEML,SM,,,,,INDIAN EMULSIFIERS LTD,154.15,158.5,142.6,143.65,142.6,157.3,,143.65,,,223500,32953250.0,298,F1,500,,,,,
2025-09-24,2025-09-24,CM,NSE,STK,220,INE022Q01020,IEX,EQ,,,,,INDIAN ENERGY EXC LTD,143.5,144.0,140.0,140.41,140.19,143.91,,140.41,,,4001048,567491372.94,71647,F1,1,,,,,
2025-09-24,2025-09-24,CM,NSE,STK,1530,INE323C01030,INDIANHUME,EQ,,,,,INDIAN HUME PIPE CO. LTD.,376.4,384.25,374.5,375.45,374.75,378.0,,375.4,,,18787,7115630.4,1951,F1,1,,,,,
2025-09-24,2025-09-24,CM,NSE,STK,19235,INE919H01018,IMFA,EQ,,,,,INDIAN METALS & FERRO,1164.5,1186.4,1144.0,1174.75,1174.0,1162.2,,1174.7,,,211143,247194625.2,20610,F1,1,,,,,
2025-09-24,2025-09-24,CM,NSE,STK,1624,INE242A01010,IOC,EQ,,,,,INDIAN OIL CORP LTD,148.03,148.89,146.51,146.77,146.74,148.24,,146.77,,,6288775,927279712.37,39145,F1,1,,,,,
2025-09-24,2025-09-24,CM,NSE,STK,9348,INE565A01014,IOB,EQ,,,,,INDIAN OVERSEAS BANK,40.0,41.08,39.4,39.53,39.47,39.65,,39.53,,,14041803,563678922.26,26838,F1,1,,,,,
2025-09-24,2025-09-24,CM,NSE,STK,25033,INE0DHF01018,IPHL,SM,,,,,INDIAN PHOSPHATE LIMITED,54.0,55.75,54.0,55.4,55.4,53.6,,55.4,,,15600,862980.0,13,F1,1200,,,,,
2025-09-24,2025-09-24,CM,NSE,STK,13611,INE335Y01020,IRCTC,EQ,,,,,INDIAN RAIL TOUR CORP LTD,722.05,724.85,714.0,715.45,715.95,722.6,,715.45,,,773061,555110313.8,28612,F1,1,,,,,
2025-09-24,2025-09-24,CM,NSE,STK,2029,INE053F01010,IRFC,EQ,,,,,INDIAN RAILWAY FIN CORP L,127.3,127.72,125.31,125.59,125.59,127.29,,125.59,,,4543381,574267489.65,37563,F1,1,,,,,
2025-09-24,2025-09-24,CM,NSE,STK,20261,INE202E01016,IREDA,EQ,,,,,INDIAN RENEWABLE ENERGY,155.5,156.3,152.2,152.68,152.67,155.64,,152.68,,,5142721,794055712.05,37841,F1,1,,,,,
2025-09-24,2025-09-24,CM,NSE,STK,21061,INE0PS301014,INDIFRA,ST,,,,,INDIFRA LIMITED,17.9,17.9,17.9,17.9,17.9,18.85,,17.9,,,2000,35800.0,1,F1,2000,,,,,
2025-09-24,2025-09-24,CM,NSE,STK,2048,INE09VQ01012,INDIGOPNTS,EQ,,,,,INDIGO PAINTS LIMITED,1099.1,1103.0,1096.0,1099.7,1099.8,1098.5,,1099.7,,,44597,49030240.1,5643,F1,1,,,,,
2025-09-24,2025-09-24,CM,NSE,STK,20988,INE219X23014,INDIGRID,IV,,,,,INDIGRID INFRASTRUCT TRST,168.0,168.0,166.75,167.49,167.5,166.77,,167.51,,,421290,70548479.86,1259,F1,1,,,,,
2025-09-24,2025-09-24,CM,NSE,STK,757845,INE06ST01018,INDIQUBE,EQ,,,,,INDIQUBE SPACES LIMITED,235.0,241.0,226.6,232.1,231.05,237.4,,231.89,,,487011,115078408.3,13537,F1,1,,,,,
2025-09-24,2025-09-24,CM,NSE,STK,9116,INE760F01028,INDOAMIN,EQ,,,,,INDO AMINES LIMITED,140.4,143.24,137.5,137.89,137.9,141.14,,137.84,,,96188,13380509.2,2159,F1,1,,,,,
2025-09-24,2025-09-24,CM,NSE,STK,8623,INE803D01021,INDOBORAX,BE,,,,,INDO BORAX & CHEMICAL LTD,238.06,244.65,233.35,236.41,239.7,241.89,,236.56,,,11571,2762581.45,204,F1,1,,,,,
2025-09-24,2025-09-24,CM,NSE,STK,11987,INE483B01026,ICIL,EQ,,,,,INDO COUNT INDUSTRIES LTD,287.0,290.2,282.0,283.58,283.0,288.77,,283.6,,,96993,27564052.56,5951,F1,1,,,,,
2025-09-24,2025-09-24,CM,NSE,STK,29025,INE622H01018,INDOFARM,EQ,,,,,INDO FARM EQUIPMENT LTD,263.9,264.99,247.73,249.61,249.12,265.43,,249.58,,,445427,114074376.85,12654,F1,1,,,,,
2025-09-24,2025-09-24,CM,NSE,STK,10993,INE156A01020,INDORAMA,EQ,,,,,INDO RAMA SYNTHETICS LTD,55.5,55.5,53.75,54.47,54.7,55.04,,54.48,,,83231,4538883.99,991,F1,1,,,,,
2025-09-24,2025-09-24,CM,NSE,STK,13275,INE332H01014,INDOTECH,EQ,,,,,INDO TECH TRANSFORM LTD.,1782.0,1798.6,1758.0,1766.6,1758.0,1781.8,,1766.7,,,7860,13963942.9,1189,F1,1,,,,,
2025-09-24,2025-09-24,CM,NSE,STK,25608,INE337M01021,INDOTHAI,EQ,,,,,INDO THAI SEC LTD,232.0,240.7,231.51,240.28,240.65,230.8,,240.29,,,959168,227335361.11,5737,F1,1,,,,,
2025-09-24,2025-09-24,CM,NSE,STK,25503,INE250Z01010,INDOUS,EQ,,,,,INDO US BIOTECH LTD,139.53,141.38,136.75,138.06,138.2,139.53,,137.88,,,22450,3103724.9,690,F1,1,,,,,
2025-09-24,2025-09-24,CM,NSE,STK,6782,INE567A01028,NIPPOBATRY,EQ,,,,,INDO-NATIONAL LIMITED,478.8,478.8,460.05,461.85,464.0,469.9,,461.85,,,1997,931401.45,239,F1,1,,,,,
2025-09-24,2025-09-24,CM,NSE,STK,11677,INE873D01024,INDOCO,EQ,,,,,INDOCO REMEDIES LTD.,302.0,309.0,301.0,302.45,302.0,301.9,,302.45,,,61514,18748367.5,3789,F1,1,,,,,
2025-09-24,2025-09-24,CM,NSE,STK,757801,INE05J901018,IGCL,EQ,,,,,INDOGULF CROPSCIENCES LTD,108.6,110.34,105.1,105.83,106.0,108.6,,105.85,,,342077,36913143.55,3789,F1,1,,,,,
2025-09-24,2025-09-24,CM,NSE,STK,3088,INE896L01010,INDOSTAR,EQ,,,,,INDOSTAR CAPITAL FIN LTD,265.0,269.0,258.5,259.2,260.0,266.45,,259.25,,,98169,25717029.15,3241,F1,1,,,,,
2025-09-24,2025-09-24,CM,NSE,STK,14952,INE227G01018,INDOWIND,EQ,,,,,INDOWIND ENERGY LTD,17.01,17.3,16.72,16.81,16.77,16.93,,16.81,,,76865,1299299.45,594,F1,1,,,,,
2025-09-24,2025-09-24,CM,NSE,STK,11262,INE203G01027,IGL,EQ,,,,,INDRAPRASTHA GAS LTD,208.13,209.18,206.14,207.57,207.0,208.69,,207.55,,,1520999,315956984.55,22840,F1,1,,,,,
2025-09-24,2025-09-24,CM,NSE,STK,4751,INE681B01017,INDRAMEDCO,EQ,,,,,INDRAPRASTHA MEDICAL CORP,462.2,467.55,457.05,457.7,457.3,461.95,,457.7,,,105478,48448694.1,5099,F1,1,,,,,
2025-09-24,2025-09-24,CM,NSE,STK,23036,INE0NHL23019,INDUSINVIT,IV,,,,,INDUS INFRA TRUST,115.51,117.74,115.5,116.59,116.1,115.51,,116.56,,,28970,3388527.33,300,F1,1,,,,,
2025-09-24,2025-09-24,CM,NSE,STK,29135,INE121J01017,INDUSTOWER,EQ,,,,,INDUS TOWERS LIMITED,359.1,363.35,355.55,358.15,360.0,359.1,,358.15,,,7448879,2679939997.55,62608,F1,1,,,,,
2025-09-24,2025-09-24,CM,NSE,STK,5258,INE095A01012,INDUSINDBK,EQ,,,,,INDUSIND BANK LIMITED,755.25,758.95,738.9,740.75,741.9,755.25,,740.75,,,2993982,2238361252.05,94508,F1,1,,,,,
2025-09-24,2025-09-24,CM,NSE,STK,19525,INE886A01014,IITL,EQ,,,,,INDUSTRIAL INV TRUST LTD,188.0,188.0,180.43,182.48,181.0,181.87,,182.48,,,10090,1840978.98,62,F1,1,,,,,
2025-09-24,2025-09-24,CM,NSE,STK,16249,INE483S01020,INFIBEAM,EQ,,,,,INFIBEAM AVENUES LIMITED,16.5,16.69,16.31,16.52,16.52,16.63,,16.52,,,12228949,201294631.6,11732,F1,1,,,,,
2025-09-24,2025-09-24,CM,NSE,STK,757943,IN9483S01010,INFIBPP,E1,,,,,INFIBEAM RE.0.5 PPD UP,10.25,10.52,10.15,10.43,10.31,10.42,,10.43,,,517905,5394952.75,364,F1,1,,,,,
2025-09-24,2025-09-24,CM,NSE,STK,15036,INE0MRE01011,INFINIUM,SM,,,,,INFINIUM PHARMACHEM LTD,247.0,252.5,247.0,252.5,252.5,253.5,,252.5,,,1000,249750.0,2,F1,500,,,,,
2025-09-24,2025-09-24,CM,NSE,STK,757605,INE0MYZ01012,INFLUX,ST,,,,,INFLUX HEALTHTECH LIMITED,182.1,188.7,180.0,185.1,185.1,183.0,,185.1,,,13200,2421840.0,11,F1,1200,,,,,
2025-09-24,2025-09-24,CM,NSE,STK,13751,INE663F01032,NAUKRI,EQ,,,,,INFO EDGE (I) LTD,1391.0,1405.6,1375.0,1385.3,1385.0,1393.9,,1385.3,,,1082692,1503465817.3,58468,F1,1,,,,,
2025-09-24,2025-09-24,CM,NSE,STK,11027,INE344S01016,INFOBEAN,EQ,,,,,INFOBEANS TECHNO. LTD.,537.7,540.95,515.0,518.95,521.0,533.8,,518.95,,,53030,27829644.75,2488,F1,1,,,,,
2025-09-24,2025-09-24,CM,NSE,STK,16588,INE0NNZ01013,INFOLLION,SM,,,,,INFOLLION RESEARCH SER L,469.65,469.65,468.0,468.35,468.0,465.0,,468.35,,,1200,562540.0,3,F1,400,,,,,
2025-09-24,2025-09-24,CM,NSE,STK,13694,INE669A01022,INFOMEDIA,BE,,,,,INFOMEDIA PRESS LIMITED,6.21,6.52,6.03,6.11,6.11,6.21,,7.02,,,721,4575.67,10,F1,1,,,,,
2025-09-24,2025-09-24,CM,NSE,STK,1594,INE009A01021,INFY,EQ,,,,,INFOSYS LIMITED,1487.2,1496.7,1482.7,1494.6,1494.9,1497.5,,1494.6,,,4937004,7361023173.7,143787,F1,1,,,,,
2025-09-24,2025-09-24,CM,NSE,STK,1597,INE177A01018,INGERRAND,EQ,,,,,INGERSOLL-RAND INDIA LTD,3980.0,3999.8,3906.1,3978.2,3980.1,4001.9,,3978.2,,,112261,440524625.4,3008,F1,1,,,,,
2025-09-24,2025-09-24,CM,NSE,STK,25320,INE0S1D01010,INNOMET,SM,,,,,INNOMET ADVANCED MATERI L,169.5,169.5,166.0,169.0,169.0,164.85,,169.0,,,8400,1411560.0,6,F1,1200,,,,,
2025-09-24,2025-09-24,CM,NSE,STK,21062,INE0DUT01020,INNOVACAP,EQ,,,,,INNOVA CAPTAB LIMITED,868.0,868.0,840.1,851.35,848.3,869.4,,851.3,,,33473,28506949.05,6630,F1,1,,,,,
2025-09-24,2025-09-24,CM,NSE,STK,27773,INE403Y01018,INNOVANA,BE,,,,,INNOVANA THINKLABS LTD,524.05,524.05,509.0,513.3,520.85,524.05,,513.1,,,2190,1125017.2,38,F1,1,,,,,
2025-09-24,2025-09-24,CM,NSE,STK,27266,INE070Y01023,ITTL,ST,,,,,INNOVATIVE TYRE & TUBE LT,101.95,101.95,101.95,101.95,101.95,104.0,,101.95,,,105,10704.75,1,F1,105,,,,,
2025-09-24,2025-09-24,CM,NSE,STK,12188,INE510W01014,INOXGREEN,EQ,,,,,INOX GREEN ENERGY SER LTD,201.63,205.94,195.2,196.28,195.43,202.63,,196.26,,,1748269,347381280.38,16533,F1,1,,,,,
2025-09-24,2025-09-24,CM,NSE,STK,20607,INE616N01034,INOXINDIA,EQ,,,,,INOX INDIA LIMITED,1212.9,1225.2,1206.6,1211.2,1212.7,1211.5,,1211.2,,,54438,66044583.9,6322,F1,1,,,,,
2025-09-24,2025-09-24,CM,NSE,STK,7852,INE066P01011,INOXWIND,EQ,,,,,INOX WIND LIMITED,149.5,149.98,144.02,144.31,144.48,149.63,,144.32,,,4208993,614362045.73,29679,F1,1,,,,,
2025-09-24,2025-09-24,CM,NSE,STK,14657,INE070I01018,INSECTICID,EQ,,,,,INSECTICIDES (I) LTD,773.1,775.2,753.25,761.75,758.25,772.1,,761.75,,,24962,19114317.45,2205,F1,1,,,,,
2025-09-24,2025-09-24,CM,NSE,STK,19154,INE0NDX01019,INSPIRE,SM,,,,,INSPIRE FILMS LIMITED,17.2,17.3,17.2,17.3,17.3,17.05,,17.3,,,6000,103600.0,3,F1,2000,,,,,
2025-09-24,2025-09-24,CM,NSE,STK,13734,INE020G01017,INSPIRISYS,BE,,,,,INSPIRISYS SOLUTIONS LTD,94.02,95.9,91.0,91.85,94.6,93.73,,91.94,,,3183,294573.92,38,F1,1,,,,,
2025-09-24,2025-09-24,CM,NSE,STK,30323,INE418N01035,ESSENTIA,EQ,,,,,INTEGRA ESSENTIA LIMITED,1.89,1.92,1.85,1.88,1.89,1.89,,1.88,,,3092739,5823851.6,1440,F1,1,,,,,
2025-09-24,2025-09-24,CM,NSE,STK,757902,INE0YSH01017,INTEGRITY,SM,,,,,INTEGRITY INFRABUILD DE L,102.5,102.5,100.3,100.3,100.3,100.5,,100.3,,,4800,489240.0,3,F1,1200,,,,,
2025-09-24,2025-09-24,CM,NSE,STK,5926,INE306R01017,INTELLECT,EQ,,,,,INTELLECT DESIGN ARENA,1060.0,1060.0,1025.25,1029.05,1025.95,1062.65,,1029.05,,,160825,166856639.0,14823,F1,1,,,,,
2025-09-24,2025-09-24,CM,NSE,STK,20071,INE781A01025,INTENTECH,EQ,,,,,INTENSE TECHNOLOGIES LTD,137.25,140.97,125.5,127.7,127.01,137.77,,127.67,,,430873,57246616.01,6781,F1,1,,,,,
2025-09-24,2025-09-24,CM,NSE,STK,24909,INE00M901018,INTERARCH,EQ,,,,,INTERARCH BLDNG SOLTN LTD,2053.5,2067.0,1996.1,2011.3,2009.0,2062.0,,2011.3,,,39478,79832834.2,3625,F1,1,,,,,
2025-09-24,2025-09-24,CM,NSE,STK,11195,INE646L01027,INDIGO,EQ,,,,,INTERGLOBE AVIATION LTD,5745.0,5757.5,5663.0,5686.0,5698.0,5732.0,,5686.0,,,690321,3940199421.5,46902,F1,1,,,,,
2025-09-24,2025-09-24,CM,NSE,STK,22770,INE0OPC01015,INM,SM,,,,,INTERIORS & MORE LIMITED,591.0,602.05,591.0,596.0,596.0,600.0,,596.0,,,1800,1074915.0,6,F1,300,,,,,
2025-09-24,2025-09-24,CM,NSE,STK,28378,INE0Q9301021,IGIL,EQ,,,,,INTERNATIO GEMM INS (I) L,366.0,367.7,360.35,363.6,361.2,366.75,,363.6,,,207754,75464967.7,8544,F1,1,,,,,
2025-09-24,2025-09-24,CM,NSE,STK,5606,INE575C01027,INTLCONV,EQ,,,,,INTL CONVEYORS LIMITED,103.08,105.25,100.18,103.76,103.9,102.2,,103.97,,,681183,70417125.11,7336,F1,1,,,,,
2025-09-24,2025-09-24,CM,NSE,STK,18479,INE566K01011,ISFT,EQ,,,,,INTRASOFT TECH. LTD,106.89,106.89,102.2,102.69,102.56,104.72,,102.68,,,23694,2458299.81,910,F1,1,,,,,
2025-09-24,2025-09-24,CM,NSE,STK,24870,INE878H01024,INVENTURE,EQ,,,,,INVENTURE GRO & SEC LTD,1.58,1.6,1.54,1.55,1.54,1.58,,1.55,,,775183,1214592.83,687,F1,1,,,,,
2025-09-24,2025-09-24,CM,NSE,STK,28125,INE115Q01022,IKS,EQ,,,,,INVENTURUS KNOWLEDGE SO L,1512.0,1523.5,1496.5,1508.1,1504.7,1515.5,,1508.1,,,105620,159676786.2,7342,F1,1,,,,,
2025-09-24,2025-09-24,CM,NSE,STK,18292,INF205K01361,IVZINGOLD,EQ,,,,,INVESCO INDIA GOLD ETF,9950.0,9960.0,9910.0,9930.15,9930.0,10004.0,,9923.25,,,3134,31152442.65,156,F1,1,,,,,
2025-09-24,2025-09-24,CM,NSE,STK,24217,INF205K01DA9,IVZINNIFTY,EQ,,,,,INVESCO INDIA NIFTY ETF,2864.45,2865.12,2851.39,2855.61,2853.0,2865.12,,2855.61,,,34,97268.03,11,F1,1,,,,,
2025-09-24,2025-09-24,CM,NSE,STK,20413,INE485C01029,IOLCP,EQ,,,,,IOL CHEM AND PHARMA LTD,115.2,116.74,113.35,114.55,114.05,114.77,,114.55,,,2999542,345076517.62,26802,F1,1,,,,,
2025-09-24,2025-09-24,CM,NSE,STK,1630,INE570A01022,IONEXCHANG,EQ,,,,,ION EXCHANGE (INDIA) LTD,423.5,426.25,420.05,421.35,421.0,424.9,,421.35,,,74691,31540727.95,6844,F1,1,,,,,
2025-09-24,2025-09-24,CM,NSE,STK,1633,INE571A01038,IPCALAB,EQ,,,,,IPCA LABORATORIES LTD,1388.2,1388.2,1337.8,1348.4,1348.0,1395.2,,1348.5,,,118793,161438490.3,10635,F1,1,,,,,
2025-09-24,2025-09-24,CM,NSE,STK,15313,INE821I01022,IRB,EQ,,,,,IRB INFRA DEV LTD.,43.0,43.38,42.32,42.41,42.5,43.12,,42.41,,,7706276,329235306.1,24347,F1,1,,,,,
2025-09-24,2025-09-24,CM,NSE,STK,20817,INE183W23014,IRBINVIT,IV,,,,,IRB INVIT FUND,62.98,63.0,62.8,62.99,63.0,62.98,,62.99,,,179163,11283111.39,664,F1,1,,,,,
2025-09-24,2025-09-24,CM,NSE,STK,4986,INE962Y01021,IRCON,EQ,,,,,IRCON INTERNATIONAL LTD,179.9,179.9,174.2,174.92,174.99,179.29,,174.93,,,1921321,339854246.43,24413,F1,1,,,,,
2025-09-24,2025-09-24,CM,NSE,STK,1393,INE202E07153,880IREDA34,N6,,,,,IREDA 8.80NCDTR I SR IIIB,1265.0,1265.0,1265.0,1265.0,1265.0,1260.26,,1265.0,,,26,32890.0,5,F1,1,,,,,
2025-09-24,2025-09-24,CM,NSE,STK,6501,INE864K01010,IRIS,BE,,,,,IRIS BUSINESS SERV LTD,325.5,334.0,325.0,325.25,325.05,326.2,,325.25,,,3174,1035015.0,86,F1,1,,,,,
2025-09-24,2025-09-24,CM,NSE,STK,2278,INE01GN01025,IRISDOREME,BE,,,,,IRIS CLOTHINGS LIMITED,31.68,32.1,31.5,31.62,31.5,31.95,,31.62,,,27760,880666.6,87,F1,1,,,,,
2025-09-24,2025-09-24,CM,NSE,STK,19597,INE07U701015,IRMENERGY,EQ,,,,,IRM ENERGY LIMITED,358.2,368.7,356.05,364.55,364.25,367.35,,364.5,,,717546,259755605.5,15293,F1,1,,,,,
2025-09-24,2025-09-24,CM,NSE,STK,29533,INE413U07384,950ISF27,N0,,,,,ISF 9.50% 2027,72900.0,72900.0,72900.0,72900.0,72900.0,69673.6,,72900.0,,,1,72900.0,1,F1,1,,,,,
2025-09-24,2025-09-24,CM,NSE,STK,756069,INE413U07392,950ISF27A,N0,,,,,ISF 9.50% 2027,97000.0,97000.0,97000.0,97000.0,97000.0,99000.0,,97000.0,,,2,194000.0,1,F1,1,,,,,
2025-09-24,2025-09-24,CM,NSE,STK,3329,INE858B01029,ISGEC,EQ,,,,,ISGEC HEAVY ENG LTD,944.0,953.4,937.75,945.55,942.0,944.1,,945.55,,,28002,26467399.9,2765,F1,1,,,,,
2025-09-24,2025-09-24,CM,NSE,STK,30252,INE561M01018,ISHANCH,BE,,,,,ISHAN DYES N CHEMICALS L,61.9,62.65,60.0,61.83,62.0,62.2,,61.58,,,17225,1057565.16,68,F1,1,,,,,
2025-09-24,2025-09-24,CM,NSE,STK,10995,INE0LCW01025,ISHAN,SM,,,,,ISHAN INTERNATIONAL LTD,0.9,0.9,0.9,0.9,0.9,0.85,,0.9,,,240000,216000.0,5,F1,48000,,,,,
2025-09-24,2025-09-24,CM,NSE,STK,22645,INE0R7R01018,ITALIANE,SM,,,,,ITALIAN EDIBLES LIMITED,34.9,35.0,34.0,35.0,35.0,33.3,,35.0,,,8000,277200.0,4,F1,2000,,,,,
2025-09-24,2025-09-24,CM,NSE,STK,29251,INE379A01028,ITCHOTELS,EQ,,,,,ITC HOTELS LIMITED,237.0,237.0,227.63,228.25,228.25,237.1,,228.24,,,3699091,854318878.55,58776,F1,1,,,,,
2025-09-24,2025-09-24,CM,NSE,STK,1660,INE154A01025,ITC,EQ,,,,,ITC LTD,403.2,404.65,400.7,401.0,401.0,403.2,,401.1,,,12380865,4972836129.35,117613,F1,1,,,,,
2025-09-24,2025-09-24,CM,NSE,STK,1675,INE248A01017,ITI,EQ,,,,,ITI LTD,321.05,323.45,315.15,316.6,316.0,322.55,,316.6,,,315968,100794019.9,8227,F1,1,,,,,
2025-09-24,2025-09-24,CM,NSE,STK,1681,INE043C01018,IVP,EQ,,,,,IVP LTD,164.29,167.25,162.0,163.51,164.7,163.64,,163.51,,,3081,508980.42,214,F1,1,,,,,
2025-09-24,2025-09-24,CM,NSE,STK,757644,INE1AII01014,IWARE,ST,,,,,IWARE SUPPLYCHAIN SER LTD,125.0,126.0,123.0,123.0,123.0,125.65,,123.0,,,6000,748800.0,5,F1,1200,,,,,
2025-09-24,2025-09-24,CM,NSE,STK,14178,INE848A01014,IZMO,BE,,,,,IZMO LIMITED,1179.95,1223.35,1170.0,1223.35,1223.35,1165.1,,1225.65,,,59310,72103270.35,2098,F1,1,,,,,
2025-09-24,2025-09-24,CM,NSE,STK,5633,INE168A01041,J&KBANK,EQ,,,,,J & K BANK LTD.,105.29,106.95,104.1,104.35,104.23,105.29,,104.34,,,2278892,240055191.24,17068,F1,1,,,,,
2025-09-24,2025-09-24,CM,NSE,STK,1726,INE572A01036,JBCHEPHARM,EQ,,,,,J B CHEMICALS AND PHARMA,1734.4,1734.4,1692.4,1695.6,1694.9,1723.4,,1695.6,,,90570,154173583.9,7719,F1,1,,,,,
2025-09-24,2025-09-24,CM,NSE,STK,23056,INE0MB501011,JGCHEM,EQ,,,,,J.G.CHEMICALS LIMITED,443.8,445.95,416.5,421.6,423.6,443.8,,421.55,,,444890,189726596.45,14355,F1,1,,,,,
2025-09-24,2025-09-24,CM,NSE,STK,13211,INE199G01027,JAGRAN,EQ,,,,,JAGRAN PRAKASHAN LIMITED,71.03,71.69,71.03,71.35,71.25,71.59,,71.35,,,87450,6243252.0,1625,F1,1,,,,,
2025-09-24,2025-09-24,CM,NSE,STK,4410,INE048B01035,JAGSNPHARM,EQ,,,,,JAGSONPAL PHARMACEUTICALS,242.0,242.0,233.61,235.21,234.5,241.89,,235.22,,,62898,14891198.7,2663,F1,1,,,,,
2025-09-24,2025-09-24,CM,NSE,STK,11256,INE091G01026,JAIBALAJI,EQ,,,,,JAI BALAJI INDUSTRIES LTD,100.0,100.1,96.5,97.07,97.0,99.75,,97.07,,,1567968,153546176.35,13609,F1,1,,,,,
2025-09-24,2025-09-24,CM,NSE,STK,5143,INE070D01027,JAICORPLTD,EQ,,,,,JAI CORP LIMITED,156.1,157.4,150.7,152.46,151.6,157.62,,152.48,,,829419,128036275.4,8511,F1,1,,,,,
2025-09-24,2025-09-24,CM,NSE,STK,25684,IN9175A01010,JISLDVREQS,EQ,,,,,JAIN DVR EQUITY SHARES,33.6,34.65,33.5,33.67,33.55,34.22,,33.66,,,35289,1197275.68,583,F1,1,,,,,
2025-09-24,2025-09-24,CM,NSE,STK,10397,INE175A01038,JISLJALEQS,EQ,,,,,JAIN IRRIGATION SYSTEMS,56.47,56.47,53.6,53.96,53.87,56.21,,53.96,,,3447916,189220134.69,15657,F1,1,,,,,
2025-09-24,2025-09-24,CM,NSE,STK,758306,INE0XIL01012,JAINIK,ST,,,,,JAINIK POWER CABLES LTD,135.9,135.9,131.1,134.05,135.0,137.5,,134.05,,,32400,4319040.0,22,F1,1200,,,,,
2025-09-24,2025-09-24,CM,NSE,STK,11763,INE351F01018,JPPOWER,EQ,,,,,JAIPRAKASH POWER VEN. LTD,18.3,18.49,17.93,18.03,18.04,18.32,,18.03,,,23161417,421668370.81,28021,F1,1,,,,,
2025-09-24,2025-09-24,CM,NSE,STK,20929,INE349X01015,JALAN,SM,,,,,JALAN TRANSOLU. INDIA LTD,4.45,4.85,4.45,4.85,4.85,4.65,,4.85,,,93000,439050.0,22,F1,3000,,,,,
2025-09-24,2025-09-24,CM,NSE,STK,20778,INE039C01032,JAMNAAUTO,EQ,,,,,JAMNA AUTO IND LTD,107.0,107.13,104.81,105.22,104.94,107.31,,105.22,,,1267560,133655890.24,11434,F1,1,,,,,
2025-09-24,2025-09-24,CM,NSE,STK,22663,INE953L01027,JSFB,EQ,,,,,JANA SMALL FIN BANK LTD,464.8,474.5,461.35,471.1,472.8,463.3,,471.1,,,189762,89190940.65,17106,F1,1,,,,,
2025-09-24,2025-09-24,CM,NSE,STK,13982,INE039O01029,JASH,EQ,,,,,JASH ENGINEERING LIMITED,519.0,519.8,507.0,512.05,510.05,515.25,,512.0,,,71766,36702025.65,4036,F1,1,,,,,
2025-09-24,2025-09-24,CM,NSE,STK,25037,INE0SMY01017,JAYBEE,SM,,,,,JAY BEE LAMINATIONS LTD,211.55,214.0,209.0,210.75,211.0,211.55,,210.75,,,20500,4327200.0,35,F1,500,,,,,
2025-09-24,2025-09-24,CM,NSE,STK,10889,INE0J6801010,KORE,SM,,,,,JAY JALARAM TECHNO LTD,179.4,181.75,173.1,173.1,173.1,173.1,,173.1,,,15500,2762650.0,49,F1,250,,,,,
2025-09-24,2025-09-24,CM,NSE,STK,4041,INE785A01026,JAYAGROGN,EQ,,,,,JAYANT AGRO ORGANICS LTD,246.15,248.38,241.0,244.06,244.0,247.01,,243.99,,,12576,3070254.15,509,F1,1,,,,,
2025-09-24,2025-09-24,CM,NSE,STK,2331,INE854B01010,JAYNECOIND,EQ,,,,,JAYASWAL NECO INDUSTR LTD,71.06,72.25,69.84,71.94,72.05,71.06,,71.94,,,8342058,594596779.41,16549,F1,1,,,,,
2025-09-24,2025-09-24,CM,NSE,STK,8444,INE571B01036,JAYBARMARU,BE,,,,,JAYBHARATMARU-,105.0,109.2,105.0,109.2,109.2,104.0,,109.35,,,498096,54090006.61,1803,F1,1,,,,,
2025-09-24,2025-09-24,CM,NSE,STK,1720,INE364A01020,JAYSREETEA,EQ,,,,,JAYSHREE TEA & INDUSTRIES,95.6,96.29,95.49,95.55,95.61,96.15,,95.58,,,34763,3333265.56,607,F1,1,,,,,
2025-09-24,2025-09-24,CM,NSE,STK,11655,INE927D01051,JBMA,EQ,,,,,JBM AUTO LIMITED,739.9,740.0,724.6,727.85,727.95,738.2,,727.85,,,1022302,747668234.6,27354,F1,1,,,,,
2025-09-24,2025-09-24,CM,NSE,STK,758115,INE0J5801029,JSLL,EQ,,,,,JEENA SIKHO LIFECARE LTD,830.0,834.95,810.0,813.7,814.0,829.1,,813.75,,,158055,129186416.25,10731,F1,1,,,,,
2025-09-24,2025-09-24,CM,NSE,STK,7211,INE982V01025,JETFREIGHT,EQ,,,,,JET FREIGHT LOGISTICS LTD,13.38,13.6,13.01,13.3,13.24,13.38,,13.29,,,57881,766743.07,318,F1,1,,,,,
2025-09-24,2025-09-24,CM,NSE,STK,25147,INE0RXB01022,JEYYAM,SM,,,,,JEYYAM GLOBAL FOODS LTD,56.0,56.5,55.15,56.05,56.05,56.0,,56.05,,,40000,2240500.0,18,F1,2000,,,,,
2025-09-24,2025-09-24,CM,NSE,STK,10885,INE0LA901015,JFLLIFE,SM,,,,,JFL LIFE SCIENCES LIMITED,13.15,13.15,13.0,13.0,13.0,13.3,,13.0,,,12000,156900.0,2,F1,6000,,,,,
2025-09-24,2025-09-24,CM,NSE,STK,13720,INE544H01014,JHS,EQ,,,,,JHS SVEND. LAB. LTD,11.23,11.23,10.85,11.12,11.15,11.01,,11.12,,,41391,454692.5,269,F1,1,,,,,
2025-09-24,2025-09-24,CM,NSE,STK,24145,INE03DD01011,RETAIL,EQ,,,,,JHS SVENDGAARD RETAIL V L,36.35,37.5,35.01,35.7,35.7,36.68,,35.7,,,10544,381480.03,191,F1,1,,,,,
2025-09-24,2025-09-24,CM,NSE,STK,31507,INE147P01019,JPOLYINVST,EQ,,,,,JIND POL INV & FIN CO LTD,934.95,965.0,925.9,929.55,927.0,944.4,,929.6,,,6014,5681577.9,991,F1,1,,,,,
2025-09-24,2025-09-24,CM,NSE,STK,13875,INE742C01031,JINDRILL,EQ,,,,,JINDAL DRILLING IND. LTD,603.8,603.85,597.85,600.05,600.75,601.45,,600.0,,,58591,35149176.6,1958,F1,1,,,,,
2025-09-24,2025-09-24,CM,NSE,STK,11743,INE796G01012,JINDALPHOT,EQ,,,,,JINDAL PHOTO LIMITED,1101.0,1189.0,1101.0,1128.6,1139.0,1101.6,,1128.3,,,8757,10015535.1,1395,F1,1,,,,,
2025-09-24,2025-09-24,CM,NSE,STK,1756,INE197D01010,JINDALPOLY,EQ,,,,,JINDAL POLY FILMS LIMITED,592.0,596.9,588.1,590.35,591.4,595.45,,590.35,,,22313,13200534.25,2112,F1,1,,,,,
2025-09-24,2025-09-24,CM,NSE,STK,3024,INE324A01032,JINDALSAW,EQ,,,,,JINDAL SAW LIMITED,217.26,224.7,213.17,217.32,215.8,215.28,,217.32,,,7010464,1531339498.86,73268,F1,1,,,,,
2025-09-24,2025-09-24,CM,NSE,STK,11236,INE220G01021,JSL,EQ,,,,,JINDAL STAINLESS LIMITED,805.0,812.8,793.4,799.45,794.1,801.0,,799.4,,,939115,755380406.85,41880,F1,1,,,,,
2025-09-24,2025-09-24,CM,NSE,STK,6733,INE749A01030,JINDALSTEL,EQ,,,,,JINDAL STEEL LIMITED,1062.7,1065.75,1046.05,1052.65,1054.0,1062.7,,1052.6,,,729744,769966576.15,28648,F1,1,,,,,
2025-09-24,2025-09-24,CM,NSE,STK,20642,INE247D01039,JINDWORLD,EQ,,,,,JINDAL WORLDWIDE LTD,37.2,37.49,36.6,36.85,36.81,37.24,,36.85,,,676449,25078690.55,5727,F1,1,,,,,
2025-09-24,2025-09-24,CM,NSE,STK,18143,INE758E01017,JIOFIN,EQ,,,,,JIO FIN SERVICES LTD,314.0,314.1,306.0,306.75,306.25,312.55,,306.75,,,11253782,3482337596.8,94941,F1,1,,,,,
2025-09-24,2025-09-24,CM,NSE,STK,19695,INE863T01013,JITFINFRA,BE,,,,,JITF INFRALOGISTICS LTD,356.05,369.95,344.05,360.8,362.7,356.05,,360.9,,,15123,5448330.0,392,F1,1,,,,,
2025-09-24,2025-09-24,CM,NSE,STK,18558,INE0N5H01017,JIWANRAM,SM,,,,,JIWANRAM SHEODUTTRA IND L,8.0,8.0,8.0,8.0,8.0,7.9,,8.0,,,18000,144000.0,3,F1,6000,,,,,
2025-09-24,2025-09-24,CM,NSE,STK,13270,INE823G01014,JKCEMENT,EQ,,,,,JK CEMENT LIMITED,6803.5,6846.0,6632.5,6669.5,6649.5,6850.5,,6669.5,,,71112,477812131.0,18679,F1,1,,,,,
2025-09-24,2025-09-24,CM,NSE,STK,13491,INE786A01032,JKLAKSHMI,EQ,,,,,JK LAKSHMI CEMENT LTD,879.0,884.0,861.2,862.85,862.3,879.75,,862.8,,,94853,82584202.9,9610,F1,1,,,,,
2025-09-24,2025-09-24,CM,NSE,STK,11860,INE789E01012,JKPAPER,EQ,,,,,JK PAPER LIMITED,383.4,387.7,381.0,382.7,384.0,386.15,,382.8,,,215090,82713339.95,6398,F1,1,,,,,
2025-09-24,2025-09-24,CM,NSE,STK,14435,INE573A01042,JKTYRE,EQ,,,,,JK TYRE & INDUSTRIES LTD,382.0,382.5,374.0,375.25,374.1,381.05,,375.25,,,320752,120868106.4,9948,F1,1,,,,,
2025-09-24,2025-09-24,CM,NSE,STK,15266,INE576I01022,JKIL,EQ,,,,,JKUMAR INFR.LTD.,632.0,636.5,623.6,627.35,627.0,632.05,,627.3,,,83689,52577290.8,7435,F1,1,,,,,
2025-09-24,2025-09-24,CM,NSE,STK,13637,INE780C01023,JMFINANCIL,EQ,,,,,JM FINANCIAL LIMITED,173.1,173.61,170.15,171.24,170.65,172.65,,171.24,,,2605452,446795672.54,22650,F1,1,,,,,
2025-09-24,2025-09-24,CM,NSE,STK,23621,INE0OAF01028,JNKINDIA,EQ,,,,,JNK INDIA LIMITED,299.5,299.5,289.0,290.1,290.0,296.75,,290.15,,,18048,5277214.3,1134,F1,1,,,,,
2025-09-24,2025-09-24,CM,NSE,STK,16927,INE839G01010,JOCIL,EQ,,,,,JOCIL LIMITED,158.0,159.8,157.5,159.52,159.5,157.69,,159.52,,,319,50550.4,12,F1,1,,,,,
2025-09-24,2025-09-24,CM,NSE,STK,4491,INE782A01015,JCHAC,EQ,,,,,JOHNSON CONTROLS HITACHI,1746.8,1756.8,1732.0,1737.0,1733.5,1746.7,,1737.0,,,15603,27211810.3,2754,F1,1,,,,,
2025-09-24,2025-09-24,CM,NSE,STK,758460,INE718I01012,JSWCEMENT,EQ,,,,,JSW CEMENT LIMITED,147.18,148.38,146.2,146.44,146.6,147.18,,146.44,,,1987230,292529501.61,16573,F1,1,,,,,
2025-09-24,2025-09-24,CM,NSE,STK,17869,INE121E01018,JSWENERGY,EQ,,,,,JSW ENERGY LIMITED,546.05,551.0,533.25,535.15,535.65,543.85,,535.15,,,2427695,1322341907.1,38793,F1,1,,,,,
2025-09-24,2025-09-24,CM,NSE,STK,11880,INE824G01012,JSWHL,EQ,,,,,JSW HOLDINGS LIMITED,18297.0,18999.0,18188.0,18743.0,18700.0,18119.0,,18743.0,,,3723,69573668.0,1591,F1,1,,,,,
2025-09-24,2025-09-24,CM,NSE,STK,19020,INE880J01026,JSWINFRA,EQ,,,,,JSW INFRASTRUCTURE LTD,343.0,349.0,342.0,342.75,343.0,342.05,,342.75,,,2654083,915952566.05,34917,F1,1,,,,,
2025-09-24,2025-09-24,CM,NSE,STK,11723,INE019A01038,JSWSTEEL,EQ,,,,,JSW STEEL LIMITED,1138.4,1161.0,1133.0,1149.1,1149.0,1138.4,,1149.1,,,2111388,2425474866.1,58083,F1,1,,,,,
2025-09-24,2025-09-24,CM,NSE,STK,3237,INE643A01035,JTEKTINDIA,EQ,,,,,JTEKT INDIA LIMITED,184.31,184.5,174.1,174.76,174.54,184.86,,174.78,,,598488,106748762.75,12989,F1,1,,,,,
2025-09-24,2025-09-24,CM,NSE,STK,7287,INE391J01032,JTLIND,EQ,,,,,JTL INDUSTRIES LIMITED,74.9,75.3,72.5,72.95,73.15,74.8,,72.95,,,836916,61762685.19,6619,F1,1,,,,,
2025-09-24,2025-09-24,CM,NSE,STK,29592,INE03CC01015,JUBLCPL,BE,,,,,JUBILANT AGRI N CON PRO L,2401.9,2490.0,2380.1,2441.2,2445.0,2412.3,,2441.9,,,3315,8081757.5,227,F1,1,,,,,
2025-09-24,2025-09-24,CM,NSE,STK,18096,INE797F01020,JUBLFOOD,EQ,,,,,JUBILANT FOODWORKS LTD,616.7,632.6,611.55,630.4,631.45,616.7,,630.4,,,3120429,1961466789.6,57403,F1,1,,,,,
2025-09-24,2025-09-24,CM,NSE,STK,2783,INE0BY001018,JUBLINGREA,EQ,,,,,JUBILANT INGREVIA LIMITED,671.0,671.7,660.0,662.7,660.0,671.95,,662.7,,,252032,167419938.9,10986,F1,1,,,,,
2025-09-24,2025-09-24,CM,NSE,STK,3637,INE700A01033,JUBLPHARMA,EQ,,,,,JUBILANT PHARMOVA LTD,1084.0,1090.7,1069.0,1080.3,1074.1,1084.8,,1080.3,,,121051,130835181.4,15811,F1,1,,,,,
2025-09-24,2025-09-24,CM,NSE,STK,7109,INE412C01023,JMA,EQ,,,,,JULLUNDUR MOT AGENCY LTD,93.8,93.8,90.5,91.09,92.0,92.21,,91.09,,,4542,417897.49,113,F1,1,,,,,
2025-09-24,2025-09-24,CM,NSE,STK,22824,INE696F01016,JUNIPER,EQ,,,,,JUNIPER HOTELS LIMITED,301.0,304.9,295.7,297.1,298.0,300.85,,297.05,,,48492,14557972.7,2887,F1,1,,,,,
2025-09-24,2025-09-24,CM,NSE,STK,18553,INE682M01012,JLHL,EQ,,,,,JUPITER LIFE LINE HOSP L,1480.0,1529.5,1438.4,1518.8,1524.9,1488.1,,1518.8,,,235796,357091434.5,18087,F1,1,,,,,
2025-09-24,2025-09-24,CM,NSE,STK,20224,INE209L01016,JWL,EQ,,,,,JUPITER WAGONS LIMITED,331.05,332.3,325.9,327.3,327.5,331.05,,327.3,,,562217,184639156.7,14136,F1,1,,,,,
2025-09-24,2025-09-24,CM,NSE,STK,29962,INE599M01018,JUSTDIAL,EQ,,,,,JUSTDIAL LTD.,832.9,835.4,821.1,824.15,825.0,834.25,,823.95,,,44439,36765310.7,3390,F1,1,,,,,
2025-09-24,2025-09-24,CM,NSE,STK,15146,INE668F01031,JYOTHYLAB,EQ,,,,,JYOTHY LABS LIMITED,320.3,320.3,317.3,318.85,318.6,320.3,,318.85,,,241381,76950715.65,14044,F1,1,,,,,
2025-09-24,2025-09-24,CM,NSE,STK,21334,INE980O01024,JYOTICNC,EQ,,,,,JYOTI CNC AUTOMATION LTD,915.0,926.3,898.05,900.25,899.95,913.8,,900.3,,,265692,242653172.7,13892,F1,1,,,,,
2025-09-24,2025-09-24,CM,NSE,STK,758221,INE1M3T01017,JYOTIGLOBL,SM,,,,,JYOTI GLOBAL PLAST LTD,52.85,52.85,52.8,52.8,52.8,52.8,,52.8,,,4000,211300.0,2,F1,2000,,,,,
2025-09-24,2025-09-24,CM,NSE,STK,1802,INE197A01024,JYOTISTRUC,EQ,,,,,JYOTI STRUCTURES LTD,16.2,16.21,15.96,16.02,16.03,16.17,,16.02,,,3664399,58863817.05,5409,F1,1,,,,,
2025-09-24,2025-09-24,CM,NSE,STK,14667,INE157H01023,KMSUGAR,EQ,,,,,K M SUGAR MILLS LTD,28.07,28.34,27.91,27.98,28.0,28.14,,27.98,,,53731,1507444.12,416,F1,1,,,,,
2025-09-24,2025-09-24,CM,NSE,STK,27079,INE127T01021,KPEL,EQ,,,,,K.P. ENERGY LIMITED,426.6,427.5,417.95,419.1,419.0,427.45,,419.15,,,142189,59905194.35,5649,F1,1,,,,,
2025-09-24,2025-09-24,CM,NSE,STK,23459,INE0DEZ01013,K2INFRA,SM,,,,,K2 INFRAGEN LIMITED,66.35,66.35,64.0,64.25,64.15,66.05,,64.25,,,21600,1394040.0,22,F1,600,,,,,
2025-09-24,2025-09-24,CM,NSE,STK,1805,INE900B01029,KABRAEXTRU,EQ,,,,,KABRA EXTRUSION TECHNIK L,278.15,280.0,270.6,272.85,273.95,277.6,,272.75,,,11981,3295701.05,586,F1,1,,,,,
2025-09-24,2025-09-24,CM,NSE,STK,29192,INE0XOW01017,KKJEWELS,SM,,,,,KABRA JEWELS LIMITED,96.8,97.5,95.05,97.25,97.35,94.9,,97.25,,,16000,1550150.0,16,F1,1000,,,,,
2025-09-24,2025-09-24,CM,NSE,STK,1808,INE217B01036,KAJARIACER,EQ,,,,,KAJARIA CERAMICS LTD,1185.1,1225.0,1183.8,1213.1,1212.4,1183.0,,1213.1,,,286556,347924878.0,24239,F1,1,,,,,
2025-09-24,2025-09-24,CM,NSE,STK,1811,INE437B01014,KAKATCEM,EQ,,,,,KAKATIYA CEM SUGAR &IND L,155.2,155.2,151.5,151.68,151.75,153.8,,151.65,,,2050,311647.8,67,F1,1,,,,,
2025-09-24,2025-09-24,CM,NSE,STK,25443,INE0T0L01014,KALANA,SM,,,,,KALANA ISPAT LIMITED,38.2,38.25,34.0,34.5,35.4,39.45,,34.5,,,88000,3150400.0,44,F1,2000,,,,,
2025-09-24,2025-09-24,CM,NSE,STK,758558,INE227J01012,KALPATARU,EQ,,,,,KALPATARU LIMITED,390.0,392.0,381.05,382.3,383.0,389.85,,382.3,,,20672,7965382.35,2083,F1,1,,,,,
2025-09-24,2025-09-24,CM,NSE,STK,1814,INE220B01022,KPIL,EQ,,,,,KALPATARU PROJECT INT LTD,1250.0,1270.0,1241.2,1261.0,1260.0,1251.4,,1260.9,,,115595,145445002.9,17411,F1,1,,,,,
2025-09-24,2025-09-24,CM,NSE,STK,2955,INE303R01014,KALYANKJIL,EQ,,,,,KALYAN JEWELLERS IND LTD,496.95,496.95,476.0,479.1,477.95,494.95,,479.0,,,3388990,1646416539.7,66488,F1,1,,,,,
2025-09-24,2025-09-24,CM,NSE,STK,15156,INE314G01014,KALYANIFRG,EQ,,,,,KALYANI FORGE LIMITED,686.45,697.35,680.35,683.0,682.5,682.75,,683.0,,,471,321927.95,49,F1,1,,,,,
2025-09-24,2025-09-24,CM,NSE,STK,21119,INE029L01018,KICL,EQ,,,,,KALYANI INVEST CO LTD,5025.0,5260.0,4920.1,5126.4,5144.3,5005.8,,5125.8,,,8539,43925265.0,2826,F1,1,,,,,
2025-09-24,2025-09-24,CM,NSE,STK,18889,INE907A01026,KSL,EQ,,,,,KALYANI STEELS LIMITED,802.8,803.4,792.0,794.5,795.0,796.75,,794.45,,,24501,19542335.55,2249,F1,1,,,,,
2025-09-24,2025-09-24,CM,NSE,STK,1826,INE967C01018,KAMATHOTEL,EQ,,,,,KAMAT HOTELS (I) LTD,321.1,329.8,319.1,320.35,320.0,321.15,,320.35,,,79321,25540900.9,2023,F1,1,,,,,
2025-09-24,2025-09-24,CM,NSE,STK,13457,INE390H01020,KAMDHENU,EQ,,,,,KAMDHENU LIMITED,28.17,28.39,27.9,27.99,28.0,28.19,,28.0,,,456971,12822097.76,2361,F1,1,,,,,
2025-09-24,2025-09-24,CM,NSE,STK,13814,INE0BTI01037,KAMOPAINTS,EQ,,,,,KAMDHENU VENTURES LIMITED,9.05,9.14,9.0,9.08,9.09,9.07,,9.08,,,551459,4991953.35,2137,F1,1,,,,,
2025-09-24,2025-09-24,CM,NSE,STK,25786,INE879E01037,KANANIIND,EQ,,,,,KANANI INDUSTRIES LTD,1.95,1.99,1.95,1.96,1.97,1.96,,1.96,,,171487,337336.63,342,F1,1,,,,,
2025-09-24,2025-09-24,CM,NSE,STK,11211,INE0MOT01016,KANDARP,ST,,,,,KANDARP DG SMART BPO LTD,119.95,119.95,114.25,114.25,114.25,120.25,,114.25,,,34000,3896400.0,14,F1,2000,,,,,
2025-09-24,2025-09-24,CM,NSE,STK,1835,INE138C01024,KANORICHEM,EQ,,,,,KANORIA CHEMICALS & INDUS,82.79,84.3,80.21,82.72,82.65,82.76,,82.7,,,55528,4587820.69,674,F1,1,,,,,
2025-09-24,2025-09-24,CM,NSE,STK,1782,INE694E01014,KANPRPLA,EQ,,,,,KANPUR PLASTIPACK LIMITED,218.3,220.0,213.88,214.3,213.88,218.34,,214.44,,,6169,1336658.9,703,F1,1,,,,,
2025-09-24,2025-09-24,CM,NSE,STK,1196,INE531A01024,KANSAINER,EQ,,,,,KANSAI NEROLAC PAINTS LTD,247.8,248.8,243.56,245.28,247.0,246.21,,245.29,,,794334,195062883.14,20104,F1,1,,,,,
2025-09-24,2025-09-24,CM,NSE,STK,18967,INE542Z01028,KAPSTON,EQ,,,,,KAPSTON SERVICES LIMITED,278.0,278.0,251.0,253.29,254.96,259.92,,253.29,,,93540,24857693.31,2152,F1,1,,,,,
2025-09-24,2025-09-24,CM,NSE,STK,24385,INE725L01011,KARMAENG,EQ,,,,,KARMA ENERGY LIMITED,68.47,70.8,68.37,70.8,70.8,64.37,,71.46,,,206099,14501943.69,1001,F1,1,,,,,
2025-09-24,2025-09-24,CM,NSE,STK,8054,INE614B01018,KTKBANK,EQ,,,,,KARNATAKA BANK LIMITED,174.5,174.95,173.32,173.74,173.91,174.12,,173.74,,,2005133,348140884.1,12322,F1,1,,,,,
2025-09-24,2025-09-24,CM,NSE,STK,19465,INE0MGA01012,KARNIKA,SM,,,,,KARNIKA INDUSTRIES LTD,179.85,188.0,179.85,180.9,180.9,179.85,,180.9,,,20000,3715600.0,19,F1,1000,,,,,
2025-09-24,2025-09-24,CM,NSE,STK,1838,INE036D01028,KARURVYSYA,EQ,,,,,KARUR VYSYA BANK LTD,213.0,216.9,211.6,212.29,212.0,213.43,,212.3,,,895504,191781243.57,15469,F1,1,,,,,
2025-09-24,2025-09-24,CM,NSE,STK,24528,INE0SVY01018,KATARIA,SM,,,,,KATARIA INDUSTRIES LTD,111.65,111.65,106.1,106.85,107.6,111.65,,106.85,,,12000,1316640.0,15,F1,600,,,,,
2025-09-24,2025-09-24,CM,NSE,STK,15140,INE234I01028,KAUSHALYA,BE,,,,,KAUSHALYA INFRA DEV LTD.,1198.0,1220.8,1165.0,1220.8,1220.8,1162.7,,1221.1,,,551,665064.0,108,F1,1,,,,,
2025-09-24,2025-09-24,CM,NSE,STK,21186,INE0Q2V01012,KLL,SM,,,,,KAUSHALYA LOGISTICS LTD,67.8,67.9,63.6,64.55,64.5,67.55,,64.55,,,30400,2031840.0,21,F1,800,,,,,
2025-09-24,2025-09-24,CM,NSE,STK,14972,INE455I01029,KSCL,EQ,,,,,KAVERI SEED CO. LTD.,1143.8,1153.0,1130.8,1139.9,1138.0,1141.5,,1140.0,,,65267,74583078.2,7023,F1,1,,,,,
2025-09-24,2025-09-24,CM,NSE,STK,15248,INE641C01019,KAVDEFENCE,BE,,,,,KAVVERI DFS & WIR TEC LTD,127.63,127.63,127.63,127.63,127.63,121.56,,127.63,,,240095,30643324.85,1698,F1,1,,,,,
2025-09-24,2025-09-24,CM,NSE,STK,21173,INE0RCG01017,KCEIL,SM,,,,,KAY CEE ENERGY & INFRA L,212.0,226.8,207.0,214.35,210.0,216.45,,214.35,,,140500,30501825.0,238,F1,500,,,,,
2025-09-24,2025-09-24,CM,NSE,STK,10282,INE587G01015,KAYA,BE,,,,,KAYA LIMITED,475.1,481.95,475.1,475.1,475.1,482.45,,473.6,,,8142,3874504.55,65,F1,1,,,,,
2025-09-24,2025-09-24,CM,NSE,STK,12092,INE918Z01012,KAYNES,EQ,,,,,KAYNES TECHNOLOGY IND LTD,7237.0,7527.0,7224.0,7454.0,7457.5,7242.0,,7454.0,,,1033396,7672268927.0,95672,F1,1,,,,,
2025-09-24,2025-09-24,CM,NSE,STK,758868,INE13ZD01013,KAYTEX,SM,,,,,KAYTEX FABRICS LIMITED,103.0,104.0,102.5,103.15,103.05,103.65,,103.15,,,5600,578920.0,7,F1,800,,,,,
2025-09-24,2025-09-24,CM,NSE,STK,10293,INE0J1E01027,KCK,SM,,,,,KCK INDUSTRIES LTD,32.5,33.95,28.15,31.85,31.1,31.75,,31.85,,,692500,21822500.0,144,F1,2500,,,,,
2025-09-24,2025-09-24,CM,NSE,STK,1841,INE805C01028,KCP,EQ,,,,,KCP LTD,202.7,202.7,198.55,199.71,200.0,201.54,,199.72,,,182475,36518775.42,5036,F1,1,,,,,
2025-09-24,2025-09-24,CM,NSE,STK,4809,INE790B01024,KCPSUGIND,EQ,,,,,KCP SUGAR IND CORP LTD.,32.26,32.9,31.9,32.03,31.91,32.26,,32.02,,,59017,1891765.68,636,F1,1,,,,,
2025-09-24,2025-09-24,CM,NSE,STK,14908,INE291D01011,KDDL,EQ,,,,,KDDL LIMITED,2625.9,2669.0,2601.1,2655.5,2653.0,2626.5,,2655.5,,,14451,38212165.5,3905,F1,1,,,,,
2025-09-24,2025-09-24,CM,NSE,STK,13260,INE389H01022,KEC,EQ,,,,,KEC INTL. LIMITED,890.0,896.25,878.3,882.85,880.0,883.9,,882.85,,,790007,698644395.05,26502,F1,1,,,,,
2025-09-24,2025-09-24,CM,NSE,STK,13310,INE878B01027,KEI,EQ,,,,,KEI INDUSTRIES LTD.,4165.8,4170.0,4063.1,4079.3,4063.1,4190.3,,4079.1,,,229105,942396064.6,24247,F1,1,,,,,
2025-09-24,2025-09-24,CM,NSE,STK,13430,INE164B01030,KELLTONTEC,EQ,,,,,KELLTON TECH SOL LTD,25.5,25.7,24.41,24.48,24.75,25.54,,24.48,,,6500233,162911585.37,9839,F1,1,,,,,
2025-09-24,2025-09-24,CM,NSE,STK,29547,INE15DO01012,KEN,SM,,,,,KEN ENTERPRISES LIMITED,49.1,49.6,49.1,49.6,49.6,48.7,,49.6,,,3600,177420.0,3,F1,1200,,,,,
2025-09-24,2025-09-24,CM,NSE,STK,13121,INE202H01019,KERNEX,EQ,,,,,KERNEX MICROSYS(I) LTD,1115.0,1125.0,1089.2,1109.0,1110.0,1106.0,,1109.0,,,60008,66367974.6,3043,F1,1,,,,,
2025-09-24,2025-09-24,CM,NSE,STK,1859,INE087A01019,KESORAMIND,EQ,,,,,KESORAM INDUSTRIES LTD,5.68,6.0,5.52,6.0,6.0,5.72,,6.04,,,3593221,21299995.75,3384,F1,1,,,,,
2025-09-24,2025-09-24,CM,NSE,STK,13381,INE401H01017,KKCL,EQ,,,,,KEWAL KIRAN CLOTHING LTD,587.3,591.0,575.3,579.4,582.9,592.0,,579.4,,,42454,24758959.25,3519,F1,1,,,,,
2025-09-24,2025-09-24,CM,NSE,STK,4157,INE681C01015,KEYFINSERV,EQ,,,,,KEYNOTE FIN SERV LTD.,238.45,239.95,234.05,235.05,235.0,238.4,,235.0,,,3707,875092.35,96,F1,1,,,,,
2025-09-24,2025-09-24,CM,NSE,STK,12219,INE263M01029,RUSTOMJEE,EQ,,,,,KEYSTONE REALTORS LIMITED,624.8,630.3,608.0,612.4,617.0,624.8,,612.4,,,35889,22247669.95,1786,F1,1,,,,,
2025-09-24,2025-09-24,CM,NSE,STK,13359,INE138Y01010,KFINTECH,EQ,,,,,KFIN TECHNOLOGIES LIMITED,1082.3,1083.5,1058.0,1060.7,1064.0,1080.4,,1060.7,,,711780,759203823.2,47951,F1,1,,,,,
2025-09-24,2025-09-24,CM,NSE,STK,425,INE834I01025,KHADIM,EQ,,,,,KHADIM INDIA LIMITED,283.98,285.89,273.21,274.28,274.0,281.73,,274.28,,,28474,7945752.83,1351,F1,1,,,,,
2025-09-24,2025-09-24,CM,NSE,STK,3912,INE731C01018,KHAITANLTD,EQ,,,,,KHAITAN (INDIA)LTD.,126.0,129.89,123.0,126.37,126.1,124.61,,124.98,,,12890,1634441.49,190,F1,1,,,,,
2025-09-24,2025-09-24,CM,NSE,STK,896,INE745B01028,KHAICHEM,EQ,,,,,KHAITAN CHEM & FERT LTD,130.99,131.49,126.51,127.3,126.72,130.5,,127.3,,,111909,14375319.42,2587,F1,1,,,,,
2025-09-24,2025-09-24,CM,NSE,STK,9641,INE060B01014,KHANDSE,EQ,,,,,KHANDWALA SECURITIES LTD,24.49,24.5,23.9,23.94,23.9,24.02,,23.94,,,1131,27260.18,85,F1,1,,,,,
2025-09-24,2025-09-24,CM,NSE,STK,9570,INE00UG01014,KHFM,SM,,,,,KHFM HOS FAC MANA SER LTD,71.0,71.0,71.0,71.0,71.0,72.0,,71.0,,,1550,110050.0,1,F1,1550,,,,,
2025-09-24,2025-09-24,CM,NSE,STK,19937,INE729D01010,KILITCH,EQ,,,,,KILITCH DRUGS INDIA LTD,351.15,352.5,346.05,350.4,346.05,350.8,,350.45,,,4275,1500095.0,152,F1,1,,,,,
2025-09-24,2025-09-24,CM,NSE,STK,18948,INE473D01015,KINGFA,BE,,,,,KINGFA SCI & TEC IND LTD.,4317.0,4478.4,4245.0,4262.8,4300.0,4382.7,,4263.1,,,4668,20074833.3,578,F1,1,,,,,
2025-09-24,2025-09-24,CM,NSE,STK,19126,INE880L01014,KIOCL,EQ,,,,,KIOCL LIMITED,441.95,450.0,435.6,443.9,440.4,444.75,,443.9,,,574178,254091417.7,10317,F1,1,,,,,
2025-09-24,2025-09-24,CM,NSE,STK,16639,INE415I01015,KIRIINDUS,EQ,,,,,KIRI INDUSTRIES LIMITED,596.05,603.45,583.15,587.55,587.5,595.65,,587.55,,,170489,101284650.4,5701,F1,1,,,,,
2025-09-24,2025-09-24,CM,NSE,STK,18581,INE732A01036,KIRLOSBROS,EQ,,,,,KIRLOSKAR BROTHERS LTD,1996.8,2008.0,1970.7,1982.1,1980.2,1985.2,,1982.1,,,32386,64420595.6,6024,F1,1,,,,,
2025-09-24,2025-09-24,CM,NSE,STK,18220,INE134B01017,KECL,EQ,,,,,KIRLOSKAR ELECTRIC CO LTD,120.0,122.64,118.0,118.89,119.95,122.34,,118.89,,,145855,17535896.69,2209,F1,1,,,,,
2025-09-24,2025-09-24,CM,NSE,STK,19025,INE250A01039,KIRLOSIND,EQ,,,,,KIRLOSKAR INDUSTRIES LTD,4160.0,4185.0,4092.3,4152.6,4150.0,4159.4,,4152.9,,,3242,13443439.3,1100,F1,1,,,,,
2025-09-24,2025-09-24,CM,NSE,STK,20936,INE146L01010,KIRLOSENG,EQ,,,,,KIRLOSKAR OIL ENG LTD,953.0,984.2,950.0,973.0,972.0,953.5,,972.9,,,377022,367034510.25,22612,F1,1,,,,,
2025-09-24,2025-09-24,CM,NSE,STK,15180,INE811A01020,KIRLPNU,EQ,,,,,KIRLOSKAR PNEUMATIC COM L,1237.7,1249.9,1227.0,1238.3,1239.0,1236.0,,1238.3,,,44383,54848940.8,9416,F1,1,,,,,
2025-09-24,2025-09-24,CM,NSE,STK,28899,INE602G01020,KITEX,EQ,,,,,KITEX GARMENTS LTD,206.85,211.79,205.09,207.35,207.4,206.81,,207.37,,,691175,144287367.24,8512,F1,1,,,,,
2025-09-24,2025-09-24,CM,NSE,STK,8602,INE0KNW01016,KNAGRI,SM,,,,,KN AGRI RESOURCES LIMITED,206.85,208.8,201.05,202.85,206.45,206.85,,202.85,,,9600,1959160.0,24,F1,400,,,,,
2025-09-24,2025-09-24,CM,NSE,STK,27084,INE0CJD01011,KMEW,EQ,,,,,KNOWLEDGE MARINE & EN W L,2535.0,2559.0,2441.5,2464.2,2489.0,2561.7,,2463.9,,,39773,98996029.2,5502,F1,1,,,,,
2025-09-24,2025-09-24,CM,NSE,STK,758431,INE1JAR25012,KRT,RR,,,,,KNOWLEDGE REALTY TRUST,113.5,114.25,112.92,113.67,113.79,113.0,,113.68,,,655962,74570634.77,3364,F1,1,,,,,
2025-09-24,2025-09-24,CM,NSE,STK,15283,INE634I01029,KNRCON,EQ,,,,,KNR CONSTRU LTD.,208.0,208.22,204.0,207.39,207.7,206.35,,207.39,,,1434077,295775469.23,21405,F1,1,,,,,
2025-09-24,2025-09-24,CM,NSE,STK,18751,INE0Q7P01013,KODYTECH,SM,,,,,KODY TECHNOLAB LIMITED,706.0,726.65,700.0,703.45,704.0,716.0,,703.45,,,15700,11111540.0,89,F1,100,,,,,
2025-09-24,2025-09-24,CM,NSE,STK,3009,INE080B01012,KOHINOOR,EQ,,,,,KOHINOOR FOODS LIMITED,33.21,34.15,33.21,33.78,34.0,33.9,,33.78,,,46995,1587560.28,950,F1,1,,,,,
2025-09-24,2025-09-24,CM,NSE,STK,16827,INE760A01029,KOKUYOCMLN,EQ,,,,,KOKUYO CAMLIN LIMITED,112.9,113.87,112.02,112.33,112.25,112.75,,112.26,,,26719,3015388.26,576,F1,1,,,,,
2025-09-24,2025-09-24,CM,NSE,STK,15124,INE094I01018,KOLTEPATIL,EQ,,,,,KOLTE PATIL DEV. LTD.,463.4,465.9,453.9,462.5,460.5,463.95,,462.55,,,59003,27123361.3,4375,F1,1,,,,,
2025-09-24,2025-09-24,CM,NSE,STK,22472,INE0QEI01011,KONSTELEC,SM,,,,,KONSTELEC ENGINEERS LTD,63.55,65.9,63.55,63.6,63.6,63.05,,63.6,,,4000,256800.0,4,F1,1000,,,,,
2025-09-24,2025-09-24,CM,NSE,STK,1919,INE082A01010,KOPRAN,EQ,,,,,KOPRAN LTD,178.36,184.99,178.1,182.76,183.0,178.4,,182.76,,,756306,138101122.35,9265,F1,1,,,,,
2025-09-24,2025-09-24,CM,NSE,STK,16758,INE0O4R01018,KDL,SM,,,,,KORE DIGITAL LIMITED,245.0,246.2,234.0,242.8,246.2,240.65,,242.8,,,26100,6320760.0,149,F1,150,,,,,
2025-09-24,2025-09-24,CM,NSE,STK,14858,INF174KA1HJ8,GOLD1,EQ,,,,,KOTAK GOLD ETF,96.0,96.0,95.04,95.38,95.45,95.78,,95.38,,,3010901,286974158.12,5223,F1,1,,,,,
2025-09-24,2025-09-24,CM,NSE,STK,1922,INE237A01028,KOTAKBANK,EQ,,,,,KOTAK MAHINDRA BANK LTD,2042.0,2048.1,2029.0,2031.3,2032.0,2047.7,,2031.3,,,3678877,7494834078.0,122640,F1,1,,,,,
2025-09-24,2025-09-24,CM,NSE,STK,18102,INF174K014P6,NIFTY1,EQ,,,,,KOTAK NIFTY ETF,276.86,276.87,275.0,275.48,275.61,276.87,,275.48,,,20787,5729369.24,1030,F1,1,,,,,
2025-09-24,2025-09-24,CM,NSE,STK,15061,INF373I01023,PSUBANK,EQ,,,,,KOTAK PSU BANK,744.1,757.4,740.2,742.25,747.9,744.11,,742.25,,,296230,222644360.88,1168,F1,1,,,,,
2025-09-24,2025-09-24,CM,NSE,STK,7412,INF174KA1IA5,ALPHA,EQ,,,,,KOTAKMAMC - KOTAKALPHA,49.49,49.49,48.66,48.81,48.79,49.29,,48.81,,,914398,44778693.92,3890,F1,1,,,,,
2025-09-24,2025-09-24,CM,NSE,STK,10512,INF174KA1JE5,CONS,EQ,,,,,KOTAKMAMC - KOTAKCONS,126.67,127.0,126.1,126.16,126.55,126.32,,126.16,,,3509,443382.68,58,F1,1,,,,,
2025-09-24,2025-09-24,CM,NSE,STK,2627,INF174KA1GC5,IT,EQ,,,,,KOTAKMAMC - KOTAKIT,38.66,38.68,37.9,38.07,38.15,38.34,,38.07,,,488676,18583007.27,1344,F1,1,,,,,
2025-09-24,2025-09-24,CM,NSE,STK,13950,INF174KA1LV5,LIQUID1,EQ,,,,,KOTAKMAMC - KOTAKLIQ,1070.01,1070.01,1069.99,1070.0,1070.01,1069.83,,1070.0,,,295306,315978444.13,240,F1,1,,,,,
2025-09-24,2025-09-24,CM,NSE,STK,8632,INF174KA1IY5,LOWVOL1,EQ,,,,,KOTAKMAMC - KOTAKLOVOL,21.86,21.86,21.14,21.21,21.3,21.33,,21.21,,,214754,4549349.68,248,F1,1,,,,,
2025-09-24,2025-09-24,CM,NSE,STK,8077,INF174KA1IB3,MIDCAP,EQ,,,,,KOTAKMAMC - KOTAKMID50,169.94,169.98,165.44,166.55,166.0,168.29,,166.55,,,52092,8707888.46,606,F1,1,,,,,
2025-09-24,2025-09-24,CM,NSE,STK,10676,INF174KA1JF2,MNC,EQ,,,,,KOTAKMAMC - KOTAKMNC,31.24,31.25,30.71,30.87,30.92,30.97,,30.87,,,212311,6577732.8,362,F1,1,,,,,
2025-09-24,2025-09-24,CM,NSE,STK,13082,INF174KA1KU9,SILVER1,EQ,,,,,KOTAKMAMC - KOTAKSILVE,135.48,135.48,131.0,131.63,131.49,131.53,,131.63,,,998173,131226449.89,2292,F1,1,,,,,
2025-09-24,2025-09-24,CM,NSE,STK,11457,INF174K01Z71,NV20,EQ,,,,,KOTAKMAMC - KTKNV20ETF,149.0,149.0,148.0,148.2,148.21,149.0,,148.2,,,2608,387299.91,161,F1,1,,,,,
2025-09-24,2025-09-24,CM,NSE,STK,30469,INF174KA1VW2,MID150,EQ,,,,,KOTAKMAMC - MID150,21.56,22.01,21.56,21.81,21.83,22.0,,21.81,,,19058,418007.86,184,F1,1,,,,,
2025-09-24,2025-09-24,CM,NSE,STK,29758,INF174KA1VD2,MSCIINDIA,EQ,,,,,KOTAKMAMC - MSCIINDIA,30.37,30.37,29.83,29.87,30.06,30.08,,29.87,,,17733,530255.26,64,F1,1,,,,,
2025-09-24,2025-09-24,CM,NSE,STK,29944,INF174KA1UW4,NIFTY100EW,EQ,,,,,KOTAKMAMC - NIFTY100EW,33.06,34.56,33.06,33.73,33.79,33.91,,33.73,,,9265,311908.67,143,F1,1,,,,,
2025-09-24,2025-09-24,CM,NSE,STK,757946,INF174KA1WT6,QUALITY30,EQ,,,,,KOTAKMAMC - QUALITY30,20.89,20.96,20.8,20.86,20.96,21.16,,20.86,,,4823,100693.33,51,F1,1,,,,,
2025-09-24,2025-09-24,CM,NSE,STK,5851,INF174K01F59,BANKNIFTY1,EQ,,,,,KOTAKMAMC-KOTAKBKETF,576.03,576.03,568.7,569.31,569.71,573.17,,569.31,,,60451,34450345.29,440,F1,1,,,,,
2025-09-24,2025-09-24,CM,NSE,STK,4594,INE720A01015,KOTHARIPET,EQ,,,,,KOTHARI PETROCHEM LTD,150.02,151.65,146.92,147.28,147.0,149.27,,147.28,,,70833,10530349.15,2576,F1,1,,,,,
2025-09-24,2025-09-24,CM,NSE,STK,5528,INE823A01017,KOTHARIPRO,EQ,,,,,KOTHARI PRODUCTS LTD,90.4,92.49,86.4,87.24,87.0,89.74,,87.23,,,32661,2891782.41,1355,F1,1,,,,,
2025-09-24,2025-09-24,CM,NSE,STK,11647,INE419A01022,KOTARISUG,EQ,,,,,KOTHARI SUG & CHEM LTD.,32.33,32.85,31.01,31.45,31.5,32.06,,31.45,,,72920,2316489.61,703,F1,1,,,,,
2025-09-24,2025-09-24,CM,NSE,STK,6444,INE0J0B01017,KOTYARK,ST,,,,,KOTYARK INDUSTRIES LTD,299.6,314.55,297.0,313.35,314.0,299.6,,313.35,,,16800,5212000.0,98,F1,100,,,,,
2025-09-24,2025-09-24,CM,NSE,STK,5108,INE542W01025,KPIGREEN,EQ,,,,,KPI GREEN ENERGY LIMITED,475.0,478.15,464.05,465.2,465.45,477.45,,465.15,,,434154,203496719.4,19813,F1,1,,,,,
2025-09-24,2025-09-24,CM,NSE,STK,9683,INE04I401011,KPITTECH,EQ,,,,,KPIT TECHNOLOGIES LIMITED,1249.7,1249.7,1238.0,1240.6,1239.6,1249.7,,1240.6,,,391064,485524874.3,15688,F1,1,,,,,
2025-09-24,2025-09-24,CM,NSE,STK,14912,INE930H01031,KPRMILL,EQ,,,,,KPR MILL LTD.,1110.6,1117.95,1098.0,1102.7,1100.0,1119.3,,1102.7,,,127398,140829134.45,12568,F1,1,,,,,
2025-09-24,2025-09-24,CM,NSE,STK,10577,INE001B01026,KRBL,EQ,,,,,KRBL LIMITED,373.45,377.6,365.2,367.05,365.5,371.65,,367.05,,,1226150,453137358.95,30782,F1,1,,,,,
2025-09-24,2025-09-24,CM,NSE,STK,1937,INE268B01013,KREBSBIO,EQ,,,,,KREBS BIOCHEMICALS & IND,77.71,80.0,75.25,75.97,75.75,77.7,,75.97,,,4129,315118.93,86,F1,1,,,,,
2025-09-24,2025-09-24,CM,NSE,STK,11488,INE524L01026,KRIDHANINF,BE,,,,,KRIDHAN INFRA LIMITED,3.8,3.87,3.8,3.82,3.82,3.78,,3.82,,,38078,145616.24,93,F1,1,,,,,
2025-09-24,2025-09-24,CM,NSE,STK,12847,INE506W01012,KRISHANA,EQ,,,,,KRISHANA PHOSCHEM LIMITED,535.0,544.6,526.0,540.05,541.25,535.1,,540.05,,,94900,50775191.2,4190,F1,1,,,,,
2025-09-24,2025-09-24,CM,NSE,STK,16133,INE0NR701018,KRISHCA,SM,,,,,KRISHCA STRAPPING SLTN L,216.0,216.0,210.0,210.85,210.2,217.95,,210.85,,,8500,1813450.0,15,F1,500,,,,,
2025-09-24,2025-09-24,CM,NSE,STK,756784,INE0GGO01015,KRISHIVAL,BE,,,,,KRISHIVAL FOODS LIMITED,464.0,464.0,459.0,460.0,460.0,466.3,,455.95,,,11374,5248024.0,107,F1,1,,,,,
2025-09-24,2025-09-24,CM,NSE,STK,8782,INE0J5601015,KRISHNADEF,SM,,,,,KRISHNA DEF AND ALD IND L,830.95,839.45,823.7,833.65,833.5,835.4,,833.65,,,16000,13259275.0,61,F1,250,,,,,
2025-09-24,2025-09-24,CM,NSE,STK,4847,INE967H01025,KIMS,EQ,,,,,KRISHNA INST OF MED SCI L,736.1,736.4,725.0,726.45,725.0,736.4,,726.45,,,201793,147208911.25,11629,F1,1,,,,,
2025-09-24,2025-09-24,CM,NSE,STK,6417,INE479D01038,KRITI,EQ,,,,,KRITI INDUSTRIES IND LTD,132.0,135.93,131.08,131.68,132.33,137.98,,131.79,,,12995,1725546.78,392,F1,1,,,,,
2025-09-24,2025-09-24,CM,NSE,STK,11432,INE798K01010,KRITINUT,EQ,,,,,KRITI NUTRIENTS LIMITED,95.76,96.55,94.88,95.15,95.12,95.76,,95.21,,,14821,1415484.32,400,F1,1,,,,,
2025-09-24,2025-09-24,CM,NSE,STK,9288,INE00Z501029,KRITIKA,EQ,,,,,KRITIKA WIRES LIMITED,9.36,9.4,9.0,9.12,9.15,9.18,,9.12,,,225366,2054679.61,838,F1,1,,,,,
2025-09-24,2025-09-24,CM,NSE,STK,25643,INE0Q3J01015,KRN,EQ,,,,,KRN HEAT EXCHANGE N REF L,858.7,866.85,850.0,855.4,853.5,854.15,,855.45,,,179728,154507703.05,10611,F1,1,,,,,
2025-09-24,2025-09-24,CM,NSE,STK,24025,INE0ATZ01017,KRONOX,EQ,,,,,KRONOX LAB SCIENCES LTD,165.67,169.4,162.0,162.98,163.9,164.84,,162.99,,,80549,13328367.61,1610,F1,1,,,,,
2025-09-24,2025-09-24,CM,NSE,STK,25252,INE0O6601022,KROSS,EQ,,,,,KROSS LIMITED,219.6,226.0,216.3,219.94,219.65,218.73,,219.86,,,1191251,263605545.93,15019,F1,1,,,,,
2025-09-24,2025-09-24,CM,NSE,STK,5359,INE08LI01020,KRSNAA,EQ,,,,,KRSNAA DIAGNOSTICS LTD,866.2,894.4,840.25,846.7,842.8,866.2,,846.6,,,148174,128400385.15,13162,F1,1,,,,,
2025-09-24,2025-09-24,CM,NSE,STK,23175,INE0QN801017,KRYSTAL,EQ,,,,,KRYSTAL INTEGRATED SER L,655.65,655.65,640.05,643.25,647.45,656.0,,643.25,,,10236,6607039.1,805,F1,1,,,,,
2025-09-24,2025-09-24,CM,NSE,STK,1949,INE999A01023,KSB,EQ,,,,,KSB LIMITED,839.4,862.75,835.45,856.75,858.95,840.95,,856.75,,,49901,42628389.95,6497,F1,1,,,,,
2025-09-24,2025-09-24,CM,NSE,STK,10407,INE013801027,KSHITIJPOL,EQ,,,,,KSHITIJ POLYLINE LIMITED,3.07,3.09,3.03,3.03,3.05,3.07,,3.03,,,74438,227186.29,278,F1,1,,,,,
2025-09-24,2025-09-24,CM,NSE,STK,11060,INE0D6I01023,KSOLVES,EQ,,,,,KSOLVES INDIA LIMITED,325.0,325.0,316.0,316.65,317.0,321.1,,316.6,,,21248,6755987.4,1134,F1,1,,,,,
2025-09-24,2025-09-24,CM,NSE,STK,13870,INE529I01021,KUANTUM,EQ,,,,,KUANTUM PAPERS LIMITED,111.75,111.8,110.08,110.34,110.12,110.56,,110.34,,,33646,3727471.94,511,F1,1,,,,,
2025-09-24,2025-09-24,CM,NSE,STK,18708,INE0OWX01025,KEL,SM,,,,,KUNDAN EDIFICE LIMITED,95.5,97.0,95.5,96.8,96.65,99.1,,96.8,,,9600,926700.0,8,F1,1200,,,,,
2025-09-24,2025-09-24,CM,NSE,STK,24948,INE498L01015,LTF,EQ,,,,,L&T FINANCE LIMITED,246.0,249.52,245.17,246.82,246.36,246.41,,246.82,,,4991261,1234546613.27,36148,F1,1,,,,,
2025-09-24,2025-09-24,CM,NSE,STK,18564,INE010V01017,LTTS,EQ,,,,,L&T TECHNOLOGY SER. LTD.,4190.0,4218.9,4170.5,4183.1,4173.2,4190.0,,4183.5,,,31700,132837885.8,7992,F1,1,,,,,
2025-09-24,2025-09-24,CM,NSE,STK,14423,INE059D01020,LAOPALA,EQ,,,,,LA OPALA RG LIMITED,252.78,258.0,250.1,251.18,250.61,252.78,,251.2,,,100432,25515364.45,3761,F1,1,,,,,
2025-09-24,2025-09-24,CM,NSE,STK,5865,INE548Z01017,LAGNAM,EQ,,,,,LAGNAM SPINTEX LIMITED,86.0,87.41,83.2,84.56,83.8,86.24,,84.56,,,7988,681976.28,374,F1,1,,,,,
2025-09-24,2025-09-24,CM,NSE,STK,7902,INE850E01012,LFIC,EQ,,,,,LAKSHMI FIN IND CORP LTD,212.99,215.88,211.05,215.0,215.88,213.99,,215.0,,,1636,350059.57,70,F1,1,,,,,
2025-09-24,2025-09-24,CM,NSE,STK,25860,INE0VZS01015,LAKSHYA,SM,,,,,LAKSHYA POWERTECH LIMITED,128.0,133.0,128.0,132.5,132.0,130.95,,132.5,,,8000,1047560.0,10,F1,800,,,,,
2025-09-24,2025-09-24,CM,NSE,STK,6407,INE112F01022,LAMBODHARA,EQ,,,,,LAMBODHARA TEXTILES LTD.,132.49,133.96,130.35,131.31,131.41,131.44,,131.27,,,14105,1864826.16,826,F1,1,,,,,
2025-09-24,2025-09-24,CM,NSE,STK,27218,INE0R0201012,LAMOSAIC,SM,,,,,LAMOSAIC INDIA LIMITED,38.05,38.95,37.0,38.85,38.8,37.9,,38.85,,,18000,690900.0,29,F1,600,,,,,
2025-09-24,2025-09-24,CM,NSE,STK,23027,INE572G01025,LANCORHOL,EQ,,,,,LANCOR HOLDINGS LIMITED,22.75,24.34,22.75,23.53,23.29,22.84,,23.53,,,114851,2691596.43,1382,F1,1,,,,,
2025-09-24,2025-09-24,CM,NSE,STK,13276,INE559R01029,LANDMARK,EQ,,,,,LANDMARK CARS LIMITED,623.1,623.1,610.0,611.7,610.8,620.0,,611.7,,,30473,18702377.9,2597,F1,1,,,,,
2025-09-24,2025-09-24,CM,NSE,STK,16863,INE197J01017,LPDC,EQ,,,,,LANDMARK PR.DEV.CO.LTD,7.62,8.15,7.62,7.84,7.89,7.7,,7.84,,,50090,394415.57,278,F1,1,,,,,
2025-09-24,2025-09-24,CM,NSE,STK,11483,INE018A01030,LT,EQ,,,,,LARSEN & TOUBRO LTD.,3657.6,3709.2,3637.1,3673.8,3674.2,3657.6,,3674.0,,,1745130,6428942601.1,104811,F1,1,,,,,
2025-09-24,2025-09-24,CM,NSE,STK,21723,INE670X01014,LASA,BE,,,,,LASA SUPERGENERICS LTD,12.05,12.41,11.8,12.0,12.0,12.05,,11.95,,,40752,491941.67,146,F1,1,,,,,
2025-09-24,2025-09-24,CM,NSE,STK,6818,INE0I7C01011,LATENTVIEW,EQ,,,,,LATENT VIEW ANALYTICS LTD,408.75,409.9,403.2,404.9,405.35,408.75,,404.9,,,177399,71884576.0,6975,F1,1,,,,,
2025-09-24,2025-09-24,CM,NSE,STK,15840,INE262Z01023,LATTEYS,EQ,,,,,LATTEYS INDUSTRIES LTD,20.3,21.25,20.01,20.15,20.35,20.3,,20.15,,,85594,1757810.7,604,F1,1,,,,,
2025-09-24,2025-09-24,CM,NSE,STK,19234,INE947Q01028,LAURUSLABS,EQ,,,,,LAURUS LABS LIMITED,911.9,925.0,907.5,909.75,911.55,910.05,,909.75,,,1724529,1579325699.2,36890,F1,1,,,,,
2025-09-24,2025-09-24,CM,NSE,STK,6568,INE801V01019,LAXMICOT,EQ,,,,,LAXMI COTSPIN LIMITED,24.3,24.88,24.15,24.37,24.22,24.77,,24.37,,,17607,431861.89,115,F1,1,,,,,
2025-09-24,2025-09-24,CM,NSE,STK,29171,INE0WO601020,LAXMIDENTL,EQ,,,,,LAXMI DENTAL LIMITED,339.05,339.9,327.7,329.05,329.9,340.1,,329.05,,,274295,91003974.9,8265,F1,1,,,,,
2025-09-24,2025-09-24,CM,NSE,STK,19876,INE258Y01016,LGHL,EQ,,,,,LAXMI GOLDORNA HOUSE LTD,959.0,959.0,928.0,938.25,933.0,945.5,,938.25,,,55986,52446673.2,1728,F1,1,,,,,
2025-09-24,2025-09-24,CM,NSE,STK,758863,INE06WU01026,LAXMIINDIA,EQ,,,,,LAXMI INDIA FINANCE LTD,158.85,162.34,156.2,161.03,161.01,158.52,,161.03,,,709658,113049806.52,8719,F1,1,,,,,
2025-09-24,2025-09-24,CM,NSE,STK,2841,INE576O01020,LXCHEM,EQ,,,,,LAXMI ORGANIC INDUS LTD,218.3,218.81,210.02,211.04,210.5,218.31,,211.05,,,657600,140176683.08,10957,F1,1,,,,,
2025-09-24,2025-09-24,CM,NSE,STK,7529,INE938A01021,LCCINFOTEC,EQ,,,,,LCC INFOTECH LTD,4.54,4.54,4.2,4.24,4.2,4.43,,4.25,,,91347,391527.38,224,F1,1,,,,,
2025-09-24,2025-09-24,CM,NSE,STK,9372,INE0G1L01017,LEMERITE,SM,,,,,LE MERITE EXPORTS LIMITED,407.7,407.7,396.5,399.25,400.95,394.95,,399.25,,,51200,20419700.0,61,F1,400,,,,,
2025-09-24,2025-09-24,CM,NSE,STK,24067,INE0HV901016,IXIGO,EQ,,,,,LE TRAVENUES TECHNOLOGY L,279.0,280.85,274.95,277.8,278.0,278.45,,277.8,,,1363585,378702879.5,30232,F1,1,,,,,
2025-09-24,2025-09-24,CM,NSE,STK,2606,INE970X01018,LEMONTREE,EQ,,,,,LEMON TREE HOTELS LTD,171.98,173.75,169.53,171.78,171.34,171.03,,171.8,,,2933885,504247048.08,47142,F1,1,,,,,
2025-09-24,2025-09-24,CM,NSE,STK,14459,INE500X01013,LEXUS,EQ,,,,,LEXUS GRANITO (INDIA) LTD,29.0,29.15,28.25,28.71,28.3,28.94,,28.71,,,10464,300273.42,90,F1,1,,,,,
2025-09-24,2025-09-24,CM,NSE,STK,18321,INE337A01034,LGBBROSLTD,EQ,,,,,LG BALAKRISHNAN & BROS,1441.9,1442.6,1392.5,1400.9,1402.7,1441.9,,1401.3,,,32504,46040375.6,4661,F1,1,,,,,
2025-09-24,2025-09-24,CM,NSE,STK,11082,INE908V01012,LIBAS,EQ,,,,,LIBAS CONSU PRODUCTS LTD,13.21,13.67,12.91,13.06,13.38,13.22,,13.06,,,49213,654072.28,190,F1,1,,,,,
2025-09-24,2025-09-24,CM,NSE,STK,1994,INE557B01019,LIBERTSHOE,EQ,,,,,LIBERTY SHOES LTD,357.9,357.9,342.75,345.35,344.0,357.95,,345.35,,,34386,12042871.8,1148,F1,1,,,,,
2025-09-24,2025-09-24,CM,NSE,STK,1997,INE115A01026,LICHSGFIN,EQ,,,,,LIC HOUSING FINANCE LTD,582.0,585.45,579.0,580.75,580.0,582.6,,581.2,,,659123,383737769.5,20409,F1,1,,,,,
2025-09-24,2025-09-24,CM,NSE,STK,25640,INF397L01554,LICMFGOLD,EQ,,,,,LIC MF - LIC GOLD ETF,10372.3,10499.5,10290.25,10332.2,10322.0,10320.7,,10332.25,,,9015,93127925.55,656,F1,1,,,,,
2025-09-24,2025-09-24,CM,NSE,STK,11319,INF767K01OS7,LICNETFN50,EQ,,,,,LICNAMC - LICNFENGP,279.71,279.97,279.17,279.73,279.73,281.12,,279.73,,,374,104580.74,31,F1,1,,,,,
2025-09-24,2025-09-24,CM,NSE,STK,11441,INF767K01OT5,LICNETFSEN,EQ,,,,,LICNAMC - LICNFESGP,919.6,919.6,918.77,918.77,918.77,919.14,,918.77,,,2,1838.37,2,F1,1,,,,,
2025-09-24,2025-09-24,CM,NSE,STK,15229,INF767K01PC8,LICNFNHGP,EQ,,,,,LICNAMC - LICNFNHGP,281.43,284.18,280.3,280.51,281.06,284.38,,280.51,,,630,177380.51,45,F1,1,,,,,
2025-09-24,2025-09-24,CM,NSE,STK,6062,INF767K01MV5,LICNETFGSC,EQ,,,,,LICNAMC - LICNMFET,28.55,28.55,28.4,28.41,28.41,28.44,,28.41,,,17926,509826.36,134,F1,1,,,,,
2025-09-24,2025-09-24,CM,NSE,STK,22722,INF767K01RN1,LICNMID100,EQ,,,,,LICNAMC - LICNMID100,58.86,58.86,58.06,58.26,58.3,58.78,,58.26,,,5130,299691.77,114,F1,1,,,,,
2025-09-24,2025-09-24,CM,NSE,STK,9480,INE0J1Y01017,LICI,EQ,,,,,LIFE INSURA CORP OF INDIA,897.65,902.1,892.35,894.25,895.0,897.65,,894.25,,,553360,496315808.8,19674,F1,1,,,,,
2025-09-24,2025-09-24,CM,NSE,STK,578,INE060901027,LIKHITHA,EQ,,,,,LIKHITHA INFRASTRUC LTD,241.36,242.6,239.21,240.38,241.5,241.36,,240.42,,,36528,8791253.71,1185,F1,1,,,,,
2025-09-24,2025-09-24,CM,NSE,STK,6955,INE802B01027,LINC,BE,,,,,LINC LIMITED,128.0,129.3,125.95,126.3,127.85,128.35,,126.57,,,15696,1997089.79,176,F1,1,,,,,
2025-09-24,2025-09-24,CM,NSE,STK,11596,INE405C01035,LINCOLN,EQ,,,,,LINCOLN PHARMA LTD,548.0,552.9,545.0,545.6,545.55,548.0,,545.6,,,8819,4818083.0,620,F1,1,,,,,
2025-09-24,2025-09-24,CM,NSE,STK,1627,INE473A01011,LINDEINDIA,EQ,,,,,LINDE INDIA LIMITED,6473.5,6520.0,6346.0,6371.5,6380.0,6480.0,,6371.5,,,21797,140116176.0,4578,F1,1,,,,,
2025-09-24,2025-09-24,CM,NSE,STK,758826,IN9080I01015,LLOYDPP,E1,,,,,LLOYD RE.0.50 PPD UP,43.89,43.89,42.25,42.49,42.9,43.97,,42.5,,,210668,9086123.86,832,F1,1,,,,,
2025-09-24,2025-09-24,CM,NSE,STK,757406,IN9093R01019,LLOYDSENPP,E1,,,,,LLOYD RS.0.50 PPD UP,43.25,43.25,41.55,41.77,41.8,43.04,,41.71,,,231438,9718534.73,654,F1,1,,,,,
2025-09-24,2025-09-24,CM,NSE,STK,17801,INE093R01011,LLOYDSENGG,EQ,,,,,LLOYDS ENGG WORK LIMITED,62.31,62.53,60.11,60.44,60.57,62.33,,60.46,,,2543265,155365601.99,14741,F1,1,,,,,
2025-09-24,2025-09-24,CM,NSE,STK,25807,INE080I01025,LLOYDSENT,EQ,,,,,LLOYDS ENTERPRISES LTD,66.92,66.99,65.28,65.67,65.41,66.58,,65.67,,,1326394,87384733.72,9063,F1,1,,,,,
2025-09-24,2025-09-24,CM,NSE,STK,11472,INE0DTQ01028,LLOYDS,SM,,,,,LLOYDS LUXURIES LIMITED,86.6,86.6,83.0,85.5,85.5,86.6,,85.5,,,5000,423150.0,5,F1,1000,,,,,
2025-09-24,2025-09-24,CM,NSE,STK,17313,INE281B01032,LLOYDSME,EQ,,,,,LLOYDS METALS N ENERGY L,1328.0,1328.0,1301.0,1302.8,1301.0,1318.0,,1302.8,,,133347,174821333.6,10711,F1,1,,,,,
2025-09-24,2025-09-24,CM,NSE,STK,1979,INE269B01029,LMW,EQ,,,,,LMW LIMITED,15574.0,15748.0,15420.0,15496.0,15420.0,15623.0,,15497.0,,,4363,67957600.0,1592,F1,1,,,,,
2025-09-24,2025-09-24,CM,NSE,STK,3220,INE670K01029,LODHA,EQ,,,,,LODHA DEVELOPERS LIMITED,1205.4,1207.2,1175.0,1179.4,1177.5,1205.4,,1179.4,,,647426,767282825.7,24663,F1,1,,,,,
2025-09-24,2025-09-24,CM,NSE,STK,13436,INE397H01017,LOKESHMACH,EQ,,,,,LOKESH MACHINES LTD,203.0,207.9,198.2,203.02,204.0,204.03,,203.02,,,71867,14629424.96,3201,F1,1,,,,,
2025-09-24,2025-09-24,CM,NSE,STK,18235,INE846D01012,LORDSCHLO,BE,,,,,LORDS CHLORO ALKALI LTD,175.25,179.0,175.25,176.3,175.5,176.74,,176.42,,,11928,2115308.62,120,F1,1,,,,,
2025-09-24,2025-09-24,CM,NSE,STK,14924,INE740X01023,LAL,EQ,,,,,LORENZINI APPARELS LTD,11.5,11.79,11.13,11.38,11.55,11.39,,11.5,,,15258,174693.04,127,F1,1,,,,,
2025-09-24,2025-09-24,CM,NSE,STK,16811,INE947I01017,LOTUSEYE,BE,,,,,LOTUS EYE HOSP & INST L,123.35,123.65,119.0,120.44,119.12,120.93,,120.43,,,14115,1704029.18,124,F1,1,,,,,
2025-09-24,2025-09-24,CM,NSE,STK,22415,INE597L01014,LOVABLE,EQ,,,,,LOVABLE LINGERIE LTD,99.69,102.0,98.0,98.77,99.0,100.43,,98.76,,,16075,1607006.83,423,F1,1,,,,,
2025-09-24,2025-09-24,CM,NSE,STK,10605,INE970D01010,LOYALTEX,BE,,,,,LOYAL TEXTILE MILLS LTD,321.9,321.9,297.0,311.15,311.15,308.95,,305.25,,,377,112156.95,12,F1,1,,,,,
2025-09-24,2025-09-24,CM,NSE,STK,13816,INE818H01020,LTFOODS,EQ,,,,,LT FOODS LIMITED,433.95,433.95,421.0,432.25,432.45,429.9,,432.25,,,998864,428327763.05,33484,F1,1,,,,,
2025-09-24,2025-09-24,CM,NSE,STK,17818,INE214T01019,LTIM,EQ,,,,,LTIMINDTREE LIMITED,5264.0,5275.0,5194.5,5207.0,5203.0,5262.5,,5207.5,,,262080,1366230115.0,30294,F1,1,,,,,
2025-09-24,2025-09-24,CM,NSE,STK,14014,INE872H01027,LUMAXTECH,EQ,,,,,LUMAX AUTO TECH LTD,1193.0,1294.0,1176.4,1258.4,1252.0,1176.4,,1258.4,,,1301397,1638175681.1,57492,F1,1,,,,,
2025-09-24,2025-09-24,CM,NSE,STK,2018,INE162B01018,LUMAXIND,EQ,,,,,LUMAX INDUSTRIES LTD,4597.5,4783.8,4568.1,4712.8,4720.0,4597.4,,4713.1,,,62371,292815864.6,13870,F1,1,,,,,
2025-09-24,2025-09-24,CM,NSE,STK,10440,INE326A01037,LUPIN,EQ,,,,,LUPIN LIMITED,2004.1,2014.9,1988.0,1990.9,1991.0,2007.0,,1990.9,,,403694,806926958.8,36602,F1,1,,,,,
2025-09-24,2025-09-24,CM,NSE,STK,11301,INE150G01020,LUXIND,EQ,,,,,LUX INDUSTRIES LIMITED,1382.0,1399.9,1353.3,1361.8,1361.2,1369.5,,1361.7,,,13150,18098466.5,2374,F1,1,,,,,
2025-09-24,2025-09-24,CM,NSE,STK,2028,INE933A01014,LYKALABS,EQ,,,,,LYKA LABS LTD,99.1,100.06,98.5,99.22,98.51,99.79,,99.21,,,10784,1071668.99,270,F1,1,,,,,
2025-09-24,2025-09-24,CM,NSE,STK,31468,INE142K01011,LYPSAGEMS,EQ,,,,,LYPSA GEMS & JEWEL LTD,6.92,6.92,6.6,6.66,6.66,6.78,,6.66,,,53874,362067.73,262,F1,1,,,,,
2025-09-24,2025-09-24,CM,NSE,STK,758150,INE08N601015,MBEL,EQ,,,,,M AND B ENGINEERING LTD,417.7,417.85,410.0,411.65,410.0,419.4,,411.65,,,188994,78214587.55,15413,F1,1,,,,,
2025-09-24,2025-09-24,CM,NSE,STK,16736,INE964W01021,MKPL,EQ,,,,,M K PROTEINS LIMITED,7.65,7.65,6.9,7.05,7.11,7.61,,7.05,,,521777,3747614.19,1762,F1,1,,,,,
2025-09-24,2025-09-24,CM,NSE,STK,13285,INE774D01024,M&MFIN,EQ,,,,,M&M FIN. SERVICES LTD,281.95,286.6,279.2,282.15,282.45,282.8,,282.15,,,1439389,408911100.05,31038,F1,1,,,,,
2025-09-24,2025-09-24,CM,NSE,STK,22979,INE0SGC01015,MVKAGRO,ST,,,,,M.V.K. AGRO FOOD PROD LTD,466.5,468.15,466.5,468.15,468.15,459.0,,468.15,,,27600,12918960.0,13,F1,1200,,,,,
2025-09-24,2025-09-24,CM,NSE,STK,15017,INE215I01027,MAANALU,EQ,,,,,MAAN ALUMINIUM LIMITED,111.8,112.94,110.5,111.46,111.1,112.36,,111.45,,,34312,3840849.9,283,F1,1,,,,,
2025-09-24,2025-09-24,CM,NSE,STK,24545,INE0R0J01010,MACOBSTECH,SM,,,,,MACOBS TECHNOLOGIES LTD,204.0,207.9,202.05,202.25,202.05,202.0,,202.25,,,17600,3607040.0,17,F1,800,,,,,
2025-09-24,2025-09-24,CM,NSE,STK,22347,INE155Z01011,MACPOWER,EQ,,,,,MACPOWER CNC MACHINES LTD,857.95,887.0,856.0,870.1,885.0,869.6,,870.1,,,12825,11140509.2,2789,F1,1,,,,,
2025-09-24,2025-09-24,CM,NSE,STK,22360,INE813V01022,MCL,EQ,,,,,MADHAV COPPER LIMITED,48.3,48.3,46.45,46.92,47.2,47.84,,46.92,,,38971,1832522.88,546,F1,1,,,,,
2025-09-24,2025-09-24,CM,NSE,STK,15151,INE925C01016,MADHAV,EQ,,,,,MADHAV MARBLE & GRANITE,45.69,45.69,44.2,44.6,44.6,44.69,,44.6,,,5654,253055.9,91,F1,1,,,,,
2025-09-24,2025-09-24,CM,NSE,STK,13671,INE378D01032,MADHUCON,EQ,,,,,MADHUCON PROJECTS LTD.,7.2,7.38,7.2,7.26,7.29,7.26,,7.26,,,7922,57518.7,71,F1,1,,,,,
2025-09-24,2025-09-24,CM,NSE,STK,18728,INE0P6701019,MADHUSUDAN,SM,,,,,MADHUSUDAN MASALA LIMITED,141.95,146.85,141.95,143.35,142.05,139.0,,143.35,,,13000,1877100.0,13,F1,1000,,,,,
2025-09-24,2025-09-24,CM,NSE,STK,12686,INE900L01010,MBAPL,EQ,,,,,MADHYA BHARAT AGRO P. LTD,421.9,427.2,418.0,419.85,420.0,422.5,,419.85,,,102546,43461832.0,3286,F1,1,,,,,
2025-09-24,2025-09-24,CM,NSE,STK,4911,INE414A01015,MADRASFERT,EQ,,,,,MADRAS FERTILISERS LTD,88.8,89.64,88.0,88.14,88.1,89.04,,88.14,,,136655,12108840.85,1799,F1,1,,,,,
2025-09-24,2025-09-24,CM,NSE,STK,21392,INE347W01011,MAGADSUGAR,EQ,,,,,MAGADH SUGAR & ENERGY LTD,565.1,572.0,561.15,563.25,562.55,562.15,,563.25,,,2433,1375439.85,262,F1,1,,,,,
2025-09-24,2025-09-24,CM,NSE,STK,29482,INE613C01026,MCLOUD,EQ,,,,,MAGELLANIC CLOUD LIMITED,85.0,86.02,80.73,83.3,82.91,85.12,,83.3,,,7933617,662245942.93,26664,F1,1,,,,,
2025-09-24,2025-09-24,CM,NSE,STK,14957,INE387I01016,MAGNUM,EQ,,,,,MAGNUM VENTURES LTD.,26.36,26.45,26.14,26.16,26.31,26.17,,26.16,,,15923,417720.26,177,F1,1,,,,,
2025-09-24,2025-09-24,CM,NSE,STK,17088,INE0O1S01012,MAGSON,SM,,,,,MAGSON RETAIL AND DIST L,112.4,115.5,112.4,115.4,115.4,110.0,,115.4,,,9000,1033400.0,9,F1,1000,,,,,
2025-09-24,2025-09-24,CM,NSE,STK,5239,INE843B01013,MAHAPEXLTD,EQ,,,,,MAHA RASHTRA APEX COPR. L,106.99,106.99,103.01,105.35,106.35,105.07,,105.41,,,6160,647746.13,272,F1,1,,,,,
2025-09-24,2025-09-24,CM,NSE,STK,24937,INE0US801024,MFML,EQ,,,,,MAHALAXMI FABRIC MILLS LT,32.0,32.98,30.8,31.18,31.0,32.34,,31.18,,,21506,676387.75,273,F1,1,,,,,
2025-09-24,2025-09-24,CM,NSE,STK,7886,INE112D01035,MHLXMIRU,EQ,,,,,MAHALAXMI RUBTECH LIMITED,218.0,227.49,218.0,221.06,221.12,219.5,,222.91,,,1084,240791.43,84,F1,1,,,,,
2025-09-24,2025-09-24,CM,NSE,STK,17527,INE451L01014,MAHASTEEL,EQ,,,,,MAHAMAYA STEEL INDS LTD,407.95,410.0,401.5,409.85,410.0,402.5,,409.85,,,44898,18207477.9,544,F1,1,,,,,
2025-09-24,2025-09-24,CM,NSE,STK,17534,INE002S01010,MGL,EQ,,,,,MAHANAGAR GAS LTD.,1308.2,1313.0,1275.5,1278.6,1279.0,1308.2,,1278.6,,,270416,348069990.0,23782,F1,1,,,,,
2025-09-24,2025-09-24,CM,NSE,STK,2294,INE153A01019,MTNL,EQ,,,,,MAHANAGAR TELEPHONE NIGAM,44.15,44.25,43.01,43.3,43.11,44.1,,43.3,,,1359881,59451172.68,6164,F1,1,,,,,
2025-09-24,2025-09-24,CM,NSE,STK,2085,INE288A01013,MAHSCOOTER,EQ,,,,,MAHARASHTRA SCOOTERS LTD,17553.0,18132.0,17322.0,17872.0,17774.0,17553.0,,17873.0,,,10306,183099869.0,4122,F1,1,,,,,
2025-09-24,2025-09-24,CM,NSE,STK,2088,INE271B01025,MAHSEAMLES,EQ,,,,,MAHARASHTRA SEAMLESS LTD,595.05,629.8,595.05,603.7,604.9,600.5,,603.7,,,597636,366608174.05,34419,F1,1,,,,,
2025-09-24,2025-09-24,CM,NSE,STK,758685,INE632Q01018,MRIL,SM,,,,,MAHENDRA REALTO & INFRA L,53.55,53.75,53.5,53.5,53.5,53.15,,53.5,,,35200,1883760.0,15,F1,1600,,,,,
2025-09-24,2025-09-24,CM,NSE,STK,9576,INE263W01010,MAHESHWARI,EQ,,,,,MAHESHWARI LOGISTICS LTD.,60.68,60.68,58.0,59.0,58.98,59.04,,59.0,,,6670,391918.27,144,F1,1,,,,,
2025-09-24,2025-09-24,CM,NSE,STK,2839,INE961Y01015,MAHICKRA,SM,,,,,MAHICKRA CHEMICAL LIMITED,171.0,171.0,161.0,161.0,161.0,157.6,,161.0,,,1500,249000.0,2,F1,750,,,,,
2025-09-24,2025-09-24,CM,NSE,STK,2031,INE101A01026,M&M,EQ,,,,,MAHINDRA & MAHINDRA LTD,3614.5,3626.3,3568.0,3574.9,3580.5,3614.6,,3574.9,,,1320014,4743596986.0,99535,F1,1,,,,,
2025-09-24,2025-09-24,CM,NSE,STK,17603,INE215D01010,MAHEPC,EQ,,,,,MAHINDRA EPC IRRIG LTD,154.0,155.39,149.45,150.9,150.0,153.24,,150.9,,,32360,4929365.81,1098,F1,1,,,,,
2025-09-24,2025-09-24,CM,NSE,STK,17333,INE998I01010,MHRIL,EQ,,,,,MAHINDRA HOLIDAYS LTD,355.0,357.8,352.8,354.1,353.9,354.55,,354.1,,,29425,10431466.45,1676,F1,1,,,,,
2025-09-24,2025-09-24,CM,NSE,STK,8050,INE813A01018,MAHLIFE,EQ,,,,,MAHINDRA LIFESPACE DEVLTD,375.0,375.0,366.2,370.4,371.85,375.35,,370.35,,,80698,29840288.7,4595,F1,1,,,,,
2025-09-24,2025-09-24,CM,NSE,STK,385,INE766P01016,MAHLOG,EQ,,,,,MAHINDRA LOGISTIC LIMITED,359.15,360.55,345.8,353.55,354.25,359.15,,353.55,,,136161,48183696.95,5419,F1,1,,,,,
2025-09-24,2025-09-24,CM,NSE,STK,24538,INE683C01011,MAITHANALL,EQ,,,,,MAITHAN ALLOYS LTD,1141.9,1192.0,1132.0,1155.0,1146.3,1137.4,,1154.9,,,28673,33030055.0,3782,F1,1,,,,,
2025-09-24,2025-09-24,CM,NSE,STK,7965,INE389C01015,MALLCOM,EQ,,,,,MALLCOM (INDIA) LIMITED,1344.2,1421.0,1330.0,1378.6,1371.6,1334.8,,1378.6,,,15535,21382259.0,1920,F1,1,,,,,
2025-09-24,2025-09-24,CM,NSE,STK,13352,INE383H01017,MALUPAPER,EQ,,,,,MALU PAPER MILLS LIMITED,39.89,41.27,39.0,39.27,39.2,39.72,,39.27,,,28748,1144493.97,723,F1,1,,,,,
2025-09-24,2025-09-24,CM,NSE,STK,28687,INE0TO701015,MAMATA,EQ,,,,,MAMATA MACHINERY LIMITED,492.6,502.5,484.55,493.65,492.9,491.6,,493.5,,,792263,390584458.85,20132,F1,1,,,,,
2025-09-24,2025-09-24,CM,NSE,STK,7413,INE830Q01018,MANAKCOAT,EQ,,,,,MAN COAT METAL & IND LTD,145.51,146.51,141.35,142.39,142.0,145.51,,142.39,,,69577,9994461.91,1557,F1,1,,,,,
2025-09-24,2025-09-24,CM,NSE,STK,11884,INE993A01026,MANINDS,EQ,,,,,MAN INDUSTRIES (I) LTD.,454.0,455.35,434.2,436.6,436.4,452.7,,436.6,,,403800,177988013.1,13173,F1,1,,,,,
2025-09-24,2025-09-24,CM,NSE,STK,18226,INE949H01023,MANINFRA,EQ,,,,,MAN INFRA LTD,154.49,156.5,153.0,153.3,153.6,154.48,,153.3,,,228952,35309079.69,4894,F1,1,,,,,
2025-09-24,2025-09-24,CM,NSE,STK,7420,INE859Q01017,MANAKALUCO,EQ,,,,,MANAK ALUMINIUM CO. LTD.,30.47,30.47,29.7,29.83,29.92,30.16,,29.84,,,22149,666069.04,241,F1,1,,,,,
2025-09-24,2025-09-24,CM,NSE,STK,15199,INE015D01022,MANAKSIA,EQ,,,,,MANAKSIA LTD.,70.99,71.0,69.85,69.98,69.95,71.37,,69.99,,,25751,1811001.55,849,F1,1,,,,,
2025-09-24,2025-09-24,CM,NSE,STK,7482,INE824Q01011,MANAKSTEEL,BE,,,,,MANAKSIA STEELS LTD,60.52,62.4,60.12,60.48,60.12,60.72,,60.55,,,5461,335344.27,65,F1,1,,,,,
2025-09-24,2025-09-24,CM,NSE,STK,13796,INE201A01024,MANALIPETC,EQ,,,,,MANALI PETROCHEMICALS LT,66.8,67.91,66.15,66.33,66.23,66.83,,66.33,,,186973,12528356.34,2408,F1,1,,,,,
2025-09-24,2025-09-24,CM,NSE,STK,19061,INE522D01027,MANAPPURAM,EQ,,,,,MANAPPURAM FINANCE LTD,291.8,295.55,285.5,286.95,286.0,293.25,,286.95,,,2400471,697087717.05,24527,F1,1,,,,,
2025-09-24,2025-09-24,CM,NSE,STK,21698,INE104Y01012,MANAV,ST,,,,,MANAV INFRA PROJECTS LTD,18.15,18.15,18.15,18.15,18.15,17.3,,18.15,,,4000,72600.0,1,F1,4000,,,,,
2025-09-24,2025-09-24,CM,NSE,STK,25597,INE939X01013,MANBA,EQ,,,,,MANBA FINANCE LIMITED,137.5,138.99,135.8,136.36,135.9,137.89,,136.35,,,83302,11431712.33,1089,F1,1,,,,,
2025-09-24,2025-09-24,CM,NSE,STK,15007,INE558B01017,MANGCHEFER,EQ,,,,,MANG.CHEM.FERT.LTD,311.0,333.9,311.0,331.4,330.4,316.0,,331.4,,,688768,224341144.35,13781,F1,1,,,,,
2025-09-24,2025-09-24,CM,NSE,STK,24823,INE545L01039,MANCREDIT,EQ,,,,,MANGAL CREDIT N FINCORP L,189.39,190.35,187.51,188.79,190.0,189.78,,188.78,,,23714,4486395.01,171,F1,1,,,,,
2025-09-24,2025-09-24,CM,NSE,STK,758748,INE0PKD01011,MEIL,EQ,,,,,MANGAL ELECTRICAL IND L,486.0,486.8,477.3,479.4,478.4,486.05,,479.4,,,235606,113149363.7,5015,F1,1,,,,,
2025-09-24,2025-09-24,CM,NSE,STK,19134,INE00C401011,MAL,SM,,,,,MANGALAM ALLOYS LIMITED,58.0,58.85,55.55,58.1,58.85,57.0,,58.1,,,28800,1671760.0,12,F1,1600,,,,,
2025-09-24,2025-09-24,CM,NSE,STK,2106,INE347A01017,MANGLMCEM,EQ,,,,,MANGALAM CEMENT LTD,749.9,757.75,740.0,743.3,740.2,741.45,,743.2,,,27423,20521591.6,2287,F1,1,,,,,
2025-09-24,2025-09-24,CM,NSE,STK,11817,INE584F01014,MANGALAM,EQ,,,,,MANGALAM DRUG & CHEM LTD,75.44,75.55,74.0,74.27,74.96,74.78,,74.28,,,15095,1124087.39,406,F1,1,,,,,
2025-09-24,2025-09-24,CM,NSE,STK,1593,INE0APB01032,MGEL,EQ,,,,,MANGALAM GLOBAL ENT LTD,16.69,17.91,15.9,17.11,17.45,16.05,,17.11,,,2998119,50596941.56,4373,F1,1,,,,,
2025-09-24,2025-09-24,CM,NSE,STK,6422,INE370D01013,MANORG,EQ,,,,,MANGALAM ORGANICS LIMITED,554.5,559.7,546.05,551.05,559.7,554.5,,551.3,,,3643,2010568.35,117,F1,1,,,,,
2025-09-24,2025-09-24,CM,NSE,STK,759169,INE0JYY01011,MWL,EQ,,,,,MANGALAM WORLDWIDE LTD,240.0,241.8,230.0,238.4,238.45,238.25,,238.4,,,13368,3167865.45,245,F1,1,,,,,
2025-09-24,2025-09-24,CM,NSE,STK,24632,INE0R3101011,MIEL,ST,,,,,MANGLAM INFRA & ENG LTD,23.55,25.5,23.5,25.5,25.5,24.3,,25.5,,,8000,193500.0,4,F1,2000,,,,,
2025-09-24,2025-09-24,CM,NSE,STK,15380,INE634S01028,MANKIND,EQ,,,,,MANKIND PHARMA LIMITED,2565.9,2570.0,2521.1,2529.7,2529.7,2564.3,,2529.7,,,195372,496477637.1,16109,F1,1,,,,,
2025-09-24,2025-09-24,CM,NSE,STK,19015,INE0KNT01012,MVGJL,EQ,,,,,MANOJ VAIBHAV GEM N JEW L,199.32,200.29,197.04,197.48,198.5,198.32,,197.48,,,41804,8280331.57,2215,F1,1,,,,,
2025-09-24,2025-09-24,CM,NSE,STK,13753,INE784W01015,MANOMAY,EQ,,,,,MANOMAY TEX INDIA LTD,170.01,175.19,170.0,170.0,170.0,170.78,,170.0,,,1503,256103.42,32,F1,1,,,,,
2025-09-24,2025-09-24,CM,NSE,STK,10227,INE00VM01036,MANORAMA,EQ,,,,,MANORAMA INDUSTRIES LTD,1421.0,1489.0,1421.0,1464.5,1456.0,1432.8,,1464.6,,,156646,229761455.9,14076,F1,1,,,,,
2025-09-24,2025-09-24,CM,NSE,STK,13575,INE867A01022,MANUGRAPH,BE,,,,,MANUGRAPH INDIA LIMITED,21.56,21.99,21.56,21.99,21.99,21.56,,21.99,,,5303,115900.24,14,F1,1,,,,,
2025-09-24,2025-09-24,CM,NSE,STK,2112,INE882A01013,MARALOVER,EQ,,,,,MARAL OVERSEAS LTD,48.95,49.11,47.61,47.93,48.85,48.04,,47.93,,,29658,1430945.39,463,F1,1,,,,,
2025-09-24,2025-09-24,CM,NSE,STK,18659,INE182D01020,MARATHON,EQ,,,,,MARATHON NXTGEN REALT LTD,671.0,671.0,632.5,637.8,635.0,673.2,,637.75,,,90370,58445894.3,7349,F1,1,,,,,
2025-09-24,2025-09-24,CM,NSE,STK,18773,INE0QP001012,MARCO,SM,,,,,MARCO CABLE & CONDUCTOR L,40.0,40.95,40.0,40.5,40.5,40.5,,40.5,,,4500,182175.0,3,F1,1500,,,,,
2025-09-24,2025-09-24,CM,NSE,STK,4067,INE196A01026,MARICO,EQ,,,,,MARICO LIMITED,709.0,713.75,700.05,707.55,708.05,706.0,,707.55,,,2131661,1508412291.75,64976,F1,1,,,,,
2025-09-24,2025-09-24,CM,NSE,STK,1328,INE01JE01028,MARINE,EQ,,,,,MARINE ELECTRICAL (I) LTD,219.9,223.9,216.8,217.54,217.99,217.98,,217.54,,,444681,97856354.61,6667,F1,1,,,,,
2025-09-24,2025-09-24,CM,NSE,STK,10579,INE750C01026,MARKSANS,EQ,,,,,MARKSANS PHARMA LIMITED,171.34,172.47,169.26,170.08,170.46,171.32,,170.09,,,874409,149158878.46,20233,F1,1,,,,,
2025-09-24,2025-09-24,CM,NSE,STK,10999,INE585B01010,MARUTI,EQ,,,,,MARUTI SUZUKI INDIA LTD.,16188.0,16375.0,16063.0,16249.0,16254.0,16097.0,,16249.0,,,663647,10777689205.0,105290,F1,1,,,,,
2025-09-24,2025-09-24,CM,NSE,STK,2132,INE575Z01010,MDL,SM,,,,,MARVEL DECOR LIMITED,99.45,99.45,99.45,99.45,99.45,100.35,,99.45,,,1000,99450.0,1,F1,1000,,,,,
2025-09-24,2025-09-24,CM,NSE,STK,199,INE348L01012,MASFIN,EQ,,,,,MAS FINANCIAL SERV LTD,314.3,318.1,312.15,316.15,316.5,314.4,,316.15,,,182017,57347460.45,4367,F1,1,,,,,
2025-09-24,2025-09-24,CM,NSE,STK,18727,INE885F01015,MASKINVEST,EQ,,,,,MASK INVESTMENTS LIMITED,150.0,166.4,150.0,161.42,160.5,164.99,,161.42,,,1930,309075.56,65,F1,1,,,,,
2025-09-24,2025-09-24,CM,NSE,STK,24281,INE0SH001010,MASON,ST,,,,,MASON INFRATECH LIMITED,205.0,205.0,201.2,201.2,201.2,201.5,,201.2,,,6000,1218300.0,6,F1,1000,,,,,
2025-09-24,2025-09-24,CM,NSE,STK,2124,INE759A01021,MASTEK,EQ,,,,,MASTEK LTD,2302.9,2303.9,2144.3,2214.2,2216.0,2290.8,,2214.2,,,173755,384504134.8,22588,F1,1,,,,,
2025-09-24,2025-09-24,CM,NSE,STK,19011,INE0OJM01017,MASTER,SM,,,,,MASTER COMPONENTS LIMITED,360.0,360.0,357.0,357.0,357.0,367.65,,357.0,,,1000,358500.0,2,F1,500,,,,,
2025-09-24,2025-09-24,CM,NSE,STK,27047,INE677D01037,MASTERTR,EQ,,,,,MASTER TRUST LIMITED,142.0,143.54,136.53,137.97,137.01,141.15,,137.98,,,984350,138621714.53,3668,F1,1,,,,,
2025-09-24,2025-09-24,CM,NSE,STK,21726,INE866R01028,MATRIMONY,EQ,,,,,MATRIMONY.COM LIMITED,512.4,546.95,504.05,523.35,528.0,507.8,,523.35,,,128749,66145453.9,2168,F1,1,,,,,
2025-09-24,2025-09-24,CM,NSE,STK,17022,INE636A01039,MAWANASUG,EQ,,,,,MAWANA SUGARS LIMITED,91.93,93.0,91.05,91.37,91.85,91.93,,91.37,,,50355,4625890.45,2529,F1,1,,,,,
2025-09-24,2025-09-24,CM,NSE,STK,19646,INE03EI01018,MAXESTATES,EQ,,,,,MAX ESTATES LIMITED,456.1,459.55,445.45,456.55,456.0,456.1,,456.55,,,80457,36371619.05,4321,F1,1,,,,,
2025-09-24,2025-09-24,CM,NSE,STK,2142,INE180A01020,MFSL,EQ,,,,,MAX FINANCIAL SERV LTD,1586.0,1594.3,1574.6,1584.9,1585.5,1584.5,,1584.9,,,344824,545855972.2,24268,F1,1,,,,,
2025-09-24,2025-09-24,CM,NSE,STK,22377,INE027H01010,MAXHEALTH,EQ,,,,,MAX HEALTHCARE INS LTD,1154.0,1157.0,1125.3,1133.2,1135.0,1157.0,,1133.2,,,3419746,3884819269.9,72740,F1,1,,,,,
2025-09-24,2025-09-24,CM,NSE,STK,22428,INE0CG601016,MAXIND,EQ,,,,,MAX INDIA LIMITED,207.99,207.99,200.0,201.31,201.4,205.43,,201.36,,,33656,6840150.67,1692,F1,1,,,,,
2025-09-24,2025-09-24,CM,NSE,STK,29645,INE10A501018,MAXVOLT,SM,,,,,MAXVOLT ENERGY INDUS L,230.0,234.4,227.8,233.8,233.0,229.0,,233.8,,,130400,30005400.0,61,F1,800,,,,,
2025-09-24,2025-09-24,CM,NSE,STK,757587,INE0ZTO01018,MAYASHEEL,SM,,,,,MAYASHEEL VENTURES LTD,61.75,61.75,59.3,59.65,59.3,61.35,,59.65,,,84000,5099850.0,18,F1,3000,,,,,
2025-09-24,2025-09-24,CM,NSE,STK,28906,INE040D01038,MAYURUNIQ,EQ,,,,,MAYUR UNIQUOTERS LTD,518.05,525.2,518.05,523.1,523.0,522.1,,523.1,,,16366,8554305.9,1016,F1,1,,,,,
2025-09-24,2025-09-24,CM,NSE,STK,509,INE249Z01020,MAZDOCK,EQ,,,,,MAZAGON DOCK SHIPBUIL LTD,2959.7,2995.0,2924.0,2940.2,2945.0,2939.5,,2940.2,,,1486145,4393960224.5,76893,F1,1,,,,,
2025-09-24,2025-09-24,CM,NSE,STK,18866,INE885E01042,MAZDA,EQ,,,,,MAZDA LIMITED,277.45,279.65,269.45,269.95,270.8,276.1,,270.0,,,21571,5915372.95,1896,F1,1,,,,,
2025-09-24,2025-09-24,CM,NSE,STK,18029,INE912H01013,MBLINFRA,EQ,,,,,MBL INFRASTRUCTURE LTD,44.57,46.39,44.03,44.45,44.33,43.99,,44.45,,,255770,11570595.16,2183,F1,1,,,,,
2025-09-24,2025-09-24,CM,NSE,STK,11943,INE942G01012,MCLEODRUSS,EQ,,,,,MCLEOD RUSSEL INDIA LTD.,38.3,40.44,37.78,40.01,40.0,37.92,,40.03,,,1686102,66777717.05,5896,F1,1,,,,,
2025-09-24,2025-09-24,CM,NSE,STK,14574,INE0O4M01019,MCON,SM,,,,,MCON RASAYAN INDIA LTD,68.25,68.25,64.85,64.9,64.85,68.25,,64.9,,,36000,2353700.0,31,F1,1000,,,,,
2025-09-24,2025-09-24,CM,NSE,STK,21705,INE456Z01021,MEDIASSIST,EQ,,,,,MEDI ASSIST HEALTH SER L,516.05,543.45,516.05,540.9,535.2,520.65,,540.9,,,303597,161129876.9,15512,F1,1,,,,,
2025-09-24,2025-09-24,CM,NSE,STK,6278,INE646B01010,MEDICAMEQ,EQ,,,,,MEDICAMEN BIOTECH LIMITED,336.95,342.9,327.0,329.85,330.0,333.2,,330.15,,,11342,3799896.4,1033,F1,1,,,,,
2025-09-24,2025-09-24,CM,NSE,STK,9667,INE630Y01024,MEDICO,EQ,,,,,MEDICO REMEDIES LIMITED,46.2,48.74,46.03,47.99,48.04,45.8,,47.99,,,3918041,187949137.44,9937,F1,1,,,,,
2025-09-24,2025-09-24,CM,NSE,STK,758423,INE0UOY01019,MEDISTEP,SM,,,,,MEDISTEP HEALTHCARE LTD,32.0,32.2,31.4,31.45,31.45,32.1,,31.45,,,21000,665850.0,7,F1,3000,,,,,
2025-09-24,2025-09-24,CM,NSE,STK,7254,INE804L01022,MEDPLUS,EQ,,,,,MEDPLUS HEALTH SERV LTD,805.0,813.25,780.1,789.15,780.1,808.15,,789.15,,,144509,114725686.6,16867,F1,1,,,,,
2025-09-24,2025-09-24,CM,NSE,STK,10971,INE0G1D01014,MEGAFLEX,SM,,,,,MEGA FLEX PLASTICS LTD,67.0,67.55,66.0,67.55,67.55,64.95,,67.55,,,51000,3436350.0,16,F1,3000,,,,,
2025-09-24,2025-09-24,CM,NSE,STK,14793,INE933B01012,MEGASOFT,EQ,,,,,MEGASOFT LTD,167.89,174.0,164.2,165.47,165.7,169.96,,165.48,,,296100,50012656.02,3569,F1,1,,,,,
2025-09-24,2025-09-24,CM,NSE,STK,8153,INE00EM01016,MEGASTAR,EQ,,,,,MEGASTAR FOODS LIMITED,221.15,221.15,216.01,218.07,218.1,216.22,,218.01,,,2616,571360.87,67,F1,1,,,,,
2025-09-24,2025-09-24,CM,NSE,STK,22560,INE531R01010,MEGATHERM,SM,,,,,MEGATHERM INDUCTION LTD,280.0,289.5,280.0,285.8,284.8,278.55,,285.8,,,32000,9122560.0,44,F1,400,,,,,
2025-09-24,2025-09-24,CM,NSE,STK,5394,INE0CT101020,MOL,EQ,,,,,MEGHMANI ORGANICS LIMITED,86.19,86.4,84.35,84.89,85.05,86.0,,84.85,,,493532,42070356.52,5949,F1,1,,,,,
2025-09-24,2025-09-24,CM,NSE,STK,6961,INE071D01033,MENONBE,EQ,,,,,MENON BEARINGS LIMITED,135.23,135.9,132.0,133.56,132.0,135.23,,133.56,,,42411,5678666.92,650,F1,1,,,,,
2025-09-24,2025-09-24,CM,NSE,STK,25882,INE776I01010,MEP,BZ,,,,,MEP INFRA. DEVELOPERS LTD,1.73,1.73,1.73,1.73,1.73,1.7,,1.73,,,13277,22969.21,8,F1,1,,,,,
2025-09-24,2025-09-24,CM,NSE,STK,7242,INE317I01021,METROBRAND,EQ,,,,,METRO BRANDS LIMITED,1290.0,1290.0,1265.2,1276.1,1281.0,1277.6,,1276.1,,,81335,103740254.2,4616,F1,1,,,,,
2025-09-24,2025-09-24,CM,NSE,STK,9581,INE112L01020,METROPOLIS,EQ,,,,,METROPOLIS HEALTHCARE LTD,2053.1,2113.9,2050.1,2082.2,2100.0,2050.1,,2082.2,,,35575,74185311.2,7594,F1,1,,,,,
2025-09-24,2025-09-24,CM,NSE,STK,7169,INE287C01037,MICEL,EQ,,,,,MIC ELECTRONICS LTD,62.91,65.75,60.0,61.03,60.65,62.85,,61.04,,,20222150,1285198953.42,53458,F1,1,,,,,
2025-09-24,2025-09-24,CM,NSE,STK,19887,INE0PZK01014,MICROPRO,SM,,,,,MICROPRO SOFTWARE SOL L,25.4,25.4,23.0,23.55,23.2,23.2,,23.55,,,19200,458800.0,12,F1,1600,,,,,
2025-09-24,2025-09-24,CM,NSE,STK,25897,INE842C01021,MINDACORP,EQ,,,,,MINDA CORPORATION LTD,550.0,601.65,550.0,579.1,577.5,534.5,,579.1,,,25409277,14786794965.55,378493,F1,1,,,,,
2025-09-24,2025-09-24,CM,NSE,STK,22308,INE0CCU25019,MINDSPACE,RR,,,,,MINDSPACE BUSINESS P REIT,442.77,447.81,439.05,443.73,446.86,440.97,,443.82,,,89956,40007743.71,3355,F1,1,,,,,
2025-09-24,2025-09-24,CM,NSE,STK,18053,INE110B01017,MINDTECK,BE,,,,,MINDTECK (INDIA) LIMITED,246.0,249.5,240.0,240.62,243.55,244.0,,241.01,,,41375,10092135.24,539,F1,1,,,,,
2025-09-24,2025-09-24,CM,NSE,STK,19640,INF769K01KU7,ALPHAETF,EQ,,,,,MIRAEAMC - ALPHAETF,24.55,25.27,24.55,24.98,24.98,25.18,,24.98,,,598681,14993285.38,1336,F1,1,,,,,
2025-09-24,2025-09-24,CM,NSE,STK,17419,INF769K01KR3,BANKETF,EQ,,,,,MIRAEAMC - BANKETF,563.0,563.0,558.2,559.28,559.5,563.16,,559.28,,,1175,658135.49,92,F1,1,,,,,
2025-09-24,2025-09-24,CM,NSE,STK,25725,INF769K01LZ4,BANKPSU,EQ,,,,,MIRAEAMC - BANKPSU,74.71,75.85,74.51,74.6,74.51,74.71,,74.61,,,12491,938594.69,88,F1,1,,,,,
2025-09-24,2025-09-24,CM,NSE,STK,28969,INF769K01NS5,CONSUMER,EQ,,,,,MIRAEAMC - CONSUMER,12.38,12.38,12.21,12.22,12.23,12.34,,12.22,,,77615,952482.76,374,F1,1,,,,,
2025-09-24,2025-09-24,CM,NSE,STK,30121,INF769K01OA1,EQUAL200,EQ,,,,,MIRAEAMC - EQUAL200,13.33,13.33,13.18,13.18,13.19,13.33,,13.18,,,10228,135322.6,112,F1,1,,,,,
2025-09-24,2025-09-24,CM,NSE,STK,757142,INF769K01OO2,EQUAL50,EQ,,,,,MIRAEAMC - EQUAL50,324.2,324.67,323.74,323.92,323.92,325.36,,323.92,,,204,66101.32,7,F1,1,,,,,
2025-09-24,2025-09-24,CM,NSE,STK,24461,INF769K01LQ3,EVINDIA,EQ,,,,,MIRAEAMC - EVINDIA,31.8,31.96,31.41,31.47,31.49,31.78,,31.46,,,219226,6918404.39,2015,F1,1,,,,,
2025-09-24,2025-09-24,CM,NSE,STK,758595,INF769K01PB6,INTERNET,EQ,,,,,MIRAEAMC - INTERNET,14.58,14.6,14.41,14.44,14.46,14.61,,14.44,,,229495,3329608.54,207,F1,1,,,,,
2025-09-24,2025-09-24,CM,NSE,STK,19633,INF769K01KV5,ITETF,EQ,,,,,MIRAEAMC - ITETF,36.75,36.75,36.2,36.32,36.32,36.56,,36.33,,,309598,11263968.07,971,F1,1,,,,,
2025-09-24,2025-09-24,CM,NSE,STK,17572,INF769K01KS1,LIQUID,EQ,,,,,MIRAEAMC - LIQUID,999.99,1000.0,999.99,999.99,999.99,999.99,,999.99,,,108914,108913415.77,135,F1,1,,,,,
2025-09-24,2025-09-24,CM,NSE,STK,27075,INF769K01MY5,LIQUIDPLUS,EQ,,,,,MIRAEAMC - LIQUIDPLUS,1051.78,1051.78,1051.76,1051.77,1051.76,1051.62,,1051.77,,,62798,66049432.29,36,F1,1,,,,,
2025-09-24,2025-09-24,CM,NSE,STK,1200,INF769K01GS9,ESG,EQ,,,,,MIRAEAMC - MAESGETF,43.16,43.16,42.82,42.82,42.95,43.2,,42.82,,,39680,1700410.75,108,F1,1,,,,,
2025-09-24,2025-09-24,CM,NSE,STK,3507,INF769K01HF4,MAFANG,EQ,,,,,MIRAEAMC - MAFANG,171.2,171.2,170.0,171.2,171.2,171.78,,171.2,,,164649,28183661.89,2837,F1,1,,,,,
2025-09-24,2025-09-24,CM,NSE,STK,5220,INF769K01HI8,BFSI,EQ,,,,,MIRAEAMC - MAFSETF,27.73,27.73,26.5,27.29,27.3,27.45,,27.27,,,100997,2756529.86,655,F1,1,,,,,
2025-09-24,2025-09-24,CM,NSE,STK,14286,INF769K01JP9,GOLDETF,EQ,,,,,MIRAEAMC - MAGOLDETF,111.79,111.79,110.82,111.2,111.27,111.37,,111.2,,,1799438,200189317.28,3806,F1,1,,,,,
2025-09-24,2025-09-24,CM,NSE,STK,14938,INF769K01KF8,GSEC10YEAR,EQ,,,,,MIRAEAMC - MAGS813ETF,29.45,29.45,29.21,29.22,29.22,29.26,,29.22,,,5307,155279.21,25,F1,1,,,,,
2025-09-24,2025-09-24,CM,NSE,STK,7074,INF769K01HS7,MAHKTECH,EQ,,,,,MIRAEAMC - MAHKTECH,28.59,28.59,28.59,28.59,28.59,28.66,,28.59,,,200215,5724146.85,578,F1,1,,,,,
2025-09-24,2025-09-24,CM,NSE,STK,8413,INF769K01IC9,MIDCAPETF,EQ,,,,,MIRAEAMC - MAM150ETF,22.67,23.03,21.9,21.92,21.91,22.12,,21.92,,,2230352,49049816.08,6141,F1,1,,,,,
2025-09-24,2025-09-24,CM,NSE,STK,7979,INF769K01IB1,MAKEINDIA,EQ,,,,,MIRAEAMC - MAMFGETF,154.1,154.1,152.5,152.76,152.74,153.85,,152.76,,,15500,2371812.66,360,F1,1,,,,,
2025-09-24,2025-09-24,CM,NSE,STK,6353,INF769K01EG9,NIFTYETF,EQ,,,,,MIRAEAMC - MAN50ETF,271.34,271.34,269.54,270.1,269.74,271.14,,270.13,,,284427,76965699.29,804,F1,1,,,,,
2025-09-24,2025-09-24,CM,NSE,STK,14786,INF769K01JU9,LOWVOL,EQ,,,,,MIRAEAMC - MANV30F,208.4,208.5,207.58,208.33,208.33,208.92,,208.33,,,535,111246.56,9,F1,1,,,,,
2025-09-24,2025-09-24,CM,NSE,STK,17181,INF769K01FN2,NEXT50,EQ,,,,,MIRAEAMC - MANXT50,717.1,717.1,705.24,706.28,706.15,714.66,,706.24,,,25407,18032961.15,594,F1,1,,,,,
2025-09-24,2025-09-24,CM,NSE,STK,16777,INF769K01KG6,SILVERAG,EQ,,,,,MIRAEAMC - MASILVER,133.95,133.95,131.82,132.29,132.5,132.07,,132.29,,,370111,48976332.43,1036,F1,1,,,,,
2025-09-24,2025-09-24,CM,NSE,STK,5782,INF769K01HP3,MASPTOP50,EQ,,,,,MIRAEAMC - MASPTOP50,68.66,68.66,68.4,68.66,68.66,68.36,,68.66,,,475305,32629283.61,3106,F1,1,,,,,
2025-09-24,2025-09-24,CM,NSE,STK,25744,INF769K01LY7,METAL,EQ,,,,,MIRAEAMC - METAL,10.27,10.28,10.1,10.11,10.12,10.18,,10.11,,,720327,7326146.58,1086,F1,1,,,,,
2025-09-24,2025-09-24,CM,NSE,STK,23855,INF769K01LJ8,MIDSMALL,EQ,,,,,MIRAEAMC - MIDSMALL,48.86,48.89,48.4,48.48,48.41,48.86,,48.48,,,130186,6332695.19,879,F1,1,,,,,
2025-09-24,2025-09-24,CM,NSE,STK,25080,INF769K01LX9,MULTICAP,EQ,,,,,MIRAEAMC - MULTICAP,16.56,16.56,16.15,16.25,16.26,16.35,,16.25,,,93851,1528466.11,538,F1,1,,,,,
2025-09-24,2025-09-24,CM,NSE,STK,30109,INF769K01ON4,SELECTIPO,EQ,,,,,MIRAEAMC - SELECTIPO,51.2,51.2,49.25,49.34,49.34,49.96,,49.34,,,9156,453712.27,204,F1,1,,,,,
2025-09-24,2025-09-24,CM,NSE,STK,19224,INF769K01KT9,SENSEXETF,EQ,,,,,MIRAEAMC - SENSEXETF,84.49,84.49,83.5,83.65,83.73,84.07,,83.65,,,11933,999572.18,154,F1,1,,,,,
2025-09-24,2025-09-24,CM,NSE,STK,22832,INF769K01LC3,SMALLCAP,EQ,,,,,MIRAEAMC - SMALLCAP,47.38,47.38,45.84,45.9,45.84,46.23,,45.9,,,646711,29773813.04,2983,F1,1,,,,,
2025-09-24,2025-09-24,CM,NSE,STK,6853,INE831A01028,MIRCELECTR,BE,,,,,MIRCELECTR-DEPO,27.62,28.09,26.65,26.92,27.0,28.06,,26.93,,,802504,21973003.84,753,F1,1,,,,,
2025-09-24,2025-09-24,CM,NSE,STK,4394,INE771A01026,MIRZAINT,EQ,,,,,MIRZA INTERNATIONAL LIMIT,40.19,41.35,39.14,39.24,39.2,40.21,,39.24,,,442672,17708903.22,3029,F1,1,,,,,
2025-09-24,2025-09-24,CM,NSE,STK,2463,INE099Z01011,MIDHANI,EQ,,,,,MISHRA DHATU NIGAM LTD,402.7,408.0,392.0,394.9,394.8,404.3,,395.0,,,359121,143387832.15,13248,F1,1,,,,,
2025-09-24,2025-09-24,CM,NSE,STK,8469,INE828O01033,MITCON,EQ,,,,,MITCON CON & ENG SER LTD,71.73,74.09,67.32,69.01,68.49,69.58,,69.01,,,65222,4657691.2,964,F1,1,,,,,
2025-09-24,2025-09-24,CM,NSE,STK,18562,INE997Y01027,MITTAL,EQ,,,,,MITTAL LIFE STYLE LIMITED,1.6,1.69,1.58,1.62,1.63,1.6,,1.62,,,1558225,2537295.89,556,F1,1,,,,,
2025-09-24,2025-09-24,CM,NSE,STK,13844,INE227C01017,MMFL,EQ,,,,,MM FORGINGS LTD,329.0,331.2,321.0,322.45,323.35,328.25,,322.45,,,19205,6225643.35,1109,F1,1,,,,,
2025-09-24,2025-09-24,CM,NSE,STK,16395,INE511Y01018,MMP,EQ,,,,,MMP INDUSTRIES LIMITED,282.65,289.3,279.95,283.05,284.0,280.65,,283.05,,,15308,4356626.1,872,F1,1,,,,,
2025-09-24,2025-09-24,CM,NSE,STK,17957,INE123F01029,MMTC,EQ,,,,,MMTC LIMITED,70.4,70.59,67.9,68.25,68.37,70.14,,68.25,,,1791976,123494075.01,10260,F1,1,,,,,
2025-09-24,2025-09-24,CM,NSE,STK,2241,INE794W01014,MODTHREAD,EQ,,,,,MODERN THREADS INDIA LTD,46.0,49.01,45.61,48.01,48.01,47.59,,48.01,,,3447,165200.26,48,F1,1,,,,,
2025-09-24,2025-09-24,CM,NSE,STK,2229,INE832A01018,MODIRUBBER,EQ,,,,,MODI RUBBER LTD,119.3,121.4,117.41,119.29,119.84,120.63,,119.43,,,2456,293388.46,278,F1,1,,,,,
2025-09-24,2025-09-24,CM,NSE,STK,3316,INE737D01021,MODISONLTD,EQ,,,,,MODISON LIMITED,167.56,171.8,166.5,167.81,169.0,167.85,,167.78,,,166414,28210251.55,2329,F1,1,,,,,
2025-09-24,2025-09-24,CM,NSE,STK,1426,INE450S01011,MHHL,SM,,,,,MOHINI HEALTH&HYGIENE LTD,50.9,51.3,50.9,51.3,51.3,51.9,,51.3,,,4500,230175.0,3,F1,1500,,,,,
2025-09-24,2025-09-24,CM,NSE,STK,29427,INE954E01012,MOHITIND,BE,,,,,MOHIT INDUSTRIES LTD,33.84,33.84,32.15,33.08,33.2,33.85,,33.09,,,40738,1322409.98,132,F1,1,,,,,
2025-09-24,2025-09-24,CM,NSE,STK,20830,INE490G01020,MOIL,EQ,,,,,MOIL LIMITED,364.0,367.95,359.0,362.5,360.35,362.4,,362.5,,,800651,290898408.25,28988,F1,1,,,,,
2025-09-24,2025-09-24,CM,NSE,STK,3586,INE514Y01020,MOKSH,EQ,,,,,MOKSH ORNAMENTS LIMITED,14.7,15.04,14.5,14.54,14.6,14.91,,14.54,,,232706,3434735.12,463,F1,1,,,,,
2025-09-24,2025-09-24,CM,NSE,STK,6713,INE893J01029,MOLDTKPAC,EQ,,,,,MOLD-TEK PACKAGING LTD,791.05,801.0,778.85,784.5,780.0,801.2,,784.45,,,84505,66372247.8,5711,F1,1,,,,,
2025-09-24,2025-09-24,CM,NSE,STK,17625,INE835B01035,MOLDTECH,EQ,,,,,MOLD-TEK TECHNOLOGIES LTD,171.0,172.43,167.21,168.71,168.5,171.39,,168.6,,,48343,8188218.49,1482,F1,1,,,,,
2025-09-24,2025-09-24,CM,NSE,STK,7679,INE903D01011,MONARCH,EQ,,,,,MONARCH NETWORTH CAP LTD,330.4,333.65,325.7,326.6,326.0,330.55,,326.6,,,92966,30568269.7,2192,F1,1,,,,,
2025-09-24,2025-09-24,CM,NSE,STK,756961,INE1DV401010,MONOLITH,ST,,,,,MONOLITHISCH INDIA LTD,461.5,498.0,461.5,481.6,479.0,484.15,,481.6,,,32000,15539900.0,30,F1,1000,,,,,
2025-09-24,2025-09-24,CM,NSE,STK,5938,INE950M01013,MONTECARLO,EQ,,,,,MONTE CARLO FASHIONS LTD.,687.0,695.35,669.5,686.55,679.05,687.3,,686.55,,,79528,54442713.95,5219,F1,1,,,,,
2025-09-24,2025-09-24,CM,NSE,STK,25876,INE161G01027,MORARJEE,BZ,,,,,MORARJEE TEXTILES LIMITED,9.27,9.36,9.27,9.27,9.27,9.27,,9.17,,,510,4728.6,5,F1,1,,,,,
2025-09-24,2025-09-24,CM,NSE,STK,2259,INE083A01026,MOREPENLAB,EQ,,,,,MOREPEN LAB. LTD,51.81,52.05,50.54,50.81,50.8,51.97,,50.81,,,2344410,119940974.67,12878,F1,1,,,,,
2025-09-24,2025-09-24,CM,NSE,STK,15051,INE0N7S01028,MOS,SM,,,,,MOS UTILITY LIMITED,49.75,50.5,48.6,48.7,48.65,49.75,,48.7,,,110000,5420200.0,52,F1,2000,,,,,
2025-09-24,2025-09-24,CM,NSE,STK,29459,INE935B01025,MOSCHIP,EQ,,,,,MOSCHIP TECHNOLOGIES LTD,253.96,255.88,246.0,247.1,246.65,252.67,,247.09,,,3090960,776406228.04,33541,F1,1,,,,,
2025-09-24,2025-09-24,CM,NSE,STK,8596,INE0FS801015,MSUMI,EQ,,,,,MOTHERSON SUMI WRNG IND L,47.99,49.5,46.93,47.17,47.0,48.01,,47.17,,,9392109,453174893.24,33799,F1,1,,,,,
2025-09-24,2025-09-24,CM,NSE,STK,21423,INF247L01023,MOM100,EQ,,,,,MOTILAL OS MIDCAP100 ETF,63.19,63.19,62.26,62.39,62.67,62.84,,62.39,,,211400,13224873.67,2612,F1,1,,,,,
2025-09-24,2025-09-24,CM,NSE,STK,22739,INF247L01AP3,MON100,EQ,,,,,MOTILAL OS NASDAQ100 ETF,218.94,218.94,214.87,215.4,216.11,216.98,,215.41,,,765588,165236696.93,12426,F1,1,,,,,
2025-09-24,2025-09-24,CM,NSE,STK,14947,INE338I01027,MOTILALOFS,EQ,,,,,MOTILAL OSWAL FIN LTD,960.0,966.5,936.55,943.75,942.05,958.35,,943.7,,,477688,455497899.85,28141,F1,1,,,,,
2025-09-24,2025-09-24,CM,NSE,STK,19289,INF247L01536,MOM50,EQ,,,,,MOTILAL OSWAL M50 ETF,261.39,261.39,259.21,260.08,260.35,261.39,,260.08,,,2563,667153.92,116,F1,1,,,,,
2025-09-24,2025-09-24,CM,NSE,STK,1507,INF247L01AK4,MOGSEC,EQ,,,,,MOTILALAMC - G5,62.2,62.22,62.01,62.17,62.07,62.19,,62.17,,,3579,222081.78,47,F1,1,,,,,
2025-09-24,2025-09-24,CM,NSE,STK,757669,INF247L01FR8,MOALPHA50,EQ,,,,,MOTILALAMC - MOALPHA50,52.47,52.47,50.76,50.83,50.76,51.23,,50.83,,,1598,81527.91,38,F1,1,,,,,
2025-09-24,2025-09-24,CM,NSE,STK,30065,INF247L01EV3,MOCAPITAL,EQ,,,,,MOTILALAMC - MOCAPITAL,44.4,44.4,42.6,42.66,42.78,43.32,,42.66,,,374207,16042838.45,2682,F1,1,,,,,
2025-09-24,2025-09-24,CM,NSE,STK,24944,INF247L01DJ0,MODEFENCE,EQ,,,,,MOTILALAMC - MODEFENCE,92.11,92.11,88.5,88.68,88.8,89.87,,88.68,,,2317163,207138421.58,9988,F1,1,,,,,
2025-09-24,2025-09-24,CM,NSE,STK,757791,INF247L01FY4,MOGOLD,EQ,,,,,MOTILALAMC - MOGOLD,116.7,118.8,113.2,114.05,114.25,113.9,,114.05,,,1979052,224896971.9,1512,F1,1,,,,,
2025-09-24,2025-09-24,CM,NSE,STK,10508,INF247L01BB1,MOHEALTH,EQ,,,,,MOTILALAMC - MOHEALTH,44.07,45.78,44.07,44.95,45.1,45.2,,44.98,,,37206,1676400.1,513,F1,1,,,,,
2025-09-24,2025-09-24,CM,NSE,STK,757031,INF247L01FL1,MOINFRA,EQ,,,,,MOTILALAMC - MOINFRA,62.84,62.84,61.06,61.14,61.4,61.61,,61.14,,,1772,108778.89,48,F1,1,,,,,
2025-09-24,2025-09-24,CM,NSE,STK,8654,INF247L01BL0,MOLOWVOL,EQ,,,,,MOTILALAMC - MOLOWVOL,36.99,38.38,36.99,37.84,37.9,37.94,,37.84,,,61702,2336421.13,70,F1,1,,,,,
2025-09-24,2025-09-24,CM,NSE,STK,25606,INF247L01DK8,MOMENTUM50,EQ,,,,,MOTILALAMC - MOMENTUM50,52.15,52.19,51.48,51.54,51.54,51.9,,51.54,,,394446,20402887.95,2109,F1,1,,,,,
2025-09-24,2025-09-24,CM,NSE,STK,757099,INF247L01FK3,MOMGF,EQ,,,,,MOTILALAMC - MOMGF,151.44,159.0,148.53,149.52,149.9,150.69,,149.52,,,90681,13699966.36,747,F1,1,,,,,
2025-09-24,2025-09-24,CM,NSE,STK,757817,INF247L01FQ0,MOMIDMTM,EQ,,,,,MOTILALAMC - MOMIDMTM,63.24,63.24,61.5,61.55,61.85,62.26,,61.55,,,20156,1243827.89,305,F1,1,,,,,
2025-09-24,2025-09-24,CM,NSE,STK,8182,INF247L01BK2,MOMOMENTUM,EQ,,,,,MOTILALAMC - MOMOMENTUM,62.32,62.35,61.78,61.84,62.05,62.32,,61.84,,,95754,5945430.64,602,F1,1,,,,,
2025-09-24,2025-09-24,CM,NSE,STK,756900,INF247L01FC0,MON50EQUAL,EQ,,,,,MOTILALAMC - MON50EQUAL,33.28,33.28,32.31,32.47,32.49,32.45,,32.47,,,4881,158601.17,35,F1,1,,,,,
2025-09-24,2025-09-24,CM,NSE,STK,757167,INF247L01FD8,MONEXT50,EQ,,,,,MOTILALAMC - MONEXT50,69.61,70.7,68.2,68.39,68.76,69.27,,68.39,,,3825,262919.84,62,F1,1,,,,,
2025-09-24,2025-09-24,CM,NSE,STK,19237,INF247L01BU1,MONIFTY500,EQ,,,,,MOTILALAMC - MONIFTY500,24.23,24.23,23.65,23.71,23.8,23.82,,23.71,,,629357,14929824.94,1433,F1,1,,,,,
2025-09-24,2025-09-24,CM,NSE,STK,7422,INF247L01AU3,MONQ50,EQ,,,,,MOTILALAMC - MONQ50,91.5,91.5,89.11,90.27,90.01,90.6,,90.28,,,115499,10439316.73,1832,F1,1,,,,,
2025-09-24,2025-09-24,CM,NSE,STK,757431,INF247L01FO5,MOPSE,EQ,,,,,MOTILALAMC - MOPSE,99.49,99.77,99.04,99.17,99.17,99.0,,99.17,,,533,53064.01,21,F1,1,,,,,
2025-09-24,2025-09-24,CM,NSE,STK,10822,INF247L01BH8,MOQUALITY,EQ,,,,,MOTILALAMC - MOQUALITY,195.11,195.29,194.0,194.59,194.58,195.46,,194.59,,,940,183037.83,38,F1,1,,,,,
2025-09-24,2025-09-24,CM,NSE,STK,23184,INF247L01CI4,MOREALTY,EQ,,,,,MOTILALAMC - MOREALTY,91.89,91.89,89.09,89.28,89.45,91.26,,89.28,,,422893,37964408.25,3951,F1,1,,,,,
2025-09-24,2025-09-24,CM,NSE,STK,758457,INF247L01FZ1,MOSILVER,EQ,,,,,MOTILALAMC - MOSILVER,133.4,141.0,132.0,135.37,132.62,131.26,,135.37,,,843445,115183734.2,1163,F1,1,,,,,
2025-09-24,2025-09-24,CM,NSE,STK,23181,INF247L01CH6,MOSMALL250,EQ,,,,,MOTILALAMC - MOSMALL250,17.73,17.73,17.1,17.19,17.2,17.26,,17.19,,,719256,12398684.09,2370,F1,1,,,,,
2025-09-24,2025-09-24,CM,NSE,STK,757443,INF247L01FP2,MOTOUR,EQ,,,,,MOTILALAMC - MOTOUR,91.95,91.99,90.96,91.03,91.08,91.5,,91.03,,,7899,722559.37,72,F1,1,,,,,
2025-09-24,2025-09-24,CM,NSE,STK,10825,INF247L01BE5,MOVALUE,EQ,,,,,MOTILALAMC - MOVALUE,107.91,107.91,104.68,104.91,105.15,105.28,,104.88,,,101702,10715619.89,619,F1,1,,,,,
2025-09-24,2025-09-24,CM,NSE,STK,20788,INE0FRK01020,MOTISONS,EQ,,,,,MOTISONS JEWELLERS LTD,18.9,18.95,18.52,18.75,18.8,18.81,,18.74,,,1058195,19841883.63,3282,F1,1,,,,,
2025-09-24,2025-09-24,CM,NSE,STK,2268,INE861B01023,MOTOGENFIN,EQ,,,,,MOTOR & GENERAL FINANCE L,26.65,27.38,26.11,26.32,26.25,26.39,,26.32,,,41447,1103805.89,218,F1,1,,,,,
2025-09-24,2025-09-24,CM,NSE,STK,757810,INE0XM301010,MMEL,SM,,,,,MOVING MEDIA ENTER LTD,72.0,72.0,72.0,72.0,72.0,70.25,,72.0,,,4000,288000.0,2,F1,2000,,,,,
2025-09-24,2025-09-24,CM,NSE,STK,13502,INE0N6D01014,MOXSH,SM,,,,,MOXSH OVERSEAS EDUCON LTD,36.2,36.2,36.2,36.2,36.2,38.0,,36.2,,,3200,115840.0,1,F1,3200,,,,,
2025-09-24,2025-09-24,CM,NSE,STK,4503,INE356A01018,MPHASIS,EQ,,,,,MPHASIS LIMITED,2750.0,2751.8,2704.3,2740.9,2736.0,2766.6,,2740.9,,,518369,1414620127.8,51284,F1,1,,,,,
2025-09-24,2025-09-24,CM,NSE,STK,10578,INE943D01017,MPSLTD,EQ,,,,,MPS LIMITED,2259.0,2270.9,2209.0,2220.2,2211.1,2259.0,,2219.4,,,5198,11604737.9,1704,F1,1,,,,,
2025-09-24,2025-09-24,CM,NSE,STK,2277,INE883A01011,MRF,EQ,,,,,MRF LTD,155400.0,155885.0,153030.0,153745.0,153300.0,155935.0,,153745.0,,,5737,883940830.0,4041,F1,1,,,,,
2025-09-24,2025-09-24,CM,NSE,STK,2283,INE103A01014,MRPL,EQ,,,,,MRPL,129.35,129.79,127.13,127.46,127.45,129.11,,127.46,,,785037,100768072.1,7480,F1,1,,,,,
2025-09-24,2025-09-24,CM,NSE,STK,1628,INE495P01012,BECTORFOOD,EQ,,,,,MRS BECTORS FOOD SPE LTD,1357.9,1359.9,1335.4,1340.6,1339.6,1357.5,,1340.7,,,63760,85655535.6,8371,F1,1,,,,,
2025-09-24,2025-09-24,CM,NSE,STK,11919,INE752G01015,MSPL,EQ,,,,,MSP STEEL & POWER LTD.,38.24,38.5,37.51,37.61,37.63,38.24,,37.61,,,547773,20776991.94,1819,F1,1,,,,,
2025-09-24,2025-09-24,CM,NSE,STK,9356,INE255X01014,MSTCLTD,EQ,,,,,MSTC LIMITED,519.6,519.6,508.65,510.15,510.0,517.55,,510.15,,,96391,49413615.25,4914,F1,1,,,,,
2025-09-24,2025-09-24,CM,NSE,STK,31413,INE472M01018,MTEDUCARE,BE,,,,,MT EDUCARE LTD,1.96,2.08,1.96,2.07,2.08,2.0,,2.04,,,11981,24823.06,26,F1,1,,,,,
2025-09-24,2025-09-24,CM,NSE,STK,2709,INE864I01014,MTARTECH,EQ,,,,,MTAR TECHNOLOGIES LIMITED,1872.4,1932.0,1860.7,1929.2,1929.0,1869.0,,1929.2,,,884324,1693185526.3,57183,F1,1,,,,,
2025-09-24,2025-09-24,CM,NSE,STK,19783,INE08KJ01020,MUFIN,EQ,,,,,MUFIN GREEN FINANCE LTD,87.0,89.39,86.8,88.38,88.1,87.1,,88.4,,,137345,12113727.8,1206,F1,1,,,,,
2025-09-24,2025-09-24,CM,NSE,STK,11325,INE304A01026,MUKANDLTD,EQ,,,,,MUKAND LTD.,138.0,139.2,135.0,135.48,135.5,139.2,,135.26,,,115280,15747803.74,2376,F1,1,,,,,
2025-09-24,2025-09-24,CM,NSE,STK,22980,INE0CG401037,MUKKA,EQ,,,,,MUKKA PROTEINS LIMITED,27.5,27.63,27.05,27.14,27.22,27.5,,27.13,,,135310,3697527.98,1149,F1,1,,,,,
2025-09-24,2025-09-24,CM,NSE,STK,8687,INE374B01019,MUKTAARTS,EQ,,,,,MUKTA ARTS LIMITED,70.0,70.7,68.34,68.93,69.15,69.93,,68.97,,,5782,400226.12,72,F1,1,,,,,
2025-09-24,2025-09-24,CM,NSE,STK,31181,INE745G01035,MCX,EQ,,,,,MULTI COMMODITY EXCHANGE,8055.0,8118.0,7922.5,7955.5,7946.5,8038.5,,7955.5,,,435912,3495377234.5,45226,F1,1,,,,,
2025-09-24,2025-09-24,CM,NSE,STK,13511,INE672B01032,MUNJALAU,EQ,,,,,MUNJAL AUTO IND. LTD.,93.76,108.78,93.34,103.98,103.2,93.44,,104.01,,,15310360,1586218854.7,72581,F1,1,,,,,
2025-09-24,2025-09-24,CM,NSE,STK,2307,INE577A01027,MUNJALSHOW,EQ,,,,,MUNJAL SHOWA LTD,138.3,150.9,137.41,146.07,145.5,138.3,,146.05,,,441724,64887261.39,6513,F1,1,,,,,
2025-09-24,2025-09-24,CM,NSE,STK,2313,INE692B01014,MURUDCERA,EQ,,,,,MURUDESHWAR CERAMICS LTD,43.9,43.9,42.3,42.65,42.86,43.34,,42.66,,,51256,2199414.44,607,F1,1,,,,,
2025-09-24,2025-09-24,CM,NSE,STK,19877,INE919I01024,RADIOCITY,EQ,,,,,MUSIC BROADCAST LIMITED,8.95,8.95,8.52,8.62,8.69,8.87,,8.62,,,53586,465255.42,411,F1,1,,,,,
2025-09-24,2025-09-24,CM,NSE,STK,15082,INE919I04010,RADIOCITY,P1,,,,,MUSIC BROADCAST LIMITED,115.0,115.0,115.0,115.0,115.0,115.0,,115.0,,,35,4025.0,3,F1,1,,,,,
2025-09-24,2025-09-24,CM,NSE,STK,10415,INE296G01013,MUTHOOTCAP,EQ,,,,,MUTHOOT CAP SERV LTD,285.95,288.6,282.75,286.05,286.6,285.0,,286.05,,,23524,6732811.2,864,F1,1,,,,,
2025-09-24,2025-09-24,CM,NSE,STK,23650,INE414G01012,MUTHOOTFIN,EQ,,,,,MUTHOOT FINANCE LIMITED,3049.9,3100.8,3043.1,3088.3,3085.0,3060.8,,3088.3,,,546580,1684134378.5,41233,F1,1,,,,,
2025-09-24,2025-09-24,CM,NSE,STK,20831,INE046W01019,MUTHOOTMF,EQ,,,,,MUTHOOT MICROFIN LIMITED,165.91,167.68,165.0,165.12,165.68,165.75,,165.13,,,61674,10229100.88,2280,F1,1,,,,,
2025-09-24,2025-09-24,CM,NSE,STK,25211,INE0RVQ01016,MYMUDRA,ST,,,,,MY MUDRA FINCORP LIMITED,101.0,102.7,98.0,98.05,98.0,101.0,,98.05,,,10800,1094400.0,6,F1,1200,,,,,
2025-09-24,2025-09-24,CM,NSE,STK,20314,INE740D01017,NRAIL,EQ,,,,,N R AGARWAL INDS LTD,379.0,442.6,357.3,414.55,412.2,368.85,,414.55,,,136483,57940857.55,4756,F1,1,,,,,
2025-09-24,2025-09-24,CM,NSE,STK,757489,INE104101014,NRVANDANA,SM,,,,,N R VANDANA TEX IND LTD,53.05,54.5,51.0,51.35,51.0,53.0,,51.35,,,321000,16796550.0,73,F1,3000,,,,,
2025-09-24,2025-09-24,CM,NSE,STK,19111,INE365I01020,NBIFIN,EQ,,,,,N.B.I. IND. FIN. CO. LTD,2590.0,2626.9,2511.0,2521.2,2525.0,2514.8,,2521.2,,,594,1514348.0,79,F1,1,,,,,
2025-09-24,2025-09-24,CM,NSE,STK,20429,INE295D01020,NACLIND,BE,,,,,NACL INDUSTRIES LIMITED,220.1,224.85,218.85,219.6,220.5,224.65,,219.6,,,101469,22488493.9,1594,F1,1,,,,,
2025-09-24,2025-09-24,CM,NSE,STK,18371,INE756C01015,NDGL,EQ,,,,,NAGA DHUNSERI GROUP LTD,3744.2,3900.0,3744.2,3796.2,3776.5,3744.2,,3796.2,,,189,721227.1,77,F1,1,,,,,
2025-09-24,2025-09-24,CM,NSE,STK,17295,INE454M01024,NAGAFERT,EQ,,,,,NAGARJUN FERT AND CHE LTD,5.31,5.37,5.2,5.27,5.31,5.33,,5.27,,,329194,1735101.03,674,F1,1,,,,,
2025-09-24,2025-09-24,CM,NSE,STK,14942,INE245I01016,NAGREEKCAP,EQ,,,,,NAGREEKA CAP & INFR.LTD,27.0,28.25,27.0,27.04,27.04,27.3,,26.95,,,4039,109396.41,65,F1,1,,,,,
2025-09-24,2025-09-24,CM,NSE,STK,14702,INE123B01028,NAGREEKEXP,EQ,,,,,NAGREEKA EXPORTS LTD.,33.51,35.49,33.51,34.25,34.4,33.34,,34.27,,,36767,1271636.66,477,F1,1,,,,,
2025-09-24,2025-09-24,CM,NSE,STK,15357,INE049I01012,NAHARCAP,BE,,,,,NAHAR CAP & FIN.,288.0,293.9,288.0,289.85,290.0,292.15,,289.85,,,1917,553975.5,34,F1,1,,,,,
2025-09-24,2025-09-24,CM,NSE,STK,13106,INE289A01011,NAHARINDUS,EQ,,,,,NAHAR INDS ENT LTD,124.48,129.0,122.34,124.12,123.13,124.48,,124.03,,,26177,3307708.21,443,F1,1,,,,,
2025-09-24,2025-09-24,CM,NSE,STK,14445,INE308A01027,NAHARPOLY,EQ,,,,,NAHAR POLY FILMS LIMITED,291.5,309.8,291.5,306.6,300.0,292.85,,306.45,,,19357,5850133.0,973,F1,1,,,,,
2025-09-24,2025-09-24,CM,NSE,STK,14440,INE290A01027,NAHARSPING,EQ,,,,,NAHAR SPINNING MILLS LTD.,217.71,217.75,215.5,215.81,215.5,216.56,,215.89,,,8189,1773187.91,230,F1,1,,,,,
2025-09-24,2025-09-24,CM,NSE,STK,5401,INE236Y01012,NGIL,EQ,,,,,NAKODA GROUP OF IND. LTD,31.98,32.12,31.21,31.36,31.99,31.76,,31.42,,,15987,506849.24,246,F1,1,,,,,
2025-09-24,2025-09-24,CM,NSE,STK,11239,INE023A01030,NSIL,EQ,,,,,NALWA SONS INVESTMENT LTD,7149.0,7740.0,7050.0,7553.5,7580.0,7092.5,,7553.5,,,91885,695942076.5,20260,F1,1,,,,,
2025-09-24,2025-09-24,CM,NSE,STK,23379,INE0RJM01010,NAMAN,SM,,,,,NAMAN IN-STORE (INDIA) L,89.5,89.5,85.0,87.0,87.0,88.5,,87.0,,,16000,1381400.0,16,F1,800,,,,,
2025-09-24,2025-09-24,CM,NSE,STK,25167,INE08NZ01012,NAMOEWASTE,SM,,,,,NAMO EWASTE MANAGEMENT L,170.0,170.8,166.55,168.3,167.6,167.05,,168.3,,,13600,2290640.0,17,F1,800,,,,,
2025-09-24,2025-09-24,CM,NSE,STK,31258,INE875G01048,NDL,EQ,,,,,NANDAN DENIM LIMITED,3.5,3.55,3.44,3.45,3.47,3.49,,3.45,,,1962656,6816871.02,2042,F1,1,,,,,
2025-09-24,2025-09-24,CM,NSE,STK,5516,INE696V01013,JAIPURKURT,EQ,,,,,NANDANI CREATION LIMITED,39.01,39.01,37.51,37.82,37.95,37.82,,37.82,,,5089,192783.08,111,F1,1,,,,,
2025-09-24,2025-09-24,CM,NSE,STK,11840,INE410P01011,NH,EQ,,,,,NARAYANA HRUDAYALAYA LTD.,1741.8,1742.5,1714.9,1721.2,1723.5,1733.2,,1721.1,,,241402,415600004.2,22305,F1,1,,,,,
2025-09-24,2025-09-24,CM,NSE,STK,11627,INE117Z01011,NARMADA,EQ,,,,,NARMADA AGROBASE LIMITED,23.88,24.1,22.5,22.75,22.71,23.88,,22.75,,,70932,1656807.9,357,F1,1,,,,,
2025-09-24,2025-09-24,CM,NSE,STK,3918,INE987B01026,NATCOPHARM,EQ,,,,,NATCO PHARMA LTD.,855.1,858.8,852.0,854.2,854.5,855.5,,854.25,,,228004,194797528.85,11590,F1,1,,,,,
2025-09-24,2025-09-24,CM,NSE,STK,11069,INE448G01010,NATHBIOGEN,BE,,,,,NATH BIO-GENES (I) LTD,175.07,177.71,170.22,170.81,171.0,175.07,,171.09,,,27456,4793078.94,319,F1,1,,,,,
2025-09-24,2025-09-24,CM,NSE,STK,6364,INE139A01034,NATIONALUM,EQ,,,,,NATIONAL ALUMINIUM CO LTD,208.01,210.07,205.6,206.09,206.25,208.84,,206.08,,,5280952,1099121352.05,51293,F1,1,,,,,
2025-09-24,2025-09-24,CM,NSE,STK,13925,INE870D01012,NFL,EQ,,,,,NATIONAL FERT. LTD,95.81,97.15,95.28,96.11,96.3,95.81,,96.11,,,1061625,102087992.38,7385,F1,1,,,,,
2025-09-24,2025-09-24,CM,NSE,STK,6531,INE0H7R23014,NHIT,IV,,,,,NATIONAL HIGHW INFRA TRUS,140.01,140.01,140.01,140.01,140.01,140.0,,140.01,,,125000,17501250.0,2,F1,25000,,,,,
2025-09-24,2025-09-24,CM,NSE,STK,29583,INE936B01015,NATCAPSUQ,EQ,,,,,NATURAL CAPSULES LIMITED,227.2,228.8,214.0,216.58,223.0,225.87,,216.58,,,10382,2280377.02,555,F1,1,,,,,
2025-09-24,2025-09-24,CM,NSE,STK,4014,INE725A01030,NAVA,EQ,,,,,NAVA LIMITED,712.05,722.6,701.0,703.1,703.4,710.35,,703.1,,,290125,206158597.75,14091,F1,1,,,,,
2025-09-24,2025-09-24,CM,NSE,STK,14672,INE048G01026,NAVINFLUOR,EQ,,,,,NAVIN FLUORINE INT. LTD,4719.5,4719.7,4613.5,4629.8,4625.0,4691.7,,4629.8,,,81231,378761238.0,18427,F1,1,,,,,
2025-09-24,2025-09-24,CM,NSE,STK,10557,INE278M01019,NAVKARCORP,EQ,,,,,NAVKAR CORPORATION LTD.,126.34,126.81,122.5,122.86,123.0,126.34,,122.82,,,315499,39134853.95,5891,F1,1,,,,,
2025-09-24,2025-09-24,CM,NSE,STK,29149,INE268H01044,NAVKARURB,BE,,,,,NAVKAR URBANSTRUCTURE LTD,2.68,2.68,2.63,2.63,2.63,2.69,,2.7,,,832401,2198429.43,155,F1,1,,,,,
2025-09-24,2025-09-24,CM,NSE,STK,2385,INE060A01024,NAVNETEDUL,EQ,,,,,NAVNEET EDUCATION LTD,160.0,160.32,157.0,157.56,157.2,159.58,,157.56,,,198608,31407019.52,4207,F1,1,,,,,
2025-09-24,2025-09-24,CM,NSE,STK,2987,INE418L01021,NAZARA,EQ,,,,,NAZARA TECHNOLOGIES LTD,1110.9,1125.1,1100.0,1119.0,1117.0,1104.2,,1119.0,,,879018,981640941.2,19915,F1,1,,,,,
2025-09-24,2025-09-24,CM,NSE,STK,31415,INE095N01031,NBCC,EQ,,,,,NBCC (INDIA) LIMITED,112.5,113.25,109.85,110.06,110.08,112.84,,110.06,,,8107115,902306264.45,37014,F1,1,,,,,
2025-09-24,2025-09-24,CM,NSE,STK,2319,INE868B01028,NCC,EQ,,,,,NCC LIMITED,211.05,212.43,207.75,208.37,208.45,212.01,,208.37,,,1364678,286335509.55,18160,F1,1,,,,,
2025-09-24,2025-09-24,CM,NSE,STK,14490,INE732C01016,NCLIND,EQ,,,,,NCL INDUSTRIES LIMITED,210.0,210.72,206.64,207.78,207.5,209.53,,207.78,,,66048,13771774.33,1313,F1,1,,,,,
2025-09-24,2025-09-24,CM,NSE,STK,14550,INE353A01023,NDLVENTURE,BE,,,,,NDL VENTURES LIMITED,83.99,86.0,81.72,85.02,84.98,84.49,,85.02,,,1635,136240.63,58,F1,1,,,,,
2025-09-24,2025-09-24,CM,NSE,STK,22255,INE07OG01012,NDRAUTO,EQ,,,,,NDR AUTO COMPONENTS LTD,1090.3,1096.4,1078.3,1081.6,1081.0,1082.7,,1081.5,,,20031,21748032.4,2866,F1,1,,,,,
2025-09-24,2025-09-24,CM,NSE,STK,22680,INE0Q7Q23015,NDRINVIT,IV,,,,,NDR INVIT TRUST,120.0,122.0,118.8,118.93,119.0,120.0,,118.93,,,775000,93100250.0,31,F1,25000,,,,,
2025-09-24,2025-09-24,CM,NSE,STK,11427,INE155G01029,NDTV,EQ,,,,,NDTV LTD,127.0,127.05,121.0,122.23,122.0,126.36,,122.22,,,158228,19607903.42,2398,F1,1,,,,,
2025-09-24,2025-09-24,CM,NSE,STK,11930,INE023H01027,NECLIFE,BE,,,,,NECTAR LIFESCIENCES LTD.,15.03,15.03,15.03,15.03,15.03,15.34,,15.11,,,58811,883929.33,243,F1,1,,,,,
2025-09-24,2025-09-24,CM,NSE,STK,14761,INE189I01024,NELCAST,EQ,,,,,NELCAST LIMITED,143.9,146.0,142.92,145.5,145.5,144.07,,145.5,,,39397,5708552.46,1334,F1,1,,,,,
2025-09-24,2025-09-24,CM,NSE,STK,2388,INE045B01015,NELCO,EQ,,,,,NELCO LTD,884.0,891.6,856.0,860.25,860.5,884.0,,860.2,,,70410,61287089.05,5809,F1,1,,,,,
2025-09-24,2025-09-24,CM,NSE,STK,9917,INE136S01016,NEOGEN,EQ,,,,,NEOGEN CHEMICALS LIMITED,1542.1,1554.5,1527.3,1536.4,1535.0,1542.1,,1536.4,,,27001,41585104.7,6409,F1,1,,,,,
2025-09-24,2025-09-24,CM,NSE,STK,24353,INE0SUN01013,NEPHROCARE,ST,,,,,NEPHRO CARE INDIA LIMITED,140.0,144.0,140.0,142.65,143.95,142.15,,142.65,,,31600,4450780.0,54,F1,400,,,,,
2025-09-24,2025-09-24,CM,NSE,STK,757493,INE156901014,NEPTUNE,SM,,,,,NEPTUNE PETROCHEMICALS L,178.5,183.0,178.0,181.35,182.0,178.85,,181.35,,,22000,3977850.0,20,F1,1000,,,,,
2025-09-24,2025-09-24,CM,NSE,STK,15409,INE317F01035,NESCO,EQ,,,,,NESCO LTD.,1467.0,1472.0,1427.3,1437.7,1442.1,1473.0,,1437.7,,,108582,157281655.2,23778,F1,1,,,,,
2025-09-24,2025-09-24,CM,NSE,STK,17963,INE239A01024,NESTLEIND,EQ,,,,,NESTLE INDIA LIMITED,1167.9,1185.2,1161.4,1178.6,1178.2,1168.4,,1178.7,,,1395188,1641821452.2,48496,F1,1,,,,,
2025-09-24,2025-09-24,CM,NSE,STK,20406,INE518X01015,CBAZAAR,SM,,,,,NET AVENUE TECHNOLOGIES L,4.1,4.1,3.95,3.95,3.95,3.95,,3.95,,,24000,97200.0,3,F1,8000,,,,,
2025-09-24,2025-09-24,CM,NSE,STK,17433,INE0NT901020,NETWEB,EQ,,,,,NETWEB TECH INDIA LTD,3490.0,3610.0,3397.0,3416.4,3430.0,3540.8,,3416.5,,,2653915,9282967692.5,134856,F1,1,,,,,
2025-09-24,2025-09-24,CM,NSE,STK,756324,INE0FFK01017,NPST,EQ,,,,,NETWORK PEOPLE SRV TECH L,1988.3,1988.4,1906.2,1941.5,1943.4,1971.0,,1941.5,,,11144,21712543.5,2036,F1,1,,,,,
2025-09-24,2025-09-24,CM,NSE,STK,14111,INE870H01013,NETWORK18,EQ,,,,,NETWORK18 MEDIA & INV LTD,54.43,54.55,53.71,53.87,53.8,54.44,,53.87,,,1914642,103435833.75,8121,F1,1,,,,,
2025-09-24,2025-09-24,CM,NSE,STK,2406,INE794A01010,NEULANDLAB,EQ,,,,,NEULAND LAB LTD.,15010.0,15149.0,14625.0,15023.0,14962.0,14985.0,,15023.0,,,37217,553912519.0,14307,F1,1,,,,,
2025-09-24,2025-09-24,CM,NSE,STK,759133,INE155G20011,NDTV-RE,BE,,,,,NEW DELHI TELEVISION LTD,28.85,29.0,27.1,27.4,27.93,29.28,,27.39,,,349947,9718806.72,1963,F1,1,,,,,
2025-09-24,2025-09-24,CM,NSE,STK,1164,INE619B01017,NEWGEN,EQ,,,,,NEWGEN SOFTWARE TECH LTD,883.5,886.1,873.0,875.5,875.5,884.2,,875.25,,,216371,189991149.6,14651,F1,1,,,,,
2025-09-24,2025-09-24,CM,NSE,STK,19161,INE0PW501021,NEWJAISA,ST,,,,,NEWJAISA TECHNOLOGIES LTD,45.75,45.75,42.0,45.0,45.0,44.2,,45.0,,,36000,1555125.0,16,F1,1500,,,,,
2025-09-24,2025-09-24,CM,NSE,STK,28801,INE0TP801012,NMSTEEL,SM,,,,,NEWMALAYALAM STEEL LTD,34.0,34.65,34.0,34.0,34.0,35.35,,34.0,,,8000,273040.0,5,F1,1600,,,,,
2025-09-24,2025-09-24,CM,NSE,STK,9867,INE747B01016,NEXTMEDIA,EQ,,,,,NEXT MEDIAWORKS LIMITED,6.22,6.46,6.21,6.28,6.28,6.33,,6.28,,,21253,135212.58,93,F1,1,,,,,
2025-09-24,2025-09-24,CM,NSE,STK,15815,INE0NDH25011,NXST,RR,,,,,NEXUS SELECT TRUST,158.0,162.49,157.0,160.3,158.95,158.0,,160.3,,,559784,89456496.95,3745,F1,1,,,,,
2025-09-24,2025-09-24,CM,NSE,STK,10277,INE887E01022,NGLFINE,EQ,,,,,NGL FINE CHEM LIMITED,1443.0,1484.0,1432.0,1442.8,1432.0,1455.2,,1442.6,,,2119,3082551.5,297,F1,1,,,,,
2025-09-24,2025-09-24,CM,NSE,STK,1767,INE557F07199,890NHB34,N7,,,,,NHB 8.90 NCD TR II SR 3 B,7399.5,7399.5,7399.5,7399.5,7399.5,6248.1,,7399.5,,,90,665955.0,1,F1,1,,,,,
2025-09-24,2025-09-24,CM,NSE,STK,17400,INE848E01016,NHPC,EQ,,,,,NHPC LTD,86.55,87.6,85.96,86.29,86.31,86.63,,86.29,,,11315951,981862795.24,54506,F1,1,,,,,
2025-09-24,2025-09-24,CM,NSE,STK,29487,INE149O01018,NIBE,EQ,,,,,NIBE LIMITED,1387.2,1391.0,1341.0,1346.6,1342.0,1387.2,,1346.7,,,33841,46158816.9,3641,F1,1,,,,,
2025-09-24,2025-09-24,CM,NSE,STK,6592,INE0J6L01013,NIDAN,SM,,,,,NIDAN LABS AND HEALTH LTD,18.6,18.7,18.6,18.7,18.7,19.05,,18.7,,,2000,37300.0,2,F1,1000,,,,,
2025-09-24,2025-09-24,CM,NSE,STK,17747,INE342G01023,NIITMTS,EQ,,,,,NIIT LEARNING SYSTEMS LTD,331.95,331.95,325.0,327.55,327.0,329.05,,327.55,,,152716,49973006.8,8385,F1,1,,,,,
2025-09-24,2025-09-24,CM,NSE,STK,11522,INE161A01038,NIITLTD,EQ,,,,,NIIT LIMITED,109.45,110.0,108.25,108.53,108.7,109.4,,108.54,,,267105,29114045.98,4654,F1,1,,,,,
2025-09-24,2025-09-24,CM,NSE,STK,758178,INE0FLF01015,NIKITA,SM,,,,,NIKITA PAPERS LIMITED,111.25,117.5,108.0,116.0,116.0,112.5,,116.0,,,267600,30586560.0,100,F1,1200,,,,,
2025-09-24,2025-09-24,CM,NSE,STK,9253,INE937C01029,NILAINFRA,EQ,,,,,NILA INFRASTRUCTURES LTD,10.27,10.34,10.06,10.11,10.1,10.29,,10.11,,,527179,5372346.38,1206,F1,1,,,,,
2025-09-24,2025-09-24,CM,NSE,STK,7411,INE00S901012,NILASPACES,EQ,,,,,NILA SPACES LIMITED,16.06,17.19,16.06,17.03,17.19,16.07,,17.02,,,2549804,42867853.72,3799,F1,1,,,,,
2025-09-24,2025-09-24,CM,NSE,STK,2421,INE310A01015,NILKAMAL,EQ,,,,,NILKAMAL LIMITED,1575.2,1589.9,1560.1,1566.6,1560.2,1578.1,,1566.0,,,2788,4396244.8,413,F1,1,,,,,
2025-09-24,2025-09-24,CM,NSE,STK,14194,INE395U01014,NINSYS,EQ,,,,,NINTEC SYSTEMS LIMITED,441.0,445.55,436.55,440.4,439.7,442.3,,440.4,,,900,394649.45,122,F1,1,,,,,
2025-09-24,2025-09-24,CM,NSE,STK,11439,INF204KB15I9,BANKBEES,EQ,,,,,NIP IND ETF BANK BEES,572.8,573.98,567.44,568.32,568.86,572.62,,568.33,,,671713,382356135.35,8435,F1,1,,,,,
2025-09-24,2025-09-24,CM,NSE,STK,2435,INF204KA1LD7,CONSUMBEES,EQ,,,,,NIP IND ETF CONSUMPTION,137.96,138.26,136.92,137.22,137.8,137.94,,137.22,,,195236,26813253.58,1560,F1,1,,,,,
2025-09-24,2025-09-24,CM,NSE,STK,2636,INF204KA1MS3,DIVOPPBEES,EQ,,,,,NIP IND ETF DIV OPP,76.82,78.93,76.82,77.99,78.15,78.22,,77.99,,,31065,2427701.0,758,F1,1,,,,,
2025-09-24,2025-09-24,CM,NSE,STK,9847,INF204KB18I3,NV20BEES,EQ,,,,,NIP IND ETF ETF NV20,149.33,149.33,148.34,148.41,148.95,149.33,,148.41,,,26579,3950222.16,225,F1,1,,,,,
2025-09-24,2025-09-24,CM,NSE,STK,14428,INF204KB17I5,GOLDBEES,EQ,,,,,NIP IND ETF GOLD BEES,95.9,97.5,94.51,94.64,94.68,95.13,,94.64,,,35825570,3393119242.23,80313,F1,1,,,,,
2025-09-24,2025-09-24,CM,NSE,STK,18284,INF204KB19I1,HNGSNGBEES,EQ,,,,,NIP IND ETF HANGSENG BEES,524.14,524.14,520.78,524.14,524.14,526.15,,524.14,,,111907,58641508.84,3281,F1,1,,,,,
2025-09-24,2025-09-24,CM,NSE,STK,20072,INF732E01268,INFRABEES,EQ,,,,,NIP IND ETF INFRA BEES,948.53,950.3,943.37,943.64,946.54,948.53,,943.75,,,15489,14658010.58,454,F1,1,,,,,
2025-09-24,2025-09-24,CM,NSE,STK,19084,INF204KB15V2,ITBEES,EQ,,,,,NIP IND ETF IT,39.07,39.15,38.08,38.21,38.25,38.48,,38.21,,,8396500,320790244.71,24065,F1,1,,,,,
2025-09-24,2025-09-24,CM,NSE,STK,10939,INF732E01045,JUNIORBEES,EQ,,,,,NIP IND ETF JUNIOR BEES,748.22,754.5,738.5,740.19,742.0,748.22,,740.2,,,216221,160697712.92,19607,F1,1,,,,,
2025-09-24,2025-09-24,CM,NSE,STK,11006,INF732E01037,LIQUIDBEES,EQ,,,,,NIP IND ETF LIQUID BEES,1000.25,1000.25,999.99,1000.0,1000.01,1000.0,,1000.0,,,1654535,1654540488.1,3598,F1,1,,,,,
2025-09-24,2025-09-24,CM,NSE,STK,17700,INF204KB1882,LTGILTBEES,EQ,,,,,NIP IND ETF LONGTERM GILT,28.89,28.93,28.87,28.9,28.89,28.87,,28.9,,,4002256,115692053.48,1020,F1,1,,,,,
2025-09-24,2025-09-24,CM,NSE,STK,8506,INF204KB1V68,MID150BEES,EQ,,,,,NIP IND ETF MIDCAP 150,225.0,225.0,221.1,221.98,222.85,223.36,,221.98,,,531922,118418233.6,5807,F1,1,,,,,
2025-09-24,2025-09-24,CM,NSE,STK,29577,INF204K014N5,NIF100BEES,EQ,,,,,NIP IND ETF NIFTY 100,272.84,274.28,271.23,272.3,273.16,273.74,,272.28,,,28179,7670737.73,527,F1,1,,,,,
2025-09-24,2025-09-24,CM,NSE,STK,10576,INF204KB14I2,NIFTYBEES,EQ,,,,,NIP IND ETF NIFTY BEES,282.01,284.81,282.01,282.88,282.95,284.35,,282.88,,,4265674,1208103297.38,39355,F1,1,,,,,
2025-09-24,2025-09-24,CM,NSE,STK,15032,INF204KB16I7,PSUBNKBEES,EQ,,,,,NIP IND ETF PSU BANK BEES,81.8,84.41,81.8,82.88,82.9,83.03,,82.89,,,4445060,371752611.88,8941,F1,1,,,,,
2025-09-24,2025-09-24,CM,NSE,STK,17044,INF732E01128,SHARIABEES,EQ,,,,,NIP IND ETF SHARIAH BEES,509.74,509.74,494.18,496.13,505.9,497.31,,496.13,,,7063,3502263.94,487,F1,1,,,,,
2025-09-24,2025-09-24,CM,NSE,STK,357,INE298J01013,NAM-INDIA,EQ,,,,,NIPPON L I A M LTD,842.0,856.8,840.15,851.55,851.6,837.85,,851.55,,,653342,556052306.05,18397,F1,1,,,,,
2025-09-24,2025-09-24,CM,NSE,STK,757725,INF204KC1FU1,LIQGRWBEES,EQ,,,,,NIPPONAMC - LIQGRWBEES,1009.04,1009.06,1009.04,1009.05,1009.06,1008.92,,1009.05,,,29519,29786320.22,20,F1,1,,,,,
2025-09-24,2025-09-24,CM,NSE,STK,758667,INF204KC1GH6,MANUFGBEES,EQ,,,,,NIPPONAMC - MANUFGBEES,151.64,151.68,150.47,150.67,150.65,151.63,,150.71,,,2240,338114.21,68,F1,1,,,,,
2025-09-24,2025-09-24,CM,NSE,STK,7880,INF204KC1337,AUTOBEES,EQ,,,,,NIPPONAMC - NETFAUTO,280.91,282.15,276.9,277.52,277.64,280.9,,277.52,,,282555,78741442.96,6678,F1,1,,,,,
2025-09-24,2025-09-24,CM,NSE,STK,4973,INF204KC1089,PHARMABEES,EQ,,,,,NIPPONAMC - NETFPHARMA,22.28,23.43,22.28,22.73,22.78,22.86,,22.73,,,1457661,33226927.61,7580,F1,1,,,,,
2025-09-24,2025-09-24,CM,NSE,STK,8080,INF204KC1402,SILVERBEES,EQ,,,,,NIPPONAMC - NETFSILVER,130.18,130.35,129.6,129.99,130.16,129.74,,129.99,,,26339903,3422707955.83,55666,F1,1,,,,,
2025-09-24,2025-09-24,CM,NSE,STK,757455,INF204KC1EZ3,SNXT30BEES,EQ,,,,,NIPPONAMC - SNXT30BEES,40.82,40.97,39.02,39.2,39.22,40.02,,39.2,,,58790,2317569.71,928,F1,1,,,,,
2025-09-24,2025-09-24,CM,NSE,STK,255,INE368I01016,NIRAJ,EQ,,,,,NIRAJ CEMENT STRUC LTD,46.01,47.58,45.51,46.84,47.3,45.79,,46.85,,,21723,1016505.87,324,F1,1,,,,,
2025-09-24,2025-09-24,CM,NSE,STK,18844,INE326T01011,NIRAJISPAT,BE,,,,,NIRAJ ISPAT IND LTD,336.15,352.4,319.35,339.3,320.25,336.15,,339.3,,,462,148856.35,23,F1,1,,,,,
2025-09-24,2025-09-24,CM,NSE,STK,14722,INE0OK701014,NIRMAN,SM,,,,,NIRMAN AGRI GENTICS LTD,219.45,219.45,219.45,219.45,219.45,231.0,,219.45,,,42600,9348570.0,79,F1,300,,,,,
2025-09-24,2025-09-24,CM,NSE,STK,13300,INE858F01012,NITCO,EQ,,,,,NITCO LIMITED,115.56,118.6,115.11,115.82,115.51,116.02,,115.82,,,101928,11866704.74,1960,F1,1,,,,,
2025-09-24,2025-09-24,CM,NSE,STK,13175,INE229H01012,NITINSPIN,EQ,,,,,NITIN SPINNERS LIMITED,342.3,344.9,340.0,342.05,342.1,345.25,,342.05,,,34102,11655856.15,1274,F1,1,,,,,
2025-09-24,2025-09-24,CM,NSE,STK,3247,INE439T01012,NITIRAJ,EQ,,,,,NITIRAJ ENGINEERS LTD,210.58,214.58,207.0,209.12,211.0,206.44,,209.12,,,3874,812323.63,161,F1,1,,,,,
2025-09-24,2025-09-24,CM,NSE,STK,27097,INE995S01015,NIVABUPA,EQ,,,,,NIVA BUPA HEALTH INS CO L,81.7,81.98,81.0,81.19,81.05,81.73,,81.19,,,1966857,160218567.19,11403,F1,1,,,,,
2025-09-24,2025-09-24,CM,NSE,STK,2439,INE542C01019,NKIND,EQ,,,,,NK INDUSTRIES LTD,71.25,73.8,71.2,71.2,71.2,72.2,,71.11,,,5174,369363.86,230,F1,1,,,,,
2025-09-24,2025-09-24,CM,NSE,STK,8585,INE589A01014,NLCINDIA,EQ,,,,,NLC INDIA LIMITED,278.3,284.75,275.0,280.35,282.0,276.09,,280.34,,,9797004,2741914014.75,72434,F1,1,,,,,
2025-09-24,2025-09-24,CM,NSE,STK,15332,INE584A01023,NMDC,EQ,,,,,NMDC LTD.,78.35,78.45,76.75,77.2,77.15,78.1,,77.2,,,26152793,2031083565.74,88237,F1,1,,,,,
2025-09-24,2025-09-24,CM,NSE,STK,14180,INE0NNS01018,NSLNISP,EQ,,,,,NMDC STEEL LIMITED,47.1,47.65,46.26,46.41,46.37,47.1,,46.41,,,7137784,336316754.37,23451,F1,1,,,,,
2025-09-24,2025-09-24,CM,NSE,STK,2442,INE163A01018,NOCIL,EQ,,,,,NOCIL LIMITED,182.19,183.29,180.71,181.02,181.0,182.19,,181.02,,,339419,61570660.65,10331,F1,1,,,,,
2025-09-24,2025-09-24,CM,NSE,STK,11214,INE781B01015,NOIDATOLL,BE,,,,,NOIDA TOLL BRIDGE CO LTD,4.41,4.63,4.18,4.26,4.27,4.41,,4.33,,,165343,718284.94,82,F1,1,,,,,
2025-09-24,2025-09-24,CM,NSE,STK,9431,INE369C01017,NORBTEAEXP,BE,,,,,NORBEN TEA &EXPORTS LTD,50.58,51.0,50.58,51.0,51.0,51.62,,51.0,,,10847,549310.32,58,F1,1,,,,,
2025-09-24,2025-09-24,CM,NSE,STK,13522,INE553C01016,NECCLTD,EQ,,,,,NORTH EAST CARRY CORP LTD,20.88,23.24,20.88,21.79,21.91,20.88,,21.8,,,395748,8828355.94,3021,F1,1,,,,,
2025-09-24,2025-09-24,CM,NSE,STK,25426,INE850M01015,NORTHARC,EQ,,,,,NORTHERN ARC CAPITAL LTD,279.4,280.55,273.45,275.4,275.0,279.1,,275.4,,,992638,275332219.59,14521,F1,1,,,,,
2025-09-24,2025-09-24,CM,NSE,STK,22477,INE02H701025,NOVAAGRI,EQ,,,,,NOVA AGRITECH LIMITED,50.34,50.73,47.91,49.04,49.14,50.34,,49.05,,,291287,14232160.62,3378,F1,1,,,,,
2025-09-24,2025-09-24,CM,NSE,STK,7553,INE349A01021,NRBBEARING,EQ,,,,,NRB BEARING LIMITED,295.2,299.0,289.35,296.75,295.9,294.65,,296.75,,,243958,71837958.7,11543,F1,1,,,,,
2025-09-24,2025-09-24,CM,NSE,STK,29733,INE047O01014,NIBL,EQ,,,,,NRB INDUS. BEARINGS LTD.,29.58,29.75,28.32,28.49,28.57,29.58,,28.47,,,42510,1237691.5,367,F1,1,,,,,
2025-09-24,2025-09-24,CM,NSE,STK,27176,INE0ONG01011,NTPCGREEN,EQ,,,,,NTPC GREEN ENERGY LIMITED,103.19,104.2,101.9,102.33,102.1,103.01,,102.33,,,4852690,499358287.51,26362,F1,1,,,,,
2025-09-24,2025-09-24,CM,NSE,STK,11630,INE733E01010,NTPC,EQ,,,,,NTPC LTD,343.3,350.4,342.25,347.6,347.5,343.0,,347.6,,,14653575,5094782252.6,163556,F1,1,,,,,
2025-09-24,2025-09-24,CM,NSE,STK,10791,INE096B01018,NUCLEUS,EQ,,,,,NUCLEUS SOFTWARE EXPORTS,1016.0,1020.0,1002.0,1008.2,1007.0,1016.1,,1008.2,,,8988,9072928.7,1389,F1,1,,,,,
2025-09-24,2025-09-24,CM,NSE,STK,13675,INE0JM501013,NRL,EQ,,,,,NUPUR RECYCLERS LIMITED,74.0,78.19,74.0,76.85,76.9,74.76,,76.85,,,83861,6440654.7,1026,F1,1,,,,,
2025-09-24,2025-09-24,CM,NSE,STK,2350,INE0DSF01015,NURECA,EQ,,,,,NURECA LIMITED,237.0,242.99,231.46,233.14,233.98,235.74,,233.13,,,15803,3700044.66,655,F1,1,,,,,
2025-09-24,2025-09-24,CM,NSE,STK,18721,INE531F01015,NUVAMA,EQ,,,,,NUVAMA WEALTH MANAGE LTD,6222.0,6230.0,6125.0,6176.0,6130.0,6222.5,,6176.5,,,86362,534096869.0,18619,F1,1,,,,,
2025-09-24,2025-09-24,CM,NSE,STK,5426,INE118D01016,NUVOCO,EQ,,,,,NUVOCO VISTAS CORP LTD,447.6,452.5,438.6,450.6,451.5,445.9,,450.65,,,192375,85916131.75,9563,F1,1,,,,,
2025-09-24,2025-09-24,CM,NSE,STK,20242,INE093I01010,OBEROIRLTY,EQ,,,,,OBEROI REALTY LIMITED,1665.0,1669.7,1607.7,1620.1,1620.0,1666.0,,1620.1,,,749614,1219424018.3,25877,F1,1,,,,,
2025-09-24,2025-09-24,CM,NSE,STK,25923,INE0YHV01011,OBSCP,SM,,,,,OBSC PERFECTION LIMITED,327.95,327.95,311.9,313.65,313.6,320.5,,313.65,,,267600,85761720.0,59,F1,1200,,,,,
2025-09-24,2025-09-24,CM,NSE,STK,25918,INE0PK601023,OCCLLTD,EQ,,,,,OCCL LIMITED,137.0,137.0,133.05,134.28,133.3,133.32,,134.28,,,33305,4506101.91,536,F1,1,,,,,
2025-09-24,2025-09-24,CM,NSE,STK,27575,INE054301028,ODIGMA,BE,,,,,ODIGMA CONSULTANCY SOL L,50.61,50.61,50.61,50.61,50.61,53.28,,50.64,,,12541,634700.01,221,F1,1,,,,,
2025-09-24,2025-09-24,CM,NSE,STK,2475,INE213A01029,ONGC,EQ,,,,,OIL AND NATURAL GAS CORP.,236.66,240.13,236.26,238.52,238.41,236.66,,238.52,,,8299331,1979076047.53,73892,F1,1,,,,,
2025-09-24,2025-09-24,CM,NSE,STK,2472,INE591A01010,OILCOUNTUB,EQ,,,,,OIL COUNTRY TUBULAR LTD,73.5,74.5,71.71,72.06,72.02,74.24,,72.06,,,44051,3206102.73,1350,F1,1,,,,,
2025-09-24,2025-09-24,CM,NSE,STK,17438,INE274J01014,OIL,EQ,,,,,OIL INDIA LTD,406.0,407.45,404.0,406.6,406.95,404.55,,406.6,,,1008571,409470258.55,32933,F1,1,,,,,
2025-09-24,2025-09-24,CM,NSE,STK,24779,INE0LXG01040,OLAELEC,BE,,,,,OLA ELECTRIC MOBILITY LTD,58.45,58.6,56.53,56.89,56.7,58.24,,56.89,,,13013302,746525907.63,41960,F1,1,,,,,
2025-09-24,2025-09-24,CM,NSE,STK,10637,INE260D01016,OLECTRA,EQ,,,,,OLECTRA GREENTECH LIMITED,1666.5,1690.0,1635.6,1644.9,1640.0,1671.0,,1644.8,,,756273,1250900304.5,27266,F1,1,,,,,
2025-09-24,2025-09-24,CM,NSE,STK,24231,INE239D01028,OMINFRAL,EQ,,,,,OM INFRA LIMITED,128.51,136.0,124.36,134.49,134.55,129.75,,134.47,,,1117695,146530897.07,19955,F1,1,,,,,
2025-09-24,2025-09-24,CM,NSE,STK,14125,INE090B01011,OMAXAUTO,BE,,,,,OMAX AUTOS LTD,148.04,151.48,144.01,144.39,144.02,151.48,,144.43,,,30686,4472082.03,354,F1,1,,,,,
2025-09-24,2025-09-24,CM,NSE,STK,14853,INE800H01010,OMAXE,EQ,,,,,OMAXE LIMITED,86.48,86.65,84.65,84.94,85.0,85.94,,84.93,,,75531,6446045.13,1118,F1,1,,,,,
2025-09-24,2025-09-24,CM,NSE,STK,117,INE338Y01016,OMFURN,SM,,,,,OMFURN INDIA LIMITED,130.45,130.45,125.0,125.0,125.0,124.2,,125.0,,,10800,1369440.0,9,F1,1200,,,,,
2025-09-24,2025-09-24,CM,NSE,STK,13515,INE474L01016,OMKARCHEM,BZ,,,,,OMKAR SPL CHEM LTD,6.25,6.25,5.78,5.84,5.82,6.09,,5.86,,,15430,90294.7,36,F1,1,,,,,
2025-09-24,2025-09-24,CM,NSE,STK,19692,INE00ER01015,ONDOOR,SM,,,,,ON DOOR CONCEPTS LIMITED,152.4,152.4,145.0,150.3,150.3,149.0,,150.3,,,1800,267225.0,6,F1,300,,,,,
2025-09-24,2025-09-24,CM,NSE,STK,6705,INE982J01020,PAYTM,EQ,,,,,ONE 97 COMMUNICATIONS LTD,1182.0,1185.5,1155.5,1162.2,1158.0,1179.4,,1162.2,,,1874690,2191537059.5,56227,F1,1,,,,,
2025-09-24,2025-09-24,CM,NSE,STK,28046,INE0HLU01028,MOBIKWIK,EQ,,,,,ONE MOBIKWIK SYSTEMS LTD,287.75,287.75,273.1,276.7,274.92,288.02,,276.72,,,2624405,738113268.34,32704,F1,1,,,,,
2025-09-24,2025-09-24,CM,NSE,STK,9939,INE840Y01029,ONEPOINT,EQ,,,,,ONE POINT ONE SOL LTD,44.32,44.75,43.6,44.34,44.68,44.32,,44.34,,,307314,13517133.69,1645,F1,1,,,,,
2025-09-24,2025-09-24,CM,NSE,STK,19386,INE0OPS01011,OLIL,SM,,,,,ONECLICK LOGISTICS IND L,272.05,275.0,270.0,274.9,275.0,275.15,,274.9,,,27600,7521000.0,17,F1,1200,,,,,
2025-09-24,2025-09-24,CM,NSE,STK,25492,INE912L01015,ONELIFECAP,EQ,,,,,ONELIFE CAP ADVISORS LTD,15.7,15.7,14.21,14.23,14.21,14.96,,14.24,,,17301,255046.36,275,F1,1,,,,,
2025-09-24,2025-09-24,CM,NSE,STK,29224,INE013P01021,ONESOURCE,EQ,,,,,ONESOURCE SPECL PHARMA L,1778.0,1787.7,1744.9,1752.8,1745.0,1781.8,,1752.8,,,75695,132964044.8,13013,F1,1,,,,,
2025-09-24,2025-09-24,CM,NSE,STK,15278,INE809I01019,ONMOBILE,EQ,,,,,ONMOBILE GLOBAL LTD.,67.5,68.0,64.23,66.29,66.0,67.47,,66.29,,,1189053,77971339.21,6906,F1,1,,,,,
2025-09-24,2025-09-24,CM,NSE,STK,5647,INE229A01017,ONWARDTEC,BE,,,,,ONWARD TECHNOLOGIES LTD.,306.7,309.4,296.5,298.6,300.9,309.25,,298.1,,,23014,6938740.95,343,F1,1,,,,,
2025-09-24,2025-09-24,CM,NSE,STK,21469,INE350C01017,OPTIEMUS,EQ,,,,,OPTIEMUS INFRACOM LTD,675.65,686.5,664.7,669.95,668.5,670.95,,669.9,,,360805,243468074.25,14672,F1,1,,,,,
2025-09-24,2025-09-24,CM,NSE,STK,758900,INE15B101011,OPTIVALUE,SM,,,,,OPTIVALUE TEK CONSULT LTD,104.2,106.4,101.4,102.75,103.1,104.2,,102.75,,,227200,23856160.0,127,F1,1600,,,,,
2025-09-24,2025-09-24,CM,NSE,STK,10738,INE881D01027,OFSS,EQ,,,,,ORACLE FIN SERV SOFT LTD.,9088.0,9108.0,8955.0,9061.5,9050.0,9104.0,,9061.5,,,122602,1106961357.0,23147,F1,1,,,,,
2025-09-24,2025-09-24,CM,NSE,STK,31479,INE231G01010,ORBTEXP,BE,,,,,ORBIT EXPORTS LIMITED,185.85,189.0,185.85,187.14,186.85,184.34,,187.14,,,2861,534462.87,63,F1,1,,,,,
2025-09-24,2025-09-24,CM,NSE,STK,29492,INE215B01022,ORCHASP,EQ,,,,,ORCHASP LIMITED,2.57,2.62,2.55,2.59,2.59,2.58,,2.59,,,175109,453641.2,186,F1,1,,,,,
2025-09-24,2025-09-24,CM,NSE,STK,926,INE191A01027,ORCHPHARMA,EQ,,,,,ORCHID PHARMA LIMITED,754.05,754.55,735.4,738.3,739.0,754.05,,738.4,,,34666,25814169.8,2335,F1,1,,,,,
2025-09-24,2025-09-24,CM,NSE,STK,17882,INE0OUT01019,ORIANA,SM,,,,,ORIANA POWER LIMITED,2607.0,2621.9,2551.0,2554.9,2552.75,2585.2,,2554.9,,,25575,65682750.0,281,F1,75,,,,,
2025-09-24,2025-09-24,CM,NSE,STK,10159,INE730A01022,ORICONENT,EQ,,,,,ORICON ENTERPRISES LTD,53.55,53.86,52.15,52.94,52.77,53.68,,52.94,,,161064,8553929.66,718,F1,1,,,,,
2025-09-24,2025-09-24,CM,NSE,STK,14278,INE607D01018,ORIENTBELL,EQ,,,,,ORIENT BELL LIMITED,306.05,309.0,305.1,307.3,308.9,305.75,,307.2,,,3550,1090373.7,306,F1,1,,,,,
2025-09-24,2025-09-24,CM,NSE,STK,30089,INE876N01018,ORIENTCEM,EQ,,,,,ORIENT CEMENT LTD.,235.47,235.8,229.2,230.13,229.28,234.83,,230.13,,,1026478,238766770.55,20831,F1,1,,,,,
2025-09-24,2025-09-24,CM,NSE,STK,13111,INE569C01020,ORIENTCER,EQ,,,,,ORIENT CERATECH LIMITED,38.25,39.06,37.3,37.64,37.52,38.54,,37.65,,,50901,1932031.36,512,F1,1,,,,,
2025-09-24,2025-09-24,CM,NSE,STK,2972,INE142Z01019,ORIENTELEC,EQ,,,,,ORIENT ELECTRIC LIMITED,204.63,205.55,203.06,203.34,203.25,204.81,,203.34,,,36419,7433628.81,1495,F1,1,,,,,
2025-09-24,2025-09-24,CM,NSE,STK,20110,INE999K01014,GREENPOWER,EQ,,,,,ORIENT GREEN POWER CO LTD,13.8,13.89,13.62,13.76,13.78,13.83,,13.76,,,3050631,41937868.46,5947,F1,1,,,,,
2025-09-24,2025-09-24,CM,NSE,STK,2493,INE750A01020,ORIENTHOT,EQ,,,,,ORIENT HOTELS LTD,136.75,137.2,134.11,134.83,134.5,136.21,,134.83,,,134790,18228613.08,3789,F1,1,,,,,
2025-09-24,2025-09-24,CM,NSE,STK,2496,INE592A01026,ORIENTPPR,EQ,,,,,ORIENT PAPER AND INDS LTD,28.3,28.7,27.63,27.93,27.95,28.22,,27.93,,,392080,11005112.37,1598,F1,1,,,,,
2025-09-24,2025-09-24,CM,NSE,STK,18208,INE609C01024,ORIENTLTD,EQ,,,,,ORIENT PRESS LIMITED,86.98,86.98,83.13,84.77,84.68,86.27,,84.85,,,1995,169756.72,65,F1,1,,,,,
2025-09-24,2025-09-24,CM,NSE,STK,24961,INE0PPK01015,ORIENTTECH,EQ,,,,,ORIENT TECHNOLOGIES LTD,369.0,376.0,360.0,364.25,363.5,367.8,,364.25,,,415644,152797163.1,12926,F1,1,,,,,
2025-09-24,2025-09-24,CM,NSE,STK,10768,INE959C01023,OAL,EQ,,,,,ORIENTAL AROMATICS LTD,350.85,352.4,338.35,340.65,343.8,347.2,,340.6,,,9444,3214472.45,535,F1,1,,,,,
2025-09-24,2025-09-24,CM,NSE,STK,14346,INE998H01012,ORIENTALTL,EQ,,,,,ORIENTAL TRIMEX LTD,10.33,10.85,10.3,10.44,10.7,10.33,,10.43,,,234033,2430775.29,663,F1,1,,,,,
2025-09-24,2025-09-24,CM,NSE,STK,8797,INE426Z01016,OBCL,EQ,,,,,ORISSA BENGAL CARRIER LTD,57.2,57.98,56.01,56.28,56.25,56.83,,56.28,,,3531,199151.06,59,F1,1,,,,,
2025-09-24,2025-09-24,CM,NSE,STK,19931,INE725E01024,ORISSAMINE,EQ,,,,,ORISSA MIN DEV CO LTD,5110.0,5198.0,4975.6,4994.4,5010.0,5128.6,,4992.1,,,21611,109856082.2,5804,F1,1,,,,,
2025-09-24,2025-09-24,CM,NSE,STK,13321,INE849L01019,ORTEL,BZ,,,,,ORTEL COMMUNICATIONS LTD,1.45,1.6,1.45,1.54,1.59,1.53,,1.55,,,6263,9979.15,14,F1,1,,,,,
2025-09-24,2025-09-24,CM,NSE,STK,2980,INE749B01020,ORTINGLOBE,BE,,,,,ORTIN GLOBAL LIMITED,11.76,11.81,11.76,11.76,11.76,12.0,,11.79,,,607,7138.37,12,F1,1,,,,,
2025-09-24,2025-09-24,CM,NSE,STK,25389,INE0RMF01018,OSELDEVICE,ST,,,,,OSEL DEVICES LIMITED,621.0,622.1,621.0,622.1,622.1,630.0,,622.1,,,4000,2487020.0,9,F1,400,,,,,
2025-09-24,2025-09-24,CM,NSE,STK,12643,INE06IR01021,OSIAHYPER,BE,,,,,OSIA HYPER RETAIL LIMITED,29.59,30.75,28.13,28.13,28.13,29.62,,28.13,,,1417548,40699579.09,1948,F1,1,,,,,
2025-09-24,2025-09-24,CM,NSE,STK,2514,INE142A01012,OSWALAGRO,EQ,,,,,OSWAL AGRO MILLS LTD,75.35,75.35,74.3,74.51,74.42,74.37,,74.53,,,40532,3022432.45,792,F1,1,,,,,
2025-09-24,2025-09-24,CM,NSE,STK,471,INE143A01010,OSWALGREEN,EQ,,,,,OSWAL GREENTECH LIMITED,40.11,40.37,39.9,40.0,40.21,40.19,,39.97,,,116115,4652588.38,1012,F1,1,,,,,
2025-09-24,2025-09-24,CM,NSE,STK,756802,INE0BYP01024,OSWALPUMPS,EQ,,,,,OSWAL PUMPS LIMITED,782.7,788.7,762.25,763.75,765.3,782.9,,763.7,,,309071,238578136.4,16902,F1,1,,,,,
2025-09-24,2025-09-24,CM,NSE,STK,22911,INE0R8M01017,OWAIS,SM,,,,,OWAIS METAL & MINERAL,469.85,469.85,439.0,441.45,441.9,463.0,,441.45,,,19200,8594450.0,156,F1,100,,,,,
2025-09-24,2025-09-24,CM,NSE,STK,25312,INE953R01016,PNGJL,EQ,,,,,P N GADGIL JEWELLERS LTD,623.7,628.0,611.8,613.4,612.85,624.7,,613.4,,,116012,71823787.65,6135,F1,1,,,,,
2025-09-24,2025-09-24,CM,NSE,STK,29662,INE0XUS01012,PSRAJ,SM,,,,,P S RAJ STEELS LIMITED,223.85,239.35,218.25,231.55,238.95,222.75,,231.55,,,36000,8161450.0,34,F1,1000,,,,,
2025-09-24,2025-09-24,CM,NSE,STK,2535,INE179A01014,PGHH,EQ,,,,,P&G HYGIENE & HEALTH CARE,13480.0,13699.0,13338.0,13633.0,13651.0,13408.0,,13633.0,,,12379,167985795.0,4141,F1,1,,,,,
2025-09-24,2025-09-24,CM,NSE,STK,8735,INE0KN801013,PROPEQUITY,SM,,,,,P. E. ANALYTICS LIMITED,202.0,202.0,202.0,202.0,202.0,202.0,,202.0,,,600,121200.0,1,F1,600,,,,,
2025-09-24,2025-09-24,CM,NSE,STK,14413,INE761H01022,PAGEIND,EQ,,,,,PAGE INDUSTRIES LTD,42780.0,42995.0,42305.0,42405.0,42380.0,42780.0,,42405.0,,,11810,502371085.0,8211,F1,1,,,,,
2025-09-24,2025-09-24,CM,NSE,STK,25468,INE420C01059,PAISALO,EQ,,,,,PAISALO DIGITAL LIMITED,40.24,40.85,39.24,39.42,39.47,40.12,,39.42,,,12545681,503314147.02,32288,F1,1,,,,,
2025-09-24,2025-09-24,CM,NSE,STK,17197,INE551D01018,PAKKA,EQ,,,,,PAKKA LIMITED,164.88,164.89,160.4,160.98,161.89,165.07,,160.96,,,79031,12823184.78,1812,F1,1,,,,,
2025-09-24,2025-09-24,CM,NSE,STK,21383,INE471W01019,PALASHSECU,EQ,,,,,PALASH SECURITIES LTD,122.68,122.68,119.26,120.1,120.23,119.58,,120.1,,,794,95538.76,50,F1,1,,,,,
2025-09-24,2025-09-24,CM,NSE,STK,17062,INE218G01033,PALREDTEC,EQ,,,,,PALRED TECHNOLOGIES LTD,49.99,50.39,48.51,49.37,50.0,49.36,,49.38,,,7742,380215.51,83,F1,1,,,,,
2025-09-24,2025-09-24,CM,NSE,STK,4055,INE922B01023,PANACEABIO,EQ,,,,,PANACEA BIOTEC LTD,407.05,409.0,403.15,407.35,406.5,407.05,,407.3,,,114462,46378001.7,4202,F1,1,,,,,
2025-09-24,2025-09-24,CM,NSE,STK,16292,INE895W01019,PANACHE,EQ,,,,,PANACHE DIGILIFE LIMITED,366.56,366.56,360.0,366.56,366.56,349.11,,366.56,,,424202,155364487.67,1137,F1,1,,,,,
2025-09-24,2025-09-24,CM,NSE,STK,25392,INE305C01029,PANAMAPET,EQ,,,,,PANAMA PETROCHEM LTD,289.7,293.0,289.2,289.75,289.5,289.85,,289.95,,,29932,8700759.3,1537,F1,1,,,,,
2025-09-24,2025-09-24,CM,NSE,STK,6141,INE697V01011,PANSARI,EQ,,,,,PANSARI DEVELOPERS LTD,260.0,274.0,260.0,270.0,270.0,262.45,,270.0,,,58215,15772624.55,243,F1,1,,,,,
2025-09-24,2025-09-24,CM,NSE,STK,5637,INE04LG01015,PAR,BE,,,,,PAR DRUGS AND CHEM LTD,110.0,114.1,110.0,110.95,110.75,109.07,,110.95,,,5384,603912.07,136,F1,1,,,,,
2025-09-24,2025-09-24,CM,NSE,STK,9741,INE088F01024,PARADEEP,EQ,,,,,PARADEEP PHOSPHATES LTD,173.0,194.57,171.66,192.73,193.2,173.74,,192.72,,,52990148,9890512285.28,289565,F1,1,,,,,
2025-09-24,2025-09-24,CM,NSE,STK,17130,INE883N01014,PARAGMILK,EQ,,,,,PARAG MILK FOODS LTD.,290.9,293.3,280.0,280.98,280.49,290.94,,280.91,,,652329,185380795.35,19157,F1,1,,,,,
2025-09-24,2025-09-24,CM,NSE,STK,19779,INE0N4G01012,PARAGON,SM,,,,,PARAGON FINE S.C. LTD.,55.25,55.9,55.25,55.55,55.55,56.5,,55.55,,,4800,266880.0,4,F1,1200,,,,,
2025-09-24,2025-09-24,CM,NSE,STK,13951,INE074B01023,PARACABLES,EQ,,,,,PARAMOUNT COMM LTD,47.0,47.06,46.0,46.13,46.11,47.07,,46.13,,,670362,31100935.82,3913,F1,1,,,,,
2025-09-24,2025-09-24,CM,NSE,STK,25431,INE0Q6001012,PSFL,SM,,,,,PARAMOUNT SPECIALI FORG L,38.5,38.5,38.05,38.1,38.05,38.15,,38.1,,,10000,382800.0,5,F1,2000,,,,,
2025-09-24,2025-09-24,CM,NSE,STK,5911,INE045601023,PARAS,EQ,,,,,PARAS DEF AND SPCE TECH L,709.85,722.0,704.5,709.3,711.85,713.0,,709.2,,,397284,282913884.0,19760,F1,1,,,,,
2025-09-24,2025-09-24,CM,NSE,STK,3972,INE162C01024,PARASPETRO,EQ,,,,,PARAS PETROFILS LTD.,2.47,2.5,2.41,2.46,2.44,2.47,,2.46,,,111823,274870.96,322,F1,1,,,,,
2025-09-24,2025-09-24,CM,NSE,STK,5460,INE00U801010,PARIN,SM,,,,,PARIN ENTERPRISES LIMITED,516.5,516.5,496.0,504.5,504.5,501.0,,504.5,,,11500,5786450.0,13,F1,500,,,,,
2025-09-24,2025-09-24,CM,NSE,STK,22649,INE988S01028,PARKHOTELS,EQ,,,,,PARKHOTELS,154.21,155.63,150.3,151.92,152.0,154.36,,151.93,,,389694,59494428.63,5744,F1,1,,,,,
2025-09-24,2025-09-24,CM,NSE,STK,13795,INE561H01026,PARSVNATH,BE,,,,,PARSVNATH DEVELOPER LTD,15.4,15.5,14.42,14.58,14.42,15.18,,14.58,,,718659,10764242.24,883,F1,1,,,,,
2025-09-24,2025-09-24,CM,NSE,STK,758220,INE1H7V01011,PARTH,ST,,,,,PARTH ELEC & ENG LTD,233.5,233.5,224.0,224.6,224.0,233.2,,224.6,,,29600,6699080.0,34,F1,800,,,,,
2025-09-24,2025-09-24,CM,NSE,STK,2599,INE06ZX01015,PARTYCRUS,SM,,,,,PARTY CRUISERS LIMITED,76.9,76.9,76.9,76.9,76.9,78.0,,76.9,,,1000,76900.0,1,F1,1000,,,,,
2025-09-24,2025-09-24,CM,NSE,STK,757955,INE124Y01010,PASHUPATI,EQ,,,,,PASHUPATI COTSPIN LIMITED,719.6,719.6,702.65,706.4,706.1,719.6,,706.4,,,1410,996477.7,129,F1,1,,,,,
2025-09-24,2025-09-24,CM,NSE,STK,6045,INE818B01023,PASUPTAC,EQ,,,,,PASUPATI ACRYLON LIMITED,45.75,47.49,45.75,46.27,46.05,46.68,,46.27,,,38635,1801906.81,687,F1,1,,,,,
2025-09-24,2025-09-24,CM,NSE,STK,17029,INE619A01035,PATANJALI,EQ,,,,,PATANJALI FOODS LIMITED,600.0,605.8,596.0,600.8,600.0,599.8,,600.8,,,595726,357892545.2,12583,F1,1,,,,,
2025-09-24,2025-09-24,CM,NSE,STK,11699,INE244B01030,PATELENG,EQ,,,,,PATEL ENGINEERING LTD.,40.13,40.3,38.81,39.02,38.95,40.12,,39.01,,,1702236,67167516.11,10037,F1,1,,,,,
2025-09-24,2025-09-24,CM,NSE,STK,15219,INE529D01014,PATINTLOG,EQ,,,,,PATEL INT. LOG. LTD,15.9,16.21,14.85,15.06,15.01,15.9,,15.07,,,243202,3710897.61,1171,F1,1,,,,,
2025-09-24,2025-09-24,CM,NSE,STK,759439,INE0R8B01010,PATELRMART,EQ,,,,,PATEL RETAIL LIMITED,242.7,243.9,231.5,236.75,232.0,244.0,,236.7,,,495488,117668654.9,6897,F1,1,,,,,
2025-09-24,2025-09-24,CM,NSE,STK,756963,INE17GV01016,PATILAUTOM,SM,,,,,PATIL AUTOMATION LIMITED,202.0,203.85,195.0,197.05,196.0,203.85,,197.05,,,28800,5726760.0,20,F1,1200,,,,,
2025-09-24,2025-09-24,CM,NSE,STK,16192,INE07S101038,PAVNAIND,EQ,,,,,PAVNA INDUSTRIES LIMITED,39.45,39.85,37.7,37.95,38.25,39.8,,37.95,,,261043,10093599.15,2165,F1,1,,,,,
2025-09-24,2025-09-24,CM,NSE,STK,6656,INE417T01026,POLICYBZR,EQ,,,,,PB FINTECH LIMITED,1803.5,1805.0,1681.2,1735.2,1731.1,1801.6,,1735.2,,,2809116,4857264700.3,90917,F1,1,,,,,
2025-09-24,2025-09-24,CM,NSE,STK,29124,INE785M01021,PCJEWELLER,EQ,,,,,PC JEWELLER LTD,13.55,13.68,13.3,13.33,13.42,13.48,,13.33,,,41921808,563594849.94,41680,F1,1,,,,,
2025-09-24,2025-09-24,CM,NSE,STK,2649,INE602A01031,PCBL,EQ,,,,,PCBL CHEMICAL LIMITED,392.65,393.9,388.7,389.7,389.0,392.6,,389.7,,,510137,199307879.2,17892,F1,1,,,,,
2025-09-24,2025-09-24,CM,NSE,STK,5264,INE111Q01021,PDSL,EQ,,,,,PDS LIMITED,337.0,339.7,332.8,336.75,334.8,339.65,,336.7,,,53608,18013367.75,3934,F1,1,,,,,
2025-09-24,2025-09-24,CM,NSE,STK,14260,INE940H01022,PGIL,EQ,,,,,PEARL GLOBAL IND LIMITED,1358.4,1373.5,1342.6,1352.3,1345.3,1358.4,,1352.3,,,20569,27879665.7,3103,F1,1,,,,,
2025-09-24,2025-09-24,CM,NSE,STK,2610,INE844A01013,PEARLPOLY,EQ,,,,,PEARL POLYMERS LTD,30.99,31.4,30.7,30.86,30.8,31.02,,30.85,,,12642,391583.24,442,F1,1,,,,,
2025-09-24,2025-09-24,CM,NSE,STK,25408,INE0VG601013,PELATRO,SM,,,,,PELATRO LIMITED,390.0,400.0,385.0,399.0,399.0,396.05,,399.0,,,4200,1655565.0,14,F1,300,,,,,
2025-09-24,2025-09-24,CM,NSE,STK,2256,INE138A01028,PENINLAND,EQ,,,,,PENINSULA LAND LIMITED,35.64,35.95,34.81,34.91,34.81,35.48,,34.91,,,200696,7072441.23,2081,F1,1,,,,,
2025-09-24,2025-09-24,CM,NSE,STK,20621,INE932A01024,PENIND,EQ,,,,,PENNAR INDUSTRIES LTD,244.6,245.8,241.0,242.01,241.9,244.78,,241.93,,,378701,91945413.19,7239,F1,1,,,,,
2025-09-24,2025-09-24,CM,NSE,STK,17132,INE0ORS01017,PENTAGON,SM,,,,,PENTAGON RUBBER LIMITED,72.9,74.25,66.05,73.0,73.95,71.95,,73.0,,,79000,5629550.0,69,F1,1000,,,,,
2025-09-24,2025-09-24,CM,NSE,STK,758121,INE925S01012,PERFECT,SZ,,,,,PERFECT INFRAENGINEER LTD,5.5,5.5,5.0,5.0,5.0,5.25,,5.0,,,21000,109500.0,6,F1,3000,,,,,
2025-09-24,2025-09-24,CM,NSE,STK,18365,INE262H01021,PERSISTENT,EQ,,,,,PERSISTENT SYSTEMS LTD,5211.0,5229.5,5132.0,5191.5,5185.0,5240.5,,5191.5,,,608045,3142591210.0,56815,F1,1,,,,,
2025-09-24,2025-09-24,CM,NSE,STK,24290,INE998U01015,PCCL,SM,,,,,PETRO CARBON AND CHEMI L,179.1,179.1,178.9,178.9,178.9,180.0,,178.9,,,1200,214840.0,2,F1,400,,,,,
2025-09-24,2025-09-24,CM,NSE,STK,11351,INE347G01014,PETRONET,EQ,,,,,PETRONET LNG LIMITED,274.25,275.75,270.25,270.95,271.0,275.95,,270.95,,,2211982,601614928.75,42938,F1,1,,,,,
2025-09-24,2025-09-24,CM,NSE,STK,2643,INE182A01018,PFIZER,EQ,,,,,PFIZER LTD,5045.0,5049.5,4975.0,5005.0,5006.0,5026.0,,5005.0,,,10230,51177614.5,3299,F1,1,,,,,
2025-09-24,2025-09-24,CM,NSE,STK,25358,INE457L01029,PGEL,EQ,,,,,PG ELECTROPLAST LTD,557.0,558.95,539.5,544.3,541.2,558.2,,544.15,,,1498982,825760242.85,30910,F1,1,,,,,
2025-09-24,2025-09-24,CM,NSE,STK,11616,INE0MLZ01019,PHANTOMFX,ST,,,,,PHANTOM DIGITAL EFF LTD,248.5,251.2,245.25,248.75,249.0,245.55,,248.75,,,12300,3066645.0,33,F1,300,,,,,
2025-09-24,2025-09-24,CM,NSE,STK,25513,INE0FPO01018,PHOGLOBAL,SM,,,,,PHOENIX OVERSEAS LIMITED,21.55,22.1,21.0,21.3,21.3,21.9,,21.3,,,22000,473200.0,10,F1,2000,,,,,
2025-09-24,2025-09-24,CM,NSE,STK,24184,INE603J01030,PIIND,EQ,,,,,PI INDUSTRIES LTD,3632.0,3644.8,3593.0,3629.0,3625.0,3625.8,,3629.0,,,142580,516110178.0,22254,F1,1,,,,,
2025-09-24,2025-09-24,CM,NSE,STK,757754,INE546C01010,PICCADIL,EQ,,,,,PICCADILY AGRO INDUSTRI L,740.0,744.9,710.5,714.35,715.0,742.4,,714.2,,,125167,90756172.55,10889,F1,1,,,,,
2025-09-24,2025-09-24,CM,NSE,STK,24791,INE0YAL01017,PPSL,ST,,,,,PICTUREPOST STUDIOS LTD,14.3,14.3,13.95,13.95,13.95,14.3,,13.95,,,6000,84750.0,2,F1,3000,,,,,
2025-09-24,2025-09-24,CM,NSE,STK,2664,INE318A01026,PIDILITIND,EQ,,,,,PIDILITE INDUSTRIES LTD,1489.3,1521.7,1475.0,1519.5,1517.5,1489.3,,1519.5,,,540982,811785560.6,33493,F1,1,,,,,
2025-09-24,2025-09-24,CM,NSE,STK,30835,INE600A01035,PILITA,EQ,,,,,PIL ITALICA LIFESTYLE LTD,14.2,14.53,13.9,14.01,13.92,14.2,,13.99,,,75308,1059651.26,591,F1,1,,,,,
2025-09-24,2025-09-24,CM,NSE,STK,11445,INE417C01014,PILANIINVS,EQ,,,,,PILANI INV & IND COR LTD,5377.0,5590.0,5295.3,5434.9,5440.1,5309.5,,5435.0,,,12611,68933681.2,3917,F1,1,,,,,
2025-09-24,2025-09-24,CM,NSE,STK,13463,INE156C01018,PIONEEREMB,EQ,,,,,PIONEER EMBROIDERIES LTD,38.98,38.98,36.52,36.62,36.52,37.65,,36.63,,,28860,1069496.96,267,F1,1,,,,,
2025-09-24,2025-09-24,CM,NSE,STK,11571,INE0DK501011,PPLPHARMA,EQ,,,,,PIRAMAL PHARMA LIMITED,200.45,200.93,195.8,196.34,196.16,200.03,,196.34,,,1955674,386863729.57,26464,F1,1,,,,,
2025-09-24,2025-09-24,CM,NSE,STK,14134,INE450D01021,PITTIENG,EQ,,,,,PITTI ENGINEERING LIMITED,1010.75,1014.9,990.35,993.9,990.4,1010.75,,993.85,,,35545,35466704.25,3732,F1,1,,,,,
2025-09-24,2025-09-24,CM,NSE,STK,9087,INE751B01018,PIXTRANS,EQ,,,,,PIX TRANSMISSIONS LIMITED,1442.0,1485.0,1435.1,1450.0,1451.0,1439.8,,1450.0,,,12602,18413377.7,1992,F1,1,,,,,
2025-09-24,2025-09-24,CM,NSE,STK,13920,INE083C01022,PLASTIBLEN,EQ,,,,,PLASTIBLENDS INDIA LTD,192.54,193.52,191.0,192.87,193.39,190.81,,192.88,,,4730,910228.3,190,F1,1,,,,,
2025-09-24,2025-09-24,CM,NSE,STK,22930,INE0PT501018,PLATIND,EQ,,,,,PLATINUM INDUSTRIES LTD,327.55,327.65,319.5,324.25,322.9,325.1,,324.25,,,283696,91604087.4,7673,F1,1,,,,,
2025-09-24,2025-09-24,CM,NSE,STK,19458,INE0INJ01017,PLAZACABLE,EQ,,,,,PLAZA WIRES LIMITED,56.68,56.97,55.4,55.87,56.35,56.68,,55.89,,,31486,1767857.34,1635,F1,1,,,,,
2025-09-24,2025-09-24,CM,NSE,STK,8736,INE859A01011,PNBGILTS,EQ,,,,,PNB GILTS LIMITED,101.6,102.99,99.65,100.28,100.04,102.18,,100.28,,,433100,43706231.24,4051,F1,1,,,,,
2025-09-24,2025-09-24,CM,NSE,STK,18908,INE572E01012,PNBHOUSING,EQ,,,,,PNB HOUSING FIN LTD.,885.0,897.8,880.0,889.9,880.1,891.75,,889.8,,,2192211,1952533204.45,82902,F1,1,,,,,
2025-09-24,2025-09-24,CM,NSE,STK,9385,INE195J01029,PNCINFRA,EQ,,,,,PNC INFRATECH LTD.,306.35,306.95,303.05,304.55,304.75,305.9,,304.55,,,189222,57619220.05,5165,F1,1,,,,,
2025-09-24,2025-09-24,CM,NSE,STK,19036,INE371C01013,PODDARMENT,EQ,,,,,PODDAR PIGMENTS LIMITED,286.6,287.7,283.15,284.4,286.95,286.85,,284.45,,,1396,397381.15,96,F1,1,,,,,
2025-09-24,2025-09-24,CM,NSE,STK,17651,INE637C01025,POKARNA,EQ,,,,,POKARNA LIMITED,853.5,858.95,831.9,836.3,840.6,850.95,,836.3,,,48307,40682849.75,4569,F1,1,,,,,
2025-09-24,2025-09-24,CM,NSE,STK,25718,INE205C01021,POLYMED,EQ,,,,,POLY MEDICURE LIMITED,1962.2,1998.5,1942.0,1983.1,1982.0,1952.9,,1983.1,,,99540,196963183.6,11097,F1,1,,,,,
2025-09-24,2025-09-24,CM,NSE,STK,9590,INE455K01017,POLYCAB,EQ,,,,,POLYCAB INDIA LIMITED,7590.0,7623.5,7505.0,7532.5,7529.0,7620.0,,7532.5,,,352940,2662391890.0,31366,F1,1,,,,,
2025-09-24,2025-09-24,CM,NSE,STK,2687,INE633B01018,POLYPLEX,EQ,,,,,POLYPLEX CORPORATION LTD,1094.5,1095.0,1070.3,1089.7,1080.0,1085.4,,1089.7,,,117380,127446126.4,17360,F1,1,,,,,
2025-09-24,2025-09-24,CM,NSE,STK,22714,INE517M01028,POLYSIL,ST,,,,,POLYSIL IRRIGATION SYST L,236.15,236.15,235.95,236.15,236.15,231.55,,236.15,,,24000,5666000.0,12,F1,2000,,,,,
2025-09-24,2025-09-24,CM,NSE,STK,14385,INE063E01053,POCL,EQ,,,,,PONDY OXIDES & CHEM LTD,1288.1,1290.1,1211.2,1220.9,1224.9,1291.3,,1221.0,,,380581,474869593.8,25935,F1,1,,,,,
2025-09-24,2025-09-24,CM,NSE,STK,10661,INE838E01017,PONNIERODE,EQ,,,,,PONNIE SUGARS (ERODE) LTD,290.3,293.4,288.0,288.45,288.0,292.05,,288.45,,,7923,2291894.1,577,F1,1,,,,,
2025-09-24,2025-09-24,CM,NSE,STK,11403,INE511C01022,POONAWALLA,EQ,,,,,POONAWALLA FINCORP LTD,482.95,493.9,480.0,485.5,484.0,482.95,,485.5,,,2014592,983005431.95,35932,F1,1,,,,,
2025-09-24,2025-09-24,CM,NSE,STK,23142,INE772T01024,PVSL,EQ,,,,,POPULAR VEHICLES N SER L,147.99,148.17,142.1,145.41,146.5,148.11,,145.41,,,104426,15115806.78,2737,F1,1,,,,,
2025-09-24,2025-09-24,CM,NSE,STK,24864,INE0S3H01017,POSITRON,SM,,,,,POSITRON ENERGY LIMITED,337.1,343.0,325.0,338.45,338.0,337.6,,338.45,,,15000,5047800.0,46,F1,300,,,,,
2025-09-24,2025-09-24,CM,NSE,STK,14299,INE134E01011,PFC,EQ,,,,,POWER FIN CORP LTD.,412.0,414.75,409.6,410.7,410.2,412.9,,410.7,,,2610791,1075941330.15,46984,F1,1,,,,,
2025-09-24,2025-09-24,CM,NSE,STK,14977,INE752E01010,POWERGRID,EQ,,,,,POWER GRID CORP. LTD.,287.9,294.55,286.95,293.3,293.45,288.6,,293.3,,,14032389,4091554169.9,116907,F1,1,,,,,
2025-09-24,2025-09-24,CM,NSE,STK,15730,INE557Z01018,PIGL,BE,,,,,POWER INSTRUMENT (G) LTD,155.55,164.05,155.0,164.05,164.05,156.24,,164.05,,,118781,19375695.04,244,F1,1,,,,,
2025-09-24,2025-09-24,CM,NSE,STK,10473,INE211R01019,POWERMECH,EQ,,,,,POWER MECH PROJECTS LTD.,2867.0,2895.3,2832.0,2843.3,2832.0,2869.4,,2843.0,,,77402,221342681.1,11628,F1,1,,,,,
2025-09-24,2025-09-24,CM,NSE,STK,3494,INE0GGX23010,PGINVIT,IV,,,,,POWERGRID INFRA. INVITS,95.86,96.25,95.2,95.74,95.5,95.41,,95.74,,,708978,67946897.96,3372,F1,1,,,,,
2025-09-24,2025-09-24,CM,NSE,STK,15213,INE095I01015,PPAP,BE,,,,,PPAP AUTOMOTIVE LIMITED,229.01,234.76,229.01,234.76,234.76,230.16,,232.13,,,10709,2511608.29,35,F1,1,,,,,
2025-09-24,2025-09-24,CM,NSE,STK,30134,INE0I0M01023,PRABHA,EQ,,,,,PRABHA ENERGY LIMITED,222.9,239.92,220.52,227.68,228.0,223.04,,227.68,,,115121,26825567.03,3478,F1,1,,,,,
2025-09-24,2025-09-24,CM,NSE,STK,2705,INE074A01025,PRAJIND,EQ,,,,,PRAJ INDUSTRIES LTD,381.25,382.4,368.25,369.4,369.0,380.35,,369.4,,,1527984,571863569.75,42255,F1,1,,,,,
2025-09-24,2025-09-24,CM,NSE,STK,13945,INE505C01016,PRAENG,BE,,,,,PRAJAY ENG. SYN. LTD.,24.0,24.6,23.8,24.43,24.6,24.11,,24.43,,,42118,1025981.34,143,F1,1,,,,,
2025-09-24,2025-09-24,CM,NSE,STK,2708,INE603A01013,PRAKASH,EQ,,,,,PRAKASH INDUSTRIES LTD,168.4,175.76,168.4,168.93,169.8,168.02,,168.92,,,1379777,237384576.6,17539,F1,1,,,,,
2025-09-24,2025-09-24,CM,NSE,STK,10297,INE050001010,PPL,EQ,,,,,PRAKASH PIPES LIMITED,312.5,314.6,306.5,307.75,308.0,312.05,,307.75,,,51006,15830817.6,1962,F1,1,,,,,
2025-09-24,2025-09-24,CM,NSE,STK,19599,INE696K01024,PRAKASHSTL,EQ,,,,,PRAKASH STEELAGE LTD,5.58,5.69,5.58,5.59,5.63,5.58,,5.6,,,108221,607467.18,386,F1,1,,,,,
2025-09-24,2025-09-24,CM,NSE,STK,18517,INE0O7A01017,PRAMARA,ST,,,,,PRAMARA PROMOTIONS LTD,284.0,284.0,276.5,277.65,276.5,277.65,,277.65,,,14000,3917300.0,11,F1,1000,,,,,
2025-09-24,2025-09-24,CM,NSE,STK,21840,INE393P01035,DIAMONDYD,EQ,,,,,PRATAAP SNACKS LIMITED,1006.0,1038.0,995.95,1034.55,1034.55,1004.5,,1034.55,,,124334,126721212.85,5020,F1,1,,,,,
2025-09-24,2025-09-24,CM,NSE,STK,23113,INE0QA601016,PRATHAM,SM,,,,,PRATHAM EPC PROJECTS LTD,139.6,139.6,137.35,138.4,138.15,139.6,,138.4,,,5200,716960.0,9,F1,400,,,,,
2025-09-24,2025-09-24,CM,NSE,STK,1216,INE546Y01022,PRAXIS,BE,,,,,PRAXIS HOME RETAIL LTD,12.07,12.32,12.07,12.32,12.32,12.32,,12.41,,,162423,1964161.35,43,F1,1,,,,,
2025-09-24,2025-09-24,CM,NSE,STK,12603,INE484I01029,PRECAM,EQ,,,,,PRECISION CAMSHAFTS LTD.,214.47,214.47,207.9,209.31,208.0,214.7,,209.31,,,423837,89113980.36,5553,F1,1,,,,,
2025-09-24,2025-09-24,CM,NSE,STK,7950,INE0HKW01018,PRECISION,SM,,,,,PRECISION METALIKS LTD,20.0,21.25,20.0,21.25,21.25,21.0,,21.25,,,16000,324100.0,8,F1,2000,,,,,
2025-09-24,2025-09-24,CM,NSE,STK,2717,INE372C01037,PRECWIRE,EQ,,,,,PRECISION WIRES INDIA LTD,180.81,198.96,180.0,189.31,189.3,180.11,,189.3,,,2236484,429539864.09,47353,F1,1,,,,,
2025-09-24,2025-09-24,CM,NSE,STK,5884,INE283A01014,PRECOT,BE,,,,,PRECOT LIMITED,455.0,479.9,455.0,461.05,461.05,469.95,,461.05,,,2869,1326908.5,51,F1,1,,,,,
2025-09-24,2025-09-24,CM,NSE,STK,25049,INE0BS701011,PREMIERENE,EQ,,,,,PREMIER ENERGIES LIMITED,1012.0,1066.9,1008.8,1044.7,1042.85,1012.35,,1044.7,,,2896665,3031536252.15,79528,F1,1,,,,,
2025-09-24,2025-09-24,CM,NSE,STK,17397,INE863B01029,PREMEXPLN,EQ,,,,,PREMIER EXPLOSIVES LTD,588.35,616.95,588.3,604.1,605.0,588.35,,604.1,,,1224793,741996607.25,43744,F1,1,,,,,
2025-09-24,2025-09-24,CM,NSE,STK,6248,INE342A01018,PREMIER,BE,,,,,PREMIER LIMITED,3.53,3.59,3.4,3.5,3.5,3.53,,3.5,,,497,1743.45,14,F1,1,,,,,
2025-09-24,2025-09-24,CM,NSE,STK,3908,INE309M01020,PREMIERPOL,EQ,,,,,PREMIER POLYFILM LTD,47.33,47.42,46.5,46.97,47.1,47.33,,46.96,,,24038,1128440.2,343,F1,1,,,,,
2025-09-24,2025-09-24,CM,NSE,STK,23764,INE0CFG01012,PRLIND,SM,,,,,PREMIER ROADLINES LIMITED,82.5,84.0,82.05,82.05,82.05,81.65,,82.05,,,10000,828450.0,7,F1,1000,,,,,
2025-09-24,2025-09-24,CM,NSE,STK,25898,INE0M1F01011,PREMIUM,SM,,,,,PREMIUM PLAST LIMITED,37.7,37.7,37.7,37.7,37.7,38.45,,37.7,,,3000,113100.0,1,F1,3000,,,,,
2025-09-24,2025-09-24,CM,NSE,STK,20498,INE0R1601012,PRESSTONIC,SM,,,,,PRESSTONIC ENGINEERING L,85.75,85.8,84.2,84.2,84.2,84.55,,84.2,,,5600,475400.0,7,F1,800,,,,,
2025-09-24,2025-09-24,CM,NSE,STK,20302,INE811K01011,PRESTIGE,EQ,,,,,PRESTIGE ESTATE LTD,1604.9,1630.0,1553.8,1572.7,1573.0,1604.9,,1572.7,,,848538,1334347269.2,29630,F1,1,,,,,
2025-09-24,2025-09-24,CM,NSE,STK,19631,INE726V01018,PRICOLLTD,EQ,,,,,PRICOL LIMITED,544.0,557.95,541.3,551.9,552.8,544.0,,551.85,,,330806,182784766.5,16656,F1,1,,,,,
2025-09-24,2025-09-24,CM,NSE,STK,13496,INE367G01038,PFOCUS,EQ,,,,,PRIME FOCUS LIMITED,193.16,203.7,189.75,191.34,190.0,195.6,,191.35,,,5313973,1047080157.6,35061,F1,1,,,,,
2025-09-24,2025-09-24,CM,NSE,STK,11864,INE032B01021,PRIMESECU,EQ,,,,,PRIME SECURITIES LIMITED,257.95,263.9,254.6,261.25,263.85,258.25,,261.2,,,38814,10100682.8,835,F1,1,,,,,
2025-09-24,2025-09-24,CM,NSE,STK,756925,INE607A01022,PRIMO,EQ,,,,,PRIMO CHEMICALS LIMITED,25.71,25.91,25.32,25.4,25.7,25.71,,25.4,,,59912,1529178.81,465,F1,1,,,,,
2025-09-24,2025-09-24,CM,NSE,STK,16045,INE689W01016,PRINCEPIPE,EQ,,,,,PRINCE PIPES FITTINGS LTD,345.0,346.15,335.35,337.2,337.2,344.95,,337.2,,,169119,57573440.9,7810,F1,1,,,,,
2025-09-24,2025-09-24,CM,NSE,STK,2739,INE010A01011,PRSMJOHNSN,EQ,,,,,PRISM JOHNSON LIMITED,168.45,169.4,165.1,167.59,166.99,168.28,,167.6,,,613919,102257249.72,9496,F1,1,,,,,
2025-09-24,2025-09-24,CM,NSE,STK,8304,INE974Z01015,PRITI,EQ,,,,,PRITI INTERNATIONAL LTD,74.98,75.48,73.22,73.54,73.95,74.61,,73.54,,,17423,1288495.67,1179,F1,1,,,,,
2025-09-24,2025-09-24,CM,NSE,STK,5292,INE583R01029,PRITIKAUTO,EQ,,,,,PRITIKA AUTO INDUS LTD,17.41,17.68,17.25,17.31,17.27,17.33,,17.31,,,177974,3090693.56,487,F1,1,,,,,
2025-09-24,2025-09-24,CM,NSE,STK,12971,INE0MJQ01020,PRITIKA,SM,,,,,PRITIKA ENG COMPO LTD,89.95,93.5,89.5,92.05,91.75,89.9,,92.05,,,32000,2913600.0,15,F1,2000,,,,,
2025-09-24,2025-09-24,CM,NSE,STK,9346,INE392B01011,PNC,BE,,,,,PRITISH NANDY COMMUNICATI,34.06,35.98,33.1,33.24,33.8,34.74,,33.24,,,12049,404685.05,108,F1,1,,,,,
2025-09-24,2025-09-24,CM,NSE,STK,8825,INE959A01019,PRIVISCL,EQ,,,,,PRIVI SPECIALITY CHE LTD,2466.3,2466.3,2394.0,2403.0,2403.9,2444.3,,2403.1,,,16744,40573780.0,3182,F1,1,,,,,
2025-09-24,2025-09-24,CM,NSE,STK,24511,INE0V9N01017,PRIZOR,ST,,,,,PRIZOR VIZTECH LIMITED,290.0,290.0,281.15,281.15,281.15,295.95,,281.15,,,24800,7021840.0,30,F1,800,,,,,
2025-09-24,2025-09-24,CM,NSE,STK,757806,INE0VJT01017,PROFX,SM,,,,,PRO FX TECH LIMITED,96.95,99.0,96.15,96.95,96.95,97.4,,96.95,,,32000,3114640.0,19,F1,1600,,,,,
2025-09-24,2025-09-24,CM,NSE,STK,940,INE199A01012,PGHL,EQ,,,,,PROCTER & GAMBLE HEALTH L,6328.0,6399.0,6270.0,6289.5,6274.5,6290.0,,6289.5,,,10516,66388829.5,3258,F1,1,,,,,
2025-09-24,2025-09-24,CM,NSE,STK,758173,INE0BX301013,PROSTARM,EQ,,,,,PROSTARM INFO SYSTEMS LTD,207.25,209.44,203.09,204.42,203.94,206.22,,204.39,,,525616,108040487.87,7049,F1,1,,,,,
2025-09-24,2025-09-24,CM,NSE,STK,29472,INE004A01022,PROTEAN,EQ,,,,,PROTEAN EGOV TECHNO LTD,894.9,939.8,893.6,906.5,903.4,893.85,,906.5,,,1326509,1221743068.25,51826,F1,1,,,,,
2025-09-24,2025-09-24,CM,NSE,STK,16483,INE0ONE01016,PROV,SM,,,,,PROVENTUS AGROCOM LIMITED,1090.0,1165.8,1050.0,1165.8,1165.8,971.5,,1165.8,,,8000,9081176.0,92,F1,80,,,,,
2025-09-24,2025-09-24,CM,NSE,STK,28859,INE195N01013,PROZONER,EQ,,,,,PROZONE REALTY LIMITED,48.99,52.4,48.75,49.24,49.0,48.47,,49.24,,,2187269,110472854.65,9803,F1,1,,,,,
2025-09-24,2025-09-24,CM,NSE,STK,9553,INE00F201020,PRUDENT,EQ,,,,,PRUDENT CORP ADV SER LTD,2815.0,2853.4,2765.0,2774.4,2768.0,2802.6,,2774.2,,,17904,50167006.1,7228,F1,1,,,,,
2025-09-24,2025-09-24,CM,NSE,STK,20527,INE024D01016,PRUDMOULI,EQ,,,,,PRUDENTIAL SUGAR CORPORAT,35.93,35.93,32.1,33.44,32.53,34.56,,33.45,,,463964,15752655.08,1322,F1,1,,,,,
2025-09-24,2025-09-24,CM,NSE,STK,20877,INE488V01015,PSPPROJECT,EQ,,,,,PSP PROJECTS LIMITED,784.7,786.0,772.15,779.3,773.25,783.2,,779.3,,,35240,27491530.9,1838,F1,1,,,,,
2025-09-24,2025-09-24,CM,NSE,STK,22602,INE560K01014,PFS,EQ,,,,,PTC INDIA FIN SERV LTD,37.0,37.47,36.96,37.05,37.13,37.01,,37.05,,,412200,15327590.72,4074,F1,1,,,,,
2025-09-24,2025-09-24,CM,NSE,STK,11355,INE877F01012,PTC,EQ,,,,,PTC INDIA LIMITED,172.01,173.63,170.88,171.83,171.8,172.3,,171.83,,,782701,134742446.48,19480,F1,1,,,,,
2025-09-24,2025-09-24,CM,NSE,STK,16682,INE596F01018,PTCIL,EQ,,,,,PTC INDUSTRIES LIMITED,15221.0,15304.0,15150.0,15203.0,15202.0,15221.0,,15203.0,,,5604,85300566.0,1937,F1,1,,,,,
2025-09-24,2025-09-24,CM,NSE,STK,14101,INE034D01049,PTL,EQ,,,,,PTL ENTERPRISES LTD,40.2,40.59,40.2,40.42,40.5,40.41,,40.42,,,53336,2158183.96,414,F1,1,,,,,
2025-09-24,2025-09-24,CM,NSE,STK,15377,INE865T01018,PDMJEPAPER,EQ,,,,,PUDUMJEE PAPER PRO. LTD,126.0,126.4,122.5,123.8,123.3,126.66,,123.8,,,63121,7883376.57,1619,F1,1,,,,,
2025-09-24,2025-09-24,CM,NSE,STK,507,INE335X01014,PULZ,SM,,,,,PULZ ELECTRONICS LIMITED,41.9,41.9,40.0,40.95,40.0,38.75,,40.95,,,4000,163800.0,2,F1,2000,,,,,
2025-09-24,2025-09-24,CM,NSE,STK,21001,INE608A01012,PSB,EQ,,,,,PUNJAB & SIND BANK,30.57,30.89,29.54,29.65,29.7,30.03,,29.65,,,3087681,93189798.73,12438,F1,1,,,,,
2025-09-24,2025-09-24,CM,NSE,STK,4344,INE277B01014,PUNJABCHEM,EQ,,,,,PUNJAB CHEM & CROP PROT L,1270.0,1288.0,1229.6,1241.1,1235.4,1277.8,,1241.3,,,12786,16069010.5,1353,F1,1,,,,,
2025-09-24,2025-09-24,CM,NSE,STK,10666,INE160A01022,PNB,EQ,,,,,PUNJAB NATIONAL BANK,114.2,114.49,110.61,111.01,110.98,113.43,,111.01,,,16817280,1895047037.76,83787,F1,1,,,,,
2025-09-24,2025-09-24,CM,NSE,STK,14922,INE323I01011,PURVA,EQ,,,,,PURAVANKARA LIMITED,271.65,272.35,267.05,268.15,268.0,273.0,,268.15,,,71956,19373276.9,3306,F1,1,,,,,
2025-09-24,2025-09-24,CM,NSE,STK,28044,INE0P5R01014,PURPLEUTED,ST,,,,,PURPLE UNITED SALES LTD,410.0,418.0,410.0,416.0,416.0,424.5,,416.0,,,3000,1244000.0,3,F1,1000,,,,,
2025-09-24,2025-09-24,CM,NSE,STK,22942,INE0R6C01012,PURVFLEXI,ST,,,,,PURV FLEXIPACK LIMITED,115.0,118.0,114.0,114.0,114.0,116.0,,114.0,,,20000,2311600.0,19,F1,800,,,,,
2025-09-24,2025-09-24,CM,NSE,STK,757683,INE154801018,PUSHPA,SM,,,,,PUSHPA JEWELLERS LIMITED,135.05,135.05,130.5,131.55,131.55,136.4,,131.55,,,22000,2918500.0,17,F1,1000,,,,,
2025-09-24,2025-09-24,CM,NSE,STK,6273,INE362A01016,PVP,BE,,,,,PVP VENTURES LIMITED,28.0,28.99,27.23,28.93,28.8,28.36,,28.93,,,136848,3904489.89,317,F1,1,,,,,
2025-09-24,2025-09-24,CM,NSE,STK,13147,INE191H01014,PVRINOX,EQ,,,,,PVR INOX LIMITED,1120.0,1121.5,1100.8,1114.0,1115.0,1115.2,,1114.0,,,169548,188312401.6,14449,F1,1,,,,,
2025-09-24,2025-09-24,CM,NSE,STK,18250,INE0MIS01010,PYRAMID,EQ,,,,,PYRAMID TECHNOPLAST LTD,166.0,168.13,163.94,164.81,164.8,166.05,,164.81,,,15246,2511530.61,478,F1,1,,,,,
2025-09-24,2025-09-24,CM,NSE,STK,11467,INE0FMW01018,QMSMEDI,SM,,,,,QMS MEDICAL ALLIED S LTD,98.0,101.0,97.3,99.9,99.9,98.85,,99.9,,,29000,2879250.0,25,F1,1000,,,,,
2025-09-24,2025-09-24,CM,NSE,STK,5870,INE0GOJ01027,QUADPRO,SM,,,,,QUADPRO ITES LIMITED,3.2,3.3,3.2,3.3,3.3,3.35,,3.3,,,24000,78000.0,2,F1,12000,,,,,
2025-09-24,2025-09-24,CM,NSE,STK,29087,INE0LRY01011,QUADFUTURE,EQ,,,,,QUADRANT FUTURE TEK LTD,420.8,426.0,416.0,417.7,417.45,421.9,,417.7,,,138199,57941162.05,5152,F1,1,,,,,
2025-09-24,2025-09-24,CM,NSE,STK,29711,INE0SII01026,QPOWER,EQ,,,,,QUALITY POWER ELEC EQUP L,1047.95,1072.0,938.9,972.2,990.0,1046.65,,972.4,,,1150390,1163858738.05,54063,F1,1,,,,,
2025-09-24,2025-09-24,CM,NSE,STK,15330,INF082J01408,QGOLDHALF,EQ,,,,,QUANTUM GOLD FUND,94.94,95.98,94.17,94.65,94.66,95.0,,94.65,,,274861,26044076.3,735,F1,1,,,,,
2025-09-24,2025-09-24,CM,NSE,STK,16819,INF082J01028,QNIFTY,EQ,,,,,QUANTUM NIFTY 50 ETF,2739.99,2746.0,2735.0,2737.18,2739.0,2748.0,,2737.18,,,117,320629.02,42,F1,1,,,,,
2025-09-24,2025-09-24,CM,NSE,STK,17704,INE615P01015,QUESS,EQ,,,,,QUESS CORP LIMITED,261.6,264.0,257.0,257.7,257.55,261.6,,257.7,,,186485,48364794.4,9076,F1,1,,,,,
2025-09-24,2025-09-24,CM,NSE,STK,23793,INE0TNW01017,QUESTLAB,SM,,,,,QUEST LABORATORIES LTD,96.0,96.0,95.45,95.55,95.55,97.0,,95.55,,,8400,804360.0,7,F1,1200,,,,,
2025-09-24,2025-09-24,CM,NSE,STK,13116,INE306L01010,QUICKHEAL,EQ,,,,,QUICK HEAL TECH LTD,324.95,330.8,319.75,322.05,323.0,325.75,,322.05,,,123261,40034928.15,4403,F1,1,,,,,
2025-09-24,2025-09-24,CM,NSE,STK,15285,INE0K4D01020,QUICKTOUCH,SM,,,,,QUICKTOUCH TECHNOLOGIES L,47.2,47.2,46.0,46.6,46.0,47.4,,46.6,,,1500,70200.0,3,F1,500,,,,,
2025-09-24,2025-09-24,CM,NSE,STK,24957,INE0KZF01015,QVCEL,SM,,,,,QVC EXPORTS LIMITED,33.0,33.45,32.0,33.0,33.0,33.65,,33.0,,,9600,314960.0,6,F1,1600,,,,,
2025-09-24,2025-09-24,CM,NSE,STK,23043,INE0NQ801033,RKSWAMY,EQ,,,,,R K SWAMY LIMITED,154.7,157.9,153.08,154.91,153.08,154.7,,154.85,,,16218,2507666.75,455,F1,1,,,,,
2025-09-24,2025-09-24,CM,NSE,STK,757834,INE219Y01018,RMDRIP,EQ,,,,,R M DRIP & SPRINK SYS LTD,770.45,784.8,757.5,761.1,758.8,770.45,,761.1,,,56328,42998349.7,4946,F1,1,,,,,
2025-09-24,2025-09-24,CM,NSE,STK,18566,INE777K01022,RRKABEL,EQ,,,,,R R KABEL LIMITED,1290.0,1300.9,1255.1,1262.9,1262.5,1292.9,,1262.8,,,112683,144086152.2,10893,F1,1,,,,,
2025-09-24,2025-09-24,CM,NSE,STK,13414,INE411H01032,RSYSTEMS,EQ,,,,,R SYS INTERNATIONAL LTD,430.4,432.0,421.6,429.95,428.5,428.1,,430.05,,,122113,52205186.95,8004,F1,1,,,,,
2025-09-24,2025-09-24,CM,NSE,STK,758981,INE012Q01021,RNBDENIMS,EQ,,,,,R&B DENIMS LIMITED,116.43,118.42,113.93,115.04,115.78,115.53,,115.01,,,15086,1747700.62,972,F1,1,,,,,
2025-09-24,2025-09-24,CM,NSE,STK,8426,INE165B01029,RSSOFTWARE,BE,,,,,R. S. SOFTWARE (INDIA) LI,80.7,81.1,77.3,78.31,78.9,80.7,,78.2,,,18955,1484684.73,189,F1,1,,,,,
2025-09-24,2025-09-24,CM,NSE,STK,20760,INE324L01013,RPPINFRA,EQ,,,,,R.P.P INFRA PROJECTS LTD,137.7,137.8,133.0,134.34,134.94,137.03,,134.26,,,110150,14891611.84,1928,F1,1,,,,,
2025-09-24,2025-09-24,CM,NSE,STK,15391,INE084Q01012,RACE,EQ,,,,,RACE ECO CHAIN LIMITED,238.17,238.17,226.05,228.35,230.0,233.96,,228.36,,,2767,643547.87,332,F1,1,,,,,
2025-09-24,2025-09-24,CM,NSE,STK,9854,INE02OY01016,RILINFRA,SM,,,,,RACHANA INFRA LTD,35.9,35.9,34.0,34.3,34.7,35.25,,34.3,,,21700,749305.0,79,F1,100,,,,,
2025-09-24,2025-09-24,CM,NSE,STK,27171,INE704B01017,RACLGEAR,EQ,,,,,RACL GEARTECH LIMITED,930.25,940.1,922.55,924.05,924.0,942.35,,924.25,,,3244,3017889.9,508,F1,1,,,,,
2025-09-24,2025-09-24,CM,NSE,STK,10932,INE874F01027,RADAAN,EQ,,,,,RADAAN MEDIAWORKS (I) LTD,3.65,3.65,3.4,3.42,3.45,3.58,,3.42,,,93057,323217.04,235,F1,1,,,,,
2025-09-24,2025-09-24,CM,NSE,STK,10343,INE583V01021,RADHIKAJWE,EQ,,,,,RADHIKA JEWELTECH LIMITED,92.78,93.53,92.0,92.43,92.45,92.78,,92.43,,,279641,25884367.0,2846,F1,1,,,,,
2025-09-24,2025-09-24,CM,NSE,STK,13580,INE855R01021,RADIANTCMS,EQ,,,,,RADIANT CASH MGMT SER LTD,55.5,56.79,55.0,55.3,55.1,55.96,,55.3,,,117641,6562594.74,1753,F1,1,,,,,
2025-09-24,2025-09-24,CM,NSE,STK,10990,INE944F01028,RADICO,EQ,,,,,RADICO KHAITAN LTD,2979.9,2985.0,2925.0,2969.3,2967.0,2957.6,,2969.2,,,127858,378262955.7,16832,F1,1,,,,,
2025-09-24,2025-09-24,CM,NSE,STK,23442,INE430U01019,RADIOWALLA,SM,,,,,RADIOWALLA NETWORK LTD,63.1,63.1,61.3,61.4,61.5,63.0,,61.4,,,4800,297440.0,3,F1,1600,,,,,
2025-09-24,2025-09-24,CM,NSE,STK,24735,INE912T01018,RPEL,EQ,,,,,RAGHAV PRODUCTIVITY ENH L,678.25,695.15,672.1,684.3,680.0,681.5,,684.15,,,26224,17899949.8,1650,F1,1,,,,,
2025-09-24,2025-09-24,CM,NSE,STK,9552,INE415G01027,RVNL,EQ,,,,,RAIL VIKAS NIGAM LIMITED,356.85,356.95,347.0,347.65,347.6,357.6,,347.65,,,3858578,1357509157.1,48647,F1,1,,,,,
2025-09-24,2025-09-24,CM,NSE,STK,2431,INE0DD101019,RAILTEL,EQ,,,,,RAILTEL CORP OF IND LTD,380.45,383.9,373.3,374.15,374.95,382.45,,374.15,,,870394,328980008.0,17334,F1,1,,,,,
2025-09-24,2025-09-24,CM,NSE,STK,15337,INE855B01025,RAIN,EQ,,,,,RAIN INDUSTRIES LIMITED,136.0,136.25,134.11,134.67,134.35,136.05,,134.67,,,727266,98406381.06,7128,F1,1,,,,,
2025-09-24,2025-09-24,CM,NSE,STK,9408,INE961O01016,RAINBOW,EQ,,,,,RAINBOW CHILDRENS MED LTD,1413.8,1417.5,1390.0,1392.1,1390.2,1413.8,,1392.1,,,49688,69573735.6,7715,F1,1,,,,,
2025-09-24,2025-09-24,CM,NSE,STK,366,INE294G01026,ROML,BE,,,,,RAJ OIL MILLS LIMITED,48.98,49.5,48.75,49.1,49.1,48.74,,49.1,,,839,41167.5,23,F1,1,,,,,
2025-09-24,2025-09-24,CM,NSE,STK,8428,INE533D01032,RAJRILTD,BE,,,,,RAJ RAYON INDUSTRIES LTD,28.36,28.36,27.52,28.35,28.36,27.81,,28.33,,,34049,958111.97,157,F1,1,,,,,
2025-09-24,2025-09-24,CM,NSE,STK,14403,INE952H01027,RAJTV,EQ,,,,,RAJ TV NETWORK LTD,41.23,41.9,40.7,40.99,40.7,41.43,,40.99,,,3168,130349.42,75,F1,1,,,,,
2025-09-24,2025-09-24,CM,NSE,STK,181,INE610C01014,ARENTERP,EQ,,,,,RAJDARSHAN INDUSTRIES LTD,44.01,44.02,43.41,43.74,43.75,44.09,,43.74,,,301,13215.43,17,F1,1,,,,,
2025-09-24,2025-09-24,CM,NSE,STK,7401,INE343B01030,RAJESHEXPO,EQ,,,,,RAJESH EXPORTS LTD,192.8,193.7,190.3,190.98,190.5,192.57,,190.99,,,223561,42943327.31,9226,F1,1,,,,,
2025-09-24,2025-09-24,CM,NSE,STK,19681,INE0BZQ01011,RCDL,SM,,,,,RAJGOR CASTOR DERIVATI L,27.35,28.95,27.35,28.95,28.95,28.5,,28.95,,,15000,415650.0,5,F1,3000,,,,,
2025-09-24,2025-09-24,CM,NSE,STK,2168,INE00KV01022,RAJMET,EQ,,,,,RAJNANDINI METAL LIMITED,4.66,4.74,4.65,4.69,4.73,4.66,,4.69,,,391689,1837631.98,1069,F1,1,,,,,
2025-09-24,2025-09-24,CM,NSE,STK,757049,INE535F01024,RAJOOENG,EQ,,,,,RAJOO ENGINEERS LIMITED,93.37,93.86,90.3,90.75,90.95,92.97,,90.74,,,534405,49044700.29,4698,F1,1,,,,,
2025-09-24,2025-09-24,CM,NSE,STK,18962,INE451D01029,RAJRATAN,EQ,,,,,RAJRATAN GLOBAL WIRE LTD,344.4,351.3,330.6,334.55,331.5,347.55,,334.55,,,104092,35272511.8,6019,F1,1,,,,,
2025-09-24,2025-09-24,CM,NSE,STK,6913,INE760W01023,RPPL,EQ,,,,,RAJSHREE POLYPACK LTD,23.0,23.0,22.0,22.1,22.4,22.49,,22.1,,,65968,1473052.21,224,F1,1,,,,,
2025-09-24,2025-09-24,CM,NSE,STK,2809,INE562B01019,RAJSREESUG,EQ,,,,,RAJSHREE SUGAR & CHEMICAL,40.71,40.71,40.33,40.58,40.64,40.76,,40.65,,,42500,1724159.77,388,F1,1,,,,,
2025-09-24,2025-09-24,CM,NSE,STK,2816,INE613A01020,RALLIS,EQ,,,,,RALLIS INDIA LTD,328.55,329.5,317.0,319.2,319.0,328.55,,319.2,,,680894,218310100.65,16467,F1,1,,,,,
2025-09-24,2025-09-24,CM,NSE,STK,10485,INE207E01023,RAMRAT,EQ,,,,,RAM RATNA WIRES LIMITED,643.3,644.95,633.9,636.3,635.5,643.3,,636.3,,,33112,21121160.7,2600,F1,1,,,,,
2025-09-24,2025-09-24,CM,NSE,STK,10571,INE809A01032,RAMAPHO,BE,,,,,RAMA PHOSPHATES LIMITED,147.69,153.28,145.0,153.28,153.28,145.99,,155.3,,,82956,12637030.29,285,F1,1,,,,,
2025-09-24,2025-09-24,CM,NSE,STK,10300,INE230R01035,RAMASTEEL,EQ,,,,,RAMA STEEL TUBES LIMITED,10.23,10.28,10.1,10.14,10.15,10.23,,10.14,,,8172840,83119118.6,8749,F1,1,,,,,
2025-09-24,2025-09-24,CM,NSE,STK,757777,INE14W901010,RTL,SM,,,,,RAMA TELECOM LIMITED,66.0,66.0,66.0,66.0,66.0,66.0,,66.0,,,2000,132000.0,1,F1,2000,,,,,
2025-09-24,2025-09-24,CM,NSE,STK,4587,INE614A01028,RAMCOIND,EQ,,,,,RAMCO INDUSTRIES LIMITED,384.45,388.85,379.7,381.35,381.45,385.15,,381.35,,,141344,54160513.15,6121,F1,1,,,,,
2025-09-24,2025-09-24,CM,NSE,STK,7851,INE246B01019,RAMCOSYS,EQ,,,,,RAMCO SYSTEMS LTD.,510.5,512.35,481.45,482.45,484.0,506.75,,482.5,,,90244,44209592.25,3211,F1,1,,,,,
2025-09-24,2025-09-24,CM,NSE,STK,23565,INE0RJH01010,RBS,SM,,,,,RAMDEVBABA SOLVENT LTD,124.25,128.0,122.95,126.75,128.0,123.9,,126.75,,,17600,2207040.0,11,F1,1600,,,,,
2025-09-24,2025-09-24,CM,NSE,STK,11411,INE399G01023,RKFORGE,EQ,,,,,RAMKRISHNA FORGINGS LTD,565.0,566.95,555.5,561.75,562.0,563.8,,561.75,,,341705,191819214.0,9913,F1,1,,,,,
2025-09-24,2025-09-24,CM,NSE,STK,20134,INE874I01013,RAMKY,EQ,,,,,RAMKY INFRA LTD,614.0,614.0,599.0,601.95,602.0,615.0,,601.95,,,78154,47232143.65,2041,F1,1,,,,,
2025-09-24,2025-09-24,CM,NSE,STK,2837,INE625B01014,RANASUG,EQ,,,,,RANA SUGARS LTD.,14.47,14.7,14.32,14.62,14.6,14.47,,14.62,,,214529,3116335.17,1020,F1,1,,,,,
2025-09-24,2025-09-24,CM,NSE,STK,11975,INE050H01012,RML,EQ,,,,,RANE (MADRAS) LIMITED,858.5,880.1,850.05,861.95,860.0,856.8,,861.85,,,31673,27445531.75,3634,F1,1,,,,,
2025-09-24,2025-09-24,CM,NSE,STK,2844,INE384A01010,RANEHOLDIN,EQ,,,,,RANE HOLDINGS LIMITED,1601.8,1748.0,1590.0,1677.2,1665.0,1592.9,,1677.4,,,184071,311129812.6,25711,F1,1,,,,,
2025-09-24,2025-09-24,CM,NSE,STK,30460,INE0QX901013,RAPIDFLEET,SM,,,,,RAPID FLEET MGT SERVICE L,192.5,192.5,192.0,192.0,192.0,192.5,,192.0,,,1800,346200.0,3,F1,600,,,,,
2025-09-24,2025-09-24,CM,NSE,STK,25610,INE0MVO01012,RAPPID,SM,,,,,RAPPID VALVES (INDIA) LTD,295.0,300.0,290.1,298.75,300.0,297.0,,298.75,,,10800,3210810.0,17,F1,600,,,,,
2025-09-24,2025-09-24,CM,NSE,STK,22670,INE0J1F01024,RPTECH,EQ,,,,,RASHI PERIPHERALS LIMITED,334.0,340.6,323.55,325.25,325.75,332.75,,325.2,,,294694,97693547.85,10139,F1,1,,,,,
2025-09-24,2025-09-24,CM,NSE,STK,2866,INE027A01015,RCF,EQ,,,,,RASHTRIYA CHEMICALS & FER,151.1,152.8,150.16,150.63,150.82,151.39,,150.63,,,1131250,171071782.01,11823,F1,1,,,,,
2025-09-24,2025-09-24,CM,NSE,STK,7177,INE0CLI01024,RATEGAIN,EQ,,,,,RATEGAIN TRAVEL TECHN LTD,667.4,682.65,654.35,659.0,655.95,665.45,,658.95,,,825238,551839667.2,24754,F1,1,,,,,
2025-09-24,2025-09-24,CM,NSE,STK,13451,INE703B01027,RATNAMANI,EQ,,,,,RATNAMANI MET & TUB LTD.,2449.0,2497.9,2423.2,2458.2,2460.0,2450.1,,2458.2,,,19447,47744183.8,4920,F1,1,,,,,
2025-09-24,2025-09-24,CM,NSE,STK,18423,INE05CZ01011,RATNAVEER,EQ,,,,,RATNAVEER PRECISION ENG L,148.0,158.7,148.0,157.6,157.9,146.8,,157.57,,,3107649,479134671.46,24528,F1,1,,,,,
2025-09-24,2025-09-24,CM,NSE,STK,27297,INE834M01019,RTNINDIA,EQ,,,,,RATTANINDIA ENT LIMITED,55.1,55.37,54.01,54.15,54.05,55.15,,54.15,,,1917435,104669642.38,11082,F1,1,,,,,
2025-09-24,2025-09-24,CM,NSE,STK,17520,INE399K01017,RTNPOWER,EQ,,,,,RATTANINDIA POWER LIMITED,12.13,12.16,11.87,11.92,11.99,12.09,,11.92,,,11499210,138291957.62,15820,F1,1,,,,,
2025-09-24,2025-09-24,CM,NSE,STK,20950,INE722J01012,RKDL,EQ,,,,,RAVI KUMAR DIST. LTD.,29.25,29.25,28.22,28.3,28.22,28.68,,28.3,,,23864,679775.89,269,F1,1,,,,,
2025-09-24,2025-09-24,CM,NSE,STK,1572,INE09E501017,RVHL,BE,,,,,RAVINDER HEIGHTS LIMITED,56.0,57.63,54.5,56.0,56.21,56.28,,56.04,,,21578,1206411.05,117,F1,1,,,,,
2025-09-24,2025-09-24,CM,NSE,STK,24596,INE206N01018,RELTD,EQ,,,,,RAVINDRA ENERGY LIMITED,172.9,175.8,167.32,169.03,169.77,173.75,,169.0,,,244121,41852314.31,5387,F1,1,,,,,
2025-09-24,2025-09-24,CM,NSE,STK,25073,INE02ID01020,RAYMONDLSL,EQ,,,,,RAYMOND LIFESTYLE LIMITED,1272.0,1292.0,1242.6,1263.6,1268.2,1267.2,,1263.4,,,57761,72537144.0,5841,F1,1,,,,,
2025-09-24,2025-09-24,CM,NSE,STK,2859,INE301A01014,RAYMOND,EQ,,,,,RAYMOND LTD,629.7,629.7,617.55,618.9,621.0,624.7,,618.85,,,147745,91940442.7,8039,F1,1,,,,,
2025-09-24,2025-09-24,CM,NSE,STK,758551,INE1SY401010,RAYMONDREL,EQ,,,,,RAYMOND REALTY LIMITED,645.1,646.9,626.5,631.1,628.7,648.6,,631.05,,,198327,125595222.2,10371,F1,1,,,,,
2025-09-24,2025-09-24,CM,NSE,STK,18391,INE976G01028,RBLBANK,EQ,,,,,RBL BANK LIMITED,269.3,272.9,268.6,270.35,270.4,268.95,,270.35,,,3979056,1077865252.05,20617,F1,1,,,,,
2025-09-24,2025-09-24,CM,NSE,STK,13570,INE0NA301016,RBMINFRA,SM,,,,,RBM INFRACON LIMITED,491.3,491.3,480.0,491.3,491.3,467.95,,491.3,,,51800,25397400.0,193,F1,200,,,,,
2025-09-24,2025-09-24,CM,NSE,STK,20874,INE0PEQ01016,RBZJEWEL,EQ,,,,,RBZ JEWELLERS LIMITED,142.28,143.84,137.72,138.5,140.0,141.57,,138.51,,,57090,7975425.35,1089,F1,1,,,,,
2025-09-24,2025-09-24,CM,NSE,STK,29564,INE10QL01011,READYMIX,ST,,,,,READYMIX CONSTRU MACHI L,157.0,157.0,150.7,151.2,151.0,157.0,,151.2,,,30000,4561550.0,15,F1,1000,,,,,
2025-09-24,2025-09-24,CM,NSE,STK,15355,INE020B01018,RECLTD,EQ,,,,,REC LIMITED,385.75,387.4,381.1,382.0,381.5,386.7,,382.0,,,3170894,1218348278.45,45190,F1,1,,,,,
2025-09-24,2025-09-24,CM,NSE,STK,14255,INE891D01026,REDINGTON,EQ,,,,,REDINGTON LIMITED,285.0,285.0,272.96,274.06,274.0,285.03,,274.06,,,3960191,1097191553.25,49485,F1,1,,,,,
2025-09-24,2025-09-24,CM,NSE,STK,17859,INE0LXT01019,REDTAPE,EQ,,,,,REDTAPE LIMITED,157.03,157.63,152.25,153.99,152.25,157.8,,154.01,,,452576,70210555.72,8989,F1,1,,,,,
2025-09-24,2025-09-24,CM,NSE,STK,17764,INE056I01025,REFEX,EQ,,,,,REFEX INDUSTRIES LIMITED,392.45,415.0,380.05,400.45,398.6,390.35,,400.4,,,4678564,1868429604.1,118872,F1,1,,,,,
2025-09-24,2025-09-24,CM,NSE,STK,23718,INE0TNX01015,REFRACTORY,SM,,,,,REFRACTORY SHAPES LIMITED,53.0,53.0,49.85,51.4,51.4,52.45,,51.4,,,60000,3043750.0,37,F1,1000,,,,,
2025-09-24,2025-09-24,CM,NSE,STK,758680,INE0MHO01029,REGAAL,EQ,,,,,REGAAL RESOURCES LIMITED,100.0,100.51,95.2,96.15,95.6,99.93,,96.15,,,2035681,198078908.34,11611,F1,1,,,,,
2025-09-24,2025-09-24,CM,NSE,STK,4130,INE277C01012,REGENCERAM,EQ,,,,,REGENCY CERAMICS LTD.,43.8,45.98,40.2,41.31,41.0,42.25,,41.29,,,62267,2680586.94,423,F1,1,,,,,
2025-09-24,2025-09-24,CM,NSE,STK,24225,INE131B01039,RELAXO,EQ,,,,,RELAXO FOOT LTD.,457.35,458.95,440.0,441.85,442.4,455.2,,441.85,,,281878,126004620.45,14177,F1,1,,,,,
2025-09-24,2025-09-24,CM,NSE,STK,3172,INF204KC1030,GILT5YBEES,EQ,,,,,RELCAPAMC - NETFGILT5Y,62.99,63.31,62.93,62.96,62.98,62.99,,62.96,,,171883,10826487.19,302,F1,1,,,,,
2025-09-24,2025-09-24,CM,NSE,STK,3022,INF204KC1022,SDL26BEES,EQ,,,,,RELCAPAMC-NETFSDL26,133.54,133.54,133.01,133.18,133.24,133.33,,133.18,,,96617,12864147.98,63,F1,1,,,,,
2025-09-24,2025-09-24,CM,NSE,STK,24380,INE375Y01018,RELIABLE,BE,,,,,RELIABLE DATA SERVICE LTD,125.0,125.0,121.05,123.65,124.95,124.99,,123.54,,,16525,2022362.21,206,F1,1,,,,,
2025-09-24,2025-09-24,CM,NSE,STK,9652,INE750D01016,RELCHEMQ,EQ,,,,,RELIANCE CHEMOTEX IND LTD,162.83,162.83,156.45,159.13,159.01,159.51,,159.13,,,5234,837294.83,122,F1,1,,,,,
2025-09-24,2025-09-24,CM,NSE,STK,13188,INE330H01018,RCOM,BE,,,,,RELIANCE COMMUNICATIONS L,1.44,1.45,1.4,1.41,1.41,1.44,,1.41,,,2936459,4174472.92,2354,F1,1,,,,,
2025-09-24,2025-09-24,CM,NSE,STK,21737,INE217K01011,RHFL,BE,,,,,RELIANCE HOME FINANCE LTD,3.94,3.94,3.94,3.94,3.94,4.15,,3.94,,,1453176,5725513.44,1888,F1,1,,,,,
2025-09-24,2025-09-24,CM,NSE,STK,2912,INE046A01015,RIIL,EQ,,,,,RELIANCE INDUSTRIAL INFRA,911.95,912.5,894.55,899.05,896.95,911.7,,899.05,,,132021,119633420.5,6139,F1,1,,,,,
2025-09-24,2025-09-24,CM,NSE,STK,2885,INE002A01018,RELIANCE,EQ,,,,,RELIANCE INDUSTRIES LTD,1385.3,1396.0,1380.4,1383.0,1381.1,1389.8,,1383.0,,,5922759,8216778017.5,120399,F1,1,,,,,
2025-09-24,2025-09-24,CM,NSE,STK,4791,INE036A01016,RELINFRA,BE,,,,,RELIANCE INFRASTRUCTU LTD,264.75,266.4,256.0,257.0,256.4,264.8,,256.8,,,635986,165604216.6,5361,F1,1,,,,,
2025-09-24,2025-09-24,CM,NSE,STK,15259,INE614G01033,RPOWER,EQ,,,,,RELIANCE POWER LTD.,47.86,47.99,46.31,46.46,46.5,47.84,,46.46,,,9617394,453661890.1,32161,F1,1,,,,,
2025-09-24,2025-09-24,CM,NSE,STK,15068,INE621H01010,RELIGARE,EQ,,,,,RELIGARE ENTER. LTD.,264.0,264.5,255.05,255.95,255.83,263.45,,255.94,,,2328006,603232496.5,25379,F1,1,,,,,
2025-09-24,2025-09-24,CM,NSE,STK,3965,INE474C01023,REMSONSIND,EQ,,,,,REMSONS INDUSTRIES LTD,133.97,136.79,129.53,130.15,131.76,133.14,,130.15,,,364104,48507020.23,5166,F1,1,,,,,
2025-09-24,2025-09-24,CM,NSE,STK,16154,INE0O5T01011,REMUS,SM,,,,,REMUS PHARMACEUTICALS L,800.0,800.0,765.65,789.45,789.95,785.9,,789.45,,,1700,1329075.0,17,F1,100,,,,,
2025-09-24,2025-09-24,CM,NSE,STK,15129,INE722H01024,RGL,EQ,,,,,RENAISSANCE GLOBAL LTD,121.65,121.65,117.49,117.98,118.0,121.04,,117.98,,,494695,58776113.0,1692,F1,1,,,,,
2025-09-24,2025-09-24,CM,NSE,STK,758157,INE0VZX01015,RNPL,SM,,,,,RENOL POLYCHEM LIMITED,76.0,76.0,75.0,75.0,75.0,77.7,,75.0,,,4800,362760.0,4,F1,1200,,,,,
2025-09-24,2025-09-24,CM,NSE,STK,29598,INE612J01015,REPCOHOME,EQ,,,,,REPCO HOME FINANCE LTD,371.05,374.7,366.0,366.7,368.5,369.55,,366.7,,,75358,27785469.0,3094,F1,1,,,,,
2025-09-24,2025-09-24,CM,NSE,STK,13126,INE461B01014,REPRO,EQ,,,,,REPRO INDIA LIMITED,454.0,458.95,452.5,453.2,452.9,448.7,,453.2,,,3608,1640326.55,393,F1,1,,,,,
2025-09-24,2025-09-24,CM,NSE,STK,20323,INE688D01026,RESPONIND,EQ,,,,,RESPONSIVE INDUSTRIES LTD,195.98,199.8,195.48,196.0,195.52,197.47,,196.0,,,18441,3631008.88,692,F1,1,,,,,
2025-09-24,2025-09-24,CM,NSE,STK,1494,INE07T201019,RBA,EQ,,,,,RESTAURANT BRAND ASIA LTD,82.0,84.3,81.52,82.98,82.92,82.26,,82.98,,,4437584,365630808.92,18485,F1,1,,,,,
2025-09-24,2025-09-24,CM,NSE,STK,25157,INE0DAB01012,RVTH,EQ,,,,,REVATHI EQUIPMENT INDIA L,1250.0,1300.0,1197.0,1214.95,1199.3,1241.8,,1214.75,,,8921,11053057.5,1079,F1,1,,,,,
2025-09-24,2025-09-24,CM,NSE,STK,29270,INE113601012,REXPRO,SM,,,,,REXPRO ENTERPRISES LTD,80.4,80.4,80.0,80.0,80.0,80.5,,80.0,,,3000,240400.0,3,F1,1000,,,,,
2025-09-24,2025-09-24,CM,NSE,STK,31163,INE743M01012,RHIM,EQ,,,,,RHI MAGNESITA INDIA LTD,472.05,473.9,460.0,461.5,461.05,472.05,,461.5,,,131545,61320659.25,7378,F1,1,,,,,
2025-09-24,2025-09-24,CM,NSE,STK,8208,INE0J1P01015,RICHA,SM,,,,,RICHA INFO SYSTEMS LTD,64.8,64.95,61.75,61.8,61.8,65.0,,61.8,,,11000,692150.0,10,F1,1000,,,,,
2025-09-24,2025-09-24,CM,NSE,STK,2909,INE209B01025,RICOAUTO,EQ,,,,,RICO AUTO INDUSTRIES LTD,102.57,105.17,101.0,101.48,101.4,103.57,,101.49,,,1417419,145596281.97,9353,F1,1,,,,,
2025-09-24,2025-09-24,CM,NSE,STK,18419,INE0N2P01017,RISHABH,BE,,,,,RISHABH INSTRUMENTS LTD,420.8,429.7,404.0,411.5,413.0,420.95,,411.35,,,67951,28242025.9,625,F1,1,,,,,
2025-09-24,2025-09-24,CM,NSE,STK,8944,INE01EG01016,RITCO,EQ,,,,,RITCO LOGISTICS LIMITED,270.9,270.9,261.5,262.1,262.35,269.9,,262.1,,,50149,13277367.25,907,F1,1,,,,,
2025-09-24,2025-09-24,CM,NSE,STK,3761,INE320J01015,RITES,EQ,,,,,RITES LIMITED,260.51,263.13,257.33,258.28,257.5,260.91,,258.26,,,499609,129673425.35,21171,F1,1,,,,,
2025-09-24,2025-09-24,CM,NSE,STK,1547,INE786W01010,RKEC,EQ,,,,,RKEC PROJECTS LIMITED,78.02,80.95,77.11,79.81,79.65,78.02,,79.81,,,155891,12432876.68,2707,F1,1,,,,,
2025-09-24,2025-09-24,CM,NSE,STK,24589,INE0SA001017,RNFI,SM,,,,,RNFI SERVICES LIMITED,353.0,387.0,352.1,375.0,371.0,359.95,,375.0,,,66600,24826560.0,94,F1,600,,,,,
2025-09-24,2025-09-24,CM,NSE,STK,15157,INE508K01013,RHL,EQ,,,,,ROBUST HOTELS LIMITED,264.9,264.9,251.1,252.25,253.0,255.05,,252.25,,,5519,1399264.8,256,F1,1,,,,,
2025-09-24,2025-09-24,CM,NSE,STK,20289,INE0PTR01012,ROCKINGDCE,SM,,,,,ROCKINGDEALS CIRCU ECO L,207.0,207.0,195.0,202.0,202.0,210.35,,202.0,,,3000,606375.0,11,F1,250,,,,,
2025-09-24,2025-09-24,CM,NSE,STK,5279,INE645S01016,ROLEXRINGS,EQ,,,,,ROLEX RINGS LIMITED,1377.2,1386.0,1369.8,1376.9,1371.5,1377.3,,1376.9,,,20544,28297630.5,2860,F1,1,,,,,
2025-09-24,2025-09-24,CM,NSE,STK,19104,INE927A01040,ROLLT,EQ,,,,,ROLLATAINERS LIMITED,1.29,1.29,1.23,1.23,1.24,1.28,,1.23,,,232392,294857.47,148,F1,1,,,,,
2025-09-24,2025-09-24,CM,NSE,STK,6258,INE293A01013,ROLTA,BZ,,,,,ROLTA INDIA LTD,1.97,2.03,1.97,2.0,2.0,2.01,,2.01,,,34724,70023.12,63,F1,1,,,,,
2025-09-24,2025-09-24,CM,NSE,STK,19410,INE02A801020,ROSSARI,EQ,,,,,ROSSARI BIOTECH LIMITED,650.0,656.2,644.75,649.25,647.0,654.4,,649.25,,,27508,17867043.55,3175,F1,1,,,,,
2025-09-24,2025-09-24,CM,NSE,STK,28913,INE847C01020,ROSSELLIND,EQ,,,,,ROSSELL INDIA LIMITED,66.57,66.58,63.45,65.15,65.01,65.27,,65.15,,,34757,2260168.06,713,F1,1,,,,,
2025-09-24,2025-09-24,CM,NSE,STK,27353,INE0OJW01016,ROSSTECH,EQ,,,,,ROSSELL TECHSYS LIMITED,787.3,794.4,766.4,781.2,779.0,779.15,,781.2,,,109986,86051428.25,8888,F1,1,,,,,
2025-09-24,2025-09-24,CM,NSE,STK,9049,INE535D01037,ROTO,EQ,,,,,ROTO PUMPS LIMITED,81.05,81.39,79.36,79.63,79.79,81.05,,79.63,,,168520,13492652.23,2244,F1,1,,,,,
2025-09-24,2025-09-24,CM,NSE,STK,128,INE450U01017,ROUTE,EQ,,,,,ROUTE MOBILE LIMITED,846.0,850.0,839.5,841.5,840.85,845.65,,841.5,,,86183,72661469.95,9945,F1,1,,,,,
2025-09-24,2025-09-24,CM,NSE,STK,20167,INE0PDJ01013,ROXHITECH,SM,,,,,ROX HI TECH LIMITED,49.8,49.9,48.5,48.5,48.5,50.0,,48.5,,,6400,314720.0,4,F1,1600,,,,,
2025-09-24,2025-09-24,CM,NSE,STK,29727,INE0EO401019,ROYALARC,SM,,,,,ROYAL ARC ELECTRODES LTD,165.0,173.0,165.0,173.0,173.0,160.0,,173.0,,,63600,10863360.0,34,F1,1200,,,,,
2025-09-24,2025-09-24,CM,NSE,STK,13182,INE283H01019,ROHLTD,EQ,,,,,ROYAL ORCHID HOTELS LTD,542.7,555.0,531.5,545.8,547.75,545.75,,545.8,,,219419,119765560.8,9662,F1,1,,,,,
2025-09-24,2025-09-24,CM,NSE,STK,16725,INE105J01010,RPGLIFE,EQ,,,,,RPG LIFE SCIENCES LTD,2404.3,2430.1,2383.1,2394.4,2383.1,2404.3,,2394.2,,,3164,7611413.6,1147,F1,1,,,,,
2025-09-24,2025-09-24,CM,NSE,STK,8119,INE425Y01011,RPSGVENT,EQ,,,,,RPSG VENTURES LIMITED,872.4,875.5,860.0,862.05,862.0,875.55,,862.0,,,14613,12653822.55,1350,F1,1,,,,,
2025-09-24,2025-09-24,CM,NSE,STK,2794,INE611A01016,RSWM,EQ,,,,,RSWM LIMITED,159.2,160.2,155.0,155.46,156.45,158.22,,155.47,,,28111,4414597.34,1066,F1,1,,,,,
2025-09-24,2025-09-24,CM,NSE,STK,24730,INE642C01025,RUBFILA,EQ,,,,,RUBFILA INTERNATIONAL LTD,83.0,84.11,82.0,82.1,82.0,83.53,,82.09,,,46540,3845040.54,546,F1,1,,,,,
2025-09-24,2025-09-24,CM,NSE,STK,4566,INE413B01023,RUCHINFRA,EQ,,,,,RUCHI INFRASTRUCTURE LTD,7.86,8.25,7.86,7.88,7.9,7.93,,7.88,,,162559,1301642.64,423,F1,1,,,,,
2025-09-24,2025-09-24,CM,NSE,STK,13821,INE803H01014,RUCHIRA,EQ,,,,,RUCHIRA PAPERS LIMITED,159.6,159.6,150.0,151.03,150.5,159.6,,150.95,,,194461,29983435.28,4025,F1,1,,,,,
2025-09-24,2025-09-24,CM,NSE,STK,1480,INE364Z01019,REPL,EQ,,,,,RUDRABHISHEK ENTERP LTD,145.38,150.07,141.0,142.02,141.0,144.66,,142.02,,,17403,2489959.79,862,F1,1,,,,,
2025-09-24,2025-09-24,CM,NSE,STK,23830,INE0R7301013,RULKA,SM,,,,,RULKA ELECTRICALS LIMITED,128.6,131.0,128.5,128.5,128.5,128.6,,128.5,,,1800,232920.0,6,F1,300,,,,,
2025-09-24,2025-09-24,CM,NSE,STK,25724,INE895B01021,RUPA,EQ,,,,,RUPA & COMPANY LTD,202.8,207.59,201.57,206.35,206.06,203.03,,206.31,,,110246,22664406.57,2604,F1,1,,,,,
2025-09-24,2025-09-24,CM,NSE,STK,24595,INE573K01025,RUSHIL,EQ,,,,,RUSHIL DECOR LIMITED,31.25,32.72,30.85,31.07,30.91,31.19,,31.07,,,939719,29796613.81,4455,F1,1,,,,,
2025-09-24,2025-09-24,CM,NSE,STK,24674,INE0BSN01013,SATECH,SM,,,,,S A TECH SOFTWARE INDIA L,56.85,57.0,56.0,56.0,56.0,55.2,,56.0,,,4000,226750.0,4,F1,1000,,,,,
2025-09-24,2025-09-24,CM,NSE,STK,20698,INE807K01035,SCHAND,EQ,,,,,S CHAND AND COMPANY LTD,188.0,190.68,186.72,187.46,187.55,188.42,,187.43,,,19828,3734859.15,932,F1,1,,,,,
2025-09-24,2025-09-24,CM,NSE,STK,25528,INE0X6F01017,SDREAMS,SM,,,,,S D RETAIL LIMITED,124.0,124.05,124.0,124.05,124.05,124.35,,124.05,,,3000,372050.0,3,F1,1000,,,,,
2025-09-24,2025-09-24,CM,NSE,STK,11212,INE500L01026,SHK,EQ,,,,,S H KELKAR AND CO. LTD.,246.2,246.78,237.8,238.76,238.7,246.38,,238.77,,,132219,31922470.26,4206,F1,1,,,,,
2025-09-24,2025-09-24,CM,NSE,STK,20542,INE0F3301020,SJLOGISTIC,SM,,,,,S J LOGISTICS (INDIA) LTD,426.75,426.75,411.0,415.05,414.0,426.3,,415.05,,,13000,5431725.0,41,F1,250,,,,,
2025-09-24,2025-09-24,CM,NSE,STK,2951,INE902B01017,S&SPOWER,EQ,,,,,S&S POWER SWITCHGEARS LTD,402.8,416.9,393.05,404.25,401.3,402.8,,404.05,,,11220,4552901.7,584,F1,1,,,,,
2025-09-24,2025-09-24,CM,NSE,STK,18252,INE212I01016,SPAL,EQ,,,,,S. P. APPARELS LIMITED,734.0,734.8,705.0,713.95,719.9,728.9,,713.95,,,48218,34500549.2,3474,F1,1,,,,,
2025-09-24,2025-09-24,CM,NSE,STK,11637,INE658G01014,SALSTEEL,BE,,,,,S.A.L. STEEL LTD.,29.46,29.75,28.99,29.12,28.99,30.52,,29.12,,,256849,7483836.85,700,F1,1,,,,,
2025-09-24,2025-09-24,CM,NSE,STK,19112,INE0PSK01027,SAAKSHI,ST,,,,,SAAKSHI MEDTEC N PANELS L,177.1,177.1,175.6,175.6,175.6,177.05,,175.6,,,3600,633060.0,6,F1,600,,,,,
2025-09-24,2025-09-24,CM,NSE,STK,18501,INE860T01019,SABEVENTS,BE,,,,,SAB EVENTS & GOVERNANCE,7.17,7.48,6.9,7.31,7.3,7.17,,7.25,,,9896,71984.44,59,F1,1,,,,,
2025-09-24,2025-09-24,CM,NSE,STK,10985,INE0DZ101013,SABAR,ST,,,,,SABAR FLEX INDIA LIMITED,5.4,5.4,5.4,5.4,5.4,5.65,,5.4,,,20000,108000.0,4,F1,5000,,,,,
2025-09-24,2025-09-24,CM,NSE,STK,757409,INE1ARD01016,SACHEEROME,SM,,,,,SACHEEROME LIMITED,225.0,225.0,216.0,216.0,216.0,221.3,,216.0,,,39600,8720940.0,31,F1,1200,,,,,
2025-09-24,2025-09-24,CM,NSE,STK,13236,INE226H01026,SADBHAV,EQ,,,,,SADBHAV ENGINEERING LTD,13.24,13.35,12.7,12.89,12.9,13.24,,12.89,,,397856,5175015.83,1259,F1,1,,,,,
2025-09-24,2025-09-24,CM,NSE,STK,10622,INE764L01010,SADBHIN,BE,,,,,SADBHAV INFRA PROJ LTD.,3.84,3.96,3.76,3.86,3.9,3.85,,3.86,,,194501,751577.67,309,F1,1,,,,,
2025-09-24,2025-09-24,CM,NSE,STK,15349,INE888C01040,SADHNANIQ,BE,,,,,SADHANA NITROCHEM LIMITED,10.48,10.48,10.07,10.07,10.07,10.28,,10.23,,,815222,8351254.19,539,F1,1,,,,,
2025-09-24,2025-09-24,CM,NSE,STK,22897,INE0K5H01010,SADHAV,SM,,,,,SADHAV SHIPPING LIMITED,113.7,117.65,113.7,116.2,116.2,116.0,,116.2,,,7200,829470.0,9,F1,600,,,,,
2025-09-24,2025-09-24,CM,NSE,STK,13035,INE429E01023,SAFARI,EQ,,,,,SAFARI IND (INDIA) LTD,2190.0,2228.0,2176.5,2212.8,2210.0,2204.0,,2213.1,,,15927,35072347.8,2616,F1,1,,,,,
2025-09-24,2025-09-24,CM,NSE,STK,757583,INE17D601016,SAFEENTP,SM,,,,,SAFE ENTER RETAIL FIX LTD,215.25,215.25,200.4,204.5,201.6,215.75,,204.5,,,186000,38859150.0,119,F1,1000,,,,,
2025-09-24,2025-09-24,CM,NSE,STK,14068,INE229C01021,SAGCEM,EQ,,,,,SAGAR CEMENTS LIMITED,272.95,274.05,265.0,267.15,269.95,272.95,,267.2,,,70696,19085668.55,3054,F1,1,,,,,
2025-09-24,2025-09-24,CM,NSE,STK,8175,INE976T01013,SAGARDEEP,EQ,,,,,SAGARDEEP ALLOYS LIMITED,26.32,27.19,25.76,26.03,25.81,26.66,,26.03,,,14795,386742.32,219,F1,1,,,,,
2025-09-24,2025-09-24,CM,NSE,STK,27052,INE0W2G01015,SAGILITY,EQ,,,,,SAGILITY LIMITED,44.6,44.6,42.65,43.32,43.35,44.61,,43.32,,,34962452,1516677302.28,73268,F1,1,,,,,
2025-09-24,2025-09-24,CM,NSE,STK,24478,INE0P4701011,SAHAJSOLAR,SM,,,,,SAHAJ SOLAR LIMITED,233.1,234.0,229.95,233.65,232.0,234.25,,233.65,,,22800,5287260.0,48,F1,400,,,,,
2025-09-24,2025-09-24,CM,NSE,STK,16711,INE0LEX01011,SAHANA,SM,,,,,SAHANA SYSTEM LIMITED,1207.9,1221.45,1176.0,1188.6,1186.1,1207.9,,1188.6,,,10375,12360781.25,71,F1,125,,,,,
2025-09-24,2025-09-24,CM,NSE,STK,25668,INE0RBQ01018,SAHASRA,SM,,,,,SAHASRA ELECTRONIC SOLU L,323.95,326.25,317.15,321.2,321.2,322.75,,321.2,,,29200,9429600.0,68,F1,400,,,,,
2025-09-24,2025-09-24,CM,NSE,STK,14900,INE280H01015,SAHYADRI,EQ,,,,,SAHYADRI INDUSTRIES LTD,268.61,268.81,260.0,262.45,266.0,263.72,,262.45,,,7111,1877573.79,786,F1,1,,,,,
2025-09-24,2025-09-24,CM,NSE,STK,27839,INE570L01029,SAILIFE,EQ,,,,,SAI LIFE SCIENCES LIMITED,886.0,906.1,886.0,891.95,893.9,892.25,,891.95,,,454784,407749722.9,25294,F1,1,,,,,
2025-09-24,2025-09-24,CM,NSE,STK,18755,INE438K01021,KALAMANDIR,EQ,,,,,SAI SILKS (KALAMANDIR) L,156.5,157.99,155.0,157.05,156.4,156.75,,157.04,,,354858,55490138.17,5045,F1,1,,,,,
2025-09-24,2025-09-24,CM,NSE,STK,25712,INE00MT01022,SAJHOTELS,SM,,,,,SAJ HOTELS LIMITED,76.5,77.95,75.2,75.2,75.2,73.5,,75.2,,,30000,2284200.0,13,F1,2000,,,,,
2025-09-24,2025-09-24,CM,NSE,STK,9540,INE732S01012,SAKAR,BE,,,,,SAKAR HEALTHCARE LIMITED,360.0,378.2,360.0,367.8,368.0,363.75,,367.8,,,24949,9225190.75,285,F1,1,,,,,
2025-09-24,2025-09-24,CM,NSE,STK,11794,INE667G01023,SAKSOFT,EQ,,,,,SAKSOFT LIMITED,215.0,216.79,210.75,211.96,211.54,215.42,,211.94,,,180075,38438786.18,7404,F1,1,,,,,
2025-09-24,2025-09-24,CM,NSE,STK,2969,INE623A01011,SAKHTISUG,EQ,,,,,SAKTHI SUGARS LTD,22.23,22.4,21.8,21.86,21.95,22.23,,21.86,,,75597,1667070.96,621,F1,1,,,,,
2025-09-24,2025-09-24,CM,NSE,STK,13251,INE190H01024,SAKUMA,EQ,,,,,SAKUMA EXPORTS LIMITED,2.59,2.6,2.55,2.55,2.56,2.58,,2.55,,,1175846,3021416.08,1345,F1,1,,,,,
2025-09-24,2025-09-24,CM,NSE,STK,21362,INE170V01027,SALASAR,EQ,,,,,SALASAR TECHNO ENGG. LTD.,9.59,9.68,9.42,9.56,9.59,9.59,,9.56,,,9426479,89872724.42,7661,F1,1,,,,,
2025-09-24,2025-09-24,CM,NSE,STK,17351,INE498E01010,SALONA,EQ,,,,,SALONA COTSPIN LTD.,242.7,251.9,235.0,244.34,237.55,249.99,,244.76,,,418,101774.28,84,F1,1,,,,,
2025-09-24,2025-09-24,CM,NSE,STK,11399,INE457F01013,SALZERELEC,EQ,,,,,SALZER ELECTRONICS LTD,802.95,806.45,795.0,801.8,804.0,801.25,,801.8,,,40746,32575546.0,2311,F1,1,,,,,
2025-09-24,2025-09-24,CM,NSE,STK,756848,INE124101010,SAMAY,SM,,,,,SAMAY PROJECT SERVICES L,35.0,35.0,34.05,34.5,34.05,34.4,,34.5,,,116000,4053400.0,24,F1,4000,,,,,
2025-09-24,2025-09-24,CM,NSE,STK,4127,INE699B01027,SAMBHAAV,EQ,,,,,SAMBHAAV MEDIA LTD,6.18,6.37,6.01,6.14,6.23,6.18,,6.14,,,59091,365806.27,186,F1,1,,,,,
2025-09-24,2025-09-24,CM,NSE,STK,757767,INE12NJ01018,SAMBHV,EQ,,,,,SAMBHV STEEL TUBES LTD,121.0,122.84,120.18,120.99,120.8,120.85,,120.99,,,575196,69779799.27,7283,F1,1,,,,,
2025-09-24,2025-09-24,CM,NSE,STK,21096,INE0PZA01015,SAIFL,SM,,,,,SAMEERA AGRO AND INFRA L,15.35,16.95,15.35,16.8,16.95,16.15,,16.8,,,956000,15551600.0,218,F1,4000,,,,,
2025-09-24,2025-09-24,CM,NSE,STK,18614,INE08U801020,SAMHI,EQ,,,,,SAMHI HOTELS LIMITED,205.45,207.85,202.8,203.45,203.6,205.22,,203.45,,,717052,147388153.59,16498,F1,1,,,,,
2025-09-24,2025-09-24,CM,NSE,STK,30125,INE148I01020,SAMMAANCAP,EQ,,,,,SAMMAAN CAPITAL LIMITED,135.03,137.4,133.55,135.3,134.91,135.02,,135.3,,,13344545,1811393223.84,39243,F1,1,,,,,
2025-09-24,2025-09-24,CM,NSE,STK,27303,INE735M01018,SAMPANN,EQ,,,,,SAMPANN UTPADAN INDIA LTD,28.11,28.75,28.0,28.33,28.49,28.43,,28.29,,,7449,211260.73,281,F1,1,,,,,
2025-09-24,2025-09-24,CM,NSE,STK,4204,INE775A01035,MOTHERSON,EQ,,,,,SAMVRDHNA MTHRSN INTL LTD,112.5,112.6,107.5,107.96,107.85,112.08,,107.96,,,24814885,2720241526.98,83923,F1,1,,,,,
2025-09-24,2025-09-24,CM,NSE,STK,28805,INE0JPD01013,SANATHAN,EQ,,,,,SANATHAN TEXTILES LIMITED,509.0,522.6,509.0,516.4,515.0,515.45,,516.4,,,18962,9783123.45,1360,F1,1,,,,,
2025-09-24,2025-09-24,CM,NSE,STK,14630,INE782L01012,SANCO,BZ,,,,,SANCO INDUSTRIES LIMITED,2.55,2.55,2.3,2.3,2.3,2.43,,2.3,,,55452,138016.15,54,F1,1,,,,,
2025-09-24,2025-09-24,CM,NSE,STK,2988,INE583B01015,SANDESH,EQ,,,,,SANDESH LTD,1200.0,1239.9,1180.3,1206.6,1209.8,1199.7,,1206.4,,,1755,2113301.2,309,F1,1,,,,,
2025-09-24,2025-09-24,CM,NSE,STK,2397,INE278H01035,SANDHAR,EQ,,,,,SANDHAR TECHNOLOGIES LTD,453.6,484.0,453.6,478.6,479.95,455.6,,478.6,,,616316,290337190.4,22225,F1,1,,,,,
2025-09-24,2025-09-24,CM,NSE,STK,18359,INE149K01016,SANDUMA,EQ,,,,,SANDUR MANG & IRON ORES L,158.75,174.45,156.3,170.45,170.9,158.75,,170.45,,,6575373,1116512931.3,73183,F1,1,,,,,
2025-09-24,2025-09-24,CM,NSE,STK,4184,INE495C01010,SANGAMIND,EQ,,,,,SANGAM (INDIA) LTD,426.25,436.3,426.0,431.55,435.0,434.9,,431.55,,,18249,7889996.85,1262,F1,1,,,,,
2025-09-24,2025-09-24,CM,NSE,STK,18035,INE0OVI01010,SANGANI,SM,,,,,SANGANI HOSPITALS LIMITED,73.15,73.15,73.15,73.15,73.15,77.0,,73.15,,,21000,1536150.0,7,F1,3000,,,,,
2025-09-24,2025-09-24,CM,NSE,STK,2997,INE999B01013,SANGHIIND,EQ,,,,,SANGHI INDUSTRIES LTD,66.4,67.44,65.4,65.5,65.65,66.65,,65.49,,,209209,13870215.48,1515,F1,1,,,,,
2025-09-24,2025-09-24,CM,NSE,STK,14058,INE989A01032,SANGHVIMOV,EQ,,,,,SANGHVI MOVERS LTD,393.9,400.95,381.65,390.9,388.25,393.95,,390.9,,,686586,269387498.6,21610,F1,1,,,,,
2025-09-24,2025-09-24,CM,NSE,STK,11032,INE753W01010,SANGINITA,EQ,,,,,SANGINITA CHEMICALS LTD,10.03,10.03,9.75,9.99,9.95,9.78,,9.99,,,362336,3606865.8,171,F1,1,,,,,
2025-09-24,2025-09-24,CM,NSE,STK,25222,INE0UOS01011,SANOFICONR,EQ,,,,,SANOFI CONS HEALTHC IND L,5048.0,5084.5,4995.0,5005.5,5000.0,5048.0,,5005.5,,,1686,8463654.0,597,F1,1,,,,,
2025-09-24,2025-09-24,CM,NSE,STK,1442,INE058A01010,SANOFI,EQ,,,,,SANOFI INDIA LIMITED,5001.5,5025.5,4985.0,4989.0,4989.5,5001.5,,4989.0,,,10690,53387976.5,2645,F1,1,,,,,
2025-09-24,2025-09-24,CM,NSE,STK,5751,INE953O01021,SANSERA,EQ,,,,,SANSERA ENGINEERING LTD,1503.0,1520.0,1481.1,1499.9,1503.0,1498.2,,1499.9,,,152691,229852690.9,7048,F1,1,,,,,
2025-09-24,2025-09-24,CM,NSE,STK,24582,INE08NE01025,SANSTAR,EQ,,,,,SANSTAR LIMITED,95.8,96.72,94.9,95.02,95.0,95.0,,95.01,,,206420,19701599.94,2141,F1,1,,,,,
2025-09-24,2025-09-24,CM,NSE,STK,46,INE890C01046,SANWARIA,BZ,,,,,SANWARIA CONSUMER LIMITED,0.34,0.36,0.34,0.34,0.35,0.35,,0.34,,,1042675,357178.57,230,F1,1,,,,,
2025-09-24,2025-09-24,CM,NSE,STK,6718,INE806T01020,SAPPHIRE,EQ,,,,,SAPPHIRE FOODS INDIA LTD,305.15,311.0,304.3,307.85,308.75,306.0,,307.85,,,410850,126316484.75,13013,F1,1,,,,,
2025-09-24,2025-09-24,CM,NSE,STK,19863,INE0PUC01020,SARTELE,SM,,,,,SAR TELEVENTURE LIMITED,191.0,197.5,191.0,195.45,196.5,191.95,,195.45,,,169500,33118000.0,108,F1,500,,,,,
2025-09-24,2025-09-24,CM,NSE,STK,24856,INE0PQ101010,SSDL,EQ,,,,,SARASWATI SAREE DEPOT LTD,89.28,89.79,88.0,88.27,88.01,89.28,,88.28,,,22457,1990190.16,555,F1,1,,,,,
2025-09-24,2025-09-24,CM,NSE,STK,17758,INE385C01021,SARDAEN,EQ,,,,,SARDA ENERGY & MIN LTD,585.35,589.5,577.6,580.15,581.9,585.15,,580.15,,,493549,288482622.1,16493,F1,1,,,,,
2025-09-24,2025-09-24,CM,NSE,STK,4892,INE979A01025,SAREGAMA,EQ,,,,,SAREGAMA INDIA LIMITED,481.05,482.6,475.0,476.4,475.9,481.8,,476.4,,,691107,330588554.4,26203,F1,1,,,,,
2025-09-24,2025-09-24,CM,NSE,STK,14043,INE453D01025,SARLAPOLY,EQ,,,,,SARLA PERF. FIBERS LTD,99.6,100.16,98.5,98.96,98.9,99.81,,98.95,,,47859,4750368.39,681,F1,1,,,,,
2025-09-24,2025-09-24,CM,NSE,STK,6843,INE017W01010,SMLT,EQ,,,,,SARTHAK METALS LIMITED,109.0,110.0,106.17,106.76,107.0,109.2,,106.96,,,5796,623416.71,314,F1,1,,,,,
2025-09-24,2025-09-24,CM,NSE,STK,12913,INE324X01026,SARVESHWAR,EQ,,,,,SARVESHWAR FOODS LIMITED,6.49,6.52,6.27,6.3,6.34,6.44,,6.3,,,17709061,112930006.85,9898,F1,1,,,,,
2025-09-24,2025-09-24,CM,NSE,STK,11983,INE231F01020,SASKEN,EQ,,,,,SASKEN TECHNOLOGIES LTD,1500.0,1521.5,1432.5,1441.2,1432.5,1501.0,,1441.3,,,18722,27295250.9,2556,F1,1,,,,,
2025-09-24,2025-09-24,CM,NSE,STK,20063,INE019J01013,SASTASUNDR,EQ,,,,,SASTASUNDAR VENTURES LTD,317.25,335.0,317.2,319.75,318.55,319.85,,319.6,,,48530,15910611.6,2936,F1,1,,,,,
2025-09-24,2025-09-24,CM,NSE,STK,29151,INE0NB801022,SATKARTAR,SM,,,,,SAT KARTAR SHOPPING LTD,152.3,159.6,152.3,159.6,159.6,153.85,,159.6,,,5600,864360.0,7,F1,800,,,,,
2025-09-24,2025-09-24,CM,NSE,STK,24697,INE0RFP01011,SSEGL,SM,,,,,SATHLOKHAR SYN E&C GLOB L,514.95,514.95,500.0,501.35,503.0,512.4,,501.35,,,78800,39976900.0,260,F1,200,,,,,
2025-09-24,2025-09-24,CM,NSE,STK,24504,INE0RPM01017,SATIPOLY,SM,,,,,SATI POLY PLAST LIMITED,63.8,63.8,62.25,62.25,62.25,63.3,,62.25,,,1500,94925.0,3,F1,500,,,,,
2025-09-24,2025-09-24,CM,NSE,STK,11045,INE170E01023,SATIA,EQ,,,,,SATIA INDUSTRIES LIMITED,82.0,82.53,80.5,80.68,80.95,81.65,,80.67,,,56329,4575276.62,1887,F1,1,,,,,
2025-09-24,2025-09-24,CM,NSE,STK,10453,INE836B01017,SATIN,EQ,,,,,SATIN CREDIT NET LTD,143.5,145.66,143.5,143.86,144.07,143.82,,143.84,,,38183,5517028.42,1051,F1,1,,,,,
2025-09-24,2025-09-24,CM,NSE,STK,758960,INE14DW01018,SATTVAENGG,SM,,,,,SATTVA ENGINEERING CSTN L,107.0,108.9,105.75,105.75,105.75,106.8,,105.75,,,35200,3782400.0,22,F1,1600,,,,,
2025-09-24,2025-09-24,CM,NSE,STK,3018,INE626A01014,SAURASHCEM,EQ,,,,,SAURASHTRA CEMENT LIMITED,107.0,109.0,105.23,106.33,106.8,107.64,,106.35,,,102165,10907303.64,2376,F1,1,,,,,
2025-09-24,2025-09-24,CM,NSE,STK,3021,INE035D01020,SOTL,EQ,,,,,SAVITA OIL TECHNOLO. LTD,406.2,406.2,402.65,403.65,403.0,404.7,,403.55,,,10386,4190191.95,562,F1,1,,,,,
2025-09-24,2025-09-24,CM,NSE,STK,757704,INE0UCN01017,SAVY,SM,,,,,SAVY INFRA AND LOGI LTD,138.45,138.45,137.0,137.0,137.0,138.45,,137.0,,,6000,824940.0,5,F1,1200,,,,,
2025-09-24,2025-09-24,CM,NSE,STK,758444,INE10VS01016,SAWALIYA,SM,,,,,SAWALIYA FOOD PRODUCTS L,244.3,244.3,238.0,239.3,239.3,244.3,,239.3,,,28800,6929880.0,22,F1,1200,,,,,
2025-09-24,2025-09-24,CM,NSE,STK,6792,INE04AK01028,SBC,EQ,,,,,SBC EXPORTS LIMITED,21.9,21.98,21.39,21.52,21.6,21.88,,21.52,,,7840159,169487277.16,4485,F1,1,,,,,
2025-09-24,2025-09-24,CM,NSE,STK,18026,INE423Y01016,SBFC,EQ,,,,,SBFC FINANCE LIMITED,111.0,112.89,110.08,112.14,111.7,111.66,,112.14,,,2195388,245684523.28,15980,F1,1,,,,,
2025-09-24,2025-09-24,CM,NSE,STK,17971,INE018E01016,SBICARD,EQ,,,,,SBI CARDS & PAY SER LTD,875.6,887.8,870.75,884.75,880.0,870.3,,884.75,,,924569,815166106.55,31909,F1,1,,,,,
2025-09-24,2025-09-24,CM,NSE,STK,21808,INE123W01016,SBILIFE,EQ,,,,,SBI LIFE INSURANCE CO LTD,1824.9,1825.4,1806.0,1817.1,1819.5,1819.4,,1816.7,,,507030,920206151.1,39635,F1,1,,,,,
2025-09-24,2025-09-24,CM,NSE,STK,17272,INF200KA16D8,SETFGOLD,EQ,,,,,SBI-ETF GOLD,100.4,100.4,97.31,97.64,97.85,97.96,,97.64,,,9732641,950255303.52,12173,F1,1,,,,,
2025-09-24,2025-09-24,CM,NSE,STK,10176,INF200KA1FS1,SETFNIF50,EQ,,,,,SBI-ETF NIFTY 50,269.58,269.99,267.05,267.45,267.7,268.83,,267.44,,,1497278,400973892.4,14737,F1,1,,,,,
2025-09-24,2025-09-24,CM,NSE,STK,7361,INF200KA1580,SETFNIFBK,EQ,,,,,SBI-ETF NIFTY BANK,567.94,568.83,563.17,563.97,563.17,567.94,,563.95,,,543569,307036630.37,838,F1,1,,,,,
2025-09-24,2025-09-24,CM,NSE,STK,7353,INF200KA1598,SETFNN50,EQ,,,,,SBI-ETF NIFTY NEXT 50,757.7,757.7,732.2,733.75,735.0,741.69,,733.75,,,23573,17375399.89,1249,F1,1,,,,,
2025-09-24,2025-09-24,CM,NSE,STK,19705,INF200KA13Z8,LIQUIDSBI,EQ,,,,,SBIAMC - LIQUIDSBI,999.99,1000.01,999.99,1000.0,1000.01,999.99,,1000.0,,,1773,1773009.62,26,F1,1,,,,,
2025-09-24,2025-09-24,CM,NSE,STK,30290,INF200KB1712,SBIBPB,EQ,,,,,SBIAMC - SBIBPB,44.47,44.47,43.1,43.22,43.45,43.4,,43.22,,,39189,1707707.52,232,F1,1,,,,,
2025-09-24,2025-09-24,CM,NSE,STK,5168,INF200KA1X17,SBIETFCON,EQ,,,,,SBIAMC - SBIETFCON,131.3,131.3,126.44,126.95,127.0,127.48,,126.95,,,3190,405700.21,133,F1,1,,,,,
2025-09-24,2025-09-24,CM,NSE,STK,740,INF200KA1S14,SBIETFIT,EQ,,,,,SBIAMC - SBIETFIT,384.34,384.34,380.0,381.18,382.0,384.34,,381.18,,,13991,5333528.28,407,F1,1,,,,,
2025-09-24,2025-09-24,CM,NSE,STK,722,INF200KA1S22,SBIETFPB,EQ,,,,,SBIAMC - SBIETFPB,276.16,276.16,272.68,273.44,273.87,275.88,,273.44,,,2552,697664.23,77,F1,1,,,,,
2025-09-24,2025-09-24,CM,NSE,STK,7218,INF200KA1WX6,SBIETFQLTY,EQ,,,,,SBIAMC - SBIETFQLTY,225.22,225.25,224.0,224.69,224.7,225.72,,224.69,,,1231,276225.2,58,F1,1,,,,,
2025-09-24,2025-09-24,CM,NSE,STK,758496,INF200KB1969,SBILIQETF,EQ,,,,,SBIAMC - SBILIQETF,1006.89,1006.91,1006.89,1006.91,1006.91,1006.75,,1006.9,,,26,26179.16,2,F1,1,,,,,
2025-09-24,2025-09-24,CM,NSE,STK,24524,INF200KB1282,SBINEQWETF,EQ,,,,,SBIAMC - SBINEQWETF,32.93,32.93,32.41,32.46,32.55,32.67,,32.49,,,17336,564881.36,136,F1,1,,,,,
2025-09-24,2025-09-24,CM,NSE,STK,24366,INF200KB1217,SBISILVER,EQ,,,,,SBIAMC - SBISILVER,133.2,133.6,132.69,133.02,133.3,132.9,,133.02,,,1979194,263241053.24,3891,F1,1,,,,,
2025-09-24,2025-09-24,CM,NSE,STK,17395,INF200KA1JT1,SETF10GILT,EQ,,,,,SBIAMC - SETF10GILT,258.03,258.99,258.03,258.71,258.55,258.33,,258.71,,,16600,4292350.69,78,F1,1,,,,,
2025-09-24,2025-09-24,CM,NSE,STK,1011,INE513A01022,SCHAEFFLER,EQ,,,,,SCHAEFFLER INDIA LIMITED,4100.0,4120.6,4078.0,4085.6,4085.0,4119.4,,4085.6,,,12448,50986164.3,5611,F1,1,,,,,
2025-09-24,2025-09-24,CM,NSE,STK,757014,INE0AQ201015,THELEELA,EQ,,,,,SCHLOSS BANGALORE LIMITED,439.0,439.55,428.25,430.4,430.0,437.45,,430.4,,,250572,108208267.6,12965,F1,1,,,,,
2025-09-24,2025-09-24,CM,NSE,STK,31234,INE839M01018,SCHNEIDER,EQ,,,,,SCHNEIDER ELECTRIC INFRA,878.95,881.45,851.0,855.05,855.6,872.05,,855.0,,,96749,83636991.95,6375,F1,1,,,,,
2025-09-24,2025-09-24,CM,NSE,STK,28908,INE148I07VN8,SCL271224A,N1,,,,,SCL 0% 2026 SR III,1040.0,1040.0,1027.0,1032.5,1027.0,1027.0,,1032.5,,,18,18660.0,4,F1,1,,,,,
2025-09-24,2025-09-24,CM,NSE,STK,24821,INE148I07TY9,975SCL28A,N0,,,,,SCL 9.75% 2028,99590.54,99590.54,99590.54,99590.54,99590.54,98103.46,,99590.54,,,1,99590.54,1,F1,1,,,,,
2025-09-24,2025-09-24,CM,NSE,STK,757497,INE148I07XY1,995SCL2035,NM,,,,,SCL 9.95% 2035 SR XII,970.0,970.0,970.0,970.0,970.0,970.0,,970.0,,,25,24250.0,2,F1,1,,,,,
2025-09-24,2025-09-24,CM,NSE,STK,757478,INE090501011,SCODATUBES,EQ,,,,,SCODA TUBES LIMITED,180.0,180.0,174.5,176.7,176.29,176.64,,176.67,,,150606,26516105.96,3279,F1,1,,,,,
2025-09-24,2025-09-24,CM,NSE,STK,20947,IN4920230203,772JK43,SG,,,,,SDL JK 7.72% 2043,100.0,100.0,100.0,100.0,100.0,99.75,,100.0,,,100,10000.0,1,F1,100,,,,,
2025-09-24,2025-09-24,CM,NSE,STK,19909,IN1920230068,77KA33,SG,,,,,SDL KA 7.7% 2033,100.33,100.33,100.33,100.33,100.33,100.0,,100.33,,,200,20066.0,2,F1,100,,,,,
2025-09-24,2025-09-24,CM,NSE,STK,9869,IN3120220030,794TN32,SG,,,,,SDL TN 7.94% 2032,102.01,102.01,100.0,100.0,100.0,101.92,,100.0,,,3700,370393.0,11,F1,100,,,,,
2025-09-24,2025-09-24,CM,NSE,STK,18538,IN4520230249,744TS45,SG,,,,,SDL TS 7.44% 2045,94.5,94.5,94.5,94.5,94.5,94.5,,94.5,,,600,56700.0,6,F1,100,,,,,
2025-09-24,2025-09-24,CM,NSE,STK,2616,INE497B01018,SEAMECLTD,EQ,,,,,SEAMEC LIMITED,950.0,961.4,930.0,935.35,933.5,947.95,,935.25,,,33587,31844140.7,2533,F1,1,,,,,
2025-09-24,2025-09-24,CM,NSE,STK,13850,INE530B07286,IIFLZC26A,NR,,,,,SEC RE NCD 0% SR.IV,1236.01,1239.0,1236.01,1239.0,1239.0,1238.0,,1239.0,,,25,30915.2,2,F1,1,,,,,
2025-09-24,2025-09-24,CM,NSE,STK,17034,INE530B07351,IIFLZC26B,NY,,,,,SEC RE NCD 0% SR.IV,1194.15,1194.15,1174.55,1174.55,1174.55,1171.0,,1174.55,,,24,28424.4,2,F1,1,,,,,
2025-09-24,2025-09-24,CM,NSE,STK,20779,INE413U07269,1003ISFL28,N4,,,,,SEC RE NCD 10.03% SR 5,1005.0,1005.0,1001.0,1002.0,1002.0,1038.99,,1002.0,,,200,200450.0,3,F1,1,,,,,
2025-09-24,2025-09-24,CM,NSE,STK,25912,INE583D07505,1015UCL26,N1,,,,,SEC RE NCD 10.15% SR I,996.0,1002.0,996.0,1002.0,1002.0,992.0,,978.55,,,33,33024.0,2,F1,1,,,,,
2025-09-24,2025-09-24,CM,NSE,STK,25914,INE583D07521,1025UCL26A,N1,,,,,SEC RE NCD 10.25% SR II,996.0,1006.4,981.5,1006.4,1006.4,993.42,,1006.4,,,1102,1097053.28,27,F1,1,,,,,
2025-09-24,2025-09-24,CM,NSE,STK,14034,INE244L07283,1030SFIL28,NM,,,,,SEC RE NCD 10.30% SR.VII,650.0,650.0,646.0,646.0,646.0,601.5,,646.0,,,25,16230.0,3,F1,1,,,,,
2025-09-24,2025-09-24,CM,NSE,STK,22839,INE583D07448,1035UCL26,,,,,,SEC RE NCD 10.35% SR III,790.0,790.0,790.0,790.0,790.0,722.0,,790.0,,,1,790.0,1,F1,1,,,,,
2025-09-24,2025-09-24,CM,NSE,STK,23119,INE342T07437,1040NFL26,,,,,,SEC RE NCD 10.40% SR.II,997.0,1001.57,991.0,991.4,991.4,996.88,,991.4,,,361,360978.25,7,F1,1,,,,,
2025-09-24,2025-09-24,CM,NSE,STK,20784,INE413U07251,1050ISFL28,N5,,,,,SEC RE NCD 10.50% SR 6,1070.0,1070.0,1040.2,1040.2,1040.2,1079.0,,1040.2,,,31,33140.2,2,F1,1,,,,,
2025-09-24,2025-09-24,CM,NSE,STK,24143,INE413U07319,1050IIFL29,ND,,,,,SEC RE NCD 10.50% SR VI,1000.0,1000.0,1000.0,1000.0,1000.0,1000.0,,1000.0,,,10,10000.0,1,F1,1,,,,,
2025-09-24,2025-09-24,CM,NSE,STK,17349,INE342T07387,1050NFL26,N7,,,,,SEC RE NCD 10.50% SR.IV,1005.0,1005.0,1005.0,1005.0,1005.0,1005.0,,996.5,,,10,10050.0,1,F1,1,,,,,
2025-09-24,2025-09-24,CM,NSE,STK,23123,INE342T07460,1065NFL27,NC,,,,,SEC RE NCD 10.65% SR.IV,1015.0,1015.0,1014.9,1014.9,1014.9,1006.0,,1014.9,,,29,29433.0,3,F1,1,,,,,
2025-09-24,2025-09-24,CM,NSE,STK,17347,INE342T07395,1075NFL25,N6,,,,,SEC RE NCD 10.75% SR.III,1008.51,1008.51,1008.5,1008.5,1008.5,1023.0,,1008.5,,,14,14119.1,6,F1,1,,,,,
2025-09-24,2025-09-24,CM,NSE,STK,17352,INE342T07403,1102NFL26,N8,,,,,SEC RE NCD 11.02% SR.V,1020.0,1020.0,1020.0,1020.0,1020.0,1036.55,,1020.0,,,30,30600.0,1,F1,1,,,,,
2025-09-24,2025-09-24,CM,NSE,STK,3425,INE219X07207,76IGT26,ND,,,,,SEC RE NCD 7.60% SR.II,1029.0,1029.0,1029.0,1029.0,1029.0,1027.0,,1029.0,,,200,205800.0,4,F1,1,,,,,
2025-09-24,2025-09-24,CM,NSE,STK,11658,INE0H7R07017,79NHIT35,N1,,,,,SEC RE NCD 7.90% STRPP A,319.0,319.0,317.07,317.55,317.55,320.0,,317.55,,,389,123755.03,6,F1,1,,,,,
2025-09-24,2025-09-24,CM,NSE,STK,11669,INE0H7R07033,79NHIT47,N3,,,,,SEC RE NCD 7.90% STRPP C,425.5,425.5,425.5,425.5,425.5,424.31,,425.5,,,139,59144.5,1,F1,1,,,,,
2025-09-24,2025-09-24,CM,NSE,STK,7648,INE477L07AN9,820IIFL27,N9,,,,,SEC RE NCD 8.20% SR.III,973.01,973.01,973.01,973.01,973.01,972.2,,973.01,,,50,48650.5,1,F1,1,,,,,
2025-09-24,2025-09-24,CM,NSE,STK,15374,INE121A07QY9,840CIFCL28,N4,,,,,SEC RE NCD 8.40% SR.V,1030.0,1030.0,1030.0,1030.0,1030.0,1037.97,,1030.0,,,1000,1030000.0,4,F1,1,,,,,
2025-09-24,2025-09-24,CM,NSE,STK,6197,INE530B07161,842IIFL26,NL,,,,,SEC RE NCD 8.42% SR.V,986.0,986.0,986.0,986.0,986.0,984.0,,983.58,,,2,1972.0,1,F1,1,,,,,
2025-09-24,2025-09-24,CM,NSE,STK,7668,INE477L07AQ2,843IHFL29,NC,,,,,SEC RE NCD 8.43% SR.VI,960.26,964.0,960.0,960.0,960.0,963.61,,963.45,,,2601,2500072.0,40,F1,1,,,,,
2025-09-24,2025-09-24,CM,NSE,STK,17024,INE530B07344,85IFL26,NX,,,,,SEC RE NCD 8.5% SR.III,995.2,995.2,995.2,995.2,995.2,981.45,,995.2,,,50,49760.0,1,F1,1,,,,,
2025-09-24,2025-09-24,CM,NSE,STK,7662,INE477L07AO7,850IIFL27,,,,,,SEC RE NCD 8.50% SR.IV,1036.8,1036.8,1036.8,1036.8,1036.8,1020.22,,1036.8,,,20,20736.0,1,F1,1,,,,,
2025-09-24,2025-09-24,CM,NSE,STK,22556,INE121A07RV3,86CIFC29,NN,,,,,SEC RE NCD 8.60% SR 5,1044.0,1050.0,1044.0,1048.03,1050.0,1014.0,,1047.88,,,3290,3439560.0,8,F1,1,,,,,
2025-09-24,2025-09-24,CM,NSE,STK,17039,INE530B07385,865IFL28,NZ,,,,,SEC RE NCD 8.65% SR.V,972.1,972.1,972.1,972.1,972.1,972.1,,972.1,,,100,97210.0,1,F1,1,,,,,
2025-09-24,2025-09-24,CM,NSE,STK,13852,INE530B07310,865IIFL28,NS,,,,,SEC RE NCD 8.65% SR.V,980.0,980.0,972.05,973.01,973.01,975.0,,973.01,,,400,389711.0,13,F1,1,,,,,
2025-09-24,2025-09-24,CM,NSE,STK,13845,INE530B07294,875IIFL26A,NQ,,,,,SEC RE NCD 8.75% SR.III,1041.51,1042.21,1041.5,1042.21,1042.21,1040.25,,1042.21,,,110,114572.6,3,F1,1,,,,,
2025-09-24,2025-09-24,CM,NSE,STK,5151,INE516Y07410,875PCHFL26,N8,,,,,SEC RE NCD 8.75% SR.IV,1010.25,1010.25,1007.95,1009.95,1009.95,1008.13,,1009.95,,,752,758361.55,29,F1,1,,,,,
2025-09-24,2025-09-24,CM,NSE,STK,28852,INE477L07AZ3,885IHL26,N1,,,,,SEC RE NCD 8.85% SR I,1025.45,1025.45,1025.45,1025.45,1025.45,1030.0,,1025.45,,,10,10254.5,1,F1,1,,,,,
2025-09-24,2025-09-24,CM,NSE,STK,23706,INE338I07164,897MOFSL29,N4,,,,,SEC RE NCD 8.97% SR V,1013.0,1013.0,1013.0,1013.0,1013.0,1013.0,,1013.0,,,50,50650.0,1,F1,1,,,,,
2025-09-24,2025-09-24,CM,NSE,STK,5160,INE516Y07428,9PCHFL31A,,,,,,SEC RE NCD 9% SR.V,1020.0,1020.0,1020.0,1020.0,1020.0,1028.0,,1020.0,,,5,5100.0,1,F1,1,,,,,
2025-09-24,2025-09-24,CM,NSE,STK,13854,INE530B07260,9IIFL28A,NT,,,,,SEC RE NCD 9% SR.VI,1075.0,1075.0,1064.0,1064.0,1064.0,1025.0,,1043.0,,,325,349100.0,4,F1,1,,,,,
2025-09-24,2025-09-24,CM,NSE,STK,23702,INE338I07149,91MOFSL27,N2,,,,,SEC RE NCD 9.10% SR III,1032.51,1033.0,1032.51,1032.51,1032.51,1032.51,,1032.51,,,90,92930.8,5,F1,1,,,,,
2025-09-24,2025-09-24,CM,NSE,STK,25277,INE423A07351,925AEL26,N1,,,,,SEC RE NCD 9.25% SR I,1002.0,1002.0,1002.0,1002.0,1002.0,1002.0,,1002.0,,,20,20040.0,1,F1,1,,,,,
2025-09-24,2025-09-24,CM,NSE,STK,25283,INE423A07310,932AEL27,N3,,,,,SEC RE NCD 9.32% SR III,1025.0,1025.0,1025.0,1025.0,1025.0,1020.0,,1025.0,,,100,102500.0,1,F1,1,,,,,
2025-09-24,2025-09-24,CM,NSE,STK,20075,INE148I07QK4,948SCL26A,NN,,,,,SEC RE NCD 9.48% SR V,725.0,799.0,725.0,725.0,725.0,723.9,,762.0,,,82,60154.0,14,F1,1,,,,,
2025-09-24,2025-09-24,CM,NSE,STK,20767,INE413U07228,960ISFL25,N1,,,,,SEC RE NCD 9.60% SR 2,1064.0,1064.0,1062.0,1062.0,1062.0,1067.8,,1062.0,,,68,72336.0,2,F1,1,,,,,
2025-09-24,2025-09-24,CM,NSE,STK,12444,INE741K07470,960CAGL25,N3,,,,,SEC RE NCD 9.60% SR. III,975.11,976.0,975.11,976.0,976.0,975.0,,976.0,,,2,1951.11,2,F1,1,,,,,
2025-09-24,2025-09-24,CM,NSE,STK,20970,INE148I07RD7,965SCL25B,Y1,,,,,SEC RE NCD 9.65% SR I,1052.25,1052.25,1052.25,1052.25,1052.25,1060.0,,1052.25,,,10,10522.5,1,F1,1,,,,,
2025-09-24,2025-09-24,CM,NSE,STK,25287,INE423A07328,965AEL27,N4,,,,,SEC RE NCD 9.65% SR IV,1014.0,1014.4,1013.01,1014.39,1014.39,1013.89,,1014.39,,,808,819228.49,12,F1,1,,,,,
2025-09-24,2025-09-24,CM,NSE,STK,14704,INE148I07NW6,965SCL28,AK,,,,,SEC RE NCD 9.65% SR.VII,616.8,616.8,616.8,616.8,616.8,616.8,,616.8,,,10,6168.0,1,F1,1,,,,,
2025-09-24,2025-09-24,CM,NSE,STK,18487,INE741K07579,970CAGL28,ND,,,,,SEC RE NCD 9.70% SR VII,1012.55,1012.55,1012.55,1012.55,1012.55,1013.05,,1012.55,,,1,1012.55,1,F1,1,,,,,
2025-09-24,2025-09-24,CM,NSE,STK,23958,INE148I07TG6,971SCL29A,ZN,,,,,SEC RE NCD 9.71% SR VIII,991.0,991.0,991.0,991.0,991.0,900.3,,991.0,,,20,19820.0,1,F1,1,,,,,
2025-09-24,2025-09-24,CM,NSE,STK,15235,INE244L07499,98SFIL26,NU,,,,,SEC RE NCD 9.80% SR.V,456.0,456.0,456.0,456.0,456.0,570.0,,456.0,,,20,9120.0,1,F1,1,,,,,
2025-09-24,2025-09-24,CM,NSE,STK,23293,INE148I07SG8,990SCL27,YT,,,,,SEC RE NCD 9.9% SR IV,1022.0,1022.0,1022.0,1022.0,1022.0,1020.5,,1022.0,,,10,10220.0,1,F1,1,,,,,
2025-09-24,2025-09-24,CM,NSE,STK,19760,INE148I07PY7,990SCL26,N7,,,,,SEC RE NCD 9.90% SR IV,474.6,474.6,474.6,474.6,474.6,432.0,,474.6,,,6,2847.6,1,F1,1,,,,,
2025-09-24,2025-09-24,CM,NSE,STK,25296,INE423A07344,99AEL29,N7,,,,,SEC RE NCD 9.90% SR VII,1046.86,1046.86,1032.05,1032.05,1032.05,1032.0,,1033.53,,,642,664468.51,19,F1,1,,,,,
2025-09-24,2025-09-24,CM,NSE,STK,17952,INE121A07RD1,CIFC26A,N9,,,,,SEC RE NCD SR 4,1170.5,1173.0,1170.5,1173.0,1173.0,1170.5,,1173.0,,,20,23435.0,2,F1,1,,,,,
2025-09-24,2025-09-24,CM,NSE,STK,23700,INE338I07156,0MOFSL26,N1,,,,,SEC RE NCD SR II,1110.0,1117.0,1096.0,1106.63,1096.0,1109.49,,1106.63,,,210,232427.0,5,F1,1,,,,,
2025-09-24,2025-09-24,CM,NSE,STK,23704,INE338I07099,0MOFSL27,N3,,,,,SEC RE NCD SR IV,1115.0,1115.0,1115.0,1115.0,1115.0,1117.99,,1115.0,,,100,111500.0,2,F1,1,,,,,
2025-09-24,2025-09-24,CM,NSE,STK,21008,INE148I07RL0,SCLZC26G,YA,,,,,SEC RE NCD SR VI,1140.11,1140.15,1140.0,1140.0,1140.0,1150.0,,1143.0,,,271,308962.73,4,F1,1,,,,,
2025-09-24,2025-09-24,CM,NSE,STK,25298,INE423A07385,AEL120924B,N8,,,,,SEC RE NCD SR VIII,1075.0,1075.0,1075.0,1075.0,1075.0,1075.1,,1075.0,,,120,129000.0,1,F1,1,,,,,
2025-09-24,2025-09-24,CM,NSE,STK,12456,INE741K07488,CAGL25A,N4,,,,,SEC RE NCD SR. IV,1302.0,1302.0,1302.0,1302.0,1302.0,1301.0,,1302.0,,,40,52080.0,1,F1,1,,,,,
2025-09-24,2025-09-24,CM,NSE,STK,14214,INE00QS24019,IMC1,N0,,,,,SEC RE NCGB 8.25% STRPP A,252.45,252.45,252.45,252.45,252.45,252.0,,252.45,,,15,3786.75,1,F1,1,,,,,
2025-09-24,2025-09-24,CM,NSE,STK,14219,INE00QS24043,IMC1,N1,,,,,SEC RE NCGB 8.25% STRPP B,253.0,253.0,253.0,253.0,253.0,253.99,,253.0,,,37,9361.0,1,F1,1,,,,,
2025-09-24,2025-09-24,CM,NSE,STK,14228,INE00QS24035,IMC1,N3,,,,,SEC RE NCGB 8.25% STRPP D,253.95,253.95,253.95,253.95,253.95,252.5,,253.95,,,36,9142.2,1,F1,1,,,,,
2025-09-24,2025-09-24,CM,NSE,STK,7975,INE804IA7014,1015ECL29,NR,,,,,SEC RED NCD 10.15% SR. VI,1008.0,1012.0,1006.0,1010.0,1010.0,1008.0,,1010.0,,,176,177611.9,8,F1,1,,,,,
2025-09-24,2025-09-24,CM,NSE,STK,7986,INE804IA7022,1060ECL29,NS,,,,,SEC RED NCD 10.6% SR. VII,1068.99,1068.99,1068.99,1068.99,1068.99,1065.0,,1150.0,,,45,48104.55,4,F1,1,,,,,
2025-09-24,2025-09-24,CM,NSE,STK,16870,INE033L07GS6,81TCHF28,N8,,,,,SEC RED NCD 8.10% SR.IV,1026.0,1027.0,1026.0,1027.0,1027.0,1026.0,,1027.0,,,25,25670.0,3,F1,1,,,,,
2025-09-24,2025-09-24,CM,NSE,STK,16874,INE033L07GU2,84TCHF28,,,,,,SEC RED NCD 8.40% SR.V,1060.6,1065.0,1060.5,1065.0,1065.0,1060.5,,1065.0,,,1418,1508341.86,31,F1,1,,,,,
2025-09-24,2025-09-24,CM,NSE,STK,18624,INE148I07GJ7,865SCL26,N8,,,,,SEC RED NCD 8.65% SR. V,993.3,993.3,993.3,993.3,993.3,963.09,,984.15,,,1,993.3,1,F1,1,,,,,
2025-09-24,2025-09-24,CM,NSE,STK,18626,INE148I07GK5,885SCL26,N9,,,,,SEC RED NCD 8.85% SR. VI,977.0,977.0,975.0,975.0,975.0,975.0,,975.0,,,1711,1668325.0,9,F1,1,,,,,
2025-09-24,2025-09-24,CM,NSE,STK,2252,INE528S07110,888ERFL28,N5,,,,,SEC RED NCD 8.88% SR. V,962.0,962.0,962.0,962.0,962.0,962.0,,958.5,,,13,12506.0,1,F1,1,,,,,
2025-09-24,2025-09-24,CM,NSE,STK,18628,INE148I07GL3,9SCL26BA,,,,,,SEC RED NCD 9.0% SR. VI,1012.8,1012.8,970.0,970.0,970.0,977.0,,975.85,,,555,541762.36,11,F1,1,,,,,
2025-09-24,2025-09-24,CM,NSE,STK,8625,INE721A07ON4,957ICCL25,YW,,,,,SEC RED NCD 9.30% SR. II,1080.0,1100.0,1080.0,1099.5,1099.5,1080.0,,1099.5,,,987,1079623.5,11,F1,1,,,,,
2025-09-24,2025-09-24,CM,NSE,STK,1001,INE721A07NX5,94SFL28,YL,,,,,SEC RED NCD 9.40% SR. V,1055.0,1055.0,1055.0,1055.0,1055.0,1050.0,,1055.0,,,1,1055.0,1,F1,1,,,,,
2025-09-24,2025-09-24,CM,NSE,STK,4288,INE804I078Y8,943ECL28,NJ,,,,,SEC RED NCD 9.43% SR. VI,982.1,982.1,980.64,980.64,980.64,982.0,,980.5,,,23,22575.16,4,F1,1,,,,,
2025-09-24,2025-09-24,CM,NSE,STK,17864,INE530L07210,957NIDO26,N5,,,,,SEC RED NCD 9.57% SR. V,987.1,987.1,982.62,982.62,982.62,987.36,,1003.79,,,148,145853.36,2,F1,1,,,,,
2025-09-24,2025-09-24,CM,NSE,STK,12933,INE721A07PE0,97SFL26,Z9,,,,,SEC RED NCD 9.7% SR.VII,1013.06,1013.06,1013.06,1013.06,1013.06,1020.0,,1013.06,,,25,25326.5,1,F1,1,,,,,
2025-09-24,2025-09-24,CM,NSE,STK,6168,INE721A07OF0,97SFL28,YS,,,,,SEC RED NCD 9.70% SR. V,1107.0,1159.65,1107.0,1159.65,1159.65,1107.0,,1128.58,,,130,148122.0,2,F1,1,,,,,
2025-09-24,2025-09-24,CM,NSE,STK,4292,INE804I079Y6,985ECL28,NK,,,,,SEC RED NCD 9.85% SR. VII,985.11,991.0,985.11,991.0,991.0,991.0,,987.0,,,506,501366.1,4,F1,1,,,,,
2025-09-24,2025-09-24,CM,NSE,STK,19496,INE0BTM01013,SECMARK,EQ,,,,,SECMARK CONSULTANCY LTD,123.0,129.13,121.1,123.89,124.0,122.99,,123.89,,,590,72523.87,32,F1,1,,,,,
2025-09-24,2025-09-24,CM,NSE,STK,11058,INE650K01021,SECURKLOUD,EQ,,,,,SECUREKLOUD TECH LIMITED,23.99,24.3,23.5,23.76,23.9,23.73,,23.74,,,9895,235369.55,235,F1,1,,,,,
2025-09-24,2025-09-24,CM,NSE,STK,7091,INE955I01044,SEJALLTD,EQ,,,,,SEJAL GLASS LIMITED,750.75,774.8,735.0,750.55,754.0,750.75,,750.6,,,20175,15328444.4,714,F1,1,,,,,
2025-09-24,2025-09-24,CM,NSE,STK,6262,INE105I01020,SELMC,EQ,,,,,SEL MANUFACTURING CO LTD,30.11,31.32,30.11,30.82,30.82,30.53,,30.82,,,3588,110640.53,117,F1,1,,,,,
2025-09-24,2025-09-24,CM,NSE,STK,757982,INE0IJF01013,SELLOWRAP,SM,,,,,SELLOWRAP INDUSTRIES LTD,102.15,102.95,101.7,102.95,102.95,102.15,,102.95,,,9600,981440.0,6,F1,1600,,,,,
2025-09-24,2025-09-24,CM,NSE,STK,11964,INE617A01013,SEMAC,BE,,,,,SEMAC CONSTRUCTION LTD,500.0,500.0,490.3,491.4,491.0,510.05,,491.4,,,172,84844.35,30,F1,1,,,,,
2025-09-24,2025-09-24,CM,NSE,STK,17271,INE602W01027,SENCO,EQ,,,,,SENCO GOLD LIMITED,360.0,361.6,352.55,354.8,356.0,362.1,,354.7,,,327639,116761271.85,11616,F1,1,,,,,
2025-09-24,2025-09-24,CM,NSE,STK,28888,INE0RB801010,SENORES,EQ,,,,,SENORES PHARMACEUTICALS L,718.9,722.75,699.4,703.1,706.9,717.2,,703.1,,,214957,152984182.95,10931,F1,1,,,,,
2025-09-24,2025-09-24,CM,NSE,STK,15308,INE964H01014,SEPC,EQ,,,,,SEPC LIMITED,13.0,13.37,12.82,12.91,12.94,12.96,,12.91,,,12061175,158150845.06,13154,F1,1,,,,,
2025-09-24,2025-09-24,CM,NSE,STK,758610,IN9964H01012,SEPCPP,E1,,,,,SEPC RS.5 PPD UP,6.0,6.21,5.9,5.96,5.93,6.13,,5.98,,,2452439,14860596.44,942,F1,1,,,,,
2025-09-24,2025-09-24,CM,NSE,STK,14296,INE807F01027,SEQUENT,EQ,,,,,SEQUENT SCIENTIFIC LTD.,203.8,203.99,196.03,197.55,197.1,203.42,,197.55,,,912759,181175823.49,19893,F1,1,,,,,
2025-09-24,2025-09-24,CM,NSE,STK,20655,INE027E07998,898LTF29,N7,,,,,SERENCD 8.98% SR.VI OP2,1065.0,1065.0,1058.55,1058.55,1058.55,1042.02,,1057.0,,,61,64898.55,3,F1,1,,,,,
2025-09-24,2025-09-24,CM,NSE,STK,20687,INE027E07AL1,905LTF27,NF,,,,,SERENCD 9.05% SR.VI OPII,1055.0,1068.0,1055.0,1060.0,1060.0,1060.0,,1060.0,,,195,206250.35,12,F1,1,,,,,
2025-09-24,2025-09-24,CM,NSE,STK,17399,INE0P1Q01015,SERVICE,SM,,,,,SERVICE CARE LIMITED,49.15,49.15,47.65,47.65,47.65,49.1,,47.65,,,14000,680700.0,7,F1,2000,,,,,
2025-09-24,2025-09-24,CM,NSE,STK,5507,INE782X01033,SERVOTECH,EQ,,,,,SERVOTECH REN POW SYS LTD,129.6,129.6,127.0,127.19,127.35,129.58,,127.19,,,286094,36673633.97,5088,F1,1,,,,,
2025-09-24,2025-09-24,CM,NSE,STK,3066,INE630A01024,SESHAPAPER,EQ,,,,,SESHASAYEE PAPER & BOARDS,262.9,263.4,259.1,260.45,261.0,260.5,,260.45,,,13229,3465786.35,418,F1,1,,,,,
2025-09-24,2025-09-24,CM,NSE,STK,17514,INE878E01021,SETCO,EQ,,,,,SETCO AUTOMOTIVE LTD,18.28,19.03,18.2,19.03,19.03,18.13,,19.06,,,289786,5443663.4,1083,F1,1,,,,,
2025-09-24,2025-09-24,CM,NSE,STK,10836,INE573R01012,SEYAIND,BE,,,,,SEYA INDUSTRIES LIMITED,16.39,17.0,16.05,16.67,16.65,16.21,,16.69,,,7266,120076.44,40,F1,1,,,,,
2025-09-24,2025-09-24,CM,NSE,STK,758853,INE618R01015,SGFIN,EQ,,,,,SG FINSERVE LIMITED,374.95,378.35,370.3,371.85,372.0,373.3,,371.85,,,68541,25569700.2,2291,F1,1,,,,,
2025-09-24,2025-09-24,CM,NSE,STK,758889,INE385F01024,SGMART,EQ,,,,,SG MART LIMITED,379.55,381.55,372.35,378.7,377.25,379.55,,378.65,,,49941,18864660.25,2979,F1,1,,,,,
2025-09-24,2025-09-24,CM,NSE,STK,11856,INE640C01011,SHAHALLOYS,EQ,,,,,SHAH ALLOYS LIMITED,69.31,70.8,66.05,66.35,66.25,69.31,,66.38,,,40444,2739523.44,583,F1,1,,,,,
2025-09-24,2025-09-24,CM,NSE,STK,20296,INE482J01021,SHAH,EQ,,,,,SHAH METACORP LIMITED,3.67,3.76,3.55,3.65,3.68,3.53,,3.66,,,754856,2775655.07,791,F1,1,,,,,
2025-09-24,2025-09-24,CM,NSE,STK,8727,INE151G01028,SHAILY,EQ,,,,,SHAILY ENG PLASTICS LTD,2250.0,2361.5,2221.4,2321.4,2316.0,2252.0,,2321.4,,,129318,298797715.1,19935,F1,1,,,,,
2025-09-24,2025-09-24,CM,NSE,STK,25574,INE908D01010,SHAKTIPUMP,EQ,,,,,SHAKTI PUMPS (I) LTD,867.5,868.35,846.5,850.9,852.35,867.6,,850.85,,,262982,225199167.55,16437,F1,1,,,,,
2025-09-24,2025-09-24,CM,NSE,STK,714,INE597J01018,SHALBY,EQ,,,,,SHALBY LIMITED,266.69,268.07,256.49,258.57,258.96,266.83,,258.57,,,555409,145349125.64,14625,F1,1,,,,,
2025-09-24,2025-09-24,CM,NSE,STK,15342,INE849C01026,SHALPAINTS,EQ,,,,,SHALIM PAINTS LTD,81.0,82.36,79.38,79.68,79.85,80.98,,79.66,,,96211,7761597.64,1749,F1,1,,,,,
2025-09-24,2025-09-24,CM,NSE,STK,25740,INE01NE01012,SRD,BE,,,,,SHANKAR LAL RAMPAL LTD,70.84,72.5,69.6,71.94,72.0,71.7,,71.93,,,32676,2320619.17,175,F1,1,,,,,
2025-09-24,2025-09-24,CM,NSE,STK,20337,INE274V01019,SHANKARA,BE,,,,,SHANKARA BLDG PRODUCT LTD,255.0,255.0,242.25,242.25,242.25,990.5,,238.35,,,46416,11302785.75,802,F1,1,,,,,
2025-09-24,2025-09-24,CM,NSE,STK,19752,INE0Q9Q01017,SHANTHALA,SM,,,,,SHANTHALA FMCG PRODUCTS L,37.75,37.75,30.3,34.6,30.3,36.05,,34.6,,,12000,421620.0,10,F1,1200,,,,,
2025-09-24,2025-09-24,CM,NSE,STK,3078,INE631A01022,SHANTIGEAR,EQ,,,,,SHANTHI GEARS LTD,557.55,561.0,550.0,552.2,550.0,555.85,,552.2,,,77534,43207668.95,4177,F1,1,,,,,
2025-09-24,2025-09-24,CM,NSE,STK,758002,INE06ZD01017,SHANTIGOLD,EQ,,,,,SHANTI GOLD INTERNATION L,223.6,225.4,220.82,223.14,222.69,223.63,,223.19,,,238708,53146064.64,2926,F1,1,,,,,
2025-09-24,2025-09-24,CM,NSE,STK,5650,INE933X01016,SHANTI,EQ,,,,,SHANTI OVERSEAS INDIA LTD,9.3,9.66,9.3,9.42,9.41,9.42,,9.42,,,157828,1487085.8,338,F1,1,,,,,
2025-09-24,2025-09-24,CM,NSE,STK,4992,INE221J01015,SHARDACROP,EQ,,,,,SHARDA CROPCHEM LTD.,866.95,866.95,846.2,854.7,852.25,860.6,,854.7,,,121632,103756297.5,9202,F1,1,,,,,
2025-09-24,2025-09-24,CM,NSE,STK,10530,INE597I01028,SHARDAMOTR,EQ,,,,,SHARDA MOTOR INDS LTD,1137.9,1153.7,1115.0,1124.9,1117.0,1133.8,,1124.9,,,103122,116964836.2,10848,F1,1,,,,,
2025-09-24,2025-09-24,CM,NSE,STK,104,INE932X01026,SHAREINDIA,EQ,,,,,SHARE IND. SECURITIES LTD,141.6,141.6,138.01,138.3,138.4,141.08,,138.3,,,498903,69513843.69,8614,F1,1,,,,,
2025-09-24,2025-09-24,CM,NSE,STK,19469,INE460Q01014,SCML,SM,,,,,SHARP CHUCKS N MACHINES L,94.5,103.0,94.5,102.6,102.5,93.7,,102.6,,,70000,6940900.0,62,F1,1000,,,,,
2025-09-24,2025-09-24,CM,NSE,STK,19184,INE916U01025,SFL,EQ,,,,,SHEELA FOAM LIMITED,679.45,701.0,675.0,689.4,693.1,678.1,,689.3,,,133244,91227086.25,9798,F1,1,,,,,
2025-09-24,2025-09-24,CM,NSE,STK,12072,INE501Y01019,SCPL,EQ,,,,,SHEETAL COOL PRODUCTS LTD,244.0,249.6,241.1,242.7,242.0,244.24,,242.71,,,14401,3516641.52,1500,F1,1,,,,,
2025-09-24,2025-09-24,CM,NSE,STK,20415,INE04VX01019,SHEETAL,SM,,,,,SHEETAL UNIVERSAL LIMITED,129.95,129.95,129.0,129.35,129.3,129.7,,129.35,,,16000,2071300.0,8,F1,2000,,,,,
2025-09-24,2025-09-24,CM,NSE,STK,21095,INE268L01046,SHEKHAWATI,EQ,,,,,SHEKHAWATI INDUSTRIES LTD,21.8,22.6,21.5,22.01,22.15,22.26,,22.01,,,23643,519460.68,398,F1,1,,,,,
2025-09-24,2025-09-24,CM,NSE,STK,5068,INE363M01019,SHEMAROO,EQ,,,,,SHEMAROO ENTER. LTD.,115.67,116.45,113.51,115.39,115.5,114.62,,115.42,,,8162,937630.48,148,F1,1,,,,,
2025-09-24,2025-09-24,CM,NSE,STK,14172,INE0MM001019,SHERA,SM,,,,,SHERA ENERGY LIMITED,130.0,130.0,128.0,128.0,128.0,130.2,,128.0,,,9000,1161600.0,9,F1,1000,,,,,
2025-09-24,2025-09-24,CM,NSE,STK,8394,INE03KJ01013,SHIGAN,SM,,,,,SHIGAN QUANTUM TECH LTD,72.0,72.95,68.55,70.5,68.55,69.0,,70.5,,,25500,1830150.0,17,F1,1500,,,,,
2025-09-24,2025-09-24,CM,NSE,STK,17752,INE790G01031,SHILPAMED,EQ,,,,,SHILPA MEDICARE LTD,829.6,832.4,806.55,812.3,813.9,824.85,,812.3,,,91259,74861344.1,7970,F1,1,,,,,
2025-09-24,2025-09-24,CM,NSE,STK,23127,INE0PB301013,SCILAL,EQ,,,,,SHIPPING CORP OF ILA LTD,51.76,52.95,51.31,51.77,52.0,51.35,,51.78,,,817416,42458450.04,7450,F1,1,,,,,
2025-09-24,2025-09-24,CM,NSE,STK,3048,INE109A01011,SCI,EQ,,,,,SHIPPING CORP OF INDIA LT,227.0,234.0,226.38,232.48,232.52,223.34,,232.48,,,21221054,4909504094.17,170755,F1,1,,,,,
2025-09-24,2025-09-24,CM,NSE,STK,1497,INE644Y01017,SHIVAMILLS,EQ,,,,,SHIVA MILLS LIMITED,73.49,73.49,71.01,72.05,72.2,71.4,,72.05,,,3124,223474.84,47,F1,1,,,,,
2025-09-24,2025-09-24,CM,NSE,STK,804,INE705C01020,SHIVATEX,EQ,,,,,SHIVA TEXYARN LIMITED,186.0,190.53,182.31,188.17,187.81,184.24,,188.42,,,691,128064.96,59,F1,1,,,,,
2025-09-24,2025-09-24,CM,NSE,STK,24249,INE0T7B01010,SPCL,SM,,,,,SHIVALIC POWER CONTROL L,97.0,98.45,95.5,97.4,96.45,95.8,,97.4,,,18000,1737360.0,28,F1,600,,,,,
2025-09-24,2025-09-24,CM,NSE,STK,4656,INE386D01027,SBCL,EQ,,,,,SHIVALIK BIMETAL CON. LTD,566.9,570.0,558.55,562.8,564.95,564.45,,563.0,,,79628,44879759.05,4540,F1,1,,,,,
2025-09-24,2025-09-24,CM,NSE,STK,7016,INE788J01021,SHIVALIK,EQ,,,,,SHIVALIK RASAYAN LIMITED,465.8,466.0,456.4,462.5,462.0,463.25,,462.15,,,19353,8925280.65,880,F1,1,,,,,
2025-09-24,2025-09-24,CM,NSE,STK,13756,INE637H01024,SHIVAMAUTO,EQ,,,,,SHIVAM AUTO.LTD,32.5,33.5,31.62,31.82,31.83,32.29,,31.82,,,121083,3903512.19,1447,F1,1,,,,,
2025-09-24,2025-09-24,CM,NSE,STK,758744,INE1DLF01018,SHIVASHRIT,SM,,,,,SHIVASHRIT FOODS LIMITED,133.0,133.0,126.0,129.75,132.4,130.15,,129.75,,,31000,4001700.0,23,F1,1000,,,,,
2025-09-24,2025-09-24,CM,NSE,STK,11813,INE498B01024,SHOPERSTOP,EQ,,,,,SHOPPERS STOP LIMITED,553.7,559.4,543.9,548.95,545.9,550.85,,548.9,,,78546,43623158.25,6458,F1,1,,,,,
2025-09-24,2025-09-24,CM,NSE,STK,708,INE715Y01031,SHRADHA,EQ,,,,,SHRADHA INFRAPROJECTS LTD,47.6,48.24,44.45,45.54,46.01,47.08,,45.54,,,78063,3600525.61,1060,F1,1,,,,,
2025-09-24,2025-09-24,CM,NSE,STK,759125,INE715Y20015,SHRADHA-RE,BE,,,,,SHRADHA INFRAPROJECTS LTD,7.0,7.0,4.25,4.51,4.51,7.08,,4.51,,,179762,875569.37,387,F1,1,,,,,
2025-09-24,2025-09-24,CM,NSE,STK,10588,INE712K01011,SHREEPUSHK,EQ,,,,,SHRE PUSH CHEM & FERT LTD,448.0,472.5,446.3,454.65,454.4,454.75,,454.7,,,605194,277814645.6,13286,F1,1,,,,,
2025-09-24,2025-09-24,CM,NSE,STK,3103,INE070A01015,SHREECEM,EQ,,,,,SHREE CEMENT LIMITED,30000.0,30000.0,29555.0,29650.0,29705.0,29790.0,,29650.0,,,35863,1065528730.0,15042,F1,1,,,,,
2025-09-24,2025-09-24,CM,NSE,STK,3099,INE232A01011,SHREDIGCEM,EQ,,,,,SHREE DIGVIJAY CEM CO LTD,89.22,91.25,89.22,89.56,89.88,89.22,,89.57,,,543242,48978311.0,2695,F1,1,,,,,
2025-09-24,2025-09-24,CM,NSE,STK,23074,INE0S4Y01010,SHREEKARNI,SM,,,,,SHREE KARNI FABCOM LTD,560.95,560.95,541.0,548.0,548.0,545.0,,548.0,,,4200,2310337.5,17,F1,150,,,,,
2025-09-24,2025-09-24,CM,NSE,STK,20603,INE02S501018,SHREEOSFM,SM,,,,,SHREE OSFM E-MOBILITY LTD,118.0,118.0,111.6,112.5,112.5,115.8,,112.5,,,14000,1579450.0,14,F1,1000,,,,,
2025-09-24,2025-09-24,CM,NSE,STK,28635,INE008Z01020,SRPL,BZ,,,,,SHREE RAM PROTEINS LTD.,0.82,0.82,0.82,0.82,0.82,0.81,,0.82,,,199508,163596.56,55,F1,1,,,,,
2025-09-24,2025-09-24,CM,NSE,STK,7634,INE879A01019,SHREERAMA,BE,,,,,SHREE RAMA MULTI TECH LTD,60.4,61.5,57.84,58.03,58.5,60.36,,58.02,,,82051,4825281.58,371,F1,1,,,,,
2025-09-24,2025-09-24,CM,NSE,STK,13565,INE278B01020,RAMANEWS,EQ,,,,,SHREE RAMA NEWSPRINT LTD,33.5,33.9,32.0,32.2,32.52,32.86,,32.2,,,57140,1857415.21,684,F1,1,,,,,
2025-09-24,2025-09-24,CM,NSE,STK,12026,INE087H01022,RENUKA,EQ,,,,,SHREE RENUKA SUGARS LTD,31.2,32.4,31.12,31.6,31.55,31.4,,31.6,,,6760925,214124708.1,16475,F1,1,,,,,
2025-09-24,2025-09-24,CM,NSE,STK,21868,INE238Y01018,TIRUPATI,SM,,,,,SHREE TIRUPATI BALAJEE,528.05,562.0,524.4,558.3,524.4,552.0,,558.3,,,6625,3649156.25,18,F1,125,,,,,
2025-09-24,2025-09-24,CM,NSE,STK,25203,INE0S2G01011,BALAJEE,EQ,,,,,SHREE TIRUPATI BALAJEE L,51.15,52.19,50.41,50.7,50.94,51.86,,50.71,,,49228,2507866.7,1126,F1,1,,,,,
2025-09-24,2025-09-24,CM,NSE,STK,15126,INE00CE01017,SVLL,BE,,,,,SHREE VASU LOGISTICS LTD,765.0,790.2,734.3,784.6,788.0,772.95,,784.6,,,1517,1158039.15,104,F1,1,,,,,
2025-09-24,2025-09-24,CM,NSE,STK,759448,INE1B6101010,SHREEJISPG,EQ,,,,,SHREEJI SHIPPING GLOBAL L,250.0,254.0,245.05,249.95,245.15,252.8,,250.1,,,558167,140098733.9,4138,F1,1,,,,,
2025-09-24,2025-09-24,CM,NSE,STK,14310,INE00IK01029,OSWALSEEDS,BE,,,,,SHREEOSWAL S AND CHE LTD,15.3,15.51,15.0,15.51,15.51,14.78,,15.51,,,61552,949244.96,136,F1,1,,,,,
2025-09-24,2025-09-24,CM,NSE,STK,11149,INE632X01030,SHRENIK,EQ,,,,,SHRENIK LIMITED,0.54,0.56,0.54,0.54,0.55,0.54,,0.54,,,604356,329621.22,403,F1,1,,,,,
2025-09-24,2025-09-24,CM,NSE,STK,3126,INE231C01019,SHREYANIND,EQ,,,,,SHREYANS INDUSTRIES LTD,239.99,239.99,229.02,230.91,231.68,233.06,,230.87,,,3416,796589.21,231,F1,1,,,,,
2025-09-24,2025-09-24,CM,NSE,STK,756409,INE0DM401012,SHRIAHIMSA,ST,,,,,SHRI AHIMSA NATURALS LTD,244.0,246.5,241.0,243.15,241.0,242.7,,243.15,,,49200,11983860.0,27,F1,1200,,,,,
2025-09-24,2025-09-24,CM,NSE,STK,758568,INE0NON01025,SHKSIL,SM,,,,,SHRI HARE-KRI SPO IRON L,64.95,73.7,64.95,66.9,67.0,69.4,,66.9,,,44000,2969900.0,19,F1,2000,,,,,
2025-09-24,2025-09-24,CM,NSE,STK,17684,INE0OMF01015,SHRITECH,SM,,,,,SHRI TECHTEX LIMITED,72.0,72.0,70.35,70.35,70.35,72.95,,70.35,,,12000,848100.0,6,F1,2000,,,,,
2025-09-24,2025-09-24,CM,NSE,STK,759093,INE1B3L01017,SHRINGARMS,EQ,,,,,SHRINGAR HOU OF MANGALS L,191.61,193.0,187.17,189.63,188.0,191.67,,189.62,,,2474277,470652523.91,14001,F1,1,,,,,
2025-09-24,2025-09-24,CM,NSE,STK,24374,INF680P01422,LIQUIDSHRI,EQ,,,,,SHRIRAM - LIQUIDSHRI,1071.84,1071.86,1071.84,1071.85,1071.86,1071.71,,1071.85,,,11522,12349848.08,21,F1,1,,,,,
2025-09-24,2025-09-24,CM,NSE,STK,4306,INE721A01047,SHRIRAMFIN,EQ,,,,,SHRIRAM FINANCE LIMITED,628.2,630.0,620.3,625.15,624.6,628.8,,625.15,,,2129098,1331568909.35,51844,F1,1,,,,,
2025-09-24,2025-09-24,CM,NSE,STK,17186,INE526E01018,SHRIPISTON,EQ,,,,,SHRIRAM PIST. & RING LTD,2620.7,2623.4,2545.6,2601.1,2585.0,2602.8,,2601.1,,,128330,333449710.7,19113,F1,1,,,,,
2025-09-24,2025-09-24,CM,NSE,STK,7200,INE217L01019,SHRIRAMPPS,EQ,,,,,SHRIRAM PROPERTIES LTD,95.4,96.9,94.0,95.33,95.3,95.44,,95.33,,,944696,90340495.02,6924,F1,1,,,,,
2025-09-24,2025-09-24,CM,NSE,STK,6451,INE01Z401013,SHUBHLAXMI,SM,,,,,SHUBHLAXMI JEWEL ART LTD,15.25,15.8,15.25,15.8,15.8,15.05,,15.8,,,8000,125200.0,6,F1,1000,,,,,
2025-09-24,2025-09-24,CM,NSE,STK,10188,INE979R01011,SHYAMCENT,EQ,,,,,SHYAM CENTURY FERROUS LTD,7.29,8.0,6.74,7.22,7.14,7.09,,7.22,,,2923434,21676032.84,3511,F1,1,,,,,
2025-09-24,2025-09-24,CM,NSE,STK,4693,INE810G01011,SHYAMMETL,EQ,,,,,SHYAM METALICS AND ENGY L,895.0,939.0,879.35,918.8,915.05,902.85,,918.8,,,594226,546643688.15,22874,F1,1,,,,,
2025-09-24,2025-09-24,CM,NSE,STK,13740,INE635A01023,SHYAMTEL,EQ,,,,,SHYAM TELECOM LIMITED,14.1,14.1,13.42,13.7,13.51,14.13,,13.7,,,5690,77352.49,50,F1,1,,,,,
2025-09-24,2025-09-24,CM,NSE,STK,19440,INE075B01020,SICALLOG,BE,,,,,SICAL LOGISTICS LIMITED,115.8,115.8,109.39,109.39,109.39,115.15,,109.39,,,10865,1246301.32,87,F1,1,,,,,
2025-09-24,2025-09-24,CM,NSE,STK,756871,INE1NPP01017,ENRIN,EQ,,,,,SIEMENS ENERGY INDIA LTD,3610.0,3610.1,3469.9,3510.2,3509.4,3606.5,,3510.2,,,698304,2443740676.6,70296,F1,1,,,,,
2025-09-24,2025-09-24,CM,NSE,STK,3150,INE003A01024,SIEMENS,EQ,,,,,SIEMENS LTD,3240.0,3244.4,3193.9,3201.0,3205.0,3240.4,,3201.0,,,257405,825773285.4,24051,F1,1,,,,,
2025-09-24,2025-09-24,CM,NSE,STK,6663,INE0D0K01022,SIGACHI,EQ,,,,,SIGACHI INDUSTRIES LTD,42.1,42.76,41.11,41.56,41.25,42.21,,41.56,,,6529348,272781727.16,15554,F1,1,,,,,
2025-09-24,2025-09-24,CM,NSE,STK,16658,INE0A0S01010,SIGMA,EQ,,,,,SIGMA SOLVE LIMITED,483.0,486.7,480.0,480.35,481.0,483.0,,480.2,,,9453,4572557.3,670,F1,1,,,,,
2025-09-24,2025-09-24,CM,NSE,STK,18743,INE903U01023,SIGNATURE,EQ,,,,,SIGNATUREGLOBAL INDIA LTD,1107.0,1118.9,1087.1,1095.1,1095.1,1106.4,,1095.1,,,269552,296054709.0,9278,F1,1,,,,,
2025-09-24,2025-09-24,CM,NSE,STK,4522,INE529F01035,SIGIND,EQ,,,,,SIGNET INDUSTRIES LIMITED,54.96,56.4,53.1,54.84,54.52,54.96,,54.8,,,20852,1148430.87,382,F1,1,,,,,
2025-09-24,2025-09-24,CM,NSE,STK,23147,INE0RDE01010,SIGNORIA,SM,,,,,SIGNORIA CREATION LIMITED,90.0,90.0,90.0,90.0,90.0,93.1,,90.0,,,21000,1890000.0,1,F1,1000,,,,,
2025-09-24,2025-09-24,CM,NSE,STK,22656,INE0KGZ01021,SIGNPOST,EQ,,,,,SIGNPOST INDIA LIMITED,287.55,290.5,282.1,283.3,282.2,288.1,,283.3,,,56700,16190752.2,2969,F1,1,,,,,
2025-09-24,2025-09-24,CM,NSE,STK,6218,INE112X01017,SIKKO,EQ,,,,,SIKKO INDUSTRIES LIMITED,67.77,74.7,67.77,69.4,69.9,67.77,,69.4,,,301178,21446053.04,3073,F1,1,,,,,
2025-09-24,2025-09-24,CM,NSE,STK,4105,INE923A01015,SILINV,EQ,,,,,SIL INVESTMENTS LIMITED,623.0,623.0,591.05,618.4,615.7,600.05,,618.35,,,6778,4192044.7,468,F1,1,,,,,
2025-09-24,2025-09-24,CM,NSE,STK,2495,INE01II01013,SILGO,BE,,,,,SILGO RETAIL LIMITED,68.2,69.0,67.04,68.32,68.4,68.2,,68.32,,,8488,576123.06,129,F1,1,,,,,
2025-09-24,2025-09-24,CM,NSE,STK,23736,INE0STN01015,SILKFLEX,SM,,,,,SILKFLEX POLYMERS INDIA L,90.0,92.1,88.5,88.5,88.5,87.75,,88.5,,,12000,1089100.0,6,F1,2000,,,,,
2025-09-24,2025-09-24,CM,NSE,STK,757679,INE0SN801015,SILKY,SM,,,,,SILKY OVERSEAS LIMITED,121.0,121.0,118.0,121.0,121.0,124.0,,121.0,,,3200,384800.0,4,F1,800,,,,,
2025-09-24,2025-09-24,CM,NSE,STK,19097,INE203Y01012,SILLYMONKS,EQ,,,,,SILLY MONKS ENTERTAIN LTD,16.27,16.9,15.8,16.58,16.69,16.19,,16.58,,,16897,273721.54,79,F1,1,,,,,
2025-09-24,2025-09-24,CM,NSE,STK,9422,INE625X01018,SILVERTUC,EQ,,,,,SILVER TOUCH TECHNO LTD,726.9,744.45,722.85,738.9,740.0,725.9,,738.9,,,7835,5777412.55,410,F1,1,,,,,
2025-09-24,2025-09-24,CM,NSE,STK,14616,INE748T01016,SIMBHALS,BE,,,,,SIMBHAOLI SUGARS LTD.,13.46,14.0,13.3,13.5,13.64,13.52,,13.5,,,18886,255011.35,89,F1,1,,,,,
2025-09-24,2025-09-24,CM,NSE,STK,3162,INE059B01024,SIMPLEXINF,EQ,,,,,SIMPLEX INFRASTRUCTURES L,303.5,311.95,303.5,307.15,307.0,309.55,,307.15,,,29845,9177109.65,871,F1,1,,,,,
2025-09-24,2025-09-24,CM,NSE,STK,23480,INE985A01022,SINCLAIR,EQ,,,,,SINCLAIRS HOTELS LIMITED,103.23,103.51,96.95,97.79,97.5,102.72,,97.85,,,222220,22072618.69,2130,F1,1,,,,,
2025-09-24,2025-09-24,CM,NSE,STK,16859,INE325D01025,SINDHUTRAD,EQ,,,,,SINDHU TRADE LINKS LTD,29.3,29.44,28.01,28.47,28.3,29.26,,28.47,,,1266548,36326850.08,4815,F1,1,,,,,
2025-09-24,2025-09-24,CM,NSE,STK,381,INE129Z01016,SINTERCOM,EQ,,,,,SINTERCOM INDIA LIMITED,121.1,125.0,121.1,121.83,124.38,121.01,,121.83,,,486,59584.31,24,F1,1,,,,,
2025-09-24,2025-09-24,CM,NSE,STK,11050,INE792Z01011,SIRCA,EQ,,,,,SIRCA PAINT INDIA LIMITED,503.05,510.4,500.5,507.55,506.0,501.45,,507.55,,,710715,359542314.7,12480,F1,1,,,,,
2025-09-24,2025-09-24,CM,NSE,STK,21501,INE285J01028,SIS,EQ,,,,,SIS LIMITED,345.9,356.45,334.6,341.7,345.45,345.2,,341.6,,,209808,72229611.2,9471,F1,1,,,,,
2025-09-24,2025-09-24,CM,NSE,STK,29210,INE965H01011,SITINET,BZ,,,,,SITI NETWORKS LIMITED,0.5,0.5,0.48,0.49,0.5,0.49,,0.49,,,367332,181202.91,126,F1,1,,,,,
2025-09-24,2025-09-24,CM,NSE,STK,14096,INE076B01028,SIYSIL,EQ,,,,,SIYARAM SILK MILLS LTD,673.7,677.0,665.0,669.15,671.0,671.0,,669.05,,,15579,10423236.05,1797,F1,1,,,,,
2025-09-24,2025-09-24,CM,NSE,STK,6643,INE284S01014,SJS,EQ,,,,,SJS ENTERPRISES LIMITED,1534.0,1544.7,1502.5,1519.2,1506.0,1531.5,,1518.0,,,80476,122874300.7,7728,F1,1,,,,,
2025-09-24,2025-09-24,CM,NSE,STK,18883,INE002L01015,SJVN,EQ,,,,,SJVN LTD,92.7,93.29,92.25,92.44,92.48,92.7,,92.44,,,2476038,229589325.14,17767,F1,1,,,,,
2025-09-24,2025-09-24,CM,NSE,STK,3186,INE640A01023,SKFINDIA,EQ,,,,,SKF INDIA LTD,4764.0,4777.9,4710.1,4744.0,4744.0,4741.0,,4744.2,,,10005,47421537.0,2353,F1,1,,,,,
2025-09-24,2025-09-24,CM,NSE,STK,9428,INE439E01022,SKIPPER,EQ,,,,,SKIPPER LIMITED,542.05,545.95,534.0,536.3,536.25,542.65,,536.3,,,208846,112250181.4,7317,F1,1,,,,,
2025-09-24,2025-09-24,CM,NSE,STK,10056,INE411D01015,SKMEGGPROD,BE,,,,,SKM EGG PROD-ROLL SETT,322.45,332.8,310.0,319.15,323.0,321.35,,319.3,,,64702,20788760.45,963,F1,1,,,,,
2025-09-24,2025-09-24,CM,NSE,STK,10325,INE0KZA01016,SKP,SM,,,,,SKP BEARING INDUSTRI. LTD,230.0,230.0,224.15,225.25,224.15,234.0,,225.25,,,5500,1247775.0,11,F1,500,,,,,
2025-09-24,2025-09-24,CM,NSE,STK,13631,INE01IU01018,SKYGOLD,EQ,,,,,SKY GOLD AND DIAMONDS LTD,290.95,291.0,280.6,284.85,284.5,290.0,,284.85,,,332463,95155650.9,6966,F1,1,,,,,
2025-09-24,2025-09-24,CM,NSE,STK,23689,INE0SMA01017,SLONE,SM,,,,,SLONE INFOSYSTEMS LIMITED,281.9,286.0,281.9,286.0,286.0,272.75,,286.0,,,4800,1356840.0,4,F1,800,,,,,
2025-09-24,2025-09-24,CM,NSE,STK,757619,INE14GK01016,SMARTEN,SM,,,,,SMARTEN POWER SYSTEMS LTD,94.9,104.8,94.0,96.3,97.35,94.35,,96.3,,,234000,23080020.0,184,F1,1200,,,,,
2025-09-24,2025-09-24,CM,NSE,STK,9889,INE178C01020,SMARTLINK,EQ,,,,,SMARTLINK HOLDINGS LTD,155.18,159.0,155.18,155.89,157.94,156.06,,155.31,,,3011,471080.92,69,F1,1,,,,,
2025-09-24,2025-09-24,CM,NSE,STK,757965,INE0NAZ01010,SMARTWORKS,EQ,,,,,SMARTWORKS COWORKING SP L,560.85,575.0,554.0,569.0,568.0,563.6,,568.95,,,200340,113262402.3,12332,F1,1,,,,,
2025-09-24,2025-09-24,CM,NSE,STK,2320,INE103C01036,SMCGLOBAL,EQ,,,,,SMC GLOBAL SECURITIES LTD,141.99,141.99,140.0,141.19,141.88,140.66,,141.19,,,95053,13427379.92,1374,F1,1,,,,,
2025-09-24,2025-09-24,CM,NSE,STK,3387,INE294B01019,SMLISUZU,EQ,,,,,SML ISUZU LIMITED,3416.1,3486.0,3327.0,3358.1,3327.0,3413.9,,3358.2,,,41775,142183712.7,5727,F1,1,,,,,
2025-09-24,2025-09-24,CM,NSE,STK,21551,INE320X01016,SMSLIFE,EQ,,,,,SMS LIFESCIENCES (I) LTD,1198.7,1228.0,1190.0,1214.9,1222.9,1198.4,,1214.9,,,1091,1312312.2,251,F1,1,,,,,
2025-09-24,2025-09-24,CM,NSE,STK,14329,INE812G01025,SMSPHARMA,EQ,,,,,SMS PHARMACEUTICALS LTD.,288.01,299.0,276.26,279.47,279.0,286.71,,279.47,,,631249,180915386.46,19181,F1,1,,,,,
2025-09-24,2025-09-24,CM,NSE,STK,847,INE702Y01013,SMVD,SM,,,,,SMVD POLY PACK LIMITED,6.4,6.4,6.4,6.4,6.4,7.0,,6.4,,,4040,25856.0,1,F1,4040,,,,,
2025-09-24,2025-09-24,CM,NSE,STK,758946,INE1OIC01018,SNEHAA,SM,,,,,SNEHAA ORGANICS LIMITED,100.75,101.0,92.05,97.8,97.8,100.75,,97.8,,,36000,3466150.0,34,F1,1000,,,,,
2025-09-24,2025-09-24,CM,NSE,STK,4843,INE734N01019,SNOWMAN,EQ,,,,,SNOWMAN LOGISTICS LTD.,56.03,56.7,53.91,54.37,54.32,56.48,,54.37,,,194130,10666266.59,1884,F1,1,,,,,
2025-09-24,2025-09-24,CM,NSE,STK,13826,INE671H01015,SOBHA,EQ,,,,,SOBHA LIMITED,1588.0,1595.5,1558.0,1574.0,1573.0,1578.1,,1574.0,,,109061,171674842.3,11865,F1,1,,,,,
2025-09-24,2025-09-24,CM,NSE,STK,8266,INE728Z01015,SOFTTECH,EQ,,,,,SOFTTECH ENGINEERS LTD,365.0,380.0,359.0,375.35,375.0,370.55,,375.4,,,17763,6538824.8,827,F1,1,,,,,
2025-09-24,2025-09-24,CM,NSE,STK,13332,INE343H01029,SOLARINDS,EQ,,,,,SOLAR INDUSTRIES (I) LTD,14240.0,14284.0,14000.0,14022.0,14003.0,14215.0,,14022.0,,,78632,1109378130.0,23850,F1,1,,,,,
2025-09-24,2025-09-24,CM,NSE,STK,3672,INE624Z01016,SOLARA,EQ,,,,,SOLARA ACTIVE PHA SCI LTD,652.3,657.0,638.5,643.15,645.0,655.9,,643.25,,,89834,57811356.05,6856,F1,1,,,,,
2025-09-24,2025-09-24,CM,NSE,STK,756939,IN9624Z01022,SOLARAPP1,E1,,,,,SOLARA RS. 7 PPD UP,455.2,475.95,455.0,455.8,455.0,457.05,,455.8,,,132,60203.8,14,F1,1,,,,,
2025-09-24,2025-09-24,CM,NSE,STK,1231,INE880Y01017,SOLEX,SM,,,,,SOLEX ENERGY LIMITED,1642.0,1642.0,1550.0,1580.5,1588.9,1616.2,,1580.5,,,25125,39552112.5,166,F1,125,,,,,
2025-09-24,2025-09-24,CM,NSE,STK,24879,INE0U0201016,BALCO,SM,,,,,SOLVE PLASTIC PRODUCTS L,31.0,31.0,31.0,31.0,31.0,31.75,,31.0,,,2400,74400.0,2,F1,1200,,,,,
2025-09-24,2025-09-24,CM,NSE,STK,1338,INE480C01038,SDBL,EQ,,,,,SOM DIST & BREW LTD,141.9,141.9,136.36,136.84,137.0,140.89,,136.86,,,412199,57076910.44,6704,F1,1,,,,,
2025-09-24,2025-09-24,CM,NSE,STK,9104,INE314C01013,SOMATEX,BE,,,,,SOMA TEXTILEI NDUSTRIES L,71.25,72.9,68.5,69.06,68.5,71.73,,69.15,,,26719,1881617.67,255,F1,1,,,,,
2025-09-24,2025-09-24,CM,NSE,STK,3880,INE355A01028,SOMANYCERA,EQ,,,,,SOMANY CERAMICS LIMITED,474.85,474.85,466.0,468.55,469.0,472.95,,468.5,,,22389,10502866.3,1493,F1,1,,,,,
2025-09-24,2025-09-24,CM,NSE,STK,17794,INE323J01019,SOMICONVEY,EQ,,,,,SOMI CONVEYOR BELT. LTD.,139.48,139.75,136.11,138.25,137.01,138.08,,138.24,,,3525,483657.83,170,F1,1,,,,,
2025-09-24,2025-09-24,CM,NSE,STK,4684,INE073K01018,SONACOMS,EQ,,,,,SONA BLW PRECISION FRGS L,422.85,426.25,415.5,416.8,415.7,421.35,,416.8,,,2547455,1074021683.05,33265,F1,1,,,,,
2025-09-24,2025-09-24,CM,NSE,STK,23052,INE0Q6H01012,SONAMAC,SM,,,,,SONA MACHINERY LIMITED,78.35,78.35,74.6,75.0,75.0,77.6,,75.0,,,6000,452650.0,6,F1,1000,,,,,
2025-09-24,2025-09-24,CM,NSE,STK,8806,INE00LM01029,SONAMLTD,EQ,,,,,SONAM LIMITED,46.74,46.74,45.5,46.02,46.5,45.82,,46.02,,,30165,1386698.73,672,F1,1,,,,,
2025-09-24,2025-09-24,CM,NSE,STK,6596,INE269A01021,SONATSOFTW,EQ,,,,,SONATA SOFTWARE LTD,386.05,387.5,372.5,376.85,376.05,386.65,,376.85,,,1052592,397052364.1,30229,F1,1,,,,,
2025-09-24,2025-09-24,CM,NSE,STK,9458,INE0JZA01018,SONUINFRA,SM,,,,,SONU INFRATECH LIMITED,102.1,102.1,101.1,101.6,101.1,106.4,,101.6,,,3000,304800.0,2,F1,1500,,,,,
2025-09-24,2025-09-24,CM,NSE,STK,14993,INE0O2D01012,SOTAC,SM,,,,,SOTAC PHARMACEUTICALS LTD,118.8,118.8,118.8,118.8,118.8,124.4,,118.8,,,1200,142560.0,1,F1,1200,,,,,
2025-09-24,2025-09-24,CM,NSE,STK,9678,INE980Y01015,SOUTHWEST,EQ,,,,,SOUTH WEST PINNACLE LTD,139.0,139.0,132.2,134.19,133.99,138.14,,134.3,,,25467,3453537.19,836,F1,1,,,,,
2025-09-24,2025-09-24,CM,NSE,STK,8521,INE0JW501011,SPRL,SM,,,,,SP REFRACTORIES LIMITED,119.2,119.2,119.2,119.2,119.2,113.55,,119.2,,,800,95360.0,1,F1,800,,,,,
2025-09-24,2025-09-24,CM,NSE,STK,19372,INE970N01027,SPCENET,EQ,,,,,SPACENET ENTERS IND LTD,7.3,7.32,7.1,7.16,7.15,7.18,,7.16,,,142912,1032284.48,396,F1,1,,,,,
2025-09-24,2025-09-24,CM,NSE,STK,758420,IN9572J01019,SSFLPP,E1,,,,,SPANDANA RS.5 PPD UP,125.35,127.0,124.1,126.65,126.9,126.4,,126.65,,,5770,724846.9,72,F1,1,,,,,
2025-09-24,2025-09-24,CM,NSE,STK,11435,INE572J01011,SPANDANA,EQ,,,,,SPANDANA SPHOORTY FIN LTD,255.1,260.98,255.1,258.71,259.45,257.0,,258.8,,,190453,49353288.04,7014,F1,1,,,,,
2025-09-24,2025-09-24,CM,NSE,STK,27107,INE247M01014,SPECIALITY,EQ,,,,,SPECIALITY REST LTD,133.5,134.98,130.97,132.65,134.0,132.67,,132.57,,,14000,1860130.97,506,F1,1,,,,,
2025-09-24,2025-09-24,CM,NSE,STK,30455,INE01EO01010,SPECTRUM,EQ,,,,,SPECTRUM ELECTRIC IND LTD,1400.4,1438.9,1372.4,1425.4,1430.0,1377.3,,1425.3,,,4814,6842783.3,244,F1,1,,,,,
2025-09-24,2025-09-24,CM,NSE,STK,16876,INE0OL001018,SPECTSTM,SM,,,,,SPECTRUM TALENT MGMT LTD,99.65,101.7,98.35,100.0,101.7,102.0,,100.0,,,4000,399480.0,5,F1,800,,,,,
2025-09-24,2025-09-24,CM,NSE,STK,8163,INE020801028,SPENCERS,EQ,,,,,SPENCER S RETAIL LIMITED,56.24,56.39,55.5,55.64,55.55,56.2,,55.64,,,45170,2522459.54,848,F1,1,,,,,
2025-09-24,2025-09-24,CM,NSE,STK,3252,INE147A01011,SPIC,EQ,,,,,SPIC LTD,96.59,99.7,95.0,96.47,96.0,96.6,,96.48,,,2118728,206132516.58,10906,F1,1,,,,,
2025-09-24,2025-09-24,CM,NSE,STK,11935,INE978G01016,SPLIL,EQ,,,,,SPL INDUSTRIES LIMITED,40.0,40.78,38.31,39.36,38.6,40.16,,39.39,,,7286,288564.84,114,F1,1,,,,,
2025-09-24,2025-09-24,CM,NSE,STK,3321,INE937A01023,SPMLINFRA,EQ,,,,,SPML INFRA LIMITED,267.95,269.65,260.0,261.55,260.65,266.75,,261.6,,,296704,78485057.6,5459,F1,1,,,,,
2025-09-24,2025-09-24,CM,NSE,STK,10733,INE885H01029,SPORTKING,EQ,,,,,SPORTKING INDIA LIMITED,109.0,110.99,108.81,109.38,109.5,110.1,,109.38,,,80177,8797911.17,801,F1,1,,,,,
2025-09-24,2025-09-24,CM,NSE,STK,25306,INE0QR801013,SPPPOLY,SM,,,,,SPP POLYMER LIMITED,17.0,17.1,17.0,17.1,17.1,17.05,,17.1,,,14000,238400.0,5,F1,2000,,,,,
2025-09-24,2025-09-24,CM,NSE,STK,757865,INE19QH01010,SPUNWEB,SM,,,,,SPUNWEB NONWOVEN LIMITED,162.0,162.0,157.5,158.5,158.5,157.1,,158.5,,,15600,2476260.0,13,F1,1200,,,,,
2025-09-24,2025-09-24,CM,NSE,STK,14582,INE917H01012,SRHHYPOLTD,EQ,,,,,SREE RAYALSEEMA HHP LTD.,602.8,608.95,599.1,600.45,601.0,605.65,,600.4,,,7912,4774046.2,622,F1,1,,,,,
2025-09-24,2025-09-24,CM,NSE,STK,31837,INE099F01013,SREEL,EQ,,,,,SREELEATHERS LIMITED,238.39,240.89,232.37,233.99,234.78,237.5,,233.99,,,8327,1967933.03,356,F1,1,,,,,
2025-09-24,2025-09-24,CM,NSE,STK,3273,INE647A01010,SRF,EQ,,,,,SRF LTD,2903.1,2916.0,2882.6,2907.1,2912.0,2903.2,,2907.1,,,165782,481512022.6,20922,F1,1,,,,,
2025-09-24,2025-09-24,CM,NSE,STK,18119,INE559N01010,SRGHFL,EQ,,,,,SRG HOUSING FINANCE L,295.0,297.45,290.35,292.95,291.5,291.9,,293.0,,,983,288899.0,52,F1,1,,,,,
2025-09-24,2025-09-24,CM,NSE,STK,23367,INE416A01044,SABTNL,BE,,,,,SRI ADHIKARI BRO TELE N L,961.1,989.9,961.1,963.0,979.8,978.1,,964.3,,,2242,2171263.1,236,F1,1,,,,,
2025-09-24,2025-09-24,CM,NSE,STK,8417,INE293B01029,HAVISHA,BE,,,,,SRI HAVISHA HOSP & INFR L,1.98,2.08,1.94,1.94,1.94,2.05,,1.94,,,88138,171946.32,117,F1,1,,,,,
2025-09-24,2025-09-24,CM,NSE,STK,758145,INE0V9Q01010,LOTUSDEV,EQ,,,,,SRI LOTUS DEVLPRS N RTY L,192.0,200.69,190.0,194.94,194.81,185.39,,194.94,,,14788118,2892705792.05,171619,F1,1,,,,,
2025-09-24,2025-09-24,CM,NSE,STK,18056,INE0ON201012,SSFL,SM,,,,,SRIVARI SPICES N FOODS L,149.05,153.95,149.0,153.95,153.95,150.9,,153.95,,,6000,901000.0,10,F1,500,,,,,
2025-09-24,2025-09-24,CM,NSE,STK,14411,INE0NPI01014,SRIVASAVI,SM,,,,,SRIVASAVI ADHESIVE TAPE L,60.3,60.3,60.3,60.3,60.3,62.6,,60.3,,,1000,60300.0,1,F1,1000,,,,,
2025-09-24,2025-09-24,CM,NSE,STK,23402,INE0R6Z01013,SRM,EQ,,,,,SRM CONTRACTORS LIMITED,546.85,566.0,542.15,558.75,559.7,546.7,,558.75,,,294118,163511482.0,14422,F1,1,,,,,
2025-09-24,2025-09-24,CM,NSE,STK,29204,INE0RYC01010,STALLION,EQ,,,,,STALLION IND FLUOROCHEM L,217.49,218.29,204.42,207.34,207.43,217.37,,207.35,,,1181869,247379955.93,15826,F1,1,,,,,
2025-09-24,2025-09-24,CM,NSE,STK,29075,INE0M4D01010,SGLTL,EQ,,,,,STANDARD GLASS LIN TECH L,189.5,189.5,184.0,184.69,184.01,188.54,,184.69,,,276949,51368917.19,4574,F1,1,,,,,
2025-09-24,2025-09-24,CM,NSE,STK,11297,INE173A01025,SIL,EQ,,,,,STANDARD INDUSTRIES LTD.,19.05,19.49,18.9,19.0,18.98,19.0,,19.01,,,22640,431684.87,387,F1,1,,,,,
2025-09-24,2025-09-24,CM,NSE,STK,24226,INE01A001028,STANLEY,EQ,,,,,STANLEY LIFESTYLES LTD,317.95,317.95,304.0,305.25,305.0,315.45,,305.25,,,42088,13020367.65,2639,F1,1,,,,,
2025-09-24,2025-09-24,CM,NSE,STK,21091,INE460H01021,STARCEMENT,EQ,,,,,STAR CEMENT LIMITED,268.25,272.65,268.25,270.05,270.0,269.65,,270.05,,,232922,63022116.5,7559,F1,1,,,,,
2025-09-24,2025-09-24,CM,NSE,STK,7083,INE575P01011,STARHEALTH,EQ,,,,,STAR HEALTH & AL INS CO L,450.85,460.85,449.0,456.3,455.7,450.85,,456.2,,,637670,291286233.05,13632,F1,1,,,,,
2025-09-24,2025-09-24,CM,NSE,STK,3291,INE733A01018,STARPAPER,EQ,,,,,STAR PAPER MILLS LTD,173.1,174.39,173.1,173.38,173.7,173.9,,173.38,,,3480,604112.91,184,F1,1,,,,,
2025-09-24,2025-09-24,CM,NSE,STK,9305,INE992I01013,STARTECK,EQ,,,,,STARTECK FINANCE LIMITED,320.05,329.6,315.6,322.5,320.0,324.8,,322.2,,,9418,3071603.3,287,F1,1,,,,,
2025-09-24,2025-09-24,CM,NSE,STK,3045,INE062A01020,SBIN,EQ,,,,,STATE BANK OF INDIA,876.0,880.5,864.45,866.2,866.15,870.6,,866.2,,,12840160,11200249246.85,219731,F1,1,,,,,
2025-09-24,2025-09-24,CM,NSE,STK,23256,INE062A01020,SBIN,T0,,,,,STATE BANK OF INDIA,874.95,874.95,862.9,866.2,865.2,870.6,,866.2,,,5,4333.25,5,F1,1,,,,,
2025-09-24,2025-09-24,CM,NSE,STK,2963,INE114A01011,SAIL,EQ,,,,,STEEL AUTHORITY OF INDIA,136.6,138.75,135.95,136.34,136.24,137.3,,136.34,,,14644870,2013490631.84,51420,F1,1,,,,,
2025-09-24,2025-09-24,CM,NSE,STK,10406,INE395H01011,STEELCITY,EQ,,,,,STEEL CITY SECURITIES LTD,104.36,104.36,102.0,102.58,102.5,103.19,,102.58,,,6116,630410.15,153,F1,1,,,,,
2025-09-24,2025-09-24,CM,NSE,STK,21339,INE503B01021,STEELXIND,EQ,,,,,STEEL EXCHANGE INDIA LTD,10.22,10.45,10.08,10.2,10.14,10.25,,10.2,,,1084822,11127797.06,3083,F1,1,,,,,
2025-09-24,2025-09-24,CM,NSE,STK,11829,INE802C01033,SSWL,EQ,,,,,STEEL STRIPS WHEELS LTD.,240.75,244.5,235.55,237.68,238.32,240.75,,237.76,,,133954,32306164.72,4931,F1,1,,,,,
2025-09-24,2025-09-24,CM,NSE,STK,6803,INE124E01038,STEELCAS,EQ,,,,,STEELCAST LIMITED,217.0,221.94,209.46,218.47,219.6,215.91,,218.5,,,175478,37852775.05,6535,F1,1,,,,,
2025-09-24,2025-09-24,CM,NSE,STK,21484,INE577L01016,STEL,EQ,,,,,STEL HOLDINGS LIMITED,479.5,480.0,468.6,474.1,468.75,478.0,,474.3,,,5289,2504171.15,548,F1,1,,,,,
2025-09-24,2025-09-24,CM,NSE,STK,4299,INE334A01023,STERTOOLS,EQ,,,,,STERLING TOOLS LIMITED,327.65,329.4,321.45,322.5,323.45,327.65,,322.55,,,35298,11468722.5,1654,F1,1,,,,,
2025-09-24,2025-09-24,CM,NSE,STK,9309,INE089C01029,STLTECH,EQ,,,,,STERLITE TECHNOLOGIES LTD,124.0,124.99,122.05,123.27,122.33,123.51,,123.21,,,823617,101947226.03,15465,F1,1,,,,,
2025-09-24,2025-09-24,CM,NSE,STK,13367,INE353H01010,SGL,EQ,,,,,STL GLOBAL LIMITED,17.69,17.99,16.2,16.64,16.83,18.11,,16.63,,,178825,3013309.86,1509,F1,1,,,,,
2025-09-24,2025-09-24,CM,NSE,STK,758958,INE1VXE01018,STLNETWORK,EQ,,,,,STL NETWORKS LIMITED,30.84,33.95,30.41,33.04,32.99,30.54,,33.06,,,11350484,366992157.23,26414,F1,1,,,,,
2025-09-24,2025-09-24,CM,NSE,STK,2107,INE00IN01015,STOVEKRAFT,EQ,,,,,STOVE KRAFT LIMITED,711.4,722.6,690.2,700.1,703.0,711.4,,699.95,,,151536,106359053.5,10927,F1,1,,,,,
2025-09-24,2025-09-24,CM,NSE,STK,7374,INE939A01011,STAR,EQ,,,,,STRIDES PHARMA SCI LTD,856.45,856.45,838.5,845.7,844.0,854.1,,845.65,,,136052,114859975.2,11963,F1,1,,,,,
2025-09-24,2025-09-24,CM,NSE,STK,12489,INE00M201021,SWSOLAR,EQ,,,,,STRLNG & WIL REN ENE LTD,260.4,261.0,257.2,258.15,258.7,260.4,,258.15,,,1098233,284474167.0,18689,F1,1,,,,,
2025-09-24,2025-09-24,CM,NSE,STK,758527,INE17VO01028,STUDIOLSD,SM,,,,,STUDIO LSD LIMITED,21.7,21.75,20.45,21.3,21.3,21.85,,21.3,,,78000,1648800.0,39,F1,2000,,,,,
2025-09-24,2025-09-24,CM,NSE,STK,5186,INE239C01020,STYLAMIND,EQ,,,,,STYLAM INDUSTRIES LIMITED,1729.2,1740.0,1705.0,1730.5,1740.0,1729.0,,1730.3,,,22954,39517419.9,3590,F1,1,,,,,
2025-09-24,2025-09-24,CM,NSE,STK,19,INE189B01011,STYRENIX,EQ,,,,,STYRENIX PERFORMANCE LTD,2475.0,2497.3,2440.5,2449.0,2446.1,2485.5,,2448.1,,,30105,74000200.1,3905,F1,1,,,,,
2025-09-24,2025-09-24,CM,NSE,STK,967,INE754A01055,SUBEXLTD,EQ,,,,,SUBEX LTD,12.8,12.8,12.4,12.45,12.51,12.72,,12.45,,,881035,11041975.68,2239,F1,1,,,,,
2025-09-24,2025-09-24,CM,NSE,STK,3324,INE287B01021,SUBROS,EQ,,,,,SUBROS LIMITED,1126.65,1175.0,1102.0,1132.65,1125.0,1128.7,,1132.7,,,708623,808995914.25,40116,F1,1,,,,,
2025-09-24,2025-09-24,CM,NSE,STK,3327,INE659A01023,SUDARSCHEM,EQ,,,,,SUDARSHAN CHEMICAL INDS L,1560.0,1603.0,1507.1,1520.5,1520.0,1523.8,,1520.5,,,863683,1348631284.8,56705,F1,1,,,,,
2025-09-24,2025-09-24,CM,NSE,STK,11804,INE450E01029,SUKHJITS,EQ,,,,,SUKHJIT STARCH & CHEM LTD,169.78,169.99,164.07,165.31,165.0,169.39,,165.31,,,10372,1728304.35,435,F1,1,,,,,
2025-09-24,2025-09-24,CM,NSE,STK,13218,INE142Q01026,SULA,EQ,,,,,SULA VINEYARDS LIMITED,281.35,284.19,275.8,276.78,276.0,281.44,,276.76,,,307735,86060931.61,10149,F1,1,,,,,
2025-09-24,2025-09-24,CM,NSE,STK,20794,INE235C01028,SUMEETINDS,BE,,,,,SUMEET IND LIMITED,153.0,159.14,152.99,159.14,159.14,151.57,,159.14,,,48869,7735889.4,593,F1,1,,,,,
2025-09-24,2025-09-24,CM,NSE,STK,11140,INE748Z01013,SUMIT,EQ,,,,,SUMIT WOODS LIMITED,93.19,93.19,88.52,90.05,89.6,90.16,,90.05,,,8675,781770.52,138,F1,1,,,,,
2025-09-24,2025-09-24,CM,NSE,STK,17105,INE258G01013,SUMICHEM,EQ,,,,,SUMITOMO CHEM INDIA LTD,569.9,569.9,561.0,563.2,562.05,567.2,,563.2,,,131103,73960018.5,6897,F1,1,,,,,
2025-09-24,2025-09-24,CM,NSE,STK,21275,INE519C01017,SUMMITSEC,EQ,,,,,SUMMIT SECURITIES LTD,2199.3,2320.0,2190.2,2262.8,2268.0,2195.0,,2262.7,,,25485,57728258.4,5646,F1,1,,,,,
2025-09-24,2025-09-24,CM,NSE,STK,14788,INE232I01014,SPARC,EQ,,,,,SUN PHARMA ADV.RES.CO.LTD,139.39,139.86,136.57,137.21,137.0,139.39,,137.22,,,212480,29359964.83,5073,F1,1,,,,,
2025-09-24,2025-09-24,CM,NSE,STK,3351,INE044A01036,SUNPHARMA,EQ,,,,,SUN PHARMACEUTICAL IND L,1630.0,1635.9,1625.0,1627.1,1626.8,1631.2,,1627.1,,,1131058,1843562407.6,52593,F1,1,,,,,
2025-09-24,2025-09-24,CM,NSE,STK,13404,INE424H01027,SUNTV,EQ,,,,,SUN TV NETWORK LIMITED,549.9,550.85,542.15,543.05,543.15,548.0,,543.05,,,110957,60516002.85,8013,F1,1,,,,,
2025-09-24,2025-09-24,CM,NSE,STK,4179,INE073D01013,SUNDRMBRAK,EQ,,,,,SUNDARAM BRAK LININGS LTD,774.9,777.4,769.55,773.9,776.0,777.2,,773.9,,,1065,824373.6,87,F1,1,,,,,
2025-09-24,2025-09-24,CM,NSE,STK,20956,INE0Q3R01026,SUNCLAY,EQ,,,,,SUNDARAM CLAYTON LIMITED,1757.0,1762.9,1728.0,1734.6,1731.9,1743.1,,1734.6,,,7390,12863200.3,1270,F1,1,,,,,
2025-09-24,2025-09-24,CM,NSE,STK,2183,INE202Z01029,SUNDARMHLD,EQ,,,,,SUNDARAM FINANCE HOLD LTD,592.3,601.7,581.4,582.95,582.65,590.05,,582.95,,,126777,74673519.85,6542,F1,1,,,,,
2025-09-24,2025-09-24,CM,NSE,STK,3339,INE660A01013,SUNDARMFIN,EQ,,,,,SUNDARAM FINANCE LTD,4623.5,4685.0,4580.9,4644.7,4645.0,4614.0,,4644.7,,,47774,222011455.2,9775,F1,1,,,,,
2025-09-24,2025-09-24,CM,NSE,STK,18931,INE108E01023,SUNDARAM,EQ,,,,,SUNDARAM MULTI PAP LTD,1.98,1.98,1.95,1.95,1.96,1.96,,1.95,,,305292,596700.69,428,F1,1,,,,,
2025-09-24,2025-09-24,CM,NSE,STK,3345,INE387A01021,SUNDRMFAST,EQ,,,,,SUNDRAM FASTENERS LTD,1030.1,1044.7,1019.1,1020.8,1022.0,1030.1,,1020.8,,,98676,101185585.6,13339,F1,1,,,,,
2025-09-24,2025-09-24,CM,NSE,STK,1663,INE209A01019,SUNDROP,EQ,,,,,SUNDROP BRANDS LIMITED,820.4,825.0,810.5,817.4,812.6,818.7,,817.25,,,4295,3498697.2,511,F1,1,,,,,
2025-09-24,2025-09-24,CM,NSE,STK,3348,INE947A01014,SUNFLAG,EQ,,,,,SUNFLAG IRON AND STEEL CO,265.2,273.8,265.2,270.15,270.1,267.65,,270.15,,,293241,79494051.2,6465,F1,1,,,,,
2025-09-24,2025-09-24,CM,NSE,STK,18264,INE0O3O01017,SEL,SM,,,,,SUNGARNER ENERGIES LTD,250.0,253.8,250.0,253.5,253.5,250.0,,253.5,,,1000,252600.0,5,F1,200,,,,,
2025-09-24,2025-09-24,CM,NSE,STK,24868,INE0U2N01013,SUNLITE,SM,,,,,SUNLITE RECYCLING IND LTD,178.05,181.55,178.05,180.75,180.0,186.0,,180.75,,,3600,647520.0,3,F1,1200,,,,,
2025-09-24,2025-09-24,CM,NSE,STK,757763,INE0SGZ01016,SUNTECH,SM,,,,,SUNTECH INFRA SOLUTIONS L,61.5,61.5,61.15,61.25,61.25,61.1,,61.25,,,8000,491040.0,5,F1,1600,,,,,
2025-09-24,2025-09-24,CM,NSE,STK,17641,INE805D01034,SUNTECK,EQ,,,,,SUNTECK REALTY LIMITED,439.2,439.9,426.0,427.55,429.0,439.1,,427.55,,,419286,181786891.75,19322,F1,1,,,,,
2025-09-24,2025-09-24,CM,NSE,STK,3357,INE662A01027,SUPERSPIN,EQ,,,,,SUPER SPINNING MILLS LTD,9.38,9.38,9.03,9.31,9.34,9.31,,9.31,,,12570,117275.6,77,F1,1,,,,,
2025-09-24,2025-09-24,CM,NSE,STK,20616,INE712B01010,SUPERHOUSE,EQ,,,,,SUPERHOUSE LIMITED,175.35,175.5,165.8,167.89,168.5,175.35,,167.94,,,10339,1760511.1,477,F1,1,,,,,
2025-09-24,2025-09-24,CM,NSE,STK,11689,INE399C01030,SUPRAJIT,EQ,,,,,SUPRAJIT ENGINEERING LTD,500.0,517.65,486.0,493.25,499.0,494.0,,493.05,,,793635,398879700.5,41894,F1,1,,,,,
2025-09-24,2025-09-24,CM,NSE,STK,28069,INE0U6N01014,SFML,SM,,,,,SUPREME FACILITY MGMT LTD,40.0,40.0,40.0,40.0,40.0,40.0,,40.0,,,4800,192000.0,3,F1,1600,,,,,
2025-09-24,2025-09-24,CM,NSE,STK,29439,INE822E01011,SUPREME,EQ,,,,,SUPREME HOLDIN N HOSP I L,90.46,91.6,87.05,87.9,87.45,90.46,,87.9,,,131935,11845844.81,1712,F1,1,,,,,
2025-09-24,2025-09-24,CM,NSE,STK,3363,INE195A01028,SUPREMEIND,EQ,,,,,SUPREME INDUSTRIES LTD,4330.0,4382.5,4305.0,4348.9,4338.5,4326.3,,4348.9,,,89655,389422793.8,15404,F1,1,,,,,
2025-09-24,2025-09-24,CM,NSE,STK,13419,INE550H01011,SUPREMEINF,BZ,,,,,SUPREME INFRA. LTD,104.13,112.0,104.13,106.01,107.0,108.31,,106.04,,,15931,1711194.49,50,F1,1,,,,,
2025-09-24,2025-09-24,CM,NSE,STK,9617,INE663A01033,SPLPETRO,EQ,,,,,SUPREME PETROCHEM LIMITED,864.7,868.0,849.8,860.15,852.3,860.2,,860.2,,,52805,45488173.35,4074,F1,1,,,,,
2025-09-24,2025-09-24,CM,NSE,STK,21067,INE0QHG01026,SUPREMEPWR,SM,,,,,SUPREME POWER EQUIPMENT L,228.75,229.85,224.0,225.8,225.8,228.75,,225.8,,,25000,5646650.0,47,F1,500,,,,,
2025-09-24,2025-09-24,CM,NSE,STK,7390,INE07RO01027,SUPRIYA,EQ,,,,,SUPRIYA LIFESCIENCE LTD,736.9,749.1,732.5,741.3,741.0,738.7,,740.55,,,194641,144243768.1,13045,F1,1,,,,,
2025-09-24,2025-09-24,CM,NSE,STK,20822,INE843S01025,SURAJEST,EQ,,,,,SURAJ ESTATE DEVELOPERS L,294.0,296.1,287.3,288.2,287.9,294.25,,288.2,,,270862,78444374.05,4891,F1,1,,,,,
2025-09-24,2025-09-24,CM,NSE,STK,24966,INE713C01016,SURAJLTD,EQ,,,,,SURAJ LIMITED,322.65,324.85,315.05,318.8,315.05,320.0,,318.8,,,2661,854734.8,204,F1,1,,,,,
2025-09-24,2025-09-24,CM,NSE,STK,27334,INE877V01027,SURAKSHA,EQ,,,,,SURAKSHA DIAGNOSTIC LTD,317.35,318.25,308.0,310.1,309.0,317.35,,310.1,,,30329,9433611.7,2239,F1,1,,,,,
2025-09-24,2025-09-24,CM,NSE,STK,21077,INE272L01022,SURANASOL,EQ,,,,,SURANA SOLAR LIMITED,34.9,34.9,33.55,33.69,33.82,34.16,,33.68,,,95396,3246847.38,1221,F1,1,,,,,
2025-09-24,2025-09-24,CM,NSE,STK,10700,INE130B01031,SURANAT&P,EQ,,,,,SURANA TELECOM AND POW LT,23.0,23.29,21.85,22.11,22.1,22.89,,22.12,,,284227,6350453.64,1600,F1,1,,,,,
2025-09-24,2025-09-24,CM,NSE,STK,14139,INE05ST01028,SBGLP,EQ,,,,,SURATWWALA BUS GROUP LTD,33.9,34.8,33.1,34.59,34.51,33.51,,34.57,,,69747,2375712.47,600,F1,1,,,,,
2025-09-24,2025-09-24,CM,NSE,STK,3375,INE335A01020,SURYAROSNI,EQ,,,,,SURYA ROSHNI LTD,284.5,293.0,281.45,290.55,290.0,284.5,,290.55,,,294106,84606830.55,8735,F1,1,,,,,
2025-09-24,2025-09-24,CM,NSE,STK,11852,INE713B01026,SURYALAXMI,EQ,,,,,SURYALAKSHMI COT MIL LTD,66.4,66.6,64.5,65.36,65.2,64.84,,65.41,,,5529,362075.23,113,F1,1,,,,,
2025-09-24,2025-09-24,CM,NSE,STK,2970,INE428Q01011,SURYODAY,EQ,,,,,SURYODAY SMALL FIN BK LTD,134.11,137.45,134.11,136.23,135.52,133.56,,136.24,,,221015,30091804.61,3048,F1,1,,,,,
2025-09-24,2025-09-24,CM,NSE,STK,13801,INE645H01027,SUTLEJTEX,EQ,,,,,SUTLEJ TEXT & INDUS LTD,38.0,38.24,36.48,36.97,37.1,37.14,,36.98,,,30213,1125910.11,875,F1,1,,,,,
2025-09-24,2025-09-24,CM,NSE,STK,11233,INE495B01038,SUVEN,EQ,,,,,SUVEN LIFE SCIENCES LTD,224.0,227.58,220.42,221.81,220.42,224.82,,221.82,,,77530,17304020.74,2118,F1,1,,,,,
2025-09-24,2025-09-24,CM,NSE,STK,3005,INE018401013,SUVIDHAA,BE,,,,,SUVIDHAA INFOSERVE LTD,3.96,4.19,3.96,4.08,4.13,4.11,,4.08,,,137516,565828.75,236,F1,1,,,,,
2025-09-24,2025-09-24,CM,NSE,STK,24851,INE442P01014,SUYOG,EQ,,,,,SUYOG TELEMATICS LIMITED,834.4,874.8,802.3,869.65,873.3,814.9,,869.6,,,87855,75084387.5,5678,F1,1,,,,,
2025-09-24,2025-09-24,CM,NSE,STK,12018,INE040H01021,SUZLON,EQ,,,,,SUZLON ENERGY LIMITED,58.78,58.88,57.36,57.5,57.54,58.75,,57.5,,,36883372,2139411920.16,96011,F1,1,,,,,
2025-09-24,2025-09-24,CM,NSE,STK,5020,INE308E01029,SVPGLOB,EQ,,,,,SVP GLOBAL TEXTILES LTD,3.77,3.77,3.62,3.66,3.71,3.72,,3.76,,,37851,138568.38,131,F1,1,,,,,
2025-09-24,2025-09-24,CM,NSE,STK,27095,INE665A01038,SWANCORP,EQ,,,,,SWAN CORP LIMITED,482.0,492.0,473.0,488.15,489.05,482.0,,488.15,,,1652450,799402752.25,23103,F1,1,,,,,
2025-09-24,2025-09-24,CM,NSE,STK,3384,INE277A01016,SWARAJENG,EQ,,,,,SWARAJ ENGINES LTD,4525.0,4537.2,4186.2,4204.1,4205.0,4497.5,,4204.1,,,52953,227771363.5,11948,F1,1,,,,,
2025-09-24,2025-09-24,CM,NSE,STK,8608,INE0GMR01016,SWARAJ,SM,,,,,SWARAJ SUITING LIMITED,171.0,171.0,164.0,169.95,169.95,170.15,,169.95,,,14500,2446750.0,25,F1,500,,,,,
2025-09-24,2025-09-24,CM,NSE,STK,11492,INE0DGC01025,SWASTIK,SM,,,,,SWASTIK PIPE LIMITED,32.0,32.0,31.65,31.65,31.65,32.8,,31.65,,,3600,114360.0,3,F1,1200,,,,,
2025-09-24,2025-09-24,CM,NSE,STK,11909,INE409B01013,SWELECTES,EQ,,,,,SWELECT ENERGY SYS LTD,929.6,957.0,915.0,934.2,933.0,923.75,,934.2,,,114872,107756289.35,9206,F1,1,,,,,
2025-09-24,2025-09-24,CM,NSE,STK,27066,INE00H001014,SWIGGY,EQ,,,,,SWIGGY LIMITED,458.2,460.9,436.0,438.45,439.0,449.2,,438.45,,,19597212,8693768788.0,145330,F1,1,,,,,
2025-09-24,2025-09-24,CM,NSE,STK,24190,INE225D01027,SYMPHONY,EQ,,,,,SYMPHONY LIMITED,922.25,922.9,915.25,917.8,921.8,922.25,,917.7,,,26145,24010179.45,3806,F1,1,,,,,
2025-09-24,2025-09-24,CM,NSE,STK,11992,INE312C01025,SYNCOMF,EQ,,,,,SYNCOM FORMU (I) LTD,17.34,17.45,17.07,17.16,17.17,17.37,,17.17,,,965663,16682578.31,3111,F1,1,,,,,
2025-09-24,2025-09-24,CM,NSE,STK,5114,INE00QT01015,SGIL,EQ,,,,,SYNERGY GREEN IND. LTD,557.1,561.95,548.0,556.45,557.0,557.1,,556.45,,,15139,8407386.5,877,F1,1,,,,,
2025-09-24,2025-09-24,CM,NSE,STK,10243,INE398R01022,SYNGENE,EQ,,,,,SYNGENE INTERNATIONAL LTD,643.65,645.45,638.55,641.15,640.3,643.65,,641.15,,,509932,327869011.6,9207,F1,1,,,,,
2025-09-24,2025-09-24,CM,NSE,STK,17203,INE0BTR01012,SYNOPTICS,SM,,,,,SYNOPTICS TECHNOLOGIES L,106.7,112.35,106.7,111.0,111.0,107.0,,111.0,,,21600,2399940.0,33,F1,600,,,,,
2025-09-24,2025-09-24,CM,NSE,STK,10793,INE0DYJ01015,SYRMA,EQ,,,,,SYRMA SGS TECHNOLOGY LTD,820.0,866.5,816.0,858.4,863.8,817.9,,858.35,,,3528657,2991681106.1,97933,F1,1,,,,,
2025-09-24,2025-09-24,CM,NSE,STK,14506,INE0O7R01011,SYSTANGO,SM,,,,,SYSTANGO TECHNOLOGIES LTD,230.0,230.0,227.2,228.1,228.1,231.25,,228.1,,,6400,1463940.0,12,F1,400,,,,,
2025-09-24,2025-09-24,CM,NSE,STK,14314,INE592B01024,TTL,EQ,,,,,T T LIMITED,11.07,11.25,10.6,10.62,10.69,11.07,,10.63,,,125277,1350261.43,371,F1,1,,,,,
2025-09-24,2025-09-24,CM,NSE,STK,23441,INE0SOY01013,TAC,ST,,,,,TAC INFOSEC LIMITED,1055.0,1066.5,1047.0,1050.7,1048.0,1052.95,,1050.7,,,10200,10767985.0,85,F1,100,,,,,
2025-09-24,2025-09-24,CM,NSE,STK,3396,INE123C01018,TAINWALCHM,EQ,,,,,TAINWALA CHEMICAL AND PLA,214.95,219.9,213.0,215.64,213.2,214.99,,215.63,,,15898,3432824.66,919,F1,1,,,,,
2025-09-24,2025-09-24,CM,NSE,STK,9354,INE586B01026,TAJGVK,EQ,,,,,TAJ GVK HOTELS & RESORTS,427.55,432.05,421.65,422.4,423.1,428.85,,422.4,,,211052,89931926.8,7155,F1,1,,,,,
2025-09-24,2025-09-24,CM,NSE,STK,14917,INE142I01023,TAKE,EQ,,,,,TAKE SOLUTIONS LTD,10.42,10.88,10.14,10.54,10.61,10.37,,10.56,,,124321,1322697.74,450,F1,1,,,,,
2025-09-24,2025-09-24,CM,NSE,STK,13648,INE187D01029,TALBROAUTO,EQ,,,,,TALBROS AUTO. COMP. LTD,309.3,314.9,303.1,312.35,313.0,310.7,,312.3,,,288278,89414710.7,7277,F1,1,,,,,
2025-09-24,2025-09-24,CM,NSE,STK,10945,INE668A01016,TMB,EQ,,,,,TAMILNAD MERCA BANK LTD,431.15,431.5,425.8,428.4,428.0,430.3,,428.4,,,32524,13947405.2,2889,F1,1,,,,,
2025-09-24,2025-09-24,CM,NSE,STK,3980,INE107A01015,TNPL,EQ,,,,,TAMILNADU NEWSPRT & PAPER,154.62,155.8,153.86,154.75,154.94,154.62,,154.75,,,41412,6405190.24,2484,F1,1,,,,,
2025-09-24,2025-09-24,CM,NSE,STK,5235,INE148A01019,TNPETRO,BE,,,,,TAMILNADU PETROPRODUCTS L,106.45,111.49,106.0,111.49,111.49,106.19,,111.5,,,564246,62438337.86,1899,F1,1,,,,,
2025-09-24,2025-09-24,CM,NSE,STK,9884,INE141D01018,TNTELE,BE,,,,,TAMILNADU TELECOMMUNICATI,12.64,12.64,12.02,12.16,12.21,12.64,,12.14,,,14353,175432.0,113,F1,1,,,,,
2025-09-24,2025-09-24,CM,NSE,STK,756338,INE0Z7N01017,TANKUP,ST,,,,,TANKUP ENGINEERS LIMITED,481.1,481.1,462.35,462.35,462.35,471.75,,462.35,,,6000,2811700.0,6,F1,1000,,,,,
2025-09-24,2025-09-24,CM,NSE,STK,13976,INE483C01032,TANLA,EQ,,,,,TANLA PLATFORMS LIMITED,735.5,755.0,724.2,748.9,747.4,736.45,,748.9,,,1142768,853884327.55,39375,F1,1,,,,,
2025-09-24,2025-09-24,CM,NSE,STK,23512,INE555Z01020,TARACHAND,EQ,,,,,TARA CHAND INFRA SOLN LTD,73.0,73.79,71.29,72.79,72.3,72.98,,72.79,,,165516,12031629.34,4982,F1,1,,,,,
2025-09-24,2025-09-24,CM,NSE,STK,18827,INE747K01017,TARAPUR,EQ,,,,,TARAPUR TRANSFORMERS LTD,26.59,26.59,25.31,25.46,25.31,26.65,,25.46,,,40491,1036762.62,434,F1,1,,,,,
2025-09-24,2025-09-24,CM,NSE,STK,1581,INE0EK901012,TARC,EQ,,,,,TARC LIMITED,170.7,172.6,165.91,166.78,167.25,172.37,,166.79,,,241134,40887736.51,5824,F1,1,,,,,
2025-09-24,2025-09-24,CM,NSE,STK,14771,INE924H01018,TARMAT,EQ,,,,,TARMAT LIMITED,52.49,52.64,50.6,51.2,50.8,52.5,,51.23,,,16475,850712.56,581,F1,1,,,,,
2025-09-24,2025-09-24,CM,NSE,STK,6943,INE144Z01023,TARSONS,EQ,,,,,TARSONS PRODUCTS LIMITED,309.5,314.0,306.0,306.55,307.0,309.5,,306.55,,,47947,14863676.95,1667,F1,1,,,,,
2025-09-24,2025-09-24,CM,NSE,STK,20092,INE488B01017,TASTYBITE,EQ,,,,,TASTY BITE EATABLES LTD,9244.0,9295.0,9201.0,9226.5,9230.0,9243.5,,9213.0,,,597,5514068.5,310,F1,1,,,,,
2025-09-24,2025-09-24,CM,NSE,STK,3405,INE092A01019,TATACHEM,EQ,,,,,TATA CHEMICALS LTD,960.0,971.3,955.5,964.15,965.0,959.9,,964.15,,,375553,362091243.75,15672,F1,1,,,,,
2025-09-24,2025-09-24,CM,NSE,STK,3721,INE151A01013,TATACOMM,EQ,,,,,TATA COMMUNICATIONS LTD,1664.0,1669.8,1647.9,1654.6,1650.0,1655.3,,1654.6,,,125768,208298465.9,10482,F1,1,,,,,
2025-09-24,2025-09-24,CM,NSE,STK,11536,INE467B01029,TCS,EQ,,,,,TATA CONSULTANCY SERV LT,3050.0,3057.0,3033.0,3035.4,3036.8,3062.4,,3035.4,,,1625714,4948746206.6,101133,F1,1,,,,,
2025-09-24,2025-09-24,CM,NSE,STK,3432,INE192A01025,TATACONSUM,EQ,,,,,TATA CONSUMER PRODUCT LTD,1125.0,1147.1,1118.4,1140.1,1137.5,1128.5,,1140.1,,,1100753,1251358527.9,43549,F1,1,,,,,
2025-09-24,2025-09-24,CM,NSE,STK,3411,INE670A01012,TATAELXSI,EQ,,,,,TATA ELXSI LIMITED,5570.0,5581.0,5492.0,5504.5,5500.0,5555.5,,5504.5,,,136459,753027435.5,16084,F1,1,,,,,
2025-09-24,2025-09-24,CM,NSE,STK,1621,INE672A01018,TATAINVEST,EQ,,,,,TATA INVESTMENT CORP LTD,8250.0,9099.5,8201.0,8863.5,8721.0,8138.0,,8862.5,,,3639650,31927723854.5,433750,F1,1,,,,,
2025-09-24,2025-09-24,CM,NSE,STK,3456,INE155A01022,TATAMOTORS,EQ,,,,,TATA MOTORS LIMITED,700.5,703.3,681.3,682.95,683.0,701.35,,682.95,,,13252215,9118412420.7,232509,F1,1,,,,,
2025-09-24,2025-09-24,CM,NSE,STK,3426,INE245A01021,TATAPOWER,EQ,,,,,TATA POWER CO LTD,394.5,396.4,389.2,390.3,389.2,395.5,,390.3,,,3121538,1225456313.0,40335,F1,1,,,,,
2025-09-24,2025-09-24,CM,NSE,STK,3499,INE081A01020,TATASTEEL,EQ,,,,,TATA STEEL LIMITED,173.16,174.44,172.38,172.66,172.7,173.29,,172.66,,,20168891,3497809846.07,169069,F1,1,,,,,
2025-09-24,2025-09-24,CM,NSE,STK,20293,INE142M01025,TATATECH,EQ,,,,,TATA TECHNOLOGIES LIMITED,700.0,700.95,682.35,684.55,684.0,697.8,,684.55,,,808907,558215962.05,28148,F1,1,,,,,
2025-09-24,2025-09-24,CM,NSE,STK,8954,INE517B01013,TTML,EQ,,,,,TATA TELESERV(MAHARASTRA),56.95,57.99,56.21,56.52,56.4,56.89,,56.52,,,912646,52170284.61,5665,F1,1,,,,,
2025-09-24,2025-09-24,CM,NSE,STK,7838,INF277K015R5,NETF,EQ,,,,,TATAAML - NETF,271.08,272.89,269.45,269.72,270.0,271.08,,269.72,,,2510,679457.73,106,F1,1,,,,,
2025-09-24,2025-09-24,CM,NSE,STK,12978,INF277K010X4,NPBET,EQ,,,,,TATAAML - NPBET,277.05,279.0,276.3,277.99,277.99,278.44,,277.99,,,192,53132.03,11,F1,1,,,,,
2025-09-24,2025-09-24,CM,NSE,STK,8882,INF277KA1364,TNIDETF,EQ,,,,,TATAAML - TNIDETF,94.6,95.79,93.08,93.24,94.05,94.12,,93.24,,,63679,5953831.69,594,F1,1,,,,,
2025-09-24,2025-09-24,CM,NSE,STK,21401,INF277KA1976,TATAGOLD,EQ,,,,,TATAAML-TATAGOLD,10.9,11.55,10.9,11.11,11.12,11.18,,11.11,,,56667402,631100125.8,82234,F1,1,,,,,
2025-09-24,2025-09-24,CM,NSE,STK,21428,INF277KA1984,TATSILV,EQ,,,,,TATAAML-TATSILV,13.49,13.49,13.14,13.18,13.22,13.17,,13.18,,,17882958,235788702.13,26235,F1,1,,,,,
2025-09-24,2025-09-24,CM,NSE,STK,5162,INE0GK401011,TATVA,EQ,,,,,TATVA CHIN PHARM CHEM LTD,1094.4,1103.9,1070.4,1077.1,1073.5,1093.0,,1077.2,,,23618,25636385.6,3530,F1,1,,,,,
2025-09-24,2025-09-24,CM,NSE,STK,759759,INE0XWS01018,TAURIAN,ST,,,,,TAURIAN MPS LIMITED,295.35,295.35,295.35,295.35,295.35,281.3,,295.35,,,8000,2362800.0,4,F1,800,,,,,
2025-09-24,2025-09-24,CM,NSE,STK,15134,INE053F07892,729IRFC26,NN,,,,,TAX FREE  7.29% SR. 107A,1068.0,1068.0,1068.0,1068.0,1068.0,1068.0,,1068.0,,,200,213600.0,1,F1,1,,,,,
2025-09-24,2025-09-24,CM,NSE,STK,11754,INE053F07835,753IRFC30,NJ,,,,,TAX FREE  7.53% SR. 103 A,1156.99,1156.99,1156.99,1156.99,1156.99,1157.0,,1156.99,,,1,1156.99,1,F1,1,,,,,
2025-09-24,2025-09-24,CM,NSE,STK,15168,INE053F07900,764IRFC31,NO,,,,,TAX FREE  7.64% SR. 108A,1164.35,1164.35,1162.5,1162.5,1162.5,1168.97,,1163.0,,,468,544294.15,5,F1,1,,,,,
2025-09-24,2025-09-24,CM,NSE,STK,14529,INE906B07EP5,769NHAI31,NE,,,,,TAX FREE 7.69% SR. IIB,1095.5,1095.5,1090.1,1092.99,1093.0,1095.5,,1092.99,,,1976,2156865.75,32,F1,1,,,,,
2025-09-24,2025-09-24,CM,NSE,STK,11952,INE906B07EH2,739NHAI26,N8,,,,,TAX FREE7.39% SR.IB,1033.3,1033.3,1033.25,1033.25,1033.25,1033.61,,1033.25,,,120,123990.61,4,F1,1,,,,,
2025-09-24,2025-09-24,CM,NSE,STK,11757,INE053F07843,750IRFC35,NK,,,,,TAX FREE7.50% SR.104 A,1220.1,1220.1,1220.1,1220.1,1220.1,1269.9,,1220.1,,,100,122010.0,1,F1,1,,,,,
2025-09-24,2025-09-24,CM,NSE,STK,12003,INE906B07EJ8,76NHAI31,,,,,,TAX FREE7.60% SR.IIB,1126.0,1126.01,1126.0,1126.01,1126.01,1125.44,,1126.01,,,133,149759.0,2,F1,1,,,,,
2025-09-24,2025-09-24,CM,NSE,STK,29111,INE020B07GX4,738REC27TF,N2,,,,,TAXFREE SEC NCD TR1 S2,1093.65,1093.65,1093.65,1093.65,1093.65,1093.48,,1093.65,,,10,10936.5,1,F1,1,,,,,
2025-09-24,2025-09-24,CM,NSE,STK,24019,INE0N2D01013,TBI,SM,,,,,TBI CORN LIMITED,100.5,100.5,94.0,96.0,96.0,98.45,,96.0,,,19200,1824090.0,30,F1,600,,,,,
2025-09-24,2025-09-24,CM,NSE,STK,23740,INE673O01025,TBOTEK,EQ,,,,,TBO TEK LIMITED,1596.0,1598.9,1573.8,1585.3,1586.4,1599.0,,1585.2,,,34526,54734225.5,3820,F1,1,,,,,
2025-09-24,2025-09-24,CM,NSE,STK,19223,INE586V01016,TCIEXP,EQ,,,,,TCI EXPRESS LIMITED,764.0,780.0,749.1,755.8,749.1,761.1,,755.9,,,80920,61896150.0,5769,F1,1,,,,,
2025-09-24,2025-09-24,CM,NSE,STK,4771,INE911B01018,TCIFINANCE,EQ,,,,,TCI FINANCE LTD,13.01,13.01,12.53,12.75,12.72,12.75,,12.75,,,6734,85905.1,172,F1,1,,,,,
2025-09-24,2025-09-24,CM,NSE,STK,184,INE822C01015,TCPLPACK,EQ,,,,,TCPL PACKAGING LIMITED,3400.0,3410.2,3335.4,3391.9,3382.1,3404.5,,3394.2,,,3135,10558287.2,1171,F1,1,,,,,
2025-09-24,2025-09-24,CM,NSE,STK,25178,INE419M01027,TDPOWERSYS,EQ,,,,,TD POWER SYSTEMS LTD.,553.05,577.9,543.05,574.15,572.1,553.15,,574.15,,,1330146,750959102.4,43636,F1,1,,,,,
2025-09-24,2025-09-24,CM,NSE,STK,11217,INE289C01025,TEAMGTY,BE,,,,,TEAM INDIA GUARANTY LTD,255.95,266.1,251.0,265.3,266.0,253.45,,264.55,,,5629,1487885.85,95,F1,1,,,,,
2025-09-24,2025-09-24,CM,NSE,STK,12716,INE985S01024,TEAMLEASE,EQ,,,,,TEAMLEASE SERVICES LTD.,1868.7,1876.1,1825.1,1841.4,1833.3,1868.7,,1841.1,,,15729,29145920.5,2501,F1,1,,,,,
2025-09-24,2025-09-24,CM,NSE,STK,16996,INE065J01024,TPHQ,EQ,,,,,TEAMO PRODUCTIONS HQ LTD,0.72,0.74,0.72,0.72,0.73,0.72,,0.72,,,1062421,769901.32,690,F1,1,,,,,
2025-09-24,2025-09-24,CM,NSE,STK,13538,INE669C01036,TECHM,EQ,,,,,TECH MAHINDRA LIMITED,1470.0,1470.0,1439.0,1452.4,1453.6,1471.9,,1452.4,,,2122106,3078763880.4,80876,F1,1,,,,,
2025-09-24,2025-09-24,CM,NSE,STK,759141,INE0Y5H01014,TECHD,ST,,,,,TECHD CYBERSECURITY LTD,424.45,424.45,424.45,424.45,424.45,404.25,,424.45,,,58800,24957660.0,59,F1,600,,,,,
2025-09-24,2025-09-24,CM,NSE,STK,25652,INE0JQS01019,TECHERA,SM,,,,,TECHERA ENGINEER (IND) L,210.2,221.2,210.2,221.2,221.2,210.7,,221.2,,,132800,29115040.0,129,F1,800,,,,,
2025-09-24,2025-09-24,CM,NSE,STK,6445,INE285K01026,TECHNOE,EQ,,,,,TECHNO ELEC & ENG CO. LTD,1409.9,1411.7,1372.9,1376.9,1374.8,1403.7,,1376.9,,,146218,203317215.2,12422,F1,1,,,,,
2025-09-24,2025-09-24,CM,NSE,STK,14223,INE545H01011,TIIL,EQ,,,,,TECHNOCRAFT IND LTD,2476.1,2476.1,2410.0,2420.0,2410.2,2466.2,,2420.4,,,7848,19162759.1,1506,F1,1,,,,,
2025-09-24,2025-09-24,CM,NSE,STK,14739,INE014B01011,TECILCHEM,BE,,,,,TECIL CHEMICALS,19.35,19.35,19.35,19.35,19.35,19.75,,19.35,,,250,4837.5,2,F1,1,,,,,
2025-09-24,2025-09-24,CM,NSE,STK,23526,INE0K6601012,TGL,SM,,,,,TEERTH GOPICON LIMITED,60.25,60.25,60.25,60.25,60.25,57.4,,60.25,,,2400,144600.0,6,F1,200,,,,,
2025-09-24,2025-09-24,CM,NSE,STK,7105,INE011K01018,TEGA,EQ,,,,,TEGA INDUSTRIES LIMITED,1925.0,1953.9,1902.6,1909.4,1906.1,1913.6,,1909.4,,,349127,673124442.6,14143,F1,1,,,,,
2025-09-24,2025-09-24,CM,NSE,STK,29726,INE17WC01013,TEJASCARGO,ST,,,,,TEJAS CARGO INDIA LIMITED,300.0,300.0,300.0,300.0,300.0,301.95,,300.0,,,800,240000.0,1,F1,800,,,,,
2025-09-24,2025-09-24,CM,NSE,STK,21131,INE010J01012,TEJASNET,EQ,,,,,TEJAS NETWORKS LIMITED,598.0,603.0,587.5,589.15,590.15,596.6,,589.1,,,344528,204770461.3,13610,F1,1,,,,,
2025-09-24,2025-09-24,CM,NSE,STK,3275,INE869Y01010,TEMBO,EQ,,,,,TEMBO GLOBAL IND LTD,601.0,601.95,588.55,595.55,597.0,590.65,,595.55,,,38623,23024284.4,1063,F1,1,,,,,
2025-09-24,2025-09-24,CM,NSE,STK,19296,INE482B01010,TERASOFT,BE,,,,,TERA SOFTWARE LIMITED,451.35,451.35,451.35,451.35,451.35,460.55,,449.65,,,1067,481590.45,50,F1,1,,,,,
2025-09-24,2025-09-24,CM,NSE,STK,11549,INE435C01024,TEXINFRA,EQ,,,,,TEXMACO INFRA & HOLDG LTD,94.64,95.02,93.7,94.46,94.18,94.64,,94.5,,,48007,4522025.55,939,F1,1,,,,,
2025-09-24,2025-09-24,CM,NSE,STK,21828,INE621L01012,TEXRAIL,EQ,,,,,TEXMACO RAIL & ENG. LTD.,144.5,144.5,142.01,142.53,142.59,144.95,,142.53,,,1049161,150023086.78,10806,F1,1,,,,,
2025-09-24,2025-09-24,CM,NSE,STK,18214,INE141K01013,TEXMOPIPES,EQ,,,,,TEXMO PIPE & PRODUCTS LTD,57.97,57.98,57.5,57.57,57.55,57.74,,57.57,,,13249,763386.45,205,F1,1,,,,,
2025-09-24,2025-09-24,CM,NSE,STK,10749,INE733E07JV4,753NTPC30E,NC,,,,,TFB 7.53% 2030 SR. 2B,1080.0,1083.0,1080.0,1083.0,1083.0,1134.99,,1083.0,,,10,10815.0,2,F1,1,,,,,
2025-09-24,2025-09-24,CM,NSE,STK,14607,INE797H01018,TGBHOTELS,EQ,,,,,TGB BANQUETS&HOTELS LTD,12.17,13.4,12.17,12.39,12.49,12.56,,12.4,,,39450,504467.1,526,F1,1,,,,,
2025-09-24,2025-09-24,CM,NSE,STK,22777,INE0QJL01014,TCL,SM,,,,,THAAI CASTING LIMITED,125.0,125.0,118.0,118.05,118.05,128.0,,118.05,,,16000,1967160.0,15,F1,800,,,,,
2025-09-24,2025-09-24,CM,NSE,STK,18118,INE085J01014,THANGAMAYL,EQ,,,,,THANGAMAYIL JEWELLERY LTD,2054.7,2074.9,2042.1,2053.6,2054.0,2065.5,,2053.7,,,56455,115570839.1,2305,F1,1,,,,,
2025-09-24,2025-09-24,CM,NSE,STK,9014,INE294Z01018,ANUP,EQ,,,,,THE ANUP ENGINEERING LTD,2450.0,2525.9,2370.1,2412.8,2429.0,2446.6,,2413.0,,,40074,96525751.1,10733,F1,1,,,,,
2025-09-24,2025-09-24,CM,NSE,STK,7919,INE319B01014,BYKE,EQ,,,,,THE BYKE HOSPITALITY LTD,70.0,70.17,67.5,67.62,67.5,69.27,,67.63,,,53088,3644936.83,1211,F1,1,,,,,
2025-09-24,2025-09-24,CM,NSE,STK,13776,INE017A01032,GESHIP,EQ,,,,,THE GE SHPG.LTD,1048.55,1055.5,1016.05,1028.95,1030.0,1042.0,,1028.95,,,461231,475653342.15,33583,F1,1,,,,,
2025-09-24,2025-09-24,CM,NSE,STK,17770,INE646C01018,GROBTEA,EQ,,,,,THE GROB TEA COMPANY LTD,1072.0,1137.9,1060.0,1107.5,1117.8,1082.1,,1107.5,,,2204,2448313.9,326,F1,1,,,,,
2025-09-24,2025-09-24,CM,NSE,STK,8568,INE127B01011,HITECHGEAR,BE,,,,,THE HI-TECH GEARS LIMITED,770.05,785.1,755.0,766.0,760.2,775.9,,766.0,,,2307,1770366.8,141,F1,1,,,,,
2025-09-24,2025-09-24,CM,NSE,STK,1515,INE383A01012,INDIACEM,EQ,,,,,THE INDIA CEMENTS LIMITED,379.2,390.55,378.8,386.5,384.7,381.7,,386.5,,,312338,120120513.55,10743,F1,1,,,,,
2025-09-24,2025-09-24,CM,NSE,STK,1512,INE053A01029,INDHOTEL,EQ,,,,,THE INDIAN HOTELS CO. LTD,752.0,756.7,744.5,746.0,744.5,752.0,,746.0,,,2452434,1840108905.3,59366,F1,1,,,,,
2025-09-24,2025-09-24,CM,NSE,STK,21427,INE924D01017,THEINVEST,EQ,,,,,THE INVEST TRUST OF IND L,152.85,158.35,152.85,156.51,157.0,153.04,,156.51,,,12564,1965883.89,319,F1,1,,,,,
2025-09-24,2025-09-24,CM,NSE,STK,399,INE470Y01017,NIACL,EQ,,,,,THE NEW INDIA ASSU CO LTD,196.2,198.53,194.6,195.83,195.48,196.14,,195.84,,,412225,80818633.76,7073,F1,1,,,,,
2025-09-24,2025-09-24,CM,NSE,STK,10318,INE431F01018,PKTEA,BE,,,,,THE P K TEA PROD CO LTD,873.7,873.7,873.7,873.7,873.7,832.1,,873.7,,,1496,1307055.2,70,F1,1,,,,,
2025-09-24,2025-09-24,CM,NSE,STK,14552,INE211B01039,PHOENIXLTD,EQ,,,,,THE PHOENIX MILLS LTD,1620.0,1620.0,1570.9,1577.7,1588.0,1626.5,,1577.7,,,696192,1110108160.7,27910,F1,1,,,,,
2025-09-24,2025-09-24,CM,NSE,STK,2043,INE331A01037,RAMCOCEM,EQ,,,,,THE RAMCO CEMENTS LIMITED,1045.0,1052.9,1031.3,1040.0,1038.0,1045.0,,1040.0,,,100645,104975236.2,6153,F1,1,,,,,
2025-09-24,2025-09-24,CM,NSE,STK,2939,INE301D01026,RUBYMILLS,EQ,,,,,THE RUBY MILLS LTD,232.89,235.9,228.3,229.8,229.65,232.37,,229.84,,,17482,4044518.53,939,F1,1,,,,,
2025-09-24,2025-09-24,CM,NSE,STK,5948,INE683A01023,SOUTHBANK,EQ,,,,,THE SOUTH INDIAN BANK LTD,30.11,30.25,29.81,29.88,29.99,29.96,,29.88,,,8512757,255114920.37,20782,F1,1,,,,,
2025-09-24,2025-09-24,CM,NSE,STK,10948,INE655A01013,STCINDIA,EQ,,,,,THE STATE TRADING CORPN,132.05,134.64,128.11,129.12,128.25,132.71,,129.13,,,60366,7940428.5,1421,F1,1,,,,,
2025-09-24,2025-09-24,CM,NSE,STK,19578,INE071E01023,UGARSUGAR,EQ,,,,,THE UGAR SUGAR WORKS LTD,44.4,44.42,42.85,43.01,43.0,43.82,,43.01,,,165965,7224360.93,1111,F1,1,,,,,
2025-09-24,2025-09-24,CM,NSE,STK,20481,INE215F01023,WIPL,EQ,,,,,THE WESTERN INDIA PLY LTD,172.0,175.0,167.15,168.7,167.71,173.47,,168.7,,,4796,819870.56,89,F1,1,,,,,
2025-09-24,2025-09-24,CM,NSE,STK,19279,INE121N01019,THEJO,EQ,,,,,THEJO ENGINEERING LIMITED,1874.2,1899.0,1867.1,1872.6,1880.0,1874.1,,1872.6,,,1369,2574418.1,296,F1,1,,,,,
2025-09-24,2025-09-24,CM,NSE,STK,14485,INE083B01024,THEMISMED,EQ,,,,,THEMIS MEDICARE LTD.,137.1,144.0,137.1,141.69,142.1,134.8,,141.69,,,679684,95796308.65,11576,F1,1,,,,,
2025-09-24,2025-09-24,CM,NSE,STK,3475,INE152A01029,THERMAX,EQ,,,,,THERMAX LTD,3375.0,3375.0,3307.3,3317.2,3318.9,3358.8,,3317.2,,,64268,214928160.5,9171,F1,1,,,,,
2025-09-24,2025-09-24,CM,NSE,STK,25648,INE0SHE01019,THESL,SM,,,,,THINKING HATS ENTER SOL L,31.5,31.5,30.95,30.95,30.95,32.55,,30.95,,,9000,280200.0,3,F1,3000,,,,,
2025-09-24,2025-09-24,CM,NSE,STK,3496,INE338A01024,TIRUMALCHM,EQ,,,,,THIRUMALAI CHEMICALS LTD,314.0,317.45,304.55,306.2,306.45,315.45,,306.2,,,188032,58266501.05,6877,F1,1,,,,,
2025-09-24,2025-09-24,CM,NSE,STK,3481,INE332A01027,THOMASCOOK,EQ,,,,,THOMAS COOK (INDIA) LTD,166.3,168.99,165.4,166.91,166.21,166.38,,166.9,,,426064,71272303.41,10732,F1,1,,,,,
2025-09-24,2025-09-24,CM,NSE,STK,31017,INE480M01011,THOMASCOTT,EQ,,,,,THOMAS SCOTT (INDIA) LTD,379.65,384.0,361.2,363.25,365.0,379.6,,363.25,,,22520,8324189.7,1294,F1,1,,,,,
2025-09-24,2025-09-24,CM,NSE,STK,17032,INE594H01019,THYROCARE,EQ,,,,,THYROCARE TECH LTD,1220.0,1220.0,1192.5,1206.3,1211.9,1200.2,,1206.2,,,41280,49703818.6,6279,F1,1,,,,,
2025-09-24,2025-09-24,CM,NSE,STK,759176,INE906O01029,TIGERLOGS,EQ,,,,,TIGER LOGISTICS (INDIA) L,51.51,51.51,49.97,50.19,50.3,52.04,,50.15,,,217844,11024951.44,2636,F1,1,,,,,
2025-09-24,2025-09-24,CM,NSE,STK,25482,INE440L01017,TIJARIA,EQ,,,,,TIJARIA POLYPIPES LTD,6.4,6.4,6.18,6.26,6.3,6.28,,6.28,,,20339,127162.41,85,F1,1,,,,,
2025-09-24,2025-09-24,CM,NSE,STK,3484,INE806C01018,TIL,EQ,,,,,TIL LTD,316.3,329.8,315.5,320.65,326.1,319.6,,320.55,,,20274,6535219.35,664,F1,1,,,,,
2025-09-24,2025-09-24,CM,NSE,STK,19196,INE133E01013,TI,EQ,,,,,TILAKNAGAR INDUSTRIES LTD,458.0,463.2,452.0,462.2,461.7,455.75,,462.2,,,686906,314538036.9,17007,F1,1,,,,,
2025-09-24,2025-09-24,CM,NSE,STK,14707,INE508G01029,TIMETECHNO,EQ,,,,,TIME TECHNOPLAST LTD.,226.9,231.4,214.1,219.0,218.4,226.75,,219.1,,,1246110,278897165.4,16185,F1,1,,,,,
2025-09-24,2025-09-24,CM,NSE,STK,7806,INE0IJY01014,TIMESCAN,ST,,,,,TIMESCAN LOGISTICS IND L,52.4,52.4,49.75,49.75,49.75,52.35,,49.75,,,26000,1320200.0,11,F1,2000,,,,,
2025-09-24,2025-09-24,CM,NSE,STK,14198,INE325A01013,TIMKEN,EQ,,,,,TIMKEN INDIA LTD.,3032.9,3039.0,2991.2,3020.0,3006.0,3046.1,,3019.7,,,28283,85251981.3,7146,F1,1,,,,,
2025-09-24,2025-09-24,CM,NSE,STK,756020,INE015C01016,TINNARUBR,EQ,,,,,TINNA RUBBER AND INFR LTD,999.0,1006.4,970.15,980.85,982.0,984.7,,980.4,,,180807,178351475.75,13428,F1,1,,,,,
2025-09-24,2025-09-24,CM,NSE,STK,11374,INE0LQS01015,TIPSFILMS,EQ,,,,,TIPS FILMS LIMITED,459.0,460.5,442.5,444.0,442.55,458.05,,444.05,,,4330,1937237.75,585,F1,1,,,,,
2025-09-24,2025-09-24,CM,NSE,STK,9117,INE716B01029,TIPSMUSIC,EQ,,,,,TIPS MUSIC LIMITED,586.7,590.0,573.0,582.55,581.1,587.85,,582.55,,,249772,144867897.9,32058,F1,1,,,,,
2025-09-24,2025-09-24,CM,NSE,STK,22282,INE319Y01024,TIRUPATIFL,EQ,,,,,TIRUPATI FORGE LIMITED,36.55,37.8,36.55,36.83,36.95,37.52,,36.83,,,97750,3631138.78,881,F1,1,,,,,
2025-09-24,2025-09-24,CM,NSE,STK,15414,INE615H01020,TITAGARH,EQ,,,,,TITAGARH RAIL SYSTEMS LTD,921.1,925.65,894.3,897.2,899.0,921.1,,897.2,,,799156,725632376.65,22206,F1,1,,,,,
2025-09-24,2025-09-24,CM,NSE,STK,3506,INE280A01028,TITAN,EQ,,,,,TITAN COMPANY LIMITED,3430.0,3437.4,3411.0,3418.3,3411.0,3439.2,,3418.3,,,690454,2363001895.5,50758,F1,1,,,,,
2025-09-24,2025-09-24,CM,NSE,STK,3837,INE932C01012,TOKYOPLAST,EQ,,,,,TOKYO PLAST INTL LTD,130.66,131.99,127.46,127.53,127.46,128.56,,127.53,,,2582,330924.07,99,F1,1,,,,,
2025-09-24,2025-09-24,CM,NSE,STK,25262,INE0RWQ01014,TOLINS,EQ,,,,,TOLINS TYRES LIMITED,190.0,201.0,187.98,195.64,194.7,188.35,,195.67,,,2185242,428723154.43,25027,F1,1,,,,,
2025-09-24,2025-09-24,CM,NSE,STK,3518,INE685A01028,TORNTPHARM,EQ,,,,,TORRENT PHARMACEUTICALS L,3670.0,3680.0,3606.2,3614.6,3619.7,3651.5,,3614.6,,,135283,490734793.4,30731,F1,1,,,,,
2025-09-24,2025-09-24,CM,NSE,STK,13786,INE813H01021,TORNTPOWER,EQ,,,,,TORRENT POWER LTD,1287.1,1289.5,1260.6,1264.3,1266.0,1279.3,,1264.3,,,485234,617387036.9,20831,F1,1,,,,,
2025-09-24,2025-09-24,CM,NSE,STK,22423,INE336X01012,TOTAL,EQ,,,,,TOTAL TRANSPORT SYS LTD,71.0,72.43,71.0,71.26,71.0,72.77,,71.26,,,1902,135469.61,55,F1,1,,,,,
2025-09-24,2025-09-24,CM,NSE,STK,16908,INE486Y01013,TOUCHWOOD,EQ,,,,,TOUCHWOOD ENTERTAIN LTD.,114.0,114.0,108.11,109.28,108.21,111.78,,109.28,,,5925,656878.64,228,F1,1,,,,,
2025-09-24,2025-09-24,CM,NSE,STK,3466,INE305A01023,TFCILTD,EQ,,,,,TOURISM FINANCE CORP. OF,72.8,72.95,72.4,72.9,72.9,72.8,,72.9,,,9002301,655663300.75,4580,F1,1,,,,,
2025-09-24,2025-09-24,CM,NSE,STK,9219,INE413G01022,TPLPLASTEH,EQ,,,,,TPL PLASTECH LIMITED,76.49,76.49,74.0,74.01,74.03,75.04,,74.01,,,16389,1223052.46,535,F1,1,,,,,
2025-09-24,2025-09-24,CM,NSE,STK,11582,INE0HMF01019,TRACXN,EQ,,,,,TRACXN TECHNOLOGIES LTD,50.25,51.9,50.25,51.2,51.5,50.79,,51.19,,,274618,13967271.83,2312,F1,1,,,,,
2025-09-24,2025-09-24,CM,NSE,STK,15174,INE763I01026,TARIL,EQ,,,,,TRANS & RECTI. LTD,537.7,538.4,521.0,524.2,524.55,536.25,,524.2,,,549120,289548181.05,22019,F1,1,,,,,
2025-09-24,2025-09-24,CM,NSE,STK,17795,INE0O3901029,TREL,EQ,,,,,TRANSINDIA REAL ESTATE L,32.22,32.49,32.0,32.12,32.29,32.5,,32.12,,,80380,2592606.53,597,F1,1,,,,,
2025-09-24,2025-09-24,CM,NSE,STK,10580,INE688A01022,TCI,EQ,,,,,TRANSPORT CORPN OF INDIA,1207.3,1217.7,1190.9,1202.7,1197.0,1201.0,,1202.6,,,41479,49892325.2,5541,F1,1,,,,,
2025-09-24,2025-09-24,CM,NSE,STK,28714,INE454P01035,TRANSRAILL,EQ,,,,,TRANSRAIL LIGHTING LTD,765.5,771.7,759.9,762.25,762.85,766.8,,762.2,,,773281,591307454.0,20868,F1,1,,,,,
2025-09-24,2025-09-24,CM,NSE,STK,19801,INE0NVI01020,TRANSTEEL,SM,,,,,TRANSTEEL SEATING TECH L,128.5,128.6,123.0,124.2,123.0,127.95,,124.2,,,44000,5530600.0,19,F1,2000,,,,,
2025-09-24,2025-09-24,CM,NSE,STK,14319,INE804H01012,TFL,EQ,,,,,TRANSWARRANTY FIN. LTD.,15.83,15.99,15.05,15.15,15.05,15.83,,15.19,,,4838,74275.66,88,F1,1,,,,,
2025-09-24,2025-09-24,CM,NSE,STK,3129,INE757B01015,TRANSWORLD,EQ,,,,,TRANSWORLD SHIP LINES LTD,259.6,270.99,259.6,269.53,270.9,260.81,,269.33,,,33356,8918743.05,1254,F1,1,,,,,
2025-09-24,2025-09-24,CM,NSE,STK,757545,INE103V01028,TRAVELFOOD,EQ,,,,,TRAVEL FOOD SERVICES LTD,1332.9,1352.0,1313.1,1345.4,1345.0,1332.8,,1345.4,,,104590,140233848.6,9327,F1,1,,,,,
2025-09-24,2025-09-24,CM,NSE,STK,25082,INE040M01013,TREEHOUSE,EQ,,,,,TREE HOUSE EDU LTD,7.89,8.27,7.74,7.93,7.75,7.88,,7.93,,,42475,341024.51,127,F1,1,,,,,
2025-09-24,2025-09-24,CM,NSE,STK,7518,INE00CA01015,TREJHARA,EQ,,,,,TREJHARA SOLUTIONS LTD,196.69,196.69,190.0,190.78,190.95,193.34,,190.78,,,5732,1101555.39,291,F1,1,,,,,
2025-09-24,2025-09-24,CM,NSE,STK,1964,INE849A01020,TRENT,EQ,,,,,TRENT LTD,4938.0,4963.5,4879.5,4897.0,4892.0,4891.0,,4897.0,,,941080,4630261323.0,84963,F1,1,,,,,
2025-09-24,2025-09-24,CM,NSE,STK,17987,INE391D01019,TRF,EQ,,,,,TRF LIMITED,360.0,376.5,358.25,371.25,366.4,359.5,,371.65,,,79573,29361331.45,4162,F1,1,,,,,
2025-09-24,2025-09-24,CM,NSE,STK,27037,INE760L01018,TBZ,EQ,,,,,TRIB BHIMJI ZAVERI LTD,190.45,191.58,185.0,185.84,185.9,190.25,,185.79,,,160428,30192217.22,2919,F1,1,,,,,
2025-09-24,2025-09-24,CM,NSE,STK,9685,INE064C01022,TRIDENT,EQ,,,,,TRIDENT LIMITED,29.8,29.96,29.5,29.56,29.53,29.86,,29.56,,,4106405,122020468.76,11661,F1,1,,,,,
2025-09-24,2025-09-24,CM,NSE,STK,21078,INE0QD201012,TECHLABS,SM,,,,,TRIDENT TECHLABS LIMITED,509.9,523.15,509.9,523.15,523.15,498.25,,523.15,,,22250,11629168.75,75,F1,125,,,,,
2025-09-24,2025-09-24,CM,NSE,STK,17210,INE0LWY01029,TRIDHYA,SM,,,,,TRIDHYA TECH LIMITED,16.25,17.75,16.25,17.0,17.0,17.9,,17.0,,,21000,359550.0,7,F1,3000,,,,,
2025-09-24,2025-09-24,CM,NSE,STK,5428,INE948A01012,TRIGYN,EQ,,,,,TRIGYN TECHNOLOGIES LTD,90.32,91.09,84.01,84.64,84.01,90.32,,84.65,,,167107,14414106.08,2005,F1,1,,,,,
2025-09-24,2025-09-24,CM,NSE,STK,13081,INE256C01024,TRIVENI,EQ,,,,,TRIVENI ENGG. & INDS. LTD,342.05,351.5,339.4,350.1,350.1,343.05,,350.1,,,334964,116457043.4,9066,F1,1,,,,,
2025-09-24,2025-09-24,CM,NSE,STK,25584,INE152M01016,TRITURBINE,EQ,,,,,TRIVENI TURBINE LIMITED,530.15,537.5,520.0,522.15,522.3,530.15,,522.15,,,515428,271817013.35,27551,F1,1,,,,,
2025-09-24,2025-09-24,CM,NSE,STK,24642,INE0SYV01018,TROM,SM,,,,,TROM INDUSTRIES LIMITED,98.0,98.0,98.0,98.0,98.0,96.0,,98.0,,,600,58800.0,1,F1,600,,,,,
2025-09-24,2025-09-24,CM,NSE,STK,9378,INE615R01029,TRU,EQ,,,,,TRUCAP FINANCE LIMITED,11.59,11.59,11.59,11.59,11.59,12.2,,11.59,,,112816,1307537.44,192,F1,1,,,,,
2025-09-24,2025-09-24,CM,NSE,STK,23417,INE0SWN01019,TRUST,SM,,,,,TRUST FINTECH LIMITED,51.65,51.65,48.1,50.4,50.8,51.65,,50.4,,,53400,2654490.0,64,F1,600,,,,,
2025-09-24,2025-09-24,CM,NSE,STK,757858,INE16VK01010,TSC,SM,,,,,TSC INDIA LIMITED,63.0,63.0,58.65,60.95,60.95,62.0,,60.95,,,36000,2186400.0,17,F1,2000,,,,,
2025-09-24,2025-09-24,CM,NSE,STK,11369,INE910C01018,TTKHLTCARE,EQ,,,,,TTK HEALTHCARE LIMITED,1192.1,1194.0,1189.0,1190.6,1190.1,1190.0,,1190.6,,,953,1134818.2,168,F1,1,,,,,
2025-09-24,2025-09-24,CM,NSE,STK,3546,INE690A01028,TTKPRESTIG,EQ,,,,,TTK PRESTIGE LTD,646.75,652.0,642.65,647.4,652.0,649.35,,647.25,,,12994,8391021.95,1756,F1,1,,,,,
2025-09-24,2025-09-24,CM,NSE,STK,312,INE974X01010,TIINDIA,EQ,,,,,TUBE INVEST OF INDIA LTD,3303.0,3331.9,3266.3,3276.5,3266.3,3303.0,,3276.6,,,139434,459638462.8,17549,F1,1,,,,,
2025-09-24,2025-09-24,CM,NSE,STK,24520,INE0OXV01027,TUNWAL,SM,,,,,TUNWAL E-MOTORS LIMITED,30.45,30.7,29.8,30.6,30.6,30.1,,30.6,,,212000,6450300.0,82,F1,2000,,,,,
2025-09-24,2025-09-24,CM,NSE,STK,11275,INE038F01029,TVTODAY,EQ,,,,,TV TODAY NETWORK LTD,147.6,148.51,145.81,146.03,146.3,148.18,,146.02,,,44146,6480750.04,1237,F1,1,,,,,
2025-09-24,2025-09-24,CM,NSE,STK,18504,INE871L01013,TVVISION,EQ,,,,,TV VISION LIMITED,6.65,7.21,6.65,7.13,7.15,6.87,,7.13,,,17063,120948.77,178,F1,1,,,,,
2025-09-24,2025-09-24,CM,NSE,STK,11265,INE236G01019,TVSELECT,EQ,,,,,TVS ELECTRONICS LTD,516.0,532.8,507.0,519.85,520.0,520.7,,519.85,,,315495,164514760.2,9091,F1,1,,,,,
2025-09-24,2025-09-24,CM,NSE,STK,29008,INE105A01035,TVSHLTD,EQ,,,,,TVS HOLDINGS LIMITED,13127.0,13245.0,12940.0,12970.0,12943.0,13077.0,,12969.0,,,9172,119470167.0,2494,F1,1,,,,,
2025-09-24,2025-09-24,CM,NSE,STK,758598,INE1JNC23012,TVSINVIT,IV,,,,,TVS INFRASTRUCTURE TRUST,103.0,103.0,103.0,103.0,103.0,102.01,,103.0,,,25000,2575000.0,1,F1,25000,,,,,
2025-09-24,2025-09-24,CM,NSE,STK,8479,INE494B01023,TVSMOTOR,EQ,,,,,TVS MOTOR COMPANY  LTD,3500.0,3515.4,3443.3,3453.0,3445.0,3512.7,,3453.0,,,693587,2411137598.3,53459,F1,1,,,,,
2025-09-24,2025-09-24,CM,NSE,STK,14245,INE421C01016,TVSSRICHAK,EQ,,,,,TVS SRICHAKRA LIMITED,3358.0,3395.0,3260.2,3303.9,3260.2,3327.7,,3303.2,,,11999,40270373.3,2526,F1,1,,,,,
2025-09-24,2025-09-24,CM,NSE,STK,18151,INE395N01027,TVSSCS,EQ,,,,,TVS SUPPLY CHAIN SOL L,130.0,131.28,127.25,128.38,128.15,130.05,,128.38,,,472180,61077690.01,11939,F1,1,,,,,
2025-09-24,2025-09-24,CM,NSE,STK,19501,INE388G01026,TICL,EQ,,,,,TWAMEV CONS AND INFRA LTD,22.6,22.6,20.56,21.17,21.0,22.22,,21.19,,,138479,2995780.16,793,F1,1,,,,,
2025-09-24,2025-09-24,CM,NSE,STK,25626,INE152C01025,UYFINCORP,EQ,,,,,U. Y. FINCORP LIMITED,14.28,16.3,14.03,15.63,15.41,14.14,,15.62,,,1948409,29794188.63,5568,F1,1,,,,,
2025-09-24,2025-09-24,CM,NSE,STK,3570,INE139B01016,UCAL,EQ,,,,,UCAL LIMITED,143.18,143.18,139.01,141.46,141.51,142.97,,141.46,,,22291,3140625.04,470,F1,1,,,,,
2025-09-24,2025-09-24,CM,NSE,STK,756000,INE583D07604,1015UCL27,NF,,,,,UCL 10.15% SR III,991.05,991.05,990.0,990.0,990.0,991.05,,990.0,,,82,81250.85,4,F1,1,,,,,
2025-09-24,2025-09-24,CM,NSE,STK,11223,INE691A01018,UCOBANK,EQ,,,,,UCO BANK,31.0,31.52,30.3,30.5,30.42,30.69,,30.5,,,14485212,448004221.32,27926,F1,1,,,,,
2025-09-24,2025-09-24,CM,NSE,STK,14871,INE0N0Y01013,USK,EQ,,,,,UDAYSHIVAKUMAR INFRA LTD,33.25,33.25,31.52,32.03,32.06,33.25,,32.03,,,103968,3354689.48,1311,F1,1,,,,,
2025-09-24,2025-09-24,CM,NSE,STK,1053,INE516A01017,UFLEX,EQ,,,,,UFLEX LIMITED,549.3,554.45,542.0,546.7,548.5,549.6,,546.7,,,19763,10828896.7,1249,F1,1,,,,,
2025-09-24,2025-09-24,CM,NSE,STK,9039,INE527H01019,UFO,EQ,,,,,UFO MOVIEZ INDIA LTD.,75.31,75.49,74.61,74.73,74.83,75.07,,74.75,,,32516,2441146.43,668,F1,1,,,,,
2025-09-24,2025-09-24,CM,NSE,STK,5313,INE583D01011,UGROCAP,EQ,,,,,UGRO CAPITAL LIMITED,167.1,172.8,166.95,167.94,167.95,167.98,,167.94,,,166289,27911040.78,2361,F1,1,,,,,
2025-09-24,2025-09-24,CM,NSE,STK,15228,INE551W01018,UJJIVANSFB,EQ,,,,,UJJIVAN SMALL FINANC BANK,45.1,45.43,44.8,45.01,45.15,45.21,,45.01,,,3103562,139827561.94,11914,F1,1,,,,,
2025-09-24,2025-09-24,CM,NSE,STK,11532,INE481G01011,ULTRACEMCO,EQ,,,,,ULTRATECH CEMENT LIMITED,12427.0,12448.0,12200.0,12214.0,12210.0,12401.0,,12214.0,,,166517,2044720085.0,33128,F1,1,,,,,
2025-09-24,2025-09-24,CM,NSE,STK,13349,INE067901012,UMA,SM,,,,,UMA CONVERTER LIMITED,24.0,24.0,24.0,24.0,24.0,24.05,,24.0,,,4000,96000.0,1,F1,4000,,,,,
2025-09-24,2025-09-24,CM,NSE,STK,8845,INE0GIU01018,UMAEXPORTS,BE,,,,,UMA EXPORTS LIMITED,48.16,48.16,47.61,47.66,47.66,48.4,,47.56,,,6826,325446.61,36,F1,1,,,,,
2025-09-24,2025-09-24,CM,NSE,STK,8998,INE398B01018,UMIYA-MRO,EQ,,,,,UMIYA BUILDCON LIMITED,80.87,88.9,80.55,85.05,84.8,80.37,,85.05,,,105048,9013607.35,1718,F1,1,,,,,
2025-09-24,2025-09-24,CM,NSE,STK,3579,INE351A01035,UNICHEMLAB,EQ,,,,,UNICHEM LABORATORIES LTD,493.05,498.95,489.15,490.85,495.0,494.7,,490.85,,,6699,3300743.55,905,F1,1,,,,,
2025-09-24,2025-09-24,CM,NSE,STK,24809,INE00U401027,UNIECOM,EQ,,,,,UNICOMMERCE ESOLUTIONS L,144.19,148.9,142.05,147.15,146.6,144.11,,147.12,,,448438,65698704.56,6859,F1,1,,,,,
2025-09-24,2025-09-24,CM,NSE,STK,18582,INE0PRF01011,UNIHEALTH,SM,,,,,UNIHEALTH HOSPITALS LTD,169.2,171.2,168.5,168.5,168.5,172.6,,168.5,,,14000,2376750.0,14,F1,1000,,,,,
2025-09-24,2025-09-24,CM,NSE,STK,7791,INE481Z01011,UNIINFO,EQ,,,,,UNIINFO TELECOM SERVI LTD,17.58,18.19,17.12,17.43,17.5,17.68,,17.43,,,12213,214291.29,56,F1,1,,,,,
2025-09-24,2025-09-24,CM,NSE,STK,25633,INE0B2801011,UNILEX,SM,,,,,UNILEX COLOURS AND CHEM L,45.0,45.0,45.0,45.0,45.0,45.0,,45.0,,,3200,144000.0,2,F1,1600,,,,,
2025-09-24,2025-09-24,CM,NSE,STK,28960,INE0U3I01011,UNIMECH,EQ,,,,,UNIMECH AEROSPACE N MFG L,1049.0,1055.0,1033.0,1037.2,1042.0,1047.1,,1037.3,,,37709,39278982.5,3154,F1,1,,,,,
2025-09-24,2025-09-24,CM,NSE,STK,10753,INE692A01016,UNIONBANK,EQ,,,,,UNION BANK OF INDIA,140.6,141.63,138.77,139.17,139.06,140.2,,139.17,,,9872466,1383469577.17,57996,F1,1,,,,,
2025-09-24,2025-09-24,CM,NSE,STK,29687,INF582M01KS4,UNIONGOLD,EQ,,,,,UNIONAMC - UNIONGOLD,112.8,116.0,111.15,112.75,112.8,112.25,,112.75,,,30372,3430058.3,94,F1,1,,,,,
2025-09-24,2025-09-24,CM,NSE,STK,13057,INE244O01017,UNIPARTS,EQ,,,,,UNIPARTS INDIA LIMITED,427.3,432.95,413.1,416.8,423.55,427.3,,416.7,,,77135,32467581.3,4563,F1,1,,,,,
2025-09-24,2025-09-24,CM,NSE,STK,11293,INE037A01022,UNIENTER,EQ,,,,,UNIPHOS ENTERPRISES LTD,152.0,154.9,150.0,150.58,150.58,150.69,,150.58,,,4393,665201.71,145,F1,1,,,,,
2025-09-24,2025-09-24,CM,NSE,STK,8893,INE694A01020,UNITECH,BZ,,,,,UNITECH LIMITED,7.14,7.3,7.05,7.11,7.11,7.14,,7.08,,,2062033,14824611.44,1621,F1,1,,,,,
2025-09-24,2025-09-24,CM,NSE,STK,16713,INE686F01025,UBL,EQ,,,,,UNITED BREWERIES LTD,1799.0,1810.5,1781.4,1796.6,1796.0,1795.6,,1796.6,,,194808,349769458.1,12363,F1,1,,,,,
2025-09-24,2025-09-24,CM,NSE,STK,201,INE961D01019,UNIDT,EQ,,,,,UNITED DRILLING TOOLS LTD,204.8,204.8,201.3,202.15,201.72,202.83,,201.91,,,3465,699154.21,183,F1,1,,,,,
2025-09-24,2025-09-24,CM,NSE,STK,25935,INE0SMR01011,UHTL,SM,,,,,UNITED HEAT TRANSFER LTD,73.35,74.8,71.7,74.0,74.8,73.35,,74.0,,,18000,1323900.0,9,F1,2000,,,,,
2025-09-24,2025-09-24,CM,NSE,STK,17999,INE458F01011,UNITEDTEA,EQ,,,,,UNITED NILGIRI TEA LTD,475.9,476.8,470.0,471.85,470.5,474.7,,471.85,,,1253,592979.05,136,F1,1,,,,,
2025-09-24,2025-09-24,CM,NSE,STK,7564,INE368U01029,UNITEDPOLY,BE,,,,,UNITED POLYFAB GUJ. LTD.,46.41,46.41,46.41,46.41,46.41,44.2,,46.41,,,35770,1660085.7,98,F1,1,,,,,
2025-09-24,2025-09-24,CM,NSE,STK,10447,INE854D01024,UNITDSPR,EQ,,,,,UNITED SPIRITS LIMITED,1336.0,1357.0,1332.8,1350.9,1351.0,1341.2,,1350.9,,,755361,1019706950.0,45316,F1,1,,,,,
2025-09-24,2025-09-24,CM,NSE,STK,18977,INE562X01013,UNIVASTU,EQ,,,,,UNIVASTU INDIA LIMITED,244.5,247.95,240.8,242.7,243.45,246.9,,242.7,,,6107,1487365.55,299,F1,1,,,,,
2025-09-24,2025-09-24,CM,NSE,STK,3607,INE279A01012,UNIVCABLES,EQ,,,,,UNIVERSAL CABLES LTD,770.0,784.4,741.1,751.8,762.5,761.55,,751.15,,,47532,36248330.7,4831,F1,1,,,,,
2025-09-24,2025-09-24,CM,NSE,STK,17661,INE03V001013,UNIVPHOTO,BE,,,,,UNIVERSUS IMAGINGS LTD,261.5,261.5,252.9,257.2,257.2,260.2,,256.05,,,382,97882.3,8,F1,1,,,,,
2025-09-24,2025-09-24,CM,NSE,STK,14154,INE405E01023,UNOMINDA,EQ,,,,,UNO MINDA LIMITED,1324.8,1326.4,1301.4,1308.8,1309.8,1317.1,,1308.8,,,468129,614173628.0,21254,F1,1,,,,,
2025-09-24,2025-09-24,CM,NSE,STK,18636,INE148I08256,915SCL26,NE,,,,,UNS RED NCD 9.15% SR.IX,980.0,984.95,970.0,984.95,984.95,986.32,,984.95,,,535,521999.17,13,F1,1,,,,,
2025-09-24,2025-09-24,CM,NSE,STK,2871,INE530B08094,10IIFL28A,NE,,,,,UNSE RE NCD 10% SR.I,1016.11,1022.0,1016.11,1022.0,1022.0,1021.64,,1022.25,,,335,340912.3,7,F1,1,,,,,
2025-09-24,2025-09-24,CM,NSE,STK,2877,INE530B08102,96IIFL28A,NF,,,,,UNSE RE NCD 9.6% SR.II,984.8,984.8,982.51,983.48,983.0,984.08,,983.48,,,670,659003.21,11,F1,1,,,,,
2025-09-24,2025-09-24,CM,NSE,STK,5212,INE477L08147,10IIFL28,N4,,,,,UNSEC RE NCD 10% SR.I,990.0,990.0,990.0,990.0,990.0,985.0,,990.0,,,125,123750.0,2,F1,1,,,,,
2025-09-24,2025-09-24,CM,NSE,STK,5214,INE477L08154,96IIFL28,N5,,,,,UNSEC RE NCD 9.60% SR.II,985.0,987.89,981.9,982.01,982.01,983.71,,982.01,,,3178,3129197.4,21,F1,1,,,,,
2025-09-24,2025-09-24,CM,NSE,STK,21225,INE306N08292,910TCAP28,,,,,,UNSERENCD9.1%SRIIICIII&IV,1050.0,1050.0,1050.0,1050.0,1050.0,1047.0,,1050.0,,,110,115500.0,3,F1,1,,,,,
2025-09-24,2025-09-24,CM,NSE,STK,19113,INE851I01011,UDS,EQ,,,,,UPDATER SERVICES LIMITED,256.5,257.23,250.6,252.79,252.9,254.85,,252.82,,,104223,26448076.67,3489,F1,1,,,,,
2025-09-24,2025-09-24,CM,NSE,STK,11287,INE628A01036,UPL,EQ,,,,,UPL LIMITED,675.75,680.0,669.6,676.15,676.15,677.2,,676.15,,,2138799,1443413703.15,62663,F1,1,,,,,
2025-09-24,2025-09-24,CM,NSE,STK,10617,INE0CBM01019,USASEEDS,ST,,,,,UPSURGE SEEDS OF AGRI LTD,256.0,267.0,255.0,266.3,267.0,256.0,,266.3,,,1500,392970.0,5,F1,300,,,,,
2025-09-24,2025-09-24,CM,NSE,STK,17071,INE568Z01015,URAVIDEF,EQ,,,,,URAVI DEFENCE &TECH LTD,257.25,283.9,257.25,258.6,257.25,270.75,,258.8,,,102432,26473706.5,458,F1,1,,,,,
2025-09-24,2025-09-24,CM,NSE,STK,759084,INE0CAZ01013,URBANCO,EQ,,,,,URBAN COMPANY LIMITED,177.6,183.9,174.0,175.4,174.98,178.57,,175.41,,,36354429,6534957456.69,192325,F1,1,,,,,
2025-09-24,2025-09-24,CM,NSE,STK,16888,INE0O0201019,URBAN,SM,,,,,URBAN ENVIRO WASTE MGMT L,170.0,173.9,168.2,169.35,168.75,174.15,,169.35,,,21600,3681120.0,27,F1,800,,,,,
2025-09-24,2025-09-24,CM,NSE,STK,20203,INE550C01020,URJA,EQ,,,,,URJA GLOBAL LIMITED,14.0,14.01,13.45,13.56,13.6,13.86,,13.56,,,1225495,16770356.69,3249,F1,1,,,,,
2025-09-24,2025-09-24,CM,NSE,STK,25952,INE0LS001014,USHAFIN,SM,,,,,USHA FINANCIAL SERVICES L,48.0,49.25,48.0,49.0,49.0,48.0,,49.0,,,20800,1018000.0,9,F1,1600,,,,,
2025-09-24,2025-09-24,CM,NSE,STK,19142,INE240C01028,UMESLTD,EQ,,,,,USHA MARTIN EDU & SOL LTD,5.58,5.69,5.52,5.57,5.57,5.6,,5.56,,,6957,38947.86,47,F1,1,,,,,
2025-09-24,2025-09-24,CM,NSE,STK,8840,INE228A01035,USHAMART,EQ,,,,,USHA MARTIN LTD.,444.0,449.0,440.0,445.95,444.0,442.75,,445.95,,,941692,419289064.95,15472,F1,1,,,,,
2025-09-24,2025-09-24,CM,NSE,STK,527,INE094J01016,UTIAMC,EQ,,,,,UTI ASSET MNGMT CO LTD,1392.0,1399.2,1369.8,1385.2,1381.0,1392.6,,1385.2,,,115277,159732835.9,15272,F1,1,,,,,
2025-09-24,2025-09-24,CM,NSE,STK,14535,INF789F1AUX7,GOLDSHARE,EQ,,,,,UTI GOLD ETF,96.8,96.8,95.7,96.15,96.0,96.45,,96.15,,,1325014,127454020.75,3550,F1,1,,,,,
2025-09-24,2025-09-24,CM,NSE,STK,22524,INF789F1AZF3,NIF10GETF,EQ,,,,,UTIAMC - NIF10GETF,25.99,26.07,25.91,25.91,25.91,25.87,,25.91,,,10396,269393.59,22,F1,1,,,,,
2025-09-24,2025-09-24,CM,NSE,STK,22521,INF789F1AZE6,NIF5GETF,EQ,,,,,UTIAMC - NIF5GETF,63.56,63.56,63.5,63.5,63.5,63.58,,63.5,,,4,254.07,3,F1,1,,,,,
2025-09-24,2025-09-24,CM,NSE,STK,22488,INF789F1AZD8,NIFITETF,EQ,,,,,UTIAMC - NIFITETF,363.78,363.78,359.5,361.22,361.3,363.78,,361.25,,,2433,878992.94,111,F1,1,,,,,
2025-09-24,2025-09-24,CM,NSE,STK,18347,INF789F1AYX9,NIFMID150,EQ,,,,,UTIAMC - NIFMID150,219.1,219.1,217.0,217.5,217.39,219.49,,217.5,,,911,198148.98,85,F1,1,,,,,
2025-09-24,2025-09-24,CM,NSE,STK,15085,INF789F1AYK6,SILVERETF,EQ,,,,,UTIAMC - SILVERETF,134.8,134.8,131.16,131.56,131.89,131.52,,131.56,,,1380476,181858878.67,3900,F1,1,,,,,
2025-09-24,2025-09-24,CM,NSE,STK,22440,INF789F1AUV1,UTIBANKETF,EQ,,,,,UTIAMC - UTIBANKETF,57.29,57.29,56.81,56.96,56.98,57.17,,56.96,,,286991,16347218.27,631,F1,1,,,,,
2025-09-24,2025-09-24,CM,NSE,STK,21478,INF789F1AUW9,UTINEXT50,EQ,,,,,UTIAMC - UTINEXT50,73.93,75.34,73.73,73.89,74.15,74.82,,73.89,,,86696,6425321.02,933,F1,1,,,,,
2025-09-24,2025-09-24,CM,NSE,STK,10511,INF789F1AZC0,UTINIFTETF,EQ,,,,,UTIAMC - UTINIFTETF,276.67,276.67,275.0,275.13,275.0,276.67,,275.13,,,118826,32805559.27,305,F1,1,,,,,
2025-09-24,2025-09-24,CM,NSE,STK,10515,INF789FB1X58,UTISENSETF,EQ,,,,,UTIAMC - UTISENSETF,911.0,911.0,895.62,895.63,898.0,902.87,,895.63,,,6439,5769446.45,89,F1,1,,,,,
2025-09-24,2025-09-24,CM,NSE,STK,9168,INF789F1AUU3,UTISXN50,EQ,,,,,UTIAMC - UTISXN50,92.49,92.49,90.65,90.69,90.66,91.84,,90.69,,,5111,465308.37,133,F1,1,,,,,
2025-09-24,2025-09-24,CM,NSE,STK,17358,INE735W01017,UTKARSHBNK,EQ,,,,,UTKARSH SMALL FIN BANK L,21.6,22.2,21.54,21.86,21.8,21.7,,21.86,,,1442268,31458389.39,6973,F1,1,,,,,
2025-09-24,2025-09-24,CM,NSE,STK,24726,INE06IJ01010,UTSSAV,SM,,,,,UTSSAV CZ GOLD JEWELS LTD,186.9,190.0,183.0,183.75,183.0,186.0,,183.75,,,24000,4460160.0,30,F1,600,,,,,
2025-09-24,2025-09-24,CM,NSE,STK,13376,INE786F01031,UTTAMSUGAR,EQ,,,,,UTTAM SUGAR MILLS LTD.,260.1,264.55,253.8,255.7,255.3,262.15,,255.7,,,77369,20039541.65,1963,F1,1,,,,,
2025-09-24,2025-09-24,CM,NSE,STK,3188,INE0GXK01018,VMARCIND,SM,,,,,V MARC INDIA LIMITED,437.5,438.0,430.1,433.35,430.1,431.15,,433.35,,,2000,871900.0,8,F1,250,,,,,
2025-09-24,2025-09-24,CM,NSE,STK,15362,INE951I01027,VGUARD,EQ,,,,,V-GUARD IND LTD.,365.55,366.95,361.1,365.5,366.1,366.35,,365.5,,,94535,34457587.05,4316,F1,1,,,,,
2025-09-24,2025-09-24,CM,NSE,STK,24606,INE0QXL01015,VLINFRA,SM,,,,,V.L.INFRAPROJECTS LIMITED,35.4,36.0,35.0,35.55,36.0,35.45,,35.55,,,16500,582300.0,6,F1,1500,,,,,
2025-09-24,2025-09-24,CM,NSE,STK,14766,INE945H01013,V2RETAIL,EQ,,,,,V2 RETAIL LIMITED,1976.0,2015.0,1962.5,1969.0,1969.0,1987.6,,1969.0,,,89534,178088494.4,8143,F1,1,,,,,
2025-09-24,2025-09-24,CM,NSE,STK,20188,INE956G01038,WABAG,EQ,,,,,VA TECH WABAG LTD,1530.8,1554.5,1512.1,1523.1,1524.3,1544.8,,1522.9,,,173149,264848051.9,20391,F1,1,,,,,
2025-09-24,2025-09-24,CM,NSE,STK,24196,INE694D01016,VADILALIND,EQ,,,,,VADILAL INDUSTRIES LTD,5920.0,6000.0,5700.0,5733.5,5709.0,5923.0,,5734.5,,,17756,103544475.5,4114,F1,1,,,,,
2025-09-24,2025-09-24,CM,NSE,STK,11364,INE884A01027,VAIBHAVGBL,EQ,,,,,VAIBHAV GLOBAL LIMITED,246.05,247.99,243.9,245.31,245.9,247.16,,245.28,,,128610,31577241.73,6797,F1,1,,,,,
2025-09-24,2025-09-24,CM,NSE,STK,8262,INE0JR301013,MADHAVBAUG,ST,,,,,VAIDYA SANE AYUR LAB LTD,285.8,293.5,285.8,293.5,293.5,279.55,,293.5,,,12000,3481700.0,19,F1,400,,,,,
2025-09-24,2025-09-24,CM,NSE,STK,16589,INE972X01022,VAISHALI,EQ,,,,,VAISHALI PHARMA LIMITED,12.08,12.08,11.94,11.99,12.0,11.97,,11.99,,,208103,2497496.17,233,F1,1,,,,,
2025-09-24,2025-09-24,CM,NSE,STK,13342,INE051B01021,VAKRANGEE,EQ,,,,,VAKRANGEE LIMITED,8.45,8.64,8.38,8.41,8.43,8.53,,8.41,,,3382894,28628367.81,4318,F1,1,,,,,
2025-09-24,2025-09-24,CM,NSE,STK,19218,INE0JWS01017,VALIANTLAB,EQ,,,,,VALIANT LABORATORIES LTD,88.9,92.75,86.11,88.3,87.6,88.04,,88.17,,,81501,7198235.53,950,F1,1,,,,,
2025-09-24,2025-09-24,CM,NSE,STK,334,INE565V01010,VALIANTORG,BE,,,,,VALIANT ORGANICS LIMITED,354.5,354.85,345.25,351.55,353.45,353.2,,351.65,,,6131,2153393.9,203,F1,1,,,,,
2025-09-24,2025-09-24,CM,NSE,STK,18124,INE879I01012,DBREALTY,EQ,,,,,VALOR ESTATE LIMITED,178.04,178.04,171.0,171.77,171.51,177.44,,171.8,,,734229,127119615.62,14045,F1,1,,,,,
2025-09-24,2025-09-24,CM,NSE,STK,11220,INE116G01013,VARDHACRLC,EQ,,,,,VARDHAMAN ACRYLICS LTD,44.2,45.84,44.2,45.65,45.64,44.73,,45.65,,,38203,1729835.11,289,F1,1,,,,,
2025-09-24,2025-09-24,CM,NSE,STK,11892,INE701A01023,VHL,EQ,,,,,VARDHMAN HOLDINGS LIMITED,3815.0,3914.9,3750.0,3845.4,3848.0,3815.4,,3844.1,,,1663,6400750.2,754,F1,1,,,,,
2025-09-24,2025-09-24,CM,NSE,STK,3646,INE835A01029,VARDMNPOLY,EQ,,,,,VARDHMAN POLYTEX LTD.,8.99,8.99,8.84,8.91,8.94,8.88,,8.9,,,78888,702578.09,420,F1,1,,,,,
2025-09-24,2025-09-24,CM,NSE,STK,27067,INE050M01012,VSSL,EQ,,,,,VARDHMAN SPC STEEL LTD,277.45,278.0,273.1,273.7,274.6,275.55,,273.7,,,20657,5683118.3,1365,F1,1,,,,,
2025-09-24,2025-09-24,CM,NSE,STK,2073,INE825A01020,VTL,EQ,,,,,VARDHMAN TEXTILES LIMITED,416.0,420.15,412.1,416.0,416.1,417.7,,416.05,,,132760,55175756.05,7290,F1,1,,,,,
2025-09-24,2025-09-24,CM,NSE,STK,3857,INE665L01035,VARROC,EQ,,,,,VARROC ENGINEERING LTD.,638.8,654.25,630.0,646.05,643.0,638.2,,646.25,,,232721,149769346.65,14644,F1,1,,,,,
2025-09-24,2025-09-24,CM,NSE,STK,18921,INE200M01039,VBL,EQ,,,,,VARUN BEVERAGES LIMITED,459.0,460.95,451.55,452.6,452.7,458.5,,452.7,,,5413431,2458587546.15,76773,F1,1,,,,,
2025-09-24,2025-09-24,CM,NSE,STK,16454,INE0N5801013,DENTALKART,SM,,,,,VASA DENTICITY LIMITED,610.1,620.0,610.0,618.0,618.0,618.4,,618.0,,,4250,2619862.5,17,F1,250,,,,,
2025-09-24,2025-09-24,CM,NSE,STK,18110,INE893I01013,VASCONEQ,EQ,,,,,VASCON ENGINEERS LTD,63.47,63.99,61.81,62.59,62.11,63.24,,62.59,,,1891163,118681555.8,12849,F1,1,,,,,
2025-09-24,2025-09-24,CM,NSE,STK,25344,INE590L01019,VASWANI,BE,,,,,VASWANI IND LTD,56.51,56.99,55.25,56.68,55.55,56.78,,56.66,,,21742,1228108.27,134,F1,1,,,,,
2025-09-24,2025-09-24,CM,NSE,STK,9027,INE098201036,VCL,BE,,,,,VAXTEX COTFAB LIMITED,1.05,1.05,0.99,0.99,1.01,1.05,,0.99,,,575535,579851.34,267,F1,1,,,,,
2025-09-24,2025-09-24,CM,NSE,STK,756916,INE04HY07229,12VCCL29B,N0,,,,,VCCL 12% 2029,98000.0,98000.0,98000.0,98000.0,98000.0,98000.0,,98000.0,,,1,98000.0,1,F1,1,,,,,
2025-09-24,2025-09-24,CM,NSE,STK,8167,INE825V01034,MANYAVAR,EQ,,,,,VEDANT FASHIONS LIMITED,723.9,725.75,707.0,708.25,709.5,721.8,,708.2,,,321159,228524946.1,17408,F1,1,,,,,
2025-09-24,2025-09-24,CM,NSE,STK,3063,INE205A01025,VEDL,EQ,,,,,VEDANTA LIMITED,456.95,459.0,447.0,448.45,449.0,457.2,,448.45,,,8390096,3801099119.85,72378,F1,1,,,,,
2025-09-24,2025-09-24,CM,NSE,STK,24828,INE04HY07146,119VCCL26,N0,,,,,VEDIKA CREDIT 11.9% 2026,98900.0,98900.0,98900.0,98900.0,98900.0,99000.0,,98900.0,,,1,98900.0,1,F1,1,,,,,
2025-09-24,2025-09-24,CM,NSE,STK,14019,INE484C01030,VEEDOL,EQ,,,,,VEEDOL CORPORATION LTD,1910.0,1931.0,1880.0,1894.0,1880.0,1923.7,,1894.1,,,24695,47021561.5,3933,F1,1,,,,,
2025-09-24,2025-09-24,CM,NSE,STK,10710,INE0KTW01013,VEEKAYEM,SM,,,,,VEEKAYEM FASH & APP LTD,279.1,291.0,278.5,289.0,291.0,279.1,,289.0,,,4500,1283000.0,9,F1,500,,,,,
2025-09-24,2025-09-24,CM,NSE,STK,14590,INE0I3H01019,VELS,SM,,,,,VELS FILM INTERNATIONAL L,41.85,41.85,41.85,41.85,41.85,44.0,,41.85,,,1200,50220.0,1,F1,1200,,,,,
2025-09-24,2025-09-24,CM,NSE,STK,3757,INE398A01010,VENKEYS,EQ,,,,,VENKY S (INDIA) LIMITED,1498.9,1498.9,1479.0,1484.0,1487.9,1494.1,,1484.1,,,8611,12826751.8,1067,F1,1,,,,,
2025-09-24,2025-09-24,CM,NSE,STK,28847,INE781S01027,VENTIVE,EQ,,,,,VENTIVE HOSPITALITY LTD,763.3,786.0,750.2,755.45,756.4,767.3,,755.45,,,129901,98861285.95,6790,F1,1,,,,,
2025-09-24,2025-09-24,CM,NSE,STK,9592,INE0JA001018,VENUSPIPES,EQ,,,,,VENUS PIPES & TUBES LTD,1416.0,1420.9,1376.0,1380.9,1392.5,1416.0,,1380.9,,,85641,118861458.3,6338,F1,1,,,,,
2025-09-24,2025-09-24,CM,NSE,STK,13859,INE411B01019,VENUSREM,EQ,,,,,VENUS REMEDIES LIMITED,459.8,459.8,446.0,449.85,450.5,457.4,,449.85,,,26388,11876136.2,858,F1,1,,,,,
2025-09-24,2025-09-24,CM,NSE,STK,8890,INE0IQ001011,VERANDA,EQ,,,,,VERANDA LEARNING SOL LTD,219.5,224.0,215.76,218.12,216.0,217.98,,218.11,,,180041,39489551.02,5045,F1,1,,,,,
2025-09-24,2025-09-24,CM,NSE,STK,23775,INE0SRI01019,VERITAAS,SM,,,,,VERITAAS ADVERTISING LTD,67.6,67.6,67.6,67.6,67.6,71.15,,67.6,,,1200,81120.0,1,F1,1200,,,,,
2025-09-24,2025-09-24,CM,NSE,STK,10757,INE0KXY23015,VERTIS,IV,,,,,VERTIS INFRASTRUCTURE TST,102.0,102.0,102.0,102.0,102.0,102.0,,102.0,,,1225000,124950000.0,16,F1,25000,,,,,
2025-09-24,2025-09-24,CM,NSE,STK,18863,INE188Y01031,VERTOZ,EQ,,,,,VERTOZ LIMITED,77.99,78.48,76.5,76.74,76.55,77.99,,76.74,,,52729,4066959.29,910,F1,1,,,,,
2025-09-24,2025-09-24,CM,NSE,STK,3676,INE386A01023,VESUVIUS,EQ,,,,,VESUVIUS INDIA LTD,518.0,518.5,510.0,512.95,515.0,517.0,,512.9,,,42668,21900617.25,3462,F1,1,,,,,
2025-09-24,2025-09-24,CM,NSE,STK,8652,INE918N01018,VETO,EQ,,,,,VETO SWITCHGEAR CABLE LTD,124.45,124.45,119.0,119.54,119.89,121.2,,119.55,,,22046,2661613.79,597,F1,1,,,,,
2025-09-24,2025-09-24,CM,NSE,STK,22730,INE0QTF01015,VSTL,EQ,,,,,VIBHOR STEEL TUBES LTD,162.9,162.9,158.0,159.24,158.5,161.94,,159.24,,,10530,1686950.84,384,F1,1,,,,,
2025-09-24,2025-09-24,CM,NSE,STK,23386,INE048C01025,VHLTD,BE,,,,,VICEROY HOTELS LIMITED,119.1,123.99,118.05,119.87,119.6,120.0,,119.87,,,8868,1061326.53,74,F1,1,,,,,
2025-09-24,2025-09-24,CM,NSE,STK,13536,INE632C01026,VIDHIING,EQ,,,,,VIDHI SPCLTY F INGRDNTS L,373.25,377.0,367.0,369.65,372.0,373.25,,369.2,,,3632,1346618.25,246,F1,1,,,,,
2025-09-24,2025-09-24,CM,NSE,STK,758908,INE1DM601016,VIGOR,ST,,,,,VIGOR PLAST INDIA LIMITED,89.9,94.55,89.9,94.55,94.55,90.05,,94.55,,,172800,16060720.0,96,F1,1600,,,,,
2025-09-24,2025-09-24,CM,NSE,STK,5585,INE043W01024,VIJAYA,EQ,,,,,VIJAYA DIAGNOSTIC CEN LTD,1049.8,1065.0,1045.4,1052.2,1049.6,1049.8,,1052.2,,,78936,83182093.6,8115,F1,1,,,,,
2025-09-24,2025-09-24,CM,NSE,STK,17695,INE159N01027,VIJIFIN,BE,,,,,VIJI FINANCE LIMITED,2.95,2.97,2.83,2.83,2.83,2.98,,2.83,,,195833,561629.41,264,F1,1,,,,,
2025-09-24,2025-09-24,CM,NSE,STK,25756,INE806A01020,VIKASECO,EQ,,,,,VIKAS ECOTECH LIMITED,2.05,2.07,2.03,2.04,2.06,2.05,,2.04,,,4081488,8355560.74,2098,F1,1,,,,,
2025-09-24,2025-09-24,CM,NSE,STK,9931,INE161L01027,VIKASLIFE,EQ,,,,,VIKAS LIFECARE LIMITED,2.24,2.27,2.22,2.24,2.23,2.24,,2.24,,,3675952,8242999.28,10824,F1,1,,,,,
2025-09-24,2025-09-24,CM,NSE,STK,759453,INE078V01014,VIKRAMSOLR,EQ,,,,,VIKRAM SOLAR LIMITED,327.0,333.85,322.45,327.1,327.6,326.85,,327.1,,,2848177,936906671.85,42652,F1,1,,,,,
2025-09-24,2025-09-24,CM,NSE,STK,758973,INE01R501028,VIKRAN,EQ,,,,,VIKRAN ENGINEERING LTD,106.0,107.3,102.51,102.98,102.8,105.51,,102.96,,,7033148,739063034.23,37947,F1,1,,,,,
2025-09-24,2025-09-24,CM,NSE,STK,23909,INE0AZY01017,VILAS,SM,,,,,VILAS TRANSCORE LIMITED,525.0,531.0,520.1,522.25,520.4,530.4,,522.25,,,12250,6443000.0,46,F1,250,,,,,
2025-09-24,2025-09-24,CM,NSE,STK,13101,INE579C01029,VIMTALABS,EQ,,,,,VIMTA LABS LIMITED,749.05,750.0,725.6,731.9,730.0,750.45,,731.8,,,525674,388555014.1,19143,F1,1,,,,,
2025-09-24,2025-09-24,CM,NSE,STK,17364,INE410B01037,VINATIORGA,EQ,,,,,VINATI ORGANICS LTD,1718.9,1724.9,1698.0,1719.8,1720.2,1712.4,,1719.6,,,16361,28062669.8,2227,F1,1,,,,,
2025-09-24,2025-09-24,CM,NSE,STK,3694,INE707A01012,VINDHYATEL,EQ,,,,,VINDHYA TELELINKS LTD,1480.2,1486.9,1469.2,1474.2,1469.2,1488.2,,1474.1,,,6575,9695947.5,767,F1,1,,,,,
2025-09-24,2025-09-24,CM,NSE,STK,3809,INE505Y01010,VINEETLAB,BE,,,,,VINEET LABORATORIES LTD,37.29,37.29,35.5,36.26,36.0,37.29,,36.11,,,85680,3079582.12,181,F1,1,,,,,
2025-09-24,2025-09-24,CM,NSE,STK,12490,INE01KI01027,VINNY,EQ,,,,,VINNY OVERSEAS LIMITED,1.3,1.33,1.24,1.29,1.3,1.31,,1.29,,,1635893,2090193.83,531,F1,1,,,,,
2025-09-24,2025-09-24,CM,NSE,STK,17898,INE0OSJ01014,VINSYS,SM,,,,,VINSYS IT SERVICES IND LT,451.0,464.1,451.0,451.0,451.0,448.95,,451.0,,,45500,20785425.0,67,F1,500,,,,,
2025-09-24,2025-09-24,CM,NSE,STK,25835,INE498Q01014,VINCOFE,EQ,,,,,VINTAGE COFFEE N BVRGS L,148.7,152.0,148.15,150.8,151.7,149.08,,150.8,,,2534793,381803793.04,11199,F1,1,,,,,
2025-09-24,2025-09-24,CM,NSE,STK,19206,INE0OLS01010,VINYAS,SM,,,,,VINYAS INNOVATIVE TECH L,1264.95,1275.0,1250.0,1267.0,1260.0,1277.75,,1267.0,,,5000,6321930.0,23,F1,200,,,,,
2025-09-24,2025-09-24,CM,NSE,STK,16821,INE250B01029,VINYLINDIA,EQ,,,,,VINYL CHEMICALS (I) LTD.,294.2,301.2,291.25,295.45,295.0,294.2,,295.45,,,10344,3065020.3,1058,F1,1,,,,,
2025-09-24,2025-09-24,CM,NSE,STK,14843,INE450G01024,VIPCLOTHNG,EQ,,,,,VIP CLOTHING LIMITED,39.0,41.19,38.31,38.95,39.4,39.14,,38.94,,,900721,36215458.01,3525,F1,1,,,,,
2025-09-24,2025-09-24,CM,NSE,STK,3703,INE054A01027,VIPIND,EQ,,,,,VIP INDUSTRIES LTD,450.0,452.0,435.2,438.95,439.5,439.5,,438.95,,,564557,249472713.45,15561,F1,1,,,,,
2025-09-24,2025-09-24,CM,NSE,STK,8424,INE946H01037,VIPULLTD,EQ,,,,,VIPUL LIMITED,10.0,10.0,9.4,9.76,9.94,9.68,,9.76,,,203156,1972795.02,1055,F1,1,,,,,
2025-09-24,2025-09-24,CM,NSE,STK,15304,INE539B01017,VIRINCHI,BE,,,,,VIRINCHI LIMITED,30.62,30.62,29.5,29.59,29.5,30.82,,29.61,,,87256,2602146.58,314,F1,1,,,,,
2025-09-24,2025-09-24,CM,NSE,STK,757060,INE0VRH01015,VGINFOTECH,SM,,,,,VIRTUAL GALAXY INFOTECH L,187.5,191.0,184.6,186.5,185.7,187.5,,186.5,,,102000,19076150.0,96,F1,1000,,,,,
2025-09-24,2025-09-24,CM,NSE,STK,29877,INE370E01029,VIVIDHA,EQ,,,,,VISAGAR POLYTEX LTD,0.82,0.85,0.82,0.82,0.84,0.82,,0.82,,,229159,190054.29,312,F1,1,,,,,
2025-09-24,2025-09-24,CM,NSE,STK,8150,INE392A01021,VISAKAIND,BE,,,,,VISAKA INDUSTRIES LTD,83.44,83.44,82.26,82.65,82.5,82.83,,82.64,,,14596,1206581.99,165,F1,1,,,,,
2025-09-24,2025-09-24,CM,NSE,STK,24277,INE0BHK01012,VISAMAN,ST,,,,,VISAMAN GLOBAL SALES LTD,121.15,121.15,121.05,121.05,121.05,118.8,,121.05,,,6000,726600.0,2,F1,3000,,,,,
2025-09-24,2025-09-24,CM,NSE,STK,27969,INE01EA01019,VMM,EQ,,,,,VISHAL MEGA MART LIMITED,149.93,149.93,146.35,147.44,147.35,149.94,,147.45,,,6119260,905302703.1,61647,F1,1,,,,,
2025-09-24,2025-09-24,CM,NSE,STK,6908,INE270I01022,VISHNU,EQ,,,,,VISHNU CHEMICALS LIMITED,492.2,497.95,488.15,490.3,488.3,495.65,,490.2,,,54131,26655227.4,3454,F1,1,,,,,
2025-09-24,2025-09-24,CM,NSE,STK,18341,INE0AE001013,VPRPL,EQ,,,,,VISHNU PRAKASH R PUNGLI L,102.2,103.0,99.5,100.28,100.05,102.7,,100.27,,,1528473,154027640.79,13152,F1,1,,,,,
2025-09-24,2025-09-24,CM,NSE,STK,19300,INE0PQ001012,VISHNUINFR,SM,,,,,VISHNUSURYA PROJ N INFR L,179.0,179.0,173.15,173.55,174.0,174.0,,173.55,,,2500,437075.0,5,F1,500,,,,,
2025-09-24,2025-09-24,CM,NSE,STK,13702,INE430N01022,VISHWARAJ,EQ,,,,,VISHWARAJ SUGAR IND LTD,8.3,8.35,8.25,8.29,8.32,8.28,,8.29,,,398985,3308328.59,792,F1,1,,,,,
2025-09-24,2025-09-24,CM,NSE,STK,23370,INE0S2E01016,VISHWAS,SM,,,,,VISHWAS AGRI SEEDS LTD,58.05,58.05,58.05,58.05,58.05,59.25,,58.05,,,1600,92880.0,1,F1,1600,,,,,
2025-09-24,2025-09-24,CM,NSE,STK,25231,INE0TR001017,VIESL,SM,,,,,VISION INFRA EQUIP SOL L,216.5,240.0,215.7,234.35,235.0,218.95,,234.35,,,86400,19873960.0,93,F1,800,,,,,
2025-09-24,2025-09-24,CM,NSE,STK,11920,INE0L4K01016,VITAL,SM,,,,,VITAL CHEMTECH LIMITED,55.0,55.0,55.0,55.0,55.0,54.85,,55.0,,,12000,660000.0,3,F1,1200,,,,,
2025-09-24,2025-09-24,CM,NSE,STK,10967,INE0MEG01014,VIVIANA,SM,,,,,VIVIANA POWER TECH LTD,1699.9,1700.0,1629.95,1649.0,1655.0,1658.15,,1649.0,,,12375,20634493.75,89,F1,125,,,,,
2025-09-24,2025-09-24,CM,NSE,STK,7610,INE0IA701014,VIVO,SM,,,,,VIVO COLLAB SOLUTIONS LTD,67.2,67.2,67.2,67.2,67.2,64.0,,67.2,,,1600,107520.0,1,F1,1600,,,,,
2025-09-24,2025-09-24,CM,NSE,STK,18012,INE03HW01020,VLEGOV,EQ,,,,,VL E GOV AND IT SOL LTD,33.1,34.0,32.01,32.68,32.99,32.42,,32.68,,,446070,14673867.49,3360,F1,1,,,,,
2025-09-24,2025-09-24,CM,NSE,STK,3715,INE709A01018,VLSFINANCE,EQ,,,,,VLS FINANCE LTD,227.5,230.19,227.0,227.47,228.37,228.3,,227.47,,,7465,1703827.77,329,F1,1,,,,,
2025-09-24,2025-09-24,CM,NSE,STK,29284,INE665J01013,VMART,EQ,,,,,VMART RETAIL LTD,725.0,725.0,712.0,717.0,717.0,722.6,,717.0,,,332539,238160622.2,8687,F1,1,,,,,
2025-09-24,2025-09-24,CM,NSE,STK,759153,INE0SJA01013,VMSTMT,BE,,,,,VMS TMT LIMITED,104.9,105.0,99.65,99.65,99.65,99.0,,99.67,,,5353619,548463796.0,49624,F1,1,,,,,
2025-09-24,2025-09-24,CM,NSE,STK,14366,INE669E01016,IDEA,EQ,,,,,VODAFONE IDEA LIMITED,8.75,8.8,8.55,8.59,8.61,8.72,,8.59,,,668422957,5788845347.78,176930,F1,1,,,,,
2025-09-24,2025-09-24,CM,NSE,STK,756265,INE669E01016,IDEA,T0,,,,,VODAFONE IDEA LIMITED,8.58,8.58,8.58,8.59,8.58,8.72,,8.59,,,1,8.58,1,F1,1,,,,,
2025-09-24,2025-09-24,CM,NSE,STK,29661,INE241X01014,VOLERCAR,ST,,,,,VOLER CAR LIMITED,229.0,229.0,229.0,229.0,229.0,227.0,,229.0,,,1600,366400.0,1,F1,1600,,,,,
2025-09-24,2025-09-24,CM,NSE,STK,13577,INE540H01012,VOLTAMP,EQ,,,,,VOLTAMP TRANSFORMERS LTD,7150.0,7271.0,7121.0,7157.5,7138.0,7179.0,,7157.5,,,32802,235651625.0,10667,F1,1,,,,,
2025-09-24,2025-09-24,CM,NSE,STK,3718,INE226A01021,VOLTAS,EQ,,,,,VOLTAS LTD,1371.9,1377.0,1355.0,1372.3,1365.3,1372.7,,1372.3,,,1056484,1446742503.6,36407,F1,1,,,,,
2025-09-24,2025-09-24,CM,NSE,STK,24321,INE0S2V01010,VRAJ,EQ,,,,,VRAJ IRON AND STEEL LTD,157.0,157.0,153.0,154.92,156.49,154.16,,154.89,,,14029,2172115.62,574,F1,1,,,,,
2025-09-24,2025-09-24,CM,NSE,STK,8696,INE366I01010,VRLLOG,EQ,,,,,VRL LOGISTICS LIMITED,288.7,288.7,280.35,281.65,281.0,286.85,,281.65,,,128746,36309509.7,6720,F1,1,,,,,
2025-09-24,2025-09-24,CM,NSE,STK,3724,INE710A01016,VSTIND,EQ,,,,,VST INDUSTRIES LTD,266.5,267.3,264.3,264.6,264.75,266.5,,264.6,,,128358,34070345.25,3965,F1,1,,,,,
2025-09-24,2025-09-24,CM,NSE,STK,24292,INE764D01017,VSTTILLERS,EQ,,,,,VST TILLERS TRACTORS LTD,5170.0,5170.0,5075.5,5087.5,5085.0,5135.0,,5087.5,,,6209,31674428.0,1981,F1,1,,,,,
2025-09-24,2025-09-24,CM,NSE,STK,14828,INE100D01014,WSI,EQ,,,,,W.S.INDUSTRIES (I) LTD.,77.49,77.85,74.72,75.24,75.2,77.51,,75.29,,,68129,5138798.8,868,F1,1,,,,,
2025-09-24,2025-09-24,CM,NSE,STK,25907,INE377N01017,WAAREEENER,EQ,,,,,WAAREE ENERGIES LIMITED,3440.6,3579.0,3440.0,3489.9,3503.0,3435.1,,3489.9,,,3044929,10717287292.3,149497,F1,1,,,,,
2025-09-24,2025-09-24,CM,NSE,STK,756038,INE299N01021,WAAREERTL,EQ,,,,,WAAREE RENEWABLE TECH LTD,1051.0,1063.4,1042.6,1057.4,1057.7,1053.9,,1057.4,,,227417,239880342.6,17151,F1,1,,,,,
2025-09-24,2025-09-24,CM,NSE,STK,3736,INE711A01022,WALCHANNAG,EQ,,,,,WALCHANDNAGAR INDUSTRIES,210.0,210.54,199.34,200.56,200.39,209.13,,200.52,,,148478,30273934.85,2672,F1,1,,,,,
2025-09-24,2025-09-24,CM,NSE,STK,5013,INE0G2G01015,WALPAR,SM,,,,,WALPAR NUTRITIONS LIMITED,41.95,41.95,38.3,39.95,41.45,40.3,,39.95,,,44000,1721800.0,21,F1,2000,,,,,
2025-09-24,2025-09-24,CM,NSE,STK,14063,INE107F01022,WANBURY,EQ,,,,,WANBURY LIMITED,252.0,256.0,244.2,250.75,249.5,249.55,,250.75,,,106664,26634068.25,2544,F1,1,,,,,
2025-09-24,2025-09-24,CM,NSE,STK,9862,INE082W01014,WEWIN,EQ,,,,,WE WIN LIMITED,49.5,50.52,49.5,49.99,49.5,50.4,,49.96,,,4362,217979.51,18,F1,1,,,,,
2025-09-24,2025-09-24,CM,NSE,STK,1923,INE658T01017,WEALTH,EQ,,,,,WEALTH FRST PORT. MG. LTD,1214.6,1223.9,1196.1,1204.4,1209.0,1214.7,,1204.4,,,2687,3241892.1,495,F1,1,,,,,
2025-09-24,2025-09-24,CM,NSE,STK,14602,INE855C01015,WEBELSOLAR,EQ,,,,,WEBSOL ENERGY SYSTEM LTD,1264.7,1277.9,1256.9,1260.9,1264.0,1264.7,,1260.9,,,94786,120111025.7,6368,F1,1,,,,,
2025-09-24,2025-09-24,CM,NSE,STK,3748,INE080A01014,WEIZMANIND,EQ,,,,,WEIZMANN LTD,114.01,114.99,110.85,111.65,110.85,111.8,,111.8,,,1131,126835.25,140,F1,1,,,,,
2025-09-24,2025-09-24,CM,NSE,STK,11821,INE191B01025,WELCORP,EQ,,,,,WELSPUN CORP LIMITED,880.0,888.0,875.0,879.7,880.0,883.15,,879.6,,,161656,142343459.25,9413,F1,1,,,,,
2025-09-24,2025-09-24,CM,NSE,STK,11626,INE625G01013,WELENT,EQ,,,,,WELSPUN ENTERPRISES LTD.,545.1,550.0,535.05,536.45,535.6,547.9,,536.35,,,186564,101320843.7,6742,F1,1,,,,,
2025-09-24,2025-09-24,CM,NSE,STK,19804,INE389K01018,WELINV,BE,,,,,WELSPUN INV & COMM LTD,1020.0,1022.0,1020.0,1022.0,1022.0,1022.0,,1021.0,,,60,61300.0,6,F1,1,,,,,
2025-09-24,2025-09-24,CM,NSE,STK,11253,INE192B01031,WELSPUNLIV,EQ,,,,,WELSPUN LIVING LIMITED,121.97,122.98,121.02,122.19,122.29,121.97,,122.19,,,1276221,155757358.5,11795,F1,1,,,,,
2025-09-24,2025-09-24,CM,NSE,STK,4235,INE274C01019,WENDT,EQ,,,,,WENDT (INDIA) LIMITED,9420.0,9438.5,9231.0,9267.5,9267.5,9422.0,,9268.5,,,9064,84751523.0,2535,F1,1,,,,,
2025-09-24,2025-09-24,CM,NSE,STK,3799,INE976A01021,WSTCSTPAPR,EQ,,,,,WEST COAST PAPER MILLS LT,479.5,481.7,474.05,480.8,480.25,478.7,,480.65,,,24801,11898749.35,1171,F1,1,,,,,
2025-09-24,2025-09-24,CM,NSE,STK,25403,INE0CJF01024,WCIL,EQ,,,,,WESTERN CARRIERS (IND) L,143.0,143.2,138.1,139.02,138.6,142.69,,139.05,,,530668,74844829.94,6522,F1,1,,,,,
2025-09-24,2025-09-24,CM,NSE,STK,11580,INE274F01020,WESTLIFE,EQ,,,,,WESTLIFE FOODWORLD LTD,712.3,712.3,696.5,700.55,700.0,712.3,,700.55,,,90009,63381173.25,13770,F1,1,,,,,
2025-09-24,2025-09-24,CM,NSE,STK,3766,INE715A01015,WHEELS,EQ,,,,,WHEELS INDIA LTD,835.7,911.95,835.7,862.3,865.0,809.15,,862.2,,,1424432,1244893582.05,60774,F1,1,,,,,
2025-09-24,2025-09-24,CM,NSE,STK,18011,INE716A01013,WHIRLPOOL,EQ,,,,,WHIRLPOOL OF INDIA LTD,1307.7,1329.1,1290.0,1296.0,1301.9,1320.9,,1296.0,,,124810,162468840.1,8229,F1,1,,,,,
2025-09-24,2025-09-24,CM,NSE,STK,3772,INE210A01017,WILLAMAGOR,EQ,,,,,WILLIAMSON MAGOR,32.5,35.7,32.28,33.53,33.57,32.34,,33.51,,,44676,1533351.35,716,F1,1,,,,,
2025-09-24,2025-09-24,CM,NSE,STK,5366,INE0H5O01029,WINDLAS,EQ,,,,,WINDLAS BIOTECH LIMITED,941.4,947.15,932.0,935.0,934.0,941.4,,935.0,,,26033,24426841.5,1617,F1,1,,,,,
2025-09-24,2025-09-24,CM,NSE,STK,24969,INE052A01021,WINDMACHIN,EQ,,,,,WINDSOR MACHINES LIMITED,293.35,294.1,286.6,288.3,287.0,292.2,,288.3,,,27677,8006111.15,1531,F1,1,,,,,
2025-09-24,2025-09-24,CM,NSE,STK,23714,INE0S3D01016,WINSOL,SM,,,,,WINSOL ENGINEERS LIMITED,193.7,193.7,188.0,188.35,188.0,191.1,,188.35,,,6400,1219540.0,16,F1,400,,,,,
2025-09-24,2025-09-24,CM,NSE,STK,14757,INE784B01035,WINSOME,BZ,,,,,WINSOME YARNS LIMITED,2.05,2.05,2.0,2.04,2.05,2.05,,2.05,,,12540,25204.75,12,F1,1,,,,,
2025-09-24,2025-09-24,CM,NSE,STK,3787,INE075A01022,WIPRO,EQ,,,,,WIPRO LTD,248.33,249.12,244.25,244.59,244.88,249.63,,244.59,,,7888797,1937112798.8,119211,F1,1,,,,,
2025-09-24,2025-09-24,CM,NSE,STK,22728,INE623Y01011,WTICAB,ST,,,,,WISE TRAVEL INDIA LIMITED,170.0,170.05,166.55,166.55,166.55,172.95,,166.55,,,4000,677875.0,8,F1,500,,,,,
2025-09-24,2025-09-24,CM,NSE,STK,7506,INE049B01025,WOCKPHARMA,EQ,,,,,WOCKHARDT LIMITED,1476.9,1509.4,1455.5,1490.1,1487.3,1476.9,,1490.1,,,291416,431630715.0,16462,F1,1,,,,,
2025-09-24,2025-09-24,CM,NSE,STK,25602,INE0OO201011,WOL3D,SM,,,,,WOL 3D INDIA LIMITED,135.05,138.95,135.0,136.65,137.0,135.0,,136.65,,,8000,1091750.0,8,F1,1000,,,,,
2025-09-24,2025-09-24,CM,NSE,STK,19627,INE0Q9601016,WOMANCART,SM,,,,,WOMANCART LIMITED,243.0,246.55,236.0,238.55,237.0,242.25,,238.55,,,16400,3912940.0,31,F1,400,,,,,
2025-09-24,2025-09-24,CM,NSE,STK,7835,INE02WG01024,WEL,EQ,,,,,WONDER ELECTRICALS LTD,156.0,157.69,151.5,153.77,152.18,157.19,,153.83,,,204657,31535506.89,2516,F1,1,,,,,
2025-09-24,2025-09-24,CM,NSE,STK,3002,INE066O01014,WONDERLA,EQ,,,,,WONDERLA HOLIDAYS LTD.,630.45,632.0,619.95,623.95,623.4,630.0,,623.9,,,15377,9610156.35,1278,F1,1,,,,,
2025-09-24,2025-09-24,CM,NSE,STK,22277,INE196Y01018,WORTH,EQ,,,,,WORTH PERIPHERALS LIMITED,160.55,161.99,157.0,157.88,157.0,159.88,,157.88,,,16238,2589998.59,936,F1,1,,,,,
2025-09-24,2025-09-24,CM,NSE,STK,11705,INE692G01013,XCHANGING,EQ,,,,,XCHANGING SOLUTIONS LTD,87.4,87.48,85.9,86.1,86.73,87.0,,86.13,,,78727,6804051.41,1118,F1,1,,,,,
2025-09-24,2025-09-24,CM,NSE,STK,8477,INE01P501012,XELPMOC,EQ,,,,,XELPMOC DESIGN & TECH LTD,109.0,112.3,105.2,105.78,105.31,108.75,,105.79,,,34295,3734905.88,920,F1,1,,,,,
2025-09-24,2025-09-24,CM,NSE,STK,11407,INE445C01015,XPROINDIA,EQ,,,,,XPRO INDIA LIMITED,1191.0,1241.0,1181.0,1199.8,1198.1,1191.0,,1199.7,,,62969,76927685.6,7176,F1,1,,,,,
2025-09-24,2025-09-24,CM,NSE,STK,25235,INE547B01028,XTGLOBAL,EQ,,,,,XTGLOBAL INFOTECH LIMITED,41.75,42.62,40.11,40.4,40.26,42.3,,40.41,,,85261,3495843.81,1459,F1,1,,,,,
2025-09-24,2025-09-24,CM,NSE,STK,23458,INE0TO601017,YASHOPTICS,ST,,,,,YASH OPTICS & LENS LTD,146.0,146.0,143.0,143.5,143.5,146.95,,143.5,,,12800,1843040.0,8,F1,1600,,,,,
2025-09-24,2025-09-24,CM,NSE,STK,18131,INE616Z01012,YASHO,EQ,,,,,YASHO INDUSTRIES LIMITED,1675.1,1694.8,1655.1,1690.4,1693.0,1684.8,,1690.3,,,9364,15679307.8,1646,F1,1,,,,,
2025-09-24,2025-09-24,CM,NSE,STK,17627,INE08S201019,YCCL,SM,,,,,YASONS CHEMEX CARE LTD,12.25,12.25,12.25,12.25,12.25,12.25,,12.25,,,3000,36750.0,1,F1,3000,,,,,
2025-09-24,2025-09-24,CM,NSE,STK,17738,INE0JO301016,YATHARTH,EQ,,,,,YATHARTH HOSP & TRA C S L,783.85,796.35,777.2,784.95,787.0,784.55,,784.95,,,428925,339186534.35,28627,F1,1,,,,,
2025-09-24,2025-09-24,CM,NSE,STK,18760,INE0JR601024,YATRA,EQ,,,,,YATRA ONLINE LIMITED,147.2,149.9,145.61,149.01,148.0,146.84,,149.01,,,1174641,174041662.13,11518,F1,1,,,,,
2025-09-24,2025-09-24,CM,NSE,STK,11915,INE528G01035,YESBANK,EQ,,,,,YES BANK LIMITED,21.34,21.55,21.15,21.19,21.19,21.38,,21.19,,,76509671,1634229986.48,84102,F1,1,,,,,
2025-09-24,2025-09-24,CM,NSE,STK,18040,INE09FA01019,YUDIZ,SM,,,,,YUDIZ SOLUTIONS LIMITED,28.7,31.5,28.7,31.5,31.5,30.0,,31.5,,,3200,96360.0,4,F1,800,,,,,
2025-09-24,2025-09-24,CM,NSE,STK,5501,INE384C01016,YUKEN,EQ,,,,,YUKEN INDIA LIMITED,997.7,997.7,975.8,977.2,979.9,992.4,,977.2,,,2916,2870651.3,488,F1,1,,,,,
2025-09-24,2025-09-24,CM,NSE,STK,23976,INE0ISZ01012,ZTECH,SM,,,,,Z-TECH (INDIA) LIMITED,603.0,605.0,591.35,594.4,592.0,603.85,,594.4,,,12900,7741635.0,40,F1,300,,,,,
2025-09-24,2025-09-24,CM,NSE,STK,18608,INE07K301024,ZAGGLE,EQ,,,,,ZAGGLE PREPA OCEAN SER L,358.85,360.7,350.85,353.0,353.9,360.7,,353.0,,,607614,215032371.55,14553,F1,1,,,,,
2025-09-24,2025-09-24,CM,NSE,STK,17766,INE0PPS01018,ZEAL,SM,,,,,ZEAL GLOBAL SERVICES LTD,121.5,124.75,119.0,121.0,120.0,120.9,,121.0,,,27000,3261450.0,39,F1,600,,,,,
2025-09-24,2025-09-24,CM,NSE,STK,3812,INE256A01028,ZEEL,EQ,,,,,ZEE ENTERTAINMENT ENT LTD,117.93,118.38,115.8,116.09,116.08,118.14,,116.09,,,4115775,480563045.45,28287,F1,1,,,,,
2025-09-24,2025-09-24,CM,NSE,STK,20852,INE565L01011,ZEELEARN,EQ,,,,,ZEE LEARN LIMITED,9.99,9.99,9.5,9.53,9.58,9.69,,9.53,,,449916,4353355.36,888,F1,1,,,,,
2025-09-24,2025-09-24,CM,NSE,STK,14003,INE966H01019,ZEEMEDIA,EQ,,,,,ZEE MEDIA CORPORATION LTD,12.38,12.39,12.14,12.21,12.22,12.39,,12.21,,,1151666,14128191.09,1907,F1,1,,,,,
2025-09-24,2025-09-24,CM,NSE,STK,7508,INE251B01027,ZENTEC,EQ,,,,,ZEN TECHNOLOGIES LIMITED,1609.7,1617.0,1523.4,1533.2,1534.0,1603.5,,1532.8,,,389609,607577623.1,18315,F1,1,,,,,
2025-09-24,2025-09-24,CM,NSE,STK,22803,INE0QWN01013,ZENITHDRUG,SM,,,,,ZENITH DRUGS LIMITED,67.45,69.0,67.45,68.6,68.6,67.7,,68.6,,,5600,381320.0,7,F1,800,,,,,
2025-09-24,2025-09-24,CM,NSE,STK,4176,INE058B01018,ZENITHEXPO,EQ,,,,,ZENITH EXPORTS LTD,262.5,278.35,260.6,263.6,261.0,274.15,,263.7,,,2933,775778.2,167,F1,1,,,,,
2025-09-24,2025-09-24,CM,NSE,STK,14562,INE318D01020,ZENITHSTL,EQ,,,,,ZENITH STEEL PIP IND LTD,7.54,7.54,7.2,7.31,7.33,7.44,,7.3,,,127144,930651.76,281,F1,1,,,,,
2025-09-24,2025-09-24,CM,NSE,STK,1076,INE520A01027,ZENSARTECH,EQ,,,,,ZENSAR TECHNOLOGIES  LTD,808.8,813.75,801.4,808.0,808.0,808.1,,808.0,,,188824,152683701.8,19117,F1,1,,,,,
2025-09-24,2025-09-24,CM,NSE,STK,22901,INF0R8F01042,GOLDCASE,EQ,,,,,ZERODHAAMC - GOLDCASE,18.24,18.24,17.85,17.97,17.98,18.06,,17.97,,,7420245,133459773.81,6057,F1,1,,,,,
2025-09-24,2025-09-24,CM,NSE,STK,21750,INF0R8F01034,LIQUIDCASE,EQ,,,,,ZERODHAAMC - LIQUIDCASE,110.58,110.58,110.56,110.56,110.57,110.56,,110.56,,,5951413,658033945.93,9927,F1,1,,,,,
2025-09-24,2025-09-24,CM,NSE,STK,758705,INF0R8F01133,LTGILTCASE,EQ,,,,,ZERODHAAMC - LTGILTCASE,29.49,29.54,29.4,29.5,29.4,29.49,,29.5,,,111483,3292680.25,112,F1,1,,,,,
2025-09-24,2025-09-24,CM,NSE,STK,24077,INF0R8F01059,MID150CASE,EQ,,,,,ZERODHAAMC - MID150CASE,10.8,10.87,10.71,10.74,10.74,10.84,,10.74,,,1458619,15707727.93,4360,F1,1,,,,,
2025-09-24,2025-09-24,CM,NSE,STK,30274,INF0R8F01091,SILVERCASE,EQ,,,,,ZERODHAAMC - SILVERCASE,14.08,14.15,13.6,13.76,13.75,13.74,,13.76,,,3764705,51869292.04,3574,F1,1,,,,,
2025-09-24,2025-09-24,CM,NSE,STK,758955,INF0R8F01141,SML100CASE,EQ,,,,,ZERODHAAMC - SML100CASE,10.31,10.35,10.19,10.2,10.25,10.26,,10.2,,,228691,2340238.45,359,F1,1,,,,,
2025-09-24,2025-09-24,CM,NSE,STK,24081,INF0R8F01067,TOP100CASE,EQ,,,,,ZERODHAAMC - TOP100CASE,11.12,11.12,10.72,10.73,10.76,10.8,,10.73,,,824371,8856358.22,1251,F1,1,,,,,
2025-09-24,2025-09-24,CM,NSE,STK,16915,INE342J01019,ZFCVINDIA,EQ,,,,,ZF COM VE CTR SYS IND LTD,12999.0,13079.0,12914.0,12944.0,12931.0,12999.0,,12944.0,,,5143,66833844.0,2792,F1,1,,,,,
2025-09-24,2025-09-24,CM,NSE,STK,12384,INE518E01015,ZIMLAB,EQ,,,,,ZIM LABORATORIES LIMITED,75.8,76.19,74.04,74.53,75.8,75.87,,74.53,,,30737,2297727.35,365,F1,1,,,,,
2025-09-24,2025-09-24,CM,NSE,STK,3821,INE206B01013,ZODIACLOTH,EQ,,,,,ZODIAC CLOTHING CO. LTD.,103.92,103.92,101.2,101.76,101.6,103.4,,101.62,,,13932,1426054.14,530,F1,1,,,,,
2025-09-24,2025-09-24,CM,NSE,STK,7138,INE761Y01019,ZODIAC,BE,,,,,ZODIAC ENERGY LIMITED,397.95,408.0,389.05,397.5,393.6,398.0,,397.5,,,12580,5020790.1,345,F1,1,,,,,
2025-09-24,2025-09-24,CM,NSE,STK,11394,INE358U01012,ZOTA,EQ,,,,,ZOTA HEALTH CARE LIMITED,1463.1,1514.6,1445.7,1462.7,1461.1,1466.2,,1462.7,,,71986,106744632.5,9055,F1,1,,,,,
2025-09-24,2025-09-24,CM,NSE,STK,29050,INE840M01016,ZUARI,EQ,,,,,ZUARI AGRO CHEMICALS LTD,274.0,287.9,270.25,287.9,287.9,274.2,,287.9,,,895154,252033755.0,10082,F1,1,,,,,
2025-09-24,2025-09-24,CM,NSE,STK,3827,INE217A01012,ZUARIIND,EQ,,,,,ZUARI INDUSTRIES LIMITED,314.7,376.05,313.8,376.05,376.05,313.4,,376.05,,,5865842,2099058638.3,82109,F1,1,,,,,
2025-09-24,2025-09-24,CM,NSE,STK,7929,INE010B01027,ZYDUSLIFE,EQ,,,,,ZYDUS LIFESCIENCES LTD,1047.7,1048.4,1033.45,1036.0,1034.6,1044.85,,1036.0,,,657285,682601835.65,27360,F1,1,,,,,
2025-09-24,2025-09-24,CM,NSE,STK,17635,INE768C01028,ZYDUSWELL,EQ,,,,,ZYDUS WELLNESS LIMITED,473.4,489.0,462.0,485.7,486.1,473.8,,485.7,,,458218,218166843.4,25056,F1,1,,,,,
