TradDt,BizDt,Sgmt,Src,FinInstrmTp,FinInstrmId,ISIN,SYMBOL,SERIES,XpryDt,FininstrmActlXpryDt,StrkPric,OptnTp,FinInstrmNm,OpnPric,HghPric,LwPric,CLOSE,LastPric,PrvsClsgPric,UndrlygPric,SttlmPric,OpnIntrst,ChngInOpnIntrst,TOTTRDQTY,TOTTRDVAL,TtlNbOfTxsExctd,SsnId,NewBrdLotQty,Rmks,Rsvd1,Rsvd2,Rsvd3,Rsvd4
2026-04-22,2026-04-22,CM,NSE,STK,19078,IN0020200104,SGBJUN28,GB,,,,,2.5%GOLDBONDS2028SR-III,15345.0,15345.0,15100.0,15130.0,15130.0,15140.0,,15102.0,,,223,3370927.6,31,F1,1,,,,,
2026-04-22,2026-04-22,CM,NSE,STK,1342,IN0020200286,SGBN28VIII,GB,,,,,2.5%GOLDBONDS2028SR-VIII,15164.06,15199.02,15128.0,15150.0,15150.0,15168.06,,15150.0,,,155,2348241.55,27,F1,1,,,,,
2026-04-22,2026-04-22,CM,NSE,STK,3742,IN0020210053,SGBMAY29I,GB,,,,,2.5%GOLDBONDS2029SR-I,15172.85,15192.99,15120.03,15150.11,15150.0,15172.85,,15150.11,,,584,8847568.99,54,F1,1,,,,,
2026-04-22,2026-04-22,CM,NSE,STK,3743,IN0020210061,SGBJUN29II,GB,,,,,2.5%GOLDBONDS2029SR-II,15100.0,15145.0,15100.0,15110.02,15110.01,15148.35,,15110.02,,,71,1073875.16,14,F1,1,,,,,
2026-04-22,2026-04-22,CM,NSE,STK,3800,IN0020210087,SGBJU29III,GB,,,,,2.5%GOLDBONDS2029SR-III,15070.0,15130.0,15070.0,15101.01,15101.01,15130.0,,15101.01,,,110,1659900.78,36,F1,1,,,,,
2026-04-22,2026-04-22,CM,NSE,STK,5575,IN0020210145,SGBSEP29VI,GB,,,,,2.5%GOLDBONDS2029SR-VI,15059.01,15125.0,15050.0,15123.15,15125.0,15140.9,,15126.35,,,1011,15250300.55,127,F1,1,,,,,
2026-04-22,2026-04-22,CM,NSE,STK,6518,IN0020210178,SGBNV29VII,GB,,,,,2.5%GOLDBONDS2029SR-VII,15075.0,15229.99,15075.0,15149.86,15149.99,15181.57,,15149.86,,,195,2954662.81,45,F1,1,,,,,
2026-04-22,2026-04-22,CM,NSE,STK,2891,IN0020180033,SGBMAY26,GB,,,,,2.50%GOLDBONDS2026SR-I,15195.0,15219.38,15110.02,15158.57,15150.0,15152.01,,15158.57,,,86,1306533.5,22,F1,1,,,,,
2026-04-22,2026-04-22,CM,NSE,STK,5960,IN0020180249,SGBOCT26,GB,,,,,2.50%GOLDBONDS2026SR-II,15160.0,15160.0,14911.01,15043.2,15043.2,15100.0,,15043.2,,,31,469594.2,9,F1,1,,,,,
2026-04-22,2026-04-22,CM,NSE,STK,6355,IN0020180314,SGBNOV26,GB,,,,,2.50%GOLDBONDS2026SR-III,15220.0,15220.0,15150.0,15150.0,15150.0,15172.76,,15150.0,,,7,106190.0,3,F1,1,,,,,
2026-04-22,2026-04-22,CM,NSE,STK,7654,IN0020180389,SGBDEC26,GB,,,,,2.50%GOLDBONDS2026SR-IV,15100.0,15199.99,15091.01,15091.5,15091.01,15100.0,,15091.5,,,58,876814.69,24,F1,1,,,,,
2026-04-22,2026-04-22,CM,NSE,STK,10261,IN0020190073,SGBJUN27,GB,,,,,2.50%GOLDBONDS2027SR-I,15100.0,15100.0,15050.04,15051.98,15051.0,15111.0,,15051.98,,,32,481663.6,4,F1,1,,,,,
2026-04-22,2026-04-22,CM,NSE,STK,11154,IN0020190081,SGBJUL27,GB,,,,,2.50%GOLDBONDS2027SR-II,15169.99,15169.99,15169.99,15169.99,15169.99,15100.0,,15169.99,,,2,30339.98,2,F1,1,,,,,
2026-04-22,2026-04-22,CM,NSE,STK,12904,IN0020190107,SGBAUG27,GB,,,,,2.50%GOLDBONDS2027SR-III,15048.53,15197.0,15045.0,15143.67,15135.83,15124.15,,15135.8,,,57,862083.95,18,F1,1,,,,,
2026-04-22,2026-04-22,CM,NSE,STK,13209,IN0020190115,SGBSEP27,GB,,,,,2.50%GOLDBONDS2027SR-IV,15114.34,15180.0,15020.01,15099.99,15099.99,15061.62,,15099.99,,,65,981229.38,17,F1,1,,,,,
2026-04-22,2026-04-22,CM,NSE,STK,8766,IN0020180561,SGBFEB27,GB,,,,,2.50%GOLDBONDS2027SR-VI,15200.0,15200.0,15200.0,15200.0,15200.0,15200.0,,15200.0,,,9,136800.0,3,F1,1,,,,,
2026-04-22,2026-04-22,CM,NSE,STK,15432,IN0020190461,SGBDC27VII,GB,,,,,2.50%GOLDBONDS2027SR-VII,15179.99,15179.99,15179.99,15179.99,15179.99,15179.99,,15100.5,,,1,15179.99,1,F1,1,,,,,
2026-04-22,2026-04-22,CM,NSE,STK,18862,IN0020200062,SGBAPR28I,GB,,,,,2.50%GOLDBONDS2028SR-I,15130.0,15189.99,15120.0,15144.0,15144.0,15169.17,,15144.0,,,264,3994581.15,40,F1,1,,,,,
2026-04-22,2026-04-22,CM,NSE,STK,18972,IN0020200088,SGBMAY28,GB,,,,,2.50%GOLDBONDS2028SR-II,15159.67,15200.0,15080.1,15150.27,15190.0,15163.67,,15150.27,,,613,9285177.82,60,F1,1,,,,,
2026-04-22,2026-04-22,CM,NSE,STK,22242,IN0020200146,SGBJUL28IV,GB,,,,,2.50%GOLDBONDS2028SR-IV,15110.0,15140.0,15068.0,15104.37,15100.0,15140.41,,15109.01,,,144,2175002.98,42,F1,1,,,,,
2026-04-22,2026-04-22,CM,NSE,STK,17664,IN0020190545,SGBFEB28IX,GB,,,,,2.50%GOLDBONDS2028SR-IX,15090.0,15090.0,15090.0,15090.0,15090.0,15150.0,,15090.0,,,8,120720.0,2,F1,1,,,,,
2026-04-22,2026-04-22,CM,NSE,STK,22385,IN0020200161,SGBAUG28V,GB,,,,,2.50%GOLDBONDS2028SR-V,15142.0,15143.99,15093.0,15099.45,15100.0,15141.06,,15099.54,,,1270,19186222.76,180,F1,1,,,,,
2026-04-22,2026-04-22,CM,NSE,STK,149,IN0020200195,SGBSEP28VI,GB,,,,,2.50%GOLDBONDS2028SR-VI,15100.0,15125.0,15060.0,15082.09,15110.0,15118.6,,15082.22,,,334,5042338.58,70,F1,1,,,,,
2026-04-22,2026-04-22,CM,NSE,STK,834,IN0020200203,SGBOC28VII,GB,,,,,2.50%GOLDBONDS2028SR-VII,15175.0,15175.0,15097.68,15115.0,15115.0,15175.0,,15115.0,,,57,863177.16,16,F1,1,,,,,
2026-04-22,2026-04-22,CM,NSE,STK,17110,IN0020190537,SGBJ28VIII,GB,,,,,2.50%GOLDBONDS2028SR-VIII,15111.0,15140.99,15008.0,15056.01,15056.01,15114.69,,15056.01,,,30,451595.08,5,F1,1,,,,,
2026-04-22,2026-04-22,CM,NSE,STK,5113,IN0020210111,SGBJUL29IV,GB,,,,,2.50%GOLDBONDS2029SR-IV,15115.0,15140.0,15115.0,15125.63,15115.0,15175.0,,15125.63,,,21,317501.9,7,F1,1,,,,,
2026-04-22,2026-04-22,CM,NSE,STK,1920,IN0020200377,SGBJAN29IX,GB,,,,,2.50%GOLDBONDS2029SR-IX,15099.0,15160.0,15099.0,15126.55,15100.0,15158.0,,15126.55,,,97,1466218.2,26,F1,1,,,,,
2026-04-22,2026-04-22,CM,NSE,STK,5455,IN0020210129,SGBAUG29V,GB,,,,,2.50%GOLDBONDS2029SR-V,15123.0,15195.0,15100.0,15116.0,15116.0,15153.73,,15138.0,,,125,1893143.82,37,F1,1,,,,,
2026-04-22,2026-04-22,CM,NSE,STK,7098,IN0020210228,SGBD29VIII,GB,,,,,2.50%GOLDBONDS2029SR-VIII,15210.0,15287.99,15099.13,15150.24,15111.0,15211.86,,15148.28,,,119,1805329.74,48,F1,1,,,,,
2026-04-22,2026-04-22,CM,NSE,STK,2003,IN0020200385,SGBJAN29X,GB,,,,,2.50%GOLDBONDS2029SR-X,15249.0,15249.0,15025.51,15101.11,15101.22,15151.0,,15101.11,,,189,2853065.46,24,F1,1,,,,,
2026-04-22,2026-04-22,CM,NSE,STK,2200,IN0020200393,SGBFEB29XI,GB,,,,,2.50%GOLDBONDS2029SR-XI,15021.0,15219.9,15020.0,15150.0,15150.0,15290.0,,15150.0,,,43,651364.8,10,F1,1,,,,,
2026-04-22,2026-04-22,CM,NSE,STK,2810,IN0020200427,SGBMR29XII,GB,,,,,2.50%GOLDBONDS2029SR-XII,15279.99,15279.99,15061.0,15101.52,15100.0,15132.85,,15101.51,,,385,5817231.71,62,F1,1,,,,,
2026-04-22,2026-04-22,CM,NSE,STK,10232,IN0020220045,SGBJUN30,GB,,,,,2.50%GOLDBONDS2030SR-I,15350.0,15350.0,15150.0,15173.9,15150.0,15290.0,,15173.38,,,36,549446.0,17,F1,1,,,,,
2026-04-22,2026-04-22,CM,NSE,STK,11192,IN0020220078,SGBAUG30,GB,,,,,2.50%GOLDBONDS2030SR-II,15298.9,15597.99,15126.2,15332.02,15300.0,15302.11,,15332.02,,,189,2902373.43,60,F1,1,,,,,
2026-04-22,2026-04-22,CM,NSE,STK,13642,IN0020220110,SGBDE30III,GB,,,,,2.50%GOLDBONDS2030SR-III,15302.37,15469.0,15175.03,15322.59,15301.0,15372.37,,15342.71,,,112,1717524.85,44,F1,1,,,,,
2026-04-22,2026-04-22,CM,NSE,STK,7879,IN0020210236,SGBJAN30IX,GB,,,,,2.50%GOLDBONDS2030SR-IX,15225.0,15279.99,15150.0,15237.0,15237.0,15233.66,,15198.75,,,189,2872939.72,48,F1,1,,,,,
2026-04-22,2026-04-22,CM,NSE,STK,8401,IN0020210319,SGBMAR30X,GB,,,,,2.50%GOLDBONDS2030SR-X,15250.0,15399.0,15175.01,15201.01,15201.01,15214.63,,15201.01,,,151,2301650.53,24,F1,1,,,,,
2026-04-22,2026-04-22,CM,NSE,STK,17202,IN0020230069,SGBJUN31I,GB,,,,,2.50%GOLDBONDS2031SR-I,15699.99,15739.99,15561.02,15690.25,15700.0,15644.5,,15683.01,,,188,2944957.6,53,F1,1,,,,,
2026-04-22,2026-04-22,CM,NSE,STK,19456,IN0020230093,SGBSEP31II,GB,,,,,2.50%GOLDBONDS2031SR-II,15755.99,15889.99,15555.2,15705.58,15730.0,15755.99,,15675.07,,,1028,16152130.27,195,F1,1,,,,,
2026-04-22,2026-04-22,CM,NSE,STK,22476,IN0020230168,SGBDE31III,GB,,,,,2.50%GOLDBONDS2031SR-III,15796.47,15880.0,15601.0,15777.63,15850.0,15796.47,,15784.55,,,1058,16730570.32,270,F1,1,,,,,
2026-04-22,2026-04-22,CM,NSE,STK,14598,IN0020220169,SGBMAR31IV,GB,,,,,2.50%GOLDBONDS2031SR-IV,15406.05,15689.0,15406.05,15583.81,15590.0,15650.0,,15585.52,,,282,4381694.98,71,F1,1,,,,,
2026-04-22,2026-04-22,CM,NSE,STK,22886,IN0020230184,SGBFEB32IV,GB,,,,,2.50%GOLDBONDS2032SR-IV,16098.9,16298.0,16090.0,16191.89,16200.0,16118.5,,16187.35,,,884,14325107.65,204,F1,1,,,,,
2026-04-22,2026-04-22,CM,NSE,STK,16921,INE144J01027,20MICRONS,EQ,,,,,20 MICRONS LTD,178.14,179.58,177.1,178.38,179.24,177.43,,178.38,,,65747,11727633.96,1374,F1,1,,,,,
2026-04-22,2026-04-22,CM,NSE,STK,4,INE253B01015,21STCENMGM,EQ,,,,,21ST CENTURY MGMT SERVICE,34.31,34.38,34.31,34.38,34.38,33.71,,34.38,,,4514,155121.32,14,F1,1,,,,,
2026-04-22,2026-04-22,CM,NSE,STK,13061,INE466L01038,360ONE,EQ,,,,,360 ONE WAM LIMITED,1114.0,1123.8,1042.0,1054.9,1055.0,1108.35,,1054.95,,,5903548,6308165352.5,127390,F1,1,,,,,
2026-04-22,2026-04-22,CM,NSE,STK,30105,INF579M01BB5,GOLD360,EQ,,,,,360ONEAMC - GOLD360,147.85,148.35,146.6,147.15,147.0,147.9,,147.05,,,17437,2566987.35,332,F1,1,,,,,
2026-04-22,2026-04-22,CM,NSE,STK,756150,INF579M01BC3,SILVER360,EQ,,,,,360ONEAMC - SILVER360,242.19,243.7,241.16,242.6,243.4,243.53,,242.6,,,33203,8052472.68,786,F1,1,,,,,
2026-04-22,2026-04-22,CM,NSE,STK,762518,INE994E01018,3BBLACKBIO,EQ,,,,,3B BLACKBIO DX LTD.,1399.0,1399.0,1341.05,1355.15,1350.1,1388.05,,1354.0,,,3250,4448552.7,507,F1,1,,,,,
2026-04-22,2026-04-22,CM,NSE,STK,6232,INE748C01038,3IINFOLTD,EQ,,,,,3I INFOTECH LIMITED,17.64,17.94,17.4,17.86,17.87,17.65,,17.86,,,868528,15347397.4,1506,F1,1,,,,,
2026-04-22,2026-04-22,CM,NSE,STK,474,INE470A01017,3MINDIA,EQ,,,,,3M INDIA LIMITED,31700.0,33055.0,31680.0,32550.0,32645.0,31585.0,,32550.0,,,22561,725686895.0,8719,F1,1,,,,,
2026-04-22,2026-04-22,CM,NSE,STK,2595,INE105C01023,3PLAND,EQ,,,,,3P LAND HOLDINGS LIMITED,35.25,36.45,35.1,36.29,36.27,35.15,,36.24,,,1846,66545.49,99,F1,1,,,,,
2026-04-22,2026-04-22,CM,NSE,STK,445,INE618L01018,5PAISA,EQ,,,,,5PAISA CAPITAL LIMITED,325.0,346.32,323.23,338.54,337.2,325.6,,338.63,,,115884,39115726.28,2991,F1,1,,,,,
2026-04-22,2026-04-22,CM,NSE,STK,11868,INE111B01023,63MOONS,EQ,,,,,63 MOONS TECHNOLOGIES LTD,727.95,739.25,705.4,711.1,711.05,727.95,,711.1,,,297829,214916379.65,7364,F1,1,,,,,
2026-04-22,2026-04-22,CM,NSE,STK,29323,INE053F07579,734IRFC28,N4,,,,,7.34 NCD 19FEB28 TR1 SR2,1065.0,1086.9,1059.01,1086.9,1086.9,1059.01,,1086.4,,,266,282796.76,3,F1,1,,,,,
2026-04-22,2026-04-22,CM,NSE,STK,29312,INE031A07865,751HUDCO28,N5,,,,,7.51 NCD 16FEB28 TR1 SR2,1045.0,1045.0,1045.0,1045.0,1045.0,1044.9,,1045.0,,,250,261250.0,1,F1,1,,,,,
2026-04-22,2026-04-22,CM,NSE,STK,20034,INE261F07032,764NABAR31,N2,,,,,7.64% TAX FREE TRI SRIIB,1095.0,1095.5,1095.0,1095.09,1095.0,1099.42,,1095.09,,,5800,6351090.0,12,F1,1,,,,,
2026-04-22,2026-04-22,CM,NSE,STK,19928,INE031A07AO5,764HUDCO31,N8,,,,,7.64% TAX FREETRI SR2B,1109.75,1109.75,1109.75,1109.75,1109.75,1110.0,,1109.75,,,1,1109.75,1,F1,1,,,,,
2026-04-22,2026-04-22,CM,NSE,STK,19930,INE031A07AT4,769HUDCO31,N9,,,,,7.69% TAX FREETRII SR2B,1117.0,1117.0,1117.0,1117.0,1117.0,1117.0,,1117.0,,,20,22340.0,1,F1,1,,,,,
2026-04-22,2026-04-22,CM,NSE,STK,20030,INE202E07229,774IREDA31,N7,,,,,7.74% TAX FREE NCD,1106.0,1106.0,1106.0,1106.0,1106.0,1113.89,,1106.0,,,15,16590.0,1,F1,1,,,,,
2026-04-22,2026-04-22,CM,NSE,STK,31240,INE031A07840,82HUDCO27,N2,,,,,8.20 NCD05MAR27 FV 1000,1028.15,1028.15,1028.1,1028.1,1028.1,1034.98,,1030.55,,,200,205623.52,4,F1,1,,,,,
2026-04-22,2026-04-22,CM,NSE,STK,186,INE906B07DE1,850NHAI29,N5,,,,,8.50% TAX FREE TR I S IIA,1080.0,1234.8,1077.6,1091.17,1090.1,1075.4,,1091.17,,,451,545107.45,8,F1,1,,,,,
2026-04-22,2026-04-22,CM,NSE,STK,20056,INE787H07347,866IIFC34B,N3,,,,,8.66% TAX FREE NCD,1230.0,1230.0,1230.0,1230.0,1230.0,1230.0,,1230.0,,,101,124230.0,2,F1,1,,,,,
2026-04-22,2026-04-22,CM,NSE,STK,31762,INE733E07JG5,866NTPC33,N3,,,,,8.66%S-R-NCD SERIES 3A,1395.9,1395.91,1395.9,1395.91,1395.91,1398.0,,1395.91,,,90,125631.56,2,F1,1,,,,,
2026-04-22,2026-04-22,CM,NSE,STK,192,INE906B07DF8,875NHAI29,N6,,,,,8.75% TAX FREE TR I S IIB,1098.01,1099.0,1092.0,1094.74,1093.5,1104.59,,1092.14,,,989,1084453.32,23,F1,1,,,,,
2026-04-22,2026-04-22,CM,NSE,STK,19968,INE031A07949,876HUDCO28,ND,,,,,8.76% TAX FREETRI SR2B,1115.9,1119.99,1115.9,1118.01,1118.01,1116.1,,1117.46,,,21,23459.09,3,F1,1,,,,,
2026-04-22,2026-04-22,CM,NSE,STK,31768,INE733E07JJ9,891NTPC33,N6,,,,,8.91%S-R-NCD SERIES 3B,1250.0,1269.0,1250.0,1269.0,1269.0,1238.51,,1259.5,,,486,608450.0,11,F1,1,,,,,
2026-04-22,2026-04-22,CM,NSE,STK,31487,INE848E07567,892NHPC33,N6,,,,,8.92% SEC RED BOND S3B,1235.0,1235.0,1235.0,1235.0,1235.0,1234.99,,1241.45,,,100,123500.0,1,F1,1,,,,,
2026-04-22,2026-04-22,CM,NSE,STK,20028,INE134E07463,892PFCL33,N8,,,,,8.92% TAX FREE NCD,1253.0,1253.0,1253.0,1253.0,1253.0,1253.0,,1252.0,,,500,626500.0,5,F1,1,,,,,
2026-04-22,2026-04-22,CM,NSE,STK,20048,INE774D08MA6,9MMFSML,N2,,,,,9.00% UNSECURED NCD,1074.5,1074.75,1074.0,1074.75,1074.75,1073.55,,1074.75,,,227,243877.7,12,F1,1,,,,,
2026-04-22,2026-04-22,CM,NSE,STK,19970,INE031A07AB2,901HUDCO34,NE,,,,,9.01% TAX FREETRII SR3B,1259.0,1260.0,1259.0,1259.0,1259.0,1259.0,,1261.25,,,182,229168.1,6,F1,1,,,,,
2026-04-22,2026-04-22,CM,NSE,STK,759130,INE08PH01015,ABCOTS,EQ,,,,,A B COTSPIN INDIA LIMITED,399.25,404.7,395.0,401.35,395.0,400.8,,401.35,,,138491,55707359.5,1599,F1,1,,,,,
2026-04-22,2026-04-22,CM,NSE,STK,27020,INE00YB01025,ABINFRA,EQ,,,,,A B INFRABUILD LIMITED,15.55,16.15,14.3,15.08,15.02,15.55,,15.08,,,1605448,24068874.23,2809,F1,1,,,,,
2026-04-22,2026-04-22,CM,NSE,STK,762528,INE850B01026,ABMKNO,EQ,,,,,A B M KNOWLEDGEWARE LTD.,236.0,238.0,231.0,237.9,237.0,237.3,,238.45,,,678,159541.55,35,F1,1,,,,,
2026-04-22,2026-04-22,CM,NSE,STK,762533,INE366C01021,ACSTECH,EQ,,,,,A C S TECHNOLOGIES LTD.,40.0,41.4,40.0,41.4,41.4,40.6,,41.4,,,39348,1624107.25,116,F1,1,,,,,
2026-04-22,2026-04-22,CM,NSE,STK,15147,INE0O6N01012,AGUL,SM,,,,,A G UNIVERSAL LIMITED,62.1,62.1,62.1,62.1,62.1,62.1,,62.1,,,8000,496800.0,2,F1,2000,,,,,
2026-04-22,2026-04-22,CM,NSE,STK,762538,INE701G01012,AKCAPIT,EQ,,,,,A K CAPITAL SERVICES LTD.,1699.0,1699.0,1510.0,1547.9,1560.0,1542.65,,1547.7,,,333,510917.1,56,F1,1,,,,,
2026-04-22,2026-04-22,CM,NSE,STK,20910,INE619I01012,A2ZINFRA,BE,,,,,A2Z INFRA ENGINEERING LTD,17.16,17.43,16.48,17.06,17.17,17.24,,17.05,,,71992,1220673.85,237,F1,1,,,,,
2026-04-22,2026-04-22,CM,NSE,STK,12533,INE0D0U01013,AAATECH,EQ,,,,,AAA TECHNOLOGIES LIMITED,100.8,101.1,99.0,99.42,99.5,100.46,,99.44,,,18900,1889254.83,372,F1,1,,,,,
2026-04-22,2026-04-22,CM,NSE,STK,23729,INE883F01010,AADHARHFC,EQ,,,,,AADHAR HOUSING FINANCE L,491.0,498.65,484.55,489.5,492.0,494.65,,489.5,,,361919,177401357.5,17148,F1,1,,,,,
2026-04-22,2026-04-22,CM,NSE,STK,757582,INE1GYP01013,AAKAAR,ST,,,,,AAKAAR MEDICAL TECHNO LTD,56.95,57.0,56.05,56.5,56.05,57.0,,56.5,,,4800,272000.0,3,F1,1600,,,,,
2026-04-22,2026-04-22,CM,NSE,STK,240,INE087Z01024,AAKASH,BE,,,,,AAKASH EXPLORATION SER L,8.17,8.29,8.01,8.12,8.14,8.13,,8.12,,,106840,869117.04,305,F1,1,,,,,
2026-04-22,2026-04-22,CM,NSE,STK,758120,INE124401014,AARADHYA,SM,,,,,AARADHYA DISPOSAL INDUS L,92.0,106.0,91.3,100.7,100.0,89.95,,100.7,,,13200,1313400.0,11,F1,1200,,,,,
2026-04-22,2026-04-22,CM,NSE,STK,5245,INE198H01019,AAREYDRUGS,EQ,,,,,AAREY DRUGS & PHARM LTD,87.28,87.93,85.0,86.17,85.4,88.17,,86.17,,,129668,11184510.18,1007,F1,1,,,,,
2026-04-22,2026-04-22,CM,NSE,STK,761821,INE750R01016,AARNAV,EQ,,,,,AARNAV FASHIONS LIMITED,23.98,24.48,23.72,23.98,24.1,23.86,,23.98,,,6053,145227.51,167,F1,1,,,,,
2026-04-22,2026-04-22,CM,NSE,STK,1030,INE721Z01010,AARON,EQ,,,,,AARON INDUSTRIES LIMITED,142.0,143.69,141.0,142.23,142.1,140.86,,142.23,,,9099,1293021.24,263,F1,1,,,,,
2026-04-22,2026-04-22,CM,NSE,STK,17145,INE01C001026,AARTECH,EQ,,,,,AARTECH SOLONICS LIMITED,52.25,52.48,49.3,50.75,49.9,52.27,,50.75,,,71796,3645079.23,1009,F1,1,,,,,
2026-04-22,2026-04-22,CM,NSE,STK,4481,INE767A01016,AARTIDRUGS,EQ,,,,,AARTI DRUGS LTD.,364.0,368.95,360.85,366.95,367.75,361.6,,366.95,,,114656,41780745.9,6513,F1,1,,,,,
2026-04-22,2026-04-22,CM,NSE,STK,7,INE769A01020,AARTIIND,EQ,,,,,AARTI INDUSTRIES LTD,450.1,472.6,448.5,470.4,470.3,451.2,,470.4,,,1546893,719135703.2,36086,F1,1,,,,,
2026-04-22,2026-04-22,CM,NSE,STK,13868,INE0LRU01027,AARTIPHARM,EQ,,,,,AARTI PHARMALABS LIMITED,700.0,706.65,690.0,693.95,693.7,706.7,,693.95,,,174944,121575118.8,14707,F1,1,,,,,
2026-04-22,2026-04-22,CM,NSE,STK,19233,INE09EO01013,AARTISURF,EQ,,,,,AARTI SURFACTANTS LIMITED,397.65,402.0,382.5,399.95,402.0,397.0,,399.95,,,10541,4138265.85,682,F1,1,,,,,
2026-04-22,2026-04-22,CM,NSE,STK,19073,INE754X01016,AARVI,EQ,,,,,AARVI ENCON LIMITED,134.99,136.49,127.25,130.81,129.0,134.09,,130.81,,,26081,3470219.89,570,F1,1,,,,,
2026-04-22,2026-04-22,CM,NSE,STK,5385,INE216P01012,AAVAS,EQ,,,,,AAVAS FINANCIERS LIMITED,1400.0,1418.0,1388.7,1392.0,1393.7,1399.8,,1392.0,,,94365,131879299.4,9111,F1,1,,,,,
2026-04-22,2026-04-22,CM,NSE,STK,762523,INE365O01028,ABANSENT,EQ,,,,,ABANS ENTERPRISES LTD.,28.0,28.0,25.0,26.0,25.95,24.9,,26.3,,,3183,83540.75,117,F1,1,,,,,
2026-04-22,2026-04-22,CM,NSE,STK,13288,INE00ZE01026,AFSL,EQ,,,,,ABANS FINANCIAL SRVCS LTD,204.0,204.0,201.0,201.05,201.0,201.25,,201.05,,,11369,2287687.37,209,F1,1,,,,,
2026-04-22,2026-04-22,CM,NSE,STK,13,INE117A01022,ABB,EQ,,,,,ABB INDIA LIMITED,7253.0,7822.5,7161.0,7587.0,7622.0,7255.0,,7587.0,,,1729200,13176264146.0,150361,F1,1,,,,,
2026-04-22,2026-04-22,CM,NSE,STK,17903,INE358A01014,ABBOTINDIA,EQ,,,,,ABBOTT INDIA LIMITED,25400.0,25760.0,25380.0,25420.0,25450.0,25385.0,,25420.0,,,42549,1083813730.0,5645,F1,1,,,,,
2026-04-22,2026-04-22,CM,NSE,STK,27284,INE0UYG01015,ABHAPOWER,SM,,,,,ABHA POWER N STEEL LTD,29.6,29.6,29.0,29.5,29.5,29.15,,29.5,,,4800,140960.0,3,F1,1600,,,,,
2026-04-22,2026-04-22,CM,NSE,STK,5551,INE251C01025,ABMINTLLTD,BE,,,,,ABM INTERNATIONAL LTD,47.25,50.39,47.25,47.25,47.25,49.73,,47.25,,,3862,182654.29,22,F1,1,,,,,
2026-04-22,2026-04-22,CM,NSE,STK,23783,INE0QRV01016,ABSMARINE,SM,,,,,ABS MARINE SERVICES LTD,218.0,218.95,214.0,215.65,217.0,219.0,,215.65,,,20000,4335425.0,37,F1,500,,,,,
2026-04-22,2026-04-22,CM,NSE,STK,22,INE012A01025,ACC,EQ,,,,,ACC LIMITED,1437.0,1455.0,1424.4,1446.4,1447.0,1438.0,,1446.4,,,212480,305581713.1,12387,F1,1,,,,,
2026-04-22,2026-04-22,CM,NSE,STK,7053,INE793A01012,ACCELYA,EQ,,,,,ACCELYA SOLN INDIA LTD,1207.0,1214.1,1193.6,1210.4,1202.0,1204.1,,1210.4,,,7716,9286256.4,834,F1,1,,,,,
2026-04-22,2026-04-22,CM,NSE,STK,20488,INE0Q5D01013,ACCENTMIC,SM,,,,,ACCENT MICROCELL LIMITED,423.9,425.95,416.2,420.95,421.0,418.25,,420.95,,,15000,6308000.0,29,F1,500,,,,,
2026-04-22,2026-04-22,CM,NSE,STK,21218,INE113X01015,ACCORD,ST,,,,,ACCORD SYNERGY LIMITED,43.95,43.95,40.95,43.95,43.95,41.9,,43.95,,,34000,1458200.0,14,F1,2000,,,,,
2026-04-22,2026-04-22,CM,NSE,STK,757021,INE0T8T01010,ACCPL,SM,,,,,ACCRETION PHARMA LIMITED,93.45,94.0,88.1,93.0,93.0,89.95,,93.0,,,50400,4631700.0,24,F1,1200,,,,,
2026-04-22,2026-04-22,CM,NSE,STK,1472,INE648Z01023,ACCURACY,BE,,,,,ACCURACY SHIPPING LIMITED,5.53,5.56,5.23,5.38,5.42,5.48,,5.38,,,79178,428237.07,278,F1,1,,,,,
2026-04-22,2026-04-22,CM,NSE,STK,11779,INE543V01017,ACEINTEG,EQ,,,,,ACE INTEGRATED SOLU. LTD.,23.28,24.25,20.21,20.68,20.43,21.91,,20.68,,,176513,3968312.67,954,F1,1,,,,,
2026-04-22,2026-04-22,CM,NSE,STK,761112,INE1J6M01010,ACETEC,SM,,,,,ACETECH E-COMMERCE LTD,120.5,122.5,120.5,122.5,122.5,120.5,,122.5,,,2400,291600.0,2,F1,1200,,,,,
2026-04-22,2026-04-22,CM,NSE,STK,27061,INE622W01025,ACMESOLAR,EQ,,,,,ACME SOLAR HOLDINGS LTD,299.0,306.9,297.4,303.55,304.0,296.25,,303.55,,,1637709,496246382.9,26502,F1,1,,,,,
2026-04-22,2026-04-22,CM,NSE,STK,13587,INE731H01025,ACE,EQ,,,,,ACTION CONST EQUIP LTD,907.0,954.8,903.0,934.4,934.45,912.8,,934.4,,,1303095,1222718730.5,40501,F1,1,,,,,
2026-04-22,2026-04-22,CM,NSE,STK,5578,INE00FF01025,ACUTAAS,EQ,,,,,ACUTAAS CHEMICALS LIMITED,2360.0,2468.0,2347.4,2423.2,2419.0,2374.4,,2423.2,,,334784,812724780.1,33183,F1,1,,,,,
2026-04-22,2026-04-22,CM,NSE,STK,10217,INE931S01010,ADANIENSOL,EQ,,,,,ADANI ENERGY SOLUTION LTD,1269.5,1383.4,1265.3,1368.1,1367.8,1265.3,,1368.2,,,6551573,8739659360.05,136682,F1,1,,,,,
2026-04-22,2026-04-22,CM,NSE,STK,25,INE423A01024,ADANIENT,EQ,,,,,ADANI ENTERPRISES LIMITED,2229.0,2278.6,2224.1,2260.8,2258.0,2226.0,,2260.8,,,3517237,7908572669.0,88875,F1,1,,,,,
2026-04-22,2026-04-22,CM,NSE,STK,3563,INE364U01010,ADANIGREEN,EQ,,,,,ADANI GREEN ENERGY LTD,1152.0,1205.0,1148.0,1198.95,1197.85,1150.0,,1198.85,,,4934584,5835205939.1,88580,F1,1,,,,,
2026-04-22,2026-04-22,CM,NSE,STK,15083,INE742F01042,ADANIPORTS,EQ,,,,,ADANI PORT & SEZ LTD,1588.9,1603.4,1582.0,1588.6,1589.7,1594.1,,1588.6,,,1918773,3053928897.5,53972,F1,1,,,,,
2026-04-22,2026-04-22,CM,NSE,STK,17388,INE814H01029,ADANIPOWER,EQ,,,,,ADANI POWER LTD,203.99,216.5,203.3,215.65,215.3,202.98,,215.64,,,117165796,24843356020.22,430243,F1,1,,,,,
2026-04-22,2026-04-22,CM,NSE,STK,6066,INE399L01023,ATGL,EQ,,,,,ADANI TOTAL GAS LIMITED,615.75,633.55,614.0,629.1,628.0,614.65,,629.1,,,2992016,1874651058.0,48954,F1,1,,,,,
2026-04-22,2026-04-22,CM,NSE,STK,22468,INE0RDH01021,ADDICTIVE,SM,,,,,ADDICTIVE LEARNING TECH L,82.0,84.0,78.45,84.0,84.0,82.55,,84.0,,,14000,1148225.0,19,F1,500,,,,,
2026-04-22,2026-04-22,CM,NSE,STK,19761,INE982B01027,ADFFOODS,EQ,,,,,ADF FOODS LIMITED,223.52,235.95,221.45,233.53,234.8,224.29,,233.55,,,721747,167401927.87,9862,F1,1,,,,,
2026-04-22,2026-04-22,CM,NSE,STK,6018,INE404A01024,ABSLAMC,EQ,,,,,ADIT BIRL SUN LIF AMC LTD,1041.6,1050.0,1014.8,1019.95,1020.0,1037.85,,1019.85,,,244857,252343590.6,15821,F1,1,,,,,
2026-04-22,2026-04-22,CM,NSE,STK,21614,INE674K01013,ABCAPITAL,EQ,,,,,ADITYA BIRLA CAPITAL LTD.,346.35,353.0,345.9,350.7,350.1,344.6,,350.7,,,4145966,1451160730.55,49967,F1,1,,,,,
2026-04-22,2026-04-22,CM,NSE,STK,30108,INE647O01011,ABFRL,EQ,,,,,ADITYA BIRLA FASHION & RT,64.65,65.53,64.35,64.99,65.0,64.45,,64.99,,,2753843,178982267.04,13281,F1,1,,,,,
2026-04-22,2026-04-22,CM,NSE,STK,756843,INE14LE01019,ABLBL,EQ,,,,,ADITYA BIRLA LIFES BRAN L,107.0,109.55,105.72,109.12,109.2,106.44,,109.12,,,1226476,132334620.55,12056,F1,1,,,,,
2026-04-22,2026-04-22,CM,NSE,STK,15239,INE865C01022,BIRLAMONEY,EQ,,,,,ADITYA BIRLA MONEY LTD,154.5,154.5,150.0,151.98,152.45,153.67,,151.99,,,94232,14286513.54,1728,F1,1,,,,,
2026-04-22,2026-04-22,CM,NSE,STK,625,INE055A01016,ABREL,EQ,,,,,ADITYA BIRLA REAL EST LTD,1436.0,1445.0,1407.1,1413.9,1416.0,1429.0,,1413.7,,,301597,430059960.5,14961,F1,1,,,,,
2026-04-22,2026-04-22,CM,NSE,STK,758858,INE819V01029,CPPLUS,EQ,,,,,ADITYA INFOTECH LIMITED,2259.3,2274.5,2170.0,2183.9,2182.0,2258.0,,2184.1,,,390885,868759772.1,25152,F1,1,,,,,
2026-04-22,2026-04-22,CM,NSE,STK,25984,INE679V01027,AVL,EQ,,,,,ADITYA VISION LIMITED,504.0,511.75,493.15,508.35,506.55,507.9,,508.35,,,279475,140531095.05,16605,F1,1,,,,,
2026-04-22,2026-04-22,CM,NSE,STK,23804,INF209KB18D3,BSLGOLDETF,EQ,,,,,ADITYBIRLA SL GOLD ETF-GR,133.0,133.0,132.43,132.63,132.55,133.01,,132.63,,,307998,40864586.65,1925,F1,1,,,,,
2026-04-22,2026-04-22,CM,NSE,STK,24781,INF209KB19D1,BSLNIFTY,EQ,,,,,ADITYBIRLA SL NIF ETF-GR,28.64,28.64,27.95,28.39,28.42,28.57,,28.39,,,1387864,39537275.25,4848,F1,1,,,,,
2026-04-22,2026-04-22,CM,NSE,STK,34,INE045A01017,ADOR,EQ,,,,,ADOR WELDING LTD,1037.0,1052.35,1028.0,1035.55,1034.7,1036.55,,1035.6,,,19180,19926050.85,3169,F1,1,,,,,
2026-04-22,2026-04-22,CM,NSE,STK,4953,INE737B01033,ADROITINFO,EQ,,,,,ADROIT INFOTECH LIMITED,9.31,11.4,9.31,10.4,10.35,9.5,,10.39,,,308011,3309922.62,867,F1,1,,,,,
2026-04-22,2026-04-22,CM,NSE,STK,760657,INE0ALI01010,ADVAIT,EQ,,,,,ADVAIT ENRGY TRANSITION L,1992.0,2095.0,1963.0,1994.2,2012.0,1958.4,,1994.5,,,116986,237736383.0,10727,F1,1,,,,,
2026-04-22,2026-04-22,CM,NSE,STK,759402,INE1B0W01010,ADVANCE,EQ,,,,,ADVANCE AGROLIFE LIMITED,114.48,115.0,113.02,113.68,113.98,113.43,,113.68,,,95835,10945302.18,743,F1,1,,,,,
2026-04-22,2026-04-22,CM,NSE,STK,18039,INE837H01020,ADVENZYMES,EQ,,,,,ADVANCED ENZYME TECH LTD,299.95,300.7,297.0,299.15,300.0,297.65,,299.15,,,92937,27780708.25,3562,F1,1,,,,,
2026-04-22,2026-04-22,CM,NSE,STK,14745,INE199C01026,ADVANIHOTR,EQ,,,,,ADVANI HOT.& RES.(I) LTD,55.1,55.1,54.68,54.87,54.89,54.99,,54.87,,,17295,949564.03,250,F1,1,,,,,
2026-04-22,2026-04-22,CM,NSE,STK,759769,INE28GN01010,ADVENTHTL,EQ,,,,,ADVENT HOTELS INTERNATI L,161.43,164.99,161.43,163.14,162.46,162.72,,163.15,,,42802,6969512.88,1799,F1,1,,,,,
2026-04-22,2026-04-22,CM,NSE,STK,40,INE208C01025,AEGISLOG,EQ,,,,,AEGIS LOGISTICS LIMITED,727.9,727.9,706.1,713.5,714.1,727.3,,713.5,,,470016,335519721.6,23200,F1,1,,,,,
2026-04-22,2026-04-22,CM,NSE,STK,757336,INE0INX01018,AEGISVOPAK,EQ,,,,,AEGIS VOPAK TERMINALS LTD,196.5,198.09,192.5,195.0,196.0,198.28,,195.0,,,546117,106319225.78,10397,F1,1,,,,,
2026-04-22,2026-04-22,CM,NSE,STK,757870,INE423A07401,AEL17725,,,,,,AEL 0% 2027 SR II,1055.0,1055.0,1055.0,1055.0,1055.0,1055.0,,1055.0,,,15,15825.0,1,F1,1,,,,,
2026-04-22,2026-04-22,CM,NSE,STK,761344,INE423A07559,AEL120126,NL,,,,,AEL 0% 2029 SR V,960.0,960.0,960.0,960.0,960.0,962.0,,960.0,,,2,1920.0,1,F1,1,,,,,
2026-04-22,2026-04-22,CM,NSE,STK,761345,INE423A07518,862AEL31,NM,,,,,AEL 8.62% 2031 SR VI,1010.0,1020.0,1010.0,1015.0,1015.0,1009.0,,1015.0,,,598,606990.0,5,F1,1,,,,,
2026-04-22,2026-04-22,CM,NSE,STK,761346,INE423A07526,890AEL31,NN,,,,,AEL 8.90% 2031 SR VII,1037.0,1037.0,1025.0,1034.32,1035.0,1036.0,,1039.33,,,779,801623.0,17,F1,1,,,,,
2026-04-22,2026-04-22,CM,NSE,STK,757869,INE423A07450,895AEL27,N9,,,,,AEL 8.95% 2027 SR I,1042.26,1042.26,1042.26,1042.26,1042.26,1042.2,,1042.26,,,50,52113.0,2,F1,1,,,,,
2026-04-22,2026-04-22,CM,NSE,STK,757872,INE423A07435,915AEL28,NC,,,,,AEL 9.15% 2028 SR IV,1067.0,1067.0,1067.0,1067.0,1067.0,1063.4,,1067.0,,,20,21340.0,4,F1,1,,,,,
2026-04-22,2026-04-22,CM,NSE,STK,760234,INE947N01017,AEQUS,EQ,,,,,AEQUS LIMITED,190.98,197.5,187.85,189.04,188.48,190.36,,189.05,,,2753220,528685418.32,37710,F1,1,,,,,
2026-04-22,2026-04-22,CM,NSE,STK,12015,INE065D01027,AEROENTER,EQ,,,,,AEROFLEX ENTERPRISES LTD,87.81,92.42,87.81,90.95,91.39,88.07,,90.96,,,386942,35162995.83,2002,F1,1,,,,,
2026-04-22,2026-04-22,CM,NSE,STK,18268,INE024001021,AEROFLEX,EQ,,,,,AEROFLEX INDUSTRIES LTD,289.05,309.4,288.0,304.52,303.6,289.11,,304.52,,,3362999,1019964270.35,32213,F1,1,,,,,
2026-04-22,2026-04-22,CM,NSE,STK,13689,INE035801013,AERONEU,EQ,,,,,AEROFLEX NEU LIMITED,80.66,83.05,77.78,82.25,83.05,78.75,,82.25,,,48583,3889963.43,706,F1,1,,,,,
2026-04-22,2026-04-22,CM,NSE,STK,25065,INE0WL801011,AERON,SM,,,,,AERON COMPOSITE LIMITED,102.0,102.0,101.2,101.2,101.2,103.0,,101.2,,,2000,203200.0,2,F1,1000,,,,,
2026-04-22,2026-04-22,CM,NSE,STK,9810,INE0BWX01014,AETHER,EQ,,,,,AETHER INDUSTRIES LIMITED,1185.2,1202.9,1144.7,1183.3,1185.0,1183.5,,1183.2,,,344132,406337781.4,24355,F1,1,,,,,
2026-04-22,2026-04-22,CM,NSE,STK,25977,INE101I01011,AFCONS,EQ,,,,,AFCONS INFRASTRUCTURE LTD,332.8,337.4,329.0,329.5,329.95,335.95,,329.5,,,365088,120907586.0,8385,F1,1,,,,,
2026-04-22,2026-04-22,CM,NSE,STK,11343,INE00WC01027,AFFLE,EQ,,,,,AFFLE 3I LIMITED,1445.0,1456.9,1431.2,1446.4,1445.0,1462.9,,1446.4,,,235859,340929481.4,19763,F1,1,,,,,
2026-04-22,2026-04-22,CM,NSE,STK,25857,INE692Z01013,AFFORDABLE,BE,,,,,AFFORD ROBO & AUTO LTD,185.0,190.2,183.65,187.85,188.0,187.82,,187.91,,,10034,1870495.43,191,F1,1,,,,,
2026-04-22,2026-04-22,CM,NSE,STK,759098,INE916Y07040,12AFIL27A,N0,,,,,AFIL 12% 2027,9946.0,10028.0,9944.63,10028.0,10028.0,10030.0,,10028.0,,,16,159544.63,3,F1,1,,,,,
2026-04-22,2026-04-22,CM,NSE,STK,759446,INE916Y07032,12AFIL27,N0,,,,,AFIL 12% 2027 SR 1,9950.0,9950.0,9950.0,9950.0,9950.0,9950.0,,9950.0,,,1,9950.0,1,F1,1,,,,,
2026-04-22,2026-04-22,CM,NSE,STK,759283,INE916Y07057,12AFIL28,N0,,,,,AFIL 12% 2028,9916.0,9920.39,9916.0,9920.39,9920.39,9916.97,,9920.39,,,12,119016.86,3,F1,1,,,,,
2026-04-22,2026-04-22,CM,NSE,STK,14263,INE0MLA01012,AGARWALFT,SM,,,,,AGARWAL FLOAT GLASS I LTD,36.05,37.45,36.05,36.75,37.45,37.9,,36.75,,,4500,164325.0,3,F1,1500,,,,,
2026-04-22,2026-04-22,CM,NSE,STK,3389,INE204E01012,AGARIND,EQ,,,,,AGARWAL INDS CORP LTD.,455.3,462.4,447.15,453.1,455.0,457.45,,453.1,,,35776,16184627.15,1820,F1,1,,,,,
2026-04-22,2026-04-22,CM,NSE,STK,27309,INE0P8X01016,AGARWALTUF,SM,,,,,AGARWAL TOUGH GLASS IND L,112.0,112.0,109.15,109.8,109.3,110.5,,109.8,,,10800,1192980.0,8,F1,1200,,,,,
2026-04-22,2026-04-22,CM,NSE,STK,1412,INE415A01038,AGI,EQ,,,,,AGI GREENPAC LIMITED,572.9,572.9,553.15,564.55,566.55,568.95,,564.55,,,227126,127267166.65,11693,F1,1,,,,,
2026-04-22,2026-04-22,CM,NSE,STK,24445,INE976R01033,AGIIL,EQ,,,,,AGI INFRA LIMITED,367.0,370.75,357.95,359.7,359.35,365.95,,359.7,,,527567,191447224.75,6953,F1,1,,,,,
2026-04-22,2026-04-22,CM,NSE,STK,10491,INE0LF301013,AGNI,SM,,,,,AGNI GREEN POWER LTD,20.45,21.6,20.45,20.75,20.75,21.5,,20.75,,,10000,208875.0,4,F1,2500,,,,,
2026-04-22,2026-04-22,CM,NSE,STK,11072,INE449G01018,AGRITECH,EQ,,,,,AGRI-TECH (INDIA) LIMITED,121.59,121.6,115.29,117.57,117.0,118.97,,117.57,,,6236,733965.26,168,F1,1,,,,,
2026-04-22,2026-04-22,CM,NSE,STK,9046,INE740V01019,AGROPHOS,EQ,,,,,AGRO PHOS INDIA LIMITED,34.0,34.0,32.36,32.86,32.81,33.34,,32.86,,,9852,324474.32,144,F1,1,,,,,
2026-04-22,2026-04-22,CM,NSE,STK,2004,INE00PV01013,AHLADA,EQ,,,,,AHLADA ENGINEERS LIMITED,47.7,48.5,46.65,47.86,48.5,47.7,,47.86,,,7607,361170.64,127,F1,1,,,,,
2026-04-22,2026-04-22,CM,NSE,STK,17833,INE758C01029,AHLUCONT,EQ,,,,,AHLUWALIA CONT IND LTD,866.95,893.8,861.05,890.2,893.8,866.95,,890.2,,,64620,57055905.35,5692,F1,1,,,,,
2026-04-22,2026-04-22,CM,NSE,STK,13086,INE212H01026,AIAENG,EQ,,,,,AIA ENGINEERING LIMITED,4012.9,4079.9,3989.0,4058.6,4075.0,4007.2,,4058.6,,,52152,209716147.7,7512,F1,1,,,,,
2026-04-22,2026-04-22,CM,NSE,STK,23984,INE0RUV01018,AIMTRON,SM,,,,,AIMTRON ELECTRONICS LTD,1013.1,1025.9,995.4,1012.0,1022.0,1013.1,,1012.0,,,25000,25240100.0,111,F1,200,,,,,
2026-04-22,2026-04-22,CM,NSE,STK,9874,INE805A01014,GOLDTECH,EQ,,,,,AION-TECH SOLUTIONS LTD,41.7,41.7,39.12,40.29,39.7,40.38,,40.32,,,42443,1725271.9,931,F1,1,,,,,
2026-04-22,2026-04-22,CM,NSE,STK,9897,INE645W01026,AIRAN,EQ,,,,,AIRAN LIMITED,17.4,17.8,17.11,17.53,17.65,17.31,,17.53,,,57046,995340.16,572,F1,1,,,,,
2026-04-22,2026-04-22,CM,NSE,STK,6068,INE801L01010,AIROLAM,EQ,,,,,AIRO LAM LIMITED,85.95,85.95,83.51,84.07,83.99,83.78,,84.07,,,1824,153329.78,111,F1,1,,,,,
2026-04-22,2026-04-22,CM,NSE,STK,8124,INE031B01049,AJANTPHARM,EQ,,,,,AJANTA PHARMA LIMITED,2781.5,2815.4,2749.3,2779.2,2789.0,2791.2,,2779.1,,,51141,141810109.0,8756,F1,1,,,,,
2026-04-22,2026-04-22,CM,NSE,STK,29624,INE274Y01021,AJAXENGG,EQ,,,,,AJAX ENGINEERING LIMITED,515.0,532.9,515.0,525.3,525.1,520.3,,525.3,,,171879,90195682.0,6102,F1,1,,,,,
2026-04-22,2026-04-22,CM,NSE,STK,17307,INE298G01035,AJMERA,EQ,,,,,AJMERA REALTY & INF I LTD,124.45,128.0,123.12,125.45,124.3,124.45,,125.44,,,303966,37893692.4,3468,F1,1,,,,,
2026-04-22,2026-04-22,CM,NSE,STK,3403,INE820Y01021,AJOONI,EQ,,,,,AJOONI BIOTECH LIMITED,4.3,4.34,4.25,4.31,4.3,4.33,,4.31,,,220437,946442.93,327,F1,1,,,,,
2026-04-22,2026-04-22,CM,NSE,STK,21121,INE0PCY01014,AKANKSHA,SM,,,,,AKANKSHA POWER N INFRA L,80.0,80.0,73.1,74.15,73.1,77.0,,74.15,,,8000,602500.0,8,F1,1000,,,,,
2026-04-22,2026-04-22,CM,NSE,STK,13510,INE737W01013,AKASH,EQ,,,,,AKASH INFRA-PROJECTS LTD,26.64,27.88,26.64,27.5,27.65,27.18,,27.5,,,21904,599855.9,82,F1,1,,,,,
2026-04-22,2026-04-22,CM,NSE,STK,2176,INE00Y801016,AKG,EQ,,,,,AKG EXIM LIMITED,11.78,11.88,11.3,11.51,11.47,11.78,,11.51,,,8979,103518.62,88,F1,1,,,,,
2026-04-22,2026-04-22,CM,NSE,STK,14890,INE642Z01026,AKI,EQ,,,,,AKI INDIA LIMITED,5.18,5.18,5.03,5.08,5.1,5.09,,5.09,,,76043,387975.57,224,F1,1,,,,,
2026-04-22,2026-04-22,CM,NSE,STK,24307,INE0PMR01017,AKIKO,ST,,,,,AKIKO GLOBAL SERVICES L,218.25,234.85,218.2,234.85,234.85,226.8,,234.85,,,12000,2692120.0,14,F1,800,,,,,
2026-04-22,2026-04-22,CM,NSE,STK,24160,INE916Y01027,AFIL,BE,,,,,AKME FINTRADE (INDIA) LTD,9.9,9.98,9.31,9.64,9.65,9.75,,9.65,,,961559,9351520.73,934,F1,1,,,,,
2026-04-22,2026-04-22,CM,NSE,STK,8595,INE523B01011,AKSHOPTFBR,BE,,,,,AKSH OPTIFIBRE  LTD,6.3,6.3,6.15,6.3,6.3,6.0,,6.32,,,254663,1603092.87,228,F1,1,,,,,
2026-04-22,2026-04-22,CM,NSE,STK,9558,INE256Z01025,AKSHAR,EQ,,,,,AKSHAR SPINTEX LIMITED,0.49,0.49,0.47,0.48,0.49,0.48,,0.48,,,867877,418066.6,385,F1,1,,,,,
2026-04-22,2026-04-22,CM,NSE,STK,20178,INE542B01011,AKSHARCHEM,EQ,,,,,AKSHARCHEM INDIA LIMITED,205.19,213.1,202.35,204.29,203.0,206.22,,203.88,,,6916,1436397.69,268,F1,1,,,,,
2026-04-22,2026-04-22,CM,NSE,STK,24715,INE09XN01023,AKUMS,EQ,,,,,AKUMS DRUGS AND PHARMA L,528.9,538.5,526.05,528.75,530.25,534.3,,528.75,,,107081,56897586.45,6161,F1,1,,,,,
2026-04-22,2026-04-22,CM,NSE,STK,9921,INE914E01040,ALANKIT,EQ,,,,,ALANKIT LIMITED,9.39,9.39,9.22,9.36,9.35,9.33,,9.36,,,176868,1642701.01,606,F1,1,,,,,
2026-04-22,2026-04-22,CM,NSE,STK,17256,INE155C01010,ALBERTDAVD,EQ,,,,,ALBERT DAVID LIMITED,758.0,758.0,738.1,742.75,739.05,740.2,,742.8,,,2382,1767920.6,187,F1,1,,,,,
2026-04-22,2026-04-22,CM,NSE,STK,18763,INE448V01019,ALCODIS,ST,,,,,ALCOKRAFT DISTILLERIE LTD,81.2,89.7,81.2,89.7,89.7,85.45,,89.7,,,5000,441968.75,8,F1,625,,,,,
2026-04-22,2026-04-22,CM,NSE,STK,79,INE426A01027,ALEMBICLTD,EQ,,,,,ALEMBIC LIMITED,94.5,95.0,93.0,93.12,93.0,93.77,,93.12,,,388895,36432498.59,3141,F1,1,,,,,
2026-04-22,2026-04-22,CM,NSE,STK,25328,INE901L01018,APLLTD,EQ,,,,,ALEMBIC PHARMA LTD,760.85,773.15,758.25,764.6,765.7,764.3,,764.55,,,30290,23203287.4,4158,F1,1,,,,,
2026-04-22,2026-04-22,CM,NSE,STK,761270,INE598D01035,ALGOQUANT,EQ,,,,,ALGOQUANT FINTECH LIMITED,54.77,55.89,54.53,55.14,54.91,54.77,,55.14,,,1069951,58858806.51,868,F1,1,,,,,
2026-04-22,2026-04-22,CM,NSE,STK,13656,INE062D01024,ALICON,EQ,,,,,ALICON CASTALLOY LIMITED,726.45,726.45,710.2,712.7,710.5,720.75,,712.25,,,10261,7349827.05,1330,F1,1,,,,,
2026-04-22,2026-04-22,CM,NSE,STK,5265,INE03Q201024,ALIVUS,EQ,,,,,ALIVUS LIFE SCIENCES LTD,1073.15,1081.9,1055.0,1056.85,1055.0,1073.15,,1056.85,,,29679,31559797.85,3634,F1,1,,,,,
2026-04-22,2026-04-22,CM,NSE,STK,16959,INE773I01017,ALKALI,EQ,,,,,ALKALI METALS LTD,65.11,67.34,65.11,65.78,66.39,66.52,,65.81,,,7089,468596.89,352,F1,1,,,,,
2026-04-22,2026-04-22,CM,NSE,STK,11703,INE540L01014,ALKEM,EQ,,,,,ALKEM LABORATORIES LTD.,5685.0,5735.0,5539.0,5627.0,5550.0,5696.5,,5626.5,,,199874,1132613742.5,27451,F1,1,,,,,
2026-04-22,2026-04-22,CM,NSE,STK,4487,INE150B01039,ALKYLAMINE,EQ,,,,,ALKYL AMINES CHEM. LTD,1469.1,1507.5,1445.4,1491.8,1481.0,1470.3,,1491.7,,,52016,77113058.8,7460,F1,1,,,,,
2026-04-22,2026-04-22,CM,NSE,STK,13203,INE0M2X01012,ALLETEC,SM,,,,,ALL E TECHNOLOGIES LTD,159.85,170.0,152.3,168.35,170.0,160.65,,168.35,,,24400,3885720.0,57,F1,400,,,,,
2026-04-22,2026-04-22,CM,NSE,STK,758448,INE0GV601021,ALLTIME,EQ,,,,,ALL TIME PLASTICS LIMITED,235.0,248.0,232.66,235.62,233.1,234.71,,235.62,,,439647,105875701.26,8449,F1,1,,,,,
2026-04-22,2026-04-22,CM,NSE,STK,13501,INE418H01029,ALLCARGO,EQ,,,,,ALLCARGO LOGISTICS LTD,9.39,9.49,9.2,9.29,9.38,9.37,,9.29,,,5290591,49309480.73,6524,F1,1,,,,,
2026-04-22,2026-04-22,CM,NSE,STK,17778,INE0NN701020,ATL,EQ,,,,,ALLCARGO TERMINALS LTD,26.81,26.81,26.2,26.4,26.53,26.35,,26.4,,,123474,3253398.71,801,F1,1,,,,,
2026-04-22,2026-04-22,CM,NSE,STK,11798,INE835G01018,ALLDIGI,EQ,,,,,ALLDIGI TECH LIMITED,843.1,854.0,825.6,838.2,831.5,839.4,,838.65,,,6459,5412745.65,647,F1,1,,,,,
2026-04-22,2026-04-22,CM,NSE,STK,24308,INE552Z01027,ABDL,EQ,,,,,ALLIED BLEND N DISTILS L,564.55,567.75,551.0,553.1,555.75,565.15,,553.1,,,239436,133152349.7,6800,F1,1,,,,,
2026-04-22,2026-04-22,CM,NSE,STK,14813,INE102I01027,ADSL,EQ,,,,,ALLIED DIGITAL SERV. LTD,120.0,120.59,117.11,119.96,119.1,118.96,,119.96,,,109848,13070942.66,2354,F1,1,,,,,
2026-04-22,2026-04-22,CM,NSE,STK,16719,INE326B01035,ALMONDZ,EQ,,,,,ALMONDZ GLOBAL SEC LTD,16.34,17.17,16.34,16.98,17.15,16.34,,16.94,,,67781,1140545.88,266,F1,1,,,,,
2026-04-22,2026-04-22,CM,NSE,STK,17675,INE270A01029,ALOKINDS,EQ,,,,,ALOK INDUSTRIES LIMITED,14.0,14.18,13.86,14.11,14.16,13.93,,14.11,,,3487447,48921847.43,6531,F1,1,,,,,
2026-04-22,2026-04-22,CM,NSE,STK,14848,INE385I01010,ALPA,EQ,,,,,ALPA LABORATORIES LTD,69.0,69.5,67.86,68.56,69.0,68.79,,68.56,,,8824,605109.29,165,F1,1,,,,,
2026-04-22,2026-04-22,CM,NSE,STK,22688,INE0R4701017,ALPEXSOLAR,SM,,,,,ALPEX SOLAR LIMITED,1028.0,1054.0,1016.0,1047.55,1050.0,1041.45,,1047.55,,,48600,50566420.0,340,F1,100,,,,,
2026-04-22,2026-04-22,CM,NSE,STK,14597,INE137C01018,ALPHAGEO,EQ,,,,,ALPHAGEO (INDIA) LIMITED,222.64,224.9,219.21,223.67,222.01,220.82,,223.67,,,5115,1139048.12,386,F1,1,,,,,
2026-04-22,2026-04-22,CM,NSE,STK,23474,INE0STM01017,ALUWIND,SM,,,,,ALUWIND INFRA-TECH LTD,56.15,57.0,56.15,57.0,57.0,57.25,,57.0,,,3000,169725.0,2,F1,1500,,,,,
2026-04-22,2026-04-22,CM,NSE,STK,760740,INE121R01077,AMAGI,EQ,,,,,AMAGI MEDIA LABS LIMITED,376.25,382.6,370.05,375.05,372.0,374.9,,375.05,,,64134,24127678.85,3469,F1,1,,,,,
2026-04-22,2026-04-22,CM,NSE,STK,758909,INE084K01015,AMANTA,EQ,,,,,AMANTA HEALTHCARE LIMITED,137.0,140.25,135.0,135.68,135.3,137.06,,135.68,,,184035,25328690.67,2293,F1,1,,,,,
2026-04-22,2026-04-22,CM,NSE,STK,100,INE885A01032,ARE&M,EQ,,,,,AMARA RAJA ENERGY MOB LTD,779.45,924.0,777.5,898.7,905.0,773.8,,898.7,,,35118416,30833855481.45,605118,F1,1,,,,,
2026-04-22,2026-04-22,CM,NSE,STK,762543,INE432A01017,AMBALALSA,EQ,,,,,AMBALAL SARABHAI ENT L,32.0,35.1,31.2,33.35,33.25,31.95,,33.3,,,60895,2030793.45,534,F1,1,,,,,
2026-04-22,2026-04-22,CM,NSE,STK,1185,INE371P01015,AMBER,EQ,,,,,AMBER ENTERPRISES (I) LTD,7843.5,7961.0,7782.5,7803.5,7803.0,7858.5,,7803.0,,,215241,1691414615.0,28093,F1,1,,,,,
2026-04-22,2026-04-22,CM,NSE,STK,24415,INE0M3I01029,AMBEY,SM,,,,,AMBEY LABORATORIES LTD,31.0,35.15,30.5,35.1,35.15,29.3,,35.1,,,442000,14902600.0,132,F1,2000,,,,,
2026-04-22,2026-04-22,CM,NSE,STK,11496,INE792B01012,AMBICAAGAR,EQ,,,,,AMBICA AGAR & AROMAINDLTD,23.71,24.41,23.23,24.19,24.19,24.19,,24.19,,,4549,108831.66,96,F1,1,,,,,
2026-04-22,2026-04-22,CM,NSE,STK,15234,INE540G01014,AMBIKCO,EQ,,,,,AMBIKA COTTON MILL LTD.,1413.4,1489.9,1413.4,1478.6,1479.0,1427.7,,1478.6,,,13960,20389076.9,1509,F1,1,,,,,
2026-04-22,2026-04-22,CM,NSE,STK,1270,INE079A01024,AMBUJACEM,EQ,,,,,AMBUJA CEMENTS LTD,453.5,463.65,451.0,460.9,460.0,456.25,,460.9,,,1475937,677671517.3,24303,F1,1,,,,,
2026-04-22,2026-04-22,CM,NSE,STK,14398,INE005I01014,AMDIND,EQ,,,,,AMD INDUSTRIES LIMITED,45.24,45.35,43.0,43.69,43.62,44.76,,43.74,,,8364,367016.96,99,F1,1,,,,,
2026-04-22,2026-04-22,CM,NSE,STK,10898,INE0KT901015,AMEYA,SM,,,,,AMEYA PRECISION ENG LTD,107.0,108.1,105.4,108.1,108.1,110.9,,108.1,,,3000,320500.0,3,F1,1000,,,,,
2026-04-22,2026-04-22,CM,NSE,STK,19867,INE275D01022,AMNPLST,EQ,,,,,AMINES & PLASTICIZERS LTD,164.99,168.64,163.06,164.11,167.99,164.77,,164.08,,,2400,395298.81,158,F1,1,,,,,
2026-04-22,2026-04-22,CM,NSE,STK,761670,INE05TO01019,AMIRCHAND,EQ,,,,,AMIR CHAND JAG KUM (E) L,141.96,145.27,137.01,139.28,137.8,140.71,,139.21,,,2541073,360169863.76,12117,F1,1,,,,,
2026-04-22,2026-04-22,CM,NSE,STK,2598,INE606A01024,AMJLAND,EQ,,,,,AMJ LAND HOLDINGS LIMITED,43.51,44.09,42.31,43.03,43.5,42.56,,43.03,,,16105,691682.06,442,F1,1,,,,,
2026-04-22,2026-04-22,CM,NSE,STK,17547,INE098F01031,AMRUTANJAN,EQ,,,,,AMRUTAJAN HEALTH LTD,572.9,579.0,565.0,571.25,570.35,567.7,,571.25,,,110535,63228241.15,4189,F1,1,,,,,
2026-04-22,2026-04-22,CM,NSE,STK,759956,INE549H01021,ARSSBL,EQ,,,,,ANAND RATHI SH N STK BR L,599.0,608.0,593.4,597.7,596.5,595.45,,597.7,,,459970,276629383.15,9849,F1,1,,,,,
2026-04-22,2026-04-22,CM,NSE,STK,7145,INE463V01026,ANANDRATHI,EQ,,,,,ANAND RATHI WEALTH LTD,3630.0,3670.0,3600.0,3614.0,3622.9,3646.4,,3614.0,,,110617,401922800.5,10902,F1,1,,,,,
2026-04-22,2026-04-22,CM,NSE,STK,13620,INE242C01024,ANANTRAJ,EQ,,,,,ANANT RAJ LIMITED,513.0,521.15,510.4,518.4,519.4,514.4,,518.4,,,1063103,550473598.35,23324,F1,1,,,,,
2026-04-22,2026-04-22,CM,NSE,STK,759363,INE1UA823019,ANANTAM,IV,,,,,ANANTAM HIGHWAYS TRUST,106.0,106.78,104.5,104.56,104.56,105.34,,104.56,,,6099,641271.29,69,F1,1,,,,,
2026-04-22,2026-04-22,CM,NSE,STK,758427,INE0VG001016,AMCL,SM,,,,,ANB METAL CAST LIMITED,496.0,509.0,495.0,509.0,509.0,515.0,,509.0,,,6400,3224800.0,4,F1,800,,,,,
2026-04-22,2026-04-22,CM,NSE,STK,15420,INE666E01020,ACL,EQ,,,,,ANDHRA CEMENTS LIMITED,56.99,56.99,55.78,56.08,56.5,55.67,,56.06,,,20046,1124605.58,909,F1,1,,,,,
2026-04-22,2026-04-22,CM,NSE,STK,166,INE435A01051,ANDHRAPAP,EQ,,,,,ANDHRA PAPER LIMITED,66.38,68.15,66.38,67.68,67.41,67.05,,67.68,,,89828,6065494.14,1534,F1,1,,,,,
2026-04-22,2026-04-22,CM,NSE,STK,136,INE715B01021,ANDHRSUGAR,EQ,,,,,ANDHRA SUGARS LTD,89.3,95.5,89.15,93.44,93.21,89.87,,93.43,,,825790,76984389.64,7041,F1,1,,,,,
2026-04-22,2026-04-22,CM,NSE,STK,324,INE732I01021,ANGELONE,EQ,,,,,ANGEL ONE LIMITED,324.05,330.23,323.21,328.59,328.32,324.05,,328.59,,,11503789,3765326343.21,74099,F1,1,,,,,
2026-04-22,2026-04-22,CM,NSE,STK,16661,INE087B01017,ANIKINDS,BE,,,,,ANIK INDUSTRIES LTD,43.45,43.45,41.0,43.07,43.34,42.19,,43.07,,,3411,145710.87,109,F1,1,,,,,
2026-04-22,2026-04-22,CM,NSE,STK,20453,INE071F01012,APCL,EQ,,,,,ANJANI PORTLAND CEM LTD,115.0,118.21,111.12,113.09,112.2,115.13,,113.09,,,13074,1484001.93,242,F1,1,,,,,
2026-04-22,2026-04-22,CM,NSE,STK,25878,INE106I01010,ANKITMETAL,BZ,,,,,ANKIT MET & POW LTD,1.54,1.6,1.53,1.57,1.59,1.53,,1.56,,,34607,54664.16,59,F1,1,,,,,
2026-04-22,2026-04-22,CM,NSE,STK,758968,INE0Y8W01017,AHCL,EQ,,,,,ANLON HEALTHCARE LIMITED,142.99,150.4,140.5,144.39,145.49,142.36,,144.39,,,831326,121346828.75,9018,F1,1,,,,,
2026-04-22,2026-04-22,CM,NSE,STK,13657,INE0LR101013,ANLON,SM,,,,,ANLON TECHNOLOGY SOL LTD,393.5,399.0,393.5,396.5,399.0,392.0,,396.5,,,2800,1105600.0,5,F1,400,,,,,
2026-04-22,2026-04-22,CM,NSE,STK,3727,INE02AR01019,ANMOL,EQ,,,,,ANMOL INDIA LIMITED,12.48,12.48,12.13,12.3,12.31,12.33,,12.3,,,14732,180907.2,158,F1,1,,,,,
2026-04-22,2026-04-22,CM,NSE,STK,11198,INE0MGM01017,ANNAPURNA,SM,,,,,ANNAPURNA SWADISHT LTD,172.0,172.4,165.0,165.75,165.5,170.7,,165.75,,,40750,6810925.0,119,F1,250,,,,,
2026-04-22,2026-04-22,CM,NSE,STK,758740,INE0VTV01012,ANONDITA,SM,,,,,ANONDITA MEDICARE LIMITED,1050.0,1201.0,1030.0,1186.8,1189.2,1048.0,,1186.8,,,65000,73411250.0,64,F1,1000,,,,,
2026-04-22,2026-04-22,CM,NSE,STK,19677,INE436A01026,ANSALAPI,BZ,,,,,ANSAL PROP & INFRA LTD,3.64,3.64,3.64,3.64,3.64,3.57,,3.66,,,47046,171247.44,8,F1,1,,,,,
2026-04-22,2026-04-22,CM,NSE,STK,5194,INE414B01021,ANTGRAPHIC,EQ,,,,,ANTARCTICA LTD,0.85,0.9,0.84,0.89,0.9,0.85,,0.89,,,479382,420603.55,296,F1,1,,,,,
2026-04-22,2026-04-22,CM,NSE,STK,13598,INE818A01017,ANTELOPUS,EQ,,,,,ANTELOPUS SELAN ENRGY LTD,600.0,615.85,595.0,615.85,615.85,586.55,,615.85,,,184758,112813740.8,3421,F1,1,,,,,
2026-04-22,2026-04-22,CM,NSE,STK,757885,INE0CZ201020,ANTHEM,EQ,,,,,ANTHEM BIOSCIENCES LTD,733.5,766.1,733.5,759.25,758.0,737.8,,759.25,,,412192,311418740.0,15061,F1,1,,,,,
2026-04-22,2026-04-22,CM,NSE,STK,1797,INE01BK01022,AWHCL,EQ,,,,,ANTONY WASTE HDG CELL LTD,531.0,531.0,523.0,525.1,524.9,526.8,,525.1,,,114496,60187853.55,3549,F1,1,,,,,
2026-04-22,2026-04-22,CM,NSE,STK,28314,INE489G01022,ANUHPHR,EQ,,,,,ANUH PHARMA LIMITED,82.0,82.59,80.21,81.14,81.55,80.76,,81.14,,,25390,2063827.07,634,F1,1,,,,,
2026-04-22,2026-04-22,CM,NSE,STK,2829,INE930P01018,ANURAS,EQ,,,,,ANUPAM RASAYAN INDIA LTD,1329.9,1348.9,1315.1,1343.3,1342.9,1318.1,,1343.3,,,215193,288580524.8,8251,F1,1,,,,,
2026-04-22,2026-04-22,CM,NSE,STK,28983,INE0SI601032,ANYA,SM,,,,,ANYA POLYTECH & FERTI LTD,17.6,17.6,17.55,17.55,17.55,17.45,,17.55,,,15000,263500.0,3,F1,5000,,,,,
2026-04-22,2026-04-22,CM,NSE,STK,11945,INE0MIZ23019,ANZEN,IV,,,,,ANZEN IND ENE YLD PLU TRU,125.0,126.0,125.0,125.25,125.5,125.0,,125.17,,,700000,88087500.0,7,F1,25000,,,,,
2026-04-22,2026-04-22,CM,NSE,STK,758904,INF1J2R01114,AONEGOLD,EQ,,,,,AONEAMC - AONEGOLD,14.12,14.19,14.03,14.09,14.11,14.12,,14.09,,,262732,3701325.73,1302,F1,1,,,,,
2026-04-22,2026-04-22,CM,NSE,STK,30472,INF1J2R01056,AONELIQUID,EQ,,,,,AONEAMC - AONELIQUID,1056.2,1056.21,1056.18,1056.2,1056.21,1056.05,,1056.2,,,52988,55966152.62,123,F1,1,,,,,
2026-04-22,2026-04-22,CM,NSE,STK,757096,INF1J2R01064,AONENIFTY,EQ,,,,,AONEAMC - AONENIFTY,10.31,10.31,9.87,10.01,10.04,10.06,,10.01,,,279095,2800064.25,1306,F1,1,,,,,
2026-04-22,2026-04-22,CM,NSE,STK,760193,INF1J2R01171,AONESILVER,EQ,,,,,AONEAMC - AONESILVER,9.39,9.47,9.39,9.44,9.46,9.47,,9.44,,,321499,3033926.4,645,F1,1,,,,,
2026-04-22,2026-04-22,CM,NSE,STK,759992,INF1J2R01148,AONETMMQ50,EQ,,,,,AONEAMC - AONETMMQ50,10.1,10.1,10.0,10.02,10.06,10.04,,10.02,,,101222,1016640.75,268,F1,1,,,,,
2026-04-22,2026-04-22,CM,NSE,STK,29975,INF1J2R01015,AONETOTAL,EQ,,,,,AONEAMC - AONETOTAL,11.64,11.74,11.55,11.66,11.7,11.64,,11.66,,,498445,5794300.22,1675,F1,1,,,,,
2026-04-22,2026-04-22,CM,NSE,STK,11491,INE372A01015,APARINDS,EQ,,,,,APAR INDUSTRIES LTD.,11770.0,12049.5,11721.5,11789.0,11780.0,11714.0,,11789.0,,,118067,1403398532.5,25358,F1,1,,,,,
2026-04-22,2026-04-22,CM,NSE,STK,154,INE116A01032,APCOTEXIND,EQ,,,,,APCOTEX INDUSTRIES LIMITE,402.55,407.95,394.45,399.3,401.5,400.55,,399.45,,,18006,7232139.35,892,F1,1,,,,,
2026-04-22,2026-04-22,CM,NSE,STK,27288,INE0T4V01015,APEXECO,SM,,,,,APEX ECOTECH LIMITED,121.0,121.0,115.0,116.9,120.9,121.0,,116.9,,,8800,1035280.0,11,F1,800,,,,,
2026-04-22,2026-04-22,CM,NSE,STK,21623,INE346W01013,APEX,EQ,,,,,APEX FROZEN FOODS LIMITED,477.05,486.9,471.25,476.3,476.9,474.4,,476.3,,,658007,314583486.75,12844,F1,1,,,,,
2026-04-22,2026-04-22,CM,NSE,STK,25780,INE702C01027,APLAPOLLO,EQ,,,,,APL APOLLO TUBES LTD,2115.2,2126.0,2101.6,2121.9,2120.5,2106.6,,2121.9,,,263001,557501259.6,25061,F1,1,,,,,
2026-04-22,2026-04-22,CM,NSE,STK,757176,INE0TLC07036,930APMD35,N0,,,,,APMD 9.30% 2035 STRPP I,107500.0,107500.0,107000.0,107000.0,107000.0,106300.0,,107000.0,,,25,2678102.0,15,F1,1,,,,,
2026-04-22,2026-04-22,CM,NSE,STK,157,INE437A01024,APOLLOHOSP,EQ,,,,,APOLLO HOSPITALS ENTER. L,7702.0,7801.5,7615.0,7662.0,7628.5,7744.0,,7662.0,,,608446,4693318294.0,51482,F1,1,,,,,
2026-04-22,2026-04-22,CM,NSE,STK,1134,INE713T01028,APOLLO,EQ,,,,,APOLLO MICRO SYSTEMS LTD,285.0,296.54,284.2,287.25,286.89,286.93,,287.25,,,9161435,2653791909.66,78615,F1,1,,,,,
2026-04-22,2026-04-22,CM,NSE,STK,14361,INE126J01016,APOLLOPIPE,EQ,,,,,APOLLO PIPES LIMITED,453.45,484.0,446.95,462.5,462.5,448.9,,462.5,,,1565157,738981218.95,24595,F1,1,,,,,
2026-04-22,2026-04-22,CM,NSE,STK,6302,INE451F01024,APOLSINHOT,EQ,,,,,APOLLO SINDOORI HOTEL LTD,1152.25,1152.25,1137.0,1148.25,1148.75,1152.1,,1148.25,,,319,363931.2,48,F1,1,,,,,
2026-04-22,2026-04-22,CM,NSE,STK,163,INE438A01022,APOLLOTYRE,EQ,,,,,APOLLO TYRES LTD,442.0,444.55,432.75,434.0,435.0,441.95,,434.0,,,552891,241673325.05,19006,F1,1,,,,,
2026-04-22,2026-04-22,CM,NSE,STK,24638,INE0LQG01010,APRAMEYA,SM,,,,,APRAMEYA ENGINEERING LTD,235.0,236.0,222.3,227.75,228.5,233.35,,227.75,,,16500,3821400.0,30,F1,500,,,,,
2026-04-22,2026-04-22,CM,NSE,STK,760366,INE0M2307370,915APSBC28,N0,,,,,APSBC 9.15% 2028 STRPP C,102171.68,102171.68,102171.68,102171.68,102171.68,102171.68,,102171.68,,,5,510858.4,5,F1,1,,,,,
2026-04-22,2026-04-22,CM,NSE,STK,760376,INE0M2307404,915APSBC33,N0,,,,,APSBC 9.15% 2033 STRPP H,103417.27,103417.27,103417.27,103417.27,103417.27,103986.18,,103417.27,,,8,827338.16,1,F1,1,,,,,
2026-04-22,2026-04-22,CM,NSE,STK,760380,INE0M2307396,915APSBC35,N0,,,,,APSBC 9.15% 2035 STRPP J,104533.68,104533.68,104533.68,104533.68,104533.68,104383.27,,104533.68,,,5,522668.4,1,F1,1,,,,,
2026-04-22,2026-04-22,CM,NSE,STK,761435,INE1OOJ01011,APSISAERO,ST,,,,,APSIS AEROCOM LIMITED,211.0,217.8,208.3,208.3,208.3,219.25,,208.3,,,69600,14603760.0,45,F1,1200,,,,,
2026-04-22,2026-04-22,CM,NSE,STK,10755,INE266F01018,APTECHT,EQ,,,,,APTECH LIMITED,100.0,102.1,98.38,100.63,101.8,99.38,,100.61,,,302740,30268324.43,3254,F1,1,,,,,
2026-04-22,2026-04-22,CM,NSE,STK,5435,INE852O01025,APTUS,EQ,,,,,APTUS VALUE HSG FIN I LTD,257.0,262.79,253.21,260.89,260.2,257.38,,260.89,,,1942135,504023691.43,30432,F1,1,,,,,
2026-04-22,2026-04-22,CM,NSE,STK,23365,INE416A01051,AQYLON,EQ,,,,,AQYLON NEXUS LIMITED,50.1,52.11,49.62,51.91,51.0,49.63,,52.01,,,2422886,125724498.42,10103,F1,1,,,,,
2026-04-22,2026-04-22,CM,NSE,STK,758670,INE0YDV01010,ARCIIL,SM,,,,,ARC INSULATION & INSU LTD,54.0,55.5,52.95,54.6,55.5,51.15,,54.6,,,31000,1674050.0,27,F1,1000,,,,,
2026-04-22,2026-04-22,CM,NSE,STK,12024,INE128X01021,ACI,EQ,,,,,ARCHEAN CHEMICAL IND LTD,601.0,605.7,586.25,591.05,595.95,599.4,,591.0,,,174077,103373158.1,8770,F1,1,,,,,
2026-04-22,2026-04-22,CM,NSE,STK,245,INE0CHO01012,ADL,EQ,,,,,ARCHIDPLY DECOR LIMITED,78.59,78.8,75.99,78.36,78.8,78.78,,78.53,,,1927,149466.76,73,F1,1,,,,,
2026-04-22,2026-04-22,CM,NSE,STK,16795,INE877I01016,ARCHIDPLY,EQ,,,,,ARCHIDPLY IND. LTD,83.7,83.7,79.8,81.77,79.8,80.58,,81.8,,,12422,1010214.21,576,F1,1,,,,,
2026-04-22,2026-04-22,CM,NSE,STK,5688,INE731A01020,ARCHIES,EQ,,,,,ARCHIES LTD,14.71,14.9,14.63,14.78,14.8,14.78,,14.78,,,1546,22828.39,43,F1,1,,,,,
2026-04-22,2026-04-22,CM,NSE,STK,758700,INE784R01023,ARFIN,EQ,,,,,ARFIN INDIA LIMITED,98.9,98.9,92.61,94.59,94.8,97.91,,94.59,,,2853745,276333045.68,5915,F1,1,,,,,
2026-04-22,2026-04-22,CM,NSE,STK,13092,INE0L2Y01011,ARHAM,SM,,,,,ARHAM TECHNOLOGIES LTD,147.0,147.4,145.2,146.0,146.0,146.6,,146.0,,,32000,4683250.0,24,F1,1000,,,,,
2026-04-22,2026-04-22,CM,NSE,STK,15204,INE298I01015,ARIES,EQ,,,,,ARIES AGRO LTD.,378.6,386.4,373.85,377.7,375.9,379.15,,377.7,,,28740,10895998.5,1695,F1,1,,,,,
2026-04-22,2026-04-22,CM,NSE,STK,3813,INE420B01036,ARIHANTCAP,EQ,,,,,ARIHANT CAPITAL MKTS LTD,71.59,72.49,71.25,72.01,71.75,71.6,,72.01,,,141185,10148899.02,1257,F1,1,,,,,
2026-04-22,2026-04-22,CM,NSE,STK,13885,INE413D01011,ARIHANT,EQ,,,,,ARIHANT FOUN & HOU LTD,956.0,960.05,910.0,947.9,950.0,956.4,,947.9,,,4701,4411388.2,394,F1,1,,,,,
2026-04-22,2026-04-22,CM,NSE,STK,20159,INE643K01018,ARIHANTSUP,EQ,,,,,ARIHANT SUPERSTRUCT LTD,265.0,280.3,257.66,262.14,263.15,265.69,,262.14,,,63091,16983444.52,1417,F1,1,,,,,
2026-04-22,2026-04-22,CM,NSE,STK,757614,INE0H9P01028,ARIS,EQ,,,,,ARISINFRA SOLUTIONS LTD,127.69,130.1,126.35,127.75,127.0,128.69,,127.75,,,856375,109975777.32,3284,F1,1,,,,,
2026-04-22,2026-04-22,CM,NSE,STK,13926,INE082101010,ARISTO,SM,,,,,ARISTO BIO T AND LIFESC L,103.95,103.95,102.0,103.0,103.0,99.0,,103.0,,,10400,1071120.0,9,F1,800,,,,,
2026-04-22,2026-04-22,CM,NSE,STK,25398,INE0QRL01017,ARKADE,EQ,,,,,ARKADE DEVELOPERS LIMITED,115.93,116.77,114.13,114.58,115.4,115.82,,114.58,,,210044,24189895.97,2948,F1,1,,,,,
2026-04-22,2026-04-22,CM,NSE,STK,17263,INE109C01017,ARMANFIN,EQ,,,,,ARMAN FIN SERV LTD,1484.0,1536.0,1476.0,1500.9,1510.0,1488.6,,1501.0,,,63886,95979153.6,8361,F1,1,,,,,
2026-04-22,2026-04-22,CM,NSE,STK,760749,INE0TZX01019,ARMOUR,SM,,,,,ARMOUR SECURITY (INDIA) L,21.9,22.6,21.2,21.5,21.5,19.65,,21.5,,,26000,567400.0,11,F1,2000,,,,,
2026-04-22,2026-04-22,CM,NSE,STK,14557,INE210C01013,AROGRANITE,EQ,,,,,ARO GRANITE IND. LTD.,26.86,28.69,26.86,27.84,27.81,27.31,,27.81,,,4465,124283.0,328,F1,1,,,,,
2026-04-22,2026-04-22,CM,NSE,STK,9260,INE570D01018,ARROWGREEN,EQ,,,,,ARROW GREENTECH LIMITED,543.65,560.0,539.0,548.85,547.3,543.65,,548.85,,,33080,18291007.7,755,F1,1,,,,,
2026-04-22,2026-04-22,CM,NSE,STK,29015,INE968D01022,ARSHIYA,BZ,,,,,ARSHIYA LIMITED,1.28,1.28,1.23,1.25,1.27,1.28,,1.25,,,217630,271879.01,100,F1,1,,,,,
2026-04-22,2026-04-22,CM,NSE,STK,6159,INE738V01013,ARTNIRMAN,BE,,,,,ART NIRMAN LIMITED,44.0,44.0,44.0,44.0,44.0,43.99,,44.0,,,103,4532.0,8,F1,1,,,,,
2026-04-22,2026-04-22,CM,NSE,STK,761333,INE757T01025,AEPL,BE,,,,,ARTEMIS ELECTRICALS & P L,18.86,19.49,18.45,19.0,18.62,18.99,,19.04,,,5946,112424.63,85,F1,1,,,,,
2026-04-22,2026-04-22,CM,NSE,STK,16913,INE025R01021,ARTEMISMED,EQ,,,,,ARTEMIS MED SERVICE LTD,229.5,235.5,229.16,233.16,231.75,228.39,,233.19,,,173451,40436794.94,4343,F1,1,,,,,
2026-04-22,2026-04-22,CM,NSE,STK,756896,INE0TTG01017,ARUNAYA,SM,,,,,ARUNAYA ORGANICS LIMITED,21.0,21.0,20.0,20.0,20.0,21.0,,20.0,,,8000,165100.0,4,F1,2000,,,,,
2026-04-22,2026-04-22,CM,NSE,STK,2814,INE006Z01016,ARVEE,EQ,,,,,ARVEE LABORATORIES I LTD,169.82,172.1,164.4,169.0,169.92,169.82,,169.0,,,1413,237514.86,25,F1,1,,,,,
2026-04-22,2026-04-22,CM,NSE,STK,9111,INE955V01021,ARVINDFASN,EQ,,,,,ARVIND FASHIONS LIMITED,470.8,475.0,468.5,471.8,471.55,475.25,,471.8,,,182060,85726676.7,12749,F1,1,,,,,
2026-04-22,2026-04-22,CM,NSE,STK,193,INE034A01011,ARVIND,EQ,,,,,ARVIND LIMITED,387.5,393.2,384.0,392.05,391.5,389.7,,392.05,,,231826,90284438.1,8728,F1,1,,,,,
2026-04-22,2026-04-22,CM,NSE,STK,19579,INE0P4T01013,ARVINDPORT,SM,,,,,ARVIND PORT AND INFRA LTD,47.65,47.65,43.15,43.2,43.2,45.4,,43.2,,,54000,2383275.0,33,F1,1500,,,,,
2026-04-22,2026-04-22,CM,NSE,STK,10457,INE034S01021,ARVSMART,EQ,,,,,ARVIND SMARTSPACES LTD,592.5,607.3,591.0,603.55,599.95,592.3,,603.6,,,31924,19159087.15,1426,F1,1,,,,,
2026-04-22,2026-04-22,CM,NSE,STK,5378,INE439A01020,ASAHIINDIA,EQ,,,,,ASAHI INDIA GLASS LIMITED,858.85,864.95,853.9,861.15,863.3,853.9,,861.15,,,63969,55088659.55,4674,F1,1,,,,,
2026-04-22,2026-04-22,CM,NSE,STK,25088,INE228I01012,ASAHISONG,EQ,,,,,ASAHI SONGWON COLOR LTD,240.2,244.32,234.75,236.47,238.0,242.49,,236.5,,,10883,2596214.68,330,F1,1,,,,,
2026-04-22,2026-04-22,CM,NSE,STK,24711,INE0LAA01017,ASHALOG,SM,,,,,ASHAPURA LOGISTICS LTD,66.45,66.8,66.45,66.8,66.8,66.8,,66.8,,,3000,199750.0,3,F1,1000,,,,,
2026-04-22,2026-04-22,CM,NSE,STK,203,INE348A01023,ASHAPURMIN,EQ,,,,,ASHAPURA MINECHEM LTD,633.4,645.6,626.35,636.7,638.0,629.0,,636.7,,,683623,435787943.55,18971,F1,1,,,,,
2026-04-22,2026-04-22,CM,NSE,STK,24403,INE365D01021,ASHIANA,EQ,,,,,ASHIANA HOUSING LTD,331.8,343.7,331.6,341.1,339.3,333.65,,341.05,,,91612,31096498.4,1972,F1,1,,,,,
2026-04-22,2026-04-22,CM,NSE,STK,762548,INE094B01013,ASHIKA,EQ,,,,,ASHIKA CREDIT CAPITAL L,404.0,405.95,391.15,394.9,394.0,398.55,,395.2,,,47018,18753153.8,565,F1,1,,,,,
2026-04-22,2026-04-22,CM,NSE,STK,206,INE440A01010,ASHIMASYN,EQ,,,,,ASHIMA LTD,16.17,16.77,15.9,16.49,16.6,16.16,,16.49,,,228913,3733599.83,1023,F1,1,,,,,
2026-04-22,2026-04-22,CM,NSE,STK,212,INE208A01029,ASHOKLEY,EQ,,,,,ASHOK LEYLAND LTD,176.5,181.39,175.6,178.97,178.76,176.61,,178.97,,,19948964,3573419584.91,137161,F1,1,,,,,
2026-04-22,2026-04-22,CM,NSE,STK,20182,INE442H01029,ASHOKA,EQ,,,,,ASHOKA BUILDCON LTD,135.41,138.5,135.15,137.63,137.3,136.29,,137.64,,,1145878,156950059.52,10782,F1,1,,,,,
2026-04-22,2026-04-22,CM,NSE,STK,16943,INE760Y01011,ASHOKAMET,EQ,,,,,ASHOKA METCAST LIMITED,15.78,15.81,15.07,15.36,15.43,15.3,,15.35,,,6262,96175.51,167,F1,1,,,,,
2026-04-22,2026-04-22,CM,NSE,STK,760418,INE1A6Q01010,ASHWINI,SM,,,,,ASHWINI CONTAINER MOVER L,146.4,147.95,146.4,147.45,147.95,146.4,,147.45,,,5000,735250.0,5,F1,1000,,,,,
2026-04-22,2026-04-22,CM,NSE,STK,7030,INE276G01015,ASIANENE,EQ,,,,,ASIAN ENERGY SERVICES LTD,310.6,323.01,308.76,316.77,317.0,312.45,,316.76,,,116527,36837982.62,2521,F1,1,,,,,
2026-04-22,2026-04-22,CM,NSE,STK,14889,INE022I01019,ASIANTILES,EQ,,,,,ASIAN GRANITO IND. LTD.,75.53,76.14,74.7,75.42,74.77,74.97,,75.42,,,3059958,230892489.13,7889,F1,1,,,,,
2026-04-22,2026-04-22,CM,NSE,STK,19438,INE926K01017,AHLEAST,EQ,,,,,ASIAN HOTELS (EAST) LTD,156.06,174.8,156.06,168.45,168.9,157.73,,168.47,,,43911,7376550.51,1081,F1,1,,,,,
2026-04-22,2026-04-22,CM,NSE,STK,18422,INE363A01022,ASIANHOTNR,EQ,,,,,ASIAN HOTELS (NORTH) LTD,296.0,298.5,291.0,296.05,294.1,296.4,,296.05,,,5112,1503619.7,330,F1,1,,,,,
2026-04-22,2026-04-22,CM,NSE,STK,19366,INE915K01010,AHLWEST,EQ,,,,,ASIAN HOTELS (WEST) LTD,269.95,269.95,269.95,269.95,269.95,245.41,,269.95,,,11019,2974579.05,56,F1,1,,,,,
2026-04-22,2026-04-22,CM,NSE,STK,236,INE021A01026,ASIANPAINT,EQ,,,,,ASIAN PAINTS LIMITED,2500.0,2572.0,2500.0,2562.9,2563.2,2543.6,,2562.9,,,1126584,2877618609.9,59583,F1,1,,,,,
2026-04-22,2026-04-22,CM,NSE,STK,762553,INE194D01017,ASTAR,EQ,,,,,ASIAN STAR CO. LTD.,639.9,639.95,636.0,636.0,636.0,610.2,,636.0,,,31,19765.45,10,F1,1,,,,,
2026-04-22,2026-04-22,CM,NSE,STK,20152,INE491J01022,ASKAUTOLTD,EQ,,,,,ASK AUTOMOTIVE LIMITED,438.0,444.0,436.55,442.8,442.6,438.15,,442.8,,,153515,67528344.55,5198,F1,1,,,,,
2026-04-22,2026-04-22,CM,NSE,STK,17270,INE991I01015,ASPINWALL,EQ,,,,,ASPINWALL & CO LTD,231.82,234.9,228.51,231.84,231.3,231.85,,231.84,,,1876,437786.06,73,F1,1,,,,,
2026-04-22,2026-04-22,CM,NSE,STK,23396,INE0S7801010,ASPIRE,SM,,,,,ASPIRE & INNOVATIVE ADV L,16.2,16.2,16.0,16.2,16.2,15.45,,16.2,,,32000,518000.0,16,F1,2000,,,,,
2026-04-22,2026-04-22,CM,NSE,STK,17598,INE073G01016,ASALCBR,EQ,,,,,ASSO ALCOHOLS & BREW LTD,910.0,932.45,895.0,922.5,921.0,913.95,,922.5,,,30640,28212337.45,1879,F1,1,,,,,
2026-04-22,2026-04-22,CM,NSE,STK,17728,INE563J01010,ASTEC,EQ,,,,,ASTEC LIFESCIENCES LTD,698.0,746.0,697.8,740.6,740.0,698.1,,740.6,,,202085,148858597.4,7665,F1,1,,,,,
2026-04-22,2026-04-22,CM,NSE,STK,1508,INE914M01019,ASTERDM,EQ,,,,,ASTER DM HEALTHCARE LTD.,679.75,685.9,673.25,684.3,684.0,679.75,,684.3,,,585372,398343434.85,15871,F1,1,,,,,
2026-04-22,2026-04-22,CM,NSE,STK,11618,INE386C01029,ASTRAMICRO,EQ,,,,,ASTRA MICROWAVE LTD,1119.7,1135.0,1111.5,1129.75,1135.0,1111.1,,1129.85,,,458961,516515020.2,20566,F1,1,,,,,
2026-04-22,2026-04-22,CM,NSE,STK,14418,INE006I01046,ASTRAL,EQ,,,,,ASTRAL LIMITED,1585.9,1602.6,1578.0,1589.6,1600.0,1582.5,,1589.7,,,555897,882982766.3,21417,F1,1,,,,,
2026-04-22,2026-04-22,CM,NSE,STK,5610,INE203A01020,ASTRAZEN,EQ,,,,,ASTRAZENECA PHARMA IND LT,8452.0,8595.5,8422.0,8440.0,8430.0,8452.0,,8440.5,,,5217,44384268.0,2266,F1,1,,,,,
2026-04-22,2026-04-22,CM,NSE,STK,880,INE646X01014,ASTRON,BE,,,,,ASTRON PAPER BORD MIL LTD,4.69,4.69,4.41,4.54,4.54,4.49,,4.54,,,17032,77464.51,66,F1,1,,,,,
2026-04-22,2026-04-22,CM,NSE,STK,15649,INE0ALR01029,ATALREAL,EQ,,,,,ATAL REALTECH LIMITED,25.7,25.94,25.05,25.6,25.56,25.69,,25.6,,,4521681,115278409.16,3877,F1,1,,,,,
2026-04-22,2026-04-22,CM,NSE,STK,15404,INE09KD01013,ATAM,EQ,,,,,ATAM VALVES LIMITED,70.11,71.4,68.01,70.33,69.51,69.76,,70.33,,,3764,264217.87,151,F1,1,,,,,
2026-04-22,2026-04-22,CM,NSE,STK,756402,INE0V0Q01019,ATCENERGY,SM,,,,,ATC ENERGIES SYSTEM LTD,30.55,31.5,30.1,30.55,30.95,30.55,,30.55,,,28800,887640.0,22,F1,1200,,,,,
2026-04-22,2026-04-22,CM,NSE,STK,757645,INE0LEZ01016,ATHERENERG,EQ,,,,,ATHER ENERGY LIMITED,894.45,917.8,890.05,905.5,907.95,896.1,,905.45,,,5376605,4868858682.8,150652,F1,1,,,,,
2026-04-22,2026-04-22,CM,NSE,STK,760953,IN90NN701011,ATLPP,E1,,,,,ATL RE.0.50 PPD UP,9.84,9.89,9.06,9.58,9.58,9.53,,9.59,,,10942,105058.3,27,F1,1,,,,,
2026-04-22,2026-04-22,CM,NSE,STK,759007,INE0Z4F01028,ATLANTAELE,EQ,,,,,ATLANTA ELECTRICALS LTD,1385.0,1480.0,1360.8,1470.2,1479.0,1377.0,,1470.4,,,322511,462380481.5,20744,F1,1,,,,,
2026-04-22,2026-04-22,CM,NSE,STK,13585,INE285H01022,ATLANTAA,EQ,,,,,ATLANTAA LIMITED,40.81,41.44,40.5,40.58,41.14,41.02,,40.59,,,34241,1395730.75,787,F1,1,,,,,
2026-04-22,2026-04-22,CM,NSE,STK,4568,INE446A01025,ATLASCYCLE,EQ,,,,,ATLAS CYCLE (HARYANA) LTD,104.0,106.7,103.87,104.81,104.02,102.96,,105.0,,,13539,1421041.86,277,F1,1,,,,,
2026-04-22,2026-04-22,CM,NSE,STK,22785,INE05DH01017,ATMASTCO,SM,,,,,ATMASTCO LIMITED,146.1,150.0,146.1,147.75,147.0,147.9,,147.75,,,12000,1786020.0,23,F1,400,,,,,
2026-04-22,2026-04-22,CM,NSE,STK,30023,INE951D01028,ATULAUTO,EQ,,,,,ATUL AUTO LIMITED,467.05,473.9,465.1,472.0,473.9,469.15,,472.05,,,216436,101712855.75,4089,F1,1,,,,,
2026-04-22,2026-04-22,CM,NSE,STK,263,INE100A01010,ATUL,EQ,,,,,ATUL LTD,6580.0,6707.0,6550.0,6666.5,6670.0,6557.0,,6666.5,,,18911,125690153.0,5130,F1,1,,,,,
2026-04-22,2026-04-22,CM,NSE,STK,21238,INE949L01017,AUBANK,EQ,,,,,AU SMALL FINANCE BANK LTD,1037.0,1054.4,1032.05,1043.2,1044.0,1037.9,,1043.2,,,2050971,2143144672.55,60486,F1,1,,,,,
2026-04-22,2026-04-22,CM,NSE,STK,1607,INE925Y01036,AURIGROW,EQ,,,,,AURI GROW INDIA LIMITED,0.36,0.36,0.36,0.36,0.36,0.35,,0.36,,,3487737,1255585.32,405,F1,1,,,,,
2026-04-22,2026-04-22,CM,NSE,STK,12022,INE132H01018,AURIONPRO,EQ,,,,,AURIONPRO SOLN LTD,899.95,899.95,879.0,887.35,887.0,894.7,,887.35,,,172681,153512732.15,8632,F1,1,,,,,
2026-04-22,2026-04-22,CM,NSE,STK,15869,INE0NUL01018,AUROIMPEX,SM,,,,,AURO IMPEX & CHEMICALS L,34.0,34.0,34.0,34.0,34.0,33.0,,34.0,,,1600,54400.0,1,F1,1600,,,,,
2026-04-22,2026-04-22,CM,NSE,STK,275,INE406A01037,AUROPHARMA,EQ,,,,,AUROBINDO PHARMA LTD,1389.5,1425.1,1382.4,1421.2,1424.0,1391.7,,1421.2,,,1703571,2401426404.7,56132,F1,1,,,,,
2026-04-22,2026-04-22,CM,NSE,STK,10310,INE898S01029,AURUM,EQ,,,,,AURUM PROPTECH LIMITED,185.5,188.88,183.02,186.95,186.2,182.91,,186.94,,,114450,21333638.43,1374,F1,1,,,,,
2026-04-22,2026-04-22,CM,NSE,STK,9035,INE218C01016,AUSOMENT,BE,,,,,AUSOM ENTERPRISE LIMITED,124.0,127.65,121.65,126.25,126.9,122.26,,126.21,,,8288,1019309.88,76,F1,1,,,,,
2026-04-22,2026-04-22,CM,NSE,STK,21451,INE0P0001010,APS,SM,,,,,AUSTRALIAN PREM SOLAR I L,372.1,379.0,365.2,375.1,377.0,376.0,,375.1,,,20000,7442350.0,71,F1,250,,,,,
2026-04-22,2026-04-22,CM,NSE,STK,23553,INE206F01022,AIIL,EQ,,,,,AUTHUM INVEST & INFRA LTD,473.0,495.2,463.05,484.8,484.8,470.7,,484.8,,,514119,247710048.6,18453,F1,1,,,,,
2026-04-22,2026-04-22,CM,NSE,STK,14106,INE718H01014,AUTOIND,EQ,,,,,AUTOLINE INDUSTRIES LTD,66.68,67.89,66.05,66.51,66.4,66.41,,66.51,,,79216,5301055.33,748,F1,1,,,,,
2026-04-22,2026-04-22,CM,NSE,STK,278,INE449A01011,AUTOAXLES,EQ,,,,,AUTOMOTIVE AXLES LIMITED,1829.0,1834.8,1783.5,1798.8,1788.0,1803.9,,1798.0,,,4058,7346899.3,694,F1,1,,,,,
2026-04-22,2026-04-22,CM,NSE,STK,10634,INE900C01027,ASAL,EQ,,,,,AUTOMOTIVE STAMPINGS & AS,484.35,497.3,477.1,488.05,489.6,482.4,,488.1,,,35343,17322065.4,1621,F1,1,,,,,
2026-04-22,2026-04-22,CM,NSE,STK,21406,INE349W01017,AVADHSUGAR,EQ,,,,,AVADH SUG & ENERGY LTD,476.0,485.8,467.5,478.55,481.0,475.3,,478.55,,,98902,47316201.9,4043,F1,1,,,,,
2026-04-22,2026-04-22,CM,NSE,STK,762558,INE325G01010,AVAILFC,EQ,,,,,AVAILABLE FINANCE LTD.,154.95,155.85,151.0,151.2,152.95,153.75,,151.25,,,1216,185949.6,75,F1,1,,,,,
2026-04-22,2026-04-22,CM,NSE,STK,15058,INE0LCL01028,AVALON,EQ,,,,,AVALON TECHNOLOGIES LTD,1088.1,1115.05,1073.0,1079.45,1075.9,1084.25,,1079.45,,,191976,210157335.7,17915,F1,1,,,,,
2026-04-22,2026-04-22,CM,NSE,STK,760736,INE1KU201016,AVANA,ST,,,,,AVANA ELECTROSYSTEMS LTD,122.0,122.85,118.75,121.95,122.7,124.95,,121.95,,,78000,9340800.0,35,F1,2000,,,,,
2026-04-22,2026-04-22,CM,NSE,STK,24610,INE005B01027,AVANTEL,EQ,,,,,AVANTEL LIMITED,157.0,161.79,157.0,158.04,157.99,157.91,,158.05,,,1582699,251973675.73,11402,F1,1,,,,,
2026-04-22,2026-04-22,CM,NSE,STK,7936,INE871C01038,AVANTIFEED,EQ,,,,,AVANTI FEEDS LIMITED,1479.4,1494.4,1434.6,1442.7,1444.0,1463.0,,1442.7,,,637620,930488576.8,28151,F1,1,,,,,
2026-04-22,2026-04-22,CM,NSE,STK,19913,INE192R01011,DMART,EQ,,,,,AVENUE SUPERMARTS LIMITED,4589.2,4628.9,4532.1,4594.8,4571.0,4589.4,,4594.8,,,325451,1493373813.1,34474,F1,1,,,,,
2026-04-22,2026-04-22,CM,NSE,STK,16249,INE483S01020,CCAVENUE,EQ,,,,,AVENUESAI LIMITED,14.7,15.0,14.7,14.81,14.87,14.77,,14.81,,,10452740,155098310.66,12537,F1,1,,,,,
2026-04-22,2026-04-22,CM,NSE,STK,15589,INE680Z01018,AVG,EQ,,,,,AVG LOGISTICS LIMITED,175.67,177.99,169.56,170.99,172.5,174.81,,171.04,,,26979,4648347.89,1006,F1,1,,,,,
2026-04-22,2026-04-22,CM,NSE,STK,25520,INE0TFB01017,AVIANSH,SM,,,,,AVI ANSH TEXTILE LIMITED,111.0,111.5,111.0,111.5,111.5,111.0,,111.5,,,2000,222500.0,2,F1,1000,,,,,
2026-04-22,2026-04-22,CM,NSE,STK,13557,INE323B01024,AVONMORE,EQ,,,,,AVONMORE CAP&MGT SERV LTD,12.75,12.75,12.13,12.3,12.36,12.47,,12.3,,,128476,1588250.22,743,F1,1,,,,,
2026-04-22,2026-04-22,CM,NSE,STK,23159,INE0R9401019,AVPINFRA,SM,,,,,AVP INFRACON LIMITED,105.8,107.0,104.0,105.25,105.25,106.35,,105.25,,,20800,2190480.0,26,F1,800,,,,,
2026-04-22,2026-04-22,CM,NSE,STK,8827,INE652Z01017,AVROIND,EQ,,,,,AVRO INDIA LIMITED,133.0,135.0,131.0,132.27,133.5,130.38,,132.27,,,117414,15545857.6,1414,F1,1,,,,,
2026-04-22,2026-04-22,CM,NSE,STK,14008,INE488D01021,AVTNPL,EQ,,,,,AVT NATURAL PRODUCTS LTD,65.64,67.59,63.7,67.18,67.31,65.96,,67.17,,,46279,3071713.57,1071,F1,1,,,,,
2026-04-22,2026-04-22,CM,NSE,STK,23864,INE108V01019,AWFIS,EQ,,,,,AWFIS SPACE SOLUTIONS LTD,352.99,360.9,341.2,359.24,360.0,350.02,,359.25,,,229039,81090239.9,5980,F1,1,,,,,
2026-04-22,2026-04-22,CM,NSE,STK,8110,INE699H01024,AWL,EQ,,,,,AWL AGRI BUSINESS LIMITED,188.45,201.01,187.31,199.6,199.5,188.49,,199.6,,,12333012,2437234477.78,112386,F1,1,,,,,
2026-04-22,2026-04-22,CM,NSE,STK,5900,INE238A01034,AXISBANK,EQ,,,,,AXIS BANK LIMITED,1370.0,1391.0,1366.0,1379.6,1375.0,1377.7,,1379.6,,,3997911,5525946542.3,103945,F1,1,,,,,
2026-04-22,2026-04-22,CM,NSE,STK,20532,INF846K01W80,AXISGOLD,EQ,,,,,AXIS MF - AXIS GOLD ETF,127.05,127.05,125.63,125.91,125.94,126.23,,125.91,,,1060568,133554872.04,4502,F1,1,,,,,
2026-04-22,2026-04-22,CM,NSE,STK,1044,INF846K01X63,AXISBNKETF,EQ,,,,,AXISAMC - AXISBNKETF,574.12,589.65,574.12,587.25,587.27,588.85,,587.25,,,715,420143.75,54,F1,1,,,,,
2026-04-22,2026-04-22,CM,NSE,STK,3530,INF846K01Z04,AXISBPSETF,EQ,,,,,AXISAMC - AXISBPSETF,13.38,13.38,13.29,13.33,13.35,13.32,,13.33,,,67849,905054.2,323,F1,1,,,,,
2026-04-22,2026-04-22,CM,NSE,STK,5732,INF846K016C7,AXISCETF,EQ,,,,,AXISAMC - AXISCETF,119.0,119.2,118.44,118.59,118.9,118.72,,118.59,,,2312,274651.2,34,F1,1,,,,,
2026-04-22,2026-04-22,CM,NSE,STK,3608,INF846K01Z12,AXISHCETF,EQ,,,,,AXISAMC - AXISHCETF,146.8,147.92,146.8,147.77,147.76,147.53,,147.77,,,25189,3706986.29,55,F1,1,,,,,
2026-04-22,2026-04-22,CM,NSE,STK,11193,INF846K011K1,AXISILVER,EQ,,,,,AXISAMC - AXISILVER,244.94,246.4,244.0,244.95,245.29,246.53,,244.95,,,216314,53062764.37,3346,F1,1,,,,,
2026-04-22,2026-04-22,CM,NSE,STK,21252,INF846K01W98,AXISNIFTY,EQ,,,,,AXISAMC - AXISNIFTY,269.99,269.99,267.47,268.31,268.27,269.81,,268.31,,,31378,8423328.58,271,F1,1,,,,,
2026-04-22,2026-04-22,CM,NSE,STK,3010,INF846K01Y96,AXISTECETF,EQ,,,,,AXISAMC - AXISTECETF,339.15,344.59,330.2,334.2,336.35,347.2,,334.22,,,15208,5077523.92,319,F1,1,,,,,
2026-04-22,2026-04-22,CM,NSE,STK,30155,INF846KA1119,AXISVALUE,EQ,,,,,AXISAMC - AXISVALUE,34.01,34.39,33.83,34.21,34.28,34.01,,34.21,,,162700,5563919.85,384,F1,1,,,,,
2026-04-22,2026-04-22,CM,NSE,STK,14742,INF846K010Q0,AXSENSEX,EQ,,,,,AXISAMC - AXSENSEX,80.31,82.48,80.31,81.16,81.16,81.75,,81.16,,,3586,290981.94,77,F1,1,,,,,
2026-04-22,2026-04-22,CM,NSE,STK,9436,INE555B01013,AXISCADES,EQ,,,,,AXISCADES TECH LTD,1924.0,2001.0,1909.0,1925.9,1939.9,1916.7,,1925.9,,,248071,485556480.2,15287,F1,1,,,,,
2026-04-22,2026-04-22,CM,NSE,STK,9902,INE02EZ01022,AXITA,EQ,,,,,AXITA COTTON LIMITED,8.32,8.45,8.26,8.37,8.42,8.34,,8.37,,,368460,3073710.19,936,F1,1,,,,,
2026-04-22,2026-04-22,CM,NSE,STK,760981,INE501X01029,AYE,EQ,,,,,AYE FINANCE LIMITED,131.78,139.5,130.66,138.44,139.0,130.66,,138.45,,,1650540,226063913.76,22738,F1,1,,,,,
2026-04-22,2026-04-22,CM,NSE,STK,10285,INE193B01039,AYMSYNTEX,EQ,,,,,AYM SYNTEX LIMITED,225.4,233.0,222.4,230.15,230.5,227.07,,230.15,,,71843,16297820.49,3181,F1,1,,,,,
2026-04-22,2026-04-22,CM,NSE,STK,20905,INE02IJ01035,AZAD,EQ,,,,,AZAD ENGINEERING LIMITED,1862.6,1985.0,1862.6,1950.4,1945.0,1862.6,,1950.1,,,857651,1668512314.7,49062,F1,1,,,,,
2026-04-22,2026-04-22,CM,NSE,STK,12153,INE01EE01011,BBTCL,EQ,,,,,B&B TRIPLEWALL CONT LTD,200.02,203.8,195.0,200.34,203.8,200.01,,200.34,,,2136,424433.21,109,F1,1,,,,,
2026-04-22,2026-04-22,CM,NSE,STK,11226,INE116D01028,BAGFILMS,EQ,,,,,B.A.G FILMS AND MEDIA LTD,5.25,5.49,5.17,5.31,5.35,5.28,,5.3,,,145635,772061.35,326,F1,1,,,,,
2026-04-22,2026-04-22,CM,NSE,STK,759420,INE17CQ01015,BAGDIGITAL,SM,,,,,B.A.G.CONVERGENCE LIMITED,106.1,110.1,105.4,107.55,109.5,107.95,,107.55,,,14400,1548240.0,9,F1,1600,,,,,
2026-04-22,2026-04-22,CM,NSE,STK,13290,INE350H01032,BLKASHYAP,EQ,,,,,B.L.KASHYAP & SON LTD,54.6,55.63,54.21,54.87,54.88,54.6,,54.88,,,449872,24722912.54,2219,F1,1,,,,,
2026-04-22,2026-04-22,CM,NSE,STK,25114,INE01FR01028,STYLEBAAZA,EQ,,,,,BAAZAR STYLE RETAIL LTD,346.2,393.9,346.2,381.7,384.0,347.9,,381.7,,,4387981,1665354018.8,70877,F1,1,,,,,
2026-04-22,2026-04-22,CM,NSE,STK,17735,INE878I01022,BAFNAPH,BE,,,,,BAFNA PHARMACEUTICALS LTD,133.0,134.0,130.55,132.13,133.2,136.45,,132.13,,,2475,325361.56,40,F1,1,,,,,
2026-04-22,2026-04-22,CM,NSE,STK,12989,INE029Q01017,BAHETI,SM,,,,,BAHETI RECYCLING IND LTD,575.0,579.9,565.2,574.0,574.0,572.0,,574.0,,,15750,9018956.25,31,F1,375,,,,,
2026-04-22,2026-04-22,CM,NSE,STK,13794,INE020D01022,BAIDFIN,EQ,,,,,BAID FINSERV LIMITED,11.13,11.48,11.13,11.27,11.3,11.48,,11.27,,,86049,973397.33,263,F1,1,,,,,
2026-04-22,2026-04-22,CM,NSE,STK,16669,INE917I01010,BAJAJ-AUTO,EQ,,,,,BAJAJ AUTO LIMITED,9770.5,9790.5,9585.0,9602.0,9600.0,9793.0,,9602.0,,,301870,2928288320.0,37975,F1,1,,,,,
2026-04-22,2026-04-22,CM,NSE,STK,19531,INE933K01021,BAJAJCON,EQ,,,,,BAJAJ CONSUMER CARE LTD,461.0,479.5,461.0,469.5,468.0,458.9,,469.5,,,1694609,800549051.25,39996,F1,1,,,,,
2026-04-22,2026-04-22,CM,NSE,STK,15034,INE193E01025,BAJAJELEC,EQ,,,,,BAJAJ ELECT.LTD,398.65,403.0,397.0,398.2,397.6,398.65,,398.2,,,93573,37359712.25,2775,F1,1,,,,,
2026-04-22,2026-04-22,CM,NSE,STK,317,INE296A01032,BAJFINANCE,EQ,,,,,BAJAJ FINANCE LIMITED,938.0,946.35,930.15,934.75,934.9,938.85,,934.75,,,5759028,5394931382.85,132008,F1,1,,,,,
2026-04-22,2026-04-22,CM,NSE,STK,16675,INE918I01026,BAJAJFINSV,EQ,,,,,BAJAJ FINSERV LTD.,1847.0,1860.0,1835.0,1842.9,1841.9,1851.4,,1842.8,,,739941,1367019759.6,46188,F1,1,,,,,
2026-04-22,2026-04-22,CM,NSE,STK,6863,INE411U01027,BAJAJHCARE,EQ,,,,,BAJAJ HEALTHCARE LIMITED,331.9,334.0,328.0,332.75,334.0,328.55,,332.75,,,100110,33086320.1,2780,F1,1,,,,,
2026-04-22,2026-04-22,CM,NSE,STK,308,INE306A01021,BAJAJHIND,EQ,,,,,BAJAJ HINDUSTHAN SUGAR LT,18.69,19.32,18.5,19.22,19.14,18.6,,19.22,,,12641013,240427646.43,13551,F1,1,,,,,
2026-04-22,2026-04-22,CM,NSE,STK,305,INE118A01012,BAJAJHLDNG,EQ,,,,,BAJAJ HOLDINGS & INVS LTD,10355.0,10425.5,10300.0,10376.0,10389.0,10329.0,,10376.0,,,25978,269455889.0,6337,F1,1,,,,,
2026-04-22,2026-04-22,CM,NSE,STK,25270,INE377Y01014,BAJAJHFL,EQ,,,,,BAJAJ HOUSING FINANCE LTD,91.03,91.9,90.55,91.51,91.6,91.03,,91.51,,,4206178,383853896.04,25778,F1,1,,,,,
2026-04-22,2026-04-22,CM,NSE,STK,762563,INE704G01024,BAJAJST,EQ,,,,,BAJAJ STEEL INDS. LTD.,474.45,476.9,466.0,467.5,470.0,474.45,,468.85,,,10989,5172742.65,659,F1,1,,,,,
2026-04-22,2026-04-22,CM,NSE,STK,20531,INE0KQN01018,BAJEL,EQ,,,,,BAJEL PROJECTS LIMITED,177.92,181.92,176.62,180.69,180.4,177.92,,180.7,,,192706,34597156.11,2921,F1,1,,,,,
2026-04-22,2026-04-22,CM,NSE,STK,13441,INE083D01012,BALPHARMA,EQ,,,,,BAL PHARMA LTD.,77.59,79.0,76.05,78.18,77.23,77.59,,78.18,,,1938,151059.45,115,F1,1,,,,,
2026-04-22,2026-04-22,CM,NSE,STK,14501,INE050E01027,BALAMINES,EQ,,,,,BALAJI AMINES LIMITED,1203.3,1228.15,1191.7,1223.5,1221.8,1203.3,,1223.6,,,87479,106294757.2,6284,F1,1,,,,,
2026-04-22,2026-04-22,CM,NSE,STK,30030,INE0PQ601019,BALAJIPHOS,SM,,,,,BALAJI PHOSPHATES LIMITED,107.0,107.0,107.0,107.0,107.0,107.0,,107.0,,,1000,107000.0,1,F1,1000,,,,,
2026-04-22,2026-04-22,CM,NSE,STK,9158,INE794B01026,BALAJITELE,EQ,,,,,BALAJI TELEFILMS LIMITED.,96.2,97.5,93.0,94.63,95.9,95.21,,94.65,,,279681,26655201.86,2388,F1,1,,,,,
2026-04-22,2026-04-22,CM,NSE,STK,11314,INE618N01022,BALAXI,BE,,,,,BALAXI PHARMA LTD,28.63,28.63,27.15,27.46,27.5,27.28,,27.46,,,75264,2095642.62,303,F1,1,,,,,
2026-04-22,2026-04-22,CM,NSE,STK,335,INE787D01026,BALKRISIND,EQ,,,,,BALKRISHNA IND. LTD,2304.1,2319.9,2288.5,2309.7,2308.0,2304.1,,2309.7,,,63978,147589865.5,8457,F1,1,,,,,
2026-04-22,2026-04-22,CM,NSE,STK,10181,INE875R01011,BALKRISHNA,EQ,,,,,BALKRISHNA PAPER MILLS L,18.8,18.8,17.92,18.68,18.41,18.34,,18.68,,,26238,484085.43,238,F1,1,,,,,
2026-04-22,2026-04-22,CM,NSE,STK,338,INE164A01016,BALMLAWRIE,EQ,,,,,BALMER LAWRIE & CO LTD,177.0,180.6,177.0,178.45,178.81,177.71,,178.46,,,88960,15868496.29,1700,F1,1,,,,,
2026-04-22,2026-04-22,CM,NSE,STK,762603,INE525F01025,BLIL,EQ,,,,,BALMER LAWRIE INVSTS. L,74.4,74.4,72.0,73.05,73.15,72.9,,72.85,,,49335,3582154.05,651,F1,1,,,,,
2026-04-22,2026-04-22,CM,NSE,STK,341,INE119A01028,BALRAMCHIN,EQ,,,,,BALRAMPUR CHINI MILLS LTD,509.6,544.45,509.6,541.55,539.9,508.85,,541.55,,,2395989,1267615323.55,47414,F1,1,,,,,
2026-04-22,2026-04-22,CM,NSE,STK,23607,INE011E01029,BALUFORGE,EQ,,,,,BALU FORGE INDUSTRIES LTD,474.0,484.4,470.3,478.55,475.0,474.75,,478.55,,,354306,169220922.4,11354,F1,1,,,,,
2026-04-22,2026-04-22,CM,NSE,STK,347,INE655B01011,BANARBEADS,EQ,,,,,BANARAS BEADS LTD,111.7,114.92,111.7,114.01,113.0,112.03,,114.01,,,380,43374.03,49,F1,1,,,,,
2026-04-22,2026-04-22,CM,NSE,STK,13880,INE213C01025,BANCOINDIA,EQ,,,,,BANCO PRODUCTS (I) LTD,613.15,635.0,613.15,624.25,624.9,612.6,,624.2,,,213541,133597789.75,9029,F1,1,,,,,
2026-04-22,2026-04-22,CM,NSE,STK,2263,INE545U01014,BANDHANBNK,EQ,,,,,BANDHAN BANK LIMITED,175.0,177.12,171.58,176.52,175.25,176.13,,176.51,,,8444289,1473862484.86,42167,F1,1,,,,,
2026-04-22,2026-04-22,CM,NSE,STK,760325,INF194KB1KJ7,GOLDBND,EQ,,,,,BANDHANAMC - GOLDBND,151.35,151.35,150.35,150.63,150.44,151.4,,150.63,,,55390,8345841.52,229,F1,1,,,,,
2026-04-22,2026-04-22,CM,NSE,STK,18783,INF194KA1U07,IDFNIFTYET,EQ,,,,,BANDHANAMC - IDFNIFTYET,268.89,268.9,267.44,267.88,267.87,270.08,,267.88,,,901,241824.51,42,F1,1,,,,,
2026-04-22,2026-04-22,CM,NSE,STK,760328,INF194KB1KI9,SILVERBND,EQ,,,,,BANDHANAMC - SILVERBND,247.48,249.29,245.06,246.85,246.1,248.02,,246.61,,,63058,15562470.52,613,F1,1,,,,,
2026-04-22,2026-04-22,CM,NSE,STK,15303,INE863I01016,BANG,EQ,,,,,BANG OVERSEAS LTD.,39.71,40.14,39.38,39.92,39.93,39.71,,39.92,,,3435,136540.94,57,F1,1,,,,,
2026-04-22,2026-04-22,CM,NSE,STK,4668,INE028A01039,BANKBARODA,EQ,,,,,BANK OF BARODA,283.25,285.1,281.36,282.77,282.85,284.05,,282.77,,,7482697,2119162960.06,59831,F1,1,,,,,
2026-04-22,2026-04-22,CM,NSE,STK,4745,INE084A01016,BANKINDIA,EQ,,,,,BANK OF INDIA,149.83,154.34,149.18,152.92,152.85,149.83,,152.92,,,15080884,2297266478.79,62298,F1,1,,,,,
2026-04-22,2026-04-22,CM,NSE,STK,11377,INE457A01014,MAHABANK,EQ,,,,,BANK OF MAHARASHTRA,80.59,82.15,78.85,79.76,79.75,80.18,,79.76,,,52387766,4245732615.75,135982,F1,1,,,,,
2026-04-22,2026-04-22,CM,NSE,STK,828,INE862Y01015,BANKA,BE,,,,,BANKA BIOLOO LIMITED,72.2,75.81,70.05,71.33,70.05,72.2,,71.33,,,12400,928884.75,56,F1,1,,,,,
2026-04-22,2026-04-22,CM,NSE,STK,12034,INE186H01022,BASML,EQ,,,,,BANNARI AM SPIN MILL LTD.,23.06,23.74,22.81,23.16,23.1,23.58,,23.16,,,80841,1872546.34,292,F1,1,,,,,
2026-04-22,2026-04-22,CM,NSE,STK,350,INE459A01010,BANARISUG,EQ,,,,,BANNARI AMMAN SUGARS LTD,3650.0,3650.0,3601.3,3619.0,3636.0,3641.3,,3619.0,,,227,821648.9,129,F1,1,,,,,
2026-04-22,2026-04-22,CM,NSE,STK,24386,INE0B9K01025,BANSALWIRE,EQ,,,,,BANSAL WIRE INDUSTRIES L,309.85,317.38,306.1,313.46,313.1,310.13,,313.46,,,81481,25379655.17,1671,F1,1,,,,,
2026-04-22,2026-04-22,CM,NSE,STK,14511,INE629D01020,BANSWRAS,EQ,,,,,BANSWARA SYNTEX LIMITED,113.5,116.98,112.85,116.46,116.97,113.55,,116.46,,,16594,1919772.72,301,F1,1,,,,,
2026-04-22,2026-04-22,CM,NSE,STK,15073,INE139I01011,BVCL,EQ,,,,,BARAK VALLEY CEM. LTD.,39.9,41.9,39.0,41.03,41.0,39.9,,41.03,,,21042,860878.64,373,F1,1,,,,,
2026-04-22,2026-04-22,CM,NSE,STK,29176,INE0QX401014,BARFLEX,SM,,,,,BARFLEX POLYFILMS LIMITED,58.9,58.9,58.9,58.9,58.9,59.0,,58.9,,,2000,117800.0,1,F1,2000,,,,,
2026-04-22,2026-04-22,CM,NSE,STK,24117,INF251K01TL6,BBNPNBETF,EQ,,,,,BARODABNP - BBNPNBETF,57.76,57.79,57.38,57.53,57.59,57.59,,57.53,,,759,43686.88,30,F1,1,,,,,
2026-04-22,2026-04-22,CM,NSE,STK,20547,INF251K01SU9,BBNPPGOLD,EQ,,,,,BARODABNP - BBNPPGOLD,146.6,146.6,145.6,145.95,145.95,146.55,,145.95,,,6977,1019868.8,78,F1,1,,,,,
2026-04-22,2026-04-22,CM,NSE,STK,14064,INE855F01042,ASMS,EQ,,,,,BARTRONICS INDIA LIMITED,8.55,8.66,8.31,8.38,8.34,8.55,,8.38,,,2498926,21189164.28,2599,F1,1,,,,,
2026-04-22,2026-04-22,CM,NSE,STK,368,INE373A01013,BASF,EQ,,,,,BASF INDIA LTD,3683.1,3774.0,3683.1,3757.6,3760.0,3693.4,,3757.7,,,11455,42786488.0,3087,F1,1,,,,,
2026-04-22,2026-04-22,CM,NSE,STK,18442,INE0OCC01013,BASILIC,SM,,,,,BASILIC FLY STUDIO LTD,241.1,245.15,233.0,240.4,240.0,245.05,,240.4,,,20400,4859220.0,53,F1,300,,,,,
2026-04-22,2026-04-22,CM,NSE,STK,371,INE176A01028,BATAINDIA,EQ,,,,,BATA INDIA LTD,763.0,779.0,755.55,774.3,772.3,762.3,,774.3,,,106988,82021806.6,9464,F1,1,,,,,
2026-04-22,2026-04-22,CM,NSE,STK,762568,INE177C01022,BATLIBOI,EQ,,,,,BATLIBOI LTD.,84.85,86.0,81.75,83.2,83.8,82.25,,83.05,,,5667,470789.05,160,F1,1,,,,,
2026-04-22,2026-04-22,CM,NSE,STK,22571,INE0JFJ01011,BAWEJA,SM,,,,,BAWEJA STUDIOS LIMITED,37.5,37.65,36.2,36.95,37.6,37.5,,36.95,,,11200,413440.0,13,F1,800,,,,,
2026-04-22,2026-04-22,CM,NSE,STK,17927,INE462A01022,BAYERCROP,EQ,,,,,BAYER CROPSCIENCE LTD,4863.9,4863.9,4779.6,4787.9,4795.0,4822.7,,4788.0,,,11877,56963120.3,3577,F1,1,,,,,
2026-04-22,2026-04-22,CM,NSE,STK,2513,INE412G01024,BCLIND,EQ,,,,,BCL INDUSTRIES LIMITED,33.06,35.1,32.76,34.84,34.85,32.57,,34.84,,,1677337,57177496.19,5395,F1,1,,,,,
2026-04-22,2026-04-22,CM,NSE,STK,761494,INE00SW01015,BCPL,EQ,,,,,BCPL RAILWAY INFRA LTD,72.99,73.99,69.21,70.73,71.53,71.82,,70.74,,,19145,1359247.99,779,F1,1,,,,,
2026-04-22,2026-04-22,CM,NSE,STK,23922,INE639X01027,BEACON,SM,,,,,BEACON TRUSTEESHIP LTD,90.0,91.0,89.95,90.1,90.1,89.85,,90.1,,,25000,2260950.0,19,F1,1000,,,,,
2026-04-22,2026-04-22,CM,NSE,STK,17933,INE520H01022,BEARDSELL,EQ,,,,,BEARDSELL LIMITED,27.0,27.62,25.5,26.38,26.6,27.17,,26.38,,,34776,920318.15,454,F1,1,,,,,
2026-04-22,2026-04-22,CM,NSE,STK,20200,INE844K01012,BEDMUTHA,BE,,,,,BEDMUTHA INDUST LTD,117.37,117.37,112.44,112.86,112.44,113.04,,112.86,,,1976,224893.98,28,F1,1,,,,,
2026-04-22,2026-04-22,CM,NSE,STK,762573,INE213D01015,BEEKAY,EQ,,,,,BEEKAY STEEL INDS. LTD.,423.95,435.15,420.0,421.55,424.0,426.85,,419.8,,,1034,439855.5,73,F1,1,,,,,
2026-04-22,2026-04-22,CM,NSE,STK,757938,INE344T01014,BELLACASA,EQ,,,,,BELLA CASA FASH AND RET L,270.0,272.85,267.1,269.51,267.35,267.62,,269.41,,,9353,2522225.86,366,F1,1,,,,,
2026-04-22,2026-04-22,CM,NSE,STK,757102,INE894V01022,BELRISE,EQ,,,,,BELRISE INDUSTRIES LTD,217.9,223.98,217.21,222.13,223.5,219.05,,222.13,,,3029035,670436674.49,30260,F1,1,,,,,
2026-04-22,2026-04-22,CM,NSE,STK,15067,INE0N7W01012,BLAL,EQ,,,,,BEML LAND ASSETS LIMITED,195.4,195.4,191.02,193.41,193.0,192.5,,193.41,,,7457,1441994.75,299,F1,1,,,,,
2026-04-22,2026-04-22,CM,NSE,STK,395,INE258A01024,BEML,EQ,,,,,BEML LIMITED,1830.0,1910.0,1811.1,1830.9,1830.0,1767.9,,1831.0,,,2233039,4117052232.7,104890,F1,1,,,,,
2026-04-22,2026-04-22,CM,NSE,STK,762578,INE083K01017,BENGALASM,EQ,,,,,BENGAL & ASSAM CO. LTD.,6014.95,6287.25,6014.95,6232.6,6287.0,6058.4,,6211.0,,,264,1613978.35,129,F1,1,,,,,
2026-04-22,2026-04-22,CM,NSE,STK,404,INE463A01038,BERGEPAINT,EQ,,,,,BERGER PAINTS (I) LTD,478.0,479.6,470.7,478.25,476.05,480.6,,478.25,,,163070,77583053.9,11480,F1,1,,,,,
2026-04-22,2026-04-22,CM,NSE,STK,2311,INE052T01021,BESTAGRO,BE,,,,,BEST AGROLIFE LIMITED,17.2,18.43,16.8,18.28,18.34,17.56,,18.32,,,299061,5328387.15,984,F1,1,,,,,
2026-04-22,2026-04-22,CM,NSE,STK,759842,INE351Y01019,BETA,EQ,,,,,BETA DRUGS LIMITED,1326.2,1405.5,1311.0,1323.7,1313.0,1316.5,,1323.7,,,20965,28459238.5,1956,F1,1,,,,,
2026-04-22,2026-04-22,CM,NSE,STK,5662,INE0HQI01014,BEWLTD,SM,,,,,BEW ENGINEERING LIMITED,90.75,91.0,88.25,90.45,90.7,90.75,,90.45,,,13000,1168150.0,26,F1,500,,,,,
2026-04-22,2026-04-22,CM,NSE,STK,21113,INE878K01010,BFINVEST,EQ,,,,,BF INVESTMENT LIMITED,414.0,434.7,413.05,430.55,431.75,412.95,,430.5,,,40929,17426036.65,1865,F1,1,,,,,
2026-04-22,2026-04-22,CM,NSE,STK,14567,INE243D01012,BFUTILITIE,EQ,,,,,BF UTILITIES LIMITED,560.0,580.65,560.0,580.65,580.65,553.0,,580.65,,,115850,67005471.45,1549,F1,1,,,,,
2026-04-22,2026-04-22,CM,NSE,STK,21986,INF0QA701714,BANKBETF,EQ,,,,,BFAM - BANKBETF,58.25,58.25,57.69,57.86,57.9,57.97,,57.86,,,10643,616536.5,190,F1,1,,,,,
2026-04-22,2026-04-22,CM,NSE,STK,23915,INF0QA701854,LIQUIDBETF,EQ,,,,,BFAM - LIQUIDBETF,1078.38,1078.38,1078.36,1078.37,1078.37,1078.24,,1078.37,,,160994,173611452.68,134,F1,1,,,,,
2026-04-22,2026-04-22,CM,NSE,STK,21959,INF0QA701722,NIFTYBETF,EQ,,,,,BFAM - NIFTYBETF,250.46,250.74,249.0,249.57,249.52,250.76,,250.08,,,2935,732096.16,72,F1,1,,,,,
2026-04-22,2026-04-22,CM,NSE,STK,15193,INE661I01014,BGRENERGY,BE,,,,,BGR ENERGY SYSTEMS LTD,354.6,354.6,338.1,341.56,342.0,342.28,,341.73,,,42418,14662588.35,544,F1,1,,,,,
2026-04-22,2026-04-22,CM,NSE,STK,758225,INE0ZRC01017,BHADORA,SM,,,,,BHADORA INDUSTRIES LTD,61.5,61.5,60.0,61.45,61.45,61.5,,61.45,,,7200,440160.0,5,F1,1200,,,,,
2026-04-22,2026-04-22,CM,NSE,STK,13400,INE354C01027,BHAGERIA,EQ,,,,,BHAGERIA INDUSTRIES LTD,162.39,165.58,161.5,163.12,163.53,163.53,,163.12,,,11961,1951850.71,321,F1,1,,,,,
2026-04-22,2026-04-22,CM,NSE,STK,6164,INE414D01027,BHAGCHEM,EQ,,,,,BHAGIRADHA CHEM & INDS L,251.0,268.45,247.0,266.42,267.0,249.53,,266.42,,,628740,163951588.96,5293,F1,1,,,,,
2026-04-22,2026-04-22,CM,NSE,STK,20776,INE458B01036,BHAGYANGR,EQ,,,,,BHAGYANAGAR INDIA LIMITED,219.29,220.0,208.38,210.57,210.0,214.72,,210.57,,,255537,54646256.01,3642,F1,1,,,,,
2026-04-22,2026-04-22,CM,NSE,STK,19556,INE474E01029,BHANDARI,EQ,,,,,BHANDARI HOSIERY EXP LTD,3.31,3.34,3.21,3.28,3.29,3.26,,3.28,,,361397,1190082.48,738,F1,1,,,,,
2026-04-22,2026-04-22,CM,NSE,STK,419,INE922A01025,BEPL,EQ,,,,,BHANSALI ENG. POLYMERS LT,103.39,103.75,101.2,102.66,102.6,102.85,,102.67,,,498982,51004507.99,4041,F1,1,,,,,
2026-04-22,2026-04-22,CM,NSE,STK,13761,INE464A01036,BBL,EQ,,,,,BHARAT BIJLEE LTD,2825.5,2875.0,2782.4,2808.8,2820.0,2825.5,,2808.7,,,54289,153021980.4,8858,F1,1,,,,,
2026-04-22,2026-04-22,CM,NSE,STK,760726,INE05XR01022,BHARATCOAL,EQ,,,,,BHARAT COKING COAL LTD,36.0,36.4,35.75,35.82,35.85,36.13,,35.82,,,11702555,421520740.98,24089,F1,1,,,,,
2026-04-22,2026-04-22,CM,NSE,STK,2144,INE171Z01026,BDL,EQ,,,,,BHARAT DYNAMICS LIMITED,1370.0,1391.9,1369.1,1380.2,1379.5,1375.0,,1380.2,,,836556,1155915810.3,25619,F1,1,,,,,
2026-04-22,2026-04-22,CM,NSE,STK,383,INE263A01024,BEL,EQ,,,,,BHARAT ELECTRONICS LTD,450.8,451.85,444.7,448.7,448.95,451.5,,448.7,,,11538028,5168568069.15,141903,F1,1,,,,,
2026-04-22,2026-04-22,CM,NSE,STK,422,INE465A01025,BHARATFORG,EQ,,,,,BHARAT FORGE LTD,1888.1,1925.0,1888.1,1903.2,1907.0,1895.8,,1903.2,,,1054785,2015205150.6,57165,F1,1,,,,,
2026-04-22,2026-04-22,CM,NSE,STK,426,INE561C01019,BHARATGEAR,EQ,,,,,BHARAT GEARS LTD.,109.0,113.94,108.11,109.42,108.4,108.92,,109.42,,,39476,4389327.86,1270,F1,1,,,,,
2026-04-22,2026-04-22,CM,NSE,STK,526,INE029A01011,BPCL,EQ,,,,,BHARAT PETROLEUM CORP  LT,317.0,317.0,313.0,314.4,313.05,318.05,,314.4,,,7456858,2351319802.25,63121,F1,1,,,,,
2026-04-22,2026-04-22,CM,NSE,STK,3834,INE838B01021,BHARATRAS,EQ,,,,,BHARAT RASAYAN LTD,1524.5,1524.5,1451.0,1462.8,1467.3,1505.2,,1462.9,,,31047,45747558.1,3505,F1,1,,,,,
2026-04-22,2026-04-22,CM,NSE,STK,21683,INE727S01012,BRNL,EQ,,,,,BHARAT ROAD NETWORK LTD,21.4,21.4,20.53,21.12,21.01,20.88,,21.12,,,29192,614881.94,438,F1,1,,,,,
2026-04-22,2026-04-22,CM,NSE,STK,30244,INE415D01024,BHARATSE,EQ,,,,,BHARAT SEATS LIMITED,179.85,182.84,176.9,178.01,178.5,180.77,,178.03,,,122236,21906476.16,2601,F1,1,,,,,
2026-04-22,2026-04-22,CM,NSE,STK,16123,INE316L01019,BHARATWIRE,EQ,,,,,BHARAT WIRE ROPES LTD.,220.7,228.0,219.0,224.76,227.0,220.0,,224.74,,,572605,127927640.67,6778,F1,1,,,,,
2026-04-22,2026-04-22,CM,NSE,STK,10604,INE397D01024,BHARTIARTL,EQ,,,,,BHARTI AIRTEL LIMITED,1850.2,1857.9,1825.3,1829.0,1831.0,1855.0,,1829.0,,,5687058,10449584640.1,160073,F1,1,,,,,
2026-04-22,2026-04-22,CM,NSE,STK,23489,INE343G01021,BHARTIHEXA,EQ,,,,,BHARTI HEXACOM LIMITED,1557.2,1573.8,1544.1,1550.1,1549.4,1557.2,,1550.1,,,115463,179642100.1,12900,F1,1,,,,,
2026-04-22,2026-04-22,CM,NSE,STK,7848,INE828A01016,BIL,EQ,,,,,BHARTIYA INTERNATIONAL,732.0,804.9,732.0,796.45,799.0,782.4,,796.4,,,1310,1030000.95,195,F1,1,,,,,
2026-04-22,2026-04-22,CM,NSE,STK,438,INE257A01026,BHEL,EQ,,,,,BHEL,331.99,336.8,329.7,333.64,333.97,332.61,,333.64,,,15926893,5312877244.7,140484,F1,1,,,,,
2026-04-22,2026-04-22,CM,NSE,STK,762618,INE274K01012,BTTL,EQ,,,,,BHILWARA TECHNICAL TEXT L,37.25,37.25,34.7,34.7,34.7,35.6,,34.8,,,3681,130996.55,125,F1,1,,,,,
2026-04-22,2026-04-22,CM,NSE,STK,18431,INE412U01025,BIGBLOC,EQ,,,,,BIGBLOC CONSTRUCTION LTD,50.74,52.49,45.0,48.58,48.1,50.74,,48.58,,,441756,21255789.74,3924,F1,1,,,,,
2026-04-22,2026-04-22,CM,NSE,STK,11966,INE00E101023,BIKAJI,EQ,,,,,BIKAJI FOODS INTERN LTD,664.0,695.5,664.0,684.9,686.0,662.55,,684.85,,,354656,242469272.3,19106,F1,1,,,,,
2026-04-22,2026-04-22,CM,NSE,STK,25524,INE0SQH01013,BIKEWO,SM,,,,,BIKEWO GREEN TECH LIMITED,20.8,22.8,20.8,21.55,21.3,20.75,,21.55,,,50000,1095300.0,24,F1,2000,,,,,
2026-04-22,2026-04-22,CM,NSE,STK,762583,INE986A01012,BI,EQ,,,,,BILCARE LTD.,62.0,62.0,60.3,61.95,60.6,60.8,,61.65,,,3727,230692.05,18,F1,1,,,,,
2026-04-22,2026-04-22,CM,NSE,STK,759806,INE0HOQ01053,GROWW,EQ,,,,,BILLIONBRAINS GARAGE VN L,214.82,222.88,212.4,217.9,217.7,214.01,,217.9,,,122276331,26633557149.4,506050,F1,1,,,,,
2026-04-22,2026-04-22,CM,NSE,STK,762588,INE469A01019,BIMETAL,EQ,,,,,BIMETAL BEARINGS LTD.,632.3,632.3,569.95,593.8,594.0,600.0,,594.4,,,382,228831.35,54,F1,1,,,,,
2026-04-22,2026-04-22,CM,NSE,STK,11373,INE376G01013,BIOCON,EQ,,,,,BIOCON LIMITED.,362.45,362.5,356.2,357.8,358.0,361.5,,357.8,,,2600977,932526465.65,37233,F1,1,,,,,
2026-04-22,2026-04-22,CM,NSE,STK,4136,INE829A01014,BIOFILCHEM,EQ,,,,,BIOFIL CHEM & PHARMA LTD,33.97,35.0,33.5,33.85,33.71,33.97,,33.85,,,11841,403897.23,200,F1,1,,,,,
2026-04-22,2026-04-22,CM,NSE,STK,760942,INE0XW001014,BIOPOL,SM,,,,,BIOPOL CHEMICALS LIMITED,111.85,114.8,107.6,113.9,114.0,108.05,,113.9,,,56400,6364980.0,39,F1,1200,,,,,
2026-04-22,2026-04-22,CM,NSE,STK,477,INE800A01015,BIRLACABLE,EQ,,,,,BIRLA CABLE LIMITED,158.47,166.77,157.01,165.0,166.28,158.47,,164.99,,,289987,47161467.75,4155,F1,1,,,,,
2026-04-22,2026-04-22,CM,NSE,STK,480,INE340A01012,BIRLACORPN,EQ,,,,,BIRLA CORPORATION LTD,955.0,956.9,937.1,948.35,950.5,956.9,,948.35,,,47161,44671976.6,3713,F1,1,,,,,
2026-04-22,2026-04-22,CM,NSE,STK,762593,INE372E01025,BIRLAPREC,EQ,,,,,BIRLA PRECISION TECH L,37.2,37.2,34.25,35.0,35.0,36.05,,35.05,,,40200,1415631.55,338,F1,1,,,,,
2026-04-22,2026-04-22,CM,NSE,STK,1455,INE557A01011,BIRLANU,EQ,,,,,BIRLANU LIMITED,1440.5,1460.0,1418.2,1441.5,1426.1,1426.2,,1441.6,,,7965,11430299.1,1042,F1,1,,,,,
2026-04-22,2026-04-22,CM,NSE,STK,760247,INF209KC1670,ABSL10BANK,EQ,,,,,BIRLASLAMC - ABSL10BANK,170.29,175.0,169.53,174.16,175.0,170.96,,174.16,,,423,72078.61,18,F1,1,,,,,
2026-04-22,2026-04-22,CM,NSE,STK,13987,INF209KB17D5,ABSLBANETF,EQ,,,,,BIRLASLAMC - ABSLBANETF,58.78,58.78,58.21,58.3,58.38,58.54,,58.3,,,28126,1643494.89,331,F1,1,,,,,
2026-04-22,2026-04-22,CM,NSE,STK,14518,INF209KB18T9,ABSLLIQUID,EQ,,,,,BIRLASLAMC - ABSLLIQUID,1000.0,1000.01,999.99,999.99,999.99,1000.0,,999.99,,,2419,2418997.83,26,F1,1,,,,,
2026-04-22,2026-04-22,CM,NSE,STK,761066,INF209KC1662,ABSLMSCIN,EQ,,,,,BIRLASLAMC - ABSLMSCIN,29.45,29.52,29.38,29.38,29.38,29.46,,29.38,,,486,14316.29,9,F1,1,,,,,
2026-04-22,2026-04-22,CM,NSE,STK,7339,INF209KB16D7,ABSLNN50ET,EQ,,,,,BIRLASLAMC - ABSLNN50ET,74.66,75.0,74.27,74.86,74.98,74.27,,74.86,,,15346,1144588.28,263,F1,1,,,,,
2026-04-22,2026-04-22,CM,NSE,STK,5957,INF209KB10E8,BSLSENETFG,EQ,,,,,BIRLASLAMC - BSLSENETFG,80.87,80.87,78.45,78.59,78.5,79.26,,78.59,,,4247,334425.64,169,F1,1,,,,,
2026-04-22,2026-04-22,CM,NSE,STK,24847,INF209KC1142,GSEC10ABSL,EQ,,,,,BIRLASLAMC - GSEC10ABSL,111.11,111.37,111.11,111.37,111.37,111.38,,111.37,,,2,222.48,2,F1,1,,,,,
2026-04-22,2026-04-22,CM,NSE,STK,6297,INF209KB10C2,HEALTHY,EQ,,,,,BIRLASLAMC - HEALTHY,14.55,15.23,14.55,14.91,14.98,14.93,,14.91,,,495683,7391389.84,1282,F1,1,,,,,
2026-04-22,2026-04-22,CM,NSE,STK,10693,INF209KB14K7,MOMENTUM,EQ,,,,,BIRLASLAMC - MOMENTUM,31.33,31.44,31.19,31.27,31.34,31.34,,31.27,,,44058,1377845.69,255,F1,1,,,,,
2026-04-22,2026-04-22,CM,NSE,STK,10690,INF209KB15K4,NIFTYQLITY,EQ,,,,,BIRLASLAMC - NIFTYQLITY,21.31,21.31,21.15,21.19,21.22,21.31,,21.19,,,32539,689971.26,235,F1,1,,,,,
2026-04-22,2026-04-22,CM,NSE,STK,8003,INF209KB19F6,SILVER,EQ,,,,,BIRLASLAMC - SILVER,241.4,247.28,241.4,246.21,245.8,247.42,,246.21,,,1446033,356196833.57,7671,F1,1,,,,,
2026-04-22,2026-04-22,CM,NSE,STK,6462,INF209KB11D8,TECH,EQ,,,,,BIRLASLAMC - TECH,35.0,35.0,32.65,33.05,33.0,34.28,,33.05,,,167035,5503342.47,641,F1,1,,,,,
2026-04-22,2026-04-22,CM,NSE,STK,23806,INF209KB19Z4,ABSLPSE,EQ,,,,,BIRLASLAMC-ABSLPSE,11.01,11.2,10.97,11.1,11.06,11.02,,11.1,,,418868,4632806.13,542,F1,1,,,,,
2026-04-22,2026-04-22,CM,NSE,STK,6994,INE836A01035,BSOFT,EQ,,,,,BIRLASOFT LIMITED,390.45,391.0,383.1,387.85,387.9,394.4,,387.9,,,743492,287705849.5,20393,F1,1,,,,,
2026-04-22,2026-04-22,CM,NSE,STK,3435,INE676A01027,BBOX,EQ,,,,,BLACK BOX LIMITED,529.95,535.5,525.0,531.95,531.0,529.4,,531.9,,,112162,59705156.7,4783,F1,1,,,,,
2026-04-22,2026-04-22,CM,NSE,STK,762598,INE761G01016,BLACKROSE,EQ,,,,,BLACK ROSE INDS. LTD.,83.9,85.0,80.05,83.3,83.5,83.55,,83.1,,,8496,706235.55,219,F1,1,,,,,
2026-04-22,2026-04-22,CM,NSE,STK,27144,INE0UIZ01018,BLACKBUCK,EQ,,,,,BLACKBUCK LIMITED,623.05,635.8,615.3,622.05,621.9,622.95,,622.05,,,3142484,1953862938.7,33970,F1,1,,,,,
2026-04-22,2026-04-22,CM,NSE,STK,8139,INE791A01024,BLBLIMITED,BE,,,,,BLB LIMITED,16.9,17.65,16.55,17.37,17.3,17.17,,17.37,,,202941,3507611.37,196,F1,1,,,,,
2026-04-22,2026-04-22,CM,NSE,STK,19265,INE416D01022,BLISSGVS,EQ,,,,,BLISS GVS PHARMA LTD,261.0,276.95,260.0,273.59,273.7,258.81,,273.59,,,4044628,1100856563.39,40224,F1,1,,,,,
2026-04-22,2026-04-22,CM,NSE,STK,22566,INE0NLT01010,BLSE,EQ,,,,,BLS E-SERVICES LIMITED,176.42,181.49,174.5,178.92,179.0,176.42,,178.94,,,188264,33673876.91,2562,F1,1,,,,,
2026-04-22,2026-04-22,CM,NSE,STK,17279,INE153T01027,BLS,EQ,,,,,BLS INTL SERVS LTD,292.73,293.0,289.0,292.02,292.8,292.73,,292.01,,,770378,224273911.11,18935,F1,1,,,,,
2026-04-22,2026-04-22,CM,NSE,STK,8650,INE657B01025,BLUECHIP,BE,,,,,BLUE CHIP INDIA LIMITED,2.14,2.14,2.14,2.14,2.14,2.18,,2.14,,,9901,21188.14,9,F1,1,,,,,
2026-04-22,2026-04-22,CM,NSE,STK,7480,INE472B01011,BLUECOAST,EQ,,,,,BLUE COAST HOTELS LIMITED,29.99,30.08,27.01,28.5,28.35,27.35,,28.48,,,15064,429670.05,256,F1,1,,,,,
2026-04-22,2026-04-22,CM,NSE,STK,495,INE233B01017,BLUEDART,EQ,,,,,BLUE DART EXPRESS LTD,5474.9,5500.0,5377.0,5478.3,5455.0,5469.0,,5478.3,,,20112,109241057.6,4052,F1,1,,,,,
2026-04-22,2026-04-22,CM,NSE,STK,19686,INE0KBH01020,BLUEJET,EQ,,,,,BLUE JET HEALTHCARE LTD,418.7,420.75,411.75,416.85,417.0,415.3,,416.85,,,222864,92789086.15,5701,F1,1,,,,,
2026-04-22,2026-04-22,CM,NSE,STK,23413,INE0SAK01011,BLUEPEBBLE,ST,,,,,BLUE PEBBLE LIMITED,135.0,135.0,128.25,132.15,133.3,135.0,,132.15,,,19600,2590600.0,19,F1,400,,,,,
2026-04-22,2026-04-22,CM,NSE,STK,8311,INE472A01039,BLUESTARCO,EQ,,,,,BLUE STAR LIMITED,1880.0,1903.1,1867.4,1888.6,1895.0,1869.8,,1888.6,,,504021,948797226.9,43558,F1,1,,,,,
2026-04-22,2026-04-22,CM,NSE,STK,758182,INE0X3M01010,BLUEWATER,SM,,,,,BLUE WATER LOGISTICS LTD,188.05,192.0,186.65,189.1,189.9,187.0,,189.1,,,19000,3603450.0,19,F1,1000,,,,,
2026-04-22,2026-04-22,CM,NSE,STK,759291,INE304W01038,BLUESTONE,EQ,,,,,BLUESTONE JEWEL LFSTL LTD,551.35,554.8,534.9,541.25,544.5,547.3,,541.3,,,432602,235434912.3,19496,F1,1,,,,,
2026-04-22,2026-04-22,CM,NSE,STK,757520,INE0U4101014,BLUSPRING,EQ,,,,,BLUSPRING ENTERPRISES LTD,66.1,66.24,63.0,63.99,64.0,65.65,,63.96,,,115982,7493434.03,1069,F1,1,,,,,
2026-04-22,2026-04-22,CM,NSE,STK,759256,INE965W01036,BMWVENTLTD,EQ,,,,,BMW VENTURES LIMITED,59.08,67.68,57.5,65.63,65.81,59.08,,65.62,,,1172866,77082950.06,4494,F1,1,,,,,
2026-04-22,2026-04-22,CM,NSE,STK,762608,INE00HZ01011,BNAGROCHEM,EQ,,,,,BN AGROCHEM LTD.,246.0,255.0,234.0,242.8,239.0,246.55,,242.75,,,2676,657064.15,115,F1,1,,,,,
2026-04-22,2026-04-22,CM,NSE,STK,25017,INE338D01028,BODALCHEM,EQ,,,,,BODAL CHEMICALS LTD,66.41,70.0,66.0,69.68,69.9,66.41,,69.67,,,427418,29186719.14,1999,F1,1,,,,,
2026-04-22,2026-04-22,CM,NSE,STK,14150,INE0EEJ01023,BTML,EQ,,,,,BODHI TREE MULTIMEDIA LTD,6.6,6.6,6.43,6.48,6.47,6.48,,6.48,,,362336,2349176.8,265,F1,1,,,,,
2026-04-22,2026-04-22,CM,NSE,STK,11641,INE802W01023,BOHRAIND,BE,,,,,BOHRA INDUSTRIES LIMITED,17.33,17.5,17.33,17.5,17.5,17.68,,17.5,,,1114,19475.62,10,F1,1,,,,,
2026-04-22,2026-04-22,CM,NSE,STK,380,INE050A01025,BBTC,EQ,,,,,BOMBAY BURMAH TRADING COR,1534.9,1556.4,1521.4,1551.8,1548.1,1528.1,,1551.7,,,46340,71471617.9,4063,F1,1,,,,,
2026-04-22,2026-04-22,CM,NSE,STK,513,INE032A01023,BOMDYEING,EQ,,,,,BOMBAY DYEING & MFG. CO L,113.99,116.89,113.14,115.97,116.57,113.73,,115.98,,,968540,111897228.24,6988,F1,1,,,,,
2026-04-22,2026-04-22,CM,NSE,STK,6052,INE0I3Y01014,BMETRICS,SM,,,,,BOMBAY METRICS S C LTD,40.6,43.85,40.6,43.85,43.85,40.3,,43.85,,,2400,101320.0,3,F1,800,,,,,
2026-04-22,2026-04-22,CM,NSE,STK,809,INE032Z01020,BSHSL,EQ,,,,,BOMBAY SUPER HYBRID SEEDS,99.01,101.06,99.01,99.97,99.9,100.92,,99.97,,,27844,2784484.2,509,F1,1,,,,,
2026-04-22,2026-04-22,CM,NSE,STK,29614,INE020B07GZ9,704REC28,N4,,,,,BOND 7.04% PA TAX FREE S2,1181.0,1181.0,1175.0,1177.12,1175.0,1181.0,,1177.12,,,190,223711.25,3,F1,1,,,,,
2026-04-22,2026-04-22,CM,NSE,STK,31128,INE053F07538,810IRFC27,N2,,,,,BOND 8.10% PA TAX FREE S2,1058.57,1061.8,1058.57,1061.03,1061.0,1060.0,,1061.03,,,4160,4406631.93,15,F1,1,,,,,
2026-04-22,2026-04-22,CM,NSE,STK,31040,INE906B07CB9,830NHAI27,N2,,,,,BOND 8.30% PA TAX FREE S2,1063.3,1063.3,1062.02,1063.0,1063.0,1063.0,,1064.0,,,4214,4475784.63,8,F1,1,,,,,
2026-04-22,2026-04-22,CM,NSE,STK,603,INE053F07686,865IRFC29,,,,,,BOND 8.65% PA TF TI-SIIB,1098.0,1098.0,1085.25,1085.25,1085.25,1097.0,,1085.25,,,10,10924.0,4,F1,1,,,,,
2026-04-22,2026-04-22,CM,NSE,STK,30990,INE020B07HS2,871REC28,N9,,,,,BOND 8.71% TAX FREE S2B,1110.27,1112.0,1110.27,1110.27,1110.27,1106.86,,1110.27,,,460,511029.7,5,F1,1,,,,,
2026-04-22,2026-04-22,CM,NSE,STK,31967,INE557F07108,863NHB34,N3,,,,,BOND 8.76%PA TF TR-I S 3A,6200.0,6200.0,6200.0,6200.0,6200.0,6100.0,,6200.0,,,19,117800.0,2,F1,1,,,,,
2026-04-22,2026-04-22,CM,NSE,STK,1999,INE053F07744,888IRFC29,NE,,,,,BOND 8.88% PA TF TII-SIIB,1085.01,1247.8,1085.01,1199.0,1199.0,1085.01,,1199.0,,,636,705743.8,7,F1,1,,,,,
2026-04-22,2026-04-22,CM,NSE,STK,31970,INE557F07132,901NHB34,N6,,,,,BOND 9.01%PA TF TR-I S 3B,6222.0,6222.0,6222.0,6222.0,6222.0,6252.71,,6222.0,,,108,671976.0,4,F1,1,,,,,
2026-04-22,2026-04-22,CM,NSE,STK,2947,INE020B07IG5,888REC29,NF,,,,,BOND8.88% PA TF TR II S2B,1130.0,1133.85,1125.0,1133.85,1133.85,1125.0,,1133.85,,,1150,1294693.1,12,F1,1,,,,,
2026-04-22,2026-04-22,CM,NSE,STK,761056,INE0B9A01018,BONLON,EQ,,,,,BONLON INDUSTRIES LIMITED,52.89,52.89,49.73,50.98,50.6,50.66,,51.04,,,11829,611564.34,226,F1,1,,,,,
2026-04-22,2026-04-22,CM,NSE,STK,757920,INE16SF01016,BORANA,BE,,,,,BORANA WEAVES LIMITED,377.2,385.0,373.75,373.75,373.75,393.4,,373.8,,,69147,26044499.7,433,F1,1,,,,,
2026-04-22,2026-04-22,CM,NSE,STK,19401,INE02PY01013,BOROLTD,EQ,,,,,BOROSIL LIMITED,256.55,258.66,250.6,253.52,253.1,255.52,,253.52,,,61457,15615381.22,1916,F1,1,,,,,
2026-04-22,2026-04-22,CM,NSE,STK,3149,INE666D01022,BORORENEW,EQ,,,,,BOROSIL RENEWABLES LTD,511.0,520.9,508.6,516.75,516.25,511.95,,516.75,,,528274,272829550.85,18669,F1,1,,,,,
2026-04-22,2026-04-22,CM,NSE,STK,24014,INE02L001032,BOROSCI,EQ,,,,,BOROSIL SCIENTIFIC LTD,115.7,118.9,115.47,117.99,118.9,115.71,,117.99,,,54289,6354158.71,839,F1,1,,,,,
2026-04-22,2026-04-22,CM,NSE,STK,4491,INE782A01015,BOSCH-HCIL,EQ,,,,,BOSCH HOME COMFRT IND LTD,1374.0,1393.0,1355.0,1377.8,1377.0,1358.8,,1377.9,,,12015,16520562.2,937,F1,1,,,,,
2026-04-22,2026-04-22,CM,NSE,STK,2181,INE323A01026,BOSCHLTD,EQ,,,,,BOSCH LIMITED,38110.0,38395.0,37765.0,37885.0,37925.0,38100.0,,37885.0,,,26733,1018686860.0,10269,F1,1,,,,,
2026-04-22,2026-04-22,CM,NSE,STK,530,INE110A01019,BPL,EQ,,,,,BPL LTD,53.94,54.39,53.17,54.2,54.11,53.32,,54.2,,,74772,4036767.82,1264,F1,1,,,,,
2026-04-22,2026-04-22,CM,NSE,STK,24905,INE0R4Z01018,BRACEPORT,SM,,,,,BRACE PORT LOGISTICS LTD,56.2,56.2,53.0,55.55,55.55,58.9,,55.55,,,16000,877600.0,10,F1,1600,,,,,
2026-04-22,2026-04-22,CM,NSE,STK,24814,INE02RE01045,FIRSTCRY,EQ,,,,,BRAINBEES SOLUTIONS LTD,252.0,257.59,251.95,253.08,252.48,252.82,,253.08,,,1816274,461238444.25,37907,F1,1,,,,,
2026-04-22,2026-04-22,CM,NSE,STK,7780,INE977Y01011,BCONCEPTS,EQ,,,,,BRAND CONCEPTS LIMITED,256.3,260.0,252.66,256.58,258.0,260.23,,256.53,,,2394,613252.81,182,F1,1,,,,,
2026-04-22,2026-04-22,CM,NSE,STK,760972,INE0XUD01014,BRANDMAN,SM,,,,,BRANDMAN RETAIL LIMITED,202.0,203.25,198.0,203.25,203.25,193.6,,203.25,,,46400,9370400.0,52,F1,800,,,,,
2026-04-22,2026-04-22,CM,NSE,STK,15184,INE791I01019,BRIGADE,EQ,,,,,BRIGADE ENTER. LTD,797.4,803.55,787.2,792.6,795.0,790.3,,792.6,,,237867,188957482.1,18432,F1,1,,,,,
2026-04-22,2026-04-22,CM,NSE,STK,757794,INE03NU01014,BRIGHOTEL,EQ,,,,,BRIGADE HOTEL VENTURE LTD,68.45,68.45,67.31,67.98,67.81,68.37,,67.97,,,57549,3904341.83,1631,F1,1,,,,,
2026-04-22,2026-04-22,CM,NSE,STK,8841,INE425B01027,BCG,BE,,,,,BRIGHTCOM GROUP LIMITED,9.52,9.75,9.5,9.69,9.72,9.6,,9.69,,,1872852,18032051.55,2483,F1,1,,,,,
2026-04-22,2026-04-22,CM,NSE,STK,547,INE216A01030,BRITANNIA,EQ,,,,,BRITANNIA INDUSTRIES LTD,5874.0,5924.0,5716.5,5729.5,5720.0,5837.5,,5729.5,,,550506,3183795229.5,41336,F1,1,,,,,
2026-04-22,2026-04-22,CM,NSE,STK,2203,INE0FDU25010,BIRET,RR,,,,,BROOKFIELD INDIA RET,330.0,330.2,324.5,329.54,329.99,329.34,,329.51,,,640788,209516177.21,9806,F1,1,,,,,
2026-04-22,2026-04-22,CM,NSE,STK,25140,INE650L01011,BROOKS,BE,,,,,BROOKS LAB LIMITED,63.99,63.99,61.0,61.3,61.05,64.04,,61.31,,,37303,2320756.09,278,F1,1,,,,,
2026-04-22,2026-04-22,CM,NSE,STK,19585,INE118H01025,BSE,EQ,,,,,BSE LIMITED,3513.0,3529.9,3492.6,3499.2,3503.0,3515.8,,3499.2,,,1771183,6217516273.1,88400,F1,1,,,,,
2026-04-22,2026-04-22,CM,NSE,STK,559,INE594B01012,BSL,EQ,,,,,BSL LTD,123.0,128.99,123.0,126.18,124.4,125.23,,126.16,,,11297,1420404.66,176,F1,1,,,,,
2026-04-22,2026-04-22,CM,NSE,STK,2716,INE295F01017,BUTTERFLY,EQ,,,,,BTRFLY GANDHI APPL LTD,619.65,619.65,606.3,613.4,615.0,613.5,,613.55,,,15376,9414874.95,1045,F1,1,,,,,
2026-04-22,2026-04-22,CM,NSE,STK,760857,INE0SMX01019,CKKRETAIL,ST,,,,,C K K RETAIL MART LIMITED,122.9,123.0,119.5,122.95,123.0,122.8,,122.95,,,280800,34195680.0,39,F1,800,,,,,
2026-04-22,2026-04-22,CM,NSE,STK,18372,INE0QBU01012,CPS,SM,,,,,C P S SHAPERS LIMITED,1025.0,1070.0,1025.0,1050.0,1070.0,1058.15,,1050.0,,,900,941250.0,4,F1,150,,,,,
2026-04-22,2026-04-22,CM,NSE,STK,7227,INE0BV301023,MAPMYINDIA,EQ,,,,,C.E. INFO SYSTEMS LIMITED,937.0,979.4,928.1,965.2,961.0,934.3,,965.2,,,239826,229537492.3,15216,F1,1,,,,,
2026-04-22,2026-04-22,CM,NSE,STK,27274,INE0U7V01015,C2C,SM,,,,,C2C ADVANCED SYSTEMS LTD,432.25,488.0,421.65,481.05,484.9,437.2,,481.05,,,229950,106955835.0,1034,F1,150,,,,,
2026-04-22,2026-04-22,CM,NSE,STK,21823,INE090Y01013,CADSYS,SM,,,,,CADSYS (INDIA) LIMITED,57.7,59.0,57.7,58.8,58.8,56.85,,58.8,,,1500,87750.0,3,F1,500,,,,,
2026-04-22,2026-04-22,CM,NSE,STK,8341,INE526B01014,CALSOFT,EQ,,,,,CALIFORNIA SOFTWARE CO LT,12.15,12.39,12.01,12.31,12.33,12.4,,12.31,,,17017,206976.35,172,F1,1,,,,,
2026-04-22,2026-04-22,CM,NSE,STK,14222,INE627H01017,CTE,BE,,,,,CAMBRIDGE TECH ENTER LTD,30.0,30.75,29.03,30.68,30.68,29.97,,30.78,,,7137,216667.16,25,F1,1,,,,,
2026-04-22,2026-04-22,CM,NSE,STK,6216,INE052I01032,CAMLINFINE,EQ,,,,,CAMLIN FINE SCIENCES LTD,103.24,107.5,103.2,107.01,107.0,103.62,,107.01,,,1711528,181489676.98,15628,F1,1,,,,,
2026-04-22,2026-04-22,CM,NSE,STK,9362,INE278Y01022,CAMPUS,EQ,,,,,CAMPUS ACTIVEWEAR LIMITED,251.91,252.01,249.62,250.71,251.0,252.01,,250.7,,,61066,15335391.59,2483,F1,1,,,,,
2026-04-22,2026-04-22,CM,NSE,STK,583,INE477A01020,CANFINHOME,EQ,,,,,CAN FIN HOMES LTD,890.0,916.0,890.0,912.3,915.65,886.1,,912.25,,,238607,216451161.7,16557,F1,1,,,,,
2026-04-22,2026-04-22,CM,NSE,STK,10794,INE476A01022,CANBK,EQ,,,,,CANARA BANK,143.87,146.89,143.13,145.23,145.1,144.26,,145.23,,,18626914,2711976317.82,73774,F1,1,,,,,
2026-04-22,2026-04-22,CM,NSE,STK,759477,INE01TY01017,CANHLIFE,EQ,,,,,CANARA HSBC LIFE INS CO L,143.5,148.4,142.5,143.4,143.27,143.74,,143.39,,,3027676,439759932.74,35790,F1,1,,,,,
2026-04-22,2026-04-22,CM,NSE,STK,759311,INE218I01013,CRAMC,EQ,,,,,CANARA ROBECO AMC LIMITED,281.3,291.5,280.3,289.01,288.6,282.11,,289.01,,,1201915,347094645.12,21151,F1,1,,,,,
2026-04-22,2026-04-22,CM,NSE,STK,19368,INE0QG301017,CANARYS,SM,,,,,CANARYS AUTOMATIONS LTD,20.7,22.0,20.7,21.95,22.0,21.7,,21.95,,,60000,1300600.0,14,F1,4000,,,,,
2026-04-22,2026-04-22,CM,NSE,STK,20160,INE068L01024,CANTABIL,EQ,,,,,CANTABIL RETAIL LTD,246.0,248.0,243.22,245.58,245.5,245.91,,245.58,,,116409,28604715.39,2472,F1,1,,,,,
2026-04-22,2026-04-22,CM,NSE,STK,21749,INE264T01014,CAPACITE,EQ,,,,,CAPACITE INFRAPROJECT LTD,256.74,257.16,248.2,250.09,249.8,254.84,,250.09,,,478338,120536095.39,5957,F1,1,,,,,
2026-04-22,2026-04-22,CM,NSE,STK,759867,INE0ILV01024,CAPILLARY,EQ,,,,,CAPILLARY TECHNO INDIA L,561.6,561.6,547.9,555.3,553.0,555.95,,555.25,,,16602,9175536.3,738,F1,1,,,,,
2026-04-22,2026-04-22,CM,NSE,STK,756015,INE345H01024,CIFL,EQ,,,,,CAPITAL INDIA FINANCE LTD,29.03,29.45,28.48,28.84,28.89,28.6,,28.85,,,408297,11838975.11,1564,F1,1,,,,,
2026-04-22,2026-04-22,CM,NSE,STK,29157,INE0Z8Z23013,CAPINVIT,IV,,,,,CAPITAL INFRA TRUST,70.45,70.64,69.41,69.99,70.0,70.45,,69.99,,,443562,31040404.15,7261,F1,1,,,,,
2026-04-22,2026-04-22,CM,NSE,STK,22675,INE646H01017,CAPITALSFB,EQ,,,,,CAPITAL SMALL FIN BANK L,254.05,261.6,254.04,259.39,260.0,256.78,,259.38,,,14488,3743841.15,525,F1,1,,,,,
2026-04-22,2026-04-22,CM,NSE,STK,19451,INE707C01018,CAPTRUST,BE,,,,,CAPITAL TRUST LIMITED,13.72,13.72,13.45,13.45,13.45,13.72,,13.45,,,10915,146891.68,43,F1,1,,,,,
2026-04-22,2026-04-22,CM,NSE,STK,3906,INE475E01026,CAPLIPOINT,EQ,,,,,CAPLIN POINT LAB LTD.,1748.8,1760.5,1735.0,1752.5,1753.1,1748.8,,1752.5,,,44700,78190067.6,6736,F1,1,,,,,
2026-04-22,2026-04-22,CM,NSE,STK,20329,INE180C01042,CGCL,EQ,,,,,CAPRI GLOBAL CAPITAL LTD,184.99,188.0,181.49,187.21,187.25,183.36,,187.33,,,955872,176591263.32,13236,F1,1,,,,,
2026-04-22,2026-04-22,CM,NSE,STK,595,INE120A01034,CARBORUNIV,EQ,,,,,CARBORUNDUM UNIVERSAL LTD,933.25,948.0,925.0,941.4,942.0,933.25,,941.4,,,50999,47803156.7,5145,F1,1,,,,,
2026-04-22,2026-04-22,CM,NSE,STK,29113,INE752H01013,CARERATING,EQ,,,,,CARE RATINGS LIMITED,1613.0,1637.5,1600.0,1607.2,1615.0,1620.1,,1607.1,,,12423,20024913.1,2201,F1,1,,,,,
2026-04-22,2026-04-22,CM,NSE,STK,758941,INE0P6P01016,CPEDU,EQ,,,,,CAREER POINT EDUTECH LTD,193.01,193.01,186.1,190.67,192.5,193.11,,190.68,,,2543,481566.67,172,F1,1,,,,,
2026-04-22,2026-04-22,CM,NSE,STK,28879,INE0V7W01012,CARRARO,EQ,,,,,CARRARO INDIA LIMITED,573.65,584.2,561.35,563.65,564.8,573.65,,563.85,,,145066,82702943.25,6369,F1,1,,,,,
2026-04-22,2026-04-22,CM,NSE,STK,5407,INE290S01011,CARTRADE,EQ,,,,,CARTRADE TECH LIMITED,1767.8,1823.8,1746.2,1784.6,1784.0,1767.8,,1784.6,,,351658,627012708.0,22721,F1,1,,,,,
2026-04-22,2026-04-22,CM,NSE,STK,1879,INE482D01024,CARYSIL,EQ,,,,,CARYSIL LIMITED,894.0,934.8,887.5,919.8,917.0,887.5,,919.85,,,175493,160245826.25,8225,F1,1,,,,,
2026-04-22,2026-04-22,CM,NSE,STK,758129,INE0WL201014,CUDML,SM,,,,,CASH UR DRIVE MARKETING L,136.1,136.1,129.05,133.85,134.5,135.45,,133.85,,,12000,1590150.0,10,F1,1000,,,,,
2026-04-22,2026-04-22,CM,NSE,STK,1250,INE172A01027,CASTROLIND,EQ,,,,,CASTROL INDIA LIMITED,182.4,184.14,180.92,183.34,183.74,182.4,,183.34,,,1784986,326008545.12,19847,F1,1,,,,,
2026-04-22,2026-04-22,CM,NSE,STK,11452,INE421D01022,CCL,EQ,,,,,CCL PRODUCTS (I) LTD,1116.0,1146.5,1106.2,1121.6,1122.0,1113.1,,1121.6,,,265948,298647084.0,23985,F1,1,,,,,
2026-04-22,2026-04-22,CM,NSE,STK,15254,INE482A01020,CEATLTD,EQ,,,,,CEAT LIMITED,3790.0,3848.7,3774.0,3788.7,3796.5,3800.5,,3788.6,,,79889,304729522.7,7627,F1,1,,,,,
2026-04-22,2026-04-22,CM,NSE,STK,757687,INE11J101017,CEDAAR,SM,,,,,CEDAAR TEXTILE LIMITED,35.7,35.7,34.25,35.65,35.65,34.0,,35.65,,,65000,2313200.0,58,F1,1000,,,,,
2026-04-22,2026-04-22,CM,NSE,STK,24742,INE0AG901020,CEIGALL,EQ,,,,,CEIGALL INDIA LIMITED,319.05,333.45,319.05,326.35,326.0,322.5,,326.35,,,909143,299627721.55,8875,F1,1,,,,,
2026-04-22,2026-04-22,CM,NSE,STK,761037,INE016Q01014,CEINSYS,EQ,,,,,CEINSYS TECH LIMITED,1150.0,1185.5,1125.0,1168.95,1172.0,1158.3,,1168.7,,,51793,60622412.1,2693,F1,1,,,,,
2026-04-22,2026-04-22,CM,NSE,STK,13162,INE185H01016,CELEBRITY,EQ,,,,,CELEBRITY FASHIONS LTD,8.2,8.2,7.5,7.64,7.7,7.91,,7.65,,,54192,420115.34,260,F1,1,,,,,
2026-04-22,2026-04-22,CM,NSE,STK,16950,INE0O0001013,CELLPOINT,SM,,,,,CELL POINT (INDIA) LTD,16.25,17.15,16.25,17.1,17.15,17.15,,17.1,,,8400,142500.0,6,F1,1200,,,,,
2026-04-22,2026-04-22,CM,NSE,STK,18806,INE0OMO01025,CELLECOR,SM,,,,,CELLECOR GADGETS LIMITED,31.85,34.8,31.85,34.05,34.5,32.0,,34.05,,,1197000,40110900.0,245,F1,3000,,,,,
2026-04-22,2026-04-22,CM,NSE,STK,19795,INE0LMW01024,CELLO,EQ,,,,,CELLO WORLD LIMITED,427.25,429.1,423.35,424.4,424.0,427.25,,424.4,,,114243,48641526.15,4213,F1,1,,,,,
2026-04-22,2026-04-22,CM,NSE,STK,5622,INE686A01026,CEMPRO,EQ,,,,,CEMINDIA PROJECTS LIMITED,643.25,691.95,643.25,675.3,672.35,645.15,,675.3,,,716515,481579687.5,26443,F1,1,,,,,
2026-04-22,2026-04-22,CM,NSE,STK,14894,INE483A01010,CENTRALBK,EQ,,,,,CENTRAL BANK OF INDIA,36.28,37.09,36.16,36.93,36.89,36.29,,36.93,,,7568571,278245552.87,18587,F1,1,,,,,
2026-04-22,2026-04-22,CM,NSE,STK,21174,INE736A01011,CDSL,EQ,,,,,CENTRAL DEPO SER (I) LTD,1360.0,1367.2,1316.1,1321.2,1323.5,1362.6,,1321.2,,,3311575,4409929804.6,100328,F1,1,,,,,
2026-04-22,2026-04-22,CM,NSE,STK,761581,INE05HV01027,CMPDI,EQ,,,,,CENTRAL MINE P N D INST L,180.0,183.67,176.4,178.86,179.0,185.05,,178.86,,,5563071,1000302015.08,39841,F1,1,,,,,
2026-04-22,2026-04-22,CM,NSE,STK,2454,INE660C01027,CENTRUM,EQ,,,,,CENTRUM CAPITAL LIMITED,25.49,25.49,24.71,24.99,25.06,25.31,,24.99,,,344753,8613815.5,1134,F1,1,,,,,
2026-04-22,2026-04-22,CM,NSE,STK,14982,INE320B01020,CENTUM,EQ,,,,,CENTUM ELECTRONICS LTD,2829.1,2890.0,2749.0,2874.2,2873.0,2816.7,,2874.2,,,83343,234741099.1,11009,F1,1,,,,,
2026-04-22,2026-04-22,CM,NSE,STK,619,INE485A01015,CENTENKA,EQ,,,,,CENTURY ENKA LTD,440.55,444.0,429.25,436.4,438.0,437.85,,436.75,,,15432,6705366.6,762,F1,1,,,,,
2026-04-22,2026-04-22,CM,NSE,STK,11511,INE281A01026,CENTEXT,EQ,,,,,CENTURY EXTRUSIONS LTD,20.78,22.2,20.78,21.09,21.18,20.78,,21.09,,,93048,1980295.87,647,F1,1,,,,,
2026-04-22,2026-04-22,CM,NSE,STK,13305,INE348B01021,CENTURYPLY,EQ,,,,,CENTURY PLYBOARDS (I) LTD,775.0,785.0,762.3,777.9,774.75,770.15,,777.9,,,35252,27345139.3,3679,F1,1,,,,,
2026-04-22,2026-04-22,CM,NSE,STK,15039,INE739E01017,CERA,EQ,,,,,CERA SANITARYWARE LTD,5295.0,5549.0,5271.2,5488.9,5507.0,5295.2,,5489.0,,,32153,175092219.8,5601,F1,1,,,,,
2026-04-22,2026-04-22,CM,NSE,STK,29016,INE345B01019,CEREBRAINT,BZ,,,,,CEREBRA INT TECH LTD,5.0,5.0,4.9,4.9,4.9,4.85,,4.9,,,127299,626075.12,79,F1,1,,,,,
2026-04-22,2026-04-22,CM,NSE,STK,628,INE486A01021,CESC,EQ,,,,,CESC LTD,177.0,181.9,177.0,180.27,180.25,178.86,,180.27,,,1867851,336836555.89,38765,F1,1,,,,,
2026-04-22,2026-04-22,CM,NSE,STK,760,INE067A01029,CGPOWER,EQ,,,,,CG POWER AND IND SOL LTD,805.25,835.0,803.0,824.35,825.7,805.25,,824.4,,,4826906,3967287448.75,77741,F1,1,,,,,
2026-04-22,2026-04-22,CM,NSE,STK,8546,INE427F01016,CHALET,EQ,,,,,CHALET HOTELS LIMITED,803.35,820.05,798.8,809.95,810.5,803.35,,809.95,,,89320,72610609.45,11230,F1,1,,,,,
2026-04-22,2026-04-22,CM,NSE,STK,3482,INE419D01026,CLSEL,EQ,,,,,CHAMAN LAL SETIA EXP LTD,277.0,280.28,275.21,278.09,278.0,276.66,,278.09,,,47423,13179535.93,1059,F1,1,,,,,
2026-04-22,2026-04-22,CM,NSE,STK,13731,INE06PV01010,CMNL,SM,,,,,CHAMAN METALLICS LIMITED,123.85,131.0,123.85,130.25,131.0,122.7,,130.25,,,7500,963037.5,9,F1,750,,,,,
2026-04-22,2026-04-22,CM,NSE,STK,637,INE085A01013,CHAMBLFERT,EQ,,,,,CHAMBAL FERTILIZERS LTD,453.0,459.0,448.4,452.3,452.4,451.4,,452.3,,,1109889,502449129.75,16481,F1,1,,,,,
2026-04-22,2026-04-22,CM,NSE,STK,29633,INE0B2N01016,CHANDAN,SM,,,,,CHANDAN HEALTHCARE LTD,268.0,270.0,259.05,266.0,266.0,263.7,,266.0,,,19200,5129120.0,23,F1,800,,,,,
2026-04-22,2026-04-22,CM,NSE,STK,18654,INE0PT101017,CHAVDA,SM,,,,,CHAVDA INFRA LIMITED,104.4,105.8,102.5,105.45,105.0,104.45,,105.45,,,28000,2917450.0,24,F1,1000,,,,,
2026-04-22,2026-04-22,CM,NSE,STK,757989,INE0TGX01019,CHEMBONDCH,EQ,,,,,CHEMBOND CHEMICAL LIMITED,159.41,159.41,150.1,152.22,154.11,159.53,,152.22,,,7976,1234678.42,281,F1,1,,,,,
2026-04-22,2026-04-22,CM,NSE,STK,14618,INE995D01025,CHEMBOND,EQ,,,,,CHEMBOND MATERIALTECH LTD,148.51,151.5,148.0,151.05,149.1,148.51,,151.05,,,1631,244629.18,95,F1,1,,,,,
2026-04-22,2026-04-22,CM,NSE,STK,270,INE03YM01018,CHEMCON,EQ,,,,,CHEMCON SPECIAL CHEM LTD,158.45,165.1,157.81,164.52,164.85,160.41,,164.52,,,28077,4581611.06,954,F1,1,,,,,
2026-04-22,2026-04-22,CM,NSE,STK,2799,INE783X01023,CHEMFAB,EQ,,,,,CHEMFAB ALKALIS LIMITED,404.15,410.0,395.0,396.65,397.75,404.15,,396.65,,,10698,4307277.2,1592,F1,1,,,,,
2026-04-22,2026-04-22,CM,NSE,STK,5449,INE488A01050,CHEMPLASTS,EQ,,,,,CHEMPLAST SANMAR LIMITED,250.95,250.95,243.45,246.55,247.35,247.8,,246.55,,,251127,61894576.15,5792,F1,1,,,,,
2026-04-22,2026-04-22,CM,NSE,STK,2049,INE178A01016,CHENNPETRO,EQ,,,,,CHENNAI PETROLEUM CORP LT,1022.35,1083.95,1019.95,1071.4,1068.0,1022.35,,1071.4,,,3470481,3669824571.35,87593,F1,1,,,,,
2026-04-22,2026-04-22,CM,NSE,STK,24625,INE0U1T01012,CHETANA,SM,,,,,CHETANA EDUCATION LIMITED,39.0,39.5,39.0,39.5,39.5,39.95,,39.5,,,9600,375600.0,5,F1,1600,,,,,
2026-04-22,2026-04-22,CM,NSE,STK,9879,INE974B01016,CHEVIOT,EQ,,,,,CHEVIOT COMPANY LIMITED,1110.0,1116.95,1098.05,1108.65,1108.0,1115.85,,1108.85,,,1760,1947194.35,207,F1,1,,,,,
2026-04-22,2026-04-22,CM,NSE,STK,8866,INE102B01014,CHOICEIN,EQ,,,,,CHOICE INTERNATIONAL LTD,724.65,726.4,707.5,708.75,710.0,725.9,,708.75,,,344191,245746495.3,8412,F1,1,,,,,
2026-04-22,2026-04-22,CM,NSE,STK,759610,INF2KCX01012,CHOICEGOLD,EQ,,,,,CHOICEAMC - CHOICEGOLD,149.9,150.0,149.39,149.68,149.66,150.08,,149.68,,,9580,1435621.17,200,F1,1,,,,,
2026-04-22,2026-04-22,CM,NSE,STK,21740,INE149A01033,CHOLAHLDNG,EQ,,,,,CHOLAMANDALAM FIN HOL LTD,1576.0,1610.2,1559.0,1583.1,1590.0,1575.2,,1583.1,,,258275,407885721.0,22672,F1,1,,,,,
2026-04-22,2026-04-22,CM,NSE,STK,685,INE121A01024,CHOLAFIN,EQ,,,,,CHOLAMANDALAM IN & FIN CO,1583.0,1589.0,1562.9,1565.6,1565.0,1589.2,,1565.6,,,1713023,2695777897.2,74915,F1,1,,,,,
2026-04-22,2026-04-22,CM,NSE,STK,14937,INE536H01010,CIEINDIA,EQ,,,,,CIE AUTOMOTIVE INDIA LTD,484.0,490.0,466.1,471.7,473.7,493.9,,471.7,,,533842,253112365.1,16362,F1,1,,,,,
2026-04-22,2026-04-22,CM,NSE,STK,5142,INE675C01017,CIGNITITEC,EQ,,,,,CIGNITI TECHNOLOGIES LTD,1264.1,1264.1,1196.7,1220.5,1224.5,1273.9,,1220.5,,,74848,91270634.1,3976,F1,1,,,,,
2026-04-22,2026-04-22,CM,NSE,STK,27161,INE704H01022,CINELINE,EQ,,,,,CINELINE INDIA LIMITED,89.99,91.11,87.9,88.17,89.67,88.26,,88.17,,,4613,410754.9,115,F1,1,,,,,
2026-04-22,2026-04-22,CM,NSE,STK,8024,INE039B01026,CINEVISTA,EQ,,,,,CINEVISTA LIMITED,15.27,15.5,15.13,15.4,15.2,15.26,,15.4,,,3789,58000.37,42,F1,1,,,,,
2026-04-22,2026-04-22,CM,NSE,STK,694,INE059A01026,CIPLA,EQ,,,,,CIPLA LTD,1226.0,1240.8,1222.0,1236.3,1239.8,1232.5,,1235.5,,,1172238,1445366423.6,51408,F1,1,,,,,
2026-04-22,2026-04-22,CM,NSE,STK,5701,INE491A01021,CUB,EQ,,,,,CITY UNION BANK LTD,265.7,271.39,265.01,270.15,270.45,264.93,,270.15,,,5249034,1412190146.74,47256,F1,1,,,,,
2026-04-22,2026-04-22,CM,NSE,STK,20233,INE201M01029,CLEDUCATE,BE,,,,,CL EDUCATE LIMITED,49.24,50.25,49.24,49.31,49.26,50.49,,49.3,,,25083,1245864.17,137,F1,1,,,,,
2026-04-22,2026-04-22,CM,NSE,STK,758736,INE0UQ601012,CLASSICEIL,SM,,,,,CLASSIC ELECTRODE (IND) L,58.9,59.9,58.9,59.55,59.0,56.5,,59.55,,,14400,854720.0,9,F1,1600,,,,,
2026-04-22,2026-04-22,CM,NSE,STK,760183,INE647U01026,CLEANMAX,EQ,,,,,CLEAN MAX ENVIRO EN SOL L,1009.5,1067.25,1009.5,1054.35,1052.0,1009.25,,1054.4,,,450887,472786530.85,27022,F1,1,,,,,
2026-04-22,2026-04-22,CM,NSE,STK,5049,INE227W01023,CLEAN,EQ,,,,,CLEAN SCIENCE & TECH LTD,754.85,774.6,747.4,765.55,766.7,751.85,,765.55,,,351784,268428513.7,17230,F1,1,,,,,
2026-04-22,2026-04-22,CM,NSE,STK,760143,INE1EF801010,CSSL,SM,,,,,CLEAR SECURED SERVICES L,110.75,111.5,110.75,111.5,111.5,110.75,,111.5,,,5000,555250.0,5,F1,1000,,,,,
2026-04-22,2026-04-22,CM,NSE,STK,7603,INE925R01014,CMSINFO,EQ,,,,,CMS INFO SYSTEMS LIMITED,312.1,321.0,310.6,317.8,317.9,312.8,,317.8,,,529794,166554688.45,12336,F1,1,,,,,
2026-04-22,2026-04-22,CM,NSE,STK,20374,INE522F01014,COALINDIA,EQ,,,,,COAL INDIA LTD,443.8,447.75,442.5,444.15,444.35,443.15,,444.15,,,6991939,3108126274.4,84546,F1,1,,,,,
2026-04-22,2026-04-22,CM,NSE,STK,6006,INE377E01024,COASTCORP,EQ,,,,,COASTAL CORPORATION LTD,54.9,54.9,52.27,53.68,53.68,53.82,,53.68,,,127341,6847816.2,1277,F1,1,,,,,
2026-04-22,2026-04-22,CM,NSE,STK,21508,INE704P01025,COCHINSHIP,EQ,,,,,COCHIN SHIPYARD LIMITED,1556.9,1588.0,1542.9,1583.1,1583.1,1556.9,,1583.1,,,1558646,2452993872.1,47857,F1,1,,,,,
2026-04-22,2026-04-22,CM,NSE,STK,11165,INE335K01011,COFFEEDAY,EQ,,,,,COFFEE DAY ENTERPRISE LTD,27.1,27.79,26.71,27.35,27.35,27.14,,27.35,,,802112,21905309.76,2667,F1,1,,,,,
2026-04-22,2026-04-22,CM,NSE,STK,11543,INE591G01025,COFORGE,EQ,,,,,COFORGE LIMITED,1272.9,1273.9,1208.2,1235.8,1238.0,1292.8,,1235.8,,,6289853,7763066959.5,135599,F1,1,,,,,
2026-04-22,2026-04-22,CM,NSE,STK,17945,INE03QK01018,COHANCE,EQ,,,,,COHANCE LIFESCIENCES LTD,364.0,372.9,360.35,362.9,363.0,361.2,,362.9,,,1454532,532196069.85,28983,F1,1,,,,,
2026-04-22,2026-04-22,CM,NSE,STK,15141,INE259A01022,COLPAL,EQ,,,,,COLGATE PALMOLIVE LTD.,2115.0,2137.0,2093.9,2118.3,2110.3,2106.6,,2118.3,,,450554,953244792.3,23893,F1,1,,,,,
2026-04-22,2026-04-22,CM,NSE,STK,762628,INE819A01049,COMFINTE,EQ,,,,,COMFORT INTECH LTD.,7.6,7.65,7.35,7.6,7.6,7.7,,7.6,,,191466,1439848.5,527,F1,1,,,,,
2026-04-22,2026-04-22,CM,NSE,STK,21578,INE073V01015,COMSYN,EQ,,,,,COMMERCIAL SYN BAGS LTD,160.9,160.9,155.22,155.79,156.8,156.8,,155.79,,,17900,2792412.65,326,F1,1,,,,,
2026-04-22,2026-04-22,CM,NSE,STK,19513,INE597Z01014,COMMITTED,SM,,,,,COMMITTED CARGO CARE LTD,244.0,244.0,244.0,244.0,244.0,254.9,,244.0,,,800,195200.0,1,F1,800,,,,,
2026-04-22,2026-04-22,CM,NSE,STK,19670,INE070C01037,COMPINFO,BZ,,,,,COMPUAGE INFOCOM LTD,1.29,1.35,1.23,1.34,1.35,1.29,,1.34,,,38060,49973.69,38,F1,1,,,,,
2026-04-22,2026-04-22,CM,NSE,STK,31138,INE453B01029,COMPUSOFT,EQ,,,,,COMPUCOM SOFTWARE LTD,14.28,14.42,13.41,13.65,13.79,14.28,,13.54,,,82753,1143135.49,440,F1,1,,,,,
2026-04-22,2026-04-22,CM,NSE,STK,342,INE596I01020,CAMS,EQ,,,,,COMPUTER AGE MNGT SER LTD,744.95,758.2,742.95,755.6,755.5,748.65,,755.6,,,833621,627846156.35,28431,F1,1,,,,,
2026-04-22,2026-04-22,CM,NSE,STK,18060,INE338H01029,CONCORDBIO,EQ,,,,,CONCORD BIOTECH LIMITED,1046.0,1058.0,1033.3,1052.2,1052.6,1043.7,,1052.2,,,116604,122110667.8,8229,F1,1,,,,,
2026-04-22,2026-04-22,CM,NSE,STK,28764,INE037Z01029,CEWATER,EQ,,,,,CONCORD ENVIRO SYSTEMS L,320.0,327.75,320.0,326.1,325.0,321.0,,326.05,,,33025,10710256.45,1728,F1,1,,,,,
2026-04-22,2026-04-22,CM,NSE,STK,10238,INE552D01024,CONFIPET,EQ,,,,,CONFIDENCE PETRO IND LTD.,56.2,56.85,53.81,54.18,54.09,55.74,,54.17,,,1379436,76240643.91,5094,F1,1,,,,,
2026-04-22,2026-04-22,CM,NSE,STK,758453,INE0EAS01014,CONNPLEX,SM,,,,,CONNPLEX CINEMAS LIMITED,274.6,274.6,262.5,263.95,263.95,269.55,,263.95,,,24000,6353080.0,30,F1,800,,,,,
2026-04-22,2026-04-22,CM,NSE,STK,14992,INE429I01024,CCCL,EQ,,,,,CONS. CONST. CONSORT LTD,18.3,18.5,17.81,18.07,18.28,17.84,,18.05,,,270584,4904870.66,864,F1,1,,,,,
2026-04-22,2026-04-22,CM,NSE,STK,11732,INE025A01027,CONSOFINVT,BE,,,,,CONSO. FIN. & HOLD. LTD.,223.09,225.99,218.3,223.38,224.0,223.09,,223.38,,,4698,1034553.4,63,F1,1,,,,,
2026-04-22,2026-04-22,CM,NSE,STK,4749,INE111A01025,CONCOR,EQ,,,,,CONTAINER CORP OF IND LTD,502.5,517.5,502.0,515.7,517.45,504.2,,515.7,,,1252575,639541708.25,22607,F1,1,,,,,
2026-04-22,2026-04-22,CM,NSE,STK,2531,INE340Z01019,CONTI,SM,,,,,CONTINENTAL SEED CHEM LTD,15.6,15.6,15.6,15.6,15.6,15.6,,15.6,,,6666,103989.6,2,F1,3333,,,,,
2026-04-22,2026-04-22,CM,NSE,STK,17477,INE663B01015,CONTROLPR,EQ,,,,,CONTROL PRINT LIMITED,669.0,673.0,664.0,668.5,667.5,669.85,,668.5,,,13056,8734982.6,1140,F1,1,,,,,
2026-04-22,2026-04-22,CM,NSE,STK,8560,INE0HS001028,COOLCAPS,SM,,,,,COOL CAPS INDUSTRIES LTD,28.5,29.3,27.5,28.15,27.55,28.4,,28.15,,,95000,2673500.0,66,F1,1250,,,,,
2026-04-22,2026-04-22,CM,NSE,STK,4007,INE558D01021,CORALFINAC,EQ,,,,,CORAL INDIA FIN & HOUS LT,34.5,35.9,34.5,34.85,34.81,35.03,,34.76,,,8091,285616.84,166,F1,1,,,,,
2026-04-22,2026-04-22,CM,NSE,STK,15271,INE792I01017,CORDSCABLE,EQ,,,,,CORDS CABLE INDUS LTD.,172.22,179.99,172.0,178.11,178.79,173.74,,178.09,,,23752,4197942.83,693,F1,1,,,,,
2026-04-22,2026-04-22,CM,NSE,STK,739,INE169A01031,COROMANDEL,EQ,,,,,COROMANDEL INTERNTL. LTD,2055.6,2064.5,2015.1,2034.5,2042.0,2055.6,,2034.6,,,394042,802102720.2,41176,F1,1,,,,,
2026-04-22,2026-04-22,CM,NSE,STK,760254,INE02ZQ01018,CORONA,EQ,,,,,CORONA REMEDIES LIMITED,1630.0,1649.0,1622.2,1631.0,1640.9,1612.6,,1630.6,,,15055,24619235.0,3329,F1,1,,,,,
2026-04-22,2026-04-22,CM,NSE,STK,742,INE757A01017,COSMOFIRST,EQ,,,,,COSMO FIRST LIMITED,671.0,699.0,671.0,696.75,695.0,675.9,,696.75,,,118196,81615309.05,3035,F1,1,,,,,
2026-04-22,2026-04-22,CM,NSE,STK,6385,INE652F01027,CCHHL,EQ,,,,,COUNTRY CLUB HOSP HOL LTD,14.9,14.9,14.32,14.61,14.58,14.77,,14.61,,,13440,198431.93,115,F1,1,,,,,
2026-04-22,2026-04-22,CM,NSE,STK,16986,INE695B01025,COUNCODOS,EQ,,,,,COUNTRY CONDO S LIMITED,5.38,5.5,5.31,5.35,5.33,5.4,,5.35,,,36327,195166.3,165,F1,1,,,,,
2026-04-22,2026-04-22,CM,NSE,STK,20086,INE521J01018,CPCAP,EQ,,,,,CP CAPITAL LIMITED,97.89,98.0,95.25,96.18,95.25,96.35,,96.26,,,6686,647000.7,378,F1,1,,,,,
2026-04-22,2026-04-22,CM,NSE,STK,2328,INF457M01133,CPSEETF,EQ,,,,,CPSE ETF,107.7,107.7,106.14,107.12,107.18,106.52,,107.12,,,2021036,216325113.52,6666,F1,1,,,,,
2026-04-22,2026-04-22,CM,NSE,STK,2854,INE00LO01017,CRAFTSMAN,EQ,,,,,CRAFTSMAN AUTOMATION LTD,7653.0,7763.5,7640.0,7684.5,7708.0,7653.0,,7684.5,,,13407,103346387.5,3751,F1,1,,,,,
2026-04-22,2026-04-22,CM,NSE,STK,16419,INE0OFK01019,CRAYONS,SM,,,,,CRAYONS ADVERTISING LTD,34.35,36.45,32.8,36.45,36.45,34.35,,36.45,,,9000,313400.0,9,F1,1000,,,,,
2026-04-22,2026-04-22,CM,NSE,STK,9384,INE230B01021,CREATIVEYE,EQ,,,,,CREATIVE EYE LIMITED,7.39,7.39,6.84,7.1,7.1,7.16,,7.05,,,11643,83662.38,162,F1,1,,,,,
2026-04-22,2026-04-22,CM,NSE,STK,23468,INE0R7401011,CGRAPHICS,SM,,,,,CREATIVE GRAPHICS S IND L,177.0,177.0,169.05,171.05,171.0,176.95,,171.05,,,63200,10893720.0,72,F1,800,,,,,
2026-04-22,2026-04-22,CM,NSE,STK,11155,INE985W01018,CNL,EQ,,,,,CREATIVE NEWTECH LIMITED,615.0,619.0,601.95,610.6,615.0,617.45,,610.6,,,3490,2134771.85,481,F1,1,,,,,
2026-04-22,2026-04-22,CM,NSE,STK,4421,INE741K01010,CREDITACC,EQ,,,,,CREDITACCESS GRAMEEN LTD,1263.4,1270.2,1246.4,1260.8,1259.0,1263.4,,1260.8,,,195537,245651663.3,13609,F1,1,,,,,
2026-04-22,2026-04-22,CM,NSE,STK,20878,INE220Q01020,MUFTI,EQ,,,,,CREDO BRANDS MARKETING L,77.55,81.0,77.55,79.88,79.58,77.36,,79.88,,,234489,18631943.87,3032,F1,1,,,,,
2026-04-22,2026-04-22,CM,NSE,STK,13900,INE559D01011,CREST,EQ,,,,,CREST VENTURES LIMITED,363.85,368.0,362.05,367.8,364.4,366.8,,367.8,,,3006,1099947.2,144,F1,1,,,,,
2026-04-22,2026-04-22,CM,NSE,STK,757,INE007A01025,CRISIL,EQ,,,,,CRISIL LTD,4350.0,4404.9,4334.7,4345.8,4343.3,4363.9,,4345.8,,,46002,200699443.5,7423,F1,1,,,,,
2026-04-22,2026-04-22,CM,NSE,STK,757850,INE0S4R01014,CRIZAC,EQ,,,,,CRIZAC LIMITED,233.3,233.3,230.0,230.48,230.7,230.78,,230.48,,,87218,20140391.44,5812,F1,1,,,,,
2026-04-22,2026-04-22,CM,NSE,STK,17094,INE299U01018,CROMPTON,EQ,,,,,CROMPT GREA CON ELEC LTD,258.0,262.85,257.1,261.37,260.9,258.65,,261.37,,,2999029,780583630.64,36480,F1,1,,,,,
2026-04-22,2026-04-22,CM,NSE,STK,18260,INE00NH01017,CLSL,SM,,,,,CROP LIFE SCIENCE LIMITED,46.0,46.0,46.0,46.0,46.0,44.25,,46.0,,,2000,92000.0,1,F1,2000,,,,,
2026-04-22,2026-04-22,CM,NSE,STK,8083,INE491V01019,CROWN,EQ,,,,,CROWN LIFTERS LIMITED,128.3,142.0,124.01,137.71,137.0,126.02,,137.71,,,108163,14717350.02,1536,F1,1,,,,,
2026-04-22,2026-04-22,CM,NSE,STK,14966,INE679A01013,CSBBANK,EQ,,,,,CSB BANK LIMITED,404.0,409.9,391.85,396.35,396.0,402.6,,396.35,,,953556,383745972.75,15206,F1,1,,,,,
2026-04-22,2026-04-22,CM,NSE,STK,10350,INE718F01018,CSLFINANCE,EQ,,,,,CSL FINANCE LIMITED,238.62,240.88,231.4,234.74,232.1,238.62,,234.74,,,28587,6761158.15,763,F1,1,,,,,
2026-04-22,2026-04-22,CM,NSE,STK,15078,INE0NR623014,CUBEINVIT,IV,,,,,CUBE HIGHWAYS TRUST,150.2,150.2,150.0,150.2,150.2,151.0,,150.2,,,200000,30015000.0,7,F1,25000,,,,,
2026-04-22,2026-04-22,CM,NSE,STK,4064,INE144D01012,CUBEXTUB,EQ,,,,,CUBEX TUBINGS LTD,93.51,94.48,91.22,93.83,93.95,93.13,,93.82,,,59008,5491606.51,1012,F1,1,,,,,
2026-04-22,2026-04-22,CM,NSE,STK,1901,INE298A01020,CUMMINSIND,EQ,,,,,CUMMINS INDIA LTD,5100.0,5235.0,5079.4,5211.8,5200.1,5116.4,,5211.8,,,503337,2604586152.8,58445,F1,1,,,,,
2026-04-22,2026-04-22,CM,NSE,STK,18520,INE509F01029,CUPID,EQ,,,,,CUPID LIMITED,110.19,113.0,110.13,112.94,112.98,109.92,,112.94,,,22906515,2566583457.82,65844,F1,1,,,,,
2026-04-22,2026-04-22,CM,NSE,STK,30191,INE117B01020,CURAA,BE,,,,,CURA TECHNOLOGIES LIMITED,94.09,94.09,94.09,94.09,94.09,96.01,,94.09,,,209,19664.81,5,F1,1,,,,,
2026-04-22,2026-04-22,CM,NSE,STK,758964,INE1CRQ01014,CURRENT,SM,,,,,CURRENT INFRAPROJECTS LTD,125.0,144.0,125.0,128.05,128.05,125.8,,128.05,,,20800,2726080.0,13,F1,1600,,,,,
2026-04-22,2026-04-22,CM,NSE,STK,11842,INE278G01037,CYBERMEDIA,EQ,,,,,CYBER MEDIA (INDIA) LTD.,17.35,17.89,16.26,17.24,17.0,17.05,,17.19,,,62565,1071463.66,576,F1,1,,,,,
2026-04-22,2026-04-22,CM,NSE,STK,11447,INE075Z01011,CMRSL,SM,,,,,CYBER MEDIA RES & SER LTD,73.0,73.0,73.0,73.0,73.0,73.5,,73.0,,,800,58400.0,1,F1,800,,,,,
2026-04-22,2026-04-22,CM,NSE,STK,6051,INE214A01019,CYBERTECH,EQ,,,,,CYBERTECH SYSTEMS & SOFTW,128.5,132.0,128.11,130.25,129.62,128.5,,130.23,,,38576,5026972.79,1346,F1,1,,,,,
2026-04-22,2026-04-22,CM,NSE,STK,17187,INE055S01018,CYIENTDLM,EQ,,,,,CYIENT DLM LIMITED,345.0,384.6,340.0,375.25,376.0,357.8,,375.25,,,4208427,1572038610.7,70969,F1,1,,,,,
2026-04-22,2026-04-22,CM,NSE,STK,5748,INE136B01020,CYIENT,EQ,,,,,CYIENT LIMITED,956.9,967.85,947.1,961.8,962.25,958.4,,961.8,,,264731,253731850.05,16775,F1,1,,,,,
2026-04-22,2026-04-22,CM,NSE,STK,16900,INE864X01013,DPWIRES,EQ,,,,,D P WIRES LIMITED,182.9,189.99,181.99,187.43,186.95,182.17,,187.39,,,18151,3382411.19,522,F1,1,,,,,
2026-04-22,2026-04-22,CM,NSE,STK,17851,INE250K01012,DLINKINDIA,EQ,,,,,D-LINK INDIA LTD,452.55,459.0,452.55,457.15,456.4,452.5,,457.05,,,77097,35210891.45,2980,F1,1,,,,,
2026-04-22,2026-04-22,CM,NSE,STK,936,INE266Y01019,DPABHUSHAN,EQ,,,,,D. P. ABHUSHAN LIMITED,1090.05,1175.2,1090.05,1158.5,1159.95,1104.9,,1158.6,,,44801,50873391.1,3310,F1,1,,,,,
2026-04-22,2026-04-22,CM,NSE,STK,17881,INE950I01011,DBCORP,EQ,,,,,D.B.CORP LTD,214.04,215.16,212.05,213.16,214.85,214.04,,213.16,,,40587,8675503.59,1325,F1,1,,,,,
2026-04-22,2026-04-22,CM,NSE,STK,772,INE016A01026,DABUR,EQ,,,,,DABUR INDIA LTD,452.0,465.0,450.75,460.0,459.0,452.0,,460.0,,,2380888,1093271666.65,34014,F1,1,,,,,
2026-04-22,2026-04-22,CM,NSE,STK,762633,INE928C01010,DAICHI,EQ,,,,,DAI-ICHI KARKARIA LTD.,255.65,268.0,255.6,266.0,266.0,255.6,,262.2,,,523,136263.8,27,F1,1,,,,,
2026-04-22,2026-04-22,CM,NSE,STK,8075,INE00R701025,DALBHARAT,EQ,,,,,DALMIA BHARAT LIMITED,1985.0,2003.5,1975.0,1992.8,2001.0,1990.0,,1992.8,,,139799,278480138.2,18612,F1,1,,,,,
2026-04-22,2026-04-22,CM,NSE,STK,781,INE495A01022,DALMIASUG,EQ,,,,,DALMIA BHARAT SUG IN LTD,388.35,405.0,383.6,402.55,404.0,382.95,,402.5,,,464139,183614956.85,9316,F1,1,,,,,
2026-04-22,2026-04-22,CM,NSE,STK,28662,INE284H01025,DAMCAPITAL,EQ,,,,,DAM CAPITAL ADVISORS LTD,165.0,166.79,162.11,163.31,164.39,164.44,,163.3,,,466946,76554366.84,6321,F1,1,,,,,
2026-04-22,2026-04-22,CM,NSE,STK,17541,INE497D01022,DAMODARIND,EQ,,,,,DAMODAR INDUSTRIES LTD,29.0,29.0,26.61,27.67,28.54,28.53,,27.66,,,8575,237316.95,275,F1,1,,,,,
2026-04-22,2026-04-22,CM,NSE,STK,1110,INE688Y01022,DANGEE,EQ,,,,,DANGEE DUMS LIMITED,3.76,4.51,3.67,4.51,4.51,3.76,,4.51,,,1743052,7684270.76,1441,F1,1,,,,,
2026-04-22,2026-04-22,CM,NSE,STK,25927,INE0YU901016,DANISH,SM,,,,,DANISH POWER LIMITED,858.5,885.0,836.0,864.2,869.5,841.65,,864.2,,,82200,71371867.5,413,F1,150,,,,,
2026-04-22,2026-04-22,CM,NSE,STK,7358,INE0IX101010,DATAPATTNS,EQ,,,,,DATA PATTERNS INDIA LTD,3536.0,3885.0,3515.7,3828.3,3840.0,3526.4,,3828.2,,,2963516,11029699850.6,161572,F1,1,,,,,
2026-04-22,2026-04-22,CM,NSE,STK,11423,INE365B01017,DATAMATICS,EQ,,,,,DATAMATICS GLOBAL SER LTD,720.0,733.55,718.15,723.95,732.0,727.5,,723.95,,,53015,38427924.75,3159,F1,1,,,,,
2026-04-22,2026-04-22,CM,NSE,STK,21794,INE179G01029,DAVANGERE,EQ,,,,,DAVANGERE SUGAR COMPANY L,3.71,3.71,3.63,3.65,3.67,3.68,,3.65,,,9779549,35851879.14,2718,F1,1,,,,,
2026-04-22,2026-04-22,CM,NSE,STK,31107,INE921B01025,DBSTOCKBRO,EQ,,,,,DB (INT) STOCK BROKERS,27.97,28.0,27.0,27.81,27.3,27.77,,27.81,,,9781,268880.13,214,F1,1,,,,,
2026-04-22,2026-04-22,CM,NSE,STK,11568,INE0A1101019,DCI,BE,,,,,DC INFOTECH AND COMUN LTD,302.75,302.75,287.95,288.45,287.95,303.1,,288.4,,,15471,4514704.85,489,F1,1,,,,,
2026-04-22,2026-04-22,CM,NSE,STK,13725,INE503A01015,DCBBANK,EQ,,,,,DCB BANK LIMITED,195.5,198.13,194.0,195.32,195.06,196.02,,195.32,,,1066602,209505971.64,16901,F1,1,,,,,
2026-04-22,2026-04-22,CM,NSE,STK,23520,INE0S8401018,DCG,SM,,,,,DCG CABLES & WIRES LTD,61.5,62.0,59.0,60.75,60.75,63.0,,60.75,,,20400,1238820.0,17,F1,1200,,,,,
2026-04-22,2026-04-22,CM,NSE,STK,8704,INE891B01012,DCMFINSERV,BE,,,,,DCM FINANCIAL SERVICES LT,5.2,5.2,5.19,5.19,5.19,5.29,,5.2,,,3276,17004.45,22,F1,1,,,,,
2026-04-22,2026-04-22,CM,NSE,STK,805,INE498A01018,DCM,EQ,,,,,DCM LTD,71.44,72.9,70.55,72.7,72.82,71.43,,72.71,,,5222,378125.39,143,F1,1,,,,,
2026-04-22,2026-04-22,CM,NSE,STK,11039,INE08KP01019,DCMNVL,EQ,,,,,DCM NOUVELLE LIMITED,123.48,124.0,117.41,120.71,119.6,119.2,,120.9,,,16569,1998744.72,392,F1,1,,,,,
2026-04-22,2026-04-22,CM,NSE,STK,760891,INE0OFM01015,DSFCL,EQ,,,,,DCM SHRIRAM FINE CHEM LTD,25.95,25.95,24.02,24.79,25.4,25.06,,24.68,,,58277,1466944.52,581,F1,1,,,,,
2026-04-22,2026-04-22,CM,NSE,STK,7325,INE843D01027,DCMSRIND,EQ,,,,,DCM SHRIRAM IND LTD,39.05,40.82,39.05,39.82,40.28,39.0,,39.82,,,164153,6503021.81,1494,F1,1,,,,,
2026-04-22,2026-04-22,CM,NSE,STK,760898,INE0OU201013,DCMSIL,BE,,,,,DCM SHRIRAM INTERNATNL L,65.6,66.1,64.0,65.19,65.45,66.51,,65.16,,,56509,3661467.74,368,F1,1,,,,,
2026-04-22,2026-04-22,CM,NSE,STK,811,INE499A01024,DCMSHRIRAM,EQ,,,,,DCM SHRIRAM LIMITED,1200.0,1211.8,1192.0,1204.1,1204.0,1199.7,,1204.0,,,97597,117311336.6,6494,F1,1,,,,,
2026-04-22,2026-04-22,CM,NSE,STK,817,INE500A01029,DCW,EQ,,,,,DCW LTD,46.9,47.8,46.7,46.96,46.86,46.94,,46.96,,,994721,46946694.73,3687,F1,1,,,,,
2026-04-22,2026-04-22,CM,NSE,STK,11895,INE0KL801015,DCXINDIA,EQ,,,,,DCX SYSTEMS LIMITED,190.0,202.8,188.63,201.06,201.62,189.53,,201.07,,,2679050,532324287.04,25820,F1,1,,,,,
2026-04-22,2026-04-22,CM,NSE,STK,29098,INE0HR601026,DDEVPLSTIK,EQ,,,,,DDEV PLASTIKS IND LTD,240.98,242.82,238.0,241.26,240.93,238.59,,241.28,,,64766,15612936.4,1629,F1,1,,,,,
2026-04-22,2026-04-22,CM,NSE,STK,15465,INE0JWV01011,DENEERS,ST,,,,,DE NEERS TOOLS LIMITED,150.25,153.75,150.15,150.15,150.15,154.45,,150.15,,,6600,997470.0,10,F1,600,,,,,
2026-04-22,2026-04-22,CM,NSE,STK,4279,INE244A01016,DENORA,EQ,,,,,DE NORA INDIA LIMITED,826.85,848.4,819.4,842.4,844.0,826.75,,842.4,,,8643,7256057.2,691,F1,1,,,,,
2026-04-22,2026-04-22,CM,NSE,STK,14838,INE583C01021,DECCANCE,EQ,,,,,DECCAN CEMENTS LIMITED,652.0,675.0,652.0,657.6,653.6,659.55,,657.5,,,40169,26539219.35,1389,F1,1,,,,,
2026-04-22,2026-04-22,CM,NSE,STK,762638,INE945F01025,DECNGOLD,EQ,,,,,DECCAN GOLD MINES LTD.,117.35,122.0,114.8,120.7,120.5,117.7,,120.6,,,708848,84410591.35,6068,F1,1,,,,,
2026-04-22,2026-04-22,CM,NSE,STK,25421,INE0S7C01019,DECCANTRAN,SM,,,,,DECCAN TRANSCON LEASING L,22.0,22.0,21.25,21.25,21.25,22.2,,21.25,,,4800,104700.0,4,F1,1200,,,,,
2026-04-22,2026-04-22,CM,NSE,STK,24154,INE841L01016,DEEDEV,EQ,,,,,DEE DEVELOPMENT ENG LTD,410.0,424.9,395.05,411.7,411.5,407.9,,411.7,,,1470671,602064640.1,23405,F1,1,,,,,
2026-04-22,2026-04-22,CM,NSE,STK,22799,INE586O01011,DEEM,SM,,,,,DEEM ROLL TECH LIMITED,37.5,37.5,37.5,37.5,37.5,37.5,,37.5,,,1000,37500.0,1,F1,1000,,,,,
2026-04-22,2026-04-22,CM,NSE,STK,3292,INE0FHS01024,DEEPINDS,EQ,,,,,DEEP INDUSTRIES LIMITED,477.65,489.0,475.0,478.8,477.6,474.15,,478.8,,,131242,63101886.15,4437,F1,1,,,,,
2026-04-22,2026-04-22,CM,NSE,STK,25892,INE0OPA01019,DBEIL,EQ,,,,,DEEPAK BUILDERS & ENG I L,75.87,76.32,73.5,75.28,74.5,74.38,,75.22,,,63913,4798998.93,831,F1,1,,,,,
2026-04-22,2026-04-22,CM,NSE,STK,827,INE501A01019,DEEPAKFERT,EQ,,,,,DEEPAK FERTILIZERS & PETR,1271.9,1276.35,1252.3,1270.1,1270.0,1266.35,,1270.1,,,359272,454699976.0,20124,F1,1,,,,,
2026-04-22,2026-04-22,CM,NSE,STK,19943,INE288B01029,DEEPAKNTR,EQ,,,,,DEEPAK NITRITE LTD,1636.7,1768.0,1622.1,1745.5,1739.5,1644.8,,1745.6,,,800958,1373747729.7,49451,F1,1,,,,,
2026-04-22,2026-04-22,CM,NSE,STK,22527,INE0SK801018,DELAPLEX,SM,,,,,DELAPLEX LIMITED,109.1,112.25,107.0,112.25,112.25,109.1,,112.25,,,4800,530430.0,8,F1,600,,,,,
2026-04-22,2026-04-22,CM,NSE,STK,9599,INE148O01028,DELHIVERY,EQ,,,,,DELHIVERY LIMITED,472.0,474.15,452.45,462.7,462.9,472.05,,462.7,,,4525910,2091736165.1,59168,F1,1,,,,,
2026-04-22,2026-04-22,CM,NSE,STK,24391,INE726L01027,DELPHIFX,EQ,,,,,DELPHI WORLD MONEY LTD,13.32,13.47,13.05,13.27,13.3,13.25,,13.27,,,406162,5396039.54,555,F1,1,,,,,
2026-04-22,2026-04-22,CM,NSE,STK,29095,INE0XRN01019,DELTIC,ST,,,,,DELTA AUTOCORP LIMITED,47.5,48.4,47.5,48.3,48.3,47.5,,48.3,,,3000,144200.0,3,F1,1000,,,,,
2026-04-22,2026-04-22,CM,NSE,STK,15044,INE124G01033,DELTACORP,EQ,,,,,DELTA CORP LIMITED,62.1,69.5,61.8,68.0,69.0,61.68,,67.99,,,8836681,585767210.59,35273,F1,1,,,,,
2026-04-22,2026-04-22,CM,NSE,STK,1214,INE393A01011,DELTAMAGNT,EQ,,,,,DELTA MANUFACTURING LTD,62.15,63.84,61.01,62.94,63.0,63.19,,62.94,,,4269,264761.55,100,F1,1,,,,,
2026-04-22,2026-04-22,CM,NSE,STK,17722,INE947J01015,DEN,EQ,,,,,DEN NETWORKS LTD,29.03,29.03,28.0,28.11,28.18,28.88,,28.11,,,1021058,28969336.59,4859,F1,1,,,,,
2026-04-22,2026-04-22,CM,NSE,STK,29256,INE0R4L01018,DENTA,EQ,,,,,DENTA WATER N INFRA SOL L,302.76,308.99,302.0,304.0,305.58,302.76,,304.0,,,137405,41937804.52,3327,F1,1,,,,,
2026-04-22,2026-04-22,CM,NSE,STK,759079,INE0VOV01021,DEVX,EQ,,,,,DEV ACCELERATOR LIMITED,40.99,40.99,39.0,40.06,40.4,41.26,,40.06,,,156821,6266006.7,924,F1,1,,,,,
2026-04-22,2026-04-22,CM,NSE,STK,8146,INE060X01034,DEVIT,EQ,,,,,DEV INFO TECHNOLOGY LTD,29.74,33.4,29.63,32.76,32.84,29.74,,32.76,,,362590,11708596.98,3534,F1,1,,,,,
2026-04-22,2026-04-22,CM,NSE,STK,5373,INE872J01023,DEVYANI,EQ,,,,,DEVYANI INTERNATIONAL LTD,112.0,115.64,111.5,113.2,112.96,111.15,,113.2,,,4757430,541340075.66,30648,F1,1,,,,,
2026-04-22,2026-04-22,CM,NSE,STK,10895,INE0I3401014,DBOL,BE,,,,,DHAMPUR BIO ORGANICS LTD,111.6,116.9,111.6,114.92,114.75,113.72,,114.92,,,70052,8091796.41,396,F1,1,,,,,
2026-04-22,2026-04-22,CM,NSE,STK,857,INE041A01016,DHAMPURSUG,EQ,,,,,DHAMPUR SUGAR MILLS LTD.,144.0,149.9,144.0,146.87,146.1,142.38,,146.87,,,1011914,149410802.04,14322,F1,1,,,,,
2026-04-22,2026-04-22,CM,NSE,STK,11359,INE680A01011,DHANBANK,EQ,,,,,DHANLAXMI BANK LIMITED,27.43,27.75,27.0,27.42,27.4,27.55,,27.42,,,817345,22334959.45,2383,F1,1,,,,,
2026-04-22,2026-04-22,CM,NSE,STK,27723,INE0V9V01010,DHANLAXMI,SM,,,,,DHANLAXMI CROP SCIENCE L,27.15,29.35,27.15,28.5,27.7,29.55,,28.5,,,6000,168400.0,3,F1,2000,,,,,
2026-04-22,2026-04-22,CM,NSE,STK,24409,INE435G01025,DHANUKA,EQ,,,,,DHANUKA AGRITECH LTD,1019.6,1055.0,1005.0,1046.9,1051.5,1010.2,,1046.85,,,57729,59616644.45,4331,F1,1,,,,,
2026-04-22,2026-04-22,CM,NSE,STK,18769,INE704V01015,DIRL,SM,,,,,DHANUKA INFRA REALTY LTD,13.3,13.3,13.0,13.0,13.0,13.45,,13.0,,,12000,157800.0,2,F1,6000,,,,,
2026-04-22,2026-04-22,CM,NSE,STK,760489,INE2HJL01019,DHARARAIL,SM,,,,,DHARA RAIL PROJECTS LTD,116.5,118.5,116.5,118.5,118.5,116.9,,118.5,,,8000,942950.0,8,F1,1000,,,,,
2026-04-22,2026-04-22,CM,NSE,STK,24750,INE0YRN01025,DHARIWAL,ST,,,,,DHARIWALCORP LIMITED,38.45,38.45,36.65,37.45,38.0,38.3,,37.45,,,60000,2236500.0,19,F1,3000,,,,,
2026-04-22,2026-04-22,CM,NSE,STK,13001,INE00OQ01016,DHARMAJ,EQ,,,,,DHARMAJ CROP GUARD LTD,266.0,273.19,265.02,270.37,270.5,267.74,,270.37,,,20701,5572216.77,1048,F1,1,,,,,
2026-04-22,2026-04-22,CM,NSE,STK,6858,INE506Z01015,DHRUV,EQ,,,,,DHRUV CONSULTANCY SER LTD,36.93,36.93,36.05,36.29,36.14,36.76,,36.28,,,6150,223507.34,154,F1,1,,,,,
2026-04-22,2026-04-22,CM,NSE,STK,22233,INE320L01011,DHUNINV,EQ,,,,,DHUNSERI INVESTMENTS LTD,943.7,965.9,939.35,960.1,960.0,950.6,,960.1,,,1721,1643678.35,238,F1,1,,,,,
2026-04-22,2026-04-22,CM,NSE,STK,6227,INE341R01014,DTIL,EQ,,,,,DHUNSERI TEA & IND. LTD.,142.62,144.99,142.56,143.5,143.49,141.92,,143.9,,,696,99957.49,48,F1,1,,,,,
2026-04-22,2026-04-22,CM,NSE,STK,15214,INE477B01010,DVL,EQ,,,,,DHUNSERI VENTURES LIMITED,249.68,252.89,245.82,250.95,252.0,249.69,,250.95,,,9608,2396876.33,264,F1,1,,,,,
2026-04-22,2026-04-22,CM,NSE,STK,18644,INE591D01014,DIAMINESQ,EQ,,,,,DIAMINES & CHEMICALS LTD,279.0,289.21,272.98,274.56,273.0,280.58,,274.56,,,23713,6636505.51,1958,F1,1,,,,,
2026-04-22,2026-04-22,CM,NSE,STK,18543,INE989C01038,DIACABS,EQ,,,,,DIAMOND POWER INFRA LTD,161.78,165.7,159.0,159.81,159.65,161.77,,159.81,,,2148579,349975531.03,17449,F1,1,,,,,
2026-04-22,2026-04-22,CM,NSE,STK,703,INE303A01010,DICIND,EQ,,,,,DIC INDIA LIMITED,536.95,555.0,530.0,550.45,547.0,537.2,,550.45,,,3281,1792576.0,76,F1,1,,,,,
2026-04-22,2026-04-22,CM,NSE,STK,25672,INE184O01015,DIFFNKG,EQ,,,,,DIFFUSION ENGINEERS LTD,309.49,315.0,308.15,311.83,313.0,309.53,,311.84,,,60088,18705088.37,1039,F1,1,,,,,
2026-04-22,2026-04-22,CM,NSE,STK,10346,INE03JI01017,DGCONTENT,EQ,,,,,DIGICONTENT LIMITED,29.01,31.0,28.67,29.64,29.65,29.46,,29.64,,,5088,149319.04,108,F1,1,,,,,
2026-04-22,2026-04-22,CM,NSE,STK,21247,INE0PSC01024,DIGIDRIVE,EQ,,,,,DIGIDRIVE DISTRIBUTORS L,23.32,24.8,23.32,23.82,23.99,24.3,,23.82,,,28448,684536.8,397,F1,1,,,,,
2026-04-22,2026-04-22,CM,NSE,STK,19138,INE0QJ901011,DIGIKORE,SM,,,,,DIGIKORE STUDIOS LIMITED,68.15,69.8,68.0,69.6,69.8,69.25,,69.6,,,72000,4971540.0,91,F1,400,,,,,
2026-04-22,2026-04-22,CM,NSE,STK,16683,INE927C01020,DIGISPICE,EQ,,,,,DIGISPICE TECHNOLOGIES LT,20.88,20.88,19.9,20.48,20.25,19.89,,20.48,,,120076,2442427.11,555,F1,1,,,,,
2026-04-22,2026-04-22,CM,NSE,STK,757515,INE0U4701011,DIGITIDE,EQ,,,,,DIGITIDE SOLUTIONS LTD,91.35,95.95,90.3,95.36,95.87,91.35,,95.36,,,369374,34235760.07,2500,F1,1,,,,,
2026-04-22,2026-04-22,CM,NSE,STK,6127,INE731U01028,DIGJAMLMTD,EQ,,,,,DIGJAM LTD,46.75,49.72,46.71,47.34,48.35,47.69,,47.05,,,6251,297384.85,92,F1,1,,,,,
2026-04-22,2026-04-22,CM,NSE,STK,641,INE016M01021,DNAMEDIA,EQ,,,,,DILIGENT MEDIA CORP LTD.,3.6,3.6,3.18,3.29,3.26,3.19,,3.27,,,30616,101964.47,145,F1,1,,,,,
2026-04-22,2026-04-22,CM,NSE,STK,18086,INE917M01012,DBL,EQ,,,,,DILIP BUILDCON LIMITED,452.25,459.9,447.8,457.3,457.0,450.7,,457.3,,,98527,44834400.2,4584,F1,1,,,,,
2026-04-22,2026-04-22,CM,NSE,STK,762643,INE131C01011,DISAQ,EQ,,,,,DISA INDIA LTD.,12307.2,12307.2,12030.05,12209.3,12200.0,12307.15,,12227.3,,,68,833121.5,45,F1,1,,,,,
2026-04-22,2026-04-22,CM,NSE,STK,14540,INE836F01026,DISHTV,BE,,,,,DISH TV INDIA LTD.,3.55,3.87,3.51,3.86,3.87,3.69,,3.86,,,9438039,34554736.03,3122,F1,1,,,,,
2026-04-22,2026-04-22,CM,NSE,STK,21704,INE385W01011,DCAL,EQ,,,,,DISHMAN CARBO AMCIS LTD,169.8,171.89,168.0,170.79,170.0,169.56,,170.94,,,150936,25636111.47,3315,F1,1,,,,,
2026-04-22,2026-04-22,CM,NSE,STK,14479,INE753U01022,DIVGIITTS,EQ,,,,,DIVGI TORQTRANSFER SYST L,755.0,755.95,731.95,733.8,732.05,748.1,,733.8,,,28238,20966521.6,2516,F1,1,,,,,
2026-04-22,2026-04-22,CM,NSE,STK,10940,INE361B01024,DIVISLAB,EQ,,,,,DIVI S LABORATORIES LTD,6286.0,6323.5,6249.0,6285.5,6268.5,6286.0,,6285.5,,,226547,1425917010.0,29913,F1,1,,,,,
2026-04-22,2026-04-22,CM,NSE,STK,30262,INE0NA501011,DIVINEHIRA,ST,,,,,DIVINE HIRA JEWELLERS LTD,310.0,311.75,310.0,311.75,311.75,311.0,,311.75,,,3200,994800.0,2,F1,1600,,,,,
2026-04-22,2026-04-22,CM,NSE,STK,24286,INE0SCO01019,DPEL,SM,,,,,DIVINE POWER ENERGY LTD,446.0,449.0,440.0,443.45,442.8,442.2,,443.45,,,24000,10670225.0,39,F1,500,,,,,
2026-04-22,2026-04-22,CM,NSE,STK,25680,INE0QYI01019,DIVYADHAN,ST,,,,,DIVYADHAN RECYCLING IND L,37.6,37.6,37.6,37.6,37.6,35.85,,37.6,,,6000,225600.0,3,F1,2000,,,,,
2026-04-22,2026-04-22,CM,NSE,STK,21690,INE935N01020,DIXON,EQ,,,,,DIXON TECHNO (INDIA) LTD,11265.0,11364.5,11215.5,11267.0,11264.0,11265.0,,11267.0,,,474026,5352038822.5,53887,F1,1,,,,,
2026-04-22,2026-04-22,CM,NSE,STK,12753,INE0B1K01014,DJML,BE,,,,,DJ MEDIAPRINT & LOG LTD,93.69,93.9,90.76,93.55,93.75,93.69,,93.55,,,15965,1492548.12,93,F1,1,,,,,
2026-04-22,2026-04-22,CM,NSE,STK,14732,INE271C01023,DLF,EQ,,,,,DLF LIMITED,607.2,614.8,605.45,610.65,611.0,607.55,,610.65,,,3636503,2223215301.4,40777,F1,1,,,,,
2026-04-22,2026-04-22,CM,NSE,STK,6973,INE505A01010,DMCC,EQ,,,,,DMCC SPECIALITY CHEMICALS,273.0,284.0,273.0,277.51,276.0,275.5,,277.5,,,29457,8223494.12,696,F1,1,,,,,
2026-04-22,2026-04-22,CM,NSE,STK,22533,INE0OGG01015,DHTL,SM,,,,,DOCMODE HEALTH TECH LTD,42.0,42.0,42.0,42.0,42.0,40.0,,42.0,,,800,33600.0,1,F1,800,,,,,
2026-04-22,2026-04-22,CM,NSE,STK,4822,INE021O01019,DODLA,EQ,,,,,DODLA DAIRY LIMITED,1084.0,1109.0,1074.35,1096.9,1095.0,1078.05,,1096.85,,,38037,41525466.65,6496,F1,1,,,,,
2026-04-22,2026-04-22,CM,NSE,STK,12124,INE966A01022,DOLATALGO,EQ,,,,,DOLAT ALGOTECH LIMITED,78.07,79.65,78.07,79.22,79.65,78.74,,79.22,,,78862,6225627.39,855,F1,1,,,,,
2026-04-22,2026-04-22,CM,NSE,STK,20560,INE325C01035,DOLLAR,EQ,,,,,DOLLAR INDUSTRIES LIMITED,274.02,276.47,271.81,274.42,276.3,276.1,,274.45,,,51468,14129076.24,1446,F1,1,,,,,
2026-04-22,2026-04-22,CM,NSE,STK,18139,INE920A01037,DOLPHIN,EQ,,,,,DOLPHIN OFF ENT (IND) L,402.0,416.0,401.0,409.0,415.0,404.3,,409.05,,,34695,14128780.05,1025,F1,1,,,,,
2026-04-22,2026-04-22,CM,NSE,STK,20551,INE321T01012,DOMS,EQ,,,,,DOMS INDUSTRIES LIMITED,2392.6,2425.0,2338.1,2419.1,2410.0,2392.6,,2418.8,,,85086,202738246.7,12620,F1,1,,,,,
2026-04-22,2026-04-22,CM,NSE,STK,13839,INE668D01028,DONEAR,EQ,,,,,DONEAR IND. LIMITED,92.76,93.4,91.0,91.39,91.25,92.73,,91.39,,,28469,2616637.66,811,F1,1,,,,,
2026-04-22,2026-04-22,CM,NSE,STK,15419,INE360C01024,DPSCLTD,EQ,,,,,DPSC LIMITED,9.9,10.0,9.36,9.72,9.85,9.77,,9.72,,,298725,2883720.16,1137,F1,1,,,,,
2026-04-22,2026-04-22,CM,NSE,STK,29452,INE943P01029,AGARWALEYE,EQ,,,,,DR AGARWALS HEALTH CARE L,455.1,469.75,450.6,461.15,461.5,457.45,,461.15,,,111447,51404450.1,7697,F1,1,,,,,
2026-04-22,2026-04-22,CM,NSE,STK,762648,INE934C01018,DRAGARWQ,EQ,,,,,DR. AGARWAL'S EYE HOSP L,4899.95,4900.0,4781.1,4852.8,4850.0,4861.05,,4855.65,,,199,961310.5,114,F1,1,,,,,
2026-04-22,2026-04-22,CM,NSE,STK,11654,INE600L01024,LALPATHLAB,EQ,,,,,DR. LAL PATH LABS LTD.,1442.0,1468.0,1437.5,1459.1,1460.0,1437.0,,1459.0,,,388485,566020128.4,31461,F1,1,,,,,
2026-04-22,2026-04-22,CM,NSE,STK,881,INE089A01031,DRREDDY,EQ,,,,,DR. REDDY S LABORATORIES,1214.1,1226.0,1208.1,1217.0,1217.4,1220.6,,1217.0,,,1573272,1916530788.3,38558,F1,1,,,,,
2026-04-22,2026-04-22,CM,NSE,STK,2645,INE03RS01027,DRCSYSTEMS,EQ,,,,,DRC SYSTEMS INDIA LIMITED,16.4,16.87,16.1,16.5,16.33,16.73,,16.5,,,30701,502650.33,289,F1,1,,,,,
2026-04-22,2026-04-22,CM,NSE,STK,10859,INE0JS101016,DREAMFOLKS,EQ,,,,,DREAMFOLKS SERVICES LTD,83.7,85.4,82.05,84.96,84.33,82.95,,84.96,,,126910,10639162.62,2045,F1,1,,,,,
2026-04-22,2026-04-22,CM,NSE,STK,11271,INE506A01018,DREDGECORP,EQ,,,,,DREDGING CORP OF INDIA,984.5,993.95,960.3,963.5,967.95,984.6,,963.5,,,223236,217632449.85,7271,F1,1,,,,,
2026-04-22,2026-04-22,CM,NSE,STK,17372,INE0P7201019,DRONE,SM,,,,,DRONE DESTINATION LIMITED,53.0,55.0,52.5,54.55,54.55,53.3,,54.55,,,41500,2233425.0,60,F1,500,,,,,
2026-04-22,2026-04-22,CM,NSE,STK,778,INE055C01020,KEEPLEARN,EQ,,,,,DSJ KEEP LEARNING LTD,2.02,2.33,1.95,2.2,2.2,1.95,,2.2,,,77937,164093.51,152,F1,1,,,,,
2026-04-22,2026-04-22,CM,NSE,STK,1927,INF740KA1EU7,LIQUIDETF,EQ,,,,,DSP LIQUID ETF,1000.0,1000.01,999.99,1000.0,1000.0,999.99,,1000.0,,,114610,114610246.65,294,F1,1,,,,,
2026-04-22,2026-04-22,CM,NSE,STK,761364,INF740KA1YH2,BANK10ADD,EQ,,,,,DSPAMC - BANK10ADD,17.08,17.14,16.96,16.99,17.01,17.13,,16.98,,,13554,230602.65,92,F1,1,,,,,
2026-04-22,2026-04-22,CM,NSE,STK,13644,INF740KA1RX3,BANKADD,EQ,,,,,DSPAMC - DSPBANK,58.4,58.52,58.13,58.31,58.13,58.4,,58.31,,,6814,397387.98,103,F1,1,,,,,
2026-04-22,2026-04-22,CM,NSE,STK,15356,INF740KA1SW3,GOLDADD,EQ,,,,,DSPAMC - DSPGOLD,146.42,146.87,145.15,146.52,146.68,147.0,,146.52,,,907605,133010483.08,1593,F1,1,,,,,
2026-04-22,2026-04-22,CM,NSE,STK,17207,INF740KA1SX1,ITADD,EQ,,,,,DSPAMC - DSPIT,32.54,33.5,31.76,32.17,33.5,33.1,,32.17,,,1019080,32829716.8,1193,F1,1,,,,,
2026-04-22,2026-04-22,CM,NSE,STK,6606,INF740KA1QK2,EQUAL50ADD,EQ,,,,,DSPAMC - DSPNEWETF,338.63,339.5,337.96,338.76,339.45,339.95,,338.76,,,17231,5842758.25,231,F1,1,,,,,
2026-04-22,2026-04-22,CM,NSE,STK,7451,INF740KA1CL0,NIFTYADD,EQ,,,,,DSPAMC - DSPNIFTY,256.02,256.49,254.61,255.06,255.85,256.78,,255.06,,,12073,3084517.19,271,F1,1,,,,,
2026-04-22,2026-04-22,CM,NSE,STK,17616,INF740KA1SY9,PSUBANKADD,EQ,,,,,DSPAMC - DSPPSBKETF,90.77,91.55,90.58,90.86,90.87,90.64,,90.87,,,56161,5116206.95,275,F1,1,,,,,
2026-04-22,2026-04-22,CM,NSE,STK,17576,INF740KA1TA7,PVTBANKADD,EQ,,,,,DSPAMC - DSPPVBKETF,27.75,27.78,27.42,27.56,27.69,27.67,,27.56,,,82503,2280907.45,181,F1,1,,,,,
2026-04-22,2026-04-22,CM,NSE,STK,7456,INF740KA1QL0,MIDQ50ADD,EQ,,,,,DSPAMC - DSPQ50ETF,241.91,243.5,241.25,242.39,243.5,242.69,,243.03,,,6287,1522337.77,118,F1,1,,,,,
2026-04-22,2026-04-22,CM,NSE,STK,17613,INF740KA1SZ6,SENSEXADD,EQ,,,,,DSPAMC - DSPSENXETF,81.98,81.98,80.24,80.38,80.75,81.28,,80.38,,,3970,319936.03,63,F1,1,,,,,
2026-04-22,2026-04-22,CM,NSE,STK,10761,INF740KA1RE3,SILVERADD,EQ,,,,,DSPAMC - DSPSILVETF,237.8,238.99,236.86,237.98,237.67,239.31,,237.96,,,685120,163224956.79,2312,F1,1,,,,,
2026-04-22,2026-04-22,CM,NSE,STK,759368,INF740KA1WU9,FLEXIADD,EQ,,,,,DSPAMC - FLEXIADD,10.01,10.01,9.87,9.95,10.0,10.01,,9.95,,,91655,909485.15,397,F1,1,,,,,
2026-04-22,2026-04-22,CM,NSE,STK,22592,INF740KA1UF4,HEALTHADD,EQ,,,,,DSPAMC - HEALTHADD,145.88,146.6,145.74,146.14,146.14,146.4,,146.14,,,1882,275012.12,33,F1,1,,,,,
2026-04-22,2026-04-22,CM,NSE,STK,23407,INF740KA1UM0,LIQUIDADD,EQ,,,,,DSPAMC - LIQUIDADD,1123.04,1123.07,1123.04,1123.06,1123.07,1122.9,,1123.06,,,461738,518558824.39,310,F1,1,,,,,
2026-04-22,2026-04-22,CM,NSE,STK,760356,INF740KA1WW5,MIDCAPADD,EQ,,,,,DSPAMC - MIDCAPADD,22.12,22.26,22.08,22.16,22.15,22.09,,22.16,,,43162,953810.31,63,F1,1,,,,,
2026-04-22,2026-04-22,CM,NSE,STK,759978,INF740KA1WV7,MSCIADD,EQ,,,,,DSPAMC - MSCIADD,29.65,29.65,29.39,29.51,29.51,29.51,,29.51,,,575,16914.23,9,F1,1,,,,,
2026-04-22,2026-04-22,CM,NSE,STK,29464,INF740KA1VE5,NEXT30ADD,EQ,,,,,DSPAMC - NEXT30ADD,41.79,42.1,41.6,41.73,42.1,41.65,,41.73,,,12461,519381.0,57,F1,1,,,,,
2026-04-22,2026-04-22,CM,NSE,STK,760599,INF740KA1XU7,NEXT50ADD,EQ,,,,,DSPAMC - NEXT50ADD,71.0,71.6,70.87,71.57,71.6,70.81,,71.57,,,5947,424604.51,60,F1,1,,,,,
2026-04-22,2026-04-22,CM,NSE,STK,760359,INF740KA1WX3,SMALLADD,EQ,,,,,DSPAMC - SMALLADD,16.62,16.77,16.54,16.68,16.67,16.53,,16.68,,,73752,1227131.95,122,F1,1,,,,,
2026-04-22,2026-04-22,CM,NSE,STK,25171,INF740KA1UR9,TOP10ADD,EQ,,,,,DSPAMC - TOP10ADD,91.03,91.14,90.1,90.23,91.08,91.24,,90.23,,,78162,7062383.14,806,F1,1,,,,,
2026-04-22,2026-04-22,CM,NSE,STK,28956,INE741L01018,DUCON,BE,,,,,DUCON INFRATECHNOLOGIES L,3.4,3.48,3.33,3.41,3.4,3.4,,3.41,,,144637,494608.62,197,F1,1,,,,,
2026-04-22,2026-04-22,CM,NSE,STK,5457,INE0HPK01020,DUGLOBAL,SM,,,,,DUDIGITAL GLOBAL LIMITED,39.25,41.5,39.25,41.5,41.5,37.75,,41.5,,,170000,6980625.0,43,F1,2500,,,,,
2026-04-22,2026-04-22,CM,NSE,STK,24164,INE0OUW01013,DURLAX,SM,,,,,DURLAX TOP SURFACE LTD,52.45,52.45,50.1,50.85,51.0,50.35,,50.85,,,120000,6126000.0,51,F1,2000,,,,,
2026-04-22,2026-04-22,CM,NSE,STK,11667,INE366A01041,DWARKESH,EQ,,,,,DWARIKESH SUGAR IND LTD,46.5,48.15,45.18,46.62,46.52,46.31,,46.62,,,3356987,155999908.44,13701,F1,1,,,,,
2026-04-22,2026-04-22,CM,NSE,STK,25690,INE417B01040,DSSL,EQ,,,,,DYNACONS SYS & SOLN LTD,1041.35,1059.0,1030.0,1052.65,1053.85,1041.35,,1052.65,,,25445,26656486.05,1914,F1,1,,,,,
2026-04-22,2026-04-22,CM,NSE,STK,4525,INE221B01012,DYNAMATECH,EQ,,,,,DYNAMATIC TECHNOLOGIES,10833.0,11800.0,10800.5,11541.0,11501.0,10747.0,,11542.0,,,111645,1252175819.0,31622,F1,1,,,,,
2026-04-22,2026-04-22,CM,NSE,STK,10417,INE600Y01019,DYCL,EQ,,,,,DYNAMIC CABLES LIMITED,352.0,352.0,343.44,348.39,349.4,349.11,,348.39,,,124772,43434622.73,3880,F1,1,,,,,
2026-04-22,2026-04-22,CM,NSE,STK,6079,INE0DZ701010,DYNAMIC,SM,,,,,DYNAMIC SRVCS & SEC LTD,141.95,142.0,141.95,141.95,141.95,142.0,,141.95,,,2000,283925.0,3,F1,500,,,,,
2026-04-22,2026-04-22,CM,NSE,STK,21314,INE256H01015,DYNPRO,EQ,,,,,DYNEMIC PRODUCTS LIMITED,236.6,239.97,234.0,238.71,238.79,236.8,,238.71,,,10897,2592715.18,473,F1,1,,,,,
2026-04-22,2026-04-22,CM,NSE,STK,19267,INE0KFF01017,EFACTOR,SM,,,,,E FACTOR EXPERIENCES LTD,240.0,241.0,230.0,239.9,239.9,233.0,,239.9,,,2400,565980.0,6,F1,400,,,,,
2026-04-22,2026-04-22,CM,NSE,STK,760531,INE1CEJ01017,E2ERAIL,SM,,,,,E TO E TRANS INFRA LTD,244.7,263.0,244.7,256.3,253.0,248.3,,256.3,,,356000,90482160.0,328,F1,800,,,,,
2026-04-22,2026-04-22,CM,NSE,STK,8940,INE255Z01019,E2E,BE,,,,,E2E NETWORKS LIMITED,2929.0,2986.6,2849.0,2936.1,2913.0,2844.4,,2936.1,,,144935,427572424.3,8223,F1,1,,,,,
2026-04-22,2026-04-22,CM,NSE,STK,9769,INE962C01035,EASTSILK,BE,,,,,EASTERN SILK INDUSTRIES L,59.06,61.95,59.06,61.95,61.95,59.0,,61.95,,,450,27857.27,6,F1,1,,,,,
2026-04-22,2026-04-22,CM,NSE,STK,2792,INE07O001026,EASEMYTRIP,EQ,,,,,EASY TRIP PLANNERS LTD,7.72,7.9,7.69,7.83,7.87,7.7,,7.83,,,8606677,67067647.94,7641,F1,1,,,,,
2026-04-22,2026-04-22,CM,NSE,STK,759975,INE528S07128,925ECL28,N2,,,,,ECL 9.25% 2028 SR VI,979.89,979.89,979.89,979.89,979.89,980.79,,982.2,,,143,140124.27,3,F1,1,,,,,
2026-04-22,2026-04-22,CM,NSE,STK,15179,INE738I01010,ECLERX,EQ,,,,,ECLERX SERVICES LTD,1564.0,1576.6,1475.2,1499.5,1499.9,1564.1,,1499.5,,,606629,914426564.0,39457,F1,1,,,,,
2026-04-22,2026-04-22,CM,NSE,STK,759961,INE0VBS01016,ECOLINE,SM,,,,,ECOLINE EXIM LIMITED,121.0,125.0,118.15,120.5,120.0,121.0,,120.5,,,16000,1960600.0,15,F1,1000,,,,,
2026-04-22,2026-04-22,CM,NSE,STK,25060,INE06HJ01020,ECOSMOBLTY,EQ,,,,,ECOS (INDIA) MOB & HOSP L,144.5,145.89,141.68,143.99,144.29,143.99,,143.99,,,148174,21281365.9,3098,F1,1,,,,,
2026-04-22,2026-04-22,CM,NSE,STK,7196,INF754K01OB1,BBETF0432,EQ,,,,,EDELAMC - BBETF0432,1318.99,1318.99,1315.0,1316.19,1317.99,1316.68,,1316.19,,,1096,1442461.12,36,F1,1,,,,,
2026-04-22,2026-04-22,CM,NSE,STK,25258,INF754K01TE4,EBANKNIFTY,EQ,,,,,EDELAMC - EBANKNIFTY,57.84,57.84,57.4,57.53,57.52,57.55,,57.53,,,4524,260419.52,32,F1,1,,,,,
2026-04-22,2026-04-22,CM,NSE,STK,16253,INF754K01KO2,EBBETF0430,EQ,,,,,EDELAMC - EBBETF0430,1577.98,1582.0,1571.5,1573.38,1573.26,1574.36,,1573.38,,,10194,16063291.15,1662,F1,1,,,,,
2026-04-22,2026-04-22,CM,NSE,STK,22239,INF754K01LE1,EBBETF0431,EQ,,,,,EDELAMC - EBBETF0431,1404.01,1406.03,1400.1,1401.44,1404.0,1402.26,,1401.44,,,5971,8368215.85,67,F1,1,,,,,
2026-04-22,2026-04-22,CM,NSE,STK,13139,INF754K01QX0,EBBETF0433,EQ,,,,,EDELAMC - EBBETF0433,1278.33,1284.48,1275.48,1278.99,1279.0,1278.77,,1278.99,,,5146,6587205.64,170,F1,1,,,,,
2026-04-22,2026-04-22,CM,NSE,STK,29019,INF754K01TX4,ECAPINSURE,EQ,,,,,EDELAMC - ECAPINSURE,24.46,24.46,24.03,24.1,24.1,24.36,,24.09,,,143431,3468659.43,368,F1,1,,,,,
2026-04-22,2026-04-22,CM,NSE,STK,19933,INF754K01SE6,EGOLD,EQ,,,,,EDELAMC - EGOLD,151.45,158.95,150.55,151.2,155.0,151.35,,151.2,,,591675,89452401.8,465,F1,1,,,,,
2026-04-22,2026-04-22,CM,NSE,STK,759466,INF754K01VW2,ELIQUID,EQ,,,,,EDELAMC - ELIQUID,1027.6,1027.62,1027.6,1027.61,1027.62,1027.46,,1027.61,,,1351,1388308.78,12,F1,1,,,,,
2026-04-22,2026-04-22,CM,NSE,STK,758952,INF754K01VV4,ELM250,EQ,,,,,EDELAMC - ELM250,16.75,16.75,16.22,16.25,16.24,16.41,,16.25,,,37479,611662.43,218,F1,1,,,,,
2026-04-22,2026-04-22,CM,NSE,STK,25996,INF754K01TF1,EMULTIMQ,EQ,,,,,EDELAMC - EMULTIMQ,42.07,42.28,41.96,42.12,42.0,42.07,,42.12,,,43978,1850525.44,188,F1,1,,,,,
2026-04-22,2026-04-22,CM,NSE,STK,759998,INF754K01VX0,ENIFTY,EQ,,,,,EDELAMC - ENIFTY,24.5,24.52,24.37,24.45,24.45,24.54,,24.45,,,10719,261514.83,36,F1,1,,,,,
2026-04-22,2026-04-22,CM,NSE,STK,759995,INF754K01VY8,ESENSEX,EQ,,,,,EDELAMC - ESENSEX,79.31,79.31,78.29,78.62,78.66,79.17,,78.59,,,9997,785879.5,36,F1,1,,,,,
2026-04-22,2026-04-22,CM,NSE,STK,20257,INF754K01SF3,ESILVER,EQ,,,,,EDELAMC - ESILVER,246.15,247.58,245.3,246.07,246.25,247.56,,246.07,,,11217,2764410.07,1107,F1,1,,,,,
2026-04-22,2026-04-22,CM,NSE,STK,15119,INE532F01054,EDELWEISS,EQ,,,,,EDELWEISS FIN SERV LTD,117.95,123.83,117.23,121.98,122.0,118.25,,121.98,,,6213046,750155477.19,37361,F1,1,,,,,
2026-04-22,2026-04-22,CM,NSE,STK,758675,INE886D01026,EFCIL,EQ,,,,,EFC (I) LIMITED,198.75,200.75,193.0,198.87,199.85,199.08,,198.87,,,237299,46948458.21,4669,F1,1,,,,,
2026-04-22,2026-04-22,CM,NSE,STK,24435,INE0U9101019,EFFWA,SM,,,,,EFFWA INFRA & RESEARCH L,230.4,233.7,225.05,230.0,230.0,230.4,,230.0,,,6000,1372800.0,15,F1,400,,,,,
2026-04-22,2026-04-22,CM,NSE,STK,910,INE066A01021,EICHERMOT,EQ,,,,,EICHER MOTORS LTD,7215.0,7267.0,7136.5,7230.0,7220.0,7240.5,,7230.0,,,497850,3586643407.5,60602,F1,1,,,,,
2026-04-22,2026-04-22,CM,NSE,STK,916,INE126A01031,EIDPARRY,EQ,,,,,EID PARRY INDIA LTD,857.4,875.0,850.2,872.5,872.75,851.15,,872.5,,,277449,239815346.9,13304,F1,1,,,,,
2026-04-22,2026-04-22,CM,NSE,STK,15399,INE276C01014,EIHAHOTELS,EQ,,,,,EIH ASSOCIATED HOTELS LTD,333.0,333.0,326.0,327.1,328.8,329.65,,327.05,,,16111,5281892.45,699,F1,1,,,,,
2026-04-22,2026-04-22,CM,NSE,STK,919,INE230A01023,EIHOTEL,EQ,,,,,EIH LIMITED,335.0,339.4,331.55,338.55,339.0,339.7,,338.55,,,178987,60223485.45,5598,F1,1,,,,,
2026-04-22,2026-04-22,CM,NSE,STK,4040,INE158B01016,EIMCOELECO,EQ,,,,,EIMCO ELECON (INDIA) LTD,1693.0,1753.8,1693.0,1737.5,1745.0,1699.5,,1737.6,,,22905,39320948.4,2158,F1,1,,,,,
2026-04-22,2026-04-22,CM,NSE,STK,762653,INE280B01018,ELANTAS,EQ,,,,,ELANTAS BECK INDIA LTD.,9279.95,9288.0,9150.2,9222.6,9249.5,9202.95,,9223.45,,,855,7894469.65,164,F1,1,,,,,
2026-04-22,2026-04-22,CM,NSE,STK,762658,INE927X01018,ELCIDIN,EQ,,,,,ELCID INVESTMENTS LTD.,128250.0,131199.95,125200.05,126153.0,126153.0,128194.9,,126349.25,,,34,4326253.75,34,F1,1,,,,,
2026-04-22,2026-04-22,CM,NSE,STK,8953,INE668G01021,ELDEHSG,EQ,,,,,ELDECO HSG & IND LTD.,811.0,864.4,809.45,848.65,849.75,831.3,,848.65,,,706,590896.7,103,F1,1,,,,,
2026-04-22,2026-04-22,CM,NSE,STK,13643,INE205B01031,ELECON,EQ,,,,,ELECON ENG. CO. LTD,467.8,511.0,464.15,504.1,506.9,471.55,,504.1,,,2483381,1216270278.25,60233,F1,1,,,,,
2026-04-22,2026-04-22,CM,NSE,STK,20902,INE0Q1W01012,EFORCE,ST,,,,,ELECTRO FORCE (INDIA) LTD,28.0,28.75,28.0,28.75,28.75,28.1,,28.75,,,9600,272220.0,8,F1,1200,,,,,
2026-04-22,2026-04-22,CM,NSE,STK,11530,INE02YR01019,EMIL,EQ,,,,,ELECTRONICS MART IND LTD,108.57,110.01,107.52,108.99,109.5,108.57,,108.99,,,537069,58415982.79,7948,F1,1,,,,,
2026-04-22,2026-04-22,CM,NSE,STK,928,INE086A01029,ELECTCAST,EQ,,,,,ELECTROSTEEL CASTINGS LTD,77.9,80.91,77.9,79.83,79.75,77.89,,79.83,,,2772479,220774787.13,12380,F1,1,,,,,
2026-04-22,2026-04-22,CM,NSE,STK,4469,INE822G01016,ELECTHERM,EQ,,,,,ELECTROTHERM (I) LTD.,775.05,775.05,752.0,766.6,773.7,775.05,,766.6,,,7125,5429480.55,874,F1,1,,,,,
2026-04-22,2026-04-22,CM,NSE,STK,29595,INE0R9101015,ELGNZ,SM,,,,,ELEGANZ INTERIORS LIMITED,74.15,77.95,71.85,76.8,77.95,74.3,,76.8,,,9000,674750.0,9,F1,1000,,,,,
2026-04-22,2026-04-22,CM,NSE,STK,937,INE285A01027,ELGIEQUIP,EQ,,,,,ELGI EQUIPMENTS LTD,543.0,567.9,539.95,554.7,554.2,542.95,,554.7,,,1208125,672002910.6,30933,F1,1,,,,,
2026-04-22,2026-04-22,CM,NSE,STK,24924,INE819L01012,ELGIRUBCO,EQ,,,,,ELGI RUBBER CO. LTD,53.38,55.49,50.75,52.8,51.5,53.38,,52.8,,,60485,3247571.49,446,F1,1,,,,,
2026-04-22,2026-04-22,CM,NSE,STK,13423,INE050401020,ELIN,EQ,,,,,ELIN ELECTRONICS LIMITED,117.97,122.0,115.95,120.18,119.6,117.25,,120.15,,,150580,17992127.94,3109,F1,1,,,,,
2026-04-22,2026-04-22,CM,NSE,STK,762663,INE669R01026,ELITECON,EQ,,,,,ELITECON INTERNATIONAL L,41.2,41.95,41.2,41.2,41.2,43.35,,41.2,,,386196,15921138.75,2447,F1,1,,,,,
2026-04-22,2026-04-22,CM,NSE,STK,758563,INE236E01022,ELLEN,EQ,,,,,ELLENBARRIE INDUS GASES L,252.49,258.0,250.2,255.68,255.0,253.67,,255.69,,,417318,106280114.7,8145,F1,1,,,,,
2026-04-22,2026-04-22,CM,NSE,STK,4471,INE579B01039,ELPROINTL,EQ,,,,,ELPRO INTERNATIONAL LTD,104.0,107.0,102.0,105.35,105.28,102.6,,104.91,,,42396,4405776.67,1069,F1,1,,,,,
2026-04-22,2026-04-22,CM,NSE,STK,29229,INE0ZOL01023,EMAPARTNER,SM,,,,,EMA PARTNERS INDIA LTD,86.05,93.5,85.0,88.9,88.9,84.0,,88.9,,,43000,3831650.0,26,F1,1000,,,,,
2026-04-22,2026-04-22,CM,NSE,STK,13517,INE548C01032,EMAMILTD,EQ,,,,,EMAMI LIMITED,456.95,476.6,453.05,473.2,472.7,453.85,,473.2,,,1532084,716605815.65,50275,F1,1,,,,,
2026-04-22,2026-04-22,CM,NSE,STK,10074,INE830C01026,EMAMIPAP,EQ,,,,,EMAMI PAPER MILLS LIMITED,74.8,76.9,73.21,76.41,76.02,73.75,,76.42,,,30296,2292056.51,437,F1,1,,,,,
2026-04-22,2026-04-22,CM,NSE,STK,19277,INE778K01012,EMAMIREAL,EQ,,,,,EMAMI REALTY LIMITED,66.95,78.8,66.51,72.05,71.57,67.7,,72.05,,,181153,13548400.23,1785,F1,1,,,,,
2026-04-22,2026-04-22,CM,NSE,STK,9383,INE041025011,EMBASSY,RR,,,,,EMBASSY OFFICE PARKS REIT,432.85,433.8,426.01,426.4,426.4,431.89,,426.41,,,339890,145386587.7,21472,F1,1,,,,,
2026-04-22,2026-04-22,CM,NSE,STK,24398,INE168P01015,EMCURE,EQ,,,,,EMCURE PHARMACEUTICALS L,1593.8,1612.4,1591.9,1597.9,1598.0,1592.7,,1597.8,,,93887,150396979.4,11162,F1,1,,,,,
2026-04-22,2026-04-22,CM,NSE,STK,27629,INE0RHD01013,ETML,SM,,,,,EMERALD TYRE MANUF LTD,87.8,87.8,87.8,87.8,87.8,85.0,,87.8,,,1200,105360.0,1,F1,1200,,,,,
2026-04-22,2026-04-22,CM,NSE,STK,13421,INE296H01011,EMKAY,EQ,,,,,EMKAY GLOBAL FIN SERV LTD,246.06,249.0,237.5,243.91,240.6,239.98,,243.92,,,35034,8492431.37,800,F1,1,,,,,
2026-04-22,2026-04-22,CM,NSE,STK,10253,INE332S01011,EMKAYTOOLS,SM,,,,,EMKAY TAP & CUT. TOOL LTD,117.0,118.85,115.1,118.0,118.0,117.0,,118.0,,,1500,177135.0,8,F1,150,,,,,
2026-04-22,2026-04-22,CM,NSE,STK,18142,INE753K01015,EMMBI,EQ,,,,,EMMBI INDUSTRIES LIMITED,85.11,87.98,84.02,85.09,84.62,87.0,,85.09,,,32223,2752727.42,765,F1,1,,,,,
2026-04-22,2026-04-22,CM,NSE,STK,759728,INE1C6T01020,EMMVEE,EQ,,,,,EMMVEE PHOTOVOLTAIC PWR L,262.0,272.88,260.77,264.68,264.98,261.31,,264.69,,,3063634,816215846.33,36885,F1,1,,,,,
2026-04-22,2026-04-22,CM,NSE,STK,762670,INE507F01023,EMPOWER,EQ,,,,,EMPOWER INDIA LTD.,1.65,1.65,1.65,1.65,1.65,1.5,,1.7,,,830233,1369884.45,269,F1,1,,,,,
2026-04-22,2026-04-22,CM,NSE,STK,18593,INE0OV601013,EMSLIMITED,EQ,,,,,EMS LIMITED,378.2,379.7,367.3,373.35,373.85,377.45,,373.4,,,357202,132660749.45,6091,F1,1,,,,,
2026-04-22,2026-04-22,CM,NSE,STK,9756,INE01QM01018,EMUDHRA,EQ,,,,,EMUDHRA LIMITED,500.6,508.3,499.75,504.45,503.95,500.6,,504.45,,,64163,32309870.95,3000,F1,1,,,,,
2026-04-22,2026-04-22,CM,NSE,STK,760321,INE433T01015,ENCOMPAS,SM,,,,,ENCOMPASS DESIGN INDIA L,269.05,269.05,260.6,261.6,261.0,268.0,,261.6,,,24000,6322740.0,19,F1,1200,,,,,
2026-04-22,2026-04-22,CM,NSE,STK,18822,INE913H01037,ENDURANCE,EQ,,,,,ENDURANCE TECHNO. LTD.,2389.7,2439.8,2380.0,2399.1,2400.0,2389.8,,2399.0,,,87375,209897778.4,14501,F1,1,,,,,
2026-04-22,2026-04-22,CM,NSE,STK,15049,INE306C01019,ENERGYDEV,EQ,,,,,ENERGY DEVE. CO.LTD,16.76,17.47,16.76,17.2,17.2,17.23,,17.2,,,14075,241316.13,261,F1,1,,,,,
2026-04-22,2026-04-22,CM,NSE,STK,23745,INE0S1L01013,EMMIL,SM,,,,,ENERGY MISSION MACH IND L,162.0,162.0,158.0,158.0,158.0,158.95,,158.0,,,500,80000.0,2,F1,250,,,,,
2026-04-22,2026-04-22,CM,NSE,STK,4907,INE510A01028,ENGINERSIN,EQ,,,,,ENGINEERS INDIA LTD,243.0,250.39,242.8,245.58,245.5,243.24,,245.57,,,6097611,1506318038.82,53366,F1,1,,,,,
2026-04-22,2026-04-22,CM,NSE,STK,23233,INE0R9I01021,ENSER,ST,,,,,ENSER COMMUNICATIONS LTD,16.45,16.45,15.5,16.0,16.0,16.0,,16.0,,,20000,317250.0,4,F1,5000,,,,,
2026-04-22,2026-04-22,CM,NSE,STK,22717,INE010601016,ENTERO,EQ,,,,,ENTERO HEALTHCARE SOLU L,1255.6,1271.7,1255.0,1263.9,1270.1,1260.2,,1263.9,,,46418,58629884.1,5449,F1,1,,,,,
2026-04-22,2026-04-22,CM,NSE,STK,13192,INE265F01028,ENIL,EQ,,,,,ENTERTAIN NET. IND. LTD.,120.18,120.22,116.3,116.97,117.9,118.08,,116.97,,,8073,950975.48,198,F1,1,,,,,
2026-04-22,2026-04-22,CM,NSE,STK,27213,INE0LLY01014,EIEL,EQ,,,,,ENVIRO INFRA ENGINEERS L,208.88,213.83,206.42,212.19,212.9,208.88,,212.19,,,2048116,431448387.58,14760,F1,1,,,,,
2026-04-22,2026-04-22,CM,NSE,STK,25412,INE0SUH01015,ENVIRO,SM,,,,,ENVIROTECH SYSTEMS LTD,115.0,116.95,115.0,115.0,115.0,113.7,,115.0,,,6000,692950.0,6,F1,1000,,,,,
2026-04-22,2026-04-22,CM,NSE,STK,22463,INE0G5901015,EPACK,EQ,,,,,EPACK DURABLE LIMITED,248.72,251.59,244.99,247.87,246.2,248.64,,247.87,,,463992,115417441.02,7662,F1,1,,,,,
2026-04-22,2026-04-22,CM,NSE,STK,759251,INE0MLS01022,EPACKPEB,EQ,,,,,EPACK PREFAB TECHN LTD,196.0,199.5,191.0,191.77,191.88,194.01,,191.77,,,651446,126309718.69,7973,F1,1,,,,,
2026-04-22,2026-04-22,CM,NSE,STK,5382,INE071N01016,EPIGRAL,EQ,,,,,EPIGRAL LIMITED,1171.05,1210.0,1166.05,1204.45,1198.15,1171.0,,1204.5,,,49591,59102081.05,5360,F1,1,,,,,
2026-04-22,2026-04-22,CM,NSE,STK,981,INE255A01020,EPL,EQ,,,,,EPL LIMITED,230.0,230.97,226.8,228.22,227.5,230.78,,228.22,,,759346,173661685.7,11976,F1,1,,,,,
2026-04-22,2026-04-22,CM,NSE,STK,758346,INE11HF01010,EEPL,SM,,,,,EPPELTONE ENGINEERS LTD,122.35,124.5,117.0,121.05,121.6,124.9,,121.05,,,72000,8753250.0,53,F1,1000,,,,,
2026-04-22,2026-04-22,CM,NSE,STK,761214,INE1KEC01023,EPWINDIA,SM,,,,,EPW INDIA LIMITED,115.0,115.0,115.0,115.0,115.0,112.0,,115.0,,,4800,552000.0,3,F1,1200,,,,,
2026-04-22,2026-04-22,CM,NSE,STK,3553,INE217G01035,EQUIPPP,BE,,,,,EQUIPPP SOC IMP TECH LTD,17.75,17.95,16.9,17.11,17.35,17.78,,17.11,,,6256,106641.01,47,F1,1,,,,,
2026-04-22,2026-04-22,CM,NSE,STK,913,INE063P01018,EQUITASBNK,EQ,,,,,EQUITAS SMALL FIN BNK LTD,65.0,65.45,64.23,65.23,65.09,65.19,,65.23,,,1483143,96351751.35,13410,F1,1,,,,,
2026-04-22,2026-04-22,CM,NSE,STK,21154,INE406M01024,ERIS,EQ,,,,,ERIS LIFESCIENCES LIMITED,1376.0,1384.2,1338.4,1352.8,1346.4,1376.0,,1352.8,,,177974,241372012.6,12992,F1,1,,,,,
2026-04-22,2026-04-22,CM,NSE,STK,955,INE284A01012,ESABINDIA,EQ,,,,,ESAB INDIA LTD,5840.0,5998.0,5724.1,5977.0,5995.0,5773.3,,5977.2,,,5341,31425131.3,1098,F1,1,,,,,
2026-04-22,2026-04-22,CM,NSE,STK,19878,INE818W01011,ESAFSFB,EQ,,,,,ESAF SMALL FINANCE BANK L,23.99,24.07,23.6,23.89,23.9,23.9,,23.89,,,511232,12203690.35,2255,F1,1,,,,,
2026-04-22,2026-04-22,CM,NSE,STK,22767,INE0RQZ01017,ESCONET,ST,,,,,ESCONET TECHNOLOGIES LTD,130.2,138.45,130.0,138.0,138.0,131.9,,138.0,,,14400,1961080.0,30,F1,400,,,,,
2026-04-22,2026-04-22,CM,NSE,STK,958,INE042A01014,ESCORTS,EQ,,,,,ESCORTS KUBOTA LIMITED,3360.0,3377.9,3315.4,3338.6,3340.0,3359.9,,3338.6,,,71741,239921266.6,12396,F1,1,,,,,
2026-04-22,2026-04-22,CM,NSE,STK,757892,INE818W08131,111ESFB31,N0,,,,,ESFB 11.1% 2031 SR 1,98600.0,98600.0,98600.0,98600.0,98600.0,99400.0,,98600.0,,,1,98600.0,1,F1,1,,,,,
2026-04-22,2026-04-22,CM,NSE,STK,24678,INE0SBP01018,ESPRIT,SM,,,,,ESPRIT STONES LIMITED,60.0,62.5,60.0,61.75,61.0,60.5,,61.75,,,12800,783040.0,8,F1,1600,,,,,
2026-04-22,2026-04-22,CM,NSE,STK,25634,INE122M01019,ESSARSHPNG,EQ,,,,,ESSAR SHIPPING LTD,27.01,27.68,27.01,27.32,27.4,27.15,,27.32,,,119607,3263206.31,958,F1,1,,,,,
2026-04-22,2026-04-22,CM,NSE,STK,17087,INE0ITO01014,ESFL,ST,,,,,ESSEN SPECIALITY FILMS L,133.0,138.75,133.0,134.2,134.2,132.75,,134.2,,,12240,1668546.0,24,F1,360,,,,,
2026-04-22,2026-04-22,CM,NSE,STK,24265,INE778B01029,ESTER,EQ,,,,,ESTER INDUSTRIES LTD,90.5,92.58,90.5,91.2,90.76,90.87,,91.2,,,51426,4706113.95,909,F1,1,,,,,
2026-04-22,2026-04-22,CM,NSE,STK,5097,INE758T01015,ETERNAL,EQ,,,,,ETERNAL LIMITED,257.03,264.8,256.29,262.99,262.25,259.48,,262.99,,,45717764,11952103581.03,261428,F1,1,,,,,
2026-04-22,2026-04-22,CM,NSE,STK,9750,INE04TZ01018,ETHOSLTD,EQ,,,,,ETHOS LIMITED,2469.9,2832.0,2467.5,2717.9,2720.0,2469.9,,2717.9,,,365568,995750342.1,37503,F1,1,,,,,
2026-04-22,2026-04-22,CM,NSE,STK,25162,INE0KCE01017,EUREKAFORB,EQ,,,,,EUREKA FORBES LIMITED,493.5,502.3,492.0,496.6,496.5,498.2,,496.45,,,131338,65307274.9,5670,F1,1,,,,,
2026-04-22,2026-04-22,CM,NSE,STK,6040,INE546V01010,EIFFL,EQ,,,,,EURO (I) FRESH FOODS LTD,242.06,259.7,242.06,252.42,257.0,242.06,,252.42,,,12864,3238761.94,578,F1,1,,,,,
2026-04-22,2026-04-22,CM,NSE,STK,757953,INE505V01016,EUROBOND,EQ,,,,,EURO PANEL PRODUCTS LTD,172.01,172.5,170.25,171.51,170.78,173.1,,171.51,,,3764,646409.46,94,F1,1,,,,,
2026-04-22,2026-04-22,CM,NSE,STK,759797,INE198501012,EUROPRATIK,EQ,,,,,EURO PRATIK SALES LIMITED,259.0,268.4,255.66,266.66,265.0,260.69,,266.66,,,201408,52952253.59,2163,F1,1,,,,,
2026-04-22,2026-04-22,CM,NSE,STK,999,INE022C01012,EUROTEXIND,EQ,,,,,EUROTEX INDUSTRIES LTD,14.94,14.95,14.0,14.05,14.05,14.28,,14.05,,,1659,24105.49,29,F1,1,,,,,
2026-04-22,2026-04-22,CM,NSE,STK,11782,INE128A01029,EVEREADY,EQ,,,,,EVEREADY INDS. IND.  LTD.,315.05,345.0,314.6,339.9,337.95,316.65,,339.95,,,705233,237198211.95,13090,F1,1,,,,,
2026-04-22,2026-04-22,CM,NSE,STK,993,INE295A01018,EVERESTIND,EQ,,,,,EVEREST INDUSTRIES LTD,415.0,415.0,404.15,411.05,411.9,405.2,,411.05,,,10078,4135077.8,447,F1,1,,,,,
2026-04-22,2026-04-22,CM,NSE,STK,13091,INE184H01027,EKC,EQ,,,,,EVEREST KANTO CYLINDERLTD,116.8,117.9,115.33,115.84,115.65,116.89,,115.84,,,283174,32846011.29,1780,F1,1,,,,,
2026-04-22,2026-04-22,CM,NSE,STK,11471,INE369A01029,EXCELINDUS,EQ,,,,,EXCEL INDUSTRIES LTD,954.8,958.8,939.0,946.05,942.0,952.3,,946.05,,,5479,5183663.6,666,F1,1,,,,,
2026-04-22,2026-04-22,CM,NSE,STK,25327,INE0Y4801011,EXCELLENT,ST,,,,,EXCELLENT WIRES N PACK L,130.0,130.0,130.0,130.0,130.0,132.4,,130.0,,,1600,208000.0,1,F1,1600,,,,,
2026-04-22,2026-04-22,CM,NSE,STK,760007,INE606N01019,EXCELSOFT,EQ,,,,,EXCELSOFT TECHNOLOGIES L,91.0,92.88,90.5,90.65,90.85,91.3,,90.65,,,420098,38415016.94,2651,F1,1,,,,,
2026-04-22,2026-04-22,CM,NSE,STK,22947,INE777F01014,EXICOM,EQ,,,,,EXICOM TELE SYSTEMS LTD,112.9,124.3,112.9,120.84,121.0,113.64,,120.84,,,2902251,350528212.73,23004,F1,1,,,,,
2026-04-22,2026-04-22,CM,NSE,STK,676,INE302A01020,EXIDEIND,EQ,,,,,EXIDE INDUSTRIES LTD,333.0,360.45,332.0,354.55,354.55,333.1,,354.55,,,15696406,5541752873.4,141213,F1,1,,,,,
2026-04-22,2026-04-22,CM,NSE,STK,760422,INE19I001020,EXIMROUTES,SM,,,,,EXIM ROUTES LIMITED,126.1,130.9,124.0,130.9,130.9,130.75,,130.9,,,43200,5454640.0,15,F1,1600,,,,,
2026-04-22,2026-04-22,CM,NSE,STK,17486,INE201K01015,EXPLEOSOL,EQ,,,,,EXPLEO SOLUTIONS LIMITED,834.0,869.0,816.8,840.9,841.0,832.4,,840.85,,,34244,28788062.35,2395,F1,1,,,,,
2026-04-22,2026-04-22,CM,NSE,STK,5352,INE0GFE01026,EXXARO,EQ,,,,,EXXARO TILES LIMITED,6.96,7.19,6.9,7.02,7.02,6.96,,7.0,,,116075,816922.29,392,F1,1,,,,,
2026-04-22,2026-04-22,CM,NSE,STK,760125,INE0HF201011,FABTECH,EQ,,,,,FABTECH TECHNOLOGIES LTD,157.9,157.9,155.81,156.5,156.8,156.51,,156.55,,,46224,7240136.28,878,F1,1,,,,,
2026-04-22,2026-04-22,CM,NSE,STK,1008,INE188A01015,FACT,EQ,,,,,FACT LTD,905.0,947.35,905.0,932.2,932.0,911.5,,932.2,,,864668,804477912.2,28621,F1,1,,,,,
2026-04-22,2026-04-22,CM,NSE,STK,1614,INE0DNW01011,FAIRCHEMOR,EQ,,,,,FAIRCHEM ORGANICS LIMITED,561.55,569.9,555.1,567.5,565.0,557.5,,567.45,,,2924,1641395.6,764,F1,1,,,,,
2026-04-22,2026-04-22,CM,NSE,STK,24150,INE0PQK01013,FALCONTECH,SM,,,,,FALCON TECHNOPROJ IND LTD,13.8,14.75,13.5,14.6,14.75,14.3,,14.6,,,33600,471480.0,27,F1,1200,,,,,
2026-04-22,2026-04-22,CM,NSE,STK,12006,INE963C01033,FAZE3Q,BE,,,,,FAZE THREE LIMITED,470.0,477.9,465.2,468.75,471.7,472.2,,468.8,,,2713,1279578.05,112,F1,1,,,,,
2026-04-22,2026-04-22,CM,NSE,STK,12002,INE512B01022,FCSSOFT,BE,,,,,FCS SOFTWARE SOLN. LTD.,1.75,1.75,1.68,1.71,1.72,1.72,,1.71,,,1061884,1815804.67,1077,F1,1,,,,,
2026-04-22,2026-04-22,CM,NSE,STK,4898,INE258B01022,FDC,EQ,,,,,FDC LIMITED,360.2,363.5,357.6,359.0,358.0,363.8,,359.0,,,35892,12934056.5,1723,F1,1,,,,,
2026-04-22,2026-04-22,CM,NSE,STK,20322,INE007N01010,FEDFINA,EQ,,,,,FEDBANK FINANCIAL SER L,148.09,152.1,146.71,151.42,151.89,148.09,,151.41,,,949772,142305810.11,12636,F1,1,,,,,
2026-04-22,2026-04-22,CM,NSE,STK,762675,INE417D01020,FEDDERSHOL,EQ,,,,,FEDDERS HOLDING LTD.,36.5,37.3,35.15,35.65,35.65,36.35,,35.6,,,402006,14376288.75,526,F1,1,,,,,
2026-04-22,2026-04-22,CM,NSE,STK,1023,INE171A01029,FEDERALBNK,EQ,,,,,FEDERAL BANK LTD,295.75,298.45,295.0,296.45,297.15,295.75,,296.45,,,6443950,1913680132.6,74861,F1,1,,,,,
2026-04-22,2026-04-22,CM,NSE,STK,1190,INE529A01010,FMGOETZE,EQ,,,,,FEDERAL-MOGUL GOETZE (IND,444.65,457.0,439.2,441.7,441.0,444.7,,441.75,,,53054,23746707.2,1862,F1,1,,,,,
2026-04-22,2026-04-22,CM,NSE,STK,573,INE901X01013,FELIX,SM,,,,,FELIX INDUSTRIES LTD.,223.0,232.95,217.0,229.8,232.0,216.85,,229.8,,,115500,26141350.0,218,F1,500,,,,,
2026-04-22,2026-04-22,CM,NSE,STK,762680,INE225B01021,FERMENTA,EQ,,,,,FERMENTA BIOTECH LTD.,316.3,319.95,314.55,314.75,314.55,315.75,,314.85,,,12911,4068959.1,229,F1,1,,,,,
2026-04-22,2026-04-22,CM,NSE,STK,8162,INE296C01020,FIBERWEB,BE,,,,,FIBERWEB INDIA LIMITED,39.0,39.25,38.4,38.48,38.4,39.0,,38.45,,,8623,333017.63,57,F1,1,,,,,
2026-04-22,2026-04-22,CM,NSE,STK,9858,INE0LQQ01019,FIDEL,SM,,,,,FIDEL SOFTECH LIMITED,138.7,140.0,138.7,140.0,140.0,138.7,,140.0,,,2000,278700.0,2,F1,1000,,,,,
2026-04-22,2026-04-22,CM,NSE,STK,13710,INE737H01014,FIEMIND,EQ,,,,,FIEM INDUSTRIES LIMITED,2264.9,2305.0,2252.4,2275.2,2279.0,2267.8,,2274.9,,,43794,99672480.1,6183,F1,1,,,,,
2026-04-22,2026-04-22,CM,NSE,STK,23651,INE185E01021,FILATFASH,BE,,,,,FILATEX FASHIONS LIMITED,0.28,0.28,0.27,0.28,0.28,0.27,,0.28,,,33468460,9370737.11,2788,F1,1,,,,,
2026-04-22,2026-04-22,CM,NSE,STK,24532,INE816B01035,FILATEX,EQ,,,,,FILATEX INDIA LTD,44.15,44.39,43.12,43.56,43.64,44.16,,43.56,,,439213,19143408.72,2455,F1,1,,,,,
2026-04-22,2026-04-22,CM,NSE,STK,759776,INE0EDU01014,FINBUD,SM,,,,,FINBUD FINANCIAL SERV LTD,139.5,140.05,136.65,139.45,140.0,133.4,,139.45,,,51000,7122150.0,48,F1,1000,,,,,
2026-04-22,2026-04-22,CM,NSE,STK,3744,INE686Y01026,FINEORG,EQ,,,,,FINE ORGANIC IND. LTD.,5094.7,5144.9,4961.3,5086.0,5055.0,5056.9,,5085.7,,,12579,63516610.5,3220,F1,1,,,,,
2026-04-22,2026-04-22,CM,NSE,STK,6198,INE045J01034,FCL,EQ,,,,,FINEOTEX CHEMICAL LIMITED,22.87,23.4,22.83,23.05,23.0,22.96,,23.05,,,4145394,95568598.19,4806,F1,1,,,,,
2026-04-22,2026-04-22,CM,NSE,STK,759239,INE734I01027,FINKURVE,EQ,,,,,FINKURVE FINANCIAL SERV L,67.0,74.0,67.0,72.79,72.2,68.51,,72.82,,,293502,21347282.85,1938,F1,1,,,,,
2026-04-22,2026-04-22,CM,NSE,STK,6579,INE02NC01014,FINOPB,EQ,,,,,FINO PAYMENTS BANK LTD,137.8,139.95,135.72,139.11,139.5,137.45,,139.11,,,373514,51366880.46,6392,F1,1,,,,,
2026-04-22,2026-04-22,CM,NSE,STK,1038,INE235A01022,FINCABLES,EQ,,,,,FINOLEX CABLES LTD,945.0,985.8,945.0,975.8,974.0,953.5,,975.8,,,481742,469166659.85,20015,F1,1,,,,,
2026-04-22,2026-04-22,CM,NSE,STK,1041,INE183A01024,FINPIPE,EQ,,,,,FINOLEX INDUSTRIES LTD,176.01,178.95,175.05,178.09,178.01,175.09,,178.09,,,398728,70663225.22,9986,F1,1,,,,,
2026-04-22,2026-04-22,CM,NSE,STK,14304,INE684F01012,FSL,EQ,,,,,FIRSTSOURCE SOLU. LTD.,230.1,232.0,219.3,224.34,224.6,230.98,,224.34,,,8492744,1890369798.32,91557,F1,1,,,,,
2026-04-22,2026-04-22,CM,NSE,STK,757658,INE771F01041,FISCHER,EQ,,,,,FISCHER MEDICAL VENTURE L,38.0,38.49,37.05,37.33,37.39,39.0,,37.33,,,2185502,81968025.5,3979,F1,1,,,,,
2026-04-22,2026-04-22,CM,NSE,STK,12032,INE128S01021,FIVESTAR,EQ,,,,,FIVE-STAR BUS FIN LTD,501.1,521.75,495.05,501.0,499.9,505.4,,501.0,,,2222843,1128771907.3,48554,F1,1,,,,,
2026-04-22,2026-04-22,CM,NSE,STK,20372,INE00Y201027,FLAIR,EQ,,,,,FLAIR WRITING INDUST LTD,323.95,331.4,322.95,328.85,330.0,323.8,,328.85,,,74122,24358376.35,2850,F1,1,,,,,
2026-04-22,2026-04-22,CM,NSE,STK,25512,INE060J01017,FLEXITUFF,EQ,,,,,FLEXITUFF VENTURES INT L,6.96,7.03,6.62,6.96,7.0,6.93,,6.95,,,17690,122871.01,80,F1,1,,,,,
2026-04-22,2026-04-22,CM,NSE,STK,758208,INE0VCK01011,FLYSBS,SM,,,,,FLYSBS AVIATION LIMITED,485.0,498.0,483.0,487.5,484.1,481.4,,487.5,,,13600,6636020.0,64,F1,200,,,,,
2026-04-22,2026-04-22,CM,NSE,STK,7385,INE0I7D01019,FOCE,SM,,,,,FOCE INDIA LIMITED,553.0,554.0,553.0,554.0,554.0,554.0,,554.0,,,1920,1062720.0,4,F1,240,,,,,
2026-04-22,2026-04-22,CM,NSE,STK,6836,INE593W01028,FOCUS,EQ,,,,,FOCUS LIGHTG & FIXTRS LTD,80.93,81.9,79.07,80.01,80.0,79.83,,80.01,,,49403,3980139.43,515,F1,1,,,,,
2026-04-22,2026-04-22,CM,NSE,STK,6673,INE976E01023,FOODSIN,EQ,,,,,FOODS & INNS LIMITED,59.69,61.0,57.82,59.63,61.0,59.68,,59.63,,,145619,8666247.78,1630,F1,1,,,,,
2026-04-22,2026-04-22,CM,NSE,STK,24914,INE0U2501017,FORCAS,SM,,,,,FORCAS STUDIO LIMITED,104.95,104.95,104.95,104.95,104.95,104.5,,104.95,,,24000,2518800.0,3,F1,1600,,,,,
2026-04-22,2026-04-22,CM,NSE,STK,11573,INE451A01017,FORCEMOT,EQ,,,,,FORCE MOTORS LIMITED,21900.0,22195.0,21620.0,21770.0,21774.0,21873.0,,21771.0,,,59737,1305031277.0,16808,F1,1,,,,,
2026-04-22,2026-04-22,CM,NSE,STK,25664,INE0YKW01013,FORGEAUTO,SM,,,,,FORGE AUTO INTERNATION L,92.95,94.5,92.95,94.3,94.3,90.0,,94.3,,,49200,4642980.0,14,F1,1200,,,,,
2026-04-22,2026-04-22,CM,NSE,STK,14592,INE061F01013,FORTIS,EQ,,,,,FORTIS HEALTHCARE LTD,918.9,934.45,907.05,923.1,923.0,916.6,,923.1,,,2678373,2471250646.05,68016,F1,1,,,,,
2026-04-22,2026-04-22,CM,NSE,STK,1073,INE519A01011,FOSECOIND,EQ,,,,,FOSECO INDIA LTD,4664.2,4750.0,4616.1,4728.4,4747.1,4645.3,,4724.8,,,2511,11780710.4,634,F1,1,,,,,
2026-04-22,2026-04-22,CM,NSE,STK,760961,INE212S01015,FRACTAL,EQ,,,,,FRACTAL ANALYTICS LIMITED,892.7,929.8,887.6,905.3,905.0,892.65,,905.25,,,1046145,951437133.9,35621,F1,1,,,,,
2026-04-22,2026-04-22,CM,NSE,STK,18175,INF090I01WB7,IF3GPD,MF,,,,,FRANTEMAMC - IF3GPD,1.0,1.0,1.0,1.0,1.0,0.95,,1.0,,,10,10.0,1,F1,1,,,,,
2026-04-22,2026-04-22,CM,NSE,STK,25871,INE0SFW01015,FRESHARA,ST,,,,,FRESHARA AGRO EXPORTS LTD,225.0,226.0,217.0,221.1,217.5,223.45,,221.1,,,19200,4281060.0,28,F1,600,,,,,
2026-04-22,2026-04-22,CM,NSE,STK,11501,INE385O01018,FROG,SM,,,,,FROG INNOVATIONS LIMITED,158.0,160.95,155.4,157.05,157.0,159.35,,157.05,,,9600,1514040.0,21,F1,400,,,,,
2026-04-22,2026-04-22,CM,NSE,STK,762685,INE572D01014,FRONTSP,EQ,,,,,FRONTIER SPRINGS LTD.,1486.8,1527.45,1452.65,1487.35,1491.8,1493.95,,1489.05,,,18921,27834824.65,1647,F1,1,,,,,
2026-04-22,2026-04-22,CM,NSE,STK,6545,INE388Y01029,NYKAA,EQ,,,,,FSN E COMMERCE VENTURES,264.95,266.49,259.33,259.94,260.0,264.94,,259.93,,,9681482,2532147878.36,71116,F1,1,,,,,
2026-04-22,2026-04-22,CM,NSE,STK,759876,INE12UR01024,UTLSOLAR,EQ,,,,,FUJIYAMA POWER SYSTEMS L,262.62,266.55,259.0,259.78,259.89,263.21,,259.78,,,543203,142230874.86,13235,F1,1,,,,,
2026-04-22,2026-04-22,CM,NSE,STK,11932,INE139R01012,FUSION,EQ,,,,,FUSION FINANCE LIMITED,175.0,186.69,174.52,185.14,185.0,176.28,,185.14,,,755489,136676511.86,8558,F1,1,,,,,
2026-04-22,2026-04-22,CM,NSE,STK,14868,INE452O01016,FLFL,BZ,,,,,FUT LIFESTYLE FASH LTD,1.58,1.58,1.5,1.56,1.51,1.57,,1.55,,,35507,54469.64,78,F1,1,,,,,
2026-04-22,2026-04-22,CM,NSE,STK,13812,INE623B01027,FEL,BZ,,,,,FUTURE ENTERPRISES LTD,0.5,0.5,0.5,0.5,0.5,0.49,,0.5,,,163053,81526.5,85,F1,1,,,,,
2026-04-22,2026-04-22,CM,NSE,STK,30491,IN9623B01058,FELDVR,BZ,,,,,FUTURE ENTERPRISES LTD,2.71,2.94,2.71,2.88,2.89,2.8,,2.88,,,3570,10101.65,26,F1,1,,,,,
2026-04-22,2026-04-22,CM,NSE,STK,21017,INE360L01017,FMNL,EQ,,,,,FUTURE MKT NETWORKS LTD,9.0,9.19,8.7,8.9,8.81,8.89,,8.9,,,19392,174423.34,129,F1,1,,,,,
2026-04-22,2026-04-22,CM,NSE,STK,1168,INE075D01018,GMBREW,EQ,,,,,G M BREWERIES LTD,972.0,980.65,972.0,973.4,972.0,976.55,,973.25,,,46075,44887318.75,2208,F1,1,,,,,
2026-04-22,2026-04-22,CM,NSE,STK,5054,INE201P01022,GRINFRA,EQ,,,,,G R INFRAPROJECTS LIMITED,873.05,895.8,871.0,888.6,890.05,882.1,,888.55,,,98562,87448171.35,11637,F1,1,,,,,
2026-04-22,2026-04-22,CM,NSE,STK,1129,INE586X01012,GTECJAINX,EQ,,,,,G-TEC JAINX EDUCATION LTD,20.14,20.16,19.34,20.15,20.16,20.27,,20.15,,,591,11897.04,14,F1,1,,,,,
2026-04-22,2026-04-22,CM,NSE,STK,1085,INE524A01029,GABRIEL,EQ,,,,,GABRIEL INDIA LTD,1016.0,1045.0,1005.0,1031.85,1032.75,1016.0,,1031.8,,,272021,279605346.95,21652,F1,1,,,,,
2026-04-22,2026-04-22,CM,NSE,STK,17888,INE224E01028,GATECH,EQ,,,,,GACM TECHNOLOGIES LIMITED,0.49,0.49,0.47,0.48,0.49,0.48,,0.48,,,3889243,1872184.51,907,F1,1,,,,,
2026-04-22,2026-04-22,CM,NSE,STK,17,INE224E01036,GATECHDVR,EQ,,,,,GACM TECHNOLOGIES LIMITED,0.48,0.49,0.47,0.48,0.48,0.48,,0.48,,,803432,387522.81,187,F1,1,,,,,
2026-04-22,2026-04-22,CM,NSE,STK,4717,INE129A01019,GAIL,EQ,,,,,GAIL (INDIA) LTD,160.9,166.8,160.65,166.12,165.8,160.77,,166.12,,,14769257,2432844979.05,71527,F1,1,,,,,
2026-04-22,2026-04-22,CM,NSE,STK,25134,INE0RE001014,GALAPREC,EQ,,,,,GALA PRECISION ENG LTD,765.5,778.0,760.0,771.0,771.1,766.2,,771.0,,,9226,7106705.95,954,F1,1,,,,,
2026-04-22,2026-04-22,CM,NSE,STK,759089,INE09A801015,GML,SM,,,,,GALAXY MEDICARE LIMITED,20.2,20.2,18.6,18.6,18.6,19.5,,18.6,,,10000,189400.0,5,F1,2000,,,,,
2026-04-22,2026-04-22,CM,NSE,STK,1315,INE600K01018,GALAXYSURF,EQ,,,,,GALAXY SURFACTANTS LTD,1810.0,1830.4,1790.1,1824.6,1830.0,1813.7,,1824.6,,,6733,12240445.7,1789,F1,1,,,,,
2026-04-22,2026-04-22,CM,NSE,STK,13337,INE297H01019,GALLANTT,EQ,,,,,GALLANTT ISPAT LIMITED,867.8,899.85,853.9,870.55,870.0,862.45,,870.65,,,1835172,1603845065.8,53887,F1,1,,,,,
2026-04-22,2026-04-22,CM,NSE,STK,20303,INE717W01049,GANDHAR,EQ,,,,,GANDHAR OIL REFINE IND L,142.36,143.89,141.4,141.91,142.49,142.36,,141.87,,,94436,13430144.07,1357,F1,1,,,,,
2026-04-22,2026-04-22,CM,NSE,STK,14116,INE524B01027,GANDHITUBE,EQ,,,,,GANDHI SPL. TUBES LTD,873.0,879.65,860.05,862.95,866.4,874.95,,862.55,,,2964,2574512.35,301,F1,1,,,,,
2026-04-22,2026-04-22,CM,NSE,STK,5614,INE388A01029,GANESHBE,EQ,,,,,GANESH BENZOPLAST LIMITED,96.0,96.89,92.67,95.3,94.5,96.64,,95.3,,,155660,14787682.34,2229,F1,1,,,,,
2026-04-22,2026-04-22,CM,NSE,STK,759012,INE652V01016,GANESHCP,EQ,,,,,GANESH CONSUMER PRODUCT L,191.01,196.73,188.21,195.34,195.2,191.01,,195.29,,,73901,14285568.26,1916,F1,1,,,,,
2026-04-22,2026-04-22,CM,NSE,STK,24439,INE0R8C01018,GGBL,SM,,,,,GANESH GREEN BHARAT LTD,316.0,316.0,306.0,310.95,312.4,316.8,,310.95,,,37500,11698575.0,106,F1,300,,,,,
2026-04-22,2026-04-22,CM,NSE,STK,14339,INE460C01014,GANESHHOU,EQ,,,,,GANESH HOUSING LIMITED,642.75,653.0,636.15,651.25,652.15,642.75,,651.25,,,42431,27358917.85,2720,F1,1,,,,,
2026-04-22,2026-04-22,CM,NSE,STK,27351,INE0TVT01024,GANESHIN,ST,,,,,GANESH INFRAWORLD LIMITED,103.2,103.75,99.05,99.7,99.05,102.7,,99.7,,,51200,5143320.0,36,F1,800,,,,,
2026-04-22,2026-04-22,CM,NSE,STK,6944,INE845D01014,GANECOS,EQ,,,,,GANESHA ECOSPHERE LIMITED,1076.8,1079.0,1046.8,1065.0,1060.0,1061.2,,1065.15,,,164666,174324560.0,7056,F1,1,,,,,
2026-04-22,2026-04-22,CM,NSE,STK,757528,INE0ZI101018,GANGABATH,ST,,,,,GANGA BATH FITTINGS LTD,23.5,24.7,22.9,24.35,24.35,23.55,,24.35,,,48000,1139100.0,16,F1,3000,,,,,
2026-04-22,2026-04-22,CM,NSE,STK,4957,INE691Z01023,GANGAFORGE,EQ,,,,,GANGA FORGING LIMITED,2.84,2.97,2.84,2.93,2.93,2.9,,2.93,,,198688,580181.5,366,F1,1,,,,,
2026-04-22,2026-04-22,CM,NSE,STK,21399,INE335W01016,GANGESSECU,EQ,,,,,GANGES SECURITIES LIMITED,128.01,131.8,126.2,128.0,128.0,126.51,,128.0,,,1430,183739.19,35,F1,1,,,,,
2026-04-22,2026-04-22,CM,NSE,STK,5475,INE382Z01011,GRSE,EQ,,,,,GARDEN REACH SHIP&ENG LTD,2707.5,2828.0,2700.4,2817.8,2815.0,2707.5,,2817.8,,,2097582,5832208860.5,93119,F1,1,,,,,
2026-04-22,2026-04-22,CM,NSE,STK,25800,INE0JVO01026,GARUDA,EQ,,,,,GARUDA CONSTRUCT N ENG L,174.76,178.0,174.58,176.86,177.25,174.58,,176.86,,,394478,69717373.64,4765,F1,1,,,,,
2026-04-22,2026-04-22,CM,NSE,STK,7982,INE291A01017,GRWRHITECH,EQ,,,,,GARWARE HI-TECH FILMS LTD,3935.0,4097.0,3926.7,4051.5,4080.0,3927.2,,4051.6,,,95479,385761224.2,14286,F1,1,,,,,
2026-04-22,2026-04-22,CM,NSE,STK,1100,INE276A01018,GARFIBRES,EQ,,,,,GARWARE TECH FIBRES LTD,655.35,659.9,640.6,644.7,648.0,655.35,,644.7,,,50183,32630330.15,5291,F1,1,,,,,
2026-04-22,2026-04-22,CM,NSE,STK,8510,INE079J01017,GATEWAY,EQ,,,,,GATEWAY DISTRIPARKS LTD,58.0,59.15,58.0,58.69,58.6,58.28,,58.69,,,432018,25340188.37,6845,F1,1,,,,,
2026-04-22,2026-04-22,CM,NSE,STK,760178,INE0P8B01020,GAUDIUMIVF,EQ,,,,,GAUDIUM IVF N WOMEN H L,104.85,119.7,104.0,117.59,117.0,103.24,,117.58,,,7023005,797060651.98,38069,F1,1,,,,,
2026-04-22,2026-04-22,CM,NSE,STK,3693,INE287Z01012,GAYAHWS,EQ,,,,,GAYATRI HIGHWAYS LIMITED,2.45,2.53,2.43,2.45,2.45,2.55,,2.45,,,686499,1677044.98,562,F1,1,,,,,
2026-04-22,2026-04-22,CM,NSE,STK,25027,INE336H01023,GAYAPROJ,BE,,,,,GAYATRI PROJECTS LTD,20.07,20.15,19.2,20.06,19.6,19.99,,20.06,,,1076259,21414893.97,704,F1,1,,,,,
2026-04-22,2026-04-22,CM,NSE,STK,14052,INE0LVM01018,GRCL,SM,,,,,GAYATRI RUBB AND CHEM LTD,370.0,372.0,370.0,370.0,370.0,372.0,,370.0,,,2000,741500.0,5,F1,250,,,,,
2026-04-22,2026-04-22,CM,NSE,STK,7866,INE878A01011,GVPIL,BE,,,,,GE POWER INDIA LIMITED,483.45,504.0,480.0,502.65,503.8,492.0,,501.65,,,97454,48373819.9,1415,F1,1,,,,,
2026-04-22,2026-04-22,CM,NSE,STK,16783,INE200A01026,GVT&D,EQ,,,,,GE VERNOVA T&D INDIA LTD,4254.1,4283.0,4220.0,4239.4,4235.3,4252.1,,4239.5,,,419894,1779833194.8,55563,F1,1,,,,,
2026-04-22,2026-04-22,CM,NSE,STK,13658,INE916G01016,GEECEE,EQ,,,,,GEECEE VENTURES LIMITED,310.97,311.0,307.03,308.43,308.9,307.11,,308.43,,,5899,1822626.87,50,F1,1,,,,,
2026-04-22,2026-04-22,CM,NSE,STK,17922,INE669X01032,GEEKAYWIRE,EQ,,,,,GEEKAY WIRES LIMITED,29.2,29.63,27.59,28.09,28.2,28.78,,28.09,,,122229,3474932.1,918,F1,1,,,,,
2026-04-22,2026-04-22,CM,NSE,STK,759463,INE06XZ01023,GEMAROMA,BE,,,,,GEM AROMATICS LIMITED,173.71,173.71,170.0,173.14,172.85,173.71,,172.75,,,16916,2906150.57,261,F1,1,,,,,
2026-04-22,2026-04-22,CM,NSE,STK,277,INE481Y01014,GICRE,EQ,,,,,GENERAL INS CORP OF INDIA,398.0,402.8,395.2,399.3,399.9,397.2,,399.3,,,439663,175568248.8,13807,F1,1,,,,,
2026-04-22,2026-04-22,CM,NSE,STK,2188,INE854S01022,GENCON,EQ,,,,,GENERIC ENG CONS PROJ LTD,43.3,43.88,42.55,43.09,43.19,43.24,,43.09,,,21441,922600.88,284,F1,1,,,,,
2026-04-22,2026-04-22,CM,NSE,STK,10905,INE727B01026,GENESYS,EQ,,,,,GENESYS INTL CORPN LTD,260.5,268.0,257.01,265.72,265.6,259.25,,265.72,,,289673,75903975.08,6190,F1,1,,,,,
2026-04-22,2026-04-22,CM,NSE,STK,6600,INE949P01018,GENUSPAPER,EQ,,,,,GENUS P&B LIMITED,14.0,14.37,13.55,14.16,14.16,14.22,,14.15,,,51544,724391.27,352,F1,1,,,,,
2026-04-22,2026-04-22,CM,NSE,STK,11905,INE955D01029,GENUSPOWER,EQ,,,,,GENUS POWER INFRASTRU LTD,292.85,298.5,289.59,297.09,298.25,292.72,,297.09,,,462166,136420226.13,10356,F1,1,,,,,
2026-04-22,2026-04-22,CM,NSE,STK,11896,INE007B01023,GEOJITFSL,EQ,,,,,GEOJIT FINANCIAL SER L,67.05,68.5,66.7,66.81,66.9,67.23,,66.81,,,285199,19112105.81,2088,F1,1,,,,,
2026-04-22,2026-04-22,CM,NSE,STK,1289,INE538A01037,GFLLIMITED,EQ,,,,,GFL LIMITED,47.85,48.99,46.71,48.04,48.99,47.11,,48.09,,,27045,1288503.72,368,F1,1,,,,,
2026-04-22,2026-04-22,CM,NSE,STK,1127,INE539A01019,GHCL,EQ,,,,,GHCL LIMITED,506.0,509.0,501.0,506.9,507.75,506.25,,506.9,,,58365,29513088.95,2692,F1,1,,,,,
2026-04-22,2026-04-22,CM,NSE,STK,16696,INE0PA801013,GHCLTEXTIL,EQ,,,,,GHCL TEXTILES LIMITED,88.08,92.1,73.9,85.94,87.07,89.42,,86.41,,,399512,35067104.97,3099,F1,1,,,,,
2026-04-22,2026-04-22,CM,NSE,STK,1139,INE289B01019,GICHSGFIN,EQ,,,,,GIC HOUSING FINANCE LTD,156.0,157.04,153.71,155.82,156.9,156.05,,155.89,,,144888,22486530.49,2678,F1,1,,,,,
2026-04-22,2026-04-22,CM,NSE,STK,17839,INE047B01011,GILLANDERS,EQ,,,,,GILLANDERS ARBUTHNOT LTD,93.4,93.4,90.0,91.03,90.0,92.05,,90.8,,,468,42878.16,43,F1,1,,,,,
2026-04-22,2026-04-22,CM,NSE,STK,1576,INE322A01010,GILLETTE,EQ,,,,,GILLETTE INDIA LTD,7967.0,8055.0,7902.0,7929.5,7925.5,7908.5,,7929.5,,,30109,239199416.5,6140,F1,1,,,,,
2026-04-22,2026-04-22,CM,NSE,STK,1142,INE424C01010,GINNIFILA,EQ,,,,,GINNI FILAMENTS LTD,42.98,43.29,41.5,42.09,42.3,42.98,,42.09,,,61087,2598603.67,635,F1,1,,,,,
2026-04-22,2026-04-22,CM,NSE,STK,2366,INE614Z01017,GIRIRAJ,ST,,,,,GIRIRAJ CIVIL DEVP LTD,171.0,185.0,171.0,185.0,185.0,180.0,,185.0,,,3250,567537.5,9,F1,250,,,,,
2026-04-22,2026-04-22,CM,NSE,STK,759048,INE1AG301022,GKENERGY,EQ,,,,,GK ENERGY LIMITED,130.9,134.2,128.02,129.81,129.7,129.97,,129.8,,,924425,120606814.98,7113,F1,1,,,,,
2026-04-22,2026-04-22,CM,NSE,STK,17357,INE528A01020,GKWLIMITED,EQ,,,,,GKW LIMITED,1506.0,1620.0,1506.0,1554.3,1554.0,1558.9,,1554.3,,,928,1451070.7,56,F1,1,,,,,
2026-04-22,2026-04-22,CM,NSE,STK,1186,INE068V01023,GLAND,EQ,,,,,GLAND PHARMA LIMITED,1780.0,1818.1,1774.0,1800.6,1800.0,1781.0,,1800.4,,,91491,164654092.2,6203,F1,1,,,,,
2026-04-22,2026-04-22,CM,NSE,STK,1153,INE159A01016,GLAXO,EQ,,,,,GLAXOSMITHKLINE PHARMA LT,2420.2,2496.0,2397.1,2465.6,2472.0,2427.4,,2465.3,,,58615,143806366.4,12721,F1,1,,,,,
2026-04-22,2026-04-22,CM,NSE,STK,7406,INE935A01035,GLENMARK,EQ,,,,,GLENMARK PHARMACEUTICALS,2233.1,2247.0,2204.8,2240.0,2235.3,2233.1,,2240.0,,,323261,718685331.0,18322,F1,1,,,,,
2026-04-22,2026-04-22,CM,NSE,STK,1415,INE291W01037,GLOBAL,EQ,,,,,GLOBAL EDUCATION LIMITED,100.65,103.67,100.0,100.11,100.1,101.67,,100.11,,,43796,4421326.45,487,F1,1,,,,,
2026-04-22,2026-04-22,CM,NSE,STK,11956,INE474Q01031,MEDANTA,EQ,,,,,GLOBAL HEALTH LIMITED,1085.0,1114.85,1078.6,1111.85,1111.0,1081.3,,1110.15,,,220362,243319799.6,20306,F1,1,,,,,
2026-04-22,2026-04-22,CM,NSE,STK,17167,INE0PS501019,GLOBALPET,SM,,,,,GLOBAL PET INDUSTRIES LTD,113.0,113.0,113.0,113.0,113.0,111.0,,113.0,,,750,84750.0,1,F1,750,,,,,
2026-04-22,2026-04-22,CM,NSE,STK,14599,INE0JSX01015,GSLSU,EQ,,,,,GLOBAL SURFACES LIMITED,64.44,64.44,59.91,61.63,61.11,62.52,,61.61,,,36186,2230075.03,735,F1,1,,,,,
2026-04-22,2026-04-22,CM,NSE,STK,13735,INE792H01019,GLOBALVECT,EQ,,,,,GLOBAL VEC HELICORP LTD,194.12,201.04,193.11,194.29,193.11,193.15,,194.56,,,9092,1789950.48,368,F1,1,,,,,
2026-04-22,2026-04-22,CM,NSE,STK,24932,INE0URU01010,GLOBALE,EQ,,,,,GLOBALE TESSILE LIMITED,13.93,15.4,13.5,13.89,13.89,13.73,,13.89,,,31330,447584.84,208,F1,1,,,,,
2026-04-22,2026-04-22,CM,NSE,STK,758572,INE0V3U01015,GLOBECIVIL,EQ,,,,,GLOBE CIVIL PROJECTS LTD,48.45,48.85,47.2,48.41,48.28,48.36,,48.41,,,48762,2338659.6,680,F1,1,,,,,
2026-04-22,2026-04-22,CM,NSE,STK,393,INE581X01021,GLOBE,EQ,,,,,GLOBE ENTERPRISE (I) LTD,2.55,2.56,2.49,2.54,2.53,2.48,,2.54,,,218795,553211.52,309,F1,1,,,,,
2026-04-22,2026-04-22,CM,NSE,STK,761025,INE947T01022,GICL,EQ,,,,,GLOBE INTL CARRIERS LTD,40.7,40.96,39.66,40.29,40.44,40.6,,40.29,,,652719,26388868.39,713,F1,1,,,,,
2026-04-22,2026-04-22,CM,NSE,STK,9768,INE00WS01056,GSTL,ST,,,,,GLOBESECURE TECHNO LTD,30.0,30.0,30.0,30.0,30.0,31.55,,30.0,,,2000,60000.0,2,F1,1000,,,,,
2026-04-22,2026-04-22,CM,NSE,STK,17424,INE615I01010,GLOBUSSPR,EQ,,,,,GLOBUS SPIRITS LTD,1003.6,1030.3,998.0,1020.35,1021.2,1003.6,,1020.35,,,63454,64533720.35,3535,F1,1,,,,,
2026-04-22,2026-04-22,CM,NSE,STK,23590,INE350Z01018,GLOSTERLTD,EQ,,,,,GLOSTER LIMITED,580.05,589.85,575.15,577.95,577.0,583.5,,577.95,,,1049,608160.65,49,F1,1,,,,,
2026-04-22,2026-04-22,CM,NSE,STK,760116,INE0TQE01026,GLOTTIS,EQ,,,,,GLOTTIS LIMITED,56.88,62.0,56.51,60.26,60.3,56.04,,60.26,,,811062,49077692.48,5195,F1,1,,,,,
2026-04-22,2026-04-22,CM,NSE,STK,1570,INE541A01023,GMMPFAUDLR,EQ,,,,,GMM PFAUDLER LIMITED,926.85,926.85,911.1,916.25,916.0,917.5,,916.35,,,19906,18235734.55,1831,F1,1,,,,,
2026-04-22,2026-04-22,CM,NSE,STK,13528,INE776C01039,GMRAIRPORT,EQ,,,,,GMR AIRPORTS LIMITED,97.0,98.06,96.94,97.39,97.29,97.24,,97.39,,,11305254,1102315442.46,33930,F1,1,,,,,
2026-04-22,2026-04-22,CM,NSE,STK,8529,INE0CU601026,GMRP&UI,EQ,,,,,GMR POW AND URBAN INFRA L,109.4,112.5,107.89,111.03,111.0,108.34,,111.03,,,2798712,308930187.59,12739,F1,1,,,,,
2026-04-22,2026-04-22,CM,NSE,STK,18571,INE934S01014,GNA,EQ,,,,,GNA AXLES LIMITED,448.8,460.5,445.5,457.2,455.0,450.65,,457.2,,,132701,60216082.35,4610,F1,1,,,,,
2026-04-22,2026-04-22,CM,NSE,STK,757862,INE18JU01028,EBGNG,EQ,,,,,GNG ELECTRONICS LIMITED,403.2,410.0,374.1,374.1,374.1,415.65,,374.0,,,956603,364551175.15,9804,F1,1,,,,,
2026-04-22,2026-04-22,CM,NSE,STK,23799,INE03JT01014,GODIGIT,EQ,,,,,GO DIGIT GENERAL INS LTD,321.35,327.8,320.0,321.7,322.9,321.9,,321.7,,,187919,60817014.4,6539,F1,1,,,,,
2026-04-22,2026-04-22,CM,NSE,STK,6964,INE0BJS01011,GOCOLORS,EQ,,,,,GO FASHION INDIA LTD,287.24,297.27,287.0,293.82,294.0,289.25,,293.82,,,146556,42806186.45,3477,F1,1,,,,,
2026-04-22,2026-04-22,CM,NSE,STK,14687,INE426D01013,GOACARBON,EQ,,,,,GOA CARBON LIMITED,374.0,380.75,372.6,378.7,378.8,374.2,,378.7,,,18364,6919277.85,557,F1,1,,,,,
2026-04-22,2026-04-22,CM,NSE,STK,3963,INE077F01035,GOCLCORP,EQ,,,,,GOCL CORPORATION LIMITED,337.0,341.75,330.1,337.9,337.15,334.15,,337.9,,,98426,33244098.2,2959,F1,1,,,,,
2026-04-22,2026-04-22,CM,NSE,STK,25941,INE497S01012,GODAVARIB,EQ,,,,,GODAVARI BIOREFINERIES L,310.5,323.0,309.55,321.45,321.05,311.1,,321.45,,,301650,95771832.15,4602,F1,1,,,,,
2026-04-22,2026-04-22,CM,NSE,STK,13409,INE177H01039,GPIL,EQ,,,,,GODAWARI POW & ISP LTD,295.45,301.0,295.45,298.75,298.55,295.45,,298.75,,,1523019,455814412.95,21965,F1,1,,,,,
2026-04-22,2026-04-22,CM,NSE,STK,1181,INE260B01028,GODFRYPHLP,EQ,,,,,GODFREY PHILLIPS INDIA LT,2117.0,2204.7,2100.7,2164.6,2163.9,2114.4,,2164.6,,,1280482,2771793243.8,53941,F1,1,,,,,
2026-04-22,2026-04-22,CM,NSE,STK,144,INE850D01014,GODREJAGRO,EQ,,,,,GODREJ AGROVET LIMITED,614.0,617.5,607.0,615.7,616.9,608.15,,615.7,,,64019,39300121.4,5714,F1,1,,,,,
2026-04-22,2026-04-22,CM,NSE,STK,10099,INE102D01028,GODREJCP,EQ,,,,,GODREJ CONSUMER PRODUCTS,1119.6,1147.8,1116.9,1139.55,1134.9,1125.05,,1139.55,,,1740658,1985006610.4,78607,F1,1,,,,,
2026-04-22,2026-04-22,CM,NSE,STK,10925,INE233A01035,GODREJIND,EQ,,,,,GODREJ INDUSTRIES LTD,928.0,949.85,924.95,943.15,942.0,928.1,,943.2,,,66027,62016398.5,5139,F1,1,,,,,
2026-04-22,2026-04-22,CM,NSE,STK,17875,INE484J01027,GODREJPROP,EQ,,,,,GODREJ PROPERTIES LTD,1810.4,1849.0,1795.6,1832.2,1830.0,1805.0,,1832.2,,,1104833,2012166845.7,54078,F1,1,,,,,
2026-04-22,2026-04-22,CM,NSE,STK,24705,IN0020240100,697GR2034,GS,,,,,GOI LOAN   6.97% 2034,95.0,95.0,95.0,95.0,95.0,95.06,,95.0,,,394,37430.0,1,F1,1,,,,,
2026-04-22,2026-04-22,CM,NSE,STK,27170,IN0020240142,709GS2074,GS,,,,,GOI LOAN   7.09% 2074,97.5,97.5,96.5,97.33,97.49,97.0,,97.33,,,11144,1081677.49,33,F1,1,,,,,
2026-04-22,2026-04-22,CM,NSE,STK,5012,IN0020210095,610GS2031,GS,,,,,GOI LOAN  6.10% 2031,101.0,101.0,101.0,101.0,101.0,99.15,,101.0,,,1,101.0,1,F1,1,,,,,
2026-04-22,2026-04-22,CM,NSE,STK,757994,IN0020250059,628GS2032,GS,,,,,GOI LOAN  6.28% 2032,96.01,96.01,96.01,96.01,96.01,96.25,,96.01,,,100,9601.0,1,F1,1,,,,,
2026-04-22,2026-04-22,CM,NSE,STK,756890,IN0020250026,633GS2035,GS,,,,,GOI LOAN  6.33% 2035,97.5,97.5,97.5,97.5,97.5,97.5,,97.5,,,100,9750.0,1,F1,1,,,,,
2026-04-22,2026-04-22,CM,NSE,STK,761020,IN0020250141,636GS2031,GS,,,,,GOI LOAN  6.36% 2031,100.15,100.15,100.15,100.15,100.15,97.8,,100.15,,,100,10015.0,1,F1,1,,,,,
2026-04-22,2026-04-22,CM,NSE,STK,759396,IN0020250091,648GS2035,GS,,,,,GOI LOAN  6.48% 2035,97.3,99.5,97.05,97.5,97.5,97.3,,97.5,,,3060,302576.9,8,F1,1,,,,,
2026-04-22,2026-04-22,CM,NSE,STK,7843,IN0020210244,654GS2032,GS,,,,,GOI LOAN  6.54% 2032,98.37,98.37,98.37,98.37,98.37,100.9,,98.37,,,4,393.48,1,F1,1,,,,,
2026-04-22,2026-04-22,CM,NSE,STK,956,IN0020200252,667GS2050,GS,,,,,GOI LOAN  6.67% 2050,94.0,94.0,94.0,94.0,94.0,94.82,,94.0,,,1000,94000.0,1,F1,1,,,,,
2026-04-22,2026-04-22,CM,NSE,STK,757847,IN0020250042,668GS2040,GS,,,,,GOI LOAN  6.68% 2040,98.25,98.25,98.25,98.25,98.25,98.25,,98.25,,,2,196.5,1,F1,1,,,,,
2026-04-22,2026-04-22,CM,NSE,STK,2317,IN0020200401,676GS2061,GS,,,,,GOI LOAN  6.76% 2061,94.25,94.25,91.75,94.25,94.25,92.75,,94.25,,,124,11637.0,4,F1,1,,,,,
2026-04-22,2026-04-22,CM,NSE,STK,25736,IN0020240126,679GS2034,GS,,,,,GOI LOAN  6.79% 2034,99.7,99.75,99.7,99.74,99.75,99.7,,99.74,,,18000,1794900.0,7,F1,1,,,,,
2026-04-22,2026-04-22,CM,NSE,STK,756014,IN0020250018,690GS2065,GS,,,,,GOI LOAN  6.90% 2065,91.99,91.99,91.66,91.85,91.88,91.91,,91.86,,,86118,7911757.84,72,F1,1,,,,,
2026-04-22,2026-04-22,CM,NSE,STK,6817,IN0020210202,695GS2061,GS,,,,,GOI LOAN  6.95% 2061,95.0,95.0,94.99,94.99,94.99,93.5,,94.99,,,537,51012.13,3,F1,1,,,,,
2026-04-22,2026-04-22,CM,NSE,STK,6696,IN0020210194,699GS2051,GS,,,,,GOI LOAN  6.99% 2051,96.5,96.99,96.5,96.97,96.97,96.0,,96.5,,,706,68366.86,5,F1,1,,,,,
2026-04-22,2026-04-22,CM,NSE,STK,23854,IN0020240043,702GS2027,GS,,,,,GOI LOAN  7.02% 2027,102.93,102.93,102.93,102.93,102.93,102.93,,102.93,,,200,20586.0,1,F1,1,,,,,
2026-04-22,2026-04-22,CM,NSE,STK,14970,IN0020230010,706GS2028,GS,,,,,GOI LOAN  7.06% 2028,101.4,104.4,101.4,104.38,104.38,101.26,,104.38,,,409,41499.51,4,F1,1,,,,,
2026-04-22,2026-04-22,CM,NSE,STK,24949,IN0020240118,709GS2054,GS,,,,,GOI LOAN  7.09% 2054,98.0,98.0,97.5,97.79,97.8,98.75,,97.79,,,16344,1596643.59,15,F1,1,,,,,
2026-04-22,2026-04-22,CM,NSE,STK,15050,IN0020230036,717GS2030,GS,,,,,GOI LOAN  7.17% 2030,101.7,102.7,101.2,102.7,102.7,101.65,,102.7,,,25571,2600073.65,12,F1,1,,,,,
2026-04-22,2026-04-22,CM,NSE,STK,18025,IN0020230085,718GS2033,GS,,,,,GOI LOAN  7.18% 2033,102.0,102.5,101.85,102.24,102.24,104.0,,102.29,,,24303,2490033.85,13,F1,1,,,,,
2026-04-22,2026-04-22,CM,NSE,STK,17398,IN0020230077,718GS2037,GS,,,,,GOI LOAN  7.18% 2037,103.6,103.8,103.6,103.8,103.8,103.4,,103.3,,,5000,518425.0,4,F1,1,,,,,
2026-04-22,2026-04-22,CM,NSE,STK,758674,IN0020250075,724GS2055,GS,,,,,GOI LOAN  7.24% 2055,98.8,99.0,98.7,98.8,99.0,98.92,,98.8,,,97593,9637638.48,28,F1,1,,,,,
2026-04-22,2026-04-22,CM,NSE,STK,16733,IN0020230044,725GS2063,GS,,,,,GOI LOAN  7.25% 2063,99.01,99.39,98.71,99.17,99.17,99.14,,99.1,,,118707,11764936.0,65,F1,1,,,,,
2026-04-22,2026-04-22,CM,NSE,STK,10722,IN0020220060,726GS2032,GS,,,,,GOI LOAN  7.26% 2032,102.25,103.51,102.25,102.7,103.38,103.5,,102.7,,,13673,1413123.96,8,F1,1,,,,,
2026-04-22,2026-04-22,CM,NSE,STK,16865,IN0020230051,73GS2053,GS,,,,,GOI LOAN  7.3% 2053,99.35,100.0,99.31,99.85,99.85,99.8,,99.85,,,16266,1622009.59,9,F1,1,,,,,
2026-04-22,2026-04-22,CM,NSE,STK,20136,IN0020230135,732GS2030,GS,,,,,GOI LOAN  7.32% 2030,105.28,105.28,105.28,105.28,105.28,104.5,,105.28,,,689,72537.92,1,F1,1,,,,,
2026-04-22,2026-04-22,CM,NSE,STK,23558,IN0020240035,734GS2064,GS,,,,,GOI LOAN  7.34% 2064,97.8,97.8,97.29,97.45,97.4,97.67,,97.45,,,561039,54664318.85,178,F1,1,,,,,
2026-04-22,2026-04-22,CM,NSE,STK,10931,IN0020220086,736GS2052,GS,,,,,GOI LOAN  7.36% 2052,99.49,100.0,99.49,100.0,100.0,99.0,,98.0,,,3003,300298.47,2,F1,1,,,,,
2026-04-22,2026-04-22,CM,NSE,STK,19566,IN0020230101,737GS2028,GS,,,,,GOI LOAN  7.37% 2028,104.1,104.1,101.97,102.35,102.4,105.0,,102.35,,,10798,1101955.46,15,F1,1,,,,,
2026-04-22,2026-04-22,CM,NSE,STK,10981,IN0020220094,74GS2062,GS,,,,,GOI LOAN  7.4% 2062,101.24,101.24,101.0,101.14,101.23,101.24,,101.14,,,2250,227671.03,11,F1,1,,,,,
2026-04-22,2026-04-22,CM,NSE,STK,13194,IN0020220102,741GS2036,GS,,,,,GOI LOAN  7.41% 2036,105.0,106.4,104.9,105.0,106.4,104.89,,105.05,,,6900,724546.41,13,F1,1,,,,,
2026-04-22,2026-04-22,CM,NSE,STK,760649,IN0020250117,743GS2076,GS,,,,,GOI LOAN  7.43% 2076,102.0,102.0,102.0,102.0,102.0,100.3,,102.0,,,123,12546.0,2,F1,1,,,,,
2026-04-22,2026-04-22,CM,NSE,STK,19808,IN0020230127,746GS2073,GS,,,,,GOI LOAN  7.46% 2073,102.4,102.55,102.4,102.51,102.51,102.6,,102.51,,,600,61503.0,3,F1,1,,,,,
2026-04-22,2026-04-22,CM,NSE,STK,9585,IN0020220029,754GS2036,GS,,,,,GOI LOAN  7.54% 2036,107.5,107.65,107.17,107.23,107.17,107.45,,107.23,,,513714,55127240.45,156,F1,1,,,,,
2026-04-22,2026-04-22,CM,NSE,STK,6833,IN0020010081,1018GS2026,GS,,,,,GOI LOAN 10.18% 2026,102.79,102.99,102.79,102.99,102.99,102.98,,102.99,,,349,35939.51,11,F1,1,,,,,
2026-04-22,2026-04-22,CM,NSE,STK,9047,IN0020220011,710GS2029,GS,,,,,GOI LOAN 7.10% 2029,101.66,102.3,101.66,102.1,102.14,101.45,,102.1,,,9097,929002.42,9,F1,1,,,,,
2026-04-22,2026-04-22,CM,NSE,STK,18561,IN0020200054,716GS2050,GS,,,,,GOI LOAN 7.16% 2050,101.5,101.5,101.0,101.0,101.0,100.01,,101.0,,,2103,212404.5,3,F1,1,,,,,
2026-04-22,2026-04-22,CM,NSE,STK,18474,IN0020200039,719GS2060,GS,,,,,GOI LOAN 7.19% 2060,99.0,99.0,99.0,99.0,99.0,97.01,,98.25,,,350,34650.0,2,F1,1,,,,,
2026-04-22,2026-04-22,CM,NSE,STK,9913,IN0020220037,738GS2027,GS,,,,,GOI LOAN 7.38% 2027,103.55,103.89,103.55,103.85,103.85,103.78,,103.85,,,35376,3671500.32,16,F1,1,,,,,
2026-04-22,2026-04-22,CM,NSE,STK,7011,IN0020110055,897GS2030,GS,,,,,GOI LOAN 8.97% 2030,110.05,110.05,110.05,110.05,110.05,110.0,,110.05,,,21,2311.05,1,F1,1,,,,,
2026-04-22,2026-04-22,CM,NSE,STK,7039,IN0020130053,92GS2030,GS,,,,,GOI LOAN 9.20% 2030,112.0,112.0,110.35,110.35,110.35,110.03,,109.88,,,2282,253486.24,5,F1,1,,,,,
2026-04-22,2026-04-22,CM,NSE,STK,761383,IN002025Y495,182D100926,TB,,,,,GOI TBILL 182D-10/09/26,97.32,97.32,97.32,97.32,97.32,97.32,,97.32,,,200,19464.0,1,F1,100,,,,,
2026-04-22,2026-04-22,CM,NSE,STK,760298,IN002025Y370,182D110626,TB,,,,,GOI TBILL 182D-11/06/26,99.0,99.0,99.0,99.0,99.0,99.09,,99.0,,,10000,990000.0,1,F1,100,,,,,
2026-04-22,2026-04-22,CM,NSE,STK,760391,IN002025Z385,364D171226,TB,,,,,GOI TBILL 364D-17/12/26,96.0,96.0,96.0,96.0,96.0,95.51,,96.0,,,2000,192000.0,1,F1,100,,,,,
2026-04-22,2026-04-22,CM,NSE,STK,757718,IN002025Z179,364D230726,TB,,,,,GOI TBILL 364D-23/07/26,98.45,98.45,98.45,98.45,98.45,98.49,,98.45,,,2900,285505.0,1,F1,100,,,,,
2026-04-22,2026-04-22,CM,NSE,STK,757977,IN002025Z187,364D300726,TB,,,,,GOI TBILL 364D-30/07/26,98.41,98.41,98.41,98.41,98.41,98.35,,98.41,,,3000,295230.0,1,F1,100,,,,,
2026-04-22,2026-04-22,CM,NSE,STK,760886,IN002025X489,91D040626,TB,,,,,GOI TBILL 91D-04/06/26,98.73,99.23,98.72,99.06,99.15,99.2,,99.06,,,13100,1297337.0,8,F1,100,,,,,
2026-04-22,2026-04-22,CM,NSE,STK,761685,IN002026X016,91D090726,TB,,,,,GOI TBILL 91D-09/07/26,98.56,98.7,98.5,98.7,98.7,98.5,,98.7,,,3100,305680.0,8,F1,100,,,,,
2026-04-22,2026-04-22,CM,NSE,STK,761382,IN002025X497,91D110626,TB,,,,,GOI TBILL 91D-11/06/26,98.95,98.95,98.95,98.95,98.95,98.95,,98.95,,,100,9895.0,1,F1,100,,,,,
2026-04-22,2026-04-22,CM,NSE,STK,760939,IN002025X455,91D140526,TB,,,,,GOI TBILL 91D-14/05/26,99.54,99.54,99.54,99.54,99.54,99.54,,99.54,,,500,49770.0,1,F1,100,,,,,
2026-04-22,2026-04-22,CM,NSE,STK,760164,IN002025X471,91D280526,TB,,,,,GOI TBILL 91D-28/05/26,98.98,98.98,98.98,98.98,98.98,98.95,,98.98,,,500,49490.0,1,F1,100,,,,,
2026-04-22,2026-04-22,CM,NSE,STK,11778,INE887G01027,GOKEX,EQ,,,,,GOKALDAS EXPORTS LTD.,766.95,766.95,745.15,749.7,750.0,768.5,,749.75,,,429032,324164814.55,21667,F1,1,,,,,
2026-04-22,2026-04-22,CM,NSE,STK,14480,INE314T01033,GOKULAGRO,EQ,,,,,GOKUL AGRO RESOURCES LTD,210.0,246.0,210.0,235.49,234.0,210.28,,235.5,,,27320682,6472388982.34,238316,F1,1,,,,,
2026-04-22,2026-04-22,CM,NSE,STK,16705,INE020J01029,GOKUL,EQ,,,,,GOKUL REFOILS & SOLV LTD,40.23,41.75,40.23,40.86,41.3,40.56,,40.82,,,43747,1788019.66,614,F1,1,,,,,
2026-04-22,2026-04-22,CM,NSE,STK,11619,INE973A01010,GOLDENTOBC,BZ,,,,,GOLDEN TOBACCO LIMITED,27.01,28.95,27.01,27.15,27.15,27.61,,27.88,,,3196,87399.34,32,F1,1,,,,,
2026-04-22,2026-04-22,CM,NSE,STK,11971,INE025B01025,GOLDIAM,EQ,,,,,GOLDIAM INTERNATIONAL LTD,409.95,412.8,399.3,403.85,402.1,411.5,,403.8,,,558882,226357237.65,9028,F1,1,,,,,
2026-04-22,2026-04-22,CM,NSE,STK,13616,INE06MH01016,GOLDKART,SM,,,,,GOLDKART JEWELS LIMITED,190.0,200.0,190.0,199.0,200.0,194.3,,199.0,,,6250,1212375.0,10,F1,625,,,,,
2026-04-22,2026-04-22,CM,NSE,STK,3,INE405Y01021,GOLDSTAR,ST,,,,,GOLDSTAR POWER LIMITED,7.1,7.5,7.1,7.5,7.5,7.15,,7.5,,,90000,662625.0,8,F1,11250,,,,,
2026-04-22,2026-04-22,CM,NSE,STK,6125,INE127I01024,GOODLUCK,EQ,,,,,GOODLUCK INDIA LIMITED,1245.0,1254.9,1220.25,1234.1,1239.0,1235.7,,1234.1,,,69071,85489667.15,3024,F1,1,,,,,
2026-04-22,2026-04-22,CM,NSE,STK,1205,INE533A01012,GOODYEAR,EQ,,,,,GOODYEAR INDIA LIMITED,785.0,812.45,785.0,798.9,799.0,799.0,,799.15,,,2907,2321358.5,387,F1,1,,,,,
2026-04-22,2026-04-22,CM,NSE,STK,23066,INE0L9R01028,GOPAL,EQ,,,,,GOPAL SNACKS LIMITED,278.0,280.5,273.0,278.45,278.1,278.35,,278.45,,,64105,17743013.65,1533,F1,1,,,,,
2026-04-22,2026-04-22,CM,NSE,STK,11787,INE705X01026,GOYALALUM,EQ,,,,,GOYAL ALUMINIUMS LIMITED,6.97,7.13,6.9,7.06,7.1,7.06,,7.05,,,115779,810216.91,569,F1,1,,,,,
2026-04-22,2026-04-22,CM,NSE,STK,19356,INE0QFE01017,GOYALSALT,SM,,,,,GOYAL SALT LIMITED,120.0,127.5,120.0,127.0,127.0,125.7,,127.0,,,3600,446220.0,6,F1,600,,,,,
2026-04-22,2026-04-22,CM,NSE,STK,24108,INE0S7E01015,GPECO,SM,,,,,GP ECO SOLUTIONS INDIA L,377.0,382.0,374.0,374.95,375.0,376.35,,374.95,,,22400,8449190.0,91,F1,200,,,,,
2026-04-22,2026-04-22,CM,NSE,STK,11581,INE586G01017,GULFPETRO,EQ,,,,,GP PETROLEUMS LIMITED,32.9,33.57,32.9,33.2,33.07,33.17,,33.19,,,23256,769593.0,272,F1,1,,,,,
2026-04-22,2026-04-22,CM,NSE,STK,22846,INE486R01017,GPTHEALTH,EQ,,,,,GPT HEALTHCARE LIMITED,134.0,136.88,134.0,135.35,135.15,135.43,,135.35,,,39956,5422900.94,951,F1,1,,,,,
2026-04-22,2026-04-22,CM,NSE,STK,17685,INE390G01014,GPTINFRA,EQ,,,,,GPT INFRAPROJECTS LTD,113.89,121.58,113.89,119.63,119.9,115.56,,119.63,,,259264,30852652.53,2520,F1,1,,,,,
2026-04-22,2026-04-22,CM,NSE,STK,30286,INE12E301017,GCHOTELS,SM,,,,,GRAND CONTINENT HOTELS L,103.4,108.0,100.4,103.85,104.0,103.45,,103.85,,,18600,1933080.0,27,F1,600,,,,,
2026-04-22,2026-04-22,CM,NSE,STK,762695,INE926B01016,GRANDOAK,EQ,,,,,GRAND OAK CANYONS DIST L,30.25,30.7,28.05,28.2,28.3,29.75,,28.2,,,1156,33473.95,19,F1,1,,,,,
2026-04-22,2026-04-22,CM,NSE,STK,11872,INE101D01020,GRANULES,EQ,,,,,GRANULES INDIA LIMITED,667.75,689.9,666.9,672.75,674.0,667.75,,672.75,,,1315243,893811184.3,32356,F1,1,,,,,
2026-04-22,2026-04-22,CM,NSE,STK,20464,INE0POU01017,GRAPHISAD,ST,,,,,GRAPHISADS LIMITED,34.75,36.75,34.75,34.85,34.85,36.5,,34.85,,,10800,387660.0,5,F1,1200,,,,,
2026-04-22,2026-04-22,CM,NSE,STK,592,INE371A01025,GRAPHITE,EQ,,,,,GRAPHITE INDIA LTD,735.0,749.4,732.25,741.05,743.0,737.25,,741.05,,,1643267,1217567158.95,26470,F1,1,,,,,
2026-04-22,2026-04-22,CM,NSE,STK,1232,INE047A01021,GRASIM,EQ,,,,,GRASIM INDUSTRIES LTD,2774.4,2810.0,2755.6,2776.6,2774.0,2777.7,,2776.6,,,924150,2569471009.7,40227,F1,1,,,,,
2026-04-22,2026-04-22,CM,NSE,STK,5200,INE266D01021,GRAUWEIL,EQ,,,,,GRAUER & WEIL IND LTD,72.42,76.0,70.0,73.22,72.95,70.81,,73.23,,,304180,22514241.82,2593,F1,1,,,,,
2026-04-22,2026-04-22,CM,NSE,STK,762700,INE214F01026,GRAVISSHO,EQ,,,,,GRAVISS HOSPITALITY LTD.,29.4,29.4,26.5,27.8,27.9,28.65,,27.75,,,43300,1195473.3,415,F1,1,,,,,
2026-04-22,2026-04-22,CM,NSE,STK,20534,INE024L01027,GRAVITA,EQ,,,,,GRAVITA INDIA LIMITED,1640.0,1655.1,1622.1,1626.6,1626.0,1643.6,,1626.6,,,172305,281496791.1,12655,F1,1,,,,,
2026-04-22,2026-04-22,CM,NSE,STK,1235,INE224A01026,GREAVESCOT,EQ,,,,,GREAVES COTTON LTD.,156.99,161.82,156.5,161.34,161.16,157.27,,161.34,,,764568,121941741.32,7524,F1,1,,,,,
2026-04-22,2026-04-22,CM,NSE,STK,17092,INE0O7P01015,GREENCHEF,SM,,,,,GREENCHEF APPLIANCES LTD,51.0,52.0,50.0,51.0,50.15,51.0,,51.0,,,57600,2940800.0,14,F1,800,,,,,
2026-04-22,2026-04-22,CM,NSE,STK,6848,INE544R01021,GREENLAM,EQ,,,,,GREENLAM INDUSTRIES LTD.,224.25,228.96,223.02,227.88,228.9,224.27,,227.87,,,36542,8294642.16,929,F1,1,,,,,
2026-04-22,2026-04-22,CM,NSE,STK,759424,INE0PLX01017,GREENLEAF,SM,,,,,GREENLEAF ENVIROTECH LTD,68.85,72.25,65.5,72.2,72.25,68.85,,72.2,,,19000,1315150.0,19,F1,1000,,,,,
2026-04-22,2026-04-22,CM,NSE,STK,13810,INE08ZM01014,GREENPANEL,EQ,,,,,GREENPANEL INDUSTRIES LTD,215.9,218.33,211.3,212.15,212.46,214.56,,212.15,,,98652,20950680.91,2695,F1,1,,,,,
2026-04-22,2026-04-22,CM,NSE,STK,3987,INE461C01038,GREENPLY,EQ,,,,,GREENPLY INDUSTRIES LTD,236.94,248.0,233.43,242.46,246.0,238.11,,242.58,,,166964,39919818.85,3285,F1,1,,,,,
2026-04-22,2026-04-22,CM,NSE,STK,758986,INE199P01028,GCSL,EQ,,,,,GRETEX CORPORATE SERVICES,359.2,363.8,332.1,346.95,349.95,352.1,,346.9,,,117614,40335516.6,1827,F1,1,,,,,
2026-04-22,2026-04-22,CM,NSE,STK,18742,INE985P01012,GRETEX,ST,,,,,GRETEX INDUSTRIES LTD.,292.0,292.0,292.0,292.0,292.0,298.0,,292.0,,,4500,1314000.0,1,F1,750,,,,,
2026-04-22,2026-04-22,CM,NSE,STK,23559,INE0PC901019,BIRDYS,SM,,,,,GRILL SPLENDOUR SER LTD,142.6,142.6,135.85,135.85,135.85,135.85,,135.85,,,2400,334140.0,2,F1,1200,,,,,
2026-04-22,2026-04-22,CM,NSE,STK,13560,INE536A01023,GRINDWELL,EQ,,,,,GRINDWELL NORTON LIMITED,1614.5,1681.7,1607.2,1674.7,1678.0,1612.0,,1674.7,,,52359,86882898.5,11845,F1,1,,,,,
2026-04-22,2026-04-22,CM,NSE,STK,10871,INE192H01020,GRMOVER,EQ,,,,,GRM OVERSEAS LIMITED,165.5,165.5,162.5,163.68,164.8,163.28,,163.68,,,1625696,265987678.22,4485,F1,1,,,,,
2026-04-22,2026-04-22,CM,NSE,STK,760971,INE1TY801010,GJL,ST,,,,,GROVER JEWELLS LIMITED,175.25,175.25,170.0,175.25,175.25,166.95,,175.25,,,56000,9787680.0,19,F1,1600,,,,,
2026-04-22,2026-04-22,CM,NSE,STK,760051,INF666M01MM4,GROWWCAPM,EQ,,,,,GROWWAMC - GROWWCAPM,11.38,11.38,11.02,11.06,11.08,11.16,,11.06,,,605967,6709289.65,864,F1,1,,,,,
2026-04-22,2026-04-22,CM,NSE,STK,760673,INF666M01NP5,GROWWCHEM,EQ,,,,,GROWWAMC - GROWWCHEM,27.93,28.16,27.45,27.97,27.97,27.81,,27.97,,,38763,1082285.45,225,F1,1,,,,,
2026-04-22,2026-04-22,CM,NSE,STK,25758,INF666M01IO8,GROWWDEFNC,EQ,,,,,GROWWAMC - GROWWDEFNC,86.11,89.9,86.11,89.79,89.84,88.32,,89.79,,,678093,60571496.56,4003,F1,1,,,,,
2026-04-22,2026-04-22,CM,NSE,STK,24798,INF666M01IH2,GROWWEV,EQ,,,,,GROWWAMC - GROWWEV,30.08,30.29,29.36,30.16,30.11,29.9,,30.16,,,178886,5382410.66,1272,F1,1,,,,,
2026-04-22,2026-04-22,CM,NSE,STK,25872,INF666M01OE7,GROWWGOLD,EQ,,,,,GROWWAMC - GROWWGOLD,14.78,14.78,14.71,14.75,14.74,14.78,,14.75,,,2481612,36616193.95,4143,F1,1,,,,,
2026-04-22,2026-04-22,CM,NSE,STK,760874,INF666M01OD9,GROWWHOSPI,EQ,,,,,GROWWAMC - GROWWHOSPI,48.45,49.54,47.72,48.24,48.73,48.41,,48.25,,,185549,8990907.82,630,F1,1,,,,,
2026-04-22,2026-04-22,CM,NSE,STK,25447,INF666M01IP5,GROWWLIQID,EQ,,,,,GROWWAMC - GROWWLIQID,108.95,110.9,108.74,108.74,108.75,108.72,,108.74,,,252621,27478196.41,176,F1,1,,,,,
2026-04-22,2026-04-22,CM,NSE,STK,758300,INF666M01LB9,GROWWLOVOL,EQ,,,,,GROWWAMC - GROWWLOVOL,10.51,10.51,10.31,10.41,10.49,10.42,,10.41,,,26620,276384.04,163,F1,1,,,,,
2026-04-22,2026-04-22,CM,NSE,STK,759719,INF666M01MV5,GROWWMC150,EQ,,,,,GROWWAMC - GROWWMC150,221.0,223.8,221.0,222.94,222.94,221.0,,222.94,,,485,107695.84,47,F1,1,,,,,
2026-04-22,2026-04-22,CM,NSE,STK,760438,INF666M01NI0,GROWWMETAL,EQ,,,,,GROWWAMC - GROWWMETAL,12.5,12.5,12.16,12.28,12.28,12.2,,12.28,,,815565,9998451.5,2381,F1,1,,,,,
2026-04-22,2026-04-22,CM,NSE,STK,756086,INF666M01KJ4,GROWWMOM50,EQ,,,,,GROWWAMC - GROWWMOM50,10.54,10.57,10.43,10.5,10.45,10.48,,10.5,,,223236,2348042.33,472,F1,1,,,,,
2026-04-22,2026-04-22,CM,NSE,STK,29872,INF666M01JV1,GROWWN200,EQ,,,,,GROWWAMC - GROWWN200,11.24,11.32,11.16,11.27,11.29,11.31,,11.27,,,150109,1698191.54,317,F1,1,,,,,
2026-04-22,2026-04-22,CM,NSE,STK,757814,INF666M01LI4,GROWWNET,EQ,,,,,GROWWAMC - GROWWNET,9.31,9.36,9.13,9.32,9.36,9.3,,9.32,,,313784,2918485.88,503,F1,1,,,,,
2026-04-22,2026-04-22,CM,NSE,STK,758697,INF666M01LL8,GROWWNIFTY,EQ,,,,,GROWWAMC - GROWWNIFTY,9.84,10.17,9.79,9.81,9.85,9.84,,9.81,,,414407,4070064.05,1932,F1,1,,,,,
2026-04-22,2026-04-22,CM,NSE,STK,759458,INF666M01LZ8,GROWWNXT50,EQ,,,,,GROWWAMC - GROWWNXT50,71.07,71.75,70.77,71.61,71.75,70.86,,71.61,,,7008,500315.85,117,F1,1,,,,,
2026-04-22,2026-04-22,CM,NSE,STK,758165,INF666M01LM6,GROWWPOWER,EQ,,,,,GROWWAMC - GROWWPOWER,12.07,12.2,11.92,12.17,12.2,11.93,,12.17,,,7448649,90323286.52,6480,F1,1,,,,,
2026-04-22,2026-04-22,CM,NSE,STK,760976,INF666M01NQ3,GROWWPSE,EQ,,,,,GROWWAMC - GROWWPSE,104.41,107.48,104.28,107.29,107.43,106.41,,107.29,,,5290,566019.46,127,F1,1,,,,,
2026-04-22,2026-04-22,CM,NSE,STK,761514,INF666M01OG2,GROWWPSUBK,EQ,,,,,GROWWAMC - GROWWPSUBK,89.34,91.19,88.56,90.38,90.8,90.34,,90.38,,,24430,2194787.55,221,F1,1,,,,,
2026-04-22,2026-04-22,CM,NSE,STK,29527,INF666M01JJ6,GROWWRAIL,EQ,,,,,GROWWAMC - GROWWRAIL,32.84,33.15,32.34,33.1,33.15,32.72,,33.1,,,432758,14233054.05,2195,F1,1,,,,,
2026-04-22,2026-04-22,CM,NSE,STK,759428,INF666M01MN2,GROWWRLTY,EQ,,,,,GROWWAMC - GROWWRLTY,9.09,9.09,8.86,8.99,9.0,8.96,,8.99,,,425354,3821149.96,545,F1,1,,,,,
2026-04-22,2026-04-22,CM,NSE,STK,759522,INF666M01MO0,GROWWSC250,EQ,,,,,GROWWAMC - GROWWSC250,9.58,9.62,9.52,9.61,9.55,9.53,,9.61,,,243538,2332134.76,476,F1,1,,,,,
2026-04-22,2026-04-22,CM,NSE,STK,756827,INF666M01OF4,GROWWSLVR,EQ,,,,,GROWWAMC - GROWWSLVR,24.19,24.3,24.0,24.17,24.14,24.31,,24.17,,,2601389,62962209.41,2748,F1,1,,,,,
2026-04-22,2026-04-22,CM,NSE,STK,6543,INE137I01015,GRPLTD,EQ,,,,,GRP LIMITED,1961.0,2009.9,1951.1,1997.8,2009.9,2000.0,,1996.9,,,2612,5222911.8,304,F1,1,,,,,
2026-04-22,2026-04-22,CM,NSE,STK,23888,INE0SQY01018,GSMFOILS,SM,,,,,GSM FOILS LIMITED,211.0,211.0,190.7,192.1,191.0,210.55,,192.1,,,257500,51122175.0,420,F1,500,,,,,
2026-04-22,2026-04-22,CM,NSE,STK,762239,INE713R01022,GSPCROP,EQ,,,,,GSP CROP SCIENCE LIMITED,414.2,418.0,407.5,414.55,413.5,407.4,,414.6,,,46194,19176292.65,1092,F1,1,,,,,
2026-04-22,2026-04-22,CM,NSE,STK,15351,INE871H01011,GSS,BE,,,,,GSS INFOTECH LIMITED,15.5,15.84,15.11,15.6,15.6,15.52,,15.6,,,40181,618196.1,141,F1,1,,,,,
2026-04-22,2026-04-22,CM,NSE,STK,13745,INE221H01019,GTLINFRA,EQ,,,,,GTL INFRA.LTD,1.22,1.28,1.22,1.25,1.26,1.22,,1.25,,,83049762,103859771.24,11464,F1,1,,,,,
2026-04-22,2026-04-22,CM,NSE,STK,4821,INE043A01012,GTL,BE,,,,,GTL LTD,7.48,7.48,7.21,7.3,7.38,7.44,,7.3,,,340356,2501645.08,464,F1,1,,,,,
2026-04-22,2026-04-22,CM,NSE,STK,21195,INE869I01013,GTPL,EQ,,,,,GTPL HATHWAY LIMITED,68.0,68.9,67.91,68.45,68.25,68.22,,68.46,,,26688,1822428.0,321,F1,1,,,,,
2026-04-22,2026-04-22,CM,NSE,STK,11606,INE742B01025,GUFICBIO,EQ,,,,,GUFIC BIOSCIENCES LTD.,288.2,294.4,288.2,290.25,290.9,290.8,,290.25,,,29755,8663918.05,2104,F1,1,,,,,
2026-04-22,2026-04-22,CM,NSE,STK,1145,INE162A01010,GIPCL,EQ,,,,,GUJ IND POW CO. LTD,153.81,158.85,153.75,158.05,158.29,153.89,,158.04,,,423598,66765676.89,8526,F1,1,,,,,
2026-04-22,2026-04-22,CM,NSE,STK,1174,INE113A01013,GNFC,EQ,,,,,GUJ NAR VAL FER & CHEM L,484.55,490.0,483.1,488.5,488.95,483.3,,488.5,,,232135,113049169.8,7307,F1,1,,,,,
2026-04-22,2026-04-22,CM,NSE,STK,1247,INE026A01025,GSFC,EQ,,,,,GUJ STATE FERT & CHEM LTD,174.36,176.14,173.63,175.25,175.01,174.85,,175.25,,,696942,122080286.48,7471,F1,1,,,,,
2026-04-22,2026-04-22,CM,NSE,STK,14677,INE826C01016,GUJAPOLLO,EQ,,,,,GUJ. APOLLO IND. LTD.,417.2,426.45,411.6,419.15,417.0,417.8,,419.1,,,13292,5540986.6,850,F1,1,,,,,
2026-04-22,2026-04-22,CM,NSE,STK,1267,INE186A01019,GUJALKALI,EQ,,,,,GUJARAT ALKALIES & CHEM,723.0,733.45,705.0,712.25,712.0,719.7,,712.3,,,505098,360084430.1,9239,F1,1,,,,,
2026-04-22,2026-04-22,CM,NSE,STK,8828,INE036B01030,GAEL,EQ,,,,,GUJARAT AMBUJA EXPORTS LT,156.9,159.57,154.6,154.95,154.6,156.18,,154.95,,,1300369,204200868.44,17883,F1,1,,,,,
2026-04-22,2026-04-22,CM,NSE,STK,13750,INE09N301011,FLUOROCHEM,EQ,,,,,GUJARAT FLUOROCHEM LTD,3268.9,3302.2,3250.5,3273.4,3265.0,3267.4,,3271.0,,,23066,75668882.8,3627,F1,1,,,,,
2026-04-22,2026-04-22,CM,NSE,STK,10599,INE844O01030,GUJGASLTD,EQ,,,,,GUJARAT GAS LIMITED,374.0,384.35,372.35,382.85,382.35,374.25,,382.9,,,1009429,382651486.6,24219,F1,1,,,,,
2026-04-22,2026-04-22,CM,NSE,STK,761197,INE0V0W01025,GKSL,EQ,,,,,GUJARAT KIDNEY N SUP SP L,113.9,113.9,109.0,110.4,110.2,112.8,,110.4,,,383148,42794443.98,1512,F1,1,,,,,
2026-04-22,2026-04-22,CM,NSE,STK,8412,INE540A01017,GLFL,BE,,,,,GUJARAT LEASE FINANCING L,6.13,6.31,6.01,6.31,6.31,6.01,,6.74,,,2056,12765.7,13,F1,1,,,,,
2026-04-22,2026-04-22,CM,NSE,STK,5204,INE131A01031,GMDCLTD,EQ,,,,,GUJARAT MINERAL DEV CORP,690.0,701.0,684.65,691.35,693.0,689.5,,691.35,,,3110507,2156465230.8,45282,F1,1,,,,,
2026-04-22,2026-04-22,CM,NSE,STK,762690,INE207H01018,GNRL,EQ,,,,,GUJARAT NATURAL RES L,98.05,101.0,97.05,98.15,98.7,98.05,,98.35,,,5807,572462.7,305,F1,1,,,,,
2026-04-22,2026-04-22,CM,NSE,STK,19731,INE517F01014,GPPL,EQ,,,,,GUJARAT PIPAVAV PORT LTD,157.96,159.45,157.03,158.08,158.49,158.75,,158.08,,,870955,138100651.57,14542,F1,1,,,,,
2026-04-22,2026-04-22,CM,NSE,STK,4548,INE610B01024,GUJRAFFIA,EQ,,,,,GUJARAT RAFFIA INDUST LTD,40.9,43.45,39.75,42.43,42.96,40.57,,42.5,,,33515,1408890.4,673,F1,1,,,,,
2026-04-22,2026-04-22,CM,NSE,STK,13197,INE246F01010,GSPL,EQ,,,,,GUJARAT STATE PETRO LTD,277.01,282.5,276.42,281.61,282.0,279.61,,281.62,,,697127,194920724.92,13911,F1,1,,,,,
2026-04-22,2026-04-22,CM,NSE,STK,29731,INE942C01045,GUJTHEM,EQ,,,,,GUJARAT THEMIS BIOSYN LTD,329.0,332.0,325.65,328.02,331.5,330.83,,327.99,,,25505,8383883.0,868,F1,1,,,,,
2026-04-22,2026-04-22,CM,NSE,STK,4391,INE635Q01029,GULFOILLUB,EQ,,,,,GULF OIL LUB. IND. LTD.,998.0,999.15,985.0,989.95,987.5,995.6,,989.95,,,26606,26382017.6,2692,F1,1,,,,,
2026-04-22,2026-04-22,CM,NSE,STK,6286,INE255D01024,GULPOLY,EQ,,,,,GULSHAN POLYOLS LIMITED,180.0,181.5,177.01,179.47,179.22,174.96,,179.46,,,221275,39707211.47,3353,F1,1,,,,,
2026-04-22,2026-04-22,CM,NSE,STK,759261,INE1CCX01012,GURUNANAK,SM,,,,,GURUNANAK AGRICULTUR IN L,34.4,34.4,34.4,34.4,34.4,34.4,,34.4,,,1600,55040.0,1,F1,1600,,,,,
2026-04-22,2026-04-22,CM,NSE,STK,13229,INE251H01024,GVKPIL,BE,,,,,GVK POW. & INFRA LTD.,2.98,2.98,2.98,2.98,2.98,2.93,,2.99,,,191297,570065.06,221,F1,1,,,,,
2026-04-22,2026-04-22,CM,NSE,STK,10865,INE382T01030,GVPTECH,EQ,,,,,GVP INFOTECH LIMITED,7.31,7.37,6.98,7.14,7.15,7.17,,7.14,,,52156,370691.41,290,F1,1,,,,,
2026-04-22,2026-04-22,CM,NSE,STK,758136,IN9382T01012,GVPTECHPP,E1,,,,,GVPTECH RE.1 PPD UP,3.49,3.49,2.9,3.06,3.18,3.05,,3.06,,,9058,27756.47,31,F1,1,,,,,
2026-04-22,2026-04-22,CM,NSE,STK,762712,INE640B01021,HBESD,EQ,,,,,H B ESTATE DEVELOPERS L,74.0,77.85,71.35,75.4,77.0,76.25,,75.65,,,2692,201205.3,100,F1,1,,,,,
2026-04-22,2026-04-22,CM,NSE,STK,1672,INE926X01010,HGINFRA,EQ,,,,,H.G.INFRA ENGINEERING LTD,630.0,631.5,616.35,619.1,617.9,628.15,,619.0,,,158250,98563540.35,6448,F1,1,,,,,
2026-04-22,2026-04-22,CM,NSE,STK,760715,INE115S01010,HALDER,EQ,,,,,HALDER VENTURE LIMITED,255.94,264.75,242.0,256.27,256.28,249.23,,257.42,,,1657,418523.0,215,F1,1,,,,,
2026-04-22,2026-04-22,CM,NSE,STK,762705,INE506D01020,HALDYNGL,EQ,,,,,HALDYN GLASS LTD.,88.3,89.95,85.0,86.25,86.4,88.3,,86.5,,,23632,2066536.95,507,F1,1,,,,,
2026-04-22,2026-04-22,CM,NSE,STK,21551,INE320X01016,HALEOSLABS,EQ,,,,,HALEOS LABS LIMITED,1309.3,1348.4,1309.3,1330.3,1325.2,1315.0,,1330.3,,,2731,3637831.7,91,F1,1,,,,,
2026-04-22,2026-04-22,CM,NSE,STK,13592,INE596H01014,HGM,EQ,,,,,HANDSON GBL MNGMNT LTD,55.44,56.0,53.56,54.63,54.73,54.67,,54.63,,,2953,161689.86,68,F1,1,,,,,
2026-04-22,2026-04-22,CM,NSE,STK,48,INE419U01012,HAPPSTMNDS,EQ,,,,,HAPPIEST MINDS TECHNO LTD,378.0,380.7,374.2,377.2,378.5,377.75,,377.2,,,442998,167280246.2,12099,F1,1,,,,,
2026-04-22,2026-04-22,CM,NSE,STK,20854,INE330T01021,HAPPYFORGE,EQ,,,,,HAPPY FORGINGS LIMITED,1285.1,1350.0,1281.1,1330.5,1339.9,1292.2,,1330.5,,,81515,108470484.2,9783,F1,1,,,,,
2026-04-22,2026-04-22,CM,NSE,STK,757665,INE0TLP01015,WHITEFORCE,SM,,,,,HAPPY SQUARE OUTSOURC S L,44.3,51.95,44.3,46.05,46.0,44.3,,46.05,,,67200,3189280.0,15,F1,1600,,,,,
2026-04-22,2026-04-22,CM,NSE,STK,8962,INE626Z01029,HARDWYN,EQ,,,,,HARDWYN INDIA LIMITED,25.25,25.35,24.93,24.99,25.05,25.0,,24.99,,,3446662,86361280.03,2151,F1,1,,,,,
2026-04-22,2026-04-22,CM,NSE,STK,8968,INE00EV01017,HARIOMPIPE,EQ,,,,,HARIOM PIPE INDUSTRIES L,319.1,319.1,313.15,317.2,317.0,315.95,,317.15,,,134074,42439525.95,2581,F1,1,,,,,
2026-04-22,2026-04-22,CM,NSE,STK,1313,INE544A01019,HARRMALAYA,EQ,,,,,HARRISON MALAYALAM LTD,214.7,214.7,210.0,212.08,212.0,211.9,,212.08,,,12699,2691602.98,286,F1,1,,,,,
2026-04-22,2026-04-22,CM,NSE,STK,11162,INE0JUS01029,HARSHA,EQ,,,,,HARSHA ENGINEERS INT LTD,391.1,401.0,387.3,394.15,392.0,393.55,,394.05,,,33372,13211125.15,1302,F1,1,,,,,
2026-04-22,2026-04-22,CM,NSE,STK,18154,INE982F01036,HATHWAY,EQ,,,,,HATHWAY CABLE & DATACOM,11.02,11.19,11.02,11.16,11.18,11.09,,11.16,,,1648882,18333260.61,2218,F1,1,,,,,
2026-04-22,2026-04-22,CM,NSE,STK,3892,INE473B01035,HATSUN,EQ,,,,,HATSUN AGRO PRODUCT LTD.,974.05,1022.3,974.05,1013.7,1015.0,982.3,,1013.7,,,58042,58472589.55,6142,F1,1,,,,,
2026-04-22,2026-04-22,CM,NSE,STK,9819,INE176B01034,HAVELLS,EQ,,,,,HAVELLS INDIA LIMITED,1336.0,1410.7,1320.1,1348.7,1325.0,1328.8,,1348.8,,,4815785,6554388078.1,145985,F1,1,,,,,
2026-04-22,2026-04-22,CM,NSE,STK,4444,INE979B01015,HAWKINCOOK,EQ,,,,,HAWKINS COOKERS LTD,7592.46,7600.0,7426.0,7520.55,7575.0,7592.47,,7504.58,,,938,7064834.21,370,F1,1,,,,,
2026-04-22,2026-04-22,CM,NSE,STK,4116,INE550B01022,HBSL,EQ,,,,,HB STOCKHOLDINGS LIMITED,61.58,63.89,61.58,63.25,62.1,61.58,,63.26,,,4655,290861.91,53,F1,1,,,,,
2026-04-22,2026-04-22,CM,NSE,STK,13966,INE292B01021,HBLENGINE,EQ,,,,,HBL ENGINEERING LTD,780.0,822.95,780.0,816.4,815.0,783.3,,816.4,,,4027308,3261990787.6,83862,F1,1,,,,,
2026-04-22,2026-04-22,CM,NSE,STK,1327,INE236A01020,HCL-INSYS,EQ,,,,,HCL INFOSYSTEMS LTD,12.89,13.3,12.25,12.91,12.85,12.89,,12.91,,,318602,4082291.28,1095,F1,1,,,,,
2026-04-22,2026-04-22,CM,NSE,STK,7229,INE860A01027,HCLTECH,EQ,,,,,HCL TECHNOLOGIES LTD,1345.0,1358.0,1281.0,1285.3,1286.4,1441.2,,1285.3,,,33066256,43132618848.4,685701,F1,1,,,,,
2026-04-22,2026-04-22,CM,NSE,STK,757772,INE756I01012,HDBFS,EQ,,,,,HDB FINANCIAL SERVICES L,676.0,686.0,670.2,671.9,673.8,684.3,,671.85,,,385532,259793601.9,16645,F1,1,,,,,
2026-04-22,2026-04-22,CM,NSE,STK,4244,INE127D01025,HDFCAMC,EQ,,,,,HDFC AMC LIMITED,2794.0,2811.4,2759.3,2766.4,2766.6,2794.0,,2766.4,,,1161510,3227426496.4,59049,F1,1,,,,,
2026-04-22,2026-04-22,CM,NSE,STK,1333,INE040A01034,HDFCBANK,EQ,,,,,HDFC BANK LTD,810.0,813.05,798.0,799.9,799.4,811.75,,799.9,,,23876412,19199237337.7,278743,F1,1,,,,,
2026-04-22,2026-04-22,CM,NSE,STK,19543,INF179KC1981,HDFCGOLD,EQ,,,,,HDFC GOLD ETF,128.55,129.25,128.4,129.08,129.05,129.33,,129.08,,,3804550,490718233.55,9262,F1,1,,,,,
2026-04-22,2026-04-22,CM,NSE,STK,467,INE795G01014,HDFCLIFE,EQ,,,,,HDFC LIFE INS CO LTD,614.2,617.25,603.25,604.05,604.2,614.2,,604.05,,,3995083,2424187973.15,63581,F1,1,,,,,
2026-04-22,2026-04-22,CM,NSE,STK,14230,INF179KC1EZ4,HDFCBSE500,EQ,,,,,HDFCAMC - HDFCBSE500,36.98,36.99,36.18,36.84,36.96,36.85,,36.84,,,7024,258740.45,161,F1,1,,,,,
2026-04-22,2026-04-22,CM,NSE,STK,11241,INF179KC1DJ0,HDFCGROWTH,EQ,,,,,HDFCAMC - HDFCGROWTH,116.79,116.79,115.5,115.86,115.77,116.78,,115.88,,,14591,1692481.55,276,F1,1,,,,,
2026-04-22,2026-04-22,CM,NSE,STK,18279,INF179KC1JG3,HDFCLIQUID,EQ,,,,,HDFCAMC - HDFCLIQUID,1057.29,1057.31,1057.29,1057.29,1057.29,1057.15,,1057.29,,,5687,6012886.05,39,F1,1,,,,,
2026-04-22,2026-04-22,CM,NSE,STK,11547,INF179KC1HU8,HDFCLOWVOL,EQ,,,,,HDFCAMC - HDFCLOWVOL,20.42,20.42,20.22,20.28,20.22,20.41,,20.28,,,27533,559509.14,81,F1,1,,,,,
2026-04-22,2026-04-22,CM,NSE,STK,14236,INF179KC1HT0,HDFCMID150,EQ,,,,,HDFCAMC - HDFCMID150,22.45,22.79,22.31,22.51,22.54,22.42,,22.51,,,656455,14720617.26,1519,F1,1,,,,,
2026-04-22,2026-04-22,CM,NSE,STK,11538,INF179KC1HV6,HDFCMOMENT,EQ,,,,,HDFCAMC - HDFCMOMENT,31.2,31.3,31.07,31.2,31.22,31.22,,31.2,,,119335,3723946.31,713,F1,1,,,,,
2026-04-22,2026-04-22,CM,NSE,STK,10619,INF179KC1HS2,HDFCNEXT50,EQ,,,,,HDFCAMC - HDFCNEXT50,72.25,72.9,71.91,72.8,72.86,72.25,,72.81,,,111958,8139127.78,532,F1,1,,,,,
2026-04-22,2026-04-22,CM,NSE,STK,10633,INF179KC1HR4,HDFCNIF100,EQ,,,,,HDFCAMC - HDFCNIF100,26.19,26.19,26.0,26.09,26.13,26.2,,26.09,,,23654,616771.35,318,F1,1,,,,,
2026-04-22,2026-04-22,CM,NSE,STK,22433,INF179KC1HY0,HDFCNIFBAN,EQ,,,,,HDFCAMC - HDFCNIFBAN,60.19,60.19,58.31,58.58,58.59,58.73,,58.58,,,163163,9568308.59,496,F1,1,,,,,
2026-04-22,2026-04-22,CM,NSE,STK,12101,INF179KC1IA8,HDFCNIFIT,EQ,,,,,HDFCAMC - HDFCNIFIT,33.6,33.6,31.99,32.19,32.42,33.6,,32.19,,,722639,23400784.64,1341,F1,1,,,,,
2026-04-22,2026-04-22,CM,NSE,STK,11591,INF179KC1965,HDFCNIFTY,EQ,,,,,HDFCAMC - HDFCNIFTY,275.27,275.27,268.15,272.97,272.8,275.03,,272.97,,,265268,72548401.74,1626,F1,1,,,,,
2026-04-22,2026-04-22,CM,NSE,STK,12108,INF179KC1HZ7,HDFCPVTBAN,EQ,,,,,HDFCAMC - HDFCPVTBAN,28.49,28.49,27.57,27.73,28.0,27.8,,27.72,,,193200,5355944.91,358,F1,1,,,,,
2026-04-22,2026-04-22,CM,NSE,STK,11255,INF179KC1DL6,HDFCQUAL,EQ,,,,,HDFCAMC - HDFCQUAL,58.31,58.31,57.75,58.07,58.1,58.02,,58.07,,,5293,307026.75,126,F1,1,,,,,
2026-04-22,2026-04-22,CM,NSE,STK,11593,INF179KC1HX2,HDFCSENSEX,EQ,,,,,HDFCAMC - HDFCSENSEX,88.5,89.27,88.5,88.65,89.0,89.3,,88.65,,,54508,4836896.79,657,F1,1,,,,,
2026-04-22,2026-04-22,CM,NSE,STK,10876,INF179KC1DI2,HDFCSILVER,EQ,,,,,HDFCAMC - HDFCSILVER,234.59,237.28,234.59,236.14,235.65,237.43,,236.14,,,2727257,644203178.26,11010,F1,1,,,,,
2026-04-22,2026-04-22,CM,NSE,STK,14233,INF179KC1FB2,HDFCSML250,EQ,,,,,HDFCAMC - HDFCSML250,166.5,168.32,165.29,168.0,168.12,166.43,,168.0,,,1930358,323038734.36,10068,F1,1,,,,,
2026-04-22,2026-04-22,CM,NSE,STK,11260,INF179KC1DK8,HDFCVALUE,EQ,,,,,HDFCAMC - HDFCVALUE,133.39,133.46,132.53,133.05,133.08,134.45,,133.07,,,6115,813236.65,99,F1,1,,,,,
2026-04-22,2026-04-22,CM,NSE,STK,22595,INF179KC1HW4,HDFCPSUBK,EQ,,,,,HDFCAMC HDFCPSUBK,92.3,92.3,90.64,91.0,91.05,90.84,,91.01,,,83712,7637006.74,211,F1,1,,,,,
2026-04-22,2026-04-22,CM,NSE,STK,19205,INE759V01019,HEADSUP,EQ,,,,,HEADS UP VENTURES LIMITED,7.39,7.41,7.1,7.12,7.12,7.21,,7.12,,,18687,135473.47,126,F1,1,,,,,
2026-04-22,2026-04-22,CM,NSE,STK,15555,INE075I01017,HCG,EQ,,,,,HEALTHCARE GLOB. ENT. LTD,574.0,584.0,574.0,578.3,579.95,574.7,,578.25,,,88658,51446102.2,7875,F1,1,,,,,
2026-04-22,2026-04-22,CM,NSE,STK,7425,INE558R01013,HECPROJECT,EQ,,,,,HEC INFRA PROJECTS LTD,138.75,142.5,137.2,140.69,142.5,137.67,,140.69,,,16410,2284719.82,774,F1,1,,,,,
2026-04-22,2026-04-22,CM,NSE,STK,1336,INE545A01024,HEG,EQ,,,,,HEG LTD,658.0,667.1,653.9,661.6,661.65,661.15,,661.6,,,1702904,1125333340.25,29334,F1,1,,,,,
2026-04-22,2026-04-22,CM,NSE,STK,2316,INE578A01017,HEIDELBERG,EQ,,,,,HEIDELBERGCEMENT (I) LTD,158.58,161.0,158.01,159.79,159.9,158.58,,159.79,,,53277,8497777.2,1580,F1,1,,,,,
2026-04-22,2026-04-22,CM,NSE,STK,701,INE0AJG01018,HEMIPROP,EQ,,,,,HEMISPHERE PROP IND LTD,130.49,131.9,130.0,130.6,130.52,131.02,,130.6,,,372773,48739525.82,2816,F1,1,,,,,
2026-04-22,2026-04-22,CM,NSE,STK,2614,INE694N01015,HERANBA,EQ,,,,,HERANBA INDUSTRIES LTD,217.0,223.22,217.0,219.28,218.51,219.17,,219.27,,,71942,15858002.24,1414,F1,1,,,,,
2026-04-22,2026-04-22,CM,NSE,STK,4598,INE978A01027,HERITGFOOD,EQ,,,,,HERITAGE FOODS LTD,362.15,369.1,359.6,366.8,365.0,361.35,,366.8,,,314160,114971908.3,12238,F1,1,,,,,
2026-04-22,2026-04-22,CM,NSE,STK,1348,INE158A01026,HEROMOTOCO,EQ,,,,,HERO MOTOCORP LIMITED,5255.5,5291.0,5178.0,5189.0,5190.0,5259.0,,5189.0,,,293830,1538585459.5,32590,F1,1,,,,,
2026-04-22,2026-04-22,CM,NSE,STK,7048,INE782E01017,HESTERBIO,EQ,,,,,HESTER BIOSCIENCES LTD,1500.2,1524.9,1474.4,1489.4,1493.0,1501.9,,1489.4,,,6435,9568844.0,818,F1,1,,,,,
2026-04-22,2026-04-22,CM,NSE,STK,27008,INE750M01017,HEXATRADEX,EQ,,,,,HEXA TRADEX LIMITED,167.7,170.79,166.0,167.28,166.6,167.69,,167.28,,,1140,191116.14,58,F1,1,,,,,
2026-04-22,2026-04-22,CM,NSE,STK,29666,INE093A01041,HEXT,EQ,,,,,HEXAWARE TECHNOLOGIES LTD,481.0,484.9,455.0,456.45,457.05,490.45,,456.45,,,1053394,487460051.05,31542,F1,1,,,,,
2026-04-22,2026-04-22,CM,NSE,STK,21951,INE548A01028,HFCL,EQ,,,,,HFCL LIMITED,97.84,101.5,97.27,100.37,100.2,97.84,,100.37,,,49463580,4950678191.67,111636,F1,1,,,,,
2026-04-22,2026-04-22,CM,NSE,STK,18794,INE0PIC01017,HIGREEN,SM,,,,,HI GREEN CARBON LIMITED,135.0,139.9,135.0,137.1,137.1,135.4,,137.1,,,6400,874480.0,7,F1,800,,,,,
2026-04-22,2026-04-22,CM,NSE,STK,2868,INE106T01025,HITECH,EQ,,,,,HI-TECH PIPES LIMITED,85.5,92.62,85.1,91.61,90.81,85.91,,91.61,,,2528634,228865845.23,13172,F1,1,,,,,
2026-04-22,2026-04-22,CM,NSE,STK,759104,INE00RL01028,HILINFRA,BE,,,,,HIGHWAY INFRASTRUCTURE L,56.0,57.4,54.0,55.75,55.99,56.25,,55.68,,,52345,2894693.39,372,F1,1,,,,,
2026-04-22,2026-04-22,CM,NSE,STK,9668,INE475B01022,HIKAL,EQ,,,,,HIKAL LIMITED,188.39,189.63,186.51,189.21,189.2,187.61,,189.23,,,156863,29540149.49,2556,F1,1,,,,,
2026-04-22,2026-04-22,CM,NSE,STK,14627,INE788H01017,HILTON,EQ,,,,,HILTON METAL FORGING LTD,24.9,25.4,24.7,25.0,25.1,24.9,,25.0,,,404087,10106331.7,1238,F1,1,,,,,
2026-04-22,2026-04-22,CM,NSE,STK,14334,INE019C01026,HSCL,EQ,,,,,HIMADRI SPECIALITY CHEM L,510.0,525.25,509.05,523.1,522.1,506.55,,523.1,,,3171788,1644224882.35,38520,F1,1,,,,,
2026-04-22,2026-04-22,CM,NSE,STK,1360,INE049A01027,HIMATSEIDE,EQ,,,,,HIMATSINGKA SEIDE LTD,94.0,97.51,92.63,93.39,93.3,94.39,,93.39,,,1504593,142717678.13,12251,F1,1,,,,,
2026-04-22,2026-04-22,CM,NSE,STK,13890,INE835D01023,HIRECT,EQ,,,,,HIND RECTIFIER LIMITED,903.0,937.9,885.45,931.7,932.0,894.6,,931.7,,,158857,146029468.1,8420,F1,1,,,,,
2026-04-22,2026-04-22,CM,NSE,STK,1363,INE038A01020,HINDALCO,EQ,,,,,HINDALCO  INDUSTRIES  LTD,1030.0,1043.35,1017.0,1039.9,1038.55,1021.65,,1039.9,,,4474181,4626159548.4,113436,F1,1,,,,,
2026-04-22,2026-04-22,CM,NSE,STK,4924,INE642Y01029,HINDCON,BE,,,,,HINDCON CHEMICALS LIMITED,22.5,22.5,21.9,22.0,22.29,22.5,,22.0,,,25034,552824.52,209,F1,1,,,,,
2026-04-22,2026-04-22,CM,NSE,STK,11796,INE05X901010,HPIL,EQ,,,,,HINDPRAKASH INDUSTRY LTD,139.99,152.0,132.55,141.76,140.25,140.25,,141.76,,,5564,797849.3,248,F1,1,,,,,
2026-04-22,2026-04-22,CM,NSE,STK,14712,INE170I01016,HGS,EQ,,,,,HINDUJA GLOBAL SOLS. LTD.,417.9,418.4,413.05,415.3,415.0,415.85,,415.3,,,12686,5264862.95,793,F1,1,,,,,
2026-04-22,2026-04-22,CM,NSE,STK,2303,INE066F01020,HAL,EQ,,,,,HINDUSTAN AERONAUTICS LTD,4350.0,4413.0,4331.0,4400.6,4394.0,4358.4,,4400.6,,,796091,3495544723.4,47399,F1,1,,,,,
2026-04-22,2026-04-22,CM,NSE,STK,1372,INE310C01029,HINDCOMPOS,EQ,,,,,HINDUSTAN COMPOSITES LTD.,479.0,484.8,475.05,476.5,475.1,479.05,,476.45,,,6652,3193326.75,316,F1,1,,,,,
2026-04-22,2026-04-22,CM,NSE,STK,1375,INE549A01026,HCC,EQ,,,,,HINDUSTAN CONSTRUCTION CO,19.68,20.36,19.52,20.18,20.1,19.61,,20.18,,,41913180,837270930.61,30994,F1,1,,,,,
2026-04-22,2026-04-22,CM,NSE,STK,17939,INE531E01026,HINDCOPPER,EQ,,,,,HINDUSTAN COPPER LTD,554.0,560.8,553.5,556.95,556.45,551.85,,557.0,,,3353905,1866388371.3,47254,F1,1,,,,,
2026-04-22,2026-04-22,CM,NSE,STK,12173,INE254N01026,HNDFDS,EQ,,,,,HINDUSTAN FOODS LIMITED,495.0,499.8,493.0,494.95,494.0,497.6,,495.0,,,36862,18270046.15,4963,F1,1,,,,,
2026-04-22,2026-04-22,CM,NSE,STK,19211,INE871K01015,HMVL,EQ,,,,,HINDUSTAN MEDIA VENT LTD,71.79,71.79,68.93,69.44,69.05,68.5,,69.39,,,8776,611709.19,339,F1,1,,,,,
2026-04-22,2026-04-22,CM,NSE,STK,1403,INE345A01011,HINDOILEXP,EQ,,,,,HINDUSTAN OIL EXPLORATION,152.99,154.91,152.11,153.94,154.13,151.78,,153.94,,,448451,68961322.07,4296,F1,1,,,,,
2026-04-22,2026-04-22,CM,NSE,STK,1406,INE094A01015,HINDPETRO,EQ,,,,,HINDUSTAN PETROLEUM CORP,376.3,386.95,376.3,382.55,380.3,384.4,,382.55,,,4754747,1822741290.15,49378,F1,1,,,,,
2026-04-22,2026-04-22,CM,NSE,STK,1394,INE030A01027,HINDUNILVR,EQ,,,,,HINDUSTAN UNILEVER LTD.,2310.4,2408.0,2310.4,2368.8,2366.0,2310.7,,2368.8,,,5558325,13180243579.9,189123,F1,1,,,,,
2026-04-22,2026-04-22,CM,NSE,STK,1424,INE267A01025,HINDZINC,EQ,,,,,HINDUSTAN ZINC LIMITED,595.0,607.9,586.2,604.75,605.0,588.5,,604.75,,,7130375,4257773066.65,82319,F1,1,,,,,
2026-04-22,2026-04-22,CM,NSE,STK,15883,INE05AN01011,HINDWAREAP,EQ,,,,,HINDWARE HME INOVATON LTD,229.71,232.9,226.2,230.11,232.9,230.66,,230.1,,,186354,42854618.36,3435,F1,1,,,,,
2026-04-22,2026-04-22,CM,NSE,STK,19322,INE598C01011,HISARMETAL,EQ,,,,,HISAR METAL IND. LIMITED,157.49,157.5,153.09,155.99,155.99,154.32,,155.99,,,69,10806.01,16,F1,1,,,,,
2026-04-22,2026-04-22,CM,NSE,STK,18457,INE07Y701011,POWERINDIA,EQ,,,,,HITACHI ENERGY INDIA LTD,29905.0,30470.0,29825.0,30335.0,30370.0,29890.0,,30335.0,,,112170,3391919075.0,30654,F1,1,,,,,
2026-04-22,2026-04-22,CM,NSE,STK,15161,INE120D01012,HITECHCORP,EQ,,,,,HITECH CORPORATION LTD,142.0,145.0,137.13,143.82,142.79,144.31,,143.8,,,10724,1519692.62,988,F1,1,,,,,
2026-04-22,2026-04-22,CM,NSE,STK,2289,INE461D01028,HLEGLAS,EQ,,,,,HLE GLASCOAT LIMITED,325.0,334.95,317.4,331.4,332.4,322.0,,331.4,,,131211,43024387.85,3436,F1,1,,,,,
2026-04-22,2026-04-22,CM,NSE,STK,1448,INE102A01024,HLVLTD,EQ,,,,,HLV LIMITED,8.92,9.1,8.88,8.96,9.06,8.92,,8.96,,,221054,1983423.42,914,F1,1,,,,,
2026-04-22,2026-04-22,CM,NSE,STK,17053,INE0ECP01024,HMAAGRO,EQ,,,,,HMA AGRO INDUSTRIES LTD,24.76,25.23,24.02,24.38,24.42,24.76,,24.39,,,635052,15521748.59,1783,F1,1,,,,,
2026-04-22,2026-04-22,CM,NSE,STK,19698,INE262A01018,HMT,BZ,,,,,HMT LTD -,63.95,64.5,62.6,62.89,63.87,63.0,,63.22,,,9941,630225.16,148,F1,1,,,,,
2026-04-22,2026-04-22,CM,NSE,STK,23822,INE0S6S01017,HOACFOODS,SM,,,,,HOAC FOODS INDIA LIMITED,425.1,425.1,425.1,425.1,425.1,444.25,,425.1,,,750,318825.0,1,F1,750,,,,,
2026-04-22,2026-04-22,CM,NSE,STK,18649,INE0LXA01019,HOLMARC,SM,,,,,HOLMARC OPTO MECHATRO L,87.0,91.45,87.0,91.3,91.3,87.1,,91.3,,,3750,338287.5,5,F1,750,,,,,
2026-04-22,2026-04-22,CM,NSE,STK,2056,INE481N01025,HOMEFIRST,EQ,,,,,HOME FIRST FIN CO IND LTD,1175.05,1184.6,1162.55,1173.7,1179.95,1177.8,,1173.8,,,94127,110491900.25,8073,F1,1,,,,,
2026-04-22,2026-04-22,CM,NSE,STK,13526,INE0N7F01017,HOMESFY,SM,,,,,HOMESFY REALTY LIMITED,140.0,147.0,140.0,147.0,147.0,140.0,,147.0,,,600,86100.0,2,F1,300,,,,,
2026-04-22,2026-04-22,CM,NSE,STK,19813,INE0J5401028,HONASA,EQ,,,,,HONASA CONSUMER LIMITED,353.8,359.75,341.1,346.75,341.1,351.6,,346.8,,,985665,346589244.7,25736,F1,1,,,,,
2026-04-22,2026-04-22,CM,NSE,STK,3138,INE634A01018,HONDAPOWER,EQ,,,,,HONDA I POWER PRODUCT LTD,2276.3,2295.0,2250.0,2278.0,2282.0,2278.3,,2278.1,,,8779,19942781.9,1387,F1,1,,,,,
2026-04-22,2026-04-22,CM,NSE,STK,3417,INE671A01010,HONAUT,EQ,,,,,HONEYWELL AUTOMATION IND,32500.0,32795.0,32205.0,32705.0,32715.0,32620.0,,32705.0,,,3502,113839405.0,2060,F1,1,,,,,
2026-04-22,2026-04-22,CM,NSE,STK,17920,INE191I01012,HDIL,BZ,,,,,HOUSING DEV & INFRA LTD,2.18,2.19,2.09,2.09,2.11,2.19,,2.09,,,258103,543728.99,296,F1,1,,,,,
2026-04-22,2026-04-22,CM,NSE,STK,7376,INE0GSL01024,HPAL,EQ,,,,,HP ADHESIVES LIMITED,39.47,40.69,39.4,39.62,39.4,39.47,,39.62,,,60612,2407509.03,569,F1,1,,,,,
2026-04-22,2026-04-22,CM,NSE,STK,18679,INE495S01016,HPL,EQ,,,,,HPL ELECTRIC & POWER LTD,360.0,367.0,356.0,365.6,366.0,360.45,,365.6,,,243383,88572359.75,5896,F1,1,,,,,
2026-04-22,2026-04-22,CM,NSE,STK,21107,INE0R3501012,HRHNEXT,SM,,,,,HRH NEXT SERVICES LIMITED,32.05,35.25,32.05,32.05,32.05,33.7,,32.05,,,24000,793575.0,15,F1,1500,,,,,
2026-04-22,2026-04-22,CM,NSE,STK,761506,INF336L01RX2,HSBCGOLD,EQ,,,,,HSBCAMC - HSBCGOLD,132.27,132.93,130.01,131.46,130.91,131.62,,131.46,,,2884,379913.38,36,F1,1,,,,,
2026-04-22,2026-04-22,CM,NSE,STK,20825,INE031A01017,HUDCO,EQ,,,,,HSG & URBAN DEV CORPN LTD,197.2,201.75,197.04,199.88,199.7,198.36,,199.89,,,3203269,638790090.51,23723,F1,1,,,,,
2026-04-22,2026-04-22,CM,NSE,STK,11979,INE501G01024,HTMEDIA,EQ,,,,,HT MEDIA LIMITED,23.7,24.28,23.0,23.26,23.3,23.7,,23.26,,,48629,1144112.76,194,F1,1,,,,,
2026-04-22,2026-04-22,CM,NSE,STK,14203,INE703H01016,HUBTOWN,EQ,,,,,HUBTOWN LIMITED,215.99,217.0,211.1,213.02,213.5,216.6,,213.02,,,625096,133508913.1,6085,F1,1,,,,,
2026-04-22,2026-04-22,CM,NSE,STK,2562,INE275B01026,HUHTAMAKI,EQ,,,,,HUHTAMAKI INDIA LIMITED,190.49,191.95,188.23,189.97,190.4,189.75,,189.97,,,116426,22080369.62,1799,F1,1,,,,,
2026-04-22,2026-04-22,CM,NSE,STK,25708,INE0TO501019,HVAX,SM,,,,,HVAX TECHNOLOGIES LIMITED,835.0,835.0,804.0,804.0,804.0,809.9,,804.0,,,1350,1090657.5,5,F1,150,,,,,
2026-04-22,2026-04-22,CM,NSE,STK,12809,INE965B01022,HYBRIDFIN,EQ,,,,,HYBRID FINANCIAL SERVICE,21.0,22.4,19.26,21.13,21.2,20.7,,21.13,,,12641,267654.97,162,F1,1,,,,,
2026-04-22,2026-04-22,CM,NSE,STK,25844,INE0V6F01027,HYUNDAI,EQ,,,,,HYUNDAI MOTOR INDIA LTD,1880.0,1880.9,1845.2,1849.5,1851.0,1885.7,,1849.5,,,549604,1024085347.4,39173,F1,1,,,,,
2026-04-22,2026-04-22,CM,NSE,STK,14086,INE204A01010,IGPL,EQ,,,,,I G PETROCHEMICALS LTD,420.0,427.1,420.0,425.3,426.7,421.95,,425.3,,,20722,8803676.45,545,F1,1,,,,,
2026-04-22,2026-04-22,CM,NSE,STK,21348,INE0O7401018,IBLFL,SM,,,,,IBL FINANCE LIMITED,51.65,51.65,51.65,51.65,51.65,49.2,,51.65,,,6000,309900.0,3,F1,2000,,,,,
2026-04-22,2026-04-22,CM,NSE,STK,9610,INE613B01010,ICDSLTD,BE,,,,,ICDSLTD,45.5,47.0,45.5,47.0,47.0,45.8,,47.0,,,305,14165.22,17,F1,1,,,,,
2026-04-22,2026-04-22,CM,NSE,STK,489,INE520Y01019,ICEMAKE,EQ,,,,,ICE MAKE REFRIGERAT LTD,803.25,808.65,798.05,805.55,806.0,801.7,,805.55,,,14366,11535966.2,830,F1,1,,,,,
2026-04-22,2026-04-22,CM,NSE,STK,4963,INE090A01021,ICICIBANK,EQ,,,,,ICICI BANK LTD.,1380.0,1380.1,1365.0,1367.6,1367.8,1388.4,,1367.6,,,13613487,18654924562.1,210901,F1,1,,,,,
2026-04-22,2026-04-22,CM,NSE,STK,21770,INE765G01017,ICICIGI,EQ,,,,,ICICI LOMBARD GIC LIMITED,1832.7,1847.4,1815.0,1829.0,1829.0,1840.0,,1829.0,,,823430,1505864693.5,49616,F1,1,,,,,
2026-04-22,2026-04-22,CM,NSE,STK,21254,INF109KC19U5,LOWVOLIETF,EQ,,,,,ICICI PR NIF LW VL 30 ETF,21.89,21.95,21.67,21.72,21.71,21.91,,21.72,,,1235581,26914482.58,1120,F1,1,,,,,
2026-04-22,2026-04-22,CM,NSE,STK,18652,INE726G01019,ICICIPRULI,EQ,,,,,ICICI PRU LIFE INS CO LTD,550.0,554.4,537.0,540.05,540.0,550.1,,540.05,,,1530498,830969305.7,67643,F1,1,,,,,
2026-04-22,2026-04-22,CM,NSE,STK,17702,INF109KC10W0,MIDSELIETF,EQ,,,,,ICICI PRUD MIDCAP SEL ETF,18.1,18.14,17.84,18.1,18.1,18.11,,18.1,,,246664,4455981.16,771,F1,1,,,,,
2026-04-22,2026-04-22,CM,NSE,STK,30392,INF109KC16V9,NIF100IETF,EQ,,,,,ICICI PRUD NIFTY 100 ETF,28.3,28.3,28.04,28.17,28.29,28.31,,28.17,,,162504,4582705.52,1336,F1,1,,,,,
2026-04-22,2026-04-22,CM,NSE,STK,29553,INF109K012R6,NIFTYIETF,EQ,,,,,ICICI PRUD NIFTY ETF,273.66,276.22,273.66,274.41,274.51,276.23,,274.41,,,627873,172640269.24,15885,F1,1,,,,,
2026-04-22,2026-04-22,CM,NSE,STK,4378,INF346A01034,SENSEXIETF,EQ,,,,,ICICI PRUD SENSEX ETF,905.97,905.97,895.5,897.62,896.0,905.98,,897.22,,,26884,24163904.68,1276,F1,1,,,,,
2026-04-22,2026-04-22,CM,NSE,STK,760407,INE346A01027,ICICIAMC,EQ,,,,,ICICI PRUDENTIAL AMC LTD,3523.9,3597.5,3409.2,3432.4,3431.5,3509.8,,3432.4,,,445062,1546868096.2,43578,F1,1,,,,,
2026-04-22,2026-04-22,CM,NSE,STK,19679,INF109KC1NT3,GOLDIETF,EQ,,,,,ICICI PRUDENTIAL GOLD ETF,129.0,129.72,128.35,129.59,129.47,129.74,,129.59,,,4324713,559860927.85,24900,F1,1,,,,,
2026-04-22,2026-04-22,CM,NSE,STK,17475,INF109KC11V0,NV20IETF,EQ,,,,,ICICI PRUDENTIAL NV20 ETF,14.55,14.55,14.38,14.41,14.46,14.55,,14.41,,,398744,5746882.0,1958,F1,1,,,,,
2026-04-22,2026-04-22,CM,NSE,STK,522,INF109KB15Y7,ICICIB22,EQ,,,,,ICICIPRAMC - BHARATIWIN,125.55,126.07,125.13,125.76,125.83,125.56,,125.76,,,571466,71870577.73,2710,F1,1,,,,,
2026-04-22,2026-04-22,CM,NSE,STK,30139,INF109K1A021,CASHIETF,EQ,,,,,ICICIPRAMC - CASHIETF,1058.81,1058.81,1058.79,1058.8,1058.81,1058.66,,1058.81,,,117476,124383788.7,62,F1,1,,,,,
2026-04-22,2026-04-22,CM,NSE,STK,755881,INF109K1A153,EVIETF,EQ,,,,,ICICIPRAMC - EVIETF,30.11,30.38,29.95,30.26,30.3,30.1,,30.26,,,166658,5040929.08,495,F1,1,,,,,
2026-04-22,2026-04-22,CM,NSE,STK,13143,INF109KC18O0,GSEC10IETF,EQ,,,,,ICICIPRAMC - ICICI10GS,258.48,260.22,258.48,260.2,260.2,258.48,,260.2,,,335,86634.22,8,F1,1,,,,,
2026-04-22,2026-04-22,CM,NSE,STK,3001,INF109KC1V59,BSE500IETF,EQ,,,,,ICICIPRAMC - ICICI500,39.06,39.06,38.67,38.82,38.84,38.86,,38.82,,,181209,7036351.31,1070,F1,1,,,,,
2026-04-22,2026-04-22,CM,NSE,STK,8342,INF109KC14A8,GSEC5IETF,EQ,,,,,ICICIPRAMC - ICICI5GSEC,65.2,65.2,64.63,65.04,65.04,64.88,,65.04,,,3092,200913.95,24,F1,1,,,,,
2026-04-22,2026-04-22,CM,NSE,STK,22344,INF109KC17V7,ALPL30IETF,EQ,,,,,ICICIPRAMC - ICICIALPLV,26.94,26.98,26.73,26.75,26.77,26.86,,26.75,,,381293,10232305.39,935,F1,1,,,,,
2026-04-22,2026-04-22,CM,NSE,STK,7844,INF109KC10V2,AUTOIETF,EQ,,,,,ICICIPRAMC - ICICIAUTO,27.45,27.54,27.23,27.28,27.28,27.45,,27.28,,,726931,19933051.43,1836,F1,1,,,,,
2026-04-22,2026-04-22,CM,NSE,STK,11386,INF109KC18U7,PVTBANIETF,EQ,,,,,ICICIPRAMC - ICICIBANKP,27.54,27.54,27.31,27.42,27.44,27.54,,27.42,,,1921736,52756822.06,1852,F1,1,,,,,
2026-04-22,2026-04-22,CM,NSE,STK,13198,INF109KC19O8,COMMOIETF,EQ,,,,,ICICIPRAMC - ICICICOMMO,103.3,104.45,103.0,104.13,104.41,103.11,,104.12,,,48822,5066380.07,620,F1,1,,,,,
2026-04-22,2026-04-22,CM,NSE,STK,6446,INF109KC1V42,CONSUMIETF,EQ,,,,,ICICIPRAMC - ICICICONSU,119.84,120.1,119.14,119.54,120.0,119.72,,119.54,,,24439,2925066.87,383,F1,1,,,,,
2026-04-22,2026-04-22,CM,NSE,STK,5306,INF109KC19V3,FMCGIETF,EQ,,,,,ICICIPRAMC - ICICIFMCG,54.69,55.1,54.4,54.71,54.77,54.4,,54.71,,,3264320,178719312.03,5594,F1,1,,,,,
2026-04-22,2026-04-22,CM,NSE,STK,10723,INF109KC16E5,INFRAIETF,EQ,,,,,ICICIPRAMC - ICICIINFRA,95.89,96.47,95.69,96.28,96.07,96.03,,96.28,,,125873,12105546.28,4231,F1,1,,,,,
2026-04-22,2026-04-22,CM,NSE,STK,4838,INF109KC1KT9,LIQUIDIETF,EQ,,,,,ICICIPRAMC - ICICILIQ,999.99,1000.01,999.99,999.99,1000.0,999.99,,999.99,,,285722,285721670.72,328,F1,1,,,,,
2026-04-22,2026-04-22,CM,NSE,STK,17152,INF109KC11W8,MIDCAPIETF,EQ,,,,,ICICIPRAMC - ICICIM150,22.9,22.98,22.75,22.89,22.91,22.85,,22.89,,,969717,22200764.14,2282,F1,1,,,,,
2026-04-22,2026-04-22,CM,NSE,STK,10585,INF109KC17C7,MOM30IETF,EQ,,,,,ICICIPRAMC - ICICIMOM30,31.52,31.63,31.43,31.5,31.5,31.52,,31.5,,,513866,16203865.42,1472,F1,1,,,,,
2026-04-22,2026-04-22,CM,NSE,STK,4529,INF109KC1NS5,NEXT50IETF,EQ,,,,,ICICIPRAMC - ICICINXT50,74.77,75.23,74.26,75.12,75.1,74.53,,75.12,,,886339,66421996.88,4553,F1,1,,,,,
2026-04-22,2026-04-22,CM,NSE,STK,3626,INF109KC1Q72,HEALTHIETF,EQ,,,,,ICICIPRAMC - ICICIPHARM,148.83,149.13,147.67,148.55,148.4,148.83,,148.52,,,47866,7107596.78,1050,F1,1,,,,,
2026-04-22,2026-04-22,CM,NSE,STK,17808,INF109KC18V5,QUAL30IETF,EQ,,,,,ICICIPRAMC - ICICIQTY30,21.03,21.12,20.92,20.96,21.12,21.08,,20.96,,,90561,1899790.41,261,F1,1,,,,,
2026-04-22,2026-04-22,CM,NSE,STK,7942,INF109KC1Y56,SILVERIETF,EQ,,,,,ICICIPRAMC - ICICISILVE,242.4,248.4,242.4,246.26,246.0,247.82,,246.26,,,2069288,509773939.06,14187,F1,1,,,,,
2026-04-22,2026-04-22,CM,NSE,STK,22365,INF109KC16I6,ITIETF,EQ,,,,,ICICIPRAMC - ICICITECH,34.41,34.42,33.28,33.68,33.73,34.95,,33.68,,,2358935,79373042.66,5458,F1,1,,,,,
2026-04-22,2026-04-22,CM,NSE,STK,11037,INF109KC15I8,BANKIETF,EQ,,,,,ICICIPRAMC - IPRU5008,58.26,58.69,58.26,58.38,58.49,58.59,,58.38,,,269062,15739968.78,1540,F1,1,,,,,
2026-04-22,2026-04-22,CM,NSE,STK,24861,INF109KC19W1,METALIETF,EQ,,,,,ICICIPRAMC - METALIETF,13.0,13.0,12.87,12.94,12.94,12.89,,12.94,,,6600514,85445750.5,9254,F1,1,,,,,
2026-04-22,2026-04-22,CM,NSE,STK,24533,INF109KC18W3,OILIETF,EQ,,,,,ICICIPRAMC - OILIETF,11.61,11.67,11.51,11.66,11.67,11.58,,11.66,,,1839585,21413730.54,2467,F1,1,,,,,
2026-04-22,2026-04-22,CM,NSE,STK,14584,INF109KC10S8,PSUBNKIETF,EQ,,,,,ICICIPRAMC - PSUBANKICI,90.74,91.83,90.74,91.3,91.32,90.96,,91.3,,,287073,26245538.6,1123,F1,1,,,,,
2026-04-22,2026-04-22,CM,NSE,STK,757781,INF109K1A344,TOP15IETF,EQ,,,,,ICICIPRAMC - TOP15IETF,10.13,10.14,10.02,10.04,10.08,10.13,,10.04,,,82085,825623.75,223,F1,1,,,,,
2026-04-22,2026-04-22,CM,NSE,STK,25851,INF109KC16X5,VAL30IETF,EQ,,,,,ICICIPRAMC - VAL30IETF,16.48,16.48,16.03,16.14,16.15,16.08,,16.15,,,335543,5415139.23,573,F1,1,,,,,
2026-04-22,2026-04-22,CM,NSE,STK,12578,INF109KC17L8,FINIETF,EQ,,,,,ICICIPRAMC-ICICIFIN,32.37,32.37,32.02,32.14,32.14,32.23,,32.14,,,414102,13305117.04,1559,F1,1,,,,,
2026-04-22,2026-04-22,CM,NSE,STK,14523,INE725G01011,ICRA,EQ,,,,,ICRA LIMITED,5429.0,5519.0,5404.5,5424.0,5420.0,5434.5,,5424.0,,,2126,11555878.5,1126,F1,1,,,,,
2026-04-22,2026-04-22,CM,NSE,STK,1476,INE008A01015,IDBI,EQ,,,,,IDBI BANK LIMITED,74.62,75.39,73.69,74.5,74.69,74.72,,74.5,,,10722103,797707951.91,32501,F1,1,,,,,
2026-04-22,2026-04-22,CM,NSE,STK,17140,INE349Y01013,IDEAFORGE,EQ,,,,,IDEAFORGE TECHNO LTD,483.1,568.75,481.9,545.9,539.45,483.9,,545.9,,,15164113,8285404821.55,268235,F1,1,,,,,
2026-04-22,2026-04-22,CM,NSE,STK,28590,INE0TD101011,IDENTICAL,ST,,,,,IDENTICAL BRAINS STUDIO L,23.7,23.7,22.6,22.8,22.6,23.75,,22.8,,,12000,273500.0,6,F1,2000,,,,,
2026-04-22,2026-04-22,CM,NSE,STK,11184,INE092T01019,IDFCFIRSTB,EQ,,,,,IDFC FIRST BANK LIMITED,67.94,68.58,67.6,68.38,68.4,67.94,,68.38,,,16016883,1093015971.43,60975,F1,1,,,,,
2026-04-22,2026-04-22,CM,NSE,STK,1482,INE076C01018,IFBAGRO,EQ,,,,,IFB AGRO INDUSTRIES LTD,872.0,885.0,856.05,869.7,879.35,863.9,,869.9,,,13299,11578217.45,1071,F1,1,,,,,
2026-04-22,2026-04-22,CM,NSE,STK,1485,INE559A01017,IFBIND,EQ,,,,,IFB INDUSTRIES LTD,1138.0,1138.0,1118.7,1123.5,1127.4,1131.25,,1123.5,,,35594,40047542.35,2392,F1,1,,,,,
2026-04-22,2026-04-22,CM,NSE,STK,1491,INE039A01010,IFCI,EQ,,,,,IFCI LTD,61.1,62.08,60.9,61.74,61.88,60.85,,61.74,,,14715571,905560950.39,33253,F1,1,,,,,
2026-04-22,2026-04-22,CM,NSE,STK,436,INE133Y01011,IFGLEXPOR,EQ,,,,,IFGL REFRACTORIES LIMITED,171.25,189.0,171.25,177.76,176.6,174.59,,177.74,,,93991,16976327.79,2552,F1,1,,,,,
2026-04-22,2026-04-22,CM,NSE,STK,759897,INE01XO07017,1225IFL27,N0,,,,,IFL 12.25% 2027,9113.02,9700.0,9111.11,9700.0,9700.0,9700.0,,9700.0,,,21,192432.05,6,F1,1,,,,,
2026-04-22,2026-04-22,CM,NSE,STK,760656,INE01XO07025,1225IFL28,N0,,,,,IFL 12.25% 2028,9111.12,9300.0,9111.12,9300.0,9300.0,9900.0,,9300.0,,,6,55233.36,3,F1,1,,,,,
2026-04-22,2026-04-22,CM,NSE,STK,634,INE188B01013,IGARASHI,EQ,,,,,IGARASHI MOTORS INDIA LTD,339.95,374.4,338.0,360.55,363.0,338.05,,360.35,,,538687,194870611.2,12002,F1,1,,,,,
2026-04-22,2026-04-22,CM,NSE,STK,756154,INE530B07492,1025IIFL30,Y3,,,,,IIFL 10.25% TR I SR IX,1030.0,1040.0,1030.0,1040.0,1040.0,1050.0,,1040.0,,,83,85620.0,3,F1,1,,,,,
2026-04-22,2026-04-22,CM,NSE,STK,761116,INE530B07658,837IIFL28,Y4,,,,,IIFL 8.37% TR I SR I,978.0,985.5,978.0,982.0,982.0,978.4,,982.0,,,84,82468.5,10,F1,1,,,,,
2026-04-22,2026-04-22,CM,NSE,STK,761118,INE530B07633,865IIFL31,Y6,,,,,IIFL 8.65% TR I SR III,978.85,978.85,976.5,976.61,976.5,975.0,,976.61,,,50,48830.8,4,F1,1,,,,,
2026-04-22,2026-04-22,CM,NSE,STK,761121,INE530B07609,9IIFL31,Y9,,,,,IIFL 9.00% TR I SR VI,992.0,993.0,992.0,992.5,992.5,992.0,,971.55,,,21,20841.0,4,F1,1,,,,,
2026-04-22,2026-04-22,CM,NSE,STK,13072,INE489L01022,IIFLCAPS,EQ,,,,,IIFL CAPITAL SERVICES LTD,328.0,330.51,319.75,324.25,324.0,330.0,,324.25,,,1350152,438119741.58,24746,F1,1,,,,,
2026-04-22,2026-04-22,CM,NSE,STK,11809,INE530B01024,IIFL,EQ,,,,,IIFL FINANCE LIMITED,478.9,480.85,466.1,467.65,467.95,476.4,,467.65,,,1418725,667908519.95,30510,F1,1,,,,,
2026-04-22,2026-04-22,CM,NSE,STK,756142,INE530B07526,IIFL21425,NY,,,,,IIFL TR I SR IV,1075.0,1075.0,1075.0,1075.0,1075.0,1075.0,,1065.0,,,15,16125.0,2,F1,1,,,,,
2026-04-22,2026-04-22,CM,NSE,STK,16822,INE0LOJ01019,IKIO,EQ,,,,,IKIO TECHNOLOGIES LIMITED,142.92,146.7,142.92,146.08,146.05,143.82,,146.09,,,46855,6784338.3,1112,F1,1,,,,,
2026-04-22,2026-04-22,CM,NSE,STK,9380,INE369I01014,IL&FSENGG,BZ,,,,,IL&FS ENG AND CONS CO LTD,28.0,28.05,27.0,27.5,28.0,27.99,,27.38,,,14242,391829.4,35,F1,1,,,,,
2026-04-22,2026-04-22,CM,NSE,STK,6711,INE050B01023,IVC,EQ,,,,,IL&FS INVESTMENT MANAGERS,7.67,8.18,7.57,7.93,7.95,7.57,,7.93,,,1306938,10333461.29,2645,F1,1,,,,,
2026-04-22,2026-04-22,CM,NSE,STK,9381,INE975G01012,IL&FSTRANS,BZ,,,,,IL&FS TRANS NET LTD,2.58,2.58,2.43,2.46,2.51,2.53,,2.46,,,20663,51262.71,71,F1,1,,,,,
2026-04-22,2026-04-22,CM,NSE,STK,7672,INE172N01012,IMAGICAA,EQ,,,,,IMAGICAAWORLD ENT LTD,47.75,48.88,47.48,47.78,47.71,47.3,,47.77,,,476821,22896336.71,2533,F1,1,,,,,
2026-04-22,2026-04-22,CM,NSE,STK,25881,INE691G01015,IMPEXFERRO,BZ,,,,,IMPEX FERRO TECH LIMITED,1.72,1.72,1.62,1.67,1.68,1.7,,1.67,,,19087,31144.46,39,F1,1,,,,,
2026-04-22,2026-04-22,CM,NSE,STK,17507,INE452L01012,INCREDIBLE,EQ,,,,,INCREDIBLE INDUSTRIES LTD,36.97,36.99,35.5,35.54,35.95,35.28,,35.54,,,969,34923.11,30,F1,1,,,,,
2026-04-22,2026-04-22,CM,NSE,STK,12009,INE547E01014,IMPAL,EQ,,,,,IND MOTOR PART & ACC LTD,1025.0,1030.0,1015.0,1021.5,1017.0,1020.4,,1021.35,,,1064,1090195.25,215,F1,1,,,,,
2026-04-22,2026-04-22,CM,NSE,STK,4870,INE915B01019,INDSWFTLAB,EQ,,,,,IND SWIFT LABORATORIES LT,144.0,146.49,141.96,142.38,142.5,143.94,,142.38,,,622096,89534229.19,6102,F1,1,,,,,
2026-04-22,2026-04-22,CM,NSE,STK,21957,INE611L01021,INDTERRAIN,EQ,,,,,IND TERRAIN FASHIONS LTD,32.9,33.22,32.18,32.56,32.95,32.8,,32.84,,,23094,750669.81,82,F1,1,,,,,
2026-04-22,2026-04-22,CM,NSE,STK,16933,INE841B01017,INDBANK,EQ,,,,,INDBANK MERCH BANK,35.49,35.86,34.0,34.34,34.46,34.9,,34.36,,,70002,2431569.69,559,F1,1,,,,,
2026-04-22,2026-04-22,CM,NSE,STK,29678,INE0O9T01021,BAJAJINDEF,EQ,,,,,INDEF MANUFACTURING LTD,300.0,307.0,295.5,300.04,303.0,297.86,,300.05,,,27846,8356348.35,630,F1,1,,,,,
2026-04-22,2026-04-22,CM,NSE,STK,23693,INE065X01017,INDGN,EQ,,,,,INDEGENE LIMITED,488.0,500.4,482.1,498.7,499.1,487.25,,498.7,,,206759,101641618.9,10864,F1,1,,,,,
2026-04-22,2026-04-22,CM,NSE,STK,1521,INE560A01023,INDIAGLYCO,EQ,,,,,INDIA GLYCOLS LTD,961.85,987.0,961.85,977.05,982.0,961.85,,977.05,,,118018,115628289.9,7775,F1,1,,,,,
2026-04-22,2026-04-22,CM,NSE,STK,4747,INE092B01025,INDNIPPON,EQ,,,,,INDIA NIPPON ELECT  LTD,780.0,802.9,775.05,795.2,792.1,775.85,,795.2,,,21427,16948768.9,1266,F1,1,,,,,
2026-04-22,2026-04-22,CM,NSE,STK,4934,INE0D6701023,IPL,EQ,,,,,INDIA PESTICIDES LIMITED,156.5,156.75,154.44,154.98,155.0,155.35,,154.98,,,106438,16534707.85,1843,F1,1,,,,,
2026-04-22,2026-04-22,CM,NSE,STK,20556,INE922K01024,INDIASHLTR,EQ,,,,,INDIA SHELTER FIN CORP L,826.05,828.85,801.05,811.45,809.0,821.35,,811.55,,,42576,34648233.5,4715,F1,1,,,,,
2026-04-22,2026-04-22,CM,NSE,STK,19299,INE353K01014,ITDC,EQ,,,,,INDIA TOUR. DEV. CO. LTD.,620.0,632.9,614.0,618.35,616.95,627.95,,618.45,,,249945,155079767.4,7386,F1,1,,,,,
2026-04-22,2026-04-22,CM,NSE,STK,24999,INE126M01010,IBULLSLTD,EQ,,,,,INDIABULLS LIMITED,17.39,17.98,16.5,17.21,17.19,17.47,,17.21,,,10622664,184758586.5,14560,F1,1,,,,,
2026-04-22,2026-04-22,CM,NSE,STK,10726,INE933S01016,INDIAMART,EQ,,,,,INDIAMART INTERMESH LTD,2155.0,2187.0,2142.2,2168.4,2167.5,2167.0,,2168.4,,,81475,176424068.0,18430,F1,1,,,,,
2026-04-22,2026-04-22,CM,NSE,STK,14309,INE562A01011,INDIANB,EQ,,,,,INDIAN BANK,921.05,933.85,921.05,925.35,923.55,921.05,,925.35,,,1910446,1772274403.45,66699,F1,1,,,,,
2026-04-22,2026-04-22,CM,NSE,STK,4422,INE061A01014,INDIANCARD,EQ,,,,,INDIAN CARD CLOTHING CO.,210.0,214.66,205.26,213.94,214.0,214.32,,213.94,,,1132,239121.85,111,F1,1,,,,,
2026-04-22,2026-04-22,CM,NSE,STK,23789,INE0RRU01016,IEML,SM,,,,,INDIAN EMULSIFIERS LTD,83.95,86.6,81.0,82.0,82.0,84.2,,82.0,,,38000,3145750.0,62,F1,500,,,,,
2026-04-22,2026-04-22,CM,NSE,STK,220,INE022Q01020,IEX,EQ,,,,,INDIAN ENERGY EXC LTD,126.47,126.85,125.36,125.78,125.85,126.06,,125.78,,,5313933,669501485.55,29272,F1,1,,,,,
2026-04-22,2026-04-22,CM,NSE,STK,1530,INE323C01030,INDIANHUME,EQ,,,,,INDIAN HUME PIPE CO. LTD.,326.5,337.8,325.85,330.85,331.25,325.85,,330.8,,,155734,51630156.2,6499,F1,1,,,,,
2026-04-22,2026-04-22,CM,NSE,STK,19235,INE919H01018,IMFA,EQ,,,,,INDIAN METALS & FERRO,1511.0,1544.8,1500.0,1519.9,1522.0,1499.2,,1519.9,,,121041,184905226.3,10162,F1,1,,,,,
2026-04-22,2026-04-22,CM,NSE,STK,1624,INE242A01010,IOC,EQ,,,,,INDIAN OIL CORP LTD,146.44,147.9,146.1,147.36,147.3,147.31,,147.37,,,7680576,1130352779.9,58148,F1,1,,,,,
2026-04-22,2026-04-22,CM,NSE,STK,9348,INE565A01014,IOB,EQ,,,,,INDIAN OVERSEAS BANK,34.85,35.5,34.71,35.39,35.4,34.88,,35.39,,,5278095,186220512.57,12789,F1,1,,,,,
2026-04-22,2026-04-22,CM,NSE,STK,25033,INE0DHF01018,IPHL,SM,,,,,INDIAN PHOSPHATE LIMITED,55.0,55.15,52.75,53.25,52.75,54.25,,53.25,,,12000,648420.0,10,F1,1200,,,,,
2026-04-22,2026-04-22,CM,NSE,STK,13611,INE335Y01020,IRCTC,EQ,,,,,INDIAN RAIL TOUR CORP LTD,559.0,561.75,555.3,558.55,559.0,561.2,,558.55,,,892060,497898878.05,33786,F1,1,,,,,
2026-04-22,2026-04-22,CM,NSE,STK,2029,INE053F01010,IRFC,EQ,,,,,INDIAN RAILWAY FIN CORP L,103.11,106.66,102.99,105.82,106.0,103.61,,105.82,,,21953698,2303134562.7,70432,F1,1,,,,,
2026-04-22,2026-04-22,CM,NSE,STK,20261,INE202E01016,IREDA,EQ,,,,,INDIAN RENEWABLE ENERGY,128.86,142.85,128.68,140.45,140.69,128.86,,140.45,,,73264311,10172295178.3,222236,F1,1,,,,,
2026-04-22,2026-04-22,CM,NSE,STK,762727,INE586E01020,IWP,EQ,,,,,INDIAN WOOD PRODUCTS CO L,34.75,34.75,33.1,33.85,33.85,34.25,,33.95,,,3751,128227.65,64,F1,1,,,,,
2026-04-22,2026-04-22,CM,NSE,STK,2048,INE09VQ01012,INDIGOPNTS,EQ,,,,,INDIGO PAINTS LIMITED,870.1,895.0,865.55,890.9,889.0,874.3,,890.9,,,106246,93904305.35,6873,F1,1,,,,,
2026-04-22,2026-04-22,CM,NSE,STK,20988,INE219X23014,INDIGRID,IV,,,,,INDIGRID INFRASTRUCT TRST,173.94,176.0,173.0,173.94,173.95,173.43,,173.94,,,458534,79784340.0,5493,F1,1,,,,,
2026-04-22,2026-04-22,CM,NSE,STK,757845,INE06ST01018,INDIQUBE,EQ,,,,,INDIQUBE SPACES LIMITED,164.9,169.7,160.62,166.68,166.5,163.97,,166.68,,,391232,64952692.18,3369,F1,1,,,,,
2026-04-22,2026-04-22,CM,NSE,STK,9116,INE760F01028,INDOAMIN,EQ,,,,,INDO AMINES LIMITED,114.0,114.95,112.78,113.43,113.2,114.36,,113.3,,,32659,3706723.4,692,F1,1,,,,,
2026-04-22,2026-04-22,CM,NSE,STK,8614,INE803D01021,INDOBORAX,EQ,,,,,INDO BORAX & CHEMICAL LTD,254.45,255.15,254.01,254.5,254.5,254.46,,254.5,,,22288,5668979.2,341,F1,1,,,,,
2026-04-22,2026-04-22,CM,NSE,STK,11987,INE483B01026,ICIL,EQ,,,,,INDO COUNT INDUSTRIES LTD,273.16,275.9,271.25,274.44,274.79,273.16,,274.45,,,207302,56769643.99,7629,F1,1,,,,,
2026-04-22,2026-04-22,CM,NSE,STK,29025,INE622H01018,INDOFARM,EQ,,,,,INDO FARM EQUIPMENT LTD,147.8,149.13,146.24,148.8,148.61,147.37,,148.8,,,49092,7264677.48,1209,F1,1,,,,,
2026-04-22,2026-04-22,CM,NSE,STK,10993,INE156A01020,INDORAMA,EQ,,,,,INDO RAMA SYNTHETICS LTD,38.47,38.47,37.72,37.99,38.0,37.81,,37.99,,,110294,4192824.06,556,F1,1,,,,,
2026-04-22,2026-04-22,CM,NSE,STK,13275,INE332H01014,INDOTECH,EQ,,,,,INDO TECH TRANSFORM LTD.,2049.9,2245.8,2011.8,2245.8,2245.8,2041.7,,2246.1,,,152847,331451920.9,9794,F1,1,,,,,
2026-04-22,2026-04-22,CM,NSE,STK,25608,INE337M01021,INDOTHAI,EQ,,,,,INDO THAI SEC LTD,305.85,317.2,303.6,309.9,309.0,306.6,,309.9,,,2245809,696719632.3,8030,F1,1,,,,,
2026-04-22,2026-04-22,CM,NSE,STK,25503,INE250Z01010,INDOUS,EQ,,,,,INDO US BIOTECH LTD,106.22,109.23,106.15,106.86,107.0,106.89,,106.86,,,24386,2614697.66,752,F1,1,,,,,
2026-04-22,2026-04-22,CM,NSE,STK,6782,INE567A01028,NIPPOBATRY,EQ,,,,,INDO-NATIONAL LIMITED,321.0,335.95,310.3,318.05,317.35,322.4,,318.05,,,50832,16376582.45,2830,F1,1,,,,,
2026-04-22,2026-04-22,CM,NSE,STK,11677,INE873D01024,INDOCO,EQ,,,,,INDOCO REMEDIES LTD.,215.33,215.33,212.0,214.18,215.0,213.2,,214.19,,,14031,3001160.09,597,F1,1,,,,,
2026-04-22,2026-04-22,CM,NSE,STK,757801,INE05J901018,IGCL,EQ,,,,,INDOGULF CROPSCIENCES LTD,63.0,63.5,61.92,62.76,62.8,62.91,,62.76,,,102168,6418586.97,1005,F1,1,,,,,
2026-04-22,2026-04-22,CM,NSE,STK,19955,INE866K01023,WAAREEINDO,EQ,,,,,INDOSOLAR LIMITED,488.2,488.2,488.2,488.2,488.2,513.85,,487.7,,,16209,7913233.8,424,F1,1,,,,,
2026-04-22,2026-04-22,CM,NSE,STK,3088,INE896L01010,INDOSTAR,EQ,,,,,INDOSTAR CAPITAL FIN LTD,215.99,216.39,199.35,203.53,201.2,215.33,,203.57,,,184816,38227923.21,3134,F1,1,,,,,
2026-04-22,2026-04-22,CM,NSE,STK,14952,INE227G01018,INDOWIND,EQ,,,,,INDOWIND ENERGY LTD,10.54,10.75,10.35,10.59,10.62,10.43,,10.59,,,670513,7068934.04,1333,F1,1,,,,,
2026-04-22,2026-04-22,CM,NSE,STK,11262,INE203G01027,IGL,EQ,,,,,INDRAPRASTHA GAS LTD,167.2,169.45,166.25,169.08,169.24,167.2,,169.08,,,2701299,455511439.44,53385,F1,1,,,,,
2026-04-22,2026-04-22,CM,NSE,STK,4751,INE681B01017,INDRAMEDCO,EQ,,,,,INDRAPRASTHA MEDICAL CORP,405.1,414.5,399.5,400.45,402.0,404.55,,400.45,,,729198,295647907.55,21126,F1,1,,,,,
2026-04-22,2026-04-22,CM,NSE,STK,23036,INE0NHL23019,INDUSINVIT,IV,,,,,INDUS INFRA TRUST,127.2,127.85,126.6,127.06,126.65,127.2,,127.04,,,153988,19554805.24,1939,F1,1,,,,,
2026-04-22,2026-04-22,CM,NSE,STK,29135,INE121J01017,INDUSTOWER,EQ,,,,,INDUS TOWERS LIMITED,414.75,418.6,406.5,408.15,408.2,414.75,,408.15,,,5628398,2314768655.25,60529,F1,1,,,,,
2026-04-22,2026-04-22,CM,NSE,STK,5258,INE095A01012,INDUSINDBK,EQ,,,,,INDUSIND BANK LIMITED,851.0,873.0,851.0,870.1,870.25,856.4,,870.1,,,2253573,1954877149.3,34183,F1,1,,,,,
2026-04-22,2026-04-22,CM,NSE,STK,762717,INE620D01011,INDPRUD,EQ,,,,,INDUSTRIAL & PRU INV CO L,6620.05,6701.0,6400.0,6701.0,6701.0,6596.6,,6682.5,,,65,429588.45,44,F1,1,,,,,
2026-04-22,2026-04-22,CM,NSE,STK,19525,INE886A01014,IITL,EQ,,,,,INDUSTRIAL INV TRUST LTD,161.33,189.85,160.6,183.95,183.95,161.39,,183.96,,,142049,24398759.66,2843,F1,1,,,,,
2026-04-22,2026-04-22,CM,NSE,STK,15036,INE0MRE01011,INFINIUM,SM,,,,,INFINIUM PHARMACHEM LTD,214.5,214.95,210.1,210.2,210.2,213.5,,210.2,,,2500,532125.0,5,F1,500,,,,,
2026-04-22,2026-04-22,CM,NSE,STK,757602,INE0MYZ01012,INFLUX,SM,,,,,INFLUX HEALTHTECH LIMITED,270.0,273.0,263.0,266.7,264.55,266.35,,266.7,,,15000,4016670.0,24,F1,600,,,,,
2026-04-22,2026-04-22,CM,NSE,STK,13751,INE663F01032,NAUKRI,EQ,,,,,INFO EDGE (I) LTD,1066.0,1077.6,1044.1,1052.7,1049.25,1077.7,,1052.65,,,2100144,2215966756.9,57635,F1,1,,,,,
2026-04-22,2026-04-22,CM,NSE,STK,11027,INE344S01016,INFOBEAN,EQ,,,,,INFOBEANS TECHNO. LTD.,174.9,184.0,174.84,182.67,182.5,176.26,,182.66,,,652659,118411199.49,8905,F1,1,,,,,
2026-04-22,2026-04-22,CM,NSE,STK,16588,INE0NNZ01013,INFOLLION,SM,,,,,INFOLLION RESEARCH SER L,252.1,255.0,245.0,246.35,245.0,255.4,,246.35,,,19200,4816100.0,46,F1,400,,,,,
2026-04-22,2026-04-22,CM,NSE,STK,13693,INE669A01022,INFOMEDIA,EQ,,,,,INFOMEDIA PRESS LIMITED,6.26,6.26,5.52,5.85,5.9,5.97,,5.88,,,22154,128406.33,150,F1,1,,,,,
2026-04-22,2026-04-22,CM,NSE,STK,1594,INE009A01021,INFY,EQ,,,,,INFOSYS LIMITED,1295.0,1297.7,1255.9,1268.6,1268.8,1313.2,,1268.6,,,20088378,25498272367.7,477139,F1,1,,,,,
2026-04-22,2026-04-22,CM,NSE,STK,1597,INE177A01018,INGERRAND,EQ,,,,,INGERSOLL-RAND INDIA LTD,4075.1,4275.0,4044.1,4190.0,4245.9,4076.3,,4189.3,,,36436,153017522.0,7114,F1,1,,,,,
2026-04-22,2026-04-22,CM,NSE,STK,25320,INE0S1D01010,INNOMET,SM,,,,,INNOMET ADVANCED MATERI L,86.0,89.0,86.0,89.0,89.0,86.45,,89.0,,,6600,579600.0,7,F1,600,,,,,
2026-04-22,2026-04-22,CM,NSE,STK,21062,INE0DUT01020,INNOVACAP,EQ,,,,,INNOVA CAPTAB LIMITED,723.65,724.75,702.3,710.4,709.0,723.65,,710.4,,,298490,212067791.65,3075,F1,1,,,,,
2026-04-22,2026-04-22,CM,NSE,STK,27754,INE403Y01018,INNOVANA,EQ,,,,,INNOVANA THINKLABS LTD,390.35,400.0,377.6,395.85,395.0,385.1,,395.85,,,8715,3382672.5,518,F1,1,,,,,
2026-04-22,2026-04-22,CM,NSE,STK,27266,INE070Y01023,ITTL,ST,,,,,INNOVATIVE TYRE & TUBE LT,101.1,101.1,99.1,99.1,99.1,101.1,,99.1,,,525,52237.5,5,F1,105,,,,,
2026-04-22,2026-04-22,CM,NSE,STK,761528,INE0ADB01012,INNOVISION,EQ,,,,,INNOVISION LIMITED,347.8,355.8,341.0,344.25,343.0,351.0,,344.25,,,260381,90732426.25,5531,F1,1,,,,,
2026-04-22,2026-04-22,CM,NSE,STK,12188,INE510W01014,INOXGREEN,EQ,,,,,INOX GREEN ENERGY SER LTD,174.17,180.26,173.1,178.26,177.5,172.93,,178.27,,,3241021,574312260.22,29948,F1,1,,,,,
2026-04-22,2026-04-22,CM,NSE,STK,20607,INE616N01034,INOXINDIA,EQ,,,,,INOX INDIA LIMITED,1493.5,1604.4,1480.0,1592.9,1600.0,1482.6,,1592.9,,,601226,937866669.7,35993,F1,1,,,,,
2026-04-22,2026-04-22,CM,NSE,STK,7852,INE066P01011,INOXWIND,EQ,,,,,INOX WIND LIMITED,100.07,105.0,99.51,104.56,104.15,100.05,,104.56,,,24547014,2525908364.78,65660,F1,1,,,,,
2026-04-22,2026-04-22,CM,NSE,STK,14657,INE070I01018,INSECTICID,EQ,,,,,INSECTICIDES (I) LTD,713.2,724.0,691.05,717.45,724.0,716.15,,717.45,,,53472,37845409.15,2312,F1,1,,,,,
2026-04-22,2026-04-22,CM,NSE,STK,761099,INE0LGX01024,INA,EQ,,,,,INSOLATION ENERGY LIMITED,143.5,153.8,141.11,152.51,153.75,143.6,,152.51,,,1658123,246265384.78,8599,F1,1,,,,,
2026-04-22,2026-04-22,CM,NSE,STK,19154,INE0NDX01019,INSPIRE,SM,,,,,INSPIRE FILMS LIMITED,10.5,10.5,10.5,10.5,10.5,10.5,,10.5,,,4000,42000.0,2,F1,2000,,,,,
2026-04-22,2026-04-22,CM,NSE,STK,13734,INE020G01017,INSPIRISYS,BE,,,,,INSPIRISYS SOLUTIONS LTD,81.5,84.89,81.5,84.69,84.69,83.23,,84.75,,,10887,904438.77,28,F1,1,,,,,
2026-04-22,2026-04-22,CM,NSE,STK,30323,INE418N01035,ESSENTIA,EQ,,,,,INTEGRA ESSENTIA LIMITED,1.38,1.38,1.28,1.34,1.35,1.37,,1.34,,,2483749,3354348.96,1332,F1,1,,,,,
2026-04-22,2026-04-22,CM,NSE,STK,757902,INE0YSH01017,INTEGRITY,SM,,,,,INTEGRITY INFRABUILD DE L,127.0,127.0,127.0,127.0,127.0,123.0,,127.0,,,1200,152400.0,1,F1,1200,,,,,
2026-04-22,2026-04-22,CM,NSE,STK,5926,INE306R01017,INTELLECT,EQ,,,,,INTELLECT DESIGN ARENA,675.0,698.0,660.25,695.7,698.0,677.5,,695.65,,,535452,364454994.65,21301,F1,1,,,,,
2026-04-22,2026-04-22,CM,NSE,STK,20071,INE781A01025,INTENTECH,EQ,,,,,INTENSE TECHNOLOGIES LTD,105.11,108.0,103.81,106.39,106.2,106.76,,106.39,,,25650,2727685.74,417,F1,1,,,,,
2026-04-22,2026-04-22,CM,NSE,STK,24909,INE00M901018,INTERARCH,EQ,,,,,INTERARCH BLDNG SOLTN LTD,2042.0,2084.0,2028.7,2058.2,2070.0,2042.0,,2058.1,,,54761,112822283.6,4861,F1,1,,,,,
2026-04-22,2026-04-22,CM,NSE,STK,11195,INE646L01027,INDIGO,EQ,,,,,INTERGLOBE AVIATION LTD,4674.8,4713.3,4599.9,4640.9,4655.0,4693.1,,4640.9,,,1082869,5048028904.2,64462,F1,1,,,,,
2026-04-22,2026-04-22,CM,NSE,STK,22770,INE0OPC01015,INM,SM,,,,,INTERIORS & MORE LIMITED,175.0,175.0,175.0,175.0,175.0,175.0,,175.0,,,600,105000.0,1,F1,600,,,,,
2026-04-22,2026-04-22,CM,NSE,STK,28378,INE0Q9301021,IGIL,EQ,,,,,INTERNATIO GEMM INS (I) L,362.0,364.2,354.0,362.35,362.5,362.3,,362.35,,,318681,114573627.8,10369,F1,1,,,,,
2026-04-22,2026-04-22,CM,NSE,STK,5606,INE575C01027,INTLCONV,EQ,,,,,INTL CONVEYORS LIMITED,77.61,79.38,77.6,78.15,78.8,78.15,,78.11,,,40894,3206093.49,702,F1,1,,,,,
2026-04-22,2026-04-22,CM,NSE,STK,18479,INE566K01011,ISFT,EQ,,,,,INTRASOFT TECH. LTD,77.98,78.86,75.39,77.86,77.88,77.37,,77.86,,,2173,168271.18,281,F1,1,,,,,
2026-04-22,2026-04-22,CM,NSE,STK,24870,INE878H01024,INVENTURE,EQ,,,,,INVENTURE GRO & SEC LTD,1.02,1.03,1.0,1.02,1.03,1.02,,1.02,,,710444,723294.63,443,F1,1,,,,,
2026-04-22,2026-04-22,CM,NSE,STK,28125,INE115Q01022,IKS,EQ,,,,,INVENTURUS KNOWLEDGE SO L,1435.0,1442.7,1408.0,1426.9,1424.7,1437.8,,1426.9,,,198931,283318108.5,14931,F1,1,,,,,
2026-04-22,2026-04-22,CM,NSE,STK,18292,INF205K01361,IVZINGOLD,EQ,,,,,INVESCO INDIA GOLD ETF,13173.65,13175.0,13100.05,13132.1,13139.0,13173.65,,13135.8,,,382,5018869.35,176,F1,1,,,,,
2026-04-22,2026-04-22,CM,NSE,STK,24217,INF205K01DA9,IVZINNIFTY,EQ,,,,,INVESCO INDIA NIFTY ETF,2788.77,2790.73,2771.7,2777.17,2777.99,2805.98,,2777.17,,,4518,12535257.8,24,F1,1,,,,,
2026-04-22,2026-04-22,CM,NSE,STK,762722,INE155E01016,INVPRECQ,EQ,,,,,INVESTMENT & PREC CAST L,683.0,689.05,620.0,635.45,626.0,681.05,,633.8,,,18234,11597738.1,748,F1,1,,,,,
2026-04-22,2026-04-22,CM,NSE,STK,760139,INE0XJ501010,INVICTA,SM,,,,,INVICTA DIAGNOSTIC LTD,79.0,81.25,77.5,80.85,81.25,79.5,,80.85,,,22400,1780320.0,14,F1,1600,,,,,
2026-04-22,2026-04-22,CM,NSE,STK,20413,INE485C01029,IOLCP,EQ,,,,,IOL CHEM AND PHARMA LTD,91.23,95.0,91.03,94.13,93.85,91.23,,94.13,,,2982372,280570604.07,19435,F1,1,,,,,
2026-04-22,2026-04-22,CM,NSE,STK,1630,INE570A01022,IONEXCHANG,EQ,,,,,ION EXCHANGE (INDIA) LTD,409.7,413.1,400.75,409.75,411.15,406.75,,409.75,,,252517,102821284.3,14485,F1,1,,,,,
2026-04-22,2026-04-22,CM,NSE,STK,1633,INE571A01038,IPCALAB,EQ,,,,,IPCA LABORATORIES LTD,1476.5,1514.0,1466.5,1494.8,1499.2,1476.5,,1494.9,,,310159,464269037.6,18424,F1,1,,,,,
2026-04-22,2026-04-22,CM,NSE,STK,15313,INE821I01022,IRB,EQ,,,,,IRB INFRA DEV LTD.,21.8,22.22,21.72,22.15,22.21,21.82,,22.15,,,10818442,237984481.9,22247,F1,1,,,,,
2026-04-22,2026-04-22,CM,NSE,STK,20817,INE183W23014,IRBINVIT,IV,,,,,IRB INVIT FUND,61.9,62.0,61.7,61.88,61.87,61.9,,61.88,,,423342,26191584.19,3655,F1,1,,,,,
2026-04-22,2026-04-22,CM,NSE,STK,4986,INE962Y01021,IRCON,EQ,,,,,IRCON INTERNATIONAL LTD,152.01,156.82,152.01,155.6,155.57,153.13,,155.59,,,4658003,720388658.55,34334,F1,1,,,,,
2026-04-22,2026-04-22,CM,NSE,STK,1391,INE202E07138,880IREDA29,N5,,,,,IREDA 8.80NCDTR I SR II B,1112.59,1112.59,1097.0,1097.0,1097.0,1112.59,,1108.43,,,20,22129.9,7,F1,1,,,,,
2026-04-22,2026-04-22,CM,NSE,STK,2275,INE01GN01025,IRISDOREME,EQ,,,,,IRIS CLOTHINGS LIMITED,35.41,36.82,35.41,36.19,36.05,35.95,,36.19,,,259127,9416858.01,835,F1,1,,,,,
2026-04-22,2026-04-22,CM,NSE,STK,6489,INE864K01010,IRIS,EQ,,,,,IRIS REGTECH SOLUTION LTD,238.23,247.0,232.8,240.64,239.1,240.49,,241.27,,,17988,4284868.76,589,F1,1,,,,,
2026-04-22,2026-04-22,CM,NSE,STK,19597,INE07U701015,IRMENERGY,EQ,,,,,IRM ENERGY LIMITED,211.99,252.66,211.99,252.66,252.66,210.55,,252.92,,,7488772,1795503757.3,63687,F1,1,,,,,
2026-04-22,2026-04-22,CM,NSE,STK,761208,INE413U07442,925ISF28,N0,,,,,ISF 9.25% 2028,9722.0,9722.0,9716.9,9716.9,9716.9,9750.0,,9716.9,,,10,97179.5,4,F1,1,,,,,
2026-04-22,2026-04-22,CM,NSE,STK,757890,INE413U07418,975ISF28,N0,,,,,ISF 9.75% NCD 2028,95000.0,95000.0,95000.0,95000.0,95000.0,96000.0,,95000.0,,,1,95000.0,1,F1,1,,,,,
2026-04-22,2026-04-22,CM,NSE,STK,3329,INE858B01029,ISGEC,EQ,,,,,ISGEC HEAVY ENG LTD,1061.8,1088.2,1048.6,1064.4,1060.0,1047.0,,1064.45,,,110230,117663509.7,7602,F1,1,,,,,
2026-04-22,2026-04-22,CM,NSE,STK,30249,INE561M01018,ISHANCH,EQ,,,,,ISHAN DYES N CHEMICALS L,65.5,66.87,61.25,62.65,62.51,64.98,,62.66,,,7505,477627.67,131,F1,1,,,,,
2026-04-22,2026-04-22,CM,NSE,STK,11013,INE0LCW01025,ISHAN,ST,,,,,ISHAN INTERNATIONAL LTD,0.7,0.7,0.65,0.7,0.7,0.65,,0.7,,,240000,165600.0,5,F1,48000,,,,,
2026-04-22,2026-04-22,CM,NSE,STK,22648,INE0R7R01018,ITALIANE,ST,,,,,ITALIAN EDIBLES LIMITED,40.0,40.0,40.0,40.0,40.0,41.3,,40.0,,,2000,80000.0,1,F1,2000,,,,,
2026-04-22,2026-04-22,CM,NSE,STK,29251,INE379A01028,ITCHOTELS,EQ,,,,,ITC HOTELS LIMITED,165.7,166.28,162.4,163.54,163.7,165.05,,163.54,,,2763309,452211416.59,31365,F1,1,,,,,
2026-04-22,2026-04-22,CM,NSE,STK,1660,INE154A01025,ITC,EQ,,,,,ITC LTD,310.0,310.55,305.1,305.5,305.5,309.65,,305.5,,,24500511,7506809236.0,165832,F1,1,,,,,
2026-04-22,2026-04-22,CM,NSE,STK,1675,INE248A01017,ITI,EQ,,,,,ITI LTD,293.95,319.9,292.61,304.23,305.0,294.19,,304.23,,,32536647,10180268321.14,321097,F1,1,,,,,
2026-04-22,2026-04-22,CM,NSE,STK,759041,INE056801025,IVALUE,EQ,,,,,IVALUE INFOSOLUTIONS LTD,283.9,283.9,268.6,277.81,274.15,281.88,,277.8,,,164336,45333146.91,4062,F1,1,,,,,
2026-04-22,2026-04-22,CM,NSE,STK,1681,INE043C01018,IVP,EQ,,,,,IVP LTD,145.92,145.92,142.25,144.33,142.25,142.26,,144.3,,,5644,808100.25,71,F1,1,,,,,
2026-04-22,2026-04-22,CM,NSE,STK,757644,INE1AII01014,IWARE,ST,,,,,IWARE SUPPLYCHAIN SER LTD,271.75,276.1,271.75,275.0,275.0,272.65,,275.0,,,26400,7231020.0,20,F1,1200,,,,,
2026-04-22,2026-04-22,CM,NSE,STK,14178,INE848A01014,IZMO,BE,,,,,IZMO LIMITED,708.6,721.0,708.0,714.8,715.0,708.6,,712.65,,,15697,11228831.6,560,F1,1,,,,,
2026-04-22,2026-04-22,CM,NSE,STK,5633,INE168A01041,J&KBANK,EQ,,,,,J & K BANK LTD.,133.5,134.89,131.8,132.82,132.5,132.2,,132.82,,,3998518,534086100.69,26393,F1,1,,,,,
2026-04-22,2026-04-22,CM,NSE,STK,1726,INE572A01036,JBCHEPHARM,EQ,,,,,J B CHEMICALS AND PHARMA,1990.0,1999.9,1968.7,1977.8,1975.0,1992.9,,1977.8,,,249366,493552459.4,14210,F1,1,,,,,
2026-04-22,2026-04-22,CM,NSE,STK,23056,INE0MB501011,JGCHEM,EQ,,,,,J.G.CHEMICALS LIMITED,404.0,411.25,395.0,404.6,405.0,400.0,,404.55,,,137869,55547506.5,4280,F1,1,,,,,
2026-04-22,2026-04-22,CM,NSE,STK,13211,INE199G01027,JAGRAN,EQ,,,,,JAGRAN PRAKASHAN LIMITED,65.63,67.23,65.63,66.97,67.0,65.63,,66.97,,,238271,15874866.71,2072,F1,1,,,,,
2026-04-22,2026-04-22,CM,NSE,STK,4410,INE048B01035,JAGSNPHARM,EQ,,,,,JAGSONPAL PHARMACEUTICALS,195.7,201.0,195.7,200.14,200.5,196.5,,200.13,,,195208,38796891.41,2756,F1,1,,,,,
2026-04-22,2026-04-22,CM,NSE,STK,11256,INE091G01026,JAIBALAJI,EQ,,,,,JAI BALAJI INDUSTRIES LTD,71.85,73.28,71.69,72.58,73.0,72.1,,72.57,,,1514688,109727178.34,14449,F1,1,,,,,
2026-04-22,2026-04-22,CM,NSE,STK,5143,INE070D01027,JAICORPLTD,EQ,,,,,JAI CORP LIMITED,114.3,121.88,113.74,118.12,118.31,114.66,,118.07,,,1725054,204117851.87,13143,F1,1,,,,,
2026-04-22,2026-04-22,CM,NSE,STK,25684,IN9175A01010,JISLDVREQS,EQ,,,,,JAIN DVR EQUITY SHARES,24.0,24.18,23.4,23.52,23.8,24.03,,23.52,,,7780,184409.57,131,F1,1,,,,,
2026-04-22,2026-04-22,CM,NSE,STK,10397,INE175A01038,JISLJALEQS,EQ,,,,,JAIN IRRIGATION SYSTEMS,32.51,33.13,31.93,32.38,32.47,32.68,,32.38,,,6369539,206169071.23,18053,F1,1,,,,,
2026-04-22,2026-04-22,CM,NSE,STK,759244,INE0YD401026,JAINREC,EQ,,,,,JAIN RESOURCE RECYCLING L,419.0,427.75,411.5,413.2,414.8,419.7,,413.2,,,1331992,559392571.75,22711,F1,1,,,,,
2026-04-22,2026-04-22,CM,NSE,STK,758303,INE0XIL01012,JAINIK,SM,,,,,JAINIK POWER CABLES LTD,133.0,136.4,130.0,134.0,134.0,133.0,,134.0,,,12000,1580880.0,9,F1,1200,,,,,
2026-04-22,2026-04-22,CM,NSE,STK,11763,INE351F01018,JPPOWER,EQ,,,,,JAIPRAKASH POWER VEN. LTD,18.96,20.4,18.92,20.13,20.2,18.99,,20.13,,,226335685,4498185016.51,112216,F1,1,,,,,
2026-04-22,2026-04-22,CM,NSE,STK,20929,INE349X01015,JALAN,SM,,,,,JALAN TRANSOLU. INDIA LTD,1.85,1.9,1.85,1.85,1.85,1.85,,1.85,,,24000,45300.0,8,F1,3000,,,,,
2026-04-22,2026-04-22,CM,NSE,STK,20778,INE039C01032,JAMNAAUTO,EQ,,,,,JAMNA AUTO IND LTD,124.33,127.48,124.33,126.29,126.49,124.33,,126.29,,,1421839,179246438.44,9271,F1,1,,,,,
2026-04-22,2026-04-22,CM,NSE,STK,22663,INE953L01027,JSFB,EQ,,,,,JANA SMALL FIN BANK LTD,431.0,463.2,427.25,451.45,451.9,433.1,,451.4,,,1596800,719417020.8,29639,F1,1,,,,,
2026-04-22,2026-04-22,CM,NSE,STK,759951,INE00YJ01010,JARO,EQ,,,,,JARO INS OF TEC MG N RE L,440.0,440.0,434.4,435.7,436.0,437.3,,435.7,,,106709,46582035.05,1540,F1,1,,,,,
2026-04-22,2026-04-22,CM,NSE,STK,13982,INE039O01029,JASH,EQ,,,,,JASH ENGINEERING LIMITED,408.0,419.0,403.05,415.45,415.4,408.3,,415.45,,,105504,43546539.95,3992,F1,1,,,,,
2026-04-22,2026-04-22,CM,NSE,STK,25040,INE0SMY01017,JAYBEE,ST,,,,,JAY BEE LAMINATIONS LTD,105.1,109.2,104.15,107.2,108.0,105.1,,107.2,,,23500,2512825.0,40,F1,500,,,,,
2026-04-22,2026-04-22,CM,NSE,STK,1708,INE571B01036,JAYBARMARU,EQ,,,,,JAY BHARAT MARUTI LTD,94.99,96.6,94.31,96.04,95.05,94.36,,96.04,,,139490,13347831.94,1394,F1,1,,,,,
2026-04-22,2026-04-22,CM,NSE,STK,10889,INE0J6801010,KORE,SM,,,,,JAY JALARAM TECHNO LTD,152.4,153.2,148.0,153.2,153.2,145.95,,153.2,,,8500,1298625.0,28,F1,250,,,,,
2026-04-22,2026-04-22,CM,NSE,STK,4041,INE785A01026,JAYAGROGN,EQ,,,,,JAYANT AGRO ORGANICS LTD,207.2,209.99,201.8,204.96,205.79,206.53,,204.96,,,12219,2507936.48,436,F1,1,,,,,
2026-04-22,2026-04-22,CM,NSE,STK,2331,INE854B01010,JAYNECOIND,EQ,,,,,JAYASWAL NECO INDUSTR LTD,99.05,100.35,95.82,97.29,97.1,98.95,,97.29,,,6018988,588229498.66,27906,F1,1,,,,,
2026-04-22,2026-04-22,CM,NSE,STK,759159,INE1AE401014,JAYESH,SM,,,,,JAYESH LOGISTICS LIMITED,170.0,175.0,165.0,166.0,165.0,170.05,,166.0,,,58000,10026150.0,21,F1,1000,,,,,
2026-04-22,2026-04-22,CM,NSE,STK,760073,INE903A01025,JAYKAY,EQ,,,,,JAYKAY ENTERPRISES LTD,160.1,165.74,160.1,163.91,164.5,159.34,,163.98,,,112200,18402747.68,1907,F1,1,,,,,
2026-04-22,2026-04-22,CM,NSE,STK,1720,INE364A01020,JAYSREETEA,EQ,,,,,JAYSHREE TEA & INDUSTRIES,88.99,92.34,88.61,91.52,92.0,89.42,,91.52,,,97751,8891412.55,1323,F1,1,,,,,
2026-04-22,2026-04-22,CM,NSE,STK,11655,INE927D01051,JBMA,EQ,,,,,JBM AUTO LIMITED,624.0,638.0,622.15,628.95,629.3,626.0,,628.95,,,607493,382774747.3,17380,F1,1,,,,,
2026-04-22,2026-04-22,CM,NSE,STK,758115,INE0J5801029,JSLL,EQ,,,,,JEENA SIKHO LIFECARE LTD,676.05,685.25,671.1,681.85,680.0,676.05,,681.85,,,180964,123435890.15,9275,F1,1,,,,,
2026-04-22,2026-04-22,CM,NSE,STK,7211,INE982V01025,JETFREIGHT,EQ,,,,,JET FREIGHT LOGISTICS LTD,20.89,21.13,20.0,20.8,20.85,20.46,,20.8,,,256594,5367625.36,611,F1,1,,,,,
2026-04-22,2026-04-22,CM,NSE,STK,25147,INE0RXB01022,JEYYAM,SM,,,,,JEYYAM GLOBAL FOODS LTD,36.5,36.5,36.15,36.15,36.15,36.5,,36.15,,,8000,291200.0,4,F1,2000,,,,,
2026-04-22,2026-04-22,CM,NSE,STK,10885,INE0LA901015,JFLLIFE,SM,,,,,JFL LIFE SCIENCES LIMITED,9.15,9.2,9.15,9.15,9.15,9.15,,9.15,,,18000,165000.0,3,F1,6000,,,,,
2026-04-22,2026-04-22,CM,NSE,STK,13723,INE544H01014,JHS,BE,,,,,JHS SVEND. LAB. LTD,9.53,9.53,9.0,9.04,9.1,9.11,,9.04,,,42115,383645.84,110,F1,1,,,,,
2026-04-22,2026-04-22,CM,NSE,STK,24145,INE03DD01011,RETAIL,EQ,,,,,JHS SVENDGAARD RETAIL V L,22.5,22.5,20.16,20.63,20.5,20.97,,20.64,,,4231,88162.34,199,F1,1,,,,,
2026-04-22,2026-04-22,CM,NSE,STK,31507,INE147P01019,JPOLYINVST,EQ,,,,,JIND POL INV & FIN CO LTD,1135.2,1150.4,1124.8,1134.3,1144.0,1135.2,,1134.4,,,9940,11310908.1,1440,F1,1,,,,,
2026-04-22,2026-04-22,CM,NSE,STK,13875,INE742C01031,JINDRILL,EQ,,,,,JINDAL DRILLING IND. LTD,540.95,545.15,536.95,541.25,543.5,534.9,,541.25,,,156907,85005301.6,4019,F1,1,,,,,
2026-04-22,2026-04-22,CM,NSE,STK,11743,INE796G01012,JINDALPHOT,EQ,,,,,JINDAL PHOTO LIMITED,1156.05,1156.15,1126.0,1136.7,1128.05,1136.3,,1136.0,,,2005,2281439.7,277,F1,1,,,,,
2026-04-22,2026-04-22,CM,NSE,STK,1756,INE197D01010,JINDALPOLY,EQ,,,,,JINDAL POLY FILMS LIMITED,728.1,740.1,709.95,710.85,713.0,728.1,,710.85,,,89364,64320432.7,2851,F1,1,,,,,
2026-04-22,2026-04-22,CM,NSE,STK,3024,INE324A01032,JINDALSAW,EQ,,,,,JINDAL SAW LIMITED,235.5,246.99,234.4,244.97,243.63,235.83,,244.97,,,4049069,985724615.29,38551,F1,1,,,,,
2026-04-22,2026-04-22,CM,NSE,STK,11236,INE220G01021,JSL,EQ,,,,,JINDAL STAINLESS LIMITED,791.0,793.45,782.05,784.5,784.0,789.4,,784.55,,,572829,451264119.1,34582,F1,1,,,,,
2026-04-22,2026-04-22,CM,NSE,STK,6733,INE749A01030,JINDALSTEL,EQ,,,,,JINDAL STEEL LIMITED,1289.0,1298.4,1272.3,1278.6,1277.0,1288.8,,1278.6,,,1550115,1992656448.2,46163,F1,1,,,,,
2026-04-22,2026-04-22,CM,NSE,STK,20642,INE247D01039,JINDWORLD,EQ,,,,,JINDAL WORLDWIDE LTD,25.6,26.27,25.6,26.13,26.1,25.77,,26.12,,,427780,11146025.39,1509,F1,1,,,,,
2026-04-22,2026-04-22,CM,NSE,STK,759206,INE1FF001016,JKIPL,BE,,,,,JINKUSHAL INDUSTRIES LTD,115.61,115.61,105.25,106.78,109.0,110.11,,106.7,,,497146,55819911.94,1643,F1,1,,,,,
2026-04-22,2026-04-22,CM,NSE,STK,18143,INE758E01017,JIOFIN,EQ,,,,,JIO FIN SERVICES LTD,234.7,241.15,234.55,238.51,238.44,234.75,,238.51,,,40251825,9596442791.09,157866,F1,1,,,,,
2026-04-22,2026-04-22,CM,NSE,STK,19695,INE863T01013,JITFINFRA,BE,,,,,JITF INFRALOGISTICS LTD,322.45,322.45,317.6,317.6,317.6,324.05,,318.2,,,3419,1087925.95,77,F1,1,,,,,
2026-04-22,2026-04-22,CM,NSE,STK,13270,INE823G01014,JKCEMENT,EQ,,,,,JK CEMENT LIMITED,5879.5,6020.0,5877.5,5977.0,5900.0,5920.5,,5977.0,,,82506,493363037.0,18011,F1,1,,,,,
2026-04-22,2026-04-22,CM,NSE,STK,13491,INE786A01032,JKLAKSHMI,EQ,,,,,JK LAKSHMI CEMENT LTD,660.95,670.0,655.1,659.95,665.0,664.85,,659.95,,,689662,455322706.55,9526,F1,1,,,,,
2026-04-22,2026-04-22,CM,NSE,STK,11860,INE789E01012,JKPAPER,EQ,,,,,JK PAPER LIMITED,367.0,388.0,357.6,384.3,388.0,360.9,,384.3,,,764033,287353798.05,18481,F1,1,,,,,
2026-04-22,2026-04-22,CM,NSE,STK,14435,INE573A01042,JKTYRE,EQ,,,,,JK TYRE & INDUSTRIES LTD,424.05,431.6,422.05,426.85,427.1,424.05,,426.85,,,978619,417988382.6,25535,F1,1,,,,,
2026-04-22,2026-04-22,CM,NSE,STK,15266,INE576I01022,JKIL,EQ,,,,,JKUMAR INFR.LTD.,510.5,517.8,510.0,515.1,516.0,514.55,,515.1,,,76461,39338201.0,4688,F1,1,,,,,
2026-04-22,2026-04-22,CM,NSE,STK,13637,INE780C01023,JMFINANCIL,EQ,,,,,JM FINANCIAL LIMITED,132.8,135.43,132.0,133.83,133.87,133.46,,133.83,,,1698167,227073730.9,15960,F1,1,,,,,
2026-04-22,2026-04-22,CM,NSE,STK,23621,INE0OAF01028,JNKINDIA,EQ,,,,,JNK INDIA LIMITED,340.0,344.96,335.72,343.1,344.0,343.78,,343.11,,,241348,82079911.9,5118,F1,1,,,,,
2026-04-22,2026-04-22,CM,NSE,STK,16927,INE839G01010,JOCIL,EQ,,,,,JOCIL LIMITED,125.46,126.5,121.7,126.26,126.07,125.45,,126.26,,,2085,259895.18,98,F1,1,,,,,
2026-04-22,2026-04-22,CM,NSE,STK,762623,INE515A01019,COCKERILL,EQ,,,,,JOHN COCKERILL INDIA LTD.,5224.95,5293.0,5207.0,5277.35,5289.9,5212.65,,5276.8,,,2861,14997754.35,556,F1,1,,,,,
2026-04-22,2026-04-22,CM,NSE,STK,758460,INE718I01012,JSWCEMENT,EQ,,,,,JSW CEMENT LIMITED,128.96,128.96,127.16,127.72,127.81,128.02,,127.72,,,1350433,172635713.57,11574,F1,1,,,,,
2026-04-22,2026-04-22,CM,NSE,STK,1467,INE133A01011,JSWDULUX,EQ,,,,,JSW DULUX LIMITED,2927.0,2956.2,2880.1,2949.1,2954.0,2914.7,,2948.9,,,30169,87885045.0,5937,F1,1,,,,,
2026-04-22,2026-04-22,CM,NSE,STK,17869,INE121E01018,JSWENERGY,EQ,,,,,JSW ENERGY LIMITED,542.6,562.8,540.0,560.55,561.5,546.65,,560.55,,,4197818,2333540726.6,59945,F1,1,,,,,
2026-04-22,2026-04-22,CM,NSE,STK,11880,INE824G01012,JSWHL,EQ,,,,,JSW HOLDINGS LIMITED,13300.0,13400.0,13126.0,13271.0,13288.0,13357.0,,13271.0,,,2639,34998391.0,1238,F1,1,,,,,
2026-04-22,2026-04-22,CM,NSE,STK,19020,INE880J01026,JSWINFRA,EQ,,,,,JSW INFRASTRUCTURE LTD,275.5,278.94,274.9,277.8,277.2,276.52,,277.79,,,670774,186008900.46,11954,F1,1,,,,,
2026-04-22,2026-04-22,CM,NSE,STK,11723,INE019A01038,JSWSTEEL,EQ,,,,,JSW STEEL LIMITED,1283.0,1286.6,1258.4,1263.4,1265.3,1279.6,,1263.4,,,2882614,3649416668.1,52607,F1,1,,,,,
2026-04-22,2026-04-22,CM,NSE,STK,3237,INE643A01035,JTEKTINDIA,EQ,,,,,JTEKT INDIA LIMITED,130.4,133.5,129.04,130.04,130.0,129.13,,130.05,,,193980,25440790.16,3758,F1,1,,,,,
2026-04-22,2026-04-22,CM,NSE,STK,7287,INE391J01032,JTLIND,EQ,,,,,JTL INDUSTRIES LIMITED,70.9,71.96,69.01,71.4,71.6,70.82,,71.4,,,3190596,225423335.71,13103,F1,1,,,,,
2026-04-22,2026-04-22,CM,NSE,STK,29590,INE03CC01015,JUBLCPL,EQ,,,,,JUBILANT AGRI N CON PRO L,1820.9,1867.0,1805.0,1841.7,1850.0,1809.8,,1841.8,,,4343,7985787.4,687,F1,1,,,,,
2026-04-22,2026-04-22,CM,NSE,STK,18096,INE797F01020,JUBLFOOD,EQ,,,,,JUBILANT FOODWORKS LTD,474.6,494.65,473.3,493.1,490.35,471.9,,493.1,,,4625853,2243419603.05,94315,F1,1,,,,,
2026-04-22,2026-04-22,CM,NSE,STK,2783,INE0BY001018,JUBLINGREA,EQ,,,,,JUBILANT INGREVIA LIMITED,662.35,739.9,662.35,698.95,696.1,658.75,,698.95,,,3384928,2393584871.5,132180,F1,1,,,,,
2026-04-22,2026-04-22,CM,NSE,STK,3637,INE700A01033,JUBLPHARMA,EQ,,,,,JUBILANT PHARMOVA LTD,906.95,933.6,900.15,927.95,929.95,906.95,,927.85,,,90149,83164258.65,10618,F1,1,,,,,
2026-04-22,2026-04-22,CM,NSE,STK,7109,INE412C01023,JMA,EQ,,,,,JULLUNDUR MOT AGENCY LTD,86.0,94.8,84.1,91.78,91.25,83.91,,91.78,,,91788,8408357.04,775,F1,1,,,,,
2026-04-22,2026-04-22,CM,NSE,STK,22824,INE696F01016,JUNIPER,EQ,,,,,JUNIPER HOTELS LIMITED,212.0,214.0,207.46,212.87,213.89,209.09,,212.87,,,123211,25974548.29,5595,F1,1,,,,,
2026-04-22,2026-04-22,CM,NSE,STK,18553,INE682M01012,JLHL,EQ,,,,,JUPITER LIFE LINE HOSP L,1298.8,1298.8,1278.5,1292.2,1293.0,1290.9,,1292.1,,,7328,9431876.0,1323,F1,1,,,,,
2026-04-22,2026-04-22,CM,NSE,STK,20224,INE209L01016,JWL,EQ,,,,,JUPITER WAGONS LIMITED,281.7,287.9,280.8,286.57,287.57,281.21,,286.57,,,2206579,628816634.26,29083,F1,1,,,,,
2026-04-22,2026-04-22,CM,NSE,STK,29962,INE599M01018,JUSTDIAL,EQ,,,,,JUSTDIAL LTD.,543.1,550.55,540.1,545.35,546.05,550.9,,545.4,,,298159,162758709.05,10608,F1,1,,,,,
2026-04-22,2026-04-22,CM,NSE,STK,15146,INE668F01031,JYOTHYLAB,EQ,,,,,JYOTHY LABS LIMITED,248.19,261.73,246.73,257.83,257.5,248.19,,257.88,,,1389798,356664271.95,27133,F1,1,,,,,
2026-04-22,2026-04-22,CM,NSE,STK,21334,INE980O01024,JYOTICNC,EQ,,,,,JYOTI CNC AUTOMATION LTD,761.0,773.65,759.2,766.55,765.05,759.05,,766.55,,,687513,526543326.4,18902,F1,1,,,,,
2026-04-22,2026-04-22,CM,NSE,STK,758224,INE1M3T01017,JYOTIGLOBL,ST,,,,,JYOTI GLOBAL PLAST LTD,44.0,44.0,44.0,44.0,44.0,44.0,,44.0,,,2000,88000.0,1,F1,2000,,,,,
2026-04-22,2026-04-22,CM,NSE,STK,1802,INE197A01024,JYOTISTRUC,EQ,,,,,JYOTI STRUCTURES LTD,12.81,13.17,12.4,13.01,12.91,12.8,,13.01,,,13600636,175169959.79,7538,F1,1,,,,,
2026-04-22,2026-04-22,CM,NSE,STK,14667,INE157H01023,KMSUGAR,EQ,,,,,K M SUGAR MILLS LTD,27.57,28.55,27.57,28.41,28.55,27.73,,28.41,,,245687,6941495.84,1817,F1,1,,,,,
2026-04-22,2026-04-22,CM,NSE,STK,27079,INE127T01021,KPEL,EQ,,,,,K.P. ENERGY LIMITED,349.94,356.36,345.01,353.6,354.5,349.94,,353.6,,,326243,114923892.12,6044,F1,1,,,,,
2026-04-22,2026-04-22,CM,NSE,STK,23459,INE0DEZ01013,K2INFRA,SM,,,,,K2 INFRAGEN LIMITED,50.5,50.5,48.5,49.4,48.7,49.75,,49.4,,,13200,653400.0,19,F1,600,,,,,
2026-04-22,2026-04-22,CM,NSE,STK,1805,INE900B01029,KABRAEXTRU,EQ,,,,,KABRA EXTRUSION TECHNIK L,232.64,265.0,231.0,253.67,255.9,233.86,,253.65,,,251528,64583436.22,5233,F1,1,,,,,
2026-04-22,2026-04-22,CM,NSE,STK,29192,INE0XOW01017,KKJEWELS,SM,,,,,KABRA JEWELS LIMITED,108.85,109.0,108.85,109.0,109.0,108.9,,109.0,,,3000,326750.0,3,F1,1000,,,,,
2026-04-22,2026-04-22,CM,NSE,STK,1808,INE217B01036,KAJARIACER,EQ,,,,,KAJARIA CERAMICS LTD,1187.1,1220.75,1180.1,1202.7,1200.0,1194.1,,1202.8,,,861804,1035663376.1,29963,F1,1,,,,,
2026-04-22,2026-04-22,CM,NSE,STK,1811,INE437B01014,KAKATCEM,EQ,,,,,KAKATIYA CEM SUGAR &IND L,147.0,151.9,143.0,144.34,143.56,148.36,,144.37,,,31881,4643500.61,1120,F1,1,,,,,
2026-04-22,2026-04-22,CM,NSE,STK,25446,INE0T0L01014,KALANA,ST,,,,,KALANA ISPAT LIMITED,25.0,25.0,24.5,24.5,24.5,25.0,,24.5,,,4000,99000.0,2,F1,2000,,,,,
2026-04-22,2026-04-22,CM,NSE,STK,758558,INE227J01012,KALPATARU,EQ,,,,,KALPATARU LIMITED,332.9,333.7,326.8,332.15,332.85,328.0,,332.15,,,29006,9590368.35,1493,F1,1,,,,,
2026-04-22,2026-04-22,CM,NSE,STK,1814,INE220B01022,KPIL,EQ,,,,,KALPATARU PROJECT INT LTD,1244.2,1273.1,1240.0,1266.0,1262.7,1249.1,,1269.4,,,98915,124593133.2,12796,F1,1,,,,,
2026-04-22,2026-04-22,CM,NSE,STK,2955,INE303R01014,KALYANKJIL,EQ,,,,,KALYAN JEWELLERS IND LTD,415.5,417.15,411.4,414.25,414.8,415.1,,414.25,,,3493244,1446226783.5,36192,F1,1,,,,,
2026-04-22,2026-04-22,CM,NSE,STK,15156,INE314G01014,KALYANIFRG,EQ,,,,,KALYANI FORGE LIMITED,592.1,619.4,592.1,609.35,612.3,602.8,,609.35,,,622,378521.5,83,F1,1,,,,,
2026-04-22,2026-04-22,CM,NSE,STK,21119,INE029L01018,KICL,EQ,,,,,KALYANI INVEST CO LTD,4862.7,4997.9,4804.5,4923.5,4930.0,4822.9,,4924.0,,,1913,9364075.3,629,F1,1,,,,,
2026-04-22,2026-04-22,CM,NSE,STK,18889,INE907A01026,KSL,EQ,,,,,KALYANI STEELS LIMITED,787.4,817.5,783.15,813.65,812.0,785.8,,813.7,,,117580,94240309.75,7336,F1,1,,,,,
2026-04-22,2026-04-22,CM,NSE,STK,762732,INE411F01010,KAMAHOLD,EQ,,,,,KAMA HOLDINGS LTD.,2501.05,2537.0,2492.3,2517.1,2504.0,2492.3,,2516.7,,,939,2367899.3,142,F1,1,,,,,
2026-04-22,2026-04-22,CM,NSE,STK,1826,INE967C01018,KAMATHOTEL,EQ,,,,,KAMAT HOTELS (I) LTD,169.8,176.0,168.1,174.11,174.7,168.76,,174.11,,,91194,15722603.16,1455,F1,1,,,,,
2026-04-22,2026-04-22,CM,NSE,STK,13457,INE390H01020,KAMDHENU,EQ,,,,,KAMDHENU LIMITED,22.45,23.45,22.09,22.84,22.72,22.5,,22.84,,,1241561,28547379.09,3696,F1,1,,,,,
2026-04-22,2026-04-22,CM,NSE,STK,13817,INE0BTI01037,KAMOPAINTS,BE,,,,,KAMDHENU VENTURES LIMITED,5.56,5.79,5.56,5.64,5.62,5.68,,5.64,,,240862,1360416.67,578,F1,1,,,,,
2026-04-22,2026-04-22,CM,NSE,STK,25786,INE879E01037,KANANIIND,EQ,,,,,KANANI INDUSTRIES LTD,1.69,1.72,1.62,1.7,1.7,1.69,,1.7,,,144184,246166.95,325,F1,1,,,,,
2026-04-22,2026-04-22,CM,NSE,STK,762737,INE081G01019,KANCHI,EQ,,,,,KANCHI KARPOORAM LTD.,393.0,396.4,372.0,379.8,396.4,400.0,,380.25,,,2558,971461.85,215,F1,1,,,,,
2026-04-22,2026-04-22,CM,NSE,STK,11208,INE0MOT01016,KANDARP,SM,,,,,KANDARP DG SMART BPO LTD,147.0,148.5,147.0,147.75,148.5,146.25,,147.75,,,2000,295500.0,2,F1,1000,,,,,
2026-04-22,2026-04-22,CM,NSE,STK,1835,INE138C01024,KANORICHEM,EQ,,,,,KANORIA CHEMICALS & INDUS,77.2,82.2,75.1,81.58,82.2,78.34,,81.67,,,49695,3988648.16,682,F1,1,,,,,
2026-04-22,2026-04-22,CM,NSE,STK,1782,INE694E01014,KANPRPLA,EQ,,,,,KANPUR PLASTIPACK LIMITED,195.38,200.23,195.38,199.56,197.0,199.29,,199.37,,,3771,748674.01,147,F1,1,,,,,
2026-04-22,2026-04-22,CM,NSE,STK,1196,INE531A01024,KANSAINER,EQ,,,,,KANSAI NEROLAC PAINTS LTD,204.95,208.59,203.1,204.04,204.35,206.24,,204.04,,,451812,93226038.59,11392,F1,1,,,,,
2026-04-22,2026-04-22,CM,NSE,STK,18969,INE542Z01028,KAPSTON,BE,,,,,KAPSTON SERVICES LIMITED,341.0,344.5,328.0,331.45,330.0,337.9,,331.45,,,17967,5998960.35,501,F1,1,,,,,
2026-04-22,2026-04-22,CM,NSE,STK,24385,INE725L01011,KARMAENG,EQ,,,,,KARMA ENERGY LIMITED,53.35,53.35,51.0,51.92,51.5,52.21,,51.87,,,5245,269876.68,69,F1,1,,,,,
2026-04-22,2026-04-22,CM,NSE,STK,8054,INE614B01018,KTKBANK,EQ,,,,,KARNATAKA BANK LIMITED,253.0,254.0,249.6,250.64,250.28,250.32,,250.64,,,1928406,485733422.22,22733,F1,1,,,,,
2026-04-22,2026-04-22,CM,NSE,STK,19465,INE0MGA01012,KARNIKA,SM,,,,,KARNIKA INDUSTRIES LTD,136.0,137.9,136.0,136.0,136.0,135.55,,136.0,,,18000,2462700.0,18,F1,1000,,,,,
2026-04-22,2026-04-22,CM,NSE,STK,1838,INE036D01028,KARURVYSYA,EQ,,,,,KARUR VYSYA BANK LTD,292.0,301.55,289.6,300.45,301.0,290.7,,300.4,,,4976858,1480460457.75,76556,F1,1,,,,,
2026-04-22,2026-04-22,CM,NSE,STK,24528,INE0SVY01018,KATARIA,SM,,,,,KATARIA INDUSTRIES LTD,120.9,125.85,120.9,124.2,124.2,121.5,,124.2,,,13800,1708410.0,22,F1,600,,,,,
2026-04-22,2026-04-22,CM,NSE,STK,15136,INE234I01028,KAUSHALYA,EQ,,,,,KAUSHALYA INFRA DEV LTD.,866.45,936.0,866.4,916.55,936.0,865.8,,921.65,,,389,349225.25,72,F1,1,,,,,
2026-04-22,2026-04-22,CM,NSE,STK,21186,INE0Q2V01012,KLL,SM,,,,,KAUSHALYA LOGISTICS LTD,41.2,41.2,38.7,39.75,41.0,42.35,,39.75,,,9600,382600.0,9,F1,800,,,,,
2026-04-22,2026-04-22,CM,NSE,STK,14972,INE455I01029,KSCL,EQ,,,,,KAVERI SEED CO. LTD.,946.4,956.5,930.05,935.15,938.0,945.15,,935.1,,,89190,84119357.15,4075,F1,1,,,,,
2026-04-22,2026-04-22,CM,NSE,STK,15248,INE641C01019,KAVDEFENCE,BE,,,,,KAVVERI DFS & WIR TEC LTD,68.99,69.74,66.3,68.08,68.47,69.11,,68.11,,,63616,4324512.02,654,F1,1,,,,,
2026-04-22,2026-04-22,CM,NSE,STK,21185,INE0RCG01017,KCEIL,ST,,,,,KAY CEE ENERGY & INFRA L,135.0,135.0,129.6,129.6,129.6,136.4,,129.6,,,34500,4503150.0,67,F1,500,,,,,
2026-04-22,2026-04-22,CM,NSE,STK,10276,INE587G01015,KAYA,EQ,,,,,KAYA LIMITED,272.0,282.78,266.1,269.88,269.0,278.04,,269.87,,,21567,5885775.64,711,F1,1,,,,,
2026-04-22,2026-04-22,CM,NSE,STK,12092,INE918Z01012,KAYNES,EQ,,,,,KAYNES TECHNOLOGY IND LTD,4225.1,4476.2,4220.0,4458.9,4461.9,4247.3,,4458.9,,,1904268,8345160560.8,103126,F1,1,,,,,
2026-04-22,2026-04-22,CM,NSE,STK,758868,INE13ZD01013,KAYTEX,SM,,,,,KAYTEX FABRICS LIMITED,72.9,74.5,72.0,73.25,74.5,71.95,,73.25,,,7200,527160.0,8,F1,800,,,,,
2026-04-22,2026-04-22,CM,NSE,STK,10293,INE0J1E01027,KCK,SM,,,,,KCK INDUSTRIES LTD,12.45,13.05,12.05,12.85,13.05,12.45,,12.85,,,160000,2024000.0,36,F1,2500,,,,,
2026-04-22,2026-04-22,CM,NSE,STK,1841,INE805C01028,KCP,EQ,,,,,KCP LTD,177.8,179.0,175.0,176.45,177.45,177.8,,176.45,,,213431,37762090.55,2092,F1,1,,,,,
2026-04-22,2026-04-22,CM,NSE,STK,4809,INE790B01024,KCPSUGIND,EQ,,,,,KCP SUGAR IND CORP LTD.,26.3,27.4,25.7,27.07,27.1,25.84,,27.07,,,212030,5630540.55,1253,F1,1,,,,,
2026-04-22,2026-04-22,CM,NSE,STK,14908,INE291D01011,KDDL,EQ,,,,,KDDL LIMITED,2420.6,2571.8,2391.9,2551.4,2555.1,2402.0,,2551.4,,,55840,139259076.9,7106,F1,1,,,,,
2026-04-22,2026-04-22,CM,NSE,STK,13260,INE389H01022,KEC,EQ,,,,,KEC INTL. LIMITED,582.0,593.9,580.0,588.95,589.0,583.6,,588.95,,,888214,523046677.45,23614,F1,1,,,,,
2026-04-22,2026-04-22,CM,NSE,STK,13310,INE878B01027,KEI,EQ,,,,,KEI INDUSTRIES LTD.,4825.8,4942.3,4803.5,4909.7,4899.0,4825.7,,4910.1,,,280906,1374674215.5,27333,F1,1,,,,,
2026-04-22,2026-04-22,CM,NSE,STK,13430,INE164B01030,KELLTONTEC,EQ,,,,,KELLTON TECH SOL LTD,15.9,16.28,15.86,16.19,16.12,16.06,,16.19,,,2613745,42085188.31,5925,F1,1,,,,,
2026-04-22,2026-04-22,CM,NSE,STK,29547,INE15DO01012,KEN,SM,,,,,KEN ENTERPRISES LIMITED,39.7,39.7,36.55,36.85,36.9,38.0,,36.85,,,10800,404340.0,9,F1,1200,,,,,
2026-04-22,2026-04-22,CM,NSE,STK,11841,INE717A01029,KENNAMET,EQ,,,,,KENNAMETAL INDIA LIMITED,2467.4,2594.5,2467.4,2527.2,2553.9,2505.0,,2533.2,,,3916,10008802.6,545,F1,1,,,,,
2026-04-22,2026-04-22,CM,NSE,STK,13121,INE202H01019,KERNEX,EQ,,,,,KERNEX MICROSYS(I) LTD,1187.0,1244.55,1185.8,1225.2,1229.0,1178.3,,1225.2,,,209456,256325692.4,9520,F1,1,,,,,
2026-04-22,2026-04-22,CM,NSE,STK,1859,INE087A01019,KESORAMIND,EQ,,,,,KESORAM INDUSTRIES LTD,11.15,11.39,10.59,10.88,10.99,10.92,,10.88,,,1741390,19198345.38,2261,F1,1,,,,,
2026-04-22,2026-04-22,CM,NSE,STK,13381,INE401H01017,KKCL,EQ,,,,,KEWAL KIRAN CLOTHING LTD,475.85,483.7,475.8,480.75,479.0,475.85,,480.75,,,10150,4863143.5,795,F1,1,,,,,
2026-04-22,2026-04-22,CM,NSE,STK,4157,INE681C01015,KEYFINSERV,EQ,,,,,KEYNOTE FIN SERV LTD.,290.0,349.9,288.8,309.83,310.47,293.2,,309.82,,,59378,19345503.42,2774,F1,1,,,,,
2026-04-22,2026-04-22,CM,NSE,STK,12219,INE263M01029,RUSTOMJEE,EQ,,,,,KEYSTONE REALTORS LIMITED,400.7,402.0,396.6,398.9,402.0,401.75,,398.9,,,69862,27897714.25,2934,F1,1,,,,,
2026-04-22,2026-04-22,CM,NSE,STK,13359,INE138Y01010,KFINTECH,EQ,,,,,KFIN TECHNOLOGIES LIMITED,998.0,1006.0,980.0,990.0,990.0,996.95,,990.0,,,795548,787855188.15,30619,F1,1,,,,,
2026-04-22,2026-04-22,CM,NSE,STK,425,INE834I01025,KHADIM,EQ,,,,,KHADIM INDIA LIMITED,103.5,105.35,101.0,104.37,103.14,103.44,,104.37,,,66845,6882514.73,1544,F1,1,,,,,
2026-04-22,2026-04-22,CM,NSE,STK,3912,INE731C01018,KHAITANLTD,EQ,,,,,KHAITAN (INDIA)LTD.,127.4,128.9,122.0,123.07,122.7,126.06,,123.04,,,14451,1798044.61,341,F1,1,,,,,
2026-04-22,2026-04-22,CM,NSE,STK,896,INE745B01028,KHAICHEM,EQ,,,,,KHAITAN CHEM & FERT LTD,61.59,63.06,60.8,62.71,62.7,61.59,,62.7,,,308088,19057611.97,2686,F1,1,,,,,
2026-04-22,2026-04-22,CM,NSE,STK,9641,INE060B01014,KHANDSE,EQ,,,,,KHANDWALA SECURITIES LTD,17.1,17.1,15.67,15.84,15.77,16.05,,15.84,,,11928,198996.68,88,F1,1,,,,,
2026-04-22,2026-04-22,CM,NSE,STK,762747,INE338F01015,KLBRENG-B,EQ,,,,,KILBURN ENGINEERING LTD.,530.15,532.0,522.0,526.7,527.0,530.1,,526.75,,,77828,40901732.7,1931,F1,1,,,,,
2026-04-22,2026-04-22,CM,NSE,STK,19937,INE729D01010,KILITCH,EQ,,,,,KILITCH DRUGS INDIA LTD,145.03,156.4,144.06,154.16,155.09,143.59,,154.15,,,254546,38283120.12,3014,F1,1,,,,,
2026-04-22,2026-04-22,CM,NSE,STK,18944,INE473D01015,KINGFA,EQ,,,,,KINGFA SCI & TEC IND LTD.,4839.4,4871.9,4771.2,4826.5,4806.5,4801.0,,4826.4,,,4471,21510037.2,941,F1,1,,,,,
2026-04-22,2026-04-22,CM,NSE,STK,19126,INE880L01014,KIOCL,EQ,,,,,KIOCL LIMITED,405.0,423.1,402.8,413.65,414.0,405.8,,413.65,,,889675,368933486.15,23956,F1,1,,,,,
2026-04-22,2026-04-22,CM,NSE,STK,762742,INE555P01013,KIRANVYPAR,EQ,,,,,KIRAN VYAPAR LTD.,197.9,201.0,194.1,194.15,194.25,195.05,,199.0,,,1090,216221.95,44,F1,1,,,,,
2026-04-22,2026-04-22,CM,NSE,STK,16639,INE415I01015,KIRIINDUS,EQ,,,,,KIRI INDUSTRIES LIMITED,415.35,426.95,415.0,422.25,420.1,418.15,,422.25,,,264331,111325884.4,5872,F1,1,,,,,
2026-04-22,2026-04-22,CM,NSE,STK,18581,INE732A01036,KIRLOSBROS,EQ,,,,,KIRLOSKAR BROTHERS LTD,1757.8,1775.0,1720.0,1740.0,1740.0,1755.4,,1740.0,,,104630,181616728.0,11862,F1,1,,,,,
2026-04-22,2026-04-22,CM,NSE,STK,18224,INE134B01017,KECL,BE,,,,,KIRLOSKAR ELECTRIC CO LTD,135.5,135.5,130.09,130.13,130.09,136.93,,130.59,,,177255,23210724.6,1295,F1,1,,,,,
2026-04-22,2026-04-22,CM,NSE,STK,14466,INE884B01025,KIRLFER,EQ,,,,,KIRLOSKAR FERROUS IND LTD,438.0,443.75,430.0,438.4,440.35,431.15,,439.05,,,29953,13086123.05,1705,F1,1,,,,,
2026-04-22,2026-04-22,CM,NSE,STK,19025,INE250A01039,KIRLOSIND,EQ,,,,,KIRLOSKAR INDUSTRIES LTD,3340.4,3384.5,3255.0,3327.6,3327.0,3307.3,,3327.5,,,11615,38331577.1,2618,F1,1,,,,,
2026-04-22,2026-04-22,CM,NSE,STK,20936,INE146L01010,KIRLOSENG,EQ,,,,,KIRLOSKAR OIL ENG LTD,1655.0,1675.0,1632.4,1640.1,1639.0,1663.3,,1640.1,,,285318,470924399.5,22613,F1,1,,,,,
2026-04-22,2026-04-22,CM,NSE,STK,15180,INE811A01020,KIRLPNU,EQ,,,,,KIRLOSKAR PNEUMATIC COM L,1362.1,1371.0,1349.8,1354.9,1352.3,1362.1,,1354.9,,,42534,57690427.3,5940,F1,1,,,,,
2026-04-22,2026-04-22,CM,NSE,STK,28899,INE602G01020,KITEX,EQ,,,,,KITEX GARMENTS LTD,172.2,173.49,170.71,172.37,172.86,172.17,,172.35,,,514829,88567785.45,3893,F1,1,,,,,
2026-04-22,2026-04-22,CM,NSE,STK,760923,INE0KNW01016,KNAGRI,EQ,,,,,KN AGRI RESOURCES LIMITED,198.16,200.0,193.35,197.19,200.0,198.36,,197.19,,,5909,1166566.73,426,F1,1,,,,,
2026-04-22,2026-04-22,CM,NSE,STK,27084,INE0CJD01029,KMEW,EQ,,,,,KNOWLEDGE MARINE & EN W L,1687.2,1745.0,1677.0,1739.8,1735.0,1695.6,,1739.7,,,54493,93913577.7,4549,F1,1,,,,,
2026-04-22,2026-04-22,CM,NSE,STK,758431,INE1JAR25012,KRT,RR,,,,,KNOWLEDGE REALTY TRUST,117.0,117.49,116.05,116.26,116.07,116.97,,116.26,,,378106,44107438.57,23072,F1,1,,,,,
2026-04-22,2026-04-22,CM,NSE,STK,15283,INE634I01029,KNRCON,EQ,,,,,KNR CONSTRU LTD.,122.5,124.23,121.51,123.59,123.3,120.91,,123.6,,,3359834,413299985.78,34304,F1,1,,,,,
2026-04-22,2026-04-22,CM,NSE,STK,18754,INE0Q7P01013,KODYTECH,ST,,,,,KODY TECHNOLAB LIMITED,723.0,723.0,722.0,722.0,722.0,723.2,,722.0,,,1200,867500.0,9,F1,100,,,,,
2026-04-22,2026-04-22,CM,NSE,STK,3009,INE080B01012,KOHINOOR,EQ,,,,,KOHINOOR FOODS LIMITED,25.8,25.8,25.02,25.5,25.57,25.4,,25.5,,,21250,538939.51,190,F1,1,,,,,
2026-04-22,2026-04-22,CM,NSE,STK,16827,INE760A01029,KOKUYOCMLN,EQ,,,,,KOKUYO CAMLIN LIMITED,89.9,89.9,88.41,89.48,89.4,89.29,,89.48,,,17971,1602632.25,393,F1,1,,,,,
2026-04-22,2026-04-22,CM,NSE,STK,15124,INE094I01018,KOLTEPATIL,EQ,,,,,KOLTE PATIL DEV. LTD.,395.2,406.85,391.25,400.25,400.1,400.85,,400.25,,,97591,39181053.2,2623,F1,1,,,,,
2026-04-22,2026-04-22,CM,NSE,STK,22475,INE0QEI01011,KONSTELEC,ST,,,,,KONSTELEC ENGINEERS LTD,51.6,51.6,46.75,46.75,46.75,49.2,,46.75,,,15000,733200.0,15,F1,1000,,,,,
2026-04-22,2026-04-22,CM,NSE,STK,19287,INE0KZ301010,KONTOR,SM,,,,,KONTOR SPACE LIMITED,77.95,80.0,76.05,79.5,80.0,78.0,,79.5,,,6000,468900.0,10,F1,600,,,,,
2026-04-22,2026-04-22,CM,NSE,STK,1919,INE082A01010,KOPRAN,EQ,,,,,KOPRAN LTD,153.9,162.76,151.51,161.18,161.9,152.73,,161.11,,,350238,55197534.56,3742,F1,1,,,,,
2026-04-22,2026-04-22,CM,NSE,STK,16765,INE0O4R01018,KDL,ST,,,,,KORE DIGITAL LIMITED,173.5,173.5,167.0,168.05,169.35,175.75,,168.05,,,18150,3042345.0,73,F1,150,,,,,
2026-04-22,2026-04-22,CM,NSE,STK,14858,INF174KA1HJ8,GOLD1,EQ,,,,,KOTAK GOLD ETF,129.46,129.46,125.01,126.0,125.99,126.31,,126.0,,,4172863,525162436.96,5991,F1,1,,,,,
2026-04-22,2026-04-22,CM,NSE,STK,1922,INE237A01036,KOTAKBANK,EQ,,,,,KOTAK MAHINDRA BANK LTD,378.1,382.8,376.25,376.85,376.95,382.15,,377.0,,,14471487,5476270851.95,154952,F1,1,,,,,
2026-04-22,2026-04-22,CM,NSE,STK,18102,INF174K014P6,NIFTY1,EQ,,,,,KOTAK NIFTY ETF,269.67,270.0,268.19,268.61,268.34,270.31,,268.61,,,91655,24638353.71,1450,F1,1,,,,,
2026-04-22,2026-04-22,CM,NSE,STK,15061,INF373I01023,PSUBANK,EQ,,,,,KOTAK PSU BANK,896.01,908.34,896.0,901.57,903.0,899.89,,901.57,,,204676,184655215.31,1608,F1,1,,,,,
2026-04-22,2026-04-22,CM,NSE,STK,759885,INF174KA1XV0,CHEMICAL,EQ,,,,,KOTAKMAMC - CHEMICAL,27.77,28.19,27.75,28.05,28.19,27.78,,28.05,,,111912,3129054.98,421,F1,1,,,,,
2026-04-22,2026-04-22,CM,NSE,STK,7412,INF174KA1IA5,ALPHA,EQ,,,,,KOTAKMAMC - KOTAKALPHA,49.03,49.33,48.94,49.23,49.1,49.02,,49.23,,,903427,44450457.84,1822,F1,1,,,,,
2026-04-22,2026-04-22,CM,NSE,STK,10512,INF174KA1ZF8,CONS,EQ,,,,,KOTAKMAMC - KOTAKCONS,11.99,11.99,11.82,11.88,11.9,11.87,,11.88,,,35060,415971.37,110,F1,1,,,,,
2026-04-22,2026-04-22,CM,NSE,STK,2627,INF174KA1GC5,IT,EQ,,,,,KOTAKMAMC - KOTAKIT,34.94,34.94,33.14,33.6,33.59,34.95,,33.6,,,1419954,47716822.07,3442,F1,1,,,,,
2026-04-22,2026-04-22,CM,NSE,STK,13950,INF174KA1LV5,LIQUID1,EQ,,,,,KOTAKMAMC - KOTAKLIQ,1100.89,1100.91,1100.89,1100.89,1100.9,1100.74,,1100.89,,,873291,961404486.26,550,F1,1,,,,,
2026-04-22,2026-04-22,CM,NSE,STK,8632,INF174KA1IY5,LOWVOL1,EQ,,,,,KOTAKMAMC - KOTAKLOVOL,20.8,20.83,20.62,20.71,20.62,20.89,,20.71,,,364635,7581872.32,153,F1,1,,,,,
2026-04-22,2026-04-22,CM,NSE,STK,8077,INF174KA1ZC5,MIDCAP,EQ,,,,,KOTAKMAMC - KOTAKMID50,17.44,17.45,17.3,17.38,17.34,17.39,,17.38,,,704020,12242167.93,858,F1,1,,,,,
2026-04-22,2026-04-22,CM,NSE,STK,10676,INF174KA1JF2,MNC,EQ,,,,,KOTAKMAMC - KOTAKMNC,31.71,33.0,31.71,32.89,32.73,32.53,,32.89,,,220233,7238422.28,493,F1,1,,,,,
2026-04-22,2026-04-22,CM,NSE,STK,13082,INF174KA1ZD3,SILVER1,EQ,,,,,KOTAKMAMC - KOTAKSILVE,24.04,24.09,23.67,23.93,23.89,24.06,,23.93,,,16617969,397550730.84,4141,F1,1,,,,,
2026-04-22,2026-04-22,CM,NSE,STK,11457,INF174KA1ZE1,NV20,EQ,,,,,KOTAKMAMC - KTKNV20ETF,14.94,14.94,14.68,14.71,14.81,14.9,,14.71,,,95415,1406152.29,295,F1,1,,,,,
2026-04-22,2026-04-22,CM,NSE,STK,30469,INF174KA1VW2,MID150,EQ,,,,,KOTAKMAMC - MID150,22.54,22.62,18.97,22.5,22.56,22.87,,22.5,,,201164,4524895.21,518,F1,1,,,,,
2026-04-22,2026-04-22,CM,NSE,STK,759488,INF174KA1XS6,MOMENTUM30,EQ,,,,,KOTAKMAMC - MOMENTUM30,31.68,31.68,30.65,30.91,30.97,31.17,,30.91,,,287921,8932385.65,151,F1,1,,,,,
2026-04-22,2026-04-22,CM,NSE,STK,29758,INF174KA1VD2,MSCIINDIA,EQ,,,,,KOTAKMAMC - MSCIINDIA,29.78,29.87,29.64,29.78,29.82,29.89,,29.78,,,16780,499065.86,90,F1,1,,,,,
2026-04-22,2026-04-22,CM,NSE,STK,760709,INF174KA1YO3,NEXT50ETF,EQ,,,,,KOTAKMAMC - NEXT50ETF,71.27,71.99,71.26,71.9,71.99,71.26,,71.9,,,21640,1551315.78,122,F1,1,,,,,
2026-04-22,2026-04-22,CM,NSE,STK,29944,INF174KA1UW4,NIFTY100EW,EQ,,,,,KOTAKMAMC - NIFTY100EW,34.09,34.55,34.09,34.47,34.47,34.18,,34.47,,,101410,3488107.37,252,F1,1,,,,,
2026-04-22,2026-04-22,CM,NSE,STK,757946,INF174KA1WT6,QUALITY30,EQ,,,,,KOTAKMAMC - QUALITY30,20.6,20.64,20.51,20.6,20.61,20.66,,20.6,,,75142,1547502.31,43,F1,1,,,,,
2026-04-22,2026-04-22,CM,NSE,STK,5851,INF174KA1ZB7,BANKNIFTY1,EQ,,,,,KOTAKMAMC-KOTAKBKETF,59.25,59.37,58.94,59.14,59.18,59.25,,59.14,,,1314964,78012516.31,645,F1,1,,,,,
2026-04-22,2026-04-22,CM,NSE,STK,762752,INE972A01020,KOTIC,EQ,,,,,KOTHARI INDUSTRIAL CORP L,178.1,194.3,177.0,194.3,194.3,176.65,,194.4,,,16942,3203721.35,471,F1,1,,,,,
2026-04-22,2026-04-22,CM,NSE,STK,4594,INE720A01015,KOTHARIPET,EQ,,,,,KOTHARI PETROCHEM LTD,136.2,139.0,136.2,138.01,137.96,137.19,,138.01,,,34367,4742006.01,488,F1,1,,,,,
2026-04-22,2026-04-22,CM,NSE,STK,5528,INE823A01017,KOTHARIPRO,EQ,,,,,KOTHARI PRODUCTS LTD,73.58,73.6,72.11,72.74,73.4,72.31,,72.77,,,15404,1122833.6,279,F1,1,,,,,
2026-04-22,2026-04-22,CM,NSE,STK,11647,INE419A01022,KOTARISUG,EQ,,,,,KOTHARI SUG & CHEM LTD.,28.0,28.09,27.52,27.85,27.9,27.33,,27.85,,,66251,1842781.7,570,F1,1,,,,,
2026-04-22,2026-04-22,CM,NSE,STK,761335,INE0J0B01017,KOTYARK,EQ,,,,,KOTYARK INDUSTRIES LTD,372.2,375.0,359.0,367.75,370.0,366.7,,367.45,,,17297,6303616.35,602,F1,1,,,,,
2026-04-22,2026-04-22,CM,NSE,STK,5192,INE177F01017,KOVAI,EQ,,,,,KOVAI MEDICAL CENTER & HO,5630.4,5679.0,5541.0,5637.8,5675.0,5574.7,,5640.0,,,1724,9635540.9,393,F1,1,,,,,
2026-04-22,2026-04-22,CM,NSE,STK,5108,INE542W01025,KPIGREEN,EQ,,,,,KPI GREEN ENERGY LIMITED,442.0,458.1,439.85,454.1,453.25,442.85,,454.1,,,1265283,572442910.8,26526,F1,1,,,,,
2026-04-22,2026-04-22,CM,NSE,STK,9683,INE04I401011,KPITTECH,EQ,,,,,KPIT TECHNOLOGIES LIMITED,743.9,743.9,721.25,735.95,735.8,744.7,,735.95,,,1703203,1243658312.6,47184,F1,1,,,,,
2026-04-22,2026-04-22,CM,NSE,STK,14912,INE930H01031,KPRMILL,EQ,,,,,KPR MILL LTD.,921.65,931.5,921.65,925.8,926.0,921.55,,925.85,,,133063,123488427.7,8582,F1,1,,,,,
2026-04-22,2026-04-22,CM,NSE,STK,10577,INE001B01026,KRBL,EQ,,,,,KRBL LIMITED,355.5,378.75,355.5,376.35,375.0,352.55,,376.35,,,1641088,604807117.9,30560,F1,1,,,,,
2026-04-22,2026-04-22,CM,NSE,STK,7885,INE268B01013,KREBSBIO,BE,,,,,KREBS BIOCHEMICALS & IND,61.35,61.35,59.35,60.01,59.45,61.5,,60.02,,,3213,192904.56,55,F1,1,,,,,
2026-04-22,2026-04-22,CM,NSE,STK,11480,INE524L01026,KRIDHANINF,EQ,,,,,KRIDHAN INFRA LIMITED,2.57,2.57,2.45,2.51,2.54,2.49,,2.51,,,23024,57634.63,145,F1,1,,,,,
2026-04-22,2026-04-22,CM,NSE,STK,12847,INE506W01012,KRISHANA,EQ,,,,,KRISHANA PHOSCHEM LIMITED,623.65,643.4,623.65,638.5,638.95,623.65,,638.5,,,189648,120937465.6,6311,F1,1,,,,,
2026-04-22,2026-04-22,CM,NSE,STK,16133,INE0NR701018,KRISHCA,SM,,,,,KRISHCA STRAPPING SLTN L,182.6,199.0,179.0,194.4,191.0,179.7,,194.4,,,26000,4873075.0,37,F1,500,,,,,
2026-04-22,2026-04-22,CM,NSE,STK,756782,INE0GGO01015,KRISHIVAL,EQ,,,,,KRISHIVAL FOODS LIMITED,332.0,332.0,329.95,330.05,330.0,330.0,,330.05,,,5893,1948903.35,127,F1,1,,,,,
2026-04-22,2026-04-22,CM,NSE,STK,760688,IN90GGO01013,KRISHPP,E1,,,,,KRISHIVAL RE.3.50 PPD UP,108.05,108.05,108.0,108.0,108.0,107.9,,108.0,,,109,11772.1,8,F1,1,,,,,
2026-04-22,2026-04-22,CM,NSE,STK,761192,INE0J5601015,KRISHNADEF,EQ,,,,,KRISHNA DEF AND ALD IND L,1054.2,1094.0,1047.0,1057.2,1060.0,1054.2,,1057.2,,,92439,98741937.9,6091,F1,1,,,,,
2026-04-22,2026-04-22,CM,NSE,STK,4847,INE967H01025,KIMS,EQ,,,,,KRISHNA INST OF MED SCI L,680.0,685.25,675.55,681.7,679.0,681.3,,681.7,,,168889,115008086.2,11265,F1,1,,,,,
2026-04-22,2026-04-22,CM,NSE,STK,6417,INE479D01038,KRITI,EQ,,,,,KRITI INDUSTRIES IND LTD,85.01,87.0,83.14,84.95,84.11,84.25,,84.95,,,44255,3767242.81,1317,F1,1,,,,,
2026-04-22,2026-04-22,CM,NSE,STK,11432,INE798K01010,KRITINUT,EQ,,,,,KRITI NUTRIENTS LIMITED,100.8,101.0,94.71,98.02,99.45,97.74,,97.95,,,109733,10752150.88,2305,F1,1,,,,,
2026-04-22,2026-04-22,CM,NSE,STK,9288,INE00Z501029,KRITIKA,EQ,,,,,KRITIKA WIRES LIMITED,6.39,6.46,6.38,6.4,6.42,6.36,,6.4,,,137800,883366.29,430,F1,1,,,,,
2026-04-22,2026-04-22,CM,NSE,STK,760624,INE1MTV01019,KRMAYURVED,SM,,,,,KRM AYURVEDA LIMITED,224.0,224.9,218.6,220.3,220.0,224.45,,220.3,,,33000,7321400.0,32,F1,1000,,,,,
2026-04-22,2026-04-22,CM,NSE,STK,25643,INE0Q3J01015,KRN,EQ,,,,,KRN HEAT EXCHANGE N REF L,1210.0,1226.0,1183.55,1202.1,1209.0,1212.8,,1202.1,,,665281,798877459.45,22907,F1,1,,,,,
2026-04-22,2026-04-22,CM,NSE,STK,24025,INE0ATZ01017,KRONOX,EQ,,,,,KRONOX LAB SCIENCES LTD,132.0,132.39,125.61,128.74,128.9,130.74,,128.79,,,62071,8010156.2,1216,F1,1,,,,,
2026-04-22,2026-04-22,CM,NSE,STK,25252,INE0O6601022,KROSS,EQ,,,,,KROSS LIMITED,195.2,196.97,191.03,192.65,193.75,195.21,,192.65,,,263098,50796237.99,3441,F1,1,,,,,
2026-04-22,2026-04-22,CM,NSE,STK,5359,INE08LI01020,KRSNAA,EQ,,,,,KRSNAA DIAGNOSTICS LTD,607.0,612.25,598.55,604.5,607.7,612.05,,604.5,,,30812,18611273.9,2455,F1,1,,,,,
2026-04-22,2026-04-22,CM,NSE,STK,23175,INE0QN801017,KRYSTAL,EQ,,,,,KRYSTAL INTEGRATED SER L,581.55,589.5,580.05,581.25,581.1,582.65,,581.25,,,3664,2135868.1,311,F1,1,,,,,
2026-04-22,2026-04-22,CM,NSE,STK,1949,INE999A01023,KSB,EQ,,,,,KSB LIMITED,995.85,1007.5,980.05,996.1,995.95,990.05,,996.1,,,362399,360742727.3,29232,F1,1,,,,,
2026-04-22,2026-04-22,CM,NSE,STK,760433,INE987S01020,KSHINTL,EQ,,,,,KSH INTERNATIONAL LIMITED,604.4,610.0,586.0,596.65,599.15,601.85,,596.65,,,301256,179713395.7,9181,F1,1,,,,,
2026-04-22,2026-04-22,CM,NSE,STK,10412,INE013801027,KSHITIJPOL,BE,,,,,KSHITIJ POLYLINE LIMITED,2.84,2.94,2.84,2.87,2.88,2.84,,2.87,,,108032,308927.95,153,F1,1,,,,,
2026-04-22,2026-04-22,CM,NSE,STK,11060,INE0D6I01023,KSOLVES,EQ,,,,,KSOLVES INDIA LIMITED,334.11,337.57,327.0,329.73,332.0,336.53,,329.76,,,50254,16663490.5,2086,F1,1,,,,,
2026-04-22,2026-04-22,CM,NSE,STK,759989,INE1SPP01016,KSR,BE,,,,,KSR FOOTWEAR LIMITED,35.29,35.5,34.06,34.99,34.99,35.63,,34.99,,,8713,302249.06,67,F1,1,,,,,
2026-04-22,2026-04-22,CM,NSE,STK,13870,INE529I01021,KUANTUM,EQ,,,,,KUANTUM PAPERS LIMITED,79.18,80.59,78.01,79.12,79.6,79.98,,79.12,,,134160,10639797.71,1854,F1,1,,,,,
2026-04-22,2026-04-22,CM,NSE,STK,18708,INE0OWX01025,KEL,SM,,,,,KUNDAN EDIFICE LIMITED,82.0,82.0,82.0,82.0,82.0,84.0,,82.0,,,1200,98400.0,1,F1,1200,,,,,
2026-04-22,2026-04-22,CM,NSE,STK,762757,INE552U01010,KPL,EQ,,,,,KWALITY PHARMACEUTICALS L,1580.0,1667.8,1564.05,1641.8,1647.0,1586.5,,1640.9,,,23224,37770419.3,2143,F1,1,,,,,
2026-04-22,2026-04-22,CM,NSE,STK,760946,INE2KCE01013,KWIL,EQ,,,,,KWALITY WALL'S (INDIA) L,27.5,28.65,27.4,28.2,28.3,27.52,,28.2,,,18806205,528604465.37,33786,F1,1,,,,,
2026-04-22,2026-04-22,CM,NSE,STK,24948,INE498L01015,LTF,EQ,,,,,L&T FINANCE LIMITED,293.0,295.29,291.3,294.04,294.8,291.9,,294.03,,,3357979,986126756.48,31155,F1,1,,,,,
2026-04-22,2026-04-22,CM,NSE,STK,18564,INE010V01017,LTTS,EQ,,,,,L&T TECHNOLOGY SER. LTD.,3641.9,3665.5,3531.0,3550.2,3548.0,3642.4,,3550.3,,,97737,349431291.0,15121,F1,1,,,,,
2026-04-22,2026-04-22,CM,NSE,STK,14423,INE059D01020,LAOPALA,EQ,,,,,LA OPALA RG LIMITED,182.0,184.0,179.9,180.04,180.0,181.83,,180.04,,,125097,22629682.22,5281,F1,1,,,,,
2026-04-22,2026-04-22,CM,NSE,STK,5865,INE548Z01017,LAGNAM,EQ,,,,,LAGNAM SPINTEX LIMITED,78.0,80.0,76.02,79.62,79.36,78.12,,79.62,,,22376,1768425.65,451,F1,1,,,,,
2026-04-22,2026-04-22,CM,NSE,STK,762762,INE515C01023,LAHOTIOV,EQ,,,,,LAHOTI OVERSEAS LTD.,44.05,52.8,43.95,50.6,50.8,44.0,,50.65,,,193266,9720664.75,964,F1,1,,,,,
2026-04-22,2026-04-22,CM,NSE,STK,7902,INE850E01012,LFIC,EQ,,,,,LAKSHMI FIN IND CORP LTD,141.5,145.81,140.01,141.88,141.0,141.25,,141.88,,,3219,460301.66,77,F1,1,,,,,
2026-04-22,2026-04-22,CM,NSE,STK,4774,INE651C01018,LAKPRE,BZ,,,,,LAKSHMI PRE SCRE LTD,5.75,5.75,5.22,5.24,5.24,5.48,,5.24,,,14630,82448.59,33,F1,1,,,,,
2026-04-22,2026-04-22,CM,NSE,STK,25863,INE0VZS01015,LAKSHYA,ST,,,,,LAKSHYA POWERTECH LIMITED,155.0,158.9,152.0,155.0,155.0,159.8,,155.0,,,25600,3968240.0,30,F1,800,,,,,
2026-04-22,2026-04-22,CM,NSE,STK,6407,INE112F01022,LAMBODHARA,EQ,,,,,LAMBODHARA TEXTILES LTD.,104.41,105.7,103.12,105.05,104.4,104.63,,105.05,,,6985,728687.88,142,F1,1,,,,,
2026-04-22,2026-04-22,CM,NSE,STK,27218,INE0R0201012,LAMOSAIC,SM,,,,,LAMOSAIC INDIA LIMITED,26.5,27.0,26.2,26.6,26.6,26.5,,26.6,,,4800,127260.0,8,F1,600,,,,,
2026-04-22,2026-04-22,CM,NSE,STK,23030,INE572G01025,LANCORHOL,BE,,,,,LANCOR HOLDINGS LIMITED,26.5,26.5,24.7,24.91,25.1,25.88,,24.91,,,49839,1254439.08,211,F1,1,,,,,
2026-04-22,2026-04-22,CM,NSE,STK,13276,INE559R01029,LANDMARK,EQ,,,,,LANDMARK CARS LIMITED,431.45,431.45,422.1,424.8,427.0,431.45,,424.8,,,35281,15013800.1,1480,F1,1,,,,,
2026-04-22,2026-04-22,CM,NSE,STK,16867,INE197J01017,LPDC,BE,,,,,LANDMARK PR.DEV.CO.LTD,7.99,7.99,7.26,7.68,7.68,7.61,,7.72,,,178839,1414715.3,186,F1,1,,,,,
2026-04-22,2026-04-22,CM,NSE,STK,17376,INE688J01023,LANDSMILL,EQ,,,,,LANDSMILL GREEN LIMITED,1.01,1.03,0.98,1.0,1.02,0.99,,1.0,,,4842191,4890021.77,1331,F1,1,,,,,
2026-04-22,2026-04-22,CM,NSE,STK,11483,INE018A01030,LT,EQ,,,,,LARSEN & TOUBRO LTD.,4070.0,4070.0,4011.0,4021.1,4016.0,4075.4,,4021.2,,,2178082,8784020558.7,134572,F1,1,,,,,
2026-04-22,2026-04-22,CM,NSE,STK,21723,INE670X01014,LASA,BE,,,,,LASA SUPERGENERICS LTD,8.73,8.99,8.45,8.74,8.75,8.73,,8.72,,,35273,307616.2,95,F1,1,,,,,
2026-04-22,2026-04-22,CM,NSE,STK,6818,INE0I7C01011,LATENTVIEW,EQ,,,,,LATENT VIEW ANALYTICS LTD,300.0,303.25,294.15,299.35,299.5,302.95,,299.45,,,779855,232469654.7,17365,F1,1,,,,,
2026-04-22,2026-04-22,CM,NSE,STK,15840,INE262Z01023,LATTEYS,EQ,,,,,LATTEYS INDUSTRIES LTD,21.36,22.4,20.0,21.86,21.99,21.72,,21.86,,,53377,1126624.66,542,F1,1,,,,,
2026-04-22,2026-04-22,CM,NSE,STK,19234,INE947Q01028,LAURUSLABS,EQ,,,,,LAURUS LABS LIMITED,1110.0,1119.9,1094.0,1096.1,1097.0,1114.35,,1096.1,,,1916410,2119109994.0,30474,F1,1,,,,,
2026-04-22,2026-04-22,CM,NSE,STK,6570,INE801V01019,LAXMICOT,BE,,,,,LAXMI COTSPIN LIMITED,15.57,15.57,15.15,15.16,15.16,15.66,,15.16,,,9879,152273.62,40,F1,1,,,,,
2026-04-22,2026-04-22,CM,NSE,STK,29171,INE0WO601020,LAXMIDENTL,EQ,,,,,LAXMI DENTAL LIMITED,198.4,198.4,192.01,193.92,193.0,198.57,,193.92,,,140568,27226869.21,2591,F1,1,,,,,
2026-04-22,2026-04-22,CM,NSE,STK,19876,INE258Y01016,LGHL,EQ,,,,,LAXMI GOLDORNA HOUSE LTD,275.0,279.0,266.0,268.97,266.1,264.19,,268.97,,,2923,787488.87,151,F1,1,,,,,
2026-04-22,2026-04-22,CM,NSE,STK,758863,INE06WU01026,LAXMIINDIA,EQ,,,,,LAXMI INDIA FINANCE LTD,120.12,125.12,116.81,117.71,118.0,121.4,,117.69,,,172226,20720415.24,1745,F1,1,,,,,
2026-04-22,2026-04-22,CM,NSE,STK,2841,INE576O01020,LXCHEM,EQ,,,,,LAXMI ORGANIC INDUS LTD,139.0,145.0,139.0,144.23,144.85,140.85,,144.23,,,559716,80085306.83,6633,F1,1,,,,,
2026-04-22,2026-04-22,CM,NSE,STK,7537,INE938A01021,LCCINFOTEC,BE,,,,,LCC INFOTECH LTD,4.82,5.24,4.82,5.1,5.1,5.07,,5.1,,,43663,219445.72,49,F1,1,,,,,
2026-04-22,2026-04-22,CM,NSE,STK,760300,INE0G1L01017,LEMERITE,EQ,,,,,LE MERITE EXPORTS LIMITED,441.6,457.7,435.1,450.45,453.25,435.15,,450.45,,,56226,24997971.3,860,F1,1,,,,,
2026-04-22,2026-04-22,CM,NSE,STK,24067,INE0HV901016,IXIGO,EQ,,,,,LE TRAVENUES TECHNOLOGY L,182.88,186.0,177.8,178.37,178.58,182.88,,178.37,,,1544040,279253118.84,17287,F1,1,,,,,
2026-04-22,2026-04-22,CM,NSE,STK,14204,INE0H4B01011,LRRPL,SM,,,,,LEAD REC AND RUB PROD LTD,76.0,76.95,74.2,75.7,74.2,75.7,,75.7,,,36000,2738400.0,15,F1,1500,,,,,
2026-04-22,2026-04-22,CM,NSE,STK,757014,INE0AQ201015,THELEELA,EQ,,,,,LEELA PALACES HOTEL LTD,440.0,442.75,429.45,432.55,432.5,434.85,,432.55,,,173548,75570918.55,10135,F1,1,,,,,
2026-04-22,2026-04-22,CM,NSE,STK,2606,INE970X01018,LEMONTREE,EQ,,,,,LEMON TREE HOTELS LTD,122.29,124.04,120.68,122.71,122.75,121.58,,122.71,,,8143531,999357118.23,49541,F1,1,,,,,
2026-04-22,2026-04-22,CM,NSE,STK,759605,INE956O01016,LENSKART,EQ,,,,,LENSKART SOLUTIONS LTD,540.1,547.8,535.5,543.95,543.9,541.0,,543.95,,,2459232,1337195894.9,28015,F1,1,,,,,
2026-04-22,2026-04-22,CM,NSE,STK,14462,INE500X01013,LEXUS,BE,,,,,LEXUS GRANITO (INDIA) LTD,18.78,19.3,18.15,18.71,18.84,18.9,,18.71,,,28037,524653.11,173,F1,1,,,,,
2026-04-22,2026-04-22,CM,NSE,STK,18321,INE337A01034,LGBBROSLTD,EQ,,,,,LG BALAKRISHNAN & BROS,1755.2,1818.0,1755.2,1780.3,1787.0,1755.0,,1780.3,,,30714,54837450.2,4035,F1,1,,,,,
2026-04-22,2026-04-22,CM,NSE,STK,760213,INE324D01010,LGEINDIA,EQ,,,,,LG ELECTRONICS INDIA LTD,1611.0,1661.6,1595.1,1608.2,1603.0,1610.9,,1608.4,,,1088534,1766056077.4,59880,F1,1,,,,,
2026-04-22,2026-04-22,CM,NSE,STK,11082,INE908V01012,LIBAS,EQ,,,,,LIBAS CONSU PRODUCTS LTD,11.91,11.91,11.53,11.83,11.9,11.9,,11.83,,,22756,267762.92,117,F1,1,,,,,
2026-04-22,2026-04-22,CM,NSE,STK,1994,INE557B01019,LIBERTSHOE,EQ,,,,,LIBERTY SHOES LTD,266.72,267.9,263.5,265.57,267.0,266.13,,265.57,,,15158,4028917.37,464,F1,1,,,,,
2026-04-22,2026-04-22,CM,NSE,STK,1997,INE115A01026,LICHSGFIN,EQ,,,,,LIC HOUSING FINANCE LTD,567.4,568.55,556.25,559.05,558.9,565.15,,559.05,,,1433675,804468299.5,23248,F1,1,,,,,
2026-04-22,2026-04-22,CM,NSE,STK,25640,INF767K01SM1,LICMFGOLD,EQ,,,,,LIC MF - LIC GOLD ETF,135.9,136.75,135.55,136.15,136.4,136.05,,136.15,,,252729,34460197.3,1101,F1,1,,,,,
2026-04-22,2026-04-22,CM,NSE,STK,11319,INF767K01OS7,LICNETFN50,EQ,,,,,LICNAMC - LICNFENGP,273.62,273.62,271.47,272.45,272.3,274.41,,272.45,,,1033,281236.75,40,F1,1,,,,,
2026-04-22,2026-04-22,CM,NSE,STK,11441,INF767K01OT5,LICNETFSEN,EQ,,,,,LICNAMC - LICNFESGP,867.11,899.17,867.11,889.03,880.25,889.35,,886.59,,,52003,46032305.65,251,F1,1,,,,,
2026-04-22,2026-04-22,CM,NSE,STK,15229,INF767K01PC8,LICNFNHGP,EQ,,,,,LICNAMC - LICNFNHGP,285.37,285.37,274.81,276.83,276.77,278.41,,276.83,,,606,167565.14,31,F1,1,,,,,
2026-04-22,2026-04-22,CM,NSE,STK,6062,INF767K01MV5,LICNETFGSC,EQ,,,,,LICNAMC - LICNMFET,28.76,29.01,28.56,28.86,28.86,28.81,,28.86,,,88267,2547128.14,137,F1,1,,,,,
2026-04-22,2026-04-22,CM,NSE,STK,22722,INF767K01RN1,LICNMID100,EQ,,,,,LICNAMC - LICNMID100,60.09,60.61,60.09,60.41,60.28,60.32,,60.41,,,1569,94754.05,68,F1,1,,,,,
2026-04-22,2026-04-22,CM,NSE,STK,9480,INE0J1Y01017,LICI,EQ,,,,,LIFE INSURA CORP OF INDIA,824.1,826.7,819.3,820.5,820.0,824.1,,820.5,,,1127858,927082851.1,45638,F1,1,,,,,
2026-04-22,2026-04-22,CM,NSE,STK,579,INE060901027,LIKHITHA,BE,,,,,LIKHITHA INFRASTRUC LTD,223.46,234.99,216.0,234.71,234.99,223.8,,234.53,,,80763,18688715.15,848,F1,1,,,,,
2026-04-22,2026-04-22,CM,NSE,STK,6951,INE802B01027,LINC,EQ,,,,,LINC LIMITED,100.0,100.0,98.0,98.7,98.9,98.99,,98.69,,,22573,2224996.37,528,F1,1,,,,,
2026-04-22,2026-04-22,CM,NSE,STK,11596,INE405C01035,LINCOLN,EQ,,,,,LINCOLN PHARMA LTD,619.0,621.4,607.1,609.95,609.9,608.15,,609.95,,,27341,16781440.75,1305,F1,1,,,,,
2026-04-22,2026-04-22,CM,NSE,STK,1627,INE473A01011,LINDEINDIA,EQ,,,,,LINDE INDIA LIMITED,7100.0,7299.0,7021.0,7272.0,7264.5,7069.0,,7272.0,,,62766,452146149.0,11687,F1,1,,,,,
2026-04-22,2026-04-22,CM,NSE,STK,17801,INE093R01011,LLOYDSENGG,EQ,,,,,LLOYDS ENGG WORK LIMITED,55.92,60.57,55.74,59.07,58.3,55.92,,59.07,,,16054819,949284113.53,51194,F1,1,,,,,
2026-04-22,2026-04-22,CM,NSE,STK,25807,INE080I01025,LLOYDSENT,EQ,,,,,LLOYDS ENTERPRISES LTD,65.3,70.0,65.26,69.16,69.01,65.83,,69.16,,,6941003,477609617.2,18055,F1,1,,,,,
2026-04-22,2026-04-22,CM,NSE,STK,11476,INE0DTQ01028,LLOYDS,ST,,,,,LLOYDS LUXURIES LIMITED,89.75,94.2,89.75,94.2,94.2,89.75,,94.2,,,73000,6836850.0,44,F1,1000,,,,,
2026-04-22,2026-04-22,CM,NSE,STK,17313,INE281B01032,LLOYDSME,EQ,,,,,LLOYDS METALS N ENERGY L,1655.0,1684.0,1645.0,1679.5,1681.0,1649.9,,1679.4,,,771508,1290244501.4,27278,F1,1,,,,,
2026-04-22,2026-04-22,CM,NSE,STK,1979,INE269B01029,LMW,EQ,,,,,LMW LIMITED,14403.0,14740.0,14350.0,14591.0,14588.0,14414.0,,14591.0,,,2919,42525667.0,1497,F1,1,,,,,
2026-04-22,2026-04-22,CM,NSE,STK,3220,INE670K01029,LODHA,EQ,,,,,LODHA DEVELOPERS LIMITED,878.15,894.8,872.55,884.8,883.95,875.7,,884.8,,,3123516,2768179588.95,50189,F1,1,,,,,
2026-04-22,2026-04-22,CM,NSE,STK,13436,INE397H01017,LOKESHMACH,EQ,,,,,LOKESH MACHINES LTD,273.82,277.0,264.2,265.99,264.9,277.27,,265.95,,,49997,13447172.78,2711,F1,1,,,,,
2026-04-22,2026-04-22,CM,NSE,STK,18232,INE846D01012,LORDSCHLO,EQ,,,,,LORDS CHLORO ALKALI LTD,149.89,152.93,146.94,148.12,146.94,149.56,,148.13,,,26952,4013937.9,1719,F1,1,,,,,
2026-04-22,2026-04-22,CM,NSE,STK,14924,INE740X01023,LAL,EQ,,,,,LORENZINI APPARELS LTD,7.01,7.44,6.66,7.13,7.15,7.01,,7.15,,,55551,393650.71,202,F1,1,,,,,
2026-04-22,2026-04-22,CM,NSE,STK,16807,INE947I01017,LOTUSEYE,EQ,,,,,LOTUS EYE HOSP & INST L,107.25,121.23,107.25,118.97,119.0,110.21,,118.96,,,100988,11850445.54,1625,F1,1,,,,,
2026-04-22,2026-04-22,CM,NSE,STK,22415,INE597L01014,LOVABLE,EQ,,,,,LOVABLE LINGERIE LTD,72.9,72.96,71.0,71.89,72.05,71.71,,71.92,,,6211,448435.36,224,F1,1,,,,,
2026-04-22,2026-04-22,CM,NSE,STK,10605,INE970D01010,LOYALTEX,BE,,,,,LOYAL TEXTILE MILLS LTD,201.3,201.5,201.3,201.33,201.33,201.3,,207.29,,,20,4026.88,4,F1,1,,,,,
2026-04-22,2026-04-22,CM,NSE,STK,13816,INE818H01020,LTFOODS,EQ,,,,,LT FOODS LIMITED,420.0,427.9,419.0,423.5,424.0,420.5,,423.45,,,363449,154156019.55,16156,F1,1,,,,,
2026-04-22,2026-04-22,CM,NSE,STK,17818,INE214T01019,LTM,EQ,,,,,LTM LIMITED,4687.9,4703.8,4551.3,4604.3,4610.0,4757.9,,4604.3,,,509542,2352250252.1,57504,F1,1,,,,,
2026-04-22,2026-04-22,CM,NSE,STK,14014,INE872H01027,LUMAXTECH,EQ,,,,,LUMAX AUTO TECH LTD,1774.8,1839.0,1770.0,1794.4,1800.0,1774.8,,1794.4,,,258551,468536729.9,26444,F1,1,,,,,
2026-04-22,2026-04-22,CM,NSE,STK,2018,INE162B01018,LUMAXIND,EQ,,,,,LUMAX INDUSTRIES LTD,5506.4,5579.8,5276.1,5315.9,5377.0,5506.4,,5316.0,,,16641,89755687.2,4790,F1,1,,,,,
2026-04-22,2026-04-22,CM,NSE,STK,10440,INE326A01037,LUPIN,EQ,,,,,LUPIN LIMITED,2304.7,2318.6,2285.1,2307.9,2311.0,2311.5,,2307.9,,,989132,2282271231.0,44931,F1,1,,,,,
2026-04-22,2026-04-22,CM,NSE,STK,11301,INE150G01020,LUXIND,EQ,,,,,LUX INDUSTRIES LIMITED,1453.0,1608.8,1449.0,1588.25,1608.8,1462.55,,1588.55,,,352101,542017419.45,14411,F1,1,,,,,
2026-04-22,2026-04-22,CM,NSE,STK,7248,INE933A01014,LYKALABS,BE,,,,,LYKA LABS LTD.,59.01,59.8,57.25,59.49,59.5,59.06,,59.49,,,17899,1048924.15,101,F1,1,,,,,
2026-04-22,2026-04-22,CM,NSE,STK,31468,INE142K01011,LYPSAGEMS,EQ,,,,,LYPSA GEMS & JEWEL LTD,5.2,5.85,5.2,5.39,5.44,5.34,,5.39,,,25064,136924.05,287,F1,1,,,,,
2026-04-22,2026-04-22,CM,NSE,STK,758150,INE08N601015,MBEL,EQ,,,,,M AND B ENGINEERING LTD,337.2,340.79,327.07,337.25,338.3,337.24,,337.25,,,120587,40306970.87,7851,F1,1,,,,,
2026-04-22,2026-04-22,CM,NSE,STK,16736,INE964W01021,MKPL,EQ,,,,,M K PROTEINS LIMITED,5.42,5.42,5.11,5.24,5.31,5.34,,5.24,,,190325,1002439.21,598,F1,1,,,,,
2026-04-22,2026-04-22,CM,NSE,STK,13285,INE774D01024,M&MFIN,EQ,,,,,M&M FIN. SERVICES LTD,305.95,307.45,299.6,300.25,301.2,306.35,,300.25,,,1878244,566638753.75,55479,F1,1,,,,,
2026-04-22,2026-04-22,CM,NSE,STK,22976,INE0SGC01015,MVKAGRO,SM,,,,,M.V.K. AGRO FOOD PROD LTD,539.0,539.0,521.15,525.2,530.0,522.95,,525.2,,,28200,14947380.0,27,F1,300,,,,,
2026-04-22,2026-04-22,CM,NSE,STK,15017,INE215I01027,MAANALU,EQ,,,,,MAAN ALUMINIUM LIMITED,141.02,147.0,140.27,144.28,143.99,141.02,,144.28,,,131742,19020279.6,1957,F1,1,,,,,
2026-04-22,2026-04-22,CM,NSE,STK,762782,INE435D01014,MCCHRLS-B,EQ,,,,,MAC CHARLES (INDIA) LTD.,690.0,690.0,670.0,679.25,688.0,685.0,,673.25,,,66,45381.95,10,F1,1,,,,,
2026-04-22,2026-04-22,CM,NSE,STK,24545,INE0R0J01010,MACOBSTECH,SM,,,,,MACOBS TECHNOLOGIES LTD,199.1,209.5,199.1,209.4,209.3,200.45,,209.4,,,3200,661840.0,4,F1,800,,,,,
2026-04-22,2026-04-22,CM,NSE,STK,22347,INE155Z01011,MACPOWER,EQ,,,,,MACPOWER CNC MACHINES LTD,1152.0,1176.0,1115.0,1167.0,1175.0,1145.95,,1167.0,,,23746,27235933.7,2378,F1,1,,,,,
2026-04-22,2026-04-22,CM,NSE,STK,22362,INE813V01022,MCL,BE,,,,,MADHAV COPPER LIMITED,59.83,60.51,59.83,60.51,60.51,61.0,,60.51,,,33818,2037085.64,280,F1,1,,,,,
2026-04-22,2026-04-22,CM,NSE,STK,762767,INE631R01026,MADHAVIPL,EQ,,,,,MADHAV INFRA PROJECTS L,9.1,9.2,8.9,9.05,9.1,9.15,,9.05,,,77133,696722.8,310,F1,1,,,,,
2026-04-22,2026-04-22,CM,NSE,STK,15151,INE925C01016,MADHAV,EQ,,,,,MADHAV MARBLE & GRANITE,37.99,39.84,37.11,39.13,38.95,37.85,,39.13,,,12270,475853.24,201,F1,1,,,,,
2026-04-22,2026-04-22,CM,NSE,STK,13668,INE378D01032,MADHUCON,BE,,,,,MADHUCON PROJECTS LTD.,4.99,5.05,4.9,5.0,5.0,4.99,,5.01,,,23864,119500.09,52,F1,1,,,,,
2026-04-22,2026-04-22,CM,NSE,STK,18728,INE0P6701019,MADHUSUDAN,SM,,,,,MADHUSUDAN MASALA LIMITED,150.0,150.0,140.0,143.0,143.0,154.75,,143.0,,,28000,4031100.0,26,F1,1000,,,,,
2026-04-22,2026-04-22,CM,NSE,STK,12686,INE900L01010,MBAPL,EQ,,,,,MADHYA BHARAT AGRO P. LTD,507.6,519.0,505.1,507.55,508.8,507.6,,507.55,,,162462,83187061.6,2822,F1,1,,,,,
2026-04-22,2026-04-22,CM,NSE,STK,4911,INE414A01015,MADRASFERT,EQ,,,,,MADRAS FERTILISERS LTD,69.89,70.55,69.09,69.71,70.12,69.1,,69.71,,,105239,7349844.07,1535,F1,1,,,,,
2026-04-22,2026-04-22,CM,NSE,STK,762772,INE270B01035,MAFATIND,EQ,,,,,MAFATLAL INDUSTRIES LTD.,135.35,135.4,131.1,133.8,134.2,133.3,,134.05,,,10248,1368161.75,284,F1,1,,,,,
2026-04-22,2026-04-22,CM,NSE,STK,21392,INE347W01011,MAGADSUGAR,EQ,,,,,MAGADH SUGAR & ENERGY LTD,508.15,519.9,503.1,515.1,519.85,503.1,,515.15,,,35559,18293114.25,1496,F1,1,,,,,
2026-04-22,2026-04-22,CM,NSE,STK,29482,INE613C01026,MCLOUD,EQ,,,,,MAGELLANIC CLOUD LIMITED,26.5,26.5,25.52,25.8,25.82,26.22,,25.8,,,1945023,50424681.63,6160,F1,1,,,,,
2026-04-22,2026-04-22,CM,NSE,STK,14961,INE387I01016,MAGNUM,BE,,,,,MAGNUM VENTURES LTD.,22.09,22.09,21.25,21.53,21.51,21.97,,21.53,,,15409,330629.78,77,F1,1,,,,,
2026-04-22,2026-04-22,CM,NSE,STK,17091,INE0O1S01012,MAGSON,ST,,,,,MAGSON RETAIL AND DIST L,177.6,179.5,177.6,179.5,179.5,186.0,,179.5,,,2000,357100.0,2,F1,1000,,,,,
2026-04-22,2026-04-22,CM,NSE,STK,5239,INE843B01013,MAHAPEXLTD,EQ,,,,,MAHA RASHTRA APEX COPR. L,49.69,53.47,49.69,51.41,51.2,49.69,,51.41,,,31101,1611729.49,916,F1,1,,,,,
2026-04-22,2026-04-22,CM,NSE,STK,761661,INE843B20013,MAHAPE-RE,BE,,,,,MAHA RASHTRA APEX CORPOR,37.54,38.1,35.2,37.06,37.87,37.54,,37.07,,,7205,264524.22,73,F1,1,,,,,
2026-04-22,2026-04-22,CM,NSE,STK,24937,INE0US801024,MFML,EQ,,,,,MAHALAXMI FABRIC MILLS LT,24.3,25.54,23.92,24.33,24.12,24.74,,24.33,,,638,15475.81,56,F1,1,,,,,
2026-04-22,2026-04-22,CM,NSE,STK,7886,INE112D01035,MHLXMIRU,EQ,,,,,MAHALAXMI RUBTECH LIMITED,181.0,189.2,181.0,183.01,183.29,181.8,,183.02,,,1330,245313.99,126,F1,1,,,,,
2026-04-22,2026-04-22,CM,NSE,STK,17531,INE451L01014,MAHASTEEL,BE,,,,,MAHAMAYA STEEL INDS LTD,903.0,920.0,874.1,912.15,907.7,904.3,,912.4,,,4597,4133723.95,123,F1,1,,,,,
2026-04-22,2026-04-22,CM,NSE,STK,17534,INE002S01010,MGL,EQ,,,,,MAHANAGAR GAS LTD.,1136.95,1149.95,1122.85,1147.25,1147.4,1136.95,,1147.2,,,144488,165126111.3,11899,F1,1,,,,,
2026-04-22,2026-04-22,CM,NSE,STK,2294,INE153A01019,MTNL,EQ,,,,,MAHANAGAR TELEPHONE NIGAM,32.28,32.75,31.98,32.11,32.17,32.11,,32.11,,,1495869,48213021.9,5384,F1,1,,,,,
2026-04-22,2026-04-22,CM,NSE,STK,2085,INE288A01013,MAHSCOOTER,EQ,,,,,MAHARASHTRA SCOOTERS LTD,13012.0,13153.0,12708.0,13063.0,13099.0,12995.0,,13064.0,,,8165,105771178.0,2717,F1,1,,,,,
2026-04-22,2026-04-22,CM,NSE,STK,2088,INE271B01025,MAHSEAMLES,EQ,,,,,MAHARASHTRA SEAMLESS LTD,655.0,669.4,650.6,664.6,666.85,654.5,,664.45,,,177587,117544151.1,10652,F1,1,,,,,
2026-04-22,2026-04-22,CM,NSE,STK,758685,INE632Q01018,MRIL,SM,,,,,MAHENDRA REALTO & INFRA L,38.15,38.7,38.15,38.7,38.7,38.15,,38.7,,,4800,184000.0,3,F1,1600,,,,,
2026-04-22,2026-04-22,CM,NSE,STK,9576,INE263W01010,MAHESHWARI,EQ,,,,,MAHESHWARI LOGISTICS LTD.,50.51,51.7,50.27,50.75,50.89,50.51,,50.75,,,2890,146332.56,110,F1,1,,,,,
2026-04-22,2026-04-22,CM,NSE,STK,2840,INE961Y01015,MAHICKRA,ST,,,,,MAHICKRA CHEMICAL LIMITED,228.8,228.8,223.1,224.2,224.2,224.45,,224.2,,,5250,1178925.0,4,F1,750,,,,,
2026-04-22,2026-04-22,CM,NSE,STK,2031,INE101A01026,M&M,EQ,,,,,MAHINDRA & MAHINDRA LTD,3214.1,3249.9,3143.0,3149.7,3150.0,3247.3,,3149.7,,,3096787,9883172474.0,165176,F1,1,,,,,
2026-04-22,2026-04-22,CM,NSE,STK,17603,INE215D01010,MAHEPC,EQ,,,,,MAHINDRA EPC IRRIG LTD,124.05,125.37,120.9,121.89,123.0,128.37,,121.88,,,106429,13002908.82,1730,F1,1,,,,,
2026-04-22,2026-04-22,CM,NSE,STK,17333,INE998I01010,MHRIL,EQ,,,,,MAHINDRA HOLIDAYS LTD,270.0,271.9,266.12,270.62,269.1,269.51,,270.62,,,83839,22568594.19,2839,F1,1,,,,,
2026-04-22,2026-04-22,CM,NSE,STK,8050,INE813A01018,MAHLIFE,EQ,,,,,MAHINDRA LIFESPACE DEVLTD,324.95,325.85,317.05,319.9,319.5,323.95,,319.95,,,255066,81574098.4,8447,F1,1,,,,,
2026-04-22,2026-04-22,CM,NSE,STK,385,INE766P01016,MAHLOG,EQ,,,,,MAHINDRA LOGISTIC LIMITED,426.0,439.0,425.65,434.7,439.0,425.95,,434.6,,,305669,132022409.45,8089,F1,1,,,,,
2026-04-22,2026-04-22,CM,NSE,STK,24538,INE683C01011,MAITHANALL,EQ,,,,,MAITHAN ALLOYS LTD,1016.25,1034.75,1010.1,1023.65,1020.0,1016.25,,1024.25,,,25729,26419567.05,1352,F1,1,,,,,
2026-04-22,2026-04-22,CM,NSE,STK,19809,INE0PLQ01011,MAITREYA,SM,,,,,MAITREYA MEDICARE LIMITED,169.7,172.85,167.3,167.3,167.3,167.5,,167.3,,,1200,203940.0,3,F1,400,,,,,
2026-04-22,2026-04-22,CM,NSE,STK,762777,INE201B01022,MAJESAUT,EQ,,,,,MAJESTIC AUTO LTD.,317.05,328.5,315.4,317.0,319.0,315.3,,317.75,,,743,239425.3,73,F1,1,,,,,
2026-04-22,2026-04-22,CM,NSE,STK,7965,INE389C01015,MALLCOM,EQ,,,,,MALLCOM (INDIA) LIMITED,1088.2,1107.0,1056.0,1075.9,1080.0,1100.5,,1075.85,,,5664,6144391.95,611,F1,1,,,,,
2026-04-22,2026-04-22,CM,NSE,STK,13352,INE383H01017,MALUPAPER,EQ,,,,,MALU PAPER MILLS LIMITED,32.79,33.55,32.29,33.23,33.4,32.79,,33.23,,,17802,593033.54,133,F1,1,,,,,
2026-04-22,2026-04-22,CM,NSE,STK,28687,INE0TO701015,MAMATA,EQ,,,,,MAMATA MACHINERY LIMITED,403.1,412.2,403.1,408.25,408.9,405.3,,408.25,,,53248,21723416.65,2113,F1,1,,,,,
2026-04-22,2026-04-22,CM,NSE,STK,7413,INE830Q01018,MANAKCOAT,EQ,,,,,MAN COAT METAL & IND LTD,109.27,111.39,103.75,105.49,105.98,110.93,,105.54,,,521327,55427414.01,3905,F1,1,,,,,
2026-04-22,2026-04-22,CM,NSE,STK,11884,INE993A01026,MANINDS,EQ,,,,,MAN INDUSTRIES (I) LTD.,530.95,563.95,527.25,555.65,555.5,531.75,,555.65,,,764715,423684753.75,14540,F1,1,,,,,
2026-04-22,2026-04-22,CM,NSE,STK,18226,INE949H01023,MANINFRA,EQ,,,,,MAN INFRA LTD,100.62,103.99,100.2,102.77,102.99,100.62,,102.77,,,1523627,156731657.56,12160,F1,1,,,,,
2026-04-22,2026-04-22,CM,NSE,STK,7427,INE859Q01017,MANAKALUCO,BE,,,,,MANAK ALUMINIUM CO. LTD.,31.0,31.55,30.58,31.41,31.54,31.0,,31.51,,,53328,1663513.53,250,F1,1,,,,,
2026-04-22,2026-04-22,CM,NSE,STK,15199,INE015D01022,MANAKSIA,EQ,,,,,MANAKSIA LTD.,61.9,63.25,61.4,61.89,62.37,61.39,,61.89,,,41289,2564782.97,628,F1,1,,,,,
2026-04-22,2026-04-22,CM,NSE,STK,7463,INE824Q01011,MANAKSTEEL,EQ,,,,,MANAKSIA STEELS LTD,81.99,87.13,80.1,83.46,85.0,79.21,,83.45,,,1221955,103683197.31,5801,F1,1,,,,,
2026-04-22,2026-04-22,CM,NSE,STK,13796,INE201A01024,MANALIPETC,EQ,,,,,MANALI PETROCHEMICALS LT,55.41,55.79,54.83,55.17,55.21,55.41,,55.12,,,100134,5530411.33,1054,F1,1,,,,,
2026-04-22,2026-04-22,CM,NSE,STK,19061,INE522D01027,MANAPPURAM,EQ,,,,,MANAPPURAM FINANCE LTD,281.8,302.45,281.3,295.05,294.5,281.8,,295.05,,,10976535,3233609714.95,74282,F1,1,,,,,
2026-04-22,2026-04-22,CM,NSE,STK,21698,INE104Y01012,MANAV,ST,,,,,MANAV INFRA PROJECTS LTD,43.0,43.0,42.5,43.0,43.0,42.0,,43.0,,,16000,686000.0,4,F1,4000,,,,,
2026-04-22,2026-04-22,CM,NSE,STK,25597,INE939X01013,MANBA,EQ,,,,,MANBA FINANCE LIMITED,106.35,111.8,106.35,110.16,110.8,106.7,,110.15,,,86105,9342036.23,870,F1,1,,,,,
2026-04-22,2026-04-22,CM,NSE,STK,24823,INE545L01039,MANCREDIT,EQ,,,,,MANGAL CREDIT N FINCORP L,172.5,173.0,168.05,171.77,173.0,169.11,,171.59,,,25287,4285801.69,399,F1,1,,,,,
2026-04-22,2026-04-22,CM,NSE,STK,758748,INE0PKD01011,MEIL,EQ,,,,,MANGAL ELECTRICAL IND L,317.03,325.0,309.24,313.58,311.5,318.62,,313.59,,,162678,51455222.05,4327,F1,1,,,,,
2026-04-22,2026-04-22,CM,NSE,STK,19134,INE00C401011,MAL,SM,,,,,MANGALAM ALLOYS LIMITED,40.4,40.4,40.4,40.4,40.4,38.5,,40.4,,,4800,193920.0,3,F1,1600,,,,,
2026-04-22,2026-04-22,CM,NSE,STK,2106,INE347A01017,MANGLMCEM,EQ,,,,,MANGALAM CEMENT LTD,929.0,953.8,909.0,937.45,940.0,924.05,,937.4,,,173265,161824292.05,5682,F1,1,,,,,
2026-04-22,2026-04-22,CM,NSE,STK,11820,INE584F01014,MANGALAM,BE,,,,,MANGALAM DRUG & CHEM LTD,28.16,28.2,28.16,28.2,28.2,28.72,,28.2,,,12286,346148.68,122,F1,1,,,,,
2026-04-22,2026-04-22,CM,NSE,STK,1593,INE0APB01032,MGEL,EQ,,,,,MANGALAM GLOBAL ENT LTD,14.8,14.87,13.91,14.03,14.12,14.4,,14.03,,,646755,9167000.61,2128,F1,1,,,,,
2026-04-22,2026-04-22,CM,NSE,STK,6422,INE370D01013,MANORG,EQ,,,,,MANGALAM ORGANICS LIMITED,466.6,474.8,461.6,462.85,464.0,464.7,,462.85,,,8811,4138862.1,351,F1,1,,,,,
2026-04-22,2026-04-22,CM,NSE,STK,759169,INE0JYY01011,MWL,EQ,,,,,MANGALAM WORLDWIDE LTD,275.25,283.0,274.05,281.9,282.25,278.95,,281.9,,,56099,15647981.2,1158,F1,1,,,,,
2026-04-22,2026-04-22,CM,NSE,STK,24629,INE0R3101011,MIEL,SM,,,,,MANGLAM INFRA & ENG LTD,17.0,17.35,17.0,17.35,17.35,16.55,,17.35,,,16000,275400.0,8,F1,2000,,,,,
2026-04-22,2026-04-22,CM,NSE,STK,760174,INE1ERK01013,MANILAM,SM,,,,,MANILAM INDUSTRIES IND L,55.5,55.5,54.3,54.3,54.3,56.0,,54.3,,,6000,330600.0,2,F1,2000,,,,,
2026-04-22,2026-04-22,CM,NSE,STK,15380,INE634S01028,MANKIND,EQ,,,,,MANKIND PHARMA LIMITED,2181.0,2242.8,2181.0,2235.0,2235.0,2200.0,,2235.0,,,420214,935942985.2,19857,F1,1,,,,,
2026-04-22,2026-04-22,CM,NSE,STK,19015,INE0KNT01012,MVGJL,EQ,,,,,MANOJ VAIBHAV GEM N JEW L,180.0,182.0,175.2,176.19,175.2,178.07,,176.25,,,50479,8944368.23,1286,F1,1,,,,,
2026-04-22,2026-04-22,CM,NSE,STK,13753,INE784W01015,MANOMAY,EQ,,,,,MANOMAY TEX INDIA LTD,234.41,234.41,224.15,226.62,225.97,234.44,,226.77,,,13056,2981399.46,861,F1,1,,,,,
2026-04-22,2026-04-22,CM,NSE,STK,10227,INE00VM01036,MANORAMA,EQ,,,,,MANORAMA INDUSTRIES LTD,1454.9,1475.7,1441.0,1455.5,1453.3,1447.7,,1455.5,,,76563,111782778.7,9187,F1,1,,,,,
2026-04-22,2026-04-22,CM,NSE,STK,13572,INE867A01022,MANUGRAPH,EQ,,,,,MANUGRAPH INDIA LIMITED,13.98,14.7,13.25,13.51,13.5,13.83,,13.51,,,8681,117764.81,197,F1,1,,,,,
2026-04-22,2026-04-22,CM,NSE,STK,2112,INE882A01013,MARALOVER,EQ,,,,,MARAL OVERSEAS LTD,45.0,45.82,43.62,44.81,44.75,44.59,,44.81,,,8972,402325.16,181,F1,1,,,,,
2026-04-22,2026-04-22,CM,NSE,STK,18659,INE182D01020,MARATHON,EQ,,,,,MARATHON NXTGEN REALT LTD,491.3,495.45,484.0,490.9,487.1,487.75,,490.9,,,18459,9031498.2,918,F1,1,,,,,
2026-04-22,2026-04-22,CM,NSE,STK,760456,INE0TD401015,MARC,ST,,,,,MARC TECHNOCRATS LIMITED,84.95,85.0,79.25,85.0,85.0,82.65,,85.0,,,18000,1510680.0,15,F1,1200,,,,,
2026-04-22,2026-04-22,CM,NSE,STK,18773,INE0QP001012,MARCO,SM,,,,,MARCO CABLE & CONDUCTOR L,38.15,41.0,38.1,41.0,41.0,41.15,,41.0,,,13500,537225.0,7,F1,1500,,,,,
2026-04-22,2026-04-22,CM,NSE,STK,4067,INE196A01026,MARICO,EQ,,,,,MARICO LIMITED,764.0,776.5,758.45,772.5,771.0,762.5,,772.5,,,1529460,1178466529.25,51397,F1,1,,,,,
2026-04-22,2026-04-22,CM,NSE,STK,1328,INE01JE01028,MARINE,EQ,,,,,MARINE ELECTRICAL (I) LTD,208.89,221.4,207.84,217.4,216.25,209.32,,217.4,,,793933,171913902.91,7786,F1,1,,,,,
2026-04-22,2026-04-22,CM,NSE,STK,760204,INE0FW001016,MARKOLINES,EQ,,,,,MARKOLINES PAVEMENT TEC L,151.3,152.25,148.2,150.41,149.0,151.11,,150.14,,,131697,19859401.82,1159,F1,1,,,,,
2026-04-22,2026-04-22,CM,NSE,STK,10579,INE750C01026,MARKSANS,EQ,,,,,MARKSANS PHARMA LIMITED,176.2,180.11,175.85,179.56,179.0,176.77,,179.56,,,574533,102516541.79,15578,F1,1,,,,,
2026-04-22,2026-04-22,CM,NSE,STK,761386,INE415B01044,MARSONS,EQ,,,,,MARSONS LIMITED,161.25,170.66,161.0,165.4,165.8,161.25,,165.4,,,1408413,235189173.84,6609,F1,1,,,,,
2026-04-22,2026-04-22,CM,NSE,STK,761042,INE0X7G01013,MARUSHIKA,SM,,,,,MARUSHIKA TECHNOLOGY LTD,95.0,95.0,95.0,95.0,95.0,94.0,,95.0,,,1200,114000.0,1,F1,1200,,,,,
2026-04-22,2026-04-22,CM,NSE,STK,10999,INE585B01010,MARUTI,EQ,,,,,MARUTI SUZUKI INDIA LTD.,13452.0,13530.0,13300.0,13337.0,13379.0,13461.0,,13337.0,,,434640,5822042057.0,76175,F1,1,,,,,
2026-04-22,2026-04-22,CM,NSE,STK,2132,INE575Z01010,MDL,SM,,,,,MARVEL DECOR LIMITED,59.95,59.95,49.05,49.55,49.55,50.45,,49.55,,,13000,666900.0,13,F1,1000,,,,,
2026-04-22,2026-04-22,CM,NSE,STK,199,INE348L01012,MASFIN,EQ,,,,,MAS FINANCIAL SERV LTD,317.45,326.2,317.15,323.05,320.0,315.9,,323.05,,,164486,53134417.65,8145,F1,1,,,,,
2026-04-22,2026-04-22,CM,NSE,STK,18727,INE885F01015,MASKINVEST,EQ,,,,,MASK INVESTMENTS LIMITED,135.51,135.51,133.95,134.48,133.95,133.98,,134.48,,,55,7420.99,9,F1,1,,,,,
2026-04-22,2026-04-22,CM,NSE,STK,24278,INE0SH001010,MASON,SM,,,,,MASON INFRATECH LIMITED,155.0,155.0,151.2,151.95,152.45,162.05,,151.95,,,12000,1830400.0,24,F1,500,,,,,
2026-04-22,2026-04-22,CM,NSE,STK,2124,INE759A01021,MASTEK,EQ,,,,,MASTEK LTD,1760.0,1796.4,1731.4,1762.9,1751.2,1768.3,,1763.0,,,126370,223413675.6,14830,F1,1,,,,,
2026-04-22,2026-04-22,CM,NSE,STK,27047,INE677D01037,MASTERTR,EQ,,,,,MASTER TRUST LIMITED,77.0,77.23,75.15,76.9,77.0,75.9,,76.9,,,114667,8698704.47,801,F1,1,,,,,
2026-04-22,2026-04-22,CM,NSE,STK,21726,INE866R01028,MATRIMONY,EQ,,,,,MATRIMONY.COM LIMITED,446.95,446.95,432.0,434.7,437.0,436.45,,434.7,,,5284,2304790.6,371,F1,1,,,,,
2026-04-22,2026-04-22,CM,NSE,STK,759945,INE132901013,MGSL,SM,,,,,MATRIX GEO SOLUTIONS LTD,80.0,80.0,80.0,80.0,80.0,78.0,,80.0,,,6000,480000.0,5,F1,1200,,,,,
2026-04-22,2026-04-22,CM,NSE,STK,17022,INE636A01039,MAWANASUG,EQ,,,,,MAWANA SUGARS LIMITED,102.5,106.9,102.5,105.56,105.2,102.45,,105.56,,,182085,19144322.78,1898,F1,1,,,,,
2026-04-22,2026-04-22,CM,NSE,STK,19646,INE03EI01018,MAXESTATES,EQ,,,,,MAX ESTATES LIMITED,388.05,394.95,386.0,389.1,387.0,389.65,,389.1,,,38953,15236045.1,1747,F1,1,,,,,
2026-04-22,2026-04-22,CM,NSE,STK,2142,INE180A01020,MFSL,EQ,,,,,MAX FINANCIAL SERV LTD,1647.1,1656.6,1616.2,1627.4,1639.5,1648.8,,1627.4,,,772235,1257906699.6,43905,F1,1,,,,,
2026-04-22,2026-04-22,CM,NSE,STK,22377,INE027H01010,MAXHEALTH,EQ,,,,,MAX HEALTHCARE INS LTD,1012.15,1020.0,1000.85,1005.35,1001.0,1020.25,,1005.35,,,1410740,1425272444.4,37074,F1,1,,,,,
2026-04-22,2026-04-22,CM,NSE,STK,22428,INE0CG601016,MAXIND,EQ,,,,,MAX INDIA LIMITED,155.17,157.5,151.76,156.48,155.05,154.4,,156.49,,,44558,6893831.27,858,F1,1,,,,,
2026-04-22,2026-04-22,CM,NSE,STK,21691,INE0ECC01022,MAXPOSURE,SM,,,,,MAXPOSURE LIMITED,40.95,40.95,40.95,40.95,40.95,40.95,,40.95,,,1000,40950.0,1,F1,1000,,,,,
2026-04-22,2026-04-22,CM,NSE,STK,29645,INE10A501018,MAXVOLT,SM,,,,,MAXVOLT ENERGY INDUS L,409.0,419.85,398.45,413.85,411.55,406.3,,413.85,,,44800,18308920.0,52,F1,800,,,,,
2026-04-22,2026-04-22,CM,NSE,STK,757587,INE0ZTO01018,MAYASHEEL,SM,,,,,MAYASHEEL VENTURES LTD,50.8,54.9,50.8,54.9,54.9,51.25,,54.9,,,30000,1536300.0,3,F1,3000,,,,,
2026-04-22,2026-04-22,CM,NSE,STK,28906,INE040D01038,MAYURUNIQ,EQ,,,,,MAYUR UNIQUOTERS LTD,585.0,592.85,578.0,585.9,585.5,586.4,,585.9,,,109841,64311163.35,4403,F1,1,,,,,
2026-04-22,2026-04-22,CM,NSE,STK,509,INE249Z01020,MAZDOCK,EQ,,,,,MAZAGON DOCK SHIPBUIL LTD,2656.6,2714.9,2650.6,2703.9,2706.0,2656.6,,2703.8,,,1890811,5090246623.3,62401,F1,1,,,,,
2026-04-22,2026-04-22,CM,NSE,STK,18866,INE885E01042,MAZDA,EQ,,,,,MAZDA LIMITED,207.86,213.0,207.86,211.56,210.1,208.99,,211.58,,,13573,2866411.29,328,F1,1,,,,,
2026-04-22,2026-04-22,CM,NSE,STK,18033,INE912H01013,MBLINFRA,BE,,,,,MBL INFRASTRUCTURE LTD,26.02,26.7,26.0,26.15,26.15,26.15,,26.0,,,20491,540007.08,84,F1,1,,,,,
2026-04-22,2026-04-22,CM,NSE,STK,11944,INE942G01012,MCLEODRUSS,BE,,,,,MCLEOD RUSSEL INDIA LTD.,60.98,60.98,56.1,58.17,58.5,58.23,,58.15,,,1784901,105098713.31,2325,F1,1,,,,,
2026-04-22,2026-04-22,CM,NSE,STK,21705,INE456Z01021,MEDIASSIST,EQ,,,,,MEDI ASSIST HEALTH SER L,369.65,372.0,361.2,363.15,363.1,369.95,,363.15,,,110169,40223811.55,5640,F1,1,,,,,
2026-04-22,2026-04-22,CM,NSE,STK,762802,INE200D01020,MMWL,EQ,,,,,MEDIA MATRIX WORLDWIDE L,10.6,10.9,10.15,10.35,10.25,10.2,,10.3,,,17151,176085.45,153,F1,1,,,,,
2026-04-22,2026-04-22,CM,NSE,STK,6278,INE646B01010,MEDICAMEQ,EQ,,,,,MEDICAMEN BIOTECH LIMITED,264.85,269.9,260.2,268.41,269.9,261.47,,268.4,,,16489,4380161.16,544,F1,1,,,,,
2026-04-22,2026-04-22,CM,NSE,STK,24239,INE0PE401018,MEDIORG,SM,,,,,MEDICAMEN ORGANICS LTD,29.65,29.65,29.65,29.65,29.65,29.5,,29.65,,,2000,59300.0,1,F1,2000,,,,,
2026-04-22,2026-04-22,CM,NSE,STK,9667,INE630Y01024,MEDICO,EQ,,,,,MEDICO REMEDIES LIMITED,41.9,43.0,40.6,42.37,42.5,41.02,,42.38,,,382757,16072702.18,1847,F1,1,,,,,
2026-04-22,2026-04-22,CM,NSE,STK,7254,INE804L01022,MEDPLUS,EQ,,,,,MEDPLUS HEALTH SERV LTD,877.0,893.55,870.1,890.7,891.0,877.55,,890.7,,,88412,78168085.4,7916,F1,1,,,,,
2026-04-22,2026-04-22,CM,NSE,STK,760229,INE0VDM01015,MEESHO,EQ,,,,,MEESHO LIMITED,172.02,181.99,171.01,178.28,177.3,171.11,,178.29,,,17307387,3058028017.14,113094,F1,1,,,,,
2026-04-22,2026-04-22,CM,NSE,STK,8153,INE00EM01016,MEGASTAR,EQ,,,,,MEGASTAR FOODS LIMITED,297.2,298.9,285.35,287.3,291.0,297.2,,287.2,,,9080,2645971.75,205,F1,1,,,,,
2026-04-22,2026-04-22,CM,NSE,STK,22560,INE531R01010,MEGATHERM,SM,,,,,MEGATHERM INDUCTION LTD,259.95,263.0,252.55,257.1,257.1,260.0,,257.1,,,10400,2697160.0,18,F1,400,,,,,
2026-04-22,2026-04-22,CM,NSE,STK,5394,INE0CT101020,MOL,EQ,,,,,MEGHMANI ORGANICS LIMITED,55.68,55.79,53.59,53.92,54.05,55.49,,53.92,,,844874,45883354.65,4063,F1,1,,,,,
2026-04-22,2026-04-22,CM,NSE,STK,6961,INE071D01033,MENONBE,EQ,,,,,MENON BEARINGS LIMITED,126.32,128.0,125.01,125.79,126.52,125.62,,125.78,,,20971,2647471.98,478,F1,1,,,,,
2026-04-22,2026-04-22,CM,NSE,STK,762787,INE650G01029,MENNPIS,EQ,,,,,MENON PISTONS LTD.,57.75,59.15,55.05,57.7,57.7,58.15,,57.55,,,3238,186209.45,140,F1,1,,,,,
2026-04-22,2026-04-22,CM,NSE,STK,25882,INE776I01010,MEP,BZ,,,,,MEP INFRA. DEVELOPERS LTD,0.94,0.94,0.94,0.94,0.94,0.93,,0.95,,,7156,6726.64,6,F1,1,,,,,
2026-04-22,2026-04-22,CM,NSE,STK,762792,INE689O01013,MERCANTILE,EQ,,,,,MERCANTILE VENTURES LTD.,24.55,24.7,20.0,22.85,23.45,23.4,,22.8,,,2085,45637.15,50,F1,1,,,,,
2026-04-22,2026-04-22,CM,NSE,STK,7242,INE317I01021,METROBRAND,EQ,,,,,METRO BRANDS LIMITED,1063.45,1080.0,1058.3,1066.0,1066.0,1060.45,,1066.0,,,13069,13924081.7,2603,F1,1,,,,,
2026-04-22,2026-04-22,CM,NSE,STK,762797,INE085D01033,METROGLOBL,EQ,,,,,METROGLOBAL LTD.,133.15,140.0,126.1,133.05,131.25,126.65,,133.1,,,7401,988668.3,158,F1,1,,,,,
2026-04-22,2026-04-22,CM,NSE,STK,9581,INE112L01020,METROPOLIS,EQ,,,,,METROPOLIS HEALTHCARE LTD,482.0,487.2,473.0,476.65,473.05,484.3,,476.7,,,53520,25642365.7,4443,F1,1,,,,,
2026-04-22,2026-04-22,CM,NSE,STK,7169,INE287C01037,MICEL,EQ,,,,,MIC ELECTRONICS LTD,42.0,42.09,41.01,41.77,41.88,41.56,,41.77,,,622759,25828184.28,2805,F1,1,,,,,
2026-04-22,2026-04-22,CM,NSE,STK,19887,INE0PZK01014,MICROPRO,SM,,,,,MICROPRO SOFTWARE SOL L,19.1,20.3,19.1,19.1,19.1,19.1,,19.1,,,6400,124160.0,4,F1,1600,,,,,
2026-04-22,2026-04-22,CM,NSE,STK,759517,INE0XAD01024,MIDWESTLTD,EQ,,,,,MIDWEST LIMITED,1331.9,1348.8,1316.5,1321.7,1325.0,1332.0,,1321.7,,,16866,22421119.7,1594,F1,1,,,,,
2026-04-22,2026-04-22,CM,NSE,STK,25897,INE842C01021,MINDACORP,EQ,,,,,MINDA CORPORATION LTD,544.0,551.75,539.8,541.45,543.5,544.45,,541.45,,,156681,85331827.85,7558,F1,1,,,,,
2026-04-22,2026-04-22,CM,NSE,STK,22308,INE0CCU25019,MINDSPACE,RR,,,,,MINDSPACE BUSINESS P REIT,480.85,481.5,468.52,470.1,470.5,478.68,,470.1,,,163973,77733651.84,15634,F1,1,,,,,
2026-04-22,2026-04-22,CM,NSE,STK,18049,INE110B01017,MINDTECK,EQ,,,,,MINDTECK (INDIA) LIMITED,209.0,214.59,209.0,209.44,209.5,211.62,,209.42,,,58309,12324907.16,1253,F1,1,,,,,
2026-04-22,2026-04-22,CM,NSE,STK,19640,INF769K01KU7,ALPHAETF,EQ,,,,,MIRAEAMC - ALPHAETF,25.48,25.58,25.36,25.51,25.5,25.45,,25.51,,,272873,6958330.35,651,F1,1,,,,,
2026-04-22,2026-04-22,CM,NSE,STK,17419,INF769K01KR3,BANKETF,EQ,,,,,MIRAEAMC - BANKETF,581.87,582.98,578.38,579.78,579.94,581.86,,578.6,,,5632,3270823.77,237,F1,1,,,,,
2026-04-22,2026-04-22,CM,NSE,STK,25725,INF769K01LZ4,BANKPSU,EQ,,,,,MIRAEAMC - BANKPSU,90.99,91.29,90.41,90.54,90.62,90.54,,90.54,,,28220,2565589.1,149,F1,1,,,,,
2026-04-22,2026-04-22,CM,NSE,STK,28969,INF769K01NS5,CONSUMER,EQ,,,,,MIRAEAMC - CONSUMER,11.22,11.25,11.16,11.18,11.2,11.22,,11.18,,,249893,2798469.98,470,F1,1,,,,,
2026-04-22,2026-04-22,CM,NSE,STK,761046,INF769K01QC2,DEFENCE,EQ,,,,,MIRAEAMC - DEFENCE,72.81,73.45,72.22,73.31,73.42,72.44,,73.31,,,196376,14334126.15,707,F1,1,,,,,
2026-04-22,2026-04-22,CM,NSE,STK,760412,INF769K01PY8,DIVIDEND,EQ,,,,,MIRAEAMC - DIVIDEND,37.41,37.41,36.92,37.13,37.12,37.23,,37.13,,,4715,174828.22,117,F1,1,,,,,
2026-04-22,2026-04-22,CM,NSE,STK,759780,INF769K01PR2,ENERGY,EQ,,,,,MIRAEAMC - ENERGY,39.7,40.5,39.3,40.12,40.1,39.51,,40.12,,,1242954,49709956.85,2684,F1,1,,,,,
2026-04-22,2026-04-22,CM,NSE,STK,30121,INF769K01OA1,EQUAL200,EQ,,,,,MIRAEAMC - EQUAL200,13.46,13.54,13.4,13.47,13.5,13.46,,13.47,,,110227,1485077.51,63,F1,1,,,,,
2026-04-22,2026-04-22,CM,NSE,STK,757142,INF769K01OO2,EQUAL50,EQ,,,,,MIRAEAMC - EQUAL50,329.07,329.11,328.0,328.45,328.44,329.21,,328.44,,,791,259854.2,22,F1,1,,,,,
2026-04-22,2026-04-22,CM,NSE,STK,24461,INF769K01LQ3,EVINDIA,EQ,,,,,MIRAEAMC - EVINDIA,30.16,30.39,30.0,30.24,30.27,30.09,,30.24,,,348497,10545811.8,1634,F1,1,,,,,
2026-04-22,2026-04-22,CM,NSE,STK,760986,INF769K01QA6,HEALTHCARE,EQ,,,,,MIRAEAMC - HEALTHCARE,18.49,18.6,18.47,18.56,18.56,18.54,,18.56,,,8727,161990.42,68,F1,1,,,,,
2026-04-22,2026-04-22,CM,NSE,STK,761030,INF769K01QB4,INFRA,EQ,,,,,MIRAEAMC - INFRA,11.9,12.15,11.89,12.13,12.1,11.9,,12.11,,,62263,747929.12,166,F1,1,,,,,
2026-04-22,2026-04-22,CM,NSE,STK,758595,INF769K01PB6,INTERNET,EQ,,,,,MIRAEAMC - INTERNET,12.54,12.63,12.49,12.59,12.59,12.54,,12.58,,,136582,1721144.14,179,F1,1,,,,,
2026-04-22,2026-04-22,CM,NSE,STK,19633,INF769K01KV5,ITETF,EQ,,,,,MIRAEAMC - ITETF,32.6,33.0,31.73,32.09,32.11,33.4,,32.09,,,1844006,59232647.57,4034,F1,1,,,,,
2026-04-22,2026-04-22,CM,NSE,STK,17572,INF769K01KS1,LIQUID,EQ,,,,,MIRAEAMC - LIQUID,999.99,1000.0,999.99,999.99,999.99,999.99,,999.99,,,659653,659648241.93,323,F1,1,,,,,
2026-04-22,2026-04-22,CM,NSE,STK,27075,INF769K01MY5,LIQUIDPLUS,EQ,,,,,MIRAEAMC - LIQUIDPLUS,1081.0,1084.44,1081.0,1082.02,1082.03,1081.86,,1082.02,,,389440,421382599.81,329,F1,1,,,,,
2026-04-22,2026-04-22,CM,NSE,STK,1200,INF769K01GS9,ESG,EQ,,,,,MIRAEAMC - MAESGETF,41.87,41.95,41.7,41.77,41.83,42.11,,41.77,,,31605,1320952.7,96,F1,1,,,,,
2026-04-22,2026-04-22,CM,NSE,STK,3507,INF769K01HF4,MAFANG,EQ,,,,,MIRAEAMC - MAFANG,173.94,173.94,173.94,173.94,173.94,175.18,,173.94,,,190353,33110000.82,1878,F1,1,,,,,
2026-04-22,2026-04-22,CM,NSE,STK,5220,INF769K01HI8,BFSI,EQ,,,,,MIRAEAMC - MAFSETF,27.87,27.87,27.5,27.53,27.55,27.74,,27.53,,,168261,4640536.7,755,F1,1,,,,,
2026-04-22,2026-04-22,CM,NSE,STK,14286,INF769K01JP9,GOLDETF,EQ,,,,,MIRAEAMC - MAGOLDETF,150.81,150.81,143.46,146.63,146.87,147.14,,146.63,,,581107,85290829.57,3809,F1,1,,,,,
2026-04-22,2026-04-22,CM,NSE,STK,14938,INF769K01KF8,GSEC10YEAR,EQ,,,,,MIRAEAMC - MAGS813ETF,29.95,29.95,29.64,29.85,29.85,29.95,,29.85,,,11659,346874.42,95,F1,1,,,,,
2026-04-22,2026-04-22,CM,NSE,STK,7074,INF769K01HS7,MAHKTECH,EQ,,,,,MIRAEAMC - MAHKTECH,24.2,24.2,24.05,24.2,24.2,24.04,,24.2,,,843931,20416947.57,2904,F1,1,,,,,
2026-04-22,2026-04-22,CM,NSE,STK,8413,INF769K01IC9,MIDCAPETF,EQ,,,,,MIRAEAMC - MAM150ETF,22.55,22.7,22.41,22.64,22.64,22.55,,22.64,,,2342804,53006117.03,5781,F1,1,,,,,
2026-04-22,2026-04-22,CM,NSE,STK,7979,INF769K01IB1,MAKEINDIA,EQ,,,,,MIRAEAMC - MAMFGETF,158.04,158.8,157.69,158.49,158.43,158.22,,158.49,,,57674,9130022.9,405,F1,1,,,,,
2026-04-22,2026-04-22,CM,NSE,STK,6353,INF769K01EG9,NIFTYETF,EQ,,,,,MIRAEAMC - MAN50ETF,263.89,264.49,262.8,263.05,262.99,265.07,,263.05,,,141955,37386043.68,1179,F1,1,,,,,
2026-04-22,2026-04-22,CM,NSE,STK,14786,INF769K01JU9,LOWVOL,EQ,,,,,MIRAEAMC - MANV30F,203.71,203.8,202.96,203.16,202.98,204.24,,203.16,,,2682,545862.96,21,F1,1,,,,,
2026-04-22,2026-04-22,CM,NSE,STK,17181,INF769K01FN2,NEXT50,EQ,,,,,MIRAEAMC - MANXT50,728.55,736.37,728.55,735.2,734.71,728.55,,735.2,,,27936,20486274.07,777,F1,1,,,,,
2026-04-22,2026-04-22,CM,NSE,STK,16777,INF769K01KG6,SILVERAG,EQ,,,,,MIRAEAMC - MASILVER,241.04,241.39,239.0,240.25,240.0,241.55,,240.25,,,189650,45573391.63,2679,F1,1,,,,,
2026-04-22,2026-04-22,CM,NSE,STK,5782,INF769K01HP3,MASPTOP50,EQ,,,,,MIRAEAMC - MASPTOP50,74.94,74.94,73.0,74.94,74.94,75.0,,74.94,,,316354,23681396.69,2953,F1,1,,,,,
2026-04-22,2026-04-22,CM,NSE,STK,25744,INF769K01LY7,METAL,EQ,,,,,MIRAEAMC - METAL,12.86,13.08,12.86,12.97,12.98,12.9,,12.97,,,3116147,40394637.51,5789,F1,1,,,,,
2026-04-22,2026-04-22,CM,NSE,STK,23855,INF769K01LJ8,MIDSMALL,EQ,,,,,MIRAEAMC - MIDSMALL,49.66,49.79,49.54,49.66,49.63,49.71,,49.67,,,243373,12093963.08,883,F1,1,,,,,
2026-04-22,2026-04-22,CM,NSE,STK,25080,INF769K01LX9,MULTICAP,EQ,,,,,MIRAEAMC - MULTICAP,16.24,16.24,16.1,16.17,16.18,16.16,,16.16,,,290075,4680970.29,472,F1,1,,,,,
2026-04-22,2026-04-22,CM,NSE,STK,30109,INF769K01ON4,SELECTIPO,EQ,,,,,MIRAEAMC - SELECTIPO,43.45,43.92,43.02,43.82,43.81,43.45,,43.82,,,20098,877328.42,86,F1,1,,,,,
2026-04-22,2026-04-22,CM,NSE,STK,19224,INF769K01KT9,SENSEXETF,EQ,,,,,MIRAEAMC - SENSEXETF,81.6,81.6,80.38,80.56,80.54,81.19,,80.55,,,52813,4258653.47,416,F1,1,,,,,
2026-04-22,2026-04-22,CM,NSE,STK,759814,INF769K01PQ4,SMALL250,EQ,,,,,MIRAEAMC - SMALL250,16.64,16.73,16.51,16.71,16.71,16.55,,16.71,,,658835,10949518.82,751,F1,1,,,,,
2026-04-22,2026-04-22,CM,NSE,STK,22832,INF769K01LC3,SMALLCAP,EQ,,,,,MIRAEAMC - SMALLCAP,44.04,44.19,43.84,44.07,44.19,43.87,,44.07,,,2631296,115896711.98,3547,F1,1,,,,,
2026-04-22,2026-04-22,CM,NSE,STK,760415,INF769K01PZ5,TOP20,EQ,,,,,MIRAEAMC - TOP20,8.97,8.97,8.78,8.86,8.85,8.97,,8.86,,,324311,2874810.24,365,F1,1,,,,,
2026-04-22,2026-04-22,CM,NSE,STK,761511,INF769K01QV2,VALUE,EQ,,,,,MIRAEAMC - VALUE,16.69,16.92,16.5,16.67,16.73,16.69,,16.67,,,27274779,452255087.17,2017,F1,1,,,,,
2026-04-22,2026-04-22,CM,NSE,STK,2202,INE831A01028,MIRCELECTR,EQ,,,,,MIRC ELECTRONICS LTD,31.69,32.49,31.4,32.04,32.0,31.69,,32.08,,,682531,21854394.77,2189,F1,1,,,,,
2026-04-22,2026-04-22,CM,NSE,STK,4394,INE771A01026,MIRZAINT,EQ,,,,,MIRZA INTERNATIONAL LIMIT,33.01,34.0,32.87,33.72,33.9,33.36,,33.72,,,90220,3010049.77,1061,F1,1,,,,,
2026-04-22,2026-04-22,CM,NSE,STK,2463,INE099Z01011,MIDHANI,EQ,,,,,MISHRA DHATU NIGAM LTD,378.8,388.0,376.3,385.9,387.0,379.95,,385.95,,,791220,303092220.95,20545,F1,1,,,,,
2026-04-22,2026-04-22,CM,NSE,STK,8469,INE828O01033,MITCON,EQ,,,,,MITCON CON & ENG SER LTD,74.01,82.95,73.56,81.51,82.49,74.34,,81.51,,,35839,2846741.8,452,F1,1,,,,,
2026-04-22,2026-04-22,CM,NSE,STK,18562,INE997Y01027,MITTAL,EQ,,,,,MITTAL LIFE STYLE LIMITED,0.99,0.99,0.95,0.96,0.97,0.97,,0.96,,,292350,284473.5,328,F1,1,,,,,
2026-04-22,2026-04-22,CM,NSE,STK,13844,INE227C01017,MMFL,EQ,,,,,MM FORGINGS LTD,490.0,526.95,487.0,502.85,501.0,486.8,,502.9,,,435636,223835710.25,14018,F1,1,,,,,
2026-04-22,2026-04-22,CM,NSE,STK,16395,INE511Y01018,MMP,EQ,,,,,MMP INDUSTRIES LIMITED,249.39,249.39,242.91,246.29,243.0,248.6,,246.29,,,14700,3616173.24,668,F1,1,,,,,
2026-04-22,2026-04-22,CM,NSE,STK,17957,INE123F01029,MMTC,EQ,,,,,MMTC LIMITED,65.4,70.3,65.29,67.67,67.7,65.37,,67.67,,,14821192,1011505479.17,57018,F1,1,,,,,
2026-04-22,2026-04-22,CM,NSE,STK,760196,INE1YNB01019,MOBILISE,SM,,,,,MOBILISE APP LAB LIMITED,83.6,85.0,81.0,81.65,81.0,83.55,,81.65,,,32000,2648400.0,19,F1,1600,,,,,
2026-04-22,2026-04-22,CM,NSE,STK,2241,INE794W01014,MODTHREAD,EQ,,,,,MODERN THREADS INDIA LTD,48.53,48.89,46.91,47.57,46.91,48.29,,47.57,,,46,2201.59,8,F1,1,,,,,
2026-04-22,2026-04-22,CM,NSE,STK,760277,INE537F01012,MODINATUR,EQ,,,,,MODI NATURALS LIMITED,359.85,370.4,351.95,358.6,352.25,360.9,,358.55,,,12922,4647362.0,767,F1,1,,,,,
2026-04-22,2026-04-22,CM,NSE,STK,2229,INE832A01018,MODIRUBBER,EQ,,,,,MODI RUBBER LTD,130.34,139.8,129.0,132.18,132.25,130.34,,132.19,,,21462,2896437.08,631,F1,1,,,,,
2026-04-22,2026-04-22,CM,NSE,STK,759752,INE0L0L01012,MODIS,EQ,,,,,MODIS NAVNIRMAN LTD,354.8,375.85,352.0,357.1,360.0,350.05,,357.05,,,45068,16453073.9,2039,F1,1,,,,,
2026-04-22,2026-04-22,CM,NSE,STK,3316,INE737D01021,MODISONLTD,EQ,,,,,MODISON LIMITED,142.1,147.99,142.1,146.96,147.5,143.53,,146.95,,,31065,4556448.31,539,F1,1,,,,,
2026-04-22,2026-04-22,CM,NSE,STK,1426,INE450S01011,MHHL,SM,,,,,MOHINI HEALTH&HYGIENE LTD,41.95,42.05,41.95,42.0,42.0,42.8,,42.0,,,4500,189000.0,3,F1,1500,,,,,
2026-04-22,2026-04-22,CM,NSE,STK,29423,INE954E01012,MOHITIND,EQ,,,,,MOHIT INDUSTRIES LTD,23.3,24.2,22.51,23.14,23.3,23.3,,23.02,,,4902,113512.83,119,F1,1,,,,,
2026-04-22,2026-04-22,CM,NSE,STK,20830,INE490G01020,MOIL,EQ,,,,,MOIL LIMITED,323.65,329.0,321.0,326.2,326.4,322.25,,326.2,,,876774,286134225.85,14577,F1,1,,,,,
2026-04-22,2026-04-22,CM,NSE,STK,3586,INE514Y01020,MOKSH,EQ,,,,,MOKSH ORNAMENTS LIMITED,11.45,11.45,11.03,11.14,11.33,11.02,,11.14,,,46779,520449.71,220,F1,1,,,,,
2026-04-22,2026-04-22,CM,NSE,STK,6713,INE893J01029,MOLDTKPAC,EQ,,,,,MOLD-TEK PACKAGING LTD,562.0,611.6,556.7,601.7,602.0,559.3,,601.75,,,139910,82072626.7,6025,F1,1,,,,,
2026-04-22,2026-04-22,CM,NSE,STK,17625,INE835B01035,MOLDTECH,EQ,,,,,MOLD-TEK TECHNOLOGIES LTD,139.0,139.0,133.07,135.51,135.2,136.97,,135.46,,,30896,4163120.76,846,F1,1,,,,,
2026-04-22,2026-04-22,CM,NSE,STK,7679,INE903D01011,MONARCH,EQ,,,,,MONARCH NETWORTH CAP LTD,293.0,304.0,293.0,301.25,300.6,296.77,,301.24,,,39036,11701342.46,1088,F1,1,,,,,
2026-04-22,2026-04-22,CM,NSE,STK,759381,INE296Q01012,MONEYBOXX,EQ,,,,,MONEYBOXX FINANCE LIMITED,75.5,76.14,71.07,72.96,73.05,74.06,,72.96,,,100349,7340005.51,1186,F1,1,,,,,
2026-04-22,2026-04-22,CM,NSE,STK,756958,INE1DV401010,MONOLITH,SM,,,,,MONOLITHISCH INDIA LTD,492.0,492.0,479.05,483.4,481.1,480.4,,483.4,,,34500,16615050.0,23,F1,250,,,,,
2026-04-22,2026-04-22,CM,NSE,STK,5938,INE950M01013,MONTECARLO,EQ,,,,,MONTE CARLO FASHIONS LTD.,553.05,555.1,540.0,543.0,546.0,550.3,,543.0,,,45416,24803233.8,4479,F1,1,,,,,
2026-04-22,2026-04-22,CM,NSE,STK,2259,INE083A01026,MOREPENLAB,EQ,,,,,MOREPEN LAB. LTD,41.8,43.35,41.56,43.07,43.02,41.8,,43.07,,,4697608,201103137.16,12239,F1,1,,,,,
2026-04-22,2026-04-22,CM,NSE,STK,15051,INE0N7S01028,MOS,SM,,,,,MOS UTILITY LIMITED,14.1,14.3,13.55,13.7,13.6,13.85,,13.7,,,192000,2675200.0,44,F1,4000,,,,,
2026-04-22,2026-04-22,CM,NSE,STK,29459,INE935B01025,MOSCHIP,EQ,,,,,MOSCHIP TECHNOLOGIES LTD,203.4,206.63,202.4,205.75,206.45,203.48,,205.75,,,1926717,394728409.97,18549,F1,1,,,,,
2026-04-22,2026-04-22,CM,NSE,STK,8596,INE0FS801015,MSUMI,EQ,,,,,MOTHERSON SUMI WRNG IND L,40.0,41.63,39.8,41.29,41.38,40.01,,41.29,,,18671571,767084737.82,47758,F1,1,,,,,
2026-04-22,2026-04-22,CM,NSE,STK,21423,INF247L01023,MOM100,EQ,,,,,MOTILAL OS MIDCAP100 ETF,66.0,66.0,64.22,64.75,64.75,64.64,,64.75,,,698988,45196321.68,2642,F1,1,,,,,
2026-04-22,2026-04-22,CM,NSE,STK,22739,INF247L01AP3,MON100,EQ,,,,,MOTILAL OS NASDAQ100 ETF,289.75,289.77,287.16,289.77,289.77,289.22,,289.77,,,458052,132707409.34,9641,F1,1,,,,,
2026-04-22,2026-04-22,CM,NSE,STK,14947,INE338I01027,MOTILALOFS,EQ,,,,,MOTILAL OSWAL FIN LTD,819.5,827.35,807.65,811.2,807.65,821.2,,811.2,,,1002068,818901018.55,28871,F1,1,,,,,
2026-04-22,2026-04-22,CM,NSE,STK,19289,INF247L01536,MOM50,EQ,,,,,MOTILAL OSWAL M50 ETF,255.11,255.11,253.12,253.99,254.03,254.99,,254.01,,,3523,894758.81,168,F1,1,,,,,
2026-04-22,2026-04-22,CM,NSE,STK,1507,INF247L01AK4,MOGSEC,EQ,,,,,MOTILALAMC - G5,64.06,64.12,63.73,63.74,63.74,63.81,,63.73,,,122194,7819060.17,46,F1,1,,,,,
2026-04-22,2026-04-22,CM,NSE,STK,757669,INF247L01FR8,MOALPHA50,EQ,,,,,MOTILALAMC - MOALPHA50,51.19,51.28,51.11,51.23,51.12,51.1,,51.23,,,2211,113222.28,31,F1,1,,,,,
2026-04-22,2026-04-22,CM,NSE,STK,761693,INF247L01GV8,MOBANK10,EQ,,,,,MOTILALAMC - MOBANK10,17.14,17.14,16.94,17.01,17.0,17.14,,17.01,,,7972,135765.92,93,F1,1,,,,,
2026-04-22,2026-04-22,CM,NSE,STK,30065,INF247L01EV3,MOCAPITAL,EQ,,,,,MOTILALAMC - MOCAPITAL,53.36,53.36,52.52,52.59,52.7,53.06,,52.59,,,760251,40097150.98,4197,F1,1,,,,,
2026-04-22,2026-04-22,CM,NSE,STK,24944,INF247L01DJ0,MODEFENCE,EQ,,,,,MOTILALAMC - MODEFENCE,97.3,98.44,96.41,98.34,98.38,97.12,,98.34,,,4889668,478971924.01,10046,F1,1,,,,,
2026-04-22,2026-04-22,CM,NSE,STK,759374,INF247L01GH7,MOENERGY,EQ,,,,,MOTILALAMC - MOENERGY,39.8,41.0,39.46,40.13,40.5,39.45,,40.13,,,410035,16367648.26,1129,F1,1,,,,,
2026-04-22,2026-04-22,CM,NSE,STK,757791,INF247L01FY4,MOGOLD,EQ,,,,,MOTILALAMC - MOGOLD,150.05,150.05,148.8,149.3,149.0,149.9,,149.2,,,60161,8983676.6,649,F1,1,,,,,
2026-04-22,2026-04-22,CM,NSE,STK,10508,INF247L01BB1,MOHEALTH,EQ,,,,,MOTILALAMC - MOHEALTH,43.99,44.42,43.45,43.97,43.7,43.97,,43.97,,,49280,2169058.35,427,F1,1,,,,,
2026-04-22,2026-04-22,CM,NSE,STK,757031,INF247L01FL1,MOINFRA,EQ,,,,,MOTILALAMC - MOINFRA,63.47,64.38,63.47,64.12,64.11,63.47,,64.12,,,11988,767813.9,73,F1,1,,,,,
2026-04-22,2026-04-22,CM,NSE,STK,759891,INF247L01GI5,MOIPO,EQ,,,,,MOTILALAMC - MOIPO,43.52,46.4,43.52,46.4,46.4,43.68,,46.4,,,5406,236851.26,37,F1,1,,,,,
2026-04-22,2026-04-22,CM,NSE,STK,8654,INF247L01BL0,MOLOWVOL,EQ,,,,,MOTILALAMC - MOLOWVOL,36.98,36.98,36.69,36.82,36.82,36.87,,36.82,,,2234,82272.74,41,F1,1,,,,,
2026-04-22,2026-04-22,CM,NSE,STK,25606,INF247L01DK8,MOMENTUM50,EQ,,,,,MOTILALAMC - MOMENTUM50,52.21,52.21,51.73,51.92,51.84,51.95,,51.92,,,543340,28223711.88,1536,F1,1,,,,,
2026-04-22,2026-04-22,CM,NSE,STK,757099,INF247L01FK3,MOMGF,EQ,,,,,MOTILALAMC - MOMGF,155.48,155.85,155.48,155.57,155.57,155.7,,155.57,,,755,117465.37,10,F1,1,,,,,
2026-04-22,2026-04-22,CM,NSE,STK,757817,INF247L01FQ0,MOMIDMTM,EQ,,,,,MOTILALAMC - MOMIDMTM,63.0,63.4,62.7,63.2,63.4,62.92,,63.2,,,46625,2940443.81,197,F1,1,,,,,
2026-04-22,2026-04-22,CM,NSE,STK,760054,INF247L01GK1,MOMNC,EQ,,,,,MOTILALAMC - MOMNC,31.76,32.06,31.76,31.98,31.98,31.75,,31.98,,,5946,189970.18,21,F1,1,,,,,
2026-04-22,2026-04-22,CM,NSE,STK,8182,INF247L01BK2,MOMOMENTUM,EQ,,,,,MOTILALAMC - MOMOMENTUM,62.79,62.81,62.34,62.6,62.65,62.53,,62.61,,,54867,3433742.25,331,F1,1,,,,,
2026-04-22,2026-04-22,CM,NSE,STK,756900,INF247L01FC0,MON50EQUAL,EQ,,,,,MOTILALAMC - MON50EQUAL,32.92,33.03,32.8,32.92,32.92,33.07,,32.92,,,8157,268510.84,31,F1,1,,,,,
2026-04-22,2026-04-22,CM,NSE,STK,757167,INF247L01FD8,MONEXT50,EQ,,,,,MOTILALAMC - MONEXT50,70.58,71.23,70.44,70.89,70.85,70.33,,70.89,,,5923,418643.81,83,F1,1,,,,,
2026-04-22,2026-04-22,CM,NSE,STK,759371,INF247L01GG9,MONIFTY100,EQ,,,,,MOTILALAMC - MONIFTY100,25.65,25.65,25.38,25.44,25.44,25.53,,25.44,,,7699,195892.2,49,F1,1,,,,,
2026-04-22,2026-04-22,CM,NSE,STK,19237,INF247L01BU1,MONIFTY500,EQ,,,,,MOTILALAMC - MONIFTY500,23.51,23.58,23.33,23.44,23.43,23.46,,23.45,,,658972,15476832.41,1833,F1,1,,,,,
2026-04-22,2026-04-22,CM,NSE,STK,7422,INF247L01AU3,MONQ50,EQ,,,,,MOTILALAMC - MONQ50,126.03,126.03,126.03,126.03,126.03,124.81,,126.03,,,90621,11420964.63,326,F1,1,,,,,
2026-04-22,2026-04-22,CM,NSE,STK,757431,INF247L01FO5,MOPSE,EQ,,,,,MOTILALAMC - MOPSE,108.22,108.89,107.9,108.61,108.77,108.34,,108.61,,,12593,1366828.93,34,F1,1,,,,,
2026-04-22,2026-04-22,CM,NSE,STK,10822,INF247L01BH8,MOQUALITY,EQ,,,,,MOTILALAMC - MOQUALITY,202.68,203.68,202.06,203.52,203.68,202.75,,203.52,,,2212,449160.68,46,F1,1,,,,,
2026-04-22,2026-04-22,CM,NSE,STK,23184,INF247L01CI4,MOREALTY,EQ,,,,,MOTILALAMC - MOREALTY,79.98,80.64,79.79,80.29,80.23,79.86,,80.29,,,699879,56194053.82,1983,F1,1,,,,,
2026-04-22,2026-04-22,CM,NSE,STK,760001,INF247L01GJ3,MOSERVICE,EQ,,,,,MOTILALAMC - MOSERVICE,31.67,31.67,31.26,31.29,31.31,31.67,,31.29,,,8027,251585.75,69,F1,1,,,,,
2026-04-22,2026-04-22,CM,NSE,STK,758457,INF247L01FZ1,MOSILVER,EQ,,,,,MOTILALAMC - MOSILVER,243.49,245.37,242.14,243.73,243.5,244.86,,243.7,,,28954,7064034.62,958,F1,1,,,,,
2026-04-22,2026-04-22,CM,NSE,STK,23181,INF247L01CH6,MOSMALL250,EQ,,,,,MOTILALAMC - MOSMALL250,16.64,16.77,16.51,16.73,16.7,16.6,,16.73,,,2387269,39850631.4,2735,F1,1,,,,,
2026-04-22,2026-04-22,CM,NSE,STK,757443,INF247L01FP2,MOTOUR,EQ,,,,,MOTILALAMC - MOTOUR,75.5,75.63,74.91,75.34,75.63,75.42,,75.34,,,17511,1317498.3,169,F1,1,,,,,
2026-04-22,2026-04-22,CM,NSE,STK,10825,INF247L01BE5,MOVALUE,EQ,,,,,MOTILALAMC - MOVALUE,119.78,120.29,117.8,119.96,120.29,119.42,,119.96,,,77628,9304300.44,1069,F1,1,,,,,
2026-04-22,2026-04-22,CM,NSE,STK,20788,INE0FRK01020,MOTISONS,EQ,,,,,MOTISONS JEWELLERS LTD,14.1,14.13,13.9,14.05,14.09,14.01,,14.05,,,1270695,17789176.01,1743,F1,1,,,,,
2026-04-22,2026-04-22,CM,NSE,STK,2268,INE861B01023,MOTOGENFIN,EQ,,,,,MOTOR & GENERAL FINANCE L,25.9,25.9,23.7,25.38,25.25,25.42,,25.38,,,20261,501610.71,194,F1,1,,,,,
2026-04-22,2026-04-22,CM,NSE,STK,757810,INE0XM301010,MMEL,SM,,,,,MOVING MEDIA ENTER LTD,37.8,37.8,37.8,37.8,37.8,40.0,,37.8,,,2000,75600.0,1,F1,2000,,,,,
2026-04-22,2026-04-22,CM,NSE,STK,4503,INE356A01018,MPHASIS,EQ,,,,,MPHASIS LIMITED,2389.9,2397.0,2325.2,2331.0,2346.0,2419.0,,2331.0,,,998198,2348777878.4,51800,F1,1,,,,,
2026-04-22,2026-04-22,CM,NSE,STK,10578,INE943D01017,MPSLTD,EQ,,,,,MPS LIMITED,1725.6,1752.8,1705.0,1739.9,1742.0,1718.7,,1739.9,,,16594,28722210.6,2011,F1,1,,,,,
2026-04-22,2026-04-22,CM,NSE,STK,2277,INE883A01011,MRF,EQ,,,,,MRF LTD,139600.0,140095.0,136165.0,137040.0,136890.0,139665.0,,137045.0,,,7670,1056446575.0,6233,F1,1,,,,,
2026-04-22,2026-04-22,CM,NSE,STK,2283,INE103A01014,MRPL,EQ,,,,,MRPL,181.8,188.7,181.14,187.22,187.01,180.66,,187.21,,,10501379,1957042228.44,59562,F1,1,,,,,
2026-04-22,2026-04-22,CM,NSE,STK,1628,INE495P01020,BECTORFOOD,EQ,,,,,MRS BECTORS FOOD SPE LTD,207.3,213.48,203.05,204.5,204.9,206.37,,204.5,,,2586822,536618082.01,35717,F1,1,,,,,
2026-04-22,2026-04-22,CM,NSE,STK,11919,INE752G01015,MSPL,EQ,,,,,MSP STEEL & POWER LTD.,35.65,35.99,34.53,34.86,35.19,35.55,,34.86,,,1056188,37028643.88,2641,F1,1,,,,,
2026-04-22,2026-04-22,CM,NSE,STK,9356,INE255X01014,MSTCLTD,EQ,,,,,MSTC LIMITED,462.0,465.0,450.5,452.2,452.0,458.7,,452.15,,,214749,97634222.75,5167,F1,1,,,,,
2026-04-22,2026-04-22,CM,NSE,STK,31413,INE472M01018,MTEDUCARE,BE,,,,,MT EDUCARE LTD,1.44,1.48,1.36,1.4,1.4,1.41,,1.4,,,9852,14095.19,28,F1,1,,,,,
2026-04-22,2026-04-22,CM,NSE,STK,2709,INE864I01014,MTARTECH,EQ,,,,,MTAR TECHNOLOGIES LIMITED,5088.0,5350.0,5086.0,5279.6,5320.0,5071.1,,5279.5,,,515258,2675804001.6,52572,F1,1,,,,,
2026-04-22,2026-04-22,CM,NSE,STK,19783,INE08KJ01020,MUFIN,EQ,,,,,MUFIN GREEN FINANCE LTD,117.0,118.41,113.0,116.65,117.45,116.08,,116.66,,,37071791,4254493230.21,41414,F1,1,,,,,
2026-04-22,2026-04-22,CM,NSE,STK,11325,INE304A01026,MUKANDLTD,EQ,,,,,MUKAND LTD.,136.3,150.62,135.0,146.66,147.0,136.32,,146.66,,,1186871,173858902.32,9286,F1,1,,,,,
2026-04-22,2026-04-22,CM,NSE,STK,22980,INE0CG401037,MUKKA,EQ,,,,,MUKKA PROTEINS LIMITED,23.93,24.84,23.72,24.56,24.49,23.93,,24.56,,,618314,15015516.09,1493,F1,1,,,,,
2026-04-22,2026-04-22,CM,NSE,STK,8687,INE374B01019,MUKTAARTS,EQ,,,,,MUKTA ARTS LIMITED,48.1,48.11,46.81,47.99,47.99,47.93,,47.99,,,2736,130070.43,32,F1,1,,,,,
2026-04-22,2026-04-22,CM,NSE,STK,31181,INE745G01043,MCX,EQ,,,,,MULTI COMMODITY EXCHANGE,2830.0,2834.8,2768.5,2783.2,2789.0,2825.6,,2783.2,,,2904468,8115914711.7,132677,F1,1,,,,,
2026-04-22,2026-04-22,CM,NSE,STK,759416,INE1K8Y01018,MUNISH,SM,,,,,MUNISH FORGE LIMITED,65.0,65.0,65.0,65.0,65.0,66.05,,65.0,,,12000,780000.0,10,F1,1200,,,,,
2026-04-22,2026-04-22,CM,NSE,STK,13511,INE672B01032,MUNJALAU,EQ,,,,,MUNJAL AUTO IND. LTD.,80.99,83.76,80.76,81.45,81.68,81.03,,81.46,,,131594,10791709.44,1473,F1,1,,,,,
2026-04-22,2026-04-22,CM,NSE,STK,2307,INE577A01027,MUNJALSHOW,EQ,,,,,MUNJAL SHOWA LTD,132.85,134.0,131.58,132.89,133.5,132.2,,132.89,,,28737,3817716.27,513,F1,1,,,,,
2026-04-22,2026-04-22,CM,NSE,STK,2313,INE692B01014,MURUDCERA,EQ,,,,,MURUDESHWAR CERAMICS LTD,33.0,33.65,32.87,33.3,33.4,33.08,,33.24,,,32684,1085696.16,175,F1,1,,,,,
2026-04-22,2026-04-22,CM,NSE,STK,19881,INE919I01024,RADIOCITY,BE,,,,,MUSIC BROADCAST LIMITED,6.2,6.3,6.13,6.25,6.2,6.12,,6.25,,,49944,311066.93,85,F1,1,,,,,
2026-04-22,2026-04-22,CM,NSE,STK,10415,INE296G01013,MUTHOOTCAP,EQ,,,,,MUTHOOT CAP SERV LTD,209.1,210.19,205.91,207.97,209.3,208.26,,207.91,,,30800,6389136.68,676,F1,1,,,,,
2026-04-22,2026-04-22,CM,NSE,STK,23650,INE414G01012,MUTHOOTFIN,EQ,,,,,MUTHOOT FINANCE LIMITED,3610.2,3646.0,3571.5,3586.9,3593.0,3610.2,,3586.9,,,826036,2984137449.9,60290,F1,1,,,,,
2026-04-22,2026-04-22,CM,NSE,STK,20831,INE046W01019,MUTHOOTMF,EQ,,,,,MUTHOOT MICROFIN LIMITED,194.19,198.9,187.84,189.52,190.0,193.79,,189.52,,,2066726,401732052.01,20190,F1,1,,,,,
2026-04-22,2026-04-22,CM,NSE,STK,20314,INE740D01017,NRAIL,EQ,,,,,N R AGARWAL INDS LTD,470.0,475.35,463.55,467.25,469.95,477.85,,467.25,,,1878,878045.45,181,F1,1,,,,,
2026-04-22,2026-04-22,CM,NSE,STK,757489,INE104101014,NRVANDANA,SM,,,,,N R VANDANA TEX IND LTD,51.5,51.9,50.0,51.2,51.2,50.0,,51.2,,,30000,1533150.0,6,F1,3000,,,,,
2026-04-22,2026-04-22,CM,NSE,STK,19111,INE365I01020,NBIFIN,EQ,,,,,N.B.I. IND. FIN. CO. LTD,2131.1,2173.5,2125.0,2132.4,2130.0,2131.0,,2132.4,,,267,572243.0,53,F1,1,,,,,
2026-04-22,2026-04-22,CM,NSE,STK,20425,INE295D01020,NACLIND,EQ,,,,,NACL INDUSTRIES LIMITED,168.7,170.86,166.73,167.82,167.41,168.77,,167.82,,,228754,38523728.94,3400,F1,1,,,,,
2026-04-22,2026-04-22,CM,NSE,STK,18371,INE756C01015,NDGL,EQ,,,,,NAGA DHUNSERI GROUP LTD,2600.0,2658.0,2580.0,2627.1,2600.0,2598.5,,2627.1,,,171,447854.0,33,F1,1,,,,,
2026-04-22,2026-04-22,CM,NSE,STK,13060,INE454M01024,NAGAFERT,BZ,,,,,NAGARJUN FERT AND CHE LTD,4.2,4.2,3.99,4.01,4.04,4.12,,4.01,,,417936,1680534.82,462,F1,1,,,,,
2026-04-22,2026-04-22,CM,NSE,STK,14942,INE245I01016,NAGREEKCAP,EQ,,,,,NAGREEKA CAP & INFR.LTD,30.6,36.27,28.3,36.27,36.27,30.23,,36.28,,,455228,16173408.08,922,F1,1,,,,,
2026-04-22,2026-04-22,CM,NSE,STK,14702,INE123B01028,NAGREEKEXP,EQ,,,,,NAGREEKA EXPORTS LTD.,30.59,30.65,29.15,29.84,29.7,29.78,,29.84,,,30717,922554.09,284,F1,1,,,,,
2026-04-22,2026-04-22,CM,NSE,STK,15360,INE049I01012,NAHARCAP,EQ,,,,,NAHAR CAP & FIN.,252.58,257.58,249.61,250.49,250.15,251.26,,250.5,,,6668,1680663.33,152,F1,1,,,,,
2026-04-22,2026-04-22,CM,NSE,STK,13106,INE289A01011,NAHARINDUS,EQ,,,,,NAHAR INDS ENT LTD,109.84,111.59,108.51,109.2,109.87,109.85,,109.14,,,7262,799144.13,152,F1,1,,,,,
2026-04-22,2026-04-22,CM,NSE,STK,14445,INE308A01027,NAHARPOLY,EQ,,,,,NAHAR POLY FILMS LIMITED,258.39,264.99,257.0,263.87,264.0,258.38,,263.87,,,5176,1359965.99,372,F1,1,,,,,
2026-04-22,2026-04-22,CM,NSE,STK,14440,INE290A01027,NAHARSPING,EQ,,,,,NAHAR SPINNING MILLS LTD.,254.91,254.91,216.8,238.15,239.99,249.19,,238.1,,,75763,18182199.42,1913,F1,1,,,,,
2026-04-22,2026-04-22,CM,NSE,STK,5401,INE236Y01012,NGIL,EQ,,,,,NAKODA GROUP OF IND. LTD,37.97,37.97,36.69,37.08,37.0,37.38,,37.08,,,36395,1361016.28,147,F1,1,,,,,
2026-04-22,2026-04-22,CM,NSE,STK,11239,INE023A01030,NSIL,EQ,,,,,NALWA SONS INVESTMENT LTD,5843.0,5843.0,5746.8,5810.3,5828.0,5794.1,,5809.0,,,2459,14250421.6,591,F1,1,,,,,
2026-04-22,2026-04-22,CM,NSE,STK,23379,INE0RJM01010,NAMAN,SM,,,,,NAMAN INDUSTRE PRXIMA LTD,58.0,59.0,58.0,59.0,59.0,60.0,,59.0,,,1600,93600.0,2,F1,800,,,,,
2026-04-22,2026-04-22,CM,NSE,STK,25167,INE08NZ01012,NAMOEWASTE,SM,,,,,NAMO EWASTE MANAGEMENT L,189.0,189.0,181.3,183.1,183.0,187.5,,183.1,,,22400,4108080.0,28,F1,800,,,,,
2026-04-22,2026-04-22,CM,NSE,STK,31258,INE875G01048,NDL,EQ,,,,,NANDAN DENIM LIMITED,2.99,3.04,2.91,3.02,3.01,3.01,,3.02,,,2308161,6885241.21,2103,F1,1,,,,,
2026-04-22,2026-04-22,CM,NSE,STK,5516,INE696V01013,JAIPURKURT,EQ,,,,,NANDANI CREATION LIMITED,30.79,32.0,30.0,31.57,31.72,30.32,,31.57,,,23759,737470.14,461,F1,1,,,,,
2026-04-22,2026-04-22,CM,NSE,STK,11840,INE410P01011,NH,EQ,,,,,NARAYANA HRUDAYALAYA LTD.,1804.9,1825.9,1792.2,1811.3,1811.8,1804.0,,1811.3,,,178421,323368814.0,13692,F1,1,,,,,
2026-04-22,2026-04-22,CM,NSE,STK,11627,INE117Z01011,NARMADA,EQ,,,,,NARMADA AGROBASE LIMITED,34.54,34.96,34.45,34.64,34.45,34.54,,34.63,,,82098,2852860.24,412,F1,1,,,,,
2026-04-22,2026-04-22,CM,NSE,STK,3918,INE987B01026,NATCOPHARM,EQ,,,,,NATCO PHARMA LTD.,1058.05,1078.9,1042.25,1071.0,1072.0,1055.65,,1071.0,,,501981,535359851.75,23618,F1,1,,,,,
2026-04-22,2026-04-22,CM,NSE,STK,11065,INE448G01010,NATHBIOGEN,EQ,,,,,NATH BIO-GENES (I) LTD,170.0,172.15,167.0,171.35,171.0,170.74,,171.41,,,13995,2379183.76,538,F1,1,,,,,
2026-04-22,2026-04-22,CM,NSE,STK,6364,INE139A01034,NATIONALUM,EQ,,,,,NATIONAL ALUMINIUM CO LTD,421.75,437.35,418.55,435.95,437.0,422.95,,435.95,,,12617478,5453294024.95,120380,F1,1,,,,,
2026-04-22,2026-04-22,CM,NSE,STK,13925,INE870D01012,NFL,EQ,,,,,NATIONAL FERT. LTD,76.9,78.5,76.74,77.88,77.93,76.97,,77.88,,,1778996,138102647.38,7845,F1,1,,,,,
2026-04-22,2026-04-22,CM,NSE,STK,762807,INE166R01015,NATIONSTD,EQ,,,,,NATIONAL STAND (INDIA) L,1484.95,1484.95,1425.0,1437.15,1437.15,1451.45,,1408.9,,,30,43008.55,11,F1,1,,,,,
2026-04-22,2026-04-22,CM,NSE,STK,29583,INE936B01015,NATCAPSUQ,EQ,,,,,NATURAL CAPSULES LIMITED,162.03,166.0,153.6,156.44,156.0,160.66,,156.44,,,22458,3561993.35,251,F1,1,,,,,
2026-04-22,2026-04-22,CM,NSE,STK,4014,INE725A01030,NAVA,EQ,,,,,NAVA LIMITED,694.8,706.7,690.55,697.75,698.0,692.0,,697.75,,,386092,269908518.85,12715,F1,1,,,,,
2026-04-22,2026-04-22,CM,NSE,STK,14672,INE048G01026,NAVINFLUOR,EQ,,,,,NAVIN FLUORINE INT. LTD,6365.0,6450.0,6250.0,6267.0,6294.5,6373.5,,6267.0,,,155888,989187092.5,27117,F1,1,,,,,
2026-04-22,2026-04-22,CM,NSE,STK,10557,INE278M01019,NAVKARCORP,EQ,,,,,NAVKAR CORPORATION LTD.,108.84,111.9,106.25,107.03,108.0,108.8,,107.03,,,1118070,121573342.05,8665,F1,1,,,,,
2026-04-22,2026-04-22,CM,NSE,STK,29146,INE268H01044,NAVKARURB,EQ,,,,,NAVKAR URBANSTRUCTURE LTD,0.83,0.86,0.82,0.82,0.82,0.86,,0.82,,,1768386,1469984.72,558,F1,1,,,,,
2026-04-22,2026-04-22,CM,NSE,STK,2385,INE060A01024,NAVNETEDUL,EQ,,,,,NAVNEET EDUCATION LTD,150.0,150.5,145.99,146.66,146.88,149.02,,146.67,,,93745,13881676.08,1265,F1,1,,,,,
2026-04-22,2026-04-22,CM,NSE,STK,2987,INE418L01047,NAZARA,EQ,,,,,NAZARA TECHNOLOGIES LTD,277.0,277.28,270.5,271.56,272.2,275.75,,271.56,,,1323991,361278657.49,15402,F1,1,,,,,
2026-04-22,2026-04-22,CM,NSE,STK,31415,INE095N01031,NBCC,EQ,,,,,NBCC (INDIA) LIMITED,93.22,94.74,92.82,94.2,94.0,93.28,,94.2,,,11345558,1065719063.07,36323,F1,1,,,,,
2026-04-22,2026-04-22,CM,NSE,STK,2319,INE868B01028,NCC,EQ,,,,,NCC LIMITED,159.89,166.82,158.52,163.98,163.87,159.89,,163.98,,,5872623,958975829.77,35102,F1,1,,,,,
2026-04-22,2026-04-22,CM,NSE,STK,14490,INE732C01016,NCLIND,EQ,,,,,NCL INDUSTRIES LIMITED,177.3,178.5,176.0,177.41,178.5,176.72,,177.41,,,51667,9148962.12,1042,F1,1,,,,,
2026-04-22,2026-04-22,CM,NSE,STK,14547,INE353A01023,NDLVENTURE,EQ,,,,,NDL VENTURES LIMITED,132.85,132.85,120.0,124.06,123.0,127.43,,124.05,,,78858,9762663.57,1190,F1,1,,,,,
2026-04-22,2026-04-22,CM,NSE,STK,22255,INE07OG01012,NDRAUTO,EQ,,,,,NDR AUTO COMPONENTS LTD,768.8,794.55,753.35,763.95,765.5,754.25,,763.85,,,44511,34113191.3,2233,F1,1,,,,,
2026-04-22,2026-04-22,CM,NSE,STK,22680,INE0Q7Q23015,NDRINVIT,IV,,,,,NDR INVIT TRUST,136.5,136.5,136.5,136.5,136.5,137.0,,136.5,,,50000,6825000.0,2,F1,25000,,,,,
2026-04-22,2026-04-22,CM,NSE,STK,11427,INE155G01029,NDTV,EQ,,,,,NDTV LTD,81.51,85.8,81.5,82.24,82.95,81.95,,82.26,,,542516,45123309.02,4600,F1,1,,,,,
2026-04-22,2026-04-22,CM,NSE,STK,11927,INE023H01027,NECLIFE,EQ,,,,,NECTAR LIFESCIENCES LTD.,12.18,12.35,12.03,12.22,12.35,12.17,,12.23,,,211515,2576880.02,659,F1,1,,,,,
2026-04-22,2026-04-22,CM,NSE,STK,27123,INE0N1401016,NEELAM,SM,,,,,NEELAM LINENS & GAR (I) L,13.35,13.4,13.3,13.3,13.3,12.8,,13.3,,,18000,240300.0,3,F1,6000,,,,,
2026-04-22,2026-04-22,CM,NSE,STK,762812,INE605D01012,NEAGI,EQ,,,,,NEELAMALAI AGRO INDS. L,3400.0,3400.0,3400.0,3400.0,3400.0,3400.5,,3352.75,,,2,6800.0,2,F1,1,,,,,
2026-04-22,2026-04-22,CM,NSE,STK,14761,INE189I01024,NELCAST,EQ,,,,,NELCAST LIMITED,136.0,138.97,136.0,136.57,137.3,137.15,,136.57,,,40098,5500235.42,931,F1,1,,,,,
2026-04-22,2026-04-22,CM,NSE,STK,2388,INE045B01015,NELCO,EQ,,,,,NELCO LTD,707.55,719.1,702.0,703.85,706.0,715.15,,703.85,,,254705,180351735.85,6107,F1,1,,,,,
2026-04-22,2026-04-22,CM,NSE,STK,760928,INE21UM01018,NEOCHEM,SM,,,,,NEOCHEM BIO SOLUTIONS LTD,73.7,75.0,73.0,74.85,75.0,71.6,,74.85,,,14400,1066140.0,9,F1,1200,,,,,
2026-04-22,2026-04-22,CM,NSE,STK,9917,INE136S01016,NEOGEN,EQ,,,,,NEOGEN CHEMICALS LIMITED,1512.8,1705.0,1512.8,1658.6,1660.0,1508.5,,1658.5,,,1027535,1706679787.7,53592,F1,1,,,,,
2026-04-22,2026-04-22,CM,NSE,STK,24350,INE0SUN01013,NEPHROCARE,SM,,,,,NEPHRO CARE INDIA LIMITED,89.45,89.45,83.05,85.3,85.3,87.3,,85.3,,,10000,848080.0,23,F1,400,,,,,
2026-04-22,2026-04-22,CM,NSE,STK,760346,INE428V01029,NEPHROPLUS,EQ,,,,,NEPHROCARE HEALTH SERV L,563.0,565.75,548.0,552.25,550.35,562.5,,552.25,,,99207,54928650.95,5717,F1,1,,,,,
2026-04-22,2026-04-22,CM,NSE,STK,757496,INE156901014,NEPTUNE,ST,,,,,NEPTUNE PETROCHEMICALS L,213.15,213.15,213.15,213.15,213.15,211.35,,213.15,,,1000,213150.0,1,F1,1000,,,,,
2026-04-22,2026-04-22,CM,NSE,STK,15409,INE317F01035,NESCO,EQ,,,,,NESCO LTD.,1200.0,1208.0,1194.1,1200.8,1201.9,1206.1,,1201.0,,,28383,34113798.2,2842,F1,1,,,,,
2026-04-22,2026-04-22,CM,NSE,STK,17963,INE239A01024,NESTLEIND,EQ,,,,,NESTLE INDIA LIMITED,1391.0,1425.2,1386.0,1395.8,1394.1,1379.9,,1395.8,,,7723484,10892386969.6,191820,F1,1,,,,,
2026-04-22,2026-04-22,CM,NSE,STK,17433,INE0NT901020,NETWEB,EQ,,,,,NETWEB TECH INDIA LTD,3904.0,4117.0,3882.6,4019.6,4013.0,3904.7,,4019.6,,,2801777,11302143920.7,161837,F1,1,,,,,
2026-04-22,2026-04-22,CM,NSE,STK,756324,INE0FFK01017,NPST,EQ,,,,,NETWORK PEOPLE SRV TECH L,1275.0,1275.0,1215.5,1219.5,1217.6,1265.35,,1219.5,,,19157,23626488.25,1150,F1,1,,,,,
2026-04-22,2026-04-22,CM,NSE,STK,14111,INE870H01013,NETWORK18,EQ,,,,,NETWORK18 MEDIA & INV LTD,35.55,36.49,35.55,36.29,36.35,35.73,,36.29,,,3325178,120286760.9,8687,F1,1,,,,,
2026-04-22,2026-04-22,CM,NSE,STK,2406,INE794A01010,NEULANDLAB,EQ,,,,,NEULAND LAB LTD.,14994.0,15325.0,14701.0,15067.0,15042.0,14920.0,,15067.0,,,28246,424263199.0,9842,F1,1,,,,,
2026-04-22,2026-04-22,CM,NSE,STK,1164,INE619B01017,NEWGEN,EQ,,,,,NEWGEN SOFTWARE TECH LTD,474.4,478.0,466.8,474.6,474.3,477.15,,474.65,,,858015,404439350.65,24595,F1,1,,,,,
2026-04-22,2026-04-22,CM,NSE,STK,19161,INE0PW501021,NEWJAISA,ST,,,,,NEWJAISA TECHNOLOGIES LTD,24.9,26.15,24.9,26.15,26.15,26.15,,26.15,,,9000,231300.0,6,F1,1500,,,,,
2026-04-22,2026-04-22,CM,NSE,STK,28801,INE0TP801012,NMSTEEL,SM,,,,,NEWMALAYALAM STEEL LTD,22.9,24.3,22.9,24.3,24.3,24.9,,24.3,,,3200,75520.0,2,F1,1600,,,,,
2026-04-22,2026-04-22,CM,NSE,STK,9867,INE747B01016,NEXTMEDIA,EQ,,,,,NEXT MEDIAWORKS LIMITED,4.65,5.45,4.41,4.73,4.6,4.55,,4.73,,,429650,2140794.02,701,F1,1,,,,,
2026-04-22,2026-04-22,CM,NSE,STK,15815,INE0NDH25011,NXST,RR,,,,,NEXUS SELECT TRUST,158.54,158.54,157.02,157.44,157.4,157.7,,157.44,,,256314,40386342.28,9791,F1,1,,,,,
2026-04-22,2026-04-22,CM,NSE,STK,10277,INE887E01022,NGLFINE,EQ,,,,,NGL FINE CHEM LIMITED,2263.2,2315.0,2254.0,2274.4,2262.0,2258.0,,2274.3,,,1834,4174175.3,379,F1,1,,,,,
2026-04-22,2026-04-22,CM,NSE,STK,17400,INE848E01016,NHPC,EQ,,,,,NHPC LTD,82.8,83.5,81.99,82.63,82.65,82.63,,82.63,,,14953779,1236495451.04,58139,F1,1,,,,,
2026-04-22,2026-04-22,CM,NSE,STK,29487,INE149O01018,NIBE,EQ,,,,,NIBE LIMITED,1070.0,1094.0,1061.25,1081.1,1081.0,1062.3,,1081.1,,,67463,72911444.3,3301,F1,1,,,,,
2026-04-22,2026-04-22,CM,NSE,STK,6592,INE0J6L01013,NIDAN,SM,,,,,NIDAN LABS AND HEALTH LTD,15.0,15.05,15.0,15.05,15.05,14.8,,15.05,,,3000,45100.0,3,F1,1000,,,,,
2026-04-22,2026-04-22,CM,NSE,STK,17747,INE342G01023,NIITMTS,EQ,,,,,NIIT LEARNING SYSTEMS LTD,342.2,345.0,322.5,324.8,324.0,343.05,,324.8,,,141706,46903546.45,4467,F1,1,,,,,
2026-04-22,2026-04-22,CM,NSE,STK,11522,INE161A01038,NIITLTD,EQ,,,,,NIIT LIMITED,71.28,72.1,70.5,71.35,71.08,71.28,,71.35,,,391544,27887915.26,4970,F1,1,,,,,
2026-04-22,2026-04-22,CM,NSE,STK,758178,INE0FLF01015,NIKITA,SM,,,,,NIKITA GRENTEC RECYCL LTD,117.5,130.0,117.5,122.0,122.0,117.5,,122.0,,,169200,21077160.0,34,F1,1200,,,,,
2026-04-22,2026-04-22,CM,NSE,STK,9253,INE937C01029,NILAINFRA,EQ,,,,,NILA INFRASTRUCTURES LTD,8.17,8.43,8.17,8.4,8.42,8.25,,8.4,,,121982,1013372.27,779,F1,1,,,,,
2026-04-22,2026-04-22,CM,NSE,STK,7411,INE00S901012,NILASPACES,EQ,,,,,NILA SPACES LIMITED,13.47,13.59,13.36,13.52,13.53,13.47,,13.52,,,344571,4638585.95,1083,F1,1,,,,,
2026-04-22,2026-04-22,CM,NSE,STK,762817,INE445D01013,NILE,EQ,,,,,NILE LTD.,1689.95,1690.0,1662.0,1667.85,1668.75,1680.0,,1668.55,,,1317,2210593.5,140,F1,1,,,,,
2026-04-22,2026-04-22,CM,NSE,STK,2421,INE310A01015,NILKAMAL,EQ,,,,,NILKAMAL LIMITED,1343.7,1348.9,1308.1,1323.6,1340.0,1343.7,,1323.5,,,3048,4054859.8,391,F1,1,,,,,
2026-04-22,2026-04-22,CM,NSE,STK,761720,INE875B01015,NIMBSPROJ,EQ,,,,,NIMBUS PROJECTS LIMITED,193.02,199.0,190.7,193.2,195.65,190.47,,193.2,,,217213,41909608.54,760,F1,1,,,,,
2026-04-22,2026-04-22,CM,NSE,STK,14194,INE395U01014,NINSYS,EQ,,,,,NINTEC SYSTEMS LIMITED,503.0,529.85,492.55,500.45,502.0,497.95,,500.0,,,15500,7918559.05,1180,F1,1,,,,,
2026-04-22,2026-04-22,CM,NSE,STK,11439,INF204KB15I9,BANKBEES,EQ,,,,,NIP IND ETF BANK BEES,590.27,592.0,587.5,589.0,589.5,591.06,,589.0,,,689159,406661986.54,8553,F1,1,,,,,
2026-04-22,2026-04-22,CM,NSE,STK,2435,INF204KA1LD7,CONSUMBEES,EQ,,,,,NIP IND ETF CONSUMPTION,128.24,129.0,128.0,128.26,129.0,128.56,,128.26,,,80991,10410093.41,1057,F1,1,,,,,
2026-04-22,2026-04-22,CM,NSE,STK,2636,INF204KA1MS3,DIVOPPBEES,EQ,,,,,NIP IND ETF DIV OPP,81.86,81.86,81.35,81.54,81.57,82.0,,81.54,,,33016,2691271.61,755,F1,1,,,,,
2026-04-22,2026-04-22,CM,NSE,STK,9847,INF204KB18I3,NV20BEES,EQ,,,,,NIP IND ETF ETF NV20,148.79,148.95,147.25,147.6,147.89,149.31,,147.6,,,23375,3452720.75,346,F1,1,,,,,
2026-04-22,2026-04-22,CM,NSE,STK,14428,INF204KB17I5,GOLDBEES,EQ,,,,,NIP IND ETF GOLD BEES,124.99,125.18,124.47,124.99,124.97,125.22,,124.99,,,22336874,2790758263.0,71104,F1,1,,,,,
2026-04-22,2026-04-22,CM,NSE,STK,18284,INF204KB19I1,HNGSNGBEES,EQ,,,,,NIP IND ETF HANGSENG BEES,525.0,534.9,522.71,531.51,531.9,534.15,,531.51,,,96786,51548997.13,4046,F1,1,,,,,
2026-04-22,2026-04-22,CM,NSE,STK,20072,INF732E01268,INFRABEES,EQ,,,,,NIP IND ETF INFRA BEES,961.98,968.09,961.05,963.38,966.89,962.77,,963.35,,,11622,11205959.41,601,F1,1,,,,,
2026-04-22,2026-04-22,CM,NSE,STK,19084,INF204KB15V2,ITBEES,EQ,,,,,NIP IND ETF IT,34.86,34.86,33.3,33.69,33.71,34.96,,33.69,,,39384268,1328786183.89,61845,F1,1,,,,,
2026-04-22,2026-04-22,CM,NSE,STK,10939,INF732E01045,JUNIORBEES,EQ,,,,,NIP IND ETF JUNIOR BEES,761.88,769.8,759.0,768.27,768.0,762.61,,768.27,,,498602,382316109.69,9059,F1,1,,,,,
2026-04-22,2026-04-22,CM,NSE,STK,11006,INF732E01037,LIQUIDBEES,EQ,,,,,NIP IND ETF LIQUID BEES,999.99,1000.01,998.09,999.99,999.99,999.99,,999.99,,,5077832,5077806228.44,6915,F1,1,,,,,
2026-04-22,2026-04-22,CM,NSE,STK,17700,INF204KB1882,LTGILTBEES,EQ,,,,,NIP IND ETF LONGTERM GILT,29.34,29.34,29.22,29.3,29.31,29.27,,29.3,,,905824,26529428.87,626,F1,1,,,,,
2026-04-22,2026-04-22,CM,NSE,STK,8506,INF204KB1V68,MID150BEES,EQ,,,,,NIP IND ETF MIDCAP 150,228.55,229.9,227.56,229.34,229.28,228.55,,229.33,,,533828,122313333.23,5609,F1,1,,,,,
2026-04-22,2026-04-22,CM,NSE,STK,29577,INF204K014N5,NIF100BEES,EQ,,,,,NIP IND ETF NIFTY 100,268.43,269.28,267.03,267.84,267.21,268.58,,267.84,,,45372,12154492.7,711,F1,1,,,,,
2026-04-22,2026-04-22,CM,NSE,STK,10576,INF204KB14I2,NIFTYBEES,EQ,,,,,NIP IND ETF NIFTY BEES,275.52,277.38,275.35,275.64,275.75,277.63,,275.64,,,9386982,2590513093.11,62721,F1,1,,,,,
2026-04-22,2026-04-22,CM,NSE,STK,15032,INF204KB16I7,PSUBNKBEES,EQ,,,,,NIP IND ETF PSU BANK BEES,100.15,101.09,99.91,100.3,100.2,100.16,,100.3,,,1938554,194868549.21,6501,F1,1,,,,,
2026-04-22,2026-04-22,CM,NSE,STK,17044,INF732E01128,SHARIABEES,EQ,,,,,NIP IND ETF SHARIAH BEES,477.02,481.12,472.91,473.61,474.4,478.89,,473.64,,,10834,5143736.57,707,F1,1,,,,,
2026-04-22,2026-04-22,CM,NSE,STK,357,INE298J01013,NAM-INDIA,EQ,,,,,NIPPON L I A M LTD,1055.0,1064.45,1040.05,1060.1,1060.7,1055.35,,1060.1,,,1495851,1575927143.3,60261,F1,1,,,,,
2026-04-22,2026-04-22,CM,NSE,STK,757725,INF204KC1FU1,LIQGRWBEES,EQ,,,,,NIPPONAMC - LIQGRWBEES,1036.39,1036.41,1036.39,1036.4,1036.39,1036.27,,1036.4,,,174122,180461596.87,180,F1,1,,,,,
2026-04-22,2026-04-22,CM,NSE,STK,758667,INF204KC1GH6,MANUFGBEES,EQ,,,,,NIPPONAMC - MANUFGBEES,155.61,156.79,155.55,156.44,156.63,156.05,,156.44,,,3244,506824.7,103,F1,1,,,,,
2026-04-22,2026-04-22,CM,NSE,STK,7880,INF204KC1337,AUTOBEES,EQ,,,,,NIPPONAMC - NETFAUTO,271.6,274.2,271.16,271.73,273.0,273.16,,271.73,,,180286,49192150.21,2759,F1,1,,,,,
2026-04-22,2026-04-22,CM,NSE,STK,4973,INF204KC1089,PHARMABEES,EQ,,,,,NIPPONAMC - NETFPHARMA,23.06,23.09,22.93,23.0,23.01,23.05,,23.0,,,8674422,199677874.21,8887,F1,1,,,,,
2026-04-22,2026-04-22,CM,NSE,STK,8080,INF204KC1402,SILVERBEES,EQ,,,,,NIPPONAMC - NETFSILVER,235.8,237.25,234.82,236.03,235.77,237.41,,236.03,,,24754828,5846363472.22,62497,F1,1,,,,,
2026-04-22,2026-04-22,CM,NSE,STK,757455,INF204KC1EZ3,SNXT30BEES,EQ,,,,,NIPPONAMC - SNXT30BEES,41.68,41.97,41.25,41.63,41.73,41.52,,41.67,,,13251,550611.55,83,F1,1,,,,,
2026-04-22,2026-04-22,CM,NSE,STK,255,INE368I01016,NIRAJ,EQ,,,,,NIRAJ CEMENT STRUC LTD,30.0,30.33,29.3,29.71,29.9,29.85,,29.71,,,47892,1423397.24,570,F1,1,,,,,
2026-04-22,2026-04-22,CM,NSE,STK,18844,INE326T01011,NIRAJISPAT,BE,,,,,NIRAJ ISPAT IND LTD,235.0,243.0,235.0,243.0,243.0,232.85,,243.0,,,492,119052.25,21,F1,1,,,,,
2026-04-22,2026-04-22,CM,NSE,STK,2433,INE910A01012,NIRLON,EQ,,,,,NIRLON LTD,546.92,549.97,541.52,545.03,546.5,544.74,,545.05,,,11690,6369287.5,240,F1,1,,,,,
2026-04-22,2026-04-22,CM,NSE,STK,14725,INE0OK701014,NIRMAN,ST,,,,,NIRMAN AGRI GENTICS LTD,51.15,53.8,51.15,51.85,51.85,51.9,,51.85,,,25200,1334025.0,55,F1,300,,,,,
2026-04-22,2026-04-22,CM,NSE,STK,13300,INE858F01012,NITCO,EQ,,,,,NITCO LIMITED,92.0,92.0,90.65,91.14,90.8,91.37,,91.14,,,198617,18110448.26,1462,F1,1,,,,,
2026-04-22,2026-04-22,CM,NSE,STK,13175,INE229H01012,NITINSPIN,EQ,,,,,NITIN SPINNERS LIMITED,413.0,421.7,411.05,418.4,419.0,413.4,,418.4,,,90941,37943909.65,3017,F1,1,,,,,
2026-04-22,2026-04-22,CM,NSE,STK,3247,INE439T01012,NITIRAJ,EQ,,,,,NITIRAJ ENGINEERS LTD,207.67,210.0,204.9,204.92,204.9,204.1,,204.92,,,1911,395781.68,47,F1,1,,,,,
2026-04-22,2026-04-22,CM,NSE,STK,762824,INE265B01019,NITTAGELA,EQ,,,,,NITTA GELATIN INDIA LTD.,865.05,883.5,852.65,879.6,880.0,866.7,,882.9,,,1068,933620.0,127,F1,1,,,,,
2026-04-22,2026-04-22,CM,NSE,STK,27097,INE995S01015,NIVABUPA,EQ,,,,,NIVA BUPA HEALTH INS CO L,81.0,81.81,79.89,80.05,80.0,80.68,,80.04,,,603385,48600615.66,4445,F1,1,,,,,
2026-04-22,2026-04-22,CM,NSE,STK,2439,INE542C01019,NKIND,EQ,,,,,NK INDUSTRIES LTD,68.0,69.0,66.2,66.33,66.2,68.47,,66.36,,,3557,236012.99,63,F1,1,,,,,
2026-04-22,2026-04-22,CM,NSE,STK,8585,INE589A01014,NLCINDIA,EQ,,,,,NLC INDIA LIMITED,300.5,307.65,298.95,301.15,299.65,300.0,,301.15,,,4026853,1218407032.0,43490,F1,1,,,,,
2026-04-22,2026-04-22,CM,NSE,STK,761075,INE579F24099,805NMC29,N1,,,,,NMC 8.05% 2029 SR STRPP A,125.95,125.95,125.9,125.9,125.9,126.0,,125.9,,,1000,125925.0,2,F1,1,,,,,
2026-04-22,2026-04-22,CM,NSE,STK,761078,INE579F24057,805NMC32,N4,,,,,NMC 8.05% 2032 SR STRPP D,125.5,125.5,125.5,125.5,125.5,122.6,,125.5,,,1,125.5,1,F1,1,,,,,
2026-04-22,2026-04-22,CM,NSE,STK,15332,INE584A01023,NMDC,EQ,,,,,NMDC LTD.,88.43,89.95,88.05,88.59,88.75,88.47,,88.59,,,18410428,1637244882.05,49837,F1,1,,,,,
2026-04-22,2026-04-22,CM,NSE,STK,14180,INE0NNS01018,NSLNISP,EQ,,,,,NMDC STEEL LIMITED,41.78,42.62,41.78,42.37,42.5,41.9,,42.37,,,3112961,131864509.5,10074,F1,1,,,,,
2026-04-22,2026-04-22,CM,NSE,STK,2442,INE163A01018,NOCIL,EQ,,,,,NOCIL LIMITED,171.0,178.87,170.21,177.48,177.75,172.3,,177.48,,,1641046,288534380.69,9928,F1,1,,,,,
2026-04-22,2026-04-22,CM,NSE,STK,10786,INE781B01015,NOIDATOLL,EQ,,,,,NOIDA TOLL BRIDGE CO LTD,3.75,3.83,3.61,3.78,3.79,3.82,,3.78,,,100917,380108.87,235,F1,1,,,,,
2026-04-22,2026-04-22,CM,NSE,STK,4160,INE369C01017,NORBTEAEXP,EQ,,,,,NORBEN TEA & EXPORTS LTD,65.35,65.4,65.32,65.32,65.32,68.75,,65.32,,,2307,150723.22,44,F1,1,,,,,
2026-04-22,2026-04-22,CM,NSE,STK,13522,INE553C01016,NECCLTD,EQ,,,,,NORTH EAST CARRY CORP LTD,16.2,16.45,15.85,16.08,16.1,16.02,,16.08,,,59122,952258.31,239,F1,1,,,,,
2026-04-22,2026-04-22,CM,NSE,STK,25426,INE850M01015,NORTHARC,EQ,,,,,NORTHERN ARC CAPITAL LTD,239.43,249.5,239.43,248.03,248.9,239.43,,248.03,,,612096,149779898.16,6390,F1,1,,,,,
2026-04-22,2026-04-22,CM,NSE,STK,22477,INE02H701025,NOVAAGRI,EQ,,,,,NOVA AGRITECH LIMITED,28.2,29.69,28.2,29.53,29.34,28.75,,29.52,,,130691,3828613.79,1788,F1,1,,,,,
2026-04-22,2026-04-22,CM,NSE,STK,9007,INE234A01025,NOVARTIND,EQ,,,,,NOVARTIS INDIA LIMITED,999.95,999.95,976.1,989.85,980.6,988.9,,989.25,,,8133,8031770.1,329,F1,1,,,,,
2026-04-22,2026-04-22,CM,NSE,STK,7553,INE349A01021,NRBBEARING,EQ,,,,,NRB BEARING LIMITED,289.67,294.65,287.32,291.42,291.0,289.67,,291.42,,,91024,26494158.16,2314,F1,1,,,,,
2026-04-22,2026-04-22,CM,NSE,STK,29733,INE047O01014,NIBL,EQ,,,,,NRB INDUS. BEARINGS LTD.,32.98,32.98,31.41,31.85,32.31,32.52,,31.88,,,5726,182822.87,180,F1,1,,,,,
2026-04-22,2026-04-22,CM,NSE,STK,27176,INE0ONG01011,NTPCGREEN,EQ,,,,,NTPC GREEN ENERGY LIMITED,111.42,114.05,111.27,113.56,113.2,111.69,,113.56,,,7420344,839225142.34,36619,F1,1,,,,,
2026-04-22,2026-04-22,CM,NSE,STK,11630,INE733E01010,NTPC,EQ,,,,,NTPC LTD,398.0,407.25,393.2,405.4,405.15,396.2,,405.4,,,16411131,6632275717.95,131645,F1,1,,,,,
2026-04-22,2026-04-22,CM,NSE,STK,10791,INE096B01018,NUCLEUS,EQ,,,,,NUCLEUS SOFTWARE EXPORTS,800.95,810.45,779.55,797.4,800.0,793.95,,797.45,,,38488,30538867.55,4133,F1,1,,,,,
2026-04-22,2026-04-22,CM,NSE,STK,13675,INE0JM501013,NRL,EQ,,,,,NUPUR RECYCLERS LIMITED,56.49,57.5,55.13,56.42,57.49,56.13,,56.42,,,60176,3381265.01,1760,F1,1,,,,,
2026-04-22,2026-04-22,CM,NSE,STK,2350,INE0DSF01015,NURECA,EQ,,,,,NURECA LIMITED,258.59,271.08,258.37,269.85,270.0,258.59,,269.85,,,10382,2772385.14,585,F1,1,,,,,
2026-04-22,2026-04-22,CM,NSE,STK,18721,INE531F01023,NUVAMA,EQ,,,,,NUVAMA WEALTH MANAGE LTD,1387.2,1404.0,1368.4,1371.7,1368.5,1391.5,,1371.7,,,514586,710816779.7,32187,F1,1,,,,,
2026-04-22,2026-04-22,CM,NSE,STK,5426,INE118D01016,NUVOCO,EQ,,,,,NUVOCO VISTAS CORP LTD,305.0,305.4,297.0,303.7,303.6,304.8,,303.7,,,923830,278059682.75,33603,F1,1,,,,,
2026-04-22,2026-04-22,CM,NSE,STK,20242,INE093I01010,OBEROIRLTY,EQ,,,,,OBEROI REALTY LIMITED,1724.0,1751.0,1715.0,1733.6,1730.0,1723.9,,1733.6,,,473102,822739393.4,26361,F1,1,,,,,
2026-04-22,2026-04-22,CM,NSE,STK,25923,INE0YHV01011,OBSCP,SM,,,,,OBSC PERFECTION LIMITED,323.0,343.95,317.6,336.95,335.05,322.0,,336.95,,,93600,31163580.0,192,F1,400,,,,,
2026-04-22,2026-04-22,CM,NSE,STK,25918,INE0PK601023,OCCLLTD,EQ,,,,,OCCL LIMITED,98.0,104.5,95.19,103.36,102.43,95.87,,103.38,,,122301,12341144.54,2041,F1,1,,,,,
2026-04-22,2026-04-22,CM,NSE,STK,27575,INE054301028,ODIGMA,BE,,,,,ODIGMA CONSULTANCY SOL L,28.7,29.4,28.26,28.49,28.42,28.83,,28.49,,,19918,568522.61,280,F1,1,,,,,
2026-04-22,2026-04-22,CM,NSE,STK,2475,INE213A01029,ONGC,EQ,,,,,OIL AND NATURAL GAS CORP.,283.1,285.05,282.6,283.65,283.0,283.1,,283.65,,,7395183,2097190156.7,60605,F1,1,,,,,
2026-04-22,2026-04-22,CM,NSE,STK,2472,INE591A01010,OILCOUNTUB,EQ,,,,,OIL COUNTRY TUBULAR LTD,59.1,59.59,57.0,57.37,57.32,59.69,,57.38,,,121797,7054900.16,1185,F1,1,,,,,
2026-04-22,2026-04-22,CM,NSE,STK,17438,INE274J01014,OIL,EQ,,,,,OIL INDIA LTD,468.0,470.65,463.05,469.75,470.0,465.15,,469.75,,,5819012,2713009926.7,53852,F1,1,,,,,
2026-04-22,2026-04-22,CM,NSE,STK,24777,INE0LXG01040,OLAELEC,EQ,,,,,OLA ELECTRIC MOBILITY LTD,37.69,38.83,37.53,38.43,38.44,37.47,,38.43,,,115307167,4397562303.1,141387,F1,1,,,,,
2026-04-22,2026-04-22,CM,NSE,STK,10637,INE260D01016,OLECTRA,EQ,,,,,OLECTRA GREENTECH LIMITED,1224.0,1240.0,1218.0,1223.1,1223.0,1222.05,,1223.1,,,562773,692167463.75,19790,F1,1,,,,,
2026-04-22,2026-04-22,CM,NSE,STK,759411,INE1BZC01019,OMFREIGHT,EQ,,,,,OM FREIGHT FORWARDERS LTD,82.8,85.0,78.76,83.36,82.52,82.0,,83.36,,,46711,3828051.76,1095,F1,1,,,,,
2026-04-22,2026-04-22,CM,NSE,STK,24231,INE239D01028,OMINFRAL,EQ,,,,,OM INFRA LIMITED,94.36,95.81,93.0,94.07,93.0,94.36,,94.07,,,54804,5166701.04,839,F1,1,,,,,
2026-04-22,2026-04-22,CM,NSE,STK,762433,INE25E901019,OMPOWER,BE,,,,,OM POWER TRANSMISSION LTD,198.0,202.0,195.0,199.87,200.0,199.69,,199.82,,,201424,39995360.66,2191,F1,1,,,,,
2026-04-22,2026-04-22,CM,NSE,STK,10922,INE090B01011,OMAXAUTO,EQ,,,,,OMAX AUTOS LTD,113.66,117.1,112.51,113.41,113.5,114.8,,113.45,,,47144,5394755.84,943,F1,1,,,,,
2026-04-22,2026-04-22,CM,NSE,STK,14853,INE800H01010,OMAXE,EQ,,,,,OMAXE LIMITED,81.81,84.8,81.33,83.1,83.0,81.81,,83.1,,,132860,11084010.56,2008,F1,1,,,,,
2026-04-22,2026-04-22,CM,NSE,STK,117,INE338Y01016,OMFURN,SM,,,,,OMFURN INDIA LIMITED,52.0,54.0,52.0,54.0,54.0,51.45,,54.0,,,6000,320700.0,5,F1,1200,,,,,
2026-04-22,2026-04-22,CM,NSE,STK,13515,INE474L01016,OMKARCHEM,BZ,,,,,OMKAR SPL CHEM LTD,4.0,4.2,4.0,4.14,4.14,4.17,,4.23,,,7857,31918.33,33,F1,1,,,,,
2026-04-22,2026-04-22,CM,NSE,STK,760865,INE0UH301010,OMNI,EQ,,,,,OMNITECH ENGINEERING LTD,348.47,381.9,346.0,373.48,378.0,344.6,,373.51,,,921932,334894264.2,14274,F1,1,,,,,
2026-04-22,2026-04-22,CM,NSE,STK,19703,INE00ER01015,ONDOOR,ST,,,,,ON DOOR CONCEPTS LIMITED,160.0,165.0,155.05,159.45,163.65,162.65,,159.45,,,32400,5205585.0,100,F1,300,,,,,
2026-04-22,2026-04-22,CM,NSE,STK,6705,INE982J01020,PAYTM,EQ,,,,,ONE 97 COMMUNICATIONS LTD,1162.05,1173.95,1156.5,1162.15,1162.95,1166.8,,1162.15,,,930688,1084304646.85,37411,F1,1,,,,,
2026-04-22,2026-04-22,CM,NSE,STK,28046,INE0HLU01028,MOBIKWIK,EQ,,,,,ONE MOBIKWIK SYSTEMS LTD,207.5,215.6,206.13,210.92,211.13,207.86,,210.92,,,1498640,315324781.89,12949,F1,1,,,,,
2026-04-22,2026-04-22,CM,NSE,STK,9939,INE840Y01029,ONEPOINT,EQ,,,,,ONE POINT ONE SOL LTD,55.09,55.69,54.39,54.59,54.95,54.94,,54.58,,,582505,31937123.52,2614,F1,1,,,,,
2026-04-22,2026-04-22,CM,NSE,STK,19386,INE0OPS01011,OLIL,SM,,,,,ONECLICK LOGISTICS IND L,325.0,328.0,315.0,315.0,315.0,318.0,,315.0,,,15600,4977800.0,19,F1,400,,,,,
2026-04-22,2026-04-22,CM,NSE,STK,25492,INE912L01015,ONELIFECAP,EQ,,,,,ONELIFE CAP ADVISORS LTD,15.07,15.35,15.07,15.28,15.2,15.07,,15.28,,,34400,524843.8,182,F1,1,,,,,
2026-04-22,2026-04-22,CM,NSE,STK,29224,INE013P01021,ONESOURCE,EQ,,,,,ONESOURCE SPECL PHARMA L,1564.8,1624.4,1552.1,1611.0,1605.0,1560.7,,1611.0,,,712378,1136544811.9,32909,F1,1,,,,,
2026-04-22,2026-04-22,CM,NSE,STK,15278,INE809I01019,ONMOBILE,EQ,,,,,ONMOBILE GLOBAL LTD.,49.98,56.43,49.03,55.09,55.15,50.12,,55.09,,,1773499,96730041.7,12249,F1,1,,,,,
2026-04-22,2026-04-22,CM,NSE,STK,2481,INE229A01017,ONWARDTEC,EQ,,,,,ONWARD TECHNOLOGIES LTD,250.0,250.0,242.85,246.83,248.8,247.45,,246.85,,,20612,5053478.39,739,F1,1,,,,,
2026-04-22,2026-04-22,CM,NSE,STK,27136,INE0WVU01018,ONYX,SM,,,,,ONYX BIOTEC LIMITED,32.25,32.25,32.25,32.25,32.25,32.25,,32.25,,,2000,64500.0,1,F1,2000,,,,,
2026-04-22,2026-04-22,CM,NSE,STK,21469,INE350C01017,OPTIEMUS,EQ,,,,,OPTIEMUS INFRACOM LTD,405.1,439.95,403.1,427.55,423.7,405.1,,427.6,,,288981,122729044.75,7646,F1,1,,,,,
2026-04-22,2026-04-22,CM,NSE,STK,758900,INE15B101011,OPTIVALUE,SM,,,,,OPTIVALUE TEK CONSULT LTD,75.05,75.5,73.2,75.5,75.5,75.5,,75.5,,,20800,1550880.0,12,F1,1600,,,,,
2026-04-22,2026-04-22,CM,NSE,STK,10738,INE881D01027,OFSS,EQ,,,,,ORACLE FIN SERV SOFT LTD.,7878.0,8168.0,7837.0,8126.5,8130.0,7931.0,,8126.5,,,439033,3525632306.0,47927,F1,1,,,,,
2026-04-22,2026-04-22,CM,NSE,STK,31475,INE231G01010,ORBTEXP,EQ,,,,,ORBIT EXPORTS LIMITED,165.59,167.78,164.0,164.58,164.99,166.12,,164.58,,,1132,186668.14,39,F1,1,,,,,
2026-04-22,2026-04-22,CM,NSE,STK,29492,INE215B01022,ORCHASP,EQ,,,,,ORCHASP LIMITED,2.07,2.07,2.04,2.05,2.06,2.05,,2.05,,,58377,120050.4,158,F1,1,,,,,
2026-04-22,2026-04-22,CM,NSE,STK,926,INE191A01027,ORCHPHARMA,EQ,,,,,ORCHID PHARMA LIMITED,548.1,561.0,541.65,551.95,552.0,554.85,,552.0,,,63320,34673548.25,2934,F1,1,,,,,
2026-04-22,2026-04-22,CM,NSE,STK,17882,INE0OUT01019,ORIANA,SM,,,,,ORIANA POWER LIMITED,2110.0,2139.9,2080.0,2114.0,2110.0,2120.35,,2114.0,,,32475,68672538.75,364,F1,75,,,,,
2026-04-22,2026-04-22,CM,NSE,STK,10159,INE730A01022,ORICONENT,EQ,,,,,ORICON ENTERPRISES LTD,66.13,66.62,65.11,65.33,65.89,65.86,,65.33,,,76208,4998704.15,662,F1,1,,,,,
2026-04-22,2026-04-22,CM,NSE,STK,14278,INE607D01018,ORIENTBELL,EQ,,,,,ORIENT BELL LIMITED,296.95,299.0,293.05,295.2,294.15,293.45,,295.2,,,15028,4444590.95,712,F1,1,,,,,
2026-04-22,2026-04-22,CM,NSE,STK,30089,INE876N01018,ORIENTCEM,EQ,,,,,ORIENT CEMENT LTD.,145.99,152.1,144.52,148.21,148.0,145.32,,148.21,,,432166,63802418.45,5192,F1,1,,,,,
2026-04-22,2026-04-22,CM,NSE,STK,13111,INE569C01020,ORIENTCER,EQ,,,,,ORIENT CERATECH LIMITED,41.51,42.89,41.47,42.41,42.89,41.83,,42.4,,,26762,1127138.95,327,F1,1,,,,,
2026-04-22,2026-04-22,CM,NSE,STK,2972,INE142Z01019,ORIENTELEC,EQ,,,,,ORIENT ELECTRIC LIMITED,182.02,189.8,180.31,186.38,185.05,182.02,,186.38,,,442338,81769037.44,5607,F1,1,,,,,
2026-04-22,2026-04-22,CM,NSE,STK,20110,INE999K01014,GREENPOWER,EQ,,,,,ORIENT GREEN POWER CO LTD,10.86,11.18,10.77,11.09,11.12,10.85,,11.09,,,7070541,77696544.05,6796,F1,1,,,,,
2026-04-22,2026-04-22,CM,NSE,STK,2493,INE750A01020,ORIENTHOT,EQ,,,,,ORIENT HOTELS LTD,98.01,99.78,98.01,99.21,98.63,98.66,,99.21,,,123813,12271726.75,1891,F1,1,,,,,
2026-04-22,2026-04-22,CM,NSE,STK,2496,INE592A01026,ORIENTPPR,EQ,,,,,ORIENT PAPER AND INDS LTD,18.4,19.2,18.0,18.95,19.05,18.55,,19.0,,,799904,14747546.72,3059,F1,1,,,,,
2026-04-22,2026-04-22,CM,NSE,STK,18208,INE609C01024,ORIENTLTD,EQ,,,,,ORIENT PRESS LIMITED,64.5,64.85,62.0,62.9,62.3,61.14,,62.89,,,5405,340885.57,114,F1,1,,,,,
2026-04-22,2026-04-22,CM,NSE,STK,24961,INE0PPK01015,ORIENTTECH,EQ,,,,,ORIENT TECHNOLOGIES LTD,287.0,291.82,286.0,287.85,289.38,289.09,,288.04,,,118857,34313352.08,3494,F1,1,,,,,
2026-04-22,2026-04-22,CM,NSE,STK,10768,INE959C01023,OAL,EQ,,,,,ORIENTAL AROMATICS LTD,300.69,322.25,298.02,320.11,321.82,299.49,,320.0,,,41065,12878651.26,1975,F1,1,,,,,
2026-04-22,2026-04-22,CM,NSE,STK,14346,INE998H01012,ORIENTALTL,EQ,,,,,ORIENTAL TRIMEX LTD,7.01,7.56,7.01,7.16,7.2,7.04,,7.15,,,184262,1334928.02,316,F1,1,,,,,
2026-04-22,2026-04-22,CM,NSE,STK,8797,INE426Z01016,OBCL,EQ,,,,,ORISSA BENGAL CARRIER LTD,56.89,56.89,55.06,56.05,56.5,56.2,,56.05,,,4074,228246.09,70,F1,1,,,,,
2026-04-22,2026-04-22,CM,NSE,STK,19931,INE725E01024,ORISSAMINE,EQ,,,,,ORISSA MIN DEV CO LTD,4115.7,4175.9,4084.1,4100.6,4119.0,4115.7,,4099.8,,,9377,38549897.6,2175,F1,1,,,,,
2026-04-22,2026-04-22,CM,NSE,STK,759569,INE16NZ01023,ORKLAINDIA,EQ,,,,,ORKLA INDIA LIMITED,632.0,651.8,630.2,650.15,650.8,632.1,,650.2,,,113300,73334669.05,5194,F1,1,,,,,
2026-04-22,2026-04-22,CM,NSE,STK,13321,INE849L01019,ORTEL,BZ,,,,,ORTEL COMMUNICATIONS LTD,1.71,1.87,1.71,1.8,1.8,1.8,,1.8,,,2590,4614.42,27,F1,1,,,,,
2026-04-22,2026-04-22,CM,NSE,STK,2980,INE749B01020,ORTINGLOBE,BE,,,,,ORTIN GLOBAL LIMITED,14.86,14.86,14.4,14.7,14.4,14.85,,14.7,,,123,1824.28,4,F1,1,,,,,
2026-04-22,2026-04-22,CM,NSE,STK,25386,INE0RMF01018,OSELDEVICE,SM,,,,,OSEL DEVICES LIMITED,558.0,575.0,558.0,558.95,558.05,558.05,,558.95,,,33400,18858810.0,114,F1,200,,,,,
2026-04-22,2026-04-22,CM,NSE,STK,12635,INE06IR01021,OSIAHYPER,EQ,,,,,OSIA HYPER RETAIL LIMITED,5.67,5.67,5.67,5.67,5.67,5.4,,5.67,,,157254,891630.18,74,F1,1,,,,,
2026-04-22,2026-04-22,CM,NSE,STK,2514,INE142A01012,OSWALAGRO,EQ,,,,,OSWAL AGRO MILLS LTD,49.3,50.75,47.52,49.65,49.68,49.95,,49.65,,,106275,5238646.67,1183,F1,1,,,,,
2026-04-22,2026-04-22,CM,NSE,STK,471,INE143A01010,OSWALGREEN,EQ,,,,,OSWAL GREENTECH LIMITED,28.47,29.38,28.4,29.09,29.0,28.38,,29.11,,,250682,7244988.18,2582,F1,1,,,,,
2026-04-22,2026-04-22,CM,NSE,STK,756802,INE0BYP01024,OSWALPUMPS,EQ,,,,,OSWAL PUMPS LIMITED,414.35,422.95,412.55,421.2,421.55,411.95,,421.2,,,597807,251104459.95,9573,F1,1,,,,,
2026-04-22,2026-04-22,CM,NSE,STK,22911,INE0R8M01017,OWAIS,SM,,,,,OWAIS METAL & MINERAL,191.1,191.1,191.1,191.1,191.1,182.0,,191.1,,,20800,3974880.0,39,F1,100,,,,,
2026-04-22,2026-04-22,CM,NSE,STK,25312,INE953R01016,PNGJL,EQ,,,,,P N GADGIL JEWELLERS LTD,667.95,678.0,665.0,673.65,670.2,667.95,,673.65,,,200614,134466545.75,6370,F1,1,,,,,
2026-04-22,2026-04-22,CM,NSE,STK,29662,INE0XUS01012,PSRAJ,SM,,,,,P S RAJ STEELS LIMITED,296.0,299.0,296.0,299.0,299.0,299.0,,299.0,,,5000,1489000.0,5,F1,1000,,,,,
2026-04-22,2026-04-22,CM,NSE,STK,2535,INE179A01014,PGHH,EQ,,,,,P&G HYGIENE & HEALTH CARE,10350.0,10549.0,10220.0,10429.5,10391.0,10340.0,,10429.5,,,13405,139619530.0,5039,F1,1,,,,,
2026-04-22,2026-04-22,CM,NSE,STK,759342,INE0S3G01027,PACEDIGITK,EQ,,,,,PACE DIGITEK LIMITED,172.5,177.39,170.3,174.2,174.99,172.37,,174.2,,,1613902,280373265.55,11627,F1,1,,,,,
2026-04-22,2026-04-22,CM,NSE,STK,14413,INE761H01022,PAGEIND,EQ,,,,,PAGE INDUSTRIES LTD,38015.0,38150.0,37750.0,37855.0,37825.0,37960.0,,37850.0,,,41546,1574407175.0,9082,F1,1,,,,,
2026-04-22,2026-04-22,CM,NSE,STK,25468,INE420C01059,PAISALO,EQ,,,,,PAISALO DIGITAL LIMITED,44.21,46.98,44.0,46.05,45.55,44.51,,46.05,,,23617435,1081837890.17,27538,F1,1,,,,,
2026-04-22,2026-04-22,CM,NSE,STK,17197,INE551D01018,PAKKA,EQ,,,,,PAKKA LIMITED,100.84,100.84,97.65,99.45,100.48,99.85,,99.41,,,74878,7410875.24,976,F1,1,,,,,
2026-04-22,2026-04-22,CM,NSE,STK,21383,INE471W01019,PALASHSECU,EQ,,,,,PALASH SECURITIES LTD,97.25,102.25,96.4,100.74,100.75,98.18,,100.74,,,5400,542381.27,163,F1,1,,,,,
2026-04-22,2026-04-22,CM,NSE,STK,17062,INE218G01033,PALREDTEC,EQ,,,,,PALRED TECHNOLOGIES LTD,38.49,39.37,37.28,39.37,39.37,37.5,,35.29,,,5143,201311.37,118,F1,1,,,,,
2026-04-22,2026-04-22,CM,NSE,STK,4055,INE922B01023,PANACEABIO,EQ,,,,,PANACEA BIOTEC LTD,338.0,374.25,332.0,363.8,361.2,338.15,,363.8,,,561904,202308589.65,13045,F1,1,,,,,
2026-04-22,2026-04-22,CM,NSE,STK,16355,INE895W01019,PANACHE,BE,,,,,PANACHE DIGILIFE LIMITED,309.8,326.0,301.0,319.9,320.0,311.65,,319.9,,,5717,1788314.7,65,F1,1,,,,,
2026-04-22,2026-04-22,CM,NSE,STK,25392,INE305C01029,PANAMAPET,EQ,,,,,PANAMA PETROCHEM LTD,270.0,280.21,270.0,277.86,277.54,272.9,,277.92,,,30034,8278346.33,1096,F1,1,,,,,
2026-04-22,2026-04-22,CM,NSE,STK,6141,INE697V01011,PANSARI,EQ,,,,,PANSARI DEVELOPERS LTD,274.4,276.95,271.0,275.1,275.0,276.4,,275.1,,,746,204669.05,29,F1,1,,,,,
2026-04-22,2026-04-22,CM,NSE,STK,5631,INE04LG01015,PAR,EQ,,,,,PAR DRUGS AND CHEM LTD,91.82,94.0,91.52,92.75,93.63,91.52,,92.75,,,3272,302823.07,131,F1,1,,,,,
2026-04-22,2026-04-22,CM,NSE,STK,9741,INE088F01024,PARADEEP,EQ,,,,,PARADEEP PHOSPHATES LTD,131.88,138.39,131.17,136.27,136.7,132.08,,136.27,,,10168142,1380173866.59,58709,F1,1,,,,,
2026-04-22,2026-04-22,CM,NSE,STK,17130,INE883N01014,PARAGMILK,EQ,,,,,PARAG MILK FOODS LTD.,220.26,232.4,217.65,229.62,232.4,220.25,,229.63,,,1735346,392755752.93,18608,F1,1,,,,,
2026-04-22,2026-04-22,CM,NSE,STK,19779,INE0N4G01012,PARAGON,SM,,,,,PARAGON FINE S.C. LTD.,41.0,41.5,40.65,40.65,40.65,40.65,,40.65,,,8400,345180.0,7,F1,1200,,,,,
2026-04-22,2026-04-22,CM,NSE,STK,25069,INE0S2W01018,PARAMATRIX,SM,,,,,PARAMATRIX TECHNOLOGIES L,66.1,66.5,60.4,66.5,66.5,69.8,,66.5,,,7200,464700.0,6,F1,1200,,,,,
2026-04-22,2026-04-22,CM,NSE,STK,13951,INE074B01023,PARACABLES,EQ,,,,,PARAMOUNT COMM LTD,38.55,39.23,37.98,38.22,38.2,38.12,,38.22,,,619691,23805538.44,3386,F1,1,,,,,
2026-04-22,2026-04-22,CM,NSE,STK,25431,INE0Q6001012,PSFL,SM,,,,,PARAMOUNT SPECIALI FORG L,29.05,31.0,28.5,29.95,29.95,28.5,,29.95,,,54000,1598200.0,18,F1,2000,,,,,
2026-04-22,2026-04-22,CM,NSE,STK,5911,INE045601023,PARAS,EQ,,,,,PARAS DEF AND SPCE TECH L,784.0,828.3,782.5,817.0,816.7,782.5,,817.05,,,2803564,2279637581.8,67470,F1,1,,,,,
2026-04-22,2026-04-22,CM,NSE,STK,8975,INE162C01024,PARASPETRO,BE,,,,,PARAS PETROFILS LTD.,2.28,2.28,2.28,2.28,2.28,2.32,,2.28,,,66844,152404.32,83,F1,1,,,,,
2026-04-22,2026-04-22,CM,NSE,STK,5460,INE00U801010,PARIN,SM,,,,,PARIN ENTERPRISES LIMITED,620.0,640.0,601.0,639.0,630.0,627.9,,639.0,,,34000,20770425.0,51,F1,250,,,,,
2026-04-22,2026-04-22,CM,NSE,STK,760351,INE119201023,PARKHOSPS,EQ,,,,,PARK MEDI WORLD LIMITED,226.2,233.98,223.29,231.68,232.0,224.31,,231.68,,,1278063,292602696.52,15627,F1,1,,,,,
2026-04-22,2026-04-22,CM,NSE,STK,22649,INE988S01028,PARKHOTELS,EQ,,,,,PARKHOTELS,125.9,126.49,123.71,126.05,126.01,124.06,,126.05,,,178444,22342004.96,1707,F1,1,,,,,
2026-04-22,2026-04-22,CM,NSE,STK,13795,INE561H01026,PARSVNATH,BE,,,,,PARSVNATH DEVELOPER LTD,8.94,8.94,8.36,8.63,8.65,8.76,,8.63,,,163491,1405496.94,334,F1,1,,,,,
2026-04-22,2026-04-22,CM,NSE,STK,758220,INE1H7V01011,PARTH,ST,,,,,PARTH ELEC & ENG LTD,313.75,322.75,313.65,322.75,322.75,307.4,,322.75,,,9600,3066020.0,23,F1,400,,,,,
2026-04-22,2026-04-22,CM,NSE,STK,2599,INE06ZX01015,PARTYCRUS,SM,,,,,PARTY CRUISERS LIMITED,87.0,88.0,86.25,86.25,86.25,85.0,,86.25,,,5000,435300.0,4,F1,1000,,,,,
2026-04-22,2026-04-22,CM,NSE,STK,757955,INE124Y01028,PASHUPATI,EQ,,,,,PASHUPATI COTSPIN LIMITED,71.0,90.55,67.75,81.95,81.5,76.7,,81.95,,,2054065,171280774.95,18276,F1,1,,,,,
2026-04-22,2026-04-22,CM,NSE,STK,6045,INE818B01023,PASUPTAC,EQ,,,,,PASUPATI ACRYLON LIMITED,47.8,48.08,46.5,47.39,47.04,47.6,,47.4,,,60202,2866572.77,572,F1,1,,,,,
2026-04-22,2026-04-22,CM,NSE,STK,17029,INE619A01035,PATANJALI,EQ,,,,,PATANJALI FOODS LIMITED,469.8,475.85,466.2,472.1,471.2,468.1,,472.2,,,1656672,781994667.9,22693,F1,1,,,,,
2026-04-22,2026-04-22,CM,NSE,STK,11699,INE244B01030,PATELENG,EQ,,,,,PATEL ENGINEERING LTD.,27.39,28.64,27.3,28.35,28.35,27.25,,28.35,,,5826305,163252928.19,13404,F1,1,,,,,
2026-04-22,2026-04-22,CM,NSE,STK,15219,INE529D01014,PATINTLOG,EQ,,,,,PATEL INT. LOG. LTD,11.77,11.77,11.42,11.58,11.56,11.54,,11.58,,,60098,695089.51,275,F1,1,,,,,
2026-04-22,2026-04-22,CM,NSE,STK,759439,INE0R8B01010,PATELRMART,EQ,,,,,PATEL RETAIL LIMITED,205.9,219.99,204.25,216.42,215.4,206.05,,216.41,,,191825,41006872.32,2892,F1,1,,,,,
2026-04-22,2026-04-22,CM,NSE,STK,756963,INE17GV01016,PATILAUTOM,SM,,,,,PATIL AUTOMATION LIMITED,163.7,163.7,158.05,163.4,163.4,164.65,,163.4,,,4800,777630.0,8,F1,600,,,,,
2026-04-22,2026-04-22,CM,NSE,STK,15137,INE0NZW01014,PATTECH,SM,,,,,PATTECH FITWELL TUB COM L,88.2,88.2,86.0,87.3,88.2,84.0,,87.3,,,322500,28154700.0,8,F1,1500,,,,,
2026-04-22,2026-04-22,CM,NSE,STK,762834,INE291E01019,PML,EQ,,,,,PAUL MERCHANTS LTD.,577.05,611.0,576.0,601.6,610.0,622.1,,605.7,,,48,28217.75,14,F1,1,,,,,
2026-04-22,2026-04-22,CM,NSE,STK,759969,INE111F01024,PAUSHAKLTD,EQ,,,,,PAUSHAK LIMITED,500.0,516.8,492.0,494.35,493.0,491.95,,494.55,,,14219,7132305.45,893,F1,1,,,,,
2026-04-22,2026-04-22,CM,NSE,STK,16201,INE07S101038,PAVNAIND,BE,,,,,PAVNA INDUSTRIES LIMITED,21.09,21.5,20.55,21.1,21.1,21.52,,21.1,,,30807,644101.2,187,F1,1,,,,,
2026-04-22,2026-04-22,CM,NSE,STK,6656,INE417T01026,POLICYBZR,EQ,,,,,PB FINTECH LIMITED,1608.0,1644.6,1603.3,1625.8,1616.4,1623.2,,1625.8,,,1641453,2671295348.3,49837,F1,1,,,,,
2026-04-22,2026-04-22,CM,NSE,STK,29124,INE785M01021,PCJEWELLER,EQ,,,,,PC JEWELLER LTD,9.53,9.84,9.45,9.78,9.79,9.6,,9.78,,,50572736,489669177.58,23984,F1,1,,,,,
2026-04-22,2026-04-22,CM,NSE,STK,2649,INE602A01031,PCBL,EQ,,,,,PCBL CHEMICAL LIMITED,282.26,291.0,282.26,290.12,291.0,285.63,,290.12,,,1151556,332101123.73,21041,F1,1,,,,,
2026-04-22,2026-04-22,CM,NSE,STK,5264,INE111Q01021,PDSL,EQ,,,,,PDS LIMITED,290.8,291.15,286.1,289.4,290.0,290.8,,289.35,,,92977,26911176.6,3598,F1,1,,,,,
2026-04-22,2026-04-22,CM,NSE,STK,14260,INE940H01022,PGIL,EQ,,,,,PEARL GLOBAL IND LIMITED,1615.6,1636.8,1581.2,1595.9,1610.0,1615.6,,1595.9,,,40741,65437626.1,5940,F1,1,,,,,
2026-04-22,2026-04-22,CM,NSE,STK,2610,INE844A01013,PEARLPOLY,EQ,,,,,PEARL POLYMERS LTD,22.7,22.7,21.2,21.64,21.74,22.51,,21.67,,,36128,785664.44,268,F1,1,,,,,
2026-04-22,2026-04-22,CM,NSE,STK,25408,INE0VG601013,PELATRO,SM,,,,,PELATRO LIMITED,301.0,301.0,294.35,300.0,300.0,301.15,,300.0,,,2100,627405.0,7,F1,300,,,,,
2026-04-22,2026-04-22,CM,NSE,STK,2256,INE138A01028,PENINLAND,EQ,,,,,PENINSULA LAND LIMITED,20.93,21.07,19.0,19.98,19.98,20.93,,19.98,,,747664,14826046.13,1814,F1,1,,,,,
2026-04-22,2026-04-22,CM,NSE,STK,20621,INE932A01024,PENIND,EQ,,,,,PENNAR INDUSTRIES LTD,172.31,173.98,170.3,173.33,173.8,172.58,,173.33,,,346145,59510517.04,4011,F1,1,,,,,
2026-04-22,2026-04-22,CM,NSE,STK,17132,INE0ORS01017,PENTAGON,SM,,,,,PENTAGON RUBBER LIMITED,69.85,69.85,69.85,69.85,69.85,69.85,,69.85,,,2000,139700.0,2,F1,1000,,,,,
2026-04-22,2026-04-22,CM,NSE,STK,758121,INE925S01012,PERFECT,SZ,,,,,PERFECT INFRAENGINEER LTD,1.65,1.65,1.65,1.65,1.65,1.6,,1.65,,,6000,9900.0,2,F1,3000,,,,,
2026-04-22,2026-04-22,CM,NSE,STK,18365,INE262H01021,PERSISTENT,EQ,,,,,PERSISTENT SYSTEMS LTD,5217.8,5262.0,5033.9,5073.3,5069.9,5329.9,,5073.3,,,2183080,11137666661.7,213038,F1,1,,,,,
2026-04-22,2026-04-22,CM,NSE,STK,24290,INE998U01015,PCCL,SM,,,,,PETRO CARBON AND CHEMI L,256.5,284.95,255.0,277.0,277.0,270.0,,277.0,,,7600,2005680.0,19,F1,400,,,,,
2026-04-22,2026-04-22,CM,NSE,STK,11351,INE347G01014,PETRONET,EQ,,,,,PETRONET LNG LIMITED,277.02,280.57,275.88,279.55,278.49,277.78,,279.54,,,1192845,332818654.46,19069,F1,1,,,,,
2026-04-22,2026-04-22,CM,NSE,STK,760810,INE134E07DU0,730PFCL41,NC,,,,,PFCL 7.30% 2041 SR IV,956.9,975.0,956.9,960.13,960.13,956.51,,960.13,,,105,100813.57,8,F1,1,,,,,
2026-04-22,2026-04-22,CM,NSE,STK,2643,INE182A01018,PFIZER,EQ,,,,,PFIZER LTD,4858.0,4858.0,4752.3,4764.1,4767.0,4816.5,,4764.1,,,20125,96663640.8,5997,F1,1,,,,,
2026-04-22,2026-04-22,CM,NSE,STK,25358,INE457L01029,PGEL,EQ,,,,,PG ELECTROPLAST LTD,559.95,577.95,556.2,568.65,570.0,562.15,,568.65,,,2811624,1599663352.25,35108,F1,1,,,,,
2026-04-22,2026-04-22,CM,NSE,STK,11612,INE0MLZ01019,PHANTOMFX,SM,,,,,PHANTOM DIGITAL EFF LTD,217.0,225.0,217.0,218.0,218.0,218.05,,218.0,,,5400,1182915.0,15,F1,300,,,,,
2026-04-22,2026-04-22,CM,NSE,STK,25513,INE0FPO01018,PHOGLOBAL,SM,,,,,PHOENIX OVERSEAS LIMITED,17.8,18.9,17.8,18.9,18.9,18.7,,18.9,,,4000,73400.0,2,F1,2000,,,,,
2026-04-22,2026-04-22,CM,NSE,STK,759723,INE0LP301011,PWL,EQ,,,,,PHYSICSWALLAH LIMITED,109.32,110.27,108.1,108.42,108.9,109.29,,108.43,,,1663433,181387534.27,15015,F1,1,,,,,
2026-04-22,2026-04-22,CM,NSE,STK,24184,INE603J01030,PIIND,EQ,,,,,PI INDUSTRIES LTD,3025.0,3072.0,3000.1,3057.3,3058.0,3021.3,,3057.3,,,225701,687586162.9,19419,F1,1,,,,,
2026-04-22,2026-04-22,CM,NSE,STK,757754,INE546C01010,PICCADIL,EQ,,,,,PICCADILY AGRO INDUSTRI L,605.0,618.0,601.0,607.9,610.0,603.55,,607.95,,,105425,64316673.05,5658,F1,1,,,,,
2026-04-22,2026-04-22,CM,NSE,STK,24785,INE0YAL01017,PPSL,SM,,,,,PICTUREPOST STUDIOS LTD,9.2,9.3,9.05,9.05,9.05,9.2,,9.05,,,30000,275250.0,10,F1,3000,,,,,
2026-04-22,2026-04-22,CM,NSE,STK,2664,INE318A01026,PIDILITIND,EQ,,,,,PIDILITE INDUSTRIES LTD,1396.3,1424.8,1394.7,1419.0,1418.0,1407.8,,1419.0,,,629961,889922026.3,32646,F1,1,,,,,
2026-04-22,2026-04-22,CM,NSE,STK,30835,INE600A01035,PILITA,EQ,,,,,PIL ITALICA LIFESTYLE LTD,8.26,8.39,7.33,8.09,8.08,8.26,,8.09,,,318472,2542238.36,1285,F1,1,,,,,
2026-04-22,2026-04-22,CM,NSE,STK,11445,INE417C01014,PILANIINVS,EQ,,,,,PILANI INV & IND COR LTD,4848.0,4917.9,4775.1,4832.0,4794.0,4844.5,,4832.4,,,2468,11945525.5,727,F1,1,,,,,
2026-04-22,2026-04-22,CM,NSE,STK,759820,INE15B701018,PINELABS,EQ,,,,,PINE LABS LIMITED,198.0,214.17,195.1,197.75,197.3,195.62,,197.75,,,15930143,3233906940.77,125271,F1,1,,,,,
2026-04-22,2026-04-22,CM,NSE,STK,13463,INE156C01018,PIONEEREMB,EQ,,,,,PIONEER EMBROIDERIES LTD,27.2,27.2,26.33,27.01,27.0,26.65,,27.01,,,12708,341978.35,65,F1,1,,,,,
2026-04-22,2026-04-22,CM,NSE,STK,762829,INE746D01014,PIONRINV,EQ,,,,,PIONEER INVESTCORP LTD.,108.0,108.0,99.5,99.65,99.55,102.5,,100.45,,,1370,136748.2,18,F1,1,,,,,
2026-04-22,2026-04-22,CM,NSE,STK,759551,INE202B01038,PIRAMALFIN,EQ,,,,,PIRAMAL FINANCE LIMITED,1680.1,1848.0,1677.0,1838.5,1840.0,1695.6,,1838.5,,,928322,1675398038.8,49681,F1,1,,,,,
2026-04-22,2026-04-22,CM,NSE,STK,11571,INE0DK501011,PPLPHARMA,EQ,,,,,PIRAMAL PHARMA LIMITED,150.71,154.98,150.0,153.81,153.52,150.81,,153.81,,,2825757,432235668.97,17252,F1,1,,,,,
2026-04-22,2026-04-22,CM,NSE,STK,14134,INE450D01021,PITTIENG,EQ,,,,,PITTI ENGINEERING LIMITED,932.2,934.0,915.9,920.6,922.0,921.8,,920.6,,,26639,24606061.8,2048,F1,1,,,,,
2026-04-22,2026-04-22,CM,NSE,STK,9087,INE751B01018,PIXTRANS,EQ,,,,,PIX TRANSMISSIONS LIMITED,1538.4,1557.3,1511.0,1520.0,1525.0,1530.8,,1519.8,,,9937,15175613.4,1082,F1,1,,,,,
2026-04-22,2026-04-22,CM,NSE,STK,13920,INE083C01022,PLASTIBLEN,EQ,,,,,PLASTIBLENDS INDIA LTD,149.02,155.85,149.02,155.36,155.7,151.96,,155.35,,,10798,1672297.43,730,F1,1,,,,,
2026-04-22,2026-04-22,CM,NSE,STK,22930,INE0PT501018,PLATIND,EQ,,,,,PLATINUM INDUSTRIES LTD,225.01,230.0,223.26,227.53,227.1,226.79,,227.44,,,66499,15128318.34,1788,F1,1,,,,,
2026-04-22,2026-04-22,CM,NSE,STK,19458,INE0INJ01017,PLAZACABLE,EQ,,,,,PLAZA WIRES LIMITED,39.6,40.33,39.6,40.05,40.14,40.34,,40.06,,,55624,2223507.86,1606,F1,1,,,,,
2026-04-22,2026-04-22,CM,NSE,STK,8736,INE859A01011,PNBGILTS,EQ,,,,,PNB GILTS LIMITED,74.0,74.85,73.9,74.74,74.66,74.12,,74.74,,,243215,18102473.64,1300,F1,1,,,,,
2026-04-22,2026-04-22,CM,NSE,STK,18908,INE572E01012,PNBHOUSING,EQ,,,,,PNB HOUSING FIN LTD.,979.1,1001.3,978.0,990.25,990.05,979.1,,990.25,,,3936595,3894097184.4,65876,F1,1,,,,,
2026-04-22,2026-04-22,CM,NSE,STK,9385,INE195J01029,PNCINFRA,EQ,,,,,PNC INFRATECH LTD.,234.86,234.86,220.05,222.23,221.3,208.59,,222.27,,,10622238,2390108908.19,98490,F1,1,,,,,
2026-04-22,2026-04-22,CM,NSE,STK,760242,INE1RDG01013,PNGSREVA,EQ,,,,,PNGS REVA DIAMOND JEWEL L,379.65,387.0,373.0,384.0,385.0,377.0,,384.0,,,128798,49370808.8,10630,F1,1,,,,,
2026-04-22,2026-04-22,CM,NSE,STK,19036,INE371C01013,PODDARMENT,EQ,,,,,PODDAR PIGMENTS LIMITED,258.99,263.4,257.16,260.91,263.4,261.15,,260.91,,,4981,1295692.93,28,F1,1,,,,,
2026-04-22,2026-04-22,CM,NSE,STK,17651,INE637C01025,POKARNA,EQ,,,,,POKARNA LIMITED,939.0,941.0,931.0,933.65,933.6,929.3,,933.65,,,68746,64354987.35,3038,F1,1,,,,,
2026-04-22,2026-04-22,CM,NSE,STK,25718,INE205C01021,POLYMED,EQ,,,,,POLY MEDICURE LIMITED,1479.4,1493.0,1459.0,1473.2,1469.0,1480.5,,1473.2,,,48349,71203881.6,6358,F1,1,,,,,
2026-04-22,2026-04-22,CM,NSE,STK,9590,INE455K01017,POLYCAB,EQ,,,,,POLYCAB INDIA LIMITED,7945.0,8103.0,7897.0,8038.0,8040.0,7955.5,,8038.0,,,468978,3760243292.5,50669,F1,1,,,,,
2026-04-22,2026-04-22,CM,NSE,STK,2687,INE633B01018,POLYPLEX,EQ,,,,,POLYPLEX CORPORATION LTD,878.3,883.0,865.6,881.0,881.4,869.35,,881.0,,,49577,43431819.1,2043,F1,1,,,,,
2026-04-22,2026-04-22,CM,NSE,STK,14385,INE063E01053,POCL,EQ,,,,,PONDY OXIDES & CHEM LTD,1179.0,1197.5,1163.6,1192.7,1194.0,1177.5,,1192.7,,,106114,125160405.1,6189,F1,1,,,,,
2026-04-22,2026-04-22,CM,NSE,STK,10661,INE838E01017,PONNIERODE,EQ,,,,,PONNIE SUGARS (ERODE) LTD,301.9,309.0,297.6,305.3,304.0,300.3,,305.3,,,33481,10127305.2,1306,F1,1,,,,,
2026-04-22,2026-04-22,CM,NSE,STK,11403,INE511C01022,POONAWALLA,EQ,,,,,POONAWALLA FINCORP LTD,420.0,433.4,419.7,424.1,423.95,422.5,,424.15,,,2719870,1157888836.3,36375,F1,1,,,,,
2026-04-22,2026-04-22,CM,NSE,STK,23142,INE772T01024,PVSL,EQ,,,,,POPULAR VEHICLES N SER L,103.87,106.87,102.61,104.43,104.0,103.87,,104.43,,,34377,3583388.69,733,F1,1,,,,,
2026-04-22,2026-04-22,CM,NSE,STK,24864,INE0S3H01017,POSITRON,SM,,,,,POSITRON ENERGY LIMITED,165.0,181.0,163.0,181.0,181.0,164.55,,181.0,,,23700,4223115.0,66,F1,300,,,,,
2026-04-22,2026-04-22,CM,NSE,STK,14299,INE134E01011,PFC,EQ,,,,,POWER FIN CORP LTD.,469.0,475.75,468.9,470.3,471.0,471.1,,470.3,,,5219754,2462262360.6,72595,F1,1,,,,,
2026-04-22,2026-04-22,CM,NSE,STK,14977,INE752E01010,POWERGRID,EQ,,,,,POWER GRID CORP. LTD.,319.75,322.0,316.0,319.75,319.85,319.35,,319.75,,,7112538,2271461654.25,86619,F1,1,,,,,
2026-04-22,2026-04-22,CM,NSE,STK,15716,INE557Z01018,PIGL,EQ,,,,,POWER INSTRUMENT (G) LTD,120.05,121.49,118.06,118.92,119.2,119.87,,118.92,,,28422,3395387.46,717,F1,1,,,,,
2026-04-22,2026-04-22,CM,NSE,STK,10473,INE211R01019,POWERMECH,EQ,,,,,POWER MECH PROJECTS LTD.,2450.4,2512.0,2440.6,2491.4,2478.2,2450.4,,2491.4,,,99805,247982433.9,10498,F1,1,,,,,
2026-04-22,2026-04-22,CM,NSE,STK,3494,INE0GGX23010,PGINVIT,IV,,,,,POWERGRID INFRA. INVITS,93.4,93.5,93.2,93.24,93.25,93.25,,93.24,,,1033187,96367760.08,5339,F1,1,,,,,
2026-04-22,2026-04-22,CM,NSE,STK,761680,INE921L01032,POWERICA,EQ,,,,,POWERICA LIMITED,468.0,479.95,452.5,458.8,454.9,469.45,,458.7,,,725760,339315739.9,19716,F1,1,,,,,
2026-04-22,2026-04-22,CM,NSE,STK,15209,INE095I01015,PPAP,EQ,,,,,PPAP AUTOMOTIVE LIMITED,212.36,221.7,210.6,213.52,211.61,212.35,,213.53,,,15921,3439090.57,767,F1,1,,,,,
2026-04-22,2026-04-22,CM,NSE,STK,30134,INE0I0M01023,PRABHA,EQ,,,,,PRABHA ENERGY LIMITED,162.79,167.98,161.42,162.58,162.01,161.99,,162.56,,,101157,16597561.37,1149,F1,1,,,,,
2026-04-22,2026-04-22,CM,NSE,STK,761637,IN90I0M01014,PRABHAPP,E1,,,,,PRABHA RE.0.34 PPD UP,54.99,55.3,53.51,54.86,54.5,55.39,,54.93,,,31951,1744422.43,55,F1,1,,,,,
2026-04-22,2026-04-22,CM,NSE,STK,762839,INE770A01010,PRADPME,EQ,,,,,PRADEEP METALS LTD.,375.2,383.9,357.05,380.8,381.0,376.15,,379.2,,,3273,1229550.9,236,F1,1,,,,,
2026-04-22,2026-04-22,CM,NSE,STK,2705,INE074A01025,PRAJIND,EQ,,,,,PRAJ INDUSTRIES LTD,368.95,389.8,366.5,382.8,383.1,364.2,,382.8,,,6935179,2643665927.9,90932,F1,1,,,,,
2026-04-22,2026-04-22,CM,NSE,STK,13941,INE505C01016,PRAENG,EQ,,,,,PRAJAY ENG. SYN. LTD.,24.97,25.78,24.51,25.19,25.46,24.97,,25.24,,,55232,1382489.89,277,F1,1,,,,,
2026-04-22,2026-04-22,CM,NSE,STK,2708,INE603A01013,PRAKASH,EQ,,,,,PRAKASH INDUSTRIES LTD,142.0,142.8,140.06,141.52,141.5,140.97,,141.52,,,359301,50768203.83,3183,F1,1,,,,,
2026-04-22,2026-04-22,CM,NSE,STK,10297,INE050001010,PPL,EQ,,,,,PRAKASH PIPES LIMITED,223.54,224.0,217.0,221.43,222.0,220.14,,221.45,,,58955,12970930.68,1645,F1,1,,,,,
2026-04-22,2026-04-22,CM,NSE,STK,19599,INE696K01024,PRAKASHSTL,EQ,,,,,PRAKASH STEELAGE LTD,4.99,4.99,4.66,4.84,4.86,4.87,,4.84,,,168448,812607.19,477,F1,1,,,,,
2026-04-22,2026-04-22,CM,NSE,STK,18514,INE0O7A01017,PRAMARA,SM,,,,,PRAMARA PROMOTIONS LTD,355.0,364.0,355.0,356.65,358.0,355.8,,356.65,,,103500,36885425.0,104,F1,500,,,,,
2026-04-22,2026-04-22,CM,NSE,STK,25818,INE0VJG01014,PRANIK,SM,,,,,PRANIK LOGISTICS LIMITED,49.0,49.0,49.0,49.0,49.0,48.5,,49.0,,,1600,78400.0,1,F1,1600,,,,,
2026-04-22,2026-04-22,CM,NSE,STK,21840,INE393P01035,DIAMONDYD,EQ,,,,,PRATAAP SNACKS LIMITED,983.5,991.8,971.2,978.6,981.0,983.5,,978.6,,,8725,8558614.6,985,F1,1,,,,,
2026-04-22,2026-04-22,CM,NSE,STK,23113,INE0QA601016,PRATHAM,SM,,,,,PRATHAM EPC PROJECTS LTD,142.0,144.0,140.0,141.0,141.0,137.6,,141.0,,,5600,794620.0,14,F1,400,,,,,
2026-04-22,2026-04-22,CM,NSE,STK,762844,INE722B01019,PRAVEG,EQ,,,,,PRAVEG LTD.,256.65,262.95,241.4,256.1,257.75,256.65,,256.55,,,55057,13895278.45,1462,F1,1,,,,,
2026-04-22,2026-04-22,CM,NSE,STK,1204,INE546Y01022,PRAXIS,EQ,,,,,PRAXIS HOME RETAIL LTD,7.12,7.5,7.07,7.12,7.14,7.22,,7.12,,,80811,583706.89,218,F1,1,,,,,
2026-04-22,2026-04-22,CM,NSE,STK,12603,INE484I01029,PRECAM,EQ,,,,,PRECISION CAMSHAFTS LTD.,154.9,158.5,154.5,157.05,156.1,154.89,,157.06,,,279434,43720591.94,3345,F1,1,,,,,
2026-04-22,2026-04-22,CM,NSE,STK,7950,INE0HKW01018,PRECISION,SM,,,,,PRECISION METALIKS LTD,8.25,8.65,8.25,8.5,8.5,8.25,,8.5,,,36000,305700.0,15,F1,2000,,,,,
2026-04-22,2026-04-22,CM,NSE,STK,2717,INE372C01037,PRECWIRE,EQ,,,,,PRECISION WIRES INDIA LTD,386.0,398.2,385.95,395.65,396.75,386.95,,395.65,,,600300,236835853.3,14506,F1,1,,,,,
2026-04-22,2026-04-22,CM,NSE,STK,5884,INE283A01014,PRECOT,BE,,,,,PRECOT LIMITED,567.0,567.0,540.25,543.25,555.0,564.6,,543.25,,,2732,1494427.75,50,F1,1,,,,,
2026-04-22,2026-04-22,CM,NSE,STK,762849,INE001E01012,PREMCO,EQ,,,,,PREMCO GLOBAL LTD.,421.1,427.7,417.25,421.15,419.45,421.05,,421.15,,,356,149997.8,52,F1,1,,,,,
2026-04-22,2026-04-22,CM,NSE,STK,25049,INE0BS701011,PREMIERENE,EQ,,,,,PREMIER ENERGIES LIMITED,991.1,1000.15,986.45,990.8,988.2,995.7,,990.8,,,995070,987644927.35,31682,F1,1,,,,,
2026-04-22,2026-04-22,CM,NSE,STK,17397,INE863B01029,PREMEXPLN,EQ,,,,,PREMIER EXPLOSIVES LTD,494.9,545.4,493.0,535.35,536.1,497.05,,535.35,,,1767003,940440069.15,39754,F1,1,,,,,
2026-04-22,2026-04-22,CM,NSE,STK,6248,INE342A01018,PREMIER,BE,,,,,PREMIER LIMITED,3.07,3.07,2.9,3.04,3.04,2.93,,3.04,,,15763,47865.67,29,F1,1,,,,,
2026-04-22,2026-04-22,CM,NSE,STK,10401,INE309M01020,PREMIERPOL,BE,,,,,PREMIER POLYFILMS LTD,54.99,57.4,54.5,55.9,56.0,54.82,,55.98,,,68934,3845407.29,384,F1,1,,,,,
2026-04-22,2026-04-22,CM,NSE,STK,23764,INE0CFG01012,PRLIND,SM,,,,,PREMIER ROADLINES LIMITED,65.7,66.0,64.0,66.0,66.0,66.0,,66.0,,,10000,656900.0,7,F1,1000,,,,,
2026-04-22,2026-04-22,CM,NSE,STK,25898,INE0M1F01011,PREMIUM,SM,,,,,PREMIUM PLAST LIMITED,37.8,37.8,37.0,37.0,37.0,37.8,,37.0,,,6000,224400.0,2,F1,3000,,,,,
2026-04-22,2026-04-22,CM,NSE,STK,20506,INE0R1601012,PRESSTONIC,ST,,,,,PRESSTONIC ENGINEERING L,45.75,45.75,45.75,45.75,45.75,43.6,,45.75,,,20000,915000.0,21,F1,800,,,,,
2026-04-22,2026-04-22,CM,NSE,STK,20302,INE811K01011,PRESTIGE,EQ,,,,,PRESTIGE ESTATE LTD,1405.2,1423.6,1401.5,1405.5,1404.3,1402.7,,1405.5,,,457584,645812781.4,20200,F1,1,,,,,
2026-04-22,2026-04-22,CM,NSE,STK,19631,INE726V01018,PRICOLLTD,EQ,,,,,PRICOL LIMITED,603.65,615.0,601.2,612.35,613.05,605.45,,612.35,,,239063,145833119.6,14161,F1,1,,,,,
2026-04-22,2026-04-22,CM,NSE,STK,759023,INE0CQA01020,PRIMECAB,SM,,,,,PRIME CABLE INDUSTRIES L,100.0,105.75,100.0,100.5,101.0,98.7,,100.5,,,76800,7856880.0,42,F1,1600,,,,,
2026-04-22,2026-04-22,CM,NSE,STK,13496,INE367G01038,PFOCUS,EQ,,,,,PRIME FOCUS LIMITED,329.55,339.15,329.4,332.5,332.7,328.2,,332.5,,,691128,230369705.0,10424,F1,1,,,,,
2026-04-22,2026-04-22,CM,NSE,STK,11864,INE032B01021,PRIMESECU,EQ,,,,,PRIME SECURITIES LIMITED,287.4,287.65,280.75,281.75,282.5,287.65,,281.8,,,9093,2571561.1,261,F1,1,,,,,
2026-04-22,2026-04-22,CM,NSE,STK,756925,INE607A01022,PRIMO,EQ,,,,,PRIMO CHEMICALS LIMITED,23.54,24.8,22.32,24.25,24.69,23.24,,24.29,,,728100,17087116.36,1872,F1,1,,,,,
2026-04-22,2026-04-22,CM,NSE,STK,16045,INE689W01016,PRINCEPIPE,EQ,,,,,PRINCE PIPES FITTINGS LTD,259.01,264.2,257.94,263.13,263.9,259.22,,263.16,,,108502,28422238.26,2414,F1,1,,,,,
2026-04-22,2026-04-22,CM,NSE,STK,2739,INE010A01011,PRSMJOHNSN,EQ,,,,,PRISM JOHNSON LIMITED,133.0,134.0,131.4,133.23,133.4,134.66,,133.23,,,448767,59581591.03,7119,F1,1,,,,,
2026-04-22,2026-04-22,CM,NSE,STK,8310,INE974Z01015,PRITI,BE,,,,,PRITI INTERNATIONAL LTD,46.68,46.68,44.51,45.5,45.68,46.79,,45.5,,,33651,1514670.73,239,F1,1,,,,,
2026-04-22,2026-04-22,CM,NSE,STK,5292,INE583R01029,PRITIKAUTO,EQ,,,,,PRITIKA AUTO INDUS LTD,13.21,13.93,13.21,13.89,13.93,13.58,,13.89,,,51990,715142.87,410,F1,1,,,,,
2026-04-22,2026-04-22,CM,NSE,STK,12971,INE0MJQ01020,PRITIKA,SM,,,,,PRITIKA ENG COMPO LTD,53.95,55.2,53.95,55.2,55.2,55.4,,55.2,,,4000,218300.0,2,F1,2000,,,,,
2026-04-22,2026-04-22,CM,NSE,STK,9346,INE392B01011,PNC,BE,,,,,PRITISH NANDY COMMUNICATI,22.05,22.25,21.0,21.6,21.6,22.04,,21.6,,,20100,441716.25,49,F1,1,,,,,
2026-04-22,2026-04-22,CM,NSE,STK,8825,INE959A01019,PRIVISCL,EQ,,,,,PRIVI SPECIALITY CHE LTD,3165.0,3190.5,3115.0,3163.3,3150.0,3138.1,,3163.3,,,127569,403062382.9,8855,F1,1,,,,,
2026-04-22,2026-04-22,CM,NSE,STK,24511,INE0V9N01017,PRIZOR,ST,,,,,PRIZOR VIZTECH LIMITED,514.35,540.05,510.0,538.1,540.05,514.35,,538.1,,,38800,20560620.0,83,F1,400,,,,,
2026-04-22,2026-04-22,CM,NSE,STK,757806,INE0VJT01017,PROFX,SM,,,,,PRO FX TECH LIMITED,72.0,72.0,72.0,72.0,72.0,72.0,,72.0,,,1600,115200.0,1,F1,1600,,,,,
2026-04-22,2026-04-22,CM,NSE,STK,940,INE199A01012,PGHL,EQ,,,,,PROCTER & GAMBLE HEALTH L,5060.0,5152.8,5038.4,5132.9,5125.0,5084.3,,5133.0,,,9746,49734446.0,2519,F1,1,,,,,
2026-04-22,2026-04-22,CM,NSE,STK,19352,INE994V01012,PROLIFE,SM,,,,,PROLIFE INDUSTRIES LTD,69.45,69.45,64.0,69.35,69.35,66.15,,69.35,,,5500,373750.0,9,F1,500,,,,,
2026-04-22,2026-04-22,CM,NSE,STK,758173,INE0BX301013,PROSTARM,EQ,,,,,PROSTARM INFO SYSTEMS LTD,151.3,155.9,151.3,154.4,154.7,152.06,,154.41,,,221796,34165334.21,2729,F1,1,,,,,
2026-04-22,2026-04-22,CM,NSE,STK,29472,INE004A01022,PROTEAN,EQ,,,,,PROTEAN EGOV TECHNO LTD,546.2,554.9,540.6,551.05,553.25,548.85,,551.05,,,174230,95411509.6,6638,F1,1,,,,,
2026-04-22,2026-04-22,CM,NSE,STK,16483,INE0ONE01016,PROV,SM,,,,,PROVENTUS AGROCOM LIMITED,1280.0,1280.0,1270.0,1271.0,1271.0,1272.5,,1271.0,,,400,510480.0,5,F1,80,,,,,
2026-04-22,2026-04-22,CM,NSE,STK,28859,INE195N01013,PROZONER,EQ,,,,,PROZONE REALTY LIMITED,61.5,66.0,61.5,64.65,64.8,62.37,,64.65,,,1183098,76377563.35,2568,F1,1,,,,,
2026-04-22,2026-04-22,CM,NSE,STK,9553,INE00F201020,PRUDENT,EQ,,,,,PRUDENT CORP ADV SER LTD,2735.0,2767.6,2720.8,2750.7,2745.1,2727.0,,2750.7,,,13195,36138469.9,3280,F1,1,,,,,
2026-04-22,2026-04-22,CM,NSE,STK,20527,INE024D01016,PRUDMOULI,EQ,,,,,PRUDENTIAL SUGAR CORPORAT,17.35,18.4,17.35,18.2,18.2,17.96,,18.13,,,9117,162739.33,59,F1,1,,,,,
2026-04-22,2026-04-22,CM,NSE,STK,20877,INE488V01015,PSPPROJECT,EQ,,,,,PSP PROJECTS LIMITED,732.45,746.0,726.65,742.45,745.0,732.45,,742.45,,,61686,45473725.65,2334,F1,1,,,,,
2026-04-22,2026-04-22,CM,NSE,STK,22602,INE560K01014,PFS,EQ,,,,,PTC INDIA FIN SERV LTD,31.27,31.85,31.1,31.42,31.37,31.27,,31.42,,,605217,19045891.55,2417,F1,1,,,,,
2026-04-22,2026-04-22,CM,NSE,STK,11355,INE877F01012,PTC,EQ,,,,,PTC INDIA LIMITED,186.88,188.5,184.6,186.52,186.3,186.88,,186.52,,,1390185,259502434.17,21946,F1,1,,,,,
2026-04-22,2026-04-22,CM,NSE,STK,16682,INE596F01018,PTCIL,EQ,,,,,PTC INDUSTRIES LIMITED,16126.0,16133.0,15803.0,15864.0,15880.0,16166.0,,15864.0,,,7941,126439649.0,3473,F1,1,,,,,
2026-04-22,2026-04-22,CM,NSE,STK,14101,INE034D01049,PTL,EQ,,,,,PTL ENTERPRISES LTD,38.61,40.09,38.61,39.98,39.87,38.61,,39.98,,,152190,6014550.82,1212,F1,1,,,,,
2026-04-22,2026-04-22,CM,NSE,STK,15377,INE865T01018,PDMJEPAPER,EQ,,,,,PUDUMJEE PAPER PRO. LTD,85.47,88.1,85.06,87.22,88.0,86.12,,87.22,,,136746,11839991.18,2158,F1,1,,,,,
2026-04-22,2026-04-22,CM,NSE,STK,507,INE335X01014,PULZ,SM,,,,,PULZ ELECTRONICS LIMITED,25.35,26.4,25.2,26.4,26.4,26.5,,26.4,,,8000,204500.0,4,F1,2000,,,,,
2026-04-22,2026-04-22,CM,NSE,STK,21001,INE608A01012,PSB,EQ,,,,,PUNJAB & SIND BANK,25.11,25.7,25.11,25.55,25.55,25.26,,25.55,,,1440746,36800068.72,4339,F1,1,,,,,
2026-04-22,2026-04-22,CM,NSE,STK,4344,INE277B01014,PUNJABCHEM,EQ,,,,,PUNJAB CHEM & CROP PROT L,1074.95,1074.95,1062.05,1066.7,1070.9,1067.2,,1066.7,,,3861,4122357.65,377,F1,1,,,,,
2026-04-22,2026-04-22,CM,NSE,STK,10666,INE160A01022,PNB,EQ,,,,,PUNJAB NATIONAL BANK,113.9,115.6,113.35,114.67,114.7,114.11,,114.67,,,18835055,2162228233.7,52706,F1,1,,,,,
2026-04-22,2026-04-22,CM,NSE,STK,14922,INE323I01011,PURVA,EQ,,,,,PURAVANKARA LIMITED,221.8,222.95,217.0,218.13,218.39,221.16,,218.14,,,234424,51482259.25,6497,F1,1,,,,,
2026-04-22,2026-04-22,CM,NSE,STK,28028,INE0P5R01014,PURPLEUTED,SM,,,,,PURPLE UNITED SALES LTD,308.0,315.0,299.0,302.95,304.0,303.5,,302.95,,,21500,6569387.5,70,F1,250,,,,,
2026-04-22,2026-04-22,CM,NSE,STK,22938,INE0R6C01012,PURVFLEXI,SM,,,,,PURV FLEXIPACK LIMITED,66.5,66.55,65.7,65.7,65.7,69.15,,65.7,,,8000,527560.0,10,F1,800,,,,,
2026-04-22,2026-04-22,CM,NSE,STK,757683,INE154801018,PUSHPA,SM,,,,,PUSHPA JEWELLERS LIMITED,130.6,132.0,130.0,131.6,130.5,130.65,,131.6,,,25000,3269200.0,22,F1,1000,,,,,
2026-04-22,2026-04-22,CM,NSE,STK,4010,INE362A01016,PVP,EQ,,,,,PVP VENTURES LIMITED,32.1,33.0,31.62,32.07,32.0,32.1,,32.07,,,2973761,95958031.44,5993,F1,1,,,,,
2026-04-22,2026-04-22,CM,NSE,STK,13147,INE191H01014,PVRINOX,EQ,,,,,PVR INOX LIMITED,973.0,994.9,969.0,990.3,986.85,973.0,,990.2,,,263268,258964796.15,13726,F1,1,,,,,
2026-04-22,2026-04-22,CM,NSE,STK,18250,INE0MIS01010,PYRAMID,EQ,,,,,PYRAMID TECHNOPLAST LTD,159.29,159.29,155.0,155.71,155.5,159.29,,155.71,,,11623,1821892.35,339,F1,1,,,,,
2026-04-22,2026-04-22,CM,NSE,STK,11467,INE0FMW01018,QMSMEDI,SM,,,,,QMS MEDICAL ALLIED S LTD,83.0,85.0,83.0,84.6,83.05,83.1,,84.6,,,7000,591050.0,7,F1,1000,,,,,
2026-04-22,2026-04-22,CM,NSE,STK,29087,INE0LRY01011,QUADFUTURE,EQ,,,,,QUADRANT FUTURE TEK LTD,321.15,327.75,321.15,324.1,324.95,323.85,,324.1,,,189471,61484397.25,4261,F1,1,,,,,
2026-04-22,2026-04-22,CM,NSE,STK,29711,INE0SII01026,QPOWER,EQ,,,,,QUALITY POWER ELEC EQUP L,1260.0,1292.85,1256.1,1272.7,1273.9,1265.35,,1272.7,,,679351,867457271.9,25595,F1,1,,,,,
2026-04-22,2026-04-22,CM,NSE,STK,15330,INF082J01408,QGOLDHALF,EQ,,,,,QUANTUM GOLD FUND,124.94,125.68,124.87,125.3,125.25,125.38,,125.3,,,146241,18327766.62,515,F1,1,,,,,
2026-04-22,2026-04-22,CM,NSE,STK,16819,INF082J01499,QNIFTY,EQ,,,,,QUANTUM NIFTY 50 ETF,261.86,267.84,261.86,266.31,266.6,268.58,,266.31,,,69356,18457235.89,117,F1,1,,,,,
2026-04-22,2026-04-22,CM,NSE,STK,17704,INE615P01015,QUESS,EQ,,,,,QUESS CORP LIMITED,196.17,198.0,194.4,197.77,197.5,196.17,,197.76,,,76145,14995715.28,4675,F1,1,,,,,
2026-04-22,2026-04-22,CM,NSE,STK,23796,INE0TNW01017,QUESTLAB,ST,,,,,QUEST LABORATORIES LTD,119.5,121.5,117.0,121.5,121.5,115.75,,121.5,,,82800,9936180.0,36,F1,1200,,,,,
2026-04-22,2026-04-22,CM,NSE,STK,13116,INE306L01010,QUICKHEAL,EQ,,,,,QUICK HEAL TECH LTD,170.4,174.0,169.18,172.16,172.0,170.15,,172.16,,,185513,31915338.02,1896,F1,1,,,,,
2026-04-22,2026-04-22,CM,NSE,STK,15285,INE0K4D01020,QUICKTOUCH,SM,,,,,QUICKTOUCH TECHNOLOGIES L,29.85,29.85,29.2,29.8,29.8,29.85,,29.8,,,4500,133525.0,5,F1,500,,,,,
2026-04-22,2026-04-22,CM,NSE,STK,762854,INE641R01017,QUINT,EQ,,,,,QUINT DIGITAL LTD.,38.2,42.4,33.45,38.7,39.25,40.85,,39.4,,,7742,280196.8,123,F1,1,,,,,
2026-04-22,2026-04-22,CM,NSE,STK,24957,INE0KZF01015,QVCEL,SM,,,,,QVC EXPORTS LIMITED,27.1,28.75,27.1,28.75,28.75,28.45,,28.75,,,3200,89360.0,2,F1,1600,,,,,
2026-04-22,2026-04-22,CM,NSE,STK,23043,INE0NQ801033,RKSWAMY,EQ,,,,,R K SWAMY LIMITED,94.9,94.9,89.73,89.95,90.0,93.74,,89.96,,,54271,4926198.59,1322,F1,1,,,,,
2026-04-22,2026-04-22,CM,NSE,STK,757834,INE219Y01026,RMDRIP,EQ,,,,,R M DRIP & SPRINK SYS LTD,20.2,20.3,19.94,19.94,19.94,20.98,,19.94,,,755910,15124497.17,1842,F1,1,,,,,
2026-04-22,2026-04-22,CM,NSE,STK,762864,INE951M01037,RRIL,EQ,,,,,R R I L LTD.,16.6,17.5,16.2,16.3,16.3,15.95,,16.5,,,33798,558772.8,211,F1,1,,,,,
2026-04-22,2026-04-22,CM,NSE,STK,18566,INE777K01022,RRKABEL,EQ,,,,,R R KABEL LIMITED,1458.8,1487.7,1445.6,1463.3,1460.0,1457.6,,1463.3,,,263074,385701408.2,17521,F1,1,,,,,
2026-04-22,2026-04-22,CM,NSE,STK,13414,INE411H01032,RSYSTEMS,EQ,,,,,R SYS INTERNATIONAL LTD,281.43,290.03,279.05,288.45,286.01,282.96,,288.46,,,421177,120582828.5,7679,F1,1,,,,,
2026-04-22,2026-04-22,CM,NSE,STK,758984,INE012Q01039,RNBDENIMS,BE,,,,,R&B DENIMS LIMITED,16.35,16.35,14.81,14.81,14.81,15.58,,14.74,,,2969524,46683542.07,3843,F1,1,,,,,
2026-04-22,2026-04-22,CM,NSE,STK,8426,INE165B01029,RSSOFTWARE,BE,,,,,R. S. SOFTWARE (INDIA) LI,43.32,43.32,43.32,43.32,43.32,41.26,,43.32,,,19520,845606.4,39,F1,1,,,,,
2026-04-22,2026-04-22,CM,NSE,STK,20760,INE324L01013,RPPINFRA,EQ,,,,,R.P.P INFRA PROJECTS LTD,80.11,87.0,80.11,83.83,84.5,79.13,,83.83,,,146011,12253634.33,2051,F1,1,,,,,
2026-04-22,2026-04-22,CM,NSE,STK,762244,INE2PB023011,RIIT,IV,,,,,RAAJMARG INFRA INVEST T,110.2,110.95,110.2,110.88,110.89,110.43,,110.88,,,170911,18922656.12,509,F1,1,,,,,
2026-04-22,2026-04-22,CM,NSE,STK,15396,INE084Q01012,RACE,BE,,,,,RACE ECO CHAIN LIMITED,134.34,134.34,127.0,127.97,128.99,131.71,,127.97,,,17557,2242101.84,127,F1,1,,,,,
2026-04-22,2026-04-22,CM,NSE,STK,9854,INE02OY01016,RILINFRA,SM,,,,,RACHANA INFRA LTD,34.7,34.7,34.2,34.35,34.2,34.55,,34.35,,,6800,234190.0,32,F1,100,,,,,
2026-04-22,2026-04-22,CM,NSE,STK,27171,INE704B01017,RACLGEAR,EQ,,,,,RACL GEARTECH LIMITED,1328.0,1362.0,1283.1,1298.4,1300.0,1317.8,,1298.4,,,28140,36896551.8,2261,F1,1,,,,,
2026-04-22,2026-04-22,CM,NSE,STK,10932,INE874F01027,RADAAN,EQ,,,,,RADAAN MEDIAWORKS (I) LTD,3.43,3.43,3.25,3.33,3.32,3.37,,3.34,,,39531,132246.83,129,F1,1,,,,,
2026-04-22,2026-04-22,CM,NSE,STK,10343,INE583V01021,RADHIKAJWE,EQ,,,,,RADHIKA JEWELTECH LIMITED,67.2,67.99,65.2,67.37,67.12,67.26,,67.37,,,107435,7202994.04,1405,F1,1,,,,,
2026-04-22,2026-04-22,CM,NSE,STK,13580,INE855R01021,RADIANTCMS,EQ,,,,,RADIANT CASH MGMT SER LTD,42.25,43.43,42.01,42.96,42.8,42.36,,42.96,,,68944,2947455.75,1019,F1,1,,,,,
2026-04-22,2026-04-22,CM,NSE,STK,10990,INE944F01028,RADICO,EQ,,,,,RADICO KHAITAN LTD,3250.0,3307.5,3209.6,3243.0,3250.0,3249.2,,3242.1,,,401276,1308318856.1,49647,F1,1,,,,,
2026-04-22,2026-04-22,CM,NSE,STK,23442,INE430U01019,RADIOWALLA,SM,,,,,RADIOWALLA NETWORK LTD,37.5,37.8,36.15,36.15,36.15,36.0,,36.15,,,12800,479600.0,8,F1,1600,,,,,
2026-04-22,2026-04-22,CM,NSE,STK,24735,INE912T01018,RPEL,EQ,,,,,RAGHAV PRODUCTIVITY ENH L,724.05,728.45,714.0,722.05,722.95,725.1,,722.55,,,32022,23069974.1,1416,F1,1,,,,,
2026-04-22,2026-04-22,CM,NSE,STK,9552,INE415G01027,RVNL,EQ,,,,,RAIL VIKAS NIGAM LIMITED,297.11,308.33,297.0,307.41,307.68,298.86,,307.41,,,10257184,3119554095.24,69493,F1,1,,,,,
2026-04-22,2026-04-22,CM,NSE,STK,2431,INE0DD101019,RAILTEL,EQ,,,,,RAILTEL CORP OF IND LTD,325.5,334.87,324.8,331.59,332.7,326.49,,331.6,,,1514325,499781786.1,24908,F1,1,,,,,
2026-04-22,2026-04-22,CM,NSE,STK,15337,INE855B01025,RAIN,EQ,,,,,RAIN INDUSTRIES LIMITED,131.2,133.1,130.0,132.69,132.1,131.13,,132.69,,,1549948,204179957.91,10283,F1,1,,,,,
2026-04-22,2026-04-22,CM,NSE,STK,9408,INE961O01016,RAINBOW,EQ,,,,,RAINBOW CHILDRENS MED LTD,1277.0,1321.0,1265.8,1293.8,1291.0,1276.2,,1293.9,,,296822,386742474.8,30572,F1,1,,,,,
2026-04-22,2026-04-22,CM,NSE,STK,359,INE294G01026,ROML,EQ,,,,,RAJ OIL MILLS LIMITED,43.5,44.94,43.5,44.0,44.0,43.5,,44.0,,,3921,171642.0,29,F1,1,,,,,
2026-04-22,2026-04-22,CM,NSE,STK,8428,INE533D01032,RAJRILTD,BE,,,,,RAJ RAYON INDUSTRIES LTD,21.47,21.89,21.06,21.36,21.76,21.48,,21.36,,,7193,154730.64,116,F1,1,,,,,
2026-04-22,2026-04-22,CM,NSE,STK,14403,INE952H01027,RAJTV,EQ,,,,,RAJ TV NETWORK LTD,24.12,24.8,23.61,23.91,23.99,24.13,,23.92,,,51604,1238777.7,301,F1,1,,,,,
2026-04-22,2026-04-22,CM,NSE,STK,762859,INE296E01026,RAJPALAYAM,EQ,,,,,RAJAPALAYAM MILLS LTD.,794.95,809.95,790.0,793.7,792.1,795.0,,794.05,,,1268,1012749.85,138,F1,1,,,,,
2026-04-22,2026-04-22,CM,NSE,STK,181,INE610C01014,ARENTERP,EQ,,,,,RAJDARSHAN INDUSTRIES LTD,40.21,41.99,38.65,41.84,41.69,40.2,,41.84,,,990,39593.35,26,F1,1,,,,,
2026-04-22,2026-04-22,CM,NSE,STK,760461,INE343B01030,RAJESHEXPO,BZ,,,,,RAJESH EXPORTS LTD,112.4,122.57,112.4,122.57,122.57,116.74,,122.62,,,139416,16824945.66,1702,F1,1,,,,,
2026-04-22,2026-04-22,CM,NSE,STK,2171,INE00KV01022,RAJMET,BE,,,,,RAJNANDINI METAL LIMITED,4.04,4.2,4.0,4.07,4.09,4.05,,4.07,,,282588,1155592.38,673,F1,1,,,,,
2026-04-22,2026-04-22,CM,NSE,STK,757049,INE535F01024,RAJOOENG,EQ,,,,,RAJOO ENGINEERS LIMITED,65.83,67.9,65.26,67.73,67.9,65.83,,67.73,,,534559,35791686.04,3507,F1,1,,,,,
2026-04-22,2026-04-22,CM,NSE,STK,27269,INE0VHU01019,RAJPUTANA,SM,,,,,RAJPUTANA BIODIESEL LTD,240.0,246.0,240.0,245.8,246.0,240.0,,245.8,,,3500,845825.0,7,F1,500,,,,,
2026-04-22,2026-04-22,CM,NSE,STK,24707,INE0PCU01012,RAJINDLTD,SM,,,,,RAJPUTANA INDUSTRIES LTD,81.45,81.45,78.65,79.0,79.0,81.45,,79.0,,,10500,841725.0,7,F1,1500,,,,,
2026-04-22,2026-04-22,CM,NSE,STK,761439,INE313L01016,RSL,EQ,,,,,RAJPUTANA STAINLESS LTD,130.9,130.9,126.91,128.4,128.39,129.7,,128.39,,,1466371,188847691.84,4895,F1,1,,,,,
2026-04-22,2026-04-22,CM,NSE,STK,18962,INE451D01029,RAJRATAN,EQ,,,,,RAJRATAN GLOBAL WIRE LTD,412.0,428.95,401.55,416.55,417.95,438.95,,416.55,,,482376,199896611.8,13811,F1,1,,,,,
2026-04-22,2026-04-22,CM,NSE,STK,6913,INE760W01023,RPPL,EQ,,,,,RAJSHREE POLYPACK LTD,16.33,16.33,16.02,16.12,16.25,16.29,,16.12,,,55584,895173.61,159,F1,1,,,,,
2026-04-22,2026-04-22,CM,NSE,STK,2809,INE562B01019,RAJSREESUG,EQ,,,,,RAJSHREE SUGAR & CHEMICAL,33.61,35.18,33.61,34.84,34.99,33.8,,34.84,,,81458,2806669.14,854,F1,1,,,,,
2026-04-22,2026-04-22,CM,NSE,STK,2816,INE613A01020,RALLIS,EQ,,,,,RALLIS INDIA LTD,263.0,267.0,262.79,265.96,267.0,263.6,,265.95,,,215287,57130927.56,8517,F1,1,,,,,
2026-04-22,2026-04-22,CM,NSE,STK,10485,INE207E01023,RAMRAT,EQ,,,,,RAM RATNA WIRES LIMITED,390.0,394.7,384.55,387.65,386.1,389.65,,387.65,,,227218,88165188.0,3412,F1,1,,,,,
2026-04-22,2026-04-22,CM,NSE,STK,10568,INE809A01032,RAMAPHO,EQ,,,,,RAMA PHOSPHATES LIMITED,137.2,141.0,137.2,140.6,140.31,138.4,,140.62,,,27822,3879604.9,735,F1,1,,,,,
2026-04-22,2026-04-22,CM,NSE,STK,10300,INE230R01035,RAMASTEEL,EQ,,,,,RAMA STEEL TUBES LIMITED,5.89,5.99,5.65,5.91,5.93,5.89,,5.91,,,13324255,77615021.08,9835,F1,1,,,,,
2026-04-22,2026-04-22,CM,NSE,STK,757780,INE14W901010,RTL,ST,,,,,RAMA TELECOM LIMITED,88.5,88.5,86.5,86.5,86.5,88.9,,86.5,,,16000,1399000.0,8,F1,2000,,,,,
2026-04-22,2026-04-22,CM,NSE,STK,4587,INE614A01028,RAMCOIND,EQ,,,,,RAMCO INDUSTRIES LIMITED,275.95,275.95,271.21,272.74,272.9,273.49,,272.75,,,72008,19637840.81,681,F1,1,,,,,
2026-04-22,2026-04-22,CM,NSE,STK,7851,INE246B01019,RAMCOSYS,EQ,,,,,RAMCO SYSTEMS LTD.,431.0,434.9,425.5,431.5,434.9,431.1,,431.5,,,32851,14108387.65,1652,F1,1,,,,,
2026-04-22,2026-04-22,CM,NSE,STK,23565,INE0RJH01010,RBS,SM,,,,,RAMDEVBABA SOLVENT LTD,108.0,111.75,104.0,109.35,109.0,108.8,,109.35,,,43200,4735320.0,45,F1,800,,,,,
2026-04-22,2026-04-22,CM,NSE,STK,11411,INE399G01023,RKFORGE,EQ,,,,,RAMKRISHNA FORGINGS LTD,559.5,561.6,550.8,556.95,557.55,554.15,,556.95,,,641325,357007970.8,19405,F1,1,,,,,
2026-04-22,2026-04-22,CM,NSE,STK,20134,INE874I01013,RAMKY,EQ,,,,,RAMKY INFRA LTD,512.15,518.0,510.0,513.9,510.0,512.15,,514.2,,,52566,26988139.65,1555,F1,1,,,,,
2026-04-22,2026-04-22,CM,NSE,STK,2837,INE625B01014,RANASUG,EQ,,,,,RANA SUGARS LTD.,14.1,14.3,13.56,14.09,13.98,13.78,,14.09,,,393789,5512377.36,1603,F1,1,,,,,
2026-04-22,2026-04-22,CM,NSE,STK,11975,INE050H01012,RML,EQ,,,,,RANE (MADRAS) LIMITED,765.0,796.0,762.55,786.25,781.0,763.15,,786.5,,,14496,11320014.3,998,F1,1,,,,,
2026-04-22,2026-04-22,CM,NSE,STK,2844,INE384A01010,RANEHOLDIN,EQ,,,,,RANE HOLDINGS LIMITED,1080.85,1120.0,1072.25,1107.0,1119.95,1076.5,,1107.0,,,21930,24101538.6,2063,F1,1,,,,,
2026-04-22,2026-04-22,CM,NSE,STK,30460,INE0QX901013,RAPIDFLEET,SM,,,,,RAPID FLEET MGT SERVICE L,171.0,171.0,171.0,171.0,171.0,181.0,,171.0,,,1200,205200.0,2,F1,600,,,,,
2026-04-22,2026-04-22,CM,NSE,STK,25610,INE0MVO01012,RAPPID,SM,,,,,RAPPID VALVES (INDIA) LTD,280.0,284.0,280.0,280.0,280.0,284.0,,280.0,,,4800,1348230.0,8,F1,600,,,,,
2026-04-22,2026-04-22,CM,NSE,STK,22670,INE0J1F01024,RPTECH,EQ,,,,,RASHI PERIPHERALS LIMITED,471.0,478.45,470.05,475.3,478.0,474.35,,475.2,,,110468,52330928.0,3659,F1,1,,,,,
2026-04-22,2026-04-22,CM,NSE,STK,2866,INE027A01015,RCF,EQ,,,,,RASHTRIYA CHEMICALS & FER,131.4,133.54,130.5,132.78,132.3,130.81,,132.78,,,1405387,186104422.32,11971,F1,1,,,,,
2026-04-22,2026-04-22,CM,NSE,STK,7177,INE0CLI01024,RATEGAIN,EQ,,,,,RATEGAIN TRAVEL TECHN LTD,567.25,579.0,566.15,574.0,573.0,569.05,,574.05,,,112760,64591421.8,7286,F1,1,,,,,
2026-04-22,2026-04-22,CM,NSE,STK,13451,INE703B01027,RATNAMANI,EQ,,,,,RATNAMANI MET & TUB LTD.,2414.9,2465.0,2395.0,2454.3,2444.0,2410.9,,2454.3,,,16727,40680833.4,3753,F1,1,,,,,
2026-04-22,2026-04-22,CM,NSE,STK,18423,INE05CZ01011,RATNAVEER,EQ,,,,,RATNAVEER PRECISION ENG L,146.44,147.4,144.03,146.36,147.4,145.43,,146.35,,,635510,92780422.92,5007,F1,1,,,,,
2026-04-22,2026-04-22,CM,NSE,STK,27297,INE834M01019,RTNINDIA,EQ,,,,,RATTANINDIA ENT LIMITED,34.65,36.5,34.65,36.07,35.97,34.57,,36.07,,,3374063,120190571.71,11654,F1,1,,,,,
2026-04-22,2026-04-22,CM,NSE,STK,17520,INE399K01017,RTNPOWER,EQ,,,,,RATTANINDIA POWER LIMITED,9.51,10.24,9.51,10.1,10.16,9.5,,10.1,,,46660158,461126759.82,26845,F1,1,,,,,
2026-04-22,2026-04-22,CM,NSE,STK,20950,INE722J01012,RKDL,EQ,,,,,RAVI KUMAR DIST. LTD.,21.1,21.86,21.1,21.64,21.61,21.28,,21.64,,,19388,418310.32,252,F1,1,,,,,
2026-04-22,2026-04-22,CM,NSE,STK,1565,INE09E501017,RVHL,EQ,,,,,RAVINDER HEIGHTS LIMITED,42.75,44.4,42.3,43.94,44.2,42.75,,43.91,,,15997,697980.73,124,F1,1,,,,,
2026-04-22,2026-04-22,CM,NSE,STK,24596,INE206N01018,RELTD,EQ,,,,,RAVINDRA ENERGY LIMITED,146.45,151.8,145.0,148.18,148.3,145.36,,148.18,,,543547,81093859.93,7206,F1,1,,,,,
2026-04-22,2026-04-22,CM,NSE,STK,25073,INE02ID01020,RAYMONDLSL,EQ,,,,,RAYMOND LIFESTYLE LIMITED,809.2,823.0,804.8,811.2,811.0,809.25,,811.2,,,79280,64516972.95,4778,F1,1,,,,,
2026-04-22,2026-04-22,CM,NSE,STK,2859,INE301A01014,RAYMOND,EQ,,,,,RAYMOND LTD,447.0,459.6,441.65,455.2,455.0,447.55,,455.2,,,615331,278487398.95,14549,F1,1,,,,,
2026-04-22,2026-04-22,CM,NSE,STK,758551,INE1SY401010,RAYMONDREL,EQ,,,,,RAYMOND REALTY LIMITED,470.0,475.0,462.0,472.2,472.0,466.45,,472.2,,,186231,87202992.55,4834,F1,1,,,,,
2026-04-22,2026-04-22,CM,NSE,STK,18391,INE976G01028,RBLBANK,EQ,,,,,RBL BANK LIMITED,320.1,323.75,316.55,317.65,318.2,320.4,,317.65,,,4356090,1395181022.75,39925,F1,1,,,,,
2026-04-22,2026-04-22,CM,NSE,STK,13570,INE0NA301016,RBMINFRA,SM,,,,,RBM INFRACON LIMITED,449.9,452.25,435.0,437.65,435.05,447.15,,437.65,,,26200,11606320.0,114,F1,200,,,,,
2026-04-22,2026-04-22,CM,NSE,STK,20874,INE0PEQ01016,RBZJEWEL,EQ,,,,,RBZ JEWELLERS LIMITED,143.06,145.78,143.0,144.39,145.0,143.05,,144.39,,,26322,3803101.04,643,F1,1,,,,,
2026-04-22,2026-04-22,CM,NSE,STK,15355,INE020B01018,RECLTD,EQ,,,,,REC LIMITED,380.0,386.25,379.0,383.35,383.5,383.35,,383.35,,,5284649,2028201741.6,46579,F1,1,,,,,
2026-04-22,2026-04-22,CM,NSE,STK,14255,INE891D01026,REDINGTON,EQ,,,,,REDINGTON LIMITED,227.0,228.49,225.1,225.8,226.0,227.26,,225.8,,,2962140,670016481.16,38584,F1,1,,,,,
2026-04-22,2026-04-22,CM,NSE,STK,17859,INE0LXT01019,REDTAPE,EQ,,,,,REDTAPE LIMITED,122.9,123.97,122.01,123.55,123.7,122.61,,123.55,,,178526,21966762.82,2953,F1,1,,,,,
2026-04-22,2026-04-22,CM,NSE,STK,17764,INE056I01025,REFEX,EQ,,,,,REFEX INDUSTRIES LIMITED,255.69,261.5,255.69,260.75,260.65,256.78,,260.75,,,469693,121929686.49,8398,F1,1,,,,,
2026-04-22,2026-04-22,CM,NSE,STK,23718,INE0TNX01015,REFRACTORY,SM,,,,,REFRACTORY SHAPES LIMITED,42.8,42.8,40.75,42.75,42.75,42.8,,42.75,,,26000,1071650.0,6,F1,1000,,,,,
2026-04-22,2026-04-22,CM,NSE,STK,758680,INE0MHO01029,REGAAL,EQ,,,,,REGAAL RESOURCES LIMITED,85.0,86.24,84.39,85.22,84.5,85.52,,85.25,,,245729,20972811.49,1960,F1,1,,,,,
2026-04-22,2026-04-22,CM,NSE,STK,4130,INE277C01012,REGENCERAM,EQ,,,,,REGENCY CERAMICS LTD.,44.26,45.89,44.26,44.48,44.26,44.77,,44.48,,,587,26134.69,21,F1,1,,,,,
2026-04-22,2026-04-22,CM,NSE,STK,24225,INE131B01039,RELAXO,EQ,,,,,RELAXO FOOT LTD.,306.1,314.8,304.2,311.72,310.5,306.09,,311.76,,,69848,21538512.93,5249,F1,1,,,,,
2026-04-22,2026-04-22,CM,NSE,STK,3172,INF204KC1030,GILT5YBEES,EQ,,,,,RELCAPAMC - NETFGILT5Y,64.63,64.94,64.61,64.72,64.7,64.77,,64.72,,,130664,8460367.15,427,F1,1,,,,,
2026-04-22,2026-04-22,CM,NSE,STK,3022,INF204KC1022,SDL26BEES,EQ,,,,,RELCAPAMC-NETFSDL26,137.59,137.59,137.51,137.52,137.51,137.59,,137.52,,,1611,221579.3,54,F1,1,,,,,
2026-04-22,2026-04-22,CM,NSE,STK,24378,INE375Y01018,RELIABLE,EQ,,,,,RELIABLE DATA SERVICE LTD,135.9,135.9,131.18,132.86,132.99,134.04,,132.87,,,15999,2130355.32,395,F1,1,,,,,
2026-04-22,2026-04-22,CM,NSE,STK,9652,INE750D01016,RELCHEMQ,EQ,,,,,RELIANCE CHEMOTEX IND LTD,124.95,124.95,121.06,123.39,123.12,123.52,,123.54,,,2974,366701.88,125,F1,1,,,,,
2026-04-22,2026-04-22,CM,NSE,STK,13188,INE330H01018,RCOM,BE,,,,,RELIANCE COMMUNICATIONS L,1.01,1.03,1.01,1.01,1.02,1.01,,1.01,,,2829293,2883915.95,1850,F1,1,,,,,
2026-04-22,2026-04-22,CM,NSE,STK,2912,INE046A01015,RIIL,EQ,,,,,RELIANCE INDUSTRIAL INFRA,786.0,822.5,782.05,809.45,810.0,791.55,,809.45,,,179619,145156821.55,6871,F1,1,,,,,
2026-04-22,2026-04-22,CM,NSE,STK,2885,INE002A01018,RELIANCE,EQ,,,,,RELIANCE INDUSTRIES LTD,1350.3,1366.0,1349.1,1362.1,1362.0,1353.3,,1362.1,,,9525953,12959100398.9,153909,F1,1,,,,,
2026-04-22,2026-04-22,CM,NSE,STK,15259,INE614G01033,RPOWER,EQ,,,,,RELIANCE POWER LTD.,28.4,30.5,28.33,30.25,30.25,28.35,,30.25,,,130508684,3861451999.04,118228,F1,1,,,,,
2026-04-22,2026-04-22,CM,NSE,STK,15068,INE621H01010,RELIGARE,EQ,,,,,RELIGARE ENTER. LTD.,225.2,227.68,222.85,223.83,223.0,226.54,,223.83,,,1553817,349447243.09,19689,F1,1,,,,,
2026-04-22,2026-04-22,CM,NSE,STK,3965,INE474C01023,REMSONSIND,EQ,,,,,REMSONS INDUSTRIES LTD,103.0,105.0,99.29,102.09,102.4,103.05,,102.09,,,58055,5891594.59,824,F1,1,,,,,
2026-04-22,2026-04-22,CM,NSE,STK,16154,INE0O5T01011,REMUS,SM,,,,,REMUS PHARMACEUTICALS L,624.05,650.0,624.05,639.0,635.0,638.95,,639.0,,,3300,2110540.0,31,F1,100,,,,,
2026-04-22,2026-04-22,CM,NSE,STK,15129,INE722H01024,RGL,EQ,,,,,RENAISSANCE GLOBAL LTD,105.0,105.73,102.82,104.09,103.8,104.99,,104.09,,,423961,44091596.06,3821,F1,1,,,,,
2026-04-22,2026-04-22,CM,NSE,STK,758157,INE0VZX01015,RNPL,SM,,,,,RENOL POLYCHEM LIMITED,139.0,139.3,134.0,134.0,134.0,134.55,,134.0,,,10800,1481820.0,9,F1,1200,,,,,
2026-04-22,2026-04-22,CM,NSE,STK,29598,INE612J01015,REPCOHOME,EQ,,,,,REPCO HOME FINANCE LTD,417.8,426.5,409.1,423.65,424.5,415.0,,423.65,,,299196,126118219.5,11181,F1,1,,,,,
2026-04-22,2026-04-22,CM,NSE,STK,13126,INE461B01014,REPRO,EQ,,,,,REPRO INDIA LIMITED,358.4,361.25,354.75,356.15,358.15,358.05,,356.2,,,13740,4924628.5,592,F1,1,,,,,
2026-04-22,2026-04-22,CM,NSE,STK,20323,INE688D01026,RESPONIND,EQ,,,,,RESPONSIVE INDUSTRIES LTD,152.3,155.8,151.5,153.32,152.2,153.64,,153.25,,,112680,17283381.91,1302,F1,1,,,,,
2026-04-22,2026-04-22,CM,NSE,STK,1494,INE07T201019,RBA,EQ,,,,,RESTAURANT BRAND ASIA LTD,63.17,63.96,63.17,63.82,63.9,63.48,,63.82,,,1374859,87714965.67,2728,F1,1,,,,,
2026-04-22,2026-04-22,CM,NSE,STK,25157,INE0DAB01012,RVTH,EQ,,,,,REVATHI EQUIPMENT INDIA L,663.55,663.55,616.05,621.4,622.4,609.45,,629.95,,,393,246988.4,51,F1,1,,,,,
2026-04-22,2026-04-22,CM,NSE,STK,5309,INE00D001018,REXPIPES,SM,,,,,REX PIPES AND CABLES LTD,196.0,196.0,196.0,196.0,196.0,199.65,,196.0,,,1000,196000.0,1,F1,1000,,,,,
2026-04-22,2026-04-22,CM,NSE,STK,759062,INE0KKN01029,RHETAN,EQ,,,,,RHETAN TMT LIMITED,25.5,28.0,25.5,26.33,26.39,25.48,,26.34,,,1169516,30543704.99,1895,F1,1,,,,,
2026-04-22,2026-04-22,CM,NSE,STK,31163,INE743M01012,RHIM,EQ,,,,,RHI MAGNESITA INDIA LTD,410.0,426.7,407.1,414.15,412.85,410.0,,414.15,,,317402,132612694.65,13205,F1,1,,,,,
2026-04-22,2026-04-22,CM,NSE,STK,8208,INE0J1P01015,RICHA,SM,,,,,RICHA INFO SYSTEMS LTD,57.15,62.45,57.15,62.45,62.45,63.5,,62.45,,,4000,238650.0,4,F1,1000,,,,,
2026-04-22,2026-04-22,CM,NSE,STK,2909,INE209B01025,RICOAUTO,EQ,,,,,RICO AUTO INDUSTRIES LTD,116.4,118.95,116.08,118.41,118.5,116.08,,118.41,,,1011420,118993438.22,5987,F1,1,,,,,
2026-04-22,2026-04-22,CM,NSE,STK,18417,INE0N2P01017,RISHABH,EQ,,,,,RISHABH INSTRUMENTS LTD,480.0,514.85,468.8,504.05,502.0,479.2,,504.05,,,532911,267510458.9,12288,F1,1,,,,,
2026-04-22,2026-04-22,CM,NSE,STK,8944,INE01EG01016,RITCO,EQ,,,,,RITCO LOGISTICS LIMITED,214.0,214.0,209.17,212.48,214.0,211.14,,212.5,,,51612,10955021.0,443,F1,1,,,,,
2026-04-22,2026-04-22,CM,NSE,STK,11910,INE0MRA01019,RITEZONE,SM,,,,,RITE ZONE CHEMCON IND LTD,19.3,19.3,19.3,19.3,19.3,18.4,,19.3,,,1600,30880.0,1,F1,1600,,,,,
2026-04-22,2026-04-22,CM,NSE,STK,3761,INE320J01015,RITES,EQ,,,,,RITES LIMITED,219.0,224.32,218.5,223.6,223.8,220.19,,223.6,,,592671,131546166.34,13678,F1,1,,,,,
2026-04-22,2026-04-22,CM,NSE,STK,1547,INE786W01010,RKEC,EQ,,,,,RKEC PROJECTS LIMITED,37.0,39.46,37.0,38.47,38.9,37.9,,38.47,,,48801,1866018.26,924,F1,1,,,,,
2026-04-22,2026-04-22,CM,NSE,STK,762347,INE655V01019,RMC,BE,,,,,RMC SWITCHGEARS LIMITED,521.0,522.2,500.1,521.2,519.0,497.6,,520.6,,,17365,8970981.0,345,F1,1,,,,,
2026-04-22,2026-04-22,CM,NSE,STK,24589,INE0SA001017,RNFI,SM,,,,,RNFI SERVICES LIMITED,299.6,303.0,290.4,290.4,290.4,299.55,,290.4,,,26400,7847910.0,38,F1,600,,,,,
2026-04-22,2026-04-22,CM,NSE,STK,15157,INE508K01013,RHL,EQ,,,,,ROBUST HOTELS LIMITED,186.28,198.0,186.25,190.17,188.0,187.91,,190.17,,,35233,6778137.67,231,F1,1,,,,,
2026-04-22,2026-04-22,CM,NSE,STK,20289,INE0PTR01012,ROCKINGDCE,SM,,,,,ROCKINGDEALS CIRCU ECO L,200.0,211.9,200.0,204.1,211.9,200.0,,204.1,,,4000,811362.5,9,F1,250,,,,,
2026-04-22,2026-04-22,CM,NSE,STK,5279,INE645S01024,ROLEXRINGS,EQ,,,,,ROLEX RINGS LIMITED,166.09,176.0,145.0,153.85,153.5,161.76,,153.84,,,97485943,16137669257.26,480050,F1,1,,,,,
2026-04-22,2026-04-22,CM,NSE,STK,19104,INE927A01040,ROLLT,EQ,,,,,ROLLATAINERS LIMITED,1.76,1.76,1.76,1.76,1.76,1.6,,1.76,,,562775,990484.0,151,F1,1,,,,,
2026-04-22,2026-04-22,CM,NSE,STK,19410,INE02A801020,ROSSARI,EQ,,,,,ROSSARI BIOTECH LIMITED,515.0,518.45,507.25,512.6,512.6,513.0,,512.55,,,121929,62517426.5,7180,F1,1,,,,,
2026-04-22,2026-04-22,CM,NSE,STK,28913,INE847C01020,ROSSELLIND,EQ,,,,,ROSSELL INDIA LIMITED,52.91,53.08,51.56,52.29,52.8,52.91,,52.29,,,11012,577721.05,311,F1,1,,,,,
2026-04-22,2026-04-22,CM,NSE,STK,27353,INE0OJW01016,ROSSTECH,EQ,,,,,ROSSELL TECHSYS LIMITED,932.4,952.0,912.05,942.6,934.0,939.0,,942.65,,,49326,46307585.2,3679,F1,1,,,,,
2026-04-22,2026-04-22,CM,NSE,STK,9049,INE535D01037,ROTO,EQ,,,,,ROTO PUMPS LIMITED,59.1,60.9,59.0,60.65,60.49,59.32,,60.65,,,349098,21028074.42,2454,F1,1,,,,,
2026-04-22,2026-04-22,CM,NSE,STK,128,INE450U01017,ROUTE,EQ,,,,,ROUTE MOBILE LIMITED,504.15,521.8,502.8,518.75,516.55,508.75,,518.75,,,222283,113920752.0,7566,F1,1,,,,,
2026-04-22,2026-04-22,CM,NSE,STK,20170,INE0PDJ01013,ROXHITECH,ST,,,,,ROX HI TECH LIMITED,37.95,38.55,36.15,37.1,37.1,38.0,,37.1,,,11200,421920.0,7,F1,1600,,,,,
2026-04-22,2026-04-22,CM,NSE,STK,13182,INE283H01019,ROHLTD,EQ,,,,,ROYAL ORCHID HOTELS LTD,358.25,358.25,346.75,347.65,349.0,354.4,,347.75,,,77293,27011401.95,1474,F1,1,,,,,
2026-04-22,2026-04-22,CM,NSE,STK,16725,INE105J01010,RPGLIFE,EQ,,,,,RPG LIFE SCIENCES LTD,1977.8,1999.9,1953.9,1965.2,1964.7,1998.7,,1965.7,,,5043,9958437.8,905,F1,1,,,,,
2026-04-22,2026-04-22,CM,NSE,STK,8119,INE425Y01011,RPSGVENT,EQ,,,,,RPSG VENTURES LIMITED,937.55,963.0,901.0,905.1,909.8,937.6,,905.15,,,143012,131730354.2,5700,F1,1,,,,,
2026-04-22,2026-04-22,CM,NSE,STK,2794,INE611A01016,RSWM,EQ,,,,,RSWM LIMITED,157.3,161.0,157.28,160.38,160.45,156.54,,160.37,,,24617,3924236.5,470,F1,1,,,,,
2026-04-22,2026-04-22,CM,NSE,STK,24730,INE642C01025,RUBFILA,EQ,,,,,RUBFILA INTERNATIONAL LTD,72.35,74.09,71.54,72.07,72.45,72.36,,72.07,,,41009,2989300.34,734,F1,1,,,,,
2026-04-22,2026-04-22,CM,NSE,STK,759316,INE506V01022,RUBICON,EQ,,,,,RUBICON RESEARCH LIMITED,927.8,944.3,922.15,933.95,939.0,921.35,,933.95,,,174790,163133091.35,10720,F1,1,,,,,
2026-04-22,2026-04-22,CM,NSE,STK,4566,INE413B01023,RUCHINFRA,EQ,,,,,RUCHI INFRASTRUCTURE LTD,6.3,6.31,5.76,6.18,6.24,6.21,,6.2,,,94318,577390.17,245,F1,1,,,,,
2026-04-22,2026-04-22,CM,NSE,STK,13821,INE803H01014,RUCHIRA,EQ,,,,,RUCHIRA PAPERS LIMITED,116.68,118.5,115.9,117.89,118.5,116.68,,117.89,,,47120,5526487.25,873,F1,1,,,,,
2026-04-22,2026-04-22,CM,NSE,STK,760392,INE027T01023,RUDRA,EQ,,,,,RUDRA GLOBAL INFRA PROD L,23.13,23.6,22.8,22.93,22.99,23.13,,22.97,,,97542,2257428.26,470,F1,1,,,,,
2026-04-22,2026-04-22,CM,NSE,STK,1486,INE364Z01019,REPL,BE,,,,,RUDRABHISHEK ENTERP LTD,76.6,84.0,76.6,83.72,84.0,80.21,,83.72,,,4757,387477.37,59,F1,1,,,,,
2026-04-22,2026-04-22,CM,NSE,STK,23830,INE0R7301013,RULKA,SM,,,,,RULKA ELECTRICALS LIMITED,105.1,106.0,105.05,105.45,106.0,109.0,,105.45,,,6300,663645.0,17,F1,300,,,,,
2026-04-22,2026-04-22,CM,NSE,STK,25724,INE895B01021,RUPA,EQ,,,,,RUPA & COMPANY LTD,142.0,146.6,142.0,145.11,145.8,143.2,,145.11,,,93963,13538268.66,1315,F1,1,,,,,
2026-04-22,2026-04-22,CM,NSE,STK,24595,INE573K01025,RUSHIL,EQ,,,,,RUSHIL DECOR LIMITED,17.62,17.97,17.29,17.66,17.44,17.54,,17.66,,,772793,13620951.72,1469,F1,1,,,,,
2026-04-22,2026-04-22,CM,NSE,STK,24677,INE0BSN01013,SATECH,ST,,,,,S A TECH SOFTWARE INDIA L,44.0,45.15,42.05,43.0,43.95,44.0,,43.0,,,8000,346550.0,8,F1,1000,,,,,
2026-04-22,2026-04-22,CM,NSE,STK,20698,INE807K01035,SCHAND,EQ,,,,,S CHAND AND COMPANY LTD,164.49,164.5,160.26,163.15,162.5,163.68,,163.15,,,44324,7212438.26,3594,F1,1,,,,,
2026-04-22,2026-04-22,CM,NSE,STK,25528,INE0X6F01017,SDREAMS,SM,,,,,S D RETAIL LIMITED,90.0,102.6,90.0,102.6,102.6,85.5,,102.6,,,30000,3013800.0,29,F1,1000,,,,,
2026-04-22,2026-04-22,CM,NSE,STK,11212,INE500L01026,SHK,EQ,,,,,S H KELKAR AND CO. LTD.,148.5,148.5,145.5,147.26,147.39,148.95,,147.26,,,249391,36645704.47,5002,F1,1,,,,,
2026-04-22,2026-04-22,CM,NSE,STK,20542,INE0F3301020,SJLOGISTIC,SM,,,,,S J LOGISTICS (INDIA) LTD,322.0,327.0,321.0,322.3,322.25,319.85,,322.3,,,11000,3551637.5,34,F1,250,,,,,
2026-04-22,2026-04-22,CM,NSE,STK,8733,INE902B01017,S&SPOWER,BE,,,,,S&S POWER SWITCHGEARS,378.0,397.05,365.05,397.05,397.05,378.15,,397.05,,,3686,1450128.35,102,F1,1,,,,,
2026-04-22,2026-04-22,CM,NSE,STK,18252,INE212I01016,SPAL,EQ,,,,,S. P. APPARELS LIMITED,779.0,809.0,766.35,801.3,807.75,767.15,,801.35,,,72887,57822903.25,3035,F1,1,,,,,
2026-04-22,2026-04-22,CM,NSE,STK,11634,INE658G01014,SALSTEEL,EQ,,,,,S.A.L. STEEL LTD.,55.01,56.9,54.33,56.55,56.51,55.05,,56.55,,,263056,14695132.77,1085,F1,1,,,,,
2026-04-22,2026-04-22,CM,NSE,STK,19093,INE0PSK01027,SAAKSHI,SM,,,,,SAAKSHI MEDTEC N PANELS L,204.9,204.9,201.05,203.75,204.0,201.0,,203.75,,,12000,2442990.0,15,F1,600,,,,,
2026-04-22,2026-04-22,CM,NSE,STK,759057,INE13B501022,SAATVIKGL,EQ,,,,,SAATVIK GREEN ENERGY LTD,462.8,469.75,455.8,465.25,461.0,461.85,,465.25,,,120129,55818125.35,3847,F1,1,,,,,
2026-04-22,2026-04-22,CM,NSE,STK,10985,INE0DZ101013,SABAR,ST,,,,,SABAR FLEX INDIA LIMITED,5.65,5.65,5.65,5.65,5.65,5.4,,5.65,,,5000,28250.0,1,F1,5000,,,,,
2026-04-22,2026-04-22,CM,NSE,STK,757409,INE1ARD01016,SACHEEROME,SM,,,,,SACHEEROME LIMITED,364.05,370.9,355.5,370.55,370.0,364.05,,370.55,,,21600,7852920.0,24,F1,600,,,,,
2026-04-22,2026-04-22,CM,NSE,STK,13240,INE226H01026,SADBHAV,BE,,,,,SADBHAV ENGINEERING LTD,10.8,10.8,10.59,10.8,10.8,10.8,,10.71,,,258282,2771083.62,174,F1,1,,,,,
2026-04-22,2026-04-22,CM,NSE,STK,10618,INE764L01010,SADBHIN,EQ,,,,,SADBHAV INFRA PROJ LTD.,2.96,3.08,2.91,2.93,2.97,3.06,,2.9,,,389476,1157841.61,420,F1,1,,,,,
2026-04-22,2026-04-22,CM,NSE,STK,15343,INE888C01040,SADHNANIQ,EQ,,,,,SADHANA NITROCHEM LIMITED,2.34,2.39,2.33,2.38,2.39,2.29,,2.38,,,12316788,29237179.91,2466,F1,1,,,,,
2026-04-22,2026-04-22,CM,NSE,STK,22897,INE0K5H01010,SADHAV,SM,,,,,SADHAV SHIPPING LIMITED,111.55,120.0,111.1,118.0,118.0,114.9,,118.0,,,76800,9026820.0,33,F1,600,,,,,
2026-04-22,2026-04-22,CM,NSE,STK,13035,INE429E01023,SAFARI,EQ,,,,,SAFARI IND (INDIA) LTD,1576.4,1593.4,1540.0,1545.9,1548.2,1576.4,,1545.9,,,33691,52383268.7,4197,F1,1,,,,,
2026-04-22,2026-04-22,CM,NSE,STK,757583,INE17D601016,SAFEENTP,SM,,,,,SAFE ENTER RETAIL FIX LTD,252.9,262.0,244.25,249.8,250.0,243.55,,249.8,,,47000,11897300.0,77,F1,500,,,,,
2026-04-22,2026-04-22,CM,NSE,STK,14068,INE229C01021,SAGCEM,EQ,,,,,SAGAR CEMENTS LIMITED,182.0,185.56,182.0,184.47,184.01,183.14,,184.46,,,15513,2862248.45,652,F1,1,,,,,
2026-04-22,2026-04-22,CM,NSE,STK,8175,INE976T01013,SAGARDEEP,EQ,,,,,SAGARDEEP ALLOYS LIMITED,23.55,24.7,23.55,23.9,23.94,24.0,,23.9,,,5472,133445.98,92,F1,1,,,,,
2026-04-22,2026-04-22,CM,NSE,STK,27052,INE0W2G01015,SAGILITY,EQ,,,,,SAGILITY LIMITED,42.25,42.63,41.48,41.59,41.59,42.23,,41.59,,,19288313,806858399.08,65112,F1,1,,,,,
2026-04-22,2026-04-22,CM,NSE,STK,24478,INE0P4701011,SAHAJSOLAR,SM,,,,,SAHAJ SOLAR LIMITED,151.0,154.95,146.25,154.2,153.8,152.2,,154.2,,,16000,2452300.0,38,F1,400,,,,,
2026-04-22,2026-04-22,CM,NSE,STK,16711,INE0LEX01011,SAHANA,SM,,,,,SAHANA SYSTEM LIMITED,883.45,903.95,883.45,892.85,892.1,887.9,,892.85,,,5625,5036487.5,38,F1,125,,,,,
2026-04-22,2026-04-22,CM,NSE,STK,25668,INE0RBQ01018,SAHASRA,SM,,,,,SAHASRA ELECTRONIC SOLU L,280.0,284.0,268.35,276.05,277.5,275.05,,276.05,,,34800,9581160.0,78,F1,400,,,,,
2026-04-22,2026-04-22,CM,NSE,STK,14900,INE280H01015,SAHYADRI,EQ,,,,,SAHYADRI INDUSTRIES LTD,242.51,245.15,242.5,243.52,244.0,242.95,,243.48,,,454,110471.92,24,F1,1,,,,,
2026-04-22,2026-04-22,CM,NSE,STK,27839,INE570L01029,SAILIFE,EQ,,,,,SAI LIFE SCIENCES LIMITED,959.0,1014.8,955.6,1006.0,1010.0,958.65,,1006.0,,,793658,790002819.1,34433,F1,1,,,,,
2026-04-22,2026-04-22,CM,NSE,STK,761675,INE0H9F01037,SAIPARENT,EQ,,,,,SAI PARENTERALS LIMITED,460.0,490.55,457.7,485.8,489.0,481.75,,485.85,,,190381,91897588.85,4756,F1,1,,,,,
2026-04-22,2026-04-22,CM,NSE,STK,18755,INE438K01021,KALAMANDIR,EQ,,,,,SAI SILKS (KALAMANDIR) L,100.2,104.54,100.2,103.52,104.5,100.64,,103.5,,,692083,70888925.88,5921,F1,1,,,,,
2026-04-22,2026-04-22,CM,NSE,STK,9539,INE732S01012,SAKAR,EQ,,,,,SAKAR HEALTHCARE LIMITED,615.25,626.0,606.05,620.9,625.0,615.25,,620.9,,,74398,45834639.65,2582,F1,1,,,,,
2026-04-22,2026-04-22,CM,NSE,STK,11794,INE667G01023,SAKSOFT,EQ,,,,,SAKSOFT LIMITED,144.42,148.5,144.0,146.75,145.9,146.62,,146.75,,,151136,22118952.99,3558,F1,1,,,,,
2026-04-22,2026-04-22,CM,NSE,STK,2969,INE623A01011,SAKHTISUG,EQ,,,,,SAKTHI SUGARS LTD,18.21,18.64,18.15,18.48,18.4,18.2,,18.48,,,155742,2852757.6,680,F1,1,,,,,
2026-04-22,2026-04-22,CM,NSE,STK,13255,INE190H01024,SAKUMA,BE,,,,,SAKUMA EXPORTS LIMITED,2.01,2.01,1.91,1.96,1.97,1.97,,1.96,,,790461,1549869.51,1171,F1,1,,,,,
2026-04-22,2026-04-22,CM,NSE,STK,21362,INE170V01027,SALASAR,EQ,,,,,SALASAR TECHNO ENGG. LTD.,7.46,7.52,7.35,7.46,7.47,7.45,,7.46,,,2643011,19656147.77,3664,F1,1,,,,,
2026-04-22,2026-04-22,CM,NSE,STK,17351,INE498E01010,SALONA,EQ,,,,,SALONA COTSPIN LTD.,275.05,286.8,266.1,278.4,286.5,281.3,,277.65,,,567,157398.8,84,F1,1,,,,,
2026-04-22,2026-04-22,CM,NSE,STK,11399,INE457F01013,SALZERELEC,EQ,,,,,SALZER ELECTRONICS LTD,658.7,664.65,653.05,656.75,656.0,657.5,,656.7,,,45591,30025623.05,2569,F1,1,,,,,
2026-04-22,2026-04-22,CM,NSE,STK,9829,INE699B01027,SAMBHAAV,BE,,,,,SAMBHAAV MEDIA LTD,7.44,7.44,7.1,7.12,7.12,7.38,,7.12,,,9936,71684.33,47,F1,1,,,,,
2026-04-22,2026-04-22,CM,NSE,STK,757767,INE12NJ01018,SAMBHV,EQ,,,,,SAMBHV STEEL TUBES LTD,120.0,121.9,119.0,120.67,121.0,119.92,,120.67,,,790204,95226293.21,6411,F1,1,,,,,
2026-04-22,2026-04-22,CM,NSE,STK,21096,INE0PZA01015,SAIFL,SM,,,,,SAMEERA AGRO AND INFRA L,9.8,10.0,9.6,9.85,9.9,10.0,,9.85,,,1124000,11071400.0,168,F1,4000,,,,,
2026-04-22,2026-04-22,CM,NSE,STK,18614,INE08U801020,SAMHI,EQ,,,,,SAMHI HOTELS LIMITED,165.9,166.6,163.61,165.2,165.4,164.9,,165.19,,,440388,72697017.73,7508,F1,1,,,,,
2026-04-22,2026-04-22,CM,NSE,STK,30125,INE148I01020,SAMMAANCAP,EQ,,,,,SAMMAAN CAPITAL LIMITED,148.5,149.71,145.6,146.75,147.01,148.84,,146.75,,,16038639,2359009718.12,34041,F1,1,,,,,
2026-04-22,2026-04-22,CM,NSE,STK,27303,INE735M01018,SAMPANN,EQ,,,,,SAMPANN UTPADAN INDIA LTD,30.81,32.0,30.5,30.83,30.8,30.74,,30.83,,,45719,1419899.38,331,F1,1,,,,,
2026-04-22,2026-04-22,CM,NSE,STK,4204,INE775A01035,MOTHERSON,EQ,,,,,SAMVRDHNA MTHRSN INTL LTD,124.72,132.99,124.72,131.76,131.9,124.7,,131.76,,,42968413,5589240145.0,170021,F1,1,,,,,
2026-04-22,2026-04-22,CM,NSE,STK,28805,INE0JPD01013,SANATHAN,EQ,,,,,SANATHAN TEXTILES LIMITED,422.95,435.95,415.15,432.45,435.0,419.8,,432.4,,,25282,10801415.0,941,F1,1,,,,,
2026-04-22,2026-04-22,CM,NSE,STK,14630,INE782L01012,SANCO,BZ,,,,,SANCO INDUSTRIES LIMITED,2.26,2.33,2.11,2.32,2.33,2.22,,2.32,,,24699,56683.48,35,F1,1,,,,,
2026-04-22,2026-04-22,CM,NSE,STK,2988,INE583B01015,SANDESH,EQ,,,,,SANDESH LTD,980.0,1002.35,970.0,995.25,999.9,988.15,,995.4,,,1040,1023742.2,160,F1,1,,,,,
2026-04-22,2026-04-22,CM,NSE,STK,2397,INE278H01035,SANDHAR,EQ,,,,,SANDHAR TECHNOLOGIES LTD,488.7,490.35,484.9,486.85,487.0,488.7,,486.85,,,68535,33353705.55,3361,F1,1,,,,,
2026-04-22,2026-04-22,CM,NSE,STK,18359,INE149K01016,SANDUMA,EQ,,,,,SANDUR MANG & IRON ORES L,211.0,217.0,210.51,214.0,214.24,212.12,,214.01,,,949005,203460171.68,11911,F1,1,,,,,
2026-04-22,2026-04-22,CM,NSE,STK,4184,INE495C01010,SANGAMIND,EQ,,,,,SANGAM (INDIA) LTD,505.0,548.0,503.95,538.4,538.35,501.0,,538.35,,,619334,333059234.4,11042,F1,1,,,,,
2026-04-22,2026-04-22,CM,NSE,STK,14058,INE989A01032,SANGHVIMOV,EQ,,,,,SANGHVI MOVERS LTD,305.0,324.97,304.51,316.86,315.25,306.73,,316.87,,,488402,154803959.81,10081,F1,1,,,,,
2026-04-22,2026-04-22,CM,NSE,STK,11033,INE753W01010,SANGINITA,BE,,,,,SANGINITA CHEMICALS LTD,21.07,21.07,21.07,21.07,21.07,21.5,,21.07,,,132247,2786444.29,72,F1,1,,,,,
2026-04-22,2026-04-22,CM,NSE,STK,25222,INE0UOS01011,SANOFICONR,EQ,,,,,SANOFI CONS HEALTHC IND L,4693.9,4693.9,4570.0,4580.3,4580.0,4684.5,,4580.3,,,7676,35334748.9,4426,F1,1,,,,,
2026-04-22,2026-04-22,CM,NSE,STK,1442,INE058A01010,SANOFI,EQ,,,,,SANOFI INDIA LIMITED,3545.0,3546.5,3493.3,3500.0,3500.0,3584.0,,3500.1,,,37803,132838281.2,5430,F1,1,,,,,
2026-04-22,2026-04-22,CM,NSE,STK,5751,INE953O01021,SANSERA,EQ,,,,,SANSERA ENGINEERING LTD,2351.0,2567.9,2350.1,2547.0,2539.0,2374.6,,2547.0,,,779613,1926739159.6,41904,F1,1,,,,,
2026-04-22,2026-04-22,CM,NSE,STK,24582,INE08NE01025,SANSTAR,EQ,,,,,SANSTAR LIMITED,89.5,90.26,88.35,89.96,90.0,89.16,,89.96,,,130469,11682438.39,1396,F1,1,,,,,
2026-04-22,2026-04-22,CM,NSE,STK,6718,INE806T01020,SAPPHIRE,EQ,,,,,SAPPHIRE FOODS INDIA LTD,177.99,181.8,175.64,176.58,176.85,177.22,,176.58,,,742203,132307775.46,13848,F1,1,,,,,
2026-04-22,2026-04-22,CM,NSE,STK,19863,INE0PUC01020,SARTELE,SM,,,,,SAR TELEVENTURE LIMITED,169.0,169.0,161.1,163.15,163.05,166.55,,163.15,,,115500,18851525.0,218,F1,500,,,,,
2026-04-22,2026-04-22,CM,NSE,STK,762985,INE967G01019,ZSARACOM,EQ,,,,,SARASWATI COMM (INDIA) L,10099.95,10230.05,9850.0,9910.0,9910.0,10048.75,,9910.85,,,69,695585.3,51,F1,1,,,,,
2026-04-22,2026-04-22,CM,NSE,STK,24856,INE0PQ101010,SSDL,EQ,,,,,SARASWATI SAREE DEPOT LTD,62.37,64.5,61.81,64.24,63.92,62.37,,64.24,,,18407,1165642.34,476,F1,1,,,,,
2026-04-22,2026-04-22,CM,NSE,STK,17758,INE385C01021,SARDAEN,EQ,,,,,SARDA ENERGY & MIN LTD,575.95,593.2,574.5,591.8,592.55,573.9,,591.8,,,632873,371179844.95,17773,F1,1,,,,,
2026-04-22,2026-04-22,CM,NSE,STK,4892,INE979A01025,SAREGAMA,EQ,,,,,SAREGAMA INDIA LIMITED,341.0,345.0,336.4,344.15,344.8,340.3,,344.15,,,207662,70978073.0,6111,F1,1,,,,,
2026-04-22,2026-04-22,CM,NSE,STK,14043,INE453D01025,SARLAPOLY,EQ,,,,,SARLA PERF. FIBERS LTD,94.6,99.25,94.4,98.55,99.0,94.23,,98.58,,,576527,55978898.69,4144,F1,1,,,,,
2026-04-22,2026-04-22,CM,NSE,STK,18506,INE0PCL01011,SAROJA,SM,,,,,SAROJA PHARMA INDUS IND L,34.05,34.05,34.0,34.05,34.05,32.45,,34.05,,,9600,326720.0,6,F1,1600,,,,,
2026-04-22,2026-04-22,CM,NSE,STK,6843,INE017W01010,SMLT,EQ,,,,,SARTHAK METALS LIMITED,73.2,74.47,71.05,72.79,72.3,72.84,,72.79,,,17905,1296152.61,392,F1,1,,,,,
2026-04-22,2026-04-22,CM,NSE,STK,12913,INE324X01026,SARVESHWAR,EQ,,,,,SARVESHWAR FOODS LIMITED,4.01,4.23,3.99,4.12,4.13,3.99,,4.12,,,4430314,18104633.13,3114,F1,1,,,,,
2026-04-22,2026-04-22,CM,NSE,STK,11983,INE231F01020,SASKEN,EQ,,,,,SASKEN TECHNOLOGIES LTD,1322.8,1338.9,1289.5,1299.0,1305.0,1322.8,,1298.9,,,17761,23203748.9,1337,F1,1,,,,,
2026-04-22,2026-04-22,CM,NSE,STK,20063,INE019J01013,SASTASUNDR,EQ,,,,,SASTASUNDAR VENTURES LTD,275.9,276.65,268.5,270.6,269.1,271.05,,270.6,,,18210,4936221.7,398,F1,1,,,,,
2026-04-22,2026-04-22,CM,NSE,STK,29151,INE0NB801022,SATKARTAR,SM,,,,,SAT KARTAR SHOPPING LTD,200.0,203.0,197.0,201.6,202.25,196.4,,201.6,,,28800,5760080.0,31,F1,800,,,,,
2026-04-22,2026-04-22,CM,NSE,STK,24697,INE0RFP01011,SSEGL,SM,,,,,SATHLOKHAR SYN E&C GLOB L,417.0,424.0,412.0,420.9,422.0,416.5,,420.9,,,20400,8521700.0,71,F1,200,,,,,
2026-04-22,2026-04-22,CM,NSE,STK,24504,INE0RPM01017,SATIPOLY,SM,,,,,SATI POLY PLAST LIMITED,34.0,34.0,33.2,34.0,34.0,34.0,,34.0,,,6000,203350.0,8,F1,500,,,,,
2026-04-22,2026-04-22,CM,NSE,STK,11045,INE170E01023,SATIA,EQ,,,,,SATIA INDUSTRIES LIMITED,66.2,75.05,66.2,74.45,74.05,67.08,,74.45,,,787319,57297399.19,6346,F1,1,,,,,
2026-04-22,2026-04-22,CM,NSE,STK,10453,INE836B01017,SATIN,EQ,,,,,SATIN CREDIT NET LTD,172.55,175.51,169.0,170.4,171.0,172.55,,170.4,,,158340,27226695.65,3012,F1,1,,,,,
2026-04-22,2026-04-22,CM,NSE,STK,758960,INE14DW01018,SATTVAENGG,SM,,,,,SATTVA ENGINEERING CSTN L,68.2,72.0,68.1,72.0,72.0,69.5,,72.0,,,8000,552640.0,5,F1,1600,,,,,
2026-04-22,2026-04-22,CM,NSE,STK,3018,INE626A01014,SAURASHCEM,EQ,,,,,SAURASHTRA CEMENT LIMITED,64.6,65.3,63.7,64.28,64.0,64.29,,64.31,,,92493,5963383.38,978,F1,1,,,,,
2026-04-22,2026-04-22,CM,NSE,STK,3021,INE035D01020,SOTL,EQ,,,,,SAVITA OIL TECHNOLO. LTD,374.0,375.0,365.1,368.2,365.6,369.95,,368.2,,,26517,9766835.75,1279,F1,1,,,,,
2026-04-22,2026-04-22,CM,NSE,STK,757704,INE0UCN01017,SAVY,SM,,,,,SAVY INFRA AND LOGI LTD,142.1,143.05,142.1,143.0,143.0,143.5,,143.0,,,4800,685380.0,4,F1,1200,,,,,
2026-04-22,2026-04-22,CM,NSE,STK,758444,INE10VS01016,SAWALIYA,SM,,,,,SAWALIYA FOOD PRODUCTS L,305.3,306.45,302.0,302.0,302.0,304.05,,302.0,,,10200,3107130.0,17,F1,600,,,,,
2026-04-22,2026-04-22,CM,NSE,STK,762879,INE318C01014,SAYAJIHOTL,EQ,,,,,SAYAJI HOTELS LTD.,274.95,276.0,274.95,276.0,276.0,289.0,,276.45,,,45,12417.9,8,F1,1,,,,,
2026-04-22,2026-04-22,CM,NSE,STK,6792,INE04AK01028,SBC,EQ,,,,,SBC EXPORTS LIMITED,34.09,34.2,33.16,33.37,33.38,33.95,,33.37,,,10272043,347809067.88,5094,F1,1,,,,,
2026-04-22,2026-04-22,CM,NSE,STK,18026,INE423Y01016,SBFC,EQ,,,,,SBFC FINANCE LIMITED,98.75,99.0,96.92,97.05,97.0,98.67,,97.05,,,1148077,111838937.27,9209,F1,1,,,,,
2026-04-22,2026-04-22,CM,NSE,STK,17971,INE018E01016,SBICARD,EQ,,,,,SBI CARDS & PAY SER LTD,680.0,691.35,675.5,686.2,685.5,679.75,,686.2,,,1167501,797981323.55,29267,F1,1,,,,,
2026-04-22,2026-04-22,CM,NSE,STK,21808,INE123W01016,SBILIFE,EQ,,,,,SBI LIFE INSURANCE CO LTD,1910.0,1930.6,1880.0,1884.8,1885.0,1911.6,,1884.8,,,4044590,7654931133.0,129976,F1,1,,,,,
2026-04-22,2026-04-22,CM,NSE,STK,17272,INF200KA16D8,SETFGOLD,EQ,,,,,SBI-ETF GOLD,129.14,130.3,128.4,128.87,128.95,129.14,,128.87,,,3116839,401466910.87,9876,F1,1,,,,,
2026-04-22,2026-04-22,CM,NSE,STK,10176,INF200KA1FS1,SETFNIF50,EQ,,,,,SBI-ETF NIFTY 50,262.42,262.43,260.33,260.68,260.9,262.44,,260.68,,,732194,191226096.62,6071,F1,1,,,,,
2026-04-22,2026-04-22,CM,NSE,STK,7361,INF200KA1580,SETFNIFBK,EQ,,,,,SBI-ETF NIFTY BANK,586.34,587.67,583.01,584.73,583.62,586.34,,584.7,,,20731,12140309.13,617,F1,1,,,,,
2026-04-22,2026-04-22,CM,NSE,STK,7353,INF200KA1598,SETFNN50,EQ,,,,,SBI-ETF NIFTY NEXT 50,754.8,762.79,750.35,760.72,759.0,754.8,,760.72,,,33001,25070546.29,1032,F1,1,,,,,
2026-04-22,2026-04-22,CM,NSE,STK,19705,INF200KA13Z8,LIQUIDSBI,EQ,,,,,SBIAMC - LIQUIDSBI,999.99,1000.01,999.99,1000.01,1000.01,999.99,,1000.01,,,6568,6567962.9,29,F1,1,,,,,
2026-04-22,2026-04-22,CM,NSE,STK,30290,INF200KB1712,SBIBPB,EQ,,,,,SBIAMC - SBIBPB,52.19,53.5,51.53,51.89,51.87,51.94,,52.01,,,1160198,60680962.76,1092,F1,1,,,,,
2026-04-22,2026-04-22,CM,NSE,STK,5168,INF200KA1X17,SBIETFCON,EQ,,,,,SBIAMC - SBIETFCON,120.19,120.19,118.61,118.74,119.1,119.0,,118.74,,,8992,1070224.38,96,F1,1,,,,,
2026-04-22,2026-04-22,CM,NSE,STK,740,INF200KA1S14,SBIETFIT,EQ,,,,,SBIAMC - SBIETFIT,347.97,347.97,332.16,336.38,338.35,349.88,,336.38,,,42379,14251170.48,1016,F1,1,,,,,
2026-04-22,2026-04-22,CM,NSE,STK,722,INF200KA1S22,SBIETFPB,EQ,,,,,SBIAMC - SBIETFPB,281.99,281.99,275.0,276.93,280.0,278.36,,276.93,,,22572,6253315.39,107,F1,1,,,,,
2026-04-22,2026-04-22,CM,NSE,STK,7218,INF200KA1WX6,SBIETFQLTY,EQ,,,,,SBIAMC - SBIETFQLTY,222.03,222.08,220.15,220.47,221.08,222.03,,220.47,,,1979,436862.72,67,F1,1,,,,,
2026-04-22,2026-04-22,CM,NSE,STK,758496,INF200KB1969,SBILIQETF,EQ,,,,,SBIAMC - SBILIQETF,1035.71,1035.73,1035.71,1035.71,1035.73,1035.58,,1035.71,,,148451,153752306.88,91,F1,1,,,,,
2026-04-22,2026-04-22,CM,NSE,STK,761095,INF200KB1AJ0,SBIMIDMOM,EQ,,,,,SBIAMC - SBIMIDMOM,62.74,63.22,61.71,61.98,61.71,62.18,,62.16,,,6284,390565.5,110,F1,1,,,,,
2026-04-22,2026-04-22,CM,NSE,STK,24524,INF200KB1282,SBINEQWETF,EQ,,,,,SBIAMC - SBINEQWETF,33.11,33.19,32.8,32.87,33.02,33.11,,32.87,,,54301,1788408.31,313,F1,1,,,,,
2026-04-22,2026-04-22,CM,NSE,STK,761741,INF200KB1AK8,SBINMID150,EQ,,,,,SBIAMC - SBINMID150,22.44,22.57,22.07,22.24,22.57,22.2,,22.24,,,36748,822320.26,136,F1,1,,,,,
2026-04-22,2026-04-22,CM,NSE,STK,24366,INF200KB1217,SBISILVER,EQ,,,,,SBIAMC - SBISILVER,241.0,242.82,240.57,241.58,241.34,242.86,,241.58,,,1614241,390511699.88,6657,F1,1,,,,,
2026-04-22,2026-04-22,CM,NSE,STK,17395,INF200KA1JT1,SETF10GILT,EQ,,,,,SBIAMC - SETF10GILT,259.48,259.59,257.62,258.31,258.05,258.5,,258.31,,,27377,7063362.45,129,F1,1,,,,,
2026-04-22,2026-04-22,CM,NSE,STK,762884,INE099G01011,SCANSTL,EQ,,,,,SCAN STEELS LTD.,34.0,34.9,32.75,33.85,33.9,34.05,,33.9,,,12738,424268.5,110,F1,1,,,,,
2026-04-22,2026-04-22,CM,NSE,STK,1011,INE513A01022,SCHAEFFLER,EQ,,,,,SCHAEFFLER INDIA LIMITED,4164.8,4312.9,4152.0,4288.8,4286.8,4172.9,,4288.8,,,139173,592824809.5,20890,F1,1,,,,,
2026-04-22,2026-04-22,CM,NSE,STK,31238,INE839M01018,SCHNEIDER,BE,,,,,SCHNEIDER ELECTRIC INFRA,1059.5,1111.7,1024.0,1111.7,1111.7,1058.8,,1114.6,,,232783,254161277.3,5702,F1,1,,,,,
2026-04-22,2026-04-22,CM,NSE,STK,28933,INE148I07VI8,1025SCL34Z,N1,,,,,SCL 10.25% 2034 SR XII,1010.0,1010.0,1010.0,1010.0,1010.0,981.0,,1010.0,,,25,25250.0,1,F1,1,,,,,
2026-04-22,2026-04-22,CM,NSE,STK,757466,INE148I07XK0,888SCL28,,,,,,SCL 8.88% 2028 SR V,999.99,999.99,999.99,999.99,999.99,999.99,,999.99,,,39,38999.61,4,F1,1,,,,,
2026-04-22,2026-04-22,CM,NSE,STK,757458,INE148I07YA9,9SCL27,N2,,,,,SCL 9.00% 2027 SR I,1035.0,1035.0,1035.0,1035.0,1035.0,1035.0,,1035.0,,,10,10350.0,1,F1,1,,,,,
2026-04-22,2026-04-22,CM,NSE,STK,25866,INE148I07UY7,925SCL26G,N0,,,,,SCL 9.25% 2026 II,98146.0,98146.0,98146.0,98146.0,98146.0,99646.0,,98146.0,,,1,98146.0,1,F1,1,,,,,
2026-04-22,2026-04-22,CM,NSE,STK,28921,INE148I07VH0,948SCL27R,N1,,,,,SCL 9.48% 2027 SR V,935.0,955.0,935.0,955.0,955.0,935.0,,969.5,,,500,469500.0,2,F1,1,,,,,
2026-04-22,2026-04-22,CM,NSE,STK,757499,INE148I07XF0,955SCL35,NO,,,,,SCL 9.55% 2035 SR XIII,1009.0,1009.0,1009.0,1009.0,1009.0,1000.0,,1009.0,,,156,157404.0,3,F1,1,,,,,
2026-04-22,2026-04-22,CM,NSE,STK,30230,INE148I07WP1,971SCL30,N1,,,,,SCL 9.71% SR VIII,901.2,901.2,901.2,901.2,901.2,901.2,,901.2,,,30,27036.0,1,F1,1,,,,,
2026-04-22,2026-04-22,CM,NSE,STK,757608,INE148I07WZ0,975SCL35,N0,,,,,SCL 9.75% 2035 SR II,105550.55,105550.55,105550.55,105550.55,105550.55,102000.0,,105545.95,,,1,105550.55,1,F1,1,,,,,
2026-04-22,2026-04-22,CM,NSE,STK,757478,INE090501011,SCODATUBES,EQ,,,,,SCODA TUBES LIMITED,154.99,158.47,151.19,154.99,155.15,153.05,,154.99,,,316054,48958325.29,4245,F1,1,,,,,
2026-04-22,2026-04-22,CM,NSE,STK,4789,IN1020210168,712AP37,SG,,,,,SDL AP 7.12% 2037,95.0,95.0,95.0,95.0,95.0,100.0,,95.0,,,100,9500.0,1,F1,100,,,,,
2026-04-22,2026-04-22,CM,NSE,STK,10367,IN1520220055,78GJ32A,SG,,,,,SDL GJ 7.8% 2032,99.7,99.7,99.7,99.7,99.7,96.0,,99.7,,,1800,179460.0,1,F1,100,,,,,
2026-04-22,2026-04-22,CM,NSE,STK,9873,IN1620220096,769HR27,SG,,,,,SDL HR 7.69% 2027,102.23,102.23,102.23,102.23,102.23,101.0,,102.23,,,100,10223.0,1,F1,100,,,,,
2026-04-22,2026-04-22,CM,NSE,STK,12289,IN2420220054,739ML26,SG,,,,,SDL ML 7.39% 2026,99.0,99.0,99.0,99.0,99.0,102.5,,99.0,,,700,69300.0,2,F1,100,,,,,
2026-04-22,2026-04-22,CM,NSE,STK,21542,IN4520230389,76TS43,SG,,,,,SDL TS 7.6% 2043,99.0,99.0,99.0,99.0,99.0,98.19,,99.0,,,100,9900.0,1,F1,100,,,,,
2026-04-22,2026-04-22,CM,NSE,STK,10771,IN3320220012,766UP32,SG,,,,,SDL UP 7.66% 2032,99.5,99.5,99.5,99.5,99.5,100.1,,99.5,,,200,19900.0,1,F1,100,,,,,
2026-04-22,2026-04-22,CM,NSE,STK,20643,INE027E07972,935LTF29,N5,,,,,SE RE NCD 9.35% SR.V OP2,1278.9,1278.9,1085.0,1085.0,1085.0,1078.0,,1085.0,,,29,31852.8,3,F1,1,,,,,
2026-04-22,2026-04-22,CM,NSE,STK,2616,INE497B01018,SEAMECLTD,EQ,,,,,SEAMEC LIMITED,1525.2,1558.0,1432.0,1517.4,1524.0,1519.1,,1517.3,,,63420,96335846.8,5958,F1,1,,,,,
2026-04-22,2026-04-22,CM,NSE,STK,17034,INE530B07351,IIFLZC26B,NY,,,,,SEC RE NCD 0% SR.IV,1259.0,1259.0,1259.0,1259.0,1259.0,1240.45,,1259.0,,,16,20144.0,1,F1,1,,,,,
2026-04-22,2026-04-22,CM,NSE,STK,7666,INE477L07AP4,IIFLHFZC27,NB,,,,,SEC RE NCD 0% SR.V,1383.01,1383.01,1383.01,1383.01,1383.01,1383.0,,1383.01,,,25,34575.25,1,F1,1,,,,,
2026-04-22,2026-04-22,CM,NSE,STK,17043,INE530B07369,IIFLZC28B,Y1,,,,,SEC RE NCD 0% SR.VII,1228.61,1228.61,1228.61,1228.61,1228.61,1228.3,,1228.61,,,100,122861.0,1,F1,1,,,,,
2026-04-22,2026-04-22,CM,NSE,STK,12465,INE741K07496,10CAGL27,N5,,,,,SEC RE NCD 10% SR. V,1015.11,1015.11,1015.11,1015.11,1015.11,1030.0,,1015.11,,,68,69027.48,1,F1,1,,,,,
2026-04-22,2026-04-22,CM,NSE,STK,20779,INE413U07269,1003ISFL28,N4,,,,,SEC RE NCD 10.03% SR 5,1001.5,1006.0,1001.5,1006.0,1006.0,1001.01,,1004.0,,,530,530930.0,2,F1,1,,,,,
2026-04-22,2026-04-22,CM,NSE,STK,15253,INE244L07523,890SFIL23A,NZ,,,,,SEC RE NCD 10.03% SR.VIII,600.0,600.0,416.0,416.0,416.0,500.0,,416.0,,,61,33840.0,2,F1,1,,,,,
2026-04-22,2026-04-22,CM,NSE,STK,17542,INE148I07OW4,1015SCL28B,AZ,,,,,SEC RE NCD 10.15% SR VII,700.0,700.0,700.0,700.0,700.0,830.0,,700.0,,,1,700.0,1,F1,1,,,,,
2026-04-22,2026-04-22,CM,NSE,STK,21056,INE148I07RZ0,835SCL23B,YM,,,,,SEC RE NCD 10.25% SR XII,1005.0,1005.0,990.0,1000.0,1000.0,900.0,,1000.0,,,442,442980.0,9,F1,1,,,,,
2026-04-22,2026-04-22,CM,NSE,STK,25916,INE583D07513,1040UCL27B,N1,,,,,SEC RE NCD 10.40% SR III,1001.9,1003.57,1001.9,1003.57,1003.57,1003.57,,1003.57,,,25,25064.2,2,F1,1,,,,,
2026-04-22,2026-04-22,CM,NSE,STK,22841,INE583D07463,105UCL2026,NB,,,,,SEC RE NCD 10.5% SR IV,1000.0,1000.0,1000.0,1000.0,1000.0,1003.99,,1000.0,,,96,96000.0,6,F1,1,,,,,
2026-04-22,2026-04-22,CM,NSE,STK,20784,INE413U07251,1050ISFL28,N5,,,,,SEC RE NCD 10.50% SR 6,1030.0,1030.0,1030.0,1030.0,1030.0,1030.0,,1018.78,,,28,28840.0,2,F1,1,,,,,
2026-04-22,2026-04-22,CM,NSE,STK,17349,INE342T07387,1050NFL26,N7,,,,,SEC RE NCD 10.50% SR.IV,1000.0,1005.0,1000.0,1000.01,1000.01,1000.02,,1000.01,,,73,73025.6,5,F1,1,,,,,
2026-04-22,2026-04-22,CM,NSE,STK,23123,INE342T07460,1065NFL27,NC,,,,,SEC RE NCD 10.65% SR.IV,1007.1,1007.1,1007.0,1007.0,1007.0,1010.0,,1006.5,,,4,4028.3,2,F1,1,,,,,
2026-04-22,2026-04-22,CM,NSE,STK,22843,INE583D07455,11UCL26,NC,,,,,SEC RE NCD 11% SR V,1015.0,1015.0,1010.0,1010.0,1010.0,1010.0,,1013.44,,,5,5060.0,3,F1,1,,,,,
2026-04-22,2026-04-22,CM,NSE,STK,11658,INE0H7R07017,79NHIT35,N1,,,,,SEC RE NCD 7.90% STRPP A,307.0,311.0,306.55,310.08,310.0,310.1,,310.08,,,1453,450434.53,8,F1,1,,,,,
2026-04-22,2026-04-22,CM,NSE,STK,11665,INE0H7R07025,79NHIT40,N2,,,,,SEC RE NCD 7.90% STRPP B,314.0,314.0,311.1,311.36,311.1,343.54,,311.36,,,299,93443.9,4,F1,1,,,,,
2026-04-22,2026-04-22,CM,NSE,STK,11669,INE0H7R07033,79NHIT47,N3,,,,,SEC RE NCD 7.90% STRPP C,410.0,411.51,410.0,411.51,411.51,414.99,,411.5,,,79,32494.19,2,F1,1,,,,,
2026-04-22,2026-04-22,CM,NSE,STK,7648,INE477L07AN9,820IIFL27,N9,,,,,SEC RE NCD 8.20% SR.III,990.0,990.0,990.0,990.0,990.0,990.0,,990.0,,,101,99990.0,1,F1,1,,,,,
2026-04-22,2026-04-22,CM,NSE,STK,3464,INE219X07264,82IGT31,NJ,,,,,SEC RE NCD 8.20% SR.V,1020.0,1020.0,1015.0,1015.0,1015.0,1020.0,,1017.5,,,71,72310.0,6,F1,1,,,,,
2026-04-22,2026-04-22,CM,NSE,STK,7668,INE477L07AQ2,843IHFL29,NC,,,,,SEC RE NCD 8.43% SR.VI,972.0,972.0,972.0,972.0,972.0,980.0,,972.0,,,1033,1004076.0,17,F1,1,,,,,
2026-04-22,2026-04-22,CM,NSE,STK,28856,INE477L07BB2,865IHFL27,N1,,,,,SEC RE NCD 8.65% SR III,955.0,955.0,955.0,955.0,955.0,900.0,,955.0,,,200,191000.0,3,F1,1,,,,,
2026-04-22,2026-04-22,CM,NSE,STK,5151,INE516Y07410,875PCHFL26,N8,,,,,SEC RE NCD 8.75% SR.IV,1061.5,1062.0,1061.5,1062.0,1062.0,1050.0,,1062.0,,,110,116770.0,2,F1,1,,,,,
2026-04-22,2026-04-22,CM,NSE,STK,28852,INE477L07AZ3,885IHL26,N1,,,,,SEC RE NCD 8.85% SR I,1011.01,1011.01,1011.01,1011.01,1011.01,1009.8,,1011.01,,,10,10110.1,1,F1,1,,,,,
2026-04-22,2026-04-22,CM,NSE,STK,7777,INE148I07LE8,889SCFL27,YC,,,,,SEC RE NCD 8.89% SR.VIII,983.5,983.5,983.5,983.5,983.5,983.5,,983.5,,,400,393400.0,4,F1,1,,,,,
2026-04-22,2026-04-22,CM,NSE,STK,5160,INE516Y07428,9PCHFL31A,,,,,,SEC RE NCD 9% SR.V,1078.0,1079.0,1076.0,1077.96,1079.0,1078.16,,1077.19,,,752,811127.0,11,F1,1,,,,,
2026-04-22,2026-04-22,CM,NSE,STK,25277,INE423A07351,925AEL26,N1,,,,,SEC RE NCD 9.25% SR I,1045.0,1045.2,1045.0,1045.16,1045.0,1059.55,,1045.17,,,525,548663.0,5,F1,1,,,,,
2026-04-22,2026-04-22,CM,NSE,STK,24137,INE413U07327,957IIFLS27,,,,,,SEC RE NCD 9.57% SR III,997.0,997.0,997.0,997.0,997.0,997.0,,997.0,,,2,1994.0,1,F1,1,,,,,
2026-04-22,2026-04-22,CM,NSE,STK,23928,INE148I07TE1,965SCL26A,ZB,,,,,SEC RE NCD 9.65% SR I,1085.0,1085.0,1085.0,1085.0,1085.0,1091.0,,1085.0,,,3,3255.0,2,F1,1,,,,,
2026-04-22,2026-04-22,CM,NSE,STK,25534,INE148I07US9,965SCL26F,N1,,,,,SEC RE NCD 9.65% SR I,1043.7,1043.7,1043.0,1043.0,1043.0,1043.8,,1043.0,,,409,426588.4,5,F1,1,,,,,
2026-04-22,2026-04-22,CM,NSE,STK,25287,INE423A07328,965AEL27,N4,,,,,SEC RE NCD 9.65% SR IV,1060.0,1066.99,1060.0,1063.01,1064.0,1065.0,,1062.76,,,537,570635.3,13,F1,1,,,,,
2026-04-22,2026-04-22,CM,NSE,STK,23712,INE338I07123,97MOFSL34,N7,,,,,SEC RE NCD 9.70% SR VIII,1200.0,1200.0,1130.0,1130.0,1130.0,1150.0,,1130.0,,,447,535700.0,3,F1,1,,,,,
2026-04-22,2026-04-22,CM,NSE,STK,25562,INE148I07UN0,971SCL29B,N1,,,,,SEC RE NCD 9.71% SR VIII,965.06,965.06,965.06,965.06,965.06,965.0,,965.06,,,20,19301.2,1,F1,1,,,,,
2026-04-22,2026-04-22,CM,NSE,STK,14718,INE148I07NV8,971SCL28,AN,,,,,SEC RE NCD 9.71% SR.VIII,502.0,502.0,502.0,502.0,502.0,502.0,,502.0,,,1,502.0,1,F1,1,,,,,
2026-04-22,2026-04-22,CM,NSE,STK,23944,INE148I07TF8,99SCL27,ZH,,,,,SEC RE NCD 9.9% SR IV,1082.2,1082.2,1082.2,1082.2,1082.2,1060.2,,1082.2,,,40,43288.0,1,F1,1,,,,,
2026-04-22,2026-04-22,CM,NSE,STK,19760,INE148I07PY7,990SCL26,N7,,,,,SEC RE NCD 9.90% SR IV,375.0,375.0,375.0,375.0,375.0,398.24,,356.0,,,1,375.0,1,F1,1,,,,,
2026-04-22,2026-04-22,CM,NSE,STK,25296,INE423A07344,99AEL29,N7,,,,,SEC RE NCD 9.90% SR VII,1090.0,1090.0,1090.0,1090.0,1090.0,1099.0,,1090.0,,,100,109000.0,6,F1,1,,,,,
2026-04-22,2026-04-22,CM,NSE,STK,22558,INE121A07RU5,CIF29,NO,,,,,SEC RE NCD SR 6,1111.0,1185.0,1111.0,1175.0,1175.0,1111.0,,1175.0,,,425,489725.0,8,F1,1,,,,,
2026-04-22,2026-04-22,CM,NSE,STK,28854,INE477L07BA4,IHFL261224,N1,,,,,SEC RE NCD SR II,1110.8,1110.8,1110.8,1110.8,1110.8,1090.2,,1110.8,,,70,77756.0,1,F1,1,,,,,
2026-04-22,2026-04-22,CM,NSE,STK,25544,INE148I07UG4,SCL25924A,N1,,,,,SEC RE NCD SR III,1144.9,1144.9,1144.9,1144.9,1144.9,1133.0,,1144.9,,,4,4579.6,1,F1,1,,,,,
2026-04-22,2026-04-22,CM,NSE,STK,23950,INE148I07TM4,SCL310524A,ZK,,,,,SEC RE NCD SR VI,1192.0,1192.0,1192.0,1192.0,1192.0,1192.0,,1192.0,,,1685,2008520.0,2,F1,1,,,,,
2026-04-22,2026-04-22,CM,NSE,STK,20088,INE148I07QO6,SCLZC26E,NP,,,,,SEC RE NCD SR VI,1236.5,1236.5,1236.5,1236.5,1236.5,1242.68,,1236.5,,,2,2473.0,1,F1,1,,,,,
2026-04-22,2026-04-22,CM,NSE,STK,17866,INE530L07228,10NIDO26,N6,,,,,SEC RED NCD 10% SR. VI,1067.5,1067.51,1067.5,1067.5,1067.5,1066.7,,1067.5,,,53,56577.55,3,F1,1,,,,,
2026-04-22,2026-04-22,CM,NSE,STK,7975,INE804IA7014,1015ECL29,NR,,,,,SEC RED NCD 10.15% SR. VI,1018.0,1018.0,1016.0,1016.0,1016.0,1015.0,,1016.0,,,200,203400.0,3,F1,1,,,,,
2026-04-22,2026-04-22,CM,NSE,STK,7986,INE804IA7022,1060ECL29,NS,,,,,SEC RED NCD 10.6% SR. VII,1030.3,1030.3,1030.3,1030.3,1030.3,1030.3,,1030.3,,,15,15454.5,1,F1,1,,,,,
2026-04-22,2026-04-22,CM,NSE,STK,9982,INE511C07714,85PFL26A,N7,,,,,SEC RED NCD 10.75% SR.VII,1090.0,1090.0,1090.0,1090.0,1090.0,1090.0,,1090.0,,,40,43600.0,1,F1,1,,,,,
2026-04-22,2026-04-22,CM,NSE,STK,16870,INE033L07GS6,81TCHF28,N8,,,,,SEC RED NCD 8.10% SR.IV,1050.0,1050.0,1007.0,1007.0,1007.0,1007.03,,1007.0,,,32,33514.0,4,F1,1,,,,,
2026-04-22,2026-04-22,CM,NSE,STK,16874,INE033L07GU2,84TCHF28,,,,,,SEC RED NCD 8.40% SR.V,1027.22,1037.0,1027.22,1037.0,1037.0,1028.0,,1037.0,,,386,400223.32,5,F1,1,,,,,
2026-04-22,2026-04-22,CM,NSE,STK,18628,INE148I07GL3,9SCL26BA,,,,,,SEC RED NCD 9.0% SR. VI,1047.0,1047.0,1046.5,1046.92,1047.0,1044.0,,1046.91,,,10957,11471229.0,10,F1,1,,,,,
2026-04-22,2026-04-22,CM,NSE,STK,498,INE721A07NU1,903SFL28,YI,,,,,SEC RED NCD 9.03% SR. II,1051.0,1051.0,1049.9,1049.9,1049.9,1050.0,,1049.9,,,355,373102.8,5,F1,1,,,,,
2026-04-22,2026-04-22,CM,NSE,STK,6149,INE721A07OC7,930SFL28,YP,,,,,SEC RED NCD 9.30% SR. II,1053.0,1053.0,1053.0,1053.0,1053.0,1034.0,,1053.0,,,7,7371.0,2,F1,1,,,,,
2026-04-22,2026-04-22,CM,NSE,STK,12919,INE721A07PA8,931SFL26,Z5,,,,,SEC RED NCD 9.31% SR.III,1021.0,1021.0,1021.0,1021.0,1021.0,1018.0,,1021.0,,,29,29609.0,1,F1,1,,,,,
2026-04-22,2026-04-22,CM,NSE,STK,1001,INE721A07NX5,94SFL28,YL,,,,,SEC RED NCD 9.40% SR. V,1106.0,1106.0,1106.0,1106.0,1106.0,1104.6,,1108.0,,,78,86268.0,3,F1,1,,,,,
2026-04-22,2026-04-22,CM,NSE,STK,4288,INE804I078Y8,943ECL28,NJ,,,,,SEC RED NCD 9.43% SR. VI,996.0,996.0,995.0,995.0,995.0,993.15,,998.0,,,250,248800.0,3,F1,1,,,,,
2026-04-22,2026-04-22,CM,NSE,STK,12933,INE721A07PE0,97SFL26,Z9,,,,,SEC RED NCD 9.7% SR.VII,1060.0,1060.0,1060.0,1060.0,1060.0,1065.0,,1060.0,,,200,212000.0,4,F1,1,,,,,
2026-04-22,2026-04-22,CM,NSE,STK,6168,INE721A07OF0,97SFL28,YS,,,,,SEC RED NCD 9.70% SR. V,1097.0,1097.0,1097.0,1097.0,1097.0,1098.0,,1097.0,,,48,52656.0,1,F1,1,,,,,
2026-04-22,2026-04-22,CM,NSE,STK,12941,INE721A07PH3,SFLZC26A,ZC,,,,,SEC RED NCD SR.X,1846.1,1846.1,1846.0,1846.0,1846.0,1846.0,,1846.0,,,21,38766.1,2,F1,1,,,,,
2026-04-22,2026-04-22,CM,NSE,STK,19498,INE0BTM01013,SECMARK,BE,,,,,SECMARK CONSULTANCY LTD,117.6,124.6,117.12,122.98,123.0,121.45,,121.57,,,1729,206404.59,38,F1,1,,,,,
2026-04-22,2026-04-22,CM,NSE,STK,11062,INE650K01021,SECURKLOUD,BE,,,,,SECUREKLOUD TECH LIMITED,23.92,24.9,23.5,23.61,24.29,24.04,,23.61,,,6694,159187.33,55,F1,1,,,,,
2026-04-22,2026-04-22,CM,NSE,STK,761153,INE00XB01019,SEDEMAC,EQ,,,,,SEDEMAC MECHATRONICS LTD,1649.8,1708.0,1632.0,1696.8,1694.2,1639.3,,1696.8,,,130010,217300951.3,13802,F1,1,,,,,
2026-04-22,2026-04-22,CM,NSE,STK,7091,INE955I01044,SEJALLTD,EQ,,,,,SEJAL GLASS LIMITED,684.0,695.4,665.0,695.4,695.4,662.3,,695.4,,,39112,26860128.75,1332,F1,1,,,,,
2026-04-22,2026-04-22,CM,NSE,STK,6262,INE105I01020,SELMC,EQ,,,,,SEL MANUFACTURING CO LTD,32.73,34.87,32.73,33.82,33.7,33.4,,33.56,,,6328,214440.88,107,F1,1,,,,,
2026-04-22,2026-04-22,CM,NSE,STK,11961,INE617A01013,SEMAC,EQ,,,,,SEMAC CONSTRUCTION LTD,282.56,294.4,280.1,284.38,286.01,292.68,,284.38,,,815,234646.09,126,F1,1,,,,,
2026-04-22,2026-04-22,CM,NSE,STK,17271,INE602W01027,SENCO,EQ,,,,,SENCO GOLD LIMITED,331.05,334.2,328.0,329.9,329.95,332.85,,329.9,,,509521,168340148.85,15909,F1,1,,,,,
2026-04-22,2026-04-22,CM,NSE,STK,28888,INE0RB801010,SENORES,EQ,,,,,SENORES PHARMACEUTICALS L,899.0,908.95,870.4,882.5,881.0,895.7,,882.5,,,448479,398110630.9,14595,F1,1,,,,,
2026-04-22,2026-04-22,CM,NSE,STK,15308,INE964H01014,SEPC,EQ,,,,,SEPC LIMITED,7.38,7.55,7.37,7.5,7.53,7.42,,7.5,,,9496555,70761096.56,5251,F1,1,,,,,
2026-04-22,2026-04-22,CM,NSE,STK,20713,INE027E07BB0,85LTF26,NM,,,,,SERENCD 8.50% SR.VI OP11,999.0,1019.0,999.0,1019.0,1019.0,999.0,,1019.0,,,10,10090.0,2,F1,1,,,,,
2026-04-22,2026-04-22,CM,NSE,STK,20715,INE027E07BC8,865LTF26,NN,,,,,SERENCD 8.65% SR.VI OP12,1026.1,1026.1,1026.1,1026.1,1026.1,1025.3,,1026.1,,,12,12313.2,2,F1,1,,,,,
2026-04-22,2026-04-22,CM,NSE,STK,20691,INE027E07AN7,87LTF27,NH,,,,,SERENCD 8.70% SR.VII OPII,1015.0,1015.0,1015.0,1015.0,1015.0,1012.14,,1015.0,,,10,10150.0,1,F1,1,,,,,
2026-04-22,2026-04-22,CM,NSE,STK,20655,INE027E07998,898LTF29,N7,,,,,SERENCD 8.98% SR.VI OP2,1068.8,1068.8,1056.0,1056.02,1056.0,1060.0,,1056.06,,,48,50757.5,6,F1,1,,,,,
2026-04-22,2026-04-22,CM,NSE,STK,20687,INE027E07AL1,905LTF27,NF,,,,,SERENCD 9.05% SR.VI OPII,1025.0,1025.0,1015.0,1015.0,1015.0,1018.0,,1015.0,,,265,269005.0,8,F1,1,,,,,
2026-04-22,2026-04-22,CM,NSE,STK,4942,INE244L07184,92SFIL28,ND,,,,,SERENCD9.20%SRVIICIII&IV,1027.09,1027.09,1027.09,1027.09,1027.09,1025.85,,1027.09,,,12,12325.08,1,F1,1,,,,,
2026-04-22,2026-04-22,CM,NSE,STK,17416,INE0P1Q01015,SERVICE,ST,,,,,SERVICE CARE LIMITED,56.0,56.0,54.5,54.5,54.5,56.7,,54.5,,,12000,659100.0,6,F1,2000,,,,,
2026-04-22,2026-04-22,CM,NSE,STK,5507,INE782X01033,SERVOTECH,EQ,,,,,SERVOTECH REN POW SYS LTD,82.96,85.4,82.26,82.52,82.6,82.96,,82.52,,,1084809,90480135.89,6480,F1,1,,,,,
2026-04-22,2026-04-22,CM,NSE,STK,759934,INE04VU01023,STYL,EQ,,,,,SESHAASAI TECHNOLOGIES L,251.15,263.38,247.62,255.19,254.76,251.15,,255.18,,,199346,51128058.48,4629,F1,1,,,,,
2026-04-22,2026-04-22,CM,NSE,STK,3066,INE630A01024,SESHAPAPER,EQ,,,,,SESHASAYEE PAPER & BOARDS,267.96,280.52,263.0,275.27,280.0,264.69,,275.2,,,26275,7139711.05,865,F1,1,,,,,
2026-04-22,2026-04-22,CM,NSE,STK,17518,INE878E01021,SETCO,BE,,,,,SETCO AUTOMOTIVE LTD,24.15,25.0,23.52,24.58,24.75,24.42,,24.58,,,151583,3691595.95,288,F1,1,,,,,
2026-04-22,2026-04-22,CM,NSE,STK,18024,INE023M01027,SETUINFRA,BZ,,,,,SETUBANDHAN INFRA LTD,0.6,0.6,0.59,0.6,0.6,0.58,,0.6,,,56629,33961.19,77,F1,1,,,,,
2026-04-22,2026-04-22,CM,NSE,STK,10836,INE573R01012,SEYAIND,BE,,,,,SEYA INDUSTRIES LIMITED,12.36,12.36,12.36,12.36,12.36,12.12,,12.75,,,37,457.32,4,F1,1,,,,,
2026-04-22,2026-04-22,CM,NSE,STK,758853,INE618R01015,SGFIN,EQ,,,,,SG FINSERVE LIMITED,545.0,548.85,531.1,533.25,534.9,541.4,,533.25,,,351362,188879800.35,10866,F1,1,,,,,
2026-04-22,2026-04-22,CM,NSE,STK,758889,INE385F01024,SGMART,EQ,,,,,SG MART LIMITED,550.75,561.0,542.3,543.9,543.0,548.6,,543.9,,,768105,421281626.35,13481,F1,1,,,,,
2026-04-22,2026-04-22,CM,NSE,STK,761469,INE12UN01015,SHADOWFAX,EQ,,,,,SHADOWFAX TECHNOLOGIES L,153.0,161.0,152.94,158.7,158.0,154.47,,158.71,,,2087793,332029436.95,21004,F1,1,,,,,
2026-04-22,2026-04-22,CM,NSE,STK,11856,INE640C01011,SHAHALLOYS,EQ,,,,,SHAH ALLOYS LIMITED,74.0,74.0,68.51,68.95,69.5,70.44,,68.89,,,10159,717531.65,118,F1,1,,,,,
2026-04-22,2026-04-22,CM,NSE,STK,20296,INE482J01021,SHAH,EQ,,,,,SHAH METACORP LIMITED,5.29,5.46,5.19,5.3,5.28,5.14,,5.3,,,2343256,12483071.54,1752,F1,1,,,,,
2026-04-22,2026-04-22,CM,NSE,STK,8727,INE151G01028,SHAILY,EQ,,,,,SHAILY ENG PLASTICS LTD,1854.2,1976.0,1844.1,1938.9,1934.9,1840.6,,1938.6,,,529379,1025496467.6,33781,F1,1,,,,,
2026-04-22,2026-04-22,CM,NSE,STK,25574,INE908D01010,SHAKTIPUMP,EQ,,,,,SHAKTI PUMPS (I) LTD,561.7,572.25,561.55,564.25,566.0,560.5,,564.2,,,1102437,623997610.4,32590,F1,1,,,,,
2026-04-22,2026-04-22,CM,NSE,STK,714,INE597J01018,SHALBY,EQ,,,,,SHALBY LIMITED,160.45,162.85,158.51,162.07,161.95,159.45,,162.07,,,55971,9018874.93,1168,F1,1,,,,,
2026-04-22,2026-04-22,CM,NSE,STK,761688,INE861D01011,SAHLIBHFI,EQ,,,,,SHALIBHADRA FINANCE LTD,81.55,82.5,81.0,82.15,82.1,81.55,,82.15,,,6710,551077.86,82,F1,1,,,,,
2026-04-22,2026-04-22,CM,NSE,STK,15342,INE849C01026,SHALPAINTS,EQ,,,,,SHALIM PAINTS LTD,54.5,54.5,52.1,52.21,52.24,54.07,,52.21,,,59698,3160525.11,644,F1,1,,,,,
2026-04-22,2026-04-22,CM,NSE,STK,25737,INE01NE01012,SRD,EQ,,,,,SHANKAR LAL RAMPAL LTD,46.0,46.0,44.02,44.46,44.9,44.98,,44.48,,,27092,1208378.84,285,F1,1,,,,,
2026-04-22,2026-04-22,CM,NSE,STK,20337,INE274V01019,SHANKARA,BE,,,,,SHANKARA BLDG PRODUCT LTD,119.64,123.0,119.06,121.54,122.9,119.92,,121.54,,,11851,1440678.3,212,F1,1,,,,,
2026-04-22,2026-04-22,CM,NSE,STK,760594,INE24OJ01011,BUILDPRO,EQ,,,,,SHANKARA BUILDPRO LIMITED,1200.0,1208.55,1170.6,1179.55,1178.0,1192.2,,1179.55,,,33004,39189353.55,1620,F1,1,,,,,
2026-04-22,2026-04-22,CM,NSE,STK,19752,INE0Q9Q01017,SHANTHALA,SM,,,,,SHANTHALA FMCG PRODUCTS L,25.25,26.35,25.2,26.05,26.05,26.35,,26.05,,,13200,341820.0,9,F1,1200,,,,,
2026-04-22,2026-04-22,CM,NSE,STK,3078,INE631A01022,SHANTIGEAR,EQ,,,,,SHANTHI GEARS LTD,468.7,475.0,468.55,473.95,473.9,469.5,,473.95,,,8030,3789520.8,429,F1,1,,,,,
2026-04-22,2026-04-22,CM,NSE,STK,762889,INE440T01028,SEIL,EQ,,,,,SHANTI EDU INITIATIVES L,181.0,183.9,177.3,182.75,183.9,181.0,,182.95,,,157154,28583056.95,1167,F1,1,,,,,
2026-04-22,2026-04-22,CM,NSE,STK,758002,INE06ZD01017,SHANTIGOLD,EQ,,,,,SHANTI GOLD INTERNATION L,208.08,208.74,200.22,202.6,203.1,208.08,,202.6,,,284776,58176265.76,3063,F1,1,,,,,
2026-04-22,2026-04-22,CM,NSE,STK,5650,INE933X01016,SHANTI,EQ,,,,,SHANTI OVERSEAS INDIA LTD,7.75,7.75,7.2,7.34,7.21,7.33,,7.34,,,28249,206843.71,85,F1,1,,,,,
2026-04-22,2026-04-22,CM,NSE,STK,762904,INE220Z01013,SHINDL,EQ,,,,,SHARAT INDUSTRIES LTD.,149.95,150.0,146.2,147.45,147.25,148.0,,147.45,,,85917,12722989.8,538,F1,1,,,,,
2026-04-22,2026-04-22,CM,NSE,STK,4992,INE221J01015,SHARDACROP,EQ,,,,,SHARDA CROPCHEM LTD.,1116.05,1175.0,1108.1,1158.8,1158.4,1107.9,,1158.75,,,530096,611080767.05,33586,F1,1,,,,,
2026-04-22,2026-04-22,CM,NSE,STK,10530,INE597I01028,SHARDAMOTR,EQ,,,,,SHARDA MOTOR INDS LTD,872.0,885.0,864.7,880.2,884.0,864.7,,880.2,,,30134,26382451.55,2120,F1,1,,,,,
2026-04-22,2026-04-22,CM,NSE,STK,762894,INE037B01020,SHARDUL,EQ,,,,,SHARDUL SECURITIES LTD.,29.4,29.4,27.0,28.9,29.0,27.0,,28.9,,,3105,87329.5,78,F1,1,,,,,
2026-04-22,2026-04-22,CM,NSE,STK,104,INE932X01026,SHAREINDIA,EQ,,,,,SHARE IND. SECURITIES LTD,147.52,152.74,145.43,150.67,150.32,146.59,,150.67,,,614971,92261441.18,5490,F1,1,,,,,
2026-04-22,2026-04-22,CM,NSE,STK,19469,INE460Q01014,SCML,SM,,,,,SHARP CHUCKS N MACHINES L,139.05,140.0,139.0,140.0,140.0,139.0,,140.0,,,8000,1116100.0,8,F1,1000,,,,,
2026-04-22,2026-04-22,CM,NSE,STK,759407,INE0YJV01017,SHEEL,SM,,,,,SHEEL BIOTECH LIMITED,45.95,46.3,45.95,46.0,46.0,44.1,,46.0,,,18000,829000.0,8,F1,2000,,,,,
2026-04-22,2026-04-22,CM,NSE,STK,19184,INE916U01025,SFL,EQ,,,,,SHEELA FOAM LIMITED,549.65,569.55,540.75,564.5,565.1,544.2,,564.5,,,141284,78825139.8,11406,F1,1,,,,,
2026-04-22,2026-04-22,CM,NSE,STK,12081,INE501Y01019,SCPL,BE,,,,,SHEETAL COOL PRODUCTS LTD,306.9,306.9,300.0,305.1,305.0,307.0,,305.2,,,1975,596111.25,61,F1,1,,,,,
2026-04-22,2026-04-22,CM,NSE,STK,20415,INE04VX01019,SHEETAL,SM,,,,,SHEETAL UNIVERSAL LIMITED,251.0,252.25,250.0,251.75,250.0,253.0,,251.75,,,20000,5033500.0,13,F1,1000,,,,,
2026-04-22,2026-04-22,CM,NSE,STK,21095,INE268L01046,SHEKHAWATI,EQ,,,,,SHEKHAWATI INDUSTRIES LTD,13.85,13.98,13.1,13.3,13.69,13.57,,13.32,,,20286,277815.82,142,F1,1,,,,,
2026-04-22,2026-04-22,CM,NSE,STK,5068,INE363M01019,SHEMAROO,EQ,,,,,SHEMAROO ENTER. LTD.,103.89,105.6,103.0,105.05,103.7,103.88,,104.97,,,6383,665299.4,233,F1,1,,,,,
2026-04-22,2026-04-22,CM,NSE,STK,14172,INE0MM001019,SHERA,SM,,,,,SHERA ENERGY LIMITED,139.45,140.0,139.4,139.8,139.8,139.45,,139.8,,,8000,1117600.0,8,F1,1000,,,,,
2026-04-22,2026-04-22,CM,NSE,STK,8398,INE03KJ01013,SHIGAN,ST,,,,,SHIGAN QUANTUM TECH LTD,63.2,69.8,63.2,69.8,69.8,66.5,,69.8,,,39000,2642775.0,16,F1,1500,,,,,
2026-04-22,2026-04-22,CM,NSE,STK,759847,INE024F01011,SHILCTECH,EQ,,,,,SHILCHAR TECHNOLOGIES LTD,4958.8,5249.9,4951.0,5142.9,5163.5,4966.8,,5144.7,,,51700,264174175.9,11699,F1,1,,,,,
2026-04-22,2026-04-22,CM,NSE,STK,17752,INE790G01031,SHILPAMED,EQ,,,,,SHILPA MEDICARE LTD,400.9,413.8,396.5,408.35,412.0,405.25,,408.3,,,391334,158312687.45,16615,F1,1,,,,,
2026-04-22,2026-04-22,CM,NSE,STK,23127,INE0PB301013,SCILAL,EQ,,,,,SHIPPING CORP OF ILA LTD,46.76,47.48,46.53,46.92,47.15,47.22,,46.92,,,381915,17945273.6,1873,F1,1,,,,,
2026-04-22,2026-04-22,CM,NSE,STK,3048,INE109A01011,SCI,EQ,,,,,SHIPPING CORP OF INDIA LT,300.0,305.9,297.0,297.89,298.8,300.6,,297.88,,,6065749,1827208516.66,58054,F1,1,,,,,
2026-04-22,2026-04-22,CM,NSE,STK,759749,INE719F01016,SHIVAUM,BE,,,,,SHIV AUM STEELS LIMITED,350.0,362.0,333.0,346.55,362.0,347.55,,346.55,,,669,229262.0,21,F1,1,,,,,
2026-04-22,2026-04-22,CM,NSE,STK,1497,INE644Y01017,SHIVAMILLS,EQ,,,,,SHIVA MILLS LIMITED,65.99,65.99,59.31,61.01,60.05,62.22,,61.01,,,8289,507863.26,231,F1,1,,,,,
2026-04-22,2026-04-22,CM,NSE,STK,804,INE705C01020,SHIVATEX,EQ,,,,,SHIVA TEXYARN LIMITED,153.51,155.01,151.0,154.85,154.85,157.23,,154.93,,,430,65618.35,28,F1,1,,,,,
2026-04-22,2026-04-22,CM,NSE,STK,24249,INE0T7B01010,SPCL,SM,,,,,SHIVALIC POWER CONTROL L,89.7,89.7,84.55,85.9,85.55,87.7,,85.9,,,49200,4239450.0,72,F1,600,,,,,
2026-04-22,2026-04-22,CM,NSE,STK,4656,INE386D01027,SBCL,EQ,,,,,SHIVALIK BIMETAL CON. LTD,520.75,538.5,515.35,536.55,537.0,520.75,,536.55,,,235112,124882276.35,6865,F1,1,,,,,
2026-04-22,2026-04-22,CM,NSE,STK,7016,INE788J01021,SHIVALIK,EQ,,,,,SHIVALIK RASAYAN LIMITED,272.94,277.99,269.61,276.45,277.6,273.85,,276.44,,,10263,2799558.2,526,F1,1,,,,,
2026-04-22,2026-04-22,CM,NSE,STK,13756,INE637H01024,SHIVAMAUTO,EQ,,,,,SHIVAM AUTO.LTD,19.3,19.3,18.61,18.98,19.0,19.28,,18.96,,,53646,1018456.14,344,F1,1,,,,,
2026-04-22,2026-04-22,CM,NSE,STK,758744,INE1DLF01018,SHIVASHRIT,SM,,,,,SHIVASHRIT FOODS LIMITED,119.0,124.0,118.9,124.0,124.0,121.1,,124.0,,,14000,1689400.0,10,F1,1000,,,,,
2026-04-22,2026-04-22,CM,NSE,STK,11813,INE498B01024,SHOPERSTOP,EQ,,,,,SHOPPERS STOP LIMITED,311.4,312.9,302.0,303.1,302.55,308.45,,303.1,,,91950,28048898.45,3978,F1,1,,,,,
2026-04-22,2026-04-22,CM,NSE,STK,708,INE715Y01031,SHRADHA,EQ,,,,,SHRADHA REALTY LIMITED,40.99,41.49,39.8,40.11,40.52,39.91,,40.11,,,11600,469408.18,70,F1,1,,,,,
2026-04-22,2026-04-22,CM,NSE,STK,10588,INE712K01011,SHREEPUSHK,EQ,,,,,SHRE PUSH CHEM & FERT LTD,342.0,347.15,335.55,336.35,335.55,342.4,,336.35,,,22271,7593175.4,908,F1,1,,,,,
2026-04-22,2026-04-22,CM,NSE,STK,762874,INE185C01017,SAPPL,EQ,,,,,SHREE AJIT PULP & PAPER L,279.0,309.95,279.0,290.2,290.8,279.0,,285.35,,,2316,674663.95,57,F1,1,,,,,
2026-04-22,2026-04-22,CM,NSE,STK,3103,INE070A01015,SHREECEM,EQ,,,,,SHREE CEMENT LIMITED,25590.0,25800.0,25455.0,25735.0,25700.0,25540.0,,25735.0,,,11486,294663215.0,5649,F1,1,,,,,
2026-04-22,2026-04-22,CM,NSE,STK,3099,INE232A01011,SHREDIGCEM,EQ,,,,,SHREE DIGVIJAY CEM CO LTD,73.85,74.28,72.63,73.78,74.28,72.77,,73.81,,,61618,4521213.59,573,F1,1,,,,,
2026-04-22,2026-04-22,CM,NSE,STK,23074,INE0S4Y01010,SHREEKARNI,SM,,,,,SHREE KARNI FABCOM LTD,418.0,418.0,402.0,415.0,415.0,405.0,,415.0,,,32250,12995557.5,34,F1,150,,,,,
2026-04-22,2026-04-22,CM,NSE,STK,20603,INE02S501018,SHREEOSFM,SM,,,,,SHREE OSFM E-MOBILITY LTD,77.3,77.3,75.0,75.0,75.0,75.65,,75.0,,,10000,753400.0,10,F1,1000,,,,,
2026-04-22,2026-04-22,CM,NSE,STK,760188,INE19GK01015,SRTL,EQ,,,,,SHREE RAM TWISTEX LIMITED,49.37,53.4,48.78,51.77,51.79,48.7,,51.77,,,386203,19968940.14,3570,F1,1,,,,,
2026-04-22,2026-04-22,CM,NSE,STK,7627,INE879A01019,SHREERAMA,EQ,,,,,SHREE RAMA MULTI TECH LTD,46.46,48.16,46.17,46.78,46.44,46.46,,46.78,,,176461,8302375.92,2199,F1,1,,,,,
2026-04-22,2026-04-22,CM,NSE,STK,13565,INE278B01020,RAMANEWS,EQ,,,,,SHREE RAMA NEWSPRINT LTD,33.01,34.49,33.0,33.47,33.41,33.01,,33.47,,,38074,1279754.89,325,F1,1,,,,,
2026-04-22,2026-04-22,CM,NSE,STK,12026,INE087H01022,RENUKA,EQ,,,,,SHREE RENUKA SUGARS LTD,28.1,28.75,27.86,28.58,28.56,27.76,,28.58,,,14312790,406841034.18,23056,F1,1,,,,,
2026-04-22,2026-04-22,CM,NSE,STK,25203,INE0S2G01011,BALAJEE,EQ,,,,,SHREE TIRUPATI BALAJEE L,32.9,34.0,32.58,33.16,32.7,33.23,,33.16,,,64833,2156953.5,512,F1,1,,,,,
2026-04-22,2026-04-22,CM,NSE,STK,15121,INE00CE01017,SVLL,EQ,,,,,SHREE VASU LOGISTICS LTD,608.95,608.95,565.0,565.55,565.0,558.0,,565.55,,,612,356983.75,67,F1,1,,,,,
2026-04-22,2026-04-22,CM,NSE,STK,759802,INE1FL101016,SHETHJI,SM,,,,,SHREEJI GLOBAL FMCG LTD,125.75,127.6,124.5,124.95,124.9,125.75,,124.95,,,107000,13377000.0,54,F1,1000,,,,,
2026-04-22,2026-04-22,CM,NSE,STK,759448,INE1B6101010,SHREEJISPG,EQ,,,,,SHREEJI SHIPPING GLOBAL L,373.6,379.5,361.5,367.05,365.8,374.6,,367.05,,,442859,164195275.3,5299,F1,1,,,,,
2026-04-22,2026-04-22,CM,NSE,STK,14305,INE00IK01029,OSWALSEEDS,EQ,,,,,SHREEOSWAL S AND CHE LTD,12.89,12.89,12.26,12.66,12.65,12.49,,12.66,,,24325,307197.8,125,F1,1,,,,,
2026-04-22,2026-04-22,CM,NSE,STK,5718,INE0GTI23014,SHREMINVIT,IV,,,,,SHREM INVIT,105.0,105.0,105.0,105.0,105.0,102.0,,105.0,,,25000,2625000.0,1,F1,25000,,,,,
2026-04-22,2026-04-22,CM,NSE,STK,760252,INE632X01030,SHRENIK,BZ,,,,,SHRENIK LIMITED,0.41,0.42,0.4,0.4,0.4,0.41,,0.4,,,352012,144677.04,181,F1,1,,,,,
2026-04-22,2026-04-22,CM,NSE,STK,3126,INE231C01019,SHREYANIND,EQ,,,,,SHREYANS INDUSTRIES LTD,174.89,174.89,168.27,172.95,173.0,168.93,,172.88,,,5553,949579.65,119,F1,1,,,,,
2026-04-22,2026-04-22,CM,NSE,STK,756406,INE0DM401012,SHRIAHIMSA,SM,,,,,SHRI AHIMSA NATURALS LTD,271.0,272.0,265.0,268.8,267.5,266.45,,268.8,,,21000,5660520.0,35,F1,600,,,,,
2026-04-22,2026-04-22,CM,NSE,STK,762899,INE402H01015,SHBAJRG,EQ,,,,,SHRI BAJRANG ALLIANCE L,178.95,179.0,166.35,173.95,174.0,174.0,,173.95,,,1160,196843.65,30,F1,1,,,,,
2026-04-22,2026-04-22,CM,NSE,STK,758568,INE0NON01025,SHKSIL,SM,,,,,SHRI HARE-KRI SPO IRON L,43.15,43.2,43.15,43.2,43.2,43.2,,43.2,,,4000,172700.0,2,F1,2000,,,,,
2026-04-22,2026-04-22,CM,NSE,STK,760202,INE1V4601019,SHRIKANHA,SM,,,,,SHRI KANHA STAINLESS LTD,28.55,28.55,28.55,28.55,28.55,27.2,,28.55,,,9600,274080.0,6,F1,1600,,,,,
2026-04-22,2026-04-22,CM,NSE,STK,762909,INE997I01012,SHRIKRISH,EQ,,,,,SHRI KRISHNA DEVCON LTD.,40.0,43.3,39.5,42.0,42.0,39.7,,42.0,,,2261,94434.0,127,F1,1,,,,,
2026-04-22,2026-04-22,CM,NSE,STK,17684,INE0OMF01015,SHRITECH,SM,,,,,SHRI TECHTEX LIMITED,58.85,59.1,58.85,59.1,59.1,59.75,,59.1,,,4000,235900.0,2,F1,2000,,,,,
2026-04-22,2026-04-22,CM,NSE,STK,759093,INE1B3L01017,SHRINGARMS,EQ,,,,,SHRINGAR HOU OF MANGALS L,206.9,208.9,200.41,203.9,202.8,205.36,,203.9,,,3606956,730884072.08,9322,F1,1,,,,,
2026-04-22,2026-04-22,CM,NSE,STK,24374,INF680P01422,LIQUIDSHRI,EQ,,,,,SHRIRAM - LIQUIDSHRI,1101.13,1101.15,1101.13,1101.14,1101.15,1100.99,,1101.14,,,7823,8614198.67,37,F1,1,,,,,
2026-04-22,2026-04-22,CM,NSE,STK,4306,INE721A01047,SHRIRAMFIN,EQ,,,,,SHRIRAM FINANCE LIMITED,1050.0,1053.7,1029.4,1044.55,1041.05,1045.3,,1044.55,,,4404420,4586043623.1,107621,F1,1,,,,,
2026-04-22,2026-04-22,CM,NSE,STK,17186,INE526E01018,SHRIPISTON,EQ,,,,,SHRIRAM PIST. & RING LTD,3583.0,3666.5,3570.8,3591.6,3600.0,3586.8,,3591.5,,,105354,380763005.6,8916,F1,1,,,,,
2026-04-22,2026-04-22,CM,NSE,STK,7200,INE217L01019,SHRIRAMPPS,EQ,,,,,SHRIRAM PROPERTIES LTD,85.16,86.92,84.83,86.14,86.0,85.16,,86.14,,,351029,30080456.5,2988,F1,1,,,,,
2026-04-22,2026-04-22,CM,NSE,STK,6451,INE01Z401013,SHUBHLAXMI,SM,,,,,SHUBHLAXMI JEWEL ART LTD,23.75,23.75,23.75,23.75,23.75,25.0,,23.75,,,4000,95000.0,4,F1,1000,,,,,
2026-04-22,2026-04-22,CM,NSE,STK,25240,INE0UL701015,SHUBHSHREE,SM,,,,,SHUBHSHREE BIOFUELS ENE L,325.0,338.0,320.0,327.0,327.0,321.75,,327.0,,,14100,4547130.0,43,F1,300,,,,,
2026-04-22,2026-04-22,CM,NSE,STK,10188,INE979R01011,SHYAMCENT,EQ,,,,,SHYAM CENTURY FERROUS LTD,5.61,5.65,5.51,5.6,5.6,5.5,,5.6,,,53947,302152.47,268,F1,1,,,,,
2026-04-22,2026-04-22,CM,NSE,STK,761210,INE1CRP01016,SHYAMDHANI,SM,,,,,SHYAM DHANI INDUSTRIES L,70.0,71.4,68.55,71.4,71.4,69.6,,71.4,,,36000,2518200.0,8,F1,2000,,,,,
2026-04-22,2026-04-22,CM,NSE,STK,4693,INE810G01011,SHYAMMETL,EQ,,,,,SHYAM METALICS AND ENGY L,829.9,830.1,810.0,812.55,813.6,824.2,,812.55,,,323850,264496027.9,16092,F1,1,,,,,
2026-04-22,2026-04-22,CM,NSE,STK,13740,INE635A01023,SHYAMTEL,EQ,,,,,SHYAM TELECOM LIMITED,15.4,15.4,15.4,15.4,15.4,12.84,,15.51,,,86196,1327418.4,71,F1,1,,,,,
2026-04-22,2026-04-22,CM,NSE,STK,16875,INE176J01011,SICAGEN,EQ,,,,,SICAGEN INDIA LIMITED,56.45,56.45,52.75,53.2,53.5,54.9,,52.85,,,14406,778690.0,158,F1,1,,,,,
2026-04-22,2026-04-22,CM,NSE,STK,19440,INE075B01020,SICALLOG,BE,,,,,SICAL LOGISTICS LIMITED,68.2,70.0,68.2,68.77,68.25,69.0,,68.75,,,12570,866785.41,78,F1,1,,,,,
2026-04-22,2026-04-22,CM,NSE,STK,759056,INE0SVO01019,SIDDHICOTS,ST,,,,,SIDDHI COTSPIN LIMITED,29.6,30.65,29.6,30.65,30.65,30.2,,30.65,,,4800,143460.0,4,F1,1200,,,,,
2026-04-22,2026-04-22,CM,NSE,STK,756871,INE1NPP01017,ENRIN,EQ,,,,,SIEMENS ENERGY INDIA LTD,3190.0,3255.9,3158.1,3188.2,3190.0,3208.2,,3188.2,,,477291,1530235318.3,55975,F1,1,,,,,
2026-04-22,2026-04-22,CM,NSE,STK,3150,INE003A01024,SIEMENS,EQ,,,,,SIEMENS LTD,3709.0,3885.0,3706.6,3844.3,3825.2,3721.7,,3844.3,,,882278,3372695146.0,58776,F1,1,,,,,
2026-04-22,2026-04-22,CM,NSE,STK,6663,INE0D0K01022,SIGACHI,EQ,,,,,SIGACHI INDUSTRIES LTD,22.35,23.4,22.23,22.96,22.95,22.41,,22.96,,,2890847,65780552.26,4817,F1,1,,,,,
2026-04-22,2026-04-22,CM,NSE,STK,14793,INE933B01012,SIGMAADV,EQ,,,,,SIGMA ADVANCED SYSTEM LTD,226.99,226.99,222.0,226.99,226.99,216.19,,226.99,,,705607,159850364.62,2267,F1,1,,,,,
2026-04-22,2026-04-22,CM,NSE,STK,16658,INE0A0S01028,SIGMA,EQ,,,,,SIGMA SOLVE LIMITED,46.0,46.5,45.31,46.05,46.5,45.6,,46.04,,,36745,1683894.41,590,F1,1,,,,,
2026-04-22,2026-04-22,CM,NSE,STK,18743,INE903U01023,SIGNATURE,EQ,,,,,SIGNATUREGLOBAL INDIA LTD,859.15,868.95,853.6,860.85,859.55,859.15,,860.9,,,199402,171836857.65,6013,F1,1,,,,,
2026-04-22,2026-04-22,CM,NSE,STK,4522,INE529F01035,SIGIND,EQ,,,,,SIGNET INDUSTRIES LIMITED,53.98,53.98,48.8,49.74,49.99,52.92,,49.75,,,102884,5183956.65,916,F1,1,,,,,
2026-04-22,2026-04-22,CM,NSE,STK,22656,INE0KGZ01021,SIGNPOST,EQ,,,,,SIGNPOST INDIA LIMITED,271.0,279.0,267.01,277.25,277.02,271.87,,277.24,,,39127,10704862.01,976,F1,1,,,,,
2026-04-22,2026-04-22,CM,NSE,STK,762914,INE438E01032,SIKA,EQ,,,,,SIKA INTERPLANT SYSTEMS L,989.9,1019.95,978.0,995.5,1010.0,981.25,,995.7,,,23289,23266356.95,1985,F1,1,,,,,
2026-04-22,2026-04-22,CM,NSE,STK,6218,INE112X01025,SIKKO,EQ,,,,,SIKKO INDUSTRIES LIMITED,4.77,4.83,4.66,4.67,4.71,4.74,,4.67,,,306883,1453340.6,617,F1,1,,,,,
2026-04-22,2026-04-22,CM,NSE,STK,4105,INE923A01015,SILINV,EQ,,,,,SIL INVESTMENTS LIMITED,475.0,475.0,461.95,469.45,474.4,469.25,,469.45,,,1010,471717.9,109,F1,1,,,,,
2026-04-22,2026-04-22,CM,NSE,STK,2492,INE01II01013,SILGO,EQ,,,,,SILGO RETAIL LIMITED,75.55,80.17,75.25,79.79,79.8,76.36,,79.79,,,356539,28158644.12,2971,F1,1,,,,,
2026-04-22,2026-04-22,CM,NSE,STK,23739,INE0STN01015,SILKFLEX,ST,,,,,SILKFLEX POLYMERS INDIA L,168.0,169.55,168.0,169.55,169.55,161.5,,169.55,,,18000,3047700.0,8,F1,2000,,,,,
2026-04-22,2026-04-22,CM,NSE,STK,19097,INE203Y01012,SILLYMONKS,EQ,,,,,SILLY MONKS ENTERTAIN LTD,16.99,17.0,16.35,16.65,16.84,16.53,,16.65,,,2988,50539.85,60,F1,1,,,,,
2026-04-22,2026-04-22,CM,NSE,STK,9422,INE625X01026,SILVERTUC,EQ,,,,,SILVER TOUCH TECHNO LTD,129.47,135.94,129.47,135.94,135.94,129.47,,135.97,,,231113,31273413.04,1013,F1,1,,,,,
2026-04-22,2026-04-22,CM,NSE,STK,758836,INE748T01016,SIMBHALS,BZ,,,,,SIMBHAOLI SUGARS LTD.,9.08,9.72,9.08,9.71,9.72,9.26,,9.71,,,20251,194947.14,89,F1,1,,,,,
2026-04-22,2026-04-22,CM,NSE,STK,3162,INE059B01024,SIMPLEXINF,EQ,,,,,SIMPLEX INFRASTRUCTURES L,225.5,230.98,222.0,224.35,222.1,228.7,,224.35,,,42977,9720021.83,781,F1,1,,,,,
2026-04-22,2026-04-22,CM,NSE,STK,23480,INE985A01022,SINCLAIR,EQ,,,,,SINCLAIRS HOTELS LIMITED,81.64,81.64,79.02,80.33,81.0,79.35,,80.33,,,19768,1576377.66,296,F1,1,,,,,
2026-04-22,2026-04-22,CM,NSE,STK,16859,INE325D01025,SINDHUTRAD,EQ,,,,,SINDHU TRADE LINKS LTD,23.63,24.35,23.63,23.97,23.9,23.87,,23.97,,,1203573,28859200.89,963,F1,1,,,,,
2026-04-22,2026-04-22,CM,NSE,STK,761420,INE638A01035,SINGERIND,EQ,,,,,SINGER INDIA LIMITED,74.55,75.87,73.01,75.28,75.69,74.0,,75.28,,,27889,2080541.42,456,F1,1,,,,,
2026-04-22,2026-04-22,CM,NSE,STK,381,INE129Z01016,SINTERCOM,EQ,,,,,SINTERCOM INDIA LIMITED,75.04,80.0,72.0,75.02,74.99,75.04,,75.02,,,466162,34975887.24,465,F1,1,,,,,
2026-04-22,2026-04-22,CM,NSE,STK,11050,INE792Z01011,SIRCA,EQ,,,,,SIRCA PAINT INDIA LIMITED,450.0,453.0,444.5,445.7,444.95,446.25,,445.7,,,169415,75887949.3,2120,F1,1,,,,,
2026-04-22,2026-04-22,CM,NSE,STK,21501,INE285J01028,SIS,EQ,,,,,SIS LIMITED,337.0,344.0,333.75,337.45,338.2,337.0,,337.45,,,53068,18005354.75,5728,F1,1,,,,,
2026-04-22,2026-04-22,CM,NSE,STK,29210,INE965H01011,SITINET,BZ,,,,,SITI NETWORKS LIMITED,0.39,0.39,0.38,0.38,0.38,0.38,,0.38,,,513880,197789.29,251,F1,1,,,,,
2026-04-22,2026-04-22,CM,NSE,STK,14096,INE076B01028,SIYSIL,EQ,,,,,SIYARAM SILK MILLS LTD,571.0,579.0,563.35,576.05,578.0,575.3,,576.1,,,48832,27864271.15,2527,F1,1,,,,,
2026-04-22,2026-04-22,CM,NSE,STK,6643,INE284S01014,SJS,EQ,,,,,SJS ENTERPRISES LIMITED,1693.0,1746.5,1671.0,1715.5,1718.8,1693.0,,1715.6,,,141457,244099821.8,9938,F1,1,,,,,
2026-04-22,2026-04-22,CM,NSE,STK,18883,INE002L01015,SJVN,EQ,,,,,SJVN LTD,76.7,81.45,76.66,80.85,81.09,76.81,,80.85,,,16968781,1354986248.28,54289,F1,1,,,,,
2026-04-22,2026-04-22,CM,NSE,STK,760101,INE2J8701016,SKFINDUS,EQ,,,,,SKF IND (INDUSTRIAL) LTD,2294.0,2329.0,2265.0,2311.5,2314.0,2284.7,,2311.4,,,14160,32452867.1,3400,F1,1,,,,,
2026-04-22,2026-04-22,CM,NSE,STK,3186,INE640A01023,SKFINDIA,EQ,,,,,SKF INDIA LTD,1733.3,1757.8,1714.2,1751.1,1750.0,1733.2,,1751.0,,,17635,30673145.7,3527,F1,1,,,,,
2026-04-22,2026-04-22,CM,NSE,STK,9428,INE439E01022,SKIPPER,EQ,,,,,SKIPPER LIMITED,467.15,482.7,466.05,471.85,470.5,465.2,,471.85,,,876192,416946222.65,26273,F1,1,,,,,
2026-04-22,2026-04-22,CM,NSE,STK,4732,INE411D01023,SKMEGGPROD,EQ,,,,,SKM EGG PROD EXPORT(I) LT,172.0,173.31,169.42,172.41,172.8,170.6,,172.42,,,88307,15184196.5,1184,F1,1,,,,,
2026-04-22,2026-04-22,CM,NSE,STK,10325,INE0KZA01016,SKP,SM,,,,,SKP BEARING INDUSTRI. LTD,156.55,160.0,154.0,154.7,155.0,157.2,,154.7,,,20500,3194425.0,37,F1,500,,,,,
2026-04-22,2026-04-22,CM,NSE,STK,13631,INE01IU01018,SKYGOLD,EQ,,,,,SKY GOLD AND DIAMONDS LTD,421.3,424.0,412.0,421.4,422.05,417.15,,421.4,,,544322,227853550.15,8685,F1,1,,,,,
2026-04-22,2026-04-22,CM,NSE,STK,23689,INE0SMA01017,SLONE,SM,,,,,SLONE INFOSYSTEMS LIMITED,217.0,217.2,202.25,208.75,209.7,212.05,,208.75,,,8000,1693280.0,20,F1,400,,,,,
2026-04-22,2026-04-22,CM,NSE,STK,757619,INE14GK01016,SMARTEN,SM,,,,,SMARTEN POWER SYSTEMS LTD,60.0,61.0,60.0,60.9,60.95,60.05,,60.9,,,43200,2618820.0,28,F1,1200,,,,,
2026-04-22,2026-04-22,CM,NSE,STK,9889,INE178C01020,SMARTLINK,EQ,,,,,SMARTLINK HOLDINGS LTD,146.72,146.9,138.51,140.56,140.99,146.53,,140.57,,,7222,1031735.87,281,F1,1,,,,,
2026-04-22,2026-04-22,CM,NSE,STK,757965,INE0NAZ01010,SMARTWORKS,EQ,,,,,SMARTWORKS COWORKING SP L,444.95,444.95,436.6,440.95,438.5,445.75,,440.75,,,22241,9795140.35,1712,F1,1,,,,,
2026-04-22,2026-04-22,CM,NSE,STK,2320,INE103C01036,SMCGLOBAL,EQ,,,,,SMC GLOBAL SECURITIES LTD,64.98,65.5,63.9,64.9,64.98,64.96,,64.9,,,177090,11451402.34,1558,F1,1,,,,,
2026-04-22,2026-04-22,CM,NSE,STK,3387,INE294B01019,SMLMAH,EQ,,,,,SML MAHINDRA LIMITED,4059.0,4059.0,3771.1,3796.9,3805.1,4015.3,,3797.0,,,197013,757455933.3,22327,F1,1,,,,,
2026-04-22,2026-04-22,CM,NSE,STK,14329,INE812G01025,SMSPHARMA,EQ,,,,,SMS PHARMACEUTICALS LTD.,405.1,423.0,405.1,420.25,421.45,408.1,,420.25,,,198905,82838798.45,8012,F1,1,,,,,
2026-04-22,2026-04-22,CM,NSE,STK,758949,INE1OIC01018,SNEHAA,ST,,,,,SNEHAA ORGANICS LIMITED,42.9,46.45,42.9,46.45,46.45,45.15,,46.45,,,17000,768250.0,8,F1,1000,,,,,
2026-04-22,2026-04-22,CM,NSE,STK,4843,INE734N01019,SNOWMAN,EQ,,,,,SNOWMAN LOGISTICS LTD.,42.19,42.9,41.75,42.61,42.7,42.02,,42.6,,,142164,6020829.48,983,F1,1,,,,,
2026-04-22,2026-04-22,CM,NSE,STK,13826,INE671H01015,SOBHA,EQ,,,,,SOBHA LIMITED,1377.0,1401.4,1350.1,1387.4,1385.0,1370.2,,1387.4,,,342111,471546035.4,20430,F1,1,,,,,
2026-04-22,2026-04-22,CM,NSE,STK,8268,INE728Z01015,SOFTTECH,BE,,,,,SOFTTECH ENGINEERS LTD,305.0,320.25,289.75,320.25,320.25,305.0,,320.25,,,40199,12178653.9,183,F1,1,,,,,
2026-04-22,2026-04-22,CM,NSE,STK,13332,INE343H01029,SOLARINDS,EQ,,,,,SOLAR INDUSTRIES (I) LTD,14950.0,15308.0,14925.0,15272.0,15289.0,14949.0,,15272.0,,,121750,1843929800.0,26466,F1,1,,,,,
2026-04-22,2026-04-22,CM,NSE,STK,3672,INE624Z01016,SOLARA,EQ,,,,,SOLARA ACTIVE PHA SCI LTD,483.05,493.0,482.15,489.0,493.0,483.05,,489.0,,,36289,17678834.35,1653,F1,1,,,,,
2026-04-22,2026-04-22,CM,NSE,STK,759929,INE0TY101024,SOLARWORLD,EQ,,,,,SOLARWORLD ENERGY SOL LTD,198.0,201.8,196.99,200.24,200.2,195.96,,200.23,,,267829,53504055.02,4413,F1,1,,,,,
2026-04-22,2026-04-22,CM,NSE,STK,759397,INE880Y01017,SOLEX,EQ,,,,,SOLEX ENERGY LIMITED,1348.1,1369.0,1310.0,1349.95,1345.0,1348.1,,1349.95,,,49368,66548770.4,3738,F1,1,,,,,
2026-04-22,2026-04-22,CM,NSE,STK,24879,INE0U0201016,BALCO,SM,,,,,SOLVE PLASTIC PRODUCTS L,22.5,22.5,22.5,22.5,22.5,21.45,,22.5,,,8400,189000.0,6,F1,1200,,,,,
2026-04-22,2026-04-22,CM,NSE,STK,1338,INE480C01038,SDBL,EQ,,,,,SOM DIST & BREW LTD,86.3,97.9,85.8,95.87,96.0,86.47,,95.87,,,6914353,648394310.48,40575,F1,1,,,,,
2026-04-22,2026-04-22,CM,NSE,STK,4201,INE314C01013,SOMATEX,EQ,,,,,SOMA TEXTILES & INDUST LT,122.0,125.0,110.33,113.71,115.45,116.72,,113.75,,,105198,12196098.73,2256,F1,1,,,,,
2026-04-22,2026-04-22,CM,NSE,STK,3880,INE355A01028,SOMANYCERA,EQ,,,,,SOMANY CERAMICS LIMITED,439.05,465.0,438.95,462.2,462.0,444.95,,462.2,,,78715,35691433.55,2865,F1,1,,,,,
2026-04-22,2026-04-22,CM,NSE,STK,17794,INE323J01019,SOMICONVEY,EQ,,,,,SOMI CONVEYOR BELT. LTD.,115.95,115.95,111.52,112.51,112.32,113.43,,112.51,,,7531,849701.33,144,F1,1,,,,,
2026-04-22,2026-04-22,CM,NSE,STK,4684,INE073K01018,SONACOMS,EQ,,,,,SONA BLW PRECISION FRGS L,583.5,596.0,580.1,588.45,587.0,581.3,,588.4,,,1612696,951255042.1,29641,F1,1,,,,,
2026-04-22,2026-04-22,CM,NSE,STK,23055,INE0Q6H01012,SONAMAC,ST,,,,,SONA MACHINERY LIMITED,44.5,46.7,44.5,46.7,46.7,44.5,,46.7,,,4000,184150.0,4,F1,1000,,,,,
2026-04-22,2026-04-22,CM,NSE,STK,762919,INE321M01017,SONAL,EQ,,,,,SONAL MERCANTILE LTD.,99.8,99.8,99.8,99.8,99.8,99.8,,96.2,,,2,199.6,1,F1,1,,,,,
2026-04-22,2026-04-22,CM,NSE,STK,8806,INE00LM01029,SONAMLTD,EQ,,,,,SONAM LIMITED,53.78,54.5,52.59,54.15,54.5,53.52,,54.15,,,27357,1472560.94,269,F1,1,,,,,
2026-04-22,2026-04-22,CM,NSE,STK,6596,INE269A01021,SONATSOFTW,EQ,,,,,SONATA SOFTWARE LTD,272.0,274.1,266.6,268.09,268.5,272.94,,268.1,,,674516,181338345.31,15807,F1,1,,,,,
2026-04-22,2026-04-22,CM,NSE,STK,9458,INE0JZA01018,SONUINFRA,SM,,,,,SONU INFRATECH LIMITED,70.9,70.9,65.5,65.5,65.5,68.6,,65.5,,,22500,1509300.0,14,F1,1500,,,,,
2026-04-22,2026-04-22,CM,NSE,STK,9678,INE980Y01015,SOUTHWEST,EQ,,,,,SOUTH WEST PINNACLE LTD,240.0,243.55,233.15,234.62,235.2,241.63,,234.61,,,318082,75809902.36,6703,F1,1,,,,,
2026-04-22,2026-04-22,CM,NSE,STK,8521,INE0JW501011,SPRL,SM,,,,,SP REFRACTORIES LIMITED,100.0,104.75,99.5,104.75,104.75,104.65,,104.75,,,4000,402640.0,4,F1,800,,,,,
2026-04-22,2026-04-22,CM,NSE,STK,19372,INE970N01027,SPCENET,EQ,,,,,SPACENET ENTERS IND LTD,4.6,4.6,4.38,4.4,4.42,4.53,,4.4,,,980058,4351709.26,722,F1,1,,,,,
2026-04-22,2026-04-22,CM,NSE,STK,758420,IN9572J01019,SSFLPP,E1,,,,,SPANDANA RS.5 PPD UP,108.8,110.0,104.0,108.95,109.0,108.8,,108.9,,,5674,609155.65,125,F1,1,,,,,
2026-04-22,2026-04-22,CM,NSE,STK,11435,INE572J01011,SPANDANA,EQ,,,,,SPANDANA SPHOORTY FIN LTD,228.0,237.17,225.44,231.13,230.4,226.13,,231.13,,,371588,86149615.42,10567,F1,1,,,,,
2026-04-22,2026-04-22,CM,NSE,STK,760135,INE1CW901027,SPEB,SM,,,,,SPEB ADHESIVES LIMITED,55.25,56.0,55.25,55.9,56.0,55.25,,55.9,,,90000,5033500.0,5,F1,2000,,,,,
2026-04-22,2026-04-22,CM,NSE,STK,27107,INE247M01014,SPECIALITY,EQ,,,,,SPECIALITY REST LTD,101.13,102.55,99.75,101.08,100.7,100.63,,101.08,,,30758,3116310.05,444,F1,1,,,,,
2026-04-22,2026-04-22,CM,NSE,STK,30455,INE01EO01010,SPECTRUM,EQ,,,,,SPECTRUM ELECTRIC IND LTD,1170.8,1170.8,1122.0,1131.9,1135.7,1166.1,,1131.9,,,7880,8966998.8,945,F1,1,,,,,
2026-04-22,2026-04-22,CM,NSE,STK,16876,INE0OL001018,SPECTSTM,SM,,,,,SPECTRUM TALENT MGMT LTD,93.0,93.0,72.0,78.45,78.6,84.7,,78.45,,,140000,11015280.0,139,F1,800,,,,,
2026-04-22,2026-04-22,CM,NSE,STK,8163,INE020801028,SPENCERS,EQ,,,,,SPENCER S RETAIL LIMITED,35.16,35.39,34.0,34.17,34.82,34.73,,34.17,,,67660,2331482.95,1027,F1,1,,,,,
2026-04-22,2026-04-22,CM,NSE,STK,3252,INE147A01011,SPIC,EQ,,,,,SPIC LTD,72.0,73.47,71.29,72.63,72.41,71.88,,72.64,,,732700,53052517.24,3754,F1,1,,,,,
2026-04-22,2026-04-22,CM,NSE,STK,11935,INE978G01016,SPLIL,EQ,,,,,SPL INDUSTRIES LIMITED,35.1,35.89,34.52,34.79,35.21,35.78,,34.8,,,8071,284394.44,142,F1,1,,,,,
2026-04-22,2026-04-22,CM,NSE,STK,3321,INE937A01023,SPMLINFRA,EQ,,,,,SPML INFRA LIMITED,212.0,219.31,211.3,216.09,218.0,211.82,,216.14,,,552773,118797290.46,7488,F1,1,,,,,
2026-04-22,2026-04-22,CM,NSE,STK,10733,INE885H01029,SPORTKING,EQ,,,,,SPORTKING INDIA LIMITED,141.34,144.76,137.61,141.18,142.0,140.22,,141.17,,,328060,46335144.88,4911,F1,1,,,,,
2026-04-22,2026-04-22,CM,NSE,STK,25306,INE0QR801013,SPPPOLY,SM,,,,,SPP POLYMER LIMITED,13.0,13.0,13.0,13.0,13.0,13.25,,13.0,,,12000,156000.0,2,F1,2000,,,,,
2026-04-22,2026-04-22,CM,NSE,STK,757865,INE19QH01010,SPUNWEB,SM,,,,,SPUNWEB NONWOVEN LIMITED,120.7,125.0,120.0,125.0,125.0,125.5,,125.0,,,9600,1174440.0,8,F1,1200,,,,,
2026-04-22,2026-04-22,CM,NSE,STK,14582,INE917H01012,SRHHYPOLTD,EQ,,,,,SREE RAYALSEEMA HHP LTD.,488.8,488.8,475.35,482.2,485.0,480.85,,482.2,,,7221,3476662.9,361,F1,1,,,,,
2026-04-22,2026-04-22,CM,NSE,STK,31837,INE099F01013,SREEL,EQ,,,,,SREELEATHERS LIMITED,178.01,184.45,178.0,183.92,183.5,181.61,,183.92,,,21125,3882986.77,190,F1,1,,,,,
2026-04-22,2026-04-22,CM,NSE,STK,3273,INE647A01010,SRF,EQ,,,,,SRF LTD,2470.0,2507.0,2452.0,2492.8,2496.5,2471.0,,2492.8,,,326961,813123697.6,19860,F1,1,,,,,
2026-04-22,2026-04-22,CM,NSE,STK,18119,INE559N01010,SRGHFL,EQ,,,,,SRG HOUSING FINANCE L,275.3,294.9,267.0,294.81,294.9,277.81,,294.81,,,2178,626514.2,54,F1,1,,,,,
2026-04-22,2026-04-22,CM,NSE,STK,8417,INE293B01029,HAVISHA,BE,,,,,SRI HAVISHA HOSP & INFR L,1.67,1.68,1.61,1.63,1.63,1.64,,1.63,,,22236,36259.26,40,F1,1,,,,,
2026-04-22,2026-04-22,CM,NSE,STK,758145,INE0V9Q01010,LOTUSDEV,EQ,,,,,SRI LOTUS DEVLPRS N RTY L,146.01,148.5,145.63,146.47,146.02,146.13,,146.46,,,431794,63440493.6,4868,F1,1,,,,,
2026-04-22,2026-04-22,CM,NSE,STK,18056,INE0ON201012,SSFL,SM,,,,,SRIVARI SPICES N FOODS L,107.0,110.0,107.0,109.55,109.5,107.75,,109.55,,,22000,2392525.0,38,F1,500,,,,,
2026-04-22,2026-04-22,CM,NSE,STK,14411,INE0NPI01014,SRIVASAVI,SM,,,,,SRIVASAVI ADHESIVE TAPE L,59.85,60.9,59.5,60.9,60.9,59.9,,60.9,,,4000,241100.0,4,F1,1000,,,,,
2026-04-22,2026-04-22,CM,NSE,STK,23402,INE0R6Z01013,SRM,EQ,,,,,SRM CONTRACTORS LIMITED,524.85,530.85,513.55,515.3,516.4,524.85,,515.2,,,69046,36006629.05,3046,F1,1,,,,,
2026-04-22,2026-04-22,CM,NSE,STK,29204,INE0RYC01010,STALLION,EQ,,,,,STALLION IND FLUOROCHEM L,162.44,167.8,162.0,162.92,162.97,162.44,,162.91,,,1667266,273446146.76,14502,F1,1,,,,,
2026-04-22,2026-04-22,CM,NSE,STK,29075,INE0M4D01010,SETL,EQ,,,,,STANDARD ENGNG TCNLGY LTD,137.3,138.88,135.62,137.76,138.0,137.33,,137.72,,,125611,17228531.83,1363,F1,1,,,,,
2026-04-22,2026-04-22,CM,NSE,STK,11297,INE173A01025,SIL,EQ,,,,,STANDARD INDUSTRIES LTD.,16.1,16.6,15.85,16.01,15.97,15.79,,16.01,,,24416,393222.44,388,F1,1,,,,,
2026-04-22,2026-04-22,CM,NSE,STK,24226,INE01A001028,STANLEY,EQ,,,,,STANLEY LIFESTYLES LTD,142.0,146.5,140.05,144.21,145.2,144.02,,144.21,,,333593,47642992.01,5981,F1,1,,,,,
2026-04-22,2026-04-22,CM,NSE,STK,21091,INE460H01021,STARCEMENT,EQ,,,,,STAR CEMENT LIMITED,225.9,231.7,224.0,229.92,231.13,226.28,,229.93,,,205628,47010308.94,3930,F1,1,,,,,
2026-04-22,2026-04-22,CM,NSE,STK,7083,INE575P01011,STARHEALTH,EQ,,,,,STAR HEALTH & AL INS CO L,514.0,516.35,505.0,508.8,510.2,514.05,,508.8,,,459779,234385421.5,15457,F1,1,,,,,
2026-04-22,2026-04-22,CM,NSE,STK,3291,INE733A01018,STARPAPER,EQ,,,,,STAR PAPER MILLS LTD,141.0,148.09,141.0,147.39,147.0,143.62,,147.39,,,16382,2383027.99,292,F1,1,,,,,
2026-04-22,2026-04-22,CM,NSE,STK,9305,INE992I01013,STARTECK,EQ,,,,,STARTECK FINANCE LIMITED,251.01,251.12,245.5,247.03,247.0,249.18,,247.03,,,10545,2615199.15,180,F1,1,,,,,
2026-04-22,2026-04-22,CM,NSE,STK,3045,INE062A01020,SBIN,EQ,,,,,STATE BANK OF INDIA,1110.0,1117.85,1100.1,1103.3,1103.2,1111.85,,1103.3,,,12412659,13724965676.75,173846,F1,1,,,,,
2026-04-22,2026-04-22,CM,NSE,STK,2963,INE114A01011,SAIL,EQ,,,,,STEEL AUTHORITY OF INDIA,175.3,178.46,174.76,176.23,176.1,175.06,,176.23,,,20405858,3610125504.24,63691,F1,1,,,,,
2026-04-22,2026-04-22,CM,NSE,STK,10406,INE395H01011,STEELCITY,EQ,,,,,STEEL CITY SECURITIES LTD,85.97,85.99,84.25,85.52,85.3,86.01,,85.52,,,4199,357722.3,172,F1,1,,,,,
2026-04-22,2026-04-22,CM,NSE,STK,21339,INE503B01021,STEELXIND,EQ,,,,,STEEL EXCHANGE INDIA LTD,9.87,10.53,9.84,10.42,10.36,9.87,,10.42,,,8708773,88894275.89,6140,F1,1,,,,,
2026-04-22,2026-04-22,CM,NSE,STK,11829,INE802C01033,SSWL,EQ,,,,,STEEL STRIPS WHEELS LTD.,216.5,218.0,214.61,216.28,216.0,217.4,,216.28,,,224314,48542818.04,8768,F1,1,,,,,
2026-04-22,2026-04-22,CM,NSE,STK,6803,INE124E01038,STEELCAS,EQ,,,,,STEELCAST LIMITED,298.91,299.87,285.61,290.18,291.05,296.79,,290.15,,,81409,23700491.49,2052,F1,1,,,,,
2026-04-22,2026-04-22,CM,NSE,STK,21484,INE577L01016,STEL,EQ,,,,,STEL HOLDINGS LIMITED,465.5,482.0,463.1,470.65,470.0,470.2,,470.7,,,11171,5272551.3,300,F1,1,,,,,
2026-04-22,2026-04-22,CM,NSE,STK,4299,INE334A01023,STERTOOLS,EQ,,,,,STERLING TOOLS LIMITED,261.19,264.5,258.5,261.83,262.42,261.19,,261.86,,,46267,12104334.58,1377,F1,1,,,,,
2026-04-22,2026-04-22,CM,NSE,STK,9309,INE089C01029,STLTECH,EQ,,,,,STERLITE TECHNOLOGIES LTD,277.0,292.39,276.0,290.99,291.0,278.47,,291.0,,,6621053,1900289167.9,71905,F1,1,,,,,
2026-04-22,2026-04-22,CM,NSE,STK,13367,INE353H01010,SGL,EQ,,,,,STL GLOBAL LIMITED,11.8,12.43,11.8,11.95,11.95,12.0,,11.95,,,4350,52227.45,65,F1,1,,,,,
2026-04-22,2026-04-22,CM,NSE,STK,758958,INE1VXE01018,STLNETWORK,EQ,,,,,STL NETWORKS LIMITED,30.95,31.95,30.0,31.07,31.05,30.56,,31.07,,,9130811,286244602.63,25658,F1,1,,,,,
2026-04-22,2026-04-22,CM,NSE,STK,2107,INE00IN01015,STOVEKRAFT,EQ,,,,,STOVE KRAFT LIMITED,530.05,538.8,525.1,528.75,533.0,529.5,,528.75,,,119107,63244741.2,5785,F1,1,,,,,
2026-04-22,2026-04-22,CM,NSE,STK,761091,INE1XWN01017,STRIDERS,SM,,,,,STRIDERS IMPEX LIMITED,66.35,66.35,66.35,66.35,66.35,66.35,,66.35,,,4800,318480.0,2,F1,1600,,,,,
2026-04-22,2026-04-22,CM,NSE,STK,7374,INE939A01011,STAR,EQ,,,,,STRIDES PHARMA SCI LTD,996.95,1012.8,987.0,1002.05,1000.0,996.95,,1002.05,,,182137,183086792.6,12873,F1,1,,,,,
2026-04-22,2026-04-22,CM,NSE,STK,12489,INE00M201021,SWSOLAR,EQ,,,,,STRLNG & WIL REN ENE LTD,209.85,220.0,206.34,218.65,219.39,209.52,,218.65,,,6952381,1487011218.53,44380,F1,1,,,,,
2026-04-22,2026-04-22,CM,NSE,STK,759587,INE00Q601028,STUDDS,EQ,,,,,STUDDS ACCESSORIES LTD,490.25,494.5,485.7,492.4,492.4,490.45,,492.45,,,13687,6719358.05,541,F1,1,,,,,
2026-04-22,2026-04-22,CM,NSE,STK,758530,INE17VO01028,STUDIOLSD,ST,,,,,STUDIO LSD LIMITED,12.05,12.5,12.05,12.05,12.05,12.65,,12.05,,,78000,942900.0,34,F1,2000,,,,,
2026-04-22,2026-04-22,CM,NSE,STK,5186,INE239C01020,STYLAMIND,EQ,,,,,STYLAM INDUSTRIES LIMITED,2248.0,2248.0,2235.0,2243.5,2240.0,2247.9,,2243.7,,,21771,48795464.0,3199,F1,1,,,,,
2026-04-22,2026-04-22,CM,NSE,STK,19,INE189B01011,STYRENIX,EQ,,,,,STYRENIX PERFORMANCE LTD,2241.6,2286.0,2216.0,2272.3,2275.0,2246.9,,2272.3,,,38176,85926136.2,2789,F1,1,,,,,
2026-04-22,2026-04-22,CM,NSE,STK,760112,INE0RYR01018,SUBAHOTELS,SM,,,,,SUBA HOTELS LIMITED,130.0,132.5,125.0,126.6,126.85,130.0,,126.6,,,52800,6688980.0,39,F1,1200,,,,,
2026-04-22,2026-04-22,CM,NSE,STK,967,INE754A01055,SUBEXLTD,EQ,,,,,SUBEX LTD,9.12,9.26,8.92,9.08,9.07,9.23,,9.08,,,3978833,36087360.05,4044,F1,1,,,,,
2026-04-22,2026-04-22,CM,NSE,STK,3324,INE287B01021,SUBROS,EQ,,,,,SUBROS LIMITED,785.3,796.0,780.35,788.1,783.95,785.3,,787.45,,,42552,33620946.45,2194,F1,1,,,,,
2026-04-22,2026-04-22,CM,NSE,STK,3327,INE659A01023,SUDARSCHEM,EQ,,,,,SUDARSHAN CHEMICAL INDS L,856.95,926.8,850.45,910.85,910.0,851.55,,910.85,,,740764,667709826.5,36592,F1,1,,,,,
2026-04-22,2026-04-22,CM,NSE,STK,715,INE492A01029,SUDARCOLOR,EQ,,,,,SUDARSHAN COLORNT IND LTD,352.7,361.9,350.55,355.2,355.15,352.95,,355.2,,,14361,5113120.95,803,F1,1,,,,,
2026-04-22,2026-04-22,CM,NSE,STK,760039,INE0QPI01025,SUDEEPPHRM,EQ,,,,,SUDEEP PHARMA LIMITED,670.0,679.6,657.0,675.0,674.0,658.2,,675.0,,,43958,29476109.05,2626,F1,1,,,,,
2026-04-22,2026-04-22,CM,NSE,STK,11804,INE450E01029,SUKHJITS,EQ,,,,,SUKHJIT STARCH & CHEM LTD,179.99,203.0,178.01,192.27,190.2,182.56,,192.34,,,83621,15884594.52,2812,F1,1,,,,,
2026-04-22,2026-04-22,CM,NSE,STK,13218,INE142Q01026,SULA,EQ,,,,,SULA VINEYARDS LIMITED,176.0,178.75,175.78,178.01,178.1,175.78,,178.01,,,334436,59356841.56,4576,F1,1,,,,,
2026-04-22,2026-04-22,CM,NSE,STK,20790,INE235C01036,SUMEETINDS,EQ,,,,,SUMEET IND LIMITED,30.76,30.76,29.55,30.0,30.0,30.03,,30.01,,,106330,3197555.27,878,F1,1,,,,,
2026-04-22,2026-04-22,CM,NSE,STK,11141,INE748Z01013,SUMIT,BE,,,,,SUMIT WOODS LIMITED,60.0,60.0,55.65,55.65,55.65,58.57,,55.65,,,35298,1973786.0,59,F1,1,,,,,
2026-04-22,2026-04-22,CM,NSE,STK,17105,INE258G01013,SUMICHEM,EQ,,,,,SUMITOMO CHEM INDIA LTD,442.0,453.35,437.75,444.25,443.45,439.95,,444.3,,,292262,130874470.55,10143,F1,1,,,,,
2026-04-22,2026-04-22,CM,NSE,STK,21275,INE519C01017,SUMMITSEC,EQ,,,,,SUMMIT SECURITIES LTD,1667.9,1689.0,1662.1,1674.5,1665.0,1663.5,,1674.5,,,3206,5372044.8,462,F1,1,,,,,
2026-04-22,2026-04-22,CM,NSE,STK,14788,INE232I01014,SPARC,EQ,,,,,SUN PHARMA ADV.RES.CO.LTD,144.35,146.0,143.0,143.54,143.45,144.05,,143.52,,,438757,63204713.89,4791,F1,1,,,,,
2026-04-22,2026-04-22,CM,NSE,STK,3351,INE044A01036,SUNPHARMA,EQ,,,,,SUN PHARMACEUTICAL IND L,1665.2,1673.9,1652.4,1669.8,1668.9,1665.2,,1669.8,,,2169514,3610043098.2,77784,F1,1,,,,,
2026-04-22,2026-04-22,CM,NSE,STK,13404,INE424H01027,SUNTV,EQ,,,,,SUN TV NETWORK LIMITED,648.4,656.0,641.95,652.45,648.85,645.05,,652.4,,,135713,88225264.1,8160,F1,1,,,,,
2026-04-22,2026-04-22,CM,NSE,STK,4179,INE073D01013,SUNDRMBRAK,EQ,,,,,SUNDARAM BRAK LININGS LTD,624.0,631.0,617.0,625.45,626.95,621.2,,625.45,,,2041,1275117.15,93,F1,1,,,,,
2026-04-22,2026-04-22,CM,NSE,STK,20956,INE0Q3R01026,SUNCLAY,EQ,,,,,SUNDARAM CLAYTON LIMITED,1537.0,1573.4,1515.0,1525.5,1522.0,1527.8,,1525.9,,,11485,17795567.4,1442,F1,1,,,,,
2026-04-22,2026-04-22,CM,NSE,STK,3339,INE660A01013,SUNDARMFIN,EQ,,,,,SUNDARAM FINANCE LTD,4956.0,4984.4,4883.0,4902.1,4909.9,4974.9,,4902.1,,,37800,185953174.5,8324,F1,1,,,,,
2026-04-22,2026-04-22,CM,NSE,STK,18931,INE108E01023,SUNDARAM,EQ,,,,,SUNDARAM MULTI PAP LTD,1.47,1.47,1.43,1.44,1.44,1.44,,1.44,,,359695,520604.91,370,F1,1,,,,,
2026-04-22,2026-04-22,CM,NSE,STK,3345,INE387A01021,SUNDRMFAST,EQ,,,,,SUNDRAM FASTENERS LTD,827.75,841.0,827.75,835.9,834.55,835.25,,835.85,,,26701,22340112.85,3682,F1,1,,,,,
2026-04-22,2026-04-22,CM,NSE,STK,761202,INE0CTB01014,SOCL,SM,,,,,SUNDREX OIL COMPANY LTD,31.95,32.25,31.8,32.05,32.25,32.1,,32.05,,,9600,306880.0,6,F1,1600,,,,,
2026-04-22,2026-04-22,CM,NSE,STK,1663,INE209A01019,SUNDROP,EQ,,,,,SUNDROP BRANDS LIMITED,655.05,657.45,644.5,648.8,648.05,650.75,,648.8,,,36328,23567642.9,611,F1,1,,,,,
2026-04-22,2026-04-22,CM,NSE,STK,3348,INE947A01014,SUNFLAG,EQ,,,,,SUNFLAG IRON AND STEEL CO,279.61,299.36,279.61,297.31,297.5,279.61,,297.32,,,843228,247313418.64,18726,F1,1,,,,,
2026-04-22,2026-04-22,CM,NSE,STK,24868,INE0U2N01013,SUNLITE,SM,,,,,SUNLITE RECYCLING IND LTD,488.7,507.0,482.15,501.35,500.0,488.7,,501.35,,,64800,32315850.0,101,F1,600,,,,,
2026-04-22,2026-04-22,CM,NSE,STK,20213,INE0PLZ01012,SUNREST,SM,,,,,SUNREST LIFESCIENCE LTD,36.9,36.9,36.9,36.9,36.9,36.9,,36.9,,,1600,59040.0,1,F1,1600,,,,,
2026-04-22,2026-04-22,CM,NSE,STK,761666,INE0PLZ20012,SUNREST-RE,ST,,,,,SUNREST LIFESCIENCE LTD,0.35,0.35,0.35,0.35,0.35,0.4,,0.35,,,17600,6160.0,5,F1,1600,,,,,
2026-04-22,2026-04-22,CM,NSE,STK,757763,INE0SGZ01016,SUNTECH,SM,,,,,SUNTECH INFRA SOLUTIONS L,40.55,42.3,40.5,40.5,40.5,40.3,,40.5,,,22400,924880.0,14,F1,1600,,,,,
2026-04-22,2026-04-22,CM,NSE,STK,17641,INE805D01034,SUNTECK,EQ,,,,,SUNTECK REALTY LIMITED,358.0,382.4,353.9,357.85,357.15,341.1,,358.0,,,23607716,8753645818.25,276928,F1,1,,,,,
2026-04-22,2026-04-22,CM,NSE,STK,3357,INE662A01027,SUPERSPIN,EQ,,,,,SUPER SPINNING MILLS LTD,5.6,5.95,5.6,5.68,5.76,5.7,,5.68,,,81020,466792.53,179,F1,1,,,,,
2026-04-22,2026-04-22,CM,NSE,STK,20616,INE712B01010,SUPERHOUSE,EQ,,,,,SUPERHOUSE LIMITED,152.16,154.99,149.12,153.23,154.8,152.16,,153.14,,,3320,506733.85,112,F1,1,,,,,
2026-04-22,2026-04-22,CM,NSE,STK,11689,INE399C01030,SUPRAJIT,EQ,,,,,SUPRAJIT ENGINEERING LTD,419.85,430.55,417.0,428.7,426.1,422.1,,428.65,,,102966,43823455.9,5706,F1,1,,,,,
2026-04-22,2026-04-22,CM,NSE,STK,758997,INE319Z01021,SUPREMEENG,BZ,,,,,SUPREME ENGINEERING LTD,1.13,1.23,1.13,1.13,1.13,1.18,,1.13,,,84544,97533.87,110,F1,1,,,,,
2026-04-22,2026-04-22,CM,NSE,STK,28069,INE0U6N01014,SFML,SM,,,,,SUPREME FACILITY MGMT LTD,21.1,22.5,21.1,22.35,22.2,21.35,,22.35,,,9600,208880.0,5,F1,1600,,,,,
2026-04-22,2026-04-22,CM,NSE,STK,29439,INE822E01011,SUPREME,EQ,,,,,SUPREME HOLDIN N HOSP I L,53.44,54.89,52.57,53.0,53.32,54.2,,52.98,,,37388,2007144.15,862,F1,1,,,,,
2026-04-22,2026-04-22,CM,NSE,STK,3363,INE195A01028,SUPREMEIND,EQ,,,,,SUPREME INDUSTRIES LTD,3651.1,3737.9,3645.0,3691.4,3697.0,3666.6,,3691.5,,,266549,985050706.0,19927,F1,1,,,,,
2026-04-22,2026-04-22,CM,NSE,STK,13419,INE550H01011,SUPREMEINF,BZ,,,,,SUPREME INFRA. LTD,70.25,72.9,70.0,72.01,72.1,72.0,,72.01,,,15002,1066297.4,53,F1,1,,,,,
2026-04-22,2026-04-22,CM,NSE,STK,9617,INE663A01033,SPLPETRO,EQ,,,,,SUPREME PETROCHEM LIMITED,777.9,814.4,760.15,804.15,814.4,773.4,,804.2,,,327587,261511405.75,9368,F1,1,,,,,
2026-04-22,2026-04-22,CM,NSE,STK,21067,INE0QHG01026,SUPREMEPWR,SM,,,,,SUPREME POWER EQUIPMENT L,235.0,246.0,229.15,239.7,238.0,233.3,,239.7,,,255000,61071100.0,393,F1,500,,,,,
2026-04-22,2026-04-22,CM,NSE,STK,7390,INE07RO01027,SUPRIYA,EQ,,,,,SUPRIYA LIFESCIENCE LTD,621.75,660.0,620.0,656.0,657.1,620.75,,656.0,,,403554,261223423.1,16136,F1,1,,,,,
2026-04-22,2026-04-22,CM,NSE,STK,20822,INE843S01025,SURAJEST,EQ,,,,,SURAJ ESTATE DEVELOPERS L,242.0,249.99,237.8,247.38,243.2,242.18,,247.37,,,210072,51596553.99,3693,F1,1,,,,,
2026-04-22,2026-04-22,CM,NSE,STK,24966,INE713C01016,SURAJLTD,EQ,,,,,SURAJ LIMITED,241.1,254.0,241.1,246.47,250.0,246.12,,246.47,,,4933,1226321.71,183,F1,1,,,,,
2026-04-22,2026-04-22,CM,NSE,STK,27334,INE877V01027,SURAKSHA,EQ,,,,,SURAKSHA DIAGNOSTIC LTD,282.16,284.96,280.28,284.5,283.3,282.16,,284.39,,,9295,2636327.69,408,F1,1,,,,,
2026-04-22,2026-04-22,CM,NSE,STK,21077,INE272L01022,SURANASOL,EQ,,,,,SURANA SOLAR LIMITED,25.2,30.45,25.2,28.9,28.6,25.38,,28.92,,,1936636,56984459.37,6402,F1,1,,,,,
2026-04-22,2026-04-22,CM,NSE,STK,10700,INE130B01031,SURANAT&P,EQ,,,,,SURANA TELECOM AND POW LT,18.95,19.6,18.9,19.11,19.12,18.95,,19.11,,,111304,2141697.41,679,F1,1,,,,,
2026-04-22,2026-04-22,CM,NSE,STK,8524,INE01ZJ01015,SURANI,ST,,,,,SURANI STEEL TUBES LTD.,129.2,129.2,129.2,129.2,129.2,131.8,,129.2,,,1400,180880.0,7,F1,200,,,,,
2026-04-22,2026-04-22,CM,NSE,STK,14139,INE05ST01028,SBGLP,EQ,,,,,SURATWWALA BUS GROUP LTD,28.53,28.53,27.7,27.72,27.75,28.38,,27.72,,,36419,1016843.83,252,F1,1,,,,,
2026-04-22,2026-04-22,CM,NSE,STK,3375,INE335A01020,SURYAROSNI,EQ,,,,,SURYA ROSHNI LTD,237.0,243.95,236.79,242.35,242.5,237.41,,242.34,,,557057,134238333.74,10880,F1,1,,,,,
2026-04-22,2026-04-22,CM,NSE,STK,11852,INE713B01026,SURYALAXMI,EQ,,,,,SURYALAKSHMI COT MIL LTD,59.4,59.89,57.01,57.78,57.8,59.4,,57.81,,,1999,116512.44,89,F1,1,,,,,
2026-04-22,2026-04-22,CM,NSE,STK,762924,INE132C01027,SURYALA,EQ,,,,,SURYALATA SPINNING MILL L,342.45,372.0,342.4,371.7,372.0,369.7,,371.8,,,407,147454.0,30,F1,1,,,,,
2026-04-22,2026-04-22,CM,NSE,STK,2970,INE428Q01011,SURYODAY,EQ,,,,,SURYODAY SMALL FIN BK LTD,146.94,149.35,145.99,148.79,148.32,146.94,,148.79,,,206888,30629135.32,3953,F1,1,,,,,
2026-04-22,2026-04-22,CM,NSE,STK,13801,INE645H01027,SUTLEJTEX,EQ,,,,,SUTLEJ TEXT & INDUS LTD,36.06,38.0,36.05,37.0,37.0,36.21,,37.0,,,63860,2383694.89,669,F1,1,,,,,
2026-04-22,2026-04-22,CM,NSE,STK,11233,INE495B01038,SUVEN,EQ,,,,,SUVEN LIFE SCIENCES LTD,210.5,215.89,208.0,212.62,213.1,210.5,,212.62,,,282039,59771848.96,4240,F1,1,,,,,
2026-04-22,2026-04-22,CM,NSE,STK,3005,INE018401013,SUVIDHAA,BE,,,,,SUVIDHAA INFOSERVE LTD,3.16,3.16,3.03,3.05,3.06,3.03,,3.05,,,22088,67726.27,102,F1,1,,,,,
2026-04-22,2026-04-22,CM,NSE,STK,24851,INE442P01014,SUYOG,EQ,,,,,SUYOG TELEMATICS LIMITED,786.5,803.4,773.5,789.2,792.0,774.15,,789.45,,,10896,8607692.7,897,F1,1,,,,,
2026-04-22,2026-04-22,CM,NSE,STK,12018,INE040H01021,SUZLON,EQ,,,,,SUZLON ENERGY LIMITED,53.15,54.7,52.9,54.57,54.65,53.1,,54.57,,,147736421,7964927640.1,192164,F1,1,,,,,
2026-04-22,2026-04-22,CM,NSE,STK,5020,INE308E01029,SVPGLOB,EQ,,,,,SVP GLOBAL TEXTILES LTD,3.17,3.26,3.07,3.14,3.1,3.23,,3.14,,,96605,301848.5,198,F1,1,,,,,
2026-04-22,2026-04-22,CM,NSE,STK,27095,INE665A01038,SWANCORP,EQ,,,,,SWAN CORP LIMITED,345.0,351.7,343.6,346.9,348.95,347.35,,346.85,,,476162,164822010.45,9580,F1,1,,,,,
2026-04-22,2026-04-22,CM,NSE,STK,29164,INE542F01020,SWANDEF,BE,,,,,SWAN DEFENCE N HEVY IND L,1820.5,1888.9,1805.1,1867.1,1870.0,1880.7,,1866.2,,,10109,18776473.9,621,F1,1,,,,,
2026-04-22,2026-04-22,CM,NSE,STK,3384,INE277A01016,SWARAJENG,EQ,,,,,SWARAJ ENGINES LTD,4067.0,4067.0,3980.2,4003.6,4000.0,4035.3,,4003.7,,,24640,98731665.1,2932,F1,1,,,,,
2026-04-22,2026-04-22,CM,NSE,STK,8608,INE0GMR01016,SWARAJ,SM,,,,,SWARAJ SUITING LIMITED,295.0,295.0,290.5,290.75,291.6,292.95,,290.75,,,17500,5121550.0,34,F1,500,,,,,
2026-04-22,2026-04-22,CM,NSE,STK,11497,INE0DGC01025,SWASTIK,ST,,,,,SWASTIK PIPE LIMITED,22.75,22.95,22.75,22.95,22.95,21.9,,22.95,,,6000,137460.0,5,F1,1200,,,,,
2026-04-22,2026-04-22,CM,NSE,STK,11909,INE409B01013,SWELECTES,EQ,,,,,SWELECT ENERGY SYS LTD,652.15,690.3,652.15,681.7,685.0,660.15,,681.7,,,119714,81518304.35,3891,F1,1,,,,,
2026-04-22,2026-04-22,CM,NSE,STK,27066,INE00H001014,SWIGGY,EQ,,,,,SWIGGY LIMITED,283.25,296.0,282.45,294.7,294.25,283.8,,294.7,,,11377031,3304522235.4,66424,F1,1,,,,,
2026-04-22,2026-04-22,CM,NSE,STK,24267,INE01IH01015,SYLVANPLY,SM,,,,,SYLVAN PLYBOARD (INDIA) L,63.0,67.45,62.0,64.0,64.0,64.0,,64.0,,,16000,1043600.0,8,F1,2000,,,,,
2026-04-22,2026-04-22,CM,NSE,STK,24190,INE225D01027,SYMPHONY,EQ,,,,,SYMPHONY LIMITED,809.0,809.05,802.0,802.65,803.1,802.1,,802.65,,,113769,91475750.65,9182,F1,1,,,,,
2026-04-22,2026-04-22,CM,NSE,STK,11992,INE312C01025,SYNCOMF,EQ,,,,,SYNCOM FORMU (I) LTD,13.65,13.94,13.6,13.85,13.9,13.65,,13.83,,,1335473,18427822.0,2620,F1,1,,,,,
2026-04-22,2026-04-22,CM,NSE,STK,5114,INE00QT01015,SGIL,EQ,,,,,SYNERGY GREEN IND. LTD,525.9,533.95,525.9,530.6,530.0,525.9,,530.6,,,5293,2807484.2,234,F1,1,,,,,
2026-04-22,2026-04-22,CM,NSE,STK,10243,INE398R01022,SYNGENE,EQ,,,,,SYNGENE INTERNATIONAL LTD,448.0,449.7,430.0,435.95,436.9,444.65,,435.95,,,744277,324388779.2,20850,F1,1,,,,,
2026-04-22,2026-04-22,CM,NSE,STK,17203,INE0BTR01012,SYNOPTICS,SM,,,,,SYNOPTICS TECHNOLOGIES L,62.5,64.35,62.5,63.1,63.1,61.35,,63.1,,,4200,265440.0,7,F1,600,,,,,
2026-04-22,2026-04-22,CM,NSE,STK,10793,INE0DYJ01015,SYRMA,EQ,,,,,SYRMA SGS TECHNOLOGY LTD,989.0,1014.25,985.95,997.75,1000.0,985.95,,997.75,,,1419188,1424526241.65,47501,F1,1,,,,,
2026-04-22,2026-04-22,CM,NSE,STK,14506,INE0O7R01011,SYSTANGO,SM,,,,,SYSTANGO TECHNOLOGIES LTD,274.0,274.7,271.25,273.55,273.25,275.7,,273.55,,,10000,2727060.0,24,F1,400,,,,,
2026-04-22,2026-04-22,CM,NSE,STK,759355,INE356B01024,SYSTMTXC,EQ,,,,,SYSTEMATIX CORP SERVICE L,73.01,73.01,71.0,72.8,73.01,73.01,,72.78,,,15025,1084222.3,668,F1,1,,,,,
2026-04-22,2026-04-22,CM,NSE,STK,14318,INE592B01024,TTL,BE,,,,,T T LIMITED,8.38,8.39,8.2,8.25,8.27,8.43,,8.26,,,27954,231653.23,127,F1,1,,,,,
2026-04-22,2026-04-22,CM,NSE,STK,762929,INE524T01011,TAALTECH,EQ,,,,,TAAL TECH LTD.,3046.65,3050.0,2950.0,3000.4,3000.0,3046.65,,3000.5,,,535,1612450.4,108,F1,1,,,,,
2026-04-22,2026-04-22,CM,NSE,STK,23438,INE0SOY01013,TAC,SM,,,,,TAC INFOSEC LIMITED,511.1,516.0,498.9,498.9,498.9,525.15,,498.9,,,162800,81611570.0,454,F1,200,,,,,
2026-04-22,2026-04-22,CM,NSE,STK,3396,INE123C01018,TAINWALCHM,EQ,,,,,TAINWALA CHEMICAL AND PLA,196.85,211.48,196.85,206.98,204.06,199.41,,206.99,,,11107,2289659.65,228,F1,1,,,,,
2026-04-22,2026-04-22,CM,NSE,STK,9354,INE586B01026,TAJGVK,EQ,,,,,TAJ GVK HOTELS & RESORTS,343.8,345.95,334.0,335.65,336.0,340.4,,335.65,,,116017,39142031.15,2944,F1,1,,,,,
2026-04-22,2026-04-22,CM,NSE,STK,14920,INE142I01023,TAKE,BE,,,,,TAKE SOLUTIONS LTD,48.16,48.16,48.16,48.16,48.16,49.14,,47.92,,,4919,236899.04,69,F1,1,,,,,
2026-04-22,2026-04-22,CM,NSE,STK,13648,INE187D01029,TALBROAUTO,EQ,,,,,TALBROS AUTO. COMP. LTD,279.95,283.0,276.55,277.79,278.5,279.95,,277.8,,,32596,9076741.22,758,F1,1,,,,,
2026-04-22,2026-04-22,CM,NSE,STK,762934,INE864J01012,TAMBOLIIN,EQ,,,,,TAMBOLI INDUSTRIES LTD.,155.0,155.05,150.0,151.35,151.1,154.95,,151.35,,,915,141318.15,45,F1,1,,,,,
2026-04-22,2026-04-22,CM,NSE,STK,10945,INE668A01016,TMB,EQ,,,,,TAMILNAD MERCA BANK LTD,655.75,676.05,653.95,667.4,667.1,650.95,,667.45,,,164738,110066198.15,12549,F1,1,,,,,
2026-04-22,2026-04-22,CM,NSE,STK,3980,INE107A01015,TNPL,EQ,,,,,TAMILNADU NEWSPRT & PAPER,140.02,149.0,140.02,145.95,145.8,140.08,,146.1,,,337993,48842769.79,3753,F1,1,,,,,
2026-04-22,2026-04-22,CM,NSE,STK,3509,INE148A01019,TNPETRO,EQ,,,,,TAMILNADU PETROPRODUCTS L,91.95,92.25,91.1,91.48,91.21,91.74,,91.48,,,103312,9469004.48,796,F1,1,,,,,
2026-04-22,2026-04-22,CM,NSE,STK,3512,INE141D01018,TNTELE,EQ,,,,,TAMILNADU TELECOMMUNICATI,10.23,10.77,10.02,10.65,10.68,10.29,,10.65,,,31587,330991.32,160,F1,1,,,,,
2026-04-22,2026-04-22,CM,NSE,STK,13976,INE483C01032,TANLA,EQ,,,,,TANLA PLATFORMS LIMITED,486.05,518.35,485.8,500.15,499.0,490.5,,500.15,,,897233,451787778.85,29477,F1,1,,,,,
2026-04-22,2026-04-22,CM,NSE,STK,23512,INE555Z01020,TARACHAND,EQ,,,,,TARA CHAND INFRA SOLN LTD,63.8,65.1,63.0,64.77,64.91,63.61,,64.77,,,39661,2532648.9,992,F1,1,,,,,
2026-04-22,2026-04-22,CM,NSE,STK,18827,INE747K01017,TARAPUR,EQ,,,,,TARAPUR TRANSFORMERS LTD,23.87,25.0,23.3,24.65,24.75,23.87,,24.65,,,53609,1290685.75,329,F1,1,,,,,
2026-04-22,2026-04-22,CM,NSE,STK,1581,INE0EK901012,TARC,EQ,,,,,TARC LIMITED,137.05,142.7,136.3,140.35,140.5,137.67,,140.35,,,687191,96127221.05,5475,F1,1,,,,,
2026-04-22,2026-04-22,CM,NSE,STK,14775,INE924H01018,TARMAT,BE,,,,,TARMAT LIMITED,53.25,54.0,53.0,53.11,53.11,53.25,,53.11,,,2201,117989.18,33,F1,1,,,,,
2026-04-22,2026-04-22,CM,NSE,STK,6943,INE144Z01023,TARSONS,EQ,,,,,TARSONS PRODUCTS LIMITED,217.87,217.87,211.0,211.82,211.51,215.95,,211.79,,,27239,5794822.21,790,F1,1,,,,,
2026-04-22,2026-04-22,CM,NSE,STK,20092,INE488B01017,TASTYBITE,EQ,,,,,TASTY BITE EATABLES LTD,7423.5,7649.0,7135.0,7246.0,7241.0,7323.5,,7243.0,,,5237,38702486.5,1260,F1,1,,,,,
2026-04-22,2026-04-22,CM,NSE,STK,759265,INE976I01016,TATACAP,EQ,,,,,TATA CAPITAL LIMITED,334.95,338.6,332.0,337.35,337.95,334.45,,337.4,,,1510679,506574394.85,25315,F1,1,,,,,
2026-04-22,2026-04-22,CM,NSE,STK,3405,INE092A01019,TATACHEM,EQ,,,,,TATA CHEMICALS LTD,707.0,714.0,705.0,709.85,710.0,707.7,,709.85,,,357588,253634609.7,12559,F1,1,,,,,
2026-04-22,2026-04-22,CM,NSE,STK,3721,INE151A01013,TATACOMM,EQ,,,,,TATA COMMUNICATIONS LTD,1515.4,1536.0,1498.3,1525.0,1527.0,1513.4,,1525.0,,,540645,821353488.3,61489,F1,1,,,,,
2026-04-22,2026-04-22,CM,NSE,STK,11536,INE467B01029,TCS,EQ,,,,,TATA CONSULTANCY SERV LT,2580.0,2580.0,2503.6,2538.5,2535.3,2610.5,,2538.5,,,5232045,13308911672.1,234440,F1,1,,,,,
2026-04-22,2026-04-22,CM,NSE,STK,3432,INE192A01025,TATACONSUM,EQ,,,,,TATA CONSUMER PRODUCT LTD,1144.0,1194.9,1139.8,1178.6,1180.0,1142.0,,1178.6,,,4284220,5043016259.5,87488,F1,1,,,,,
2026-04-22,2026-04-22,CM,NSE,STK,3411,INE670A01012,TATAELXSI,EQ,,,,,TATA ELXSI LIMITED,4589.6,4589.6,4350.0,4362.5,4352.0,4650.7,,4362.5,,,1796463,7977150649.3,120725,F1,1,,,,,
2026-04-22,2026-04-22,CM,NSE,STK,1621,INE672A01026,TATAINVEST,EQ,,,,,TATA INVESTMENT CORP LTD,726.05,762.25,725.15,731.4,730.0,722.25,,731.35,,,4744912,3519664850.55,109809,F1,1,,,,,
2026-04-22,2026-04-22,CM,NSE,STK,759782,INE1TAE01010,TMCV,EQ,,,,,TATA MOTORS LIMITED,442.05,449.9,440.6,447.8,448.45,442.55,,447.8,,,7580971,3387046863.45,95249,F1,1,,,,,
2026-04-22,2026-04-22,CM,NSE,STK,3456,INE155A01022,TMPV,EQ,,,,,TATA MOTORS PASS VEH LTD,355.45,367.95,353.4,361.85,362.1,355.9,,361.85,,,14994313,5436923699.7,138917,F1,1,,,,,
2026-04-22,2026-04-22,CM,NSE,STK,3426,INE245A01021,TATAPOWER,EQ,,,,,TATA POWER CO LTD,436.0,440.8,434.8,436.05,436.0,436.05,,436.05,,,5945688,2604544319.0,58659,F1,1,,,,,
2026-04-22,2026-04-22,CM,NSE,STK,3499,INE081A01020,TATASTEEL,EQ,,,,,TATA STEEL LIMITED,211.0,213.78,210.51,213.03,212.6,212.01,,213.03,,,20795714,4424255827.33,106593,F1,1,,,,,
2026-04-22,2026-04-22,CM,NSE,STK,20293,INE142M01025,TATATECH,EQ,,,,,TATA TECHNOLOGIES LIMITED,579.45,580.0,572.85,575.3,574.0,583.45,,575.3,,,721477,415686812.35,25601,F1,1,,,,,
2026-04-22,2026-04-22,CM,NSE,STK,8954,INE517B01013,TTML,EQ,,,,,TATA TELESERV(MAHARASTRA),43.75,44.59,43.56,44.33,44.5,43.61,,44.33,,,3489065,153945770.42,14185,F1,1,,,,,
2026-04-22,2026-04-22,CM,NSE,STK,7838,INF277K015R5,NETF,EQ,,,,,TATAAML - NETF,263.21,265.5,261.55,263.71,264.07,264.87,,263.71,,,2391,631846.27,114,F1,1,,,,,
2026-04-22,2026-04-22,CM,NSE,STK,12978,INF277K010X4,NPBET,EQ,,,,,TATAAML - NPBET,282.12,282.27,280.46,281.26,281.26,282.49,,281.26,,,398,111895.66,22,F1,1,,,,,
2026-04-22,2026-04-22,CM,NSE,STK,8882,INF277KA1364,TNIDETF,EQ,,,,,TATAAML - TNIDETF,82.55,84.99,82.15,82.69,82.98,83.99,,82.69,,,99958,8263516.82,1147,F1,1,,,,,
2026-04-22,2026-04-22,CM,NSE,STK,21401,INF277KA1976,TATAGOLD,EQ,,,,,TATAAML-TATAGOLD,14.69,14.74,14.57,14.66,14.65,14.69,,14.66,,,61938218,907887530.68,65528,F1,1,,,,,
2026-04-22,2026-04-22,CM,NSE,STK,21428,INF277KA1984,TATSILV,EQ,,,,,TATAAML-TATSILV,24.08,24.09,23.81,23.96,23.93,24.1,,23.96,,,49268582,1181296011.6,51899,F1,1,,,,,
2026-04-22,2026-04-22,CM,NSE,STK,5162,INE0GK401011,TATVA,EQ,,,,,TATVA CHIN PHARM CHEM LTD,1278.2,1334.4,1271.1,1321.4,1330.0,1279.2,,1321.4,,,46242,60298467.3,3320,F1,1,,,,,
2026-04-22,2026-04-22,CM,NSE,STK,759756,INE0XWS01018,TAURIAN,SM,,,,,TAURIAN MPS LIMITED,288.95,292.0,286.05,286.05,286.05,289.0,,286.05,,,8800,2539760.0,10,F1,800,,,,,
2026-04-22,2026-04-22,CM,NSE,STK,11754,INE053F07835,753IRFC30,NJ,,,,,TAX FREE  7.53% SR. 103 A,1114.0,1119.99,1113.0,1117.29,1115.0,1125.0,,1117.29,,,850,947282.61,12,F1,1,,,,,
2026-04-22,2026-04-22,CM,NSE,STK,14529,INE906B07EP5,769NHAI31,NE,,,,,TAX FREE 7.69% SR. IIB,1136.0,1136.0,1136.0,1136.0,1136.0,1132.13,,1136.0,,,91,103376.0,1,F1,1,,,,,
2026-04-22,2026-04-22,CM,NSE,STK,12003,INE906B07EJ8,76NHAI31,,,,,,TAX FREE7.60% SR.IIB,1097.99,1097.99,1091.5,1091.9,1091.9,1098.0,,1091.7,,,1186,1296575.89,15,F1,1,,,,,
2026-04-22,2026-04-22,CM,NSE,STK,24019,INE0N2D01013,TBI,SM,,,,,TBI CORN LIMITED,74.05,77.4,74.0,74.7,74.0,74.05,,74.7,,,29400,2196330.0,42,F1,600,,,,,
2026-04-22,2026-04-22,CM,NSE,STK,23740,INE673O01025,TBOTEK,EQ,,,,,TBO TEK LIMITED,1268.0,1300.5,1268.0,1277.2,1277.4,1279.3,,1277.1,,,136663,175074486.4,8410,F1,1,,,,,
2026-04-22,2026-04-22,CM,NSE,STK,761814,INE887D01016,TCC,EQ,,,,,TCC CONCEPT LIMITED,390.6,410.0,390.6,400.95,395.1,401.05,,400.75,,,5392,2176160.8,308,F1,1,,,,,
2026-04-22,2026-04-22,CM,NSE,STK,19223,INE586V01016,TCIEXP,EQ,,,,,TCI EXPRESS LIMITED,533.0,544.75,526.0,537.9,542.5,528.6,,537.7,,,12311,6550855.45,669,F1,1,,,,,
2026-04-22,2026-04-22,CM,NSE,STK,4771,INE911B01018,TCIFINANCE,EQ,,,,,TCI FINANCE LTD,14.37,14.9,14.07,14.69,14.78,14.37,,14.69,,,19539,285260.76,270,F1,1,,,,,
2026-04-22,2026-04-22,CM,NSE,STK,184,INE822C01015,TCPLPACK,EQ,,,,,TCPL PACKAGING LIMITED,2653.1,2676.5,2600.1,2670.2,2674.5,2653.1,,2670.2,,,1418,3767635.6,298,F1,1,,,,,
2026-04-22,2026-04-22,CM,NSE,STK,25178,INE419M01027,TDPOWERSYS,EQ,,,,,TD POWER SYSTEMS LTD.,1017.45,1066.9,1005.1,1062.7,1061.0,1017.45,,1062.7,,,1014470,1061775183.25,37316,F1,1,,,,,
2026-04-22,2026-04-22,CM,NSE,STK,10717,INE289C01025,TEAMGTY,EQ,,,,,TEAM INDIA GUARANTY LTD,267.99,267.99,256.01,262.62,265.9,259.88,,262.62,,,896,234134.79,112,F1,1,,,,,
2026-04-22,2026-04-22,CM,NSE,STK,12716,INE985S01024,TEAMLEASE,EQ,,,,,TEAMLEASE SERVICES LTD.,1256.5,1258.0,1228.2,1238.0,1239.0,1250.3,,1238.0,,,20736,25669707.9,2009,F1,1,,,,,
2026-04-22,2026-04-22,CM,NSE,STK,16996,INE065J01024,TPHQ,EQ,,,,,TEAMO PRODUCTIONS HQ LTD,0.57,0.59,0.57,0.57,0.58,0.57,,0.57,,,1246770,723655.94,396,F1,1,,,,,
2026-04-22,2026-04-22,CM,NSE,STK,13538,INE669C01036,TECHM,EQ,,,,,TECH MAHINDRA LIMITED,1463.4,1502.8,1404.1,1462.6,1463.3,1500.8,,1462.6,,,11668801,16953043260.7,311306,F1,1,,,,,
2026-04-22,2026-04-22,CM,NSE,STK,759138,INE0Y5H01014,TECHD,SM,,,,,TECHD CYBERSECURITY LTD,555.9,557.0,512.0,515.8,517.5,542.85,,515.8,,,43800,22902120.0,67,F1,600,,,,,
2026-04-22,2026-04-22,CM,NSE,STK,25652,INE0JQS01019,TECHERA,SM,,,,,TECHERA ENGINEER (IND) L,194.0,198.55,192.05,193.8,194.0,194.6,,193.8,,,88000,17110360.0,101,F1,800,,,,,
2026-04-22,2026-04-22,CM,NSE,STK,6445,INE285K01026,TECHNOE,EQ,,,,,TECHNO ELEC & ENG CO. LTD,1251.35,1269.05,1236.2,1250.0,1246.0,1251.3,,1250.2,,,201307,252740312.95,10830,F1,1,,,,,
2026-04-22,2026-04-22,CM,NSE,STK,14223,INE545H01011,TIIL,EQ,,,,,TECHNOCRAFT IND LTD,2504.0,2567.9,2504.0,2533.5,2545.0,2504.1,,2533.8,,,5500,13982059.6,1133,F1,1,,,,,
2026-04-22,2026-04-22,CM,NSE,STK,762939,INE314H01012,TECHNVISN,EQ,,,,,TECHNVISION VENTURES LTD.,6072.0,6072.05,5887.95,5900.0,5900.0,6072.0,,5900.0,,,209,1234495.65,32,F1,1,,,,,
2026-04-22,2026-04-22,CM,NSE,STK,3453,INE014B01011,TECILCHEM,EQ,,,,,TECIL CHEMICALS,14.49,15.0,13.1,14.08,14.09,12.5,,14.07,,,235414,3435378.05,767,F1,1,,,,,
2026-04-22,2026-04-22,CM,NSE,STK,23530,INE0K6601012,TGL,ST,,,,,TEERTH GOPICON LIMITED,29.95,29.95,29.95,29.95,29.95,30.55,,29.95,,,8200,245590.0,23,F1,200,,,,,
2026-04-22,2026-04-22,CM,NSE,STK,7105,INE011K01018,TEGA,EQ,,,,,TEGA INDUSTRIES LIMITED,1727.0,1734.5,1714.9,1724.5,1730.0,1714.0,,1724.5,,,23076,39783059.4,2453,F1,1,,,,,
2026-04-22,2026-04-22,CM,NSE,STK,29723,INE17WC01013,TEJASCARGO,SM,,,,,TEJAS CARGO INDIA LIMITED,279.0,279.0,279.0,279.0,279.0,279.0,,279.0,,,400,111600.0,1,F1,400,,,,,
2026-04-22,2026-04-22,CM,NSE,STK,21131,INE010J01012,TEJASNET,EQ,,,,,TEJAS NETWORKS LIMITED,404.0,415.95,403.7,407.95,408.0,406.95,,407.95,,,1555765,636430156.65,24508,F1,1,,,,,
2026-04-22,2026-04-22,CM,NSE,STK,3275,INE869Y01010,TEMBO,EQ,,,,,TEMBO GLOBAL IND LTD,630.0,632.0,616.25,619.7,619.2,625.05,,619.7,,,181628,113073699.15,3359,F1,1,,,,,
2026-04-22,2026-04-22,CM,NSE,STK,759880,INE19RI01016,TENNIND,EQ,,,,,TENNECO CLEAN AIR INDIA L,597.0,601.5,584.1,591.5,590.0,592.25,,591.5,,,526062,311904890.25,28974,F1,1,,,,,
2026-04-22,2026-04-22,CM,NSE,STK,19292,INE482B01010,TERASOFT,EQ,,,,,TERA SOFTWARE LIMITED,337.5,342.0,332.0,337.9,340.0,342.15,,337.95,,,13871,4664336.85,804,F1,1,,,,,
2026-04-22,2026-04-22,CM,NSE,STK,11549,INE435C01024,TEXINFRA,EQ,,,,,TEXMACO INFRA & HOLDG LTD,98.4,101.4,98.4,98.97,99.0,98.78,,98.97,,,31003,3095838.7,502,F1,1,,,,,
2026-04-22,2026-04-22,CM,NSE,STK,21828,INE621L01012,TEXRAIL,EQ,,,,,TEXMACO RAIL & ENG. LTD.,103.76,106.69,103.5,106.33,106.2,103.76,,106.33,,,1650741,173505559.95,8128,F1,1,,,,,
2026-04-22,2026-04-22,CM,NSE,STK,18214,INE141K01013,TEXMOPIPES,EQ,,,,,TEXMO PIPE & PRODUCTS LTD,47.0,47.5,46.0,46.65,46.9,46.73,,46.65,,,37781,1764491.38,452,F1,1,,,,,
2026-04-22,2026-04-22,CM,NSE,STK,10751,INE733E07JW2,762NTPC35F,ND,,,,,TFB 7.62% 2035 SR. 3B,1217.99,1217.99,1195.0,1209.99,1209.99,1190.11,,1209.99,,,572,684669.93,8,F1,1,,,,,
2026-04-22,2026-04-22,CM,NSE,STK,14607,INE797H01018,TGBHOTELS,EQ,,,,,TGB BANQUETS&HOTELS LTD,10.0,10.0,9.6,9.98,9.99,9.99,,9.98,,,2570,25446.07,76,F1,1,,,,,
2026-04-22,2026-04-22,CM,NSE,STK,22777,INE0QJL01014,TCL,SM,,,,,THAAI CASTING LIMITED,99.0,99.0,99.0,99.0,99.0,99.0,,99.0,,,800,79200.0,1,F1,800,,,,,
2026-04-22,2026-04-22,CM,NSE,STK,762944,INE077P01034,THACKER,EQ,,,,,THACKER & CO. LTD.,1050.0,1200.0,1000.0,1022.0,1010.85,1032.0,,1022.5,,,354,385331.15,68,F1,1,,,,,
2026-04-22,2026-04-22,CM,NSE,STK,762949,INE403F01017,THAKDEV,EQ,,,,,THAKKERS DEVELOPERS LTD.,135.6,135.6,135.5,135.6,135.6,129.15,,138.35,,,19,2575.3,6,F1,1,,,,,
2026-04-22,2026-04-22,CM,NSE,STK,18118,INE085J01014,THANGAMAYL,EQ,,,,,THANGAMAYIL JEWELLERY LTD,4140.0,4253.2,4009.0,4022.9,4048.0,4127.9,,4022.8,,,125394,518257546.0,23500,F1,1,,,,,
2026-04-22,2026-04-22,CM,NSE,STK,9014,INE294Z01018,ANUP,EQ,,,,,THE ANUP ENGINEERING LTD,2052.0,2069.9,2002.9,2052.6,2065.8,2044.7,,2052.6,,,33154,67551784.2,5471,F1,1,,,,,
2026-04-22,2026-04-22,CM,NSE,STK,7930,INE319B01014,BYKE,BE,,,,,THE BYKE HOSPITALITY LTD,39.47,40.3,38.0,38.27,38.7,39.53,,38.27,,,59733,2315649.65,242,F1,1,,,,,
2026-04-22,2026-04-22,CM,NSE,STK,13776,INE017A01032,GESHIP,EQ,,,,,THE GE SHPG.LTD,1449.0,1463.6,1432.5,1449.1,1450.0,1445.6,,1449.0,,,233855,339054368.3,17818,F1,1,,,,,
2026-04-22,2026-04-22,CM,NSE,STK,17770,INE646C01018,GROBTEA,EQ,,,,,THE GROB TEA COMPANY LTD,996.0,996.0,940.05,950.75,945.0,962.1,,950.75,,,222,212102.5,56,F1,1,,,,,
2026-04-22,2026-04-22,CM,NSE,STK,8568,INE127B01011,HITECHGEAR,BE,,,,,THE HI-TECH GEARS LIMITED,635.1,635.1,620.0,630.45,635.0,631.95,,637.3,,,1152,721985.6,36,F1,1,,,,,
2026-04-22,2026-04-22,CM,NSE,STK,1515,INE383A01012,INDIACEM,EQ,,,,,THE INDIA CEMENTS LIMITED,419.25,425.65,415.55,422.95,420.7,418.45,,422.95,,,160821,67896068.4,6946,F1,1,,,,,
2026-04-22,2026-04-22,CM,NSE,STK,1512,INE053A01029,INDHOTEL,EQ,,,,,THE INDIAN HOTELS CO. LTD,662.9,666.05,657.5,659.7,659.0,666.15,,659.7,,,1658342,1095294642.0,33078,F1,1,,,,,
2026-04-22,2026-04-22,CM,NSE,STK,21427,INE924D01017,THEINVEST,EQ,,,,,THE INVEST TRUST OF IND L,105.03,106.0,104.05,105.76,106.0,105.04,,105.76,,,2728,286226.93,95,F1,1,,,,,
2026-04-22,2026-04-22,CM,NSE,STK,399,INE470Y01017,NIACL,EQ,,,,,THE NEW INDIA ASSU CO LTD,164.0,165.0,162.05,162.8,163.2,163.7,,162.81,,,854051,139591237.45,11597,F1,1,,,,,
2026-04-22,2026-04-22,CM,NSE,STK,10321,INE431F01018,PKTEA,EQ,,,,,THE P K TEA PROD CO LTD,782.0,782.0,755.1,759.0,759.0,782.0,,759.0,,,72,54470.1,20,F1,1,,,,,
2026-04-22,2026-04-22,CM,NSE,STK,14552,INE211B01039,PHOENIXLTD,EQ,,,,,THE PHOENIX MILLS LTD,1807.0,1819.5,1800.0,1809.4,1810.9,1807.0,,1809.4,,,158983,287745691.3,16008,F1,1,,,,,
2026-04-22,2026-04-22,CM,NSE,STK,2043,INE331A01037,RAMCOCEM,EQ,,,,,THE RAMCO CEMENTS LIMITED,1003.0,1005.15,987.45,991.9,989.05,1003.6,,992.0,,,126300,125543190.85,6995,F1,1,,,,,
2026-04-22,2026-04-22,CM,NSE,STK,2939,INE301D01026,RUBYMILLS,EQ,,,,,THE RUBY MILLS LTD,236.29,239.49,230.36,235.46,233.05,235.01,,235.28,,,13434,3159413.55,476,F1,1,,,,,
2026-04-22,2026-04-22,CM,NSE,STK,5948,INE683A01023,SOUTHBANK,EQ,,,,,THE SOUTH INDIAN BANK LTD,39.55,40.2,39.43,39.85,39.83,39.53,,39.85,,,11977853,477081261.8,22035,F1,1,,,,,
2026-04-22,2026-04-22,CM,NSE,STK,10948,INE655A01013,STCINDIA,EQ,,,,,THE STATE TRADING CORPN,120.75,126.9,120.21,122.76,123.45,120.18,,122.8,,,221282,27410645.78,3381,F1,1,,,,,
2026-04-22,2026-04-22,CM,NSE,STK,19578,INE071E01023,UGARSUGAR,EQ,,,,,THE UGAR SUGAR WORKS LTD,39.85,41.0,39.37,40.73,40.59,39.35,,40.69,,,500790,20284906.05,2548,F1,1,,,,,
2026-04-22,2026-04-22,CM,NSE,STK,20481,INE215F01023,WIPL,EQ,,,,,THE WESTERN INDIA PLY LTD,156.01,158.39,154.0,154.05,154.0,155.11,,154.05,,,3581,557618.92,66,F1,1,,,,,
2026-04-22,2026-04-22,CM,NSE,STK,19279,INE121N01019,THEJO,EQ,,,,,THEJO ENGINEERING LIMITED,1843.5,1869.8,1830.0,1839.7,1843.6,1843.8,,1839.7,,,2115,3889559.2,279,F1,1,,,,,
2026-04-22,2026-04-22,CM,NSE,STK,14485,INE083B01024,THEMISMED,EQ,,,,,THEMIS MEDICARE LTD.,90.65,92.74,90.0,91.26,91.5,92.22,,91.23,,,30023,2735416.68,990,F1,1,,,,,
2026-04-22,2026-04-22,CM,NSE,STK,3475,INE152A01029,THERMAX,EQ,,,,,THERMAX LTD,4148.4,4166.1,4047.0,4053.1,4049.8,4125.1,,4053.1,,,154799,632702522.3,33159,F1,1,,,,,
2026-04-22,2026-04-22,CM,NSE,STK,3496,INE338A01024,TIRUMALCHM,EQ,,,,,THIRUMALAI CHEMICALS LTD,199.89,203.44,197.32,200.12,199.1,199.06,,200.12,,,153629,30710694.83,3002,F1,1,,,,,
2026-04-22,2026-04-22,CM,NSE,STK,3481,INE332A01027,THOMASCOOK,EQ,,,,,THOMAS COOK (INDIA) LTD,107.21,108.4,105.27,107.02,107.24,107.3,,107.02,,,678118,72525333.47,9351,F1,1,,,,,
2026-04-22,2026-04-22,CM,NSE,STK,31017,INE480M01011,THOMASCOTT,EQ,,,,,THOMAS SCOTT (INDIA) LTD,276.33,277.0,263.52,272.11,272.94,273.6,,272.17,,,12886,3521295.27,627,F1,1,,,,,
2026-04-22,2026-04-22,CM,NSE,STK,17032,INE594H01019,THYROCARE,EQ,,,,,THYROCARE TECH LTD,386.5,397.0,385.05,395.6,396.95,387.5,,395.6,,,173400,68132021.15,11213,F1,1,,,,,
2026-04-22,2026-04-22,CM,NSE,STK,759176,INE906O01029,TIGERLOGS,EQ,,,,,TIGER LOGISTICS (INDIA) L,32.5,34.02,32.5,33.18,33.4,33.18,,33.19,,,58161,1935847.11,573,F1,1,,,,,
2026-04-22,2026-04-22,CM,NSE,STK,25486,INE440L01017,TIJARIA,BE,,,,,TIJARIA POLYPIPES LTD,4.69,4.69,4.6,4.6,4.6,4.69,,4.69,,,5369,24741.88,41,F1,1,,,,,
2026-04-22,2026-04-22,CM,NSE,STK,3484,INE806C01018,TIL,EQ,,,,,TIL LTD,200.0,206.0,196.1,200.11,198.1,199.79,,200.11,,,80249,16060176.86,1116,F1,1,,,,,
2026-04-22,2026-04-22,CM,NSE,STK,762405,IN9806C01016,TILPP,E1,,,,,TIL RS.7.50 PPD UP,158.77,158.9,154.0,157.09,158.65,156.51,,157.06,,,35423,5533302.0,123,F1,1,,,,,
2026-04-22,2026-04-22,CM,NSE,STK,19196,INE133E01013,TI,EQ,,,,,TILAKNAGAR INDUSTRIES LTD,474.0,480.0,470.25,476.55,476.5,473.9,,476.5,,,623816,297062421.55,15331,F1,1,,,,,
2026-04-22,2026-04-22,CM,NSE,STK,14707,INE508G01029,TIMETECHNO,EQ,,,,,TIME TECHNOPLAST LTD.,192.4,194.31,191.0,192.54,193.0,191.02,,192.54,,,2979302,573153377.57,25988,F1,1,,,,,
2026-04-22,2026-04-22,CM,NSE,STK,7800,INE0IJY01014,TIMESCAN,SM,,,,,TIMESCAN LOGISTICS IND L,43.4,43.4,40.6,40.6,40.6,41.35,,40.6,,,4000,168000.0,2,F1,2000,,,,,
2026-04-22,2026-04-22,CM,NSE,STK,762954,INE064A01026,TIMEX,EQ,,,,,TIMEX GROUP INDIA LTD.,329.0,342.75,325.6,339.0,337.25,330.85,,338.95,,,408165,137643732.6,6130,F1,1,,,,,
2026-04-22,2026-04-22,CM,NSE,STK,14198,INE325A01013,TIMKEN,EQ,,,,,TIMKEN INDIA LTD.,3530.0,3653.0,3483.0,3633.0,3601.0,3509.4,,3632.9,,,127676,461566806.9,19823,F1,1,,,,,
2026-04-22,2026-04-22,CM,NSE,STK,756020,INE015C01016,TINNARUBR,EQ,,,,,TINNA RUBBER AND INFR LTD,698.0,720.0,698.0,715.0,718.0,711.95,,714.9,,,12699,9051415.4,1320,F1,1,,,,,
2026-04-22,2026-04-22,CM,NSE,STK,11374,INE0LQS01015,TIPSFILMS,EQ,,,,,TIPS FILMS LIMITED,381.85,388.95,372.25,381.1,384.95,385.35,,380.15,,,4060,1547135.0,268,F1,1,,,,,
2026-04-22,2026-04-22,CM,NSE,STK,9117,INE716B01029,TIPSMUSIC,EQ,,,,,TIPS MUSIC LIMITED,601.0,609.45,592.6,599.6,601.0,600.5,,599.5,,,215718,129678378.05,13838,F1,1,,,,,
2026-04-22,2026-04-22,CM,NSE,STK,22284,INE319Y01024,TIRUPATIFL,BE,,,,,TIRUPATI FORGE LIMITED,44.0,46.09,43.0,45.17,45.0,44.66,,45.17,,,190592,8608783.49,710,F1,1,,,,,
2026-04-22,2026-04-22,CM,NSE,STK,15414,INE615H01020,TITAGARH,EQ,,,,,TITAGARH RAIL SYSTEMS LTD,737.0,748.25,733.5,743.05,744.0,736.95,,743.05,,,667407,495129834.2,19132,F1,1,,,,,
2026-04-22,2026-04-22,CM,NSE,STK,3506,INE280A01028,TITAN,EQ,,,,,TITAN COMPANY LIMITED,4461.7,4492.0,4445.2,4454.6,4455.0,4479.7,,4454.6,,,596352,2662453683.0,63826,F1,1,,,,,
2026-04-22,2026-04-22,CM,NSE,STK,9710,INE932C01012,TOKYOPLAST,BE,,,,,TOKYO PLAST  INTL LTD.,101.5,101.5,97.0,99.75,99.89,101.3,,99.63,,,5638,553609.4,94,F1,1,,,,,
2026-04-22,2026-04-22,CM,NSE,STK,25262,INE0RWQ01014,TOLINS,EQ,,,,,TOLINS TYRES LIMITED,114.0,114.0,110.0,111.75,112.49,113.97,,111.74,,,83368,9331403.01,1396,F1,1,,,,,
2026-04-22,2026-04-22,CM,NSE,STK,3518,INE685A01028,TORNTPHARM,EQ,,,,,TORRENT PHARMACEUTICALS L,4138.9,4140.6,4071.2,4084.6,4084.9,4135.7,,4084.5,,,413095,1692214160.1,34931,F1,1,,,,,
2026-04-22,2026-04-22,CM,NSE,STK,13786,INE813H01021,TORNTPOWER,EQ,,,,,TORRENT POWER LTD,1621.0,1663.7,1616.0,1657.4,1654.0,1621.5,,1657.4,,,840616,1389023928.4,33770,F1,1,,,,,
2026-04-22,2026-04-22,CM,NSE,STK,22423,INE336X01012,TOTAL,EQ,,,,,TOTAL TRANSPORT SYS LTD,58.0,58.0,53.6,55.11,55.0,55.24,,55.11,,,15655,868573.74,228,F1,1,,,,,
2026-04-22,2026-04-22,CM,NSE,STK,16908,INE486Y01013,TOUCHWOOD,EQ,,,,,TOUCHWOOD ENTERTAIN LTD.,75.5,77.67,75.5,75.7,75.7,74.4,,75.7,,,1630,123606.22,39,F1,1,,,,,
2026-04-22,2026-04-22,CM,NSE,STK,3466,INE305A01023,TFCILTD,EQ,,,,,TOURISM FINANCE CORP. OF,75.99,76.5,74.87,75.12,75.21,75.43,,75.12,,,2024915,153143741.31,7265,F1,1,,,,,
2026-04-22,2026-04-22,CM,NSE,STK,9219,INE413G01022,TPLPLASTEH,EQ,,,,,TPL PLASTECH LIMITED,69.0,70.24,67.15,67.77,67.3,69.14,,67.77,,,184113,12553824.91,1102,F1,1,,,,,
2026-04-22,2026-04-22,CM,NSE,STK,11582,INE0HMF01019,TRACXN,EQ,,,,,TRACXN TECHNOLOGIES LTD,33.51,34.9,33.51,34.38,34.49,34.43,,34.38,,,131575,4515595.08,1164,F1,1,,,,,
2026-04-22,2026-04-22,CM,NSE,STK,15174,INE763I01026,TARIL,EQ,,,,,TRANS & RECTI. LTD,298.0,315.65,295.0,309.6,310.3,333.3,,309.6,,,26742230,8171319933.7,208376,F1,1,,,,,
2026-04-22,2026-04-22,CM,NSE,STK,17795,INE0O3901029,TREL,EQ,,,,,TRANSINDIA REAL ESTATE L,26.55,27.3,26.51,27.06,27.19,26.55,,26.99,,,32314,869130.02,406,F1,1,,,,,
2026-04-22,2026-04-22,CM,NSE,STK,3531,INE687A01016,TRANSPEK,EQ,,,,,TRANSPEK INDUSTRY LTD,1136.01,1181.0,1136.0,1170.52,1173.0,1148.84,,1170.74,,,1471,1710751.5,128,F1,1,,,,,
2026-04-22,2026-04-22,CM,NSE,STK,10580,INE688A01022,TCI,EQ,,,,,TRANSPORT CORPN OF INDIA,969.95,972.95,927.3,962.45,958.75,969.95,,962.45,,,120059,113612219.4,8601,F1,1,,,,,
2026-04-22,2026-04-22,CM,NSE,STK,28714,INE454P01035,TRANSRAILL,EQ,,,,,TRANSRAIL LIGHTING LTD,598.85,610.5,582.5,587.25,588.0,590.25,,587.25,,,1679625,994965753.8,49722,F1,1,,,,,
2026-04-22,2026-04-22,CM,NSE,STK,19801,INE0NVI01020,TRANSTEEL,SM,,,,,TRANSTEEL SEATING TECH L,136.2,140.45,136.2,138.95,139.0,138.65,,138.95,,,12000,1657700.0,12,F1,1000,,,,,
2026-04-22,2026-04-22,CM,NSE,STK,14319,INE804H01012,TFL,EQ,,,,,TRANSWARRANTY FIN. LTD.,12.51,12.92,12.0,12.13,12.07,12.39,,12.13,,,9678,119901.79,131,F1,1,,,,,
2026-04-22,2026-04-22,CM,NSE,STK,21260,INE792X01016,TRANSWIND,SM,,,,,TRANSWIND INFRA LIMITED,17.5,17.5,17.5,17.5,17.5,17.5,,17.5,,,4000,70000.0,1,F1,4000,,,,,
2026-04-22,2026-04-22,CM,NSE,STK,3129,INE757B01015,TRANSWORLD,EQ,,,,,TRANSWORLD SHIP LINES LTD,170.0,185.0,168.5,179.24,179.5,168.32,,179.23,,,37447,6609236.47,816,F1,1,,,,,
2026-04-22,2026-04-22,CM,NSE,STK,757545,INE103V01028,TRAVELFOOD,EQ,,,,,TRAVEL FOOD SERVICES LTD,1294.0,1325.1,1292.0,1298.1,1299.9,1299.7,,1298.1,,,18752,24533436.8,2591,F1,1,,,,,
2026-04-22,2026-04-22,CM,NSE,STK,25086,INE040M01013,TREEHOUSE,BE,,,,,TREE HOUSE EDU LTD,8.28,8.45,7.91,8.29,8.3,8.28,,8.27,,,6358,51768.93,67,F1,1,,,,,
2026-04-22,2026-04-22,CM,NSE,STK,7518,INE00CA01015,TREJHARA,EQ,,,,,TREJHARA SOLUTIONS LTD,178.97,182.15,173.8,174.84,173.8,173.48,,174.82,,,52375,9270176.59,2221,F1,1,,,,,
2026-04-22,2026-04-22,CM,NSE,STK,1964,INE849A01020,TRENT,EQ,,,,,TRENT LTD,4436.0,4498.0,4336.6,4434.5,4409.9,4390.5,,4434.6,,,2596869,11460458314.0,151761,F1,1,,,,,
2026-04-22,2026-04-22,CM,NSE,STK,17987,INE391D01019,TRF,EQ,,,,,TRF LIMITED,272.94,272.94,266.27,271.13,270.5,272.94,,271.13,,,22511,6072362.42,1583,F1,1,,,,,
2026-04-22,2026-04-22,CM,NSE,STK,27037,INE760L01018,TBZ,EQ,,,,,TRIB BHIMJI ZAVERI LTD,149.9,152.0,149.25,151.54,151.7,151.01,,151.54,,,133963,20267034.01,2791,F1,1,,,,,
2026-04-22,2026-04-22,CM,NSE,STK,9685,INE064C01022,TRIDENT,EQ,,,,,TRIDENT LIMITED,25.85,26.29,25.77,26.1,26.12,25.91,,26.1,,,4493371,117058241.43,12531,F1,1,,,,,
2026-04-22,2026-04-22,CM,NSE,STK,21078,INE0QD201012,TECHLABS,SM,,,,,TRIDENT TECHLABS LIMITED,227.75,231.0,222.25,225.05,224.6,227.75,,225.05,,,8500,1921881.25,62,F1,125,,,,,
2026-04-22,2026-04-22,CM,NSE,STK,17210,INE0LWY01029,TRIDHYA,SM,,,,,TRIDHYA TECH LIMITED,11.4,11.45,11.4,11.45,11.45,10.95,,11.45,,,6000,68550.0,2,F1,3000,,,,,
2026-04-22,2026-04-22,CM,NSE,STK,5428,INE948A01012,TRIGYN,EQ,,,,,TRIGYN TECHNOLOGIES LTD,56.9,59.0,56.25,58.45,58.9,56.45,,58.45,,,25519,1467136.97,493,F1,1,,,,,
2026-04-22,2026-04-22,CM,NSE,STK,13081,INE256C01024,TRIVENI,EQ,,,,,TRIVENI ENGG. & INDS. LTD,400.0,415.05,398.5,411.4,412.1,395.1,,411.4,,,1380626,563975776.35,30268,F1,1,,,,,
2026-04-22,2026-04-22,CM,NSE,STK,25584,INE152M01016,TRITURBINE,EQ,,,,,TRIVENI TURBINE LIMITED,565.0,576.8,562.0,570.9,570.9,570.1,,570.9,,,1612347,921048251.1,32496,F1,1,,,,,
2026-04-22,2026-04-22,CM,NSE,STK,24642,INE0SYV01018,TROM,SM,,,,,TROM INDUSTRIES LIMITED,71.6,71.6,71.6,71.6,71.6,72.0,,71.6,,,600,42960.0,1,F1,600,,,,,
2026-04-22,2026-04-22,CM,NSE,STK,759210,INE0MWH01014,TRUALT,EQ,,,,,TRUALT BIOENERGY LIMITED,460.65,470.0,457.65,459.8,458.95,457.0,,459.8,,,457538,211590525.05,10713,F1,1,,,,,
2026-04-22,2026-04-22,CM,NSE,STK,9378,INE615R01029,TRU,EQ,,,,,TRUCAP FINANCE LIMITED,6.2,6.21,5.92,6.0,5.99,6.21,,6.01,,,156627,945676.01,343,F1,1,,,,,
2026-04-22,2026-04-22,CM,NSE,STK,23417,INE0SWN01019,TRUST,SM,,,,,TRUST FINTECH LIMITED,40.0,41.7,38.25,41.35,41.65,40.05,,41.35,,,8400,341490.0,12,F1,600,,,,,
2026-04-22,2026-04-22,CM,NSE,STK,2183,INE202Z01029,TSFINV,EQ,,,,,TSF INVESTMENTS LIMITED,418.0,424.0,415.1,418.4,417.35,419.0,,418.4,,,73496,30773502.05,3780,F1,1,,,,,
2026-04-22,2026-04-22,CM,NSE,STK,27537,INE1C3207057,935TSI27,N0,,,,,TSI 9.35% 27 SR I-A,101911.0,101911.0,101911.0,101911.0,101911.0,101002.33,,101911.0,,,1,101911.0,1,F1,1,,,,,
2026-04-22,2026-04-22,CM,NSE,STK,27421,INE1C3207081,935TSIIC28,N0,,,,,TSIIC 9.35% 2028 SR I- B,102550.0,102550.0,102550.0,102550.0,102550.0,102600.0,,102550.0,,,2,205100.0,2,F1,1,,,,,
2026-04-22,2026-04-22,CM,NSE,STK,11369,INE910C01018,TTKHLTCARE,EQ,,,,,TTK HEALTHCARE LIMITED,929.15,934.9,917.05,923.85,931.6,924.95,,923.75,,,1429,1321062.8,170,F1,1,,,,,
2026-04-22,2026-04-22,CM,NSE,STK,3546,INE690A01028,TTKPRESTIG,EQ,,,,,TTK PRESTIGE LTD,505.0,510.75,496.0,505.7,507.9,501.0,,505.7,,,72674,36701160.4,5242,F1,1,,,,,
2026-04-22,2026-04-22,CM,NSE,STK,312,INE974X01010,TIINDIA,EQ,,,,,TUBE INVEST OF INDIA LTD,2900.0,3054.0,2885.3,3024.4,3024.0,2885.2,,3024.4,,,488674,1458361606.9,35503,F1,1,,,,,
2026-04-22,2026-04-22,CM,NSE,STK,24520,INE0OXV01027,TUNWAL,SM,,,,,TUNWAL E-MOTORS LIMITED,32.65,32.65,31.6,32.15,32.0,32.75,,32.15,,,252000,8119400.0,69,F1,2000,,,,,
2026-04-22,2026-04-22,CM,NSE,STK,11275,INE038F01029,TVTODAY,EQ,,,,,TV TODAY NETWORK LTD,115.0,118.22,114.01,116.04,116.65,116.37,,116.04,,,52599,6134454.62,845,F1,1,,,,,
2026-04-22,2026-04-22,CM,NSE,STK,18504,INE871L01013,TVVISION,EQ,,,,,TV VISION LIMITED,5.66,5.66,5.2,5.35,5.45,5.26,,5.42,,,23830,127105.17,216,F1,1,,,,,
2026-04-22,2026-04-22,CM,NSE,STK,11265,INE236G01019,TVSELECT,EQ,,,,,TVS ELECTRONICS LTD,460.1,468.1,459.0,461.15,459.35,456.65,,461.2,,,48176,22309949.4,2187,F1,1,,,,,
2026-04-22,2026-04-22,CM,NSE,STK,29008,INE105A01035,TVSHLTD,EQ,,,,,TVS HOLDINGS LIMITED,14685.0,14799.0,14621.0,14666.0,14690.0,14685.0,,14665.0,,,3043,44706277.0,1128,F1,1,,,,,
2026-04-22,2026-04-22,CM,NSE,STK,8479,INE494B01023,TVSMOTOR,EQ,,,,,TVS MOTOR COMPANY  LTD,3724.1,3770.5,3648.4,3660.7,3658.0,3752.7,,3660.7,,,571597,2111878005.5,55516,F1,1,,,,,
2026-04-22,2026-04-22,CM,NSE,STK,761141,INE494B04019,TVSMNCRPS,P1,,,,,TVS MOTOR COMPANY LIMITED,10.15,10.2,10.1,10.15,10.2,10.15,,10.15,,,7744411,78589317.75,1578,F1,1,,,,,
2026-04-22,2026-04-22,CM,NSE,STK,14245,INE421C01016,TVSSRICHAK,EQ,,,,,TVS SRICHAKRA LIMITED,3940.0,3995.0,3935.0,3965.8,3995.0,3974.0,,3965.8,,,2965,11733319.9,671,F1,1,,,,,
2026-04-22,2026-04-22,CM,NSE,STK,18153,INE395N01027,TVSSCS,BE,,,,,TVS SUPPLY CHAIN SOL L,113.36,117.0,113.0,115.67,115.5,113.36,,115.67,,,231383,26698343.47,2110,F1,1,,,,,
2026-04-22,2026-04-22,CM,NSE,STK,19501,INE388G01026,TICL,EQ,,,,,TWAMEV CONS AND INFRA LTD,20.57,21.95,20.57,21.45,21.3,20.83,,21.45,,,2556069,55063454.81,1350,F1,1,,,,,
2026-04-22,2026-04-22,CM,NSE,STK,25626,INE152C01025,UYFINCORP,EQ,,,,,U. Y. FINCORP LIMITED,14.47,14.49,14.05,14.27,14.4,14.35,,14.25,,,58517,833354.84,166,F1,1,,,,,
2026-04-22,2026-04-22,CM,NSE,STK,3570,INE139B01016,UCAL,EQ,,,,,UCAL LIMITED,105.49,105.49,101.16,103.02,102.35,104.01,,102.92,,,7069,722562.26,225,F1,1,,,,,
2026-04-22,2026-04-22,CM,NSE,STK,755996,INE583D07562,10UCL26,ND,,,,,UCL 10.00% SR I,996.0,996.0,996.0,996.0,996.0,975.0,,996.0,,,100,99600.0,4,F1,1,,,,,
2026-04-22,2026-04-22,CM,NSE,STK,756004,INE583D07596,1050UCL28,NH,,,,,UCL 10.50% SR V,1013.0,1018.5,1005.4,1005.4,1005.4,1018.95,,1005.4,,,199,202222.0,6,F1,1,,,,,
2026-04-22,2026-04-22,CM,NSE,STK,11223,INE691A01018,UCOBANK,EQ,,,,,UCO BANK,26.44,27.16,26.44,27.03,27.05,26.64,,27.03,,,6506671,175465366.04,14752,F1,1,,,,,
2026-04-22,2026-04-22,CM,NSE,STK,14872,INE0N0Y01013,USK,BE,,,,,UDAYSHIVAKUMAR INFRA LTD,24.99,24.99,24.0,24.13,24.37,24.37,,24.13,,,17809,429473.45,74,F1,1,,,,,
2026-04-22,2026-04-22,CM,NSE,STK,1053,INE516A01017,UFLEX,EQ,,,,,UFLEX LIMITED,405.55,405.6,398.75,403.45,403.0,402.55,,403.45,,,19153,7704658.6,900,F1,1,,,,,
2026-04-22,2026-04-22,CM,NSE,STK,9039,INE527H01019,UFO,EQ,,,,,UFO MOVIEZ INDIA LTD.,73.79,73.79,72.0,72.96,73.21,72.99,,72.96,,,42750,3102749.89,660,F1,1,,,,,
2026-04-22,2026-04-22,CM,NSE,STK,5313,INE583D01011,UGROCAP,EQ,,,,,UGRO CAPITAL LIMITED,114.5,114.94,108.25,110.48,111.0,112.85,,110.48,,,679120,76230706.05,5615,F1,1,,,,,
2026-04-22,2026-04-22,CM,NSE,STK,23507,INE899L01030,UEL,EQ,,,,,UJAAS ENERGY LIMITED,165.5,174.0,165.5,167.18,167.99,168.88,,167.3,,,16210,2750315.94,755,F1,1,,,,,
2026-04-22,2026-04-22,CM,NSE,STK,15228,INE551W01018,UJJIVANSFB,EQ,,,,,UJJIVAN SMALL FINANC BANK,58.42,59.53,58.36,58.49,58.45,58.56,,58.49,,,14090676,831372868.02,43881,F1,1,,,,,
2026-04-22,2026-04-22,CM,NSE,STK,762961,INE405A01021,ULTRAMAR,EQ,,,,,ULTRAMARINE & PIGMENTS L,414.75,414.8,402.1,410.55,411.9,411.85,,410.25,,,6390,2613947.2,209,F1,1,,,,,
2026-04-22,2026-04-22,CM,NSE,STK,11532,INE481G01011,ULTRACEMCO,EQ,,,,,ULTRATECH CEMENT LIMITED,12013.0,12222.0,12001.0,12193.0,12140.0,12039.0,,12193.0,,,312307,3791270519.0,45459,F1,1,,,,,
2026-04-22,2026-04-22,CM,NSE,STK,13349,INE067901012,UMA,SM,,,,,UMA CONVERTER LIMITED,18.4,20.5,18.4,19.35,20.0,18.1,,19.35,,,52000,992400.0,13,F1,4000,,,,,
2026-04-22,2026-04-22,CM,NSE,STK,8845,INE0GIU01018,UMAEXPORTS,BE,,,,,UMA EXPORTS LIMITED,28.2,28.47,26.79,27.79,27.82,28.2,,27.76,,,27550,750051.38,187,F1,1,,,,,
2026-04-22,2026-04-22,CM,NSE,STK,8998,INE398B01018,UMIYA-MRO,EQ,,,,,UMIYA BUILDCON LIMITED,84.5,87.0,82.8,85.33,86.0,86.8,,85.33,,,7783,660578.4,234,F1,1,,,,,
2026-04-22,2026-04-22,CM,NSE,STK,16894,INE033L08270,TCHF30,NB,,,,,UN SE RE NCD 8.55% SR.VI,1045.0,1050.0,1045.0,1049.99,1049.99,1040.0,,1050.0,,,1065,1114475.3,20,F1,1,,,,,
2026-04-22,2026-04-22,CM,NSE,STK,3579,INE351A01035,UNICHEMLAB,EQ,,,,,UNICHEM LABORATORIES LTD,348.8,395.0,346.05,370.0,370.0,346.6,,370.0,,,177711,65939874.0,6287,F1,1,,,,,
2026-04-22,2026-04-22,CM,NSE,STK,24809,INE00U401027,UNIECOM,EQ,,,,,UNICOMMERCE ESOLUTIONS L,102.1,103.95,101.49,103.04,103.2,102.91,,103.08,,,339447,34894130.41,3311,F1,1,,,,,
2026-04-22,2026-04-22,CM,NSE,STK,18591,INE0PRF01011,UNIHEALTH,ST,,,,,UNIHEALTH HOSPITALS LTD,510.0,518.15,500.0,518.15,518.15,493.5,,518.15,,,41000,21138550.0,38,F1,1000,,,,,
2026-04-22,2026-04-22,CM,NSE,STK,7791,INE481Z01011,UNIINFO,EQ,,,,,UNIINFO TELECOM SERVI LTD,14.21,15.21,14.21,14.93,14.93,15.17,,14.93,,,5170,75606.45,100,F1,1,,,,,
2026-04-22,2026-04-22,CM,NSE,STK,25633,INE0B2801011,UNILEX,SM,,,,,UNILEX COLOURS AND CHEM L,27.5,28.0,27.5,28.0,28.0,28.0,,28.0,,,3200,88800.0,2,F1,1600,,,,,
2026-04-22,2026-04-22,CM,NSE,STK,28960,INE0U3I01011,UNIMECH,EQ,,,,,UNIMECH AEROSPACE N MFG L,948.0,1016.0,941.75,998.3,999.0,948.25,,998.3,,,161396,159240010.25,9389,F1,1,,,,,
2026-04-22,2026-04-22,CM,NSE,STK,10753,INE692A01016,UNIONBANK,EQ,,,,,UNION BANK OF INDIA,191.38,197.13,190.4,194.05,194.3,191.38,,194.05,,,21651436,4223796076.41,99339,F1,1,,,,,
2026-04-22,2026-04-22,CM,NSE,STK,29687,INF582M01KS4,UNIONGOLD,EQ,,,,,UNIONAMC - UNIONGOLD,147.45,148.15,147.45,147.8,147.9,147.85,,147.8,,,2172,321004.25,48,F1,1,,,,,
2026-04-22,2026-04-22,CM,NSE,STK,13057,INE244O01017,UNIPARTS,EQ,,,,,UNIPARTS INDIA LIMITED,504.35,516.85,500.75,511.0,512.65,504.35,,511.05,,,48306,24696935.25,2954,F1,1,,,,,
2026-04-22,2026-04-22,CM,NSE,STK,11293,INE037A01022,UNIENTER,EQ,,,,,UNIPHOS ENTERPRISES LTD,108.14,109.5,107.81,109.02,109.5,108.13,,109.01,,,1639,177505.92,33,F1,1,,,,,
2026-04-22,2026-04-22,CM,NSE,STK,3594,INE694A01020,UNITECH,EQ,,,,,UNITECH LTD,4.9,5.03,4.9,4.98,5.0,4.93,,4.98,,,3417581,17010939.92,4928,F1,1,,,,,
2026-04-22,2026-04-22,CM,NSE,STK,16713,INE686F01025,UBL,EQ,,,,,UNITED BREWERIES LTD,1509.0,1534.2,1492.3,1500.0,1500.0,1498.4,,1500.0,,,233328,351929823.9,19752,F1,1,,,,,
2026-04-22,2026-04-22,CM,NSE,STK,201,INE961D01019,UNIDT,EQ,,,,,UNITED DRILLING TOOLS LTD,217.0,221.0,212.15,214.08,214.88,215.82,,214.21,,,33056,7162043.31,1318,F1,1,,,,,
2026-04-22,2026-04-22,CM,NSE,STK,3127,INE382M01027,UFBL,EQ,,,,,UNITED FOODBRANDS LIMITED,316.5,321.58,312.5,319.25,321.49,314.13,,319.31,,,47405,15079335.67,1726,F1,1,,,,,
2026-04-22,2026-04-22,CM,NSE,STK,25935,INE0SMR01011,UHTL,SM,,,,,UNITED HEAT TRANSFER LTD,51.0,51.0,50.0,50.0,50.0,51.0,,50.0,,,12000,603800.0,4,F1,2000,,,,,
2026-04-22,2026-04-22,CM,NSE,STK,17999,INE458F01011,UNITEDTEA,EQ,,,,,UNITED NILGIRI TEA LTD,547.35,553.0,525.8,536.3,538.0,547.35,,536.3,,,1860,1002843.3,209,F1,1,,,,,
2026-04-22,2026-04-22,CM,NSE,STK,7560,INE368U01029,UNITEDPOLY,EQ,,,,,UNITED POLYFAB GUJ. LTD.,30.45,30.6,29.52,30.34,30.0,30.57,,30.34,,,164954,4991009.66,405,F1,1,,,,,
2026-04-22,2026-04-22,CM,NSE,STK,10447,INE854D01024,UNITDSPR,EQ,,,,,UNITED SPIRITS LIMITED,1376.6,1400.8,1354.6,1392.8,1391.0,1363.0,,1392.8,,,1841125,2550507416.4,52461,F1,1,,,,,
2026-04-22,2026-04-22,CM,NSE,STK,18977,INE562X01013,UNIVASTU,EQ,,,,,UNIVASTU INDIA LIMITED,70.01,72.49,67.3,68.48,68.0,69.84,,68.48,,,337973,23634656.97,2197,F1,1,,,,,
2026-04-22,2026-04-22,CM,NSE,STK,3607,INE279A01012,UNIVCABLES,EQ,,,,,UNIVERSAL CABLES LTD,834.5,858.0,811.9,826.35,825.1,848.8,,826.35,,,92270,76963083.3,5139,F1,1,,,,,
2026-04-22,2026-04-22,CM,NSE,STK,17661,INE03V001013,UNIVPHOTO,BE,,,,,UNIVERSUS IMAGINGS LTD,424.0,437.9,403.0,424.0,423.5,424.0,,424.0,,,1164,477440.1,69,F1,1,,,,,
2026-04-22,2026-04-22,CM,NSE,STK,14154,INE405E01023,UNOMINDA,EQ,,,,,UNO MINDA LIMITED,1140.1,1155.0,1136.2,1151.3,1155.0,1149.6,,1151.3,,,1178966,1353999580.3,87720,F1,1,,,,,
2026-04-22,2026-04-22,CM,NSE,STK,18636,INE148I08256,915SCL26,NE,,,,,UNS RED NCD 9.15% SR.IX,1045.0,1045.0,1045.0,1045.0,1045.0,1045.0,,1045.0,,,15,15675.0,2,F1,1,,,,,
2026-04-22,2026-04-22,CM,NSE,STK,2871,INE530B08094,10IIFL28A,NE,,,,,UNSE RE NCD 10% SR.I,998.0,998.0,990.0,995.0,995.0,997.52,,995.0,,,2757,2742055.68,29,F1,1,,,,,
2026-04-22,2026-04-22,CM,NSE,STK,2877,INE530B08102,96IIFL28A,NF,,,,,UNSE RE NCD 9.6% SR.II,998.5,998.5,985.5,995.01,996.25,996.65,,994.89,,,6719,6677150.58,78,F1,1,,,,,
2026-04-22,2026-04-22,CM,NSE,STK,5212,INE477L08147,10IIFL28,N4,,,,,UNSEC RE NCD 10% SR.I,1048.19,1058.18,1048.19,1058.18,1058.18,1058.19,,1058.18,,,30,31645.5,2,F1,1,,,,,
2026-04-22,2026-04-22,CM,NSE,STK,5214,INE477L08154,96IIFL28,N5,,,,,UNSEC RE NCD 9.60% SR.II,996.99,996.99,994.0,995.06,994.0,997.88,,990.92,,,796,792191.95,25,F1,1,,,,,
2026-04-22,2026-04-22,CM,NSE,STK,19045,INE866I08279,10IIFL29,N6,,,,,UNSEC RED NCD 10.0% SR. V,1021.05,1021.05,1021.0,1021.0,1021.0,1020.0,,1021.0,,,310,316525.0,3,F1,1,,,,,
2026-04-22,2026-04-22,CM,NSE,STK,20050,INE774D08MG3,M&MFIN,N3,,,,,UNSECURED NCD,2010.3,2330.0,2010.3,2330.0,2330.0,2330.0,,2330.0,,,380,821340.0,9,F1,1,,,,,
2026-04-22,2026-04-22,CM,NSE,STK,21229,INE306N08342,885TCAPS29,NC,,,,,UNSERENCD8.85%SRIVCIII&IV,1150.0,1169.0,1150.0,1169.0,1169.0,1070.0,,1169.0,,,2,2319.0,2,F1,1,,,,,
2026-04-22,2026-04-22,CM,NSE,STK,21225,INE306N08292,910TCAP28,,,,,,UNSERENCD9.1%SRIIICIII&IV,1072.0,1080.0,1072.0,1080.0,1080.0,1077.0,,1080.0,,,228,245040.0,8,F1,1,,,,,
2026-04-22,2026-04-22,CM,NSE,STK,19113,INE851I01011,UDS,EQ,,,,,UPDATER SERVICES LIMITED,159.63,161.59,156.27,159.65,158.9,158.75,,159.65,,,151839,24209988.55,2060,F1,1,,,,,
2026-04-22,2026-04-22,CM,NSE,STK,11287,INE628A01036,UPL,EQ,,,,,UPL LIMITED,650.8,657.4,649.0,653.85,654.3,654.3,,653.85,,,1709380,1115367292.3,27691,F1,1,,,,,
2026-04-22,2026-04-22,CM,NSE,STK,10610,INE0CBM01019,USASEEDS,SM,,,,,UPSURGE SEEDS OF AGRI LTD,104.0,104.0,104.0,104.0,104.0,104.0,,104.0,,,856,89024.0,2,F1,428,,,,,
2026-04-22,2026-04-22,CM,NSE,STK,17081,INE568Z01015,URAVIDEF,BE,,,,,URAVI DEFENCE &TECH LTD,146.77,152.0,142.0,145.25,143.0,146.77,,145.25,,,6896,1013299.55,167,F1,1,,,,,
2026-04-22,2026-04-22,CM,NSE,STK,759084,INE0CAZ01013,URBANCO,EQ,,,,,URBAN COMPANY LIMITED,138.5,149.5,137.15,148.18,147.65,137.24,,148.18,,,42137015,6139378070.85,213831,F1,1,,,,,
2026-04-22,2026-04-22,CM,NSE,STK,16888,INE0O0201019,URBAN,SM,,,,,URBAN ENVIRO WASTE MGMT L,143.0,144.0,141.9,142.15,142.5,142.5,,142.15,,,5600,798760.0,7,F1,800,,,,,
2026-04-22,2026-04-22,CM,NSE,STK,20203,INE550C01020,URJA,EQ,,,,,URJA GLOBAL LIMITED,10.56,10.85,10.51,10.8,10.85,10.54,,10.8,,,1830833,19528516.19,2663,F1,1,,,,,
2026-04-22,2026-04-22,CM,NSE,STK,19145,INE240C01028,UMESLTD,BE,,,,,USHA MARTIN EDU & SOL LTD,6.25,6.25,5.69,5.98,6.03,5.98,,5.98,,,49883,290668.15,97,F1,1,,,,,
2026-04-22,2026-04-22,CM,NSE,STK,8840,INE228A01035,USHAMART,EQ,,,,,USHA MARTIN LTD.,443.1,449.9,441.0,444.95,445.8,443.55,,444.9,,,198024,88262763.75,5671,F1,1,,,,,
2026-04-22,2026-04-22,CM,NSE,STK,4214,INE00NI01015,UCL,ST,,,,,USHANTI COLOUR CHEM LTD,111.0,111.1,111.0,111.1,111.1,108.95,,111.1,,,6000,666400.0,3,F1,2000,,,,,
2026-04-22,2026-04-22,CM,NSE,STK,527,INE094J01016,UTIAMC,EQ,,,,,UTI ASSET MNGMT CO LTD,1073.3,1083.0,1055.0,1064.1,1072.0,1065.45,,1064.0,,,177164,189526429.3,12921,F1,1,,,,,
2026-04-22,2026-04-22,CM,NSE,STK,22440,INF789F1AUV1,BANKBETA,EQ,,,,,UTIAMC-BANKBETA,59.3,59.3,58.8,58.85,59.0,59.89,,58.85,,,261179,15401689.68,1191,F1,1,,,,,
2026-04-22,2026-04-22,CM,NSE,STK,22524,INF789F1AZF3,GILT10BETA,EQ,,,,,UTIAMC-GILT10BETA,26.05,26.48,25.81,25.82,25.81,25.93,,25.82,,,1092,28308.22,31,F1,1,,,,,
2026-04-22,2026-04-22,CM,NSE,STK,22521,INF789F1AZE6,GILT5BETA,EQ,,,,,UTIAMC-GILT5BETA,65.0,65.84,65.0,65.82,65.84,64.91,,65.82,,,1478,97091.73,4,F1,1,,,,,
2026-04-22,2026-04-22,CM,NSE,STK,22488,INF789F1AZD8,ITBETA,EQ,,,,,UTIAMC-ITBETA,323.1,323.1,314.67,318.82,318.86,331.06,,318.82,,,4163,1325476.69,137,F1,1,,,,,
2026-04-22,2026-04-22,CM,NSE,STK,18347,INF789F1AYX9,MIDCAPBETA,EQ,,,,,UTIAMC-MIDCAPBETA,226.63,226.63,222.53,224.78,225.0,222.89,,224.75,,,26835,6005431.92,77,F1,1,,,,,
2026-04-22,2026-04-22,CM,NSE,STK,21478,INF789F1AUW9,NEXT50BETA,EQ,,,,,UTIAMC-NEXT50BETA,76.01,77.08,75.61,76.72,76.03,76.05,,76.72,,,158641,12181770.37,718,F1,1,,,,,
2026-04-22,2026-04-22,CM,NSE,STK,10511,INF789F1AZC0,NIFTYBETA,EQ,,,,,UTIAMC-NIFTYBETA,269.56,269.84,268.23,268.5,268.44,270.7,,268.5,,,91625,24655932.22,949,F1,1,,,,,
2026-04-22,2026-04-22,CM,NSE,STK,10515,INF789FB1X58,SENSEXBETA,EQ,,,,,UTIAMC-SENSEXBETA,872.65,874.99,860.0,864.73,867.2,872.65,,864.73,,,1886,1633429.85,147,F1,1,,,,,
2026-04-22,2026-04-22,CM,NSE,STK,15085,INF789F1AYK6,SILVERBETA,EQ,,,,,UTIAMC-SILVERBETA,237.15,239.51,237.15,238.19,237.7,239.54,,238.19,,,340401,81131758.46,4131,F1,1,,,,,
2026-04-22,2026-04-22,CM,NSE,STK,9168,INF789F1AUU3,SNXT50BETA,EQ,,,,,UTIAMC-SNXT50BETA,94.19,94.19,89.6,91.93,92.26,91.9,,91.94,,,3934,361530.01,111,F1,1,,,,,
2026-04-22,2026-04-22,CM,NSE,STK,14535,INF789F1AUX7,GOLDBETA,EQ,,,,,UTIAMC-UTIGOLDBETA,130.55,130.55,126.8,127.1,127.2,127.4,,127.1,,,435468,55345667.35,2446,F1,1,,,,,
2026-04-22,2026-04-22,CM,NSE,STK,17358,INE735W01017,UTKARSHBNK,EQ,,,,,UTKARSH SMALL FIN BANK L,14.0,14.3,13.99,14.05,14.05,14.08,,14.05,,,5227637,73762648.8,7140,F1,1,,,,,
2026-04-22,2026-04-22,CM,NSE,STK,24726,INE06IJ01010,UTSSAV,SM,,,,,UTSSAV CZ GOLD JEWELS LTD,237.0,245.05,235.0,245.0,245.0,235.8,,245.0,,,91800,22212330.0,85,F1,600,,,,,
2026-04-22,2026-04-22,CM,NSE,STK,13376,INE786F01031,UTTAMSUGAR,EQ,,,,,UTTAM SUGAR MILLS LTD.,242.2,254.25,242.2,252.43,253.99,242.9,,252.43,,,151565,37994693.28,2704,F1,1,,,,,
2026-04-22,2026-04-22,CM,NSE,STK,3188,INE0GXK01018,VMARCIND,SM,,,,,V MARC INDIA LIMITED,964.95,968.0,910.05,919.0,916.0,955.0,,919.0,,,34000,31755400.0,123,F1,250,,,,,
2026-04-22,2026-04-22,CM,NSE,STK,15362,INE951I01027,VGUARD,EQ,,,,,V-GUARD IND LTD.,333.5,336.65,332.2,332.95,332.5,333.5,,332.95,,,192013,64157706.75,7510,F1,1,,,,,
2026-04-22,2026-04-22,CM,NSE,STK,24606,INE0QXL01015,VLINFRA,SM,,,,,V.L.INFRAPROJECTS LIMITED,29.8,30.1,28.6,30.0,30.0,26.75,,30.0,,,63000,1860450.0,35,F1,1500,,,,,
2026-04-22,2026-04-22,CM,NSE,STK,14766,INE945H01021,V2RETAIL,EQ,,,,,V2 RETAIL LIMITED,199.0,206.38,194.04,205.52,204.47,197.59,,205.52,,,2085631,417191014.65,23836,F1,1,,,,,
2026-04-22,2026-04-22,CM,NSE,STK,20188,INE956G01038,WABAG,EQ,,,,,VA TECH WABAG LTD,1481.0,1514.0,1475.1,1488.4,1486.0,1487.1,,1488.4,,,351673,525635359.3,17036,F1,1,,,,,
2026-04-22,2026-04-22,CM,NSE,STK,24196,INE694D01016,VADILALIND,EQ,,,,,VADILAL INDUSTRIES LTD,4553.2,4595.0,4530.5,4551.9,4550.0,4534.2,,4551.9,,,5522,25164475.0,1135,F1,1,,,,,
2026-04-22,2026-04-22,CM,NSE,STK,11364,INE884A01027,VAIBHAVGBL,EQ,,,,,VAIBHAV GLOBAL LIMITED,220.99,225.0,219.0,223.57,223.1,221.09,,223.58,,,203348,45212689.89,4319,F1,1,,,,,
2026-04-22,2026-04-22,CM,NSE,STK,8259,INE0JR301013,MADHAVBAUG,SM,,,,,VAIDYA SANE AYUR LAB LTD,192.5,200.05,192.5,200.05,200.05,192.45,,200.05,,,3600,703040.0,7,F1,400,,,,,
2026-04-22,2026-04-22,CM,NSE,STK,16589,INE972X01022,VAISHALI,EQ,,,,,VAISHALI PHARMA LIMITED,9.22,9.27,8.7,8.8,8.88,9.07,,8.8,,,812252,7314486.18,1235,F1,1,,,,,
2026-04-22,2026-04-22,CM,NSE,STK,13342,INE051B01021,VAKRANGEE,EQ,,,,,VAKRANGEE LIMITED,7.06,7.1,6.95,7.06,7.07,7.04,,7.06,,,1574357,11032692.11,2065,F1,1,,,,,
2026-04-22,2026-04-22,CM,NSE,STK,19218,INE0JWS01017,VALIANTLAB,EQ,,,,,VALIANT LABORATORIES LTD,68.09,68.09,66.11,67.5,68.0,68.09,,67.5,,,18793,1260329.79,437,F1,1,,,,,
2026-04-22,2026-04-22,CM,NSE,STK,330,INE565V01010,VALIANTORG,EQ,,,,,VALIANT ORGANICS LIMITED,271.0,273.0,262.5,266.41,265.0,268.63,,266.41,,,29681,7876311.01,1240,F1,1,,,,,
2026-04-22,2026-04-22,CM,NSE,STK,18124,INE879I01012,DBREALTY,EQ,,,,,VALOR ESTATE LIMITED,108.0,110.0,107.1,108.7,108.68,107.89,,108.7,,,1312108,142897031.45,11986,F1,1,,,,,
2026-04-22,2026-04-22,CM,NSE,STK,11220,INE116G01013,VARDHACRLC,EQ,,,,,VARDHAMAN ACRYLICS LTD,35.3,35.58,34.5,35.19,35.01,35.3,,35.19,,,11342,397255.12,357,F1,1,,,,,
2026-04-22,2026-04-22,CM,NSE,STK,11892,INE701A01023,VHL,EQ,,,,,VARDHMAN HOLDINGS LIMITED,3343.0,3404.0,3343.0,3372.3,3388.9,3398.2,,3372.3,,,389,1314328.6,122,F1,1,,,,,
2026-04-22,2026-04-22,CM,NSE,STK,6893,INE835A01029,VARDMNPOLY,BE,,,,,VARDHMAN POLYTEX LTD.,7.25,7.6,7.03,7.49,7.56,7.4,,7.49,,,769822,5549660.97,417,F1,1,,,,,
2026-04-22,2026-04-22,CM,NSE,STK,27067,INE050M01012,VSSL,EQ,,,,,VARDHMAN SPC STEEL LTD,258.0,273.5,258.0,272.06,271.0,260.83,,272.06,,,111419,30037838.17,2276,F1,1,,,,,
2026-04-22,2026-04-22,CM,NSE,STK,2073,INE825A01020,VTL,EQ,,,,,VARDHMAN TEXTILES LIMITED,560.0,574.0,551.6,566.05,566.0,560.35,,566.0,,,558502,316236321.4,26891,F1,1,,,,,
2026-04-22,2026-04-22,CM,NSE,STK,3857,INE665L01035,VARROC,EQ,,,,,VARROC ENGINEERING LTD.,527.0,538.0,527.0,533.8,532.5,527.65,,533.85,,,45780,24446739.2,4155,F1,1,,,,,
2026-04-22,2026-04-22,CM,NSE,STK,18921,INE200M01039,VBL,EQ,,,,,VARUN BEVERAGES LIMITED,486.95,498.7,484.35,494.95,495.0,485.1,,494.95,,,11943145,5896309230.95,99876,F1,1,,,,,
2026-04-22,2026-04-22,CM,NSE,STK,13771,INE273D01027,VGL,EQ,,,,,VARVEE GLOBAL LIMITED,60.1,61.89,60.1,60.92,60.51,60.3,,60.92,,,69543,4251446.9,500,F1,1,,,,,
2026-04-22,2026-04-22,CM,NSE,STK,16454,INE0N5801013,DENTALKART,SM,,,,,VASA DENTICITY LIMITED,357.0,383.0,357.0,381.95,382.95,360.45,,381.95,,,20250,7583112.5,67,F1,250,,,,,
2026-04-22,2026-04-22,CM,NSE,STK,18110,INE893I01013,VASCONEQ,EQ,,,,,VASCON ENGINEERS LTD,37.74,39.19,37.63,38.6,38.65,37.74,,38.6,,,903190,34741097.47,3268,F1,1,,,,,
2026-04-22,2026-04-22,CM,NSE,STK,25340,INE590L01019,VASWANI,EQ,,,,,VASWANI IND LTD,55.2,59.13,55.2,58.31,58.99,56.5,,58.3,,,40977,2351008.32,604,F1,1,,,,,
2026-04-22,2026-04-22,CM,NSE,STK,9020,INE098201036,VCL,EQ,,,,,VAXTEX COTFAB LIMITED,1.58,1.58,1.58,1.58,1.58,1.66,,1.58,,,143700,227046.0,163,F1,1,,,,,
2026-04-22,2026-04-22,CM,NSE,STK,760049,INE04HY07377,115VCCL28,N0,,,,,VCCL 11.5% 2028 SR C,99700.0,99700.0,99700.0,99700.0,99700.0,99500.0,,99700.0,,,1,99700.0,1,F1,1,,,,,
2026-04-22,2026-04-22,CM,NSE,STK,758531,INE04HY07310,116VCCL27,N0,,,,,VCCL 11.6% 2027 SR A,99688.27,99688.27,99688.27,99688.27,99688.27,95000.0,,99688.27,,,1,99688.27,1,F1,1,,,,,
2026-04-22,2026-04-22,CM,NSE,STK,759394,INE04HY07336,118VCCL27B,N0,,,,,VCCL 11.8% 2027 SR B,100000.0,100136.0,100000.0,100136.0,100136.0,98700.0,,100136.0,,,2,200136.0,2,F1,1,,,,,
2026-04-22,2026-04-22,CM,NSE,STK,758338,INE04HY07252,12VCCL27D,N0,,,,,VCCL 12% 2027 SR C,99000.0,99000.0,99000.0,99000.0,99000.0,99000.0,,99000.0,,,3,297000.0,3,F1,1,,,,,
2026-04-22,2026-04-22,CM,NSE,STK,756916,INE04HY07229,12VCCL29B,N0,,,,,VCCL 12% 2029,99598.0,99598.0,99598.0,99598.0,99598.0,99000.0,,99598.0,,,1,99598.0,1,F1,1,,,,,
2026-04-22,2026-04-22,CM,NSE,STK,757721,INE04HY07278,12VCCL29C,N0,,,,,VCCL 12% 2029 SR I,99000.0,99000.0,99000.0,99000.0,99000.0,98900.0,,99000.0,,,1,99000.0,1,F1,1,,,,,
2026-04-22,2026-04-22,CM,NSE,STK,760558,INE04HY08011,125VCCL31,N0,,,,,VCCL 12.5% 2031,96000.0,96000.0,95102.01,95102.01,95102.01,96000.0,,95102.01,,,3,286602.01,3,F1,1,,,,,
2026-04-22,2026-04-22,CM,NSE,STK,760451,INE04HY07385,115VCCL28A,N0,,,,,VCCL28A 11.5% 2028,96001.0,96001.0,96001.0,96001.0,96001.0,95000.0,,96001.0,,,10,960010.0,3,F1,1,,,,,
2026-04-22,2026-04-22,CM,NSE,STK,25054,INE0U2M01015,VDEAL,SM,,,,,VDEAL SYSTEM LIMITED,185.0,185.0,185.0,185.0,185.0,193.0,,185.0,,,1200,222000.0,2,F1,600,,,,,
2026-04-22,2026-04-22,CM,NSE,STK,8167,INE825V01034,MANYAVAR,EQ,,,,,VEDANT FASHIONS LIMITED,450.85,456.85,446.4,449.95,450.45,450.85,,449.95,,,362654,163197398.65,11607,F1,1,,,,,
2026-04-22,2026-04-22,CM,NSE,STK,3063,INE205A01025,VEDL,EQ,,,,,VEDANTA LIMITED,769.7,773.85,755.5,757.0,758.25,766.8,,757.0,,,14257215,10865608749.95,179587,F1,1,,,,,
2026-04-22,2026-04-22,CM,NSE,STK,14019,INE484C01030,VEEDOL,EQ,,,,,VEEDOL CORPORATION LTD,1436.4,1449.0,1430.2,1442.8,1449.0,1436.4,,1442.9,,,11726,16904155.5,1639,F1,1,,,,,
2026-04-22,2026-04-22,CM,NSE,STK,10713,INE0KTW01013,VEEKAYEM,ST,,,,,VEEKAYEM FASH & APP LTD,134.5,137.55,131.5,135.85,131.5,131.0,,135.85,,,4000,543325.0,8,F1,500,,,,,
2026-04-22,2026-04-22,CM,NSE,STK,762966,INE232E01013,VELJAN,EQ,,,,,VELJAN DENISON LTD.,903.05,1011.0,903.05,1002.7,1010.0,980.0,,1002.6,,,255,252887.75,28,F1,1,,,,,
2026-04-22,2026-04-22,CM,NSE,STK,3757,INE398A01010,VENKEYS,EQ,,,,,VENKY S (INDIA) LIMITED,1607.5,1609.9,1587.5,1595.7,1598.0,1602.7,,1595.4,,,20427,32596330.3,1831,F1,1,,,,,
2026-04-22,2026-04-22,CM,NSE,STK,28847,INE781S01027,VENTIVE,EQ,,,,,VENTIVE HOSPITALITY LTD,613.35,624.0,613.35,621.7,624.0,615.8,,621.7,,,34110,21138319.6,2150,F1,1,,,,,
2026-04-22,2026-04-22,CM,NSE,STK,9592,INE0JA001018,VENUSPIPES,EQ,,,,,VENUS PIPES & TUBES LTD,1328.0,1380.0,1328.0,1356.65,1357.75,1336.6,,1356.65,,,85538,116140430.75,6160,F1,1,,,,,
2026-04-22,2026-04-22,CM,NSE,STK,13859,INE411B01019,VENUSREM,EQ,,,,,VENUS REMEDIES LIMITED,1038.0,1059.0,991.0,1052.15,1053.5,1024.0,,1052.05,,,64706,65965438.2,2755,F1,1,,,,,
2026-04-22,2026-04-22,CM,NSE,STK,8890,INE0IQ001011,VERANDA,EQ,,,,,VERANDA LEARNING SOL LTD,155.24,156.49,153.2,154.87,154.12,156.02,,154.86,,,114731,17722417.97,2228,F1,1,,,,,
2026-04-22,2026-04-22,CM,NSE,STK,23775,INE0SRI01019,VERITAAS,SM,,,,,VERITAAS ADVERTISING LTD,50.9,50.9,50.9,50.9,50.9,48.5,,50.9,,,2400,122160.0,2,F1,1200,,,,,
2026-04-22,2026-04-22,CM,NSE,STK,14491,INE0NLB01018,VERTEXPLUS,SM,,,,,VERTEXPLUS TECHNOLOGIES L,89.0,93.45,89.0,93.45,93.45,89.0,,93.45,,,3000,276870.0,5,F1,600,,,,,
2026-04-22,2026-04-22,CM,NSE,STK,18863,INE188Y01031,VERTOZ,EQ,,,,,VERTOZ LIMITED,51.54,52.2,50.16,51.24,52.2,50.53,,51.24,,,74559,3800629.16,813,F1,1,,,,,
2026-04-22,2026-04-22,CM,NSE,STK,3676,INE386A01023,VESUVIUS,EQ,,,,,VESUVIUS INDIA LTD,501.2,511.3,498.4,502.6,502.9,498.5,,502.6,,,110009,55613451.6,7655,F1,1,,,,,
2026-04-22,2026-04-22,CM,NSE,STK,8652,INE918N01018,VETO,EQ,,,,,VETO SWITCHGEAR CABLE LTD,108.32,109.18,106.5,107.37,107.2,108.69,,107.37,,,28339,3062456.5,772,F1,1,,,,,
2026-04-22,2026-04-22,CM,NSE,STK,14316,INE0MO401019,VIAZ,SM,,,,,VIAZ TYRES LIMITED,62.0,62.0,62.0,62.0,62.0,61.0,,62.0,,,6000,372000.0,1,F1,2000,,,,,
2026-04-22,2026-04-22,CM,NSE,STK,22730,INE0QTF01015,VSTL,EQ,,,,,VIBHOR STEEL TUBES LTD,128.4,129.0,126.0,127.16,128.8,127.87,,127.2,,,15763,2011452.97,430,F1,1,,,,,
2026-04-22,2026-04-22,CM,NSE,STK,23386,INE048C01025,VHLTD,BE,,,,,VICEROY HOTELS LIMITED,143.75,143.75,138.55,139.66,139.4,142.1,,138.89,,,843,118087.21,54,F1,1,,,,,
2026-04-22,2026-04-22,CM,NSE,STK,760691,INE0F8901022,VICTORYEV,SM,,,,,VICTORY ELEC VEHICL INT L,16.8,17.5,16.75,16.85,16.75,16.7,,16.85,,,42000,709500.0,10,F1,3000,,,,,
2026-04-22,2026-04-22,CM,NSE,STK,13536,INE632C01026,VIDHIING,EQ,,,,,VIDHI SPCLTY F INGRDNTS L,317.6,320.0,308.4,316.75,319.65,316.75,,316.75,,,9237,2909496.65,389,F1,1,,,,,
2026-04-22,2026-04-22,CM,NSE,STK,760224,INE14UN01029,VIDYAWIRES,EQ,,,,,VIDYA WIRES LIMITED,75.95,76.5,72.61,73.83,73.75,75.4,,73.84,,,2872279,214258975.7,12851,F1,1,,,,,
2026-04-22,2026-04-22,CM,NSE,STK,758898,INE1DM601016,VIGOR,SM,,,,,VIGOR PLAST INDIA LIMITED,59.75,59.75,57.7,57.7,57.7,57.7,,57.7,,,6400,372640.0,4,F1,1600,,,,,
2026-04-22,2026-04-22,CM,NSE,STK,5585,INE043W01024,VIJAYA,EQ,,,,,VIJAYA DIAGNOSTIC CEN LTD,1034.0,1049.9,1014.75,1040.8,1033.2,1036.2,,1040.85,,,114702,118265503.4,17680,F1,1,,,,,
2026-04-22,2026-04-22,CM,NSE,STK,760124,INE0WL901019,VIJAYPD,ST,,,,,VIJAYPD CEUTICAL LIMITED,80.0,81.8,78.1,81.75,81.8,77.95,,81.75,,,52000,4194200.0,13,F1,4000,,,,,
2026-04-22,2026-04-22,CM,NSE,STK,17695,INE159N01027,VIJIFIN,BE,,,,,VIJI FINANCE LIMITED,3.67,3.67,3.51,3.66,3.67,3.5,,3.66,,,489594,1793333.7,334,F1,1,,,,,
2026-04-22,2026-04-22,CM,NSE,STK,25760,INE806A01020,VIKASECO,BE,,,,,VIKAS ECOTECH LIMITED,1.44,1.46,1.43,1.44,1.44,1.43,,1.44,,,851676,1227998.31,853,F1,1,,,,,
2026-04-22,2026-04-22,CM,NSE,STK,9933,INE161L01027,VIKASLIFE,BE,,,,,VIKAS LIFECARE LIMITED,1.68,1.68,1.6,1.63,1.65,1.64,,1.63,,,1543216,2512021.38,1401,F1,1,,,,,
2026-04-22,2026-04-22,CM,NSE,STK,759453,INE078V01014,VIKRAMSOLR,EQ,,,,,VIKRAM SOLAR LIMITED,220.99,225.9,220.0,223.8,224.3,221.66,,223.8,,,2007006,449038822.12,16782,F1,1,,,,,
2026-04-22,2026-04-22,CM,NSE,STK,758973,INE01R501028,VIKRAN,EQ,,,,,VIKRAN ENGINEERING LTD,73.39,74.39,72.02,73.88,73.4,72.31,,73.88,,,2572621,188485688.89,10013,F1,1,,,,,
2026-04-22,2026-04-22,CM,NSE,STK,23909,INE0AZY01017,VILAS,SM,,,,,VILAS TRANSCORE LIMITED,448.0,484.45,448.0,478.2,470.5,448.0,,478.2,,,49500,23455112.5,168,F1,250,,,,,
2026-04-22,2026-04-22,CM,NSE,STK,16960,INE0L4V01013,VILINBIO,ST,,,,,VILIN BIO MED LIMITED,37.7,37.7,37.7,37.7,37.7,37.7,,37.7,,,8000,301600.0,2,F1,4000,,,,,
2026-04-22,2026-04-22,CM,NSE,STK,13101,INE579C01029,VIMTALABS,EQ,,,,,VIMTA LABS LIMITED,475.0,482.85,472.5,478.3,479.7,479.15,,478.3,,,91766,43773856.2,3253,F1,1,,,,,
2026-04-22,2026-04-22,CM,NSE,STK,17364,INE410B01037,VINATIORGA,EQ,,,,,VINATI ORGANICS LTD,1285.1,1318.8,1275.2,1312.7,1310.4,1285.7,,1312.7,,,114884,150460152.7,8227,F1,1,,,,,
2026-04-22,2026-04-22,CM,NSE,STK,3694,INE707A01012,VINDHYATEL,EQ,,,,,VINDHYA TELELINKS LTD,1340.0,1361.0,1340.0,1346.8,1344.2,1342.1,,1346.8,,,10017,13507422.6,916,F1,1,,,,,
2026-04-22,2026-04-22,CM,NSE,STK,3807,INE505Y01010,VINEETLAB,EQ,,,,,VINEET LABORATORIES LTD,39.21,40.69,38.51,39.99,40.05,39.21,,39.98,,,139907,5543183.79,1190,F1,1,,,,,
2026-04-22,2026-04-22,CM,NSE,STK,12490,INE01KI01027,VINNY,EQ,,,,,VINNY OVERSEAS LIMITED,1.18,1.2,1.17,1.18,1.19,1.18,,1.18,,,232073,273585.26,182,F1,1,,,,,
2026-04-22,2026-04-22,CM,NSE,STK,17898,INE0OSJ01014,VINSYS,SM,,,,,VINSYS IT SERVICES IND LT,310.0,326.0,310.0,317.7,320.1,308.15,,317.7,,,30250,9650662.5,74,F1,250,,,,,
2026-04-22,2026-04-22,CM,NSE,STK,25835,INE498Q01014,VINCOFE,EQ,,,,,VINTAGE COFFEE N BVRGS L,137.92,138.99,135.17,135.57,135.8,138.02,,135.57,,,1048862,142875448.96,4325,F1,1,,,,,
2026-04-22,2026-04-22,CM,NSE,STK,19206,INE0OLS01010,VINYAS,SM,,,,,VINYAS INNOVATIVE TECH L,1125.0,1130.0,1115.0,1115.6,1115.0,1131.85,,1115.6,,,3200,3579315.0,21,F1,100,,,,,
2026-04-22,2026-04-22,CM,NSE,STK,16821,INE250B01029,VINYLINDIA,EQ,,,,,VINYL CHEMICALS (I) LTD.,268.2,277.9,268.2,271.93,271.0,271.68,,271.82,,,20976,5714438.7,994,F1,1,,,,,
2026-04-22,2026-04-22,CM,NSE,STK,14843,INE450G01024,VIPCLOTHNG,EQ,,,,,VIP CLOTHING LIMITED,22.88,23.44,22.66,22.95,22.8,22.88,,22.96,,,72389,1668440.35,464,F1,1,,,,,
2026-04-22,2026-04-22,CM,NSE,STK,3703,INE054A01027,VIPIND,EQ,,,,,VIP INDUSTRIES LTD,319.5,321.95,313.45,314.35,314.55,319.5,,314.35,,,442987,139831541.95,8336,F1,1,,,,,
2026-04-22,2026-04-22,CM,NSE,STK,8437,INE946H01037,VIPULLTD,BE,,,,,VIPUL LIMITED,10.6,10.9,10.13,10.85,10.85,10.55,,10.85,,,250855,2661384.16,308,F1,1,,,,,
2026-04-22,2026-04-22,CM,NSE,STK,15304,INE539B01017,VIRINCHI,BE,,,,,VIRINCHI LIMITED,18.49,18.6,17.62,18.11,18.11,18.0,,18.1,,,44374,808174.84,118,F1,1,,,,,
2026-04-22,2026-04-22,CM,NSE,STK,757060,INE0VRH01015,VGINFOTECH,SM,,,,,VIRTUAL GALAXY INFOTECH L,151.0,154.8,150.0,153.55,154.8,151.9,,153.55,,,24000,3668450.0,24,F1,1000,,,,,
2026-04-22,2026-04-22,CM,NSE,STK,13295,INE286H01012,VISASTEEL,EQ,,,,,VISA STEEL LIMITED,38.68,38.95,37.21,38.95,38.95,37.1,,38.95,,,44947,1740386.06,214,F1,1,,,,,
2026-04-22,2026-04-22,CM,NSE,STK,29877,INE370E01029,VIVIDHA,EQ,,,,,VISAGAR POLYTEX LTD,0.58,0.61,0.58,0.59,0.59,0.6,,0.59,,,244944,147908.88,172,F1,1,,,,,
2026-04-22,2026-04-22,CM,NSE,STK,4221,INE392A01021,VISAKAIND,EQ,,,,,VISAKA INDUSTRIES LIMITED,65.07,65.78,64.61,65.15,65.0,65.77,,65.15,,,33852,2204958.03,368,F1,1,,,,,
2026-04-22,2026-04-22,CM,NSE,STK,27969,INE01EA01019,VMM,EQ,,,,,VISHAL MEGA MART LIMITED,123.0,124.8,122.64,124.56,124.5,123.29,,124.56,,,10236146,1268914578.58,62956,F1,1,,,,,
2026-04-22,2026-04-22,CM,NSE,STK,6908,INE270I01022,VISHNU,EQ,,,,,VISHNU CHEMICALS LIMITED,597.1,613.0,595.2,599.5,598.1,600.8,,599.5,,,103452,62422028.55,3946,F1,1,,,,,
2026-04-22,2026-04-22,CM,NSE,STK,18341,INE0AE001013,VPRPL,EQ,,,,,VISHNU PRAKASH R PUNGLI L,41.91,42.5,41.25,41.83,41.25,42.03,,41.82,,,683046,28700218.57,3196,F1,1,,,,,
2026-04-22,2026-04-22,CM,NSE,STK,19300,INE0PQ001012,VISHNUINFR,SM,,,,,VISHNUSURYA PROJ N INFR L,165.0,165.0,165.0,165.0,165.0,164.5,,165.0,,,1000,165000.0,1,F1,500,,,,,
2026-04-22,2026-04-22,CM,NSE,STK,13703,INE430N01022,VISHWARAJ,BE,,,,,VISHWARAJ SUGAR IND LTD,6.2,6.33,6.03,6.29,6.25,6.03,,6.29,,,438601,2724930.28,456,F1,1,,,,,
2026-04-22,2026-04-22,CM,NSE,STK,25231,INE0TR001017,VIESL,SM,,,,,VISION INFRA EQUIP SOL L,295.0,295.0,276.35,276.35,276.35,283.0,,276.35,,,21600,6165160.0,24,F1,800,,,,,
2026-04-22,2026-04-22,CM,NSE,STK,761150,INE0L4K01016,VITAL,BE,,,,,VITAL CHEMTECH LIMITED,62.82,65.95,61.2,65.78,65.7,62.82,,65.78,,,14760,942733.76,66,F1,1,,,,,
2026-04-22,2026-04-22,CM,NSE,STK,10967,INE0MEG01014,VIVIANA,SM,,,,,VIVIANA POWER TECH LTD,877.55,923.0,870.0,883.5,890.0,895.45,,883.5,,,16400,14695150.0,78,F1,200,,,,,
2026-04-22,2026-04-22,CM,NSE,STK,761768,INE24H301028,VIVIDEL,SM,,,,,VIVID ELECTROMECH LIMITED,701.55,776.0,697.65,746.2,752.95,701.55,,746.2,,,109200,81449880.0,355,F1,240,,,,,
2026-04-22,2026-04-22,CM,NSE,STK,11968,INE526G01021,VIVIMEDLAB,BE,,,,,VIVIMED LABS LIMITED,7.18,7.18,6.89,6.91,6.89,7.25,,6.91,,,189389,1313581.04,294,F1,1,,,,,
2026-04-22,2026-04-22,CM,NSE,STK,14296,INE807F01027,VIYASH,EQ,,,,,VIYASH SCIENTIFIC LIMITED,207.0,212.28,207.0,209.61,209.99,208.05,,209.61,,,639894,134352610.28,12268,F1,1,,,,,
2026-04-22,2026-04-22,CM,NSE,STK,18021,INE03HW01020,VLEGOV,BE,,,,,VL E GOV AND IT SOL LTD,15.0,15.5,14.59,14.93,14.99,15.35,,14.94,,,280698,4186056.49,725,F1,1,,,,,
2026-04-22,2026-04-22,CM,NSE,STK,3715,INE709A01018,VLSFINANCE,EQ,,,,,VLS FINANCE LTD,242.36,245.98,240.81,244.42,244.0,243.13,,243.65,,,7360,1788359.14,333,F1,1,,,,,
2026-04-22,2026-04-22,CM,NSE,STK,29284,INE665J01013,VMART,EQ,,,,,VMART RETAIL LTD,643.0,661.0,636.05,645.85,647.1,645.3,,646.0,,,650758,422808690.3,21313,F1,1,,,,,
2026-04-22,2026-04-22,CM,NSE,STK,759152,INE0SJA01013,VMSTMT,EQ,,,,,VMS TMT LIMITED,46.7,47.3,46.26,46.91,47.0,46.89,,46.86,,,51888,2426707.01,653,F1,1,,,,,
2026-04-22,2026-04-22,CM,NSE,STK,14366,INE669E01016,IDEA,EQ,,,,,VODAFONE IDEA LIMITED,9.52,9.61,9.46,9.54,9.51,9.55,,9.54,,,354014633,3374742801.84,85292,F1,1,,,,,
2026-04-22,2026-04-22,CM,NSE,STK,29658,INE241X01014,VOLERCAR,SM,,,,,VOLER CAR LIMITED,263.0,270.0,263.0,269.9,269.9,262.45,,269.9,,,53600,14466040.0,5,F1,800,,,,,
2026-04-22,2026-04-22,CM,NSE,STK,13577,INE540H01012,VOLTAMP,EQ,,,,,VOLTAMP TRANSFORMERS LTD,10589.0,11168.0,10510.0,11051.0,11045.0,10524.5,,11051.0,,,127182,1387071384.0,27198,F1,1,,,,,
2026-04-22,2026-04-22,CM,NSE,STK,3718,INE226A01021,VOLTAS,EQ,,,,,VOLTAS LTD,1459.9,1503.5,1455.0,1481.6,1477.0,1457.2,,1481.5,,,865864,1283331499.7,32431,F1,1,,,,,
2026-04-22,2026-04-22,CM,NSE,STK,24321,INE0S2V01010,VRAJ,EQ,,,,,VRAJ IRON AND STEEL LTD,134.67,134.67,130.0,130.79,130.17,132.85,,130.43,,,9335,1222975.6,344,F1,1,,,,,
2026-04-22,2026-04-22,CM,NSE,STK,8696,INE366I01010,VRLLOG,EQ,,,,,VRL LOGISTICS LIMITED,263.0,263.0,256.0,257.09,257.0,259.77,,257.1,,,137853,35561311.42,8977,F1,1,,,,,
2026-04-22,2026-04-22,CM,NSE,STK,3724,INE710A01016,VSTIND,EQ,,,,,VST INDUSTRIES LTD,258.1,265.0,258.1,263.87,264.0,260.01,,263.88,,,616639,162281175.63,9686,F1,1,,,,,
2026-04-22,2026-04-22,CM,NSE,STK,24292,INE764D01017,VSTTILLERS,EQ,,,,,VST TILLERS TRACTORS LTD,5299.0,5324.0,5251.5,5288.3,5265.0,5278.1,,5288.1,,,9995,52725260.7,1882,F1,1,,,,,
2026-04-22,2026-04-22,CM,NSE,STK,762978,INE765D01022,WPIL,EQ,,,,,W P I L LTD.,437.6,437.6,423.25,426.55,428.7,434.5,,426.7,,,18025,7774905.0,2015,F1,1,,,,,
2026-04-22,2026-04-22,CM,NSE,STK,14828,INE100D01014,WSI,EQ,,,,,W.S.INDUSTRIES (I) LTD.,73.39,74.47,71.9,72.49,73.0,73.25,,72.49,,,53725,3911143.37,590,F1,1,,,,,
2026-04-22,2026-04-22,CM,NSE,STK,25907,INE377N01017,WAAREEENER,EQ,,,,,WAAREE ENERGIES LIMITED,3472.0,3529.4,3420.8,3427.8,3427.0,3472.8,,3427.8,,,1301434,4521248087.3,50938,F1,1,,,,,
2026-04-22,2026-04-22,CM,NSE,STK,756038,INE299N01021,WAAREERTL,EQ,,,,,WAAREE RENEWABLE TECH LTD,1061.5,1122.0,1061.4,1093.35,1093.5,1061.4,,1093.35,,,1574290,1719687101.6,57654,F1,1,,,,,
2026-04-22,2026-04-22,CM,NSE,STK,760259,INE0E7301029,WAKEFIT,EQ,,,,,WAKEFIT INNOVATIONS LTD,148.54,149.99,146.03,147.09,147.5,147.78,,147.07,,,110434,16261850.39,3504,F1,1,,,,,
2026-04-22,2026-04-22,CM,NSE,STK,3736,INE711A01022,WALCHANNAG,EQ,,,,,WALCHANDNAGAR INDUSTRIES,190.05,217.75,188.7,213.92,212.15,190.04,,213.92,,,7053184,1479812921.73,66726,F1,1,,,,,
2026-04-22,2026-04-22,CM,NSE,STK,5013,INE0G2G01015,WALPAR,SM,,,,,WALPAR NUTRITIONS LIMITED,38.0,38.0,38.0,38.0,38.0,38.8,,38.0,,,2000,76000.0,1,F1,2000,,,,,
2026-04-22,2026-04-22,CM,NSE,STK,14067,INE107F01022,WANBURY,BE,,,,,WANBURY LIMITED,260.0,271.22,254.3,269.67,270.0,258.31,,269.68,,,82504,21990488.87,446,F1,1,,,,,
2026-04-22,2026-04-22,CM,NSE,STK,758995,INE0A3007057,1075WCAP28,N0,,,,,WCAPL 10.75% 2028,97899.0,97899.0,97899.0,97899.0,97899.0,98500.0,,97899.0,,,3,293697.0,1,F1,1,,,,,
2026-04-22,2026-04-22,CM,NSE,STK,9862,INE082W01014,WEWIN,EQ,,,,,WE WIN LIMITED,61.0,62.6,59.05,60.48,61.0,61.56,,60.52,,,26308,1613341.47,703,F1,1,,,,,
2026-04-22,2026-04-22,CM,NSE,STK,760482,INF2F0001370,TWCGOLDETF,EQ,,,,,WEALTH - TWCGOLDETF,150.27,150.48,148.24,150.2,150.23,150.26,,150.2,,,4868,730445.34,48,F1,1,,,,,
2026-04-22,2026-04-22,CM,NSE,STK,1923,INE658T01017,WEALTH,EQ,,,,,WEALTH FRST PORT. MG. LTD,960.0,967.45,935.1,943.4,940.0,951.9,,943.45,,,2712,2564668.15,260,F1,1,,,,,
2026-04-22,2026-04-22,CM,NSE,STK,14602,INE855C01023,WEBELSOLAR,EQ,,,,,WEBSOL ENERGY SYSTEM LTD,93.0,97.09,92.15,97.09,97.09,88.27,,97.09,,,10475049,996035712.86,31194,F1,1,,,,,
2026-04-22,2026-04-22,CM,NSE,STK,3748,INE080A01014,WEIZMANIND,EQ,,,,,WEIZMANN LTD,85.39,85.39,82.53,82.99,83.98,82.47,,82.99,,,1906,159352.51,38,F1,1,,,,,
2026-04-22,2026-04-22,CM,NSE,STK,11821,INE191B01025,WELCORP,EQ,,,,,WELSPUN CORP LIMITED,1112.0,1151.0,1110.0,1139.2,1148.0,1100.6,,1139.1,,,3972135,4475155069.05,83799,F1,1,,,,,
2026-04-22,2026-04-22,CM,NSE,STK,11626,INE625G01013,WELENT,EQ,,,,,WELSPUN ENTERPRISES LTD.,490.8,521.15,484.65,510.5,509.9,488.45,,510.55,,,561373,285969652.35,13231,F1,1,,,,,
2026-04-22,2026-04-22,CM,NSE,STK,19800,INE389K01018,WELINV,EQ,,,,,WELSPUN INV & COMM LTD,1420.0,1455.0,1400.0,1426.9,1425.0,1406.2,,1426.7,,,938,1322893.3,92,F1,1,,,,,
2026-04-22,2026-04-22,CM,NSE,STK,11253,INE192B01031,WELSPUNLIV,EQ,,,,,WELSPUN LIVING LIMITED,133.2,136.45,132.2,133.37,133.3,132.57,,133.37,,,2398574,321101202.95,23521,F1,1,,,,,
2026-04-22,2026-04-22,CM,NSE,STK,762971,INE731F01037,WELSPLSOL,EQ,,,,,WELSPUN SPECIALTY SOL L,38.45,39.5,37.4,38.85,38.5,38.05,,38.75,,,240225,9312854.05,815,F1,1,,,,,
2026-04-22,2026-04-22,CM,NSE,STK,4235,INE274C01019,WENDT,EQ,,,,,WENDT (INDIA) LIMITED,7051.0,7500.0,6970.0,7467.0,7440.5,7134.5,,7467.0,,,14293,104999973.5,3243,F1,1,,,,,
2026-04-22,2026-04-22,CM,NSE,STK,3799,INE976A01021,WSTCSTPAPR,EQ,,,,,WEST COAST PAPER MILLS LT,475.25,497.05,466.4,494.25,491.15,470.5,,494.25,,,621428,297269737.6,12608,F1,1,,,,,
2026-04-22,2026-04-22,CM,NSE,STK,25403,INE0CJF01024,WCIL,EQ,,,,,WESTERN CARRIERS (IND) L,101.89,103.45,101.1,102.93,103.35,101.89,,102.93,,,96966,9953654.81,986,F1,1,,,,,
2026-04-22,2026-04-22,CM,NSE,STK,11580,INE274F01020,WESTLIFE,EQ,,,,,WESTLIFE FOODWORLD LTD,482.0,499.0,471.0,484.5,483.0,479.55,,484.55,,,79745,38731300.95,6549,F1,1,,,,,
2026-04-22,2026-04-22,CM,NSE,STK,759434,INE085001019,WEWORK,EQ,,,,,WEWORK INDIA MANAGEMENT L,544.95,551.1,536.2,543.25,543.3,544.95,,543.25,,,84841,45975686.45,8490,F1,1,,,,,
2026-04-22,2026-04-22,CM,NSE,STK,3766,INE715A01015,WHEELS,EQ,,,,,WHEELS INDIA LTD,1049.95,1091.85,1045.95,1077.2,1078.0,1045.9,,1077.2,,,83224,89611828.35,6631,F1,1,,,,,
2026-04-22,2026-04-22,CM,NSE,STK,18011,INE716A01013,WHIRLPOOL,EQ,,,,,WHIRLPOOL OF INDIA LTD,918.0,939.35,910.05,932.2,934.0,920.2,,932.2,,,351904,326776672.65,12588,F1,1,,,,,
2026-04-22,2026-04-22,CM,NSE,STK,3772,INE210A01017,WILLAMAGOR,EQ,,,,,WILLIAMSON MAGOR,29.4,29.4,27.23,27.38,27.38,28.15,,27.38,,,184,5150.8,32,F1,1,,,,,
2026-04-22,2026-04-22,CM,NSE,STK,3781,INE015B01018,WIMPLAST,EQ,,,,,WIM PLAST LTD,395.8,395.8,370.1,384.17,379.55,382.78,,384.61,,,5434,2074048.12,261,F1,1,,,,,
2026-04-22,2026-04-22,CM,NSE,STK,5366,INE0H5O01029,WINDLAS,EQ,,,,,WINDLAS BIOTECH LIMITED,885.0,893.1,870.0,878.35,883.0,883.55,,878.7,,,40231,35322815.9,3504,F1,1,,,,,
2026-04-22,2026-04-22,CM,NSE,STK,24969,INE052A01021,WINDMACHIN,EQ,,,,,WINDSOR MACHINES LIMITED,294.0,294.0,282.83,284.5,284.25,290.84,,284.5,,,36599,10462750.09,1328,F1,1,,,,,
2026-04-22,2026-04-22,CM,NSE,STK,23714,INE0S3D01016,WINSOL,SM,,,,,WINSOL ENGINEERS LIMITED,133.75,133.95,133.75,133.95,133.95,132.55,,133.95,,,1600,214220.0,4,F1,400,,,,,
2026-04-22,2026-04-22,CM,NSE,STK,14757,INE784B01035,WINSOME,BZ,,,,,WINSOME YARNS LIMITED,1.76,1.77,1.73,1.73,1.73,1.76,,1.82,,,125150,217117.5,22,F1,1,,,,,
2026-04-22,2026-04-22,CM,NSE,STK,3787,INE075A01022,WIPRO,EQ,,,,,WIPRO LTD,203.5,205.38,202.2,204.0,204.0,205.01,,204.0,,,21790433,4438408371.28,131951,F1,1,,,,,
2026-04-22,2026-04-22,CM,NSE,STK,22725,INE623Y01011,WTICAB,SM,,,,,WISE TRAVEL INDIA LIMITED,103.9,108.7,103.9,106.25,106.85,103.1,,106.25,,,16000,1696400.0,31,F1,500,,,,,
2026-04-22,2026-04-22,CM,NSE,STK,7506,INE049B01025,WOCKPHARMA,EQ,,,,,WOCKHARDT LIMITED,1410.0,1456.1,1405.0,1450.3,1449.0,1407.7,,1450.3,,,706793,1013989421.3,25559,F1,1,,,,,
2026-04-22,2026-04-22,CM,NSE,STK,19627,INE0Q9601016,WOMANCART,SM,,,,,WOMANCART LIMITED,178.0,180.0,172.5,173.85,174.0,176.45,,173.85,,,8000,1402180.0,19,F1,400,,,,,
2026-04-22,2026-04-22,CM,NSE,STK,7835,INE02WG01024,WEL,EQ,,,,,WONDER ELECTRICALS LTD,99.5,106.73,97.81,104.93,103.99,97.58,,104.96,,,1729596,179620215.52,11195,F1,1,,,,,
2026-04-22,2026-04-22,CM,NSE,STK,3002,INE066O01014,WONDERLA,EQ,,,,,WONDERLA HOLIDAYS LTD.,525.0,537.95,525.0,531.0,530.95,527.4,,531.0,,,73069,38818657.4,4815,F1,1,,,,,
2026-04-22,2026-04-22,CM,NSE,STK,22277,INE196Y01018,WORTHPERI,EQ,,,,,WORTH PERIPHERALS LIMITED,141.0,142.7,138.01,142.12,141.01,138.56,,142.12,,,38978,5450753.98,127,F1,1,,,,,
2026-04-22,2026-04-22,CM,NSE,STK,11705,INE692G01013,XCHANGING,EQ,,,,,XCHANGING SOLUTIONS LTD,66.3,68.0,65.64,67.07,67.9,66.15,,67.14,,,146905,9827898.85,1701,F1,1,,,,,
2026-04-22,2026-04-22,CM,NSE,STK,8477,INE01P501012,XELPMOC,EQ,,,,,XELPMOC DESIGN & TECH LTD,107.23,109.49,105.38,108.95,108.96,105.38,,109.31,,,8911,959983.38,590,F1,1,,,,,
2026-04-22,2026-04-22,CM,NSE,STK,11407,INE445C01015,XPROINDIA,EQ,,,,,XPRO INDIA LIMITED,1056.6,1082.4,1039.1,1071.6,1073.9,1044.0,,1071.6,,,31965,34146575.4,2029,F1,1,,,,,
2026-04-22,2026-04-22,CM,NSE,STK,25235,INE547B01028,XTGLOBAL,EQ,,,,,XTGLOBAL INFOTECH LIMITED,34.0,34.4,32.0,33.75,33.59,33.58,,33.68,,,57289,1926527.92,1574,F1,1,,,,,
2026-04-22,2026-04-22,CM,NSE,STK,760870,INE0U0J01015,YAAP,SM,,,,,YAAP DIGITAL LIMITED,162.9,183.95,162.8,180.7,180.95,158.2,,180.7,,,423000,72854300.0,103,F1,1000,,,,,
2026-04-22,2026-04-22,CM,NSE,STK,23451,INE0TO601017,YASHOPTICS,SM,,,,,YASH OPTICS & LENS LTD,117.0,117.0,115.5,115.5,115.5,117.0,,115.5,,,5600,652000.0,7,F1,800,,,,,
2026-04-22,2026-04-22,CM,NSE,STK,18131,INE616Z01012,YASHO,EQ,,,,,YASHO INDUSTRIES LIMITED,1532.4,1532.4,1480.0,1496.2,1509.5,1521.0,,1497.4,,,4509,6779797.1,904,F1,1,,,,,
2026-04-22,2026-04-22,CM,NSE,STK,17738,INE0JO301016,YATHARTH,EQ,,,,,YATHARTH HOSP & TRA C S L,745.0,756.3,738.3,740.85,740.0,745.6,,740.85,,,239014,178557262.45,11911,F1,1,,,,,
2026-04-22,2026-04-22,CM,NSE,STK,18760,INE0JR601024,YATRA,EQ,,,,,YATRA ONLINE LIMITED,119.91,121.68,118.25,119.89,120.65,119.91,,119.9,,,1019796,121930673.45,5068,F1,1,,,,,
2026-04-22,2026-04-22,CM,NSE,STK,11915,INE528G01035,YESBANK,EQ,,,,,YES BANK LIMITED,19.77,20.12,19.67,19.99,20.0,19.77,,19.99,,,100201392,2002129868.98,80085,F1,1,,,,,
2026-04-22,2026-04-22,CM,NSE,STK,18051,INE09FA01019,YUDIZ,ST,,,,,YUDIZ SOLUTIONS LIMITED,26.5,26.55,26.5,26.55,26.55,26.55,,26.55,,,8800,233600.0,4,F1,800,,,,,
2026-04-22,2026-04-22,CM,NSE,STK,5501,INE384C01016,YUKEN,EQ,,,,,YUKEN INDIA LIMITED,748.25,758.7,744.5,755.65,752.05,745.2,,755.7,,,1857,1397392.35,186,F1,1,,,,,
2026-04-22,2026-04-22,CM,NSE,STK,4229,INE116C01012,ZFSTEERING,EQ,,,,,Z F STEERING GEAR (I) LTD,859.5,894.98,850.0,855.2,856.01,839.75,,860.9,,,2850,2465393.0,41,F1,50,,,,,
2026-04-22,2026-04-22,CM,NSE,STK,23976,INE0ISZ01012,ZTECH,SM,,,,,Z-TECH (INDIA) LIMITED,574.95,629.0,574.95,611.05,605.2,577.95,,611.05,,,38100,23075820.0,113,F1,300,,,,,
2026-04-22,2026-04-22,CM,NSE,STK,18608,INE07K301024,ZAGGLE,EQ,,,,,ZAGGLE PREPA OCEAN SER L,259.91,264.0,257.77,260.46,260.89,261.61,,260.47,,,602995,157049479.94,9210,F1,1,,,,,
2026-04-22,2026-04-22,CM,NSE,STK,17766,INE0PPS01018,ZEAL,SM,,,,,ZEAL GLOBAL SERVICES LTD,74.5,75.15,70.05,74.7,74.7,72.15,,74.7,,,4800,353010.0,8,F1,600,,,,,
2026-04-22,2026-04-22,CM,NSE,STK,3812,INE256A01028,ZEEL,EQ,,,,,ZEE ENTERTAINMENT ENT LTD,86.4,88.69,86.15,87.58,87.99,86.76,,87.58,,,14807336,1298846227.38,49208,F1,1,,,,,
2026-04-22,2026-04-22,CM,NSE,STK,20852,INE565L01011,ZEELEARN,EQ,,,,,ZEE LEARN LIMITED,4.89,4.95,4.81,4.9,4.92,4.87,,4.9,,,1638072,8003365.06,944,F1,1,,,,,
2026-04-22,2026-04-22,CM,NSE,STK,14006,INE966H01019,ZEEMEDIA,BE,,,,,ZEE MEDIA CORPORATION LTD,8.6,8.99,8.57,8.73,8.72,8.65,,8.74,,,721896,6338565.29,991,F1,1,,,,,
2026-04-22,2026-04-22,CM,NSE,STK,7508,INE251B01027,ZENTEC,EQ,,,,,ZEN TECHNOLOGIES LIMITED,1750.0,1788.8,1747.0,1762.4,1760.2,1742.7,,1762.4,,,1222293,2160552507.7,59185,F1,1,,,,,
2026-04-22,2026-04-22,CM,NSE,STK,22803,INE0QWN01013,ZENITHDRUG,SM,,,,,ZENITH DRUGS LIMITED,43.25,45.7,43.25,45.7,45.7,45.35,,45.7,,,2400,105800.0,3,F1,800,,,,,
2026-04-22,2026-04-22,CM,NSE,STK,4176,INE058B01018,ZENITHEXPO,EQ,,,,,ZENITH EXPORTS LTD,229.8,229.8,214.41,220.19,229.0,219.6,,220.19,,,237,52543.24,66,F1,1,,,,,
2026-04-22,2026-04-22,CM,NSE,STK,14562,INE318D01020,ZENITHSTL,EQ,,,,,ZENITH STEEL PIP IND LTD,6.95,7.08,6.75,6.8,6.8,6.8,,6.8,,,174976,1209030.02,366,F1,1,,,,,
2026-04-22,2026-04-22,CM,NSE,STK,1076,INE520A01027,ZENSARTECH,EQ,,,,,ZENSAR TECHNOLOGIES  LTD,599.0,608.5,578.0,579.85,580.0,602.55,,579.85,,,579793,340068258.1,26487,F1,1,,,,,
2026-04-22,2026-04-22,CM,NSE,STK,22901,INF0R8F01042,GOLDCASE,EQ,,,,,ZERODHAAMC - GOLDCASE,23.22,23.82,23.22,23.76,23.8,23.82,,23.76,,,6010070,142805695.62,8702,F1,1,,,,,
2026-04-22,2026-04-22,CM,NSE,STK,21750,INF0R8F01034,LIQUIDCASE,EQ,,,,,ZERODHAAMC - LIQUIDCASE,113.71,113.73,113.71,113.72,113.73,113.7,,113.72,,,14909510,1695494096.43,10938,F1,1,,,,,
2026-04-22,2026-04-22,CM,NSE,STK,758705,INF0R8F01133,LTGILTCASE,EQ,,,,,ZERODHAAMC - LTGILTCASE,29.75,29.97,29.73,29.81,29.81,29.84,,29.81,,,352403,10507767.91,178,F1,1,,,,,
2026-04-22,2026-04-22,CM,NSE,STK,24077,INF0R8F01059,MID150CASE,EQ,,,,,ZERODHAAMC - MID150CASE,11.13,11.13,11.05,11.1,11.1,11.07,,11.1,,,1607543,17838956.24,3632,F1,1,,,,,
2026-04-22,2026-04-22,CM,NSE,STK,759302,INF0R8F01166,NIFTYCASE,EQ,,,,,ZERODHAAMC - NIFTYCASE,9.75,9.77,9.68,9.69,9.72,9.77,,9.69,,,1156682,11239400.11,2436,F1,1,,,,,
2026-04-22,2026-04-22,CM,NSE,STK,30274,INF0R8F01091,SILVERCASE,EQ,,,,,ZERODHAAMC - SILVERCASE,24.57,25.17,24.57,25.04,25.0,25.2,,25.04,,,11044378,276555700.32,7811,F1,1,,,,,
2026-04-22,2026-04-22,CM,NSE,STK,758955,INF0R8F01141,SML100CASE,EQ,,,,,ZERODHAAMC - SML100CASE,10.05,11.0,9.95,10.13,10.08,10.0,,10.13,,,2076139,20904443.34,1824,F1,1,,,,,
2026-04-22,2026-04-22,CM,NSE,STK,24081,INF0R8F01067,TOP100CASE,EQ,,,,,ZERODHAAMC - TOP100CASE,10.67,10.67,10.52,10.56,10.58,10.63,,10.56,,,1473081,15582749.6,1675,F1,1,,,,,
2026-04-22,2026-04-22,CM,NSE,STK,16915,INE342J01019,ZFCVINDIA,EQ,,,,,ZF COM VE CTR SYS IND LTD,15298.0,15549.0,15124.0,15184.0,15125.0,15380.0,,15184.0,,,44985,687522182.0,13145,F1,1,,,,,
2026-04-22,2026-04-22,CM,NSE,STK,12384,INE518E01015,ZIMLAB,EQ,,,,,ZIM LABORATORIES LIMITED,83.1,88.76,83.1,87.19,87.53,84.22,,87.19,,,121891,10588602.98,1891,F1,1,,,,,
2026-04-22,2026-04-22,CM,NSE,STK,3821,INE206B01013,ZODIACLOTH,EQ,,,,,ZODIAC CLOTHING CO. LTD.,79.0,80.99,78.82,80.12,80.98,79.53,,80.12,,,4403,350978.94,133,F1,1,,,,,
2026-04-22,2026-04-22,CM,NSE,STK,7129,INE761Y01019,ZODIAC,EQ,,,,,ZODIAC ENERGY LIMITED,299.0,299.0,292.0,296.53,295.01,294.61,,296.6,,,14813,4375670.37,824,F1,1,,,,,
2026-04-22,2026-04-22,CM,NSE,STK,11394,INE358U01012,ZOTA,EQ,,,,,ZOTA HEALTH CARE LIMITED,1301.0,1328.0,1291.1,1313.5,1312.3,1299.3,,1313.5,,,41342,54315033.2,3263,F1,1,,,,,
2026-04-22,2026-04-22,CM,NSE,STK,29050,INE840M01016,ZUARI,EQ,,,,,ZUARI AGRO CHEMICALS LTD,232.54,247.0,229.24,244.16,247.0,232.54,,244.16,,,377696,90049324.34,5614,F1,1,,,,,
2026-04-22,2026-04-22,CM,NSE,STK,3827,INE217A01012,ZUARIIND,EQ,,,,,ZUARI INDUSTRIES LIMITED,266.98,274.0,265.44,271.7,273.0,266.39,,271.72,,,40714,10991332.84,1051,F1,1,,,,,
2026-04-22,2026-04-22,CM,NSE,STK,7929,INE010B01027,ZYDUSLIFE,EQ,,,,,ZYDUS LIFESCIENCES LTD,926.0,933.5,922.05,929.9,928.0,928.6,,929.9,,,290532,269895319.15,14278,F1,1,,,,,
2026-04-22,2026-04-22,CM,NSE,STK,17635,INE768C01028,ZYDUSWELL,EQ,,,,,ZYDUS WELLNESS LIMITED,511.3,513.45,501.7,503.25,502.1,506.7,,503.25,,,402359,203860792.1,11161,F1,1,,,,,
