TradDt,BizDt,Sgmt,Src,FinInstrmTp,FinInstrmId,ISIN,SYMBOL,SERIES,XpryDt,FininstrmActlXpryDt,StrkPric,OptnTp,FinInstrmNm,OpnPric,HghPric,LwPric,CLOSE,LastPric,PrvsClsgPric,UndrlygPric,SttlmPric,OpnIntrst,ChngInOpnIntrst,TOTTRDQTY,TOTTRDVAL,TtlNbOfTxsExctd,SsnId,NewBrdLotQty,Rmks,Rsvd1,Rsvd2,Rsvd3,Rsvd4
2025-08-28,2025-08-28,CM,NSE,STK,19078,IN0020200104,SGBJUN28,GB,,,,,2.5%GOLDBONDS2028SR-III,10510.0,10630.0,10510.0,10587.91,10620.0,10500.0,,10587.91,,,148,1568998.42,14,F1,1,,,,,
2025-08-28,2025-08-28,CM,NSE,STK,1342,IN0020200286,SGBN28VIII,GB,,,,,2.5%GOLDBONDS2028SR-VIII,10550.0,10998.0,10542.0,10663.22,10650.0,10530.65,,10663.22,,,516,5510082.58,101,F1,1,,,,,
2025-08-28,2025-08-28,CM,NSE,STK,3742,IN0020210053,SGBMAY29I,GB,,,,,2.5%GOLDBONDS2029SR-I,10531.0,11005.0,10403.2,10601.1,10635.0,10522.77,,10600.92,,,906,9627230.88,199,F1,1,,,,,
2025-08-28,2025-08-28,CM,NSE,STK,3743,IN0020210061,SGBJUN29II,GB,,,,,2.5%GOLDBONDS2029SR-II,10531.0,10673.97,10501.01,10625.0,10625.0,10531.0,,10625.0,,,117,1243236.98,52,F1,1,,,,,
2025-08-28,2025-08-28,CM,NSE,STK,3800,IN0020210087,SGBJU29III,GB,,,,,2.5%GOLDBONDS2029SR-III,10812.72,10812.72,10411.0,10614.49,10610.01,10549.0,,10614.49,,,164,1742606.53,59,F1,1,,,,,
2025-08-28,2025-08-28,CM,NSE,STK,5575,IN0020210145,SGBSEP29VI,GB,,,,,2.5%GOLDBONDS2029SR-VI,10560.0,10825.0,10560.0,10796.13,10819.98,10556.2,,10796.13,,,415,4459860.94,72,F1,1,,,,,
2025-08-28,2025-08-28,CM,NSE,STK,6518,IN0020210178,SGBNV29VII,GB,,,,,2.5%GOLDBONDS2029SR-VII,10381.75,10799.99,10381.75,10733.0,10733.0,10647.95,,10733.0,,,280,2992850.73,58,F1,1,,,,,
2025-08-28,2025-08-28,CM,NSE,STK,250,IN0020170059,SGBOCT25,GB,,,,,2.50% GOLDBONDS2025SR-III,10478.0,10543.0,10478.0,10543.0,10543.0,10442.82,,10543.0,,,14,147213.4,7,F1,1,,,,,
2025-08-28,2025-08-28,CM,NSE,STK,304,IN0020170067,SGBOCT25IV,GB,,,,,2.50% GOLDBONDS2025SR-IV,10497.01,10560.0,10460.0,10557.01,10560.0,10444.79,,10557.01,,,49,515953.49,13,F1,1,,,,,
2025-08-28,2025-08-28,CM,NSE,STK,355,IN0020170075,SGBOCT25V,GB,,,,,2.50% GOLDBONDS2025SR-V,10504.85,10504.85,10504.85,10504.85,10504.85,10440.0,,10504.85,,,1,10504.85,1,F1,1,,,,,
2025-08-28,2025-08-28,CM,NSE,STK,398,IN0020170083,SGBNOV25VI,GB,,,,,2.50% GOLDBONDS2025SR-VI,10499.0,10499.0,10499.0,10499.0,10499.0,10418.0,,10499.0,,,1,10499.0,1,F1,1,,,,,
2025-08-28,2025-08-28,CM,NSE,STK,623,IN0020170125,SGBDEC25,GB,,,,,2.50%GOLDBONDS 2025 SR-X,10582.16,10582.16,10582.16,10582.16,10582.16,10320.01,,10456.08,,,3,31746.48,1,F1,1,,,,,
2025-08-28,2025-08-28,CM,NSE,STK,795,IN0020170141,SGBDEC2512,GB,,,,,2.50%GOLDBONDS2025 SR-XII,10549.0,10549.0,10549.0,10549.0,10549.0,10489.8,,10549.0,,,12,126588.0,6,F1,1,,,,,
2025-08-28,2025-08-28,CM,NSE,STK,497,IN0020170109,SGBNOV258,GB,,,,,2.50%GOLDBONDS2025SR-VIII,10499.0,10499.0,10499.0,10499.0,10499.0,10406.11,,10499.0,,,5,52495.0,2,F1,1,,,,,
2025-08-28,2025-08-28,CM,NSE,STK,5960,IN0020180249,SGBOCT26,GB,,,,,2.50%GOLDBONDS2026SR-II,10622.0,10622.0,10622.0,10622.0,10622.0,10399.0,,10510.5,,,5,53110.0,3,F1,1,,,,,
2025-08-28,2025-08-28,CM,NSE,STK,6355,IN0020180314,SGBNOV26,GB,,,,,2.50%GOLDBONDS2026SR-III,10800.0,10998.9,10800.0,10998.9,10998.9,10698.22,,10998.9,,,3,32598.9,2,F1,1,,,,,
2025-08-28,2025-08-28,CM,NSE,STK,10261,IN0020190073,SGBJUN27,GB,,,,,2.50%GOLDBONDS2027SR-I,10477.04,10585.0,10477.04,10584.19,10585.0,10490.0,,10584.19,,,107,1128731.66,19,F1,1,,,,,
2025-08-28,2025-08-28,CM,NSE,STK,11154,IN0020190081,SGBJUL27,GB,,,,,2.50%GOLDBONDS2027SR-II,10689.0,10689.0,10599.0,10599.0,10599.0,10695.14,,10599.0,,,5,53122.56,5,F1,1,,,,,
2025-08-28,2025-08-28,CM,NSE,STK,12904,IN0020190107,SGBAUG27,GB,,,,,2.50%GOLDBONDS2027SR-III,10750.0,10929.0,10749.0,10811.63,10755.0,10883.13,,10812.26,,,116,1254630.52,27,F1,1,,,,,
2025-08-28,2025-08-28,CM,NSE,STK,8308,IN0020180462,SGBJAN27,GB,,,,,2.50%GOLDBONDS2027SR-V,10500.0,10583.0,10500.0,10582.25,10583.0,10500.0,,10582.25,,,21,221275.28,6,F1,1,,,,,
2025-08-28,2025-08-28,CM,NSE,STK,13981,IN0020190370,SGBOCT27,GB,,,,,2.50%GOLDBONDS2027SR-V,10531.0,10659.0,10531.0,10659.0,10659.0,10699.95,,10659.0,,,5,52919.0,3,F1,1,,,,,
2025-08-28,2025-08-28,CM,NSE,STK,14252,IN0020190388,SGBOCT27VI,GB,,,,,2.50%GOLDBONDS2027SR-VI,10531.0,10620.0,10531.0,10620.0,10620.0,10391.0,,10620.0,,,92,972590.0,5,F1,1,,,,,
2025-08-28,2025-08-28,CM,NSE,STK,15432,IN0020190461,SGBDC27VII,GB,,,,,2.50%GOLDBONDS2027SR-VII,10600.0,10830.0,10600.0,10806.0,10830.0,10521.6,,10806.0,,,8,86243.0,5,F1,1,,,,,
2025-08-28,2025-08-28,CM,NSE,STK,18862,IN0020200062,SGBAPR28I,GB,,,,,2.50%GOLDBONDS2028SR-I,10789.0,10805.0,10700.0,10751.44,10736.0,10790.0,,10744.85,,,195,2096215.79,48,F1,1,,,,,
2025-08-28,2025-08-28,CM,NSE,STK,18972,IN0020200088,SGBMAY28,GB,,,,,2.50%GOLDBONDS2028SR-II,10501.0,10615.0,10501.0,10600.15,10615.0,10500.0,,10600.15,,,156,1647753.82,27,F1,1,,,,,
2025-08-28,2025-08-28,CM,NSE,STK,22242,IN0020200146,SGBJUL28IV,GB,,,,,2.50%GOLDBONDS2028SR-IV,10489.65,10620.0,10473.78,10606.97,10620.0,10489.65,,10606.6,,,564,5970433.05,82,F1,1,,,,,
2025-08-28,2025-08-28,CM,NSE,STK,17664,IN0020190545,SGBFEB28IX,GB,,,,,2.50%GOLDBONDS2028SR-IX,10649.99,10650.0,10649.99,10650.0,10650.0,10649.99,,10650.0,,,6,63899.99,2,F1,1,,,,,
2025-08-28,2025-08-28,CM,NSE,STK,22385,IN0020200161,SGBAUG28V,GB,,,,,2.50%GOLDBONDS2028SR-V,10671.0,10671.0,10500.0,10596.29,10600.0,10498.45,,10596.73,,,1529,16156551.06,165,F1,1,,,,,
2025-08-28,2025-08-28,CM,NSE,STK,149,IN0020200195,SGBSEP28VI,GB,,,,,2.50%GOLDBONDS2028SR-VI,10299.41,10700.0,10299.41,10688.48,10700.0,10563.5,,10688.37,,,633,6732945.39,82,F1,1,,,,,
2025-08-28,2025-08-28,CM,NSE,STK,834,IN0020200203,SGBOC28VII,GB,,,,,2.50%GOLDBONDS2028SR-VII,10600.0,10650.0,10522.0,10648.75,10650.0,10522.0,,10648.75,,,225,2392331.24,35,F1,1,,,,,
2025-08-28,2025-08-28,CM,NSE,STK,17110,IN0020190537,SGBJ28VIII,GB,,,,,2.50%GOLDBONDS2028SR-VIII,10402.2,10402.2,10402.2,10402.2,10402.2,10492.2,,10402.2,,,4,41608.8,1,F1,1,,,,,
2025-08-28,2025-08-28,CM,NSE,STK,18451,IN0020190552,SGBMAR28X,GB,,,,,2.50%GOLDBONDS2028SR-X,10501.0,10699.98,10501.0,10699.98,10699.98,10597.96,,10699.98,,,132,1403763.06,18,F1,1,,,,,
2025-08-28,2025-08-28,CM,NSE,STK,5113,IN0020210111,SGBJUL29IV,GB,,,,,2.50%GOLDBONDS2029SR-IV,10330.0,10745.0,10330.0,10631.0,10631.0,10550.0,,10690.0,,,110,1166537.0,36,F1,1,,,,,
2025-08-28,2025-08-28,CM,NSE,STK,1920,IN0020200377,SGBJAN29IX,GB,,,,,2.50%GOLDBONDS2029SR-IX,10550.0,10645.0,10510.0,10591.0,10591.0,10500.0,,10591.0,,,346,3663135.96,55,F1,1,,,,,
2025-08-28,2025-08-28,CM,NSE,STK,5455,IN0020210129,SGBAUG29V,GB,,,,,2.50%GOLDBONDS2029SR-V,10686.21,10821.99,10686.21,10786.51,10764.0,10686.21,,10786.51,,,151,1626984.21,42,F1,1,,,,,
2025-08-28,2025-08-28,CM,NSE,STK,7098,IN0020210228,SGBD29VIII,GB,,,,,2.50%GOLDBONDS2029SR-VIII,10968.61,10968.61,10711.0,10810.0,10810.0,10701.09,,10810.0,,,229,2474001.73,53,F1,1,,,,,
2025-08-28,2025-08-28,CM,NSE,STK,2003,IN0020200385,SGBJAN29X,GB,,,,,2.50%GOLDBONDS2029SR-X,10501.0,10639.0,10501.0,10590.0,10590.0,10482.01,,10590.0,,,57,602878.88,35,F1,1,,,,,
2025-08-28,2025-08-28,CM,NSE,STK,2200,IN0020200393,SGBFEB29XI,GB,,,,,2.50%GOLDBONDS2029SR-XI,10496.19,10645.0,10496.19,10645.0,10645.0,10496.19,,10645.0,,,75,791790.68,23,F1,1,,,,,
2025-08-28,2025-08-28,CM,NSE,STK,2810,IN0020200427,SGBMR29XII,GB,,,,,2.50%GOLDBONDS2029SR-XII,10590.0,10839.98,10530.0,10752.77,10775.0,10530.04,,10752.77,,,686,7315511.56,91,F1,1,,,,,
2025-08-28,2025-08-28,CM,NSE,STK,10232,IN0020220045,SGBJUN30,GB,,,,,2.50%GOLDBONDS2030SR-I,11200.0,11412.2,11200.0,11306.96,11340.0,11412.19,,11306.96,,,102,1155333.03,30,F1,1,,,,,
2025-08-28,2025-08-28,CM,NSE,STK,11192,IN0020220078,SGBAUG30,GB,,,,,2.50%GOLDBONDS2030SR-II,11502.0,11598.0,11502.0,11528.92,11510.0,11507.33,,11557.41,,,147,1694749.0,46,F1,1,,,,,
2025-08-28,2025-08-28,CM,NSE,STK,13642,IN0020220110,SGBDE30III,GB,,,,,2.50%GOLDBONDS2030SR-III,11249.0,11974.99,11025.93,11265.07,11260.0,11125.93,,11265.07,,,251,2849714.63,72,F1,1,,,,,
2025-08-28,2025-08-28,CM,NSE,STK,7879,IN0020210236,SGBJAN30IX,GB,,,,,2.50%GOLDBONDS2030SR-IX,10956.0,11180.0,10955.71,11077.5,11100.0,10955.7,,11077.5,,,68,749935.14,22,F1,1,,,,,
2025-08-28,2025-08-28,CM,NSE,STK,8401,IN0020210319,SGBMAR30X,GB,,,,,2.50%GOLDBONDS2030SR-X,10900.0,11100.0,10900.0,11000.02,11000.0,10960.0,,11000.07,,,418,4607726.62,35,F1,1,,,,,
2025-08-28,2025-08-28,CM,NSE,STK,17202,IN0020230069,SGBJUN31I,GB,,,,,2.50%GOLDBONDS2031SR-I,11377.17,11577.0,11377.17,11531.45,11574.0,11377.17,,11536.62,,,631,7263559.1,141,F1,1,,,,,
2025-08-28,2025-08-28,CM,NSE,STK,19456,IN0020230093,SGBSEP31II,GB,,,,,2.50%GOLDBONDS2031SR-II,11410.99,11450.0,11201.0,11429.65,11450.0,11290.31,,11424.9,,,1400,15961086.35,239,F1,1,,,,,
2025-08-28,2025-08-28,CM,NSE,STK,22476,IN0020230168,SGBDE31III,GB,,,,,2.50%GOLDBONDS2031SR-III,11776.88,11975.0,11456.2,11716.85,11730.0,11489.64,,11715.5,,,1562,18231268.16,382,F1,1,,,,,
2025-08-28,2025-08-28,CM,NSE,STK,14598,IN0020220169,SGBMAR31IV,GB,,,,,2.50%GOLDBONDS2031SR-IV,11455.99,11555.99,11300.0,11434.55,11450.0,11457.99,,11434.55,,,220,2527150.6,61,F1,1,,,,,
2025-08-28,2025-08-28,CM,NSE,STK,22886,IN0020230184,SGBFEB32IV,GB,,,,,2.50%GOLDBONDS2032SR-IV,12296.0,12351.0,12098.73,12183.18,12190.0,12098.73,,12183.29,,,1755,21339330.39,329,F1,1,,,,,
2025-08-28,2025-08-28,CM,NSE,STK,16921,INE144J01027,20MICRONS,EQ,,,,,20 MICRONS LTD,228.02,233.5,225.84,230.57,231.89,228.91,,230.56,,,70930,16323624.42,2892,F1,1,,,,,
2025-08-28,2025-08-28,CM,NSE,STK,4,INE253B01015,21STCENMGM,EQ,,,,,21ST CENTURY MGMT SERVICE,55.05,55.05,53.32,53.84,54.53,53.98,,53.78,,,5461,297536.29,149,F1,1,,,,,
2025-08-28,2025-08-28,CM,NSE,STK,13061,INE466L01038,360ONE,EQ,,,,,360 ONE WAM LIMITED,1080.2,1083.5,1028.1,1043.9,1033.2,1087.4,,1043.9,,,873607,917187610.3,54210,F1,1,,,,,
2025-08-28,2025-08-28,CM,NSE,STK,30105,INF579M01BB5,GOLD360,EQ,,,,,360ONEAMC - GOLD360,99.65,100.45,98.25,100.1,100.1,99.65,,100.1,,,117854,11794881.4,180,F1,1,,,,,
2025-08-28,2025-08-28,CM,NSE,STK,756150,INF579M01BC3,SILVER360,EQ,,,,,360ONEAMC - SILVER360,114.05,116.45,114.05,116.34,116.33,114.05,,116.34,,,42123,4875121.78,193,F1,1,,,,,
2025-08-28,2025-08-28,CM,NSE,STK,6232,INE748C01038,3IINFOLTD,EQ,,,,,3I INFOTECH LIMITED,23.06,23.11,22.55,22.69,22.65,23.06,,22.67,,,97101,2219772.86,1119,F1,1,,,,,
2025-08-28,2025-08-28,CM,NSE,STK,474,INE470A01017,3MINDIA,EQ,,,,,3M INDIA LIMITED,30600.0,30865.0,30100.0,30475.0,30300.0,30415.0,,30475.0,,,4436,135615480.0,3525,F1,1,,,,,
2025-08-28,2025-08-28,CM,NSE,STK,2595,INE105C01023,3PLAND,EQ,,,,,3P LAND HOLDINGS LIMITED,47.68,47.7,44.0,45.15,45.0,46.92,,45.09,,,23429,1071604.94,337,F1,1,,,,,
2025-08-28,2025-08-28,CM,NSE,STK,445,INE618L01018,5PAISA,EQ,,,,,5PAISA CAPITAL LIMITED,357.1,361.0,352.75,356.15,357.5,357.9,,356.2,,,9452,3369820.55,1379,F1,1,,,,,
2025-08-28,2025-08-28,CM,NSE,STK,11868,INE111B01023,63MOONS,EQ,,,,,63 MOONS TECHNOLOGIES LTD,933.0,936.9,917.3,920.6,920.2,929.4,,920.5,,,87854,81238620.2,7440,F1,1,,,,,
2025-08-28,2025-08-28,CM,NSE,STK,29312,INE031A07865,751HUDCO28,N5,,,,,7.51 NCD 16FEB28 TR1 SR2,1079.1,1087.0,1079.1,1087.0,1087.0,1080.01,,1087.0,,,100,107925.8,3,F1,1,,,,,
2025-08-28,2025-08-28,CM,NSE,STK,19976,INE134E07588,760PFCL35,N3,,,,,7.60% TAX FREE NCD,1214.25,1215.0,1214.01,1215.0,1215.0,1214.01,,1215.0,,,265,321886.31,5,F1,1,,,,,
2025-08-28,2025-08-28,CM,NSE,STK,20034,INE261F07032,764NABAR31,N2,,,,,7.64% TAX FREE TRI SRIIB,1123.0,1123.0,1123.0,1123.0,1123.0,1122.59,,1122.8,,,115,129145.0,5,F1,1,,,,,
2025-08-28,2025-08-28,CM,NSE,STK,19928,INE031A07AO5,764HUDCO31,N8,,,,,7.64% TAX FREETRI SR2B,1127.0,1127.0,1127.0,1127.0,1127.0,1130.0,,1127.0,,,1,1127.0,1,F1,1,,,,,
2025-08-28,2025-08-28,CM,NSE,STK,19930,INE031A07AT4,769HUDCO31,N9,,,,,7.69% TAX FREETRII SR2B,1138.02,1138.02,1138.0,1138.0,1138.0,1142.0,,1138.0,,,261,297018.5,2,F1,1,,,,,
2025-08-28,2025-08-28,CM,NSE,STK,31240,INE031A07840,82HUDCO27,N2,,,,,8.20 NCD05MAR27 FV 1000,1079.7,1079.7,1079.7,1079.7,1079.7,1079.89,,1079.7,,,100,107970.0,1,F1,1,,,,,
2025-08-28,2025-08-28,CM,NSE,STK,20046,INE774D08LU6,872MMFSL26,N1,,,,,8.72% UNSECURED NCD,1010.1,1010.1,1010.01,1010.01,1010.01,1039.5,,1010.01,,,5,5050.41,5,F1,1,,,,,
2025-08-28,2025-08-28,CM,NSE,STK,192,INE906B07DF8,875NHAI29,N6,,,,,8.75% TAX FREE TR I S IIB,1157.0,1161.0,1157.0,1159.99,1159.99,1157.0,,1159.99,,,361,418169.69,5,F1,1,,,,,
2025-08-28,2025-08-28,CM,NSE,STK,19968,INE031A07949,876HUDCO28,ND,,,,,8.76% TAX FREETRI SR2B,1160.0,1165.88,1160.0,1165.88,1165.88,1164.59,,1165.88,,,300,349176.0,4,F1,1,,,,,
2025-08-28,2025-08-28,CM,NSE,STK,20058,INE787H07370,891IIFCL34,N4,,,,,8.91% TAX FREE NCD,1289.99,1290.0,1281.0,1281.0,1281.0,1279.22,,1281.0,,,408,526246.86,7,F1,1,,,,,
2025-08-28,2025-08-28,CM,NSE,STK,31487,INE848E07567,892NHPC33,N6,,,,,8.92% SEC RED BOND S3B,1279.0,1279.0,1279.0,1279.0,1279.0,1279.0,,1279.0,,,2,2558.0,1,F1,1,,,,,
2025-08-28,2025-08-28,CM,NSE,STK,20028,INE134E07463,892PFCL33,N8,,,,,8.92% TAX FREE NCD,1286.0,1286.0,1285.0,1285.0,1285.0,1285.6,,1285.32,,,110,141410.0,5,F1,1,,,,,
2025-08-28,2025-08-28,CM,NSE,STK,20048,INE774D08MA6,9MMFSML,N2,,,,,9.00% UNSECURED NCD,1018.0,1019.75,1018.0,1019.0,1019.0,1019.0,,1019.29,,,514,523481.0,16,F1,1,,,,,
2025-08-28,2025-08-28,CM,NSE,STK,19970,INE031A07AB2,901HUDCO34,NE,,,,,9.01% TAX FREETRII SR3B,1307.0,1307.0,1288.0,1288.0,1288.0,1307.0,,1288.0,,,295,381860.0,3,F1,1,,,,,
2025-08-28,2025-08-28,CM,NSE,STK,7787,INE08PH01015,ABCOTS,SM,,,,,A B COTSPIN INDIA LIMITED,405.0,419.4,405.0,419.4,419.4,411.8,,419.4,,,500,206100.0,2,F1,250,,,,,
2025-08-28,2025-08-28,CM,NSE,STK,27016,INE00YB01017,ABINFRA,BE,,,,,A B INFRABUILD LIMITED,198.0,198.0,186.0,193.24,193.95,191.69,,192.73,,,40308,7744197.23,279,F1,1,,,,,
2025-08-28,2025-08-28,CM,NSE,STK,15147,INE0O6N01012,AGUL,SM,,,,,A G UNIVERSAL LIMITED,57.2,57.2,56.5,57.2,57.2,54.5,,57.2,,,6000,341800.0,3,F1,2000,,,,,
2025-08-28,2025-08-28,CM,NSE,STK,20910,INE619I01012,A2ZINFRA,BE,,,,,A2Z INFRA ENGINEERING LTD,19.15,19.6,18.65,18.9,19.0,18.92,,18.9,,,248878,4734151.6,346,F1,1,,,,,
2025-08-28,2025-08-28,CM,NSE,STK,12533,INE0D0U01013,AAATECH,EQ,,,,,AAA TECHNOLOGIES LIMITED,78.0,81.09,78.0,80.12,80.0,77.8,,80.16,,,9719,775692.03,607,F1,1,,,,,
2025-08-28,2025-08-28,CM,NSE,STK,23729,INE883F01010,AADHARHFC,EQ,,,,,AADHAR HOUSING FINANCE L,501.05,504.55,495.1,497.0,497.0,503.45,,497.0,,,251622,125559329.8,14967,F1,1,,,,,
2025-08-28,2025-08-28,CM,NSE,STK,757579,INE1GYP01013,AAKAAR,SM,,,,,AAKAAR MEDICAL TECHNO LTD,88.55,92.9,88.55,90.9,90.9,88.7,,90.9,,,16000,1458000.0,10,F1,1600,,,,,
2025-08-28,2025-08-28,CM,NSE,STK,240,INE087Z01024,AAKASH,BE,,,,,AAKASH EXPLORATION SER L,10.52,10.95,10.52,10.56,10.65,10.75,,10.56,,,58829,624921.07,281,F1,1,,,,,
2025-08-28,2025-08-28,CM,NSE,STK,758120,INE124401014,AARADHYA,SM,,,,,AARADHYA DISPOSAL INDUS L,114.0,116.0,113.0,115.75,116.0,114.0,,115.75,,,34800,3971400.0,9,F1,1200,,,,,
2025-08-28,2025-08-28,CM,NSE,STK,5248,INE198H01019,AAREYDRUGS,BE,,,,,AAREY DRUGS & PHARM LTD,61.68,61.68,58.58,58.77,58.69,61.65,,58.78,,,19679,1162762.94,164,F1,1,,,,,
2025-08-28,2025-08-28,CM,NSE,STK,1030,INE721Z01010,AARON,EQ,,,,,AARON INDUSTRIES LIMITED,214.45,214.9,198.05,200.6,199.6,217.65,,200.6,,,85611,17687036.2,3791,F1,1,,,,,
2025-08-28,2025-08-28,CM,NSE,STK,17145,INE01C001026,AARTECH,EQ,,,,,AARTECH SOLONICS LIMITED,59.06,60.4,57.23,57.56,57.46,59.06,,57.56,,,21144,1233977.24,576,F1,1,,,,,
2025-08-28,2025-08-28,CM,NSE,STK,4481,INE767A01016,AARTIDRUGS,EQ,,,,,AARTI DRUGS LTD.,472.8,474.2,461.75,470.35,469.8,470.05,,470.35,,,102275,47874402.7,7854,F1,1,,,,,
2025-08-28,2025-08-28,CM,NSE,STK,7,INE769A01020,AARTIIND,EQ,,,,,AARTI INDUSTRIES LTD,384.1,384.8,375.0,376.95,376.15,386.0,,376.95,,,610538,231515224.8,19507,F1,1,,,,,
2025-08-28,2025-08-28,CM,NSE,STK,13868,INE0LRU01027,AARTIPHARM,EQ,,,,,AARTI PHARMALABS LIMITED,825.05,857.0,815.3,845.95,841.2,818.65,,845.85,,,302708,254760118.05,19317,F1,1,,,,,
2025-08-28,2025-08-28,CM,NSE,STK,19263,INE09EO01013,AARTISURF,BE,,,,,AARTI SURFACTANTS LIMITED,460.1,475.0,460.1,462.35,462.0,470.6,,461.65,,,3193,1483227.65,245,F1,1,,,,,
2025-08-28,2025-08-28,CM,NSE,STK,13775,INE273D01019,AARVEEDEN,BE,,,,,AARVEE DEN. & EXP. LTD,177.0,184.4,175.0,180.45,183.9,175.62,,180.21,,,28051,5098238.38,225,F1,1,,,,,
2025-08-28,2025-08-28,CM,NSE,STK,19073,INE754X01016,AARVI,EQ,,,,,AARVI ENCON LIMITED,121.6,121.6,114.81,116.71,116.21,121.65,,116.71,,,21789,2557690.05,776,F1,1,,,,,
2025-08-28,2025-08-28,CM,NSE,STK,5385,INE216P01012,AAVAS,EQ,,,,,AAVAS FINANCIERS LIMITED,1580.9,1580.9,1532.8,1542.1,1543.6,1572.3,,1542.0,,,279417,431213068.3,18833,F1,1,,,,,
2025-08-28,2025-08-28,CM,NSE,STK,10,INE421A01028,ABAN,EQ,,,,,ABAN OFFSHORE LTD.,47.92,49.14,47.11,47.36,47.2,47.92,,47.35,,,69157,3318486.04,1273,F1,1,,,,,
2025-08-28,2025-08-28,CM,NSE,STK,13288,INE00ZE01026,AFSL,EQ,,,,,ABANS FINANCIAL SRVCS LTD,222.05,224.95,220.0,220.03,220.1,220.04,,220.03,,,36593,8085603.54,1129,F1,1,,,,,
2025-08-28,2025-08-28,CM,NSE,STK,13,INE117A01022,ABB,EQ,,,,,ABB INDIA LIMITED,5022.0,5039.5,4953.0,5000.5,5004.0,5022.0,,5000.5,,,335387,1676416688.5,34498,F1,1,,,,,
2025-08-28,2025-08-28,CM,NSE,STK,17903,INE358A01014,ABBOTINDIA,EQ,,,,,ABBOTT INDIA LIMITED,32000.0,32025.0,31355.0,31475.0,31545.0,31885.0,,31475.0,,,8264,261145995.0,3723,F1,1,,,,,
2025-08-28,2025-08-28,CM,NSE,STK,755940,INE860H07IP2,78ABCL33,N1,,,,,ABCL 7.8% SR V,1020.0,1040.0,980.0,980.0,980.0,1024.0,,980.0,,,20,20300.0,3,F1,1,,,,,
2025-08-28,2025-08-28,CM,NSE,STK,755944,INE860H07IT4,805ABCL28,N5,,,,,ABCL 8.05% SR III,1072.0,1072.0,1072.0,1072.0,1072.0,895.0,,1072.0,,,50,53600.0,1,F1,1,,,,,
2025-08-28,2025-08-28,CM,NSE,STK,27287,INE0UYG01015,ABHAPOWER,ST,,,,,ABHA POWER N STEEL LTD,48.1,48.1,47.0,47.0,47.0,46.55,,47.0,,,9600,456480.0,6,F1,1600,,,,,
2025-08-28,2025-08-28,CM,NSE,STK,4626,INE0CAJ01017,AILIMITED,SM,,,,,ABHISHEK INTEGRATIONS LTD,43.15,45.05,41.0,45.05,45.05,43.15,,45.05,,,43500,1838325.0,16,F1,1500,,,,,
2025-08-28,2025-08-28,CM,NSE,STK,5551,INE251C01025,ABMINTLLTD,BE,,,,,ABM INTERNATIONAL LTD,42.75,42.75,41.7,41.7,41.7,42.76,,41.7,,,599,25191.04,32,F1,1,,,,,
2025-08-28,2025-08-28,CM,NSE,STK,23783,INE0QRV01016,ABSMARINE,SM,,,,,ABS MARINE SERVICES LTD,189.0,203.65,187.0,197.05,196.25,200.4,,197.05,,,26500,5252150.0,49,F1,500,,,,,
2025-08-28,2025-08-28,CM,NSE,STK,22,INE012A01025,ACC,EQ,,,,,ACC LIMITED,1800.5,1813.5,1781.1,1801.0,1800.3,1798.5,,1801.0,,,203199,366016948.3,17201,F1,1,,,,,
2025-08-28,2025-08-28,CM,NSE,STK,7053,INE793A01012,ACCELYA,EQ,,,,,ACCELYA SOLN INDIA LTD,1405.6,1413.8,1391.3,1398.8,1399.0,1412.3,,1398.8,,,5942,8335766.0,1193,F1,1,,,,,
2025-08-28,2025-08-28,CM,NSE,STK,20496,INE0Q5D01013,ACCENTMIC,ST,,,,,ACCENT MICROCELL LIMITED,293.05,294.95,285.5,286.05,286.05,293.05,,286.05,,,6500,1881750.0,12,F1,500,,,,,
2025-08-28,2025-08-28,CM,NSE,STK,757021,INE0T8T01010,ACCPL,SM,,,,,ACCRETION PHARMA LIMITED,60.0,60.55,59.55,60.5,60.5,58.8,,60.5,,,14400,863700.0,12,F1,1200,,,,,
2025-08-28,2025-08-28,CM,NSE,STK,1465,INE648Z01023,ACCURACY,EQ,,,,,ACCURACY SHIPPING LIMITED,7.14,7.23,7.02,7.05,7.1,7.08,,7.05,,,83992,594511.93,472,F1,1,,,,,
2025-08-28,2025-08-28,CM,NSE,STK,11779,INE543V01017,ACEINTEG,EQ,,,,,ACE INTEGRATED SOLU. LTD.,23.85,24.26,23.13,23.71,23.48,23.85,,23.71,,,1636,38621.87,52,F1,1,,,,,
2025-08-28,2025-08-28,CM,NSE,STK,27061,INE622W01025,ACMESOLAR,EQ,,,,,ACME SOLAR HOLDINGS LTD,283.05,291.85,278.45,286.3,286.95,285.7,,286.3,,,1739894,499289495.4,32581,F1,1,,,,,
2025-08-28,2025-08-28,CM,NSE,STK,13587,INE731H01025,ACE,EQ,,,,,ACTION CONST EQUIP LTD,1042.8,1102.8,1030.0,1068.3,1067.1,1042.8,,1068.4,,,2064029,2230163552.8,93789,F1,1,,,,,
2025-08-28,2025-08-28,CM,NSE,STK,30464,INE0KLO01025,ACTIVEINFR,SM,,,,,ACTIVE INFRASTRUCTURES L,170.0,170.0,170.0,170.0,170.0,170.0,,170.0,,,600,102000.0,1,F1,600,,,,,
2025-08-28,2025-08-28,CM,NSE,STK,5578,INE00FF01025,ACUTAAS,EQ,,,,,ACUTAAS CHEMICALS LIMITED,1419.0,1434.4,1385.8,1402.0,1403.0,1413.6,,1401.9,,,285441,400935828.3,21421,F1,1,,,,,
2025-08-28,2025-08-28,CM,NSE,STK,10217,INE931S01010,ADANIENSOL,EQ,,,,,ADANI ENERGY SOLUTION LTD,786.0,793.0,767.3,770.95,770.2,788.65,,770.95,,,891046,692714123.6,32739,F1,1,,,,,
2025-08-28,2025-08-28,CM,NSE,STK,25,INE423A01024,ADANIENT,EQ,,,,,ADANI ENTERPRISES LIMITED,2271.9,2327.9,2255.0,2275.2,2282.1,2272.0,,2275.1,,,907868,2083729401.3,55327,F1,1,,,,,
2025-08-28,2025-08-28,CM,NSE,STK,3563,INE364U01010,ADANIGREEN,EQ,,,,,ADANI GREEN ENERGY LTD,931.0,935.0,917.1,921.15,924.4,931.25,,921.15,,,1308868,1210703569.35,40925,F1,1,,,,,
2025-08-28,2025-08-28,CM,NSE,STK,15083,INE742F01042,ADANIPORTS,EQ,,,,,ADANI PORT & SEZ LTD,1316.9,1338.8,1311.2,1315.4,1317.5,1315.4,,1315.4,,,1785681,2363094221.7,88036,F1,1,,,,,
2025-08-28,2025-08-28,CM,NSE,STK,17388,INE814H01011,ADANIPOWER,EQ,,,,,ADANI POWER LTD,590.0,606.9,585.2,594.95,596.95,592.1,,594.95,,,2803843,1676350041.95,67639,F1,1,,,,,
2025-08-28,2025-08-28,CM,NSE,STK,6066,INE399L01023,ATGL,EQ,,,,,ADANI TOTAL GAS LIMITED,626.0,631.65,585.1,592.55,589.9,635.7,,592.55,,,3247580,1962740843.15,89682,F1,1,,,,,
2025-08-28,2025-08-28,CM,NSE,STK,22468,INE0RDH01021,LAWSIKHO,SM,,,,,ADDICTIVE LEARNING TECH L,144.6,149.0,144.6,149.0,149.0,144.6,,149.0,,,35000,5178475.0,33,F1,500,,,,,
2025-08-28,2025-08-28,CM,NSE,STK,19761,INE982B01027,ADFFOODS,EQ,,,,,ADF FOODS LIMITED,219.2,219.2,206.59,209.03,210.0,219.24,,209.05,,,188337,39850801.83,7795,F1,1,,,,,
2025-08-28,2025-08-28,CM,NSE,STK,6018,INE404A01024,ABSLAMC,EQ,,,,,ADIT BIRL SUN LIF AMC LTD,841.95,852.25,831.1,836.6,838.0,842.75,,836.5,,,445927,375201758.25,22179,F1,1,,,,,
2025-08-28,2025-08-28,CM,NSE,STK,21614,INE674K01013,ABCAPITAL,EQ,,,,,ADITYA BIRLA CAPITAL LTD.,283.0,283.85,276.6,277.45,277.45,281.0,,277.45,,,3644279,1021467005.9,38327,F1,1,,,,,
2025-08-28,2025-08-28,CM,NSE,STK,30108,INE647O01011,ABFRL,EQ,,,,,ADITYA BIRLA FASHION & RT,82.56,82.57,77.85,78.08,77.89,82.56,,78.08,,,18058814,1440284734.22,53643,F1,1,,,,,
2025-08-28,2025-08-28,CM,NSE,STK,756843,INE14LE01019,ABLBL,EQ,,,,,ADITYA BIRLA LIFES BRAN L,138.05,139.81,133.45,134.02,134.0,138.9,,134.02,,,896748,121910639.01,14372,F1,1,,,,,
2025-08-28,2025-08-28,CM,NSE,STK,15239,INE865C01022,BIRLAMONEY,EQ,,,,,ADITYA BIRLA MONEY LTD,180.1,183.39,176.33,182.22,182.5,179.93,,182.18,,,102505,18440774.08,2552,F1,1,,,,,
2025-08-28,2025-08-28,CM,NSE,STK,625,INE055A01016,ABREL,EQ,,,,,ADITYA BIRLA REAL EST LTD,1788.0,1819.0,1738.6,1747.2,1750.2,1788.3,,1747.4,,,61407,108519398.2,9708,F1,1,,,,,
2025-08-28,2025-08-28,CM,NSE,STK,758858,INE819V01029,CPPLUS,EQ,,,,,ADITYA INFOTECH LIMITED,1283.0,1285.65,1232.0,1250.3,1250.0,1283.0,,1250.25,,,316022,395426919.05,17001,F1,1,,,,,
2025-08-28,2025-08-28,CM,NSE,STK,25251,INE01YQ01013,AUSL,ST,,,,,ADITYA ULTRA STEEL LTD,37.0,37.5,36.35,37.5,37.5,37.0,,37.5,,,10000,369400.0,5,F1,2000,,,,,
2025-08-28,2025-08-28,CM,NSE,STK,25984,INE679V01027,AVL,EQ,,,,,ADITYA VISION LIMITED,510.0,510.0,495.0,496.75,496.6,510.65,,496.75,,,128554,64692789.25,7406,F1,1,,,,,
2025-08-28,2025-08-28,CM,NSE,STK,23804,INF209KB18D3,BSLGOLDETF,EQ,,,,,ADITYBIRLA SL GOLD ETF-GR,86.81,89.89,86.81,89.73,89.63,89.04,,89.73,,,255867,22949210.74,730,F1,1,,,,,
2025-08-28,2025-08-28,CM,NSE,STK,24781,INF209KB19D1,BSLNIFTY,EQ,,,,,ADITYBIRLA SL NIF ETF-GR,28.7,29.1,28.3,28.48,28.67,28.7,,28.48,,,182833,5221191.89,4942,F1,1,,,,,
2025-08-28,2025-08-28,CM,NSE,STK,34,INE045A01017,ADOR,EQ,,,,,ADOR WELDING LTD,914.1,921.3,905.0,910.95,905.2,909.3,,910.9,,,6396,5836426.4,1225,F1,1,,,,,
2025-08-28,2025-08-28,CM,NSE,STK,4953,INE737B01033,ADROITINFO,EQ,,,,,ADROIT INFOTECH LIMITED,10.73,10.73,10.4,10.54,10.5,10.46,,10.54,,,40490,427375.56,161,F1,1,,,,,
2025-08-28,2025-08-28,CM,NSE,STK,18039,INE837H01020,ADVENZYMES,EQ,,,,,ADVANCED ENZYME TECH LTD,301.9,330.0,301.9,324.15,325.0,301.85,,324.15,,,6691820,2161629374.3,147964,F1,1,,,,,
2025-08-28,2025-08-28,CM,NSE,STK,14745,INE199C01026,ADVANIHOTR,EQ,,,,,ADVANI HOT.& RES.(I) LTD,62.27,62.27,60.06,60.61,60.9,62.29,,60.54,,,45422,2768006.42,1942,F1,1,,,,,
2025-08-28,2025-08-28,CM,NSE,STK,40,INE208C01025,AEGISLOG,EQ,,,,,AEGIS LOGISTICS LIMITED,701.95,703.3,689.55,694.7,694.7,699.1,,694.7,,,183822,128002063.1,11211,F1,1,,,,,
2025-08-28,2025-08-28,CM,NSE,STK,757336,INE0INX01018,AEGISVOPAK,EQ,,,,,AEGIS VOPAK TERMINALS LTD,250.25,252.77,245.51,247.87,247.0,255.19,,247.58,,,226034,56247556.59,6453,F1,1,,,,,
2025-08-28,2025-08-28,CM,NSE,STK,757869,INE423A07450,895AEL27,N9,,,,,AEL 8.95% 2027 SR I,1004.0,1009.99,1004.0,1009.99,1009.99,1008.0,,997.82,,,105,105928.55,4,F1,1,,,,,
2025-08-28,2025-08-28,CM,NSE,STK,757874,INE423A07443,9AEL30,NE,,,,,AEL 9% 2030 SR VI,1016.0,1018.4,1016.0,1018.4,1018.4,1016.9,,1019.1,,,35,35632.0,2,F1,1,,,,,
2025-08-28,2025-08-28,CM,NSE,STK,757872,INE423A07435,915AEL28,NC,,,,,AEL 9.15% 2028 SR IV,1014.99,1014.99,1006.0,1006.0,1006.0,1007.99,,1006.0,,,250,251953.5,4,F1,1,,,,,
2025-08-28,2025-08-28,CM,NSE,STK,757875,INE423A07393,930AEL30,NF,,,,,AEL 9.3% 2030 SR VII,1003.0,1025.2,1003.0,1008.03,1007.0,1005.1,,1008.03,,,751,756523.78,18,F1,1,,,,,
2025-08-28,2025-08-28,CM,NSE,STK,12015,INE065D01027,AEROENTER,EQ,,,,,AEROFLEX ENTERPRISES LTD,87.2,87.75,86.16,86.57,86.3,87.48,,86.57,,,78998,6858738.32,946,F1,1,,,,,
2025-08-28,2025-08-28,CM,NSE,STK,18268,INE024001021,AEROFLEX,EQ,,,,,AEROFLEX INDUSTRIES LTD,177.42,179.93,168.1,172.82,173.48,176.07,,172.86,,,1008094,175846011.06,20683,F1,1,,,,,
2025-08-28,2025-08-28,CM,NSE,STK,13690,INE035801013,AERONEU,BE,,,,,AEROFLEX NEU LIMITED,100.1,100.25,96.5,97.5,97.5,100.1,,97.5,,,834,81591.84,23,F1,1,,,,,
2025-08-28,2025-08-28,CM,NSE,STK,25065,INE0WL801011,AERON,SM,,,,,AERON COMPOSITE LIMITED,111.2,111.2,107.05,108.5,107.05,112.2,,108.5,,,4000,439350.0,4,F1,1000,,,,,
2025-08-28,2025-08-28,CM,NSE,STK,24833,INE0TSF01011,AESTHETIK,ST,,,,,AESTHETIK ENGINEERS LTD,123.0,123.9,119.0,119.0,119.0,118.05,,119.0,,,16000,1931700.0,7,F1,2000,,,,,
2025-08-28,2025-08-28,CM,NSE,STK,9810,INE0BWX01014,AETHER,EQ,,,,,AETHER INDUSTRIES LIMITED,736.0,742.0,730.0,735.55,735.35,736.0,,735.55,,,42751,31465734.45,5187,F1,1,,,,,
2025-08-28,2025-08-28,CM,NSE,STK,25977,INE101I01011,AFCONS,EQ,,,,,AFCONS INFRASTRUCTURE LTD,436.3,436.9,420.15,422.1,421.15,433.75,,422.1,,,2799889,1183490922.95,34899,F1,1,,,,,
2025-08-28,2025-08-28,CM,NSE,STK,11343,INE00WC01027,AFFLE,EQ,,,,,AFFLE 3I LIMITED,1900.0,1902.9,1873.0,1893.9,1875.0,1894.7,,1893.8,,,152171,288538116.1,18076,F1,1,,,,,
2025-08-28,2025-08-28,CM,NSE,STK,25855,INE692Z01013,AFFORDABLE,EQ,,,,,AFFORD ROBO & AUTO LTD,275.0,300.0,275.0,281.05,283.5,279.1,,281.05,,,374605,108527522.25,8766,F1,1,,,,,
2025-08-28,2025-08-28,CM,NSE,STK,14263,INE0MLA01012,AGARWALFT,SM,,,,,AGARWAL FLOAT GLASS I LTD,67.7,70.0,65.0,69.0,69.4,66.7,,69.0,,,42000,2856600.0,27,F1,1500,,,,,
2025-08-28,2025-08-28,CM,NSE,STK,3389,INE204E01012,AGARIND,EQ,,,,,AGARWAL INDS CORP LTD.,780.0,795.3,770.0,778.2,775.0,782.15,,778.35,,,19753,15442979.5,2026,F1,1,,,,,
2025-08-28,2025-08-28,CM,NSE,STK,27309,INE0P8X01016,AGARWALTUF,SM,,,,,AGARWAL TOUGH GLASS IND L,152.0,154.0,147.1,148.25,149.05,152.6,,148.25,,,49200,7384800.0,40,F1,1200,,,,,
2025-08-28,2025-08-28,CM,NSE,STK,1412,INE415A01038,AGI,EQ,,,,,AGI GREENPAC LIMITED,923.5,925.35,901.8,909.35,902.05,919.35,,909.4,,,90536,82745367.75,5457,F1,1,,,,,
2025-08-28,2025-08-28,CM,NSE,STK,24445,INE976R01025,AGIIL,EQ,,,,,AGI INFRA LIMITED,1157.0,1165.3,1134.6,1143.7,1147.0,1158.0,,1143.7,,,36116,41439941.6,3538,F1,1,,,,,
2025-08-28,2025-08-28,CM,NSE,STK,10491,INE0LF301013,AGNI,SM,,,,,AGNI GREEN POWER LTD,23.45,24.1,22.35,24.05,24.1,22.25,,24.05,,,70000,1647250.0,27,F1,2500,,,,,
2025-08-28,2025-08-28,CM,NSE,STK,11072,INE449G01018,AGRITECH,EQ,,,,,AGRI-TECH (INDIA) LIMITED,142.8,142.8,138.0,138.08,138.0,140.07,,138.08,,,6158,853510.97,207,F1,1,,,,,
2025-08-28,2025-08-28,CM,NSE,STK,9105,INE740V01019,AGROPHOS,BE,,,,,AGRO PHOS INDIA LIMITED,47.0,47.0,44.11,45.51,46.0,46.08,,45.51,,,37363,1687444.54,260,F1,1,,,,,
2025-08-28,2025-08-28,CM,NSE,STK,7935,INE583L01014,AGSTRA,BE,,,,,AGS TRANSACT TECH LTD,5.95,5.95,5.95,5.95,5.95,6.08,,5.93,,,186381,1108966.95,253,F1,1,,,,,
2025-08-28,2025-08-28,CM,NSE,STK,2004,INE00PV01013,AHLADA,EQ,,,,,AHLADA ENGINEERS LIMITED,57.37,57.77,55.1,56.15,56.0,57.37,,56.15,,,32514,1827851.05,581,F1,1,,,,,
2025-08-28,2025-08-28,CM,NSE,STK,17833,INE758C01029,AHLUCONT,EQ,,,,,AHLUWALIA CONT IND LTD,928.9,945.0,915.3,939.6,931.1,924.3,,939.6,,,51000,47698066.2,7081,F1,1,,,,,
2025-08-28,2025-08-28,CM,NSE,STK,13086,INE212H01026,AIAENG,EQ,,,,,AIA ENGINEERING LIMITED,3041.4,3054.1,3001.1,3017.4,3020.0,3039.7,,3017.5,,,85088,258073253.3,28302,F1,1,,,,,
2025-08-28,2025-08-28,CM,NSE,STK,23984,INE0RUV01018,AIMTRON,SM,,,,,AIMTRON ELECTRONICS LTD,670.0,689.0,660.0,667.45,674.0,676.9,,667.45,,,41200,27668900.0,95,F1,400,,,,,
2025-08-28,2025-08-28,CM,NSE,STK,9874,INE805A01014,GOLDTECH,EQ,,,,,AION-TECH SOLUTIONS LTD,67.3,68.89,66.47,66.79,67.5,67.3,,66.88,,,26095,1755009.66,931,F1,1,,,,,
2025-08-28,2025-08-28,CM,NSE,STK,9897,INE645W01026,AIRAN,EQ,,,,,AIRAN LIMITED,25.4,25.59,25.0,25.03,25.02,25.69,,25.03,,,96273,2424465.49,808,F1,1,,,,,
2025-08-28,2025-08-28,CM,NSE,STK,6068,INE801L01010,AIROLAM,EQ,,,,,AIRO LAM LIMITED,106.0,109.41,105.0,106.66,106.2,105.95,,106.66,,,3839,414074.67,171,F1,1,,,,,
2025-08-28,2025-08-28,CM,NSE,STK,6435,IN9397D01014,AIRTELPP,E1,,,,,AIRTEL RS. 1.25 PPD UP,1440.0,1444.1,1428.1,1431.85,1434.0,1446.95,,1431.85,,,185079,266008237.25,3266,F1,1,,,,,
2025-08-28,2025-08-28,CM,NSE,STK,8124,INE031B01049,AJANTPHARM,EQ,,,,,AJANTA PHARMA LIMITED,2579.1,2584.5,2479.9,2508.3,2515.0,2579.1,,2508.3,,,139895,351891246.0,40930,F1,1,,,,,
2025-08-28,2025-08-28,CM,NSE,STK,29624,INE274Y01021,AJAXENGG,EQ,,,,,AJAX ENGINEERING LIMITED,677.0,691.65,677.0,684.25,683.0,689.1,,684.25,,,47717,32683995.05,4252,F1,1,,,,,
2025-08-28,2025-08-28,CM,NSE,STK,17307,INE298G01027,AJMERA,EQ,,,,,AJMERA REALTY & INF I LTD,899.0,904.0,870.0,878.3,870.5,896.45,,878.25,,,35480,31518736.85,3380,F1,1,,,,,
2025-08-28,2025-08-28,CM,NSE,STK,3403,INE820Y01021,AJOONI,EQ,,,,,AJOONI BIOTECH LIMITED,5.4,5.59,5.3,5.39,5.4,5.24,,5.39,,,903423,4914161.25,1939,F1,1,,,,,
2025-08-28,2025-08-28,CM,NSE,STK,21132,INE0PCY01014,AKANKSHA,ST,,,,,AKANKSHA POWER N INFRA L,88.05,88.05,85.0,86.4,86.5,88.0,,86.4,,,12000,1033600.0,12,F1,1000,,,,,
2025-08-28,2025-08-28,CM,NSE,STK,13510,INE737W01013,AKASH,EQ,,,,,AKASH INFRA-PROJECTS LTD,26.2,26.44,25.65,25.68,25.65,26.02,,25.68,,,4190,108348.21,100,F1,1,,,,,
2025-08-28,2025-08-28,CM,NSE,STK,2176,INE00Y801016,AKG,EQ,,,,,AKG EXIM LIMITED,12.37,12.69,12.11,12.21,12.21,12.37,,12.21,,,38219,468168.8,162,F1,1,,,,,
2025-08-28,2025-08-28,CM,NSE,STK,14895,INE642Z01026,AKI,BE,,,,,AKI INDIA LIMITED,8.91,9.49,8.83,9.36,9.31,9.3,,9.25,,,54764,492152.99,263,F1,1,,,,,
2025-08-28,2025-08-28,CM,NSE,STK,24307,INE0PMR01017,AKIKO,ST,,,,,AKIKO GLOBAL SERVICES L,166.0,166.75,166.0,166.75,166.75,158.85,,166.75,,,33600,5599120.0,21,F1,1600,,,,,
2025-08-28,2025-08-28,CM,NSE,STK,24159,INE916Y01027,AFIL,EQ,,,,,AKME FINTRADE (INDIA) LTD,7.1,7.1,6.87,6.91,6.91,7.0,,6.91,,,394922,2759576.03,1020,F1,1,,,,,
2025-08-28,2025-08-28,CM,NSE,STK,8591,INE523B01011,AKSHOPTFBR,EQ,,,,,AKSH OPTIFIBRE LIMITED,7.5,7.74,7.29,7.33,7.35,7.45,,7.34,,,276433,2040483.13,766,F1,1,,,,,
2025-08-28,2025-08-28,CM,NSE,STK,9558,INE256Z01025,AKSHAR,EQ,,,,,AKSHAR SPINTEX LIMITED,0.58,0.58,0.55,0.56,0.57,0.57,,0.56,,,1978578,1115529.93,776,F1,1,,,,,
2025-08-28,2025-08-28,CM,NSE,STK,20178,INE542B01011,AKSHARCHEM,EQ,,,,,AKSHARCHEM INDIA LIMITED,274.5,330.8,269.05,290.65,285.0,275.75,,290.7,,,100217,30485030.2,2863,F1,1,,,,,
2025-08-28,2025-08-28,CM,NSE,STK,24715,INE09XN01023,AKUMS,EQ,,,,,AKUMS DRUGS AND PHARMA L,481.0,481.0,464.15,467.9,467.25,477.1,,467.9,,,453844,214369125.3,13850,F1,1,,,,,
2025-08-28,2025-08-28,CM,NSE,STK,1467,INE133A01011,AKZOINDIA,EQ,,,,,AKZO NOBEL INDIA LIMITED,3432.3,3470.0,3429.4,3464.2,3466.0,3425.4,,3464.4,,,24788,85703918.4,4215,F1,1,,,,,
2025-08-28,2025-08-28,CM,NSE,STK,9921,INE914E01040,ALANKIT,EQ,,,,,ALANKIT LIMITED,14.24,14.24,13.94,14.13,14.1,14.24,,14.14,,,169448,2391354.73,1325,F1,1,,,,,
2025-08-28,2025-08-28,CM,NSE,STK,17256,INE155C01010,ALBERTDAVD,EQ,,,,,ALBERT DAVID LIMITED,812.4,812.4,788.4,795.75,795.0,803.45,,795.8,,,1295,1032474.85,222,F1,1,,,,,
2025-08-28,2025-08-28,CM,NSE,STK,79,INE426A01027,ALEMBICLTD,EQ,,,,,ALEMBIC LIMITED,103.18,103.65,100.5,101.21,101.19,103.64,,101.22,,,398138,40501951.46,7481,F1,1,,,,,
2025-08-28,2025-08-28,CM,NSE,STK,25328,INE901L01018,APLLTD,EQ,,,,,ALEMBIC PHARMA LTD,944.9,945.85,920.0,935.4,935.0,936.5,,935.4,,,270719,253826983.25,8791,F1,1,,,,,
2025-08-28,2025-08-28,CM,NSE,STK,13656,INE062D01024,ALICON,EQ,,,,,ALICON CASTALLOY LIMITED,838.7,850.0,830.0,840.85,839.1,838.9,,840.95,,,4558,3839664.0,714,F1,1,,,,,
2025-08-28,2025-08-28,CM,NSE,STK,5265,INE03Q201024,ALIVUS,EQ,,,,,ALIVUS LIFE SCIENCES LTD,948.5,956.0,935.2,941.7,938.0,948.5,,941.7,,,36246,34292352.7,5591,F1,1,,,,,
2025-08-28,2025-08-28,CM,NSE,STK,16959,INE773I01017,ALKALI,EQ,,,,,ALKALI METALS LTD,87.2,87.75,84.41,85.02,84.43,86.01,,85.1,,,6468,553402.59,303,F1,1,,,,,
2025-08-28,2025-08-28,CM,NSE,STK,11703,INE540L01014,ALKEM,EQ,,,,,ALKEM LABORATORIES LTD.,5420.0,5434.0,5359.5,5376.0,5361.0,5422.0,,5376.0,,,114906,618260796.0,23552,F1,1,,,,,
2025-08-28,2025-08-28,CM,NSE,STK,4487,INE150B01039,ALKYLAMINE,EQ,,,,,ALKYL AMINES CHEM. LTD,2050.0,2085.6,2011.1,2023.8,2019.1,2067.7,,2023.8,,,31852,65011596.0,8023,F1,1,,,,,
2025-08-28,2025-08-28,CM,NSE,STK,13203,INE0M2X01012,ALLETEC,SM,,,,,ALL E TECHNOLOGIES LTD,298.0,315.0,298.0,304.3,303.2,302.15,,304.3,,,20800,6309960.0,49,F1,400,,,,,
2025-08-28,2025-08-28,CM,NSE,STK,758448,INE0GV601021,ALLTIME,EQ,,,,,ALL TIME PLASTICS LIMITED,303.0,308.7,295.0,296.85,298.0,303.1,,296.85,,,1120626,338692452.15,17901,F1,1,,,,,
2025-08-28,2025-08-28,CM,NSE,STK,13688,INE152B01027,ACLGATI,EQ,,,,,ALLCARGO GATI LIMITED,62.4,62.48,61.11,61.69,61.7,62.35,,61.69,,,91112,5622849.64,1206,F1,1,,,,,
2025-08-28,2025-08-28,CM,NSE,STK,13501,INE418H01029,ALLCARGO,EQ,,,,,ALLCARGO LOGISTICS LTD,32.0,32.44,31.5,31.55,31.64,32.15,,31.55,,,1881135,60089099.33,11593,F1,1,,,,,
2025-08-28,2025-08-28,CM,NSE,STK,17778,INE0NN701020,ATL,EQ,,,,,ALLCARGO TERMINALS LTD,26.91,28.2,26.76,26.96,26.85,26.97,,26.98,,,139642,3811835.34,1307,F1,1,,,,,
2025-08-28,2025-08-28,CM,NSE,STK,11798,INE835G01018,ALLDIGI,EQ,,,,,ALLDIGI TECH LIMITED,955.0,967.0,941.0,948.7,941.0,953.9,,948.6,,,5919,5663086.15,798,F1,1,,,,,
2025-08-28,2025-08-28,CM,NSE,STK,24308,INE552Z01027,ABDL,EQ,,,,,ALLIED BLEND N DISTILS L,510.9,514.5,498.1,501.35,502.45,509.85,,501.4,,,188951,95705206.25,7352,F1,1,,,,,
2025-08-28,2025-08-28,CM,NSE,STK,14813,INE102I01027,ADSL,EQ,,,,,ALLIED DIGITAL SERV. LTD,157.47,160.0,153.81,158.82,159.0,157.35,,158.8,,,175203,27535841.11,4209,F1,1,,,,,
2025-08-28,2025-08-28,CM,NSE,STK,16719,INE326B01035,ALMONDZ,EQ,,,,,ALMONDZ GLOBAL SEC LTD,20.22,20.79,20.15,20.41,20.44,20.21,,20.41,,,49315,1003031.78,276,F1,1,,,,,
2025-08-28,2025-08-28,CM,NSE,STK,17675,INE270A01029,ALOKINDS,EQ,,,,,ALOK INDUSTRIES LIMITED,16.9,17.58,16.8,17.39,17.39,17.62,,17.39,,,6207529,107685297.27,13510,F1,1,,,,,
2025-08-28,2025-08-28,CM,NSE,STK,14848,INE385I01010,ALPA,EQ,,,,,ALPA LABORATORIES LTD,95.24,95.91,93.51,94.41,94.0,95.21,,94.42,,,9625,912230.15,307,F1,1,,,,,
2025-08-28,2025-08-28,CM,NSE,STK,22688,INE0R4701017,ALPEXSOLAR,SM,,,,,ALPEX SOLAR LIMITED,1244.5,1256.9,1206.25,1242.1,1250.0,1230.35,,1242.1,,,89800,110943160.0,364,F1,200,,,,,
2025-08-28,2025-08-28,CM,NSE,STK,14597,INE137C01018,ALPHAGEO,EQ,,,,,ALPHAGEO (INDIA) LIMITED,239.95,244.0,235.4,238.0,242.0,239.2,,237.85,,,8754,2095544.75,546,F1,1,,,,,
2025-08-28,2025-08-28,CM,NSE,STK,7623,INE093B01015,ALPSINDUS,BE,,,,,ALPS INDUSTRIES LTD.,1.9,1.95,1.8,1.87,1.91,1.89,,1.88,,,63320,122065.38,42,F1,1,,,,,
2025-08-28,2025-08-28,CM,NSE,STK,23478,INE0STM01017,ALUWIND,ST,,,,,ALUWIND INFRA-TECH LTD,81.0,81.0,80.0,80.25,80.25,82.8,,80.25,,,10500,845250.0,7,F1,1500,,,,,
2025-08-28,2025-08-28,CM,NSE,STK,100,INE885A01032,ARE&M,EQ,,,,,AMARA RAJA ENERGY MOB LTD,969.0,972.7,961.05,967.7,965.5,975.85,,968.05,,,395585,382702781.8,22850,F1,1,,,,,
2025-08-28,2025-08-28,CM,NSE,STK,1185,INE371P01015,AMBER,EQ,,,,,AMBER ENTERPRISES (I) LTD,7225.5,7368.0,7170.5,7254.0,7238.0,7229.0,,7254.0,,,364240,2660284350.5,43476,F1,1,,,,,
2025-08-28,2025-08-28,CM,NSE,STK,24415,INE0M3I01029,AMBEY,SM,,,,,AMBEY LABORATORIES LTD,41.15,41.15,40.15,40.15,40.15,41.15,,40.15,,,8000,325500.0,4,F1,2000,,,,,
2025-08-28,2025-08-28,CM,NSE,STK,11496,INE792B01012,AMBICAAGAR,EQ,,,,,AMBICA AGAR & AROMAINDLTD,26.78,27.17,26.6,26.73,26.6,26.78,,26.73,,,9842,264801.74,106,F1,1,,,,,
2025-08-28,2025-08-28,CM,NSE,STK,15234,INE540G01014,AMBIKCO,EQ,,,,,AMBIKA COTTON MILL LTD.,1363.1,1413.9,1363.1,1388.7,1382.9,1387.5,,1388.7,,,10267,14280529.3,1552,F1,1,,,,,
2025-08-28,2025-08-28,CM,NSE,STK,1270,INE079A01024,AMBUJACEM,EQ,,,,,AMBUJA CEMENTS LTD,569.55,569.95,559.6,561.8,563.5,572.8,,561.8,,,1815158,1025530396.95,23239,F1,1,,,,,
2025-08-28,2025-08-28,CM,NSE,STK,14398,INE005I01014,AMDIND,EQ,,,,,AMD INDUSTRIES LIMITED,50.43,50.43,48.5,48.99,48.6,50.42,,48.99,,,8877,438372.89,389,F1,1,,,,,
2025-08-28,2025-08-28,CM,NSE,STK,11939,INE0MTP01013,AMIABLE,SM,,,,,AMIABLE LOGISTICS (I) LTD,69.0,69.0,69.0,69.0,69.0,69.0,,69.0,,,1600,110400.0,1,F1,1600,,,,,
2025-08-28,2025-08-28,CM,NSE,STK,19867,INE275D01022,AMNPLST,EQ,,,,,AMINES & PLASTICIZERS LTD,220.0,223.79,218.0,218.97,218.0,223.24,,218.97,,,4830,1063202.17,270,F1,1,,,,,
2025-08-28,2025-08-28,CM,NSE,STK,2598,INE606A01024,AMJLAND,EQ,,,,,AMJ LAND HOLDINGS LIMITED,55.3,57.09,55.3,56.59,56.99,56.54,,56.59,,,21686,1224298.38,402,F1,1,,,,,
2025-08-28,2025-08-28,CM,NSE,STK,17547,INE098F01031,AMRUTANJAN,EQ,,,,,AMRUTAJAN HEALTH LTD,703.9,707.0,695.15,699.15,697.2,703.9,,699.1,,,11190,7837816.25,1826,F1,1,,,,,
2025-08-28,2025-08-28,CM,NSE,STK,7145,INE463V01026,ANANDRATHI,EQ,,,,,ANAND RATHI WEALTH LTD,2796.0,2796.0,2735.6,2768.2,2762.0,2801.7,,2768.0,,,72550,200551006.9,11156,F1,1,,,,,
2025-08-28,2025-08-28,CM,NSE,STK,13620,INE242C01024,ANANTRAJ,EQ,,,,,ANANT RAJ LIMITED,529.9,532.3,515.8,517.6,520.4,531.75,,517.6,,,818615,428628239.35,31089,F1,1,,,,,
2025-08-28,2025-08-28,CM,NSE,STK,758430,INE0VG001016,AMCL,ST,,,,,ANB METAL CAST LIMITED,173.0,180.45,173.0,180.45,180.45,171.9,,180.45,,,35200,6289280.0,38,F1,800,,,,,
2025-08-28,2025-08-28,CM,NSE,STK,15420,INE666E01020,ACL,EQ,,,,,ANDHRA CEMENTS LIMITED,93.17,93.17,84.3,84.53,84.3,88.74,,84.53,,,385429,34830863.77,5315,F1,1,,,,,
2025-08-28,2025-08-28,CM,NSE,STK,166,INE435A01051,ANDHRAPAP,EQ,,,,,ANDHRA PAPER LIMITED,77.6,78.42,76.41,76.87,77.1,78.31,,76.86,,,228245,17584424.34,2979,F1,1,,,,,
2025-08-28,2025-08-28,CM,NSE,STK,136,INE715B01021,ANDHRSUGAR,EQ,,,,,ANDHRA SUGARS LTD,76.69,77.17,75.34,75.82,75.63,76.3,,75.82,,,108970,8321352.76,2353,F1,1,,,,,
2025-08-28,2025-08-28,CM,NSE,STK,324,INE732I01013,ANGELONE,EQ,,,,,ANGEL ONE LIMITED,2340.0,2349.6,2251.0,2259.4,2270.0,2339.1,,2259.5,,,1504243,3438867678.4,104983,F1,1,,,,,
2025-08-28,2025-08-28,CM,NSE,STK,16657,INE087B01017,ANIKINDS,EQ,,,,,ANIK INDUSTRIES LTD,92.0,97.55,92.0,96.14,95.9,93.88,,96.21,,,10976,1051037.79,183,F1,1,,,,,
2025-08-28,2025-08-28,CM,NSE,STK,20457,INE071F01012,APCL,BE,,,,,ANJANI PORTLAND CEM LTD,137.4,140.39,135.0,140.18,140.0,140.0,,139.9,,,2094,289948.62,27,F1,1,,,,,
2025-08-28,2025-08-28,CM,NSE,STK,25878,INE106I01010,ANKITMETAL,BZ,,,,,ANKIT MET & POW LTD,1.87,1.87,1.75,1.8,1.8,1.79,,1.81,,,18423,32814.2,40,F1,1,,,,,
2025-08-28,2025-08-28,CM,NSE,STK,3727,INE02AR01019,ANMOL,EQ,,,,,ANMOL INDIA LIMITED,16.35,16.44,16.0,16.32,16.35,16.35,,16.32,,,20461,332593.41,248,F1,1,,,,,
2025-08-28,2025-08-28,CM,NSE,STK,11198,INE0MGM01017,ANNAPURNA,SM,,,,,ANNAPURNA SWADISHT LTD,251.9,252.5,246.0,249.2,250.0,252.05,,249.2,,,24750,6184037.5,70,F1,250,,,,,
2025-08-28,2025-08-28,CM,NSE,STK,19677,INE436A01026,ANSALAPI,BZ,,,,,ANSAL PROP & INFRA LTD,5.2,5.24,5.09,5.23,5.23,5.2,,5.23,,,21920,112402.23,37,F1,1,,,,,
2025-08-28,2025-08-28,CM,NSE,STK,5194,INE414B01021,ANTGRAPHIC,EQ,,,,,ANTARCTICA LTD,1.13,1.22,1.09,1.13,1.11,1.11,,1.13,,,484961,555419.42,379,F1,1,,,,,
2025-08-28,2025-08-28,CM,NSE,STK,757885,INE0CZ201020,ANTHEM,EQ,,,,,ANTHEM BIOSCIENCES LTD,839.7,845.85,815.2,817.5,817.0,835.85,,817.5,,,684187,564434141.8,33179,F1,1,,,,,
2025-08-28,2025-08-28,CM,NSE,STK,1797,INE01BK01022,AWHCL,EQ,,,,,ANTONY WASTE HDG CELL LTD,579.9,584.2,567.2,570.75,572.35,578.6,,570.75,,,38318,21974304.7,3102,F1,1,,,,,
2025-08-28,2025-08-28,CM,NSE,STK,28314,INE489G01022,ANUHPHR,EQ,,,,,ANUH PHARMA LIMITED,89.1,89.1,86.56,86.94,86.62,87.39,,86.95,,,23394,2042434.8,851,F1,1,,,,,
2025-08-28,2025-08-28,CM,NSE,STK,2829,INE930P01018,ANURAS,EQ,,,,,ANUPAM RASAYAN INDIA LTD,1110.1,1137.7,1110.1,1128.3,1123.0,1124.3,,1128.3,,,203021,227755114.9,9449,F1,1,,,,,
2025-08-28,2025-08-28,CM,NSE,STK,28983,INE0SI601032,ANYA,SM,,,,,ANYA POLYTECH & FERTI LTD,23.25,23.65,23.05,23.15,23.15,23.25,,23.15,,,45000,1056750.0,5,F1,5000,,,,,
2025-08-28,2025-08-28,CM,NSE,STK,11945,INE0MIZ23019,ANZEN,IV,,,,,ANZEN IND ENE YLD PLU TRU,115.0,115.0,115.0,115.0,115.0,115.0,,115.0,,,950000,109250000.0,31,F1,25000,,,,,
2025-08-28,2025-08-28,CM,NSE,STK,30472,INF1J2R01056,AONELIQUID,EQ,,,,,AONEAMC - AONELIQUID,1022.97,1022.97,1022.95,1022.96,1022.97,1022.81,,1022.96,,,10677,10922082.21,532,F1,1,,,,,
2025-08-28,2025-08-28,CM,NSE,STK,757096,INF1J2R01064,AONENIFTY,EQ,,,,,AONEAMC - AONENIFTY,10.42,10.42,10.02,10.04,10.06,10.12,,10.04,,,239812,2415828.91,1858,F1,1,,,,,
2025-08-28,2025-08-28,CM,NSE,STK,29975,INF1J2R01015,AONETOTAL,EQ,,,,,AONEAMC - AONETOTAL,11.65,11.65,11.41,11.43,11.53,11.54,,11.43,,,442729,5079387.52,2264,F1,1,,,,,
2025-08-28,2025-08-28,CM,NSE,STK,11491,INE372A01015,APARINDS,EQ,,,,,APAR INDUSTRIES LTD.,7830.5,7903.5,7702.5,7730.5,7720.0,7881.5,,7730.5,,,66842,521532704.5,18134,F1,1,,,,,
2025-08-28,2025-08-28,CM,NSE,STK,154,INE116A01032,APCOTEXIND,EQ,,,,,APCOTEX INDUSTRIES LIMITE,381.5,386.7,380.5,382.15,382.5,386.2,,382.15,,,8829,3381254.05,726,F1,1,,,,,
2025-08-28,2025-08-28,CM,NSE,STK,27288,INE0T4V01015,APEXECO,SM,,,,,APEX ECOTECH LIMITED,126.35,129.0,123.6,127.4,127.4,126.4,,127.4,,,32000,4062960.0,20,F1,1600,,,,,
2025-08-28,2025-08-28,CM,NSE,STK,21623,INE346W01013,APEX,EQ,,,,,APEX FROZEN FOODS LIMITED,222.1,224.89,214.36,217.57,216.6,229.38,,217.56,,,264640,57638767.87,6325,F1,1,,,,,
2025-08-28,2025-08-28,CM,NSE,STK,25780,INE702C01027,APLAPOLLO,EQ,,,,,APL APOLLO TUBES LTD,1628.9,1631.2,1592.0,1600.3,1594.0,1628.9,,1600.3,,,509123,819715308.7,38365,F1,1,,,,,
2025-08-28,2025-08-28,CM,NSE,STK,757180,INE0TLC07093,930APMD28,N0,,,,,APMD 9.30% 2028 STRPP B,100950.0,100950.0,100950.0,100950.0,100950.0,100720.0,,100950.0,,,2,201900.0,2,F1,1,,,,,
2025-08-28,2025-08-28,CM,NSE,STK,757186,INE0TLC07051,930APMD31,N0,,,,,APMD 9.30% 2031 STRPP E,100100.0,100100.0,100100.0,100100.0,100100.0,101724.53,,100100.0,,,1,100100.0,1,F1,1,,,,,
2025-08-28,2025-08-28,CM,NSE,STK,757170,INE0TLC07101,930APMD32,N0,,,,,APMD 9.30% 2032 STRPP F,101971.17,101971.17,101926.07,101926.07,101926.07,101797.41,,101926.07,,,7,713572.69,2,F1,1,,,,,
2025-08-28,2025-08-28,CM,NSE,STK,757176,INE0TLC07036,930APMD35,N0,,,,,APMD 9.30% 2035 STRPP I,100000.0,100000.0,100000.0,100000.0,100000.0,102576.19,,100000.0,,,1,100000.0,1,F1,1,,,,,
2025-08-28,2025-08-28,CM,NSE,STK,157,INE437A01024,APOLLOHOSP,EQ,,,,,APOLLO HOSPITALS ENTER. L,7755.0,7828.0,7714.5,7728.0,7725.5,7793.5,,7728.0,,,418353,3249458391.5,62506,F1,1,,,,,
2025-08-28,2025-08-28,CM,NSE,STK,1134,INE713T01028,APOLLO,EQ,,,,,APOLLO MICRO SYSTEMS LTD,244.0,252.5,239.0,242.47,241.88,243.3,,242.47,,,16574505,4090192370.87,103583,F1,1,,,,,
2025-08-28,2025-08-28,CM,NSE,STK,14361,INE126J01016,APOLLOPIPE,EQ,,,,,APOLLO PIPES LIMITED,390.0,399.85,383.2,388.55,387.0,399.85,,388.6,,,51727,20304878.1,2309,F1,1,,,,,
2025-08-28,2025-08-28,CM,NSE,STK,6302,INE451F01024,APOLSINHOT,EQ,,,,,APOLLO SINDOORI HOTEL LTD,1383.5,1383.5,1350.4,1359.0,1367.0,1386.7,,1359.0,,,614,838848.6,193,F1,1,,,,,
2025-08-28,2025-08-28,CM,NSE,STK,163,INE438A01022,APOLLOTYRE,EQ,,,,,APOLLO TYRES LTD,456.5,462.15,453.5,457.55,456.5,456.55,,458.45,,,609203,279640846.25,19331,F1,1,,,,,
2025-08-28,2025-08-28,CM,NSE,STK,24641,INE0LQG01010,APRAMEYA,ST,,,,,APRAMEYA ENGINEERING LTD,175.0,185.3,175.0,184.2,185.3,176.5,,184.2,,,39000,7182350.0,37,F1,1000,,,,,
2025-08-28,2025-08-28,CM,NSE,STK,14074,INE266F01018,APTECHT,BE,,,,,APTECH LIMITED,130.0,134.0,127.5,127.86,128.65,129.4,,127.66,,,24331,3145525.3,336,F1,1,,,,,
2025-08-28,2025-08-28,CM,NSE,STK,5435,INE852O01025,APTUS,EQ,,,,,APTUS VALUE HSG FIN I LTD,334.5,334.5,323.0,324.8,325.0,336.1,,324.8,,,795490,259711911.1,27627,F1,1,,,,,
2025-08-28,2025-08-28,CM,NSE,STK,19253,INE08NJ01024,ARABIAN,SM,,,,,ARABIAN PETROLEUM LIMITED,74.75,74.75,74.75,74.75,74.75,75.25,,74.75,,,2000,149500.0,1,F1,2000,,,,,
2025-08-28,2025-08-28,CM,NSE,STK,12024,INE128X01021,ACI,EQ,,,,,ARCHEAN CHEMICAL IND LTD,652.0,658.7,640.0,649.95,646.5,655.25,,649.95,,,182748,118598654.95,17096,F1,1,,,,,
2025-08-28,2025-08-28,CM,NSE,STK,245,INE0CHO01012,ADL,EQ,,,,,ARCHIDPLY DECOR LIMITED,88.63,88.87,85.1,88.35,88.87,88.63,,88.35,,,791,69155.74,119,F1,1,,,,,
2025-08-28,2025-08-28,CM,NSE,STK,16795,INE877I01016,ARCHIDPLY,EQ,,,,,ARCHIDPLY IND. LTD,96.1,99.9,96.1,98.54,98.55,97.59,,98.54,,,5063,499757.03,336,F1,1,,,,,
2025-08-28,2025-08-28,CM,NSE,STK,6400,INE731A01020,ARCHIES,BE,,,,,ARCHIES LTD,19.17,19.17,18.32,18.69,18.7,18.8,,18.69,,,23676,441637.14,96,F1,1,,,,,
2025-08-28,2025-08-28,CM,NSE,STK,758700,INE784R01023,ARFIN,EQ,,,,,ARFIN INDIA LIMITED,35.2,35.2,33.58,34.06,34.51,34.31,,34.02,,,61782,2138495.74,1730,F1,1,,,,,
2025-08-28,2025-08-28,CM,NSE,STK,13092,INE0L2Y01011,ARHAM,SM,,,,,ARHAM TECHNOLOGIES LTD,85.95,90.5,84.25,89.9,88.5,83.15,,89.9,,,41000,3643350.0,41,F1,1000,,,,,
2025-08-28,2025-08-28,CM,NSE,STK,15204,INE298I01015,ARIES,EQ,,,,,ARIES AGRO LTD.,426.0,439.2,423.35,427.45,426.05,428.8,,427.45,,,249990,107888498.35,9740,F1,1,,,,,
2025-08-28,2025-08-28,CM,NSE,STK,13340,INE0NCC01015,ARIHANTACA,SM,,,,,ARIHANT ACADEMY LIMITED,385.0,385.0,380.0,380.0,380.0,384.2,,380.0,,,800,306000.0,2,F1,400,,,,,
2025-08-28,2025-08-28,CM,NSE,STK,3813,INE420B01036,ARIHANTCAP,EQ,,,,,ARIHANT CAPITAL MKTS LTD,111.49,112.69,109.42,110.47,110.48,112.0,,110.46,,,271458,30011983.76,3785,F1,1,,,,,
2025-08-28,2025-08-28,CM,NSE,STK,20159,INE643K01018,ARIHANTSUP,EQ,,,,,ARIHANT SUPERSTRUCT LTD,413.6,413.6,389.2,400.1,400.1,413.95,,400.1,,,17680,7137399.1,540,F1,1,,,,,
2025-08-28,2025-08-28,CM,NSE,STK,757614,INE0H9P01028,ARISINFRA,EQ,,,,,ARISINFRA SOLUTIONS LTD,149.11,152.0,146.68,149.82,149.5,150.06,,149.82,,,437803,65530721.93,10618,F1,1,,,,,
2025-08-28,2025-08-28,CM,NSE,STK,25398,INE0QRL01017,ARKADE,EQ,,,,,ARKADE DEVELOPERS LIMITED,177.99,178.36,175.0,175.24,175.5,178.06,,175.24,,,1517509,267149480.04,10470,F1,1,,,,,
2025-08-28,2025-08-28,CM,NSE,STK,17263,INE109C01017,ARMANFIN,EQ,,,,,ARMAN FIN SERV LTD,1424.3,1426.9,1378.5,1382.3,1385.3,1424.2,,1382.2,,,38765,54189233.7,4392,F1,1,,,,,
2025-08-28,2025-08-28,CM,NSE,STK,14557,INE210C01013,AROGRANITE,EQ,,,,,ARO GRANITE IND. LTD.,36.9,36.9,35.0,35.44,35.34,35.82,,35.47,,,1768,63038.43,185,F1,1,,,,,
2025-08-28,2025-08-28,CM,NSE,STK,9260,INE570D01018,ARROWGREEN,EQ,,,,,ARROW GREENTECH LIMITED,615.05,622.1,585.0,589.15,589.1,622.6,,588.95,,,41057,24477253.95,2500,F1,1,,,,,
2025-08-28,2025-08-28,CM,NSE,STK,18206,INE267I01010,ARSSINFRA,BE,,,,,ARSS INFRA PROJ. LTD,44.25,45.45,43.05,44.66,45.45,45.21,,44.72,,,1833,80413.75,21,F1,1,,,,,
2025-08-28,2025-08-28,CM,NSE,STK,6159,INE738V01013,ARTNIRMAN,BE,,,,,ART NIRMAN LIMITED,48.8,49.0,48.0,48.0,48.0,47.97,,48.0,,,1210,58654.0,17,F1,1,,,,,
2025-08-28,2025-08-28,CM,NSE,STK,16913,INE025R01021,ARTEMISMED,EQ,,,,,ARTEMIS MED SERVICE LTD,226.1,226.1,220.18,223.12,222.6,222.16,,223.12,,,139229,31128430.63,9332,F1,1,,,,,
2025-08-28,2025-08-28,CM,NSE,STK,756899,INE0TTG01017,ARUNAYA,ST,,,,,ARUNAYA ORGANICS LIMITED,24.15,24.15,24.1,24.1,24.1,24.25,,24.1,,,6000,144800.0,3,F1,2000,,,,,
2025-08-28,2025-08-28,CM,NSE,STK,2814,INE006Z01016,ARVEE,EQ,,,,,ARVEE LABORATORIES I LTD,159.99,160.79,159.99,160.79,160.79,160.79,,160.79,,,97,15595.83,6,F1,1,,,,,
2025-08-28,2025-08-28,CM,NSE,STK,9111,INE955V01021,ARVINDFASN,EQ,,,,,ARVIND FASHIONS LIMITED,524.95,525.0,508.3,513.6,512.35,526.0,,513.6,,,141063,72881959.8,9826,F1,1,,,,,
2025-08-28,2025-08-28,CM,NSE,STK,193,INE034A01011,ARVIND,EQ,,,,,ARVIND LIMITED,279.95,285.95,274.8,284.65,284.8,283.0,,284.65,,,489080,137251365.2,17057,F1,1,,,,,
2025-08-28,2025-08-28,CM,NSE,STK,19587,INE0P4T01013,ARVINDPORT,ST,,,,,ARVIND PORT AND INFRA LTD,51.0,52.65,51.0,52.65,52.65,51.45,,52.65,,,7500,392400.0,4,F1,1500,,,,,
2025-08-28,2025-08-28,CM,NSE,STK,10457,INE034S01021,ARVSMART,EQ,,,,,ARVIND SMARTSPACES LTD,606.55,611.95,594.55,604.3,599.0,606.55,,604.3,,,66945,40290382.85,3890,F1,1,,,,,
2025-08-28,2025-08-28,CM,NSE,STK,5378,INE439A01020,ASAHIINDIA,EQ,,,,,ASAHI INDIA GLASS LIMITED,862.3,874.0,847.45,867.85,864.0,873.45,,867.85,,,157391,136062740.55,12733,F1,1,,,,,
2025-08-28,2025-08-28,CM,NSE,STK,25088,INE228I01012,ASAHISONG,EQ,,,,,ASAHI SONGWON COLOR LTD,292.5,299.85,290.1,290.65,294.9,299.25,,290.65,,,8458,2494145.0,467,F1,1,,,,,
2025-08-28,2025-08-28,CM,NSE,STK,24711,INE0LAA01017,ASHALOG,SM,,,,,ASHAPURA LOGISTICS LTD,65.25,65.25,65.25,65.25,65.25,68.65,,65.25,,,1000,65250.0,1,F1,1000,,,,,
2025-08-28,2025-08-28,CM,NSE,STK,203,INE348A01023,ASHAPURMIN,EQ,,,,,ASHAPURA MINECHEM LTD,486.95,489.4,472.15,483.0,479.2,485.2,,483.0,,,386830,187004486.7,15674,F1,1,,,,,
2025-08-28,2025-08-28,CM,NSE,STK,24403,INE365D01021,ASHIANA,EQ,,,,,ASHIANA HOUSING LTD,318.0,321.1,313.15,315.7,314.55,322.95,,315.7,,,38688,12250855.9,2431,F1,1,,,,,
2025-08-28,2025-08-28,CM,NSE,STK,206,INE440A01010,ASHIMASYN,EQ,,,,,ASHIMA LTD,24.31,25.1,23.9,24.15,24.48,24.8,,24.16,,,118602,2915514.91,594,F1,1,,,,,
2025-08-28,2025-08-28,CM,NSE,STK,212,INE208A01029,ASHOKLEY,EQ,,,,,ASHOK LEYLAND LTD,131.35,131.9,129.48,129.82,129.8,131.37,,129.8,,,7709689,1004688194.55,48639,F1,1,,,,,
2025-08-28,2025-08-28,CM,NSE,STK,20182,INE442H01029,ASHOKA,EQ,,,,,ASHOKA BUILDCON LTD,177.2,177.55,172.19,173.67,173.99,178.49,,173.68,,,811039,141540571.91,17767,F1,1,,,,,
2025-08-28,2025-08-28,CM,NSE,STK,16943,INE760Y01011,ASHOKAMET,EQ,,,,,ASHOKA METCAST LIMITED,16.65,16.92,16.13,16.32,16.2,16.64,,16.32,,,47941,787281.6,362,F1,1,,,,,
2025-08-28,2025-08-28,CM,NSE,STK,7030,INE276G01015,ASIANENE,EQ,,,,,ASIAN ENERGY SERVICES LTD,370.0,373.95,353.9,360.7,362.95,367.9,,360.7,,,310217,112231949.2,10134,F1,1,,,,,
2025-08-28,2025-08-28,CM,NSE,STK,14893,INE022I01019,ASIANTILES,BE,,,,,ASIAN GRANITO IND. LTD.,60.0,60.5,58.61,59.52,59.52,60.47,,59.58,,,153707,9142074.9,526,F1,1,,,,,
2025-08-28,2025-08-28,CM,NSE,STK,19438,INE926K01017,AHLEAST,EQ,,,,,ASIAN HOTELS (EAST) LTD,154.17,154.17,150.1,150.35,152.25,152.36,,150.41,,,957,144893.08,52,F1,1,,,,,
2025-08-28,2025-08-28,CM,NSE,STK,18422,INE363A01022,ASIANHOTNR,EQ,,,,,ASIAN HOTELS (NORTH) LTD,309.1,337.8,309.1,327.4,334.6,324.05,,326.1,,,6611,2166764.75,374,F1,1,,,,,
2025-08-28,2025-08-28,CM,NSE,STK,236,INE021A01026,ASIANPAINT,EQ,,,,,ASIAN PAINTS LIMITED,2465.0,2528.0,2465.0,2489.0,2490.0,2481.4,,2489.1,,,1485769,3723234769.7,105181,F1,1,,,,,
2025-08-28,2025-08-28,CM,NSE,STK,20152,INE491J01022,ASKAUTOLTD,EQ,,,,,ASK AUTOMOTIVE LIMITED,493.65,495.4,479.1,481.05,480.0,493.65,,481.05,,,108169,52729559.75,12520,F1,1,,,,,
2025-08-28,2025-08-28,CM,NSE,STK,20503,INE617I01024,ASLIND,ST,,,,,ASL INDUSTRIES LIMITED,50.0,50.0,50.0,50.0,50.0,51.0,,50.0,,,4000,200000.0,2,F1,2000,,,,,
2025-08-28,2025-08-28,CM,NSE,STK,17270,INE991I01015,ASPINWALL,EQ,,,,,ASPINWALL & CO LTD,264.25,274.2,264.2,267.55,265.3,272.4,,267.55,,,2505,671114.1,219,F1,1,,,,,
2025-08-28,2025-08-28,CM,NSE,STK,17598,INE073G01016,ASALCBR,EQ,,,,,ASSO ALCOHOLS & BREW LTD,1045.0,1046.0,1022.0,1030.4,1029.2,1043.6,,1030.4,,,15917,16442835.0,2049,F1,1,,,,,
2025-08-28,2025-08-28,CM,NSE,STK,17728,INE563J01010,ASTEC,EQ,,,,,ASTEC LIFESCIENCES LTD,848.3,878.0,825.35,857.3,860.0,839.6,,857.55,,,34955,30201990.1,3973,F1,1,,,,,
2025-08-28,2025-08-28,CM,NSE,STK,1508,INE914M01019,ASTERDM,EQ,,,,,ASTER DM HEALTHCARE LTD.,601.0,601.9,586.95,594.45,593.0,601.0,,594.45,,,501510,298890112.8,24334,F1,1,,,,,
2025-08-28,2025-08-28,CM,NSE,STK,11618,INE386C01029,ASTRAMICRO,EQ,,,,,ASTRA MICROWAVE LTD,1011.0,1036.5,998.75,1019.25,1022.15,1000.25,,1019.1,,,455401,464614693.95,24701,F1,1,,,,,
2025-08-28,2025-08-28,CM,NSE,STK,14418,INE006I01046,ASTRAL,EQ,,,,,ASTRAL LIMITED,1390.1,1392.1,1354.6,1361.8,1360.0,1390.1,,1361.8,,,880210,1202759948.9,49909,F1,1,,,,,
2025-08-28,2025-08-28,CM,NSE,STK,5610,INE203A01020,ASTRAZEN,EQ,,,,,ASTRAZENECA PHARMA IND LT,8050.0,8475.0,8050.0,8329.0,8320.0,8016.5,,8328.5,,,87901,728529577.5,24443,F1,1,,,,,
2025-08-28,2025-08-28,CM,NSE,STK,874,INE646X01014,ASTRON,EQ,,,,,ASTRON PAPER BORD MIL LTD,13.1,13.1,11.55,12.17,12.1,12.75,,12.18,,,819032,9802592.29,627,F1,1,,,,,
2025-08-28,2025-08-28,CM,NSE,STK,15653,INE0ALR01029,ATALREAL,BE,,,,,ATAL REALTECH LIMITED,19.05,19.05,18.4,18.97,19.0,19.05,,18.98,,,430638,8120437.69,293,F1,1,,,,,
2025-08-28,2025-08-28,CM,NSE,STK,15404,INE09KD01013,ATAM,EQ,,,,,ATAM VALVES LIMITED,92.15,95.97,90.51,91.34,91.0,93.99,,91.39,,,49224,4608875.2,3452,F1,1,,,,,
2025-08-28,2025-08-28,CM,NSE,STK,756402,INE0V0Q01019,ATCENERGY,SM,,,,,ATC ENERGIES SYSTEM LTD,62.2,62.85,62.05,62.2,62.45,62.2,,62.2,,,37200,2319720.0,24,F1,1200,,,,,
2025-08-28,2025-08-28,CM,NSE,STK,757645,INE0LEZ01016,ATHERENERG,EQ,,,,,ATHER ENERGY LIMITED,434.85,438.6,426.4,430.2,430.0,431.5,,430.2,,,1179714,509459332.65,35525,F1,1,,,,,
2025-08-28,2025-08-28,CM,NSE,STK,13585,INE285H01022,ATLANTAA,EQ,,,,,ATLANTAA LIMITED,32.3,32.99,30.8,30.97,30.94,32.52,,31.02,,,19577,614978.12,565,F1,1,,,,,
2025-08-28,2025-08-28,CM,NSE,STK,7921,INE446A01025,ATLASCYCLE,BE,,,,,ATLAS CYCLE (HARYANA) LTD,132.05,134.65,127.99,129.2,129.89,131.13,,128.8,,,12633,1640655.9,163,F1,1,,,,,
2025-08-28,2025-08-28,CM,NSE,STK,22785,INE05DH01017,ATMASTCO,SM,,,,,ATMASTCO LIMITED,229.3,234.45,228.35,230.5,232.85,230.45,,230.5,,,38000,8786840.0,77,F1,400,,,,,
2025-08-28,2025-08-28,CM,NSE,STK,30023,INE951D01028,ATULAUTO,EQ,,,,,ATUL AUTO LIMITED,434.0,434.7,420.0,427.6,428.0,429.5,,427.7,,,50861,21664036.55,2881,F1,1,,,,,
2025-08-28,2025-08-28,CM,NSE,STK,263,INE100A01010,ATUL,EQ,,,,,ATUL LTD,6280.0,6350.0,6250.0,6311.5,6290.5,6261.0,,6311.5,,,13157,82963269.0,4005,F1,1,,,,,
2025-08-28,2025-08-28,CM,NSE,STK,21238,INE949L01017,AUBANK,EQ,,,,,AU SMALL FINANCE BANK LTD,745.3,751.95,728.0,729.25,729.55,745.25,,729.25,,,1467576,1080239399.3,54353,F1,1,,,,,
2025-08-28,2025-08-28,CM,NSE,STK,12022,INE132H01018,AURIONPRO,EQ,,,,,AURIONPRO SOLN LTD,1315.0,1315.6,1280.0,1284.3,1288.8,1312.1,,1284.3,,,55123,71336004.1,7132,F1,1,,,,,
2025-08-28,2025-08-28,CM,NSE,STK,15869,INE0NUL01018,AUROIMPEX,SM,,,,,AURO IMPEX & CHEMICALS L,46.0,46.05,45.0,46.05,46.05,44.9,,46.05,,,4800,219280.0,3,F1,1600,,,,,
2025-08-28,2025-08-28,CM,NSE,STK,275,INE406A01037,AUROPHARMA,EQ,,,,,AUROBINDO PHARMA LTD,1046.7,1047.3,1021.7,1026.3,1030.0,1045.6,,1026.4,,,2342067,2413730566.2,55301,F1,1,,,,,
2025-08-28,2025-08-28,CM,NSE,STK,10310,INE898S01029,AURUM,EQ,,,,,AURUM PROPTECH LIMITED,170.55,176.09,167.07,167.81,169.0,170.76,,167.81,,,41412,7017649.93,1376,F1,1,,,,,
2025-08-28,2025-08-28,CM,NSE,STK,9035,INE218C01016,AUSOMENT,BE,,,,,AUSOM ENTERPRISE LIMITED,105.2,107.95,104.02,107.86,107.86,109.09,,107.86,,,708,74458.21,23,F1,1,,,,,
2025-08-28,2025-08-28,CM,NSE,STK,21459,INE0P0001010,APS,ST,,,,,AUSTRALIAN PREM SOLAR I L,485.0,490.0,475.0,482.95,483.0,484.85,,482.95,,,15750,7604425.0,62,F1,250,,,,,
2025-08-28,2025-08-28,CM,NSE,STK,23553,INE206F01022,AIIL,EQ,,,,,AUTHUM INVEST & INFRA LTD,3129.0,3210.0,3075.0,3196.4,3195.5,3125.7,,3196.3,,,204512,647884334.7,24638,F1,1,,,,,
2025-08-28,2025-08-28,CM,NSE,STK,14106,INE718H01014,AUTOIND,EQ,,,,,AUTOLINE INDUSTRIES LTD,70.11,72.45,70.11,71.28,70.72,70.86,,71.3,,,23931,1711748.16,631,F1,1,,,,,
2025-08-28,2025-08-28,CM,NSE,STK,278,INE449A01011,AUTOAXLES,EQ,,,,,AUTOMOTIVE AXLES LIMITED,1726.2,1734.8,1680.0,1708.1,1704.5,1726.1,,1707.3,,,8582,14659129.8,1940,F1,1,,,,,
2025-08-28,2025-08-28,CM,NSE,STK,10634,INE900C01027,ASAL,EQ,,,,,AUTOMOTIVE STAMPINGS & AS,485.85,495.55,477.6,490.25,489.6,485.85,,490.25,,,16954,8284725.55,1118,F1,1,,,,,
2025-08-28,2025-08-28,CM,NSE,STK,21406,INE349W01017,AVADHSUGAR,EQ,,,,,AVADH SUG & ENERGY LTD,422.2,428.4,418.3,426.55,426.0,424.3,,426.55,,,8453,3588099.45,937,F1,1,,,,,
2025-08-28,2025-08-28,CM,NSE,STK,15058,INE0LCL01028,AVALON,EQ,,,,,AVALON TECHNOLOGIES LTD,838.2,872.8,838.2,863.85,859.0,843.7,,863.85,,,253945,218624319.3,14850,F1,1,,,,,
2025-08-28,2025-08-28,CM,NSE,STK,24610,INE005B01027,AVANTEL,EQ,,,,,AVANTEL LIMITED,148.45,148.85,144.1,145.66,144.5,148.1,,145.67,,,962719,140739304.3,16998,F1,1,,,,,
2025-08-28,2025-08-28,CM,NSE,STK,7936,INE871C01038,AVANTIFEED,EQ,,,,,AVANTI FEEDS LIMITED,629.05,644.65,614.25,633.3,636.0,639.95,,633.4,,,457875,286284760.95,26633,F1,1,,,,,
2025-08-28,2025-08-28,CM,NSE,STK,19913,INE192R01011,DMART,EQ,,,,,AVENUE SUPERMARTS LIMITED,4805.0,4805.0,4671.4,4699.9,4720.0,4716.4,,4699.9,,,648948,3067454955.7,58693,F1,1,,,,,
2025-08-28,2025-08-28,CM,NSE,STK,15589,INE680Z01018,AVG,EQ,,,,,AVG LOGISTICS LIMITED,225.94,225.94,214.9,216.83,216.06,225.15,,216.87,,,30254,6613771.41,1300,F1,1,,,,,
2025-08-28,2025-08-28,CM,NSE,STK,25520,INE0TFB01017,AVIANSH,SM,,,,,AVI ANSH TEXTILE LIMITED,103.0,103.0,102.25,102.85,102.85,102.85,,102.85,,,6000,615650.0,4,F1,1000,,,,,
2025-08-28,2025-08-28,CM,NSE,STK,13557,INE323B01024,AVONMORE,EQ,,,,,AVONMORE CAP&MGT SERV LTD,19.3,19.75,19.25,19.49,19.4,19.57,,19.49,,,385420,7529401.48,1318,F1,1,,,,,
2025-08-28,2025-08-28,CM,NSE,STK,23159,INE0R9401019,AVPINFRA,SM,,,,,AVP INFRACON LIMITED,179.65,179.8,177.0,178.5,178.95,178.45,,178.5,,,47200,8400480.0,57,F1,800,,,,,
2025-08-28,2025-08-28,CM,NSE,STK,8827,INE652Z01017,AVROIND,EQ,,,,,AVRO INDIA LIMITED,150.83,154.9,146.0,150.94,146.0,151.7,,150.99,,,11080,1670458.35,456,F1,1,,,,,
2025-08-28,2025-08-28,CM,NSE,STK,14008,INE488D01021,AVTNPL,EQ,,,,,AVT NATURAL PRODUCTS LTD,73.0,73.79,71.81,72.43,72.17,73.01,,72.43,,,61602,4486549.98,1656,F1,1,,,,,
2025-08-28,2025-08-28,CM,NSE,STK,23864,INE108V01019,AWFIS,EQ,,,,,AWFIS SPACE SOLUTIONS LTD,570.0,576.0,561.3,569.95,569.95,575.65,,569.95,,,438017,250016433.9,26095,F1,1,,,,,
2025-08-28,2025-08-28,CM,NSE,STK,8110,INE699H01024,AWL,EQ,,,,,AWL AGRI BUSINESS LIMITED,252.5,253.2,247.55,249.6,249.65,251.95,,249.6,,,1569139,391035878.55,37167,F1,1,,,,,
2025-08-28,2025-08-28,CM,NSE,STK,5900,INE238A01034,AXISBANK,EQ,,,,,AXIS BANK LIMITED,1057.0,1059.5,1047.0,1051.9,1055.6,1050.1,,1051.9,,,8564803,9001915178.5,169340,F1,1,,,,,
2025-08-28,2025-08-28,CM,NSE,STK,20532,INF846K01W80,AXISGOLD,EQ,,,,,AXIS MF - AXIS GOLD ETF,86.45,86.45,84.52,84.96,84.91,84.35,,84.96,,,237845,20182531.55,1979,F1,1,,,,,
2025-08-28,2025-08-28,CM,NSE,STK,1044,INF846K01X63,AXISBNKETF,EQ,,,,,AXISAMC - AXISBNKETF,560.99,560.99,553.86,554.88,555.19,560.99,,554.88,,,1231,685368.52,73,F1,1,,,,,
2025-08-28,2025-08-28,CM,NSE,STK,3530,INF846K01Z04,AXISBPSETF,EQ,,,,,AXISAMC - AXISBPSETF,13.17,13.17,12.83,12.91,12.92,12.85,,12.91,,,151104,1949466.71,334,F1,1,,,,,
2025-08-28,2025-08-28,CM,NSE,STK,5732,INF846K016C7,AXISCETF,EQ,,,,,AXISAMC - AXISCETF,125.07,125.12,123.86,124.03,125.12,125.16,,123.91,,,1963,244460.32,45,F1,1,,,,,
2025-08-28,2025-08-28,CM,NSE,STK,3608,INF846K01Z12,AXISHCETF,EQ,,,,,AXISAMC - AXISHCETF,147.83,147.84,146.0,146.54,147.0,147.83,,146.55,,,1337,196008.39,96,F1,1,,,,,
2025-08-28,2025-08-28,CM,NSE,STK,11193,INF846K011K1,AXISILVER,EQ,,,,,AXISAMC - AXISILVER,117.17,117.48,116.12,117.06,117.0,116.13,,117.06,,,127604,14919949.26,807,F1,1,,,,,
2025-08-28,2025-08-28,CM,NSE,STK,21252,INF846K01W98,AXISNIFTY,EQ,,,,,AXISAMC - AXISNIFTY,273.2,273.2,268.83,269.12,269.5,271.15,,269.12,,,8981,2424745.21,233,F1,1,,,,,
2025-08-28,2025-08-28,CM,NSE,STK,3010,INF846K01Y96,AXISTECETF,EQ,,,,,AXISAMC - AXISTECETF,386.2,386.27,382.99,383.18,382.99,389.94,,383.18,,,5148,1976475.6,82,F1,1,,,,,
2025-08-28,2025-08-28,CM,NSE,STK,30155,INF846KA1119,AXISVALUE,EQ,,,,,AXISAMC - AXISVALUE,27.9,28.0,27.65,27.7,27.93,27.9,,27.7,,,16128,448578.86,146,F1,1,,,,,
2025-08-28,2025-08-28,CM,NSE,STK,14742,INF846K010Q0,AXSENSEX,EQ,,,,,AXISAMC - AXSENSEX,83.23,83.23,81.99,82.51,82.58,83.25,,82.51,,,1803,148800.87,50,F1,1,,,,,
2025-08-28,2025-08-28,CM,NSE,STK,9440,INE555B01013,AXISCADES,BE,,,,,AXISCADES TECH LTD,1287.0,1318.0,1240.0,1279.4,1281.0,1266.9,,1279.6,,,73367,94243637.5,2852,F1,1,,,,,
2025-08-28,2025-08-28,CM,NSE,STK,9902,INE02EZ01022,AXITA,EQ,,,,,AXITA COTTON LIMITED,8.81,8.84,8.79,8.8,8.8,8.8,,8.8,,,1585455,13958825.41,1077,F1,1,,,,,
2025-08-28,2025-08-28,CM,NSE,STK,10285,INE193B01039,AYMSYNTEX,EQ,,,,,AYM SYNTEX LIMITED,188.38,194.68,188.0,191.13,190.96,190.28,,191.1,,,19218,3662055.61,955,F1,1,,,,,
2025-08-28,2025-08-28,CM,NSE,STK,20905,INE02IJ01035,AZAD,EQ,,,,,AZAD ENGINEERING LIMITED,1529.1,1563.0,1526.1,1541.3,1541.8,1534.6,,1541.3,,,105392,162827535.2,12695,F1,1,,,,,
2025-08-28,2025-08-28,CM,NSE,STK,12153,INE01EE01011,BBTCL,EQ,,,,,B&B TRIPLEWALL CONT LTD,204.59,206.18,200.0,200.12,202.0,203.11,,200.12,,,5263,1064872.18,469,F1,1,,,,,
2025-08-28,2025-08-28,CM,NSE,STK,11226,INE116D01028,BAGFILMS,EQ,,,,,B.A.G FILMS AND MEDIA LTD,6.22,6.49,6.22,6.32,6.29,6.3,,6.32,,,63398,402721.67,279,F1,1,,,,,
2025-08-28,2025-08-28,CM,NSE,STK,13290,INE350H01032,BLKASHYAP,EQ,,,,,B.L.KASHYAP & SON LTD,68.6,69.72,67.8,69.49,69.5,68.6,,69.49,,,316522,21869008.28,3113,F1,1,,,,,
2025-08-28,2025-08-28,CM,NSE,STK,25114,INE01FR01028,STYLEBAAZA,EQ,,,,,BAAZAR STYLE RETAIL LTD,326.0,328.0,317.6,325.65,326.0,320.3,,325.65,,,393179,126922354.2,15639,F1,1,,,,,
2025-08-28,2025-08-28,CM,NSE,STK,20141,INE0QW501012,BABAFP,SM,,,,,BABA FOOD PROCESSING,37.35,37.35,37.35,37.35,37.35,38.5,,37.35,,,1600,59760.0,1,F1,1600,,,,,
2025-08-28,2025-08-28,CM,NSE,STK,17742,INE878I01022,BAFNAPH,EQ,,,,,BAFNA PHARMACEUTICALS LTD,105.44,105.44,98.51,99.29,99.88,100.42,,99.29,,,49556,5113687.85,940,F1,1,,,,,
2025-08-28,2025-08-28,CM,NSE,STK,12989,INE029Q01017,BAHETI,SM,,,,,BAHETI RECYCLING IND LTD,570.0,578.0,565.0,568.85,571.5,574.15,,568.85,,,10125,5783906.25,25,F1,375,,,,,
2025-08-28,2025-08-28,CM,NSE,STK,13794,INE020D01022,BAIDFIN,EQ,,,,,BAID FINSERV LIMITED,11.05,11.34,11.02,11.23,11.27,11.2,,11.23,,,65273,730357.06,316,F1,1,,,,,
2025-08-28,2025-08-28,CM,NSE,STK,16669,INE917I01010,BAJAJ-AUTO,EQ,,,,,BAJAJ AUTO LIMITED,8798.0,8798.0,8661.0,8689.5,8694.0,8691.5,,8689.5,,,394657,3437131920.0,55627,F1,1,,,,,
2025-08-28,2025-08-28,CM,NSE,STK,19531,INE933K01021,BAJAJCON,EQ,,,,,BAJAJ CONSUMER CARE LTD,230.62,238.2,229.55,234.35,234.3,229.51,,234.33,,,1484395,348722763.49,24085,F1,1,,,,,
2025-08-28,2025-08-28,CM,NSE,STK,15034,INE193E01025,BAJAJELEC,EQ,,,,,BAJAJ ELECT.LTD,568.8,575.1,565.2,573.2,574.85,574.05,,573.2,,,13736,7866970.35,1821,F1,1,,,,,
2025-08-28,2025-08-28,CM,NSE,STK,317,INE296A01032,BAJFINANCE,EQ,,,,,BAJAJ FINANCE LIMITED,870.2,884.5,869.7,876.85,878.1,876.25,,876.85,,,8349342,7336655386.8,163523,F1,1,,,,,
2025-08-28,2025-08-28,CM,NSE,STK,16675,INE918I01026,BAJAJFINSV,EQ,,,,,BAJAJ FINSERV LTD.,1920.0,1939.7,1910.6,1917.6,1917.0,1924.2,,1917.6,,,985012,1897303382.0,57990,F1,1,,,,,
2025-08-28,2025-08-28,CM,NSE,STK,6863,INE411U01027,BAJAJHCARE,EQ,,,,,BAJAJ HEALTHCARE LIMITED,432.0,445.0,425.15,432.95,430.1,434.6,,432.9,,,78552,34218295.9,7762,F1,1,,,,,
2025-08-28,2025-08-28,CM,NSE,STK,308,INE306A01021,BAJAJHIND,EQ,,,,,BAJAJ HINDUSTHAN SUGAR LT,20.6,20.72,20.28,20.39,20.4,20.65,,20.39,,,3139323,64301432.55,8954,F1,1,,,,,
2025-08-28,2025-08-28,CM,NSE,STK,305,INE118A01012,BAJAJHLDNG,EQ,,,,,BAJAJ HOLDINGS & INVS LTD,13050.0,13200.0,12900.0,12966.0,13024.0,12997.0,,12966.0,,,38487,500414203.0,13789,F1,1,,,,,
2025-08-28,2025-08-28,CM,NSE,STK,25270,INE377Y01014,BAJAJHFL,EQ,,,,,BAJAJ HOUSING FINANCE LTD,111.66,112.66,111.05,111.77,111.75,112.33,,111.77,,,3065953,343094602.79,26709,F1,1,,,,,
2025-08-28,2025-08-28,CM,NSE,STK,20536,INE0KQN01018,BAJEL,BE,,,,,BAJEL PROJECTS LIMITED,200.5,204.0,192.5,200.26,202.79,200.23,,200.33,,,43228,8642130.44,527,F1,1,,,,,
2025-08-28,2025-08-28,CM,NSE,STK,13441,INE083D01012,BALPHARMA,EQ,,,,,BAL PHARMA LTD.,86.0,88.89,84.98,85.44,85.0,86.69,,85.44,,,14625,1258410.3,461,F1,1,,,,,
2025-08-28,2025-08-28,CM,NSE,STK,14501,INE050E01027,BALAMINES,EQ,,,,,BALAJI AMINES LIMITED,1510.0,1513.5,1471.0,1477.6,1479.0,1517.0,,1477.5,,,32316,48107133.2,7487,F1,1,,,,,
2025-08-28,2025-08-28,CM,NSE,STK,30030,INE0PQ601019,BALAJIPHOS,SM,,,,,BALAJI PHOSPHATES LIMITED,164.05,183.0,163.0,176.35,177.0,166.5,,176.35,,,78000,13511000.0,36,F1,2000,,,,,
2025-08-28,2025-08-28,CM,NSE,STK,9162,INE794B01026,BALAJITELE,BE,,,,,BALAJI TELEFILMS LTD.,91.5,94.9,91.5,94.38,92.73,93.04,,94.08,,,22809,2122974.89,239,F1,1,,,,,
2025-08-28,2025-08-28,CM,NSE,STK,11309,INE618N01022,BALAXI,EQ,,,,,BALAXI PHARMA LTD,46.94,46.94,45.49,45.61,45.49,45.66,,45.61,,,115063,5303606.07,2793,F1,1,,,,,
2025-08-28,2025-08-28,CM,NSE,STK,335,INE787D01026,BALKRISIND,EQ,,,,,BALKRISHNA IND. LTD,2324.0,2357.4,2307.4,2318.9,2324.3,2324.3,,2318.9,,,179320,417351046.3,24897,F1,1,,,,,
2025-08-28,2025-08-28,CM,NSE,STK,10181,INE875R01011,BALKRISHNA,EQ,,,,,BALKRISHNA PAPER MILLS L,22.25,23.95,21.17,23.14,22.31,21.9,,23.11,,,254827,5912870.73,1209,F1,1,,,,,
2025-08-28,2025-08-28,CM,NSE,STK,338,INE164A01016,BALMLAWRIE,EQ,,,,,BALMER LAWRIE & CO LTD,220.99,220.99,215.0,217.35,217.0,218.6,,217.35,,,249693,54297688.8,6105,F1,1,,,,,
2025-08-28,2025-08-28,CM,NSE,STK,341,INE119A01028,BALRAMCHIN,EQ,,,,,BALRAMPUR CHINI MILLS LTD,549.0,557.7,543.65,549.95,550.1,558.7,,549.95,,,318957,175108818.1,24269,F1,1,,,,,
2025-08-28,2025-08-28,CM,NSE,STK,23611,INE011E01029,BALUFORGE,BE,,,,,BALU FORGE INDUSTRIES LTD,630.0,634.8,618.0,623.35,627.8,629.5,,623.5,,,63122,39349144.05,1066,F1,1,,,,,
2025-08-28,2025-08-28,CM,NSE,STK,347,INE655B01011,BANARBEADS,EQ,,,,,BANARAS BEADS LTD,104.78,105.9,100.0,101.1,100.01,103.32,,100.77,,,5240,538707.2,694,F1,1,,,,,
2025-08-28,2025-08-28,CM,NSE,STK,13880,INE213C01025,BANCOINDIA,EQ,,,,,BANCO PRODUCTS (I) LTD,583.0,615.9,582.9,587.4,588.0,583.2,,587.4,,,613968,367941273.15,32730,F1,1,,,,,
2025-08-28,2025-08-28,CM,NSE,STK,2263,INE545U01014,BANDHANBNK,EQ,,,,,BANDHAN BANK LIMITED,165.85,165.85,162.5,162.93,163.0,165.86,,162.93,,,2513794,412042426.25,20474,F1,1,,,,,
2025-08-28,2025-08-28,CM,NSE,STK,18783,INF194KA1U07,IDFNIFTYET,EQ,,,,,BANDHANAMC - IDFNIFTYET,269.28,270.6,268.96,269.03,268.96,271.81,,269.03,,,652,175737.05,30,F1,1,,,,,
2025-08-28,2025-08-28,CM,NSE,STK,15303,INE863I01016,BANG,EQ,,,,,BANG OVERSEAS LTD.,49.97,50.59,49.01,49.65,49.95,49.97,,49.6,,,3591,177933.51,75,F1,1,,,,,
2025-08-28,2025-08-28,CM,NSE,STK,4668,INE028A01039,BANKBARODA,EQ,,,,,BANK OF BARODA,235.52,236.61,231.71,233.24,233.6,235.14,,233.24,,,7496201,1750007898.86,54639,F1,1,,,,,
2025-08-28,2025-08-28,CM,NSE,STK,4745,INE084A01016,BANKINDIA,EQ,,,,,BANK OF INDIA,112.43,112.77,110.05,110.27,110.55,112.38,,110.27,,,4000540,444630840.53,21055,F1,1,,,,,
2025-08-28,2025-08-28,CM,NSE,STK,11377,INE457A01014,MAHABANK,EQ,,,,,BANK OF MAHARASHTRA,53.0,53.13,52.34,52.53,52.5,53.23,,52.53,,,3223885,169738773.7,20888,F1,1,,,,,
2025-08-28,2025-08-28,CM,NSE,STK,822,INE862Y01015,BANKA,EQ,,,,,BANKA BIOLOO LIMITED,85.01,90.89,85.01,89.54,87.4,87.37,,89.54,,,8670,775450.47,616,F1,1,,,,,
2025-08-28,2025-08-28,CM,NSE,STK,12034,INE186H01022,BASML,EQ,,,,,BANNARI AM SPIN MILL LTD.,29.39,29.74,28.5,28.81,28.75,29.39,,28.81,,,70189,2029206.75,656,F1,1,,,,,
2025-08-28,2025-08-28,CM,NSE,STK,350,INE459A01010,BANARISUG,EQ,,,,,BANNARI AMMAN SUGARS LTD,3768.9,3768.9,3738.8,3749.6,3750.0,3754.7,,3749.6,,,330,1236541.7,87,F1,1,,,,,
2025-08-28,2025-08-28,CM,NSE,STK,24386,INE0B9K01025,BANSALWIRE,EQ,,,,,BANSAL WIRE INDUSTRIES L,361.0,366.95,360.0,362.3,360.0,361.65,,362.25,,,18783,6793778.6,1341,F1,1,,,,,
2025-08-28,2025-08-28,CM,NSE,STK,14511,INE629D01020,BANSWRAS,EQ,,,,,BANSWARA SYNTEX LIMITED,122.0,126.0,122.0,123.94,123.52,124.0,,123.94,,,11017,1369710.52,609,F1,1,,,,,
2025-08-28,2025-08-28,CM,NSE,STK,15073,INE139I01011,BVCL,EQ,,,,,BARAK VALLEY CEM. LTD.,42.06,43.79,40.4,40.69,41.9,42.8,,40.69,,,60201,2515246.97,909,F1,1,,,,,
2025-08-28,2025-08-28,CM,NSE,STK,3127,INE382M01027,BARBEQUE,EQ,,,,,BARBEQUE NATION HOSP. LTD,262.0,262.55,257.3,259.85,259.2,261.4,,259.75,,,48460,12580978.6,1757,F1,1,,,,,
2025-08-28,2025-08-28,CM,NSE,STK,29179,INE0QX401014,BARFLEX,ST,,,,,BARFLEX POLYFILMS LIMITED,76.85,77.6,76.1,77.1,77.6,76.5,,77.1,,,174000,13388900.0,53,F1,2000,,,,,
2025-08-28,2025-08-28,CM,NSE,STK,24117,INF251K01TL6,BBNPNBETF,EQ,,,,,BARODABNP - BBNPNBETF,54.74,54.76,54.3,54.34,54.34,54.74,,54.34,,,1129,61544.84,21,F1,1,,,,,
2025-08-28,2025-08-28,CM,NSE,STK,20547,INF251K01SU9,BBNPPGOLD,EQ,,,,,BARODABNP - BBNPPGOLD,98.8,100.8,98.0,98.9,98.55,98.35,,98.9,,,50009,4948004.1,100,F1,1,,,,,
2025-08-28,2025-08-28,CM,NSE,STK,14064,INE855F01042,ASMS,EQ,,,,,BARTRONICS INDIA LIMITED,12.07,12.45,11.9,12.14,12.18,12.12,,12.15,,,95884,1161943.75,693,F1,1,,,,,
2025-08-28,2025-08-28,CM,NSE,STK,368,INE373A01013,BASF,EQ,,,,,BASF INDIA LTD,4499.0,4585.5,4399.0,4553.9,4540.0,4479.9,,4553.9,,,53145,240895020.8,5896,F1,1,,,,,
2025-08-28,2025-08-28,CM,NSE,STK,18442,INE0OCC01013,BASILIC,SM,,,,,BASILIC FLY STUDIO LTD,411.0,438.9,404.25,426.65,421.25,419.45,,426.65,,,49500,21053145.0,127,F1,300,,,,,
2025-08-28,2025-08-28,CM,NSE,STK,371,INE176A01028,BATAINDIA,EQ,,,,,BATA INDIA LTD,1067.3,1084.3,1065.0,1079.4,1080.0,1065.0,,1079.4,,,147499,158756322.6,14282,F1,1,,,,,
2025-08-28,2025-08-28,CM,NSE,STK,22571,INE0JFJ01011,BAWEJA,SM,,,,,BAWEJA STUDIOS LIMITED,54.35,54.5,54.0,54.25,54.0,54.4,,54.25,,,9600,522280.0,8,F1,800,,,,,
2025-08-28,2025-08-28,CM,NSE,STK,17927,INE462A01022,BAYERCROP,EQ,,,,,BAYER CROPSCIENCE LTD,5331.0,5367.0,5258.5,5269.0,5263.0,5331.0,,5269.0,,,20770,110023638.0,8460,F1,1,,,,,
2025-08-28,2025-08-28,CM,NSE,STK,2513,INE412G01024,BCLIND,EQ,,,,,BCL INDUSTRIES LIMITED,40.28,40.79,39.85,40.01,40.0,40.27,,40.01,,,325774,13071275.75,2568,F1,1,,,,,
2025-08-28,2025-08-28,CM,NSE,STK,23922,INE639X01027,BEACON,SM,,,,,BEACON TRUSTEESHIP LTD,59.6,60.0,57.05,59.25,59.25,59.6,,59.25,,,19000,1121700.0,17,F1,1000,,,,,
2025-08-28,2025-08-28,CM,NSE,STK,17933,INE520H01022,BEARDSELL,EQ,,,,,BEARDSELL LIMITED,29.4,29.78,28.63,28.9,29.0,28.96,,28.9,,,32098,933593.89,496,F1,1,,,,,
2025-08-28,2025-08-28,CM,NSE,STK,20196,INE844K01012,BEDMUTHA,EQ,,,,,BEDMUTHA INDUST LTD,137.5,138.0,135.59,135.67,136.0,136.19,,135.66,,,2580,351597.22,160,F1,1,,,,,
2025-08-28,2025-08-28,CM,NSE,STK,757938,INE344T01014,BELLACASA,EQ,,,,,BELLA CASA FASH AND RET L,400.45,424.0,397.0,418.05,422.0,402.6,,417.9,,,10258,4230435.2,870,F1,1,,,,,
2025-08-28,2025-08-28,CM,NSE,STK,757102,INE894V01022,BELRISE,EQ,,,,,BELRISE INDUSTRIES LTD,140.15,142.25,138.61,140.11,140.33,141.39,,140.11,,,8761871,1230840534.29,51493,F1,1,,,,,
2025-08-28,2025-08-28,CM,NSE,STK,15067,INE0N7W01012,BLAL,EQ,,,,,BEML LAND ASSETS LIMITED,208.2,212.02,207.11,208.96,209.05,209.65,,208.95,,,27496,5738533.32,755,F1,1,,,,,
2025-08-28,2025-08-28,CM,NSE,STK,395,INE258A01016,BEML,EQ,,,,,BEML LIMITED,3864.0,3880.0,3814.2,3838.9,3838.0,3864.6,,3838.8,,,138684,533392853.5,22987,F1,1,,,,,
2025-08-28,2025-08-28,CM,NSE,STK,404,INE463A01038,BERGEPAINT,EQ,,,,,BERGER PAINTS (I) LTD,524.0,540.8,522.3,528.5,527.0,525.1,,528.5,,,1248800,661099524.7,33675,F1,1,,,,,
2025-08-28,2025-08-28,CM,NSE,STK,2306,INE052T01013,BESTAGRO,EQ,,,,,BEST AGROLIFE LIMITED,373.3,376.25,354.65,355.95,355.0,373.3,,356.1,,,45253,16381987.15,2439,F1,1,,,,,
2025-08-28,2025-08-28,CM,NSE,STK,81,INE351Y01019,BETA,SM,,,,,BETA DRUGS LIMITED,1853.0,1880.0,1801.1,1860.0,1860.0,1891.0,,1860.0,,,4515,8383226.25,39,F1,105,,,,,
2025-08-28,2025-08-28,CM,NSE,STK,5662,INE0HQI01014,BEWLTD,SM,,,,,BEW ENGINEERING LIMITED,158.4,162.0,158.2,158.35,158.2,158.5,,158.35,,,19500,3127900.0,20,F1,500,,,,,
2025-08-28,2025-08-28,CM,NSE,STK,21113,INE878K01010,BFINVEST,EQ,,,,,BF INVESTMENT LIMITED,472.2,473.0,461.7,463.8,462.75,470.25,,463.8,,,18322,8546659.2,1198,F1,1,,,,,
2025-08-28,2025-08-28,CM,NSE,STK,14567,INE243D01012,BFUTILITIE,EQ,,,,,BF UTILITIES LIMITED,833.65,840.5,818.1,824.95,827.0,833.65,,824.85,,,77263,64013600.4,5112,F1,1,,,,,
2025-08-28,2025-08-28,CM,NSE,STK,21986,INF0QA701714,BANKBETF,EQ,,,,,BFAM - BANKBETF,56.64,56.69,54.6,54.64,54.83,55.53,,54.64,,,83793,4595168.54,833,F1,1,,,,,
2025-08-28,2025-08-28,CM,NSE,STK,23915,INF0QA701854,LIQUIDBETF,EQ,,,,,BFAM - LIQUIDBETF,1045.41,1045.41,1045.37,1045.38,1045.38,1045.25,,1045.38,,,391957,409746210.88,81,F1,1,,,,,
2025-08-28,2025-08-28,CM,NSE,STK,21959,INF0QA701722,NIFTYBETF,EQ,,,,,BFAM - NIFTYBETF,250.88,252.08,249.8,250.21,250.0,252.33,,250.21,,,2096,525657.36,115,F1,1,,,,,
2025-08-28,2025-08-28,CM,NSE,STK,15193,INE661I01014,BGRENERGY,BE,,,,,BGR ENERGY SYSTEMS LTD,164.05,164.05,163.64,163.64,163.64,172.26,,163.87,,,191758,31403119.02,421,F1,1,,,,,
2025-08-28,2025-08-28,CM,NSE,STK,758225,INE0ZRC01017,BHADORA,SM,,,,,BHADORA INDUSTRIES LTD,98.6,100.0,97.1,98.1,97.6,98.6,,98.1,,,54000,5312220.0,38,F1,1200,,,,,
2025-08-28,2025-08-28,CM,NSE,STK,13400,INE354C01027,BHAGERIA,EQ,,,,,BHAGERIA INDUSTRIES LTD,186.0,189.78,183.07,186.74,185.7,186.19,,186.67,,,57339,10714559.84,2346,F1,1,,,,,
2025-08-28,2025-08-28,CM,NSE,STK,6164,INE414D01027,BHAGCHEM,EQ,,,,,BHAGIRADHA CHEM & INDS L,271.0,272.0,261.0,262.5,264.0,270.65,,262.5,,,65854,17544713.6,2271,F1,1,,,,,
2025-08-28,2025-08-28,CM,NSE,STK,20799,INE458B01036,BHAGYANGR,BE,,,,,BHAGYANAGAR INDIA LIMITED,88.15,91.5,87.0,87.8,88.99,89.47,,87.82,,,15343,1349251.09,200,F1,1,,,,,
2025-08-28,2025-08-28,CM,NSE,STK,19556,INE474E01029,BHANDARI,EQ,,,,,BHANDARI HOSIERY EXP LTD,5.08,5.08,4.95,4.97,4.97,5.02,,4.97,,,206922,1030542.19,570,F1,1,,,,,
2025-08-28,2025-08-28,CM,NSE,STK,419,INE922A01025,BEPL,EQ,,,,,BHANSALI ENG. POLYMERS LT,105.0,106.74,104.3,105.16,105.3,105.06,,105.14,,,209477,22098624.62,6908,F1,1,,,,,
2025-08-28,2025-08-28,CM,NSE,STK,13761,INE464A01036,BBL,EQ,,,,,BHARAT BIJLEE LTD,2975.0,2997.0,2912.5,2925.9,2928.9,2981.9,,2925.7,,,30888,91301347.0,6791,F1,1,,,,,
2025-08-28,2025-08-28,CM,NSE,STK,2144,INE171Z01026,BDL,EQ,,,,,BHARAT DYNAMICS LIMITED,1469.9,1481.7,1425.7,1428.9,1429.0,1477.6,,1428.9,,,1409877,2050509511.3,65145,F1,1,,,,,
2025-08-28,2025-08-28,CM,NSE,STK,383,INE263A01024,BEL,EQ,,,,,BHARAT ELECTRONICS LTD,364.05,367.75,361.2,363.85,363.3,365.85,,363.85,,,12218065,4457699585.9,119662,F1,1,,,,,
2025-08-28,2025-08-28,CM,NSE,STK,422,INE465A01025,BHARATFORG,EQ,,,,,BHARAT FORGE LTD,1115.0,1132.4,1105.1,1124.6,1124.0,1122.3,,1124.6,,,1103861,1241156469.3,48415,F1,1,,,,,
2025-08-28,2025-08-28,CM,NSE,STK,426,INE561C01019,BHARATGEAR,EQ,,,,,BHARAT GEARS LTD.,91.7,92.93,88.16,89.71,88.99,91.62,,89.85,,,28713,2615134.45,846,F1,1,,,,,
2025-08-28,2025-08-28,CM,NSE,STK,526,INE029A01011,BPCL,EQ,,,,,BHARAT PETROLEUM CORP  LT,315.6,315.6,310.0,310.7,311.65,312.1,,310.7,,,8888325,2769419848.05,83434,F1,1,,,,,
2025-08-28,2025-08-28,CM,NSE,STK,3834,INE838B01013,BHARATRAS,EQ,,,,,BHARAT RASAYAN LTD,10339.0,10339.0,10101.0,10160.0,10101.0,10339.0,,10160.0,,,1901,19366496.0,929,F1,1,,,,,
2025-08-28,2025-08-28,CM,NSE,STK,21683,INE727S01012,BRNL,EQ,,,,,BHARAT ROAD NETWORK LTD,20.64,21.0,19.5,19.78,19.69,20.2,,19.79,,,139680,2821638.02,1243,F1,1,,,,,
2025-08-28,2025-08-28,CM,NSE,STK,30244,INE415D01024,BHARATSE,EQ,,,,,BHARAT SEATS LIMITED,130.95,139.92,130.05,138.1,138.95,133.71,,138.18,,,126186,17147192.38,2121,F1,1,,,,,
2025-08-28,2025-08-28,CM,NSE,STK,16123,INE316L01019,BHARATWIRE,EQ,,,,,BHARAT WIRE ROPES LTD.,175.1,178.0,171.6,173.51,172.89,177.16,,173.52,,,83924,14689616.86,2699,F1,1,,,,,
2025-08-28,2025-08-28,CM,NSE,STK,10604,INE397D01024,BHARTIARTL,EQ,,,,,BHARTI AIRTEL LIMITED,1893.0,1899.8,1878.2,1881.1,1888.0,1904.7,,1881.1,,,5494113,10372670054.7,192234,F1,1,,,,,
2025-08-28,2025-08-28,CM,NSE,STK,23489,INE343G01021,BHARTIHEXA,EQ,,,,,BHARTI HEXACOM LIMITED,1800.0,1811.2,1761.0,1785.0,1774.0,1839.7,,1785.0,,,286243,510662285.3,38023,F1,1,,,,,
2025-08-28,2025-08-28,CM,NSE,STK,7848,INE828A01016,BIL,EQ,,,,,BHARTIYA INTERNATIONAL,860.15,871.0,845.55,865.05,863.0,871.05,,865.05,,,1432,1232639.35,346,F1,1,,,,,
2025-08-28,2025-08-28,CM,NSE,STK,438,INE257A01026,BHEL,EQ,,,,,BHEL,211.5,213.71,208.05,208.51,208.39,211.5,,208.5,,,5028650,1060034283.9,52641,F1,1,,,,,
2025-08-28,2025-08-28,CM,NSE,STK,18431,INE412U01025,BIGBLOC,EQ,,,,,BIGBLOC CONSTRUCTION LTD,58.2,58.2,54.15,54.89,54.59,58.21,,54.87,,,72588,4052923.55,2152,F1,1,,,,,
2025-08-28,2025-08-28,CM,NSE,STK,11966,INE00E101023,BIKAJI,EQ,,,,,BIKAJI FOODS INTERN LTD,785.0,800.3,770.0,794.85,795.0,793.95,,794.85,,,190117,150523102.15,14593,F1,1,,,,,
2025-08-28,2025-08-28,CM,NSE,STK,25527,INE0SQH01013,BIKEWO,ST,,,,,BIKEWO GREEN TECH LIMITED,17.15,17.15,16.0,16.4,16.35,16.6,,16.4,,,22000,361300.0,11,F1,2000,,,,,
2025-08-28,2025-08-28,CM,NSE,STK,13622,INE071A01013,BILVYAPAR,BE,,,,,BIL VYAPAR LIMITED,11.0,11.0,10.85,10.85,10.85,11.07,,10.85,,,2220,24216.75,18,F1,1,,,,,
2025-08-28,2025-08-28,CM,NSE,STK,11373,INE376G01013,BIOCON,EQ,,,,,BIOCON LIMITED.,361.0,362.65,350.9,353.25,352.0,358.3,,353.25,,,2513036,899837881.9,40030,F1,1,,,,,
2025-08-28,2025-08-28,CM,NSE,STK,7903,INE829A01014,BIOFILCHEM,BE,,,,,BIOFIL CHEM & PHARMA LTD.,41.1,43.0,41.1,42.69,43.0,43.0,,42.7,,,6476,274403.21,104,F1,1,,,,,
2025-08-28,2025-08-28,CM,NSE,STK,6815,INE800A01015,BIRLACABLE,BE,,,,,BIRLA CABLE LIMITED,159.19,159.56,155.0,155.59,157.0,159.19,,155.63,,,10030,1564614.47,177,F1,1,,,,,
2025-08-28,2025-08-28,CM,NSE,STK,480,INE340A01012,BIRLACORPN,EQ,,,,,BIRLA CORPORATION LTD,1262.8,1272.9,1244.4,1250.8,1248.0,1256.6,,1250.7,,,45133,56777030.0,6133,F1,1,,,,,
2025-08-28,2025-08-28,CM,NSE,STK,1455,INE557A01011,BIRLANU,EQ,,,,,BIRLANU LIMITED,1901.0,1901.9,1868.9,1884.1,1887.7,1890.1,,1884.1,,,7968,14991275.4,1542,F1,1,,,,,
2025-08-28,2025-08-28,CM,NSE,STK,24404,INF209KC1134,ABGSEC,EQ,,,,,BIRLASLAMC - ABGSEC,108.51,109.19,108.18,108.19,108.18,108.56,,108.19,,,230,24990.16,13,F1,1,,,,,
2025-08-28,2025-08-28,CM,NSE,STK,13987,INF209KB17D5,ABSLBANETF,EQ,,,,,BIRLASLAMC - ABSLBANETF,55.99,55.99,54.91,54.98,55.19,55.69,,54.98,,,117377,6492570.65,569,F1,1,,,,,
2025-08-28,2025-08-28,CM,NSE,STK,14518,INF209KB18T9,ABSLLIQUID,EQ,,,,,BIRLASLAMC - ABSLLIQUID,1000.0,1000.01,999.99,1000.0,1000.01,999.99,,1000.0,,,4510,4509990.32,26,F1,1,,,,,
2025-08-28,2025-08-28,CM,NSE,STK,7339,INF209KB16D7,ABSLNN50ET,EQ,,,,,BIRLASLAMC - ABSLNN50ET,69.2,70.8,69.02,69.1,69.1,69.99,,69.1,,,16115,1116943.17,391,F1,1,,,,,
2025-08-28,2025-08-28,CM,NSE,STK,5957,INF209KB10E8,BSLSENETFG,EQ,,,,,BIRLASLAMC - BSLSENETFG,81.62,82.1,80.02,80.2,80.22,80.61,,80.2,,,1331,107032.18,120,F1,1,,,,,
2025-08-28,2025-08-28,CM,NSE,STK,24847,INF209KC1142,GSEC10ABSL,EQ,,,,,BIRLASLAMC - GSEC10ABSL,108.07,108.74,108.07,108.74,108.74,108.16,,108.74,,,102,11090.81,3,F1,1,,,,,
2025-08-28,2025-08-28,CM,NSE,STK,6297,INF209KB10C2,HEALTHY,EQ,,,,,BIRLASLAMC - HEALTHY,14.92,15.09,14.7,14.78,14.79,14.93,,14.78,,,159899,2365786.72,1662,F1,1,,,,,
2025-08-28,2025-08-28,CM,NSE,STK,10693,INF209KB14K7,MOMENTUM,EQ,,,,,BIRLASLAMC - MOMENTUM,30.91,30.92,30.2,30.24,30.3,30.6,,30.25,,,43614,1322942.64,722,F1,1,,,,,
2025-08-28,2025-08-28,CM,NSE,STK,10690,INF209KB15K4,NIFTYQLITY,EQ,,,,,BIRLASLAMC - NIFTYQLITY,21.39,21.39,21.07,21.14,21.29,21.29,,21.15,,,71778,1524398.24,433,F1,1,,,,,
2025-08-28,2025-08-28,CM,NSE,STK,8003,INF209KB19F6,SILVER,EQ,,,,,BIRLASLAMC - SILVER,116.48,117.89,116.46,117.56,117.4,116.48,,117.56,,,444576,52151161.24,2482,F1,1,,,,,
2025-08-28,2025-08-28,CM,NSE,STK,6462,INF209KB11D8,TECH,EQ,,,,,BIRLASLAMC - TECH,38.81,38.82,37.79,37.85,37.79,38.44,,37.85,,,18959,719354.37,252,F1,1,,,,,
2025-08-28,2025-08-28,CM,NSE,STK,23806,INF209KB19Z4,ABSLPSE,EQ,,,,,BIRLASLAMC-ABSLPSE,9.63,9.7,9.46,9.47,9.5,9.57,,9.47,,,288328,2741728.25,959,F1,1,,,,,
2025-08-28,2025-08-28,CM,NSE,STK,6994,INE836A01035,BSOFT,EQ,,,,,BIRLASOFT LIMITED,369.0,374.0,362.8,369.75,367.8,369.6,,369.75,,,562914,207643415.7,24165,F1,1,,,,,
2025-08-28,2025-08-28,CM,NSE,STK,8164,INE676A01027,BBOX,BE,,,,,BLACK BOX LIMITED,455.0,471.0,450.95,455.55,457.35,458.8,,455.5,,,61406,28192025.6,1909,F1,1,,,,,
2025-08-28,2025-08-28,CM,NSE,STK,8132,INE791A01024,BLBLIMITED,EQ,,,,,BLB LIMITED,16.0,16.0,15.22,15.35,15.27,15.74,,15.37,,,189642,2924946.58,434,F1,1,,,,,
2025-08-28,2025-08-28,CM,NSE,STK,19265,INE416D01022,BLISSGVS,EQ,,,,,BLISS GVS PHARMA LTD,161.56,162.61,158.21,159.6,159.9,162.8,,159.6,,,387589,61876996.47,6278,F1,1,,,,,
2025-08-28,2025-08-28,CM,NSE,STK,22568,INE0NLT01010,BLSE,BE,,,,,BLS E-SERVICES LIMITED,181.98,181.98,177.15,178.58,177.55,181.08,,178.68,,,23065,4137977.81,466,F1,1,,,,,
2025-08-28,2025-08-28,CM,NSE,STK,17279,INE153T01027,BLS,EQ,,,,,BLS INTL SERVS LTD,371.05,376.0,365.0,371.0,370.0,372.35,,371.05,,,2015044,747066930.55,42175,F1,1,,,,,
2025-08-28,2025-08-28,CM,NSE,STK,8552,INE472B01011,BLUECOAST,BE,,,,,BLUE COAST HOTELS LIMITED,62.92,62.92,62.92,62.92,62.92,66.24,,62.87,,,1377,86640.84,44,F1,1,,,,,
2025-08-28,2025-08-28,CM,NSE,STK,495,INE233B01017,BLUEDART,EQ,,,,,BLUE DART EXPRESS LTD,5696.0,5700.0,5567.0,5580.0,5630.0,5696.0,,5580.0,,,20068,112315961.0,5070,F1,1,,,,,
2025-08-28,2025-08-28,CM,NSE,STK,19686,INE0KBH01020,BLUEJET,EQ,,,,,BLUE JET HEALTHCARE LTD,705.5,713.15,684.0,685.95,693.0,707.4,,685.95,,,769371,538221620.8,19939,F1,1,,,,,
2025-08-28,2025-08-28,CM,NSE,STK,23410,INE0SAK01011,BLUEPEBBLE,SM,,,,,BLUE PEBBLE LIMITED,176.5,176.5,175.0,175.1,175.1,175.1,,175.1,,,4400,771840.0,5,F1,400,,,,,
2025-08-28,2025-08-28,CM,NSE,STK,8311,INE472A01039,BLUESTARCO,EQ,,,,,BLUE STAR LIMITED,1850.0,1908.5,1850.0,1880.1,1880.0,1865.0,,1880.1,,,462099,871826098.1,33006,F1,1,,,,,
2025-08-28,2025-08-28,CM,NSE,STK,758182,INE0X3M01010,BLUEWATER,SM,,,,,BLUE WATER LOGISTICS LTD,150.0,151.0,149.8,149.9,149.9,150.0,,149.9,,,16000,2400700.0,6,F1,1000,,,,,
2025-08-28,2025-08-28,CM,NSE,STK,759291,INE304W01038,BLUESTONE,EQ,,,,,BLUESTONE JEWEL LFSTL LTD,535.1,542.3,517.55,522.6,520.9,541.9,,522.6,,,382663,203465115.6,16919,F1,1,,,,,
2025-08-28,2025-08-28,CM,NSE,STK,757520,INE0U4101014,BLUSPRING,EQ,,,,,BLUSPRING ENTERPRISES LTD,79.7,81.68,79.5,79.94,79.91,79.5,,79.96,,,175612,14108668.54,3166,F1,1,,,,,
2025-08-28,2025-08-28,CM,NSE,STK,25017,INE338D01028,BODALCHEM,EQ,,,,,BODAL CHEMICALS LTD,65.55,65.72,64.06,64.36,64.39,65.23,,64.36,,,163630,10603938.33,2003,F1,1,,,,,
2025-08-28,2025-08-28,CM,NSE,STK,14150,INE0EEJ01023,BTML,EQ,,,,,BODHI TREE MULTIMEDIA LTD,8.09,8.37,7.99,8.26,8.3,8.09,,8.26,,,990075,8139864.32,831,F1,1,,,,,
2025-08-28,2025-08-28,CM,NSE,STK,11640,INE802W01023,BOHRAIND,EQ,,,,,BOHRA INDUSTRIES LIMITED,29.0,29.0,26.91,26.92,26.91,28.08,,26.92,,,43165,1189729.57,484,F1,1,,,,,
2025-08-28,2025-08-28,CM,NSE,STK,380,INE050A01025,BBTC,EQ,,,,,BOMBAY BURMAH TRADING COR,1768.0,1856.0,1747.2,1799.7,1804.5,1768.2,,1799.8,,,208206,379403598.7,27773,F1,1,,,,,
2025-08-28,2025-08-28,CM,NSE,STK,513,INE032A01023,BOMDYEING,EQ,,,,,BOMBAY DYEING & MFG. CO L,173.55,176.4,171.39,173.3,173.0,173.6,,173.3,,,1067447,185268973.34,17011,F1,1,,,,,
2025-08-28,2025-08-28,CM,NSE,STK,6052,INE0I3Y01014,BMETRICS,SM,,,,,BOMBAY METRICS S C LTD,47.7,48.0,46.8,48.0,48.0,47.7,,48.0,,,6400,302720.0,8,F1,800,,,,,
2025-08-28,2025-08-28,CM,NSE,STK,809,INE032Z01020,BSHSL,EQ,,,,,BOMBAY SUPER HYBRID SEEDS,149.07,149.07,143.0,145.56,145.37,144.34,,145.56,,,28175,4099600.06,1031,F1,1,,,,,
2025-08-28,2025-08-28,CM,NSE,STK,31128,INE053F07538,810IRFC27,N2,,,,,BOND 8.10% PA TAX FREE S2,1109.0,1109.0,1109.0,1109.0,1109.0,1109.0,,1109.0,,,102,113118.0,2,F1,1,,,,,
2025-08-28,2025-08-28,CM,NSE,STK,31040,INE906B07CB9,830NHAI27,N2,,,,,BOND 8.30% PA TAX FREE S2,1108.12,1120.0,1108.12,1115.0,1115.0,1116.0,,1115.0,,,322,358673.61,13,F1,1,,,,,
2025-08-28,2025-08-28,CM,NSE,STK,603,INE053F07686,865IRFC29,,,,,,BOND 8.65% PA TF TI-SIIB,1130.0,1130.0,1124.27,1124.27,1124.27,1124.22,,1124.27,,,10,11248.43,2,F1,1,,,,,
2025-08-28,2025-08-28,CM,NSE,STK,30990,INE020B07HS2,871REC28,N9,,,,,BOND 8.71% TAX FREE S2B,1157.0,1157.0,1157.0,1157.0,1157.0,1157.8,,1157.0,,,48,55536.0,1,F1,1,,,,,
2025-08-28,2025-08-28,CM,NSE,STK,1999,INE053F07744,888IRFC29,NE,,,,,BOND 8.88% PA TF TII-SIIB,1150.0,1150.0,1140.0,1147.6,1140.0,1150.0,,1147.6,,,368,422720.0,5,F1,1,,,,,
2025-08-28,2025-08-28,CM,NSE,STK,31970,INE557F07132,901NHB34,N6,,,,,BOND 9.01%PA TF TR-I S 3B,6450.0,6450.0,6450.0,6450.0,6450.0,6500.0,,6450.0,,,2,12900.0,1,F1,1,,,,,
2025-08-28,2025-08-28,CM,NSE,STK,2947,INE020B07IG5,888REC29,NF,,,,,BOND8.88% PA TF TR II S2B,1165.0,1165.0,1165.0,1165.0,1165.0,1156.95,,1165.0,,,200,233000.0,1,F1,1,,,,,
2025-08-28,2025-08-28,CM,NSE,STK,757919,INE16SF01016,BORANA,EQ,,,,,BORANA WEAVES LIMITED,213.54,215.27,213.0,214.55,214.5,215.39,,214.55,,,46190,9896603.98,642,F1,1,,,,,
2025-08-28,2025-08-28,CM,NSE,STK,19401,INE02PY01013,BOROLTD,EQ,,,,,BOROSIL LIMITED,330.0,341.0,328.55,331.6,330.4,337.0,,331.6,,,70780,23641862.7,4638,F1,1,,,,,
2025-08-28,2025-08-28,CM,NSE,STK,3149,INE666D01022,BORORENEW,EQ,,,,,BOROSIL RENEWABLES LTD,545.1,558.8,544.05,547.1,546.5,549.95,,547.1,,,317996,175199578.2,13643,F1,1,,,,,
2025-08-28,2025-08-28,CM,NSE,STK,24014,INE02L001032,BOROSCI,EQ,,,,,BOROSIL SCIENTIFIC LTD,138.75,139.5,135.6,136.42,139.19,138.63,,136.45,,,38477,5286362.08,1348,F1,1,,,,,
2025-08-28,2025-08-28,CM,NSE,STK,2181,INE323A01026,BOSCHLTD,EQ,,,,,BOSCH LIMITED,39700.0,39960.0,39070.0,39225.0,39205.0,39510.0,,39225.0,,,33810,1337193565.0,14377,F1,1,,,,,
2025-08-28,2025-08-28,CM,NSE,STK,25119,INE0QNI01012,BOSS,SM,,,,,BOSS PACKAGING SOLU LTD,44.0,44.95,44.0,44.9,44.95,45.9,,44.9,,,12000,537100.0,3,F1,2000,,,,,
2025-08-28,2025-08-28,CM,NSE,STK,530,INE110A01019,BPL,EQ,,,,,BPL LTD,79.7,79.7,77.0,78.08,78.9,78.28,,78.09,,,41288,3237246.85,894,F1,1,,,,,
2025-08-28,2025-08-28,CM,NSE,STK,24905,INE0R4Z01018,BRACEPORT,SM,,,,,BRACE PORT LOGISTICS LTD,76.0,76.0,76.0,76.0,76.0,75.45,,76.0,,,1600,121600.0,1,F1,1600,,,,,
2025-08-28,2025-08-28,CM,NSE,STK,24814,INE02RE01045,FIRSTCRY,EQ,,,,,BRAINBEES SOLUTIONS LTD,374.0,374.05,352.75,355.25,355.8,375.25,,355.25,,,939143,338683341.45,25997,F1,1,,,,,
2025-08-28,2025-08-28,CM,NSE,STK,7780,INE977Y01011,BCONCEPTS,EQ,,,,,BRAND CONCEPTS LIMITED,275.2,284.75,275.0,276.0,275.0,283.5,,276.05,,,5294,1470426.4,568,F1,1,,,,,
2025-08-28,2025-08-28,CM,NSE,STK,15184,INE791I01019,BRIGADE,EQ,,,,,BRIGADE ENTER. LTD,942.5,960.0,921.3,952.9,955.1,944.2,,952.9,,,292163,275632502.4,30621,F1,1,,,,,
2025-08-28,2025-08-28,CM,NSE,STK,757794,INE03NU01014,BRIGHOTEL,EQ,,,,,BRIGADE HOTEL VENTURE LTD,82.3,85.4,82.3,84.28,84.13,83.16,,84.28,,,1367566,115018118.49,24493,F1,1,,,,,
2025-08-28,2025-08-28,CM,NSE,STK,8833,INE425B01027,BCG,EQ,,,,,BRIGHTCOM GROUP LIMITED,15.4,16.43,15.3,15.68,15.75,15.77,,15.69,,,12786003,203368375.92,16167,F1,1,,,,,
2025-08-28,2025-08-28,CM,NSE,STK,547,INE216A01030,BRITANNIA,EQ,,,,,BRITANNIA INDUSTRIES LTD,5765.5,5780.0,5702.5,5721.0,5721.0,5765.5,,5721.0,,,379247,2179272451.0,45008,F1,1,,,,,
2025-08-28,2025-08-28,CM,NSE,STK,2203,INE0FDU25010,BIRET,RR,,,,,BROOKFIELD INDIA RET,319.95,319.95,315.05,316.47,316.1,317.41,,316.46,,,120650,38213785.12,7633,F1,1,,,,,
2025-08-28,2025-08-28,CM,NSE,STK,25140,INE650L01011,BROOKS,BE,,,,,BROOKS LAB LIMITED,139.2,142.0,138.05,139.75,139.0,139.39,,139.87,,,23347,3247896.71,73,F1,1,,,,,
2025-08-28,2025-08-28,CM,NSE,STK,19585,INE118H01025,BSE,EQ,,,,,BSE LIMITED,2218.0,2230.0,2170.0,2178.4,2174.9,2215.6,,2178.4,,,4301677,9475620279.8,212224,F1,1,,,,,
2025-08-28,2025-08-28,CM,NSE,STK,8653,INE594B01012,BSL,BE,,,,,BSL LTD,155.0,169.9,155.0,158.29,158.15,162.82,,158.19,,,11502,1829196.15,98,F1,1,,,,,
2025-08-28,2025-08-28,CM,NSE,STK,2716,INE295F01017,BUTTERFLY,EQ,,,,,BTRFLY GANDHI APPL LTD,737.7,738.55,715.3,722.5,715.55,737.65,,722.5,,,5496,4003187.9,667,F1,1,,,,,
2025-08-28,2025-08-28,CM,NSE,STK,18372,INE0QBU01012,CPS,SM,,,,,C P S SHAPERS LIMITED,724.0,724.0,720.0,720.0,720.0,750.0,,720.0,,,8100,5833200.0,7,F1,300,,,,,
2025-08-28,2025-08-28,CM,NSE,STK,7227,INE0BV301023,MAPMYINDIA,EQ,,,,,C.E. INFO SYSTEMS LIMITED,1675.5,1684.0,1657.0,1663.2,1659.0,1676.0,,1663.1,,,42621,71128050.6,6097,F1,1,,,,,
2025-08-28,2025-08-28,CM,NSE,STK,27274,INE0U7V01015,C2C,SM,,,,,C2C ADVANCED SYSTEMS LTD,805.0,847.8,805.0,829.8,835.0,819.5,,829.8,,,57000,47614440.0,91,F1,600,,,,,
2025-08-28,2025-08-28,CM,NSE,STK,8400,INE526B01014,CALSOFT,BE,,,,,CALIFORNIA SOFTWARE CO LT,17.15,17.75,16.23,16.64,16.63,17.0,,16.64,,,17451,292084.01,110,F1,1,,,,,
2025-08-28,2025-08-28,CM,NSE,STK,29958,IN9526B01012,CALSOFTPP,X1,,,,,CALSOFT RS.2.50 PPD UP,4.91,4.91,4.73,4.75,4.75,4.93,,4.75,,,2429,11850.55,5,F1,1,,,,,
2025-08-28,2025-08-28,CM,NSE,STK,14222,INE627H01017,CTE,BE,,,,,CAMBRIDGE TECH ENTER LTD,41.1,42.49,40.0,41.98,41.99,41.65,,42.04,,,10177,410775.19,37,F1,1,,,,,
2025-08-28,2025-08-28,CM,NSE,STK,6220,INE052I01032,CAMLINFINE,BE,,,,,CAMLIN FINE SCIENCES LTD,218.0,218.0,208.15,208.15,208.15,219.1,,208.15,,,81999,17213709.65,854,F1,1,,,,,
2025-08-28,2025-08-28,CM,NSE,STK,9362,INE278Y01022,CAMPUS,EQ,,,,,CAMPUS ACTIVEWEAR LIMITED,263.0,263.0,256.05,259.2,257.5,261.45,,259.1,,,230893,60029750.05,8958,F1,1,,,,,
2025-08-28,2025-08-28,CM,NSE,STK,583,INE477A01020,CANFINHOME,EQ,,,,,CAN FIN HOMES LTD,739.85,745.95,724.3,725.65,724.8,739.85,,725.65,,,116881,85348678.05,7898,F1,1,,,,,
2025-08-28,2025-08-28,CM,NSE,STK,10794,INE476A01022,CANBK,EQ,,,,,CANARA BANK,106.05,106.49,104.5,104.63,104.7,106.01,,104.63,,,14184569,1493259678.37,60422,F1,1,,,,,
2025-08-28,2025-08-28,CM,NSE,STK,19368,INE0QG301017,CANARYS,SM,,,,,CANARYS AUTOMATIONS LTD,31.75,32.95,31.05,31.5,31.6,31.4,,31.5,,,80000,2548800.0,20,F1,4000,,,,,
2025-08-28,2025-08-28,CM,NSE,STK,20160,INE068L01024,CANTABIL,EQ,,,,,CANTABIL RETAIL LTD,258.45,259.75,252.05,253.75,252.1,258.45,,253.75,,,64503,16518341.25,1607,F1,1,,,,,
2025-08-28,2025-08-28,CM,NSE,STK,21749,INE264T01014,CAPACITE,EQ,,,,,CAPACITE INFRAPROJECT LTD,296.45,298.0,286.1,289.35,288.5,295.25,,289.35,,,104733,30515874.9,5262,F1,1,,,,,
2025-08-28,2025-08-28,CM,NSE,STK,756015,INE345H01024,CIFL,EQ,,,,,CAPITAL INDIA FINANCE LTD,34.0,35.85,33.36,34.04,33.75,34.23,,34.04,,,197046,6742340.74,1833,F1,1,,,,,
2025-08-28,2025-08-28,CM,NSE,STK,29157,INE0Z8Z23013,CAPINVIT,IV,,,,,CAPITAL INFRA TRUST,76.65,77.3,76.65,76.77,76.89,76.64,,76.77,,,844217,64984179.79,3507,F1,1,,,,,
2025-08-28,2025-08-28,CM,NSE,STK,22675,INE646H01017,CAPITALSFB,EQ,,,,,CAPITAL SMALL FIN BANK L,295.05,296.95,290.8,291.95,291.7,297.05,,291.85,,,37664,11054822.9,1841,F1,1,,,,,
2025-08-28,2025-08-28,CM,NSE,STK,19451,INE707C01018,CAPTRUST,BE,,,,,CAPITAL TRUST LIMITED,46.5,46.57,44.26,44.26,44.26,46.59,,44.26,,,22961,1029507.47,179,F1,1,,,,,
2025-08-28,2025-08-28,CM,NSE,STK,3906,INE475E01026,CAPLIPOINT,EQ,,,,,CAPLIN POINT LAB LTD.,2084.0,2169.0,2071.4,2156.2,2145.0,2084.5,,2156.3,,,158529,338883577.3,17667,F1,1,,,,,
2025-08-28,2025-08-28,CM,NSE,STK,20329,INE180C01042,CGCL,EQ,,,,,CAPRI GLOBAL CAPITAL LTD,190.6,190.6,182.3,185.69,182.3,190.76,,185.71,,,1736678,324982539.27,14246,F1,1,,,,,
2025-08-28,2025-08-28,CM,NSE,STK,595,INE120A01034,CARBORUNIV,EQ,,,,,CARBORUNDUM UNIVERSAL LTD,907.0,908.8,893.85,903.2,905.0,903.3,,903.15,,,143428,129491706.3,11155,F1,1,,,,,
2025-08-28,2025-08-28,CM,NSE,STK,29113,INE752H01013,CARERATING,EQ,,,,,CARE RATINGS LIMITED,1565.0,1604.4,1562.5,1586.7,1591.5,1575.5,,1586.7,,,38570,61128904.7,9148,F1,1,,,,,
2025-08-28,2025-08-28,CM,NSE,STK,28879,INE0V7W01012,CARRARO,EQ,,,,,CARRARO INDIA LIMITED,420.0,421.0,408.8,410.45,411.7,423.7,,410.45,,,50072,20810368.85,4853,F1,1,,,,,
2025-08-28,2025-08-28,CM,NSE,STK,5407,INE290S01011,CARTRADE,EQ,,,,,CARTRADE TECH LIMITED,2379.1,2380.0,2255.9,2271.5,2277.0,2382.8,,2271.4,,,416664,968012243.8,36900,F1,1,,,,,
2025-08-28,2025-08-28,CM,NSE,STK,1879,INE482D01024,CARYSIL,EQ,,,,,CARYSIL LIMITED,844.0,855.9,836.55,839.8,838.1,850.2,,839.8,,,50456,42668822.2,5539,F1,1,,,,,
2025-08-28,2025-08-28,CM,NSE,STK,758129,INE0WL201014,CUDML,SM,,,,,CASH UR DRIVE MARKETING L,156.0,157.0,146.35,151.55,153.85,153.95,,151.55,,,34000,5148000.0,31,F1,1000,,,,,
2025-08-28,2025-08-28,CM,NSE,STK,1250,INE172A01027,CASTROLIND,EQ,,,,,CASTROL INDIA LIMITED,201.0,203.0,199.0,201.55,201.5,200.88,,201.55,,,935810,188569601.02,20415,F1,1,,,,,
2025-08-28,2025-08-28,CM,NSE,STK,11452,INE421D01022,CCL,EQ,,,,,CCL PRODUCTS (I) LTD,855.15,865.45,850.0,853.8,852.2,868.15,,853.8,,,61144,52427630.45,8647,F1,1,,,,,
2025-08-28,2025-08-28,CM,NSE,STK,15254,INE482A01020,CEATLTD,EQ,,,,,CEAT LIMITED,3055.0,3149.0,3035.0,3112.2,3111.6,3039.3,,3112.5,,,152719,474702720.5,28234,F1,1,,,,,
2025-08-28,2025-08-28,CM,NSE,STK,757687,INE11J101017,CEDAAR,SM,,,,,CEDAAR TEXTILE LIMITED,117.0,118.0,116.5,116.5,116.5,117.5,,116.5,,,7000,818000.0,7,F1,1000,,,,,
2025-08-28,2025-08-28,CM,NSE,STK,24742,INE0AG901020,CEIGALL,EQ,,,,,CEIGALL INDIA LIMITED,245.0,248.6,243.27,246.67,247.5,246.9,,246.55,,,90945,22399570.35,3720,F1,1,,,,,
2025-08-28,2025-08-28,CM,NSE,STK,13162,INE185H01016,CELEBRITY,EQ,,,,,CELEBRITY FASHIONS LTD,12.25,13.23,12.25,12.74,13.05,12.41,,12.74,,,69787,887797.39,514,F1,1,,,,,
2025-08-28,2025-08-28,CM,NSE,STK,16950,INE0O0001013,CELLPOINT,SM,,,,,CELL POINT (INDIA) LTD,17.3,18.4,17.25,17.85,18.4,17.6,,17.85,,,6000,107100.0,5,F1,1200,,,,,
2025-08-28,2025-08-28,CM,NSE,STK,18811,INE0OMO01025,CELLECOR,ST,,,,,CELLECOR GADGETS LIMITED,32.85,32.95,32.05,32.2,32.15,32.95,,32.2,,,312000,10162950.0,63,F1,3000,,,,,
2025-08-28,2025-08-28,CM,NSE,STK,19795,INE0LMW01024,CELLO,EQ,,,,,CELLO WORLD LIMITED,543.35,547.0,534.55,536.0,537.0,543.35,,536.0,,,164695,89020254.1,9571,F1,1,,,,,
2025-08-28,2025-08-28,CM,NSE,STK,14894,INE483A01010,CENTRALBK,EQ,,,,,CENTRAL BANK OF INDIA,34.83,34.93,34.22,34.5,34.56,34.84,,34.5,,,4149938,143625292.39,15121,F1,1,,,,,
2025-08-28,2025-08-28,CM,NSE,STK,21174,INE736A01011,CDSL,EQ,,,,,CENTRAL DEPO SER (I) LTD,1491.0,1498.0,1448.1,1452.0,1453.7,1492.1,,1452.0,,,1952370,2875065108.6,91142,F1,1,,,,,
2025-08-28,2025-08-28,CM,NSE,STK,2458,INE660C01027,CENTRUM,BE,,,,,CENTRUM CAPITAL LIMITED,37.2,38.2,36.31,36.66,36.7,38.23,,36.66,,,411191,15214316.4,549,F1,1,,,,,
2025-08-28,2025-08-28,CM,NSE,STK,14982,INE320B01020,CENTUM,EQ,,,,,CENTUM ELECTRONICS LTD,2720.0,2780.0,2652.5,2688.1,2678.0,2729.2,,2689.6,,,11709,31957500.0,3518,F1,1,,,,,
2025-08-28,2025-08-28,CM,NSE,STK,619,INE485A01015,CENTENKA,EQ,,,,,CENTURY ENKA LTD,499.35,510.4,497.15,504.25,505.0,501.65,,504.1,,,10438,5268363.55,806,F1,1,,,,,
2025-08-28,2025-08-28,CM,NSE,STK,11511,INE281A01026,CENTEXT,EQ,,,,,CENTURY EXTRUSIONS LTD,21.37,21.74,20.0,20.87,21.08,21.35,,20.88,,,156356,3291952.93,1354,F1,1,,,,,
2025-08-28,2025-08-28,CM,NSE,STK,13305,INE348B01021,CENTURYPLY,EQ,,,,,CENTURY PLYBOARDS (I) LTD,739.6,739.6,728.75,730.95,729.3,739.6,,730.95,,,25808,18920733.5,4481,F1,1,,,,,
2025-08-28,2025-08-28,CM,NSE,STK,15039,INE739E01017,CERA,EQ,,,,,CERA SANITARYWARE LTD,6310.0,6310.0,6220.0,6247.0,6235.0,6312.5,,6247.0,,,5718,35755733.0,2717,F1,1,,,,,
2025-08-28,2025-08-28,CM,NSE,STK,29016,INE345B01019,CEREBRAINT,BZ,,,,,CEREBRA INT TECH LTD,7.85,7.85,7.32,7.42,7.68,7.7,,7.42,,,17491,130014.56,90,F1,1,,,,,
2025-08-28,2025-08-28,CM,NSE,STK,628,INE486A01021,CESC,EQ,,,,,CESC LTD,161.7,162.1,153.1,154.17,153.78,161.64,,154.17,,,7649335,1197954564.91,58270,F1,1,,,,,
2025-08-28,2025-08-28,CM,NSE,STK,760,INE067A01029,CGPOWER,EQ,,,,,CG POWER AND IND SOL LTD,674.4,677.3,658.8,664.0,663.5,671.3,,664.0,,,1945654,1292114028.3,55866,F1,1,,,,,
2025-08-28,2025-08-28,CM,NSE,STK,8546,INE427F01016,CHALET,EQ,,,,,CHALET HOTELS LIMITED,1005.0,1035.0,985.25,1017.7,1014.7,1007.15,,1017.7,,,258220,262027197.9,23026,F1,1,,,,,
2025-08-28,2025-08-28,CM,NSE,STK,3482,INE419D01026,CLSEL,EQ,,,,,CHAMAN LAL SETIA EXP LTD,285.1,285.95,277.05,277.85,277.15,285.1,,277.8,,,30102,8417230.45,1598,F1,1,,,,,
2025-08-28,2025-08-28,CM,NSE,STK,13731,INE06PV01010,CMNL,SM,,,,,CHAMAN METALLICS LIMITED,149.55,150.0,149.55,150.0,150.0,150.0,,150.0,,,8250,1237012.5,5,F1,750,,,,,
2025-08-28,2025-08-28,CM,NSE,STK,637,INE085A01013,CHAMBLFERT,EQ,,,,,CHAMBAL FERTILIZERS LTD,552.0,553.15,539.85,541.75,541.9,552.7,,541.75,,,466807,254547347.75,16683,F1,1,,,,,
2025-08-28,2025-08-28,CM,NSE,STK,29544,INE11HG01018,CHAMUNDA,ST,,,,,CHAMUNDA ELECTRICAL LTD,45.95,46.0,45.95,45.95,45.95,46.85,,45.95,,,9000,413700.0,3,F1,3000,,,,,
2025-08-28,2025-08-28,CM,NSE,STK,29636,INE0B2N01016,CHANDAN,ST,,,,,CHANDAN HEALTHCARE LTD,220.1,227.95,218.0,219.2,218.0,225.05,,219.2,,,24800,5463440.0,31,F1,800,,,,,
2025-08-28,2025-08-28,CM,NSE,STK,18654,INE0PT101017,CHAVDA,SM,,,,,CHAVDA INFRA LIMITED,123.35,123.35,119.0,119.1,119.0,121.15,,119.1,,,9000,1080100.0,8,F1,1000,,,,,
2025-08-28,2025-08-28,CM,NSE,STK,757989,INE0TGX01019,CHEMBONDCH,EQ,,,,,CHEMBOND CHEMICAL LIMITED,188.1,196.5,179.99,188.58,188.7,190.61,,188.45,,,66763,12476457.22,2374,F1,1,,,,,
2025-08-28,2025-08-28,CM,NSE,STK,14620,INE995D01025,CHEMBOND,BE,,,,,CHEMBOND MATERIALTECH LTD,184.99,186.88,178.32,184.99,185.95,184.88,,183.69,,,16172,3002336.28,163,F1,1,,,,,
2025-08-28,2025-08-28,CM,NSE,STK,270,INE03YM01018,CHEMCON,EQ,,,,,CHEMCON SPECIAL CHEM LTD,215.41,215.41,207.0,208.66,208.0,215.41,,208.66,,,46767,9869258.99,1884,F1,1,,,,,
2025-08-28,2025-08-28,CM,NSE,STK,2799,INE783X01023,CHEMFAB,EQ,,,,,CHEMFAB ALKALIS LIMITED,663.8,683.55,663.8,672.9,669.1,673.9,,672.8,,,3560,2408929.45,434,F1,1,,,,,
2025-08-28,2025-08-28,CM,NSE,STK,5449,INE488A01050,CHEMPLASTS,EQ,,,,,CHEMPLAST SANMAR LIMITED,418.0,425.95,414.5,419.7,424.2,420.75,,419.7,,,55861,23467348.65,2729,F1,1,,,,,
2025-08-28,2025-08-28,CM,NSE,STK,2049,INE178A01016,CHENNPETRO,EQ,,,,,CHENNAI PETROLEUM CORP LT,649.9,652.95,639.8,645.25,647.0,649.9,,645.25,,,396531,256418948.35,19119,F1,1,,,,,
2025-08-28,2025-08-28,CM,NSE,STK,24625,INE0U1T01012,CHETANA,SM,,,,,CHETANA EDUCATION LIMITED,80.1,84.0,80.1,83.55,84.0,79.9,,83.55,,,17600,1451360.0,11,F1,1600,,,,,
2025-08-28,2025-08-28,CM,NSE,STK,9879,INE974B01016,CHEVIOT,EQ,,,,,CHEVIOT COMPANY LIMITED,1242.7,1242.7,1196.0,1200.6,1196.0,1230.4,,1200.7,,,2796,3390041.3,537,F1,1,,,,,
2025-08-28,2025-08-28,CM,NSE,STK,8866,INE102B01014,CHOICEIN,EQ,,,,,CHOICE INTERNATIONAL LTD,804.8,806.0,792.15,796.75,795.4,802.75,,796.75,,,268242,214661292.9,10827,F1,1,,,,,
2025-08-28,2025-08-28,CM,NSE,STK,21740,INE149A01033,CHOLAHLDNG,EQ,,,,,CHOLAMANDALAM FIN HOL LTD,1785.0,1788.8,1748.1,1759.5,1753.5,1784.5,,1759.5,,,282192,497321644.3,18466,F1,1,,,,,
2025-08-28,2025-08-28,CM,NSE,STK,685,INE121A01024,CHOLAFIN,EQ,,,,,CHOLAMANDALAM IN & FIN CO,1464.2,1468.5,1435.9,1439.8,1442.0,1476.2,,1439.8,,,1548977,2241821232.6,67549,F1,1,,,,,
2025-08-28,2025-08-28,CM,NSE,STK,14937,INE536H01010,CIEINDIA,EQ,,,,,CIE AUTOMOTIVE INDIA LTD,388.75,393.7,386.55,388.6,388.9,386.8,,388.75,,,68130,26594248.0,6022,F1,1,,,,,
2025-08-28,2025-08-28,CM,NSE,STK,5142,INE675C01017,CIGNITITEC,EQ,,,,,CIGNITI TECHNOLOGIES LTD,1648.7,1648.7,1606.5,1634.0,1633.4,1642.1,,1634.0,,,70794,115096646.2,5510,F1,1,,,,,
2025-08-28,2025-08-28,CM,NSE,STK,27161,INE704H01022,CINELINE,EQ,,,,,CINELINE INDIA LIMITED,89.5,91.18,88.51,89.59,89.5,90.07,,89.48,,,7157,640943.29,156,F1,1,,,,,
2025-08-28,2025-08-28,CM,NSE,STK,8028,INE039B01026,CINEVISTA,BE,,,,,CINEVISTA LIMITED,16.99,17.85,16.99,17.22,17.6,17.0,,17.29,,,18862,328311.99,53,F1,1,,,,,
2025-08-28,2025-08-28,CM,NSE,STK,694,INE059A01026,CIPLA,EQ,,,,,CIPLA LTD,1594.0,1594.0,1568.7,1580.3,1580.0,1579.8,,1580.3,,,1903230,3006812830.4,62383,F1,1,,,,,
2025-08-28,2025-08-28,CM,NSE,STK,5701,INE491A01021,CUB,EQ,,,,,CITY UNION BANK LTD,201.79,202.38,197.39,198.54,198.0,202.56,,198.53,,,1712294,340759919.74,41006,F1,1,,,,,
2025-08-28,2025-08-28,CM,NSE,STK,20223,INE201M01029,CLEDUCATE,EQ,,,,,CL EDUCATE LIMITED,114.1,117.97,113.2,114.1,114.9,115.45,,114.1,,,65545,7531672.3,1348,F1,1,,,,,
2025-08-28,2025-08-28,CM,NSE,STK,5049,INE227W01023,CLEAN,EQ,,,,,CLEAN SCIENCE & TECH LTD,1134.5,1163.8,1133.0,1156.1,1157.1,1134.5,,1156.1,,,583321,669930679.8,31732,F1,1,,,,,
2025-08-28,2025-08-28,CM,NSE,STK,7603,INE925R01014,CMSINFO,EQ,,,,,CMS INFO SYSTEMS LIMITED,430.0,432.85,421.9,424.9,424.7,432.85,,424.9,,,559770,238103757.15,35257,F1,1,,,,,
2025-08-28,2025-08-28,CM,NSE,STK,20374,INE522F01014,COALINDIA,EQ,,,,,COAL INDIA LTD,372.5,375.9,368.65,374.3,375.0,372.45,,374.3,,,4372269,1633770808.15,58145,F1,1,,,,,
2025-08-28,2025-08-28,CM,NSE,STK,6006,INE377E01024,COASTCORP,EQ,,,,,COASTAL CORPORATION LTD,32.5,32.76,31.75,31.86,31.92,32.07,,31.87,,,86351,2771589.51,623,F1,1,,,,,
2025-08-28,2025-08-28,CM,NSE,STK,21508,INE704P01025,COCHINSHIP,EQ,,,,,COCHIN SHIPYARD LIMITED,1642.0,1644.9,1600.1,1604.4,1604.8,1641.9,,1604.4,,,486553,786847241.7,43640,F1,1,,,,,
2025-08-28,2025-08-28,CM,NSE,STK,11165,INE335K01011,COFFEEDAY,EQ,,,,,COFFEE DAY ENTERPRISE LTD,42.98,43.89,42.21,42.54,42.4,42.96,,42.54,,,1395197,60013159.89,6887,F1,1,,,,,
2025-08-28,2025-08-28,CM,NSE,STK,11543,INE591G01025,COFORGE,EQ,,,,,COFORGE LIMITED,1730.0,1753.1,1711.0,1737.2,1733.0,1739.3,,1737.2,,,1147193,1989915417.4,69456,F1,1,,,,,
2025-08-28,2025-08-28,CM,NSE,STK,17945,INE03QK01018,COHANCE,EQ,,,,,COHANCE LIFESCIENCES LTD,880.3,886.7,856.3,871.65,871.0,880.85,,871.65,,,942934,816233399.35,19525,F1,1,,,,,
2025-08-28,2025-08-28,CM,NSE,STK,15141,INE259A01022,COLPAL,EQ,,,,,COLGATE PALMOLIVE LTD.,2270.0,2285.9,2245.6,2262.7,2262.7,2284.1,,2262.7,,,698267,1584820313.4,72438,F1,1,,,,,
2025-08-28,2025-08-28,CM,NSE,STK,21578,INE073V01015,COMSYN,EQ,,,,,COMMERCIAL SYN BAGS LTD,133.57,135.54,133.57,134.01,133.7,134.83,,134.01,,,52036,6981866.35,563,F1,1,,,,,
2025-08-28,2025-08-28,CM,NSE,STK,31138,INE453B01029,COMPUSOFT,EQ,,,,,COMPUCOM SOFTWARE LTD,18.46,19.59,18.46,18.8,18.71,19.32,,18.8,,,49678,944674.0,907,F1,1,,,,,
2025-08-28,2025-08-28,CM,NSE,STK,342,INE596I01012,CAMS,EQ,,,,,COMPUTER AGE MNGT SER LTD,3726.2,3730.0,3650.0,3657.7,3652.0,3726.2,,3657.7,,,378392,1389539158.4,40029,F1,1,,,,,
2025-08-28,2025-08-28,CM,NSE,STK,18060,INE338H01029,CONCORDBIO,EQ,,,,,CONCORD BIOTECH LIMITED,1700.5,1705.0,1671.7,1695.7,1674.8,1706.1,,1695.6,,,66789,113012267.8,9439,F1,1,,,,,
2025-08-28,2025-08-28,CM,NSE,STK,28764,INE037Z01029,CEWATER,EQ,,,,,CONCORD ENVIRO SYSTEMS L,552.0,556.4,535.0,538.85,536.95,551.6,,538.65,,,34081,18564985.45,2618,F1,1,,,,,
2025-08-28,2025-08-28,CM,NSE,STK,10238,INE552D01024,CONFIPET,EQ,,,,,CONFIDENCE PETRO IND LTD.,48.41,48.99,47.9,48.0,47.91,48.41,,48.0,,,443669,21427789.44,2989,F1,1,,,,,
2025-08-28,2025-08-28,CM,NSE,STK,758456,INE0EAS01014,CONNPLEX,ST,,,,,CONNPLEX CINEMAS LIMITED,195.0,197.95,190.0,193.45,195.8,190.2,,193.45,,,138400,26642680.0,146,F1,800,,,,,
2025-08-28,2025-08-28,CM,NSE,STK,14992,INE429I01024,CCCL,EQ,,,,,CONS. CONST. CONSORT LTD,18.24,19.95,18.01,18.45,18.95,18.39,,18.45,,,1167545,22282034.42,4569,F1,1,,,,,
2025-08-28,2025-08-28,CM,NSE,STK,11731,INE025A01027,CONSOFINVT,EQ,,,,,CONSO. FIN. & HOLD. LTD.,184.01,185.0,180.26,183.68,185.0,183.41,,183.68,,,5615,1028552.27,371,F1,1,,,,,
2025-08-28,2025-08-28,CM,NSE,STK,4749,INE111A01025,CONCOR,EQ,,,,,CONTAINER CORP OF IND LTD,528.0,531.4,521.7,528.85,530.7,528.45,,528.85,,,2055711,1084575196.4,49299,F1,1,,,,,
2025-08-28,2025-08-28,CM,NSE,STK,2531,INE340Z01019,CONTI,SM,,,,,CONTINENTAL SEED CHEM LTD,22.9,23.1,22.9,23.1,23.1,22.15,,23.1,,,9999,229643.7,3,F1,3333,,,,,
2025-08-28,2025-08-28,CM,NSE,STK,17477,INE663B01015,CONTROLPR,EQ,,,,,CONTROL PRINT LIMITED,771.8,776.35,758.95,771.8,773.1,771.8,,771.65,,,8790,6736579.0,1399,F1,1,,,,,
2025-08-28,2025-08-28,CM,NSE,STK,8560,INE0HS001028,COOLCAPS,SM,,,,,COOL CAPS INDUSTRIES LTD,82.95,84.55,82.95,83.8,83.95,84.65,,83.8,,,65000,5463250.0,22,F1,2500,,,,,
2025-08-28,2025-08-28,CM,NSE,STK,4007,INE558D01021,CORALFINAC,EQ,,,,,CORAL INDIA FIN & HOUS LT,42.2,43.85,40.75,41.13,41.78,43.14,,41.14,,,28037,1184583.68,878,F1,1,,,,,
2025-08-28,2025-08-28,CM,NSE,STK,15271,INE792I01017,CORDSCABLE,EQ,,,,,CORDS CABLE INDUS LTD.,176.03,180.98,176.0,177.25,177.0,177.62,,177.26,,,9301,1663068.14,482,F1,1,,,,,
2025-08-28,2025-08-28,CM,NSE,STK,739,INE169A01031,COROMANDEL,EQ,,,,,COROMANDEL INTERNTL. LTD,2359.2,2371.8,2255.1,2265.2,2275.0,2372.0,,2265.2,,,462493,1061377474.1,49944,F1,1,,,,,
2025-08-28,2025-08-28,CM,NSE,STK,742,INE757A01017,COSMOFIRST,EQ,,,,,COSMO FIRST LIMITED,1005.0,1013.3,979.9,991.6,989.0,1006.3,,991.5,,,94813,94781445.2,8936,F1,1,,,,,
2025-08-28,2025-08-28,CM,NSE,STK,6385,INE652F01027,CCHHL,EQ,,,,,COUNTRY CLUB HOSP HOL LTD,18.17,19.5,17.56,18.27,18.0,18.72,,18.27,,,123169,2263225.99,2800,F1,1,,,,,
2025-08-28,2025-08-28,CM,NSE,STK,16986,INE695B01025,COUNCODOS,EQ,,,,,COUNTRY CONDO S LIMITED,6.51,6.76,6.51,6.64,6.69,6.63,,6.64,,,6515,43182.84,112,F1,1,,,,,
2025-08-28,2025-08-28,CM,NSE,STK,20086,INE521J01018,CPCAP,EQ,,,,,CP CAPITAL LIMITED,142.0,149.9,142.0,146.65,147.95,143.82,,146.57,,,13710,2019426.05,925,F1,1,,,,,
2025-08-28,2025-08-28,CM,NSE,STK,2328,INF457M01133,CPSEETF,EQ,,,,,CPSE ETF,88.0,88.99,87.61,87.87,88.0,88.56,,87.86,,,695201,61201321.86,9844,F1,1,,,,,
2025-08-28,2025-08-28,CM,NSE,STK,2854,INE00LO01017,CRAFTSMAN,EQ,,,,,CRAFTSMAN AUTOMATION LTD,7100.0,7106.0,6890.5,6966.5,6912.0,7158.0,,6967.0,,,45338,316666922.5,12571,F1,1,,,,,
2025-08-28,2025-08-28,CM,NSE,STK,16419,INE0OFK01019,CRAYONS,SM,,,,,CRAYONS ADVERTISING LTD,45.8,54.95,45.5,54.95,54.95,45.8,,54.95,,,88000,4638000.0,78,F1,1000,,,,,
2025-08-28,2025-08-28,CM,NSE,STK,9388,INE230B01021,CREATIVEYE,BE,,,,,CREATIVE EYE LIMITED,7.21,7.69,7.11,7.42,7.41,7.4,,7.24,,,12813,92640.42,63,F1,1,,,,,
2025-08-28,2025-08-28,CM,NSE,STK,23468,INE0R7401011,CGRAPHICS,SM,,,,,CREATIVE GRAPHICS S IND L,225.0,235.0,225.0,225.8,225.1,227.95,,225.8,,,28000,6484960.0,32,F1,800,,,,,
2025-08-28,2025-08-28,CM,NSE,STK,11155,INE985W01018,CREATIVE,EQ,,,,,CREATIVE NEWTECH LIMITED,630.6,645.0,626.35,640.1,640.0,630.6,,640.1,,,2475,1569964.45,184,F1,1,,,,,
2025-08-28,2025-08-28,CM,NSE,STK,4421,INE741K01010,CREDITACC,EQ,,,,,CREDITACCESS GRAMEEN LTD,1350.0,1361.7,1331.5,1343.0,1340.0,1363.0,,1343.0,,,107560,144581012.3,17532,F1,1,,,,,
2025-08-28,2025-08-28,CM,NSE,STK,20878,INE220Q01020,MUFTI,EQ,,,,,CREDO BRANDS MARKETING L,126.1,126.68,124.0,125.02,124.85,127.5,,125.02,,,84057,10521516.82,2218,F1,1,,,,,
2025-08-28,2025-08-28,CM,NSE,STK,13900,INE559D01011,CREST,EQ,,,,,CREST VENTURES LIMITED,372.0,375.95,361.1,374.05,369.0,375.7,,374.05,,,10470,3880573.9,322,F1,1,,,,,
2025-08-28,2025-08-28,CM,NSE,STK,757,INE007A01025,CRISIL,EQ,,,,,CRISIL LTD,5099.0,5099.0,4870.5,4905.5,4915.0,5093.5,,4905.5,,,67506,333858065.5,17956,F1,1,,,,,
2025-08-28,2025-08-28,CM,NSE,STK,757850,INE0S4R01014,CRIZAC,EQ,,,,,CRIZAC LIMITED,335.65,352.0,333.05,349.7,350.1,335.5,,349.7,,,2144439,742712482.45,34245,F1,1,,,,,
2025-08-28,2025-08-28,CM,NSE,STK,17094,INE299U01018,CROMPTON,EQ,,,,,CROMPT GREA CON ELEC LTD,324.95,326.3,319.8,324.05,323.5,324.95,,324.05,,,1777977,576189629.2,22465,F1,1,,,,,
2025-08-28,2025-08-28,CM,NSE,STK,8083,INE491V01019,CROWN,EQ,,,,,CROWN LIFTERS LIMITED,163.2,163.2,156.33,161.14,159.0,159.45,,161.14,,,21141,3372994.53,668,F1,1,,,,,
2025-08-28,2025-08-28,CM,NSE,STK,14966,INE679A01013,CSBBANK,EQ,,,,,CSB BANK LIMITED,386.8,386.8,370.1,371.9,371.45,389.55,,371.85,,,391199,146997898.6,22794,F1,1,,,,,
2025-08-28,2025-08-28,CM,NSE,STK,10350,INE718F01018,CSLFINANCE,EQ,,,,,CSL FINANCE LIMITED,290.0,296.0,284.05,291.25,292.1,292.75,,291.15,,,13043,3772622.95,837,F1,1,,,,,
2025-08-28,2025-08-28,CM,NSE,STK,9881,INE144D01012,CUBEXTUB,BE,,,,,CUBEXTUBINGS-ROLLSETT,84.0,84.32,81.4,83.76,84.0,80.31,,83.76,,,44949,3733338.08,258,F1,1,,,,,
2025-08-28,2025-08-28,CM,NSE,STK,1901,INE298A01020,CUMMINSIND,EQ,,,,,CUMMINS INDIA LTD,3836.6,3857.0,3777.3,3835.2,3836.7,3836.5,,3835.2,,,678197,2596817523.1,55465,F1,1,,,,,
2025-08-28,2025-08-28,CM,NSE,STK,18520,INE509F01029,CUPID,EQ,,,,,CUPID LIMITED,169.96,173.48,169.09,171.99,172.52,169.96,,171.98,,,2809676,484331095.43,13418,F1,1,,,,,
2025-08-28,2025-08-28,CM,NSE,STK,30191,INE117B01020,CURAA,BE,,,,,CURA TECHNOLOGIES LIMITED,323.65,323.65,323.65,323.65,323.65,330.26,,323.7,,,536,173476.4,8,F1,1,,,,,
2025-08-28,2025-08-28,CM,NSE,STK,11842,INE278G01037,CYBERMEDIA,EQ,,,,,CYBER MEDIA (INDIA) LTD.,16.0,16.6,15.91,16.27,15.95,16.0,,16.27,,,7226,117229.85,170,F1,1,,,,,
2025-08-28,2025-08-28,CM,NSE,STK,6051,INE214A01019,CYBERTECH,EQ,,,,,CYBERTECH SYSTEMS & SOFTW,161.01,164.61,154.61,155.24,154.66,160.35,,155.28,,,41315,6532921.75,1461,F1,1,,,,,
2025-08-28,2025-08-28,CM,NSE,STK,17187,INE055S01018,CYIENTDLM,EQ,,,,,CYIENT DLM LIMITED,429.0,429.7,416.15,418.55,418.9,428.3,,418.55,,,212577,89469128.15,10211,F1,1,,,,,
2025-08-28,2025-08-28,CM,NSE,STK,5748,INE136B01020,CYIENT,EQ,,,,,CYIENT LIMITED,1203.1,1207.1,1170.0,1176.6,1175.0,1202.6,,1176.6,,,232769,276692035.7,31834,F1,1,,,,,
2025-08-28,2025-08-28,CM,NSE,STK,6249,INE0GN101014,DKEGL,SM,,,,,D K ENTERPRISES GLOBAL L,67.8,67.8,67.8,67.8,67.8,67.8,,67.8,,,1500,101700.0,1,F1,1500,,,,,
2025-08-28,2025-08-28,CM,NSE,STK,16900,INE864X01013,DPWIRES,EQ,,,,,D P WIRES LIMITED,224.05,224.05,219.11,220.69,222.8,224.06,,220.52,,,14842,3287521.51,1041,F1,1,,,,,
2025-08-28,2025-08-28,CM,NSE,STK,17851,INE250K01012,DLINKINDIA,EQ,,,,,D-LINK INDIA LTD,459.4,483.85,457.2,479.2,477.5,465.05,,479.2,,,100170,47511996.05,6242,F1,1,,,,,
2025-08-28,2025-08-28,CM,NSE,STK,936,INE266Y01019,DPABHUSHAN,EQ,,,,,D. P. ABHUSHAN LIMITED,1579.5,1627.1,1545.2,1614.8,1605.0,1579.4,,1614.7,,,35567,55986569.5,3052,F1,1,,,,,
2025-08-28,2025-08-28,CM,NSE,STK,17881,INE950I01011,DBCORP,EQ,,,,,D.B.CORP LTD,266.45,269.7,259.15,263.65,268.0,266.45,,264.2,,,144264,38105635.25,5049,F1,1,,,,,
2025-08-28,2025-08-28,CM,NSE,STK,772,INE016A01026,DABUR,EQ,,,,,DABUR INDIA LTD,526.55,526.55,512.25,513.85,515.0,522.4,,513.85,,,2068611,1070576570.05,40986,F1,1,,,,,
2025-08-28,2025-08-28,CM,NSE,STK,8075,INE00R701025,DALBHARAT,EQ,,,,,DALMIA BHARAT LIMITED,2336.0,2369.7,2330.8,2351.4,2353.2,2358.2,,2351.4,,,689428,1619590308.0,21467,F1,1,,,,,
2025-08-28,2025-08-28,CM,NSE,STK,781,INE495A01022,DALMIASUG,EQ,,,,,DALMIA BHARAT SUG IN LTD,369.0,379.5,366.8,376.05,373.1,371.35,,375.95,,,60157,22552711.95,3954,F1,1,,,,,
2025-08-28,2025-08-28,CM,NSE,STK,28662,INE284H01025,DAMCAPITAL,EQ,,,,,DAM CAPITAL ADVISORS LTD,221.0,223.2,218.04,221.15,221.0,223.23,,221.15,,,169919,37466705.36,5074,F1,1,,,,,
2025-08-28,2025-08-28,CM,NSE,STK,17541,INE497D01022,DAMODARIND,EQ,,,,,DAMODAR INDUSTRIES LTD,36.05,36.05,35.11,36.0,36.05,36.05,,36.0,,,7234,259639.77,77,F1,1,,,,,
2025-08-28,2025-08-28,CM,NSE,STK,1116,INE688Y01022,DANGEE,BE,,,,,DANGEE DUMS LIMITED,4.24,4.24,4.07,4.18,4.19,4.17,,4.18,,,27996,116847.22,100,F1,1,,,,,
2025-08-28,2025-08-28,CM,NSE,STK,25927,INE0YU901016,DANISH,SM,,,,,DANISH POWER LIMITED,910.85,925.9,905.0,907.8,908.0,915.45,,907.8,,,12450,11367900.0,74,F1,150,,,,,
2025-08-28,2025-08-28,CM,NSE,STK,757107,INE04Q901010,DCCL,SM,,,,,DAR CREDIT & CAPITAL LTD,48.9,50.0,46.15,47.25,46.6,47.1,,47.25,,,118000,5747800.0,36,F1,2000,,,,,
2025-08-28,2025-08-28,CM,NSE,STK,7358,INE0IX101010,DATAPATTNS,EQ,,,,,DATA PATTERNS INDIA LTD,2493.9,2498.2,2417.0,2425.8,2435.3,2505.6,,2425.8,,,128812,316599079.1,17163,F1,1,,,,,
2025-08-28,2025-08-28,CM,NSE,STK,11423,INE365B01017,DATAMATICS,EQ,,,,,DATAMATICS GLOBAL SER LTD,989.0,1007.3,972.8,977.85,976.1,998.25,,977.9,,,182816,180961384.2,13703,F1,1,,,,,
2025-08-28,2025-08-28,CM,NSE,STK,21794,INE179G01029,DAVANGERE,EQ,,,,,DAVANGERE SUGAR COMPANY L,3.31,3.33,3.25,3.27,3.28,3.31,,3.27,,,2138244,7037224.14,2567,F1,1,,,,,
2025-08-28,2025-08-28,CM,NSE,STK,31107,INE921B01025,DBSTOCKBRO,EQ,,,,,DB (INT) STOCK BROKERS,26.0,26.5,25.21,26.23,25.32,25.51,,26.16,,,4668,121456.91,65,F1,1,,,,,
2025-08-28,2025-08-28,CM,NSE,STK,11566,INE0A1101019,DCI,EQ,,,,,DC INFOTECH AND COMUN LTD,247.99,259.95,243.21,247.46,246.0,246.78,,247.45,,,43262,10848042.51,3568,F1,1,,,,,
2025-08-28,2025-08-28,CM,NSE,STK,13725,INE503A01015,DCBBANK,EQ,,,,,DCB BANK LIMITED,121.66,122.33,119.51,120.21,120.25,122.12,,120.21,,,1747630,211252650.36,17005,F1,1,,,,,
2025-08-28,2025-08-28,CM,NSE,STK,23520,INE0S8401018,DCG,SM,,,,,DCG CABLES & WIRES LTD,69.0,70.0,67.7,70.0,70.0,70.0,,70.0,,,7200,496380.0,6,F1,1200,,,,,
2025-08-28,2025-08-28,CM,NSE,STK,8704,INE891B01012,DCMFINSERV,BE,,,,,DCM FINANCIAL SERVICES LT,5.86,6.14,5.72,6.04,6.14,5.98,,5.97,,,4971,29750.2,30,F1,1,,,,,
2025-08-28,2025-08-28,CM,NSE,STK,805,INE498A01018,DCM,EQ,,,,,DCM LTD,99.25,101.0,99.15,100.37,100.02,100.33,,100.35,,,13870,1384354.57,524,F1,1,,,,,
2025-08-28,2025-08-28,CM,NSE,STK,11039,INE08KP01019,DCMNVL,EQ,,,,,DCM NOUVELLE LIMITED,167.51,167.68,160.3,163.0,162.1,164.16,,163.07,,,22951,3733199.76,696,F1,1,,,,,
2025-08-28,2025-08-28,CM,NSE,STK,7325,INE843D01027,DCMSRIND,EQ,,,,,DCM SHRIRAM IND LTD,159.69,162.05,156.3,157.19,156.65,158.15,,157.18,,,56665,9051907.08,1061,F1,1,,,,,
2025-08-28,2025-08-28,CM,NSE,STK,811,INE499A01024,DCMSHRIRAM,EQ,,,,,DCM SHRIRAM LIMITED,1251.5,1255.2,1219.1,1237.8,1238.0,1242.7,,1237.8,,,40821,50464965.9,7811,F1,1,,,,,
2025-08-28,2025-08-28,CM,NSE,STK,817,INE500A01029,DCW,EQ,,,,,DCW LTD,74.8,75.1,73.1,73.31,73.3,74.86,,73.31,,,547998,40459109.64,5236,F1,1,,,,,
2025-08-28,2025-08-28,CM,NSE,STK,11895,INE0KL801015,DCXINDIA,EQ,,,,,DCX SYSTEMS LIMITED,255.0,263.5,255.0,260.15,261.0,257.35,,260.15,,,711570,185343857.0,12417,F1,1,,,,,
2025-08-28,2025-08-28,CM,NSE,STK,29098,INE0HR601026,DDEVPLSTIK,EQ,,,,,DDEV PLASTIKS IND LTD,310.85,312.8,306.05,308.6,310.0,309.4,,308.55,,,93416,28913868.75,6217,F1,1,,,,,
2025-08-28,2025-08-28,CM,NSE,STK,15449,INE0JWV01011,DENEERS,SM,,,,,DE NEERS TOOLS LIMITED,295.05,300.0,295.0,296.5,296.3,302.5,,296.5,,,9000,2670360.0,15,F1,600,,,,,
2025-08-28,2025-08-28,CM,NSE,STK,4279,INE244A01016,DENORA,EQ,,,,,DE NORA INDIA LIMITED,842.0,858.45,831.5,835.9,831.5,856.1,,836.55,,,2641,2231117.9,348,F1,1,,,,,
2025-08-28,2025-08-28,CM,NSE,STK,8657,INE411Y01011,DIL,EQ,,,,,DEBOCK INDUSTRIES LIMITED,1.95,1.95,1.88,1.89,1.89,1.94,,1.89,,,560075,1066417.93,607,F1,1,,,,,
2025-08-28,2025-08-28,CM,NSE,STK,14838,INE583C01021,DECCANCE,EQ,,,,,DECCAN CEMENTS LIMITED,1035.0,1046.9,1013.9,1021.1,1017.7,1044.9,,1020.6,,,52200,53792719.3,3322,F1,1,,,,,
2025-08-28,2025-08-28,CM,NSE,STK,25421,INE0S7C01019,DECCANTRAN,SM,,,,,DECCAN TRANSCON LEASING L,39.0,39.6,38.0,38.05,38.0,39.0,,38.05,,,10800,421140.0,9,F1,1200,,,,,
2025-08-28,2025-08-28,CM,NSE,STK,24154,INE841L01016,DEEDEV,EQ,,,,,DEE DEVELOPMENT ENG LTD,269.9,269.9,265.0,265.8,266.5,270.8,,265.8,,,51162,13659071.15,2079,F1,1,,,,,
2025-08-28,2025-08-28,CM,NSE,STK,3292,INE0FHS01024,DEEPINDS,EQ,,,,,DEEP INDUSTRIES LIMITED,527.4,546.9,523.55,541.4,540.0,532.3,,541.1,,,189942,102262227.05,10695,F1,1,,,,,
2025-08-28,2025-08-28,CM,NSE,STK,25892,INE0OPA01019,DBEIL,EQ,,,,,DEEPAK BUILDERS & ENG I L,130.0,132.6,129.5,131.35,131.15,131.17,,131.33,,,32201,4201710.39,1106,F1,1,,,,,
2025-08-28,2025-08-28,CM,NSE,STK,827,INE501A01019,DEEPAKFERT,EQ,,,,,DEEPAK FERTILIZERS & PETR,1445.0,1458.0,1421.7,1428.8,1428.0,1453.7,,1428.9,,,138279,199292703.3,16147,F1,1,,,,,
2025-08-28,2025-08-28,CM,NSE,STK,19943,INE288B01029,DEEPAKNTR,EQ,,,,,DEEPAK NITRITE LTD,1835.0,1842.0,1804.0,1809.7,1810.0,1843.6,,1809.6,,,84644,153468575.5,11982,F1,1,,,,,
2025-08-28,2025-08-28,CM,NSE,STK,22527,INE0SK801018,DELAPLEX,SM,,,,,DELAPLEX LIMITED,132.0,132.0,128.05,131.8,131.8,128.4,,131.8,,,6600,864570.0,10,F1,600,,,,,
2025-08-28,2025-08-28,CM,NSE,STK,9599,INE148O01028,DELHIVERY,EQ,,,,,DELHIVERY LIMITED,477.95,479.85,468.0,469.15,470.0,478.5,,469.15,,,2625093,1242928011.4,48154,F1,1,,,,,
2025-08-28,2025-08-28,CM,NSE,STK,24395,INE726L01019,DELPHIFX,BE,,,,,DELPHI WORLD MONEY LTD,206.5,207.0,198.97,203.7,206.99,198.97,,203.7,,,1366,279744.7,39,F1,1,,,,,
2025-08-28,2025-08-28,CM,NSE,STK,29092,INE0XRN01019,DELTIC,SM,,,,,DELTA AUTOCORP LIMITED,66.0,70.5,65.0,66.05,67.45,68.55,,66.05,,,68000,4522500.0,51,F1,1000,,,,,
2025-08-28,2025-08-28,CM,NSE,STK,15044,INE124G01033,DELTACORP,EQ,,,,,DELTA CORP LIMITED,86.16,90.91,85.35,87.99,87.7,86.22,,87.99,,,5383030,474578604.99,31911,F1,1,,,,,
2025-08-28,2025-08-28,CM,NSE,STK,7909,INE393A01011,DELTAMAGNT,BE,,,,,DELTA MANUFACTURING LTD,88.0,88.0,82.51,87.43,87.79,85.39,,87.6,,,1761,153309.04,30,F1,1,,,,,
2025-08-28,2025-08-28,CM,NSE,STK,17722,INE947J01015,DEN,EQ,,,,,DEN NETWORKS LTD,35.5,35.77,35.13,35.3,35.4,35.77,,35.3,,,233512,8280411.25,1599,F1,1,,,,,
2025-08-28,2025-08-28,CM,NSE,STK,29256,INE0R4L01018,DENTA,EQ,,,,,DENTA WATER N INFRA SOL L,395.75,424.4,389.3,409.85,409.0,395.75,,409.85,,,1519625,623864988.05,32185,F1,1,,,,,
2025-08-28,2025-08-28,CM,NSE,STK,6092,INE0IGO01011,DESTINY,ST,,,,,DESTINY LOGISTICS & I LTD,126.0,130.0,126.0,127.0,127.0,130.0,,127.0,,,10500,1339500.0,7,F1,1500,,,,,
2025-08-28,2025-08-28,CM,NSE,STK,8146,INE060X01034,DEVIT,EQ,,,,,DEV INFO TECHNOLOGY LTD,41.58,47.99,41.5,44.9,44.6,41.58,,44.95,,,994791,45972852.4,11480,F1,1,,,,,
2025-08-28,2025-08-28,CM,NSE,STK,5373,INE872J01023,DEVYANI,EQ,,,,,DEVYANI INTERNATIONAL LTD,174.09,176.9,173.69,175.17,175.05,174.09,,175.17,,,3909692,685741123.73,30534,F1,1,,,,,
2025-08-28,2025-08-28,CM,NSE,STK,10893,INE0I3401014,DBOL,EQ,,,,,DHAMPUR BIO ORGANICS LTD,83.71,85.9,83.52,85.04,85.9,85.05,,85.04,,,37545,3186520.7,762,F1,1,,,,,
2025-08-28,2025-08-28,CM,NSE,STK,857,INE041A01016,DHAMPURSUG,EQ,,,,,DHAMPUR SUGAR MILLS LTD.,127.0,127.34,121.68,124.22,125.0,127.79,,124.26,,,179495,22468058.66,3095,F1,1,,,,,
2025-08-28,2025-08-28,CM,NSE,STK,15384,INE274G01010,DHANI,EQ,,,,,DHANI SERVICES LIMITED,63.31,64.09,62.0,62.68,62.5,63.35,,62.68,,,2188368,137880243.77,13851,F1,1,,,,,
2025-08-28,2025-08-28,CM,NSE,STK,11359,INE680A01011,DHANBANK,EQ,,,,,DHANLAXMI BANK LIMITED,26.25,26.45,25.8,25.89,25.99,26.23,,25.9,,,448563,11719439.18,1998,F1,1,,,,,
2025-08-28,2025-08-28,CM,NSE,STK,27723,INE0V9V01010,DHANLAXMI,SM,,,,,DHANLAXMI CROP SCIENCE L,44.0,44.0,44.0,44.0,44.0,43.75,,44.0,,,2000,88000.0,1,F1,2000,,,,,
2025-08-28,2025-08-28,CM,NSE,STK,24409,INE435G01025,DHANUKA,EQ,,,,,DHANUKA AGRITECH LTD,1600.0,1606.3,1561.0,1571.9,1563.5,1600.1,,1571.8,,,36864,58242458.5,8402,F1,1,,,,,
2025-08-28,2025-08-28,CM,NSE,STK,2360,INE278R01034,DHARAN,BE,,,,,DHARAN INFRA-EPC LIMITED,0.41,0.42,0.41,0.42,0.42,0.41,,0.47,,,2855718,1190967.33,815,F1,1,,,,,
2025-08-28,2025-08-28,CM,NSE,STK,13014,INE00OQ01016,DHARMAJ,BE,,,,,DHARMAJ CROP GUARD LTD,345.1,371.0,344.0,368.95,365.15,361.6,,368.9,,,48810,17700447.55,564,F1,1,,,,,
2025-08-28,2025-08-28,CM,NSE,STK,6860,INE506Z01015,DHRUV,BE,,,,,DHRUV CONSULTANCY SER LTD,68.95,68.95,62.7,62.96,64.25,66.0,,63.02,,,11013,694959.93,75,F1,1,,,,,
2025-08-28,2025-08-28,CM,NSE,STK,22233,INE320L01011,DHUNINV,EQ,,,,,DHUNSERI INVESTMENTS LTD,1444.2,1447.7,1399.0,1408.3,1422.9,1453.0,,1409.2,,,1744,2469063.2,239,F1,1,,,,,
2025-08-28,2025-08-28,CM,NSE,STK,6227,INE341R01014,DTIL,EQ,,,,,DHUNSERI TEA & IND. LTD.,194.05,195.19,191.6,191.95,191.7,194.33,,191.95,,,2979,574355.76,163,F1,1,,,,,
2025-08-28,2025-08-28,CM,NSE,STK,15214,INE477B01010,DVL,EQ,,,,,DHUNSERI VENTURES LIMITED,338.8,343.1,335.55,338.4,337.75,338.75,,338.3,,,10099,3441750.95,579,F1,1,,,,,
2025-08-28,2025-08-28,CM,NSE,STK,18644,INE591D01014,DIAMINESQ,EQ,,,,,DIAMINES & CHEMICALS LTD,351.55,360.0,351.0,355.1,356.2,363.35,,355.0,,,4349,1541435.35,443,F1,1,,,,,
2025-08-28,2025-08-28,CM,NSE,STK,18543,INE989C01038,DIACABS,EQ,,,,,DIAMOND POWER INFRA LTD,144.0,145.5,138.5,139.51,139.0,144.45,,139.51,,,1241732,175980896.08,6697,F1,1,,,,,
2025-08-28,2025-08-28,CM,NSE,STK,703,INE303A01010,DICIND,EQ,,,,,DIC INDIA LIMITED,577.7,593.95,577.35,589.35,593.9,590.1,,586.3,,,2137,1257057.2,240,F1,1,,,,,
2025-08-28,2025-08-28,CM,NSE,STK,25672,INE184O01015,DIFFNKG,EQ,,,,,DIFFUSION ENGINEERS LTD,351.5,374.0,347.65,357.7,358.0,354.6,,357.65,,,461580,167967333.95,12162,F1,1,,,,,
2025-08-28,2025-08-28,CM,NSE,STK,10358,INE03JI01017,DGCONTENT,BE,,,,,DIGICONTENT LIMITED,36.6,39.5,36.6,37.0,37.0,37.76,,37.17,,,8068,304847.02,46,F1,1,,,,,
2025-08-28,2025-08-28,CM,NSE,STK,21247,INE0PSC01024,DIGIDRIVE,EQ,,,,,DIGIDRIVE DISTRIBUTORS L,31.94,33.59,31.5,32.51,32.9,31.94,,32.51,,,48059,1570854.3,538,F1,1,,,,,
2025-08-28,2025-08-28,CM,NSE,STK,19138,INE0QJ901011,DIGIKORE,SM,,,,,DIGIKORE STUDIOS LIMITED,154.0,154.0,149.2,154.0,154.0,150.25,,154.0,,,2200,334220.0,11,F1,200,,,,,
2025-08-28,2025-08-28,CM,NSE,STK,16683,INE927C01020,DIGISPICE,EQ,,,,,DIGISPICE TECHNOLOGIES LT,25.34,26.5,25.02,25.08,25.02,25.25,,25.08,,,91808,2350274.61,954,F1,1,,,,,
2025-08-28,2025-08-28,CM,NSE,STK,757515,INE0U4701011,DIGITIDE,EQ,,,,,DIGITIDE SOLUTIONS LTD,202.95,206.64,199.67,202.78,202.54,201.68,,202.77,,,122879,25036780.28,5449,F1,1,,,,,
2025-08-28,2025-08-28,CM,NSE,STK,6136,INE731U01028,DIGJAMLMTD,BE,,,,,DIGJAM LTD,54.0,56.98,53.0,56.85,56.85,55.11,,56.89,,,6541,369758.86,21,F1,1,,,,,
2025-08-28,2025-08-28,CM,NSE,STK,641,INE016M01021,DNAMEDIA,EQ,,,,,DILIGENT MEDIA CORP LTD.,4.58,4.77,4.58,4.73,4.77,4.7,,4.73,,,31141,146592.14,108,F1,1,,,,,
2025-08-28,2025-08-28,CM,NSE,STK,18086,INE917M01012,DBL,EQ,,,,,DILIP BUILDCON LIMITED,470.0,470.4,461.75,465.4,464.0,471.25,,465.35,,,96354,44882706.3,8915,F1,1,,,,,
2025-08-28,2025-08-28,CM,NSE,STK,14537,INE836F01026,DISHTV,EQ,,,,,DISH TV INDIA LTD.,5.13,5.15,5.08,5.12,5.13,5.13,,5.12,,,948547,4852763.63,2163,F1,1,,,,,
2025-08-28,2025-08-28,CM,NSE,STK,21708,INE385W01011,DCAL,BE,,,,,DISHMAN CARBO AMCIS LTD,273.85,273.85,264.5,270.15,268.2,271.65,,270.15,,,82320,22258741.1,883,F1,1,,,,,
2025-08-28,2025-08-28,CM,NSE,STK,14479,INE753U01022,DIVGIITTS,EQ,,,,,DIVGI TORQTRANSFER SYST L,665.25,668.75,652.55,658.7,659.0,668.8,,658.8,,,9945,6553484.2,1933,F1,1,,,,,
2025-08-28,2025-08-28,CM,NSE,STK,10940,INE361B01024,DIVISLAB,EQ,,,,,DIVI S LABORATORIES LTD,6275.0,6275.0,6108.5,6132.0,6135.0,6190.5,,6132.0,,,415482,2553749658.5,42228,F1,1,,,,,
2025-08-28,2025-08-28,CM,NSE,STK,30259,INE0NA501011,DIVINEHIRA,SM,,,,,DIVINE HIRA JEWELLERS LTD,83.0,85.0,81.75,83.4,83.3,86.05,,83.4,,,20800,1730240.0,13,F1,1600,,,,,
2025-08-28,2025-08-28,CM,NSE,STK,24286,INE0SCO01019,DPEL,SM,,,,,DIVINE POWER ENERGY LTD,138.0,138.0,136.5,136.5,136.5,140.0,,136.5,,,3000,411750.0,2,F1,1500,,,,,
2025-08-28,2025-08-28,CM,NSE,STK,21690,INE935N01020,DIXON,EQ,,,,,DIXON TECHNO (INDIA) LTD,16690.0,16878.0,16470.0,16678.0,16708.0,16668.0,,16677.0,,,347400,5810227127.0,69914,F1,1,,,,,
2025-08-28,2025-08-28,CM,NSE,STK,12749,INE0B1K01014,DJML,EQ,,,,,DJ MEDIAPRINT & LOG LTD,103.28,103.28,100.3,101.24,100.35,102.03,,101.24,,,2731,277929.44,119,F1,1,,,,,
2025-08-28,2025-08-28,CM,NSE,STK,14732,INE271C01023,DLF,EQ,,,,,DLF LIMITED,754.5,757.25,743.35,749.45,750.35,754.6,,749.45,,,2806487,2104455773.6,62308,F1,1,,,,,
2025-08-28,2025-08-28,CM,NSE,STK,6973,INE505A01010,DMCC,EQ,,,,,DMCC SPECIALITY CHEMICALS,324.95,324.95,308.0,311.05,311.0,323.85,,311.1,,,52255,16536618.45,2648,F1,1,,,,,
2025-08-28,2025-08-28,CM,NSE,STK,4822,INE021O01019,DODLA,EQ,,,,,DODLA DAIRY LIMITED,1380.0,1388.1,1340.0,1351.0,1342.0,1392.1,,1351.0,,,29175,39801476.6,6453,F1,1,,,,,
2025-08-28,2025-08-28,CM,NSE,STK,12124,INE966A01022,DOLATALGO,EQ,,,,,DOLAT ALGOTECH LIMITED,79.2,83.04,79.2,80.8,80.05,79.87,,80.8,,,359859,29216943.02,7214,F1,1,,,,,
2025-08-28,2025-08-28,CM,NSE,STK,20560,INE325C01035,DOLLAR,EQ,,,,,DOLLAR INDUSTRIES LIMITED,359.7,359.7,349.95,351.5,351.2,356.4,,351.5,,,59111,20926695.5,3805,F1,1,,,,,
2025-08-28,2025-08-28,CM,NSE,STK,13323,INE0JHH01011,DOLLEX,SM,,,,,DOLLEX AGROTECH LIMITED,41.0,41.75,41.0,41.75,41.75,41.0,,41.75,,,24000,987000.0,3,F1,4000,,,,,
2025-08-28,2025-08-28,CM,NSE,STK,18139,INE920A01037,DOLPHIN,EQ,,,,,DOLPHIN OFF ENT (IND) L,430.05,442.0,428.05,434.2,430.75,440.8,,434.5,,,750,326480.75,180,F1,1,,,,,
2025-08-28,2025-08-28,CM,NSE,STK,20551,INE321T01012,DOMS,EQ,,,,,DOMS INDUSTRIES LIMITED,2461.1,2464.9,2423.2,2444.3,2445.0,2461.3,,2444.2,,,26463,64639053.9,5475,F1,1,,,,,
2025-08-28,2025-08-28,CM,NSE,STK,13839,INE668D01028,DONEAR,EQ,,,,,DONEAR IND. LIMITED,95.4,95.68,93.15,93.81,93.49,94.07,,93.81,,,22883,2163292.1,776,F1,1,,,,,
2025-08-28,2025-08-28,CM,NSE,STK,15419,INE360C01024,DPSCLTD,EQ,,,,,DPSC LIMITED,12.08,12.26,12.02,12.11,12.2,12.26,,12.11,,,66521,806169.28,772,F1,1,,,,,
2025-08-28,2025-08-28,CM,NSE,STK,29452,INE943P01029,AGARWALEYE,EQ,,,,,DR AGARWALS HEALTH CARE L,459.95,465.65,428.05,439.1,438.6,459.95,,439.1,,,1590689,697566368.45,48524,F1,1,,,,,
2025-08-28,2025-08-28,CM,NSE,STK,11654,INE600L01024,LALPATHLAB,EQ,,,,,DR. LAL PATH LABS LTD.,3307.9,3368.7,3275.0,3323.3,3323.0,3308.5,,3323.3,,,142380,474128030.4,21353,F1,1,,,,,
2025-08-28,2025-08-28,CM,NSE,STK,881,INE089A01031,DRREDDY,EQ,,,,,DR. REDDY S LABORATORIES,1263.2,1267.4,1248.5,1259.8,1263.8,1263.2,,1260.0,,,1827890,2297287634.0,62189,F1,1,,,,,
2025-08-28,2025-08-28,CM,NSE,STK,2651,INE03RS01027,DRCSYSTEMS,BE,,,,,DRC SYSTEMS INDIA LIMITED,19.28,19.28,19.28,19.28,19.28,18.37,,19.28,,,173812,3351095.36,217,F1,1,,,,,
2025-08-28,2025-08-28,CM,NSE,STK,10862,INE0JS101016,DREAMFOLKS,BE,,,,,DREAMFOLKS SERVICES LTD,141.98,142.85,134.79,136.58,136.5,141.89,,136.89,,,147721,20244005.2,3003,F1,1,,,,,
2025-08-28,2025-08-28,CM,NSE,STK,11271,INE506A01018,DREDGECORP,EQ,,,,,DREDGING CORP OF INDIA,602.0,602.0,589.25,592.7,589.65,602.0,,592.65,,,21667,12885164.6,2696,F1,1,,,,,
2025-08-28,2025-08-28,CM,NSE,STK,17372,INE0P7201019,DRONE,SM,,,,,DRONE DESTINATION LIMITED,93.5,96.3,93.05,93.3,93.25,93.1,,93.3,,,13500,1272800.0,26,F1,500,,,,,
2025-08-28,2025-08-28,CM,NSE,STK,8880,INE055C01020,KEEPLEARN,BE,,,,,DSJ KEEP LEARNING LTD,2.98,3.0,2.78,2.97,2.9,2.92,,2.97,,,18528,54881.03,64,F1,1,,,,,
2025-08-28,2025-08-28,CM,NSE,STK,1927,INF740KA1EU7,LIQUIDETF,EQ,,,,,DSP LIQUID ETF,999.99,1000.01,999.99,999.99,1000.0,999.99,,999.99,,,70997,70996916.61,152,F1,1,,,,,
2025-08-28,2025-08-28,CM,NSE,STK,13644,INF740KA1RX3,BANKETFADD,EQ,,,,,DSPAMC - DSPBANKETF,56.47,56.47,54.95,55.02,55.08,55.71,,55.02,,,27758,1532081.58,200,F1,1,,,,,
2025-08-28,2025-08-28,CM,NSE,STK,15356,INF740KA1SW3,GOLDETFADD,EQ,,,,,DSPAMC - DSPGOLDETF,99.0,99.3,98.51,99.1,99.2,98.13,,99.1,,,491176,48593758.55,351,F1,1,,,,,
2025-08-28,2025-08-28,CM,NSE,STK,17207,INF740KA1SX1,ITETFADD,EQ,,,,,DSPAMC - DSPITETF,37.37,37.37,36.85,36.88,37.0,37.37,,36.88,,,12674,468286.66,113,F1,1,,,,,
2025-08-28,2025-08-28,CM,NSE,STK,7451,INF740KA1CL0,NIFTY50ADD,EQ,,,,,DSPAMC - DSPN50ETF,259.26,259.27,255.45,255.79,256.24,257.98,,255.79,,,7562,1939671.78,359,F1,1,,,,,
2025-08-28,2025-08-28,CM,NSE,STK,6606,INF740KA1QK2,EQUAL50ADD,EQ,,,,,DSPAMC - DSPNEWETF,325.28,325.3,322.43,323.1,323.0,325.28,,323.18,,,4426,1434369.56,135,F1,1,,,,,
2025-08-28,2025-08-28,CM,NSE,STK,17616,INF740KA1SY9,PSUBANKADD,EQ,,,,,DSPAMC - DSPPSBKETF,68.51,68.87,68.11,68.36,68.74,69.0,,68.36,,,25934,1778827.2,122,F1,1,,,,,
2025-08-28,2025-08-28,CM,NSE,STK,17576,INF740KA1TA7,PVTBANKADD,EQ,,,,,DSPAMC - DSPPVBKETF,26.85,26.85,26.4,26.46,26.45,26.73,,26.48,,,73985,1962692.11,244,F1,1,,,,,
2025-08-28,2025-08-28,CM,NSE,STK,7456,INF740KA1QL0,MIDQ50ADD,EQ,,,,,DSPAMC - DSPQ50ETF,249.07,249.07,243.04,243.38,245.51,247.83,,243.38,,,9142,2234493.6,249,F1,1,,,,,
2025-08-28,2025-08-28,CM,NSE,STK,17613,INF740KA1SZ6,SENSEXADD,EQ,,,,,DSPAMC - DSPSENXETF,83.11,83.11,81.83,81.9,81.83,82.7,,81.9,,,1959,160981.63,37,F1,1,,,,,
2025-08-28,2025-08-28,CM,NSE,STK,10761,INF740KA1RE3,SILVERADD,EQ,,,,,DSPAMC - DSPSILVETF,113.27,113.56,112.72,113.42,113.47,112.31,,113.42,,,210045,23814591.86,383,F1,1,,,,,
2025-08-28,2025-08-28,CM,NSE,STK,22592,INF740KA1UF4,HEALTHADD,EQ,,,,,DSPAMC - HEALTHADD,145.13,145.46,144.9,145.15,145.0,146.05,,145.15,,,641,92994.65,31,F1,1,,,,,
2025-08-28,2025-08-28,CM,NSE,STK,23407,INF740KA1UM0,LIQUIDADD,EQ,,,,,DSPAMC - LIQUIDADD,1091.98,1092.53,1088.09,1088.09,1088.11,1087.95,,1088.09,,,708841,771291172.86,518,F1,1,,,,,
2025-08-28,2025-08-28,CM,NSE,STK,29464,INF740KA1VE5,NEXT30ADD,EQ,,,,,DSPAMC - NEXT30ADD,39.32,39.32,38.04,38.17,38.2,38.61,,38.17,,,131622,5066962.86,88,F1,1,,,,,
2025-08-28,2025-08-28,CM,NSE,STK,25171,INF740KA1UR9,TOP10ADD,EQ,,,,,DSPAMC - TOP10ADD,94.54,94.74,93.8,93.92,94.74,94.65,,93.94,,,684753,64520846.54,944,F1,1,,,,,
2025-08-28,2025-08-28,CM,NSE,STK,13766,INE0LZO01015,DUCOL,SM,,,,,DUCOL ORGS AND COLOURS LT,144.0,147.0,144.0,145.0,145.0,144.0,,145.0,,,9600,1394400.0,11,F1,800,,,,,
2025-08-28,2025-08-28,CM,NSE,STK,28952,INE741L01018,DUCON,EQ,,,,,DUCON INFRATECHNOLOGIES L,5.52,5.63,5.35,5.37,5.37,5.52,,5.37,,,231944,1265690.93,807,F1,1,,,,,
2025-08-28,2025-08-28,CM,NSE,STK,5457,INE0HPK01020,DUGLOBAL,SM,,,,,DUDIGITAL GLOBAL LIMITED,42.8,46.0,42.5,46.0,46.0,46.0,,46.0,,,22500,991250.0,9,F1,2500,,,,,
2025-08-28,2025-08-28,CM,NSE,STK,24164,INE0OUW01013,DURLAX,SM,,,,,DURLAX TOP SURFACE LTD,40.0,40.0,39.25,39.95,39.95,40.0,,39.95,,,14000,558200.0,5,F1,2000,,,,,
2025-08-28,2025-08-28,CM,NSE,STK,11667,INE366A01041,DWARKESH,EQ,,,,,DWARIKESH SUGAR IND LTD,39.5,40.1,39.1,39.63,39.5,39.55,,39.63,,,251446,9964299.41,1904,F1,1,,,,,
2025-08-28,2025-08-28,CM,NSE,STK,25690,INE417B01040,DSSL,EQ,,,,,DYNACONS SYS & SOLN LTD,988.4,1004.0,980.0,996.0,992.1,987.2,,995.95,,,15792,15691477.15,2306,F1,1,,,,,
2025-08-28,2025-08-28,CM,NSE,STK,4525,INE221B01012,DYNAMATECH,EQ,,,,,DYNAMATIC TECHNOLOGIES,6549.0,6549.0,6400.0,6418.5,6415.0,6483.5,,6418.0,,,3361,21609168.5,1007,F1,1,,,,,
2025-08-28,2025-08-28,CM,NSE,STK,10417,INE600Y01019,DYCL,EQ,,,,,DYNAMIC CABLES LIMITED,435.0,441.95,425.15,426.95,426.3,438.35,,427.0,,,172074,74195558.7,9405,F1,1,,,,,
2025-08-28,2025-08-28,CM,NSE,STK,6079,INE0DZ701010,DYNAMIC,SM,,,,,DYNAMIC SRVCS & SEC LTD,129.0,134.5,123.25,125.5,126.8,128.9,,125.5,,,32000,4155350.0,53,F1,500,,,,,
2025-08-28,2025-08-28,CM,NSE,STK,21314,INE256H01015,DYNPRO,EQ,,,,,DYNEMIC PRODUCTS LIMITED,386.55,403.0,376.3,391.0,385.55,391.55,,391.0,,,74966,29320943.45,4579,F1,1,,,,,
2025-08-28,2025-08-28,CM,NSE,STK,19278,INE0KFF01017,EFACTOR,ST,,,,,E FACTOR EXPERIENCES LTD,210.05,215.0,209.95,215.0,215.0,221.0,,215.0,,,2400,508000.0,3,F1,800,,,,,
2025-08-28,2025-08-28,CM,NSE,STK,8937,INE255Z01019,E2E,EQ,,,,,E2E NETWORKS LIMITED,2474.7,2474.7,2295.0,2352.8,2363.0,2360.6,,2352.8,,,108389,259300125.1,10403,F1,1,,,,,
2025-08-28,2025-08-28,CM,NSE,STK,2792,INE07O001026,EASEMYTRIP,EQ,,,,,EASY TRIP PLANNERS LTD,8.42,8.64,8.35,8.48,8.52,8.4,,8.48,,,22801188,193750055.91,21304,F1,1,,,,,
2025-08-28,2025-08-28,CM,NSE,STK,15179,INE738I01010,ECLERX,EQ,,,,,ECLERX SERVICES LTD,4440.4,4440.4,4219.0,4245.1,4239.0,4454.9,,4245.1,,,179000,766123632.6,25289,F1,1,,,,,
2025-08-28,2025-08-28,CM,NSE,STK,25060,INE06HJ01020,ECOSMOBLTY,EQ,,,,,ECOS (INDIA) MOB & HOSP L,289.4,289.4,276.0,279.0,277.4,285.1,,279.0,,,39495,11093858.75,2249,F1,1,,,,,
2025-08-28,2025-08-28,CM,NSE,STK,7196,INF754K01OB1,BBETF0432,EQ,,,,,EDELAMC - BBETF0432,1283.0,1285.39,1276.66,1283.6,1285.39,1280.77,,1283.6,,,982,1259762.41,44,F1,1,,,,,
2025-08-28,2025-08-28,CM,NSE,STK,25258,INF754K01TE4,EBANKNIFTY,EQ,,,,,EDELAMC - EBANKNIFTY,54.79,54.86,54.02,54.29,54.37,55.01,,54.29,,,2950,160642.62,38,F1,1,,,,,
2025-08-28,2025-08-28,CM,NSE,STK,16253,INF754K01KO2,EBBETF0430,EQ,,,,,EDELAMC - EBBETF0430,1536.79,1536.79,1525.1,1526.6,1526.01,1529.14,,1526.6,,,8108,12381087.09,632,F1,1,,,,,
2025-08-28,2025-08-28,CM,NSE,STK,22239,INF754K01LE1,EBBETF0431,EQ,,,,,EDELAMC - EBBETF0431,1369.33,1369.38,1363.88,1364.14,1364.0,1365.33,,1364.08,,,5051,6893065.58,141,F1,1,,,,,
2025-08-28,2025-08-28,CM,NSE,STK,13139,INF754K01QX0,EBBETF0433,EQ,,,,,EDELAMC - EBBETF0433,1247.71,1249.99,1245.0,1249.12,1249.89,1248.19,,1248.28,,,2005,2503182.82,76,F1,1,,,,,
2025-08-28,2025-08-28,CM,NSE,STK,29019,INF754K01TX4,ECAPINSURE,EQ,,,,,EDELAMC - ECAPINSURE,23.7,23.7,22.6,22.69,22.83,23.01,,22.69,,,304418,6956071.28,461,F1,1,,,,,
2025-08-28,2025-08-28,CM,NSE,STK,19933,INF754K01SE6,EGOLD,EQ,,,,,EDELAMC - EGOLD,102.15,102.15,101.2,102.0,101.8,101.45,,102.0,,,143374,14621346.95,162,F1,1,,,,,
2025-08-28,2025-08-28,CM,NSE,STK,25996,INF754K01TF1,EMULTIMQ,EQ,,,,,EDELAMC - EMULTIMQ,40.97,40.97,40.3,40.35,40.51,40.86,,40.35,,,47259,1913683.06,487,F1,1,,,,,
2025-08-28,2025-08-28,CM,NSE,STK,20257,INF754K01SF3,ESILVER,EQ,,,,,EDELAMC - ESILVER,116.79,117.98,116.79,117.8,117.4,116.79,,117.8,,,250288,29480554.25,131,F1,1,,,,,
2025-08-28,2025-08-28,CM,NSE,STK,15119,INE532F01054,EDELWEISS,EQ,,,,,EDELWEISS FIN SERV LTD,112.0,114.95,106.55,110.66,111.05,107.92,,110.66,,,31306464,3476176725.24,140384,F1,1,,,,,
2025-08-28,2025-08-28,CM,NSE,STK,758675,INE886D01026,EFCIL,EQ,,,,,EFC (I) LIMITED,334.45,340.0,325.85,332.2,334.0,334.45,,332.25,,,154408,51244652.8,8158,F1,1,,,,,
2025-08-28,2025-08-28,CM,NSE,STK,24438,INE0U9101019,EFFWA,ST,,,,,EFFWA INFRA & RESEARCH L,227.95,227.95,221.0,221.9,221.0,228.0,,221.9,,,6800,1511920.0,11,F1,400,,,,,
2025-08-28,2025-08-28,CM,NSE,STK,910,INE066A01021,EICHERMOT,EQ,,,,,EICHER MOTORS LTD,6269.5,6269.5,6121.0,6133.0,6140.0,6151.0,,6133.0,,,719052,4441185948.5,82711,F1,1,,,,,
2025-08-28,2025-08-28,CM,NSE,STK,916,INE126A01031,EIDPARRY,EQ,,,,,EID PARRY INDIA LTD,1110.0,1133.9,1101.6,1128.4,1115.0,1131.2,,1128.4,,,148156,166590324.0,15398,F1,1,,,,,
2025-08-28,2025-08-28,CM,NSE,STK,15399,INE276C01014,EIHAHOTELS,EQ,,,,,EIH ASSOCIATED HOTELS LTD,386.5,388.85,376.1,377.85,379.9,386.5,,377.9,,,22038,8434767.4,2014,F1,1,,,,,
2025-08-28,2025-08-28,CM,NSE,STK,919,INE230A01023,EIHOTEL,EQ,,,,,EIH LIMITED,405.0,409.4,400.8,401.95,401.5,405.45,,402.0,,,453197,183406828.45,19163,F1,1,,,,,
2025-08-28,2025-08-28,CM,NSE,STK,4040,INE158B01016,EIMCOELECO,EQ,,,,,EIMCO ELECON (INDIA) LTD,2188.0,2269.1,2170.9,2219.4,2249.9,2203.3,,2219.2,,,7355,16389229.3,1341,F1,1,,,,,
2025-08-28,2025-08-28,CM,NSE,STK,8953,INE668G01021,ELDEHSG,EQ,,,,,ELDECO HSG & IND LTD.,736.75,738.6,720.0,724.4,720.0,725.25,,724.4,,,1051,762495.15,71,F1,1,,,,,
2025-08-28,2025-08-28,CM,NSE,STK,13643,INE205B01031,ELECON,EQ,,,,,ELECON ENG. CO. LTD,555.6,557.45,536.0,538.65,540.0,555.55,,538.65,,,270327,146747501.25,18013,F1,1,,,,,
2025-08-28,2025-08-28,CM,NSE,STK,20899,INE0Q1W01012,EFORCE,SM,,,,,ELECTRO FORCE (INDIA) LTD,40.2,40.5,40.1,40.5,40.5,40.2,,40.5,,,4800,193500.0,4,F1,1200,,,,,
2025-08-28,2025-08-28,CM,NSE,STK,11530,INE02YR01019,EMIL,EQ,,,,,ELECTRONICS MART IND LTD,126.5,127.83,123.2,124.52,124.99,127.92,,124.52,,,418939,52540425.41,9637,F1,1,,,,,
2025-08-28,2025-08-28,CM,NSE,STK,928,INE086A01029,ELECTCAST,EQ,,,,,ELECTROSTEEL CASTINGS LTD,98.81,100.01,97.3,98.47,98.16,98.81,,98.46,,,1005996,99096957.34,14105,F1,1,,,,,
2025-08-28,2025-08-28,CM,NSE,STK,4469,INE822G01016,ELECTHERM,EQ,,,,,ELECTROTHERM (I) LTD.,860.9,904.75,834.5,876.15,872.5,861.7,,875.85,,,45478,39814059.75,3599,F1,1,,,,,
2025-08-28,2025-08-28,CM,NSE,STK,29595,INE0R9101015,ELGNZ,SM,,,,,ELEGANZ INTERIORS LIMITED,138.05,138.05,130.1,135.8,135.8,135.95,,135.8,,,66000,8811550.0,64,F1,1000,,,,,
2025-08-28,2025-08-28,CM,NSE,STK,937,INE285A01027,ELGIEQUIP,EQ,,,,,ELGI EQUIPMENTS LTD,483.0,487.1,475.0,484.6,483.4,483.3,,484.6,,,274877,132214954.15,9536,F1,1,,,,,
2025-08-28,2025-08-28,CM,NSE,STK,24924,INE819L01012,ELGIRUBCO,EQ,,,,,ELGI RUBBER CO. LTD,65.0,75.97,59.3,71.37,72.0,63.31,,71.37,,,1401657,100581522.49,11241,F1,1,,,,,
2025-08-28,2025-08-28,CM,NSE,STK,13423,INE050401020,ELIN,EQ,,,,,ELIN ELECTRONICS LIMITED,179.17,189.7,179.0,182.31,183.99,179.16,,182.29,,,70438,12917152.0,1446,F1,1,,,,,
2025-08-28,2025-08-28,CM,NSE,STK,758563,INE236E01022,ELLEN,EQ,,,,,ELLENBARRIE INDUS GASES L,528.5,533.5,514.1,525.5,517.5,529.8,,525.1,,,581901,303764418.4,26851,F1,1,,,,,
2025-08-28,2025-08-28,CM,NSE,STK,29229,INE0ZOL01023,EMAPARTNER,SM,,,,,EMA PARTNERS INDIA LTD,101.0,101.0,100.5,100.5,100.5,101.2,,100.5,,,4000,403450.0,4,F1,1000,,,,,
2025-08-28,2025-08-28,CM,NSE,STK,13517,INE548C01032,EMAMILTD,EQ,,,,,EMAMI LIMITED,575.0,578.25,559.4,567.45,567.0,572.75,,567.45,,,622176,352840435.7,37188,F1,1,,,,,
2025-08-28,2025-08-28,CM,NSE,STK,10074,INE830C01026,EMAMIPAP,EQ,,,,,EMAMI PAPER MILLS LIMITED,109.03,110.79,103.24,104.07,104.0,108.51,,103.96,,,130142,13867728.49,3685,F1,1,,,,,
2025-08-28,2025-08-28,CM,NSE,STK,19277,INE778K01012,EMAMIREAL,EQ,,,,,EMAMI REALTY LIMITED,115.02,119.0,114.08,115.51,115.0,120.09,,115.49,,,43628,5050692.52,2644,F1,1,,,,,
2025-08-28,2025-08-28,CM,NSE,STK,14450,INE069I01010,EMBDL,EQ,,,,,EMBASSY DEVELOPMENTS LTD,96.9,98.58,94.42,94.83,94.75,96.17,,94.83,,,3425296,328589684.34,19650,F1,1,,,,,
2025-08-28,2025-08-28,CM,NSE,STK,9383,INE041025011,EMBASSY,RR,,,,,EMBASSY OFFICE PARKS REIT,380.81,385.88,378.47,381.21,381.15,380.81,,381.21,,,1518701,577385622.79,21315,F1,1,,,,,
2025-08-28,2025-08-28,CM,NSE,STK,24398,INE168P01015,EMCURE,EQ,,,,,EMCURE PHARMACEUTICALS L,1458.9,1465.6,1415.1,1431.8,1431.0,1468.6,,1431.7,,,153308,219493622.6,12656,F1,1,,,,,
2025-08-28,2025-08-28,CM,NSE,STK,27629,INE0RHD01013,ETML,SM,,,,,EMERALD TYRE MANUF LTD,141.0,152.55,141.0,144.25,143.3,139.65,,144.25,,,123600,18441780.0,58,F1,1200,,,,,
2025-08-28,2025-08-28,CM,NSE,STK,13421,INE296H01011,EMKAY,EQ,,,,,EMKAY GLOBAL FIN SERV LTD,213.61,241.0,209.0,222.75,219.2,212.13,,222.52,,,45901,10530690.4,1562,F1,1,,,,,
2025-08-28,2025-08-28,CM,NSE,STK,10254,INE332S01011,EMKAYTOOLS,ST,,,,,EMKAY TAP & CUT. TOOL LTD,180.0,183.0,175.0,175.85,176.0,178.2,,175.85,,,4800,851302.5,28,F1,150,,,,,
2025-08-28,2025-08-28,CM,NSE,STK,758591,INE0PXC01024,ETL,SM,,,,,EMKAY TOOLS LIMITED,1000.0,1000.0,970.0,975.0,970.0,980.0,,975.0,,,750,738750.0,5,F1,150,,,,,
2025-08-28,2025-08-28,CM,NSE,STK,18142,INE753K01015,EMMBI,EQ,,,,,EMMBI INDUSTRIES LIMITED,99.2,111.16,97.3,100.65,100.05,99.77,,100.68,,,143991,15312621.86,4364,F1,1,,,,,
2025-08-28,2025-08-28,CM,NSE,STK,18593,INE0OV601013,EMSLIMITED,EQ,,,,,EMS LIMITED,543.55,546.0,530.0,532.0,533.0,546.25,,532.0,,,170446,91504810.25,10545,F1,1,,,,,
2025-08-28,2025-08-28,CM,NSE,STK,9756,INE01QM01018,EMUDHRA,EQ,,,,,EMUDHRA LIMITED,735.9,739.95,723.55,725.95,724.5,733.55,,725.95,,,41734,30476285.2,4823,F1,1,,,,,
2025-08-28,2025-08-28,CM,NSE,STK,18822,INE913H01037,ENDURANCE,EQ,,,,,ENDURANCE TECHNO. LTD.,2764.9,2936.0,2764.9,2859.7,2858.8,2807.0,,2859.7,,,288706,830991548.5,38640,F1,1,,,,,
2025-08-28,2025-08-28,CM,NSE,STK,15053,INE306C01019,ENERGYDEV,BE,,,,,ENERGY DEVE. CO.LTD,20.0,20.4,19.11,19.51,20.1,20.03,,19.57,,,23697,467029.26,179,F1,1,,,,,
2025-08-28,2025-08-28,CM,NSE,STK,23745,INE0S1L01013,EMMIL,SM,,,,,ENERGY MISSION MACH IND L,187.0,187.0,181.0,183.85,184.0,187.0,,183.85,,,10750,1983675.0,24,F1,250,,,,,
2025-08-28,2025-08-28,CM,NSE,STK,23224,INE0S3X01014,ENFUSE,SM,,,,,ENFUSE SOLUTIONS LIMITED,262.1,262.1,248.0,250.25,252.5,262.4,,250.25,,,5400,1377840.0,9,F1,600,,,,,
2025-08-28,2025-08-28,CM,NSE,STK,4907,INE510A01028,ENGINERSIN,EQ,,,,,ENGINEERS INDIA LTD,195.97,201.4,192.74,200.27,200.9,195.68,,200.26,,,4264872,849060270.05,53438,F1,1,,,,,
2025-08-28,2025-08-28,CM,NSE,STK,23233,INE0R9I01021,ENSER,ST,,,,,ENSER COMMUNICATIONS LTD,22.55,22.55,22.5,22.5,22.5,22.15,,22.5,,,70000,1578000.0,5,F1,5000,,,,,
2025-08-28,2025-08-28,CM,NSE,STK,22717,INE010601016,ENTERO,EQ,,,,,ENTERO HEALTHCARE SOLU L,1220.0,1229.6,1195.0,1198.2,1196.7,1210.4,,1198.2,,,48808,58622100.2,7964,F1,1,,,,,
2025-08-28,2025-08-28,CM,NSE,STK,13192,INE265F01028,ENIL,EQ,,,,,ENTERTAIN NET. IND. LTD.,172.0,174.58,166.21,167.15,166.25,170.99,,166.88,,,38960,6649614.56,1400,F1,1,,,,,
2025-08-28,2025-08-28,CM,NSE,STK,27213,INE0LLY01014,EIEL,EQ,,,,,ENVIRO INFRA ENGINEERS L,253.15,254.0,248.55,251.2,252.9,255.75,,251.2,,,1065355,268108061.8,19530,F1,1,,,,,
2025-08-28,2025-08-28,CM,NSE,STK,25412,INE0SUH01015,ENVIRO,SM,,,,,ENVIROTECH SYSTEMS LTD,135.0,146.95,134.4,146.9,146.95,140.15,,146.9,,,19000,2719200.0,16,F1,1000,,,,,
2025-08-28,2025-08-28,CM,NSE,STK,22463,INE0G5901015,EPACK,EQ,,,,,EPACK DURABLE LIMITED,380.4,385.95,373.0,375.7,377.8,384.35,,375.65,,,353884,134293049.2,12106,F1,1,,,,,
2025-08-28,2025-08-28,CM,NSE,STK,5382,INE071N01016,EPIGRAL,EQ,,,,,EPIGRAL LIMITED,1772.0,1838.4,1772.0,1818.6,1817.0,1791.1,,1818.6,,,34670,62765586.9,3912,F1,1,,,,,
2025-08-28,2025-08-28,CM,NSE,STK,981,INE255A01020,EPL,EQ,,,,,EPL LIMITED,232.0,235.1,223.32,224.43,224.65,232.01,,224.44,,,504612,114951000.88,18907,F1,1,,,,,
2025-08-28,2025-08-28,CM,NSE,STK,758346,INE11HF01010,EEPL,SM,,,,,EPPELTONE ENGINEERS LTD,202.0,204.0,197.05,198.0,197.05,199.9,,198.0,,,42000,8490650.0,21,F1,1000,,,,,
2025-08-28,2025-08-28,CM,NSE,STK,3553,INE217G01035,EQUIPPP,BE,,,,,EQUIPPP SOC IMP TECH LTD,18.3,18.7,18.01,18.65,18.65,18.3,,18.65,,,139,2553.13,7,F1,1,,,,,
2025-08-28,2025-08-28,CM,NSE,STK,913,INE063P01018,EQUITASBNK,EQ,,,,,EQUITAS SMALL FIN BNK LTD,52.05,52.49,50.7,50.87,50.95,52.24,,50.87,,,6275849,322268787.99,34428,F1,1,,,,,
2025-08-28,2025-08-28,CM,NSE,STK,21154,INE406M01024,ERIS,EQ,,,,,ERIS LIFESCIENCES LIMITED,1808.0,1812.7,1764.9,1792.5,1770.0,1801.7,,1792.4,,,35980,64779267.4,6431,F1,1,,,,,
2025-08-28,2025-08-28,CM,NSE,STK,955,INE284A01012,ESABINDIA,EQ,,,,,ESAB INDIA LTD,5330.0,5398.0,5204.0,5231.0,5220.0,5352.5,,5231.0,,,2547,13496405.0,627,F1,1,,,,,
2025-08-28,2025-08-28,CM,NSE,STK,19878,INE818W01011,ESAFSFB,EQ,,,,,ESAF SMALL FINANCE BANK L,28.77,29.0,28.24,28.41,28.46,28.77,,28.41,,,187842,5367089.23,1936,F1,1,,,,,
2025-08-28,2025-08-28,CM,NSE,STK,22767,INE0RQZ01017,ESCONET,ST,,,,,ESCONET TECHNOLOGIES LTD,178.15,187.8,178.15,180.1,180.1,182.4,,180.1,,,14000,2560300.0,27,F1,400,,,,,
2025-08-28,2025-08-28,CM,NSE,STK,958,INE042A01014,ESCORTS,EQ,,,,,ESCORTS KUBOTA LIMITED,3551.1,3554.2,3460.4,3475.2,3471.0,3551.2,,3475.2,,,32660,114912217.3,7075,F1,1,,,,,
2025-08-28,2025-08-28,CM,NSE,STK,24678,INE0SBP01018,ESPRIT,SM,,,,,ESPRIT STONES LIMITED,98.75,98.75,92.05,93.25,94.25,93.7,,93.25,,,22400,2113520.0,13,F1,1600,,,,,
2025-08-28,2025-08-28,CM,NSE,STK,25634,INE122M01019,ESSARSHPNG,EQ,,,,,ESSAR SHIPPING LTD,23.95,24.2,23.5,23.7,23.84,23.72,,23.7,,,116483,2778499.69,752,F1,1,,,,,
2025-08-28,2025-08-28,CM,NSE,STK,17084,INE0ITO01014,ESFL,SM,,,,,ESSEN SPECIALITY FILMS L,391.0,397.3,380.1,384.25,383.0,397.15,,384.25,,,41040,15891066.0,106,F1,360,,,,,
2025-08-28,2025-08-28,CM,NSE,STK,24265,INE778B01029,ESTER,EQ,,,,,ESTER INDUSTRIES LTD,107.29,118.0,105.23,111.09,110.68,107.29,,111.09,,,1060604,120060061.17,14011,F1,1,,,,,
2025-08-28,2025-08-28,CM,NSE,STK,5097,INE758T01015,ETERNAL,EQ,,,,,ETERNAL LIMITED,321.2,323.1,313.25,315.5,315.95,317.9,,315.5,,,44020764,13986485895.3,257665,F1,1,,,,,
2025-08-28,2025-08-28,CM,NSE,STK,9750,INE04TZ01018,ETHOSLTD,EQ,,,,,ETHOS LIMITED,2370.0,2398.9,2290.0,2299.7,2290.0,2390.3,,2299.7,,,87843,203762393.0,10480,F1,1,,,,,
2025-08-28,2025-08-28,CM,NSE,STK,25162,INE0KCE01017,EUREKAFORB,EQ,,,,,EUREKA FORBES LIMITED,580.95,580.95,559.45,564.9,561.5,575.05,,564.85,,,172693,97602368.4,13778,F1,1,,,,,
2025-08-28,2025-08-28,CM,NSE,STK,6042,INE546V01010,EIFFL,BE,,,,,EURO (I) FRESH FOODS LTD,236.35,237.4,236.0,237.0,237.0,238.1,,237.0,,,10014,2369898.6,57,F1,1,,,,,
2025-08-28,2025-08-28,CM,NSE,STK,757953,INE505V01016,EUROBOND,EQ,,,,,EURO PANEL PRODUCTS LTD,240.0,240.0,222.35,224.19,226.5,229.04,,224.26,,,24441,5562497.64,1753,F1,1,,,,,
2025-08-28,2025-08-28,CM,NSE,STK,999,INE022C01012,EUROTEXIND,EQ,,,,,EUROTEX INDUSTRIES LTD,14.02,16.0,14.02,14.82,14.76,15.52,,14.83,,,9903,149271.97,106,F1,1,,,,,
2025-08-28,2025-08-28,CM,NSE,STK,11782,INE128A01029,EVEREADY,EQ,,,,,EVEREADY INDS. IND.  LTD.,415.9,424.5,407.1,421.1,418.3,417.65,,421.05,,,144331,60363483.45,8748,F1,1,,,,,
2025-08-28,2025-08-28,CM,NSE,STK,993,INE295A01018,EVERESTIND,EQ,,,,,EVEREST INDUSTRIES LTD,621.0,627.0,606.4,622.05,613.0,620.3,,621.7,,,6114,3771128.2,632,F1,1,,,,,
2025-08-28,2025-08-28,CM,NSE,STK,13091,INE184H01027,EKC,EQ,,,,,EVEREST KANTO CYLINDERLTD,135.8,138.7,133.94,136.41,136.49,135.89,,136.41,,,377998,51693464.94,6507,F1,1,,,,,
2025-08-28,2025-08-28,CM,NSE,STK,11471,INE369A01029,EXCELINDUS,EQ,,,,,EXCEL INDUSTRIES LTD,1216.0,1261.0,1211.1,1224.0,1223.0,1223.8,,1224.1,,,7331,9059187.9,1820,F1,1,,,,,
2025-08-28,2025-08-28,CM,NSE,STK,17380,INE688J01023,EXCEL,BE,,,,,EXCEL REALTY N INFRA LTD,1.38,1.38,1.38,1.38,1.38,1.36,,1.39,,,1120748,1546632.24,343,F1,1,,,,,
2025-08-28,2025-08-28,CM,NSE,STK,25324,INE0Y4801011,EXCELLENT,SM,,,,,EXCELLENT WIRES N PACK L,46.55,46.55,46.35,46.35,46.35,46.55,,46.35,,,4800,223120.0,3,F1,1600,,,,,
2025-08-28,2025-08-28,CM,NSE,STK,22947,INE777F01014,EXICOM,EQ,,,,,EXICOM TELE SYSTEMS LTD,143.29,146.4,142.41,143.35,143.99,143.06,,143.35,,,230396,33225637.75,6800,F1,1,,,,,
2025-08-28,2025-08-28,CM,NSE,STK,676,INE302A01020,EXIDEIND,EQ,,,,,EXIDE INDUSTRIES LTD,396.5,397.9,391.0,394.0,395.15,396.8,,394.0,,,2404867,948586191.85,25886,F1,1,,,,,
2025-08-28,2025-08-28,CM,NSE,STK,17486,INE201K01015,EXPLEOSOL,EQ,,,,,EXPLEO SOLUTIONS LIMITED,1044.5,1044.5,1016.5,1024.2,1020.0,1043.6,,1024.1,,,3879,3991617.0,663,F1,1,,,,,
2025-08-28,2025-08-28,CM,NSE,STK,5353,INE0GFE01026,EXXARO,BE,,,,,EXXARO TILES LIMITED,7.61,7.9,7.57,7.62,7.75,7.61,,7.64,,,2329154,18161874.2,333,F1,1,,,,,
2025-08-28,2025-08-28,CM,NSE,STK,1008,INE188A01015,FACT,EQ,,,,,FACT LTD,964.05,964.05,922.0,925.35,925.0,965.7,,925.35,,,301155,282693762.1,22244,F1,1,,,,,
2025-08-28,2025-08-28,CM,NSE,STK,1614,INE0DNW01011,FAIRCHEMOR,EQ,,,,,FAIRCHEM ORGANICS LIMITED,796.7,807.0,788.0,790.8,791.0,796.7,,790.8,,,6020,4777667.7,2145,F1,1,,,,,
2025-08-28,2025-08-28,CM,NSE,STK,24153,INE0PQK01013,FALCONTECH,ST,,,,,FALCON TECHNOPROJ IND LTD,17.0,17.05,17.0,17.05,17.05,17.05,,17.05,,,2400,40860.0,2,F1,1200,,,,,
2025-08-28,2025-08-28,CM,NSE,STK,12000,INE963C01033,FAZE3Q,EQ,,,,,FAZE THREE LIMITED,438.35,447.95,424.35,437.8,441.0,438.35,,437.8,,,66221,28937271.4,3996,F1,1,,,,,
2025-08-28,2025-08-28,CM,NSE,STK,11999,INE512B01022,FCSSOFT,EQ,,,,,FCS SOFTWARE SOLN. LTD.,2.43,2.45,2.4,2.41,2.41,2.44,,2.41,,,1574601,3808344.63,1882,F1,1,,,,,
2025-08-28,2025-08-28,CM,NSE,STK,4898,INE258B01022,FDC,EQ,,,,,FDC LIMITED,461.35,468.55,455.7,460.6,465.0,462.3,,460.55,,,114498,53020231.45,7700,F1,1,,,,,
2025-08-28,2025-08-28,CM,NSE,STK,20322,INE007N01010,FEDFINA,EQ,,,,,FEDBANK FINANCIAL SER L,138.4,138.4,133.31,134.92,134.71,137.3,,134.92,,,966004,130137833.95,12179,F1,1,,,,,
2025-08-28,2025-08-28,CM,NSE,STK,1023,INE171A01029,FEDERALBNK,EQ,,,,,FEDERAL BANK LTD,191.5,192.68,190.5,191.76,192.37,192.46,,191.76,,,7746254,1485602330.91,68772,F1,1,,,,,
2025-08-28,2025-08-28,CM,NSE,STK,1190,INE529A01010,FMGOETZE,EQ,,,,,FEDERAL-MOGUL GOETZE (IND,520.4,527.0,517.25,521.65,521.45,521.35,,521.6,,,23286,12171934.45,2687,F1,1,,,,,
2025-08-28,2025-08-28,CM,NSE,STK,573,INE901X01013,FELIX,SM,,,,,FELIX INDUSTRIES LTD.,172.0,175.45,172.0,173.8,173.95,173.1,,173.8,,,20000,3459675.0,30,F1,500,,,,,
2025-08-28,2025-08-28,CM,NSE,STK,8159,INE296C01020,FIBERWEB,EQ,,,,,FIBERWEB INDIA LIMITED,48.67,48.67,43.2,44.1,44.25,48.05,,44.03,,,217086,9834724.22,2874,F1,1,,,,,
2025-08-28,2025-08-28,CM,NSE,STK,9861,INE0LQQ01019,FIDEL,ST,,,,,FIDEL SOFTECH LIMITED,164.55,170.0,164.55,165.1,165.1,173.2,,165.1,,,12000,1986700.0,12,F1,1000,,,,,
2025-08-28,2025-08-28,CM,NSE,STK,13710,INE737H01014,FIEMIND,EQ,,,,,FIEM INDUSTRIES LIMITED,2050.0,2200.0,2044.0,2100.5,2099.2,2041.2,,2100.3,,,387794,826765281.2,45886,F1,1,,,,,
2025-08-28,2025-08-28,CM,NSE,STK,23647,INE185E01021,FILATFASH,EQ,,,,,FILATEX FASHIONS LIMITED,0.54,0.54,0.52,0.53,0.52,0.53,,0.53,,,23636569,12528145.17,3654,F1,1,,,,,
2025-08-28,2025-08-28,CM,NSE,STK,24532,INE816B01035,FILATEX,EQ,,,,,FILATEX INDIA LTD,51.65,52.5,50.98,52.15,52.02,52.11,,52.15,,,729007,37744558.02,6643,F1,1,,,,,
2025-08-28,2025-08-28,CM,NSE,STK,3744,INE686Y01026,FINEORG,EQ,,,,,FINE ORGANIC IND. LTD.,4660.5,4759.5,4636.5,4721.5,4700.5,4660.5,,4721.0,,,11748,55390923.0,3484,F1,1,,,,,
2025-08-28,2025-08-28,CM,NSE,STK,6198,INE045J01026,FCL,EQ,,,,,FINEOTEX CHEMICAL LIMITED,241.0,241.65,236.0,236.8,237.6,241.45,,236.8,,,146349,34878092.75,7474,F1,1,,,,,
2025-08-28,2025-08-28,CM,NSE,STK,6579,INE02NC01014,FINOPB,EQ,,,,,FINO PAYMENTS BANK LTD,265.9,275.7,264.3,271.45,269.5,269.95,,271.45,,,303365,82597197.0,9611,F1,1,,,,,
2025-08-28,2025-08-28,CM,NSE,STK,1038,INE235A01022,FINCABLES,EQ,,,,,FINOLEX CABLES LTD,819.65,828.45,814.8,816.5,817.25,822.05,,816.5,,,157222,128884559.25,11604,F1,1,,,,,
2025-08-28,2025-08-28,CM,NSE,STK,1041,INE183A01024,FINPIPE,EQ,,,,,FINOLEX INDUSTRIES LTD,207.5,208.77,205.0,207.82,208.5,209.13,,207.81,,,422357,87639305.09,12440,F1,1,,,,,
2025-08-28,2025-08-28,CM,NSE,STK,14304,INE684F01012,FSL,EQ,,,,,FIRSTSOURCE SOLU. LTD.,356.55,356.55,344.5,346.75,346.55,353.95,,346.75,,,608453,213324972.2,22948,F1,1,,,,,
2025-08-28,2025-08-28,CM,NSE,STK,757658,INE771F01025,FISCHER,EQ,,,,,FISCHER MEDICAL VENTURE L,1056.0,1075.25,1030.0,1047.1,1033.5,1061.5,,1046.9,,,42201,44622165.6,1980,F1,1,,,,,
2025-08-28,2025-08-28,CM,NSE,STK,12032,INE128S01021,FIVESTAR,EQ,,,,,FIVE-STAR BUS FIN LTD,564.8,564.8,550.1,552.75,553.5,562.7,,552.75,,,699469,387272749.7,32945,F1,1,,,,,
2025-08-28,2025-08-28,CM,NSE,STK,20372,INE00Y201027,FLAIR,EQ,,,,,FLAIR WRITING INDUST LTD,304.8,312.65,300.0,310.1,310.0,307.05,,310.1,,,80547,24775666.5,2049,F1,1,,,,,
2025-08-28,2025-08-28,CM,NSE,STK,25512,INE060J01017,FLEXITUFF,EQ,,,,,FLEXITUFF VENTURES INT L,24.09,24.43,23.42,24.43,24.43,23.27,,24.55,,,12919,314278.32,71,F1,1,,,,,
2025-08-28,2025-08-28,CM,NSE,STK,758208,INE0VCK01011,FLYSBS,SM,,,,,FLYSBS AVIATION LIMITED,707.0,720.0,663.0,680.45,679.9,694.8,,680.45,,,254400,175692420.0,383,F1,600,,,,,
2025-08-28,2025-08-28,CM,NSE,STK,6839,INE593W01028,FOCUS,BE,,,,,FOCUS LIGHTG & FIXTRS LTD,95.8,97.0,94.05,95.04,95.0,95.56,,95.04,,,19813,1892366.19,173,F1,1,,,,,
2025-08-28,2025-08-28,CM,NSE,STK,22517,INE0Q4701019,FONEBOX,SM,,,,,FONEBOX RETAIL LIMITED,68.85,82.0,68.85,82.0,82.0,82.6,,82.0,,,2000,150850.0,2,F1,1000,,,,,
2025-08-28,2025-08-28,CM,NSE,STK,6691,INE976E01023,FOODSIN,BE,,,,,FOODS & INNS LIMITED,88.2,88.8,86.2,87.78,88.0,88.35,,87.83,,,14197,1240991.94,196,F1,1,,,,,
2025-08-28,2025-08-28,CM,NSE,STK,24917,INE0U2501017,FORCAS,ST,,,,,FORCAS STUDIO LIMITED,103.65,103.65,99.6,99.95,102.0,104.8,,99.95,,,24000,2432400.0,15,F1,1600,,,,,
2025-08-28,2025-08-28,CM,NSE,STK,11573,INE451A01017,FORCEMOT,EQ,,,,,FORCE MOTORS LIMITED,19952.0,20044.0,19325.0,19385.0,19418.0,19952.0,,19385.0,,,73517,1442573388.0,21784,F1,1,,,,,
2025-08-28,2025-08-28,CM,NSE,STK,25667,INE0YKW01013,FORGEAUTO,ST,,,,,FORGE AUTO INTERNATION L,119.95,119.95,115.0,115.0,115.0,115.0,,115.0,,,7200,841140.0,5,F1,1200,,,,,
2025-08-28,2025-08-28,CM,NSE,STK,14592,INE061F01013,FORTIS,EQ,,,,,FORTIS HEALTHCARE LTD,922.5,924.8,908.95,911.4,911.7,916.0,,911.4,,,1982246,1810074406.85,89392,F1,1,,,,,
2025-08-28,2025-08-28,CM,NSE,STK,1073,INE519A01011,FOSECOIND,EQ,,,,,FOSECO INDIA LTD,6419.0,6572.5,6328.0,6428.5,6500.0,6488.5,,6429.5,,,26123,168813655.5,4860,F1,1,,,,,
2025-08-28,2025-08-28,CM,NSE,STK,25868,INE0SFW01015,FRESHARA,SM,,,,,FRESHARA AGRO EXPORTS LTD,202.0,202.0,194.1,195.8,195.15,201.85,,195.8,,,15600,3078480.0,13,F1,1200,,,,,
2025-08-28,2025-08-28,CM,NSE,STK,11501,INE385O01018,FROG,SM,,,,,FROG CELLSAT LIMITED,240.0,245.0,234.0,238.45,235.0,237.0,,238.45,,,30400,7315520.0,60,F1,400,,,,,
2025-08-28,2025-08-28,CM,NSE,STK,6545,INE388Y01029,NYKAA,EQ,,,,,FSN E COMMERCE VENTURES,232.8,236.96,228.13,233.84,232.49,231.65,,233.85,,,7414193,1723132900.46,66297,F1,1,,,,,
2025-08-28,2025-08-28,CM,NSE,STK,11932,INE139R01012,FUSION,EQ,,,,,FUSION FINANCE LIMITED,165.85,170.65,164.25,168.83,169.43,168.0,,168.8,,,233356,39217746.5,6292,F1,1,,,,,
2025-08-28,2025-08-28,CM,NSE,STK,756833,IN9139R01028,FUSIONPP,E1,,,,,FUSION RS.5 PPD UP,94.99,97.5,94.99,96.94,96.8,98.0,,96.94,,,551,52765.36,18,F1,1,,,,,
2025-08-28,2025-08-28,CM,NSE,STK,13812,INE623B01027,FEL,BZ,,,,,FUTURE ENTERPRISES LTD,0.58,0.59,0.58,0.59,0.59,0.58,,0.6,,,13742,8107.5,17,F1,1,,,,,
2025-08-28,2025-08-28,CM,NSE,STK,30491,IN9623B01058,FELDVR,BZ,,,,,FUTURE ENTERPRISES LTD,3.31,3.49,3.31,3.47,3.48,3.49,,3.48,,,1274,4289.89,12,F1,1,,,,,
2025-08-28,2025-08-28,CM,NSE,STK,21017,INE360L01017,FMNL,EQ,,,,,FUTURE MKT NETWORKS LTD,13.77,13.77,12.49,12.49,12.58,13.15,,12.5,,,85723,1083310.7,358,F1,1,,,,,
2025-08-28,2025-08-28,CM,NSE,STK,1168,INE075D01018,GMBREW,EQ,,,,,G M BREWERIES LTD,672.1,680.0,671.8,673.05,672.0,682.35,,673.0,,,11281,7613595.1,1623,F1,1,,,,,
2025-08-28,2025-08-28,CM,NSE,STK,5054,INE201P01022,GRINFRA,EQ,,,,,G R INFRAPROJECTS LIMITED,1279.0,1280.0,1254.1,1262.4,1266.9,1260.9,,1262.4,,,22760,28879781.0,3315,F1,1,,,,,
2025-08-28,2025-08-28,CM,NSE,STK,1135,INE586X01012,GTECJAINX,BE,,,,,G-TEC JAINX EDUCATION LTD,23.73,23.73,23.73,23.73,23.73,23.73,,23.73,,,172,4081.56,5,F1,1,,,,,
2025-08-28,2025-08-28,CM,NSE,STK,1085,INE524A01029,GABRIEL,EQ,,,,,GABRIEL INDIA LTD,1121.9,1157.7,1116.4,1133.9,1141.0,1120.5,,1133.3,,,452298,514538244.5,29190,F1,1,,,,,
2025-08-28,2025-08-28,CM,NSE,STK,18018,INE224E01028,GATECH,BE,,,,,GACM TECHNOLOGIES LIMITED,0.54,0.54,0.52,0.54,0.54,0.52,,0.54,,,5969428,3201263.95,1994,F1,1,,,,,
2025-08-28,2025-08-28,CM,NSE,STK,27,INE224E01036,GATECHDVR,BE,,,,,GACM TECHNOLOGIES LIMITED,0.5,0.51,0.48,0.49,0.5,0.49,,0.49,,,755603,372974.99,426,F1,1,,,,,
2025-08-28,2025-08-28,CM,NSE,STK,4717,INE129A01019,GAIL,EQ,,,,,GAIL (INDIA) LTD,171.64,172.4,169.56,171.22,171.5,171.64,,171.22,,,8495627,1456337021.54,51678,F1,1,,,,,
2025-08-28,2025-08-28,CM,NSE,STK,25134,INE0RE001014,GALAPREC,EQ,,,,,GALA PRECISION ENG LTD,828.0,828.0,792.0,809.55,808.0,830.55,,809.55,,,27454,22080542.85,3666,F1,1,,,,,
2025-08-28,2025-08-28,CM,NSE,STK,1315,INE600K01018,GALAXYSURF,EQ,,,,,GALAXY SURFACTANTS LTD,2226.0,2255.4,2214.4,2240.7,2240.0,2237.0,,2240.7,,,12310,27568498.0,3634,F1,1,,,,,
2025-08-28,2025-08-28,CM,NSE,STK,13337,INE297H01019,GALLANTT,EQ,,,,,GALLANTT ISPAT LIMITED,602.0,604.0,576.2,581.45,581.45,602.0,,581.45,,,187196,110441217.0,8557,F1,1,,,,,
2025-08-28,2025-08-28,CM,NSE,STK,20303,INE717W01049,GANDHAR,EQ,,,,,GANDHAR OIL REFINE IND L,151.0,151.0,146.3,147.82,148.0,149.0,,147.89,,,123521,18293249.62,4819,F1,1,,,,,
2025-08-28,2025-08-28,CM,NSE,STK,14116,INE524B01027,GANDHITUBE,EQ,,,,,GANDHI SPL. TUBES LTD,832.0,842.0,817.05,836.15,832.8,832.95,,836.45,,,11739,9764949.9,1862,F1,1,,,,,
2025-08-28,2025-08-28,CM,NSE,STK,5614,INE388A01029,GANESHBE,EQ,,,,,GANESH BENZOPLAST LIMITED,92.94,94.99,92.1,94.46,94.79,92.48,,94.46,,,90153,8450507.86,1236,F1,1,,,,,
2025-08-28,2025-08-28,CM,NSE,STK,24439,INE0R8C01018,GGBL,SM,,,,,GANESH GREEN BHARAT LTD,417.0,427.0,412.0,416.0,417.0,419.55,,416.0,,,41700,17380230.0,96,F1,300,,,,,
2025-08-28,2025-08-28,CM,NSE,STK,14339,INE460C01014,GANESHHOUC,EQ,,,,,GANESH HOUSING CORP LTD,885.7,894.7,860.0,864.6,864.75,885.7,,864.6,,,58916,51412963.25,6690,F1,1,,,,,
2025-08-28,2025-08-28,CM,NSE,STK,27339,INE0TVT01024,GANESHIN,SM,,,,,GANESH INFRAWORLD LIMITED,251.0,253.5,242.1,248.9,248.0,250.15,,248.9,,,135200,33586640.0,129,F1,800,,,,,
2025-08-28,2025-08-28,CM,NSE,STK,6944,INE845D01014,GANECOS,EQ,,,,,GANESHA ECOSPHERE LIMITED,1349.7,1354.2,1323.4,1339.1,1333.1,1339.0,,1339.2,,,20925,27974295.7,4200,F1,1,,,,,
2025-08-28,2025-08-28,CM,NSE,STK,757528,INE0ZI101018,GANGABATH,ST,,,,,GANGA BATH FITTINGS LTD,26.0,26.9,25.9,26.0,26.0,26.0,,26.0,,,24000,634350.0,8,F1,3000,,,,,
2025-08-28,2025-08-28,CM,NSE,STK,4957,INE691Z01023,GANGAFORGE,EQ,,,,,GANGA FORGING LIMITED,3.18,3.19,2.98,3.01,3.03,3.13,,3.01,,,718269,2178272.69,1128,F1,1,,,,,
2025-08-28,2025-08-28,CM,NSE,STK,21399,INE335W01016,GANGESSECU,EQ,,,,,GANGES SECURITIES LIMITED,163.82,168.41,158.3,160.73,161.33,161.82,,160.68,,,1409,226575.51,139,F1,1,,,,,
2025-08-28,2025-08-28,CM,NSE,STK,5475,INE382Z01011,GRSE,EQ,,,,,GARDEN REACH SHIP&ENG LTD,2433.9,2433.9,2329.0,2337.7,2344.5,2424.2,,2337.7,,,575561,1367534780.6,44433,F1,1,,,,,
2025-08-28,2025-08-28,CM,NSE,STK,25800,INE0JVO01026,GARUDA,EQ,,,,,GARUDA CONSTRUCT N ENG L,202.0,213.97,195.89,197.28,198.5,205.87,,197.33,,,2534535,521730948.22,34520,F1,1,,,,,
2025-08-28,2025-08-28,CM,NSE,STK,7982,INE291A01017,GRWRHITECH,EQ,,,,,GARWARE HI-TECH FILMS LTD,2724.7,2790.1,2681.0,2749.4,2736.1,2712.4,,2749.0,,,65657,179608427.4,11006,F1,1,,,,,
2025-08-28,2025-08-28,CM,NSE,STK,1100,INE276A01018,GARFIBRES,EQ,,,,,GARWARE TECH FIBRES LTD,773.0,779.9,762.85,769.8,770.05,774.85,,768.2,,,34445,26554649.85,7164,F1,1,,,,,
2025-08-28,2025-08-28,CM,NSE,STK,8510,INE079J01017,GATEWAY,EQ,,,,,GATEWAY DISTRIPARKS LTD,66.43,66.48,65.28,65.49,65.88,66.45,,65.5,,,374608,24667626.02,4799,F1,1,,,,,
2025-08-28,2025-08-28,CM,NSE,STK,3699,INE287Z01012,GAYAHWS,BE,,,,,GAYATRI HIGHWAYS LIMITED,1.6,1.65,1.59,1.59,1.59,1.68,,1.62,,,296024,471794.42,423,F1,1,,,,,
2025-08-28,2025-08-28,CM,NSE,STK,19675,INE336H01023,GAYAPROJ,BZ,,,,,GAYATRI PROJECTS LTD,8.21,8.65,8.21,8.22,8.62,8.48,,8.22,,,8731,73989.06,18,F1,1,,,,,
2025-08-28,2025-08-28,CM,NSE,STK,14052,INE0LVM01018,GRCL,SM,,,,,GAYATRI RUBB AND CHEM LTD,398.9,398.9,398.9,398.9,398.9,389.0,,398.9,,,250,99725.0,1,F1,250,,,,,
2025-08-28,2025-08-28,CM,NSE,STK,7862,INE878A01011,GVPIL,EQ,,,,,GE POWER INDIA LIMITED,363.9,363.9,346.1,348.3,348.1,359.45,,348.25,,,250954,88693492.3,11147,F1,1,,,,,
2025-08-28,2025-08-28,CM,NSE,STK,16783,INE200A01026,GVT&D,EQ,,,,,GE VERNOVA T&D INDIA LTD,2680.0,2706.4,2653.0,2683.8,2674.9,2690.1,,2683.4,,,470379,1262303348.5,37096,F1,1,,,,,
2025-08-28,2025-08-28,CM,NSE,STK,13658,INE916G01016,GEECEE,EQ,,,,,GEECEE VENTURES LIMITED,357.05,364.0,349.9,359.7,357.0,356.75,,359.55,,,2196,789156.2,286,F1,1,,,,,
2025-08-28,2025-08-28,CM,NSE,STK,17922,INE669X01024,GEEKAYWIRE,EQ,,,,,GEEKAY WIRES LIMITED,67.6,69.3,67.4,68.75,69.3,67.49,,68.75,,,79791,5443976.97,2747,F1,1,,,,,
2025-08-28,2025-08-28,CM,NSE,STK,759461,INE06XZ01023,GEMAROMA,EQ,,,,,GEM AROMATICS LIMITED,320.05,325.75,287.6,290.9,292.0,319.05,,290.9,,,2420462,730173137.35,45997,F1,1,,,,,
2025-08-28,2025-08-28,CM,NSE,STK,277,INE481Y01014,GICRE,EQ,,,,,GENERAL INS CORP OF INDIA,376.5,377.45,364.5,366.55,364.5,373.1,,366.55,,,1231939,454963157.65,33140,F1,1,,,,,
2025-08-28,2025-08-28,CM,NSE,STK,2191,INE854S01022,GENCON,BE,,,,,GENERIC ENG CONS PROJ LTD,38.65,39.8,37.75,38.26,37.75,38.65,,38.26,,,8551,326394.98,64,F1,1,,,,,
2025-08-28,2025-08-28,CM,NSE,STK,10905,INE727B01026,GENESYS,EQ,,,,,GENESYS INTL CORPN LTD,577.9,586.1,565.0,569.5,570.95,577.9,,569.1,,,62323,35820092.8,6589,F1,1,,,,,
2025-08-28,2025-08-28,CM,NSE,STK,6600,INE949P01018,GENUSPAPER,EQ,,,,,GENUS P&B LIMITED,18.6,18.62,18.18,18.2,18.21,18.62,,18.2,,,93679,1714484.46,543,F1,1,,,,,
2025-08-28,2025-08-28,CM,NSE,STK,11905,INE955D01029,GENUSPOWER,EQ,,,,,GENUS POWER INFRASTRU LTD,350.9,352.8,346.0,348.3,347.1,351.05,,348.35,,,366158,127795077.15,8783,F1,1,,,,,
2025-08-28,2025-08-28,CM,NSE,STK,11896,INE007B01023,GEOJITFSL,EQ,,,,,GEOJIT FINANCIAL SER L,71.57,72.19,70.71,71.5,71.03,72.1,,71.49,,,325178,23235685.41,4807,F1,1,,,,,
2025-08-28,2025-08-28,CM,NSE,STK,1289,INE538A01037,GFLLIMITED,EQ,,,,,GFL LIMITED,60.51,60.66,59.0,59.35,60.0,60.48,,59.3,,,44119,2634530.72,729,F1,1,,,,,
2025-08-28,2025-08-28,CM,NSE,STK,1127,INE539A01019,GHCL,EQ,,,,,GHCL LIMITED,555.0,562.0,552.9,555.6,555.05,559.5,,555.6,,,52694,29288362.1,4469,F1,1,,,,,
2025-08-28,2025-08-28,CM,NSE,STK,16696,INE0PA801013,GHCLTEXTIL,EQ,,,,,GHCL TEXTILES LIMITED,76.9,80.49,76.21,79.11,79.0,77.1,,79.11,,,200175,15832146.52,2046,F1,1,,,,,
2025-08-28,2025-08-28,CM,NSE,STK,1139,INE289B01019,GICHSGFIN,EQ,,,,,GIC HOUSING FINANCE LTD,173.78,175.0,171.5,171.86,171.52,173.83,,171.86,,,43593,7536169.66,1186,F1,1,,,,,
2025-08-28,2025-08-28,CM,NSE,STK,17839,INE047B01011,GILLANDERS,EQ,,,,,GILLANDERS ARBUTHNOT LTD,121.26,122.95,118.0,118.64,118.0,123.06,,118.75,,,11785,1417188.46,861,F1,1,,,,,
2025-08-28,2025-08-28,CM,NSE,STK,1576,INE322A01010,GILLETTE,EQ,,,,,GILLETTE INDIA LTD,10030.0,10050.0,9824.0,9932.0,9925.0,9993.0,,9932.0,,,17578,174843916.0,6942,F1,1,,,,,
2025-08-28,2025-08-28,CM,NSE,STK,9294,INE424C01010,GINNIFILA,BE,,,,,GINNIFILAMENTS LTD.,48.4,50.5,48.0,50.02,49.55,49.35,,50.01,,,71947,3564247.21,265,F1,1,,,,,
2025-08-28,2025-08-28,CM,NSE,STK,2366,INE614Z01017,GIRIRAJ,ST,,,,,GIRIRAJ CIVIL DEVP LTD,333.0,333.0,333.0,333.0,333.0,339.0,,333.0,,,500,166500.0,2,F1,250,,,,,
2025-08-28,2025-08-28,CM,NSE,STK,17357,INE528A01020,GKWLIMITED,EQ,,,,,GKW LIMITED,1709.0,1717.2,1667.6,1690.4,1686.0,1703.2,,1690.4,,,317,535720.2,117,F1,1,,,,,
2025-08-28,2025-08-28,CM,NSE,STK,1186,INE068V01023,GLAND,EQ,,,,,GLAND PHARMA LIMITED,1927.5,1929.0,1875.1,1886.8,1884.1,1927.5,,1886.8,,,251861,475309414.0,30954,F1,1,,,,,
2025-08-28,2025-08-28,CM,NSE,STK,1153,INE159A01016,GLAXO,EQ,,,,,GLAXOSMITHKLINE PHARMA LT,2765.0,2792.7,2725.5,2749.2,2769.0,2789.4,,2749.2,,,145917,401528292.9,21985,F1,1,,,,,
2025-08-28,2025-08-28,CM,NSE,STK,7406,INE935A01035,GLENMARK,EQ,,,,,GLENMARK PHARMACEUTICALS,1957.9,1960.2,1932.0,1936.9,1936.2,1950.7,,1936.9,,,481992,936795056.0,30809,F1,1,,,,,
2025-08-28,2025-08-28,CM,NSE,STK,1417,INE291W01037,GLOBAL,BE,,,,,GLOBAL EDUCATION LIMITED,66.0,66.0,64.0,64.86,64.8,64.97,,64.86,,,44208,2887632.63,148,F1,1,,,,,
2025-08-28,2025-08-28,CM,NSE,STK,11956,INE474Q01031,MEDANTA,EQ,,,,,GLOBAL HEALTH LIMITED,1400.0,1426.0,1385.7,1399.9,1399.9,1400.0,,1399.9,,,454765,639732949.5,35999,F1,1,,,,,
2025-08-28,2025-08-28,CM,NSE,STK,17167,INE0PS501019,GLOBALPET,SM,,,,,GLOBAL PET INDUSTRIES LTD,127.05,129.0,127.05,129.0,129.0,131.35,,129.0,,,7500,964575.0,4,F1,1500,,,,,
2025-08-28,2025-08-28,CM,NSE,STK,14599,INE0JSX01015,GSLSU,EQ,,,,,GLOBAL SURFACES LIMITED,111.94,113.52,110.71,111.46,111.0,111.94,,111.46,,,27683,3093732.25,830,F1,1,,,,,
2025-08-28,2025-08-28,CM,NSE,STK,13735,INE792H01019,GLOBALVECT,EQ,,,,,GLOBAL VEC HELICORP LTD,207.51,212.9,205.95,210.92,209.01,209.98,,210.82,,,8101,1699475.08,577,F1,1,,,,,
2025-08-28,2025-08-28,CM,NSE,STK,24932,INE0URU01010,GLOBALE,EQ,,,,,GLOBALE TESSILE LIMITED,13.51,14.34,13.51,13.87,13.9,13.64,,13.86,,,15053,209040.39,157,F1,1,,,,,
2025-08-28,2025-08-28,CM,NSE,STK,758572,INE0V3U01015,GLOBECIVIL,EQ,,,,,GLOBE CIVIL PROJECTS LTD,79.14,79.73,78.0,78.52,78.28,79.24,,78.52,,,261875,20678771.22,2171,F1,1,,,,,
2025-08-28,2025-08-28,CM,NSE,STK,18815,INE947T01014,GICL,SM,,,,,GLOBE INTL CARRIERS LTD,116.35,119.45,116.35,119.45,119.45,119.45,,119.45,,,3000,353700.0,2,F1,1500,,,,,
2025-08-28,2025-08-28,CM,NSE,STK,393,INE581X01021,GLOBE,EQ,,,,,GLOBE TEXTILES (I) LTD.,2.1,2.15,2.02,2.06,2.08,2.1,,2.06,,,1129499,2369658.11,807,F1,1,,,,,
2025-08-28,2025-08-28,CM,NSE,STK,9768,INE00WS01056,GSTL,ST,,,,,GLOBESECURE TECHNO LTD,12.2,12.2,11.15,11.4,11.8,11.7,,11.4,,,18000,204400.0,16,F1,1000,,,,,
2025-08-28,2025-08-28,CM,NSE,STK,17424,INE615I01010,GLOBUSSPR,EQ,,,,,GLOBUS SPIRITS LTD,1243.3,1254.2,1195.5,1204.0,1213.0,1243.3,,1204.0,,,78534,96387051.6,11069,F1,1,,,,,
2025-08-28,2025-08-28,CM,NSE,STK,23590,INE350Z01018,GLOSTERLTD,EQ,,,,,GLOSTER LIMITED,651.8,679.95,651.8,676.5,679.95,654.3,,676.25,,,1602,1072754.6,217,F1,1,,,,,
2025-08-28,2025-08-28,CM,NSE,STK,1570,INE541A01023,GMMPFAUDLR,EQ,,,,,GMM PFAUDLER LIMITED,1208.9,1216.8,1185.0,1191.2,1188.0,1202.9,,1191.2,,,46232,55373024.8,6245,F1,1,,,,,
2025-08-28,2025-08-28,CM,NSE,STK,13528,INE776C01039,GMRAIRPORT,EQ,,,,,GMR AIRPORTS LIMITED,88.49,88.6,86.2,86.43,86.23,88.7,,86.43,,,10380000,905854427.0,49987,F1,1,,,,,
2025-08-28,2025-08-28,CM,NSE,STK,8529,INE0CU601026,GMRP&UI,EQ,,,,,GMR POW AND URBAN INFRA L,113.75,113.91,108.84,111.84,112.0,113.78,,111.87,,,715595,80631075.32,6669,F1,1,,,,,
2025-08-28,2025-08-28,CM,NSE,STK,18571,INE934S01014,GNA,EQ,,,,,GNA AXLES LIMITED,303.05,305.45,291.8,301.45,302.0,303.05,,301.45,,,50597,15142625.15,3009,F1,1,,,,,
2025-08-28,2025-08-28,CM,NSE,STK,757862,INE18JU01028,EBGNG,EQ,,,,,GNG ELECTRONICS LIMITED,355.0,356.35,335.65,337.85,338.95,355.25,,337.85,,,1190216,411453080.85,18631,F1,1,,,,,
2025-08-28,2025-08-28,CM,NSE,STK,23799,INE03JT01014,GODIGIT,EQ,,,,,GO DIGIT GENERAL INS LTD,373.0,373.05,362.0,366.9,364.5,370.95,,366.9,,,391872,143952491.0,18303,F1,1,,,,,
2025-08-28,2025-08-28,CM,NSE,STK,6964,INE0BJS01011,GOCOLORS,EQ,,,,,GO FASHION INDIA LTD,698.0,712.4,690.75,702.6,703.75,696.6,,702.6,,,50779,35628342.25,5541,F1,1,,,,,
2025-08-28,2025-08-28,CM,NSE,STK,14687,INE426D01013,GOACARBON,EQ,,,,,GOA CARBON LIMITED,442.3,453.6,442.3,445.65,445.8,446.7,,445.55,,,4366,1957709.6,528,F1,1,,,,,
2025-08-28,2025-08-28,CM,NSE,STK,3963,INE077F01035,GOCLCORP,EQ,,,,,GOCL CORPORATION LIMITED,366.0,374.7,357.0,360.7,357.95,365.5,,360.6,,,66337,24287291.7,4669,F1,1,,,,,
2025-08-28,2025-08-28,CM,NSE,STK,25943,INE497S01012,GODAVARIB,BE,,,,,GODAVARI BIOREFINERIES L,252.2,261.1,248.15,248.85,249.3,258.25,,249.3,,,41267,10392684.65,546,F1,1,,,,,
2025-08-28,2025-08-28,CM,NSE,STK,13409,INE177H01039,GPIL,EQ,,,,,GODAWARI POW & ISP LTD,236.1,239.56,231.13,232.27,233.0,238.45,,232.27,,,1903385,448620923.07,22800,F1,1,,,,,
2025-08-28,2025-08-28,CM,NSE,STK,1181,INE260B01028,GODFRYPHLP,EQ,,,,,GODFREY PHILLIPS INDIA LT,10625.0,11169.5,10405.0,10594.0,10600.5,10524.5,,10594.0,,,893765,9691541919.0,150512,F1,1,,,,,
2025-08-28,2025-08-28,CM,NSE,STK,1610,INE925Y01036,GODHA,BE,,,,,GODHA CABCON INSULAT LTD,0.57,0.58,0.56,0.57,0.57,0.58,,0.57,,,2442280,1392975.36,2370,F1,1,,,,,
2025-08-28,2025-08-28,CM,NSE,STK,144,INE850D01014,GODREJAGRO,EQ,,,,,GODREJ AGROVET LIMITED,741.4,748.85,732.3,736.1,733.3,738.05,,736.1,,,89061,66036955.5,7596,F1,1,,,,,
2025-08-28,2025-08-28,CM,NSE,STK,10099,INE102D01028,GODREJCP,EQ,,,,,GODREJ CONSUMER PRODUCTS,1262.9,1280.5,1248.0,1250.6,1254.0,1258.6,,1250.6,,,1711790,2158752565.4,102456,F1,1,,,,,
2025-08-28,2025-08-28,CM,NSE,STK,10925,INE233A01035,GODREJIND,EQ,,,,,GODREJ INDUSTRIES LTD,1266.0,1275.3,1248.5,1250.4,1250.0,1270.0,,1250.4,,,127906,161322038.7,7930,F1,1,,,,,
2025-08-28,2025-08-28,CM,NSE,STK,17875,INE484J01027,GODREJPROP,EQ,,,,,GODREJ PROPERTIES LTD,2016.0,2016.0,1963.7,1984.6,1975.0,2007.1,,1984.6,,,1055273,2093585860.0,57723,F1,1,,,,,
2025-08-28,2025-08-28,CM,NSE,STK,5010,INE516K01024,GOENKA,BZ,,,,,GOENKA DIAMOND&JEWELS LTD,0.89,0.92,0.88,0.9,0.92,0.91,,0.9,,,94331,84968.71,112,F1,1,,,,,
2025-08-28,2025-08-28,CM,NSE,STK,27405,IN0020240167,664GS2027,GS,,,,,GOI LOAN   6.64% 2027,100.39,100.39,100.39,100.39,100.39,101.4,,100.39,,,100,10039.0,1,F1,1,,,,,
2025-08-28,2025-08-28,CM,NSE,STK,27273,IN0020240159,679GS2034A,GS,,,,,GOI LOAN   6.79% 2034,96.0,96.0,96.0,96.0,96.0,99.0,,96.0,,,400,38400.0,1,F1,1,,,,,
2025-08-28,2025-08-28,CM,NSE,STK,27127,IN0020240134,692GS2039,GS,,,,,GOI LOAN   6.92% 2039,101.0,102.0,100.0,101.5,101.5,101.0,,101.5,,,6300,633250.0,4,F1,1,,,,,
2025-08-28,2025-08-28,CM,NSE,STK,27170,IN0020240142,709GS2074,GS,,,,,GOI LOAN   7.09% 2074,99.6,99.6,98.2,98.59,99.0,98.9,,98.59,,,25169,2478497.76,48,F1,1,,,,,
2025-08-28,2025-08-28,CM,NSE,STK,3202,IN0020210012,563GS2026,GS,,,,,GOI LOAN  5.63% 2026,101.45,101.9,101.45,101.9,101.9,101.9,,101.9,,,1002,102103.0,3,F1,1,,,,,
2025-08-28,2025-08-28,CM,NSE,STK,757983,IN0020250067,601GS2030,GS,,,,,GOI LOAN  6.01% 2030,99.4,99.4,99.4,99.4,99.4,99.4,,99.4,,,10,994.0,1,F1,1,,,,,
2025-08-28,2025-08-28,CM,NSE,STK,5012,IN0020210095,610GS2031,GS,,,,,GOI LOAN  6.10% 2031,98.6,98.6,98.6,98.6,98.6,98.4,,98.6,,,250,24650.0,1,F1,1,,,,,
2025-08-28,2025-08-28,CM,NSE,STK,756890,IN0020250026,633GS2035,GS,,,,,GOI LOAN  6.33% 2035,100.0,100.5,99.0,99.52,99.52,100.1,,99.52,,,9402,931300.02,4,F1,1,,,,,
2025-08-28,2025-08-28,CM,NSE,STK,956,IN0020200252,667GS2050,GS,,,,,GOI LOAN  6.67% 2050,99.0,99.0,98.25,98.25,98.25,99.0,,98.25,,,3,295.5,2,F1,1,,,,,
2025-08-28,2025-08-28,CM,NSE,STK,757847,IN0020250042,668GS2040,GS,,,,,GOI LOAN  6.68% 2040,99.0,100.25,98.5,100.14,100.25,99.0,,100.14,,,17900,1788752.0,7,F1,1,,,,,
2025-08-28,2025-08-28,CM,NSE,STK,2317,IN0020200401,676GS2061,GS,,,,,GOI LOAN  6.76% 2061,97.0,97.5,97.0,97.0,97.0,99.84,,98.12,,,6417,622455.0,5,F1,1,,,,,
2025-08-28,2025-08-28,CM,NSE,STK,756014,IN0020250018,690GS2065,GS,,,,,GOI LOAN  6.90% 2065,96.0,99.99,96.0,99.88,99.99,97.01,,99.88,,,9682,954929.95,14,F1,1,,,,,
2025-08-28,2025-08-28,CM,NSE,STK,15046,IN0020230028,699GS2026,GS,,,,,GOI LOAN  6.99% 2026,103.0,103.0,103.0,103.0,103.0,103.0,,102.75,,,552,56856.0,3,F1,1,,,,,
2025-08-28,2025-08-28,CM,NSE,STK,6696,IN0020210194,699GS2051,GS,,,,,GOI LOAN  6.99% 2051,102.0,104.0,102.0,104.0,104.0,100.5,,104.0,,,2,206.0,2,F1,1,,,,,
2025-08-28,2025-08-28,CM,NSE,STK,23854,IN0020240043,702GS2027,GS,,,,,GOI LOAN  7.02% 2027,102.41,102.45,102.41,102.45,102.45,102.7,,102.45,,,3902,399759.86,4,F1,1,,,,,
2025-08-28,2025-08-28,CM,NSE,STK,24072,IN0020240076,702GS2031,GS,,,,,GOI LOAN  7.02% 2031,102.25,103.4,102.25,103.4,103.4,103.4,,103.4,,,400,41130.0,2,F1,1,,,,,
2025-08-28,2025-08-28,CM,NSE,STK,23919,IN0020240050,704GS2029,GS,,,,,GOI LOAN  7.04% 2029,102.77,102.77,102.76,102.76,102.76,103.1,,102.76,,,1900,195245.0,6,F1,1,,,,,
2025-08-28,2025-08-28,CM,NSE,STK,14970,IN0020230010,706GS2028,GS,,,,,GOI LOAN  7.06% 2028,102.15,104.7,102.15,102.55,102.55,103.0,,102.55,,,552,57747.7,4,F1,1,,,,,
2025-08-28,2025-08-28,CM,NSE,STK,24949,IN0020240118,709GS2054,GS,,,,,GOI LOAN  7.09% 2054,100.94,100.94,98.01,99.5,99.5,99.39,,99.5,,,3017,298132.98,18,F1,1,,,,,
2025-08-28,2025-08-28,CM,NSE,STK,15050,IN0020230036,717GS2030,GS,,,,,GOI LOAN  7.17% 2030,103.1,104.0,103.1,104.0,104.0,105.0,,104.0,,,2001,208103.1,3,F1,1,,,,,
2025-08-28,2025-08-28,CM,NSE,STK,18025,IN0020230085,718GS2033,GS,,,,,GOI LOAN  7.18% 2033,102.0,102.0,102.0,102.0,102.0,102.25,,102.0,,,80,8160.0,2,F1,1,,,,,
2025-08-28,2025-08-28,CM,NSE,STK,17398,IN0020230077,718GS2037,GS,,,,,GOI LOAN  7.18% 2037,103.0,103.75,103.0,103.7,103.7,103.25,,102.73,,,11115,1151305.85,7,F1,1,,,,,
2025-08-28,2025-08-28,CM,NSE,STK,23518,IN0020240027,723GS2039,GS,,,,,GOI LOAN  7.23% 2039,107.0,107.0,107.0,107.0,107.0,107.0,,107.0,,,3000,321000.0,1,F1,1,,,,,
2025-08-28,2025-08-28,CM,NSE,STK,758674,IN0020250075,724GS2055,GS,,,,,GOI LOAN  7.24% 2055,100.2,100.2,100.2,100.2,100.2,100.25,,100.2,,,3,300.6,3,F1,1,,,,,
2025-08-28,2025-08-28,CM,NSE,STK,16733,IN0020230044,725GS2063,GS,,,,,GOI LOAN  7.25% 2063,100.5,102.5,100.5,101.25,101.25,101.0,,101.25,,,25757,2599692.27,28,F1,1,,,,,
2025-08-28,2025-08-28,CM,NSE,STK,10722,IN0020220060,726GS2032,GS,,,,,GOI LOAN  7.26% 2032,107.55,107.55,105.0,105.0,105.0,107.55,,105.0,,,2053,220668.0,4,F1,1,,,,,
2025-08-28,2025-08-28,CM,NSE,STK,14051,IN0020220151,726GS2033,GS,,,,,GOI LOAN  7.26% 2033,103.75,104.4,103.75,104.4,104.4,103.75,,104.4,,,3260,339109.0,3,F1,1,,,,,
2025-08-28,2025-08-28,CM,NSE,STK,16865,IN0020230051,73GS2053,GS,,,,,GOI LOAN  7.3% 2053,103.1,103.1,102.0,102.0,102.0,103.1,,102.85,,,2502,255866.0,7,F1,1,,,,,
2025-08-28,2025-08-28,CM,NSE,STK,20136,IN0020230135,732GS2030,GS,,,,,GOI LOAN  7.32% 2030,104.0,106.4,104.0,106.4,106.4,104.85,,106.4,,,15000,1572000.0,4,F1,1,,,,,
2025-08-28,2025-08-28,CM,NSE,STK,19685,IN0020230119,733GS2026,GS,,,,,GOI LOAN  7.33% 2026,105.0,105.0,103.5,103.5,103.5,103.88,,103.5,,,11668,1213900.0,9,F1,1,,,,,
2025-08-28,2025-08-28,CM,NSE,STK,23558,IN0020240035,734GS2064,GS,,,,,GOI LOAN  7.34% 2064,102.85,103.4,102.85,103.0,103.0,103.0,,103.51,,,8617,887751.69,23,F1,1,,,,,
2025-08-28,2025-08-28,CM,NSE,STK,10931,IN0020220086,736GS2052,GS,,,,,GOI LOAN  7.36% 2052,103.72,105.99,103.72,103.73,104.5,109.18,,103.73,,,54,5603.93,5,F1,1,,,,,
2025-08-28,2025-08-28,CM,NSE,STK,19566,IN0020230101,737GS2028,GS,,,,,GOI LOAN  7.37% 2028,102.76,105.11,102.76,104.02,105.0,104.15,,104.02,,,6615,689687.34,10,F1,1,,,,,
2025-08-28,2025-08-28,CM,NSE,STK,10981,IN0020220094,74GS2062,GS,,,,,GOI LOAN  7.4% 2062,105.25,105.25,102.9,104.04,102.9,103.55,,104.12,,,42,4383.68,9,F1,1,,,,,
2025-08-28,2025-08-28,CM,NSE,STK,13194,IN0020220102,741GS2036,GS,,,,,GOI LOAN  7.41% 2036,104.0,106.98,104.0,106.75,106.75,105.5,,106.75,,,47211,4973540.86,13,F1,1,,,,,
2025-08-28,2025-08-28,CM,NSE,STK,19808,IN0020230127,746GS2073,GS,,,,,GOI LOAN  7.46% 2073,103.8,103.95,102.6,103.9,103.85,103.3,,103.9,,,208516,21457076.3,74,F1,1,,,,,
2025-08-28,2025-08-28,CM,NSE,STK,9585,IN0020220029,754GS2036,GS,,,,,GOI LOAN  7.54% 2036,107.01,107.9,107.01,107.72,107.85,107.25,,107.68,,,412805,44366801.39,190,F1,1,,,,,
2025-08-28,2025-08-28,CM,NSE,STK,6833,IN0020010081,1018GS2026,GS,,,,,GOI LOAN 10.18% 2026,109.0,110.6,109.0,109.38,110.6,109.0,,109.38,,,4874,533117.65,9,F1,1,,,,,
2025-08-28,2025-08-28,CM,NSE,STK,9047,IN0020220011,710GS2029,GS,,,,,GOI LOAN 7.10% 2029,104.0,104.25,104.0,104.25,104.25,104.0,,104.25,,,2,208.25,2,F1,1,,,,,
2025-08-28,2025-08-28,CM,NSE,STK,9913,IN0020220037,738GS2027,GS,,,,,GOI LOAN 7.38% 2027,103.7,104.1,103.7,103.94,103.9,103.76,,103.94,,,69102,7186476.21,47,F1,1,,,,,
2025-08-28,2025-08-28,CM,NSE,STK,6884,IN0020060078,824GS2027,GS,,,,,GOI LOAN 8.24%2027,104.0,104.0,103.98,103.98,103.98,103.6,,103.98,,,547,56885.0,2,F1,1,,,,,
2025-08-28,2025-08-28,CM,NSE,STK,6921,IN0020070069,828GS2027,GS,,,,,GOI LOAN 8.28% 2027,107.8,108.0,107.8,107.9,108.0,107.8,,107.9,,,2000,215800.0,2,F1,1,,,,,
2025-08-28,2025-08-28,CM,NSE,STK,6981,IN0020100031,83GS2040,GS,,,,,GOI LOAN 8.30% 2040,110.52,110.52,110.52,110.52,110.52,109.01,,110.52,,,5,552.6,1,F1,1,,,,,
2025-08-28,2025-08-28,CM,NSE,STK,7019,IN0020120039,833GS2026,GS,,,,,GOI LOAN 8.33% 2026,107.0,107.0,107.0,107.0,107.0,102.0,,106.43,,,85,9095.0,1,F1,1,,,,,
2025-08-28,2025-08-28,CM,NSE,STK,7011,IN0020110055,897GS2030,GS,,,,,GOI LOAN 8.97% 2030,113.0,113.0,113.0,113.0,113.0,113.75,,114.18,,,698,78874.0,1,F1,1,,,,,
2025-08-28,2025-08-28,CM,NSE,STK,7039,IN0020130053,92GS2030,GS,,,,,GOI LOAN 9.20% 2030,123.0,123.0,116.5,116.89,116.9,117.95,,116.89,,,12304,1434563.3,14,F1,1,,,,,
2025-08-28,2025-08-28,CM,NSE,STK,757746,IN002025Y149,182D010126,TB,,,,,GOI TBILL 182D-01/01/26,97.59,97.59,97.59,97.59,97.59,97.59,,97.59,,,400,39036.0,2,F1,100,,,,,
2025-08-28,2025-08-28,CM,NSE,STK,29987,IN002024Y472,182D040925,TB,,,,,GOI TBILL 182D-04/09/25,99.67,99.67,99.67,99.67,99.67,99.5,,99.67,,,100,9967.0,1,F1,100,,,,,
2025-08-28,2025-08-28,CM,NSE,STK,757747,IN002025Z146,364D020726,TB,,,,,GOI TBILL 364D-02/07/26,94.68,94.68,94.68,94.68,94.68,94.68,,94.68,,,100,9468.0,1,F1,100,,,,,
2025-08-28,2025-08-28,CM,NSE,STK,25683,IN002024Z255,364D031025,TB,,,,,GOI TBILL 364D-03/10/25,99.4,99.4,99.21,99.21,99.21,99.28,,99.21,,,2400,238247.0,3,F1,100,,,,,
2025-08-28,2025-08-28,CM,NSE,STK,25113,IN002024Z230,364D040925,TB,,,,,GOI TBILL 364D-04/09/25,99.88,99.88,99.88,99.88,99.88,99.88,,99.88,,,11100,1108668.0,2,F1,100,,,,,
2025-08-28,2025-08-28,CM,NSE,STK,27331,IN002024Z347,364D041225,TB,,,,,GOI TBILL 364D-04/12/25,98.25,98.25,98.25,98.25,98.25,98.3,,98.25,,,600,58950.0,1,F1,100,,,,,
2025-08-28,2025-08-28,CM,NSE,STK,25221,IN002024Z248,364D110925,TB,,,,,GOI TBILL 364D-11/09/25,99.82,99.82,99.82,99.82,99.82,99.7,,99.82,,,100,9982.0,1,F1,100,,,,,
2025-08-28,2025-08-28,CM,NSE,STK,29691,IN002024Z453,364D200226,TB,,,,,GOI TBILL 364D-20/02/26,96.83,96.83,96.83,96.83,96.83,95.2,,96.83,,,100,9683.0,1,F1,100,,,,,
2025-08-28,2025-08-28,CM,NSE,STK,757564,IN002025Z138,364D250626,TB,,,,,GOI TBILL 364D-25/06/26,95.0,95.0,95.0,95.0,95.0,94.66,,93.0,,,300,28500.0,1,F1,100,,,,,
2025-08-28,2025-08-28,CM,NSE,STK,758205,IN002025X190,91D061125,TB,,,,,GOI TBILL 91D-06/11/25,98.8,98.8,98.8,98.8,98.8,97.51,,98.33,,,600,59280.0,1,F1,100,,,,,
2025-08-28,2025-08-28,CM,NSE,STK,756799,IN002025X125,91D180925,TB,,,,,GOI TBILL 91D-18/09/25,99.5,99.65,99.5,99.65,99.65,99.3,,99.2,,,400,39830.0,2,F1,100,,,,,
2025-08-28,2025-08-28,CM,NSE,STK,11778,INE887G01027,GOKEX,EQ,,,,,GOKALDAS EXPORTS LTD.,683.1,702.25,673.7,695.15,693.95,688.85,,694.95,,,687308,473577707.35,29472,F1,1,,,,,
2025-08-28,2025-08-28,CM,NSE,STK,14480,INE314T01025,GOKULAGRO,EQ,,,,,GOKUL AGRO RESOURCES LTD,328.95,336.3,323.6,331.35,336.0,330.4,,331.35,,,221599,73006070.0,6497,F1,1,,,,,
2025-08-28,2025-08-28,CM,NSE,STK,16705,INE020J01029,GOKUL,EQ,,,,,GOKUL REFOILS & SOLV LTD,40.11,40.7,39.7,40.43,40.26,40.27,,40.45,,,16428,660147.65,335,F1,1,,,,,
2025-08-28,2025-08-28,CM,NSE,STK,11619,INE973A01010,GOLDENTOBC,BZ,,,,,GOLDEN TOBACCO LIMITED,33.49,36.44,33.49,35.01,35.01,35.26,,35.02,,,531,18886.01,15,F1,1,,,,,
2025-08-28,2025-08-28,CM,NSE,STK,11971,INE025B01025,GOLDIAM,EQ,,,,,GOLDIAM INTERNATIONAL LTD,347.0,362.95,340.0,358.8,357.0,350.35,,358.75,,,1018828,360145478.55,16011,F1,1,,,,,
2025-08-28,2025-08-28,CM,NSE,STK,1,INE405Y01021,GOLDSTAR,SM,,,,,GOLDSTAR POWER LIMITED,8.9,8.9,8.9,8.9,8.9,8.7,,8.9,,,11250,100125.0,1,F1,11250,,,,,
2025-08-28,2025-08-28,CM,NSE,STK,6125,INE127I01024,GOODLUCK,EQ,,,,,GOODLUCK INDIA LIMITED,1106.9,1165.0,1098.0,1159.9,1163.0,1106.9,,1159.8,,,298170,342124345.2,16383,F1,1,,,,,
2025-08-28,2025-08-28,CM,NSE,STK,23066,INE0L9R01028,GOPAL,EQ,,,,,GOPAL SNACKS LIMITED,373.0,375.65,365.55,370.8,372.8,371.05,,370.8,,,64970,24169906.65,3570,F1,1,,,,,
2025-08-28,2025-08-28,CM,NSE,STK,11787,INE705X01026,GOYALALUM,EQ,,,,,GOYAL ALUMINIUMS LIMITED,7.5,7.65,7.35,7.4,7.45,7.69,,7.4,,,61344,458737.79,955,F1,1,,,,,
2025-08-28,2025-08-28,CM,NSE,STK,19356,INE0QFE01017,GOYALSALT,SM,,,,,GOYAL SALT LIMITED,159.8,160.05,159.8,160.0,160.0,156.0,,160.0,,,6000,959910.0,10,F1,600,,,,,
2025-08-28,2025-08-28,CM,NSE,STK,24113,INE0S7E01015,GPECO,ST,,,,,GP ECO SOLUTIONS INDIA L,573.4,581.0,573.4,581.0,581.0,585.1,,581.0,,,20400,11715600.0,28,F1,600,,,,,
2025-08-28,2025-08-28,CM,NSE,STK,11581,INE586G01017,GULFPETRO,EQ,,,,,GP PETROLEUMS LIMITED,41.62,41.62,40.66,41.23,41.5,41.14,,41.22,,,18950,778189.46,284,F1,1,,,,,
2025-08-28,2025-08-28,CM,NSE,STK,22846,INE486R01017,GPTHEALTH,EQ,,,,,GPT HEALTHCARE LIMITED,151.0,152.0,147.5,148.01,148.15,151.26,,148.01,,,185726,27753388.93,5546,F1,1,,,,,
2025-08-28,2025-08-28,CM,NSE,STK,17685,INE390G01014,GPTINFRA,EQ,,,,,GPT INFRAPROJECTS LTD,114.5,116.21,114.5,114.89,114.85,115.85,,114.89,,,59263,6827759.86,1606,F1,1,,,,,
2025-08-28,2025-08-28,CM,NSE,STK,30286,INE12E301017,GCHOTELS,SM,,,,,GRAND CONTINENT HOTELS L,224.95,224.95,213.0,214.55,214.8,216.2,,214.55,,,13200,2850720.0,10,F1,1200,,,,,
2025-08-28,2025-08-28,CM,NSE,STK,11872,INE101D01020,GRANULES,EQ,,,,,GRANULES INDIA LIMITED,474.0,478.9,466.0,467.25,470.0,469.5,,467.25,,,6334967,2984715108.95,48533,F1,1,,,,,
2025-08-28,2025-08-28,CM,NSE,STK,20454,INE0POU01017,GRAPHISAD,SM,,,,,GRAPHISADS LIMITED,37.0,37.0,36.8,36.8,36.8,37.25,,36.8,,,4800,177120.0,3,F1,1200,,,,,
2025-08-28,2025-08-28,CM,NSE,STK,592,INE371A01025,GRAPHITE,EQ,,,,,GRAPHITE INDIA LTD,520.0,520.8,511.8,515.5,515.0,520.8,,515.45,,,199879,102987293.15,8675,F1,1,,,,,
2025-08-28,2025-08-28,CM,NSE,STK,1232,INE047A01021,GRASIM,EQ,,,,,GRASIM INDUSTRIES LTD,2775.0,2806.0,2772.2,2784.3,2789.8,2796.2,,2784.3,,,528080,1474351596.5,58100,F1,1,,,,,
2025-08-28,2025-08-28,CM,NSE,STK,20534,INE024L01027,GRAVITA,EQ,,,,,GRAVITA INDIA LIMITED,1675.0,1677.0,1630.4,1666.8,1667.0,1679.8,,1666.8,,,252145,418231595.6,26981,F1,1,,,,,
2025-08-28,2025-08-28,CM,NSE,STK,1235,INE224A01026,GREAVESCOT,EQ,,,,,GREAVES COTTON LTD.,202.69,203.35,197.83,199.49,199.8,202.18,,199.49,,,1191793,239100144.17,16752,F1,1,,,,,
2025-08-28,2025-08-28,CM,NSE,STK,17092,INE0O7P01015,GREENCHEF,SM,,,,,GREENCHEF APPLIANCES LTD,64.0,65.0,61.5,63.45,63.5,62.0,,63.45,,,31200,1978040.0,30,F1,800,,,,,
2025-08-28,2025-08-28,CM,NSE,STK,6848,INE544R01021,GREENLAM,EQ,,,,,GREENLAM INDUSTRIES LTD.,229.55,237.6,229.55,235.97,235.01,233.03,,235.96,,,15018,3519505.95,1404,F1,1,,,,,
2025-08-28,2025-08-28,CM,NSE,STK,13810,INE08ZM01014,GREENPANEL,EQ,,,,,GREENPANEL INDUSTRIES LTD,270.7,272.2,263.9,270.55,270.5,270.7,,270.55,,,69538,18685353.8,9735,F1,1,,,,,
2025-08-28,2025-08-28,CM,NSE,STK,3987,INE461C01038,GREENPLY,EQ,,,,,GREENPLY INDUSTRIES LTD,305.4,309.4,300.5,304.95,303.75,307.55,,304.95,,,45193,13761056.05,2843,F1,1,,,,,
2025-08-28,2025-08-28,CM,NSE,STK,23562,INE0PC901019,BIRDYS,ST,,,,,GRILL SPLENDOUR SER LTD,123.0,123.0,123.0,123.0,123.0,121.5,,123.0,,,1200,147600.0,1,F1,1200,,,,,
2025-08-28,2025-08-28,CM,NSE,STK,13560,INE536A01023,GRINDWELL,EQ,,,,,GRINDWELL NORTON LIMITED,1568.8,1568.8,1533.5,1548.6,1545.0,1560.8,,1548.6,,,29305,45441676.9,4691,F1,1,,,,,
2025-08-28,2025-08-28,CM,NSE,STK,10871,INE192H01020,GRMOVER,EQ,,,,,GRM OVERSEAS LIMITED,373.6,374.0,361.85,366.0,366.05,376.35,,366.0,,,372689,136226088.2,50163,F1,1,,,,,
2025-08-28,2025-08-28,CM,NSE,STK,25758,INF666M01IO8,GROWWDEFNC,EQ,,,,,GROWWAMC - GROWWDEFNC,75.97,75.97,73.95,74.09,73.95,75.48,,74.09,,,259340,19344898.28,4677,F1,1,,,,,
2025-08-28,2025-08-28,CM,NSE,STK,24798,INF666M01IH2,GROWWEV,EQ,,,,,GROWWAMC - GROWWEV,29.8,30.67,29.25,29.96,29.93,30.03,,29.96,,,269675,8090970.71,2688,F1,1,,,,,
2025-08-28,2025-08-28,CM,NSE,STK,25872,INF666M01IW1,GROWWGOLD,EQ,,,,,GROWWAMC - GROWWGOLD,99.99,100.0,99.21,99.83,99.72,99.11,,99.83,,,101944,10162533.19,2261,F1,1,,,,,
2025-08-28,2025-08-28,CM,NSE,STK,25447,INF666M01IP5,GROWWLIQID,EQ,,,,,GROWWAMC - GROWWLIQID,105.5,105.5,105.49,105.49,105.49,105.47,,105.49,,,239345,25249175.33,189,F1,1,,,,,
2025-08-28,2025-08-28,CM,NSE,STK,758300,INF666M01LB9,GROWWLOVOL,EQ,,,,,GROWWAMC - GROWWLOVOL,10.25,10.33,10.09,10.11,10.11,10.19,,10.11,,,25871,262274.67,204,F1,1,,,,,
2025-08-28,2025-08-28,CM,NSE,STK,756086,INF666M01KJ4,GROWWMOM50,EQ,,,,,GROWWAMC - GROWWMOM50,10.31,10.38,10.13,10.15,10.38,10.31,,10.15,,,372356,3800056.33,1588,F1,1,,,,,
2025-08-28,2025-08-28,CM,NSE,STK,29872,INF666M01JV1,GROWWN200,EQ,,,,,GROWWAMC - GROWWN200,11.39,11.39,10.84,11.05,11.0,11.12,,11.05,,,105820,1171197.67,1064,F1,1,,,,,
2025-08-28,2025-08-28,CM,NSE,STK,757814,INF666M01LI4,GROWWNET,EQ,,,,,GROWWAMC - GROWWNET,11.0,11.0,10.55,10.59,10.61,10.74,,10.59,,,352693,3759847.31,2456,F1,1,,,,,
2025-08-28,2025-08-28,CM,NSE,STK,758697,INF666M01LL8,GROWWNIFTY,EQ,,,,,GROWWAMC - GROWWNIFTY,9.92,10.11,9.75,9.84,9.87,9.92,,9.84,,,141689,1398154.29,942,F1,1,,,,,
2025-08-28,2025-08-28,CM,NSE,STK,759458,INF666M01LZ8,GROWWNXT50,EQ,,,,,GROWWAMC - GROWWNXT50,66.0,67.39,64.0,65.97,66.2,67.1,,65.97,,,5586,370011.74,284,F1,1,,,,,
2025-08-28,2025-08-28,CM,NSE,STK,758165,INF666M01LM6,GROWWPOWER,EQ,,,,,GROWWAMC - GROWWPOWER,9.89,9.89,9.55,9.58,9.65,9.68,,9.58,,,227323,2182506.26,1587,F1,1,,,,,
2025-08-28,2025-08-28,CM,NSE,STK,29527,INF666M01JJ6,GROWWRAIL,EQ,,,,,GROWWAMC - GROWWRAIL,33.99,34.0,33.33,33.38,33.43,33.88,,33.38,,,300687,10094888.52,3461,F1,1,,,,,
2025-08-28,2025-08-28,CM,NSE,STK,756827,INF666M01LA1,GROWWSLVR,EQ,,,,,GROWWAMC - GROWWSLVR,115.87,116.15,115.1,115.95,116.14,114.84,,115.95,,,96121,11130943.06,723,F1,1,,,,,
2025-08-28,2025-08-28,CM,NSE,STK,6543,INE137I01015,GRPLTD,EQ,,,,,GRP LIMITED,2192.9,2194.3,2073.2,2106.5,2090.1,2193.1,,2107.9,,,7498,15998352.1,1526,F1,1,,,,,
2025-08-28,2025-08-28,CM,NSE,STK,23891,INE0SQY01018,GSMFOILS,ST,,,,,GSM FOILS LIMITED,212.0,228.0,210.35,228.0,228.0,225.55,,228.0,,,49000,10926300.0,42,F1,1000,,,,,
2025-08-28,2025-08-28,CM,NSE,STK,15347,INE871H01011,GSS,EQ,,,,,GSS INFOTECH LIMITED,28.31,33.97,28.01,32.8,31.84,28.31,,32.84,,,3667399,121840702.61,14179,F1,1,,,,,
2025-08-28,2025-08-28,CM,NSE,STK,13745,INE221H01019,GTLINFRA,EQ,,,,,GTL INFRA.LTD,1.5,1.5,1.48,1.48,1.49,1.5,,1.48,,,18846372,28018434.69,16663,F1,1,,,,,
2025-08-28,2025-08-28,CM,NSE,STK,1162,INE043A01012,GTL,EQ,,,,,GTL LTD,9.75,9.79,9.1,9.21,9.24,9.82,,9.22,,,830025,7729716.38,2083,F1,1,,,,,
2025-08-28,2025-08-28,CM,NSE,STK,21195,INE869I01013,GTPL,EQ,,,,,GTPL HATHWAY LIMITED,116.8,116.8,111.9,112.86,113.0,116.02,,112.85,,,31982,3632069.81,754,F1,1,,,,,
2025-08-28,2025-08-28,CM,NSE,STK,11606,INE742B01025,GUFICBIO,EQ,,,,,GUFIC BIOSCIENCES LTD.,375.75,379.9,364.5,372.5,371.0,376.95,,372.5,,,65219,24494516.0,6077,F1,1,,,,,
2025-08-28,2025-08-28,CM,NSE,STK,1145,INE162A01010,GIPCL,EQ,,,,,GUJ IND POW CO. LTD,182.5,182.7,179.34,181.11,180.27,181.99,,181.12,,,100591,18224098.63,4964,F1,1,,,,,
2025-08-28,2025-08-28,CM,NSE,STK,1174,INE113A01013,GNFC,EQ,,,,,GUJ NAR VAL FER & CHEM L,527.4,527.55,518.0,520.9,521.9,526.35,,520.7,,,309158,161465261.2,12802,F1,1,,,,,
2025-08-28,2025-08-28,CM,NSE,STK,1247,INE026A01025,GSFC,EQ,,,,,GUJ STATE FERT & CHEM LTD,200.59,200.73,196.5,197.03,196.95,199.82,,197.02,,,1268300,251376195.69,14594,F1,1,,,,,
2025-08-28,2025-08-28,CM,NSE,STK,14677,INE826C01016,GUJAPOLLO,EQ,,,,,GUJ. APOLLO IND. LTD.,506.0,539.8,500.3,525.55,516.8,511.55,,525.65,,,354339,185636485.55,12731,F1,1,,,,,
2025-08-28,2025-08-28,CM,NSE,STK,1267,INE186A01019,GUJALKALI,EQ,,,,,GUJARAT ALKALIES & CHEM,565.25,571.5,561.45,564.1,564.65,565.25,,564.2,,,20281,11478970.1,1844,F1,1,,,,,
2025-08-28,2025-08-28,CM,NSE,STK,8828,INE036B01030,GAEL,EQ,,,,,GUJARAT AMBUJA EXPORTS LT,102.4,103.8,102.24,102.45,102.59,102.4,,102.45,,,307616,31568042.16,3887,F1,1,,,,,
2025-08-28,2025-08-28,CM,NSE,STK,13750,INE09N301011,FLUOROCHEM,EQ,,,,,GUJARAT FLUOROCHEM LTD,3375.0,3450.6,3355.0,3420.7,3415.0,3380.5,,3420.6,,,70305,240097933.4,11243,F1,1,,,,,
2025-08-28,2025-08-28,CM,NSE,STK,10599,INE844O01030,GUJGASLTD,EQ,,,,,GUJARAT GAS LIMITED,429.6,429.6,418.25,419.1,419.95,425.35,,419.1,,,153031,64601025.6,9169,F1,1,,,,,
2025-08-28,2025-08-28,CM,NSE,STK,8412,INE540A01017,GLFL,BE,,,,,GUJARAT LEASE FINANCING L,6.0,6.0,5.65,5.97,5.99,5.95,,5.94,,,2720,15481.37,21,F1,1,,,,,
2025-08-28,2025-08-28,CM,NSE,STK,5204,INE131A01031,GMDCLTD,EQ,,,,,GUJARAT MINERAL DEV CORP,408.55,420.95,403.7,415.1,414.6,409.65,,415.1,,,1747805,724448755.0,33997,F1,1,,,,,
2025-08-28,2025-08-28,CM,NSE,STK,19731,INE517F01014,GPPL,EQ,,,,,GUJARAT PIPAVAV PORT LTD,151.91,152.5,147.35,150.99,151.6,156.22,,150.99,,,1927534,288717350.88,25259,F1,1,,,,,
2025-08-28,2025-08-28,CM,NSE,STK,4548,INE610B01024,GUJRAFFIA,EQ,,,,,GUJARAT RAFFIA INDUST LTD,39.09,40.1,38.0,39.54,39.89,38.93,,39.56,,,3644,142132.51,128,F1,1,,,,,
2025-08-28,2025-08-28,CM,NSE,STK,13197,INE246F01010,GSPL,EQ,,,,,GUJARAT STATE PETRO LTD,296.3,297.65,290.2,290.7,291.25,296.3,,290.7,,,264833,77593275.0,14604,F1,1,,,,,
2025-08-28,2025-08-28,CM,NSE,STK,29731,INE942C01045,GUJTHEM,EQ,,,,,GUJARAT THEMIS BIOSYN LTD,381.0,387.1,376.9,380.8,382.8,386.6,,380.8,,,366944,140685557.1,4123,F1,1,,,,,
2025-08-28,2025-08-28,CM,NSE,STK,4391,INE635Q01029,GULFOILLUB,EQ,,,,,GULF OIL LUB. IND. LTD.,1245.8,1250.0,1225.0,1234.5,1235.0,1239.5,,1234.5,,,43435,53572913.5,5776,F1,1,,,,,
2025-08-28,2025-08-28,CM,NSE,STK,6286,INE255D01024,GULPOLY,EQ,,,,,GULSHAN POLYOLS LIMITED,164.72,165.05,162.0,162.32,162.25,164.46,,162.33,,,32824,5346921.91,1183,F1,1,,,,,
2025-08-28,2025-08-28,CM,NSE,STK,13229,INE251H01024,GVKPIL,BE,,,,,GVK POW. & INFRA LTD.,3.22,3.22,3.15,3.15,3.15,3.22,,3.15,,,1178407,3728027.86,1328,F1,1,,,,,
2025-08-28,2025-08-28,CM,NSE,STK,10865,INE382T01030,GVPTECH,EQ,,,,,GVP INFOTECH LIMITED,10.1,10.11,9.9,10.01,10.05,10.1,,10.01,,,28069,280564.24,242,F1,1,,,,,
2025-08-28,2025-08-28,CM,NSE,STK,758136,IN9382T01012,GVPTECHPP,E1,,,,,GVPTECH RE.1 PPD UP,5.54,5.56,5.0,5.0,5.0,5.56,,5.0,,,36746,184398.97,54,F1,1,,,,,
2025-08-28,2025-08-28,CM,NSE,STK,1672,INE926X01010,HGINFRA,EQ,,,,,H.G.INFRA ENGINEERING LTD,971.0,980.0,960.4,974.3,973.3,977.1,,974.2,,,50750,49060079.8,6043,F1,1,,,,,
2025-08-28,2025-08-28,CM,NSE,STK,48,INE419U01012,HAPPSTMNDS,EQ,,,,,HAPPIEST MINDS TECHNO LTD,581.6,581.6,564.0,566.75,568.0,581.6,,566.75,,,270936,154708439.0,17535,F1,1,,,,,
2025-08-28,2025-08-28,CM,NSE,STK,20854,INE330T01021,HAPPYFORGE,EQ,,,,,HAPPY FORGINGS LIMITED,909.45,917.95,898.2,912.15,910.0,910.15,,912.2,,,14981,13610427.6,2655,F1,1,,,,,
2025-08-28,2025-08-28,CM,NSE,STK,757665,INE0TLP01015,WHITEFORCE,SM,,,,,HAPPY SQUARE OUTSOURC S L,77.35,77.35,75.55,76.2,75.55,82.0,,76.2,,,22400,1711920.0,5,F1,1600,,,,,
2025-08-28,2025-08-28,CM,NSE,STK,8962,INE626Z01029,HARDWYN,EQ,,,,,HARDWYN INDIA LIMITED,13.31,13.9,13.1,13.43,13.52,13.37,,13.43,,,217791,2913331.01,906,F1,1,,,,,
2025-08-28,2025-08-28,CM,NSE,STK,8968,INE00EV01017,HARIOMPIPE,EQ,,,,,HARIOM PIPE INDUSTRIES L,475.1,484.8,472.0,481.4,481.0,479.25,,481.35,,,144636,69472118.55,5137,F1,1,,,,,
2025-08-28,2025-08-28,CM,NSE,STK,1313,INE544A01019,HARRMALAYA,EQ,,,,,HARRISON MALAYALAM LTD,209.0,213.39,208.8,210.77,209.87,210.01,,210.77,,,7670,1618206.81,352,F1,1,,,,,
2025-08-28,2025-08-28,CM,NSE,STK,11162,INE0JUS01029,HARSHA,EQ,,,,,HARSHA ENGINEERS INT LTD,407.4,412.0,401.15,402.45,401.25,407.6,,402.3,,,26325,10681614.5,2067,F1,1,,,,,
2025-08-28,2025-08-28,CM,NSE,STK,18154,INE982F01036,HATHWAY,EQ,,,,,HATHWAY CABLE & DATACOM,14.6,14.8,14.54,14.74,14.75,14.7,,14.74,,,1400929,20615136.57,5547,F1,1,,,,,
2025-08-28,2025-08-28,CM,NSE,STK,3892,INE473B01035,HATSUN,EQ,,,,,HATSUN AGRO PRODUCT LTD.,892.2,907.0,881.0,895.85,892.8,883.6,,895.9,,,34427,30959504.35,6765,F1,1,,,,,
2025-08-28,2025-08-28,CM,NSE,STK,9819,INE176B01034,HAVELLS,EQ,,,,,HAVELLS INDIA LIMITED,1514.5,1528.0,1512.2,1519.4,1515.0,1517.9,,1519.5,,,655530,996620185.7,31890,F1,1,,,,,
2025-08-28,2025-08-28,CM,NSE,STK,4118,INE550B01022,HBSL,BE,,,,,HB STOCKHOLDINGS LIMITED,75.8,80.45,75.74,76.47,76.2,77.69,,76.75,,,925,71045.07,51,F1,1,,,,,
2025-08-28,2025-08-28,CM,NSE,STK,13966,INE292B01021,HBLENGINE,EQ,,,,,HBL ENGINEERING LTD,765.25,793.9,753.7,780.9,779.0,771.3,,780.9,,,2061033,1602569322.2,56562,F1,1,,,,,
2025-08-28,2025-08-28,CM,NSE,STK,5735,INE236A01020,HCL-INSYS,BE,,,,,HCL INFOSYSTEMS-DEPO SETT,15.5,15.54,14.9,15.05,15.1,15.06,,15.06,,,77809,1185149.4,464,F1,1,,,,,
2025-08-28,2025-08-28,CM,NSE,STK,7229,INE860A01027,HCLTECH,EQ,,,,,HCL TECHNOLOGIES LTD,1488.0,1488.0,1446.0,1449.8,1450.2,1492.8,,1449.8,,,4367902,6364870712.1,170218,F1,1,,,,,
2025-08-28,2025-08-28,CM,NSE,STK,757772,INE756I01012,HDBFS,EQ,,,,,HDB FINANCIAL SERVICES L,788.1,792.0,778.35,781.95,782.6,790.05,,781.95,,,736746,577353842.5,54783,F1,1,,,,,
2025-08-28,2025-08-28,CM,NSE,STK,4244,INE127D01025,HDFCAMC,EQ,,,,,HDFC AMC LIMITED,5745.0,5745.0,5569.0,5582.0,5582.0,5759.5,,5582.0,,,463350,2612829229.0,64931,F1,1,,,,,
2025-08-28,2025-08-28,CM,NSE,STK,1333,INE040A01034,HDFCBANK,EQ,,,,,HDFC BANK LTD,967.0,972.2,955.0,957.8,961.8,973.4,,957.8,,,25438255,24473886027.8,377835,F1,1,,,,,
2025-08-28,2025-08-28,CM,NSE,STK,19543,INF179KC1981,HDFCGOLD,EQ,,,,,HDFC GOLD ETF,88.64,88.64,86.67,87.09,87.05,86.48,,87.09,,,2335852,203278563.15,5037,F1,1,,,,,
2025-08-28,2025-08-28,CM,NSE,STK,467,INE795G01014,HDFCLIFE,EQ,,,,,HDFC LIFE INS CO LTD,775.5,788.9,771.0,775.35,774.6,776.6,,775.35,,,2892634,2253721951.5,146869,F1,1,,,,,
2025-08-28,2025-08-28,CM,NSE,STK,14230,INF179KC1EZ4,HDFCBSE500,EQ,,,,,HDFCAMC - HDFCBSE500,36.62,36.95,36.3,36.43,36.58,36.68,,36.43,,,9217,337048.43,258,F1,1,,,,,
2025-08-28,2025-08-28,CM,NSE,STK,11241,INF179KC1DJ0,HDFCGROWTH,EQ,,,,,HDFCAMC - HDFCGROWTH,122.61,122.62,120.65,121.68,121.95,122.62,,121.68,,,18035,2197930.9,265,F1,1,,,,,
2025-08-28,2025-08-28,CM,NSE,STK,18279,INF179KC1JG3,HDFCLIQUID,EQ,,,,,HDFCAMC - HDFCLIQUID,1025.23,1025.27,1025.23,1025.26,1025.25,1025.1,,1025.26,,,12304,12614679.65,34,F1,1,,,,,
2025-08-28,2025-08-28,CM,NSE,STK,11547,INF179KC1HU8,HDFCLOWVOL,EQ,,,,,HDFCAMC - HDFCLOWVOL,21.25,21.25,20.43,20.53,20.43,20.74,,20.53,,,146684,3027378.39,157,F1,1,,,,,
2025-08-28,2025-08-28,CM,NSE,STK,14236,INF179KC1HT0,HDFCMID150,EQ,,,,,HDFCAMC - HDFCMID150,20.83,21.59,20.83,21.12,21.37,21.37,,21.12,,,307822,6525566.82,2741,F1,1,,,,,
2025-08-28,2025-08-28,CM,NSE,STK,11538,INF179KC1HV6,HDFCMOMENT,EQ,,,,,HDFCAMC - HDFCMOMENT,30.73,30.73,30.05,30.09,30.14,30.45,,30.09,,,173634,5242893.36,1804,F1,1,,,,,
2025-08-28,2025-08-28,CM,NSE,STK,10619,INF179KC1HS2,HDFCNEXT50,EQ,,,,,HDFCAMC - HDFCNEXT50,68.67,69.5,67.11,67.33,68.65,68.01,,67.33,,,83480,5634860.28,1057,F1,1,,,,,
2025-08-28,2025-08-28,CM,NSE,STK,10633,INF179KC1HR4,HDFCNIF100,EQ,,,,,HDFCAMC - HDFCNIF100,26.14,26.14,25.75,25.8,25.9,26.01,,25.82,,,113905,2951155.81,676,F1,1,,,,,
2025-08-28,2025-08-28,CM,NSE,STK,22433,INF179KC1HY0,HDFCNIFBAN,EQ,,,,,HDFCAMC - HDFCNIFBAN,56.47,56.66,55.23,55.3,55.37,55.98,,55.3,,,69068,3835645.89,663,F1,1,,,,,
2025-08-28,2025-08-28,CM,NSE,STK,12101,INF179KC1IA8,HDFCNIFIT,EQ,,,,,HDFCAMC - HDFCNIFIT,38.0,38.0,37.2,37.26,37.27,37.82,,37.26,,,58981,2204871.89,332,F1,1,,,,,
2025-08-28,2025-08-28,CM,NSE,STK,11591,INF179KC1965,HDFCNIFTY,EQ,,,,,HDFCAMC - HDFCNIFTY,277.48,277.48,273.8,273.9,274.5,276.1,,273.92,,,65172,17894262.17,1354,F1,1,,,,,
2025-08-28,2025-08-28,CM,NSE,STK,12108,INF179KC1HZ7,HDFCPVTBAN,EQ,,,,,HDFCAMC - HDFCPVTBAN,27.0,27.04,26.51,26.55,26.62,26.83,,26.54,,,55308,1473009.21,539,F1,1,,,,,
2025-08-28,2025-08-28,CM,NSE,STK,11255,INF179KC1DL6,HDFCQUAL,EQ,,,,,HDFCAMC - HDFCQUAL,55.0,58.32,55.0,57.54,57.61,57.81,,57.55,,,20288,1164431.81,391,F1,1,,,,,
2025-08-28,2025-08-28,CM,NSE,STK,11593,INF179KC1HX2,HDFCSENSEX,EQ,,,,,HDFCAMC - HDFCSENSEX,92.0,92.0,90.1,90.23,90.36,90.96,,90.21,,,38460,3482083.98,720,F1,1,,,,,
2025-08-28,2025-08-28,CM,NSE,STK,10876,INF179KC1DI2,HDFCSILVER,EQ,,,,,HDFCAMC - HDFCSILVER,112.36,113.07,112.36,112.99,112.95,112.07,,112.99,,,1064794,120139232.57,3397,F1,1,,,,,
2025-08-28,2025-08-28,CM,NSE,STK,14233,INF179KC1FB2,HDFCSML250,EQ,,,,,HDFCAMC - HDFCSML250,172.98,172.98,164.55,166.98,167.3,168.77,,166.94,,,1269862,212590537.34,18784,F1,1,,,,,
2025-08-28,2025-08-28,CM,NSE,STK,11260,INF179KC1DK8,HDFCVALUE,EQ,,,,,HDFCAMC - HDFCVALUE,133.09,133.55,130.97,131.56,131.5,133.09,,131.58,,,4904,647026.06,151,F1,1,,,,,
2025-08-28,2025-08-28,CM,NSE,STK,22595,INF179KC1HW4,HDFCPSUBK,EQ,,,,,HDFCAMC HDFCPSUBK,69.41,69.68,68.27,68.46,68.97,69.07,,68.46,,,11989,824336.04,159,F1,1,,,,,
2025-08-28,2025-08-28,CM,NSE,STK,19205,INE759V01019,HEADSUP,EQ,,,,,HEADS UP VENTURES LIMITED,10.5,10.53,9.71,10.49,10.5,10.46,,10.49,,,9983,104004.81,88,F1,1,,,,,
2025-08-28,2025-08-28,CM,NSE,STK,15555,INE075I01017,HCG,EQ,,,,,HEALTHCARE GLOB. ENT. LTD,689.3,691.0,670.3,673.15,671.9,686.2,,673.15,,,108225,73203655.65,8847,F1,1,,,,,
2025-08-28,2025-08-28,CM,NSE,STK,7429,INE558R01013,HECPROJECT,BE,,,,,HEC INFRA PROJECTS LTD,157.7,157.7,150.09,151.0,151.0,157.99,,151.0,,,6011,910808.82,94,F1,1,,,,,
2025-08-28,2025-08-28,CM,NSE,STK,1336,INE545A01024,HEG,EQ,,,,,HEG LTD,476.1,479.85,470.0,470.95,470.4,478.2,,470.95,,,303576,143839776.55,11407,F1,1,,,,,
2025-08-28,2025-08-28,CM,NSE,STK,2316,INE578A01017,HEIDELBERG,EQ,,,,,HEIDELBERGCEMENT (I) LTD,210.26,213.78,208.52,209.67,209.5,210.84,,209.69,,,62970,13236340.93,2691,F1,1,,,,,
2025-08-28,2025-08-28,CM,NSE,STK,701,INE0AJG01018,HEMIPROP,EQ,,,,,HEMISPHERE PROP IND LTD,133.0,135.97,133.0,133.81,133.6,135.27,,133.83,,,246027,33029039.91,4000,F1,1,,,,,
2025-08-28,2025-08-28,CM,NSE,STK,2614,INE694N01015,HERANBA,EQ,,,,,HERANBA INDUSTRIES LTD,360.1,364.0,355.3,357.95,357.55,362.4,,357.95,,,41436,14867468.95,2442,F1,1,,,,,
2025-08-28,2025-08-28,CM,NSE,STK,15292,INE688E01024,HERCULES,BE,,,,,HERCULES HOI. LTD.,160.0,161.25,156.0,157.09,158.9,159.58,,157.26,,,3876,613114.18,123,F1,1,,,,,
2025-08-28,2025-08-28,CM,NSE,STK,4598,INE978A01027,HERITGFOOD,EQ,,,,,HERITAGE FOODS LTD,468.95,469.0,458.45,463.15,463.0,466.1,,463.15,,,151426,69994552.3,6112,F1,1,,,,,
2025-08-28,2025-08-28,CM,NSE,STK,1348,INE158A01026,HEROMOTOCO,EQ,,,,,HERO MOTOCORP LIMITED,5230.0,5246.0,5078.4,5091.7,5106.6,5073.4,,5091.7,,,1584393,8150038625.9,143573,F1,1,,,,,
2025-08-28,2025-08-28,CM,NSE,STK,7048,INE782E01017,HESTERBIO,EQ,,,,,HESTER BIOSCIENCES LTD,2116.2,2116.2,2025.0,2030.5,2041.0,2116.2,,2030.6,,,4142,8526234.9,1079,F1,1,,,,,
2025-08-28,2025-08-28,CM,NSE,STK,715,INE492A01029,HEUBACHIND,EQ,,,,,HEUBACH COLORANTS IND LTD,594.0,595.3,593.1,593.9,594.0,594.1,,593.9,,,37156,22058818.65,381,F1,1,,,,,
2025-08-28,2025-08-28,CM,NSE,STK,27008,INE750M01017,HEXATRADEX,EQ,,,,,HEXA TRADEX LIMITED,179.71,180.04,176.42,178.21,178.0,177.29,,178.21,,,590,104885.06,87,F1,1,,,,,
2025-08-28,2025-08-28,CM,NSE,STK,29666,INE093A01041,HEXT,EQ,,,,,HEXAWARE TECHNOLOGIES LTD,794.0,803.45,773.65,775.8,775.15,793.95,,775.8,,,601677,471783197.25,39709,F1,1,,,,,
2025-08-28,2025-08-28,CM,NSE,STK,21951,INE548A01028,HFCL,EQ,,,,,HFCL LIMITED,71.82,72.15,69.3,69.71,69.7,71.82,,69.71,,,11171055,791006207.63,44520,F1,1,,,,,
2025-08-28,2025-08-28,CM,NSE,STK,18794,INE0PIC01017,HIGREEN,SM,,,,,HI GREEN CARBON LIMITED,205.85,205.85,203.0,203.0,203.0,205.85,,203.0,,,3200,655080.0,4,F1,800,,,,,
2025-08-28,2025-08-28,CM,NSE,STK,2868,INE106T01025,HITECH,EQ,,,,,HI-TECH PIPES LIMITED,86.31,87.4,85.3,86.46,87.1,86.22,,86.46,,,467005,40304098.86,4693,F1,1,,,,,
2025-08-28,2025-08-28,CM,NSE,STK,759103,INE00RL01028,HILINFRA,EQ,,,,,HIGHWAY INFRASTRUCTURE L,91.99,96.8,88.01,94.1,94.4,91.95,,94.11,,,1874584,175567821.62,18690,F1,1,,,,,
2025-08-28,2025-08-28,CM,NSE,STK,9668,INE475B01022,HIKAL,EQ,,,,,HIKAL LIMITED,254.05,261.9,252.1,254.05,255.05,255.75,,254.05,,,420268,107825041.9,15901,F1,1,,,,,
2025-08-28,2025-08-28,CM,NSE,STK,14631,INE788H01017,HILTON,BE,,,,,HILTON METAL FORGING LTD,52.15,52.58,50.55,51.2,51.99,52.6,,51.22,,,62157,3200065.11,330,F1,1,,,,,
2025-08-28,2025-08-28,CM,NSE,STK,14334,INE019C01026,HSCL,EQ,,,,,HIMADRI SPECIALITY CHEM L,454.9,459.85,449.1,450.7,451.8,455.6,,450.7,,,497097,225689730.4,17510,F1,1,,,,,
2025-08-28,2025-08-28,CM,NSE,STK,1360,INE049A01027,HIMATSEIDE,EQ,,,,,HIMATSINGKA SEIDE LTD,121.5,122.59,118.0,119.04,119.2,122.63,,119.01,,,742885,89133906.54,10144,F1,1,,,,,
2025-08-28,2025-08-28,CM,NSE,STK,17046,INE952A01022,HINDNATGLS,EQ,,,,,HIND NATL GLASS & IND LTD,10.32,10.32,10.32,10.32,10.32,10.87,,10.32,,,25628,264480.96,172,F1,1,,,,,
2025-08-28,2025-08-28,CM,NSE,STK,13890,INE835D01023,HIRECT,EQ,,,,,HIND RECTIFIER LIMITED,1580.0,1580.0,1520.5,1538.3,1555.0,1582.0,,1538.1,,,49623,77132337.8,5975,F1,1,,,,,
2025-08-28,2025-08-28,CM,NSE,STK,1363,INE038A01020,HINDALCO,EQ,,,,,HINDALCO  INDUSTRIES  LTD,700.8,707.0,698.1,701.4,699.65,705.7,,701.4,,,5620555,3950387565.0,75092,F1,1,,,,,
2025-08-28,2025-08-28,CM,NSE,STK,4920,INE642Y01029,HINDCON,EQ,,,,,HINDCON CHEMICALS LIMITED,32.87,32.87,31.72,32.12,32.3,32.42,,32.12,,,12138,389522.77,218,F1,1,,,,,
2025-08-28,2025-08-28,CM,NSE,STK,11796,INE05X901010,HPIL,EQ,,,,,HINDPRAKASH INDUSTRY LTD,131.21,132.09,127.36,128.93,129.2,129.58,,128.9,,,1871,241544.71,144,F1,1,,,,,
2025-08-28,2025-08-28,CM,NSE,STK,14712,INE170I01016,HGS,EQ,,,,,HINDUJA GLOBAL SOLS. LTD.,522.7,530.0,516.45,523.75,529.7,522.7,,523.85,,,12255,6371626.45,1370,F1,1,,,,,
2025-08-28,2025-08-28,CM,NSE,STK,2303,INE066F01020,HAL,EQ,,,,,HINDUSTAN AERONAUTICS LTD,4384.0,4430.0,4338.5,4344.7,4353.8,4383.6,,4344.7,,,1163967,5093279179.0,93052,F1,1,,,,,
2025-08-28,2025-08-28,CM,NSE,STK,1372,INE310C01029,HINDCOMPOS,EQ,,,,,HINDUSTAN COMPOSITES LTD.,461.45,485.1,457.0,461.05,457.0,460.6,,461.05,,,17236,8167384.4,1089,F1,1,,,,,
2025-08-28,2025-08-28,CM,NSE,STK,7563,INE549A01026,HCC,BE,,,,,HINDUSTAN CONSTRUC,25.7,26.25,25.12,25.39,25.4,25.85,,25.4,,,3157727,81174796.92,6608,F1,1,,,,,
2025-08-28,2025-08-28,CM,NSE,STK,17939,INE531E01026,HINDCOPPER,EQ,,,,,HINDUSTAN COPPER LTD,230.7,232.22,226.7,230.91,231.0,231.19,,230.9,,,1543223,354349782.14,25108,F1,1,,,,,
2025-08-28,2025-08-28,CM,NSE,STK,12173,INE254N01026,HNDFDS,EQ,,,,,HINDUSTAN FOODS LIMITED,526.05,528.9,516.1,518.95,521.35,529.7,,518.95,,,45515,23740915.2,4966,F1,1,,,,,
2025-08-28,2025-08-28,CM,NSE,STK,19211,INE871K01015,HMVL,EQ,,,,,HINDUSTAN MEDIA VENT LTD,87.15,87.15,85.5,85.84,85.5,85.85,,85.87,,,7988,690732.83,181,F1,1,,,,,
2025-08-28,2025-08-28,CM,NSE,STK,21679,INE253A01025,HINDMOTORS,BE,,,,,HINDUSTAN MOTORS LIMITED,22.33,22.33,21.72,22.14,22.27,22.34,,22.14,,,280513,6206283.09,1522,F1,1,,,,,
2025-08-28,2025-08-28,CM,NSE,STK,1403,INE345A01011,HINDOILEXP,EQ,,,,,HINDUSTAN OIL EXPLORATION,163.13,164.0,161.25,161.47,161.35,164.07,,161.48,,,119534,19393812.66,3889,F1,1,,,,,
2025-08-28,2025-08-28,CM,NSE,STK,1406,INE094A01015,HINDPETRO,EQ,,,,,HINDUSTAN PETROLEUM CORP,384.65,386.5,380.8,381.75,381.7,382.95,,381.75,,,3975225,1524128631.6,53125,F1,1,,,,,
2025-08-28,2025-08-28,CM,NSE,STK,1394,INE030A01027,HINDUNILVR,EQ,,,,,HINDUSTAN UNILEVER LTD.,2748.0,2748.0,2646.8,2654.4,2653.8,2692.6,,2654.4,,,3198743,8567118649.8,145385,F1,1,,,,,
2025-08-28,2025-08-28,CM,NSE,STK,1424,INE267A01025,HINDZINC,EQ,,,,,HINDUSTAN ZINC LIMITED,429.0,431.0,420.55,421.7,422.9,430.15,,421.7,,,1139531,483694883.2,26254,F1,1,,,,,
2025-08-28,2025-08-28,CM,NSE,STK,15883,INE05AN01011,HINDWAREAP,EQ,,,,,HINDWARE HME INOVATON LTD,318.5,325.0,308.95,311.5,308.95,318.5,,311.5,,,258589,82105616.05,10071,F1,1,,,,,
2025-08-28,2025-08-28,CM,NSE,STK,19322,INE598C01011,HISARMETAL,EQ,,,,,HISAR METAL IND. LIMITED,187.25,187.25,184.5,185.27,185.0,187.2,,185.26,,,2722,505052.19,212,F1,1,,,,,
2025-08-28,2025-08-28,CM,NSE,STK,18457,INE07Y701011,POWERINDIA,EQ,,,,,HITACHI ENERGY INDIA LTD,19575.0,20010.0,19355.0,19590.0,19500.0,19780.0,,19590.0,,,146953,2897004625.0,39842,F1,1,,,,,
2025-08-28,2025-08-28,CM,NSE,STK,15161,INE120D01012,HITECHCORP,EQ,,,,,HITECH CORPORATION LTD,201.0,206.0,200.51,201.24,200.51,203.41,,201.24,,,1375,278675.91,94,F1,1,,,,,
2025-08-28,2025-08-28,CM,NSE,STK,2289,INE461D01028,HLEGLAS,EQ,,,,,HLE GLASCOAT LIMITED,530.0,530.3,503.65,510.0,512.0,530.3,,509.95,,,241084,124324630.75,8423,F1,1,,,,,
2025-08-28,2025-08-28,CM,NSE,STK,1448,INE102A01024,HLVLTD,EQ,,,,,HLV LIMITED,11.31,11.79,11.31,11.62,11.56,11.56,,11.62,,,186505,2169426.07,988,F1,1,,,,,
2025-08-28,2025-08-28,CM,NSE,STK,17053,INE0ECP01024,HMAAGRO,EQ,,,,,HMA AGRO INDUSTRIES LTD,31.0,31.28,29.5,30.07,30.13,31.31,,30.08,,,111772,3402431.97,1321,F1,1,,,,,
2025-08-28,2025-08-28,CM,NSE,STK,19698,INE262A01018,HMT,BZ,,,,,HMT LTD -,54.55,56.99,54.55,56.38,56.38,55.79,,56.31,,,5771,319962.0,97,F1,1,,,,,
2025-08-28,2025-08-28,CM,NSE,STK,23826,INE0S6S01017,HOACFOODS,ST,,,,,HOAC FOODS INDIA LIMITED,198.95,199.5,196.0,198.55,198.55,191.5,,198.55,,,11250,2234587.5,14,F1,750,,,,,
2025-08-28,2025-08-28,CM,NSE,STK,18649,INE0LXA01019,HOLMARC,SM,,,,,HOLMARC OPTO MECHATRO L,120.0,120.1,117.8,118.5,118.5,122.4,,118.5,,,6750,804862.5,8,F1,750,,,,,
2025-08-28,2025-08-28,CM,NSE,STK,2056,INE481N01025,HOMEFIRST,EQ,,,,,HOME FIRST FIN CO IND LTD,1296.9,1297.0,1236.1,1243.1,1244.0,1294.5,,1243.0,,,210080,264410599.7,22907,F1,1,,,,,
2025-08-28,2025-08-28,CM,NSE,STK,13526,INE0N7F01017,HOMESFY,SM,,,,,HOMESFY REALTY LIMITED,270.0,270.0,270.0,270.0,270.0,270.0,,270.0,,,2100,567000.0,4,F1,300,,,,,
2025-08-28,2025-08-28,CM,NSE,STK,19813,INE0J5401028,HONASA,EQ,,,,,HONASA CONSUMER LIMITED,295.95,296.2,288.6,293.25,295.45,296.7,,293.2,,,342086,100224457.05,17536,F1,1,,,,,
2025-08-28,2025-08-28,CM,NSE,STK,3138,INE634A01018,HONDAPOWER,EQ,,,,,HONDA I POWER PRODUCT LTD,2798.2,2900.0,2750.2,2853.7,2842.4,2798.2,,2853.2,,,18589,53026784.9,5535,F1,1,,,,,
2025-08-28,2025-08-28,CM,NSE,STK,3417,INE671A01010,HONAUT,EQ,,,,,HONEYWELL AUTOMATION IND,37985.0,39200.0,37705.0,39015.0,38910.0,37890.0,,39015.0,,,8770,340385275.0,4607,F1,1,,,,,
2025-08-28,2025-08-28,CM,NSE,STK,17920,INE191I01012,HDIL,BZ,,,,,HOUSING DEV & INFRA LTD,3.02,3.14,2.98,3.01,3.0,3.08,,3.01,,,42884,129698.55,147,F1,1,,,,,
2025-08-28,2025-08-28,CM,NSE,STK,13595,INE596H01014,HOVS,BE,,,,,HOV SERVICES LTD,80.5,80.5,74.07,74.27,74.07,77.97,,74.31,,,68523,5259106.63,280,F1,1,,,,,
2025-08-28,2025-08-28,CM,NSE,STK,7376,INE0GSL01024,HPAL,EQ,,,,,HP ADHESIVES LIMITED,46.3,46.51,45.61,46.08,46.07,46.08,,46.08,,,41311,1905942.63,848,F1,1,,,,,
2025-08-28,2025-08-28,CM,NSE,STK,18679,INE495S01016,HPL,EQ,,,,,HPL ELECTRIC & POWER LTD,471.35,471.5,457.0,461.5,463.7,471.55,,461.6,,,199809,92194791.55,14528,F1,1,,,,,
2025-08-28,2025-08-28,CM,NSE,STK,21120,INE0R3501012,HRHNEXT,ST,,,,,HRH NEXT SERVICES LIMITED,38.0,38.5,35.85,36.0,36.0,37.7,,36.0,,,13500,502575.0,9,F1,1500,,,,,
2025-08-28,2025-08-28,CM,NSE,STK,20825,INE031A01017,HUDCO,EQ,,,,,HSG & URBAN DEV CORPN LTD,207.8,208.99,204.1,204.86,205.99,207.88,,204.87,,,2668169,550551932.28,24263,F1,1,,,,,
2025-08-28,2025-08-28,CM,NSE,STK,11982,INE501G01024,HTMEDIA,BE,,,,,HT MEDIA LIMITED,24.99,25.8,24.8,24.85,24.8,25.25,,24.88,,,186806,4722421.94,225,F1,1,,,,,
2025-08-28,2025-08-28,CM,NSE,STK,14203,INE703H01016,HUBTOWN,EQ,,,,,HUBTOWN LIMITED,360.2,360.2,341.35,352.0,356.0,356.1,,352.0,,,1459235,511213215.35,20498,F1,1,,,,,
2025-08-28,2025-08-28,CM,NSE,STK,2562,INE275B01026,HUHTAMAKI,EQ,,,,,HUHTAMAKI INDIA LIMITED,213.0,213.58,208.74,210.93,210.05,213.58,,210.95,,,37581,7922402.32,1859,F1,1,,,,,
2025-08-28,2025-08-28,CM,NSE,STK,12814,INE965B01022,HYBRIDFIN,BE,,,,,HYBRID FINANCIAL SERVICE,15.3,15.3,14.47,14.47,14.47,15.24,,15.14,,,17532,255342.5,93,F1,1,,,,,
2025-08-28,2025-08-28,CM,NSE,STK,25844,INE0V6F01027,HYUNDAI,EQ,,,,,HYUNDAI MOTOR INDIA LTD,2501.0,2571.0,2426.0,2441.4,2440.0,2492.4,,2441.6,,,1255596,3134699633.1,88474,F1,1,,,,,
2025-08-28,2025-08-28,CM,NSE,STK,14086,INE204A01010,IGPL,EQ,,,,,I G PETROCHEMICALS LTD,439.6,442.3,429.75,430.45,432.0,439.6,,430.5,,,18673,8090738.0,1493,F1,1,,,,,
2025-08-28,2025-08-28,CM,NSE,STK,9610,INE613B01010,ICDSLTD,BE,,,,,ICDSLTD,49.29,49.29,48.0,48.0,48.0,49.3,,48.0,,,118,5665.29,6,F1,1,,,,,
2025-08-28,2025-08-28,CM,NSE,STK,489,INE520Y01019,ICEMAKE,EQ,,,,,ICE MAKE REFRIGERAT LTD,733.9,749.5,726.5,741.35,741.0,726.6,,741.35,,,20029,14816208.1,2712,F1,1,,,,,
2025-08-28,2025-08-28,CM,NSE,STK,4963,INE090A01021,ICICIBANK,EQ,,,,,ICICI BANK LTD.,1408.0,1411.8,1396.3,1399.1,1397.6,1416.6,,1399.1,,,12990789,18226341926.4,241173,F1,1,,,,,
2025-08-28,2025-08-28,CM,NSE,STK,21770,INE765G01017,ICICIGI,EQ,,,,,ICICI LOMBARD GIC LIMITED,1880.0,1892.8,1850.5,1860.3,1864.0,1872.7,,1860.3,,,870926,1626922927.4,89268,F1,1,,,,,
2025-08-28,2025-08-28,CM,NSE,STK,21254,INF109KC19U5,LOWVOLIETF,EQ,,,,,ICICI PR NIF LW VL 30 ETF,22.3,22.46,21.71,22.24,22.27,22.38,,22.24,,,365588,8147194.91,1401,F1,1,,,,,
2025-08-28,2025-08-28,CM,NSE,STK,18652,INE726G01019,ICICIPRULI,EQ,,,,,ICICI PRU LIFE INS CO LTD,616.3,623.9,607.3,609.55,610.8,616.3,,609.55,,,996116,614332919.2,48563,F1,1,,,,,
2025-08-28,2025-08-28,CM,NSE,STK,17702,INF109KC10W0,MIDSELIETF,EQ,,,,,ICICI PRUD MIDCAP SEL ETF,17.38,17.38,17.06,17.1,17.38,17.28,,17.1,,,130935,2243888.01,892,F1,1,,,,,
2025-08-28,2025-08-28,CM,NSE,STK,30392,INF109KC16V9,NIF100IETF,EQ,,,,,ICICI PRUD NIFTY 100 ETF,28.89,28.89,27.84,27.92,28.04,28.19,,27.91,,,1839238,51531347.73,1773,F1,1,,,,,
2025-08-28,2025-08-28,CM,NSE,STK,29553,INF109K012R6,NIFTYIETF,EQ,,,,,ICICI PRUD NIFTY ETF,269.5,277.85,269.5,275.47,276.0,277.84,,275.48,,,584076,161354954.64,9806,F1,1,,,,,
2025-08-28,2025-08-28,CM,NSE,STK,4378,INF346A01034,SENSEXIETF,EQ,,,,,ICICI PRUD SENSEX ETF,921.0,931.0,913.72,915.31,914.68,922.44,,915.42,,,22687,20802277.17,652,F1,1,,,,,
2025-08-28,2025-08-28,CM,NSE,STK,19679,INF109KC1NT3,GOLDIETF,EQ,,,,,ICICI PRUDENTIAL GOLD ETF,88.52,88.52,84.85,87.22,87.2,86.59,,87.22,,,2133486,185911623.11,13563,F1,1,,,,,
2025-08-28,2025-08-28,CM,NSE,STK,17475,INF109KC11V0,NV20IETF,EQ,,,,,ICICI PRUDENTIAL NV20 ETF,14.23,14.53,14.23,14.27,14.27,14.39,,14.27,,,363993,5204250.54,2828,F1,1,,,,,
2025-08-28,2025-08-28,CM,NSE,STK,522,INF109KB15Y7,ICICIB22,EQ,,,,,ICICIPRAMC - BHARATIWIN,104.1,106.8,104.1,104.97,105.1,105.53,,104.97,,,401208,42198720.63,4334,F1,1,,,,,
2025-08-28,2025-08-28,CM,NSE,STK,30139,INF109K1A021,CASHIETF,EQ,,,,,ICICIPRAMC - CASHIETF,1025.44,1025.46,1025.44,1025.45,1025.46,1025.3,,1025.45,,,79209,81225428.48,22,F1,1,,,,,
2025-08-28,2025-08-28,CM,NSE,STK,755881,INF109K1A153,EVIETF,EQ,,,,,ICICIPRAMC - EVIETF,30.34,30.48,29.92,30.04,30.2,30.19,,30.09,,,55348,1666884.76,448,F1,1,,,,,
2025-08-28,2025-08-28,CM,NSE,STK,13143,INF109KC18O0,GSEC10IETF,EQ,,,,,ICICIPRAMC - ICICI10GS,255.4,256.14,255.39,256.13,256.13,254.13,,256.13,,,515,131570.91,12,F1,1,,,,,
2025-08-28,2025-08-28,CM,NSE,STK,3001,INF109KC1V59,BSE500IETF,EQ,,,,,ICICIPRAMC - ICICI500,38.5,38.78,38.12,38.15,38.17,38.5,,38.15,,,73662,2816859.94,1420,F1,1,,,,,
2025-08-28,2025-08-28,CM,NSE,STK,8342,INF109KC14A8,GSEC5IETF,EQ,,,,,ICICIPRAMC - ICICI5GSEC,62.67,62.67,62.43,62.43,62.43,62.49,,62.43,,,6752,421823.72,24,F1,1,,,,,
2025-08-28,2025-08-28,CM,NSE,STK,22344,INF109KC17V7,ALPL30IETF,EQ,,,,,ICICIPRAMC - ICICIALPLV,27.17,27.28,26.97,27.02,27.02,27.17,,27.02,,,1049698,28479161.38,1713,F1,1,,,,,
2025-08-28,2025-08-28,CM,NSE,STK,7844,INF109KC10V2,AUTOIETF,EQ,,,,,ICICIPRAMC - ICICIAUTO,26.24,26.24,25.84,25.88,25.86,26.01,,25.87,,,384246,9969710.25,2356,F1,1,,,,,
2025-08-28,2025-08-28,CM,NSE,STK,11386,INF109KC18U7,PVTBANIETF,EQ,,,,,ICICIPRAMC - ICICIBANKP,26.42,26.6,26.27,26.3,26.44,26.58,,26.3,,,618283,16301325.5,1818,F1,1,,,,,
2025-08-28,2025-08-28,CM,NSE,STK,13198,INF109KC19O8,COMMOIETF,EQ,,,,,ICICIPRAMC - ICICICOMMO,88.28,88.28,87.08,87.12,87.4,88.07,,87.12,,,71958,6277902.83,3951,F1,1,,,,,
2025-08-28,2025-08-28,CM,NSE,STK,6446,INF109KC1V42,CONSUMIETF,EQ,,,,,ICICIPRAMC - ICICICONSU,126.15,126.15,124.21,124.69,124.87,125.46,,124.69,,,70244,8786034.89,445,F1,1,,,,,
2025-08-28,2025-08-28,CM,NSE,STK,5306,INF109KC19V3,FMCGIETF,EQ,,,,,ICICIPRAMC - ICICIFMCG,60.46,60.46,59.19,59.27,59.41,60.04,,59.27,,,1063971,63361711.84,7205,F1,1,,,,,
2025-08-28,2025-08-28,CM,NSE,STK,10723,INF109KC16E5,INFRAIETF,EQ,,,,,ICICIPRAMC - ICICIINFRA,92.37,92.37,91.17,91.28,91.35,92.22,,91.28,,,278119,25401073.25,4366,F1,1,,,,,
2025-08-28,2025-08-28,CM,NSE,STK,4838,INF109KC1KT9,LIQUIDIETF,EQ,,,,,ICICIPRAMC - ICICILIQ,999.99,1000.01,999.99,999.99,999.99,999.99,,999.99,,,656425,656424859.24,241,F1,1,,,,,
2025-08-28,2025-08-28,CM,NSE,STK,17152,INF109KC11W8,MIDCAPIETF,EQ,,,,,ICICIPRAMC - ICICIM150,21.71,21.83,21.5,21.53,21.54,21.79,,21.53,,,766935,16577082.16,3033,F1,1,,,,,
2025-08-28,2025-08-28,CM,NSE,STK,10585,INF109KC17C7,MOM30IETF,EQ,,,,,ICICIPRAMC - ICICIMOM30,30.7,30.86,30.35,30.38,30.62,30.7,,30.38,,,611566,18640071.85,3348,F1,1,,,,,
2025-08-28,2025-08-28,CM,NSE,STK,4529,INF109KC1NS5,NEXT50IETF,EQ,,,,,ICICIPRAMC - ICICINXT50,69.6,70.9,69.23,69.32,69.8,70.24,,69.32,,,1304628,90811829.75,9338,F1,1,,,,,
2025-08-28,2025-08-28,CM,NSE,STK,3626,INF109KC1Q72,HEALTHIETF,EQ,,,,,ICICIPRAMC - ICICIPHARM,146.61,149.31,146.61,147.42,147.76,148.69,,147.41,,,52426,7731244.51,1447,F1,1,,,,,
2025-08-28,2025-08-28,CM,NSE,STK,17808,INF109KC18V5,QUAL30IETF,EQ,,,,,ICICIPRAMC - ICICIQTY30,21.17,21.17,20.85,20.92,20.97,21.12,,20.92,,,219486,4594544.87,379,F1,1,,,,,
2025-08-28,2025-08-28,CM,NSE,STK,7942,INF109KC1Y56,SILVERIETF,EQ,,,,,ICICIPRAMC - ICICISILVE,117.37,117.5,116.62,117.36,117.3,116.33,,117.36,,,2303726,269971153.59,7177,F1,1,,,,,
2025-08-28,2025-08-28,CM,NSE,STK,22365,INF109KC16I6,ITIETF,EQ,,,,,ICICIPRAMC - ICICITECH,39.09,39.33,38.55,38.61,38.65,39.2,,38.61,,,475875,18434045.76,5233,F1,1,,,,,
2025-08-28,2025-08-28,CM,NSE,STK,11037,INF109KC15I8,BANKIETF,EQ,,,,,ICICIPRAMC - IPRU5008,57.5,57.5,55.14,55.17,55.38,55.83,,55.18,,,243210,13456036.84,2052,F1,1,,,,,
2025-08-28,2025-08-28,CM,NSE,STK,24861,INF109KC19W1,METALIETF,EQ,,,,,ICICIPRAMC - METALIETF,9.34,9.37,9.22,9.25,9.26,9.3,,9.25,,,3835036,35734982.75,2376,F1,1,,,,,
2025-08-28,2025-08-28,CM,NSE,STK,24533,INF109KC18W3,OILIETF,EQ,,,,,ICICIPRAMC - OILIETF,11.2,11.2,11.01,11.06,11.11,11.11,,11.07,,,2523525,27979282.47,2547,F1,1,,,,,
2025-08-28,2025-08-28,CM,NSE,STK,14584,INF109KC10S8,PSUBNKIETF,EQ,,,,,ICICIPRAMC - PSUBANKICI,69.12,69.66,68.48,68.55,68.5,69.42,,68.55,,,97835,6724633.01,625,F1,1,,,,,
2025-08-28,2025-08-28,CM,NSE,STK,757781,INF109K1A344,TOP15IETF,EQ,,,,,ICICIPRAMC - TOP15IETF,10.42,10.42,10.18,10.2,10.22,10.24,,10.2,,,14780,151344.49,183,F1,1,,,,,
2025-08-28,2025-08-28,CM,NSE,STK,25851,INF109KC16X5,VAL30IETF,EQ,,,,,ICICIPRAMC - VAL30IETF,12.75,12.78,12.6,12.62,12.69,12.75,,12.62,,,108711,1374741.23,326,F1,1,,,,,
2025-08-28,2025-08-28,CM,NSE,STK,12578,INF109KC17L8,FINIETF,EQ,,,,,ICICIPRAMC-ICICIFIN,29.42,29.43,28.87,28.94,29.0,29.38,,28.94,,,720684,20923240.34,1944,F1,1,,,,,
2025-08-28,2025-08-28,CM,NSE,STK,14523,INE725G01011,ICRA,EQ,,,,,ICRA LIMITED,6254.0,6307.0,6250.0,6270.0,6265.0,6253.5,,6270.0,,,2271,14242653.0,1083,F1,1,,,,,
2025-08-28,2025-08-28,CM,NSE,STK,1476,INE008A01015,IDBI,EQ,,,,,IDBI BANK LIMITED,91.87,92.09,89.68,89.91,89.86,91.87,,89.91,,,6421152,579877501.16,24712,F1,1,,,,,
2025-08-28,2025-08-28,CM,NSE,STK,17140,INE349Y01013,IDEAFORGE,EQ,,,,,IDEAFORGE TECHNO LTD,470.0,477.7,455.45,460.15,461.3,472.35,,460.2,,,195205,91432357.35,11947,F1,1,,,,,
2025-08-28,2025-08-28,CM,NSE,STK,24950,INE0T9I01011,IDEALTECHO,SM,,,,,IDEAL TECHNOPLAST IND LTD,215.0,220.5,215.0,219.25,220.5,201.0,,219.25,,,3000,653500.0,3,F1,1000,,,,,
2025-08-28,2025-08-28,CM,NSE,STK,28574,INE0TD101011,IDENTICAL,SM,,,,,IDENTICAL BRAINS STUDIO L,41.3,41.3,41.25,41.25,41.25,39.5,,41.25,,,8000,330200.0,4,F1,2000,,,,,
2025-08-28,2025-08-28,CM,NSE,STK,11184,INE092T01019,IDFCFIRSTB,EQ,,,,,IDFC FIRST BANK LIMITED,68.76,69.27,67.9,68.05,68.33,68.76,,68.05,,,28319230,1937616208.73,100923,F1,1,,,,,
2025-08-28,2025-08-28,CM,NSE,STK,9300,INE076C01018,IFBAGRO,BE,,,,,IFB AGRO INDUSTRIES LTD,780.0,805.5,760.0,769.0,775.0,797.5,,769.2,,,961,752245.7,69,F1,1,,,,,
2025-08-28,2025-08-28,CM,NSE,STK,1485,INE559A01017,IFBIND,EQ,,,,,IFB INDUSTRIES LTD,1455.9,1483.3,1433.5,1475.7,1468.5,1455.9,,1475.7,,,27767,40666036.7,4719,F1,1,,,,,
2025-08-28,2025-08-28,CM,NSE,STK,1491,INE039A01010,IFCI,EQ,,,,,IFCI LTD,51.97,52.4,51.13,51.56,51.85,51.98,,51.56,,,2896687,149898803.0,14851,F1,1,,,,,
2025-08-28,2025-08-28,CM,NSE,STK,436,INE133Y01011,IFGLEXPOR,EQ,,,,,IFGL REFRACTORIES LIMITED,258.0,258.0,243.05,244.11,245.0,259.87,,244.11,,,54457,13595959.44,3136,F1,1,,,,,
2025-08-28,2025-08-28,CM,NSE,STK,634,INE188B01013,IGARASHI,EQ,,,,,IGARASHI MOTORS INDIA LTD,481.0,482.5,472.05,477.35,475.15,475.85,,477.35,,,25921,12381870.4,1858,F1,1,,,,,
2025-08-28,2025-08-28,CM,NSE,STK,756139,INE530B07559,9IIFL26,NV,,,,,IIFL 9% TR I SR I,1008.0,1008.0,1008.0,1008.0,1008.0,1010.0,,1008.0,,,10,10080.0,1,F1,1,,,,,
2025-08-28,2025-08-28,CM,NSE,STK,13072,INE489L01022,IIFLCAPS,EQ,,,,,IIFL CAPITAL SERVICES LTD,308.15,308.95,301.55,302.85,301.55,308.25,,302.85,,,364523,110802572.75,8566,F1,1,,,,,
2025-08-28,2025-08-28,CM,NSE,STK,11809,INE530B01024,IIFL,EQ,,,,,IIFL FINANCE LIMITED,446.0,449.95,431.55,436.2,435.0,450.35,,436.2,,,650392,285852100.8,19237,F1,1,,,,,
2025-08-28,2025-08-28,CM,NSE,STK,16822,INE0LOJ01019,IKIO,EQ,,,,,IKIO TECHNOLOGIES LIMITED,213.5,216.0,210.5,211.59,210.5,214.59,,211.58,,,137838,29348461.44,4672,F1,1,,,,,
2025-08-28,2025-08-28,CM,NSE,STK,9380,INE369I01014,IL&FSENGG,BZ,,,,,IL&FS ENG AND CONS CO LTD,32.7,32.8,31.5,32.19,32.8,31.27,,32.19,,,17036,556673.04,58,F1,1,,,,,
2025-08-28,2025-08-28,CM,NSE,STK,6711,INE050B01023,IVC,EQ,,,,,IL&FS INVESTMENT MANAGERS,8.28,8.33,7.95,7.99,8.02,8.23,,7.99,,,415072,3335701.44,1601,F1,1,,,,,
2025-08-28,2025-08-28,CM,NSE,STK,9381,INE975G01012,IL&FSTRANS,BZ,,,,,IL&FS TRANS NET LTD,3.29,3.29,3.14,3.22,3.26,3.25,,3.21,,,13927,44902.87,54,F1,1,,,,,
2025-08-28,2025-08-28,CM,NSE,STK,7672,INE172N01012,IMAGICAA,EQ,,,,,IMAGICAAWORLD ENT LTD,57.31,57.83,56.49,56.67,56.55,57.31,,56.66,,,230520,13155948.01,3663,F1,1,,,,,
2025-08-28,2025-08-28,CM,NSE,STK,25881,INE691G01015,IMPEXFERRO,BZ,,,,,IMPEX FERRO TECH LIMITED,1.9,1.98,1.85,1.96,1.98,1.9,,1.96,,,10884,21158.52,33,F1,1,,,,,
2025-08-28,2025-08-28,CM,NSE,STK,17511,INE452L01012,INCREDIBLE,BE,,,,,INCREDIBLE INDUSTRIES LTD,39.51,41.7,39.51,40.16,41.49,41.5,,40.41,,,1532,62475.65,31,F1,1,,,,,
2025-08-28,2025-08-28,CM,NSE,STK,12009,INE547E01014,IMPAL,EQ,,,,,IND MOTOR PART & ACC LTD,1028.0,1028.0,996.0,998.3,997.5,1019.3,,998.3,,,6264,6276125.8,669,F1,1,,,,,
2025-08-28,2025-08-28,CM,NSE,STK,8706,INE915B01019,INDSWFTLAB,BE,,,,,IND SWIFT LABORATORIES LT,97.0,97.0,92.7,93.48,94.95,95.69,,93.45,,,38418,3638285.72,309,F1,1,,,,,
2025-08-28,2025-08-28,CM,NSE,STK,21957,INE611L01021,INDTERRAIN,EQ,,,,,IND TERRAIN FASHIONS LTD,35.7,36.19,34.25,34.75,34.3,35.29,,34.75,,,17508,612277.22,318,F1,1,,,,,
2025-08-28,2025-08-28,CM,NSE,STK,16933,INE841B01017,INDBANK,EQ,,,,,INDBANK MERCH BANK,31.5,36.45,31.5,35.73,35.75,31.8,,35.71,,,734020,25764022.39,5554,F1,1,,,,,
2025-08-28,2025-08-28,CM,NSE,STK,29678,INE0O9T01021,BAJAJINDEF,EQ,,,,,INDEF MANUFACTURING LTD,358.25,374.0,352.05,367.15,368.5,359.25,,367.25,,,25064,9097812.85,1000,F1,1,,,,,
2025-08-28,2025-08-28,CM,NSE,STK,23693,INE065X01017,INDGN,EQ,,,,,INDEGENE LIMITED,562.0,562.0,546.0,553.2,558.05,562.0,,553.15,,,375822,207876826.8,16678,F1,1,,,,,
2025-08-28,2025-08-28,CM,NSE,STK,1521,INE560A01023,INDIAGLYCO,EQ,,,,,INDIA GLYCOLS LTD,819.9,833.6,806.3,815.2,811.8,816.2,,815.2,,,149126,122120331.2,10772,F1,1,,,,,
2025-08-28,2025-08-28,CM,NSE,STK,4747,INE092B01025,INDNIPPON,EQ,,,,,INDIA NIPPON ELECT  LTD,805.0,805.0,770.2,772.45,771.8,782.75,,772.45,,,8655,6724415.7,1095,F1,1,,,,,
2025-08-28,2025-08-28,CM,NSE,STK,4934,INE0D6701023,IPL,EQ,,,,,INDIA PESTICIDES LIMITED,219.35,219.65,212.11,213.11,213.1,218.28,,213.07,,,389213,84047990.89,9132,F1,1,,,,,
2025-08-28,2025-08-28,CM,NSE,STK,20556,INE922K01024,INDIASHLTR,EQ,,,,,INDIA SHELTER FIN CORP L,920.0,962.45,906.05,952.1,944.0,909.9,,952.1,,,601940,564655333.8,40736,F1,1,,,,,
2025-08-28,2025-08-28,CM,NSE,STK,19299,INE353K01014,ITDC,EQ,,,,,INDIA TOUR. DEV. CO. LTD.,529.0,537.65,524.4,528.25,529.9,532.7,,528.6,,,6804,3612516.65,1142,F1,1,,,,,
2025-08-28,2025-08-28,CM,NSE,STK,13307,INE059901020,IEL,BE,,,,,INDIABULLS ENT LTD,17.3,17.95,17.01,17.55,17.83,17.46,,17.59,,,66758,1171303.56,415,F1,1,,,,,
2025-08-28,2025-08-28,CM,NSE,STK,10726,INE933S01016,INDIAMART,EQ,,,,,INDIAMART INTERMESH LTD,2646.3,2655.9,2550.1,2577.7,2555.1,2654.6,,2577.2,,,63247,163438665.7,12611,F1,1,,,,,
2025-08-28,2025-08-28,CM,NSE,STK,14309,INE562A01011,INDIANB,EQ,,,,,INDIAN BANK,655.0,657.45,650.25,652.85,651.15,655.9,,652.85,,,2844882,1857877757.7,36402,F1,1,,,,,
2025-08-28,2025-08-28,CM,NSE,STK,4422,INE061A01014,INDIANCARD,EQ,,,,,INDIAN CARD CLOTHING CO.,265.05,266.85,260.1,262.65,262.2,268.35,,262.8,,,3302,867903.95,532,F1,1,,,,,
2025-08-28,2025-08-28,CM,NSE,STK,23789,INE0RRU01016,IEML,SM,,,,,INDIAN EMULSIFIERS LTD,150.0,150.0,143.0,148.25,150.0,149.65,,148.25,,,25000,3658025.0,41,F1,500,,,,,
2025-08-28,2025-08-28,CM,NSE,STK,220,INE022Q01020,IEX,EQ,,,,,INDIAN ENERGY EXC LTD,141.26,141.85,139.09,139.76,139.9,141.26,,139.75,,,5592044,786052385.38,42708,F1,1,,,,,
2025-08-28,2025-08-28,CM,NSE,STK,1530,INE323C01030,INDIANHUME,EQ,,,,,INDIAN HUME PIPE CO. LTD.,376.8,376.8,364.1,368.1,367.05,374.95,,368.1,,,21380,7876766.3,1765,F1,1,,,,,
2025-08-28,2025-08-28,CM,NSE,STK,19235,INE919H01018,IMFA,EQ,,,,,INDIAN METALS & FERRO,854.05,868.8,840.6,845.2,844.0,862.2,,845.15,,,47176,40326947.35,5296,F1,1,,,,,
2025-08-28,2025-08-28,CM,NSE,STK,1624,INE242A01010,IOC,EQ,,,,,INDIAN OIL CORP LTD,139.0,139.93,138.1,138.49,138.9,138.96,,138.49,,,8420916,1168947372.24,64858,F1,1,,,,,
2025-08-28,2025-08-28,CM,NSE,STK,9348,INE565A01014,IOB,EQ,,,,,INDIAN OVERSEAS BANK,37.6,38.44,37.59,38.18,38.13,38.18,,38.18,,,5179440,197486818.56,19608,F1,1,,,,,
2025-08-28,2025-08-28,CM,NSE,STK,25033,INE0DHF01018,IPHL,SM,,,,,INDIAN PHOSPHATE LIMITED,54.5,55.1,54.5,54.7,54.7,56.2,,54.7,,,4800,263160.0,4,F1,1200,,,,,
2025-08-28,2025-08-28,CM,NSE,STK,13611,INE335Y01020,IRCTC,EQ,,,,,INDIAN RAIL TOUR CORP LTD,717.0,717.0,697.4,699.65,700.95,717.25,,699.65,,,1668258,1176252768.9,68211,F1,1,,,,,
2025-08-28,2025-08-28,CM,NSE,STK,2029,INE053F01010,IRFC,EQ,,,,,INDIAN RAILWAY FIN CORP L,121.2,121.63,118.2,118.58,118.65,121.2,,118.58,,,10301130,1233944706.17,83266,F1,1,,,,,
2025-08-28,2025-08-28,CM,NSE,STK,20261,INE202E01016,IREDA,EQ,,,,,INDIAN RENEWABLE ENERGY,144.0,144.65,140.63,141.03,141.0,144.17,,141.03,,,7014954,999824615.04,58947,F1,1,,,,,
2025-08-28,2025-08-28,CM,NSE,STK,2048,INE09VQ01012,INDIGOPNTS,EQ,,,,,INDIGO PAINTS LIMITED,1106.4,1115.8,1085.1,1097.3,1090.0,1103.8,,1097.3,,,27993,30801329.3,6736,F1,1,,,,,
2025-08-28,2025-08-28,CM,NSE,STK,20988,INE219X23014,INDIGRID,IV,,,,,INDIGRID INFRASTRUCT TRST,162.47,162.47,159.35,161.46,161.45,161.06,,161.46,,,1591640,257017293.03,8268,F1,1,,,,,
2025-08-28,2025-08-28,CM,NSE,STK,757845,INE06ST01018,INDIQUBE,EQ,,,,,INDIQUBE SPACES LIMITED,215.21,217.12,209.13,214.16,216.95,217.15,,214.15,,,230959,49180055.75,7946,F1,1,,,,,
2025-08-28,2025-08-28,CM,NSE,STK,9116,INE760F01028,INDOAMIN,EQ,,,,,INDO AMINES LIMITED,149.0,150.12,146.1,148.15,147.95,150.29,,148.14,,,88881,13221019.17,2329,F1,1,,,,,
2025-08-28,2025-08-28,CM,NSE,STK,8623,INE803D01021,INDOBORAX,BE,,,,,INDO BORAX & CHEMICAL LTD,253.05,255.0,240.4,241.95,244.95,253.05,,242.2,,,23704,5834909.15,313,F1,1,,,,,
2025-08-28,2025-08-28,CM,NSE,STK,11987,INE483B01026,ICIL,EQ,,,,,INDO COUNT INDUSTRIES LTD,236.1,242.35,233.3,234.85,234.5,240.85,,234.85,,,403960,95741962.45,13530,F1,1,,,,,
2025-08-28,2025-08-28,CM,NSE,STK,29025,INE622H01018,INDOFARM,EQ,,,,,INDO FARM EQUIPMENT LTD,232.0,233.0,218.05,219.03,218.7,231.69,,219.02,,,540006,121662875.23,11888,F1,1,,,,,
2025-08-28,2025-08-28,CM,NSE,STK,14084,INE156A01020,INDORAMA,BE,,,,,INDO RAMA SYNTHETICS LTD,49.0,51.8,48.2,50.12,50.85,50.45,,50.13,,,254689,12836201.41,2939,F1,1,,,,,
2025-08-28,2025-08-28,CM,NSE,STK,13275,INE332H01014,INDOTECH,EQ,,,,,INDO TECH TRANSFORM LTD.,1769.0,1776.0,1724.9,1732.0,1740.0,1778.4,,1732.5,,,10841,18948948.2,1789,F1,1,,,,,
2025-08-28,2025-08-28,CM,NSE,STK,25612,INE337M01021,INDOTHAI,BE,,,,,INDO THAI SEC LTD,161.2,163.5,158.21,159.94,159.2,161.21,,159.94,,,29471,4730767.2,290,F1,1,,,,,
2025-08-28,2025-08-28,CM,NSE,STK,25503,INE250Z01010,INDOUS,EQ,,,,,INDO US BIOTECH LTD,154.9,154.9,148.5,149.11,150.0,148.75,,149.11,,,9491,1430037.5,702,F1,1,,,,,
2025-08-28,2025-08-28,CM,NSE,STK,6782,INE567A01028,NIPPOBATRY,EQ,,,,,INDO-NATIONAL LIMITED,475.55,475.9,465.5,468.75,473.9,479.9,,469.25,,,3366,1579817.5,270,F1,1,,,,,
2025-08-28,2025-08-28,CM,NSE,STK,11677,INE873D01024,INDOCO,EQ,,,,,INDOCO REMEDIES LTD.,280.0,281.45,260.0,274.2,271.1,277.25,,274.2,,,40010,10992795.75,3296,F1,1,,,,,
2025-08-28,2025-08-28,CM,NSE,STK,757801,INE05J901018,IGCL,EQ,,,,,INDOGULF CROPSCIENCES LTD,110.25,110.25,104.71,106.78,106.52,108.64,,106.77,,,366259,39256129.14,3974,F1,1,,,,,
2025-08-28,2025-08-28,CM,NSE,STK,3088,INE896L01010,INDOSTAR,EQ,,,,,INDOSTAR CAPITAL FIN LTD,263.0,269.75,258.5,266.15,262.25,263.65,,266.2,,,252149,66710527.9,20215,F1,1,,,,,
2025-08-28,2025-08-28,CM,NSE,STK,14952,INE227G01018,INDOWIND,EQ,,,,,INDOWIND ENERGY LTD,16.91,17.15,16.56,16.93,16.99,16.91,,16.95,,,110371,1867693.18,785,F1,1,,,,,
2025-08-28,2025-08-28,CM,NSE,STK,11262,INE203G01027,IGL,EQ,,,,,INDRAPRASTHA GAS LTD,207.0,208.46,205.84,206.68,206.2,207.58,,206.68,,,2210268,458138337.09,53719,F1,1,,,,,
2025-08-28,2025-08-28,CM,NSE,STK,4751,INE681B01017,INDRAMEDCO,EQ,,,,,INDRAPRASTHA MEDICAL CORP,449.05,456.55,444.8,449.35,447.0,453.25,,449.3,,,87097,39246215.85,6738,F1,1,,,,,
2025-08-28,2025-08-28,CM,NSE,STK,23036,INE0NHL23019,INDUSINVIT,IV,,,,,INDUS INFRA TRUST,111.1,112.6,111.01,111.61,111.5,111.78,,111.61,,,24995,2803564.92,239,F1,1,,,,,
2025-08-28,2025-08-28,CM,NSE,STK,29135,INE121J01017,INDUSTOWER,EQ,,,,,INDUS TOWERS LIMITED,343.0,344.0,334.65,335.6,336.15,342.55,,335.6,,,7073411,2395290809.45,86530,F1,1,,,,,
2025-08-28,2025-08-28,CM,NSE,STK,5258,INE095A01012,INDUSINDBK,EQ,,,,,INDUSIND BANK LIMITED,756.4,762.4,744.85,746.6,748.0,756.4,,746.6,,,3085661,2316219201.55,96606,F1,1,,,,,
2025-08-28,2025-08-28,CM,NSE,STK,19529,INE886A01014,IITL,BE,,,,,INDUSTRIAL INV TRUST LTD,171.0,172.99,168.05,171.09,171.0,171.0,,171.09,,,1021,172545.45,25,F1,1,,,,,
2025-08-28,2025-08-28,CM,NSE,STK,16249,INE483S01020,INFIBEAM,EQ,,,,,INFIBEAM AVENUES LIMITED,15.67,15.68,15.38,15.52,15.53,15.7,,15.52,,,4148884,64451591.95,8127,F1,1,,,,,
2025-08-28,2025-08-28,CM,NSE,STK,757943,IN9483S01010,INFIBPP,E1,,,,,INFIBEAM RE.0.5 PPD UP,9.49,9.65,9.25,9.57,9.55,9.51,,9.57,,,3236267,30496623.15,537,F1,1,,,,,
2025-08-28,2025-08-28,CM,NSE,STK,15036,INE0MRE01011,INFINIUM,SM,,,,,INFINIUM PHARMACHEM LTD,254.55,264.5,253.65,253.65,253.65,267.0,,253.65,,,7500,1916675.0,15,F1,500,,,,,
2025-08-28,2025-08-28,CM,NSE,STK,757602,INE0MYZ01012,INFLUX,SM,,,,,INFLUX HEALTHTECH LIMITED,181.5,184.5,179.95,180.85,179.95,180.35,,180.85,,,79200,14388840.0,64,F1,1200,,,,,
2025-08-28,2025-08-28,CM,NSE,STK,13751,INE663F01032,NAUKRI,EQ,,,,,INFO EDGE (I) LTD,1410.0,1411.9,1376.0,1386.0,1387.8,1395.7,,1386.0,,,830602,1154052040.4,64833,F1,1,,,,,
2025-08-28,2025-08-28,CM,NSE,STK,11027,INE344S01016,INFOBEAN,EQ,,,,,INFOBEANS TECHNO. LTD.,645.0,660.95,605.25,642.75,640.6,631.05,,642.65,,,110142,70018140.85,7446,F1,1,,,,,
2025-08-28,2025-08-28,CM,NSE,STK,16588,INE0NNZ01013,INFOLLION,SM,,,,,INFOLLION RESEARCH SER L,473.95,484.6,465.3,477.95,478.0,473.95,,477.95,,,7200,3441260.0,18,F1,400,,,,,
2025-08-28,2025-08-28,CM,NSE,STK,1594,INE009A01021,INFY,EQ,,,,,INFOSYS LIMITED,1529.6,1529.6,1498.0,1500.1,1503.0,1529.6,,1500.1,,,5443364,8195606188.2,191326,F1,1,,,,,
2025-08-28,2025-08-28,CM,NSE,STK,1597,INE177A01018,INGERRAND,EQ,,,,,INGERSOLL-RAND INDIA LTD,3737.0,3798.8,3692.7,3759.8,3745.0,3755.7,,3759.1,,,7772,29184316.1,2537,F1,1,,,,,
2025-08-28,2025-08-28,CM,NSE,STK,25323,INE0S1D01010,INNOMET,ST,,,,,INNOMET ADVANCED MATERI L,168.8,169.0,168.0,169.0,169.0,169.5,,169.0,,,4800,809760.0,4,F1,1200,,,,,
2025-08-28,2025-08-28,CM,NSE,STK,21062,INE0DUT01020,INNOVACAP,EQ,,,,,INNOVA CAPTAB LIMITED,900.0,910.95,900.0,902.4,903.0,912.0,,902.4,,,13700,12370352.25,2057,F1,1,,,,,
2025-08-28,2025-08-28,CM,NSE,STK,27773,INE403Y01018,INNOVANA,BE,,,,,INNOVANA THINKLABS LTD,497.0,500.0,477.0,485.75,492.8,484.5,,485.75,,,1827,892557.4,62,F1,1,,,,,
2025-08-28,2025-08-28,CM,NSE,STK,12193,INE510W01014,INOXGREEN,BE,,,,,INOX GREEN ENERGY SER LTD,143.99,151.0,142.55,149.49,150.0,145.42,,149.44,,,261391,38872684.44,1421,F1,1,,,,,
2025-08-28,2025-08-28,CM,NSE,STK,20607,INE616N01034,INOXINDIA,EQ,,,,,INOX INDIA LIMITED,1122.4,1136.3,1112.0,1129.7,1120.2,1128.0,,1129.7,,,29459,33160439.9,3892,F1,1,,,,,
2025-08-28,2025-08-28,CM,NSE,STK,7852,INE066P01011,INOXWIND,EQ,,,,,INOX WIND LIMITED,142.03,142.1,136.66,136.99,137.1,142.03,,136.98,,,7054036,976772301.28,42917,F1,1,,,,,
2025-08-28,2025-08-28,CM,NSE,STK,14657,INE070I01018,INSECTICID,EQ,,,,,INSECTICIDES (I) LTD,818.0,828.0,803.8,808.9,805.0,819.4,,808.7,,,35670,29131876.3,4281,F1,1,,,,,
2025-08-28,2025-08-28,CM,NSE,STK,19154,INE0NDX01019,INSPIRE,SM,,,,,INSPIRE FILMS LIMITED,21.8,21.8,19.55,20.4,20.4,20.6,,20.4,,,20000,409000.0,9,F1,2000,,,,,
2025-08-28,2025-08-28,CM,NSE,STK,13734,INE020G01017,INSPIRISYS,BE,,,,,INSPIRISYS SOLUTIONS LTD,97.5,101.76,97.5,99.97,99.97,97.21,,99.94,,,1257,125331.52,25,F1,1,,,,,
2025-08-28,2025-08-28,CM,NSE,STK,30323,INE418N01035,ESSENTIA,EQ,,,,,INTEGRA ESSENTIA LIMITED,1.92,1.93,1.89,1.89,1.9,1.91,,1.89,,,834956,1588222.95,1511,F1,1,,,,,
2025-08-28,2025-08-28,CM,NSE,STK,11903,INE02EE01019,IPSL,SM,,,,,INTEGRATED PERSO SER LTD,350.0,350.0,350.0,350.0,350.0,351.9,,350.0,,,1000,350000.0,2,F1,500,,,,,
2025-08-28,2025-08-28,CM,NSE,STK,5926,INE306R01017,INTELLECT,EQ,,,,,INTELLECT DESIGN ARENA,984.2,990.0,961.0,975.6,965.5,983.1,,975.6,,,283068,276126638.4,25394,F1,1,,,,,
2025-08-28,2025-08-28,CM,NSE,STK,20071,INE781A01025,INTENTECH,EQ,,,,,INTENSE TECHNOLOGIES LTD,83.0,83.87,82.25,82.98,83.0,82.81,,82.98,,,27845,2311874.37,293,F1,1,,,,,
2025-08-28,2025-08-28,CM,NSE,STK,24911,INE00M901018,INTERARCH,BE,,,,,INTERARCH BLDNG SOLTN LTD,2085.2,2120.0,2027.0,2057.2,2060.0,2090.1,,2057.4,,,35346,73439412.9,2504,F1,1,,,,,
2025-08-28,2025-08-28,CM,NSE,STK,11195,INE646L01027,INDIGO,EQ,,,,,INTERGLOBE AVIATION LTD,5875.0,5875.0,5709.5,5727.0,5734.0,6050.0,,5726.5,,,18614885,108008357517.5,269649,F1,1,,,,,
2025-08-28,2025-08-28,CM,NSE,STK,22770,INE0OPC01015,INM,SM,,,,,INTERIORS & MORE LIMITED,550.95,553.7,511.0,536.35,540.0,550.95,,536.35,,,61500,31843035.0,47,F1,300,,,,,
2025-08-28,2025-08-28,CM,NSE,STK,28378,INE0Q9301021,IGIL,EQ,,,,,INTERNATIO GEMM INS (I) L,342.05,343.85,336.0,337.35,339.0,345.1,,337.35,,,420513,142589271.1,14980,F1,1,,,,,
2025-08-28,2025-08-28,CM,NSE,STK,5606,INE575C01027,INTLCONV,EQ,,,,,INTL CONVEYORS LIMITED,88.41,88.41,86.75,87.28,87.07,87.98,,87.28,,,45062,3937902.75,724,F1,1,,,,,
2025-08-28,2025-08-28,CM,NSE,STK,18479,INE566K01011,ISFT,EQ,,,,,INTRASOFT TECH. LTD,100.61,102.36,98.83,101.16,100.2,100.67,,101.11,,,8841,889517.29,474,F1,1,,,,,
2025-08-28,2025-08-28,CM,NSE,STK,24870,INE878H01024,INVENTURE,EQ,,,,,INVENTURE GRO & SEC LTD,1.49,1.5,1.47,1.47,1.48,1.49,,1.47,,,648767,960557.56,555,F1,1,,,,,
2025-08-28,2025-08-28,CM,NSE,STK,28125,INE115Q01022,IKS,EQ,,,,,INVENTURUS KNOWLEDGE SO L,1556.0,1571.0,1544.0,1550.2,1553.0,1558.7,,1550.2,,,280362,436465899.3,13212,F1,1,,,,,
2025-08-28,2025-08-28,CM,NSE,STK,18292,INF205K01361,IVZINGOLD,EQ,,,,,INVESCO INDIA GOLD ETF,8822.05,8860.0,8822.05,8850.2,8850.0,8819.35,,8850.2,,,268,2374139.15,22,F1,1,,,,,
2025-08-28,2025-08-28,CM,NSE,STK,24217,INF205K01DA9,IVZINNIFTY,EQ,,,,,INVESCO INDIA NIFTY ETF,2806.9,2807.59,2777.14,2794.97,2797.37,2842.01,,2794.97,,,46,128501.46,23,F1,1,,,,,
2025-08-28,2025-08-28,CM,NSE,STK,20413,INE485C01029,IOLCP,EQ,,,,,IOL CHEM AND PHARMA LTD,92.29,92.54,90.46,90.91,90.78,91.84,,90.9,,,628088,57385711.92,8569,F1,1,,,,,
2025-08-28,2025-08-28,CM,NSE,STK,1630,INE570A01022,IONEXCHANG,EQ,,,,,ION EXCHANGE (INDIA) LTD,431.9,433.95,420.15,422.5,422.4,431.9,,422.45,,,181111,77346183.8,12527,F1,1,,,,,
2025-08-28,2025-08-28,CM,NSE,STK,1633,INE571A01038,IPCALAB,EQ,,,,,IPCA LABORATORIES LTD,1435.0,1438.2,1393.0,1418.5,1420.0,1434.5,,1418.6,,,205145,291401881.3,26202,F1,1,,,,,
2025-08-28,2025-08-28,CM,NSE,STK,15313,INE821I01022,IRB,EQ,,,,,IRB INFRA DEV LTD.,44.21,44.23,42.1,42.36,42.51,44.21,,42.36,,,49939788,2138056089.33,81411,F1,1,,,,,
2025-08-28,2025-08-28,CM,NSE,STK,20817,INE183W23014,IRBINVIT,IV,,,,,IRB INVIT FUND,63.3,63.8,63.03,63.32,63.05,63.27,,63.31,,,373983,23673801.39,3358,F1,1,,,,,
2025-08-28,2025-08-28,CM,NSE,STK,4986,INE962Y01021,IRCON,EQ,,,,,IRCON INTERNATIONAL LTD,164.5,164.93,160.5,161.13,160.9,165.53,,161.13,,,1584379,257674733.0,26847,F1,1,,,,,
2025-08-28,2025-08-28,CM,NSE,STK,6501,INE864K01010,IRIS,BE,,,,,IRIS BUSINESS SERV LTD,372.6,374.4,350.55,359.6,358.0,356.6,,360.2,,,12401,4565715.4,371,F1,1,,,,,
2025-08-28,2025-08-28,CM,NSE,STK,2278,INE01GN01025,IRISDOREME,BE,,,,,IRIS CLOTHINGS LIMITED,32.19,32.19,31.02,31.48,31.42,31.72,,31.48,,,12200,385349.33,86,F1,1,,,,,
2025-08-28,2025-08-28,CM,NSE,STK,19597,INE07U701015,IRMENERGY,EQ,,,,,IRM ENERGY LIMITED,269.8,270.0,265.0,265.3,266.5,267.15,,265.3,,,28716,7661435.0,1373,F1,1,,,,,
2025-08-28,2025-08-28,CM,NSE,STK,3329,INE858B01029,ISGEC,EQ,,,,,ISGEC HEAVY ENG LTD,989.1,1000.9,977.1,992.0,988.7,989.4,,992.0,,,22198,21994545.0,4839,F1,1,,,,,
2025-08-28,2025-08-28,CM,NSE,STK,30252,INE561M01018,ISHANCH,BE,,,,,ISHAN DYES N CHEMICALS L,61.7,63.96,60.71,62.49,62.97,62.47,,62.49,,,6511,405470.59,35,F1,1,,,,,
2025-08-28,2025-08-28,CM,NSE,STK,10995,INE0LCW01025,ISHAN,SM,,,,,ISHAN INTERNATIONAL LTD,0.85,0.85,0.85,0.85,0.85,0.85,,0.85,,,48000,40800.0,1,F1,48000,,,,,
2025-08-28,2025-08-28,CM,NSE,STK,29251,INE379A01028,ITCHOTELS,EQ,,,,,ITC HOTELS LIMITED,240.0,240.1,235.1,238.43,238.78,239.17,,238.42,,,2282306,544034368.68,47510,F1,1,,,,,
2025-08-28,2025-08-28,CM,NSE,STK,1660,INE154A01025,ITC,EQ,,,,,ITC LTD,404.5,404.5,400.0,400.9,400.8,403.35,,400.9,,,12471719,5006114050.0,165609,F1,1,,,,,
2025-08-28,2025-08-28,CM,NSE,STK,5622,INE686A01026,ITDCEM,EQ,,,,,ITD CEMENTATION INDIA LTD,716.0,727.0,700.0,703.5,706.05,725.4,,703.55,,,372999,266052557.55,19347,F1,1,,,,,
2025-08-28,2025-08-28,CM,NSE,STK,1675,INE248A01017,ITI,EQ,,,,,ITI LTD,287.85,287.85,282.1,283.05,282.85,288.05,,283.05,,,183347,52142624.15,6761,F1,1,,,,,
2025-08-28,2025-08-28,CM,NSE,STK,1681,INE043C01018,IVP,EQ,,,,,IVP LTD,170.06,171.98,164.0,164.64,164.0,167.73,,164.64,,,7437,1246707.67,216,F1,1,,,,,
2025-08-28,2025-08-28,CM,NSE,STK,757644,INE1AII01014,IWARE,ST,,,,,IWARE SUPPLYCHAIN SER LTD,133.0,135.0,131.0,131.0,131.0,135.0,,131.0,,,27600,3634800.0,20,F1,1200,,,,,
2025-08-28,2025-08-28,CM,NSE,STK,14174,INE848A01014,IZMO,EQ,,,,,IZMO LIMITED,679.75,738.4,650.05,706.05,699.0,700.05,,706.15,,,1704839,1200971838.35,61682,F1,1,,,,,
2025-08-28,2025-08-28,CM,NSE,STK,5633,INE168A01041,J&KBANK,EQ,,,,,J & K BANK LTD.,100.9,101.31,99.03,99.29,99.25,101.0,,99.29,,,1584251,158122274.46,13246,F1,1,,,,,
2025-08-28,2025-08-28,CM,NSE,STK,1726,INE572A01036,JBCHEPHARM,EQ,,,,,J B CHEMICALS AND PHARMA,1712.1,1718.7,1696.9,1706.4,1705.2,1719.0,,1706.4,,,191969,327487269.3,26459,F1,1,,,,,
2025-08-28,2025-08-28,CM,NSE,STK,23056,INE0MB501011,JGCHEM,EQ,,,,,J.G.CHEMICALS LIMITED,478.5,478.5,460.3,463.7,462.0,478.45,,463.75,,,135722,63512283.55,9114,F1,1,,,,,
2025-08-28,2025-08-28,CM,NSE,STK,13211,INE199G01027,JAGRAN,EQ,,,,,JAGRAN PRAKASHAN LIMITED,71.87,72.35,70.45,70.87,70.96,71.77,,70.87,,,207033,14729584.61,2355,F1,1,,,,,
2025-08-28,2025-08-28,CM,NSE,STK,4410,INE048B01035,JAGSNPHARM,EQ,,,,,JAGSONPAL PHARMACEUTICALS,234.75,235.1,229.5,232.6,233.5,233.85,,232.6,,,72961,17002563.8,3543,F1,1,,,,,
2025-08-28,2025-08-28,CM,NSE,STK,11256,INE091G01026,JAIBALAJI,EQ,,,,,JAI BALAJI INDUSTRIES LTD,102.0,102.0,100.0,100.28,100.4,101.03,,100.29,,,440753,44399903.0,6883,F1,1,,,,,
2025-08-28,2025-08-28,CM,NSE,STK,5143,INE070D01027,JAICORPLTD,EQ,,,,,JAI CORP LIMITED,123.0,123.9,118.51,119.4,119.3,122.5,,119.42,,,841812,102066602.86,17536,F1,1,,,,,
2025-08-28,2025-08-28,CM,NSE,STK,25684,IN9175A01010,JISLDVREQS,EQ,,,,,JAIN DVR EQUITY SHARES,29.26,30.49,29.25,30.18,29.3,29.51,,30.18,,,26837,810155.03,677,F1,1,,,,,
2025-08-28,2025-08-28,CM,NSE,STK,10397,INE175A01038,JISLJALEQS,EQ,,,,,JAIN IRRIGATION SYSTEMS,47.0,49.96,47.0,48.55,48.8,47.36,,48.54,,,4253583,205901085.73,19130,F1,1,,,,,
2025-08-28,2025-08-28,CM,NSE,STK,6012,INE02KC01010,JAINAM,SM,,,,,JAINAM FER ALLOYS (I) LTD,280.0,280.0,280.0,280.0,280.0,272.75,,280.0,,,500,140000.0,1,F1,500,,,,,
2025-08-28,2025-08-28,CM,NSE,STK,758306,INE0XIL01012,JAINIK,ST,,,,,JAINIK POWER CABLES LTD,132.0,138.0,127.2,132.85,134.0,133.65,,132.85,,,86400,11568240.0,56,F1,1200,,,,,
2025-08-28,2025-08-28,CM,NSE,STK,11763,INE351F01018,JPPOWER,EQ,,,,,JAIPRAKASH POWER VEN. LTD,18.95,18.95,18.66,18.95,18.95,18.05,,18.95,,,36511359,691399007.93,16828,F1,1,,,,,
2025-08-28,2025-08-28,CM,NSE,STK,20930,INE349X01015,JALAN,ST,,,,,JALAN TRANSOLU. INDIA LTD,5.85,6.3,5.8,5.8,5.8,6.1,,5.8,,,18000,106050.0,6,F1,3000,,,,,
2025-08-28,2025-08-28,CM,NSE,STK,20778,INE039C01032,JAMNAAUTO,EQ,,,,,JAMNA AUTO IND LTD,100.02,103.45,99.69,101.19,101.23,100.72,,101.19,,,2868128,291554771.77,23423,F1,1,,,,,
2025-08-28,2025-08-28,CM,NSE,STK,22663,INE953L01027,JSFB,EQ,,,,,JANA SMALL FIN BANK LTD,490.0,497.95,481.95,490.7,488.5,492.05,,490.7,,,198857,97083434.9,10336,F1,1,,,,,
2025-08-28,2025-08-28,CM,NSE,STK,13982,INE039O01029,JASH,EQ,,,,,JASH ENGINEERING LIMITED,518.0,528.0,509.85,512.55,515.0,519.9,,512.45,,,210494,109245068.65,12218,F1,1,,,,,
2025-08-28,2025-08-28,CM,NSE,STK,25037,INE0SMY01017,JAYBEE,SM,,,,,JAY BEE LAMINATIONS LTD,210.0,217.9,210.0,215.5,216.45,211.45,,215.5,,,22000,4723750.0,40,F1,500,,,,,
2025-08-28,2025-08-28,CM,NSE,STK,10889,INE0J6801010,KORE,SM,,,,,JAY JALARAM TECHNO LTD,132.5,132.5,119.9,119.9,119.9,126.2,,119.9,,,8250,996087.5,17,F1,250,,,,,
2025-08-28,2025-08-28,CM,NSE,STK,4041,INE785A01026,JAYAGROGN,EQ,,,,,JAYANT AGRO ORGANICS LTD,240.0,245.7,233.75,237.14,233.98,239.55,,237.15,,,10462,2510518.32,639,F1,1,,,,,
2025-08-28,2025-08-28,CM,NSE,STK,2331,INE854B01010,JAYNECOIND,EQ,,,,,JAYASWAL NECO INDUSTR LTD,59.28,60.3,57.9,58.87,58.82,58.82,,58.87,,,18937893,1123219132.32,25483,F1,1,,,,,
2025-08-28,2025-08-28,CM,NSE,STK,8444,INE571B01036,JAYBARMARU,BE,,,,,JAYBHARATMARU-,84.0,86.8,83.5,85.02,85.0,84.35,,84.88,,,50447,4288411.41,309,F1,1,,,,,
2025-08-28,2025-08-28,CM,NSE,STK,1720,INE364A01020,JAYSREETEA,EQ,,,,,JAYSHREE TEA & INDUSTRIES,99.5,100.59,98.81,99.16,100.0,99.79,,99.16,,,22527,2240591.52,643,F1,1,,,,,
2025-08-28,2025-08-28,CM,NSE,STK,11655,INE927D01051,JBMA,EQ,,,,,JBM AUTO LIMITED,617.0,617.1,602.0,603.7,604.7,618.1,,603.7,,,257372,156224716.4,16450,F1,1,,,,,
2025-08-28,2025-08-28,CM,NSE,STK,758115,INE0J5801029,JSLL,EQ,,,,,JEENA SIKHO LIFECARE LTD,707.0,709.0,690.0,694.75,697.8,699.05,,695.1,,,161393,113422860.95,8885,F1,1,,,,,
2025-08-28,2025-08-28,CM,NSE,STK,7211,INE982V01025,JETFREIGHT,EQ,,,,,JET FREIGHT LOGISTICS LTD,13.6,13.92,13.46,13.55,13.55,13.6,,13.55,,,10956,148771.32,188,F1,1,,,,,
2025-08-28,2025-08-28,CM,NSE,STK,25147,INE0RXB01022,JEYYAM,SM,,,,,JEYYAM GLOBAL FOODS LTD,44.0,54.2,44.0,54.0,53.5,45.2,,54.0,,,750000,38981800.0,336,F1,2000,,,,,
2025-08-28,2025-08-28,CM,NSE,STK,10885,INE0LA901015,JFLLIFE,SM,,,,,JFL LIFE SCIENCES LIMITED,14.7,15.0,14.5,15.0,15.0,14.8,,15.0,,,30000,441000.0,5,F1,6000,,,,,
2025-08-28,2025-08-28,CM,NSE,STK,13720,INE544H01014,JHS,EQ,,,,,JHS SVEND. LAB. LTD,10.5,10.68,10.02,10.3,10.2,10.34,,10.3,,,118675,1225497.29,630,F1,1,,,,,
2025-08-28,2025-08-28,CM,NSE,STK,24145,INE03DD01011,RETAIL,EQ,,,,,JHS SVENDGAARD RETAIL V L,41.6,42.49,38.56,38.73,38.56,41.36,,39.19,,,5999,238647.8,215,F1,1,,,,,
2025-08-28,2025-08-28,CM,NSE,STK,31507,INE147P01019,JPOLYINVST,EQ,,,,,JIND POL INV & FIN CO LTD,729.3,730.1,716.05,721.35,727.75,730.05,,721.4,,,3920,2838089.9,519,F1,1,,,,,
2025-08-28,2025-08-28,CM,NSE,STK,13875,INE742C01031,JINDRILL,EQ,,,,,JINDAL DRILLING IND. LTD,606.0,615.0,601.85,608.35,607.0,609.45,,608.3,,,40646,24711196.95,3497,F1,1,,,,,
2025-08-28,2025-08-28,CM,NSE,STK,11743,INE796G01012,JINDALPHOT,EQ,,,,,JINDAL PHOTO LIMITED,845.15,890.0,845.15,857.85,864.95,850.65,,857.75,,,2421,2104598.95,342,F1,1,,,,,
2025-08-28,2025-08-28,CM,NSE,STK,1756,INE197D01010,JINDALPOLY,EQ,,,,,JINDAL POLY FILMS LIMITED,508.0,523.95,505.55,520.1,523.9,510.6,,520.1,,,12901,6659508.4,1842,F1,1,,,,,
2025-08-28,2025-08-28,CM,NSE,STK,3024,INE324A01032,JINDALSAW,EQ,,,,,JINDAL SAW LIMITED,199.0,202.42,196.02,199.68,199.7,198.17,,199.7,,,1220444,243440355.54,15285,F1,1,,,,,
2025-08-28,2025-08-28,CM,NSE,STK,11236,INE220G01021,JSL,EQ,,,,,JINDAL STAINLESS LIMITED,795.05,818.95,782.0,806.45,814.0,795.25,,806.5,,,2350479,1875425922.75,76585,F1,1,,,,,
2025-08-28,2025-08-28,CM,NSE,STK,6733,INE749A01030,JINDALSTEL,EQ,,,,,JINDAL STEEL & POWER LTD,980.0,982.0,960.75,964.7,969.6,977.15,,964.7,,,673705,652272665.45,24087,F1,1,,,,,
2025-08-28,2025-08-28,CM,NSE,STK,20642,INE247D01039,JINDWORLD,EQ,,,,,JINDAL WORLDWIDE LTD,34.98,35.24,34.3,34.58,34.59,34.98,,34.57,,,395487,13749066.91,3378,F1,1,,,,,
2025-08-28,2025-08-28,CM,NSE,STK,18143,INE758E01017,JIOFIN,EQ,,,,,JIO FIN SERVICES LTD,315.75,316.9,309.5,310.1,311.25,315.75,,310.1,,,15243091,4761001023.9,121281,F1,1,,,,,
2025-08-28,2025-08-28,CM,NSE,STK,19691,INE863T01013,JITFINFRA,EQ,,,,,JITF INFRALOGISTICS LTD,279.55,280.3,268.55,271.05,268.55,279.55,,271.1,,,45540,12438869.2,2342,F1,1,,,,,
2025-08-28,2025-08-28,CM,NSE,STK,18558,INE0N5H01017,JIWANRAM,SM,,,,,JIWANRAM SHEODUTTRA IND L,8.5,8.5,7.5,7.9,7.9,8.3,,7.9,,,36000,285600.0,6,F1,6000,,,,,
2025-08-28,2025-08-28,CM,NSE,STK,13270,INE823G01014,JKCEMENT,EQ,,,,,JK CEMENT LIMITED,6865.0,7020.0,6651.0,6986.0,6948.0,6933.5,,6986.0,,,190348,1302267755.5,63118,F1,1,,,,,
2025-08-28,2025-08-28,CM,NSE,STK,13491,INE786A01032,JKLAKSHMI,EQ,,,,,JK LAKSHMI CEMENT LTD,925.7,928.95,907.95,918.05,910.0,925.7,,917.95,,,151917,139811431.85,16578,F1,1,,,,,
2025-08-28,2025-08-28,CM,NSE,STK,11860,INE789E01012,JKPAPER,EQ,,,,,JK PAPER LIMITED,376.4,384.4,372.3,379.25,378.55,378.3,,379.25,,,1163848,440488007.15,23779,F1,1,,,,,
2025-08-28,2025-08-28,CM,NSE,STK,14435,INE573A01042,JKTYRE,EQ,,,,,JK TYRE & INDUSTRIES LTD,320.6,324.1,318.05,321.55,320.35,320.7,,321.5,,,270897,87119758.5,12515,F1,1,,,,,
2025-08-28,2025-08-28,CM,NSE,STK,15266,INE576I01022,JKIL,EQ,,,,,JKUMAR INFR.LTD.,630.25,636.9,612.0,614.5,621.0,640.3,,614.5,,,192902,120488371.6,14569,F1,1,,,,,
2025-08-28,2025-08-28,CM,NSE,STK,13637,INE780C01023,JMFINANCIL,EQ,,,,,JM FINANCIAL LIMITED,187.0,187.98,177.7,182.98,180.01,186.68,,182.96,,,3805904,704200858.94,31091,F1,1,,,,,
2025-08-28,2025-08-28,CM,NSE,STK,23621,INE0OAF01028,JNKINDIA,EQ,,,,,JNK INDIA LIMITED,296.9,299.0,291.5,293.6,299.0,296.95,,293.6,,,14759,4326588.65,816,F1,1,,,,,
2025-08-28,2025-08-28,CM,NSE,STK,16927,INE839G01010,JOCIL,EQ,,,,,JOCIL LIMITED,157.51,162.8,157.51,161.55,162.0,160.75,,161.55,,,1685,270645.95,91,F1,1,,,,,
2025-08-28,2025-08-28,CM,NSE,STK,4491,INE782A01015,JCHAC,EQ,,,,,JOHNSON CONTROLS HITACHI,1728.0,1743.4,1720.0,1728.2,1727.9,1728.3,,1728.2,,,19410,33622036.9,1524,F1,1,,,,,
2025-08-28,2025-08-28,CM,NSE,STK,758460,INE718I01012,JSWCEMENT,EQ,,,,,JSW CEMENT LIMITED,150.3,151.55,147.06,148.23,148.59,150.49,,148.22,,,8347289,1244593144.14,96364,F1,1,,,,,
2025-08-28,2025-08-28,CM,NSE,STK,17869,INE121E01018,JSWENERGY,EQ,,,,,JSW ENERGY LIMITED,513.0,513.0,496.2,497.65,497.6,513.1,,497.65,,,2117153,1064886128.45,39877,F1,1,,,,,
2025-08-28,2025-08-28,CM,NSE,STK,11880,INE824G01012,JSWHL,EQ,,,,,JSW HOLDINGS LIMITED,17988.0,18049.0,17777.0,17847.0,17815.0,17914.0,,17842.0,,,712,12742683.0,432,F1,1,,,,,
2025-08-28,2025-08-28,CM,NSE,STK,19020,INE880J01026,JSWINFRA,EQ,,,,,JSW INFRASTRUCTURE LTD,296.45,302.0,294.15,300.1,302.0,296.6,,300.1,,,1278749,381640954.55,38405,F1,1,,,,,
2025-08-28,2025-08-28,CM,NSE,STK,11723,INE019A01038,JSWSTEEL,EQ,,,,,JSW STEEL LIMITED,1047.1,1055.1,1033.9,1035.8,1041.3,1047.1,,1035.8,,,1313061,1368790537.6,38945,F1,1,,,,,
2025-08-28,2025-08-28,CM,NSE,STK,3237,INE643A01035,JTEKTINDIA,EQ,,,,,JTEKT INDIA LIMITED,136.0,147.95,130.32,134.01,132.48,130.11,,134.01,,,20649539,2931474897.74,131209,F1,1,,,,,
2025-08-28,2025-08-28,CM,NSE,STK,7287,INE391J01032,JTLIND,EQ,,,,,JTL INDUSTRIES LIMITED,74.0,75.0,72.78,72.87,72.84,74.12,,72.87,,,718223,52675154.96,4182,F1,1,,,,,
2025-08-28,2025-08-28,CM,NSE,STK,29590,INE03CC01015,JUBLCPL,EQ,,,,,JUBILANT AGRI N CON PRO L,2550.9,2844.8,2550.9,2783.6,2820.0,2589.7,,2784.4,,,108917,302144615.8,21992,F1,1,,,,,
2025-08-28,2025-08-28,CM,NSE,STK,18096,INE797F01020,JUBLFOOD,EQ,,,,,JUBILANT FOODWORKS LTD,636.0,643.35,633.2,635.55,635.5,640.8,,635.55,,,884338,562758071.05,37933,F1,1,,,,,
2025-08-28,2025-08-28,CM,NSE,STK,2783,INE0BY001018,JUBLINGREA,EQ,,,,,JUBILANT INGREVIA LIMITED,727.0,733.2,721.3,728.05,727.85,728.2,,728.05,,,171178,124545825.2,9237,F1,1,,,,,
2025-08-28,2025-08-28,CM,NSE,STK,3637,INE700A01033,JUBLPHARMA,EQ,,,,,JUBILANT PHARMOVA LTD,1034.0,1049.8,1026.2,1037.3,1034.0,1042.3,,1037.3,,,179808,186536844.8,16880,F1,1,,,,,
2025-08-28,2025-08-28,CM,NSE,STK,7109,INE412C01023,JMA,EQ,,,,,JULLUNDUR MOT AGENCY LTD,91.5,91.5,86.0,86.97,86.2,89.52,,86.97,,,7085,624900.03,237,F1,1,,,,,
2025-08-28,2025-08-28,CM,NSE,STK,22824,INE696F01016,JUNIPER,EQ,,,,,JUNIPER HOTELS LIMITED,287.95,288.2,281.5,284.6,284.3,287.95,,284.65,,,27776,7932055.45,1645,F1,1,,,,,
2025-08-28,2025-08-28,CM,NSE,STK,18553,INE682M01012,JLHL,EQ,,,,,JUPITER LIFE LINE HOSP L,1431.0,1458.9,1390.0,1408.0,1409.0,1426.2,,1407.9,,,70251,98710662.8,5347,F1,1,,,,,
2025-08-28,2025-08-28,CM,NSE,STK,20224,INE209L01016,JWL,EQ,,,,,JUPITER WAGONS LIMITED,329.0,329.45,318.35,319.55,320.6,329.65,,319.55,,,1013176,327125694.1,28509,F1,1,,,,,
2025-08-28,2025-08-28,CM,NSE,STK,29962,INE599M01018,JUSTDIAL,EQ,,,,,JUSTDIAL LTD.,816.15,821.95,808.0,810.65,821.5,820.15,,810.6,,,68122,55331966.55,4880,F1,1,,,,,
2025-08-28,2025-08-28,CM,NSE,STK,15146,INE668F01031,JYOTHYLAB,EQ,,,,,JYOTHY LABS LIMITED,341.25,341.25,332.05,338.65,338.15,341.5,,338.6,,,307156,103742814.75,13440,F1,1,,,,,
2025-08-28,2025-08-28,CM,NSE,STK,21334,INE980O01024,JYOTICNC,EQ,,,,,JYOTI CNC AUTOMATION LTD,919.1,925.5,895.3,899.2,899.0,927.8,,899.2,,,256880,232994320.0,17586,F1,1,,,,,
2025-08-28,2025-08-28,CM,NSE,STK,758221,INE1M3T01017,JYOTIGLOBL,SM,,,,,JYOTI GLOBAL PLAST LTD,58.0,59.4,58.0,59.4,59.4,58.85,,59.4,,,10000,587600.0,5,F1,2000,,,,,
2025-08-28,2025-08-28,CM,NSE,STK,1802,INE197A01024,JYOTISTRUC,EQ,,,,,JYOTI STRUCTURES LTD,15.65,15.69,15.01,15.04,15.07,15.61,,15.04,,,7215345,110287664.11,13312,F1,1,,,,,
2025-08-28,2025-08-28,CM,NSE,STK,14667,INE157H01023,KMSUGAR,EQ,,,,,K M SUGAR MILLS LTD,28.17,28.55,27.61,27.68,27.99,28.16,,27.66,,,33605,934039.25,385,F1,1,,,,,
2025-08-28,2025-08-28,CM,NSE,STK,27079,INE127T01021,KPEL,EQ,,,,,K.P. ENERGY LIMITED,424.0,431.95,420.1,425.1,426.8,427.7,,425.2,,,116233,49498218.45,5076,F1,1,,,,,
2025-08-28,2025-08-28,CM,NSE,STK,23459,INE0DEZ01013,K2INFRA,SM,,,,,K2 INFRAGEN LIMITED,61.95,62.6,60.05,60.2,60.2,60.9,,60.2,,,19200,1184700.0,21,F1,600,,,,,
2025-08-28,2025-08-28,CM,NSE,STK,1805,INE900B01029,KABRAEXTRU,EQ,,,,,KABRA EXTRUSION TECHNIK L,287.2,298.8,277.0,286.85,283.0,287.2,,287.05,,,164491,47801058.05,7347,F1,1,,,,,
2025-08-28,2025-08-28,CM,NSE,STK,29192,INE0XOW01017,KKJEWELS,SM,,,,,KABRA JEWELS LIMITED,102.9,102.9,97.05,97.45,97.3,100.5,,97.45,,,25000,2484600.0,23,F1,1000,,,,,
2025-08-28,2025-08-28,CM,NSE,STK,1808,INE217B01036,KAJARIACER,EQ,,,,,KAJARIA CERAMICS LTD,1225.0,1239.8,1213.2,1221.4,1220.2,1240.6,,1221.4,,,113910,139615552.3,14491,F1,1,,,,,
2025-08-28,2025-08-28,CM,NSE,STK,1811,INE437B01014,KAKATCEM,EQ,,,,,KAKATIYA CEM SUGAR &IND L,151.73,154.1,148.8,150.52,150.11,150.32,,150.52,,,2695,407227.96,263,F1,1,,,,,
2025-08-28,2025-08-28,CM,NSE,STK,25443,INE0T0L01014,KALANA,SM,,,,,KALANA ISPAT LIMITED,40.65,41.3,40.2,41.3,41.3,40.65,,41.3,,,6000,244300.0,3,F1,2000,,,,,
2025-08-28,2025-08-28,CM,NSE,STK,758558,INE227J01012,KALPATARU,EQ,,,,,KALPATARU LIMITED,384.35,395.2,381.35,387.3,386.35,384.35,,387.3,,,99670,38842498.95,4127,F1,1,,,,,
2025-08-28,2025-08-28,CM,NSE,STK,1814,INE220B01022,KPIL,EQ,,,,,KALPATARU PROJECT INT LTD,1265.9,1288.8,1261.1,1269.3,1264.1,1263.2,,1269.3,,,156996,200211923.7,22624,F1,1,,,,,
2025-08-28,2025-08-28,CM,NSE,STK,2955,INE303R01014,KALYANKJIL,EQ,,,,,KALYAN JEWELLERS IND LTD,494.55,514.8,492.95,510.15,510.15,498.4,,510.15,,,7354852,3724533110.2,86399,F1,1,,,,,
2025-08-28,2025-08-28,CM,NSE,STK,15156,INE314G01014,KALYANIFRG,EQ,,,,,KALYANI FORGE LIMITED,697.6,717.0,649.95,653.9,652.05,697.6,,653.8,,,7467,5048087.45,644,F1,1,,,,,
2025-08-28,2025-08-28,CM,NSE,STK,21119,INE029L01018,KICL,EQ,,,,,KALYANI INVEST CO LTD,4759.5,4850.0,4716.0,4765.7,4716.0,4832.0,,4765.0,,,1077,5170186.0,542,F1,1,,,,,
2025-08-28,2025-08-28,CM,NSE,STK,18889,INE907A01026,KSL,EQ,,,,,KALYANI STEELS LIMITED,850.5,854.95,830.6,834.8,834.0,850.5,,834.8,,,33143,27779733.9,2907,F1,1,,,,,
2025-08-28,2025-08-28,CM,NSE,STK,1826,INE967C01018,KAMATHOTEL,EQ,,,,,KAMAT HOTELS (I) LTD,300.71,300.94,291.0,293.02,292.96,300.79,,293.04,,,129553,38286219.66,4417,F1,1,,,,,
2025-08-28,2025-08-28,CM,NSE,STK,13457,INE390H01020,KAMDHENU,EQ,,,,,KAMDHENU LIMITED,27.51,27.72,27.1,27.59,27.49,27.54,,27.59,,,680337,18646172.7,2130,F1,1,,,,,
2025-08-28,2025-08-28,CM,NSE,STK,13814,INE0BTI01037,KAMOPAINTS,EQ,,,,,KAMDHENU VENTURES LIMITED,10.27,10.3,10.05,10.17,10.18,10.27,,10.17,,,2111305,21520470.44,3978,F1,1,,,,,
2025-08-28,2025-08-28,CM,NSE,STK,25786,INE879E01037,KANANIIND,EQ,,,,,KANANI INDUSTRIES LTD,1.97,2.13,1.85,1.92,1.91,1.97,,1.93,,,329415,639637.71,684,F1,1,,,,,
2025-08-28,2025-08-28,CM,NSE,STK,11211,INE0MOT01016,KANDARP,ST,,,,,KANDARP DG SMART BPO LTD,102.9,108.9,102.9,105.5,106.0,108.3,,105.5,,,102000,10626400.0,24,F1,2000,,,,,
2025-08-28,2025-08-28,CM,NSE,STK,1835,INE138C01024,KANORICHEM,EQ,,,,,KANORIA CHEMICALS & INDUS,84.33,84.75,82.2,82.85,82.9,84.33,,82.86,,,8681,723113.66,169,F1,1,,,,,
2025-08-28,2025-08-28,CM,NSE,STK,1782,INE694E01014,KANPRPLA,EQ,,,,,KANPUR PLASTIPACK LIMITED,206.42,207.34,196.94,202.87,200.0,207.74,,202.83,,,17477,3531193.54,354,F1,1,,,,,
2025-08-28,2025-08-28,CM,NSE,STK,1196,INE531A01024,KANSAINER,EQ,,,,,KANSAI NEROLAC PAINTS LTD,234.06,239.5,232.86,238.04,238.44,234.07,,238.03,,,219353,52013794.42,8005,F1,1,,,,,
2025-08-28,2025-08-28,CM,NSE,STK,18967,INE542Z01028,KAPSTON,EQ,,,,,KAPSTON SERVICES LIMITED,245.55,245.55,239.1,239.65,239.5,243.31,,239.65,,,3932,948084.09,239,F1,1,,,,,
2025-08-28,2025-08-28,CM,NSE,STK,24389,INE725L01011,KARMAENG,BE,,,,,KARMA ENERGY LIMITED,52.1,52.1,48.52,50.28,50.28,51.08,,50.25,,,15993,782420.45,94,F1,1,,,,,
2025-08-28,2025-08-28,CM,NSE,STK,8054,INE614B01018,KTKBANK,EQ,,,,,KARNATAKA BANK LIMITED,171.99,171.99,169.12,170.2,170.15,170.19,,170.19,,,474322,80805727.77,19834,F1,1,,,,,
2025-08-28,2025-08-28,CM,NSE,STK,19465,INE0MGA01012,KARNIKA,SM,,,,,KARNIKA INDUSTRIES LTD,890.0,920.0,818.0,896.15,900.0,880.45,,896.15,,,17400,15637560.0,77,F1,200,,,,,
2025-08-28,2025-08-28,CM,NSE,STK,1838,INE036D01028,KARURVYSYA,EQ,,,,,KARUR VYSYA BANK LTD,216.05,216.9,211.55,212.25,212.55,216.1,,212.25,,,1354942,290223112.8,18975,F1,1,,,,,
2025-08-28,2025-08-28,CM,NSE,STK,24528,INE0SVY01018,KATARIA,SM,,,,,KATARIA INDUSTRIES LTD,103.3,103.3,99.8,103.0,103.0,103.3,,103.0,,,5400,552120.0,7,F1,600,,,,,
2025-08-28,2025-08-28,CM,NSE,STK,15136,INE234I01028,KAUSHALYA,EQ,,,,,KAUSHALYA INFRA DEV LTD.,955.4,1138.0,955.4,1069.9,1071.75,960.5,,1070.15,,,11994,13019699.95,2667,F1,1,,,,,
2025-08-28,2025-08-28,CM,NSE,STK,21186,INE0Q2V01012,KLL,SM,,,,,KAUSHALYA LOGISTICS LTD,74.0,75.0,73.7,75.0,75.0,74.0,,75.0,,,4000,296080.0,5,F1,800,,,,,
2025-08-28,2025-08-28,CM,NSE,STK,14972,INE455I01029,KSCL,EQ,,,,,KAVERI SEED CO. LTD.,1140.2,1176.6,1129.0,1155.9,1159.7,1150.3,,1155.9,,,134186,155102577.2,13909,F1,1,,,,,
2025-08-28,2025-08-28,CM,NSE,STK,15248,INE641C01019,KAVDEFENCE,BE,,,,,KAVVERI DFS & WIR TEC LTD,61.0,61.0,61.0,61.0,61.0,64.22,,61.11,,,30326,1849886.0,318,F1,1,,,,,
2025-08-28,2025-08-28,CM,NSE,STK,21173,INE0RCG01017,KCEIL,SM,,,,,KAY CEE ENERGY & INFRA L,298.6,298.6,298.6,298.6,298.6,314.3,,298.6,,,5000,1493000.0,10,F1,500,,,,,
2025-08-28,2025-08-28,CM,NSE,STK,10282,INE587G01015,KAYA,BE,,,,,KAYA LIMITED,416.7,420.0,411.95,416.1,413.0,416.7,,416.35,,,2015,837748.45,55,F1,1,,,,,
2025-08-28,2025-08-28,CM,NSE,STK,12092,INE918Z01012,KAYNES,EQ,,,,,KAYNES TECHNOLOGY IND LTD,6180.0,6236.0,6075.5,6195.0,6174.0,6197.5,,6195.0,,,288821,1782677984.0,42554,F1,1,,,,,
2025-08-28,2025-08-28,CM,NSE,STK,758868,INE13ZD01013,KAYTEX,SM,,,,,KAYTEX FABRICS LIMITED,123.0,123.0,116.9,116.9,116.9,119.0,,116.9,,,9600,1134600.0,12,F1,800,,,,,
2025-08-28,2025-08-28,CM,NSE,STK,10293,INE0J1E01027,KCK,SM,,,,,KCK INDUSTRIES LTD,49.5,50.9,48.4,48.65,48.4,49.3,,48.65,,,457500,22619125.0,108,F1,2500,,,,,
2025-08-28,2025-08-28,CM,NSE,STK,1841,INE805C01028,KCP,EQ,,,,,KCP LTD,201.18,202.99,195.62,196.32,196.54,201.18,,196.32,,,223972,44278353.92,6265,F1,1,,,,,
2025-08-28,2025-08-28,CM,NSE,STK,4809,INE790B01024,KCPSUGIND,EQ,,,,,KCP SUGAR IND CORP LTD.,32.01,32.17,31.46,31.81,31.96,32.21,,31.8,,,43075,1369934.75,414,F1,1,,,,,
2025-08-28,2025-08-28,CM,NSE,STK,14908,INE291D01011,KDDL,EQ,,,,,KDDL LIMITED,2370.1,2427.6,2352.1,2411.0,2417.0,2398.1,,2411.1,,,7552,18066227.9,2065,F1,1,,,,,
2025-08-28,2025-08-28,CM,NSE,STK,13260,INE389H01022,KEC,EQ,,,,,KEC INTL. LIMITED,815.95,815.95,802.0,809.05,807.05,818.6,,809.05,,,208650,168524761.25,14604,F1,1,,,,,
2025-08-28,2025-08-28,CM,NSE,STK,13310,INE878B01027,KEI,EQ,,,,,KEI INDUSTRIES LTD.,3874.8,3935.6,3814.2,3863.5,3850.0,3874.8,,3863.0,,,240799,934166359.0,29673,F1,1,,,,,
2025-08-28,2025-08-28,CM,NSE,STK,13430,INE164B01030,KELLTONTEC,EQ,,,,,KELLTON TECH SOL LTD,25.48,25.82,25.1,25.66,25.73,25.48,,25.66,,,1540801,39347709.97,6108,F1,1,,,,,
2025-08-28,2025-08-28,CM,NSE,STK,29547,INE15DO01012,KEN,SM,,,,,KEN ENTERPRISES LIMITED,51.0,51.0,49.1,49.1,49.1,49.85,,49.1,,,13200,663300.0,11,F1,1200,,,,,
2025-08-28,2025-08-28,CM,NSE,STK,13125,INE202H01019,KERNEX,BE,,,,,KERNEX MICROSYS(I) LTD,1000.0,1050.0,975.0,994.5,980.0,1002.8,,994.6,,,49256,49773897.4,1539,F1,1,,,,,
2025-08-28,2025-08-28,CM,NSE,STK,4981,INE087A01019,KESORAMIND,BE,,,,,KESORAM INDUSTRIES LTD,5.62,5.69,5.34,5.43,5.48,5.63,,5.43,,,694871,3766651.21,1052,F1,1,,,,,
2025-08-28,2025-08-28,CM,NSE,STK,13381,INE401H01017,KKCL,EQ,,,,,KEWAL KIRAN CLOTHING LTD,523.45,525.0,505.0,508.9,505.15,521.4,,508.95,,,20734,10673133.9,2096,F1,1,,,,,
2025-08-28,2025-08-28,CM,NSE,STK,4157,INE681C01015,KEYFINSERV,EQ,,,,,KEYNOTE FIN SERV LTD.,250.0,256.85,248.25,250.4,251.0,258.75,,250.4,,,1948,491536.0,122,F1,1,,,,,
2025-08-28,2025-08-28,CM,NSE,STK,12219,INE263M01029,RUSTOMJEE,EQ,,,,,KEYSTONE REALTORS LIMITED,655.1,662.75,633.15,638.15,633.15,655.1,,638.2,,,13034,8396975.6,1395,F1,1,,,,,
2025-08-28,2025-08-28,CM,NSE,STK,13359,INE138Y01010,KFINTECH,EQ,,,,,KFIN TECHNOLOGIES LIMITED,1054.1,1071.8,1039.1,1050.0,1052.0,1054.1,,1050.0,,,1160529,1224814570.9,64564,F1,1,,,,,
2025-08-28,2025-08-28,CM,NSE,STK,425,INE834I01025,KHADIM,EQ,,,,,KHADIM INDIA LIMITED,233.5,236.6,229.0,229.9,232.6,233.5,,229.95,,,8732,2030761.35,489,F1,1,,,,,
2025-08-28,2025-08-28,CM,NSE,STK,9582,INE731C01018,KHAITANLTD,BE,,,,,KHAITAN (INDIA)LTD.,108.0,111.0,103.36,106.29,106.0,108.8,,104.08,,,1366,145425.31,53,F1,1,,,,,
2025-08-28,2025-08-28,CM,NSE,STK,902,INE745B01028,KHAICHEM,BE,,,,,KHAITAN CHEM & FERT LTD,103.55,108.0,101.01,105.31,106.8,104.88,,105.37,,,99945,10494901.16,594,F1,1,,,,,
2025-08-28,2025-08-28,CM,NSE,STK,9641,INE060B01014,KHANDSE,EQ,,,,,KHANDWALA SECURITIES LTD,24.3,24.5,23.52,23.7,23.65,23.78,,23.7,,,10143,241592.14,83,F1,1,,,,,
2025-08-28,2025-08-28,CM,NSE,STK,9570,INE00UG01014,KHFM,SM,,,,,KHFM HOS FAC MANA SER LTD,79.85,79.85,79.85,79.85,79.85,79.2,,79.85,,,1550,123767.5,1,F1,1550,,,,,
2025-08-28,2025-08-28,CM,NSE,STK,19941,INE729D01010,KILITCH,BE,,,,,KILITCH DRUGS INDIA LTD,352.8,356.0,349.45,349.45,349.45,367.8,,349.45,,,44147,15494681.75,237,F1,1,,,,,
2025-08-28,2025-08-28,CM,NSE,STK,18944,INE473D01015,KINGFA,EQ,,,,,KINGFA SCI & TEC IND LTD.,4209.9,4265.0,4132.0,4152.9,4140.0,4235.2,,4154.8,,,6071,25489440.7,1973,F1,1,,,,,
2025-08-28,2025-08-28,CM,NSE,STK,19126,INE880L01014,KIOCL,EQ,,,,,KIOCL LIMITED,410.0,438.3,402.3,405.25,405.4,411.5,,405.25,,,3138030,1318528228.5,46087,F1,1,,,,,
2025-08-28,2025-08-28,CM,NSE,STK,16639,INE415I01015,KIRIINDUS,EQ,,,,,KIRI INDUSTRIES LIMITED,532.0,538.45,521.2,524.95,522.25,533.9,,525.05,,,108475,57594576.25,3916,F1,1,,,,,
2025-08-28,2025-08-28,CM,NSE,STK,18581,INE732A01036,KIRLOSBROS,EQ,,,,,KIRLOSKAR BROTHERS LTD,2002.5,2016.9,1971.6,1985.8,1985.0,2018.7,,1985.7,,,66720,132481359.7,9427,F1,1,,,,,
2025-08-28,2025-08-28,CM,NSE,STK,18220,INE134B01017,KECL,EQ,,,,,KIRLOSKAR ELECTRIC CO LTD,116.77,117.9,115.5,116.14,116.0,116.65,,116.14,,,67498,7867046.18,1628,F1,1,,,,,
2025-08-28,2025-08-28,CM,NSE,STK,19025,INE250A01039,KIRLOSIND,EQ,,,,,KIRLOSKAR INDUSTRIES LTD,3723.1,3828.0,3701.0,3770.5,3800.0,3741.9,,3770.5,,,5993,22669155.3,2278,F1,1,,,,,
2025-08-28,2025-08-28,CM,NSE,STK,20936,INE146L01010,KIRLOSENG,EQ,,,,,KIRLOSKAR OIL ENG LTD,910.0,917.95,894.25,900.2,900.0,923.6,,900.15,,,219245,198350509.9,17822,F1,1,,,,,
2025-08-28,2025-08-28,CM,NSE,STK,15180,INE811A01020,KIRLPNU,EQ,,,,,KIRLOSKAR PNEUMATIC COM L,1225.0,1263.7,1208.5,1235.6,1235.6,1234.9,,1235.6,,,59729,74103083.8,8926,F1,1,,,,,
2025-08-28,2025-08-28,CM,NSE,STK,28899,INE602G01020,KITEX,EQ,,,,,KITEX GARMENTS LTD,169.56,175.4,169.56,169.56,169.56,178.49,,169.58,,,2688120,459887366.59,14644,F1,1,,,,,
2025-08-28,2025-08-28,CM,NSE,STK,17781,INE239T01016,KKVAPOW,SM,,,,,KKV AGRO POWERS LTD.,656.85,656.85,656.85,656.85,656.85,696.4,,656.85,,,156,102468.6,1,F1,156,,,,,
2025-08-28,2025-08-28,CM,NSE,STK,8602,INE0KNW01016,KNAGRI,SM,,,,,KN AGRI RESOURCES LIMITED,239.0,239.0,229.0,230.5,232.0,232.0,,230.5,,,1200,280000.0,3,F1,400,,,,,
2025-08-28,2025-08-28,CM,NSE,STK,27084,INE0CJD01011,KMEW,EQ,,,,,KNOWLEDGE MARINE & EN W L,1960.0,1969.5,1856.1,1868.1,1857.2,1937.9,,1868.1,,,28187,53893124.3,6069,F1,1,,,,,
2025-08-28,2025-08-28,CM,NSE,STK,758431,INE1JAR25012,KRT,RR,,,,,KNOWLEDGE REALTY TRUST,107.35,107.5,107.08,107.22,107.11,107.09,,107.22,,,887534,95183813.69,1856,F1,1,,,,,
2025-08-28,2025-08-28,CM,NSE,STK,15283,INE634I01029,KNRCON,EQ,,,,,KNR CONSTRU LTD.,194.42,195.64,191.1,192.58,192.9,194.42,,192.58,,,469427,90684232.08,17017,F1,1,,,,,
2025-08-28,2025-08-28,CM,NSE,STK,18751,INE0Q7P01013,KODYTECH,SM,,,,,KODY TECHNOLAB LIMITED,700.3,747.0,700.3,739.6,743.8,717.8,,739.6,,,20100,14714970.0,129,F1,100,,,,,
2025-08-28,2025-08-28,CM,NSE,STK,3009,INE080B01012,KOHINOOR,EQ,,,,,KOHINOOR FOODS LIMITED,34.44,35.01,34.07,34.33,34.09,34.43,,34.35,,,57855,1992786.87,1571,F1,1,,,,,
2025-08-28,2025-08-28,CM,NSE,STK,16827,INE760A01029,KOKUYOCMLN,EQ,,,,,KOKUYO CAMLIN LIMITED,112.16,115.12,112.16,112.67,113.0,113.86,,112.64,,,21186,2403366.69,476,F1,1,,,,,
2025-08-28,2025-08-28,CM,NSE,STK,15124,INE094I01018,KOLTEPATIL,EQ,,,,,KOLTE PATIL DEV. LTD.,460.3,474.45,451.25,469.7,472.0,460.3,,469.65,,,333920,156865035.65,16081,F1,1,,,,,
2025-08-28,2025-08-28,CM,NSE,STK,22475,INE0QEI01011,KONSTELEC,ST,,,,,KONSTELEC ENGINEERS LTD,60.2,60.2,60.0,60.0,60.0,60.2,,60.0,,,3000,180200.0,3,F1,1000,,,,,
2025-08-28,2025-08-28,CM,NSE,STK,19287,INE0KZ301010,KONTOR,SM,,,,,KONTOR SPACE LIMITED,71.4,73.45,71.4,73.4,73.4,73.5,,73.4,,,5400,391230.0,9,F1,600,,,,,
2025-08-28,2025-08-28,CM,NSE,STK,1919,INE082A01010,KOPRAN,EQ,,,,,KOPRAN LTD,156.92,157.59,154.06,156.12,155.0,156.71,,156.13,,,69352,10804311.55,1477,F1,1,,,,,
2025-08-28,2025-08-28,CM,NSE,STK,16758,INE0O4R01018,KDL,SM,,,,,KORE DIGITAL LIMITED,249.0,276.0,241.2,271.15,274.9,251.7,,271.15,,,68250,17725882.5,320,F1,150,,,,,
2025-08-28,2025-08-28,CM,NSE,STK,14858,INF174KA1HJ8,GOLD1,EQ,,,,,KOTAK GOLD ETF,86.56,86.56,84.66,85.02,85.06,84.45,,85.02,,,1102645,93690006.06,4061,F1,1,,,,,
2025-08-28,2025-08-28,CM,NSE,STK,1922,INE237A01028,KOTAKBANK,EQ,,,,,KOTAK MAHINDRA BANK LTD,1955.0,1968.0,1941.1,1944.7,1947.9,1965.7,,1944.7,,,3597940,7020259864.0,216918,F1,1,,,,,
2025-08-28,2025-08-28,CM,NSE,STK,18102,INF174K014P6,NIFTY1,EQ,,,,,KOTAK NIFTY ETF,271.74,271.75,268.8,269.04,270.1,271.85,,269.06,,,184842,49796890.48,1921,F1,1,,,,,
2025-08-28,2025-08-28,CM,NSE,STK,15061,INF373I01023,PSUBANK,EQ,,,,,KOTAK PSU BANK,688.75,691.97,677.28,679.58,680.32,686.75,,679.6,,,7973,5429936.14,423,F1,1,,,,,
2025-08-28,2025-08-28,CM,NSE,STK,7412,INF174KA1IA5,ALPHA,EQ,,,,,KOTAKMAMC - KOTAKALPHA,48.24,48.43,47.5,47.56,47.59,48.25,,47.56,,,1569285,74972557.26,7896,F1,1,,,,,
2025-08-28,2025-08-28,CM,NSE,STK,10512,INF174KA1JE5,CONS,EQ,,,,,KOTAKMAMC - KOTAKCONS,124.27,124.41,120.54,123.83,124.0,124.43,,123.83,,,5340,658838.29,113,F1,1,,,,,
2025-08-28,2025-08-28,CM,NSE,STK,2627,INF174KA1GC5,IT,EQ,,,,,KOTAKMAMC - KOTAKIT,39.34,39.58,38.55,38.61,38.59,39.2,,38.61,,,332739,12894421.18,1152,F1,1,,,,,
2025-08-28,2025-08-28,CM,NSE,STK,13950,INF174KA1LV5,LIQUID1,EQ,,,,,KOTAKMAMC - KOTAKLIQ,1065.75,1068.8,1062.51,1065.9,1065.9,1065.75,,1065.9,,,388180,413764869.57,393,F1,1,,,,,
2025-08-28,2025-08-28,CM,NSE,STK,8632,INF174KA1IY5,LOWVOL1,EQ,,,,,KOTAKMAMC - KOTAKLOVOL,20.75,21.97,20.66,21.1,21.06,21.2,,21.1,,,126362,2670780.26,299,F1,1,,,,,
2025-08-28,2025-08-28,CM,NSE,STK,8077,INF174KA1IB3,MIDCAP,EQ,,,,,KOTAKMAMC - KOTAKMID50,165.01,165.78,161.0,161.55,161.8,164.19,,161.55,,,103426,16774394.08,1207,F1,1,,,,,
2025-08-28,2025-08-28,CM,NSE,STK,10676,INF174KA1JF2,MNC,EQ,,,,,KOTAKMAMC - KOTAKMNC,30.23,30.23,29.82,29.89,29.91,30.08,,29.89,,,76836,2302741.83,487,F1,1,,,,,
2025-08-28,2025-08-28,CM,NSE,STK,13082,INF174KA1KU9,SILVER1,EQ,,,,,KOTAKMAMC - KOTAKSILVE,113.56,114.83,113.56,114.14,114.16,113.55,,114.14,,,587273,66915789.06,1121,F1,1,,,,,
2025-08-28,2025-08-28,CM,NSE,STK,11457,INF174K01Z71,NV20,EQ,,,,,KOTAKMAMC - KTKNV20ETF,148.88,148.88,144.86,146.08,144.86,147.31,,146.08,,,9328,1366471.07,296,F1,1,,,,,
2025-08-28,2025-08-28,CM,NSE,STK,30469,INF174KA1VW2,MID150,EQ,,,,,KOTAKMAMC - MID150,22.0,22.25,21.3,21.43,21.43,21.8,,21.43,,,447798,9594043.01,651,F1,1,,,,,
2025-08-28,2025-08-28,CM,NSE,STK,29758,INF174KA1VD2,MSCIINDIA,EQ,,,,,KOTAKMAMC - MSCIINDIA,29.96,29.96,28.92,28.99,29.0,29.23,,28.99,,,6598,192550.41,100,F1,1,,,,,
2025-08-28,2025-08-28,CM,NSE,STK,29944,INF174KA1UW4,NIFTY100EW,EQ,,,,,KOTAKMAMC - NIFTY100EW,33.91,33.91,32.7,32.82,32.8,33.43,,32.82,,,41572,1370732.72,280,F1,1,,,,,
2025-08-28,2025-08-28,CM,NSE,STK,757946,INF174KA1WT6,QUALITY30,EQ,,,,,KOTAKMAMC - QUALITY30,21.0,21.0,20.15,20.86,20.55,20.9,,20.86,,,7058,145735.63,62,F1,1,,,,,
2025-08-28,2025-08-28,CM,NSE,STK,5851,INF174K01F59,BANKNIFTY1,EQ,,,,,KOTAKMAMC-KOTAKBKETF,563.48,564.98,556.31,558.16,559.27,563.49,,558.18,,,60814,33936411.54,836,F1,1,,,,,
2025-08-28,2025-08-28,CM,NSE,STK,4594,INE720A01015,KOTHARIPET,EQ,,,,,KOTHARI PETROCHEM LTD,164.05,165.61,158.44,159.26,159.9,164.05,,159.26,,,33610,5441135.54,1307,F1,1,,,,,
2025-08-28,2025-08-28,CM,NSE,STK,5528,INE823A01017,KOTHARIPRO,EQ,,,,,KOTHARI PRODUCTS LTD,76.34,77.84,75.1,76.85,76.51,76.37,,76.85,,,6849,521413.3,577,F1,1,,,,,
2025-08-28,2025-08-28,CM,NSE,STK,11647,INE419A01022,KOTARISUG,EQ,,,,,KOTHARI SUG & CHEM LTD.,29.82,30.34,29.56,29.97,29.95,29.82,,29.97,,,22810,683884.99,427,F1,1,,,,,
2025-08-28,2025-08-28,CM,NSE,STK,6444,INE0J0B01017,KOTYARK,ST,,,,,KOTYARK INDUSTRIES LTD,332.6,359.95,332.6,346.05,354.7,350.1,,346.05,,,10200,3499000.0,84,F1,100,,,,,
2025-08-28,2025-08-28,CM,NSE,STK,5108,INE542W01025,KPIGREEN,EQ,,,,,KPI GREEN ENERGY LIMITED,498.0,498.3,481.1,483.35,483.0,498.3,,483.3,,,514756,251477183.5,20723,F1,1,,,,,
2025-08-28,2025-08-28,CM,NSE,STK,9683,INE04I401011,KPITTECH,EQ,,,,,KPIT TECHNOLOGIES LIMITED,1204.0,1206.1,1176.0,1184.4,1179.3,1200.1,,1184.4,,,1213402,1449589370.8,54048,F1,1,,,,,
2025-08-28,2025-08-28,CM,NSE,STK,14912,INE930H01031,KPRMILL,EQ,,,,,KPR MILL LTD.,962.1,989.0,954.8,982.1,979.0,980.0,,982.1,,,350210,342288118.3,35112,F1,1,,,,,
2025-08-28,2025-08-28,CM,NSE,STK,10577,INE001B01026,KRBL,EQ,,,,,KRBL LIMITED,445.35,456.3,435.0,440.45,437.35,447.05,,440.45,,,615274,273472207.6,17953,F1,1,,,,,
2025-08-28,2025-08-28,CM,NSE,STK,7885,INE268B01013,KREBSBIO,BE,,,,,KREBS BIOCHEMICALS & IND,72.5,73.99,70.34,72.35,72.69,73.1,,72.23,,,1356,97851.83,30,F1,1,,,,,
2025-08-28,2025-08-28,CM,NSE,STK,11488,INE524L01026,KRIDHANINF,BE,,,,,KRIDHAN INFRA LIMITED,4.22,4.25,4.0,4.0,4.0,4.22,,4.0,,,48679,196022.08,126,F1,1,,,,,
2025-08-28,2025-08-28,CM,NSE,STK,12847,INE506W01012,KRISHANA,EQ,,,,,KRISHANA PHOSCHEM LIMITED,581.0,590.95,565.8,581.4,580.9,587.75,,581.4,,,136030,79269087.35,8972,F1,1,,,,,
2025-08-28,2025-08-28,CM,NSE,STK,16133,INE0NR701018,KRISHCA,SM,,,,,KRISHCA STRAPPING SLTN L,220.1,226.05,220.0,226.0,226.0,226.1,,226.0,,,4000,890100.0,8,F1,500,,,,,
2025-08-28,2025-08-28,CM,NSE,STK,756784,INE0GGO01015,KRISHIVAL,BE,,,,,KRISHIVAL FOODS LIMITED,473.1,473.1,430.0,454.65,455.0,450.6,,454.8,,,15378,6977985.05,493,F1,1,,,,,
2025-08-28,2025-08-28,CM,NSE,STK,8782,INE0J5601015,KRISHNADEF,SM,,,,,KRISHNA DEF AND ALD IND L,770.0,789.0,765.0,768.0,770.0,773.7,,768.0,,,25750,19944950.0,70,F1,250,,,,,
2025-08-28,2025-08-28,CM,NSE,STK,4847,INE967H01025,KIMS,EQ,,,,,KRISHNA INST OF MED SCI L,745.8,747.45,734.0,737.4,735.0,745.8,,737.4,,,310460,229686769.25,23374,F1,1,,,,,
2025-08-28,2025-08-28,CM,NSE,STK,6420,INE479D01038,KRITI,BE,,,,,KRITI INDUSTRIES IND LTD,137.47,137.47,132.0,132.64,132.99,137.69,,132.65,,,5310,712266.43,66,F1,1,,,,,
2025-08-28,2025-08-28,CM,NSE,STK,11432,INE798K01010,KRITINUT,EQ,,,,,KRITI NUTRIENTS LIMITED,98.53,99.5,97.0,97.18,97.0,98.53,,97.18,,,7231,712232.34,354,F1,1,,,,,
2025-08-28,2025-08-28,CM,NSE,STK,9288,INE00Z501029,KRITIKA,EQ,,,,,KRITIKA WIRES LIMITED,8.55,8.6,7.49,7.71,7.7,8.55,,7.71,,,434801,3434124.4,1479,F1,1,,,,,
2025-08-28,2025-08-28,CM,NSE,STK,25643,INE0Q3J01015,KRN,EQ,,,,,KRN HEAT EXCHANGE N REF L,905.95,913.05,882.0,887.2,886.0,907.3,,887.25,,,449904,404258375.95,25470,F1,1,,,,,
2025-08-28,2025-08-28,CM,NSE,STK,24025,INE0ATZ01017,KRONOX,EQ,,,,,KRONOX LAB SCIENCES LTD,166.0,167.9,163.35,164.69,164.75,167.92,,164.66,,,44932,7420811.76,1390,F1,1,,,,,
2025-08-28,2025-08-28,CM,NSE,STK,25252,INE0O6601022,KROSS,EQ,,,,,KROSS LIMITED,201.0,201.23,191.39,193.5,193.35,204.0,,193.53,,,2524185,495961827.3,21556,F1,1,,,,,
2025-08-28,2025-08-28,CM,NSE,STK,5359,INE08LI01020,KRSNAA,EQ,,,,,KRSNAA DIAGNOSTICS LTD,794.95,800.6,785.05,792.15,792.95,793.45,,792.1,,,27996,22243295.5,4090,F1,1,,,,,
2025-08-28,2025-08-28,CM,NSE,STK,23175,INE0QN801017,KRYSTAL,EQ,,,,,KRYSTAL INTEGRATED SER L,651.1,692.0,651.1,664.6,663.0,668.65,,664.5,,,22479,15076810.5,994,F1,1,,,,,
2025-08-28,2025-08-28,CM,NSE,STK,1949,INE999A01023,KSB,EQ,,,,,KSB LIMITED,835.0,839.45,807.0,816.1,812.0,840.3,,816.0,,,589016,488022348.4,32222,F1,1,,,,,
2025-08-28,2025-08-28,CM,NSE,STK,10407,INE013801027,KSHITIJPOL,EQ,,,,,KSHITIJ POLYLINE LIMITED,3.01,3.27,2.97,3.16,3.27,3.05,,3.16,,,159710,494466.59,363,F1,1,,,,,
2025-08-28,2025-08-28,CM,NSE,STK,11060,INE0D6I01023,KSOLVES,EQ,,,,,KSOLVES INDIA LIMITED,331.3,331.3,318.0,323.45,324.05,331.3,,323.45,,,49238,15897940.2,2842,F1,1,,,,,
2025-08-28,2025-08-28,CM,NSE,STK,13870,INE529I01021,KUANTUM,EQ,,,,,KUANTUM PAPERS LIMITED,113.29,114.98,109.99,111.2,111.0,113.29,,111.17,,,56043,6314312.12,1343,F1,1,,,,,
2025-08-28,2025-08-28,CM,NSE,STK,18708,INE0OWX01025,KEL,SM,,,,,KUNDAN EDIFICE LIMITED,100.0,100.0,98.1,98.1,98.1,99.25,,98.1,,,3600,356520.0,3,F1,1200,,,,,
2025-08-28,2025-08-28,CM,NSE,STK,24948,INE498L01015,LTF,EQ,,,,,L&T FINANCE LIMITED,219.3,220.33,215.26,216.44,216.5,220.0,,216.44,,,5719437,1247341853.35,42939,F1,1,,,,,
2025-08-28,2025-08-28,CM,NSE,STK,18564,INE010V01017,LTTS,EQ,,,,,L&T TECHNOLOGY SER. LTD.,4300.0,4324.9,4206.1,4226.3,4231.7,4325.0,,4226.3,,,38258,163539185.6,11273,F1,1,,,,,
2025-08-28,2025-08-28,CM,NSE,STK,14423,INE059D01020,LAOPALA,EQ,,,,,LA OPALA RG LIMITED,244.65,245.7,239.15,241.55,241.55,243.4,,241.55,,,33956,8208283.8,2464,F1,1,,,,,
2025-08-28,2025-08-28,CM,NSE,STK,5865,INE548Z01017,LAGNAM,EQ,,,,,LAGNAM SPINTEX LIMITED,87.0,87.08,84.0,84.8,85.0,87.34,,84.8,,,10941,939402.9,229,F1,1,,,,,
2025-08-28,2025-08-28,CM,NSE,STK,7902,INE850E01012,LFIC,EQ,,,,,LAKSHMI FIN IND CORP LTD,204.3,210.0,202.11,203.01,203.0,204.22,,203.01,,,1162,237628.83,40,F1,1,,,,,
2025-08-28,2025-08-28,CM,NSE,STK,25860,INE0VZS01015,LAKSHYA,SM,,,,,LAKSHYA POWERTECH LIMITED,133.0,134.0,130.0,133.0,133.0,135.65,,133.0,,,8000,1054040.0,10,F1,800,,,,,
2025-08-28,2025-08-28,CM,NSE,STK,6407,INE112F01022,LAMBODHARA,EQ,,,,,LAMBODHARA TEXTILES LTD.,124.18,124.18,118.0,120.0,118.4,121.76,,120.03,,,4040,486576.15,311,F1,1,,,,,
2025-08-28,2025-08-28,CM,NSE,STK,27218,INE0R0201012,LAMOSAIC,SM,,,,,LAMOSAIC INDIA LIMITED,37.3,38.0,36.55,36.9,36.85,38.65,,36.9,,,31800,1180110.0,36,F1,600,,,,,
2025-08-28,2025-08-28,CM,NSE,STK,23027,INE572G01025,LANCORHOL,EQ,,,,,LANCOR HOLDINGS LIMITED,26.28,26.28,23.85,23.98,23.93,25.17,,23.97,,,61923,1511810.15,720,F1,1,,,,,
2025-08-28,2025-08-28,CM,NSE,STK,13276,INE559R01029,LANDMARK,EQ,,,,,LANDMARK CARS LIMITED,577.95,591.7,568.5,584.8,584.9,574.95,,584.8,,,168660,98238775.5,11545,F1,1,,,,,
2025-08-28,2025-08-28,CM,NSE,STK,16863,INE197J01017,LPDC,EQ,,,,,LANDMARK PR.DEV.CO.LTD,8.08,8.15,7.72,7.99,7.95,7.97,,7.97,,,7806,62614.09,106,F1,1,,,,,
2025-08-28,2025-08-28,CM,NSE,STK,11483,INE018A01030,LT,EQ,,,,,LARSEN & TOUBRO LTD.,3540.0,3576.9,3537.2,3560.1,3564.1,3541.3,,3560.1,,,1695226,6035189848.2,143098,F1,1,,,,,
2025-08-28,2025-08-28,CM,NSE,STK,21723,INE670X01014,LASA,BE,,,,,LASA SUPERGENERICS LTD,8.78,8.95,8.34,8.59,8.95,8.78,,8.59,,,115519,986566.06,283,F1,1,,,,,
2025-08-28,2025-08-28,CM,NSE,STK,6818,INE0I7C01011,LATENTVIEW,EQ,,,,,LATENT VIEW ANALYTICS LTD,424.85,444.0,416.7,419.8,419.8,424.9,,419.9,,,1092976,471939833.1,30840,F1,1,,,,,
2025-08-28,2025-08-28,CM,NSE,STK,15840,INE262Z01023,LATTEYS,EQ,,,,,LATTEYS INDUSTRIES LTD,20.99,20.99,19.61,20.11,20.19,20.05,,20.11,,,85857,1733499.18,1093,F1,1,,,,,
2025-08-28,2025-08-28,CM,NSE,STK,19234,INE947Q01028,LAURUSLABS,EQ,,,,,LAURUS LABS LIMITED,868.65,876.5,856.2,862.0,861.0,868.65,,862.0,,,1373559,1191466602.05,53113,F1,1,,,,,
2025-08-28,2025-08-28,CM,NSE,STK,6568,INE801V01019,LAXMICOT,EQ,,,,,LAXMI COTSPIN LIMITED,25.0,25.79,24.33,24.8,24.56,25.28,,24.8,,,10732,265916.68,117,F1,1,,,,,
2025-08-28,2025-08-28,CM,NSE,STK,29171,INE0WO601020,LAXMIDENTL,EQ,,,,,LAXMI DENTAL LIMITED,342.0,343.25,330.2,334.5,332.2,343.35,,334.5,,,82171,27641605.7,4715,F1,1,,,,,
2025-08-28,2025-08-28,CM,NSE,STK,19876,INE258Y01016,LGHL,EQ,,,,,LAXMI GOLDORNA HOUSE LTD,693.2,717.0,693.2,712.45,716.0,707.6,,712.45,,,54848,38649407.85,1281,F1,1,,,,,
2025-08-28,2025-08-28,CM,NSE,STK,758863,INE06WU01026,LAXMIINDIA,EQ,,,,,LAXMI INDIA FINANCE LTD,133.0,134.25,129.7,132.28,132.25,133.17,,132.3,,,393080,51930209.46,4859,F1,1,,,,,
2025-08-28,2025-08-28,CM,NSE,STK,2841,INE576O01020,LXCHEM,EQ,,,,,LAXMI ORGANIC INDUS LTD,210.0,211.64,205.25,206.16,206.35,211.64,,206.14,,,572426,119518949.83,14226,F1,1,,,,,
2025-08-28,2025-08-28,CM,NSE,STK,7529,INE938A01021,LCCINFOTEC,EQ,,,,,LCC INFOTECH LTD,4.26,4.65,4.26,4.28,4.28,4.49,,4.29,,,38727,167981.35,111,F1,1,,,,,
2025-08-28,2025-08-28,CM,NSE,STK,9372,INE0G1L01017,LEMERITE,SM,,,,,LE MERITE EXPORTS LIMITED,357.75,357.75,351.5,352.1,352.0,354.3,,352.1,,,24400,8604840.0,35,F1,400,,,,,
2025-08-28,2025-08-28,CM,NSE,STK,24067,INE0HV901016,IXIGO,EQ,,,,,LE TRAVENUES TECHNOLOGY L,283.4,284.47,277.5,279.51,278.05,284.52,,279.52,,,1250136,351557865.71,24925,F1,1,,,,,
2025-08-28,2025-08-28,CM,NSE,STK,14211,INE0H4B01011,LRRPL,ST,,,,,LEAD REC AND RUB PROD LTD,78.85,78.9,78.85,78.9,78.9,83.0,,78.9,,,4500,354900.0,3,F1,1500,,,,,
2025-08-28,2025-08-28,CM,NSE,STK,2606,INE970X01018,LEMONTREE,EQ,,,,,LEMON TREE HOTELS LTD,166.14,168.63,165.19,167.8,167.79,165.19,,167.8,,,4550659,761863180.1,59295,F1,1,,,,,
2025-08-28,2025-08-28,CM,NSE,STK,14459,INE500X01013,LEXUS,EQ,,,,,LEXUS GRANITO (INDIA) LTD,30.0,30.5,29.22,29.98,30.0,29.74,,29.98,,,55501,1657912.37,160,F1,1,,,,,
2025-08-28,2025-08-28,CM,NSE,STK,18321,INE337A01034,LGBBROSLTD,EQ,,,,,LG BALAKRISHNAN & BROS,1295.0,1295.1,1270.1,1277.2,1290.0,1296.9,,1277.1,,,12202,15620467.5,2259,F1,1,,,,,
2025-08-28,2025-08-28,CM,NSE,STK,11082,INE908V01012,LIBAS,EQ,,,,,LIBAS CONSU PRODUCTS LTD,12.4,12.4,11.79,11.89,11.95,12.17,,11.89,,,31714,381535.98,217,F1,1,,,,,
2025-08-28,2025-08-28,CM,NSE,STK,9373,INE557B01019,LIBERTSHOE,BE,,,,,LIBERTYSHOESLTD,315.25,316.95,305.05,306.05,305.2,315.25,,306.1,,,18866,5800868.3,151,F1,1,,,,,
2025-08-28,2025-08-28,CM,NSE,STK,1997,INE115A01026,LICHSGFIN,EQ,,,,,LIC HOUSING FINANCE LTD,560.3,560.3,546.2,547.35,548.5,560.4,,547.35,,,2560978,1412756273.0,52808,F1,1,,,,,
2025-08-28,2025-08-28,CM,NSE,STK,25640,INF397L01554,LICMFGOLD,EQ,,,,,LIC MF - LIC GOLD ETF,9200.05,9263.0,9149.4,9157.35,9165.0,9149.4,,9157.25,,,6086,56024941.7,333,F1,1,,,,,
2025-08-28,2025-08-28,CM,NSE,STK,11319,INF767K01OS7,LICNETFN50,EQ,,,,,LICNAMC - LICNFENGP,275.4,275.4,272.01,272.96,272.79,275.43,,272.96,,,1204,328955.35,43,F1,1,,,,,
2025-08-28,2025-08-28,CM,NSE,STK,11441,INF767K01OT5,LICNETFSEN,EQ,,,,,LICNAMC - LICNFESGP,906.62,906.62,898.53,899.92,898.53,920.96,,899.92,,,258,232752.04,42,F1,1,,,,,
2025-08-28,2025-08-28,CM,NSE,STK,15229,INF767K01PC8,LICNFNHGP,EQ,,,,,LICNAMC - LICNFNHGP,270.56,279.79,270.56,274.83,274.99,276.09,,274.83,,,3812,1051354.3,100,F1,1,,,,,
2025-08-28,2025-08-28,CM,NSE,STK,6062,INF767K01MV5,LICNETFGSC,EQ,,,,,LICNAMC - LICNMFET,27.94,28.23,27.93,28.13,28.13,28.03,,28.13,,,32836,923584.5,170,F1,1,,,,,
2025-08-28,2025-08-28,CM,NSE,STK,22722,INF767K01RN1,LICNMID100,EQ,,,,,LICNAMC - LICNMID100,58.44,58.45,57.0,57.21,57.34,57.97,,57.22,,,5467,312910.98,153,F1,1,,,,,
2025-08-28,2025-08-28,CM,NSE,STK,9480,INE0J1Y01017,LICI,EQ,,,,,LIFE INSURA CORP OF INDIA,887.0,889.6,866.0,869.5,869.0,888.35,,869.5,,,903333,790322966.9,39093,F1,1,,,,,
2025-08-28,2025-08-28,CM,NSE,STK,578,INE060901027,LIKHITHA,EQ,,,,,LIKHITHA INFRASTRUC LTD,248.0,249.9,245.0,246.2,246.6,249.3,,246.35,,,35099,8645170.0,1615,F1,1,,,,,
2025-08-28,2025-08-28,CM,NSE,STK,6955,INE802B01027,LINC,BE,,,,,LINC LIMITED,128.7,134.3,128.7,130.07,131.66,132.15,,130.07,,,3524,458753.3,71,F1,1,,,,,
2025-08-28,2025-08-28,CM,NSE,STK,11596,INE405C01035,LINCOLN,EQ,,,,,LINCOLN PHARMA LTD,533.7,547.0,532.6,543.2,542.0,541.85,,543.2,,,40786,22061956.5,2451,F1,1,,,,,
2025-08-28,2025-08-28,CM,NSE,STK,1627,INE473A01011,LINDEINDIA,EQ,,,,,LINDE INDIA LIMITED,6401.0,6425.5,6339.5,6374.0,6389.0,6418.0,,6374.5,,,8955,57081691.5,3606,F1,1,,,,,
2025-08-28,2025-08-28,CM,NSE,STK,757406,IN9093R01019,LLOYDSENPP,E1,,,,,LLOYD RS.0.50 PPD UP,44.99,45.98,44.0,44.65,44.6,44.99,,44.64,,,409935,18370726.19,1174,F1,1,,,,,
2025-08-28,2025-08-28,CM,NSE,STK,17801,INE093R01011,LLOYDSENGG,EQ,,,,,LLOYDS ENGG WORK LIMITED,64.84,64.84,63.35,64.5,64.65,64.9,,64.5,,,2721837,174652740.62,14593,F1,1,,,,,
2025-08-28,2025-08-28,CM,NSE,STK,758522,INE080I20017,LLOYDSE-RE,BE,,,,,LLOYDS ENTERPRISES LTD,27.21,27.49,26.9,27.0,27.0,27.23,,27.0,,,28062520,759439549.55,3869,F1,1,,,,,
2025-08-28,2025-08-28,CM,NSE,STK,25807,INE080I01025,LLOYDSENT,EQ,,,,,LLOYDS ENTERPRISES LTD,71.51,71.99,70.17,70.61,70.39,71.51,,70.59,,,4264247,303092741.15,10197,F1,1,,,,,
2025-08-28,2025-08-28,CM,NSE,STK,17313,INE281B01032,LLOYDSME,EQ,,,,,LLOYDS METALS N ENERGY L,1300.1,1320.0,1292.0,1306.5,1300.0,1308.5,,1306.7,,,303741,396303173.3,25698,F1,1,,,,,
2025-08-28,2025-08-28,CM,NSE,STK,1979,INE269B01029,LMW,EQ,,,,,LMW LIMITED,14450.0,14698.0,14448.0,14527.0,14485.0,14612.0,,14528.0,,,2738,39833260.0,1300,F1,1,,,,,
2025-08-28,2025-08-28,CM,NSE,STK,3220,INE670K01029,LODHA,EQ,,,,,LODHA DEVELOPERS LIMITED,1239.0,1247.7,1205.1,1208.2,1217.0,1236.8,,1208.2,,,1036875,1263448922.2,62294,F1,1,,,,,
2025-08-28,2025-08-28,CM,NSE,STK,13436,INE397H01017,LOKESHMACH,EQ,,,,,LOKESH MACHINES LTD,201.99,210.84,201.99,207.31,206.36,201.29,,207.34,,,78276,16201412.57,4882,F1,1,,,,,
2025-08-28,2025-08-28,CM,NSE,STK,18235,INE846D01012,LORDSCHLO,BE,,,,,LORDS CHLORO ALKALI LTD,191.0,191.0,174.3,178.62,179.92,183.48,,178.32,,,30677,5448338.12,272,F1,1,,,,,
2025-08-28,2025-08-28,CM,NSE,STK,14929,INE740X01023,LAL,BE,,,,,LORENZINI APPARELS LTD,10.15,10.78,10.15,10.24,10.42,10.42,,10.24,,,24518,254023.07,86,F1,1,,,,,
2025-08-28,2025-08-28,CM,NSE,STK,16807,INE947I01017,LOTUSEYE,EQ,,,,,LOTUS EYE HOSP & INST L,104.0,111.15,102.61,109.22,109.1,103.53,,109.23,,,322665,34498530.56,3748,F1,1,,,,,
2025-08-28,2025-08-28,CM,NSE,STK,22415,INE597L01014,LOVABLE,EQ,,,,,LOVABLE LINGERIE LTD,89.0,95.49,89.0,91.94,92.0,92.3,,91.78,,,9679,895491.72,388,F1,1,,,,,
2025-08-28,2025-08-28,CM,NSE,STK,10605,INE970D01010,LOYALTEX,BE,,,,,LOYAL TEXTILE MILLS LTD,305.95,305.95,300.05,302.65,302.65,306.0,,302.65,,,129,39395.45,8,F1,1,,,,,
2025-08-28,2025-08-28,CM,NSE,STK,13816,INE818H01020,LTFOODS,EQ,,,,,LT FOODS LIMITED,437.6,438.5,422.0,426.1,426.7,437.55,,426.1,,,884376,379041046.5,39802,F1,1,,,,,
2025-08-28,2025-08-28,CM,NSE,STK,17818,INE214T01019,LTIM,EQ,,,,,LTIMINDTREE LIMITED,5165.5,5189.0,5067.5,5123.0,5123.0,5165.5,,5123.0,,,318813,1629909951.5,31148,F1,1,,,,,
2025-08-28,2025-08-28,CM,NSE,STK,14014,INE872H01027,LUMAXTECH,EQ,,,,,LUMAX AUTO TECH LTD,1125.0,1136.7,1106.0,1119.4,1111.0,1136.8,,1119.1,,,71734,80501981.7,6916,F1,1,,,,,
2025-08-28,2025-08-28,CM,NSE,STK,2018,INE162B01018,LUMAXIND,EQ,,,,,LUMAX INDUSTRIES LTD,4020.0,4209.9,3975.9,4150.2,4118.5,4067.4,,4149.8,,,95169,393814178.5,20731,F1,1,,,,,
2025-08-28,2025-08-28,CM,NSE,STK,10440,INE326A01037,LUPIN,EQ,,,,,LUPIN LIMITED,1930.0,1934.1,1893.1,1902.4,1901.0,1924.6,,1902.4,,,503381,958140313.8,36471,F1,1,,,,,
2025-08-28,2025-08-28,CM,NSE,STK,11301,INE150G01020,LUXIND,EQ,,,,,LUX INDUSTRIES LIMITED,1290.4,1293.1,1271.8,1281.8,1280.6,1296.6,,1281.8,,,13379,17169463.3,2404,F1,1,,,,,
2025-08-28,2025-08-28,CM,NSE,STK,2028,INE933A01014,LYKALABS,EQ,,,,,LYKA LABS LTD,98.57,101.08,98.57,100.24,100.7,99.94,,100.18,,,10127,1013759.12,406,F1,1,,,,,
2025-08-28,2025-08-28,CM,NSE,STK,31472,INE142K01011,LYPSAGEMS,BE,,,,,LYPSA GEMS & JEWEL LTD,6.31,6.82,6.31,6.6,6.48,6.5,,6.42,,,27242,177980.87,86,F1,1,,,,,
2025-08-28,2025-08-28,CM,NSE,STK,758150,INE08N601015,MBEL,EQ,,,,,M AND B ENGINEERING LTD,458.0,459.25,425.0,429.0,432.0,456.5,,429.0,,,1032003,453320254.95,31447,F1,1,,,,,
2025-08-28,2025-08-28,CM,NSE,STK,16738,INE964W01021,MKPL,BE,,,,,M K PROTEINS LIMITED,6.4,6.59,6.4,6.49,6.5,6.44,,6.49,,,51051,330213.94,390,F1,1,,,,,
2025-08-28,2025-08-28,CM,NSE,STK,13285,INE774D01024,M&MFIN,EQ,,,,,M&M FIN. SERVICES LTD,259.2,262.2,256.8,259.1,258.7,260.5,,259.15,,,1796542,464613149.3,34962,F1,1,,,,,
2025-08-28,2025-08-28,CM,NSE,STK,22979,INE0SGC01015,MVKAGRO,ST,,,,,M.V.K. AGRO FOOD PROD LTD,335.55,335.55,335.55,335.55,335.55,329.0,,335.55,,,98400,33018120.0,36,F1,1200,,,,,
2025-08-28,2025-08-28,CM,NSE,STK,15018,INE215I01027,MAANALU,BE,,,,,MAAN ALUMINIUM LIMITED,104.94,104.95,100.0,101.67,102.0,103.18,,101.68,,,9908,1012346.31,162,F1,1,,,,,
2025-08-28,2025-08-28,CM,NSE,STK,24545,INE0R0J01010,MACOBSTECH,SM,,,,,MACOBS TECHNOLOGIES LTD,169.95,169.95,169.95,169.95,169.95,170.35,,169.95,,,1600,271920.0,2,F1,800,,,,,
2025-08-28,2025-08-28,CM,NSE,STK,22347,INE155Z01011,MACPOWER,EQ,,,,,MACPOWER CNC MACHINES LTD,834.4,834.4,803.0,827.8,833.0,816.6,,827.8,,,3871,3185719.0,394,F1,1,,,,,
2025-08-28,2025-08-28,CM,NSE,STK,22360,INE813V01022,MCL,EQ,,,,,MADHAV COPPER LIMITED,48.51,48.51,47.71,48.19,47.9,48.18,,48.19,,,13501,651036.11,506,F1,1,,,,,
2025-08-28,2025-08-28,CM,NSE,STK,15151,INE925C01016,MADHAV,EQ,,,,,MADHAV MARBLE & GRANITE,45.3,45.55,44.2,44.35,44.35,45.56,,44.35,,,28536,1269143.38,154,F1,1,,,,,
2025-08-28,2025-08-28,CM,NSE,STK,13668,INE378D01032,MADHUCON,BE,,,,,MADHUCON PROJECTS LTD.,6.26,6.69,6.13,6.15,6.13,6.46,,6.15,,,34970,218869.59,83,F1,1,,,,,
2025-08-28,2025-08-28,CM,NSE,STK,18728,INE0P6701019,MADHUSUDAN,SM,,,,,MADHUSUDAN MASALA LIMITED,138.0,138.0,138.0,138.0,138.0,141.0,,138.0,,,2000,276000.0,2,F1,1000,,,,,
2025-08-28,2025-08-28,CM,NSE,STK,12686,INE900L01010,MBAPL,EQ,,,,,MADHYA BHARAT AGRO P. LTD,425.85,437.5,410.75,425.75,426.45,425.85,,425.75,,,192988,82271604.8,10935,F1,1,,,,,
2025-08-28,2025-08-28,CM,NSE,STK,4911,INE414A01015,MADRASFERT,EQ,,,,,MADRAS FERTILISERS LTD,89.16,89.32,87.5,88.04,87.8,89.16,,88.04,,,137955,12197939.69,2295,F1,1,,,,,
2025-08-28,2025-08-28,CM,NSE,STK,21392,INE347W01011,MAGADSUGAR,EQ,,,,,MAGADH SUGAR & ENERGY LTD,542.0,560.0,540.05,552.65,554.0,545.55,,552.65,,,14770,8153355.35,666,F1,1,,,,,
2025-08-28,2025-08-28,CM,NSE,STK,29482,INE613C01026,MCLOUD,EQ,,,,,MAGELLANIC CLOUD LIMITED,81.0,82.36,80.56,81.14,80.7,81.77,,81.14,,,2832232,230445124.12,16126,F1,1,,,,,
2025-08-28,2025-08-28,CM,NSE,STK,14957,INE387I01016,MAGNUM,EQ,,,,,MAGNUM VENTURES LTD.,25.0,25.0,24.02,24.4,24.49,24.65,,24.42,,,37286,916610.2,614,F1,1,,,,,
2025-08-28,2025-08-28,CM,NSE,STK,5239,INE843B01013,MAHAPEXLTD,EQ,,,,,MAHA RASHTRA APEX COPR. L,104.0,107.01,102.55,105.13,102.55,104.51,,105.49,,,2522,267038.16,195,F1,1,,,,,
2025-08-28,2025-08-28,CM,NSE,STK,24939,INE0US801024,MFML,BE,,,,,MAHALAXMI FABRIC MILLS LT,32.0,32.0,30.34,31.38,31.3,31.94,,31.38,,,7821,240355.76,50,F1,1,,,,,
2025-08-28,2025-08-28,CM,NSE,STK,7886,INE112D01035,MHLXMIRU,EQ,,,,,MAHALAXMI RUBTECH LIMITED,219.01,222.51,206.4,216.22,215.02,218.85,,216.22,,,11339,2419739.51,674,F1,1,,,,,
2025-08-28,2025-08-28,CM,NSE,STK,17527,INE451L01014,MAHASTEEL,EQ,,,,,MAHAMAYA STEEL INDS LTD,348.8,352.95,340.5,341.65,340.5,352.35,,341.75,,,42139,14575677.55,360,F1,1,,,,,
2025-08-28,2025-08-28,CM,NSE,STK,17534,INE002S01010,MGL,EQ,,,,,MAHANAGAR GAS LTD.,1292.6,1332.5,1270.3,1274.4,1271.4,1282.5,,1274.4,,,1021701,1331087610.5,62099,F1,1,,,,,
2025-08-28,2025-08-28,CM,NSE,STK,2294,INE153A01019,MTNL,EQ,,,,,MAHANAGAR TELEPHONE NIGAM,44.62,44.69,43.6,43.84,43.66,44.62,,43.85,,,984951,43541775.16,5989,F1,1,,,,,
2025-08-28,2025-08-28,CM,NSE,STK,2085,INE288A01013,MAHSCOOTER,EQ,,,,,MAHARASHTRA SCOOTERS LTD,15700.0,15800.0,15538.0,15722.0,15689.0,15593.0,,15724.0,,,8799,138346111.0,3629,F1,1,,,,,
2025-08-28,2025-08-28,CM,NSE,STK,2088,INE271B01025,MAHSEAMLES,EQ,,,,,MAHARASHTRA SEAMLESS LTD,651.9,657.05,645.3,654.85,654.75,656.9,,654.85,,,74422,48592112.1,6659,F1,1,,,,,
2025-08-28,2025-08-28,CM,NSE,STK,758688,INE632Q01018,MRIL,ST,,,,,MAHENDRA REALTO & INFRA L,57.05,58.0,55.9,55.9,55.9,58.85,,55.9,,,62400,3500400.0,39,F1,1600,,,,,
2025-08-28,2025-08-28,CM,NSE,STK,9576,INE263W01010,MAHESHWARI,EQ,,,,,MAHESHWARI LOGISTICS LTD.,59.19,59.84,59.0,59.54,59.58,59.19,,59.54,,,9928,590877.09,101,F1,1,,,,,
2025-08-28,2025-08-28,CM,NSE,STK,2839,INE961Y01015,MAHICKRA,SM,,,,,MAHICKRA CHEMICAL LIMITED,164.0,164.9,145.0,149.9,149.9,145.9,,149.9,,,8250,1254825.0,10,F1,750,,,,,
2025-08-28,2025-08-28,CM,NSE,STK,2031,INE101A01026,M&M,EQ,,,,,MAHINDRA & MAHINDRA LTD,3375.0,3375.0,3287.3,3295.3,3301.0,3330.8,,3295.3,,,2936428,9716160339.2,180770,F1,1,,,,,
2025-08-28,2025-08-28,CM,NSE,STK,17603,INE215D01010,MAHEPC,EQ,,,,,MAHINDRA EPC IRRIG LTD,169.9,172.87,163.01,164.38,164.74,169.9,,164.38,,,122400,20450993.3,2397,F1,1,,,,,
2025-08-28,2025-08-28,CM,NSE,STK,17333,INE998I01010,MHRIL,EQ,,,,,MAHINDRA HOLIDAYS LTD,348.0,354.15,347.15,351.9,354.1,350.55,,351.9,,,40625,14231738.75,2848,F1,1,,,,,
2025-08-28,2025-08-28,CM,NSE,STK,8050,INE813A01018,MAHLIFE,EQ,,,,,MAHINDRA LIFESPACE DEVLTD,355.0,359.0,340.5,344.6,344.0,353.85,,344.6,,,413533,142692509.75,16018,F1,1,,,,,
2025-08-28,2025-08-28,CM,NSE,STK,385,INE766P01016,MAHLOG,EQ,,,,,MAHINDRA LOGISTIC LIMITED,320.75,323.35,311.4,314.05,314.05,321.85,,314.15,,,260270,82288678.9,9412,F1,1,,,,,
2025-08-28,2025-08-28,CM,NSE,STK,24538,INE683C01011,MAITHANALL,EQ,,,,,MAITHAN ALLOYS LTD,1045.0,1082.3,1033.2,1042.6,1041.1,1060.9,,1042.5,,,81656,86845048.7,8244,F1,1,,,,,
2025-08-28,2025-08-28,CM,NSE,STK,11218,INE0CDK01019,MAKS,SM,,,,,MAKS ENERGY SOL INDIA LTD,27.0,27.5,27.0,27.25,27.5,26.25,,27.25,,,3000,81750.0,2,F1,1500,,,,,
2025-08-28,2025-08-28,CM,NSE,STK,7965,INE389C01015,MALLCOM,EQ,,,,,MALLCOM (INDIA) LIMITED,1190.0,1260.0,1171.1,1244.8,1240.1,1194.2,,1245.4,,,12741,15612371.2,2257,F1,1,,,,,
2025-08-28,2025-08-28,CM,NSE,STK,13352,INE383H01017,MALUPAPER,EQ,,,,,MALU PAPER MILLS LIMITED,39.57,39.57,37.26,37.42,37.41,39.57,,37.43,,,72288,2765275.41,791,F1,1,,,,,
2025-08-28,2025-08-28,CM,NSE,STK,28687,INE0TO701015,MAMATA,EQ,,,,,MAMATA MACHINERY LIMITED,400.0,402.45,393.0,394.6,394.3,402.25,,394.65,,,157540,62568329.0,5154,F1,1,,,,,
2025-08-28,2025-08-28,CM,NSE,STK,7413,INE830Q01018,MANAKCOAT,EQ,,,,,MAN COAT METAL & IND LTD,148.98,148.98,144.22,145.95,146.2,147.31,,145.93,,,88753,12958502.44,2328,F1,1,,,,,
2025-08-28,2025-08-28,CM,NSE,STK,11884,INE993A01026,MANINDS,EQ,,,,,MAN INDUSTRIES (I) LTD.,390.1,390.65,380.2,382.25,383.85,390.75,,382.2,,,171052,65749396.65,7924,F1,1,,,,,
2025-08-28,2025-08-28,CM,NSE,STK,18226,INE949H01023,MANINFRA,EQ,,,,,MAN INFRA LTD,164.14,164.2,160.11,160.83,160.88,163.82,,160.86,,,181627,29325664.92,4805,F1,1,,,,,
2025-08-28,2025-08-28,CM,NSE,STK,7420,INE859Q01017,MANAKALUCO,EQ,,,,,MANAK ALUMINIUM CO. LTD.,31.58,32.3,30.16,30.56,30.6,31.58,,30.58,,,32116,1006252.63,585,F1,1,,,,,
2025-08-28,2025-08-28,CM,NSE,STK,15199,INE015D01022,MANAKSIA,EQ,,,,,MANAKSIA LTD.,69.39,70.84,69.0,69.92,69.66,69.39,,69.9,,,55864,3905405.52,3047,F1,1,,,,,
2025-08-28,2025-08-28,CM,NSE,STK,7482,INE824Q01011,MANAKSTEEL,BE,,,,,MANAKSIA STEELS LTD,58.0,60.0,57.6,58.93,59.64,59.68,,58.96,,,13286,773432.14,103,F1,1,,,,,
2025-08-28,2025-08-28,CM,NSE,STK,13796,INE201A01024,MANALIPETC,EQ,,,,,MANALI PETROCHEMICALS LT,65.0,65.61,64.15,64.89,64.55,65.13,,64.89,,,156911,10191902.7,2525,F1,1,,,,,
2025-08-28,2025-08-28,CM,NSE,STK,19061,INE522D01027,MANAPPURAM,EQ,,,,,MANAPPURAM FINANCE LTD,264.8,270.75,262.05,263.0,262.95,266.9,,263.0,,,2959131,789520747.15,31459,F1,1,,,,,
2025-08-28,2025-08-28,CM,NSE,STK,25597,INE939X01013,MANBA,EQ,,,,,MANBA FINANCE LIMITED,137.2,137.2,134.01,134.76,134.5,136.66,,134.78,,,63341,8586465.68,850,F1,1,,,,,
2025-08-28,2025-08-28,CM,NSE,STK,15007,INE558B01017,MANGCHEFER,EQ,,,,,MANG.CHEM.FERT.LTD,354.35,356.9,346.0,347.95,346.6,356.05,,347.95,,,368695,129280690.2,10692,F1,1,,,,,
2025-08-28,2025-08-28,CM,NSE,STK,24823,INE545L01039,MANCREDIT,EQ,,,,,MANGAL CREDIT N FINCORP L,184.93,187.25,182.11,185.07,184.35,184.48,,185.14,,,155759,29005581.78,1195,F1,1,,,,,
2025-08-28,2025-08-28,CM,NSE,STK,758748,INE0PKD01011,MEIL,EQ,,,,,MANGAL ELECTRICAL IND L,556.0,566.0,527.35,535.35,530.0,561.0,,535.3,,,5830496,3211646221.35,93438,F1,1,,,,,
2025-08-28,2025-08-28,CM,NSE,STK,19137,INE00C401011,MAL,ST,,,,,MANGALAM ALLOYS LIMITED,57.1,62.9,57.1,61.8,61.8,60.0,,61.8,,,20800,1266000.0,11,F1,1600,,,,,
2025-08-28,2025-08-28,CM,NSE,STK,2106,INE347A01017,MANGLMCEM,EQ,,,,,MANGALAM CEMENT LTD,690.0,701.65,687.1,694.0,694.0,695.05,,694.0,,,49700,34599627.85,2330,F1,1,,,,,
2025-08-28,2025-08-28,CM,NSE,STK,11817,INE584F01014,MANGALAM,EQ,,,,,MANGALAM DRUG & CHEM LTD,78.94,82.36,73.36,74.46,73.61,78.57,,74.27,,,95144,7312339.4,4386,F1,1,,,,,
2025-08-28,2025-08-28,CM,NSE,STK,1593,INE0APB01032,MGEL,EQ,,,,,MANGALAM GLOBAL ENT LTD,15.05,16.5,14.82,16.23,16.1,15.29,,16.22,,,3646934,57258640.86,4878,F1,1,,,,,
2025-08-28,2025-08-28,CM,NSE,STK,6428,INE370D01013,MANORG,BE,,,,,MANGALAM ORGANICS LIMITED,575.2,579.9,547.2,560.65,568.5,575.2,,558.85,,,1646,923233.4,94,F1,1,,,,,
2025-08-28,2025-08-28,CM,NSE,STK,10311,INE0JYY01011,MWL,SM,,,,,MANGALAM WORLDWIDE LTD,189.0,190.0,188.0,189.8,190.0,190.05,,189.8,,,9600,1816800.0,6,F1,1200,,,,,
2025-08-28,2025-08-28,CM,NSE,STK,24629,INE0R3101011,MIEL,SM,,,,,MANGLAM INFRA & ENG LTD,30.7,30.7,30.0,30.0,30.0,30.7,,30.0,,,6000,182000.0,3,F1,2000,,,,,
2025-08-28,2025-08-28,CM,NSE,STK,15380,INE634S01028,MANKIND,EQ,,,,,MANKIND PHARMA LIMITED,2504.5,2523.1,2470.0,2474.1,2476.3,2502.0,,2474.1,,,233219,579757030.0,24377,F1,1,,,,,
2025-08-28,2025-08-28,CM,NSE,STK,19015,INE0KNT01012,MVGJL,EQ,,,,,MANOJ VAIBHAV GEM N JEW L,201.2,203.7,197.05,199.78,200.4,201.23,,199.78,,,92466,18519236.78,1588,F1,1,,,,,
2025-08-28,2025-08-28,CM,NSE,STK,13753,INE784W01015,MANOMAY,EQ,,,,,MANOMAY TEX INDIA LTD,166.17,170.5,161.39,167.86,170.5,165.34,,167.86,,,3688,616822.68,212,F1,1,,,,,
2025-08-28,2025-08-28,CM,NSE,STK,10227,INE00VM01036,MANORAMA,EQ,,,,,MANORAMA INDUSTRIES LTD,1370.0,1388.8,1346.0,1354.8,1360.0,1371.9,,1354.8,,,86284,117164783.9,9709,F1,1,,,,,
2025-08-28,2025-08-28,CM,NSE,STK,13575,INE867A01022,MANUGRAPH,BE,,,,,MANUGRAPH INDIA LIMITED,23.45,23.45,22.98,23.21,23.21,23.45,,23.94,,,7409,171905.44,23,F1,1,,,,,
2025-08-28,2025-08-28,CM,NSE,STK,2112,INE882A01013,MARALOVER,EQ,,,,,MARAL OVERSEAS LTD,57.76,57.97,56.5,56.7,56.5,57.76,,56.7,,,6506,370238.0,203,F1,1,,,,,
2025-08-28,2025-08-28,CM,NSE,STK,18659,INE182D01020,MARATHON,EQ,,,,,MARATHON NXTGEN REALT LTD,644.0,644.0,628.2,638.55,635.45,630.35,,638.5,,,70780,44963715.8,8975,F1,1,,,,,
2025-08-28,2025-08-28,CM,NSE,STK,18773,INE0QP001012,MARCO,SM,,,,,MARCO CABLE & CONDUCTOR L,40.8,40.85,39.1,39.65,39.1,40.75,,39.65,,,12000,479625.0,8,F1,1500,,,,,
2025-08-28,2025-08-28,CM,NSE,STK,4067,INE196A01026,MARICO,EQ,,,,,MARICO LIMITED,726.0,726.0,708.7,711.6,714.05,717.75,,711.6,,,1888463,1346881903.3,65018,F1,1,,,,,
2025-08-28,2025-08-28,CM,NSE,STK,1334,INE01JE01028,MARINE,BE,,,,,MARINE ELECTRICAL (I) LTD,167.0,170.0,164.15,166.66,167.89,168.44,,166.66,,,94648,15814754.89,1350,F1,1,,,,,
2025-08-28,2025-08-28,CM,NSE,STK,10579,INE750C01026,MARKSANS,EQ,,,,,MARKSANS PHARMA LIMITED,173.27,173.75,169.0,169.47,169.99,173.27,,169.46,,,912531,155885866.23,20848,F1,1,,,,,
2025-08-28,2025-08-28,CM,NSE,STK,10999,INE585B01010,MARUTI,EQ,,,,,MARUTI SUZUKI INDIA LTD.,14895.0,14895.0,14625.0,14752.0,14798.0,14714.0,,14752.0,,,666635,9829050429.0,114042,F1,1,,,,,
2025-08-28,2025-08-28,CM,NSE,STK,2132,INE575Z01010,MDL,SM,,,,,MARVEL DECOR LIMITED,81.35,84.0,72.95,81.75,80.0,87.0,,81.75,,,44000,3467050.0,40,F1,1000,,,,,
2025-08-28,2025-08-28,CM,NSE,STK,199,INE348L01012,MASFIN,EQ,,,,,MAS FINANCIAL SERV LTD,302.75,311.1,302.75,306.55,304.95,307.35,,306.55,,,65596,20159798.0,6008,F1,1,,,,,
2025-08-28,2025-08-28,CM,NSE,STK,18727,INE885F01015,MASKINVEST,EQ,,,,,MASK INVESTMENTS LIMITED,157.5,157.5,145.0,155.9,155.9,158.8,,155.9,,,33,5136.43,7,F1,1,,,,,
2025-08-28,2025-08-28,CM,NSE,STK,24281,INE0SH001010,MASON,ST,,,,,MASON INFRATECH LIMITED,205.85,208.0,198.05,208.0,208.0,205.85,,208.0,,,26000,5310800.0,23,F1,1000,,,,,
2025-08-28,2025-08-28,CM,NSE,STK,2124,INE759A01021,MASTEK,EQ,,,,,MASTEK LTD,2545.0,2545.0,2404.1,2424.0,2419.0,2527.0,,2424.1,,,58488,143558936.9,12220,F1,1,,,,,
2025-08-28,2025-08-28,CM,NSE,STK,19014,INE0OJM01017,MASTER,ST,,,,,MASTER COMPONENTS LIMITED,366.0,366.0,351.5,354.1,354.0,370.0,,354.1,,,9500,3382750.0,18,F1,500,,,,,
2025-08-28,2025-08-28,CM,NSE,STK,27047,INE677D01037,MASTERTR,EQ,,,,,MASTER TRUST LIMITED,162.7,163.44,152.29,157.25,157.0,161.58,,157.24,,,2447299,391554598.92,12324,F1,1,,,,,
2025-08-28,2025-08-28,CM,NSE,STK,21726,INE866R01028,MATRIMONY,EQ,,,,,MATRIMONY.COM LIMITED,510.6,515.0,502.45,509.75,505.0,505.9,,509.75,,,8614,4375026.45,999,F1,1,,,,,
2025-08-28,2025-08-28,CM,NSE,STK,17022,INE636A01039,MAWANASUG,EQ,,,,,MAWANA SUGARS LIMITED,88.51,88.51,86.55,88.07,87.71,88.51,,88.09,,,14608,1280238.13,400,F1,1,,,,,
2025-08-28,2025-08-28,CM,NSE,STK,19646,INE03EI01018,MAXESTATES,EQ,,,,,MAX ESTATES LIMITED,455.15,463.05,447.3,449.2,450.0,458.5,,449.35,,,78312,35356257.5,6578,F1,1,,,,,
2025-08-28,2025-08-28,CM,NSE,STK,2142,INE180A01020,MFSL,EQ,,,,,MAX FINANCIAL SERV LTD,1630.2,1646.5,1599.8,1608.7,1605.0,1622.8,,1608.7,,,534015,869062355.5,37105,F1,1,,,,,
2025-08-28,2025-08-28,CM,NSE,STK,22377,INE027H01010,MAXHEALTH,EQ,,,,,MAX HEALTHCARE INS LTD,1196.0,1196.0,1152.4,1160.2,1160.0,1183.4,,1160.2,,,4412704,5128118970.8,134370,F1,1,,,,,
2025-08-28,2025-08-28,CM,NSE,STK,22428,INE0CG601016,MAXIND,EQ,,,,,MAX INDIA LIMITED,216.5,222.0,214.4,220.48,221.0,216.49,,220.47,,,35926,7868398.43,1648,F1,1,,,,,
2025-08-28,2025-08-28,CM,NSE,STK,21691,INE0ECC01022,MAXPOSURE,SM,,,,,MAXPOSURE LIMITED,58.1,58.5,58.0,58.5,58.5,58.2,,58.5,,,6000,348600.0,6,F1,1000,,,,,
2025-08-28,2025-08-28,CM,NSE,STK,29657,INE10A501018,MAXVOLT,ST,,,,,MAXVOLT ENERGY INDUS L,220.15,231.15,210.05,230.45,231.15,220.15,,230.45,,,139200,31598360.0,157,F1,800,,,,,
2025-08-28,2025-08-28,CM,NSE,STK,757587,INE0ZTO01018,MAYASHEEL,SM,,,,,MAYASHEEL VENTURES LTD,58.15,58.15,58.0,58.0,58.0,58.5,,58.0,,,12000,696750.0,4,F1,3000,,,,,
2025-08-28,2025-08-28,CM,NSE,STK,28906,INE040D01038,MAYURUNIQ,EQ,,,,,MAYUR UNIQUOTERS LTD,531.8,534.2,525.0,528.6,527.85,531.8,,528.6,,,19648,10396659.2,1895,F1,1,,,,,
2025-08-28,2025-08-28,CM,NSE,STK,509,INE249Z01020,MAZDOCK,EQ,,,,,MAZAGON DOCK SHIPBUIL LTD,2664.0,2695.8,2620.1,2628.1,2628.0,2687.8,,2628.1,,,1008768,2681510017.3,66365,F1,1,,,,,
2025-08-28,2025-08-28,CM,NSE,STK,18866,INE885E01042,MAZDA,EQ,,,,,MAZDA LIMITED,290.15,290.15,279.1,282.1,279.1,288.75,,282.2,,,28665,8138359.45,1857,F1,1,,,,,
2025-08-28,2025-08-28,CM,NSE,STK,18029,INE912H01013,MBLINFRA,EQ,,,,,MBL INFRASTRUCTURE LTD,41.22,41.75,40.07,40.44,40.25,41.62,,40.44,,,73677,3016413.47,1100,F1,1,,,,,
2025-08-28,2025-08-28,CM,NSE,STK,11943,INE942G01012,MCLEODRUSS,EQ,,,,,MCLEOD RUSSEL INDIA LTD.,37.98,39.18,36.99,38.17,38.0,37.98,,38.16,,,722838,27536689.12,2984,F1,1,,,,,
2025-08-28,2025-08-28,CM,NSE,STK,14574,INE0O4M01019,MCON,SM,,,,,MCON RASAYAN INDIA LTD,90.0,90.1,90.0,90.1,90.1,85.85,,90.1,,,2000,180100.0,2,F1,1000,,,,,
2025-08-28,2025-08-28,CM,NSE,STK,21705,INE456Z01021,MEDIASSIST,EQ,,,,,MEDI ASSIST HEALTH SER L,545.95,551.75,518.35,520.45,518.75,545.3,,520.45,,,474166,252418772.15,24969,F1,1,,,,,
2025-08-28,2025-08-28,CM,NSE,STK,6278,INE646B01010,MEDICAMEQ,EQ,,,,,MEDICAMEN BIOTECH LIMITED,350.1,350.1,341.7,344.3,342.45,350.1,,344.25,,,12252,4241913.9,836,F1,1,,,,,
2025-08-28,2025-08-28,CM,NSE,STK,24245,INE0PE401018,MEDIORG,ST,,,,,MEDICAMEN ORGANICS LTD,37.6,37.6,37.55,37.55,37.55,39.5,,37.55,,,18000,676000.0,9,F1,2000,,,,,
2025-08-28,2025-08-28,CM,NSE,STK,9667,INE630Y01024,MEDICO,EQ,,,,,MEDICO REMEDIES LIMITED,40.36,40.36,37.96,38.19,38.34,39.77,,38.18,,,196390,7591368.19,2293,F1,1,,,,,
2025-08-28,2025-08-28,CM,NSE,STK,758426,INE0UOY01019,MEDISTEP,ST,,,,,MEDISTEP HEALTHCARE LTD,38.35,38.35,38.35,38.35,38.35,40.35,,38.35,,,240000,9204000.0,48,F1,3000,,,,,
2025-08-28,2025-08-28,CM,NSE,STK,7254,INE804L01022,MEDPLUS,EQ,,,,,MEDPLUS HEALTH SERV LTD,849.95,849.95,822.65,827.8,829.45,842.1,,827.8,,,51309,42603636.1,8224,F1,1,,,,,
2025-08-28,2025-08-28,CM,NSE,STK,10971,INE0G1D01014,MEGAFLEX,SM,,,,,MEGA FLEX PLASTICS LTD,54.0,54.0,54.0,54.0,54.0,55.1,,54.0,,,3000,162000.0,1,F1,3000,,,,,
2025-08-28,2025-08-28,CM,NSE,STK,14797,INE933B01012,MEGASOFT,BE,,,,,MEGASOFT LTD,142.4,145.0,138.81,140.43,139.0,146.12,,140.23,,,302720,42456168.07,943,F1,1,,,,,
2025-08-28,2025-08-28,CM,NSE,STK,8153,INE00EM01016,MEGASTAR,EQ,,,,,MEGASTAR FOODS LIMITED,234.95,234.95,227.55,232.45,230.25,228.95,,231.75,,,2788,647408.2,196,F1,1,,,,,
2025-08-28,2025-08-28,CM,NSE,STK,22560,INE531R01010,MEGATHERM,SM,,,,,MEGATHERM INDUCTION LTD,316.0,324.8,306.6,319.3,317.5,321.4,,319.3,,,20000,6384980.0,41,F1,400,,,,,
2025-08-28,2025-08-28,CM,NSE,STK,5394,INE0CT101020,MOL,EQ,,,,,MEGHMANI ORGANICS LIMITED,84.75,85.03,82.05,82.31,82.1,84.68,,82.31,,,540778,44877747.49,8336,F1,1,,,,,
2025-08-28,2025-08-28,CM,NSE,STK,6961,INE071D01033,MENONBE,EQ,,,,,MENON BEARINGS LIMITED,122.03,124.39,120.3,121.69,121.4,122.02,,121.48,,,43724,5325113.12,1301,F1,1,,,,,
2025-08-28,2025-08-28,CM,NSE,STK,25882,INE776I01010,MEP,BZ,,,,,MEP INFRA. DEVELOPERS LTD,1.63,1.63,1.59,1.59,1.59,1.63,,1.61,,,38907,62262.47,40,F1,1,,,,,
2025-08-28,2025-08-28,CM,NSE,STK,7242,INE317I01021,METROBRAND,EQ,,,,,METRO BRANDS LIMITED,1137.9,1155.0,1136.4,1144.6,1141.5,1137.9,,1144.6,,,19515,22350173.8,3882,F1,1,,,,,
2025-08-28,2025-08-28,CM,NSE,STK,9581,INE112L01020,METROPOLIS,EQ,,,,,METROPOLIS HEALTHCARE LTD,2159.8,2195.0,2106.1,2187.4,2186.0,2159.8,,2187.4,,,35393,76741236.7,7007,F1,1,,,,,
2025-08-28,2025-08-28,CM,NSE,STK,7169,INE287C01037,MICEL,EQ,,,,,MIC ELECTRONICS LTD,48.74,48.74,46.8,47.21,47.0,48.83,,47.23,,,376786,17989425.24,4526,F1,1,,,,,
2025-08-28,2025-08-28,CM,NSE,STK,25897,INE842C01021,MINDACORP,EQ,,,,,MINDA CORPORATION LTD,495.0,507.6,495.0,501.3,499.75,499.0,,501.3,,,137361,69023356.5,9578,F1,1,,,,,
2025-08-28,2025-08-28,CM,NSE,STK,22308,INE0CCU25019,MINDSPACE,RR,,,,,MINDSPACE BUSINESS P REIT,422.8,424.38,421.0,421.85,422.0,419.96,,421.85,,,97895,41342997.01,5163,F1,1,,,,,
2025-08-28,2025-08-28,CM,NSE,STK,18053,INE110B01017,MINDTECK,BE,,,,,MINDTECK (INDIA) LIMITED,193.0,196.45,189.01,189.45,190.0,196.68,,190.27,,,5506,1054035.86,159,F1,1,,,,,
2025-08-28,2025-08-28,CM,NSE,STK,19640,INF769K01KU7,ALPHAETF,EQ,,,,,MIRAEAMC - ALPHAETF,25.3,25.3,24.55,24.55,24.6,24.91,,24.55,,,1263222,31083950.81,2127,F1,1,,,,,
2025-08-28,2025-08-28,CM,NSE,STK,17419,INF769K01KR3,BANKETF,EQ,,,,,MIRAEAMC - BANKETF,551.89,552.33,546.0,547.19,547.01,553.48,,547.19,,,7689,4215977.16,271,F1,1,,,,,
2025-08-28,2025-08-28,CM,NSE,STK,25725,INF769K01LZ4,BANKPSU,EQ,,,,,MIRAEAMC - BANKPSU,68.76,68.76,68.02,68.06,68.06,68.76,,68.06,,,5043,345044.71,48,F1,1,,,,,
2025-08-28,2025-08-28,CM,NSE,STK,28969,INF769K01NS5,CONSUMER,EQ,,,,,MIRAEAMC - CONSUMER,12.19,12.2,11.93,11.95,11.96,12.08,,11.95,,,268423,3213258.24,497,F1,1,,,,,
2025-08-28,2025-08-28,CM,NSE,STK,30121,INF769K01OA1,EQUAL200,EQ,,,,,MIRAEAMC - EQUAL200,12.81,12.81,12.65,12.69,12.65,12.8,,12.69,,,30922,393037.41,164,F1,1,,,,,
2025-08-28,2025-08-28,CM,NSE,STK,757142,INF769K01OO2,EQUAL50,EQ,,,,,MIRAEAMC - EQUAL50,314.19,315.28,312.6,313.26,312.6,315.4,,313.26,,,172,53983.97,13,F1,1,,,,,
2025-08-28,2025-08-28,CM,NSE,STK,24461,INF769K01LQ3,EVINDIA,EQ,,,,,MIRAEAMC - EVINDIA,30.17,30.49,29.63,29.96,29.93,30.18,,29.96,,,255242,7671165.02,2019,F1,1,,,,,
2025-08-28,2025-08-28,CM,NSE,STK,758595,INF769K01PB6,INTERNET,EQ,,,,,MIRAEAMC - INTERNET,14.87,14.87,14.23,14.26,14.26,14.44,,14.26,,,67342,966469.86,180,F1,1,,,,,
2025-08-28,2025-08-28,CM,NSE,STK,19633,INF769K01KV5,ITETF,EQ,,,,,MIRAEAMC - ITETF,37.65,37.65,36.79,36.85,36.9,37.47,,36.85,,,617902,22833705.91,2528,F1,1,,,,,
2025-08-28,2025-08-28,CM,NSE,STK,17572,INF769K01KS1,LIQUID,EQ,,,,,MIRAEAMC - LIQUID,999.99,1000.0,999.99,999.99,999.99,999.99,,1000.0,,,40290,40289736.57,149,F1,1,,,,,
2025-08-28,2025-08-28,CM,NSE,STK,27075,INF769K01MY5,LIQUIDPLUS,EQ,,,,,MIRAEAMC - LIQUIDPLUS,1047.76,1047.78,1047.76,1047.76,1047.78,1047.61,,1047.76,,,23534,24658030.2,54,F1,1,,,,,
2025-08-28,2025-08-28,CM,NSE,STK,1200,INF769K01GS9,ESG,EQ,,,,,MIRAEAMC - MAESGETF,42.5,42.5,42.02,42.08,42.15,42.5,,42.1,,,4299,181681.21,103,F1,1,,,,,
2025-08-28,2025-08-28,CM,NSE,STK,3507,INF769K01HF4,MAFANG,EQ,,,,,MIRAEAMC - MAFANG,157.21,157.21,157.21,157.21,157.21,157.06,,157.21,,,98156,15431104.76,554,F1,1,,,,,
2025-08-28,2025-08-28,CM,NSE,STK,5220,INF769K01HI8,BFSI,EQ,,,,,MIRAEAMC - MAFSETF,26.84,27.07,26.5,26.52,26.57,26.83,,26.52,,,264810,7049767.42,1201,F1,1,,,,,
2025-08-28,2025-08-28,CM,NSE,STK,14286,INF769K01JP9,GOLDETF,EQ,,,,,MIRAEAMC - MAGOLDETF,98.72,99.34,98.52,99.05,98.93,98.36,,99.05,,,460790,45589713.5,2134,F1,1,,,,,
2025-08-28,2025-08-28,CM,NSE,STK,14938,INF769K01KF8,GSEC10YEAR,EQ,,,,,MIRAEAMC - MAGS813ETF,28.88,29.07,28.75,28.9,28.9,28.88,,28.9,,,108021,3119489.64,27,F1,1,,,,,
2025-08-28,2025-08-28,CM,NSE,STK,7074,INF769K01HS7,MAHKTECH,EQ,,,,,MIRAEAMC - MAHKTECH,25.02,25.19,24.12,25.06,25.15,25.2,,25.06,,,1916464,47816531.75,8566,F1,1,,,,,
2025-08-28,2025-08-28,CM,NSE,STK,8413,INF769K01IC9,MIDCAPETF,EQ,,,,,MIRAEAMC - MAM150ETF,20.94,21.78,20.8,21.23,21.24,21.48,,21.23,,,2693205,57386988.39,13962,F1,1,,,,,
2025-08-28,2025-08-28,CM,NSE,STK,7979,INF769K01IB1,MAKEINDIA,EQ,,,,,MIRAEAMC - MAMFGETF,150.42,150.42,144.67,144.79,145.24,146.04,,144.79,,,55159,7993924.78,327,F1,1,,,,,
2025-08-28,2025-08-28,CM,NSE,STK,6353,INF769K01EG9,NIFTYETF,EQ,,,,,MIRAEAMC - MAN50ETF,266.99,268.4,263.95,264.2,264.76,266.09,,264.21,,,147973,39208575.15,3620,F1,1,,,,,
2025-08-28,2025-08-28,CM,NSE,STK,14786,INF769K01JU9,LOWVOL,EQ,,,,,MIRAEAMC - MANV30F,207.51,208.32,207.0,207.0,207.0,208.18,,207.0,,,116,24074.67,10,F1,1,,,,,
2025-08-28,2025-08-28,CM,NSE,STK,17181,INF769K01FN2,NEXT50,EQ,,,,,MIRAEAMC - MANXT50,667.31,690.93,667.31,676.76,677.23,684.43,,676.81,,,40041,27307064.61,682,F1,1,,,,,
2025-08-28,2025-08-28,CM,NSE,STK,16777,INF769K01KG6,SILVRETF,EQ,,,,,MIRAEAMC - MASILVER,114.9,114.98,114.11,114.79,114.85,113.63,,114.79,,,158859,18232216.32,536,F1,1,,,,,
2025-08-28,2025-08-28,CM,NSE,STK,5782,INF769K01HP3,MASPTOP50,EQ,,,,,MIRAEAMC - MASPTOP50,64.3,64.3,63.02,64.3,64.3,64.27,,64.3,,,85686,5506499.64,1705,F1,1,,,,,
2025-08-28,2025-08-28,CM,NSE,STK,25744,INF769K01LY7,METAL,EQ,,,,,MIRAEAMC - METAL,9.34,9.44,9.24,9.26,9.28,9.33,,9.26,,,326057,3029036.1,1049,F1,1,,,,,
2025-08-28,2025-08-28,CM,NSE,STK,23855,INF769K01LJ8,MIDSMALL,EQ,,,,,MIRAEAMC - MIDSMALL,47.91,47.97,46.91,47.06,47.0,47.68,,47.06,,,304018,14343971.58,1812,F1,1,,,,,
2025-08-28,2025-08-28,CM,NSE,STK,25080,INF769K01LX9,MULTICAP,EQ,,,,,MIRAEAMC - MULTICAP,16.08,16.08,15.75,15.78,15.8,15.95,,15.78,,,171615,2717788.67,865,F1,1,,,,,
2025-08-28,2025-08-28,CM,NSE,STK,30109,INF769K01ON4,SELECTIPO,EQ,,,,,MIRAEAMC - SELECTIPO,50.25,50.25,48.42,48.52,48.59,49.26,,48.52,,,21968,1072121.56,168,F1,1,,,,,
2025-08-28,2025-08-28,CM,NSE,STK,19224,INF769K01KT9,SENSEXETF,EQ,,,,,MIRAEAMC - SENSEXETF,82.71,82.71,81.93,82.01,82.1,82.66,,81.96,,,9050,744066.47,254,F1,1,,,,,
2025-08-28,2025-08-28,CM,NSE,STK,22832,INF769K01LC3,SMALLCAP,EQ,,,,,MIRAEAMC - SMALLCAP,44.9,44.91,44.08,44.16,44.1,44.63,,44.16,,,1826749,80852678.74,5743,F1,1,,,,,
2025-08-28,2025-08-28,CM,NSE,STK,6853,INE831A01028,MIRCELECTR,BE,,,,,MIRCELECTR-DEPO,25.88,26.65,24.7,26.5,26.52,26.0,,26.5,,,1009047,26171332.68,897,F1,1,,,,,
2025-08-28,2025-08-28,CM,NSE,STK,4394,INE771A01026,MIRZAINT,EQ,,,,,MIRZA INTERNATIONAL LIMIT,32.1,32.82,31.74,31.96,31.96,32.14,,31.96,,,66126,2123645.25,902,F1,1,,,,,
2025-08-28,2025-08-28,CM,NSE,STK,2463,INE099Z01011,MIDHANI,EQ,,,,,MISHRA DHATU NIGAM LTD,380.0,380.0,367.9,369.1,369.0,380.75,,369.1,,,203436,75965376.55,11788,F1,1,,,,,
2025-08-28,2025-08-28,CM,NSE,STK,8469,INE828O01033,MITCON,EQ,,,,,MITCON CON & ENG SER LTD,69.32,78.1,69.0,70.75,70.99,68.61,,70.75,,,209223,15644700.57,2229,F1,1,,,,,
2025-08-28,2025-08-28,CM,NSE,STK,18562,INE997Y01027,MITTAL,EQ,,,,,MITTAL LIFE STYLE LIMITED,1.59,1.62,1.57,1.58,1.57,1.6,,1.58,,,517547,824411.47,548,F1,1,,,,,
2025-08-28,2025-08-28,CM,NSE,STK,13844,INE227C01017,MMFL,EQ,,,,,MM FORGINGS LTD,319.5,327.4,315.4,319.25,321.4,322.45,,319.4,,,28466,9160026.9,2600,F1,1,,,,,
2025-08-28,2025-08-28,CM,NSE,STK,16395,INE511Y01018,MMP,EQ,,,,,MMP INDUSTRIES LIMITED,274.15,274.15,265.0,269.35,268.1,274.15,,269.35,,,19824,5328803.85,936,F1,1,,,,,
2025-08-28,2025-08-28,CM,NSE,STK,17957,INE123F01029,MMTC,EQ,,,,,MMTC LIMITED,62.1,63.24,60.8,61.38,61.22,62.21,,61.38,,,731683,45408173.62,7820,F1,1,,,,,
2025-08-28,2025-08-28,CM,NSE,STK,2241,INE794W01014,MODTHREAD,EQ,,,,,MODERN THREADS INDIA LTD,55.05,57.79,53.11,56.81,57.49,55.04,,56.81,,,3174,177894.33,85,F1,1,,,,,
2025-08-28,2025-08-28,CM,NSE,STK,2229,INE832A01018,MODIRUBBER,EQ,,,,,MODI RUBBER LTD,111.5,116.39,111.5,113.17,111.56,113.85,,113.11,,,595,67161.73,63,F1,1,,,,,
2025-08-28,2025-08-28,CM,NSE,STK,3316,INE737D01021,MODISONLTD,EQ,,,,,MODISON LIMITED,162.7,162.7,158.01,158.19,158.13,160.32,,158.24,,,40839,6497781.69,853,F1,1,,,,,
2025-08-28,2025-08-28,CM,NSE,STK,1426,INE450S01011,MHHL,SM,,,,,MOHINI HEALTH&HYGIENE LTD,54.75,55.0,54.0,54.0,54.0,54.35,,54.0,,,6000,327750.0,4,F1,1500,,,,,
2025-08-28,2025-08-28,CM,NSE,STK,29423,INE954E01012,MOHITIND,EQ,,,,,MOHIT INDUSTRIES LTD,30.15,31.87,30.0,30.66,31.5,31.49,,30.72,,,49196,1511522.89,666,F1,1,,,,,
2025-08-28,2025-08-28,CM,NSE,STK,20830,INE490G01020,MOIL,EQ,,,,,MOIL LIMITED,326.0,337.8,324.35,330.5,330.0,325.05,,330.5,,,518526,172192863.75,17887,F1,1,,,,,
2025-08-28,2025-08-28,CM,NSE,STK,3586,INE514Y01020,MOKSH,EQ,,,,,MOKSH ORNAMENTS LIMITED,13.99,14.01,13.59,13.64,13.61,13.81,,13.64,,,143756,1992846.37,438,F1,1,,,,,
2025-08-28,2025-08-28,CM,NSE,STK,6713,INE893J01029,MOLDTKPAC,EQ,,,,,MOLD-TEK PACKAGING LTD,788.45,823.0,788.45,798.7,798.5,788.95,,798.7,,,61735,49539001.3,8454,F1,1,,,,,
2025-08-28,2025-08-28,CM,NSE,STK,17625,INE835B01035,MOLDTECH,EQ,,,,,MOLD-TEK TECHNOLOGIES LTD,159.4,162.9,159.01,162.2,162.83,159.35,,162.17,,,61323,9900780.43,1626,F1,1,,,,,
2025-08-28,2025-08-28,CM,NSE,STK,7679,INE903D01011,MONARCH,EQ,,,,,MONARCH NETWORTH CAP LTD,322.55,325.0,319.05,322.0,321.25,323.0,,322.0,,,149723,48145087.0,5337,F1,1,,,,,
2025-08-28,2025-08-28,CM,NSE,STK,756961,INE1DV401010,MONOLITH,ST,,,,,MONOLITHISCH INDIA LTD,425.0,428.95,416.0,420.0,420.0,426.2,,420.0,,,13000,5489450.0,13,F1,1000,,,,,
2025-08-28,2025-08-28,CM,NSE,STK,5938,INE950M01013,MONTECARLO,EQ,,,,,MONTE CARLO FASHIONS LTD.,568.1,579.45,564.25,572.35,572.25,569.75,,572.35,,,15978,9117596.85,1352,F1,1,,,,,
2025-08-28,2025-08-28,CM,NSE,STK,25876,INE161G01027,MORARJEE,BZ,,,,,MORARJEE TEXTILES LIMITED,9.2,9.43,8.57,8.82,8.75,9.03,,8.82,,,7276,64399.15,80,F1,1,,,,,
2025-08-28,2025-08-28,CM,NSE,STK,2259,INE083A01026,MOREPENLAB,EQ,,,,,MOREPEN LAB. LTD,47.25,47.73,46.31,46.95,46.85,47.3,,46.95,,,1974727,92891515.96,12386,F1,1,,,,,
2025-08-28,2025-08-28,CM,NSE,STK,15051,INE0N7S01028,MOS,SM,,,,,MOS UTILITY LIMITED,48.75,53.6,48.0,50.5,50.0,47.8,,50.5,,,446000,22639700.0,167,F1,2000,,,,,
2025-08-28,2025-08-28,CM,NSE,STK,29459,INE935B01025,MOSCHIP,EQ,,,,,MOSCHIP TECHNOLOGIES LTD,167.01,168.31,164.61,165.61,165.49,166.76,,165.54,,,369998,61617059.59,10044,F1,1,,,,,
2025-08-28,2025-08-28,CM,NSE,STK,8596,INE0FS801015,MSUMI,EQ,,,,,MOTHERSON SUMI WRNG IND L,41.51,41.77,40.82,41.42,41.4,41.61,,41.42,,,2901358,119786732.94,22261,F1,1,,,,,
2025-08-28,2025-08-28,CM,NSE,STK,21423,INF247L01023,MOM100,EQ,,,,,MOTILAL OS MIDCAP100 ETF,60.8,61.26,60.22,60.35,60.38,61.06,,60.35,,,544601,32978326.13,4585,F1,1,,,,,
2025-08-28,2025-08-28,CM,NSE,STK,22739,INF247L01AP3,MON100,EQ,,,,,MOTILAL OS NASDAQ100 ETF,204.44,204.44,200.65,203.29,203.4,202.49,,203.28,,,480905,97625078.55,10072,F1,1,,,,,
2025-08-28,2025-08-28,CM,NSE,STK,14947,INE338I01027,MOTILALOFS,EQ,,,,,MOTILAL OSWAL FIN LTD,908.15,908.15,886.0,889.0,889.0,908.95,,889.0,,,556768,498821961.3,34526,F1,1,,,,,
2025-08-28,2025-08-28,CM,NSE,STK,19289,INF247L01536,MOM50,EQ,,,,,MOTILAL OSWAL M50 ETF,261.7,261.7,253.65,254.43,254.68,256.77,,254.45,,,3384,863242.45,174,F1,1,,,,,
2025-08-28,2025-08-28,CM,NSE,STK,1507,INF247L01AK4,MOGSEC,EQ,,,,,MOTILALAMC - G5,62.11,62.11,61.74,62.04,62.06,61.76,,62.04,,,1743,108071.66,60,F1,1,,,,,
2025-08-28,2025-08-28,CM,NSE,STK,757669,INF247L01FR8,MOALPHA50,EQ,,,,,MOTILALAMC - MOALPHA50,50.21,50.21,49.6,49.67,49.6,50.26,,49.67,,,9314,463234.95,57,F1,1,,,,,
2025-08-28,2025-08-28,CM,NSE,STK,30065,INF247L01EV3,MOCAPITAL,EQ,,,,,MOTILALAMC - MOCAPITAL,44.11,44.11,41.83,41.96,41.95,43.04,,41.96,,,840293,35537825.85,6392,F1,1,,,,,
2025-08-28,2025-08-28,CM,NSE,STK,24944,INF247L01DJ0,MODEFENCE,EQ,,,,,MOTILALAMC - MODEFENCE,81.05,83.1,81.02,81.33,81.48,82.67,,81.33,,,2161764,177220269.67,13259,F1,1,,,,,
2025-08-28,2025-08-28,CM,NSE,STK,757791,INF247L01FY4,MOGOLD,EQ,,,,,MOTILALAMC - MOGOLD,101.0,101.0,100.8,100.8,100.8,101.0,,100.8,,,736,74322.45,20,F1,1,,,,,
2025-08-28,2025-08-28,CM,NSE,STK,10508,INF247L01BB1,MOHEALTH,EQ,,,,,MOTILALAMC - MOHEALTH,44.91,45.14,44.03,44.25,44.32,44.69,,44.25,,,41362,1832380.78,781,F1,1,,,,,
2025-08-28,2025-08-28,CM,NSE,STK,757031,INF247L01FL1,MOINFRA,EQ,,,,,MOTILALAMC - MOINFRA,57.53,57.53,56.51,56.67,56.65,57.52,,56.67,,,3777,214881.59,127,F1,1,,,,,
2025-08-28,2025-08-28,CM,NSE,STK,8654,INF247L01BL0,MOLOWVOL,EQ,,,,,MOTILALAMC - MOLOWVOL,36.82,37.73,36.82,37.49,37.5,37.77,,37.49,,,76168,2851366.35,74,F1,1,,,,,
2025-08-28,2025-08-28,CM,NSE,STK,25606,INF247L01DK8,MOMENTUM50,EQ,,,,,MOTILALAMC - MOMENTUM50,49.64,51.66,49.64,50.23,50.28,50.92,,50.23,,,608485,30687235.88,4114,F1,1,,,,,
2025-08-28,2025-08-28,CM,NSE,STK,757099,INF247L01FK3,MOMGF,EQ,,,,,MOTILALAMC - MOMGF,143.75,143.75,142.42,142.69,142.69,143.86,,142.69,,,2034,291239.07,21,F1,1,,,,,
2025-08-28,2025-08-28,CM,NSE,STK,757817,INF247L01FQ0,MOMIDMTM,EQ,,,,,MOTILALAMC - MOMIDMTM,62.87,62.87,60.88,60.94,60.9,61.78,,60.94,,,63032,3854739.96,377,F1,1,,,,,
2025-08-28,2025-08-28,CM,NSE,STK,8182,INF247L01BK2,MOMOMENTUM,EQ,,,,,MOTILALAMC - MOMOMENTUM,61.5,61.5,60.22,60.48,60.6,61.2,,60.49,,,97691,5934379.24,1001,F1,1,,,,,
2025-08-28,2025-08-28,CM,NSE,STK,756900,INF247L01FC0,MON50EQUAL,EQ,,,,,MOTILALAMC - MON50EQUAL,31.62,31.62,31.31,31.39,31.41,31.62,,31.39,,,3372,106347.39,29,F1,1,,,,,
2025-08-28,2025-08-28,CM,NSE,STK,757167,INF247L01FD8,MONEXT50,EQ,,,,,MOTILALAMC - MONEXT50,66.21,66.3,65.68,65.72,65.73,66.57,,65.72,,,4304,284187.38,55,F1,1,,,,,
2025-08-28,2025-08-28,CM,NSE,STK,19237,INF247L01BU1,MONIFTY500,EQ,,,,,MOTILALAMC - MONIFTY500,23.19,23.2,22.97,23.02,23.05,23.27,,23.02,,,344932,7949038.59,1863,F1,1,,,,,
2025-08-28,2025-08-28,CM,NSE,STK,7422,INF247L01AU3,MONQ50,EQ,,,,,MOTILALAMC - MONQ50,81.34,81.59,79.84,81.05,81.38,80.43,,81.05,,,109307,8815668.77,1581,F1,1,,,,,
2025-08-28,2025-08-28,CM,NSE,STK,757431,INF247L01FO5,MOPSE,EQ,,,,,MOTILALAMC - MOPSE,93.14,93.34,93.0,93.0,93.0,93.71,,93.0,,,861,80131.51,11,F1,1,,,,,
2025-08-28,2025-08-28,CM,NSE,STK,10822,INF247L01BH8,MOQUALITY,EQ,,,,,MOTILALAMC - MOQUALITY,191.45,191.45,188.78,188.95,188.86,191.44,,189.04,,,635,120616.11,44,F1,1,,,,,
2025-08-28,2025-08-28,CM,NSE,STK,23184,INF247L01CI4,MOREALTY,EQ,,,,,MOTILALAMC - MOREALTY,89.89,89.9,88.16,88.38,88.57,89.79,,88.38,,,365781,32428150.84,2843,F1,1,,,,,
2025-08-28,2025-08-28,CM,NSE,STK,758457,INF247L01FZ1,MOSILVER,EQ,,,,,MOTILALAMC - MOSILVER,115.21,115.72,115.14,115.71,115.71,115.2,,115.71,,,5598,646784.62,19,F1,1,,,,,
2025-08-28,2025-08-28,CM,NSE,STK,23181,INF247L01CH6,MOSMALL250,EQ,,,,,MOTILALAMC - MOSMALL250,16.89,16.89,16.58,16.63,16.73,16.83,,16.63,,,1508386,25139451.87,4683,F1,1,,,,,
2025-08-28,2025-08-28,CM,NSE,STK,757443,INF247L01FP2,MOTOUR,EQ,,,,,MOTILALAMC - MOTOUR,91.96,92.0,90.87,90.91,91.05,92.66,,90.91,,,10120,925605.95,128,F1,1,,,,,
2025-08-28,2025-08-28,CM,NSE,STK,10825,INF247L01BE5,MOVALUE,EQ,,,,,MOTILALAMC - MOVALUE,100.97,100.98,98.93,99.02,99.37,100.03,,99.03,,,60621,6022035.95,1029,F1,1,,,,,
2025-08-28,2025-08-28,CM,NSE,STK,20788,INE0FRK01020,MOTISONS,EQ,,,,,MOTISONS JEWELLERS LTD,19.35,19.64,18.96,19.01,19.06,19.66,,19.0,,,1133590,21783006.25,3553,F1,1,,,,,
2025-08-28,2025-08-28,CM,NSE,STK,2268,INE861B01023,MOTOGENFIN,EQ,,,,,MOTOR & GENERAL FINANCE L,25.9,26.37,25.61,25.82,25.68,26.31,,25.82,,,3474,89941.04,60,F1,1,,,,,
2025-08-28,2025-08-28,CM,NSE,STK,757810,INE0XM301010,MMEL,SM,,,,,MOVING MEDIA ENTER LTD,71.05,72.0,68.75,70.15,71.7,70.55,,70.15,,,28000,1958300.0,13,F1,2000,,,,,
2025-08-28,2025-08-28,CM,NSE,STK,4503,INE356A01018,MPHASIS,EQ,,,,,MPHASIS LIMITED,2880.0,2880.0,2822.5,2831.8,2829.1,2873.2,,2831.9,,,393518,1120689571.4,62235,F1,1,,,,,
2025-08-28,2025-08-28,CM,NSE,STK,10578,INE943D01017,MPSLTD,EQ,,,,,MPS LIMITED,2158.0,2181.1,2115.5,2163.7,2150.0,2150.9,,2163.7,,,14765,31907910.0,3345,F1,1,,,,,
2025-08-28,2025-08-28,CM,NSE,STK,2277,INE883A01011,MRF,EQ,,,,,MRF LTD,142700.0,143490.0,141200.0,142275.0,142130.0,142380.0,,142275.0,,,6106,868372265.0,4039,F1,1,,,,,
2025-08-28,2025-08-28,CM,NSE,STK,2283,INE103A01014,MRPL,EQ,,,,,MRPL,123.8,124.01,121.5,121.65,121.7,123.95,,121.65,,,745333,91302944.01,10442,F1,1,,,,,
2025-08-28,2025-08-28,CM,NSE,STK,1628,INE495P01012,BECTORFOOD,EQ,,,,,MRS BECTORS FOOD SPE LTD,1378.1,1394.0,1355.5,1362.2,1360.0,1379.9,,1362.2,,,79857,108858369.4,7609,F1,1,,,,,
2025-08-28,2025-08-28,CM,NSE,STK,11919,INE752G01015,MSPL,EQ,,,,,MSP STEEL & POWER LTD.,31.1,31.8,30.63,31.22,31.1,31.56,,31.23,,,291737,9122493.02,1160,F1,1,,,,,
2025-08-28,2025-08-28,CM,NSE,STK,9356,INE255X01014,MSTCLTD,EQ,,,,,MSTC LIMITED,450.0,474.2,442.6,461.85,461.0,438.4,,461.85,,,1653985,769841372.25,57008,F1,1,,,,,
2025-08-28,2025-08-28,CM,NSE,STK,31413,INE472M01018,MTEDUCARE,BE,,,,,MT EDUCARE LTD,2.19,2.19,2.0,2.0,2.0,2.11,,2.0,,,19353,38981.28,43,F1,1,,,,,
2025-08-28,2025-08-28,CM,NSE,STK,2709,INE864I01014,MTARTECH,EQ,,,,,MTAR TECHNOLOGIES LIMITED,1457.7,1470.0,1416.4,1421.0,1423.0,1457.8,,1421.5,,,67341,96970312.2,10902,F1,1,,,,,
2025-08-28,2025-08-28,CM,NSE,STK,19783,INE08KJ01020,MUFIN,EQ,,,,,MUFIN GREEN FINANCE LTD,84.5,85.95,84.3,85.05,85.4,84.76,,85.05,,,93852,7977871.05,1085,F1,1,,,,,
2025-08-28,2025-08-28,CM,NSE,STK,11325,INE304A01026,MUKANDLTD,EQ,,,,,MUKAND LTD.,130.32,131.0,128.11,128.8,128.43,130.32,,128.75,,,49104,6353568.43,1385,F1,1,,,,,
2025-08-28,2025-08-28,CM,NSE,STK,22980,INE0CG401037,MUKKA,EQ,,,,,MUKKA PROTEINS LIMITED,26.6,26.99,26.1,26.54,26.79,26.6,,26.54,,,248269,6583913.19,2112,F1,1,,,,,
2025-08-28,2025-08-28,CM,NSE,STK,8687,INE374B01019,MUKTAARTS,EQ,,,,,MUKTA ARTS LIMITED,70.25,73.7,70.25,71.14,71.0,70.28,,71.1,,,8606,616897.32,192,F1,1,,,,,
2025-08-28,2025-08-28,CM,NSE,STK,31181,INE745G01035,MCX,EQ,,,,,MULTI COMMODITY EXCHANGE,7692.0,7715.5,7383.0,7401.5,7405.0,7692.0,,7401.5,,,455408,3418356730.0,63107,F1,1,,,,,
2025-08-28,2025-08-28,CM,NSE,STK,13511,INE672B01032,MUNJALAU,EQ,,,,,MUNJAL AUTO IND. LTD.,90.1,91.6,87.2,88.63,88.9,90.32,,88.64,,,400651,35658692.25,6293,F1,1,,,,,
2025-08-28,2025-08-28,CM,NSE,STK,2307,INE577A01027,MUNJALSHOW,EQ,,,,,MUNJAL SHOWA LTD,136.48,138.09,133.0,135.08,135.35,137.46,,135.08,,,30327,4124855.31,871,F1,1,,,,,
2025-08-28,2025-08-28,CM,NSE,STK,2313,INE692B01014,MURUDCERA,EQ,,,,,MURUDESHWAR CERAMICS LTD,44.0,44.09,42.76,42.99,42.83,43.32,,42.97,,,19403,839711.41,466,F1,1,,,,,
2025-08-28,2025-08-28,CM,NSE,STK,19877,INE919I01024,RADIOCITY,EQ,,,,,MUSIC BROADCAST LIMITED,8.36,8.5,8.22,8.31,8.35,8.34,,8.3,,,94449,785566.68,350,F1,1,,,,,
2025-08-28,2025-08-28,CM,NSE,STK,15082,INE919I04010,RADIOCITY,P1,,,,,MUSIC BROADCAST LIMITED,115.0,115.0,115.0,115.0,115.0,114.5,,115.0,,,3197,367655.0,13,F1,1,,,,,
2025-08-28,2025-08-28,CM,NSE,STK,10415,INE296G01013,MUTHOOTCAP,EQ,,,,,MUTHOOT CAP SERV LTD,272.75,278.0,271.45,275.0,272.0,272.75,,275.05,,,7389,2020803.05,460,F1,1,,,,,
2025-08-28,2025-08-28,CM,NSE,STK,23650,INE414G01012,MUTHOOTFIN,EQ,,,,,MUTHOOT FINANCE LIMITED,2694.4,2694.4,2635.2,2644.8,2649.0,2673.1,,2644.8,,,408579,1089877163.4,45800,F1,1,,,,,
2025-08-28,2025-08-28,CM,NSE,STK,20831,INE046W01019,MUTHOOTMF,EQ,,,,,MUTHOOT MICROFIN LIMITED,152.39,156.0,151.31,153.96,154.0,152.21,,153.92,,,111227,17083485.73,3585,F1,1,,,,,
2025-08-28,2025-08-28,CM,NSE,STK,25208,INE0RVQ01016,MYMUDRA,SM,,,,,MY MUDRA FINCORP LIMITED,66.5,68.0,66.5,68.0,68.0,67.0,,68.0,,,2400,161400.0,2,F1,1200,,,,,
2025-08-28,2025-08-28,CM,NSE,STK,20318,INE740D01017,NRAIL,BE,,,,,N R AGARWAL INDS LTD,428.9,428.9,428.9,428.9,428.9,408.5,,432.2,,,6484,2780987.6,75,F1,1,,,,,
2025-08-28,2025-08-28,CM,NSE,STK,757489,INE104101014,NRVANDANA,SM,,,,,N R VANDANA TEX IND LTD,47.0,47.0,45.8,46.1,45.8,46.2,,46.1,,,63000,2917950.0,14,F1,3000,,,,,
2025-08-28,2025-08-28,CM,NSE,STK,19111,INE365I01020,NBIFIN,EQ,,,,,N.B.I. IND. FIN. CO. LTD,2468.3,2469.0,2449.8,2459.6,2469.0,2462.4,,2459.6,,,77,189375.5,46,F1,1,,,,,
2025-08-28,2025-08-28,CM,NSE,STK,20429,INE295D01020,NACLIND,BE,,,,,NACL INDUSTRIES LIMITED,255.9,272.2,255.5,272.2,272.2,259.25,,272.75,,,122711,32708288.0,1762,F1,1,,,,,
2025-08-28,2025-08-28,CM,NSE,STK,18371,INE756C01015,NDGL,EQ,,,,,NAGA DHUNSERI GROUP LTD,3971.6,4037.4,3963.6,4023.6,4024.0,4010.9,,4023.6,,,40,160359.5,28,F1,1,,,,,
2025-08-28,2025-08-28,CM,NSE,STK,17295,INE454M01024,NAGAFERT,EQ,,,,,NAGARJUN FERT AND CHE LTD,5.58,5.58,5.2,5.26,5.27,5.53,,5.26,,,969753,5137823.63,1994,F1,1,,,,,
2025-08-28,2025-08-28,CM,NSE,STK,14942,INE245I01016,NAGREEKCAP,EQ,,,,,NAGREEKA CAP & INFR.LTD,26.1,26.1,24.85,25.51,25.25,25.52,,25.51,,,9192,235092.87,94,F1,1,,,,,
2025-08-28,2025-08-28,CM,NSE,STK,14702,INE123B01028,NAGREEKEXP,EQ,,,,,NAGREEKA EXPORTS LTD.,26.13,26.96,25.37,25.58,25.87,26.47,,25.58,,,11096,287803.27,160,F1,1,,,,,
2025-08-28,2025-08-28,CM,NSE,STK,15357,INE049I01012,NAHARCAP,BE,,,,,NAHAR CAP & FIN.,293.95,297.0,289.05,290.65,289.55,296.9,,290.65,,,909,265837.75,22,F1,1,,,,,
2025-08-28,2025-08-28,CM,NSE,STK,13109,INE289A01011,NAHARINDUS,BE,,,,,NAHAR INDS ENT LTD,109.53,109.9,105.1,107.35,107.99,109.53,,107.36,,,4806,514301.75,69,F1,1,,,,,
2025-08-28,2025-08-28,CM,NSE,STK,14448,INE308A01027,NAHARPOLY,BE,,,,,NAHAR POLY FILMS LIMITED,282.0,286.7,274.5,279.55,281.7,284.55,,279.85,,,6322,1772334.95,116,F1,1,,,,,
2025-08-28,2025-08-28,CM,NSE,STK,14440,INE290A01027,NAHARSPING,EQ,,,,,NAHAR SPINNING MILLS LTD.,206.6,212.0,206.6,207.9,207.55,209.7,,207.9,,,11237,2348927.5,621,F1,1,,,,,
2025-08-28,2025-08-28,CM,NSE,STK,5401,INE236Y01012,NGIL,EQ,,,,,NAKODA GROUP OF IND. LTD,30.0,30.23,28.61,29.73,29.65,29.97,,29.71,,,66248,1962696.2,560,F1,1,,,,,
2025-08-28,2025-08-28,CM,NSE,STK,11239,INE023A01030,NSIL,EQ,,,,,NALWA SONS INVESTMENT LTD,6690.0,6740.0,6650.0,6669.0,6668.0,6702.0,,6668.5,,,3281,21934679.0,926,F1,1,,,,,
2025-08-28,2025-08-28,CM,NSE,STK,23379,INE0RJM01010,NAMAN,SM,,,,,NAMAN IN-STORE (INDIA) L,85.7,85.7,85.7,85.7,85.7,85.7,,85.7,,,800,68560.0,1,F1,800,,,,,
2025-08-28,2025-08-28,CM,NSE,STK,25167,INE08NZ01012,NAMOEWASTE,SM,,,,,NAMO EWASTE MANAGEMENT L,169.0,171.75,167.4,169.15,170.0,167.5,,169.15,,,12000,2034800.0,15,F1,800,,,,,
2025-08-28,2025-08-28,CM,NSE,STK,31258,INE875G01048,NDL,EQ,,,,,NANDAN DENIM LIMITED,3.34,3.34,3.3,3.32,3.34,3.36,,3.32,,,1179362,3915226.91,1933,F1,1,,,,,
2025-08-28,2025-08-28,CM,NSE,STK,5516,INE696V01013,JAIPURKURT,EQ,,,,,NANDANI CREATION LIMITED,39.06,39.06,37.0,37.49,37.13,37.97,,37.49,,,19163,719872.62,453,F1,1,,,,,
2025-08-28,2025-08-28,CM,NSE,STK,11840,INE410P01011,NH,EQ,,,,,NARAYANA HRUDAYALAYA LTD.,1784.9,1787.7,1748.3,1754.0,1752.8,1777.2,,1754.0,,,216906,382536794.1,34875,F1,1,,,,,
2025-08-28,2025-08-28,CM,NSE,STK,11627,INE117Z01011,NARMADA,EQ,,,,,NARMADA AGROBASE LIMITED,22.25,22.53,21.1,21.4,21.2,22.08,,21.44,,,29819,648404.6,268,F1,1,,,,,
2025-08-28,2025-08-28,CM,NSE,STK,3918,INE987B01026,NATCOPHARM,EQ,,,,,NATCO PHARMA LTD.,853.05,871.0,849.0,867.15,864.05,855.25,,867.2,,,349020,301469126.75,33632,F1,1,,,,,
2025-08-28,2025-08-28,CM,NSE,STK,11069,INE448G01010,NATHBIOGEN,BE,,,,,NATH BIO-GENES (I) LTD,179.4,179.4,170.0,172.92,173.0,173.11,,172.92,,,3720,643481.29,81,F1,1,,,,,
2025-08-28,2025-08-28,CM,NSE,STK,6364,INE139A01034,NATIONALUM,EQ,,,,,NATIONAL ALUMINIUM CO LTD,185.8,187.84,184.1,184.79,185.2,186.02,,184.79,,,5377292,997152077.56,46570,F1,1,,,,,
2025-08-28,2025-08-28,CM,NSE,STK,13925,INE870D01012,NFL,EQ,,,,,NATIONAL FERT. LTD,94.25,96.0,92.85,95.61,95.85,94.92,,95.6,,,934985,88443040.1,11648,F1,1,,,,,
2025-08-28,2025-08-28,CM,NSE,STK,6531,INE0H7R23014,NHIT,IV,,,,,NATIONAL HIGHW INFRA TRUS,136.0,136.0,136.0,136.0,136.0,135.0,,136.0,,,375000,51000000.0,5,F1,25000,,,,,
2025-08-28,2025-08-28,CM,NSE,STK,29583,INE936B01015,NATCAPSUQ,EQ,,,,,NATURAL CAPSULES LIMITED,199.25,201.51,196.0,196.57,196.55,202.25,,196.59,,,6820,1346714.91,761,F1,1,,,,,
2025-08-28,2025-08-28,CM,NSE,STK,4014,INE725A01030,NAVA,EQ,,,,,NAVA LIMITED,661.0,680.2,648.0,656.2,656.6,659.8,,656.2,,,792573,526366276.2,27833,F1,1,,,,,
2025-08-28,2025-08-28,CM,NSE,STK,14672,INE048G01026,NAVINFLUOR,EQ,,,,,NAVIN FLUORINE INT. LTD,4775.0,4827.0,4667.0,4707.0,4725.0,4796.0,,4707.0,,,64298,304145814.0,17073,F1,1,,,,,
2025-08-28,2025-08-28,CM,NSE,STK,10557,INE278M01019,NAVKARCORP,EQ,,,,,NAVKAR CORPORATION LTD.,119.1,122.48,117.48,118.78,118.49,119.16,,118.77,,,238016,28374055.67,3282,F1,1,,,,,
2025-08-28,2025-08-28,CM,NSE,STK,29149,INE268H01044,NAVKARURB,BE,,,,,NAVKAR URBANSTRUCTURE LTD,2.2,2.29,2.08,2.29,2.29,2.19,,2.33,,,2565477,5828549.22,308,F1,1,,,,,
2025-08-28,2025-08-28,CM,NSE,STK,2385,INE060A01024,NAVNETEDUL,EQ,,,,,NAVNEET EDUCATION LTD,149.61,154.0,149.0,151.92,151.08,150.74,,151.92,,,547314,82765777.21,15005,F1,1,,,,,
2025-08-28,2025-08-28,CM,NSE,STK,2987,INE418L01021,NAZARA,EQ,,,,,NAZARA TECHNOLOGIES LTD,1135.0,1152.0,1102.4,1139.6,1138.0,1133.1,,1139.6,,,2545391,2893527371.8,68974,F1,1,,,,,
2025-08-28,2025-08-28,CM,NSE,STK,31415,INE095N01031,NBCC,EQ,,,,,NBCC (INDIA) LIMITED,100.49,101.41,98.42,98.9,99.0,100.89,,98.9,,,7033332,704124189.89,33451,F1,1,,,,,
2025-08-28,2025-08-28,CM,NSE,STK,2319,INE868B01028,NCC,EQ,,,,,NCC LIMITED,211.98,216.99,207.0,207.93,208.1,211.98,,207.93,,,1826727,383456134.69,23951,F1,1,,,,,
2025-08-28,2025-08-28,CM,NSE,STK,14490,INE732C01016,NCLIND,EQ,,,,,NCL INDUSTRIES LIMITED,215.03,215.71,211.71,212.59,212.5,215.03,,212.55,,,34092,7259213.37,792,F1,1,,,,,
2025-08-28,2025-08-28,CM,NSE,STK,14550,INE353A01023,NDLVENTURE,BE,,,,,NDL VENTURES LIMITED,86.2,92.99,86.2,90.22,90.99,88.83,,89.97,,,21451,1955005.59,157,F1,1,,,,,
2025-08-28,2025-08-28,CM,NSE,STK,22255,INE07OG01012,NDRAUTO,EQ,,,,,NDR AUTO COMPONENTS LTD,1034.4,1056.0,1003.1,1008.7,1019.0,1019.15,,1007.95,,,44483,45819626.05,6324,F1,1,,,,,
2025-08-28,2025-08-28,CM,NSE,STK,11430,INE155G01029,NDTV,BE,,,,,NDTV LTD,141.3,145.5,139.0,140.73,142.0,141.99,,140.69,,,25785,3619115.44,345,F1,1,,,,,
2025-08-28,2025-08-28,CM,NSE,STK,11930,INE023H01027,NECLIFE,BE,,,,,NECTAR LIFESCIENCES LTD.,14.71,15.0,14.52,14.66,14.75,15.1,,14.66,,,121664,1790231.31,530,F1,1,,,,,
2025-08-28,2025-08-28,CM,NSE,STK,14761,INE189I01024,NELCAST,EQ,,,,,NELCAST LIMITED,157.5,157.99,149.52,151.09,151.0,158.32,,151.1,,,125033,19254112.28,4087,F1,1,,,,,
2025-08-28,2025-08-28,CM,NSE,STK,2388,INE045B01015,NELCO,EQ,,,,,NELCO LTD,820.0,823.4,802.6,818.75,821.0,813.85,,818.55,,,39183,31967384.05,3918,F1,1,,,,,
2025-08-28,2025-08-28,CM,NSE,STK,9917,INE136S01016,NEOGEN,EQ,,,,,NEOGEN CHEMICALS LIMITED,1443.7,1453.0,1398.5,1438.2,1450.0,1436.7,,1438.1,,,46251,66633324.2,7549,F1,1,,,,,
2025-08-28,2025-08-28,CM,NSE,STK,24350,INE0SUN01013,NEPHROCARE,SM,,,,,NEPHRO CARE INDIA LIMITED,165.0,170.0,160.1,163.2,163.0,167.4,,163.2,,,31200,5139300.0,58,F1,400,,,,,
2025-08-28,2025-08-28,CM,NSE,STK,757493,INE156901014,NEPTUNE,SM,,,,,NEPTUNE PETROCHEMICALS L,137.95,140.0,137.95,139.95,140.0,140.0,,139.95,,,6000,835950.0,5,F1,1000,,,,,
2025-08-28,2025-08-28,CM,NSE,STK,15409,INE317F01035,NESCO,EQ,,,,,NESCO LTD.,1427.0,1435.8,1392.4,1404.2,1404.0,1439.0,,1404.2,,,64272,90519566.9,10778,F1,1,,,,,
2025-08-28,2025-08-28,CM,NSE,STK,17963,INE239A01024,NESTLEIND,EQ,,,,,NESTLE INDIA LIMITED,1165.6,1168.2,1155.0,1162.4,1160.7,1162.2,,1162.4,,,1065888,1239682702.0,62938,F1,1,,,,,
2025-08-28,2025-08-28,CM,NSE,STK,20409,INE518X01015,CBAZAAR,ST,,,,,NET AVENUE TECHNOLOGIES L,4.4,4.4,4.35,4.35,4.35,4.55,,4.35,,,80000,348400.0,10,F1,8000,,,,,
2025-08-28,2025-08-28,CM,NSE,STK,17433,INE0NT901020,NETWEB,EQ,,,,,NETWEB TECH INDIA LTD,2279.8,2320.0,2230.0,2239.6,2240.0,2291.1,,2239.5,,,406655,927071993.5,35884,F1,1,,,,,
2025-08-28,2025-08-28,CM,NSE,STK,756324,INE0FFK01017,NPST,EQ,,,,,NETWORK PEOPLE SRV TECH L,2197.7,2236.7,2173.0,2177.8,2173.6,2231.2,,2177.8,,,13588,29833171.8,2653,F1,1,,,,,
2025-08-28,2025-08-28,CM,NSE,STK,14111,INE870H01013,NETWORK18,EQ,,,,,NETWORK18 MEDIA & INV LTD,53.49,53.53,52.23,52.75,52.83,53.49,,52.75,,,2752290,145375120.24,15157,F1,1,,,,,
2025-08-28,2025-08-28,CM,NSE,STK,2406,INE794A01010,NEULANDLAB,EQ,,,,,NEULAND LAB LTD.,13174.0,13324.0,12991.0,13115.0,13190.0,13171.0,,13115.0,,,22183,291428224.0,8494,F1,1,,,,,
2025-08-28,2025-08-28,CM,NSE,STK,1164,INE619B01017,NEWGEN,EQ,,,,,NEWGEN SOFTWARE TECH LTD,912.0,922.0,883.25,902.45,904.95,895.6,,902.45,,,1396051,1261380149.0,55787,F1,1,,,,,
2025-08-28,2025-08-28,CM,NSE,STK,19158,INE0PW501021,NEWJAISA,SM,,,,,NEWJAISA TECHNOLOGIES LTD,28.0,29.9,28.0,29.9,29.9,29.75,,29.9,,,22500,651900.0,15,F1,1500,,,,,
2025-08-28,2025-08-28,CM,NSE,STK,28801,INE0TP801012,NMSTEEL,SM,,,,,NEWMALAYALAM STEEL LTD,33.0,33.0,32.0,32.1,32.0,33.0,,32.1,,,8000,259920.0,5,F1,1600,,,,,
2025-08-28,2025-08-28,CM,NSE,STK,9867,INE747B01016,NEXTMEDIA,EQ,,,,,NEXT MEDIAWORKS LIMITED,6.35,6.35,6.2,6.33,6.33,6.35,,6.33,,,7349,45795.15,35,F1,1,,,,,
2025-08-28,2025-08-28,CM,NSE,STK,15815,INE0NDH25011,NXST,RR,,,,,NEXUS SELECT TRUST,146.48,148.99,144.75,148.37,148.0,145.77,,148.37,,,1759549,260002923.27,25149,F1,1,,,,,
2025-08-28,2025-08-28,CM,NSE,STK,10277,INE887E01022,NGLFINE,EQ,,,,,NGL FINE CHEM LIMITED,1469.0,1469.0,1325.5,1374.0,1335.1,1427.1,,1377.1,,,682,957847.4,200,F1,1,,,,,
2025-08-28,2025-08-28,CM,NSE,STK,17400,INE848E01016,NHPC,EQ,,,,,NHPC LTD,79.99,80.16,78.17,78.34,78.48,79.84,,78.34,,,11697634,926182754.82,56749,F1,1,,,,,
2025-08-28,2025-08-28,CM,NSE,STK,29487,INE149O01018,NIBE,EQ,,,,,NIBE LIMITED,1197.9,1210.0,1184.1,1190.8,1190.0,1198.2,,1190.7,,,24129,28865534.9,2774,F1,1,,,,,
2025-08-28,2025-08-28,CM,NSE,STK,6592,INE0J6L01013,NIDAN,SM,,,,,NIDAN LABS AND HEALTH LTD,17.3,18.55,17.3,18.1,18.1,18.05,,18.1,,,25000,450750.0,14,F1,1000,,,,,
2025-08-28,2025-08-28,CM,NSE,STK,17747,INE342G01023,NIITMTS,EQ,,,,,NIIT LEARNING SYSTEMS LTD,325.0,330.7,322.9,329.55,329.85,325.8,,329.55,,,79502,26108415.8,4115,F1,1,,,,,
2025-08-28,2025-08-28,CM,NSE,STK,11522,INE161A01038,NIITLTD,EQ,,,,,NIIT LIMITED,110.32,110.36,107.85,108.29,108.4,110.32,,108.29,,,270739,29466335.49,3811,F1,1,,,,,
2025-08-28,2025-08-28,CM,NSE,STK,758178,INE0FLF01015,NIKITA,SM,,,,,NIKITA PAPERS LIMITED,119.0,128.9,119.0,128.2,128.0,122.0,,128.2,,,84000,10510140.0,65,F1,1200,,,,,
2025-08-28,2025-08-28,CM,NSE,STK,9253,INE937C01029,NILAINFRA,EQ,,,,,NILA INFRASTRUCTURES LTD,10.82,10.89,10.55,10.58,10.55,10.82,,10.58,,,270642,2890746.88,1117,F1,1,,,,,
2025-08-28,2025-08-28,CM,NSE,STK,7411,INE00S901012,NILASPACES,EQ,,,,,NILA SPACES LIMITED,13.49,13.56,13.2,13.28,13.33,13.62,,13.27,,,298863,3991553.66,1055,F1,1,,,,,
2025-08-28,2025-08-28,CM,NSE,STK,2421,INE310A01015,NILKAMAL,EQ,,,,,NILKAMAL LIMITED,1535.0,1560.9,1535.0,1542.9,1544.1,1555.6,,1542.9,,,1522,2354827.3,479,F1,1,,,,,
2025-08-28,2025-08-28,CM,NSE,STK,14194,INE395U01014,NINSYS,EQ,,,,,NINTEC SYSTEMS LIMITED,435.0,442.9,425.1,440.7,437.0,436.8,,440.7,,,8692,3807825.4,505,F1,1,,,,,
2025-08-28,2025-08-28,CM,NSE,STK,11439,INF204KB15I9,BANKBEES,EQ,,,,,NIP IND ETF BANK BEES,563.1,563.1,556.28,556.75,558.2,563.07,,556.77,,,1538142,859210633.15,19286,F1,1,,,,,
2025-08-28,2025-08-28,CM,NSE,STK,2435,INF204KA1LD7,CONSUMBEES,EQ,,,,,NIP IND ETF CONSUMPTION,136.03,136.03,134.0,134.13,134.15,135.36,,134.13,,,170251,22927184.37,2551,F1,1,,,,,
2025-08-28,2025-08-28,CM,NSE,STK,2636,INF204KA1MS3,DIVOPPBEES,EQ,,,,,NIP IND ETF DIV OPP,77.84,77.84,75.95,76.06,76.92,76.99,,76.06,,,77495,5907938.47,1541,F1,1,,,,,
2025-08-28,2025-08-28,CM,NSE,STK,9847,INF204KB18I3,NV20BEES,EQ,,,,,NIP IND ETF ETF NV20,149.38,149.38,146.3,146.51,147.0,147.9,,146.51,,,11860,1740669.92,409,F1,1,,,,,
2025-08-28,2025-08-28,CM,NSE,STK,14428,INF204KB17I5,GOLDBEES,EQ,,,,,NIP IND ETF GOLD BEES,84.2,84.46,83.63,84.42,84.39,83.83,,84.42,,,13982686,1178586641.67,57965,F1,1,,,,,
2025-08-28,2025-08-28,CM,NSE,STK,18284,INF204KB19I1,HNGSNGBEES,EQ,,,,,NIP IND ETF HANGSENG BEES,455.6,463.98,451.3,460.2,460.0,460.2,,460.18,,,285693,131181215.51,6422,F1,1,,,,,
2025-08-28,2025-08-28,CM,NSE,STK,20072,INF732E01268,INFRABEES,EQ,,,,,NIP IND ETF INFRA BEES,949.99,949.99,918.0,920.92,929.33,929.33,,921.0,,,8996,8293330.13,607,F1,1,,,,,
2025-08-28,2025-08-28,CM,NSE,STK,19084,INF204KB15V2,ITBEES,EQ,,,,,NIP IND ETF IT,38.45,39.74,38.45,38.7,38.77,39.26,,38.7,,,6950623,269757173.98,23137,F1,1,,,,,
2025-08-28,2025-08-28,CM,NSE,STK,10939,INF732E01045,JUNIORBEES,EQ,,,,,NIP IND ETF JUNIOR BEES,740.13,740.13,708.7,709.47,711.44,718.57,,709.51,,,303050,215812500.89,15083,F1,1,,,,,
2025-08-28,2025-08-28,CM,NSE,STK,11006,INF732E01037,LIQUIDBEES,EQ,,,,,NIP IND ETF LIQUID BEES,999.45,1000.01,999.45,999.99,1000.01,999.99,,999.99,,,5506871,5506890657.16,5704,F1,1,,,,,
2025-08-28,2025-08-28,CM,NSE,STK,17700,INF204KB1882,LTGILTBEES,EQ,,,,,NIP IND ETF LONGTERM GILT,28.9,28.9,28.5,28.65,28.63,28.49,,28.65,,,7092121,202721941.04,1451,F1,1,,,,,
2025-08-28,2025-08-28,CM,NSE,STK,8506,INF204KB1V68,MID150BEES,EQ,,,,,NIP IND ETF MIDCAP 150,219.99,219.99,214.47,215.07,216.4,217.94,,215.07,,,577800,124827044.49,10754,F1,1,,,,,
2025-08-28,2025-08-28,CM,NSE,STK,29577,INF204K014N5,NIF100BEES,EQ,,,,,NIP IND ETF NIFTY 100,267.88,269.22,264.8,265.49,266.38,267.88,,265.5,,,60875,16194461.71,1251,F1,1,,,,,
2025-08-28,2025-08-28,CM,NSE,STK,10576,INF204KB14I2,NIFTYBEES,EQ,,,,,NIP IND ETF NIFTY BEES,279.79,279.79,276.65,276.93,277.1,279.05,,276.93,,,7638066,2118491519.81,77999,F1,1,,,,,
2025-08-28,2025-08-28,CM,NSE,STK,15032,INF204KB16I7,PSUBNKBEES,EQ,,,,,NIP IND ETF PSU BANK BEES,74.39,76.66,74.39,75.5,75.59,76.3,,75.5,,,2862674,217050029.27,5329,F1,1,,,,,
2025-08-28,2025-08-28,CM,NSE,STK,17044,INF732E01128,SHARIABEES,EQ,,,,,NIP IND ETF SHARIAH BEES,500.06,505.65,497.5,498.53,499.0,503.72,,498.54,,,16881,8437976.48,945,F1,1,,,,,
2025-08-28,2025-08-28,CM,NSE,STK,357,INE298J01013,NAM-INDIA,EQ,,,,,NIPPON L I A M LTD,819.4,823.8,794.25,798.5,802.0,825.7,,798.55,,,708296,570325554.9,33945,F1,1,,,,,
2025-08-28,2025-08-28,CM,NSE,STK,757725,INF204KC1FU1,LIQGRWBEES,EQ,,,,,NIPPONAMC - LIQGRWBEES,1005.43,1005.43,1005.42,1005.42,1005.43,1005.28,,1005.42,,,3029,3045445.41,13,F1,1,,,,,
2025-08-28,2025-08-28,CM,NSE,STK,7880,INF204KC1337,AUTOBEES,EQ,,,,,NIPPONAMC - NETFAUTO,253.64,262.99,253.64,258.36,258.35,260.15,,258.36,,,193597,50165289.69,2512,F1,1,,,,,
2025-08-28,2025-08-28,CM,NSE,STK,4973,INF204KC1089,PHARMABEES,EQ,,,,,NIPPONAMC - NETFPHARMA,22.58,23.0,22.31,22.39,22.42,22.58,,22.39,,,7531911,168632334.05,13615,F1,1,,,,,
2025-08-28,2025-08-28,CM,NSE,STK,8080,INF204KC1402,SILVERBEES,EQ,,,,,NIPPONAMC - NETFSILVER,112.6,112.97,112.3,112.78,112.8,111.91,,112.78,,,32127716,3617033339.34,43218,F1,1,,,,,
2025-08-28,2025-08-28,CM,NSE,STK,757455,INF204KC1EZ3,SNXT30BEES,EQ,,,,,NIPPONAMC - SNXT30BEES,38.94,38.94,38.08,38.15,38.14,38.6,,38.15,,,3431,131500.42,120,F1,1,,,,,
2025-08-28,2025-08-28,CM,NSE,STK,255,INE368I01016,NIRAJ,EQ,,,,,NIRAJ CEMENT STRUC LTD,48.0,48.28,46.73,47.79,47.85,46.83,,47.8,,,9460,448652.34,196,F1,1,,,,,
2025-08-28,2025-08-28,CM,NSE,STK,18844,INE326T01011,NIRAJISPAT,BE,,,,,NIRAJ ISPAT IND LTD,461.1,461.1,461.1,461.1,461.1,439.15,,461.1,,,1010,465711.0,24,F1,1,,,,,
2025-08-28,2025-08-28,CM,NSE,STK,14722,INE0OK701014,NIRMAN,SM,,,,,NIRMAN AGRI GENTICS LTD,144.3,151.5,139.05,142.65,142.25,145.55,,142.65,,,27900,3994080.0,54,F1,300,,,,,
2025-08-28,2025-08-28,CM,NSE,STK,13300,INE858F01012,NITCO,EQ,,,,,NITCO LIMITED,119.5,121.19,115.6,117.15,116.1,122.29,,117.16,,,140360,16655686.13,2998,F1,1,,,,,
2025-08-28,2025-08-28,CM,NSE,STK,13175,INE229H01012,NITINSPIN,EQ,,,,,NITIN SPINNERS LIMITED,333.7,342.0,328.6,339.5,339.5,334.35,,339.55,,,42948,14439375.7,2363,F1,1,,,,,
2025-08-28,2025-08-28,CM,NSE,STK,3247,INE439T01012,NITIRAJ,EQ,,,,,NITIRAJ ENGINEERS LTD,194.9,194.9,189.0,190.55,189.0,191.23,,190.55,,,2425,464798.22,144,F1,1,,,,,
2025-08-28,2025-08-28,CM,NSE,STK,27097,INE995S01015,NIVABUPA,EQ,,,,,NIVA BUPA HEALTH INS CO L,83.31,83.55,81.14,81.57,81.86,83.37,,81.57,,,1251662,102467046.59,13481,F1,1,,,,,
2025-08-28,2025-08-28,CM,NSE,STK,2439,INE542C01019,NKIND,EQ,,,,,NK INDUSTRIES LTD,63.0,69.0,63.0,66.53,67.65,69.28,,66.54,,,1633,109450.59,62,F1,1,,,,,
2025-08-28,2025-08-28,CM,NSE,STK,8585,INE589A01014,NLCINDIA,EQ,,,,,NLC INDIA LIMITED,236.79,237.37,222.0,227.7,226.39,236.04,,227.71,,,1259592,289764394.35,19868,F1,1,,,,,
2025-08-28,2025-08-28,CM,NSE,STK,15332,INE584A01023,NMDC,EQ,,,,,NMDC LTD.,69.55,69.75,68.56,68.73,68.95,69.88,,68.73,,,15165740,1048885446.28,51256,F1,1,,,,,
2025-08-28,2025-08-28,CM,NSE,STK,14180,INE0NNS01018,NSLNISP,EQ,,,,,NMDC STEEL LIMITED,38.2,38.24,37.65,37.79,37.8,38.25,,37.79,,,2937791,111422806.77,16573,F1,1,,,,,
2025-08-28,2025-08-28,CM,NSE,STK,2442,INE163A01018,NOCIL,EQ,,,,,NOCIL LIMITED,179.32,179.94,174.46,176.24,176.02,179.32,,176.23,,,267302,47268090.13,10283,F1,1,,,,,
2025-08-28,2025-08-28,CM,NSE,STK,11214,INE781B01015,NOIDATOLL,BE,,,,,NOIDA TOLL BRIDGE CO LTD,3.98,4.0,3.72,3.83,3.9,3.83,,3.83,,,124309,486324.89,242,F1,1,,,,,
2025-08-28,2025-08-28,CM,NSE,STK,9431,INE369C01017,NORBTEAEXP,BE,,,,,NORBEN TEA &EXPORTS LTD,39.77,39.97,39.0,39.97,39.97,39.77,,39.97,,,4876,193193.74,15,F1,1,,,,,
2025-08-28,2025-08-28,CM,NSE,STK,13522,INE553C01016,NECCLTD,EQ,,,,,NORTH EAST CARRY CORP LTD,20.54,21.07,20.54,20.64,20.78,20.54,,20.64,,,96608,2000280.72,533,F1,1,,,,,
2025-08-28,2025-08-28,CM,NSE,STK,25426,INE850M01015,NORTHARC,EQ,,,,,NORTHERN ARC CAPITAL LTD,249.21,250.0,237.5,238.79,239.59,249.21,,238.79,,,934025,225717873.15,20081,F1,1,,,,,
2025-08-28,2025-08-28,CM,NSE,STK,22477,INE02H701025,NOVAAGRI,EQ,,,,,NOVA AGRITECH LIMITED,51.69,51.9,50.5,50.82,50.85,51.69,,50.83,,,76111,3885327.77,1328,F1,1,,,,,
2025-08-28,2025-08-28,CM,NSE,STK,7553,INE349A01021,NRBBEARING,EQ,,,,,NRB BEARING LIMITED,287.45,288.4,282.0,283.25,282.05,285.35,,283.2,,,53452,15224859.45,4109,F1,1,,,,,
2025-08-28,2025-08-28,CM,NSE,STK,29737,INE047O01014,NIBL,BE,,,,,NRB INDUS. BEARINGS LTD.,25.71,26.39,25.2,26.14,26.19,25.71,,26.13,,,5308,136906.51,84,F1,1,,,,,
2025-08-28,2025-08-28,CM,NSE,STK,27176,INE0ONG01011,NTPCGREEN,EQ,,,,,NTPC GREEN ENERGY LIMITED,102.5,103.37,100.84,103.21,103.25,102.65,,103.21,,,3325099,341488392.69,28113,F1,1,,,,,
2025-08-28,2025-08-28,CM,NSE,STK,11630,INE733E01010,NTPC,EQ,,,,,NTPC LTD,331.25,332.9,328.7,330.8,330.9,333.2,,330.8,,,10486948,3470530635.2,112387,F1,1,,,,,
2025-08-28,2025-08-28,CM,NSE,STK,10791,INE096B01018,NUCLEUS,EQ,,,,,NUCLEUS SOFTWARE EXPORTS,1025.0,1036.3,1010.0,1014.3,1016.0,1025.4,,1014.5,,,7264,7413866.9,1094,F1,1,,,,,
2025-08-28,2025-08-28,CM,NSE,STK,13680,INE0JM501013,NRL,BE,,,,,NUPUR RECYCLERS LIMITED,69.5,70.95,68.5,69.63,69.01,69.98,,69.63,,,22549,1572198.5,168,F1,1,,,,,
2025-08-28,2025-08-28,CM,NSE,STK,2350,INE0DSF01015,NURECA,EQ,,,,,NURECA LIMITED,231.0,241.46,231.0,239.34,240.9,237.51,,239.3,,,4784,1137294.09,313,F1,1,,,,,
2025-08-28,2025-08-28,CM,NSE,STK,18721,INE531F01015,NUVAMA,EQ,,,,,NUVAMA WEALTH MANAGE LTD,6715.0,6725.5,6526.0,6549.0,6562.0,6728.5,,6549.5,,,106223,703009666.5,25218,F1,1,,,,,
2025-08-28,2025-08-28,CM,NSE,STK,5426,INE118D01016,NUVOCO,EQ,,,,,NUVOCO VISTAS CORP LTD,465.0,469.8,455.45,464.4,461.1,464.35,,464.4,,,236827,109825815.55,13754,F1,1,,,,,
2025-08-28,2025-08-28,CM,NSE,STK,20242,INE093I01010,OBEROIRLTY,EQ,,,,,OBEROI REALTY LIMITED,1635.0,1652.0,1610.9,1618.8,1621.9,1638.2,,1618.8,,,341948,554968014.9,31091,F1,1,,,,,
2025-08-28,2025-08-28,CM,NSE,STK,25926,INE0YHV01011,OBSCP,ST,,,,,OBSC PERFECTION LIMITED,319.7,319.7,306.2,308.05,306.2,320.0,,308.05,,,19200,5992560.0,16,F1,1200,,,,,
2025-08-28,2025-08-28,CM,NSE,STK,25920,INE0PK601023,OCCLLTD,BE,,,,,OCCL LIMITED,128.25,135.45,128.25,130.97,131.0,133.02,,130.97,,,40475,5315748.37,196,F1,1,,,,,
2025-08-28,2025-08-28,CM,NSE,STK,27575,INE054301028,ODIGMA,BE,,,,,ODIGMA CONSULTANCY SOL L,29.93,31.25,29.5,30.69,30.89,29.93,,30.67,,,10986,333718.79,368,F1,1,,,,,
2025-08-28,2025-08-28,CM,NSE,STK,2475,INE213A01029,ONGC,EQ,,,,,OIL AND NATURAL GAS CORP.,234.3,235.28,232.38,233.39,234.17,234.19,,233.39,,,13870643,3249823795.44,84814,F1,1,,,,,
2025-08-28,2025-08-28,CM,NSE,STK,2472,INE591A01010,OILCOUNTUB,EQ,,,,,OIL COUNTRY TUBULAR LTD,83.0,83.0,81.9,81.9,81.9,83.02,,81.91,,,8614,706195.52,189,F1,1,,,,,
2025-08-28,2025-08-28,CM,NSE,STK,17438,INE274J01014,OIL,EQ,,,,,OIL INDIA LTD,399.0,400.9,389.4,390.5,389.95,398.9,,390.5,,,2049222,808404853.4,50345,F1,1,,,,,
2025-08-28,2025-08-28,CM,NSE,STK,24777,INE0LXG01040,OLAELEC,EQ,,,,,OLA ELECTRIC MOBILITY LTD,51.15,56.22,51.15,54.84,54.9,50.82,,54.84,,,779430294,42437878780.97,921428,F1,1,,,,,
2025-08-28,2025-08-28,CM,NSE,STK,10637,INE260D01016,OLECTRA,EQ,,,,,OLECTRA GREENTECH LIMITED,1588.6,1589.0,1491.2,1501.4,1504.9,1592.7,,1501.4,,,1117674,1709480456.2,56806,F1,1,,,,,
2025-08-28,2025-08-28,CM,NSE,STK,24231,INE239D01028,OMINFRAL,EQ,,,,,OM INFRA LIMITED,103.15,104.63,101.43,102.21,102.22,104.64,,102.21,,,108477,11134221.96,3005,F1,1,,,,,
2025-08-28,2025-08-28,CM,NSE,STK,14125,INE090B01011,OMAXAUTO,BE,,,,,OMAX AUTOS LTD,145.5,157.5,143.3,149.81,151.94,150.0,,149.82,,,61528,9349647.31,463,F1,1,,,,,
2025-08-28,2025-08-28,CM,NSE,STK,14853,INE800H01010,OMAXE,EQ,,,,,OMAXE LIMITED,87.2,88.89,83.36,84.12,84.2,87.92,,84.13,,,163833,13939843.39,2774,F1,1,,,,,
2025-08-28,2025-08-28,CM,NSE,STK,117,INE338Y01016,OMFURN,SM,,,,,OMFURN INDIA LIMITED,120.0,120.5,116.05,118.95,118.95,121.0,,118.95,,,18000,2137260.0,15,F1,1200,,,,,
2025-08-28,2025-08-28,CM,NSE,STK,13515,INE474L01016,OMKARCHEM,BZ,,,,,OMKAR SPL CHEM LTD,6.26,6.9,6.26,6.26,6.26,6.59,,6.26,,,8875,57163.04,38,F1,1,,,,,
2025-08-28,2025-08-28,CM,NSE,STK,19703,INE00ER01015,ONDOOR,ST,,,,,ON DOOR CONCEPTS LIMITED,162.5,169.0,161.5,169.0,169.0,170.0,,169.0,,,1800,293475.0,6,F1,300,,,,,
2025-08-28,2025-08-28,CM,NSE,STK,6705,INE982J01020,PAYTM,EQ,,,,,ONE 97 COMMUNICATIONS LTD,1253.1,1265.0,1222.2,1230.8,1227.2,1253.1,,1230.7,,,4083500,5073897135.2,102983,F1,1,,,,,
2025-08-28,2025-08-28,CM,NSE,STK,28046,INE0HLU01028,MOBIKWIK,EQ,,,,,ONE MOBIKWIK SYSTEMS LTD,225.0,225.39,220.0,221.87,221.0,224.94,,221.89,,,530505,118169286.31,10470,F1,1,,,,,
2025-08-28,2025-08-28,CM,NSE,STK,9940,INE840Y01029,ONEPOINT,BE,,,,,ONE POINT ONE SOL LTD,44.88,45.48,42.63,43.27,43.7,44.88,,43.27,,,302279,13328463.46,1293,F1,1,,,,,
2025-08-28,2025-08-28,CM,NSE,STK,19386,INE0OPS01011,OLIL,SM,,,,,ONECLICK LOGISTICS IND L,225.0,227.0,222.0,223.15,222.0,230.35,,223.15,,,34800,7802820.0,29,F1,1200,,,,,
2025-08-28,2025-08-28,CM,NSE,STK,25496,INE912L01015,ONELIFECAP,BE,,,,,ONELIFE CAP ADVISORS LTD,12.5,12.5,11.9,12.46,12.46,12.03,,12.46,,,882,10583.22,15,F1,1,,,,,
2025-08-28,2025-08-28,CM,NSE,STK,29224,INE013P01021,ONESOURCE,EQ,,,,,ONESOURCE SPECL PHARMA L,1861.8,1882.9,1846.8,1855.0,1851.1,1861.8,,1855.0,,,195394,364676519.2,22781,F1,1,,,,,
2025-08-28,2025-08-28,CM,NSE,STK,15278,INE809I01019,ONMOBILE,EQ,,,,,ONMOBILE GLOBAL LTD.,50.5,51.49,49.26,50.02,50.3,50.56,,50.01,,,462148,23188011.77,2723,F1,1,,,,,
2025-08-28,2025-08-28,CM,NSE,STK,5647,INE229A01017,ONWARDTEC,BE,,,,,ONWARD TECHNOLOGIES LTD.,310.95,328.95,310.95,325.1,325.0,318.9,,325.05,,,10457,3373540.4,195,F1,1,,,,,
2025-08-28,2025-08-28,CM,NSE,STK,27136,INE0WVU01018,ONYX,SM,,,,,ONYX BIOTEC LIMITED,47.35,47.55,47.35,47.55,47.55,48.3,,47.55,,,4000,189800.0,2,F1,2000,,,,,
2025-08-28,2025-08-28,CM,NSE,STK,21469,INE350C01017,OPTIEMUS,EQ,,,,,OPTIEMUS INFRACOM LTD,565.65,568.7,557.05,560.45,562.5,565.65,,560.45,,,49931,28102025.7,3358,F1,1,,,,,
2025-08-28,2025-08-28,CM,NSE,STK,10738,INE881D01027,OFSS,EQ,,,,,ORACLE FIN SERV SOFT LTD.,8540.0,8565.5,8335.5,8370.5,8354.0,8530.5,,8370.5,,,101080,852971797.0,25591,F1,1,,,,,
2025-08-28,2025-08-28,CM,NSE,STK,31479,INE231G01010,ORBTEXP,BE,,,,,ORBIT EXPORTS LIMITED,188.0,192.25,184.3,188.25,188.25,191.25,,188.01,,,5107,960435.94,111,F1,1,,,,,
2025-08-28,2025-08-28,CM,NSE,STK,29492,INE215B01022,ORCHASP,EQ,,,,,ORCHASP LIMITED,3.05,3.05,2.81,2.81,2.81,2.96,,2.81,,,790154,2227090.03,493,F1,1,,,,,
2025-08-28,2025-08-28,CM,NSE,STK,926,INE191A01027,ORCHPHARMA,EQ,,,,,ORCHID PHARMA LIMITED,771.75,774.8,744.0,746.95,746.0,771.75,,746.9,,,24318,18394363.9,1411,F1,1,,,,,
2025-08-28,2025-08-28,CM,NSE,STK,17890,INE0OUT01019,ORIANA,ST,,,,,ORIANA POWER LIMITED,2240.1,2300.0,2240.1,2280.45,2250.1,2262.7,,2280.45,,,29850,68080818.75,331,F1,75,,,,,
2025-08-28,2025-08-28,CM,NSE,STK,10159,INE730A01022,ORICONENT,EQ,,,,,ORICON ENTERPRISES LTD,54.23,54.28,52.61,52.83,52.65,54.23,,52.84,,,216922,11567916.5,2005,F1,1,,,,,
2025-08-28,2025-08-28,CM,NSE,STK,14278,INE607D01018,ORIENTBELL,EQ,,,,,ORIENT BELL LIMITED,286.0,308.95,238.75,297.7,300.65,290.35,,297.4,,,36368,10380827.45,1411,F1,1,,,,,
2025-08-28,2025-08-28,CM,NSE,STK,30089,INE876N01018,ORIENTCEM,EQ,,,,,ORIENT CEMENT LTD.,232.0,234.61,227.01,227.5,228.0,231.91,,227.5,,,275946,63347003.18,7762,F1,1,,,,,
2025-08-28,2025-08-28,CM,NSE,STK,13111,INE569C01020,ORIENTCER,EQ,,,,,ORIENT CERATECH LIMITED,37.74,37.74,36.39,36.52,36.88,37.6,,36.52,,,69837,2583887.78,616,F1,1,,,,,
2025-08-28,2025-08-28,CM,NSE,STK,2972,INE142Z01019,ORIENTELEC,EQ,,,,,ORIENT ELECTRIC LIMITED,211.61,213.94,208.0,208.01,210.7,212.5,,208.01,,,930294,193618049.2,2352,F1,1,,,,,
2025-08-28,2025-08-28,CM,NSE,STK,20110,INE999K01014,GREENPOWER,EQ,,,,,ORIENT GREEN POWER CO LTD,13.92,14.1,13.65,13.75,13.8,13.94,,13.75,,,3311630,45910958.2,8973,F1,1,,,,,
2025-08-28,2025-08-28,CM,NSE,STK,2493,INE750A01020,ORIENTHOT,EQ,,,,,ORIENT HOTELS LTD,136.05,136.85,135.06,135.94,135.74,136.49,,135.95,,,64078,8722516.06,2260,F1,1,,,,,
2025-08-28,2025-08-28,CM,NSE,STK,2496,INE592A01026,ORIENTPPR,EQ,,,,,ORIENT PAPER AND INDS LTD,27.82,28.42,27.65,27.92,27.99,28.14,,27.92,,,501702,14061615.06,1856,F1,1,,,,,
2025-08-28,2025-08-28,CM,NSE,STK,18208,INE609C01024,ORIENTLTD,EQ,,,,,ORIENT PRESS LIMITED,89.54,94.79,89.4,90.31,89.71,89.54,,90.74,,,6590,604999.03,328,F1,1,,,,,
2025-08-28,2025-08-28,CM,NSE,STK,24961,INE0PPK01015,ORIENTTECH,EQ,,,,,ORIENT TECHNOLOGIES LTD,307.5,307.6,302.0,303.05,304.0,307.6,,303.1,,,74399,22655354.65,3220,F1,1,,,,,
2025-08-28,2025-08-28,CM,NSE,STK,10768,INE959C01023,OAL,EQ,,,,,ORIENTAL AROMATICS LTD,335.05,335.05,328.6,331.1,330.8,331.85,,331.1,,,3557,1177122.2,222,F1,1,,,,,
2025-08-28,2025-08-28,CM,NSE,STK,14350,INE998H01012,ORIENTALTL,BE,,,,,ORIENTAL TRIMEX LTD,9.45,9.75,9.1,9.39,9.41,9.45,,9.4,,,117429,1104492.52,582,F1,1,,,,,
2025-08-28,2025-08-28,CM,NSE,STK,8797,INE426Z01016,OBCL,EQ,,,,,ORISSA BENGAL CARRIER LTD,55.71,57.2,55.1,55.62,55.16,56.34,,55.62,,,5337,299395.73,119,F1,1,,,,,
2025-08-28,2025-08-28,CM,NSE,STK,19931,INE725E01024,ORISSAMINE,EQ,,,,,ORISSA MIN DEV CO LTD,4802.1,4914.5,4801.0,4817.6,4815.8,4842.2,,4817.7,,,4279,20734997.8,1341,F1,1,,,,,
2025-08-28,2025-08-28,CM,NSE,STK,13321,INE849L01019,ORTEL,BZ,,,,,ORTEL COMMUNICATIONS LTD,1.74,1.74,1.61,1.66,1.66,1.68,,1.66,,,3601,6008.92,23,F1,1,,,,,
2025-08-28,2025-08-28,CM,NSE,STK,2980,INE749B01020,ORTINGLOBE,BE,,,,,ORTIN GLOBAL LIMITED,13.68,13.68,13.67,13.67,13.67,13.95,,14.21,,,2113,28902.81,12,F1,1,,,,,
2025-08-28,2025-08-28,CM,NSE,STK,25389,INE0RMF01018,OSELDEVICE,ST,,,,,OSEL DEVICES LIMITED,565.45,565.45,565.45,565.45,565.45,576.95,,565.45,,,49600,28046320.0,41,F1,400,,,,,
2025-08-28,2025-08-28,CM,NSE,STK,12643,INE06IR01021,OSIAHYPER,BE,,,,,OSIA HYPER RETAIL LIMITED,16.67,16.67,16.67,16.67,16.67,15.88,,16.67,,,134747,2246232.49,163,F1,1,,,,,
2025-08-28,2025-08-28,CM,NSE,STK,2514,INE142A01012,OSWALAGRO,EQ,,,,,OSWAL AGRO MILLS LTD,77.51,79.8,77.5,78.0,77.8,77.63,,78.0,,,128786,10135119.82,2410,F1,1,,,,,
2025-08-28,2025-08-28,CM,NSE,STK,471,INE143A01010,OSWALGREEN,EQ,,,,,OSWAL GREENTECH LIMITED,40.7,41.6,40.05,40.26,40.59,41.18,,40.25,,,245290,9986044.02,1863,F1,1,,,,,
2025-08-28,2025-08-28,CM,NSE,STK,756802,INE0BYP01024,OSWALPUMPS,EQ,,,,,OSWAL PUMPS LIMITED,831.75,839.0,809.0,811.35,813.0,834.95,,811.4,,,464129,381590175.15,26408,F1,1,,,,,
2025-08-28,2025-08-28,CM,NSE,STK,22911,INE0R8M01017,OWAIS,SM,,,,,OWAIS METAL & MINERAL,450.0,466.8,444.0,447.15,445.0,448.4,,447.15,,,10800,4897765.0,97,F1,100,,,,,
2025-08-28,2025-08-28,CM,NSE,STK,25312,INE953R01016,PNGJL,EQ,,,,,P N GADGIL JEWELLERS LTD,565.05,574.2,562.15,566.6,567.05,568.05,,566.7,,,121681,69157890.3,6896,F1,1,,,,,
2025-08-28,2025-08-28,CM,NSE,STK,2535,INE179A01014,PGHH,EQ,,,,,P&G HYGIENE & HEALTH CARE,13075.0,13149.0,13000.0,13072.0,13052.0,13118.0,,13071.0,,,7599,99292164.0,2917,F1,1,,,,,
2025-08-28,2025-08-28,CM,NSE,STK,14413,INE761H01022,PAGEIND,EQ,,,,,PAGE INDUSTRIES LTD,45330.0,45330.0,43845.0,44150.0,43900.0,45505.0,,44150.0,,,47648,2108703200.0,19491,F1,1,,,,,
2025-08-28,2025-08-28,CM,NSE,STK,25468,INE420C01059,PAISALO,EQ,,,,,PAISALO DIGITAL LIMITED,30.38,30.83,30.01,30.3,30.35,30.39,,30.3,,,8112270,246963939.44,13891,F1,1,,,,,
2025-08-28,2025-08-28,CM,NSE,STK,17197,INE551D01018,PAKKA,EQ,,,,,PAKKA LIMITED,157.75,157.75,147.1,148.28,147.46,156.5,,148.28,,,361948,54602607.16,6368,F1,1,,,,,
2025-08-28,2025-08-28,CM,NSE,STK,21383,INE471W01019,PALASHSECU,EQ,,,,,PALASH SECURITIES LTD,118.66,119.98,115.5,116.65,116.52,117.97,,116.68,,,1268,148280.84,83,F1,1,,,,,
2025-08-28,2025-08-28,CM,NSE,STK,17059,INE218G01033,PALREDTEC,BE,,,,,PALRED TECHNOLOGIES LTD,52.5,52.5,51.04,52.05,52.05,52.03,,52.68,,,1555,81452.5,6,F1,1,,,,,
2025-08-28,2025-08-28,CM,NSE,STK,4055,INE922B01023,PANACEABIO,EQ,,,,,PANACEA BIOTEC LTD,394.7,403.0,384.35,388.9,388.7,394.7,,389.0,,,131555,51688012.4,7996,F1,1,,,,,
2025-08-28,2025-08-28,CM,NSE,STK,16355,INE895W01019,PANACHE,BE,,,,,PANACHE DIGILIFE LIMITED,240.2,247.6,239.5,239.95,239.5,246.6,,239.95,,,7017,1686649.8,49,F1,1,,,,,
2025-08-28,2025-08-28,CM,NSE,STK,25392,INE305C01029,PANAMAPET,EQ,,,,,PANAMA PETROCHEM LTD,328.1,330.4,323.0,323.9,324.0,330.8,,323.9,,,41180,13386333.9,1185,F1,1,,,,,
2025-08-28,2025-08-28,CM,NSE,STK,6152,INE697V01011,PANSARI,BE,,,,,PANSARI DEVELOPERS LTD,267.33,270.0,264.66,270.0,270.0,266.0,,270.0,,,228,61252.95,8,F1,1,,,,,
2025-08-28,2025-08-28,CM,NSE,STK,5637,INE04LG01015,PAR,BE,,,,,PAR DRUGS AND CHEM LTD,90.81,94.52,90.81,94.52,94.52,92.67,,94.52,,,14804,1376222.92,40,F1,1,,,,,
2025-08-28,2025-08-28,CM,NSE,STK,9741,INE088F01024,PARADEEP,EQ,,,,,PARADEEP PHOSPHATES LTD,225.76,228.75,221.0,222.04,221.95,225.77,,222.03,,,5451356,1229400516.42,68452,F1,1,,,,,
2025-08-28,2025-08-28,CM,NSE,STK,17130,INE883N01014,PARAGMILK,EQ,,,,,PARAG MILK FOODS LTD.,231.0,235.15,225.45,230.55,230.79,228.68,,230.55,,,503304,116432962.77,14112,F1,1,,,,,
2025-08-28,2025-08-28,CM,NSE,STK,19779,INE0N4G01012,PARAGON,SM,,,,,PARAGON FINE S.C. LTD.,56.05,57.0,54.65,55.05,54.65,58.8,,55.05,,,20400,1130880.0,17,F1,1200,,,,,
2025-08-28,2025-08-28,CM,NSE,STK,13951,INE074B01023,PARACABLES,EQ,,,,,PARAMOUNT COMM LTD,46.3,46.6,45.15,45.35,45.42,46.3,,45.35,,,1053473,48152589.84,6875,F1,1,,,,,
2025-08-28,2025-08-28,CM,NSE,STK,25720,INE0TG801013,PARAMOUNT,ST,,,,,PARAMOUNT DYE TEC LIMITED,59.2,59.2,59.2,59.2,59.2,60.4,,59.2,,,1200,71040.0,1,F1,1200,,,,,
2025-08-28,2025-08-28,CM,NSE,STK,25431,INE0Q6001012,PSFL,SM,,,,,PARAMOUNT SPECIALI FORG L,38.15,39.95,38.15,38.7,38.7,38.55,,38.7,,,32000,1257200.0,14,F1,2000,,,,,
2025-08-28,2025-08-28,CM,NSE,STK,5911,INE045601023,PARAS,EQ,,,,,PARAS DEF AND SPCE TECH L,650.0,662.0,635.2,640.4,640.5,651.8,,640.4,,,358761,233370973.2,14148,F1,1,,,,,
2025-08-28,2025-08-28,CM,NSE,STK,3972,INE162C01024,PARASPETRO,EQ,,,,,PARAS PETROFILS LTD.,2.47,2.47,2.38,2.43,2.46,2.4,,2.43,,,86810,209215.9,351,F1,1,,,,,
2025-08-28,2025-08-28,CM,NSE,STK,5460,INE00U801010,PARIN,SM,,,,,PARIN ENTERPRISES LIMITED,448.0,465.0,438.0,458.3,465.0,448.0,,458.3,,,18000,8008350.0,26,F1,500,,,,,
2025-08-28,2025-08-28,CM,NSE,STK,22649,INE988S01028,PARKHOTELS,EQ,,,,,PARKHOTELS,151.11,152.5,148.26,149.78,149.0,151.54,,149.78,,,416887,62852373.66,6929,F1,1,,,,,
2025-08-28,2025-08-28,CM,NSE,STK,13795,INE561H01026,PARSVNATH,BE,,,,,PARSVNATH DEVELOPER LTD,15.11,15.2,14.2,15.04,14.81,14.87,,15.04,,,298681,4451670.48,369,F1,1,,,,,
2025-08-28,2025-08-28,CM,NSE,STK,758217,INE1H7V01011,PARTH,SM,,,,,PARTH ELEC & ENG LTD,269.9,286.95,254.1,268.25,270.7,265.65,,268.25,,,124000,33913160.0,145,F1,800,,,,,
2025-08-28,2025-08-28,CM,NSE,STK,2599,INE06ZX01015,PARTYCRUS,SM,,,,,PARTY CRUISERS LIMITED,71.0,77.0,71.0,77.0,77.0,78.0,,77.0,,,4000,295000.0,4,F1,1000,,,,,
2025-08-28,2025-08-28,CM,NSE,STK,757955,INE124Y01010,PASHUPATI,EQ,,,,,PASHUPATI COTSPIN LIMITED,686.6,690.0,672.3,673.35,677.3,679.05,,673.1,,,94185,64023531.2,356,F1,1,,,,,
2025-08-28,2025-08-28,CM,NSE,STK,6045,INE818B01023,PASUPTAC,EQ,,,,,PASUPATI ACRYLON LIMITED,42.4,42.65,41.8,41.94,41.81,42.19,,41.9,,,19931,837758.82,576,F1,1,,,,,
2025-08-28,2025-08-28,CM,NSE,STK,17029,INE619A01035,PATANJALI,EQ,,,,,PATANJALI FOODS LIMITED,1809.4,1809.4,1759.0,1769.8,1772.0,1799.3,,1770.0,,,571455,1020815685.5,33339,F1,1,,,,,
2025-08-28,2025-08-28,CM,NSE,STK,11699,INE244B01030,PATELENG,EQ,,,,,PATEL ENGINEERING LTD.,37.7,37.79,36.9,37.54,37.57,37.8,,37.54,,,2207487,82451020.95,13701,F1,1,,,,,
2025-08-28,2025-08-28,CM,NSE,STK,15219,INE529D01014,PATINTLOG,EQ,,,,,PATEL INT. LOG. LTD,15.48,15.48,14.92,15.05,15.0,15.23,,15.06,,,108681,1639870.88,563,F1,1,,,,,
2025-08-28,2025-08-28,CM,NSE,STK,759440,INE0R8B01010,PATELRMART,BE,,,,,PATEL RETAIL LIMITED,273.35,279.3,273.35,273.35,273.35,287.7,,273.6,,,396438,108428606.3,3916,F1,1,,,,,
2025-08-28,2025-08-28,CM,NSE,STK,756963,INE17GV01016,PATILAUTOM,SM,,,,,PATIL AUTOMATION LIMITED,219.75,234.0,216.3,221.6,221.0,219.75,,221.6,,,277200,62643780.0,176,F1,1200,,,,,
2025-08-28,2025-08-28,CM,NSE,STK,15143,INE0NZW01014,PATTECH,ST,,,,,PATTECH FITWELL TUB COM L,119.7,119.7,119.7,119.7,119.7,126.0,,119.7,,,10500,1256850.0,6,F1,1500,,,,,
2025-08-28,2025-08-28,CM,NSE,STK,16192,INE07S101020,PAVNAIND,EQ,,,,,PAVNA INDUSTRIES LIMITED,431.45,435.9,420.0,424.5,422.15,431.45,,424.4,,,12249,5237407.9,967,F1,1,,,,,
2025-08-28,2025-08-28,CM,NSE,STK,6656,INE417T01026,POLICYBZR,EQ,,,,,PB FINTECH LIMITED,1834.1,1844.6,1797.2,1805.4,1803.0,1835.1,,1805.4,,,896271,1626795343.6,60526,F1,1,,,,,
2025-08-28,2025-08-28,CM,NSE,STK,29124,INE785M01021,PCJEWELLER,EQ,,,,,PC JEWELLER LTD,12.99,13.45,12.67,13.11,13.26,13.04,,13.11,,,58941292,767070638.67,50769,F1,1,,,,,
2025-08-28,2025-08-28,CM,NSE,STK,2649,INE602A01031,PCBL,EQ,,,,,PCBL CHEMICAL LIMITED,375.9,380.0,371.2,373.05,373.4,375.5,,373.0,,,307059,115482816.0,12297,F1,1,,,,,
2025-08-28,2025-08-28,CM,NSE,STK,5264,INE111Q01021,PDSL,EQ,,,,,PDS LIMITED,322.0,335.35,320.85,326.05,324.0,321.75,,326.05,,,205418,67626091.0,10123,F1,1,,,,,
2025-08-28,2025-08-28,CM,NSE,STK,14260,INE940H01022,PGIL,EQ,,,,,PEARL GLOBAL IND LIMITED,1260.0,1297.1,1203.3,1238.1,1235.0,1277.9,,1238.1,,,114288,144186398.7,15389,F1,1,,,,,
2025-08-28,2025-08-28,CM,NSE,STK,2610,INE844A01013,PEARLPOLY,EQ,,,,,PEARL POLYMERS LTD,32.14,32.45,31.1,31.55,31.95,32.14,,31.56,,,49176,1552507.74,1360,F1,1,,,,,
2025-08-28,2025-08-28,CM,NSE,STK,25408,INE0VG601013,PELATRO,SM,,,,,PELATRO LIMITED,398.0,400.0,398.0,400.0,400.0,400.0,,400.0,,,1800,719100.0,6,F1,300,,,,,
2025-08-28,2025-08-28,CM,NSE,STK,2256,INE138A01028,PENINLAND,EQ,,,,,PENINSULA LAND LIMITED,34.26,35.74,34.14,35.14,35.39,34.77,,35.16,,,356773,12467093.86,3341,F1,1,,,,,
2025-08-28,2025-08-28,CM,NSE,STK,20621,INE932A01024,PENIND,EQ,,,,,PENNAR INDUSTRIES LTD,243.91,247.8,241.07,242.57,242.5,244.51,,242.58,,,373251,91212730.85,10023,F1,1,,,,,
2025-08-28,2025-08-28,CM,NSE,STK,17132,INE0ORS01017,PENTAGON,SM,,,,,PENTAGON RUBBER LIMITED,52.6,53.5,52.6,52.8,52.8,52.5,,52.8,,,13000,686950.0,10,F1,1000,,,,,
2025-08-28,2025-08-28,CM,NSE,STK,758121,INE925S01012,PERFECT,SZ,,,,,PERFECT INFRAENGINEER LTD,6.15,6.15,5.75,5.75,5.75,6.05,,5.75,,,30000,175800.0,10,F1,3000,,,,,
2025-08-28,2025-08-28,CM,NSE,STK,18365,INE262H01021,PERSISTENT,EQ,,,,,PERSISTENT SYSTEMS LTD,5400.0,5400.0,5287.5,5313.5,5331.5,5376.5,,5313.5,,,316243,1690114691.5,51071,F1,1,,,,,
2025-08-28,2025-08-28,CM,NSE,STK,24290,INE998U01015,PCCL,SM,,,,,PETRO CARBON AND CHEMI L,181.0,181.95,181.0,181.65,181.95,181.9,,181.65,,,2800,508620.0,6,F1,400,,,,,
2025-08-28,2025-08-28,CM,NSE,STK,11351,INE347G01014,PETRONET,EQ,,,,,PETRONET LNG LIMITED,271.65,274.5,268.65,271.6,271.6,268.8,,271.6,,,3213713,874050178.4,52227,F1,1,,,,,
2025-08-28,2025-08-28,CM,NSE,STK,2643,INE182A01018,PFIZER,EQ,,,,,PFIZER LTD,5259.5,5300.5,5155.0,5168.0,5189.0,5249.0,,5168.5,,,21924,114162361.5,7587,F1,1,,,,,
2025-08-28,2025-08-28,CM,NSE,STK,25358,INE457L01029,PGEL,EQ,,,,,PG ELECTROPLAST LTD,560.0,561.25,539.5,541.25,541.6,557.25,,541.25,,,4364068,2394539829.7,63381,F1,1,,,,,
2025-08-28,2025-08-28,CM,NSE,STK,11616,INE0MLZ01019,PHANTOMFX,ST,,,,,PHANTOM DIGITAL EFF LTD,268.8,268.8,255.4,256.0,255.4,268.8,,256.0,,,39900,10361580.0,108,F1,300,,,,,
2025-08-28,2025-08-28,CM,NSE,STK,25513,INE0FPO01018,PHOGLOBAL,SM,,,,,PHOENIX OVERSEAS LIMITED,21.2,21.65,21.1,21.45,21.65,20.6,,21.45,,,10000,213800.0,5,F1,2000,,,,,
2025-08-28,2025-08-28,CM,NSE,STK,24184,INE603J01030,PIIND,EQ,,,,,PI INDUSTRIES LTD,3788.9,3806.1,3700.0,3708.8,3719.7,3787.2,,3708.8,,,161470,603793908.0,22318,F1,1,,,,,
2025-08-28,2025-08-28,CM,NSE,STK,757754,INE546C01010,PICCADIL,EQ,,,,,PICCADILY AGRO INDUSTRI L,602.0,604.05,583.85,585.85,584.55,595.85,,585.7,,,63453,37495426.45,5305,F1,1,,,,,
2025-08-28,2025-08-28,CM,NSE,STK,24791,INE0YAL01017,PPSL,ST,,,,,PICTUREPOST STUDIOS LTD,15.45,16.0,15.25,15.25,15.25,16.05,,15.25,,,72000,1106100.0,21,F1,3000,,,,,
2025-08-28,2025-08-28,CM,NSE,STK,2664,INE318A01026,PIDILITIND,EQ,,,,,PIDILITE INDUSTRIES LTD,3060.0,3104.2,3052.7,3062.9,3066.0,3100.4,,3062.9,,,186240,573086128.3,20898,F1,1,,,,,
2025-08-28,2025-08-28,CM,NSE,STK,30838,INE600A01035,PILITA,BE,,,,,PIL ITALICA LIFESTYLE LTD,13.9,13.96,13.8,13.86,13.9,13.84,,13.86,,,55562,768143.68,169,F1,1,,,,,
2025-08-28,2025-08-28,CM,NSE,STK,11445,INE417C01014,PILANIINVS,EQ,,,,,PILANI INV & IND COR LTD,4890.0,4944.5,4861.0,4877.0,4864.0,4928.5,,4877.0,,,1615,7906427.0,722,F1,1,,,,,
2025-08-28,2025-08-28,CM,NSE,STK,13463,INE156C01018,PIONEEREMB,EQ,,,,,PIONEER EMBROIDERIES LTD,37.0,37.85,37.0,37.26,37.15,37.75,,37.26,,,6909,258530.75,179,F1,1,,,,,
2025-08-28,2025-08-28,CM,NSE,STK,2412,INE140A01024,PEL,EQ,,,,,PIRAMAL ENTERPRISES LTD,1136.2,1146.0,1117.0,1122.6,1120.8,1135.1,,1122.6,,,206414,233682987.0,15619,F1,1,,,,,
2025-08-28,2025-08-28,CM,NSE,STK,11571,INE0DK501011,PPLPHARMA,EQ,,,,,PIRAMAL PHARMA LIMITED,189.6,190.33,186.01,186.3,186.15,189.36,,186.3,,,2217846,415725376.9,23983,F1,1,,,,,
2025-08-28,2025-08-28,CM,NSE,STK,14134,INE450D01021,PITTIENG,EQ,,,,,PITTI ENGINEERING LIMITED,923.0,951.0,908.25,942.15,939.0,925.2,,942.5,,,50537,47253953.7,5788,F1,1,,,,,
2025-08-28,2025-08-28,CM,NSE,STK,9087,INE751B01018,PIXTRANS,EQ,,,,,PIX TRANSMISSIONS LIMITED,1379.9,1379.9,1350.0,1365.0,1364.0,1375.3,,1365.0,,,10427,14231898.1,1908,F1,1,,,,,
2025-08-28,2025-08-28,CM,NSE,STK,13920,INE083C01022,PLASTIBLEN,EQ,,,,,PLASTIBLENDS INDIA LTD,192.92,192.92,188.4,188.84,189.98,189.65,,188.86,,,4619,873816.1,215,F1,1,,,,,
2025-08-28,2025-08-28,CM,NSE,STK,22930,INE0PT501018,PLATIND,EQ,,,,,PLATINUM INDUSTRIES LTD,273.5,275.05,262.7,264.55,264.6,273.75,,264.65,,,114912,30629014.6,3113,F1,1,,,,,
2025-08-28,2025-08-28,CM,NSE,STK,19458,INE0INJ01017,PLAZACABLE,EQ,,,,,PLAZA WIRES LIMITED,55.01,57.39,55.01,55.46,55.59,55.97,,55.44,,,39268,2180029.53,2428,F1,1,,,,,
2025-08-28,2025-08-28,CM,NSE,STK,8736,INE859A01011,PNBGILTS,EQ,,,,,PNB GILTS LIMITED,101.11,101.84,98.75,99.25,99.25,101.84,,99.27,,,697965,69899152.63,6752,F1,1,,,,,
2025-08-28,2025-08-28,CM,NSE,STK,18908,INE572E01012,PNBHOUSING,EQ,,,,,PNB HOUSING FIN LTD.,785.0,785.0,765.2,767.05,766.3,782.9,,767.0,,,2816692,2177872219.4,78010,F1,1,,,,,
2025-08-28,2025-08-28,CM,NSE,STK,9385,INE195J01029,PNCINFRA,EQ,,,,,PNC INFRATECH LTD.,295.55,301.95,295.55,300.3,300.05,300.25,,300.3,,,173300,51936658.35,8817,F1,1,,,,,
2025-08-28,2025-08-28,CM,NSE,STK,19036,INE371C01013,PODDARMENT,EQ,,,,,PODDAR PIGMENTS LIMITED,264.5,269.3,260.55,263.65,262.6,264.05,,263.75,,,2562,675000.65,197,F1,1,,,,,
2025-08-28,2025-08-28,CM,NSE,STK,17651,INE637C01025,POKARNA,EQ,,,,,POKARNA LIMITED,943.9,944.0,888.1,890.95,892.0,939.2,,890.95,,,74440,67354300.15,7937,F1,1,,,,,
2025-08-28,2025-08-28,CM,NSE,STK,25718,INE205C01021,POLYMED,EQ,,,,,POLY MEDICURE LIMITED,2080.1,2114.8,2059.0,2101.0,2096.0,2078.1,,2101.0,,,97611,204532056.9,15246,F1,1,,,,,
2025-08-28,2025-08-28,CM,NSE,STK,9590,INE455K01017,POLYCAB,EQ,,,,,POLYCAB INDIA LIMITED,7099.0,7170.0,6985.0,7106.5,7105.5,7064.0,,7106.5,,,275286,1958596027.0,46300,F1,1,,,,,
2025-08-28,2025-08-28,CM,NSE,STK,2687,INE633B01018,POLYPLEX,EQ,,,,,POLYPLEX CORPORATION LTD,1009.9,1012.2,1001.1,1002.5,1001.1,1009.9,,1002.6,,,38669,38873375.3,2945,F1,1,,,,,
2025-08-28,2025-08-28,CM,NSE,STK,22714,INE517M01028,POLYSIL,ST,,,,,POLYSIL IRRIGATION SYST L,162.65,162.65,162.65,162.65,162.65,159.5,,162.65,,,42000,6831300.0,2,F1,2000,,,,,
2025-08-28,2025-08-28,CM,NSE,STK,14385,INE063E01053,POCL,EQ,,,,,PONDY OXIDES & CHEM LTD,1092.2,1110.1,1058.2,1086.9,1085.1,1088.4,,1086.9,,,225661,244995910.4,15432,F1,1,,,,,
2025-08-28,2025-08-28,CM,NSE,STK,10661,INE838E01017,PONNIERODE,EQ,,,,,PONNIE SUGARS (ERODE) LTD,282.0,292.0,282.0,290.25,292.0,288.4,,290.25,,,4989,1439342.4,471,F1,1,,,,,
2025-08-28,2025-08-28,CM,NSE,STK,11403,INE511C01022,POONAWALLA,EQ,,,,,POONAWALLA FINCORP LTD,452.95,455.2,421.4,429.6,427.45,452.7,,429.55,,,3079415,1346426442.15,33172,F1,1,,,,,
2025-08-28,2025-08-28,CM,NSE,STK,23142,INE772T01024,PVSL,EQ,,,,,POPULAR VEHICLES N SER L,114.39,116.5,110.05,111.21,111.5,112.69,,111.21,,,62422,7032461.99,3404,F1,1,,,,,
2025-08-28,2025-08-28,CM,NSE,STK,24864,INE0S3H01017,POSITRON,SM,,,,,POSITRON ENERGY LIMITED,301.0,305.6,300.0,301.75,300.0,303.0,,301.75,,,6900,2076405.0,20,F1,300,,,,,
2025-08-28,2025-08-28,CM,NSE,STK,14299,INE134E01011,PFC,EQ,,,,,POWER FIN CORP LTD.,388.85,389.7,381.0,381.75,382.0,388.55,,381.75,,,6429323,2471418133.25,82328,F1,1,,,,,
2025-08-28,2025-08-28,CM,NSE,STK,14977,INE752E01010,POWERGRID,EQ,,,,,POWER GRID CORP. LTD.,282.0,282.0,273.6,274.45,274.2,279.9,,274.45,,,12455072,3443545405.6,107728,F1,1,,,,,
2025-08-28,2025-08-28,CM,NSE,STK,15730,INE557Z01018,PIGL,BE,,,,,POWER INSTRUMENT (G) LTD,147.05,153.0,147.05,153.0,153.0,150.0,,152.95,,,32310,4869272.64,145,F1,1,,,,,
2025-08-28,2025-08-28,CM,NSE,STK,10473,INE211R01019,POWERMECH,EQ,,,,,POWER MECH PROJECTS LTD.,3129.9,3138.7,2987.4,3002.2,3020.0,3130.4,,3002.2,,,84176,258253280.5,18042,F1,1,,,,,
2025-08-28,2025-08-28,CM,NSE,STK,3494,INE0GGX23010,PGINVIT,IV,,,,,POWERGRID INFRA. INVITS,91.64,91.79,90.8,91.12,91.22,91.2,,91.12,,,682875,62256026.44,3721,F1,1,,,,,
2025-08-28,2025-08-28,CM,NSE,STK,15213,INE095I01015,PPAP,BE,,,,,PPAP AUTOMOTIVE LIMITED,221.95,222.0,221.95,221.95,221.95,226.45,,225.8,,,1339,297191.1,36,F1,1,,,,,
2025-08-28,2025-08-28,CM,NSE,STK,30134,INE0I0M01023,PRABHA,EQ,,,,,PRABHA ENERGY LIMITED,242.3,248.8,242.3,245.15,242.65,246.5,,245.2,,,13838,3403154.35,606,F1,1,,,,,
2025-08-28,2025-08-28,CM,NSE,STK,2705,INE074A01025,PRAJIND,EQ,,,,,PRAJ INDUSTRIES LTD,399.8,403.9,394.9,395.75,395.95,399.45,,395.75,,,364710,145441077.1,17270,F1,1,,,,,
2025-08-28,2025-08-28,CM,NSE,STK,13941,INE505C01016,PRAENG,EQ,,,,,PRAJAY ENG. SYN. LTD.,23.9,25.8,22.9,23.52,23.68,23.63,,23.53,,,593058,14679736.92,2631,F1,1,,,,,
2025-08-28,2025-08-28,CM,NSE,STK,2708,INE603A01013,PRAKASH,EQ,,,,,PRAKASH INDUSTRIES LTD,160.0,160.3,156.5,157.1,157.14,159.88,,157.1,,,399764,63244663.72,6922,F1,1,,,,,
2025-08-28,2025-08-28,CM,NSE,STK,10297,INE050001010,PPL,EQ,,,,,PRAKASH PIPES LIMITED,318.3,335.4,311.0,314.1,313.1,321.95,,314.15,,,61508,19516248.1,3234,F1,1,,,,,
2025-08-28,2025-08-28,CM,NSE,STK,19599,INE696K01024,PRAKASHSTL,EQ,,,,,PRAKASH STEELAGE LTD,5.66,5.77,5.57,5.62,5.67,5.67,,5.62,,,111415,628331.05,627,F1,1,,,,,
2025-08-28,2025-08-28,CM,NSE,STK,18517,INE0O7A01017,PRAMARA,ST,,,,,PRAMARA PROMOTIONS LTD,245.0,250.0,244.5,249.0,249.9,248.5,,249.0,,,28000,6909400.0,20,F1,1000,,,,,
2025-08-28,2025-08-28,CM,NSE,STK,25818,INE0VJG01014,PRANIK,SM,,,,,PRANIK LOGISTICS LIMITED,75.1,78.5,75.0,78.5,78.5,78.0,,78.5,,,6400,488960.0,4,F1,1600,,,,,
2025-08-28,2025-08-28,CM,NSE,STK,21840,INE393P01035,DIAMONDYD,EQ,,,,,PRATAAP SNACKS LIMITED,909.6,921.05,898.95,900.65,903.95,909.6,,900.65,,,45862,41545692.65,2723,F1,1,,,,,
2025-08-28,2025-08-28,CM,NSE,STK,23113,INE0QA601016,PRATHAM,SM,,,,,PRATHAM EPC PROJECTS LTD,139.95,140.5,139.5,140.15,139.5,139.7,,140.15,,,4000,559880.0,8,F1,400,,,,,
2025-08-28,2025-08-28,CM,NSE,STK,1216,INE546Y01022,PRAXIS,BE,,,,,PRAXIS HOME RETAIL LTD,13.28,13.83,13.28,13.83,13.83,13.56,,13.81,,,711995,9539026.7,111,F1,1,,,,,
2025-08-28,2025-08-28,CM,NSE,STK,12603,INE484I01029,PRECAM,EQ,,,,,PRECISION CAMSHAFTS LTD.,175.5,175.5,170.0,170.63,170.49,174.07,,170.62,,,141399,24324425.86,4683,F1,1,,,,,
2025-08-28,2025-08-28,CM,NSE,STK,7963,INE0HKW01018,PRECISION,ST,,,,,PRECISION METALIKS LTD,23.0,24.0,23.0,24.0,24.0,24.2,,24.0,,,6000,140000.0,3,F1,2000,,,,,
2025-08-28,2025-08-28,CM,NSE,STK,2717,INE372C01037,PRECWIRE,EQ,,,,,PRECISION WIRES INDIA LTD,175.0,175.0,170.51,171.63,171.48,173.25,,171.62,,,64666,11116857.67,2948,F1,1,,,,,
2025-08-28,2025-08-28,CM,NSE,STK,5884,INE283A01014,PRECOT,BE,,,,,PRECOT LIMITED,466.1,495.9,466.1,473.3,470.5,488.3,,473.3,,,2527,1199555.35,59,F1,1,,,,,
2025-08-28,2025-08-28,CM,NSE,STK,25049,INE0BS701011,PREMIERENE,EQ,,,,,PREMIER ENERGIES LIMITED,1002.0,1030.0,996.4,1002.6,1003.5,1011.2,,1002.6,,,767641,776320673.4,37276,F1,1,,,,,
2025-08-28,2025-08-28,CM,NSE,STK,17397,INE863B01029,PREMEXPLN,EQ,,,,,PREMIER EXPLOSIVES LTD,497.9,506.95,491.0,494.75,493.05,501.7,,494.9,,,221964,110481245.15,12978,F1,1,,,,,
2025-08-28,2025-08-28,CM,NSE,STK,6248,INE342A01018,PREMIER,BE,,,,,PREMIER LIMITED,3.38,3.52,3.31,3.48,3.5,3.45,,3.42,,,3758,12921.17,25,F1,1,,,,,
2025-08-28,2025-08-28,CM,NSE,STK,3908,INE309M01020,PREMIERPOL,EQ,,,,,PREMIER POLYFILM LTD,51.4,51.4,48.1,49.0,49.57,50.05,,49.0,,,51334,2531673.08,1496,F1,1,,,,,
2025-08-28,2025-08-28,CM,NSE,STK,20498,INE0R1601012,PRESSTONIC,SM,,,,,PRESSTONIC ENGINEERING L,88.0,88.0,87.5,87.5,87.5,89.0,,87.5,,,2400,210800.0,3,F1,800,,,,,
2025-08-28,2025-08-28,CM,NSE,STK,20302,INE811K01011,PRESTIGE,EQ,,,,,PRESTIGE ESTATE LTD,1609.0,1610.0,1566.7,1579.9,1584.0,1609.0,,1579.9,,,743703,1176369935.4,45201,F1,1,,,,,
2025-08-28,2025-08-28,CM,NSE,STK,19631,INE726V01018,PRICOLLTD,EQ,,,,,PRICOL LIMITED,457.8,458.35,446.25,446.8,446.75,454.15,,446.8,,,271693,122462506.55,13157,F1,1,,,,,
2025-08-28,2025-08-28,CM,NSE,STK,13496,INE367G01038,PFOCUS,EQ,,,,,PRIME FOCUS LIMITED,146.48,147.29,143.08,143.95,143.3,146.16,,143.97,,,507406,73410467.07,5865,F1,1,,,,,
2025-08-28,2025-08-28,CM,NSE,STK,11864,INE032B01021,PRIMESECU,EQ,,,,,PRIME SECURITIES LIMITED,253.2,257.3,244.9,246.6,245.35,257.05,,246.6,,,16816,4206674.25,1121,F1,1,,,,,
2025-08-28,2025-08-28,CM,NSE,STK,756925,INE607A01022,PRIMO,EQ,,,,,PRIMO CHEMICALS LIMITED,26.2,26.99,25.85,26.02,25.85,26.35,,26.01,,,72828,1924444.68,653,F1,1,,,,,
2025-08-28,2025-08-28,CM,NSE,STK,16045,INE689W01016,PRINCEPIPE,EQ,,,,,PRINCE PIPES FITTINGS LTD,333.9,333.9,322.5,324.8,323.1,334.6,,324.8,,,95948,31451886.75,7091,F1,1,,,,,
2025-08-28,2025-08-28,CM,NSE,STK,2739,INE010A01011,PRSMJOHNSN,EQ,,,,,PRISM JOHNSON LIMITED,146.06,148.71,146.06,147.35,147.45,147.87,,147.35,,,64159,9459234.31,4046,F1,1,,,,,
2025-08-28,2025-08-28,CM,NSE,STK,8304,INE974Z01015,PRITI,EQ,,,,,PRITI INTERNATIONAL LTD,75.39,76.75,73.0,74.63,74.8,75.39,,74.63,,,29035,2192041.53,1877,F1,1,,,,,
2025-08-28,2025-08-28,CM,NSE,STK,5292,INE583R01029,PRITIKAUTO,EQ,,,,,PRITIKA AUTO INDUS LTD,18.04,18.47,17.26,17.56,17.55,18.03,,17.58,,,147238,2629121.88,872,F1,1,,,,,
2025-08-28,2025-08-28,CM,NSE,STK,12971,INE0MJQ01020,PRITIKA,SM,,,,,PRITIKA ENG COMPO LTD,86.0,89.85,85.0,88.15,88.85,87.9,,88.15,,,40000,3529200.0,9,F1,2000,,,,,
2025-08-28,2025-08-28,CM,NSE,STK,9346,INE392B01011,PNC,BE,,,,,PRITISH NANDY COMMUNICATI,28.61,28.76,27.12,27.29,27.5,28.54,,27.29,,,5798,159665.04,80,F1,1,,,,,
2025-08-28,2025-08-28,CM,NSE,STK,8825,INE959A01019,PRIVISCL,EQ,,,,,PRIVI SPECIALITY CHE LTD,2374.8,2380.9,2277.0,2295.6,2288.0,2403.6,,2295.7,,,112247,261772359.0,14808,F1,1,,,,,
2025-08-28,2025-08-28,CM,NSE,STK,24511,INE0V9N01017,PRIZOR,ST,,,,,PRIZOR VIZTECH LIMITED,283.0,283.0,276.0,276.0,276.0,278.5,,276.0,,,9600,2696800.0,8,F1,800,,,,,
2025-08-28,2025-08-28,CM,NSE,STK,757806,INE0VJT01017,PROFX,SM,,,,,PRO FX TECH LIMITED,111.0,114.9,110.75,110.85,110.75,110.75,,110.85,,,25600,2875440.0,13,F1,1600,,,,,
2025-08-28,2025-08-28,CM,NSE,STK,940,INE199A01012,PGHL,EQ,,,,,PROCTER & GAMBLE HEALTH L,6310.0,6357.0,6251.0,6298.5,6290.0,6310.0,,6298.5,,,10968,69135120.5,2253,F1,1,,,,,
2025-08-28,2025-08-28,CM,NSE,STK,19353,INE994V01012,PROLIFE,ST,,,,,PROLIFE INDUSTRIES LTD,132.2,132.2,132.1,132.15,132.1,138.1,,132.15,,,1000,132150.0,2,F1,500,,,,,
2025-08-28,2025-08-28,CM,NSE,STK,758173,INE0BX301013,PROSTARM,EQ,,,,,PROSTARM INFO SYSTEMS LTD,196.51,196.51,185.25,189.49,189.5,198.34,,189.49,,,1076222,204681794.54,13171,F1,1,,,,,
2025-08-28,2025-08-28,CM,NSE,STK,29472,INE004A01022,PROTEAN,EQ,,,,,PROTEAN EGOV TECHNO LTD,892.9,913.2,875.0,896.85,892.1,883.35,,896.85,,,2828909,2540682992.55,92641,F1,1,,,,,
2025-08-28,2025-08-28,CM,NSE,STK,28859,INE195N01013,PROZONER,EQ,,,,,PROZONE REALTY LIMITED,39.31,40.69,39.31,39.63,39.5,39.88,,39.62,,,315147,12575873.83,963,F1,1,,,,,
2025-08-28,2025-08-28,CM,NSE,STK,9553,INE00F201020,PRUDENT,EQ,,,,,PRUDENT CORP ADV SER LTD,2807.0,2844.0,2749.5,2834.0,2821.0,2838.4,,2834.1,,,14580,40753581.5,5815,F1,1,,,,,
2025-08-28,2025-08-28,CM,NSE,STK,20527,INE024D01016,PRUDMOULI,EQ,,,,,PRUDENTIAL SUGAR CORPORAT,36.05,38.8,36.05,38.29,36.95,36.58,,38.29,,,3700,137226.64,546,F1,1,,,,,
2025-08-28,2025-08-28,CM,NSE,STK,20877,INE488V01015,PSPPROJECT,EQ,,,,,PSP PROJECTS LIMITED,694.45,712.85,686.55,700.05,696.0,691.55,,700.1,,,164591,116232897.2,9032,F1,1,,,,,
2025-08-28,2025-08-28,CM,NSE,STK,22602,INE560K01014,PFS,EQ,,,,,PTC INDIA FIN SERV LTD,38.52,38.87,38.09,38.14,38.2,38.54,,38.14,,,379211,14535142.83,2406,F1,1,,,,,
2025-08-28,2025-08-28,CM,NSE,STK,11355,INE877F01012,PTC,EQ,,,,,PTC INDIA LIMITED,178.79,180.41,176.25,177.15,177.15,178.79,,177.15,,,876850,156444279.38,16585,F1,1,,,,,
2025-08-28,2025-08-28,CM,NSE,STK,16682,INE596F01018,PTCIL,EQ,,,,,PTC INDUSTRIES LIMITED,13973.0,14001.0,13664.0,13959.0,13883.0,13964.0,,13959.0,,,11842,164080091.0,3824,F1,1,,,,,
2025-08-28,2025-08-28,CM,NSE,STK,14101,INE034D01049,PTL,EQ,,,,,PTL ENTERPRISES LTD,40.0,40.18,39.6,39.73,39.87,39.92,,39.73,,,39265,1563567.62,550,F1,1,,,,,
2025-08-28,2025-08-28,CM,NSE,STK,15377,INE865T01018,PDMJEPAPER,EQ,,,,,PUDUMJEE PAPER PRO. LTD,139.99,140.0,133.91,134.63,134.5,137.9,,134.63,,,300050,40909374.98,5346,F1,1,,,,,
2025-08-28,2025-08-28,CM,NSE,STK,507,INE335X01014,PULZ,SM,,,,,PULZ ELECTRONICS LIMITED,41.8,41.95,41.0,41.95,41.95,42.0,,41.95,,,16000,659600.0,8,F1,2000,,,,,
2025-08-28,2025-08-28,CM,NSE,STK,21001,INE608A01012,PSB,EQ,,,,,PUNJAB & SIND BANK,28.2,28.34,27.51,27.66,27.6,28.2,,27.66,,,1219095,33862033.25,7938,F1,1,,,,,
2025-08-28,2025-08-28,CM,NSE,STK,4344,INE277B01014,PUNJABCHEM,EQ,,,,,PUNJAB CHEM & CROP PROT L,1156.6,1177.4,1125.1,1134.7,1137.9,1167.1,,1134.7,,,15347,17624048.2,2606,F1,1,,,,,
2025-08-28,2025-08-28,CM,NSE,STK,10666,INE160A01022,PNB,EQ,,,,,PUNJAB NATIONAL BANK,102.77,103.28,101.11,101.45,101.73,102.77,,101.45,,,13540127,1378599053.54,79447,F1,1,,,,,
2025-08-28,2025-08-28,CM,NSE,STK,14922,INE323I01011,PURVA,EQ,,,,,PURAVANKARA LIMITED,280.3,292.0,277.7,286.85,287.9,280.8,,286.85,,,260389,74802968.7,13817,F1,1,,,,,
2025-08-28,2025-08-28,CM,NSE,STK,28044,INE0P5R01014,PURPLEUTED,ST,,,,,PURPLE UNITED SALES LTD,370.0,388.9,370.0,388.9,388.9,386.0,,388.9,,,5000,1912900.0,5,F1,1000,,,,,
2025-08-28,2025-08-28,CM,NSE,STK,22938,INE0R6C01012,PURVFLEXI,SM,,,,,PURV FLEXIPACK LIMITED,76.5,80.0,76.5,78.9,79.0,76.5,,78.9,,,16800,1316800.0,17,F1,800,,,,,
2025-08-28,2025-08-28,CM,NSE,STK,757683,INE154801018,PUSHPA,SM,,,,,PUSHPA JEWELLERS LIMITED,140.05,141.45,139.0,141.45,141.45,142.5,,141.45,,,11000,1538900.0,10,F1,1000,,,,,
2025-08-28,2025-08-28,CM,NSE,STK,4010,INE362A01016,PVP,EQ,,,,,PVP VENTURES LIMITED,21.29,21.29,20.1,20.9,20.82,20.93,,20.9,,,175033,3631090.13,1116,F1,1,,,,,
2025-08-28,2025-08-28,CM,NSE,STK,13147,INE191H01014,PVRINOX,EQ,,,,,PVR INOX LIMITED,1129.75,1133.0,1113.1,1120.95,1125.0,1139.25,,1120.9,,,329989,370864266.35,26569,F1,1,,,,,
2025-08-28,2025-08-28,CM,NSE,STK,18250,INE0MIS01010,PYRAMID,EQ,,,,,PYRAMID TECHNOPLAST LTD,165.66,165.66,160.78,164.01,163.11,163.26,,164.06,,,47904,7839207.22,1140,F1,1,,,,,
2025-08-28,2025-08-28,CM,NSE,STK,11467,INE0FMW01018,QMSMEDI,SM,,,,,QMS MEDICAL ALLIED S LTD,86.0,86.0,83.4,83.4,83.4,84.7,,83.4,,,3000,255400.0,3,F1,1000,,,,,
2025-08-28,2025-08-28,CM,NSE,STK,29087,INE0LRY01011,QUADFUTURE,EQ,,,,,QUADRANT FUTURE TEK LTD,401.9,405.7,381.0,385.15,382.0,405.15,,385.15,,,202657,79809109.85,10235,F1,1,,,,,
2025-08-28,2025-08-28,CM,NSE,STK,29711,INE0SII01026,QPOWER,EQ,,,,,QUALITY POWER ELEC EQUP L,778.6,795.0,760.75,779.35,772.5,778.6,,779.45,,,402115,314212161.8,24435,F1,1,,,,,
2025-08-28,2025-08-28,CM,NSE,STK,15330,INF082J01408,QGOLDHALF,EQ,,,,,QUANTUM GOLD FUND,83.61,84.49,83.61,84.23,84.18,83.6,,84.23,,,97062,8165328.0,291,F1,1,,,,,
2025-08-28,2025-08-28,CM,NSE,STK,16819,INF082J01028,QNIFTY,EQ,,,,,QUANTUM NIFTY 50 ETF,2690.01,2696.0,2680.0,2684.69,2682.0,2696.72,,2684.51,,,193,518537.56,54,F1,1,,,,,
2025-08-28,2025-08-28,CM,NSE,STK,17704,INE615P01015,QUESS,EQ,,,,,QUESS CORP LIMITED,266.55,269.95,264.0,265.25,264.05,266.55,,265.25,,,106776,28411007.6,6819,F1,1,,,,,
2025-08-28,2025-08-28,CM,NSE,STK,23793,INE0TNW01017,QUESTLAB,SM,,,,,QUEST LABORATORIES LTD,98.75,99.75,98.7,99.05,98.7,98.7,,99.05,,,12000,1185720.0,10,F1,1200,,,,,
2025-08-28,2025-08-28,CM,NSE,STK,13116,INE306L01010,QUICKHEAL,EQ,,,,,QUICK HEAL TECH LTD,300.05,300.05,290.5,293.05,291.95,300.75,,293.0,,,50782,15029695.45,2827,F1,1,,,,,
2025-08-28,2025-08-28,CM,NSE,STK,15285,INE0K4D01020,QUICKTOUCH,SM,,,,,QUICKTOUCH TECHNOLOGIES L,46.05,46.05,46.05,46.05,46.05,46.05,,46.05,,,2000,92100.0,3,F1,500,,,,,
2025-08-28,2025-08-28,CM,NSE,STK,24957,INE0KZF01015,QVCEL,SM,,,,,QVC EXPORTS LIMITED,29.1,29.1,29.1,29.1,29.1,30.6,,29.1,,,1600,46560.0,1,F1,1600,,,,,
2025-08-28,2025-08-28,CM,NSE,STK,23043,INE0NQ801033,RKSWAMY,EQ,,,,,R K SWAMY LIMITED,155.45,155.45,150.51,150.91,150.51,153.17,,150.91,,,18851,2853391.2,1065,F1,1,,,,,
2025-08-28,2025-08-28,CM,NSE,STK,757834,INE219Y01018,RMDRIP,EQ,,,,,R M DRIP & SPRINK SYS LTD,722.95,750.0,704.1,712.5,710.0,722.95,,712.4,,,43919,32033626.75,3946,F1,1,,,,,
2025-08-28,2025-08-28,CM,NSE,STK,18566,INE777K01022,RRKABEL,EQ,,,,,R R KABEL LIMITED,1185.0,1205.2,1178.8,1197.9,1201.0,1194.1,,1197.9,,,48784,58297034.4,6088,F1,1,,,,,
2025-08-28,2025-08-28,CM,NSE,STK,13414,INE411H01032,RSYSTEMS,EQ,,,,,R SYS INTERNATIONAL LTD,465.5,466.0,445.5,448.3,447.0,465.4,,448.3,,,265402,120876983.2,10373,F1,1,,,,,
2025-08-28,2025-08-28,CM,NSE,STK,8426,INE165B01029,RSSOFTWARE,BE,,,,,R. S. SOFTWARE (INDIA) LI,74.55,74.55,73.5,73.5,73.5,73.14,,73.85,,,17277,1280604.51,88,F1,1,,,,,
2025-08-28,2025-08-28,CM,NSE,STK,20760,INE324L01013,RPPINFRA,EQ,,,,,R.P.P INFRA PROJECTS LTD,121.0,129.19,119.08,127.44,128.0,122.34,,127.42,,,160030,19982062.83,2963,F1,1,,,,,
2025-08-28,2025-08-28,CM,NSE,STK,15391,INE084Q01012,RACE,EQ,,,,,RACE ECO CHAIN LIMITED,230.51,233.0,228.43,230.58,233.0,230.82,,230.56,,,1343,309315.85,185,F1,1,,,,,
2025-08-28,2025-08-28,CM,NSE,STK,9857,INE02OY01016,RILINFRA,ST,,,,,RACHANA INFRA LTD,35.5,35.75,34.05,34.75,34.85,35.45,,34.75,,,13500,470430.0,69,F1,100,,,,,
2025-08-28,2025-08-28,CM,NSE,STK,27171,INE704B01017,RACLGEAR,EQ,,,,,RACL GEARTECH LIMITED,899.8,907.4,885.2,900.4,890.4,899.8,,898.6,,,8020,7189863.8,1391,F1,1,,,,,
2025-08-28,2025-08-28,CM,NSE,STK,10932,INE874F01027,RADAAN,EQ,,,,,RADAAN MEDIAWORKS (I) LTD,3.4,3.6,3.3,3.31,3.3,3.48,,3.31,,,36038,120666.34,193,F1,1,,,,,
2025-08-28,2025-08-28,CM,NSE,STK,10343,INE583V01021,RADHIKAJWE,EQ,,,,,RADHIKA JEWELTECH LIMITED,95.0,95.29,93.0,93.49,93.6,95.36,,93.5,,,355531,33429485.77,4829,F1,1,,,,,
2025-08-28,2025-08-28,CM,NSE,STK,13580,INE855R01021,RADIANTCMS,EQ,,,,,RADIANT CASH MGMT SER LTD,58.9,59.99,58.6,59.07,59.4,58.87,,59.07,,,189439,11211352.67,1839,F1,1,,,,,
2025-08-28,2025-08-28,CM,NSE,STK,10990,INE944F01028,RADICO,EQ,,,,,RADICO KHAITAN LTD,2905.0,2905.0,2830.0,2840.0,2845.0,2904.5,,2840.0,,,78575,224522417.2,12924,F1,1,,,,,
2025-08-28,2025-08-28,CM,NSE,STK,23442,INE430U01019,RADIOWALLA,SM,,,,,RADIOWALLA NETWORK LTD,62.45,62.45,60.0,60.0,60.0,60.25,,60.0,,,4800,292000.0,3,F1,1600,,,,,
2025-08-28,2025-08-28,CM,NSE,STK,24735,INE912T01018,RPEL,EQ,,,,,RAGHAV PRODUCTIVITY ENH L,567.1,588.5,567.1,571.2,577.0,574.15,,570.55,,,24704,14190922.25,2398,F1,1,,,,,
2025-08-28,2025-08-28,CM,NSE,STK,9552,INE415G01027,RVNL,EQ,,,,,RAIL VIKAS NIGAM LIMITED,316.0,318.15,307.0,308.65,308.05,312.7,,308.65,,,7594499,2377779493.1,89153,F1,1,,,,,
2025-08-28,2025-08-28,CM,NSE,STK,2431,INE0DD101019,RAILTEL,EQ,,,,,RAILTEL CORP OF IND LTD,343.15,344.0,335.0,336.3,335.2,343.35,,336.3,,,654732,221636951.55,17440,F1,1,,,,,
2025-08-28,2025-08-28,CM,NSE,STK,15337,INE855B01025,RAIN,EQ,,,,,RAIN INDUSTRIES LIMITED,140.25,140.64,135.45,136.09,135.96,140.55,,136.09,,,1507799,207812538.5,12642,F1,1,,,,,
2025-08-28,2025-08-28,CM,NSE,STK,9408,INE961O01016,RAINBOW,EQ,,,,,RAINBOW CHILDRENS MED LTD,1500.1,1503.0,1487.0,1496.2,1499.0,1507.8,,1496.2,,,49265,73640585.3,8459,F1,1,,,,,
2025-08-28,2025-08-28,CM,NSE,STK,366,INE294G01026,ROML,BE,,,,,RAJ OIL MILLS LIMITED,46.67,47.85,46.11,46.11,46.11,46.65,,46.38,,,511,23959.2,15,F1,1,,,,,
2025-08-28,2025-08-28,CM,NSE,STK,8428,INE533D01032,RAJRILTD,BE,,,,,RAJ RAYON INDUSTRIES LTD,26.06,26.45,25.5,25.53,25.89,25.94,,25.64,,,6674,173888.61,96,F1,1,,,,,
2025-08-28,2025-08-28,CM,NSE,STK,14403,INE952H01027,RAJTV,EQ,,,,,RAJ TV NETWORK LTD,42.49,43.44,41.1,41.41,41.9,42.33,,41.44,,,5519,230543.03,84,F1,1,,,,,
2025-08-28,2025-08-28,CM,NSE,STK,9499,INE610C01014,ARENTERP,BE,,,,,RAJDARSHAN INDUSTRIES LTD,47.95,47.95,45.57,46.1,46.1,47.96,,46.1,,,446,21042.61,11,F1,1,,,,,
2025-08-28,2025-08-28,CM,NSE,STK,7401,INE343B01030,RAJESHEXPO,EQ,,,,,RAJESH EXPORTS LTD,176.0,179.0,173.2,175.9,175.75,176.92,,175.9,,,428512,75495346.98,18219,F1,1,,,,,
2025-08-28,2025-08-28,CM,NSE,STK,19681,INE0BZQ01011,RCDL,SM,,,,,RAJGOR CASTOR DERIVATI L,22.15,22.9,22.15,22.9,22.9,24.0,,22.9,,,9000,203850.0,3,F1,3000,,,,,
2025-08-28,2025-08-28,CM,NSE,STK,2168,INE00KV01022,RAJMET,EQ,,,,,RAJNANDINI METAL LIMITED,4.55,4.56,4.45,4.48,4.48,4.48,,4.48,,,489412,2203617.89,1552,F1,1,,,,,
2025-08-28,2025-08-28,CM,NSE,STK,757049,INE535F01024,RAJOOENG,EQ,,,,,RAJOO ENGINEERS LIMITED,102.33,103.89,101.0,101.39,101.5,103.43,,101.37,,,329259,33628271.04,4977,F1,1,,,,,
2025-08-28,2025-08-28,CM,NSE,STK,27269,INE0VHU01019,RAJPUTANA,SM,,,,,RAJPUTANA BIODIESEL LTD,260.0,260.0,260.0,260.0,260.0,262.5,,260.0,,,500,130000.0,1,F1,500,,,,,
2025-08-28,2025-08-28,CM,NSE,STK,24707,INE0PCU01012,RAJINDLTD,SM,,,,,RAJPUTANA INDUSTRIES LTD,81.8,82.45,81.0,81.25,81.2,82.4,,81.25,,,18000,1467450.0,12,F1,1500,,,,,
2025-08-28,2025-08-28,CM,NSE,STK,18962,INE451D01029,RAJRATAN,EQ,,,,,RAJRATAN GLOBAL WIRE LTD,325.3,326.0,306.5,309.1,307.6,318.9,,309.1,,,79414,24834162.5,4182,F1,1,,,,,
2025-08-28,2025-08-28,CM,NSE,STK,6913,INE760W01023,RPPL,EQ,,,,,RAJSHREE POLYPACK LTD,21.6,22.62,21.6,22.41,22.49,22.11,,22.41,,,73652,1647728.22,1244,F1,1,,,,,
2025-08-28,2025-08-28,CM,NSE,STK,2809,INE562B01019,RAJSREESUG,EQ,,,,,RAJSHREE SUGAR & CHEMICAL,38.15,38.64,37.84,38.07,38.01,38.18,,38.08,,,14915,569297.51,257,F1,1,,,,,
2025-08-28,2025-08-28,CM,NSE,STK,2816,INE613A01020,RALLIS,EQ,,,,,RALLIS INDIA LTD,365.0,365.3,340.0,341.5,341.5,366.25,,341.5,,,1039026,362758598.4,38499,F1,1,,,,,
2025-08-28,2025-08-28,CM,NSE,STK,10485,INE207E01023,RAMRAT,EQ,,,,,RAM RATNA WIRES LIMITED,694.0,711.15,677.55,706.6,704.1,687.45,,706.6,,,38808,27291585.25,3194,F1,1,,,,,
2025-08-28,2025-08-28,CM,NSE,STK,10571,INE809A01032,RAMAPHO,BE,,,,,RAMA PHOSPHATES LIMITED,142.25,142.3,142.25,142.25,142.25,145.16,,142.33,,,1038,147658.05,19,F1,1,,,,,
2025-08-28,2025-08-28,CM,NSE,STK,10300,INE230R01035,RAMASTEEL,EQ,,,,,RAMA STEEL TUBES LIMITED,10.08,10.23,9.95,10.03,10.03,10.02,,10.03,,,7212873,72886080.96,12511,F1,1,,,,,
2025-08-28,2025-08-28,CM,NSE,STK,757777,INE14W901010,RTL,SM,,,,,RAMA TELECOM LIMITED,64.0,65.75,64.0,65.75,65.75,64.0,,65.75,,,8000,515500.0,4,F1,2000,,,,,
2025-08-28,2025-08-28,CM,NSE,STK,4587,INE614A01028,RAMCOIND,EQ,,,,,RAMCO INDUSTRIES LIMITED,309.0,310.8,304.2,306.2,306.0,311.5,,306.15,,,139860,42938509.75,6263,F1,1,,,,,
2025-08-28,2025-08-28,CM,NSE,STK,7869,INE246B01019,RAMCOSYS,BE,,,,,RAMCO SYSTEMS LTD,430.05,436.5,425.5,430.0,427.2,430.0,,429.85,,,26518,11406305.1,382,F1,1,,,,,
2025-08-28,2025-08-28,CM,NSE,STK,23565,INE0RJH01010,RBS,SM,,,,,RAMDEVBABA SOLVENT LTD,125.5,128.0,124.0,124.0,124.0,125.4,,124.0,,,9600,1204800.0,6,F1,1600,,,,,
2025-08-28,2025-08-28,CM,NSE,STK,11411,INE399G01023,RKFORGE,EQ,,,,,RAMKRISHNA FORGINGS LTD,563.0,577.45,560.0,572.8,575.0,565.1,,572.8,,,482141,275858031.1,21647,F1,1,,,,,
2025-08-28,2025-08-28,CM,NSE,STK,20134,INE874I01013,RAMKY,EQ,,,,,RAMKY INFRA LTD,562.5,574.15,552.9,556.1,555.55,570.6,,556.15,,,57861,32416858.25,4189,F1,1,,,,,
2025-08-28,2025-08-28,CM,NSE,STK,2837,INE625B01014,RANASUG,EQ,,,,,RANA SUGARS LTD.,14.2,14.47,14.02,14.18,14.24,14.2,,14.16,,,103547,1469068.41,505,F1,1,,,,,
2025-08-28,2025-08-28,CM,NSE,STK,11975,INE050H01012,RML,EQ,,,,,RANE (MADRAS) LIMITED,877.5,880.0,859.65,869.55,863.5,875.95,,869.55,,,9298,8092845.65,1642,F1,1,,,,,
2025-08-28,2025-08-28,CM,NSE,STK,2844,INE384A01010,RANEHOLDIN,EQ,,,,,RANE HOLDINGS LIMITED,1502.9,1515.0,1490.0,1498.5,1494.1,1509.4,,1498.1,,,5118,7691420.3,1307,F1,1,,,,,
2025-08-28,2025-08-28,CM,NSE,STK,22670,INE0J1F01024,RPTECH,EQ,,,,,RASHI PERIPHERALS LIMITED,282.5,284.0,278.05,282.9,283.0,282.8,,282.9,,,352528,99474823.45,8210,F1,1,,,,,
2025-08-28,2025-08-28,CM,NSE,STK,2866,INE027A01015,RCF,EQ,,,,,RASHTRIYA CHEMICALS & FER,151.39,152.69,149.1,149.92,150.0,151.95,,149.94,,,1068219,160681895.34,16063,F1,1,,,,,
2025-08-28,2025-08-28,CM,NSE,STK,7177,INE0CLI01024,RATEGAIN,EQ,,,,,RATEGAIN TRAVEL TECHN LTD,519.3,524.25,509.1,511.25,510.5,512.6,,511.25,,,469543,242516865.75,17783,F1,1,,,,,
2025-08-28,2025-08-28,CM,NSE,STK,13451,INE703B01027,RATNAMANI,EQ,,,,,RATNAMANI MET & TUB LTD.,2413.5,2413.5,2346.1,2378.8,2369.9,2393.2,,2378.8,,,12586,29911654.8,3159,F1,1,,,,,
2025-08-28,2025-08-28,CM,NSE,STK,18423,INE05CZ01011,RATNAVEER,EQ,,,,,RATNAVEER PRECISION ENG L,146.55,146.55,142.0,142.96,143.4,146.6,,142.97,,,90803,13086453.63,2086,F1,1,,,,,
2025-08-28,2025-08-28,CM,NSE,STK,27297,INE834M01019,RTNINDIA,EQ,,,,,RATTANINDIA ENT LIMITED,58.5,62.45,56.11,60.58,60.0,58.2,,60.58,,,83300812,5053811176.93,240530,F1,1,,,,,
2025-08-28,2025-08-28,CM,NSE,STK,17520,INE399K01017,RTNPOWER,EQ,,,,,RATTANINDIA POWER LIMITED,11.92,12.65,11.72,12.42,12.45,11.93,,12.42,,,56150262,692457401.47,47008,F1,1,,,,,
2025-08-28,2025-08-28,CM,NSE,STK,20950,INE722J01012,RKDL,EQ,,,,,RAVI KUMAR DIST. LTD.,26.5,27.28,25.91,26.77,26.51,26.62,,26.77,,,20410,544276.47,374,F1,1,,,,,
2025-08-28,2025-08-28,CM,NSE,STK,1565,INE09E501017,RVHL,EQ,,,,,RAVINDER HEIGHTS LIMITED,44.02,46.0,44.02,45.89,45.99,45.09,,45.89,,,7249,330673.84,154,F1,1,,,,,
2025-08-28,2025-08-28,CM,NSE,STK,24602,INE206N01018,RELTD,BE,,,,,RAVINDRA ENERGY LIMITED,141.0,141.45,137.0,137.66,139.0,138.05,,137.62,,,19073,2651145.3,326,F1,1,,,,,
2025-08-28,2025-08-28,CM,NSE,STK,25073,INE02ID01020,RAYMONDLSL,EQ,,,,,RAYMOND LIFESTYLE LIMITED,1130.6,1144.4,1111.4,1122.0,1119.0,1153.7,,1121.9,,,99887,112305995.5,10219,F1,1,,,,,
2025-08-28,2025-08-28,CM,NSE,STK,2859,INE301A01014,RAYMOND,EQ,,,,,RAYMOND LTD,616.0,616.0,601.2,606.05,607.8,618.8,,606.05,,,246463,149550943.65,16356,F1,1,,,,,
2025-08-28,2025-08-28,CM,NSE,STK,758551,INE1SY401010,RAYMONDREL,EQ,,,,,RAYMOND REALTY LIMITED,622.95,635.45,612.8,620.2,618.0,622.65,,620.2,,,117188,73025394.55,8626,F1,1,,,,,
2025-08-28,2025-08-28,CM,NSE,STK,18391,INE976G01028,RBLBANK,EQ,,,,,RBL BANK LIMITED,255.3,256.55,243.25,250.85,253.0,255.4,,250.85,,,51659384,12940811787.7,119030,F1,1,,,,,
2025-08-28,2025-08-28,CM,NSE,STK,13578,INE0NA301016,RBMINFRA,ST,,,,,RBM INFRACON LIMITED,448.0,448.0,442.1,442.1,442.1,451.05,,442.1,,,5000,2215020.0,25,F1,200,,,,,
2025-08-28,2025-08-28,CM,NSE,STK,20874,INE0PEQ01016,RBZJEWEL,EQ,,,,,RBZ JEWELLERS LIMITED,132.11,141.0,131.3,139.25,139.5,133.18,,139.24,,,176100,24285752.29,3124,F1,1,,,,,
2025-08-28,2025-08-28,CM,NSE,STK,29561,INE10QL01011,READYMIX,SM,,,,,READYMIX CONSTRU MACHI L,118.0,118.0,111.65,115.0,115.0,115.7,,115.0,,,30000,3450950.0,26,F1,1000,,,,,
2025-08-28,2025-08-28,CM,NSE,STK,15355,INE020B01018,RECLTD,EQ,,,,,REC LIMITED,364.0,364.4,354.15,354.9,355.0,363.55,,354.9,,,8466993,3030305217.95,122220,F1,1,,,,,
2025-08-28,2025-08-28,CM,NSE,STK,14255,INE891D01026,REDINGTON,EQ,,,,,REDINGTON LIMITED,233.1,237.9,231.3,235.15,235.5,233.5,,235.15,,,1265166,297167125.3,23590,F1,1,,,,,
2025-08-28,2025-08-28,CM,NSE,STK,17859,INE0LXT01019,REDTAPE,EQ,,,,,REDTAPE LIMITED,120.06,122.6,119.8,121.4,121.23,120.49,,121.41,,,178771,21735706.62,4997,F1,1,,,,,
2025-08-28,2025-08-28,CM,NSE,STK,17764,INE056I01025,REFEX,EQ,,,,,REFEX INDUSTRIES LIMITED,367.0,372.8,361.0,361.7,362.8,370.25,,361.75,,,139602,51047289.5,5608,F1,1,,,,,
2025-08-28,2025-08-28,CM,NSE,STK,23718,INE0TNX01015,REFRACTORY,SM,,,,,REFRACTORY SHAPES LIMITED,61.5,63.0,61.1,62.95,63.0,60.0,,62.95,,,33000,2067800.0,29,F1,1000,,,,,
2025-08-28,2025-08-28,CM,NSE,STK,758680,INE0MHO01029,REGAAL,EQ,,,,,REGAAL RESOURCES LIMITED,113.2,118.0,108.72,115.63,116.0,112.29,,115.66,,,7082344,809108613.48,52231,F1,1,,,,,
2025-08-28,2025-08-28,CM,NSE,STK,4130,INE277C01012,REGENCERAM,EQ,,,,,REGENCY CERAMICS LTD.,47.21,48.99,46.32,47.78,48.55,47.37,,47.78,,,606,29176.39,36,F1,1,,,,,
2025-08-28,2025-08-28,CM,NSE,STK,24225,INE131B01039,RELAXO,EQ,,,,,RELAXO FOOT LTD.,448.0,453.4,444.4,447.7,447.6,454.9,,447.7,,,123011,55308707.9,12453,F1,1,,,,,
2025-08-28,2025-08-28,CM,NSE,STK,3172,INF204KC1030,GILT5YBEES,EQ,,,,,RELCAPAMC - NETFGILT5Y,62.35,62.42,62.26,62.3,62.29,62.35,,62.3,,,271927,16941084.26,358,F1,1,,,,,
2025-08-28,2025-08-28,CM,NSE,STK,3022,INF204KC1022,SDL26BEES,EQ,,,,,RELCAPAMC-NETFSDL26,132.31,133.53,132.01,132.49,132.49,132.31,,132.49,,,695,92035.89,33,F1,1,,,,,
2025-08-28,2025-08-28,CM,NSE,STK,24378,INE375Y01018,RELIABLE,EQ,,,,,RELIABLE DATA SERVICE LTD,145.0,149.01,141.6,149.01,149.01,135.47,,148.92,,,664894,98629818.9,3852,F1,1,,,,,
2025-08-28,2025-08-28,CM,NSE,STK,9652,INE750D01016,RELCHEMQ,EQ,,,,,RELIANCE CHEMOTEX IND LTD,168.79,171.88,159.0,159.39,159.0,168.79,,159.41,,,21880,3559534.14,1051,F1,1,,,,,
2025-08-28,2025-08-28,CM,NSE,STK,13188,INE330H01018,RCOM,BE,,,,,RELIANCE COMMUNICATIONS L,1.62,1.69,1.54,1.57,1.57,1.63,,1.57,,,4220728,6686165.47,2548,F1,1,,,,,
2025-08-28,2025-08-28,CM,NSE,STK,21737,INE217K01011,RHFL,BE,,,,,RELIANCE HOME FINANCE LTD,4.72,5.07,4.72,4.95,5.0,4.93,,4.94,,,1852384,9060239.88,3988,F1,1,,,,,
2025-08-28,2025-08-28,CM,NSE,STK,2912,INE046A01015,RIIL,EQ,,,,,RELIANCE INDUSTRIAL INFRA,878.0,892.1,862.6,878.4,880.9,877.05,,878.4,,,74118,65129924.05,4945,F1,1,,,,,
2025-08-28,2025-08-28,CM,NSE,STK,2885,INE002A01018,RELIANCE,EQ,,,,,RELIANCE INDUSTRIES LTD,1389.9,1392.2,1366.5,1385.9,1390.9,1384.9,,1385.9,,,13161813,18173599832.0,252423,F1,1,,,,,
2025-08-28,2025-08-28,CM,NSE,STK,4791,INE036A01016,RELINFRA,BE,,,,,RELIANCE INFRASTRUCTU LTD,270.0,277.9,269.1,273.05,272.4,267.05,,273.15,,,1065425,291671258.65,10146,F1,1,,,,,
2025-08-28,2025-08-28,CM,NSE,STK,15261,INE614G01033,RPOWER,BE,,,,,RELIANCE POWER LTD.,44.5,46.24,43.75,45.18,45.1,44.73,,45.19,,,11710855,529145802.73,42433,F1,1,,,,,
2025-08-28,2025-08-28,CM,NSE,STK,15068,INE621H01010,RELIGARE,EQ,,,,,RELIGARE ENTER. LTD.,239.0,241.15,229.95,237.0,236.6,237.7,,236.95,,,3379328,795386585.55,30374,F1,1,,,,,
2025-08-28,2025-08-28,CM,NSE,STK,3965,INE474C01023,REMSONSIND,EQ,,,,,REMSONS INDUSTRIES LTD,116.01,125.95,115.98,120.17,120.01,116.96,,120.15,,,223935,27253735.02,5179,F1,1,,,,,
2025-08-28,2025-08-28,CM,NSE,STK,16154,INE0O5T01011,REMUS,SM,,,,,REMUS PHARMACEUTICALS L,905.0,925.0,886.0,893.3,889.0,928.65,,893.3,,,3500,3144180.0,22,F1,100,,,,,
2025-08-28,2025-08-28,CM,NSE,STK,15129,INE722H01024,RGL,EQ,,,,,RENAISSANCE GLOBAL LTD,111.25,111.6,108.5,109.0,108.51,112.66,,109.0,,,157205,17240825.38,2025,F1,1,,,,,
2025-08-28,2025-08-28,CM,NSE,STK,758157,INE0VZX01015,RNPL,SM,,,,,RENOL POLYCHEM LIMITED,71.0,71.0,70.75,71.0,71.0,71.0,,71.0,,,4800,340500.0,4,F1,1200,,,,,
2025-08-28,2025-08-28,CM,NSE,STK,29598,INE612J01015,REPCOHOME,EQ,,,,,REPCO HOME FINANCE LTD,354.5,356.95,345.15,346.7,346.95,357.8,,346.7,,,244732,85532976.95,10665,F1,1,,,,,
2025-08-28,2025-08-28,CM,NSE,STK,13126,INE461B01014,REPRO,EQ,,,,,REPRO INDIA LIMITED,470.0,477.4,470.0,473.5,470.1,473.6,,473.5,,,1053,498467.9,252,F1,1,,,,,
2025-08-28,2025-08-28,CM,NSE,STK,20323,INE688D01026,RESPONIND,EQ,,,,,RESPONSIVE INDUSTRIES LTD,198.0,198.0,192.33,193.02,192.53,197.15,,193.05,,,30932,6007978.91,1384,F1,1,,,,,
2025-08-28,2025-08-28,CM,NSE,STK,1494,INE07T201019,RBA,EQ,,,,,RESTAURANT BRAND ASIA LTD,78.61,80.8,76.51,79.82,79.44,77.76,,79.82,,,1068656,84567774.86,14161,F1,1,,,,,
2025-08-28,2025-08-28,CM,NSE,STK,25157,INE0DAB01012,RVTH,EQ,,,,,REVATHI EQUIPMENT INDIA L,820.0,837.85,820.0,829.0,830.95,820.8,,829.4,,,458,380499.35,128,F1,1,,,,,
2025-08-28,2025-08-28,CM,NSE,STK,5312,INE00D001018,REXPIPES,ST,,,,,REX PIPES AND CABLES LTD,155.3,155.9,155.3,155.65,155.9,148.5,,155.65,,,56000,8715400.0,18,F1,2000,,,,,
2025-08-28,2025-08-28,CM,NSE,STK,29270,INE113601012,REXPRO,SM,,,,,REXPRO ENTERPRISES LTD,80.8,81.4,80.5,81.4,81.4,81.0,,81.4,,,4000,324050.0,4,F1,1000,,,,,
2025-08-28,2025-08-28,CM,NSE,STK,31163,INE743M01012,RHIM,EQ,,,,,RHI MAGNESITA INDIA LTD,472.0,478.0,463.8,473.9,472.25,472.25,,473.9,,,145330,68738352.95,10067,F1,1,,,,,
2025-08-28,2025-08-28,CM,NSE,STK,2909,INE209B01025,RICOAUTO,EQ,,,,,RICO AUTO INDUSTRIES LTD,88.05,93.1,87.36,90.43,90.6,88.14,,90.45,,,3792867,343595749.48,19081,F1,1,,,,,
2025-08-28,2025-08-28,CM,NSE,STK,18417,INE0N2P01017,RISHABH,EQ,,,,,RISHABH INSTRUMENTS LTD,412.1,423.75,404.05,406.35,409.85,411.6,,406.35,,,141872,58642872.45,5550,F1,1,,,,,
2025-08-28,2025-08-28,CM,NSE,STK,8944,INE01EG01016,RITCO,EQ,,,,,RITCO LOGISTICS LIMITED,275.0,283.0,270.0,278.95,277.0,271.6,,278.95,,,50129,13875350.0,1414,F1,1,,,,,
2025-08-28,2025-08-28,CM,NSE,STK,11910,INE0MRA01019,RITEZONE,SM,,,,,RITE ZONE CHEMCON IND LTD,28.75,28.75,28.75,28.75,28.75,26.35,,28.75,,,1600,46000.0,1,F1,1600,,,,,
2025-08-28,2025-08-28,CM,NSE,STK,3761,INE320J01015,RITES,EQ,,,,,RITES LIMITED,250.25,250.8,243.75,244.35,244.7,250.25,,244.35,,,316686,77896115.35,14588,F1,1,,,,,
2025-08-28,2025-08-28,CM,NSE,STK,1547,INE786W01010,RKEC,EQ,,,,,RKEC PROJECTS LIMITED,61.75,71.05,61.75,67.14,67.7,62.63,,67.14,,,256989,17470398.79,3462,F1,1,,,,,
2025-08-28,2025-08-28,CM,NSE,STK,24589,INE0SA001017,RNFI,SM,,,,,RNFI SERVICES LIMITED,304.5,314.0,300.0,300.7,300.0,305.8,,300.7,,,76800,23506590.0,106,F1,600,,,,,
2025-08-28,2025-08-28,CM,NSE,STK,15157,INE508K01013,RHL,EQ,,,,,ROBUST HOTELS LIMITED,274.55,289.85,274.55,286.5,283.25,291.35,,285.75,,,1826,522061.55,144,F1,1,,,,,
2025-08-28,2025-08-28,CM,NSE,STK,20289,INE0PTR01012,ROCKINGDCE,SM,,,,,ROCKINGDEALS CIRCU ECO L,228.0,228.0,210.65,210.65,210.65,227.1,,210.65,,,750,164812.5,3,F1,250,,,,,
2025-08-28,2025-08-28,CM,NSE,STK,5279,INE645S01016,ROLEXRINGS,EQ,,,,,ROLEX RINGS LIMITED,1361.1,1410.4,1360.0,1394.6,1399.9,1376.2,,1394.8,,,18670,25921862.1,4306,F1,1,,,,,
2025-08-28,2025-08-28,CM,NSE,STK,19108,INE927A01040,ROLLT,BE,,,,,ROLLATAINERS LIMITED,1.38,1.44,1.31,1.31,1.32,1.38,,1.32,,,184814,248392.32,116,F1,1,,,,,
2025-08-28,2025-08-28,CM,NSE,STK,6258,INE293A01013,ROLTA,BZ,,,,,ROLTA INDIA LTD,2.12,2.12,2.02,2.05,2.03,2.07,,2.05,,,57465,117508.71,67,F1,1,,,,,
2025-08-28,2025-08-28,CM,NSE,STK,19410,INE02A801020,ROSSARI,EQ,,,,,ROSSARI BIOTECH LIMITED,618.55,621.9,611.4,617.25,617.8,618.55,,617.2,,,23633,14585465.95,3496,F1,1,,,,,
2025-08-28,2025-08-28,CM,NSE,STK,28913,INE847C01020,ROSSELLIND,EQ,,,,,ROSSELL INDIA LIMITED,66.82,66.82,64.81,65.06,65.0,66.82,,65.06,,,12993,849537.14,380,F1,1,,,,,
2025-08-28,2025-08-28,CM,NSE,STK,27353,INE0OJW01016,ROSSTECH,EQ,,,,,ROSSELL TECHSYS LIMITED,648.0,686.5,639.45,673.2,674.7,651.25,,673.2,,,143083,95707156.75,12871,F1,1,,,,,
2025-08-28,2025-08-28,CM,NSE,STK,9049,INE535D01037,ROTO,EQ,,,,,ROTO PUMPS LIMITED,83.7,84.5,82.4,82.55,82.5,83.26,,82.55,,,200218,16646031.78,3439,F1,1,,,,,
2025-08-28,2025-08-28,CM,NSE,STK,128,INE450U01017,ROUTE,EQ,,,,,ROUTE MOBILE LIMITED,859.2,862.3,850.0,855.45,856.0,860.45,,855.45,,,69863,59700612.7,6210,F1,1,,,,,
2025-08-28,2025-08-28,CM,NSE,STK,20167,INE0PDJ01013,ROXHITECH,SM,,,,,ROX HI TECH LIMITED,45.65,46.6,45.5,45.5,45.5,45.65,,45.5,,,17600,804880.0,11,F1,1600,,,,,
2025-08-28,2025-08-28,CM,NSE,STK,29727,INE0EO401019,ROYALARC,SM,,,,,ROYAL ARC ELECTRODES LTD,147.0,147.0,141.05,144.0,144.0,147.05,,144.0,,,31200,4424340.0,13,F1,1200,,,,,
2025-08-28,2025-08-28,CM,NSE,STK,13182,INE283H01019,ROHLTD,EQ,,,,,ROYAL ORCHID HOTELS LTD,500.0,535.0,494.25,526.7,518.0,502.1,,526.7,,,1505001,787258869.6,33168,F1,1,,,,,
2025-08-28,2025-08-28,CM,NSE,STK,16725,INE105J01010,RPGLIFE,EQ,,,,,RPG LIFE SCIENCES LTD,2301.5,2347.3,2264.3,2325.8,2311.2,2301.6,,2325.6,,,13005,30187427.7,3182,F1,1,,,,,
2025-08-28,2025-08-28,CM,NSE,STK,8119,INE425Y01011,RPSGVENT,EQ,,,,,RPSG VENTURES LIMITED,878.0,889.45,867.0,872.7,879.95,883.6,,872.6,,,36649,32182003.25,4659,F1,1,,,,,
2025-08-28,2025-08-28,CM,NSE,STK,2794,INE611A01016,RSWM,EQ,,,,,RSWM LIMITED,149.0,153.95,148.11,151.04,150.25,149.26,,151.04,,,20518,3087367.23,867,F1,1,,,,,
2025-08-28,2025-08-28,CM,NSE,STK,24730,INE642C01025,RUBFILA,EQ,,,,,RUBFILA INTERNATIONAL LTD,75.75,79.45,75.0,78.04,78.0,75.0,,78.05,,,158271,12284230.21,2776,F1,1,,,,,
2025-08-28,2025-08-28,CM,NSE,STK,8423,INE413B01023,RUCHINFRA,BE,,,,,RUCHI INFRASTRUCTURE LTD,7.65,7.65,7.26,7.38,7.3,7.56,,7.4,,,67832,513666.77,127,F1,1,,,,,
2025-08-28,2025-08-28,CM,NSE,STK,13821,INE803H01014,RUCHIRA,EQ,,,,,RUCHIRA PAPERS LIMITED,147.0,147.84,143.99,144.71,144.7,146.84,,144.72,,,89231,12965533.28,2022,F1,1,,,,,
2025-08-28,2025-08-28,CM,NSE,STK,1480,INE364Z01019,REPL,EQ,,,,,RUDRABHISHEK ENTERP LTD,165.0,167.18,160.55,161.93,161.7,166.26,,161.93,,,8127,1329431.26,341,F1,1,,,,,
2025-08-28,2025-08-28,CM,NSE,STK,23830,INE0R7301013,RULKA,SM,,,,,RULKA ELECTRICALS LIMITED,131.5,132.55,128.0,132.05,132.55,128.05,,132.05,,,6600,865215.0,22,F1,300,,,,,
2025-08-28,2025-08-28,CM,NSE,STK,25724,INE895B01021,RUPA,EQ,,,,,RUPA & COMPANY LTD,190.9,193.78,188.6,189.29,188.61,192.36,,189.28,,,183366,34957639.39,5575,F1,1,,,,,
2025-08-28,2025-08-28,CM,NSE,STK,24595,INE573K01025,RUSHIL,EQ,,,,,RUSHIL DECOR LIMITED,22.82,26.35,21.69,25.83,24.98,23.03,,25.85,,,7468893,189775281.96,17581,F1,1,,,,,
2025-08-28,2025-08-28,CM,NSE,STK,24674,INE0BSN01013,SATECH,SM,,,,,S A TECH SOFTWARE INDIA L,57.25,57.3,55.55,56.7,57.3,56.15,,56.7,,,6000,339850.0,6,F1,1000,,,,,
2025-08-28,2025-08-28,CM,NSE,STK,20698,INE807K01035,SCHAND,EQ,,,,,S CHAND AND COMPANY LTD,193.1,196.34,192.24,194.26,193.06,193.92,,194.25,,,23889,4642854.46,854,F1,1,,,,,
2025-08-28,2025-08-28,CM,NSE,STK,25528,INE0X6F01017,SDREAMS,SM,,,,,S D RETAIL LIMITED,133.2,137.45,133.0,134.65,134.65,133.2,,134.65,,,28000,3755450.0,10,F1,1000,,,,,
2025-08-28,2025-08-28,CM,NSE,STK,11212,INE500L01026,SHK,EQ,,,,,S H KELKAR AND CO. LTD.,239.2,241.15,229.4,235.7,235.5,240.65,,235.7,,,973521,229167487.5,20125,F1,1,,,,,
2025-08-28,2025-08-28,CM,NSE,STK,20542,INE0F3301020,SJLOGISTIC,SM,,,,,S J LOGISTICS (INDIA) LTD,390.05,411.0,380.1,408.35,409.5,397.15,,408.35,,,38500,15443900.0,141,F1,250,,,,,
2025-08-28,2025-08-28,CM,NSE,STK,8733,INE902B01017,S&SPOWER,BE,,,,,S&S POWER SWITCHGEARS,392.35,400.0,375.3,376.3,382.0,392.35,,377.75,,,1557,592008.45,63,F1,1,,,,,
2025-08-28,2025-08-28,CM,NSE,STK,18252,INE212I01016,SPAL,EQ,,,,,S. P. APPARELS LIMITED,702.0,739.95,690.2,736.25,739.95,712.3,,736.25,,,59824,43110939.75,6867,F1,1,,,,,
2025-08-28,2025-08-28,CM,NSE,STK,11634,INE658G01014,SALSTEEL,EQ,,,,,S.A.L. STEEL LTD.,17.15,18.19,16.85,17.56,17.7,17.23,,17.56,,,127591,2226784.23,1081,F1,1,,,,,
2025-08-28,2025-08-28,CM,NSE,STK,19112,INE0PSK01027,SAAKSHI,ST,,,,,SAAKSHI MEDTEC N PANELS L,184.0,184.0,178.5,180.0,180.0,186.75,,180.0,,,23400,4238880.0,25,F1,600,,,,,
2025-08-28,2025-08-28,CM,NSE,STK,18501,INE860T01019,SABEVENTS,BE,,,,,SAB EVENTS & GOVERNANCE,6.0,6.0,5.88,5.88,5.88,6.0,,5.88,,,9591,56443.08,17,F1,1,,,,,
2025-08-28,2025-08-28,CM,NSE,STK,10982,INE0DZ101013,SABAR,SM,,,,,SABAR FLEX INDIA LIMITED,7.25,7.25,6.65,7.25,7.25,6.6,,7.25,,,650000,4667500.0,101,F1,5000,,,,,
2025-08-28,2025-08-28,CM,NSE,STK,757409,INE1ARD01016,SACHEEROME,SM,,,,,SACHEEROME LIMITED,204.8,210.0,199.0,202.2,201.1,198.1,,202.2,,,166800,34285980.0,135,F1,1200,,,,,
2025-08-28,2025-08-28,CM,NSE,STK,13236,INE226H01026,SADBHAV,EQ,,,,,SADBHAV ENGINEERING LTD,14.81,15.48,14.81,14.81,14.81,15.59,,14.81,,,956322,14304758.26,1310,F1,1,,,,,
2025-08-28,2025-08-28,CM,NSE,STK,10622,INE764L01010,SADBHIN,BE,,,,,SADBHAV INFRA PROJ LTD.,3.95,4.16,3.95,4.05,4.05,4.16,,4.04,,,504143,1999921.26,271,F1,1,,,,,
2025-08-28,2025-08-28,CM,NSE,STK,15349,INE888C01040,SADHNANIQ,BE,,,,,SADHANA NITROCHEM LIMITED,8.0,8.0,8.0,8.0,8.0,7.62,,8.06,,,139441,1115528.0,108,F1,1,,,,,
2025-08-28,2025-08-28,CM,NSE,STK,22900,INE0K5H01010,SADHAV,ST,,,,,SADHAV SHIPPING LIMITED,125.0,125.8,114.8,124.3,123.45,120.8,,124.3,,,67200,8157630.0,66,F1,600,,,,,
2025-08-28,2025-08-28,CM,NSE,STK,13035,INE429E01023,SAFARI,EQ,,,,,SAFARI IND (INDIA) LTD,2119.6,2139.8,2100.1,2110.2,2107.1,2119.6,,2110.2,,,10243,21710304.1,3165,F1,1,,,,,
2025-08-28,2025-08-28,CM,NSE,STK,757583,INE17D601016,SAFEENTP,SM,,,,,SAFE ENTER RETAIL FIX LTD,188.0,195.4,188.0,190.3,189.2,192.95,,190.3,,,40000,7682200.0,31,F1,1000,,,,,
2025-08-28,2025-08-28,CM,NSE,STK,14068,INE229C01021,SAGCEM,EQ,,,,,SAGAR CEMENTS LIMITED,254.8,259.9,249.99,255.62,254.1,252.78,,255.62,,,313230,79912367.29,5226,F1,1,,,,,
2025-08-28,2025-08-28,CM,NSE,STK,8175,INE976T01013,SAGARDEEP,EQ,,,,,SAGARDEEP ALLOYS LIMITED,28.99,28.99,27.36,28.28,27.51,27.94,,28.28,,,7420,209312.94,58,F1,1,,,,,
2025-08-28,2025-08-28,CM,NSE,STK,27052,INE0W2G01015,SAGILITY,EQ,,,,,SAGILITY INDIA LIMITED,45.89,45.89,44.0,44.12,44.08,45.8,,44.12,,,26115463,1164400256.03,61168,F1,1,,,,,
2025-08-28,2025-08-28,CM,NSE,STK,24478,INE0P4701011,SAHAJSOLAR,SM,,,,,SAHAJ SOLAR LIMITED,243.5,252.8,242.1,247.0,247.0,248.2,,247.0,,,13200,3257080.0,33,F1,400,,,,,
2025-08-28,2025-08-28,CM,NSE,STK,16711,INE0LEX01011,SAHANA,SM,,,,,SAHANA SYSTEM LIMITED,1180.15,1204.0,1180.0,1198.35,1186.2,1197.75,,1198.35,,,5625,6721993.75,34,F1,125,,,,,
2025-08-28,2025-08-28,CM,NSE,STK,25668,INE0RBQ01018,SAHASRA,SM,,,,,SAHASRA ELECTRONIC SOLU L,277.0,283.5,267.0,270.1,269.05,284.0,,270.1,,,38400,10473240.0,95,F1,400,,,,,
2025-08-28,2025-08-28,CM,NSE,STK,14900,INE280H01015,SAHYADRI,EQ,,,,,SAHYADRI INDUSTRIES LTD,262.05,262.55,247.0,248.25,247.3,259.0,,248.6,,,9203,2325046.05,827,F1,1,,,,,
2025-08-28,2025-08-28,CM,NSE,STK,27839,INE570L01029,SAILIFE,EQ,,,,,SAI LIFE SCIENCES LIMITED,855.05,860.35,813.4,816.05,822.0,861.1,,816.05,,,2657609,2206319078.1,90468,F1,1,,,,,
2025-08-28,2025-08-28,CM,NSE,STK,18755,INE438K01021,KALAMANDIR,EQ,,,,,SAI SILKS (KALAMANDIR) L,186.69,186.69,174.0,175.55,175.02,187.24,,175.56,,,618830,111291461.35,13526,F1,1,,,,,
2025-08-28,2025-08-28,CM,NSE,STK,25712,INE00MT01022,SAJHOTELS,SM,,,,,SAJ HOTELS LIMITED,58.5,61.0,58.5,61.0,61.0,59.55,,61.0,,,12000,716200.0,6,F1,2000,,,,,
2025-08-28,2025-08-28,CM,NSE,STK,9540,INE732S01012,SAKAR,BE,,,,,SAKAR HEALTHCARE LIMITED,327.0,335.0,327.0,330.7,331.5,331.95,,330.7,,,14051,4686880.25,86,F1,1,,,,,
2025-08-28,2025-08-28,CM,NSE,STK,11794,INE667G01023,SAKSOFT,EQ,,,,,SAKSOFT LIMITED,215.15,215.36,209.2,209.76,209.99,215.02,,209.76,,,174200,36736925.49,8995,F1,1,,,,,
2025-08-28,2025-08-28,CM,NSE,STK,2969,INE623A01011,SAKHTISUG,EQ,,,,,SAKTHI SUGARS LTD,21.5,21.59,21.05,21.2,21.11,21.22,,21.2,,,60749,1297187.6,420,F1,1,,,,,
2025-08-28,2025-08-28,CM,NSE,STK,13251,INE190H01024,SAKUMA,EQ,,,,,SAKUMA EXPORTS LIMITED,2.64,2.65,2.54,2.56,2.57,2.64,,2.56,,,1416906,3656060.26,1767,F1,1,,,,,
2025-08-28,2025-08-28,CM,NSE,STK,21362,INE170V01027,SALASAR,EQ,,,,,SALASAR TECHNO ENGG. LTD.,7.35,7.55,7.33,7.37,7.36,7.58,,7.37,,,2737304,20382001.24,5113,F1,1,,,,,
2025-08-28,2025-08-28,CM,NSE,STK,17351,INE498E01010,SALONA,EQ,,,,,SALONA COTSPIN LTD.,235.0,244.6,230.1,242.55,242.0,237.85,,242.55,,,271,64165.7,54,F1,1,,,,,
2025-08-28,2025-08-28,CM,NSE,STK,11399,INE457F01013,SALZERELEC,EQ,,,,,SALZER ELECTRONICS LTD,819.95,824.0,809.3,819.75,815.2,815.75,,819.75,,,36915,30228938.45,2774,F1,1,,,,,
2025-08-28,2025-08-28,CM,NSE,STK,756848,INE124101010,SAMAY,SM,,,,,SAMAY PROJECT SERVICES L,32.0,32.0,31.8,31.8,31.8,31.8,,31.8,,,8000,255200.0,2,F1,4000,,,,,
2025-08-28,2025-08-28,CM,NSE,STK,4127,INE699B01027,SAMBHAAV,EQ,,,,,SAMBHAAV MEDIA LTD,6.5,6.9,6.5,6.51,6.53,6.63,,6.51,,,34958,233349.12,211,F1,1,,,,,
2025-08-28,2025-08-28,CM,NSE,STK,757767,INE12NJ01018,SAMBHV,EQ,,,,,SAMBHV STEEL TUBES LTD,123.0,124.59,120.51,122.54,121.5,121.95,,122.54,,,1123681,137543098.57,14096,F1,1,,,,,
2025-08-28,2025-08-28,CM,NSE,STK,18614,INE08U801020,SAMHI,EQ,,,,,SAMHI HOTELS LIMITED,208.49,210.81,205.0,206.04,206.0,208.16,,206.03,,,1158722,240248991.81,28865,F1,1,,,,,
2025-08-28,2025-08-28,CM,NSE,STK,30125,INE148I01020,SAMMAANCAP,EQ,,,,,SAMMAAN CAPITAL LIMITED,119.15,119.59,116.7,117.97,118.4,118.43,,117.97,,,5833995,687474829.98,30280,F1,1,,,,,
2025-08-28,2025-08-28,CM,NSE,STK,27303,INE735M01018,SAMPANN,EQ,,,,,SAMPANN UTPADAN INDIA LTD,31.03,31.41,29.01,29.35,29.3,31.56,,29.38,,,68421,2049849.07,1506,F1,1,,,,,
2025-08-28,2025-08-28,CM,NSE,STK,4204,INE775A01035,MOTHERSON,EQ,,,,,SAMVRDHNA MTHRSN INTL LTD,93.0,93.3,91.95,92.11,92.35,92.96,,92.11,,,13098197,1211331600.75,67544,F1,1,,,,,
2025-08-28,2025-08-28,CM,NSE,STK,28805,INE0JPD01013,SANATHAN,EQ,,,,,SANATHAN TEXTILES LIMITED,506.55,509.0,496.35,505.4,503.3,508.8,,505.4,,,24498,12346442.25,1633,F1,1,,,,,
2025-08-28,2025-08-28,CM,NSE,STK,2988,INE583B01015,SANDESH,EQ,,,,,SANDESH LTD,1220.1,1225.8,1210.8,1212.2,1216.1,1212.3,,1211.2,,,647,787668.0,156,F1,1,,,,,
2025-08-28,2025-08-28,CM,NSE,STK,2397,INE278H01035,SANDHAR,EQ,,,,,SANDHAR TECHNOLOGIES LTD,427.0,434.0,420.45,426.15,427.0,430.7,,426.15,,,45351,19415976.3,4430,F1,1,,,,,
2025-08-28,2025-08-28,CM,NSE,STK,18359,INE149K01016,SANDUMA,EQ,,,,,SANDUR MANG & IRON ORES L,430.0,441.9,424.1,434.0,434.9,429.8,,434.0,,,193911,83812430.5,8765,F1,1,,,,,
2025-08-28,2025-08-28,CM,NSE,STK,4184,INE495C01010,SANGAMIND,EQ,,,,,SANGAM (INDIA) LTD,345.3,380.0,341.55,372.6,372.0,345.3,,372.6,,,245401,90530022.25,12915,F1,1,,,,,
2025-08-28,2025-08-28,CM,NSE,STK,2997,INE999B01013,SANGHIIND,EQ,,,,,SANGHI INDUSTRIES LTD,64.0,64.51,62.6,62.95,63.42,64.36,,62.96,,,142552,8999627.94,1587,F1,1,,,,,
2025-08-28,2025-08-28,CM,NSE,STK,14058,INE989A01032,SANGHVIMOV,EQ,,,,,SANGHVI MOVERS LTD,343.05,345.35,327.65,330.0,329.1,345.75,,330.05,,,493451,166380014.65,15576,F1,1,,,,,
2025-08-28,2025-08-28,CM,NSE,STK,11032,INE753W01010,SANGINITA,EQ,,,,,SANGINITA CHEMICALS LTD,9.99,9.99,9.53,9.74,9.77,9.78,,9.74,,,8036,78606.6,117,F1,1,,,,,
2025-08-28,2025-08-28,CM,NSE,STK,25222,INE0UOS01011,SANOFICONR,EQ,,,,,SANOFI CONS HEALTHC IND L,5126.6,5179.7,5067.6,5097.4,5094.3,5126.6,,5097.4,,,1308,6709717.9,600,F1,1,,,,,
2025-08-28,2025-08-28,CM,NSE,STK,1442,INE058A01010,SANOFI,EQ,,,,,SANOFI INDIA LIMITED,5150.0,5150.0,5025.5,5110.0,5119.5,5104.0,,5110.0,,,6037,30779840.0,2094,F1,1,,,,,
2025-08-28,2025-08-28,CM,NSE,STK,5751,INE953O01021,SANSERA,EQ,,,,,SANSERA ENGINEERING LTD,1245.0,1288.4,1245.0,1259.1,1259.9,1252.6,,1259.2,,,25464,32288726.1,5804,F1,1,,,,,
2025-08-28,2025-08-28,CM,NSE,STK,24582,INE08NE01025,SANSTAR,EQ,,,,,SANSTAR LIMITED,82.12,82.14,80.3,80.99,81.0,81.74,,80.99,,,609880,49430390.76,10808,F1,1,,,,,
2025-08-28,2025-08-28,CM,NSE,STK,46,INE890C01046,SANWARIA,BZ,,,,,SANWARIA CONSUMER LIMITED,0.34,0.35,0.33,0.34,0.34,0.34,,0.34,,,535278,184926.98,155,F1,1,,,,,
2025-08-28,2025-08-28,CM,NSE,STK,6718,INE806T01020,SAPPHIRE,EQ,,,,,SAPPHIRE FOODS INDIA LTD,323.5,326.0,318.0,319.45,319.8,323.8,,319.45,,,130760,42193128.2,4968,F1,1,,,,,
2025-08-28,2025-08-28,CM,NSE,STK,19863,INE0PUC01020,SARTELE,SM,,,,,SAR TELEVENTURE LIMITED,202.9,203.5,195.0,198.15,198.0,201.4,,198.15,,,31500,6254750.0,60,F1,500,,,,,
2025-08-28,2025-08-28,CM,NSE,STK,24856,INE0PQ101010,SSDL,EQ,,,,,SARASWATI SAREE DEPOT LTD,92.0,92.48,88.3,89.09,89.7,91.99,,89.15,,,67033,6042069.41,1566,F1,1,,,,,
2025-08-28,2025-08-28,CM,NSE,STK,17758,INE385C01021,SARDAEN,EQ,,,,,SARDA ENERGY & MIN LTD,591.0,597.95,582.45,585.1,586.15,592.9,,585.1,,,600653,353950008.6,19674,F1,1,,,,,
2025-08-28,2025-08-28,CM,NSE,STK,4892,INE979A01025,SAREGAMA,EQ,,,,,SAREGAMA INDIA LIMITED,475.3,486.05,475.25,479.85,480.65,476.95,,479.85,,,130895,62775921.1,8535,F1,1,,,,,
2025-08-28,2025-08-28,CM,NSE,STK,14043,INE453D01025,SARLAPOLY,EQ,,,,,SARLA PERF. FIBERS LTD,104.85,104.85,101.54,103.4,103.6,103.21,,103.4,,,57072,5893983.08,563,F1,1,,,,,
2025-08-28,2025-08-28,CM,NSE,STK,18506,INE0PCL01011,SAROJA,SM,,,,,SAROJA PHARMA INDUS IND L,48.0,48.0,47.85,47.85,47.85,48.6,,47.85,,,3200,153360.0,2,F1,1600,,,,,
2025-08-28,2025-08-28,CM,NSE,STK,6843,INE017W01010,SMLT,EQ,,,,,SARTHAK METALS LIMITED,106.05,106.05,103.01,104.51,104.01,105.92,,104.6,,,5547,579681.21,427,F1,1,,,,,
2025-08-28,2025-08-28,CM,NSE,STK,12913,INE324X01026,SARVESHWAR,EQ,,,,,SARVESHWAR FOODS LIMITED,7.7,7.75,7.35,7.46,7.46,7.57,,7.46,,,2440902,18460500.67,4405,F1,1,,,,,
2025-08-28,2025-08-28,CM,NSE,STK,11983,INE231F01020,SASKEN,EQ,,,,,SASKEN TECHNOLOGIES LTD,1385.2,1430.0,1385.2,1410.5,1425.0,1406.3,,1410.5,,,7845,10984004.4,1012,F1,1,,,,,
2025-08-28,2025-08-28,CM,NSE,STK,20063,INE019J01013,SASTASUNDR,EQ,,,,,SASTASUNDAR VENTURES LTD,275.9,275.9,267.55,270.0,272.0,273.0,,270.0,,,1955,527061.05,176,F1,1,,,,,
2025-08-28,2025-08-28,CM,NSE,STK,29154,INE0NB801022,SATKARTAR,ST,,,,,SAT KARTAR SHOPPING LTD,165.0,170.0,165.0,170.0,170.0,163.0,,170.0,,,8800,1480200.0,10,F1,800,,,,,
2025-08-28,2025-08-28,CM,NSE,STK,24697,INE0RFP01011,SSEGL,SM,,,,,SATHLOKHAR SYN E&C GLOB L,477.0,529.0,477.0,507.85,503.0,477.05,,507.85,,,114800,57832150.0,402,F1,200,,,,,
2025-08-28,2025-08-28,CM,NSE,STK,24504,INE0RPM01017,SATIPOLY,SM,,,,,SATI POLY PLAST LIMITED,80.4,80.4,80.25,80.25,80.25,84.45,,80.25,,,2000,160675.0,4,F1,500,,,,,
2025-08-28,2025-08-28,CM,NSE,STK,11045,INE170E01023,SATIA,EQ,,,,,SATIA INDUSTRIES LIMITED,85.0,85.08,83.0,83.17,83.98,85.41,,83.17,,,37195,3118938.35,797,F1,1,,,,,
2025-08-28,2025-08-28,CM,NSE,STK,10453,INE836B01017,SATIN,EQ,,,,,SATIN CREDIT NET LTD,137.5,137.8,133.01,134.08,134.0,136.96,,134.08,,,231847,31190434.09,2990,F1,1,,,,,
2025-08-28,2025-08-28,CM,NSE,STK,3018,INE626A01014,SAURASHCEM,EQ,,,,,SAURASHTRA CEMENT LIMITED,116.44,117.38,113.2,115.16,114.12,115.52,,115.17,,,97365,11232894.17,1483,F1,1,,,,,
2025-08-28,2025-08-28,CM,NSE,STK,3021,INE035D01020,SOTL,EQ,,,,,SAVITA OIL TECHNOLO. LTD,399.85,412.0,398.75,404.5,405.8,402.3,,404.45,,,39871,16207531.5,3614,F1,1,,,,,
2025-08-28,2025-08-28,CM,NSE,STK,757704,INE0UCN01017,SAVY,SM,,,,,SAVY INFRA AND LOGI LTD,135.0,136.95,134.1,136.05,136.45,135.55,,136.05,,,44400,6024960.0,31,F1,1200,,,,,
2025-08-28,2025-08-28,CM,NSE,STK,758447,INE10VS01016,SAWALIYA,ST,,,,,SAWALIYA FOOD PRODUCTS L,239.0,249.95,238.0,242.1,249.95,238.05,,242.1,,,139200,33334200.0,60,F1,1200,,,,,
2025-08-28,2025-08-28,CM,NSE,STK,6792,INE04AK01028,SBC,EQ,,,,,SBC EXPORTS LIMITED,18.8,19.28,18.63,19.09,19.17,18.83,,19.09,,,10520008,200033114.12,5644,F1,1,,,,,
2025-08-28,2025-08-28,CM,NSE,STK,18026,INE423Y01016,SBFC,EQ,,,,,SBFC FINANCE LIMITED,107.89,108.0,105.0,105.25,105.38,108.11,,105.22,,,1208588,128049439.15,16478,F1,1,,,,,
2025-08-28,2025-08-28,CM,NSE,STK,17971,INE018E01016,SBICARD,EQ,,,,,SBI CARDS & PAY SER LTD,809.65,815.7,795.1,803.6,798.25,815.7,,803.6,,,1692967,1363395860.45,62307,F1,1,,,,,
2025-08-28,2025-08-28,CM,NSE,STK,21808,INE123W01016,SBILIFE,EQ,,,,,SBI LIFE INSURANCE CO LTD,1815.7,1841.3,1806.2,1816.8,1812.9,1816.6,,1816.8,,,948055,1729091726.0,73109,F1,1,,,,,
2025-08-28,2025-08-28,CM,NSE,STK,17272,INF200KA16D8,SETFGOLD,EQ,,,,,SBI-ETF GOLD,87.3,87.3,85.5,86.99,87.0,86.36,,86.99,,,2537853,220638246.96,5631,F1,1,,,,,
2025-08-28,2025-08-28,CM,NSE,STK,10176,INF200KA1FS1,SETFNIF50,EQ,,,,,SBI-ETF NIFTY 50,262.37,264.6,261.51,261.81,262.09,263.99,,261.8,,,751515,196969108.61,6316,F1,1,,,,,
2025-08-28,2025-08-28,CM,NSE,STK,7361,INF200KA1580,SETFNIFBK,EQ,,,,,SBI-ETF NIFTY BANK,558.84,562.79,551.91,552.52,554.0,558.84,,552.52,,,35396,19618403.63,1006,F1,1,,,,,
2025-08-28,2025-08-28,CM,NSE,STK,7353,INF200KA1598,SETFNN50,EQ,,,,,SBI-ETF NIFTY NEXT 50,713.49,713.52,702.1,703.09,703.33,710.95,,703.09,,,27105,19131389.43,1912,F1,1,,,,,
2025-08-28,2025-08-28,CM,NSE,STK,19705,INF200KA13Z8,LIQUIDSBI,EQ,,,,,SBIAMC - LIQUIDSBI,999.99,1000.01,999.99,999.99,999.99,1000.0,,999.99,,,3548,3547987.87,26,F1,1,,,,,
2025-08-28,2025-08-28,CM,NSE,STK,30290,INF200KB1712,SBIBPB,EQ,,,,,SBIAMC - SBIBPB,40.85,40.85,39.32,39.43,39.73,39.86,,39.45,,,6730,267018.48,159,F1,1,,,,,
2025-08-28,2025-08-28,CM,NSE,STK,5168,INF200KA1X17,SBIETFCON,EQ,,,,,SBIAMC - SBIETFCON,129.14,129.14,124.38,124.45,124.38,125.38,,124.45,,,6721,839042.47,145,F1,1,,,,,
2025-08-28,2025-08-28,CM,NSE,STK,740,INF200KA1S14,SBIETFIT,EQ,,,,,SBIAMC - SBIETFIT,394.96,397.87,385.36,386.77,387.05,393.0,,386.77,,,6103,2366932.53,306,F1,1,,,,,
2025-08-28,2025-08-28,CM,NSE,STK,722,INF200KA1S22,SBIETFPB,EQ,,,,,SBIAMC - SBIETFPB,273.7,273.7,265.12,266.19,266.49,268.91,,266.19,,,4620,1231392.0,182,F1,1,,,,,
2025-08-28,2025-08-28,CM,NSE,STK,7218,INF200KA1WX6,SBIETFQLTY,EQ,,,,,SBIAMC - SBIETFQLTY,223.43,223.43,219.28,220.21,220.24,222.32,,220.21,,,2141,473478.61,122,F1,1,,,,,
2025-08-28,2025-08-28,CM,NSE,STK,758496,INF200KB1969,SBILIQETF,EQ,,,,,SBIAMC - SBILIQETF,1003.09,1003.11,1003.09,1003.1,1003.1,1002.95,,1003.1,,,2405,2412479.12,7,F1,1,,,,,
2025-08-28,2025-08-28,CM,NSE,STK,24524,INF200KB1282,SBINEQWETF,EQ,,,,,SBIAMC - SBINEQWETF,31.98,31.98,31.47,31.49,31.74,31.7,,31.5,,,80892,2555791.12,276,F1,1,,,,,
2025-08-28,2025-08-28,CM,NSE,STK,24366,INF200KB1217,SBISILVER,EQ,,,,,SBIAMC - SBISILVER,115.7,115.7,114.84,115.58,115.6,114.56,,115.58,,,551459,63698481.16,953,F1,1,,,,,
2025-08-28,2025-08-28,CM,NSE,STK,17395,INF200KA1JT1,SETF10GILT,EQ,,,,,SBIAMC - SETF10GILT,254.43,257.5,253.5,255.54,257.5,254.43,,255.54,,,23798,6057854.95,109,F1,1,,,,,
2025-08-28,2025-08-28,CM,NSE,STK,1011,INE513A01022,SCHAEFFLER,EQ,,,,,SCHAEFFLER INDIA LIMITED,3910.0,3942.0,3861.3,3876.1,3882.3,3942.0,,3875.8,,,17427,68007982.1,5976,F1,1,,,,,
2025-08-28,2025-08-28,CM,NSE,STK,757014,INE0AQ201015,THELEELA,EQ,,,,,SCHLOSS BANGALORE LIMITED,405.5,406.0,395.15,396.65,396.95,409.55,,396.65,,,460425,184552028.05,33976,F1,1,,,,,
2025-08-28,2025-08-28,CM,NSE,STK,31238,INE839M01018,SCHNEIDER,BE,,,,,SCHNEIDER ELECTRIC INFRA,860.0,870.0,838.0,862.7,865.0,860.0,,862.6,,,61703,53195697.2,2756,F1,1,,,,,
2025-08-28,2025-08-28,CM,NSE,STK,757462,INE148I07XX3,SCL01825,N6,,,,,SCL 0% 2027 SR III,961.0,961.0,946.0,946.0,946.0,950.0,,946.0,,,51,48846.0,4,F1,1,,,,,
2025-08-28,2025-08-28,CM,NSE,STK,757460,INE148I07XG8,865SCL27,N4,,,,,SCL 8.65% 2027 SR II,965.0,965.0,960.0,960.0,960.0,960.0,,960.0,,,10,9605.0,3,F1,1,,,,,
2025-08-28,2025-08-28,CM,NSE,STK,757458,INE148I07YA9,9SCL27,N2,,,,,SCL 9.00% 2027 SR I,923.57,947.0,923.57,945.2,945.2,942.42,,945.2,,,70,65953.1,4,F1,1,,,,,
2025-08-28,2025-08-28,CM,NSE,STK,757464,INE148I07XP9,925SCL2028,N8,,,,,SCL 9.25% 2028 SR IV,1000.0,1000.0,1000.0,1000.0,1000.0,949.0,,1000.0,,,100,100000.0,1,F1,1,,,,,
2025-08-28,2025-08-28,CM,NSE,STK,30230,INE148I07WP1,971SCL30,N1,,,,,SCL 9.71% SR VIII,961.55,984.0,961.55,984.0,984.0,960.21,,984.0,,,57,55044.45,4,F1,1,,,,,
2025-08-28,2025-08-28,CM,NSE,STK,757608,INE148I07WZ0,975SCL35,N0,,,,,SCL 9.75% 2035 SR II,101896.58,101896.58,101896.58,101896.58,101896.58,100000.0,,101896.58,,,4,407586.32,1,F1,1,,,,,
2025-08-28,2025-08-28,CM,NSE,STK,30222,INE148I07WI6,990SCL28,N1,,,,,SCL 9.90% SR IV,930.2,1015.0,910.2,1012.0,1012.0,931.74,,1012.0,,,304,295215.2,15,F1,1,,,,,
2025-08-28,2025-08-28,CM,NSE,STK,757497,INE148I07XY1,995SCL2035,NM,,,,,SCL 9.95% 2035 SR XII,950.0,951.0,950.0,950.0,950.0,970.0,,925.0,,,21,19957.0,6,F1,1,,,,,
2025-08-28,2025-08-28,CM,NSE,STK,757478,INE090501011,SCODATUBES,EQ,,,,,SCODA TUBES LIMITED,172.0,173.5,168.83,169.44,169.99,174.33,,169.43,,,189298,32200737.49,3708,F1,1,,,,,
2025-08-28,2025-08-28,CM,NSE,STK,19487,IN1020230505,767AP38,SG,,,,,SDL AP 7.67% 2038,99.65,99.65,99.41,99.41,99.41,99.65,,99.41,,,200,19906.0,2,F1,100,,,,,
2025-08-28,2025-08-28,CM,NSE,STK,10765,IN1220220082,765AS32,SG,,,,,SDL AS 7.65% 2032,97.45,97.45,97.45,97.45,97.45,97.45,,97.45,,,100,9745.0,1,F1,100,,,,,
2025-08-28,2025-08-28,CM,NSE,STK,18688,IN1520230062,74GJ27,SG,,,,,SDL GJ 7.4% 2027,102.0,102.0,102.0,102.0,102.0,102.0,,102.0,,,100,10200.0,1,F1,100,,,,,
2025-08-28,2025-08-28,CM,NSE,STK,7714,IN2820210143,719PN37,SG,,,,,SDL PN 7.19% 2037,93.1,93.1,93.1,93.1,93.1,97.82,,93.1,,,100,9310.0,1,F1,100,,,,,
2025-08-28,2025-08-28,CM,NSE,STK,20643,INE027E07972,935LTF29,N5,,,,,SE RE NCD 9.35% SR.V OP2,1089.0,1089.0,1089.0,1089.0,1089.0,1089.0,,1089.0,,,50,54450.0,1,F1,1,,,,,
2025-08-28,2025-08-28,CM,NSE,STK,2616,INE497B01018,SEAMECLTD,EQ,,,,,SEAMEC LIMITED,932.45,943.5,903.8,913.1,905.6,925.05,,913.25,,,75269,68693115.35,5634,F1,1,,,,,
2025-08-28,2025-08-28,CM,NSE,STK,13858,INE530B07278,IIFLZC28A,NU,,,,,SEC RE NCD 0% SR.VII,1190.05,1210.0,1190.0,1197.5,1197.5,1190.18,,1197.5,,,624,746867.0,8,F1,1,,,,,
2025-08-28,2025-08-28,CM,NSE,STK,17043,INE530B07369,IIFLZC28B,Y1,,,,,SEC RE NCD 0% SR.VII,1112.0,1112.0,1112.0,1112.0,1112.0,1117.0,,1116.1,,,200,222400.0,2,F1,1,,,,,
2025-08-28,2025-08-28,CM,NSE,STK,12465,INE741K07496,10CAGL27,N5,,,,,SEC RE NCD 10% SR. V,1020.0,1020.0,1020.0,1020.0,1020.0,1020.0,,1021.0,,,15,15300.0,1,F1,1,,,,,
2025-08-28,2025-08-28,CM,NSE,STK,23117,INE342T07478,10NFL25,N9,,,,,SEC RE NCD 10.00% SR. I,998.5,1007.0,998.5,1007.0,1007.0,998.5,,1007.0,,,10,9993.5,2,F1,1,,,,,
2025-08-28,2025-08-28,CM,NSE,STK,20779,INE413U07269,1003ISFL28,N4,,,,,SEC RE NCD 10.03% SR 5,1014.99,1014.99,1000.0,1000.0,1000.0,1006.98,,1000.0,,,355,356099.85,3,F1,1,,,,,
2025-08-28,2025-08-28,CM,NSE,STK,15253,INE244L07523,890SFIL23A,NZ,,,,,SEC RE NCD 10.03% SR.VIII,610.0,610.0,596.01,596.01,596.01,587.95,,596.01,,,43,25716.26,3,F1,1,,,,,
2025-08-28,2025-08-28,CM,NSE,STK,25912,INE583D07505,1015UCL26,N1,,,,,SEC RE NCD 10.15% SR I,996.0,996.0,996.0,996.0,996.0,993.23,,996.0,,,10,9960.0,1,F1,1,,,,,
2025-08-28,2025-08-28,CM,NSE,STK,20130,INE148I07RB1,965SCL25F,NZ,,,,,SEC RE NCD 10.25% SR XII,943.0,943.0,943.0,943.0,943.0,930.0,,943.0,,,6,5658.0,1,F1,1,,,,,
2025-08-28,2025-08-28,CM,NSE,STK,22839,INE583D07448,1035UCL26,,,,,,SEC RE NCD 10.35% SR III,666.0,674.66,665.0,673.76,674.66,562.22,,673.76,,,388,260916.94,40,F1,1,,,,,
2025-08-28,2025-08-28,CM,NSE,STK,25916,INE583D07513,1040UCL27B,N1,,,,,SEC RE NCD 10.40% SR III,990.0,990.0,990.0,990.0,990.0,990.01,,990.0,,,1,990.0,1,F1,1,,,,,
2025-08-28,2025-08-28,CM,NSE,STK,22841,INE583D07463,105UCL2026,NB,,,,,SEC RE NCD 10.5% SR IV,1000.0,1000.0,1000.0,1000.0,1000.0,1000.0,,1000.0,,,69,69000.0,1,F1,1,,,,,
2025-08-28,2025-08-28,CM,NSE,STK,20784,INE413U07251,1050ISFL28,N5,,,,,SEC RE NCD 10.50% SR 6,1037.0,1037.0,1037.0,1037.0,1037.0,1034.0,,1042.0,,,100,103700.0,2,F1,1,,,,,
2025-08-28,2025-08-28,CM,NSE,STK,17347,INE342T07395,1075NFL25,N6,,,,,SEC RE NCD 10.75% SR.III,1025.0,1025.0,1001.6,1001.6,1001.6,1025.0,,1006.47,,,31,31090.0,3,F1,1,,,,,
2025-08-28,2025-08-28,CM,NSE,STK,23125,INE342T07445,1119NFL27,ND,,,,,SEC RE NCD 11.19% SR.V,1001.0,1001.0,1001.0,1001.0,1001.0,1048.0,,1013.0,,,20,20020.0,1,F1,1,,,,,
2025-08-28,2025-08-28,CM,NSE,STK,11665,INE0H7R07025,79NHIT40,N2,,,,,SEC RE NCD 7.90% STRPP B,314.1,314.1,314.1,314.1,314.1,315.11,,314.1,,,104,32666.4,1,F1,1,,,,,
2025-08-28,2025-08-28,CM,NSE,STK,3464,INE219X07264,82IGT31,NJ,,,,,SEC RE NCD 8.20% SR.V,1033.0,1033.0,1033.0,1033.0,1033.0,1035.0,,1033.0,,,20,20660.0,3,F1,1,,,,,
2025-08-28,2025-08-28,CM,NSE,STK,17958,INE121A07RE9,84CIFCL28,,,,,,SEC RE NCD 8.40% SR 5,1004.0,1005.0,1003.0,1005.0,1005.0,1005.0,,991.19,,,16,16055.0,3,F1,1,,,,,
2025-08-28,2025-08-28,CM,NSE,STK,6197,INE530B07161,842IIFL26,NL,,,,,SEC RE NCD 8.42% SR.V,989.25,989.25,989.25,989.25,989.25,990.09,,989.25,,,121,119699.25,2,F1,1,,,,,
2025-08-28,2025-08-28,CM,NSE,STK,7668,INE477L07AQ2,843IHFL29,NC,,,,,SEC RE NCD 8.43% SR.VI,963.0,963.0,963.0,963.0,963.0,960.0,,963.0,,,4,3852.0,3,F1,1,,,,,
2025-08-28,2025-08-28,CM,NSE,STK,17039,INE530B07385,865IFL28,NZ,,,,,SEC RE NCD 8.65% SR.V,965.0,971.8,965.0,971.8,971.8,982.0,,967.0,,,71,68855.0,2,F1,1,,,,,
2025-08-28,2025-08-28,CM,NSE,STK,13852,INE530B07310,865IIFL28,NS,,,,,SEC RE NCD 8.65% SR.V,976.8,989.0,976.8,981.54,983.0,970.25,,981.54,,,874,859379.0,7,F1,1,,,,,
2025-08-28,2025-08-28,CM,NSE,STK,5151,INE516Y07410,875PCHFL26,N8,,,,,SEC RE NCD 8.75% SR.IV,1001.01,1001.02,1001.0,1001.0,1001.01,1000.0,,1001.0,,,175,175176.4,4,F1,1,,,,,
2025-08-28,2025-08-28,CM,NSE,STK,23706,INE338I07164,897MOFSL29,N4,,,,,SEC RE NCD 8.97% SR V,1022.0,1022.0,1008.0,1008.0,1008.0,1008.0,,1008.0,,,400,404600.0,3,F1,1,,,,,
2025-08-28,2025-08-28,CM,NSE,STK,28858,INE477L07BC0,9IHFL27,N1,,,,,SEC RE NCD 9% SR IV,1013.0,1013.0,1013.0,1013.0,1013.0,1011.0,,1013.0,,,41,41533.0,1,F1,1,,,,,
2025-08-28,2025-08-28,CM,NSE,STK,5160,INE516Y07428,9PCHFL31A,,,,,,SEC RE NCD 9% SR.V,1014.99,1015.0,1014.99,1015.0,1015.0,1004.0,,1015.0,,,61,61914.95,7,F1,1,,,,,
2025-08-28,2025-08-28,CM,NSE,STK,17041,INE530B07377,9IIFL28,Y0,,,,,SEC RE NCD 9% SR.VI,972.0,972.0,972.0,972.0,972.0,970.0,,972.0,,,55,53460.0,1,F1,1,,,,,
2025-08-28,2025-08-28,CM,NSE,STK,13854,INE530B07260,9IIFL28A,NT,,,,,SEC RE NCD 9% SR.VI,1015.0,1015.0,1015.0,1015.0,1015.0,1015.0,,1015.0,,,20,20300.0,1,F1,1,,,,,
2025-08-28,2025-08-28,CM,NSE,STK,25277,INE423A07351,925AEL26,N1,,,,,SEC RE NCD 9.25% SR I,1055.0,1055.0,1010.01,1054.84,1054.84,1055.0,,1054.84,,,119,125440.49,13,F1,1,,,,,
2025-08-28,2025-08-28,CM,NSE,STK,23710,INE338I07115,93MOFSL34,N6,,,,,SEC RE NCD 9.30% SR VII,1050.0,1050.0,1030.0,1030.0,1030.0,1045.0,,1030.0,,,35,36550.0,2,F1,1,,,,,
2025-08-28,2025-08-28,CM,NSE,STK,11337,INE148I07MB2,847SCL25,Z2,,,,,SEC RE NCD 9.30% SR.IV,1082.55,1082.55,1082.55,1082.55,1082.55,1062.9,,1082.55,,,5,5412.75,1,F1,1,,,,,
2025-08-28,2025-08-28,CM,NSE,STK,25283,INE423A07310,932AEL27,N3,,,,,SEC RE NCD 9.32% SR III,1020.0,1020.0,1001.0,1001.0,1001.0,1010.0,,1001.0,,,150,152050.0,3,F1,1,,,,,
2025-08-28,2025-08-28,CM,NSE,STK,13497,INE148I07ND6,965SCL25C,N0,,,,,SEC RE NCD 9.39% SR.VIII,584.2,584.2,584.2,584.2,584.2,600.8,,584.2,,,100,58420.0,3,F1,1,,,,,
2025-08-28,2025-08-28,CM,NSE,STK,20075,INE148I07QK4,948SCL26A,NN,,,,,SEC RE NCD 9.48% SR V,699.8,699.8,640.2,640.2,640.2,675.0,,670.0,,,12,8218.8,3,F1,1,,,,,
2025-08-28,2025-08-28,CM,NSE,STK,25294,INE423A07336,956AEL29,N6,,,,,SEC RE NCD 9.56% SR VI,1030.0,1030.0,1030.0,1030.0,1030.0,1035.0,,1022.82,,,10,10300.0,1,F1,1,,,,,
2025-08-28,2025-08-28,CM,NSE,STK,19951,INE148I07QN8,965SCL25A,NF,,,,,SEC RE NCD 9.65% SR I,1063.17,1064.4,1063.17,1064.4,1064.4,1063.17,,1064.4,,,10,10637.85,2,F1,1,,,,,
2025-08-28,2025-08-28,CM,NSE,STK,23928,INE148I07TE1,965SCL26A,ZB,,,,,SEC RE NCD 9.65% SR I,973.05,1003.0,973.05,1003.0,1003.0,998.0,,1003.0,,,80,79935.5,5,F1,1,,,,,
2025-08-28,2025-08-28,CM,NSE,STK,25287,INE423A07328,965AEL27,N4,,,,,SEC RE NCD 9.65% SR IV,1012.7,1012.7,1006.25,1010.0,1010.0,1007.73,,1009.79,,,5155,5201715.29,86,F1,1,,,,,
2025-08-28,2025-08-28,CM,NSE,STK,14704,INE148I07NW6,965SCL28,AK,,,,,SEC RE NCD 9.65% SR.VII,596.2,596.2,596.2,596.2,596.2,595.2,,603.6,,,2,1192.4,1,F1,1,,,,,
2025-08-28,2025-08-28,CM,NSE,STK,18487,INE741K07579,970CAGL28,ND,,,,,SEC RE NCD 9.70% SR VII,1008.5,1015.0,1005.01,1015.0,1015.0,1020.0,,1015.0,,,174,175908.09,4,F1,1,,,,,
2025-08-28,2025-08-28,CM,NSE,STK,14718,INE148I07NV8,971SCL28,AN,,,,,SEC RE NCD 9.71% SR.VIII,610.0,610.0,610.0,610.0,610.0,684.0,,610.0,,,6,3660.0,1,F1,1,,,,,
2025-08-28,2025-08-28,CM,NSE,STK,13487,INE148I07NG9,894SCL27,ZY,,,,,SEC RE NCD 9.80% SR.VII,910.0,910.0,910.0,910.0,910.0,869.0,,910.0,,,40,36400.0,1,F1,1,,,,,
2025-08-28,2025-08-28,CM,NSE,STK,14038,INE244L07416,985SFIL28,NO,,,,,SEC RE NCD 9.85% SR.VIII,619.0,619.0,600.0,600.0,600.0,625.0,,609.5,,,51,30914.0,4,F1,1,,,,,
2025-08-28,2025-08-28,CM,NSE,STK,23293,INE148I07SG8,990SCL27,YT,,,,,SEC RE NCD 9.9% SR IV,1014.2,1014.2,1014.2,1014.2,1014.2,999.8,,1014.2,,,10,10142.0,4,F1,1,,,,,
2025-08-28,2025-08-28,CM,NSE,STK,19760,INE148I07PY7,990SCL26,N7,,,,,SEC RE NCD 9.90% SR IV,720.3,720.3,720.3,720.3,720.3,729.0,,720.3,,,35,25210.5,1,F1,1,,,,,
2025-08-28,2025-08-28,CM,NSE,STK,25296,INE423A07344,99AEL29,N7,,,,,SEC RE NCD 9.90% SR VII,1027.0,1035.0,1027.0,1031.0,1031.0,1027.0,,1031.0,,,855,882430.0,29,F1,1,,,,,
2025-08-28,2025-08-28,CM,NSE,STK,20984,INE148I07RK2,SCLZC25F,Y5,,,,,SEC RE NCD SR III,1157.0,1157.0,1157.0,1157.0,1157.0,1147.5,,1157.0,,,2,2314.0,1,F1,1,,,,,
2025-08-28,2025-08-28,CM,NSE,STK,23950,INE148I07TM4,SCL310524A,ZK,,,,,SEC RE NCD SR VI,1000.2,1000.2,1000.2,1000.2,1000.2,903.0,,1084.0,,,21,21004.2,2,F1,1,,,,,
2025-08-28,2025-08-28,CM,NSE,STK,11339,INE148I07MF3,894SCL25,Z3,,,,,SEC RE NCD SR.V,1291.75,1291.75,1291.75,1291.75,1291.75,1287.45,,1291.75,,,5,6458.75,1,F1,1,,,,,
2025-08-28,2025-08-28,CM,NSE,STK,15245,INE244L07549,957SFIL28,NW,,,,,SEC RE NCD SR.VI,1150.2,1240.0,1150.2,1230.0,1230.0,1200.0,,1230.0,,,11,13540.2,3,F1,1,,,,,
2025-08-28,2025-08-28,CM,NSE,STK,14219,INE00QS24043,IMC1,N1,,,,,SEC RE NCGB 8.25% STRPP B,255.0,255.0,255.0,255.0,255.0,255.0,,255.0,,,100,25500.0,2,F1,1,,,,,
2025-08-28,2025-08-28,CM,NSE,STK,14224,INE00QS24027,IMC1,N2,,,,,SEC RE NCGB 8.25% STRPP C,254.0,254.0,254.0,254.0,254.0,252.0,,254.0,,,41,10414.0,1,F1,1,,,,,
2025-08-28,2025-08-28,CM,NSE,STK,14228,INE00QS24035,IMC1,N3,,,,,SEC RE NCGB 8.25% STRPP D,254.0,254.0,254.0,254.0,254.0,254.0,,254.0,,,141,35814.0,3,F1,1,,,,,
2025-08-28,2025-08-28,CM,NSE,STK,17866,INE530L07228,10NIDO26,N6,,,,,SEC RED NCD 10% SR. VI,996.5,1018.89,996.5,1004.0,1004.0,1005.0,,1004.0,,,772,775374.81,9,F1,1,,,,,
2025-08-28,2025-08-28,CM,NSE,STK,7975,INE804IA7014,1015ECL29,NR,,,,,SEC RED NCD 10.15% SR. VI,1006.0,1006.0,1006.0,1006.0,1006.0,1000.0,,1006.0,,,1,1006.0,1,F1,1,,,,,
2025-08-28,2025-08-28,CM,NSE,STK,11230,INE583D07315,1050UCL25,N7,,,,,SEC RED NCD 10.50% SR.III,925.0,925.0,925.0,925.0,925.0,912.0,,962.5,,,130,120250.0,1,F1,1,,,,,
2025-08-28,2025-08-28,CM,NSE,STK,7986,INE804IA7022,1060ECL29,NS,,,,,SEC RED NCD 10.6% SR. VII,1052.0,1061.99,1050.0,1055.0,1055.0,1052.05,,1055.0,,,1206,1274811.22,12,F1,1,,,,,
2025-08-28,2025-08-28,CM,NSE,STK,16870,INE033L07GS6,81TCHF28,N8,,,,,SEC RED NCD 8.10% SR.IV,1016.0,1024.5,1010.0,1024.5,1024.5,1012.15,,1024.25,,,52,52834.5,4,F1,1,,,,,
2025-08-28,2025-08-28,CM,NSE,STK,17159,INE721A07PK7,875SFL27,ZF,,,,,SEC RED NCD 8.75% SR.III,1029.5,1030.0,1029.5,1029.9,1029.9,1029.9,,1029.9,,,180,185345.0,4,F1,1,,,,,
2025-08-28,2025-08-28,CM,NSE,STK,2252,INE528S07110,888ERFL28,N5,,,,,SEC RED NCD 8.88% SR. V,958.2,958.2,958.2,958.2,958.2,958.2,,958.2,,,12,11498.4,1,F1,1,,,,,
2025-08-28,2025-08-28,CM,NSE,STK,18628,INE148I07GL3,9SCL26BA,,,,,,SEC RED NCD 9.0% SR. VI,1059.8,1059.8,1045.26,1059.8,1059.8,1055.0,,1052.4,,,312,328074.69,5,F1,1,,,,,
2025-08-28,2025-08-28,CM,NSE,STK,498,INE721A07NU1,903SFL28,YI,,,,,SEC RED NCD 9.03% SR. II,1049.0,1049.0,1045.0,1045.0,1045.0,1048.0,,1045.0,,,8,8376.0,2,F1,1,,,,,
2025-08-28,2025-08-28,CM,NSE,STK,17172,INE721A07PN1,91SFL27,ZI,,,,,SEC RED NCD 9.10% SR.VI,1057.9,1057.9,1057.9,1057.9,1057.9,1050.0,,1057.9,,,14,14810.6,2,F1,1,,,,,
2025-08-28,2025-08-28,CM,NSE,STK,2254,INE528S07128,925ERFL28,N6,,,,,SEC RED NCD 9.25% SR. VI,990.05,990.05,990.0,990.0,990.0,990.0,,990.0,,,100,99001.95,2,F1,1,,,,,
2025-08-28,2025-08-28,CM,NSE,STK,8625,INE721A07ON4,957ICCL25,YW,,,,,SEC RED NCD 9.30% SR. II,1035.0,1040.0,1033.25,1033.25,1033.25,1065.0,,1032.68,,,30,31129.75,5,F1,1,,,,,
2025-08-28,2025-08-28,CM,NSE,STK,12919,INE721A07PA8,931SFL26,Z5,,,,,SEC RED NCD 9.31% SR.III,1029.0,1029.0,1029.0,1029.0,1029.0,1025.0,,1027.0,,,3,3087.0,1,F1,1,,,,,
2025-08-28,2025-08-28,CM,NSE,STK,1001,INE721A07NX5,94SFL28,YL,,,,,SEC RED NCD 9.40% SR. V,1041.01,1048.0,1041.01,1046.0,1046.0,1045.0,,1042.57,,,190,198772.6,7,F1,1,,,,,
2025-08-28,2025-08-28,CM,NSE,STK,4288,INE804I078Y8,943ECL28,NJ,,,,,SEC RED NCD 9.43% SR. VI,984.0,984.0,975.17,975.17,975.17,974.0,,975.17,,,328,321973.02,6,F1,1,,,,,
2025-08-28,2025-08-28,CM,NSE,STK,17864,INE530L07210,957NIDO26,N5,,,,,SEC RED NCD 9.57% SR. V,980.5,980.5,980.5,980.5,980.5,980.1,,988.25,,,150,147075.0,2,F1,1,,,,,
2025-08-28,2025-08-28,CM,NSE,STK,12933,INE721A07PE0,97SFL26,Z9,,,,,SEC RED NCD 9.7% SR.VII,1021.0,1021.0,1021.0,1021.0,1021.0,1020.5,,1020.5,,,34,34714.0,3,F1,1,,,,,
2025-08-28,2025-08-28,CM,NSE,STK,8642,INE721A07OQ7,97SFL29,YZ,,,,,SEC RED NCD 9.70% SR. V,1078.0,1078.0,1072.0,1072.0,1072.0,1098.0,,1072.0,,,175,188180.14,17,F1,1,,,,,
2025-08-28,2025-08-28,CM,NSE,STK,4292,INE804I079Y6,985ECL28,NK,,,,,SEC RED NCD 9.85% SR. VII,992.75,995.45,992.75,995.0,995.0,992.75,,995.0,,,1531,1523114.24,18,F1,1,,,,,
2025-08-28,2025-08-28,CM,NSE,STK,19498,INE0BTM01013,SECMARK,BE,,,,,SECMARK CONSULTANCY LTD,133.0,133.75,127.25,133.75,133.75,133.84,,133.75,,,552,70604.25,11,F1,1,,,,,
2025-08-28,2025-08-28,CM,NSE,STK,11058,INE650K01021,SECURKLOUD,EQ,,,,,SECUREKLOUD TECH LIMITED,25.4,25.4,23.8,24.49,24.8,24.7,,24.49,,,26063,639637.7,473,F1,1,,,,,
2025-08-28,2025-08-28,CM,NSE,STK,7094,INE955I01044,SEJALLTD,BE,,,,,SEJAL GLASS LIMITED,534.15,555.0,534.15,548.05,552.5,556.0,,548.55,,,2570,1417404.4,57,F1,1,,,,,
2025-08-28,2025-08-28,CM,NSE,STK,6262,INE105I01020,SELMC,EQ,,,,,SEL MANUFACTURING CO LTD,30.64,30.64,29.06,29.92,30.2,30.04,,29.96,,,3261,97207.82,141,F1,1,,,,,
2025-08-28,2025-08-28,CM,NSE,STK,13598,INE818A01017,SELAN,EQ,,,,,SELAN EXPLO. TECH LTD,552.25,552.25,525.6,529.15,528.0,552.25,,529.2,,,22024,11766166.35,1323,F1,1,,,,,
2025-08-28,2025-08-28,CM,NSE,STK,757982,INE0IJF01013,SELLOWRAP,SM,,,,,SELLOWRAP INDUSTRIES LTD,122.0,137.6,122.0,130.5,131.6,121.75,,130.5,,,161600,21205600.0,96,F1,1600,,,,,
2025-08-28,2025-08-28,CM,NSE,STK,11964,INE617A01013,SEMAC,BE,,,,,SEMAC CONSTRUCTION LTD,530.1,560.05,526.25,548.3,557.0,550.0,,548.3,,,468,253415.6,31,F1,1,,,,,
2025-08-28,2025-08-28,CM,NSE,STK,17271,INE602W01027,SENCO,EQ,,,,,SENCO GOLD LIMITED,372.95,377.5,367.0,375.4,377.0,374.0,,375.4,,,534184,199369053.85,14402,F1,1,,,,,
2025-08-28,2025-08-28,CM,NSE,STK,28888,INE0RB801010,SENORES,EQ,,,,,SENORES PHARMACEUTICALS L,707.25,709.2,688.3,697.95,690.85,707.25,,697.8,,,295255,206327469.45,19866,F1,1,,,,,
2025-08-28,2025-08-28,CM,NSE,STK,15308,INE964H01014,SEPC,EQ,,,,,SEPC LIMITED,11.5,11.54,11.31,11.35,11.34,11.55,,11.35,,,2635485,30002510.15,4959,F1,1,,,,,
2025-08-28,2025-08-28,CM,NSE,STK,758610,IN9964H01012,SEPCPP,E1,,,,,SEPC RS.5 PPD UP,5.05,5.16,4.99,5.06,5.0,5.05,,5.06,,,426499,2149432.25,328,F1,1,,,,,
2025-08-28,2025-08-28,CM,NSE,STK,14296,INE807F01027,SEQUENT,EQ,,,,,SEQUENT SCIENTIFIC LTD.,175.0,175.0,169.2,170.08,169.2,173.92,,170.07,,,265406,45413375.58,10351,F1,1,,,,,
2025-08-28,2025-08-28,CM,NSE,STK,20715,INE027E07BC8,865LTF26,NN,,,,,SERENCD 8.65% SR.VI OP12,1069.9,1069.9,1061.11,1061.11,1061.11,1061.02,,1061.11,,,43,45707.06,6,F1,1,,,,,
2025-08-28,2025-08-28,CM,NSE,STK,20691,INE027E07AN7,87LTF27,NH,,,,,SERENCD 8.70% SR.VII OPII,1100.0,1100.0,1030.0,1035.0,1035.0,1015.0,,1035.0,,,646,669535.1,49,F1,1,,,,,
2025-08-28,2025-08-28,CM,NSE,STK,20655,INE027E07998,898LTF29,N7,,,,,SERENCD 8.98% SR.VI OP2,1054.55,1054.55,1045.0,1045.0,1045.0,1053.55,,1051.5,,,49,51300.05,4,F1,1,,,,,
2025-08-28,2025-08-28,CM,NSE,STK,21197,INE306N07LM5,865TCAPS27,N8,,,,,SERENCD8.65%SR.IIICIII&IV,1029.0,1030.0,1020.0,1024.3,1030.0,1028.99,,1024.3,,,1140,1172755.0,12,F1,1,,,,,
2025-08-28,2025-08-28,CM,NSE,STK,4930,INE244L07168,96SFIL24A,NB,,,,,SERENCD8.84%SRVICIII&IV,931.6,931.6,931.6,931.6,931.6,850.05,,963.3,,,1,931.6,1,F1,1,,,,,
2025-08-28,2025-08-28,CM,NSE,STK,5507,INE782X01033,SERVOTECH,EQ,,,,,SERVOTECH REN POW SYS LTD,124.0,124.59,121.77,122.09,122.47,124.59,,122.09,,,280318,34485784.17,4913,F1,1,,,,,
2025-08-28,2025-08-28,CM,NSE,STK,3066,INE630A01024,SESHAPAPER,EQ,,,,,SESHASAYEE PAPER & BOARDS,270.1,273.05,268.0,269.6,268.2,272.85,,269.45,,,16293,4403205.9,1075,F1,1,,,,,
2025-08-28,2025-08-28,CM,NSE,STK,17514,INE878E01021,SETCO,EQ,,,,,SETCO AUTOMOTIVE LTD,17.12,17.12,15.57,15.74,15.6,16.31,,15.74,,,258260,4241583.82,865,F1,1,,,,,
2025-08-28,2025-08-28,CM,NSE,STK,18024,INE023M01027,SETUINFRA,BZ,,,,,SETUBANDHAN INFRA LTD,0.75,0.78,0.71,0.78,0.78,0.75,,0.78,,,137684,105457.39,63,F1,1,,,,,
2025-08-28,2025-08-28,CM,NSE,STK,10836,INE573R01012,SEYAIND,BE,,,,,SEYA INDUSTRIES LIMITED,19.2,19.2,17.37,18.8,18.8,18.29,,18.83,,,11018,194073.98,41,F1,1,,,,,
2025-08-28,2025-08-28,CM,NSE,STK,758853,INE618R01015,SGFIN,EQ,,,,,SG FINSERVE LIMITED,373.7,392.0,370.7,378.85,382.95,379.4,,378.95,,,87430,33320598.1,5614,F1,1,,,,,
2025-08-28,2025-08-28,CM,NSE,STK,11856,INE640C01011,SHAHALLOYS,EQ,,,,,SHAH ALLOYS LIMITED,56.66,57.64,54.31,55.03,55.03,56.11,,55.11,,,24829,1377987.13,843,F1,1,,,,,
2025-08-28,2025-08-28,CM,NSE,STK,20300,INE482J01021,SHAH,BE,,,,,SHAH METACORP LIMITED,3.24,3.36,3.24,3.34,3.35,3.24,,3.34,,,253990,840888.58,436,F1,1,,,,,
2025-08-28,2025-08-28,CM,NSE,STK,8727,INE151G01028,SHAILY,EQ,,,,,SHAILY ENG PLASTICS LTD,2140.1,2152.2,2089.1,2112.1,2106.7,2146.1,,2112.1,,,104462,221747826.0,17726,F1,1,,,,,
2025-08-28,2025-08-28,CM,NSE,STK,25574,INE908D01010,SHAKTIPUMP,EQ,,,,,SHAKTI PUMPS (I) LTD,812.8,840.0,805.0,808.8,811.0,812.8,,808.75,,,423578,345603497.55,24991,F1,1,,,,,
2025-08-28,2025-08-28,CM,NSE,STK,714,INE597J01018,SHALBY,EQ,,,,,SHALBY LIMITED,190.0,193.97,188.3,189.97,192.33,191.82,,190.03,,,60121,11417224.33,2459,F1,1,,,,,
2025-08-28,2025-08-28,CM,NSE,STK,15342,INE849C01026,SHALPAINTS,EQ,,,,,SHALIM PAINTS LTD,74.1,74.56,71.7,72.77,72.69,74.1,,72.77,,,124484,9026438.11,1598,F1,1,,,,,
2025-08-28,2025-08-28,CM,NSE,STK,25737,INE01NE01012,SRD,EQ,,,,,SHANKAR LAL RAMPAL LTD,79.0,79.6,76.8,77.84,76.9,78.05,,77.85,,,171101,13404957.91,991,F1,1,,,,,
2025-08-28,2025-08-28,CM,NSE,STK,20321,INE274V01019,SHANKARA,EQ,,,,,SHANKARA BLDG PRODUCT LTD,955.0,968.9,925.0,928.5,925.0,968.4,,928.4,,,124208,117295896.8,12435,F1,1,,,,,
2025-08-28,2025-08-28,CM,NSE,STK,19752,INE0Q9Q01017,SHANTHALA,SM,,,,,SHANTHALA FMCG PRODUCTS L,37.6,40.05,37.5,40.05,40.05,42.15,,40.05,,,6000,231300.0,5,F1,1200,,,,,
2025-08-28,2025-08-28,CM,NSE,STK,3078,INE631A01022,SHANTIGEAR,EQ,,,,,SHANTHI GEARS LTD,550.0,556.85,549.0,550.35,553.9,552.8,,550.4,,,19313,10653730.0,1980,F1,1,,,,,
2025-08-28,2025-08-28,CM,NSE,STK,758002,INE06ZD01017,SHANTIGOLD,EQ,,,,,SHANTI GOLD INTERNATION L,227.51,229.0,219.12,222.71,222.4,228.66,,222.72,,,859849,192310550.53,10065,F1,1,,,,,
2025-08-28,2025-08-28,CM,NSE,STK,5655,INE933X01016,SHANTI,BE,,,,,SHANTI OVERSEAS INDIA LTD,9.66,9.81,9.31,9.31,9.31,9.81,,9.31,,,310063,2904933.98,497,F1,1,,,,,
2025-08-28,2025-08-28,CM,NSE,STK,4992,INE221J01015,SHARDACROP,EQ,,,,,SHARDA CROPCHEM LTD.,967.3,969.8,923.0,935.0,932.8,967.3,,934.9,,,235071,220878453.9,23232,F1,1,,,,,
2025-08-28,2025-08-28,CM,NSE,STK,10530,INE597I01028,SHARDAMOTR,EQ,,,,,SHARDA MOTOR INDS LTD,1030.0,1047.9,1017.0,1035.2,1033.8,1031.4,,1035.2,,,46161,47745003.8,7905,F1,1,,,,,
2025-08-28,2025-08-28,CM,NSE,STK,104,INE932X01026,SHAREINDIA,EQ,,,,,SHARE IND. SECURITIES LTD,150.55,151.0,146.8,150.09,150.9,150.55,,150.09,,,273174,40703532.41,7837,F1,1,,,,,
2025-08-28,2025-08-28,CM,NSE,STK,19469,INE460Q01014,SCML,SM,,,,,SHARP CHUCKS N MACHINES L,75.0,75.0,72.25,73.35,74.5,75.0,,73.35,,,4000,296750.0,3,F1,1000,,,,,
2025-08-28,2025-08-28,CM,NSE,STK,19184,INE916U01025,SFL,EQ,,,,,SHEELA FOAM LIMITED,721.9,725.8,692.95,697.45,695.35,720.7,,697.4,,,69577,49041377.8,9077,F1,1,,,,,
2025-08-28,2025-08-28,CM,NSE,STK,12072,INE501Y01019,SCPL,EQ,,,,,SHEETAL COOL PRODUCTS LTD,245.0,247.25,242.1,245.0,245.0,246.05,,245.0,,,7515,1842604.65,238,F1,1,,,,,
2025-08-28,2025-08-28,CM,NSE,STK,20415,INE04VX01019,SHEETAL,SM,,,,,SHEETAL UNIVERSAL LIMITED,127.15,127.2,126.2,126.2,126.2,127.85,,126.2,,,16000,2028500.0,5,F1,2000,,,,,
2025-08-28,2025-08-28,CM,NSE,STK,21095,INE268L01046,SHEKHAWATI,EQ,,,,,SHEKHAWATI INDUSTRIES LTD,21.63,21.8,20.72,21.45,21.36,21.63,,21.49,,,11445,245785.71,161,F1,1,,,,,
2025-08-28,2025-08-28,CM,NSE,STK,5072,INE363M01019,SHEMAROO,BE,,,,,SHEMAROO ENTER. LTD.,117.72,117.72,112.0,114.85,115.1,112.12,,114.85,,,5295,611754.8,96,F1,1,,,,,
2025-08-28,2025-08-28,CM,NSE,STK,14172,INE0MM001019,SHERA,SM,,,,,SHERA ENERGY LIMITED,135.05,137.0,135.05,136.9,136.9,136.75,,136.9,,,4000,544550.0,4,F1,1000,,,,,
2025-08-28,2025-08-28,CM,NSE,STK,8394,INE03KJ01013,SHIGAN,SM,,,,,SHIGAN QUANTUM TECH LTD,75.0,75.0,70.6,71.95,71.95,75.0,,71.95,,,15000,1078725.0,9,F1,1500,,,,,
2025-08-28,2025-08-28,CM,NSE,STK,17756,INE790G01031,SHILPAMED,BE,,,,,SHILPA MEDICARE LTD,823.95,855.0,822.0,842.8,850.0,816.75,,842.65,,,109535,91490427.7,2532,F1,1,,,,,
2025-08-28,2025-08-28,CM,NSE,STK,23127,INE0PB301013,SCILAL,EQ,,,,,SHIPPING CORP OF ILA LTD,49.99,50.18,48.47,48.79,48.8,49.25,,48.79,,,439437,21789276.79,3685,F1,1,,,,,
2025-08-28,2025-08-28,CM,NSE,STK,3048,INE109A01011,SCI,EQ,,,,,SHIPPING CORP OF INDIA LT,210.21,216.5,208.75,213.52,214.0,210.8,,213.52,,,1711190,365002133.29,24020,F1,1,,,,,
2025-08-28,2025-08-28,CM,NSE,STK,1497,INE644Y01017,SHIVAMILLS,EQ,,,,,SHIVA MILLS LIMITED,71.5,71.5,69.23,69.58,70.0,69.36,,69.58,,,1978,138039.48,49,F1,1,,,,,
2025-08-28,2025-08-28,CM,NSE,STK,804,INE705C01020,SHIVATEX,EQ,,,,,SHIVA TEXYARN LIMITED,181.59,184.79,177.28,180.4,183.45,181.59,,180.3,,,7507,1349420.75,167,F1,1,,,,,
2025-08-28,2025-08-28,CM,NSE,STK,24249,INE0T7B01010,SPCL,SM,,,,,SHIVALIC POWER CONTROL L,116.4,116.4,109.25,109.8,109.25,113.75,,109.8,,,28800,3230610.0,47,F1,600,,,,,
2025-08-28,2025-08-28,CM,NSE,STK,4656,INE386D01027,SBCL,EQ,,,,,SHIVALIK BIMETAL CON. LTD,516.0,520.0,496.2,501.0,501.9,518.55,,500.6,,,47036,23804767.95,4752,F1,1,,,,,
2025-08-28,2025-08-28,CM,NSE,STK,7016,INE788J01021,SHIVALIK,EQ,,,,,SHIVALIK RASAYAN LIMITED,470.0,477.1,461.75,463.35,461.75,473.25,,463.35,,,28295,13215426.1,1755,F1,1,,,,,
2025-08-28,2025-08-28,CM,NSE,STK,13756,INE637H01024,SHIVAMAUTO,EQ,,,,,SHIVAM AUTO.LTD,28.2,28.68,27.11,27.52,27.6,28.13,,27.52,,,74880,2080611.61,882,F1,1,,,,,
2025-08-28,2025-08-28,CM,NSE,STK,11813,INE498B01024,SHOPERSTOP,EQ,,,,,SHOPPERS STOP LIMITED,539.0,539.15,525.2,533.2,527.15,539.0,,533.2,,,19710,10510285.15,2653,F1,1,,,,,
2025-08-28,2025-08-28,CM,NSE,STK,708,INE715Y01031,SHRADHA,EQ,,,,,SHRADHA INFRAPROJECTS LTD,60.85,60.85,58.2,58.82,58.2,59.95,,58.82,,,17504,1040099.9,808,F1,1,,,,,
2025-08-28,2025-08-28,CM,NSE,STK,10588,INE712K01011,SHREEPUSHK,EQ,,,,,SHRE PUSH CHEM & FERT LTD,320.0,335.0,315.0,320.55,318.0,319.9,,320.55,,,138930,45145367.9,5405,F1,1,,,,,
2025-08-28,2025-08-28,CM,NSE,STK,3103,INE070A01015,SHREECEM,EQ,,,,,SHREE CEMENT LIMITED,30150.0,30155.0,29630.0,29675.0,29800.0,30110.0,,29675.0,,,32689,975846385.0,15801,F1,1,,,,,
2025-08-28,2025-08-28,CM,NSE,STK,3099,INE232A01011,SHREDIGCEM,EQ,,,,,SHREE DIGVIJAY CEM CO LTD,97.0,98.19,95.1,96.32,96.23,96.98,,96.3,,,1005020,96841235.17,8393,F1,1,,,,,
2025-08-28,2025-08-28,CM,NSE,STK,23074,INE0S4Y01010,SHREEKARNI,SM,,,,,SHREE KARNI FABCOM LTD,501.95,507.0,500.1,502.7,505.0,499.5,,502.7,,,2250,1134712.5,15,F1,150,,,,,
2025-08-28,2025-08-28,CM,NSE,STK,20603,INE02S501018,SHREEOSFM,SM,,,,,SHREE OSFM E-MOBILITY LTD,117.0,118.0,117.0,117.0,117.0,117.85,,117.0,,,5000,586450.0,5,F1,1000,,,,,
2025-08-28,2025-08-28,CM,NSE,STK,28635,INE008Z01020,SRPL,BZ,,,,,SHREE RAM PROTEINS LTD.,0.63,0.63,0.6,0.63,0.63,0.6,,0.63,,,1257149,789237.6,347,F1,1,,,,,
2025-08-28,2025-08-28,CM,NSE,STK,7627,INE879A01019,SHREERAMA,EQ,,,,,SHREE RAMA MULTI TECH LTD,52.5,54.72,51.31,52.42,52.99,52.2,,52.41,,,1377981,72390496.3,8305,F1,1,,,,,
2025-08-28,2025-08-28,CM,NSE,STK,13569,INE278B01020,RAMANEWS,BE,,,,,SHREE RAMA NEWSPRINT LTD,31.7,31.75,31.69,31.69,31.69,32.34,,31.7,,,13156,417181.41,40,F1,1,,,,,
2025-08-28,2025-08-28,CM,NSE,STK,12026,INE087H01022,RENUKA,EQ,,,,,SHREE RENUKA SUGARS LTD,28.9,29.1,28.51,28.69,28.56,29.17,,28.69,,,1496381,43068520.88,6872,F1,1,,,,,
2025-08-28,2025-08-28,CM,NSE,STK,21868,INE238Y01018,TIRUPATI,SM,,,,,SHREE TIRUPATI BALAJEE,476.5,476.5,476.5,476.5,476.5,501.0,,476.5,,,375,178687.5,3,F1,125,,,,,
2025-08-28,2025-08-28,CM,NSE,STK,25203,INE0S2G01011,BALAJEE,EQ,,,,,SHREE TIRUPATI BALAJEE L,51.98,51.98,49.0,51.5,51.4,52.02,,51.49,,,363170,18341802.43,4706,F1,1,,,,,
2025-08-28,2025-08-28,CM,NSE,STK,15126,INE00CE01017,SVLL,BE,,,,,SHREE VASU LOGISTICS LTD,714.0,784.0,714.0,780.95,781.5,751.1,,780.95,,,5608,4041065.95,72,F1,1,,,,,
2025-08-28,2025-08-28,CM,NSE,STK,759448,INE1B6101010,SHREEJISPG,EQ,,,,,SHREEJI SHIPPING GLOBAL L,257.2,257.95,252.6,253.2,253.05,255.1,,253.2,,,2428033,616900336.75,26476,F1,1,,,,,
2025-08-28,2025-08-28,CM,NSE,STK,14305,INE00IK01029,OSWALSEEDS,EQ,,,,,SHREEOSWAL S AND CHE LTD,15.8,15.8,15.8,15.8,15.8,16.64,,15.8,,,31761,501823.8,188,F1,1,,,,,
2025-08-28,2025-08-28,CM,NSE,STK,11149,INE632X01030,SHRENIK,EQ,,,,,SHRENIK LIMITED,0.54,0.55,0.52,0.53,0.54,0.54,,0.53,,,1212354,648701.31,532,F1,1,,,,,
2025-08-28,2025-08-28,CM,NSE,STK,9054,INE231C01019,SHREYANIND,BE,,,,,SHREYANS INDUSTRIES LTD,231.0,231.9,225.01,225.15,229.0,229.32,,226.5,,,1401,318490.15,49,F1,1,,,,,
2025-08-28,2025-08-28,CM,NSE,STK,756406,INE0DM401012,SHRIAHIMSA,SM,,,,,SHRI AHIMSA NATURALS LTD,226.0,233.0,221.2,222.3,221.2,225.25,,222.3,,,60000,13644720.0,47,F1,1200,,,,,
2025-08-28,2025-08-28,CM,NSE,STK,758568,INE0NON01025,SHKSIL,SM,,,,,SHRI HARE-KRI SPO IRON L,67.0,67.2,63.45,63.45,63.45,66.05,,63.45,,,22000,1458600.0,10,F1,2000,,,,,
2025-08-28,2025-08-28,CM,NSE,STK,24374,INF680P01422,LIQUIDSHRI,EQ,,,,,SHRIRAM - LIQUIDSHRI,1067.93,1067.95,1067.93,1067.93,1067.93,1067.81,,1067.93,,,18605,19869118.63,30,F1,1,,,,,
2025-08-28,2025-08-28,CM,NSE,STK,4306,INE721A01047,SHRIRAMFIN,EQ,,,,,SHRIRAM FINANCE LIMITED,576.75,587.95,570.0,571.65,571.25,594.7,,571.65,,,20025147,11565130174.05,217107,F1,1,,,,,
2025-08-28,2025-08-28,CM,NSE,STK,17186,INE526E01018,SHRIPISTON,EQ,,,,,SHRIRAM PIST. & RING LTD,2567.9,2614.8,2512.5,2550.6,2525.6,2567.9,,2550.2,,,69792,179769540.9,11462,F1,1,,,,,
2025-08-28,2025-08-28,CM,NSE,STK,7200,INE217L01019,SHRIRAMPPS,EQ,,,,,SHRIRAM PROPERTIES LTD,85.6,87.23,85.42,86.52,86.15,86.34,,86.54,,,250111,21637799.67,3434,F1,1,,,,,
2025-08-28,2025-08-28,CM,NSE,STK,6451,INE01Z401013,SHUBHLAXMI,SM,,,,,SHUBHLAXMI JEWEL ART LTD,13.85,13.85,13.85,13.85,13.85,14.0,,13.85,,,2000,27700.0,2,F1,1000,,,,,
2025-08-28,2025-08-28,CM,NSE,STK,25240,INE0UL701015,SHUBHSHREE,SM,,,,,SHUBHSHREE BIOFUELS ENE L,449.95,449.95,439.95,439.95,439.95,427.0,,439.95,,,1800,803310.0,3,F1,600,,,,,
2025-08-28,2025-08-28,CM,NSE,STK,10192,INE979R01011,SHYAMCENT,BE,,,,,SHYAM CENTURY FERROUS LTD,7.0,7.44,6.9,7.12,7.12,7.11,,7.12,,,70219,503821.53,192,F1,1,,,,,
2025-08-28,2025-08-28,CM,NSE,STK,4693,INE810G01011,SHYAMMETL,EQ,,,,,SHYAM METALICS AND ENGY L,934.95,938.0,900.6,905.9,903.1,941.45,,905.95,,,195299,179776857.4,13850,F1,1,,,,,
2025-08-28,2025-08-28,CM,NSE,STK,13741,INE635A01023,SHYAMTEL,BE,,,,,SHYAM TELECOM LIMITED,14.25,14.4,13.3,13.33,13.33,14.0,,13.33,,,10771,144126.87,41,F1,1,,,,,
2025-08-28,2025-08-28,CM,NSE,STK,19440,INE075B01020,SICALLOG,BE,,,,,SICAL LOGISTICS LIMITED,98.0,98.0,93.1,95.97,95.9,98.0,,94.78,,,4348,405872.65,82,F1,1,,,,,
2025-08-28,2025-08-28,CM,NSE,STK,756871,INE1NPP01017,ENRIN,EQ,,,,,SIEMENS ENERGY INDIA LTD,3339.9,3437.9,3321.1,3379.0,3388.0,3337.0,,3379.2,,,736641,2490449485.3,79105,F1,1,,,,,
2025-08-28,2025-08-28,CM,NSE,STK,3150,INE003A01024,SIEMENS,EQ,,,,,SIEMENS LTD,3057.7,3078.0,3017.9,3043.2,3043.0,3048.0,,3043.2,,,527913,1611569125.7,43523,F1,1,,,,,
2025-08-28,2025-08-28,CM,NSE,STK,6663,INE0D0K01022,SIGACHI,EQ,,,,,SIGACHI INDUSTRIES LTD,31.07,31.3,30.54,30.71,30.81,31.02,,30.71,,,1995285,61273043.9,6444,F1,1,,,,,
2025-08-28,2025-08-28,CM,NSE,STK,16664,INE0A0S01010,SIGMA,BE,,,,,SIGMA SOLVE LIMITED,411.25,412.0,401.0,407.5,408.7,411.25,,407.6,,,9059,3686064.95,132,F1,1,,,,,
2025-08-28,2025-08-28,CM,NSE,STK,18743,INE903U01023,SIGNATURE,EQ,,,,,SIGNATUREGLOBAL INDIA LTD,1115.0,1115.1,1100.2,1104.2,1101.0,1116.7,,1104.2,,,261641,289463746.2,7170,F1,1,,,,,
2025-08-28,2025-08-28,CM,NSE,STK,4517,INE529F01035,SIGIND,BE,,,,,SIGNET INDUSTRIES LIMITED,54.0,56.0,52.46,54.46,54.44,55.14,,54.31,,,7117,389675.77,49,F1,1,,,,,
2025-08-28,2025-08-28,CM,NSE,STK,22656,INE0KGZ01021,SIGNPOST,EQ,,,,,SIGNPOST INDIA LIMITED,287.5,288.54,277.2,280.36,281.42,290.2,,280.22,,,67513,19052177.88,2359,F1,1,,,,,
2025-08-28,2025-08-28,CM,NSE,STK,6218,INE112X01017,SIKKO,EQ,,,,,SIKKO INDUSTRIES LIMITED,67.9,69.95,67.72,68.67,68.32,68.08,,68.67,,,18501,1267016.62,401,F1,1,,,,,
2025-08-28,2025-08-28,CM,NSE,STK,4105,INE923A01015,SILINV,EQ,,,,,SIL INVESTMENTS LIMITED,560.4,575.0,560.4,561.8,568.0,568.65,,561.85,,,1775,1001325.4,205,F1,1,,,,,
2025-08-28,2025-08-28,CM,NSE,STK,2492,INE01II01013,SILGO,EQ,,,,,SILGO RETAIL LIMITED,64.86,65.9,64.8,64.8,64.8,68.22,,64.8,,,23436,1521367.17,201,F1,1,,,,,
2025-08-28,2025-08-28,CM,NSE,STK,19097,INE203Y01012,SILLYMONKS,EQ,,,,,SILLY MONKS ENTERTAIN LTD,16.0,16.1,15.55,16.09,16.09,16.19,,16.09,,,8190,130421.43,28,F1,1,,,,,
2025-08-28,2025-08-28,CM,NSE,STK,9422,INE625X01018,SILVERTUC,EQ,,,,,SILVER TOUCH TECHNO LTD,714.9,720.0,682.5,693.1,694.5,705.85,,693.15,,,4665,3279021.65,636,F1,1,,,,,
2025-08-28,2025-08-28,CM,NSE,STK,14616,INE748T01016,SIMBHALS,BE,,,,,SIMBHAOLI SUGARS LTD.,14.79,14.79,14.16,14.45,14.45,14.8,,14.46,,,7061,102473.72,52,F1,1,,,,,
2025-08-28,2025-08-28,CM,NSE,STK,3162,INE059B01024,SIMPLEXINF,EQ,,,,,SIMPLEX INFRASTRUCTURES L,295.0,304.0,289.4,296.45,293.0,294.65,,296.45,,,54338,16146328.1,2244,F1,1,,,,,
2025-08-28,2025-08-28,CM,NSE,STK,23480,INE985A01022,SINCLAIR,EQ,,,,,SINCLAIRS HOTELS LIMITED,99.6,101.39,96.25,97.49,98.0,99.6,,97.52,,,91086,9048295.98,1934,F1,1,,,,,
2025-08-28,2025-08-28,CM,NSE,STK,16859,INE325D01025,SINDHUTRAD,EQ,,,,,SINDHU TRADE LINKS LTD,24.1,24.48,23.4,23.65,23.66,24.1,,23.62,,,601339,14345057.43,2735,F1,1,,,,,
2025-08-28,2025-08-28,CM,NSE,STK,381,INE129Z01016,SINTERCOM,EQ,,,,,SINTERCOM INDIA LIMITED,125.09,128.09,123.0,123.51,124.0,123.12,,123.51,,,2421,301515.35,177,F1,1,,,,,
2025-08-28,2025-08-28,CM,NSE,STK,11050,INE792Z01011,SIRCA,EQ,,,,,SIRCA PAINT INDIA LIMITED,460.45,461.15,450.0,451.55,451.9,456.8,,451.65,,,236511,107463345.15,5410,F1,1,,,,,
2025-08-28,2025-08-28,CM,NSE,STK,21501,INE285J01028,SIS,EQ,,,,,SIS LIMITED,361.5,371.9,357.8,359.95,361.95,366.95,,359.95,,,93129,33888412.0,4614,F1,1,,,,,
2025-08-28,2025-08-28,CM,NSE,STK,29210,INE965H01011,SITINET,BZ,,,,,SITI NETWORKS LIMITED,0.48,0.5,0.48,0.49,0.5,0.49,,0.49,,,160361,78333.81,110,F1,1,,,,,
2025-08-28,2025-08-28,CM,NSE,STK,14096,INE076B01028,SIYSIL,EQ,,,,,SIYARAM SILK MILLS LTD,615.0,618.1,605.0,608.4,609.0,621.15,,608.35,,,38049,23201363.85,4902,F1,1,,,,,
2025-08-28,2025-08-28,CM,NSE,STK,6643,INE284S01014,SJS,EQ,,,,,SJS ENTERPRISES LIMITED,1358.9,1369.9,1337.0,1343.2,1345.0,1361.2,,1343.1,,,107055,144765217.6,15723,F1,1,,,,,
2025-08-28,2025-08-28,CM,NSE,STK,18883,INE002L01015,SJVN,EQ,,,,,SJVN LTD,99.1,100.31,95.5,96.17,95.84,99.23,,96.17,,,7407024,724189384.89,29565,F1,1,,,,,
2025-08-28,2025-08-28,CM,NSE,STK,3186,INE640A01023,SKFINDIA,EQ,,,,,SKF INDIA LTD,4515.4,4559.9,4464.0,4491.9,4481.0,4552.3,,4491.9,,,15001,67894813.6,3534,F1,1,,,,,
2025-08-28,2025-08-28,CM,NSE,STK,9428,INE439E01022,SKIPPER,EQ,,,,,SKIPPER LIMITED,524.55,529.45,512.8,527.1,525.15,524.3,,527.05,,,361880,189934831.3,13415,F1,1,,,,,
2025-08-28,2025-08-28,CM,NSE,STK,10056,INE411D01015,SKMEGGPROD,BE,,,,,SKM EGG PROD-ROLL SETT,355.0,362.0,345.25,353.95,357.0,363.4,,354.4,,,91830,32561963.55,1096,F1,1,,,,,
2025-08-28,2025-08-28,CM,NSE,STK,10325,INE0KZA01016,SKP,SM,,,,,SKP BEARING INDUSTRI. LTD,231.5,236.9,228.95,230.0,230.0,225.75,,230.0,,,32500,7494150.0,28,F1,500,,,,,
2025-08-28,2025-08-28,CM,NSE,STK,13631,INE01IU01018,SKYGOLD,EQ,,,,,SKY GOLD AND DIAMONDS LTD,303.5,304.1,291.7,295.75,295.25,304.8,,295.65,,,646572,192649373.8,11130,F1,1,,,,,
2025-08-28,2025-08-28,CM,NSE,STK,23689,INE0SMA01017,SLONE,SM,,,,,SLONE INFOSYSTEMS LIMITED,304.35,304.35,280.5,297.0,297.0,294.4,,297.0,,,10400,2985480.0,12,F1,800,,,,,
2025-08-28,2025-08-28,CM,NSE,STK,757619,INE14GK01016,SMARTEN,SM,,,,,SMARTEN POWER SYSTEMS LTD,99.15,106.9,99.15,103.3,103.7,99.15,,103.3,,,73200,7598160.0,60,F1,1200,,,,,
2025-08-28,2025-08-28,CM,NSE,STK,9889,INE178C01020,SMARTLINK,EQ,,,,,SMARTLINK HOLDINGS LTD,145.98,147.8,145.84,146.3,146.0,147.27,,146.27,,,1216,177879.7,115,F1,1,,,,,
2025-08-28,2025-08-28,CM,NSE,STK,757965,INE0NAZ01010,SMARTWORKS,EQ,,,,,SMARTWORKS COWORKING SP L,486.6,493.8,474.75,485.7,486.0,491.05,,485.7,,,136888,66273409.25,6401,F1,1,,,,,
2025-08-28,2025-08-28,CM,NSE,STK,2320,INE103C01036,SMCGLOBAL,EQ,,,,,SMC GLOBAL SECURITIES LTD,130.1,133.29,128.16,129.78,130.0,132.99,,129.78,,,42064,5514860.65,851,F1,1,,,,,
2025-08-28,2025-08-28,CM,NSE,STK,3387,INE294B01019,SMLISUZU,EQ,,,,,SML ISUZU LIMITED,4400.0,4507.9,4263.6,4303.5,4303.0,4467.4,,4303.1,,,117793,514583293.1,13803,F1,1,,,,,
2025-08-28,2025-08-28,CM,NSE,STK,21551,INE320X01016,SMSLIFE,EQ,,,,,SMS LIFESCIENCES (I) LTD,1108.0,1108.0,1085.0,1095.2,1100.0,1096.4,,1095.1,,,1621,1775448.2,233,F1,1,,,,,
2025-08-28,2025-08-28,CM,NSE,STK,14329,INE812G01025,SMSPHARMA,EQ,,,,,SMS PHARMACEUTICALS LTD.,234.0,256.0,221.02,225.77,222.5,231.41,,225.78,,,1897056,461082199.69,35758,F1,1,,,,,
2025-08-28,2025-08-28,CM,NSE,STK,4843,INE734N01019,SNOWMAN,EQ,,,,,SNOWMAN LOGISTICS LTD.,52.7,52.71,50.37,50.77,50.62,52.34,,50.78,,,227548,11705044.67,2269,F1,1,,,,,
2025-08-28,2025-08-28,CM,NSE,STK,13826,INE671H01015,SOBHA,EQ,,,,,SOBHA LIMITED,1480.0,1493.0,1463.0,1480.0,1485.0,1487.1,,1480.0,,,75253,111256428.5,8217,F1,1,,,,,
2025-08-28,2025-08-28,CM,NSE,STK,8266,INE728Z01015,SOFTTECH,EQ,,,,,SOFTTECH ENGINEERS LTD,389.05,397.95,377.95,389.25,388.0,382.7,,388.9,,,22864,8941687.35,821,F1,1,,,,,
2025-08-28,2025-08-28,CM,NSE,STK,13332,INE343H01029,SOLARINDS,EQ,,,,,SOLAR INDUSTRIES (I) LTD,14200.0,14239.0,13770.0,13813.0,13817.0,14233.0,,13813.0,,,107635,1499474290.0,36640,F1,1,,,,,
2025-08-28,2025-08-28,CM,NSE,STK,3672,INE624Z01016,SOLARA,EQ,,,,,SOLARA ACTIVE PHA SCI LTD,610.0,620.55,602.6,612.1,611.0,608.05,,612.1,,,59181,36257070.2,6545,F1,1,,,,,
2025-08-28,2025-08-28,CM,NSE,STK,756939,IN9624Z01022,SOLARAPP1,E1,,,,,SOLARA RS. 7 PPD UP,432.05,433.05,432.0,433.05,433.05,432.0,,432.55,,,40,17306.75,17,F1,1,,,,,
2025-08-28,2025-08-28,CM,NSE,STK,1234,INE880Y01017,SOLEX,ST,,,,,SOLEX ENERGY LIMITED,1337.5,1337.5,1270.2,1294.25,1300.0,1300.3,,1294.25,,,12250,15902887.5,86,F1,125,,,,,
2025-08-28,2025-08-28,CM,NSE,STK,1338,INE480C01038,SDBL,EQ,,,,,SOM DIST & BREW LTD,138.99,139.4,136.3,136.73,137.0,139.42,,136.73,,,659333,90839130.65,9642,F1,1,,,,,
2025-08-28,2025-08-28,CM,NSE,STK,9104,INE314C01013,SOMATEX,BE,,,,,SOMA TEXTILEI NDUSTRIES L,85.26,85.26,85.26,85.26,85.26,87.01,,85.51,,,6372,543276.72,40,F1,1,,,,,
2025-08-28,2025-08-28,CM,NSE,STK,3880,INE355A01028,SOMANYCERA,EQ,,,,,SOMANY CERAMICS LIMITED,468.1,473.8,458.0,460.4,460.55,472.05,,460.35,,,24036,11122896.45,3223,F1,1,,,,,
2025-08-28,2025-08-28,CM,NSE,STK,17794,INE323J01019,SOMICONVEY,EQ,,,,,SOMI CONVEYOR BELT. LTD.,141.2,145.18,140.07,140.46,140.07,144.62,,140.47,,,6623,940835.91,392,F1,1,,,,,
2025-08-28,2025-08-28,CM,NSE,STK,4684,INE073K01018,SONACOMS,EQ,,,,,SONA BLW PRECISION FRGS L,453.0,459.1,446.65,450.35,451.1,453.7,,450.35,,,3245285,1465511568.75,42589,F1,1,,,,,
2025-08-28,2025-08-28,CM,NSE,STK,23052,INE0Q6H01012,SONAMAC,SM,,,,,SONA MACHINERY LIMITED,72.1,75.7,72.1,74.85,75.7,72.1,,74.85,,,7000,516300.0,6,F1,1000,,,,,
2025-08-28,2025-08-28,CM,NSE,STK,8806,INE00LM01029,SONAMLTD,EQ,,,,,SONAM LIMITED,49.68,51.33,49.0,50.04,49.1,49.68,,50.04,,,167600,8438795.38,726,F1,1,,,,,
2025-08-28,2025-08-28,CM,NSE,STK,6596,INE269A01021,SONATSOFTW,EQ,,,,,SONATA SOFTWARE LTD,363.95,366.2,356.0,358.2,359.9,364.25,,358.2,,,825519,297749915.35,25897,F1,1,,,,,
2025-08-28,2025-08-28,CM,NSE,STK,9458,INE0JZA01018,SONUINFRA,SM,,,,,SONU INFRATECH LIMITED,106.0,115.0,106.0,115.0,115.0,111.0,,115.0,,,27000,3004350.0,18,F1,1500,,,,,
2025-08-28,2025-08-28,CM,NSE,STK,9679,INE980Y01015,SOUTHWEST,BE,,,,,SOUTH WEST PINNACLE LTD,135.85,138.65,135.85,137.54,137.98,135.62,,137.54,,,23968,3281760.77,168,F1,1,,,,,
2025-08-28,2025-08-28,CM,NSE,STK,8521,INE0JW501011,SPRL,SM,,,,,SP REFRACTORIES LIMITED,132.75,132.75,132.75,132.75,132.75,139.7,,132.75,,,800,106200.0,1,F1,800,,,,,
2025-08-28,2025-08-28,CM,NSE,STK,19375,INE970N01027,SPCENET,BE,,,,,SPACENET ENTERS IND LTD,5.25,5.34,4.91,5.09,5.15,5.16,,5.09,,,602946,3035984.11,563,F1,1,,,,,
2025-08-28,2025-08-28,CM,NSE,STK,758420,IN9572J01019,SSFLPP,E1,,,,,SPANDANA RS.5 PPD UP,113.5,115.85,112.45,112.65,113.05,114.3,,112.65,,,14200,1608704.9,201,F1,1,,,,,
2025-08-28,2025-08-28,CM,NSE,STK,11435,INE572J01011,SPANDANA,EQ,,,,,SPANDANA SPHOORTY FIN LTD,243.4,246.9,240.8,242.7,242.85,247.1,,242.7,,,92421,22467037.8,5115,F1,1,,,,,
2025-08-28,2025-08-28,CM,NSE,STK,27107,INE247M01014,SPECIALITY,EQ,,,,,SPECIALITY REST LTD,123.06,123.79,122.51,123.45,123.54,123.06,,123.3,,,16350,2018344.12,294,F1,1,,,,,
2025-08-28,2025-08-28,CM,NSE,STK,30455,INE01EO01010,SPECTRUM,EQ,,,,,SPECTRUM ELECTRIC IND LTD,1420.0,1511.5,1420.0,1501.3,1467.1,1505.0,,1501.3,,,8431,12549604.5,1486,F1,1,,,,,
2025-08-28,2025-08-28,CM,NSE,STK,16876,INE0OL001018,SPECTSTM,SM,,,,,SPECTRUM TALENT MGMT LTD,109.0,109.0,109.0,109.0,109.0,109.9,,109.0,,,800,87200.0,1,F1,800,,,,,
2025-08-28,2025-08-28,CM,NSE,STK,8163,INE020801028,SPENCERS,EQ,,,,,SPENCER S RETAIL LIMITED,57.58,58.4,56.25,56.46,56.25,57.89,,56.48,,,68419,3914798.36,2304,F1,1,,,,,
2025-08-28,2025-08-28,CM,NSE,STK,3252,INE147A01011,SPIC,EQ,,,,,SPIC LTD,108.0,108.79,102.99,103.8,103.42,108.31,,103.8,,,1072982,113449902.57,7931,F1,1,,,,,
2025-08-28,2025-08-28,CM,NSE,STK,11935,INE978G01016,SPLIL,EQ,,,,,SPL INDUSTRIES LIMITED,41.26,41.49,38.5,40.21,40.79,40.85,,40.19,,,24445,985707.73,433,F1,1,,,,,
2025-08-28,2025-08-28,CM,NSE,STK,3321,INE937A01023,SPMLINFRA,EQ,,,,,SPML INFRA LIMITED,276.4,279.9,264.45,266.3,266.2,273.15,,266.3,,,371321,101092788.0,9074,F1,1,,,,,
2025-08-28,2025-08-28,CM,NSE,STK,10733,INE885H01029,SPORTKING,EQ,,,,,SPORTKING INDIA LIMITED,109.0,111.04,106.8,108.31,108.47,110.08,,108.32,,,223187,24184171.66,3657,F1,1,,,,,
2025-08-28,2025-08-28,CM,NSE,STK,25306,INE0QR801013,SPPPOLY,SM,,,,,SPP POLYMER LIMITED,16.5,16.5,16.5,16.5,16.5,16.5,,16.5,,,2000,33000.0,1,F1,2000,,,,,
2025-08-28,2025-08-28,CM,NSE,STK,757865,INE19QH01010,SPUNWEB,SM,,,,,SPUNWEB NONWOVEN LIMITED,141.1,146.45,141.1,141.85,141.85,144.1,,141.85,,,21600,3103920.0,17,F1,1200,,,,,
2025-08-28,2025-08-28,CM,NSE,STK,14582,INE917H01012,SRHHYPOLTD,EQ,,,,,SREE RAYALSEEMA HHP LTD.,594.8,594.8,575.0,576.55,578.0,588.5,,576.6,,,20547,11925723.5,1714,F1,1,,,,,
2025-08-28,2025-08-28,CM,NSE,STK,31837,INE099F01013,SREEL,EQ,,,,,SREELEATHERS LIMITED,228.96,230.6,225.61,228.01,228.99,228.59,,228.02,,,3636,828105.4,251,F1,1,,,,,
2025-08-28,2025-08-28,CM,NSE,STK,3273,INE647A01010,SRF,EQ,,,,,SRF LTD,2830.0,2858.4,2812.8,2850.8,2850.0,2849.2,,2850.8,,,363957,1034727535.7,34754,F1,1,,,,,
2025-08-28,2025-08-28,CM,NSE,STK,18119,INE559N01010,SRGHFL,EQ,,,,,SRG HOUSING FINANCE L,317.65,320.0,303.6,310.3,307.1,318.05,,310.25,,,3011,933209.3,240,F1,1,,,,,
2025-08-28,2025-08-28,CM,NSE,STK,23367,INE416A01044,SABTNL,BE,,,,,SRI ADHIKARI BRO TELE N L,1129.3,1148.45,1121.0,1148.45,1148.45,1093.8,,1149.2,,,7167,8192728.6,498,F1,1,,,,,
2025-08-28,2025-08-28,CM,NSE,STK,8417,INE293B01029,HAVISHA,BE,,,,,SRI HAVISHA HOSP & INFR L,2.13,2.13,2.06,2.06,2.06,2.06,,2.06,,,12529,26229.56,57,F1,1,,,,,
2025-08-28,2025-08-28,CM,NSE,STK,758145,INE0V9Q01010,LOTUSDEV,EQ,,,,,SRI LOTUS DEVLPRS N RTY L,180.5,187.4,175.2,180.03,180.0,188.47,,180.05,,,6451271,1174728768.2,62664,F1,1,,,,,
2025-08-28,2025-08-28,CM,NSE,STK,18056,INE0ON201012,SSFL,SM,,,,,SRIVARI SPICES N FOODS L,155.5,158.0,152.1,152.1,152.1,155.5,,152.1,,,6000,937875.0,11,F1,500,,,,,
2025-08-28,2025-08-28,CM,NSE,STK,23402,INE0R6Z01013,SRM,EQ,,,,,SRM CONTRACTORS LIMITED,474.8,485.7,456.1,462.8,464.05,475.25,,462.85,,,72244,33656241.4,3783,F1,1,,,,,
2025-08-28,2025-08-28,CM,NSE,STK,29204,INE0RYC01010,STALLION,EQ,,,,,STALLION IND FLUOROCHEM L,148.89,153.8,145.26,148.98,148.31,147.97,,149.0,,,1185677,178111289.6,12252,F1,1,,,,,
2025-08-28,2025-08-28,CM,NSE,STK,29077,INE0M4D01010,SGLTL,BE,,,,,STANDARD GLASS LIN TECH L,175.5,185.0,175.5,182.21,181.87,179.01,,182.17,,,181661,33072403.53,1214,F1,1,,,,,
2025-08-28,2025-08-28,CM,NSE,STK,11297,INE173A01025,SIL,EQ,,,,,STANDARD INDUSTRIES LTD.,18.58,19.0,18.51,18.68,18.65,18.96,,18.75,,,18213,339731.32,359,F1,1,,,,,
2025-08-28,2025-08-28,CM,NSE,STK,24226,INE01A001028,STANLEY,EQ,,,,,STANLEY LIFESTYLES LTD,305.2,305.2,297.25,302.25,301.0,300.75,,302.35,,,19098,5759410.15,1686,F1,1,,,,,
2025-08-28,2025-08-28,CM,NSE,STK,21091,INE460H01021,STARCEMENT,EQ,,,,,STAR CEMENT LIMITED,282.7,285.87,278.0,281.25,280.36,282.8,,281.25,,,265374,75008319.55,11610,F1,1,,,,,
2025-08-28,2025-08-28,CM,NSE,STK,7083,INE575P01011,STARHEALTH,EQ,,,,,STAR HEALTH & AL INS CO L,435.05,450.6,428.55,442.75,450.0,435.05,,442.8,,,602002,264793219.45,19839,F1,1,,,,,
2025-08-28,2025-08-28,CM,NSE,STK,3291,INE733A01018,STARPAPER,EQ,,,,,STAR PAPER MILLS LTD,176.65,176.65,172.01,173.9,174.0,176.35,,173.91,,,20390,3561714.69,435,F1,1,,,,,
2025-08-28,2025-08-28,CM,NSE,STK,9305,INE992I01013,STARTECK,EQ,,,,,STARTECK FINANCE LIMITED,324.0,325.05,312.4,313.35,313.0,317.05,,313.55,,,9982,3162256.75,342,F1,1,,,,,
2025-08-28,2025-08-28,CM,NSE,STK,3045,INE062A01020,SBIN,EQ,,,,,STATE BANK OF INDIA,807.25,811.0,800.65,801.95,802.9,807.85,,801.95,,,7898436,6367629468.0,163534,F1,1,,,,,
2025-08-28,2025-08-28,CM,NSE,STK,23256,INE062A01020,SBIN,T0,,,,,STATE BANK OF INDIA,810.0,810.0,810.0,801.95,810.0,807.85,,801.95,,,3,2430.0,2,F1,1,,,,,
2025-08-28,2025-08-28,CM,NSE,STK,2963,INE114A01011,SAIL,EQ,,,,,STEEL AUTHORITY OF INDIA,119.87,120.0,118.1,119.25,119.2,119.94,,119.25,,,7776953,926940709.36,38294,F1,1,,,,,
2025-08-28,2025-08-28,CM,NSE,STK,10406,INE395H01011,STEELCITY,EQ,,,,,STEEL CITY SECURITIES LTD,103.8,105.09,103.8,104.01,104.0,104.44,,104.01,,,6206,647138.38,228,F1,1,,,,,
2025-08-28,2025-08-28,CM,NSE,STK,21339,INE503B01021,STEELXIND,EQ,,,,,STEEL EXCHANGE INDIA LTD,9.02,9.02,8.62,8.8,8.81,9.05,,8.8,,,2396692,21159154.78,4098,F1,1,,,,,
2025-08-28,2025-08-28,CM,NSE,STK,11829,INE802C01033,SSWL,EQ,,,,,STEEL STRIPS WHEELS LTD.,212.3,215.0,209.89,211.8,214.99,214.21,,211.78,,,130615,27651811.07,6227,F1,1,,,,,
2025-08-28,2025-08-28,CM,NSE,STK,6803,INE124E01020,STEELCAS,EQ,,,,,STEELCAST LIMITED,1090.0,1110.9,1060.1,1095.5,1093.0,1084.4,,1095.6,,,23143,25326804.7,3878,F1,1,,,,,
2025-08-28,2025-08-28,CM,NSE,STK,21484,INE577L01016,STEL,EQ,,,,,STEL HOLDINGS LIMITED,440.0,469.5,436.7,450.65,458.0,449.75,,450.65,,,31067,14079288.0,662,F1,1,,,,,
2025-08-28,2025-08-28,CM,NSE,STK,4299,INE334A01023,STERTOOLS,EQ,,,,,STERLING TOOLS LIMITED,308.0,312.05,303.45,305.2,304.9,310.5,,305.25,,,51253,15707079.75,1870,F1,1,,,,,
2025-08-28,2025-08-28,CM,NSE,STK,9309,INE089C01029,STLTECH,EQ,,,,,STERLITE TECHNOLOGIES LTD,124.95,126.71,119.7,120.65,122.6,125.75,,120.65,,,1699110,208964336.04,17912,F1,1,,,,,
2025-08-28,2025-08-28,CM,NSE,STK,13370,INE353H01010,SGL,BE,,,,,STL GLOBAL LIMITED,13.06,14.07,12.84,13.33,13.15,13.4,,13.32,,,12391,168861.88,72,F1,1,,,,,
2025-08-28,2025-08-28,CM,NSE,STK,2107,INE00IN01015,STOVEKRAFT,EQ,,,,,STOVE KRAFT LIMITED,658.95,664.15,635.2,639.95,641.0,659.25,,639.8,,,133724,86582112.05,11185,F1,1,,,,,
2025-08-28,2025-08-28,CM,NSE,STK,7374,INE939A01011,STAR,EQ,,,,,STRIDES PHARMA SCI LTD,860.65,861.55,839.0,845.0,841.0,860.25,,845.05,,,248449,210475251.85,15311,F1,1,,,,,
2025-08-28,2025-08-28,CM,NSE,STK,12489,INE00M201021,SWSOLAR,EQ,,,,,STRLNG & WIL REN ENE LTD,265.85,266.7,261.2,262.1,263.1,266.65,,262.1,,,1224426,322713435.5,24459,F1,1,,,,,
2025-08-28,2025-08-28,CM,NSE,STK,758530,INE17VO01028,STUDIOLSD,ST,,,,,STUDIO LSD LIMITED,37.05,37.05,37.05,37.05,37.05,39.0,,37.05,,,18000,666900.0,7,F1,2000,,,,,
2025-08-28,2025-08-28,CM,NSE,STK,5186,INE239C01020,STYLAMIND,EQ,,,,,STYLAM INDUSTRIES LIMITED,1670.0,1675.2,1640.5,1670.1,1668.0,1670.9,,1670.1,,,22451,37179320.5,2553,F1,1,,,,,
2025-08-28,2025-08-28,CM,NSE,STK,19,INE189B01011,STYRENIX,EQ,,,,,STYRENIX PERFORMANCE LTD,2665.0,2738.7,2657.0,2721.1,2714.2,2688.3,,2721.1,,,28198,75978626.5,5642,F1,1,,,,,
2025-08-28,2025-08-28,CM,NSE,STK,959,INE754A01055,SUBEXLTD,BE,,,,,SUBEX LTD,12.98,13.1,12.61,12.72,12.8,13.01,,12.71,,,432078,5546459.76,1144,F1,1,,,,,
2025-08-28,2025-08-28,CM,NSE,STK,3324,INE287B01021,SUBROS,EQ,,,,,SUBROS LIMITED,859.0,894.0,845.55,870.45,870.0,860.0,,870.0,,,86165,75538149.7,9846,F1,1,,,,,
2025-08-28,2025-08-28,CM,NSE,STK,3327,INE659A01023,SUDARSCHEM,EQ,,,,,SUDARSHAN CHEMICAL INDS L,1437.0,1521.0,1420.0,1500.3,1503.0,1432.8,,1500.5,,,479146,715856173.0,40195,F1,1,,,,,
2025-08-28,2025-08-28,CM,NSE,STK,11804,INE450E01029,SUKHJITS,EQ,,,,,SUKHJIT STARCH & CHEM LTD,169.9,174.75,166.99,170.87,171.97,167.44,,170.84,,,7801,1323956.56,427,F1,1,,,,,
2025-08-28,2025-08-28,CM,NSE,STK,13218,INE142Q01026,SULA,EQ,,,,,SULA VINEYARDS LIMITED,250.55,252.0,246.05,247.75,247.65,250.35,,247.75,,,429794,106825599.95,19705,F1,1,,,,,
2025-08-28,2025-08-28,CM,NSE,STK,20794,INE235C01028,SUMEETINDS,BE,,,,,SUMEET IND LIMITED,106.01,108.55,104.54,104.54,104.54,110.05,,104.54,,,73638,7747985.18,232,F1,1,,,,,
2025-08-28,2025-08-28,CM,NSE,STK,11140,INE748Z01013,SUMIT,EQ,,,,,SUMIT WOODS LIMITED,98.0,98.0,89.98,91.65,91.94,95.0,,91.65,,,41172,3853641.99,1111,F1,1,,,,,
2025-08-28,2025-08-28,CM,NSE,STK,17105,INE258G01013,SUMICHEM,EQ,,,,,SUMITOMO CHEM INDIA LTD,565.0,569.8,560.3,566.8,567.1,570.0,,566.8,,,161353,91273255.55,14693,F1,1,,,,,
2025-08-28,2025-08-28,CM,NSE,STK,21275,INE519C01017,SUMMITSEC,EQ,,,,,SUMMIT SECURITIES LTD,2338.0,2340.4,2206.0,2240.8,2210.0,2340.8,,2243.0,,,32601,74608246.5,7567,F1,1,,,,,
2025-08-28,2025-08-28,CM,NSE,STK,14788,INE232I01014,SPARC,EQ,,,,,SUN PHARMA ADV.RES.CO.LTD,142.99,144.0,139.8,140.27,140.52,142.59,,140.27,,,142247,20041409.45,3988,F1,1,,,,,
2025-08-28,2025-08-28,CM,NSE,STK,3351,INE044A01036,SUNPHARMA,EQ,,,,,SUN PHARMACEUTICAL IND L,1593.1,1600.0,1567.6,1585.7,1587.9,1600.3,,1585.7,,,4993739,7890161881.6,178923,F1,1,,,,,
2025-08-28,2025-08-28,CM,NSE,STK,13404,INE424H01027,SUNTV,EQ,,,,,SUN TV NETWORK LIMITED,552.5,557.3,550.2,552.65,551.0,555.15,,552.65,,,103538,57305157.6,10704,F1,1,,,,,
2025-08-28,2025-08-28,CM,NSE,STK,4179,INE073D01013,SUNDRMBRAK,EQ,,,,,SUNDARAM BRAK LININGS LTD,783.15,788.45,767.0,775.9,772.5,783.15,,775.7,,,1265,980321.6,212,F1,1,,,,,
2025-08-28,2025-08-28,CM,NSE,STK,20956,INE0Q3R01026,SUNCLAY,EQ,,,,,SUNDARAM CLAYTON LIMITED,1800.0,1800.0,1636.1,1652.8,1636.1,1651.5,,1652.6,,,37794,63581703.1,7330,F1,1,,,,,
2025-08-28,2025-08-28,CM,NSE,STK,2183,INE202Z01029,SUNDARMHLD,EQ,,,,,SUNDARAM FINANCE HOLD LTD,483.1,487.25,476.05,478.2,478.0,483.8,,478.2,,,198539,95319436.05,11922,F1,1,,,,,
2025-08-28,2025-08-28,CM,NSE,STK,3339,INE660A01013,SUNDARMFIN,EQ,,,,,SUNDARAM FINANCE LTD,4805.1,4851.4,4605.0,4625.4,4643.0,4878.9,,4625.3,,,187753,875755554.3,28888,F1,1,,,,,
2025-08-28,2025-08-28,CM,NSE,STK,18931,INE108E01023,SUNDARAM,EQ,,,,,SUNDARAM MULTI PAP LTD,2.04,2.04,1.98,1.98,1.99,2.01,,1.98,,,514511,1026587.52,535,F1,1,,,,,
2025-08-28,2025-08-28,CM,NSE,STK,3345,INE387A01021,SUNDRMFAST,EQ,,,,,SUNDRAM FASTENERS LTD,970.0,1035.0,965.0,1020.3,1006.3,970.5,,1020.25,,,783550,792116922.45,55239,F1,1,,,,,
2025-08-28,2025-08-28,CM,NSE,STK,1663,INE209A01019,SUNDROP,EQ,,,,,SUNDROP BRANDS LIMITED,810.0,820.0,798.0,801.05,802.0,811.25,,801.0,,,14489,11685401.7,1687,F1,1,,,,,
2025-08-28,2025-08-28,CM,NSE,STK,3348,INE947A01014,SUNFLAG,EQ,,,,,SUNFLAG IRON AND STEEL CO,274.7,278.35,269.0,269.85,270.95,275.6,,269.85,,,218474,59583715.2,10246,F1,1,,,,,
2025-08-28,2025-08-28,CM,NSE,STK,18264,INE0O3O01017,SEL,SM,,,,,SUNGARNER ENERGIES LTD,249.9,250.0,245.0,245.0,245.0,243.85,,245.0,,,800,198980.0,4,F1,200,,,,,
2025-08-28,2025-08-28,CM,NSE,STK,24872,INE0U2N01013,SUNLITE,ST,,,,,SUNLITE RECYCLING IND LTD,159.1,159.1,159.1,159.1,159.1,158.9,,159.1,,,3600,572760.0,3,F1,1200,,,,,
2025-08-28,2025-08-28,CM,NSE,STK,757763,INE0SGZ01016,SUNTECH,SM,,,,,SUNTECH INFRA SOLUTIONS L,71.95,71.95,64.0,66.3,66.5,72.4,,66.3,,,96000,6408160.0,56,F1,1600,,,,,
2025-08-28,2025-08-28,CM,NSE,STK,17641,INE805D01034,SUNTECK,EQ,,,,,SUNTECK REALTY LIMITED,394.6,394.6,383.0,386.3,385.55,388.7,,386.3,,,126844,49086318.95,12227,F1,1,,,,,
2025-08-28,2025-08-28,CM,NSE,STK,3357,INE662A01027,SUPERSPIN,EQ,,,,,SUPER SPINNING MILLS LTD,9.6,9.83,9.35,9.47,9.58,9.56,,9.49,,,20177,191305.41,150,F1,1,,,,,
2025-08-28,2025-08-28,CM,NSE,STK,20616,INE712B01010,SUPERHOUSE,EQ,,,,,SUPERHOUSE LIMITED,152.39,152.99,149.99,150.47,151.68,151.65,,150.51,,,4118,623643.81,198,F1,1,,,,,
2025-08-28,2025-08-28,CM,NSE,STK,11689,INE399C01030,SUPRAJIT,EQ,,,,,SUPRAJIT ENGINEERING LTD,441.0,463.85,439.2,453.0,451.55,444.9,,452.95,,,162268,73824406.8,11935,F1,1,,,,,
2025-08-28,2025-08-28,CM,NSE,STK,28069,INE0U6N01014,SFML,SM,,,,,SUPREME FACILITY MGMT LTD,40.0,40.0,39.5,40.0,40.0,40.2,,40.0,,,52800,2110400.0,13,F1,1600,,,,,
2025-08-28,2025-08-28,CM,NSE,STK,29439,INE822E01011,SUPREME,EQ,,,,,SUPREME HOLDIN N HOSP I L,75.0,75.9,73.33,75.08,75.64,74.56,,75.08,,,31754,2376537.94,558,F1,1,,,,,
2025-08-28,2025-08-28,CM,NSE,STK,3363,INE195A01028,SUPREMEIND,EQ,,,,,SUPREME INDUSTRIES LTD,4573.0,4608.9,4484.0,4506.5,4497.9,4574.4,,4506.5,,,111504,508472675.4,16611,F1,1,,,,,
2025-08-28,2025-08-28,CM,NSE,STK,13419,INE550H01011,SUPREMEINF,BZ,,,,,SUPREME INFRA. LTD,114.0,115.9,109.0,114.18,115.75,110.99,,114.26,,,10099,1146061.37,67,F1,1,,,,,
2025-08-28,2025-08-28,CM,NSE,STK,9617,INE663A01033,SPLPETRO,EQ,,,,,SUPREME PETROCHEM LIMITED,760.05,775.3,748.0,751.3,748.25,768.1,,751.3,,,26766,20336645.3,3974,F1,1,,,,,
2025-08-28,2025-08-28,CM,NSE,STK,21067,INE0QHG01026,SUPREMEPWR,SM,,,,,SUPREME POWER EQUIPMENT L,198.8,203.5,193.0,196.65,195.0,196.05,,196.65,,,50500,10057100.0,95,F1,500,,,,,
2025-08-28,2025-08-28,CM,NSE,STK,7390,INE07RO01027,SUPRIYA,EQ,,,,,SUPRIYA LIFESCIENCE LTD,655.0,663.0,641.7,654.35,657.9,658.05,,654.35,,,136159,88927724.2,9635,F1,1,,,,,
2025-08-28,2025-08-28,CM,NSE,STK,20822,INE843S01025,SURAJEST,EQ,,,,,SURAJ ESTATE DEVELOPERS L,320.35,320.4,299.5,301.45,304.0,317.25,,301.5,,,181065,55512902.15,7869,F1,1,,,,,
2025-08-28,2025-08-28,CM,NSE,STK,24966,INE713C01016,SURAJLTD,EQ,,,,,SURAJ LIMITED,329.8,330.35,320.05,323.25,320.1,329.8,,323.25,,,25347,8277472.0,364,F1,1,,,,,
2025-08-28,2025-08-28,CM,NSE,STK,27334,INE877V01027,SURAKSHA,EQ,,,,,SURAKSHA DIAGNOSTIC LTD,300.05,307.45,300.05,303.5,303.5,304.0,,303.55,,,13294,4032740.4,982,F1,1,,,,,
2025-08-28,2025-08-28,CM,NSE,STK,21077,INE272L01022,SURANASOL,EQ,,,,,SURANA SOLAR LIMITED,31.69,31.98,30.5,30.7,30.75,30.77,,30.71,,,73757,2289800.99,775,F1,1,,,,,
2025-08-28,2025-08-28,CM,NSE,STK,10700,INE130B01031,SURANAT&P,EQ,,,,,SURANA TELECOM AND POW LT,18.02,18.72,18.02,18.55,18.55,18.55,,18.53,,,45488,842270.76,411,F1,1,,,,,
2025-08-28,2025-08-28,CM,NSE,STK,8513,INE01ZJ01015,SURANI,SM,,,,,SURANI STEEL TUBES LTD.,81.55,82.0,77.0,82.0,82.0,84.05,,82.0,,,6000,481580.0,25,F1,200,,,,,
2025-08-28,2025-08-28,CM,NSE,STK,14139,INE05ST01028,SBGLP,EQ,,,,,SURATWWALA BUS GROUP LTD,40.24,40.24,38.42,39.02,38.9,39.34,,39.05,,,34910,1363512.95,279,F1,1,,,,,
2025-08-28,2025-08-28,CM,NSE,STK,3375,INE335A01020,SURYAROSNI,EQ,,,,,SURYA ROSHNI LTD,279.2,282.05,276.65,280.95,281.0,281.55,,280.95,,,246191,68905529.7,12005,F1,1,,,,,
2025-08-28,2025-08-28,CM,NSE,STK,11852,INE713B01026,SURYALAXMI,EQ,,,,,SURYALAKSHMI COT MIL LTD,64.79,66.52,64.02,65.68,65.96,64.79,,65.68,,,6480,424094.24,244,F1,1,,,,,
2025-08-28,2025-08-28,CM,NSE,STK,2970,INE428Q01011,SURYODAY,EQ,,,,,SURYODAY SMALL FIN BK LTD,123.58,124.92,122.0,122.87,122.5,123.58,,122.87,,,46502,5736857.49,1800,F1,1,,,,,
2025-08-28,2025-08-28,CM,NSE,STK,13801,INE645H01027,SUTLEJTEX,EQ,,,,,SUTLEJ TEXT & INDUS LTD,37.17,38.29,36.86,37.7,37.85,37.17,,37.69,,,24381,917609.92,414,F1,1,,,,,
2025-08-28,2025-08-28,CM,NSE,STK,14013,INE495B01038,SUVEN,BE,,,,,SUVEN LIFE SCIENCES LTD,211.05,218.85,209.5,211.45,209.55,219.3,,211.25,,,134050,28699090.15,1764,F1,1,,,,,
2025-08-28,2025-08-28,CM,NSE,STK,3005,INE018401013,SUVIDHAA,BE,,,,,SUVIDHAA INFOSERVE LTD,4.04,4.23,4.04,4.11,4.11,4.14,,4.11,,,67070,278676.13,273,F1,1,,,,,
2025-08-28,2025-08-28,CM,NSE,STK,24851,INE442P01014,SUYOG,EQ,,,,,SUYOG TELEMATICS LIMITED,813.55,824.95,794.05,810.5,803.95,817.0,,810.8,,,41740,33649046.6,2492,F1,1,,,,,
2025-08-28,2025-08-28,CM,NSE,STK,12018,INE040H01021,SUZLON,EQ,,,,,SUZLON ENERGY LIMITED,57.31,57.31,55.89,56.32,56.33,56.97,,56.32,,,57742437,3265537548.76,147614,F1,1,,,,,
2025-08-28,2025-08-28,CM,NSE,STK,5020,INE308E01029,SVPGLOB,EQ,,,,,SVP GLOBAL TEXTILES LTD,3.45,3.78,3.45,3.54,3.51,3.58,,3.54,,,56308,201327.93,196,F1,1,,,,,
2025-08-28,2025-08-28,CM,NSE,STK,27095,INE665A01038,SWANENERGY,EQ,,,,,SWAN ENERGY LIMITED,449.95,466.35,448.35,462.55,462.0,453.75,,462.55,,,1934082,889702814.75,37574,F1,1,,,,,
2025-08-28,2025-08-28,CM,NSE,STK,3384,INE277A01016,SWARAJENG,EQ,,,,,SWARAJ ENGINES LTD,4044.0,4077.9,3971.1,4032.4,4035.0,4020.0,,4032.3,,,7470,30133331.1,2588,F1,1,,,,,
2025-08-28,2025-08-28,CM,NSE,STK,8612,INE0GMR01016,SWARAJ,ST,,,,,SWARAJ SUITING LIMITED,171.0,177.5,170.0,176.9,176.9,173.05,,176.9,,,13000,2258250.0,23,F1,500,,,,,
2025-08-28,2025-08-28,CM,NSE,STK,11492,INE0DGC01025,SWASTIK,SM,,,,,SWASTIK PIPE LIMITED,33.9,33.9,32.4,32.45,32.45,32.5,,32.45,,,3600,118500.0,3,F1,1200,,,,,
2025-08-28,2025-08-28,CM,NSE,STK,11909,INE409B01013,SWELECTES,EQ,,,,,SWELECT ENERGY SYS LTD,733.25,736.1,705.5,713.25,705.5,733.25,,713.15,,,23363,16815168.3,3026,F1,1,,,,,
2025-08-28,2025-08-28,CM,NSE,STK,27066,INE00H001014,SWIGGY,EQ,,,,,SWIGGY LIMITED,430.55,433.2,419.6,421.0,420.35,430.55,,421.0,,,9101997,3869203663.25,149931,F1,1,,,,,
2025-08-28,2025-08-28,CM,NSE,STK,24190,INE225D01027,SYMPHONY,EQ,,,,,SYMPHONY LIMITED,947.0,952.3,925.8,942.5,940.9,931.2,,942.6,,,41265,38895306.5,5420,F1,1,,,,,
2025-08-28,2025-08-28,CM,NSE,STK,11997,INE312C01025,SYNCOMF,BE,,,,,SYNCOM FORMU (I) LTD,16.8,17.3,16.45,16.91,16.98,16.85,,16.92,,,727058,12303105.95,2831,F1,1,,,,,
2025-08-28,2025-08-28,CM,NSE,STK,5114,INE00QT01015,SGIL,EQ,,,,,SYNERGY GREEN IND. LTD,534.05,546.95,534.05,541.4,538.8,540.8,,541.7,,,10500,5679246.75,638,F1,1,,,,,
2025-08-28,2025-08-28,CM,NSE,STK,10243,INE398R01022,SYNGENE,EQ,,,,,SYNGENE INTERNATIONAL LTD,648.8,651.4,626.5,629.2,630.0,648.8,,629.2,,,1191796,759503991.5,27317,F1,1,,,,,
2025-08-28,2025-08-28,CM,NSE,STK,17206,INE0BTR01012,SYNOPTICS,ST,,,,,SYNOPTICS TECHNOLOGIES L,93.15,93.15,93.1,93.1,93.1,98.0,,93.1,,,1200,111750.0,2,F1,600,,,,,
2025-08-28,2025-08-28,CM,NSE,STK,10793,INE0DYJ01015,SYRMA,EQ,,,,,SYRMA SGS TECHNOLOGY LTD,724.75,749.95,720.0,738.6,740.75,727.9,,738.6,,,944962,697352940.35,32168,F1,1,,,,,
2025-08-28,2025-08-28,CM,NSE,STK,14506,INE0O7R01011,SYSTANGO,SM,,,,,SYSTANGO TECHNOLOGIES LTD,234.05,239.0,233.75,237.9,237.9,236.75,,237.9,,,3600,850120.0,9,F1,400,,,,,
2025-08-28,2025-08-28,CM,NSE,STK,14318,INE592B01024,TTL,BE,,,,,T T LIMITED,11.2,11.4,10.93,11.11,11.1,11.2,,11.12,,,33048,369442.4,117,F1,1,,,,,
2025-08-28,2025-08-28,CM,NSE,STK,23438,INE0SOY01013,TAC,SM,,,,,TAC INFOSEC LIMITED,1155.25,1155.25,1082.05,1118.8,1120.0,1100.25,,1118.8,,,99100,111791440.0,666,F1,100,,,,,
2025-08-28,2025-08-28,CM,NSE,STK,3396,INE123C01018,TAINWALCHM,EQ,,,,,TAINWALA CHEMICAL AND PLA,221.5,221.61,216.2,218.24,217.07,220.63,,218.27,,,10129,2213231.41,916,F1,1,,,,,
2025-08-28,2025-08-28,CM,NSE,STK,9354,INE586B01026,TAJGVK,EQ,,,,,TAJ GVK HOTELS & RESORTS,420.05,422.8,411.55,413.6,414.0,422.45,,413.6,,,144151,59983947.15,9034,F1,1,,,,,
2025-08-28,2025-08-28,CM,NSE,STK,14920,INE142I01023,TAKE,BE,,,,,TAKE SOLUTIONS LTD,11.13,11.13,10.3,10.4,10.49,10.84,,10.4,,,34439,364846.48,217,F1,1,,,,,
2025-08-28,2025-08-28,CM,NSE,STK,13648,INE187D01029,TALBROAUTO,EQ,,,,,TALBROS AUTO. COMP. LTD,260.65,268.0,256.4,261.5,264.7,260.65,,261.5,,,54057,14191905.5,3405,F1,1,,,,,
2025-08-28,2025-08-28,CM,NSE,STK,10945,INE668A01016,TMB,EQ,,,,,TAMILNAD MERCA BANK LTD,425.0,426.45,421.9,423.55,423.0,424.55,,423.5,,,35231,14922540.65,2730,F1,1,,,,,
2025-08-28,2025-08-28,CM,NSE,STK,3980,INE107A01015,TNPL,EQ,,,,,TAMILNADU NEWSPRT & PAPER,161.85,165.6,158.41,161.03,160.3,161.67,,161.02,,,289798,47031386.42,5509,F1,1,,,,,
2025-08-28,2025-08-28,CM,NSE,STK,5235,INE148A01019,TNPETRO,BE,,,,,TAMILNADU PETROPRODUCTS L,103.0,106.69,102.05,105.23,105.9,101.61,,104.89,,,480525,50828706.18,959,F1,1,,,,,
2025-08-28,2025-08-28,CM,NSE,STK,9884,INE141D01018,TNTELE,BE,,,,,TAMILNADU TELECOMMUNICATI,17.04,17.05,17.0,17.05,17.05,16.24,,17.06,,,30589,521327.61,81,F1,1,,,,,
2025-08-28,2025-08-28,CM,NSE,STK,13976,INE483C01032,TANLA,EQ,,,,,TANLA PLATFORMS LIMITED,619.65,639.1,618.0,626.5,624.9,620.85,,626.5,,,860535,543582540.35,34803,F1,1,,,,,
2025-08-28,2025-08-28,CM,NSE,STK,10986,INE0M7001010,TAPIFRUIT,SM,,,,,TAPI FRUIT PROCESSING LTD,91.8,94.85,91.8,92.8,92.75,91.8,,92.8,,,5250,489525.0,6,F1,750,,,,,
2025-08-28,2025-08-28,CM,NSE,STK,23512,INE555Z01020,TARACHAND,EQ,,,,,TARA CHAND INFRA SOLN LTD,73.84,73.84,68.0,69.69,69.1,72.7,,69.69,,,135092,9682948.04,1423,F1,1,,,,,
2025-08-28,2025-08-28,CM,NSE,STK,18827,INE747K01017,TARAPUR,EQ,,,,,TARAPUR TRANSFORMERS LTD,23.8,23.99,22.85,23.16,23.15,23.81,,23.16,,,34859,815578.41,334,F1,1,,,,,
2025-08-28,2025-08-28,CM,NSE,STK,1581,INE0EK901012,TARC,EQ,,,,,TARC LIMITED,162.0,164.79,159.95,160.71,161.1,164.39,,160.69,,,338163,54587286.23,6902,F1,1,,,,,
2025-08-28,2025-08-28,CM,NSE,STK,14771,INE924H01018,TARMAT,EQ,,,,,TARMAT LIMITED,54.09,54.09,51.5,52.02,51.85,53.48,,52.02,,,25514,1341783.38,707,F1,1,,,,,
2025-08-28,2025-08-28,CM,NSE,STK,6943,INE144Z01023,TARSONS,EQ,,,,,TARSONS PRODUCTS LIMITED,317.45,319.1,311.1,313.05,311.65,317.45,,313.1,,,15773,4974182.1,1404,F1,1,,,,,
2025-08-28,2025-08-28,CM,NSE,STK,20092,INE488B01017,TASTYBITE,EQ,,,,,TASTY BITE EATABLES LTD,9612.0,9677.0,9482.0,9545.0,9525.0,9605.0,,9544.0,,,1350,12916316.0,691,F1,1,,,,,
2025-08-28,2025-08-28,CM,NSE,STK,3405,INE092A01019,TATACHEM,EQ,,,,,TATA CHEMICALS LTD,937.0,937.85,915.05,917.8,919.55,935.3,,917.8,,,338180,312925492.05,17527,F1,1,,,,,
2025-08-28,2025-08-28,CM,NSE,STK,3721,INE151A01013,TATACOMM,EQ,,,,,TATA COMMUNICATIONS LTD,1583.1,1585.0,1545.8,1559.6,1556.0,1562.8,,1559.6,,,323930,504967910.3,34862,F1,1,,,,,
2025-08-28,2025-08-28,CM,NSE,STK,11536,INE467B01029,TCS,EQ,,,,,TATA CONSULTANCY SERV LT,3145.0,3146.5,3086.5,3093.7,3098.0,3157.2,,3093.7,,,3116051,9692121881.3,204600,F1,1,,,,,
2025-08-28,2025-08-28,CM,NSE,STK,3432,INE192A01025,TATACONSUM,EQ,,,,,TATA CONSUMER PRODUCT LTD,1081.5,1085.2,1060.0,1062.4,1060.2,1079.9,,1062.4,,,641975,684842123.0,45554,F1,1,,,,,
2025-08-28,2025-08-28,CM,NSE,STK,3411,INE670A01012,TATAELXSI,EQ,,,,,TATA ELXSI LIMITED,5490.0,5490.0,5320.0,5338.0,5338.0,5478.5,,5338.0,,,146049,787029020.5,32840,F1,1,,,,,
2025-08-28,2025-08-28,CM,NSE,STK,1621,INE672A01018,TATAINVEST,EQ,,,,,TATA INVESTMENT CORP LTD,6881.0,6900.5,6771.0,6834.5,6822.0,6881.0,,6833.5,,,22446,153660218.5,8021,F1,1,,,,,
2025-08-28,2025-08-28,CM,NSE,STK,3456,INE155A01022,TATAMOTORS,EQ,,,,,TATA MOTORS LIMITED,679.9,680.9,667.8,675.45,676.15,681.65,,675.45,,,9466045,6379403445.15,168975,F1,1,,,,,
2025-08-28,2025-08-28,CM,NSE,STK,3426,INE245A01021,TATAPOWER,EQ,,,,,TATA POWER CO LTD,377.75,378.5,370.25,371.1,371.5,377.75,,371.1,,,5704659,2133067863.3,56098,F1,1,,,,,
2025-08-28,2025-08-28,CM,NSE,STK,3499,INE081A01020,TATASTEEL,EQ,,,,,TATA STEEL LIMITED,155.78,155.87,153.16,153.63,154.17,155.03,,153.63,,,22269875,3432503613.0,122402,F1,1,,,,,
2025-08-28,2025-08-28,CM,NSE,STK,20293,INE142M01025,TATATECH,EQ,,,,,TATA TECHNOLOGIES LIMITED,677.0,679.15,659.2,662.15,664.7,679.15,,662.2,,,715484,477876806.45,37012,F1,1,,,,,
2025-08-28,2025-08-28,CM,NSE,STK,8958,INE517B01013,TTML,BE,,,,,TATA TELESERV(MAHARASTRA),56.15,57.8,56.0,56.22,56.3,57.14,,56.21,,,503472,28410259.86,4630,F1,1,,,,,
2025-08-28,2025-08-28,CM,NSE,STK,7838,INF277K015R5,NETF,EQ,,,,,TATAAML - NETF,264.56,268.9,264.55,265.24,265.34,267.0,,265.24,,,4955,1316148.01,171,F1,1,,,,,
2025-08-28,2025-08-28,CM,NSE,STK,12978,INF277K010X4,NPBET,EQ,,,,,TATAAML - NPBET,273.8,275.48,269.0,269.54,269.0,272.44,,269.54,,,681,184338.18,39,F1,1,,,,,
2025-08-28,2025-08-28,CM,NSE,STK,8882,INF277KA1364,TNIDETF,EQ,,,,,TATAAML - TNIDETF,93.74,94.89,92.32,92.61,92.8,93.73,,92.61,,,32884,3065756.58,675,F1,1,,,,,
2025-08-28,2025-08-28,CM,NSE,STK,21401,INF277KA1976,TATAGOLD,EQ,,,,,TATAAML-TATAGOLD,10.08,10.25,9.58,9.9,9.91,9.84,,9.9,,,12046020,119156341.38,45155,F1,1,,,,,
2025-08-28,2025-08-28,CM,NSE,STK,21428,INF277KA1984,TATSILV,EQ,,,,,TATAAML-TATSILV,11.6,11.98,11.32,11.43,11.4,11.32,,11.43,,,3932904,44902707.24,9746,F1,1,,,,,
2025-08-28,2025-08-28,CM,NSE,STK,5162,INE0GK401011,TATVA,EQ,,,,,TATVA CHIN PHARM CHEM LTD,1025.0,1081.6,1020.5,1068.4,1051.0,1038.7,,1068.5,,,71976,75795000.3,9992,F1,1,,,,,
2025-08-28,2025-08-28,CM,NSE,STK,15134,INE053F07892,729IRFC26,NN,,,,,TAX FREE  7.29% SR. 107A,1067.0,1067.0,1067.0,1067.0,1067.0,1067.0,,1067.0,,,740,789580.0,5,F1,1,,,,,
2025-08-28,2025-08-28,CM,NSE,STK,11754,INE053F07835,753IRFC30,NJ,,,,,TAX FREE  7.53% SR. 103 A,1154.0,1154.0,1145.5,1145.78,1145.5,1150.0,,1146.29,,,100,114578.5,3,F1,1,,,,,
2025-08-28,2025-08-28,CM,NSE,STK,15168,INE053F07900,764IRFC31,NO,,,,,TAX FREE  7.64% SR. 108A,1167.0,1167.75,1167.0,1167.7,1167.75,1168.0,,1167.83,,,186,217193.2,3,F1,1,,,,,
2025-08-28,2025-08-28,CM,NSE,STK,14529,INE906B07EP5,769NHAI31,NE,,,,,TAX FREE 7.69% SR. IIB,1162.1,1162.1,1162.1,1162.1,1162.1,1161.01,,1164.05,,,1,1162.1,1,F1,1,,,,,
2025-08-28,2025-08-28,CM,NSE,STK,12003,INE906B07EJ8,76NHAI31,,,,,,TAX FREE7.60% SR.IIB,1121.0,1121.0,1116.01,1118.65,1118.65,1120.38,,1118.74,,,1996,2232528.2,16,F1,1,,,,,
2025-08-28,2025-08-28,CM,NSE,STK,29111,INE020B07GX4,738REC27TF,N2,,,,,TAXFREE SEC NCD TR1 S2,1088.12,1088.52,1088.12,1088.52,1088.52,1087.51,,1088.52,,,561,610514.72,4,F1,1,,,,,
2025-08-28,2025-08-28,CM,NSE,STK,24019,INE0N2D01013,TBI,SM,,,,,TBI CORN LIMITED,86.9,86.9,83.8,84.05,83.9,86.9,,84.05,,,31200,2638440.0,37,F1,600,,,,,
2025-08-28,2025-08-28,CM,NSE,STK,23740,INE673O01025,TBOTEK,EQ,,,,,TBO TEK LIMITED,1389.9,1392.1,1352.0,1357.9,1353.5,1379.6,,1357.8,,,41544,56631006.6,5718,F1,1,,,,,
2025-08-28,2025-08-28,CM,NSE,STK,19223,INE586V01016,TCIEXP,EQ,,,,,TCI EXPRESS LIMITED,677.05,690.0,665.0,685.85,686.4,677.05,,685.85,,,20346,13872164.35,1865,F1,1,,,,,
2025-08-28,2025-08-28,CM,NSE,STK,8722,INE911B01018,TCIFINANCE,BE,,,,,TCIFINANCELTD-ROLL SETT,14.24,14.24,13.14,13.53,13.55,13.6,,13.62,,,8650,119878.63,90,F1,1,,,,,
2025-08-28,2025-08-28,CM,NSE,STK,184,INE822C01015,TCPLPACK,EQ,,,,,TCPL PACKAGING LIMITED,3350.0,3406.2,3350.0,3384.0,3380.0,3380.0,,3384.4,,,2191,7413156.0,1024,F1,1,,,,,
2025-08-28,2025-08-28,CM,NSE,STK,25178,INE419M01027,TDPOWERSYS,EQ,,,,,TD POWER SYSTEMS LTD.,499.95,508.8,493.0,504.0,504.0,498.9,,504.0,,,442011,222267539.7,14900,F1,1,,,,,
2025-08-28,2025-08-28,CM,NSE,STK,11217,INE289C01025,TEAMGTY,BE,,,,,TEAM INDIA GUARANTY LTD,276.0,276.0,276.0,276.0,276.0,276.0,,270.0,,,4271,1178796.0,29,F1,1,,,,,
2025-08-28,2025-08-28,CM,NSE,STK,12716,INE985S01024,TEAMLEASE,EQ,,,,,TEAMLEASE SERVICES LTD.,1809.2,1811.0,1758.0,1793.3,1793.3,1800.2,,1793.3,,,23891,42519336.8,5911,F1,1,,,,,
2025-08-28,2025-08-28,CM,NSE,STK,17000,INE065J01024,TPHQ,BE,,,,,TEAMO PRODUCTIONS HQ LTD,0.71,0.73,0.7,0.71,0.72,0.71,,0.71,,,1410973,1013625.8,784,F1,1,,,,,
2025-08-28,2025-08-28,CM,NSE,STK,13538,INE669C01036,TECHM,EQ,,,,,TECH MAHINDRA LIMITED,1500.0,1509.2,1482.6,1495.6,1494.4,1502.2,,1495.6,,,1771867,2652490615.7,86001,F1,1,,,,,
2025-08-28,2025-08-28,CM,NSE,STK,25655,INE0JQS01019,TECHERA,ST,,,,,TECHERA ENGINEER (IND) L,200.5,200.5,196.25,196.25,196.25,200.5,,196.25,,,7200,1419880.0,9,F1,800,,,,,
2025-08-28,2025-08-28,CM,NSE,STK,6445,INE285K01026,TECHNOE,EQ,,,,,TECHNO ELEC & ENG CO. LTD,1515.0,1550.3,1490.5,1532.8,1525.0,1521.9,,1532.7,,,134109,205040683.3,15156,F1,1,,,,,
2025-08-28,2025-08-28,CM,NSE,STK,14223,INE545H01011,TIIL,EQ,,,,,TECHNOCRAFT IND LTD,2492.7,2578.4,2491.0,2529.2,2503.2,2521.6,,2529.0,,,8303,21070073.0,2535,F1,1,,,,,
2025-08-28,2025-08-28,CM,NSE,STK,14739,INE014B01011,TECILCHEM,BE,,,,,TECIL CHEMICALS,19.55,19.55,19.55,19.55,19.55,19.17,,18.71,,,746,14584.3,14,F1,1,,,,,
2025-08-28,2025-08-28,CM,NSE,STK,23530,INE0K6601012,TGL,ST,,,,,TEERTH GOPICON LIMITED,99.75,104.9,99.75,101.65,99.75,105.0,,101.65,,,106400,10627990.0,252,F1,200,,,,,
2025-08-28,2025-08-28,CM,NSE,STK,7105,INE011K01018,TEGA,EQ,,,,,TEGA INDUSTRIES LIMITED,1840.1,1841.8,1785.0,1799.9,1791.0,1843.0,,1799.8,,,121022,218828695.0,11699,F1,1,,,,,
2025-08-28,2025-08-28,CM,NSE,STK,29726,INE17WC01013,TEJASCARGO,ST,,,,,TEJAS CARGO INDIA LIMITED,300.0,300.0,300.0,300.0,300.0,300.0,,300.0,,,1600,480000.0,2,F1,800,,,,,
2025-08-28,2025-08-28,CM,NSE,STK,21131,INE010J01012,TEJASNET,EQ,,,,,TEJAS NETWORKS LIMITED,596.0,600.9,586.0,589.85,588.0,601.05,,589.9,,,483320,286735089.05,24290,F1,1,,,,,
2025-08-28,2025-08-28,CM,NSE,STK,3275,INE869Y01010,TEMBO,EQ,,,,,TEMBO GLOBAL IND LTD,622.7,664.2,601.0,644.15,646.0,615.65,,644.15,,,162746,103847664.9,4018,F1,1,,,,,
2025-08-28,2025-08-28,CM,NSE,STK,19296,INE482B01010,TERASOFT,BE,,,,,TERA SOFTWARE LIMITED,298.0,300.05,298.0,300.05,300.05,294.2,,298.95,,,16971,5088754.15,125,F1,1,,,,,
2025-08-28,2025-08-28,CM,NSE,STK,11549,INE435C01024,TEXINFRA,EQ,,,,,TEXMACO INFRA & HOLDG LTD,95.7,96.88,93.4,94.57,93.5,95.9,,94.56,,,78836,7512609.54,1144,F1,1,,,,,
2025-08-28,2025-08-28,CM,NSE,STK,21828,INE621L01012,TEXRAIL,EQ,,,,,TEXMACO RAIL & ENG. LTD.,139.1,140.25,136.21,137.22,137.69,138.37,,137.22,,,1516232,208914219.0,24876,F1,1,,,,,
2025-08-28,2025-08-28,CM,NSE,STK,18214,INE141K01013,TEXMOPIPES,EQ,,,,,TEXMO PIPE & PRODUCTS LTD,57.98,57.98,55.51,56.08,56.01,57.46,,56.11,,,42607,2403115.1,975,F1,1,,,,,
2025-08-28,2025-08-28,CM,NSE,STK,10749,INE733E07JV4,753NTPC30E,NC,,,,,TFB 7.53% 2030 SR. 2B,1138.01,1138.01,1138.01,1138.01,1138.01,1135.0,,1138.01,,,31,35278.31,1,F1,1,,,,,
2025-08-28,2025-08-28,CM,NSE,STK,14607,INE797H01018,TGBHOTELS,EQ,,,,,TGB BANQUETS&HOTELS LTD,12.33,12.33,11.77,11.85,12.0,11.86,,11.85,,,37258,443408.29,145,F1,1,,,,,
2025-08-28,2025-08-28,CM,NSE,STK,22777,INE0QJL01014,TCL,SM,,,,,THAAI CASTING LIMITED,101.0,107.0,101.0,107.0,107.0,106.1,,107.0,,,5600,584440.0,7,F1,800,,,,,
2025-08-28,2025-08-28,CM,NSE,STK,18118,INE085J01014,THANGAMAYL,EQ,,,,,THANGAMAYIL JEWELLERY LTD,2226.4,2273.0,2225.0,2241.1,2241.0,2224.0,,2240.8,,,51250,115385829.2,12392,F1,1,,,,,
2025-08-28,2025-08-28,CM,NSE,STK,9014,INE294Z01018,ANUP,EQ,,,,,THE ANUP ENGINEERING LTD,2220.0,2280.0,2207.2,2239.2,2236.0,2236.4,,2239.3,,,15611,35000363.1,4397,F1,1,,,,,
2025-08-28,2025-08-28,CM,NSE,STK,7930,INE319B01014,BYKE,BE,,,,,THE BYKE HOSPITALITY LTD,71.84,71.84,69.5,69.72,70.16,69.94,,69.72,,,11936,840227.95,102,F1,1,,,,,
2025-08-28,2025-08-28,CM,NSE,STK,13776,INE017A01032,GESHIP,EQ,,,,,THE GE SHPG.LTD,940.05,944.0,925.3,934.7,936.0,947.4,,934.7,,,170223,159140431.7,14006,F1,1,,,,,
2025-08-28,2025-08-28,CM,NSE,STK,17774,INE646C01018,GROBTEA,BE,,,,,THE GROB TEA COMPANY LTD,1058.0,1058.0,1020.0,1020.0,1020.0,1059.3,,1020.0,,,30,30980.0,7,F1,1,,,,,
2025-08-28,2025-08-28,CM,NSE,STK,8568,INE127B01011,HITECHGEAR,BE,,,,,THE HI-TECH GEARS LIMITED,649.0,649.0,626.0,640.95,641.0,633.95,,636.65,,,141,90043.3,14,F1,1,,,,,
2025-08-28,2025-08-28,CM,NSE,STK,1515,INE383A01012,INDIACEM,EQ,,,,,THE INDIA CEMENTS LIMITED,378.0,385.6,378.0,384.55,383.0,383.15,,384.55,,,729046,279104140.7,13882,F1,1,,,,,
2025-08-28,2025-08-28,CM,NSE,STK,1512,INE053A01029,INDHOTEL,EQ,,,,,THE INDIAN HOTELS CO. LTD,781.2,781.2,763.5,765.15,766.85,769.05,,765.15,,,1693942,1305451559.7,54399,F1,1,,,,,
2025-08-28,2025-08-28,CM,NSE,STK,21427,INE924D01017,THEINVEST,EQ,,,,,THE INVEST TRUST OF IND L,154.75,156.8,150.1,150.69,150.1,152.53,,150.69,,,15574,2374374.51,1284,F1,1,,,,,
2025-08-28,2025-08-28,CM,NSE,STK,399,INE470Y01017,NIACL,EQ,,,,,THE NEW INDIA ASSU CO LTD,191.0,193.7,186.8,191.84,192.82,190.52,,191.82,,,807433,153898277.98,13188,F1,1,,,,,
2025-08-28,2025-08-28,CM,NSE,STK,10318,INE431F01018,PKTEA,BE,,,,,THE P K TEA PROD CO LTD,702.0,740.0,702.0,717.0,717.0,715.0,,717.0,,,1389,996087.65,56,F1,1,,,,,
2025-08-28,2025-08-28,CM,NSE,STK,14552,INE211B01039,PHOENIXLTD,EQ,,,,,THE PHOENIX MILLS LTD,1560.1,1567.1,1503.6,1509.7,1507.0,1559.5,,1509.7,,,430652,655728408.7,35467,F1,1,,,,,
2025-08-28,2025-08-28,CM,NSE,STK,2043,INE331A01037,RAMCOCEM,EQ,,,,,THE RAMCO CEMENTS LIMITED,1050.9,1051.0,1020.3,1034.3,1039.9,1043.5,,1034.3,,,250906,259115013.9,29271,F1,1,,,,,
2025-08-28,2025-08-28,CM,NSE,STK,2939,INE301D01026,RUBYMILLS,EQ,,,,,THE RUBY MILLS LTD,225.25,228.4,222.55,224.15,224.5,226.0,,224.0,,,7640,1726334.0,764,F1,1,,,,,
2025-08-28,2025-08-28,CM,NSE,STK,5948,INE683A01023,SOUTHBANK,EQ,,,,,THE SOUTH INDIAN BANK LTD,29.26,29.4,29.0,29.27,29.22,29.43,,29.27,,,6418400,187497495.58,25549,F1,1,,,,,
2025-08-28,2025-08-28,CM,NSE,STK,14128,INE655A01013,STCINDIA,BE,,,,,THE STATE TRADING CORPN,120.4,121.95,117.02,118.09,117.25,119.66,,117.47,,,6403,761853.75,106,F1,1,,,,,
2025-08-28,2025-08-28,CM,NSE,STK,19578,INE071E01023,UGARSUGAR,EQ,,,,,THE UGAR SUGAR WORKS LTD,41.0,42.49,41.0,42.05,41.8,41.49,,42.04,,,95071,3992135.89,990,F1,1,,,,,
2025-08-28,2025-08-28,CM,NSE,STK,20481,INE215F01023,WIPL,EQ,,,,,THE WESTERN INDIA PLY LTD,155.8,156.0,150.0,151.3,151.0,154.2,,151.3,,,947,143675.81,38,F1,1,,,,,
2025-08-28,2025-08-28,CM,NSE,STK,19279,INE121N01019,THEJO,EQ,,,,,THEJO ENGINEERING LIMITED,1896.8,1956.7,1866.1,1920.0,1896.0,1916.1,,1920.0,,,4414,8355223.1,983,F1,1,,,,,
2025-08-28,2025-08-28,CM,NSE,STK,14485,INE083B01024,THEMISMED,EQ,,,,,THEMIS MEDICARE LTD.,100.82,101.14,98.41,99.85,99.81,100.28,,99.85,,,43420,4336528.58,1386,F1,1,,,,,
2025-08-28,2025-08-28,CM,NSE,STK,3475,INE152A01029,THERMAX,EQ,,,,,THERMAX LTD,3280.3,3380.0,3169.6,3186.7,3192.0,3258.7,,3186.7,,,426685,1393093593.2,46496,F1,1,,,,,
2025-08-28,2025-08-28,CM,NSE,STK,25648,INE0SHE01019,THESL,SM,,,,,THINKING HATS ENTER SOL L,31.1,31.1,31.1,31.1,31.1,29.65,,31.1,,,3000,93300.0,1,F1,3000,,,,,
2025-08-28,2025-08-28,CM,NSE,STK,3496,INE338A01024,TIRUMALCHM,EQ,,,,,THIRUMALAI CHEMICALS LTD,280.55,302.0,279.0,297.0,298.5,281.65,,297.0,,,679334,199193720.45,16150,F1,1,,,,,
2025-08-28,2025-08-28,CM,NSE,STK,3481,INE332A01027,THOMASCOOK,EQ,,,,,THOMAS COOK (INDIA) LTD,174.3,179.75,173.01,177.54,177.5,174.2,,177.54,,,1733981,307625227.66,24925,F1,1,,,,,
2025-08-28,2025-08-28,CM,NSE,STK,31021,INE480M01011,THOMASCOTT,BE,,,,,THOMAS SCOTT (INDIA) LTD,339.0,347.95,332.0,337.95,338.95,346.5,,338.05,,,13694,4634406.5,275,F1,1,,,,,
2025-08-28,2025-08-28,CM,NSE,STK,17032,INE594H01019,THYROCARE,EQ,,,,,THYROCARE TECH LTD,1271.0,1294.8,1251.1,1278.2,1278.2,1266.9,,1278.2,,,64713,82558659.0,12362,F1,1,,,,,
2025-08-28,2025-08-28,CM,NSE,STK,25486,INE440L01017,TIJARIA,BE,,,,,TIJARIA POLYPIPES LTD,7.55,7.97,7.55,7.71,7.71,7.7,,7.72,,,12991,100938.46,24,F1,1,,,,,
2025-08-28,2025-08-28,CM,NSE,STK,9802,INE806C01018,TIL,BE,,,,,TIL LTD,279.95,282.35,265.5,278.9,279.55,276.3,,278.8,,,16943,4660766.25,175,F1,1,,,,,
2025-08-28,2025-08-28,CM,NSE,STK,19196,INE133E01013,TI,EQ,,,,,TILAKNAGAR INDUSTRIES LTD,473.0,483.0,468.55,473.2,472.9,473.85,,473.15,,,945216,450198037.6,23197,F1,1,,,,,
2025-08-28,2025-08-28,CM,NSE,STK,14707,INE508G01029,TIMETECHNO,EQ,,,,,TIME TECHNOPLAST LTD.,462.9,466.9,450.85,458.95,461.0,463.55,,458.95,,,840656,387813140.15,22908,F1,1,,,,,
2025-08-28,2025-08-28,CM,NSE,STK,7806,INE0IJY01014,TIMESCAN,ST,,,,,TIMESCAN LOGISTICS IND L,68.0,68.85,65.65,65.65,65.65,65.6,,65.65,,,14000,955000.0,7,F1,2000,,,,,
2025-08-28,2025-08-28,CM,NSE,STK,14198,INE325A01013,TIMKEN,EQ,,,,,TIMKEN INDIA LTD.,2940.0,2950.1,2856.5,2883.0,2871.5,2941.2,,2883.0,,,23490,68081726.1,8035,F1,1,,,,,
2025-08-28,2025-08-28,CM,NSE,STK,756020,INE015C01016,TINNARUBR,EQ,,,,,TINNA RUBBER AND INFR LTD,810.0,818.6,802.1,805.85,803.2,816.35,,806.0,,,14742,11913973.15,1975,F1,1,,,,,
2025-08-28,2025-08-28,CM,NSE,STK,11374,INE0LQS01015,TIPSFILMS,EQ,,,,,TIPS FILMS LIMITED,466.85,468.45,451.2,455.25,451.2,463.75,,455.35,,,3798,1743049.8,420,F1,1,,,,,
2025-08-28,2025-08-28,CM,NSE,STK,9117,INE716B01029,TIPSMUSIC,EQ,,,,,TIPS MUSIC LIMITED,574.0,576.9,560.8,564.1,567.9,570.2,,564.0,,,192699,109229683.9,20179,F1,1,,,,,
2025-08-28,2025-08-28,CM,NSE,STK,22282,INE319Y01024,TIRUPATIFL,EQ,,,,,TIRUPATI FORGE LIMITED,37.76,41.42,37.76,39.93,40.0,38.64,,39.93,,,135975,5418038.24,1418,F1,1,,,,,
2025-08-28,2025-08-28,CM,NSE,STK,15414,INE615H01020,TITAGARH,EQ,,,,,TITAGARH RAIL SYSTEMS LTD,864.5,865.0,836.25,840.35,841.0,869.3,,840.35,,,2248859,1903899807.65,59708,F1,1,,,,,
2025-08-28,2025-08-28,CM,NSE,STK,3506,INE280A01028,TITAN,EQ,,,,,TITAN COMPANY LIMITED,3552.1,3650.9,3552.1,3637.7,3632.0,3594.0,,3637.7,,,989246,3588631886.5,85608,F1,1,,,,,
2025-08-28,2025-08-28,CM,NSE,STK,3837,INE932C01012,TOKYOPLAST,EQ,,,,,TOKYO PLAST INTL LTD,124.48,127.28,124.0,126.74,126.06,124.48,,126.74,,,4221,530778.48,150,F1,1,,,,,
2025-08-28,2025-08-28,CM,NSE,STK,25262,INE0RWQ01014,TOLINS,EQ,,,,,TOLINS TYRES LIMITED,158.01,158.01,151.5,152.68,151.55,158.72,,152.65,,,85537,13231156.37,2575,F1,1,,,,,
2025-08-28,2025-08-28,CM,NSE,STK,3518,INE685A01028,TORNTPHARM,EQ,,,,,TORRENT PHARMACEUTICALS L,3636.0,3636.0,3568.2,3576.9,3585.0,3604.8,,3576.9,,,141719,508355544.1,25406,F1,1,,,,,
2025-08-28,2025-08-28,CM,NSE,STK,13786,INE813H01021,TORNTPOWER,EQ,,,,,TORRENT POWER LTD,1270.2,1271.8,1240.0,1248.3,1244.0,1270.2,,1248.3,,,590424,740715720.3,35448,F1,1,,,,,
2025-08-28,2025-08-28,CM,NSE,STK,22423,INE336X01012,TOTAL,EQ,,,,,TOTAL TRANSPORT SYS LTD,72.05,74.94,69.61,69.79,69.74,72.65,,69.79,,,11326,807548.03,310,F1,1,,,,,
2025-08-28,2025-08-28,CM,NSE,STK,16908,INE486Y01013,TOUCHWOOD,EQ,,,,,TOUCHWOOD ENTERTAIN LTD.,103.0,104.0,98.72,100.04,100.0,104.72,,100.04,,,7851,792720.2,259,F1,1,,,,,
2025-08-28,2025-08-28,CM,NSE,STK,3466,INE305A01015,TFCILTD,EQ,,,,,TOURISM FINANCE CORP. OF,303.25,309.6,300.75,304.9,303.9,304.95,,304.9,,,1010554,309305859.35,9518,F1,1,,,,,
2025-08-28,2025-08-28,CM,NSE,STK,9219,INE413G01022,TPLPLASTEH,EQ,,,,,TPL PLASTECH LIMITED,76.85,77.27,75.7,76.04,76.4,76.81,,76.04,,,15877,1214007.77,395,F1,1,,,,,
2025-08-28,2025-08-28,CM,NSE,STK,11582,INE0HMF01019,TRACXN,EQ,,,,,TRACXN TECHNOLOGIES LTD,50.4,50.64,49.57,49.88,49.66,49.96,,49.88,,,249589,12479978.99,2478,F1,1,,,,,
2025-08-28,2025-08-28,CM,NSE,STK,15174,INE763I01026,TARIL,EQ,,,,,TRANS & RECTI. LTD,498.0,498.9,488.0,491.5,493.0,500.05,,491.5,,,488164,240444964.65,22415,F1,1,,,,,
2025-08-28,2025-08-28,CM,NSE,STK,17795,INE0O3901029,TREL,EQ,,,,,TRANSINDIA REAL ESTATE L,32.45,34.37,31.6,31.8,32.0,32.45,,31.81,,,842538,27884748.57,4669,F1,1,,,,,
2025-08-28,2025-08-28,CM,NSE,STK,10580,INE688A01022,TCI,EQ,,,,,TRANSPORT CORPN OF INDIA,1127.8,1138.9,1100.0,1135.4,1129.4,1121.9,,1135.4,,,18626,20944141.8,3881,F1,1,,,,,
2025-08-28,2025-08-28,CM,NSE,STK,28714,INE454P01035,TRANSRAILL,EQ,,,,,TRANSRAIL LIGHTING LTD,761.35,777.0,751.1,758.3,754.65,761.4,,758.35,,,1412395,1082439836.45,36532,F1,1,,,,,
2025-08-28,2025-08-28,CM,NSE,STK,19801,INE0NVI01020,TRANSTEEL,SM,,,,,TRANSTEEL SEATING TECH L,124.0,126.0,123.0,123.55,123.55,126.0,,123.55,,,42000,5247100.0,20,F1,2000,,,,,
2025-08-28,2025-08-28,CM,NSE,STK,14323,INE804H01012,TFL,BE,,,,,TRANSWARRANTY FIN. LTD.,16.01,17.39,15.86,16.8,16.99,16.7,,16.82,,,25546,415866.65,55,F1,1,,,,,
2025-08-28,2025-08-28,CM,NSE,STK,3129,INE757B01015,TRANSWORLD,EQ,,,,,TRANSWORLD SHIP LINES LTD,255.1,257.9,245.45,249.45,250.9,255.6,,249.4,,,13594,3410125.25,504,F1,1,,,,,
2025-08-28,2025-08-28,CM,NSE,STK,757545,INE103V01028,TRAVELFOOD,EQ,,,,,TRAVEL FOOD SERVICES LTD,1200.0,1217.9,1191.0,1203.7,1206.0,1206.0,,1203.7,,,294207,354943784.7,17360,F1,1,,,,,
2025-08-28,2025-08-28,CM,NSE,STK,25082,INE040M01013,TREEHOUSE,EQ,,,,,TREE HOUSE EDU LTD,7.63,7.63,7.15,7.39,7.3,7.39,,7.39,,,7238,54170.3,132,F1,1,,,,,
2025-08-28,2025-08-28,CM,NSE,STK,7518,INE00CA01015,TREJHARA,EQ,,,,,TREJHARA SOLUTIONS LTD,208.19,210.98,206.2,209.57,209.86,206.1,,209.58,,,1426,297951.63,157,F1,1,,,,,
2025-08-28,2025-08-28,CM,NSE,STK,1964,INE849A01020,TRENT,EQ,,,,,TRENT LTD,5295.0,5298.0,5215.0,5235.5,5248.5,5295.0,,5235.5,,,784214,4125914111.0,86760,F1,1,,,,,
2025-08-28,2025-08-28,CM,NSE,STK,17987,INE391D01019,TRF,EQ,,,,,TRF LIMITED,324.8,324.8,320.0,320.5,320.0,321.0,,320.5,,,5671,1818951.2,203,F1,1,,,,,
2025-08-28,2025-08-28,CM,NSE,STK,27037,INE760L01018,TBZ,EQ,,,,,TRIB BHIMJI ZAVERI LTD,188.1,189.83,185.55,186.71,186.0,189.61,,186.76,,,125124,23407703.41,2527,F1,1,,,,,
2025-08-28,2025-08-28,CM,NSE,STK,9685,INE064C01022,TRIDENT,EQ,,,,,TRIDENT LIMITED,27.35,27.75,27.14,27.5,27.54,27.72,,27.5,,,5200887,142848725.81,18328,F1,1,,,,,
2025-08-28,2025-08-28,CM,NSE,STK,21078,INE0QD201012,TECHLABS,SM,,,,,TRIDENT TECHLABS LIMITED,558.85,558.9,530.9,531.65,530.9,558.85,,531.65,,,27500,14893231.25,141,F1,125,,,,,
2025-08-28,2025-08-28,CM,NSE,STK,17210,INE0LWY01029,TRIDHYA,SM,,,,,TRIDHYA TECH LIMITED,17.0,17.3,17.0,17.3,17.3,17.25,,17.3,,,27000,461550.0,5,F1,3000,,,,,
2025-08-28,2025-08-28,CM,NSE,STK,5428,INE948A01012,TRIGYN,EQ,,,,,TRIGYN TECHNOLOGIES LTD,77.69,77.7,74.55,75.04,74.56,75.46,,75.04,,,22195,1692260.6,720,F1,1,,,,,
2025-08-28,2025-08-28,CM,NSE,STK,13081,INE256C01024,TRIVENI,EQ,,,,,TRIVENI ENGG. & INDS. LTD,339.2,356.0,337.65,351.75,353.0,339.2,,351.75,,,871621,304805395.25,36552,F1,1,,,,,
2025-08-28,2025-08-28,CM,NSE,STK,25584,INE152M01016,TRITURBINE,EQ,,,,,TRIVENI TURBINE LIMITED,526.05,527.95,520.0,524.0,522.0,529.8,,523.95,,,823081,432042374.05,48980,F1,1,,,,,
2025-08-28,2025-08-28,CM,NSE,STK,24645,INE0SYV01018,TROM,ST,,,,,TROM INDUSTRIES LIMITED,96.0,96.0,96.0,96.0,96.0,96.0,,96.0,,,1200,115200.0,2,F1,600,,,,,
2025-08-28,2025-08-28,CM,NSE,STK,9387,INE615R01029,TRU,BE,,,,,TRUCAP FINANCE LIMITED,10.06,10.7,10.06,10.48,10.58,10.4,,10.48,,,118055,1233210.16,360,F1,1,,,,,
2025-08-28,2025-08-28,CM,NSE,STK,23417,INE0SWN01019,TRUST,SM,,,,,TRUST FINTECH LIMITED,61.05,62.85,60.2,61.1,60.2,62.05,,61.1,,,18000,1103580.0,25,F1,600,,,,,
2025-08-28,2025-08-28,CM,NSE,STK,757858,INE16VK01010,TSC,SM,,,,,TSC INDIA LIMITED,68.5,71.0,67.0,69.5,69.5,67.5,,69.5,,,38000,2630500.0,19,F1,2000,,,,,
2025-08-28,2025-08-28,CM,NSE,STK,11369,INE910C01018,TTKHLTCARE,EQ,,,,,TTK HEALTHCARE LIMITED,1142.5,1186.0,1142.1,1169.4,1172.0,1142.5,,1169.8,,,5766,6729704.8,771,F1,1,,,,,
2025-08-28,2025-08-28,CM,NSE,STK,3546,INE690A01028,TTKPRESTIG,EQ,,,,,TTK PRESTIGE LTD,647.7,652.75,639.4,647.2,647.5,640.15,,647.15,,,24718,16011675.95,4560,F1,1,,,,,
2025-08-28,2025-08-28,CM,NSE,STK,312,INE974X01010,TIINDIA,EQ,,,,,TUBE INVEST OF INDIA LTD,3038.1,3051.9,2930.2,2943.4,2934.0,3028.4,,2943.4,,,376659,1118402485.4,43980,F1,1,,,,,
2025-08-28,2025-08-28,CM,NSE,STK,24520,INE0OXV01027,TUNWAL,SM,,,,,TUNWAL E-MOTORS LIMITED,29.1,29.65,28.9,28.9,28.9,29.7,,28.9,,,56000,1629900.0,28,F1,2000,,,,,
2025-08-28,2025-08-28,CM,NSE,STK,11275,INE038F01029,TVTODAY,EQ,,,,,TV TODAY NETWORK LTD,147.98,149.6,144.0,148.31,147.6,147.26,,148.29,,,68860,10129011.54,1744,F1,1,,,,,
2025-08-28,2025-08-28,CM,NSE,STK,18504,INE871L01013,TVVISION,EQ,,,,,TV VISION LIMITED,6.71,6.72,6.37,6.44,6.5,6.71,,6.44,,,27293,177865.25,127,F1,1,,,,,
2025-08-28,2025-08-28,CM,NSE,STK,13120,INE236G01019,TVSELECT,BE,,,,,TVS ELECTRONICS LTD,401.0,409.9,395.9,401.15,403.0,402.8,,401.75,,,3664,1462738.75,161,F1,1,,,,,
2025-08-28,2025-08-28,CM,NSE,STK,29008,INE105A01035,TVSHLTD,EQ,,,,,TVS HOLDINGS LIMITED,11876.0,11960.0,11670.0,11716.0,11702.0,11876.0,,11716.0,,,2761,32593480.0,1467,F1,1,,,,,
2025-08-28,2025-08-28,CM,NSE,STK,758598,INE1JNC23012,TVSINVIT,IV,,,,,TVS INFRASTRUCTURE TRUST,103.5,103.5,103.5,103.5,103.5,103.0,,103.5,,,25000,2587500.0,1,F1,25000,,,,,
2025-08-28,2025-08-28,CM,NSE,STK,8479,INE494B01023,TVSMOTOR,EQ,,,,,TVS MOTOR COMPANY  LTD,3349.0,3349.0,3246.0,3256.0,3259.9,3272.3,,3256.0,,,856511,2807869894.8,81076,F1,1,,,,,
2025-08-28,2025-08-28,CM,NSE,STK,14245,INE421C01016,TVSSRICHAK,EQ,,,,,TVS SRICHAKRA LIMITED,2855.5,2909.9,2812.0,2874.8,2878.0,2858.7,,2874.6,,,2651,7576022.9,1314,F1,1,,,,,
2025-08-28,2025-08-28,CM,NSE,STK,18151,INE395N01027,TVSSCS,EQ,,,,,TVS SUPPLY CHAIN SOL L,124.3,126.49,123.25,123.63,123.31,125.39,,123.63,,,538034,66935091.04,14166,F1,1,,,,,
2025-08-28,2025-08-28,CM,NSE,STK,19503,INE388G01026,TICL,BE,,,,,TWAMEV CONS AND INFRA LTD,25.7,25.7,25.28,25.4,25.4,25.8,,26.45,,,90407,2294693.84,90,F1,1,,,,,
2025-08-28,2025-08-28,CM,NSE,STK,25626,INE152C01025,UYFINCORP,EQ,,,,,U. Y. FINCORP LIMITED,12.75,13.99,12.38,12.67,12.75,12.22,,12.67,,,2102436,27577497.55,7473,F1,1,,,,,
2025-08-28,2025-08-28,CM,NSE,STK,3570,INE139B01016,UCAL,EQ,,,,,UCAL LIMITED,137.59,137.59,134.49,136.43,136.5,137.34,,136.43,,,6055,823830.32,227,F1,1,,,,,
2025-08-28,2025-08-28,CM,NSE,STK,755996,INE583D07562,10UCL26,ND,,,,,UCL 10.00% SR I,985.0,985.0,985.0,985.0,985.0,970.0,,985.0,,,15,14775.0,1,F1,1,,,,,
2025-08-28,2025-08-28,CM,NSE,STK,756000,INE583D07604,1015UCL27,NF,,,,,UCL 10.15% SR III,999.0,1000.0,992.0,992.0,992.0,993.5,,992.0,,,35,34879.0,7,F1,1,,,,,
2025-08-28,2025-08-28,CM,NSE,STK,11223,INE691A01018,UCOBANK,EQ,,,,,UCO BANK,28.15,28.35,28.02,28.19,28.35,28.43,,28.19,,,5500504,155011115.73,16820,F1,1,,,,,
2025-08-28,2025-08-28,CM,NSE,STK,14871,INE0N0Y01013,USK,EQ,,,,,UDAYSHIVAKUMAR INFRA LTD,33.0,34.0,32.31,32.73,32.61,33.52,,32.75,,,55582,1835960.91,958,F1,1,,,,,
2025-08-28,2025-08-28,CM,NSE,STK,1053,INE516A01017,UFLEX,EQ,,,,,UFLEX LIMITED,526.25,528.85,513.0,514.5,513.0,526.25,,514.5,,,53029,27496217.9,3124,F1,1,,,,,
2025-08-28,2025-08-28,CM,NSE,STK,9039,INE527H01019,UFO,EQ,,,,,UFO MOVIEZ INDIA LTD.,74.3,75.58,73.5,74.08,74.6,74.53,,74.08,,,51742,3858402.31,1323,F1,1,,,,,
2025-08-28,2025-08-28,CM,NSE,STK,5313,INE583D01011,UGROCAP,EQ,,,,,UGRO CAPITAL LIMITED,170.72,174.0,166.75,169.98,169.17,170.11,,170.02,,,287287,48815074.88,5637,F1,1,,,,,
2025-08-28,2025-08-28,CM,NSE,STK,15228,INE551W01018,UJJIVANSFB,EQ,,,,,UJJIVAN SMALL FINANC BANK,42.6,42.8,41.95,42.43,42.55,42.79,,42.43,,,6287161,266102945.53,24672,F1,1,,,,,
2025-08-28,2025-08-28,CM,NSE,STK,11532,INE481G01011,ULTRACEMCO,EQ,,,,,ULTRATECH CEMENT LIMITED,12570.0,12648.0,12472.0,12521.0,12555.0,12610.0,,12521.0,,,283677,3566744189.0,53197,F1,1,,,,,
2025-08-28,2025-08-28,CM,NSE,STK,13349,INE067901012,UMA,SM,,,,,UMA CONVERTER LIMITED,24.7,24.7,24.7,24.7,24.7,23.75,,24.7,,,4000,98800.0,1,F1,4000,,,,,
2025-08-28,2025-08-28,CM,NSE,STK,8845,INE0GIU01018,UMAEXPORTS,BE,,,,,UMA EXPORTS LIMITED,52.27,54.4,52.27,54.4,54.4,53.34,,54.5,,,36881,1955432.18,74,F1,1,,,,,
2025-08-28,2025-08-28,CM,NSE,STK,8998,INE398B01018,UMIYA-MRO,EQ,,,,,UMIYA BUILDCON LIMITED,79.6,81.39,79.6,80.97,79.9,80.93,,81.03,,,18497,1494141.81,280,F1,1,,,,,
2025-08-28,2025-08-28,CM,NSE,STK,3579,INE351A01035,UNICHEMLAB,EQ,,,,,UNICHEM LABORATORIES LTD,522.0,522.0,502.8,507.0,508.0,528.4,,507.0,,,25405,12960742.2,3215,F1,1,,,,,
2025-08-28,2025-08-28,CM,NSE,STK,24809,INE00U401027,UNIECOM,EQ,,,,,UNICOMMERCE ESOLUTIONS L,135.8,136.8,132.51,132.8,132.51,134.56,,132.82,,,233386,31367804.16,3939,F1,1,,,,,
2025-08-28,2025-08-28,CM,NSE,STK,18582,INE0PRF01011,UNIHEALTH,SM,,,,,UNIHEALTH HOSPITALS LTD,161.0,163.0,159.8,161.55,163.0,161.0,,161.55,,,9000,1446400.0,8,F1,1000,,,,,
2025-08-28,2025-08-28,CM,NSE,STK,7797,INE481Z01011,UNIINFO,BE,,,,,UNIINFO TELECOM SERVI LTD,19.8,20.4,18.82,19.84,19.84,19.8,,19.84,,,5273,101657.48,32,F1,1,,,,,
2025-08-28,2025-08-28,CM,NSE,STK,25633,INE0B2801011,UNILEX,SM,,,,,UNILEX COLOURS AND CHEM L,46.5,46.5,46.0,46.0,46.0,47.0,,46.0,,,3200,148000.0,2,F1,1600,,,,,
2025-08-28,2025-08-28,CM,NSE,STK,28962,INE0U3I01011,UNIMECH,BE,,,,,UNIMECH AEROSPACE N MFG L,1064.0,1070.0,1040.2,1047.7,1048.0,1056.8,,1048.2,,,65367,68810698.1,1026,F1,1,,,,,
2025-08-28,2025-08-28,CM,NSE,STK,10753,INE692A01016,UNIONBANK,EQ,,,,,UNION BANK OF INDIA,129.58,129.58,126.8,127.08,127.12,129.67,,127.08,,,7294298,933874318.06,34883,F1,1,,,,,
2025-08-28,2025-08-28,CM,NSE,STK,29687,INF582M01KS4,UNIONGOLD,EQ,,,,,UNIONAMC - UNIONGOLD,100.5,100.5,99.0,100.0,100.0,99.1,,100.0,,,1161,116188.4,33,F1,1,,,,,
2025-08-28,2025-08-28,CM,NSE,STK,13057,INE244O01017,UNIPARTS,EQ,,,,,UNIPARTS INDIA LIMITED,392.25,398.35,391.85,394.05,393.1,392.3,,394.05,,,30501,12025404.4,1901,F1,1,,,,,
2025-08-28,2025-08-28,CM,NSE,STK,11293,INE037A01022,UNIENTER,EQ,,,,,UNIPHOS ENTERPRISES LTD,153.0,154.85,149.94,152.74,153.0,153.23,,152.73,,,7130,1087523.95,432,F1,1,,,,,
2025-08-28,2025-08-28,CM,NSE,STK,8893,INE694A01020,UNITECH,BZ,,,,,UNITECH LIMITED,6.9,7.0,6.68,6.91,6.94,7.04,,6.9,,,1722757,11851352.68,1593,F1,1,,,,,
2025-08-28,2025-08-28,CM,NSE,STK,16713,INE686F01025,UBL,EQ,,,,,UNITED BREWERIES LTD,1861.5,1865.8,1822.1,1855.6,1851.0,1853.8,,1855.6,,,130192,240691585.9,17199,F1,1,,,,,
2025-08-28,2025-08-28,CM,NSE,STK,201,INE961D01019,UNIDT,EQ,,,,,UNITED DRILLING TOOLS LTD,205.45,206.0,202.0,203.21,204.0,202.39,,203.36,,,3029,617619.2,416,F1,1,,,,,
2025-08-28,2025-08-28,CM,NSE,STK,25935,INE0SMR01011,UHTL,SM,,,,,UNITED HEAT TRANSFER LTD,73.0,74.0,71.1,73.0,73.0,73.45,,73.0,,,28000,2043600.0,13,F1,2000,,,,,
2025-08-28,2025-08-28,CM,NSE,STK,17999,INE458F01011,UNITEDTEA,EQ,,,,,UNITED NILGIRI TEA LTD,478.05,480.9,463.1,470.5,474.0,471.95,,470.5,,,1625,766895.5,150,F1,1,,,,,
2025-08-28,2025-08-28,CM,NSE,STK,7564,INE368U01029,UNITEDPOLY,BE,,,,,UNITED POLYFAB GUJ. LTD.,32.59,32.59,32.59,32.59,32.59,33.26,,32.59,,,126237,4114063.83,139,F1,1,,,,,
2025-08-28,2025-08-28,CM,NSE,STK,10447,INE854D01024,UNITDSPR,EQ,,,,,UNITED SPIRITS LIMITED,1302.8,1304.9,1279.2,1281.5,1281.1,1302.8,,1281.5,,,1374328,1767078628.1,101782,F1,1,,,,,
2025-08-28,2025-08-28,CM,NSE,STK,18977,INE562X01013,UNIVASTU,EQ,,,,,UNIVASTU INDIA LIMITED,270.1,279.8,247.0,251.15,250.0,273.9,,251.15,,,374051,95957191.95,2887,F1,1,,,,,
2025-08-28,2025-08-28,CM,NSE,STK,3607,INE279A01012,UNIVCABLES,EQ,,,,,UNIVERSAL CABLES LTD,731.9,731.9,711.0,718.15,712.0,732.3,,718.05,,,18336,13179450.25,1625,F1,1,,,,,
2025-08-28,2025-08-28,CM,NSE,STK,17661,INE03V001013,UNIVPHOTO,BE,,,,,UNIVERSUS IMAGINGS LTD,257.8,257.8,250.0,251.0,251.0,257.8,,251.1,,,555,140391.05,19,F1,1,,,,,
2025-08-28,2025-08-28,CM,NSE,STK,14154,INE405E01023,UNOMINDA,EQ,,,,,UNO MINDA LIMITED,1275.5,1301.5,1272.0,1295.6,1293.0,1276.8,,1295.6,,,1525485,1973357305.0,72469,F1,1,,,,,
2025-08-28,2025-08-28,CM,NSE,STK,18636,INE148I08256,915SCL26,NE,,,,,UNS RED NCD 9.15% SR.IX,1055.0,1055.0,1053.5,1053.98,1053.5,1053.52,,1053.99,,,1132,1194186.68,14,F1,1,,,,,
2025-08-28,2025-08-28,CM,NSE,STK,2883,INE530B08110,IIFLZC28,NG,,,,,UNSE RE NCD 0% SR.III,1438.2,1438.2,1438.2,1438.2,1438.2,1455.0,,1438.2,,,50,71910.0,1,F1,1,,,,,
2025-08-28,2025-08-28,CM,NSE,STK,2871,INE530B08094,10IIFL28A,NE,,,,,UNSE RE NCD 10% SR.I,1007.0,1007.0,1007.0,1007.0,1007.0,1013.0,,1013.5,,,100,100700.0,1,F1,1,,,,,
2025-08-28,2025-08-28,CM,NSE,STK,2877,INE530B08102,96IIFL28A,NF,,,,,UNSE RE NCD 9.6% SR.II,981.75,982.84,978.1,978.86,980.0,981.75,,978.86,,,389,381161.75,17,F1,1,,,,,
2025-08-28,2025-08-28,CM,NSE,STK,5217,INE477L08162,IIFLZC28C,N6,,,,,UNSEC RE NCD 0% SR.III,1431.4,1431.4,1431.4,1431.4,1431.4,1430.7,,1431.4,,,10,14314.0,1,F1,1,,,,,
2025-08-28,2025-08-28,CM,NSE,STK,5212,INE477L08147,10IIFL28,N4,,,,,UNSEC RE NCD 10% SR.I,984.0,985.0,973.0,985.0,985.0,970.26,,985.0,,,303,297677.1,16,F1,1,,,,,
2025-08-28,2025-08-28,CM,NSE,STK,5214,INE477L08154,96IIFL28,N5,,,,,UNSEC RE NCD 9.60% SR.II,982.0,982.0,979.0,979.22,979.0,980.19,,979.22,,,91,89238.5,9,F1,1,,,,,
2025-08-28,2025-08-28,CM,NSE,STK,19045,INE866I08279,10IIFL29,N6,,,,,UNSEC RED NCD 10.0% SR. V,1000.0,1000.0,1000.0,1000.0,1000.0,1000.0,,1000.0,,,541,541000.0,3,F1,1,,,,,
2025-08-28,2025-08-28,CM,NSE,STK,20050,INE774D08MG3,M&MFIN,N3,,,,,UNSECURED NCD,2208.0,2208.0,2180.5,2180.5,2180.5,2200.0,,2180.5,,,2,4388.5,2,F1,1,,,,,
2025-08-28,2025-08-28,CM,NSE,STK,21229,INE306N08342,885TCAPS29,NC,,,,,UNSERENCD8.85%SRIVCIII&IV,1025.0,1035.0,1016.0,1035.0,1035.0,1047.99,,1035.0,,,1208,1233020.0,13,F1,1,,,,,
2025-08-28,2025-08-28,CM,NSE,STK,21225,INE306N08292,910TCAP28,,,,,,UNSERENCD9.1%SRIIICIII&IV,1131.3,1131.3,1125.25,1125.54,1125.25,1125.2,,1125.54,,,305,344158.75,7,F1,1,,,,,
2025-08-28,2025-08-28,CM,NSE,STK,19113,INE851I01011,UDS,EQ,,,,,UPDATER SERVICES LIMITED,248.45,248.85,242.85,245.0,245.4,246.55,,245.0,,,133796,32868402.05,4056,F1,1,,,,,
2025-08-28,2025-08-28,CM,NSE,STK,11287,INE628A01036,UPL,EQ,,,,,UPL LIMITED,736.5,736.5,713.45,716.7,716.0,723.1,,716.7,,,3935173,2846583871.95,73991,F1,1,,,,,
2025-08-28,2025-08-28,CM,NSE,STK,10617,INE0CBM01019,USASEEDS,ST,,,,,UPSURGE SEEDS OF AGRI LTD,280.0,285.0,278.0,278.0,278.0,292.6,,278.0,,,1200,338400.0,3,F1,300,,,,,
2025-08-28,2025-08-28,CM,NSE,STK,17081,INE568Z01015,URAVIDEF,BE,,,,,URAVI DEFENCE &TECH LTD,471.0,488.0,449.8,474.0,474.0,472.85,,474.0,,,617,290870.8,63,F1,1,,,,,
2025-08-28,2025-08-28,CM,NSE,STK,16888,INE0O0201019,URBAN,SM,,,,,URBAN ENVIRO WASTE MGMT L,153.05,156.85,152.0,156.2,156.55,153.45,,156.2,,,19200,2968360.0,24,F1,800,,,,,
2025-08-28,2025-08-28,CM,NSE,STK,20203,INE550C01020,URJA,EQ,,,,,URJA GLOBAL LIMITED,13.2,13.3,13.03,13.15,13.29,13.29,,13.15,,,677324,8912559.27,3341,F1,1,,,,,
2025-08-28,2025-08-28,CM,NSE,STK,25952,INE0LS001014,USHAFIN,SM,,,,,USHA FINANCIAL SERVICES L,43.4,43.45,43.35,43.35,43.35,44.15,,43.35,,,6400,277680.0,4,F1,1600,,,,,
2025-08-28,2025-08-28,CM,NSE,STK,19142,INE240C01028,UMESLTD,EQ,,,,,USHA MARTIN EDU & SOL LTD,5.95,5.95,5.63,5.85,5.85,5.87,,5.85,,,15136,87194.88,91,F1,1,,,,,
2025-08-28,2025-08-28,CM,NSE,STK,8840,INE228A01035,USHAMART,EQ,,,,,USHA MARTIN LTD.,382.05,390.0,378.35,384.35,384.0,386.55,,384.35,,,473015,181477497.2,14766,F1,1,,,,,
2025-08-28,2025-08-28,CM,NSE,STK,527,INE094J01016,UTIAMC,EQ,,,,,UTI ASSET MNGMT CO LTD,1348.0,1348.0,1293.1,1298.2,1295.0,1349.4,,1298.1,,,111464,146206842.5,12088,F1,1,,,,,
2025-08-28,2025-08-28,CM,NSE,STK,14535,INF789F1AUX7,GOLDSHARE,EQ,,,,,UTI GOLD ETF,87.0,87.0,84.95,85.5,85.45,84.9,,85.5,,,355297,30347199.0,1659,F1,1,,,,,
2025-08-28,2025-08-28,CM,NSE,STK,22524,INF789F1AZF3,NIF10GETF,EQ,,,,,UTIAMC - NIF10GETF,25.78,26.1,25.52,25.59,25.57,25.87,,25.59,,,12892,330185.35,75,F1,1,,,,,
2025-08-28,2025-08-28,CM,NSE,STK,22521,INF789F1AZE6,NIF5GETF,EQ,,,,,UTIAMC - NIF5GETF,62.25,63.0,62.23,62.23,62.23,62.25,,62.23,,,1127,70338.31,16,F1,1,,,,,
2025-08-28,2025-08-28,CM,NSE,STK,22488,INF789F1AZD8,NIFITETF,EQ,,,,,UTIAMC - NIFITETF,369.09,369.09,365.8,366.25,366.36,371.12,,366.25,,,2050,752178.46,62,F1,1,,,,,
2025-08-28,2025-08-28,CM,NSE,STK,18347,INF789F1AYX9,NIFMID150,EQ,,,,,UTIAMC - NIFMID150,214.35,214.35,210.38,210.9,210.82,213.28,,210.92,,,1863,393651.62,84,F1,1,,,,,
2025-08-28,2025-08-28,CM,NSE,STK,15085,INF789F1AYK6,SILVERETF,EQ,,,,,UTIAMC - SILVERETF,114.7,116.58,113.4,114.13,114.15,113.18,,114.13,,,505952,57680172.73,1742,F1,1,,,,,
2025-08-28,2025-08-28,CM,NSE,STK,22440,INF789F1AUV1,UTIBANKETF,EQ,,,,,UTIAMC - UTIBANKETF,56.68,56.68,55.55,55.59,55.71,56.15,,55.58,,,86783,4837829.98,878,F1,1,,,,,
2025-08-28,2025-08-28,CM,NSE,STK,21478,INF789F1AUW9,UTINEXT50,EQ,,,,,UTIAMC - UTINEXT50,71.98,71.99,70.5,70.81,70.5,71.64,,70.73,,,117268,8343026.88,1149,F1,1,,,,,
2025-08-28,2025-08-28,CM,NSE,STK,10511,INF789F1AZC0,UTINIFTETF,EQ,,,,,UTIAMC - UTINIFTETF,271.96,271.96,269.25,269.49,269.85,271.95,,269.49,,,531880,143469289.67,567,F1,1,,,,,
2025-08-28,2025-08-28,CM,NSE,STK,10515,INF789FB1X58,UTISENSETF,EQ,,,,,UTIAMC - UTISENSETF,888.34,888.34,879.06,881.16,883.44,888.34,,880.94,,,1450,1281197.51,129,F1,1,,,,,
2025-08-28,2025-08-28,CM,NSE,STK,9168,INF789F1AUU3,UTISXN50,EQ,,,,,UTIAMC - UTISXN50,89.59,89.59,87.83,87.84,88.11,89.15,,87.84,,,4932,434576.04,181,F1,1,,,,,
2025-08-28,2025-08-28,CM,NSE,STK,17358,INE735W01017,UTKARSHBNK,EQ,,,,,UTKARSH SMALL FIN BANK L,21.2,21.39,20.87,21.12,21.1,21.2,,21.12,,,729166,15406303.32,3863,F1,1,,,,,
2025-08-28,2025-08-28,CM,NSE,STK,24726,INE06IJ01010,UTSSAV,SM,,,,,UTSSAV CZ GOLD JEWELS LTD,190.0,197.0,190.0,195.5,195.5,194.0,,195.5,,,9000,1739460.0,13,F1,600,,,,,
2025-08-28,2025-08-28,CM,NSE,STK,13376,INE786F01031,UTTAMSUGAR,EQ,,,,,UTTAM SUGAR MILLS LTD.,261.2,281.25,257.5,276.05,275.6,263.15,,276.0,,,174834,47869394.65,4501,F1,1,,,,,
2025-08-28,2025-08-28,CM,NSE,STK,3188,INE0GXK01018,VMARCIND,SM,,,,,V MARC INDIA LIMITED,452.65,464.0,448.25,460.5,460.5,463.35,,460.5,,,6750,3084937.5,23,F1,250,,,,,
2025-08-28,2025-08-28,CM,NSE,STK,23018,INE0QQM01017,VR,SM,,,,,V R INFRASPACE LIMITED,196.0,196.0,196.0,196.0,196.0,197.0,,196.0,,,400,78400.0,1,F1,400,,,,,
2025-08-28,2025-08-28,CM,NSE,STK,15362,INE951I01027,VGUARD,EQ,,,,,V-GUARD IND LTD.,361.3,364.35,356.75,357.6,356.95,360.95,,357.6,,,100565,36248276.95,6687,F1,1,,,,,
2025-08-28,2025-08-28,CM,NSE,STK,24606,INE0QXL01015,VLINFRA,SM,,,,,V.L.INFRAPROJECTS LIMITED,37.3,37.3,35.6,36.55,36.55,36.65,,36.55,,,22500,817125.0,13,F1,1500,,,,,
2025-08-28,2025-08-28,CM,NSE,STK,14766,INE945H01013,V2RETAIL,EQ,,,,,V2 RETAIL LIMITED,1734.4,1758.2,1705.0,1736.5,1729.7,1716.1,,1736.6,,,54256,94021931.7,4552,F1,1,,,,,
2025-08-28,2025-08-28,CM,NSE,STK,20188,INE956G01038,WABAG,EQ,,,,,VA TECH WABAG LTD,1522.0,1523.6,1456.8,1475.5,1476.5,1522.2,,1475.5,,,291382,432598549.5,30387,F1,1,,,,,
2025-08-28,2025-08-28,CM,NSE,STK,24196,INE694D01016,VADILALIND,EQ,,,,,VADILAL INDUSTRIES LTD,4901.0,5200.0,4800.0,5100.0,5100.0,4932.5,,5100.0,,,25167,127960985.5,5454,F1,1,,,,,
2025-08-28,2025-08-28,CM,NSE,STK,11364,INE884A01027,VAIBHAVGBL,EQ,,,,,VAIBHAV GLOBAL LIMITED,206.1,215.75,203.0,211.24,211.0,207.71,,211.24,,,1128213,236620049.13,52223,F1,1,,,,,
2025-08-28,2025-08-28,CM,NSE,STK,8262,INE0JR301013,MADHAVBAUG,ST,,,,,VAIDYA SANE AYUR LAB LTD,280.0,282.95,273.85,282.95,282.95,288.25,,282.95,,,4000,1118400.0,10,F1,400,,,,,
2025-08-28,2025-08-28,CM,NSE,STK,16589,INE972X01022,VAISHALI,EQ,,,,,VAISHALI PHARMA LIMITED,12.34,12.75,12.16,12.34,12.2,11.89,,12.34,,,542310,6781102.9,1070,F1,1,,,,,
2025-08-28,2025-08-28,CM,NSE,STK,13342,INE051B01021,VAKRANGEE,EQ,,,,,VAKRANGEE LIMITED,8.7,8.8,8.27,8.36,8.37,8.63,,8.36,,,2998667,25444319.43,4438,F1,1,,,,,
2025-08-28,2025-08-28,CM,NSE,STK,19218,INE0JWS01017,VALIANTLAB,EQ,,,,,VALIANT LABORATORIES LTD,86.4,88.44,85.65,86.52,86.69,86.36,,86.51,,,18236,1584245.02,838,F1,1,,,,,
2025-08-28,2025-08-28,CM,NSE,STK,334,INE565V01010,VALIANTORG,BE,,,,,VALIANT ORGANICS LIMITED,330.0,345.9,330.0,338.0,336.0,335.95,,337.95,,,5790,1956478.0,163,F1,1,,,,,
2025-08-28,2025-08-28,CM,NSE,STK,18124,INE879I01012,DBREALTY,EQ,,,,,VALOR ESTATE LIMITED,167.52,173.9,167.52,170.1,170.65,169.3,,170.09,,,784913,133567832.63,12598,F1,1,,,,,
2025-08-28,2025-08-28,CM,NSE,STK,11220,INE116G01013,VARDHACRLC,EQ,,,,,VARDHAMAN ACRYLICS LTD,45.3,45.5,44.01,44.18,44.01,45.14,,44.18,,,27099,1210699.11,661,F1,1,,,,,
2025-08-28,2025-08-28,CM,NSE,STK,11892,INE701A01023,VHL,EQ,,,,,VARDHMAN HOLDINGS LIMITED,3785.0,3817.1,3748.5,3780.0,3810.0,3798.4,,3780.0,,,514,1939679.3,177,F1,1,,,,,
2025-08-28,2025-08-28,CM,NSE,STK,3646,INE835A01029,VARDMNPOLY,EQ,,,,,VARDHMAN POLYTEX LTD.,9.12,9.18,8.54,8.71,8.79,8.94,,8.72,,,465032,4114885.26,1273,F1,1,,,,,
2025-08-28,2025-08-28,CM,NSE,STK,27067,INE050M01012,VSSL,EQ,,,,,VARDHMAN SPC STEEL LTD,257.2,257.2,244.65,248.15,247.0,248.55,,248.2,,,47953,11987292.15,3690,F1,1,,,,,
2025-08-28,2025-08-28,CM,NSE,STK,2073,INE825A01020,VTL,EQ,,,,,VARDHMAN TEXTILES LIMITED,395.05,459.9,387.2,450.2,445.9,398.3,,450.2,,,25666810,11349868157.05,335169,F1,1,,,,,
2025-08-28,2025-08-28,CM,NSE,STK,3857,INE665L01035,VARROC,EQ,,,,,VARROC ENGINEERING LTD.,535.0,548.35,533.4,540.65,539.95,538.8,,540.7,,,53850,29178951.4,4475,F1,1,,,,,
2025-08-28,2025-08-28,CM,NSE,STK,18921,INE200M01039,VBL,EQ,,,,,VARUN BEVERAGES LIMITED,516.9,517.0,495.25,497.7,496.9,508.55,,497.7,,,5319711,2673354821.3,74726,F1,1,,,,,
2025-08-28,2025-08-28,CM,NSE,STK,16454,INE0N5801013,DENTALKART,SM,,,,,VASA DENTICITY LIMITED,601.0,615.0,600.0,609.0,609.0,600.65,,609.0,,,12750,7739675.0,33,F1,250,,,,,
2025-08-28,2025-08-28,CM,NSE,STK,18110,INE893I01013,VASCONEQ,EQ,,,,,VASCON ENGINEERS LTD,49.94,51.22,49.07,50.05,50.19,49.94,,50.05,,,522857,26226917.01,3786,F1,1,,,,,
2025-08-28,2025-08-28,CM,NSE,STK,25344,INE590L01019,VASWANI,BE,,,,,VASWANI IND LTD,57.0,57.28,54.02,57.07,57.28,54.56,,57.1,,,131430,7463878.24,447,F1,1,,,,,
2025-08-28,2025-08-28,CM,NSE,STK,9027,INE098201036,VCL,BE,,,,,VAXTEX COTFAB LIMITED,1.0,1.0,1.0,1.0,1.0,1.0,,1.0,,,62141,62141.0,50,F1,1,,,,,
2025-08-28,2025-08-28,CM,NSE,STK,757413,INE04HY07294,1025VCCL28,N0,,,,,VCCL 10.25% 2028,96100.0,96100.0,96100.0,96100.0,96100.0,100000.0,,96100.0,,,2,192200.0,1,F1,1,,,,,
2025-08-28,2025-08-28,CM,NSE,STK,756916,INE04HY07229,12VCCL29B,N0,,,,,VCCL 12% 2029,98000.0,98000.0,98000.0,98000.0,98000.0,98175.0,,98000.0,,,1,98000.0,1,F1,1,,,,,
2025-08-28,2025-08-28,CM,NSE,STK,25057,INE0U2M01015,VDEAL,ST,,,,,VDEAL SYSTEM LIMITED,205.05,207.5,205.05,207.5,207.5,203.0,,207.5,,,6000,1237320.0,5,F1,1200,,,,,
2025-08-28,2025-08-28,CM,NSE,STK,8167,INE825V01034,MANYAVAR,EQ,,,,,VEDANT FASHIONS LIMITED,746.75,762.0,736.0,756.6,755.0,758.05,,756.55,,,78783,59475671.25,10513,F1,1,,,,,
2025-08-28,2025-08-28,CM,NSE,STK,3063,INE205A01025,VEDL,EQ,,,,,VEDANTA LIMITED,428.2,429.8,421.1,424.5,425.05,428.2,,424.5,,,6955858,2959064441.25,67095,F1,1,,,,,
2025-08-28,2025-08-28,CM,NSE,STK,14019,INE484C01030,VEEDOL,EQ,,,,,VEEDOL CORPORATION LTD,1607.3,1619.0,1596.1,1615.3,1615.0,1623.4,,1615.0,,,8086,13022747.2,1166,F1,1,,,,,
2025-08-28,2025-08-28,CM,NSE,STK,3757,INE398A01010,VENKEYS,EQ,,,,,VENKY S (INDIA) LIMITED,1489.5,1489.5,1465.4,1475.8,1476.0,1485.1,,1475.7,,,16025,23657545.9,2783,F1,1,,,,,
2025-08-28,2025-08-28,CM,NSE,STK,28847,INE781S01027,VENTIVE,EQ,,,,,VENTIVE HOSPITALITY LTD,720.05,733.95,715.15,716.75,717.25,725.5,,716.75,,,47428,34116260.95,2800,F1,1,,,,,
2025-08-28,2025-08-28,CM,NSE,STK,9592,INE0JA001018,VENUSPIPES,EQ,,,,,VENUS PIPES & TUBES LTD,1261.9,1301.0,1200.0,1204.7,1214.0,1271.2,,1204.8,,,88302,108239156.5,13500,F1,1,,,,,
2025-08-28,2025-08-28,CM,NSE,STK,13856,INE411B01019,VENUSREM,BE,,,,,VENUS REMEDIES LIMITED,480.35,480.35,460.0,460.3,460.0,480.45,,460.25,,,12972,5990882.95,256,F1,1,,,,,
2025-08-28,2025-08-28,CM,NSE,STK,8890,INE0IQ001011,VERANDA,EQ,,,,,VERANDA LEARNING SOL LTD,232.25,237.4,221.4,223.57,221.99,231.47,,223.57,,,871734,199977624.57,9463,F1,1,,,,,
2025-08-28,2025-08-28,CM,NSE,STK,14503,INE0NLB01018,VERTEXPLUS,ST,,,,,VERTEXPLUS TECHNOLOGIES L,110.9,110.9,110.9,110.9,110.9,116.7,,110.9,,,2400,266160.0,4,F1,600,,,,,
2025-08-28,2025-08-28,CM,NSE,STK,18863,INE188Y01031,VERTOZ,EQ,,,,,VERTOZ LIMITED,78.1,79.69,76.9,77.68,77.8,78.9,,77.68,,,87217,6830297.03,1738,F1,1,,,,,
2025-08-28,2025-08-28,CM,NSE,STK,3676,INE386A01023,VESUVIUS,EQ,,,,,VESUVIUS INDIA LTD,508.85,516.15,494.6,495.85,496.45,508.85,,495.85,,,101594,51238479.7,7873,F1,1,,,,,
2025-08-28,2025-08-28,CM,NSE,STK,8652,INE918N01018,VETO,EQ,,,,,VETO SWITCHGEAR CABLE LTD,112.6,113.39,109.21,110.38,110.65,112.6,,110.38,,,22554,2509417.65,769,F1,1,,,,,
2025-08-28,2025-08-28,CM,NSE,STK,22730,INE0QTF01015,VSTL,EQ,,,,,VIBHOR STEEL TUBES LTD,162.11,162.99,157.05,158.22,157.61,164.25,,158.19,,,37856,6045498.33,1354,F1,1,,,,,
2025-08-28,2025-08-28,CM,NSE,STK,23386,INE048C01025,VHLTD,BE,,,,,VICEROY HOTELS LIMITED,119.8,120.0,115.05,115.16,115.16,116.85,,115.15,,,5437,635787.55,55,F1,1,,,,,
2025-08-28,2025-08-28,CM,NSE,STK,13536,INE632C01026,VIDHIING,EQ,,,,,VIDHI SPCLTY F INGRDNTS L,366.0,381.9,366.0,379.5,378.55,368.8,,379.5,,,23177,8721625.9,1660,F1,1,,,,,
2025-08-28,2025-08-28,CM,NSE,STK,5585,INE043W01024,VIJAYA,EQ,,,,,VIJAYA DIAGNOSTIC CEN LTD,1014.9,1015.3,981.0,995.0,990.0,1009.0,,995.0,,,295129,292110557.6,19382,F1,1,,,,,
2025-08-28,2025-08-28,CM,NSE,STK,17695,INE159N01027,VIJIFIN,BE,,,,,VIJI FINANCE LIMITED,3.41,3.41,3.4,3.4,3.4,3.47,,3.43,,,88516,301786.9,126,F1,1,,,,,
2025-08-28,2025-08-28,CM,NSE,STK,25756,INE806A01020,VIKASECO,EQ,,,,,VIKAS ECOTECH LIMITED,2.1,2.12,2.08,2.08,2.09,2.1,,2.08,,,2823300,5917799.18,1960,F1,1,,,,,
2025-08-28,2025-08-28,CM,NSE,STK,9931,INE161L01027,VIKASLIFE,EQ,,,,,VIKAS LIFECARE LIMITED,2.26,2.27,2.21,2.22,2.24,2.26,,2.22,,,3198023,7135796.31,10454,F1,1,,,,,
2025-08-28,2025-08-28,CM,NSE,STK,759453,INE078V01014,VIKRAMSOLR,EQ,,,,,VIKRAM SOLAR LIMITED,363.6,375.0,350.55,354.3,353.45,356.4,,354.3,,,23393115,8535902600.7,246165,F1,1,,,,,
2025-08-28,2025-08-28,CM,NSE,STK,23912,INE0AZY01017,VILAS,ST,,,,,VILAS TRANSCORE LIMITED,520.65,525.0,507.0,515.6,515.1,520.65,,515.6,,,9750,5063300.0,37,F1,250,,,,,
2025-08-28,2025-08-28,CM,NSE,STK,16954,INE0L4V01013,VILINBIO,SM,,,,,VILIN BIO MED LIMITED,25.75,26.9,25.75,26.9,26.9,25.75,,26.9,,,16000,421000.0,4,F1,4000,,,,,
2025-08-28,2025-08-28,CM,NSE,STK,13101,INE579C01029,VIMTALABS,EQ,,,,,VIMTA LABS LIMITED,631.25,663.0,625.35,657.75,659.05,631.25,,657.75,,,1119802,726190069.35,19642,F1,1,,,,,
2025-08-28,2025-08-28,CM,NSE,STK,17364,INE410B01037,VINATIORGA,EQ,,,,,VINATI ORGANICS LTD,1690.1,1735.0,1683.0,1727.9,1730.5,1713.8,,1727.9,,,34958,60137696.3,8066,F1,1,,,,,
2025-08-28,2025-08-28,CM,NSE,STK,3694,INE707A01012,VINDHYATEL,EQ,,,,,VINDHYA TELELINKS LTD,1480.0,1491.5,1455.8,1474.4,1468.1,1480.0,,1473.9,,,2807,4135469.8,940,F1,1,,,,,
2025-08-28,2025-08-28,CM,NSE,STK,3809,INE505Y01010,VINEETLAB,BE,,,,,VINEET LABORATORIES LTD,33.19,33.19,33.19,33.19,33.19,33.87,,34.09,,,4910,162962.9,12,F1,1,,,,,
2025-08-28,2025-08-28,CM,NSE,STK,12490,INE01KI01027,VINNY,EQ,,,,,VINNY OVERSEAS LIMITED,1.33,1.33,1.29,1.29,1.3,1.33,,1.29,,,254047,331011.19,384,F1,1,,,,,
2025-08-28,2025-08-28,CM,NSE,STK,17898,INE0OSJ01014,VINSYS,SM,,,,,VINSYS IT SERVICES IND LT,385.8,391.0,380.05,382.0,382.0,382.0,,382.0,,,82000,31529650.0,20,F1,500,,,,,
2025-08-28,2025-08-28,CM,NSE,STK,25835,INE498Q01014,VINCOFE,EQ,,,,,VINTAGE COFFEE N BVRGS L,152.0,152.4,147.05,147.69,147.4,153.18,,147.69,,,953805,142418656.74,8284,F1,1,,,,,
2025-08-28,2025-08-28,CM,NSE,STK,19206,INE0OLS01010,VINYAS,SM,,,,,VINYAS INNOVATIVE TECH L,1245.0,1245.0,1224.0,1224.35,1225.0,1241.3,,1224.35,,,3200,3950760.0,14,F1,200,,,,,
2025-08-28,2025-08-28,CM,NSE,STK,16824,INE250B01029,VINYLINDIA,BE,,,,,VINYL CHEMICALS (I) LTD.,271.45,274.1,271.4,271.5,271.4,271.4,,272.0,,,4246,1155195.6,113,F1,1,,,,,
2025-08-28,2025-08-28,CM,NSE,STK,14843,INE450G01024,VIPCLOTHNG,EQ,,,,,VIP CLOTHING LIMITED,36.5,36.5,35.45,35.5,35.6,36.24,,35.51,,,66714,2390507.42,643,F1,1,,,,,
2025-08-28,2025-08-28,CM,NSE,STK,3703,INE054A01027,VIPIND,EQ,,,,,VIP INDUSTRIES LTD,415.95,428.7,411.25,425.7,420.25,413.5,,425.65,,,535114,226704775.3,19544,F1,1,,,,,
2025-08-28,2025-08-28,CM,NSE,STK,8424,INE946H01037,VIPULLTD,EQ,,,,,VIPUL LIMITED,9.7,10.1,9.7,9.93,10.09,10.01,,9.93,,,38802,384826.76,395,F1,1,,,,,
2025-08-28,2025-08-28,CM,NSE,STK,15304,INE539B01017,VIRINCHI,BE,,,,,VIRINCHI LIMITED,28.96,29.0,28.15,28.37,28.3,28.96,,28.36,,,50319,1428675.42,136,F1,1,,,,,
2025-08-28,2025-08-28,CM,NSE,STK,757060,INE0VRH01015,VGINFOTECH,SM,,,,,VIRTUAL GALAXY INFOTECH L,178.7,178.7,172.45,174.35,174.0,177.45,,174.35,,,56000,9841950.0,44,F1,1000,,,,,
2025-08-28,2025-08-28,CM,NSE,STK,13298,INE286H01012,VISASTEEL,BE,,,,,VISA STEEL LIMITED,32.5,32.5,30.51,31.99,31.99,31.63,,31.17,,,168,5297.74,13,F1,1,,,,,
2025-08-28,2025-08-28,CM,NSE,STK,29877,INE370E01029,VIVIDHA,EQ,,,,,VISAGAR POLYTEX LTD,0.84,0.84,0.8,0.81,0.82,0.84,,0.81,,,222436,181910.49,273,F1,1,,,,,
2025-08-28,2025-08-28,CM,NSE,STK,8150,INE392A01021,VISAKAIND,BE,,,,,VISAKA INDUSTRIES LTD,84.45,84.45,82.5,82.68,82.89,83.49,,82.61,,,51251,4256738.35,307,F1,1,,,,,
2025-08-28,2025-08-28,CM,NSE,STK,24277,INE0BHK01012,VISAMAN,ST,,,,,VISAMAN GLOBAL SALES LTD,87.1,87.1,87.1,87.1,87.1,85.4,,87.1,,,3000,261300.0,1,F1,3000,,,,,
2025-08-28,2025-08-28,CM,NSE,STK,27969,INE01EA01019,VMM,EQ,,,,,VISHAL MEGA MART LIMITED,151.29,154.2,149.4,150.59,150.3,153.14,,150.58,,,32366115,4906522026.6,197139,F1,1,,,,,
2025-08-28,2025-08-28,CM,NSE,STK,6908,INE270I01022,VISHNU,EQ,,,,,VISHNU CHEMICALS LIMITED,506.0,506.0,493.6,496.75,495.25,500.75,,496.65,,,38917,19375295.85,2679,F1,1,,,,,
2025-08-28,2025-08-28,CM,NSE,STK,18341,INE0AE001013,VPRPL,EQ,,,,,VISHNU PRAKASH R PUNGLI L,145.1,146.69,137.6,138.54,138.67,146.61,,138.54,,,1318354,185588905.92,14782,F1,1,,,,,
2025-08-28,2025-08-28,CM,NSE,STK,19300,INE0PQ001012,VISHNUINFR,SM,,,,,VISHNUSURYA PROJ N INFR L,184.0,195.2,176.5,178.7,179.9,167.65,,178.7,,,144500,26617525.0,259,F1,500,,,,,
2025-08-28,2025-08-28,CM,NSE,STK,13702,INE430N01022,VISHWARAJ,EQ,,,,,VISHWARAJ SUGAR IND LTD,8.81,8.89,8.53,8.61,8.62,8.79,,8.61,,,191352,1654252.52,744,F1,1,,,,,
2025-08-28,2025-08-28,CM,NSE,STK,23370,INE0S2E01016,VISHWAS,SM,,,,,VISHWAS AGRI SEEDS LTD,63.45,63.45,63.0,63.0,63.0,62.4,,63.0,,,3200,202320.0,2,F1,1600,,,,,
2025-08-28,2025-08-28,CM,NSE,STK,25231,INE0TR001017,VIESL,SM,,,,,VISION INFRA EQUIP SOL L,172.0,172.0,170.0,170.0,170.0,172.0,,170.0,,,24800,4223280.0,29,F1,800,,,,,
2025-08-28,2025-08-28,CM,NSE,STK,11920,INE0L4K01016,VITAL,SM,,,,,VITAL CHEMTECH LIMITED,57.0,57.0,55.05,55.05,55.05,55.05,,55.05,,,10800,613260.0,9,F1,1200,,,,,
2025-08-28,2025-08-28,CM,NSE,STK,10970,INE0MEG01014,VIVIANA,ST,,,,,VIVIANA POWER TECH LTD,1197.95,1200.0,1166.05,1190.0,1190.0,1201.4,,1190.0,,,4875,5777318.75,36,F1,125,,,,,
2025-08-28,2025-08-28,CM,NSE,STK,18012,INE03HW01020,VLEGOV,EQ,,,,,VL E GOV AND IT SOL LTD,37.7,37.7,35.06,35.41,35.55,36.91,,35.36,,,350661,12516570.73,1972,F1,1,,,,,
2025-08-28,2025-08-28,CM,NSE,STK,3715,INE709A01018,VLSFINANCE,EQ,,,,,VLS FINANCE LTD,225.55,227.01,223.5,224.0,226.0,227.54,,223.92,,,18729,4211250.45,519,F1,1,,,,,
2025-08-28,2025-08-28,CM,NSE,STK,29284,INE665J01013,VMART,EQ,,,,,VMART RETAIL LTD,738.0,747.9,731.0,733.45,737.8,739.15,,733.4,,,105040,77531321.0,8105,F1,1,,,,,
2025-08-28,2025-08-28,CM,NSE,STK,14366,INE669E01016,IDEA,EQ,,,,,VODAFONE IDEA LIMITED,6.75,6.75,6.54,6.57,6.56,6.71,,6.57,,,630935008,4167129670.53,146101,F1,1,,,,,
2025-08-28,2025-08-28,CM,NSE,STK,756265,INE669E01016,IDEA,T0,,,,,VODAFONE IDEA LIMITED,6.65,6.65,6.6,6.57,6.6,6.71,,6.57,,,12,79.3,2,F1,1,,,,,
2025-08-28,2025-08-28,CM,NSE,STK,29661,INE241X01014,VOLERCAR,ST,,,,,VOLER CAR LIMITED,210.1,210.1,210.0,210.0,210.0,210.0,,210.0,,,17600,3696160.0,2,F1,1600,,,,,
2025-08-28,2025-08-28,CM,NSE,STK,13577,INE540H01012,VOLTAMP,EQ,,,,,VOLTAMP TRANSFORMERS LTD,7900.0,7988.5,7815.0,7896.5,7880.0,7894.5,,7896.5,,,13877,109681075.5,4851,F1,1,,,,,
2025-08-28,2025-08-28,CM,NSE,STK,3718,INE226A01021,VOLTAS,EQ,,,,,VOLTAS LTD,1347.3,1364.6,1334.1,1359.3,1360.4,1347.3,,1359.3,,,957868,1299908064.6,45659,F1,1,,,,,
2025-08-28,2025-08-28,CM,NSE,STK,24321,INE0S2V01010,VRAJ,EQ,,,,,VRAJ IRON AND STEEL LTD,151.2,152.75,147.62,148.78,147.72,150.67,,148.77,,,48151,7233220.51,1510,F1,1,,,,,
2025-08-28,2025-08-28,CM,NSE,STK,8696,INE366I01010,VRLLOG,EQ,,,,,VRL LOGISTICS LIMITED,279.45,279.5,267.2,268.95,270.65,277.25,,268.95,,,133487,36248410.6,8237,F1,1,,,,,
2025-08-28,2025-08-28,CM,NSE,STK,3724,INE710A01016,VSTIND,EQ,,,,,VST INDUSTRIES LTD,270.45,274.3,268.5,269.65,269.85,271.5,,269.65,,,134677,36485733.1,7537,F1,1,,,,,
2025-08-28,2025-08-28,CM,NSE,STK,24292,INE764D01017,VSTTILLERS,EQ,,,,,VST TILLERS TRACTORS LTD,5428.9,5435.0,5264.7,5291.4,5305.0,5386.6,,5291.3,,,13005,69354840.8,4453,F1,1,,,,,
2025-08-28,2025-08-28,CM,NSE,STK,14828,INE100D01014,WSI,EQ,,,,,W.S.INDUSTRIES (I) LTD.,77.65,79.26,76.16,76.42,76.5,76.23,,76.4,,,42333,3271788.85,877,F1,1,,,,,
2025-08-28,2025-08-28,CM,NSE,STK,25907,INE377N01017,WAAREEENER,EQ,,,,,WAAREE ENERGIES LIMITED,3298.0,3447.7,3275.0,3417.3,3393.8,3265.3,,3417.3,,,7117799,24012254531.5,424778,F1,1,,,,,
2025-08-28,2025-08-28,CM,NSE,STK,756038,INE299N01021,WAAREERTL,EQ,,,,,WAAREE RENEWABLE TECH LTD,1020.0,1051.0,1018.6,1037.5,1033.3,1024.6,,1037.5,,,257940,266867123.6,20059,F1,1,,,,,
2025-08-28,2025-08-28,CM,NSE,STK,9079,INE711A01022,WALCHANNAG,BE,,,,,WALCHANDNAGAR INDUSTRIES,176.1,179.99,173.35,175.16,174.0,176.2,,175.21,,,49869,8798673.63,644,F1,1,,,,,
2025-08-28,2025-08-28,CM,NSE,STK,14063,INE107F01022,WANBURY,EQ,,,,,WANBURY LIMITED,283.75,284.15,274.8,280.55,280.0,285.15,,280.6,,,205193,57132386.3,2482,F1,1,,,,,
2025-08-28,2025-08-28,CM,NSE,STK,9862,INE082W01014,WEWIN,EQ,,,,,WE WIN LIMITED,51.0,51.98,51.0,51.96,51.98,51.06,,51.96,,,2798,144516.8,26,F1,1,,,,,
2025-08-28,2025-08-28,CM,NSE,STK,1923,INE658T01017,WEALTH,EQ,,,,,WEALTH FRST PORT. MG. LTD,1248.0,1248.0,1210.2,1218.4,1218.0,1233.7,,1218.4,,,2032,2481628.4,285,F1,1,,,,,
2025-08-28,2025-08-28,CM,NSE,STK,14602,INE855C01015,WEBELSOLAR,EQ,,,,,WEBSOL ENERGY SYSTEM LTD,1302.0,1350.0,1277.6,1291.4,1299.9,1253.2,,1291.4,,,410285,535919224.1,22034,F1,1,,,,,
2025-08-28,2025-08-28,CM,NSE,STK,3748,INE080A01014,WEIZMANIND,EQ,,,,,WEIZMANN LTD,108.01,108.01,104.0,107.93,107.94,107.75,,107.93,,,3136,335551.71,92,F1,1,,,,,
2025-08-28,2025-08-28,CM,NSE,STK,11821,INE191B01025,WELCORP,EQ,,,,,WELSPUN CORP LIMITED,865.2,879.2,860.6,874.2,872.55,874.35,,874.2,,,321199,279945933.4,23483,F1,1,,,,,
2025-08-28,2025-08-28,CM,NSE,STK,11626,INE625G01013,WELENT,EQ,,,,,WELSPUN ENTERPRISES LTD.,462.15,468.3,459.0,462.9,461.8,467.95,,462.8,,,90425,41931415.35,6186,F1,1,,,,,
2025-08-28,2025-08-28,CM,NSE,STK,19804,INE389K01018,WELINV,BE,,,,,WELSPUN INV & COMM LTD,929.8,930.8,885.5,894.4,929.8,929.8,,894.4,,,398,361704.4,33,F1,1,,,,,
2025-08-28,2025-08-28,CM,NSE,STK,11253,INE192B01031,WELSPUNLIV,EQ,,,,,WELSPUN LIVING LIMITED,112.38,114.79,111.45,112.95,113.0,114.28,,112.95,,,2224094,251345650.71,20796,F1,1,,,,,
2025-08-28,2025-08-28,CM,NSE,STK,4235,INE274C01019,WENDT,EQ,,,,,WENDT (INDIA) LIMITED,9872.0,10050.0,9775.0,9903.0,9876.0,9896.5,,9902.5,,,11209,111507489.5,3590,F1,1,,,,,
2025-08-28,2025-08-28,CM,NSE,STK,3799,INE976A01021,WSTCSTPAPR,EQ,,,,,WEST COAST PAPER MILLS LT,520.95,521.0,502.45,505.65,508.15,520.1,,505.7,,,146274,74671314.75,7400,F1,1,,,,,
2025-08-28,2025-08-28,CM,NSE,STK,25403,INE0CJF01024,WCIL,EQ,,,,,WESTERN CARRIERS (IND) L,128.0,128.89,122.1,123.24,123.79,128.43,,123.19,,,333781,42024804.64,4757,F1,1,,,,,
2025-08-28,2025-08-28,CM,NSE,STK,11580,INE274F01020,WESTLIFE,EQ,,,,,WESTLIFE FOODWORLD LTD,702.0,733.95,696.6,721.5,713.2,708.15,,721.5,,,136814,98436009.2,12105,F1,1,,,,,
2025-08-28,2025-08-28,CM,NSE,STK,3766,INE715A01015,WHEELS,EQ,,,,,WHEELS INDIA LTD,737.7,760.0,731.35,740.8,738.0,740.2,,740.75,,,10346,7714261.65,1875,F1,1,,,,,
2025-08-28,2025-08-28,CM,NSE,STK,18011,INE716A01013,WHIRLPOOL,EQ,,,,,WHIRLPOOL OF INDIA LTD,1286.9,1307.1,1267.0,1301.6,1300.0,1285.0,,1301.6,,,65921,85441070.2,7122,F1,1,,,,,
2025-08-28,2025-08-28,CM,NSE,STK,3772,INE210A01017,WILLAMAGOR,EQ,,,,,WILLIAMSON MAGOR,32.51,34.0,32.5,33.07,33.02,33.4,,33.07,,,2067,68014.27,45,F1,1,,,,,
2025-08-28,2025-08-28,CM,NSE,STK,5366,INE0H5O01029,WINDLAS,EQ,,,,,WINDLAS BIOTECH LIMITED,959.0,1002.0,959.0,994.2,997.25,986.3,,994.15,,,33107,32715818.75,4834,F1,1,,,,,
2025-08-28,2025-08-28,CM,NSE,STK,24969,INE052A01021,WINDMACHIN,EQ,,,,,WINDSOR MACHINES LIMITED,327.8,339.0,315.05,317.75,319.0,332.8,,317.75,,,167166,55315378.3,4662,F1,1,,,,,
2025-08-28,2025-08-28,CM,NSE,STK,23717,INE0S3D01016,WINSOL,ST,,,,,WINSOL ENGINEERS LIMITED,204.65,207.35,196.25,207.35,207.35,204.85,,207.35,,,17600,3576560.0,42,F1,400,,,,,
2025-08-28,2025-08-28,CM,NSE,STK,14757,INE784B01035,WINSOME,BZ,,,,,WINSOME YARNS LIMITED,2.04,2.04,2.0,2.03,2.04,2.0,,2.03,,,118309,240894.96,35,F1,1,,,,,
2025-08-28,2025-08-28,CM,NSE,STK,3787,INE075A01022,WIPRO,EQ,,,,,WIPRO LTD,252.02,252.35,249.08,250.65,249.98,252.03,,250.65,,,5851451,1467339477.79,68338,F1,1,,,,,
2025-08-28,2025-08-28,CM,NSE,STK,22725,INE623Y01011,WTICAB,SM,,,,,WISE TRAVEL INDIA LIMITED,176.0,181.0,172.35,179.85,179.9,176.0,,179.85,,,19000,3390375.0,34,F1,500,,,,,
2025-08-28,2025-08-28,CM,NSE,STK,7506,INE049B01025,WOCKPHARMA,EQ,,,,,WOCKHARDT LIMITED,1471.0,1489.0,1420.9,1426.3,1428.5,1470.2,,1426.3,,,328928,479321854.9,20847,F1,1,,,,,
2025-08-28,2025-08-28,CM,NSE,STK,25602,INE0OO201011,WOL3D,SM,,,,,WOL 3D INDIA LIMITED,140.95,142.0,140.0,141.95,142.0,138.55,,141.95,,,9000,1274650.0,9,F1,1000,,,,,
2025-08-28,2025-08-28,CM,NSE,STK,19627,INE0Q9601016,WOMANCART,SM,,,,,WOMANCART LIMITED,271.9,271.9,266.0,269.55,269.75,266.75,,269.55,,,27200,7330460.0,46,F1,400,,,,,
2025-08-28,2025-08-28,CM,NSE,STK,7835,INE02WG01024,WEL,EQ,,,,,WONDER ELECTRICALS LTD,131.26,136.89,130.9,132.44,133.0,131.19,,132.4,,,317896,42534931.0,5593,F1,1,,,,,
2025-08-28,2025-08-28,CM,NSE,STK,3002,INE066O01014,WONDERLA,EQ,,,,,WONDERLA HOLIDAYS LTD.,625.0,626.95,612.3,615.1,613.5,623.05,,615.1,,,37694,23296057.75,5192,F1,1,,,,,
2025-08-28,2025-08-28,CM,NSE,STK,22277,INE196Y01018,WORTH,EQ,,,,,WORTH PERIPHERALS LIMITED,150.0,153.59,149.1,149.74,151.45,151.11,,149.74,,,11029,1660606.66,588,F1,1,,,,,
2025-08-28,2025-08-28,CM,NSE,STK,11705,INE692G01013,XCHANGING,EQ,,,,,XCHANGING SOLUTIONS LTD,89.1,89.1,86.5,86.83,86.55,88.89,,86.82,,,75328,6604523.07,1559,F1,1,,,,,
2025-08-28,2025-08-28,CM,NSE,STK,8477,INE01P501012,XELPMOC,EQ,,,,,XELPMOC DESIGN & TECH LTD,89.88,96.85,87.01,94.15,93.73,88.9,,93.99,,,74010,6877630.82,1970,F1,1,,,,,
2025-08-28,2025-08-28,CM,NSE,STK,11407,INE445C01015,XPROINDIA,EQ,,,,,XPRO INDIA LIMITED,1100.1,1137.8,1100.1,1104.7,1113.1,1116.9,,1104.7,,,19856,22245709.2,2444,F1,1,,,,,
2025-08-28,2025-08-28,CM,NSE,STK,25235,INE547B01028,XTGLOBAL,EQ,,,,,XTGLOBAL INFOTECH LIMITED,35.0,36.55,33.31,34.34,34.95,34.98,,34.34,,,44444,1554136.6,982,F1,1,,,,,
2025-08-28,2025-08-28,CM,NSE,STK,25003,INE126M01010,YAARI,BE,,,,,YAARI DIGI INT SER LTD,15.5,16.0,15.5,15.75,16.0,16.05,,15.75,,,5395,84825.25,40,F1,1,,,,,
2025-08-28,2025-08-28,CM,NSE,STK,23451,INE0TO601017,YASHOPTICS,SM,,,,,YASH OPTICS & LENS LTD,114.1,138.0,114.1,129.9,129.8,115.0,,129.9,,,577600,75706160.0,301,F1,1600,,,,,
2025-08-28,2025-08-28,CM,NSE,STK,18131,INE616Z01012,YASHO,EQ,,,,,YASHO INDUSTRIES LIMITED,1820.0,1920.0,1760.0,1892.6,1888.0,1812.4,,1892.3,,,39762,74509793.5,7828,F1,1,,,,,
2025-08-28,2025-08-28,CM,NSE,STK,17627,INE08S201019,YCCL,SM,,,,,YASONS CHEMEX CARE LTD,12.85,12.85,12.0,12.05,12.05,12.15,,12.05,,,87000,1049850.0,27,F1,3000,,,,,
2025-08-28,2025-08-28,CM,NSE,STK,17738,INE0JO301016,YATHARTH,EQ,,,,,YATHARTH HOSP & TRA C S L,708.0,714.0,690.15,706.0,708.5,707.1,,706.0,,,319190,224986454.75,14122,F1,1,,,,,
2025-08-28,2025-08-28,CM,NSE,STK,18760,INE0JR601024,YATRA,EQ,,,,,YATRA ONLINE LIMITED,149.0,150.5,146.0,146.73,146.5,147.92,,146.75,,,1308771,193898394.11,10569,F1,1,,,,,
2025-08-28,2025-08-28,CM,NSE,STK,11915,INE528G01035,YESBANK,EQ,,,,,YES BANK LIMITED,19.0,19.03,18.65,18.68,18.71,18.95,,18.68,,,68889791,1298192025.66,78610,F1,1,,,,,
2025-08-28,2025-08-28,CM,NSE,STK,18040,INE09FA01019,YUDIZ,SM,,,,,YUDIZ SOLUTIONS LIMITED,28.95,28.95,28.8,28.8,28.8,30.3,,28.8,,,3200,92320.0,4,F1,800,,,,,
2025-08-28,2025-08-28,CM,NSE,STK,5501,INE384C01016,YUKEN,EQ,,,,,YUKEN INDIA LIMITED,982.0,995.0,956.9,986.8,982.0,973.7,,986.8,,,2890,2830190.9,585,F1,1,,,,,
2025-08-28,2025-08-28,CM,NSE,STK,23976,INE0ISZ01012,ZTECH,SM,,,,,Z-TECH (INDIA) LIMITED,526.15,533.0,503.0,512.95,511.0,526.15,,512.95,,,54600,27869415.0,136,F1,300,,,,,
2025-08-28,2025-08-28,CM,NSE,STK,18608,INE07K301024,ZAGGLE,EQ,,,,,ZAGGLE PREPA OCEAN SER L,399.0,405.75,392.4,395.0,396.0,396.9,,395.0,,,462533,183463570.9,15275,F1,1,,,,,
2025-08-28,2025-08-28,CM,NSE,STK,17766,INE0PPS01018,ZEAL,SM,,,,,ZEAL GLOBAL SERVICES LTD,120.0,120.0,120.0,120.0,120.0,120.0,,120.0,,,600,72000.0,1,F1,600,,,,,
2025-08-28,2025-08-28,CM,NSE,STK,3812,INE256A01028,ZEEL,EQ,,,,,ZEE ENTERTAINMENT ENT LTD,118.24,119.95,117.23,118.21,118.65,118.23,,118.21,,,4935382,585715636.31,30468,F1,1,,,,,
2025-08-28,2025-08-28,CM,NSE,STK,20856,INE565L01011,ZEELEARN,BE,,,,,ZEE LEARN LIMITED,9.47,9.47,8.81,9.28,9.33,9.27,,9.28,,,257838,2369145.27,441,F1,1,,,,,
2025-08-28,2025-08-28,CM,NSE,STK,14003,INE966H01019,ZEEMEDIA,EQ,,,,,ZEE MEDIA CORPORATION LTD,12.53,12.74,12.27,12.53,12.64,12.54,,12.53,,,1624988,20313107.18,2308,F1,1,,,,,
2025-08-28,2025-08-28,CM,NSE,STK,7508,INE251B01027,ZENTEC,EQ,,,,,ZEN TECHNOLOGIES LIMITED,1499.8,1507.5,1445.1,1459.7,1450.0,1504.1,,1459.4,,,303715,449231444.5,16275,F1,1,,,,,
2025-08-28,2025-08-28,CM,NSE,STK,22803,INE0QWN01013,ZENITHDRUG,SM,,,,,ZENITH DRUGS LIMITED,66.4,71.75,66.35,70.8,70.8,68.95,,70.8,,,6400,445160.0,8,F1,800,,,,,
2025-08-28,2025-08-28,CM,NSE,STK,4176,INE058B01018,ZENITHEXPO,EQ,,,,,ZENITH EXPORTS LTD,225.0,235.0,220.0,228.8,228.1,231.49,,231.89,,,199,45344.09,27,F1,1,,,,,
2025-08-28,2025-08-28,CM,NSE,STK,14566,INE318D01020,ZENITHSTL,BE,,,,,ZENITH STEEL PIP IND LTD,8.0,8.0,7.4,7.68,7.84,7.75,,7.68,,,90623,697070.65,293,F1,1,,,,,
2025-08-28,2025-08-28,CM,NSE,STK,1076,INE520A01027,ZENSARTECH,EQ,,,,,ZENSAR TECHNOLOGIES  LTD,804.55,804.55,775.0,778.2,775.7,804.55,,778.2,,,255845,201344522.9,16520,F1,1,,,,,
2025-08-28,2025-08-28,CM,NSE,STK,22901,INF0R8F01042,GOLDCASE,EQ,,,,,ZERODHAAMC - GOLDCASE,16.11,16.11,15.53,16.03,16.04,15.93,,16.03,,,2531696,40507704.61,3661,F1,1,,,,,
2025-08-28,2025-08-28,CM,NSE,STK,21750,INF0R8F01034,LIQUIDCASE,EQ,,,,,ZERODHAAMC - LIQUIDCASE,110.81,110.81,109.65,110.15,110.15,110.15,,110.15,,,10826098,1192586856.57,8153,F1,1,,,,,
2025-08-28,2025-08-28,CM,NSE,STK,758705,INF0R8F01133,LTGILTCASE,EQ,,,,,ZERODHAAMC - LTGILTCASE,29.0,29.22,28.92,29.21,29.22,29.09,,29.21,,,50957,1487896.41,42,F1,1,,,,,
2025-08-28,2025-08-28,CM,NSE,STK,24077,INF0R8F01059,MID150CASE,EQ,,,,,ZERODHAAMC - MID150CASE,10.69,10.69,10.31,10.41,10.45,10.54,,10.41,,,1666153,17398459.4,6366,F1,1,,,,,
2025-08-28,2025-08-28,CM,NSE,STK,30274,INF0R8F01091,SILVERCASE,EQ,,,,,ZERODHAAMC - SILVERCASE,12.22,12.22,11.87,11.96,11.97,11.86,,11.96,,,2502970,29892837.98,1982,F1,1,,,,,
2025-08-28,2025-08-28,CM,NSE,STK,24081,INF0R8F01067,TOP100CASE,EQ,,,,,ZERODHAAMC - TOP100CASE,10.87,10.87,10.23,10.46,10.48,10.55,,10.46,,,689368,7225710.41,1758,F1,1,,,,,
2025-08-28,2025-08-28,CM,NSE,STK,16915,INE342J01019,ZFCVINDIA,EQ,,,,,ZF COM VE CTR SYS IND LTD,14270.0,14370.0,14005.0,14131.0,14005.0,14270.0,,14128.0,,,3438,48540335.0,1916,F1,1,,,,,
2025-08-28,2025-08-28,CM,NSE,STK,12384,INE518E01015,ZIMLAB,EQ,,,,,ZIM LABORATORIES LIMITED,74.65,76.0,72.8,73.62,73.99,74.15,,73.62,,,53063,3912436.2,1187,F1,1,,,,,
2025-08-28,2025-08-28,CM,NSE,STK,27144,INE0UIZ01018,BLACKBUCK,EQ,,,,,ZINKA LOGISTICS SOL LTD,640.75,641.0,609.05,615.6,615.0,641.75,,615.6,,,786409,489753850.85,19059,F1,1,,,,,
2025-08-28,2025-08-28,CM,NSE,STK,3821,INE206B01013,ZODIACLOTH,EQ,,,,,ZODIAC CLOTHING CO. LTD.,96.95,98.4,95.23,96.69,97.1,97.04,,96.71,,,5968,577190.86,332,F1,1,,,,,
2025-08-28,2025-08-28,CM,NSE,STK,7138,INE761Y01019,ZODIAC,BE,,,,,ZODIAC ENERGY LIMITED,395.0,396.55,385.0,388.7,390.0,393.15,,388.6,,,5037,1959427.2,458,F1,1,,,,,
2025-08-28,2025-08-28,CM,NSE,STK,11394,INE358U01012,ZOTA,EQ,,,,,ZOTA HEALTH CARE LIMITED,1191.0,1230.0,1143.8,1201.8,1210.0,1204.3,,1201.8,,,42161,50714031.9,6100,F1,1,,,,,
2025-08-28,2025-08-28,CM,NSE,STK,29050,INE840M01016,ZUARI,EQ,,,,,ZUARI AGRO CHEMICALS LTD,381.0,386.45,371.0,378.65,377.4,382.75,,378.65,,,483858,184403789.35,9739,F1,1,,,,,
2025-08-28,2025-08-28,CM,NSE,STK,3827,INE217A01012,ZUARIIND,EQ,,,,,ZUARI INDUSTRIES LIMITED,327.75,333.0,317.0,318.15,318.15,322.7,,318.15,,,170047,55296038.75,5221,F1,1,,,,,
2025-08-28,2025-08-28,CM,NSE,STK,7929,INE010B01027,ZYDUSLIFE,EQ,,,,,ZYDUS LIFESCIENCES LTD,987.85,990.55,968.4,978.6,977.5,987.85,,978.6,,,1108790,1083653740.05,35996,F1,1,,,,,
2025-08-28,2025-08-28,CM,NSE,STK,17635,INE768C01010,ZYDUSWELL,EQ,,,,,ZYDUS WELLNESS LIMITED,2026.3,2041.2,1992.9,2031.0,2027.0,2012.6,,2031.0,,,34530,69971313.3,7268,F1,1,,,,,
